manifest,date,utm,epsg_raster,epsg_vector,tif_exists,n_points,inside_pct,time_match,sog_med,len_med,status
SAR_Ship_Chip_20210101_UTM09N_EPSG32609_10m.manifest.json,20210101,9,32609,32609,1,3,100.0,3/3,9.43,179.0,ok
SAR_Ship_Chip_20210101_UTM10N_EPSG32610_10m.manifest.json,20210101,10,32610,32610,1,122,100.0,122/122,0.0,139.5,ok
SAR_Ship_Chip_20210101_UTM11N_EPSG32611_10m.manifest.json,20210101,11,32611,32611,1,19,100.0,19/19,0.15,183.0,ok
SAR_Ship_Chip_20210101_UTM16N_EPSG32616_10m.manifest.json,20210101,16,32616,32616,1,198,100.0,198/198,0.0,84.0,ok
SAR_Ship_Chip_20210101_UTM17N_EPSG32617_10m.manifest.json,20210101,17,32617,32617,1,7,100.0,7/7,2.27,192.0,ok
SAR_Ship_Chip_20210101_UTM18N_EPSG32618_10m.manifest.json,20210101,18,32618,32618,1,95,100.0,95/95,0.0,197.0,ok
SAR_Ship_Chip_20210102_UTM10N_EPSG32610_10m.manifest.json,20210102,10,32610,32610,1,60,100.0,60/60,0.05,177.5,ok
SAR_Ship_Chip_20210102_UTM16N_EPSG32616_10m.manifest.json,20210102,16,32616,32616,1,4,100.0,4/4,2.0,94.0,ok
SAR_Ship_Chip_20210102_UTM17N_EPSG32617_10m.manifest.json,20210102,17,32617,32617,1,34,100.0,34/34,2.77,260.0,ok
SAR_Ship_Chip_20210103_UTM04N_EPSG32604_10m.manifest.json,20210103,4,32604,32604,1,16,100.0,16/16,0.0,59.5,ok
SAR_Ship_Chip_20210103_UTM09N_EPSG32609_10m.manifest.json,20210103,9,32609,32609,1,3,100.0,3/3,0.1,75.0,ok
SAR_Ship_Chip_20210103_UTM10N_EPSG32610_10m.manifest.json,20210103,10,32610,32610,1,12,100.0,12/12,11.2,182.5,ok
SAR_Ship_Chip_20210103_UTM18N_EPSG32618_10m.manifest.json,20210103,18,32618,32618,1,119,100.0,119/119,0.0,38.0,ok
SAR_Ship_Chip_20210103_UTM19N_EPSG32619_10m.manifest.json,20210103,19,32619,32619,1,3,100.0,3/3,10.9,231.0,ok
SAR_Ship_Chip_20210103_UTM20N_EPSG32620_10m.manifest.json,20210103,20,32620,32620,1,47,100.0,47/47,0.4,117.0,ok
SAR_Ship_Chip_20210104_UTM04N_EPSG32604_10m.manifest.json,20210104,4,32604,32604,1,3,100.0,3/3,20.15,217.0,ok
SAR_Ship_Chip_20210109_UTM18N_EPSG32618_10m.manifest.json,20210109,18,32618,32618,1,1,100.0,1/1,16.64,84.0,ok
SAR_Ship_Chip_20210110_UTM04N_EPSG32604_10m.manifest.json,20210110,4,32604,32604,1,2,100.0,2/2,8.37,131.5,ok
SAR_Ship_Chip_20210110_UTM10N_EPSG32610_10m.manifest.json,20210110,10,32610,32610,1,224,100.0,224/224,0.01,139.0,ok
SAR_Ship_Chip_20210110_UTM12N_EPSG32612_10m.manifest.json,20210110,12,32612,32612,1,2,100.0,2/2,11.38,182.0,ok
SAR_Ship_Chip_20210110_UTM16N_EPSG32616_10m.manifest.json,20210110,16,32616,32616,1,19,100.0,19/19,9.7,192.0,ok
SAR_Ship_Chip_20210110_UTM18N_EPSG32618_10m.manifest.json,20210110,18,32618,32618,1,8,100.0,8/8,0.0,112.5,ok
SAR_Ship_Chip_20210110_UTM19N_EPSG32619_10m.manifest.json,20210110,19,32619,32619,1,92,100.0,92/92,0.0,69.0,ok
SAR_Ship_Chip_20210110_UTM20N_EPSG32620_10m.manifest.json,20210110,20,32620,32620,1,6,100.0,6/6,0.85,171.0,ok
SAR_Ship_Chip_20210105_UTM19N_EPSG32619_10m.manifest.json,20210105,19,32619,32619,1,42,100.0,42/42,0.0,44.5,ok
SAR_Ship_Chip_20210105_UTM20N_EPSG32620_10m.manifest.json,20210105,20,32620,32620,1,36,100.0,36/36,0.1,64.5,ok
SAR_Ship_Chip_20210106_UTM04N_EPSG32604_10m.manifest.json,20210106,4,32604,32604,1,21,100.0,21/21,0.02,63.0,ok
SAR_Ship_Chip_20210106_UTM09N_EPSG32609_10m.manifest.json,20210106,9,32609,32609,1,9,100.0,9/9,8.1,177.0,ok
SAR_Ship_Chip_20210106_UTM11N_EPSG32611_10m.manifest.json,20210106,11,32611,32611,1,163,100.0,163/163,0.1,210.0,ok
SAR_Ship_Chip_20210106_UTM15N_EPSG32615_10m.manifest.json,20210106,15,32615,32615,1,91,100.0,91/91,0.0,62.0,ok
SAR_Ship_Chip_20210106_UTM17N_EPSG32617_10m.manifest.json,20210106,17,32617,32617,1,21,100.0,21/21,9.3,189.0,ok
SAR_Ship_Chip_20210107_UTM05N_EPSG32605_10m.manifest.json,20210107,5,32605,32605,1,1,100.0,1/1,15.2,199.0,ok
SAR_Ship_Chip_20210107_UTM11N_EPSG32611_10m.manifest.json,20210107,11,32611,32611,1,29,100.0,29/29,0.89,199.0,ok
SAR_Ship_Chip_20210107_UTM12N_EPSG32612_10m.manifest.json,20210107,12,32612,32612,1,1,100.0,1/1,17.49,189.0,ok
SAR_Ship_Chip_20210107_UTM15N_EPSG32615_10m.manifest.json,20210107,15,32615,32615,1,1,100.0,1/1,0.0,68.0,ok
SAR_Ship_Chip_20210107_UTM16N_EPSG32616_10m.manifest.json,20210107,16,32616,32616,1,41,100.0,41/41,0.0,99.0,ok
SAR_Ship_Chip_20210107_UTM17N_EPSG32617_10m.manifest.json,20210107,17,32617,32617,1,1,100.0,1/1,19.32,260.0,ok
SAR_Ship_Chip_20210108_UTM04N_EPSG32604_10m.manifest.json,20210108,4,32604,32604,1,1,100.0,1/1,15.8,289.0,ok
SAR_Ship_Chip_20210108_UTM10N_EPSG32610_10m.manifest.json,20210108,10,32610,32610,1,267,100.0,267/267,0.0,84.0,ok
SAR_Ship_Chip_20210108_UTM11N_EPSG32611_10m.manifest.json,20210108,11,32611,32611,1,6,100.0,6/6,14.7,207.5,ok
SAR_Ship_Chip_20210104_UTM05N_EPSG32605_10m.manifest.json,20210104,5,32605,32605,1,1,100.0,1/1,18.6,276.0,ok
SAR_Ship_Chip_20210104_UTM10N_EPSG32610_10m.manifest.json,20210104,10,32610,32610,1,114,100.0,114/114,0.01,96.5,ok
SAR_Ship_Chip_20210104_UTM15N_EPSG32615_10m.manifest.json,20210104,15,32615,32615,1,185,100.0,185/185,0.0,154.0,ok
SAR_Ship_Chip_20210104_UTM17N_EPSG32617_10m.manifest.json,20210104,17,32617,32617,1,191,100.0,191/191,0.0,49.0,ok
SAR_Ship_Chip_20210105_UTM04N_EPSG32604_10m.manifest.json,20210105,4,32604,32604,1,1,100.0,1/1,14.44,217.0,ok
SAR_Ship_Chip_20210105_UTM10N_EPSG32610_10m.manifest.json,20210105,10,32610,32610,1,236,100.0,236/236,0.0,82.0,ok
SAR_Ship_Chip_20210105_UTM11N_EPSG32611_10m.manifest.json,20210105,11,32611,32611,1,90,100.0,90/90,0.1,212.5,ok
SAR_Ship_Chip_20210105_UTM17N_EPSG32617_10m.manifest.json,20210105,17,32617,32617,1,6,100.0,6/6,4.04,176.0,ok
SAR_Ship_Chip_20210111_UTM04N_EPSG32604_10m.manifest.json,20210111,4,32604,32604,1,2,100.0,2/2,6.6,150.5,ok
SAR_Ship_Chip_20210111_UTM10N_EPSG32610_10m.manifest.json,20210111,10,32610,32610,1,5,100.0,5/5,11.7,262.0,ok
SAR_Ship_Chip_20210111_UTM11N_EPSG32611_10m.manifest.json,20210111,11,32611,32611,1,106,100.0,106/106,0.09,209.0,ok
SAR_Ship_Chip_20210111_UTM14N_EPSG32614_10m.manifest.json,20210111,14,32614,32614,1,2,100.0,2/2,2.91,123.0,ok
SAR_Ship_Chip_20210111_UTM15N_EPSG32615_10m.manifest.json,20210111,15,32615,32615,1,239,100.0,239/239,0.0,129.0,ok
SAR_Ship_Chip_20210111_UTM17N_EPSG32617_10m.manifest.json,20210111,17,32617,32617,1,162,100.0,162/162,0.0,91.0,ok
SAR_Ship_Chip_20210112_UTM04N_EPSG32604_10m.manifest.json,20210112,4,32604,32604,1,20,100.0,20/20,0.01,56.0,ok
SAR_Ship_Chip_20210112_UTM11N_EPSG32611_10m.manifest.json,20210112,11,32611,32611,1,186,100.0,186/186,0.1,211.5,ok
SAR_Ship_Chip_20210108_UTM16N_EPSG32616_10m.manifest.json,20210108,16,32616,32616,1,5,100.0,5/5,11.4,214.0,ok
SAR_Ship_Chip_20210108_UTM18N_EPSG32618_10m.manifest.json,20210108,18,32618,32618,1,89,100.0,89/89,0.0,180.0,ok
SAR_Ship_Chip_20210108_UTM19N_EPSG32619_10m.manifest.json,20210108,19,32619,32619,1,20,100.0,20/20,11.36,175.0,ok
SAR_Ship_Chip_20210109_UTM04N_EPSG32604_10m.manifest.json,20210109,4,32604,32604,1,17,100.0,17/17,0.02,63.0,ok
SAR_Ship_Chip_20210109_UTM10N_EPSG32610_10m.manifest.json,20210109,10,32610,32610,1,57,100.0,57/57,0.0,179.0,ok
SAR_Ship_Chip_20210109_UTM14N_EPSG32614_10m.manifest.json,20210109,14,32614,32614,1,44,100.0,44/44,0.0,180.5,ok
SAR_Ship_Chip_20210109_UTM16N_EPSG32616_10m.manifest.json,20210109,16,32616,32616,1,22,100.0,22/22,0.0,63.0,ok
SAR_Ship_Chip_20210109_UTM17N_EPSG32617_10m.manifest.json,20210109,17,32617,32617,1,46,100.0,46/46,0.08,43.5,ok
SAR_Ship_Chip_20210112_UTM17N_EPSG32617_10m.manifest.json,20210112,17,32617,32617,1,3,100.0,3/3,14.0,139.0,ok
SAR_Ship_Chip_20210112_UTM19N_EPSG32619_10m.manifest.json,20210112,19,32619,32619,1,6,100.0,6/6,10.7,113.5,ok
SAR_Ship_Chip_20210112_UTM20N_EPSG32620_10m.manifest.json,20210112,20,32620,32620,1,1,100.0,1/1,14.3,183.0,ok
SAR_Ship_Chip_20210113_UTM05N_EPSG32605_10m.manifest.json,20210113,5,32605,32605,1,2,100.0,2/2,9.27,35.5,ok
SAR_Ship_Chip_20210113_UTM09N_EPSG32609_10m.manifest.json,20210113,9,32609,32609,1,7,100.0,7/7,11.86,189.0,ok
SAR_Ship_Chip_20210113_UTM10N_EPSG32610_10m.manifest.json,20210113,10,32610,32610,1,139,100.0,139/139,0.1,148.0,ok
SAR_Ship_Chip_20210113_UTM11N_EPSG32611_10m.manifest.json,20210113,11,32611,32611,1,22,100.0,22/22,0.59,186.0,ok
SAR_Ship_Chip_20210113_UTM16N_EPSG32616_10m.manifest.json,20210113,16,32616,32616,1,259,100.0,259/259,0.0,92.0,ok
SAR_Ship_Chip_20210115_UTM10N_EPSG32610_10m.manifest.json,20210115,10,32610,32610,1,16,100.0,16/16,11.7,135.0,ok
SAR_Ship_Chip_20210115_UTM18N_EPSG32618_10m.manifest.json,20210115,18,32618,32618,1,137,100.0,137/137,0.0,38.0,ok
SAR_Ship_Chip_20210115_UTM19N_EPSG32619_10m.manifest.json,20210115,19,32619,32619,1,12,100.0,12/12,8.9,115.0,ok
SAR_Ship_Chip_20210115_UTM20N_EPSG32620_10m.manifest.json,20210115,20,32620,32620,1,48,100.0,48/48,0.45,92.5,ok
SAR_Ship_Chip_20210116_UTM04N_EPSG32604_10m.manifest.json,20210116,4,32604,32604,1,1,100.0,1/1,0.2,26.0,ok
SAR_Ship_Chip_20210116_UTM05N_EPSG32605_10m.manifest.json,20210116,5,32605,32605,1,2,100.0,2/2,2.46,36.0,ok
SAR_Ship_Chip_20210116_UTM10N_EPSG32610_10m.manifest.json,20210116,10,32610,32610,1,133,100.0,133/133,0.0,183.0,ok
SAR_Ship_Chip_20210116_UTM15N_EPSG32615_10m.manifest.json,20210116,15,32615,32615,1,139,100.0,139/139,0.0,141.0,ok
SAR_Ship_Chip_20210118_UTM09N_EPSG32609_10m.manifest.json,20210118,9,32609,32609,1,9,100.0,9/9,12.01,199.0,ok
SAR_Ship_Chip_20210118_UTM11N_EPSG32611_10m.manifest.json,20210118,11,32611,32611,1,112,100.0,112/112,0.1,228.0,ok
SAR_Ship_Chip_20210118_UTM15N_EPSG32615_10m.manifest.json,20210118,15,32615,32615,1,98,100.0,98/98,0.06,54.5,ok
SAR_Ship_Chip_20210118_UTM17N_EPSG32617_10m.manifest.json,20210118,17,32617,32617,1,11,100.0,11/11,0.04,71.0,ok
SAR_Ship_Chip_20210119_UTM05N_EPSG32605_10m.manifest.json,20210119,5,32605,32605,1,2,100.0,2/2,5.8,31.0,ok
SAR_Ship_Chip_20210119_UTM11N_EPSG32611_10m.manifest.json,20210119,11,32611,32611,1,19,100.0,19/19,0.0,103.0,ok
SAR_Ship_Chip_20210119_UTM15N_EPSG32615_10m.manifest.json,20210119,15,32615,32615,1,1,100.0,1/1,0.0,68.0,ok
SAR_Ship_Chip_20210119_UTM17N_EPSG32617_10m.manifest.json,20210119,17,32617,32617,1,4,100.0,4/4,13.25,213.5,ok
SAR_Ship_Chip_20210117_UTM05N_EPSG32605_10m.manifest.json,20210117,5,32605,32605,1,2,100.0,2/2,8.72,102.5,ok
SAR_Ship_Chip_20210117_UTM10N_EPSG32610_10m.manifest.json,20210117,10,32610,32610,1,248,100.0,248/248,0.0,97.5,ok
SAR_Ship_Chip_20210117_UTM11N_EPSG32611_10m.manifest.json,20210117,11,32611,32611,1,95,100.0,95/95,0.03,221.0,ok
SAR_Ship_Chip_20210117_UTM15N_EPSG32615_10m.manifest.json,20210117,15,32615,32615,1,74,100.0,74/74,0.0,149.0,ok
SAR_Ship_Chip_20210117_UTM17N_EPSG32617_10m.manifest.json,20210117,17,32617,32617,1,4,100.0,4/4,0.0,71.0,ok
SAR_Ship_Chip_20210117_UTM19N_EPSG32619_10m.manifest.json,20210117,19,32619,32619,1,39,100.0,39/39,0.0,70.0,ok
SAR_Ship_Chip_20210117_UTM20N_EPSG32620_10m.manifest.json,20210117,20,32620,32620,1,45,100.0,45/45,0.1,69.0,ok
SAR_Ship_Chip_20210118_UTM04N_EPSG32604_10m.manifest.json,20210118,4,32604,32604,1,18,100.0,18/18,0.0,59.5,ok
SAR_Ship_Chip_20210120_UTM10N_EPSG32610_10m.manifest.json,20210120,10,32610,32610,1,212,100.0,212/212,0.0,99.5,ok
SAR_Ship_Chip_20210120_UTM16N_EPSG32616_10m.manifest.json,20210120,16,32616,32616,1,2,100.0,2/2,0.0,168.0,ok
SAR_Ship_Chip_20210120_UTM18N_EPSG32618_10m.manifest.json,20210120,18,32618,32618,1,90,100.0,90/90,0.0,182.0,ok
SAR_Ship_Chip_20210120_UTM19N_EPSG32619_10m.manifest.json,20210120,19,32619,32619,1,24,100.0,24/24,9.47,168.0,ok
SAR_Ship_Chip_20210121_UTM04N_EPSG32604_10m.manifest.json,20210121,4,32604,32604,1,15,100.0,15/15,0.1,56.0,ok
SAR_Ship_Chip_20210121_UTM10N_EPSG32610_10m.manifest.json,20210121,10,32610,32610,1,53,100.0,53/53,0.0,42.0,ok
SAR_Ship_Chip_20210121_UTM14N_EPSG32614_10m.manifest.json,20210121,14,32614,32614,1,35,100.0,35/35,0.0,99.0,ok
SAR_Ship_Chip_20210121_UTM16N_EPSG32616_10m.manifest.json,20210121,16,32616,32616,1,11,100.0,11/11,0.0,36.0,ok
SAR_Ship_Chip_20210113_UTM17N_EPSG32617_10m.manifest.json,20210113,17,32617,32617,1,2,100.0,2/2,0.05,126.5,ok
SAR_Ship_Chip_20210113_UTM18N_EPSG32618_10m.manifest.json,20210113,18,32618,32618,1,82,100.0,82/82,0.0,190.0,ok
SAR_Ship_Chip_20210113_UTM19N_EPSG32619_10m.manifest.json,20210113,19,32619,32619,1,1,100.0,1/1,10.3,121.0,ok
SAR_Ship_Chip_20210114_UTM10N_EPSG32610_10m.manifest.json,20210114,10,32610,32610,1,72,100.0,72/72,0.01,179.0,ok
SAR_Ship_Chip_20210114_UTM16N_EPSG32616_10m.manifest.json,20210114,16,32616,32616,1,2,100.0,2/2,0.0,94.0,ok
SAR_Ship_Chip_20210114_UTM17N_EPSG32617_10m.manifest.json,20210114,17,32617,32617,1,12,100.0,12/12,9.92,251.5,ok
SAR_Ship_Chip_20210115_UTM04N_EPSG32604_10m.manifest.json,20210115,4,32604,32604,1,18,100.0,18/18,0.0,59.5,ok
SAR_Ship_Chip_20210115_UTM09N_EPSG32609_10m.manifest.json,20210115,9,32609,32609,1,16,100.0,16/16,8.91,227.0,ok
SAR_Ship_Chip_20210121_UTM17N_EPSG32617_10m.manifest.json,20210121,17,32617,32617,1,62,100.0,62/62,1.74,125.5,ok
SAR_Ship_Chip_20210122_UTM04N_EPSG32604_10m.manifest.json,20210122,4,32604,32604,1,2,100.0,2/2,4.3,33.0,ok
SAR_Ship_Chip_20210122_UTM10N_EPSG32610_10m.manifest.json,20210122,10,32610,32610,1,223,100.0,223/223,0.0,90.0,ok
SAR_Ship_Chip_20210122_UTM15N_EPSG32615_10m.manifest.json,20210122,15,32615,32615,1,6,100.0,6/6,0.33,71.5,ok
SAR_Ship_Chip_20210122_UTM16N_EPSG32616_10m.manifest.json,20210122,16,32616,32616,1,5,100.0,5/5,0.0,73.0,ok
SAR_Ship_Chip_20210122_UTM18N_EPSG32618_10m.manifest.json,20210122,18,32618,32618,1,6,100.0,6/6,0.0,35.0,ok
SAR_Ship_Chip_20210122_UTM19N_EPSG32619_10m.manifest.json,20210122,19,32619,32619,1,107,100.0,107/107,0.0,70.0,ok
SAR_Ship_Chip_20210122_UTM20N_EPSG32620_10m.manifest.json,20210122,20,32620,32620,1,4,100.0,4/4,0.7,244.0,ok
SAR_Ship_Chip_20210123_UTM04N_EPSG32604_10m.manifest.json,20210123,4,32604,32604,1,1,100.0,1/1,11.42,204.0,ok
SAR_Ship_Chip_20210123_UTM11N_EPSG32611_10m.manifest.json,20210123,11,32611,32611,1,92,100.0,92/92,0.1,209.0,ok
SAR_Ship_Chip_20210123_UTM14N_EPSG32614_10m.manifest.json,20210123,14,32614,32614,1,5,100.0,5/5,0.0,190.0,ok
SAR_Ship_Chip_20210123_UTM15N_EPSG32615_10m.manifest.json,20210123,15,32615,32615,1,255,100.0,255/255,0.0,145.0,ok
SAR_Ship_Chip_20210123_UTM17N_EPSG32617_10m.manifest.json,20210123,17,32617,32617,1,169,100.0,169/169,0.06,122.0,ok
SAR_Ship_Chip_20210124_UTM04N_EPSG32604_10m.manifest.json,20210124,4,32604,32604,1,16,100.0,16/16,0.03,46.0,ok
SAR_Ship_Chip_20210124_UTM17N_EPSG32617_10m.manifest.json,20210124,17,32617,32617,1,6,100.0,6/6,10.91,187.5,ok
SAR_Ship_Chip_20210124_UTM19N_EPSG32619_10m.manifest.json,20210124,19,32619,32619,1,4,100.0,4/4,11.19,112.0,ok
SAR_Ship_Chip_20210124_UTM20N_EPSG32620_10m.manifest.json,20210124,20,32620,32620,1,1,100.0,1/1,4.77,292.0,ok
SAR_Ship_Chip_20210125_UTM09N_EPSG32609_10m.manifest.json,20210125,9,32609,32609,1,5,100.0,5/5,11.42,224.0,ok
SAR_Ship_Chip_20210125_UTM10N_EPSG32610_10m.manifest.json,20210125,10,32610,32610,1,133,100.0,133/133,0.03,139.0,ok
SAR_Ship_Chip_20210125_UTM11N_EPSG32611_10m.manifest.json,20210125,11,32611,32611,1,16,100.0,16/16,0.0,143.0,ok
SAR_Ship_Chip_20210125_UTM16N_EPSG32616_10m.manifest.json,20210125,16,32616,32616,1,293,100.0,293/293,0.0,91.0,ok
SAR_Ship_Chip_20210125_UTM17N_EPSG32617_10m.manifest.json,20210125,17,32617,32617,1,12,100.0,12/12,0.0,222.0,ok
SAR_Ship_Chip_20210125_UTM18N_EPSG32618_10m.manifest.json,20210125,18,32618,32618,1,86,100.0,86/86,0.0,180.0,ok
SAR_Ship_Chip_20210125_UTM19N_EPSG32619_10m.manifest.json,20210125,19,32619,32619,1,1,100.0,1/1,0.0,139.0,ok
SAR_Ship_Chip_20210129_UTM11N_EPSG32611_10m.manifest.json,20210129,11,32611,32611,1,110,100.0,110/110,0.1,210.0,ok
SAR_Ship_Chip_20210129_UTM15N_EPSG32615_10m.manifest.json,20210129,15,32615,32615,1,84,100.0,84/84,0.0,169.0,ok
SAR_Ship_Chip_20210129_UTM16N_EPSG32616_10m.manifest.json,20210129,16,32616,32616,1,2,100.0,2/2,11.7,280.0,ok
SAR_Ship_Chip_20210129_UTM17N_EPSG32617_10m.manifest.json,20210129,17,32617,32617,1,1,100.0,1/1,0.0,73.0,ok
SAR_Ship_Chip_20210129_UTM19N_EPSG32619_10m.manifest.json,20210129,19,32619,32619,1,36,100.0,36/36,0.04,71.0,ok
SAR_Ship_Chip_20210129_UTM20N_EPSG32620_10m.manifest.json,20210129,20,32620,32620,1,33,100.0,33/33,0.1,78.0,ok
SAR_Ship_Chip_20210130_UTM09N_EPSG32609_10m.manifest.json,20210130,9,32609,32609,1,9,100.0,9/9,10.45,199.0,ok
SAR_Ship_Chip_20210130_UTM11N_EPSG32611_10m.manifest.json,20210130,11,32611,32611,1,196,100.0,196/196,0.01,253.0,ok
SAR_Ship_Chip_20210126_UTM10N_EPSG32610_10m.manifest.json,20210126,10,32610,32610,1,54,100.0,54/54,0.0,179.0,ok
SAR_Ship_Chip_20210126_UTM14N_EPSG32614_10m.manifest.json,20210126,14,32614,32614,1,13,100.0,13/13,0.2,183.0,ok
SAR_Ship_Chip_20210126_UTM16N_EPSG32616_10m.manifest.json,20210126,16,32616,32616,1,6,100.0,6/6,0.01,94.0,ok
SAR_Ship_Chip_20210126_UTM17N_EPSG32617_10m.manifest.json,20210126,17,32617,32617,1,56,100.0,56/56,1.8,227.5,ok
SAR_Ship_Chip_20210127_UTM04N_EPSG32604_10m.manifest.json,20210127,4,32604,32604,1,16,100.0,16/16,0.01,59.5,ok
SAR_Ship_Chip_20210127_UTM09N_EPSG32609_10m.manifest.json,20210127,9,32609,32609,1,4,100.0,4/4,10.98,253.5,ok
SAR_Ship_Chip_20210127_UTM10N_EPSG32610_10m.manifest.json,20210127,10,32610,32610,1,17,100.0,17/17,9.22,183.0,ok
SAR_Ship_Chip_20210127_UTM18N_EPSG32618_10m.manifest.json,20210127,18,32618,32618,1,126,100.0,126/126,0.03,38.0,ok
SAR_Ship_Chip_20210130_UTM15N_EPSG32615_10m.manifest.json,20210130,15,32615,32615,1,120,100.0,120/120,0.2,79.5,ok
SAR_Ship_Chip_20210130_UTM17N_EPSG32617_10m.manifest.json,20210130,17,32617,32617,1,8,100.0,8/8,3.94,180.0,ok
SAR_Ship_Chip_20210130_UTM18N_EPSG32618_10m.manifest.json,20210130,18,32618,32618,1,1,100.0,1/1,13.78,333.0,ok
SAR_Ship_Chip_20210131_UTM04N_EPSG32604_10m.manifest.json,20210131,4,32604,32604,1,1,100.0,1/1,11.85,288.0,ok
SAR_Ship_Chip_20210131_UTM05N_EPSG32605_10m.manifest.json,20210131,5,32605,32605,1,2,100.0,2/2,1.41,28.0,ok
SAR_Ship_Chip_20210131_UTM11N_EPSG32611_10m.manifest.json,20210131,11,32611,32611,1,17,100.0,17/17,0.3,183.0,ok
SAR_Ship_Chip_20210131_UTM15N_EPSG32615_10m.manifest.json,20210131,15,32615,32615,1,1,100.0,1/1,0.1,68.0,ok
SAR_Ship_Chip_20210131_UTM16N_EPSG32616_10m.manifest.json,20210131,16,32616,32616,1,63,100.0,63/63,0.2,97.0,ok
SAR_Ship_Chip_20210127_UTM19N_EPSG32619_10m.manifest.json,20210127,19,32619,32619,1,3,100.0,3/3,10.95,199.0,ok
SAR_Ship_Chip_20210127_UTM20N_EPSG32620_10m.manifest.json,20210127,20,32620,32620,1,36,100.0,36/36,0.09,59.5,ok
SAR_Ship_Chip_20210128_UTM04N_EPSG32604_10m.manifest.json,20210128,4,32604,32604,1,2,100.0,2/2,14.48,141.5,ok
SAR_Ship_Chip_20210128_UTM10N_EPSG32610_10m.manifest.json,20210128,10,32610,32610,1,123,100.0,123/123,0.04,100.0,ok
SAR_Ship_Chip_20210128_UTM15N_EPSG32615_10m.manifest.json,20210128,15,32615,32615,1,172,100.0,172/172,0.0,165.0,ok
SAR_Ship_Chip_20210128_UTM17N_EPSG32617_10m.manifest.json,20210128,17,32617,32617,1,219,100.0,219/219,0.0,52.0,ok
SAR_Ship_Chip_20210129_UTM04N_EPSG32604_10m.manifest.json,20210129,4,32604,32604,1,1,100.0,1/1,0.4,100.0,ok
SAR_Ship_Chip_20210129_UTM10N_EPSG32610_10m.manifest.json,20210129,10,32610,32610,1,216,100.0,216/216,0.0,100.0,ok
SAR_Ship_Chip_20210202_UTM10N_EPSG32610_10m.manifest.json,20210202,10,32610,32610,1,67,100.0,67/67,0.0,177.0,ok
SAR_Ship_Chip_20210202_UTM14N_EPSG32614_10m.manifest.json,20210202,14,32614,32614,1,43,100.0,43/43,0.0,64.0,ok
SAR_Ship_Chip_20210202_UTM16N_EPSG32616_10m.manifest.json,20210202,16,32616,32616,1,6,100.0,6/6,0.0,45.0,ok
SAR_Ship_Chip_20210202_UTM17N_EPSG32617_10m.manifest.json,20210202,17,32617,32617,1,46,100.0,46/46,0.13,57.5,ok
SAR_Ship_Chip_20210203_UTM04N_EPSG32604_10m.manifest.json,20210203,4,32604,32604,1,1,100.0,1/1,14.23,272.0,ok
SAR_Ship_Chip_20210203_UTM05N_EPSG32605_10m.manifest.json,20210203,5,32605,32605,1,2,100.0,2/2,7.29,78.0,ok
SAR_Ship_Chip_20210203_UTM10N_EPSG32610_10m.manifest.json,20210203,10,32610,32610,1,263,100.0,263/263,0.02,177.0,ok
SAR_Ship_Chip_20210203_UTM12N_EPSG32612_10m.manifest.json,20210203,12,32612,32612,1,3,100.0,3/3,14.9,329.0,ok
SAR_Ship_Chip_20210203_UTM16N_EPSG32616_10m.manifest.json,20210203,16,32616,32616,1,6,100.0,6/6,0.0,55.0,ok
SAR_Ship_Chip_20210203_UTM18N_EPSG32618_10m.manifest.json,20210203,18,32618,32618,1,7,100.0,7/7,0.0,39.0,ok
SAR_Ship_Chip_20210203_UTM19N_EPSG32619_10m.manifest.json,20210203,19,32619,32619,1,81,100.0,81/81,0.07,70.0,ok
SAR_Ship_Chip_20210203_UTM20N_EPSG32620_10m.manifest.json,20210203,20,32620,32620,1,6,100.0,6/6,1.23,151.0,ok
SAR_Ship_Chip_20210204_UTM11N_EPSG32611_10m.manifest.json,20210204,11,32611,32611,1,92,100.0,92/92,0.04,209.5,ok
SAR_Ship_Chip_20210204_UTM14N_EPSG32614_10m.manifest.json,20210204,14,32614,32614,1,2,100.0,2/2,6.99,122.5,ok
SAR_Ship_Chip_20210204_UTM15N_EPSG32615_10m.manifest.json,20210204,15,32615,32615,1,312,100.0,312/312,0.0,169.0,ok
SAR_Ship_Chip_20210204_UTM17N_EPSG32617_10m.manifest.json,20210204,17,32617,32617,1,149,100.0,149/149,0.1,91.0,ok
SAR_Ship_Chip_20210131_UTM17N_EPSG32617_10m.manifest.json,20210131,17,32617,32617,1,3,100.0,3/3,15.3,139.0,ok
SAR_Ship_Chip_20210131_UTM19N_EPSG32619_10m.manifest.json,20210131,19,32619,32619,1,1,100.0,1/1,2.52,198.0,ok
SAR_Ship_Chip_20210201_UTM04N_EPSG32604_10m.manifest.json,20210201,4,32604,32604,1,1,100.0,1/1,12.02,189.0,ok
SAR_Ship_Chip_20210201_UTM10N_EPSG32610_10m.manifest.json,20210201,10,32610,32610,1,211,100.0,211/211,0.0,116.0,ok
SAR_Ship_Chip_20210201_UTM11N_EPSG32611_10m.manifest.json,20210201,11,32611,32611,1,5,100.0,5/5,15.72,208.0,ok
SAR_Ship_Chip_20210201_UTM18N_EPSG32618_10m.manifest.json,20210201,18,32618,32618,1,92,100.0,92/92,0.0,179.5,ok
SAR_Ship_Chip_20210201_UTM19N_EPSG32619_10m.manifest.json,20210201,19,32619,32619,1,14,100.0,14/14,0.57,136.0,ok
SAR_Ship_Chip_20210202_UTM04N_EPSG32604_10m.manifest.json,20210202,4,32604,32604,1,16,100.0,16/16,0.0,59.5,ok
SAR_Ship_Chip_20210205_UTM04N_EPSG32604_10m.manifest.json,20210205,4,32604,32604,1,21,100.0,21/21,0.0,56.0,ok
SAR_Ship_Chip_20210205_UTM11N_EPSG32611_10m.manifest.json,20210205,11,32611,32611,1,94,100.0,94/94,0.01,245.5,ok
SAR_Ship_Chip_20210205_UTM17N_EPSG32617_10m.manifest.json,20210205,17,32617,32617,1,2,100.0,2/2,14.95,213.5,ok
SAR_Ship_Chip_20210205_UTM19N_EPSG32619_10m.manifest.json,20210205,19,32619,32619,1,4,100.0,4/4,12.35,112.0,ok
SAR_Ship_Chip_20210205_UTM20N_EPSG32620_10m.manifest.json,20210205,20,32620,32620,1,2,100.0,2/2,10.5,269.5,ok
SAR_Ship_Chip_20210206_UTM05N_EPSG32605_10m.manifest.json,20210206,5,32605,32605,1,5,100.0,5/5,10.6,100.0,ok
SAR_Ship_Chip_20210206_UTM09N_EPSG32609_10m.manifest.json,20210206,9,32609,32609,1,3,100.0,3/3,15.03,180.0,ok
SAR_Ship_Chip_20210206_UTM10N_EPSG32610_10m.manifest.json,20210206,10,32610,32610,1,35,100.0,35/35,0.1,180.0,ok
SAR_Ship_Chip_20210208_UTM09N_EPSG32609_10m.manifest.json,20210208,9,32609,32609,1,9,100.0,9/9,9.09,179.0,ok
SAR_Ship_Chip_20210208_UTM10N_EPSG32610_10m.manifest.json,20210208,10,32610,32610,1,9,100.0,9/9,12.1,189.0,ok
SAR_Ship_Chip_20210208_UTM14N_EPSG32614_10m.manifest.json,20210208,14,32614,32614,1,1,100.0,1/1,11.3,189.0,ok
SAR_Ship_Chip_20210208_UTM18N_EPSG32618_10m.manifest.json,20210208,18,32618,32618,1,12,100.0,12/12,4.5,209.0,ok
SAR_Ship_Chip_20210208_UTM20N_EPSG32620_10m.manifest.json,20210208,20,32620,32620,1,1,100.0,1/1,10.98,177.0,ok
SAR_Ship_Chip_20210209_UTM10N_EPSG32610_10m.manifest.json,20210209,10,32610,32610,1,147,100.0,147/147,0.04,177.0,ok
SAR_Ship_Chip_20210209_UTM15N_EPSG32615_10m.manifest.json,20210209,15,32615,32615,1,169,100.0,169/169,0.0,154.0,ok
SAR_Ship_Chip_20210209_UTM17N_EPSG32617_10m.manifest.json,20210209,17,32617,32617,1,205,100.0,205/205,0.0,52.0,ok
SAR_Ship_Chip_20210206_UTM11N_EPSG32611_10m.manifest.json,20210206,11,32611,32611,1,26,100.0,26/26,0.2,194.5,ok
SAR_Ship_Chip_20210206_UTM16N_EPSG32616_10m.manifest.json,20210206,16,32616,32616,1,230,100.0,230/230,0.0,79.0,ok
SAR_Ship_Chip_20210206_UTM17N_EPSG32617_10m.manifest.json,20210206,17,32617,32617,1,9,100.0,9/9,0.0,222.0,ok
SAR_Ship_Chip_20210206_UTM18N_EPSG32618_10m.manifest.json,20210206,18,32618,32618,1,32,100.0,32/32,0.02,194.5,ok
SAR_Ship_Chip_20210207_UTM04N_EPSG32604_10m.manifest.json,20210207,4,32604,32604,1,1,100.0,1/1,9.2,199.0,ok
SAR_Ship_Chip_20210207_UTM10N_EPSG32610_10m.manifest.json,20210207,10,32610,32610,1,68,100.0,68/68,0.08,179.5,ok
SAR_Ship_Chip_20210207_UTM16N_EPSG32616_10m.manifest.json,20210207,16,32616,32616,1,6,100.0,6/6,1.42,65.5,ok
SAR_Ship_Chip_20210207_UTM17N_EPSG32617_10m.manifest.json,20210207,17,32617,32617,1,23,100.0,23/23,9.2,231.0,ok
SAR_Ship_Chip_20210211_UTM11N_EPSG32611_10m.manifest.json,20210211,11,32611,32611,1,200,100.0,200/200,0.0,209.5,ok
SAR_Ship_Chip_20210211_UTM15N_EPSG32615_10m.manifest.json,20210211,15,32615,32615,1,65,100.0,65/65,0.0,57.0,ok
SAR_Ship_Chip_20210211_UTM17N_EPSG32617_10m.manifest.json,20210211,17,32617,32617,1,23,100.0,23/23,0.0,136.0,ok
SAR_Ship_Chip_20210212_UTM05N_EPSG32605_10m.manifest.json,20210212,5,32605,32605,1,2,100.0,2/2,4.83,31.0,ok
SAR_Ship_Chip_20210212_UTM11N_EPSG32611_10m.manifest.json,20210212,11,32611,32611,1,12,100.0,12/12,0.0,59.0,ok
SAR_Ship_Chip_20210212_UTM15N_EPSG32615_10m.manifest.json,20210212,15,32615,32615,1,1,100.0,1/1,0.08,68.0,ok
SAR_Ship_Chip_20210212_UTM16N_EPSG32616_10m.manifest.json,20210212,16,32616,32616,1,47,100.0,47/47,0.0,129.0,ok
SAR_Ship_Chip_20210212_UTM17N_EPSG32617_10m.manifest.json,20210212,17,32617,32617,1,4,100.0,4/4,11.3,164.5,ok
SAR_Ship_Chip_20210210_UTM10N_EPSG32610_10m.manifest.json,20210210,10,32610,32610,1,212,100.0,212/212,0.0,99.5,ok
SAR_Ship_Chip_20210210_UTM11N_EPSG32611_10m.manifest.json,20210210,11,32611,32611,1,115,100.0,115/115,0.09,208.0,ok
SAR_Ship_Chip_20210210_UTM15N_EPSG32615_10m.manifest.json,20210210,15,32615,32615,1,56,100.0,56/56,0.0,30.0,ok
SAR_Ship_Chip_20210210_UTM17N_EPSG32617_10m.manifest.json,20210210,17,32617,32617,1,3,100.0,3/3,0.0,73.0,ok
SAR_Ship_Chip_20210210_UTM19N_EPSG32619_10m.manifest.json,20210210,19,32619,32619,1,40,100.0,40/40,0.0,68.5,ok
SAR_Ship_Chip_20210210_UTM20N_EPSG32620_10m.manifest.json,20210210,20,32620,32620,1,36,100.0,36/36,0.09,66.0,ok
SAR_Ship_Chip_20210211_UTM04N_EPSG32604_10m.manifest.json,20210211,4,32604,32604,1,20,100.0,20/20,0.07,46.5,ok
SAR_Ship_Chip_20210211_UTM09N_EPSG32609_10m.manifest.json,20210211,9,32609,32609,1,3,100.0,3/3,11.7,199.0,ok
SAR_Ship_Chip_20210212_UTM19N_EPSG32619_10m.manifest.json,20210212,19,32619,32619,1,1,100.0,1/1,12.54,185.0,ok
SAR_Ship_Chip_20210213_UTM10N_EPSG32610_10m.manifest.json,20210213,10,32610,32610,1,213,100.0,213/213,0.0,100.0,ok
SAR_Ship_Chip_20210213_UTM16N_EPSG32616_10m.manifest.json,20210213,16,32616,32616,1,2,100.0,2/2,0.0,223.5,ok
SAR_Ship_Chip_20210213_UTM18N_EPSG32618_10m.manifest.json,20210213,18,32618,32618,1,85,100.0,85/85,0.07,180.0,ok
SAR_Ship_Chip_20210213_UTM19N_EPSG32619_10m.manifest.json,20210213,19,32619,32619,1,16,100.0,16/16,9.53,137.5,ok
SAR_Ship_Chip_20210214_UTM04N_EPSG32604_10m.manifest.json,20210214,4,32604,32604,1,21,100.0,21/21,0.1,56.0,ok
SAR_Ship_Chip_20210214_UTM10N_EPSG32610_10m.manifest.json,20210214,10,32610,32610,1,66,100.0,66/66,0.0,179.0,ok
SAR_Ship_Chip_20210214_UTM14N_EPSG32614_10m.manifest.json,20210214,14,32614,32614,1,43,100.0,43/43,0.07,141.0,ok
SAR_Ship_Chip_20210214_UTM16N_EPSG32616_10m.manifest.json,20210214,16,32616,32616,1,9,100.0,9/9,0.0,34.0,ok
SAR_Ship_Chip_20210214_UTM17N_EPSG32617_10m.manifest.json,20210214,17,32617,32617,1,50,100.0,50/50,0.12,108.5,ok
SAR_Ship_Chip_20210215_UTM04N_EPSG32604_10m.manifest.json,20210215,4,32604,32604,1,2,100.0,2/2,9.8,154.0,ok
SAR_Ship_Chip_20210215_UTM10N_EPSG32610_10m.manifest.json,20210215,10,32610,32610,1,251,100.0,251/251,0.05,179.0,ok
SAR_Ship_Chip_20210215_UTM18N_EPSG32618_10m.manifest.json,20210215,18,32618,32618,1,4,100.0,4/4,0.0,31.5,ok
SAR_Ship_Chip_20210215_UTM19N_EPSG32619_10m.manifest.json,20210215,19,32619,32619,1,88,100.0,88/88,0.0,70.5,ok
SAR_Ship_Chip_20210215_UTM20N_EPSG32620_10m.manifest.json,20210215,20,32620,32620,1,4,100.0,4/4,2.54,154.5,ok
SAR_Ship_Chip_20210216_UTM10N_EPSG32610_10m.manifest.json,20210216,10,32610,32610,1,7,100.0,7/7,11.5,184.0,ok
SAR_Ship_Chip_20210216_UTM11N_EPSG32611_10m.manifest.json,20210216,11,32611,32611,1,101,100.0,101/101,0.05,199.0,ok
SAR_Ship_Chip_20210216_UTM14N_EPSG32614_10m.manifest.json,20210216,14,32614,32614,1,2,100.0,2/2,2.0,102.5,ok
SAR_Ship_Chip_20210216_UTM15N_EPSG32615_10m.manifest.json,20210216,15,32615,32615,1,272,100.0,272/272,0.0,154.0,ok
SAR_Ship_Chip_20210216_UTM17N_EPSG32617_10m.manifest.json,20210216,17,32617,32617,1,143,100.0,143/143,0.0,90.0,ok
SAR_Ship_Chip_20210217_UTM04N_EPSG32604_10m.manifest.json,20210217,4,32604,32604,1,16,100.0,16/16,0.2,59.5,ok
SAR_Ship_Chip_20210217_UTM11N_EPSG32611_10m.manifest.json,20210217,11,32611,32611,1,227,100.0,227/227,0.1,210.0,ok
SAR_Ship_Chip_20210217_UTM17N_EPSG32617_10m.manifest.json,20210217,17,32617,32617,1,6,100.0,6/6,13.81,181.5,ok
SAR_Ship_Chip_20210217_UTM19N_EPSG32619_10m.manifest.json,20210217,19,32619,32619,1,5,100.0,5/5,11.9,184.0,ok
SAR_Ship_Chip_20210217_UTM20N_EPSG32620_10m.manifest.json,20210217,20,32620,32620,1,2,100.0,2/2,8.65,248.0,ok
SAR_Ship_Chip_20210218_UTM05N_EPSG32605_10m.manifest.json,20210218,5,32605,32605,1,1,100.0,1/1,0.0,26.0,ok
SAR_Ship_Chip_20210218_UTM09N_EPSG32609_10m.manifest.json,20210218,9,32609,32609,1,5,100.0,5/5,11.2,183.0,ok
SAR_Ship_Chip_20210218_UTM10N_EPSG32610_10m.manifest.json,20210218,10,32610,32610,1,155,100.0,155/155,0.04,145.0,ok
SAR_Ship_Chip_20210218_UTM11N_EPSG32611_10m.manifest.json,20210218,11,32611,32611,1,20,100.0,20/20,0.1,179.5,ok
SAR_Ship_Chip_20210218_UTM16N_EPSG32616_10m.manifest.json,20210218,16,32616,32616,1,243,100.0,243/243,0.0,92.0,ok
SAR_Ship_Chip_20210218_UTM17N_EPSG32617_10m.manifest.json,20210218,17,32617,32617,1,8,100.0,8/8,0.0,222.0,ok
SAR_Ship_Chip_20210218_UTM18N_EPSG32618_10m.manifest.json,20210218,18,32618,32618,1,84,100.0,84/84,0.0,181.5,ok
SAR_Ship_Chip_20210218_UTM19N_EPSG32619_10m.manifest.json,20210218,19,32619,32619,1,1,100.0,1/1,4.19,36.0,ok
SAR_Ship_Chip_20210219_UTM10N_EPSG32610_10m.manifest.json,20210219,10,32610,32610,1,68,100.0,68/68,0.09,179.5,ok
SAR_Ship_Chip_20210219_UTM16N_EPSG32616_10m.manifest.json,20210219,16,32616,32616,1,4,100.0,4/4,0.0,126.0,ok
SAR_Ship_Chip_20210219_UTM17N_EPSG32617_10m.manifest.json,20210219,17,32617,32617,1,5,100.0,5/5,11.8,253.0,ok
SAR_Ship_Chip_20210220_UTM04N_EPSG32604_10m.manifest.json,20210220,4,32604,32604,1,12,100.0,12/12,0.0,59.5,ok
SAR_Ship_Chip_20210220_UTM09N_EPSG32609_10m.manifest.json,20210220,9,32609,32609,1,4,100.0,4/4,12.13,172.0,ok
SAR_Ship_Chip_20210220_UTM10N_EPSG32610_10m.manifest.json,20210220,10,32610,32610,1,14,100.0,14/14,11.42,180.0,ok
SAR_Ship_Chip_20210220_UTM11N_EPSG32611_10m.manifest.json,20210220,11,32611,32611,1,2,100.0,2/2,13.55,249.5,ok
SAR_Ship_Chip_20210221_UTM17N_EPSG32617_10m.manifest.json,20210221,17,32617,32617,1,199,100.0,199/199,0.0,52.0,ok
SAR_Ship_Chip_20210222_UTM10N_EPSG32610_10m.manifest.json,20210222,10,32610,32610,1,230,100.0,230/230,0.0,110.0,ok
SAR_Ship_Chip_20210222_UTM11N_EPSG32611_10m.manifest.json,20210222,11,32611,32611,1,103,100.0,103/103,0.1,210.0,ok
SAR_Ship_Chip_20210222_UTM15N_EPSG32615_10m.manifest.json,20210222,15,32615,32615,1,79,100.0,79/79,0.0,131.0,ok
SAR_Ship_Chip_20210222_UTM17N_EPSG32617_10m.manifest.json,20210222,17,32617,32617,1,1,100.0,1/1,0.0,73.0,ok
SAR_Ship_Chip_20210222_UTM19N_EPSG32619_10m.manifest.json,20210222,19,32619,32619,1,30,100.0,30/30,0.0,69.0,ok
SAR_Ship_Chip_20210222_UTM20N_EPSG32620_10m.manifest.json,20210222,20,32620,32620,1,33,100.0,33/33,0.09,95.0,ok
SAR_Ship_Chip_20210223_UTM04N_EPSG32604_10m.manifest.json,20210223,4,32604,32604,1,16,100.0,16/16,0.04,56.0,ok
SAR_Ship_Chip_20210223_UTM09N_EPSG32609_10m.manifest.json,20210223,9,32609,32609,1,10,100.0,10/10,11.91,202.5,ok
SAR_Ship_Chip_20210223_UTM11N_EPSG32611_10m.manifest.json,20210223,11,32611,32611,1,180,100.0,180/180,0.0,242.0,ok
SAR_Ship_Chip_20210223_UTM15N_EPSG32615_10m.manifest.json,20210223,15,32615,32615,1,96,100.0,96/96,0.02,62.5,ok
SAR_Ship_Chip_20210223_UTM17N_EPSG32617_10m.manifest.json,20210223,17,32617,32617,1,27,100.0,27/27,0.0,199.0,ok
SAR_Ship_Chip_20210224_UTM05N_EPSG32605_10m.manifest.json,20210224,5,32605,32605,1,1,100.0,1/1,0.0,26.0,ok
SAR_Ship_Chip_20210224_UTM11N_EPSG32611_10m.manifest.json,20210224,11,32611,32611,1,22,100.0,22/22,0.01,186.0,ok
SAR_Ship_Chip_20210224_UTM12N_EPSG32612_10m.manifest.json,20210224,12,32612,32612,1,2,100.0,2/2,14.66,226.5,ok
SAR_Ship_Chip_20210224_UTM15N_EPSG32615_10m.manifest.json,20210224,15,32615,32615,1,1,100.0,1/1,0.0,68.0,ok
SAR_Ship_Chip_20210220_UTM12N_EPSG32612_10m.manifest.json,20210220,12,32612,32612,1,1,100.0,1/1,13.0,288.0,ok
SAR_Ship_Chip_20210220_UTM18N_EPSG32618_10m.manifest.json,20210220,18,32618,32618,1,120,100.0,120/120,0.0,38.0,ok
SAR_Ship_Chip_20210220_UTM19N_EPSG32619_10m.manifest.json,20210220,19,32619,32619,1,6,100.0,6/6,8.92,72.5,ok
SAR_Ship_Chip_20210220_UTM20N_EPSG32620_10m.manifest.json,20210220,20,32620,32620,1,46,100.0,46/46,0.11,92.5,ok
SAR_Ship_Chip_20210221_UTM04N_EPSG32604_10m.manifest.json,20210221,4,32604,32604,1,2,100.0,2/2,8.11,33.0,ok
SAR_Ship_Chip_20210221_UTM05N_EPSG32605_10m.manifest.json,20210221,5,32605,32605,1,1,100.0,1/1,8.11,36.0,ok
SAR_Ship_Chip_20210221_UTM10N_EPSG32610_10m.manifest.json,20210221,10,32610,32610,1,165,100.0,165/165,0.0,183.0,ok
SAR_Ship_Chip_20210221_UTM15N_EPSG32615_10m.manifest.json,20210221,15,32615,32615,1,175,100.0,175/175,0.0,145.0,ok
SAR_Ship_Chip_20210224_UTM16N_EPSG32616_10m.manifest.json,20210224,16,32616,32616,1,50,100.0,50/50,0.07,115.0,ok
SAR_Ship_Chip_20210224_UTM17N_EPSG32617_10m.manifest.json,20210224,17,32617,32617,1,2,100.0,2/2,11.48,134.5,ok
SAR_Ship_Chip_20210224_UTM19N_EPSG32619_10m.manifest.json,20210224,19,32619,32619,1,1,100.0,1/1,13.8,182.0,ok
SAR_Ship_Chip_20210225_UTM04N_EPSG32604_10m.manifest.json,20210225,4,32604,32604,1,1,100.0,1/1,9.4,146.0,ok
SAR_Ship_Chip_20210225_UTM10N_EPSG32610_10m.manifest.json,20210225,10,32610,32610,1,245,100.0,245/245,0.03,134.0,ok
SAR_Ship_Chip_20210225_UTM11N_EPSG32611_10m.manifest.json,20210225,11,32611,32611,1,6,100.0,6/6,15.32,246.0,ok
SAR_Ship_Chip_20210225_UTM16N_EPSG32616_10m.manifest.json,20210225,16,32616,32616,1,2,100.0,2/2,0.0,223.5,ok
SAR_Ship_Chip_20210225_UTM18N_EPSG32618_10m.manifest.json,20210225,18,32618,32618,1,107,100.0,107/107,0.1,171.0,ok
SAR_Ship_Chip_20210225_UTM19N_EPSG32619_10m.manifest.json,20210225,19,32619,32619,1,17,100.0,17/17,8.5,157.0,ok
SAR_Ship_Chip_20210226_UTM04N_EPSG32604_10m.manifest.json,20210226,4,32604,32604,1,16,100.0,16/16,0.05,59.5,ok
SAR_Ship_Chip_20210226_UTM10N_EPSG32610_10m.manifest.json,20210226,10,32610,32610,1,68,100.0,68/68,0.03,176.5,ok
SAR_Ship_Chip_20210226_UTM14N_EPSG32614_10m.manifest.json,20210226,14,32614,32614,1,45,100.0,45/45,0.0,120.0,ok
SAR_Ship_Chip_20210226_UTM16N_EPSG32616_10m.manifest.json,20210226,16,32616,32616,1,6,100.0,6/6,0.0,56.0,ok
SAR_Ship_Chip_20210226_UTM17N_EPSG32617_10m.manifest.json,20210226,17,32617,32617,1,58,100.0,58/58,1.01,79.0,ok
SAR_Ship_Chip_20210227_UTM04N_EPSG32604_10m.manifest.json,20210227,4,32604,32604,1,3,100.0,3/3,0.1,36.0,ok
SAR_Ship_Chip_20210227_UTM05N_EPSG32605_10m.manifest.json,20210227,5,32605,32605,1,1,100.0,1/1,0.0,36.0,ok
SAR_Ship_Chip_20210227_UTM10N_EPSG32610_10m.manifest.json,20210227,10,32610,32610,1,217,100.0,217/217,0.03,180.0,ok
SAR_Ship_Chip_20210227_UTM12N_EPSG32612_10m.manifest.json,20210227,12,32612,32612,1,2,100.0,2/2,12.5,259.5,ok
SAR_Ship_Chip_20210227_UTM15N_EPSG32615_10m.manifest.json,20210227,15,32615,32615,1,1,100.0,1/1,0.1,85.0,ok
SAR_Ship_Chip_20210227_UTM16N_EPSG32616_10m.manifest.json,20210227,16,32616,32616,1,12,100.0,12/12,0.0,105.5,ok
SAR_Ship_Chip_20210227_UTM18N_EPSG32618_10m.manifest.json,20210227,18,32618,32618,1,7,100.0,7/7,0.0,35.0,ok
SAR_Ship_Chip_20210227_UTM19N_EPSG32619_10m.manifest.json,20210227,19,32619,32619,1,102,100.0,102/102,0.01,66.5,ok
SAR_Ship_Chip_20210228_UTM09N_EPSG32609_10m.manifest.json,20210228,9,32609,32609,1,6,100.0,6/6,11.59,263.5,ok
SAR_Ship_Chip_20210228_UTM10N_EPSG32610_10m.manifest.json,20210228,10,32610,32610,1,7,100.0,7/7,12.63,183.0,ok
SAR_Ship_Chip_20210302_UTM05N_EPSG32605_10m.manifest.json,20210302,5,32605,32605,1,3,100.0,3/3,2.05,26.0,ok
SAR_Ship_Chip_20210302_UTM09N_EPSG32609_10m.manifest.json,20210302,9,32609,32609,1,7,100.0,7/7,7.1,43.0,ok
SAR_Ship_Chip_20210302_UTM10N_EPSG32610_10m.manifest.json,20210302,10,32610,32610,1,158,100.0,158/158,0.02,163.5,ok
SAR_Ship_Chip_20210302_UTM11N_EPSG32611_10m.manifest.json,20210302,11,32611,32611,1,28,100.0,28/28,0.15,129.0,ok
SAR_Ship_Chip_20210302_UTM16N_EPSG32616_10m.manifest.json,20210302,16,32616,32616,1,25,100.0,25/25,1.31,72.0,ok
SAR_Ship_Chip_20210302_UTM17N_EPSG32617_10m.manifest.json,20210302,17,32617,32617,1,11,100.0,11/11,0.0,222.0,ok
SAR_Ship_Chip_20210302_UTM18N_EPSG32618_10m.manifest.json,20210302,18,32618,32618,1,84,100.0,84/84,0.0,175.0,ok
SAR_Ship_Chip_20210303_UTM10N_EPSG32610_10m.manifest.json,20210303,10,32610,32610,1,69,100.0,69/69,0.0,179.0,ok
SAR_Ship_Chip_20210228_UTM11N_EPSG32611_10m.manifest.json,20210228,11,32611,32611,1,108,100.0,108/108,0.07,208.5,ok
SAR_Ship_Chip_20210228_UTM14N_EPSG32614_10m.manifest.json,20210228,14,32614,32614,1,2,100.0,2/2,7.73,81.0,ok
SAR_Ship_Chip_20210228_UTM15N_EPSG32615_10m.manifest.json,20210228,15,32615,32615,1,325,100.0,325/325,0.0,145.0,ok
SAR_Ship_Chip_20210228_UTM17N_EPSG32617_10m.manifest.json,20210228,17,32617,32617,1,151,100.0,151/151,0.0,91.0,ok
SAR_Ship_Chip_20210301_UTM04N_EPSG32604_10m.manifest.json,20210301,4,32604,32604,1,17,100.0,17/17,0.0,103.0,ok
SAR_Ship_Chip_20210301_UTM11N_EPSG32611_10m.manifest.json,20210301,11,32611,32611,1,189,100.0,189/189,0.0,222.0,ok
SAR_Ship_Chip_20210301_UTM17N_EPSG32617_10m.manifest.json,20210301,17,32617,32617,1,11,100.0,11/11,14.21,190.0,ok
SAR_Ship_Chip_20210301_UTM19N_EPSG32619_10m.manifest.json,20210301,19,32619,32619,1,8,100.0,8/8,11.32,48.0,ok
SAR_Ship_Chip_20210306_UTM15N_EPSG32615_10m.manifest.json,20210306,15,32615,32615,1,79,100.0,79/79,0.0,138.0,ok
SAR_Ship_Chip_20210306_UTM17N_EPSG32617_10m.manifest.json,20210306,17,32617,32617,1,2,100.0,2/2,0.05,42.0,ok
SAR_Ship_Chip_20210306_UTM19N_EPSG32619_10m.manifest.json,20210306,19,32619,32619,1,38,100.0,38/38,0.0,69.0,ok
SAR_Ship_Chip_20210306_UTM20N_EPSG32620_10m.manifest.json,20210306,20,32620,32620,1,40,100.0,40/40,0.1,85.5,ok
SAR_Ship_Chip_20210307_UTM04N_EPSG32604_10m.manifest.json,20210307,4,32604,32604,1,16,100.0,16/16,0.0,59.5,ok
SAR_Ship_Chip_20210307_UTM09N_EPSG32609_10m.manifest.json,20210307,9,32609,32609,1,5,100.0,5/5,8.01,183.0,ok
SAR_Ship_Chip_20210307_UTM11N_EPSG32611_10m.manifest.json,20210307,11,32611,32611,1,76,100.0,76/76,0.0,223.5,ok
SAR_Ship_Chip_20210307_UTM15N_EPSG32615_10m.manifest.json,20210307,15,32615,32615,1,69,100.0,69/69,0.0,45.0,ok
SAR_Ship_Chip_20210303_UTM16N_EPSG32616_10m.manifest.json,20210303,16,32616,32616,1,6,100.0,6/6,4.91,65.5,ok
SAR_Ship_Chip_20210303_UTM17N_EPSG32617_10m.manifest.json,20210303,17,32617,32617,1,5,100.0,5/5,10.6,199.0,ok
SAR_Ship_Chip_20210304_UTM04N_EPSG32604_10m.manifest.json,20210304,4,32604,32604,1,19,100.0,19/19,0.0,63.0,ok
SAR_Ship_Chip_20210304_UTM09N_EPSG32609_10m.manifest.json,20210304,9,32609,32609,1,5,100.0,5/5,9.77,208.0,ok
SAR_Ship_Chip_20210304_UTM10N_EPSG32610_10m.manifest.json,20210304,10,32610,32610,1,25,100.0,25/25,7.64,183.0,ok
SAR_Ship_Chip_20210304_UTM18N_EPSG32618_10m.manifest.json,20210304,18,32618,32618,1,122,100.0,122/122,0.1,38.0,ok
SAR_Ship_Chip_20210304_UTM19N_EPSG32619_10m.manifest.json,20210304,19,32619,32619,1,7,100.0,7/7,12.05,179.0,ok
SAR_Ship_Chip_20210304_UTM20N_EPSG32620_10m.manifest.json,20210304,20,32620,32620,1,31,100.0,31/31,0.1,87.0,ok
SAR_Ship_Chip_20210305_UTM04N_EPSG32604_10m.manifest.json,20210305,4,32604,32604,1,3,100.0,3/3,0.0,30.0,ok
SAR_Ship_Chip_20210305_UTM05N_EPSG32605_10m.manifest.json,20210305,5,32605,32605,1,2,100.0,2/2,13.53,188.0,ok
SAR_Ship_Chip_20210305_UTM10N_EPSG32610_10m.manifest.json,20210305,10,32610,32610,1,155,100.0,155/155,0.04,182.0,ok
SAR_Ship_Chip_20210305_UTM14N_EPSG32614_10m.manifest.json,20210305,14,32614,32614,1,1,100.0,1/1,6.99,22.0,ok
SAR_Ship_Chip_20210305_UTM15N_EPSG32615_10m.manifest.json,20210305,15,32615,32615,1,187,100.0,187/187,0.0,145.0,ok
SAR_Ship_Chip_20210305_UTM17N_EPSG32617_10m.manifest.json,20210305,17,32617,32617,1,216,100.0,216/216,0.0,55.0,ok
SAR_Ship_Chip_20210306_UTM10N_EPSG32610_10m.manifest.json,20210306,10,32610,32610,1,235,100.0,235/235,0.0,100.0,ok
SAR_Ship_Chip_20210306_UTM11N_EPSG32611_10m.manifest.json,20210306,11,32611,32611,1,91,100.0,91/91,0.05,199.0,ok
SAR_Ship_Chip_20210307_UTM17N_EPSG32617_10m.manifest.json,20210307,17,32617,32617,1,21,100.0,21/21,0.0,136.0,ok
SAR_Ship_Chip_20210307_UTM20N_EPSG32620_10m.manifest.json,20210307,20,32620,32620,1,2,100.0,2/2,5.76,220.0,ok
SAR_Ship_Chip_20210308_UTM05N_EPSG32605_10m.manifest.json,20210308,5,32605,32605,1,1,100.0,1/1,0.1,36.0,ok
SAR_Ship_Chip_20210308_UTM11N_EPSG32611_10m.manifest.json,20210308,11,32611,32611,1,22,100.0,22/22,0.01,91.0,ok
SAR_Ship_Chip_20210308_UTM12N_EPSG32612_10m.manifest.json,20210308,12,32612,32612,1,1,100.0,1/1,21.6,299.0,ok
SAR_Ship_Chip_20210308_UTM15N_EPSG32615_10m.manifest.json,20210308,15,32615,32615,1,2,100.0,2/2,0.09,186.0,ok
SAR_Ship_Chip_20210308_UTM16N_EPSG32616_10m.manifest.json,20210308,16,32616,32616,1,57,100.0,57/57,0.0,133.0,ok
SAR_Ship_Chip_20210308_UTM19N_EPSG32619_10m.manifest.json,20210308,19,32619,32619,1,1,100.0,1/1,11.0,35.0,ok
SAR_Ship_Chip_20210309_UTM04N_EPSG32604_10m.manifest.json,20210309,4,32604,32604,1,1,100.0,1/1,7.07,179.0,ok
SAR_Ship_Chip_20210309_UTM10N_EPSG32610_10m.manifest.json,20210309,10,32610,32610,1,210,100.0,210/210,0.0,93.0,ok
SAR_Ship_Chip_20210309_UTM16N_EPSG32616_10m.manifest.json,20210309,16,32616,32616,1,2,100.0,2/2,0.0,223.5,ok
SAR_Ship_Chip_20210309_UTM18N_EPSG32618_10m.manifest.json,20210309,18,32618,32618,1,108,100.0,108/108,0.1,184.0,ok
SAR_Ship_Chip_20210309_UTM19N_EPSG32619_10m.manifest.json,20210309,19,32619,32619,1,12,100.0,12/12,5.96,140.5,ok
SAR_Ship_Chip_20210310_UTM04N_EPSG32604_10m.manifest.json,20210310,4,32604,32604,1,17,100.0,17/17,0.0,59.0,ok
SAR_Ship_Chip_20210310_UTM10N_EPSG32610_10m.manifest.json,20210310,10,32610,32610,1,67,100.0,67/67,0.0,179.0,ok
SAR_Ship_Chip_20210310_UTM14N_EPSG32614_10m.manifest.json,20210310,14,32614,32614,1,48,100.0,48/48,0.0,167.5,ok
SAR_Ship_Chip_20210310_UTM16N_EPSG32616_10m.manifest.json,20210310,16,32616,32616,1,9,100.0,9/9,0.0,58.0,ok
SAR_Ship_Chip_20210310_UTM17N_EPSG32617_10m.manifest.json,20210310,17,32617,32617,1,35,100.0,35/35,0.0,51.0,ok
SAR_Ship_Chip_20210311_UTM04N_EPSG32604_10m.manifest.json,20210311,4,32604,32604,1,2,100.0,2/2,4.43,90.0,ok
SAR_Ship_Chip_20210311_UTM10N_EPSG32610_10m.manifest.json,20210311,10,32610,32610,1,258,100.0,258/258,0.1,169.0,ok
SAR_Ship_Chip_20210311_UTM16N_EPSG32616_10m.manifest.json,20210311,16,32616,32616,1,16,100.0,16/16,0.0,134.5,ok
SAR_Ship_Chip_20210311_UTM18N_EPSG32618_10m.manifest.json,20210311,18,32618,32618,1,8,100.0,8/8,0.0,36.5,ok
SAR_Ship_Chip_20210311_UTM19N_EPSG32619_10m.manifest.json,20210311,19,32619,32619,1,109,100.0,109/109,0.05,71.0,ok
SAR_Ship_Chip_20210311_UTM20N_EPSG32620_10m.manifest.json,20210311,20,32620,32620,1,4,100.0,4/4,6.3,231.0,ok
SAR_Ship_Chip_20210312_UTM09N_EPSG32609_10m.manifest.json,20210312,9,32609,32609,1,1,100.0,1/1,12.2,199.0,ok
SAR_Ship_Chip_20210312_UTM10N_EPSG32610_10m.manifest.json,20210312,10,32610,32610,1,1,100.0,1/1,11.44,179.0,ok
SAR_Ship_Chip_20210312_UTM11N_EPSG32611_10m.manifest.json,20210312,11,32611,32611,1,101,100.0,101/101,0.0,199.0,ok
SAR_Ship_Chip_20210312_UTM14N_EPSG32614_10m.manifest.json,20210312,14,32614,32614,1,2,100.0,2/2,0.0,137.5,ok
SAR_Ship_Chip_20210312_UTM15N_EPSG32615_10m.manifest.json,20210312,15,32615,32615,1,319,100.0,319/319,0.0,153.0,ok
SAR_Ship_Chip_20210312_UTM17N_EPSG32617_10m.manifest.json,20210312,17,32617,32617,1,170,100.0,170/170,0.06,97.0,ok
SAR_Ship_Chip_20210313_UTM04N_EPSG32604_10m.manifest.json,20210313,4,32604,32604,1,15,100.0,15/15,0.0,36.0,ok
SAR_Ship_Chip_20210313_UTM11N_EPSG32611_10m.manifest.json,20210313,11,32611,32611,1,194,100.0,194/194,0.0,209.0,ok
SAR_Ship_Chip_20210314_UTM18N_EPSG32618_10m.manifest.json,20210314,18,32618,32618,1,101,100.0,101/101,0.0,185.0,ok
SAR_Ship_Chip_20210315_UTM10N_EPSG32610_10m.manifest.json,20210315,10,32610,32610,1,53,100.0,53/53,0.0,70.0,ok
SAR_Ship_Chip_20210315_UTM16N_EPSG32616_10m.manifest.json,20210315,16,32616,32616,1,8,100.0,8/8,0.0,94.0,ok
SAR_Ship_Chip_20210315_UTM17N_EPSG32617_10m.manifest.json,20210315,17,32617,32617,1,31,100.0,31/31,1.4,231.0,ok
SAR_Ship_Chip_20210316_UTM04N_EPSG32604_10m.manifest.json,20210316,4,32604,32604,1,15,100.0,15/15,0.0,56.0,ok
SAR_Ship_Chip_20210316_UTM09N_EPSG32609_10m.manifest.json,20210316,9,32609,32609,1,10,100.0,10/10,11.94,199.0,ok
SAR_Ship_Chip_20210316_UTM10N_EPSG32610_10m.manifest.json,20210316,10,32610,32610,1,20,100.0,20/20,7.87,191.5,ok
SAR_Ship_Chip_20210316_UTM18N_EPSG32618_10m.manifest.json,20210316,18,32618,32618,1,128,100.0,128/128,0.0,42.5,ok
SAR_Ship_Chip_20210318_UTM10N_EPSG32610_10m.manifest.json,20210318,10,32610,32610,1,212,100.0,212/212,0.0,96.0,ok
SAR_Ship_Chip_20210318_UTM11N_EPSG32611_10m.manifest.json,20210318,11,32611,32611,1,85,100.0,85/85,0.07,228.0,ok
SAR_Ship_Chip_20210318_UTM17N_EPSG32617_10m.manifest.json,20210318,17,32617,32617,1,3,100.0,3/3,0.0,42.0,ok
SAR_Ship_Chip_20210318_UTM19N_EPSG32619_10m.manifest.json,20210318,19,32619,32619,1,40,100.0,40/40,0.0,57.0,ok
SAR_Ship_Chip_20210318_UTM20N_EPSG32620_10m.manifest.json,20210318,20,32620,32620,1,35,100.0,35/35,0.9,119.0,ok
SAR_Ship_Chip_20210319_UTM04N_EPSG32604_10m.manifest.json,20210319,4,32604,32604,1,15,100.0,15/15,0.0,56.0,ok
SAR_Ship_Chip_20210319_UTM09N_EPSG32609_10m.manifest.json,20210319,9,32609,32609,1,4,100.0,4/4,8.55,232.5,ok
SAR_Ship_Chip_20210319_UTM11N_EPSG32611_10m.manifest.json,20210319,11,32611,32611,1,162,100.0,162/162,0.04,228.0,ok
SAR_Ship_Chip_20210319_UTM15N_EPSG32615_10m.manifest.json,20210319,15,32615,32615,1,78,100.0,78/78,0.0,56.5,ok
SAR_Ship_Chip_20210319_UTM17N_EPSG32617_10m.manifest.json,20210319,17,32617,32617,1,31,100.0,31/31,0.0,192.0,ok
SAR_Ship_Chip_20210320_UTM05N_EPSG32605_10m.manifest.json,20210320,5,32605,32605,1,2,100.0,2/2,15.0,126.5,ok
SAR_Ship_Chip_20210320_UTM11N_EPSG32611_10m.manifest.json,20210320,11,32611,32611,1,15,100.0,15/15,0.0,72.0,ok
SAR_Ship_Chip_20210320_UTM12N_EPSG32612_10m.manifest.json,20210320,12,32612,32612,1,1,100.0,1/1,12.6,228.0,ok
SAR_Ship_Chip_20210320_UTM15N_EPSG32615_10m.manifest.json,20210320,15,32615,32615,1,2,100.0,2/2,0.0,186.0,ok
SAR_Ship_Chip_20210320_UTM16N_EPSG32616_10m.manifest.json,20210320,16,32616,32616,1,43,100.0,43/43,0.0,64.0,ok
SAR_Ship_Chip_20210320_UTM17N_EPSG32617_10m.manifest.json,20210320,17,32617,32617,1,5,100.0,5/5,12.11,186.0,ok
SAR_Ship_Chip_20210313_UTM17N_EPSG32617_10m.manifest.json,20210313,17,32617,32617,1,3,100.0,3/3,13.3,189.0,ok
SAR_Ship_Chip_20210313_UTM19N_EPSG32619_10m.manifest.json,20210313,19,32619,32619,1,6,100.0,6/6,11.9,42.5,ok
SAR_Ship_Chip_20210314_UTM05N_EPSG32605_10m.manifest.json,20210314,5,32605,32605,1,4,100.0,4/4,5.56,181.0,ok
SAR_Ship_Chip_20210314_UTM09N_EPSG32609_10m.manifest.json,20210314,9,32609,32609,1,5,100.0,5/5,9.6,70.0,ok
SAR_Ship_Chip_20210314_UTM10N_EPSG32610_10m.manifest.json,20210314,10,32610,32610,1,146,100.0,146/146,0.0,110.0,ok
SAR_Ship_Chip_20210314_UTM11N_EPSG32611_10m.manifest.json,20210314,11,32611,32611,1,30,100.0,30/30,0.18,181.5,ok
SAR_Ship_Chip_20210314_UTM16N_EPSG32616_10m.manifest.json,20210314,16,32616,32616,1,274,100.0,274/274,0.0,92.0,ok
SAR_Ship_Chip_20210314_UTM17N_EPSG32617_10m.manifest.json,20210314,17,32617,32617,1,9,100.0,9/9,0.0,222.0,ok
SAR_Ship_Chip_20210316_UTM19N_EPSG32619_10m.manifest.json,20210316,19,32619,32619,1,3,100.0,3/3,12.7,226.0,ok
SAR_Ship_Chip_20210316_UTM20N_EPSG32620_10m.manifest.json,20210316,20,32620,32620,1,41,100.0,41/41,0.11,119.0,ok
SAR_Ship_Chip_20210317_UTM04N_EPSG32604_10m.manifest.json,20210317,4,32604,32604,1,2,100.0,2/2,7.92,149.0,ok
SAR_Ship_Chip_20210317_UTM05N_EPSG32605_10m.manifest.json,20210317,5,32605,32605,1,1,100.0,1/1,6.85,36.0,ok
SAR_Ship_Chip_20210317_UTM10N_EPSG32610_10m.manifest.json,20210317,10,32610,32610,1,67,100.0,67/67,0.0,174.0,ok
SAR_Ship_Chip_20210317_UTM15N_EPSG32615_10m.manifest.json,20210317,15,32615,32615,1,182,100.0,182/182,0.02,145.0,ok
SAR_Ship_Chip_20210317_UTM17N_EPSG32617_10m.manifest.json,20210317,17,32617,32617,1,223,100.0,223/223,0.0,56.0,ok
SAR_Ship_Chip_20210318_UTM04N_EPSG32604_10m.manifest.json,20210318,4,32604,32604,1,1,100.0,1/1,6.71,145.0,ok
SAR_Ship_Chip_20210320_UTM19N_EPSG32619_10m.manifest.json,20210320,19,32619,32619,1,1,100.0,1/1,12.48,274.0,ok
SAR_Ship_Chip_20210321_UTM10N_EPSG32610_10m.manifest.json,20210321,10,32610,32610,1,204,100.0,204/204,0.0,88.0,ok
SAR_Ship_Chip_20210321_UTM11N_EPSG32611_10m.manifest.json,20210321,11,32611,32611,1,6,100.0,6/6,10.74,188.0,ok
SAR_Ship_Chip_20210321_UTM16N_EPSG32616_10m.manifest.json,20210321,16,32616,32616,1,2,100.0,2/2,0.0,223.5,ok
SAR_Ship_Chip_20210321_UTM18N_EPSG32618_10m.manifest.json,20210321,18,32618,32618,1,104,100.0,104/104,0.0,177.0,ok
SAR_Ship_Chip_20210321_UTM19N_EPSG32619_10m.manifest.json,20210321,19,32619,32619,1,19,100.0,19/19,11.35,126.0,ok
SAR_Ship_Chip_20210322_UTM04N_EPSG32604_10m.manifest.json,20210322,4,32604,32604,1,20,100.0,20/20,0.0,59.5,ok
SAR_Ship_Chip_20210322_UTM10N_EPSG32610_10m.manifest.json,20210322,10,32610,32610,1,70,100.0,70/70,0.06,178.0,ok
SAR_Ship_Chip_20210322_UTM14N_EPSG32614_10m.manifest.json,20210322,14,32614,32614,1,51,100.0,51/51,0.0,120.0,ok
SAR_Ship_Chip_20210322_UTM16N_EPSG32616_10m.manifest.json,20210322,16,32616,32616,1,19,100.0,19/19,0.0,69.0,ok
SAR_Ship_Chip_20210322_UTM17N_EPSG32617_10m.manifest.json,20210322,17,32617,32617,1,41,100.0,41/41,0.02,45.0,ok
SAR_Ship_Chip_20210323_UTM05N_EPSG32605_10m.manifest.json,20210323,5,32605,32605,1,2,100.0,2/2,4.75,31.5,ok
SAR_Ship_Chip_20210323_UTM10N_EPSG32610_10m.manifest.json,20210323,10,32610,32610,1,203,100.0,203/203,0.1,176.0,ok
SAR_Ship_Chip_20210323_UTM18N_EPSG32618_10m.manifest.json,20210323,18,32618,32618,1,6,100.0,6/6,0.0,38.0,ok
SAR_Ship_Chip_20210323_UTM19N_EPSG32619_10m.manifest.json,20210323,19,32619,32619,1,114,100.0,114/114,0.18,71.0,ok
SAR_Ship_Chip_20210323_UTM20N_EPSG32620_10m.manifest.json,20210323,20,32620,32620,1,5,100.0,5/5,0.95,129.0,ok
SAR_Ship_Chip_20210324_UTM04N_EPSG32604_10m.manifest.json,20210324,4,32604,32604,1,1,100.0,1/1,3.8,56.0,ok
SAR_Ship_Chip_20210324_UTM10N_EPSG32610_10m.manifest.json,20210324,10,32610,32610,1,7,100.0,7/7,12.4,198.0,ok
SAR_Ship_Chip_20210324_UTM11N_EPSG32611_10m.manifest.json,20210324,11,32611,32611,1,106,100.0,106/106,0.1,209.0,ok
SAR_Ship_Chip_20210324_UTM14N_EPSG32614_10m.manifest.json,20210324,14,32614,32614,1,34,100.0,34/34,0.1,168.5,ok
SAR_Ship_Chip_20210324_UTM15N_EPSG32615_10m.manifest.json,20210324,15,32615,32615,1,278,100.0,278/278,0.0,144.5,ok
SAR_Ship_Chip_20210324_UTM17N_EPSG32617_10m.manifest.json,20210324,17,32617,32617,1,168,100.0,168/168,0.04,123.0,ok
SAR_Ship_Chip_20210324_UTM18N_EPSG32618_10m.manifest.json,20210324,18,32618,32618,1,1,100.0,1/1,16.39,179.0,ok
SAR_Ship_Chip_20210325_UTM04N_EPSG32604_10m.manifest.json,20210325,4,32604,32604,1,19,100.0,19/19,0.03,56.0,ok
SAR_Ship_Chip_20210325_UTM11N_EPSG32611_10m.manifest.json,20210325,11,32611,32611,1,101,100.0,101/101,0.1,210.0,ok
SAR_Ship_Chip_20210325_UTM17N_EPSG32617_10m.manifest.json,20210325,17,32617,32617,1,13,100.0,13/13,13.6,186.0,ok
SAR_Ship_Chip_20210325_UTM19N_EPSG32619_10m.manifest.json,20210325,19,32619,32619,1,6,100.0,6/6,12.75,174.0,ok
SAR_Ship_Chip_20210325_UTM20N_EPSG32620_10m.manifest.json,20210325,20,32620,32620,1,1,100.0,1/1,1.5,292.0,ok
SAR_Ship_Chip_20210326_UTM05N_EPSG32605_10m.manifest.json,20210326,5,32605,32605,1,2,100.0,2/2,4.92,31.0,ok
SAR_Ship_Chip_20210326_UTM09N_EPSG32609_10m.manifest.json,20210326,9,32609,32609,1,5,100.0,5/5,10.24,200.0,ok
SAR_Ship_Chip_20210326_UTM10N_EPSG32610_10m.manifest.json,20210326,10,32610,32610,1,144,100.0,144/144,0.1,133.5,ok
SAR_Ship_Chip_20210326_UTM11N_EPSG32611_10m.manifest.json,20210326,11,32611,32611,1,14,100.0,14/14,0.05,62.0,ok
SAR_Ship_Chip_20210326_UTM16N_EPSG32616_10m.manifest.json,20210326,16,32616,32616,1,270,100.0,270/270,0.0,92.0,ok
SAR_Ship_Chip_20210326_UTM17N_EPSG32617_10m.manifest.json,20210326,17,32617,32617,1,7,100.0,7/7,0.0,222.0,ok
SAR_Ship_Chip_20210326_UTM18N_EPSG32618_10m.manifest.json,20210326,18,32618,32618,1,110,100.0,110/110,0.07,179.0,ok
SAR_Ship_Chip_20210326_UTM19N_EPSG32619_10m.manifest.json,20210326,19,32619,32619,1,2,100.0,2/2,9.8,167.5,ok
SAR_Ship_Chip_20210327_UTM10N_EPSG32610_10m.manifest.json,20210327,10,32610,32610,1,63,100.0,63/63,0.02,180.0,ok
SAR_Ship_Chip_20210327_UTM14N_EPSG32614_10m.manifest.json,20210327,14,32614,32614,1,3,100.0,3/3,0.0,183.0,ok
SAR_Ship_Chip_20210327_UTM16N_EPSG32616_10m.manifest.json,20210327,16,32616,32616,1,5,100.0,5/5,0.11,89.0,ok
SAR_Ship_Chip_20210327_UTM17N_EPSG32617_10m.manifest.json,20210327,17,32617,32617,1,28,100.0,28/28,8.68,199.0,ok
SAR_Ship_Chip_20210328_UTM04N_EPSG32604_10m.manifest.json,20210328,4,32604,32604,1,18,100.0,18/18,0.04,123.0,ok
SAR_Ship_Chip_20210328_UTM09N_EPSG32609_10m.manifest.json,20210328,9,32609,32609,1,14,100.0,14/14,11.51,201.0,ok
SAR_Ship_Chip_20210328_UTM10N_EPSG32610_10m.manifest.json,20210328,10,32610,32610,1,18,100.0,18/18,11.5,198.5,ok
SAR_Ship_Chip_20210328_UTM14N_EPSG32614_10m.manifest.json,20210328,14,32614,32614,1,8,100.0,8/8,5.65,184.5,ok
SAR_Ship_Chip_20210328_UTM15N_EPSG32615_10m.manifest.json,20210328,15,32615,32615,1,3,100.0,3/3,1.4,299.0,ok
SAR_Ship_Chip_20210328_UTM18N_EPSG32618_10m.manifest.json,20210328,18,32618,32618,1,147,100.0,147/147,0.05,39.0,ok
SAR_Ship_Chip_20210328_UTM19N_EPSG32619_10m.manifest.json,20210328,19,32619,32619,1,7,100.0,7/7,11.7,204.0,ok
SAR_Ship_Chip_20210328_UTM20N_EPSG32620_10m.manifest.json,20210328,20,32620,32620,1,31,100.0,31/31,1.3,121.0,ok
SAR_Ship_Chip_20210329_UTM04N_EPSG32604_10m.manifest.json,20210329,4,32604,32604,1,1,100.0,1/1,9.52,37.0,ok
SAR_Ship_Chip_20210329_UTM05N_EPSG32605_10m.manifest.json,20210329,5,32605,32605,1,1,100.0,1/1,4.64,37.0,ok
SAR_Ship_Chip_20210329_UTM10N_EPSG32610_10m.manifest.json,20210329,10,32610,32610,1,191,100.0,191/191,0.1,179.0,ok
SAR_Ship_Chip_20210329_UTM14N_EPSG32614_10m.manifest.json,20210329,14,32614,32614,1,1,100.0,1/1,0.56,23.0,ok
SAR_Ship_Chip_20210329_UTM15N_EPSG32615_10m.manifest.json,20210329,15,32615,32615,1,199,100.0,199/199,0.02,176.0,ok
SAR_Ship_Chip_20210329_UTM17N_EPSG32617_10m.manifest.json,20210329,17,32617,32617,1,272,100.0,272/272,0.0,58.5,ok
SAR_Ship_Chip_20210330_UTM04N_EPSG32604_10m.manifest.json,20210330,4,32604,32604,1,3,100.0,3/3,2.16,37.0,ok
SAR_Ship_Chip_20210330_UTM10N_EPSG32610_10m.manifest.json,20210330,10,32610,32610,1,253,100.0,253/253,0.02,100.0,ok
SAR_Ship_Chip_20210331_UTM15N_EPSG32615_10m.manifest.json,20210331,15,32615,32615,1,162,100.0,162/162,0.16,91.0,ok
SAR_Ship_Chip_20210331_UTM17N_EPSG32617_10m.manifest.json,20210331,17,32617,32617,1,38,100.0,38/38,0.06,185.5,ok
SAR_Ship_Chip_20210331_UTM18N_EPSG32618_10m.manifest.json,20210331,18,32618,32618,1,2,100.0,2/2,12.52,174.5,ok
SAR_Ship_Chip_20210401_UTM11N_EPSG32611_10m.manifest.json,20210401,11,32611,32611,1,9,100.0,9/9,0.1,132.0,ok
SAR_Ship_Chip_20210401_UTM15N_EPSG32615_10m.manifest.json,20210401,15,32615,32615,1,4,100.0,4/4,0.0,274.5,ok
SAR_Ship_Chip_20210401_UTM16N_EPSG32616_10m.manifest.json,20210401,16,32616,32616,1,56,100.0,56/56,0.0,108.0,ok
SAR_Ship_Chip_20210401_UTM17N_EPSG32617_10m.manifest.json,20210401,17,32617,32617,1,3,100.0,3/3,16.34,187.0,ok
SAR_Ship_Chip_20210401_UTM19N_EPSG32619_10m.manifest.json,20210401,19,32619,32619,1,1,100.0,1/1,11.7,179.0,ok
SAR_Ship_Chip_20210330_UTM11N_EPSG32611_10m.manifest.json,20210330,11,32611,32611,1,133,100.0,133/133,0.03,238.0,ok
SAR_Ship_Chip_20210330_UTM15N_EPSG32615_10m.manifest.json,20210330,15,32615,32615,1,83,100.0,83/83,0.0,159.0,ok
SAR_Ship_Chip_20210330_UTM17N_EPSG32617_10m.manifest.json,20210330,17,32617,32617,1,12,100.0,12/12,3.47,212.0,ok
SAR_Ship_Chip_20210330_UTM19N_EPSG32619_10m.manifest.json,20210330,19,32619,32619,1,51,100.0,51/51,1.34,68.0,ok
SAR_Ship_Chip_20210330_UTM20N_EPSG32620_10m.manifest.json,20210330,20,32620,32620,1,35,100.0,35/35,0.23,110.0,ok
SAR_Ship_Chip_20210331_UTM04N_EPSG32604_10m.manifest.json,20210331,4,32604,32604,1,23,100.0,23/23,0.1,37.0,ok
SAR_Ship_Chip_20210331_UTM09N_EPSG32609_10m.manifest.json,20210331,9,32609,32609,1,25,100.0,25/25,11.85,183.0,ok
SAR_Ship_Chip_20210331_UTM11N_EPSG32611_10m.manifest.json,20210331,11,32611,32611,1,247,100.0,247/247,0.02,242.0,ok
SAR_Ship_Chip_20210402_UTM04N_EPSG32604_10m.manifest.json,20210402,4,32604,32604,1,1,100.0,1/1,1.9,36.0,ok
SAR_Ship_Chip_20210402_UTM10N_EPSG32610_10m.manifest.json,20210402,10,32610,32610,1,253,100.0,253/253,0.0,96.0,ok
SAR_Ship_Chip_20210402_UTM11N_EPSG32611_10m.manifest.json,20210402,11,32611,32611,1,11,100.0,11/11,13.15,183.0,ok
SAR_Ship_Chip_20210402_UTM16N_EPSG32616_10m.manifest.json,20210402,16,32616,32616,1,7,100.0,7/7,0.0,222.0,ok
SAR_Ship_Chip_20210402_UTM18N_EPSG32618_10m.manifest.json,20210402,18,32618,32618,1,119,100.0,119/119,0.02,168.0,ok
SAR_Ship_Chip_20210402_UTM19N_EPSG32619_10m.manifest.json,20210402,19,32619,32619,1,15,100.0,15/15,11.0,134.0,ok
SAR_Ship_Chip_20210403_UTM04N_EPSG32604_10m.manifest.json,20210403,4,32604,32604,1,21,100.0,21/21,0.0,74.0,ok
SAR_Ship_Chip_20210403_UTM10N_EPSG32610_10m.manifest.json,20210403,10,32610,32610,1,95,100.0,95/95,0.06,199.0,ok
SAR_Ship_Chip_20210403_UTM14N_EPSG32614_10m.manifest.json,20210403,14,32614,32614,1,66,100.0,66/66,0.0,136.0,ok
SAR_Ship_Chip_20210403_UTM16N_EPSG32616_10m.manifest.json,20210403,16,32616,32616,1,28,100.0,28/28,10.35,188.0,ok
SAR_Ship_Chip_20210403_UTM17N_EPSG32617_10m.manifest.json,20210403,17,32617,32617,1,49,100.0,49/49,0.0,90.0,ok
SAR_Ship_Chip_20210404_UTM05N_EPSG32605_10m.manifest.json,20210404,5,32605,32605,1,3,100.0,3/3,7.71,36.0,ok
SAR_Ship_Chip_20210404_UTM10N_EPSG32610_10m.manifest.json,20210404,10,32610,32610,1,264,100.0,264/264,0.04,183.0,ok
SAR_Ship_Chip_20210404_UTM12N_EPSG32612_10m.manifest.json,20210404,12,32612,32612,1,20,100.0,20/20,13.66,202.0,ok
SAR_Ship_Chip_20210404_UTM16N_EPSG32616_10m.manifest.json,20210404,16,32616,32616,1,33,100.0,33/33,7.6,193.0,ok
SAR_Ship_Chip_20210404_UTM18N_EPSG32618_10m.manifest.json,20210404,18,32618,32618,1,10,100.0,10/10,0.0,37.5,ok
SAR_Ship_Chip_20210407_UTM11N_EPSG32611_10m.manifest.json,20210407,11,32611,32611,1,30,100.0,30/30,0.14,186.0,ok
SAR_Ship_Chip_20210407_UTM16N_EPSG32616_10m.manifest.json,20210407,16,32616,32616,1,361,100.0,361/361,0.05,95.0,ok
SAR_Ship_Chip_20210407_UTM18N_EPSG32618_10m.manifest.json,20210407,18,32618,32618,1,3,100.0,3/3,8.83,186.0,ok
SAR_Ship_Chip_20210407_UTM19N_EPSG32619_10m.manifest.json,20210407,19,32619,32619,1,2,100.0,2/2,12.05,152.0,ok
SAR_Ship_Chip_20210408_UTM10N_EPSG32610_10m.manifest.json,20210408,10,32610,32610,1,68,100.0,68/68,0.05,180.5,ok
SAR_Ship_Chip_20210408_UTM16N_EPSG32616_10m.manifest.json,20210408,16,32616,32616,1,7,100.0,7/7,0.02,89.0,ok
SAR_Ship_Chip_20210408_UTM17N_EPSG32617_10m.manifest.json,20210408,17,32617,32617,1,18,100.0,18/18,12.6,197.5,ok
SAR_Ship_Chip_20210409_UTM04N_EPSG32604_10m.manifest.json,20210409,4,32604,32604,1,20,100.0,20/20,0.0,53.0,ok
SAR_Ship_Chip_20210406_UTM04N_EPSG32604_10m.manifest.json,20210406,4,32604,32604,1,24,100.0,24/24,0.03,59.5,ok
SAR_Ship_Chip_20210406_UTM11N_EPSG32611_10m.manifest.json,20210406,11,32611,32611,1,251,100.0,251/251,0.01,243.0,ok
SAR_Ship_Chip_20210406_UTM17N_EPSG32617_10m.manifest.json,20210406,17,32617,32617,1,1,100.0,1/1,9.36,34.0,ok
SAR_Ship_Chip_20210406_UTM19N_EPSG32619_10m.manifest.json,20210406,19,32619,32619,1,8,100.0,8/8,7.3,110.0,ok
SAR_Ship_Chip_20210406_UTM20N_EPSG32620_10m.manifest.json,20210406,20,32620,32620,1,15,100.0,15/15,0.1,105.0,ok
SAR_Ship_Chip_20210407_UTM05N_EPSG32605_10m.manifest.json,20210407,5,32605,32605,1,4,100.0,4/4,4.78,36.5,ok
SAR_Ship_Chip_20210407_UTM09N_EPSG32609_10m.manifest.json,20210407,9,32609,32609,1,6,100.0,6/6,16.26,261.0,ok
SAR_Ship_Chip_20210407_UTM10N_EPSG32610_10m.manifest.json,20210407,10,32610,32610,1,181,100.0,181/181,0.04,145.0,ok
SAR_Ship_Chip_20210404_UTM19N_EPSG32619_10m.manifest.json,20210404,19,32619,32619,1,108,100.0,108/108,0.05,70.5,ok
SAR_Ship_Chip_20210404_UTM20N_EPSG32620_10m.manifest.json,20210404,20,32620,32620,1,9,100.0,9/9,1.34,159.0,ok
SAR_Ship_Chip_20210405_UTM04N_EPSG32604_10m.manifest.json,20210405,4,32604,32604,1,1,100.0,1/1,0.0,145.0,ok
SAR_Ship_Chip_20210405_UTM10N_EPSG32610_10m.manifest.json,20210405,10,32610,32610,1,10,100.0,10/10,12.68,204.0,ok
SAR_Ship_Chip_20210405_UTM11N_EPSG32611_10m.manifest.json,20210405,11,32611,32611,1,132,100.0,132/132,0.08,243.5,ok
SAR_Ship_Chip_20210405_UTM14N_EPSG32614_10m.manifest.json,20210405,14,32614,32614,1,1,100.0,1/1,0.0,200.0,ok
SAR_Ship_Chip_20210405_UTM15N_EPSG32615_10m.manifest.json,20210405,15,32615,32615,1,329,100.0,329/329,0.0,182.0,ok
SAR_Ship_Chip_20210405_UTM17N_EPSG32617_10m.manifest.json,20210405,17,32617,32617,1,201,100.0,201/201,0.03,106.0,ok
SAR_Ship_Chip_20210409_UTM09N_EPSG32609_10m.manifest.json,20210409,9,32609,32609,1,9,100.0,9/9,10.78,224.0,ok
SAR_Ship_Chip_20210409_UTM10N_EPSG32610_10m.manifest.json,20210409,10,32610,32610,1,24,100.0,24/24,6.18,262.0,ok
SAR_Ship_Chip_20210409_UTM11N_EPSG32611_10m.manifest.json,20210409,11,32611,32611,1,2,100.0,2/2,7.57,186.0,ok
SAR_Ship_Chip_20210409_UTM12N_EPSG32612_10m.manifest.json,20210409,12,32612,32612,1,9,100.0,9/9,12.1,199.0,ok
SAR_Ship_Chip_20210409_UTM14N_EPSG32614_10m.manifest.json,20210409,14,32614,32614,1,6,100.0,6/6,12.53,183.0,ok
SAR_Ship_Chip_20210409_UTM18N_EPSG32618_10m.manifest.json,20210409,18,32618,32618,1,150,100.0,150/150,0.0,44.5,ok
SAR_Ship_Chip_20210409_UTM19N_EPSG32619_10m.manifest.json,20210409,19,32619,32619,1,10,100.0,10/10,11.13,194.0,ok
SAR_Ship_Chip_20210409_UTM20N_EPSG32620_10m.manifest.json,20210409,20,32620,32620,1,39,100.0,39/39,0.73,126.0,ok
SAR_Ship_Chip_20210411_UTM11N_EPSG32611_10m.manifest.json,20210411,11,32611,32611,1,139,100.0,139/139,0.0,229.0,ok
SAR_Ship_Chip_20210411_UTM12N_EPSG32612_10m.manifest.json,20210411,12,32612,32612,1,2,100.0,2/2,15.7,197.0,ok
SAR_Ship_Chip_20210411_UTM15N_EPSG32615_10m.manifest.json,20210411,15,32615,32615,1,87,100.0,87/87,0.0,141.0,ok
SAR_Ship_Chip_20210411_UTM17N_EPSG32617_10m.manifest.json,20210411,17,32617,32617,1,21,100.0,21/21,9.2,210.0,ok
SAR_Ship_Chip_20210411_UTM19N_EPSG32619_10m.manifest.json,20210411,19,32619,32619,1,62,100.0,62/62,4.79,76.5,ok
SAR_Ship_Chip_20210411_UTM20N_EPSG32620_10m.manifest.json,20210411,20,32620,32620,1,42,100.0,42/42,0.58,133.5,ok
SAR_Ship_Chip_20210412_UTM04N_EPSG32604_10m.manifest.json,20210412,4,32604,32604,1,23,100.0,23/23,0.0,56.0,ok
SAR_Ship_Chip_20210412_UTM09N_EPSG32609_10m.manifest.json,20210412,9,32609,32609,1,11,100.0,11/11,12.37,180.0,ok
SAR_Ship_Chip_20210410_UTM04N_EPSG32604_10m.manifest.json,20210410,4,32604,32604,1,2,100.0,2/2,0.75,90.5,ok
SAR_Ship_Chip_20210410_UTM05N_EPSG32605_10m.manifest.json,20210410,5,32605,32605,1,2,100.0,2/2,4.85,36.5,ok
SAR_Ship_Chip_20210410_UTM10N_EPSG32610_10m.manifest.json,20210410,10,32610,32610,1,193,100.0,193/193,0.04,183.0,ok
SAR_Ship_Chip_20210410_UTM15N_EPSG32615_10m.manifest.json,20210410,15,32615,32615,1,230,100.0,230/230,0.1,180.0,ok
SAR_Ship_Chip_20210410_UTM16N_EPSG32616_10m.manifest.json,20210410,16,32616,32616,1,3,100.0,3/3,0.0,222.0,ok
SAR_Ship_Chip_20210410_UTM17N_EPSG32617_10m.manifest.json,20210410,17,32617,32617,1,274,100.0,274/274,0.0,55.0,ok
SAR_Ship_Chip_20210411_UTM05N_EPSG32605_10m.manifest.json,20210411,5,32605,32605,1,1,100.0,1/1,10.62,55.0,ok
SAR_Ship_Chip_20210411_UTM10N_EPSG32610_10m.manifest.json,20210411,10,32610,32610,1,276,100.0,276/276,0.0,102.0,ok
SAR_Ship_Chip_20210412_UTM11N_EPSG32611_10m.manifest.json,20210412,11,32611,32611,1,262,100.0,262/262,0.01,234.0,ok
SAR_Ship_Chip_20210412_UTM15N_EPSG32615_10m.manifest.json,20210412,15,32615,32615,1,148,100.0,148/148,0.38,84.0,ok
SAR_Ship_Chip_20210412_UTM17N_EPSG32617_10m.manifest.json,20210412,17,32617,32617,1,38,100.0,38/38,0.1,157.5,ok
SAR_Ship_Chip_20210412_UTM18N_EPSG32618_10m.manifest.json,20210412,18,32618,32618,1,2,100.0,2/2,15.55,169.0,ok
SAR_Ship_Chip_20210412_UTM20N_EPSG32620_10m.manifest.json,20210412,20,32620,32620,1,4,100.0,4/4,0.15,293.0,ok
SAR_Ship_Chip_20210413_UTM05N_EPSG32605_10m.manifest.json,20210413,5,32605,32605,1,9,100.0,9/9,6.08,37.0,ok
SAR_Ship_Chip_20210413_UTM11N_EPSG32611_10m.manifest.json,20210413,11,32611,32611,1,26,100.0,26/26,0.05,189.5,ok
SAR_Ship_Chip_20210413_UTM12N_EPSG32612_10m.manifest.json,20210413,12,32612,32612,1,2,100.0,2/2,7.58,196.5,ok
SAR_Ship_Chip_20210413_UTM15N_EPSG32615_10m.manifest.json,20210413,15,32615,32615,1,1,100.0,1/1,0.0,304.0,ok
SAR_Ship_Chip_20210413_UTM16N_EPSG32616_10m.manifest.json,20210413,16,32616,32616,1,80,100.0,80/80,0.01,106.5,ok
SAR_Ship_Chip_20210413_UTM17N_EPSG32617_10m.manifest.json,20210413,17,32617,32617,1,8,100.0,8/8,12.7,243.0,ok
SAR_Ship_Chip_20210414_UTM04N_EPSG32604_10m.manifest.json,20210414,4,32604,32604,1,1,100.0,1/1,6.59,37.0,ok
SAR_Ship_Chip_20210414_UTM10N_EPSG32610_10m.manifest.json,20210414,10,32610,32610,1,309,100.0,309/309,0.0,100.0,ok
SAR_Ship_Chip_20210414_UTM11N_EPSG32611_10m.manifest.json,20210414,11,32611,32611,1,5,100.0,5/5,12.2,200.0,ok
SAR_Ship_Chip_20210414_UTM16N_EPSG32616_10m.manifest.json,20210414,16,32616,32616,1,13,100.0,13/13,0.3,194.0,ok
SAR_Ship_Chip_20210414_UTM18N_EPSG32618_10m.manifest.json,20210414,18,32618,32618,1,141,100.0,141/141,0.1,182.0,ok
SAR_Ship_Chip_20210414_UTM19N_EPSG32619_10m.manifest.json,20210414,19,32619,32619,1,28,100.0,28/28,1.52,147.0,ok
SAR_Ship_Chip_20210415_UTM04N_EPSG32604_10m.manifest.json,20210415,4,32604,32604,1,22,100.0,22/22,0.0,37.5,ok
SAR_Ship_Chip_20210415_UTM10N_EPSG32610_10m.manifest.json,20210415,10,32610,32610,1,97,100.0,97/97,0.0,199.0,ok
SAR_Ship_Chip_20210415_UTM14N_EPSG32614_10m.manifest.json,20210415,14,32614,32614,1,26,100.0,26/26,0.17,197.5,ok
SAR_Ship_Chip_20210415_UTM16N_EPSG32616_10m.manifest.json,20210415,16,32616,32616,1,32,100.0,32/32,0.1,141.0,ok
SAR_Ship_Chip_20210415_UTM17N_EPSG32617_10m.manifest.json,20210415,17,32617,32617,1,64,100.0,64/64,0.19,103.0,ok
SAR_Ship_Chip_20210415_UTM18N_EPSG32618_10m.manifest.json,20210415,18,32618,32618,1,4,100.0,4/4,7.1,60.5,ok
SAR_Ship_Chip_20210416_UTM04N_EPSG32604_10m.manifest.json,20210416,4,32604,32604,1,1,100.0,1/1,0.0,37.0,ok
SAR_Ship_Chip_20210416_UTM05N_EPSG32605_10m.manifest.json,20210416,5,32605,32605,1,1,100.0,1/1,0.15,55.0,ok
SAR_Ship_Chip_20210416_UTM10N_EPSG32610_10m.manifest.json,20210416,10,32610,32610,1,278,100.0,278/278,0.02,184.5,ok
SAR_Ship_Chip_20210416_UTM12N_EPSG32612_10m.manifest.json,20210416,12,32612,32612,1,2,100.0,2/2,12.57,208.5,ok
SAR_Ship_Chip_20210416_UTM15N_EPSG32615_10m.manifest.json,20210416,15,32615,32615,1,2,100.0,2/2,12.15,214.5,ok
SAR_Ship_Chip_20210416_UTM16N_EPSG32616_10m.manifest.json,20210416,16,32616,32616,1,1,100.0,1/1,8.1,88.0,ok
SAR_Ship_Chip_20210416_UTM18N_EPSG32618_10m.manifest.json,20210416,18,32618,32618,1,12,100.0,12/12,0.07,38.0,ok
SAR_Ship_Chip_20210416_UTM19N_EPSG32619_10m.manifest.json,20210416,19,32619,32619,1,116,100.0,116/116,0.0,71.0,ok
SAR_Ship_Chip_20210416_UTM20N_EPSG32620_10m.manifest.json,20210416,20,32620,32620,1,4,100.0,4/4,0.55,144.0,ok
SAR_Ship_Chip_20210418_UTM11N_EPSG32611_10m.manifest.json,20210418,11,32611,32611,1,221,100.0,221/221,0.01,249.0,ok
SAR_Ship_Chip_20210418_UTM17N_EPSG32617_10m.manifest.json,20210418,17,32617,32617,1,5,100.0,5/5,9.9,139.0,ok
SAR_Ship_Chip_20210418_UTM19N_EPSG32619_10m.manifest.json,20210418,19,32619,32619,1,4,100.0,4/4,8.61,138.5,ok
SAR_Ship_Chip_20210418_UTM20N_EPSG32620_10m.manifest.json,20210418,20,32620,32620,1,21,100.0,21/21,0.2,160.0,ok
SAR_Ship_Chip_20210419_UTM05N_EPSG32605_10m.manifest.json,20210419,5,32605,32605,1,1,100.0,1/1,8.14,36.0,ok
SAR_Ship_Chip_20210419_UTM09N_EPSG32609_10m.manifest.json,20210419,9,32609,32609,1,8,100.0,8/8,12.73,199.0,ok
SAR_Ship_Chip_20210419_UTM10N_EPSG32610_10m.manifest.json,20210419,10,32610,32610,1,189,100.0,189/189,0.0,150.0,ok
SAR_Ship_Chip_20210419_UTM11N_EPSG32611_10m.manifest.json,20210419,11,32611,32611,1,33,100.0,33/33,0.19,196.0,ok
SAR_Ship_Chip_20210417_UTM09N_EPSG32609_10m.manifest.json,20210417,9,32609,32609,1,4,100.0,4/4,11.7,199.5,ok
SAR_Ship_Chip_20210417_UTM10N_EPSG32610_10m.manifest.json,20210417,10,32610,32610,1,8,100.0,8/8,13.55,239.0,ok
SAR_Ship_Chip_20210417_UTM11N_EPSG32611_10m.manifest.json,20210417,11,32611,32611,1,131,100.0,131/131,0.06,242.0,ok
SAR_Ship_Chip_20210417_UTM14N_EPSG32614_10m.manifest.json,20210417,14,32614,32614,1,1,100.0,1/1,0.0,23.0,ok
SAR_Ship_Chip_20210417_UTM15N_EPSG32615_10m.manifest.json,20210417,15,32615,32615,1,400,100.0,400/400,0.0,179.0,ok
SAR_Ship_Chip_20210417_UTM17N_EPSG32617_10m.manifest.json,20210417,17,32617,32617,1,263,100.0,263/263,0.1,139.0,ok
SAR_Ship_Chip_20210417_UTM18N_EPSG32618_10m.manifest.json,20210417,18,32618,32618,1,11,100.0,11/11,14.5,134.0,ok
SAR_Ship_Chip_20210418_UTM04N_EPSG32604_10m.manifest.json,20210418,4,32604,32604,1,24,100.0,24/24,0.0,56.0,ok
SAR_Ship_Chip_20210421_UTM09N_EPSG32609_10m.manifest.json,20210421,9,32609,32609,1,22,100.0,22/22,9.94,181.0,ok
SAR_Ship_Chip_20210421_UTM10N_EPSG32610_10m.manifest.json,20210421,10,32610,32610,1,25,100.0,25/25,8.26,183.0,ok
SAR_Ship_Chip_20210421_UTM11N_EPSG32611_10m.manifest.json,20210421,11,32611,32611,1,1,100.0,1/1,16.2,199.0,ok
SAR_Ship_Chip_20210421_UTM12N_EPSG32612_10m.manifest.json,20210421,12,32612,32612,1,5,100.0,5/5,16.1,199.0,ok
SAR_Ship_Chip_20210421_UTM18N_EPSG32618_10m.manifest.json,20210421,18,32618,32618,1,139,100.0,139/139,0.0,45.0,ok
SAR_Ship_Chip_20210421_UTM19N_EPSG32619_10m.manifest.json,20210421,19,32619,32619,1,11,100.0,11/11,13.5,183.0,ok
SAR_Ship_Chip_20210421_UTM20N_EPSG32620_10m.manifest.json,20210421,20,32620,32620,1,38,100.0,38/38,0.1,143.0,ok
SAR_Ship_Chip_20210422_UTM04N_EPSG32604_10m.manifest.json,20210422,4,32604,32604,1,3,100.0,3/3,8.43,46.0,ok
SAR_Ship_Chip_20210419_UTM16N_EPSG32616_10m.manifest.json,20210419,16,32616,32616,1,337,100.0,337/337,0.1,97.0,ok
SAR_Ship_Chip_20210419_UTM17N_EPSG32617_10m.manifest.json,20210419,17,32617,32617,1,15,100.0,15/15,0.1,150.0,ok
SAR_Ship_Chip_20210419_UTM18N_EPSG32618_10m.manifest.json,20210419,18,32618,32618,1,105,100.0,105/105,0.0,178.0,ok
SAR_Ship_Chip_20210419_UTM19N_EPSG32619_10m.manifest.json,20210419,19,32619,32619,1,11,100.0,11/11,8.3,184.0,ok
SAR_Ship_Chip_20210420_UTM10N_EPSG32610_10m.manifest.json,20210420,10,32610,32610,1,76,100.0,76/76,0.1,183.0,ok
SAR_Ship_Chip_20210420_UTM16N_EPSG32616_10m.manifest.json,20210420,16,32616,32616,1,4,100.0,4/4,8.46,65.5,ok
SAR_Ship_Chip_20210420_UTM17N_EPSG32617_10m.manifest.json,20210420,17,32617,32617,1,77,100.0,77/77,0.8,220.0,ok
SAR_Ship_Chip_20210421_UTM04N_EPSG32604_10m.manifest.json,20210421,4,32604,32604,1,19,100.0,19/19,0.0,56.0,ok
SAR_Ship_Chip_20210424_UTM17N_EPSG32617_10m.manifest.json,20210424,17,32617,32617,1,31,100.0,31/31,0.09,138.0,ok
SAR_Ship_Chip_20210424_UTM18N_EPSG32618_10m.manifest.json,20210424,18,32618,32618,1,1,100.0,1/1,14.3,129.0,ok
SAR_Ship_Chip_20210424_UTM20N_EPSG32620_10m.manifest.json,20210424,20,32620,32620,1,1,100.0,1/1,11.6,171.0,ok
SAR_Ship_Chip_20210425_UTM05N_EPSG32605_10m.manifest.json,20210425,5,32605,32605,1,3,100.0,3/3,4.85,37.0,ok
SAR_Ship_Chip_20210425_UTM11N_EPSG32611_10m.manifest.json,20210425,11,32611,32611,1,28,100.0,28/28,0.47,178.5,ok
SAR_Ship_Chip_20210425_UTM12N_EPSG32612_10m.manifest.json,20210425,12,32612,32612,1,3,100.0,3/3,13.45,180.0,ok
SAR_Ship_Chip_20210425_UTM15N_EPSG32615_10m.manifest.json,20210425,15,32615,32615,1,4,100.0,4/4,0.0,210.5,ok
SAR_Ship_Chip_20210425_UTM16N_EPSG32616_10m.manifest.json,20210425,16,32616,32616,1,74,100.0,74/74,0.1,96.5,ok
SAR_Ship_Chip_20210422_UTM09N_EPSG32609_10m.manifest.json,20210422,9,32609,32609,1,2,100.0,2/2,11.75,204.5,ok
SAR_Ship_Chip_20210422_UTM10N_EPSG32610_10m.manifest.json,20210422,10,32610,32610,1,205,100.0,205/205,0.06,180.0,ok
SAR_Ship_Chip_20210422_UTM15N_EPSG32615_10m.manifest.json,20210422,15,32615,32615,1,200,100.0,200/200,0.0,172.5,ok
SAR_Ship_Chip_20210422_UTM17N_EPSG32617_10m.manifest.json,20210422,17,32617,32617,1,308,100.0,308/308,0.0,56.0,ok
SAR_Ship_Chip_20210423_UTM04N_EPSG32604_10m.manifest.json,20210423,4,32604,32604,1,2,100.0,2/2,7.41,154.5,ok
SAR_Ship_Chip_20210423_UTM10N_EPSG32610_10m.manifest.json,20210423,10,32610,32610,1,295,100.0,295/295,0.0,100.0,ok
SAR_Ship_Chip_20210423_UTM11N_EPSG32611_10m.manifest.json,20210423,11,32611,32611,1,127,100.0,127/127,0.07,207.0,ok
SAR_Ship_Chip_20210423_UTM15N_EPSG32615_10m.manifest.json,20210423,15,32615,32615,1,86,100.0,86/86,0.0,153.0,ok
SAR_Ship_Chip_20210423_UTM16N_EPSG32616_10m.manifest.json,20210423,16,32616,32616,1,1,100.0,1/1,0.4,78.0,ok
SAR_Ship_Chip_20210423_UTM17N_EPSG32617_10m.manifest.json,20210423,17,32617,32617,1,18,100.0,18/18,10.13,198.5,ok
SAR_Ship_Chip_20210423_UTM19N_EPSG32619_10m.manifest.json,20210423,19,32619,32619,1,54,100.0,54/54,4.06,71.0,ok
SAR_Ship_Chip_20210423_UTM20N_EPSG32620_10m.manifest.json,20210423,20,32620,32620,1,42,100.0,42/42,0.1,120.0,ok
SAR_Ship_Chip_20210424_UTM04N_EPSG32604_10m.manifest.json,20210424,4,32604,32604,1,25,100.0,25/25,0.0,56.0,ok
SAR_Ship_Chip_20210424_UTM09N_EPSG32609_10m.manifest.json,20210424,9,32609,32609,1,16,100.0,16/16,11.15,123.0,ok
SAR_Ship_Chip_20210424_UTM11N_EPSG32611_10m.manifest.json,20210424,11,32611,32611,1,238,100.0,238/238,0.07,244.0,ok
SAR_Ship_Chip_20210424_UTM15N_EPSG32615_10m.manifest.json,20210424,15,32615,32615,1,87,100.0,87/87,0.0,67.0,ok
SAR_Ship_Chip_20210425_UTM17N_EPSG32617_10m.manifest.json,20210425,17,32617,32617,1,25,100.0,25/25,11.25,183.0,ok
SAR_Ship_Chip_20210425_UTM20N_EPSG32620_10m.manifest.json,20210425,20,32620,32620,1,5,100.0,5/5,12.75,208.0,ok
SAR_Ship_Chip_20210426_UTM04N_EPSG32604_10m.manifest.json,20210426,4,32604,32604,1,1,100.0,1/1,8.64,36.0,ok
SAR_Ship_Chip_20210426_UTM10N_EPSG32610_10m.manifest.json,20210426,10,32610,32610,1,294,100.0,294/294,0.0,95.0,ok
SAR_Ship_Chip_20210426_UTM16N_EPSG32616_10m.manifest.json,20210426,16,32616,32616,1,14,100.0,14/14,0.05,210.5,ok
SAR_Ship_Chip_20210426_UTM18N_EPSG32618_10m.manifest.json,20210426,18,32618,32618,1,141,100.0,141/141,0.1,154.0,ok
SAR_Ship_Chip_20210426_UTM19N_EPSG32619_10m.manifest.json,20210426,19,32619,32619,1,24,100.0,24/24,10.08,145.5,ok
SAR_Ship_Chip_20210427_UTM04N_EPSG32604_10m.manifest.json,20210427,4,32604,32604,1,24,100.0,24/24,0.07,55.5,ok
SAR_Ship_Chip_20210427_UTM10N_EPSG32610_10m.manifest.json,20210427,10,32610,32610,1,106,100.0,106/106,0.01,183.0,ok
SAR_Ship_Chip_20210427_UTM14N_EPSG32614_10m.manifest.json,20210427,14,32614,32614,1,80,100.0,80/80,0.0,137.5,ok
SAR_Ship_Chip_20210427_UTM16N_EPSG32616_10m.manifest.json,20210427,16,32616,32616,1,35,100.0,35/35,0.07,137.0,ok
SAR_Ship_Chip_20210427_UTM17N_EPSG32617_10m.manifest.json,20210427,17,32617,32617,1,69,100.0,69/69,0.4,139.0,ok
SAR_Ship_Chip_20210428_UTM04N_EPSG32604_10m.manifest.json,20210428,4,32604,32604,1,4,100.0,4/4,4.02,38.5,ok
SAR_Ship_Chip_20210428_UTM05N_EPSG32605_10m.manifest.json,20210428,5,32605,32605,1,3,100.0,3/3,6.7,36.0,ok
SAR_Ship_Chip_20210428_UTM10N_EPSG32610_10m.manifest.json,20210428,10,32610,32610,1,187,100.0,187/187,0.0,180.0,ok
SAR_Ship_Chip_20210428_UTM15N_EPSG32615_10m.manifest.json,20210428,15,32615,32615,1,18,100.0,18/18,0.8,82.5,ok
SAR_Ship_Chip_20210428_UTM16N_EPSG32616_10m.manifest.json,20210428,16,32616,32616,1,23,100.0,23/23,9.1,207.0,ok
SAR_Ship_Chip_20210428_UTM18N_EPSG32618_10m.manifest.json,20210428,18,32618,32618,1,8,100.0,8/8,0.0,139.5,ok
SAR_Ship_Chip_20210428_UTM19N_EPSG32619_10m.manifest.json,20210428,19,32619,32619,1,170,100.0,170/170,0.85,73.0,ok
SAR_Ship_Chip_20210428_UTM20N_EPSG32620_10m.manifest.json,20210428,20,32620,32620,1,3,100.0,3/3,5.6,95.0,ok
SAR_Ship_Chip_20210429_UTM09N_EPSG32609_10m.manifest.json,20210429,9,32609,32609,1,7,100.0,7/7,6.98,224.0,ok
SAR_Ship_Chip_20210429_UTM10N_EPSG32610_10m.manifest.json,20210429,10,32610,32610,1,5,100.0,5/5,16.3,199.0,ok
SAR_Ship_Chip_20210429_UTM11N_EPSG32611_10m.manifest.json,20210429,11,32611,32611,1,128,100.0,128/128,0.05,226.0,ok
SAR_Ship_Chip_20210429_UTM14N_EPSG32614_10m.manifest.json,20210429,14,32614,32614,1,11,100.0,11/11,9.7,196.0,ok
SAR_Ship_Chip_20210503_UTM20N_EPSG32620_10m.manifest.json,20210503,20,32620,32620,1,45,100.0,45/45,0.14,125.0,ok
SAR_Ship_Chip_20210504_UTM04N_EPSG32604_10m.manifest.json,20210504,4,32604,32604,1,3,100.0,3/3,12.0,224.0,ok
SAR_Ship_Chip_20210504_UTM05N_EPSG32605_10m.manifest.json,20210504,5,32605,32605,1,2,100.0,2/2,7.34,31.5,ok
SAR_Ship_Chip_20210504_UTM10N_EPSG32610_10m.manifest.json,20210504,10,32610,32610,1,194,100.0,194/194,0.1,182.5,ok
SAR_Ship_Chip_20210504_UTM14N_EPSG32614_10m.manifest.json,20210504,14,32614,32614,1,1,100.0,1/1,0.0,99.0,ok
SAR_Ship_Chip_20210504_UTM15N_EPSG32615_10m.manifest.json,20210504,15,32615,32615,1,242,100.0,242/242,0.0,179.0,ok
SAR_Ship_Chip_20210504_UTM17N_EPSG32617_10m.manifest.json,20210504,17,32617,32617,1,313,100.0,313/313,0.0,55.0,ok
SAR_Ship_Chip_20210505_UTM04N_EPSG32604_10m.manifest.json,20210505,4,32604,32604,1,1,100.0,1/1,0.99,229.0,ok
SAR_Ship_Chip_20210501_UTM09N_EPSG32609_10m.manifest.json,20210501,9,32609,32609,1,10,100.0,10/10,12.85,183.0,ok
SAR_Ship_Chip_20210501_UTM10N_EPSG32610_10m.manifest.json,20210501,10,32610,32610,1,185,100.0,185/185,0.07,139.0,ok
SAR_Ship_Chip_20210501_UTM11N_EPSG32611_10m.manifest.json,20210501,11,32611,32611,1,31,100.0,31/31,0.09,142.0,ok
SAR_Ship_Chip_20210501_UTM16N_EPSG32616_10m.manifest.json,20210501,16,32616,32616,1,307,100.0,307/307,0.0,92.0,ok
SAR_Ship_Chip_20210501_UTM17N_EPSG32617_10m.manifest.json,20210501,17,32617,32617,1,34,100.0,34/34,0.1,159.5,ok
SAR_Ship_Chip_20210501_UTM18N_EPSG32618_10m.manifest.json,20210501,18,32618,32618,1,119,100.0,119/119,0.0,189.0,ok
SAR_Ship_Chip_20210501_UTM19N_EPSG32619_10m.manifest.json,20210501,19,32619,32619,1,4,100.0,4/4,15.7,253.5,ok
SAR_Ship_Chip_20210502_UTM10N_EPSG32610_10m.manifest.json,20210502,10,32610,32610,1,74,100.0,74/74,0.0,183.0,ok
SAR_Ship_Chip_20210429_UTM15N_EPSG32615_10m.manifest.json,20210429,15,32615,32615,1,450,100.0,450/450,0.0,159.0,ok
SAR_Ship_Chip_20210429_UTM17N_EPSG32617_10m.manifest.json,20210429,17,32617,32617,1,239,100.0,239/239,0.1,140.0,ok
SAR_Ship_Chip_20210430_UTM04N_EPSG32604_10m.manifest.json,20210430,4,32604,32604,1,27,100.0,27/27,0.0,56.0,ok
SAR_Ship_Chip_20210430_UTM11N_EPSG32611_10m.manifest.json,20210430,11,32611,32611,1,238,100.0,238/238,0.0,238.0,ok
SAR_Ship_Chip_20210430_UTM17N_EPSG32617_10m.manifest.json,20210430,17,32617,32617,1,9,100.0,9/9,13.4,225.0,ok
SAR_Ship_Chip_20210430_UTM19N_EPSG32619_10m.manifest.json,20210430,19,32619,32619,1,7,100.0,7/7,7.8,179.0,ok
SAR_Ship_Chip_20210430_UTM20N_EPSG32620_10m.manifest.json,20210430,20,32620,32620,1,5,100.0,5/5,0.0,114.0,ok
SAR_Ship_Chip_20210501_UTM05N_EPSG32605_10m.manifest.json,20210501,5,32605,32605,1,3,100.0,3/3,7.74,37.0,ok
SAR_Ship_Chip_20210502_UTM16N_EPSG32616_10m.manifest.json,20210502,16,32616,32616,1,9,100.0,9/9,4.12,62.0,ok
SAR_Ship_Chip_20210502_UTM17N_EPSG32617_10m.manifest.json,20210502,17,32617,32617,1,32,100.0,32/32,6.8,218.5,ok
SAR_Ship_Chip_20210503_UTM04N_EPSG32604_10m.manifest.json,20210503,4,32604,32604,1,24,100.0,24/24,0.02,68.5,ok
SAR_Ship_Chip_20210503_UTM09N_EPSG32609_10m.manifest.json,20210503,9,32609,32609,1,22,100.0,22/22,7.3,56.5,ok
SAR_Ship_Chip_20210503_UTM10N_EPSG32610_10m.manifest.json,20210503,10,32610,32610,1,27,100.0,27/27,6.38,199.0,ok
SAR_Ship_Chip_20210503_UTM14N_EPSG32614_10m.manifest.json,20210503,14,32614,32614,1,9,100.0,9/9,9.0,183.0,ok
SAR_Ship_Chip_20210503_UTM18N_EPSG32618_10m.manifest.json,20210503,18,32618,32618,1,147,100.0,147/147,0.01,44.0,ok
SAR_Ship_Chip_20210503_UTM19N_EPSG32619_10m.manifest.json,20210503,19,32619,32619,1,6,100.0,6/6,10.05,186.0,ok
SAR_Ship_Chip_20210506_UTM09N_EPSG32609_10m.manifest.json,20210506,9,32609,32609,1,20,100.0,20/20,9.92,125.5,ok
SAR_Ship_Chip_20210506_UTM11N_EPSG32611_10m.manifest.json,20210506,11,32611,32611,1,167,100.0,167/167,0.04,225.0,ok
SAR_Ship_Chip_20210506_UTM15N_EPSG32615_10m.manifest.json,20210506,15,32615,32615,1,103,100.0,103/103,0.06,62.0,ok
SAR_Ship_Chip_20210506_UTM17N_EPSG32617_10m.manifest.json,20210506,17,32617,32617,1,45,100.0,45/45,2.67,181.0,ok
SAR_Ship_Chip_20210507_UTM05N_EPSG32605_10m.manifest.json,20210507,5,32605,32605,1,5,100.0,5/5,4.5,36.0,ok
SAR_Ship_Chip_20210507_UTM11N_EPSG32611_10m.manifest.json,20210507,11,32611,32611,1,31,100.0,31/31,0.1,183.0,ok
SAR_Ship_Chip_20210507_UTM15N_EPSG32615_10m.manifest.json,20210507,15,32615,32615,1,6,100.0,6/6,0.0,165.0,ok
SAR_Ship_Chip_20210507_UTM16N_EPSG32616_10m.manifest.json,20210507,16,32616,32616,1,55,100.0,55/55,0.0,146.0,ok
SAR_Ship_Chip_20210505_UTM10N_EPSG32610_10m.manifest.json,20210505,10,32610,32610,1,300,100.0,300/300,0.0,83.5,ok
SAR_Ship_Chip_20210505_UTM11N_EPSG32611_10m.manifest.json,20210505,11,32611,32611,1,124,100.0,124/124,0.0,228.5,ok
SAR_Ship_Chip_20210505_UTM15N_EPSG32615_10m.manifest.json,20210505,15,32615,32615,1,85,100.0,85/85,0.0,159.0,ok
SAR_Ship_Chip_20210505_UTM16N_EPSG32616_10m.manifest.json,20210505,16,32616,32616,1,3,100.0,3/3,9.83,204.0,ok
SAR_Ship_Chip_20210505_UTM17N_EPSG32617_10m.manifest.json,20210505,17,32617,32617,1,18,100.0,18/18,7.04,221.5,ok
SAR_Ship_Chip_20210505_UTM19N_EPSG32619_10m.manifest.json,20210505,19,32619,32619,1,55,100.0,55/55,8.5,71.0,ok
SAR_Ship_Chip_20210505_UTM20N_EPSG32620_10m.manifest.json,20210505,20,32620,32620,1,38,100.0,38/38,0.79,139.5,ok
SAR_Ship_Chip_20210506_UTM04N_EPSG32604_10m.manifest.json,20210506,4,32604,32604,1,28,100.0,28/28,0.0,65.5,ok
SAR_Ship_Chip_20210509_UTM14N_EPSG32614_10m.manifest.json,20210509,14,32614,32614,1,64,100.0,64/64,0.0,53.0,ok
SAR_Ship_Chip_20210509_UTM15N_EPSG32615_10m.manifest.json,20210509,15,32615,32615,1,1,100.0,1/1,2.78,325.0,ok
SAR_Ship_Chip_20210509_UTM16N_EPSG32616_10m.manifest.json,20210509,16,32616,32616,1,31,100.0,31/31,3.4,154.0,ok
SAR_Ship_Chip_20210509_UTM17N_EPSG32617_10m.manifest.json,20210509,17,32617,32617,1,71,100.0,71/71,1.64,170.0,ok
SAR_Ship_Chip_20210510_UTM04N_EPSG32604_10m.manifest.json,20210510,4,32604,32604,1,3,100.0,3/3,13.66,199.0,ok
SAR_Ship_Chip_20210510_UTM05N_EPSG32605_10m.manifest.json,20210510,5,32605,32605,1,1,100.0,1/1,6.1,37.0,ok
SAR_Ship_Chip_20210510_UTM10N_EPSG32610_10m.manifest.json,20210510,10,32610,32610,1,253,100.0,253/253,0.09,183.0,ok
SAR_Ship_Chip_20210510_UTM12N_EPSG32612_10m.manifest.json,20210510,12,32612,32612,1,1,100.0,1/1,12.5,189.0,ok
SAR_Ship_Chip_20210507_UTM17N_EPSG32617_10m.manifest.json,20210507,17,32617,32617,1,10,100.0,10/10,11.65,180.5,ok
SAR_Ship_Chip_20210508_UTM10N_EPSG32610_10m.manifest.json,20210508,10,32610,32610,1,296,100.0,296/296,0.0,84.0,ok
SAR_Ship_Chip_20210508_UTM11N_EPSG32611_10m.manifest.json,20210508,11,32611,32611,1,11,100.0,11/11,13.0,228.0,ok
SAR_Ship_Chip_20210508_UTM16N_EPSG32616_10m.manifest.json,20210508,16,32616,32616,1,10,100.0,10/10,4.37,198.0,ok
SAR_Ship_Chip_20210508_UTM18N_EPSG32618_10m.manifest.json,20210508,18,32618,32618,1,129,100.0,129/129,0.2,183.0,ok
SAR_Ship_Chip_20210508_UTM19N_EPSG32619_10m.manifest.json,20210508,19,32619,32619,1,22,100.0,22/22,8.53,149.0,ok
SAR_Ship_Chip_20210509_UTM04N_EPSG32604_10m.manifest.json,20210509,4,32604,32604,1,26,100.0,26/26,0.0,65.5,ok
SAR_Ship_Chip_20210509_UTM10N_EPSG32610_10m.manifest.json,20210509,10,32610,32610,1,83,100.0,83/83,0.1,199.0,ok
SAR_Ship_Chip_20210510_UTM15N_EPSG32615_10m.manifest.json,20210510,15,32615,32615,1,1,100.0,1/1,8.0,274.0,ok
SAR_Ship_Chip_20210510_UTM16N_EPSG32616_10m.manifest.json,20210510,16,32616,32616,1,31,100.0,31/31,10.6,192.0,ok
SAR_Ship_Chip_20210510_UTM19N_EPSG32619_10m.manifest.json,20210510,19,32619,32619,1,100,100.0,100/100,0.0,71.0,ok
SAR_Ship_Chip_20210510_UTM20N_EPSG32620_10m.manifest.json,20210510,20,32620,32620,1,3,100.0,3/3,7.52,183.0,ok
SAR_Ship_Chip_20210511_UTM04N_EPSG32604_10m.manifest.json,20210511,4,32604,32604,1,2,100.0,2/2,6.31,158.5,ok
SAR_Ship_Chip_20210511_UTM09N_EPSG32609_10m.manifest.json,20210511,9,32609,32609,1,2,100.0,2/2,13.61,214.0,ok
SAR_Ship_Chip_20210511_UTM10N_EPSG32610_10m.manifest.json,20210511,10,32610,32610,1,14,100.0,14/14,11.81,230.5,ok
SAR_Ship_Chip_20210511_UTM11N_EPSG32611_10m.manifest.json,20210511,11,32611,32611,1,121,100.0,121/121,0.0,210.0,ok
SAR_Ship_Chip_20210513_UTM09N_EPSG32609_10m.manifest.json,20210513,9,32609,32609,1,10,100.0,10/10,10.55,186.5,ok
SAR_Ship_Chip_20210513_UTM10N_EPSG32610_10m.manifest.json,20210513,10,32610,32610,1,173,100.0,173/173,0.07,91.0,ok
SAR_Ship_Chip_20210513_UTM11N_EPSG32611_10m.manifest.json,20210513,11,32611,32611,1,41,100.0,41/41,0.14,183.0,ok
SAR_Ship_Chip_20210513_UTM19N_EPSG32619_10m.manifest.json,20210513,19,32619,32619,1,12,100.0,12/12,12.82,177.5,ok
SAR_Ship_Chip_20210514_UTM10N_EPSG32610_10m.manifest.json,20210514,10,32610,32610,1,80,100.0,80/80,0.04,183.0,ok
SAR_Ship_Chip_20210514_UTM16N_EPSG32616_10m.manifest.json,20210514,16,32616,32616,1,7,100.0,7/7,0.0,99.0,ok
SAR_Ship_Chip_20210514_UTM17N_EPSG32617_10m.manifest.json,20210514,17,32617,32617,1,18,100.0,18/18,12.49,181.5,ok
SAR_Ship_Chip_20210515_UTM04N_EPSG32604_10m.manifest.json,20210515,4,32604,32604,1,23,100.0,23/23,0.06,63.0,ok
SAR_Ship_Chip_20210515_UTM09N_EPSG32609_10m.manifest.json,20210515,9,32609,32609,1,24,100.0,24/24,8.34,113.0,ok
SAR_Ship_Chip_20210515_UTM10N_EPSG32610_10m.manifest.json,20210515,10,32610,32610,1,49,100.0,49/49,5.9,212.0,ok
SAR_Ship_Chip_20210515_UTM12N_EPSG32612_10m.manifest.json,20210515,12,32612,32612,1,1,100.0,1/1,14.48,334.0,ok
SAR_Ship_Chip_20210515_UTM19N_EPSG32619_10m.manifest.json,20210515,19,32619,32619,1,3,100.0,3/3,12.4,210.0,ok
SAR_Ship_Chip_20210515_UTM20N_EPSG32620_10m.manifest.json,20210515,20,32620,32620,1,48,100.0,48/48,0.77,126.0,ok
SAR_Ship_Chip_20210516_UTM05N_EPSG32605_10m.manifest.json,20210516,5,32605,32605,1,1,100.0,1/1,7.39,37.0,ok
SAR_Ship_Chip_20210516_UTM10N_EPSG32610_10m.manifest.json,20210516,10,32610,32610,1,6,100.0,6/6,5.45,78.5,ok
SAR_Ship_Chip_20210516_UTM15N_EPSG32615_10m.manifest.json,20210516,15,32615,32615,1,202,100.0,202/202,0.0,160.0,ok
SAR_Ship_Chip_20210511_UTM14N_EPSG32614_10m.manifest.json,20210511,14,32614,32614,1,15,100.0,15/15,0.1,180.0,ok
SAR_Ship_Chip_20210511_UTM15N_EPSG32615_10m.manifest.json,20210511,15,32615,32615,1,431,100.0,431/431,0.0,179.0,ok
SAR_Ship_Chip_20210511_UTM17N_EPSG32617_10m.manifest.json,20210511,17,32617,32617,1,271,100.0,271/271,0.03,139.0,ok
SAR_Ship_Chip_20210512_UTM04N_EPSG32604_10m.manifest.json,20210512,4,32604,32604,1,25,100.0,25/25,0.24,37.0,ok
SAR_Ship_Chip_20210512_UTM11N_EPSG32611_10m.manifest.json,20210512,11,32611,32611,1,208,100.0,208/208,0.0,209.0,ok
SAR_Ship_Chip_20210512_UTM17N_EPSG32617_10m.manifest.json,20210512,17,32617,32617,1,14,100.0,14/14,15.45,194.0,ok
SAR_Ship_Chip_20210512_UTM19N_EPSG32619_10m.manifest.json,20210512,19,32619,32619,1,4,100.0,4/4,14.12,182.0,ok
SAR_Ship_Chip_20210513_UTM05N_EPSG32605_10m.manifest.json,20210513,5,32605,32605,1,1,100.0,1/1,0.0,26.0,ok
SAR_Ship_Chip_20210518_UTM09N_EPSG32609_10m.manifest.json,20210518,9,32609,32609,1,8,100.0,8/8,9.34,56.5,ok
SAR_Ship_Chip_20210518_UTM11N_EPSG32611_10m.manifest.json,20210518,11,32611,32611,1,252,100.0,252/252,0.0,228.0,ok
SAR_Ship_Chip_20210518_UTM15N_EPSG32615_10m.manifest.json,20210518,15,32615,32615,1,86,100.0,86/86,0.0,62.5,ok
SAR_Ship_Chip_20210518_UTM17N_EPSG32617_10m.manifest.json,20210518,17,32617,32617,1,38,100.0,38/38,1.17,141.5,ok
SAR_Ship_Chip_20210518_UTM18N_EPSG32618_10m.manifest.json,20210518,18,32618,32618,1,1,100.0,1/1,21.7,299.0,ok
SAR_Ship_Chip_20210518_UTM20N_EPSG32620_10m.manifest.json,20210518,20,32620,32620,1,1,100.0,1/1,17.4,160.0,ok
SAR_Ship_Chip_20210519_UTM11N_EPSG32611_10m.manifest.json,20210519,11,32611,32611,1,26,100.0,26/26,0.02,119.5,ok
SAR_Ship_Chip_20210519_UTM12N_EPSG32612_10m.manifest.json,20210519,12,32612,32612,1,2,100.0,2/2,13.4,147.0,ok
SAR_Ship_Chip_20210520_UTM19N_EPSG32619_10m.manifest.json,20210520,19,32619,32619,1,20,100.0,20/20,10.4,162.0,ok
SAR_Ship_Chip_20210521_UTM04N_EPSG32604_10m.manifest.json,20210521,4,32604,32604,1,26,100.0,26/26,0.0,65.5,ok
SAR_Ship_Chip_20210521_UTM10N_EPSG32610_10m.manifest.json,20210521,10,32610,32610,1,99,100.0,99/99,0.1,200.0,ok
SAR_Ship_Chip_20210521_UTM14N_EPSG32614_10m.manifest.json,20210521,14,32614,32614,1,75,100.0,75/75,0.0,120.0,ok
SAR_Ship_Chip_20210521_UTM16N_EPSG32616_10m.manifest.json,20210521,16,32616,32616,1,40,100.0,40/40,9.48,142.5,ok
SAR_Ship_Chip_20210521_UTM17N_EPSG32617_10m.manifest.json,20210521,17,32617,32617,1,51,100.0,51/51,0.05,53.0,ok
SAR_Ship_Chip_20210522_UTM04N_EPSG32604_10m.manifest.json,20210522,4,32604,32604,1,2,100.0,2/2,0.0,31.0,ok
SAR_Ship_Chip_20210522_UTM05N_EPSG32605_10m.manifest.json,20210522,5,32605,32605,1,3,100.0,3/3,0.13,37.0,ok
SAR_Ship_Chip_20210516_UTM17N_EPSG32617_10m.manifest.json,20210516,17,32617,32617,1,291,100.0,291/291,0.0,52.0,ok
SAR_Ship_Chip_20210517_UTM04N_EPSG32604_10m.manifest.json,20210517,4,32604,32604,1,1,100.0,1/1,11.74,274.0,ok
SAR_Ship_Chip_20210517_UTM10N_EPSG32610_10m.manifest.json,20210517,10,32610,32610,1,295,100.0,295/295,0.0,94.0,ok
SAR_Ship_Chip_20210517_UTM11N_EPSG32611_10m.manifest.json,20210517,11,32611,32611,1,129,100.0,129/129,0.02,228.0,ok
SAR_Ship_Chip_20210517_UTM15N_EPSG32615_10m.manifest.json,20210517,15,32615,32615,1,96,100.0,96/96,0.0,173.0,ok
SAR_Ship_Chip_20210517_UTM19N_EPSG32619_10m.manifest.json,20210517,19,32619,32619,1,60,100.0,60/60,6.7,71.0,ok
SAR_Ship_Chip_20210517_UTM20N_EPSG32620_10m.manifest.json,20210517,20,32620,32620,1,44,100.0,44/44,0.69,127.5,ok
SAR_Ship_Chip_20210518_UTM04N_EPSG32604_10m.manifest.json,20210518,4,32604,32604,1,23,100.0,23/23,0.1,71.0,ok
SAR_Ship_Chip_20210519_UTM15N_EPSG32615_10m.manifest.json,20210519,15,32615,32615,1,6,100.0,6/6,0.0,181.5,ok
SAR_Ship_Chip_20210519_UTM16N_EPSG32616_10m.manifest.json,20210519,16,32616,32616,1,61,100.0,61/61,0.1,138.0,ok
SAR_Ship_Chip_20210519_UTM17N_EPSG32617_10m.manifest.json,20210519,17,32617,32617,1,3,100.0,3/3,12.4,190.0,ok
SAR_Ship_Chip_20210520_UTM04N_EPSG32604_10m.manifest.json,20210520,4,32604,32604,1,2,100.0,2/2,1.1,90.5,ok
SAR_Ship_Chip_20210520_UTM10N_EPSG32610_10m.manifest.json,20210520,10,32610,32610,1,298,100.0,298/298,0.0,90.5,ok
SAR_Ship_Chip_20210520_UTM11N_EPSG32611_10m.manifest.json,20210520,11,32611,32611,1,11,100.0,11/11,13.6,288.0,ok
SAR_Ship_Chip_20210520_UTM16N_EPSG32616_10m.manifest.json,20210520,16,32616,32616,1,11,100.0,11/11,9.36,122.0,ok
SAR_Ship_Chip_20210520_UTM18N_EPSG32618_10m.manifest.json,20210520,18,32618,32618,1,131,100.0,131/131,0.0,173.0,ok
SAR_Ship_Chip_20210522_UTM10N_EPSG32610_10m.manifest.json,20210522,10,32610,32610,1,357,100.0,357/357,0.09,179.0,ok
SAR_Ship_Chip_20210522_UTM16N_EPSG32616_10m.manifest.json,20210522,16,32616,32616,1,37,100.0,37/37,0.64,184.0,ok
SAR_Ship_Chip_20210522_UTM18N_EPSG32618_10m.manifest.json,20210522,18,32618,32618,1,15,100.0,15/15,0.0,46.0,ok
SAR_Ship_Chip_20210522_UTM19N_EPSG32619_10m.manifest.json,20210522,19,32619,32619,1,137,100.0,137/137,0.08,70.0,ok
SAR_Ship_Chip_20210522_UTM20N_EPSG32620_10m.manifest.json,20210522,20,32620,32620,1,3,100.0,3/3,11.36,105.0,ok
SAR_Ship_Chip_20210523_UTM04N_EPSG32604_10m.manifest.json,20210523,4,32604,32604,1,4,100.0,4/4,1.96,36.0,ok
SAR_Ship_Chip_20210523_UTM09N_EPSG32609_10m.manifest.json,20210523,9,32609,32609,1,3,100.0,3/3,11.79,228.0,ok
SAR_Ship_Chip_20210523_UTM10N_EPSG32610_10m.manifest.json,20210523,10,32610,32610,1,18,100.0,18/18,12.15,197.0,ok
SAR_Ship_Chip_20210525_UTM20N_EPSG32620_10m.manifest.json,20210525,20,32620,32620,1,11,100.0,11/11,7.1,41.0,ok
SAR_Ship_Chip_20210526_UTM04N_EPSG32604_10m.manifest.json,20210526,4,32604,32604,1,1,100.0,1/1,23.35,217.0,ok
SAR_Ship_Chip_20210526_UTM10N_EPSG32610_10m.manifest.json,20210526,10,32610,32610,1,88,100.0,88/88,0.11,100.0,ok
SAR_Ship_Chip_20210526_UTM16N_EPSG32616_10m.manifest.json,20210526,16,32616,32616,1,20,100.0,20/20,0.0,48.0,ok
SAR_Ship_Chip_20210526_UTM17N_EPSG32617_10m.manifest.json,20210526,17,32617,32617,1,26,100.0,26/26,10.2,215.5,ok
SAR_Ship_Chip_20210526_UTM20N_EPSG32620_10m.manifest.json,20210526,20,32620,32620,1,1,100.0,1/1,0.0,250.0,ok
SAR_Ship_Chip_20210527_UTM04N_EPSG32604_10m.manifest.json,20210527,4,32604,32604,1,29,100.0,29/29,0.03,71.0,ok
SAR_Ship_Chip_20210527_UTM12N_EPSG32612_10m.manifest.json,20210527,12,32612,32612,1,14,100.0,14/14,12.9,199.0,ok
SAR_Ship_Chip_20210525_UTM05N_EPSG32605_10m.manifest.json,20210525,5,32605,32605,1,7,100.0,7/7,3.36,37.0,ok
SAR_Ship_Chip_20210525_UTM09N_EPSG32609_10m.manifest.json,20210525,9,32609,32609,1,8,100.0,8/8,10.11,140.5,ok
SAR_Ship_Chip_20210525_UTM10N_EPSG32610_10m.manifest.json,20210525,10,32610,32610,1,174,100.0,174/174,0.0,110.0,ok
SAR_Ship_Chip_20210525_UTM11N_EPSG32611_10m.manifest.json,20210525,11,32611,32611,1,37,100.0,37/37,0.2,199.0,ok
SAR_Ship_Chip_20210525_UTM16N_EPSG32616_10m.manifest.json,20210525,16,32616,32616,1,298,100.0,298/298,0.07,91.5,ok
SAR_Ship_Chip_20210525_UTM17N_EPSG32617_10m.manifest.json,20210525,17,32617,32617,1,28,100.0,28/28,0.1,146.5,ok
SAR_Ship_Chip_20210525_UTM18N_EPSG32618_10m.manifest.json,20210525,18,32618,32618,1,123,100.0,123/123,0.0,177.0,ok
SAR_Ship_Chip_20210525_UTM19N_EPSG32619_10m.manifest.json,20210525,19,32619,32619,1,7,100.0,7/7,9.6,132.0,ok
SAR_Ship_Chip_20210523_UTM11N_EPSG32611_10m.manifest.json,20210523,11,32611,32611,1,126,100.0,126/126,0.03,228.0,ok
SAR_Ship_Chip_20210523_UTM14N_EPSG32614_10m.manifest.json,20210523,14,32614,32614,1,3,100.0,3/3,4.4,90.0,ok
SAR_Ship_Chip_20210523_UTM15N_EPSG32615_10m.manifest.json,20210523,15,32615,32615,1,389,100.0,389/389,0.06,180.0,ok
SAR_Ship_Chip_20210523_UTM17N_EPSG32617_10m.manifest.json,20210523,17,32617,32617,1,161,100.0,161/161,0.07,74.0,ok
SAR_Ship_Chip_20210524_UTM04N_EPSG32604_10m.manifest.json,20210524,4,32604,32604,1,28,100.0,28/28,0.0,68.5,ok
SAR_Ship_Chip_20210524_UTM11N_EPSG32611_10m.manifest.json,20210524,11,32611,32611,1,263,100.0,263/263,0.01,228.0,ok
SAR_Ship_Chip_20210524_UTM17N_EPSG32617_10m.manifest.json,20210524,17,32617,32617,1,4,100.0,4/4,12.5,178.5,ok
SAR_Ship_Chip_20210524_UTM19N_EPSG32619_10m.manifest.json,20210524,19,32619,32619,1,14,100.0,14/14,5.77,155.0,ok
SAR_Ship_Chip_20210529_UTM04N_EPSG32604_10m.manifest.json,20210529,4,32604,32604,1,2,100.0,2/2,6.06,44.5,ok
SAR_Ship_Chip_20210529_UTM05N_EPSG32605_10m.manifest.json,20210529,5,32605,32605,1,1,100.0,1/1,20.5,247.0,ok
SAR_Ship_Chip_20210529_UTM10N_EPSG32610_10m.manifest.json,20210529,10,32610,32610,1,291,100.0,291/291,0.0,91.0,ok
SAR_Ship_Chip_20210529_UTM11N_EPSG32611_10m.manifest.json,20210529,11,32611,32611,1,131,100.0,131/131,0.07,250.0,ok
SAR_Ship_Chip_20210529_UTM12N_EPSG32612_10m.manifest.json,20210529,12,32612,32612,1,8,100.0,8/8,12.99,199.5,ok
SAR_Ship_Chip_20210529_UTM15N_EPSG32615_10m.manifest.json,20210529,15,32615,32615,1,102,100.0,102/102,0.0,171.0,ok
SAR_Ship_Chip_20210529_UTM17N_EPSG32617_10m.manifest.json,20210529,17,32617,32617,1,14,100.0,14/14,3.45,57.5,ok
SAR_Ship_Chip_20210529_UTM19N_EPSG32619_10m.manifest.json,20210529,19,32619,32619,1,61,100.0,61/61,0.0,71.0,ok
SAR_Ship_Chip_20210527_UTM18N_EPSG32618_10m.manifest.json,20210527,18,32618,32618,1,181,100.0,181/181,0.06,88.0,ok
SAR_Ship_Chip_20210527_UTM19N_EPSG32619_10m.manifest.json,20210527,19,32619,32619,1,3,100.0,3/3,11.2,144.0,ok
SAR_Ship_Chip_20210527_UTM20N_EPSG32620_10m.manifest.json,20210527,20,32620,32620,1,33,100.0,33/33,0.5,90.0,ok
SAR_Ship_Chip_20210528_UTM04N_EPSG32604_10m.manifest.json,20210528,4,32604,32604,1,4,100.0,4/4,9.47,45.5,ok
SAR_Ship_Chip_20210528_UTM05N_EPSG32605_10m.manifest.json,20210528,5,32605,32605,1,2,100.0,2/2,9.67,104.5,ok
SAR_Ship_Chip_20210528_UTM10N_EPSG32610_10m.manifest.json,20210528,10,32610,32610,1,210,100.0,210/210,0.06,183.0,ok
SAR_Ship_Chip_20210528_UTM15N_EPSG32615_10m.manifest.json,20210528,15,32615,32615,1,226,100.0,226/226,0.0,179.5,ok
SAR_Ship_Chip_20210528_UTM17N_EPSG32617_10m.manifest.json,20210528,17,32617,32617,1,261,100.0,261/261,0.0,59.0,ok
SAR_Ship_Chip_20210529_UTM20N_EPSG32620_10m.manifest.json,20210529,20,32620,32620,1,36,100.0,36/36,0.22,112.0,ok
SAR_Ship_Chip_20210530_UTM04N_EPSG32604_10m.manifest.json,20210530,4,32604,32604,1,29,100.0,29/29,0.0,71.0,ok
SAR_Ship_Chip_20210530_UTM09N_EPSG32609_10m.manifest.json,20210530,9,32609,32609,1,27,100.0,27/27,8.9,57.0,ok
SAR_Ship_Chip_20210530_UTM11N_EPSG32611_10m.manifest.json,20210530,11,32611,32611,1,207,100.0,207/207,0.0,250.0,ok
SAR_Ship_Chip_20210530_UTM15N_EPSG32615_10m.manifest.json,20210530,15,32615,32615,1,109,100.0,109/109,0.1,76.0,ok
SAR_Ship_Chip_20210530_UTM17N_EPSG32617_10m.manifest.json,20210530,17,32617,32617,1,49,100.0,49/49,0.0,144.0,ok
SAR_Ship_Chip_20210530_UTM18N_EPSG32618_10m.manifest.json,20210530,18,32618,32618,1,10,100.0,10/10,12.75,223.0,ok
SAR_Ship_Chip_20210530_UTM20N_EPSG32620_10m.manifest.json,20210530,20,32620,32620,1,1,100.0,1/1,8.4,105.0,ok
SAR_Ship_Chip_20210531_UTM05N_EPSG32605_10m.manifest.json,20210531,5,32605,32605,1,2,100.0,2/2,5.35,35.0,ok
SAR_Ship_Chip_20210531_UTM11N_EPSG32611_10m.manifest.json,20210531,11,32611,32611,1,31,100.0,31/31,0.1,139.0,ok
SAR_Ship_Chip_20210531_UTM12N_EPSG32612_10m.manifest.json,20210531,12,32612,32612,1,2,100.0,2/2,7.74,170.5,ok
SAR_Ship_Chip_20210531_UTM15N_EPSG32615_10m.manifest.json,20210531,15,32615,32615,1,5,100.0,5/5,0.0,199.0,ok
SAR_Ship_Chip_20210531_UTM16N_EPSG32616_10m.manifest.json,20210531,16,32616,32616,1,70,100.0,70/70,0.1,85.0,ok
SAR_Ship_Chip_20210531_UTM17N_EPSG32617_10m.manifest.json,20210531,17,32617,32617,1,5,100.0,5/5,12.3,183.0,ok
SAR_Ship_Chip_20210601_UTM10N_EPSG32610_10m.manifest.json,20210601,10,32610,32610,1,283,100.0,283/283,0.0,91.0,ok
SAR_Ship_Chip_20210601_UTM11N_EPSG32611_10m.manifest.json,20210601,11,32611,32611,1,10,100.0,10/10,13.04,214.5,ok
SAR_Ship_Chip_20210601_UTM16N_EPSG32616_10m.manifest.json,20210601,16,32616,32616,1,10,100.0,10/10,0.0,145.0,ok
SAR_Ship_Chip_20210601_UTM18N_EPSG32618_10m.manifest.json,20210601,18,32618,32618,1,138,100.0,138/138,0.02,165.0,ok
SAR_Ship_Chip_20210601_UTM19N_EPSG32619_10m.manifest.json,20210601,19,32619,32619,1,20,100.0,20/20,9.4,159.5,ok
SAR_Ship_Chip_20210602_UTM04N_EPSG32604_10m.manifest.json,20210602,4,32604,32604,1,24,100.0,24/24,0.09,88.0,ok
SAR_Ship_Chip_20210602_UTM10N_EPSG32610_10m.manifest.json,20210602,10,32610,32610,1,94,100.0,94/94,0.1,206.0,ok
SAR_Ship_Chip_20210602_UTM14N_EPSG32614_10m.manifest.json,20210602,14,32614,32614,1,65,100.0,65/65,0.0,116.0,ok
SAR_Ship_Chip_20210603_UTM04N_EPSG32604_10m.manifest.json,20210603,4,32604,32604,1,2,100.0,2/2,7.8,33.5,ok
SAR_Ship_Chip_20210603_UTM05N_EPSG32605_10m.manifest.json,20210603,5,32605,32605,1,3,100.0,3/3,8.36,36.0,ok
SAR_Ship_Chip_20210603_UTM10N_EPSG32610_10m.manifest.json,20210603,10,32610,32610,1,81,100.0,81/81,0.0,183.0,ok
SAR_Ship_Chip_20210603_UTM12N_EPSG32612_10m.manifest.json,20210603,12,32612,32612,1,2,100.0,2/2,13.8,273.0,ok
SAR_Ship_Chip_20210603_UTM16N_EPSG32616_10m.manifest.json,20210603,16,32616,32616,1,43,100.0,43/43,8.15,194.0,ok
SAR_Ship_Chip_20210603_UTM19N_EPSG32619_10m.manifest.json,20210603,19,32619,32619,1,104,100.0,104/104,0.0,64.5,ok
SAR_Ship_Chip_20210603_UTM20N_EPSG32620_10m.manifest.json,20210603,20,32620,32620,1,2,100.0,2/2,5.18,138.0,ok
SAR_Ship_Chip_20210604_UTM04N_EPSG32604_10m.manifest.json,20210604,4,32604,32604,1,1,100.0,1/1,1.0,36.0,ok
SAR_Ship_Chip_20210604_UTM09N_EPSG32609_10m.manifest.json,20210604,9,32609,32609,1,3,100.0,3/3,10.6,41.0,ok
SAR_Ship_Chip_20210604_UTM10N_EPSG32610_10m.manifest.json,20210604,10,32610,32610,1,15,100.0,15/15,10.0,231.0,ok
SAR_Ship_Chip_20210606_UTM19N_EPSG32619_10m.manifest.json,20210606,19,32619,32619,1,1,100.0,1/1,14.1,154.0,ok
SAR_Ship_Chip_20210606_UTM20N_EPSG32620_10m.manifest.json,20210606,20,32620,32620,1,4,100.0,4/4,9.6,100.5,ok
SAR_Ship_Chip_20210607_UTM04N_EPSG32604_10m.manifest.json,20210607,4,32604,32604,1,1,100.0,1/1,8.92,36.0,ok
SAR_Ship_Chip_20210607_UTM10N_EPSG32610_10m.manifest.json,20210607,10,32610,32610,1,96,100.0,96/96,0.04,170.5,ok
SAR_Ship_Chip_20210607_UTM14N_EPSG32614_10m.manifest.json,20210607,14,32614,32614,1,4,100.0,4/4,0.06,219.0,ok
SAR_Ship_Chip_20210607_UTM16N_EPSG32616_10m.manifest.json,20210607,16,32616,32616,1,15,100.0,15/15,0.0,58.0,ok
SAR_Ship_Chip_20210607_UTM17N_EPSG32617_10m.manifest.json,20210607,17,32617,32617,1,24,100.0,24/24,10.67,239.5,ok
SAR_Ship_Chip_20210607_UTM20N_EPSG32620_10m.manifest.json,20210607,20,32620,32620,1,15,100.0,15/15,10.68,183.0,ok
SAR_Ship_Chip_20210605_UTM20N_EPSG32620_10m.manifest.json,20210605,20,32620,32620,1,10,100.0,10/10,0.0,132.0,ok
SAR_Ship_Chip_20210606_UTM05N_EPSG32605_10m.manifest.json,20210606,5,32605,32605,1,3,100.0,3/3,3.99,37.0,ok
SAR_Ship_Chip_20210606_UTM09N_EPSG32609_10m.manifest.json,20210606,9,32609,32609,1,10,100.0,10/10,10.45,141.5,ok
SAR_Ship_Chip_20210606_UTM10N_EPSG32610_10m.manifest.json,20210606,10,32610,32610,1,176,100.0,176/176,0.0,103.0,ok
SAR_Ship_Chip_20210606_UTM11N_EPSG32611_10m.manifest.json,20210606,11,32611,32611,1,31,100.0,31/31,0.1,187.0,ok
SAR_Ship_Chip_20210606_UTM16N_EPSG32616_10m.manifest.json,20210606,16,32616,32616,1,259,100.0,259/259,0.0,91.0,ok
SAR_Ship_Chip_20210606_UTM17N_EPSG32617_10m.manifest.json,20210606,17,32617,32617,1,26,100.0,26/26,0.07,142.0,ok
SAR_Ship_Chip_20210606_UTM18N_EPSG32618_10m.manifest.json,20210606,18,32618,32618,1,132,100.0,132/132,0.01,180.0,ok
SAR_Ship_Chip_20210608_UTM04N_EPSG32604_10m.manifest.json,20210608,4,32604,32604,1,29,100.0,29/29,0.0,74.0,ok
SAR_Ship_Chip_20210608_UTM09N_EPSG32609_10m.manifest.json,20210608,9,32609,32609,1,12,100.0,12/12,10.73,181.5,ok
SAR_Ship_Chip_20210608_UTM10N_EPSG32610_10m.manifest.json,20210608,10,32610,32610,1,44,100.0,44/44,7.79,182.5,ok
SAR_Ship_Chip_20210608_UTM12N_EPSG32612_10m.manifest.json,20210608,12,32612,32612,1,8,100.0,8/8,13.4,227.0,ok
SAR_Ship_Chip_20210608_UTM14N_EPSG32614_10m.manifest.json,20210608,14,32614,32614,1,6,100.0,6/6,0.04,152.5,ok
SAR_Ship_Chip_20210608_UTM15N_EPSG32615_10m.manifest.json,20210608,15,32615,32615,1,3,100.0,3/3,0.0,179.0,ok
SAR_Ship_Chip_20210608_UTM18N_EPSG32618_10m.manifest.json,20210608,18,32618,32618,1,148,100.0,148/148,0.0,45.0,ok
SAR_Ship_Chip_20210608_UTM19N_EPSG32619_10m.manifest.json,20210608,19,32619,32619,1,6,100.0,6/6,8.06,174.0,ok
SAR_Ship_Chip_20210604_UTM11N_EPSG32611_10m.manifest.json,20210604,11,32611,32611,1,137,100.0,137/137,0.08,204.0,ok
SAR_Ship_Chip_20210604_UTM14N_EPSG32614_10m.manifest.json,20210604,14,32614,32614,1,9,100.0,9/9,0.01,90.0,ok
SAR_Ship_Chip_20210604_UTM15N_EPSG32615_10m.manifest.json,20210604,15,32615,32615,1,404,100.0,404/404,0.0,175.0,ok
SAR_Ship_Chip_20210604_UTM17N_EPSG32617_10m.manifest.json,20210604,17,32617,32617,1,235,100.0,235/235,0.1,137.0,ok
SAR_Ship_Chip_20210605_UTM04N_EPSG32604_10m.manifest.json,20210605,4,32604,32604,1,24,100.0,24/24,0.0,69.5,ok
SAR_Ship_Chip_20210605_UTM11N_EPSG32611_10m.manifest.json,20210605,11,32611,32611,1,277,100.0,277/277,0.05,227.0,ok
SAR_Ship_Chip_20210605_UTM17N_EPSG32617_10m.manifest.json,20210605,17,32617,32617,1,6,100.0,6/6,12.8,181.0,ok
SAR_Ship_Chip_20210605_UTM19N_EPSG32619_10m.manifest.json,20210605,19,32619,32619,1,12,100.0,12/12,13.15,170.5,ok
SAR_Ship_Chip_20210610_UTM11N_EPSG32611_10m.manifest.json,20210610,11,32611,32611,1,140,100.0,140/140,0.06,206.0,ok
SAR_Ship_Chip_20210610_UTM12N_EPSG32612_10m.manifest.json,20210610,12,32612,32612,1,2,100.0,2/2,19.27,329.5,ok
SAR_Ship_Chip_20210610_UTM15N_EPSG32615_10m.manifest.json,20210610,15,32615,32615,1,94,100.0,94/94,0.0,144.0,ok
SAR_Ship_Chip_20210610_UTM17N_EPSG32617_10m.manifest.json,20210610,17,32617,32617,1,16,100.0,16/16,10.65,223.5,ok
SAR_Ship_Chip_20210610_UTM19N_EPSG32619_10m.manifest.json,20210610,19,32619,32619,1,76,100.0,76/76,6.95,46.0,ok
SAR_Ship_Chip_20210610_UTM20N_EPSG32620_10m.manifest.json,20210610,20,32620,32620,1,24,100.0,24/24,0.0,70.5,ok
SAR_Ship_Chip_20210611_UTM04N_EPSG32604_10m.manifest.json,20210611,4,32604,32604,1,29,100.0,29/29,0.0,56.0,ok
SAR_Ship_Chip_20210611_UTM09N_EPSG32609_10m.manifest.json,20210611,9,32609,32609,1,8,100.0,8/8,11.15,120.0,ok
SAR_Ship_Chip_20210608_UTM20N_EPSG32620_10m.manifest.json,20210608,20,32620,32620,1,43,100.0,43/43,0.1,100.0,ok
SAR_Ship_Chip_20210609_UTM04N_EPSG32604_10m.manifest.json,20210609,4,32604,32604,1,3,100.0,3/3,0.0,36.0,ok
SAR_Ship_Chip_20210609_UTM05N_EPSG32605_10m.manifest.json,20210609,5,32605,32605,1,3,100.0,3/3,0.0,37.0,ok
SAR_Ship_Chip_20210609_UTM10N_EPSG32610_10m.manifest.json,20210609,10,32610,32610,1,216,100.0,216/216,0.29,199.0,ok
SAR_Ship_Chip_20210609_UTM15N_EPSG32615_10m.manifest.json,20210609,15,32615,32615,1,227,100.0,227/227,0.07,169.0,ok
SAR_Ship_Chip_20210609_UTM16N_EPSG32616_10m.manifest.json,20210609,16,32616,32616,1,2,100.0,2/2,0.0,131.0,ok
SAR_Ship_Chip_20210609_UTM17N_EPSG32617_10m.manifest.json,20210609,17,32617,32617,1,258,100.0,258/258,0.0,54.5,ok
SAR_Ship_Chip_20210610_UTM10N_EPSG32610_10m.manifest.json,20210610,10,32610,32610,1,300,100.0,300/300,0.02,87.5,ok
SAR_Ship_Chip_20210611_UTM11N_EPSG32611_10m.manifest.json,20210611,11,32611,32611,1,234,100.0,234/234,0.0,227.0,ok
SAR_Ship_Chip_20210611_UTM15N_EPSG32615_10m.manifest.json,20210611,15,32615,32615,1,105,100.0,105/105,0.09,80.0,ok
SAR_Ship_Chip_20210611_UTM17N_EPSG32617_10m.manifest.json,20210611,17,32617,32617,1,53,100.0,53/53,0.7,164.0,ok
SAR_Ship_Chip_20210611_UTM18N_EPSG32618_10m.manifest.json,20210611,18,32618,32618,1,5,100.0,5/5,13.7,186.0,ok
SAR_Ship_Chip_20210611_UTM20N_EPSG32620_10m.manifest.json,20210611,20,32620,32620,1,1,100.0,1/1,15.2,225.0,ok
SAR_Ship_Chip_20210612_UTM05N_EPSG32605_10m.manifest.json,20210612,5,32605,32605,1,5,100.0,5/5,8.26,36.0,ok
SAR_Ship_Chip_20210612_UTM11N_EPSG32611_10m.manifest.json,20210612,11,32611,32611,1,32,100.0,32/32,0.08,156.0,ok
SAR_Ship_Chip_20210612_UTM12N_EPSG32612_10m.manifest.json,20210612,12,32612,32612,1,1,100.0,1/1,13.6,180.0,ok
SAR_Ship_Chip_20210612_UTM15N_EPSG32615_10m.manifest.json,20210612,15,32615,32615,1,5,100.0,5/5,0.02,185.0,ok
SAR_Ship_Chip_20210612_UTM16N_EPSG32616_10m.manifest.json,20210612,16,32616,32616,1,76,100.0,76/76,0.03,95.0,ok
SAR_Ship_Chip_20210612_UTM17N_EPSG32617_10m.manifest.json,20210612,17,32617,32617,1,6,100.0,6/6,11.72,186.0,ok
SAR_Ship_Chip_20210612_UTM19N_EPSG32619_10m.manifest.json,20210612,19,32619,32619,1,4,100.0,4/4,4.54,60.0,ok
SAR_Ship_Chip_20210612_UTM20N_EPSG32620_10m.manifest.json,20210612,20,32620,32620,1,2,100.0,2/2,15.14,281.0,ok
SAR_Ship_Chip_20210613_UTM04N_EPSG32604_10m.manifest.json,20210613,4,32604,32604,1,4,100.0,4/4,6.81,45.0,ok
SAR_Ship_Chip_20210613_UTM10N_EPSG32610_10m.manifest.json,20210613,10,32610,32610,1,282,100.0,282/282,0.0,100.0,ok
SAR_Ship_Chip_20210613_UTM11N_EPSG32611_10m.manifest.json,20210613,11,32611,32611,1,19,100.0,19/19,14.58,208.0,ok
SAR_Ship_Chip_20210613_UTM16N_EPSG32616_10m.manifest.json,20210613,16,32616,32616,1,12,100.0,12/12,0.05,210.5,ok
SAR_Ship_Chip_20210613_UTM18N_EPSG32618_10m.manifest.json,20210613,18,32618,32618,1,5,100.0,5/5,12.51,144.0,ok
SAR_Ship_Chip_20210613_UTM19N_EPSG32619_10m.manifest.json,20210613,19,32619,32619,1,18,100.0,18/18,6.28,149.5,ok
SAR_Ship_Chip_20210614_UTM04N_EPSG32604_10m.manifest.json,20210614,4,32604,32604,1,24,100.0,24/24,0.0,65.5,ok
SAR_Ship_Chip_20210614_UTM10N_EPSG32610_10m.manifest.json,20210614,10,32610,32610,1,97,100.0,97/97,0.09,200.0,ok
SAR_Ship_Chip_20210614_UTM14N_EPSG32614_10m.manifest.json,20210614,14,32614,32614,1,60,100.0,60/60,0.0,77.0,ok
SAR_Ship_Chip_20210614_UTM16N_EPSG32616_10m.manifest.json,20210614,16,32616,32616,1,32,100.0,32/32,1.26,152.5,ok
SAR_Ship_Chip_20210614_UTM17N_EPSG32617_10m.manifest.json,20210614,17,32617,32617,1,48,100.0,48/48,0.04,152.0,ok
SAR_Ship_Chip_20210615_UTM04N_EPSG32604_10m.manifest.json,20210615,4,32604,32604,1,2,100.0,2/2,5.7,130.0,ok
SAR_Ship_Chip_20210615_UTM10N_EPSG32610_10m.manifest.json,20210615,10,32610,32610,1,274,100.0,274/274,0.1,179.0,ok
SAR_Ship_Chip_20210615_UTM12N_EPSG32612_10m.manifest.json,20210615,12,32612,32612,1,5,100.0,5/5,13.4,210.0,ok
SAR_Ship_Chip_20210615_UTM16N_EPSG32616_10m.manifest.json,20210615,16,32616,32616,1,29,100.0,29/29,9.95,200.0,ok
SAR_Ship_Chip_20210615_UTM19N_EPSG32619_10m.manifest.json,20210615,19,32619,32619,1,114,100.0,114/114,0.0,55.0,ok
SAR_Ship_Chip_20210616_UTM04N_EPSG32604_10m.manifest.json,20210616,4,32604,32604,1,3,100.0,3/3,2.54,56.0,ok
SAR_Ship_Chip_20210616_UTM09N_EPSG32609_10m.manifest.json,20210616,9,32609,32609,1,2,100.0,2/2,10.9,257.5,ok
SAR_Ship_Chip_20210616_UTM10N_EPSG32610_10m.manifest.json,20210616,10,32610,32610,1,9,100.0,9/9,11.4,199.0,ok
SAR_Ship_Chip_20210618_UTM20N_EPSG32620_10m.manifest.json,20210618,20,32620,32620,1,9,100.0,9/9,5.15,40.0,ok
SAR_Ship_Chip_20210619_UTM04N_EPSG32604_10m.manifest.json,20210619,4,32604,32604,1,2,100.0,2/2,6.82,168.0,ok
SAR_Ship_Chip_20210619_UTM10N_EPSG32610_10m.manifest.json,20210619,10,32610,32610,1,78,100.0,78/78,0.12,176.0,ok
SAR_Ship_Chip_20210619_UTM16N_EPSG32616_10m.manifest.json,20210619,16,32616,32616,1,20,100.0,20/20,0.0,56.0,ok
SAR_Ship_Chip_20210619_UTM17N_EPSG32617_10m.manifest.json,20210619,17,32617,32617,1,20,100.0,20/20,11.33,193.5,ok
SAR_Ship_Chip_20210619_UTM20N_EPSG32620_10m.manifest.json,20210619,20,32620,32620,1,3,100.0,3/3,7.3,183.0,ok
SAR_Ship_Chip_20210620_UTM04N_EPSG32604_10m.manifest.json,20210620,4,32604,32604,1,21,100.0,21/21,0.0,94.0,ok
SAR_Ship_Chip_20210620_UTM09N_EPSG32609_10m.manifest.json,20210620,9,32609,32609,1,23,100.0,23/23,12.05,179.0,ok
SAR_Ship_Chip_20210618_UTM05N_EPSG32605_10m.manifest.json,20210618,5,32605,32605,1,4,100.0,4/4,8.52,36.5,ok
SAR_Ship_Chip_20210618_UTM09N_EPSG32609_10m.manifest.json,20210618,9,32609,32609,1,9,100.0,9/9,11.1,182.0,ok
SAR_Ship_Chip_20210618_UTM10N_EPSG32610_10m.manifest.json,20210618,10,32610,32610,1,189,100.0,189/189,0.0,110.0,ok
SAR_Ship_Chip_20210618_UTM11N_EPSG32611_10m.manifest.json,20210618,11,32611,32611,1,44,100.0,44/44,3.73,182.5,ok
SAR_Ship_Chip_20210618_UTM16N_EPSG32616_10m.manifest.json,20210618,16,32616,32616,1,278,100.0,278/278,0.0,85.0,ok
SAR_Ship_Chip_20210618_UTM17N_EPSG32617_10m.manifest.json,20210618,17,32617,32617,1,23,100.0,23/23,0.2,190.0,ok
SAR_Ship_Chip_20210618_UTM18N_EPSG32618_10m.manifest.json,20210618,18,32618,32618,1,116,100.0,116/116,0.01,179.5,ok
SAR_Ship_Chip_20210618_UTM19N_EPSG32619_10m.manifest.json,20210618,19,32619,32619,1,12,100.0,12/12,0.1,182.5,ok
SAR_Ship_Chip_20210616_UTM11N_EPSG32611_10m.manifest.json,20210616,11,32611,32611,1,129,100.0,129/129,0.1,221.0,ok
SAR_Ship_Chip_20210616_UTM14N_EPSG32614_10m.manifest.json,20210616,14,32614,32614,1,4,100.0,4/4,0.71,69.5,ok
SAR_Ship_Chip_20210616_UTM15N_EPSG32615_10m.manifest.json,20210616,15,32615,32615,1,393,100.0,393/393,0.0,159.0,ok
SAR_Ship_Chip_20210616_UTM17N_EPSG32617_10m.manifest.json,20210616,17,32617,32617,1,208,100.0,208/208,0.12,145.0,ok
SAR_Ship_Chip_20210617_UTM04N_EPSG32604_10m.manifest.json,20210617,4,32604,32604,1,28,100.0,28/28,0.0,71.0,ok
SAR_Ship_Chip_20210617_UTM11N_EPSG32611_10m.manifest.json,20210617,11,32611,32611,1,193,100.0,193/193,0.02,228.0,ok
SAR_Ship_Chip_20210617_UTM17N_EPSG32617_10m.manifest.json,20210617,17,32617,32617,1,5,100.0,5/5,15.0,185.0,ok
SAR_Ship_Chip_20210617_UTM19N_EPSG32619_10m.manifest.json,20210617,19,32619,32619,1,22,100.0,22/22,9.38,53.0,ok
SAR_Ship_Chip_20210620_UTM10N_EPSG32610_10m.manifest.json,20210620,10,32610,32610,1,38,100.0,38/38,6.85,199.0,ok
SAR_Ship_Chip_20210620_UTM11N_EPSG32611_10m.manifest.json,20210620,11,32611,32611,1,3,100.0,3/3,12.59,189.0,ok
SAR_Ship_Chip_20210620_UTM12N_EPSG32612_10m.manifest.json,20210620,12,32612,32612,1,10,100.0,10/10,13.19,213.5,ok
SAR_Ship_Chip_20210620_UTM18N_EPSG32618_10m.manifest.json,20210620,18,32618,32618,1,165,100.0,165/165,0.02,50.0,ok
SAR_Ship_Chip_20210620_UTM19N_EPSG32619_10m.manifest.json,20210620,19,32619,32619,1,8,100.0,8/8,11.78,168.5,ok
SAR_Ship_Chip_20210620_UTM20N_EPSG32620_10m.manifest.json,20210620,20,32620,32620,1,18,100.0,18/18,0.33,123.0,ok
SAR_Ship_Chip_20210621_UTM04N_EPSG32604_10m.manifest.json,20210621,4,32604,32604,1,2,100.0,2/2,9.78,212.0,ok
SAR_Ship_Chip_20210621_UTM05N_EPSG32605_10m.manifest.json,20210621,5,32605,32605,1,1,100.0,1/1,6.86,37.0,ok
SAR_Ship_Chip_20210621_UTM10N_EPSG32610_10m.manifest.json,20210621,10,32610,32610,1,204,100.0,204/204,0.06,193.0,ok
SAR_Ship_Chip_20210621_UTM15N_EPSG32615_10m.manifest.json,20210621,15,32615,32615,1,185,100.0,185/185,0.0,180.0,ok
SAR_Ship_Chip_20210621_UTM16N_EPSG32616_10m.manifest.json,20210621,16,32616,32616,1,1,100.0,1/1,0.06,37.0,ok
SAR_Ship_Chip_20210621_UTM17N_EPSG32617_10m.manifest.json,20210621,17,32617,32617,1,224,100.0,224/224,0.0,52.0,ok
SAR_Ship_Chip_20210622_UTM04N_EPSG32604_10m.manifest.json,20210622,4,32604,32604,1,2,100.0,2/2,2.15,87.0,ok
SAR_Ship_Chip_20210622_UTM10N_EPSG32610_10m.manifest.json,20210622,10,32610,32610,1,264,100.0,264/264,0.0,100.0,ok
SAR_Ship_Chip_20210622_UTM11N_EPSG32611_10m.manifest.json,20210622,11,32611,32611,1,126,100.0,126/126,0.1,208.0,ok
SAR_Ship_Chip_20210622_UTM15N_EPSG32615_10m.manifest.json,20210622,15,32615,32615,1,89,100.0,89/89,0.0,149.0,ok
SAR_Ship_Chip_20210622_UTM17N_EPSG32617_10m.manifest.json,20210622,17,32617,32617,1,24,100.0,24/24,7.91,191.0,ok
SAR_Ship_Chip_20210622_UTM19N_EPSG32619_10m.manifest.json,20210622,19,32619,32619,1,91,100.0,91/91,0.2,53.0,ok
SAR_Ship_Chip_20210622_UTM20N_EPSG32620_10m.manifest.json,20210622,20,32620,32620,1,17,100.0,17/17,0.0,125.0,ok
SAR_Ship_Chip_20210623_UTM09N_EPSG32609_10m.manifest.json,20210623,9,32609,32609,1,24,100.0,24/24,11.64,184.0,ok
SAR_Ship_Chip_20210623_UTM11N_EPSG32611_10m.manifest.json,20210623,11,32611,32611,1,192,100.0,192/192,0.04,227.5,ok
SAR_Ship_Chip_20210623_UTM15N_EPSG32615_10m.manifest.json,20210623,15,32615,32615,1,81,100.0,81/81,0.0,62.0,ok
SAR_Ship_Chip_20210623_UTM17N_EPSG32617_10m.manifest.json,20210623,17,32617,32617,1,39,100.0,39/39,0.0,140.0,ok
SAR_Ship_Chip_20210623_UTM18N_EPSG32618_10m.manifest.json,20210623,18,32618,32618,1,4,100.0,4/4,14.2,191.5,ok
SAR_Ship_Chip_20210624_UTM05N_EPSG32605_10m.manifest.json,20210624,5,32605,32605,1,1,100.0,1/1,1.75,37.0,ok
SAR_Ship_Chip_20210624_UTM11N_EPSG32611_10m.manifest.json,20210624,11,32611,32611,1,37,100.0,37/37,0.3,180.0,ok
SAR_Ship_Chip_20210624_UTM12N_EPSG32612_10m.manifest.json,20210624,12,32612,32612,1,2,100.0,2/2,10.4,242.5,ok
SAR_Ship_Chip_20210624_UTM15N_EPSG32615_10m.manifest.json,20210624,15,32615,32615,1,7,100.0,7/7,0.0,225.0,ok
SAR_Ship_Chip_20210624_UTM16N_EPSG32616_10m.manifest.json,20210624,16,32616,32616,1,70,100.0,70/70,0.0,179.0,ok
SAR_Ship_Chip_20210624_UTM17N_EPSG32617_10m.manifest.json,20210624,17,32617,32617,1,5,100.0,5/5,14.1,248.0,ok
SAR_Ship_Chip_20210624_UTM19N_EPSG32619_10m.manifest.json,20210624,19,32619,32619,1,11,100.0,11/11,0.09,182.0,ok
SAR_Ship_Chip_20210625_UTM04N_EPSG32604_10m.manifest.json,20210625,4,32604,32604,1,2,100.0,2/2,6.56,117.5,ok
SAR_Ship_Chip_20210625_UTM10N_EPSG32610_10m.manifest.json,20210625,10,32610,32610,1,282,100.0,282/282,0.0,105.0,ok
SAR_Ship_Chip_20210625_UTM11N_EPSG32611_10m.manifest.json,20210625,11,32611,32611,1,7,100.0,7/7,13.7,229.0,ok
SAR_Ship_Chip_20210625_UTM16N_EPSG32616_10m.manifest.json,20210625,16,32616,32616,1,6,100.0,6/6,0.41,199.5,ok
SAR_Ship_Chip_20210625_UTM18N_EPSG32618_10m.manifest.json,20210625,18,32618,32618,1,144,100.0,144/144,0.09,177.0,ok
SAR_Ship_Chip_20210625_UTM19N_EPSG32619_10m.manifest.json,20210625,19,32619,32619,1,23,100.0,23/23,11.75,161.0,ok
SAR_Ship_Chip_20210626_UTM04N_EPSG32604_10m.manifest.json,20210626,4,32604,32604,1,26,100.0,26/26,0.07,119.5,ok
SAR_Ship_Chip_20210626_UTM14N_EPSG32614_10m.manifest.json,20210626,14,32614,32614,1,64,100.0,64/64,0.0,99.0,ok
SAR_Ship_Chip_20210626_UTM16N_EPSG32616_10m.manifest.json,20210626,16,32616,32616,1,11,100.0,11/11,0.0,41.0,ok
SAR_Ship_Chip_20210626_UTM17N_EPSG32617_10m.manifest.json,20210626,17,32617,32617,1,54,100.0,54/54,0.06,140.0,ok
SAR_Ship_Chip_20210627_UTM05N_EPSG32605_10m.manifest.json,20210627,5,32605,32605,1,2,100.0,2/2,13.24,165.0,ok
SAR_Ship_Chip_20210627_UTM10N_EPSG32610_10m.manifest.json,20210627,10,32610,32610,1,193,100.0,193/193,0.04,139.0,ok
SAR_Ship_Chip_20210627_UTM16N_EPSG32616_10m.manifest.json,20210627,16,32616,32616,1,7,100.0,7/7,5.54,222.0,ok
SAR_Ship_Chip_20210627_UTM19N_EPSG32619_10m.manifest.json,20210627,19,32619,32619,1,105,100.0,105/105,0.07,53.0,ok
SAR_Ship_Chip_20210627_UTM20N_EPSG32620_10m.manifest.json,20210627,20,32620,32620,1,1,100.0,1/1,1.13,183.0,ok
SAR_Ship_Chip_20210628_UTM04N_EPSG32604_10m.manifest.json,20210628,4,32604,32604,1,2,100.0,2/2,8.73,153.0,ok
SAR_Ship_Chip_20210628_UTM09N_EPSG32609_10m.manifest.json,20210628,9,32609,32609,1,7,100.0,7/7,10.23,230.0,ok
SAR_Ship_Chip_20210701_UTM17N_EPSG32617_10m.manifest.json,20210701,17,32617,32617,1,27,100.0,27/27,11.25,176.0,ok
SAR_Ship_Chip_20210702_UTM04N_EPSG32604_10m.manifest.json,20210702,4,32604,32604,1,31,100.0,31/31,0.08,68.0,ok
SAR_Ship_Chip_20210702_UTM09N_EPSG32609_10m.manifest.json,20210702,9,32609,32609,1,34,100.0,34/34,9.68,174.5,ok
SAR_Ship_Chip_20210702_UTM10N_EPSG32610_10m.manifest.json,20210702,10,32610,32610,1,30,100.0,30/30,8.81,191.0,ok
SAR_Ship_Chip_20210702_UTM12N_EPSG32612_10m.manifest.json,20210702,12,32612,32612,1,15,100.0,15/15,13.6,224.0,ok
SAR_Ship_Chip_20210702_UTM18N_EPSG32618_10m.manifest.json,20210702,18,32618,32618,1,175,100.0,175/175,0.03,47.0,ok
SAR_Ship_Chip_20210702_UTM19N_EPSG32619_10m.manifest.json,20210702,19,32619,32619,1,6,100.0,6/6,13.35,167.5,ok
SAR_Ship_Chip_20210702_UTM20N_EPSG32620_10m.manifest.json,20210702,20,32620,32620,1,27,100.0,27/27,0.74,126.0,ok
SAR_Ship_Chip_20210628_UTM11N_EPSG32611_10m.manifest.json,20210628,11,32611,32611,1,115,100.0,115/115,0.05,210.0,ok
SAR_Ship_Chip_20210628_UTM14N_EPSG32614_10m.manifest.json,20210628,14,32614,32614,1,5,100.0,5/5,0.0,41.0,ok
SAR_Ship_Chip_20210628_UTM15N_EPSG32615_10m.manifest.json,20210628,15,32615,32615,1,338,100.0,338/338,0.0,176.0,ok
SAR_Ship_Chip_20210628_UTM17N_EPSG32617_10m.manifest.json,20210628,17,32617,32617,1,190,100.0,190/190,0.17,145.0,ok
SAR_Ship_Chip_20210629_UTM04N_EPSG32604_10m.manifest.json,20210629,4,32604,32604,1,25,100.0,25/25,0.1,94.0,ok
SAR_Ship_Chip_20210629_UTM11N_EPSG32611_10m.manifest.json,20210629,11,32611,32611,1,248,100.0,248/248,0.0,227.0,ok
SAR_Ship_Chip_20210629_UTM17N_EPSG32617_10m.manifest.json,20210629,17,32617,32617,1,8,100.0,8/8,12.43,161.5,ok
SAR_Ship_Chip_20210629_UTM19N_EPSG32619_10m.manifest.json,20210629,19,32619,32619,1,21,100.0,21/21,11.09,179.0,ok
SAR_Ship_Chip_20210629_UTM20N_EPSG32620_10m.manifest.json,20210629,20,32620,32620,1,2,100.0,2/2,2.27,56.5,ok
SAR_Ship_Chip_20210630_UTM11N_EPSG32611_10m.manifest.json,20210630,11,32611,32611,1,39,100.0,39/39,0.3,183.0,ok
SAR_Ship_Chip_20210630_UTM16N_EPSG32616_10m.manifest.json,20210630,16,32616,32616,1,273,100.0,273/273,0.0,92.0,ok
SAR_Ship_Chip_20210630_UTM19N_EPSG32619_10m.manifest.json,20210630,19,32619,32619,1,3,100.0,3/3,10.82,281.0,ok
SAR_Ship_Chip_20210630_UTM20N_EPSG32620_10m.manifest.json,20210630,20,32620,32620,1,13,100.0,13/13,9.88,147.0,ok
SAR_Ship_Chip_20210701_UTM04N_EPSG32604_10m.manifest.json,20210701,4,32604,32604,1,1,100.0,1/1,8.4,138.0,ok
SAR_Ship_Chip_20210701_UTM10N_EPSG32610_10m.manifest.json,20210701,10,32610,32610,1,51,100.0,51/51,1.61,171.0,ok
SAR_Ship_Chip_20210701_UTM16N_EPSG32616_10m.manifest.json,20210701,16,32616,32616,1,20,100.0,20/20,0.0,71.0,ok
SAR_Ship_Chip_20210703_UTM04N_EPSG32604_10m.manifest.json,20210703,4,32604,32604,1,4,100.0,4/4,10.75,165.5,ok
SAR_Ship_Chip_20210703_UTM05N_EPSG32605_10m.manifest.json,20210703,5,32605,32605,1,2,100.0,2/2,0.0,36.5,ok
SAR_Ship_Chip_20210703_UTM09N_EPSG32609_10m.manifest.json,20210703,9,32609,32609,1,3,100.0,3/3,12.3,199.0,ok
SAR_Ship_Chip_20210703_UTM10N_EPSG32610_10m.manifest.json,20210703,10,32610,32610,1,204,100.0,204/204,0.08,186.0,ok
SAR_Ship_Chip_20210703_UTM15N_EPSG32615_10m.manifest.json,20210703,15,32615,32615,1,196,100.0,196/196,0.0,179.0,ok
SAR_Ship_Chip_20210703_UTM16N_EPSG32616_10m.manifest.json,20210703,16,32616,32616,1,1,100.0,1/1,2.75,136.0,ok
SAR_Ship_Chip_20210703_UTM17N_EPSG32617_10m.manifest.json,20210703,17,32617,32617,1,195,100.0,195/195,0.0,58.0,ok
SAR_Ship_Chip_20210704_UTM04N_EPSG32604_10m.manifest.json,20210704,4,32604,32604,1,2,100.0,2/2,2.1,90.5,ok
SAR_Ship_Chip_20210705_UTM09N_EPSG32609_10m.manifest.json,20210705,9,32609,32609,1,22,100.0,22/22,10.07,181.5,ok
SAR_Ship_Chip_20210705_UTM11N_EPSG32611_10m.manifest.json,20210705,11,32611,32611,1,269,100.0,269/269,0.04,239.0,ok
SAR_Ship_Chip_20210705_UTM15N_EPSG32615_10m.manifest.json,20210705,15,32615,32615,1,82,100.0,82/82,0.0,76.0,ok
SAR_Ship_Chip_20210705_UTM17N_EPSG32617_10m.manifest.json,20210705,17,32617,32617,1,36,100.0,36/36,1.61,164.0,ok
SAR_Ship_Chip_20210705_UTM18N_EPSG32618_10m.manifest.json,20210705,18,32618,32618,1,3,100.0,3/3,7.4,260.0,ok
SAR_Ship_Chip_20210705_UTM20N_EPSG32620_10m.manifest.json,20210705,20,32620,32620,1,1,100.0,1/1,17.6,166.0,ok
SAR_Ship_Chip_20210706_UTM05N_EPSG32605_10m.manifest.json,20210706,5,32605,32605,1,5,100.0,5/5,4.53,37.0,ok
SAR_Ship_Chip_20210706_UTM11N_EPSG32611_10m.manifest.json,20210706,11,32611,32611,1,42,100.0,42/42,0.3,183.0,ok
SAR_Ship_Chip_20210704_UTM10N_EPSG32610_10m.manifest.json,20210704,10,32610,32610,1,12,100.0,12/12,15.27,217.0,ok
SAR_Ship_Chip_20210704_UTM11N_EPSG32611_10m.manifest.json,20210704,11,32611,32611,1,20,100.0,20/20,7.45,122.0,ok
SAR_Ship_Chip_20210704_UTM15N_EPSG32615_10m.manifest.json,20210704,15,32615,32615,1,89,100.0,89/89,0.0,159.0,ok
SAR_Ship_Chip_20210704_UTM16N_EPSG32616_10m.manifest.json,20210704,16,32616,32616,1,5,100.0,5/5,13.7,190.0,ok
SAR_Ship_Chip_20210704_UTM17N_EPSG32617_10m.manifest.json,20210704,17,32617,32617,1,25,100.0,25/25,9.9,200.0,ok
SAR_Ship_Chip_20210704_UTM19N_EPSG32619_10m.manifest.json,20210704,19,32619,32619,1,91,100.0,91/91,0.08,48.0,ok
SAR_Ship_Chip_20210704_UTM20N_EPSG32620_10m.manifest.json,20210704,20,32620,32620,1,15,100.0,15/15,0.2,125.0,ok
SAR_Ship_Chip_20210705_UTM04N_EPSG32604_10m.manifest.json,20210705,4,32604,32604,1,23,100.0,23/23,0.0,56.0,ok
SAR_Ship_Chip_20210706_UTM15N_EPSG32615_10m.manifest.json,20210706,15,32615,32615,1,7,100.0,7/7,0.0,200.0,ok
SAR_Ship_Chip_20210706_UTM16N_EPSG32616_10m.manifest.json,20210706,16,32616,32616,1,92,100.0,92/92,0.04,111.5,ok
SAR_Ship_Chip_20210706_UTM17N_EPSG32617_10m.manifest.json,20210706,17,32617,32617,1,7,100.0,7/7,10.4,190.0,ok
SAR_Ship_Chip_20210707_UTM04N_EPSG32604_10m.manifest.json,20210707,4,32604,32604,1,1,100.0,1/1,8.85,37.0,ok
SAR_Ship_Chip_20210707_UTM10N_EPSG32610_10m.manifest.json,20210707,10,32610,32610,1,281,100.0,281/281,0.0,116.0,ok
SAR_Ship_Chip_20210707_UTM11N_EPSG32611_10m.manifest.json,20210707,11,32611,32611,1,11,100.0,11/11,12.8,225.0,ok
SAR_Ship_Chip_20210707_UTM18N_EPSG32618_10m.manifest.json,20210707,18,32618,32618,1,128,100.0,128/128,0.0,170.5,ok
SAR_Ship_Chip_20210707_UTM19N_EPSG32619_10m.manifest.json,20210707,19,32619,32619,1,23,100.0,23/23,10.33,147.0,ok
SAR_Ship_Chip_20210708_UTM04N_EPSG32604_10m.manifest.json,20210708,4,32604,32604,1,22,100.0,22/22,0.06,51.5,ok
SAR_Ship_Chip_20210708_UTM10N_EPSG32610_10m.manifest.json,20210708,10,32610,32610,1,101,100.0,101/101,0.4,203.0,ok
SAR_Ship_Chip_20210708_UTM14N_EPSG32614_10m.manifest.json,20210708,14,32614,32614,1,67,100.0,67/67,0.0,99.0,ok
SAR_Ship_Chip_20210708_UTM16N_EPSG32616_10m.manifest.json,20210708,16,32616,32616,1,37,100.0,37/37,3.49,154.0,ok
SAR_Ship_Chip_20210708_UTM17N_EPSG32617_10m.manifest.json,20210708,17,32617,32617,1,74,100.0,74/74,0.1,161.0,ok
SAR_Ship_Chip_20210709_UTM04N_EPSG32604_10m.manifest.json,20210709,4,32604,32604,1,2,100.0,2/2,4.79,31.5,ok
SAR_Ship_Chip_20210709_UTM10N_EPSG32610_10m.manifest.json,20210709,10,32610,32610,1,271,100.0,271/271,0.07,180.0,ok
SAR_Ship_Chip_20210709_UTM12N_EPSG32612_10m.manifest.json,20210709,12,32612,32612,1,3,100.0,3/3,14.6,209.0,ok
SAR_Ship_Chip_20210709_UTM16N_EPSG32616_10m.manifest.json,20210709,16,32616,32616,1,31,100.0,31/31,8.7,152.0,ok
SAR_Ship_Chip_20210709_UTM18N_EPSG32618_10m.manifest.json,20210709,18,32618,32618,1,16,100.0,16/16,0.0,43.5,ok
SAR_Ship_Chip_20210709_UTM19N_EPSG32619_10m.manifest.json,20210709,19,32619,32619,1,167,100.0,167/167,0.0,50.0,ok
SAR_Ship_Chip_20210710_UTM04N_EPSG32604_10m.manifest.json,20210710,4,32604,32604,1,1,100.0,1/1,0.2,56.0,ok
SAR_Ship_Chip_20210710_UTM09N_EPSG32609_10m.manifest.json,20210710,9,32609,32609,1,14,100.0,14/14,9.73,69.5,ok
SAR_Ship_Chip_20210710_UTM10N_EPSG32610_10m.manifest.json,20210710,10,32610,32610,1,17,100.0,17/17,12.4,183.0,ok
SAR_Ship_Chip_20210710_UTM11N_EPSG32611_10m.manifest.json,20210710,11,32611,32611,1,145,100.0,145/145,0.07,228.0,ok
SAR_Ship_Chip_20210710_UTM14N_EPSG32614_10m.manifest.json,20210710,14,32614,32614,1,1,100.0,1/1,0.0,23.0,ok
SAR_Ship_Chip_20210710_UTM15N_EPSG32615_10m.manifest.json,20210710,15,32615,32615,1,376,100.0,376/376,0.0,175.0,ok
SAR_Ship_Chip_20210710_UTM17N_EPSG32617_10m.manifest.json,20210710,17,32617,32617,1,189,100.0,189/189,0.3,183.0,ok
SAR_Ship_Chip_20210711_UTM11N_EPSG32611_10m.manifest.json,20210711,11,32611,32611,1,272,100.0,272/272,0.0,234.0,ok
SAR_Ship_Chip_20210711_UTM17N_EPSG32617_10m.manifest.json,20210711,17,32617,32617,1,1,100.0,1/1,12.82,111.0,ok
SAR_Ship_Chip_20210711_UTM19N_EPSG32619_10m.manifest.json,20210711,19,32619,32619,1,31,100.0,31/31,10.08,155.0,ok
SAR_Ship_Chip_20210711_UTM20N_EPSG32620_10m.manifest.json,20210711,20,32620,32620,1,3,100.0,3/3,0.0,75.0,ok
SAR_Ship_Chip_20210712_UTM05N_EPSG32605_10m.manifest.json,20210712,5,32605,32605,1,1,100.0,1/1,8.83,30.0,ok
SAR_Ship_Chip_20210712_UTM09N_EPSG32609_10m.manifest.json,20210712,9,32609,32609,1,8,100.0,8/8,9.69,194.0,ok
SAR_Ship_Chip_20210713_UTM10N_EPSG32610_10m.manifest.json,20210713,10,32610,32610,1,82,100.0,82/82,0.0,175.5,ok
SAR_Ship_Chip_20210713_UTM16N_EPSG32616_10m.manifest.json,20210713,16,32616,32616,1,4,100.0,4/4,6.05,103.5,ok
SAR_Ship_Chip_20210713_UTM17N_EPSG32617_10m.manifest.json,20210713,17,32617,32617,1,19,100.0,19/19,10.9,227.0,ok
SAR_Ship_Chip_20210713_UTM20N_EPSG32620_10m.manifest.json,20210713,20,32620,32620,1,8,100.0,8/8,4.15,152.0,ok
SAR_Ship_Chip_20210714_UTM04N_EPSG32604_10m.manifest.json,20210714,4,32604,32604,1,25,100.0,25/25,0.0,63.0,ok
SAR_Ship_Chip_20210714_UTM09N_EPSG32609_10m.manifest.json,20210714,9,32609,32609,1,28,100.0,28/28,7.79,179.0,ok
SAR_Ship_Chip_20210714_UTM10N_EPSG32610_10m.manifest.json,20210714,10,32610,32610,1,37,100.0,37/37,8.0,183.0,ok
SAR_Ship_Chip_20210714_UTM11N_EPSG32611_10m.manifest.json,20210714,11,32611,32611,1,2,100.0,2/2,14.76,225.0,ok
SAR_Ship_Chip_20210712_UTM10N_EPSG32610_10m.manifest.json,20210712,10,32610,32610,1,198,100.0,198/198,0.03,139.0,ok
SAR_Ship_Chip_20210712_UTM11N_EPSG32611_10m.manifest.json,20210712,11,32611,32611,1,47,100.0,47/47,0.54,183.0,ok
SAR_Ship_Chip_20210712_UTM16N_EPSG32616_10m.manifest.json,20210712,16,32616,32616,1,286,100.0,286/286,0.04,90.5,ok
SAR_Ship_Chip_20210712_UTM17N_EPSG32617_10m.manifest.json,20210712,17,32617,32617,1,27,100.0,27/27,1.19,152.0,ok
SAR_Ship_Chip_20210712_UTM18N_EPSG32618_10m.manifest.json,20210712,18,32618,32618,1,103,100.0,103/103,0.0,171.0,ok
SAR_Ship_Chip_20210712_UTM19N_EPSG32619_10m.manifest.json,20210712,19,32619,32619,1,12,100.0,12/12,0.27,151.0,ok
SAR_Ship_Chip_20210712_UTM20N_EPSG32620_10m.manifest.json,20210712,20,32620,32620,1,1,100.0,1/1,15.1,303.0,ok
SAR_Ship_Chip_20210713_UTM04N_EPSG32604_10m.manifest.json,20210713,4,32604,32604,1,2,100.0,2/2,6.9,132.5,ok
SAR_Ship_Chip_20210714_UTM12N_EPSG32612_10m.manifest.json,20210714,12,32612,32612,1,13,100.0,13/13,16.9,199.0,ok
SAR_Ship_Chip_20210714_UTM18N_EPSG32618_10m.manifest.json,20210714,18,32618,32618,1,175,100.0,175/175,0.01,47.0,ok
SAR_Ship_Chip_20210714_UTM19N_EPSG32619_10m.manifest.json,20210714,19,32619,32619,1,4,100.0,4/4,11.96,214.5,ok
SAR_Ship_Chip_20210714_UTM20N_EPSG32620_10m.manifest.json,20210714,20,32620,32620,1,25,100.0,25/25,0.1,125.0,ok
SAR_Ship_Chip_20210715_UTM04N_EPSG32604_10m.manifest.json,20210715,4,32604,32604,1,1,100.0,1/1,7.05,33.0,ok
SAR_Ship_Chip_20210715_UTM10N_EPSG32610_10m.manifest.json,20210715,10,32610,32610,1,223,100.0,223/223,0.1,183.0,ok
SAR_Ship_Chip_20210715_UTM15N_EPSG32615_10m.manifest.json,20210715,15,32615,32615,1,205,100.0,205/205,0.03,176.0,ok
SAR_Ship_Chip_20210715_UTM16N_EPSG32616_10m.manifest.json,20210715,16,32616,32616,1,1,100.0,1/1,0.0,207.0,ok
SAR_Ship_Chip_20210715_UTM17N_EPSG32617_10m.manifest.json,20210715,17,32617,32617,1,195,100.0,195/195,0.0,62.0,ok
SAR_Ship_Chip_20210716_UTM04N_EPSG32604_10m.manifest.json,20210716,4,32604,32604,1,1,100.0,1/1,0.36,56.0,ok
SAR_Ship_Chip_20210716_UTM10N_EPSG32610_10m.manifest.json,20210716,10,32610,32610,1,295,100.0,295/295,0.03,139.0,ok
SAR_Ship_Chip_20210716_UTM11N_EPSG32611_10m.manifest.json,20210716,11,32611,32611,1,141,100.0,141/141,0.06,229.0,ok
SAR_Ship_Chip_20210716_UTM15N_EPSG32615_10m.manifest.json,20210716,15,32615,32615,1,102,100.0,102/102,0.0,151.0,ok
SAR_Ship_Chip_20210716_UTM17N_EPSG32617_10m.manifest.json,20210716,17,32617,32617,1,11,100.0,11/11,8.09,210.0,ok
SAR_Ship_Chip_20210716_UTM19N_EPSG32619_10m.manifest.json,20210716,19,32619,32619,1,127,100.0,127/127,0.21,49.0,ok
SAR_Ship_Chip_20210716_UTM20N_EPSG32620_10m.manifest.json,20210716,20,32620,32620,1,17,100.0,17/17,0.1,121.0,ok
SAR_Ship_Chip_20210718_UTM15N_EPSG32615_10m.manifest.json,20210718,15,32615,32615,1,3,100.0,3/3,0.0,193.0,ok
SAR_Ship_Chip_20210718_UTM16N_EPSG32616_10m.manifest.json,20210718,16,32616,32616,1,18,100.0,18/18,0.1,132.0,ok
SAR_Ship_Chip_20210718_UTM17N_EPSG32617_10m.manifest.json,20210718,17,32617,32617,1,6,100.0,6/6,15.13,192.5,ok
SAR_Ship_Chip_20210718_UTM19N_EPSG32619_10m.manifest.json,20210718,19,32619,32619,1,4,100.0,4/4,7.68,183.5,ok
SAR_Ship_Chip_20210719_UTM04N_EPSG32604_10m.manifest.json,20210719,4,32604,32604,1,1,100.0,1/1,6.46,30.0,ok
SAR_Ship_Chip_20210719_UTM10N_EPSG32610_10m.manifest.json,20210719,10,32610,32610,1,291,100.0,291/291,0.0,117.0,ok
SAR_Ship_Chip_20210719_UTM16N_EPSG32616_10m.manifest.json,20210719,16,32616,32616,1,10,100.0,10/10,0.09,190.0,ok
SAR_Ship_Chip_20210719_UTM18N_EPSG32618_10m.manifest.json,20210719,18,32618,32618,1,125,100.0,125/125,0.1,168.0,ok
SAR_Ship_Chip_20210719_UTM19N_EPSG32619_10m.manifest.json,20210719,19,32619,32619,1,19,100.0,19/19,11.6,182.0,ok
SAR_Ship_Chip_20210720_UTM04N_EPSG32604_10m.manifest.json,20210720,4,32604,32604,1,27,100.0,27/27,0.05,63.0,ok
SAR_Ship_Chip_20210720_UTM10N_EPSG32610_10m.manifest.json,20210720,10,32610,32610,1,91,100.0,91/91,0.03,186.0,ok
SAR_Ship_Chip_20210720_UTM14N_EPSG32614_10m.manifest.json,20210720,14,32614,32614,1,62,100.0,62/62,0.0,181.0,ok
SAR_Ship_Chip_20210720_UTM16N_EPSG32616_10m.manifest.json,20210720,16,32616,32616,1,39,100.0,39/39,0.09,144.0,ok
SAR_Ship_Chip_20210720_UTM17N_EPSG32617_10m.manifest.json,20210720,17,32617,32617,1,55,100.0,55/55,0.1,179.0,ok
SAR_Ship_Chip_20210721_UTM04N_EPSG32604_10m.manifest.json,20210721,4,32604,32604,1,3,100.0,3/3,0.0,37.0,ok
SAR_Ship_Chip_20210721_UTM05N_EPSG32605_10m.manifest.json,20210721,5,32605,32605,1,3,100.0,3/3,0.0,36.0,ok
SAR_Ship_Chip_20210717_UTM04N_EPSG32604_10m.manifest.json,20210717,4,32604,32604,1,22,100.0,22/22,0.1,42.0,ok
SAR_Ship_Chip_20210717_UTM09N_EPSG32609_10m.manifest.json,20210717,9,32609,32609,1,20,100.0,20/20,5.93,183.0,ok
SAR_Ship_Chip_20210717_UTM11N_EPSG32611_10m.manifest.json,20210717,11,32611,32611,1,265,100.0,265/265,0.03,229.0,ok
SAR_Ship_Chip_20210717_UTM15N_EPSG32615_10m.manifest.json,20210717,15,32615,32615,1,98,100.0,98/98,0.1,61.0,ok
SAR_Ship_Chip_20210717_UTM17N_EPSG32617_10m.manifest.json,20210717,17,32617,32617,1,41,100.0,41/41,2.0,190.0,ok
SAR_Ship_Chip_20210717_UTM18N_EPSG32618_10m.manifest.json,20210717,18,32618,32618,1,9,100.0,9/9,11.9,190.0,ok
SAR_Ship_Chip_20210718_UTM10N_EPSG32610_10m.manifest.json,20210718,10,32610,32610,1,166,100.0,166/166,0.01,159.0,ok
SAR_Ship_Chip_20210718_UTM11N_EPSG32611_10m.manifest.json,20210718,11,32611,32611,1,26,100.0,26/26,0.07,158.0,ok
SAR_Ship_Chip_20210721_UTM10N_EPSG32610_10m.manifest.json,20210721,10,32610,32610,1,265,100.0,265/265,0.08,179.0,ok
SAR_Ship_Chip_20210721_UTM12N_EPSG32612_10m.manifest.json,20210721,12,32612,32612,1,2,100.0,2/2,12.89,193.5,ok
SAR_Ship_Chip_20210721_UTM16N_EPSG32616_10m.manifest.json,20210721,16,32616,32616,1,30,100.0,30/30,7.02,166.5,ok
SAR_Ship_Chip_20210721_UTM18N_EPSG32618_10m.manifest.json,20210721,18,32618,32618,1,17,100.0,17/17,0.0,46.0,ok
SAR_Ship_Chip_20210721_UTM19N_EPSG32619_10m.manifest.json,20210721,19,32619,32619,1,210,100.0,210/210,0.0,49.0,ok
SAR_Ship_Chip_20210722_UTM09N_EPSG32609_10m.manifest.json,20210722,9,32609,32609,1,1,100.0,1/1,19.21,216.0,ok
SAR_Ship_Chip_20210722_UTM10N_EPSG32610_10m.manifest.json,20210722,10,32610,32610,1,11,100.0,11/11,12.3,224.0,ok
SAR_Ship_Chip_20210722_UTM11N_EPSG32611_10m.manifest.json,20210722,11,32611,32611,1,149,100.0,149/149,0.0,227.0,ok
SAR_Ship_Chip_20210722_UTM14N_EPSG32614_10m.manifest.json,20210722,14,32614,32614,1,6,100.0,6/6,0.12,107.5,ok
SAR_Ship_Chip_20210722_UTM15N_EPSG32615_10m.manifest.json,20210722,15,32615,32615,1,414,100.0,414/414,0.0,179.0,ok
SAR_Ship_Chip_20210722_UTM17N_EPSG32617_10m.manifest.json,20210722,17,32617,32617,1,203,100.0,203/203,0.14,180.0,ok
SAR_Ship_Chip_20210723_UTM04N_EPSG32604_10m.manifest.json,20210723,4,32604,32604,1,27,100.0,27/27,0.01,68.0,ok
SAR_Ship_Chip_20210723_UTM11N_EPSG32611_10m.manifest.json,20210723,11,32611,32611,1,262,100.0,262/262,0.0,242.5,ok
SAR_Ship_Chip_20210723_UTM17N_EPSG32617_10m.manifest.json,20210723,17,32617,32617,1,8,100.0,8/8,11.62,187.0,ok
SAR_Ship_Chip_20210723_UTM19N_EPSG32619_10m.manifest.json,20210723,19,32619,32619,1,24,100.0,24/24,4.84,51.5,ok
SAR_Ship_Chip_20210723_UTM20N_EPSG32620_10m.manifest.json,20210723,20,32620,32620,1,2,100.0,2/2,1.61,57.0,ok
SAR_Ship_Chip_20210724_UTM05N_EPSG32605_10m.manifest.json,20210724,5,32605,32605,1,3,100.0,3/3,0.68,37.0,ok
SAR_Ship_Chip_20210724_UTM09N_EPSG32609_10m.manifest.json,20210724,9,32609,32609,1,8,100.0,8/8,14.23,252.0,ok
SAR_Ship_Chip_20210724_UTM10N_EPSG32610_10m.manifest.json,20210724,10,32610,32610,1,223,100.0,223/223,0.07,149.0,ok
SAR_Ship_Chip_20210724_UTM11N_EPSG32611_10m.manifest.json,20210724,11,32611,32611,1,37,100.0,37/37,0.1,183.0,ok
SAR_Ship_Chip_20210724_UTM16N_EPSG32616_10m.manifest.json,20210724,16,32616,32616,1,283,100.0,283/283,0.02,94.0,ok
SAR_Ship_Chip_20210724_UTM19N_EPSG32619_10m.manifest.json,20210724,19,32619,32619,1,2,100.0,2/2,7.5,189.0,ok
SAR_Ship_Chip_20210725_UTM10N_EPSG32610_10m.manifest.json,20210725,10,32610,32610,1,318,100.0,318/318,0.0,116.5,ok
SAR_Ship_Chip_20210725_UTM14N_EPSG32614_10m.manifest.json,20210725,14,32614,32614,1,22,100.0,22/22,0.0,183.5,ok
SAR_Ship_Chip_20210725_UTM16N_EPSG32616_10m.manifest.json,20210725,16,32616,32616,1,6,100.0,6/6,7.7,99.0,ok
SAR_Ship_Chip_20210725_UTM17N_EPSG32617_10m.manifest.json,20210725,17,32617,32617,1,26,100.0,26/26,13.14,189.0,ok
SAR_Ship_Chip_20210726_UTM04N_EPSG32604_10m.manifest.json,20210726,4,32604,32604,1,26,100.0,26/26,0.0,71.0,ok
SAR_Ship_Chip_20210726_UTM09N_EPSG32609_10m.manifest.json,20210726,9,32609,32609,1,19,100.0,19/19,11.3,211.0,ok
SAR_Ship_Chip_20210726_UTM10N_EPSG32610_10m.manifest.json,20210726,10,32610,32610,1,33,100.0,33/33,7.8,199.0,ok
SAR_Ship_Chip_20210726_UTM12N_EPSG32612_10m.manifest.json,20210726,12,32612,32612,1,9,100.0,9/9,13.7,199.0,ok
SAR_Ship_Chip_20210726_UTM18N_EPSG32618_10m.manifest.json,20210726,18,32618,32618,1,174,100.0,174/174,0.0,46.5,ok
SAR_Ship_Chip_20210726_UTM19N_EPSG32619_10m.manifest.json,20210726,19,32619,32619,1,6,100.0,6/6,13.53,191.0,ok
SAR_Ship_Chip_20210726_UTM20N_EPSG32620_10m.manifest.json,20210726,20,32620,32620,1,20,100.0,20/20,0.12,163.0,ok
SAR_Ship_Chip_20210727_UTM04N_EPSG32604_10m.manifest.json,20210727,4,32604,32604,1,3,100.0,3/3,6.29,36.0,ok
SAR_Ship_Chip_20210727_UTM09N_EPSG32609_10m.manifest.json,20210727,9,32609,32609,1,1,100.0,1/1,11.3,199.0,ok
SAR_Ship_Chip_20210727_UTM10N_EPSG32610_10m.manifest.json,20210727,10,32610,32610,1,213,100.0,213/213,0.01,179.0,ok
SAR_Ship_Chip_20210727_UTM15N_EPSG32615_10m.manifest.json,20210727,15,32615,32615,1,223,100.0,223/223,0.0,174.0,ok
SAR_Ship_Chip_20210727_UTM16N_EPSG32616_10m.manifest.json,20210727,16,32616,32616,1,1,100.0,1/1,0.0,210.0,ok
SAR_Ship_Chip_20210727_UTM17N_EPSG32617_10m.manifest.json,20210727,17,32617,32617,1,206,100.0,206/206,0.0,62.5,ok
SAR_Ship_Chip_20210728_UTM10N_EPSG32610_10m.manifest.json,20210728,10,32610,32610,1,284,100.0,284/284,0.0,113.5,ok
SAR_Ship_Chip_20210729_UTM15N_EPSG32615_10m.manifest.json,20210729,15,32615,32615,1,93,100.0,93/93,0.09,76.0,ok
SAR_Ship_Chip_20210729_UTM16N_EPSG32616_10m.manifest.json,20210729,16,32616,32616,1,1,100.0,1/1,5.4,51.0,ok
SAR_Ship_Chip_20210729_UTM17N_EPSG32617_10m.manifest.json,20210729,17,32617,32617,1,23,100.0,23/23,7.5,179.0,ok
SAR_Ship_Chip_20210729_UTM18N_EPSG32618_10m.manifest.json,20210729,18,32618,32618,1,3,100.0,3/3,10.4,200.0,ok
SAR_Ship_Chip_20210729_UTM20N_EPSG32620_10m.manifest.json,20210729,20,32620,32620,1,1,100.0,1/1,12.9,189.0,ok
SAR_Ship_Chip_20210730_UTM10N_EPSG32610_10m.manifest.json,20210730,10,32610,32610,1,170,100.0,170/170,0.0,146.0,ok
SAR_Ship_Chip_20210730_UTM11N_EPSG32611_10m.manifest.json,20210730,11,32611,32611,1,29,100.0,29/29,0.09,171.0,ok
SAR_Ship_Chip_20210730_UTM12N_EPSG32612_10m.manifest.json,20210730,12,32612,32612,1,1,100.0,1/1,11.54,186.0,ok
SAR_Ship_Chip_20210730_UTM15N_EPSG32615_10m.manifest.json,20210730,15,32615,32615,1,4,100.0,4/4,0.0,211.0,ok
SAR_Ship_Chip_20210730_UTM16N_EPSG32616_10m.manifest.json,20210730,16,32616,32616,1,72,100.0,72/72,0.04,96.0,ok
SAR_Ship_Chip_20210730_UTM17N_EPSG32617_10m.manifest.json,20210730,17,32617,32617,1,4,100.0,4/4,10.95,214.5,ok
SAR_Ship_Chip_20210730_UTM19N_EPSG32619_10m.manifest.json,20210730,19,32619,32619,1,1,100.0,1/1,11.47,177.0,ok
SAR_Ship_Chip_20210731_UTM04N_EPSG32604_10m.manifest.json,20210731,4,32604,32604,1,1,100.0,1/1,1.44,274.0,ok
SAR_Ship_Chip_20210731_UTM10N_EPSG32610_10m.manifest.json,20210731,10,32610,32610,1,7,100.0,7/7,10.9,63.0,ok
SAR_Ship_Chip_20210731_UTM11N_EPSG32611_10m.manifest.json,20210731,11,32611,32611,1,12,100.0,12/12,13.75,189.5,ok
SAR_Ship_Chip_20210731_UTM18N_EPSG32618_10m.manifest.json,20210731,18,32618,32618,1,125,100.0,125/125,0.01,179.0,ok
SAR_Ship_Chip_20210728_UTM11N_EPSG32611_10m.manifest.json,20210728,11,32611,32611,1,150,100.0,150/150,0.07,233.5,ok
SAR_Ship_Chip_20210728_UTM15N_EPSG32615_10m.manifest.json,20210728,15,32615,32615,1,110,100.0,110/110,0.0,159.5,ok
SAR_Ship_Chip_20210728_UTM17N_EPSG32617_10m.manifest.json,20210728,17,32617,32617,1,15,100.0,15/15,8.0,222.0,ok
SAR_Ship_Chip_20210728_UTM19N_EPSG32619_10m.manifest.json,20210728,19,32619,32619,1,110,100.0,110/110,0.09,55.0,ok
SAR_Ship_Chip_20210728_UTM20N_EPSG32620_10m.manifest.json,20210728,20,32620,32620,1,16,100.0,16/16,0.0,157.5,ok
SAR_Ship_Chip_20210729_UTM04N_EPSG32604_10m.manifest.json,20210729,4,32604,32604,1,28,100.0,28/28,0.0,71.0,ok
SAR_Ship_Chip_20210729_UTM09N_EPSG32609_10m.manifest.json,20210729,9,32609,32609,1,26,100.0,26/26,11.85,181.0,ok
SAR_Ship_Chip_20210729_UTM11N_EPSG32611_10m.manifest.json,20210729,11,32611,32611,1,270,100.0,270/270,0.02,238.5,ok
SAR_Ship_Chip_20210731_UTM19N_EPSG32619_10m.manifest.json,20210731,19,32619,32619,1,14,100.0,14/14,11.97,168.5,ok
SAR_Ship_Chip_20210801_UTM04N_EPSG32604_10m.manifest.json,20210801,4,32604,32604,1,31,100.0,31/31,0.02,63.0,ok
SAR_Ship_Chip_20210801_UTM14N_EPSG32614_10m.manifest.json,20210801,14,32614,32614,1,61,100.0,61/61,0.0,64.0,ok
SAR_Ship_Chip_20210801_UTM16N_EPSG32616_10m.manifest.json,20210801,16,32616,32616,1,8,100.0,8/8,0.0,95.0,ok
SAR_Ship_Chip_20210801_UTM17N_EPSG32617_10m.manifest.json,20210801,17,32617,32617,1,46,100.0,46/46,1.59,166.0,ok
SAR_Ship_Chip_20210802_UTM04N_EPSG32604_10m.manifest.json,20210802,4,32604,32604,1,4,100.0,4/4,0.87,100.5,ok
SAR_Ship_Chip_20210802_UTM05N_EPSG32605_10m.manifest.json,20210802,5,32605,32605,1,1,100.0,1/1,7.2,37.0,ok
SAR_Ship_Chip_20210802_UTM10N_EPSG32610_10m.manifest.json,20210802,10,32610,32610,1,169,100.0,169/169,0.09,176.0,ok
SAR_Ship_Chip_20210802_UTM12N_EPSG32612_10m.manifest.json,20210802,12,32612,32612,1,4,100.0,4/4,13.99,213.5,ok
SAR_Ship_Chip_20210802_UTM16N_EPSG32616_10m.manifest.json,20210802,16,32616,32616,1,37,100.0,37/37,7.56,145.0,ok
SAR_Ship_Chip_20210802_UTM18N_EPSG32618_10m.manifest.json,20210802,18,32618,32618,1,20,100.0,20/20,0.0,45.5,ok
SAR_Ship_Chip_20210802_UTM19N_EPSG32619_10m.manifest.json,20210802,19,32619,32619,1,213,100.0,213/213,0.0,49.0,ok
SAR_Ship_Chip_20210802_UTM20N_EPSG32620_10m.manifest.json,20210802,20,32620,32620,1,1,100.0,1/1,16.0,147.0,ok
SAR_Ship_Chip_20210803_UTM09N_EPSG32609_10m.manifest.json,20210803,9,32609,32609,1,2,100.0,2/2,10.87,195.0,ok
SAR_Ship_Chip_20210803_UTM10N_EPSG32610_10m.manifest.json,20210803,10,32610,32610,1,144,100.0,144/144,0.06,156.5,ok
SAR_Ship_Chip_20210803_UTM11N_EPSG32611_10m.manifest.json,20210803,11,32611,32611,1,146,100.0,146/146,0.1,228.0,ok
SAR_Ship_Chip_20210803_UTM14N_EPSG32614_10m.manifest.json,20210803,14,32614,32614,1,2,100.0,2/2,3.42,115.0,ok
SAR_Ship_Chip_20210803_UTM15N_EPSG32615_10m.manifest.json,20210803,15,32615,32615,1,409,100.0,409/409,0.0,179.0,ok
SAR_Ship_Chip_20210804_UTM04N_EPSG32604_10m.manifest.json,20210804,4,32604,32604,1,33,100.0,33/33,0.0,56.0,ok
SAR_Ship_Chip_20210804_UTM11N_EPSG32611_10m.manifest.json,20210804,11,32611,32611,1,301,100.0,301/301,0.05,210.0,ok
SAR_Ship_Chip_20210804_UTM17N_EPSG32617_10m.manifest.json,20210804,17,32617,32617,1,17,100.0,17/17,13.4,183.0,ok
SAR_Ship_Chip_20210804_UTM19N_EPSG32619_10m.manifest.json,20210804,19,32619,32619,1,7,100.0,7/7,6.6,73.0,ok
SAR_Ship_Chip_20210804_UTM20N_EPSG32620_10m.manifest.json,20210804,20,32620,32620,1,14,100.0,14/14,0.0,52.0,ok
SAR_Ship_Chip_20210805_UTM05N_EPSG32605_10m.manifest.json,20210805,5,32605,32605,1,2,100.0,2/2,8.55,92.5,ok
SAR_Ship_Chip_20210806_UTM16N_EPSG32616_10m.manifest.json,20210806,16,32616,32616,1,8,100.0,8/8,5.34,70.5,ok
SAR_Ship_Chip_20210806_UTM17N_EPSG32617_10m.manifest.json,20210806,17,32617,32617,1,14,100.0,14/14,12.52,209.0,ok
SAR_Ship_Chip_20210806_UTM20N_EPSG32620_10m.manifest.json,20210806,20,32620,32620,1,1,100.0,1/1,9.3,50.0,ok
SAR_Ship_Chip_20210807_UTM04N_EPSG32604_10m.manifest.json,20210807,4,32604,32604,1,31,100.0,31/31,0.04,63.0,ok
SAR_Ship_Chip_20210807_UTM09N_EPSG32609_10m.manifest.json,20210807,9,32609,32609,1,15,100.0,15/15,11.6,183.0,ok
SAR_Ship_Chip_20210807_UTM10N_EPSG32610_10m.manifest.json,20210807,10,32610,32610,1,62,100.0,62/62,2.81,180.0,ok
SAR_Ship_Chip_20210807_UTM12N_EPSG32612_10m.manifest.json,20210807,12,32612,32612,1,3,100.0,3/3,12.6,200.0,ok
SAR_Ship_Chip_20210807_UTM18N_EPSG32618_10m.manifest.json,20210807,18,32618,32618,1,171,100.0,171/171,0.03,47.0,ok
SAR_Ship_Chip_20210805_UTM09N_EPSG32609_10m.manifest.json,20210805,9,32609,32609,1,4,100.0,4/4,12.04,178.5,ok
SAR_Ship_Chip_20210805_UTM10N_EPSG32610_10m.manifest.json,20210805,10,32610,32610,1,174,100.0,174/174,0.1,101.0,ok
SAR_Ship_Chip_20210805_UTM11N_EPSG32611_10m.manifest.json,20210805,11,32611,32611,1,16,100.0,16/16,7.7,162.5,ok
SAR_Ship_Chip_20210805_UTM16N_EPSG32616_10m.manifest.json,20210805,16,32616,32616,1,275,100.0,275/275,0.0,95.0,ok
SAR_Ship_Chip_20210805_UTM17N_EPSG32617_10m.manifest.json,20210805,17,32617,32617,1,22,100.0,22/22,0.07,147.0,ok
SAR_Ship_Chip_20210805_UTM18N_EPSG32618_10m.manifest.json,20210805,18,32618,32618,1,116,100.0,116/116,0.0,191.5,ok
SAR_Ship_Chip_20210805_UTM19N_EPSG32619_10m.manifest.json,20210805,19,32619,32619,1,2,100.0,2/2,12.58,164.5,ok
SAR_Ship_Chip_20210806_UTM10N_EPSG32610_10m.manifest.json,20210806,10,32610,32610,1,305,100.0,305/305,0.0,124.0,ok
SAR_Ship_Chip_20210810_UTM11N_EPSG32611_10m.manifest.json,20210810,11,32611,32611,1,282,100.0,282/282,0.0,239.0,ok
SAR_Ship_Chip_20210810_UTM15N_EPSG32615_10m.manifest.json,20210810,15,32615,32615,1,114,100.0,114/114,0.1,56.5,ok
SAR_Ship_Chip_20210810_UTM17N_EPSG32617_10m.manifest.json,20210810,17,32617,32617,1,37,100.0,37/37,0.1,182.0,ok
SAR_Ship_Chip_20210810_UTM18N_EPSG32618_10m.manifest.json,20210810,18,32618,32618,1,3,100.0,3/3,12.2,219.0,ok
SAR_Ship_Chip_20210811_UTM05N_EPSG32605_10m.manifest.json,20210811,5,32605,32605,1,3,100.0,3/3,9.5,36.0,ok
SAR_Ship_Chip_20210811_UTM11N_EPSG32611_10m.manifest.json,20210811,11,32611,32611,1,29,100.0,29/29,0.1,180.0,ok
SAR_Ship_Chip_20210811_UTM12N_EPSG32612_10m.manifest.json,20210811,12,32612,32612,1,3,100.0,3/3,14.1,180.0,ok
SAR_Ship_Chip_20210811_UTM15N_EPSG32615_10m.manifest.json,20210811,15,32615,32615,1,5,100.0,5/5,0.0,225.0,ok
SAR_Ship_Chip_20210809_UTM10N_EPSG32610_10m.manifest.json,20210809,10,32610,32610,1,271,100.0,271/271,0.0,102.0,ok
SAR_Ship_Chip_20210809_UTM11N_EPSG32611_10m.manifest.json,20210809,11,32611,32611,1,155,100.0,155/155,0.09,229.0,ok
SAR_Ship_Chip_20210809_UTM15N_EPSG32615_10m.manifest.json,20210809,15,32615,32615,1,88,100.0,88/88,0.0,179.5,ok
SAR_Ship_Chip_20210809_UTM17N_EPSG32617_10m.manifest.json,20210809,17,32617,32617,1,20,100.0,20/20,7.65,184.5,ok
SAR_Ship_Chip_20210809_UTM19N_EPSG32619_10m.manifest.json,20210809,19,32619,32619,1,135,100.0,135/135,0.23,49.0,ok
SAR_Ship_Chip_20210809_UTM20N_EPSG32620_10m.manifest.json,20210809,20,32620,32620,1,19,100.0,19/19,0.03,126.0,ok
SAR_Ship_Chip_20210810_UTM04N_EPSG32604_10m.manifest.json,20210810,4,32604,32604,1,31,100.0,31/31,0.01,68.0,ok
SAR_Ship_Chip_20210810_UTM09N_EPSG32609_10m.manifest.json,20210810,9,32609,32609,1,21,100.0,21/21,10.66,199.0,ok
SAR_Ship_Chip_20210807_UTM19N_EPSG32619_10m.manifest.json,20210807,19,32619,32619,1,6,100.0,6/6,12.08,167.5,ok
SAR_Ship_Chip_20210807_UTM20N_EPSG32620_10m.manifest.json,20210807,20,32620,32620,1,23,100.0,23/23,0.1,121.0,ok
SAR_Ship_Chip_20210808_UTM04N_EPSG32604_10m.manifest.json,20210808,4,32604,32604,1,3,100.0,3/3,5.9,180.0,ok
SAR_Ship_Chip_20210808_UTM05N_EPSG32605_10m.manifest.json,20210808,5,32605,32605,1,2,100.0,2/2,7.8,36.5,ok
SAR_Ship_Chip_20210808_UTM10N_EPSG32610_10m.manifest.json,20210808,10,32610,32610,1,228,100.0,228/228,0.1,180.0,ok
SAR_Ship_Chip_20210808_UTM15N_EPSG32615_10m.manifest.json,20210808,15,32615,32615,1,182,100.0,182/182,0.0,179.0,ok
SAR_Ship_Chip_20210808_UTM17N_EPSG32617_10m.manifest.json,20210808,17,32617,32617,1,192,100.0,192/192,0.0,58.5,ok
SAR_Ship_Chip_20210809_UTM04N_EPSG32604_10m.manifest.json,20210809,4,32604,32604,1,2,100.0,2/2,1.59,178.5,ok
SAR_Ship_Chip_20210811_UTM16N_EPSG32616_10m.manifest.json,20210811,16,32616,32616,1,55,100.0,55/55,0.08,108.0,ok
SAR_Ship_Chip_20210811_UTM17N_EPSG32617_10m.manifest.json,20210811,17,32617,32617,1,2,100.0,2/2,11.56,159.0,ok
SAR_Ship_Chip_20210811_UTM19N_EPSG32619_10m.manifest.json,20210811,19,32619,32619,1,4,100.0,4/4,10.76,59.5,ok
SAR_Ship_Chip_20210811_UTM20N_EPSG32620_10m.manifest.json,20210811,20,32620,32620,1,3,100.0,3/3,12.8,292.0,ok
SAR_Ship_Chip_20210812_UTM04N_EPSG32604_10m.manifest.json,20210812,4,32604,32604,1,2,100.0,2/2,9.7,168.5,ok
SAR_Ship_Chip_20210812_UTM10N_EPSG32610_10m.manifest.json,20210812,10,32610,32610,1,305,100.0,305/305,0.0,86.0,ok
SAR_Ship_Chip_20210812_UTM11N_EPSG32611_10m.manifest.json,20210812,11,32611,32611,1,1,100.0,1/1,17.7,200.0,ok
SAR_Ship_Chip_20210812_UTM16N_EPSG32616_10m.manifest.json,20210812,16,32616,32616,1,11,100.0,11/11,0.0,158.0,ok
SAR_Ship_Chip_20210812_UTM18N_EPSG32618_10m.manifest.json,20210812,18,32618,32618,1,136,100.0,136/136,0.01,178.5,ok
SAR_Ship_Chip_20210812_UTM19N_EPSG32619_10m.manifest.json,20210812,19,32619,32619,1,9,100.0,9/9,7.5,183.0,ok
SAR_Ship_Chip_20210813_UTM04N_EPSG32604_10m.manifest.json,20210813,4,32604,32604,1,26,100.0,26/26,0.04,85.5,ok
SAR_Ship_Chip_20210813_UTM08N_EPSG32608_10m.manifest.json,20210813,8,32608,32608,1,4,100.0,4/4,12.39,209.0,ok
SAR_Ship_Chip_20210813_UTM10N_EPSG32610_10m.manifest.json,20210813,10,32610,32610,1,83,100.0,83/83,0.0,182.0,ok
SAR_Ship_Chip_20210813_UTM14N_EPSG32614_10m.manifest.json,20210813,14,32614,32614,1,67,100.0,67/67,0.0,64.0,ok
SAR_Ship_Chip_20210813_UTM16N_EPSG32616_10m.manifest.json,20210813,16,32616,32616,1,29,100.0,29/29,9.19,145.0,ok
SAR_Ship_Chip_20210813_UTM17N_EPSG32617_10m.manifest.json,20210813,17,32617,32617,1,32,100.0,32/32,0.0,42.5,ok
SAR_Ship_Chip_20210814_UTM04N_EPSG32604_10m.manifest.json,20210814,4,32604,32604,1,2,100.0,2/2,6.45,132.0,ok
SAR_Ship_Chip_20210814_UTM05N_EPSG32605_10m.manifest.json,20210814,5,32605,32605,1,2,100.0,2/2,0.03,36.5,ok
SAR_Ship_Chip_20210814_UTM10N_EPSG32610_10m.manifest.json,20210814,10,32610,32610,1,249,100.0,249/249,0.04,174.0,ok
SAR_Ship_Chip_20210814_UTM19N_EPSG32619_10m.manifest.json,20210814,19,32619,32619,1,130,100.0,130/130,0.0,49.0,ok
SAR_Ship_Chip_20210815_UTM09N_EPSG32609_10m.manifest.json,20210815,9,32609,32609,1,9,100.0,9/9,9.73,190.0,ok
SAR_Ship_Chip_20210815_UTM10N_EPSG32610_10m.manifest.json,20210815,10,32610,32610,1,16,100.0,16/16,12.23,224.5,ok
SAR_Ship_Chip_20210815_UTM11N_EPSG32611_10m.manifest.json,20210815,11,32611,32611,1,153,100.0,153/153,0.1,228.0,ok
SAR_Ship_Chip_20210815_UTM14N_EPSG32614_10m.manifest.json,20210815,14,32614,32614,1,7,100.0,7/7,0.0,199.0,ok
SAR_Ship_Chip_20210817_UTM19N_EPSG32619_10m.manifest.json,20210817,19,32619,32619,1,20,100.0,20/20,1.63,46.0,ok
SAR_Ship_Chip_20210817_UTM20N_EPSG32620_10m.manifest.json,20210817,20,32620,32620,1,8,100.0,8/8,11.65,176.5,ok
SAR_Ship_Chip_20210818_UTM04N_EPSG32604_10m.manifest.json,20210818,4,32604,32604,1,1,100.0,1/1,0.09,37.0,ok
SAR_Ship_Chip_20210818_UTM17N_EPSG32617_10m.manifest.json,20210818,17,32617,32617,1,20,100.0,20/20,11.3,204.0,ok
SAR_Ship_Chip_20210818_UTM20N_EPSG32620_10m.manifest.json,20210818,20,32620,32620,1,1,100.0,1/1,20.5,292.0,ok
SAR_Ship_Chip_20210819_UTM18N_EPSG32618_10m.manifest.json,20210819,18,32618,32618,1,170,100.0,170/170,0.1,59.0,ok
SAR_Ship_Chip_20210819_UTM19N_EPSG32619_10m.manifest.json,20210819,19,32619,32619,1,2,100.0,2/2,15.65,210.0,ok
SAR_Ship_Chip_20210820_UTM10N_EPSG32610_10m.manifest.json,20210820,10,32610,32610,1,159,100.0,159/159,0.0,179.0,ok
SAR_Ship_Chip_20210815_UTM15N_EPSG32615_10m.manifest.json,20210815,15,32615,32615,1,97,100.0,97/97,0.0,169.0,ok
SAR_Ship_Chip_20210815_UTM17N_EPSG32617_10m.manifest.json,20210815,17,32617,32617,1,183,100.0,183/183,0.1,177.0,ok
SAR_Ship_Chip_20210817_UTM05N_EPSG32605_10m.manifest.json,20210817,5,32605,32605,1,6,100.0,6/6,5.67,36.5,ok
SAR_Ship_Chip_20210817_UTM09N_EPSG32609_10m.manifest.json,20210817,9,32609,32609,1,7,100.0,7/7,10.7,169.0,ok
SAR_Ship_Chip_20210817_UTM10N_EPSG32610_10m.manifest.json,20210817,10,32610,32610,1,181,100.0,181/181,0.0,96.0,ok
SAR_Ship_Chip_20210817_UTM11N_EPSG32611_10m.manifest.json,20210817,11,32611,32611,1,9,100.0,9/9,12.76,200.0,ok
SAR_Ship_Chip_20210817_UTM17N_EPSG32617_10m.manifest.json,20210817,17,32617,32617,1,26,100.0,26/26,0.0,165.0,ok
SAR_Ship_Chip_20210817_UTM18N_EPSG32618_10m.manifest.json,20210817,18,32618,32618,1,52,100.0,52/52,0.0,172.0,ok
SAR_Ship_Chip_20210820_UTM15N_EPSG32615_10m.manifest.json,20210820,15,32615,32615,1,200,100.0,200/200,0.0,180.0,ok
SAR_Ship_Chip_20210820_UTM17N_EPSG32617_10m.manifest.json,20210820,17,32617,32617,1,214,100.0,214/214,0.0,64.0,ok
SAR_Ship_Chip_20210821_UTM10N_EPSG32610_10m.manifest.json,20210821,10,32610,32610,1,3,100.0,3/3,12.65,249.0,ok
SAR_Ship_Chip_20210821_UTM11N_EPSG32611_10m.manifest.json,20210821,11,32611,32611,1,21,100.0,21/21,9.7,175.0,ok
SAR_Ship_Chip_20210821_UTM16N_EPSG32616_10m.manifest.json,20210821,16,32616,32616,1,1,100.0,1/1,3.8,139.0,ok
SAR_Ship_Chip_20210821_UTM19N_EPSG32619_10m.manifest.json,20210821,19,32619,32619,1,81,100.0,81/81,0.1,45.0,ok
SAR_Ship_Chip_20210821_UTM20N_EPSG32620_10m.manifest.json,20210821,20,32620,32620,1,2,100.0,2/2,14.28,177.5,ok
SAR_Ship_Chip_20210822_UTM09N_EPSG32609_10m.manifest.json,20210822,9,32609,32609,1,2,100.0,2/2,11.18,168.5,ok
SAR_Ship_Chip_20210822_UTM11N_EPSG32611_10m.manifest.json,20210822,11,32611,32611,1,140,100.0,140/140,0.0,228.0,ok
SAR_Ship_Chip_20210822_UTM17N_EPSG32617_10m.manifest.json,20210822,17,32617,32617,1,6,100.0,6/6,6.27,213.0,ok
SAR_Ship_Chip_20210822_UTM18N_EPSG32618_10m.manifest.json,20210822,18,32618,32618,1,7,100.0,7/7,12.4,228.0,ok
SAR_Ship_Chip_20210823_UTM11N_EPSG32611_10m.manifest.json,20210823,11,32611,32611,1,6,100.0,6/6,17.8,242.0,ok
SAR_Ship_Chip_20210823_UTM16N_EPSG32616_10m.manifest.json,20210823,16,32616,32616,1,32,100.0,32/32,0.0,103.5,ok
SAR_Ship_Chip_20210824_UTM11N_EPSG32611_10m.manifest.json,20210824,11,32611,32611,1,11,100.0,11/11,12.9,183.0,ok
SAR_Ship_Chip_20210824_UTM18N_EPSG32618_10m.manifest.json,20210824,18,32618,32618,1,145,100.0,145/145,0.07,187.0,ok
SAR_Ship_Chip_20210824_UTM19N_EPSG32619_10m.manifest.json,20210824,19,32619,32619,1,22,100.0,22/22,10.77,177.5,ok
SAR_Ship_Chip_20210825_UTM10N_EPSG32610_10m.manifest.json,20210825,10,32610,32610,1,79,100.0,79/79,0.0,178.0,ok
SAR_Ship_Chip_20210825_UTM14N_EPSG32614_10m.manifest.json,20210825,14,32614,32614,1,65,100.0,65/65,0.0,47.0,ok
SAR_Ship_Chip_20210825_UTM16N_EPSG32616_10m.manifest.json,20210825,16,32616,32616,1,1,100.0,1/1,11.9,207.0,ok
SAR_Ship_Chip_20210826_UTM04N_EPSG32604_10m.manifest.json,20210826,4,32604,32604,1,3,100.0,3/3,7.7,36.0,ok
SAR_Ship_Chip_20210826_UTM10N_EPSG32610_10m.manifest.json,20210826,10,32610,32610,1,181,100.0,181/181,0.1,179.0,ok
SAR_Ship_Chip_20210826_UTM16N_EPSG32616_10m.manifest.json,20210826,16,32616,32616,1,18,100.0,18/18,1.04,56.0,ok
SAR_Ship_Chip_20210826_UTM19N_EPSG32619_10m.manifest.json,20210826,19,32619,32619,1,177,100.0,177/177,0.0,50.0,ok
SAR_Ship_Chip_20210826_UTM20N_EPSG32620_10m.manifest.json,20210826,20,32620,32620,1,1,100.0,1/1,15.04,229.0,ok
SAR_Ship_Chip_20210827_UTM09N_EPSG32609_10m.manifest.json,20210827,9,32609,32609,1,3,100.0,3/3,8.7,255.0,ok
SAR_Ship_Chip_20210827_UTM10N_EPSG32610_10m.manifest.json,20210827,10,32610,32610,1,18,100.0,18/18,10.6,272.0,ok
SAR_Ship_Chip_20210827_UTM11N_EPSG32611_10m.manifest.json,20210827,11,32611,32611,1,162,100.0,162/162,0.04,224.5,ok
SAR_Ship_Chip_20210827_UTM14N_EPSG32614_10m.manifest.json,20210827,14,32614,32614,1,5,100.0,5/5,0.1,123.0,ok
SAR_Ship_Chip_20210827_UTM15N_EPSG32615_10m.manifest.json,20210827,15,32615,32615,1,352,100.0,352/352,0.0,179.0,ok
SAR_Ship_Chip_20210827_UTM17N_EPSG32617_10m.manifest.json,20210827,17,32617,32617,1,202,100.0,202/202,0.12,181.5,ok
SAR_Ship_Chip_20210828_UTM04N_EPSG32604_10m.manifest.json,20210828,4,32604,32604,1,26,100.0,26/26,0.01,67.0,ok
SAR_Ship_Chip_20210828_UTM11N_EPSG32611_10m.manifest.json,20210828,11,32611,32611,1,328,100.0,328/328,0.01,238.0,ok
SAR_Ship_Chip_20210829_UTM17N_EPSG32617_10m.manifest.json,20210829,17,32617,32617,1,26,100.0,26/26,0.1,142.0,ok
SAR_Ship_Chip_20210829_UTM18N_EPSG32618_10m.manifest.json,20210829,18,32618,32618,1,120,100.0,120/120,0.05,184.5,ok
SAR_Ship_Chip_20210829_UTM19N_EPSG32619_10m.manifest.json,20210829,19,32619,32619,1,15,100.0,15/15,2.25,48.0,ok
SAR_Ship_Chip_20210829_UTM20N_EPSG32620_10m.manifest.json,20210829,20,32620,32620,1,1,100.0,1/1,5.5,40.0,ok
SAR_Ship_Chip_20210830_UTM04N_EPSG32604_10m.manifest.json,20210830,4,32604,32604,1,1,100.0,1/1,0.0,59.0,ok
SAR_Ship_Chip_20210830_UTM10N_EPSG32610_10m.manifest.json,20210830,10,32610,32610,1,73,100.0,73/73,0.1,149.0,ok
SAR_Ship_Chip_20210830_UTM12N_EPSG32612_10m.manifest.json,20210830,12,32612,32612,1,2,100.0,2/2,8.43,183.0,ok
SAR_Ship_Chip_20210830_UTM16N_EPSG32616_10m.manifest.json,20210830,16,32616,32616,1,12,100.0,12/12,0.0,141.5,ok
SAR_Ship_Chip_20210828_UTM17N_EPSG32617_10m.manifest.json,20210828,17,32617,32617,1,3,100.0,3/3,15.15,139.0,ok
SAR_Ship_Chip_20210828_UTM19N_EPSG32619_10m.manifest.json,20210828,19,32619,32619,1,23,100.0,23/23,9.31,49.0,ok
SAR_Ship_Chip_20210828_UTM20N_EPSG32620_10m.manifest.json,20210828,20,32620,32620,1,6,100.0,6/6,0.7,102.0,ok
SAR_Ship_Chip_20210829_UTM05N_EPSG32605_10m.manifest.json,20210829,5,32605,32605,1,3,100.0,3/3,4.08,30.0,ok
SAR_Ship_Chip_20210829_UTM09N_EPSG32609_10m.manifest.json,20210829,9,32609,32609,1,13,100.0,13/13,10.67,183.0,ok
SAR_Ship_Chip_20210829_UTM10N_EPSG32610_10m.manifest.json,20210829,10,32610,32610,1,186,100.0,186/186,0.0,103.0,ok
SAR_Ship_Chip_20210829_UTM11N_EPSG32611_10m.manifest.json,20210829,11,32611,32611,1,43,100.0,43/43,0.52,182.0,ok
SAR_Ship_Chip_20210829_UTM16N_EPSG32616_10m.manifest.json,20210829,16,32616,32616,1,158,100.0,158/158,0.0,113.5,ok
SAR_Ship_Chip_20210830_UTM17N_EPSG32617_10m.manifest.json,20210830,17,32617,32617,1,9,100.0,9/9,14.2,243.0,ok
SAR_Ship_Chip_20210831_UTM04N_EPSG32604_10m.manifest.json,20210831,4,32604,32604,1,24,100.0,24/24,0.0,63.0,ok
SAR_Ship_Chip_20210831_UTM09N_EPSG32609_10m.manifest.json,20210831,9,32609,32609,1,18,100.0,18/18,11.15,181.5,ok
SAR_Ship_Chip_20210831_UTM10N_EPSG32610_10m.manifest.json,20210831,10,32610,32610,1,29,100.0,29/29,9.5,189.0,ok
SAR_Ship_Chip_20210831_UTM11N_EPSG32611_10m.manifest.json,20210831,11,32611,32611,1,3,100.0,3/3,15.0,230.0,ok
SAR_Ship_Chip_20210831_UTM12N_EPSG32612_10m.manifest.json,20210831,12,32612,32612,1,8,100.0,8/8,14.31,239.0,ok
SAR_Ship_Chip_20210831_UTM18N_EPSG32618_10m.manifest.json,20210831,18,32618,32618,1,193,100.0,193/193,0.09,60.0,ok
SAR_Ship_Chip_20210831_UTM19N_EPSG32619_10m.manifest.json,20210831,19,32619,32619,1,12,100.0,12/12,13.45,217.5,ok
SAR_Ship_Chip_20210831_UTM20N_EPSG32620_10m.manifest.json,20210831,20,32620,32620,1,30,100.0,30/30,0.76,142.5,ok
SAR_Ship_Chip_20210901_UTM04N_EPSG32604_10m.manifest.json,20210901,4,32604,32604,1,4,100.0,4/4,4.55,38.5,ok
SAR_Ship_Chip_20210901_UTM05N_EPSG32605_10m.manifest.json,20210901,5,32605,32605,1,2,100.0,2/2,3.3,36.5,ok
SAR_Ship_Chip_20210901_UTM10N_EPSG32610_10m.manifest.json,20210901,10,32610,32610,1,165,100.0,165/165,0.1,178.0,ok
SAR_Ship_Chip_20210901_UTM14N_EPSG32614_10m.manifest.json,20210901,14,32614,32614,1,1,100.0,1/1,6.3,23.0,ok
SAR_Ship_Chip_20210901_UTM15N_EPSG32615_10m.manifest.json,20210901,15,32615,32615,1,257,100.0,257/257,0.0,111.0,ok
SAR_Ship_Chip_20210901_UTM17N_EPSG32617_10m.manifest.json,20210901,17,32617,32617,1,183,100.0,183/183,0.0,60.0,ok
SAR_Ship_Chip_20210902_UTM04N_EPSG32604_10m.manifest.json,20210902,4,32604,32604,1,2,100.0,2/2,5.59,166.5,ok
SAR_Ship_Chip_20210904_UTM16N_EPSG32616_10m.manifest.json,20210904,16,32616,32616,1,62,100.0,62/62,0.0,94.5,ok
SAR_Ship_Chip_20210904_UTM17N_EPSG32617_10m.manifest.json,20210904,17,32617,32617,1,9,100.0,9/9,12.3,183.0,ok
SAR_Ship_Chip_20210904_UTM19N_EPSG32619_10m.manifest.json,20210904,19,32619,32619,1,2,100.0,2/2,9.89,111.5,ok
SAR_Ship_Chip_20210904_UTM20N_EPSG32620_10m.manifest.json,20210904,20,32620,32620,1,1,100.0,1/1,11.4,260.0,ok
SAR_Ship_Chip_20210905_UTM04N_EPSG32604_10m.manifest.json,20210905,4,32604,32604,1,2,100.0,2/2,4.7,124.5,ok
SAR_Ship_Chip_20210905_UTM10N_EPSG32610_10m.manifest.json,20210905,10,32610,32610,1,257,100.0,257/257,0.0,92.0,ok
SAR_Ship_Chip_20210905_UTM11N_EPSG32611_10m.manifest.json,20210905,11,32611,32611,1,8,100.0,8/8,11.47,181.0,ok
SAR_Ship_Chip_20210905_UTM16N_EPSG32616_10m.manifest.json,20210905,16,32616,32616,1,9,100.0,9/9,2.09,54.0,ok
SAR_Ship_Chip_20210903_UTM09N_EPSG32609_10m.manifest.json,20210903,9,32609,32609,1,19,100.0,19/19,10.56,179.0,ok
SAR_Ship_Chip_20210903_UTM11N_EPSG32611_10m.manifest.json,20210903,11,32611,32611,1,272,100.0,272/272,0.0,240.0,ok
SAR_Ship_Chip_20210903_UTM15N_EPSG32615_10m.manifest.json,20210903,15,32615,32615,1,96,100.0,96/96,0.0,80.5,ok
SAR_Ship_Chip_20210903_UTM17N_EPSG32617_10m.manifest.json,20210903,17,32617,32617,1,47,100.0,47/47,0.14,144.0,ok
SAR_Ship_Chip_20210904_UTM05N_EPSG32605_10m.manifest.json,20210904,5,32605,32605,1,2,100.0,2/2,5.31,36.0,ok
SAR_Ship_Chip_20210904_UTM11N_EPSG32611_10m.manifest.json,20210904,11,32611,32611,1,26,100.0,26/26,0.01,166.0,ok
SAR_Ship_Chip_20210904_UTM12N_EPSG32612_10m.manifest.json,20210904,12,32612,32612,1,3,100.0,3/3,13.7,210.0,ok
SAR_Ship_Chip_20210904_UTM15N_EPSG32615_10m.manifest.json,20210904,15,32615,32615,1,5,100.0,5/5,0.0,222.0,ok
SAR_Ship_Chip_20210902_UTM10N_EPSG32610_10m.manifest.json,20210902,10,32610,32610,1,266,100.0,266/266,0.0,100.0,ok
SAR_Ship_Chip_20210902_UTM11N_EPSG32611_10m.manifest.json,20210902,11,32611,32611,1,166,100.0,166/166,0.03,228.0,ok
SAR_Ship_Chip_20210902_UTM12N_EPSG32612_10m.manifest.json,20210902,12,32612,32612,1,1,100.0,1/1,11.8,183.0,ok
SAR_Ship_Chip_20210902_UTM15N_EPSG32615_10m.manifest.json,20210902,15,32615,32615,1,103,100.0,103/103,0.0,176.0,ok
SAR_Ship_Chip_20210902_UTM17N_EPSG32617_10m.manifest.json,20210902,17,32617,32617,1,11,100.0,11/11,0.0,73.0,ok
SAR_Ship_Chip_20210902_UTM19N_EPSG32619_10m.manifest.json,20210902,19,32619,32619,1,83,100.0,83/83,0.04,46.0,ok
SAR_Ship_Chip_20210902_UTM20N_EPSG32620_10m.manifest.json,20210902,20,32620,32620,1,18,100.0,18/18,0.46,123.0,ok
SAR_Ship_Chip_20210903_UTM04N_EPSG32604_10m.manifest.json,20210903,4,32604,32604,1,27,100.0,27/27,0.06,56.0,ok
SAR_Ship_Chip_20210905_UTM18N_EPSG32618_10m.manifest.json,20210905,18,32618,32618,1,133,100.0,133/133,0.02,183.0,ok
SAR_Ship_Chip_20210905_UTM19N_EPSG32619_10m.manifest.json,20210905,19,32619,32619,1,15,100.0,15/15,9.1,147.0,ok
SAR_Ship_Chip_20210906_UTM04N_EPSG32604_10m.manifest.json,20210906,4,32604,32604,1,28,100.0,28/28,0.0,63.0,ok
SAR_Ship_Chip_20210906_UTM10N_EPSG32610_10m.manifest.json,20210906,10,32610,32610,1,58,100.0,58/58,0.11,178.0,ok
SAR_Ship_Chip_20210906_UTM14N_EPSG32614_10m.manifest.json,20210906,14,32614,32614,1,68,100.0,68/68,0.0,94.5,ok
SAR_Ship_Chip_20210906_UTM16N_EPSG32616_10m.manifest.json,20210906,16,32616,32616,1,33,100.0,33/33,1.05,198.0,ok
SAR_Ship_Chip_20210906_UTM17N_EPSG32617_10m.manifest.json,20210906,17,32617,32617,1,41,100.0,41/41,0.0,100.0,ok
SAR_Ship_Chip_20210907_UTM04N_EPSG32604_10m.manifest.json,20210907,4,32604,32604,1,2,100.0,2/2,8.45,36.5,ok
SAR_Ship_Chip_20210907_UTM10N_EPSG32610_10m.manifest.json,20210907,10,32610,32610,1,234,100.0,234/234,0.1,175.5,ok
SAR_Ship_Chip_20210907_UTM12N_EPSG32612_10m.manifest.json,20210907,12,32612,32612,1,5,100.0,5/5,13.0,199.0,ok
SAR_Ship_Chip_20210907_UTM16N_EPSG32616_10m.manifest.json,20210907,16,32616,32616,1,22,100.0,22/22,8.28,193.5,ok
SAR_Ship_Chip_20210907_UTM18N_EPSG32618_10m.manifest.json,20210907,18,32618,32618,1,14,100.0,14/14,0.01,38.5,ok
SAR_Ship_Chip_20210907_UTM19N_EPSG32619_10m.manifest.json,20210907,19,32619,32619,1,220,100.0,220/220,0.0,52.5,ok
SAR_Ship_Chip_20210908_UTM10N_EPSG32610_10m.manifest.json,20210908,10,32610,32610,1,17,100.0,17/17,12.5,274.0,ok
SAR_Ship_Chip_20210908_UTM11N_EPSG32611_10m.manifest.json,20210908,11,32611,32611,1,156,100.0,156/156,0.05,229.0,ok
SAR_Ship_Chip_20210908_UTM14N_EPSG32614_10m.manifest.json,20210908,14,32614,32614,1,5,100.0,5/5,0.0,150.0,ok
SAR_Ship_Chip_20210910_UTM05N_EPSG32605_10m.manifest.json,20210910,5,32605,32605,1,5,100.0,5/5,6.8,36.0,ok
SAR_Ship_Chip_20210910_UTM09N_EPSG32609_10m.manifest.json,20210910,9,32609,32609,1,10,100.0,10/10,6.6,181.0,ok
SAR_Ship_Chip_20210910_UTM10N_EPSG32610_10m.manifest.json,20210910,10,32610,32610,1,211,100.0,211/211,0.09,124.0,ok
SAR_Ship_Chip_20210910_UTM11N_EPSG32611_10m.manifest.json,20210910,11,32611,32611,1,36,100.0,36/36,0.1,182.0,ok
SAR_Ship_Chip_20210910_UTM16N_EPSG32616_10m.manifest.json,20210910,16,32616,32616,1,127,100.0,127/127,0.0,91.0,ok
SAR_Ship_Chip_20210910_UTM17N_EPSG32617_10m.manifest.json,20210910,17,32617,32617,1,27,100.0,27/27,0.07,137.0,ok
SAR_Ship_Chip_20210910_UTM18N_EPSG32618_10m.manifest.json,20210910,18,32618,32618,1,116,100.0,116/116,0.0,193.0,ok
SAR_Ship_Chip_20210910_UTM19N_EPSG32619_10m.manifest.json,20210910,19,32619,32619,1,13,100.0,13/13,12.4,173.0,ok
SAR_Ship_Chip_20210911_UTM10N_EPSG32610_10m.manifest.json,20210911,10,32610,32610,1,80,100.0,80/80,0.1,139.5,ok
SAR_Ship_Chip_20210911_UTM16N_EPSG32616_10m.manifest.json,20210911,16,32616,32616,1,10,100.0,10/10,7.77,69.0,ok
SAR_Ship_Chip_20210911_UTM17N_EPSG32617_10m.manifest.json,20210911,17,32617,32617,1,22,100.0,22/22,9.91,227.5,ok
SAR_Ship_Chip_20210911_UTM20N_EPSG32620_10m.manifest.json,20210911,20,32620,32620,1,1,100.0,1/1,4.4,183.0,ok
SAR_Ship_Chip_20210912_UTM04N_EPSG32604_10m.manifest.json,20210912,4,32604,32604,1,24,100.0,24/24,0.0,57.5,ok
SAR_Ship_Chip_20210912_UTM09N_EPSG32609_10m.manifest.json,20210912,9,32609,32609,1,24,100.0,24/24,7.47,63.0,ok
SAR_Ship_Chip_20210912_UTM10N_EPSG32610_10m.manifest.json,20210912,10,32610,32610,1,33,100.0,33/33,10.03,179.0,ok
SAR_Ship_Chip_20210912_UTM12N_EPSG32612_10m.manifest.json,20210912,12,32612,32612,1,2,100.0,2/2,17.98,204.5,ok
SAR_Ship_Chip_20210908_UTM15N_EPSG32615_10m.manifest.json,20210908,15,32615,32615,1,434,100.0,434/434,0.0,159.0,ok
SAR_Ship_Chip_20210908_UTM17N_EPSG32617_10m.manifest.json,20210908,17,32617,32617,1,198,100.0,198/198,0.18,182.5,ok
SAR_Ship_Chip_20210909_UTM04N_EPSG32604_10m.manifest.json,20210909,4,32604,32604,1,22,100.0,22/22,0.0,51.5,ok
SAR_Ship_Chip_20210909_UTM11N_EPSG32611_10m.manifest.json,20210909,11,32611,32611,1,268,100.0,268/268,0.03,250.0,ok
SAR_Ship_Chip_20210909_UTM17N_EPSG32617_10m.manifest.json,20210909,17,32617,32617,1,13,100.0,13/13,14.32,173.0,ok
SAR_Ship_Chip_20210909_UTM18N_EPSG32618_10m.manifest.json,20210909,18,32618,32618,1,1,100.0,1/1,14.7,125.0,ok
SAR_Ship_Chip_20210909_UTM19N_EPSG32619_10m.manifest.json,20210909,19,32619,32619,1,19,100.0,19/19,4.3,40.0,ok
SAR_Ship_Chip_20210909_UTM20N_EPSG32620_10m.manifest.json,20210909,20,32620,32620,1,2,100.0,2/2,8.34,187.0,ok
SAR_Ship_Chip_20210912_UTM18N_EPSG32618_10m.manifest.json,20210912,18,32618,32618,1,193,100.0,193/193,0.05,60.0,ok
SAR_Ship_Chip_20210912_UTM19N_EPSG32619_10m.manifest.json,20210912,19,32619,32619,1,8,100.0,8/8,13.55,168.5,ok
SAR_Ship_Chip_20210912_UTM20N_EPSG32620_10m.manifest.json,20210912,20,32620,32620,1,20,100.0,20/20,5.66,113.5,ok
SAR_Ship_Chip_20210913_UTM04N_EPSG32604_10m.manifest.json,20210913,4,32604,32604,1,2,100.0,2/2,15.88,225.5,ok
SAR_Ship_Chip_20210913_UTM10N_EPSG32610_10m.manifest.json,20210913,10,32610,32610,1,186,100.0,186/186,0.1,179.5,ok
SAR_Ship_Chip_20210913_UTM15N_EPSG32615_10m.manifest.json,20210913,15,32615,32615,1,209,100.0,209/209,0.0,160.0,ok
SAR_Ship_Chip_20210913_UTM17N_EPSG32617_10m.manifest.json,20210913,17,32617,32617,1,219,100.0,219/219,0.0,53.0,ok
SAR_Ship_Chip_20210914_UTM04N_EPSG32604_10m.manifest.json,20210914,4,32604,32604,1,2,100.0,2/2,14.5,127.0,ok
SAR_Ship_Chip_20210914_UTM10N_EPSG32610_10m.manifest.json,20210914,10,32610,32610,1,293,100.0,293/293,0.0,96.0,ok
SAR_Ship_Chip_20210914_UTM11N_EPSG32611_10m.manifest.json,20210914,11,32611,32611,1,174,100.0,174/174,0.1,253.0,ok
SAR_Ship_Chip_20210914_UTM12N_EPSG32612_10m.manifest.json,20210914,12,32612,32612,1,1,100.0,1/1,0.1,183.0,ok
SAR_Ship_Chip_20210914_UTM15N_EPSG32615_10m.manifest.json,20210914,15,32615,32615,1,93,100.0,93/93,0.0,148.0,ok
SAR_Ship_Chip_20210914_UTM17N_EPSG32617_10m.manifest.json,20210914,17,32617,32617,1,14,100.0,14/14,1.24,195.5,ok
SAR_Ship_Chip_20210914_UTM19N_EPSG32619_10m.manifest.json,20210914,19,32619,32619,1,105,100.0,105/105,4.25,53.0,ok
SAR_Ship_Chip_20210914_UTM20N_EPSG32620_10m.manifest.json,20210914,20,32620,32620,1,24,100.0,24/24,0.09,133.5,ok
SAR_Ship_Chip_20210915_UTM04N_EPSG32604_10m.manifest.json,20210915,4,32604,32604,1,27,100.0,27/27,0.0,56.0,ok
SAR_Ship_Chip_20210915_UTM09N_EPSG32609_10m.manifest.json,20210915,9,32609,32609,1,18,100.0,18/18,6.38,200.0,ok
SAR_Ship_Chip_20210915_UTM11N_EPSG32611_10m.manifest.json,20210915,11,32611,32611,1,338,100.0,338/338,0.09,228.5,ok
SAR_Ship_Chip_20210915_UTM15N_EPSG32615_10m.manifest.json,20210915,15,32615,32615,1,113,100.0,113/113,0.0,59.0,ok
SAR_Ship_Chip_20210915_UTM17N_EPSG32617_10m.manifest.json,20210915,17,32617,32617,1,40,100.0,40/40,0.35,149.0,ok
SAR_Ship_Chip_20210915_UTM18N_EPSG32618_10m.manifest.json,20210915,18,32618,32618,1,2,100.0,2/2,14.42,190.5,ok
SAR_Ship_Chip_20210916_UTM11N_EPSG32611_10m.manifest.json,20210916,11,32611,32611,1,28,100.0,28/28,0.05,129.5,ok
SAR_Ship_Chip_20210916_UTM15N_EPSG32615_10m.manifest.json,20210916,15,32615,32615,1,4,100.0,4/4,0.0,223.5,ok
SAR_Ship_Chip_20210916_UTM16N_EPSG32616_10m.manifest.json,20210916,16,32616,32616,1,64,100.0,64/64,0.02,99.0,ok
SAR_Ship_Chip_20210916_UTM17N_EPSG32617_10m.manifest.json,20210916,17,32617,32617,1,6,100.0,6/6,13.55,224.0,ok
SAR_Ship_Chip_20210916_UTM19N_EPSG32619_10m.manifest.json,20210916,19,32619,32619,1,7,100.0,7/7,9.7,39.0,ok
SAR_Ship_Chip_20210917_UTM10N_EPSG32610_10m.manifest.json,20210917,10,32610,32610,1,315,100.0,315/315,0.0,116.0,ok
SAR_Ship_Chip_20210917_UTM11N_EPSG32611_10m.manifest.json,20210917,11,32611,32611,1,18,100.0,18/18,14.29,227.0,ok
SAR_Ship_Chip_20210917_UTM16N_EPSG32616_10m.manifest.json,20210917,16,32616,32616,1,10,100.0,10/10,0.04,199.5,ok
SAR_Ship_Chip_20210917_UTM18N_EPSG32618_10m.manifest.json,20210917,18,32618,32618,1,144,100.0,144/144,0.1,190.0,ok
SAR_Ship_Chip_20210917_UTM19N_EPSG32619_10m.manifest.json,20210917,19,32619,32619,1,19,100.0,19/19,9.75,168.0,ok
SAR_Ship_Chip_20210918_UTM04N_EPSG32604_10m.manifest.json,20210918,4,32604,32604,1,20,100.0,20/20,0.03,61.0,ok
SAR_Ship_Chip_20210918_UTM10N_EPSG32610_10m.manifest.json,20210918,10,32610,32610,1,72,100.0,72/72,0.06,177.0,ok
SAR_Ship_Chip_20210918_UTM14N_EPSG32614_10m.manifest.json,20210918,14,32614,32614,1,74,100.0,74/74,0.0,111.5,ok
SAR_Ship_Chip_20210918_UTM16N_EPSG32616_10m.manifest.json,20210918,16,32616,32616,1,31,100.0,31/31,0.57,192.0,ok
SAR_Ship_Chip_20210918_UTM17N_EPSG32617_10m.manifest.json,20210918,17,32617,32617,1,73,100.0,73/73,0.52,157.0,ok
SAR_Ship_Chip_20210919_UTM05N_EPSG32605_10m.manifest.json,20210919,5,32605,32605,1,1,100.0,1/1,6.43,37.0,ok
SAR_Ship_Chip_20210919_UTM10N_EPSG32610_10m.manifest.json,20210919,10,32610,32610,1,241,100.0,241/241,0.06,180.0,ok
SAR_Ship_Chip_20210919_UTM12N_EPSG32612_10m.manifest.json,20210919,12,32612,32612,1,11,100.0,11/11,13.1,228.0,ok
SAR_Ship_Chip_20210919_UTM16N_EPSG32616_10m.manifest.json,20210919,16,32616,32616,1,44,100.0,44/44,8.54,200.0,ok
SAR_Ship_Chip_20210921_UTM04N_EPSG32604_10m.manifest.json,20210921,4,32604,32604,1,26,100.0,26/26,0.0,57.5,ok
SAR_Ship_Chip_20210921_UTM11N_EPSG32611_10m.manifest.json,20210921,11,32611,32611,1,290,100.0,290/290,0.02,245.0,ok
SAR_Ship_Chip_20210921_UTM17N_EPSG32617_10m.manifest.json,20210921,17,32617,32617,1,1,100.0,1/1,0.0,111.0,ok
SAR_Ship_Chip_20210921_UTM19N_EPSG32619_10m.manifest.json,20210921,19,32619,32619,1,1,100.0,1/1,13.2,182.0,ok
SAR_Ship_Chip_20210922_UTM05N_EPSG32605_10m.manifest.json,20210922,5,32605,32605,1,2,100.0,2/2,14.94,149.5,ok
SAR_Ship_Chip_20210922_UTM09N_EPSG32609_10m.manifest.json,20210922,9,32609,32609,1,18,100.0,18/18,11.65,170.5,ok
SAR_Ship_Chip_20210922_UTM10N_EPSG32610_10m.manifest.json,20210922,10,32610,32610,1,200,100.0,200/200,0.01,126.5,ok
SAR_Ship_Chip_20210922_UTM11N_EPSG32611_10m.manifest.json,20210922,11,32611,32611,1,34,100.0,34/34,0.1,182.0,ok
SAR_Ship_Chip_20210919_UTM18N_EPSG32618_10m.manifest.json,20210919,18,32618,32618,1,16,100.0,16/16,0.0,45.5,ok
SAR_Ship_Chip_20210919_UTM19N_EPSG32619_10m.manifest.json,20210919,19,32619,32619,1,220,100.0,220/220,0.01,55.0,ok
SAR_Ship_Chip_20210920_UTM04N_EPSG32604_10m.manifest.json,20210920,4,32604,32604,1,1,100.0,1/1,10.51,185.0,ok
SAR_Ship_Chip_20210920_UTM10N_EPSG32610_10m.manifest.json,20210920,10,32610,32610,1,28,100.0,28/28,2.68,253.0,ok
SAR_Ship_Chip_20210920_UTM11N_EPSG32611_10m.manifest.json,20210920,11,32611,32611,1,177,100.0,177/177,0.1,258.0,ok
SAR_Ship_Chip_20210920_UTM14N_EPSG32614_10m.manifest.json,20210920,14,32614,32614,1,3,100.0,3/3,0.47,177.0,ok
SAR_Ship_Chip_20210920_UTM15N_EPSG32615_10m.manifest.json,20210920,15,32615,32615,1,434,100.0,434/434,0.0,179.0,ok
SAR_Ship_Chip_20210920_UTM17N_EPSG32617_10m.manifest.json,20210920,17,32617,32617,1,197,100.0,197/197,0.1,183.0,ok
SAR_Ship_Chip_20210922_UTM16N_EPSG32616_10m.manifest.json,20210922,16,32616,32616,1,344,100.0,344/344,0.0,145.0,ok
SAR_Ship_Chip_20210922_UTM17N_EPSG32617_10m.manifest.json,20210922,17,32617,32617,1,19,100.0,19/19,0.1,199.0,ok
SAR_Ship_Chip_20210922_UTM18N_EPSG32618_10m.manifest.json,20210922,18,32618,32618,1,113,100.0,113/113,0.0,190.0,ok
SAR_Ship_Chip_20210922_UTM19N_EPSG32619_10m.manifest.json,20210922,19,32619,32619,1,13,100.0,13/13,7.1,47.0,ok
SAR_Ship_Chip_20210922_UTM20N_EPSG32620_10m.manifest.json,20210922,20,32620,32620,1,9,100.0,9/9,5.13,41.0,ok
SAR_Ship_Chip_20210923_UTM04N_EPSG32604_10m.manifest.json,20210923,4,32604,32604,1,1,100.0,1/1,17.74,103.0,ok
SAR_Ship_Chip_20210923_UTM10N_EPSG32610_10m.manifest.json,20210923,10,32610,32610,1,84,100.0,84/84,0.04,94.5,ok
SAR_Ship_Chip_20210923_UTM16N_EPSG32616_10m.manifest.json,20210923,16,32616,32616,1,5,100.0,5/5,0.1,96.0,ok
SAR_Ship_Chip_20210923_UTM17N_EPSG32617_10m.manifest.json,20210923,17,32617,32617,1,23,100.0,23/23,11.0,250.0,ok
SAR_Ship_Chip_20210923_UTM20N_EPSG32620_10m.manifest.json,20210923,20,32620,32620,1,1,100.0,1/1,15.21,199.0,ok
SAR_Ship_Chip_20210924_UTM04N_EPSG32604_10m.manifest.json,20210924,4,32604,32604,1,22,100.0,22/22,0.02,51.5,ok
SAR_Ship_Chip_20210924_UTM09N_EPSG32609_10m.manifest.json,20210924,9,32609,32609,1,39,100.0,39/39,11.0,189.0,ok
SAR_Ship_Chip_20210924_UTM10N_EPSG32610_10m.manifest.json,20210924,10,32610,32610,1,26,100.0,26/26,5.9,175.0,ok
SAR_Ship_Chip_20210924_UTM11N_EPSG32611_10m.manifest.json,20210924,11,32611,32611,1,1,100.0,1/1,12.8,182.0,ok
SAR_Ship_Chip_20210924_UTM12N_EPSG32612_10m.manifest.json,20210924,12,32612,32612,1,6,100.0,6/6,13.0,192.0,ok
SAR_Ship_Chip_20210924_UTM18N_EPSG32618_10m.manifest.json,20210924,18,32618,32618,1,188,100.0,188/188,0.01,50.5,ok
SAR_Ship_Chip_20210924_UTM19N_EPSG32619_10m.manifest.json,20210924,19,32619,32619,1,8,100.0,8/8,11.2,192.5,ok
SAR_Ship_Chip_20210924_UTM20N_EPSG32620_10m.manifest.json,20210924,20,32620,32620,1,29,100.0,29/29,0.2,105.0,ok
SAR_Ship_Chip_20210925_UTM04N_EPSG32604_10m.manifest.json,20210925,4,32604,32604,1,4,100.0,4/4,4.49,33.0,ok
SAR_Ship_Chip_20210925_UTM05N_EPSG32605_10m.manifest.json,20210925,5,32605,32605,1,2,100.0,2/2,3.77,36.5,ok
SAR_Ship_Chip_20210925_UTM09N_EPSG32609_10m.manifest.json,20210925,9,32609,32609,1,4,100.0,4/4,12.35,204.5,ok
SAR_Ship_Chip_20210925_UTM10N_EPSG32610_10m.manifest.json,20210925,10,32610,32610,1,158,100.0,158/158,0.03,138.0,ok
SAR_Ship_Chip_20210925_UTM14N_EPSG32614_10m.manifest.json,20210925,14,32614,32614,1,1,100.0,1/1,0.0,99.0,ok
SAR_Ship_Chip_20210925_UTM15N_EPSG32615_10m.manifest.json,20210925,15,32615,32615,1,227,100.0,227/227,0.0,182.0,ok
SAR_Ship_Chip_20210925_UTM17N_EPSG32617_10m.manifest.json,20210925,17,32617,32617,1,235,100.0,235/235,0.0,53.0,ok
SAR_Ship_Chip_20210926_UTM04N_EPSG32604_10m.manifest.json,20210926,4,32604,32604,1,1,100.0,1/1,4.06,36.0,ok
SAR_Ship_Chip_20210926_UTM10N_EPSG32610_10m.manifest.json,20210926,10,32610,32610,1,284,100.0,284/284,0.0,100.0,ok
SAR_Ship_Chip_20210926_UTM11N_EPSG32611_10m.manifest.json,20210926,11,32611,32611,1,207,100.0,207/207,0.1,228.0,ok
SAR_Ship_Chip_20210926_UTM15N_EPSG32615_10m.manifest.json,20210926,15,32615,32615,1,101,100.0,101/101,0.0,176.0,ok
SAR_Ship_Chip_20210926_UTM17N_EPSG32617_10m.manifest.json,20210926,17,32617,32617,1,22,100.0,22/22,0.14,190.0,ok
SAR_Ship_Chip_20210926_UTM19N_EPSG32619_10m.manifest.json,20210926,19,32619,32619,1,25,100.0,25/25,7.9,71.0,ok
SAR_Ship_Chip_20210926_UTM20N_EPSG32620_10m.manifest.json,20210926,20,32620,32620,1,19,100.0,19/19,0.01,121.0,ok
SAR_Ship_Chip_20210927_UTM04N_EPSG32604_10m.manifest.json,20210927,4,32604,32604,1,30,100.0,30/30,0.0,61.0,ok
SAR_Ship_Chip_20210927_UTM09N_EPSG32609_10m.manifest.json,20210927,9,32609,32609,1,20,100.0,20/20,8.33,203.5,ok
SAR_Ship_Chip_20210927_UTM11N_EPSG32611_10m.manifest.json,20210927,11,32611,32611,1,352,100.0,352/352,0.05,229.0,ok
SAR_Ship_Chip_20210927_UTM15N_EPSG32615_10m.manifest.json,20210927,15,32615,32615,1,125,100.0,125/125,0.0,89.0,ok
SAR_Ship_Chip_20210927_UTM17N_EPSG32617_10m.manifest.json,20210927,17,32617,32617,1,53,100.0,53/53,0.5,142.0,ok
SAR_Ship_Chip_20210927_UTM18N_EPSG32618_10m.manifest.json,20210927,18,32618,32618,1,1,100.0,1/1,10.88,59.0,ok
SAR_Ship_Chip_20210928_UTM05N_EPSG32605_10m.manifest.json,20210928,5,32605,32605,1,6,100.0,6/6,6.45,36.5,ok
SAR_Ship_Chip_20210928_UTM11N_EPSG32611_10m.manifest.json,20210928,11,32611,32611,1,32,100.0,32/32,0.1,169.5,ok
SAR_Ship_Chip_20210928_UTM12N_EPSG32612_10m.manifest.json,20210928,12,32612,32612,1,1,100.0,1/1,15.8,116.0,ok
SAR_Ship_Chip_20210928_UTM15N_EPSG32615_10m.manifest.json,20210928,15,32615,32615,1,6,100.0,6/6,0.0,221.5,ok
SAR_Ship_Chip_20210928_UTM16N_EPSG32616_10m.manifest.json,20210928,16,32616,32616,1,51,100.0,51/51,0.0,138.0,ok
SAR_Ship_Chip_20210928_UTM17N_EPSG32617_10m.manifest.json,20210928,17,32617,32617,1,2,100.0,2/2,9.14,214.0,ok
SAR_Ship_Chip_20210928_UTM19N_EPSG32619_10m.manifest.json,20210928,19,32619,32619,1,10,100.0,10/10,6.61,61.5,ok
SAR_Ship_Chip_20210929_UTM04N_EPSG32604_10m.manifest.json,20210929,4,32604,32604,1,1,100.0,1/1,23.8,217.0,ok
SAR_Ship_Chip_20210929_UTM10N_EPSG32610_10m.manifest.json,20210929,10,32610,32610,1,283,100.0,283/283,0.0,94.0,ok
SAR_Ship_Chip_20210929_UTM11N_EPSG32611_10m.manifest.json,20210929,11,32611,32611,1,2,100.0,2/2,12.58,192.0,ok
SAR_Ship_Chip_20210929_UTM16N_EPSG32616_10m.manifest.json,20210929,16,32616,32616,1,11,100.0,11/11,8.4,45.0,ok
SAR_Ship_Chip_20210929_UTM18N_EPSG32618_10m.manifest.json,20210929,18,32618,32618,1,154,100.0,154/154,0.06,180.5,ok
SAR_Ship_Chip_20210929_UTM19N_EPSG32619_10m.manifest.json,20210929,19,32619,32619,1,17,100.0,17/17,9.4,148.0,ok
SAR_Ship_Chip_20210930_UTM04N_EPSG32604_10m.manifest.json,20210930,4,32604,32604,1,26,100.0,26/26,0.0,55.0,ok
SAR_Ship_Chip_20210930_UTM10N_EPSG32610_10m.manifest.json,20210930,10,32610,32610,1,86,100.0,86/86,0.0,160.0,ok
SAR_Ship_Chip_20210930_UTM14N_EPSG32614_10m.manifest.json,20210930,14,32614,32614,1,70,100.0,70/70,0.01,149.5,ok
SAR_Ship_Chip_20210930_UTM16N_EPSG32616_10m.manifest.json,20210930,16,32616,32616,1,37,100.0,37/37,0.1,199.0,ok
SAR_Ship_Chip_20210930_UTM17N_EPSG32617_10m.manifest.json,20210930,17,32617,32617,1,50,100.0,50/50,4.99,97.0,ok
SAR_Ship_Chip_20211001_UTM04N_EPSG32604_10m.manifest.json,20211001,4,32604,32604,1,4,100.0,4/4,1.34,33.5,ok
SAR_Ship_Chip_20211001_UTM05N_EPSG32605_10m.manifest.json,20211001,5,32605,32605,1,1,100.0,1/1,8.28,30.0,ok
SAR_Ship_Chip_20211001_UTM10N_EPSG32610_10m.manifest.json,20211001,10,32610,32610,1,298,100.0,298/298,0.09,171.0,ok
SAR_Ship_Chip_20211001_UTM19N_EPSG32619_10m.manifest.json,20211001,19,32619,32619,1,29,100.0,29/29,0.0,160.0,ok
SAR_Ship_Chip_20211001_UTM20N_EPSG32620_10m.manifest.json,20211001,20,32620,32620,1,1,100.0,1/1,12.1,183.0,ok
SAR_Ship_Chip_20211002_UTM04N_EPSG32604_10m.manifest.json,20211002,4,32604,32604,1,2,100.0,2/2,15.31,245.0,ok
SAR_Ship_Chip_20211002_UTM09N_EPSG32609_10m.manifest.json,20211002,9,32609,32609,1,4,100.0,4/4,10.25,229.0,ok
SAR_Ship_Chip_20211002_UTM10N_EPSG32610_10m.manifest.json,20211002,10,32610,32610,1,34,100.0,34/34,7.3,240.5,ok
SAR_Ship_Chip_20211005_UTM04N_EPSG32604_10m.manifest.json,20211005,4,32604,32604,1,1,100.0,1/1,0.1,36.0,ok
SAR_Ship_Chip_20211005_UTM10N_EPSG32610_10m.manifest.json,20211005,10,32610,32610,1,75,100.0,75/75,0.1,158.0,ok
SAR_Ship_Chip_20211005_UTM14N_EPSG32614_10m.manifest.json,20211005,14,32614,32614,1,1,100.0,1/1,0.0,294.0,ok
SAR_Ship_Chip_20211005_UTM16N_EPSG32616_10m.manifest.json,20211005,16,32616,32616,1,10,100.0,10/10,1.35,65.5,ok
SAR_Ship_Chip_20211005_UTM17N_EPSG32617_10m.manifest.json,20211005,17,32617,32617,1,19,100.0,19/19,9.9,190.0,ok
SAR_Ship_Chip_20211005_UTM20N_EPSG32620_10m.manifest.json,20211005,20,32620,32620,1,2,100.0,2/2,0.05,216.5,ok
SAR_Ship_Chip_20211006_UTM04N_EPSG32604_10m.manifest.json,20211006,4,32604,32604,1,21,100.0,21/21,0.0,50.0,ok
SAR_Ship_Chip_20211006_UTM09N_EPSG32609_10m.manifest.json,20211006,9,32609,32609,1,20,100.0,20/20,3.25,249.0,ok
SAR_Ship_Chip_20211004_UTM09N_EPSG32609_10m.manifest.json,20211004,9,32609,32609,1,8,100.0,8/8,11.79,190.0,ok
SAR_Ship_Chip_20211004_UTM10N_EPSG32610_10m.manifest.json,20211004,10,32610,32610,1,232,100.0,232/232,0.0,113.0,ok
SAR_Ship_Chip_20211004_UTM11N_EPSG32611_10m.manifest.json,20211004,11,32611,32611,1,28,100.0,28/28,0.1,183.0,ok
SAR_Ship_Chip_20211004_UTM16N_EPSG32616_10m.manifest.json,20211004,16,32616,32616,1,324,100.0,324/324,0.0,133.5,ok
SAR_Ship_Chip_20211004_UTM17N_EPSG32617_10m.manifest.json,20211004,17,32617,32617,1,22,100.0,22/22,0.5,144.0,ok
SAR_Ship_Chip_20211004_UTM18N_EPSG32618_10m.manifest.json,20211004,18,32618,32618,1,106,100.0,106/106,0.0,184.0,ok
SAR_Ship_Chip_20211004_UTM19N_EPSG32619_10m.manifest.json,20211004,19,32619,32619,1,8,100.0,8/8,10.09,104.5,ok
SAR_Ship_Chip_20211004_UTM20N_EPSG32620_10m.manifest.json,20211004,20,32620,32620,1,2,100.0,2/2,7.65,196.0,ok
SAR_Ship_Chip_20211002_UTM11N_EPSG32611_10m.manifest.json,20211002,11,32611,32611,1,166,100.0,166/166,0.06,234.5,ok
SAR_Ship_Chip_20211002_UTM14N_EPSG32614_10m.manifest.json,20211002,14,32614,32614,1,9,100.0,9/9,0.53,156.0,ok
SAR_Ship_Chip_20211002_UTM15N_EPSG32615_10m.manifest.json,20211002,15,32615,32615,1,429,100.0,429/429,0.0,179.0,ok
SAR_Ship_Chip_20211002_UTM17N_EPSG32617_10m.manifest.json,20211002,17,32617,32617,1,203,100.0,203/203,0.17,182.0,ok
SAR_Ship_Chip_20211003_UTM04N_EPSG32604_10m.manifest.json,20211003,4,32604,32604,1,26,100.0,26/26,0.0,48.5,ok
SAR_Ship_Chip_20211003_UTM11N_EPSG32611_10m.manifest.json,20211003,11,32611,32611,1,304,100.0,304/304,0.02,252.5,ok
SAR_Ship_Chip_20211003_UTM17N_EPSG32617_10m.manifest.json,20211003,17,32617,32617,1,4,100.0,4/4,15.6,252.5,ok
SAR_Ship_Chip_20211003_UTM19N_EPSG32619_10m.manifest.json,20211003,19,32619,32619,1,10,100.0,10/10,8.38,180.5,ok
SAR_Ship_Chip_20211006_UTM10N_EPSG32610_10m.manifest.json,20211006,10,32610,32610,1,32,100.0,32/32,9.05,179.0,ok
SAR_Ship_Chip_20211006_UTM12N_EPSG32612_10m.manifest.json,20211006,12,32612,32612,1,1,100.0,1/1,20.4,330.0,ok
SAR_Ship_Chip_20211006_UTM18N_EPSG32618_10m.manifest.json,20211006,18,32618,32618,1,177,100.0,177/177,0.0,51.0,ok
SAR_Ship_Chip_20211006_UTM19N_EPSG32619_10m.manifest.json,20211006,19,32619,32619,1,2,100.0,2/2,9.81,123.5,ok
SAR_Ship_Chip_20211006_UTM20N_EPSG32620_10m.manifest.json,20211006,20,32620,32620,1,20,100.0,20/20,0.06,162.0,ok
SAR_Ship_Chip_20211007_UTM04N_EPSG32604_10m.manifest.json,20211007,4,32604,32604,1,1,100.0,1/1,14.04,153.0,ok
SAR_Ship_Chip_20211007_UTM05N_EPSG32605_10m.manifest.json,20211007,5,32605,32605,1,3,100.0,3/3,4.92,30.0,ok
SAR_Ship_Chip_20211007_UTM10N_EPSG32610_10m.manifest.json,20211007,10,32610,32610,1,179,100.0,179/179,0.07,157.0,ok
SAR_Ship_Chip_20211007_UTM15N_EPSG32615_10m.manifest.json,20211007,15,32615,32615,1,199,100.0,199/199,0.0,173.0,ok
SAR_Ship_Chip_20211007_UTM16N_EPSG32616_10m.manifest.json,20211007,16,32616,32616,1,1,100.0,1/1,3.52,210.0,ok
SAR_Ship_Chip_20211007_UTM17N_EPSG32617_10m.manifest.json,20211007,17,32617,32617,1,261,100.0,261/261,0.0,52.0,ok
SAR_Ship_Chip_20211008_UTM04N_EPSG32604_10m.manifest.json,20211008,4,32604,32604,1,3,100.0,3/3,8.6,50.0,ok
SAR_Ship_Chip_20211008_UTM10N_EPSG32610_10m.manifest.json,20211008,10,32610,32610,1,307,100.0,307/307,0.0,94.0,ok
SAR_Ship_Chip_20211008_UTM11N_EPSG32611_10m.manifest.json,20211008,11,32611,32611,1,33,100.0,33/33,1.2,228.0,ok
SAR_Ship_Chip_20211008_UTM15N_EPSG32615_10m.manifest.json,20211008,15,32615,32615,1,101,100.0,101/101,0.0,165.0,ok
SAR_Ship_Chip_20211008_UTM17N_EPSG32617_10m.manifest.json,20211008,17,32617,32617,1,19,100.0,19/19,10.07,184.0,ok
SAR_Ship_Chip_20211008_UTM19N_EPSG32619_10m.manifest.json,20211008,19,32619,32619,1,57,100.0,57/57,0.28,70.0,ok
SAR_Ship_Chip_20211008_UTM20N_EPSG32620_10m.manifest.json,20211008,20,32620,32620,1,26,100.0,26/26,0.03,112.0,ok
SAR_Ship_Chip_20211009_UTM04N_EPSG32604_10m.manifest.json,20211009,4,32604,32604,1,33,100.0,33/33,0.0,63.0,ok
SAR_Ship_Chip_20211009_UTM09N_EPSG32609_10m.manifest.json,20211009,9,32609,32609,1,24,100.0,24/24,2.2,229.5,ok
SAR_Ship_Chip_20211009_UTM11N_EPSG32611_10m.manifest.json,20211009,11,32611,32611,1,373,100.0,373/373,0.0,228.0,ok
SAR_Ship_Chip_20211009_UTM15N_EPSG32615_10m.manifest.json,20211009,15,32615,32615,1,107,100.0,107/107,0.05,89.0,ok
SAR_Ship_Chip_20211009_UTM17N_EPSG32617_10m.manifest.json,20211009,17,32617,32617,1,44,100.0,44/44,0.95,199.0,ok
SAR_Ship_Chip_20211009_UTM18N_EPSG32618_10m.manifest.json,20211009,18,32618,32618,1,2,100.0,2/2,13.01,175.5,ok
SAR_Ship_Chip_20211010_UTM05N_EPSG32605_10m.manifest.json,20211010,5,32605,32605,1,4,100.0,4/4,2.54,36.5,ok
SAR_Ship_Chip_20211010_UTM11N_EPSG32611_10m.manifest.json,20211010,11,32611,32611,1,39,100.0,39/39,4.95,189.0,ok
SAR_Ship_Chip_20211010_UTM12N_EPSG32612_10m.manifest.json,20211010,12,32612,32612,1,1,100.0,1/1,12.3,183.0,ok
SAR_Ship_Chip_20211010_UTM15N_EPSG32615_10m.manifest.json,20211010,15,32615,32615,1,4,100.0,4/4,0.04,173.0,ok
SAR_Ship_Chip_20211010_UTM16N_EPSG32616_10m.manifest.json,20211010,16,32616,32616,1,64,100.0,64/64,0.01,108.5,ok
SAR_Ship_Chip_20211010_UTM17N_EPSG32617_10m.manifest.json,20211010,17,32617,32617,1,7,100.0,7/7,12.8,199.0,ok
SAR_Ship_Chip_20211010_UTM19N_EPSG32619_10m.manifest.json,20211010,19,32619,32619,1,6,100.0,6/6,0.87,61.0,ok
SAR_Ship_Chip_20211011_UTM04N_EPSG32604_10m.manifest.json,20211011,4,32604,32604,1,2,100.0,2/2,7.67,45.0,ok
SAR_Ship_Chip_20211011_UTM10N_EPSG32610_10m.manifest.json,20211011,10,32610,32610,1,286,100.0,286/286,0.0,104.0,ok
SAR_Ship_Chip_20211011_UTM11N_EPSG32611_10m.manifest.json,20211011,11,32611,32611,1,7,100.0,7/7,11.49,199.0,ok
SAR_Ship_Chip_20211011_UTM16N_EPSG32616_10m.manifest.json,20211011,16,32616,32616,1,14,100.0,14/14,0.27,98.5,ok
SAR_Ship_Chip_20211011_UTM18N_EPSG32618_10m.manifest.json,20211011,18,32618,32618,1,118,100.0,118/118,0.06,169.5,ok
SAR_Ship_Chip_20211011_UTM19N_EPSG32619_10m.manifest.json,20211011,19,32619,32619,1,19,100.0,19/19,9.85,160.0,ok
SAR_Ship_Chip_20211012_UTM04N_EPSG32604_10m.manifest.json,20211012,4,32604,32604,1,32,100.0,32/32,0.04,59.5,ok
SAR_Ship_Chip_20211012_UTM10N_EPSG32610_10m.manifest.json,20211012,10,32610,32610,1,83,100.0,83/83,0.1,177.0,ok
SAR_Ship_Chip_20211012_UTM14N_EPSG32614_10m.manifest.json,20211012,14,32614,32614,1,66,100.0,66/66,0.0,52.0,ok
SAR_Ship_Chip_20211012_UTM16N_EPSG32616_10m.manifest.json,20211012,16,32616,32616,1,30,100.0,30/30,5.68,195.0,ok
SAR_Ship_Chip_20211012_UTM17N_EPSG32617_10m.manifest.json,20211012,17,32617,32617,1,44,100.0,44/44,0.09,76.5,ok
SAR_Ship_Chip_20211013_UTM04N_EPSG32604_10m.manifest.json,20211013,4,32604,32604,1,5,100.0,5/5,0.0,36.0,ok
SAR_Ship_Chip_20211013_UTM05N_EPSG32605_10m.manifest.json,20211013,5,32605,32605,1,3,100.0,3/3,0.07,37.0,ok
SAR_Ship_Chip_20211013_UTM10N_EPSG32610_10m.manifest.json,20211013,10,32610,32610,1,337,100.0,337/337,0.1,143.0,ok
SAR_Ship_Chip_20211013_UTM16N_EPSG32616_10m.manifest.json,20211013,16,32616,32616,1,2,100.0,2/2,0.02,157.0,ok
SAR_Ship_Chip_20211013_UTM19N_EPSG32619_10m.manifest.json,20211013,19,32619,32619,1,124,100.0,124/124,0.0,71.0,ok
SAR_Ship_Chip_20211014_UTM10N_EPSG32610_10m.manifest.json,20211014,10,32610,32610,1,19,100.0,19/19,0.9,284.0,ok
SAR_Ship_Chip_20211016_UTM05N_EPSG32605_10m.manifest.json,20211016,5,32605,32605,1,1,100.0,1/1,0.0,59.0,ok
SAR_Ship_Chip_20211016_UTM09N_EPSG32609_10m.manifest.json,20211016,9,32609,32609,1,12,100.0,12/12,12.17,93.5,ok
SAR_Ship_Chip_20211016_UTM10N_EPSG32610_10m.manifest.json,20211016,10,32610,32610,1,209,100.0,209/209,0.1,124.0,ok
SAR_Ship_Chip_20211016_UTM11N_EPSG32611_10m.manifest.json,20211016,11,32611,32611,1,24,100.0,24/24,0.33,184.0,ok
SAR_Ship_Chip_20211016_UTM16N_EPSG32616_10m.manifest.json,20211016,16,32616,32616,1,317,100.0,317/317,0.0,94.0,ok
SAR_Ship_Chip_20211016_UTM17N_EPSG32617_10m.manifest.json,20211016,17,32617,32617,1,23,100.0,23/23,2.5,190.0,ok
SAR_Ship_Chip_20211016_UTM18N_EPSG32618_10m.manifest.json,20211016,18,32618,32618,1,102,100.0,102/102,0.01,194.5,ok
SAR_Ship_Chip_20211016_UTM19N_EPSG32619_10m.manifest.json,20211016,19,32619,32619,1,11,100.0,11/11,9.84,210.0,ok
SAR_Ship_Chip_20211016_UTM20N_EPSG32620_10m.manifest.json,20211016,20,32620,32620,1,4,100.0,4/4,8.66,105.5,ok
SAR_Ship_Chip_20211017_UTM04N_EPSG32604_10m.manifest.json,20211017,4,32604,32604,1,1,100.0,1/1,6.14,36.0,ok
SAR_Ship_Chip_20211017_UTM10N_EPSG32610_10m.manifest.json,20211017,10,32610,32610,1,96,100.0,96/96,0.09,114.5,ok
SAR_Ship_Chip_20211017_UTM16N_EPSG32616_10m.manifest.json,20211017,16,32616,32616,1,8,100.0,8/8,0.0,69.0,ok
SAR_Ship_Chip_20211017_UTM17N_EPSG32617_10m.manifest.json,20211017,17,32617,32617,1,16,100.0,16/16,13.0,239.0,ok
SAR_Ship_Chip_20211018_UTM04N_EPSG32604_10m.manifest.json,20211018,4,32604,32604,1,27,100.0,27/27,0.0,63.0,ok
SAR_Ship_Chip_20211018_UTM09N_EPSG32609_10m.manifest.json,20211018,9,32609,32609,1,19,100.0,19/19,2.27,229.0,ok
SAR_Ship_Chip_20211018_UTM10N_EPSG32610_10m.manifest.json,20211018,10,32610,32610,1,89,100.0,89/89,0.51,134.0,ok
SAR_Ship_Chip_20211014_UTM11N_EPSG32611_10m.manifest.json,20211014,11,32611,32611,1,20,100.0,20/20,0.37,196.5,ok
SAR_Ship_Chip_20211014_UTM14N_EPSG32614_10m.manifest.json,20211014,14,32614,32614,1,7,100.0,7/7,6.98,144.0,ok
SAR_Ship_Chip_20211014_UTM15N_EPSG32615_10m.manifest.json,20211014,15,32615,32615,1,411,100.0,411/411,0.0,180.0,ok
SAR_Ship_Chip_20211014_UTM17N_EPSG32617_10m.manifest.json,20211014,17,32617,32617,1,210,100.0,210/210,0.08,153.0,ok
SAR_Ship_Chip_20211015_UTM04N_EPSG32604_10m.manifest.json,20211015,4,32604,32604,1,29,100.0,29/29,0.1,56.0,ok
SAR_Ship_Chip_20211015_UTM11N_EPSG32611_10m.manifest.json,20211015,11,32611,32611,1,310,100.0,310/310,0.03,260.0,ok
SAR_Ship_Chip_20211015_UTM17N_EPSG32617_10m.manifest.json,20211015,17,32617,32617,1,6,100.0,6/6,13.4,213.5,ok
SAR_Ship_Chip_20211015_UTM19N_EPSG32619_10m.manifest.json,20211015,19,32619,32619,1,1,100.0,1/1,8.5,83.0,ok
SAR_Ship_Chip_20211018_UTM18N_EPSG32618_10m.manifest.json,20211018,18,32618,32618,1,167,100.0,167/167,0.08,49.0,ok
SAR_Ship_Chip_20211018_UTM19N_EPSG32619_10m.manifest.json,20211018,19,32619,32619,1,12,100.0,12/12,12.3,187.0,ok
SAR_Ship_Chip_20211018_UTM20N_EPSG32620_10m.manifest.json,20211018,20,32620,32620,1,23,100.0,23/23,6.5,129.0,ok
SAR_Ship_Chip_20211019_UTM04N_EPSG32604_10m.manifest.json,20211019,4,32604,32604,1,2,100.0,2/2,12.75,165.5,ok
SAR_Ship_Chip_20211019_UTM05N_EPSG32605_10m.manifest.json,20211019,5,32605,32605,1,2,100.0,2/2,4.0,47.5,ok
SAR_Ship_Chip_20211019_UTM10N_EPSG32610_10m.manifest.json,20211019,10,32610,32610,1,163,100.0,163/163,0.02,177.0,ok
SAR_Ship_Chip_20211019_UTM14N_EPSG32614_10m.manifest.json,20211019,14,32614,32614,1,1,100.0,1/1,0.1,22.0,ok
SAR_Ship_Chip_20211019_UTM15N_EPSG32615_10m.manifest.json,20211019,15,32615,32615,1,218,100.0,218/218,0.0,181.5,ok
SAR_Ship_Chip_20211020_UTM20N_EPSG32620_10m.manifest.json,20211020,20,32620,32620,1,16,100.0,16/16,0.0,100.0,ok
SAR_Ship_Chip_20211021_UTM04N_EPSG32604_10m.manifest.json,20211021,4,32604,32604,1,27,100.0,27/27,0.0,56.0,ok
SAR_Ship_Chip_20211021_UTM09N_EPSG32609_10m.manifest.json,20211021,9,32609,32609,1,15,100.0,15/15,4.65,275.0,ok
SAR_Ship_Chip_20211021_UTM11N_EPSG32611_10m.manifest.json,20211021,11,32611,32611,1,360,100.0,360/360,0.07,255.0,ok
SAR_Ship_Chip_20211021_UTM15N_EPSG32615_10m.manifest.json,20211021,15,32615,32615,1,112,100.0,112/112,0.0,76.5,ok
SAR_Ship_Chip_20211021_UTM17N_EPSG32617_10m.manifest.json,20211021,17,32617,32617,1,40,100.0,40/40,0.55,187.5,ok
SAR_Ship_Chip_20211022_UTM05N_EPSG32605_10m.manifest.json,20211022,5,32605,32605,1,7,100.0,7/7,4.93,36.0,ok
SAR_Ship_Chip_20211022_UTM11N_EPSG32611_10m.manifest.json,20211022,11,32611,32611,1,39,100.0,39/39,0.1,176.0,ok
SAR_Ship_Chip_20211022_UTM12N_EPSG32612_10m.manifest.json,20211022,12,32612,32612,1,1,100.0,1/1,13.32,199.0,ok
SAR_Ship_Chip_20211022_UTM15N_EPSG32615_10m.manifest.json,20211022,15,32615,32615,1,3,100.0,3/3,0.0,42.0,ok
SAR_Ship_Chip_20211022_UTM16N_EPSG32616_10m.manifest.json,20211022,16,32616,32616,1,69,100.0,69/69,0.0,94.0,ok
SAR_Ship_Chip_20211022_UTM17N_EPSG32617_10m.manifest.json,20211022,17,32617,32617,1,2,100.0,2/2,13.87,191.5,ok
SAR_Ship_Chip_20211022_UTM19N_EPSG32619_10m.manifest.json,20211022,19,32619,32619,1,3,100.0,3/3,9.26,39.0,ok
SAR_Ship_Chip_20211023_UTM04N_EPSG32604_10m.manifest.json,20211023,4,32604,32604,1,1,100.0,1/1,0.03,37.0,ok
SAR_Ship_Chip_20211023_UTM10N_EPSG32610_10m.manifest.json,20211023,10,32610,32610,1,319,100.0,319/319,0.0,100.0,ok
SAR_Ship_Chip_20211023_UTM16N_EPSG32616_10m.manifest.json,20211023,16,32616,32616,1,10,100.0,10/10,5.82,196.5,ok
SAR_Ship_Chip_20211019_UTM16N_EPSG32616_10m.manifest.json,20211019,16,32616,32616,1,1,100.0,1/1,0.1,212.0,ok
SAR_Ship_Chip_20211019_UTM17N_EPSG32617_10m.manifest.json,20211019,17,32617,32617,1,265,100.0,265/265,0.0,52.0,ok
SAR_Ship_Chip_20211020_UTM10N_EPSG32610_10m.manifest.json,20211020,10,32610,32610,1,317,100.0,317/317,0.0,96.0,ok
SAR_Ship_Chip_20211020_UTM11N_EPSG32611_10m.manifest.json,20211020,11,32611,32611,1,209,100.0,209/209,0.1,259.0,ok
SAR_Ship_Chip_20211020_UTM15N_EPSG32615_10m.manifest.json,20211020,15,32615,32615,1,106,100.0,106/106,0.0,157.0,ok
SAR_Ship_Chip_20211020_UTM16N_EPSG32616_10m.manifest.json,20211020,16,32616,32616,1,1,100.0,1/1,14.1,194.0,ok
SAR_Ship_Chip_20211020_UTM17N_EPSG32617_10m.manifest.json,20211020,17,32617,32617,1,17,100.0,17/17,8.44,198.0,ok
SAR_Ship_Chip_20211020_UTM19N_EPSG32619_10m.manifest.json,20211020,19,32619,32619,1,68,100.0,68/68,0.0,70.0,ok
SAR_Ship_Chip_20211023_UTM18N_EPSG32618_10m.manifest.json,20211023,18,32618,32618,1,3,100.0,3/3,11.6,140.0,ok
SAR_Ship_Chip_20211023_UTM19N_EPSG32619_10m.manifest.json,20211023,19,32619,32619,1,16,100.0,16/16,11.82,184.5,ok
SAR_Ship_Chip_20211024_UTM04N_EPSG32604_10m.manifest.json,20211024,4,32604,32604,1,28,100.0,28/28,0.0,56.0,ok
SAR_Ship_Chip_20211024_UTM10N_EPSG32610_10m.manifest.json,20211024,10,32610,32610,1,69,100.0,69/69,0.08,177.0,ok
SAR_Ship_Chip_20211024_UTM14N_EPSG32614_10m.manifest.json,20211024,14,32614,32614,1,57,100.0,57/57,0.0,42.0,ok
SAR_Ship_Chip_20211024_UTM16N_EPSG32616_10m.manifest.json,20211024,16,32616,32616,1,24,100.0,24/24,0.0,194.5,ok
SAR_Ship_Chip_20211024_UTM17N_EPSG32617_10m.manifest.json,20211024,17,32617,32617,1,49,100.0,49/49,5.83,145.0,ok
SAR_Ship_Chip_20211025_UTM04N_EPSG32604_10m.manifest.json,20211025,4,32604,32604,1,2,100.0,2/2,15.58,178.5,ok
SAR_Ship_Chip_20211025_UTM05N_EPSG32605_10m.manifest.json,20211025,5,32605,32605,1,2,100.0,2/2,10.69,46.5,ok
SAR_Ship_Chip_20211025_UTM10N_EPSG32610_10m.manifest.json,20211025,10,32610,32610,1,301,100.0,301/301,0.05,177.0,ok
SAR_Ship_Chip_20211025_UTM16N_EPSG32616_10m.manifest.json,20211025,16,32616,32616,1,37,100.0,37/37,0.09,193.0,ok
SAR_Ship_Chip_20211025_UTM18N_EPSG32618_10m.manifest.json,20211025,18,32618,32618,1,16,100.0,16/16,0.0,37.0,ok
SAR_Ship_Chip_20211025_UTM19N_EPSG32619_10m.manifest.json,20211025,19,32619,32619,1,158,100.0,158/158,0.02,75.0,ok
SAR_Ship_Chip_20211025_UTM20N_EPSG32620_10m.manifest.json,20211025,20,32620,32620,1,3,100.0,3/3,2.0,280.0,ok
SAR_Ship_Chip_20211026_UTM04N_EPSG32604_10m.manifest.json,20211026,4,32604,32604,1,1,100.0,1/1,7.8,36.0,ok
SAR_Ship_Chip_20211026_UTM09N_EPSG32609_10m.manifest.json,20211026,9,32609,32609,1,1,100.0,1/1,18.79,189.0,ok
SAR_Ship_Chip_20211026_UTM10N_EPSG32610_10m.manifest.json,20211026,10,32610,32610,1,41,100.0,41/41,0.83,288.0,ok
SAR_Ship_Chip_20211026_UTM11N_EPSG32611_10m.manifest.json,20211026,11,32611,32611,1,191,100.0,191/191,0.11,229.0,ok
SAR_Ship_Chip_20211026_UTM14N_EPSG32614_10m.manifest.json,20211026,14,32614,32614,1,10,100.0,10/10,0.1,194.0,ok
SAR_Ship_Chip_20211026_UTM15N_EPSG32615_10m.manifest.json,20211026,15,32615,32615,1,407,100.0,407/407,0.0,176.0,ok
SAR_Ship_Chip_20211026_UTM17N_EPSG32617_10m.manifest.json,20211026,17,32617,32617,1,243,100.0,243/243,0.0,138.0,ok
SAR_Ship_Chip_20211027_UTM04N_EPSG32604_10m.manifest.json,20211027,4,32604,32604,1,28,100.0,28/28,0.09,52.5,ok
SAR_Ship_Chip_20211027_UTM11N_EPSG32611_10m.manifest.json,20211027,11,32611,32611,1,385,100.0,385/385,0.1,259.0,ok
SAR_Ship_Chip_20211027_UTM17N_EPSG32617_10m.manifest.json,20211027,17,32617,32617,1,7,100.0,7/7,13.8,230.0,ok
SAR_Ship_Chip_20211027_UTM19N_EPSG32619_10m.manifest.json,20211027,19,32619,32619,1,5,100.0,5/5,0.0,106.0,ok
SAR_Ship_Chip_20211028_UTM05N_EPSG32605_10m.manifest.json,20211028,5,32605,32605,1,2,100.0,2/2,1.19,31.5,ok
SAR_Ship_Chip_20211028_UTM09N_EPSG32609_10m.manifest.json,20211028,9,32609,32609,1,5,100.0,5/5,12.11,183.0,ok
SAR_Ship_Chip_20211028_UTM10N_EPSG32610_10m.manifest.json,20211028,10,32610,32610,1,203,100.0,203/203,0.1,139.0,ok
SAR_Ship_Chip_20211028_UTM11N_EPSG32611_10m.manifest.json,20211028,11,32611,32611,1,27,100.0,27/27,0.1,151.0,ok
SAR_Ship_Chip_20211028_UTM16N_EPSG32616_10m.manifest.json,20211028,16,32616,32616,1,330,100.0,330/330,0.0,95.0,ok
SAR_Ship_Chip_20211028_UTM17N_EPSG32617_10m.manifest.json,20211028,17,32617,32617,1,23,100.0,23/23,0.4,152.0,ok
SAR_Ship_Chip_20211028_UTM18N_EPSG32618_10m.manifest.json,20211028,18,32618,32618,1,114,100.0,114/114,0.04,189.0,ok
SAR_Ship_Chip_20211028_UTM19N_EPSG32619_10m.manifest.json,20211028,19,32619,32619,1,5,100.0,5/5,12.4,175.0,ok
SAR_Ship_Chip_20211029_UTM10N_EPSG32610_10m.manifest.json,20211029,10,32610,32610,1,88,100.0,88/88,0.01,110.0,ok
SAR_Ship_Chip_20211029_UTM16N_EPSG32616_10m.manifest.json,20211029,16,32616,32616,1,5,100.0,5/5,0.0,103.0,ok
SAR_Ship_Chip_20211029_UTM17N_EPSG32617_10m.manifest.json,20211029,17,32617,32617,1,17,100.0,17/17,12.13,210.0,ok
SAR_Ship_Chip_20211029_UTM20N_EPSG32620_10m.manifest.json,20211029,20,32620,32620,1,4,100.0,4/4,13.84,183.5,ok
SAR_Ship_Chip_20211030_UTM04N_EPSG32604_10m.manifest.json,20211030,4,32604,32604,1,26,100.0,26/26,0.01,56.0,ok
SAR_Ship_Chip_20211030_UTM09N_EPSG32609_10m.manifest.json,20211030,9,32609,32609,1,17,100.0,17/17,7.35,225.0,ok
SAR_Ship_Chip_20211030_UTM10N_EPSG32610_10m.manifest.json,20211030,10,32610,32610,1,86,100.0,86/86,0.15,178.0,ok
SAR_Ship_Chip_20211030_UTM11N_EPSG32611_10m.manifest.json,20211030,11,32611,32611,1,1,100.0,1/1,13.08,147.0,ok
SAR_Ship_Chip_20211030_UTM12N_EPSG32612_10m.manifest.json,20211030,12,32612,32612,1,6,100.0,6/6,14.46,259.0,ok
SAR_Ship_Chip_20211030_UTM19N_EPSG32619_10m.manifest.json,20211030,19,32619,32619,1,5,100.0,5/5,13.87,189.0,ok
SAR_Ship_Chip_20211030_UTM20N_EPSG32620_10m.manifest.json,20211030,20,32620,32620,1,22,100.0,22/22,0.23,109.5,ok
SAR_Ship_Chip_20211031_UTM04N_EPSG32604_10m.manifest.json,20211031,4,32604,32604,1,1,100.0,1/1,7.45,24.0,ok
SAR_Ship_Chip_20211031_UTM05N_EPSG32605_10m.manifest.json,20211031,5,32605,32605,1,1,100.0,1/1,6.0,37.0,ok
SAR_Ship_Chip_20211031_UTM10N_EPSG32610_10m.manifest.json,20211031,10,32610,32610,1,164,100.0,164/164,0.0,179.0,ok
SAR_Ship_Chip_20211031_UTM14N_EPSG32614_10m.manifest.json,20211031,14,32614,32614,1,1,100.0,1/1,3.72,22.0,ok
SAR_Ship_Chip_20211102_UTM04N_EPSG32604_10m.manifest.json,20211102,4,32604,32604,1,27,100.0,27/27,0.1,51.0,ok
SAR_Ship_Chip_20211102_UTM09N_EPSG32609_10m.manifest.json,20211102,9,32609,32609,1,1,100.0,1/1,10.65,199.0,ok
SAR_Ship_Chip_20211102_UTM11N_EPSG32611_10m.manifest.json,20211102,11,32611,32611,1,360,100.0,360/360,0.09,255.0,ok
SAR_Ship_Chip_20211102_UTM15N_EPSG32615_10m.manifest.json,20211102,15,32615,32615,1,110,100.0,110/110,0.0,81.5,ok
SAR_Ship_Chip_20211102_UTM17N_EPSG32617_10m.manifest.json,20211102,17,32617,32617,1,44,100.0,44/44,0.23,191.5,ok
SAR_Ship_Chip_20211103_UTM05N_EPSG32605_10m.manifest.json,20211103,5,32605,32605,1,5,100.0,5/5,7.9,37.0,ok
SAR_Ship_Chip_20211103_UTM11N_EPSG32611_10m.manifest.json,20211103,11,32611,32611,1,25,100.0,25/25,0.1,139.0,ok
SAR_Ship_Chip_20211103_UTM12N_EPSG32612_10m.manifest.json,20211103,12,32612,32612,1,2,100.0,2/2,11.5,281.0,ok
SAR_Ship_Chip_20211103_UTM15N_EPSG32615_10m.manifest.json,20211103,15,32615,32615,1,1,100.0,1/1,0.0,199.0,ok
SAR_Ship_Chip_20211103_UTM16N_EPSG32616_10m.manifest.json,20211103,16,32616,32616,1,52,100.0,52/52,0.01,123.5,ok
SAR_Ship_Chip_20211103_UTM17N_EPSG32617_10m.manifest.json,20211103,17,32617,32617,1,2,100.0,2/2,11.48,94.5,ok
SAR_Ship_Chip_20211103_UTM19N_EPSG32619_10m.manifest.json,20211103,19,32619,32619,1,1,100.0,1/1,14.9,285.0,ok
SAR_Ship_Chip_20211104_UTM10N_EPSG32610_10m.manifest.json,20211104,10,32610,32610,1,311,100.0,311/311,0.0,99.0,ok
SAR_Ship_Chip_20211104_UTM11N_EPSG32611_10m.manifest.json,20211104,11,32611,32611,1,17,100.0,17/17,13.1,189.0,ok
SAR_Ship_Chip_20211104_UTM16N_EPSG32616_10m.manifest.json,20211104,16,32616,32616,1,3,100.0,3/3,0.0,222.0,ok
SAR_Ship_Chip_20211104_UTM18N_EPSG32618_10m.manifest.json,20211104,18,32618,32618,1,69,100.0,69/69,0.07,125.0,ok
SAR_Ship_Chip_20211031_UTM15N_EPSG32615_10m.manifest.json,20211031,15,32615,32615,1,195,100.0,195/195,0.0,176.0,ok
SAR_Ship_Chip_20211101_UTM04N_EPSG32604_10m.manifest.json,20211101,4,32604,32604,1,2,100.0,2/2,4.4,43.0,ok
SAR_Ship_Chip_20211101_UTM10N_EPSG32610_10m.manifest.json,20211101,10,32610,32610,1,312,100.0,312/312,0.0,100.0,ok
SAR_Ship_Chip_20211101_UTM11N_EPSG32611_10m.manifest.json,20211101,11,32611,32611,1,219,100.0,219/219,0.19,255.0,ok
SAR_Ship_Chip_20211101_UTM15N_EPSG32615_10m.manifest.json,20211101,15,32615,32615,1,101,100.0,101/101,0.0,142.0,ok
SAR_Ship_Chip_20211101_UTM17N_EPSG32617_10m.manifest.json,20211101,17,32617,32617,1,17,100.0,17/17,6.86,226.0,ok
SAR_Ship_Chip_20211101_UTM19N_EPSG32619_10m.manifest.json,20211101,19,32619,32619,1,50,100.0,50/50,0.14,50.5,ok
SAR_Ship_Chip_20211101_UTM20N_EPSG32620_10m.manifest.json,20211101,20,32620,32620,1,20,100.0,20/20,0.13,169.5,ok
SAR_Ship_Chip_20211104_UTM19N_EPSG32619_10m.manifest.json,20211104,19,32619,32619,1,16,100.0,16/16,10.5,166.5,ok
SAR_Ship_Chip_20211105_UTM04N_EPSG32604_10m.manifest.json,20211105,4,32604,32604,1,1,100.0,1/1,9.6,145.0,ok
SAR_Ship_Chip_20211105_UTM10N_EPSG32610_10m.manifest.json,20211105,10,32610,32610,1,4,100.0,4/4,9.27,77.5,ok
SAR_Ship_Chip_20211105_UTM14N_EPSG32614_10m.manifest.json,20211105,14,32614,32614,1,1,100.0,1/1,0.7,190.0,ok
SAR_Ship_Chip_20211105_UTM16N_EPSG32616_10m.manifest.json,20211105,16,32616,32616,1,2,100.0,2/2,6.4,114.0,ok
SAR_Ship_Chip_20211105_UTM17N_EPSG32617_10m.manifest.json,20211105,17,32617,32617,1,26,100.0,26/26,0.0,62.5,ok
SAR_Ship_Chip_20211106_UTM04N_EPSG32604_10m.manifest.json,20211106,4,32604,32604,1,3,100.0,3/3,7.52,36.0,ok
SAR_Ship_Chip_20211106_UTM10N_EPSG32610_10m.manifest.json,20211106,10,32610,32610,1,203,100.0,203/203,0.02,179.0,ok
SAR_Ship_Chip_20211106_UTM18N_EPSG32618_10m.manifest.json,20211106,18,32618,32618,1,12,100.0,12/12,0.0,37.0,ok
SAR_Ship_Chip_20211106_UTM19N_EPSG32619_10m.manifest.json,20211106,19,32619,32619,1,26,100.0,26/26,0.09,156.0,ok
SAR_Ship_Chip_20211106_UTM20N_EPSG32620_10m.manifest.json,20211106,20,32620,32620,1,3,100.0,3/3,12.5,160.0,ok
SAR_Ship_Chip_20211107_UTM04N_EPSG32604_10m.manifest.json,20211107,4,32604,32604,1,1,100.0,1/1,8.04,145.0,ok
SAR_Ship_Chip_20211107_UTM10N_EPSG32610_10m.manifest.json,20211107,10,32610,32610,1,3,100.0,3/3,1.77,274.0,ok
SAR_Ship_Chip_20211107_UTM11N_EPSG32611_10m.manifest.json,20211107,11,32611,32611,1,28,100.0,28/28,5.62,60.0,ok
SAR_Ship_Chip_20211107_UTM14N_EPSG32614_10m.manifest.json,20211107,14,32614,32614,1,3,100.0,3/3,10.3,140.0,ok
SAR_Ship_Chip_20211107_UTM15N_EPSG32615_10m.manifest.json,20211107,15,32615,32615,1,60,100.0,60/60,0.3,224.0,ok
SAR_Ship_Chip_20211107_UTM17N_EPSG32617_10m.manifest.json,20211107,17,32617,32617,1,156,100.0,156/156,0.21,199.0,ok
SAR_Ship_Chip_20211108_UTM04N_EPSG32604_10m.manifest.json,20211108,4,32604,32604,1,26,100.0,26/26,0.0,57.5,ok
SAR_Ship_Chip_20211108_UTM11N_EPSG32611_10m.manifest.json,20211108,11,32611,32611,1,375,100.0,375/375,0.1,250.0,ok
SAR_Ship_Chip_20211108_UTM17N_EPSG32617_10m.manifest.json,20211108,17,32617,32617,1,2,100.0,2/2,12.95,159.0,ok
SAR_Ship_Chip_20211108_UTM19N_EPSG32619_10m.manifest.json,20211108,19,32619,32619,1,17,100.0,17/17,11.38,134.0,ok
SAR_Ship_Chip_20211109_UTM05N_EPSG32605_10m.manifest.json,20211109,5,32605,32605,1,6,100.0,6/6,6.24,37.0,ok
SAR_Ship_Chip_20211109_UTM09N_EPSG32609_10m.manifest.json,20211109,9,32609,32609,1,4,100.0,4/4,11.35,263.5,ok
SAR_Ship_Chip_20211109_UTM10N_EPSG32610_10m.manifest.json,20211109,10,32610,32610,1,197,100.0,197/197,0.1,168.0,ok
SAR_Ship_Chip_20211110_UTM16N_EPSG32616_10m.manifest.json,20211110,16,32616,32616,1,7,100.0,7/7,0.51,99.0,ok
SAR_Ship_Chip_20211110_UTM17N_EPSG32617_10m.manifest.json,20211110,17,32617,32617,1,17,100.0,17/17,12.0,235.0,ok
SAR_Ship_Chip_20211111_UTM04N_EPSG32604_10m.manifest.json,20211111,4,32604,32604,1,27,100.0,27/27,0.0,63.0,ok
SAR_Ship_Chip_20211111_UTM09N_EPSG32609_10m.manifest.json,20211111,9,32609,32609,1,13,100.0,13/13,10.04,228.0,ok
SAR_Ship_Chip_20211111_UTM10N_EPSG32610_10m.manifest.json,20211111,10,32610,32610,1,100,100.0,100/100,0.1,170.5,ok
SAR_Ship_Chip_20211111_UTM12N_EPSG32612_10m.manifest.json,20211111,12,32612,32612,1,2,100.0,2/2,11.35,281.0,ok
SAR_Ship_Chip_20211111_UTM18N_EPSG32618_10m.manifest.json,20211111,18,32618,32618,1,13,100.0,13/13,8.9,200.0,ok
SAR_Ship_Chip_20211111_UTM19N_EPSG32619_10m.manifest.json,20211111,19,32619,32619,1,8,100.0,8/8,12.89,181.5,ok
SAR_Ship_Chip_20211109_UTM11N_EPSG32611_10m.manifest.json,20211109,11,32611,32611,1,32,100.0,32/32,0.1,186.5,ok
SAR_Ship_Chip_20211109_UTM16N_EPSG32616_10m.manifest.json,20211109,16,32616,32616,1,358,100.0,358/358,0.01,106.0,ok
SAR_Ship_Chip_20211109_UTM17N_EPSG32617_10m.manifest.json,20211109,17,32617,32617,1,23,100.0,23/23,0.1,142.0,ok
SAR_Ship_Chip_20211109_UTM18N_EPSG32618_10m.manifest.json,20211109,18,32618,32618,1,128,100.0,128/128,0.01,183.0,ok
SAR_Ship_Chip_20211109_UTM19N_EPSG32619_10m.manifest.json,20211109,19,32619,32619,1,9,100.0,9/9,9.3,183.0,ok
SAR_Ship_Chip_20211109_UTM20N_EPSG32620_10m.manifest.json,20211109,20,32620,32620,1,4,100.0,4/4,5.4,40.5,ok
SAR_Ship_Chip_20211110_UTM04N_EPSG32604_10m.manifest.json,20211110,4,32604,32604,1,1,100.0,1/1,12.2,146.0,ok
SAR_Ship_Chip_20211110_UTM10N_EPSG32610_10m.manifest.json,20211110,10,32610,32610,1,97,100.0,97/97,0.01,179.0,ok
SAR_Ship_Chip_20211112_UTM04N_EPSG32604_10m.manifest.json,20211112,4,32604,32604,1,3,100.0,3/3,9.66,37.0,ok
SAR_Ship_Chip_20211112_UTM05N_EPSG32605_10m.manifest.json,20211112,5,32605,32605,1,2,100.0,2/2,10.61,74.5,ok
SAR_Ship_Chip_20211112_UTM10N_EPSG32610_10m.manifest.json,20211112,10,32610,32610,1,177,100.0,177/177,0.1,179.0,ok
SAR_Ship_Chip_20211112_UTM17N_EPSG32617_10m.manifest.json,20211112,17,32617,32617,1,310,100.0,310/310,0.0,55.0,ok
SAR_Ship_Chip_20211113_UTM04N_EPSG32604_10m.manifest.json,20211113,4,32604,32604,1,1,100.0,1/1,12.2,274.0,ok
SAR_Ship_Chip_20211113_UTM10N_EPSG32610_10m.manifest.json,20211113,10,32610,32610,1,329,100.0,329/329,0.0,110.0,ok
SAR_Ship_Chip_20211113_UTM11N_EPSG32611_10m.manifest.json,20211113,11,32611,32611,1,214,100.0,214/214,0.1,259.5,ok
SAR_Ship_Chip_20211113_UTM15N_EPSG32615_10m.manifest.json,20211113,15,32615,32615,1,95,100.0,95/95,0.0,168.0,ok
SAR_Ship_Chip_20211114_UTM18N_EPSG32618_10m.manifest.json,20211114,18,32618,32618,1,6,100.0,6/6,15.15,249.0,ok
SAR_Ship_Chip_20211115_UTM05N_EPSG32605_10m.manifest.json,20211115,5,32605,32605,1,1,100.0,1/1,0.0,145.0,ok
SAR_Ship_Chip_20211115_UTM11N_EPSG32611_10m.manifest.json,20211115,11,32611,32611,1,27,100.0,27/27,0.0,156.0,ok
SAR_Ship_Chip_20211115_UTM15N_EPSG32615_10m.manifest.json,20211115,15,32615,32615,1,4,100.0,4/4,0.0,222.0,ok
SAR_Ship_Chip_20211115_UTM17N_EPSG32617_10m.manifest.json,20211115,17,32617,32617,1,13,100.0,13/13,13.3,183.0,ok
SAR_Ship_Chip_20211116_UTM04N_EPSG32604_10m.manifest.json,20211116,4,32604,32604,1,2,100.0,2/2,11.97,79.0,ok
SAR_Ship_Chip_20211116_UTM10N_EPSG32610_10m.manifest.json,20211116,10,32610,32610,1,381,100.0,381/381,0.0,104.0,ok
SAR_Ship_Chip_20211116_UTM14N_EPSG32614_10m.manifest.json,20211116,14,32614,32614,1,1,100.0,1/1,0.0,183.0,ok
SAR_Ship_Chip_20211116_UTM16N_EPSG32616_10m.manifest.json,20211116,16,32616,32616,1,6,100.0,6/6,5.45,210.5,ok
SAR_Ship_Chip_20211116_UTM18N_EPSG32618_10m.manifest.json,20211116,18,32618,32618,1,158,100.0,158/158,0.1,180.0,ok
SAR_Ship_Chip_20211116_UTM19N_EPSG32619_10m.manifest.json,20211116,19,32619,32619,1,1,100.0,1/1,12.3,183.0,ok
SAR_Ship_Chip_20211117_UTM04N_EPSG32604_10m.manifest.json,20211117,4,32604,32604,1,24,100.0,24/24,0.0,61.0,ok
SAR_Ship_Chip_20211117_UTM10N_EPSG32610_10m.manifest.json,20211117,10,32610,32610,1,107,100.0,107/107,1.54,179.0,ok
SAR_Ship_Chip_20211117_UTM14N_EPSG32614_10m.manifest.json,20211117,14,32614,32614,1,67,100.0,67/67,0.0,45.0,ok
SAR_Ship_Chip_20211117_UTM16N_EPSG32616_10m.manifest.json,20211117,16,32616,32616,1,29,100.0,29/29,8.5,198.0,ok
SAR_Ship_Chip_20211117_UTM17N_EPSG32617_10m.manifest.json,20211117,17,32617,32617,1,38,100.0,38/38,0.02,45.5,ok
SAR_Ship_Chip_20211113_UTM17N_EPSG32617_10m.manifest.json,20211113,17,32617,32617,1,13,100.0,13/13,0.3,210.0,ok
SAR_Ship_Chip_20211113_UTM19N_EPSG32619_10m.manifest.json,20211113,19,32619,32619,1,65,100.0,65/65,0.45,71.0,ok
SAR_Ship_Chip_20211113_UTM20N_EPSG32620_10m.manifest.json,20211113,20,32620,32620,1,28,100.0,28/28,0.0,126.0,ok
SAR_Ship_Chip_20211114_UTM04N_EPSG32604_10m.manifest.json,20211114,4,32604,32604,1,31,100.0,31/31,0.06,63.0,ok
SAR_Ship_Chip_20211114_UTM09N_EPSG32609_10m.manifest.json,20211114,9,32609,32609,1,18,100.0,18/18,9.26,199.0,ok
SAR_Ship_Chip_20211114_UTM11N_EPSG32611_10m.manifest.json,20211114,11,32611,32611,1,248,100.0,248/248,0.0,234.0,ok
SAR_Ship_Chip_20211114_UTM15N_EPSG32615_10m.manifest.json,20211114,15,32615,32615,1,55,100.0,55/55,0.0,59.0,ok
SAR_Ship_Chip_20211114_UTM17N_EPSG32617_10m.manifest.json,20211114,17,32617,32617,1,47,100.0,47/47,0.16,190.0,ok
SAR_Ship_Chip_20211118_UTM04N_EPSG32604_10m.manifest.json,20211118,4,32604,32604,1,1,100.0,1/1,20.1,272.0,ok
SAR_Ship_Chip_20211118_UTM05N_EPSG32605_10m.manifest.json,20211118,5,32605,32605,1,1,100.0,1/1,6.27,30.0,ok
SAR_Ship_Chip_20211118_UTM10N_EPSG32610_10m.manifest.json,20211118,10,32610,32610,1,259,100.0,259/259,0.0,178.0,ok
SAR_Ship_Chip_20211118_UTM12N_EPSG32612_10m.manifest.json,20211118,12,32612,32612,1,3,100.0,3/3,12.7,229.0,ok
SAR_Ship_Chip_20211118_UTM16N_EPSG32616_10m.manifest.json,20211118,16,32616,32616,1,26,100.0,26/26,0.06,193.5,ok
SAR_Ship_Chip_20211118_UTM19N_EPSG32619_10m.manifest.json,20211118,19,32619,32619,1,150,100.0,150/150,0.1,71.0,ok
SAR_Ship_Chip_20211119_UTM04N_EPSG32604_10m.manifest.json,20211119,4,32604,32604,1,2,100.0,2/2,5.77,113.5,ok
SAR_Ship_Chip_20211119_UTM10N_EPSG32610_10m.manifest.json,20211119,10,32610,32610,1,38,100.0,38/38,0.6,266.0,ok
SAR_Ship_Chip_20211121_UTM20N_EPSG32620_10m.manifest.json,20211121,20,32620,32620,1,1,100.0,1/1,12.3,189.0,ok
SAR_Ship_Chip_20211122_UTM04N_EPSG32604_10m.manifest.json,20211122,4,32604,32604,1,1,100.0,1/1,7.71,30.0,ok
SAR_Ship_Chip_20211122_UTM10N_EPSG32610_10m.manifest.json,20211122,10,32610,32610,1,171,100.0,171/171,0.0,179.0,ok
SAR_Ship_Chip_20211122_UTM16N_EPSG32616_10m.manifest.json,20211122,16,32616,32616,1,10,100.0,10/10,3.54,92.5,ok
SAR_Ship_Chip_20211122_UTM17N_EPSG32617_10m.manifest.json,20211122,17,32617,32617,1,18,100.0,18/18,12.95,229.0,ok
SAR_Ship_Chip_20211123_UTM04N_EPSG32604_10m.manifest.json,20211123,4,32604,32604,1,26,100.0,26/26,0.0,61.0,ok
SAR_Ship_Chip_20211123_UTM09N_EPSG32609_10m.manifest.json,20211123,9,32609,32609,1,15,100.0,15/15,7.7,199.0,ok
SAR_Ship_Chip_20211123_UTM10N_EPSG32610_10m.manifest.json,20211123,10,32610,32610,1,96,100.0,96/96,0.1,181.5,ok
SAR_Ship_Chip_20211121_UTM05N_EPSG32605_10m.manifest.json,20211121,5,32605,32605,1,6,100.0,6/6,11.05,114.0,ok
SAR_Ship_Chip_20211121_UTM09N_EPSG32609_10m.manifest.json,20211121,9,32609,32609,1,7,100.0,7/7,11.46,217.0,ok
SAR_Ship_Chip_20211121_UTM10N_EPSG32610_10m.manifest.json,20211121,10,32610,32610,1,194,100.0,194/194,0.01,167.0,ok
SAR_Ship_Chip_20211121_UTM11N_EPSG32611_10m.manifest.json,20211121,11,32611,32611,1,22,100.0,22/22,0.26,194.0,ok
SAR_Ship_Chip_20211121_UTM16N_EPSG32616_10m.manifest.json,20211121,16,32616,32616,1,313,100.0,313/313,0.0,99.0,ok
SAR_Ship_Chip_20211121_UTM17N_EPSG32617_10m.manifest.json,20211121,17,32617,32617,1,31,100.0,31/31,0.0,144.0,ok
SAR_Ship_Chip_20211121_UTM18N_EPSG32618_10m.manifest.json,20211121,18,32618,32618,1,114,100.0,114/114,0.0,189.5,ok
SAR_Ship_Chip_20211121_UTM19N_EPSG32619_10m.manifest.json,20211121,19,32619,32619,1,4,100.0,4/4,9.48,192.5,ok
SAR_Ship_Chip_20211119_UTM11N_EPSG32611_10m.manifest.json,20211119,11,32611,32611,1,187,100.0,187/187,0.06,228.0,ok
SAR_Ship_Chip_20211119_UTM14N_EPSG32614_10m.manifest.json,20211119,14,32614,32614,1,3,100.0,3/3,0.0,189.0,ok
SAR_Ship_Chip_20211119_UTM15N_EPSG32615_10m.manifest.json,20211119,15,32615,32615,1,395,100.0,395/395,0.07,179.0,ok
SAR_Ship_Chip_20211119_UTM17N_EPSG32617_10m.manifest.json,20211119,17,32617,32617,1,247,100.0,247/247,0.06,139.0,ok
SAR_Ship_Chip_20211120_UTM04N_EPSG32604_10m.manifest.json,20211120,4,32604,32604,1,26,100.0,26/26,0.0,57.5,ok
SAR_Ship_Chip_20211120_UTM11N_EPSG32611_10m.manifest.json,20211120,11,32611,32611,1,324,100.0,324/324,0.02,250.5,ok
SAR_Ship_Chip_20211120_UTM17N_EPSG32617_10m.manifest.json,20211120,17,32617,32617,1,1,100.0,1/1,20.7,210.0,ok
SAR_Ship_Chip_20211120_UTM19N_EPSG32619_10m.manifest.json,20211120,19,32619,32619,1,6,100.0,6/6,5.52,93.0,ok
SAR_Ship_Chip_20211126_UTM09N_EPSG32609_10m.manifest.json,20211126,9,32609,32609,1,10,100.0,10/10,2.52,227.0,ok
SAR_Ship_Chip_20211126_UTM11N_EPSG32611_10m.manifest.json,20211126,11,32611,32611,1,289,100.0,289/289,0.07,228.0,ok
SAR_Ship_Chip_20211126_UTM15N_EPSG32615_10m.manifest.json,20211126,15,32615,32615,1,79,100.0,79/79,0.0,72.0,ok
SAR_Ship_Chip_20211126_UTM17N_EPSG32617_10m.manifest.json,20211126,17,32617,32617,1,44,100.0,44/44,0.05,174.5,ok
SAR_Ship_Chip_20211126_UTM18N_EPSG32618_10m.manifest.json,20211126,18,32618,32618,1,1,100.0,1/1,13.9,159.0,ok
SAR_Ship_Chip_20211126_UTM20N_EPSG32620_10m.manifest.json,20211126,20,32620,32620,1,3,100.0,3/3,12.0,182.0,ok
SAR_Ship_Chip_20211127_UTM05N_EPSG32605_10m.manifest.json,20211127,5,32605,32605,1,2,100.0,2/2,0.01,85.5,ok
SAR_Ship_Chip_20211127_UTM11N_EPSG32611_10m.manifest.json,20211127,11,32611,32611,1,22,100.0,22/22,0.1,169.5,ok
SAR_Ship_Chip_20211123_UTM18N_EPSG32618_10m.manifest.json,20211123,18,32618,32618,1,146,100.0,146/146,0.08,45.0,ok
SAR_Ship_Chip_20211123_UTM19N_EPSG32619_10m.manifest.json,20211123,19,32619,32619,1,10,100.0,10/10,14.22,230.0,ok
SAR_Ship_Chip_20211123_UTM20N_EPSG32620_10m.manifest.json,20211123,20,32620,32620,1,38,100.0,38/38,3.82,151.0,ok
SAR_Ship_Chip_20211124_UTM04N_EPSG32604_10m.manifest.json,20211124,4,32604,32604,1,3,100.0,3/3,8.65,37.0,ok
SAR_Ship_Chip_20211124_UTM05N_EPSG32605_10m.manifest.json,20211124,5,32605,32605,1,3,100.0,3/3,0.1,37.0,ok
SAR_Ship_Chip_20211124_UTM10N_EPSG32610_10m.manifest.json,20211124,10,32610,32610,1,164,100.0,164/164,0.0,179.0,ok
SAR_Ship_Chip_20211124_UTM15N_EPSG32615_10m.manifest.json,20211124,15,32615,32615,1,212,100.0,212/212,0.0,182.0,ok
SAR_Ship_Chip_20211124_UTM16N_EPSG32616_10m.manifest.json,20211124,16,32616,32616,1,1,100.0,1/1,0.0,225.0,ok
SAR_Ship_Chip_20211127_UTM16N_EPSG32616_10m.manifest.json,20211127,16,32616,32616,1,73,100.0,73/73,0.0,108.0,ok
SAR_Ship_Chip_20211127_UTM17N_EPSG32617_10m.manifest.json,20211127,17,32617,32617,1,6,100.0,6/6,12.85,244.5,ok
SAR_Ship_Chip_20211127_UTM19N_EPSG32619_10m.manifest.json,20211127,19,32619,32619,1,1,100.0,1/1,0.16,39.0,ok
SAR_Ship_Chip_20211128_UTM10N_EPSG32610_10m.manifest.json,20211128,10,32610,32610,1,380,100.0,380/380,0.0,113.0,ok
SAR_Ship_Chip_20211128_UTM16N_EPSG32616_10m.manifest.json,20211128,16,32616,32616,1,7,100.0,7/7,0.0,222.0,ok
SAR_Ship_Chip_20211128_UTM18N_EPSG32618_10m.manifest.json,20211128,18,32618,32618,1,152,100.0,152/152,0.09,181.0,ok
SAR_Ship_Chip_20211128_UTM19N_EPSG32619_10m.manifest.json,20211128,19,32619,32619,1,17,100.0,17/17,11.27,179.0,ok
SAR_Ship_Chip_20211129_UTM04N_EPSG32604_10m.manifest.json,20211129,4,32604,32604,1,25,100.0,25/25,0.0,47.0,ok
SAR_Ship_Chip_20211124_UTM17N_EPSG32617_10m.manifest.json,20211124,17,32617,32617,1,262,100.0,262/262,0.0,50.0,ok
SAR_Ship_Chip_20211125_UTM10N_EPSG32610_10m.manifest.json,20211125,10,32610,32610,1,315,100.0,315/315,0.0,100.0,ok
SAR_Ship_Chip_20211125_UTM11N_EPSG32611_10m.manifest.json,20211125,11,32611,32611,1,184,100.0,184/184,0.03,221.5,ok
SAR_Ship_Chip_20211125_UTM15N_EPSG32615_10m.manifest.json,20211125,15,32615,32615,1,89,100.0,89/89,0.0,159.0,ok
SAR_Ship_Chip_20211125_UTM17N_EPSG32617_10m.manifest.json,20211125,17,32617,32617,1,14,100.0,14/14,9.3,188.5,ok
SAR_Ship_Chip_20211125_UTM19N_EPSG32619_10m.manifest.json,20211125,19,32619,32619,1,54,100.0,54/54,0.09,71.0,ok
SAR_Ship_Chip_20211125_UTM20N_EPSG32620_10m.manifest.json,20211125,20,32620,32620,1,21,100.0,21/21,0.26,104.0,ok
SAR_Ship_Chip_20211126_UTM04N_EPSG32604_10m.manifest.json,20211126,4,32604,32604,1,24,100.0,24/24,0.0,38.5,ok
SAR_Ship_Chip_20211129_UTM10N_EPSG32610_10m.manifest.json,20211129,10,32610,32610,1,104,100.0,104/104,1.03,186.0,ok
SAR_Ship_Chip_20211129_UTM14N_EPSG32614_10m.manifest.json,20211129,14,32614,32614,1,80,100.0,80/80,0.0,81.5,ok
SAR_Ship_Chip_20211130_UTM10N_EPSG32610_10m.manifest.json,20211130,10,32610,32610,1,229,100.0,229/229,0.01,180.0,ok
SAR_Ship_Chip_20211130_UTM12N_EPSG32612_10m.manifest.json,20211130,12,32612,32612,1,4,100.0,4/4,13.55,144.0,ok
SAR_Ship_Chip_20211130_UTM16N_EPSG32616_10m.manifest.json,20211130,16,32616,32616,1,38,100.0,38/38,0.17,199.0,ok
SAR_Ship_Chip_20211130_UTM18N_EPSG32618_10m.manifest.json,20211130,18,32618,32618,1,10,100.0,10/10,0.45,37.5,ok
SAR_Ship_Chip_20211130_UTM19N_EPSG32619_10m.manifest.json,20211130,19,32619,32619,1,134,100.0,134/134,0.09,71.0,ok
SAR_Ship_Chip_20211201_UTM09N_EPSG32609_10m.manifest.json,20211201,9,32609,32609,1,2,100.0,2/2,10.39,209.0,ok
SAR_Ship_Chip_20211203_UTM19N_EPSG32619_10m.manifest.json,20211203,19,32619,32619,1,4,100.0,4/4,9.75,126.0,ok
SAR_Ship_Chip_20211204_UTM10N_EPSG32610_10m.manifest.json,20211204,10,32610,32610,1,178,100.0,178/178,0.03,178.0,ok
SAR_Ship_Chip_20211204_UTM16N_EPSG32616_10m.manifest.json,20211204,16,32616,32616,1,7,100.0,7/7,0.04,42.0,ok
SAR_Ship_Chip_20211204_UTM17N_EPSG32617_10m.manifest.json,20211204,17,32617,32617,1,50,100.0,50/50,10.57,183.0,ok
SAR_Ship_Chip_20211205_UTM04N_EPSG32604_10m.manifest.json,20211205,4,32604,32604,1,24,100.0,24/24,0.0,43.0,ok
SAR_Ship_Chip_20211205_UTM09N_EPSG32609_10m.manifest.json,20211205,9,32609,32609,1,19,100.0,19/19,9.7,229.0,ok
SAR_Ship_Chip_20211205_UTM10N_EPSG32610_10m.manifest.json,20211205,10,32610,32610,1,83,100.0,83/83,0.79,183.0,ok
SAR_Ship_Chip_20211205_UTM11N_EPSG32611_10m.manifest.json,20211205,11,32611,32611,1,3,100.0,3/3,17.29,199.0,ok
SAR_Ship_Chip_20211201_UTM10N_EPSG32610_10m.manifest.json,20211201,10,32610,32610,1,28,100.0,28/28,8.12,255.0,ok
SAR_Ship_Chip_20211201_UTM11N_EPSG32611_10m.manifest.json,20211201,11,32611,32611,1,171,100.0,171/171,0.0,222.0,ok
SAR_Ship_Chip_20211201_UTM14N_EPSG32614_10m.manifest.json,20211201,14,32614,32614,1,9,100.0,9/9,4.87,190.0,ok
SAR_Ship_Chip_20211201_UTM15N_EPSG32615_10m.manifest.json,20211201,15,32615,32615,1,413,100.0,413/413,0.0,180.0,ok
SAR_Ship_Chip_20211201_UTM17N_EPSG32617_10m.manifest.json,20211201,17,32617,32617,1,217,100.0,217/217,0.03,119.0,ok
SAR_Ship_Chip_20211202_UTM04N_EPSG32604_10m.manifest.json,20211202,4,32604,32604,1,26,100.0,26/26,0.0,51.5,ok
SAR_Ship_Chip_20211202_UTM11N_EPSG32611_10m.manifest.json,20211202,11,32611,32611,1,300,100.0,300/300,0.02,232.5,ok
SAR_Ship_Chip_20211202_UTM19N_EPSG32619_10m.manifest.json,20211202,19,32619,32619,1,7,100.0,7/7,11.71,129.0,ok
SAR_Ship_Chip_20211202_UTM20N_EPSG32620_10m.manifest.json,20211202,20,32620,32620,1,3,100.0,3/3,11.21,158.0,ok
SAR_Ship_Chip_20211203_UTM05N_EPSG32605_10m.manifest.json,20211203,5,32605,32605,1,6,100.0,6/6,2.36,36.5,ok
SAR_Ship_Chip_20211203_UTM09N_EPSG32609_10m.manifest.json,20211203,9,32609,32609,1,6,100.0,6/6,10.61,181.5,ok
SAR_Ship_Chip_20211203_UTM10N_EPSG32610_10m.manifest.json,20211203,10,32610,32610,1,213,100.0,213/213,0.06,179.0,ok
SAR_Ship_Chip_20211203_UTM11N_EPSG32611_10m.manifest.json,20211203,11,32611,32611,1,32,100.0,32/32,0.18,180.0,ok
SAR_Ship_Chip_20211203_UTM16N_EPSG32616_10m.manifest.json,20211203,16,32616,32616,1,384,100.0,384/384,0.0,94.0,ok
SAR_Ship_Chip_20211203_UTM17N_EPSG32617_10m.manifest.json,20211203,17,32617,32617,1,26,100.0,26/26,5.99,158.0,ok
SAR_Ship_Chip_20211203_UTM18N_EPSG32618_10m.manifest.json,20211203,18,32618,32618,1,143,100.0,143/143,0.1,197.0,ok
SAR_Ship_Chip_20211205_UTM12N_EPSG32612_10m.manifest.json,20211205,12,32612,32612,1,4,100.0,4/4,13.65,189.5,ok
SAR_Ship_Chip_20211206_UTM04N_EPSG32604_10m.manifest.json,20211206,4,32604,32604,1,1,100.0,1/1,19.55,247.0,ok
SAR_Ship_Chip_20211206_UTM05N_EPSG32605_10m.manifest.json,20211206,5,32605,32605,1,3,100.0,3/3,6.66,37.0,ok
SAR_Ship_Chip_20211206_UTM10N_EPSG32610_10m.manifest.json,20211206,10,32610,32610,1,134,100.0,134/134,0.03,73.0,ok
SAR_Ship_Chip_20211206_UTM15N_EPSG32615_10m.manifest.json,20211206,15,32615,32615,1,16,100.0,16/16,0.0,109.0,ok
SAR_Ship_Chip_20211206_UTM16N_EPSG32616_10m.manifest.json,20211206,16,32616,32616,1,1,100.0,1/1,0.0,222.0,ok
SAR_Ship_Chip_20211206_UTM17N_EPSG32617_10m.manifest.json,20211206,17,32617,32617,1,319,100.0,319/319,0.0,55.0,ok
SAR_Ship_Chip_20211207_UTM04N_EPSG32604_10m.manifest.json,20211207,4,32604,32604,1,2,100.0,2/2,12.43,127.5,ok
SAR_Ship_Chip_20211208_UTM11N_EPSG32611_10m.manifest.json,20211208,11,32611,32611,1,300,100.0,300/300,0.01,209.0,ok
SAR_Ship_Chip_20211208_UTM15N_EPSG32615_10m.manifest.json,20211208,15,32615,32615,1,103,100.0,103/103,0.0,72.0,ok
SAR_Ship_Chip_20211208_UTM17N_EPSG32617_10m.manifest.json,20211208,17,32617,32617,1,53,100.0,53/53,0.1,144.0,ok
SAR_Ship_Chip_20211208_UTM18N_EPSG32618_10m.manifest.json,20211208,18,32618,32618,1,4,100.0,4/4,11.84,237.0,ok
SAR_Ship_Chip_20211209_UTM05N_EPSG32605_10m.manifest.json,20211209,5,32605,32605,1,4,100.0,4/4,3.82,36.5,ok
SAR_Ship_Chip_20211209_UTM11N_EPSG32611_10m.manifest.json,20211209,11,32611,32611,1,19,100.0,19/19,0.0,69.0,ok
SAR_Ship_Chip_20211209_UTM15N_EPSG32615_10m.manifest.json,20211209,15,32615,32615,1,5,100.0,5/5,0.0,304.0,ok
SAR_Ship_Chip_20211209_UTM16N_EPSG32616_10m.manifest.json,20211209,16,32616,32616,1,71,100.0,71/71,0.0,159.0,ok
SAR_Ship_Chip_20211207_UTM10N_EPSG32610_10m.manifest.json,20211207,10,32610,32610,1,319,100.0,319/319,0.0,110.0,ok
SAR_Ship_Chip_20211207_UTM11N_EPSG32611_10m.manifest.json,20211207,11,32611,32611,1,164,100.0,164/164,0.08,200.0,ok
SAR_Ship_Chip_20211207_UTM15N_EPSG32615_10m.manifest.json,20211207,15,32615,32615,1,107,100.0,107/107,0.0,159.0,ok
SAR_Ship_Chip_20211207_UTM17N_EPSG32617_10m.manifest.json,20211207,17,32617,32617,1,18,100.0,18/18,0.19,204.5,ok
SAR_Ship_Chip_20211207_UTM19N_EPSG32619_10m.manifest.json,20211207,19,32619,32619,1,50,100.0,50/50,0.1,68.0,ok
SAR_Ship_Chip_20211207_UTM20N_EPSG32620_10m.manifest.json,20211207,20,32620,32620,1,46,100.0,46/46,0.03,73.0,ok
SAR_Ship_Chip_20211208_UTM04N_EPSG32604_10m.manifest.json,20211208,4,32604,32604,1,32,100.0,32/32,0.1,43.0,ok
SAR_Ship_Chip_20211208_UTM09N_EPSG32609_10m.manifest.json,20211208,9,32609,32609,1,11,100.0,11/11,8.6,229.0,ok
SAR_Ship_Chip_20211209_UTM17N_EPSG32617_10m.manifest.json,20211209,17,32617,32617,1,12,100.0,12/12,13.8,201.5,ok
SAR_Ship_Chip_20211210_UTM10N_EPSG32610_10m.manifest.json,20211210,10,32610,32610,1,388,100.0,388/388,0.0,138.0,ok
SAR_Ship_Chip_20211210_UTM16N_EPSG32616_10m.manifest.json,20211210,16,32616,32616,1,7,100.0,7/7,0.0,185.0,ok
SAR_Ship_Chip_20211210_UTM18N_EPSG32618_10m.manifest.json,20211210,18,32618,32618,1,140,100.0,140/140,0.1,189.0,ok
SAR_Ship_Chip_20211210_UTM19N_EPSG32619_10m.manifest.json,20211210,19,32619,32619,1,23,100.0,23/23,10.66,142.0,ok
SAR_Ship_Chip_20211211_UTM04N_EPSG32604_10m.manifest.json,20211211,4,32604,32604,1,25,100.0,25/25,0.0,56.0,ok
SAR_Ship_Chip_20211211_UTM10N_EPSG32610_10m.manifest.json,20211211,10,32610,32610,1,86,100.0,86/86,0.1,179.0,ok
SAR_Ship_Chip_20211211_UTM14N_EPSG32614_10m.manifest.json,20211211,14,32614,32614,1,74,100.0,74/74,0.0,112.0,ok
SAR_Ship_Chip_20211211_UTM15N_EPSG32615_10m.manifest.json,20211211,15,32615,32615,1,3,100.0,3/3,0.34,293.0,ok
SAR_Ship_Chip_20211211_UTM16N_EPSG32616_10m.manifest.json,20211211,16,32616,32616,1,23,100.0,23/23,0.0,199.0,ok
SAR_Ship_Chip_20211211_UTM17N_EPSG32617_10m.manifest.json,20211211,17,32617,32617,1,54,100.0,54/54,9.67,179.5,ok
SAR_Ship_Chip_20211212_UTM04N_EPSG32604_10m.manifest.json,20211212,4,32604,32604,1,2,100.0,2/2,0.09,37.0,ok
SAR_Ship_Chip_20211212_UTM05N_EPSG32605_10m.manifest.json,20211212,5,32605,32605,1,3,100.0,3/3,7.03,37.0,ok
SAR_Ship_Chip_20211212_UTM10N_EPSG32610_10m.manifest.json,20211212,10,32610,32610,1,264,100.0,264/264,0.0,180.0,ok
SAR_Ship_Chip_20211212_UTM18N_EPSG32618_10m.manifest.json,20211212,18,32618,32618,1,8,100.0,8/8,0.0,30.0,ok
SAR_Ship_Chip_20211212_UTM19N_EPSG32619_10m.manifest.json,20211212,19,32619,32619,1,133,100.0,133/133,0.0,71.0,ok
SAR_Ship_Chip_20211215_UTM16N_EPSG32616_10m.manifest.json,20211215,16,32616,32616,1,360,100.0,360/360,0.0,95.0,ok
SAR_Ship_Chip_20211215_UTM17N_EPSG32617_10m.manifest.json,20211215,17,32617,32617,1,34,100.0,34/34,0.1,152.0,ok
SAR_Ship_Chip_20211215_UTM18N_EPSG32618_10m.manifest.json,20211215,18,32618,32618,1,104,100.0,104/104,0.0,186.0,ok
SAR_Ship_Chip_20211215_UTM19N_EPSG32619_10m.manifest.json,20211215,19,32619,32619,1,3,100.0,3/3,11.5,224.0,ok
SAR_Ship_Chip_20211216_UTM04N_EPSG32604_10m.manifest.json,20211216,4,32604,32604,1,1,100.0,1/1,11.28,146.0,ok
SAR_Ship_Chip_20211216_UTM05N_EPSG32605_10m.manifest.json,20211216,5,32605,32605,1,1,100.0,1/1,13.38,145.0,ok
SAR_Ship_Chip_20211216_UTM16N_EPSG32616_10m.manifest.json,20211216,16,32616,32616,1,3,100.0,3/3,0.0,103.0,ok
SAR_Ship_Chip_20211216_UTM17N_EPSG32617_10m.manifest.json,20211216,17,32617,32617,1,22,100.0,22/22,13.37,250.0,ok
SAR_Ship_Chip_20211216_UTM20N_EPSG32620_10m.manifest.json,20211216,20,32620,32620,1,6,100.0,6/6,0.15,198.5,ok
SAR_Ship_Chip_20211217_UTM04N_EPSG32604_10m.manifest.json,20211217,4,32604,32604,1,20,100.0,20/20,0.0,51.5,ok
SAR_Ship_Chip_20211217_UTM09N_EPSG32609_10m.manifest.json,20211217,9,32609,32609,1,21,100.0,21/21,8.46,190.0,ok
SAR_Ship_Chip_20211217_UTM10N_EPSG32610_10m.manifest.json,20211217,10,32610,32610,1,89,100.0,89/89,0.1,179.0,ok
SAR_Ship_Chip_20211217_UTM18N_EPSG32618_10m.manifest.json,20211217,18,32618,32618,1,168,100.0,168/168,0.0,63.5,ok
SAR_Ship_Chip_20211217_UTM19N_EPSG32619_10m.manifest.json,20211217,19,32619,32619,1,4,100.0,4/4,12.85,288.0,ok
SAR_Ship_Chip_20211217_UTM20N_EPSG32620_10m.manifest.json,20211217,20,32620,32620,1,66,100.0,66/66,0.17,69.0,ok
SAR_Ship_Chip_20211218_UTM04N_EPSG32604_10m.manifest.json,20211218,4,32604,32604,1,5,100.0,5/5,8.95,36.0,ok
SAR_Ship_Chip_20211212_UTM20N_EPSG32620_10m.manifest.json,20211212,20,32620,32620,1,5,100.0,5/5,0.55,80.0,ok
SAR_Ship_Chip_20211213_UTM09N_EPSG32609_10m.manifest.json,20211213,9,32609,32609,1,1,100.0,1/1,11.0,289.0,ok
SAR_Ship_Chip_20211213_UTM10N_EPSG32610_10m.manifest.json,20211213,10,32610,32610,1,15,100.0,15/15,6.8,247.0,ok
SAR_Ship_Chip_20211213_UTM11N_EPSG32611_10m.manifest.json,20211213,11,32611,32611,1,28,100.0,28/28,0.48,176.0,ok
SAR_Ship_Chip_20211213_UTM14N_EPSG32614_10m.manifest.json,20211213,14,32614,32614,1,5,100.0,5/5,0.0,23.0,ok
SAR_Ship_Chip_20211213_UTM15N_EPSG32615_10m.manifest.json,20211213,15,32615,32615,1,406,100.0,406/406,0.0,179.0,ok
SAR_Ship_Chip_20211213_UTM17N_EPSG32617_10m.manifest.json,20211213,17,32617,32617,1,230,100.0,230/230,0.0,132.0,ok
SAR_Ship_Chip_20211214_UTM04N_EPSG32604_10m.manifest.json,20211214,4,32604,32604,1,25,100.0,25/25,0.03,56.0,ok
SAR_Ship_Chip_20211214_UTM11N_EPSG32611_10m.manifest.json,20211214,11,32611,32611,1,295,100.0,295/295,0.1,221.0,ok
SAR_Ship_Chip_20211214_UTM17N_EPSG32617_10m.manifest.json,20211214,17,32617,32617,1,5,100.0,5/5,12.4,199.0,ok
SAR_Ship_Chip_20211214_UTM19N_EPSG32619_10m.manifest.json,20211214,19,32619,32619,1,7,100.0,7/7,11.2,133.0,ok
SAR_Ship_Chip_20211214_UTM20N_EPSG32620_10m.manifest.json,20211214,20,32620,32620,1,1,100.0,1/1,11.53,183.0,ok
SAR_Ship_Chip_20211215_UTM05N_EPSG32605_10m.manifest.json,20211215,5,32605,32605,1,2,100.0,2/2,6.61,35.0,ok
SAR_Ship_Chip_20211215_UTM09N_EPSG32609_10m.manifest.json,20211215,9,32609,32609,1,4,100.0,4/4,9.16,115.5,ok
SAR_Ship_Chip_20211215_UTM10N_EPSG32610_10m.manifest.json,20211215,10,32610,32610,1,197,100.0,197/197,0.0,175.0,ok
SAR_Ship_Chip_20211215_UTM11N_EPSG32611_10m.manifest.json,20211215,11,32611,32611,1,23,100.0,23/23,0.0,67.0,ok
SAR_Ship_Chip_20211219_UTM11N_EPSG32611_10m.manifest.json,20211219,11,32611,32611,1,141,100.0,141/141,0.05,199.0,ok
SAR_Ship_Chip_20211219_UTM15N_EPSG32615_10m.manifest.json,20211219,15,32615,32615,1,108,100.0,108/108,0.0,146.0,ok
SAR_Ship_Chip_20211219_UTM19N_EPSG32619_10m.manifest.json,20211219,19,32619,32619,1,49,100.0,49/49,0.1,70.0,ok
SAR_Ship_Chip_20211219_UTM20N_EPSG32620_10m.manifest.json,20211219,20,32620,32620,1,65,100.0,65/65,0.2,78.0,ok
SAR_Ship_Chip_20211220_UTM04N_EPSG32604_10m.manifest.json,20211220,4,32604,32604,1,25,100.0,25/25,0.0,47.0,ok
SAR_Ship_Chip_20211220_UTM09N_EPSG32609_10m.manifest.json,20211220,9,32609,32609,1,10,100.0,10/10,1.14,228.0,ok
SAR_Ship_Chip_20211220_UTM11N_EPSG32611_10m.manifest.json,20211220,11,32611,32611,1,306,100.0,306/306,0.1,221.5,ok
SAR_Ship_Chip_20211220_UTM15N_EPSG32615_10m.manifest.json,20211220,15,32615,32615,1,101,100.0,101/101,0.03,62.0,ok
SAR_Ship_Chip_20211220_UTM17N_EPSG32617_10m.manifest.json,20211220,17,32617,32617,1,45,100.0,45/45,0.11,154.0,ok
SAR_Ship_Chip_20211220_UTM18N_EPSG32618_10m.manifest.json,20211220,18,32618,32618,1,1,100.0,1/1,5.6,224.0,ok
SAR_Ship_Chip_20211220_UTM20N_EPSG32620_10m.manifest.json,20211220,20,32620,32620,1,3,100.0,3/3,11.8,95.0,ok
SAR_Ship_Chip_20211221_UTM05N_EPSG32605_10m.manifest.json,20211221,5,32605,32605,1,6,100.0,6/6,2.59,37.0,ok
SAR_Ship_Chip_20211221_UTM11N_EPSG32611_10m.manifest.json,20211221,11,32611,32611,1,53,100.0,53/53,0.31,190.0,ok
SAR_Ship_Chip_20211221_UTM12N_EPSG32612_10m.manifest.json,20211221,12,32612,32612,1,2,100.0,2/2,10.67,235.0,ok
SAR_Ship_Chip_20211221_UTM15N_EPSG32615_10m.manifest.json,20211221,15,32615,32615,1,1,100.0,1/1,0.0,42.0,ok
SAR_Ship_Chip_20211221_UTM16N_EPSG32616_10m.manifest.json,20211221,16,32616,32616,1,50,100.0,50/50,0.0,113.0,ok
SAR_Ship_Chip_20211218_UTM05N_EPSG32605_10m.manifest.json,20211218,5,32605,32605,1,4,100.0,4/4,0.11,37.5,ok
SAR_Ship_Chip_20211218_UTM10N_EPSG32610_10m.manifest.json,20211218,10,32610,32610,1,153,100.0,153/153,0.1,179.0,ok
SAR_Ship_Chip_20211218_UTM14N_EPSG32614_10m.manifest.json,20211218,14,32614,32614,1,1,100.0,1/1,0.0,99.0,ok
SAR_Ship_Chip_20211218_UTM15N_EPSG32615_10m.manifest.json,20211218,15,32615,32615,1,234,100.0,234/234,0.0,178.5,ok
SAR_Ship_Chip_20211218_UTM16N_EPSG32616_10m.manifest.json,20211218,16,32616,32616,1,1,100.0,1/1,0.0,210.0,ok
SAR_Ship_Chip_20211218_UTM17N_EPSG32617_10m.manifest.json,20211218,17,32617,32617,1,282,100.0,282/282,0.0,54.0,ok
SAR_Ship_Chip_20211219_UTM04N_EPSG32604_10m.manifest.json,20211219,4,32604,32604,1,5,100.0,5/5,4.18,142.0,ok
SAR_Ship_Chip_20211219_UTM10N_EPSG32610_10m.manifest.json,20211219,10,32610,32610,1,334,100.0,334/334,0.0,110.5,ok
SAR_Ship_Chip_20211221_UTM17N_EPSG32617_10m.manifest.json,20211221,17,32617,32617,1,6,100.0,6/6,9.65,188.5,ok
SAR_Ship_Chip_20211222_UTM04N_EPSG32604_10m.manifest.json,20211222,4,32604,32604,1,1,100.0,1/1,0.1,37.0,ok
SAR_Ship_Chip_20211222_UTM10N_EPSG32610_10m.manifest.json,20211222,10,32610,32610,1,389,100.0,389/389,0.0,110.0,ok
SAR_Ship_Chip_20211222_UTM11N_EPSG32611_10m.manifest.json,20211222,11,32611,32611,1,17,100.0,17/17,13.3,228.0,ok
SAR_Ship_Chip_20211222_UTM16N_EPSG32616_10m.manifest.json,20211222,16,32616,32616,1,12,100.0,12/12,0.0,214.5,ok
SAR_Ship_Chip_20211222_UTM18N_EPSG32618_10m.manifest.json,20211222,18,32618,32618,1,140,100.0,140/140,0.01,188.5,ok
SAR_Ship_Chip_20211222_UTM19N_EPSG32619_10m.manifest.json,20211222,19,32619,32619,1,23,100.0,23/23,12.93,182.0,ok
SAR_Ship_Chip_20211223_UTM04N_EPSG32604_10m.manifest.json,20211223,4,32604,32604,1,30,100.0,30/30,0.01,43.5,ok
SAR_Ship_Chip_20211223_UTM10N_EPSG32610_10m.manifest.json,20211223,10,32610,32610,1,72,100.0,72/72,0.3,178.0,ok
SAR_Ship_Chip_20211223_UTM14N_EPSG32614_10m.manifest.json,20211223,14,32614,32614,1,70,100.0,70/70,0.0,149.0,ok
SAR_Ship_Chip_20211223_UTM16N_EPSG32616_10m.manifest.json,20211223,16,32616,32616,1,31,100.0,31/31,0.1,202.0,ok
SAR_Ship_Chip_20211223_UTM17N_EPSG32617_10m.manifest.json,20211223,17,32617,32617,1,47,100.0,47/47,3.1,178.0,ok
SAR_Ship_Chip_20211223_UTM18N_EPSG32618_10m.manifest.json,20211223,18,32618,32618,1,1,100.0,1/1,0.0,84.0,ok
SAR_Ship_Chip_20211224_UTM04N_EPSG32604_10m.manifest.json,20211224,4,32604,32604,1,3,100.0,3/3,0.0,37.0,ok
SAR_Ship_Chip_20211224_UTM20N_EPSG32620_10m.manifest.json,20211224,20,32620,32620,1,10,100.0,10/10,8.31,93.5,ok
SAR_Ship_Chip_20211225_UTM10N_EPSG32610_10m.manifest.json,20211225,10,32610,32610,1,10,100.0,10/10,1.56,212.5,ok
SAR_Ship_Chip_20211225_UTM11N_EPSG32611_10m.manifest.json,20211225,11,32611,32611,1,10,100.0,10/10,0.09,136.0,ok
SAR_Ship_Chip_20211225_UTM14N_EPSG32614_10m.manifest.json,20211225,14,32614,32614,1,19,100.0,19/19,1.58,183.0,ok
SAR_Ship_Chip_20211225_UTM15N_EPSG32615_10m.manifest.json,20211225,15,32615,32615,1,102,100.0,102/102,0.0,151.5,ok
SAR_Ship_Chip_20211225_UTM17N_EPSG32617_10m.manifest.json,20211225,17,32617,32617,1,198,100.0,198/198,0.05,161.0,ok
SAR_Ship_Chip_20211226_UTM04N_EPSG32604_10m.manifest.json,20211226,4,32604,32604,1,28,100.0,28/28,0.0,43.5,ok
SAR_Ship_Chip_20211226_UTM16N_EPSG32616_10m.manifest.json,20211226,16,32616,32616,1,1,100.0,1/1,0.0,333.0,ok
SAR_Ship_Chip_20211226_UTM17N_EPSG32617_10m.manifest.json,20211226,17,32617,32617,1,7,100.0,7/7,10.1,200.0,ok
SAR_Ship_Chip_20211226_UTM19N_EPSG32619_10m.manifest.json,20211226,19,32619,32619,1,7,100.0,7/7,11.83,53.0,ok
SAR_Ship_Chip_20211226_UTM20N_EPSG32620_10m.manifest.json,20211226,20,32620,32620,1,8,100.0,8/8,12.88,183.0,ok
SAR_Ship_Chip_20211227_UTM11N_EPSG32611_10m.manifest.json,20211227,11,32611,32611,1,25,100.0,25/25,0.0,79.0,ok
SAR_Ship_Chip_20211227_UTM16N_EPSG32616_10m.manifest.json,20211227,16,32616,32616,1,386,100.0,386/386,0.0,95.0,ok
SAR_Ship_Chip_20211227_UTM17N_EPSG32617_10m.manifest.json,20211227,17,32617,32617,1,22,100.0,22/22,0.11,139.5,ok
SAR_Ship_Chip_20211227_UTM18N_EPSG32618_10m.manifest.json,20211227,18,32618,32618,1,129,100.0,129/129,0.0,189.0,ok
SAR_Ship_Chip_20211228_UTM10N_EPSG32610_10m.manifest.json,20211228,10,32610,32610,1,171,100.0,171/171,0.0,171.0,ok
SAR_Ship_Chip_20211228_UTM16N_EPSG32616_10m.manifest.json,20211228,16,32616,32616,1,7,100.0,7/7,0.05,89.0,ok
SAR_Ship_Chip_20211228_UTM17N_EPSG32617_10m.manifest.json,20211228,17,32617,32617,1,33,100.0,33/33,9.6,220.0,ok
SAR_Ship_Chip_20211229_UTM04N_EPSG32604_10m.manifest.json,20211229,4,32604,32604,1,25,100.0,25/25,0.0,47.0,ok
SAR_Ship_Chip_20211229_UTM18N_EPSG32618_10m.manifest.json,20211229,18,32618,32618,1,165,100.0,165/165,0.0,49.0,ok
SAR_Ship_Chip_20211229_UTM19N_EPSG32619_10m.manifest.json,20211229,19,32619,32619,1,10,100.0,10/10,10.11,223.5,ok
SAR_Ship_Chip_20211229_UTM20N_EPSG32620_10m.manifest.json,20211229,20,32620,32620,1,70,100.0,70/70,0.16,85.5,ok
SAR_Ship_Chip_20211230_UTM10N_EPSG32610_10m.manifest.json,20211230,10,32610,32610,1,172,100.0,172/172,0.02,179.0,ok
SAR_Ship_Chip_20211230_UTM15N_EPSG32615_10m.manifest.json,20211230,15,32615,32615,1,294,100.0,294/294,0.02,160.0,ok
SAR_Ship_Chip_20211230_UTM16N_EPSG32616_10m.manifest.json,20211230,16,32616,32616,1,1,100.0,1/1,10.3,210.0,ok
SAR_Ship_Chip_20211230_UTM17N_EPSG32617_10m.manifest.json,20211230,17,32617,32617,1,245,100.0,245/245,0.0,60.0,ok
SAR_Ship_Chip_20220102_UTM17N_EPSG32617_10m.manifest.json,20220102,17,32617,32617,1,11,100.0,11/11,12.8,176.0,ok
SAR_Ship_Chip_20220102_UTM19N_EPSG32619_10m.manifest.json,20220102,19,32619,32619,1,1,100.0,1/1,0.0,39.0,ok
SAR_Ship_Chip_20220103_UTM11N_EPSG32611_10m.manifest.json,20220103,11,32611,32611,1,2,100.0,2/2,11.33,252.0,ok
SAR_Ship_Chip_20220103_UTM18N_EPSG32618_10m.manifest.json,20220103,18,32618,32618,1,136,100.0,136/136,0.02,180.0,ok
SAR_Ship_Chip_20220103_UTM19N_EPSG32619_10m.manifest.json,20220103,19,32619,32619,1,23,100.0,23/23,12.2,192.0,ok
SAR_Ship_Chip_20220104_UTM10N_EPSG32610_10m.manifest.json,20220104,10,32610,32610,1,86,100.0,86/86,0.04,179.0,ok
SAR_Ship_Chip_20220104_UTM14N_EPSG32614_10m.manifest.json,20220104,14,32614,32614,1,67,100.0,67/67,0.0,64.0,ok
SAR_Ship_Chip_20220104_UTM16N_EPSG32616_10m.manifest.json,20220104,16,32616,32616,1,22,100.0,22/22,0.0,146.0,ok
SAR_Ship_Chip_20211231_UTM16N_EPSG32616_10m.manifest.json,20211231,16,32616,32616,1,2,100.0,2/2,13.86,220.0,ok
SAR_Ship_Chip_20211231_UTM19N_EPSG32619_10m.manifest.json,20211231,19,32619,32619,1,53,100.0,53/53,0.1,53.0,ok
SAR_Ship_Chip_20211231_UTM20N_EPSG32620_10m.manifest.json,20211231,20,32620,32620,1,49,100.0,49/49,0.13,90.0,ok
SAR_Ship_Chip_20220101_UTM11N_EPSG32611_10m.manifest.json,20220101,11,32611,32611,1,277,100.0,277/277,0.08,210.0,ok
SAR_Ship_Chip_20220101_UTM15N_EPSG32615_10m.manifest.json,20220101,15,32615,32615,1,123,100.0,123/123,0.07,86.0,ok
SAR_Ship_Chip_20220101_UTM17N_EPSG32617_10m.manifest.json,20220101,17,32617,32617,1,35,100.0,35/35,0.1,220.0,ok
SAR_Ship_Chip_20220102_UTM05N_EPSG32605_10m.manifest.json,20220102,5,32605,32605,1,2,100.0,2/2,4.52,37.5,ok
SAR_Ship_Chip_20220102_UTM16N_EPSG32616_10m.manifest.json,20220102,16,32616,32616,1,65,100.0,65/65,0.0,108.0,ok
SAR_Ship_Chip_20220104_UTM17N_EPSG32617_10m.manifest.json,20220104,17,32617,32617,1,45,100.0,45/45,0.31,85.0,ok
SAR_Ship_Chip_20220105_UTM04N_EPSG32604_10m.manifest.json,20220105,4,32604,32604,1,3,100.0,3/3,0.43,37.0,ok
SAR_Ship_Chip_20220105_UTM05N_EPSG32605_10m.manifest.json,20220105,5,32605,32605,1,4,100.0,4/4,3.17,34.5,ok
SAR_Ship_Chip_20220105_UTM18N_EPSG32618_10m.manifest.json,20220105,18,32618,32618,1,14,100.0,14/14,0.0,38.0,ok
SAR_Ship_Chip_20220105_UTM19N_EPSG32619_10m.manifest.json,20220105,19,32619,32619,1,67,100.0,67/67,0.0,77.0,ok
SAR_Ship_Chip_20220105_UTM20N_EPSG32620_10m.manifest.json,20220105,20,32620,32620,1,15,100.0,15/15,0.4,90.0,ok
SAR_Ship_Chip_20220106_UTM10N_EPSG32610_10m.manifest.json,20220106,10,32610,32610,1,17,100.0,17/17,7.87,200.0,ok
SAR_Ship_Chip_20220106_UTM11N_EPSG32611_10m.manifest.json,20220106,11,32611,32611,1,119,100.0,119/119,0.0,204.0,ok
SAR_Ship_Chip_20220106_UTM14N_EPSG32614_10m.manifest.json,20220106,14,32614,32614,1,7,100.0,7/7,0.0,189.0,ok
SAR_Ship_Chip_20220106_UTM15N_EPSG32615_10m.manifest.json,20220106,15,32615,32615,1,392,100.0,392/392,0.0,179.0,ok
SAR_Ship_Chip_20220106_UTM17N_EPSG32617_10m.manifest.json,20220106,17,32617,32617,1,197,100.0,197/197,0.06,130.0,ok
SAR_Ship_Chip_20220107_UTM04N_EPSG32604_10m.manifest.json,20220107,4,32604,32604,1,26,100.0,26/26,0.01,65.5,ok
SAR_Ship_Chip_20220107_UTM17N_EPSG32617_10m.manifest.json,20220107,17,32617,32617,1,9,100.0,9/9,14.4,190.0,ok
SAR_Ship_Chip_20220107_UTM19N_EPSG32619_10m.manifest.json,20220107,19,32619,32619,1,5,100.0,5/5,0.28,42.0,ok
SAR_Ship_Chip_20220108_UTM16N_EPSG32616_10m.manifest.json,20220108,16,32616,32616,1,372,100.0,372/372,0.0,96.5,ok
SAR_Ship_Chip_20220108_UTM17N_EPSG32617_10m.manifest.json,20220108,17,32617,32617,1,1,100.0,1/1,0.0,225.0,ok
SAR_Ship_Chip_20220108_UTM18N_EPSG32618_10m.manifest.json,20220108,18,32618,32618,1,129,100.0,129/129,0.0,193.0,ok
SAR_Ship_Chip_20220109_UTM10N_EPSG32610_10m.manifest.json,20220109,10,32610,32610,1,87,100.0,87/87,0.0,179.0,ok
SAR_Ship_Chip_20220109_UTM16N_EPSG32616_10m.manifest.json,20220109,16,32616,32616,1,5,100.0,5/5,0.0,89.0,ok
SAR_Ship_Chip_20220109_UTM17N_EPSG32617_10m.manifest.json,20220109,17,32617,32617,1,12,100.0,12/12,11.1,194.0,ok
SAR_Ship_Chip_20220110_UTM04N_EPSG32604_10m.manifest.json,20220110,4,32604,32604,1,31,100.0,31/31,0.0,56.0,ok
SAR_Ship_Chip_20220110_UTM12N_EPSG32612_10m.manifest.json,20220110,12,32612,32612,1,2,100.0,2/2,16.7,275.5,ok
SAR_Ship_Chip_20220110_UTM18N_EPSG32618_10m.manifest.json,20220110,18,32618,32618,1,158,100.0,158/158,0.08,52.0,ok
SAR_Ship_Chip_20220110_UTM19N_EPSG32619_10m.manifest.json,20220110,19,32619,32619,1,4,100.0,4/4,15.46,211.0,ok
SAR_Ship_Chip_20220110_UTM20N_EPSG32620_10m.manifest.json,20220110,20,32620,32620,1,47,100.0,47/47,0.18,75.0,ok
SAR_Ship_Chip_20220111_UTM10N_EPSG32610_10m.manifest.json,20220111,10,32610,32610,1,145,100.0,145/145,0.0,179.0,ok
SAR_Ship_Chip_20220111_UTM15N_EPSG32615_10m.manifest.json,20220111,15,32615,32615,1,196,100.0,196/196,0.0,161.0,ok
SAR_Ship_Chip_20220111_UTM17N_EPSG32617_10m.manifest.json,20220111,17,32617,32617,1,279,100.0,279/279,0.0,58.0,ok
SAR_Ship_Chip_20220112_UTM04N_EPSG32604_10m.manifest.json,20220112,4,32604,32604,1,1,100.0,1/1,14.76,183.0,ok
SAR_Ship_Chip_20220112_UTM05N_EPSG32605_10m.manifest.json,20220112,5,32605,32605,1,1,100.0,1/1,14.67,280.0,ok
SAR_Ship_Chip_20220112_UTM19N_EPSG32619_10m.manifest.json,20220112,19,32619,32619,1,36,100.0,36/36,0.08,69.0,ok
SAR_Ship_Chip_20220112_UTM20N_EPSG32620_10m.manifest.json,20220112,20,32620,32620,1,52,100.0,52/52,0.0,95.0,ok
SAR_Ship_Chip_20220113_UTM11N_EPSG32611_10m.manifest.json,20220113,11,32611,32611,1,96,100.0,96/96,0.0,199.0,ok
SAR_Ship_Chip_20220114_UTM05N_EPSG32605_10m.manifest.json,20220114,5,32605,32605,1,5,100.0,5/5,4.36,37.0,ok
SAR_Ship_Chip_20220114_UTM16N_EPSG32616_10m.manifest.json,20220114,16,32616,32616,1,44,100.0,44/44,0.0,108.0,ok
SAR_Ship_Chip_20220114_UTM17N_EPSG32617_10m.manifest.json,20220114,17,32617,32617,1,3,100.0,3/3,11.6,180.0,ok
SAR_Ship_Chip_20220114_UTM19N_EPSG32619_10m.manifest.json,20220114,19,32619,32619,1,1,100.0,1/1,18.78,295.0,ok
SAR_Ship_Chip_20220115_UTM04N_EPSG32604_10m.manifest.json,20220115,4,32604,32604,1,1,100.0,1/1,0.42,143.0,ok
SAR_Ship_Chip_20220115_UTM11N_EPSG32611_10m.manifest.json,20220115,11,32611,32611,1,4,100.0,4/4,5.5,271.0,ok
SAR_Ship_Chip_20220115_UTM18N_EPSG32618_10m.manifest.json,20220115,18,32618,32618,1,139,100.0,139/139,0.02,189.0,ok
SAR_Ship_Chip_20220115_UTM19N_EPSG32619_10m.manifest.json,20220115,19,32619,32619,1,22,100.0,22/22,12.84,184.5,ok
SAR_Ship_Chip_20220116_UTM10N_EPSG32610_10m.manifest.json,20220116,10,32610,32610,1,90,100.0,90/90,0.1,183.0,ok
SAR_Ship_Chip_20220116_UTM14N_EPSG32614_10m.manifest.json,20220116,14,32614,32614,1,61,100.0,61/61,0.0,64.0,ok
SAR_Ship_Chip_20220116_UTM16N_EPSG32616_10m.manifest.json,20220116,16,32616,32616,1,20,100.0,20/20,8.52,206.0,ok
SAR_Ship_Chip_20220116_UTM17N_EPSG32617_10m.manifest.json,20220116,17,32617,32617,1,42,100.0,42/42,0.01,72.5,ok
SAR_Ship_Chip_20220117_UTM04N_EPSG32604_10m.manifest.json,20220117,4,32604,32604,1,2,100.0,2/2,9.98,221.5,ok
SAR_Ship_Chip_20220117_UTM05N_EPSG32605_10m.manifest.json,20220117,5,32605,32605,1,2,100.0,2/2,8.29,165.0,ok
SAR_Ship_Chip_20220117_UTM19N_EPSG32619_10m.manifest.json,20220117,19,32619,32619,1,35,100.0,35/35,0.0,138.0,ok
SAR_Ship_Chip_20220120_UTM17N_EPSG32617_10m.manifest.json,20220120,17,32617,32617,1,7,100.0,7/7,0.0,44.0,ok
SAR_Ship_Chip_20220120_UTM18N_EPSG32618_10m.manifest.json,20220120,18,32618,32618,1,128,100.0,128/128,0.03,187.5,ok
SAR_Ship_Chip_20220121_UTM10N_EPSG32610_10m.manifest.json,20220121,10,32610,32610,1,90,100.0,90/90,0.01,177.5,ok
SAR_Ship_Chip_20220121_UTM16N_EPSG32616_10m.manifest.json,20220121,16,32616,32616,1,5,100.0,5/5,0.05,99.0,ok
SAR_Ship_Chip_20220121_UTM17N_EPSG32617_10m.manifest.json,20220121,17,32617,32617,1,22,100.0,22/22,11.4,223.5,ok
SAR_Ship_Chip_20220122_UTM04N_EPSG32604_10m.manifest.json,20220122,4,32604,32604,1,27,100.0,27/27,0.0,47.0,ok
SAR_Ship_Chip_20220122_UTM18N_EPSG32618_10m.manifest.json,20220122,18,32618,32618,1,157,100.0,157/157,0.05,53.0,ok
SAR_Ship_Chip_20220122_UTM19N_EPSG32619_10m.manifest.json,20220122,19,32619,32619,1,3,100.0,3/3,13.16,316.0,ok
SAR_Ship_Chip_20220117_UTM20N_EPSG32620_10m.manifest.json,20220117,20,32620,32620,1,10,100.0,10/10,5.6,168.5,ok
SAR_Ship_Chip_20220118_UTM11N_EPSG32611_10m.manifest.json,20220118,11,32611,32611,1,115,100.0,115/115,0.04,196.0,ok
SAR_Ship_Chip_20220118_UTM15N_EPSG32615_10m.manifest.json,20220118,15,32615,32615,1,313,100.0,313/313,0.0,182.0,ok
SAR_Ship_Chip_20220119_UTM04N_EPSG32604_10m.manifest.json,20220119,4,32604,32604,1,30,100.0,30/30,0.09,59.5,ok
SAR_Ship_Chip_20220119_UTM19N_EPSG32619_10m.manifest.json,20220119,19,32619,32619,1,5,100.0,5/5,0.17,53.0,ok
SAR_Ship_Chip_20220119_UTM20N_EPSG32620_10m.manifest.json,20220119,20,32620,32620,1,2,100.0,2/2,6.18,272.5,ok
SAR_Ship_Chip_20220120_UTM11N_EPSG32611_10m.manifest.json,20220120,11,32611,32611,1,18,100.0,18/18,0.65,180.5,ok
SAR_Ship_Chip_20220120_UTM16N_EPSG32616_10m.manifest.json,20220120,16,32616,32616,1,297,100.0,297/297,0.0,95.0,ok
SAR_Ship_Chip_20220122_UTM20N_EPSG32620_10m.manifest.json,20220122,20,32620,32620,1,52,100.0,52/52,0.1,105.0,ok
SAR_Ship_Chip_20220123_UTM10N_EPSG32610_10m.manifest.json,20220123,10,32610,32610,1,148,100.0,148/148,0.0,179.5,ok
SAR_Ship_Chip_20220123_UTM15N_EPSG32615_10m.manifest.json,20220123,15,32615,32615,1,206,100.0,206/206,0.0,164.0,ok
SAR_Ship_Chip_20220123_UTM17N_EPSG32617_10m.manifest.json,20220123,17,32617,32617,1,306,100.0,306/306,0.0,59.0,ok
SAR_Ship_Chip_20220124_UTM04N_EPSG32604_10m.manifest.json,20220124,4,32604,32604,1,3,100.0,3/3,12.27,143.0,ok
SAR_Ship_Chip_20220124_UTM19N_EPSG32619_10m.manifest.json,20220124,19,32619,32619,1,44,100.0,44/44,0.14,71.0,ok
SAR_Ship_Chip_20220124_UTM20N_EPSG32620_10m.manifest.json,20220124,20,32620,32620,1,42,100.0,42/42,0.05,77.5,ok
SAR_Ship_Chip_20220125_UTM11N_EPSG32611_10m.manifest.json,20220125,11,32611,32611,1,90,100.0,90/90,0.0,199.5,ok
SAR_Ship_Chip_20220125_UTM15N_EPSG32615_10m.manifest.json,20220125,15,32615,32615,1,89,100.0,89/89,0.0,67.0,ok
SAR_Ship_Chip_20220125_UTM17N_EPSG32617_10m.manifest.json,20220125,17,32617,32617,1,34,100.0,34/34,0.05,179.5,ok
SAR_Ship_Chip_20220125_UTM18N_EPSG32618_10m.manifest.json,20220125,18,32618,32618,1,2,100.0,2/2,11.25,269.0,ok
SAR_Ship_Chip_20220126_UTM05N_EPSG32605_10m.manifest.json,20220126,5,32605,32605,1,5,100.0,5/5,7.99,120.0,ok
SAR_Ship_Chip_20220126_UTM16N_EPSG32616_10m.manifest.json,20220126,16,32616,32616,1,48,100.0,48/48,0.0,159.5,ok
SAR_Ship_Chip_20220126_UTM17N_EPSG32617_10m.manifest.json,20220126,17,32617,32617,1,11,100.0,11/11,13.2,195.0,ok
SAR_Ship_Chip_20220127_UTM11N_EPSG32611_10m.manifest.json,20220127,11,32611,32611,1,13,100.0,13/13,12.1,199.0,ok
SAR_Ship_Chip_20220127_UTM18N_EPSG32618_10m.manifest.json,20220127,18,32618,32618,1,153,100.0,153/153,0.04,193.0,ok
SAR_Ship_Chip_20220127_UTM19N_EPSG32619_10m.manifest.json,20220127,19,32619,32619,1,18,100.0,18/18,12.45,189.0,ok
SAR_Ship_Chip_20220128_UTM10N_EPSG32610_10m.manifest.json,20220128,10,32610,32610,1,106,100.0,106/106,0.2,181.5,ok
SAR_Ship_Chip_20220128_UTM14N_EPSG32614_10m.manifest.json,20220128,14,32614,32614,1,64,100.0,64/64,0.0,135.0,ok
SAR_Ship_Chip_20220128_UTM16N_EPSG32616_10m.manifest.json,20220128,16,32616,32616,1,10,100.0,10/10,0.0,35.0,ok
SAR_Ship_Chip_20220128_UTM17N_EPSG32617_10m.manifest.json,20220128,17,32617,32617,1,61,100.0,61/61,0.0,147.0,ok
SAR_Ship_Chip_20220128_UTM18N_EPSG32618_10m.manifest.json,20220128,18,32618,32618,1,1,100.0,1/1,14.2,306.0,ok
SAR_Ship_Chip_20220129_UTM04N_EPSG32604_10m.manifest.json,20220129,4,32604,32604,1,1,100.0,1/1,7.08,30.0,ok
SAR_Ship_Chip_20220129_UTM05N_EPSG32605_10m.manifest.json,20220129,5,32605,32605,1,1,100.0,1/1,0.0,37.0,ok
SAR_Ship_Chip_20220129_UTM12N_EPSG32612_10m.manifest.json,20220129,12,32612,32612,1,1,100.0,1/1,15.4,182.0,ok
SAR_Ship_Chip_20220129_UTM18N_EPSG32618_10m.manifest.json,20220129,18,32618,32618,1,11,100.0,11/11,0.05,131.0,ok
SAR_Ship_Chip_20220129_UTM19N_EPSG32619_10m.manifest.json,20220129,19,32619,32619,1,52,100.0,52/52,0.08,81.5,ok
SAR_Ship_Chip_20220129_UTM20N_EPSG32620_10m.manifest.json,20220129,20,32620,32620,1,2,100.0,2/2,12.65,136.5,ok
SAR_Ship_Chip_20220130_UTM10N_EPSG32610_10m.manifest.json,20220130,10,32610,32610,1,16,100.0,16/16,10.45,290.5,ok
SAR_Ship_Chip_20220130_UTM11N_EPSG32611_10m.manifest.json,20220130,11,32611,32611,1,115,100.0,115/115,0.0,199.0,ok
SAR_Ship_Chip_20220130_UTM14N_EPSG32614_10m.manifest.json,20220130,14,32614,32614,1,2,100.0,2/2,2.95,183.5,ok
SAR_Ship_Chip_20220130_UTM15N_EPSG32615_10m.manifest.json,20220130,15,32615,32615,1,389,100.0,389/389,0.0,158.0,ok
SAR_Ship_Chip_20220130_UTM17N_EPSG32617_10m.manifest.json,20220130,17,32617,32617,1,81,100.0,81/81,7.28,166.0,ok
SAR_Ship_Chip_20220131_UTM04N_EPSG32604_10m.manifest.json,20220131,4,32604,32604,1,20,100.0,20/20,0.0,39.5,ok
SAR_Ship_Chip_20220131_UTM17N_EPSG32617_10m.manifest.json,20220131,17,32617,32617,1,6,100.0,6/6,14.4,187.0,ok
SAR_Ship_Chip_20220131_UTM19N_EPSG32619_10m.manifest.json,20220131,19,32619,32619,1,6,100.0,6/6,5.86,117.5,ok
SAR_Ship_Chip_20220131_UTM20N_EPSG32620_10m.manifest.json,20220131,20,32620,32620,1,4,100.0,4/4,7.13,109.0,ok
SAR_Ship_Chip_20220201_UTM11N_EPSG32611_10m.manifest.json,20220201,11,32611,32611,1,23,100.0,23/23,0.09,186.0,ok
SAR_Ship_Chip_20220201_UTM16N_EPSG32616_10m.manifest.json,20220201,16,32616,32616,1,329,100.0,329/329,0.0,97.0,ok
SAR_Ship_Chip_20220201_UTM17N_EPSG32617_10m.manifest.json,20220201,17,32617,32617,1,9,100.0,9/9,0.0,36.0,ok
SAR_Ship_Chip_20220201_UTM18N_EPSG32618_10m.manifest.json,20220201,18,32618,32618,1,134,100.0,134/134,0.04,187.5,ok
SAR_Ship_Chip_20220202_UTM10N_EPSG32610_10m.manifest.json,20220202,10,32610,32610,1,78,100.0,78/78,0.0,180.0,ok
SAR_Ship_Chip_20220202_UTM16N_EPSG32616_10m.manifest.json,20220202,16,32616,32616,1,11,100.0,11/11,0.09,89.0,ok
SAR_Ship_Chip_20220202_UTM17N_EPSG32617_10m.manifest.json,20220202,17,32617,32617,1,14,100.0,14/14,10.81,244.0,ok
SAR_Ship_Chip_20220202_UTM20N_EPSG32620_10m.manifest.json,20220202,20,32620,32620,1,2,100.0,2/2,0.6,224.5,ok
SAR_Ship_Chip_20220203_UTM04N_EPSG32604_10m.manifest.json,20220203,4,32604,32604,1,21,100.0,21/21,0.0,40.0,ok
SAR_Ship_Chip_20220203_UTM18N_EPSG32618_10m.manifest.json,20220203,18,32618,32618,1,159,100.0,159/159,0.01,65.0,ok
SAR_Ship_Chip_20220203_UTM19N_EPSG32619_10m.manifest.json,20220203,19,32619,32619,1,7,100.0,7/7,12.18,193.0,ok
SAR_Ship_Chip_20220206_UTM15N_EPSG32615_10m.manifest.json,20220206,15,32615,32615,1,87,100.0,87/87,0.0,82.0,ok
SAR_Ship_Chip_20220206_UTM17N_EPSG32617_10m.manifest.json,20220206,17,32617,32617,1,24,100.0,24/24,0.04,66.5,ok
SAR_Ship_Chip_20220207_UTM16N_EPSG32616_10m.manifest.json,20220207,16,32616,32616,1,58,100.0,58/58,0.0,173.0,ok
SAR_Ship_Chip_20220207_UTM17N_EPSG32617_10m.manifest.json,20220207,17,32617,32617,1,7,100.0,7/7,13.6,190.0,ok
SAR_Ship_Chip_20220208_UTM04N_EPSG32604_10m.manifest.json,20220208,4,32604,32604,1,2,100.0,2/2,13.26,189.0,ok
SAR_Ship_Chip_20220208_UTM18N_EPSG32618_10m.manifest.json,20220208,18,32618,32618,1,153,100.0,153/153,0.01,197.0,ok
SAR_Ship_Chip_20220208_UTM19N_EPSG32619_10m.manifest.json,20220208,19,32619,32619,1,16,100.0,16/16,13.2,184.5,ok
SAR_Ship_Chip_20220209_UTM10N_EPSG32610_10m.manifest.json,20220209,10,32610,32610,1,73,100.0,73/73,1.33,189.0,ok
SAR_Ship_Chip_20220209_UTM14N_EPSG32614_10m.manifest.json,20220209,14,32614,32614,1,71,100.0,71/71,0.0,125.0,ok
SAR_Ship_Chip_20220209_UTM16N_EPSG32616_10m.manifest.json,20220209,16,32616,32616,1,7,100.0,7/7,0.0,34.0,ok
SAR_Ship_Chip_20220209_UTM17N_EPSG32617_10m.manifest.json,20220209,17,32617,32617,1,38,100.0,38/38,12.04,179.5,ok
SAR_Ship_Chip_20220210_UTM04N_EPSG32604_10m.manifest.json,20220210,4,32604,32604,1,3,100.0,3/3,7.9,38.0,ok
SAR_Ship_Chip_20220210_UTM05N_EPSG32605_10m.manifest.json,20220210,5,32605,32605,1,2,100.0,2/2,6.63,33.5,ok
SAR_Ship_Chip_20220210_UTM19N_EPSG32619_10m.manifest.json,20220210,19,32619,32619,1,34,100.0,34/34,3.41,148.0,ok
SAR_Ship_Chip_20220210_UTM20N_EPSG32620_10m.manifest.json,20220210,20,32620,32620,1,16,100.0,16/16,2.82,97.5,ok
SAR_Ship_Chip_20220211_UTM10N_EPSG32610_10m.manifest.json,20220211,10,32610,32610,1,10,100.0,10/10,10.85,270.5,ok
SAR_Ship_Chip_20220203_UTM20N_EPSG32620_10m.manifest.json,20220203,20,32620,32620,1,59,100.0,59/59,0.08,65.0,ok
SAR_Ship_Chip_20220204_UTM10N_EPSG32610_10m.manifest.json,20220204,10,32610,32610,1,168,100.0,168/168,0.0,183.0,ok
SAR_Ship_Chip_20220204_UTM15N_EPSG32615_10m.manifest.json,20220204,15,32615,32615,1,208,100.0,208/208,0.0,160.0,ok
SAR_Ship_Chip_20220204_UTM17N_EPSG32617_10m.manifest.json,20220204,17,32617,32617,1,302,100.0,302/302,0.0,55.5,ok
SAR_Ship_Chip_20220205_UTM04N_EPSG32604_10m.manifest.json,20220205,4,32604,32604,1,3,100.0,3/3,6.1,185.0,ok
SAR_Ship_Chip_20220205_UTM19N_EPSG32619_10m.manifest.json,20220205,19,32619,32619,1,39,100.0,39/39,0.1,70.0,ok
SAR_Ship_Chip_20220205_UTM20N_EPSG32620_10m.manifest.json,20220205,20,32620,32620,1,48,100.0,48/48,0.1,84.5,ok
SAR_Ship_Chip_20220206_UTM11N_EPSG32611_10m.manifest.json,20220206,11,32611,32611,1,121,100.0,121/121,0.0,200.0,ok
SAR_Ship_Chip_20220213_UTM16N_EPSG32616_10m.manifest.json,20220213,16,32616,32616,1,355,100.0,355/355,0.0,95.0,ok
SAR_Ship_Chip_20220213_UTM17N_EPSG32617_10m.manifest.json,20220213,17,32617,32617,1,8,100.0,8/8,0.0,39.0,ok
SAR_Ship_Chip_20220213_UTM18N_EPSG32618_10m.manifest.json,20220213,18,32618,32618,1,113,100.0,113/113,0.0,190.0,ok
SAR_Ship_Chip_20220213_UTM19N_EPSG32619_10m.manifest.json,20220213,19,32619,32619,1,3,100.0,3/3,6.36,293.0,ok
SAR_Ship_Chip_20220214_UTM10N_EPSG32610_10m.manifest.json,20220214,10,32610,32610,1,75,100.0,75/75,0.0,180.0,ok
SAR_Ship_Chip_20220214_UTM16N_EPSG32616_10m.manifest.json,20220214,16,32616,32616,1,7,100.0,7/7,0.08,92.0,ok
SAR_Ship_Chip_20220214_UTM17N_EPSG32617_10m.manifest.json,20220214,17,32617,32617,1,25,100.0,25/25,12.9,183.0,ok
SAR_Ship_Chip_20220215_UTM04N_EPSG32604_10m.manifest.json,20220215,4,32604,32604,1,30,100.0,30/30,0.0,59.5,ok
SAR_Ship_Chip_20220211_UTM11N_EPSG32611_10m.manifest.json,20220211,11,32611,32611,1,112,100.0,112/112,0.0,194.0,ok
SAR_Ship_Chip_20220211_UTM14N_EPSG32614_10m.manifest.json,20220211,14,32614,32614,1,4,100.0,4/4,4.6,107.0,ok
SAR_Ship_Chip_20220211_UTM15N_EPSG32615_10m.manifest.json,20220211,15,32615,32615,1,393,100.0,393/393,0.0,182.0,ok
SAR_Ship_Chip_20220211_UTM17N_EPSG32617_10m.manifest.json,20220211,17,32617,32617,1,203,100.0,203/203,0.0,146.0,ok
SAR_Ship_Chip_20220212_UTM04N_EPSG32604_10m.manifest.json,20220212,4,32604,32604,1,27,100.0,27/27,0.0,47.0,ok
SAR_Ship_Chip_20220212_UTM17N_EPSG32617_10m.manifest.json,20220212,17,32617,32617,1,9,100.0,9/9,14.3,183.0,ok
SAR_Ship_Chip_20220212_UTM19N_EPSG32619_10m.manifest.json,20220212,19,32619,32619,1,8,100.0,8/8,10.58,58.0,ok
SAR_Ship_Chip_20220213_UTM11N_EPSG32611_10m.manifest.json,20220213,11,32611,32611,1,24,100.0,24/24,0.0,164.0,ok
SAR_Ship_Chip_20220215_UTM11N_EPSG32611_10m.manifest.json,20220215,11,32611,32611,1,2,100.0,2/2,16.05,224.0,ok
SAR_Ship_Chip_20220215_UTM12N_EPSG32612_10m.manifest.json,20220215,12,32612,32612,1,2,100.0,2/2,12.4,206.5,ok
SAR_Ship_Chip_20220215_UTM18N_EPSG32618_10m.manifest.json,20220215,18,32618,32618,1,158,100.0,158/158,0.01,52.0,ok
SAR_Ship_Chip_20220215_UTM19N_EPSG32619_10m.manifest.json,20220215,19,32619,32619,1,1,100.0,1/1,8.32,38.0,ok
SAR_Ship_Chip_20220215_UTM20N_EPSG32620_10m.manifest.json,20220215,20,32620,32620,1,63,100.0,63/63,0.1,92.0,ok
SAR_Ship_Chip_20220216_UTM10N_EPSG32610_10m.manifest.json,20220216,10,32610,32610,1,155,100.0,155/155,0.0,179.0,ok
SAR_Ship_Chip_20220216_UTM14N_EPSG32614_10m.manifest.json,20220216,14,32614,32614,1,1,100.0,1/1,0.0,115.0,ok
SAR_Ship_Chip_20220216_UTM15N_EPSG32615_10m.manifest.json,20220216,15,32615,32615,1,226,100.0,226/226,0.0,180.0,ok
SAR_Ship_Chip_20220218_UTM18N_EPSG32618_10m.manifest.json,20220218,18,32618,32618,1,11,100.0,11/11,14.6,260.0,ok
SAR_Ship_Chip_20220219_UTM05N_EPSG32605_10m.manifest.json,20220219,5,32605,32605,1,5,100.0,5/5,5.0,37.0,ok
SAR_Ship_Chip_20220219_UTM15N_EPSG32615_10m.manifest.json,20220219,15,32615,32615,1,2,100.0,2/2,0.0,168.5,ok
SAR_Ship_Chip_20220219_UTM16N_EPSG32616_10m.manifest.json,20220219,16,32616,32616,1,58,100.0,58/58,0.0,108.0,ok
SAR_Ship_Chip_20220219_UTM17N_EPSG32617_10m.manifest.json,20220219,17,32617,32617,1,16,100.0,16/16,14.1,187.5,ok
SAR_Ship_Chip_20220220_UTM04N_EPSG32604_10m.manifest.json,20220220,4,32604,32604,1,1,100.0,1/1,11.4,299.0,ok
SAR_Ship_Chip_20220220_UTM11N_EPSG32611_10m.manifest.json,20220220,11,32611,32611,1,4,100.0,4/4,14.34,216.0,ok
SAR_Ship_Chip_20220220_UTM18N_EPSG32618_10m.manifest.json,20220220,18,32618,32618,1,158,100.0,158/158,0.06,182.5,ok
SAR_Ship_Chip_20220216_UTM16N_EPSG32616_10m.manifest.json,20220216,16,32616,32616,1,2,100.0,2/2,0.04,127.5,ok
SAR_Ship_Chip_20220216_UTM17N_EPSG32617_10m.manifest.json,20220216,17,32617,32617,1,268,100.0,268/268,0.0,55.0,ok
SAR_Ship_Chip_20220217_UTM05N_EPSG32605_10m.manifest.json,20220217,5,32605,32605,1,1,100.0,1/1,12.77,189.0,ok
SAR_Ship_Chip_20220217_UTM19N_EPSG32619_10m.manifest.json,20220217,19,32619,32619,1,47,100.0,47/47,0.0,65.0,ok
SAR_Ship_Chip_20220217_UTM20N_EPSG32620_10m.manifest.json,20220217,20,32620,32620,1,42,100.0,42/42,0.18,82.5,ok
SAR_Ship_Chip_20220218_UTM11N_EPSG32611_10m.manifest.json,20220218,11,32611,32611,1,139,100.0,139/139,0.0,200.0,ok
SAR_Ship_Chip_20220218_UTM15N_EPSG32615_10m.manifest.json,20220218,15,32615,32615,1,88,100.0,88/88,0.0,50.0,ok
SAR_Ship_Chip_20220218_UTM17N_EPSG32617_10m.manifest.json,20220218,17,32617,32617,1,41,100.0,41/41,0.19,198.0,ok
SAR_Ship_Chip_20220220_UTM19N_EPSG32619_10m.manifest.json,20220220,19,32619,32619,1,17,100.0,17/17,11.9,176.0,ok
SAR_Ship_Chip_20220221_UTM10N_EPSG32610_10m.manifest.json,20220221,10,32610,32610,1,94,100.0,94/94,0.01,182.5,ok
SAR_Ship_Chip_20220221_UTM14N_EPSG32614_10m.manifest.json,20220221,14,32614,32614,1,66,100.0,66/66,0.0,81.5,ok
SAR_Ship_Chip_20220221_UTM16N_EPSG32616_10m.manifest.json,20220221,16,32616,32616,1,8,100.0,8/8,0.0,44.0,ok
SAR_Ship_Chip_20220221_UTM17N_EPSG32617_10m.manifest.json,20220221,17,32617,32617,1,60,100.0,60/60,0.0,103.0,ok
SAR_Ship_Chip_20220222_UTM18N_EPSG32618_10m.manifest.json,20220222,18,32618,32618,1,13,100.0,13/13,0.0,37.0,ok
SAR_Ship_Chip_20220222_UTM19N_EPSG32619_10m.manifest.json,20220222,19,32619,32619,1,80,100.0,80/80,0.18,81.5,ok
SAR_Ship_Chip_20220223_UTM10N_EPSG32610_10m.manifest.json,20220223,10,32610,32610,1,4,100.0,4/4,6.06,205.5,ok
SAR_Ship_Chip_20220225_UTM11N_EPSG32611_10m.manifest.json,20220225,11,32611,32611,1,20,100.0,20/20,0.0,73.0,ok
SAR_Ship_Chip_20220225_UTM15N_EPSG32615_10m.manifest.json,20220225,15,32615,32615,1,1,100.0,1/1,0.0,304.0,ok
SAR_Ship_Chip_20220225_UTM16N_EPSG32616_10m.manifest.json,20220225,16,32616,32616,1,189,100.0,189/189,0.03,89.0,ok
SAR_Ship_Chip_20220225_UTM17N_EPSG32617_10m.manifest.json,20220225,17,32617,32617,1,8,100.0,8/8,0.0,85.0,ok
SAR_Ship_Chip_20220225_UTM18N_EPSG32618_10m.manifest.json,20220225,18,32618,32618,1,123,100.0,123/123,0.1,183.0,ok
SAR_Ship_Chip_20220226_UTM10N_EPSG32610_10m.manifest.json,20220226,10,32610,32610,1,80,100.0,80/80,0.08,180.0,ok
SAR_Ship_Chip_20220226_UTM16N_EPSG32616_10m.manifest.json,20220226,16,32616,32616,1,7,100.0,7/7,0.0,100.0,ok
SAR_Ship_Chip_20220226_UTM17N_EPSG32617_10m.manifest.json,20220226,17,32617,32617,1,38,100.0,38/38,11.55,198.5,ok
SAR_Ship_Chip_20220223_UTM11N_EPSG32611_10m.manifest.json,20220223,11,32611,32611,1,122,100.0,122/122,0.02,199.5,ok
SAR_Ship_Chip_20220223_UTM14N_EPSG32614_10m.manifest.json,20220223,14,32614,32614,1,3,100.0,3/3,0.0,197.0,ok
SAR_Ship_Chip_20220223_UTM15N_EPSG32615_10m.manifest.json,20220223,15,32615,32615,1,447,100.0,447/447,0.0,182.0,ok
SAR_Ship_Chip_20220223_UTM17N_EPSG32617_10m.manifest.json,20220223,17,32617,32617,1,235,100.0,235/235,0.01,159.0,ok
SAR_Ship_Chip_20220224_UTM04N_EPSG32604_10m.manifest.json,20220224,4,32604,32604,1,26,100.0,26/26,0.0,63.5,ok
SAR_Ship_Chip_20220224_UTM17N_EPSG32617_10m.manifest.json,20220224,17,32617,32617,1,3,100.0,3/3,17.1,179.0,ok
SAR_Ship_Chip_20220224_UTM19N_EPSG32619_10m.manifest.json,20220224,19,32619,32619,1,9,100.0,9/9,0.06,53.0,ok
SAR_Ship_Chip_20220224_UTM20N_EPSG32620_10m.manifest.json,20220224,20,32620,32620,1,2,100.0,2/2,0.0,51.0,ok
SAR_Ship_Chip_20220301_UTM04N_EPSG32604_10m.manifest.json,20220301,4,32604,32604,1,2,100.0,2/2,0.07,78.5,ok
SAR_Ship_Chip_20220301_UTM05N_EPSG32605_10m.manifest.json,20220301,5,32605,32605,1,1,100.0,1/1,18.8,292.0,ok
SAR_Ship_Chip_20220302_UTM11N_EPSG32611_10m.manifest.json,20220302,11,32611,32611,1,86,100.0,86/86,0.0,199.0,ok
SAR_Ship_Chip_20220302_UTM17N_EPSG32617_10m.manifest.json,20220302,17,32617,32617,1,48,100.0,48/48,0.1,180.0,ok
SAR_Ship_Chip_20220302_UTM18N_EPSG32618_10m.manifest.json,20220302,18,32618,32618,1,4,100.0,4/4,12.95,216.0,ok
SAR_Ship_Chip_20220303_UTM05N_EPSG32605_10m.manifest.json,20220303,5,32605,32605,1,2,100.0,2/2,1.34,36.5,ok
SAR_Ship_Chip_20220303_UTM15N_EPSG32615_10m.manifest.json,20220303,15,32615,32615,1,2,100.0,2/2,0.0,168.5,ok
SAR_Ship_Chip_20220303_UTM16N_EPSG32616_10m.manifest.json,20220303,16,32616,32616,1,69,100.0,69/69,0.0,151.0,ok
SAR_Ship_Chip_20220303_UTM17N_EPSG32617_10m.manifest.json,20220303,17,32617,32617,1,3,100.0,3/3,16.6,186.0,ok
SAR_Ship_Chip_20220303_UTM19N_EPSG32619_10m.manifest.json,20220303,19,32619,32619,1,1,100.0,1/1,13.78,182.0,ok
SAR_Ship_Chip_20220304_UTM04N_EPSG32604_10m.manifest.json,20220304,4,32604,32604,1,1,100.0,1/1,12.58,143.0,ok
SAR_Ship_Chip_20220304_UTM18N_EPSG32618_10m.manifest.json,20220304,18,32618,32618,1,142,100.0,142/142,0.03,185.5,ok
SAR_Ship_Chip_20220304_UTM19N_EPSG32619_10m.manifest.json,20220304,19,32619,32619,1,18,100.0,18/18,10.26,75.0,ok
SAR_Ship_Chip_20220305_UTM10N_EPSG32610_10m.manifest.json,20220305,10,32610,32610,1,105,100.0,105/105,0.08,189.0,ok
SAR_Ship_Chip_20220305_UTM14N_EPSG32614_10m.manifest.json,20220305,14,32614,32614,1,63,100.0,63/63,0.0,183.0,ok
SAR_Ship_Chip_20220305_UTM16N_EPSG32616_10m.manifest.json,20220305,16,32616,32616,1,15,100.0,15/15,0.0,202.0,ok
SAR_Ship_Chip_20220227_UTM04N_EPSG32604_10m.manifest.json,20220227,4,32604,32604,1,29,100.0,29/29,0.0,56.0,ok
SAR_Ship_Chip_20220227_UTM18N_EPSG32618_10m.manifest.json,20220227,18,32618,32618,1,161,100.0,161/161,0.1,130.0,ok
SAR_Ship_Chip_20220227_UTM19N_EPSG32619_10m.manifest.json,20220227,19,32619,32619,1,5,100.0,5/5,11.2,180.0,ok
SAR_Ship_Chip_20220227_UTM20N_EPSG32620_10m.manifest.json,20220227,20,32620,32620,1,54,100.0,54/54,0.1,79.0,ok
SAR_Ship_Chip_20220228_UTM10N_EPSG32610_10m.manifest.json,20220228,10,32610,32610,1,188,100.0,188/188,0.02,182.0,ok
SAR_Ship_Chip_20220228_UTM15N_EPSG32615_10m.manifest.json,20220228,15,32615,32615,1,202,100.0,202/202,0.0,179.5,ok
SAR_Ship_Chip_20220228_UTM16N_EPSG32616_10m.manifest.json,20220228,16,32616,32616,1,3,100.0,3/3,0.0,41.0,ok
SAR_Ship_Chip_20220228_UTM17N_EPSG32617_10m.manifest.json,20220228,17,32617,32617,1,289,100.0,289/289,0.0,58.0,ok
SAR_Ship_Chip_20220305_UTM17N_EPSG32617_10m.manifest.json,20220305,17,32617,32617,1,54,100.0,54/54,1.5,174.0,ok
SAR_Ship_Chip_20220306_UTM04N_EPSG32604_10m.manifest.json,20220306,4,32604,32604,1,2,100.0,2/2,4.31,34.0,ok
SAR_Ship_Chip_20220306_UTM05N_EPSG32605_10m.manifest.json,20220306,5,32605,32605,1,2,100.0,2/2,9.63,37.0,ok
SAR_Ship_Chip_20220306_UTM18N_EPSG32618_10m.manifest.json,20220306,18,32618,32618,1,9,100.0,9/9,0.0,182.0,ok
SAR_Ship_Chip_20220306_UTM19N_EPSG32619_10m.manifest.json,20220306,19,32619,32619,1,53,100.0,53/53,0.1,71.0,ok
SAR_Ship_Chip_20220306_UTM20N_EPSG32620_10m.manifest.json,20220306,20,32620,32620,1,6,100.0,6/6,0.9,84.0,ok
SAR_Ship_Chip_20220307_UTM10N_EPSG32610_10m.manifest.json,20220307,10,32610,32610,1,6,100.0,6/6,12.29,256.5,ok
SAR_Ship_Chip_20220307_UTM11N_EPSG32611_10m.manifest.json,20220307,11,32611,32611,1,112,100.0,112/112,0.01,199.0,ok
SAR_Ship_Chip_20220307_UTM14N_EPSG32614_10m.manifest.json,20220307,14,32614,32614,1,4,100.0,4/4,0.11,194.0,ok
SAR_Ship_Chip_20220307_UTM15N_EPSG32615_10m.manifest.json,20220307,15,32615,32615,1,480,100.0,480/480,0.0,182.0,ok
SAR_Ship_Chip_20220307_UTM17N_EPSG32617_10m.manifest.json,20220307,17,32617,32617,1,213,100.0,213/213,0.0,118.0,ok
SAR_Ship_Chip_20220308_UTM04N_EPSG32604_10m.manifest.json,20220308,4,32604,32604,1,27,100.0,27/27,0.0,64.0,ok
SAR_Ship_Chip_20220308_UTM17N_EPSG32617_10m.manifest.json,20220308,17,32617,32617,1,3,100.0,3/3,14.0,274.0,ok
SAR_Ship_Chip_20220308_UTM19N_EPSG32619_10m.manifest.json,20220308,19,32619,32619,1,6,100.0,6/6,5.95,40.5,ok
SAR_Ship_Chip_20220308_UTM20N_EPSG32620_10m.manifest.json,20220308,20,32620,32620,1,1,100.0,1/1,11.13,138.0,ok
SAR_Ship_Chip_20220309_UTM11N_EPSG32611_10m.manifest.json,20220309,11,32611,32611,1,21,100.0,21/21,0.0,83.0,ok
SAR_Ship_Chip_20220309_UTM15N_EPSG32615_10m.manifest.json,20220309,15,32615,32615,1,2,100.0,2/2,0.0,304.0,ok
SAR_Ship_Chip_20220309_UTM16N_EPSG32616_10m.manifest.json,20220309,16,32616,32616,1,302,100.0,302/302,0.0,92.0,ok
SAR_Ship_Chip_20220309_UTM17N_EPSG32617_10m.manifest.json,20220309,17,32617,32617,1,10,100.0,10/10,0.0,40.0,ok
SAR_Ship_Chip_20220309_UTM18N_EPSG32618_10m.manifest.json,20220309,18,32618,32618,1,130,100.0,130/130,0.0,179.0,ok
SAR_Ship_Chip_20220310_UTM10N_EPSG32610_10m.manifest.json,20220310,10,32610,32610,1,80,100.0,80/80,0.0,180.0,ok
SAR_Ship_Chip_20220310_UTM16N_EPSG32616_10m.manifest.json,20220310,16,32616,32616,1,3,100.0,3/3,0.0,103.0,ok
SAR_Ship_Chip_20220310_UTM17N_EPSG32617_10m.manifest.json,20220310,17,32617,32617,1,22,100.0,22/22,12.5,226.5,ok
SAR_Ship_Chip_20220311_UTM04N_EPSG32604_10m.manifest.json,20220311,4,32604,32604,1,24,100.0,24/24,0.0,59.5,ok
SAR_Ship_Chip_20220311_UTM18N_EPSG32618_10m.manifest.json,20220311,18,32618,32618,1,164,100.0,164/164,0.05,86.5,ok
SAR_Ship_Chip_20220311_UTM19N_EPSG32619_10m.manifest.json,20220311,19,32619,32619,1,3,100.0,3/3,12.3,210.0,ok
SAR_Ship_Chip_20220311_UTM20N_EPSG32620_10m.manifest.json,20220311,20,32620,32620,1,62,100.0,62/62,0.2,60.0,ok
SAR_Ship_Chip_20220312_UTM10N_EPSG32610_10m.manifest.json,20220312,10,32610,32610,1,162,100.0,162/162,0.0,180.0,ok
SAR_Ship_Chip_20220312_UTM15N_EPSG32615_10m.manifest.json,20220312,15,32615,32615,1,223,100.0,223/223,0.0,182.0,ok
SAR_Ship_Chip_20220312_UTM16N_EPSG32616_10m.manifest.json,20220312,16,32616,32616,1,5,100.0,5/5,0.0,233.0,ok
SAR_Ship_Chip_20220312_UTM17N_EPSG32617_10m.manifest.json,20220312,17,32617,32617,1,295,100.0,295/295,0.0,61.0,ok
SAR_Ship_Chip_20220313_UTM04N_EPSG32604_10m.manifest.json,20220313,4,32604,32604,1,2,100.0,2/2,2.89,33.0,ok
SAR_Ship_Chip_20220313_UTM19N_EPSG32619_10m.manifest.json,20220313,19,32619,32619,1,17,100.0,17/17,0.1,71.0,ok
SAR_Ship_Chip_20220313_UTM20N_EPSG32620_10m.manifest.json,20220313,20,32620,32620,1,57,100.0,57/57,0.1,80.0,ok
SAR_Ship_Chip_20220314_UTM11N_EPSG32611_10m.manifest.json,20220314,11,32611,32611,1,190,100.0,190/190,0.0,200.0,ok
SAR_Ship_Chip_20220314_UTM15N_EPSG32615_10m.manifest.json,20220314,15,32615,32615,1,78,100.0,78/78,0.0,52.0,ok
SAR_Ship_Chip_20220314_UTM17N_EPSG32617_10m.manifest.json,20220314,17,32617,32617,1,51,100.0,51/51,0.03,136.0,ok
SAR_Ship_Chip_20220315_UTM05N_EPSG32605_10m.manifest.json,20220315,5,32605,32605,1,5,100.0,5/5,3.07,37.0,ok
SAR_Ship_Chip_20220315_UTM15N_EPSG32615_10m.manifest.json,20220315,15,32615,32615,1,4,100.0,4/4,0.0,304.0,ok
SAR_Ship_Chip_20220315_UTM16N_EPSG32616_10m.manifest.json,20220315,16,32616,32616,1,68,100.0,68/68,0.0,159.0,ok
SAR_Ship_Chip_20220315_UTM17N_EPSG32617_10m.manifest.json,20220315,17,32617,32617,1,4,100.0,4/4,14.75,298.0,ok
SAR_Ship_Chip_20220315_UTM19N_EPSG32619_10m.manifest.json,20220315,19,32619,32619,1,1,100.0,1/1,10.51,133.0,ok
SAR_Ship_Chip_20220316_UTM04N_EPSG32604_10m.manifest.json,20220316,4,32604,32604,1,2,100.0,2/2,8.36,91.5,ok
SAR_Ship_Chip_20220316_UTM11N_EPSG32611_10m.manifest.json,20220316,11,32611,32611,1,12,100.0,12/12,12.22,203.5,ok
SAR_Ship_Chip_20220316_UTM18N_EPSG32618_10m.manifest.json,20220316,18,32618,32618,1,154,100.0,154/154,0.02,183.0,ok
SAR_Ship_Chip_20220316_UTM19N_EPSG32619_10m.manifest.json,20220316,19,32619,32619,1,14,100.0,14/14,10.1,160.5,ok
SAR_Ship_Chip_20220317_UTM10N_EPSG32610_10m.manifest.json,20220317,10,32610,32610,1,96,100.0,96/96,0.35,186.5,ok
SAR_Ship_Chip_20220317_UTM14N_EPSG32614_10m.manifest.json,20220317,14,32614,32614,1,83,100.0,83/83,0.0,177.0,ok
SAR_Ship_Chip_20220317_UTM16N_EPSG32616_10m.manifest.json,20220317,16,32616,32616,1,15,100.0,15/15,0.0,158.0,ok
SAR_Ship_Chip_20220317_UTM17N_EPSG32617_10m.manifest.json,20220317,17,32617,32617,1,64,100.0,64/64,3.11,173.0,ok
SAR_Ship_Chip_20220318_UTM04N_EPSG32604_10m.manifest.json,20220318,4,32604,32604,1,6,100.0,6/6,9.12,110.5,ok
SAR_Ship_Chip_20220318_UTM12N_EPSG32612_10m.manifest.json,20220318,12,32612,32612,1,1,100.0,1/1,12.31,250.0,ok
SAR_Ship_Chip_20220318_UTM18N_EPSG32618_10m.manifest.json,20220318,18,32618,32618,1,7,100.0,7/7,0.0,39.0,ok
SAR_Ship_Chip_20220318_UTM19N_EPSG32619_10m.manifest.json,20220318,19,32619,32619,1,95,100.0,95/95,2.63,92.0,ok
SAR_Ship_Chip_20220318_UTM20N_EPSG32620_10m.manifest.json,20220318,20,32620,32620,1,6,100.0,6/6,7.33,98.0,ok
SAR_Ship_Chip_20220319_UTM10N_EPSG32610_10m.manifest.json,20220319,10,32610,32610,1,346,100.0,346/346,0.0,138.0,ok
SAR_Ship_Chip_20220321_UTM18N_EPSG32618_10m.manifest.json,20220321,18,32618,32618,1,136,100.0,136/136,0.0,195.0,ok
SAR_Ship_Chip_20220322_UTM10N_EPSG32610_10m.manifest.json,20220322,10,32610,32610,1,86,100.0,86/86,0.0,183.0,ok
SAR_Ship_Chip_20220322_UTM16N_EPSG32616_10m.manifest.json,20220322,16,32616,32616,1,8,100.0,8/8,0.04,94.0,ok
SAR_Ship_Chip_20220322_UTM17N_EPSG32617_10m.manifest.json,20220322,17,32617,32617,1,25,100.0,25/25,10.69,183.0,ok
SAR_Ship_Chip_20220323_UTM04N_EPSG32604_10m.manifest.json,20220323,4,32604,32604,1,20,100.0,20/20,0.0,65.5,ok
SAR_Ship_Chip_20220323_UTM18N_EPSG32618_10m.manifest.json,20220323,18,32618,32618,1,163,100.0,163/163,0.0,68.0,ok
SAR_Ship_Chip_20220323_UTM19N_EPSG32619_10m.manifest.json,20220323,19,32619,32619,1,7,100.0,7/7,12.34,160.0,ok
SAR_Ship_Chip_20220323_UTM20N_EPSG32620_10m.manifest.json,20220323,20,32620,32620,1,60,100.0,60/60,0.12,63.5,ok
SAR_Ship_Chip_20220319_UTM11N_EPSG32611_10m.manifest.json,20220319,11,32611,32611,1,116,100.0,116/116,0.03,199.0,ok
SAR_Ship_Chip_20220319_UTM14N_EPSG32614_10m.manifest.json,20220319,14,32614,32614,1,11,100.0,11/11,0.0,199.0,ok
SAR_Ship_Chip_20220319_UTM15N_EPSG32615_10m.manifest.json,20220319,15,32615,32615,1,486,100.0,486/486,0.0,179.5,ok
SAR_Ship_Chip_20220319_UTM17N_EPSG32617_10m.manifest.json,20220319,17,32617,32617,1,35,100.0,35/35,15.7,213.0,ok
SAR_Ship_Chip_20220320_UTM17N_EPSG32617_10m.manifest.json,20220320,17,32617,32617,1,22,100.0,22/22,12.8,181.5,ok
SAR_Ship_Chip_20220321_UTM11N_EPSG32611_10m.manifest.json,20220321,11,32611,32611,1,24,100.0,24/24,0.4,194.0,ok
SAR_Ship_Chip_20220321_UTM15N_EPSG32615_10m.manifest.json,20220321,15,32615,32615,1,3,100.0,3/3,0.0,304.0,ok
SAR_Ship_Chip_20220321_UTM17N_EPSG32617_10m.manifest.json,20220321,17,32617,32617,1,16,100.0,16/16,0.0,43.0,ok
SAR_Ship_Chip_20220324_UTM10N_EPSG32610_10m.manifest.json,20220324,10,32610,32610,1,199,100.0,199/199,0.0,182.0,ok
SAR_Ship_Chip_20220324_UTM15N_EPSG32615_10m.manifest.json,20220324,15,32615,32615,1,217,100.0,217/217,0.0,180.0,ok
SAR_Ship_Chip_20220324_UTM16N_EPSG32616_10m.manifest.json,20220324,16,32616,32616,1,2,100.0,2/2,0.0,213.0,ok
SAR_Ship_Chip_20220324_UTM17N_EPSG32617_10m.manifest.json,20220324,17,32617,32617,1,321,100.0,321/321,0.0,55.0,ok
SAR_Ship_Chip_20220325_UTM04N_EPSG32604_10m.manifest.json,20220325,4,32604,32604,1,2,100.0,2/2,8.89,132.0,ok
SAR_Ship_Chip_20220325_UTM19N_EPSG32619_10m.manifest.json,20220325,19,32619,32619,1,49,100.0,49/49,0.18,70.0,ok
SAR_Ship_Chip_20220325_UTM20N_EPSG32620_10m.manifest.json,20220325,20,32620,32620,1,45,100.0,45/45,0.1,68.0,ok
SAR_Ship_Chip_20220326_UTM11N_EPSG32611_10m.manifest.json,20220326,11,32611,32611,1,87,100.0,87/87,0.0,228.0,ok
SAR_Ship_Chip_20220326_UTM15N_EPSG32615_10m.manifest.json,20220326,15,32615,32615,1,99,100.0,99/99,0.1,56.0,ok
SAR_Ship_Chip_20220326_UTM17N_EPSG32617_10m.manifest.json,20220326,17,32617,32617,1,57,100.0,57/57,0.34,180.0,ok
SAR_Ship_Chip_20220326_UTM18N_EPSG32618_10m.manifest.json,20220326,18,32618,32618,1,1,100.0,1/1,17.01,285.0,ok
SAR_Ship_Chip_20220327_UTM15N_EPSG32615_10m.manifest.json,20220327,15,32615,32615,1,5,100.0,5/5,0.0,68.0,ok
SAR_Ship_Chip_20220327_UTM16N_EPSG32616_10m.manifest.json,20220327,16,32616,32616,1,77,100.0,77/77,0.0,97.0,ok
SAR_Ship_Chip_20220327_UTM17N_EPSG32617_10m.manifest.json,20220327,17,32617,32617,1,5,100.0,5/5,13.6,229.0,ok
SAR_Ship_Chip_20220328_UTM04N_EPSG32604_10m.manifest.json,20220328,4,32604,32604,1,3,100.0,3/3,7.9,36.0,ok
SAR_Ship_Chip_20220328_UTM18N_EPSG32618_10m.manifest.json,20220328,18,32618,32618,1,135,100.0,135/135,0.1,186.0,ok
SAR_Ship_Chip_20220328_UTM19N_EPSG32619_10m.manifest.json,20220328,19,32619,32619,1,21,100.0,21/21,11.5,141.0,ok
SAR_Ship_Chip_20220329_UTM10N_EPSG32610_10m.manifest.json,20220329,10,32610,32610,1,102,100.0,102/102,0.09,183.0,ok
SAR_Ship_Chip_20220329_UTM14N_EPSG32614_10m.manifest.json,20220329,14,32614,32614,1,62,100.0,62/62,0.0,139.0,ok
SAR_Ship_Chip_20220329_UTM16N_EPSG32616_10m.manifest.json,20220329,16,32616,32616,1,26,100.0,26/26,0.0,206.0,ok
SAR_Ship_Chip_20220329_UTM17N_EPSG32617_10m.manifest.json,20220329,17,32617,32617,1,63,100.0,63/63,0.0,139.0,ok
SAR_Ship_Chip_20220329_UTM18N_EPSG32618_10m.manifest.json,20220329,18,32618,32618,1,31,100.0,31/31,0.0,53.0,ok
SAR_Ship_Chip_20220330_UTM04N_EPSG32604_10m.manifest.json,20220330,4,32604,32604,1,2,100.0,2/2,3.0,37.0,ok
SAR_Ship_Chip_20220330_UTM05N_EPSG32605_10m.manifest.json,20220330,5,32605,32605,1,1,100.0,1/1,14.11,145.0,ok
SAR_Ship_Chip_20220401_UTM17N_EPSG32617_10m.manifest.json,20220401,17,32617,32617,1,4,100.0,4/4,15.35,261.0,ok
SAR_Ship_Chip_20220401_UTM19N_EPSG32619_10m.manifest.json,20220401,19,32619,32619,1,6,100.0,6/6,5.52,47.5,ok
SAR_Ship_Chip_20220402_UTM11N_EPSG32611_10m.manifest.json,20220402,11,32611,32611,1,27,100.0,27/27,0.0,170.0,ok
SAR_Ship_Chip_20220402_UTM15N_EPSG32615_10m.manifest.json,20220402,15,32615,32615,1,4,100.0,4/4,0.0,186.0,ok
SAR_Ship_Chip_20220402_UTM16N_EPSG32616_10m.manifest.json,20220402,16,32616,32616,1,353,100.0,353/353,0.09,97.0,ok
SAR_Ship_Chip_20220402_UTM19N_EPSG32619_10m.manifest.json,20220402,19,32619,32619,1,2,100.0,2/2,14.75,222.0,ok
SAR_Ship_Chip_20220403_UTM10N_EPSG32610_10m.manifest.json,20220403,10,32610,32610,1,329,100.0,329/329,0.0,100.0,ok
SAR_Ship_Chip_20220403_UTM16N_EPSG32616_10m.manifest.json,20220403,16,32616,32616,1,7,100.0,7/7,0.6,99.0,ok
SAR_Ship_Chip_20220330_UTM18N_EPSG32618_10m.manifest.json,20220330,18,32618,32618,1,9,100.0,9/9,0.0,39.0,ok
SAR_Ship_Chip_20220330_UTM19N_EPSG32619_10m.manifest.json,20220330,19,32619,32619,1,73,100.0,73/73,0.5,70.0,ok
SAR_Ship_Chip_20220330_UTM20N_EPSG32620_10m.manifest.json,20220330,20,32620,32620,1,12,100.0,12/12,7.63,110.5,ok
SAR_Ship_Chip_20220331_UTM10N_EPSG32610_10m.manifest.json,20220331,10,32610,32610,1,8,100.0,8/8,11.6,224.5,ok
SAR_Ship_Chip_20220331_UTM11N_EPSG32611_10m.manifest.json,20220331,11,32611,32611,1,119,100.0,119/119,0.0,199.0,ok
SAR_Ship_Chip_20220331_UTM14N_EPSG32614_10m.manifest.json,20220331,14,32614,32614,1,8,100.0,8/8,0.61,190.5,ok
SAR_Ship_Chip_20220331_UTM15N_EPSG32615_10m.manifest.json,20220331,15,32615,32615,1,435,100.0,435/435,0.0,178.0,ok
SAR_Ship_Chip_20220331_UTM17N_EPSG32617_10m.manifest.json,20220331,17,32617,32617,1,248,100.0,248/248,0.0,144.0,ok
SAR_Ship_Chip_20220408_UTM15N_EPSG32615_10m.manifest.json,20220408,15,32615,32615,1,6,100.0,6/6,4.23,145.0,ok
SAR_Ship_Chip_20220408_UTM16N_EPSG32616_10m.manifest.json,20220408,16,32616,32616,1,56,100.0,56/56,0.0,135.5,ok
SAR_Ship_Chip_20220408_UTM17N_EPSG32617_10m.manifest.json,20220408,17,32617,32617,1,3,100.0,3/3,14.8,228.0,ok
SAR_Ship_Chip_20220408_UTM19N_EPSG32619_10m.manifest.json,20220408,19,32619,32619,1,6,100.0,6/6,4.7,183.0,ok
SAR_Ship_Chip_20220409_UTM04N_EPSG32604_10m.manifest.json,20220409,4,32604,32604,1,1,100.0,1/1,0.14,26.0,ok
SAR_Ship_Chip_20220409_UTM11N_EPSG32611_10m.manifest.json,20220409,11,32611,32611,1,18,100.0,18/18,13.44,214.0,ok
SAR_Ship_Chip_20220409_UTM18N_EPSG32618_10m.manifest.json,20220409,18,32618,32618,1,158,100.0,158/158,0.04,180.0,ok
SAR_Ship_Chip_20220409_UTM19N_EPSG32619_10m.manifest.json,20220409,19,32619,32619,1,24,100.0,24/24,12.59,165.0,ok
SAR_Ship_Chip_20220403_UTM17N_EPSG32617_10m.manifest.json,20220403,17,32617,32617,1,38,100.0,38/38,9.66,224.5,ok
SAR_Ship_Chip_20220404_UTM04N_EPSG32604_10m.manifest.json,20220404,4,32604,32604,1,24,100.0,24/24,0.0,78.0,ok
SAR_Ship_Chip_20220404_UTM18N_EPSG32618_10m.manifest.json,20220404,18,32618,32618,1,142,100.0,142/142,0.05,63.5,ok
SAR_Ship_Chip_20220404_UTM19N_EPSG32619_10m.manifest.json,20220404,19,32619,32619,1,11,100.0,11/11,8.93,183.0,ok
SAR_Ship_Chip_20220404_UTM20N_EPSG32620_10m.manifest.json,20220404,20,32620,32620,1,54,100.0,54/54,0.12,77.5,ok
SAR_Ship_Chip_20220405_UTM10N_EPSG32610_10m.manifest.json,20220405,10,32610,32610,1,301,100.0,301/301,0.0,176.0,ok
SAR_Ship_Chip_20220405_UTM15N_EPSG32615_10m.manifest.json,20220405,15,32615,32615,1,207,100.0,207/207,0.0,177.0,ok
SAR_Ship_Chip_20220405_UTM16N_EPSG32616_10m.manifest.json,20220405,16,32616,32616,1,9,100.0,9/9,0.0,200.0,ok
SAR_Ship_Chip_20220405_UTM17N_EPSG32617_10m.manifest.json,20220405,17,32617,32617,1,330,100.0,330/330,0.0,55.0,ok
SAR_Ship_Chip_20220406_UTM19N_EPSG32619_10m.manifest.json,20220406,19,32619,32619,1,33,100.0,33/33,0.05,65.0,ok
SAR_Ship_Chip_20220406_UTM20N_EPSG32620_10m.manifest.json,20220406,20,32620,32620,1,45,100.0,45/45,0.03,100.0,ok
SAR_Ship_Chip_20220407_UTM11N_EPSG32611_10m.manifest.json,20220407,11,32611,32611,1,159,100.0,159/159,0.0,200.0,ok
SAR_Ship_Chip_20220407_UTM15N_EPSG32615_10m.manifest.json,20220407,15,32615,32615,1,159,100.0,159/159,0.1,89.0,ok
SAR_Ship_Chip_20220407_UTM17N_EPSG32617_10m.manifest.json,20220407,17,32617,32617,1,40,100.0,40/40,1.29,200.5,ok
SAR_Ship_Chip_20220407_UTM18N_EPSG32618_10m.manifest.json,20220407,18,32618,32618,1,3,100.0,3/3,10.7,311.0,ok
SAR_Ship_Chip_20220408_UTM05N_EPSG32605_10m.manifest.json,20220408,5,32605,32605,1,2,100.0,2/2,8.24,36.5,ok
SAR_Ship_Chip_20220410_UTM09N_EPSG32609_10m.manifest.json,20220410,9,32609,32609,1,10,100.0,10/10,10.95,180.0,ok
SAR_Ship_Chip_20220410_UTM10N_EPSG32610_10m.manifest.json,20220410,10,32610,32610,1,83,100.0,83/83,0.09,183.0,ok
SAR_Ship_Chip_20220410_UTM14N_EPSG32614_10m.manifest.json,20220410,14,32614,32614,1,69,100.0,69/69,0.0,165.0,ok
SAR_Ship_Chip_20220410_UTM15N_EPSG32615_10m.manifest.json,20220410,15,32615,32615,1,1,100.0,1/1,13.1,182.0,ok
SAR_Ship_Chip_20220410_UTM16N_EPSG32616_10m.manifest.json,20220410,16,32616,32616,1,15,100.0,15/15,8.78,158.0,ok
SAR_Ship_Chip_20220410_UTM17N_EPSG32617_10m.manifest.json,20220410,17,32617,32617,1,37,100.0,37/37,0.0,148.0,ok
SAR_Ship_Chip_20220410_UTM18N_EPSG32618_10m.manifest.json,20220410,18,32618,32618,1,23,100.0,23/23,0.0,35.0,ok
SAR_Ship_Chip_20220411_UTM04N_EPSG32604_10m.manifest.json,20220411,4,32604,32604,1,3,100.0,3/3,15.95,247.0,ok
SAR_Ship_Chip_20220411_UTM12N_EPSG32612_10m.manifest.json,20220411,12,32612,32612,1,7,100.0,7/7,13.8,183.0,ok
SAR_Ship_Chip_20220411_UTM19N_EPSG32619_10m.manifest.json,20220411,19,32619,32619,1,50,100.0,50/50,5.72,160.5,ok
SAR_Ship_Chip_20220411_UTM20N_EPSG32620_10m.manifest.json,20220411,20,32620,32620,1,3,100.0,3/3,0.03,53.0,ok
SAR_Ship_Chip_20220412_UTM10N_EPSG32610_10m.manifest.json,20220412,10,32610,32610,1,323,100.0,323/323,0.0,110.0,ok
SAR_Ship_Chip_20220412_UTM11N_EPSG32611_10m.manifest.json,20220412,11,32611,32611,1,98,100.0,98/98,0.05,209.0,ok
SAR_Ship_Chip_20220412_UTM14N_EPSG32614_10m.manifest.json,20220412,14,32614,32614,1,1,100.0,1/1,18.39,260.0,ok
SAR_Ship_Chip_20220412_UTM15N_EPSG32615_10m.manifest.json,20220412,15,32615,32615,1,345,100.0,345/345,0.0,174.0,ok
SAR_Ship_Chip_20220412_UTM17N_EPSG32617_10m.manifest.json,20220412,17,32617,32617,1,176,100.0,176/176,0.19,187.0,ok
SAR_Ship_Chip_20220413_UTM04N_EPSG32604_10m.manifest.json,20220413,4,32604,32604,1,24,100.0,24/24,0.0,39.0,ok
SAR_Ship_Chip_20220414_UTM11N_EPSG32611_10m.manifest.json,20220414,11,32611,32611,1,29,100.0,29/29,0.07,179.0,ok
SAR_Ship_Chip_20220414_UTM17N_EPSG32617_10m.manifest.json,20220414,17,32617,32617,1,20,100.0,20/20,0.08,164.5,ok
SAR_Ship_Chip_20220414_UTM18N_EPSG32618_10m.manifest.json,20220414,18,32618,32618,1,131,100.0,131/131,0.0,180.0,ok
SAR_Ship_Chip_20220414_UTM19N_EPSG32619_10m.manifest.json,20220414,19,32619,32619,1,7,100.0,7/7,13.65,183.0,ok
SAR_Ship_Chip_20220415_UTM10N_EPSG32610_10m.manifest.json,20220415,10,32610,32610,1,347,100.0,347/347,0.0,86.0,ok
SAR_Ship_Chip_20220415_UTM16N_EPSG32616_10m.manifest.json,20220415,16,32616,32616,1,6,100.0,6/6,5.77,121.5,ok
SAR_Ship_Chip_20220415_UTM17N_EPSG32617_10m.manifest.json,20220415,17,32617,32617,1,13,100.0,13/13,11.65,199.0,ok
SAR_Ship_Chip_20220417_UTM16N_EPSG32616_10m.manifest.json,20220417,16,32616,32616,1,4,100.0,4/4,0.0,103.5,ok
SAR_Ship_Chip_20220417_UTM17N_EPSG32617_10m.manifest.json,20220417,17,32617,32617,1,201,100.0,201/201,0.0,61.0,ok
SAR_Ship_Chip_20220418_UTM04N_EPSG32604_10m.manifest.json,20220418,4,32604,32604,1,2,100.0,2/2,3.5,207.0,ok
SAR_Ship_Chip_20220418_UTM12N_EPSG32612_10m.manifest.json,20220418,12,32612,32612,1,13,100.0,13/13,13.9,225.0,ok
SAR_Ship_Chip_20220418_UTM19N_EPSG32619_10m.manifest.json,20220418,19,32619,32619,1,44,100.0,44/44,0.43,71.0,ok
SAR_Ship_Chip_20220418_UTM20N_EPSG32620_10m.manifest.json,20220418,20,32620,32620,1,21,100.0,21/21,0.1,121.0,ok
SAR_Ship_Chip_20220419_UTM11N_EPSG32611_10m.manifest.json,20220419,11,32611,32611,1,114,100.0,114/114,0.0,228.5,ok
SAR_Ship_Chip_20220419_UTM17N_EPSG32617_10m.manifest.json,20220419,17,32617,32617,1,58,100.0,58/58,0.3,185.5,ok
SAR_Ship_Chip_20220419_UTM18N_EPSG32618_10m.manifest.json,20220419,18,32618,32618,1,1,100.0,1/1,13.2,301.0,ok
SAR_Ship_Chip_20220420_UTM05N_EPSG32605_10m.manifest.json,20220420,5,32605,32605,1,2,100.0,2/2,2.78,182.0,ok
SAR_Ship_Chip_20220420_UTM15N_EPSG32615_10m.manifest.json,20220420,15,32615,32615,1,7,100.0,7/7,0.0,185.0,ok
SAR_Ship_Chip_20220420_UTM16N_EPSG32616_10m.manifest.json,20220420,16,32616,32616,1,71,100.0,71/71,0.1,138.0,ok
SAR_Ship_Chip_20220420_UTM17N_EPSG32617_10m.manifest.json,20220420,17,32617,32617,1,6,100.0,6/6,12.27,184.5,ok
SAR_Ship_Chip_20220421_UTM18N_EPSG32618_10m.manifest.json,20220421,18,32618,32618,1,168,100.0,168/168,0.04,183.0,ok
SAR_Ship_Chip_20220421_UTM19N_EPSG32619_10m.manifest.json,20220421,19,32619,32619,1,18,100.0,18/18,9.24,139.0,ok
SAR_Ship_Chip_20220422_UTM09N_EPSG32609_10m.manifest.json,20220422,9,32609,32609,1,9,100.0,9/9,9.18,272.0,ok
SAR_Ship_Chip_20220416_UTM04N_EPSG32604_10m.manifest.json,20220416,4,32604,32604,1,21,100.0,21/21,0.0,68.0,ok
SAR_Ship_Chip_20220416_UTM11N_EPSG32611_10m.manifest.json,20220416,11,32611,32611,1,1,100.0,1/1,17.5,199.0,ok
SAR_Ship_Chip_20220416_UTM12N_EPSG32612_10m.manifest.json,20220416,12,32612,32612,1,4,100.0,4/4,15.55,206.5,ok
SAR_Ship_Chip_20220416_UTM18N_EPSG32618_10m.manifest.json,20220416,18,32618,32618,1,146,100.0,146/146,0.1,52.0,ok
SAR_Ship_Chip_20220416_UTM19N_EPSG32619_10m.manifest.json,20220416,19,32619,32619,1,2,100.0,2/2,14.0,213.5,ok
SAR_Ship_Chip_20220416_UTM20N_EPSG32620_10m.manifest.json,20220416,20,32620,32620,1,49,100.0,49/49,0.12,95.0,ok
SAR_Ship_Chip_20220417_UTM10N_EPSG32610_10m.manifest.json,20220417,10,32610,32610,1,317,100.0,317/317,0.0,176.0,ok
SAR_Ship_Chip_20220417_UTM15N_EPSG32615_10m.manifest.json,20220417,15,32615,32615,1,329,100.0,329/329,0.0,149.0,ok
SAR_Ship_Chip_20220422_UTM10N_EPSG32610_10m.manifest.json,20220422,10,32610,32610,1,99,100.0,99/99,0.08,183.0,ok
SAR_Ship_Chip_20220422_UTM14N_EPSG32614_10m.manifest.json,20220422,14,32614,32614,1,65,100.0,65/65,0.0,120.0,ok
SAR_Ship_Chip_20220422_UTM15N_EPSG32615_10m.manifest.json,20220422,15,32615,32615,1,1,100.0,1/1,12.83,183.0,ok
SAR_Ship_Chip_20220422_UTM16N_EPSG32616_10m.manifest.json,20220422,16,32616,32616,1,24,100.0,24/24,0.1,106.5,ok
SAR_Ship_Chip_20220422_UTM17N_EPSG32617_10m.manifest.json,20220422,17,32617,32617,1,42,100.0,42/42,0.0,39.5,ok
SAR_Ship_Chip_20220422_UTM18N_EPSG32618_10m.manifest.json,20220422,18,32618,32618,1,38,100.0,38/38,0.0,37.0,ok
SAR_Ship_Chip_20220423_UTM18N_EPSG32618_10m.manifest.json,20220423,18,32618,32618,1,12,100.0,12/12,0.02,40.0,ok
SAR_Ship_Chip_20220423_UTM19N_EPSG32619_10m.manifest.json,20220423,19,32619,32619,1,100,100.0,100/100,5.91,86.0,ok
SAR_Ship_Chip_20220424_UTM10N_EPSG32610_10m.manifest.json,20220424,10,32610,32610,1,10,100.0,10/10,11.42,238.0,ok
SAR_Ship_Chip_20220424_UTM11N_EPSG32611_10m.manifest.json,20220424,11,32611,32611,1,121,100.0,121/121,0.0,199.0,ok
SAR_Ship_Chip_20220424_UTM14N_EPSG32614_10m.manifest.json,20220424,14,32614,32614,1,5,100.0,5/5,2.2,183.0,ok
SAR_Ship_Chip_20220424_UTM15N_EPSG32615_10m.manifest.json,20220424,15,32615,32615,1,427,100.0,427/427,0.0,179.0,ok
SAR_Ship_Chip_20220425_UTM19N_EPSG32619_10m.manifest.json,20220425,19,32619,32619,1,10,100.0,10/10,4.08,53.5,ok
SAR_Ship_Chip_20220425_UTM20N_EPSG32620_10m.manifest.json,20220425,20,32620,32620,1,4,100.0,4/4,6.4,146.0,ok
SAR_Ship_Chip_20220426_UTM11N_EPSG32611_10m.manifest.json,20220426,11,32611,32611,1,15,100.0,15/15,0.0,179.0,ok
SAR_Ship_Chip_20220426_UTM15N_EPSG32615_10m.manifest.json,20220426,15,32615,32615,1,8,100.0,8/8,0.0,222.5,ok
SAR_Ship_Chip_20220426_UTM16N_EPSG32616_10m.manifest.json,20220426,16,32616,32616,1,344,100.0,344/344,0.0,91.0,ok
SAR_Ship_Chip_20220426_UTM17N_EPSG32617_10m.manifest.json,20220426,17,32617,32617,1,27,100.0,27/27,0.1,150.0,ok
SAR_Ship_Chip_20220426_UTM18N_EPSG32618_10m.manifest.json,20220426,18,32618,32618,1,146,100.0,146/146,0.1,187.0,ok
SAR_Ship_Chip_20220426_UTM19N_EPSG32619_10m.manifest.json,20220426,19,32619,32619,1,4,100.0,4/4,6.17,224.0,ok
SAR_Ship_Chip_20220427_UTM10N_EPSG32610_10m.manifest.json,20220427,10,32610,32610,1,327,100.0,327/327,0.0,88.0,ok
SAR_Ship_Chip_20220427_UTM17N_EPSG32617_10m.manifest.json,20220427,17,32617,32617,1,15,100.0,15/15,11.47,165.0,ok
SAR_Ship_Chip_20220428_UTM11N_EPSG32611_10m.manifest.json,20220428,11,32611,32611,1,1,100.0,1/1,14.76,230.0,ok
SAR_Ship_Chip_20220428_UTM12N_EPSG32612_10m.manifest.json,20220428,12,32612,32612,1,2,100.0,2/2,14.66,229.5,ok
SAR_Ship_Chip_20220430_UTM20N_EPSG32620_10m.manifest.json,20220430,20,32620,32620,1,34,100.0,34/34,0.03,71.0,ok
SAR_Ship_Chip_20220501_UTM11N_EPSG32611_10m.manifest.json,20220501,11,32611,32611,1,189,100.0,189/189,0.0,210.0,ok
SAR_Ship_Chip_20220501_UTM15N_EPSG32615_10m.manifest.json,20220501,15,32615,32615,1,132,100.0,132/132,0.1,67.5,ok
SAR_Ship_Chip_20220501_UTM16N_EPSG32616_10m.manifest.json,20220501,16,32616,32616,1,1,100.0,1/1,9.9,51.0,ok
SAR_Ship_Chip_20220501_UTM17N_EPSG32617_10m.manifest.json,20220501,17,32617,32617,1,45,100.0,45/45,0.1,185.0,ok
SAR_Ship_Chip_20220501_UTM18N_EPSG32618_10m.manifest.json,20220501,18,32618,32618,1,3,100.0,3/3,14.94,178.0,ok
SAR_Ship_Chip_20220502_UTM15N_EPSG32615_10m.manifest.json,20220502,15,32615,32615,1,10,100.0,10/10,0.0,223.5,ok
SAR_Ship_Chip_20220502_UTM16N_EPSG32616_10m.manifest.json,20220502,16,32616,32616,1,75,100.0,75/75,0.0,131.0,ok
SAR_Ship_Chip_20220428_UTM18N_EPSG32618_10m.manifest.json,20220428,18,32618,32618,1,146,100.0,146/146,0.04,42.5,ok
SAR_Ship_Chip_20220428_UTM19N_EPSG32619_10m.manifest.json,20220428,19,32619,32619,1,5,100.0,5/5,11.5,197.0,ok
SAR_Ship_Chip_20220429_UTM10N_EPSG32610_10m.manifest.json,20220429,10,32610,32610,1,325,100.0,325/325,0.0,179.0,ok
SAR_Ship_Chip_20220429_UTM14N_EPSG32614_10m.manifest.json,20220429,14,32614,32614,1,2,100.0,2/2,0.0,61.0,ok
SAR_Ship_Chip_20220429_UTM15N_EPSG32615_10m.manifest.json,20220429,15,32615,32615,1,239,100.0,239/239,0.0,179.0,ok
SAR_Ship_Chip_20220429_UTM16N_EPSG32616_10m.manifest.json,20220429,16,32616,32616,1,3,100.0,3/3,0.0,37.0,ok
SAR_Ship_Chip_20220429_UTM17N_EPSG32617_10m.manifest.json,20220429,17,32617,32617,1,324,100.0,324/324,0.0,55.0,ok
SAR_Ship_Chip_20220430_UTM19N_EPSG32619_10m.manifest.json,20220430,19,32619,32619,1,34,100.0,34/34,0.0,60.0,ok
SAR_Ship_Chip_20220504_UTM16N_EPSG32616_10m.manifest.json,20220504,16,32616,32616,1,34,100.0,34/34,5.65,140.5,ok
SAR_Ship_Chip_20220504_UTM17N_EPSG32617_10m.manifest.json,20220504,17,32617,32617,1,65,100.0,65/65,1.1,176.0,ok
SAR_Ship_Chip_20220504_UTM18N_EPSG32618_10m.manifest.json,20220504,18,32618,32618,1,30,100.0,30/30,0.0,50.5,ok
SAR_Ship_Chip_20220505_UTM04N_EPSG32604_10m.manifest.json,20220505,4,32604,32604,1,1,100.0,1/1,19.7,272.0,ok
SAR_Ship_Chip_20220505_UTM12N_EPSG32612_10m.manifest.json,20220505,12,32612,32612,1,3,100.0,3/3,11.94,189.0,ok
SAR_Ship_Chip_20220505_UTM18N_EPSG32618_10m.manifest.json,20220505,18,32618,32618,1,12,100.0,12/12,0.0,135.5,ok
SAR_Ship_Chip_20220505_UTM19N_EPSG32619_10m.manifest.json,20220505,19,32619,32619,1,83,100.0,83/83,0.36,75.0,ok
SAR_Ship_Chip_20220505_UTM20N_EPSG32620_10m.manifest.json,20220505,20,32620,32620,1,5,100.0,5/5,10.97,128.0,ok
SAR_Ship_Chip_20220508_UTM15N_EPSG32615_10m.manifest.json,20220508,15,32615,32615,1,1,100.0,1/1,0.43,68.0,ok
SAR_Ship_Chip_20220508_UTM16N_EPSG32616_10m.manifest.json,20220508,16,32616,32616,1,346,100.0,346/346,0.01,92.0,ok
SAR_Ship_Chip_20220508_UTM17N_EPSG32617_10m.manifest.json,20220508,17,32617,32617,1,24,100.0,24/24,0.05,172.5,ok
SAR_Ship_Chip_20220508_UTM18N_EPSG32618_10m.manifest.json,20220508,18,32618,32618,1,133,100.0,133/133,0.0,199.0,ok
SAR_Ship_Chip_20220508_UTM19N_EPSG32619_10m.manifest.json,20220508,19,32619,32619,1,7,100.0,7/7,10.74,126.0,ok
SAR_Ship_Chip_20220509_UTM10N_EPSG32610_10m.manifest.json,20220509,10,32610,32610,1,352,100.0,352/352,0.0,101.0,ok
SAR_Ship_Chip_20220509_UTM16N_EPSG32616_10m.manifest.json,20220509,16,32616,32616,1,1,100.0,1/1,0.56,42.0,ok
SAR_Ship_Chip_20220509_UTM17N_EPSG32617_10m.manifest.json,20220509,17,32617,32617,1,16,100.0,16/16,13.94,227.5,ok
SAR_Ship_Chip_20220513_UTM18N_EPSG32618_10m.manifest.json,20220513,18,32618,32618,1,3,100.0,3/3,19.3,345.0,ok
SAR_Ship_Chip_20220514_UTM05N_EPSG32605_10m.manifest.json,20220514,5,32605,32605,1,2,100.0,2/2,10.52,60.0,ok
SAR_Ship_Chip_20220514_UTM15N_EPSG32615_10m.manifest.json,20220514,15,32615,32615,1,7,100.0,7/7,0.0,142.0,ok
SAR_Ship_Chip_20220514_UTM16N_EPSG32616_10m.manifest.json,20220514,16,32616,32616,1,68,100.0,68/68,0.0,105.0,ok
SAR_Ship_Chip_20220514_UTM17N_EPSG32617_10m.manifest.json,20220514,17,32617,32617,1,6,100.0,6/6,11.95,233.0,ok
SAR_Ship_Chip_20220514_UTM19N_EPSG32619_10m.manifest.json,20220514,19,32619,32619,1,3,100.0,3/3,0.0,106.0,ok
SAR_Ship_Chip_20220515_UTM04N_EPSG32604_10m.manifest.json,20220515,4,32604,32604,1,2,100.0,2/2,7.45,109.0,ok
SAR_Ship_Chip_20220515_UTM11N_EPSG32611_10m.manifest.json,20220515,11,32611,32611,1,5,100.0,5/5,11.91,224.0,ok
SAR_Ship_Chip_20220506_UTM10N_EPSG32610_10m.manifest.json,20220506,10,32610,32610,1,337,100.0,337/337,0.0,106.0,ok
SAR_Ship_Chip_20220506_UTM11N_EPSG32611_10m.manifest.json,20220506,11,32611,32611,1,117,100.0,117/117,0.0,200.0,ok
SAR_Ship_Chip_20220506_UTM14N_EPSG32614_10m.manifest.json,20220506,14,32614,32614,1,8,100.0,8/8,3.92,160.5,ok
SAR_Ship_Chip_20220506_UTM15N_EPSG32615_10m.manifest.json,20220506,15,32615,32615,1,418,100.0,418/418,0.0,177.0,ok
SAR_Ship_Chip_20220506_UTM17N_EPSG32617_10m.manifest.json,20220506,17,32617,32617,1,298,100.0,298/298,0.1,138.5,ok
SAR_Ship_Chip_20220507_UTM17N_EPSG32617_10m.manifest.json,20220507,17,32617,32617,1,2,100.0,2/2,10.9,167.5,ok
SAR_Ship_Chip_20220507_UTM19N_EPSG32619_10m.manifest.json,20220507,19,32619,32619,1,12,100.0,12/12,3.49,58.0,ok
SAR_Ship_Chip_20220508_UTM11N_EPSG32611_10m.manifest.json,20220508,11,32611,32611,1,28,100.0,28/28,0.0,72.5,ok
SAR_Ship_Chip_20220511_UTM16N_EPSG32616_10m.manifest.json,20220511,16,32616,32616,1,3,100.0,3/3,0.19,67.0,ok
SAR_Ship_Chip_20220511_UTM17N_EPSG32617_10m.manifest.json,20220511,17,32617,32617,1,297,100.0,297/297,0.0,53.0,ok
SAR_Ship_Chip_20220512_UTM12N_EPSG32612_10m.manifest.json,20220512,12,32612,32612,1,3,100.0,3/3,12.7,229.0,ok
SAR_Ship_Chip_20220512_UTM19N_EPSG32619_10m.manifest.json,20220512,19,32619,32619,1,48,100.0,48/48,0.04,60.5,ok
SAR_Ship_Chip_20220512_UTM20N_EPSG32620_10m.manifest.json,20220512,20,32620,32620,1,7,100.0,7/7,11.37,190.0,ok
SAR_Ship_Chip_20220513_UTM11N_EPSG32611_10m.manifest.json,20220513,11,32611,32611,1,172,100.0,172/172,0.0,196.0,ok
SAR_Ship_Chip_20220513_UTM15N_EPSG32615_10m.manifest.json,20220513,15,32615,32615,1,162,100.0,162/162,0.27,92.0,ok
SAR_Ship_Chip_20220513_UTM17N_EPSG32617_10m.manifest.json,20220513,17,32617,32617,1,20,100.0,20/20,9.41,134.0,ok
SAR_Ship_Chip_20220515_UTM18N_EPSG32618_10m.manifest.json,20220515,18,32618,32618,1,141,100.0,141/141,0.1,197.0,ok
SAR_Ship_Chip_20220515_UTM19N_EPSG32619_10m.manifest.json,20220515,19,32619,32619,1,11,100.0,11/11,7.7,139.0,ok
SAR_Ship_Chip_20220516_UTM09N_EPSG32609_10m.manifest.json,20220516,9,32609,32609,1,15,100.0,15/15,1.1,225.0,ok
SAR_Ship_Chip_20220516_UTM10N_EPSG32610_10m.manifest.json,20220516,10,32610,32610,1,116,100.0,116/116,0.96,188.0,ok
SAR_Ship_Chip_20220516_UTM14N_EPSG32614_10m.manifest.json,20220516,14,32614,32614,1,31,100.0,31/31,0.0,125.0,ok
SAR_Ship_Chip_20220516_UTM18N_EPSG32618_10m.manifest.json,20220516,18,32618,32618,1,23,100.0,23/23,0.0,38.0,ok
SAR_Ship_Chip_20220517_UTM12N_EPSG32612_10m.manifest.json,20220517,12,32612,32612,1,3,100.0,3/3,15.6,226.0,ok
SAR_Ship_Chip_20220517_UTM19N_EPSG32619_10m.manifest.json,20220517,19,32619,32619,1,35,100.0,35/35,0.1,125.0,ok
SAR_Ship_Chip_20220510_UTM04N_EPSG32604_10m.manifest.json,20220510,4,32604,32604,1,29,100.0,29/29,0.0,56.0,ok
SAR_Ship_Chip_20220510_UTM11N_EPSG32611_10m.manifest.json,20220510,11,32611,32611,1,1,100.0,1/1,8.58,189.0,ok
SAR_Ship_Chip_20220510_UTM12N_EPSG32612_10m.manifest.json,20220510,12,32612,32612,1,2,100.0,2/2,14.66,190.0,ok
SAR_Ship_Chip_20220510_UTM18N_EPSG32618_10m.manifest.json,20220510,18,32618,32618,1,179,100.0,179/179,0.04,64.0,ok
SAR_Ship_Chip_20220510_UTM19N_EPSG32619_10m.manifest.json,20220510,19,32619,32619,1,1,100.0,1/1,12.2,198.0,ok
SAR_Ship_Chip_20220510_UTM20N_EPSG32620_10m.manifest.json,20220510,20,32620,32620,1,50,100.0,50/50,0.1,102.5,ok
SAR_Ship_Chip_20220511_UTM10N_EPSG32610_10m.manifest.json,20220511,10,32610,32610,1,337,100.0,337/337,0.07,178.0,ok
SAR_Ship_Chip_20220511_UTM15N_EPSG32615_10m.manifest.json,20220511,15,32615,32615,1,231,100.0,231/231,0.01,176.0,ok
SAR_Ship_Chip_20220519_UTM17N_EPSG32617_10m.manifest.json,20220519,17,32617,32617,1,10,100.0,10/10,14.55,262.0,ok
SAR_Ship_Chip_20220519_UTM19N_EPSG32619_10m.manifest.json,20220519,19,32619,32619,1,3,100.0,3/3,0.09,42.0,ok
SAR_Ship_Chip_20220519_UTM20N_EPSG32620_10m.manifest.json,20220519,20,32620,32620,1,13,100.0,13/13,1.93,134.0,ok
SAR_Ship_Chip_20220520_UTM11N_EPSG32611_10m.manifest.json,20220520,11,32611,32611,1,29,100.0,29/29,0.0,79.0,ok
SAR_Ship_Chip_20220520_UTM15N_EPSG32615_10m.manifest.json,20220520,15,32615,32615,1,2,100.0,2/2,0.1,88.0,ok
SAR_Ship_Chip_20220520_UTM16N_EPSG32616_10m.manifest.json,20220520,16,32616,32616,1,1,100.0,1/1,13.22,293.0,ok
SAR_Ship_Chip_20220520_UTM18N_EPSG32618_10m.manifest.json,20220520,18,32618,32618,1,130,100.0,130/130,0.03,191.5,ok
SAR_Ship_Chip_20220520_UTM19N_EPSG32619_10m.manifest.json,20220520,19,32619,32619,1,11,100.0,11/11,1.1,188.0,ok
SAR_Ship_Chip_20220502_UTM17N_EPSG32617_10m.manifest.json,20220502,17,32617,32617,1,3,100.0,3/3,19.7,285.0,ok
SAR_Ship_Chip_20220502_UTM19N_EPSG32619_10m.manifest.json,20220502,19,32619,32619,1,2,100.0,2/2,12.2,217.0,ok
SAR_Ship_Chip_20220503_UTM11N_EPSG32611_10m.manifest.json,20220503,11,32611,32611,1,9,100.0,9/9,12.2,199.0,ok
SAR_Ship_Chip_20220503_UTM18N_EPSG32618_10m.manifest.json,20220503,18,32618,32618,1,160,100.0,160/160,0.08,180.0,ok
SAR_Ship_Chip_20220503_UTM19N_EPSG32619_10m.manifest.json,20220503,19,32619,32619,1,15,100.0,15/15,12.02,145.0,ok
SAR_Ship_Chip_20220504_UTM09N_EPSG32609_10m.manifest.json,20220504,9,32609,32609,1,17,100.0,17/17,12.2,200.0,ok
SAR_Ship_Chip_20220504_UTM10N_EPSG32610_10m.manifest.json,20220504,10,32610,32610,1,116,100.0,116/116,0.18,180.0,ok
SAR_Ship_Chip_20220504_UTM14N_EPSG32614_10m.manifest.json,20220504,14,32614,32614,1,64,100.0,64/64,0.0,107.0,ok
SAR_Ship_Chip_20220517_UTM20N_EPSG32620_10m.manifest.json,20220517,20,32620,32620,1,4,100.0,4/4,10.4,127.5,ok
SAR_Ship_Chip_20220518_UTM10N_EPSG32610_10m.manifest.json,20220518,10,32610,32610,1,339,100.0,339/339,0.0,111.0,ok
SAR_Ship_Chip_20220518_UTM11N_EPSG32611_10m.manifest.json,20220518,11,32611,32611,1,129,100.0,129/129,0.0,199.0,ok
SAR_Ship_Chip_20220518_UTM14N_EPSG32614_10m.manifest.json,20220518,14,32614,32614,1,29,100.0,29/29,0.0,166.0,ok
SAR_Ship_Chip_20220518_UTM15N_EPSG32615_10m.manifest.json,20220518,15,32615,32615,1,473,100.0,473/473,0.0,176.0,ok
SAR_Ship_Chip_20220518_UTM17N_EPSG32617_10m.manifest.json,20220518,17,32617,32617,1,258,100.0,258/258,0.04,151.5,ok
SAR_Ship_Chip_20220519_UTM04N_EPSG32604_10m.manifest.json,20220519,4,32604,32604,1,28,100.0,28/28,0.0,38.0,ok
SAR_Ship_Chip_20220519_UTM12N_EPSG32612_10m.manifest.json,20220519,12,32612,32612,1,4,100.0,4/4,15.25,191.0,ok
SAR_Ship_Chip_20220521_UTM10N_EPSG32610_10m.manifest.json,20220521,10,32610,32610,1,352,100.0,352/352,0.0,105.0,ok
SAR_Ship_Chip_20220521_UTM14N_EPSG32614_10m.manifest.json,20220521,14,32614,32614,1,37,100.0,37/37,0.0,179.0,ok
SAR_Ship_Chip_20220521_UTM16N_EPSG32616_10m.manifest.json,20220521,16,32616,32616,1,7,100.0,7/7,0.02,42.0,ok
SAR_Ship_Chip_20220521_UTM17N_EPSG32617_10m.manifest.json,20220521,17,32617,32617,1,31,100.0,31/31,10.24,199.0,ok
SAR_Ship_Chip_20220521_UTM20N_EPSG32620_10m.manifest.json,20220521,20,32620,32620,1,1,100.0,1/1,0.1,250.0,ok
SAR_Ship_Chip_20220522_UTM04N_EPSG32604_10m.manifest.json,20220522,4,32604,32604,1,11,100.0,11/11,0.3,47.0,ok
SAR_Ship_Chip_20220522_UTM18N_EPSG32618_10m.manifest.json,20220522,18,32618,32618,1,167,100.0,167/167,0.0,88.0,ok
SAR_Ship_Chip_20220522_UTM19N_EPSG32619_10m.manifest.json,20220522,19,32619,32619,1,10,100.0,10/10,11.79,214.5,ok
SAR_Ship_Chip_20220525_UTM17N_EPSG32617_10m.manifest.json,20220525,17,32617,32617,1,14,100.0,14/14,3.58,97.5,ok
SAR_Ship_Chip_20220525_UTM18N_EPSG32618_10m.manifest.json,20220525,18,32618,32618,1,7,100.0,7/7,13.0,233.0,ok
SAR_Ship_Chip_20220526_UTM05N_EPSG32605_10m.manifest.json,20220526,5,32605,32605,1,2,100.0,2/2,3.81,31.5,ok
SAR_Ship_Chip_20220526_UTM16N_EPSG32616_10m.manifest.json,20220526,16,32616,32616,1,65,100.0,65/65,0.01,108.0,ok
SAR_Ship_Chip_20220526_UTM19N_EPSG32619_10m.manifest.json,20220526,19,32619,32619,1,14,100.0,14/14,0.0,41.5,ok
SAR_Ship_Chip_20220527_UTM04N_EPSG32604_10m.manifest.json,20220527,4,32604,32604,1,2,100.0,2/2,4.44,158.0,ok
SAR_Ship_Chip_20220527_UTM11N_EPSG32611_10m.manifest.json,20220527,11,32611,32611,1,10,100.0,10/10,14.05,194.0,ok
SAR_Ship_Chip_20220527_UTM18N_EPSG32618_10m.manifest.json,20220527,18,32618,32618,1,171,100.0,171/171,0.01,189.0,ok
SAR_Ship_Chip_20220523_UTM10N_EPSG32610_10m.manifest.json,20220523,10,32610,32610,1,364,100.0,364/364,0.07,168.0,ok
SAR_Ship_Chip_20220523_UTM14N_EPSG32614_10m.manifest.json,20220523,14,32614,32614,1,1,100.0,1/1,5.7,23.0,ok
SAR_Ship_Chip_20220523_UTM15N_EPSG32615_10m.manifest.json,20220523,15,32615,32615,1,19,100.0,19/19,0.0,174.0,ok
SAR_Ship_Chip_20220524_UTM04N_EPSG32604_10m.manifest.json,20220524,4,32604,32604,1,3,100.0,3/3,3.81,37.0,ok
SAR_Ship_Chip_20220524_UTM12N_EPSG32612_10m.manifest.json,20220524,12,32612,32612,1,6,100.0,6/6,12.72,199.5,ok
SAR_Ship_Chip_20220524_UTM19N_EPSG32619_10m.manifest.json,20220524,19,32619,32619,1,50,100.0,50/50,2.09,47.0,ok
SAR_Ship_Chip_20220524_UTM20N_EPSG32620_10m.manifest.json,20220524,20,32620,32620,1,30,100.0,30/30,0.0,109.5,ok
SAR_Ship_Chip_20220525_UTM11N_EPSG32611_10m.manifest.json,20220525,11,32611,32611,1,214,100.0,214/214,0.0,185.5,ok
SAR_Ship_Chip_20220527_UTM19N_EPSG32619_10m.manifest.json,20220527,19,32619,32619,1,24,100.0,24/24,11.44,145.5,ok
SAR_Ship_Chip_20220528_UTM09N_EPSG32609_10m.manifest.json,20220528,9,32609,32609,1,16,100.0,16/16,7.35,94.0,ok
SAR_Ship_Chip_20220528_UTM10N_EPSG32610_10m.manifest.json,20220528,10,32610,32610,1,43,100.0,43/43,4.76,87.0,ok
SAR_Ship_Chip_20220528_UTM14N_EPSG32614_10m.manifest.json,20220528,14,32614,32614,1,91,100.0,91/91,0.0,182.0,ok
SAR_Ship_Chip_20220528_UTM16N_EPSG32616_10m.manifest.json,20220528,16,32616,32616,1,2,100.0,2/2,9.29,304.0,ok
SAR_Ship_Chip_20220528_UTM17N_EPSG32617_10m.manifest.json,20220528,17,32617,32617,1,42,100.0,42/42,0.1,93.0,ok
SAR_Ship_Chip_20220528_UTM18N_EPSG32618_10m.manifest.json,20220528,18,32618,32618,1,41,100.0,41/41,0.0,39.0,ok
SAR_Ship_Chip_20220529_UTM05N_EPSG32605_10m.manifest.json,20220529,5,32605,32605,1,3,100.0,3/3,7.44,37.0,ok
SAR_Ship_Chip_20220529_UTM19N_EPSG32619_10m.manifest.json,20220529,19,32619,32619,1,4,100.0,4/4,11.27,186.0,ok
SAR_Ship_Chip_20220529_UTM20N_EPSG32620_10m.manifest.json,20220529,20,32620,32620,1,7,100.0,7/7,6.0,160.0,ok
SAR_Ship_Chip_20220530_UTM10N_EPSG32610_10m.manifest.json,20220530,10,32610,32610,1,330,100.0,330/330,0.0,100.0,ok
SAR_Ship_Chip_20220530_UTM11N_EPSG32611_10m.manifest.json,20220530,11,32611,32611,1,11,100.0,11/11,0.6,60.0,ok
SAR_Ship_Chip_20220530_UTM14N_EPSG32614_10m.manifest.json,20220530,14,32614,32614,1,1,100.0,1/1,1.25,63.0,ok
SAR_Ship_Chip_20220530_UTM15N_EPSG32615_10m.manifest.json,20220530,15,32615,32615,1,425,100.0,425/425,0.0,178.0,ok
SAR_Ship_Chip_20220530_UTM17N_EPSG32617_10m.manifest.json,20220530,17,32617,32617,1,173,100.0,173/173,0.0,183.0,ok
SAR_Ship_Chip_20220531_UTM04N_EPSG32604_10m.manifest.json,20220531,4,32604,32604,1,28,100.0,28/28,0.03,43.5,ok
SAR_Ship_Chip_20220602_UTM16N_EPSG32616_10m.manifest.json,20220602,16,32616,32616,1,6,100.0,6/6,6.25,38.5,ok
SAR_Ship_Chip_20220602_UTM17N_EPSG32617_10m.manifest.json,20220602,17,32617,32617,1,16,100.0,16/16,11.77,228.0,ok
SAR_Ship_Chip_20220602_UTM20N_EPSG32620_10m.manifest.json,20220602,20,32620,32620,1,7,100.0,7/7,0.1,193.0,ok
SAR_Ship_Chip_20220603_UTM04N_EPSG32604_10m.manifest.json,20220603,4,32604,32604,1,28,100.0,28/28,0.0,61.5,ok
SAR_Ship_Chip_20220603_UTM11N_EPSG32611_10m.manifest.json,20220603,11,32611,32611,1,1,100.0,1/1,13.79,230.0,ok
SAR_Ship_Chip_20220603_UTM12N_EPSG32612_10m.manifest.json,20220603,12,32612,32612,1,6,100.0,6/6,12.41,191.5,ok
SAR_Ship_Chip_20220603_UTM18N_EPSG32618_10m.manifest.json,20220603,18,32618,32618,1,196,100.0,196/196,0.03,88.0,ok
SAR_Ship_Chip_20220603_UTM19N_EPSG32619_10m.manifest.json,20220603,19,32619,32619,1,13,100.0,13/13,12.17,179.0,ok
SAR_Ship_Chip_20220531_UTM12N_EPSG32612_10m.manifest.json,20220531,12,32612,32612,1,1,100.0,1/1,14.66,131.0,ok
SAR_Ship_Chip_20220531_UTM17N_EPSG32617_10m.manifest.json,20220531,17,32617,32617,1,6,100.0,6/6,13.0,229.0,ok
SAR_Ship_Chip_20220531_UTM19N_EPSG32619_10m.manifest.json,20220531,19,32619,32619,1,8,100.0,8/8,12.1,169.0,ok
SAR_Ship_Chip_20220531_UTM20N_EPSG32620_10m.manifest.json,20220531,20,32620,32620,1,2,100.0,2/2,11.15,181.0,ok
SAR_Ship_Chip_20220601_UTM15N_EPSG32615_10m.manifest.json,20220601,15,32615,32615,1,6,100.0,6/6,0.0,212.0,ok
SAR_Ship_Chip_20220601_UTM16N_EPSG32616_10m.manifest.json,20220601,16,32616,32616,1,304,100.0,304/304,0.0,91.5,ok
SAR_Ship_Chip_20220601_UTM18N_EPSG32618_10m.manifest.json,20220601,18,32618,32618,1,160,100.0,160/160,0.07,189.0,ok
SAR_Ship_Chip_20220602_UTM10N_EPSG32610_10m.manifest.json,20220602,10,32610,32610,1,333,100.0,333/333,0.0,81.0,ok
SAR_Ship_Chip_20220603_UTM20N_EPSG32620_10m.manifest.json,20220603,20,32620,32620,1,35,100.0,35/35,0.3,122.0,ok
SAR_Ship_Chip_20220604_UTM10N_EPSG32610_10m.manifest.json,20220604,10,32610,32610,1,242,100.0,242/242,0.1,139.0,ok
SAR_Ship_Chip_20220604_UTM15N_EPSG32615_10m.manifest.json,20220604,15,32615,32615,1,236,100.0,236/236,0.0,173.0,ok
SAR_Ship_Chip_20220604_UTM16N_EPSG32616_10m.manifest.json,20220604,16,32616,32616,1,5,100.0,5/5,0.0,139.0,ok
SAR_Ship_Chip_20220604_UTM17N_EPSG32617_10m.manifest.json,20220604,17,32617,32617,1,243,100.0,243/243,0.0,52.0,ok
SAR_Ship_Chip_20220605_UTM04N_EPSG32604_10m.manifest.json,20220605,4,32604,32604,1,4,100.0,4/4,1.33,94.0,ok
SAR_Ship_Chip_20220605_UTM12N_EPSG32612_10m.manifest.json,20220605,12,32612,32612,1,1,100.0,1/1,15.65,264.0,ok
SAR_Ship_Chip_20220605_UTM19N_EPSG32619_10m.manifest.json,20220605,19,32619,32619,1,56,100.0,56/56,2.2,69.0,ok
SAR_Ship_Chip_20220605_UTM20N_EPSG32620_10m.manifest.json,20220605,20,32620,32620,1,38,100.0,38/38,0.18,113.5,ok
SAR_Ship_Chip_20220606_UTM11N_EPSG32611_10m.manifest.json,20220606,11,32611,32611,1,200,100.0,200/200,0.0,183.0,ok
SAR_Ship_Chip_20220606_UTM15N_EPSG32615_10m.manifest.json,20220606,15,32615,32615,1,94,100.0,94/94,0.0,74.0,ok
SAR_Ship_Chip_20220606_UTM17N_EPSG32617_10m.manifest.json,20220606,17,32617,32617,1,11,100.0,11/11,0.1,168.0,ok
SAR_Ship_Chip_20220606_UTM18N_EPSG32618_10m.manifest.json,20220606,18,32618,32618,1,1,100.0,1/1,16.38,336.0,ok
SAR_Ship_Chip_20220607_UTM05N_EPSG32605_10m.manifest.json,20220607,5,32605,32605,1,8,100.0,8/8,1.47,37.0,ok
SAR_Ship_Chip_20220607_UTM16N_EPSG32616_10m.manifest.json,20220607,16,32616,32616,1,68,100.0,68/68,0.0,107.5,ok
SAR_Ship_Chip_20220607_UTM17N_EPSG32617_10m.manifest.json,20220607,17,32617,32617,1,16,100.0,16/16,12.38,189.0,ok
SAR_Ship_Chip_20220607_UTM19N_EPSG32619_10m.manifest.json,20220607,19,32619,32619,1,12,100.0,12/12,0.25,115.0,ok
SAR_Ship_Chip_20220608_UTM04N_EPSG32604_10m.manifest.json,20220608,4,32604,32604,1,1,100.0,1/1,0.0,37.0,ok
SAR_Ship_Chip_20220608_UTM11N_EPSG32611_10m.manifest.json,20220608,11,32611,32611,1,14,100.0,14/14,12.88,194.5,ok
SAR_Ship_Chip_20220608_UTM18N_EPSG32618_10m.manifest.json,20220608,18,32618,32618,1,155,100.0,155/155,0.0,189.0,ok
SAR_Ship_Chip_20220608_UTM19N_EPSG32619_10m.manifest.json,20220608,19,32619,32619,1,23,100.0,23/23,11.63,174.0,ok
SAR_Ship_Chip_20220609_UTM09N_EPSG32609_10m.manifest.json,20220609,9,32609,32609,1,25,100.0,25/25,9.9,179.0,ok
SAR_Ship_Chip_20220609_UTM10N_EPSG32610_10m.manifest.json,20220609,10,32610,32610,1,74,100.0,74/74,5.6,66.5,ok
SAR_Ship_Chip_20220609_UTM14N_EPSG32614_10m.manifest.json,20220609,14,32614,32614,1,55,100.0,55/55,0.0,50.0,ok
SAR_Ship_Chip_20220609_UTM17N_EPSG32617_10m.manifest.json,20220609,17,32617,32617,1,52,100.0,52/52,0.06,179.5,ok
SAR_Ship_Chip_20220609_UTM18N_EPSG32618_10m.manifest.json,20220609,18,32618,32618,1,36,100.0,36/36,0.0,39.0,ok
SAR_Ship_Chip_20220610_UTM05N_EPSG32605_10m.manifest.json,20220610,5,32605,32605,1,5,100.0,5/5,6.56,37.0,ok
SAR_Ship_Chip_20220610_UTM12N_EPSG32612_10m.manifest.json,20220610,12,32612,32612,1,9,100.0,9/9,13.6,210.0,ok
SAR_Ship_Chip_20220610_UTM18N_EPSG32618_10m.manifest.json,20220610,18,32618,32618,1,16,100.0,16/16,0.0,51.0,ok
SAR_Ship_Chip_20220610_UTM19N_EPSG32619_10m.manifest.json,20220610,19,32619,32619,1,64,100.0,64/64,2.24,54.5,ok
SAR_Ship_Chip_20220610_UTM20N_EPSG32620_10m.manifest.json,20220610,20,32620,32620,1,2,100.0,2/2,12.67,189.5,ok
SAR_Ship_Chip_20220611_UTM10N_EPSG32610_10m.manifest.json,20220611,10,32610,32610,1,320,100.0,320/320,0.0,100.0,ok
SAR_Ship_Chip_20220611_UTM14N_EPSG32614_10m.manifest.json,20220611,14,32614,32614,1,4,100.0,4/4,8.19,205.5,ok
SAR_Ship_Chip_20220611_UTM15N_EPSG32615_10m.manifest.json,20220611,15,32615,32615,1,432,100.0,432/432,0.0,177.0,ok
SAR_Ship_Chip_20220611_UTM17N_EPSG32617_10m.manifest.json,20220611,17,32617,32617,1,209,100.0,209/209,0.06,180.0,ok
SAR_Ship_Chip_20220612_UTM04N_EPSG32604_10m.manifest.json,20220612,4,32604,32604,1,27,100.0,27/27,0.0,81.0,ok
SAR_Ship_Chip_20220612_UTM17N_EPSG32617_10m.manifest.json,20220612,17,32617,32617,1,2,100.0,2/2,15.06,162.0,ok
SAR_Ship_Chip_20220613_UTM11N_EPSG32611_10m.manifest.json,20220613,11,32611,32611,1,41,100.0,41/41,0.12,183.0,ok
SAR_Ship_Chip_20220613_UTM16N_EPSG32616_10m.manifest.json,20220613,16,32616,32616,1,2,100.0,2/2,13.75,246.5,ok
SAR_Ship_Chip_20220613_UTM19N_EPSG32619_10m.manifest.json,20220613,19,32619,32619,1,3,100.0,3/3,14.46,231.0,ok
SAR_Ship_Chip_20220614_UTM10N_EPSG32610_10m.manifest.json,20220614,10,32610,32610,1,356,100.0,356/356,0.0,100.0,ok
SAR_Ship_Chip_20220614_UTM16N_EPSG32616_10m.manifest.json,20220614,16,32616,32616,1,6,100.0,6/6,0.02,127.5,ok
SAR_Ship_Chip_20220614_UTM17N_EPSG32617_10m.manifest.json,20220614,17,32617,32617,1,34,100.0,34/34,11.45,203.0,ok
SAR_Ship_Chip_20220615_UTM04N_EPSG32604_10m.manifest.json,20220615,4,32604,32604,1,22,100.0,22/22,0.0,61.5,ok
SAR_Ship_Chip_20220615_UTM11N_EPSG32611_10m.manifest.json,20220615,11,32611,32611,1,1,100.0,1/1,13.87,134.0,ok
SAR_Ship_Chip_20220615_UTM12N_EPSG32612_10m.manifest.json,20220615,12,32612,32612,1,12,100.0,12/12,12.45,198.0,ok
SAR_Ship_Chip_20220615_UTM18N_EPSG32618_10m.manifest.json,20220615,18,32618,32618,1,195,100.0,195/195,0.01,88.0,ok
SAR_Ship_Chip_20220615_UTM19N_EPSG32619_10m.manifest.json,20220615,19,32619,32619,1,3,100.0,3/3,12.5,159.0,ok
SAR_Ship_Chip_20220618_UTM11N_EPSG32611_10m.manifest.json,20220618,11,32611,32611,1,212,100.0,212/212,0.0,199.0,ok
SAR_Ship_Chip_20220618_UTM17N_EPSG32617_10m.manifest.json,20220618,17,32617,32617,1,27,100.0,27/27,9.2,169.0,ok
SAR_Ship_Chip_20220618_UTM18N_EPSG32618_10m.manifest.json,20220618,18,32618,32618,1,18,100.0,18/18,11.26,194.0,ok
SAR_Ship_Chip_20220619_UTM05N_EPSG32605_10m.manifest.json,20220619,5,32605,32605,1,3,100.0,3/3,7.11,36.0,ok
SAR_Ship_Chip_20220619_UTM15N_EPSG32615_10m.manifest.json,20220619,15,32615,32615,1,13,100.0,13/13,0.0,138.0,ok
SAR_Ship_Chip_20220619_UTM16N_EPSG32616_10m.manifest.json,20220619,16,32616,32616,1,86,100.0,86/86,0.0,96.5,ok
SAR_Ship_Chip_20220619_UTM17N_EPSG32617_10m.manifest.json,20220619,17,32617,32617,1,10,100.0,10/10,12.5,180.5,ok
SAR_Ship_Chip_20220620_UTM04N_EPSG32604_10m.manifest.json,20220620,4,32604,32604,1,1,100.0,1/1,8.28,36.0,ok
SAR_Ship_Chip_20220616_UTM10N_EPSG32610_10m.manifest.json,20220616,10,32610,32610,1,348,100.0,348/348,0.04,161.5,ok
SAR_Ship_Chip_20220616_UTM15N_EPSG32615_10m.manifest.json,20220616,15,32615,32615,1,252,100.0,252/252,0.0,169.0,ok
SAR_Ship_Chip_20220616_UTM16N_EPSG32616_10m.manifest.json,20220616,16,32616,32616,1,3,100.0,3/3,0.0,154.0,ok
SAR_Ship_Chip_20220616_UTM17N_EPSG32617_10m.manifest.json,20220616,17,32617,32617,1,234,100.0,234/234,0.0,60.0,ok
SAR_Ship_Chip_20220617_UTM04N_EPSG32604_10m.manifest.json,20220617,4,32604,32604,1,2,100.0,2/2,1.17,158.5,ok
SAR_Ship_Chip_20220617_UTM12N_EPSG32612_10m.manifest.json,20220617,12,32612,32612,1,2,100.0,2/2,18.8,262.5,ok
SAR_Ship_Chip_20220617_UTM19N_EPSG32619_10m.manifest.json,20220617,19,32619,32619,1,62,100.0,62/62,0.23,52.5,ok
SAR_Ship_Chip_20220617_UTM20N_EPSG32620_10m.manifest.json,20220617,20,32620,32620,1,37,100.0,37/37,0.05,136.0,ok
SAR_Ship_Chip_20220625_UTM17N_EPSG32617_10m.manifest.json,20220625,17,32617,32617,1,17,100.0,17/17,0.0,139.0,ok
SAR_Ship_Chip_20220625_UTM18N_EPSG32618_10m.manifest.json,20220625,18,32618,32618,1,10,100.0,10/10,12.01,199.0,ok
SAR_Ship_Chip_20220625_UTM19N_EPSG32619_10m.manifest.json,20220625,19,32619,32619,1,1,100.0,1/1,14.8,175.0,ok
SAR_Ship_Chip_20220626_UTM10N_EPSG32610_10m.manifest.json,20220626,10,32610,32610,1,35,100.0,35/35,9.69,73.0,ok
SAR_Ship_Chip_20220626_UTM16N_EPSG32616_10m.manifest.json,20220626,16,32616,32616,1,7,100.0,7/7,5.96,42.0,ok
SAR_Ship_Chip_20220626_UTM17N_EPSG32617_10m.manifest.json,20220626,17,32617,32617,1,32,100.0,32/32,9.1,227.0,ok
SAR_Ship_Chip_20220627_UTM04N_EPSG32604_10m.manifest.json,20220627,4,32604,32604,1,25,100.0,25/25,0.4,79.0,ok
SAR_Ship_Chip_20220627_UTM19N_EPSG32619_10m.manifest.json,20220627,19,32619,32619,1,4,100.0,4/4,11.55,209.0,ok
SAR_Ship_Chip_20220621_UTM18N_EPSG32618_10m.manifest.json,20220621,18,32618,32618,1,38,100.0,38/38,0.0,40.0,ok
SAR_Ship_Chip_20220622_UTM04N_EPSG32604_10m.manifest.json,20220622,4,32604,32604,1,1,100.0,1/1,8.14,247.0,ok
SAR_Ship_Chip_20220622_UTM05N_EPSG32605_10m.manifest.json,20220622,5,32605,32605,1,6,100.0,6/6,7.9,36.0,ok
SAR_Ship_Chip_20220622_UTM18N_EPSG32618_10m.manifest.json,20220622,18,32618,32618,1,16,100.0,16/16,0.0,47.0,ok
SAR_Ship_Chip_20220622_UTM19N_EPSG32619_10m.manifest.json,20220622,19,32619,32619,1,99,100.0,99/99,0.0,53.0,ok
SAR_Ship_Chip_20220622_UTM20N_EPSG32620_10m.manifest.json,20220622,20,32620,32620,1,9,100.0,9/9,4.8,184.0,ok
SAR_Ship_Chip_20220623_UTM10N_EPSG32610_10m.manifest.json,20220623,10,32610,32610,1,308,100.0,308/308,0.0,100.0,ok
SAR_Ship_Chip_20220623_UTM11N_EPSG32611_10m.manifest.json,20220623,11,32611,32611,1,121,100.0,121/121,0.06,200.0,ok
SAR_Ship_Chip_20220620_UTM11N_EPSG32611_10m.manifest.json,20220620,11,32611,32611,1,7,100.0,7/7,13.46,187.0,ok
SAR_Ship_Chip_20220620_UTM18N_EPSG32618_10m.manifest.json,20220620,18,32618,32618,1,160,100.0,160/160,0.0,179.5,ok
SAR_Ship_Chip_20220620_UTM19N_EPSG32619_10m.manifest.json,20220620,19,32619,32619,1,24,100.0,24/24,10.93,168.0,ok
SAR_Ship_Chip_20220621_UTM09N_EPSG32609_10m.manifest.json,20220621,9,32609,32609,1,30,100.0,30/30,9.75,192.0,ok
SAR_Ship_Chip_20220621_UTM10N_EPSG32610_10m.manifest.json,20220621,10,32610,32610,1,112,100.0,112/112,1.76,170.5,ok
SAR_Ship_Chip_20220621_UTM14N_EPSG32614_10m.manifest.json,20220621,14,32614,32614,1,83,100.0,83/83,0.0,183.0,ok
SAR_Ship_Chip_20220621_UTM16N_EPSG32616_10m.manifest.json,20220621,16,32616,32616,1,32,100.0,32/32,0.05,164.5,ok
SAR_Ship_Chip_20220621_UTM17N_EPSG32617_10m.manifest.json,20220621,17,32617,32617,1,51,100.0,51/51,0.1,175.0,ok
SAR_Ship_Chip_20220623_UTM14N_EPSG32614_10m.manifest.json,20220623,14,32614,32614,1,5,100.0,5/5,0.4,200.0,ok
SAR_Ship_Chip_20220623_UTM15N_EPSG32615_10m.manifest.json,20220623,15,32615,32615,1,432,100.0,432/432,0.0,177.0,ok
SAR_Ship_Chip_20220623_UTM17N_EPSG32617_10m.manifest.json,20220623,17,32617,32617,1,172,100.0,172/172,0.0,182.5,ok
SAR_Ship_Chip_20220624_UTM04N_EPSG32604_10m.manifest.json,20220624,4,32604,32604,1,26,100.0,26/26,0.08,65.5,ok
SAR_Ship_Chip_20220624_UTM17N_EPSG32617_10m.manifest.json,20220624,17,32617,32617,1,6,100.0,6/6,13.85,208.0,ok
SAR_Ship_Chip_20220624_UTM19N_EPSG32619_10m.manifest.json,20220624,19,32619,32619,1,22,100.0,22/22,6.95,95.5,ok
SAR_Ship_Chip_20220625_UTM11N_EPSG32611_10m.manifest.json,20220625,11,32611,32611,1,34,100.0,34/34,0.08,183.0,ok
SAR_Ship_Chip_20220625_UTM16N_EPSG32616_10m.manifest.json,20220625,16,32616,32616,1,2,100.0,2/2,13.34,258.0,ok
SAR_Ship_Chip_20220628_UTM10N_EPSG32610_10m.manifest.json,20220628,10,32610,32610,1,315,100.0,315/315,0.04,149.0,ok
SAR_Ship_Chip_20220628_UTM15N_EPSG32615_10m.manifest.json,20220628,15,32615,32615,1,214,100.0,214/214,0.0,179.0,ok
SAR_Ship_Chip_20220628_UTM16N_EPSG32616_10m.manifest.json,20220628,16,32616,32616,1,4,100.0,4/4,0.0,199.0,ok
SAR_Ship_Chip_20220628_UTM17N_EPSG32617_10m.manifest.json,20220628,17,32617,32617,1,209,100.0,209/209,0.0,63.0,ok
SAR_Ship_Chip_20220629_UTM04N_EPSG32604_10m.manifest.json,20220629,4,32604,32604,1,1,100.0,1/1,3.87,33.0,ok
SAR_Ship_Chip_20220629_UTM19N_EPSG32619_10m.manifest.json,20220629,19,32619,32619,1,59,100.0,59/59,0.0,52.0,ok
SAR_Ship_Chip_20220629_UTM20N_EPSG32620_10m.manifest.json,20220629,20,32620,32620,1,27,100.0,27/27,0.0,129.0,ok
SAR_Ship_Chip_20220630_UTM11N_EPSG32611_10m.manifest.json,20220630,11,32611,32611,1,205,100.0,205/205,0.0,200.0,ok
SAR_Ship_Chip_20220630_UTM15N_EPSG32615_10m.manifest.json,20220630,15,32615,32615,1,101,100.0,101/101,0.0,62.0,ok
SAR_Ship_Chip_20220630_UTM17N_EPSG32617_10m.manifest.json,20220630,17,32617,32617,1,54,100.0,54/54,7.91,140.0,ok
SAR_Ship_Chip_20220630_UTM18N_EPSG32618_10m.manifest.json,20220630,18,32618,32618,1,1,100.0,1/1,21.11,333.0,ok
SAR_Ship_Chip_20220701_UTM05N_EPSG32605_10m.manifest.json,20220701,5,32605,32605,1,3,100.0,3/3,8.3,36.0,ok
SAR_Ship_Chip_20220701_UTM15N_EPSG32615_10m.manifest.json,20220701,15,32615,32615,1,12,100.0,12/12,0.0,229.5,ok
SAR_Ship_Chip_20220701_UTM16N_EPSG32616_10m.manifest.json,20220701,16,32616,32616,1,76,100.0,76/76,0.0,105.0,ok
SAR_Ship_Chip_20220701_UTM17N_EPSG32617_10m.manifest.json,20220701,17,32617,32617,1,3,100.0,3/3,15.9,288.0,ok
SAR_Ship_Chip_20220701_UTM19N_EPSG32619_10m.manifest.json,20220701,19,32619,32619,1,9,100.0,9/9,7.6,85.0,ok
SAR_Ship_Chip_20220702_UTM04N_EPSG32604_10m.manifest.json,20220702,4,32604,32604,1,2,100.0,2/2,7.6,158.5,ok
SAR_Ship_Chip_20220702_UTM11N_EPSG32611_10m.manifest.json,20220702,11,32611,32611,1,13,100.0,13/13,14.9,189.0,ok
SAR_Ship_Chip_20220702_UTM18N_EPSG32618_10m.manifest.json,20220702,18,32618,32618,1,130,100.0,130/130,0.05,145.5,ok
SAR_Ship_Chip_20220702_UTM19N_EPSG32619_10m.manifest.json,20220702,19,32619,32619,1,19,100.0,19/19,13.6,161.0,ok
SAR_Ship_Chip_20220703_UTM09N_EPSG32609_10m.manifest.json,20220703,9,32609,32609,1,26,100.0,26/26,6.64,48.5,ok
SAR_Ship_Chip_20220703_UTM10N_EPSG32610_10m.manifest.json,20220703,10,32610,32610,1,92,100.0,92/92,0.15,179.0,ok
SAR_Ship_Chip_20220703_UTM14N_EPSG32614_10m.manifest.json,20220703,14,32614,32614,1,71,100.0,71/71,0.0,125.0,ok
SAR_Ship_Chip_20220703_UTM16N_EPSG32616_10m.manifest.json,20220703,16,32616,32616,1,34,100.0,34/34,3.9,194.0,ok
SAR_Ship_Chip_20220703_UTM17N_EPSG32617_10m.manifest.json,20220703,17,32617,32617,1,48,100.0,48/48,0.0,55.0,ok
SAR_Ship_Chip_20220703_UTM18N_EPSG32618_10m.manifest.json,20220703,18,32618,32618,1,38,100.0,38/38,0.0,42.5,ok
SAR_Ship_Chip_20220704_UTM12N_EPSG32612_10m.manifest.json,20220704,12,32612,32612,1,6,100.0,6/6,16.15,271.5,ok
SAR_Ship_Chip_20220704_UTM18N_EPSG32618_10m.manifest.json,20220704,18,32618,32618,1,12,100.0,12/12,0.0,40.0,ok
SAR_Ship_Chip_20220704_UTM19N_EPSG32619_10m.manifest.json,20220704,19,32619,32619,1,121,100.0,121/121,0.2,70.0,ok
SAR_Ship_Chip_20220704_UTM20N_EPSG32620_10m.manifest.json,20220704,20,32620,32620,1,1,100.0,1/1,10.6,129.0,ok
SAR_Ship_Chip_20220705_UTM10N_EPSG32610_10m.manifest.json,20220705,10,32610,32610,1,264,100.0,264/264,0.0,96.0,ok
SAR_Ship_Chip_20220705_UTM11N_EPSG32611_10m.manifest.json,20220705,11,32611,32611,1,105,100.0,105/105,0.0,199.0,ok
SAR_Ship_Chip_20220712_UTM17N_EPSG32617_10m.manifest.json,20220712,17,32617,32617,1,13,100.0,13/13,8.51,149.0,ok
SAR_Ship_Chip_20220712_UTM18N_EPSG32618_10m.manifest.json,20220712,18,32618,32618,1,4,100.0,4/4,10.1,214.5,ok
SAR_Ship_Chip_20220713_UTM05N_EPSG32605_10m.manifest.json,20220713,5,32605,32605,1,3,100.0,3/3,7.08,37.0,ok
SAR_Ship_Chip_20220713_UTM15N_EPSG32615_10m.manifest.json,20220713,15,32615,32615,1,10,100.0,10/10,0.05,165.5,ok
SAR_Ship_Chip_20220713_UTM16N_EPSG32616_10m.manifest.json,20220713,16,32616,32616,1,62,100.0,62/62,0.0,123.0,ok
SAR_Ship_Chip_20220713_UTM17N_EPSG32617_10m.manifest.json,20220713,17,32617,32617,1,20,100.0,20/20,14.05,194.0,ok
SAR_Ship_Chip_20220713_UTM19N_EPSG32619_10m.manifest.json,20220713,19,32619,32619,1,5,100.0,5/5,0.1,85.0,ok
SAR_Ship_Chip_20220714_UTM11N_EPSG32611_10m.manifest.json,20220714,11,32611,32611,1,19,100.0,19/19,12.8,199.0,ok
SAR_Ship_Chip_20220708_UTM14N_EPSG32614_10m.manifest.json,20220708,14,32614,32614,1,1,100.0,1/1,0.0,199.0,ok
SAR_Ship_Chip_20220708_UTM16N_EPSG32616_10m.manifest.json,20220708,16,32616,32616,1,7,100.0,7/7,0.0,83.0,ok
SAR_Ship_Chip_20220708_UTM17N_EPSG32617_10m.manifest.json,20220708,17,32617,32617,1,19,100.0,19/19,11.7,220.0,ok
SAR_Ship_Chip_20220708_UTM20N_EPSG32620_10m.manifest.json,20220708,20,32620,32620,1,14,100.0,14/14,10.9,168.5,ok
SAR_Ship_Chip_20220709_UTM04N_EPSG32604_10m.manifest.json,20220709,4,32604,32604,1,26,100.0,26/26,0.02,56.5,ok
SAR_Ship_Chip_20220709_UTM11N_EPSG32611_10m.manifest.json,20220709,11,32611,32611,1,1,100.0,1/1,19.12,275.0,ok
SAR_Ship_Chip_20220709_UTM12N_EPSG32612_10m.manifest.json,20220709,12,32612,32612,1,13,100.0,13/13,13.76,204.0,ok
SAR_Ship_Chip_20220710_UTM10N_EPSG32610_10m.manifest.json,20220710,10,32610,32610,1,82,100.0,82/82,0.0,183.0,ok
SAR_Ship_Chip_20220710_UTM16N_EPSG32616_10m.manifest.json,20220710,16,32616,32616,1,5,100.0,5/5,0.0,41.0,ok
SAR_Ship_Chip_20220710_UTM17N_EPSG32617_10m.manifest.json,20220710,17,32617,32617,1,194,100.0,194/194,0.0,60.5,ok
SAR_Ship_Chip_20220711_UTM04N_EPSG32604_10m.manifest.json,20220711,4,32604,32604,1,1,100.0,1/1,1.33,183.0,ok
SAR_Ship_Chip_20220711_UTM12N_EPSG32612_10m.manifest.json,20220711,12,32612,32612,1,3,100.0,3/3,13.4,180.0,ok
SAR_Ship_Chip_20220711_UTM19N_EPSG32619_10m.manifest.json,20220711,19,32619,32619,1,75,100.0,75/75,0.1,55.0,ok
SAR_Ship_Chip_20220711_UTM20N_EPSG32620_10m.manifest.json,20220711,20,32620,32620,1,33,100.0,33/33,0.08,121.0,ok
SAR_Ship_Chip_20220712_UTM11N_EPSG32611_10m.manifest.json,20220712,11,32611,32611,1,254,100.0,254/254,0.0,194.5,ok
SAR_Ship_Chip_20220712_UTM15N_EPSG32615_10m.manifest.json,20220712,15,32615,32615,1,101,100.0,101/101,0.06,61.0,ok
SAR_Ship_Chip_20220705_UTM14N_EPSG32614_10m.manifest.json,20220705,14,32614,32614,1,6,100.0,6/6,0.0,184.5,ok
SAR_Ship_Chip_20220705_UTM15N_EPSG32615_10m.manifest.json,20220705,15,32615,32615,1,460,100.0,460/460,0.0,179.0,ok
SAR_Ship_Chip_20220705_UTM17N_EPSG32617_10m.manifest.json,20220705,17,32617,32617,1,166,100.0,166/166,0.06,183.0,ok
SAR_Ship_Chip_20220706_UTM04N_EPSG32604_10m.manifest.json,20220706,4,32604,32604,1,35,100.0,35/35,0.0,57.0,ok
SAR_Ship_Chip_20220706_UTM17N_EPSG32617_10m.manifest.json,20220706,17,32617,32617,1,5,100.0,5/5,13.7,250.0,ok
SAR_Ship_Chip_20220706_UTM19N_EPSG32619_10m.manifest.json,20220706,19,32619,32619,1,11,100.0,11/11,4.84,53.0,ok
SAR_Ship_Chip_20220707_UTM11N_EPSG32611_10m.manifest.json,20220707,11,32611,32611,1,51,100.0,51/51,0.11,182.0,ok
SAR_Ship_Chip_20220708_UTM10N_EPSG32610_10m.manifest.json,20220708,10,32610,32610,1,320,100.0,320/320,0.0,88.5,ok
SAR_Ship_Chip_20220714_UTM18N_EPSG32618_10m.manifest.json,20220714,18,32618,32618,1,141,100.0,141/141,0.1,177.0,ok
SAR_Ship_Chip_20220714_UTM19N_EPSG32619_10m.manifest.json,20220714,19,32619,32619,1,14,100.0,14/14,4.94,174.0,ok
SAR_Ship_Chip_20220715_UTM09N_EPSG32609_10m.manifest.json,20220715,9,32609,32609,1,30,100.0,30/30,8.77,221.0,ok
SAR_Ship_Chip_20220715_UTM10N_EPSG32610_10m.manifest.json,20220715,10,32610,32610,1,102,100.0,102/102,0.1,179.0,ok
SAR_Ship_Chip_20220715_UTM14N_EPSG32614_10m.manifest.json,20220715,14,32614,32614,1,65,100.0,65/65,0.0,120.0,ok
SAR_Ship_Chip_20220715_UTM16N_EPSG32616_10m.manifest.json,20220715,16,32616,32616,1,39,100.0,39/39,9.36,192.0,ok
SAR_Ship_Chip_20220715_UTM17N_EPSG32617_10m.manifest.json,20220715,17,32617,32617,1,52,100.0,52/52,0.03,178.5,ok
SAR_Ship_Chip_20220715_UTM18N_EPSG32618_10m.manifest.json,20220715,18,32618,32618,1,51,100.0,51/51,0.0,43.0,ok
SAR_Ship_Chip_20220716_UTM05N_EPSG32605_10m.manifest.json,20220716,5,32605,32605,1,5,100.0,5/5,0.0,36.0,ok
SAR_Ship_Chip_20220716_UTM12N_EPSG32612_10m.manifest.json,20220716,12,32612,32612,1,8,100.0,8/8,14.83,210.0,ok
SAR_Ship_Chip_20220716_UTM18N_EPSG32618_10m.manifest.json,20220716,18,32618,32618,1,19,100.0,19/19,0.0,50.0,ok
SAR_Ship_Chip_20220716_UTM19N_EPSG32619_10m.manifest.json,20220716,19,32619,32619,1,132,100.0,132/132,0.1,49.5,ok
SAR_Ship_Chip_20220716_UTM20N_EPSG32620_10m.manifest.json,20220716,20,32620,32620,1,3,100.0,3/3,0.64,100.0,ok
SAR_Ship_Chip_20220717_UTM10N_EPSG32610_10m.manifest.json,20220717,10,32610,32610,1,26,100.0,26/26,9.4,199.0,ok
SAR_Ship_Chip_20220717_UTM11N_EPSG32611_10m.manifest.json,20220717,11,32611,32611,1,108,100.0,108/108,0.1,204.0,ok
SAR_Ship_Chip_20220717_UTM14N_EPSG32614_10m.manifest.json,20220717,14,32614,32614,1,9,100.0,9/9,0.0,199.0,ok
SAR_Ship_Chip_20220720_UTM10N_EPSG32610_10m.manifest.json,20220720,10,32610,32610,1,317,100.0,317/317,0.0,91.0,ok
SAR_Ship_Chip_20220720_UTM16N_EPSG32616_10m.manifest.json,20220720,16,32616,32616,1,8,100.0,8/8,0.05,65.5,ok
SAR_Ship_Chip_20220720_UTM20N_EPSG32620_10m.manifest.json,20220720,20,32620,32620,1,3,100.0,3/3,14.2,265.0,ok
SAR_Ship_Chip_20220721_UTM04N_EPSG32604_10m.manifest.json,20220721,4,32604,32604,1,31,100.0,31/31,0.0,63.0,ok
SAR_Ship_Chip_20220721_UTM12N_EPSG32612_10m.manifest.json,20220721,12,32612,32612,1,4,100.0,4/4,14.8,241.5,ok
SAR_Ship_Chip_20220721_UTM18N_EPSG32618_10m.manifest.json,20220721,18,32618,32618,1,194,100.0,194/194,0.1,88.0,ok
SAR_Ship_Chip_20220721_UTM19N_EPSG32619_10m.manifest.json,20220721,19,32619,32619,1,3,100.0,3/3,10.5,184.0,ok
SAR_Ship_Chip_20220722_UTM10N_EPSG32610_10m.manifest.json,20220722,10,32610,32610,1,171,100.0,171/171,0.08,181.0,ok
SAR_Ship_Chip_20220725_UTM05N_EPSG32605_10m.manifest.json,20220725,5,32605,32605,1,2,100.0,2/2,0.1,156.5,ok
SAR_Ship_Chip_20220725_UTM15N_EPSG32615_10m.manifest.json,20220725,15,32615,32615,1,6,100.0,6/6,4.93,229.0,ok
SAR_Ship_Chip_20220725_UTM16N_EPSG32616_10m.manifest.json,20220725,16,32616,32616,1,73,100.0,73/73,0.0,162.0,ok
SAR_Ship_Chip_20220725_UTM17N_EPSG32617_10m.manifest.json,20220725,17,32617,32617,1,4,100.0,4/4,11.8,251.5,ok
SAR_Ship_Chip_20220725_UTM19N_EPSG32619_10m.manifest.json,20220725,19,32619,32619,1,2,100.0,2/2,10.39,217.0,ok
SAR_Ship_Chip_20220726_UTM11N_EPSG32611_10m.manifest.json,20220726,11,32611,32611,1,8,100.0,8/8,11.85,242.0,ok
SAR_Ship_Chip_20220726_UTM18N_EPSG32618_10m.manifest.json,20220726,18,32618,32618,1,162,100.0,162/162,0.0,186.0,ok
SAR_Ship_Chip_20220726_UTM19N_EPSG32619_10m.manifest.json,20220726,19,32619,32619,1,17,100.0,17/17,12.14,179.0,ok
SAR_Ship_Chip_20220727_UTM09N_EPSG32609_10m.manifest.json,20220727,9,32609,32609,1,40,100.0,40/40,9.19,180.5,ok
SAR_Ship_Chip_20220727_UTM10N_EPSG32610_10m.manifest.json,20220727,10,32610,32610,1,108,100.0,108/108,0.3,179.0,ok
SAR_Ship_Chip_20220727_UTM14N_EPSG32614_10m.manifest.json,20220727,14,32614,32614,1,72,100.0,72/72,0.0,153.5,ok
SAR_Ship_Chip_20220727_UTM16N_EPSG32616_10m.manifest.json,20220727,16,32616,32616,1,35,100.0,35/35,0.0,192.0,ok
SAR_Ship_Chip_20220727_UTM17N_EPSG32617_10m.manifest.json,20220727,17,32617,32617,1,51,100.0,51/51,7.99,180.0,ok
SAR_Ship_Chip_20220727_UTM18N_EPSG32618_10m.manifest.json,20220727,18,32618,32618,1,45,100.0,45/45,0.0,40.0,ok
SAR_Ship_Chip_20220728_UTM04N_EPSG32604_10m.manifest.json,20220728,4,32604,32604,1,1,100.0,1/1,19.6,272.0,ok
SAR_Ship_Chip_20220728_UTM05N_EPSG32605_10m.manifest.json,20220728,5,32605,32605,1,4,100.0,4/4,7.02,92.5,ok
SAR_Ship_Chip_20220717_UTM15N_EPSG32615_10m.manifest.json,20220717,15,32615,32615,1,470,100.0,470/470,0.0,179.0,ok
SAR_Ship_Chip_20220717_UTM17N_EPSG32617_10m.manifest.json,20220717,17,32617,32617,1,172,100.0,172/172,0.05,189.0,ok
SAR_Ship_Chip_20220718_UTM04N_EPSG32604_10m.manifest.json,20220718,4,32604,32604,1,30,100.0,30/30,0.01,56.5,ok
SAR_Ship_Chip_20220718_UTM17N_EPSG32617_10m.manifest.json,20220718,17,32617,32617,1,14,100.0,14/14,12.8,177.5,ok
SAR_Ship_Chip_20220718_UTM19N_EPSG32619_10m.manifest.json,20220718,19,32619,32619,1,17,100.0,17/17,0.04,49.0,ok
SAR_Ship_Chip_20220719_UTM11N_EPSG32611_10m.manifest.json,20220719,11,32611,32611,1,48,100.0,48/48,0.1,183.0,ok
SAR_Ship_Chip_20220719_UTM17N_EPSG32617_10m.manifest.json,20220719,17,32617,32617,1,36,100.0,36/36,0.1,165.5,ok
SAR_Ship_Chip_20220719_UTM18N_EPSG32618_10m.manifest.json,20220719,18,32618,32618,1,135,100.0,135/135,0.04,189.0,ok
SAR_Ship_Chip_20220722_UTM15N_EPSG32615_10m.manifest.json,20220722,15,32615,32615,1,235,100.0,235/235,0.0,182.0,ok
SAR_Ship_Chip_20220722_UTM16N_EPSG32616_10m.manifest.json,20220722,16,32616,32616,1,9,100.0,9/9,0.0,190.0,ok
SAR_Ship_Chip_20220722_UTM17N_EPSG32617_10m.manifest.json,20220722,17,32617,32617,1,203,100.0,203/203,0.0,103.0,ok
SAR_Ship_Chip_20220723_UTM12N_EPSG32612_10m.manifest.json,20220723,12,32612,32612,1,1,100.0,1/1,15.64,225.0,ok
SAR_Ship_Chip_20220723_UTM19N_EPSG32619_10m.manifest.json,20220723,19,32619,32619,1,66,100.0,66/66,0.15,48.0,ok
SAR_Ship_Chip_20220724_UTM11N_EPSG32611_10m.manifest.json,20220724,11,32611,32611,1,220,100.0,220/220,0.0,183.0,ok
SAR_Ship_Chip_20220724_UTM17N_EPSG32617_10m.manifest.json,20220724,17,32617,32617,1,21,100.0,21/21,0.6,159.0,ok
SAR_Ship_Chip_20220724_UTM18N_EPSG32618_10m.manifest.json,20220724,18,32618,32618,1,3,100.0,3/3,16.5,232.0,ok
SAR_Ship_Chip_20220728_UTM12N_EPSG32612_10m.manifest.json,20220728,12,32612,32612,1,15,100.0,15/15,12.7,199.0,ok
SAR_Ship_Chip_20220728_UTM18N_EPSG32618_10m.manifest.json,20220728,18,32618,32618,1,18,100.0,18/18,0.0,37.5,ok
SAR_Ship_Chip_20220728_UTM19N_EPSG32619_10m.manifest.json,20220728,19,32619,32619,1,140,100.0,140/140,0.2,57.5,ok
SAR_Ship_Chip_20220728_UTM20N_EPSG32620_10m.manifest.json,20220728,20,32620,32620,1,3,100.0,3/3,3.89,63.0,ok
SAR_Ship_Chip_20220729_UTM10N_EPSG32610_10m.manifest.json,20220729,10,32610,32610,1,288,100.0,288/288,0.0,106.5,ok
SAR_Ship_Chip_20220729_UTM11N_EPSG32611_10m.manifest.json,20220729,11,32611,32611,1,116,100.0,116/116,0.02,228.0,ok
SAR_Ship_Chip_20220729_UTM14N_EPSG32614_10m.manifest.json,20220729,14,32614,32614,1,6,100.0,6/6,4.43,186.5,ok
SAR_Ship_Chip_20220729_UTM15N_EPSG32615_10m.manifest.json,20220729,15,32615,32615,1,489,100.0,489/489,0.0,165.0,ok
SAR_Ship_Chip_20220729_UTM17N_EPSG32617_10m.manifest.json,20220729,17,32617,32617,1,241,100.0,241/241,0.13,189.0,ok
SAR_Ship_Chip_20220730_UTM04N_EPSG32604_10m.manifest.json,20220730,4,32604,32604,1,31,100.0,31/31,0.0,60.0,ok
SAR_Ship_Chip_20220730_UTM17N_EPSG32617_10m.manifest.json,20220730,17,32617,32617,1,3,100.0,3/3,11.7,274.0,ok
SAR_Ship_Chip_20220730_UTM19N_EPSG32619_10m.manifest.json,20220730,19,32619,32619,1,16,100.0,16/16,0.15,54.5,ok
SAR_Ship_Chip_20220730_UTM20N_EPSG32620_10m.manifest.json,20220730,20,32620,32620,1,1,100.0,1/1,0.3,43.0,ok
SAR_Ship_Chip_20220731_UTM11N_EPSG32611_10m.manifest.json,20220731,11,32611,32611,1,53,100.0,53/53,0.2,183.0,ok
SAR_Ship_Chip_20220731_UTM17N_EPSG32617_10m.manifest.json,20220731,17,32617,32617,1,29,100.0,29/29,0.1,147.0,ok
SAR_Ship_Chip_20220731_UTM18N_EPSG32618_10m.manifest.json,20220731,18,32618,32618,1,134,100.0,134/134,0.0,187.5,ok
SAR_Ship_Chip_20220731_UTM19N_EPSG32619_10m.manifest.json,20220731,19,32619,32619,1,1,100.0,1/1,10.48,179.0,ok
SAR_Ship_Chip_20220801_UTM10N_EPSG32610_10m.manifest.json,20220801,10,32610,32610,1,300,100.0,300/300,0.0,83.5,ok
SAR_Ship_Chip_20220801_UTM16N_EPSG32616_10m.manifest.json,20220801,16,32616,32616,1,5,100.0,5/5,0.0,42.0,ok
SAR_Ship_Chip_20220801_UTM20N_EPSG32620_10m.manifest.json,20220801,20,32620,32620,1,4,100.0,4/4,0.4,152.5,ok
SAR_Ship_Chip_20220802_UTM04N_EPSG32604_10m.manifest.json,20220802,4,32604,32604,1,32,100.0,32/32,0.1,56.5,ok
SAR_Ship_Chip_20220802_UTM12N_EPSG32612_10m.manifest.json,20220802,12,32612,32612,1,2,100.0,2/2,18.85,332.5,ok
SAR_Ship_Chip_20220802_UTM18N_EPSG32618_10m.manifest.json,20220802,18,32618,32618,1,203,100.0,203/203,0.04,53.0,ok
SAR_Ship_Chip_20220802_UTM19N_EPSG32619_10m.manifest.json,20220802,19,32619,32619,1,5,100.0,5/5,10.48,228.0,ok
SAR_Ship_Chip_20220805_UTM11N_EPSG32611_10m.manifest.json,20220805,11,32611,32611,1,172,100.0,172/172,0.0,210.0,ok
SAR_Ship_Chip_20220805_UTM15N_EPSG32615_10m.manifest.json,20220805,15,32615,32615,1,83,100.0,83/83,0.0,62.0,ok
SAR_Ship_Chip_20220805_UTM17N_EPSG32617_10m.manifest.json,20220805,17,32617,32617,1,54,100.0,54/54,0.1,137.5,ok
SAR_Ship_Chip_20220805_UTM18N_EPSG32618_10m.manifest.json,20220805,18,32618,32618,1,5,100.0,5/5,15.9,199.0,ok
SAR_Ship_Chip_20220806_UTM17N_EPSG32617_10m.manifest.json,20220806,17,32617,32617,1,2,100.0,2/2,14.17,247.0,ok
SAR_Ship_Chip_20220807_UTM11N_EPSG32611_10m.manifest.json,20220807,11,32611,32611,1,22,100.0,22/22,12.97,199.0,ok
SAR_Ship_Chip_20220807_UTM18N_EPSG32618_10m.manifest.json,20220807,18,32618,32618,1,156,100.0,156/156,0.04,147.5,ok
SAR_Ship_Chip_20220807_UTM19N_EPSG32619_10m.manifest.json,20220807,19,32619,32619,1,1,100.0,1/1,13.77,147.0,ok
SAR_Ship_Chip_20220808_UTM09N_EPSG32609_10m.manifest.json,20220808,9,32609,32609,1,27,100.0,27/27,10.4,183.0,ok
SAR_Ship_Chip_20220808_UTM10N_EPSG32610_10m.manifest.json,20220808,10,32610,32610,1,127,100.0,127/127,0.83,183.0,ok
SAR_Ship_Chip_20220808_UTM14N_EPSG32614_10m.manifest.json,20220808,14,32614,32614,1,67,100.0,67/67,0.02,144.0,ok
SAR_Ship_Chip_20220808_UTM16N_EPSG32616_10m.manifest.json,20220808,16,32616,32616,1,40,100.0,40/40,0.0,194.5,ok
SAR_Ship_Chip_20220808_UTM17N_EPSG32617_10m.manifest.json,20220808,17,32617,32617,1,32,100.0,32/32,1.88,146.5,ok
SAR_Ship_Chip_20220809_UTM04N_EPSG32604_10m.manifest.json,20220809,4,32604,32604,1,1,100.0,1/1,13.23,55.0,ok
SAR_Ship_Chip_20220809_UTM05N_EPSG32605_10m.manifest.json,20220809,5,32605,32605,1,4,100.0,4/4,7.91,37.0,ok
SAR_Ship_Chip_20220809_UTM20N_EPSG32620_10m.manifest.json,20220809,20,32620,32620,1,3,100.0,3/3,7.4,100.0,ok
SAR_Ship_Chip_20220802_UTM20N_EPSG32620_10m.manifest.json,20220802,20,32620,32620,1,36,100.0,36/36,0.11,144.0,ok
SAR_Ship_Chip_20220803_UTM10N_EPSG32610_10m.manifest.json,20220803,10,32610,32610,1,340,100.0,340/340,0.0,149.0,ok
SAR_Ship_Chip_20220803_UTM15N_EPSG32615_10m.manifest.json,20220803,15,32615,32615,1,229,100.0,229/229,0.0,176.0,ok
SAR_Ship_Chip_20220803_UTM16N_EPSG32616_10m.manifest.json,20220803,16,32616,32616,1,4,100.0,4/4,5.37,50.0,ok
SAR_Ship_Chip_20220803_UTM17N_EPSG32617_10m.manifest.json,20220803,17,32617,32617,1,184,100.0,184/184,0.0,70.0,ok
SAR_Ship_Chip_20220804_UTM04N_EPSG32604_10m.manifest.json,20220804,4,32604,32604,1,1,100.0,1/1,10.19,280.0,ok
SAR_Ship_Chip_20220804_UTM19N_EPSG32619_10m.manifest.json,20220804,19,32619,32619,1,55,100.0,55/55,1.36,46.0,ok
SAR_Ship_Chip_20220804_UTM20N_EPSG32620_10m.manifest.json,20220804,20,32620,32620,1,29,100.0,29/29,6.5,126.0,ok
SAR_Ship_Chip_20220811_UTM20N_EPSG32620_10m.manifest.json,20220811,20,32620,32620,1,5,100.0,5/5,11.9,250.0,ok
SAR_Ship_Chip_20220812_UTM11N_EPSG32611_10m.manifest.json,20220812,11,32611,32611,1,38,100.0,38/38,0.2,183.0,ok
SAR_Ship_Chip_20220812_UTM16N_EPSG32616_10m.manifest.json,20220812,16,32616,32616,1,320,100.0,320/320,0.0,92.0,ok
SAR_Ship_Chip_20220812_UTM17N_EPSG32617_10m.manifest.json,20220812,17,32617,32617,1,19,100.0,19/19,0.1,136.0,ok
SAR_Ship_Chip_20220812_UTM18N_EPSG32618_10m.manifest.json,20220812,18,32618,32618,1,120,100.0,120/120,0.0,156.0,ok
SAR_Ship_Chip_20220813_UTM10N_EPSG32610_10m.manifest.json,20220813,10,32610,32610,1,310,100.0,310/310,0.0,104.0,ok
SAR_Ship_Chip_20220813_UTM16N_EPSG32616_10m.manifest.json,20220813,16,32616,32616,1,6,100.0,6/6,0.0,103.0,ok
SAR_Ship_Chip_20220813_UTM17N_EPSG32617_10m.manifest.json,20220813,17,32617,32617,1,14,100.0,14/14,12.75,228.5,ok
SAR_Ship_Chip_20220810_UTM10N_EPSG32610_10m.manifest.json,20220810,10,32610,32610,1,299,100.0,299/299,0.01,104.0,ok
SAR_Ship_Chip_20220810_UTM11N_EPSG32611_10m.manifest.json,20220810,11,32611,32611,1,105,100.0,105/105,0.0,210.0,ok
SAR_Ship_Chip_20220810_UTM14N_EPSG32614_10m.manifest.json,20220810,14,32614,32614,1,3,100.0,3/3,0.0,180.0,ok
SAR_Ship_Chip_20220810_UTM15N_EPSG32615_10m.manifest.json,20220810,15,32615,32615,1,433,100.0,433/433,0.0,180.0,ok
SAR_Ship_Chip_20220810_UTM17N_EPSG32617_10m.manifest.json,20220810,17,32617,32617,1,179,100.0,179/179,0.61,183.0,ok
SAR_Ship_Chip_20220811_UTM04N_EPSG32604_10m.manifest.json,20220811,4,32604,32604,1,27,100.0,27/27,0.0,47.0,ok
SAR_Ship_Chip_20220811_UTM17N_EPSG32617_10m.manifest.json,20220811,17,32617,32617,1,6,100.0,6/6,14.51,191.5,ok
SAR_Ship_Chip_20220811_UTM19N_EPSG32619_10m.manifest.json,20220811,19,32619,32619,1,18,100.0,18/18,0.16,44.5,ok
SAR_Ship_Chip_20220814_UTM04N_EPSG32604_10m.manifest.json,20220814,4,32604,32604,1,29,100.0,29/29,0.1,56.0,ok
SAR_Ship_Chip_20220814_UTM11N_EPSG32611_10m.manifest.json,20220814,11,32611,32611,1,1,100.0,1/1,12.3,179.0,ok
SAR_Ship_Chip_20220814_UTM12N_EPSG32612_10m.manifest.json,20220814,12,32612,32612,1,7,100.0,7/7,13.52,229.0,ok
SAR_Ship_Chip_20220814_UTM18N_EPSG32618_10m.manifest.json,20220814,18,32618,32618,1,186,100.0,186/186,0.0,57.5,ok
SAR_Ship_Chip_20220814_UTM19N_EPSG32619_10m.manifest.json,20220814,19,32619,32619,1,11,100.0,11/11,12.8,199.0,ok
SAR_Ship_Chip_20220814_UTM20N_EPSG32620_10m.manifest.json,20220814,20,32620,32620,1,28,100.0,28/28,0.7,124.0,ok
SAR_Ship_Chip_20220815_UTM10N_EPSG32610_10m.manifest.json,20220815,10,32610,32610,1,328,100.0,328/328,0.04,158.5,ok
SAR_Ship_Chip_20220815_UTM14N_EPSG32614_10m.manifest.json,20220815,14,32614,32614,1,1,100.0,1/1,6.76,20.0,ok
SAR_Ship_Chip_20220818_UTM16N_EPSG32616_10m.manifest.json,20220818,16,32616,32616,1,78,100.0,78/78,0.0,105.0,ok
SAR_Ship_Chip_20220818_UTM17N_EPSG32617_10m.manifest.json,20220818,17,32617,32617,1,9,100.0,9/9,11.7,227.0,ok
SAR_Ship_Chip_20220819_UTM04N_EPSG32604_10m.manifest.json,20220819,4,32604,32604,1,2,100.0,2/2,6.45,212.5,ok
SAR_Ship_Chip_20220819_UTM11N_EPSG32611_10m.manifest.json,20220819,11,32611,32611,1,15,100.0,15/15,13.83,243.0,ok
SAR_Ship_Chip_20220819_UTM18N_EPSG32618_10m.manifest.json,20220819,18,32618,32618,1,166,100.0,166/166,0.05,180.0,ok
SAR_Ship_Chip_20220819_UTM19N_EPSG32619_10m.manifest.json,20220819,19,32619,32619,1,16,100.0,16/16,12.3,176.0,ok
SAR_Ship_Chip_20220820_UTM09N_EPSG32609_10m.manifest.json,20220820,9,32609,32609,1,31,100.0,31/31,9.76,179.0,ok
SAR_Ship_Chip_20220820_UTM10N_EPSG32610_10m.manifest.json,20220820,10,32610,32610,1,107,100.0,107/107,0.1,183.0,ok
SAR_Ship_Chip_20220815_UTM15N_EPSG32615_10m.manifest.json,20220815,15,32615,32615,1,231,100.0,231/231,0.0,179.0,ok
SAR_Ship_Chip_20220815_UTM16N_EPSG32616_10m.manifest.json,20220815,16,32616,32616,1,2,100.0,2/2,3.11,138.5,ok
SAR_Ship_Chip_20220815_UTM17N_EPSG32617_10m.manifest.json,20220815,17,32617,32617,1,191,100.0,191/191,0.0,61.0,ok
SAR_Ship_Chip_20220816_UTM19N_EPSG32619_10m.manifest.json,20220816,19,32619,32619,1,72,100.0,72/72,0.1,47.0,ok
SAR_Ship_Chip_20220816_UTM20N_EPSG32620_10m.manifest.json,20220816,20,32620,32620,1,27,100.0,27/27,0.0,153.0,ok
SAR_Ship_Chip_20220817_UTM11N_EPSG32611_10m.manifest.json,20220817,11,32611,32611,1,233,100.0,233/233,0.02,195.0,ok
SAR_Ship_Chip_20220817_UTM15N_EPSG32615_10m.manifest.json,20220817,15,32615,32615,1,129,100.0,129/129,0.1,73.0,ok
SAR_Ship_Chip_20220818_UTM15N_EPSG32615_10m.manifest.json,20220818,15,32615,32615,1,8,100.0,8/8,0.02,224.5,ok
SAR_Ship_Chip_20220820_UTM14N_EPSG32614_10m.manifest.json,20220820,14,32614,32614,1,72,100.0,72/72,0.0,180.5,ok
SAR_Ship_Chip_20220820_UTM16N_EPSG32616_10m.manifest.json,20220820,16,32616,32616,1,31,100.0,31/31,0.0,91.0,ok
SAR_Ship_Chip_20220820_UTM17N_EPSG32617_10m.manifest.json,20220820,17,32617,32617,1,42,100.0,42/42,0.0,176.5,ok
SAR_Ship_Chip_20220820_UTM18N_EPSG32618_10m.manifest.json,20220820,18,32618,32618,1,49,100.0,49/49,0.0,47.0,ok
SAR_Ship_Chip_20220820_UTM20N_EPSG32620_10m.manifest.json,20220820,20,32620,32620,1,2,100.0,2/2,13.32,256.5,ok
SAR_Ship_Chip_20220821_UTM04N_EPSG32604_10m.manifest.json,20220821,4,32604,32604,1,1,100.0,1/1,16.77,188.0,ok
SAR_Ship_Chip_20220821_UTM05N_EPSG32605_10m.manifest.json,20220821,5,32605,32605,1,4,100.0,4/4,4.13,42.0,ok
SAR_Ship_Chip_20220821_UTM12N_EPSG32612_10m.manifest.json,20220821,12,32612,32612,1,2,100.0,2/2,17.0,187.0,ok
SAR_Ship_Chip_20220823_UTM04N_EPSG32604_10m.manifest.json,20220823,4,32604,32604,1,26,100.0,26/26,0.1,59.5,ok
SAR_Ship_Chip_20220823_UTM17N_EPSG32617_10m.manifest.json,20220823,17,32617,32617,1,7,100.0,7/7,12.41,165.0,ok
SAR_Ship_Chip_20220823_UTM19N_EPSG32619_10m.manifest.json,20220823,19,32619,32619,1,14,100.0,14/14,0.04,48.0,ok
SAR_Ship_Chip_20220824_UTM11N_EPSG32611_10m.manifest.json,20220824,11,32611,32611,1,45,100.0,45/45,0.07,183.0,ok
SAR_Ship_Chip_20220824_UTM17N_EPSG32617_10m.manifest.json,20220824,17,32617,32617,1,24,100.0,24/24,0.0,136.5,ok
SAR_Ship_Chip_20220824_UTM18N_EPSG32618_10m.manifest.json,20220824,18,32618,32618,1,123,100.0,123/123,0.0,180.0,ok
SAR_Ship_Chip_20220825_UTM10N_EPSG32610_10m.manifest.json,20220825,10,32610,32610,1,330,100.0,330/330,0.0,104.0,ok
SAR_Ship_Chip_20220825_UTM14N_EPSG32614_10m.manifest.json,20220825,14,32614,32614,1,1,100.0,1/1,0.0,146.0,ok
SAR_Ship_Chip_20220821_UTM18N_EPSG32618_10m.manifest.json,20220821,18,32618,32618,1,17,100.0,17/17,0.0,39.0,ok
SAR_Ship_Chip_20220821_UTM19N_EPSG32619_10m.manifest.json,20220821,19,32619,32619,1,114,100.0,114/114,0.0,63.0,ok
SAR_Ship_Chip_20220821_UTM20N_EPSG32620_10m.manifest.json,20220821,20,32620,32620,1,4,100.0,4/4,8.12,159.5,ok
SAR_Ship_Chip_20220822_UTM10N_EPSG32610_10m.manifest.json,20220822,10,32610,32610,1,293,100.0,293/293,0.0,129.0,ok
SAR_Ship_Chip_20220822_UTM11N_EPSG32611_10m.manifest.json,20220822,11,32611,32611,1,108,100.0,108/108,0.04,206.0,ok
SAR_Ship_Chip_20220822_UTM14N_EPSG32614_10m.manifest.json,20220822,14,32614,32614,1,6,100.0,6/6,0.49,171.0,ok
SAR_Ship_Chip_20220822_UTM15N_EPSG32615_10m.manifest.json,20220822,15,32615,32615,1,464,100.0,464/464,0.0,180.0,ok
SAR_Ship_Chip_20220822_UTM17N_EPSG32617_10m.manifest.json,20220822,17,32617,32617,1,222,100.0,222/222,0.1,196.5,ok
SAR_Ship_Chip_20220829_UTM17N_EPSG32617_10m.manifest.json,20220829,17,32617,32617,1,51,100.0,51/51,2.35,189.0,ok
SAR_Ship_Chip_20220829_UTM18N_EPSG32618_10m.manifest.json,20220829,18,32618,32618,1,1,100.0,1/1,16.89,323.0,ok
SAR_Ship_Chip_20220830_UTM05N_EPSG32605_10m.manifest.json,20220830,5,32605,32605,1,5,100.0,5/5,5.34,37.0,ok
SAR_Ship_Chip_20220830_UTM15N_EPSG32615_10m.manifest.json,20220830,15,32615,32615,1,8,100.0,8/8,0.42,222.0,ok
SAR_Ship_Chip_20220830_UTM16N_EPSG32616_10m.manifest.json,20220830,16,32616,32616,1,79,100.0,79/79,0.01,147.0,ok
SAR_Ship_Chip_20220830_UTM17N_EPSG32617_10m.manifest.json,20220830,17,32617,32617,1,6,100.0,6/6,13.5,192.5,ok
SAR_Ship_Chip_20220830_UTM19N_EPSG32619_10m.manifest.json,20220830,19,32619,32619,1,18,100.0,18/18,0.03,114.5,ok
SAR_Ship_Chip_20220831_UTM04N_EPSG32604_10m.manifest.json,20220831,4,32604,32604,1,1,100.0,1/1,0.1,37.0,ok
SAR_Ship_Chip_20220825_UTM16N_EPSG32616_10m.manifest.json,20220825,16,32616,32616,1,8,100.0,8/8,0.03,74.5,ok
SAR_Ship_Chip_20220825_UTM17N_EPSG32617_10m.manifest.json,20220825,17,32617,32617,1,13,100.0,13/13,11.3,242.0,ok
SAR_Ship_Chip_20220825_UTM20N_EPSG32620_10m.manifest.json,20220825,20,32620,32620,1,2,100.0,2/2,11.67,228.0,ok
SAR_Ship_Chip_20220826_UTM04N_EPSG32604_10m.manifest.json,20220826,4,32604,32604,1,25,100.0,25/25,0.0,60.0,ok
SAR_Ship_Chip_20220826_UTM12N_EPSG32612_10m.manifest.json,20220826,12,32612,32612,1,5,100.0,5/5,13.3,225.0,ok
SAR_Ship_Chip_20220826_UTM18N_EPSG32618_10m.manifest.json,20220826,18,32618,32618,1,168,100.0,168/168,0.05,46.5,ok
SAR_Ship_Chip_20220826_UTM20N_EPSG32620_10m.manifest.json,20220826,20,32620,32620,1,19,100.0,19/19,8.3,100.0,ok
SAR_Ship_Chip_20220827_UTM10N_EPSG32610_10m.manifest.json,20220827,10,32610,32610,1,338,100.0,338/338,0.1,175.5,ok
SAR_Ship_Chip_20220827_UTM15N_EPSG32615_10m.manifest.json,20220827,15,32615,32615,1,15,100.0,15/15,0.0,179.0,ok
SAR_Ship_Chip_20220827_UTM16N_EPSG32616_10m.manifest.json,20220827,16,32616,32616,1,3,100.0,3/3,0.0,67.0,ok
SAR_Ship_Chip_20220827_UTM17N_EPSG32617_10m.manifest.json,20220827,17,32617,32617,1,166,100.0,166/166,0.0,66.5,ok
SAR_Ship_Chip_20220828_UTM04N_EPSG32604_10m.manifest.json,20220828,4,32604,32604,1,3,100.0,3/3,5.3,33.0,ok
SAR_Ship_Chip_20220828_UTM19N_EPSG32619_10m.manifest.json,20220828,19,32619,32619,1,76,100.0,76/76,0.13,49.5,ok
SAR_Ship_Chip_20220828_UTM20N_EPSG32620_10m.manifest.json,20220828,20,32620,32620,1,21,100.0,21/21,0.06,149.0,ok
SAR_Ship_Chip_20220829_UTM11N_EPSG32611_10m.manifest.json,20220829,11,32611,32611,1,226,100.0,226/226,0.05,199.5,ok
SAR_Ship_Chip_20220829_UTM15N_EPSG32615_10m.manifest.json,20220829,15,32615,32615,1,87,100.0,87/87,0.01,59.0,ok
SAR_Ship_Chip_20220831_UTM18N_EPSG32618_10m.manifest.json,20220831,18,32618,32618,1,136,100.0,136/136,0.04,175.5,ok
SAR_Ship_Chip_20220831_UTM19N_EPSG32619_10m.manifest.json,20220831,19,32619,32619,1,16,100.0,16/16,10.56,148.0,ok
SAR_Ship_Chip_20220901_UTM09N_EPSG32609_10m.manifest.json,20220901,9,32609,32609,1,25,100.0,25/25,8.77,169.0,ok
SAR_Ship_Chip_20220901_UTM10N_EPSG32610_10m.manifest.json,20220901,10,32610,32610,1,101,100.0,101/101,0.1,180.0,ok
SAR_Ship_Chip_20220901_UTM14N_EPSG32614_10m.manifest.json,20220901,14,32614,32614,1,58,100.0,58/58,0.0,119.5,ok
SAR_Ship_Chip_20220901_UTM16N_EPSG32616_10m.manifest.json,20220901,16,32616,32616,1,37,100.0,37/37,0.0,154.0,ok
SAR_Ship_Chip_20220901_UTM17N_EPSG32617_10m.manifest.json,20220901,17,32617,32617,1,53,100.0,53/53,0.4,180.0,ok
SAR_Ship_Chip_20220901_UTM18N_EPSG32618_10m.manifest.json,20220901,18,32618,32618,1,45,100.0,45/45,0.0,41.0,ok
SAR_Ship_Chip_20220902_UTM04N_EPSG32604_10m.manifest.json,20220902,4,32604,32604,1,1,100.0,1/1,10.01,225.0,ok
SAR_Ship_Chip_20220902_UTM05N_EPSG32605_10m.manifest.json,20220902,5,32605,32605,1,3,100.0,3/3,8.8,33.0,ok
SAR_Ship_Chip_20220902_UTM18N_EPSG32618_10m.manifest.json,20220902,18,32618,32618,1,14,100.0,14/14,0.0,44.0,ok
SAR_Ship_Chip_20220902_UTM19N_EPSG32619_10m.manifest.json,20220902,19,32619,32619,1,117,100.0,117/117,0.06,57.0,ok
SAR_Ship_Chip_20220902_UTM20N_EPSG32620_10m.manifest.json,20220902,20,32620,32620,1,2,100.0,2/2,6.41,171.0,ok
SAR_Ship_Chip_20220903_UTM10N_EPSG32610_10m.manifest.json,20220903,10,32610,32610,1,296,100.0,296/296,0.0,110.0,ok
SAR_Ship_Chip_20220903_UTM11N_EPSG32611_10m.manifest.json,20220903,11,32611,32611,1,117,100.0,117/117,0.08,186.0,ok
SAR_Ship_Chip_20220903_UTM14N_EPSG32614_10m.manifest.json,20220903,14,32614,32614,1,5,100.0,5/5,0.0,150.0,ok
SAR_Ship_Chip_20220903_UTM15N_EPSG32615_10m.manifest.json,20220903,15,32615,32615,1,355,100.0,355/355,0.0,183.0,ok
SAR_Ship_Chip_20220903_UTM17N_EPSG32617_10m.manifest.json,20220903,17,32617,32617,1,238,100.0,238/238,0.1,190.0,ok
SAR_Ship_Chip_20220904_UTM04N_EPSG32604_10m.manifest.json,20220904,4,32604,32604,1,24,100.0,24/24,0.0,37.0,ok
SAR_Ship_Chip_20220904_UTM17N_EPSG32617_10m.manifest.json,20220904,17,32617,32617,1,3,100.0,3/3,14.4,228.0,ok
SAR_Ship_Chip_20220904_UTM19N_EPSG32619_10m.manifest.json,20220904,19,32619,32619,1,24,100.0,24/24,10.34,135.5,ok
SAR_Ship_Chip_20220904_UTM20N_EPSG32620_10m.manifest.json,20220904,20,32620,32620,1,1,100.0,1/1,10.8,183.0,ok
SAR_Ship_Chip_20220905_UTM11N_EPSG32611_10m.manifest.json,20220905,11,32611,32611,1,30,100.0,30/30,0.1,183.0,ok
SAR_Ship_Chip_20220905_UTM16N_EPSG32616_10m.manifest.json,20220905,16,32616,32616,1,317,100.0,317/317,0.0,93.0,ok
SAR_Ship_Chip_20220905_UTM17N_EPSG32617_10m.manifest.json,20220905,17,32617,32617,1,26,100.0,26/26,0.0,164.5,ok
SAR_Ship_Chip_20220905_UTM18N_EPSG32618_10m.manifest.json,20220905,18,32618,32618,1,125,100.0,125/125,0.0,180.0,ok
SAR_Ship_Chip_20220905_UTM19N_EPSG32619_10m.manifest.json,20220905,19,32619,32619,1,4,100.0,4/4,6.0,185.5,ok
SAR_Ship_Chip_20220906_UTM10N_EPSG32610_10m.manifest.json,20220906,10,32610,32610,1,339,100.0,339/339,0.0,92.0,ok
SAR_Ship_Chip_20220906_UTM16N_EPSG32616_10m.manifest.json,20220906,16,32616,32616,1,6,100.0,6/6,0.03,70.5,ok
SAR_Ship_Chip_20220906_UTM17N_EPSG32617_10m.manifest.json,20220906,17,32617,32617,1,20,100.0,20/20,11.65,194.0,ok
SAR_Ship_Chip_20220906_UTM20N_EPSG32620_10m.manifest.json,20220906,20,32620,32620,1,2,100.0,2/2,0.15,198.0,ok
SAR_Ship_Chip_20220907_UTM04N_EPSG32604_10m.manifest.json,20220907,4,32604,32604,1,22,100.0,22/22,0.0,37.0,ok
SAR_Ship_Chip_20220910_UTM11N_EPSG32611_10m.manifest.json,20220910,11,32611,32611,1,159,100.0,159/159,0.0,183.0,ok
SAR_Ship_Chip_20220910_UTM15N_EPSG32615_10m.manifest.json,20220910,15,32615,32615,1,106,100.0,106/106,0.0,59.5,ok
SAR_Ship_Chip_20220910_UTM17N_EPSG32617_10m.manifest.json,20220910,17,32617,32617,1,48,100.0,48/48,3.64,146.0,ok
SAR_Ship_Chip_20220910_UTM18N_EPSG32618_10m.manifest.json,20220910,18,32618,32618,1,2,100.0,2/2,14.51,251.5,ok
SAR_Ship_Chip_20220911_UTM05N_EPSG32605_10m.manifest.json,20220911,5,32605,32605,1,2,100.0,2/2,4.13,153.0,ok
SAR_Ship_Chip_20220911_UTM15N_EPSG32615_10m.manifest.json,20220911,15,32615,32615,1,10,100.0,10/10,0.0,223.5,ok
SAR_Ship_Chip_20220911_UTM16N_EPSG32616_10m.manifest.json,20220911,16,32616,32616,1,81,100.0,81/81,0.01,148.0,ok
SAR_Ship_Chip_20220911_UTM17N_EPSG32617_10m.manifest.json,20220911,17,32617,32617,1,8,100.0,8/8,14.05,186.0,ok
SAR_Ship_Chip_20220911_UTM19N_EPSG32619_10m.manifest.json,20220911,19,32619,32619,1,7,100.0,7/7,2.4,123.0,ok
SAR_Ship_Chip_20220912_UTM04N_EPSG32604_10m.manifest.json,20220912,4,32604,32604,1,2,100.0,2/2,3.64,46.5,ok
SAR_Ship_Chip_20220912_UTM18N_EPSG32618_10m.manifest.json,20220912,18,32618,32618,1,150,100.0,150/150,0.1,170.5,ok
SAR_Ship_Chip_20220912_UTM19N_EPSG32619_10m.manifest.json,20220912,19,32619,32619,1,15,100.0,15/15,10.3,160.0,ok
SAR_Ship_Chip_20220913_UTM09N_EPSG32609_10m.manifest.json,20220913,9,32609,32609,1,24,100.0,24/24,8.89,109.0,ok
SAR_Ship_Chip_20220913_UTM10N_EPSG32610_10m.manifest.json,20220913,10,32610,32610,1,118,100.0,118/118,0.11,179.0,ok
SAR_Ship_Chip_20220913_UTM14N_EPSG32614_10m.manifest.json,20220913,14,32614,32614,1,61,100.0,61/61,0.0,115.0,ok
SAR_Ship_Chip_20220913_UTM16N_EPSG32616_10m.manifest.json,20220913,16,32616,32616,1,34,100.0,34/34,4.33,164.0,ok
SAR_Ship_Chip_20220907_UTM18N_EPSG32618_10m.manifest.json,20220907,18,32618,32618,1,208,100.0,208/208,0.04,53.0,ok
SAR_Ship_Chip_20220907_UTM19N_EPSG32619_10m.manifest.json,20220907,19,32619,32619,1,7,100.0,7/7,11.9,183.0,ok
SAR_Ship_Chip_20220907_UTM20N_EPSG32620_10m.manifest.json,20220907,20,32620,32620,1,35,100.0,35/35,0.1,160.0,ok
SAR_Ship_Chip_20220908_UTM10N_EPSG32610_10m.manifest.json,20220908,10,32610,32610,1,273,100.0,273/273,0.1,110.0,ok
SAR_Ship_Chip_20220908_UTM14N_EPSG32614_10m.manifest.json,20220908,14,32614,32614,1,1,100.0,1/1,5.44,21.0,ok
SAR_Ship_Chip_20220908_UTM15N_EPSG32615_10m.manifest.json,20220908,15,32615,32615,1,223,100.0,223/223,0.0,183.0,ok
SAR_Ship_Chip_20220909_UTM04N_EPSG32604_10m.manifest.json,20220909,4,32604,32604,1,2,100.0,2/2,0.33,277.0,ok
SAR_Ship_Chip_20220909_UTM19N_EPSG32619_10m.manifest.json,20220909,19,32619,32619,1,60,100.0,60/60,0.07,49.0,ok
SAR_Ship_Chip_20220913_UTM17N_EPSG32617_10m.manifest.json,20220913,17,32617,32617,1,41,100.0,41/41,0.89,149.0,ok
SAR_Ship_Chip_20220913_UTM18N_EPSG32618_10m.manifest.json,20220913,18,32618,32618,1,40,100.0,40/40,0.0,47.0,ok
SAR_Ship_Chip_20220914_UTM04N_EPSG32604_10m.manifest.json,20220914,4,32604,32604,1,1,100.0,1/1,10.2,176.0,ok
SAR_Ship_Chip_20220914_UTM05N_EPSG32605_10m.manifest.json,20220914,5,32605,32605,1,11,100.0,11/11,7.04,37.0,ok
SAR_Ship_Chip_20220914_UTM18N_EPSG32618_10m.manifest.json,20220914,18,32618,32618,1,16,100.0,16/16,0.0,38.5,ok
SAR_Ship_Chip_20220914_UTM19N_EPSG32619_10m.manifest.json,20220914,19,32619,32619,1,93,100.0,93/93,0.05,68.0,ok
SAR_Ship_Chip_20220915_UTM10N_EPSG32610_10m.manifest.json,20220915,10,32610,32610,1,296,100.0,296/296,0.0,100.0,ok
SAR_Ship_Chip_20220915_UTM11N_EPSG32611_10m.manifest.json,20220915,11,32611,32611,1,112,100.0,112/112,0.09,202.0,ok
SAR_Ship_Chip_20220915_UTM14N_EPSG32614_10m.manifest.json,20220915,14,32614,32614,1,2,100.0,2/2,6.15,113.5,ok
SAR_Ship_Chip_20220915_UTM15N_EPSG32615_10m.manifest.json,20220915,15,32615,32615,1,430,100.0,430/430,0.0,179.0,ok
SAR_Ship_Chip_20220915_UTM17N_EPSG32617_10m.manifest.json,20220915,17,32617,32617,1,250,100.0,250/250,0.37,189.0,ok
SAR_Ship_Chip_20220916_UTM04N_EPSG32604_10m.manifest.json,20220916,4,32604,32604,1,22,100.0,22/22,0.09,50.5,ok
SAR_Ship_Chip_20220916_UTM12N_EPSG32612_10m.manifest.json,20220916,12,32612,32612,1,3,100.0,3/3,13.0,294.0,ok
SAR_Ship_Chip_20220916_UTM17N_EPSG32617_10m.manifest.json,20220916,17,32617,32617,1,11,100.0,11/11,12.0,177.0,ok
SAR_Ship_Chip_20220916_UTM19N_EPSG32619_10m.manifest.json,20220916,19,32619,32619,1,21,100.0,21/21,13.07,189.0,ok
SAR_Ship_Chip_20220917_UTM11N_EPSG32611_10m.manifest.json,20220917,11,32611,32611,1,45,100.0,45/45,5.93,183.0,ok
SAR_Ship_Chip_20220917_UTM15N_EPSG32615_10m.manifest.json,20220917,15,32615,32615,1,4,100.0,4/4,4.16,263.0,ok
SAR_Ship_Chip_20220917_UTM16N_EPSG32616_10m.manifest.json,20220917,16,32616,32616,1,306,100.0,306/306,0.0,92.0,ok
SAR_Ship_Chip_20220917_UTM17N_EPSG32617_10m.manifest.json,20220917,17,32617,32617,1,25,100.0,25/25,0.0,140.0,ok
SAR_Ship_Chip_20220917_UTM18N_EPSG32618_10m.manifest.json,20220917,18,32618,32618,1,130,100.0,130/130,0.0,179.5,ok
SAR_Ship_Chip_20220917_UTM19N_EPSG32619_10m.manifest.json,20220917,19,32619,32619,1,1,100.0,1/1,12.89,199.0,ok
SAR_Ship_Chip_20220918_UTM10N_EPSG32610_10m.manifest.json,20220918,10,32610,32610,1,323,100.0,323/323,0.0,92.0,ok
SAR_Ship_Chip_20220918_UTM16N_EPSG32616_10m.manifest.json,20220918,16,32616,32616,1,5,100.0,5/5,0.0,138.0,ok
SAR_Ship_Chip_20220918_UTM17N_EPSG32617_10m.manifest.json,20220918,17,32617,32617,1,35,100.0,35/35,3.17,199.0,ok
SAR_Ship_Chip_20220918_UTM20N_EPSG32620_10m.manifest.json,20220918,20,32620,32620,1,1,100.0,1/1,10.2,340.0,ok
SAR_Ship_Chip_20220919_UTM04N_EPSG32604_10m.manifest.json,20220919,4,32604,32604,1,26,100.0,26/26,0.0,44.0,ok
SAR_Ship_Chip_20220919_UTM12N_EPSG32612_10m.manifest.json,20220919,12,32612,32612,1,6,100.0,6/6,14.12,213.0,ok
SAR_Ship_Chip_20220919_UTM18N_EPSG32618_10m.manifest.json,20220919,18,32618,32618,1,182,100.0,182/182,0.0,50.5,ok
SAR_Ship_Chip_20220919_UTM19N_EPSG32619_10m.manifest.json,20220919,19,32619,32619,1,4,100.0,4/4,10.2,149.5,ok
SAR_Ship_Chip_20220919_UTM20N_EPSG32620_10m.manifest.json,20220919,20,32620,32620,1,38,100.0,38/38,0.79,125.5,ok
SAR_Ship_Chip_20220920_UTM10N_EPSG32610_10m.manifest.json,20220920,10,32610,32610,1,367,100.0,367/367,0.1,119.0,ok
SAR_Ship_Chip_20220920_UTM14N_EPSG32614_10m.manifest.json,20220920,14,32614,32614,1,1,100.0,1/1,5.97,20.0,ok
SAR_Ship_Chip_20220924_UTM11N_EPSG32611_10m.manifest.json,20220924,11,32611,32611,1,14,100.0,14/14,16.95,261.0,ok
SAR_Ship_Chip_20220924_UTM18N_EPSG32618_10m.manifest.json,20220924,18,32618,32618,1,148,100.0,148/148,0.02,179.5,ok
SAR_Ship_Chip_20220924_UTM19N_EPSG32619_10m.manifest.json,20220924,19,32619,32619,1,19,100.0,19/19,11.5,144.0,ok
SAR_Ship_Chip_20220925_UTM09N_EPSG32609_10m.manifest.json,20220925,9,32609,32609,1,27,100.0,27/27,10.7,177.0,ok
SAR_Ship_Chip_20220925_UTM10N_EPSG32610_10m.manifest.json,20220925,10,32610,32610,1,111,100.0,111/111,0.61,172.0,ok
SAR_Ship_Chip_20220925_UTM14N_EPSG32614_10m.manifest.json,20220925,14,32614,32614,1,55,100.0,55/55,0.0,64.0,ok
SAR_Ship_Chip_20220925_UTM16N_EPSG32616_10m.manifest.json,20220925,16,32616,32616,1,36,100.0,36/36,0.02,196.5,ok
SAR_Ship_Chip_20220925_UTM17N_EPSG32617_10m.manifest.json,20220925,17,32617,32617,1,39,100.0,39/39,0.65,180.0,ok
SAR_Ship_Chip_20220922_UTM17N_EPSG32617_10m.manifest.json,20220922,17,32617,32617,1,52,100.0,52/52,0.49,186.5,ok
SAR_Ship_Chip_20220922_UTM18N_EPSG32618_10m.manifest.json,20220922,18,32618,32618,1,8,100.0,8/8,13.3,206.5,ok
SAR_Ship_Chip_20220923_UTM05N_EPSG32605_10m.manifest.json,20220923,5,32605,32605,1,10,100.0,10/10,4.45,37.0,ok
SAR_Ship_Chip_20220923_UTM15N_EPSG32615_10m.manifest.json,20220923,15,32615,32615,1,6,100.0,6/6,0.03,218.5,ok
SAR_Ship_Chip_20220923_UTM16N_EPSG32616_10m.manifest.json,20220923,16,32616,32616,1,82,100.0,82/82,0.0,99.0,ok
SAR_Ship_Chip_20220923_UTM17N_EPSG32617_10m.manifest.json,20220923,17,32617,32617,1,5,100.0,5/5,14.63,210.0,ok
SAR_Ship_Chip_20220923_UTM19N_EPSG32619_10m.manifest.json,20220923,19,32619,32619,1,2,100.0,2/2,12.6,157.5,ok
SAR_Ship_Chip_20220924_UTM04N_EPSG32604_10m.manifest.json,20220924,4,32604,32604,1,1,100.0,1/1,15.9,280.0,ok
SAR_Ship_Chip_20220920_UTM15N_EPSG32615_10m.manifest.json,20220920,15,32615,32615,1,217,100.0,217/217,0.0,182.0,ok
SAR_Ship_Chip_20220920_UTM16N_EPSG32616_10m.manifest.json,20220920,16,32616,32616,1,9,100.0,9/9,0.0,45.0,ok
SAR_Ship_Chip_20220920_UTM17N_EPSG32617_10m.manifest.json,20220920,17,32617,32617,1,245,100.0,245/245,0.0,53.0,ok
SAR_Ship_Chip_20220921_UTM04N_EPSG32604_10m.manifest.json,20220921,4,32604,32604,1,3,100.0,3/3,0.0,37.0,ok
SAR_Ship_Chip_20220921_UTM19N_EPSG32619_10m.manifest.json,20220921,19,32619,32619,1,60,100.0,60/60,0.72,53.0,ok
SAR_Ship_Chip_20220921_UTM20N_EPSG32620_10m.manifest.json,20220921,20,32620,32620,1,35,100.0,35/35,0.08,136.0,ok
SAR_Ship_Chip_20220922_UTM11N_EPSG32611_10m.manifest.json,20220922,11,32611,32611,1,149,100.0,149/149,0.0,199.0,ok
SAR_Ship_Chip_20220922_UTM15N_EPSG32615_10m.manifest.json,20220922,15,32615,32615,1,113,100.0,113/113,0.0,79.0,ok
SAR_Ship_Chip_20220925_UTM18N_EPSG32618_10m.manifest.json,20220925,18,32618,32618,1,40,100.0,40/40,0.0,46.5,ok
SAR_Ship_Chip_20220926_UTM04N_EPSG32604_10m.manifest.json,20220926,4,32604,32604,1,1,100.0,1/1,19.4,272.0,ok
SAR_Ship_Chip_20220926_UTM05N_EPSG32605_10m.manifest.json,20220926,5,32605,32605,1,5,100.0,5/5,5.82,37.0,ok
SAR_Ship_Chip_20220926_UTM12N_EPSG32612_10m.manifest.json,20220926,12,32612,32612,1,9,100.0,9/9,16.1,228.0,ok
SAR_Ship_Chip_20220926_UTM18N_EPSG32618_10m.manifest.json,20220926,18,32618,32618,1,12,100.0,12/12,0.02,42.5,ok
SAR_Ship_Chip_20220926_UTM19N_EPSG32619_10m.manifest.json,20220926,19,32619,32619,1,96,100.0,96/96,0.45,70.0,ok
SAR_Ship_Chip_20220926_UTM20N_EPSG32620_10m.manifest.json,20220926,20,32620,32620,1,6,100.0,6/6,11.0,160.0,ok
SAR_Ship_Chip_20220927_UTM10N_EPSG32610_10m.manifest.json,20220927,10,32610,32610,1,320,100.0,320/320,0.0,110.0,ok
SAR_Ship_Chip_20220927_UTM11N_EPSG32611_10m.manifest.json,20220927,11,32611,32611,1,102,100.0,102/102,0.0,199.0,ok
SAR_Ship_Chip_20220927_UTM14N_EPSG32614_10m.manifest.json,20220927,14,32614,32614,1,6,100.0,6/6,3.11,36.0,ok
SAR_Ship_Chip_20220927_UTM15N_EPSG32615_10m.manifest.json,20220927,15,32615,32615,1,464,100.0,464/464,0.0,177.0,ok
SAR_Ship_Chip_20220927_UTM17N_EPSG32617_10m.manifest.json,20220927,17,32617,32617,1,225,100.0,225/225,0.01,184.0,ok
SAR_Ship_Chip_20220928_UTM04N_EPSG32604_10m.manifest.json,20220928,4,32604,32604,1,26,100.0,26/26,0.63,37.0,ok
SAR_Ship_Chip_20220928_UTM19N_EPSG32619_10m.manifest.json,20220928,19,32619,32619,1,19,100.0,19/19,12.27,180.0,ok
SAR_Ship_Chip_20220929_UTM11N_EPSG32611_10m.manifest.json,20220929,11,32611,32611,1,46,100.0,46/46,0.25,167.0,ok
SAR_Ship_Chip_20220929_UTM15N_EPSG32615_10m.manifest.json,20220929,15,32615,32615,1,7,100.0,7/7,0.04,214.0,ok
SAR_Ship_Chip_20221001_UTM12N_EPSG32612_10m.manifest.json,20221001,12,32612,32612,1,14,100.0,14/14,13.81,199.0,ok
SAR_Ship_Chip_20221001_UTM18N_EPSG32618_10m.manifest.json,20221001,18,32618,32618,1,168,100.0,168/168,0.0,49.0,ok
SAR_Ship_Chip_20221001_UTM19N_EPSG32619_10m.manifest.json,20221001,19,32619,32619,1,6,100.0,6/6,11.9,201.5,ok
SAR_Ship_Chip_20221001_UTM20N_EPSG32620_10m.manifest.json,20221001,20,32620,32620,1,30,100.0,30/30,0.15,120.0,ok
SAR_Ship_Chip_20221002_UTM10N_EPSG32610_10m.manifest.json,20221002,10,32610,32610,1,261,100.0,261/261,0.1,174.0,ok
SAR_Ship_Chip_20221002_UTM14N_EPSG32614_10m.manifest.json,20221002,14,32614,32614,1,1,100.0,1/1,4.7,20.0,ok
SAR_Ship_Chip_20221002_UTM15N_EPSG32615_10m.manifest.json,20221002,15,32615,32615,1,223,100.0,223/223,0.0,179.0,ok
SAR_Ship_Chip_20221002_UTM16N_EPSG32616_10m.manifest.json,20221002,16,32616,32616,1,3,100.0,3/3,0.0,67.0,ok
SAR_Ship_Chip_20220929_UTM16N_EPSG32616_10m.manifest.json,20220929,16,32616,32616,1,366,100.0,366/366,0.0,85.0,ok
SAR_Ship_Chip_20220929_UTM17N_EPSG32617_10m.manifest.json,20220929,17,32617,32617,1,26,100.0,26/26,0.13,185.0,ok
SAR_Ship_Chip_20220929_UTM18N_EPSG32618_10m.manifest.json,20220929,18,32618,32618,1,122,100.0,122/122,0.0,175.5,ok
SAR_Ship_Chip_20220930_UTM10N_EPSG32610_10m.manifest.json,20220930,10,32610,32610,1,355,100.0,355/355,0.0,102.0,ok
SAR_Ship_Chip_20220930_UTM16N_EPSG32616_10m.manifest.json,20220930,16,32616,32616,1,7,100.0,7/7,9.46,37.0,ok
SAR_Ship_Chip_20220930_UTM17N_EPSG32617_10m.manifest.json,20220930,17,32617,32617,1,29,100.0,29/29,11.3,204.0,ok
SAR_Ship_Chip_20221001_UTM04N_EPSG32604_10m.manifest.json,20221001,4,32604,32604,1,21,100.0,21/21,0.0,64.0,ok
SAR_Ship_Chip_20221001_UTM11N_EPSG32611_10m.manifest.json,20221001,11,32611,32611,1,1,100.0,1/1,10.9,199.0,ok
SAR_Ship_Chip_20221002_UTM17N_EPSG32617_10m.manifest.json,20221002,17,32617,32617,1,147,100.0,147/147,0.0,71.0,ok
SAR_Ship_Chip_20221003_UTM04N_EPSG32604_10m.manifest.json,20221003,4,32604,32604,1,3,100.0,3/3,4.6,120.0,ok
SAR_Ship_Chip_20221003_UTM12N_EPSG32612_10m.manifest.json,20221003,12,32612,32612,1,7,100.0,7/7,12.9,199.0,ok
SAR_Ship_Chip_20221003_UTM19N_EPSG32619_10m.manifest.json,20221003,19,32619,32619,1,61,100.0,61/61,0.0,74.0,ok
SAR_Ship_Chip_20221003_UTM20N_EPSG32620_10m.manifest.json,20221003,20,32620,32620,1,32,100.0,32/32,0.88,131.5,ok
SAR_Ship_Chip_20221004_UTM11N_EPSG32611_10m.manifest.json,20221004,11,32611,32611,1,209,100.0,209/209,0.0,189.0,ok
SAR_Ship_Chip_20221004_UTM15N_EPSG32615_10m.manifest.json,20221004,15,32615,32615,1,95,100.0,95/95,0.0,61.0,ok
SAR_Ship_Chip_20221004_UTM17N_EPSG32617_10m.manifest.json,20221004,17,32617,32617,1,44,100.0,44/44,0.0,174.5,ok
SAR_Ship_Chip_20221004_UTM18N_EPSG32618_10m.manifest.json,20221004,18,32618,32618,1,1,100.0,1/1,13.59,314.0,ok
SAR_Ship_Chip_20221005_UTM05N_EPSG32605_10m.manifest.json,20221005,5,32605,32605,1,6,100.0,6/6,3.28,50.5,ok
SAR_Ship_Chip_20221005_UTM15N_EPSG32615_10m.manifest.json,20221005,15,32615,32615,1,13,100.0,13/13,0.18,222.0,ok
SAR_Ship_Chip_20221005_UTM16N_EPSG32616_10m.manifest.json,20221005,16,32616,32616,1,69,100.0,69/69,0.0,140.0,ok
SAR_Ship_Chip_20221005_UTM17N_EPSG32617_10m.manifest.json,20221005,17,32617,32617,1,1,100.0,1/1,10.67,185.0,ok
SAR_Ship_Chip_20221005_UTM19N_EPSG32619_10m.manifest.json,20221005,19,32619,32619,1,4,100.0,4/4,0.62,127.5,ok
SAR_Ship_Chip_20221006_UTM04N_EPSG32604_10m.manifest.json,20221006,4,32604,32604,1,1,100.0,1/1,16.8,180.0,ok
SAR_Ship_Chip_20221006_UTM11N_EPSG32611_10m.manifest.json,20221006,11,32611,32611,1,9,100.0,9/9,13.5,182.0,ok
SAR_Ship_Chip_20221006_UTM18N_EPSG32618_10m.manifest.json,20221006,18,32618,32618,1,160,100.0,160/160,0.25,178.5,ok
SAR_Ship_Chip_20221006_UTM19N_EPSG32619_10m.manifest.json,20221006,19,32619,32619,1,26,100.0,26/26,9.84,162.5,ok
SAR_Ship_Chip_20221007_UTM09N_EPSG32609_10m.manifest.json,20221007,9,32609,32609,1,36,100.0,36/36,10.54,199.0,ok
SAR_Ship_Chip_20221007_UTM10N_EPSG32610_10m.manifest.json,20221007,10,32610,32610,1,135,100.0,135/135,1.77,179.0,ok
SAR_Ship_Chip_20221007_UTM14N_EPSG32614_10m.manifest.json,20221007,14,32614,32614,1,63,100.0,63/63,0.0,170.0,ok
SAR_Ship_Chip_20221007_UTM16N_EPSG32616_10m.manifest.json,20221007,16,32616,32616,1,38,100.0,38/38,9.15,191.5,ok
SAR_Ship_Chip_20221007_UTM17N_EPSG32617_10m.manifest.json,20221007,17,32617,32617,1,56,100.0,56/56,0.01,177.5,ok
SAR_Ship_Chip_20221007_UTM18N_EPSG32618_10m.manifest.json,20221007,18,32618,32618,1,39,100.0,39/39,0.0,53.0,ok
SAR_Ship_Chip_20221008_UTM04N_EPSG32604_10m.manifest.json,20221008,4,32604,32604,1,1,100.0,1/1,12.4,139.0,ok
SAR_Ship_Chip_20221008_UTM05N_EPSG32605_10m.manifest.json,20221008,5,32605,32605,1,10,100.0,10/10,0.45,36.5,ok
SAR_Ship_Chip_20221008_UTM12N_EPSG32612_10m.manifest.json,20221008,12,32612,32612,1,7,100.0,7/7,15.0,230.0,ok
SAR_Ship_Chip_20221008_UTM18N_EPSG32618_10m.manifest.json,20221008,18,32618,32618,1,11,100.0,11/11,0.07,39.0,ok
SAR_Ship_Chip_20221008_UTM19N_EPSG32619_10m.manifest.json,20221008,19,32619,32619,1,81,100.0,81/81,0.1,70.0,ok
SAR_Ship_Chip_20221008_UTM20N_EPSG32620_10m.manifest.json,20221008,20,32620,32620,1,2,100.0,2/2,10.26,84.0,ok
SAR_Ship_Chip_20221009_UTM10N_EPSG32610_10m.manifest.json,20221009,10,32610,32610,1,329,100.0,329/329,0.0,129.0,ok
SAR_Ship_Chip_20221009_UTM11N_EPSG32611_10m.manifest.json,20221009,11,32611,32611,1,94,100.0,94/94,0.08,211.0,ok
SAR_Ship_Chip_20221009_UTM14N_EPSG32614_10m.manifest.json,20221009,14,32614,32614,1,3,100.0,3/3,0.0,189.0,ok
SAR_Ship_Chip_20221009_UTM15N_EPSG32615_10m.manifest.json,20221009,15,32615,32615,1,452,100.0,452/452,0.0,169.0,ok
SAR_Ship_Chip_20221009_UTM17N_EPSG32617_10m.manifest.json,20221009,17,32617,32617,1,257,100.0,257/257,0.02,183.0,ok
SAR_Ship_Chip_20221010_UTM04N_EPSG32604_10m.manifest.json,20221010,4,32604,32604,1,24,100.0,24/24,0.0,48.5,ok
SAR_Ship_Chip_20221010_UTM17N_EPSG32617_10m.manifest.json,20221010,17,32617,32617,1,10,100.0,10/10,13.24,234.5,ok
SAR_Ship_Chip_20221010_UTM19N_EPSG32619_10m.manifest.json,20221010,19,32619,32619,1,4,100.0,4/4,0.42,69.0,ok
SAR_Ship_Chip_20221011_UTM11N_EPSG32611_10m.manifest.json,20221011,11,32611,32611,1,43,100.0,43/43,0.03,180.0,ok
SAR_Ship_Chip_20221011_UTM15N_EPSG32615_10m.manifest.json,20221011,15,32615,32615,1,2,100.0,2/2,0.01,133.5,ok
SAR_Ship_Chip_20221015_UTM20N_EPSG32620_10m.manifest.json,20221015,20,32620,32620,1,22,100.0,22/22,0.0,140.0,ok
SAR_Ship_Chip_20221016_UTM11N_EPSG32611_10m.manifest.json,20221016,11,32611,32611,1,197,100.0,197/197,0.0,183.0,ok
SAR_Ship_Chip_20221016_UTM17N_EPSG32617_10m.manifest.json,20221016,17,32617,32617,1,53,100.0,53/53,0.18,190.0,ok
SAR_Ship_Chip_20221016_UTM18N_EPSG32618_10m.manifest.json,20221016,18,32618,32618,1,28,100.0,28/28,12.5,201.0,ok
SAR_Ship_Chip_20221017_UTM05N_EPSG32605_10m.manifest.json,20221017,5,32605,32605,1,4,100.0,4/4,8.16,167.5,ok
SAR_Ship_Chip_20221018_UTM04N_EPSG32604_10m.manifest.json,20221018,4,32604,32604,1,2,100.0,2/2,7.27,286.0,ok
SAR_Ship_Chip_20221018_UTM11N_EPSG32611_10m.manifest.json,20221018,11,32611,32611,1,5,100.0,5/5,11.71,199.0,ok
SAR_Ship_Chip_20221018_UTM18N_EPSG32618_10m.manifest.json,20221018,18,32618,32618,1,137,100.0,137/137,0.1,179.0,ok
SAR_Ship_Chip_20221011_UTM16N_EPSG32616_10m.manifest.json,20221011,16,32616,32616,1,354,100.0,354/354,0.0,94.0,ok
SAR_Ship_Chip_20221011_UTM17N_EPSG32617_10m.manifest.json,20221011,17,32617,32617,1,25,100.0,25/25,1.06,192.0,ok
SAR_Ship_Chip_20221011_UTM18N_EPSG32618_10m.manifest.json,20221011,18,32618,32618,1,111,100.0,111/111,0.0,183.0,ok
SAR_Ship_Chip_20221011_UTM19N_EPSG32619_10m.manifest.json,20221011,19,32619,32619,1,1,100.0,1/1,17.2,180.0,ok
SAR_Ship_Chip_20221012_UTM10N_EPSG32610_10m.manifest.json,20221012,10,32610,32610,1,374,100.0,374/374,0.0,113.5,ok
SAR_Ship_Chip_20221012_UTM16N_EPSG32616_10m.manifest.json,20221012,16,32616,32616,1,9,100.0,9/9,0.18,99.0,ok
SAR_Ship_Chip_20221012_UTM17N_EPSG32617_10m.manifest.json,20221012,17,32617,32617,1,23,100.0,23/23,14.0,237.0,ok
SAR_Ship_Chip_20221012_UTM20N_EPSG32620_10m.manifest.json,20221012,20,32620,32620,1,7,100.0,7/7,0.35,198.0,ok
SAR_Ship_Chip_20221013_UTM04N_EPSG32604_10m.manifest.json,20221013,4,32604,32604,1,25,100.0,25/25,0.0,64.0,ok
SAR_Ship_Chip_20221013_UTM12N_EPSG32612_10m.manifest.json,20221013,12,32612,32612,1,2,100.0,2/2,16.0,293.0,ok
SAR_Ship_Chip_20221013_UTM18N_EPSG32618_10m.manifest.json,20221013,18,32618,32618,1,172,100.0,172/172,0.01,61.5,ok
SAR_Ship_Chip_20221013_UTM19N_EPSG32619_10m.manifest.json,20221013,19,32619,32619,1,5,100.0,5/5,15.8,190.0,ok
SAR_Ship_Chip_20221013_UTM20N_EPSG32620_10m.manifest.json,20221013,20,32620,32620,1,28,100.0,28/28,0.18,103.0,ok
SAR_Ship_Chip_20221014_UTM10N_EPSG32610_10m.manifest.json,20221014,10,32610,32610,1,355,100.0,355/355,0.0,177.0,ok
SAR_Ship_Chip_20221014_UTM15N_EPSG32615_10m.manifest.json,20221014,15,32615,32615,1,224,100.0,224/224,0.0,176.0,ok
SAR_Ship_Chip_20221015_UTM19N_EPSG32619_10m.manifest.json,20221015,19,32619,32619,1,63,100.0,63/63,1.46,71.0,ok
SAR_Ship_Chip_20221018_UTM19N_EPSG32619_10m.manifest.json,20221018,19,32619,32619,1,24,100.0,24/24,13.0,168.0,ok
SAR_Ship_Chip_20221019_UTM09N_EPSG32609_10m.manifest.json,20221019,9,32609,32609,1,34,100.0,34/34,9.5,182.5,ok
SAR_Ship_Chip_20221019_UTM10N_EPSG32610_10m.manifest.json,20221019,10,32610,32610,1,33,100.0,33/33,9.68,124.0,ok
SAR_Ship_Chip_20221019_UTM14N_EPSG32614_10m.manifest.json,20221019,14,32614,32614,1,70,100.0,70/70,0.0,182.0,ok
SAR_Ship_Chip_20221019_UTM16N_EPSG32616_10m.manifest.json,20221019,16,32616,32616,1,39,100.0,39/39,0.1,144.0,ok
SAR_Ship_Chip_20221019_UTM17N_EPSG32617_10m.manifest.json,20221019,17,32617,32617,1,46,100.0,46/46,0.0,70.5,ok
SAR_Ship_Chip_20221019_UTM18N_EPSG32618_10m.manifest.json,20221019,18,32618,32618,1,33,100.0,33/33,0.04,45.0,ok
SAR_Ship_Chip_20221020_UTM05N_EPSG32605_10m.manifest.json,20221020,5,32605,32605,1,5,100.0,5/5,9.1,37.0,ok
SAR_Ship_Chip_20221023_UTM11N_EPSG32611_10m.manifest.json,20221023,11,32611,32611,1,30,100.0,30/30,0.1,76.0,ok
SAR_Ship_Chip_20221023_UTM15N_EPSG32615_10m.manifest.json,20221023,15,32615,32615,1,4,100.0,4/4,0.37,264.0,ok
SAR_Ship_Chip_20221023_UTM16N_EPSG32616_10m.manifest.json,20221023,16,32616,32616,1,279,100.0,279/279,0.0,115.0,ok
SAR_Ship_Chip_20221023_UTM17N_EPSG32617_10m.manifest.json,20221023,17,32617,32617,1,35,100.0,35/35,0.1,162.0,ok
SAR_Ship_Chip_20221023_UTM18N_EPSG32618_10m.manifest.json,20221023,18,32618,32618,1,112,100.0,112/112,0.03,181.5,ok
SAR_Ship_Chip_20221023_UTM19N_EPSG32619_10m.manifest.json,20221023,19,32619,32619,1,2,100.0,2/2,11.79,150.0,ok
SAR_Ship_Chip_20221024_UTM10N_EPSG32610_10m.manifest.json,20221024,10,32610,32610,1,388,100.0,388/388,0.0,116.0,ok
SAR_Ship_Chip_20221024_UTM16N_EPSG32616_10m.manifest.json,20221024,16,32616,32616,1,5,100.0,5/5,0.0,99.0,ok
SAR_Ship_Chip_20221024_UTM17N_EPSG32617_10m.manifest.json,20221024,17,32617,32617,1,22,100.0,22/22,12.47,235.5,ok
SAR_Ship_Chip_20221024_UTM20N_EPSG32620_10m.manifest.json,20221024,20,32620,32620,1,1,100.0,1/1,10.9,40.0,ok
SAR_Ship_Chip_20221025_UTM04N_EPSG32604_10m.manifest.json,20221025,4,32604,32604,1,29,100.0,29/29,0.0,37.0,ok
SAR_Ship_Chip_20221025_UTM18N_EPSG32618_10m.manifest.json,20221025,18,32618,32618,1,184,100.0,184/184,0.09,46.0,ok
SAR_Ship_Chip_20221025_UTM19N_EPSG32619_10m.manifest.json,20221025,19,32619,32619,1,5,100.0,5/5,12.3,183.0,ok
SAR_Ship_Chip_20221025_UTM20N_EPSG32620_10m.manifest.json,20221025,20,32620,32620,1,27,100.0,27/27,0.4,108.0,ok
SAR_Ship_Chip_20221026_UTM10N_EPSG32610_10m.manifest.json,20221026,10,32610,32610,1,349,100.0,349/349,0.03,178.0,ok
SAR_Ship_Chip_20221026_UTM15N_EPSG32615_10m.manifest.json,20221026,15,32615,32615,1,217,100.0,217/217,0.0,176.0,ok
SAR_Ship_Chip_20221020_UTM20N_EPSG32620_10m.manifest.json,20221020,20,32620,32620,1,2,100.0,2/2,3.28,129.0,ok
SAR_Ship_Chip_20221021_UTM10N_EPSG32610_10m.manifest.json,20221021,10,32610,32610,1,330,100.0,330/330,0.0,100.0,ok
SAR_Ship_Chip_20221021_UTM11N_EPSG32611_10m.manifest.json,20221021,11,32611,32611,1,101,100.0,101/101,0.09,208.0,ok
SAR_Ship_Chip_20221021_UTM14N_EPSG32614_10m.manifest.json,20221021,14,32614,32614,1,3,100.0,3/3,5.3,22.0,ok
SAR_Ship_Chip_20221021_UTM15N_EPSG32615_10m.manifest.json,20221021,15,32615,32615,1,428,100.0,428/428,0.0,176.0,ok
SAR_Ship_Chip_20221021_UTM17N_EPSG32617_10m.manifest.json,20221021,17,32617,32617,1,262,100.0,262/262,0.0,181.5,ok
SAR_Ship_Chip_20221022_UTM04N_EPSG32604_10m.manifest.json,20221022,4,32604,32604,1,28,100.0,28/28,0.04,37.5,ok
SAR_Ship_Chip_20221022_UTM19N_EPSG32619_10m.manifest.json,20221022,19,32619,32619,1,19,100.0,19/19,6.0,154.0,ok
SAR_Ship_Chip_20221026_UTM16N_EPSG32616_10m.manifest.json,20221026,16,32616,32616,1,8,100.0,8/8,0.0,188.0,ok
SAR_Ship_Chip_20221026_UTM17N_EPSG32617_10m.manifest.json,20221026,17,32617,32617,1,293,100.0,293/293,0.0,52.0,ok
SAR_Ship_Chip_20221027_UTM04N_EPSG32604_10m.manifest.json,20221027,4,32604,32604,1,3,100.0,3/3,9.18,184.0,ok
SAR_Ship_Chip_20221027_UTM19N_EPSG32619_10m.manifest.json,20221027,19,32619,32619,1,50,100.0,50/50,0.02,71.0,ok
SAR_Ship_Chip_20221027_UTM20N_EPSG32620_10m.manifest.json,20221027,20,32620,32620,1,20,100.0,20/20,0.0,55.5,ok
SAR_Ship_Chip_20221028_UTM11N_EPSG32611_10m.manifest.json,20221028,11,32611,32611,1,219,100.0,219/219,0.0,183.0,ok
SAR_Ship_Chip_20221028_UTM15N_EPSG32615_10m.manifest.json,20221028,15,32615,32615,1,173,100.0,173/173,0.13,91.0,ok
SAR_Ship_Chip_20221028_UTM17N_EPSG32617_10m.manifest.json,20221028,17,32617,32617,1,44,100.0,44/44,0.06,191.5,ok
SAR_Ship_Chip_20221030_UTM19N_EPSG32619_10m.manifest.json,20221030,19,32619,32619,1,13,100.0,13/13,11.7,148.0,ok
SAR_Ship_Chip_20221031_UTM10N_EPSG32610_10m.manifest.json,20221031,10,32610,32610,1,104,100.0,104/104,0.21,178.5,ok
SAR_Ship_Chip_20221031_UTM14N_EPSG32614_10m.manifest.json,20221031,14,32614,32614,1,70,100.0,70/70,0.0,126.0,ok
SAR_Ship_Chip_20221031_UTM16N_EPSG32616_10m.manifest.json,20221031,16,32616,32616,1,28,100.0,28/28,0.11,187.5,ok
SAR_Ship_Chip_20221031_UTM17N_EPSG32617_10m.manifest.json,20221031,17,32617,32617,1,56,100.0,56/56,0.02,165.5,ok
SAR_Ship_Chip_20221031_UTM18N_EPSG32618_10m.manifest.json,20221031,18,32618,32618,1,36,100.0,36/36,0.0,35.0,ok
SAR_Ship_Chip_20221101_UTM05N_EPSG32605_10m.manifest.json,20221101,5,32605,32605,1,1,100.0,1/1,13.65,280.0,ok
SAR_Ship_Chip_20221101_UTM18N_EPSG32618_10m.manifest.json,20221101,18,32618,32618,1,14,100.0,14/14,0.0,167.0,ok
SAR_Ship_Chip_20221028_UTM18N_EPSG32618_10m.manifest.json,20221028,18,32618,32618,1,6,100.0,6/6,13.67,287.5,ok
SAR_Ship_Chip_20221029_UTM05N_EPSG32605_10m.manifest.json,20221029,5,32605,32605,1,6,100.0,6/6,4.36,37.0,ok
SAR_Ship_Chip_20221029_UTM15N_EPSG32615_10m.manifest.json,20221029,15,32615,32615,1,8,100.0,8/8,0.0,208.0,ok
SAR_Ship_Chip_20221029_UTM16N_EPSG32616_10m.manifest.json,20221029,16,32616,32616,1,71,100.0,71/71,0.26,136.0,ok
SAR_Ship_Chip_20221029_UTM17N_EPSG32617_10m.manifest.json,20221029,17,32617,32617,1,4,100.0,4/4,12.93,224.5,ok
SAR_Ship_Chip_20221029_UTM19N_EPSG32619_10m.manifest.json,20221029,19,32619,32619,1,16,100.0,16/16,0.03,88.0,ok
SAR_Ship_Chip_20221030_UTM11N_EPSG32611_10m.manifest.json,20221030,11,32611,32611,1,13,100.0,13/13,13.4,210.0,ok
SAR_Ship_Chip_20221030_UTM18N_EPSG32618_10m.manifest.json,20221030,18,32618,32618,1,144,100.0,144/144,0.08,182.5,ok
SAR_Ship_Chip_20221103_UTM17N_EPSG32617_10m.manifest.json,20221103,17,32617,32617,1,3,100.0,3/3,13.8,274.0,ok
SAR_Ship_Chip_20221103_UTM19N_EPSG32619_10m.manifest.json,20221103,19,32619,32619,1,15,100.0,15/15,9.1,180.0,ok
SAR_Ship_Chip_20221103_UTM20N_EPSG32620_10m.manifest.json,20221103,20,32620,32620,1,1,100.0,1/1,10.8,117.0,ok
SAR_Ship_Chip_20221104_UTM11N_EPSG32611_10m.manifest.json,20221104,11,32611,32611,1,26,100.0,26/26,0.0,104.5,ok
SAR_Ship_Chip_20221104_UTM15N_EPSG32615_10m.manifest.json,20221104,15,32615,32615,1,4,100.0,4/4,0.0,266.0,ok
SAR_Ship_Chip_20221104_UTM16N_EPSG32616_10m.manifest.json,20221104,16,32616,32616,1,352,100.0,352/352,0.0,92.0,ok
SAR_Ship_Chip_20221104_UTM17N_EPSG32617_10m.manifest.json,20221104,17,32617,32617,1,28,100.0,28/28,0.0,198.5,ok
SAR_Ship_Chip_20221104_UTM18N_EPSG32618_10m.manifest.json,20221104,18,32618,32618,1,109,100.0,109/109,0.0,179.0,ok
SAR_Ship_Chip_20221101_UTM19N_EPSG32619_10m.manifest.json,20221101,19,32619,32619,1,95,100.0,95/95,0.03,70.0,ok
SAR_Ship_Chip_20221101_UTM20N_EPSG32620_10m.manifest.json,20221101,20,32620,32620,1,2,100.0,2/2,17.27,271.5,ok
SAR_Ship_Chip_20221102_UTM10N_EPSG32610_10m.manifest.json,20221102,10,32610,32610,1,351,100.0,351/351,0.0,106.0,ok
SAR_Ship_Chip_20221102_UTM11N_EPSG32611_10m.manifest.json,20221102,11,32611,32611,1,102,100.0,102/102,0.02,199.5,ok
SAR_Ship_Chip_20221102_UTM14N_EPSG32614_10m.manifest.json,20221102,14,32614,32614,1,5,100.0,5/5,0.1,177.0,ok
SAR_Ship_Chip_20221102_UTM15N_EPSG32615_10m.manifest.json,20221102,15,32615,32615,1,438,100.0,438/438,0.0,170.0,ok
SAR_Ship_Chip_20221102_UTM17N_EPSG32617_10m.manifest.json,20221102,17,32617,32617,1,263,100.0,263/263,0.02,182.0,ok
SAR_Ship_Chip_20221103_UTM04N_EPSG32604_10m.manifest.json,20221103,4,32604,32604,1,31,100.0,31/31,0.0,37.0,ok
SAR_Ship_Chip_20221104_UTM19N_EPSG32619_10m.manifest.json,20221104,19,32619,32619,1,1,100.0,1/1,12.25,180.0,ok
SAR_Ship_Chip_20221105_UTM10N_EPSG32610_10m.manifest.json,20221105,10,32610,32610,1,314,100.0,314/314,0.0,99.5,ok
SAR_Ship_Chip_20221105_UTM16N_EPSG32616_10m.manifest.json,20221105,16,32616,32616,1,8,100.0,8/8,4.28,99.0,ok
SAR_Ship_Chip_20221105_UTM17N_EPSG32617_10m.manifest.json,20221105,17,32617,32617,1,12,100.0,12/12,11.64,212.0,ok
SAR_Ship_Chip_20221106_UTM04N_EPSG32604_10m.manifest.json,20221106,4,32604,32604,1,28,100.0,28/28,0.0,37.0,ok
SAR_Ship_Chip_20221106_UTM11N_EPSG32611_10m.manifest.json,20221106,11,32611,32611,1,1,100.0,1/1,15.44,225.0,ok
SAR_Ship_Chip_20221106_UTM12N_EPSG32612_10m.manifest.json,20221106,12,32612,32612,1,1,100.0,1/1,15.6,186.0,ok
SAR_Ship_Chip_20221106_UTM18N_EPSG32618_10m.manifest.json,20221106,18,32618,32618,1,153,100.0,153/153,0.0,43.0,ok
SAR_Ship_Chip_20221108_UTM19N_EPSG32619_10m.manifest.json,20221108,19,32619,32619,1,54,100.0,54/54,0.01,46.0,ok
SAR_Ship_Chip_20221108_UTM20N_EPSG32620_10m.manifest.json,20221108,20,32620,32620,1,34,100.0,34/34,0.0,118.0,ok
SAR_Ship_Chip_20221109_UTM11N_EPSG32611_10m.manifest.json,20221109,11,32611,32611,1,209,100.0,209/209,0.0,188.0,ok
SAR_Ship_Chip_20221109_UTM15N_EPSG32615_10m.manifest.json,20221109,15,32615,32615,1,105,100.0,105/105,0.0,64.0,ok
SAR_Ship_Chip_20221109_UTM17N_EPSG32617_10m.manifest.json,20221109,17,32617,32617,1,66,100.0,66/66,0.77,200.0,ok
SAR_Ship_Chip_20221110_UTM05N_EPSG32605_10m.manifest.json,20221110,5,32605,32605,1,5,100.0,5/5,4.68,37.0,ok
SAR_Ship_Chip_20221110_UTM15N_EPSG32615_10m.manifest.json,20221110,15,32615,32615,1,9,100.0,9/9,0.0,154.0,ok
SAR_Ship_Chip_20221110_UTM16N_EPSG32616_10m.manifest.json,20221110,16,32616,32616,1,59,100.0,59/59,0.0,108.0,ok
SAR_Ship_Chip_20221106_UTM19N_EPSG32619_10m.manifest.json,20221106,19,32619,32619,1,6,100.0,6/6,14.48,219.5,ok
SAR_Ship_Chip_20221106_UTM20N_EPSG32620_10m.manifest.json,20221106,20,32620,32620,1,36,100.0,36/36,0.11,120.0,ok
SAR_Ship_Chip_20221107_UTM10N_EPSG32610_10m.manifest.json,20221107,10,32610,32610,1,313,100.0,313/313,0.05,177.0,ok
SAR_Ship_Chip_20221107_UTM14N_EPSG32614_10m.manifest.json,20221107,14,32614,32614,1,1,100.0,1/1,5.31,20.0,ok
SAR_Ship_Chip_20221107_UTM15N_EPSG32615_10m.manifest.json,20221107,15,32615,32615,1,218,100.0,218/218,0.0,179.0,ok
SAR_Ship_Chip_20221107_UTM16N_EPSG32616_10m.manifest.json,20221107,16,32616,32616,1,5,100.0,5/5,0.0,42.0,ok
SAR_Ship_Chip_20221107_UTM17N_EPSG32617_10m.manifest.json,20221107,17,32617,32617,1,283,100.0,283/283,0.0,53.0,ok
SAR_Ship_Chip_20221108_UTM04N_EPSG32604_10m.manifest.json,20221108,4,32604,32604,1,4,100.0,4/4,10.05,179.5,ok
SAR_Ship_Chip_20221110_UTM17N_EPSG32617_10m.manifest.json,20221110,17,32617,32617,1,263,100.0,263/263,0.0,57.0,ok
SAR_Ship_Chip_20221110_UTM19N_EPSG32619_10m.manifest.json,20221110,19,32619,32619,1,19,100.0,19/19,0.09,85.0,ok
SAR_Ship_Chip_20221111_UTM04N_EPSG32604_10m.manifest.json,20221111,4,32604,32604,1,1,100.0,1/1,0.0,280.0,ok
SAR_Ship_Chip_20221111_UTM11N_EPSG32611_10m.manifest.json,20221111,11,32611,32611,1,1,100.0,1/1,14.5,333.0,ok
SAR_Ship_Chip_20221111_UTM18N_EPSG32618_10m.manifest.json,20221111,18,32618,32618,1,130,100.0,130/130,0.04,180.0,ok
SAR_Ship_Chip_20221111_UTM19N_EPSG32619_10m.manifest.json,20221111,19,32619,32619,1,24,100.0,24/24,11.17,159.0,ok
SAR_Ship_Chip_20221112_UTM09N_EPSG32609_10m.manifest.json,20221112,9,32609,32609,1,12,100.0,12/12,7.76,180.5,ok
SAR_Ship_Chip_20221112_UTM10N_EPSG32610_10m.manifest.json,20221112,10,32610,32610,1,98,100.0,98/98,0.05,183.0,ok
SAR_Ship_Chip_20221112_UTM14N_EPSG32614_10m.manifest.json,20221112,14,32614,32614,1,65,100.0,65/65,0.0,145.0,ok
SAR_Ship_Chip_20221112_UTM16N_EPSG32616_10m.manifest.json,20221112,16,32616,32616,1,26,100.0,26/26,0.0,156.0,ok
SAR_Ship_Chip_20221112_UTM17N_EPSG32617_10m.manifest.json,20221112,17,32617,32617,1,77,100.0,77/77,0.1,180.0,ok
SAR_Ship_Chip_20221112_UTM18N_EPSG32618_10m.manifest.json,20221112,18,32618,32618,1,34,100.0,34/34,0.0,66.0,ok
SAR_Ship_Chip_20221113_UTM04N_EPSG32604_10m.manifest.json,20221113,4,32604,32604,1,1,100.0,1/1,8.72,38.0,ok
SAR_Ship_Chip_20221113_UTM05N_EPSG32605_10m.manifest.json,20221113,5,32605,32605,1,3,100.0,3/3,7.9,37.0,ok
SAR_Ship_Chip_20221113_UTM18N_EPSG32618_10m.manifest.json,20221113,18,32618,32618,1,6,100.0,6/6,0.0,37.0,ok
SAR_Ship_Chip_20221113_UTM19N_EPSG32619_10m.manifest.json,20221113,19,32619,32619,1,93,100.0,93/93,0.0,71.0,ok
SAR_Ship_Chip_20221115_UTM19N_EPSG32619_10m.manifest.json,20221115,19,32619,32619,1,8,100.0,8/8,12.3,117.5,ok
SAR_Ship_Chip_20221115_UTM20N_EPSG32620_10m.manifest.json,20221115,20,32620,32620,1,2,100.0,2/2,12.42,145.5,ok
SAR_Ship_Chip_20221116_UTM11N_EPSG32611_10m.manifest.json,20221116,11,32611,32611,1,30,100.0,30/30,0.05,144.0,ok
SAR_Ship_Chip_20221116_UTM15N_EPSG32615_10m.manifest.json,20221116,15,32615,32615,1,5,100.0,5/5,0.0,68.0,ok
SAR_Ship_Chip_20221116_UTM16N_EPSG32616_10m.manifest.json,20221116,16,32616,32616,1,310,100.0,310/310,0.0,87.0,ok
SAR_Ship_Chip_20221116_UTM17N_EPSG32617_10m.manifest.json,20221116,17,32617,32617,1,23,100.0,23/23,1.74,138.0,ok
SAR_Ship_Chip_20221116_UTM18N_EPSG32618_10m.manifest.json,20221116,18,32618,32618,1,107,100.0,107/107,0.0,180.0,ok
SAR_Ship_Chip_20221116_UTM19N_EPSG32619_10m.manifest.json,20221116,19,32619,32619,1,7,100.0,7/7,11.9,176.0,ok
SAR_Ship_Chip_20221113_UTM20N_EPSG32620_10m.manifest.json,20221113,20,32620,32620,1,5,100.0,5/5,6.37,108.0,ok
SAR_Ship_Chip_20221114_UTM10N_EPSG32610_10m.manifest.json,20221114,10,32610,32610,1,345,100.0,345/345,0.0,96.0,ok
SAR_Ship_Chip_20221114_UTM11N_EPSG32611_10m.manifest.json,20221114,11,32611,32611,1,94,100.0,94/94,0.0,205.0,ok
SAR_Ship_Chip_20221114_UTM14N_EPSG32614_10m.manifest.json,20221114,14,32614,32614,1,4,100.0,4/4,1.2,191.5,ok
SAR_Ship_Chip_20221114_UTM15N_EPSG32615_10m.manifest.json,20221114,15,32615,32615,1,416,100.0,416/416,0.0,162.0,ok
SAR_Ship_Chip_20221114_UTM17N_EPSG32617_10m.manifest.json,20221114,17,32617,32617,1,291,100.0,291/291,0.21,156.0,ok
SAR_Ship_Chip_20221115_UTM04N_EPSG32604_10m.manifest.json,20221115,4,32604,32604,1,25,100.0,25/25,0.0,88.0,ok
SAR_Ship_Chip_20221115_UTM17N_EPSG32617_10m.manifest.json,20221115,17,32617,32617,1,3,100.0,3/3,14.0,175.0,ok
SAR_Ship_Chip_20221117_UTM10N_EPSG32610_10m.manifest.json,20221117,10,32610,32610,1,358,100.0,358/358,0.0,100.0,ok
SAR_Ship_Chip_20221117_UTM16N_EPSG32616_10m.manifest.json,20221117,16,32616,32616,1,7,100.0,7/7,0.0,99.0,ok
SAR_Ship_Chip_20221117_UTM17N_EPSG32617_10m.manifest.json,20221117,17,32617,32617,1,26,100.0,26/26,12.3,204.0,ok
SAR_Ship_Chip_20221118_UTM04N_EPSG32604_10m.manifest.json,20221118,4,32604,32604,1,25,100.0,25/25,0.01,88.0,ok
SAR_Ship_Chip_20221118_UTM12N_EPSG32612_10m.manifest.json,20221118,12,32612,32612,1,4,100.0,4/4,11.53,216.5,ok
SAR_Ship_Chip_20221118_UTM18N_EPSG32618_10m.manifest.json,20221118,18,32618,32618,1,143,100.0,143/143,0.0,38.0,ok
SAR_Ship_Chip_20221118_UTM19N_EPSG32619_10m.manifest.json,20221118,19,32619,32619,1,5,100.0,5/5,12.44,235.0,ok
SAR_Ship_Chip_20221118_UTM20N_EPSG32620_10m.manifest.json,20221118,20,32620,32620,1,36,100.0,36/36,0.18,109.5,ok
SAR_Ship_Chip_20221121_UTM15N_EPSG32615_10m.manifest.json,20221121,15,32615,32615,1,78,100.0,78/78,0.0,63.0,ok
SAR_Ship_Chip_20221121_UTM17N_EPSG32617_10m.manifest.json,20221121,17,32617,32617,1,45,100.0,45/45,0.0,180.0,ok
SAR_Ship_Chip_20221122_UTM05N_EPSG32605_10m.manifest.json,20221122,5,32605,32605,1,11,100.0,11/11,7.2,37.0,ok
SAR_Ship_Chip_20221122_UTM15N_EPSG32615_10m.manifest.json,20221122,15,32615,32615,1,13,100.0,13/13,0.0,222.0,ok
SAR_Ship_Chip_20221122_UTM16N_EPSG32616_10m.manifest.json,20221122,16,32616,32616,1,65,100.0,65/65,0.1,108.0,ok
SAR_Ship_Chip_20221122_UTM17N_EPSG32617_10m.manifest.json,20221122,17,32617,32617,1,7,100.0,7/7,17.1,186.0,ok
SAR_Ship_Chip_20221123_UTM04N_EPSG32604_10m.manifest.json,20221123,4,32604,32604,1,1,100.0,1/1,0.0,37.0,ok
SAR_Ship_Chip_20221123_UTM11N_EPSG32611_10m.manifest.json,20221123,11,32611,32611,1,5,100.0,5/5,12.7,199.0,ok
SAR_Ship_Chip_20221123_UTM18N_EPSG32618_10m.manifest.json,20221123,18,32618,32618,1,132,100.0,132/132,0.0,144.5,ok
SAR_Ship_Chip_20221123_UTM19N_EPSG32619_10m.manifest.json,20221123,19,32619,32619,1,21,100.0,21/21,12.39,183.0,ok
SAR_Ship_Chip_20221124_UTM09N_EPSG32609_10m.manifest.json,20221124,9,32609,32609,1,21,100.0,21/21,10.34,209.0,ok
SAR_Ship_Chip_20221124_UTM10N_EPSG32610_10m.manifest.json,20221124,10,32610,32610,1,68,100.0,68/68,0.17,179.5,ok
SAR_Ship_Chip_20221124_UTM14N_EPSG32614_10m.manifest.json,20221124,14,32614,32614,1,69,100.0,69/69,0.0,183.0,ok
SAR_Ship_Chip_20221124_UTM16N_EPSG32616_10m.manifest.json,20221124,16,32616,32616,1,30,100.0,30/30,1.96,199.0,ok
SAR_Ship_Chip_20221124_UTM17N_EPSG32617_10m.manifest.json,20221124,17,32617,32617,1,64,100.0,64/64,0.01,151.0,ok
SAR_Ship_Chip_20221124_UTM18N_EPSG32618_10m.manifest.json,20221124,18,32618,32618,1,33,100.0,33/33,0.0,35.0,ok
SAR_Ship_Chip_20221119_UTM10N_EPSG32610_10m.manifest.json,20221119,10,32610,32610,1,326,100.0,326/326,0.02,176.5,ok
SAR_Ship_Chip_20221119_UTM15N_EPSG32615_10m.manifest.json,20221119,15,32615,32615,1,197,100.0,197/197,0.0,175.0,ok
SAR_Ship_Chip_20221119_UTM16N_EPSG32616_10m.manifest.json,20221119,16,32616,32616,1,3,100.0,3/3,0.0,199.0,ok
SAR_Ship_Chip_20221119_UTM17N_EPSG32617_10m.manifest.json,20221119,17,32617,32617,1,290,100.0,290/290,0.0,58.0,ok
SAR_Ship_Chip_20221120_UTM04N_EPSG32604_10m.manifest.json,20221120,4,32604,32604,1,2,100.0,2/2,5.26,34.5,ok
SAR_Ship_Chip_20221120_UTM19N_EPSG32619_10m.manifest.json,20221120,19,32619,32619,1,45,100.0,45/45,0.09,68.0,ok
SAR_Ship_Chip_20221120_UTM20N_EPSG32620_10m.manifest.json,20221120,20,32620,32620,1,43,100.0,43/43,0.08,108.0,ok
SAR_Ship_Chip_20221121_UTM11N_EPSG32611_10m.manifest.json,20221121,11,32611,32611,1,190,100.0,190/190,0.0,189.0,ok
SAR_Ship_Chip_20221126_UTM17N_EPSG32617_10m.manifest.json,20221126,17,32617,32617,1,254,100.0,254/254,0.03,175.5,ok
SAR_Ship_Chip_20221127_UTM04N_EPSG32604_10m.manifest.json,20221127,4,32604,32604,1,27,100.0,27/27,0.0,88.0,ok
SAR_Ship_Chip_20221127_UTM17N_EPSG32617_10m.manifest.json,20221127,17,32617,32617,1,9,100.0,9/9,14.3,199.0,ok
SAR_Ship_Chip_20221127_UTM19N_EPSG32619_10m.manifest.json,20221127,19,32619,32619,1,6,100.0,6/6,1.7,40.5,ok
SAR_Ship_Chip_20221127_UTM20N_EPSG32620_10m.manifest.json,20221127,20,32620,32620,1,3,100.0,3/3,12.98,183.0,ok
SAR_Ship_Chip_20221128_UTM11N_EPSG32611_10m.manifest.json,20221128,11,32611,32611,1,24,100.0,24/24,0.07,144.5,ok
SAR_Ship_Chip_20221128_UTM15N_EPSG32615_10m.manifest.json,20221128,15,32615,32615,1,6,100.0,6/6,0.0,143.5,ok
SAR_Ship_Chip_20221128_UTM16N_EPSG32616_10m.manifest.json,20221128,16,32616,32616,1,338,100.0,338/338,0.0,92.0,ok
SAR_Ship_Chip_20221125_UTM05N_EPSG32605_10m.manifest.json,20221125,5,32605,32605,1,7,100.0,7/7,8.3,38.0,ok
SAR_Ship_Chip_20221125_UTM18N_EPSG32618_10m.manifest.json,20221125,18,32618,32618,1,15,100.0,15/15,0.0,119.0,ok
SAR_Ship_Chip_20221125_UTM19N_EPSG32619_10m.manifest.json,20221125,19,32619,32619,1,58,100.0,58/58,0.0,56.5,ok
SAR_Ship_Chip_20221125_UTM20N_EPSG32620_10m.manifest.json,20221125,20,32620,32620,1,5,100.0,5/5,7.8,133.0,ok
SAR_Ship_Chip_20221126_UTM10N_EPSG32610_10m.manifest.json,20221126,10,32610,32610,1,352,100.0,352/352,0.0,103.0,ok
SAR_Ship_Chip_20221126_UTM11N_EPSG32611_10m.manifest.json,20221126,11,32611,32611,1,88,100.0,88/88,0.0,209.0,ok
SAR_Ship_Chip_20221126_UTM14N_EPSG32614_10m.manifest.json,20221126,14,32614,32614,1,115,100.0,115/115,0.0,175.0,ok
SAR_Ship_Chip_20221126_UTM15N_EPSG32615_10m.manifest.json,20221126,15,32615,32615,1,314,100.0,314/314,0.0,179.0,ok
SAR_Ship_Chip_20221128_UTM17N_EPSG32617_10m.manifest.json,20221128,17,32617,32617,1,28,100.0,28/28,0.04,187.0,ok
SAR_Ship_Chip_20221128_UTM18N_EPSG32618_10m.manifest.json,20221128,18,32618,32618,1,108,100.0,108/108,0.0,175.0,ok
SAR_Ship_Chip_20221129_UTM10N_EPSG32610_10m.manifest.json,20221129,10,32610,32610,1,352,100.0,352/352,0.0,97.5,ok
SAR_Ship_Chip_20221129_UTM16N_EPSG32616_10m.manifest.json,20221129,16,32616,32616,1,6,100.0,6/6,0.0,78.5,ok
SAR_Ship_Chip_20221129_UTM17N_EPSG32617_10m.manifest.json,20221129,17,32617,32617,1,36,100.0,36/36,12.3,189.0,ok
SAR_Ship_Chip_20221130_UTM04N_EPSG32604_10m.manifest.json,20221130,4,32604,32604,1,19,100.0,19/19,0.0,94.0,ok
SAR_Ship_Chip_20221130_UTM18N_EPSG32618_10m.manifest.json,20221130,18,32618,32618,1,148,100.0,148/148,0.02,38.0,ok
SAR_Ship_Chip_20221130_UTM19N_EPSG32619_10m.manifest.json,20221130,19,32619,32619,1,2,100.0,2/2,9.5,110.5,ok
SAR_Ship_Chip_20221130_UTM20N_EPSG32620_10m.manifest.json,20221130,20,32620,32620,1,50,100.0,50/50,0.08,114.0,ok
SAR_Ship_Chip_20221201_UTM10N_EPSG32610_10m.manifest.json,20221201,10,32610,32610,1,322,100.0,322/322,0.09,159.0,ok
SAR_Ship_Chip_20221201_UTM15N_EPSG32615_10m.manifest.json,20221201,15,32615,32615,1,220,100.0,220/220,0.0,180.5,ok
SAR_Ship_Chip_20221201_UTM16N_EPSG32616_10m.manifest.json,20221201,16,32616,32616,1,1,100.0,1/1,0.03,41.0,ok
SAR_Ship_Chip_20221201_UTM17N_EPSG32617_10m.manifest.json,20221201,17,32617,32617,1,307,100.0,307/307,0.0,55.0,ok
SAR_Ship_Chip_20221202_UTM04N_EPSG32604_10m.manifest.json,20221202,4,32604,32604,1,3,100.0,3/3,6.3,179.0,ok
SAR_Ship_Chip_20221202_UTM19N_EPSG32619_10m.manifest.json,20221202,19,32619,32619,1,52,100.0,52/52,0.08,60.5,ok
SAR_Ship_Chip_20221202_UTM20N_EPSG32620_10m.manifest.json,20221202,20,32620,32620,1,42,100.0,42/42,0.07,68.5,ok
SAR_Ship_Chip_20221203_UTM11N_EPSG32611_10m.manifest.json,20221203,11,32611,32611,1,188,100.0,188/188,0.0,199.0,ok
SAR_Ship_Chip_20221203_UTM15N_EPSG32615_10m.manifest.json,20221203,15,32615,32615,1,111,100.0,111/111,0.0,79.0,ok
SAR_Ship_Chip_20221203_UTM17N_EPSG32617_10m.manifest.json,20221203,17,32617,32617,1,34,100.0,34/34,1.05,172.5,ok
SAR_Ship_Chip_20221203_UTM18N_EPSG32618_10m.manifest.json,20221203,18,32618,32618,1,2,100.0,2/2,15.41,201.5,ok
SAR_Ship_Chip_20221204_UTM05N_EPSG32605_10m.manifest.json,20221204,5,32605,32605,1,5,100.0,5/5,7.6,38.0,ok
SAR_Ship_Chip_20221204_UTM15N_EPSG32615_10m.manifest.json,20221204,15,32615,32615,1,8,100.0,8/8,0.0,224.5,ok
SAR_Ship_Chip_20221204_UTM16N_EPSG32616_10m.manifest.json,20221204,16,32616,32616,1,68,100.0,68/68,0.0,97.0,ok
SAR_Ship_Chip_20221204_UTM17N_EPSG32617_10m.manifest.json,20221204,17,32617,32617,1,4,100.0,4/4,12.85,213.0,ok
SAR_Ship_Chip_20221204_UTM19N_EPSG32619_10m.manifest.json,20221204,19,32619,32619,1,1,100.0,1/1,10.5,182.0,ok
SAR_Ship_Chip_20221205_UTM04N_EPSG32604_10m.manifest.json,20221205,4,32604,32604,1,3,100.0,3/3,9.26,36.0,ok
SAR_Ship_Chip_20221205_UTM18N_EPSG32618_10m.manifest.json,20221205,18,32618,32618,1,143,100.0,143/143,0.07,179.0,ok
SAR_Ship_Chip_20221205_UTM19N_EPSG32619_10m.manifest.json,20221205,19,32619,32619,1,26,100.0,26/26,11.96,170.0,ok
SAR_Ship_Chip_20221206_UTM09N_EPSG32609_10m.manifest.json,20221206,9,32609,32609,1,13,100.0,13/13,9.63,199.0,ok
SAR_Ship_Chip_20221206_UTM10N_EPSG32610_10m.manifest.json,20221206,10,32610,32610,1,103,100.0,103/103,2.39,169.0,ok
SAR_Ship_Chip_20221206_UTM14N_EPSG32614_10m.manifest.json,20221206,14,32614,32614,1,75,100.0,75/75,0.0,183.0,ok
SAR_Ship_Chip_20221206_UTM16N_EPSG32616_10m.manifest.json,20221206,16,32616,32616,1,30,100.0,30/30,0.0,136.5,ok
SAR_Ship_Chip_20221206_UTM17N_EPSG32617_10m.manifest.json,20221206,17,32617,32617,1,51,100.0,51/51,0.0,99.0,ok
SAR_Ship_Chip_20221206_UTM18N_EPSG32618_10m.manifest.json,20221206,18,32618,32618,1,44,100.0,44/44,0.0,35.0,ok
SAR_Ship_Chip_20221206_UTM20N_EPSG32620_10m.manifest.json,20221206,20,32620,32620,1,1,100.0,1/1,7.1,160.0,ok
SAR_Ship_Chip_20221207_UTM04N_EPSG32604_10m.manifest.json,20221207,4,32604,32604,1,1,100.0,1/1,17.6,272.0,ok
SAR_Ship_Chip_20221207_UTM05N_EPSG32605_10m.manifest.json,20221207,5,32605,32605,1,4,100.0,4/4,0.0,36.5,ok
SAR_Ship_Chip_20221207_UTM20N_EPSG32620_10m.manifest.json,20221207,20,32620,32620,1,6,100.0,6/6,11.1,105.0,ok
SAR_Ship_Chip_20240101_UTM10N_EPSG32610_10m.manifest.json,20240101,10,32610,32610,1,228,100.0,228/228,0.0,160.0,ok
SAR_Ship_Chip_20240101_UTM16N_EPSG32616_10m.manifest.json,20240101,16,32616,32616,1,3,100.0,3/3,0.09,203.0,ok
SAR_Ship_Chip_20240101_UTM17N_EPSG32617_10m.manifest.json,20240101,17,32617,32617,1,164,100.0,164/164,0.0,90.0,ok
SAR_Ship_Chip_20240102_UTM05N_EPSG32605_10m.manifest.json,20240102,5,32605,32605,1,1,100.0,1/1,15.46,272.0,ok
SAR_Ship_Chip_20240102_UTM19N_EPSG32619_10m.manifest.json,20240102,19,32619,32619,1,49,100.0,49/49,0.08,70.0,ok
SAR_Ship_Chip_20240102_UTM20N_EPSG32620_10m.manifest.json,20240102,20,32620,32620,1,81,100.0,81/81,0.1,90.0,ok
SAR_Ship_Chip_20240103_UTM11N_EPSG32611_10m.manifest.json,20240103,11,32611,32611,1,191,100.0,191/191,0.0,184.0,ok
SAR_Ship_Chip_20240103_UTM15N_EPSG32615_10m.manifest.json,20240103,15,32615,32615,1,109,100.0,109/109,0.0,85.0,ok
SAR_Ship_Chip_20240103_UTM17N_EPSG32617_10m.manifest.json,20240103,17,32617,32617,1,42,100.0,42/42,0.78,161.5,ok
SAR_Ship_Chip_20240104_UTM05N_EPSG32605_10m.manifest.json,20240104,5,32605,32605,1,3,100.0,3/3,1.18,37.0,ok
SAR_Ship_Chip_20240104_UTM15N_EPSG32615_10m.manifest.json,20240104,15,32615,32615,1,9,100.0,9/9,11.65,225.0,ok
SAR_Ship_Chip_20240104_UTM16N_EPSG32616_10m.manifest.json,20240104,16,32616,32616,1,78,100.0,78/78,0.0,117.5,ok
SAR_Ship_Chip_20240104_UTM17N_EPSG32617_10m.manifest.json,20240104,17,32617,32617,1,8,100.0,8/8,11.65,184.5,ok
SAR_Ship_Chip_20240105_UTM04N_EPSG32604_10m.manifest.json,20240105,4,32604,32604,1,1,100.0,1/1,0.0,280.0,ok
SAR_Ship_Chip_20240105_UTM18N_EPSG32618_10m.manifest.json,20240105,18,32618,32618,1,156,100.0,156/156,0.0,182.5,ok
SAR_Ship_Chip_20240105_UTM19N_EPSG32619_10m.manifest.json,20240105,19,32619,32619,1,27,100.0,27/27,11.07,183.0,ok
SAR_Ship_Chip_20240106_UTM09N_EPSG32609_10m.manifest.json,20240106,9,32609,32609,1,14,100.0,14/14,3.85,190.5,ok
SAR_Ship_Chip_20240106_UTM10N_EPSG32610_10m.manifest.json,20240106,10,32610,32610,1,98,100.0,98/98,0.71,180.0,ok
SAR_Ship_Chip_20240106_UTM14N_EPSG32614_10m.manifest.json,20240106,14,32614,32614,1,73,100.0,73/73,0.0,116.0,ok
SAR_Ship_Chip_20240106_UTM16N_EPSG32616_10m.manifest.json,20240106,16,32616,32616,1,21,100.0,21/21,8.4,144.0,ok
SAR_Ship_Chip_20240106_UTM17N_EPSG32617_10m.manifest.json,20240106,17,32617,32617,1,82,100.0,82/82,0.62,180.0,ok
SAR_Ship_Chip_20240106_UTM18N_EPSG32618_10m.manifest.json,20240106,18,32618,32618,1,2,100.0,2/2,8.77,222.0,ok
SAR_Ship_Chip_20240107_UTM05N_EPSG32605_10m.manifest.json,20240107,5,32605,32605,1,7,100.0,7/7,6.27,45.0,ok
SAR_Ship_Chip_20240107_UTM18N_EPSG32618_10m.manifest.json,20240107,18,32618,32618,1,14,100.0,14/14,0.0,106.5,ok
SAR_Ship_Chip_20240107_UTM19N_EPSG32619_10m.manifest.json,20240107,19,32619,32619,1,32,100.0,32/32,0.0,75.0,ok
SAR_Ship_Chip_20240107_UTM20N_EPSG32620_10m.manifest.json,20240107,20,32620,32620,1,10,100.0,10/10,4.79,112.5,ok
SAR_Ship_Chip_20240108_UTM10N_EPSG32610_10m.manifest.json,20240108,10,32610,32610,1,323,100.0,323/323,0.0,96.0,ok
SAR_Ship_Chip_20240108_UTM11N_EPSG32611_10m.manifest.json,20240108,11,32611,32611,1,100,100.0,100/100,0.1,200.0,ok
SAR_Ship_Chip_20240108_UTM14N_EPSG32614_10m.manifest.json,20240108,14,32614,32614,1,1,100.0,1/1,5.4,24.0,ok
SAR_Ship_Chip_20240108_UTM15N_EPSG32615_10m.manifest.json,20240108,15,32615,32615,1,110,100.0,110/110,0.0,150.0,ok
SAR_Ship_Chip_20240108_UTM17N_EPSG32617_10m.manifest.json,20240108,17,32617,32617,1,148,100.0,148/148,3.21,193.5,ok
SAR_Ship_Chip_20240109_UTM17N_EPSG32617_10m.manifest.json,20240109,17,32617,32617,1,5,100.0,5/5,12.8,250.0,ok
SAR_Ship_Chip_20240109_UTM19N_EPSG32619_10m.manifest.json,20240109,19,32619,32619,1,9,100.0,9/9,9.3,53.0,ok
SAR_Ship_Chip_20240109_UTM20N_EPSG32620_10m.manifest.json,20240109,20,32620,32620,1,1,100.0,1/1,12.16,108.0,ok
SAR_Ship_Chip_20240111_UTM17N_EPSG32617_10m.manifest.json,20240111,17,32617,32617,1,25,100.0,25/25,10.0,274.0,ok
SAR_Ship_Chip_20240112_UTM04N_EPSG32604_10m.manifest.json,20240112,4,32604,32604,1,28,100.0,28/28,0.0,62.5,ok
SAR_Ship_Chip_20240112_UTM12N_EPSG32612_10m.manifest.json,20240112,12,32612,32612,1,1,100.0,1/1,16.5,334.0,ok
SAR_Ship_Chip_20240112_UTM18N_EPSG32618_10m.manifest.json,20240112,18,32618,32618,1,160,100.0,160/160,0.1,67.0,ok
SAR_Ship_Chip_20240112_UTM19N_EPSG32619_10m.manifest.json,20240112,19,32619,32619,1,16,100.0,16/16,12.0,195.0,ok
SAR_Ship_Chip_20240113_UTM10N_EPSG32610_10m.manifest.json,20240113,10,32610,32610,1,307,100.0,307/307,0.0,177.0,ok
SAR_Ship_Chip_20240113_UTM14N_EPSG32614_10m.manifest.json,20240113,14,32614,32614,1,2,100.0,2/2,3.43,170.5,ok
SAR_Ship_Chip_20240113_UTM15N_EPSG32615_10m.manifest.json,20240113,15,32615,32615,1,220,100.0,220/220,0.0,164.0,ok
SAR_Ship_Chip_20240113_UTM17N_EPSG32617_10m.manifest.json,20240113,17,32617,32617,1,217,100.0,217/217,0.0,85.0,ok
SAR_Ship_Chip_20240114_UTM04N_EPSG32604_10m.manifest.json,20240114,4,32604,32604,1,3,100.0,3/3,4.65,160.0,ok
SAR_Ship_Chip_20240114_UTM19N_EPSG32619_10m.manifest.json,20240114,19,32619,32619,1,55,100.0,55/55,0.0,71.0,ok
SAR_Ship_Chip_20240114_UTM20N_EPSG32620_10m.manifest.json,20240114,20,32620,32620,1,59,100.0,59/59,0.1,74.0,ok
SAR_Ship_Chip_20240115_UTM11N_EPSG32611_10m.manifest.json,20240115,11,32611,32611,1,227,100.0,227/227,0.0,183.0,ok
SAR_Ship_Chip_20240115_UTM15N_EPSG32615_10m.manifest.json,20240115,15,32615,32615,1,120,100.0,120/120,0.0,110.5,ok
SAR_Ship_Chip_20240115_UTM17N_EPSG32617_10m.manifest.json,20240115,17,32617,32617,1,39,100.0,39/39,0.0,170.0,ok
SAR_Ship_Chip_20240115_UTM18N_EPSG32618_10m.manifest.json,20240115,18,32618,32618,1,1,100.0,1/1,12.93,183.0,ok
SAR_Ship_Chip_20240110_UTM11N_EPSG32611_10m.manifest.json,20240110,11,32611,32611,1,39,100.0,39/39,0.03,182.0,ok
SAR_Ship_Chip_20240110_UTM15N_EPSG32615_10m.manifest.json,20240110,15,32615,32615,1,5,100.0,5/5,0.0,225.0,ok
SAR_Ship_Chip_20240110_UTM16N_EPSG32616_10m.manifest.json,20240110,16,32616,32616,1,359,100.0,359/359,0.0,100.0,ok
SAR_Ship_Chip_20240110_UTM17N_EPSG32617_10m.manifest.json,20240110,17,32617,32617,1,10,100.0,10/10,0.0,190.5,ok
SAR_Ship_Chip_20240110_UTM18N_EPSG32618_10m.manifest.json,20240110,18,32618,32618,1,130,100.0,130/130,0.0,178.5,ok
SAR_Ship_Chip_20240110_UTM19N_EPSG32619_10m.manifest.json,20240110,19,32619,32619,1,11,100.0,11/11,0.55,172.0,ok
SAR_Ship_Chip_20240111_UTM10N_EPSG32610_10m.manifest.json,20240111,10,32610,32610,1,357,100.0,357/357,0.0,96.0,ok
SAR_Ship_Chip_20240111_UTM16N_EPSG32616_10m.manifest.json,20240111,16,32616,32616,1,9,100.0,9/9,0.0,108.0,ok
SAR_Ship_Chip_20240116_UTM05N_EPSG32605_10m.manifest.json,20240116,5,32605,32605,1,9,100.0,9/9,6.91,37.0,ok
SAR_Ship_Chip_20240116_UTM15N_EPSG32615_10m.manifest.json,20240116,15,32615,32615,1,3,100.0,3/3,0.0,68.0,ok
SAR_Ship_Chip_20240116_UTM16N_EPSG32616_10m.manifest.json,20240116,16,32616,32616,1,67,100.0,67/67,0.0,105.0,ok
SAR_Ship_Chip_20240116_UTM17N_EPSG32617_10m.manifest.json,20240116,17,32617,32617,1,13,100.0,13/13,12.6,190.0,ok
SAR_Ship_Chip_20240117_UTM11N_EPSG32611_10m.manifest.json,20240117,11,32611,32611,1,5,100.0,5/5,18.4,294.0,ok
SAR_Ship_Chip_20240117_UTM18N_EPSG32618_10m.manifest.json,20240117,18,32618,32618,1,138,100.0,138/138,0.03,174.5,ok
SAR_Ship_Chip_20240117_UTM19N_EPSG32619_10m.manifest.json,20240117,19,32619,32619,1,15,100.0,15/15,10.32,161.0,ok
SAR_Ship_Chip_20240118_UTM09N_EPSG32609_10m.manifest.json,20240118,9,32609,32609,1,14,100.0,14/14,8.87,191.0,ok
SAR_Ship_Chip_20240118_UTM10N_EPSG32610_10m.manifest.json,20240118,10,32610,32610,1,107,100.0,107/107,0.32,190.0,ok
SAR_Ship_Chip_20240118_UTM14N_EPSG32614_10m.manifest.json,20240118,14,32614,32614,1,75,100.0,75/75,0.0,127.0,ok
SAR_Ship_Chip_20240118_UTM16N_EPSG32616_10m.manifest.json,20240118,16,32616,32616,1,20,100.0,20/20,0.0,116.0,ok
SAR_Ship_Chip_20240118_UTM17N_EPSG32617_10m.manifest.json,20240118,17,32617,32617,1,89,100.0,89/89,0.6,180.0,ok
SAR_Ship_Chip_20240119_UTM04N_EPSG32604_10m.manifest.json,20240119,4,32604,32604,1,1,100.0,1/1,16.0,299.0,ok
SAR_Ship_Chip_20240119_UTM05N_EPSG32605_10m.manifest.json,20240119,5,32605,32605,1,7,100.0,7/7,7.7,37.0,ok
SAR_Ship_Chip_20240119_UTM12N_EPSG32612_10m.manifest.json,20240119,12,32612,32612,1,1,100.0,1/1,17.2,172.0,ok
SAR_Ship_Chip_20240119_UTM20N_EPSG32620_10m.manifest.json,20240119,20,32620,32620,1,6,100.0,6/6,2.22,122.0,ok
SAR_Ship_Chip_20240120_UTM10N_EPSG32610_10m.manifest.json,20240120,10,32610,32610,1,335,100.0,335/335,0.0,116.0,ok
SAR_Ship_Chip_20240120_UTM11N_EPSG32611_10m.manifest.json,20240120,11,32611,32611,1,93,100.0,93/93,0.0,199.0,ok
SAR_Ship_Chip_20240120_UTM14N_EPSG32614_10m.manifest.json,20240120,14,32614,32614,1,1,100.0,1/1,0.0,190.0,ok
SAR_Ship_Chip_20240120_UTM15N_EPSG32615_10m.manifest.json,20240120,15,32615,32615,1,454,100.0,454/454,0.0,176.0,ok
SAR_Ship_Chip_20240120_UTM17N_EPSG32617_10m.manifest.json,20240120,17,32617,32617,1,141,100.0,141/141,1.23,186.0,ok
SAR_Ship_Chip_20240121_UTM04N_EPSG32604_10m.manifest.json,20240121,4,32604,32604,1,36,100.0,36/36,0.02,68.5,ok
SAR_Ship_Chip_20240121_UTM17N_EPSG32617_10m.manifest.json,20240121,17,32617,32617,1,23,100.0,23/23,12.1,225.0,ok
SAR_Ship_Chip_20240121_UTM19N_EPSG32619_10m.manifest.json,20240121,19,32619,32619,1,6,100.0,6/6,12.02,114.0,ok
SAR_Ship_Chip_20240121_UTM20N_EPSG32620_10m.manifest.json,20240121,20,32620,32620,1,25,100.0,25/25,0.01,66.0,ok
SAR_Ship_Chip_20240122_UTM11N_EPSG32611_10m.manifest.json,20240122,11,32611,32611,1,29,100.0,29/29,0.0,84.0,ok
SAR_Ship_Chip_20240122_UTM15N_EPSG32615_10m.manifest.json,20240122,15,32615,32615,1,2,100.0,2/2,0.0,146.5,ok
SAR_Ship_Chip_20240122_UTM16N_EPSG32616_10m.manifest.json,20240122,16,32616,32616,1,346,100.0,346/346,0.0,103.5,ok
SAR_Ship_Chip_20240122_UTM17N_EPSG32617_10m.manifest.json,20240122,17,32617,32617,1,13,100.0,13/13,0.0,215.0,ok
SAR_Ship_Chip_20240122_UTM18N_EPSG32618_10m.manifest.json,20240122,18,32618,32618,1,139,100.0,139/139,0.0,199.0,ok
SAR_Ship_Chip_20240122_UTM19N_EPSG32619_10m.manifest.json,20240122,19,32619,32619,1,4,100.0,4/4,11.28,165.0,ok
SAR_Ship_Chip_20240123_UTM10N_EPSG32610_10m.manifest.json,20240123,10,32610,32610,1,361,100.0,361/361,0.0,139.0,ok
SAR_Ship_Chip_20240130_UTM09N_EPSG32609_10m.manifest.json,20240130,9,32609,32609,1,14,100.0,14/14,2.9,206.0,ok
SAR_Ship_Chip_20240130_UTM10N_EPSG32610_10m.manifest.json,20240130,10,32610,32610,1,122,100.0,122/122,0.73,181.5,ok
SAR_Ship_Chip_20240130_UTM14N_EPSG32614_10m.manifest.json,20240130,14,32614,32614,1,76,100.0,76/76,0.0,112.5,ok
SAR_Ship_Chip_20240130_UTM16N_EPSG32616_10m.manifest.json,20240130,16,32616,32616,1,8,100.0,8/8,0.0,36.0,ok
SAR_Ship_Chip_20240130_UTM17N_EPSG32617_10m.manifest.json,20240130,17,32617,32617,1,38,100.0,38/38,0.0,116.0,ok
SAR_Ship_Chip_20240130_UTM18N_EPSG32618_10m.manifest.json,20240130,18,32618,32618,1,21,100.0,21/21,0.0,73.0,ok
SAR_Ship_Chip_20240131_UTM04N_EPSG32604_10m.manifest.json,20240131,4,32604,32604,1,1,100.0,1/1,17.47,273.0,ok
SAR_Ship_Chip_20240131_UTM05N_EPSG32605_10m.manifest.json,20240131,5,32605,32605,1,7,100.0,7/7,0.15,38.0,ok
SAR_Ship_Chip_20240128_UTM05N_EPSG32605_10m.manifest.json,20240128,5,32605,32605,1,4,100.0,4/4,6.79,102.5,ok
SAR_Ship_Chip_20240128_UTM15N_EPSG32615_10m.manifest.json,20240128,15,32615,32615,1,3,100.0,3/3,0.0,68.0,ok
SAR_Ship_Chip_20240128_UTM16N_EPSG32616_10m.manifest.json,20240128,16,32616,32616,1,65,100.0,65/65,0.0,105.0,ok
SAR_Ship_Chip_20240128_UTM17N_EPSG32617_10m.manifest.json,20240128,17,32617,32617,1,17,100.0,17/17,12.94,186.0,ok
SAR_Ship_Chip_20240128_UTM19N_EPSG32619_10m.manifest.json,20240128,19,32619,32619,1,6,100.0,6/6,8.62,143.0,ok
SAR_Ship_Chip_20240129_UTM04N_EPSG32604_10m.manifest.json,20240129,4,32604,32604,1,2,100.0,2/2,4.04,98.0,ok
SAR_Ship_Chip_20240129_UTM11N_EPSG32611_10m.manifest.json,20240129,11,32611,32611,1,1,100.0,1/1,13.1,183.0,ok
SAR_Ship_Chip_20240129_UTM18N_EPSG32618_10m.manifest.json,20240129,18,32618,32618,1,153,100.0,153/153,0.01,190.0,ok
SAR_Ship_Chip_20240123_UTM16N_EPSG32616_10m.manifest.json,20240123,16,32616,32616,1,10,100.0,10/10,0.1,111.0,ok
SAR_Ship_Chip_20240123_UTM17N_EPSG32617_10m.manifest.json,20240123,17,32617,32617,1,25,100.0,25/25,12.9,230.0,ok
SAR_Ship_Chip_20240124_UTM04N_EPSG32604_10m.manifest.json,20240124,4,32604,32604,1,27,100.0,27/27,0.0,68.0,ok
SAR_Ship_Chip_20240124_UTM18N_EPSG32618_10m.manifest.json,20240124,18,32618,32618,1,153,100.0,153/153,0.09,89.0,ok
SAR_Ship_Chip_20240124_UTM19N_EPSG32619_10m.manifest.json,20240124,19,32619,32619,1,3,100.0,3/3,11.09,148.0,ok
SAR_Ship_Chip_20240124_UTM20N_EPSG32620_10m.manifest.json,20240124,20,32620,32620,1,60,100.0,60/60,0.09,65.5,ok
SAR_Ship_Chip_20240125_UTM10N_EPSG32610_10m.manifest.json,20240125,10,32610,32610,1,376,100.0,376/376,0.0,180.0,ok
SAR_Ship_Chip_20240125_UTM14N_EPSG32614_10m.manifest.json,20240125,14,32614,32614,1,1,100.0,1/1,0.0,127.0,ok
SAR_Ship_Chip_20240125_UTM15N_EPSG32615_10m.manifest.json,20240125,15,32615,32615,1,236,100.0,236/236,0.06,172.0,ok
SAR_Ship_Chip_20240125_UTM16N_EPSG32616_10m.manifest.json,20240125,16,32616,32616,1,1,100.0,1/1,0.0,222.0,ok
SAR_Ship_Chip_20240125_UTM17N_EPSG32617_10m.manifest.json,20240125,17,32617,32617,1,243,100.0,243/243,0.0,107.0,ok
SAR_Ship_Chip_20240126_UTM04N_EPSG32604_10m.manifest.json,20240126,4,32604,32604,1,1,100.0,1/1,0.0,280.0,ok
SAR_Ship_Chip_20240127_UTM11N_EPSG32611_10m.manifest.json,20240127,11,32611,32611,1,219,100.0,219/219,0.0,183.0,ok
SAR_Ship_Chip_20240127_UTM15N_EPSG32615_10m.manifest.json,20240127,15,32615,32615,1,141,100.0,141/141,0.08,115.0,ok
SAR_Ship_Chip_20240127_UTM17N_EPSG32617_10m.manifest.json,20240127,17,32617,32617,1,40,100.0,40/40,0.0,183.5,ok
SAR_Ship_Chip_20240127_UTM18N_EPSG32618_10m.manifest.json,20240127,18,32618,32618,1,3,100.0,3/3,11.93,249.0,ok
SAR_Ship_Chip_20240131_UTM18N_EPSG32618_10m.manifest.json,20240131,18,32618,32618,1,18,100.0,18/18,0.0,73.5,ok
SAR_Ship_Chip_20240131_UTM19N_EPSG32619_10m.manifest.json,20240131,19,32619,32619,1,54,100.0,54/54,0.15,65.0,ok
SAR_Ship_Chip_20240131_UTM20N_EPSG32620_10m.manifest.json,20240131,20,32620,32620,1,7,100.0,7/7,10.38,190.0,ok
SAR_Ship_Chip_20240201_UTM10N_EPSG32610_10m.manifest.json,20240201,10,32610,32610,1,360,100.0,360/360,0.0,136.5,ok
SAR_Ship_Chip_20240201_UTM11N_EPSG32611_10m.manifest.json,20240201,11,32611,32611,1,99,100.0,99/99,0.01,199.0,ok
SAR_Ship_Chip_20240201_UTM17N_EPSG32617_10m.manifest.json,20240201,17,32617,32617,1,138,100.0,138/138,0.1,176.5,ok
SAR_Ship_Chip_20240202_UTM04N_EPSG32604_10m.manifest.json,20240202,4,32604,32604,1,28,100.0,28/28,0.0,66.0,ok
SAR_Ship_Chip_20240202_UTM17N_EPSG32617_10m.manifest.json,20240202,17,32617,32617,1,3,100.0,3/3,13.9,225.0,ok
SAR_Ship_Chip_20240202_UTM19N_EPSG32619_10m.manifest.json,20240202,19,32619,32619,1,4,100.0,4/4,5.64,117.5,ok
SAR_Ship_Chip_20240203_UTM11N_EPSG32611_10m.manifest.json,20240203,11,32611,32611,1,23,100.0,23/23,0.0,68.0,ok
SAR_Ship_Chip_20240203_UTM15N_EPSG32615_10m.manifest.json,20240203,15,32615,32615,1,36,100.0,36/36,0.0,180.0,ok
SAR_Ship_Chip_20240203_UTM16N_EPSG32616_10m.manifest.json,20240203,16,32616,32616,1,342,100.0,342/342,0.0,105.0,ok
SAR_Ship_Chip_20240203_UTM17N_EPSG32617_10m.manifest.json,20240203,17,32617,32617,1,15,100.0,15/15,0.0,223.0,ok
SAR_Ship_Chip_20240203_UTM18N_EPSG32618_10m.manifest.json,20240203,18,32618,32618,1,143,100.0,143/143,0.0,183.0,ok
SAR_Ship_Chip_20240204_UTM10N_EPSG32610_10m.manifest.json,20240204,10,32610,32610,1,357,100.0,357/357,0.0,111.0,ok
SAR_Ship_Chip_20240204_UTM14N_EPSG32614_10m.manifest.json,20240204,14,32614,32614,1,2,100.0,2/2,0.0,194.5,ok
SAR_Ship_Chip_20240204_UTM16N_EPSG32616_10m.manifest.json,20240204,16,32616,32616,1,8,100.0,8/8,0.0,95.0,ok
SAR_Ship_Chip_20240204_UTM17N_EPSG32617_10m.manifest.json,20240204,17,32617,32617,1,19,100.0,19/19,11.34,180.0,ok
SAR_Ship_Chip_20240205_UTM04N_EPSG32604_10m.manifest.json,20240205,4,32604,32604,1,28,100.0,28/28,0.0,66.0,ok
SAR_Ship_Chip_20240205_UTM18N_EPSG32618_10m.manifest.json,20240205,18,32618,32618,1,160,100.0,160/160,0.1,92.5,ok
SAR_Ship_Chip_20240205_UTM19N_EPSG32619_10m.manifest.json,20240205,19,32619,32619,1,26,100.0,26/26,11.31,191.0,ok
SAR_Ship_Chip_20240205_UTM20N_EPSG32620_10m.manifest.json,20240205,20,32620,32620,1,61,100.0,61/61,0.2,74.0,ok
SAR_Ship_Chip_20240206_UTM10N_EPSG32610_10m.manifest.json,20240206,10,32610,32610,1,380,100.0,380/380,0.02,177.0,ok
SAR_Ship_Chip_20240206_UTM14N_EPSG32614_10m.manifest.json,20240206,14,32614,32614,1,1,100.0,1/1,6.47,22.0,ok
SAR_Ship_Chip_20240206_UTM16N_EPSG32616_10m.manifest.json,20240206,16,32616,32616,1,1,100.0,1/1,0.0,222.0,ok
SAR_Ship_Chip_20240206_UTM17N_EPSG32617_10m.manifest.json,20240206,17,32617,32617,1,203,100.0,203/203,0.0,65.0,ok
SAR_Ship_Chip_20240207_UTM04N_EPSG32604_10m.manifest.json,20240207,4,32604,32604,1,1,100.0,1/1,0.0,280.0,ok
SAR_Ship_Chip_20240207_UTM19N_EPSG32619_10m.manifest.json,20240207,19,32619,32619,1,58,100.0,58/58,0.18,63.0,ok
SAR_Ship_Chip_20240207_UTM20N_EPSG32620_10m.manifest.json,20240207,20,32620,32620,1,81,100.0,81/81,0.04,99.0,ok
SAR_Ship_Chip_20240208_UTM11N_EPSG32611_10m.manifest.json,20240208,11,32611,32611,1,207,100.0,207/207,0.0,183.0,ok
SAR_Ship_Chip_20240208_UTM15N_EPSG32615_10m.manifest.json,20240208,15,32615,32615,1,131,100.0,131/131,0.0,119.0,ok
SAR_Ship_Chip_20240209_UTM05N_EPSG32605_10m.manifest.json,20240209,5,32605,32605,1,8,100.0,8/8,4.71,42.5,ok
SAR_Ship_Chip_20240209_UTM15N_EPSG32615_10m.manifest.json,20240209,15,32615,32615,1,2,100.0,2/2,0.0,146.5,ok
SAR_Ship_Chip_20240209_UTM16N_EPSG32616_10m.manifest.json,20240209,16,32616,32616,1,63,100.0,63/63,0.0,156.0,ok
SAR_Ship_Chip_20240209_UTM17N_EPSG32617_10m.manifest.json,20240209,17,32617,32617,1,5,100.0,5/5,13.8,139.0,ok
SAR_Ship_Chip_20240209_UTM19N_EPSG32619_10m.manifest.json,20240209,19,32619,32619,1,7,100.0,7/7,9.74,86.0,ok
SAR_Ship_Chip_20240210_UTM18N_EPSG32618_10m.manifest.json,20240210,18,32618,32618,1,156,100.0,156/156,0.1,188.5,ok
SAR_Ship_Chip_20240211_UTM09N_EPSG32609_10m.manifest.json,20240211,9,32609,32609,1,15,100.0,15/15,1.9,180.0,ok
SAR_Ship_Chip_20240211_UTM10N_EPSG32610_10m.manifest.json,20240211,10,32610,32610,1,107,100.0,107/107,0.09,183.0,ok
SAR_Ship_Chip_20240211_UTM14N_EPSG32614_10m.manifest.json,20240211,14,32614,32614,1,82,100.0,82/82,0.0,145.0,ok
SAR_Ship_Chip_20240211_UTM16N_EPSG32616_10m.manifest.json,20240211,16,32616,32616,1,9,100.0,9/9,0.0,53.0,ok
SAR_Ship_Chip_20240211_UTM17N_EPSG32617_10m.manifest.json,20240211,17,32617,32617,1,82,100.0,82/82,0.39,180.0,ok
SAR_Ship_Chip_20240212_UTM04N_EPSG32604_10m.manifest.json,20240212,4,32604,32604,1,1,100.0,1/1,23.68,217.0,ok
SAR_Ship_Chip_20240212_UTM05N_EPSG32605_10m.manifest.json,20240212,5,32605,32605,1,4,100.0,4/4,5.44,83.0,ok
SAR_Ship_Chip_20240212_UTM18N_EPSG32618_10m.manifest.json,20240212,18,32618,32618,1,19,100.0,19/19,0.0,44.0,ok
SAR_Ship_Chip_20240212_UTM19N_EPSG32619_10m.manifest.json,20240212,19,32619,32619,1,104,100.0,104/104,0.08,73.5,ok
SAR_Ship_Chip_20240212_UTM20N_EPSG32620_10m.manifest.json,20240212,20,32620,32620,1,14,100.0,14/14,0.74,94.5,ok
SAR_Ship_Chip_20240213_UTM10N_EPSG32610_10m.manifest.json,20240213,10,32610,32610,1,335,100.0,335/335,0.0,103.0,ok
SAR_Ship_Chip_20240216_UTM16N_EPSG32616_10m.manifest.json,20240216,16,32616,32616,1,9,100.0,9/9,0.0,108.0,ok
SAR_Ship_Chip_20240216_UTM17N_EPSG32617_10m.manifest.json,20240216,17,32617,32617,1,14,100.0,14/14,12.4,190.0,ok
SAR_Ship_Chip_20240217_UTM04N_EPSG32604_10m.manifest.json,20240217,4,32604,32604,1,28,100.0,28/28,0.0,57.5,ok
SAR_Ship_Chip_20240217_UTM11N_EPSG32611_10m.manifest.json,20240217,11,32611,32611,1,1,100.0,1/1,16.85,199.0,ok
SAR_Ship_Chip_20240217_UTM12N_EPSG32612_10m.manifest.json,20240217,12,32612,32612,1,8,100.0,8/8,15.01,317.0,ok
SAR_Ship_Chip_20240217_UTM18N_EPSG32618_10m.manifest.json,20240217,18,32618,32618,1,147,100.0,147/147,0.0,89.0,ok
SAR_Ship_Chip_20240217_UTM19N_EPSG32619_10m.manifest.json,20240217,19,32619,32619,1,16,100.0,16/16,12.34,195.0,ok
SAR_Ship_Chip_20240217_UTM20N_EPSG32620_10m.manifest.json,20240217,20,32620,32620,1,66,100.0,66/66,0.04,60.0,ok
SAR_Ship_Chip_20240213_UTM11N_EPSG32611_10m.manifest.json,20240213,11,32611,32611,1,112,100.0,112/112,0.06,183.0,ok
SAR_Ship_Chip_20240213_UTM14N_EPSG32614_10m.manifest.json,20240213,14,32614,32614,1,3,100.0,3/3,0.0,189.0,ok
SAR_Ship_Chip_20240213_UTM15N_EPSG32615_10m.manifest.json,20240213,15,32615,32615,1,476,100.0,476/476,0.0,180.0,ok
SAR_Ship_Chip_20240213_UTM17N_EPSG32617_10m.manifest.json,20240213,17,32617,32617,1,143,100.0,143/143,0.1,182.0,ok
SAR_Ship_Chip_20240214_UTM04N_EPSG32604_10m.manifest.json,20240214,4,32604,32604,1,30,100.0,30/30,0.01,68.0,ok
SAR_Ship_Chip_20240214_UTM16N_EPSG32616_10m.manifest.json,20240214,16,32616,32616,1,2,100.0,2/2,19.11,297.5,ok
SAR_Ship_Chip_20240214_UTM17N_EPSG32617_10m.manifest.json,20240214,17,32617,32617,1,24,100.0,24/24,12.75,172.0,ok
SAR_Ship_Chip_20240214_UTM19N_EPSG32619_10m.manifest.json,20240214,19,32619,32619,1,7,100.0,7/7,0.1,53.0,ok
SAR_Ship_Chip_20240214_UTM20N_EPSG32620_10m.manifest.json,20240214,20,32620,32620,1,5,100.0,5/5,12.0,252.0,ok
SAR_Ship_Chip_20240215_UTM11N_EPSG32611_10m.manifest.json,20240215,11,32611,32611,1,34,100.0,34/34,0.13,182.5,ok
SAR_Ship_Chip_20240215_UTM15N_EPSG32615_10m.manifest.json,20240215,15,32615,32615,1,2,100.0,2/2,0.02,146.5,ok
SAR_Ship_Chip_20240215_UTM16N_EPSG32616_10m.manifest.json,20240215,16,32616,32616,1,381,100.0,381/381,0.0,134.0,ok
SAR_Ship_Chip_20240215_UTM17N_EPSG32617_10m.manifest.json,20240215,17,32617,32617,1,16,100.0,16/16,0.0,211.0,ok
SAR_Ship_Chip_20240215_UTM18N_EPSG32618_10m.manifest.json,20240215,18,32618,32618,1,140,100.0,140/140,0.0,178.5,ok
SAR_Ship_Chip_20240215_UTM19N_EPSG32619_10m.manifest.json,20240215,19,32619,32619,1,16,100.0,16/16,5.0,191.0,ok
SAR_Ship_Chip_20240216_UTM10N_EPSG32610_10m.manifest.json,20240216,10,32610,32610,1,391,100.0,391/391,0.0,130.0,ok
SAR_Ship_Chip_20240218_UTM10N_EPSG32610_10m.manifest.json,20240218,10,32610,32610,1,370,100.0,370/370,0.0,180.0,ok
SAR_Ship_Chip_20240218_UTM14N_EPSG32614_10m.manifest.json,20240218,14,32614,32614,1,1,100.0,1/1,0.0,127.0,ok
SAR_Ship_Chip_20240218_UTM15N_EPSG32615_10m.manifest.json,20240218,15,32615,32615,1,244,100.0,244/244,0.0,180.0,ok
SAR_Ship_Chip_20240218_UTM16N_EPSG32616_10m.manifest.json,20240218,16,32616,32616,1,2,100.0,2/2,0.0,234.0,ok
SAR_Ship_Chip_20240218_UTM17N_EPSG32617_10m.manifest.json,20240218,17,32617,32617,1,255,100.0,255/255,0.0,86.0,ok
SAR_Ship_Chip_20240219_UTM04N_EPSG32604_10m.manifest.json,20240219,4,32604,32604,1,1,100.0,1/1,12.63,183.0,ok
SAR_Ship_Chip_20240219_UTM05N_EPSG32605_10m.manifest.json,20240219,5,32605,32605,1,1,100.0,1/1,19.9,210.0,ok
SAR_Ship_Chip_20240219_UTM19N_EPSG32619_10m.manifest.json,20240219,19,32619,32619,1,54,100.0,54/54,0.1,51.5,ok
SAR_Ship_Chip_20240219_UTM20N_EPSG32620_10m.manifest.json,20240219,20,32620,32620,1,65,100.0,65/65,0.07,74.0,ok
SAR_Ship_Chip_20240220_UTM11N_EPSG32611_10m.manifest.json,20240220,11,32611,32611,1,225,100.0,225/225,0.07,183.0,ok
SAR_Ship_Chip_20240220_UTM15N_EPSG32615_10m.manifest.json,20240220,15,32615,32615,1,113,100.0,113/113,0.0,115.0,ok
SAR_Ship_Chip_20240220_UTM17N_EPSG32617_10m.manifest.json,20240220,17,32617,32617,1,38,100.0,38/38,0.0,194.5,ok
SAR_Ship_Chip_20240220_UTM18N_EPSG32618_10m.manifest.json,20240220,18,32618,32618,1,1,100.0,1/1,17.84,275.0,ok
SAR_Ship_Chip_20240221_UTM05N_EPSG32605_10m.manifest.json,20240221,5,32605,32605,1,6,100.0,6/6,2.95,39.5,ok
SAR_Ship_Chip_20240221_UTM15N_EPSG32615_10m.manifest.json,20240221,15,32615,32615,1,3,100.0,3/3,0.02,203.0,ok
SAR_Ship_Chip_20240221_UTM16N_EPSG32616_10m.manifest.json,20240221,16,32616,32616,1,59,100.0,59/59,0.0,143.0,ok
SAR_Ship_Chip_20240221_UTM17N_EPSG32617_10m.manifest.json,20240221,17,32617,32617,1,5,100.0,5/5,13.0,189.0,ok
SAR_Ship_Chip_20240222_UTM18N_EPSG32618_10m.manifest.json,20240222,18,32618,32618,1,159,100.0,159/159,0.08,180.0,ok
SAR_Ship_Chip_20240223_UTM09N_EPSG32609_10m.manifest.json,20240223,9,32609,32609,1,26,100.0,26/26,10.29,191.0,ok
SAR_Ship_Chip_20240223_UTM10N_EPSG32610_10m.manifest.json,20240223,10,32610,32610,1,125,100.0,125/125,0.2,179.0,ok
SAR_Ship_Chip_20240223_UTM14N_EPSG32614_10m.manifest.json,20240223,14,32614,32614,1,77,100.0,77/77,0.0,146.0,ok
SAR_Ship_Chip_20240223_UTM15N_EPSG32615_10m.manifest.json,20240223,15,32615,32615,1,3,100.0,3/3,0.0,280.0,ok
SAR_Ship_Chip_20240223_UTM16N_EPSG32616_10m.manifest.json,20240223,16,32616,32616,1,12,100.0,12/12,0.0,60.5,ok
SAR_Ship_Chip_20240223_UTM17N_EPSG32617_10m.manifest.json,20240223,17,32617,32617,1,60,100.0,60/60,0.07,179.5,ok
SAR_Ship_Chip_20240226_UTM04N_EPSG32604_10m.manifest.json,20240226,4,32604,32604,1,31,100.0,31/31,0.0,64.0,ok
SAR_Ship_Chip_20240226_UTM17N_EPSG32617_10m.manifest.json,20240226,17,32617,32617,1,5,100.0,5/5,14.7,190.0,ok
SAR_Ship_Chip_20240226_UTM19N_EPSG32619_10m.manifest.json,20240226,19,32619,32619,1,9,100.0,9/9,12.0,161.0,ok
SAR_Ship_Chip_20240227_UTM11N_EPSG32611_10m.manifest.json,20240227,11,32611,32611,1,30,100.0,30/30,0.0,115.0,ok
SAR_Ship_Chip_20240227_UTM15N_EPSG32615_10m.manifest.json,20240227,15,32615,32615,1,18,100.0,18/18,0.05,122.5,ok
SAR_Ship_Chip_20240227_UTM16N_EPSG32616_10m.manifest.json,20240227,16,32616,32616,1,431,100.0,431/431,0.0,98.0,ok
SAR_Ship_Chip_20240227_UTM17N_EPSG32617_10m.manifest.json,20240227,17,32617,32617,1,16,100.0,16/16,0.0,219.0,ok
SAR_Ship_Chip_20240227_UTM18N_EPSG32618_10m.manifest.json,20240227,18,32618,32618,1,132,100.0,132/132,0.02,190.0,ok
SAR_Ship_Chip_20240224_UTM18N_EPSG32618_10m.manifest.json,20240224,18,32618,32618,1,12,100.0,12/12,0.0,71.5,ok
SAR_Ship_Chip_20240224_UTM19N_EPSG32619_10m.manifest.json,20240224,19,32619,32619,1,54,100.0,54/54,0.16,84.5,ok
SAR_Ship_Chip_20240224_UTM20N_EPSG32620_10m.manifest.json,20240224,20,32620,32620,1,13,100.0,13/13,0.2,69.0,ok
SAR_Ship_Chip_20240225_UTM10N_EPSG32610_10m.manifest.json,20240225,10,32610,32610,1,354,100.0,354/354,0.0,139.5,ok
SAR_Ship_Chip_20240225_UTM11N_EPSG32611_10m.manifest.json,20240225,11,32611,32611,1,108,100.0,108/108,0.0,191.0,ok
SAR_Ship_Chip_20240225_UTM14N_EPSG32614_10m.manifest.json,20240225,14,32614,32614,1,14,100.0,14/14,0.25,176.0,ok
SAR_Ship_Chip_20240225_UTM15N_EPSG32615_10m.manifest.json,20240225,15,32615,32615,1,463,100.0,463/463,0.0,182.0,ok
SAR_Ship_Chip_20240225_UTM17N_EPSG32617_10m.manifest.json,20240225,17,32617,32617,1,132,100.0,132/132,0.08,185.0,ok
SAR_Ship_Chip_20240227_UTM19N_EPSG32619_10m.manifest.json,20240227,19,32619,32619,1,4,100.0,4/4,5.8,173.5,ok
SAR_Ship_Chip_20240228_UTM10N_EPSG32610_10m.manifest.json,20240228,10,32610,32610,1,372,100.0,372/372,0.0,145.5,ok
SAR_Ship_Chip_20240228_UTM14N_EPSG32614_10m.manifest.json,20240228,14,32614,32614,1,51,100.0,51/51,0.0,139.0,ok
SAR_Ship_Chip_20240228_UTM16N_EPSG32616_10m.manifest.json,20240228,16,32616,32616,1,9,100.0,9/9,0.0,90.0,ok
SAR_Ship_Chip_20240228_UTM17N_EPSG32617_10m.manifest.json,20240228,17,32617,32617,1,13,100.0,13/13,11.4,199.0,ok
SAR_Ship_Chip_20240229_UTM04N_EPSG32604_10m.manifest.json,20240229,4,32604,32604,1,32,100.0,32/32,0.0,61.5,ok
SAR_Ship_Chip_20240229_UTM18N_EPSG32618_10m.manifest.json,20240229,18,32618,32618,1,146,100.0,146/146,0.1,89.0,ok
SAR_Ship_Chip_20240229_UTM19N_EPSG32619_10m.manifest.json,20240229,19,32619,32619,1,11,100.0,11/11,11.1,190.0,ok
SAR_Ship_Chip_20240303_UTM11N_EPSG32611_10m.manifest.json,20240303,11,32611,32611,1,239,100.0,239/239,0.0,183.0,ok
SAR_Ship_Chip_20240303_UTM15N_EPSG32615_10m.manifest.json,20240303,15,32615,32615,1,114,100.0,114/114,0.0,99.5,ok
SAR_Ship_Chip_20240303_UTM17N_EPSG32617_10m.manifest.json,20240303,17,32617,32617,1,41,100.0,41/41,0.0,194.0,ok
SAR_Ship_Chip_20240304_UTM05N_EPSG32605_10m.manifest.json,20240304,5,32605,32605,1,5,100.0,5/5,0.1,55.0,ok
SAR_Ship_Chip_20240304_UTM15N_EPSG32615_10m.manifest.json,20240304,15,32615,32615,1,7,100.0,7/7,0.0,203.0,ok
SAR_Ship_Chip_20240304_UTM16N_EPSG32616_10m.manifest.json,20240304,16,32616,32616,1,61,100.0,61/61,0.0,155.0,ok
SAR_Ship_Chip_20240304_UTM17N_EPSG32617_10m.manifest.json,20240304,17,32617,32617,1,8,100.0,8/8,14.33,237.5,ok
SAR_Ship_Chip_20240304_UTM19N_EPSG32619_10m.manifest.json,20240304,19,32619,32619,1,7,100.0,7/7,0.3,182.0,ok
SAR_Ship_Chip_20240229_UTM20N_EPSG32620_10m.manifest.json,20240229,20,32620,32620,1,54,100.0,54/54,0.2,75.5,ok
SAR_Ship_Chip_20240301_UTM10N_EPSG32610_10m.manifest.json,20240301,10,32610,32610,1,361,100.0,361/361,0.0,180.0,ok
SAR_Ship_Chip_20240301_UTM15N_EPSG32615_10m.manifest.json,20240301,15,32615,32615,1,235,100.0,235/235,0.0,177.0,ok
SAR_Ship_Chip_20240301_UTM16N_EPSG32616_10m.manifest.json,20240301,16,32616,32616,1,4,100.0,4/4,0.0,206.5,ok
SAR_Ship_Chip_20240301_UTM17N_EPSG32617_10m.manifest.json,20240301,17,32617,32617,1,238,100.0,238/238,0.0,74.5,ok
SAR_Ship_Chip_20240302_UTM04N_EPSG32604_10m.manifest.json,20240302,4,32604,32604,1,4,100.0,4/4,7.78,110.0,ok
SAR_Ship_Chip_20240302_UTM19N_EPSG32619_10m.manifest.json,20240302,19,32619,32619,1,52,100.0,52/52,0.17,70.5,ok
SAR_Ship_Chip_20240302_UTM20N_EPSG32620_10m.manifest.json,20240302,20,32620,32620,1,50,100.0,50/50,0.02,71.0,ok
SAR_Ship_Chip_20240305_UTM04N_EPSG32604_10m.manifest.json,20240305,4,32604,32604,1,1,100.0,1/1,0.0,301.0,ok
SAR_Ship_Chip_20240305_UTM11N_EPSG32611_10m.manifest.json,20240305,11,32611,32611,1,5,100.0,5/5,10.47,228.0,ok
SAR_Ship_Chip_20240305_UTM18N_EPSG32618_10m.manifest.json,20240305,18,32618,32618,1,140,100.0,140/140,0.04,190.0,ok
SAR_Ship_Chip_20240305_UTM19N_EPSG32619_10m.manifest.json,20240305,19,32619,32619,1,24,100.0,24/24,10.25,179.0,ok
SAR_Ship_Chip_20240306_UTM09N_EPSG32609_10m.manifest.json,20240306,9,32609,32609,1,16,100.0,16/16,9.16,193.0,ok
SAR_Ship_Chip_20240306_UTM10N_EPSG32610_10m.manifest.json,20240306,10,32610,32610,1,121,100.0,121/121,0.42,175.0,ok
SAR_Ship_Chip_20240306_UTM14N_EPSG32614_10m.manifest.json,20240306,14,32614,32614,1,99,100.0,99/99,0.1,180.0,ok
SAR_Ship_Chip_20240306_UTM15N_EPSG32615_10m.manifest.json,20240306,15,32615,32615,1,2,100.0,2/2,16.0,199.5,ok
SAR_Ship_Chip_20240306_UTM16N_EPSG32616_10m.manifest.json,20240306,16,32616,32616,1,16,100.0,16/16,0.0,154.0,ok
SAR_Ship_Chip_20240306_UTM17N_EPSG32617_10m.manifest.json,20240306,17,32617,32617,1,67,100.0,67/67,4.23,171.0,ok
SAR_Ship_Chip_20240307_UTM04N_EPSG32604_10m.manifest.json,20240307,4,32604,32604,1,1,100.0,1/1,20.9,262.0,ok
SAR_Ship_Chip_20240307_UTM05N_EPSG32605_10m.manifest.json,20240307,5,32605,32605,1,8,100.0,8/8,8.77,42.5,ok
SAR_Ship_Chip_20240307_UTM18N_EPSG32618_10m.manifest.json,20240307,18,32618,32618,1,18,100.0,18/18,0.0,42.0,ok
SAR_Ship_Chip_20240307_UTM19N_EPSG32619_10m.manifest.json,20240307,19,32619,32619,1,78,100.0,78/78,0.0,96.5,ok
SAR_Ship_Chip_20240307_UTM20N_EPSG32620_10m.manifest.json,20240307,20,32620,32620,1,7,100.0,7/7,11.4,128.0,ok
SAR_Ship_Chip_20240308_UTM10N_EPSG32610_10m.manifest.json,20240308,10,32610,32610,1,335,100.0,335/335,0.0,120.0,ok
SAR_Ship_Chip_20240308_UTM11N_EPSG32611_10m.manifest.json,20240308,11,32611,32611,1,110,100.0,110/110,0.04,183.0,ok
SAR_Ship_Chip_20240308_UTM14N_EPSG32614_10m.manifest.json,20240308,14,32614,32614,1,26,100.0,26/26,0.01,180.0,ok
SAR_Ship_Chip_20240308_UTM15N_EPSG32615_10m.manifest.json,20240308,15,32615,32615,1,123,100.0,123/123,0.0,179.0,ok
SAR_Ship_Chip_20240308_UTM17N_EPSG32617_10m.manifest.json,20240308,17,32617,32617,1,77,100.0,77/77,10.97,227.0,ok
SAR_Ship_Chip_20240308_UTM18N_EPSG32618_10m.manifest.json,20240308,18,32618,32618,1,3,100.0,3/3,12.74,139.0,ok
SAR_Ship_Chip_20240309_UTM04N_EPSG32604_10m.manifest.json,20240309,4,32604,32604,1,35,100.0,35/35,0.0,68.0,ok
SAR_Ship_Chip_20240309_UTM17N_EPSG32617_10m.manifest.json,20240309,17,32617,32617,1,11,100.0,11/11,12.9,225.0,ok
SAR_Ship_Chip_20240309_UTM19N_EPSG32619_10m.manifest.json,20240309,19,32619,32619,1,6,100.0,6/6,9.72,161.0,ok
SAR_Ship_Chip_20240315_UTM17N_EPSG32617_10m.manifest.json,20240315,17,32617,32617,1,20,100.0,20/20,6.02,178.5,ok
SAR_Ship_Chip_20240315_UTM18N_EPSG32618_10m.manifest.json,20240315,18,32618,32618,1,11,100.0,11/11,14.2,270.0,ok
SAR_Ship_Chip_20240316_UTM05N_EPSG32605_10m.manifest.json,20240316,5,32605,32605,1,5,100.0,5/5,3.36,37.0,ok
SAR_Ship_Chip_20240316_UTM15N_EPSG32615_10m.manifest.json,20240316,15,32615,32615,1,9,100.0,9/9,0.0,225.0,ok
SAR_Ship_Chip_20240316_UTM16N_EPSG32616_10m.manifest.json,20240316,16,32616,32616,1,76,100.0,76/76,0.0,101.5,ok
SAR_Ship_Chip_20240316_UTM17N_EPSG32617_10m.manifest.json,20240316,17,32617,32617,1,14,100.0,14/14,13.71,188.0,ok
SAR_Ship_Chip_20240316_UTM19N_EPSG32619_10m.manifest.json,20240316,19,32619,32619,1,3,100.0,3/3,7.45,44.0,ok
SAR_Ship_Chip_20240317_UTM04N_EPSG32604_10m.manifest.json,20240317,4,32604,32604,1,1,100.0,1/1,17.43,290.0,ok
SAR_Ship_Chip_20240309_UTM20N_EPSG32620_10m.manifest.json,20240309,20,32620,32620,1,1,100.0,1/1,11.2,258.0,ok
SAR_Ship_Chip_20240310_UTM11N_EPSG32611_10m.manifest.json,20240310,11,32611,32611,1,37,100.0,37/37,0.05,183.0,ok
SAR_Ship_Chip_20240310_UTM15N_EPSG32615_10m.manifest.json,20240310,15,32615,32615,1,8,100.0,8/8,0.0,229.5,ok
SAR_Ship_Chip_20240310_UTM16N_EPSG32616_10m.manifest.json,20240310,16,32616,32616,1,338,100.0,338/338,0.0,106.0,ok
SAR_Ship_Chip_20240310_UTM17N_EPSG32617_10m.manifest.json,20240310,17,32617,32617,1,16,100.0,16/16,0.0,215.0,ok
SAR_Ship_Chip_20240310_UTM18N_EPSG32618_10m.manifest.json,20240310,18,32618,32618,1,140,100.0,140/140,0.08,190.0,ok
SAR_Ship_Chip_20240310_UTM19N_EPSG32619_10m.manifest.json,20240310,19,32619,32619,1,7,100.0,7/7,1.5,271.0,ok
SAR_Ship_Chip_20240311_UTM16N_EPSG32616_10m.manifest.json,20240311,16,32616,32616,1,9,100.0,9/9,0.1,94.0,ok
SAR_Ship_Chip_20240311_UTM17N_EPSG32617_10m.manifest.json,20240311,17,32617,32617,1,20,100.0,20/20,8.85,260.0,ok
SAR_Ship_Chip_20240312_UTM04N_EPSG32604_10m.manifest.json,20240312,4,32604,32604,1,32,100.0,32/32,0.0,68.5,ok
SAR_Ship_Chip_20240312_UTM16N_EPSG32616_10m.manifest.json,20240312,16,32616,32616,1,3,100.0,3/3,12.0,183.0,ok
SAR_Ship_Chip_20240312_UTM18N_EPSG32618_10m.manifest.json,20240312,18,32618,32618,1,156,100.0,156/156,0.09,89.0,ok
SAR_Ship_Chip_20240312_UTM19N_EPSG32619_10m.manifest.json,20240312,19,32619,32619,1,25,100.0,25/25,12.37,222.0,ok
SAR_Ship_Chip_20240312_UTM20N_EPSG32620_10m.manifest.json,20240312,20,32620,32620,1,60,100.0,60/60,0.0,83.0,ok
SAR_Ship_Chip_20240313_UTM10N_EPSG32610_10m.manifest.json,20240313,10,32610,32610,1,337,100.0,337/337,0.0,162.0,ok
SAR_Ship_Chip_20240313_UTM14N_EPSG32614_10m.manifest.json,20240313,14,32614,32614,1,1,100.0,1/1,0.77,114.0,ok
SAR_Ship_Chip_20240317_UTM11N_EPSG32611_10m.manifest.json,20240317,11,32611,32611,1,4,100.0,4/4,11.8,283.0,ok
SAR_Ship_Chip_20240317_UTM18N_EPSG32618_10m.manifest.json,20240317,18,32618,32618,1,171,100.0,171/171,0.05,183.0,ok
SAR_Ship_Chip_20240317_UTM19N_EPSG32619_10m.manifest.json,20240317,19,32619,32619,1,2,100.0,2/2,9.61,139.5,ok
SAR_Ship_Chip_20240318_UTM09N_EPSG32609_10m.manifest.json,20240318,9,32609,32609,1,19,100.0,19/19,11.48,183.0,ok
SAR_Ship_Chip_20240318_UTM10N_EPSG32610_10m.manifest.json,20240318,10,32610,32610,1,101,100.0,101/101,0.04,180.0,ok
SAR_Ship_Chip_20240318_UTM14N_EPSG32614_10m.manifest.json,20240318,14,32614,32614,1,80,100.0,80/80,0.0,118.0,ok
SAR_Ship_Chip_20240318_UTM16N_EPSG32616_10m.manifest.json,20240318,16,32616,32616,1,20,100.0,20/20,0.0,99.0,ok
SAR_Ship_Chip_20240318_UTM17N_EPSG32617_10m.manifest.json,20240318,17,32617,32617,1,71,100.0,71/71,0.0,183.0,ok
SAR_Ship_Chip_20240313_UTM15N_EPSG32615_10m.manifest.json,20240313,15,32615,32615,1,235,100.0,235/235,0.0,177.0,ok
SAR_Ship_Chip_20240313_UTM16N_EPSG32616_10m.manifest.json,20240313,16,32616,32616,1,5,100.0,5/5,0.0,222.0,ok
SAR_Ship_Chip_20240313_UTM17N_EPSG32617_10m.manifest.json,20240313,17,32617,32617,1,233,100.0,233/233,0.0,88.0,ok
SAR_Ship_Chip_20240314_UTM04N_EPSG32604_10m.manifest.json,20240314,4,32604,32604,1,1,100.0,1/1,14.63,280.0,ok
SAR_Ship_Chip_20240314_UTM19N_EPSG32619_10m.manifest.json,20240314,19,32619,32619,1,52,100.0,52/52,0.39,57.5,ok
SAR_Ship_Chip_20240314_UTM20N_EPSG32620_10m.manifest.json,20240314,20,32620,32620,1,48,100.0,48/48,0.22,101.0,ok
SAR_Ship_Chip_20240315_UTM11N_EPSG32611_10m.manifest.json,20240315,11,32611,32611,1,214,100.0,214/214,0.0,183.0,ok
SAR_Ship_Chip_20240315_UTM15N_EPSG32615_10m.manifest.json,20240315,15,32615,32615,1,180,100.0,180/180,0.1,103.0,ok
SAR_Ship_Chip_20240319_UTM05N_EPSG32605_10m.manifest.json,20240319,5,32605,32605,1,6,100.0,6/6,9.33,41.0,ok
SAR_Ship_Chip_20240319_UTM18N_EPSG32618_10m.manifest.json,20240319,18,32618,32618,1,16,100.0,16/16,0.11,56.5,ok
SAR_Ship_Chip_20240319_UTM19N_EPSG32619_10m.manifest.json,20240319,19,32619,32619,1,91,100.0,91/91,0.09,70.0,ok
SAR_Ship_Chip_20240319_UTM20N_EPSG32620_10m.manifest.json,20240319,20,32620,32620,1,7,100.0,7/7,7.5,62.0,ok
SAR_Ship_Chip_20240320_UTM10N_EPSG32610_10m.manifest.json,20240320,10,32610,32610,1,343,100.0,343/343,0.0,128.0,ok
SAR_Ship_Chip_20240320_UTM11N_EPSG32611_10m.manifest.json,20240320,11,32611,32611,1,108,100.0,108/108,0.0,194.5,ok
SAR_Ship_Chip_20240320_UTM14N_EPSG32614_10m.manifest.json,20240320,14,32614,32614,1,3,100.0,3/3,1.21,247.0,ok
SAR_Ship_Chip_20240320_UTM15N_EPSG32615_10m.manifest.json,20240320,15,32615,32615,1,484,100.0,484/484,0.0,179.0,ok
SAR_Ship_Chip_20240320_UTM17N_EPSG32617_10m.manifest.json,20240320,17,32617,32617,1,127,100.0,127/127,0.0,184.0,ok
SAR_Ship_Chip_20240321_UTM04N_EPSG32604_10m.manifest.json,20240321,4,32604,32604,1,29,100.0,29/29,0.0,59.0,ok
SAR_Ship_Chip_20240321_UTM17N_EPSG32617_10m.manifest.json,20240321,17,32617,32617,1,17,100.0,17/17,11.6,186.0,ok
SAR_Ship_Chip_20240321_UTM19N_EPSG32619_10m.manifest.json,20240321,19,32619,32619,1,2,100.0,2/2,7.13,112.5,ok
SAR_Ship_Chip_20240322_UTM11N_EPSG32611_10m.manifest.json,20240322,11,32611,32611,1,47,100.0,47/47,0.1,180.0,ok
SAR_Ship_Chip_20240322_UTM15N_EPSG32615_10m.manifest.json,20240322,15,32615,32615,1,9,100.0,9/9,0.0,234.0,ok
SAR_Ship_Chip_20240322_UTM16N_EPSG32616_10m.manifest.json,20240322,16,32616,32616,1,341,100.0,341/341,0.0,105.0,ok
SAR_Ship_Chip_20240322_UTM17N_EPSG32617_10m.manifest.json,20240322,17,32617,32617,1,17,100.0,17/17,0.0,215.0,ok
SAR_Ship_Chip_20240322_UTM18N_EPSG32618_10m.manifest.json,20240322,18,32618,32618,1,138,100.0,138/138,0.0,180.0,ok
SAR_Ship_Chip_20240322_UTM19N_EPSG32619_10m.manifest.json,20240322,19,32619,32619,1,2,100.0,2/2,8.1,178.0,ok
SAR_Ship_Chip_20240323_UTM10N_EPSG32610_10m.manifest.json,20240323,10,32610,32610,1,373,100.0,373/373,0.0,140.0,ok
SAR_Ship_Chip_20240323_UTM16N_EPSG32616_10m.manifest.json,20240323,16,32616,32616,1,8,100.0,8/8,0.0,95.0,ok
SAR_Ship_Chip_20240323_UTM17N_EPSG32617_10m.manifest.json,20240323,17,32617,32617,1,13,100.0,13/13,11.11,277.0,ok
SAR_Ship_Chip_20240324_UTM04N_EPSG32604_10m.manifest.json,20240324,4,32604,32604,1,31,100.0,31/31,0.0,59.0,ok
SAR_Ship_Chip_20240324_UTM18N_EPSG32618_10m.manifest.json,20240324,18,32618,32618,1,146,100.0,146/146,0.0,111.5,ok
SAR_Ship_Chip_20240324_UTM19N_EPSG32619_10m.manifest.json,20240324,19,32619,32619,1,8,100.0,8/8,13.3,183.5,ok
SAR_Ship_Chip_20240330_UTM16N_EPSG32616_10m.manifest.json,20240330,16,32616,32616,1,26,100.0,26/26,3.25,200.5,ok
SAR_Ship_Chip_20240330_UTM17N_EPSG32617_10m.manifest.json,20240330,17,32617,32617,1,52,100.0,52/52,0.0,179.0,ok
SAR_Ship_Chip_20240330_UTM18N_EPSG32618_10m.manifest.json,20240330,18,32618,32618,1,21,100.0,21/21,0.0,72.0,ok
SAR_Ship_Chip_20240331_UTM04N_EPSG32604_10m.manifest.json,20240331,4,32604,32604,1,1,100.0,1/1,6.36,33.0,ok
SAR_Ship_Chip_20240331_UTM05N_EPSG32605_10m.manifest.json,20240331,5,32605,32605,1,3,100.0,3/3,0.0,45.0,ok
SAR_Ship_Chip_20240331_UTM18N_EPSG32618_10m.manifest.json,20240331,18,32618,32618,1,12,100.0,12/12,0.0,88.0,ok
SAR_Ship_Chip_20240331_UTM19N_EPSG32619_10m.manifest.json,20240331,19,32619,32619,1,101,100.0,101/101,0.09,86.0,ok
SAR_Ship_Chip_20240331_UTM20N_EPSG32620_10m.manifest.json,20240331,20,32620,32620,1,8,100.0,8/8,4.27,112.0,ok
SAR_Ship_Chip_20240328_UTM16N_EPSG32616_10m.manifest.json,20240328,16,32616,32616,1,63,100.0,63/63,0.0,167.0,ok
SAR_Ship_Chip_20240328_UTM17N_EPSG32617_10m.manifest.json,20240328,17,32617,32617,1,13,100.0,13/13,11.9,183.0,ok
SAR_Ship_Chip_20240329_UTM04N_EPSG32604_10m.manifest.json,20240329,4,32604,32604,1,1,100.0,1/1,0.0,280.0,ok
SAR_Ship_Chip_20240329_UTM18N_EPSG32618_10m.manifest.json,20240329,18,32618,32618,1,163,100.0,163/163,0.04,180.0,ok
SAR_Ship_Chip_20240329_UTM19N_EPSG32619_10m.manifest.json,20240329,19,32619,32619,1,38,100.0,38/38,12.45,185.0,ok
SAR_Ship_Chip_20240330_UTM10N_EPSG32610_10m.manifest.json,20240330,10,32610,32610,1,74,100.0,74/74,0.0,179.0,ok
SAR_Ship_Chip_20240330_UTM14N_EPSG32614_10m.manifest.json,20240330,14,32614,32614,1,80,100.0,80/80,0.0,145.0,ok
SAR_Ship_Chip_20240330_UTM15N_EPSG32615_10m.manifest.json,20240330,15,32615,32615,1,1,100.0,1/1,19.4,335.0,ok
SAR_Ship_Chip_20240326_UTM19N_EPSG32619_10m.manifest.json,20240326,19,32619,32619,1,57,100.0,57/57,0.0,66.0,ok
SAR_Ship_Chip_20240326_UTM20N_EPSG32620_10m.manifest.json,20240326,20,32620,32620,1,45,100.0,45/45,0.16,70.0,ok
SAR_Ship_Chip_20240327_UTM11N_EPSG32611_10m.manifest.json,20240327,11,32611,32611,1,273,100.0,273/273,0.0,183.0,ok
SAR_Ship_Chip_20240327_UTM15N_EPSG32615_10m.manifest.json,20240327,15,32615,32615,1,167,100.0,167/167,0.2,159.0,ok
SAR_Ship_Chip_20240327_UTM17N_EPSG32617_10m.manifest.json,20240327,17,32617,32617,1,39,100.0,39/39,0.02,183.0,ok
SAR_Ship_Chip_20240327_UTM18N_EPSG32618_10m.manifest.json,20240327,18,32618,32618,1,5,100.0,5/5,11.73,168.0,ok
SAR_Ship_Chip_20240328_UTM05N_EPSG32605_10m.manifest.json,20240328,5,32605,32605,1,8,100.0,8/8,0.7,37.0,ok
SAR_Ship_Chip_20240328_UTM15N_EPSG32615_10m.manifest.json,20240328,15,32615,32615,1,13,100.0,13/13,0.0,225.0,ok
SAR_Ship_Chip_20240324_UTM20N_EPSG32620_10m.manifest.json,20240324,20,32620,32620,1,46,100.0,46/46,0.08,83.0,ok
SAR_Ship_Chip_20240325_UTM10N_EPSG32610_10m.manifest.json,20240325,10,32610,32610,1,311,100.0,311/311,0.0,178.0,ok
SAR_Ship_Chip_20240325_UTM14N_EPSG32614_10m.manifest.json,20240325,14,32614,32614,1,1,100.0,1/1,0.0,127.0,ok
SAR_Ship_Chip_20240325_UTM15N_EPSG32615_10m.manifest.json,20240325,15,32615,32615,1,258,100.0,258/258,0.0,179.5,ok
SAR_Ship_Chip_20240325_UTM16N_EPSG32616_10m.manifest.json,20240325,16,32616,32616,1,7,100.0,7/7,0.0,193.0,ok
SAR_Ship_Chip_20240325_UTM17N_EPSG32617_10m.manifest.json,20240325,17,32617,32617,1,216,100.0,216/216,0.0,66.5,ok
SAR_Ship_Chip_20240326_UTM04N_EPSG32604_10m.manifest.json,20240326,4,32604,32604,1,2,100.0,2/2,6.71,90.0,ok
SAR_Ship_Chip_20240326_UTM16N_EPSG32616_10m.manifest.json,20240326,16,32616,32616,1,4,100.0,4/4,12.8,262.0,ok
SAR_Ship_Chip_20240401_UTM10N_EPSG32610_10m.manifest.json,20240401,10,32610,32610,1,329,100.0,329/329,0.0,128.0,ok
SAR_Ship_Chip_20240401_UTM11N_EPSG32611_10m.manifest.json,20240401,11,32611,32611,1,117,100.0,117/117,0.04,200.0,ok
SAR_Ship_Chip_20240401_UTM14N_EPSG32614_10m.manifest.json,20240401,14,32614,32614,1,53,100.0,53/53,0.1,159.0,ok
SAR_Ship_Chip_20240401_UTM15N_EPSG32615_10m.manifest.json,20240401,15,32615,32615,1,496,100.0,496/496,0.0,180.0,ok
SAR_Ship_Chip_20240401_UTM17N_EPSG32617_10m.manifest.json,20240401,17,32617,32617,1,182,100.0,182/182,2.08,193.5,ok
SAR_Ship_Chip_20240402_UTM04N_EPSG32604_10m.manifest.json,20240402,4,32604,32604,1,23,100.0,23/23,0.01,68.0,ok
SAR_Ship_Chip_20240402_UTM17N_EPSG32617_10m.manifest.json,20240402,17,32617,32617,1,12,100.0,12/12,13.08,187.0,ok
SAR_Ship_Chip_20240402_UTM19N_EPSG32619_10m.manifest.json,20240402,19,32619,32619,1,13,100.0,13/13,10.18,182.0,ok
SAR_Ship_Chip_20240402_UTM20N_EPSG32620_10m.manifest.json,20240402,20,32620,32620,1,2,100.0,2/2,15.8,219.0,ok
SAR_Ship_Chip_20240403_UTM11N_EPSG32611_10m.manifest.json,20240403,11,32611,32611,1,42,100.0,42/42,0.02,179.5,ok
SAR_Ship_Chip_20240403_UTM15N_EPSG32615_10m.manifest.json,20240403,15,32615,32615,1,6,100.0,6/6,0.0,201.5,ok
SAR_Ship_Chip_20240403_UTM16N_EPSG32616_10m.manifest.json,20240403,16,32616,32616,1,309,100.0,309/309,0.0,100.0,ok
SAR_Ship_Chip_20240403_UTM17N_EPSG32617_10m.manifest.json,20240403,17,32617,32617,1,19,100.0,19/19,0.1,185.0,ok
SAR_Ship_Chip_20240403_UTM18N_EPSG32618_10m.manifest.json,20240403,18,32618,32618,1,138,100.0,138/138,0.0,173.0,ok
SAR_Ship_Chip_20240403_UTM19N_EPSG32619_10m.manifest.json,20240403,19,32619,32619,1,7,100.0,7/7,3.4,172.0,ok
SAR_Ship_Chip_20240404_UTM10N_EPSG32610_10m.manifest.json,20240404,10,32610,32610,1,367,100.0,367/367,0.0,111.0,ok
SAR_Ship_Chip_20240404_UTM16N_EPSG32616_10m.manifest.json,20240404,16,32616,32616,1,9,100.0,9/9,0.0,100.0,ok
SAR_Ship_Chip_20240404_UTM17N_EPSG32617_10m.manifest.json,20240404,17,32617,32617,1,48,100.0,48/48,3.36,206.5,ok
SAR_Ship_Chip_20240405_UTM04N_EPSG32604_10m.manifest.json,20240405,4,32604,32604,1,28,100.0,28/28,0.0,61.5,ok
SAR_Ship_Chip_20240405_UTM16N_EPSG32616_10m.manifest.json,20240405,16,32616,32616,1,1,100.0,1/1,0.1,62.0,ok
SAR_Ship_Chip_20240405_UTM18N_EPSG32618_10m.manifest.json,20240405,18,32618,32618,1,148,100.0,148/148,0.04,99.5,ok
SAR_Ship_Chip_20240405_UTM19N_EPSG32619_10m.manifest.json,20240405,19,32619,32619,1,31,100.0,31/31,8.65,180.0,ok
SAR_Ship_Chip_20240405_UTM20N_EPSG32620_10m.manifest.json,20240405,20,32620,32620,1,55,100.0,55/55,0.13,97.0,ok
SAR_Ship_Chip_20240406_UTM10N_EPSG32610_10m.manifest.json,20240406,10,32610,32610,1,314,100.0,314/314,0.0,161.0,ok
SAR_Ship_Chip_20240406_UTM15N_EPSG32615_10m.manifest.json,20240406,15,32615,32615,1,258,100.0,258/258,0.0,167.0,ok
SAR_Ship_Chip_20240406_UTM16N_EPSG32616_10m.manifest.json,20240406,16,32616,32616,1,5,100.0,5/5,0.0,234.0,ok
SAR_Ship_Chip_20240406_UTM17N_EPSG32617_10m.manifest.json,20240406,17,32617,32617,1,210,100.0,210/210,0.0,63.5,ok
SAR_Ship_Chip_20240407_UTM04N_EPSG32604_10m.manifest.json,20240407,4,32604,32604,1,1,100.0,1/1,3.98,36.0,ok
SAR_Ship_Chip_20240407_UTM16N_EPSG32616_10m.manifest.json,20240407,16,32616,32616,1,6,100.0,6/6,11.9,183.0,ok
SAR_Ship_Chip_20240407_UTM19N_EPSG32619_10m.manifest.json,20240407,19,32619,32619,1,50,100.0,50/50,0.0,82.0,ok
SAR_Ship_Chip_20240407_UTM20N_EPSG32620_10m.manifest.json,20240407,20,32620,32620,1,43,100.0,43/43,0.0,70.0,ok
SAR_Ship_Chip_20240408_UTM11N_EPSG32611_10m.manifest.json,20240408,11,32611,32611,1,220,100.0,220/220,0.0,183.0,ok
SAR_Ship_Chip_20240408_UTM15N_EPSG32615_10m.manifest.json,20240408,15,32615,32615,1,187,100.0,187/187,0.53,148.0,ok
SAR_Ship_Chip_20240408_UTM17N_EPSG32617_10m.manifest.json,20240408,17,32617,32617,1,23,100.0,23/23,4.06,180.0,ok
SAR_Ship_Chip_20240409_UTM15N_EPSG32615_10m.manifest.json,20240409,15,32615,32615,1,8,100.0,8/8,0.0,269.5,ok
SAR_Ship_Chip_20240409_UTM16N_EPSG32616_10m.manifest.json,20240409,16,32616,32616,1,61,100.0,61/61,0.0,125.0,ok
SAR_Ship_Chip_20240410_UTM04N_EPSG32604_10m.manifest.json,20240410,4,32604,32604,1,3,100.0,3/3,8.8,274.0,ok
SAR_Ship_Chip_20240410_UTM11N_EPSG32611_10m.manifest.json,20240410,11,32611,32611,1,4,100.0,4/4,13.05,199.5,ok
SAR_Ship_Chip_20240410_UTM18N_EPSG32618_10m.manifest.json,20240410,18,32618,32618,1,139,100.0,139/139,0.02,180.0,ok
SAR_Ship_Chip_20240410_UTM19N_EPSG32619_10m.manifest.json,20240410,19,32619,32619,1,24,100.0,24/24,10.49,147.5,ok
SAR_Ship_Chip_20240411_UTM10N_EPSG32610_10m.manifest.json,20240411,10,32610,32610,1,79,100.0,79/79,0.0,177.0,ok
SAR_Ship_Chip_20240411_UTM14N_EPSG32614_10m.manifest.json,20240411,14,32614,32614,1,78,100.0,78/78,0.01,123.5,ok
SAR_Ship_Chip_20240411_UTM16N_EPSG32616_10m.manifest.json,20240411,16,32616,32616,1,28,100.0,28/28,0.04,157.0,ok
SAR_Ship_Chip_20240411_UTM17N_EPSG32617_10m.manifest.json,20240411,17,32617,32617,1,73,100.0,73/73,0.1,175.0,ok
SAR_Ship_Chip_20240411_UTM18N_EPSG32618_10m.manifest.json,20240411,18,32618,32618,1,36,100.0,36/36,0.07,86.0,ok
SAR_Ship_Chip_20240412_UTM05N_EPSG32605_10m.manifest.json,20240412,5,32605,32605,1,7,100.0,7/7,0.21,37.0,ok
SAR_Ship_Chip_20240412_UTM12N_EPSG32612_10m.manifest.json,20240412,12,32612,32612,1,5,100.0,5/5,13.7,301.0,ok
SAR_Ship_Chip_20240412_UTM18N_EPSG32618_10m.manifest.json,20240412,18,32618,32618,1,10,100.0,10/10,0.08,75.0,ok
SAR_Ship_Chip_20240414_UTM17N_EPSG32617_10m.manifest.json,20240414,17,32617,32617,1,12,100.0,12/12,13.75,183.0,ok
SAR_Ship_Chip_20240414_UTM19N_EPSG32619_10m.manifest.json,20240414,19,32619,32619,1,8,100.0,8/8,10.34,138.0,ok
SAR_Ship_Chip_20240415_UTM11N_EPSG32611_10m.manifest.json,20240415,11,32611,32611,1,34,100.0,34/34,0.0,80.0,ok
SAR_Ship_Chip_20240415_UTM15N_EPSG32615_10m.manifest.json,20240415,15,32615,32615,1,6,100.0,6/6,0.0,224.5,ok
SAR_Ship_Chip_20240415_UTM16N_EPSG32616_10m.manifest.json,20240415,16,32616,32616,1,369,100.0,369/369,0.07,116.0,ok
SAR_Ship_Chip_20240415_UTM17N_EPSG32617_10m.manifest.json,20240415,17,32617,32617,1,24,100.0,24/24,0.0,198.5,ok
SAR_Ship_Chip_20240415_UTM18N_EPSG32618_10m.manifest.json,20240415,18,32618,32618,1,136,100.0,136/136,0.0,162.5,ok
SAR_Ship_Chip_20240416_UTM14N_EPSG32614_10m.manifest.json,20240416,14,32614,32614,1,12,100.0,12/12,0.36,183.0,ok
SAR_Ship_Chip_20240412_UTM19N_EPSG32619_10m.manifest.json,20240412,19,32619,32619,1,65,100.0,65/65,0.0,78.0,ok
SAR_Ship_Chip_20240412_UTM20N_EPSG32620_10m.manifest.json,20240412,20,32620,32620,1,3,100.0,3/3,9.11,105.0,ok
SAR_Ship_Chip_20240413_UTM10N_EPSG32610_10m.manifest.json,20240413,10,32610,32610,1,345,100.0,345/345,0.0,101.0,ok
SAR_Ship_Chip_20240413_UTM11N_EPSG32611_10m.manifest.json,20240413,11,32611,32611,1,104,100.0,104/104,0.0,186.0,ok
SAR_Ship_Chip_20240413_UTM14N_EPSG32614_10m.manifest.json,20240413,14,32614,32614,1,20,100.0,20/20,10.95,179.5,ok
SAR_Ship_Chip_20240413_UTM15N_EPSG32615_10m.manifest.json,20240413,15,32615,32615,1,496,100.0,496/496,0.0,180.0,ok
SAR_Ship_Chip_20240413_UTM17N_EPSG32617_10m.manifest.json,20240413,17,32617,32617,1,242,100.0,242/242,0.08,170.5,ok
SAR_Ship_Chip_20240414_UTM04N_EPSG32604_10m.manifest.json,20240414,4,32604,32604,1,30,100.0,30/30,0.0,55.5,ok
SAR_Ship_Chip_20240416_UTM16N_EPSG32616_10m.manifest.json,20240416,16,32616,32616,1,7,100.0,7/7,0.0,42.0,ok
SAR_Ship_Chip_20240416_UTM17N_EPSG32617_10m.manifest.json,20240416,17,32617,32617,1,52,100.0,52/52,11.04,227.5,ok
SAR_Ship_Chip_20240417_UTM04N_EPSG32604_10m.manifest.json,20240417,4,32604,32604,1,25,100.0,25/25,0.0,64.0,ok
SAR_Ship_Chip_20240417_UTM12N_EPSG32612_10m.manifest.json,20240417,12,32612,32612,1,3,100.0,3/3,11.63,235.0,ok
SAR_Ship_Chip_20240417_UTM16N_EPSG32616_10m.manifest.json,20240417,16,32616,32616,1,1,100.0,1/1,11.9,180.0,ok
SAR_Ship_Chip_20240417_UTM18N_EPSG32618_10m.manifest.json,20240417,18,32618,32618,1,153,100.0,153/153,0.02,117.0,ok
SAR_Ship_Chip_20240417_UTM19N_EPSG32619_10m.manifest.json,20240417,19,32619,32619,1,4,100.0,4/4,11.45,192.5,ok
SAR_Ship_Chip_20240418_UTM10N_EPSG32610_10m.manifest.json,20240418,10,32610,32610,1,331,100.0,331/331,0.0,160.0,ok
SAR_Ship_Chip_20240420_UTM11N_EPSG32611_10m.manifest.json,20240420,11,32611,32611,1,257,100.0,257/257,0.0,183.0,ok
SAR_Ship_Chip_20240420_UTM15N_EPSG32615_10m.manifest.json,20240420,15,32615,32615,1,183,100.0,183/183,0.33,141.0,ok
SAR_Ship_Chip_20240420_UTM17N_EPSG32617_10m.manifest.json,20240420,17,32617,32617,1,48,100.0,48/48,0.1,178.5,ok
SAR_Ship_Chip_20240420_UTM18N_EPSG32618_10m.manifest.json,20240420,18,32618,32618,1,20,100.0,20/20,13.9,296.5,ok
SAR_Ship_Chip_20240421_UTM05N_EPSG32605_10m.manifest.json,20240421,5,32605,32605,1,5,100.0,5/5,0.61,155.0,ok
SAR_Ship_Chip_20240421_UTM16N_EPSG32616_10m.manifest.json,20240421,16,32616,32616,1,53,100.0,53/53,0.0,172.0,ok
SAR_Ship_Chip_20240421_UTM17N_EPSG32617_10m.manifest.json,20240421,17,32617,32617,1,24,100.0,24/24,4.92,184.0,ok
SAR_Ship_Chip_20240421_UTM19N_EPSG32619_10m.manifest.json,20240421,19,32619,32619,1,2,100.0,2/2,6.25,162.5,ok
SAR_Ship_Chip_20240418_UTM15N_EPSG32615_10m.manifest.json,20240418,15,32615,32615,1,312,100.0,312/312,0.04,159.5,ok
SAR_Ship_Chip_20240418_UTM16N_EPSG32616_10m.manifest.json,20240418,16,32616,32616,1,6,100.0,6/6,0.0,196.5,ok
SAR_Ship_Chip_20240418_UTM17N_EPSG32617_10m.manifest.json,20240418,17,32617,32617,1,298,100.0,298/298,0.0,60.0,ok
SAR_Ship_Chip_20240419_UTM04N_EPSG32604_10m.manifest.json,20240419,4,32604,32604,1,2,100.0,2/2,6.61,157.0,ok
SAR_Ship_Chip_20240419_UTM12N_EPSG32612_10m.manifest.json,20240419,12,32612,32612,1,1,100.0,1/1,18.61,334.0,ok
SAR_Ship_Chip_20240419_UTM16N_EPSG32616_10m.manifest.json,20240419,16,32616,32616,1,21,100.0,21/21,14.1,183.0,ok
SAR_Ship_Chip_20240419_UTM19N_EPSG32619_10m.manifest.json,20240419,19,32619,32619,1,56,100.0,56/56,0.0,72.5,ok
SAR_Ship_Chip_20240419_UTM20N_EPSG32620_10m.manifest.json,20240419,20,32620,32620,1,44,100.0,44/44,0.0,136.0,ok
SAR_Ship_Chip_20240422_UTM11N_EPSG32611_10m.manifest.json,20240422,11,32611,32611,1,11,100.0,11/11,13.2,274.0,ok
SAR_Ship_Chip_20240422_UTM18N_EPSG32618_10m.manifest.json,20240422,18,32618,32618,1,153,100.0,153/153,0.09,160.0,ok
SAR_Ship_Chip_20240422_UTM19N_EPSG32619_10m.manifest.json,20240422,19,32619,32619,1,19,100.0,19/19,11.3,176.0,ok
SAR_Ship_Chip_20240423_UTM09N_EPSG32609_10m.manifest.json,20240423,9,32609,32609,1,19,100.0,19/19,11.01,190.0,ok
SAR_Ship_Chip_20240423_UTM10N_EPSG32610_10m.manifest.json,20240423,10,32610,32610,1,91,100.0,91/91,0.08,179.0,ok
SAR_Ship_Chip_20240423_UTM14N_EPSG32614_10m.manifest.json,20240423,14,32614,32614,1,90,100.0,90/90,0.0,135.5,ok
SAR_Ship_Chip_20240423_UTM16N_EPSG32616_10m.manifest.json,20240423,16,32616,32616,1,33,100.0,33/33,0.0,130.0,ok
SAR_Ship_Chip_20240423_UTM17N_EPSG32617_10m.manifest.json,20240423,17,32617,32617,1,47,100.0,47/47,0.0,146.0,ok
SAR_Ship_Chip_20240425_UTM17N_EPSG32617_10m.manifest.json,20240425,17,32617,32617,1,235,100.0,235/235,0.1,143.0,ok
SAR_Ship_Chip_20240426_UTM04N_EPSG32604_10m.manifest.json,20240426,4,32604,32604,1,34,100.0,34/34,0.06,68.0,ok
SAR_Ship_Chip_20240426_UTM17N_EPSG32617_10m.manifest.json,20240426,17,32617,32617,1,1,100.0,1/1,0.34,127.0,ok
SAR_Ship_Chip_20240426_UTM19N_EPSG32619_10m.manifest.json,20240426,19,32619,32619,1,12,100.0,12/12,12.71,183.0,ok
SAR_Ship_Chip_20240427_UTM11N_EPSG32611_10m.manifest.json,20240427,11,32611,32611,1,29,100.0,29/29,0.0,107.0,ok
SAR_Ship_Chip_20240427_UTM15N_EPSG32615_10m.manifest.json,20240427,15,32615,32615,1,3,100.0,3/3,0.0,138.0,ok
SAR_Ship_Chip_20240427_UTM16N_EPSG32616_10m.manifest.json,20240427,16,32616,32616,1,353,100.0,353/353,0.0,97.0,ok
SAR_Ship_Chip_20240427_UTM17N_EPSG32617_10m.manifest.json,20240427,17,32617,32617,1,17,100.0,17/17,0.0,190.0,ok
SAR_Ship_Chip_20240427_UTM18N_EPSG32618_10m.manifest.json,20240427,18,32618,32618,1,137,100.0,137/137,0.0,163.0,ok
SAR_Ship_Chip_20240428_UTM10N_EPSG32610_10m.manifest.json,20240428,10,32610,32610,1,354,100.0,354/354,0.0,95.0,ok
SAR_Ship_Chip_20240428_UTM14N_EPSG32614_10m.manifest.json,20240428,14,32614,32614,1,1,100.0,1/1,0.9,183.0,ok
SAR_Ship_Chip_20240428_UTM16N_EPSG32616_10m.manifest.json,20240428,16,32616,32616,1,9,100.0,9/9,0.03,100.0,ok
SAR_Ship_Chip_20240428_UTM17N_EPSG32617_10m.manifest.json,20240428,17,32617,32617,1,27,100.0,27/27,12.55,199.0,ok
SAR_Ship_Chip_20240428_UTM20N_EPSG32620_10m.manifest.json,20240428,20,32620,32620,1,1,100.0,1/1,0.0,200.0,ok
SAR_Ship_Chip_20240429_UTM04N_EPSG32604_10m.manifest.json,20240429,4,32604,32604,1,35,100.0,35/35,0.0,64.0,ok
SAR_Ship_Chip_20240429_UTM12N_EPSG32612_10m.manifest.json,20240429,12,32612,32612,1,1,100.0,1/1,11.1,199.0,ok
SAR_Ship_Chip_20240424_UTM04N_EPSG32604_10m.manifest.json,20240424,4,32604,32604,1,1,100.0,1/1,17.4,273.0,ok
SAR_Ship_Chip_20240424_UTM05N_EPSG32605_10m.manifest.json,20240424,5,32605,32605,1,9,100.0,9/9,5.35,37.0,ok
SAR_Ship_Chip_20240424_UTM12N_EPSG32612_10m.manifest.json,20240424,12,32612,32612,1,1,100.0,1/1,12.7,300.0,ok
SAR_Ship_Chip_20240424_UTM19N_EPSG32619_10m.manifest.json,20240424,19,32619,32619,1,36,100.0,36/36,0.0,145.0,ok
SAR_Ship_Chip_20240424_UTM20N_EPSG32620_10m.manifest.json,20240424,20,32620,32620,1,5,100.0,5/5,2.03,165.0,ok
SAR_Ship_Chip_20240425_UTM10N_EPSG32610_10m.manifest.json,20240425,10,32610,32610,1,332,100.0,332/332,0.0,82.0,ok
SAR_Ship_Chip_20240425_UTM11N_EPSG32611_10m.manifest.json,20240425,11,32611,32611,1,126,100.0,126/126,0.05,199.0,ok
SAR_Ship_Chip_20240425_UTM15N_EPSG32615_10m.manifest.json,20240425,15,32615,32615,1,362,100.0,362/362,0.0,180.0,ok
SAR_Ship_Chip_20240501_UTM20N_EPSG32620_10m.manifest.json,20240501,20,32620,32620,1,48,100.0,48/48,0.2,128.0,ok
SAR_Ship_Chip_20240502_UTM11N_EPSG32611_10m.manifest.json,20240502,11,32611,32611,1,239,100.0,239/239,0.0,183.0,ok
SAR_Ship_Chip_20240502_UTM14N_EPSG32614_10m.manifest.json,20240502,14,32614,32614,1,2,100.0,2/2,11.8,216.0,ok
SAR_Ship_Chip_20240502_UTM15N_EPSG32615_10m.manifest.json,20240502,15,32615,32615,1,156,100.0,156/156,0.0,116.5,ok
SAR_Ship_Chip_20240502_UTM17N_EPSG32617_10m.manifest.json,20240502,17,32617,32617,1,48,100.0,48/48,4.28,199.5,ok
SAR_Ship_Chip_20240502_UTM18N_EPSG32618_10m.manifest.json,20240502,18,32618,32618,1,1,100.0,1/1,14.9,260.0,ok
SAR_Ship_Chip_20240503_UTM05N_EPSG32605_10m.manifest.json,20240503,5,32605,32605,1,9,100.0,9/9,4.8,38.0,ok
SAR_Ship_Chip_20240503_UTM15N_EPSG32615_10m.manifest.json,20240503,15,32615,32615,1,8,100.0,8/8,0.0,208.0,ok
SAR_Ship_Chip_20240429_UTM18N_EPSG32618_10m.manifest.json,20240429,18,32618,32618,1,155,100.0,155/155,0.01,115.0,ok
SAR_Ship_Chip_20240429_UTM19N_EPSG32619_10m.manifest.json,20240429,19,32619,32619,1,7,100.0,7/7,11.57,180.0,ok
SAR_Ship_Chip_20240430_UTM10N_EPSG32610_10m.manifest.json,20240430,10,32610,32610,1,305,100.0,305/305,0.01,177.0,ok
SAR_Ship_Chip_20240430_UTM15N_EPSG32615_10m.manifest.json,20240430,15,32615,32615,1,234,100.0,234/234,0.0,176.5,ok
SAR_Ship_Chip_20240430_UTM16N_EPSG32616_10m.manifest.json,20240430,16,32616,32616,1,4,100.0,4/4,5.67,142.0,ok
SAR_Ship_Chip_20240430_UTM17N_EPSG32617_10m.manifest.json,20240430,17,32617,32617,1,303,100.0,303/303,0.0,55.0,ok
SAR_Ship_Chip_20240501_UTM12N_EPSG32612_10m.manifest.json,20240501,12,32612,32612,1,4,100.0,4/4,15.7,214.5,ok
SAR_Ship_Chip_20240501_UTM19N_EPSG32619_10m.manifest.json,20240501,19,32619,32619,1,60,100.0,60/60,0.12,71.0,ok
SAR_Ship_Chip_20240503_UTM16N_EPSG32616_10m.manifest.json,20240503,16,32616,32616,1,75,100.0,75/75,0.0,183.0,ok
SAR_Ship_Chip_20240503_UTM17N_EPSG32617_10m.manifest.json,20240503,17,32617,32617,1,5,100.0,5/5,14.12,139.0,ok
SAR_Ship_Chip_20240504_UTM04N_EPSG32604_10m.manifest.json,20240504,4,32604,32604,1,2,100.0,2/2,4.85,155.0,ok
SAR_Ship_Chip_20240504_UTM11N_EPSG32611_10m.manifest.json,20240504,11,32611,32611,1,1,100.0,1/1,19.9,366.0,ok
SAR_Ship_Chip_20240504_UTM18N_EPSG32618_10m.manifest.json,20240504,18,32618,32618,1,163,100.0,163/163,0.1,180.0,ok
SAR_Ship_Chip_20240505_UTM09N_EPSG32609_10m.manifest.json,20240505,9,32609,32609,1,12,100.0,12/12,9.77,177.5,ok
SAR_Ship_Chip_20240505_UTM10N_EPSG32610_10m.manifest.json,20240505,10,32610,32610,1,105,100.0,105/105,0.3,179.0,ok
SAR_Ship_Chip_20240505_UTM14N_EPSG32614_10m.manifest.json,20240505,14,32614,32614,1,84,100.0,84/84,0.0,167.5,ok
SAR_Ship_Chip_20240505_UTM15N_EPSG32615_10m.manifest.json,20240505,15,32615,32615,1,16,100.0,16/16,0.0,189.0,ok
SAR_Ship_Chip_20240505_UTM16N_EPSG32616_10m.manifest.json,20240505,16,32616,32616,1,34,100.0,34/34,0.0,198.5,ok
SAR_Ship_Chip_20240505_UTM17N_EPSG32617_10m.manifest.json,20240505,17,32617,32617,1,66,100.0,66/66,0.21,183.0,ok
SAR_Ship_Chip_20240505_UTM18N_EPSG32618_10m.manifest.json,20240505,18,32618,32618,1,25,100.0,25/25,0.0,71.0,ok
SAR_Ship_Chip_20240506_UTM04N_EPSG32604_10m.manifest.json,20240506,4,32604,32604,1,3,100.0,3/3,11.9,167.0,ok
SAR_Ship_Chip_20240506_UTM05N_EPSG32605_10m.manifest.json,20240506,5,32605,32605,1,6,100.0,6/6,7.25,42.5,ok
SAR_Ship_Chip_20240506_UTM18N_EPSG32618_10m.manifest.json,20240506,18,32618,32618,1,14,100.0,14/14,0.0,43.5,ok
SAR_Ship_Chip_20240506_UTM19N_EPSG32619_10m.manifest.json,20240506,19,32619,32619,1,75,100.0,75/75,0.04,72.0,ok
SAR_Ship_Chip_20240508_UTM17N_EPSG32617_10m.manifest.json,20240508,17,32617,32617,1,12,100.0,12/12,13.39,191.5,ok
SAR_Ship_Chip_20240508_UTM19N_EPSG32619_10m.manifest.json,20240508,19,32619,32619,1,8,100.0,8/8,5.83,142.5,ok
SAR_Ship_Chip_20240508_UTM20N_EPSG32620_10m.manifest.json,20240508,20,32620,32620,1,2,100.0,2/2,6.72,144.0,ok
SAR_Ship_Chip_20240509_UTM11N_EPSG32611_10m.manifest.json,20240509,11,32611,32611,1,41,100.0,41/41,0.33,183.0,ok
SAR_Ship_Chip_20240509_UTM15N_EPSG32615_10m.manifest.json,20240509,15,32615,32615,1,1,100.0,1/1,0.2,80.0,ok
SAR_Ship_Chip_20240509_UTM16N_EPSG32616_10m.manifest.json,20240509,16,32616,32616,1,385,100.0,385/385,0.0,100.0,ok
SAR_Ship_Chip_20240509_UTM18N_EPSG32618_10m.manifest.json,20240509,18,32618,32618,1,136,100.0,136/136,0.0,179.0,ok
SAR_Ship_Chip_20240509_UTM19N_EPSG32619_10m.manifest.json,20240509,19,32619,32619,1,2,100.0,2/2,13.97,240.0,ok
SAR_Ship_Chip_20240506_UTM20N_EPSG32620_10m.manifest.json,20240506,20,32620,32620,1,6,100.0,6/6,0.36,107.0,ok
SAR_Ship_Chip_20240507_UTM10N_EPSG32610_10m.manifest.json,20240507,10,32610,32610,1,317,100.0,317/317,0.0,100.0,ok
SAR_Ship_Chip_20240507_UTM11N_EPSG32611_10m.manifest.json,20240507,11,32611,32611,1,109,100.0,109/109,0.1,184.0,ok
SAR_Ship_Chip_20240507_UTM14N_EPSG32614_10m.manifest.json,20240507,14,32614,32614,1,142,100.0,142/142,0.0,183.0,ok
SAR_Ship_Chip_20240507_UTM15N_EPSG32615_10m.manifest.json,20240507,15,32615,32615,1,26,100.0,26/26,11.5,192.0,ok
SAR_Ship_Chip_20240507_UTM17N_EPSG32617_10m.manifest.json,20240507,17,32617,32617,1,236,100.0,236/236,0.1,165.0,ok
SAR_Ship_Chip_20240508_UTM04N_EPSG32604_10m.manifest.json,20240508,4,32604,32604,1,31,100.0,31/31,0.18,55.0,ok
SAR_Ship_Chip_20240508_UTM12N_EPSG32612_10m.manifest.json,20240508,12,32612,32612,1,3,100.0,3/3,14.54,314.0,ok
SAR_Ship_Chip_20240510_UTM10N_EPSG32610_10m.manifest.json,20240510,10,32610,32610,1,351,100.0,351/351,0.0,100.0,ok
SAR_Ship_Chip_20240510_UTM14N_EPSG32614_10m.manifest.json,20240510,14,32614,32614,1,55,100.0,55/55,0.0,180.0,ok
SAR_Ship_Chip_20240510_UTM16N_EPSG32616_10m.manifest.json,20240510,16,32616,32616,1,7,100.0,7/7,0.0,100.0,ok
SAR_Ship_Chip_20240510_UTM17N_EPSG32617_10m.manifest.json,20240510,17,32617,32617,1,78,100.0,78/78,2.12,190.0,ok
SAR_Ship_Chip_20240511_UTM04N_EPSG32604_10m.manifest.json,20240511,4,32604,32604,1,27,100.0,27/27,0.0,45.0,ok
SAR_Ship_Chip_20240511_UTM11N_EPSG32611_10m.manifest.json,20240511,11,32611,32611,1,3,100.0,3/3,16.1,333.0,ok
SAR_Ship_Chip_20240511_UTM12N_EPSG32612_10m.manifest.json,20240511,12,32612,32612,1,15,100.0,15/15,14.53,203.0,ok
SAR_Ship_Chip_20240511_UTM18N_EPSG32618_10m.manifest.json,20240511,18,32618,32618,1,169,100.0,169/169,0.0,114.0,ok
SAR_Ship_Chip_20240511_UTM19N_EPSG32619_10m.manifest.json,20240511,19,32619,32619,1,9,100.0,9/9,11.9,186.0,ok
SAR_Ship_Chip_20240512_UTM10N_EPSG32610_10m.manifest.json,20240512,10,32610,32610,1,320,100.0,320/320,0.09,145.0,ok
SAR_Ship_Chip_20240512_UTM15N_EPSG32615_10m.manifest.json,20240512,15,32615,32615,1,292,100.0,292/292,0.01,180.0,ok
SAR_Ship_Chip_20240512_UTM16N_EPSG32616_10m.manifest.json,20240512,16,32616,32616,1,6,100.0,6/6,0.0,146.0,ok
SAR_Ship_Chip_20240512_UTM17N_EPSG32617_10m.manifest.json,20240512,17,32617,32617,1,281,100.0,281/281,0.0,60.0,ok
SAR_Ship_Chip_20240513_UTM04N_EPSG32604_10m.manifest.json,20240513,4,32604,32604,1,1,100.0,1/1,-0.05,145.0,ok
SAR_Ship_Chip_20240513_UTM12N_EPSG32612_10m.manifest.json,20240513,12,32612,32612,1,11,100.0,11/11,12.1,200.0,ok
SAR_Ship_Chip_20240513_UTM19N_EPSG32619_10m.manifest.json,20240513,19,32619,32619,1,70,100.0,70/70,0.19,71.5,ok
SAR_Ship_Chip_20240513_UTM20N_EPSG32620_10m.manifest.json,20240513,20,32620,32620,1,47,100.0,47/47,0.1,124.0,ok
SAR_Ship_Chip_20240514_UTM11N_EPSG32611_10m.manifest.json,20240514,11,32611,32611,1,216,100.0,216/216,0.0,183.0,ok
SAR_Ship_Chip_20240514_UTM15N_EPSG32615_10m.manifest.json,20240514,15,32615,32615,1,69,100.0,69/69,0.0,100.0,ok
SAR_Ship_Chip_20240514_UTM17N_EPSG32617_10m.manifest.json,20240514,17,32617,32617,1,48,100.0,48/48,0.1,161.5,ok
SAR_Ship_Chip_20240514_UTM18N_EPSG32618_10m.manifest.json,20240514,18,32618,32618,1,30,100.0,30/30,10.9,185.0,ok
SAR_Ship_Chip_20240514_UTM19N_EPSG32619_10m.manifest.json,20240514,19,32619,32619,1,1,100.0,1/1,17.1,293.0,ok
SAR_Ship_Chip_20240515_UTM05N_EPSG32605_10m.manifest.json,20240515,5,32605,32605,1,5,100.0,5/5,5.4,33.0,ok
SAR_Ship_Chip_20240515_UTM16N_EPSG32616_10m.manifest.json,20240515,16,32616,32616,1,92,100.0,92/92,0.08,105.0,ok
SAR_Ship_Chip_20240515_UTM17N_EPSG32617_10m.manifest.json,20240515,17,32617,32617,1,11,100.0,11/11,11.1,184.0,ok
SAR_Ship_Chip_20240515_UTM19N_EPSG32619_10m.manifest.json,20240515,19,32619,32619,1,3,100.0,3/3,10.92,182.0,ok
SAR_Ship_Chip_20240516_UTM18N_EPSG32618_10m.manifest.json,20240516,18,32618,32618,1,149,100.0,149/149,0.0,180.0,ok
SAR_Ship_Chip_20240516_UTM19N_EPSG32619_10m.manifest.json,20240516,19,32619,32619,1,8,100.0,8/8,11.93,200.0,ok
SAR_Ship_Chip_20240517_UTM09N_EPSG32609_10m.manifest.json,20240517,9,32609,32609,1,15,100.0,15/15,10.71,183.0,ok
SAR_Ship_Chip_20240517_UTM10N_EPSG32610_10m.manifest.json,20240517,10,32610,32610,1,117,100.0,117/117,1.2,174.0,ok
SAR_Ship_Chip_20240517_UTM14N_EPSG32614_10m.manifest.json,20240517,14,32614,32614,1,87,100.0,87/87,0.0,179.0,ok
SAR_Ship_Chip_20240517_UTM15N_EPSG32615_10m.manifest.json,20240517,15,32615,32615,1,3,100.0,3/3,11.6,209.0,ok
SAR_Ship_Chip_20240517_UTM16N_EPSG32616_10m.manifest.json,20240517,16,32616,32616,1,34,100.0,34/34,0.05,155.5,ok
SAR_Ship_Chip_20240517_UTM17N_EPSG32617_10m.manifest.json,20240517,17,32617,32617,1,83,100.0,83/83,7.5,183.0,ok
SAR_Ship_Chip_20240517_UTM18N_EPSG32618_10m.manifest.json,20240517,18,32618,32618,1,38,100.0,38/38,0.0,71.0,ok
SAR_Ship_Chip_20240518_UTM04N_EPSG32604_10m.manifest.json,20240518,4,32604,32604,1,2,100.0,2/2,20.26,226.5,ok
SAR_Ship_Chip_20240518_UTM05N_EPSG32605_10m.manifest.json,20240518,5,32605,32605,1,4,100.0,4/4,0.08,36.5,ok
SAR_Ship_Chip_20240518_UTM12N_EPSG32612_10m.manifest.json,20240518,12,32612,32612,1,3,100.0,3/3,14.15,243.0,ok
SAR_Ship_Chip_20240518_UTM19N_EPSG32619_10m.manifest.json,20240518,19,32619,32619,1,41,100.0,41/41,0.7,175.0,ok
SAR_Ship_Chip_20240519_UTM10N_EPSG32610_10m.manifest.json,20240519,10,32610,32610,1,349,100.0,349/349,0.0,107.0,ok
SAR_Ship_Chip_20240519_UTM11N_EPSG32611_10m.manifest.json,20240519,11,32611,32611,1,97,100.0,97/97,0.0,183.0,ok
SAR_Ship_Chip_20240519_UTM14N_EPSG32614_10m.manifest.json,20240519,14,32614,32614,1,120,100.0,120/120,0.0,157.5,ok
SAR_Ship_Chip_20240519_UTM15N_EPSG32615_10m.manifest.json,20240519,15,32615,32615,1,375,100.0,375/375,0.0,183.0,ok
SAR_Ship_Chip_20240519_UTM17N_EPSG32617_10m.manifest.json,20240519,17,32617,32617,1,255,100.0,255/255,0.1,179.0,ok
SAR_Ship_Chip_20240520_UTM04N_EPSG32604_10m.manifest.json,20240520,4,32604,32604,1,28,100.0,28/28,0.0,49.5,ok
SAR_Ship_Chip_20240520_UTM17N_EPSG32617_10m.manifest.json,20240520,17,32617,32617,1,18,100.0,18/18,10.84,177.5,ok
SAR_Ship_Chip_20240520_UTM19N_EPSG32619_10m.manifest.json,20240520,19,32619,32619,1,14,100.0,14/14,7.63,158.0,ok
SAR_Ship_Chip_20240520_UTM20N_EPSG32620_10m.manifest.json,20240520,20,32620,32620,1,2,100.0,2/2,8.55,171.5,ok
SAR_Ship_Chip_20240525_UTM16N_EPSG32616_10m.manifest.json,20240525,16,32616,32616,1,15,100.0,15/15,13.9,183.0,ok
SAR_Ship_Chip_20240525_UTM20N_EPSG32620_10m.manifest.json,20240525,20,32620,32620,1,31,100.0,31/31,0.17,97.0,ok
SAR_Ship_Chip_20240526_UTM11N_EPSG32611_10m.manifest.json,20240526,11,32611,32611,1,185,100.0,185/185,0.0,183.0,ok
SAR_Ship_Chip_20240526_UTM14N_EPSG32614_10m.manifest.json,20240526,14,32614,32614,1,14,100.0,14/14,0.3,198.0,ok
SAR_Ship_Chip_20240526_UTM15N_EPSG32615_10m.manifest.json,20240526,15,32615,32615,1,222,100.0,222/222,0.37,164.5,ok
SAR_Ship_Chip_20240526_UTM17N_EPSG32617_10m.manifest.json,20240526,17,32617,32617,1,25,100.0,25/25,8.48,179.0,ok
SAR_Ship_Chip_20240526_UTM18N_EPSG32618_10m.manifest.json,20240526,18,32618,32618,1,11,100.0,11/11,12.7,190.0,ok
SAR_Ship_Chip_20240527_UTM05N_EPSG32605_10m.manifest.json,20240527,5,32605,32605,1,4,100.0,4/4,2.72,44.5,ok
SAR_Ship_Chip_20240521_UTM11N_EPSG32611_10m.manifest.json,20240521,11,32611,32611,1,33,100.0,33/33,0.09,132.0,ok
SAR_Ship_Chip_20240521_UTM15N_EPSG32615_10m.manifest.json,20240521,15,32615,32615,1,5,100.0,5/5,0.0,222.0,ok
SAR_Ship_Chip_20240521_UTM16N_EPSG32616_10m.manifest.json,20240521,16,32616,32616,1,340,100.0,340/340,0.0,95.0,ok
SAR_Ship_Chip_20240522_UTM10N_EPSG32610_10m.manifest.json,20240522,10,32610,32610,1,383,100.0,383/383,0.0,96.0,ok
SAR_Ship_Chip_20240522_UTM16N_EPSG32616_10m.manifest.json,20240522,16,32616,32616,1,6,100.0,6/6,0.0,100.0,ok
SAR_Ship_Chip_20240522_UTM17N_EPSG32617_10m.manifest.json,20240522,17,32617,32617,1,18,100.0,18/18,11.33,183.0,ok
SAR_Ship_Chip_20240522_UTM20N_EPSG32620_10m.manifest.json,20240522,20,32620,32620,1,2,100.0,2/2,13.06,158.5,ok
SAR_Ship_Chip_20240523_UTM04N_EPSG32604_10m.manifest.json,20240523,4,32604,32604,1,25,100.0,25/25,0.02,59.0,ok
SAR_Ship_Chip_20240523_UTM12N_EPSG32612_10m.manifest.json,20240523,12,32612,32612,1,7,100.0,7/7,12.62,199.0,ok
SAR_Ship_Chip_20240523_UTM18N_EPSG32618_10m.manifest.json,20240523,18,32618,32618,1,174,100.0,174/174,0.03,89.0,ok
SAR_Ship_Chip_20240523_UTM19N_EPSG32619_10m.manifest.json,20240523,19,32619,32619,1,17,100.0,17/17,11.3,231.0,ok
SAR_Ship_Chip_20240523_UTM20N_EPSG32620_10m.manifest.json,20240523,20,32620,32620,1,46,100.0,46/46,0.1,110.5,ok
SAR_Ship_Chip_20240524_UTM10N_EPSG32610_10m.manifest.json,20240524,10,32610,32610,1,346,100.0,346/346,0.1,145.0,ok
SAR_Ship_Chip_20240524_UTM15N_EPSG32615_10m.manifest.json,20240524,15,32615,32615,1,355,100.0,355/355,0.1,172.0,ok
SAR_Ship_Chip_20240524_UTM17N_EPSG32617_10m.manifest.json,20240524,17,32617,32617,1,147,100.0,147/147,0.0,57.0,ok
SAR_Ship_Chip_20240525_UTM04N_EPSG32604_10m.manifest.json,20240525,4,32604,32604,1,2,100.0,2/2,3.27,107.0,ok
SAR_Ship_Chip_20240527_UTM16N_EPSG32616_10m.manifest.json,20240527,16,32616,32616,1,90,100.0,90/90,0.08,101.5,ok
SAR_Ship_Chip_20240527_UTM17N_EPSG32617_10m.manifest.json,20240527,17,32617,32617,1,14,100.0,14/14,10.96,199.5,ok
SAR_Ship_Chip_20240527_UTM19N_EPSG32619_10m.manifest.json,20240527,19,32619,32619,1,7,100.0,7/7,7.71,86.0,ok
SAR_Ship_Chip_20240528_UTM04N_EPSG32604_10m.manifest.json,20240528,4,32604,32604,1,1,100.0,1/1,10.98,180.0,ok
SAR_Ship_Chip_20240528_UTM11N_EPSG32611_10m.manifest.json,20240528,11,32611,32611,1,15,100.0,15/15,11.2,190.0,ok
SAR_Ship_Chip_20240528_UTM18N_EPSG32618_10m.manifest.json,20240528,18,32618,32618,1,158,100.0,158/158,0.0,183.0,ok
SAR_Ship_Chip_20240528_UTM19N_EPSG32619_10m.manifest.json,20240528,19,32619,32619,1,25,100.0,25/25,9.88,180.0,ok
SAR_Ship_Chip_20240529_UTM09N_EPSG32609_10m.manifest.json,20240529,9,32609,32609,1,11,100.0,11/11,9.36,183.0,ok
SAR_Ship_Chip_20240529_UTM10N_EPSG32610_10m.manifest.json,20240529,10,32610,32610,1,133,100.0,133/133,0.26,175.0,ok
SAR_Ship_Chip_20240529_UTM14N_EPSG32614_10m.manifest.json,20240529,14,32614,32614,1,79,100.0,79/79,0.0,119.0,ok
SAR_Ship_Chip_20240529_UTM15N_EPSG32615_10m.manifest.json,20240529,15,32615,32615,1,3,100.0,3/3,10.5,176.0,ok
SAR_Ship_Chip_20240529_UTM16N_EPSG32616_10m.manifest.json,20240529,16,32616,32616,1,35,100.0,35/35,7.9,193.0,ok
SAR_Ship_Chip_20240529_UTM17N_EPSG32617_10m.manifest.json,20240529,17,32617,32617,1,79,100.0,79/79,1.5,178.0,ok
SAR_Ship_Chip_20240529_UTM18N_EPSG32618_10m.manifest.json,20240529,18,32618,32618,1,33,100.0,33/33,0.0,53.0,ok
SAR_Ship_Chip_20240530_UTM05N_EPSG32605_10m.manifest.json,20240530,5,32605,32605,1,5,100.0,5/5,7.7,40.0,ok
SAR_Ship_Chip_20240530_UTM12N_EPSG32612_10m.manifest.json,20240530,12,32612,32612,1,9,100.0,9/9,14.5,189.0,ok
SAR_Ship_Chip_20240601_UTM04N_EPSG32604_10m.manifest.json,20240601,4,32604,32604,1,32,100.0,32/32,0.11,62.0,ok
SAR_Ship_Chip_20240601_UTM12N_EPSG32612_10m.manifest.json,20240601,12,32612,32612,1,2,100.0,2/2,17.4,304.0,ok
SAR_Ship_Chip_20240601_UTM17N_EPSG32617_10m.manifest.json,20240601,17,32617,32617,1,9,100.0,9/9,10.21,182.0,ok
SAR_Ship_Chip_20240601_UTM19N_EPSG32619_10m.manifest.json,20240601,19,32619,32619,1,7,100.0,7/7,12.5,175.0,ok
SAR_Ship_Chip_20240601_UTM20N_EPSG32620_10m.manifest.json,20240601,20,32620,32620,1,3,100.0,3/3,11.1,124.0,ok
SAR_Ship_Chip_20240602_UTM11N_EPSG32611_10m.manifest.json,20240602,11,32611,32611,1,28,100.0,28/28,0.0,183.0,ok
SAR_Ship_Chip_20240602_UTM15N_EPSG32615_10m.manifest.json,20240602,15,32615,32615,1,10,100.0,10/10,0.93,96.0,ok
SAR_Ship_Chip_20240602_UTM16N_EPSG32616_10m.manifest.json,20240602,16,32616,32616,1,339,100.0,339/339,0.0,93.0,ok
SAR_Ship_Chip_20240530_UTM18N_EPSG32618_10m.manifest.json,20240530,18,32618,32618,1,17,100.0,17/17,0.0,45.0,ok
SAR_Ship_Chip_20240530_UTM19N_EPSG32619_10m.manifest.json,20240530,19,32619,32619,1,96,100.0,96/96,0.0,66.0,ok
SAR_Ship_Chip_20240530_UTM20N_EPSG32620_10m.manifest.json,20240530,20,32620,32620,1,3,100.0,3/3,1.98,130.0,ok
SAR_Ship_Chip_20240531_UTM10N_EPSG32610_10m.manifest.json,20240531,10,32610,32610,1,329,100.0,329/329,0.0,99.0,ok
SAR_Ship_Chip_20240531_UTM11N_EPSG32611_10m.manifest.json,20240531,11,32611,32611,1,115,100.0,115/115,0.0,192.0,ok
SAR_Ship_Chip_20240531_UTM14N_EPSG32614_10m.manifest.json,20240531,14,32614,32614,1,2,100.0,2/2,10.03,162.0,ok
SAR_Ship_Chip_20240531_UTM15N_EPSG32615_10m.manifest.json,20240531,15,32615,32615,1,429,100.0,429/429,0.0,183.0,ok
SAR_Ship_Chip_20240531_UTM17N_EPSG32617_10m.manifest.json,20240531,17,32617,32617,1,237,100.0,237/237,0.1,186.0,ok
SAR_Ship_Chip_20240602_UTM17N_EPSG32617_10m.manifest.json,20240602,17,32617,32617,1,20,100.0,20/20,0.0,192.0,ok
SAR_Ship_Chip_20240602_UTM18N_EPSG32618_10m.manifest.json,20240602,18,32618,32618,1,136,100.0,136/136,0.01,129.5,ok
SAR_Ship_Chip_20240602_UTM19N_EPSG32619_10m.manifest.json,20240602,19,32619,32619,1,3,100.0,3/3,11.6,179.0,ok
SAR_Ship_Chip_20240603_UTM10N_EPSG32610_10m.manifest.json,20240603,10,32610,32610,1,375,100.0,375/375,0.0,94.0,ok
SAR_Ship_Chip_20240603_UTM14N_EPSG32614_10m.manifest.json,20240603,14,32614,32614,1,9,100.0,9/9,0.1,125.0,ok
SAR_Ship_Chip_20240603_UTM16N_EPSG32616_10m.manifest.json,20240603,16,32616,32616,1,5,100.0,5/5,3.6,100.0,ok
SAR_Ship_Chip_20240603_UTM17N_EPSG32617_10m.manifest.json,20240603,17,32617,32617,1,17,100.0,17/17,10.7,243.0,ok
SAR_Ship_Chip_20240603_UTM20N_EPSG32620_10m.manifest.json,20240603,20,32620,32620,1,1,100.0,1/1,9.8,237.0,ok
SAR_Ship_Chip_20240606_UTM12N_EPSG32612_10m.manifest.json,20240606,12,32612,32612,1,1,100.0,1/1,18.3,294.0,ok
SAR_Ship_Chip_20240606_UTM16N_EPSG32616_10m.manifest.json,20240606,16,32616,32616,1,1,100.0,1/1,19.0,339.0,ok
SAR_Ship_Chip_20240606_UTM19N_EPSG32619_10m.manifest.json,20240606,19,32619,32619,1,63,100.0,63/63,0.08,66.0,ok
SAR_Ship_Chip_20240606_UTM20N_EPSG32620_10m.manifest.json,20240606,20,32620,32620,1,36,100.0,36/36,0.1,120.5,ok
SAR_Ship_Chip_20240607_UTM11N_EPSG32611_10m.manifest.json,20240607,11,32611,32611,1,109,100.0,109/109,0.0,183.0,ok
SAR_Ship_Chip_20240607_UTM15N_EPSG32615_10m.manifest.json,20240607,15,32615,32615,1,107,100.0,107/107,0.0,115.0,ok
SAR_Ship_Chip_20240607_UTM17N_EPSG32617_10m.manifest.json,20240607,17,32617,32617,1,52,100.0,52/52,0.36,178.0,ok
SAR_Ship_Chip_20240607_UTM18N_EPSG32618_10m.manifest.json,20240607,18,32618,32618,1,15,100.0,15/15,14.6,189.0,ok
SAR_Ship_Chip_20240608_UTM05N_EPSG32605_10m.manifest.json,20240608,5,32605,32605,1,3,100.0,3/3,4.72,31.0,ok
SAR_Ship_Chip_20240608_UTM16N_EPSG32616_10m.manifest.json,20240608,16,32616,32616,1,79,100.0,79/79,0.01,108.0,ok
SAR_Ship_Chip_20240608_UTM17N_EPSG32617_10m.manifest.json,20240608,17,32617,32617,1,15,100.0,15/15,12.4,183.0,ok
SAR_Ship_Chip_20240609_UTM04N_EPSG32604_10m.manifest.json,20240609,4,32604,32604,1,2,100.0,2/2,0.17,118.5,ok
SAR_Ship_Chip_20240609_UTM11N_EPSG32611_10m.manifest.json,20240609,11,32611,32611,1,12,100.0,12/12,12.55,225.0,ok
SAR_Ship_Chip_20240609_UTM18N_EPSG32618_10m.manifest.json,20240609,18,32618,32618,1,163,100.0,163/163,0.07,179.0,ok
SAR_Ship_Chip_20240610_UTM09N_EPSG32609_10m.manifest.json,20240610,9,32609,32609,1,17,100.0,17/17,8.92,183.0,ok
SAR_Ship_Chip_20240610_UTM10N_EPSG32610_10m.manifest.json,20240610,10,32610,32610,1,126,100.0,126/126,1.85,180.0,ok
SAR_Ship_Chip_20240604_UTM04N_EPSG32604_10m.manifest.json,20240604,4,32604,32604,1,32,100.0,32/32,0.0,62.0,ok
SAR_Ship_Chip_20240604_UTM18N_EPSG32618_10m.manifest.json,20240604,18,32618,32618,1,184,100.0,184/184,0.06,109.5,ok
SAR_Ship_Chip_20240604_UTM19N_EPSG32619_10m.manifest.json,20240604,19,32619,32619,1,13,100.0,13/13,12.17,177.0,ok
SAR_Ship_Chip_20240604_UTM20N_EPSG32620_10m.manifest.json,20240604,20,32620,32620,1,1,100.0,1/1,19.4,367.0,ok
SAR_Ship_Chip_20240605_UTM10N_EPSG32610_10m.manifest.json,20240605,10,32610,32610,1,340,100.0,340/340,0.07,141.0,ok
SAR_Ship_Chip_20240605_UTM15N_EPSG32615_10m.manifest.json,20240605,15,32615,32615,1,350,100.0,350/350,0.03,157.5,ok
SAR_Ship_Chip_20240605_UTM17N_EPSG32617_10m.manifest.json,20240605,17,32617,32617,1,130,100.0,130/130,0.0,62.5,ok
SAR_Ship_Chip_20240606_UTM04N_EPSG32604_10m.manifest.json,20240606,4,32604,32604,1,4,100.0,4/4,5.01,182.5,ok
SAR_Ship_Chip_20240610_UTM14N_EPSG32614_10m.manifest.json,20240610,14,32614,32614,1,81,100.0,81/81,0.0,157.0,ok
SAR_Ship_Chip_20240610_UTM16N_EPSG32616_10m.manifest.json,20240610,16,32616,32616,1,32,100.0,32/32,7.15,190.5,ok
SAR_Ship_Chip_20240610_UTM17N_EPSG32617_10m.manifest.json,20240610,17,32617,32617,1,57,100.0,57/57,0.66,180.0,ok
SAR_Ship_Chip_20240611_UTM05N_EPSG32605_10m.manifest.json,20240611,5,32605,32605,1,4,100.0,4/4,8.5,71.5,ok
SAR_Ship_Chip_20240611_UTM12N_EPSG32612_10m.manifest.json,20240611,12,32612,32612,1,6,100.0,6/6,11.63,183.0,ok
SAR_Ship_Chip_20240611_UTM19N_EPSG32619_10m.manifest.json,20240611,19,32619,32619,1,35,100.0,35/35,0.1,142.0,ok
SAR_Ship_Chip_20240612_UTM10N_EPSG32610_10m.manifest.json,20240612,10,32610,32610,1,309,100.0,309/309,0.0,90.0,ok
SAR_Ship_Chip_20240612_UTM11N_EPSG32611_10m.manifest.json,20240612,11,32611,32611,1,105,100.0,105/105,0.0,185.0,ok
SAR_Ship_Chip_20240612_UTM14N_EPSG32614_10m.manifest.json,20240612,14,32614,32614,1,1,100.0,1/1,0.0,190.0,ok
SAR_Ship_Chip_20240612_UTM15N_EPSG32615_10m.manifest.json,20240612,15,32615,32615,1,444,100.0,444/444,0.0,180.0,ok
SAR_Ship_Chip_20240612_UTM17N_EPSG32617_10m.manifest.json,20240612,17,32617,32617,1,236,100.0,236/236,0.1,180.0,ok
SAR_Ship_Chip_20240612_UTM18N_EPSG32618_10m.manifest.json,20240612,18,32618,32618,1,2,100.0,2/2,17.0,231.5,ok
SAR_Ship_Chip_20240613_UTM04N_EPSG32604_10m.manifest.json,20240613,4,32604,32604,1,27,100.0,27/27,0.0,40.0,ok
SAR_Ship_Chip_20240613_UTM17N_EPSG32617_10m.manifest.json,20240613,17,32617,32617,1,12,100.0,12/12,12.75,199.0,ok
SAR_Ship_Chip_20240613_UTM19N_EPSG32619_10m.manifest.json,20240613,19,32619,32619,1,21,100.0,21/21,6.75,153.0,ok
SAR_Ship_Chip_20240613_UTM20N_EPSG32620_10m.manifest.json,20240613,20,32620,32620,1,3,100.0,3/3,7.8,289.0,ok
SAR_Ship_Chip_20240615_UTM20N_EPSG32620_10m.manifest.json,20240615,20,32620,32620,1,1,100.0,1/1,8.19,133.0,ok
SAR_Ship_Chip_20240616_UTM04N_EPSG32604_10m.manifest.json,20240616,4,32604,32604,1,32,100.0,32/32,0.0,49.5,ok
SAR_Ship_Chip_20240616_UTM11N_EPSG32611_10m.manifest.json,20240616,11,32611,32611,1,2,100.0,2/2,14.51,205.0,ok
SAR_Ship_Chip_20240616_UTM12N_EPSG32612_10m.manifest.json,20240616,12,32612,32612,1,4,100.0,4/4,13.65,266.5,ok
SAR_Ship_Chip_20240616_UTM18N_EPSG32618_10m.manifest.json,20240616,18,32618,32618,1,172,100.0,172/172,0.03,89.0,ok
SAR_Ship_Chip_20240616_UTM19N_EPSG32619_10m.manifest.json,20240616,19,32619,32619,1,14,100.0,14/14,12.21,204.5,ok
SAR_Ship_Chip_20240616_UTM20N_EPSG32620_10m.manifest.json,20240616,20,32620,32620,1,2,100.0,2/2,14.59,201.0,ok
SAR_Ship_Chip_20240617_UTM10N_EPSG32610_10m.manifest.json,20240617,10,32610,32610,1,85,100.0,85/85,0.07,179.0,ok
SAR_Ship_Chip_20240614_UTM11N_EPSG32611_10m.manifest.json,20240614,11,32611,32611,1,34,100.0,34/34,0.4,187.5,ok
SAR_Ship_Chip_20240614_UTM16N_EPSG32616_10m.manifest.json,20240614,16,32616,32616,1,297,100.0,297/297,0.0,95.0,ok
SAR_Ship_Chip_20240614_UTM17N_EPSG32617_10m.manifest.json,20240614,17,32617,32617,1,27,100.0,27/27,0.69,164.0,ok
SAR_Ship_Chip_20240614_UTM18N_EPSG32618_10m.manifest.json,20240614,18,32618,32618,1,148,100.0,148/148,0.0,106.0,ok
SAR_Ship_Chip_20240614_UTM19N_EPSG32619_10m.manifest.json,20240614,19,32619,32619,1,11,100.0,11/11,5.8,158.0,ok
SAR_Ship_Chip_20240615_UTM10N_EPSG32610_10m.manifest.json,20240615,10,32610,32610,1,325,100.0,325/325,0.0,100.0,ok
SAR_Ship_Chip_20240615_UTM16N_EPSG32616_10m.manifest.json,20240615,16,32616,32616,1,4,100.0,4/4,3.92,84.0,ok
SAR_Ship_Chip_20240615_UTM17N_EPSG32617_10m.manifest.json,20240615,17,32617,32617,1,35,100.0,35/35,10.84,200.0,ok
SAR_Ship_Chip_20240617_UTM14N_EPSG32614_10m.manifest.json,20240617,14,32614,32614,1,1,100.0,1/1,0.0,127.0,ok
SAR_Ship_Chip_20240617_UTM15N_EPSG32615_10m.manifest.json,20240617,15,32615,32615,1,239,100.0,239/239,0.0,179.0,ok
SAR_Ship_Chip_20240617_UTM17N_EPSG32617_10m.manifest.json,20240617,17,32617,32617,1,108,100.0,108/108,0.0,62.5,ok
SAR_Ship_Chip_20240618_UTM12N_EPSG32612_10m.manifest.json,20240618,12,32612,32612,1,3,100.0,3/3,14.7,200.0,ok
SAR_Ship_Chip_20240618_UTM19N_EPSG32619_10m.manifest.json,20240618,19,32619,32619,1,80,100.0,80/80,0.1,70.0,ok
SAR_Ship_Chip_20240618_UTM20N_EPSG32620_10m.manifest.json,20240618,20,32620,32620,1,29,100.0,29/29,0.02,145.0,ok
SAR_Ship_Chip_20240619_UTM11N_EPSG32611_10m.manifest.json,20240619,11,32611,32611,1,248,100.0,248/248,0.01,185.0,ok
SAR_Ship_Chip_20240619_UTM15N_EPSG32615_10m.manifest.json,20240619,15,32615,32615,1,90,100.0,90/90,0.0,100.0,ok
SAR_Ship_Chip_20240619_UTM17N_EPSG32617_10m.manifest.json,20240619,17,32617,32617,1,46,100.0,46/46,0.01,190.0,ok
SAR_Ship_Chip_20240619_UTM18N_EPSG32618_10m.manifest.json,20240619,18,32618,32618,1,4,100.0,4/4,16.65,298.5,ok
SAR_Ship_Chip_20240620_UTM05N_EPSG32605_10m.manifest.json,20240620,5,32605,32605,1,4,100.0,4/4,6.29,32.5,ok
SAR_Ship_Chip_20240620_UTM16N_EPSG32616_10m.manifest.json,20240620,16,32616,32616,1,74,100.0,74/74,0.0,146.0,ok
SAR_Ship_Chip_20240620_UTM17N_EPSG32617_10m.manifest.json,20240620,17,32617,32617,1,3,100.0,3/3,10.6,333.0,ok
SAR_Ship_Chip_20240620_UTM19N_EPSG32619_10m.manifest.json,20240620,19,32619,32619,1,6,100.0,6/6,10.0,56.5,ok
SAR_Ship_Chip_20240621_UTM04N_EPSG32604_10m.manifest.json,20240621,4,32604,32604,1,1,100.0,1/1,0.0,280.0,ok
SAR_Ship_Chip_20240621_UTM11N_EPSG32611_10m.manifest.json,20240621,11,32611,32611,1,15,100.0,15/15,15.9,210.0,ok
SAR_Ship_Chip_20240621_UTM18N_EPSG32618_10m.manifest.json,20240621,18,32618,32618,1,169,100.0,169/169,0.06,159.0,ok
SAR_Ship_Chip_20240622_UTM09N_EPSG32609_10m.manifest.json,20240622,9,32609,32609,1,35,100.0,35/35,10.0,183.0,ok
SAR_Ship_Chip_20240622_UTM10N_EPSG32610_10m.manifest.json,20240622,10,32610,32610,1,105,100.0,105/105,1.32,176.0,ok
SAR_Ship_Chip_20240622_UTM14N_EPSG32614_10m.manifest.json,20240622,14,32614,32614,1,78,100.0,78/78,0.16,157.5,ok
SAR_Ship_Chip_20240622_UTM16N_EPSG32616_10m.manifest.json,20240622,16,32616,32616,1,35,100.0,35/35,0.1,164.0,ok
SAR_Ship_Chip_20240622_UTM17N_EPSG32617_10m.manifest.json,20240622,17,32617,32617,1,54,100.0,54/54,0.02,180.0,ok
SAR_Ship_Chip_20240623_UTM18N_EPSG32618_10m.manifest.json,20240623,18,32618,32618,1,20,100.0,20/20,0.0,87.5,ok
SAR_Ship_Chip_20240623_UTM19N_EPSG32619_10m.manifest.json,20240623,19,32619,32619,1,133,100.0,133/133,0.02,76.0,ok
SAR_Ship_Chip_20240623_UTM20N_EPSG32620_10m.manifest.json,20240623,20,32620,32620,1,1,100.0,1/1,15.3,166.0,ok
SAR_Ship_Chip_20240624_UTM10N_EPSG32610_10m.manifest.json,20240624,10,32610,32610,1,16,100.0,16/16,13.46,199.0,ok
SAR_Ship_Chip_20240624_UTM11N_EPSG32611_10m.manifest.json,20240624,11,32611,32611,1,21,100.0,21/21,9.0,199.0,ok
SAR_Ship_Chip_20240624_UTM14N_EPSG32614_10m.manifest.json,20240624,14,32614,32614,1,8,100.0,8/8,0.0,193.5,ok
SAR_Ship_Chip_20240624_UTM15N_EPSG32615_10m.manifest.json,20240624,15,32615,32615,1,117,100.0,117/117,0.0,170.0,ok
SAR_Ship_Chip_20240624_UTM17N_EPSG32617_10m.manifest.json,20240624,17,32617,32617,1,235,100.0,235/235,0.57,183.0,ok
SAR_Ship_Chip_20240625_UTM04N_EPSG32604_10m.manifest.json,20240625,4,32604,32604,1,25,100.0,25/25,0.0,63.0,ok
SAR_Ship_Chip_20240625_UTM17N_EPSG32617_10m.manifest.json,20240625,17,32617,32617,1,4,100.0,4/4,16.41,275.0,ok
SAR_Ship_Chip_20240625_UTM19N_EPSG32619_10m.manifest.json,20240625,19,32619,32619,1,12,100.0,12/12,9.02,102.0,ok
SAR_Ship_Chip_20240626_UTM11N_EPSG32611_10m.manifest.json,20240626,11,32611,32611,1,41,100.0,41/41,0.08,183.0,ok
SAR_Ship_Chip_20240626_UTM17N_EPSG32617_10m.manifest.json,20240626,17,32617,32617,1,23,100.0,23/23,0.1,186.0,ok
SAR_Ship_Chip_20240626_UTM18N_EPSG32618_10m.manifest.json,20240626,18,32618,32618,1,145,100.0,145/145,0.09,146.0,ok
SAR_Ship_Chip_20240627_UTM10N_EPSG32610_10m.manifest.json,20240627,10,32610,32610,1,349,100.0,349/349,0.0,94.0,ok
SAR_Ship_Chip_20240627_UTM17N_EPSG32617_10m.manifest.json,20240627,17,32617,32617,1,29,100.0,29/29,9.5,183.0,ok
SAR_Ship_Chip_20240628_UTM18N_EPSG32618_10m.manifest.json,20240628,18,32618,32618,1,196,100.0,196/196,0.08,95.0,ok
SAR_Ship_Chip_20240628_UTM19N_EPSG32619_10m.manifest.json,20240628,19,32619,32619,1,7,100.0,7/7,12.9,183.0,ok
SAR_Ship_Chip_20240701_UTM11N_EPSG32611_10m.manifest.json,20240701,11,32611,32611,1,193,100.0,193/193,0.0,190.0,ok
SAR_Ship_Chip_20240701_UTM15N_EPSG32615_10m.manifest.json,20240701,15,32615,32615,1,151,100.0,151/151,0.06,85.0,ok
SAR_Ship_Chip_20240701_UTM17N_EPSG32617_10m.manifest.json,20240701,17,32617,32617,1,47,100.0,47/47,0.13,186.0,ok
SAR_Ship_Chip_20240701_UTM18N_EPSG32618_10m.manifest.json,20240701,18,32618,32618,1,5,100.0,5/5,13.05,189.0,ok
SAR_Ship_Chip_20240702_UTM05N_EPSG32605_10m.manifest.json,20240702,5,32605,32605,1,6,100.0,6/6,5.09,37.5,ok
SAR_Ship_Chip_20240702_UTM16N_EPSG32616_10m.manifest.json,20240702,16,32616,32616,1,83,100.0,83/83,0.0,155.0,ok
SAR_Ship_Chip_20240702_UTM17N_EPSG32617_10m.manifest.json,20240702,17,32617,32617,1,20,100.0,20/20,12.25,186.5,ok
SAR_Ship_Chip_20240702_UTM19N_EPSG32619_10m.manifest.json,20240702,19,32619,32619,1,3,100.0,3/3,13.3,133.0,ok
SAR_Ship_Chip_20240629_UTM10N_EPSG32610_10m.manifest.json,20240629,10,32610,32610,1,323,100.0,323/323,0.1,146.0,ok
SAR_Ship_Chip_20240629_UTM15N_EPSG32615_10m.manifest.json,20240629,15,32615,32615,1,269,100.0,269/269,0.0,183.0,ok
SAR_Ship_Chip_20240629_UTM16N_EPSG32616_10m.manifest.json,20240629,16,32616,32616,1,4,100.0,4/4,0.0,118.5,ok
SAR_Ship_Chip_20240629_UTM17N_EPSG32617_10m.manifest.json,20240629,17,32617,32617,1,231,100.0,231/231,0.0,78.0,ok
SAR_Ship_Chip_20240630_UTM04N_EPSG32604_10m.manifest.json,20240630,4,32604,32604,1,2,100.0,2/2,7.4,80.5,ok
SAR_Ship_Chip_20240630_UTM12N_EPSG32612_10m.manifest.json,20240630,12,32612,32612,1,4,100.0,4/4,13.83,200.0,ok
SAR_Ship_Chip_20240630_UTM19N_EPSG32619_10m.manifest.json,20240630,19,32619,32619,1,87,100.0,87/87,0.1,50.0,ok
SAR_Ship_Chip_20240630_UTM20N_EPSG32620_10m.manifest.json,20240630,20,32620,32620,1,30,100.0,30/30,0.79,156.0,ok
SAR_Ship_Chip_20240705_UTM05N_EPSG32605_10m.manifest.json,20240705,5,32605,32605,1,4,100.0,4/4,4.75,37.0,ok
SAR_Ship_Chip_20240705_UTM12N_EPSG32612_10m.manifest.json,20240705,12,32612,32612,1,9,100.0,9/9,15.8,230.0,ok
SAR_Ship_Chip_20240705_UTM19N_EPSG32619_10m.manifest.json,20240705,19,32619,32619,1,37,100.0,37/37,1.6,135.0,ok
SAR_Ship_Chip_20240705_UTM20N_EPSG32620_10m.manifest.json,20240705,20,32620,32620,1,8,100.0,8/8,1.61,177.5,ok
SAR_Ship_Chip_20240706_UTM10N_EPSG32610_10m.manifest.json,20240706,10,32610,32610,1,319,100.0,319/319,0.0,100.0,ok
SAR_Ship_Chip_20240706_UTM11N_EPSG32611_10m.manifest.json,20240706,11,32611,32611,1,98,100.0,98/98,0.08,195.5,ok
SAR_Ship_Chip_20240706_UTM14N_EPSG32614_10m.manifest.json,20240706,14,32614,32614,1,120,100.0,120/120,0.0,170.5,ok
SAR_Ship_Chip_20240706_UTM15N_EPSG32615_10m.manifest.json,20240706,15,32615,32615,1,355,100.0,355/355,0.0,176.0,ok
SAR_Ship_Chip_20240706_UTM17N_EPSG32617_10m.manifest.json,20240706,17,32617,32617,1,248,100.0,248/248,6.04,190.0,ok
SAR_Ship_Chip_20240707_UTM17N_EPSG32617_10m.manifest.json,20240707,17,32617,32617,1,17,100.0,17/17,13.8,210.0,ok
SAR_Ship_Chip_20240707_UTM19N_EPSG32619_10m.manifest.json,20240707,19,32619,32619,1,8,100.0,8/8,5.41,105.5,ok
SAR_Ship_Chip_20240707_UTM20N_EPSG32620_10m.manifest.json,20240707,20,32620,32620,1,2,100.0,2/2,16.9,155.0,ok
SAR_Ship_Chip_20240708_UTM11N_EPSG32611_10m.manifest.json,20240708,11,32611,32611,1,41,100.0,41/41,0.1,180.0,ok
SAR_Ship_Chip_20240708_UTM16N_EPSG32616_10m.manifest.json,20240708,16,32616,32616,1,311,100.0,311/311,0.0,100.0,ok
SAR_Ship_Chip_20240708_UTM17N_EPSG32617_10m.manifest.json,20240708,17,32617,32617,1,21,100.0,21/21,0.07,185.0,ok
SAR_Ship_Chip_20240708_UTM18N_EPSG32618_10m.manifest.json,20240708,18,32618,32618,1,135,100.0,135/135,0.0,166.0,ok
SAR_Ship_Chip_20240703_UTM11N_EPSG32611_10m.manifest.json,20240703,11,32611,32611,1,21,100.0,21/21,12.9,192.0,ok
SAR_Ship_Chip_20240703_UTM18N_EPSG32618_10m.manifest.json,20240703,18,32618,32618,1,164,100.0,164/164,0.03,176.0,ok
SAR_Ship_Chip_20240703_UTM19N_EPSG32619_10m.manifest.json,20240703,19,32619,32619,1,2,100.0,2/2,8.7,152.5,ok
SAR_Ship_Chip_20240704_UTM09N_EPSG32609_10m.manifest.json,20240704,9,32609,32609,1,15,100.0,15/15,10.2,183.0,ok
SAR_Ship_Chip_20240704_UTM10N_EPSG32610_10m.manifest.json,20240704,10,32610,32610,1,107,100.0,107/107,1.2,179.0,ok
SAR_Ship_Chip_20240704_UTM14N_EPSG32614_10m.manifest.json,20240704,14,32614,32614,1,73,100.0,73/73,0.0,177.0,ok
SAR_Ship_Chip_20240704_UTM16N_EPSG32616_10m.manifest.json,20240704,16,32616,32616,1,45,100.0,45/45,3.79,200.0,ok
SAR_Ship_Chip_20240704_UTM17N_EPSG32617_10m.manifest.json,20240704,17,32617,32617,1,65,100.0,65/65,8.03,177.0,ok
SAR_Ship_Chip_20240710_UTM20N_EPSG32620_10m.manifest.json,20240710,20,32620,32620,1,35,100.0,35/35,4.2,175.0,ok
SAR_Ship_Chip_20240711_UTM10N_EPSG32610_10m.manifest.json,20240711,10,32610,32610,1,50,100.0,50/50,11.1,173.5,ok
SAR_Ship_Chip_20240711_UTM14N_EPSG32614_10m.manifest.json,20240711,14,32614,32614,1,1,100.0,1/1,4.3,127.0,ok
SAR_Ship_Chip_20240711_UTM15N_EPSG32615_10m.manifest.json,20240711,15,32615,32615,1,228,100.0,228/228,0.0,177.0,ok
SAR_Ship_Chip_20240711_UTM17N_EPSG32617_10m.manifest.json,20240711,17,32617,32617,1,102,100.0,102/102,0.0,85.0,ok
SAR_Ship_Chip_20240712_UTM04N_EPSG32604_10m.manifest.json,20240712,4,32604,32604,1,2,100.0,2/2,4.43,157.0,ok
SAR_Ship_Chip_20240712_UTM19N_EPSG32619_10m.manifest.json,20240712,19,32619,32619,1,80,100.0,80/80,0.08,51.0,ok
SAR_Ship_Chip_20240712_UTM20N_EPSG32620_10m.manifest.json,20240712,20,32620,32620,1,37,100.0,37/37,0.1,160.0,ok
SAR_Ship_Chip_20240709_UTM10N_EPSG32610_10m.manifest.json,20240709,10,32610,32610,1,336,100.0,336/336,0.0,100.0,ok
SAR_Ship_Chip_20240709_UTM16N_EPSG32616_10m.manifest.json,20240709,16,32616,32616,1,8,100.0,8/8,0.0,100.0,ok
SAR_Ship_Chip_20240709_UTM17N_EPSG32617_10m.manifest.json,20240709,17,32617,32617,1,44,100.0,44/44,8.69,236.5,ok
SAR_Ship_Chip_20240709_UTM20N_EPSG32620_10m.manifest.json,20240709,20,32620,32620,1,11,100.0,11/11,6.7,124.0,ok
SAR_Ship_Chip_20240710_UTM04N_EPSG32604_10m.manifest.json,20240710,4,32604,32604,1,30,100.0,30/30,0.03,64.0,ok
SAR_Ship_Chip_20240710_UTM12N_EPSG32612_10m.manifest.json,20240710,12,32612,32612,1,4,100.0,4/4,16.48,243.5,ok
SAR_Ship_Chip_20240710_UTM18N_EPSG32618_10m.manifest.json,20240710,18,32618,32618,1,175,100.0,175/175,0.07,78.0,ok
SAR_Ship_Chip_20240710_UTM19N_EPSG32619_10m.manifest.json,20240710,19,32619,32619,1,8,100.0,8/8,12.0,159.0,ok
SAR_Ship_Chip_20240713_UTM11N_EPSG32611_10m.manifest.json,20240713,11,32611,32611,1,229,100.0,229/229,0.0,198.0,ok
SAR_Ship_Chip_20240713_UTM15N_EPSG32615_10m.manifest.json,20240713,15,32615,32615,1,96,100.0,96/96,0.0,85.0,ok
SAR_Ship_Chip_20240713_UTM17N_EPSG32617_10m.manifest.json,20240713,17,32617,32617,1,56,100.0,56/56,2.69,188.0,ok
SAR_Ship_Chip_20240713_UTM18N_EPSG32618_10m.manifest.json,20240713,18,32618,32618,1,6,100.0,6/6,10.43,189.5,ok
SAR_Ship_Chip_20240714_UTM05N_EPSG32605_10m.manifest.json,20240714,5,32605,32605,1,1,100.0,1/1,9.74,280.0,ok
SAR_Ship_Chip_20240714_UTM16N_EPSG32616_10m.manifest.json,20240714,16,32616,32616,1,57,100.0,57/57,0.0,136.0,ok
SAR_Ship_Chip_20240714_UTM17N_EPSG32617_10m.manifest.json,20240714,17,32617,32617,1,10,100.0,10/10,14.2,195.0,ok
SAR_Ship_Chip_20240714_UTM19N_EPSG32619_10m.manifest.json,20240714,19,32619,32619,1,4,100.0,4/4,13.16,39.0,ok
SAR_Ship_Chip_20240715_UTM11N_EPSG32611_10m.manifest.json,20240715,11,32611,32611,1,13,100.0,13/13,12.73,199.0,ok
SAR_Ship_Chip_20240715_UTM18N_EPSG32618_10m.manifest.json,20240715,18,32618,32618,1,160,100.0,160/160,0.1,179.5,ok
SAR_Ship_Chip_20240715_UTM19N_EPSG32619_10m.manifest.json,20240715,19,32619,32619,1,30,100.0,30/30,11.1,162.0,ok
SAR_Ship_Chip_20240716_UTM09N_EPSG32609_10m.manifest.json,20240716,9,32609,32609,1,28,100.0,28/28,5.17,140.0,ok
SAR_Ship_Chip_20240716_UTM10N_EPSG32610_10m.manifest.json,20240716,10,32610,32610,1,118,100.0,118/118,2.92,181.5,ok
SAR_Ship_Chip_20240716_UTM14N_EPSG32614_10m.manifest.json,20240716,14,32614,32614,1,77,100.0,77/77,0.0,176.0,ok
SAR_Ship_Chip_20240716_UTM16N_EPSG32616_10m.manifest.json,20240716,16,32616,32616,1,36,100.0,36/36,0.04,133.5,ok
SAR_Ship_Chip_20240716_UTM17N_EPSG32617_10m.manifest.json,20240716,17,32617,32617,1,50,100.0,50/50,0.0,160.0,ok
SAR_Ship_Chip_20240716_UTM18N_EPSG32618_10m.manifest.json,20240716,18,32618,32618,1,49,100.0,49/49,0.0,45.0,ok
SAR_Ship_Chip_20240716_UTM20N_EPSG32620_10m.manifest.json,20240716,20,32620,32620,1,1,100.0,1/1,14.14,183.0,ok
SAR_Ship_Chip_20240717_UTM05N_EPSG32605_10m.manifest.json,20240717,5,32605,32605,1,5,100.0,5/5,0.0,38.0,ok
SAR_Ship_Chip_20240717_UTM12N_EPSG32612_10m.manifest.json,20240717,12,32612,32612,1,10,100.0,10/10,13.27,226.5,ok
SAR_Ship_Chip_20240717_UTM18N_EPSG32618_10m.manifest.json,20240717,18,32618,32618,1,21,100.0,21/21,0.0,47.0,ok
SAR_Ship_Chip_20240717_UTM19N_EPSG32619_10m.manifest.json,20240717,19,32619,32619,1,139,100.0,139/139,0.02,66.0,ok
SAR_Ship_Chip_20240718_UTM10N_EPSG32610_10m.manifest.json,20240718,10,32610,32610,1,315,100.0,315/315,0.0,100.0,ok
SAR_Ship_Chip_20240718_UTM11N_EPSG32611_10m.manifest.json,20240718,11,32611,32611,1,134,100.0,134/134,0.1,197.0,ok
SAR_Ship_Chip_20240720_UTM18N_EPSG32618_10m.manifest.json,20240720,18,32618,32618,1,146,100.0,146/146,0.0,140.5,ok
SAR_Ship_Chip_20240721_UTM10N_EPSG32610_10m.manifest.json,20240721,10,32610,32610,1,307,100.0,307/307,0.0,96.0,ok
SAR_Ship_Chip_20240721_UTM16N_EPSG32616_10m.manifest.json,20240721,16,32616,32616,1,6,100.0,6/6,0.0,92.5,ok
SAR_Ship_Chip_20240721_UTM17N_EPSG32617_10m.manifest.json,20240721,17,32617,32617,1,40,100.0,40/40,4.52,189.5,ok
SAR_Ship_Chip_20240721_UTM20N_EPSG32620_10m.manifest.json,20240721,20,32620,32620,1,1,100.0,1/1,12.2,294.0,ok
SAR_Ship_Chip_20240722_UTM04N_EPSG32604_10m.manifest.json,20240722,4,32604,32604,1,35,100.0,35/35,0.0,60.0,ok
SAR_Ship_Chip_20240722_UTM12N_EPSG32612_10m.manifest.json,20240722,12,32612,32612,1,17,100.0,17/17,14.5,199.0,ok
SAR_Ship_Chip_20240722_UTM18N_EPSG32618_10m.manifest.json,20240722,18,32618,32618,1,186,100.0,186/186,0.0,97.5,ok
SAR_Ship_Chip_20240728_UTM10N_EPSG32610_10m.manifest.json,20240728,10,32610,32610,1,118,100.0,118/118,1.9,180.0,ok
SAR_Ship_Chip_20240728_UTM14N_EPSG32614_10m.manifest.json,20240728,14,32614,32614,1,65,100.0,65/65,0.0,144.0,ok
SAR_Ship_Chip_20240728_UTM16N_EPSG32616_10m.manifest.json,20240728,16,32616,32616,1,39,100.0,39/39,0.0,153.0,ok
SAR_Ship_Chip_20240728_UTM17N_EPSG32617_10m.manifest.json,20240728,17,32617,32617,1,74,100.0,74/74,0.1,181.5,ok
SAR_Ship_Chip_20240728_UTM18N_EPSG32618_10m.manifest.json,20240728,18,32618,32618,1,29,100.0,29/29,0.0,55.0,ok
SAR_Ship_Chip_20240729_UTM04N_EPSG32604_10m.manifest.json,20240729,4,32604,32604,1,3,100.0,3/3,13.98,166.0,ok
SAR_Ship_Chip_20240729_UTM05N_EPSG32605_10m.manifest.json,20240729,5,32605,32605,1,4,100.0,4/4,8.79,92.5,ok
SAR_Ship_Chip_20240729_UTM12N_EPSG32612_10m.manifest.json,20240729,12,32612,32612,1,11,100.0,11/11,13.7,199.0,ok
SAR_Ship_Chip_20240718_UTM14N_EPSG32614_10m.manifest.json,20240718,14,32614,32614,1,13,100.0,13/13,0.0,199.0,ok
SAR_Ship_Chip_20240718_UTM15N_EPSG32615_10m.manifest.json,20240718,15,32615,32615,1,502,100.0,502/502,0.0,180.0,ok
SAR_Ship_Chip_20240718_UTM17N_EPSG32617_10m.manifest.json,20240718,17,32617,32617,1,215,100.0,215/215,1.44,180.0,ok
SAR_Ship_Chip_20240719_UTM04N_EPSG32604_10m.manifest.json,20240719,4,32604,32604,1,29,100.0,29/29,0.0,68.0,ok
SAR_Ship_Chip_20240719_UTM17N_EPSG32617_10m.manifest.json,20240719,17,32617,32617,1,23,100.0,23/23,13.8,185.0,ok
SAR_Ship_Chip_20240720_UTM11N_EPSG32611_10m.manifest.json,20240720,11,32611,32611,1,40,100.0,40/40,0.01,179.0,ok
SAR_Ship_Chip_20240720_UTM16N_EPSG32616_10m.manifest.json,20240720,16,32616,32616,1,132,100.0,132/132,0.0,180.0,ok
SAR_Ship_Chip_20240720_UTM17N_EPSG32617_10m.manifest.json,20240720,17,32617,32617,1,27,100.0,27/27,0.0,190.0,ok
SAR_Ship_Chip_20240722_UTM19N_EPSG32619_10m.manifest.json,20240722,19,32619,32619,1,5,100.0,5/5,12.3,182.0,ok
SAR_Ship_Chip_20240723_UTM10N_EPSG32610_10m.manifest.json,20240723,10,32610,32610,1,327,100.0,327/327,0.1,154.0,ok
SAR_Ship_Chip_20240723_UTM15N_EPSG32615_10m.manifest.json,20240723,15,32615,32615,1,257,100.0,257/257,0.0,177.0,ok
SAR_Ship_Chip_20240723_UTM17N_EPSG32617_10m.manifest.json,20240723,17,32617,32617,1,96,100.0,96/96,0.0,55.0,ok
SAR_Ship_Chip_20240724_UTM04N_EPSG32604_10m.manifest.json,20240724,4,32604,32604,1,7,100.0,7/7,7.84,145.0,ok
SAR_Ship_Chip_20240724_UTM19N_EPSG32619_10m.manifest.json,20240724,19,32619,32619,1,94,100.0,94/94,0.01,50.0,ok
SAR_Ship_Chip_20240724_UTM20N_EPSG32620_10m.manifest.json,20240724,20,32620,32620,1,32,100.0,32/32,0.1,129.5,ok
SAR_Ship_Chip_20240725_UTM11N_EPSG32611_10m.manifest.json,20240725,11,32611,32611,1,228,100.0,228/228,0.0,199.5,ok
SAR_Ship_Chip_20240725_UTM15N_EPSG32615_10m.manifest.json,20240725,15,32615,32615,1,114,100.0,114/114,0.0,84.5,ok
SAR_Ship_Chip_20240726_UTM05N_EPSG32605_10m.manifest.json,20240726,5,32605,32605,1,5,100.0,5/5,7.0,38.0,ok
SAR_Ship_Chip_20240726_UTM16N_EPSG32616_10m.manifest.json,20240726,16,32616,32616,1,51,100.0,51/51,0.0,172.0,ok
SAR_Ship_Chip_20240727_UTM04N_EPSG32604_10m.manifest.json,20240727,4,32604,32604,1,2,100.0,2/2,4.7,157.0,ok
SAR_Ship_Chip_20240727_UTM11N_EPSG32611_10m.manifest.json,20240727,11,32611,32611,1,15,100.0,15/15,12.72,200.0,ok
SAR_Ship_Chip_20240727_UTM18N_EPSG32618_10m.manifest.json,20240727,18,32618,32618,1,157,100.0,157/157,0.0,177.0,ok
SAR_Ship_Chip_20240727_UTM19N_EPSG32619_10m.manifest.json,20240727,19,32619,32619,1,12,100.0,12/12,13.7,186.5,ok
SAR_Ship_Chip_20240728_UTM09N_EPSG32609_10m.manifest.json,20240728,9,32609,32609,1,23,100.0,23/23,11.55,183.0,ok
SAR_Ship_Chip_20240731_UTM20N_EPSG32620_10m.manifest.json,20240731,20,32620,32620,1,1,100.0,1/1,12.08,183.0,ok
SAR_Ship_Chip_20240801_UTM11N_EPSG32611_10m.manifest.json,20240801,11,32611,32611,1,33,100.0,33/33,0.1,179.0,ok
SAR_Ship_Chip_20240801_UTM16N_EPSG32616_10m.manifest.json,20240801,16,32616,32616,1,303,100.0,303/303,0.0,108.0,ok
SAR_Ship_Chip_20240801_UTM17N_EPSG32617_10m.manifest.json,20240801,17,32617,32617,1,23,100.0,23/23,0.07,157.0,ok
SAR_Ship_Chip_20240801_UTM18N_EPSG32618_10m.manifest.json,20240801,18,32618,32618,1,145,100.0,145/145,0.0,132.0,ok
SAR_Ship_Chip_20240801_UTM19N_EPSG32619_10m.manifest.json,20240801,19,32619,32619,1,2,100.0,2/2,10.7,259.5,ok
SAR_Ship_Chip_20240802_UTM10N_EPSG32610_10m.manifest.json,20240802,10,32610,32610,1,358,100.0,358/358,0.0,100.0,ok
SAR_Ship_Chip_20240802_UTM16N_EPSG32616_10m.manifest.json,20240802,16,32616,32616,1,4,100.0,4/4,5.5,108.5,ok
SAR_Ship_Chip_20240729_UTM19N_EPSG32619_10m.manifest.json,20240729,19,32619,32619,1,32,100.0,32/32,0.06,131.0,ok
SAR_Ship_Chip_20240730_UTM10N_EPSG32610_10m.manifest.json,20240730,10,32610,32610,1,321,100.0,321/321,0.0,118.0,ok
SAR_Ship_Chip_20240730_UTM11N_EPSG32611_10m.manifest.json,20240730,11,32611,32611,1,104,100.0,104/104,0.04,213.0,ok
SAR_Ship_Chip_20240730_UTM14N_EPSG32614_10m.manifest.json,20240730,14,32614,32614,1,13,100.0,13/13,0.12,199.0,ok
SAR_Ship_Chip_20240730_UTM15N_EPSG32615_10m.manifest.json,20240730,15,32615,32615,1,489,100.0,489/489,0.0,180.0,ok
SAR_Ship_Chip_20240730_UTM17N_EPSG32617_10m.manifest.json,20240730,17,32617,32617,1,210,100.0,210/210,1.12,182.0,ok
SAR_Ship_Chip_20240731_UTM04N_EPSG32604_10m.manifest.json,20240731,4,32604,32604,1,32,100.0,32/32,0.0,58.5,ok
SAR_Ship_Chip_20240731_UTM19N_EPSG32619_10m.manifest.json,20240731,19,32619,32619,1,24,100.0,24/24,5.47,159.0,ok
SAR_Ship_Chip_20240802_UTM17N_EPSG32617_10m.manifest.json,20240802,17,32617,32617,1,26,100.0,26/26,11.99,232.0,ok
SAR_Ship_Chip_20240802_UTM20N_EPSG32620_10m.manifest.json,20240802,20,32620,32620,1,8,100.0,8/8,11.41,179.0,ok
SAR_Ship_Chip_20240803_UTM04N_EPSG32604_10m.manifest.json,20240803,4,32604,32604,1,29,100.0,29/29,0.0,68.0,ok
SAR_Ship_Chip_20240803_UTM12N_EPSG32612_10m.manifest.json,20240803,12,32612,32612,1,11,100.0,11/11,15.4,232.0,ok
SAR_Ship_Chip_20240803_UTM18N_EPSG32618_10m.manifest.json,20240803,18,32618,32618,1,193,100.0,193/193,0.06,89.0,ok
SAR_Ship_Chip_20240803_UTM19N_EPSG32619_10m.manifest.json,20240803,19,32619,32619,1,6,100.0,6/6,12.3,170.5,ok
SAR_Ship_Chip_20240804_UTM10N_EPSG32610_10m.manifest.json,20240804,10,32610,32610,1,341,100.0,341/341,0.1,176.0,ok
SAR_Ship_Chip_20240804_UTM15N_EPSG32615_10m.manifest.json,20240804,15,32615,32615,1,264,100.0,264/264,0.0,180.0,ok
SAR_Ship_Chip_20240804_UTM16N_EPSG32616_10m.manifest.json,20240804,16,32616,32616,1,3,100.0,3/3,0.0,67.0,ok
SAR_Ship_Chip_20240804_UTM17N_EPSG32617_10m.manifest.json,20240804,17,32617,32617,1,221,100.0,221/221,0.0,95.0,ok
SAR_Ship_Chip_20240805_UTM04N_EPSG32604_10m.manifest.json,20240805,4,32604,32604,1,3,100.0,3/3,9.4,64.0,ok
SAR_Ship_Chip_20240805_UTM12N_EPSG32612_10m.manifest.json,20240805,12,32612,32612,1,2,100.0,2/2,13.05,163.5,ok
SAR_Ship_Chip_20240805_UTM16N_EPSG32616_10m.manifest.json,20240805,16,32616,32616,1,1,100.0,1/1,15.5,200.0,ok
SAR_Ship_Chip_20240805_UTM19N_EPSG32619_10m.manifest.json,20240805,19,32619,32619,1,98,100.0,98/98,0.1,52.0,ok
SAR_Ship_Chip_20240805_UTM20N_EPSG32620_10m.manifest.json,20240805,20,32620,32620,1,39,100.0,39/39,0.1,128.0,ok
SAR_Ship_Chip_20240806_UTM11N_EPSG32611_10m.manifest.json,20240806,11,32611,32611,1,248,100.0,248/248,0.0,199.0,ok
SAR_Ship_Chip_20240806_UTM15N_EPSG32615_10m.manifest.json,20240806,15,32615,32615,1,120,100.0,120/120,0.0,92.0,ok
SAR_Ship_Chip_20240806_UTM17N_EPSG32617_10m.manifest.json,20240806,17,32617,32617,1,31,100.0,31/31,0.1,159.0,ok
SAR_Ship_Chip_20240806_UTM18N_EPSG32618_10m.manifest.json,20240806,18,32618,32618,1,1,100.0,1/1,14.5,148.0,ok
SAR_Ship_Chip_20240807_UTM05N_EPSG32605_10m.manifest.json,20240807,5,32605,32605,1,3,100.0,3/3,9.7,210.0,ok
SAR_Ship_Chip_20240807_UTM15N_EPSG32615_10m.manifest.json,20240807,15,32615,32615,1,8,100.0,8/8,0.0,225.5,ok
SAR_Ship_Chip_20240807_UTM16N_EPSG32616_10m.manifest.json,20240807,16,32616,32616,1,57,100.0,57/57,0.0,155.0,ok
SAR_Ship_Chip_20240807_UTM17N_EPSG32617_10m.manifest.json,20240807,17,32617,32617,1,5,100.0,5/5,12.0,229.0,ok
SAR_Ship_Chip_20240807_UTM19N_EPSG32619_10m.manifest.json,20240807,19,32619,32619,1,6,100.0,6/6,5.86,119.5,ok
SAR_Ship_Chip_20240808_UTM04N_EPSG32604_10m.manifest.json,20240808,4,32604,32604,1,2,100.0,2/2,13.2,167.0,ok
SAR_Ship_Chip_20240808_UTM11N_EPSG32611_10m.manifest.json,20240808,11,32611,32611,1,5,100.0,5/5,12.86,183.0,ok
SAR_Ship_Chip_20240808_UTM18N_EPSG32618_10m.manifest.json,20240808,18,32618,32618,1,162,100.0,162/162,0.0,183.5,ok
SAR_Ship_Chip_20240808_UTM19N_EPSG32619_10m.manifest.json,20240808,19,32619,32619,1,1,100.0,1/1,10.9,179.0,ok
SAR_Ship_Chip_20240809_UTM09N_EPSG32609_10m.manifest.json,20240809,9,32609,32609,1,38,100.0,38/38,9.05,171.0,ok
SAR_Ship_Chip_20240809_UTM10N_EPSG32610_10m.manifest.json,20240809,10,32610,32610,1,130,100.0,130/130,2.27,180.0,ok
SAR_Ship_Chip_20240809_UTM16N_EPSG32616_10m.manifest.json,20240809,16,32616,32616,1,30,100.0,30/30,0.04,96.5,ok
SAR_Ship_Chip_20240809_UTM17N_EPSG32617_10m.manifest.json,20240809,17,32617,32617,1,69,100.0,69/69,0.0,177.0,ok
SAR_Ship_Chip_20240809_UTM18N_EPSG32618_10m.manifest.json,20240809,18,32618,32618,1,57,100.0,57/57,0.0,60.0,ok
SAR_Ship_Chip_20240809_UTM20N_EPSG32620_10m.manifest.json,20240809,20,32620,32620,1,1,100.0,1/1,12.55,193.0,ok
SAR_Ship_Chip_20240810_UTM05N_EPSG32605_10m.manifest.json,20240810,5,32605,32605,1,4,100.0,4/4,0.0,37.5,ok
SAR_Ship_Chip_20240810_UTM12N_EPSG32612_10m.manifest.json,20240810,12,32612,32612,1,8,100.0,8/8,15.2,230.0,ok
SAR_Ship_Chip_20240810_UTM18N_EPSG32618_10m.manifest.json,20240810,18,32618,32618,1,21,100.0,21/21,0.0,46.0,ok
SAR_Ship_Chip_20240810_UTM19N_EPSG32619_10m.manifest.json,20240810,19,32619,32619,1,162,100.0,162/162,0.0,67.5,ok
SAR_Ship_Chip_20240810_UTM20N_EPSG32620_10m.manifest.json,20240810,20,32620,32620,1,8,100.0,8/8,1.38,150.0,ok
SAR_Ship_Chip_20240811_UTM10N_EPSG32610_10m.manifest.json,20240811,10,32610,32610,1,328,100.0,328/328,0.0,113.5,ok
SAR_Ship_Chip_20240811_UTM11N_EPSG32611_10m.manifest.json,20240811,11,32611,32611,1,107,100.0,107/107,0.0,199.0,ok
SAR_Ship_Chip_20240811_UTM14N_EPSG32614_10m.manifest.json,20240811,14,32614,32614,1,9,100.0,9/9,0.0,190.0,ok
SAR_Ship_Chip_20240811_UTM15N_EPSG32615_10m.manifest.json,20240811,15,32615,32615,1,452,100.0,452/452,0.0,179.0,ok
SAR_Ship_Chip_20240811_UTM17N_EPSG32617_10m.manifest.json,20240811,17,32617,32617,1,232,100.0,232/232,0.75,194.0,ok
SAR_Ship_Chip_20240812_UTM04N_EPSG32604_10m.manifest.json,20240812,4,32604,32604,1,26,100.0,26/26,0.0,66.0,ok
SAR_Ship_Chip_20240812_UTM17N_EPSG32617_10m.manifest.json,20240812,17,32617,32617,1,10,100.0,10/10,10.07,182.5,ok
SAR_Ship_Chip_20240812_UTM19N_EPSG32619_10m.manifest.json,20240812,19,32619,32619,1,15,100.0,15/15,11.5,47.0,ok
SAR_Ship_Chip_20240813_UTM11N_EPSG32611_10m.manifest.json,20240813,11,32611,32611,1,37,100.0,37/37,0.1,183.0,ok
SAR_Ship_Chip_20240813_UTM15N_EPSG32615_10m.manifest.json,20240813,15,32615,32615,1,4,100.0,4/4,0.0,248.5,ok
SAR_Ship_Chip_20240813_UTM16N_EPSG32616_10m.manifest.json,20240813,16,32616,32616,1,302,100.0,302/302,0.0,95.0,ok
SAR_Ship_Chip_20240813_UTM17N_EPSG32617_10m.manifest.json,20240813,17,32617,32617,1,20,100.0,20/20,0.0,196.0,ok
SAR_Ship_Chip_20240813_UTM18N_EPSG32618_10m.manifest.json,20240813,18,32618,32618,1,141,100.0,141/141,0.0,180.0,ok
SAR_Ship_Chip_20240813_UTM19N_EPSG32619_10m.manifest.json,20240813,19,32619,32619,1,5,100.0,5/5,10.6,180.0,ok
SAR_Ship_Chip_20240814_UTM10N_EPSG32610_10m.manifest.json,20240814,10,32610,32610,1,352,100.0,352/352,0.0,103.0,ok
SAR_Ship_Chip_20240814_UTM16N_EPSG32616_10m.manifest.json,20240814,16,32616,32616,1,9,100.0,9/9,6.3,117.0,ok
SAR_Ship_Chip_20240814_UTM17N_EPSG32617_10m.manifest.json,20240814,17,32617,32617,1,49,100.0,49/49,9.5,209.0,ok
SAR_Ship_Chip_20240814_UTM20N_EPSG32620_10m.manifest.json,20240814,20,32620,32620,1,1,100.0,1/1,13.6,183.0,ok
SAR_Ship_Chip_20240815_UTM04N_EPSG32604_10m.manifest.json,20240815,4,32604,32604,1,27,100.0,27/27,0.0,56.0,ok
SAR_Ship_Chip_20240815_UTM11N_EPSG32611_10m.manifest.json,20240815,11,32611,32611,1,2,100.0,2/2,15.6,278.0,ok
SAR_Ship_Chip_20240815_UTM12N_EPSG32612_10m.manifest.json,20240815,12,32612,32612,1,9,100.0,9/9,11.2,189.0,ok
SAR_Ship_Chip_20240815_UTM18N_EPSG32618_10m.manifest.json,20240815,18,32618,32618,1,198,100.0,198/198,0.0,71.5,ok
SAR_Ship_Chip_20240815_UTM19N_EPSG32619_10m.manifest.json,20240815,19,32619,32619,1,29,100.0,29/29,3.64,183.0,ok
SAR_Ship_Chip_20240815_UTM20N_EPSG32620_10m.manifest.json,20240815,20,32620,32620,1,37,100.0,37/37,3.52,132.0,ok
SAR_Ship_Chip_20240816_UTM10N_EPSG32610_10m.manifest.json,20240816,10,32610,32610,1,354,100.0,354/354,0.1,170.0,ok
SAR_Ship_Chip_20240816_UTM15N_EPSG32615_10m.manifest.json,20240816,15,32615,32615,1,257,100.0,257/257,0.0,182.0,ok
SAR_Ship_Chip_20240816_UTM16N_EPSG32616_10m.manifest.json,20240816,16,32616,32616,1,4,100.0,4/4,0.1,120.5,ok
SAR_Ship_Chip_20240816_UTM17N_EPSG32617_10m.manifest.json,20240816,17,32617,32617,1,241,100.0,241/241,0.0,90.0,ok
SAR_Ship_Chip_20240817_UTM04N_EPSG32604_10m.manifest.json,20240817,4,32604,32604,1,4,100.0,4/4,10.22,100.5,ok
SAR_Ship_Chip_20240817_UTM12N_EPSG32612_10m.manifest.json,20240817,12,32612,32612,1,3,100.0,3/3,16.83,225.0,ok
SAR_Ship_Chip_20240817_UTM19N_EPSG32619_10m.manifest.json,20240817,19,32619,32619,1,85,100.0,85/85,0.15,47.0,ok
SAR_Ship_Chip_20240817_UTM20N_EPSG32620_10m.manifest.json,20240817,20,32620,32620,1,29,100.0,29/29,0.08,145.0,ok
SAR_Ship_Chip_20240818_UTM11N_EPSG32611_10m.manifest.json,20240818,11,32611,32611,1,197,100.0,197/197,0.0,199.0,ok
SAR_Ship_Chip_20240818_UTM15N_EPSG32615_10m.manifest.json,20240818,15,32615,32615,1,120,100.0,120/120,0.0,100.0,ok
SAR_Ship_Chip_20240818_UTM17N_EPSG32617_10m.manifest.json,20240818,17,32617,32617,1,49,100.0,49/49,4.37,166.0,ok
SAR_Ship_Chip_20240818_UTM18N_EPSG32618_10m.manifest.json,20240818,18,32618,32618,1,3,100.0,3/3,15.9,220.0,ok
SAR_Ship_Chip_20240819_UTM05N_EPSG32605_10m.manifest.json,20240819,5,32605,32605,1,2,100.0,2/2,0.0,158.5,ok
SAR_Ship_Chip_20240819_UTM15N_EPSG32615_10m.manifest.json,20240819,15,32615,32615,1,10,100.0,10/10,0.0,229.5,ok
SAR_Ship_Chip_20240819_UTM17N_EPSG32617_10m.manifest.json,20240819,17,32617,32617,1,2,100.0,2/2,6.05,182.5,ok
SAR_Ship_Chip_20240819_UTM19N_EPSG32619_10m.manifest.json,20240819,19,32619,32619,1,11,100.0,11/11,7.7,133.0,ok
SAR_Ship_Chip_20240820_UTM04N_EPSG32604_10m.manifest.json,20240820,4,32604,32604,1,1,100.0,1/1,6.77,33.0,ok
SAR_Ship_Chip_20240820_UTM11N_EPSG32611_10m.manifest.json,20240820,11,32611,32611,1,15,100.0,15/15,12.6,189.0,ok
SAR_Ship_Chip_20240820_UTM18N_EPSG32618_10m.manifest.json,20240820,18,32618,32618,1,143,100.0,143/143,0.0,184.0,ok
SAR_Ship_Chip_20240821_UTM09N_EPSG32609_10m.manifest.json,20240821,9,32609,32609,1,25,100.0,25/25,9.14,183.0,ok
SAR_Ship_Chip_20240821_UTM10N_EPSG32610_10m.manifest.json,20240821,10,32610,32610,1,136,100.0,136/136,1.29,180.0,ok
SAR_Ship_Chip_20240821_UTM16N_EPSG32616_10m.manifest.json,20240821,16,32616,32616,1,40,100.0,40/40,0.0,200.0,ok
SAR_Ship_Chip_20240821_UTM17N_EPSG32617_10m.manifest.json,20240821,17,32617,32617,1,71,100.0,71/71,0.03,179.0,ok
SAR_Ship_Chip_20240822_UTM04N_EPSG32604_10m.manifest.json,20240822,4,32604,32604,1,1,100.0,1/1,9.47,87.0,ok
SAR_Ship_Chip_20240822_UTM05N_EPSG32605_10m.manifest.json,20240822,5,32605,32605,1,6,100.0,6/6,4.19,35.5,ok
SAR_Ship_Chip_20240823_UTM17N_EPSG32617_10m.manifest.json,20240823,17,32617,32617,1,202,100.0,202/202,2.64,183.0,ok
SAR_Ship_Chip_20240824_UTM04N_EPSG32604_10m.manifest.json,20240824,4,32604,32604,1,27,100.0,27/27,0.0,59.0,ok
SAR_Ship_Chip_20240824_UTM17N_EPSG32617_10m.manifest.json,20240824,17,32617,32617,1,6,100.0,6/6,13.75,204.0,ok
SAR_Ship_Chip_20240824_UTM19N_EPSG32619_10m.manifest.json,20240824,19,32619,32619,1,22,100.0,22/22,8.6,51.0,ok
SAR_Ship_Chip_20240825_UTM11N_EPSG32611_10m.manifest.json,20240825,11,32611,32611,1,38,100.0,38/38,0.19,183.0,ok
SAR_Ship_Chip_20240825_UTM15N_EPSG32615_10m.manifest.json,20240825,15,32615,32615,1,4,100.0,4/4,0.01,230.0,ok
SAR_Ship_Chip_20240825_UTM16N_EPSG32616_10m.manifest.json,20240825,16,32616,32616,1,293,100.0,293/293,0.0,108.0,ok
SAR_Ship_Chip_20240825_UTM19N_EPSG32619_10m.manifest.json,20240825,19,32619,32619,1,3,100.0,3/3,2.2,178.0,ok
SAR_Ship_Chip_20240822_UTM12N_EPSG32612_10m.manifest.json,20240822,12,32612,32612,1,6,100.0,6/6,12.7,199.5,ok
SAR_Ship_Chip_20240822_UTM18N_EPSG32618_10m.manifest.json,20240822,18,32618,32618,1,18,100.0,18/18,0.0,40.0,ok
SAR_Ship_Chip_20240822_UTM19N_EPSG32619_10m.manifest.json,20240822,19,32619,32619,1,148,100.0,148/148,0.08,56.5,ok
SAR_Ship_Chip_20240822_UTM20N_EPSG32620_10m.manifest.json,20240822,20,32620,32620,1,3,100.0,3/3,1.32,127.0,ok
SAR_Ship_Chip_20240823_UTM10N_EPSG32610_10m.manifest.json,20240823,10,32610,32610,1,327,100.0,327/327,0.0,124.0,ok
SAR_Ship_Chip_20240823_UTM11N_EPSG32611_10m.manifest.json,20240823,11,32611,32611,1,122,100.0,122/122,0.0,189.0,ok
SAR_Ship_Chip_20240823_UTM14N_EPSG32614_10m.manifest.json,20240823,14,32614,32614,1,16,100.0,16/16,0.1,194.0,ok
SAR_Ship_Chip_20240823_UTM15N_EPSG32615_10m.manifest.json,20240823,15,32615,32615,1,111,100.0,111/111,0.0,174.0,ok
SAR_Ship_Chip_20240826_UTM10N_EPSG32610_10m.manifest.json,20240826,10,32610,32610,1,363,100.0,363/363,0.0,100.0,ok
SAR_Ship_Chip_20240826_UTM16N_EPSG32616_10m.manifest.json,20240826,16,32616,32616,1,7,100.0,7/7,0.01,100.0,ok
SAR_Ship_Chip_20240826_UTM17N_EPSG32617_10m.manifest.json,20240826,17,32617,32617,1,27,100.0,27/27,10.2,183.0,ok
SAR_Ship_Chip_20240826_UTM20N_EPSG32620_10m.manifest.json,20240826,20,32620,32620,1,13,100.0,13/13,5.07,46.0,ok
SAR_Ship_Chip_20240827_UTM04N_EPSG32604_10m.manifest.json,20240827,4,32604,32604,1,28,100.0,28/28,0.0,56.5,ok
SAR_Ship_Chip_20240827_UTM11N_EPSG32611_10m.manifest.json,20240827,11,32611,32611,1,2,100.0,2/2,13.92,172.0,ok
SAR_Ship_Chip_20240827_UTM12N_EPSG32612_10m.manifest.json,20240827,12,32612,32612,1,11,100.0,11/11,13.55,190.0,ok
SAR_Ship_Chip_20240827_UTM18N_EPSG32618_10m.manifest.json,20240827,18,32618,32618,1,192,100.0,192/192,0.08,86.0,ok
SAR_Ship_Chip_20240829_UTM19N_EPSG32619_10m.manifest.json,20240829,19,32619,32619,1,101,100.0,101/101,0.1,67.0,ok
SAR_Ship_Chip_20240829_UTM20N_EPSG32620_10m.manifest.json,20240829,20,32620,32620,1,30,100.0,30/30,5.97,110.5,ok
SAR_Ship_Chip_20240830_UTM11N_EPSG32611_10m.manifest.json,20240830,11,32611,32611,1,222,100.0,222/222,0.0,189.5,ok
SAR_Ship_Chip_20240830_UTM15N_EPSG32615_10m.manifest.json,20240830,15,32615,32615,1,96,100.0,96/96,0.05,85.0,ok
SAR_Ship_Chip_20240830_UTM17N_EPSG32617_10m.manifest.json,20240830,17,32617,32617,1,45,100.0,45/45,0.01,190.0,ok
SAR_Ship_Chip_20240830_UTM18N_EPSG32618_10m.manifest.json,20240830,18,32618,32618,1,4,100.0,4/4,16.36,317.5,ok
SAR_Ship_Chip_20240831_UTM05N_EPSG32605_10m.manifest.json,20240831,5,32605,32605,1,1,100.0,1/1,10.29,37.0,ok
SAR_Ship_Chip_20240831_UTM15N_EPSG32615_10m.manifest.json,20240831,15,32615,32615,1,17,100.0,17/17,0.1,222.0,ok
SAR_Ship_Chip_20240902_UTM16N_EPSG32616_10m.manifest.json,20240902,16,32616,32616,1,45,100.0,45/45,0.02,191.0,ok
SAR_Ship_Chip_20240902_UTM17N_EPSG32617_10m.manifest.json,20240902,17,32617,32617,1,67,100.0,67/67,0.07,179.0,ok
SAR_Ship_Chip_20240902_UTM18N_EPSG32618_10m.manifest.json,20240902,18,32618,32618,1,49,100.0,49/49,0.0,51.0,ok
SAR_Ship_Chip_20240903_UTM05N_EPSG32605_10m.manifest.json,20240903,5,32605,32605,1,4,100.0,4/4,8.13,62.5,ok
SAR_Ship_Chip_20240903_UTM12N_EPSG32612_10m.manifest.json,20240903,12,32612,32612,1,10,100.0,10/10,12.86,228.5,ok
SAR_Ship_Chip_20240903_UTM18N_EPSG32618_10m.manifest.json,20240903,18,32618,32618,1,24,100.0,24/24,0.0,52.5,ok
SAR_Ship_Chip_20240903_UTM19N_EPSG32619_10m.manifest.json,20240903,19,32619,32619,1,136,100.0,136/136,0.0,63.5,ok
SAR_Ship_Chip_20240903_UTM20N_EPSG32620_10m.manifest.json,20240903,20,32620,32620,1,4,100.0,4/4,6.32,158.5,ok
SAR_Ship_Chip_20240831_UTM16N_EPSG32616_10m.manifest.json,20240831,16,32616,32616,1,78,100.0,78/78,0.0,128.0,ok
SAR_Ship_Chip_20240831_UTM17N_EPSG32617_10m.manifest.json,20240831,17,32617,32617,1,8,100.0,8/8,12.21,218.0,ok
SAR_Ship_Chip_20240831_UTM19N_EPSG32619_10m.manifest.json,20240831,19,32619,32619,1,15,100.0,15/15,3.98,46.0,ok
SAR_Ship_Chip_20240901_UTM11N_EPSG32611_10m.manifest.json,20240901,11,32611,32611,1,16,100.0,16/16,15.15,199.5,ok
SAR_Ship_Chip_20240901_UTM18N_EPSG32618_10m.manifest.json,20240901,18,32618,32618,1,155,100.0,155/155,0.19,161.0,ok
SAR_Ship_Chip_20240902_UTM09N_EPSG32609_10m.manifest.json,20240902,9,32609,32609,1,28,100.0,28/28,5.54,180.0,ok
SAR_Ship_Chip_20240902_UTM10N_EPSG32610_10m.manifest.json,20240902,10,32610,32610,1,122,100.0,122/122,0.87,181.0,ok
SAR_Ship_Chip_20240902_UTM14N_EPSG32614_10m.manifest.json,20240902,14,32614,32614,1,86,100.0,86/86,0.0,181.0,ok
SAR_Ship_Chip_20240827_UTM19N_EPSG32619_10m.manifest.json,20240827,19,32619,32619,1,9,100.0,9/9,11.91,179.0,ok
SAR_Ship_Chip_20240827_UTM20N_EPSG32620_10m.manifest.json,20240827,20,32620,32620,1,38,100.0,38/38,1.25,142.0,ok
SAR_Ship_Chip_20240828_UTM10N_EPSG32610_10m.manifest.json,20240828,10,32610,32610,1,307,100.0,307/307,0.1,151.0,ok
SAR_Ship_Chip_20240828_UTM15N_EPSG32615_10m.manifest.json,20240828,15,32615,32615,1,235,100.0,235/235,0.0,182.0,ok
SAR_Ship_Chip_20240828_UTM16N_EPSG32616_10m.manifest.json,20240828,16,32616,32616,1,3,100.0,3/3,0.0,213.0,ok
SAR_Ship_Chip_20240828_UTM17N_EPSG32617_10m.manifest.json,20240828,17,32617,32617,1,221,100.0,221/221,0.0,71.0,ok
SAR_Ship_Chip_20240829_UTM04N_EPSG32604_10m.manifest.json,20240829,4,32604,32604,1,2,100.0,2/2,13.55,243.0,ok
SAR_Ship_Chip_20240829_UTM12N_EPSG32612_10m.manifest.json,20240829,12,32612,32612,1,1,100.0,1/1,11.6,190.0,ok
SAR_Ship_Chip_20240907_UTM16N_EPSG32616_10m.manifest.json,20240907,16,32616,32616,1,6,100.0,6/6,0.03,173.0,ok
SAR_Ship_Chip_20240907_UTM17N_EPSG32617_10m.manifest.json,20240907,17,32617,32617,1,29,100.0,29/29,11.2,183.0,ok
SAR_Ship_Chip_20240907_UTM20N_EPSG32620_10m.manifest.json,20240907,20,32620,32620,1,5,100.0,5/5,9.2,180.0,ok
SAR_Ship_Chip_20240908_UTM04N_EPSG32604_10m.manifest.json,20240908,4,32604,32604,1,33,100.0,33/33,0.0,59.0,ok
SAR_Ship_Chip_20240908_UTM12N_EPSG32612_10m.manifest.json,20240908,12,32612,32612,1,5,100.0,5/5,12.41,293.0,ok
SAR_Ship_Chip_20240908_UTM18N_EPSG32618_10m.manifest.json,20240908,18,32618,32618,1,184,100.0,184/184,0.0,60.5,ok
SAR_Ship_Chip_20240908_UTM19N_EPSG32619_10m.manifest.json,20240908,19,32619,32619,1,3,100.0,3/3,12.59,199.0,ok
SAR_Ship_Chip_20240908_UTM20N_EPSG32620_10m.manifest.json,20240908,20,32620,32620,1,34,100.0,34/34,0.0,120.5,ok
SAR_Ship_Chip_20240904_UTM10N_EPSG32610_10m.manifest.json,20240904,10,32610,32610,1,324,100.0,324/324,0.0,117.0,ok
SAR_Ship_Chip_20240904_UTM11N_EPSG32611_10m.manifest.json,20240904,11,32611,32611,1,109,100.0,109/109,0.0,199.0,ok
SAR_Ship_Chip_20240904_UTM14N_EPSG32614_10m.manifest.json,20240904,14,32614,32614,1,15,100.0,15/15,0.0,190.0,ok
SAR_Ship_Chip_20240904_UTM15N_EPSG32615_10m.manifest.json,20240904,15,32615,32615,1,475,100.0,475/475,0.0,180.0,ok
SAR_Ship_Chip_20240904_UTM17N_EPSG32617_10m.manifest.json,20240904,17,32617,32617,1,212,100.0,212/212,0.39,183.0,ok
SAR_Ship_Chip_20240905_UTM04N_EPSG32604_10m.manifest.json,20240905,4,32604,32604,1,27,100.0,27/27,0.0,56.0,ok
SAR_Ship_Chip_20240905_UTM17N_EPSG32617_10m.manifest.json,20240905,17,32617,32617,1,14,100.0,14/14,12.35,198.0,ok
SAR_Ship_Chip_20240905_UTM19N_EPSG32619_10m.manifest.json,20240905,19,32619,32619,1,17,100.0,17/17,5.1,50.0,ok
SAR_Ship_Chip_20240905_UTM20N_EPSG32620_10m.manifest.json,20240905,20,32620,32620,1,1,100.0,1/1,17.45,362.0,ok
SAR_Ship_Chip_20240906_UTM11N_EPSG32611_10m.manifest.json,20240906,11,32611,32611,1,39,100.0,39/39,1.83,183.0,ok
SAR_Ship_Chip_20240906_UTM15N_EPSG32615_10m.manifest.json,20240906,15,32615,32615,1,9,100.0,9/9,0.0,200.0,ok
SAR_Ship_Chip_20240906_UTM16N_EPSG32616_10m.manifest.json,20240906,16,32616,32616,1,323,100.0,323/323,0.0,119.0,ok
SAR_Ship_Chip_20240906_UTM17N_EPSG32617_10m.manifest.json,20240906,17,32617,32617,1,11,100.0,11/11,5.9,223.0,ok
SAR_Ship_Chip_20240906_UTM18N_EPSG32618_10m.manifest.json,20240906,18,32618,32618,1,142,100.0,142/142,0.0,132.5,ok
SAR_Ship_Chip_20240906_UTM19N_EPSG32619_10m.manifest.json,20240906,19,32619,32619,1,2,100.0,2/2,11.05,200.0,ok
SAR_Ship_Chip_20240907_UTM10N_EPSG32610_10m.manifest.json,20240907,10,32610,32610,1,361,100.0,361/361,0.0,110.0,ok
SAR_Ship_Chip_20240909_UTM10N_EPSG32610_10m.manifest.json,20240909,10,32610,32610,1,370,100.0,370/370,0.1,169.5,ok
SAR_Ship_Chip_20240909_UTM14N_EPSG32614_10m.manifest.json,20240909,14,32614,32614,1,1,100.0,1/1,0.0,127.0,ok
SAR_Ship_Chip_20240909_UTM15N_EPSG32615_10m.manifest.json,20240909,15,32615,32615,1,249,100.0,249/249,0.0,180.0,ok
SAR_Ship_Chip_20240909_UTM16N_EPSG32616_10m.manifest.json,20240909,16,32616,32616,1,2,100.0,2/2,2.83,60.0,ok
SAR_Ship_Chip_20240909_UTM17N_EPSG32617_10m.manifest.json,20240909,17,32617,32617,1,247,100.0,247/247,0.0,75.0,ok
SAR_Ship_Chip_20240910_UTM04N_EPSG32604_10m.manifest.json,20240910,4,32604,32604,1,2,100.0,2/2,6.6,54.0,ok
SAR_Ship_Chip_20240910_UTM19N_EPSG32619_10m.manifest.json,20240910,19,32619,32619,1,84,100.0,84/84,0.1,59.0,ok
SAR_Ship_Chip_20240910_UTM20N_EPSG32620_10m.manifest.json,20240910,20,32620,32620,1,30,100.0,30/30,0.09,95.5,ok
SAR_Ship_Chip_20240911_UTM11N_EPSG32611_10m.manifest.json,20240911,11,32611,32611,1,217,100.0,217/217,0.0,199.0,ok
SAR_Ship_Chip_20240911_UTM15N_EPSG32615_10m.manifest.json,20240911,15,32615,32615,1,79,100.0,79/79,0.0,79.0,ok
SAR_Ship_Chip_20240911_UTM17N_EPSG32617_10m.manifest.json,20240911,17,32617,32617,1,43,100.0,43/43,0.45,186.0,ok
SAR_Ship_Chip_20240911_UTM18N_EPSG32618_10m.manifest.json,20240911,18,32618,32618,1,1,100.0,1/1,15.18,183.0,ok
SAR_Ship_Chip_20240912_UTM05N_EPSG32605_10m.manifest.json,20240912,5,32605,32605,1,3,100.0,3/3,5.5,34.0,ok
SAR_Ship_Chip_20240912_UTM15N_EPSG32615_10m.manifest.json,20240912,15,32615,32615,1,6,100.0,6/6,0.0,305.0,ok
SAR_Ship_Chip_20240912_UTM16N_EPSG32616_10m.manifest.json,20240912,16,32616,32616,1,89,100.0,89/89,0.0,109.0,ok
SAR_Ship_Chip_20240912_UTM17N_EPSG32617_10m.manifest.json,20240912,17,32617,32617,1,12,100.0,12/12,14.07,194.5,ok
SAR_Ship_Chip_20240912_UTM19N_EPSG32619_10m.manifest.json,20240912,19,32619,32619,1,26,100.0,26/26,0.37,45.0,ok
SAR_Ship_Chip_20240913_UTM04N_EPSG32604_10m.manifest.json,20240913,4,32604,32604,1,1,100.0,1/1,0.0,280.0,ok
SAR_Ship_Chip_20240913_UTM11N_EPSG32611_10m.manifest.json,20240913,11,32611,32611,1,17,100.0,17/17,12.6,204.0,ok
SAR_Ship_Chip_20240913_UTM18N_EPSG32618_10m.manifest.json,20240913,18,32618,32618,1,163,100.0,163/163,0.07,180.0,ok
SAR_Ship_Chip_20240914_UTM09N_EPSG32609_10m.manifest.json,20240914,9,32609,32609,1,7,100.0,7/7,1.5,229.0,ok
SAR_Ship_Chip_20240914_UTM10N_EPSG32610_10m.manifest.json,20240914,10,32610,32610,1,101,100.0,101/101,1.3,180.0,ok
SAR_Ship_Chip_20240914_UTM14N_EPSG32614_10m.manifest.json,20240914,14,32614,32614,1,68,100.0,68/68,0.0,183.0,ok
SAR_Ship_Chip_20240914_UTM16N_EPSG32616_10m.manifest.json,20240914,16,32616,32616,1,43,100.0,43/43,0.0,190.0,ok
SAR_Ship_Chip_20240914_UTM17N_EPSG32617_10m.manifest.json,20240914,17,32617,32617,1,65,100.0,65/65,1.15,183.0,ok
SAR_Ship_Chip_20240914_UTM18N_EPSG32618_10m.manifest.json,20240914,18,32618,32618,1,1,100.0,1/1,2.5,261.0,ok
SAR_Ship_Chip_20240914_UTM20N_EPSG32620_10m.manifest.json,20240914,20,32620,32620,1,1,100.0,1/1,16.3,168.0,ok
SAR_Ship_Chip_20240915_UTM04N_EPSG32604_10m.manifest.json,20240915,4,32604,32604,1,1,100.0,1/1,0.61,87.0,ok
SAR_Ship_Chip_20240915_UTM05N_EPSG32605_10m.manifest.json,20240915,5,32605,32605,1,2,100.0,2/2,10.45,52.5,ok
SAR_Ship_Chip_20240915_UTM12N_EPSG32612_10m.manifest.json,20240915,12,32612,32612,1,3,100.0,3/3,17.2,304.0,ok
SAR_Ship_Chip_20240915_UTM18N_EPSG32618_10m.manifest.json,20240915,18,32618,32618,1,18,100.0,18/18,0.0,42.0,ok
SAR_Ship_Chip_20240915_UTM19N_EPSG32619_10m.manifest.json,20240915,19,32619,32619,1,138,100.0,138/138,0.1,76.0,ok
SAR_Ship_Chip_20240915_UTM20N_EPSG32620_10m.manifest.json,20240915,20,32620,32620,1,7,100.0,7/7,0.9,127.0,ok
SAR_Ship_Chip_20240916_UTM10N_EPSG32610_10m.manifest.json,20240916,10,32610,32610,1,301,100.0,301/301,0.0,96.0,ok
SAR_Ship_Chip_20240916_UTM11N_EPSG32611_10m.manifest.json,20240916,11,32611,32611,1,110,100.0,110/110,0.1,199.0,ok
SAR_Ship_Chip_20240916_UTM14N_EPSG32614_10m.manifest.json,20240916,14,32614,32614,1,15,100.0,15/15,0.0,196.0,ok
SAR_Ship_Chip_20240916_UTM15N_EPSG32615_10m.manifest.json,20240916,15,32615,32615,1,526,100.0,526/526,0.0,181.0,ok
SAR_Ship_Chip_20240916_UTM17N_EPSG32617_10m.manifest.json,20240916,17,32617,32617,1,211,100.0,211/211,0.3,164.0,ok
SAR_Ship_Chip_20240917_UTM04N_EPSG32604_10m.manifest.json,20240917,4,32604,32604,1,24,100.0,24/24,0.0,57.5,ok
SAR_Ship_Chip_20240917_UTM17N_EPSG32617_10m.manifest.json,20240917,17,32617,32617,1,16,100.0,16/16,12.1,190.0,ok
SAR_Ship_Chip_20240919_UTM17N_EPSG32617_10m.manifest.json,20240919,17,32617,32617,1,48,100.0,48/48,7.69,210.0,ok
SAR_Ship_Chip_20240919_UTM20N_EPSG32620_10m.manifest.json,20240919,20,32620,32620,1,7,100.0,7/7,16.4,199.0,ok
SAR_Ship_Chip_20240920_UTM04N_EPSG32604_10m.manifest.json,20240920,4,32604,32604,1,30,100.0,30/30,0.0,66.0,ok
SAR_Ship_Chip_20240920_UTM19N_EPSG32619_10m.manifest.json,20240920,19,32619,32619,1,14,100.0,14/14,11.61,194.0,ok
SAR_Ship_Chip_20240920_UTM20N_EPSG32620_10m.manifest.json,20240920,20,32620,32620,1,31,100.0,31/31,0.75,124.0,ok
SAR_Ship_Chip_20240921_UTM10N_EPSG32610_10m.manifest.json,20240921,10,32610,32610,1,336,100.0,336/336,0.05,160.0,ok
SAR_Ship_Chip_20240921_UTM14N_EPSG32614_10m.manifest.json,20240921,14,32614,32614,1,1,100.0,1/1,0.0,127.0,ok
SAR_Ship_Chip_20240921_UTM15N_EPSG32615_10m.manifest.json,20240921,15,32615,32615,1,247,100.0,247/247,0.0,180.0,ok
SAR_Ship_Chip_20240917_UTM19N_EPSG32619_10m.manifest.json,20240917,19,32619,32619,1,27,100.0,27/27,5.54,85.0,ok
SAR_Ship_Chip_20240917_UTM20N_EPSG32620_10m.manifest.json,20240917,20,32620,32620,1,5,100.0,5/5,13.7,160.0,ok
SAR_Ship_Chip_20240918_UTM11N_EPSG32611_10m.manifest.json,20240918,11,32611,32611,1,43,100.0,43/43,0.1,179.0,ok
SAR_Ship_Chip_20240918_UTM16N_EPSG32616_10m.manifest.json,20240918,16,32616,32616,1,362,100.0,362/362,0.0,160.0,ok
SAR_Ship_Chip_20240918_UTM17N_EPSG32617_10m.manifest.json,20240918,17,32617,32617,1,19,100.0,19/19,0.0,185.0,ok
SAR_Ship_Chip_20240918_UTM18N_EPSG32618_10m.manifest.json,20240918,18,32618,32618,1,143,100.0,143/143,0.0,143.0,ok
SAR_Ship_Chip_20240919_UTM10N_EPSG32610_10m.manifest.json,20240919,10,32610,32610,1,363,100.0,363/363,0.0,100.0,ok
SAR_Ship_Chip_20240919_UTM16N_EPSG32616_10m.manifest.json,20240919,16,32616,32616,1,7,100.0,7/7,0.0,68.0,ok
SAR_Ship_Chip_20240923_UTM17N_EPSG32617_10m.manifest.json,20240923,17,32617,32617,1,50,100.0,50/50,0.23,180.0,ok
SAR_Ship_Chip_20240923_UTM18N_EPSG32618_10m.manifest.json,20240923,18,32618,32618,1,4,100.0,4/4,12.18,242.0,ok
SAR_Ship_Chip_20240924_UTM15N_EPSG32615_10m.manifest.json,20240924,15,32615,32615,1,10,100.0,10/10,0.0,182.5,ok
SAR_Ship_Chip_20240924_UTM16N_EPSG32616_10m.manifest.json,20240924,16,32616,32616,1,70,100.0,70/70,0.0,148.5,ok
SAR_Ship_Chip_20240924_UTM17N_EPSG32617_10m.manifest.json,20240924,17,32617,32617,1,6,100.0,6/6,15.65,229.0,ok
SAR_Ship_Chip_20240924_UTM19N_EPSG32619_10m.manifest.json,20240924,19,32619,32619,1,3,100.0,3/3,7.2,133.0,ok
SAR_Ship_Chip_20240925_UTM04N_EPSG32604_10m.manifest.json,20240925,4,32604,32604,1,1,100.0,1/1,7.86,37.0,ok
SAR_Ship_Chip_20240925_UTM11N_EPSG32611_10m.manifest.json,20240925,11,32611,32611,1,18,100.0,18/18,13.8,195.5,ok
SAR_Ship_Chip_20240925_UTM18N_EPSG32618_10m.manifest.json,20240925,18,32618,32618,1,143,100.0,143/143,0.0,180.0,ok
SAR_Ship_Chip_20240926_UTM09N_EPSG32609_10m.manifest.json,20240926,9,32609,32609,1,23,100.0,23/23,8.5,114.0,ok
SAR_Ship_Chip_20240926_UTM10N_EPSG32610_10m.manifest.json,20240926,10,32610,32610,1,122,100.0,122/122,0.2,179.5,ok
SAR_Ship_Chip_20240926_UTM14N_EPSG32614_10m.manifest.json,20240926,14,32614,32614,1,84,100.0,84/84,0.0,183.0,ok
SAR_Ship_Chip_20240926_UTM16N_EPSG32616_10m.manifest.json,20240926,16,32616,32616,1,52,100.0,52/52,0.0,190.5,ok
SAR_Ship_Chip_20240926_UTM17N_EPSG32617_10m.manifest.json,20240926,17,32617,32617,1,25,100.0,25/25,0.0,47.0,ok
SAR_Ship_Chip_20240927_UTM04N_EPSG32604_10m.manifest.json,20240927,4,32604,32604,1,1,100.0,1/1,1.2,230.0,ok
SAR_Ship_Chip_20240927_UTM05N_EPSG32605_10m.manifest.json,20240927,5,32605,32605,1,4,100.0,4/4,4.41,34.5,ok
SAR_Ship_Chip_20240927_UTM12N_EPSG32612_10m.manifest.json,20240927,12,32612,32612,1,8,100.0,8/8,11.3,239.0,ok
SAR_Ship_Chip_20240927_UTM18N_EPSG32618_10m.manifest.json,20240927,18,32618,32618,1,21,100.0,21/21,0.0,67.0,ok
SAR_Ship_Chip_20240927_UTM19N_EPSG32619_10m.manifest.json,20240927,19,32619,32619,1,138,100.0,138/138,0.1,71.5,ok
SAR_Ship_Chip_20240927_UTM20N_EPSG32620_10m.manifest.json,20240927,20,32620,32620,1,2,100.0,2/2,7.95,114.5,ok
SAR_Ship_Chip_20240928_UTM10N_EPSG32610_10m.manifest.json,20240928,10,32610,32610,1,350,100.0,350/350,0.0,95.5,ok
SAR_Ship_Chip_20240928_UTM11N_EPSG32611_10m.manifest.json,20240928,11,32611,32611,1,103,100.0,103/103,0.0,183.0,ok
SAR_Ship_Chip_20240928_UTM14N_EPSG32614_10m.manifest.json,20240928,14,32614,32614,1,11,100.0,11/11,0.03,190.0,ok
SAR_Ship_Chip_20240928_UTM15N_EPSG32615_10m.manifest.json,20240928,15,32615,32615,1,121,100.0,121/121,0.0,158.0,ok
SAR_Ship_Chip_20240928_UTM17N_EPSG32617_10m.manifest.json,20240928,17,32617,32617,1,269,100.0,269/269,0.8,183.0,ok
SAR_Ship_Chip_20240929_UTM04N_EPSG32604_10m.manifest.json,20240929,4,32604,32604,1,32,100.0,32/32,0.0,69.5,ok
SAR_Ship_Chip_20240929_UTM17N_EPSG32617_10m.manifest.json,20240929,17,32617,32617,1,10,100.0,10/10,10.74,184.5,ok
SAR_Ship_Chip_20240929_UTM19N_EPSG32619_10m.manifest.json,20240929,19,32619,32619,1,18,100.0,18/18,7.03,165.5,ok
SAR_Ship_Chip_20240929_UTM20N_EPSG32620_10m.manifest.json,20240929,20,32620,32620,1,3,100.0,3/3,16.5,150.0,ok
SAR_Ship_Chip_20240930_UTM11N_EPSG32611_10m.manifest.json,20240930,11,32611,32611,1,37,100.0,37/37,0.0,181.0,ok
SAR_Ship_Chip_20240930_UTM15N_EPSG32615_10m.manifest.json,20240930,15,32615,32615,1,4,100.0,4/4,0.0,146.5,ok
SAR_Ship_Chip_20240930_UTM16N_EPSG32616_10m.manifest.json,20240930,16,32616,32616,1,394,100.0,394/394,0.0,131.5,ok
SAR_Ship_Chip_20240921_UTM16N_EPSG32616_10m.manifest.json,20240921,16,32616,32616,1,3,100.0,3/3,0.0,225.0,ok
SAR_Ship_Chip_20240921_UTM17N_EPSG32617_10m.manifest.json,20240921,17,32617,32617,1,260,100.0,260/260,0.0,57.0,ok
SAR_Ship_Chip_20240922_UTM04N_EPSG32604_10m.manifest.json,20240922,4,32604,32604,1,3,100.0,3/3,4.74,36.0,ok
SAR_Ship_Chip_20240922_UTM12N_EPSG32612_10m.manifest.json,20240922,12,32612,32612,1,1,100.0,1/1,13.9,174.0,ok
SAR_Ship_Chip_20240922_UTM19N_EPSG32619_10m.manifest.json,20240922,19,32619,32619,1,50,100.0,50/50,0.0,71.5,ok
SAR_Ship_Chip_20240922_UTM20N_EPSG32620_10m.manifest.json,20240922,20,32620,32620,1,28,100.0,28/28,0.42,156.5,ok
SAR_Ship_Chip_20240923_UTM11N_EPSG32611_10m.manifest.json,20240923,11,32611,32611,1,221,100.0,221/221,0.0,186.0,ok
SAR_Ship_Chip_20240923_UTM15N_EPSG32615_10m.manifest.json,20240923,15,32615,32615,1,132,100.0,132/132,0.0,115.0,ok
SAR_Ship_Chip_20240930_UTM17N_EPSG32617_10m.manifest.json,20240930,17,32617,32617,1,27,100.0,27/27,0.03,164.0,ok
SAR_Ship_Chip_20240930_UTM18N_EPSG32618_10m.manifest.json,20240930,18,32618,32618,1,126,100.0,126/126,0.05,180.0,ok
SAR_Ship_Chip_20240930_UTM19N_EPSG32619_10m.manifest.json,20240930,19,32619,32619,1,6,100.0,6/6,13.05,173.5,ok
SAR_Ship_Chip_20241001_UTM10N_EPSG32610_10m.manifest.json,20241001,10,32610,32610,1,383,100.0,383/383,0.0,92.0,ok
SAR_Ship_Chip_20241001_UTM14N_EPSG32614_10m.manifest.json,20241001,14,32614,32614,1,3,100.0,3/3,0.0,199.0,ok
SAR_Ship_Chip_20241001_UTM16N_EPSG32616_10m.manifest.json,20241001,16,32616,32616,1,9,100.0,9/9,0.08,42.0,ok
SAR_Ship_Chip_20241001_UTM17N_EPSG32617_10m.manifest.json,20241001,17,32617,32617,1,51,100.0,51/51,9.2,224.0,ok
SAR_Ship_Chip_20241002_UTM04N_EPSG32604_10m.manifest.json,20241002,4,32604,32604,1,28,100.0,28/28,0.0,86.5,ok
SAR_Ship_Chip_20241004_UTM04N_EPSG32604_10m.manifest.json,20241004,4,32604,32604,1,2,100.0,2/2,3.05,157.0,ok
SAR_Ship_Chip_20241004_UTM05N_EPSG32605_10m.manifest.json,20241004,5,32605,32605,1,1,100.0,1/1,20.81,293.0,ok
SAR_Ship_Chip_20241004_UTM12N_EPSG32612_10m.manifest.json,20241004,12,32612,32612,1,2,100.0,2/2,12.6,241.0,ok
SAR_Ship_Chip_20241004_UTM19N_EPSG32619_10m.manifest.json,20241004,19,32619,32619,1,86,100.0,86/86,0.09,76.0,ok
SAR_Ship_Chip_20241004_UTM20N_EPSG32620_10m.manifest.json,20241004,20,32620,32620,1,30,100.0,30/30,0.0,154.5,ok
SAR_Ship_Chip_20241005_UTM11N_EPSG32611_10m.manifest.json,20241005,11,32611,32611,1,213,100.0,213/213,0.0,186.0,ok
SAR_Ship_Chip_20241005_UTM15N_EPSG32615_10m.manifest.json,20241005,15,32615,32615,1,104,100.0,104/104,0.0,118.0,ok
SAR_Ship_Chip_20241005_UTM17N_EPSG32617_10m.manifest.json,20241005,17,32617,32617,1,38,100.0,38/38,3.8,151.5,ok
SAR_Ship_Chip_20241005_UTM18N_EPSG32618_10m.manifest.json,20241005,18,32618,32618,1,3,100.0,3/3,11.9,230.0,ok
SAR_Ship_Chip_20241006_UTM05N_EPSG32605_10m.manifest.json,20241006,5,32605,32605,1,3,100.0,3/3,7.05,36.0,ok
SAR_Ship_Chip_20241006_UTM15N_EPSG32615_10m.manifest.json,20241006,15,32615,32615,1,9,100.0,9/9,0.02,207.0,ok
SAR_Ship_Chip_20241006_UTM16N_EPSG32616_10m.manifest.json,20241006,16,32616,32616,1,53,100.0,53/53,0.0,172.0,ok
SAR_Ship_Chip_20241006_UTM17N_EPSG32617_10m.manifest.json,20241006,17,32617,32617,1,8,100.0,8/8,13.65,184.0,ok
SAR_Ship_Chip_20241006_UTM19N_EPSG32619_10m.manifest.json,20241006,19,32619,32619,1,5,100.0,5/5,7.6,133.0,ok
SAR_Ship_Chip_20241007_UTM04N_EPSG32604_10m.manifest.json,20241007,4,32604,32604,1,3,100.0,3/3,10.8,238.0,ok
SAR_Ship_Chip_20241007_UTM11N_EPSG32611_10m.manifest.json,20241007,11,32611,32611,1,17,100.0,17/17,15.2,200.0,ok
SAR_Ship_Chip_20241002_UTM12N_EPSG32612_10m.manifest.json,20241002,12,32612,32612,1,7,100.0,7/7,13.1,272.0,ok
SAR_Ship_Chip_20241002_UTM18N_EPSG32618_10m.manifest.json,20241002,18,32618,32618,1,178,100.0,178/178,0.1,61.0,ok
SAR_Ship_Chip_20241002_UTM19N_EPSG32619_10m.manifest.json,20241002,19,32619,32619,1,8,100.0,8/8,5.47,227.5,ok
SAR_Ship_Chip_20241002_UTM20N_EPSG32620_10m.manifest.json,20241002,20,32620,32620,1,39,100.0,39/39,0.3,153.0,ok
SAR_Ship_Chip_20241003_UTM10N_EPSG32610_10m.manifest.json,20241003,10,32610,32610,1,360,100.0,360/360,0.1,168.0,ok
SAR_Ship_Chip_20241003_UTM15N_EPSG32615_10m.manifest.json,20241003,15,32615,32615,1,229,100.0,229/229,0.0,180.0,ok
SAR_Ship_Chip_20241003_UTM16N_EPSG32616_10m.manifest.json,20241003,16,32616,32616,1,5,100.0,5/5,0.0,200.0,ok
SAR_Ship_Chip_20241003_UTM17N_EPSG32617_10m.manifest.json,20241003,17,32617,32617,1,293,100.0,293/293,0.0,57.0,ok
SAR_Ship_Chip_20241007_UTM18N_EPSG32618_10m.manifest.json,20241007,18,32618,32618,1,149,100.0,149/149,0.0,169.0,ok
SAR_Ship_Chip_20241008_UTM09N_EPSG32609_10m.manifest.json,20241008,9,32609,32609,1,23,100.0,23/23,9.13,153.0,ok
SAR_Ship_Chip_20241008_UTM10N_EPSG32610_10m.manifest.json,20241008,10,32610,32610,1,109,100.0,109/109,0.48,175.0,ok
SAR_Ship_Chip_20241008_UTM14N_EPSG32614_10m.manifest.json,20241008,14,32614,32614,1,79,100.0,79/79,0.0,163.0,ok
SAR_Ship_Chip_20241008_UTM16N_EPSG32616_10m.manifest.json,20241008,16,32616,32616,1,44,100.0,44/44,0.0,177.0,ok
SAR_Ship_Chip_20241008_UTM17N_EPSG32617_10m.manifest.json,20241008,17,32617,32617,1,22,100.0,22/22,0.05,156.0,ok
SAR_Ship_Chip_20241009_UTM04N_EPSG32604_10m.manifest.json,20241009,4,32604,32604,1,1,100.0,1/1,18.08,273.0,ok
SAR_Ship_Chip_20241009_UTM05N_EPSG32605_10m.manifest.json,20241009,5,32605,32605,1,6,100.0,6/6,3.85,37.5,ok
SAR_Ship_Chip_20241012_UTM17N_EPSG32617_10m.manifest.json,20241012,17,32617,32617,1,23,100.0,23/23,1.58,146.0,ok
SAR_Ship_Chip_20241012_UTM18N_EPSG32618_10m.manifest.json,20241012,18,32618,32618,1,127,100.0,127/127,0.0,180.0,ok
SAR_Ship_Chip_20241012_UTM19N_EPSG32619_10m.manifest.json,20241012,19,32619,32619,1,11,100.0,11/11,10.9,192.0,ok
SAR_Ship_Chip_20241013_UTM16N_EPSG32616_10m.manifest.json,20241013,16,32616,32616,1,7,100.0,7/7,0.04,100.0,ok
SAR_Ship_Chip_20241013_UTM17N_EPSG32617_10m.manifest.json,20241013,17,32617,32617,1,19,100.0,19/19,12.2,190.0,ok
SAR_Ship_Chip_20241014_UTM04N_EPSG32604_10m.manifest.json,20241014,4,32604,32604,1,33,100.0,33/33,0.0,59.0,ok
SAR_Ship_Chip_20241014_UTM12N_EPSG32612_10m.manifest.json,20241014,12,32612,32612,1,11,100.0,11/11,13.57,199.0,ok
SAR_Ship_Chip_20241014_UTM18N_EPSG32618_10m.manifest.json,20241014,18,32618,32618,1,161,100.0,161/161,0.05,54.0,ok
SAR_Ship_Chip_20241010_UTM17N_EPSG32617_10m.manifest.json,20241010,17,32617,32617,1,203,100.0,203/203,0.0,136.0,ok
SAR_Ship_Chip_20241011_UTM04N_EPSG32604_10m.manifest.json,20241011,4,32604,32604,1,33,100.0,33/33,0.0,68.0,ok
SAR_Ship_Chip_20241011_UTM17N_EPSG32617_10m.manifest.json,20241011,17,32617,32617,1,40,100.0,40/40,0.0,108.5,ok
SAR_Ship_Chip_20241011_UTM19N_EPSG32619_10m.manifest.json,20241011,19,32619,32619,1,9,100.0,9/9,8.89,147.0,ok
SAR_Ship_Chip_20241011_UTM20N_EPSG32620_10m.manifest.json,20241011,20,32620,32620,1,6,100.0,6/6,11.21,172.0,ok
SAR_Ship_Chip_20241012_UTM11N_EPSG32611_10m.manifest.json,20241012,11,32611,32611,1,40,100.0,40/40,0.06,181.0,ok
SAR_Ship_Chip_20241012_UTM15N_EPSG32615_10m.manifest.json,20241012,15,32615,32615,1,9,100.0,9/9,0.0,190.0,ok
SAR_Ship_Chip_20241012_UTM16N_EPSG32616_10m.manifest.json,20241012,16,32616,32616,1,302,100.0,302/302,0.0,101.5,ok
SAR_Ship_Chip_20241009_UTM12N_EPSG32612_10m.manifest.json,20241009,12,32612,32612,1,3,100.0,3/3,13.0,272.0,ok
SAR_Ship_Chip_20241009_UTM18N_EPSG32618_10m.manifest.json,20241009,18,32618,32618,1,17,100.0,17/17,0.0,40.0,ok
SAR_Ship_Chip_20241009_UTM19N_EPSG32619_10m.manifest.json,20241009,19,32619,32619,1,121,100.0,121/121,0.13,74.0,ok
SAR_Ship_Chip_20241009_UTM20N_EPSG32620_10m.manifest.json,20241009,20,32620,32620,1,4,100.0,4/4,4.92,136.0,ok
SAR_Ship_Chip_20241010_UTM10N_EPSG32610_10m.manifest.json,20241010,10,32610,32610,1,341,100.0,341/341,0.0,107.0,ok
SAR_Ship_Chip_20241010_UTM11N_EPSG32611_10m.manifest.json,20241010,11,32611,32611,1,118,100.0,118/118,0.07,191.5,ok
SAR_Ship_Chip_20241010_UTM14N_EPSG32614_10m.manifest.json,20241010,14,32614,32614,1,19,100.0,19/19,0.17,183.0,ok
SAR_Ship_Chip_20241010_UTM15N_EPSG32615_10m.manifest.json,20241010,15,32615,32615,1,490,100.0,490/490,0.0,176.0,ok
SAR_Ship_Chip_20241016_UTM12N_EPSG32612_10m.manifest.json,20241016,12,32612,32612,1,6,100.0,6/6,12.25,228.5,ok
SAR_Ship_Chip_20241016_UTM19N_EPSG32619_10m.manifest.json,20241016,19,32619,32619,1,72,100.0,72/72,0.23,57.0,ok
SAR_Ship_Chip_20241016_UTM20N_EPSG32620_10m.manifest.json,20241016,20,32620,32620,1,28,100.0,28/28,0.1,126.0,ok
SAR_Ship_Chip_20241017_UTM11N_EPSG32611_10m.manifest.json,20241017,11,32611,32611,1,185,100.0,185/185,0.0,183.0,ok
SAR_Ship_Chip_20241017_UTM15N_EPSG32615_10m.manifest.json,20241017,15,32615,32615,1,89,100.0,89/89,0.0,95.0,ok
SAR_Ship_Chip_20241017_UTM17N_EPSG32617_10m.manifest.json,20241017,17,32617,32617,1,48,100.0,48/48,5.23,185.5,ok
SAR_Ship_Chip_20241018_UTM05N_EPSG32605_10m.manifest.json,20241018,5,32605,32605,1,8,100.0,8/8,8.93,37.0,ok
SAR_Ship_Chip_20241018_UTM15N_EPSG32615_10m.manifest.json,20241018,15,32615,32615,1,6,100.0,6/6,0.0,106.5,ok
SAR_Ship_Chip_20241014_UTM19N_EPSG32619_10m.manifest.json,20241014,19,32619,32619,1,6,100.0,6/6,12.15,172.0,ok
SAR_Ship_Chip_20241014_UTM20N_EPSG32620_10m.manifest.json,20241014,20,32620,32620,1,42,100.0,42/42,0.29,129.5,ok
SAR_Ship_Chip_20241015_UTM10N_EPSG32610_10m.manifest.json,20241015,10,32610,32610,1,364,100.0,364/364,0.01,139.0,ok
SAR_Ship_Chip_20241015_UTM14N_EPSG32614_10m.manifest.json,20241015,14,32614,32614,1,1,100.0,1/1,0.0,127.0,ok
SAR_Ship_Chip_20241015_UTM15N_EPSG32615_10m.manifest.json,20241015,15,32615,32615,1,261,100.0,261/261,0.0,177.0,ok
SAR_Ship_Chip_20241015_UTM16N_EPSG32616_10m.manifest.json,20241015,16,32616,32616,1,6,100.0,6/6,0.0,189.0,ok
SAR_Ship_Chip_20241015_UTM17N_EPSG32617_10m.manifest.json,20241015,17,32617,32617,1,327,100.0,327/327,0.0,58.0,ok
SAR_Ship_Chip_20241016_UTM04N_EPSG32604_10m.manifest.json,20241016,4,32604,32604,1,1,100.0,1/1,7.1,34.0,ok
SAR_Ship_Chip_20241020_UTM16N_EPSG32616_10m.manifest.json,20241020,16,32616,32616,1,33,100.0,33/33,4.42,191.0,ok
SAR_Ship_Chip_20241020_UTM17N_EPSG32617_10m.manifest.json,20241020,17,32617,32617,1,80,100.0,80/80,0.06,178.5,ok
SAR_Ship_Chip_20241020_UTM18N_EPSG32618_10m.manifest.json,20241020,18,32618,32618,1,29,100.0,29/29,0.0,52.0,ok
SAR_Ship_Chip_20241020_UTM20N_EPSG32620_10m.manifest.json,20241020,20,32620,32620,1,10,100.0,10/10,12.67,214.5,ok
SAR_Ship_Chip_20241021_UTM05N_EPSG32605_10m.manifest.json,20241021,5,32605,32605,1,3,100.0,3/3,6.35,259.0,ok
SAR_Ship_Chip_20241021_UTM18N_EPSG32618_10m.manifest.json,20241021,18,32618,32618,1,13,100.0,13/13,0.0,38.0,ok
SAR_Ship_Chip_20241021_UTM19N_EPSG32619_10m.manifest.json,20241021,19,32619,32619,1,127,100.0,127/127,0.23,72.0,ok
SAR_Ship_Chip_20241021_UTM20N_EPSG32620_10m.manifest.json,20241021,20,32620,32620,1,8,100.0,8/8,6.09,138.5,ok
SAR_Ship_Chip_20241018_UTM16N_EPSG32616_10m.manifest.json,20241018,16,32616,32616,1,60,100.0,60/60,0.08,166.0,ok
SAR_Ship_Chip_20241018_UTM17N_EPSG32617_10m.manifest.json,20241018,17,32617,32617,1,1,100.0,1/1,10.6,128.0,ok
SAR_Ship_Chip_20241018_UTM19N_EPSG32619_10m.manifest.json,20241018,19,32619,32619,1,2,100.0,2/2,5.95,115.5,ok
SAR_Ship_Chip_20241019_UTM04N_EPSG32604_10m.manifest.json,20241019,4,32604,32604,1,2,100.0,2/2,9.68,213.0,ok
SAR_Ship_Chip_20241019_UTM18N_EPSG32618_10m.manifest.json,20241019,18,32618,32618,1,162,100.0,162/162,0.1,190.0,ok
SAR_Ship_Chip_20241020_UTM09N_EPSG32609_10m.manifest.json,20241020,9,32609,32609,1,15,100.0,15/15,10.38,183.0,ok
SAR_Ship_Chip_20241020_UTM10N_EPSG32610_10m.manifest.json,20241020,10,32610,32610,1,120,100.0,120/120,2.93,180.0,ok
SAR_Ship_Chip_20241020_UTM14N_EPSG32614_10m.manifest.json,20241020,14,32614,32614,1,84,100.0,84/84,0.0,146.5,ok
SAR_Ship_Chip_20241022_UTM10N_EPSG32610_10m.manifest.json,20241022,10,32610,32610,1,339,100.0,339/339,0.0,107.0,ok
SAR_Ship_Chip_20241022_UTM11N_EPSG32611_10m.manifest.json,20241022,11,32611,32611,1,108,100.0,108/108,0.0,199.0,ok
SAR_Ship_Chip_20241022_UTM14N_EPSG32614_10m.manifest.json,20241022,14,32614,32614,1,5,100.0,5/5,0.1,117.0,ok
SAR_Ship_Chip_20241022_UTM15N_EPSG32615_10m.manifest.json,20241022,15,32615,32615,1,399,100.0,399/399,0.0,164.0,ok
SAR_Ship_Chip_20241023_UTM19N_EPSG32619_10m.manifest.json,20241023,19,32619,32619,1,23,100.0,23/23,8.2,170.0,ok
SAR_Ship_Chip_20241023_UTM20N_EPSG32620_10m.manifest.json,20241023,20,32620,32620,1,3,100.0,3/3,9.7,189.0,ok
SAR_Ship_Chip_20241024_UTM11N_EPSG32611_10m.manifest.json,20241024,11,32611,32611,1,42,100.0,42/42,0.03,94.5,ok
SAR_Ship_Chip_20241024_UTM15N_EPSG32615_10m.manifest.json,20241024,15,32615,32615,1,6,100.0,6/6,0.0,130.0,ok
SAR_Ship_Chip_20241026_UTM11N_EPSG32611_10m.manifest.json,20241026,11,32611,32611,1,3,100.0,3/3,12.2,184.0,ok
SAR_Ship_Chip_20241026_UTM12N_EPSG32612_10m.manifest.json,20241026,12,32612,32612,1,13,100.0,13/13,15.02,265.0,ok
SAR_Ship_Chip_20241026_UTM18N_EPSG32618_10m.manifest.json,20241026,18,32618,32618,1,177,100.0,177/177,0.09,89.0,ok
SAR_Ship_Chip_20241026_UTM19N_EPSG32619_10m.manifest.json,20241026,19,32619,32619,1,11,100.0,11/11,0.6,180.0,ok
SAR_Ship_Chip_20241026_UTM20N_EPSG32620_10m.manifest.json,20241026,20,32620,32620,1,40,100.0,40/40,0.05,131.5,ok
SAR_Ship_Chip_20241027_UTM10N_EPSG32610_10m.manifest.json,20241027,10,32610,32610,1,331,100.0,331/331,0.0,148.0,ok
SAR_Ship_Chip_20241027_UTM14N_EPSG32614_10m.manifest.json,20241027,14,32614,32614,1,1,100.0,1/1,5.54,117.0,ok
SAR_Ship_Chip_20241027_UTM15N_EPSG32615_10m.manifest.json,20241027,15,32615,32615,1,235,100.0,235/235,0.0,180.0,ok
SAR_Ship_Chip_20241024_UTM16N_EPSG32616_10m.manifest.json,20241024,16,32616,32616,1,344,100.0,344/344,0.0,107.0,ok
SAR_Ship_Chip_20241024_UTM17N_EPSG32617_10m.manifest.json,20241024,17,32617,32617,1,15,100.0,15/15,0.0,189.0,ok
SAR_Ship_Chip_20241024_UTM18N_EPSG32618_10m.manifest.json,20241024,18,32618,32618,1,131,100.0,131/131,0.0,185.0,ok
SAR_Ship_Chip_20241024_UTM19N_EPSG32619_10m.manifest.json,20241024,19,32619,32619,1,3,100.0,3/3,19.3,281.0,ok
SAR_Ship_Chip_20241025_UTM10N_EPSG32610_10m.manifest.json,20241025,10,32610,32610,1,405,100.0,405/405,0.0,110.0,ok
SAR_Ship_Chip_20241025_UTM16N_EPSG32616_10m.manifest.json,20241025,16,32616,32616,1,9,100.0,9/9,0.0,51.0,ok
SAR_Ship_Chip_20241025_UTM17N_EPSG32617_10m.manifest.json,20241025,17,32617,32617,1,25,100.0,25/25,13.53,228.0,ok
SAR_Ship_Chip_20241026_UTM04N_EPSG32604_10m.manifest.json,20241026,4,32604,32604,1,28,100.0,28/28,0.0,74.5,ok
SAR_Ship_Chip_20241029_UTM18N_EPSG32618_10m.manifest.json,20241029,18,32618,32618,1,2,100.0,2/2,15.94,293.0,ok
SAR_Ship_Chip_20241030_UTM05N_EPSG32605_10m.manifest.json,20241030,5,32605,32605,1,3,100.0,3/3,5.1,210.0,ok
SAR_Ship_Chip_20241030_UTM15N_EPSG32615_10m.manifest.json,20241030,15,32615,32615,1,12,100.0,12/12,0.0,217.0,ok
SAR_Ship_Chip_20241030_UTM16N_EPSG32616_10m.manifest.json,20241030,16,32616,32616,1,51,100.0,51/51,0.0,172.0,ok
SAR_Ship_Chip_20241030_UTM17N_EPSG32617_10m.manifest.json,20241030,17,32617,32617,1,3,100.0,3/3,14.2,139.0,ok
SAR_Ship_Chip_20241030_UTM19N_EPSG32619_10m.manifest.json,20241030,19,32619,32619,1,1,100.0,1/1,10.4,182.0,ok
SAR_Ship_Chip_20241031_UTM11N_EPSG32611_10m.manifest.json,20241031,11,32611,32611,1,1,100.0,1/1,15.1,330.0,ok
SAR_Ship_Chip_20241031_UTM18N_EPSG32618_10m.manifest.json,20241031,18,32618,32618,1,146,100.0,146/146,0.02,194.0,ok
SAR_Ship_Chip_20241027_UTM16N_EPSG32616_10m.manifest.json,20241027,16,32616,32616,1,3,100.0,3/3,0.0,199.0,ok
SAR_Ship_Chip_20241027_UTM17N_EPSG32617_10m.manifest.json,20241027,17,32617,32617,1,332,100.0,332/332,0.0,55.0,ok
SAR_Ship_Chip_20241028_UTM04N_EPSG32604_10m.manifest.json,20241028,4,32604,32604,1,1,100.0,1/1,3.5,33.0,ok
SAR_Ship_Chip_20241028_UTM19N_EPSG32619_10m.manifest.json,20241028,19,32619,32619,1,66,100.0,66/66,0.23,68.0,ok
SAR_Ship_Chip_20241028_UTM20N_EPSG32620_10m.manifest.json,20241028,20,32620,32620,1,31,100.0,31/31,0.0,105.0,ok
SAR_Ship_Chip_20241029_UTM11N_EPSG32611_10m.manifest.json,20241029,11,32611,32611,1,199,100.0,199/199,0.0,184.0,ok
SAR_Ship_Chip_20241029_UTM15N_EPSG32615_10m.manifest.json,20241029,15,32615,32615,1,109,100.0,109/109,0.02,86.0,ok
SAR_Ship_Chip_20241029_UTM17N_EPSG32617_10m.manifest.json,20241029,17,32617,32617,1,40,100.0,40/40,1.72,186.0,ok
SAR_Ship_Chip_20241101_UTM09N_EPSG32609_10m.manifest.json,20241101,9,32609,32609,1,8,100.0,8/8,1.32,132.5,ok
SAR_Ship_Chip_20241101_UTM10N_EPSG32610_10m.manifest.json,20241101,10,32610,32610,1,80,100.0,80/80,0.1,179.5,ok
SAR_Ship_Chip_20241101_UTM14N_EPSG32614_10m.manifest.json,20241101,14,32614,32614,1,67,100.0,67/67,0.0,108.0,ok
SAR_Ship_Chip_20241101_UTM16N_EPSG32616_10m.manifest.json,20241101,16,32616,32616,1,42,100.0,42/42,7.29,177.5,ok
SAR_Ship_Chip_20241101_UTM17N_EPSG32617_10m.manifest.json,20241101,17,32617,32617,1,55,100.0,55/55,0.0,169.0,ok
SAR_Ship_Chip_20241102_UTM04N_EPSG32604_10m.manifest.json,20241102,4,32604,32604,1,3,100.0,3/3,10.14,80.0,ok
SAR_Ship_Chip_20241102_UTM05N_EPSG32605_10m.manifest.json,20241102,5,32605,32605,1,4,100.0,4/4,0.0,37.5,ok
SAR_Ship_Chip_20241102_UTM18N_EPSG32618_10m.manifest.json,20241102,18,32618,32618,1,15,100.0,15/15,0.0,49.0,ok
SAR_Ship_Chip_20241104_UTM17N_EPSG32617_10m.manifest.json,20241104,17,32617,32617,1,1,100.0,1/1,12.8,333.0,ok
SAR_Ship_Chip_20241104_UTM19N_EPSG32619_10m.manifest.json,20241104,19,32619,32619,1,5,100.0,5/5,9.3,64.0,ok
SAR_Ship_Chip_20241104_UTM20N_EPSG32620_10m.manifest.json,20241104,20,32620,32620,1,1,100.0,1/1,11.1,254.0,ok
SAR_Ship_Chip_20241105_UTM11N_EPSG32611_10m.manifest.json,20241105,11,32611,32611,1,29,100.0,29/29,0.1,115.0,ok
SAR_Ship_Chip_20241105_UTM15N_EPSG32615_10m.manifest.json,20241105,15,32615,32615,1,5,100.0,5/5,0.0,138.0,ok
SAR_Ship_Chip_20241105_UTM16N_EPSG32616_10m.manifest.json,20241105,16,32616,32616,1,323,100.0,323/323,0.0,100.0,ok
SAR_Ship_Chip_20241105_UTM17N_EPSG32617_10m.manifest.json,20241105,17,32617,32617,1,14,100.0,14/14,1.22,163.0,ok
SAR_Ship_Chip_20241105_UTM18N_EPSG32618_10m.manifest.json,20241105,18,32618,32618,1,145,100.0,145/145,0.0,190.0,ok
SAR_Ship_Chip_20241102_UTM19N_EPSG32619_10m.manifest.json,20241102,19,32619,32619,1,112,100.0,112/112,0.13,80.0,ok
SAR_Ship_Chip_20241102_UTM20N_EPSG32620_10m.manifest.json,20241102,20,32620,32620,1,5,100.0,5/5,9.46,80.0,ok
SAR_Ship_Chip_20241103_UTM10N_EPSG32610_10m.manifest.json,20241103,10,32610,32610,1,343,100.0,343/343,0.0,100.0,ok
SAR_Ship_Chip_20241103_UTM11N_EPSG32611_10m.manifest.json,20241103,11,32611,32611,1,95,100.0,95/95,0.0,186.0,ok
SAR_Ship_Chip_20241103_UTM14N_EPSG32614_10m.manifest.json,20241103,14,32614,32614,1,15,100.0,15/15,0.08,183.0,ok
SAR_Ship_Chip_20241103_UTM15N_EPSG32615_10m.manifest.json,20241103,15,32615,32615,1,503,100.0,503/503,0.0,180.0,ok
SAR_Ship_Chip_20241103_UTM17N_EPSG32617_10m.manifest.json,20241103,17,32617,32617,1,241,100.0,241/241,0.1,167.0,ok
SAR_Ship_Chip_20241104_UTM04N_EPSG32604_10m.manifest.json,20241104,4,32604,32604,1,32,100.0,32/32,0.0,69.5,ok
SAR_Ship_Chip_20241110_UTM11N_EPSG32611_10m.manifest.json,20241110,11,32611,32611,1,193,100.0,193/193,0.04,186.0,ok
SAR_Ship_Chip_20241110_UTM15N_EPSG32615_10m.manifest.json,20241110,15,32615,32615,1,89,100.0,89/89,0.0,115.0,ok
SAR_Ship_Chip_20241110_UTM17N_EPSG32617_10m.manifest.json,20241110,17,32617,32617,1,37,100.0,37/37,0.1,169.0,ok
SAR_Ship_Chip_20241110_UTM18N_EPSG32618_10m.manifest.json,20241110,18,32618,32618,1,2,100.0,2/2,12.34,181.5,ok
SAR_Ship_Chip_20241111_UTM05N_EPSG32605_10m.manifest.json,20241111,5,32605,32605,1,3,100.0,3/3,1.46,244.0,ok
SAR_Ship_Chip_20241111_UTM15N_EPSG32615_10m.manifest.json,20241111,15,32615,32615,1,6,100.0,6/6,0.0,145.0,ok
SAR_Ship_Chip_20241111_UTM16N_EPSG32616_10m.manifest.json,20241111,16,32616,32616,1,54,100.0,54/54,0.0,155.5,ok
SAR_Ship_Chip_20241111_UTM17N_EPSG32617_10m.manifest.json,20241111,17,32617,32617,1,3,100.0,3/3,14.15,290.0,ok
SAR_Ship_Chip_20241105_UTM19N_EPSG32619_10m.manifest.json,20241105,19,32619,32619,1,4,100.0,4/4,6.2,138.0,ok
SAR_Ship_Chip_20241106_UTM10N_EPSG32610_10m.manifest.json,20241106,10,32610,32610,1,371,100.0,371/371,0.0,100.0,ok
SAR_Ship_Chip_20241106_UTM16N_EPSG32616_10m.manifest.json,20241106,16,32616,32616,1,6,100.0,6/6,0.28,72.0,ok
SAR_Ship_Chip_20241106_UTM17N_EPSG32617_10m.manifest.json,20241106,17,32617,32617,1,26,100.0,26/26,9.41,228.5,ok
SAR_Ship_Chip_20241107_UTM04N_EPSG32604_10m.manifest.json,20241107,4,32604,32604,1,30,100.0,30/30,0.0,69.5,ok
SAR_Ship_Chip_20241107_UTM18N_EPSG32618_10m.manifest.json,20241107,18,32618,32618,1,168,100.0,168/168,0.08,70.0,ok
SAR_Ship_Chip_20241107_UTM19N_EPSG32619_10m.manifest.json,20241107,19,32619,32619,1,7,100.0,7/7,11.59,180.0,ok
SAR_Ship_Chip_20241107_UTM20N_EPSG32620_10m.manifest.json,20241107,20,32620,32620,1,39,100.0,39/39,0.1,128.0,ok
SAR_Ship_Chip_20241108_UTM10N_EPSG32610_10m.manifest.json,20241108,10,32610,32610,1,351,100.0,351/351,0.0,148.0,ok
SAR_Ship_Chip_20241108_UTM14N_EPSG32614_10m.manifest.json,20241108,14,32614,32614,1,1,100.0,1/1,0.0,127.0,ok
SAR_Ship_Chip_20241108_UTM15N_EPSG32615_10m.manifest.json,20241108,15,32615,32615,1,272,100.0,272/272,0.0,180.0,ok
SAR_Ship_Chip_20241108_UTM16N_EPSG32616_10m.manifest.json,20241108,16,32616,32616,1,4,100.0,4/4,0.0,114.0,ok
SAR_Ship_Chip_20241108_UTM17N_EPSG32617_10m.manifest.json,20241108,17,32617,32617,1,366,100.0,366/366,0.0,58.0,ok
SAR_Ship_Chip_20241109_UTM04N_EPSG32604_10m.manifest.json,20241109,4,32604,32604,1,1,100.0,1/1,2.86,148.0,ok
SAR_Ship_Chip_20241109_UTM19N_EPSG32619_10m.manifest.json,20241109,19,32619,32619,1,65,100.0,65/65,0.07,74.0,ok
SAR_Ship_Chip_20241109_UTM20N_EPSG32620_10m.manifest.json,20241109,20,32620,32620,1,42,100.0,42/42,0.0,98.5,ok
SAR_Ship_Chip_20241114_UTM05N_EPSG32605_10m.manifest.json,20241114,5,32605,32605,1,7,100.0,7/7,6.35,45.0,ok
SAR_Ship_Chip_20241114_UTM12N_EPSG32612_10m.manifest.json,20241114,12,32612,32612,1,2,100.0,2/2,13.24,229.0,ok
SAR_Ship_Chip_20241114_UTM18N_EPSG32618_10m.manifest.json,20241114,18,32618,32618,1,11,100.0,11/11,0.0,38.0,ok
SAR_Ship_Chip_20241114_UTM19N_EPSG32619_10m.manifest.json,20241114,19,32619,32619,1,81,100.0,81/81,0.1,71.0,ok
SAR_Ship_Chip_20241114_UTM20N_EPSG32620_10m.manifest.json,20241114,20,32620,32620,1,15,100.0,15/15,5.2,105.0,ok
SAR_Ship_Chip_20241115_UTM10N_EPSG32610_10m.manifest.json,20241115,10,32610,32610,1,359,100.0,359/359,0.0,111.0,ok
SAR_Ship_Chip_20241115_UTM11N_EPSG32611_10m.manifest.json,20241115,11,32611,32611,1,110,100.0,110/110,0.04,194.5,ok
SAR_Ship_Chip_20241115_UTM14N_EPSG32614_10m.manifest.json,20241115,14,32614,32614,1,10,100.0,10/10,0.95,198.0,ok
SAR_Ship_Chip_20241115_UTM15N_EPSG32615_10m.manifest.json,20241115,15,32615,32615,1,542,100.0,542/542,0.0,181.5,ok
SAR_Ship_Chip_20241115_UTM17N_EPSG32617_10m.manifest.json,20241115,17,32617,32617,1,193,100.0,193/193,0.1,110.0,ok
SAR_Ship_Chip_20241116_UTM04N_EPSG32604_10m.manifest.json,20241116,4,32604,32604,1,33,100.0,33/33,0.0,45.0,ok
SAR_Ship_Chip_20241116_UTM17N_EPSG32617_10m.manifest.json,20241116,17,32617,32617,1,5,100.0,5/5,16.9,230.0,ok
SAR_Ship_Chip_20241116_UTM19N_EPSG32619_10m.manifest.json,20241116,19,32619,32619,1,4,100.0,4/4,8.9,110.5,ok
SAR_Ship_Chip_20241116_UTM20N_EPSG32620_10m.manifest.json,20241116,20,32620,32620,1,1,100.0,1/1,13.07,144.0,ok
SAR_Ship_Chip_20241117_UTM11N_EPSG32611_10m.manifest.json,20241117,11,32611,32611,1,22,100.0,22/22,0.0,84.5,ok
SAR_Ship_Chip_20241117_UTM15N_EPSG32615_10m.manifest.json,20241117,15,32615,32615,1,4,100.0,4/4,0.0,242.5,ok
SAR_Ship_Chip_20241111_UTM19N_EPSG32619_10m.manifest.json,20241111,19,32619,32619,1,3,100.0,3/3,10.6,133.0,ok
SAR_Ship_Chip_20241112_UTM18N_EPSG32618_10m.manifest.json,20241112,18,32618,32618,1,131,100.0,131/131,0.07,190.0,ok
SAR_Ship_Chip_20241113_UTM09N_EPSG32609_10m.manifest.json,20241113,9,32609,32609,1,15,100.0,15/15,3.44,144.0,ok
SAR_Ship_Chip_20241113_UTM10N_EPSG32610_10m.manifest.json,20241113,10,32610,32610,1,102,100.0,102/102,0.01,179.5,ok
SAR_Ship_Chip_20241113_UTM14N_EPSG32614_10m.manifest.json,20241113,14,32614,32614,1,83,100.0,83/83,0.0,137.0,ok
SAR_Ship_Chip_20241113_UTM16N_EPSG32616_10m.manifest.json,20241113,16,32616,32616,1,40,100.0,40/40,0.74,197.5,ok
SAR_Ship_Chip_20241113_UTM17N_EPSG32617_10m.manifest.json,20241113,17,32617,32617,1,60,100.0,60/60,0.0,146.5,ok
SAR_Ship_Chip_20241113_UTM18N_EPSG32618_10m.manifest.json,20241113,18,32618,32618,1,28,100.0,28/28,0.02,79.0,ok
SAR_Ship_Chip_20241119_UTM19N_EPSG32619_10m.manifest.json,20241119,19,32619,32619,1,10,100.0,10/10,12.05,159.5,ok
SAR_Ship_Chip_20241120_UTM10N_EPSG32610_10m.manifest.json,20241120,10,32610,32610,1,117,100.0,117/117,0.0,180.0,ok
SAR_Ship_Chip_20241120_UTM14N_EPSG32614_10m.manifest.json,20241120,14,32614,32614,1,1,100.0,1/1,0.0,217.0,ok
SAR_Ship_Chip_20241120_UTM15N_EPSG32615_10m.manifest.json,20241120,15,32615,32615,1,264,100.0,264/264,0.0,179.0,ok
SAR_Ship_Chip_20241120_UTM16N_EPSG32616_10m.manifest.json,20241120,16,32616,32616,1,3,100.0,3/3,0.0,228.0,ok
SAR_Ship_Chip_20241120_UTM17N_EPSG32617_10m.manifest.json,20241120,17,32617,32617,1,328,100.0,328/328,0.0,58.0,ok
SAR_Ship_Chip_20241121_UTM04N_EPSG32604_10m.manifest.json,20241121,4,32604,32604,1,1,100.0,1/1,9.57,280.0,ok
SAR_Ship_Chip_20241121_UTM19N_EPSG32619_10m.manifest.json,20241121,19,32619,32619,1,58,100.0,58/58,0.0,70.0,ok
SAR_Ship_Chip_20241117_UTM16N_EPSG32616_10m.manifest.json,20241117,16,32616,32616,1,418,100.0,418/418,0.01,127.0,ok
SAR_Ship_Chip_20241117_UTM17N_EPSG32617_10m.manifest.json,20241117,17,32617,32617,1,19,100.0,19/19,5.98,186.0,ok
SAR_Ship_Chip_20241117_UTM18N_EPSG32618_10m.manifest.json,20241117,18,32618,32618,1,132,100.0,132/132,0.0,186.0,ok
SAR_Ship_Chip_20241118_UTM10N_EPSG32610_10m.manifest.json,20241118,10,32610,32610,1,389,100.0,389/389,0.0,120.0,ok
SAR_Ship_Chip_20241118_UTM16N_EPSG32616_10m.manifest.json,20241118,16,32616,32616,1,6,100.0,6/6,4.35,104.0,ok
SAR_Ship_Chip_20241118_UTM17N_EPSG32617_10m.manifest.json,20241118,17,32617,32617,1,49,100.0,49/49,11.0,229.0,ok
SAR_Ship_Chip_20241119_UTM04N_EPSG32604_10m.manifest.json,20241119,4,32604,32604,1,29,100.0,29/29,0.0,64.0,ok
SAR_Ship_Chip_20241119_UTM18N_EPSG32618_10m.manifest.json,20241119,18,32618,32618,1,171,100.0,171/171,0.0,102.0,ok
SAR_Ship_Chip_20241121_UTM20N_EPSG32620_10m.manifest.json,20241121,20,32620,32620,1,52,100.0,52/52,0.02,112.0,ok
SAR_Ship_Chip_20241122_UTM11N_EPSG32611_10m.manifest.json,20241122,11,32611,32611,1,198,100.0,198/198,0.0,199.0,ok
SAR_Ship_Chip_20241122_UTM15N_EPSG32615_10m.manifest.json,20241122,15,32615,32615,1,88,100.0,88/88,0.0,115.0,ok
SAR_Ship_Chip_20241122_UTM17N_EPSG32617_10m.manifest.json,20241122,17,32617,32617,1,40,100.0,40/40,3.2,184.0,ok
SAR_Ship_Chip_20241123_UTM05N_EPSG32605_10m.manifest.json,20241123,5,32605,32605,1,1,100.0,1/1,0.1,45.0,ok
SAR_Ship_Chip_20241123_UTM15N_EPSG32615_10m.manifest.json,20241123,15,32615,32615,1,8,100.0,8/8,0.0,170.5,ok
SAR_Ship_Chip_20241123_UTM16N_EPSG32616_10m.manifest.json,20241123,16,32616,32616,1,65,100.0,65/65,0.0,172.0,ok
SAR_Ship_Chip_20241123_UTM17N_EPSG32617_10m.manifest.json,20241123,17,32617,32617,1,13,100.0,13/13,13.2,182.0,ok
SAR_Ship_Chip_20241124_UTM18N_EPSG32618_10m.manifest.json,20241124,18,32618,32618,1,158,100.0,158/158,0.02,179.0,ok
SAR_Ship_Chip_20241125_UTM10N_EPSG32610_10m.manifest.json,20241125,10,32610,32610,1,90,100.0,90/90,0.81,183.0,ok
SAR_Ship_Chip_20241125_UTM14N_EPSG32614_10m.manifest.json,20241125,14,32614,32614,1,65,100.0,65/65,0.0,183.0,ok
SAR_Ship_Chip_20241125_UTM16N_EPSG32616_10m.manifest.json,20241125,16,32616,32616,1,39,100.0,39/39,0.0,199.0,ok
SAR_Ship_Chip_20241125_UTM17N_EPSG32617_10m.manifest.json,20241125,17,32617,32617,1,59,100.0,59/59,0.0,112.0,ok
SAR_Ship_Chip_20241125_UTM18N_EPSG32618_10m.manifest.json,20241125,18,32618,32618,1,1,100.0,1/1,10.4,270.0,ok
SAR_Ship_Chip_20241126_UTM05N_EPSG32605_10m.manifest.json,20241126,5,32605,32605,1,5,100.0,5/5,8.61,40.0,ok
SAR_Ship_Chip_20241126_UTM12N_EPSG32612_10m.manifest.json,20241126,12,32612,32612,1,1,100.0,1/1,19.1,200.0,ok
SAR_Ship_Chip_20241128_UTM14N_EPSG32614_10m.manifest.json,20241128,14,32614,32614,1,1,100.0,1/1,14.1,197.0,ok
SAR_Ship_Chip_20241128_UTM16N_EPSG32616_10m.manifest.json,20241128,16,32616,32616,1,1,100.0,1/1,13.9,139.0,ok
SAR_Ship_Chip_20241128_UTM17N_EPSG32617_10m.manifest.json,20241128,17,32617,32617,1,30,100.0,30/30,12.1,183.0,ok
SAR_Ship_Chip_20241128_UTM19N_EPSG32619_10m.manifest.json,20241128,19,32619,32619,1,1,100.0,1/1,7.06,38.0,ok
SAR_Ship_Chip_20241128_UTM20N_EPSG32620_10m.manifest.json,20241128,20,32620,32620,1,6,100.0,6/6,8.2,219.5,ok
SAR_Ship_Chip_20241129_UTM11N_EPSG32611_10m.manifest.json,20241129,11,32611,32611,1,30,100.0,30/30,0.32,113.0,ok
SAR_Ship_Chip_20241129_UTM15N_EPSG32615_10m.manifest.json,20241129,15,32615,32615,1,8,100.0,8/8,0.0,211.5,ok
SAR_Ship_Chip_20241129_UTM16N_EPSG32616_10m.manifest.json,20241129,16,32616,32616,1,339,100.0,339/339,0.0,116.0,ok
SAR_Ship_Chip_20241126_UTM18N_EPSG32618_10m.manifest.json,20241126,18,32618,32618,1,21,100.0,21/21,0.0,37.0,ok
SAR_Ship_Chip_20241126_UTM19N_EPSG32619_10m.manifest.json,20241126,19,32619,32619,1,104,100.0,104/104,0.09,80.0,ok
SAR_Ship_Chip_20241126_UTM20N_EPSG32620_10m.manifest.json,20241126,20,32620,32620,1,16,100.0,16/16,12.35,180.0,ok
SAR_Ship_Chip_20241127_UTM10N_EPSG32610_10m.manifest.json,20241127,10,32610,32610,1,383,100.0,383/383,0.0,107.0,ok
SAR_Ship_Chip_20241127_UTM11N_EPSG32611_10m.manifest.json,20241127,11,32611,32611,1,116,100.0,116/116,0.0,202.0,ok
SAR_Ship_Chip_20241127_UTM14N_EPSG32614_10m.manifest.json,20241127,14,32614,32614,1,14,100.0,14/14,0.07,189.5,ok
SAR_Ship_Chip_20241127_UTM15N_EPSG32615_10m.manifest.json,20241127,15,32615,32615,1,477,100.0,477/477,0.0,180.0,ok
SAR_Ship_Chip_20241128_UTM04N_EPSG32604_10m.manifest.json,20241128,4,32604,32604,1,32,100.0,32/32,0.0,52.0,ok
SAR_Ship_Chip_20241129_UTM17N_EPSG32617_10m.manifest.json,20241129,17,32617,32617,1,20,100.0,20/20,0.13,194.5,ok
SAR_Ship_Chip_20241129_UTM18N_EPSG32618_10m.manifest.json,20241129,18,32618,32618,1,135,100.0,135/135,0.0,198.0,ok
SAR_Ship_Chip_20241129_UTM19N_EPSG32619_10m.manifest.json,20241129,19,32619,32619,1,10,100.0,10/10,12.4,248.5,ok
SAR_Ship_Chip_20241130_UTM10N_EPSG32610_10m.manifest.json,20241130,10,32610,32610,1,277,100.0,277/277,0.0,84.0,ok
SAR_Ship_Chip_20241130_UTM17N_EPSG32617_10m.manifest.json,20241130,17,32617,32617,1,17,100.0,17/17,13.4,183.0,ok
SAR_Ship_Chip_20241201_UTM18N_EPSG32618_10m.manifest.json,20241201,18,32618,32618,1,149,100.0,149/149,0.0,84.0,ok
SAR_Ship_Chip_20241201_UTM19N_EPSG32619_10m.manifest.json,20241201,19,32619,32619,1,13,100.0,13/13,11.9,189.0,ok
SAR_Ship_Chip_20241202_UTM10N_EPSG32610_10m.manifest.json,20241202,10,32610,32610,1,325,100.0,325/325,0.01,178.0,ok
SAR_Ship_Chip_20241202_UTM15N_EPSG32615_10m.manifest.json,20241202,15,32615,32615,1,231,100.0,231/231,0.0,169.0,ok
SAR_Ship_Chip_20241202_UTM17N_EPSG32617_10m.manifest.json,20241202,17,32617,32617,1,321,100.0,321/321,0.0,55.0,ok
SAR_Ship_Chip_20241203_UTM04N_EPSG32604_10m.manifest.json,20241203,4,32604,32604,1,1,100.0,1/1,9.26,196.0,ok
SAR_Ship_Chip_20241203_UTM19N_EPSG32619_10m.manifest.json,20241203,19,32619,32619,1,58,100.0,58/58,0.0,53.5,ok
SAR_Ship_Chip_20241203_UTM20N_EPSG32620_10m.manifest.json,20241203,20,32620,32620,1,58,100.0,58/58,0.01,107.5,ok
SAR_Ship_Chip_20241204_UTM11N_EPSG32611_10m.manifest.json,20241204,11,32611,32611,1,191,100.0,191/191,0.0,200.0,ok
SAR_Ship_Chip_20241204_UTM15N_EPSG32615_10m.manifest.json,20241204,15,32615,32615,1,110,100.0,110/110,0.0,101.5,ok
SAR_Ship_Chip_20241204_UTM17N_EPSG32617_10m.manifest.json,20241204,17,32617,32617,1,49,100.0,49/49,0.1,157.0,ok
SAR_Ship_Chip_20241204_UTM18N_EPSG32618_10m.manifest.json,20241204,18,32618,32618,1,1,100.0,1/1,20.8,339.0,ok
SAR_Ship_Chip_20241205_UTM05N_EPSG32605_10m.manifest.json,20241205,5,32605,32605,1,7,100.0,7/7,7.7,45.0,ok
SAR_Ship_Chip_20241205_UTM15N_EPSG32615_10m.manifest.json,20241205,15,32615,32615,1,8,100.0,8/8,0.0,195.0,ok
SAR_Ship_Chip_20241205_UTM16N_EPSG32616_10m.manifest.json,20241205,16,32616,32616,1,44,100.0,44/44,0.0,181.5,ok
SAR_Ship_Chip_20241205_UTM17N_EPSG32617_10m.manifest.json,20241205,17,32617,32617,1,5,100.0,5/5,14.45,236.0,ok
SAR_Ship_Chip_20241206_UTM11N_EPSG32611_10m.manifest.json,20241206,11,32611,32611,1,8,100.0,8/8,15.47,204.0,ok
SAR_Ship_Chip_20241206_UTM18N_EPSG32618_10m.manifest.json,20241206,18,32618,32618,1,156,100.0,156/156,0.05,190.0,ok
SAR_Ship_Chip_20241206_UTM19N_EPSG32619_10m.manifest.json,20241206,19,32619,32619,1,5,100.0,5/5,0.0,155.0,ok
SAR_Ship_Chip_20241207_UTM09N_EPSG32609_10m.manifest.json,20241207,9,32609,32609,1,14,100.0,14/14,8.76,180.0,ok
SAR_Ship_Chip_20241207_UTM10N_EPSG32610_10m.manifest.json,20241207,10,32610,32610,1,100,100.0,100/100,0.2,183.0,ok
SAR_Ship_Chip_20241207_UTM14N_EPSG32614_10m.manifest.json,20241207,14,32614,32614,1,83,100.0,83/83,0.0,180.0,ok
SAR_Ship_Chip_20241207_UTM16N_EPSG32616_10m.manifest.json,20241207,16,32616,32616,1,47,100.0,47/47,0.0,199.0,ok
SAR_Ship_Chip_20241207_UTM17N_EPSG32617_10m.manifest.json,20241207,17,32617,32617,1,65,100.0,65/65,0.1,172.0,ok
SAR_Ship_Chip_20241207_UTM18N_EPSG32618_10m.manifest.json,20241207,18,32618,32618,1,31,100.0,31/31,0.0,117.0,ok
SAR_Ship_Chip_20241208_UTM04N_EPSG32604_10m.manifest.json,20241208,4,32604,32604,1,1,100.0,1/1,16.65,190.0,ok
SAR_Ship_Chip_20241208_UTM05N_EPSG32605_10m.manifest.json,20241208,5,32605,32605,1,4,100.0,4/4,9.33,121.0,ok
SAR_Ship_Chip_20241210_UTM04N_EPSG32604_10m.manifest.json,20241210,4,32604,32604,1,26,100.0,26/26,0.0,52.0,ok
SAR_Ship_Chip_20241210_UTM17N_EPSG32617_10m.manifest.json,20241210,17,32617,32617,1,11,100.0,11/11,11.3,182.0,ok
SAR_Ship_Chip_20241210_UTM19N_EPSG32619_10m.manifest.json,20241210,19,32619,32619,1,4,100.0,4/4,12.05,164.5,ok
SAR_Ship_Chip_20241211_UTM11N_EPSG32611_10m.manifest.json,20241211,11,32611,32611,1,23,100.0,23/23,0.1,183.0,ok
SAR_Ship_Chip_20241211_UTM15N_EPSG32615_10m.manifest.json,20241211,15,32615,32615,1,5,100.0,5/5,0.0,200.0,ok
SAR_Ship_Chip_20241211_UTM16N_EPSG32616_10m.manifest.json,20241211,16,32616,32616,1,330,100.0,330/330,0.0,100.0,ok
SAR_Ship_Chip_20241211_UTM17N_EPSG32617_10m.manifest.json,20241211,17,32617,32617,1,21,100.0,21/21,0.1,190.0,ok
SAR_Ship_Chip_20241211_UTM18N_EPSG32618_10m.manifest.json,20241211,18,32618,32618,1,144,100.0,144/144,0.01,184.5,ok
SAR_Ship_Chip_20241208_UTM18N_EPSG32618_10m.manifest.json,20241208,18,32618,32618,1,17,100.0,17/17,0.0,40.0,ok
SAR_Ship_Chip_20241208_UTM19N_EPSG32619_10m.manifest.json,20241208,19,32619,32619,1,69,100.0,69/69,0.0,74.0,ok
SAR_Ship_Chip_20241208_UTM20N_EPSG32620_10m.manifest.json,20241208,20,32620,32620,1,4,100.0,4/4,10.14,65.5,ok
SAR_Ship_Chip_20241209_UTM10N_EPSG32610_10m.manifest.json,20241209,10,32610,32610,1,351,100.0,351/351,0.0,100.0,ok
SAR_Ship_Chip_20241209_UTM11N_EPSG32611_10m.manifest.json,20241209,11,32611,32611,1,122,100.0,122/122,0.0,199.0,ok
SAR_Ship_Chip_20241209_UTM14N_EPSG32614_10m.manifest.json,20241209,14,32614,32614,1,11,100.0,11/11,0.1,189.0,ok
SAR_Ship_Chip_20241209_UTM15N_EPSG32615_10m.manifest.json,20241209,15,32615,32615,1,446,100.0,446/446,0.0,179.5,ok
SAR_Ship_Chip_20241209_UTM17N_EPSG32617_10m.manifest.json,20241209,17,32617,32617,1,241,100.0,241/241,0.0,121.0,ok
SAR_Ship_Chip_20241216_UTM17N_EPSG32617_10m.manifest.json,20241216,17,32617,32617,1,39,100.0,39/39,0.1,188.0,ok
SAR_Ship_Chip_20241216_UTM18N_EPSG32618_10m.manifest.json,20241216,18,32618,32618,1,5,100.0,5/5,10.4,183.0,ok
SAR_Ship_Chip_20241217_UTM05N_EPSG32605_10m.manifest.json,20241217,5,32605,32605,1,6,100.0,6/6,8.29,38.0,ok
SAR_Ship_Chip_20241217_UTM15N_EPSG32615_10m.manifest.json,20241217,15,32615,32615,1,9,100.0,9/9,0.0,252.0,ok
SAR_Ship_Chip_20241217_UTM16N_EPSG32616_10m.manifest.json,20241217,16,32616,32616,1,53,100.0,53/53,0.0,119.0,ok
SAR_Ship_Chip_20241217_UTM17N_EPSG32617_10m.manifest.json,20241217,17,32617,32617,1,1,100.0,1/1,15.93,295.0,ok
SAR_Ship_Chip_20241217_UTM19N_EPSG32619_10m.manifest.json,20241217,19,32619,32619,1,1,100.0,1/1,12.17,200.0,ok
SAR_Ship_Chip_20241218_UTM04N_EPSG32604_10m.manifest.json,20241218,4,32604,32604,1,1,100.0,1/1,7.9,37.0,ok
SAR_Ship_Chip_20241218_UTM11N_EPSG32611_10m.manifest.json,20241218,11,32611,32611,1,5,100.0,5/5,15.1,268.0,ok
SAR_Ship_Chip_20241218_UTM18N_EPSG32618_10m.manifest.json,20241218,18,32618,32618,1,157,100.0,157/157,0.0,199.0,ok
SAR_Ship_Chip_20241218_UTM19N_EPSG32619_10m.manifest.json,20241218,19,32619,32619,1,8,100.0,8/8,11.59,189.5,ok
SAR_Ship_Chip_20241219_UTM09N_EPSG32609_10m.manifest.json,20241219,9,32609,32609,1,14,100.0,14/14,9.93,192.5,ok
SAR_Ship_Chip_20241219_UTM10N_EPSG32610_10m.manifest.json,20241219,10,32610,32610,1,121,100.0,121/121,0.93,183.0,ok
SAR_Ship_Chip_20241219_UTM14N_EPSG32614_10m.manifest.json,20241219,14,32614,32614,1,78,100.0,78/78,0.0,123.5,ok
SAR_Ship_Chip_20241219_UTM16N_EPSG32616_10m.manifest.json,20241219,16,32616,32616,1,35,100.0,35/35,0.0,190.0,ok
SAR_Ship_Chip_20241219_UTM17N_EPSG32617_10m.manifest.json,20241219,17,32617,32617,1,90,100.0,90/90,0.82,180.0,ok
SAR_Ship_Chip_20241211_UTM19N_EPSG32619_10m.manifest.json,20241211,19,32619,32619,1,4,100.0,4/4,2.62,168.5,ok
SAR_Ship_Chip_20241212_UTM10N_EPSG32610_10m.manifest.json,20241212,10,32610,32610,1,383,100.0,383/383,0.0,102.0,ok
SAR_Ship_Chip_20241212_UTM17N_EPSG32617_10m.manifest.json,20241212,17,32617,32617,1,23,100.0,23/23,12.18,189.0,ok
SAR_Ship_Chip_20241213_UTM04N_EPSG32604_10m.manifest.json,20241213,4,32604,32604,1,24,100.0,24/24,0.0,41.5,ok
SAR_Ship_Chip_20241213_UTM18N_EPSG32618_10m.manifest.json,20241213,18,32618,32618,1,158,100.0,158/158,0.1,105.0,ok
SAR_Ship_Chip_20241213_UTM19N_EPSG32619_10m.manifest.json,20241213,19,32619,32619,1,8,100.0,8/8,11.53,106.0,ok
SAR_Ship_Chip_20241213_UTM20N_EPSG32620_10m.manifest.json,20241213,20,32620,32620,1,63,100.0,63/63,0.27,97.0,ok
SAR_Ship_Chip_20241214_UTM10N_EPSG32610_10m.manifest.json,20241214,10,32610,32610,1,322,100.0,322/322,0.1,178.5,ok
SAR_Ship_Chip_20241219_UTM18N_EPSG32618_10m.manifest.json,20241219,18,32618,32618,1,13,100.0,13/13,0.0,126.0,ok
SAR_Ship_Chip_20241220_UTM05N_EPSG32605_10m.manifest.json,20241220,5,32605,32605,1,5,100.0,5/5,0.1,33.0,ok
SAR_Ship_Chip_20241220_UTM12N_EPSG32612_10m.manifest.json,20241220,12,32612,32612,1,1,100.0,1/1,16.9,366.0,ok
SAR_Ship_Chip_20241220_UTM18N_EPSG32618_10m.manifest.json,20241220,18,32618,32618,1,12,100.0,12/12,0.07,36.0,ok
SAR_Ship_Chip_20241220_UTM19N_EPSG32619_10m.manifest.json,20241220,19,32619,32619,1,111,100.0,111/111,0.0,80.0,ok
SAR_Ship_Chip_20241220_UTM20N_EPSG32620_10m.manifest.json,20241220,20,32620,32620,1,10,100.0,10/10,3.45,87.0,ok
SAR_Ship_Chip_20241221_UTM10N_EPSG32610_10m.manifest.json,20241221,10,32610,32610,1,352,100.0,352/352,0.0,110.0,ok
SAR_Ship_Chip_20241221_UTM11N_EPSG32611_10m.manifest.json,20241221,11,32611,32611,1,125,100.0,125/125,0.0,200.0,ok
SAR_Ship_Chip_20241214_UTM14N_EPSG32614_10m.manifest.json,20241214,14,32614,32614,1,2,100.0,2/2,5.4,75.0,ok
SAR_Ship_Chip_20241214_UTM15N_EPSG32615_10m.manifest.json,20241214,15,32615,32615,1,222,100.0,222/222,0.0,178.5,ok
SAR_Ship_Chip_20241214_UTM17N_EPSG32617_10m.manifest.json,20241214,17,32617,32617,1,309,100.0,309/309,0.0,58.0,ok
SAR_Ship_Chip_20241215_UTM04N_EPSG32604_10m.manifest.json,20241215,4,32604,32604,1,1,100.0,1/1,4.05,36.0,ok
SAR_Ship_Chip_20241215_UTM19N_EPSG32619_10m.manifest.json,20241215,19,32619,32619,1,64,100.0,64/64,0.18,81.5,ok
SAR_Ship_Chip_20241215_UTM20N_EPSG32620_10m.manifest.json,20241215,20,32620,32620,1,66,100.0,66/66,0.0,76.0,ok
SAR_Ship_Chip_20241216_UTM11N_EPSG32611_10m.manifest.json,20241216,11,32611,32611,1,221,100.0,221/221,0.0,199.0,ok
SAR_Ship_Chip_20241216_UTM15N_EPSG32615_10m.manifest.json,20241216,15,32615,32615,1,104,100.0,104/104,0.0,105.0,ok
SAR_Ship_Chip_20241221_UTM14N_EPSG32614_10m.manifest.json,20241221,14,32614,32614,1,8,100.0,8/8,0.11,139.5,ok
SAR_Ship_Chip_20241221_UTM15N_EPSG32615_10m.manifest.json,20241221,15,32615,32615,1,453,100.0,453/453,0.0,177.0,ok
SAR_Ship_Chip_20241221_UTM17N_EPSG32617_10m.manifest.json,20241221,17,32617,32617,1,235,100.0,235/235,0.12,183.0,ok
SAR_Ship_Chip_20241221_UTM18N_EPSG32618_10m.manifest.json,20241221,18,32618,32618,1,1,100.0,1/1,0.0,186.0,ok
SAR_Ship_Chip_20241222_UTM04N_EPSG32604_10m.manifest.json,20241222,4,32604,32604,1,29,100.0,29/29,0.0,56.0,ok
SAR_Ship_Chip_20241222_UTM17N_EPSG32617_10m.manifest.json,20241222,17,32617,32617,1,12,100.0,12/12,13.25,183.0,ok
SAR_Ship_Chip_20241222_UTM19N_EPSG32619_10m.manifest.json,20241222,19,32619,32619,1,5,100.0,5/5,9.11,39.0,ok
SAR_Ship_Chip_20241223_UTM11N_EPSG32611_10m.manifest.json,20241223,11,32611,32611,1,15,100.0,15/15,0.0,37.0,ok
SAR_Ship_Chip_20241223_UTM15N_EPSG32615_10m.manifest.json,20241223,15,32615,32615,1,6,100.0,6/6,0.05,208.0,ok
SAR_Ship_Chip_20241223_UTM16N_EPSG32616_10m.manifest.json,20241223,16,32616,32616,1,340,100.0,340/340,0.0,95.0,ok
SAR_Ship_Chip_20241223_UTM17N_EPSG32617_10m.manifest.json,20241223,17,32617,32617,1,10,100.0,10/10,11.11,174.0,ok
SAR_Ship_Chip_20241223_UTM18N_EPSG32618_10m.manifest.json,20241223,18,32618,32618,1,141,100.0,141/141,0.0,180.0,ok
SAR_Ship_Chip_20241224_UTM10N_EPSG32610_10m.manifest.json,20241224,10,32610,32610,1,377,100.0,377/377,0.0,103.0,ok
SAR_Ship_Chip_20241224_UTM16N_EPSG32616_10m.manifest.json,20241224,16,32616,32616,1,12,100.0,12/12,0.05,100.0,ok
SAR_Ship_Chip_20241224_UTM17N_EPSG32617_10m.manifest.json,20241224,17,32617,32617,1,26,100.0,26/26,12.62,226.5,ok
SAR_Ship_Chip_20241225_UTM04N_EPSG32604_10m.manifest.json,20241225,4,32604,32604,1,25,100.0,25/25,0.0,59.0,ok
SAR_Ship_Chip_20241227_UTM19N_EPSG32619_10m.manifest.json,20241227,19,32619,32619,1,73,100.0,73/73,0.22,72.0,ok
SAR_Ship_Chip_20241227_UTM20N_EPSG32620_10m.manifest.json,20241227,20,32620,32620,1,74,100.0,74/74,0.1,69.5,ok
SAR_Ship_Chip_20241228_UTM11N_EPSG32611_10m.manifest.json,20241228,11,32611,32611,1,211,100.0,211/211,0.0,199.0,ok
SAR_Ship_Chip_20241228_UTM15N_EPSG32615_10m.manifest.json,20241228,15,32615,32615,1,89,100.0,89/89,0.0,89.0,ok
SAR_Ship_Chip_20241228_UTM17N_EPSG32617_10m.manifest.json,20241228,17,32617,32617,1,34,100.0,34/34,0.17,198.5,ok
SAR_Ship_Chip_20241228_UTM18N_EPSG32618_10m.manifest.json,20241228,18,32618,32618,1,1,100.0,1/1,11.45,178.0,ok
SAR_Ship_Chip_20241229_UTM05N_EPSG32605_10m.manifest.json,20241229,5,32605,32605,1,5,100.0,5/5,8.73,118.0,ok
SAR_Ship_Chip_20241229_UTM15N_EPSG32615_10m.manifest.json,20241229,15,32615,32615,1,14,100.0,14/14,0.0,193.5,ok
SAR_Ship_Chip_20241225_UTM18N_EPSG32618_10m.manifest.json,20241225,18,32618,32618,1,149,100.0,149/149,0.0,63.0,ok
SAR_Ship_Chip_20241225_UTM19N_EPSG32619_10m.manifest.json,20241225,19,32619,32619,1,14,100.0,14/14,10.25,189.5,ok
SAR_Ship_Chip_20241225_UTM20N_EPSG32620_10m.manifest.json,20241225,20,32620,32620,1,77,100.0,77/77,0.1,95.0,ok
SAR_Ship_Chip_20241226_UTM10N_EPSG32610_10m.manifest.json,20241226,10,32610,32610,1,230,100.0,230/230,0.0,163.5,ok
SAR_Ship_Chip_20241226_UTM15N_EPSG32615_10m.manifest.json,20241226,15,32615,32615,1,223,100.0,223/223,0.0,169.0,ok
SAR_Ship_Chip_20241226_UTM16N_EPSG32616_10m.manifest.json,20241226,16,32616,32616,1,5,100.0,5/5,0.0,200.0,ok
SAR_Ship_Chip_20241226_UTM17N_EPSG32617_10m.manifest.json,20241226,17,32617,32617,1,274,100.0,274/274,0.0,80.5,ok
SAR_Ship_Chip_20241227_UTM04N_EPSG32604_10m.manifest.json,20241227,4,32604,32604,1,1,100.0,1/1,0.0,280.0,ok
SAR_Ship_Chip_20241231_UTM15N_EPSG32615_10m.manifest.json,20241231,15,32615,32615,1,13,100.0,13/13,0.2,183.0,ok
SAR_Ship_Chip_20241231_UTM16N_EPSG32616_10m.manifest.json,20241231,16,32616,32616,1,26,100.0,26/26,0.03,191.0,ok
SAR_Ship_Chip_20241231_UTM17N_EPSG32617_10m.manifest.json,20241231,17,32617,32617,1,82,100.0,82/82,0.2,180.0,ok
SAR_Ship_Chip_20241231_UTM18N_EPSG32618_10m.manifest.json,20241231,18,32618,32618,1,32,100.0,32/32,0.0,71.0,ok
SAR_Ship_Chip_20250101_UTM04N_EPSG32604_10m.manifest.json,20250101,4,32604,32604,1,1,100.0,1/1,17.06,273.0,ok
SAR_Ship_Chip_20250101_UTM05N_EPSG32605_10m.manifest.json,20250101,5,32605,32605,1,6,100.0,6/6,7.38,39.5,ok
SAR_Ship_Chip_20250101_UTM12N_EPSG32612_10m.manifest.json,20250101,12,32612,32612,1,1,100.0,1/1,10.2,274.0,ok
SAR_Ship_Chip_20250101_UTM18N_EPSG32618_10m.manifest.json,20250101,18,32618,32618,1,9,100.0,9/9,0.0,182.0,ok
SAR_Ship_Chip_20241229_UTM16N_EPSG32616_10m.manifest.json,20241229,16,32616,32616,1,67,100.0,67/67,0.0,142.0,ok
SAR_Ship_Chip_20241229_UTM19N_EPSG32619_10m.manifest.json,20241229,19,32619,32619,1,5,100.0,5/5,1.59,182.0,ok
SAR_Ship_Chip_20241230_UTM04N_EPSG32604_10m.manifest.json,20241230,4,32604,32604,1,1,100.0,1/1,18.32,294.0,ok
SAR_Ship_Chip_20241230_UTM11N_EPSG32611_10m.manifest.json,20241230,11,32611,32611,1,4,100.0,4/4,14.89,205.0,ok
SAR_Ship_Chip_20241230_UTM18N_EPSG32618_10m.manifest.json,20241230,18,32618,32618,1,149,100.0,149/149,0.0,180.0,ok
SAR_Ship_Chip_20241231_UTM09N_EPSG32609_10m.manifest.json,20241231,9,32609,32609,1,9,100.0,9/9,6.77,183.0,ok
SAR_Ship_Chip_20241231_UTM10N_EPSG32610_10m.manifest.json,20241231,10,32610,32610,1,83,100.0,83/83,1.7,180.0,ok
SAR_Ship_Chip_20241231_UTM14N_EPSG32614_10m.manifest.json,20241231,14,32614,32614,1,93,100.0,93/93,0.0,147.0,ok
SAR_Ship_Chip_20250103_UTM17N_EPSG32617_10m.manifest.json,20250103,17,32617,32617,1,10,100.0,10/10,13.65,191.5,ok
SAR_Ship_Chip_20250103_UTM19N_EPSG32619_10m.manifest.json,20250103,19,32619,32619,1,3,100.0,3/3,11.86,39.0,ok
SAR_Ship_Chip_20250103_UTM20N_EPSG32620_10m.manifest.json,20250103,20,32620,32620,1,8,100.0,8/8,11.11,127.5,ok
SAR_Ship_Chip_20250104_UTM11N_EPSG32611_10m.manifest.json,20250104,11,32611,32611,1,16,100.0,16/16,0.15,180.5,ok
SAR_Ship_Chip_20250104_UTM15N_EPSG32615_10m.manifest.json,20250104,15,32615,32615,1,3,100.0,3/3,0.0,73.0,ok
SAR_Ship_Chip_20250104_UTM16N_EPSG32616_10m.manifest.json,20250104,16,32616,32616,1,366,100.0,366/366,0.0,100.0,ok
SAR_Ship_Chip_20250104_UTM17N_EPSG32617_10m.manifest.json,20250104,17,32617,32617,1,6,100.0,6/6,0.57,169.0,ok
SAR_Ship_Chip_20250104_UTM18N_EPSG32618_10m.manifest.json,20250104,18,32618,32618,1,133,100.0,133/133,0.0,186.0,ok
SAR_Ship_Chip_20250101_UTM19N_EPSG32619_10m.manifest.json,20250101,19,32619,32619,1,98,100.0,98/98,0.0,121.0,ok
SAR_Ship_Chip_20250101_UTM20N_EPSG32620_10m.manifest.json,20250101,20,32620,32620,1,14,100.0,14/14,0.2,66.0,ok
SAR_Ship_Chip_20250102_UTM10N_EPSG32610_10m.manifest.json,20250102,10,32610,32610,1,361,100.0,361/361,0.0,102.0,ok
SAR_Ship_Chip_20250102_UTM11N_EPSG32611_10m.manifest.json,20250102,11,32611,32611,1,112,100.0,112/112,0.0,184.0,ok
SAR_Ship_Chip_20250102_UTM14N_EPSG32614_10m.manifest.json,20250102,14,32614,32614,1,1,100.0,1/1,5.6,23.0,ok
SAR_Ship_Chip_20250102_UTM15N_EPSG32615_10m.manifest.json,20250102,15,32615,32615,1,466,100.0,466/466,0.0,167.0,ok
SAR_Ship_Chip_20250102_UTM17N_EPSG32617_10m.manifest.json,20250102,17,32617,32617,1,209,100.0,209/209,0.06,172.0,ok
SAR_Ship_Chip_20250103_UTM04N_EPSG32604_10m.manifest.json,20250103,4,32604,32604,1,22,100.0,22/22,0.0,63.5,ok
SAR_Ship_Chip_20250104_UTM19N_EPSG32619_10m.manifest.json,20250104,19,32619,32619,1,8,100.0,8/8,2.15,210.5,ok
SAR_Ship_Chip_20250105_UTM10N_EPSG32610_10m.manifest.json,20250105,10,32610,32610,1,384,100.0,384/384,0.0,105.0,ok
SAR_Ship_Chip_20250105_UTM16N_EPSG32616_10m.manifest.json,20250105,16,32616,32616,1,9,100.0,9/9,0.04,138.0,ok
SAR_Ship_Chip_20250105_UTM17N_EPSG32617_10m.manifest.json,20250105,17,32617,32617,1,16,100.0,16/16,11.8,210.5,ok
SAR_Ship_Chip_20250106_UTM04N_EPSG32604_10m.manifest.json,20250106,4,32604,32604,1,20,100.0,20/20,0.0,41.5,ok
SAR_Ship_Chip_20250106_UTM18N_EPSG32618_10m.manifest.json,20250106,18,32618,32618,1,157,100.0,157/157,0.0,89.0,ok
SAR_Ship_Chip_20250106_UTM19N_EPSG32619_10m.manifest.json,20250106,19,32619,32619,1,7,100.0,7/7,11.4,183.0,ok
SAR_Ship_Chip_20250106_UTM20N_EPSG32620_10m.manifest.json,20250106,20,32620,32620,1,86,100.0,86/86,0.15,75.5,ok
SAR_Ship_Chip_20250110_UTM19N_EPSG32619_10m.manifest.json,20250110,19,32619,32619,1,1,100.0,1/1,0.19,30.0,ok
SAR_Ship_Chip_20250111_UTM04N_EPSG32604_10m.manifest.json,20250111,4,32604,32604,1,1,100.0,1/1,9.4,280.0,ok
SAR_Ship_Chip_20250111_UTM11N_EPSG32611_10m.manifest.json,20250111,11,32611,32611,1,2,100.0,2/2,15.05,238.5,ok
SAR_Ship_Chip_20250111_UTM18N_EPSG32618_10m.manifest.json,20250111,18,32618,32618,1,167,100.0,167/167,0.01,199.0,ok
SAR_Ship_Chip_20250111_UTM19N_EPSG32619_10m.manifest.json,20250111,19,32619,32619,1,5,100.0,5/5,10.58,125.0,ok
SAR_Ship_Chip_20250112_UTM09N_EPSG32609_10m.manifest.json,20250112,9,32609,32609,1,26,100.0,26/26,7.81,184.0,ok
SAR_Ship_Chip_20250112_UTM10N_EPSG32610_10m.manifest.json,20250112,10,32610,32610,1,87,100.0,87/87,0.1,183.0,ok
SAR_Ship_Chip_20250112_UTM14N_EPSG32614_10m.manifest.json,20250112,14,32614,32614,1,51,100.0,51/51,0.0,127.0,ok
SAR_Ship_Chip_20250108_UTM20N_EPSG32620_10m.manifest.json,20250108,20,32620,32620,1,72,100.0,72/72,0.0,75.5,ok
SAR_Ship_Chip_20250109_UTM11N_EPSG32611_10m.manifest.json,20250109,11,32611,32611,1,187,100.0,187/187,0.0,199.0,ok
SAR_Ship_Chip_20250109_UTM15N_EPSG32615_10m.manifest.json,20250109,15,32615,32615,1,83,100.0,83/83,0.0,116.0,ok
SAR_Ship_Chip_20250109_UTM17N_EPSG32617_10m.manifest.json,20250109,17,32617,32617,1,32,100.0,32/32,0.15,186.0,ok
SAR_Ship_Chip_20250110_UTM05N_EPSG32605_10m.manifest.json,20250110,5,32605,32605,1,9,100.0,9/9,8.28,39.0,ok
SAR_Ship_Chip_20250110_UTM15N_EPSG32615_10m.manifest.json,20250110,15,32615,32615,1,9,100.0,9/9,0.0,192.0,ok
SAR_Ship_Chip_20250110_UTM16N_EPSG32616_10m.manifest.json,20250110,16,32616,32616,1,62,100.0,62/62,0.0,157.5,ok
SAR_Ship_Chip_20250110_UTM17N_EPSG32617_10m.manifest.json,20250110,17,32617,32617,1,4,100.0,4/4,13.5,191.0,ok
SAR_Ship_Chip_20250107_UTM10N_EPSG32610_10m.manifest.json,20250107,10,32610,32610,1,349,100.0,349/349,0.1,167.0,ok
SAR_Ship_Chip_20250107_UTM15N_EPSG32615_10m.manifest.json,20250107,15,32615,32615,1,230,100.0,230/230,0.0,175.5,ok
SAR_Ship_Chip_20250107_UTM16N_EPSG32616_10m.manifest.json,20250107,16,32616,32616,1,4,100.0,4/4,0.0,225.0,ok
SAR_Ship_Chip_20250107_UTM17N_EPSG32617_10m.manifest.json,20250107,17,32617,32617,1,272,100.0,272/272,0.0,59.5,ok
SAR_Ship_Chip_20250108_UTM04N_EPSG32604_10m.manifest.json,20250108,4,32604,32604,1,3,100.0,3/3,3.57,38.0,ok
SAR_Ship_Chip_20250108_UTM05N_EPSG32605_10m.manifest.json,20250108,5,32605,32605,1,1,100.0,1/1,19.6,366.0,ok
SAR_Ship_Chip_20250108_UTM16N_EPSG32616_10m.manifest.json,20250108,16,32616,32616,1,1,100.0,1/1,16.7,229.0,ok
SAR_Ship_Chip_20250108_UTM19N_EPSG32619_10m.manifest.json,20250108,19,32619,32619,1,54,100.0,54/54,0.0,71.0,ok
SAR_Ship_Chip_20250112_UTM16N_EPSG32616_10m.manifest.json,20250112,16,32616,32616,1,26,100.0,26/26,0.0,176.0,ok
SAR_Ship_Chip_20250112_UTM17N_EPSG32617_10m.manifest.json,20250112,17,32617,32617,1,60,100.0,60/60,0.08,170.0,ok
SAR_Ship_Chip_20250112_UTM18N_EPSG32618_10m.manifest.json,20250112,18,32618,32618,1,16,100.0,16/16,0.0,53.5,ok
SAR_Ship_Chip_20250113_UTM18N_EPSG32618_10m.manifest.json,20250113,18,32618,32618,1,15,100.0,15/15,0.1,41.0,ok
SAR_Ship_Chip_20250113_UTM19N_EPSG32619_10m.manifest.json,20250113,19,32619,32619,1,108,100.0,108/108,0.11,80.0,ok
SAR_Ship_Chip_20250113_UTM20N_EPSG32620_10m.manifest.json,20250113,20,32620,32620,1,34,100.0,34/34,0.3,110.5,ok
SAR_Ship_Chip_20250114_UTM10N_EPSG32610_10m.manifest.json,20250114,10,32610,32610,1,345,100.0,345/345,0.0,85.0,ok
SAR_Ship_Chip_20250114_UTM11N_EPSG32611_10m.manifest.json,20250114,11,32611,32611,1,95,100.0,95/95,0.0,196.0,ok
SAR_Ship_Chip_20250114_UTM14N_EPSG32614_10m.manifest.json,20250114,14,32614,32614,1,1,100.0,1/1,0.1,199.0,ok
SAR_Ship_Chip_20250114_UTM15N_EPSG32615_10m.manifest.json,20250114,15,32615,32615,1,493,100.0,493/493,0.0,177.0,ok
SAR_Ship_Chip_20250114_UTM17N_EPSG32617_10m.manifest.json,20250114,17,32617,32617,1,207,100.0,207/207,0.0,120.0,ok
SAR_Ship_Chip_20250115_UTM04N_EPSG32604_10m.manifest.json,20250115,4,32604,32604,1,32,100.0,32/32,0.05,52.0,ok
SAR_Ship_Chip_20250115_UTM17N_EPSG32617_10m.manifest.json,20250115,17,32617,32617,1,11,100.0,11/11,13.58,277.0,ok
SAR_Ship_Chip_20250115_UTM19N_EPSG32619_10m.manifest.json,20250115,19,32619,32619,1,7,100.0,7/7,11.99,179.0,ok
SAR_Ship_Chip_20250115_UTM20N_EPSG32620_10m.manifest.json,20250115,20,32620,32620,1,3,100.0,3/3,0.1,54.0,ok
SAR_Ship_Chip_20250116_UTM11N_EPSG32611_10m.manifest.json,20250116,11,32611,32611,1,21,100.0,21/21,0.0,116.0,ok
SAR_Ship_Chip_20250116_UTM15N_EPSG32615_10m.manifest.json,20250116,15,32615,32615,1,2,100.0,2/2,0.0,34.5,ok
SAR_Ship_Chip_20250116_UTM16N_EPSG32616_10m.manifest.json,20250116,16,32616,32616,1,342,100.0,342/342,0.0,92.0,ok
SAR_Ship_Chip_20250116_UTM17N_EPSG32617_10m.manifest.json,20250116,17,32617,32617,1,3,100.0,3/3,0.0,146.0,ok
SAR_Ship_Chip_20250116_UTM18N_EPSG32618_10m.manifest.json,20250116,18,32618,32618,1,136,100.0,136/136,0.0,170.0,ok
SAR_Ship_Chip_20250117_UTM09N_EPSG32609_10m.manifest.json,20250117,9,32609,32609,1,1,100.0,1/1,10.01,180.0,ok
SAR_Ship_Chip_20250117_UTM10N_EPSG32610_10m.manifest.json,20250117,10,32610,32610,1,357,100.0,357/357,0.0,107.0,ok
SAR_Ship_Chip_20250117_UTM16N_EPSG32616_10m.manifest.json,20250117,16,32616,32616,1,11,100.0,11/11,0.01,100.0,ok
SAR_Ship_Chip_20250117_UTM17N_EPSG32617_10m.manifest.json,20250117,17,32617,32617,1,18,100.0,18/18,13.02,226.5,ok
SAR_Ship_Chip_20250119_UTM19N_EPSG32619_10m.manifest.json,20250119,19,32619,32619,1,65,100.0,65/65,0.0,66.0,ok
SAR_Ship_Chip_20250120_UTM04N_EPSG32604_10m.manifest.json,20250120,4,32604,32604,1,1,100.0,1/1,13.3,299.0,ok
SAR_Ship_Chip_20250120_UTM12N_EPSG32612_10m.manifest.json,20250120,12,32612,32612,1,1,100.0,1/1,19.6,335.0,ok
SAR_Ship_Chip_20250120_UTM19N_EPSG32619_10m.manifest.json,20250120,19,32619,32619,1,60,100.0,60/60,0.09,70.5,ok
SAR_Ship_Chip_20250120_UTM20N_EPSG32620_10m.manifest.json,20250120,20,32620,32620,1,68,100.0,68/68,0.1,101.5,ok
SAR_Ship_Chip_20250121_UTM11N_EPSG32611_10m.manifest.json,20250121,11,32611,32611,1,206,100.0,206/206,0.0,183.5,ok
SAR_Ship_Chip_20250121_UTM15N_EPSG32615_10m.manifest.json,20250121,15,32615,32615,1,84,100.0,84/84,0.0,137.5,ok
SAR_Ship_Chip_20250121_UTM17N_EPSG32617_10m.manifest.json,20250121,17,32617,32617,1,26,100.0,26/26,0.0,194.0,ok
SAR_Ship_Chip_20250117_UTM18N_EPSG32618_10m.manifest.json,20250117,18,32618,32618,1,217,100.0,217/217,0.0,64.0,ok
SAR_Ship_Chip_20250118_UTM04N_EPSG32604_10m.manifest.json,20250118,4,32604,32604,1,22,100.0,22/22,0.02,42.0,ok
SAR_Ship_Chip_20250118_UTM18N_EPSG32618_10m.manifest.json,20250118,18,32618,32618,1,166,100.0,166/166,0.01,92.0,ok
SAR_Ship_Chip_20250118_UTM19N_EPSG32619_10m.manifest.json,20250118,19,32619,32619,1,5,100.0,5/5,9.3,229.0,ok
SAR_Ship_Chip_20250118_UTM20N_EPSG32620_10m.manifest.json,20250118,20,32620,32620,1,68,100.0,68/68,0.04,75.5,ok
SAR_Ship_Chip_20250119_UTM10N_EPSG32610_10m.manifest.json,20250119,10,32610,32610,1,315,100.0,315/315,0.02,180.0,ok
SAR_Ship_Chip_20250119_UTM15N_EPSG32615_10m.manifest.json,20250119,15,32615,32615,1,226,100.0,226/226,0.0,171.0,ok
SAR_Ship_Chip_20250119_UTM17N_EPSG32617_10m.manifest.json,20250119,17,32617,32617,1,342,100.0,342/342,0.0,60.0,ok
SAR_Ship_Chip_20250121_UTM18N_EPSG32618_10m.manifest.json,20250121,18,32618,32618,1,1,100.0,1/1,13.2,333.0,ok
SAR_Ship_Chip_20250121_UTM19N_EPSG32619_10m.manifest.json,20250121,19,32619,32619,1,2,100.0,2/2,12.75,188.5,ok
SAR_Ship_Chip_20250122_UTM10N_EPSG32610_10m.manifest.json,20250122,10,32610,32610,1,2,100.0,2/2,11.35,214.5,ok
SAR_Ship_Chip_20250122_UTM15N_EPSG32615_10m.manifest.json,20250122,15,32615,32615,1,3,100.0,3/3,0.0,33.0,ok
SAR_Ship_Chip_20250122_UTM16N_EPSG32616_10m.manifest.json,20250122,16,32616,32616,1,64,100.0,64/64,0.0,112.0,ok
SAR_Ship_Chip_20250122_UTM17N_EPSG32617_10m.manifest.json,20250122,17,32617,32617,1,14,100.0,14/14,11.34,194.5,ok
SAR_Ship_Chip_20250122_UTM19N_EPSG32619_10m.manifest.json,20250122,19,32619,32619,1,1,100.0,1/1,24.97,26.0,ok
SAR_Ship_Chip_20250123_UTM04N_EPSG32604_10m.manifest.json,20250123,4,32604,32604,1,1,100.0,1/1,6.68,229.0,ok
SAR_Ship_Chip_20250123_UTM18N_EPSG32618_10m.manifest.json,20250123,18,32618,32618,1,168,100.0,168/168,0.02,193.5,ok
SAR_Ship_Chip_20250123_UTM19N_EPSG32619_10m.manifest.json,20250123,19,32619,32619,1,1,100.0,1/1,0.21,172.0,ok
SAR_Ship_Chip_20250124_UTM09N_EPSG32609_10m.manifest.json,20250124,9,32609,32609,1,13,100.0,13/13,5.6,217.0,ok
SAR_Ship_Chip_20250124_UTM10N_EPSG32610_10m.manifest.json,20250124,10,32610,32610,1,86,100.0,86/86,0.1,182.5,ok
SAR_Ship_Chip_20250124_UTM14N_EPSG32614_10m.manifest.json,20250124,14,32614,32614,1,67,100.0,67/67,0.0,183.0,ok
SAR_Ship_Chip_20250124_UTM16N_EPSG32616_10m.manifest.json,20250124,16,32616,32616,1,17,100.0,17/17,0.0,53.0,ok
SAR_Ship_Chip_20250124_UTM17N_EPSG32617_10m.manifest.json,20250124,17,32617,32617,1,62,100.0,62/62,4.85,172.0,ok
SAR_Ship_Chip_20250124_UTM18N_EPSG32618_10m.manifest.json,20250124,18,32618,32618,1,162,100.0,162/162,0.0,80.0,ok
SAR_Ship_Chip_20250125_UTM04N_EPSG32604_10m.manifest.json,20250125,4,32604,32604,1,2,100.0,2/2,19.76,249.0,ok
SAR_Ship_Chip_20250125_UTM05N_EPSG32605_10m.manifest.json,20250125,5,32605,32605,1,8,100.0,8/8,2.82,39.5,ok
SAR_Ship_Chip_20250125_UTM12N_EPSG32612_10m.manifest.json,20250125,12,32612,32612,1,1,100.0,1/1,18.0,302.0,ok
SAR_Ship_Chip_20250125_UTM18N_EPSG32618_10m.manifest.json,20250125,18,32618,32618,1,18,100.0,18/18,0.0,134.0,ok
SAR_Ship_Chip_20250125_UTM19N_EPSG32619_10m.manifest.json,20250125,19,32619,32619,1,61,100.0,61/61,0.1,78.0,ok
SAR_Ship_Chip_20250125_UTM20N_EPSG32620_10m.manifest.json,20250125,20,32620,32620,1,16,100.0,16/16,7.31,138.5,ok
SAR_Ship_Chip_20250126_UTM10N_EPSG32610_10m.manifest.json,20250126,10,32610,32610,1,333,100.0,333/333,0.0,100.0,ok
SAR_Ship_Chip_20250126_UTM11N_EPSG32611_10m.manifest.json,20250126,11,32611,32611,1,116,100.0,116/116,0.02,200.0,ok
SAR_Ship_Chip_20250126_UTM14N_EPSG32614_10m.manifest.json,20250126,14,32614,32614,1,39,100.0,39/39,0.0,183.0,ok
SAR_Ship_Chip_20250126_UTM15N_EPSG32615_10m.manifest.json,20250126,15,32615,32615,1,113,100.0,113/113,0.0,160.0,ok
SAR_Ship_Chip_20250126_UTM17N_EPSG32617_10m.manifest.json,20250126,17,32617,32617,1,235,100.0,235/235,0.0,144.0,ok
SAR_Ship_Chip_20250126_UTM19N_EPSG32619_10m.manifest.json,20250126,19,32619,32619,1,1,100.0,1/1,9.66,295.0,ok
SAR_Ship_Chip_20250127_UTM09N_EPSG32609_10m.manifest.json,20250127,9,32609,32609,1,3,100.0,3/3,14.2,199.0,ok
SAR_Ship_Chip_20250127_UTM17N_EPSG32617_10m.manifest.json,20250127,17,32617,32617,1,2,100.0,2/2,13.8,247.0,ok
SAR_Ship_Chip_20250127_UTM19N_EPSG32619_10m.manifest.json,20250127,19,32619,32619,1,2,100.0,2/2,6.05,36.0,ok
SAR_Ship_Chip_20250127_UTM20N_EPSG32620_10m.manifest.json,20250127,20,32620,32620,1,1,100.0,1/1,17.62,295.0,ok
SAR_Ship_Chip_20250128_UTM11N_EPSG32611_10m.manifest.json,20250128,11,32611,32611,1,15,100.0,15/15,0.1,130.0,ok
SAR_Ship_Chip_20250128_UTM15N_EPSG32615_10m.manifest.json,20250128,15,32615,32615,1,3,100.0,3/3,0.0,68.0,ok
SAR_Ship_Chip_20250128_UTM16N_EPSG32616_10m.manifest.json,20250128,16,32616,32616,1,410,100.0,410/410,0.0,138.0,ok
SAR_Ship_Chip_20250128_UTM17N_EPSG32617_10m.manifest.json,20250128,17,32617,32617,1,7,100.0,7/7,0.0,194.0,ok
SAR_Ship_Chip_20250128_UTM18N_EPSG32618_10m.manifest.json,20250128,18,32618,32618,1,139,100.0,139/139,0.0,199.0,ok
SAR_Ship_Chip_20250128_UTM19N_EPSG32619_10m.manifest.json,20250128,19,32619,32619,1,5,100.0,5/5,12.9,220.0,ok
SAR_Ship_Chip_20250129_UTM09N_EPSG32609_10m.manifest.json,20250129,9,32609,32609,1,1,100.0,1/1,15.5,273.0,ok
SAR_Ship_Chip_20250129_UTM10N_EPSG32610_10m.manifest.json,20250129,10,32610,32610,1,359,100.0,359/359,0.0,100.0,ok
SAR_Ship_Chip_20250129_UTM16N_EPSG32616_10m.manifest.json,20250129,16,32616,32616,1,13,100.0,13/13,0.1,90.0,ok
SAR_Ship_Chip_20250129_UTM17N_EPSG32617_10m.manifest.json,20250129,17,32617,32617,1,62,100.0,62/62,10.93,227.5,ok
SAR_Ship_Chip_20250129_UTM18N_EPSG32618_10m.manifest.json,20250129,18,32618,32618,1,206,100.0,206/206,0.0,86.0,ok
SAR_Ship_Chip_20250130_UTM04N_EPSG32604_10m.manifest.json,20250130,4,32604,32604,1,26,100.0,26/26,0.0,61.0,ok
SAR_Ship_Chip_20250130_UTM16N_EPSG32616_10m.manifest.json,20250130,16,32616,32616,1,1,100.0,1/1,14.98,148.0,ok
SAR_Ship_Chip_20250130_UTM18N_EPSG32618_10m.manifest.json,20250130,18,32618,32618,1,169,100.0,169/169,0.01,99.0,ok
SAR_Ship_Chip_20250130_UTM19N_EPSG32619_10m.manifest.json,20250130,19,32619,32619,1,8,100.0,8/8,11.13,227.5,ok
SAR_Ship_Chip_20250130_UTM20N_EPSG32620_10m.manifest.json,20250130,20,32620,32620,1,72,100.0,72/72,0.1,64.0,ok
SAR_Ship_Chip_20250203_UTM16N_EPSG32616_10m.manifest.json,20250203,16,32616,32616,1,68,100.0,68/68,0.0,109.0,ok
SAR_Ship_Chip_20250203_UTM17N_EPSG32617_10m.manifest.json,20250203,17,32617,32617,1,16,100.0,16/16,12.05,160.0,ok
SAR_Ship_Chip_20250203_UTM20N_EPSG32620_10m.manifest.json,20250203,20,32620,32620,1,1,100.0,1/1,4.57,50.0,ok
SAR_Ship_Chip_20250204_UTM11N_EPSG32611_10m.manifest.json,20250204,11,32611,32611,1,1,100.0,1/1,18.06,200.0,ok
SAR_Ship_Chip_20250204_UTM18N_EPSG32618_10m.manifest.json,20250204,18,32618,32618,1,158,100.0,158/158,0.0,195.5,ok
SAR_Ship_Chip_20250204_UTM19N_EPSG32619_10m.manifest.json,20250204,19,32619,32619,1,19,100.0,19/19,11.2,183.0,ok
SAR_Ship_Chip_20250205_UTM09N_EPSG32609_10m.manifest.json,20250205,9,32609,32609,1,13,100.0,13/13,10.7,261.0,ok
SAR_Ship_Chip_20250205_UTM10N_EPSG32610_10m.manifest.json,20250205,10,32610,32610,1,87,100.0,87/87,0.43,183.0,ok
SAR_Ship_Chip_20250131_UTM10N_EPSG32610_10m.manifest.json,20250131,10,32610,32610,1,305,100.0,305/305,0.09,179.0,ok
SAR_Ship_Chip_20250131_UTM15N_EPSG32615_10m.manifest.json,20250131,15,32615,32615,1,228,100.0,228/228,0.0,161.5,ok
SAR_Ship_Chip_20250131_UTM16N_EPSG32616_10m.manifest.json,20250131,16,32616,32616,1,1,100.0,1/1,0.0,194.0,ok
SAR_Ship_Chip_20250131_UTM17N_EPSG32617_10m.manifest.json,20250131,17,32617,32617,1,356,100.0,356/356,0.0,60.0,ok
SAR_Ship_Chip_20250131_UTM18N_EPSG32618_10m.manifest.json,20250131,18,32618,32618,1,5,100.0,5/5,16.62,299.0,ok
SAR_Ship_Chip_20250131_UTM19N_EPSG32619_10m.manifest.json,20250131,19,32619,32619,1,57,100.0,57/57,0.0,70.0,ok
SAR_Ship_Chip_20250201_UTM16N_EPSG32616_10m.manifest.json,20250201,16,32616,32616,1,5,100.0,5/5,14.09,222.0,ok
SAR_Ship_Chip_20250201_UTM19N_EPSG32619_10m.manifest.json,20250201,19,32619,32619,1,54,100.0,54/54,0.11,79.5,ok
SAR_Ship_Chip_20250201_UTM20N_EPSG32620_10m.manifest.json,20250201,20,32620,32620,1,61,100.0,61/61,0.0,62.0,ok
SAR_Ship_Chip_20250202_UTM11N_EPSG32611_10m.manifest.json,20250202,11,32611,32611,1,198,100.0,198/198,0.0,195.5,ok
SAR_Ship_Chip_20250202_UTM15N_EPSG32615_10m.manifest.json,20250202,15,32615,32615,1,130,100.0,130/130,0.0,152.0,ok
SAR_Ship_Chip_20250202_UTM17N_EPSG32617_10m.manifest.json,20250202,17,32617,32617,1,27,100.0,27/27,0.02,215.0,ok
SAR_Ship_Chip_20250202_UTM18N_EPSG32618_10m.manifest.json,20250202,18,32618,32618,1,17,100.0,17/17,13.06,220.0,ok
SAR_Ship_Chip_20250203_UTM05N_EPSG32605_10m.manifest.json,20250203,5,32605,32605,1,3,100.0,3/3,4.95,160.0,ok
SAR_Ship_Chip_20250203_UTM10N_EPSG32610_10m.manifest.json,20250203,10,32610,32610,1,2,100.0,2/2,3.18,50.0,ok
SAR_Ship_Chip_20250203_UTM15N_EPSG32615_10m.manifest.json,20250203,15,32615,32615,1,4,100.0,4/4,0.0,37.5,ok
SAR_Ship_Chip_20250205_UTM16N_EPSG32616_10m.manifest.json,20250205,16,32616,32616,1,17,100.0,17/17,0.0,53.0,ok
SAR_Ship_Chip_20250205_UTM17N_EPSG32617_10m.manifest.json,20250205,17,32617,32617,1,77,100.0,77/77,0.0,156.0,ok
SAR_Ship_Chip_20250205_UTM18N_EPSG32618_10m.manifest.json,20250205,18,32618,32618,1,173,100.0,173/173,0.0,81.0,ok
SAR_Ship_Chip_20250206_UTM05N_EPSG32605_10m.manifest.json,20250206,5,32605,32605,1,5,100.0,5/5,8.0,45.0,ok
SAR_Ship_Chip_20250206_UTM18N_EPSG32618_10m.manifest.json,20250206,18,32618,32618,1,8,100.0,8/8,3.6,35.0,ok
SAR_Ship_Chip_20250206_UTM19N_EPSG32619_10m.manifest.json,20250206,19,32619,32619,1,110,100.0,110/110,0.0,79.5,ok
SAR_Ship_Chip_20250206_UTM20N_EPSG32620_10m.manifest.json,20250206,20,32620,32620,1,7,100.0,7/7,4.0,145.0,ok
SAR_Ship_Chip_20250207_UTM10N_EPSG32610_10m.manifest.json,20250207,10,32610,32610,1,340,100.0,340/340,0.0,119.5,ok
SAR_Ship_Chip_20250207_UTM11N_EPSG32611_10m.manifest.json,20250207,11,32611,32611,1,104,100.0,104/104,0.0,183.0,ok
SAR_Ship_Chip_20250207_UTM14N_EPSG32614_10m.manifest.json,20250207,14,32614,32614,1,32,100.0,32/32,0.0,144.0,ok
SAR_Ship_Chip_20250207_UTM15N_EPSG32615_10m.manifest.json,20250207,15,32615,32615,1,529,100.0,529/529,0.0,180.0,ok
SAR_Ship_Chip_20250207_UTM17N_EPSG32617_10m.manifest.json,20250207,17,32617,32617,1,270,100.0,270/270,0.0,142.0,ok
SAR_Ship_Chip_20250208_UTM04N_EPSG32604_10m.manifest.json,20250208,4,32604,32604,1,1,100.0,1/1,11.61,180.0,ok
SAR_Ship_Chip_20250208_UTM17N_EPSG32617_10m.manifest.json,20250208,17,32617,32617,1,3,100.0,3/3,19.7,293.0,ok
SAR_Ship_Chip_20250208_UTM19N_EPSG32619_10m.manifest.json,20250208,19,32619,32619,1,5,100.0,5/5,11.78,39.0,ok
SAR_Ship_Chip_20250209_UTM11N_EPSG32611_10m.manifest.json,20250209,11,32611,32611,1,30,100.0,30/30,0.83,183.0,ok
SAR_Ship_Chip_20250209_UTM15N_EPSG32615_10m.manifest.json,20250209,15,32615,32615,1,3,100.0,3/3,0.0,42.0,ok
SAR_Ship_Chip_20250209_UTM16N_EPSG32616_10m.manifest.json,20250209,16,32616,32616,1,393,100.0,393/393,0.0,106.0,ok
SAR_Ship_Chip_20250209_UTM17N_EPSG32617_10m.manifest.json,20250209,17,32617,32617,1,7,100.0,7/7,0.0,225.0,ok
SAR_Ship_Chip_20250209_UTM18N_EPSG32618_10m.manifest.json,20250209,18,32618,32618,1,139,100.0,139/139,0.0,190.0,ok
SAR_Ship_Chip_20250210_UTM10N_EPSG32610_10m.manifest.json,20250210,10,32610,32610,1,348,100.0,348/348,0.0,119.5,ok
SAR_Ship_Chip_20250210_UTM16N_EPSG32616_10m.manifest.json,20250210,16,32616,32616,1,8,100.0,8/8,0.0,104.0,ok
SAR_Ship_Chip_20250210_UTM17N_EPSG32617_10m.manifest.json,20250210,17,32617,32617,1,31,100.0,31/31,11.0,203.0,ok
SAR_Ship_Chip_20250210_UTM18N_EPSG32618_10m.manifest.json,20250210,18,32618,32618,1,142,100.0,142/142,0.0,50.0,ok
SAR_Ship_Chip_20250211_UTM04N_EPSG32604_10m.manifest.json,20250211,4,32604,32604,1,32,100.0,32/32,0.0,68.0,ok
SAR_Ship_Chip_20250211_UTM18N_EPSG32618_10m.manifest.json,20250211,18,32618,32618,1,16,100.0,16/16,4.52,148.0,ok
SAR_Ship_Chip_20250211_UTM20N_EPSG32620_10m.manifest.json,20250211,20,32620,32620,1,74,100.0,74/74,0.07,57.5,ok
SAR_Ship_Chip_20250212_UTM10N_EPSG32610_10m.manifest.json,20250212,10,32610,32610,1,251,100.0,251/251,0.1,175.0,ok
SAR_Ship_Chip_20250212_UTM15N_EPSG32615_10m.manifest.json,20250212,15,32615,32615,1,253,100.0,253/253,0.0,182.0,ok
SAR_Ship_Chip_20250212_UTM16N_EPSG32616_10m.manifest.json,20250212,16,32616,32616,1,5,100.0,5/5,0.0,194.0,ok
SAR_Ship_Chip_20250212_UTM17N_EPSG32617_10m.manifest.json,20250212,17,32617,32617,1,344,100.0,344/344,0.0,60.0,ok
SAR_Ship_Chip_20250213_UTM20N_EPSG32620_10m.manifest.json,20250213,20,32620,32620,1,72,100.0,72/72,0.1,59.5,ok
SAR_Ship_Chip_20250214_UTM11N_EPSG32611_10m.manifest.json,20250214,11,32611,32611,1,191,100.0,191/191,0.0,183.0,ok
SAR_Ship_Chip_20250214_UTM15N_EPSG32615_10m.manifest.json,20250214,15,32615,32615,1,117,100.0,117/117,0.0,91.0,ok
SAR_Ship_Chip_20250214_UTM17N_EPSG32617_10m.manifest.json,20250214,17,32617,32617,1,33,100.0,33/33,0.0,189.0,ok
SAR_Ship_Chip_20250214_UTM18N_EPSG32618_10m.manifest.json,20250214,18,32618,32618,1,3,100.0,3/3,12.3,200.0,ok
SAR_Ship_Chip_20250215_UTM10N_EPSG32610_10m.manifest.json,20250215,10,32610,32610,1,1,100.0,1/1,12.48,261.0,ok
SAR_Ship_Chip_20250215_UTM15N_EPSG32615_10m.manifest.json,20250215,15,32615,32615,1,4,100.0,4/4,0.0,37.5,ok
SAR_Ship_Chip_20250215_UTM16N_EPSG32616_10m.manifest.json,20250215,16,32616,32616,1,58,100.0,58/58,0.0,162.0,ok
SAR_Ship_Chip_20250215_UTM17N_EPSG32617_10m.manifest.json,20250215,17,32617,32617,1,7,100.0,7/7,13.01,256.0,ok
SAR_Ship_Chip_20250219_UTM17N_EPSG32617_10m.manifest.json,20250219,17,32617,32617,1,230,100.0,230/230,0.0,107.5,ok
SAR_Ship_Chip_20250220_UTM04N_EPSG32604_10m.manifest.json,20250220,4,32604,32604,1,1,100.0,1/1,10.24,260.0,ok
SAR_Ship_Chip_20250220_UTM09N_EPSG32609_10m.manifest.json,20250220,9,32609,32609,1,2,100.0,2/2,8.91,189.5,ok
SAR_Ship_Chip_20250220_UTM17N_EPSG32617_10m.manifest.json,20250220,17,32617,32617,1,9,100.0,9/9,14.7,250.0,ok
SAR_Ship_Chip_20250220_UTM19N_EPSG32619_10m.manifest.json,20250220,19,32619,32619,1,6,100.0,6/6,6.01,33.0,ok
SAR_Ship_Chip_20250220_UTM20N_EPSG32620_10m.manifest.json,20250220,20,32620,32620,1,5,100.0,5/5,15.49,249.0,ok
SAR_Ship_Chip_20250221_UTM11N_EPSG32611_10m.manifest.json,20250221,11,32611,32611,1,34,100.0,34/34,0.0,183.0,ok
SAR_Ship_Chip_20250221_UTM15N_EPSG32615_10m.manifest.json,20250221,15,32615,32615,1,4,100.0,4/4,0.0,55.0,ok
SAR_Ship_Chip_20250216_UTM11N_EPSG32611_10m.manifest.json,20250216,11,32611,32611,1,6,100.0,6/6,13.59,183.0,ok
SAR_Ship_Chip_20250216_UTM18N_EPSG32618_10m.manifest.json,20250216,18,32618,32618,1,183,100.0,183/183,0.1,199.0,ok
SAR_Ship_Chip_20250217_UTM09N_EPSG32609_10m.manifest.json,20250217,9,32609,32609,1,7,100.0,7/7,6.78,229.0,ok
SAR_Ship_Chip_20250217_UTM10N_EPSG32610_10m.manifest.json,20250217,10,32610,32610,1,93,100.0,93/93,0.1,183.0,ok
SAR_Ship_Chip_20250217_UTM14N_EPSG32614_10m.manifest.json,20250217,14,32614,32614,1,89,100.0,89/89,0.06,183.0,ok
SAR_Ship_Chip_20250217_UTM16N_EPSG32616_10m.manifest.json,20250217,16,32616,32616,1,17,100.0,17/17,0.0,53.0,ok
SAR_Ship_Chip_20250217_UTM17N_EPSG32617_10m.manifest.json,20250217,17,32617,32617,1,70,100.0,70/70,0.37,179.5,ok
SAR_Ship_Chip_20250217_UTM18N_EPSG32618_10m.manifest.json,20250217,18,32618,32618,1,188,100.0,188/188,0.0,89.0,ok
SAR_Ship_Chip_20250218_UTM05N_EPSG32605_10m.manifest.json,20250218,5,32605,32605,1,7,100.0,7/7,9.8,96.0,ok
SAR_Ship_Chip_20250218_UTM18N_EPSG32618_10m.manifest.json,20250218,18,32618,32618,1,18,100.0,18/18,0.0,154.5,ok
SAR_Ship_Chip_20250218_UTM19N_EPSG32619_10m.manifest.json,20250218,19,32619,32619,1,108,100.0,108/108,0.0,70.5,ok
SAR_Ship_Chip_20250218_UTM20N_EPSG32620_10m.manifest.json,20250218,20,32620,32620,1,13,100.0,13/13,0.23,94.0,ok
SAR_Ship_Chip_20250219_UTM10N_EPSG32610_10m.manifest.json,20250219,10,32610,32610,1,328,100.0,328/328,0.0,112.0,ok
SAR_Ship_Chip_20250219_UTM11N_EPSG32611_10m.manifest.json,20250219,11,32611,32611,1,116,100.0,116/116,0.0,200.0,ok
SAR_Ship_Chip_20250219_UTM14N_EPSG32614_10m.manifest.json,20250219,14,32614,32614,1,26,100.0,26/26,0.03,152.0,ok
SAR_Ship_Chip_20250219_UTM15N_EPSG32615_10m.manifest.json,20250219,15,32615,32615,1,424,100.0,424/424,0.0,180.0,ok
SAR_Ship_Chip_20250221_UTM16N_EPSG32616_10m.manifest.json,20250221,16,32616,32616,1,357,100.0,357/357,0.0,105.0,ok
SAR_Ship_Chip_20250221_UTM17N_EPSG32617_10m.manifest.json,20250221,17,32617,32617,1,5,100.0,5/5,0.0,225.0,ok
SAR_Ship_Chip_20250221_UTM18N_EPSG32618_10m.manifest.json,20250221,18,32618,32618,1,170,100.0,170/170,0.0,190.5,ok
SAR_Ship_Chip_20250221_UTM19N_EPSG32619_10m.manifest.json,20250221,19,32619,32619,1,4,100.0,4/4,15.35,188.5,ok
SAR_Ship_Chip_20250222_UTM09N_EPSG32609_10m.manifest.json,20250222,9,32609,32609,1,1,100.0,1/1,17.0,336.0,ok
SAR_Ship_Chip_20250222_UTM10N_EPSG32610_10m.manifest.json,20250222,10,32610,32610,1,367,100.0,367/367,0.0,139.0,ok
SAR_Ship_Chip_20250222_UTM16N_EPSG32616_10m.manifest.json,20250222,16,32616,32616,1,7,100.0,7/7,0.05,42.0,ok
SAR_Ship_Chip_20250222_UTM17N_EPSG32617_10m.manifest.json,20250222,17,32617,32617,1,24,100.0,24/24,11.96,216.5,ok
SAR_Ship_Chip_20250224_UTM15N_EPSG32615_10m.manifest.json,20250224,15,32615,32615,1,255,100.0,255/255,0.0,183.0,ok
SAR_Ship_Chip_20250224_UTM16N_EPSG32616_10m.manifest.json,20250224,16,32616,32616,1,4,100.0,4/4,0.0,225.5,ok
SAR_Ship_Chip_20250224_UTM17N_EPSG32617_10m.manifest.json,20250224,17,32617,32617,1,329,100.0,329/329,0.0,58.0,ok
SAR_Ship_Chip_20250224_UTM19N_EPSG32619_10m.manifest.json,20250224,19,32619,32619,1,68,100.0,68/68,0.0,71.0,ok
SAR_Ship_Chip_20250225_UTM05N_EPSG32605_10m.manifest.json,20250225,5,32605,32605,1,1,100.0,1/1,14.9,176.0,ok
SAR_Ship_Chip_20250225_UTM19N_EPSG32619_10m.manifest.json,20250225,19,32619,32619,1,65,100.0,65/65,0.1,76.0,ok
SAR_Ship_Chip_20250225_UTM20N_EPSG32620_10m.manifest.json,20250225,20,32620,32620,1,68,100.0,68/68,0.0,71.0,ok
SAR_Ship_Chip_20250226_UTM11N_EPSG32611_10m.manifest.json,20250226,11,32611,32611,1,207,100.0,207/207,0.0,191.0,ok
SAR_Ship_Chip_20250222_UTM18N_EPSG32618_10m.manifest.json,20250222,18,32618,32618,1,207,100.0,207/207,0.0,95.0,ok
SAR_Ship_Chip_20250223_UTM04N_EPSG32604_10m.manifest.json,20250223,4,32604,32604,1,33,100.0,33/33,0.0,59.0,ok
SAR_Ship_Chip_20250223_UTM11N_EPSG32611_10m.manifest.json,20250223,11,32611,32611,1,1,100.0,1/1,12.34,330.0,ok
SAR_Ship_Chip_20250223_UTM12N_EPSG32612_10m.manifest.json,20250223,12,32612,32612,1,1,100.0,1/1,14.1,190.0,ok
SAR_Ship_Chip_20250223_UTM18N_EPSG32618_10m.manifest.json,20250223,18,32618,32618,1,181,100.0,181/181,0.06,118.0,ok
SAR_Ship_Chip_20250223_UTM19N_EPSG32619_10m.manifest.json,20250223,19,32619,32619,1,12,100.0,12/12,12.95,188.0,ok
SAR_Ship_Chip_20250223_UTM20N_EPSG32620_10m.manifest.json,20250223,20,32620,32620,1,81,100.0,81/81,0.0,65.0,ok
SAR_Ship_Chip_20250224_UTM10N_EPSG32610_10m.manifest.json,20250224,10,32610,32610,1,296,100.0,296/296,0.03,180.0,ok
SAR_Ship_Chip_20250226_UTM14N_EPSG32614_10m.manifest.json,20250226,14,32614,32614,1,18,100.0,18/18,0.06,190.0,ok
SAR_Ship_Chip_20250226_UTM15N_EPSG32615_10m.manifest.json,20250226,15,32615,32615,1,142,100.0,142/142,0.1,92.5,ok
SAR_Ship_Chip_20250226_UTM17N_EPSG32617_10m.manifest.json,20250226,17,32617,32617,1,39,100.0,39/39,0.0,175.0,ok
SAR_Ship_Chip_20250226_UTM18N_EPSG32618_10m.manifest.json,20250226,18,32618,32618,1,1,100.0,1/1,13.4,182.0,ok
SAR_Ship_Chip_20250227_UTM10N_EPSG32610_10m.manifest.json,20250227,10,32610,32610,1,9,100.0,9/9,7.4,34.0,ok
SAR_Ship_Chip_20250227_UTM15N_EPSG32615_10m.manifest.json,20250227,15,32615,32615,1,7,100.0,7/7,0.0,42.0,ok
SAR_Ship_Chip_20250227_UTM16N_EPSG32616_10m.manifest.json,20250227,16,32616,32616,1,58,100.0,58/58,0.03,180.0,ok
SAR_Ship_Chip_20250227_UTM17N_EPSG32617_10m.manifest.json,20250227,17,32617,32617,1,2,100.0,2/2,16.01,194.5,ok
SAR_Ship_Chip_20250227_UTM19N_EPSG32619_10m.manifest.json,20250227,19,32619,32619,1,1,100.0,1/1,10.28,184.0,ok
SAR_Ship_Chip_20250228_UTM04N_EPSG32604_10m.manifest.json,20250228,4,32604,32604,1,1,100.0,1/1,0.0,280.0,ok
SAR_Ship_Chip_20250228_UTM11N_EPSG32611_10m.manifest.json,20250228,11,32611,32611,1,11,100.0,11/11,12.2,204.0,ok
SAR_Ship_Chip_20250228_UTM18N_EPSG32618_10m.manifest.json,20250228,18,32618,32618,1,193,100.0,193/193,0.06,199.0,ok
SAR_Ship_Chip_20250301_UTM09N_EPSG32609_10m.manifest.json,20250301,9,32609,32609,1,33,100.0,33/33,10.69,199.0,ok
SAR_Ship_Chip_20250301_UTM10N_EPSG32610_10m.manifest.json,20250301,10,32610,32610,1,105,100.0,105/105,0.77,183.0,ok
SAR_Ship_Chip_20250301_UTM14N_EPSG32614_10m.manifest.json,20250301,14,32614,32614,1,60,100.0,60/60,0.0,43.5,ok
SAR_Ship_Chip_20250301_UTM16N_EPSG32616_10m.manifest.json,20250301,16,32616,32616,1,18,100.0,18/18,0.0,56.0,ok
SAR_Ship_Chip_20250301_UTM17N_EPSG32617_10m.manifest.json,20250301,17,32617,32617,1,70,100.0,70/70,8.72,167.0,ok
SAR_Ship_Chip_20250301_UTM18N_EPSG32618_10m.manifest.json,20250301,18,32618,32618,1,190,100.0,190/190,0.0,97.0,ok
SAR_Ship_Chip_20250302_UTM05N_EPSG32605_10m.manifest.json,20250302,5,32605,32605,1,1,100.0,1/1,5.7,45.0,ok
SAR_Ship_Chip_20250302_UTM18N_EPSG32618_10m.manifest.json,20250302,18,32618,32618,1,15,100.0,15/15,0.0,182.0,ok
SAR_Ship_Chip_20250302_UTM19N_EPSG32619_10m.manifest.json,20250302,19,32619,32619,1,115,100.0,115/115,0.0,94.0,ok
SAR_Ship_Chip_20250302_UTM20N_EPSG32620_10m.manifest.json,20250302,20,32620,32620,1,5,100.0,5/5,10.82,110.0,ok
SAR_Ship_Chip_20250303_UTM10N_EPSG32610_10m.manifest.json,20250303,10,32610,32610,1,335,100.0,335/335,0.0,112.0,ok
SAR_Ship_Chip_20250303_UTM11N_EPSG32611_10m.manifest.json,20250303,11,32611,32611,1,106,100.0,106/106,0.0,188.0,ok
SAR_Ship_Chip_20250303_UTM14N_EPSG32614_10m.manifest.json,20250303,14,32614,32614,1,35,100.0,35/35,0.0,178.0,ok
SAR_Ship_Chip_20250303_UTM15N_EPSG32615_10m.manifest.json,20250303,15,32615,32615,1,441,100.0,441/441,0.0,180.0,ok
SAR_Ship_Chip_20250303_UTM17N_EPSG32617_10m.manifest.json,20250303,17,32617,32617,1,167,100.0,167/167,0.0,82.0,ok
SAR_Ship_Chip_20250303_UTM19N_EPSG32619_10m.manifest.json,20250303,19,32619,32619,1,1,100.0,1/1,12.4,183.0,ok
SAR_Ship_Chip_20250304_UTM09N_EPSG32609_10m.manifest.json,20250304,9,32609,32609,1,1,100.0,1/1,11.8,178.0,ok
SAR_Ship_Chip_20250304_UTM17N_EPSG32617_10m.manifest.json,20250304,17,32617,32617,1,3,100.0,3/3,14.4,199.0,ok
SAR_Ship_Chip_20250304_UTM19N_EPSG32619_10m.manifest.json,20250304,19,32619,32619,1,8,100.0,8/8,11.19,196.5,ok
SAR_Ship_Chip_20250304_UTM20N_EPSG32620_10m.manifest.json,20250304,20,32620,32620,1,4,100.0,4/4,0.1,109.0,ok
SAR_Ship_Chip_20250305_UTM11N_EPSG32611_10m.manifest.json,20250305,11,32611,32611,1,35,100.0,35/35,0.1,183.0,ok
SAR_Ship_Chip_20250305_UTM15N_EPSG32615_10m.manifest.json,20250305,15,32615,32615,1,5,100.0,5/5,0.0,68.0,ok
SAR_Ship_Chip_20250305_UTM16N_EPSG32616_10m.manifest.json,20250305,16,32616,32616,1,335,100.0,335/335,0.0,100.0,ok
SAR_Ship_Chip_20250305_UTM17N_EPSG32617_10m.manifest.json,20250305,17,32617,32617,1,8,100.0,8/8,0.0,224.0,ok
SAR_Ship_Chip_20250305_UTM18N_EPSG32618_10m.manifest.json,20250305,18,32618,32618,1,157,100.0,157/157,0.0,179.0,ok
SAR_Ship_Chip_20250305_UTM19N_EPSG32619_10m.manifest.json,20250305,19,32619,32619,1,1,100.0,1/1,18.4,339.0,ok
SAR_Ship_Chip_20250306_UTM10N_EPSG32610_10m.manifest.json,20250306,10,32610,32610,1,369,100.0,369/369,0.0,139.0,ok
SAR_Ship_Chip_20250306_UTM14N_EPSG32614_10m.manifest.json,20250306,14,32614,32614,1,20,100.0,20/20,0.0,183.0,ok
SAR_Ship_Chip_20250306_UTM16N_EPSG32616_10m.manifest.json,20250306,16,32616,32616,1,6,100.0,6/6,0.0,104.0,ok
SAR_Ship_Chip_20250306_UTM17N_EPSG32617_10m.manifest.json,20250306,17,32617,32617,1,31,100.0,31/31,11.2,210.0,ok
SAR_Ship_Chip_20250306_UTM18N_EPSG32618_10m.manifest.json,20250306,18,32618,32618,1,149,100.0,149/149,0.0,95.0,ok
SAR_Ship_Chip_20250306_UTM20N_EPSG32620_10m.manifest.json,20250306,20,32620,32620,1,1,100.0,1/1,0.1,274.0,ok
SAR_Ship_Chip_20250307_UTM04N_EPSG32604_10m.manifest.json,20250307,4,32604,32604,1,33,100.0,33/33,0.0,59.0,ok
SAR_Ship_Chip_20250307_UTM18N_EPSG32618_10m.manifest.json,20250307,18,32618,32618,1,171,100.0,171/171,0.06,95.0,ok
SAR_Ship_Chip_20250307_UTM19N_EPSG32619_10m.manifest.json,20250307,19,32619,32619,1,15,100.0,15/15,12.0,229.0,ok
SAR_Ship_Chip_20250307_UTM20N_EPSG32620_10m.manifest.json,20250307,20,32620,32620,1,68,100.0,68/68,0.0,63.0,ok
SAR_Ship_Chip_20250309_UTM20N_EPSG32620_10m.manifest.json,20250309,20,32620,32620,1,62,100.0,62/62,0.0,74.0,ok
SAR_Ship_Chip_20250310_UTM11N_EPSG32611_10m.manifest.json,20250310,11,32611,32611,1,198,100.0,198/198,0.0,200.0,ok
SAR_Ship_Chip_20250310_UTM15N_EPSG32615_10m.manifest.json,20250310,15,32615,32615,1,130,100.0,130/130,0.07,115.0,ok
SAR_Ship_Chip_20250310_UTM17N_EPSG32617_10m.manifest.json,20250310,17,32617,32617,1,47,100.0,47/47,0.0,191.0,ok
SAR_Ship_Chip_20250311_UTM05N_EPSG32605_10m.manifest.json,20250311,5,32605,32605,1,10,100.0,10/10,6.69,37.5,ok
SAR_Ship_Chip_20250311_UTM15N_EPSG32615_10m.manifest.json,20250311,15,32615,32615,1,5,100.0,5/5,0.0,42.0,ok
SAR_Ship_Chip_20250311_UTM16N_EPSG32616_10m.manifest.json,20250311,16,32616,32616,1,67,100.0,67/67,0.0,180.0,ok
SAR_Ship_Chip_20250311_UTM17N_EPSG32617_10m.manifest.json,20250311,17,32617,32617,1,6,100.0,6/6,16.85,262.0,ok
SAR_Ship_Chip_20250311_UTM19N_EPSG32619_10m.manifest.json,20250311,19,32619,32619,1,9,100.0,9/9,0.12,182.0,ok
SAR_Ship_Chip_20250312_UTM04N_EPSG32604_10m.manifest.json,20250312,4,32604,32604,1,1,100.0,1/1,0.05,37.0,ok
SAR_Ship_Chip_20250312_UTM18N_EPSG32618_10m.manifest.json,20250312,18,32618,32618,1,193,100.0,193/193,0.07,183.0,ok
SAR_Ship_Chip_20250312_UTM19N_EPSG32619_10m.manifest.json,20250312,19,32619,32619,1,6,100.0,6/6,0.25,194.0,ok
SAR_Ship_Chip_20250313_UTM09N_EPSG32609_10m.manifest.json,20250313,9,32609,32609,1,11,100.0,11/11,5.3,229.0,ok
SAR_Ship_Chip_20250313_UTM10N_EPSG32610_10m.manifest.json,20250313,10,32610,32610,1,84,100.0,84/84,0.5,180.0,ok
SAR_Ship_Chip_20250313_UTM14N_EPSG32614_10m.manifest.json,20250313,14,32614,32614,1,67,100.0,67/67,0.0,116.0,ok
SAR_Ship_Chip_20250313_UTM16N_EPSG32616_10m.manifest.json,20250313,16,32616,32616,1,20,100.0,20/20,0.0,63.5,ok
SAR_Ship_Chip_20250313_UTM17N_EPSG32617_10m.manifest.json,20250313,17,32617,32617,1,69,100.0,69/69,3.57,179.0,ok
SAR_Ship_Chip_20250313_UTM18N_EPSG32618_10m.manifest.json,20250313,18,32618,32618,1,34,100.0,34/34,0.0,71.0,ok
SAR_Ship_Chip_20250314_UTM04N_EPSG32604_10m.manifest.json,20250314,4,32604,32604,1,1,100.0,1/1,11.84,56.0,ok
SAR_Ship_Chip_20250314_UTM05N_EPSG32605_10m.manifest.json,20250314,5,32605,32605,1,5,100.0,5/5,7.9,45.0,ok
SAR_Ship_Chip_20250314_UTM18N_EPSG32618_10m.manifest.json,20250314,18,32618,32618,1,11,100.0,11/11,0.0,147.0,ok
SAR_Ship_Chip_20250314_UTM19N_EPSG32619_10m.manifest.json,20250314,19,32619,32619,1,128,100.0,128/128,0.06,68.0,ok
SAR_Ship_Chip_20250314_UTM20N_EPSG32620_10m.manifest.json,20250314,20,32620,32620,1,13,100.0,13/13,5.53,105.0,ok
SAR_Ship_Chip_20250315_UTM10N_EPSG32610_10m.manifest.json,20250315,10,32610,32610,1,349,100.0,349/349,0.0,134.0,ok
SAR_Ship_Chip_20250308_UTM10N_EPSG32610_10m.manifest.json,20250308,10,32610,32610,1,336,100.0,336/336,0.01,179.0,ok
SAR_Ship_Chip_20250308_UTM14N_EPSG32614_10m.manifest.json,20250308,14,32614,32614,1,1,100.0,1/1,0.09,217.0,ok
SAR_Ship_Chip_20250308_UTM15N_EPSG32615_10m.manifest.json,20250308,15,32615,32615,1,254,100.0,254/254,0.0,180.0,ok
SAR_Ship_Chip_20250308_UTM16N_EPSG32616_10m.manifest.json,20250308,16,32616,32616,1,7,100.0,7/7,0.0,194.0,ok
SAR_Ship_Chip_20250308_UTM17N_EPSG32617_10m.manifest.json,20250308,17,32617,32617,1,356,100.0,356/356,0.0,62.0,ok
SAR_Ship_Chip_20250308_UTM18N_EPSG32618_10m.manifest.json,20250308,18,32618,32618,1,2,100.0,2/2,19.8,323.5,ok
SAR_Ship_Chip_20250308_UTM19N_EPSG32619_10m.manifest.json,20250308,19,32619,32619,1,62,100.0,62/62,0.0,70.0,ok
SAR_Ship_Chip_20250309_UTM19N_EPSG32619_10m.manifest.json,20250309,19,32619,32619,1,59,100.0,59/59,0.05,71.0,ok
SAR_Ship_Chip_20250317_UTM11N_EPSG32611_10m.manifest.json,20250317,11,32611,32611,1,38,100.0,38/38,0.18,183.0,ok
SAR_Ship_Chip_20250317_UTM15N_EPSG32615_10m.manifest.json,20250317,15,32615,32615,1,4,100.0,4/4,0.0,55.0,ok
SAR_Ship_Chip_20250317_UTM16N_EPSG32616_10m.manifest.json,20250317,16,32616,32616,1,348,100.0,348/348,0.0,107.0,ok
SAR_Ship_Chip_20250317_UTM17N_EPSG32617_10m.manifest.json,20250317,17,32617,32617,1,12,100.0,12/12,0.0,208.0,ok
SAR_Ship_Chip_20250317_UTM18N_EPSG32618_10m.manifest.json,20250317,18,32618,32618,1,163,100.0,163/163,0.0,190.0,ok
SAR_Ship_Chip_20250317_UTM19N_EPSG32619_10m.manifest.json,20250317,19,32619,32619,1,4,100.0,4/4,14.68,247.5,ok
SAR_Ship_Chip_20250318_UTM10N_EPSG32610_10m.manifest.json,20250318,10,32610,32610,1,356,100.0,356/356,0.0,108.5,ok
SAR_Ship_Chip_20250318_UTM17N_EPSG32617_10m.manifest.json,20250318,17,32617,32617,1,36,100.0,36/36,11.34,274.0,ok
SAR_Ship_Chip_20250315_UTM11N_EPSG32611_10m.manifest.json,20250315,11,32611,32611,1,116,100.0,116/116,0.0,195.5,ok
SAR_Ship_Chip_20250315_UTM14N_EPSG32614_10m.manifest.json,20250315,14,32614,32614,1,18,100.0,18/18,0.14,183.0,ok
SAR_Ship_Chip_20250315_UTM15N_EPSG32615_10m.manifest.json,20250315,15,32615,32615,1,520,100.0,520/520,0.0,180.0,ok
SAR_Ship_Chip_20250315_UTM17N_EPSG32617_10m.manifest.json,20250315,17,32617,32617,1,291,100.0,291/291,0.0,138.0,ok
SAR_Ship_Chip_20250316_UTM04N_EPSG32604_10m.manifest.json,20250316,4,32604,32604,1,35,100.0,35/35,0.0,68.0,ok
SAR_Ship_Chip_20250316_UTM17N_EPSG32617_10m.manifest.json,20250316,17,32617,32617,1,1,100.0,1/1,14.3,165.0,ok
SAR_Ship_Chip_20250316_UTM19N_EPSG32619_10m.manifest.json,20250316,19,32619,32619,1,13,100.0,13/13,11.3,184.0,ok
SAR_Ship_Chip_20250316_UTM20N_EPSG32620_10m.manifest.json,20250316,20,32620,32620,1,4,100.0,4/4,11.35,108.0,ok
SAR_Ship_Chip_20250320_UTM19N_EPSG32619_10m.manifest.json,20250320,19,32619,32619,1,64,100.0,64/64,0.0,68.0,ok
SAR_Ship_Chip_20250321_UTM19N_EPSG32619_10m.manifest.json,20250321,19,32619,32619,1,54,100.0,54/54,0.1,77.0,ok
SAR_Ship_Chip_20250321_UTM20N_EPSG32620_10m.manifest.json,20250321,20,32620,32620,1,55,100.0,55/55,0.0,57.0,ok
SAR_Ship_Chip_20250322_UTM11N_EPSG32611_10m.manifest.json,20250322,11,32611,32611,1,238,100.0,238/238,0.0,190.0,ok
SAR_Ship_Chip_20250322_UTM15N_EPSG32615_10m.manifest.json,20250322,15,32615,32615,1,103,100.0,103/103,0.0,120.0,ok
SAR_Ship_Chip_20250323_UTM05N_EPSG32605_10m.manifest.json,20250323,5,32605,32605,1,2,100.0,2/2,6.59,156.5,ok
SAR_Ship_Chip_20250323_UTM10N_EPSG32610_10m.manifest.json,20250323,10,32610,32610,1,5,100.0,5/5,8.3,153.0,ok
SAR_Ship_Chip_20250323_UTM15N_EPSG32615_10m.manifest.json,20250323,15,32615,32615,1,11,100.0,11/11,0.0,225.0,ok
SAR_Ship_Chip_20250319_UTM12N_EPSG32612_10m.manifest.json,20250319,12,32612,32612,1,2,100.0,2/2,14.19,320.0,ok
SAR_Ship_Chip_20250319_UTM18N_EPSG32618_10m.manifest.json,20250319,18,32618,32618,1,175,100.0,175/175,0.1,104.0,ok
SAR_Ship_Chip_20250319_UTM19N_EPSG32619_10m.manifest.json,20250319,19,32619,32619,1,11,100.0,11/11,12.8,223.0,ok
SAR_Ship_Chip_20250319_UTM20N_EPSG32620_10m.manifest.json,20250319,20,32620,32620,1,2,100.0,2/2,13.35,218.0,ok
SAR_Ship_Chip_20250320_UTM10N_EPSG32610_10m.manifest.json,20250320,10,32610,32610,1,338,100.0,338/338,0.09,179.0,ok
SAR_Ship_Chip_20250320_UTM15N_EPSG32615_10m.manifest.json,20250320,15,32615,32615,1,221,100.0,221/221,0.0,183.0,ok
SAR_Ship_Chip_20250320_UTM16N_EPSG32616_10m.manifest.json,20250320,16,32616,32616,1,4,100.0,4/4,0.0,248.0,ok
SAR_Ship_Chip_20250320_UTM17N_EPSG32617_10m.manifest.json,20250320,17,32617,32617,1,394,100.0,394/394,0.0,58.0,ok
SAR_Ship_Chip_20250323_UTM16N_EPSG32616_10m.manifest.json,20250323,16,32616,32616,1,74,100.0,74/74,0.04,106.0,ok
SAR_Ship_Chip_20250323_UTM17N_EPSG32617_10m.manifest.json,20250323,17,32617,32617,1,6,100.0,6/6,14.88,230.0,ok
SAR_Ship_Chip_20250323_UTM19N_EPSG32619_10m.manifest.json,20250323,19,32619,32619,1,1,100.0,1/1,9.1,184.0,ok
SAR_Ship_Chip_20250324_UTM04N_EPSG32604_10m.manifest.json,20250324,4,32604,32604,1,1,100.0,1/1,0.13,160.0,ok
SAR_Ship_Chip_20250324_UTM11N_EPSG32611_10m.manifest.json,20250324,11,32611,32611,1,3,100.0,3/3,14.48,268.0,ok
SAR_Ship_Chip_20250324_UTM18N_EPSG32618_10m.manifest.json,20250324,18,32618,32618,1,184,100.0,184/184,0.06,186.0,ok
SAR_Ship_Chip_20250324_UTM19N_EPSG32619_10m.manifest.json,20250324,19,32619,32619,1,27,100.0,27/27,10.2,159.0,ok
SAR_Ship_Chip_20250325_UTM09N_EPSG32609_10m.manifest.json,20250325,9,32609,32609,1,16,100.0,16/16,5.92,236.5,ok
SAR_Ship_Chip_20250325_UTM10N_EPSG32610_10m.manifest.json,20250325,10,32610,32610,1,67,100.0,67/67,2.07,183.0,ok
SAR_Ship_Chip_20250325_UTM14N_EPSG32614_10m.manifest.json,20250325,14,32614,32614,1,86,100.0,86/86,0.0,146.0,ok
SAR_Ship_Chip_20250325_UTM16N_EPSG32616_10m.manifest.json,20250325,16,32616,32616,1,22,100.0,22/22,0.0,69.0,ok
SAR_Ship_Chip_20250325_UTM17N_EPSG32617_10m.manifest.json,20250325,17,32617,32617,1,85,100.0,85/85,0.04,179.0,ok
SAR_Ship_Chip_20250325_UTM18N_EPSG32618_10m.manifest.json,20250325,18,32618,32618,1,184,100.0,184/184,0.04,66.0,ok
SAR_Ship_Chip_20250326_UTM05N_EPSG32605_10m.manifest.json,20250326,5,32605,32605,1,5,100.0,5/5,0.11,37.0,ok
SAR_Ship_Chip_20250326_UTM18N_EPSG32618_10m.manifest.json,20250326,18,32618,32618,1,11,100.0,11/11,0.0,37.0,ok
SAR_Ship_Chip_20250326_UTM19N_EPSG32619_10m.manifest.json,20250326,19,32619,32619,1,116,100.0,116/116,0.0,70.5,ok
SAR_Ship_Chip_20250328_UTM09N_EPSG32609_10m.manifest.json,20250328,9,32609,32609,1,1,100.0,1/1,9.74,183.0,ok
SAR_Ship_Chip_20250328_UTM17N_EPSG32617_10m.manifest.json,20250328,17,32617,32617,1,1,100.0,1/1,9.14,190.0,ok
SAR_Ship_Chip_20250328_UTM19N_EPSG32619_10m.manifest.json,20250328,19,32619,32619,1,8,100.0,8/8,10.17,180.5,ok
SAR_Ship_Chip_20250328_UTM20N_EPSG32620_10m.manifest.json,20250328,20,32620,32620,1,1,100.0,1/1,9.9,293.0,ok
SAR_Ship_Chip_20250329_UTM11N_EPSG32611_10m.manifest.json,20250329,11,32611,32611,1,15,100.0,15/15,0.0,60.0,ok
SAR_Ship_Chip_20250329_UTM15N_EPSG32615_10m.manifest.json,20250329,15,32615,32615,1,3,100.0,3/3,0.05,42.0,ok
SAR_Ship_Chip_20250329_UTM16N_EPSG32616_10m.manifest.json,20250329,16,32616,32616,1,426,100.0,426/426,0.0,100.0,ok
SAR_Ship_Chip_20250329_UTM17N_EPSG32617_10m.manifest.json,20250329,17,32617,32617,1,16,100.0,16/16,0.29,173.5,ok
SAR_Ship_Chip_20250326_UTM20N_EPSG32620_10m.manifest.json,20250326,20,32620,32620,1,6,100.0,6/6,2.92,111.0,ok
SAR_Ship_Chip_20250327_UTM10N_EPSG32610_10m.manifest.json,20250327,10,32610,32610,1,363,100.0,363/363,0.0,107.0,ok
SAR_Ship_Chip_20250327_UTM11N_EPSG32611_10m.manifest.json,20250327,11,32611,32611,1,39,100.0,39/39,3.8,106.0,ok
SAR_Ship_Chip_20250327_UTM14N_EPSG32614_10m.manifest.json,20250327,14,32614,32614,1,22,100.0,22/22,0.0,191.0,ok
SAR_Ship_Chip_20250327_UTM15N_EPSG32615_10m.manifest.json,20250327,15,32615,32615,1,510,100.0,510/510,0.0,180.0,ok
SAR_Ship_Chip_20250327_UTM17N_EPSG32617_10m.manifest.json,20250327,17,32617,32617,1,262,100.0,262/262,0.0,106.0,ok
SAR_Ship_Chip_20250327_UTM19N_EPSG32619_10m.manifest.json,20250327,19,32619,32619,1,2,100.0,2/2,12.65,183.0,ok
SAR_Ship_Chip_20250328_UTM04N_EPSG32604_10m.manifest.json,20250328,4,32604,32604,1,36,100.0,36/36,0.01,74.0,ok
SAR_Ship_Chip_20250329_UTM18N_EPSG32618_10m.manifest.json,20250329,18,32618,32618,1,144,100.0,144/144,0.0,181.5,ok
SAR_Ship_Chip_20250329_UTM19N_EPSG32619_10m.manifest.json,20250329,19,32619,32619,1,7,100.0,7/7,9.31,229.0,ok
SAR_Ship_Chip_20250330_UTM10N_EPSG32610_10m.manifest.json,20250330,10,32610,32610,1,341,100.0,341/341,0.0,107.0,ok
SAR_Ship_Chip_20250330_UTM14N_EPSG32614_10m.manifest.json,20250330,14,32614,32614,1,37,100.0,37/37,0.0,147.0,ok
SAR_Ship_Chip_20250330_UTM16N_EPSG32616_10m.manifest.json,20250330,16,32616,32616,1,7,100.0,7/7,0.0,100.0,ok
SAR_Ship_Chip_20250331_UTM04N_EPSG32604_10m.manifest.json,20250331,4,32604,32604,1,40,100.0,40/40,0.0,68.5,ok
SAR_Ship_Chip_20250331_UTM18N_EPSG32618_10m.manifest.json,20250331,18,32618,32618,1,174,100.0,174/174,0.04,96.5,ok
SAR_Ship_Chip_20250331_UTM19N_EPSG32619_10m.manifest.json,20250331,19,32619,32619,1,13,100.0,13/13,10.3,175.0,ok
SAR_Ship_Chip_20250331_UTM20N_EPSG32620_10m.manifest.json,20250331,20,32620,32620,1,62,100.0,62/62,0.03,70.5,ok
SAR_Ship_Chip_20250401_UTM10N_EPSG32610_10m.manifest.json,20250401,10,32610,32610,1,319,100.0,319/319,0.04,160.0,ok
SAR_Ship_Chip_20250401_UTM14N_EPSG32614_10m.manifest.json,20250401,14,32614,32614,1,1,100.0,1/1,6.64,45.0,ok
SAR_Ship_Chip_20250401_UTM15N_EPSG32615_10m.manifest.json,20250401,15,32615,32615,1,239,100.0,239/239,0.0,183.0,ok
SAR_Ship_Chip_20250401_UTM16N_EPSG32616_10m.manifest.json,20250401,16,32616,32616,1,4,100.0,4/4,0.0,165.5,ok
SAR_Ship_Chip_20250401_UTM17N_EPSG32617_10m.manifest.json,20250401,17,32617,32617,1,383,100.0,383/383,0.0,58.0,ok
SAR_Ship_Chip_20250401_UTM19N_EPSG32619_10m.manifest.json,20250401,19,32619,32619,1,72,100.0,72/72,0.0,70.5,ok
SAR_Ship_Chip_20250402_UTM04N_EPSG32604_10m.manifest.json,20250402,4,32604,32604,1,2,100.0,2/2,4.8,197.0,ok
SAR_Ship_Chip_20250404_UTM10N_EPSG32610_10m.manifest.json,20250404,10,32610,32610,1,1,100.0,1/1,2.07,25.0,ok
SAR_Ship_Chip_20250404_UTM15N_EPSG32615_10m.manifest.json,20250404,15,32615,32615,1,5,100.0,5/5,0.0,222.0,ok
SAR_Ship_Chip_20250404_UTM16N_EPSG32616_10m.manifest.json,20250404,16,32616,32616,1,80,100.0,80/80,0.09,123.5,ok
SAR_Ship_Chip_20250404_UTM17N_EPSG32617_10m.manifest.json,20250404,17,32617,32617,1,3,100.0,3/3,16.3,292.0,ok
SAR_Ship_Chip_20250404_UTM19N_EPSG32619_10m.manifest.json,20250404,19,32619,32619,1,1,100.0,1/1,8.4,184.0,ok
SAR_Ship_Chip_20250405_UTM04N_EPSG32604_10m.manifest.json,20250405,4,32604,32604,1,3,100.0,3/3,9.49,146.0,ok
SAR_Ship_Chip_20250405_UTM11N_EPSG32611_10m.manifest.json,20250405,11,32611,32611,1,7,100.0,7/7,12.9,274.0,ok
SAR_Ship_Chip_20250405_UTM18N_EPSG32618_10m.manifest.json,20250405,18,32618,32618,1,156,100.0,156/156,0.08,180.0,ok
SAR_Ship_Chip_20250402_UTM19N_EPSG32619_10m.manifest.json,20250402,19,32619,32619,1,58,100.0,58/58,0.06,71.5,ok
SAR_Ship_Chip_20250402_UTM20N_EPSG32620_10m.manifest.json,20250402,20,32620,32620,1,65,100.0,65/65,0.0,69.0,ok
SAR_Ship_Chip_20250403_UTM11N_EPSG32611_10m.manifest.json,20250403,11,32611,32611,1,202,100.0,202/202,0.0,209.0,ok
SAR_Ship_Chip_20250403_UTM14N_EPSG32614_10m.manifest.json,20250403,14,32614,32614,1,4,100.0,4/4,3.5,174.5,ok
SAR_Ship_Chip_20250403_UTM15N_EPSG32615_10m.manifest.json,20250403,15,32615,32615,1,122,100.0,122/122,0.0,121.5,ok
SAR_Ship_Chip_20250403_UTM17N_EPSG32617_10m.manifest.json,20250403,17,32617,32617,1,48,100.0,48/48,0.07,190.5,ok
SAR_Ship_Chip_20250403_UTM18N_EPSG32618_10m.manifest.json,20250403,18,32618,32618,1,27,100.0,27/27,12.25,213.0,ok
SAR_Ship_Chip_20250404_UTM05N_EPSG32605_10m.manifest.json,20250404,5,32605,32605,1,6,100.0,6/6,3.29,37.5,ok
SAR_Ship_Chip_20250406_UTM09N_EPSG32609_10m.manifest.json,20250406,9,32609,32609,1,13,100.0,13/13,8.21,199.0,ok
SAR_Ship_Chip_20250406_UTM10N_EPSG32610_10m.manifest.json,20250406,10,32610,32610,1,84,100.0,84/84,0.59,181.5,ok
SAR_Ship_Chip_20250406_UTM14N_EPSG32614_10m.manifest.json,20250406,14,32614,32614,1,71,100.0,71/71,0.0,116.0,ok
SAR_Ship_Chip_20250406_UTM16N_EPSG32616_10m.manifest.json,20250406,16,32616,32616,1,31,100.0,31/31,0.0,178.0,ok
SAR_Ship_Chip_20250406_UTM17N_EPSG32617_10m.manifest.json,20250406,17,32617,32617,1,94,100.0,94/94,9.69,180.0,ok
SAR_Ship_Chip_20250406_UTM18N_EPSG32618_10m.manifest.json,20250406,18,32618,32618,1,28,100.0,28/28,0.1,48.0,ok
SAR_Ship_Chip_20250407_UTM04N_EPSG32604_10m.manifest.json,20250407,4,32604,32604,1,2,100.0,2/2,12.75,152.0,ok
SAR_Ship_Chip_20250407_UTM05N_EPSG32605_10m.manifest.json,20250407,5,32605,32605,1,3,100.0,3/3,7.53,45.0,ok
SAR_Ship_Chip_20250407_UTM12N_EPSG32612_10m.manifest.json,20250407,12,32612,32612,1,3,100.0,3/3,15.83,163.0,ok
SAR_Ship_Chip_20250407_UTM18N_EPSG32618_10m.manifest.json,20250407,18,32618,32618,1,16,100.0,16/16,0.05,87.0,ok
SAR_Ship_Chip_20250407_UTM19N_EPSG32619_10m.manifest.json,20250407,19,32619,32619,1,103,100.0,103/103,0.05,100.0,ok
SAR_Ship_Chip_20250407_UTM20N_EPSG32620_10m.manifest.json,20250407,20,32620,32620,1,9,100.0,9/9,8.4,105.0,ok
SAR_Ship_Chip_20250408_UTM10N_EPSG32610_10m.manifest.json,20250408,10,32610,32610,1,351,100.0,351/351,0.0,100.0,ok
SAR_Ship_Chip_20250408_UTM11N_EPSG32611_10m.manifest.json,20250408,11,32611,32611,1,119,100.0,119/119,0.04,199.0,ok
SAR_Ship_Chip_20250408_UTM14N_EPSG32614_10m.manifest.json,20250408,14,32614,32614,1,30,100.0,30/30,0.0,170.0,ok
SAR_Ship_Chip_20250408_UTM15N_EPSG32615_10m.manifest.json,20250408,15,32615,32615,1,459,100.0,459/459,0.0,181.0,ok
SAR_Ship_Chip_20250408_UTM17N_EPSG32617_10m.manifest.json,20250408,17,32617,32617,1,241,100.0,241/241,0.0,121.0,ok
SAR_Ship_Chip_20250408_UTM19N_EPSG32619_10m.manifest.json,20250408,19,32619,32619,1,2,100.0,2/2,9.37,101.5,ok
SAR_Ship_Chip_20250409_UTM04N_EPSG32604_10m.manifest.json,20250409,4,32604,32604,1,26,100.0,26/26,0.74,39.5,ok
SAR_Ship_Chip_20250409_UTM09N_EPSG32609_10m.manifest.json,20250409,9,32609,32609,1,1,100.0,1/1,11.93,241.0,ok
SAR_Ship_Chip_20250409_UTM17N_EPSG32617_10m.manifest.json,20250409,17,32617,32617,1,2,100.0,2/2,11.55,248.5,ok
SAR_Ship_Chip_20250409_UTM19N_EPSG32619_10m.manifest.json,20250409,19,32619,32619,1,3,100.0,3/3,10.43,147.0,ok
SAR_Ship_Chip_20250409_UTM20N_EPSG32620_10m.manifest.json,20250409,20,32620,32620,1,5,100.0,5/5,6.96,279.0,ok
SAR_Ship_Chip_20250410_UTM10N_EPSG32610_10m.manifest.json,20250410,10,32610,32610,1,6,100.0,6/6,11.05,191.0,ok
SAR_Ship_Chip_20250410_UTM11N_EPSG32611_10m.manifest.json,20250410,11,32611,32611,1,25,100.0,25/25,1.86,186.0,ok
SAR_Ship_Chip_20250410_UTM15N_EPSG32615_10m.manifest.json,20250410,15,32615,32615,1,3,100.0,3/3,0.0,68.0,ok
SAR_Ship_Chip_20250410_UTM16N_EPSG32616_10m.manifest.json,20250410,16,32616,32616,1,317,100.0,317/317,0.0,100.0,ok
SAR_Ship_Chip_20250410_UTM17N_EPSG32617_10m.manifest.json,20250410,17,32617,32617,1,19,100.0,19/19,0.2,194.0,ok
SAR_Ship_Chip_20250410_UTM18N_EPSG32618_10m.manifest.json,20250410,18,32618,32618,1,148,100.0,148/148,0.0,150.5,ok
SAR_Ship_Chip_20250410_UTM19N_EPSG32619_10m.manifest.json,20250410,19,32619,32619,1,11,100.0,11/11,1.9,183.0,ok
SAR_Ship_Chip_20250411_UTM09N_EPSG32609_10m.manifest.json,20250411,9,32609,32609,1,2,100.0,2/2,11.94,204.0,ok
SAR_Ship_Chip_20250411_UTM10N_EPSG32610_10m.manifest.json,20250411,10,32610,32610,1,342,100.0,342/342,0.0,100.0,ok
SAR_Ship_Chip_20250411_UTM14N_EPSG32614_10m.manifest.json,20250411,14,32614,32614,1,8,100.0,8/8,0.05,181.5,ok
SAR_Ship_Chip_20250411_UTM16N_EPSG32616_10m.manifest.json,20250411,16,32616,32616,1,8,100.0,8/8,0.0,121.0,ok
SAR_Ship_Chip_20250411_UTM17N_EPSG32617_10m.manifest.json,20250411,17,32617,32617,1,55,100.0,55/55,10.3,249.0,ok
SAR_Ship_Chip_20250411_UTM18N_EPSG32618_10m.manifest.json,20250411,18,32618,32618,1,176,100.0,176/176,0.0,49.0,ok
SAR_Ship_Chip_20250412_UTM04N_EPSG32604_10m.manifest.json,20250412,4,32604,32604,1,21,100.0,21/21,0.0,39.0,ok
SAR_Ship_Chip_20250412_UTM10N_EPSG32610_10m.manifest.json,20250412,10,32610,32610,1,7,100.0,7/7,7.16,199.0,ok
SAR_Ship_Chip_20250412_UTM12N_EPSG32612_10m.manifest.json,20250412,12,32612,32612,1,15,100.0,15/15,13.6,184.0,ok
SAR_Ship_Chip_20250412_UTM14N_EPSG32614_10m.manifest.json,20250412,14,32614,32614,1,57,100.0,57/57,0.0,64.0,ok
SAR_Ship_Chip_20250416_UTM15N_EPSG32615_10m.manifest.json,20250416,15,32615,32615,1,17,100.0,17/17,0.0,225.0,ok
SAR_Ship_Chip_20250416_UTM16N_EPSG32616_10m.manifest.json,20250416,16,32616,32616,1,69,100.0,69/69,0.0,136.0,ok
SAR_Ship_Chip_20250416_UTM17N_EPSG32617_10m.manifest.json,20250416,17,32617,32617,1,4,100.0,4/4,16.3,199.5,ok
SAR_Ship_Chip_20250416_UTM19N_EPSG32619_10m.manifest.json,20250416,19,32619,32619,1,1,100.0,1/1,14.4,184.0,ok
SAR_Ship_Chip_20250417_UTM04N_EPSG32604_10m.manifest.json,20250417,4,32604,32604,1,2,100.0,2/2,0.6,171.5,ok
SAR_Ship_Chip_20250417_UTM09N_EPSG32609_10m.manifest.json,20250417,9,32609,32609,1,1,100.0,1/1,12.13,287.0,ok
SAR_Ship_Chip_20250417_UTM10N_EPSG32610_10m.manifest.json,20250417,10,32610,32610,1,5,100.0,5/5,5.21,39.0,ok
SAR_Ship_Chip_20250417_UTM15N_EPSG32615_10m.manifest.json,20250417,15,32615,32615,1,4,100.0,4/4,0.0,225.0,ok
SAR_Ship_Chip_20250415_UTM09N_EPSG32609_10m.manifest.json,20250415,9,32609,32609,1,6,100.0,6/6,11.65,239.0,ok
SAR_Ship_Chip_20250415_UTM11N_EPSG32611_10m.manifest.json,20250415,11,32611,32611,1,228,100.0,228/228,0.0,199.0,ok
SAR_Ship_Chip_20250415_UTM15N_EPSG32615_10m.manifest.json,20250415,15,32615,32615,1,145,100.0,145/145,0.1,119.0,ok
SAR_Ship_Chip_20250415_UTM17N_EPSG32617_10m.manifest.json,20250415,17,32617,32617,1,37,100.0,37/37,0.07,190.0,ok
SAR_Ship_Chip_20250415_UTM18N_EPSG32618_10m.manifest.json,20250415,18,32618,32618,1,9,100.0,9/9,8.91,199.0,ok
SAR_Ship_Chip_20250416_UTM05N_EPSG32605_10m.manifest.json,20250416,5,32605,32605,1,3,100.0,3/3,0.64,210.0,ok
SAR_Ship_Chip_20250416_UTM10N_EPSG32610_10m.manifest.json,20250416,10,32610,32610,1,8,100.0,8/8,5.88,98.5,ok
SAR_Ship_Chip_20250416_UTM11N_EPSG32611_10m.manifest.json,20250416,11,32611,32611,1,19,100.0,19/19,0.03,106.0,ok
SAR_Ship_Chip_20250412_UTM15N_EPSG32615_10m.manifest.json,20250412,15,32615,32615,1,6,100.0,6/6,2.97,200.0,ok
SAR_Ship_Chip_20250412_UTM18N_EPSG32618_10m.manifest.json,20250412,18,32618,32618,1,170,100.0,170/170,0.01,105.0,ok
SAR_Ship_Chip_20250412_UTM19N_EPSG32619_10m.manifest.json,20250412,19,32619,32619,1,12,100.0,12/12,10.65,201.0,ok
SAR_Ship_Chip_20250412_UTM20N_EPSG32620_10m.manifest.json,20250412,20,32620,32620,1,59,100.0,59/59,0.1,69.0,ok
SAR_Ship_Chip_20250413_UTM10N_EPSG32610_10m.manifest.json,20250413,10,32610,32610,1,288,100.0,288/288,0.01,164.5,ok
SAR_Ship_Chip_20250413_UTM14N_EPSG32614_10m.manifest.json,20250413,14,32614,32614,1,2,100.0,2/2,5.09,220.5,ok
SAR_Ship_Chip_20250413_UTM15N_EPSG32615_10m.manifest.json,20250413,15,32615,32615,1,244,100.0,244/244,0.0,180.0,ok
SAR_Ship_Chip_20250413_UTM16N_EPSG32616_10m.manifest.json,20250413,16,32616,32616,1,4,100.0,4/4,0.0,135.0,ok
SAR_Ship_Chip_20250413_UTM17N_EPSG32617_10m.manifest.json,20250413,17,32617,32617,1,344,100.0,344/344,0.0,54.0,ok
SAR_Ship_Chip_20250413_UTM19N_EPSG32619_10m.manifest.json,20250413,19,32619,32619,1,58,100.0,58/58,0.0,68.0,ok
SAR_Ship_Chip_20250414_UTM04N_EPSG32604_10m.manifest.json,20250414,4,32604,32604,1,1,100.0,1/1,4.78,160.0,ok
SAR_Ship_Chip_20250414_UTM10N_EPSG32610_10m.manifest.json,20250414,10,32610,32610,1,193,100.0,193/193,0.0,75.0,ok
SAR_Ship_Chip_20250414_UTM11N_EPSG32611_10m.manifest.json,20250414,11,32611,32611,1,90,100.0,90/90,0.0,181.5,ok
SAR_Ship_Chip_20250414_UTM14N_EPSG32614_10m.manifest.json,20250414,14,32614,32614,1,133,100.0,133/133,0.0,182.0,ok
SAR_Ship_Chip_20250414_UTM19N_EPSG32619_10m.manifest.json,20250414,19,32619,32619,1,77,100.0,77/77,0.36,71.0,ok
SAR_Ship_Chip_20250414_UTM20N_EPSG32620_10m.manifest.json,20250414,20,32620,32620,1,54,100.0,54/54,0.02,71.5,ok
SAR_Ship_Chip_20250417_UTM16N_EPSG32616_10m.manifest.json,20250417,16,32616,32616,1,4,100.0,4/4,6.23,175.5,ok
SAR_Ship_Chip_20250417_UTM18N_EPSG32618_10m.manifest.json,20250417,18,32618,32618,1,360,100.0,360/360,0.0,118.5,ok
SAR_Ship_Chip_20250418_UTM09N_EPSG32609_10m.manifest.json,20250418,9,32609,32609,1,20,100.0,20/20,8.64,200.0,ok
SAR_Ship_Chip_20250418_UTM10N_EPSG32610_10m.manifest.json,20250418,10,32610,32610,1,91,100.0,91/91,0.08,183.0,ok
SAR_Ship_Chip_20250418_UTM14N_EPSG32614_10m.manifest.json,20250418,14,32614,32614,1,87,100.0,87/87,0.02,180.0,ok
SAR_Ship_Chip_20250418_UTM15N_EPSG32615_10m.manifest.json,20250418,15,32615,32615,1,10,100.0,10/10,0.0,199.5,ok
SAR_Ship_Chip_20250418_UTM16N_EPSG32616_10m.manifest.json,20250418,16,32616,32616,1,45,100.0,45/45,0.14,195.0,ok
SAR_Ship_Chip_20250418_UTM17N_EPSG32617_10m.manifest.json,20250418,17,32617,32617,1,58,100.0,58/58,0.16,180.0,ok
SAR_Ship_Chip_20250418_UTM18N_EPSG32618_10m.manifest.json,20250418,18,32618,32618,1,362,100.0,362/362,0.0,101.5,ok
SAR_Ship_Chip_20250419_UTM04N_EPSG32604_10m.manifest.json,20250419,4,32604,32604,1,1,100.0,1/1,18.22,217.0,ok
SAR_Ship_Chip_20250419_UTM05N_EPSG32605_10m.manifest.json,20250419,5,32605,32605,1,7,100.0,7/7,0.19,38.0,ok
SAR_Ship_Chip_20250419_UTM10N_EPSG32610_10m.manifest.json,20250419,10,32610,32610,1,200,100.0,200/200,0.06,156.5,ok
SAR_Ship_Chip_20250419_UTM15N_EPSG32615_10m.manifest.json,20250419,15,32615,32615,1,32,100.0,32/32,0.24,79.5,ok
SAR_Ship_Chip_20250419_UTM16N_EPSG32616_10m.manifest.json,20250419,16,32616,32616,1,12,100.0,12/12,4.68,101.0,ok
SAR_Ship_Chip_20250419_UTM18N_EPSG32618_10m.manifest.json,20250419,18,32618,32618,1,14,100.0,14/14,0.0,44.0,ok
SAR_Ship_Chip_20250419_UTM19N_EPSG32619_10m.manifest.json,20250419,19,32619,32619,1,173,100.0,173/173,0.03,72.0,ok
SAR_Ship_Chip_20250421_UTM09N_EPSG32609_10m.manifest.json,20250421,9,32609,32609,1,1,100.0,1/1,1.65,330.0,ok
SAR_Ship_Chip_20250421_UTM11N_EPSG32611_10m.manifest.json,20250421,11,32611,32611,1,207,100.0,207/207,0.0,200.0,ok
SAR_Ship_Chip_20250421_UTM19N_EPSG32619_10m.manifest.json,20250421,19,32619,32619,1,6,100.0,6/6,11.7,176.0,ok
SAR_Ship_Chip_20250421_UTM20N_EPSG32620_10m.manifest.json,20250421,20,32620,32620,1,2,100.0,2/2,0.0,54.0,ok
SAR_Ship_Chip_20250422_UTM10N_EPSG32610_10m.manifest.json,20250422,10,32610,32610,1,5,100.0,5/5,10.9,189.0,ok
SAR_Ship_Chip_20250422_UTM11N_EPSG32611_10m.manifest.json,20250422,11,32611,32611,1,25,100.0,25/25,0.0,177.0,ok
SAR_Ship_Chip_20250422_UTM16N_EPSG32616_10m.manifest.json,20250422,16,32616,32616,1,331,100.0,331/331,0.0,95.0,ok
SAR_Ship_Chip_20250422_UTM17N_EPSG32617_10m.manifest.json,20250422,17,32617,32617,1,30,100.0,30/30,0.25,153.0,ok
SAR_Ship_Chip_20250419_UTM20N_EPSG32620_10m.manifest.json,20250419,20,32620,32620,1,4,100.0,4/4,0.28,67.5,ok
SAR_Ship_Chip_20250420_UTM10N_EPSG32610_10m.manifest.json,20250420,10,32610,32610,1,348,100.0,348/348,0.0,100.0,ok
SAR_Ship_Chip_20250420_UTM11N_EPSG32611_10m.manifest.json,20250420,11,32611,32611,1,107,100.0,107/107,0.0,190.0,ok
SAR_Ship_Chip_20250420_UTM14N_EPSG32614_10m.manifest.json,20250420,14,32614,32614,1,29,100.0,29/29,0.0,177.0,ok
SAR_Ship_Chip_20250420_UTM15N_EPSG32615_10m.manifest.json,20250420,15,32615,32615,1,398,100.0,398/398,0.1,179.0,ok
SAR_Ship_Chip_20250420_UTM17N_EPSG32617_10m.manifest.json,20250420,17,32617,32617,1,268,100.0,268/268,0.06,135.0,ok
SAR_Ship_Chip_20250420_UTM19N_EPSG32619_10m.manifest.json,20250420,19,32619,32619,1,48,100.0,48/48,0.25,71.5,ok
SAR_Ship_Chip_20250421_UTM04N_EPSG32604_10m.manifest.json,20250421,4,32604,32604,1,24,100.0,24/24,0.0,39.5,ok
SAR_Ship_Chip_20250426_UTM14N_EPSG32614_10m.manifest.json,20250426,14,32614,32614,1,125,100.0,125/125,0.0,150.0,ok
SAR_Ship_Chip_20250426_UTM15N_EPSG32615_10m.manifest.json,20250426,15,32615,32615,1,1,100.0,1/1,0.2,62.0,ok
SAR_Ship_Chip_20250426_UTM17N_EPSG32617_10m.manifest.json,20250426,17,32617,32617,1,29,100.0,29/29,8.9,204.0,ok
SAR_Ship_Chip_20250426_UTM19N_EPSG32619_10m.manifest.json,20250426,19,32619,32619,1,73,100.0,73/73,0.31,78.0,ok
SAR_Ship_Chip_20250426_UTM20N_EPSG32620_10m.manifest.json,20250426,20,32620,32620,1,30,100.0,30/30,0.0,60.0,ok
SAR_Ship_Chip_20250427_UTM09N_EPSG32609_10m.manifest.json,20250427,9,32609,32609,1,3,100.0,3/3,10.17,199.0,ok
SAR_Ship_Chip_20250427_UTM11N_EPSG32611_10m.manifest.json,20250427,11,32611,32611,1,183,100.0,183/183,0.0,228.0,ok
SAR_Ship_Chip_20250427_UTM15N_EPSG32615_10m.manifest.json,20250427,15,32615,32615,1,131,100.0,131/131,0.1,86.0,ok
SAR_Ship_Chip_20250423_UTM18N_EPSG32618_10m.manifest.json,20250423,18,32618,32618,1,187,100.0,187/187,0.0,63.0,ok
SAR_Ship_Chip_20250424_UTM04N_EPSG32604_10m.manifest.json,20250424,4,32604,32604,1,23,100.0,23/23,0.0,39.0,ok
SAR_Ship_Chip_20250424_UTM09N_EPSG32609_10m.manifest.json,20250424,9,32609,32609,1,3,100.0,3/3,11.4,210.0,ok
SAR_Ship_Chip_20250424_UTM10N_EPSG32610_10m.manifest.json,20250424,10,32610,32610,1,82,100.0,82/82,0.07,178.5,ok
SAR_Ship_Chip_20250424_UTM14N_EPSG32614_10m.manifest.json,20250424,14,32614,32614,1,68,100.0,68/68,0.0,147.0,ok
SAR_Ship_Chip_20250424_UTM18N_EPSG32618_10m.manifest.json,20250424,18,32618,32618,1,360,100.0,360/360,0.08,94.5,ok
SAR_Ship_Chip_20250424_UTM19N_EPSG32619_10m.manifest.json,20250424,19,32619,32619,1,5,100.0,5/5,12.65,184.0,ok
SAR_Ship_Chip_20250424_UTM20N_EPSG32620_10m.manifest.json,20250424,20,32620,32620,1,43,100.0,43/43,0.0,65.0,ok
SAR_Ship_Chip_20250425_UTM10N_EPSG32610_10m.manifest.json,20250425,10,32610,32610,1,332,100.0,332/332,0.02,160.0,ok
SAR_Ship_Chip_20250425_UTM15N_EPSG32615_10m.manifest.json,20250425,15,32615,32615,1,244,100.0,244/244,0.0,180.0,ok
SAR_Ship_Chip_20250425_UTM16N_EPSG32616_10m.manifest.json,20250425,16,32616,32616,1,1,100.0,1/1,0.0,67.0,ok
SAR_Ship_Chip_20250425_UTM17N_EPSG32617_10m.manifest.json,20250425,17,32617,32617,1,360,100.0,360/360,0.0,58.0,ok
SAR_Ship_Chip_20250425_UTM19N_EPSG32619_10m.manifest.json,20250425,19,32619,32619,1,73,100.0,73/73,0.06,66.0,ok
SAR_Ship_Chip_20250426_UTM04N_EPSG32604_10m.manifest.json,20250426,4,32604,32604,1,1,100.0,1/1,7.57,40.0,ok
SAR_Ship_Chip_20250426_UTM10N_EPSG32610_10m.manifest.json,20250426,10,32610,32610,1,327,100.0,327/327,0.0,100.0,ok
SAR_Ship_Chip_20250426_UTM11N_EPSG32611_10m.manifest.json,20250426,11,32611,32611,1,120,100.0,120/120,0.01,200.0,ok
SAR_Ship_Chip_20250427_UTM17N_EPSG32617_10m.manifest.json,20250427,17,32617,32617,1,43,100.0,43/43,0.0,185.0,ok
SAR_Ship_Chip_20250427_UTM18N_EPSG32618_10m.manifest.json,20250427,18,32618,32618,1,36,100.0,36/36,11.92,185.0,ok
SAR_Ship_Chip_20250427_UTM19N_EPSG32619_10m.manifest.json,20250427,19,32619,32619,1,1,100.0,1/1,7.27,190.0,ok
SAR_Ship_Chip_20250428_UTM05N_EPSG32605_10m.manifest.json,20250428,5,32605,32605,1,3,100.0,3/3,0.0,280.0,ok
SAR_Ship_Chip_20250428_UTM10N_EPSG32610_10m.manifest.json,20250428,10,32610,32610,1,7,100.0,7/7,11.3,180.0,ok
SAR_Ship_Chip_20250428_UTM11N_EPSG32611_10m.manifest.json,20250428,11,32611,32611,1,19,100.0,19/19,0.0,67.0,ok
SAR_Ship_Chip_20250428_UTM15N_EPSG32615_10m.manifest.json,20250428,15,32615,32615,1,9,100.0,9/9,0.1,137.0,ok
SAR_Ship_Chip_20250428_UTM16N_EPSG32616_10m.manifest.json,20250428,16,32616,32616,1,89,100.0,89/89,0.0,137.0,ok
SAR_Ship_Chip_20250422_UTM18N_EPSG32618_10m.manifest.json,20250422,18,32618,32618,1,146,100.0,146/146,0.0,180.0,ok
SAR_Ship_Chip_20250422_UTM19N_EPSG32619_10m.manifest.json,20250422,19,32619,32619,1,7,100.0,7/7,11.7,137.0,ok
SAR_Ship_Chip_20250422_UTM20N_EPSG32620_10m.manifest.json,20250422,20,32620,32620,1,2,100.0,2/2,10.2,108.5,ok
SAR_Ship_Chip_20250423_UTM09N_EPSG32609_10m.manifest.json,20250423,9,32609,32609,1,3,100.0,3/3,9.85,228.0,ok
SAR_Ship_Chip_20250423_UTM10N_EPSG32610_10m.manifest.json,20250423,10,32610,32610,1,386,100.0,386/386,0.0,110.0,ok
SAR_Ship_Chip_20250423_UTM14N_EPSG32614_10m.manifest.json,20250423,14,32614,32614,1,10,100.0,10/10,0.0,183.0,ok
SAR_Ship_Chip_20250423_UTM16N_EPSG32616_10m.manifest.json,20250423,16,32616,32616,1,10,100.0,10/10,0.0,115.0,ok
SAR_Ship_Chip_20250423_UTM17N_EPSG32617_10m.manifest.json,20250423,17,32617,32617,1,42,100.0,42/42,10.99,202.5,ok
SAR_Ship_Chip_20250428_UTM17N_EPSG32617_10m.manifest.json,20250428,17,32617,32617,1,7,100.0,7/7,12.2,207.0,ok
SAR_Ship_Chip_20250428_UTM19N_EPSG32619_10m.manifest.json,20250428,19,32619,32619,1,3,100.0,3/3,10.8,183.0,ok
SAR_Ship_Chip_20250429_UTM04N_EPSG32604_10m.manifest.json,20250429,4,32604,32604,1,1,100.0,1/1,9.0,213.0,ok
SAR_Ship_Chip_20250429_UTM09N_EPSG32609_10m.manifest.json,20250429,9,32609,32609,1,4,100.0,4/4,12.77,293.5,ok
SAR_Ship_Chip_20250429_UTM10N_EPSG32610_10m.manifest.json,20250429,10,32610,32610,1,7,100.0,7/7,0.0,39.0,ok
SAR_Ship_Chip_20250429_UTM14N_EPSG32614_10m.manifest.json,20250429,14,32614,32614,1,2,100.0,2/2,0.1,137.5,ok
SAR_Ship_Chip_20250429_UTM18N_EPSG32618_10m.manifest.json,20250429,18,32618,32618,1,384,100.0,384/384,0.0,107.5,ok
SAR_Ship_Chip_20250430_UTM09N_EPSG32609_10m.manifest.json,20250430,9,32609,32609,1,16,100.0,16/16,3.48,181.5,ok
SAR_Ship_Chip_20250502_UTM17N_EPSG32617_10m.manifest.json,20250502,17,32617,32617,1,262,100.0,262/262,0.0,139.5,ok
SAR_Ship_Chip_20250503_UTM04N_EPSG32604_10m.manifest.json,20250503,4,32604,32604,1,28,100.0,28/28,0.0,40.0,ok
SAR_Ship_Chip_20250503_UTM11N_EPSG32611_10m.manifest.json,20250503,11,32611,32611,1,200,100.0,200/200,0.0,186.0,ok
SAR_Ship_Chip_20250503_UTM17N_EPSG32617_10m.manifest.json,20250503,17,32617,32617,1,10,100.0,10/10,12.45,221.5,ok
SAR_Ship_Chip_20250503_UTM19N_EPSG32619_10m.manifest.json,20250503,19,32619,32619,1,15,100.0,15/15,10.8,210.0,ok
SAR_Ship_Chip_20250503_UTM20N_EPSG32620_10m.manifest.json,20250503,20,32620,32620,1,1,100.0,1/1,1.8,190.0,ok
SAR_Ship_Chip_20250504_UTM05N_EPSG32605_10m.manifest.json,20250504,5,32605,32605,1,1,100.0,1/1,9.41,37.0,ok
SAR_Ship_Chip_20250504_UTM11N_EPSG32611_10m.manifest.json,20250504,11,32611,32611,1,18,100.0,18/18,0.0,68.5,ok
SAR_Ship_Chip_20250430_UTM10N_EPSG32610_10m.manifest.json,20250430,10,32610,32610,1,89,100.0,89/89,0.1,183.0,ok
SAR_Ship_Chip_20250430_UTM14N_EPSG32614_10m.manifest.json,20250430,14,32614,32614,1,80,100.0,80/80,0.0,147.0,ok
SAR_Ship_Chip_20250430_UTM16N_EPSG32616_10m.manifest.json,20250430,16,32616,32616,1,35,100.0,35/35,0.0,200.0,ok
SAR_Ship_Chip_20250430_UTM17N_EPSG32617_10m.manifest.json,20250430,17,32617,32617,1,58,100.0,58/58,0.0,145.0,ok
SAR_Ship_Chip_20250430_UTM18N_EPSG32618_10m.manifest.json,20250430,18,32618,32618,1,171,100.0,171/171,0.06,84.0,ok
SAR_Ship_Chip_20250501_UTM05N_EPSG32605_10m.manifest.json,20250501,5,32605,32605,1,4,100.0,4/4,8.81,39.0,ok
SAR_Ship_Chip_20250501_UTM10N_EPSG32610_10m.manifest.json,20250501,10,32610,32610,1,443,100.0,443/443,0.01,167.0,ok
SAR_Ship_Chip_20250501_UTM16N_EPSG32616_10m.manifest.json,20250501,16,32616,32616,1,37,100.0,37/37,4.28,198.0,ok
SAR_Ship_Chip_20250501_UTM18N_EPSG32618_10m.manifest.json,20250501,18,32618,32618,1,15,100.0,15/15,0.0,39.0,ok
SAR_Ship_Chip_20250501_UTM19N_EPSG32619_10m.manifest.json,20250501,19,32619,32619,1,219,100.0,219/219,0.01,67.0,ok
SAR_Ship_Chip_20250501_UTM20N_EPSG32620_10m.manifest.json,20250501,20,32620,32620,1,2,100.0,2/2,6.66,171.5,ok
SAR_Ship_Chip_20250502_UTM04N_EPSG32604_10m.manifest.json,20250502,4,32604,32604,1,3,100.0,3/3,6.6,183.0,ok
SAR_Ship_Chip_20250502_UTM10N_EPSG32610_10m.manifest.json,20250502,10,32610,32610,1,361,100.0,361/361,0.0,100.0,ok
SAR_Ship_Chip_20250502_UTM11N_EPSG32611_10m.manifest.json,20250502,11,32611,32611,1,101,100.0,101/101,0.0,183.0,ok
SAR_Ship_Chip_20250502_UTM14N_EPSG32614_10m.manifest.json,20250502,14,32614,32614,1,4,100.0,4/4,6.4,191.0,ok
SAR_Ship_Chip_20250502_UTM15N_EPSG32615_10m.manifest.json,20250502,15,32615,32615,1,465,100.0,465/465,0.0,177.0,ok
SAR_Ship_Chip_20250505_UTM20N_EPSG32620_10m.manifest.json,20250505,20,32620,32620,1,1,100.0,1/1,0.64,274.0,ok
SAR_Ship_Chip_20250506_UTM04N_EPSG32604_10m.manifest.json,20250506,4,32604,32604,1,27,100.0,27/27,0.0,40.0,ok
SAR_Ship_Chip_20250506_UTM09N_EPSG32609_10m.manifest.json,20250506,9,32609,32609,1,4,100.0,4/4,10.85,149.5,ok
SAR_Ship_Chip_20250506_UTM10N_EPSG32610_10m.manifest.json,20250506,10,32610,32610,1,13,100.0,13/13,10.9,200.0,ok
SAR_Ship_Chip_20250506_UTM16N_EPSG32616_10m.manifest.json,20250506,16,32616,32616,1,36,100.0,36/36,0.22,192.5,ok
SAR_Ship_Chip_20250506_UTM18N_EPSG32618_10m.manifest.json,20250506,18,32618,32618,1,166,100.0,166/166,0.0,96.5,ok
SAR_Ship_Chip_20250506_UTM19N_EPSG32619_10m.manifest.json,20250506,19,32619,32619,1,6,100.0,6/6,11.41,209.0,ok
SAR_Ship_Chip_20250506_UTM20N_EPSG32620_10m.manifest.json,20250506,20,32620,32620,1,44,100.0,44/44,0.0,100.5,ok
SAR_Ship_Chip_20250504_UTM15N_EPSG32615_10m.manifest.json,20250504,15,32615,32615,1,4,100.0,4/4,0.0,186.5,ok
SAR_Ship_Chip_20250504_UTM16N_EPSG32616_10m.manifest.json,20250504,16,32616,32616,1,306,100.0,306/306,0.0,120.0,ok
SAR_Ship_Chip_20250504_UTM17N_EPSG32617_10m.manifest.json,20250504,17,32617,32617,1,13,100.0,13/13,1.62,185.0,ok
SAR_Ship_Chip_20250504_UTM18N_EPSG32618_10m.manifest.json,20250504,18,32618,32618,1,146,100.0,146/146,0.0,164.5,ok
SAR_Ship_Chip_20250505_UTM04N_EPSG32604_10m.manifest.json,20250505,4,32604,32604,1,2,100.0,2/2,4.35,50.5,ok
SAR_Ship_Chip_20250505_UTM10N_EPSG32610_10m.manifest.json,20250505,10,32610,32610,1,345,100.0,345/345,0.0,83.0,ok
SAR_Ship_Chip_20250505_UTM16N_EPSG32616_10m.manifest.json,20250505,16,32616,32616,1,7,100.0,7/7,0.0,100.0,ok
SAR_Ship_Chip_20250505_UTM17N_EPSG32617_10m.manifest.json,20250505,17,32617,32617,1,30,100.0,30/30,12.42,200.0,ok
SAR_Ship_Chip_20250510_UTM05N_EPSG32605_10m.manifest.json,20250510,5,32605,32605,1,3,100.0,3/3,0.18,39.0,ok
SAR_Ship_Chip_20250510_UTM11N_EPSG32611_10m.manifest.json,20250510,11,32611,32611,1,26,100.0,26/26,0.0,142.5,ok
SAR_Ship_Chip_20250510_UTM12N_EPSG32612_10m.manifest.json,20250510,12,32612,32612,1,2,100.0,2/2,11.89,195.0,ok
SAR_Ship_Chip_20250510_UTM15N_EPSG32615_10m.manifest.json,20250510,15,32615,32615,1,4,100.0,4/4,0.0,146.5,ok
SAR_Ship_Chip_20250510_UTM16N_EPSG32616_10m.manifest.json,20250510,16,32616,32616,1,67,100.0,67/67,0.0,125.0,ok
SAR_Ship_Chip_20250511_UTM15N_EPSG32615_10m.manifest.json,20250511,15,32615,32615,1,8,100.0,8/8,0.0,200.0,ok
SAR_Ship_Chip_20250511_UTM16N_EPSG32616_10m.manifest.json,20250511,16,32616,32616,1,7,100.0,7/7,11.3,225.0,ok
SAR_Ship_Chip_20250511_UTM18N_EPSG32618_10m.manifest.json,20250511,18,32618,32618,1,170,100.0,170/170,0.08,178.0,ok
SAR_Ship_Chip_20250508_UTM17N_EPSG32617_10m.manifest.json,20250508,17,32617,32617,1,28,100.0,28/28,10.46,214.0,ok
SAR_Ship_Chip_20250508_UTM19N_EPSG32619_10m.manifest.json,20250508,19,32619,32619,1,81,100.0,81/81,0.1,72.0,ok
SAR_Ship_Chip_20250508_UTM20N_EPSG32620_10m.manifest.json,20250508,20,32620,32620,1,37,100.0,37/37,0.1,69.0,ok
SAR_Ship_Chip_20250509_UTM04N_EPSG32604_10m.manifest.json,20250509,4,32604,32604,1,33,100.0,33/33,0.0,59.0,ok
SAR_Ship_Chip_20250509_UTM11N_EPSG32611_10m.manifest.json,20250509,11,32611,32611,1,180,100.0,180/180,0.0,189.0,ok
SAR_Ship_Chip_20250509_UTM15N_EPSG32615_10m.manifest.json,20250509,15,32615,32615,1,107,100.0,107/107,0.0,88.0,ok
SAR_Ship_Chip_20250509_UTM17N_EPSG32617_10m.manifest.json,20250509,17,32617,32617,1,36,100.0,36/36,0.91,194.0,ok
SAR_Ship_Chip_20250509_UTM18N_EPSG32618_10m.manifest.json,20250509,18,32618,32618,1,7,100.0,7/7,13.23,210.0,ok
SAR_Ship_Chip_20250507_UTM05N_EPSG32605_10m.manifest.json,20250507,5,32605,32605,1,4,100.0,4/4,2.83,36.5,ok
SAR_Ship_Chip_20250507_UTM10N_EPSG32610_10m.manifest.json,20250507,10,32610,32610,1,373,100.0,373/373,0.05,153.0,ok
SAR_Ship_Chip_20250507_UTM15N_EPSG32615_10m.manifest.json,20250507,15,32615,32615,1,238,100.0,238/238,0.05,182.0,ok
SAR_Ship_Chip_20250507_UTM17N_EPSG32617_10m.manifest.json,20250507,17,32617,32617,1,141,100.0,141/141,0.0,51.0,ok
SAR_Ship_Chip_20250508_UTM04N_EPSG32604_10m.manifest.json,20250508,4,32604,32604,1,2,100.0,2/2,8.86,125.5,ok
SAR_Ship_Chip_20250508_UTM10N_EPSG32610_10m.manifest.json,20250508,10,32610,32610,1,297,100.0,297/297,0.0,84.0,ok
SAR_Ship_Chip_20250508_UTM11N_EPSG32611_10m.manifest.json,20250508,11,32611,32611,1,109,100.0,109/109,0.07,199.0,ok
SAR_Ship_Chip_20250508_UTM16N_EPSG32616_10m.manifest.json,20250508,16,32616,32616,1,2,100.0,2/2,16.08,174.5,ok
SAR_Ship_Chip_20250512_UTM04N_EPSG32604_10m.manifest.json,20250512,4,32604,32604,1,35,100.0,35/35,0.0,44.0,ok
SAR_Ship_Chip_20250512_UTM09N_EPSG32609_10m.manifest.json,20250512,9,32609,32609,1,11,100.0,11/11,11.0,200.0,ok
SAR_Ship_Chip_20250512_UTM10N_EPSG32610_10m.manifest.json,20250512,10,32610,32610,1,86,100.0,86/86,0.05,180.0,ok
SAR_Ship_Chip_20250512_UTM14N_EPSG32614_10m.manifest.json,20250512,14,32614,32614,1,55,100.0,55/55,0.0,110.0,ok
SAR_Ship_Chip_20250512_UTM16N_EPSG32616_10m.manifest.json,20250512,16,32616,32616,1,46,100.0,46/46,0.1,190.5,ok
SAR_Ship_Chip_20250512_UTM17N_EPSG32617_10m.manifest.json,20250512,17,32617,32617,1,51,100.0,51/51,0.01,160.0,ok
SAR_Ship_Chip_20250512_UTM18N_EPSG32618_10m.manifest.json,20250512,18,32618,32618,1,31,100.0,31/31,0.1,53.0,ok
SAR_Ship_Chip_20250513_UTM04N_EPSG32604_10m.manifest.json,20250513,4,32604,32604,1,1,100.0,1/1,11.66,294.0,ok
SAR_Ship_Chip_20250515_UTM16N_EPSG32616_10m.manifest.json,20250515,16,32616,32616,1,2,100.0,2/2,2.55,85.5,ok
SAR_Ship_Chip_20250515_UTM17N_EPSG32617_10m.manifest.json,20250515,17,32617,32617,1,20,100.0,20/20,13.65,186.5,ok
SAR_Ship_Chip_20250515_UTM19N_EPSG32619_10m.manifest.json,20250515,19,32619,32619,1,7,100.0,7/7,11.4,183.0,ok
SAR_Ship_Chip_20250516_UTM05N_EPSG32605_10m.manifest.json,20250516,5,32605,32605,1,4,100.0,4/4,5.03,37.5,ok
SAR_Ship_Chip_20250516_UTM11N_EPSG32611_10m.manifest.json,20250516,11,32611,32611,1,37,100.0,37/37,0.0,83.0,ok
SAR_Ship_Chip_20250516_UTM15N_EPSG32615_10m.manifest.json,20250516,15,32615,32615,1,8,100.0,8/8,0.26,223.5,ok
SAR_Ship_Chip_20250516_UTM17N_EPSG32617_10m.manifest.json,20250516,17,32617,32617,1,12,100.0,12/12,3.07,155.5,ok
SAR_Ship_Chip_20250516_UTM18N_EPSG32618_10m.manifest.json,20250516,18,32618,32618,1,131,100.0,131/131,0.1,109.0,ok
SAR_Ship_Chip_20250513_UTM05N_EPSG32605_10m.manifest.json,20250513,5,32605,32605,1,1,100.0,1/1,5.96,112.0,ok
SAR_Ship_Chip_20250513_UTM10N_EPSG32610_10m.manifest.json,20250513,10,32610,32610,1,327,100.0,327/327,0.0,174.0,ok
SAR_Ship_Chip_20250513_UTM15N_EPSG32615_10m.manifest.json,20250513,15,32615,32615,1,74,100.0,74/74,0.0,87.0,ok
SAR_Ship_Chip_20250513_UTM16N_EPSG32616_10m.manifest.json,20250513,16,32616,32616,1,2,100.0,2/2,12.62,203.5,ok
SAR_Ship_Chip_20250513_UTM19N_EPSG32619_10m.manifest.json,20250513,19,32619,32619,1,144,100.0,144/144,0.0,71.0,ok
SAR_Ship_Chip_20250513_UTM20N_EPSG32620_10m.manifest.json,20250513,20,32620,32620,1,3,100.0,3/3,9.0,107.0,ok
SAR_Ship_Chip_20250514_UTM04N_EPSG32604_10m.manifest.json,20250514,4,32604,32604,1,2,100.0,2/2,6.69,97.5,ok
SAR_Ship_Chip_20250514_UTM10N_EPSG32610_10m.manifest.json,20250514,10,32610,32610,1,341,100.0,341/341,0.0,101.0,ok
SAR_Ship_Chip_20250518_UTM04N_EPSG32604_10m.manifest.json,20250518,4,32604,32604,1,26,100.0,26/26,0.0,39.5,ok
SAR_Ship_Chip_20250518_UTM09N_EPSG32609_10m.manifest.json,20250518,9,32609,32609,1,2,100.0,2/2,0.04,19.5,ok
SAR_Ship_Chip_20250518_UTM10N_EPSG32610_10m.manifest.json,20250518,10,32610,32610,1,16,100.0,16/16,8.23,131.0,ok
SAR_Ship_Chip_20250518_UTM14N_EPSG32614_10m.manifest.json,20250518,14,32614,32614,1,14,100.0,14/14,0.15,183.0,ok
SAR_Ship_Chip_20250518_UTM15N_EPSG32615_10m.manifest.json,20250518,15,32615,32615,1,24,100.0,24/24,0.22,182.5,ok
SAR_Ship_Chip_20250518_UTM18N_EPSG32618_10m.manifest.json,20250518,18,32618,32618,1,168,100.0,168/168,0.0,95.0,ok
SAR_Ship_Chip_20250518_UTM19N_EPSG32619_10m.manifest.json,20250518,19,32619,32619,1,8,100.0,8/8,13.7,165.5,ok
SAR_Ship_Chip_20250518_UTM20N_EPSG32620_10m.manifest.json,20250518,20,32620,32620,1,41,100.0,41/41,0.0,105.0,ok
SAR_Ship_Chip_20250516_UTM19N_EPSG32619_10m.manifest.json,20250516,19,32619,32619,1,13,100.0,13/13,12.55,185.0,ok
SAR_Ship_Chip_20250516_UTM20N_EPSG32620_10m.manifest.json,20250516,20,32620,32620,1,1,100.0,1/1,2.1,50.0,ok
SAR_Ship_Chip_20250517_UTM04N_EPSG32604_10m.manifest.json,20250517,4,32604,32604,1,1,100.0,1/1,6.93,34.0,ok
SAR_Ship_Chip_20250517_UTM10N_EPSG32610_10m.manifest.json,20250517,10,32610,32610,1,356,100.0,356/356,0.0,100.0,ok
SAR_Ship_Chip_20250517_UTM12N_EPSG32612_10m.manifest.json,20250517,12,32612,32612,1,2,100.0,2/2,15.2,243.0,ok
SAR_Ship_Chip_20250517_UTM14N_EPSG32614_10m.manifest.json,20250517,14,32614,32614,1,22,100.0,22/22,0.18,169.5,ok
SAR_Ship_Chip_20250517_UTM16N_EPSG32616_10m.manifest.json,20250517,16,32616,32616,1,8,100.0,8/8,0.36,95.0,ok
SAR_Ship_Chip_20250517_UTM17N_EPSG32617_10m.manifest.json,20250517,17,32617,32617,1,53,100.0,53/53,7.92,187.0,ok
SAR_Ship_Chip_20250514_UTM11N_EPSG32611_10m.manifest.json,20250514,11,32611,32611,1,108,100.0,108/108,0.0,199.0,ok
SAR_Ship_Chip_20250514_UTM14N_EPSG32614_10m.manifest.json,20250514,14,32614,32614,1,52,100.0,52/52,0.06,139.5,ok
SAR_Ship_Chip_20250514_UTM15N_EPSG32615_10m.manifest.json,20250514,15,32615,32615,1,558,100.0,558/558,0.07,162.5,ok
SAR_Ship_Chip_20250514_UTM17N_EPSG32617_10m.manifest.json,20250514,17,32617,32617,1,194,100.0,194/194,0.03,102.0,ok
SAR_Ship_Chip_20250514_UTM18N_EPSG32618_10m.manifest.json,20250514,18,32618,32618,1,1,100.0,1/1,0.0,186.0,ok
SAR_Ship_Chip_20250515_UTM04N_EPSG32604_10m.manifest.json,20250515,4,32604,32604,1,30,100.0,30/30,0.0,42.0,ok
SAR_Ship_Chip_20250515_UTM11N_EPSG32611_10m.manifest.json,20250515,11,32611,32611,1,220,100.0,220/220,0.0,179.0,ok
SAR_Ship_Chip_20250515_UTM14N_EPSG32614_10m.manifest.json,20250515,14,32614,32614,1,6,100.0,6/6,7.03,270.0,ok
SAR_Ship_Chip_20250520_UTM11N_EPSG32611_10m.manifest.json,20250520,11,32611,32611,1,126,100.0,126/126,0.0,199.0,ok
SAR_Ship_Chip_20250520_UTM15N_EPSG32615_10m.manifest.json,20250520,15,32615,32615,1,5,100.0,5/5,0.06,95.0,ok
SAR_Ship_Chip_20250520_UTM17N_EPSG32617_10m.manifest.json,20250520,17,32617,32617,1,27,100.0,27/27,11.39,194.0,ok
SAR_Ship_Chip_20250520_UTM19N_EPSG32619_10m.manifest.json,20250520,19,32619,32619,1,65,100.0,65/65,0.2,48.0,ok
SAR_Ship_Chip_20250520_UTM20N_EPSG32620_10m.manifest.json,20250520,20,32620,32620,1,30,100.0,30/30,0.0,88.5,ok
SAR_Ship_Chip_20250521_UTM04N_EPSG32604_10m.manifest.json,20250521,4,32604,32604,1,26,100.0,26/26,0.14,38.5,ok
SAR_Ship_Chip_20250521_UTM11N_EPSG32611_10m.manifest.json,20250521,11,32611,32611,1,124,100.0,124/124,0.0,183.0,ok
SAR_Ship_Chip_20250521_UTM15N_EPSG32615_10m.manifest.json,20250521,15,32615,32615,1,193,100.0,193/193,0.1,130.0,ok
SAR_Ship_Chip_20250519_UTM05N_EPSG32605_10m.manifest.json,20250519,5,32605,32605,1,2,100.0,2/2,7.42,96.5,ok
SAR_Ship_Chip_20250519_UTM10N_EPSG32610_10m.manifest.json,20250519,10,32610,32610,1,74,100.0,74/74,0.0,179.0,ok
SAR_Ship_Chip_20250519_UTM15N_EPSG32615_10m.manifest.json,20250519,15,32615,32615,1,231,100.0,231/231,0.0,182.0,ok
SAR_Ship_Chip_20250519_UTM16N_EPSG32616_10m.manifest.json,20250519,16,32616,32616,1,5,100.0,5/5,0.0,144.0,ok
SAR_Ship_Chip_20250519_UTM17N_EPSG32617_10m.manifest.json,20250519,17,32617,32617,1,309,100.0,309/309,0.0,54.0,ok
SAR_Ship_Chip_20250519_UTM18N_EPSG32618_10m.manifest.json,20250519,18,32618,32618,1,2,100.0,2/2,6.45,184.5,ok
SAR_Ship_Chip_20250520_UTM04N_EPSG32604_10m.manifest.json,20250520,4,32604,32604,1,1,100.0,1/1,0.24,37.0,ok
SAR_Ship_Chip_20250520_UTM10N_EPSG32610_10m.manifest.json,20250520,10,32610,32610,1,281,100.0,281/281,0.0,90.0,ok
SAR_Ship_Chip_20250521_UTM17N_EPSG32617_10m.manifest.json,20250521,17,32617,32617,1,29,100.0,29/29,0.1,164.0,ok
SAR_Ship_Chip_20250521_UTM18N_EPSG32618_10m.manifest.json,20250521,18,32618,32618,1,20,100.0,20/20,12.9,222.5,ok
SAR_Ship_Chip_20250522_UTM05N_EPSG32605_10m.manifest.json,20250522,5,32605,32605,1,1,100.0,1/1,0.0,37.0,ok
SAR_Ship_Chip_20250522_UTM11N_EPSG32611_10m.manifest.json,20250522,11,32611,32611,1,33,100.0,33/33,0.0,85.0,ok
SAR_Ship_Chip_20250522_UTM12N_EPSG32612_10m.manifest.json,20250522,12,32612,32612,1,2,100.0,2/2,15.67,187.0,ok
SAR_Ship_Chip_20250522_UTM15N_EPSG32615_10m.manifest.json,20250522,15,32615,32615,1,3,100.0,3/3,0.0,225.0,ok
SAR_Ship_Chip_20250522_UTM16N_EPSG32616_10m.manifest.json,20250522,16,32616,32616,1,73,100.0,73/73,0.09,108.0,ok
SAR_Ship_Chip_20250523_UTM11N_EPSG32611_10m.manifest.json,20250523,11,32611,32611,1,17,100.0,17/17,14.39,200.0,ok
SAR_Ship_Chip_20250523_UTM18N_EPSG32618_10m.manifest.json,20250523,18,32618,32618,1,147,100.0,147/147,0.1,152.0,ok
SAR_Ship_Chip_20250524_UTM04N_EPSG32604_10m.manifest.json,20250524,4,32604,32604,1,30,100.0,30/30,0.0,63.5,ok
SAR_Ship_Chip_20250524_UTM10N_EPSG32610_10m.manifest.json,20250524,10,32610,32610,1,71,100.0,71/71,0.0,181.0,ok
SAR_Ship_Chip_20250524_UTM14N_EPSG32614_10m.manifest.json,20250524,14,32614,32614,1,93,100.0,93/93,0.0,180.0,ok
SAR_Ship_Chip_20250524_UTM16N_EPSG32616_10m.manifest.json,20250524,16,32616,32616,1,44,100.0,44/44,0.01,190.0,ok
SAR_Ship_Chip_20250524_UTM17N_EPSG32617_10m.manifest.json,20250524,17,32617,32617,1,78,100.0,78/78,9.2,162.5,ok
SAR_Ship_Chip_20250524_UTM18N_EPSG32618_10m.manifest.json,20250524,18,32618,32618,1,31,100.0,31/31,0.09,78.0,ok
SAR_Ship_Chip_20250525_UTM04N_EPSG32604_10m.manifest.json,20250525,4,32604,32604,1,1,100.0,1/1,11.7,276.0,ok
SAR_Ship_Chip_20250525_UTM05N_EPSG32605_10m.manifest.json,20250525,5,32605,32605,1,1,100.0,1/1,5.98,33.0,ok
SAR_Ship_Chip_20250525_UTM10N_EPSG32610_10m.manifest.json,20250525,10,32610,32610,1,320,100.0,320/320,0.1,139.0,ok
SAR_Ship_Chip_20250525_UTM12N_EPSG32612_10m.manifest.json,20250525,12,32612,32612,1,9,100.0,9/9,14.3,230.0,ok
SAR_Ship_Chip_20250525_UTM16N_EPSG32616_10m.manifest.json,20250525,16,32616,32616,1,39,100.0,39/39,2.05,194.0,ok
SAR_Ship_Chip_20250525_UTM18N_EPSG32618_10m.manifest.json,20250525,18,32618,32618,1,21,100.0,21/21,0.0,41.0,ok
SAR_Ship_Chip_20250525_UTM19N_EPSG32619_10m.manifest.json,20250525,19,32619,32619,1,189,100.0,189/189,0.1,60.0,ok
SAR_Ship_Chip_20250525_UTM20N_EPSG32620_10m.manifest.json,20250525,20,32620,32620,1,5,100.0,5/5,10.32,105.0,ok
SAR_Ship_Chip_20250526_UTM04N_EPSG32604_10m.manifest.json,20250526,4,32604,32604,1,2,100.0,2/2,5.65,171.0,ok
SAR_Ship_Chip_20250527_UTM17N_EPSG32617_10m.manifest.json,20250527,17,32617,32617,1,11,100.0,11/11,13.9,180.0,ok
SAR_Ship_Chip_20250527_UTM19N_EPSG32619_10m.manifest.json,20250527,19,32619,32619,1,10,100.0,10/10,13.3,182.5,ok
SAR_Ship_Chip_20250528_UTM05N_EPSG32605_10m.manifest.json,20250528,5,32605,32605,1,1,100.0,1/1,5.2,30.0,ok
SAR_Ship_Chip_20250528_UTM11N_EPSG32611_10m.manifest.json,20250528,11,32611,32611,1,37,100.0,37/37,0.0,89.0,ok
SAR_Ship_Chip_20250528_UTM15N_EPSG32615_10m.manifest.json,20250528,15,32615,32615,1,8,100.0,8/8,0.0,224.0,ok
SAR_Ship_Chip_20250528_UTM18N_EPSG32618_10m.manifest.json,20250528,18,32618,32618,1,146,100.0,146/146,0.0,104.0,ok
SAR_Ship_Chip_20250528_UTM19N_EPSG32619_10m.manifest.json,20250528,19,32619,32619,1,5,100.0,5/5,9.41,225.0,ok
SAR_Ship_Chip_20250528_UTM20N_EPSG32620_10m.manifest.json,20250528,20,32620,32620,1,2,100.0,2/2,10.4,108.5,ok
SAR_Ship_Chip_20250529_UTM04N_EPSG32604_10m.manifest.json,20250529,4,32604,32604,1,1,100.0,1/1,0.0,33.0,ok
SAR_Ship_Chip_20250529_UTM10N_EPSG32610_10m.manifest.json,20250529,10,32610,32610,1,345,100.0,345/345,0.0,90.0,ok
SAR_Ship_Chip_20250529_UTM16N_EPSG32616_10m.manifest.json,20250529,16,32616,32616,1,6,100.0,6/6,0.01,71.5,ok
SAR_Ship_Chip_20250529_UTM17N_EPSG32617_10m.manifest.json,20250529,17,32617,32617,1,36,100.0,36/36,10.3,214.5,ok
SAR_Ship_Chip_20250530_UTM04N_EPSG32604_10m.manifest.json,20250530,4,32604,32604,1,25,100.0,25/25,0.0,65.0,ok
SAR_Ship_Chip_20250530_UTM10N_EPSG32610_10m.manifest.json,20250530,10,32610,32610,1,15,100.0,15/15,8.22,32.0,ok
SAR_Ship_Chip_20250530_UTM18N_EPSG32618_10m.manifest.json,20250530,18,32618,32618,1,170,100.0,170/170,0.03,78.5,ok
SAR_Ship_Chip_20250530_UTM19N_EPSG32619_10m.manifest.json,20250530,19,32619,32619,1,14,100.0,14/14,5.85,194.5,ok
SAR_Ship_Chip_20250526_UTM10N_EPSG32610_10m.manifest.json,20250526,10,32610,32610,1,312,100.0,312/312,0.0,100.0,ok
SAR_Ship_Chip_20250526_UTM11N_EPSG32611_10m.manifest.json,20250526,11,32611,32611,1,109,100.0,109/109,0.02,183.0,ok
SAR_Ship_Chip_20250526_UTM14N_EPSG32614_10m.manifest.json,20250526,14,32614,32614,1,117,100.0,117/117,0.0,169.0,ok
SAR_Ship_Chip_20250526_UTM15N_EPSG32615_10m.manifest.json,20250526,15,32615,32615,1,363,100.0,363/363,0.0,183.0,ok
SAR_Ship_Chip_20250526_UTM17N_EPSG32617_10m.manifest.json,20250526,17,32617,32617,1,193,100.0,193/193,0.15,156.0,ok
SAR_Ship_Chip_20250526_UTM18N_EPSG32618_10m.manifest.json,20250526,18,32618,32618,1,1,100.0,1/1,0.0,186.0,ok
SAR_Ship_Chip_20250527_UTM04N_EPSG32604_10m.manifest.json,20250527,4,32604,32604,1,23,100.0,23/23,0.0,59.0,ok
SAR_Ship_Chip_20250527_UTM11N_EPSG32611_10m.manifest.json,20250527,11,32611,32611,1,173,100.0,173/173,0.0,183.0,ok
SAR_Ship_Chip_20250601_UTM11N_EPSG32611_10m.manifest.json,20250601,11,32611,32611,1,104,100.0,104/104,0.1,177.0,ok
SAR_Ship_Chip_20250601_UTM17N_EPSG32617_10m.manifest.json,20250601,17,32617,32617,1,38,100.0,38/38,11.07,198.5,ok
SAR_Ship_Chip_20250601_UTM19N_EPSG32619_10m.manifest.json,20250601,19,32619,32619,1,76,100.0,76/76,0.09,65.5,ok
SAR_Ship_Chip_20250601_UTM20N_EPSG32620_10m.manifest.json,20250601,20,32620,32620,1,41,100.0,41/41,0.02,117.0,ok
SAR_Ship_Chip_20250602_UTM04N_EPSG32604_10m.manifest.json,20250602,4,32604,32604,1,30,100.0,30/30,0.0,57.0,ok
SAR_Ship_Chip_20250602_UTM11N_EPSG32611_10m.manifest.json,20250602,11,32611,32611,1,203,100.0,203/203,0.0,175.0,ok
SAR_Ship_Chip_20250602_UTM14N_EPSG32614_10m.manifest.json,20250602,14,32614,32614,1,1,100.0,1/1,10.3,275.0,ok
SAR_Ship_Chip_20250602_UTM15N_EPSG32615_10m.manifest.json,20250602,15,32615,32615,1,107,100.0,107/107,0.0,100.0,ok
SAR_Ship_Chip_20250530_UTM20N_EPSG32620_10m.manifest.json,20250530,20,32620,32620,1,43,100.0,43/43,0.09,62.0,ok
SAR_Ship_Chip_20250531_UTM05N_EPSG32605_10m.manifest.json,20250531,5,32605,32605,1,4,100.0,4/4,5.78,37.5,ok
SAR_Ship_Chip_20250531_UTM10N_EPSG32610_10m.manifest.json,20250531,10,32610,32610,1,324,100.0,324/324,0.07,100.0,ok
SAR_Ship_Chip_20250531_UTM15N_EPSG32615_10m.manifest.json,20250531,15,32615,32615,1,200,100.0,200/200,0.0,180.0,ok
SAR_Ship_Chip_20250531_UTM17N_EPSG32617_10m.manifest.json,20250531,17,32617,32617,1,8,100.0,8/8,13.82,202.5,ok
SAR_Ship_Chip_20250601_UTM04N_EPSG32604_10m.manifest.json,20250601,4,32604,32604,1,1,100.0,1/1,3.5,38.0,ok
SAR_Ship_Chip_20250601_UTM05N_EPSG32605_10m.manifest.json,20250601,5,32605,32605,1,1,100.0,1/1,9.4,195.0,ok
SAR_Ship_Chip_20250601_UTM10N_EPSG32610_10m.manifest.json,20250601,10,32610,32610,1,278,100.0,278/278,0.0,100.0,ok
SAR_Ship_Chip_20250602_UTM17N_EPSG32617_10m.manifest.json,20250602,17,32617,32617,1,46,100.0,46/46,2.73,160.5,ok
SAR_Ship_Chip_20250602_UTM18N_EPSG32618_10m.manifest.json,20250602,18,32618,32618,1,2,100.0,2/2,13.95,197.0,ok
SAR_Ship_Chip_20250603_UTM05N_EPSG32605_10m.manifest.json,20250603,5,32605,32605,1,6,100.0,6/6,5.98,37.5,ok
SAR_Ship_Chip_20250603_UTM11N_EPSG32611_10m.manifest.json,20250603,11,32611,32611,1,32,100.0,32/32,0.0,73.0,ok
SAR_Ship_Chip_20250603_UTM15N_EPSG32615_10m.manifest.json,20250603,15,32615,32615,1,5,100.0,5/5,0.0,246.0,ok
SAR_Ship_Chip_20250603_UTM16N_EPSG32616_10m.manifest.json,20250603,16,32616,32616,1,59,100.0,59/59,0.0,103.0,ok
SAR_Ship_Chip_20250603_UTM19N_EPSG32619_10m.manifest.json,20250603,19,32619,32619,1,6,100.0,6/6,1.85,63.5,ok
SAR_Ship_Chip_20250604_UTM04N_EPSG32604_10m.manifest.json,20250604,4,32604,32604,1,3,100.0,3/3,0.0,195.0,ok
SAR_Ship_Chip_20250604_UTM15N_EPSG32615_10m.manifest.json,20250604,15,32615,32615,1,10,100.0,10/10,0.0,200.0,ok
SAR_Ship_Chip_20250604_UTM16N_EPSG32616_10m.manifest.json,20250604,16,32616,32616,1,7,100.0,7/7,11.4,178.0,ok
SAR_Ship_Chip_20250604_UTM18N_EPSG32618_10m.manifest.json,20250604,18,32618,32618,1,163,100.0,163/163,0.1,156.0,ok
SAR_Ship_Chip_20250605_UTM04N_EPSG32604_10m.manifest.json,20250605,4,32604,32604,1,31,100.0,31/31,0.0,65.0,ok
SAR_Ship_Chip_20250605_UTM09N_EPSG32609_10m.manifest.json,20250605,9,32609,32609,1,13,100.0,13/13,8.07,176.0,ok
SAR_Ship_Chip_20250605_UTM10N_EPSG32610_10m.manifest.json,20250605,10,32610,32610,1,97,100.0,97/97,2.3,181.0,ok
SAR_Ship_Chip_20250605_UTM14N_EPSG32614_10m.manifest.json,20250605,14,32614,32614,1,65,100.0,65/65,0.0,127.0,ok
SAR_Ship_Chip_20250605_UTM16N_EPSG32616_10m.manifest.json,20250605,16,32616,32616,1,42,100.0,42/42,5.25,197.5,ok
SAR_Ship_Chip_20250605_UTM17N_EPSG32617_10m.manifest.json,20250605,17,32617,32617,1,84,100.0,84/84,7.9,183.0,ok
SAR_Ship_Chip_20250605_UTM18N_EPSG32618_10m.manifest.json,20250605,18,32618,32618,1,1,100.0,1/1,1.9,290.0,ok
SAR_Ship_Chip_20250606_UTM05N_EPSG32605_10m.manifest.json,20250606,5,32605,32605,1,4,100.0,4/4,2.9,36.5,ok
SAR_Ship_Chip_20250606_UTM10N_EPSG32610_10m.manifest.json,20250606,10,32610,32610,1,305,100.0,305/305,0.0,110.0,ok
SAR_Ship_Chip_20250606_UTM16N_EPSG32616_10m.manifest.json,20250606,16,32616,32616,1,38,100.0,38/38,4.51,182.0,ok
SAR_Ship_Chip_20250606_UTM19N_EPSG32619_10m.manifest.json,20250606,19,32619,32619,1,170,100.0,170/170,0.09,71.5,ok
SAR_Ship_Chip_20250606_UTM20N_EPSG32620_10m.manifest.json,20250606,20,32620,32620,1,1,100.0,1/1,0.0,63.0,ok
SAR_Ship_Chip_20250607_UTM04N_EPSG32604_10m.manifest.json,20250607,4,32604,32604,1,2,100.0,2/2,9.81,110.0,ok
SAR_Ship_Chip_20250608_UTM19N_EPSG32619_10m.manifest.json,20250608,19,32619,32619,1,8,100.0,8/8,11.27,122.5,ok
SAR_Ship_Chip_20250609_UTM05N_EPSG32605_10m.manifest.json,20250609,5,32605,32605,1,1,100.0,1/1,0.0,280.0,ok
SAR_Ship_Chip_20250609_UTM11N_EPSG32611_10m.manifest.json,20250609,11,32611,32611,1,42,100.0,42/42,0.0,86.0,ok
SAR_Ship_Chip_20250609_UTM17N_EPSG32617_10m.manifest.json,20250609,17,32617,32617,1,21,100.0,21/21,0.0,156.0,ok
SAR_Ship_Chip_20250609_UTM18N_EPSG32618_10m.manifest.json,20250609,18,32618,32618,1,144,100.0,144/144,0.0,101.5,ok
SAR_Ship_Chip_20250609_UTM19N_EPSG32619_10m.manifest.json,20250609,19,32619,32619,1,15,100.0,15/15,8.22,182.0,ok
SAR_Ship_Chip_20250609_UTM20N_EPSG32620_10m.manifest.json,20250609,20,32620,32620,1,4,100.0,4/4,4.2,47.5,ok
SAR_Ship_Chip_20250610_UTM04N_EPSG32604_10m.manifest.json,20250610,4,32604,32604,1,1,100.0,1/1,19.64,258.0,ok
SAR_Ship_Chip_20250610_UTM10N_EPSG32610_10m.manifest.json,20250610,10,32610,32610,1,358,100.0,358/358,0.0,90.0,ok
SAR_Ship_Chip_20250610_UTM12N_EPSG32612_10m.manifest.json,20250610,12,32612,32612,1,2,100.0,2/2,14.15,315.0,ok
SAR_Ship_Chip_20250610_UTM16N_EPSG32616_10m.manifest.json,20250610,16,32616,32616,1,6,100.0,6/6,0.0,124.5,ok
SAR_Ship_Chip_20250610_UTM17N_EPSG32617_10m.manifest.json,20250610,17,32617,32617,1,20,100.0,20/20,10.65,197.0,ok
SAR_Ship_Chip_20250611_UTM04N_EPSG32604_10m.manifest.json,20250611,4,32604,32604,1,23,100.0,23/23,0.0,55.0,ok
SAR_Ship_Chip_20250611_UTM09N_EPSG32609_10m.manifest.json,20250611,9,32609,32609,1,6,100.0,6/6,5.03,188.0,ok
SAR_Ship_Chip_20250611_UTM10N_EPSG32610_10m.manifest.json,20250611,10,32610,32610,1,20,100.0,20/20,5.7,94.0,ok
SAR_Ship_Chip_20250611_UTM12N_EPSG32612_10m.manifest.json,20250611,12,32612,32612,1,8,100.0,8/8,12.55,182.5,ok
SAR_Ship_Chip_20250611_UTM16N_EPSG32616_10m.manifest.json,20250611,16,32616,32616,1,35,100.0,35/35,0.45,178.0,ok
SAR_Ship_Chip_20250611_UTM18N_EPSG32618_10m.manifest.json,20250611,18,32618,32618,1,166,100.0,166/166,0.0,78.0,ok
SAR_Ship_Chip_20250611_UTM19N_EPSG32619_10m.manifest.json,20250611,19,32619,32619,1,5,100.0,5/5,11.4,120.0,ok
SAR_Ship_Chip_20250611_UTM20N_EPSG32620_10m.manifest.json,20250611,20,32620,32620,1,38,100.0,38/38,0.15,81.5,ok
SAR_Ship_Chip_20250612_UTM05N_EPSG32605_10m.manifest.json,20250612,5,32605,32605,1,3,100.0,3/3,8.38,33.0,ok
SAR_Ship_Chip_20250612_UTM10N_EPSG32610_10m.manifest.json,20250612,10,32610,32610,1,170,100.0,170/170,0.1,149.0,ok
SAR_Ship_Chip_20250612_UTM15N_EPSG32615_10m.manifest.json,20250612,15,32615,32615,1,207,100.0,207/207,0.0,180.0,ok
SAR_Ship_Chip_20250612_UTM16N_EPSG32616_10m.manifest.json,20250612,16,32616,32616,1,2,100.0,2/2,0.0,129.0,ok
SAR_Ship_Chip_20250607_UTM10N_EPSG32610_10m.manifest.json,20250607,10,32610,32610,1,297,100.0,297/297,0.0,90.0,ok
SAR_Ship_Chip_20250607_UTM11N_EPSG32611_10m.manifest.json,20250607,11,32611,32611,1,116,100.0,116/116,0.1,183.0,ok
SAR_Ship_Chip_20250607_UTM14N_EPSG32614_10m.manifest.json,20250607,14,32614,32614,1,109,100.0,109/109,0.0,176.0,ok
SAR_Ship_Chip_20250607_UTM15N_EPSG32615_10m.manifest.json,20250607,15,32615,32615,1,347,100.0,347/347,0.0,176.0,ok
SAR_Ship_Chip_20250607_UTM17N_EPSG32617_10m.manifest.json,20250607,17,32617,32617,1,186,100.0,186/186,1.9,178.0,ok
SAR_Ship_Chip_20250608_UTM04N_EPSG32604_10m.manifest.json,20250608,4,32604,32604,1,28,100.0,28/28,0.0,49.5,ok
SAR_Ship_Chip_20250608_UTM11N_EPSG32611_10m.manifest.json,20250608,11,32611,32611,1,200,100.0,200/200,0.0,183.0,ok
SAR_Ship_Chip_20250608_UTM17N_EPSG32617_10m.manifest.json,20250608,17,32617,32617,1,11,100.0,11/11,11.4,180.0,ok
SAR_Ship_Chip_20250614_UTM15N_EPSG32615_10m.manifest.json,20250614,15,32615,32615,1,96,100.0,96/96,0.0,87.5,ok
SAR_Ship_Chip_20250614_UTM17N_EPSG32617_10m.manifest.json,20250614,17,32617,32617,1,32,100.0,32/32,1.02,148.0,ok
SAR_Ship_Chip_20250614_UTM18N_EPSG32618_10m.manifest.json,20250614,18,32618,32618,1,4,100.0,4/4,12.65,182.5,ok
SAR_Ship_Chip_20250615_UTM05N_EPSG32605_10m.manifest.json,20250615,5,32605,32605,1,1,100.0,1/1,9.4,280.0,ok
SAR_Ship_Chip_20250615_UTM11N_EPSG32611_10m.manifest.json,20250615,11,32611,32611,1,27,100.0,27/27,0.0,74.0,ok
SAR_Ship_Chip_20250615_UTM12N_EPSG32612_10m.manifest.json,20250615,12,32612,32612,1,6,100.0,6/6,13.52,250.0,ok
SAR_Ship_Chip_20250615_UTM15N_EPSG32615_10m.manifest.json,20250615,15,32615,32615,1,8,100.0,8/8,0.0,191.5,ok
SAR_Ship_Chip_20250615_UTM16N_EPSG32616_10m.manifest.json,20250615,16,32616,32616,1,60,100.0,60/60,0.0,105.5,ok
SAR_Ship_Chip_20250612_UTM17N_EPSG32617_10m.manifest.json,20250612,17,32617,32617,1,267,100.0,267/267,0.0,61.0,ok
SAR_Ship_Chip_20250613_UTM04N_EPSG32604_10m.manifest.json,20250613,4,32604,32604,1,2,100.0,2/2,0.88,157.0,ok
SAR_Ship_Chip_20250613_UTM10N_EPSG32610_10m.manifest.json,20250613,10,32610,32610,1,275,100.0,275/275,0.0,96.0,ok
SAR_Ship_Chip_20250613_UTM11N_EPSG32611_10m.manifest.json,20250613,11,32611,32611,1,106,100.0,106/106,0.0,183.0,ok
SAR_Ship_Chip_20250613_UTM17N_EPSG32617_10m.manifest.json,20250613,17,32617,32617,1,25,100.0,25/25,8.13,193.0,ok
SAR_Ship_Chip_20250613_UTM19N_EPSG32619_10m.manifest.json,20250613,19,32619,32619,1,91,100.0,91/91,0.96,70.0,ok
SAR_Ship_Chip_20250613_UTM20N_EPSG32620_10m.manifest.json,20250613,20,32620,32620,1,36,100.0,36/36,0.03,67.0,ok
SAR_Ship_Chip_20250614_UTM11N_EPSG32611_10m.manifest.json,20250614,11,32611,32611,1,212,100.0,212/212,0.0,183.0,ok
SAR_Ship_Chip_20250617_UTM14N_EPSG32614_10m.manifest.json,20250617,14,32614,32614,1,70,100.0,70/70,0.0,146.0,ok
SAR_Ship_Chip_20250617_UTM16N_EPSG32616_10m.manifest.json,20250617,16,32616,32616,1,40,100.0,40/40,0.15,171.0,ok
SAR_Ship_Chip_20250617_UTM17N_EPSG32617_10m.manifest.json,20250617,17,32617,32617,1,65,100.0,65/65,0.08,177.0,ok
SAR_Ship_Chip_20250617_UTM18N_EPSG32618_10m.manifest.json,20250617,18,32618,32618,1,43,100.0,43/43,0.0,55.0,ok
SAR_Ship_Chip_20250617_UTM20N_EPSG32620_10m.manifest.json,20250617,20,32620,32620,1,2,100.0,2/2,13.74,193.0,ok
SAR_Ship_Chip_20250618_UTM05N_EPSG32605_10m.manifest.json,20250618,5,32605,32605,1,5,100.0,5/5,0.55,38.0,ok
SAR_Ship_Chip_20250618_UTM10N_EPSG32610_10m.manifest.json,20250618,10,32610,32610,1,302,100.0,302/302,0.1,149.0,ok
SAR_Ship_Chip_20250618_UTM16N_EPSG32616_10m.manifest.json,20250618,16,32616,32616,1,40,100.0,40/40,8.5,197.0,ok
SAR_Ship_Chip_20250615_UTM19N_EPSG32619_10m.manifest.json,20250615,19,32619,32619,1,4,100.0,4/4,11.2,37.5,ok
SAR_Ship_Chip_20250616_UTM11N_EPSG32611_10m.manifest.json,20250616,11,32611,32611,1,10,100.0,10/10,13.5,222.5,ok
SAR_Ship_Chip_20250616_UTM15N_EPSG32615_10m.manifest.json,20250616,15,32615,32615,1,4,100.0,4/4,0.05,200.0,ok
SAR_Ship_Chip_20250616_UTM16N_EPSG32616_10m.manifest.json,20250616,16,32616,32616,1,6,100.0,6/6,11.89,193.0,ok
SAR_Ship_Chip_20250616_UTM18N_EPSG32618_10m.manifest.json,20250616,18,32618,32618,1,143,100.0,143/143,0.0,141.0,ok
SAR_Ship_Chip_20250617_UTM04N_EPSG32604_10m.manifest.json,20250617,4,32604,32604,1,28,100.0,28/28,0.0,49.5,ok
SAR_Ship_Chip_20250617_UTM09N_EPSG32609_10m.manifest.json,20250617,9,32609,32609,1,15,100.0,15/15,9.45,183.0,ok
SAR_Ship_Chip_20250617_UTM10N_EPSG32610_10m.manifest.json,20250617,10,32610,32610,1,132,100.0,132/132,2.16,170.5,ok
SAR_Ship_Chip_20250620_UTM04N_EPSG32604_10m.manifest.json,20250620,4,32604,32604,1,32,100.0,32/32,0.07,50.0,ok
SAR_Ship_Chip_20250620_UTM11N_EPSG32611_10m.manifest.json,20250620,11,32611,32611,1,205,100.0,205/205,0.0,183.0,ok
SAR_Ship_Chip_20250620_UTM12N_EPSG32612_10m.manifest.json,20250620,12,32612,32612,1,1,100.0,1/1,12.5,333.0,ok
SAR_Ship_Chip_20250620_UTM17N_EPSG32617_10m.manifest.json,20250620,17,32617,32617,1,8,100.0,8/8,13.5,187.5,ok
SAR_Ship_Chip_20250620_UTM19N_EPSG32619_10m.manifest.json,20250620,19,32619,32619,1,11,100.0,11/11,9.6,185.0,ok
SAR_Ship_Chip_20250621_UTM11N_EPSG32611_10m.manifest.json,20250621,11,32611,32611,1,20,100.0,20/20,0.02,95.5,ok
SAR_Ship_Chip_20250621_UTM15N_EPSG32615_10m.manifest.json,20250621,15,32615,32615,1,12,100.0,12/12,0.3,268.0,ok
SAR_Ship_Chip_20250621_UTM16N_EPSG32616_10m.manifest.json,20250621,16,32616,32616,1,298,100.0,298/298,0.0,98.5,ok
SAR_Ship_Chip_20250618_UTM18N_EPSG32618_10m.manifest.json,20250618,18,32618,32618,1,17,100.0,17/17,0.05,39.0,ok
SAR_Ship_Chip_20250618_UTM19N_EPSG32619_10m.manifest.json,20250618,19,32619,32619,1,281,100.0,281/281,0.1,68.0,ok
SAR_Ship_Chip_20250618_UTM20N_EPSG32620_10m.manifest.json,20250618,20,32620,32620,1,5,100.0,5/5,1.66,107.0,ok
SAR_Ship_Chip_20250619_UTM10N_EPSG32610_10m.manifest.json,20250619,10,32610,32610,1,319,100.0,319/319,0.0,100.0,ok
SAR_Ship_Chip_20250619_UTM11N_EPSG32611_10m.manifest.json,20250619,11,32611,32611,1,107,100.0,107/107,0.0,186.0,ok
SAR_Ship_Chip_20250619_UTM14N_EPSG32614_10m.manifest.json,20250619,14,32614,32614,1,2,100.0,2/2,1.9,84.0,ok
SAR_Ship_Chip_20250619_UTM15N_EPSG32615_10m.manifest.json,20250619,15,32615,32615,1,464,100.0,464/464,0.0,179.0,ok
SAR_Ship_Chip_20250619_UTM17N_EPSG32617_10m.manifest.json,20250619,17,32617,32617,1,213,100.0,213/213,3.23,180.0,ok
SAR_Ship_Chip_20250621_UTM17N_EPSG32617_10m.manifest.json,20250621,17,32617,32617,1,19,100.0,19/19,0.0,146.0,ok
SAR_Ship_Chip_20250621_UTM18N_EPSG32618_10m.manifest.json,20250621,18,32618,32618,1,149,100.0,149/149,0.0,73.0,ok
SAR_Ship_Chip_20250621_UTM19N_EPSG32619_10m.manifest.json,20250621,19,32619,32619,1,1,100.0,1/1,15.37,170.0,ok
SAR_Ship_Chip_20250621_UTM20N_EPSG32620_10m.manifest.json,20250621,20,32620,32620,1,1,100.0,1/1,12.9,261.0,ok
SAR_Ship_Chip_20250622_UTM10N_EPSG32610_10m.manifest.json,20250622,10,32610,32610,1,316,100.0,316/316,0.0,80.0,ok
SAR_Ship_Chip_20250622_UTM16N_EPSG32616_10m.manifest.json,20250622,16,32616,32616,1,7,100.0,7/7,0.0,90.0,ok
SAR_Ship_Chip_20250622_UTM17N_EPSG32617_10m.manifest.json,20250622,17,32617,32617,1,26,100.0,26/26,12.6,183.0,ok
SAR_Ship_Chip_20250623_UTM04N_EPSG32604_10m.manifest.json,20250623,4,32604,32604,1,29,100.0,29/29,0.0,40.0,ok
SAR_Ship_Chip_20250623_UTM09N_EPSG32609_10m.manifest.json,20250623,9,32609,32609,1,4,100.0,4/4,10.85,214.0,ok
SAR_Ship_Chip_20250623_UTM10N_EPSG32610_10m.manifest.json,20250623,10,32610,32610,1,23,100.0,23/23,7.52,145.0,ok
SAR_Ship_Chip_20250623_UTM12N_EPSG32612_10m.manifest.json,20250623,12,32612,32612,1,10,100.0,10/10,12.92,225.5,ok
SAR_Ship_Chip_20250623_UTM16N_EPSG32616_10m.manifest.json,20250623,16,32616,32616,1,47,100.0,47/47,0.0,192.0,ok
SAR_Ship_Chip_20250623_UTM18N_EPSG32618_10m.manifest.json,20250623,18,32618,32618,1,196,100.0,196/196,0.03,80.5,ok
SAR_Ship_Chip_20250623_UTM20N_EPSG32620_10m.manifest.json,20250623,20,32620,32620,1,36,100.0,36/36,0.46,109.0,ok
SAR_Ship_Chip_20250624_UTM04N_EPSG32604_10m.manifest.json,20250624,4,32604,32604,1,2,100.0,2/2,9.19,162.5,ok
SAR_Ship_Chip_20250624_UTM05N_EPSG32605_10m.manifest.json,20250624,5,32605,32605,1,2,100.0,2/2,4.08,156.5,ok
SAR_Ship_Chip_20250626_UTM04N_EPSG32604_10m.manifest.json,20250626,4,32604,32604,1,26,100.0,26/26,0.0,42.0,ok
SAR_Ship_Chip_20250626_UTM11N_EPSG32611_10m.manifest.json,20250626,11,32611,32611,1,224,100.0,224/224,0.0,184.5,ok
SAR_Ship_Chip_20250626_UTM15N_EPSG32615_10m.manifest.json,20250626,15,32615,32615,1,124,100.0,124/124,0.1,104.0,ok
SAR_Ship_Chip_20250626_UTM17N_EPSG32617_10m.manifest.json,20250626,17,32617,32617,1,42,100.0,42/42,0.06,181.5,ok
SAR_Ship_Chip_20250626_UTM18N_EPSG32618_10m.manifest.json,20250626,18,32618,32618,1,3,100.0,3/3,15.1,290.0,ok
SAR_Ship_Chip_20250626_UTM20N_EPSG32620_10m.manifest.json,20250626,20,32620,32620,1,1,100.0,1/1,16.17,362.0,ok
SAR_Ship_Chip_20250627_UTM05N_EPSG32605_10m.manifest.json,20250627,5,32605,32605,1,5,100.0,5/5,5.29,39.0,ok
SAR_Ship_Chip_20250627_UTM12N_EPSG32612_10m.manifest.json,20250627,12,32612,32612,1,3,100.0,3/3,16.9,333.0,ok
SAR_Ship_Chip_20250624_UTM10N_EPSG32610_10m.manifest.json,20250624,10,32610,32610,1,183,100.0,183/183,0.02,162.0,ok
SAR_Ship_Chip_20250624_UTM15N_EPSG32615_10m.manifest.json,20250624,15,32615,32615,1,222,100.0,222/222,0.0,178.0,ok
SAR_Ship_Chip_20250624_UTM17N_EPSG32617_10m.manifest.json,20250624,17,32617,32617,1,112,100.0,112/112,0.0,53.5,ok
SAR_Ship_Chip_20250625_UTM10N_EPSG32610_10m.manifest.json,20250625,10,32610,32610,1,259,100.0,259/259,0.0,83.0,ok
SAR_Ship_Chip_20250625_UTM11N_EPSG32611_10m.manifest.json,20250625,11,32611,32611,1,122,100.0,122/122,0.01,199.0,ok
SAR_Ship_Chip_20250625_UTM17N_EPSG32617_10m.manifest.json,20250625,17,32617,32617,1,33,100.0,33/33,9.9,203.0,ok
SAR_Ship_Chip_20250625_UTM19N_EPSG32619_10m.manifest.json,20250625,19,32619,32619,1,131,100.0,131/131,0.87,70.0,ok
SAR_Ship_Chip_20250625_UTM20N_EPSG32620_10m.manifest.json,20250625,20,32620,32620,1,33,100.0,33/33,0.0,95.0,ok
SAR_Ship_Chip_20250629_UTM04N_EPSG32604_10m.manifest.json,20250629,4,32604,32604,1,28,100.0,28/28,0.0,39.5,ok
SAR_Ship_Chip_20250629_UTM10N_EPSG32610_10m.manifest.json,20250629,10,32610,32610,1,121,100.0,121/121,3.08,181.0,ok
SAR_Ship_Chip_20250629_UTM14N_EPSG32614_10m.manifest.json,20250629,14,32614,32614,1,59,100.0,59/59,0.0,183.0,ok
SAR_Ship_Chip_20250629_UTM16N_EPSG32616_10m.manifest.json,20250629,16,32616,32616,1,40,100.0,40/40,1.62,192.5,ok
SAR_Ship_Chip_20250629_UTM17N_EPSG32617_10m.manifest.json,20250629,17,32617,32617,1,77,100.0,77/77,5.1,179.0,ok
SAR_Ship_Chip_20250629_UTM18N_EPSG32618_10m.manifest.json,20250629,18,32618,32618,1,1,100.0,1/1,2.1,300.0,ok
SAR_Ship_Chip_20250630_UTM04N_EPSG32604_10m.manifest.json,20250630,4,32604,32604,1,2,100.0,2/2,15.0,140.5,ok
SAR_Ship_Chip_20250630_UTM05N_EPSG32605_10m.manifest.json,20250630,5,32605,32605,1,2,100.0,2/2,4.76,158.5,ok
SAR_Ship_Chip_20250627_UTM15N_EPSG32615_10m.manifest.json,20250627,15,32615,32615,1,3,100.0,3/3,0.0,139.0,ok
SAR_Ship_Chip_20250627_UTM16N_EPSG32616_10m.manifest.json,20250627,16,32616,32616,1,54,100.0,54/54,0.0,126.5,ok
SAR_Ship_Chip_20250627_UTM19N_EPSG32619_10m.manifest.json,20250627,19,32619,32619,1,5,100.0,5/5,11.2,182.0,ok
SAR_Ship_Chip_20250628_UTM04N_EPSG32604_10m.manifest.json,20250628,4,32604,32604,1,3,100.0,3/3,2.5,37.0,ok
SAR_Ship_Chip_20250628_UTM11N_EPSG32611_10m.manifest.json,20250628,11,32611,32611,1,18,100.0,18/18,13.4,229.5,ok
SAR_Ship_Chip_20250628_UTM15N_EPSG32615_10m.manifest.json,20250628,15,32615,32615,1,6,100.0,6/6,0.0,202.0,ok
SAR_Ship_Chip_20250628_UTM16N_EPSG32616_10m.manifest.json,20250628,16,32616,32616,1,8,100.0,8/8,11.25,119.0,ok
SAR_Ship_Chip_20250628_UTM18N_EPSG32618_10m.manifest.json,20250628,18,32618,32618,1,155,100.0,155/155,0.07,145.0,ok
SAR_Ship_Chip_20250630_UTM10N_EPSG32610_10m.manifest.json,20250630,10,32610,32610,1,291,100.0,291/291,0.05,145.0,ok
SAR_Ship_Chip_20250630_UTM12N_EPSG32612_10m.manifest.json,20250630,12,32612,32612,1,5,100.0,5/5,12.4,199.0,ok
SAR_Ship_Chip_20250630_UTM16N_EPSG32616_10m.manifest.json,20250630,16,32616,32616,1,39,100.0,39/39,9.0,164.0,ok
SAR_Ship_Chip_20250630_UTM19N_EPSG32619_10m.manifest.json,20250630,19,32619,32619,1,183,100.0,183/183,0.0,60.0,ok
SAR_Ship_Chip_20250630_UTM20N_EPSG32620_10m.manifest.json,20250630,20,32620,32620,1,6,100.0,6/6,11.12,138.0,ok
SAR_Ship_Chip_20250701_UTM04N_EPSG32604_10m.manifest.json,20250701,4,32604,32604,1,5,100.0,5/5,4.09,120.0,ok
SAR_Ship_Chip_20250701_UTM10N_EPSG32610_10m.manifest.json,20250701,10,32610,32610,1,17,100.0,17/17,9.69,225.0,ok
SAR_Ship_Chip_20250701_UTM11N_EPSG32611_10m.manifest.json,20250701,11,32611,32611,1,127,100.0,127/127,0.0,189.0,ok
SAR_Ship_Chip_20250701_UTM14N_EPSG32614_10m.manifest.json,20250701,14,32614,32614,1,116,100.0,116/116,0.0,147.5,ok
SAR_Ship_Chip_20250701_UTM15N_EPSG32615_10m.manifest.json,20250701,15,32615,32615,1,366,100.0,366/366,0.0,170.5,ok
SAR_Ship_Chip_20250701_UTM17N_EPSG32617_10m.manifest.json,20250701,17,32617,32617,1,184,100.0,184/184,0.04,158.5,ok
SAR_Ship_Chip_20250702_UTM04N_EPSG32604_10m.manifest.json,20250702,4,32604,32604,1,26,100.0,26/26,0.0,42.0,ok
SAR_Ship_Chip_20250702_UTM11N_EPSG32611_10m.manifest.json,20250702,11,32611,32611,1,237,100.0,237/237,0.0,183.0,ok
SAR_Ship_Chip_20250702_UTM17N_EPSG32617_10m.manifest.json,20250702,17,32617,32617,1,13,100.0,13/13,13.28,160.0,ok
SAR_Ship_Chip_20250702_UTM19N_EPSG32619_10m.manifest.json,20250702,19,32619,32619,1,14,100.0,14/14,9.03,62.5,ok
SAR_Ship_Chip_20250703_UTM05N_EPSG32605_10m.manifest.json,20250703,5,32605,32605,1,5,100.0,5/5,0.09,36.0,ok
SAR_Ship_Chip_20250703_UTM11N_EPSG32611_10m.manifest.json,20250703,11,32611,32611,1,38,100.0,38/38,1.73,184.0,ok
SAR_Ship_Chip_20250703_UTM15N_EPSG32615_10m.manifest.json,20250703,15,32615,32615,1,11,100.0,11/11,0.0,215.0,ok
SAR_Ship_Chip_20250703_UTM16N_EPSG32616_10m.manifest.json,20250703,16,32616,32616,1,354,100.0,354/354,0.0,95.0,ok
SAR_Ship_Chip_20250703_UTM18N_EPSG32618_10m.manifest.json,20250703,18,32618,32618,1,13,100.0,13/13,8.8,138.0,ok
SAR_Ship_Chip_20250703_UTM19N_EPSG32619_10m.manifest.json,20250703,19,32619,32619,1,4,100.0,4/4,9.61,94.5,ok
SAR_Ship_Chip_20250703_UTM20N_EPSG32620_10m.manifest.json,20250703,20,32620,32620,1,7,100.0,7/7,10.17,183.0,ok
SAR_Ship_Chip_20250704_UTM04N_EPSG32604_10m.manifest.json,20250704,4,32604,32604,1,1,100.0,1/1,0.0,280.0,ok
SAR_Ship_Chip_20250704_UTM10N_EPSG32610_10m.manifest.json,20250704,10,32610,32610,1,314,100.0,314/314,0.0,83.0,ok
SAR_Ship_Chip_20250704_UTM16N_EPSG32616_10m.manifest.json,20250704,16,32616,32616,1,4,100.0,4/4,0.0,95.0,ok
SAR_Ship_Chip_20250704_UTM17N_EPSG32617_10m.manifest.json,20250704,17,32617,32617,1,23,100.0,23/23,13.4,183.0,ok
SAR_Ship_Chip_20250705_UTM04N_EPSG32604_10m.manifest.json,20250705,4,32604,32604,1,25,100.0,25/25,0.0,44.0,ok
SAR_Ship_Chip_20250705_UTM09N_EPSG32609_10m.manifest.json,20250705,9,32609,32609,1,5,100.0,5/5,6.2,24.0,ok
SAR_Ship_Chip_20250705_UTM10N_EPSG32610_10m.manifest.json,20250705,10,32610,32610,1,18,100.0,18/18,9.07,152.5,ok
SAR_Ship_Chip_20250705_UTM12N_EPSG32612_10m.manifest.json,20250705,12,32612,32612,1,2,100.0,2/2,10.92,227.0,ok
SAR_Ship_Chip_20250705_UTM16N_EPSG32616_10m.manifest.json,20250705,16,32616,32616,1,33,100.0,33/33,0.1,192.0,ok
SAR_Ship_Chip_20250705_UTM18N_EPSG32618_10m.manifest.json,20250705,18,32618,32618,1,198,100.0,198/198,0.0,65.5,ok
SAR_Ship_Chip_20250708_UTM18N_EPSG32618_10m.manifest.json,20250708,18,32618,32618,1,3,100.0,3/3,13.6,230.0,ok
SAR_Ship_Chip_20250709_UTM05N_EPSG32605_10m.manifest.json,20250709,5,32605,32605,1,4,100.0,4/4,7.44,38.0,ok
SAR_Ship_Chip_20250709_UTM11N_EPSG32611_10m.manifest.json,20250709,11,32611,32611,1,23,100.0,23/23,0.0,176.0,ok
SAR_Ship_Chip_20250709_UTM12N_EPSG32612_10m.manifest.json,20250709,12,32612,32612,1,1,100.0,1/1,14.5,287.0,ok
SAR_Ship_Chip_20250709_UTM15N_EPSG32615_10m.manifest.json,20250709,15,32615,32615,1,5,100.0,5/5,0.0,222.0,ok
SAR_Ship_Chip_20250709_UTM16N_EPSG32616_10m.manifest.json,20250709,16,32616,32616,1,69,100.0,69/69,0.0,132.0,ok
SAR_Ship_Chip_20250709_UTM19N_EPSG32619_10m.manifest.json,20250709,19,32619,32619,1,25,100.0,25/25,0.0,75.0,ok
SAR_Ship_Chip_20250710_UTM11N_EPSG32611_10m.manifest.json,20250710,11,32611,32611,1,14,100.0,14/14,15.01,199.5,ok
SAR_Ship_Chip_20250705_UTM19N_EPSG32619_10m.manifest.json,20250705,19,32619,32619,1,8,100.0,8/8,12.75,289.0,ok
SAR_Ship_Chip_20250705_UTM20N_EPSG32620_10m.manifest.json,20250705,20,32620,32620,1,35,100.0,35/35,0.0,65.0,ok
SAR_Ship_Chip_20250706_UTM10N_EPSG32610_10m.manifest.json,20250706,10,32610,32610,1,156,100.0,156/156,0.08,179.0,ok
SAR_Ship_Chip_20250706_UTM15N_EPSG32615_10m.manifest.json,20250706,15,32615,32615,1,240,100.0,240/240,0.0,173.0,ok
SAR_Ship_Chip_20250706_UTM17N_EPSG32617_10m.manifest.json,20250706,17,32617,32617,1,113,100.0,113/113,0.0,92.0,ok
SAR_Ship_Chip_20250707_UTM04N_EPSG32604_10m.manifest.json,20250707,4,32604,32604,1,2,100.0,2/2,7.01,69.0,ok
SAR_Ship_Chip_20250707_UTM10N_EPSG32610_10m.manifest.json,20250707,10,32610,32610,1,274,100.0,274/274,0.0,96.0,ok
SAR_Ship_Chip_20250707_UTM11N_EPSG32611_10m.manifest.json,20250707,11,32611,32611,1,123,100.0,123/123,0.02,199.0,ok
SAR_Ship_Chip_20250710_UTM15N_EPSG32615_10m.manifest.json,20250710,15,32615,32615,1,6,100.0,6/6,0.0,212.5,ok
SAR_Ship_Chip_20250710_UTM16N_EPSG32616_10m.manifest.json,20250710,16,32616,32616,1,2,100.0,2/2,6.45,167.5,ok
SAR_Ship_Chip_20250710_UTM18N_EPSG32618_10m.manifest.json,20250710,18,32618,32618,1,158,100.0,158/158,0.0,138.5,ok
SAR_Ship_Chip_20250711_UTM04N_EPSG32604_10m.manifest.json,20250711,4,32604,32604,1,23,100.0,23/23,0.0,56.0,ok
SAR_Ship_Chip_20250711_UTM10N_EPSG32610_10m.manifest.json,20250711,10,32610,32610,1,103,100.0,103/103,1.62,180.0,ok
SAR_Ship_Chip_20250711_UTM14N_EPSG32614_10m.manifest.json,20250711,14,32614,32614,1,58,100.0,58/58,0.0,142.0,ok
SAR_Ship_Chip_20250711_UTM16N_EPSG32616_10m.manifest.json,20250711,16,32616,32616,1,48,100.0,48/48,0.1,190.5,ok
SAR_Ship_Chip_20250711_UTM17N_EPSG32617_10m.manifest.json,20250711,17,32617,32617,1,59,100.0,59/59,0.0,176.0,ok
SAR_Ship_Chip_20250707_UTM16N_EPSG32616_10m.manifest.json,20250707,16,32616,32616,1,1,100.0,1/1,0.0,78.0,ok
SAR_Ship_Chip_20250707_UTM17N_EPSG32617_10m.manifest.json,20250707,17,32617,32617,1,28,100.0,28/28,11.15,195.5,ok
SAR_Ship_Chip_20250707_UTM19N_EPSG32619_10m.manifest.json,20250707,19,32619,32619,1,100,100.0,100/100,0.33,68.0,ok
SAR_Ship_Chip_20250707_UTM20N_EPSG32620_10m.manifest.json,20250707,20,32620,32620,1,37,100.0,37/37,0.09,120.0,ok
SAR_Ship_Chip_20250708_UTM04N_EPSG32604_10m.manifest.json,20250708,4,32604,32604,1,26,100.0,26/26,0.0,50.0,ok
SAR_Ship_Chip_20250708_UTM11N_EPSG32611_10m.manifest.json,20250708,11,32611,32611,1,239,100.0,239/239,0.0,199.0,ok
SAR_Ship_Chip_20250708_UTM15N_EPSG32615_10m.manifest.json,20250708,15,32615,32615,1,91,100.0,91/91,0.0,87.0,ok
SAR_Ship_Chip_20250708_UTM17N_EPSG32617_10m.manifest.json,20250708,17,32617,32617,1,52,100.0,52/52,1.08,198.5,ok
SAR_Ship_Chip_20250714_UTM17N_EPSG32617_10m.manifest.json,20250714,17,32617,32617,1,12,100.0,12/12,14.51,216.5,ok
SAR_Ship_Chip_20250714_UTM19N_EPSG32619_10m.manifest.json,20250714,19,32619,32619,1,38,100.0,38/38,4.52,89.0,ok
SAR_Ship_Chip_20250714_UTM20N_EPSG32620_10m.manifest.json,20250714,20,32620,32620,1,7,100.0,7/7,0.1,44.0,ok
SAR_Ship_Chip_20250715_UTM11N_EPSG32611_10m.manifest.json,20250715,11,32611,32611,1,31,100.0,31/31,0.0,167.0,ok
SAR_Ship_Chip_20250715_UTM15N_EPSG32615_10m.manifest.json,20250715,15,32615,32615,1,8,100.0,8/8,5.72,174.5,ok
SAR_Ship_Chip_20250715_UTM16N_EPSG32616_10m.manifest.json,20250715,16,32616,32616,1,296,100.0,296/296,0.0,95.0,ok
SAR_Ship_Chip_20250715_UTM18N_EPSG32618_10m.manifest.json,20250715,18,32618,32618,1,20,100.0,20/20,10.06,205.0,ok
SAR_Ship_Chip_20250715_UTM19N_EPSG32619_10m.manifest.json,20250715,19,32619,32619,1,9,100.0,9/9,7.8,82.0,ok
SAR_Ship_Chip_20250715_UTM20N_EPSG32620_10m.manifest.json,20250715,20,32620,32620,1,5,100.0,5/5,11.81,208.0,ok
SAR_Ship_Chip_20250716_UTM04N_EPSG32604_10m.manifest.json,20250716,4,32604,32604,1,2,100.0,2/2,0.0,36.5,ok
SAR_Ship_Chip_20250716_UTM10N_EPSG32610_10m.manifest.json,20250716,10,32610,32610,1,302,100.0,302/302,0.0,96.0,ok
SAR_Ship_Chip_20250716_UTM12N_EPSG32612_10m.manifest.json,20250716,12,32612,32612,1,5,100.0,5/5,13.9,183.0,ok
SAR_Ship_Chip_20250716_UTM16N_EPSG32616_10m.manifest.json,20250716,16,32616,32616,1,6,100.0,6/6,4.3,95.0,ok
SAR_Ship_Chip_20250716_UTM17N_EPSG32617_10m.manifest.json,20250716,17,32617,32617,1,20,100.0,20/20,10.69,200.0,ok
SAR_Ship_Chip_20250716_UTM20N_EPSG32620_10m.manifest.json,20250716,20,32620,32620,1,7,100.0,7/7,6.39,183.0,ok
SAR_Ship_Chip_20250717_UTM04N_EPSG32604_10m.manifest.json,20250717,4,32604,32604,1,24,100.0,24/24,0.05,57.5,ok
SAR_Ship_Chip_20250711_UTM18N_EPSG32618_10m.manifest.json,20250711,18,32618,32618,1,47,100.0,47/47,0.0,50.0,ok
SAR_Ship_Chip_20250712_UTM04N_EPSG32604_10m.manifest.json,20250712,4,32604,32604,1,1,100.0,1/1,18.8,236.0,ok
SAR_Ship_Chip_20250712_UTM05N_EPSG32605_10m.manifest.json,20250712,5,32605,32605,1,7,100.0,7/7,7.4,37.0,ok
SAR_Ship_Chip_20250712_UTM10N_EPSG32610_10m.manifest.json,20250712,10,32610,32610,1,300,100.0,300/300,0.1,144.5,ok
SAR_Ship_Chip_20250712_UTM12N_EPSG32612_10m.manifest.json,20250712,12,32612,32612,1,7,100.0,7/7,16.95,366.0,ok
SAR_Ship_Chip_20250712_UTM16N_EPSG32616_10m.manifest.json,20250712,16,32616,32616,1,49,100.0,49/49,6.83,193.0,ok
SAR_Ship_Chip_20250712_UTM18N_EPSG32618_10m.manifest.json,20250712,18,32618,32618,1,24,100.0,24/24,0.0,48.5,ok
SAR_Ship_Chip_20250712_UTM19N_EPSG32619_10m.manifest.json,20250712,19,32619,32619,1,247,100.0,247/247,0.0,52.0,ok
SAR_Ship_Chip_20250712_UTM20N_EPSG32620_10m.manifest.json,20250712,20,32620,32620,1,2,100.0,2/2,6.95,126.0,ok
SAR_Ship_Chip_20250713_UTM04N_EPSG32604_10m.manifest.json,20250713,4,32604,32604,1,2,100.0,2/2,8.13,89.5,ok
SAR_Ship_Chip_20250713_UTM10N_EPSG32610_10m.manifest.json,20250713,10,32610,32610,1,16,100.0,16/16,9.8,208.5,ok
SAR_Ship_Chip_20250713_UTM11N_EPSG32611_10m.manifest.json,20250713,11,32611,32611,1,104,100.0,104/104,0.0,200.0,ok
SAR_Ship_Chip_20250713_UTM15N_EPSG32615_10m.manifest.json,20250713,15,32615,32615,1,456,100.0,456/456,0.0,181.0,ok
SAR_Ship_Chip_20250713_UTM17N_EPSG32617_10m.manifest.json,20250713,17,32617,32617,1,169,100.0,169/169,4.2,180.0,ok
SAR_Ship_Chip_20250714_UTM04N_EPSG32604_10m.manifest.json,20250714,4,32604,32604,1,26,100.0,26/26,0.0,57.5,ok
SAR_Ship_Chip_20250714_UTM11N_EPSG32611_10m.manifest.json,20250714,11,32611,32611,1,209,100.0,209/209,0.0,190.0,ok
SAR_Ship_Chip_20250717_UTM09N_EPSG32609_10m.manifest.json,20250717,9,32609,32609,1,5,100.0,5/5,3.7,184.0,ok
SAR_Ship_Chip_20250717_UTM10N_EPSG32610_10m.manifest.json,20250717,10,32610,32610,1,18,100.0,18/18,8.42,92.5,ok
SAR_Ship_Chip_20250717_UTM12N_EPSG32612_10m.manifest.json,20250717,12,32612,32612,1,4,100.0,4/4,15.35,228.0,ok
SAR_Ship_Chip_20250717_UTM16N_EPSG32616_10m.manifest.json,20250717,16,32616,32616,1,46,100.0,46/46,0.0,199.0,ok
SAR_Ship_Chip_20250717_UTM18N_EPSG32618_10m.manifest.json,20250717,18,32618,32618,1,167,100.0,167/167,0.05,54.0,ok
SAR_Ship_Chip_20250717_UTM19N_EPSG32619_10m.manifest.json,20250717,19,32619,32619,1,2,100.0,2/2,10.1,151.5,ok
SAR_Ship_Chip_20250717_UTM20N_EPSG32620_10m.manifest.json,20250717,20,32620,32620,1,32,100.0,32/32,0.07,49.5,ok
SAR_Ship_Chip_20250718_UTM05N_EPSG32605_10m.manifest.json,20250718,5,32605,32605,1,3,100.0,3/3,0.0,37.0,ok
SAR_Ship_Chip_20250719_UTM20N_EPSG32620_10m.manifest.json,20250719,20,32620,32620,1,32,100.0,32/32,0.0,91.0,ok
SAR_Ship_Chip_20250720_UTM04N_EPSG32604_10m.manifest.json,20250720,4,32604,32604,1,23,100.0,23/23,0.0,56.0,ok
SAR_Ship_Chip_20250720_UTM11N_EPSG32611_10m.manifest.json,20250720,11,32611,32611,1,234,100.0,234/234,0.0,183.0,ok
SAR_Ship_Chip_20250720_UTM15N_EPSG32615_10m.manifest.json,20250720,15,32615,32615,1,107,100.0,107/107,0.0,115.0,ok
SAR_Ship_Chip_20250720_UTM17N_EPSG32617_10m.manifest.json,20250720,17,32617,32617,1,28,100.0,28/28,8.28,179.5,ok
SAR_Ship_Chip_20250720_UTM18N_EPSG32618_10m.manifest.json,20250720,18,32618,32618,1,11,100.0,11/11,12.7,190.0,ok
SAR_Ship_Chip_20250721_UTM11N_EPSG32611_10m.manifest.json,20250721,11,32611,32611,1,28,100.0,28/28,0.05,183.0,ok
SAR_Ship_Chip_20250721_UTM12N_EPSG32612_10m.manifest.json,20250721,12,32612,32612,1,4,100.0,4/4,11.95,212.0,ok
SAR_Ship_Chip_20250718_UTM10N_EPSG32610_10m.manifest.json,20250718,10,32610,32610,1,191,100.0,191/191,0.1,177.0,ok
SAR_Ship_Chip_20250718_UTM15N_EPSG32615_10m.manifest.json,20250718,15,32615,32615,1,224,100.0,224/224,0.0,180.0,ok
SAR_Ship_Chip_20250718_UTM17N_EPSG32617_10m.manifest.json,20250718,17,32617,32617,1,107,100.0,107/107,0.0,70.0,ok
SAR_Ship_Chip_20250719_UTM04N_EPSG32604_10m.manifest.json,20250719,4,32604,32604,1,2,100.0,2/2,7.6,45.0,ok
SAR_Ship_Chip_20250719_UTM10N_EPSG32610_10m.manifest.json,20250719,10,32610,32610,1,254,100.0,254/254,0.0,92.0,ok
SAR_Ship_Chip_20250719_UTM11N_EPSG32611_10m.manifest.json,20250719,11,32611,32611,1,119,100.0,119/119,0.08,183.0,ok
SAR_Ship_Chip_20250719_UTM17N_EPSG32617_10m.manifest.json,20250719,17,32617,32617,1,28,100.0,28/28,9.24,178.5,ok
SAR_Ship_Chip_20250719_UTM19N_EPSG32619_10m.manifest.json,20250719,19,32619,32619,1,141,100.0,141/141,0.1,55.0,ok
SAR_Ship_Chip_20250721_UTM15N_EPSG32615_10m.manifest.json,20250721,15,32615,32615,1,4,100.0,4/4,0.0,103.0,ok
SAR_Ship_Chip_20250721_UTM16N_EPSG32616_10m.manifest.json,20250721,16,32616,32616,1,85,100.0,85/85,0.0,103.0,ok
SAR_Ship_Chip_20250721_UTM19N_EPSG32619_10m.manifest.json,20250721,19,32619,32619,1,1,100.0,1/1,1.26,276.0,ok
SAR_Ship_Chip_20250722_UTM15N_EPSG32615_10m.manifest.json,20250722,15,32615,32615,1,7,100.0,7/7,0.0,190.0,ok
SAR_Ship_Chip_20250722_UTM16N_EPSG32616_10m.manifest.json,20250722,16,32616,32616,1,6,100.0,6/6,5.9,200.0,ok
SAR_Ship_Chip_20250722_UTM18N_EPSG32618_10m.manifest.json,20250722,18,32618,32618,1,161,100.0,161/161,0.0,161.0,ok
SAR_Ship_Chip_20250723_UTM04N_EPSG32604_10m.manifest.json,20250723,4,32604,32604,1,19,100.0,19/19,0.0,59.0,ok
SAR_Ship_Chip_20250723_UTM10N_EPSG32610_10m.manifest.json,20250723,10,32610,32610,1,97,100.0,97/97,0.5,180.0,ok
SAR_Ship_Chip_20250725_UTM17N_EPSG32617_10m.manifest.json,20250725,17,32617,32617,1,188,100.0,188/188,1.1,183.0,ok
SAR_Ship_Chip_20250726_UTM04N_EPSG32604_10m.manifest.json,20250726,4,32604,32604,1,25,100.0,25/25,0.06,59.0,ok
SAR_Ship_Chip_20250726_UTM11N_EPSG32611_10m.manifest.json,20250726,11,32611,32611,1,197,100.0,197/197,0.0,183.0,ok
SAR_Ship_Chip_20250726_UTM16N_EPSG32616_10m.manifest.json,20250726,16,32616,32616,1,1,100.0,1/1,15.4,228.0,ok
SAR_Ship_Chip_20250726_UTM17N_EPSG32617_10m.manifest.json,20250726,17,32617,32617,1,25,100.0,25/25,11.87,181.0,ok
SAR_Ship_Chip_20250726_UTM19N_EPSG32619_10m.manifest.json,20250726,19,32619,32619,1,42,100.0,42/42,6.7,53.0,ok
SAR_Ship_Chip_20250726_UTM20N_EPSG32620_10m.manifest.json,20250726,20,32620,32620,1,3,100.0,3/3,0.08,75.0,ok
SAR_Ship_Chip_20250727_UTM05N_EPSG32605_10m.manifest.json,20250727,5,32605,32605,1,2,100.0,2/2,10.9,160.0,ok
SAR_Ship_Chip_20250723_UTM14N_EPSG32614_10m.manifest.json,20250723,14,32614,32614,1,72,100.0,72/72,0.0,139.5,ok
SAR_Ship_Chip_20250723_UTM16N_EPSG32616_10m.manifest.json,20250723,16,32616,32616,1,43,100.0,43/43,7.89,190.0,ok
SAR_Ship_Chip_20250723_UTM17N_EPSG32617_10m.manifest.json,20250723,17,32617,32617,1,64,100.0,64/64,0.03,174.5,ok
SAR_Ship_Chip_20250723_UTM20N_EPSG32620_10m.manifest.json,20250723,20,32620,32620,1,1,100.0,1/1,11.1,184.0,ok
SAR_Ship_Chip_20250724_UTM04N_EPSG32604_10m.manifest.json,20250724,4,32604,32604,1,2,100.0,2/2,11.43,127.0,ok
SAR_Ship_Chip_20250724_UTM05N_EPSG32605_10m.manifest.json,20250724,5,32605,32605,1,3,100.0,3/3,9.07,37.0,ok
SAR_Ship_Chip_20250724_UTM10N_EPSG32610_10m.manifest.json,20250724,10,32610,32610,1,329,100.0,329/329,0.06,139.0,ok
SAR_Ship_Chip_20250724_UTM12N_EPSG32612_10m.manifest.json,20250724,12,32612,32612,1,5,100.0,5/5,12.1,199.0,ok
SAR_Ship_Chip_20250724_UTM16N_EPSG32616_10m.manifest.json,20250724,16,32616,32616,1,36,100.0,36/36,3.04,171.5,ok
SAR_Ship_Chip_20250724_UTM19N_EPSG32619_10m.manifest.json,20250724,19,32619,32619,1,193,100.0,193/193,0.0,52.0,ok
SAR_Ship_Chip_20250724_UTM20N_EPSG32620_10m.manifest.json,20250724,20,32620,32620,1,4,100.0,4/4,7.95,67.0,ok
SAR_Ship_Chip_20250725_UTM04N_EPSG32604_10m.manifest.json,20250725,4,32604,32604,1,3,100.0,3/3,5.0,75.0,ok
SAR_Ship_Chip_20250725_UTM10N_EPSG32610_10m.manifest.json,20250725,10,32610,32610,1,16,100.0,16/16,10.96,191.5,ok
SAR_Ship_Chip_20250725_UTM11N_EPSG32611_10m.manifest.json,20250725,11,32611,32611,1,101,100.0,101/101,0.06,180.0,ok
SAR_Ship_Chip_20250725_UTM14N_EPSG32614_10m.manifest.json,20250725,14,32614,32614,1,10,100.0,10/10,0.53,181.5,ok
SAR_Ship_Chip_20250725_UTM15N_EPSG32615_10m.manifest.json,20250725,15,32615,32615,1,422,100.0,422/422,0.0,174.0,ok
SAR_Ship_Chip_20250727_UTM11N_EPSG32611_10m.manifest.json,20250727,11,32611,32611,1,34,100.0,34/34,9.01,183.0,ok
SAR_Ship_Chip_20250727_UTM15N_EPSG32615_10m.manifest.json,20250727,15,32615,32615,1,7,100.0,7/7,0.0,226.0,ok
SAR_Ship_Chip_20250727_UTM16N_EPSG32616_10m.manifest.json,20250727,16,32616,32616,1,322,100.0,322/322,0.0,113.0,ok
SAR_Ship_Chip_20250727_UTM17N_EPSG32617_10m.manifest.json,20250727,17,32617,32617,1,18,100.0,18/18,1.61,199.0,ok
SAR_Ship_Chip_20250727_UTM18N_EPSG32618_10m.manifest.json,20250727,18,32618,32618,1,143,100.0,143/143,0.0,145.0,ok
SAR_Ship_Chip_20250727_UTM19N_EPSG32619_10m.manifest.json,20250727,19,32619,32619,1,15,100.0,15/15,0.35,69.0,ok
SAR_Ship_Chip_20250727_UTM20N_EPSG32620_10m.manifest.json,20250727,20,32620,32620,1,8,100.0,8/8,10.75,156.0,ok
SAR_Ship_Chip_20250728_UTM04N_EPSG32604_10m.manifest.json,20250728,4,32604,32604,1,1,100.0,1/1,0.0,33.0,ok
SAR_Ship_Chip_20250728_UTM10N_EPSG32610_10m.manifest.json,20250728,10,32610,32610,1,310,100.0,310/310,0.0,81.5,ok
SAR_Ship_Chip_20250728_UTM16N_EPSG32616_10m.manifest.json,20250728,16,32616,32616,1,8,100.0,8/8,4.83,100.0,ok
SAR_Ship_Chip_20250728_UTM17N_EPSG32617_10m.manifest.json,20250728,17,32617,32617,1,35,100.0,35/35,10.7,183.0,ok
SAR_Ship_Chip_20250729_UTM04N_EPSG32604_10m.manifest.json,20250729,4,32604,32604,1,22,100.0,22/22,0.2,39.5,ok
SAR_Ship_Chip_20250729_UTM09N_EPSG32609_10m.manifest.json,20250729,9,32609,32609,1,3,100.0,3/3,0.0,30.0,ok
SAR_Ship_Chip_20250729_UTM10N_EPSG32610_10m.manifest.json,20250729,10,32610,32610,1,22,100.0,22/22,10.11,166.5,ok
SAR_Ship_Chip_20250729_UTM12N_EPSG32612_10m.manifest.json,20250729,12,32612,32612,1,12,100.0,12/12,13.4,216.5,ok
SAR_Ship_Chip_20250729_UTM18N_EPSG32618_10m.manifest.json,20250729,18,32618,32618,1,186,100.0,186/186,0.0,70.5,ok
SAR_Ship_Chip_20250729_UTM19N_EPSG32619_10m.manifest.json,20250729,19,32619,32619,1,12,100.0,12/12,8.9,159.0,ok
SAR_Ship_Chip_20250729_UTM20N_EPSG32620_10m.manifest.json,20250729,20,32620,32620,1,38,100.0,38/38,0.09,121.0,ok
SAR_Ship_Chip_20250730_UTM04N_EPSG32604_10m.manifest.json,20250730,4,32604,32604,1,1,100.0,1/1,20.8,273.0,ok
SAR_Ship_Chip_20250730_UTM05N_EPSG32605_10m.manifest.json,20250730,5,32605,32605,1,8,100.0,8/8,8.46,39.5,ok
SAR_Ship_Chip_20250730_UTM10N_EPSG32610_10m.manifest.json,20250730,10,32610,32610,1,133,100.0,133/133,0.0,147.0,ok
SAR_Ship_Chip_20250730_UTM15N_EPSG32615_10m.manifest.json,20250730,15,32615,32615,1,248,100.0,248/248,0.0,173.0,ok
SAR_Ship_Chip_20250730_UTM17N_EPSG32617_10m.manifest.json,20250730,17,32617,32617,1,228,100.0,228/228,0.0,67.5,ok
SAR_Ship_Chip_20250731_UTM04N_EPSG32604_10m.manifest.json,20250731,4,32604,32604,1,2,100.0,2/2,14.39,230.0,ok
SAR_Ship_Chip_20250801_UTM17N_EPSG32617_10m.manifest.json,20250801,17,32617,32617,1,40,100.0,40/40,0.65,192.0,ok
SAR_Ship_Chip_20250801_UTM18N_EPSG32618_10m.manifest.json,20250801,18,32618,32618,1,21,100.0,21/21,12.0,198.0,ok
SAR_Ship_Chip_20250802_UTM11N_EPSG32611_10m.manifest.json,20250802,11,32611,32611,1,28,100.0,28/28,0.0,80.0,ok
SAR_Ship_Chip_20250802_UTM12N_EPSG32612_10m.manifest.json,20250802,12,32612,32612,1,3,100.0,3/3,12.3,300.0,ok
SAR_Ship_Chip_20250802_UTM15N_EPSG32615_10m.manifest.json,20250802,15,32615,32615,1,5,100.0,5/5,0.0,147.0,ok
SAR_Ship_Chip_20250802_UTM16N_EPSG32616_10m.manifest.json,20250802,16,32616,32616,1,65,100.0,65/65,0.0,95.0,ok
SAR_Ship_Chip_20250802_UTM19N_EPSG32619_10m.manifest.json,20250802,19,32619,32619,1,3,100.0,3/3,13.43,210.0,ok
SAR_Ship_Chip_20250803_UTM04N_EPSG32604_10m.manifest.json,20250803,4,32604,32604,1,1,100.0,1/1,0.0,180.0,ok
SAR_Ship_Chip_20250731_UTM10N_EPSG32610_10m.manifest.json,20250731,10,32610,32610,1,245,100.0,245/245,0.0,87.0,ok
SAR_Ship_Chip_20250731_UTM11N_EPSG32611_10m.manifest.json,20250731,11,32611,32611,1,114,100.0,114/114,0.1,208.5,ok
SAR_Ship_Chip_20250731_UTM17N_EPSG32617_10m.manifest.json,20250731,17,32617,32617,1,21,100.0,21/21,8.22,190.0,ok
SAR_Ship_Chip_20250731_UTM19N_EPSG32619_10m.manifest.json,20250731,19,32619,32619,1,149,100.0,149/149,0.08,58.0,ok
SAR_Ship_Chip_20250731_UTM20N_EPSG32620_10m.manifest.json,20250731,20,32620,32620,1,28,100.0,28/28,0.09,48.5,ok
SAR_Ship_Chip_20250801_UTM04N_EPSG32604_10m.manifest.json,20250801,4,32604,32604,1,27,100.0,27/27,0.0,68.0,ok
SAR_Ship_Chip_20250801_UTM11N_EPSG32611_10m.manifest.json,20250801,11,32611,32611,1,220,100.0,220/220,0.0,183.0,ok
SAR_Ship_Chip_20250801_UTM15N_EPSG32615_10m.manifest.json,20250801,15,32615,32615,1,121,100.0,121/121,0.0,146.0,ok
SAR_Ship_Chip_20250804_UTM16N_EPSG32616_10m.manifest.json,20250804,16,32616,32616,1,33,100.0,33/33,0.49,170.0,ok
SAR_Ship_Chip_20250804_UTM17N_EPSG32617_10m.manifest.json,20250804,17,32617,32617,1,56,100.0,56/56,8.32,183.0,ok
SAR_Ship_Chip_20250804_UTM18N_EPSG32618_10m.manifest.json,20250804,18,32618,32618,1,46,100.0,46/46,0.0,60.5,ok
SAR_Ship_Chip_20250804_UTM20N_EPSG32620_10m.manifest.json,20250804,20,32620,32620,1,1,100.0,1/1,13.3,139.0,ok
SAR_Ship_Chip_20250805_UTM04N_EPSG32604_10m.manifest.json,20250805,4,32604,32604,1,1,100.0,1/1,15.0,294.0,ok
SAR_Ship_Chip_20250805_UTM05N_EPSG32605_10m.manifest.json,20250805,5,32605,32605,1,4,100.0,4/4,2.92,110.0,ok
SAR_Ship_Chip_20250805_UTM10N_EPSG32610_10m.manifest.json,20250805,10,32610,32610,1,302,100.0,302/302,0.1,139.0,ok
SAR_Ship_Chip_20250805_UTM12N_EPSG32612_10m.manifest.json,20250805,12,32612,32612,1,10,100.0,10/10,13.82,196.0,ok
SAR_Ship_Chip_20250803_UTM11N_EPSG32611_10m.manifest.json,20250803,11,32611,32611,1,15,100.0,15/15,15.86,200.0,ok
SAR_Ship_Chip_20250803_UTM14N_EPSG32614_10m.manifest.json,20250803,14,32614,32614,1,1,100.0,1/1,0.0,190.0,ok
SAR_Ship_Chip_20250803_UTM15N_EPSG32615_10m.manifest.json,20250803,15,32615,32615,1,1,100.0,1/1,0.0,200.0,ok
SAR_Ship_Chip_20250803_UTM16N_EPSG32616_10m.manifest.json,20250803,16,32616,32616,1,13,100.0,13/13,11.1,144.0,ok
SAR_Ship_Chip_20250803_UTM18N_EPSG32618_10m.manifest.json,20250803,18,32618,32618,1,145,100.0,145/145,0.1,135.0,ok
SAR_Ship_Chip_20250804_UTM04N_EPSG32604_10m.manifest.json,20250804,4,32604,32604,1,27,100.0,27/27,0.0,55.0,ok
SAR_Ship_Chip_20250804_UTM10N_EPSG32610_10m.manifest.json,20250804,10,32610,32610,1,72,100.0,72/72,0.1,181.5,ok
SAR_Ship_Chip_20250804_UTM14N_EPSG32614_10m.manifest.json,20250804,14,32614,32614,1,81,100.0,81/81,0.0,162.0,ok
SAR_Ship_Chip_20250805_UTM16N_EPSG32616_10m.manifest.json,20250805,16,32616,32616,1,39,100.0,39/39,10.0,192.0,ok
SAR_Ship_Chip_20250805_UTM18N_EPSG32618_10m.manifest.json,20250805,18,32618,32618,1,28,100.0,28/28,0.0,43.0,ok
SAR_Ship_Chip_20250805_UTM19N_EPSG32619_10m.manifest.json,20250805,19,32619,32619,1,311,100.0,311/311,0.0,53.0,ok
SAR_Ship_Chip_20250805_UTM20N_EPSG32620_10m.manifest.json,20250805,20,32620,32620,1,2,100.0,2/2,15.71,306.5,ok
SAR_Ship_Chip_20250806_UTM04N_EPSG32604_10m.manifest.json,20250806,4,32604,32604,1,2,100.0,2/2,4.3,36.0,ok
SAR_Ship_Chip_20250806_UTM10N_EPSG32610_10m.manifest.json,20250806,10,32610,32610,1,23,100.0,23/23,11.11,230.0,ok
SAR_Ship_Chip_20250806_UTM11N_EPSG32611_10m.manifest.json,20250806,11,32611,32611,1,113,100.0,113/113,0.1,183.0,ok
SAR_Ship_Chip_20250806_UTM14N_EPSG32614_10m.manifest.json,20250806,14,32614,32614,1,7,100.0,7/7,3.4,129.0,ok
SAR_Ship_Chip_20250806_UTM15N_EPSG32615_10m.manifest.json,20250806,15,32615,32615,1,429,100.0,429/429,0.0,163.0,ok
SAR_Ship_Chip_20250806_UTM17N_EPSG32617_10m.manifest.json,20250806,17,32617,32617,1,183,100.0,183/183,0.4,180.0,ok
SAR_Ship_Chip_20250807_UTM04N_EPSG32604_10m.manifest.json,20250807,4,32604,32604,1,27,100.0,27/27,0.0,39.0,ok
SAR_Ship_Chip_20250807_UTM11N_EPSG32611_10m.manifest.json,20250807,11,32611,32611,1,211,100.0,211/211,0.0,161.0,ok
SAR_Ship_Chip_20250807_UTM17N_EPSG32617_10m.manifest.json,20250807,17,32617,32617,1,6,100.0,6/6,14.4,188.0,ok
SAR_Ship_Chip_20250807_UTM19N_EPSG32619_10m.manifest.json,20250807,19,32619,32619,1,36,100.0,36/36,4.31,45.5,ok
SAR_Ship_Chip_20250807_UTM20N_EPSG32620_10m.manifest.json,20250807,20,32620,32620,1,1,100.0,1/1,12.0,199.0,ok
SAR_Ship_Chip_20250808_UTM05N_EPSG32605_10m.manifest.json,20250808,5,32605,32605,1,5,100.0,5/5,9.65,38.0,ok
SAR_Ship_Chip_20250808_UTM11N_EPSG32611_10m.manifest.json,20250808,11,32611,32611,1,43,100.0,43/43,1.1,183.0,ok
SAR_Ship_Chip_20250808_UTM15N_EPSG32615_10m.manifest.json,20250808,15,32615,32615,1,11,100.0,11/11,0.1,225.0,ok
SAR_Ship_Chip_20250808_UTM16N_EPSG32616_10m.manifest.json,20250808,16,32616,32616,1,305,100.0,305/305,0.0,95.0,ok
SAR_Ship_Chip_20250808_UTM17N_EPSG32617_10m.manifest.json,20250808,17,32617,32617,1,19,100.0,19/19,0.0,190.0,ok
SAR_Ship_Chip_20250808_UTM18N_EPSG32618_10m.manifest.json,20250808,18,32618,32618,1,125,100.0,125/125,0.0,85.0,ok
SAR_Ship_Chip_20250808_UTM19N_EPSG32619_10m.manifest.json,20250808,19,32619,32619,1,21,100.0,21/21,7.27,86.0,ok
SAR_Ship_Chip_20250808_UTM20N_EPSG32620_10m.manifest.json,20250808,20,32620,32620,1,16,100.0,16/16,11.05,112.0,ok
SAR_Ship_Chip_20250809_UTM04N_EPSG32604_10m.manifest.json,20250809,4,32604,32604,1,3,100.0,3/3,9.6,159.0,ok
SAR_Ship_Chip_20250810_UTM10N_EPSG32610_10m.manifest.json,20250810,10,32610,32610,1,19,100.0,19/19,8.64,183.0,ok
SAR_Ship_Chip_20250810_UTM12N_EPSG32612_10m.manifest.json,20250810,12,32612,32612,1,4,100.0,4/4,15.85,299.0,ok
SAR_Ship_Chip_20250810_UTM16N_EPSG32616_10m.manifest.json,20250810,16,32616,32616,1,33,100.0,33/33,0.1,191.0,ok
SAR_Ship_Chip_20250810_UTM20N_EPSG32620_10m.manifest.json,20250810,20,32620,32620,1,27,100.0,27/27,0.1,62.0,ok
SAR_Ship_Chip_20250811_UTM04N_EPSG32604_10m.manifest.json,20250811,4,32604,32604,1,1,100.0,1/1,23.39,217.0,ok
SAR_Ship_Chip_20250811_UTM05N_EPSG32605_10m.manifest.json,20250811,5,32605,32605,1,2,100.0,2/2,4.1,156.5,ok
SAR_Ship_Chip_20250811_UTM10N_EPSG32610_10m.manifest.json,20250811,10,32610,32610,1,76,100.0,76/76,0.89,178.0,ok
SAR_Ship_Chip_20250811_UTM16N_EPSG32616_10m.manifest.json,20250811,16,32616,32616,1,4,100.0,4/4,0.0,129.5,ok
SAR_Ship_Chip_20250809_UTM10N_EPSG32610_10m.manifest.json,20250809,10,32610,32610,1,324,100.0,324/324,0.0,100.0,ok
SAR_Ship_Chip_20250809_UTM12N_EPSG32612_10m.manifest.json,20250809,12,32612,32612,1,2,100.0,2/2,13.8,274.0,ok
SAR_Ship_Chip_20250809_UTM14N_EPSG32614_10m.manifest.json,20250809,14,32614,32614,1,12,100.0,12/12,0.0,121.0,ok
SAR_Ship_Chip_20250809_UTM16N_EPSG32616_10m.manifest.json,20250809,16,32616,32616,1,7,100.0,7/7,0.0,100.0,ok
SAR_Ship_Chip_20250809_UTM17N_EPSG32617_10m.manifest.json,20250809,17,32617,32617,1,22,100.0,22/22,11.38,191.0,ok
SAR_Ship_Chip_20250809_UTM20N_EPSG32620_10m.manifest.json,20250809,20,32620,32620,1,11,100.0,11/11,13.4,190.0,ok
SAR_Ship_Chip_20250810_UTM04N_EPSG32604_10m.manifest.json,20250810,4,32604,32604,1,26,100.0,26/26,0.06,47.5,ok
SAR_Ship_Chip_20250810_UTM09N_EPSG32609_10m.manifest.json,20250810,9,32609,32609,1,6,100.0,6/6,12.28,233.5,ok
SAR_Ship_Chip_20250811_UTM17N_EPSG32617_10m.manifest.json,20250811,17,32617,32617,1,228,100.0,228/228,0.0,60.0,ok
SAR_Ship_Chip_20250812_UTM04N_EPSG32604_10m.manifest.json,20250812,4,32604,32604,1,2,100.0,2/2,12.35,150.0,ok
SAR_Ship_Chip_20250812_UTM10N_EPSG32610_10m.manifest.json,20250812,10,32610,32610,1,251,100.0,251/251,0.0,98.0,ok
SAR_Ship_Chip_20250812_UTM11N_EPSG32611_10m.manifest.json,20250812,11,32611,32611,1,119,100.0,119/119,0.0,186.0,ok
SAR_Ship_Chip_20250812_UTM17N_EPSG32617_10m.manifest.json,20250812,17,32617,32617,1,24,100.0,24/24,8.91,211.0,ok
SAR_Ship_Chip_20250812_UTM19N_EPSG32619_10m.manifest.json,20250812,19,32619,32619,1,155,100.0,155/155,0.13,67.0,ok
SAR_Ship_Chip_20250812_UTM20N_EPSG32620_10m.manifest.json,20250812,20,32620,32620,1,36,100.0,36/36,0.0,97.5,ok
SAR_Ship_Chip_20250813_UTM04N_EPSG32604_10m.manifest.json,20250813,4,32604,32604,1,18,100.0,18/18,2.16,38.0,ok
SAR_Ship_Chip_20250814_UTM17N_EPSG32617_10m.manifest.json,20250814,17,32617,32617,1,12,100.0,12/12,13.25,185.5,ok
SAR_Ship_Chip_20250814_UTM19N_EPSG32619_10m.manifest.json,20250814,19,32619,32619,1,2,100.0,2/2,12.81,177.0,ok
SAR_Ship_Chip_20250814_UTM20N_EPSG32620_10m.manifest.json,20250814,20,32620,32620,1,2,100.0,2/2,5.53,115.0,ok
SAR_Ship_Chip_20250815_UTM04N_EPSG32604_10m.manifest.json,20250815,4,32604,32604,1,1,100.0,1/1,0.0,280.0,ok
SAR_Ship_Chip_20250815_UTM11N_EPSG32611_10m.manifest.json,20250815,11,32611,32611,1,6,100.0,6/6,11.85,195.0,ok
SAR_Ship_Chip_20250815_UTM15N_EPSG32615_10m.manifest.json,20250815,15,32615,32615,1,2,100.0,2/2,0.0,117.5,ok
SAR_Ship_Chip_20250815_UTM16N_EPSG32616_10m.manifest.json,20250815,16,32616,32616,1,10,100.0,10/10,10.3,218.5,ok
SAR_Ship_Chip_20250815_UTM18N_EPSG32618_10m.manifest.json,20250815,18,32618,32618,1,157,100.0,157/157,0.04,135.0,ok
SAR_Ship_Chip_20250813_UTM11N_EPSG32611_10m.manifest.json,20250813,11,32611,32611,1,210,100.0,210/210,0.0,183.0,ok
SAR_Ship_Chip_20250813_UTM15N_EPSG32615_10m.manifest.json,20250813,15,32615,32615,1,122,100.0,122/122,0.09,77.0,ok
SAR_Ship_Chip_20250813_UTM17N_EPSG32617_10m.manifest.json,20250813,17,32617,32617,1,37,100.0,37/37,0.1,190.0,ok
SAR_Ship_Chip_20250813_UTM18N_EPSG32618_10m.manifest.json,20250813,18,32618,32618,1,5,100.0,5/5,13.32,190.0,ok
SAR_Ship_Chip_20250814_UTM05N_EPSG32605_10m.manifest.json,20250814,5,32605,32605,1,4,100.0,4/4,5.79,34.5,ok
SAR_Ship_Chip_20250814_UTM11N_EPSG32611_10m.manifest.json,20250814,11,32611,32611,1,35,100.0,35/35,0.0,143.0,ok
SAR_Ship_Chip_20250814_UTM12N_EPSG32612_10m.manifest.json,20250814,12,32612,32612,1,7,100.0,7/7,16.4,190.0,ok
SAR_Ship_Chip_20250814_UTM16N_EPSG32616_10m.manifest.json,20250814,16,32616,32616,1,75,100.0,75/75,0.0,95.0,ok
SAR_Ship_Chip_20250815_UTM19N_EPSG32619_10m.manifest.json,20250815,19,32619,32619,1,4,100.0,4/4,12.34,204.5,ok
SAR_Ship_Chip_20250816_UTM04N_EPSG32604_10m.manifest.json,20250816,4,32604,32604,1,23,100.0,23/23,0.0,40.0,ok
SAR_Ship_Chip_20250816_UTM10N_EPSG32610_10m.manifest.json,20250816,10,32610,32610,1,100,100.0,100/100,1.96,183.0,ok
SAR_Ship_Chip_20250816_UTM16N_EPSG32616_10m.manifest.json,20250816,16,32616,32616,1,29,100.0,29/29,0.07,193.0,ok
SAR_Ship_Chip_20250816_UTM17N_EPSG32617_10m.manifest.json,20250816,17,32617,32617,1,58,100.0,58/58,3.33,169.0,ok
SAR_Ship_Chip_20250816_UTM18N_EPSG32618_10m.manifest.json,20250816,18,32618,32618,1,36,100.0,36/36,0.0,48.0,ok
SAR_Ship_Chip_20250816_UTM20N_EPSG32620_10m.manifest.json,20250816,20,32620,32620,1,3,100.0,3/3,9.6,179.0,ok
SAR_Ship_Chip_20250817_UTM05N_EPSG32605_10m.manifest.json,20250817,5,32605,32605,1,3,100.0,3/3,0.0,40.0,ok
SAR_Ship_Chip_20250821_UTM12N_EPSG32612_10m.manifest.json,20250821,12,32612,32612,1,3,100.0,3/3,10.8,199.0,ok
SAR_Ship_Chip_20250821_UTM16N_EPSG32616_10m.manifest.json,20250821,16,32616,32616,1,5,100.0,5/5,0.0,100.0,ok
SAR_Ship_Chip_20250821_UTM17N_EPSG32617_10m.manifest.json,20250821,17,32617,32617,1,36,100.0,36/36,9.46,194.5,ok
SAR_Ship_Chip_20250822_UTM04N_EPSG32604_10m.manifest.json,20250822,4,32604,32604,1,26,100.0,26/26,0.0,61.5,ok
SAR_Ship_Chip_20250822_UTM09N_EPSG32609_10m.manifest.json,20250822,9,32609,32609,1,6,100.0,6/6,7.68,46.5,ok
SAR_Ship_Chip_20250822_UTM10N_EPSG32610_10m.manifest.json,20250822,10,32610,32610,1,15,100.0,15/15,9.4,148.0,ok
SAR_Ship_Chip_20250822_UTM12N_EPSG32612_10m.manifest.json,20250822,12,32612,32612,1,15,100.0,15/15,11.5,197.0,ok
SAR_Ship_Chip_20250822_UTM16N_EPSG32616_10m.manifest.json,20250822,16,32616,32616,1,34,100.0,34/34,0.05,195.5,ok
SAR_Ship_Chip_20250817_UTM10N_EPSG32610_10m.manifest.json,20250817,10,32610,32610,1,281,100.0,281/281,0.1,148.0,ok
SAR_Ship_Chip_20250817_UTM16N_EPSG32616_10m.manifest.json,20250817,16,32616,32616,1,37,100.0,37/37,7.89,192.0,ok
SAR_Ship_Chip_20250817_UTM18N_EPSG32618_10m.manifest.json,20250817,18,32618,32618,1,22,100.0,22/22,0.0,47.0,ok
SAR_Ship_Chip_20250817_UTM19N_EPSG32619_10m.manifest.json,20250817,19,32619,32619,1,317,100.0,317/317,0.0,52.0,ok
SAR_Ship_Chip_20250817_UTM20N_EPSG32620_10m.manifest.json,20250817,20,32620,32620,1,7,100.0,7/7,4.5,108.0,ok
SAR_Ship_Chip_20250818_UTM04N_EPSG32604_10m.manifest.json,20250818,4,32604,32604,1,2,100.0,2/2,4.02,36.5,ok
SAR_Ship_Chip_20250818_UTM10N_EPSG32610_10m.manifest.json,20250818,10,32610,32610,1,16,100.0,16/16,11.07,204.0,ok
SAR_Ship_Chip_20250818_UTM11N_EPSG32611_10m.manifest.json,20250818,11,32611,32611,1,122,100.0,122/122,0.0,183.0,ok
SAR_Ship_Chip_20250818_UTM14N_EPSG32614_10m.manifest.json,20250818,14,32614,32614,1,12,100.0,12/12,0.0,144.5,ok
SAR_Ship_Chip_20250818_UTM15N_EPSG32615_10m.manifest.json,20250818,15,32615,32615,1,481,100.0,481/481,0.0,170.0,ok
SAR_Ship_Chip_20250818_UTM17N_EPSG32617_10m.manifest.json,20250818,17,32617,32617,1,205,100.0,205/205,2.12,183.0,ok
SAR_Ship_Chip_20250819_UTM04N_EPSG32604_10m.manifest.json,20250819,4,32604,32604,1,21,100.0,21/21,0.06,59.0,ok
SAR_Ship_Chip_20250819_UTM11N_EPSG32611_10m.manifest.json,20250819,11,32611,32611,1,228,100.0,228/228,0.0,183.0,ok
SAR_Ship_Chip_20250819_UTM17N_EPSG32617_10m.manifest.json,20250819,17,32617,32617,1,13,100.0,13/13,13.5,186.0,ok
SAR_Ship_Chip_20250819_UTM19N_EPSG32619_10m.manifest.json,20250819,19,32619,32619,1,30,100.0,30/30,6.05,102.5,ok
SAR_Ship_Chip_20250820_UTM05N_EPSG32605_10m.manifest.json,20250820,5,32605,32605,1,4,100.0,4/4,6.25,36.5,ok
SAR_Ship_Chip_20250820_UTM11N_EPSG32611_10m.manifest.json,20250820,11,32611,32611,1,47,100.0,47/47,2.77,192.0,ok
SAR_Ship_Chip_20250820_UTM15N_EPSG32615_10m.manifest.json,20250820,15,32615,32615,1,4,100.0,4/4,0.0,127.5,ok
SAR_Ship_Chip_20250820_UTM16N_EPSG32616_10m.manifest.json,20250820,16,32616,32616,1,309,100.0,309/309,0.0,93.0,ok
SAR_Ship_Chip_20250820_UTM17N_EPSG32617_10m.manifest.json,20250820,17,32617,32617,1,15,100.0,15/15,3.6,155.0,ok
SAR_Ship_Chip_20250820_UTM18N_EPSG32618_10m.manifest.json,20250820,18,32618,32618,1,156,100.0,156/156,0.0,105.0,ok
SAR_Ship_Chip_20250820_UTM19N_EPSG32619_10m.manifest.json,20250820,19,32619,32619,1,11,100.0,11/11,0.0,75.0,ok
SAR_Ship_Chip_20250820_UTM20N_EPSG32620_10m.manifest.json,20250820,20,32620,32620,1,2,100.0,2/2,15.22,221.5,ok
SAR_Ship_Chip_20250821_UTM10N_EPSG32610_10m.manifest.json,20250821,10,32610,32610,1,319,100.0,319/319,0.0,92.0,ok
SAR_Ship_Chip_20250825_UTM04N_EPSG32604_10m.manifest.json,20250825,4,32604,32604,1,25,100.0,25/25,0.0,40.0,ok
SAR_Ship_Chip_20250825_UTM11N_EPSG32611_10m.manifest.json,20250825,11,32611,32611,1,119,100.0,119/119,0.0,186.0,ok
SAR_Ship_Chip_20250825_UTM17N_EPSG32617_10m.manifest.json,20250825,17,32617,32617,1,36,100.0,36/36,3.54,185.5,ok
SAR_Ship_Chip_20250825_UTM18N_EPSG32618_10m.manifest.json,20250825,18,32618,32618,1,7,100.0,7/7,13.5,295.0,ok
SAR_Ship_Chip_20250825_UTM20N_EPSG32620_10m.manifest.json,20250825,20,32620,32620,1,1,100.0,1/1,12.5,199.0,ok
SAR_Ship_Chip_20250826_UTM05N_EPSG32605_10m.manifest.json,20250826,5,32605,32605,1,5,100.0,5/5,5.23,38.0,ok
SAR_Ship_Chip_20250826_UTM11N_EPSG32611_10m.manifest.json,20250826,11,32611,32611,1,30,100.0,30/30,0.0,66.0,ok
SAR_Ship_Chip_20250826_UTM12N_EPSG32612_10m.manifest.json,20250826,12,32612,32612,1,7,100.0,7/7,12.36,183.0,ok
SAR_Ship_Chip_20250822_UTM18N_EPSG32618_10m.manifest.json,20250822,18,32618,32618,1,206,100.0,206/206,0.03,67.5,ok
SAR_Ship_Chip_20250822_UTM19N_EPSG32619_10m.manifest.json,20250822,19,32619,32619,1,9,100.0,9/9,14.46,183.0,ok
SAR_Ship_Chip_20250822_UTM20N_EPSG32620_10m.manifest.json,20250822,20,32620,32620,1,37,100.0,37/37,0.75,96.0,ok
SAR_Ship_Chip_20250823_UTM04N_EPSG32604_10m.manifest.json,20250823,4,32604,32604,1,1,100.0,1/1,3.8,262.0,ok
SAR_Ship_Chip_20250823_UTM05N_EPSG32605_10m.manifest.json,20250823,5,32605,32605,1,5,100.0,5/5,0.1,39.0,ok
SAR_Ship_Chip_20250823_UTM10N_EPSG32610_10m.manifest.json,20250823,10,32610,32610,1,152,100.0,152/152,0.1,180.0,ok
SAR_Ship_Chip_20250823_UTM14N_EPSG32614_10m.manifest.json,20250823,14,32614,32614,1,1,100.0,1/1,4.8,24.0,ok
SAR_Ship_Chip_20250823_UTM15N_EPSG32615_10m.manifest.json,20250823,15,32615,32615,1,232,100.0,232/232,0.0,180.0,ok
SAR_Ship_Chip_20250826_UTM15N_EPSG32615_10m.manifest.json,20250826,15,32615,32615,1,3,100.0,3/3,0.0,68.0,ok
SAR_Ship_Chip_20250826_UTM16N_EPSG32616_10m.manifest.json,20250826,16,32616,32616,1,76,100.0,76/76,0.0,86.5,ok
SAR_Ship_Chip_20250826_UTM17N_EPSG32617_10m.manifest.json,20250826,17,32617,32617,1,4,100.0,4/4,11.85,186.0,ok
SAR_Ship_Chip_20250826_UTM19N_EPSG32619_10m.manifest.json,20250826,19,32619,32619,1,4,100.0,4/4,9.98,203.5,ok
SAR_Ship_Chip_20250826_UTM20N_EPSG32620_10m.manifest.json,20250826,20,32620,32620,1,4,100.0,4/4,10.53,231.0,ok
SAR_Ship_Chip_20250827_UTM04N_EPSG32604_10m.manifest.json,20250827,4,32604,32604,1,2,100.0,2/2,2.78,35.0,ok
SAR_Ship_Chip_20250827_UTM11N_EPSG32611_10m.manifest.json,20250827,11,32611,32611,1,1,100.0,1/1,14.15,183.0,ok
SAR_Ship_Chip_20250827_UTM15N_EPSG32615_10m.manifest.json,20250827,15,32615,32615,1,6,100.0,6/6,0.01,224.5,ok
SAR_Ship_Chip_20250823_UTM16N_EPSG32616_10m.manifest.json,20250823,16,32616,32616,1,5,100.0,5/5,0.03,144.0,ok
SAR_Ship_Chip_20250823_UTM17N_EPSG32617_10m.manifest.json,20250823,17,32617,32617,1,217,100.0,217/217,0.0,58.0,ok
SAR_Ship_Chip_20250824_UTM04N_EPSG32604_10m.manifest.json,20250824,4,32604,32604,1,1,100.0,1/1,7.34,38.0,ok
SAR_Ship_Chip_20250824_UTM10N_EPSG32610_10m.manifest.json,20250824,10,32610,32610,1,253,100.0,253/253,0.0,83.0,ok
SAR_Ship_Chip_20250824_UTM11N_EPSG32611_10m.manifest.json,20250824,11,32611,32611,1,100,100.0,100/100,0.0,187.5,ok
SAR_Ship_Chip_20250824_UTM17N_EPSG32617_10m.manifest.json,20250824,17,32617,32617,1,26,100.0,26/26,8.09,200.0,ok
SAR_Ship_Chip_20250824_UTM19N_EPSG32619_10m.manifest.json,20250824,19,32619,32619,1,144,100.0,144/144,0.1,58.0,ok
SAR_Ship_Chip_20250824_UTM20N_EPSG32620_10m.manifest.json,20250824,20,32620,32620,1,31,100.0,31/31,0.0,145.0,ok
SAR_Ship_Chip_20250827_UTM16N_EPSG32616_10m.manifest.json,20250827,16,32616,32616,1,5,100.0,5/5,0.0,161.0,ok
SAR_Ship_Chip_20250827_UTM18N_EPSG32618_10m.manifest.json,20250827,18,32618,32618,1,149,100.0,149/149,0.06,103.0,ok
SAR_Ship_Chip_20250827_UTM19N_EPSG32619_10m.manifest.json,20250827,19,32619,32619,1,5,100.0,5/5,12.3,199.0,ok
SAR_Ship_Chip_20250828_UTM04N_EPSG32604_10m.manifest.json,20250828,4,32604,32604,1,24,100.0,24/24,0.0,61.5,ok
SAR_Ship_Chip_20250828_UTM10N_EPSG32610_10m.manifest.json,20250828,10,32610,32610,1,76,100.0,76/76,0.1,182.5,ok
SAR_Ship_Chip_20250828_UTM16N_EPSG32616_10m.manifest.json,20250828,16,32616,32616,1,45,100.0,45/45,0.0,189.0,ok
SAR_Ship_Chip_20250828_UTM17N_EPSG32617_10m.manifest.json,20250828,17,32617,32617,1,62,100.0,62/62,0.0,163.5,ok
SAR_Ship_Chip_20250828_UTM18N_EPSG32618_10m.manifest.json,20250828,18,32618,32618,1,66,100.0,66/66,0.0,51.5,ok
SAR_Ship_Chip_20250829_UTM05N_EPSG32605_10m.manifest.json,20250829,5,32605,32605,1,3,100.0,3/3,8.83,37.0,ok
SAR_Ship_Chip_20250829_UTM10N_EPSG32610_10m.manifest.json,20250829,10,32610,32610,1,301,100.0,301/301,0.07,121.0,ok
SAR_Ship_Chip_20250829_UTM16N_EPSG32616_10m.manifest.json,20250829,16,32616,32616,1,36,100.0,36/36,9.45,200.5,ok
SAR_Ship_Chip_20250829_UTM18N_EPSG32618_10m.manifest.json,20250829,18,32618,32618,1,25,100.0,25/25,0.0,40.0,ok
SAR_Ship_Chip_20250829_UTM19N_EPSG32619_10m.manifest.json,20250829,19,32619,32619,1,308,100.0,308/308,0.0,60.0,ok
SAR_Ship_Chip_20250829_UTM20N_EPSG32620_10m.manifest.json,20250829,20,32620,32620,1,4,100.0,4/4,11.19,87.0,ok
SAR_Ship_Chip_20250830_UTM04N_EPSG32604_10m.manifest.json,20250830,4,32604,32604,1,2,100.0,2/2,1.0,228.0,ok
SAR_Ship_Chip_20250830_UTM10N_EPSG32610_10m.manifest.json,20250830,10,32610,32610,1,18,100.0,18/18,11.41,233.0,ok
SAR_Ship_Chip_20250831_UTM20N_EPSG32620_10m.manifest.json,20250831,20,32620,32620,1,1,100.0,1/1,0.2,160.0,ok
SAR_Ship_Chip_20250901_UTM05N_EPSG32605_10m.manifest.json,20250901,5,32605,32605,1,2,100.0,2/2,4.3,156.5,ok
SAR_Ship_Chip_20250901_UTM11N_EPSG32611_10m.manifest.json,20250901,11,32611,32611,1,44,100.0,44/44,0.1,138.0,ok
SAR_Ship_Chip_20250901_UTM15N_EPSG32615_10m.manifest.json,20250901,15,32615,32615,1,12,100.0,12/12,0.0,176.5,ok
SAR_Ship_Chip_20250901_UTM16N_EPSG32616_10m.manifest.json,20250901,16,32616,32616,1,300,100.0,300/300,0.0,115.5,ok
SAR_Ship_Chip_20250901_UTM17N_EPSG32617_10m.manifest.json,20250901,17,32617,32617,1,25,100.0,25/25,0.0,150.0,ok
SAR_Ship_Chip_20250901_UTM18N_EPSG32618_10m.manifest.json,20250901,18,32618,32618,1,131,100.0,131/131,0.0,103.0,ok
SAR_Ship_Chip_20250901_UTM19N_EPSG32619_10m.manifest.json,20250901,19,32619,32619,1,9,100.0,9/9,12.95,190.0,ok
SAR_Ship_Chip_20250830_UTM11N_EPSG32611_10m.manifest.json,20250830,11,32611,32611,1,110,100.0,110/110,0.0,200.0,ok
SAR_Ship_Chip_20250830_UTM14N_EPSG32614_10m.manifest.json,20250830,14,32614,32614,1,5,100.0,5/5,0.0,145.0,ok
SAR_Ship_Chip_20250830_UTM15N_EPSG32615_10m.manifest.json,20250830,15,32615,32615,1,124,100.0,124/124,0.0,159.5,ok
SAR_Ship_Chip_20250830_UTM17N_EPSG32617_10m.manifest.json,20250830,17,32617,32617,1,195,100.0,195/195,0.2,166.0,ok
SAR_Ship_Chip_20250831_UTM04N_EPSG32604_10m.manifest.json,20250831,4,32604,32604,1,20,100.0,20/20,0.0,40.0,ok
SAR_Ship_Chip_20250831_UTM11N_EPSG32611_10m.manifest.json,20250831,11,32611,32611,1,203,100.0,203/203,0.0,183.0,ok
SAR_Ship_Chip_20250831_UTM17N_EPSG32617_10m.manifest.json,20250831,17,32617,32617,1,16,100.0,16/16,12.98,203.5,ok
SAR_Ship_Chip_20250831_UTM19N_EPSG32619_10m.manifest.json,20250831,19,32619,32619,1,2,100.0,2/2,14.62,267.0,ok
SAR_Ship_Chip_20250901_UTM20N_EPSG32620_10m.manifest.json,20250901,20,32620,32620,1,12,100.0,12/12,8.4,101.5,ok
SAR_Ship_Chip_20250902_UTM10N_EPSG32610_10m.manifest.json,20250902,10,32610,32610,1,329,100.0,329/329,0.0,96.0,ok
SAR_Ship_Chip_20250902_UTM16N_EPSG32616_10m.manifest.json,20250902,16,32616,32616,1,8,100.0,8/8,0.0,100.0,ok
SAR_Ship_Chip_20250902_UTM17N_EPSG32617_10m.manifest.json,20250902,17,32617,32617,1,27,100.0,27/27,11.4,250.0,ok
SAR_Ship_Chip_20250902_UTM20N_EPSG32620_10m.manifest.json,20250902,20,32620,32620,1,3,100.0,3/3,0.0,217.0,ok
SAR_Ship_Chip_20250903_UTM04N_EPSG32604_10m.manifest.json,20250903,4,32604,32604,1,19,100.0,19/19,0.0,40.0,ok
SAR_Ship_Chip_20250903_UTM09N_EPSG32609_10m.manifest.json,20250903,9,32609,32609,1,5,100.0,5/5,9.9,215.0,ok
SAR_Ship_Chip_20250903_UTM10N_EPSG32610_10m.manifest.json,20250903,10,32610,32610,1,9,100.0,9/9,1.1,197.0,ok
SAR_Ship_Chip_20250906_UTM11N_EPSG32611_10m.manifest.json,20250906,11,32611,32611,1,167,100.0,167/167,0.0,183.0,ok
SAR_Ship_Chip_20250906_UTM15N_EPSG32615_10m.manifest.json,20250906,15,32615,32615,1,113,100.0,113/113,0.0,94.0,ok
SAR_Ship_Chip_20250906_UTM17N_EPSG32617_10m.manifest.json,20250906,17,32617,32617,1,35,100.0,35/35,0.07,187.0,ok
SAR_Ship_Chip_20250906_UTM18N_EPSG32618_10m.manifest.json,20250906,18,32618,32618,1,7,100.0,7/7,14.4,300.0,ok
SAR_Ship_Chip_20250907_UTM11N_EPSG32611_10m.manifest.json,20250907,11,32611,32611,1,21,100.0,21/21,0.0,70.0,ok
SAR_Ship_Chip_20250907_UTM15N_EPSG32615_10m.manifest.json,20250907,15,32615,32615,1,2,100.0,2/2,0.03,47.5,ok
SAR_Ship_Chip_20250907_UTM16N_EPSG32616_10m.manifest.json,20250907,16,32616,32616,1,72,100.0,72/72,0.05,105.5,ok
SAR_Ship_Chip_20250907_UTM17N_EPSG32617_10m.manifest.json,20250907,17,32617,32617,1,11,100.0,11/11,14.5,229.0,ok
SAR_Ship_Chip_20250907_UTM19N_EPSG32619_10m.manifest.json,20250907,19,32619,32619,1,3,100.0,3/3,7.7,47.0,ok
SAR_Ship_Chip_20250908_UTM04N_EPSG32604_10m.manifest.json,20250908,4,32604,32604,1,2,100.0,2/2,8.3,114.5,ok
SAR_Ship_Chip_20250908_UTM11N_EPSG32611_10m.manifest.json,20250908,11,32611,32611,1,4,100.0,4/4,14.1,252.5,ok
SAR_Ship_Chip_20250908_UTM15N_EPSG32615_10m.manifest.json,20250908,15,32615,32615,1,7,100.0,7/7,0.0,204.0,ok
SAR_Ship_Chip_20250908_UTM16N_EPSG32616_10m.manifest.json,20250908,16,32616,32616,1,9,100.0,9/9,10.8,305.0,ok
SAR_Ship_Chip_20250908_UTM18N_EPSG32618_10m.manifest.json,20250908,18,32618,32618,1,156,100.0,156/156,0.0,161.0,ok
SAR_Ship_Chip_20250908_UTM19N_EPSG32619_10m.manifest.json,20250908,19,32619,32619,1,3,100.0,3/3,12.2,229.0,ok
SAR_Ship_Chip_20250909_UTM04N_EPSG32604_10m.manifest.json,20250909,4,32604,32604,1,26,100.0,26/26,0.0,55.5,ok
SAR_Ship_Chip_20250904_UTM17N_EPSG32617_10m.manifest.json,20250904,17,32617,32617,1,233,100.0,233/233,0.0,58.0,ok
SAR_Ship_Chip_20250905_UTM04N_EPSG32604_10m.manifest.json,20250905,4,32604,32604,1,2,100.0,2/2,1.3,177.5,ok
SAR_Ship_Chip_20250905_UTM10N_EPSG32610_10m.manifest.json,20250905,10,32610,32610,1,289,100.0,289/289,0.0,100.0,ok
SAR_Ship_Chip_20250905_UTM11N_EPSG32611_10m.manifest.json,20250905,11,32611,32611,1,113,100.0,113/113,0.0,183.0,ok
SAR_Ship_Chip_20250905_UTM17N_EPSG32617_10m.manifest.json,20250905,17,32617,32617,1,32,100.0,32/32,4.12,199.0,ok
SAR_Ship_Chip_20250905_UTM19N_EPSG32619_10m.manifest.json,20250905,19,32619,32619,1,134,100.0,134/134,0.31,68.0,ok
SAR_Ship_Chip_20250905_UTM20N_EPSG32620_10m.manifest.json,20250905,20,32620,32620,1,26,100.0,26/26,0.0,111.5,ok
SAR_Ship_Chip_20250906_UTM04N_EPSG32604_10m.manifest.json,20250906,4,32604,32604,1,24,100.0,24/24,0.01,40.0,ok
SAR_Ship_Chip_20250903_UTM11N_EPSG32611_10m.manifest.json,20250903,11,32611,32611,1,2,100.0,2/2,13.65,297.5,ok
SAR_Ship_Chip_20250903_UTM12N_EPSG32612_10m.manifest.json,20250903,12,32612,32612,1,5,100.0,5/5,12.1,190.0,ok
SAR_Ship_Chip_20250903_UTM18N_EPSG32618_10m.manifest.json,20250903,18,32618,32618,1,190,100.0,190/190,0.03,60.5,ok
SAR_Ship_Chip_20250903_UTM19N_EPSG32619_10m.manifest.json,20250903,19,32619,32619,1,2,100.0,2/2,13.31,196.5,ok
SAR_Ship_Chip_20250903_UTM20N_EPSG32620_10m.manifest.json,20250903,20,32620,32620,1,36,100.0,36/36,1.24,144.0,ok
SAR_Ship_Chip_20250904_UTM10N_EPSG32610_10m.manifest.json,20250904,10,32610,32610,1,186,100.0,186/186,0.0,180.5,ok
SAR_Ship_Chip_20250904_UTM15N_EPSG32615_10m.manifest.json,20250904,15,32615,32615,1,238,100.0,238/238,0.0,179.0,ok
SAR_Ship_Chip_20250904_UTM16N_EPSG32616_10m.manifest.json,20250904,16,32616,32616,1,19,100.0,19/19,1.89,154.0,ok
SAR_Ship_Chip_20250909_UTM10N_EPSG32610_10m.manifest.json,20250909,10,32610,32610,1,91,100.0,91/91,0.09,183.0,ok
SAR_Ship_Chip_20250909_UTM14N_EPSG32614_10m.manifest.json,20250909,14,32614,32614,1,68,100.0,68/68,0.0,183.0,ok
SAR_Ship_Chip_20250909_UTM16N_EPSG32616_10m.manifest.json,20250909,16,32616,32616,1,9,100.0,9/9,0.0,37.0,ok
SAR_Ship_Chip_20250909_UTM17N_EPSG32617_10m.manifest.json,20250909,17,32617,32617,1,55,100.0,55/55,0.0,133.0,ok
SAR_Ship_Chip_20250909_UTM18N_EPSG32618_10m.manifest.json,20250909,18,32618,32618,1,24,100.0,24/24,0.0,50.5,ok
SAR_Ship_Chip_20250910_UTM05N_EPSG32605_10m.manifest.json,20250910,5,32605,32605,1,5,100.0,5/5,6.49,37.0,ok
SAR_Ship_Chip_20250910_UTM10N_EPSG32610_10m.manifest.json,20250910,10,32610,32610,1,226,100.0,226/226,0.0,159.0,ok
SAR_Ship_Chip_20250910_UTM16N_EPSG32616_10m.manifest.json,20250910,16,32616,32616,1,37,100.0,37/37,4.18,204.0,ok
SAR_Ship_Chip_20250911_UTM17N_EPSG32617_10m.manifest.json,20250911,17,32617,32617,1,203,100.0,203/203,0.06,183.0,ok
SAR_Ship_Chip_20250912_UTM04N_EPSG32604_10m.manifest.json,20250912,4,32604,32604,1,28,100.0,28/28,0.37,57.5,ok
SAR_Ship_Chip_20250912_UTM11N_EPSG32611_10m.manifest.json,20250912,11,32611,32611,1,162,100.0,162/162,0.0,183.0,ok
SAR_Ship_Chip_20250912_UTM17N_EPSG32617_10m.manifest.json,20250912,17,32617,32617,1,9,100.0,9/9,14.18,169.0,ok
SAR_Ship_Chip_20250912_UTM19N_EPSG32619_10m.manifest.json,20250912,19,32619,32619,1,21,100.0,21/21,7.92,45.0,ok
SAR_Ship_Chip_20250913_UTM05N_EPSG32605_10m.manifest.json,20250913,5,32605,32605,1,2,100.0,2/2,0.97,35.0,ok
SAR_Ship_Chip_20250913_UTM11N_EPSG32611_10m.manifest.json,20250913,11,32611,32611,1,19,100.0,19/19,0.0,55.0,ok
SAR_Ship_Chip_20250913_UTM15N_EPSG32615_10m.manifest.json,20250913,15,32615,32615,1,6,100.0,6/6,5.69,215.0,ok
SAR_Ship_Chip_20250910_UTM18N_EPSG32618_10m.manifest.json,20250910,18,32618,32618,1,25,100.0,25/25,0.0,51.0,ok
SAR_Ship_Chip_20250910_UTM19N_EPSG32619_10m.manifest.json,20250910,19,32619,32619,1,287,100.0,287/287,0.0,60.0,ok
SAR_Ship_Chip_20250910_UTM20N_EPSG32620_10m.manifest.json,20250910,20,32620,32620,1,1,100.0,1/1,8.64,127.0,ok
SAR_Ship_Chip_20250911_UTM04N_EPSG32604_10m.manifest.json,20250911,4,32604,32604,1,4,100.0,4/4,7.8,215.0,ok
SAR_Ship_Chip_20250911_UTM10N_EPSG32610_10m.manifest.json,20250911,10,32610,32610,1,5,100.0,5/5,3.4,179.0,ok
SAR_Ship_Chip_20250911_UTM11N_EPSG32611_10m.manifest.json,20250911,11,32611,32611,1,102,100.0,102/102,0.0,192.5,ok
SAR_Ship_Chip_20250911_UTM14N_EPSG32614_10m.manifest.json,20250911,14,32614,32614,1,11,100.0,11/11,0.79,114.0,ok
SAR_Ship_Chip_20250911_UTM15N_EPSG32615_10m.manifest.json,20250911,15,32615,32615,1,476,100.0,476/476,0.0,179.5,ok
SAR_Ship_Chip_20250914_UTM20N_EPSG32620_10m.manifest.json,20250914,20,32620,32620,1,4,100.0,4/4,0.05,183.0,ok
SAR_Ship_Chip_20250915_UTM04N_EPSG32604_10m.manifest.json,20250915,4,32604,32604,1,29,100.0,29/29,0.02,56.0,ok
SAR_Ship_Chip_20250915_UTM09N_EPSG32609_10m.manifest.json,20250915,9,32609,32609,1,3,100.0,3/3,10.5,277.0,ok
SAR_Ship_Chip_20250915_UTM12N_EPSG32612_10m.manifest.json,20250915,12,32612,32612,1,11,100.0,11/11,13.53,199.0,ok
SAR_Ship_Chip_20250915_UTM16N_EPSG32616_10m.manifest.json,20250915,16,32616,32616,1,35,100.0,35/35,0.0,198.0,ok
SAR_Ship_Chip_20250915_UTM18N_EPSG32618_10m.manifest.json,20250915,18,32618,32618,1,157,100.0,157/157,0.0,49.0,ok
SAR_Ship_Chip_20250915_UTM19N_EPSG32619_10m.manifest.json,20250915,19,32619,32619,1,6,100.0,6/6,6.3,121.0,ok
SAR_Ship_Chip_20250915_UTM20N_EPSG32620_10m.manifest.json,20250915,20,32620,32620,1,39,100.0,39/39,0.3,145.0,ok
SAR_Ship_Chip_20250913_UTM16N_EPSG32616_10m.manifest.json,20250913,16,32616,32616,1,266,100.0,266/266,0.0,100.0,ok
SAR_Ship_Chip_20250913_UTM17N_EPSG32617_10m.manifest.json,20250913,17,32617,32617,1,20,100.0,20/20,0.02,189.5,ok
SAR_Ship_Chip_20250913_UTM18N_EPSG32618_10m.manifest.json,20250913,18,32618,32618,1,132,100.0,132/132,0.0,91.5,ok
SAR_Ship_Chip_20250913_UTM19N_EPSG32619_10m.manifest.json,20250913,19,32619,32619,1,16,100.0,16/16,7.65,176.5,ok
SAR_Ship_Chip_20250913_UTM20N_EPSG32620_10m.manifest.json,20250913,20,32620,32620,1,8,100.0,8/8,5.18,44.0,ok
SAR_Ship_Chip_20250914_UTM10N_EPSG32610_10m.manifest.json,20250914,10,32610,32610,1,347,100.0,347/347,0.0,96.0,ok
SAR_Ship_Chip_20250914_UTM16N_EPSG32616_10m.manifest.json,20250914,16,32616,32616,1,7,100.0,7/7,0.0,90.0,ok
SAR_Ship_Chip_20250914_UTM17N_EPSG32617_10m.manifest.json,20250914,17,32617,32617,1,22,100.0,22/22,11.83,232.5,ok
SAR_Ship_Chip_20250917_UTM17N_EPSG32617_10m.manifest.json,20250917,17,32617,32617,1,22,100.0,22/22,6.19,199.0,ok
SAR_Ship_Chip_20250917_UTM19N_EPSG32619_10m.manifest.json,20250917,19,32619,32619,1,120,100.0,120/120,0.13,51.5,ok
SAR_Ship_Chip_20250917_UTM20N_EPSG32620_10m.manifest.json,20250917,20,32620,32620,1,21,100.0,21/21,0.0,150.0,ok
SAR_Ship_Chip_20250918_UTM04N_EPSG32604_10m.manifest.json,20250918,4,32604,32604,1,24,100.0,24/24,0.0,57.0,ok
SAR_Ship_Chip_20250918_UTM11N_EPSG32611_10m.manifest.json,20250918,11,32611,32611,1,158,100.0,158/158,0.0,181.5,ok
SAR_Ship_Chip_20250918_UTM15N_EPSG32615_10m.manifest.json,20250918,15,32615,32615,1,96,100.0,96/96,0.0,82.0,ok
SAR_Ship_Chip_20250918_UTM17N_EPSG32617_10m.manifest.json,20250918,17,32617,32617,1,44,100.0,44/44,0.24,187.5,ok
SAR_Ship_Chip_20250918_UTM18N_EPSG32618_10m.manifest.json,20250918,18,32618,32618,1,1,100.0,1/1,12.6,336.0,ok
SAR_Ship_Chip_20250918_UTM20N_EPSG32620_10m.manifest.json,20250918,20,32620,32620,1,1,100.0,1/1,8.88,365.0,ok
SAR_Ship_Chip_20250919_UTM05N_EPSG32605_10m.manifest.json,20250919,5,32605,32605,1,5,100.0,5/5,7.86,38.0,ok
SAR_Ship_Chip_20250919_UTM11N_EPSG32611_10m.manifest.json,20250919,11,32611,32611,1,18,100.0,18/18,0.0,68.5,ok
SAR_Ship_Chip_20250919_UTM16N_EPSG32616_10m.manifest.json,20250919,16,32616,32616,1,77,100.0,77/77,0.0,95.0,ok
SAR_Ship_Chip_20250919_UTM17N_EPSG32617_10m.manifest.json,20250919,17,32617,32617,1,4,100.0,4/4,13.8,180.0,ok
SAR_Ship_Chip_20250919_UTM19N_EPSG32619_10m.manifest.json,20250919,19,32619,32619,1,2,100.0,2/2,12.35,197.0,ok
SAR_Ship_Chip_20250920_UTM04N_EPSG32604_10m.manifest.json,20250920,4,32604,32604,1,2,100.0,2/2,4.65,158.5,ok
SAR_Ship_Chip_20250920_UTM18N_EPSG32618_10m.manifest.json,20250920,18,32618,32618,1,163,100.0,163/163,0.1,133.0,ok
SAR_Ship_Chip_20250916_UTM05N_EPSG32605_10m.manifest.json,20250916,5,32605,32605,1,3,100.0,3/3,8.2,40.0,ok
SAR_Ship_Chip_20250916_UTM10N_EPSG32610_10m.manifest.json,20250916,10,32610,32610,1,168,100.0,168/168,0.07,162.0,ok
SAR_Ship_Chip_20250916_UTM15N_EPSG32615_10m.manifest.json,20250916,15,32615,32615,1,215,100.0,215/215,0.0,154.0,ok
SAR_Ship_Chip_20250916_UTM16N_EPSG32616_10m.manifest.json,20250916,16,32616,32616,1,14,100.0,14/14,0.0,159.0,ok
SAR_Ship_Chip_20250916_UTM17N_EPSG32617_10m.manifest.json,20250916,17,32617,32617,1,262,100.0,262/262,0.0,57.0,ok
SAR_Ship_Chip_20250917_UTM04N_EPSG32604_10m.manifest.json,20250917,4,32604,32604,1,2,100.0,2/2,3.35,170.5,ok
SAR_Ship_Chip_20250917_UTM10N_EPSG32610_10m.manifest.json,20250917,10,32610,32610,1,282,100.0,282/282,0.0,100.0,ok
SAR_Ship_Chip_20250917_UTM11N_EPSG32611_10m.manifest.json,20250917,11,32611,32611,1,119,100.0,119/119,0.1,208.0,ok
SAR_Ship_Chip_20250920_UTM19N_EPSG32619_10m.manifest.json,20250920,19,32619,32619,1,4,100.0,4/4,15.6,160.0,ok
SAR_Ship_Chip_20250921_UTM04N_EPSG32604_10m.manifest.json,20250921,4,32604,32604,1,29,100.0,29/29,0.0,59.0,ok
SAR_Ship_Chip_20250921_UTM10N_EPSG32610_10m.manifest.json,20250921,10,32610,32610,1,95,100.0,95/95,0.4,160.0,ok
SAR_Ship_Chip_20250921_UTM14N_EPSG32614_10m.manifest.json,20250921,14,32614,32614,1,63,100.0,63/63,0.0,120.0,ok
SAR_Ship_Chip_20250921_UTM16N_EPSG32616_10m.manifest.json,20250921,16,32616,32616,1,10,100.0,10/10,0.0,87.0,ok
SAR_Ship_Chip_20250921_UTM17N_EPSG32617_10m.manifest.json,20250921,17,32617,32617,1,59,100.0,59/59,3.92,170.0,ok
SAR_Ship_Chip_20250921_UTM18N_EPSG32618_10m.manifest.json,20250921,18,32618,32618,1,34,100.0,34/34,0.0,56.0,ok
SAR_Ship_Chip_20250922_UTM04N_EPSG32604_10m.manifest.json,20250922,4,32604,32604,1,1,100.0,1/1,17.3,273.0,ok
SAR_Ship_Chip_20250922_UTM05N_EPSG32605_10m.manifest.json,20250922,5,32605,32605,1,4,100.0,4/4,7.17,158.5,ok
SAR_Ship_Chip_20250922_UTM10N_EPSG32610_10m.manifest.json,20250922,10,32610,32610,1,319,100.0,319/319,0.09,146.0,ok
SAR_Ship_Chip_20250922_UTM16N_EPSG32616_10m.manifest.json,20250922,16,32616,32616,1,40,100.0,40/40,3.68,189.0,ok
SAR_Ship_Chip_20250922_UTM18N_EPSG32618_10m.manifest.json,20250922,18,32618,32618,1,36,100.0,36/36,0.0,39.0,ok
SAR_Ship_Chip_20250922_UTM19N_EPSG32619_10m.manifest.json,20250922,19,32619,32619,1,293,100.0,293/293,0.1,70.0,ok
SAR_Ship_Chip_20250922_UTM20N_EPSG32620_10m.manifest.json,20250922,20,32620,32620,1,2,100.0,2/2,16.3,163.0,ok
SAR_Ship_Chip_20250923_UTM04N_EPSG32604_10m.manifest.json,20250923,4,32604,32604,1,3,100.0,3/3,9.49,100.0,ok
SAR_Ship_Chip_20250923_UTM10N_EPSG32610_10m.manifest.json,20250923,10,32610,32610,1,13,100.0,13/13,4.13,243.0,ok
SAR_Ship_Chip_20250925_UTM05N_EPSG32605_10m.manifest.json,20250925,5,32605,32605,1,4,100.0,4/4,8.65,35.0,ok
SAR_Ship_Chip_20250925_UTM11N_EPSG32611_10m.manifest.json,20250925,11,32611,32611,1,29,100.0,29/29,0.0,85.0,ok
SAR_Ship_Chip_20250925_UTM15N_EPSG32615_10m.manifest.json,20250925,15,32615,32615,1,5,100.0,5/5,0.0,33.0,ok
SAR_Ship_Chip_20250925_UTM16N_EPSG32616_10m.manifest.json,20250925,16,32616,32616,1,281,100.0,281/281,0.0,95.0,ok
SAR_Ship_Chip_20250925_UTM17N_EPSG32617_10m.manifest.json,20250925,17,32617,32617,1,16,100.0,16/16,0.05,145.0,ok
SAR_Ship_Chip_20250925_UTM18N_EPSG32618_10m.manifest.json,20250925,18,32618,32618,1,132,100.0,132/132,0.0,103.5,ok
SAR_Ship_Chip_20250925_UTM19N_EPSG32619_10m.manifest.json,20250925,19,32619,32619,1,4,100.0,4/4,14.28,177.0,ok
SAR_Ship_Chip_20250926_UTM04N_EPSG32604_10m.manifest.json,20250926,4,32604,32604,1,2,100.0,2/2,3.77,219.5,ok
SAR_Ship_Chip_20250923_UTM11N_EPSG32611_10m.manifest.json,20250923,11,32611,32611,1,105,100.0,105/105,0.0,183.0,ok
SAR_Ship_Chip_20250923_UTM14N_EPSG32614_10m.manifest.json,20250923,14,32614,32614,1,7,100.0,7/7,0.0,154.0,ok
SAR_Ship_Chip_20250923_UTM15N_EPSG32615_10m.manifest.json,20250923,15,32615,32615,1,423,100.0,423/423,0.0,160.0,ok
SAR_Ship_Chip_20250923_UTM17N_EPSG32617_10m.manifest.json,20250923,17,32617,32617,1,232,100.0,232/232,0.13,167.0,ok
SAR_Ship_Chip_20250924_UTM04N_EPSG32604_10m.manifest.json,20250924,4,32604,32604,1,28,100.0,28/28,0.1,68.0,ok
SAR_Ship_Chip_20250924_UTM11N_EPSG32611_10m.manifest.json,20250924,11,32611,32611,1,188,100.0,188/188,0.0,180.0,ok
SAR_Ship_Chip_20250924_UTM17N_EPSG32617_10m.manifest.json,20250924,17,32617,32617,1,19,100.0,19/19,14.18,183.0,ok
SAR_Ship_Chip_20250924_UTM19N_EPSG32619_10m.manifest.json,20250924,19,32619,32619,1,17,100.0,17/17,9.3,170.0,ok
SAR_Ship_Chip_20250926_UTM10N_EPSG32610_10m.manifest.json,20250926,10,32610,32610,1,353,100.0,353/353,0.0,92.0,ok
SAR_Ship_Chip_20250926_UTM16N_EPSG32616_10m.manifest.json,20250926,16,32616,32616,1,7,100.0,7/7,0.0,42.0,ok
SAR_Ship_Chip_20250926_UTM17N_EPSG32617_10m.manifest.json,20250926,17,32617,32617,1,14,100.0,14/14,10.4,200.0,ok
SAR_Ship_Chip_20250927_UTM04N_EPSG32604_10m.manifest.json,20250927,4,32604,32604,1,27,100.0,27/27,0.0,64.0,ok
SAR_Ship_Chip_20250927_UTM16N_EPSG32616_10m.manifest.json,20250927,16,32616,32616,1,39,100.0,39/39,7.2,198.0,ok
SAR_Ship_Chip_20250927_UTM18N_EPSG32618_10m.manifest.json,20250927,18,32618,32618,1,168,100.0,168/168,0.0,61.0,ok
SAR_Ship_Chip_20250927_UTM19N_EPSG32619_10m.manifest.json,20250927,19,32619,32619,1,11,100.0,11/11,13.39,170.0,ok
SAR_Ship_Chip_20250927_UTM20N_EPSG32620_10m.manifest.json,20250927,20,32620,32620,1,23,100.0,23/23,0.0,113.0,ok
SAR_Ship_Chip_20250929_UTM11N_EPSG32611_10m.manifest.json,20250929,11,32611,32611,1,105,100.0,105/105,0.0,179.0,ok
SAR_Ship_Chip_20250929_UTM17N_EPSG32617_10m.manifest.json,20250929,17,32617,32617,1,32,100.0,32/32,10.69,194.0,ok
SAR_Ship_Chip_20250929_UTM19N_EPSG32619_10m.manifest.json,20250929,19,32619,32619,1,124,100.0,124/124,1.52,70.0,ok
SAR_Ship_Chip_20250929_UTM20N_EPSG32620_10m.manifest.json,20250929,20,32620,32620,1,26,100.0,26/26,0.44,137.0,ok
SAR_Ship_Chip_20250930_UTM04N_EPSG32604_10m.manifest.json,20250930,4,32604,32604,1,28,100.0,28/28,0.0,66.0,ok
SAR_Ship_Chip_20250930_UTM11N_EPSG32611_10m.manifest.json,20250930,11,32611,32611,1,177,100.0,177/177,0.0,179.0,ok
SAR_Ship_Chip_20250930_UTM15N_EPSG32615_10m.manifest.json,20250930,15,32615,32615,1,98,100.0,98/98,0.0,137.5,ok
SAR_Ship_Chip_20250930_UTM17N_EPSG32617_10m.manifest.json,20250930,17,32617,32617,1,39,100.0,39/39,5.6,180.0,ok
SAR_Ship_Chip_20250930_UTM18N_EPSG32618_10m.manifest.json,20250930,18,32618,32618,1,1,100.0,1/1,4.2,199.0,ok
SAR_Ship_Chip_20250930_UTM19N_EPSG32619_10m.manifest.json,20250930,19,32619,32619,1,1,100.0,1/1,17.7,327.0,ok
SAR_Ship_Chip_20251001_UTM05N_EPSG32605_10m.manifest.json,20251001,5,32605,32605,1,3,100.0,3/3,8.6,280.0,ok
SAR_Ship_Chip_20251001_UTM11N_EPSG32611_10m.manifest.json,20251001,11,32611,32611,1,32,100.0,32/32,0.0,71.0,ok
SAR_Ship_Chip_20251001_UTM12N_EPSG32612_10m.manifest.json,20251001,12,32612,32612,1,6,100.0,6/6,10.62,179.5,ok
SAR_Ship_Chip_20251001_UTM15N_EPSG32615_10m.manifest.json,20251001,15,32615,32615,1,8,100.0,8/8,0.02,234.0,ok
SAR_Ship_Chip_20251001_UTM16N_EPSG32616_10m.manifest.json,20251001,16,32616,32616,1,63,100.0,63/63,0.0,160.0,ok
SAR_Ship_Chip_20251001_UTM17N_EPSG32617_10m.manifest.json,20251001,17,32617,32617,1,6,100.0,6/6,12.59,221.5,ok
SAR_Ship_Chip_20251001_UTM19N_EPSG32619_10m.manifest.json,20251001,19,32619,32619,1,3,100.0,3/3,10.77,184.0,ok
SAR_Ship_Chip_20251002_UTM11N_EPSG32611_10m.manifest.json,20251002,11,32611,32611,1,9,100.0,9/9,13.7,288.0,ok
SAR_Ship_Chip_20251002_UTM15N_EPSG32615_10m.manifest.json,20251002,15,32615,32615,1,4,100.0,4/4,0.0,212.0,ok
SAR_Ship_Chip_20251002_UTM16N_EPSG32616_10m.manifest.json,20251002,16,32616,32616,1,8,100.0,8/8,11.4,209.0,ok
SAR_Ship_Chip_20251002_UTM18N_EPSG32618_10m.manifest.json,20251002,18,32618,32618,1,141,100.0,141/141,0.0,153.0,ok
SAR_Ship_Chip_20251002_UTM19N_EPSG32619_10m.manifest.json,20251002,19,32619,32619,1,14,100.0,14/14,11.54,178.0,ok
SAR_Ship_Chip_20251003_UTM04N_EPSG32604_10m.manifest.json,20251003,4,32604,32604,1,33,100.0,33/33,0.0,64.0,ok
SAR_Ship_Chip_20251003_UTM10N_EPSG32610_10m.manifest.json,20251003,10,32610,32610,1,87,100.0,87/87,0.0,179.0,ok
SAR_Ship_Chip_20250928_UTM05N_EPSG32605_10m.manifest.json,20250928,5,32605,32605,1,6,100.0,6/6,10.35,169.5,ok
SAR_Ship_Chip_20250928_UTM10N_EPSG32610_10m.manifest.json,20250928,10,32610,32610,1,176,100.0,176/176,0.0,171.5,ok
SAR_Ship_Chip_20250928_UTM15N_EPSG32615_10m.manifest.json,20250928,15,32615,32615,1,210,100.0,210/210,0.0,161.0,ok
SAR_Ship_Chip_20250928_UTM16N_EPSG32616_10m.manifest.json,20250928,16,32616,32616,1,18,100.0,18/18,0.05,158.0,ok
SAR_Ship_Chip_20250928_UTM17N_EPSG32617_10m.manifest.json,20250928,17,32617,32617,1,286,100.0,286/286,0.0,55.0,ok
SAR_Ship_Chip_20250929_UTM04N_EPSG32604_10m.manifest.json,20250929,4,32604,32604,1,2,100.0,2/2,0.22,266.0,ok
SAR_Ship_Chip_20250929_UTM05N_EPSG32605_10m.manifest.json,20250929,5,32605,32605,1,1,100.0,1/1,0.58,159.0,ok
SAR_Ship_Chip_20250929_UTM10N_EPSG32610_10m.manifest.json,20250929,10,32610,32610,1,294,100.0,294/294,0.0,100.0,ok
SAR_Ship_Chip_20251003_UTM14N_EPSG32614_10m.manifest.json,20251003,14,32614,32614,1,64,100.0,64/64,0.0,164.5,ok
SAR_Ship_Chip_20251003_UTM16N_EPSG32616_10m.manifest.json,20251003,16,32616,32616,1,12,100.0,12/12,0.0,90.0,ok
SAR_Ship_Chip_20251003_UTM17N_EPSG32617_10m.manifest.json,20251003,17,32617,32617,1,56,100.0,56/56,0.08,122.0,ok
SAR_Ship_Chip_20251003_UTM18N_EPSG32618_10m.manifest.json,20251003,18,32618,32618,1,33,100.0,33/33,0.0,63.0,ok
SAR_Ship_Chip_20251003_UTM20N_EPSG32620_10m.manifest.json,20251003,20,32620,32620,1,2,100.0,2/2,12.45,144.0,ok
SAR_Ship_Chip_20251004_UTM04N_EPSG32604_10m.manifest.json,20251004,4,32604,32604,1,2,100.0,2/2,19.7,249.0,ok
SAR_Ship_Chip_20251004_UTM05N_EPSG32605_10m.manifest.json,20251004,5,32605,32605,1,7,100.0,7/7,1.21,39.0,ok
SAR_Ship_Chip_20251004_UTM10N_EPSG32610_10m.manifest.json,20251004,10,32610,32610,1,291,100.0,291/291,0.0,149.0,ok
SAR_Ship_Chip_20251004_UTM18N_EPSG32618_10m.manifest.json,20251004,18,32618,32618,1,24,100.0,24/24,0.0,38.0,ok
SAR_Ship_Chip_20251004_UTM19N_EPSG32619_10m.manifest.json,20251004,19,32619,32619,1,279,100.0,279/279,0.05,70.0,ok
SAR_Ship_Chip_20251004_UTM20N_EPSG32620_10m.manifest.json,20251004,20,32620,32620,1,1,100.0,1/1,11.17,195.0,ok
SAR_Ship_Chip_20251005_UTM04N_EPSG32604_10m.manifest.json,20251005,4,32604,32604,1,2,100.0,2/2,4.47,148.0,ok
SAR_Ship_Chip_20251005_UTM10N_EPSG32610_10m.manifest.json,20251005,10,32610,32610,1,10,100.0,10/10,9.8,247.0,ok
SAR_Ship_Chip_20251005_UTM11N_EPSG32611_10m.manifest.json,20251005,11,32611,32611,1,102,100.0,102/102,0.0,179.5,ok
SAR_Ship_Chip_20251005_UTM14N_EPSG32614_10m.manifest.json,20251005,14,32614,32614,1,10,100.0,10/10,0.1,124.5,ok
SAR_Ship_Chip_20251005_UTM15N_EPSG32615_10m.manifest.json,20251005,15,32615,32615,1,414,100.0,414/414,0.0,165.5,ok
SAR_Ship_Chip_20251005_UTM17N_EPSG32617_10m.manifest.json,20251005,17,32617,32617,1,210,100.0,210/210,0.0,139.0,ok
SAR_Ship_Chip_20251006_UTM04N_EPSG32604_10m.manifest.json,20251006,4,32604,32604,1,28,100.0,28/28,0.0,59.5,ok
SAR_Ship_Chip_20251006_UTM11N_EPSG32611_10m.manifest.json,20251006,11,32611,32611,1,178,100.0,178/178,0.0,179.0,ok
SAR_Ship_Chip_20251006_UTM17N_EPSG32617_10m.manifest.json,20251006,17,32617,32617,1,19,100.0,19/19,12.3,226.0,ok
SAR_Ship_Chip_20251006_UTM19N_EPSG32619_10m.manifest.json,20251006,19,32619,32619,1,24,100.0,24/24,5.17,58.5,ok
SAR_Ship_Chip_20251007_UTM05N_EPSG32605_10m.manifest.json,20251007,5,32605,32605,1,9,100.0,9/9,5.85,37.0,ok
SAR_Ship_Chip_20251007_UTM11N_EPSG32611_10m.manifest.json,20251007,11,32611,32611,1,29,100.0,29/29,0.0,67.0,ok
SAR_Ship_Chip_20251007_UTM15N_EPSG32615_10m.manifest.json,20251007,15,32615,32615,1,9,100.0,9/9,0.0,68.0,ok
SAR_Ship_Chip_20251008_UTM17N_EPSG32617_10m.manifest.json,20251008,17,32617,32617,1,25,100.0,25/25,12.2,230.0,ok
SAR_Ship_Chip_20251009_UTM04N_EPSG32604_10m.manifest.json,20251009,4,32604,32604,1,28,100.0,28/28,0.0,48.0,ok
SAR_Ship_Chip_20251009_UTM16N_EPSG32616_10m.manifest.json,20251009,16,32616,32616,1,43,100.0,43/43,0.06,193.0,ok
SAR_Ship_Chip_20251009_UTM18N_EPSG32618_10m.manifest.json,20251009,18,32618,32618,1,137,100.0,137/137,0.02,45.0,ok
SAR_Ship_Chip_20251009_UTM19N_EPSG32619_10m.manifest.json,20251009,19,32619,32619,1,14,100.0,14/14,12.97,199.5,ok
SAR_Ship_Chip_20251009_UTM20N_EPSG32620_10m.manifest.json,20251009,20,32620,32620,1,34,100.0,34/34,0.65,112.5,ok
SAR_Ship_Chip_20251010_UTM05N_EPSG32605_10m.manifest.json,20251010,5,32605,32605,1,7,100.0,7/7,0.15,37.0,ok
SAR_Ship_Chip_20251010_UTM10N_EPSG32610_10m.manifest.json,20251010,10,32610,32610,1,155,100.0,155/155,0.0,177.0,ok
SAR_Ship_Chip_20251013_UTM05N_EPSG32605_10m.manifest.json,20251013,5,32605,32605,1,3,100.0,3/3,10.17,244.0,ok
SAR_Ship_Chip_20251013_UTM11N_EPSG32611_10m.manifest.json,20251013,11,32611,32611,1,58,100.0,58/58,0.0,55.0,ok
SAR_Ship_Chip_20251013_UTM15N_EPSG32615_10m.manifest.json,20251013,15,32615,32615,1,4,100.0,4/4,0.0,47.5,ok
SAR_Ship_Chip_20251013_UTM16N_EPSG32616_10m.manifest.json,20251013,16,32616,32616,1,71,100.0,71/71,0.0,180.0,ok
SAR_Ship_Chip_20251013_UTM17N_EPSG32617_10m.manifest.json,20251013,17,32617,32617,1,8,100.0,8/8,14.3,217.5,ok
SAR_Ship_Chip_20251013_UTM19N_EPSG32619_10m.manifest.json,20251013,19,32619,32619,1,10,100.0,10/10,11.06,105.0,ok
SAR_Ship_Chip_20251013_UTM20N_EPSG32620_10m.manifest.json,20251013,20,32620,32620,1,2,100.0,2/2,2.6,31.0,ok
SAR_Ship_Chip_20251014_UTM15N_EPSG32615_10m.manifest.json,20251014,15,32615,32615,1,8,100.0,8/8,0.04,222.5,ok
SAR_Ship_Chip_20251011_UTM19N_EPSG32619_10m.manifest.json,20251011,19,32619,32619,1,109,100.0,109/109,0.1,65.0,ok
SAR_Ship_Chip_20251011_UTM20N_EPSG32620_10m.manifest.json,20251011,20,32620,32620,1,21,100.0,21/21,0.0,160.0,ok
SAR_Ship_Chip_20251012_UTM04N_EPSG32604_10m.manifest.json,20251012,4,32604,32604,1,30,100.0,30/30,0.0,45.0,ok
SAR_Ship_Chip_20251012_UTM11N_EPSG32611_10m.manifest.json,20251012,11,32611,32611,1,164,100.0,164/164,0.0,153.0,ok
SAR_Ship_Chip_20251012_UTM15N_EPSG32615_10m.manifest.json,20251012,15,32615,32615,1,83,100.0,83/83,0.0,85.0,ok
SAR_Ship_Chip_20251012_UTM17N_EPSG32617_10m.manifest.json,20251012,17,32617,32617,1,32,100.0,32/32,0.05,155.0,ok
SAR_Ship_Chip_20251012_UTM18N_EPSG32618_10m.manifest.json,20251012,18,32618,32618,1,3,100.0,3/3,12.9,199.0,ok
SAR_Ship_Chip_20251012_UTM20N_EPSG32620_10m.manifest.json,20251012,20,32620,32620,1,1,100.0,1/1,13.0,121.0,ok
SAR_Ship_Chip_20251007_UTM16N_EPSG32616_10m.manifest.json,20251007,16,32616,32616,1,289,100.0,289/289,0.0,92.0,ok
SAR_Ship_Chip_20251007_UTM17N_EPSG32617_10m.manifest.json,20251007,17,32617,32617,1,16,100.0,16/16,0.0,189.0,ok
SAR_Ship_Chip_20251007_UTM18N_EPSG32618_10m.manifest.json,20251007,18,32618,32618,1,148,100.0,148/148,0.0,98.5,ok
SAR_Ship_Chip_20251007_UTM19N_EPSG32619_10m.manifest.json,20251007,19,32619,32619,1,17,100.0,17/17,9.2,82.0,ok
SAR_Ship_Chip_20251007_UTM20N_EPSG32620_10m.manifest.json,20251007,20,32620,32620,1,6,100.0,6/6,5.35,46.5,ok
SAR_Ship_Chip_20251008_UTM04N_EPSG32604_10m.manifest.json,20251008,4,32604,32604,1,1,100.0,1/1,0.0,37.0,ok
SAR_Ship_Chip_20251008_UTM10N_EPSG32610_10m.manifest.json,20251008,10,32610,32610,1,360,100.0,360/360,0.0,100.0,ok
SAR_Ship_Chip_20251008_UTM16N_EPSG32616_10m.manifest.json,20251008,16,32616,32616,1,7,100.0,7/7,0.06,42.0,ok
SAR_Ship_Chip_20251010_UTM14N_EPSG32614_10m.manifest.json,20251010,14,32614,32614,1,109,100.0,109/109,0.0,159.0,ok
SAR_Ship_Chip_20251010_UTM15N_EPSG32615_10m.manifest.json,20251010,15,32615,32615,1,116,100.0,116/116,0.01,180.5,ok
SAR_Ship_Chip_20251010_UTM16N_EPSG32616_10m.manifest.json,20251010,16,32616,32616,1,11,100.0,11/11,0.0,189.0,ok
SAR_Ship_Chip_20251010_UTM17N_EPSG32617_10m.manifest.json,20251010,17,32617,32617,1,306,100.0,306/306,0.0,54.0,ok
SAR_Ship_Chip_20251011_UTM04N_EPSG32604_10m.manifest.json,20251011,4,32604,32604,1,2,100.0,2/2,4.27,37.0,ok
SAR_Ship_Chip_20251011_UTM10N_EPSG32610_10m.manifest.json,20251011,10,32610,32610,1,315,100.0,315/315,0.0,102.0,ok
SAR_Ship_Chip_20251011_UTM11N_EPSG32611_10m.manifest.json,20251011,11,32611,32611,1,119,100.0,119/119,0.09,183.0,ok
SAR_Ship_Chip_20251011_UTM17N_EPSG32617_10m.manifest.json,20251011,17,32617,32617,1,19,100.0,19/19,11.8,198.0,ok
SAR_Ship_Chip_20251014_UTM16N_EPSG32616_10m.manifest.json,20251014,16,32616,32616,1,5,100.0,5/5,4.7,68.0,ok
SAR_Ship_Chip_20251014_UTM18N_EPSG32618_10m.manifest.json,20251014,18,32618,32618,1,146,100.0,146/146,0.0,160.0,ok
SAR_Ship_Chip_20251014_UTM19N_EPSG32619_10m.manifest.json,20251014,19,32619,32619,1,5,100.0,5/5,11.8,199.0,ok
SAR_Ship_Chip_20251015_UTM04N_EPSG32604_10m.manifest.json,20251015,4,32604,32604,1,26,100.0,26/26,0.0,61.5,ok
SAR_Ship_Chip_20251015_UTM10N_EPSG32610_10m.manifest.json,20251015,10,32610,32610,1,73,100.0,73/73,0.1,160.0,ok
SAR_Ship_Chip_20251015_UTM14N_EPSG32614_10m.manifest.json,20251015,14,32614,32614,1,77,100.0,77/77,0.0,120.0,ok
SAR_Ship_Chip_20251015_UTM16N_EPSG32616_10m.manifest.json,20251015,16,32616,32616,1,7,100.0,7/7,0.0,37.0,ok
SAR_Ship_Chip_20251015_UTM17N_EPSG32617_10m.manifest.json,20251015,17,32617,32617,1,64,100.0,64/64,0.0,143.0,ok
SAR_Ship_Chip_20251015_UTM18N_EPSG32618_10m.manifest.json,20251015,18,32618,32618,1,1,100.0,1/1,12.0,121.0,ok
SAR_Ship_Chip_20251016_UTM04N_EPSG32604_10m.manifest.json,20251016,4,32604,32604,1,1,100.0,1/1,8.2,37.0,ok
SAR_Ship_Chip_20251016_UTM05N_EPSG32605_10m.manifest.json,20251016,5,32605,32605,1,5,100.0,5/5,8.0,33.0,ok
SAR_Ship_Chip_20251016_UTM10N_EPSG32610_10m.manifest.json,20251016,10,32610,32610,1,82,100.0,82/82,0.1,154.0,ok
SAR_Ship_Chip_20251016_UTM16N_EPSG32616_10m.manifest.json,20251016,16,32616,32616,1,47,100.0,47/47,7.6,198.0,ok
SAR_Ship_Chip_20251016_UTM18N_EPSG32618_10m.manifest.json,20251016,18,32618,32618,1,30,100.0,30/30,0.0,39.0,ok
SAR_Ship_Chip_20251016_UTM19N_EPSG32619_10m.manifest.json,20251016,19,32619,32619,1,229,100.0,229/229,0.0,65.0,ok
SAR_Ship_Chip_20251016_UTM20N_EPSG32620_10m.manifest.json,20251016,20,32620,32620,1,1,100.0,1/1,10.12,105.0,ok
SAR_Ship_Chip_20251018_UTM17N_EPSG32617_10m.manifest.json,20251018,17,32617,32617,1,2,100.0,2/2,18.05,285.0,ok
SAR_Ship_Chip_20251018_UTM19N_EPSG32619_10m.manifest.json,20251018,19,32619,32619,1,11,100.0,11/11,11.22,170.0,ok
SAR_Ship_Chip_20251018_UTM20N_EPSG32620_10m.manifest.json,20251018,20,32620,32620,1,1,100.0,1/1,13.45,108.0,ok
SAR_Ship_Chip_20251019_UTM05N_EPSG32605_10m.manifest.json,20251019,5,32605,32605,1,1,100.0,1/1,9.6,280.0,ok
SAR_Ship_Chip_20251019_UTM11N_EPSG32611_10m.manifest.json,20251019,11,32611,32611,1,27,100.0,27/27,0.0,74.0,ok
SAR_Ship_Chip_20251019_UTM15N_EPSG32615_10m.manifest.json,20251019,15,32615,32615,1,6,100.0,6/6,0.51,50.5,ok
SAR_Ship_Chip_20251019_UTM16N_EPSG32616_10m.manifest.json,20251019,16,32616,32616,1,329,100.0,329/329,0.0,95.0,ok
SAR_Ship_Chip_20251019_UTM17N_EPSG32617_10m.manifest.json,20251019,17,32617,32617,1,18,100.0,18/18,0.05,200.0,ok
SAR_Ship_Chip_20251021_UTM09N_EPSG32609_10m.manifest.json,20251021,9,32609,32609,1,2,100.0,2/2,0.02,25.0,ok
SAR_Ship_Chip_20251021_UTM12N_EPSG32612_10m.manifest.json,20251021,12,32612,32612,1,4,100.0,4/4,12.58,199.5,ok
SAR_Ship_Chip_20251021_UTM16N_EPSG32616_10m.manifest.json,20251021,16,32616,32616,1,35,100.0,35/35,0.02,200.0,ok
SAR_Ship_Chip_20251021_UTM18N_EPSG32618_10m.manifest.json,20251021,18,32618,32618,1,157,100.0,157/157,0.09,95.0,ok
SAR_Ship_Chip_20251021_UTM19N_EPSG32619_10m.manifest.json,20251021,19,32619,32619,1,7,100.0,7/7,6.36,172.0,ok
SAR_Ship_Chip_20251021_UTM20N_EPSG32620_10m.manifest.json,20251021,20,32620,32620,1,34,100.0,34/34,0.13,109.0,ok
SAR_Ship_Chip_20251022_UTM04N_EPSG32604_10m.manifest.json,20251022,4,32604,32604,1,3,100.0,3/3,10.3,44.0,ok
SAR_Ship_Chip_20251022_UTM05N_EPSG32605_10m.manifest.json,20251022,5,32605,32605,1,7,100.0,7/7,0.0,37.0,ok
SAR_Ship_Chip_20251017_UTM04N_EPSG32604_10m.manifest.json,20251017,4,32604,32604,1,2,100.0,2/2,12.33,132.5,ok
SAR_Ship_Chip_20251017_UTM10N_EPSG32610_10m.manifest.json,20251017,10,32610,32610,1,9,100.0,9/9,9.38,183.0,ok
SAR_Ship_Chip_20251017_UTM11N_EPSG32611_10m.manifest.json,20251017,11,32611,32611,1,98,100.0,98/98,0.0,194.0,ok
SAR_Ship_Chip_20251017_UTM14N_EPSG32614_10m.manifest.json,20251017,14,32614,32614,1,5,100.0,5/5,0.74,30.0,ok
SAR_Ship_Chip_20251017_UTM15N_EPSG32615_10m.manifest.json,20251017,15,32615,32615,1,412,100.0,412/412,0.0,177.0,ok
SAR_Ship_Chip_20251017_UTM17N_EPSG32617_10m.manifest.json,20251017,17,32617,32617,1,212,100.0,212/212,0.0,144.0,ok
SAR_Ship_Chip_20251018_UTM04N_EPSG32604_10m.manifest.json,20251018,4,32604,32604,1,33,100.0,33/33,0.0,56.0,ok
SAR_Ship_Chip_20251018_UTM11N_EPSG32611_10m.manifest.json,20251018,11,32611,32611,1,162,100.0,162/162,0.0,183.0,ok
SAR_Ship_Chip_20251019_UTM18N_EPSG32618_10m.manifest.json,20251019,18,32618,32618,1,161,100.0,161/161,0.0,135.0,ok
SAR_Ship_Chip_20251019_UTM19N_EPSG32619_10m.manifest.json,20251019,19,32619,32619,1,10,100.0,10/10,4.7,45.5,ok
SAR_Ship_Chip_20251019_UTM20N_EPSG32620_10m.manifest.json,20251019,20,32620,32620,1,6,100.0,6/6,5.24,39.5,ok
SAR_Ship_Chip_20251020_UTM10N_EPSG32610_10m.manifest.json,20251020,10,32610,32610,1,360,100.0,360/360,0.0,83.5,ok
SAR_Ship_Chip_20251020_UTM16N_EPSG32616_10m.manifest.json,20251020,16,32616,32616,1,8,100.0,8/8,0.04,100.0,ok
SAR_Ship_Chip_20251020_UTM17N_EPSG32617_10m.manifest.json,20251020,17,32617,32617,1,25,100.0,25/25,11.48,187.0,ok
SAR_Ship_Chip_20251020_UTM20N_EPSG32620_10m.manifest.json,20251020,20,32620,32620,1,2,100.0,2/2,11.4,172.0,ok
SAR_Ship_Chip_20251021_UTM04N_EPSG32604_10m.manifest.json,20251021,4,32604,32604,1,38,100.0,38/38,0.01,66.5,ok
SAR_Ship_Chip_20251023_UTM17N_EPSG32617_10m.manifest.json,20251023,17,32617,32617,1,24,100.0,24/24,7.9,197.0,ok
SAR_Ship_Chip_20251023_UTM19N_EPSG32619_10m.manifest.json,20251023,19,32619,32619,1,98,100.0,98/98,0.22,71.5,ok
SAR_Ship_Chip_20251023_UTM20N_EPSG32620_10m.manifest.json,20251023,20,32620,32620,1,30,100.0,30/30,0.22,109.0,ok
SAR_Ship_Chip_20251024_UTM04N_EPSG32604_10m.manifest.json,20251024,4,32604,32604,1,32,100.0,32/32,0.0,68.0,ok
SAR_Ship_Chip_20251024_UTM11N_EPSG32611_10m.manifest.json,20251024,11,32611,32611,1,155,100.0,155/155,0.0,179.0,ok
SAR_Ship_Chip_20251024_UTM15N_EPSG32615_10m.manifest.json,20251024,15,32615,32615,1,94,100.0,94/94,0.0,87.5,ok
SAR_Ship_Chip_20251024_UTM17N_EPSG32617_10m.manifest.json,20251024,17,32617,32617,1,43,100.0,43/43,3.79,165.0,ok
SAR_Ship_Chip_20251024_UTM18N_EPSG32618_10m.manifest.json,20251024,18,32618,32618,1,2,100.0,2/2,13.9,239.5,ok
SAR_Ship_Chip_20251022_UTM10N_EPSG32610_10m.manifest.json,20251022,10,32610,32610,1,141,100.0,141/141,0.1,157.0,ok
SAR_Ship_Chip_20251022_UTM14N_EPSG32614_10m.manifest.json,20251022,14,32614,32614,1,85,100.0,85/85,0.0,170.0,ok
SAR_Ship_Chip_20251022_UTM15N_EPSG32615_10m.manifest.json,20251022,15,32615,32615,1,107,100.0,107/107,0.0,169.0,ok
SAR_Ship_Chip_20251022_UTM16N_EPSG32616_10m.manifest.json,20251022,16,32616,32616,1,12,100.0,12/12,0.1,166.0,ok
SAR_Ship_Chip_20251022_UTM17N_EPSG32617_10m.manifest.json,20251022,17,32617,32617,1,318,100.0,318/318,0.0,57.0,ok
SAR_Ship_Chip_20251023_UTM04N_EPSG32604_10m.manifest.json,20251023,4,32604,32604,1,3,100.0,3/3,2.27,182.0,ok
SAR_Ship_Chip_20251023_UTM10N_EPSG32610_10m.manifest.json,20251023,10,32610,32610,1,304,100.0,304/304,0.0,87.5,ok
SAR_Ship_Chip_20251023_UTM11N_EPSG32611_10m.manifest.json,20251023,11,32611,32611,1,111,100.0,111/111,0.17,199.0,ok
SAR_Ship_Chip_20251025_UTM05N_EPSG32605_10m.manifest.json,20251025,5,32605,32605,1,3,100.0,3/3,3.93,180.0,ok
SAR_Ship_Chip_20251025_UTM11N_EPSG32611_10m.manifest.json,20251025,11,32611,32611,1,33,100.0,33/33,0.0,78.0,ok
SAR_Ship_Chip_20251025_UTM15N_EPSG32615_10m.manifest.json,20251025,15,32615,32615,1,7,100.0,7/7,0.0,138.0,ok
SAR_Ship_Chip_20251025_UTM16N_EPSG32616_10m.manifest.json,20251025,16,32616,32616,1,63,100.0,63/63,0.0,183.0,ok
SAR_Ship_Chip_20251025_UTM17N_EPSG32617_10m.manifest.json,20251025,17,32617,32617,1,2,100.0,2/2,14.9,213.5,ok
SAR_Ship_Chip_20251025_UTM19N_EPSG32619_10m.manifest.json,20251025,19,32619,32619,1,2,100.0,2/2,14.61,189.0,ok
SAR_Ship_Chip_20251026_UTM04N_EPSG32604_10m.manifest.json,20251026,4,32604,32604,1,2,100.0,2/2,7.5,238.5,ok
SAR_Ship_Chip_20251026_UTM11N_EPSG32611_10m.manifest.json,20251026,11,32611,32611,1,4,100.0,4/4,14.77,196.0,ok
SAR_Ship_Chip_20251026_UTM15N_EPSG32615_10m.manifest.json,20251026,15,32615,32615,1,7,100.0,7/7,0.0,225.0,ok
SAR_Ship_Chip_20251026_UTM16N_EPSG32616_10m.manifest.json,20251026,16,32616,32616,1,7,100.0,7/7,11.6,234.0,ok
SAR_Ship_Chip_20251026_UTM18N_EPSG32618_10m.manifest.json,20251026,18,32618,32618,1,151,100.0,151/151,0.0,183.0,ok
SAR_Ship_Chip_20251026_UTM19N_EPSG32619_10m.manifest.json,20251026,19,32619,32619,1,23,100.0,23/23,11.49,186.0,ok
SAR_Ship_Chip_20251027_UTM04N_EPSG32604_10m.manifest.json,20251027,4,32604,32604,1,34,100.0,34/34,0.0,68.0,ok
SAR_Ship_Chip_20251027_UTM10N_EPSG32610_10m.manifest.json,20251027,10,32610,32610,1,102,100.0,102/102,1.26,179.0,ok
SAR_Ship_Chip_20251027_UTM14N_EPSG32614_10m.manifest.json,20251027,14,32614,32614,1,72,100.0,72/72,0.0,132.5,ok
SAR_Ship_Chip_20251027_UTM16N_EPSG32616_10m.manifest.json,20251027,16,32616,32616,1,8,100.0,8/8,0.0,119.0,ok
SAR_Ship_Chip_20251027_UTM17N_EPSG32617_10m.manifest.json,20251027,17,32617,32617,1,75,100.0,75/75,4.8,150.0,ok
SAR_Ship_Chip_20251027_UTM18N_EPSG32618_10m.manifest.json,20251027,18,32618,32618,1,28,100.0,28/28,0.0,36.0,ok
SAR_Ship_Chip_20251028_UTM04N_EPSG32604_10m.manifest.json,20251028,4,32604,32604,1,1,100.0,1/1,13.91,294.0,ok
SAR_Ship_Chip_20251028_UTM05N_EPSG32605_10m.manifest.json,20251028,5,32605,32605,1,6,100.0,6/6,9.1,38.0,ok
SAR_Ship_Chip_20251028_UTM10N_EPSG32610_10m.manifest.json,20251028,10,32610,32610,1,347,100.0,347/347,0.0,139.0,ok
SAR_Ship_Chip_20251028_UTM16N_EPSG32616_10m.manifest.json,20251028,16,32616,32616,1,34,100.0,34/34,0.05,206.5,ok
SAR_Ship_Chip_20251028_UTM18N_EPSG32618_10m.manifest.json,20251028,18,32618,32618,1,34,100.0,34/34,0.0,51.0,ok
SAR_Ship_Chip_20251028_UTM19N_EPSG32619_10m.manifest.json,20251028,19,32619,32619,1,224,100.0,224/224,0.1,72.0,ok
SAR_Ship_Chip_20251101_UTM04N_EPSG32604_10m.manifest.json,20251101,4,32604,32604,1,3,100.0,3/3,0.19,34.0,ok
SAR_Ship_Chip_20251101_UTM10N_EPSG32610_10m.manifest.json,20251101,10,32610,32610,1,363,100.0,363/363,0.0,100.0,ok
SAR_Ship_Chip_20251101_UTM16N_EPSG32616_10m.manifest.json,20251101,16,32616,32616,1,5,100.0,5/5,0.0,42.0,ok
SAR_Ship_Chip_20251101_UTM17N_EPSG32617_10m.manifest.json,20251101,17,32617,32617,1,16,100.0,16/16,12.3,229.5,ok
SAR_Ship_Chip_20251102_UTM04N_EPSG32604_10m.manifest.json,20251102,4,32604,32604,1,28,100.0,28/28,0.0,39.5,ok
SAR_Ship_Chip_20251102_UTM09N_EPSG32609_10m.manifest.json,20251102,9,32609,32609,1,3,100.0,3/3,15.0,231.0,ok
SAR_Ship_Chip_20251102_UTM12N_EPSG32612_10m.manifest.json,20251102,12,32612,32612,1,7,100.0,7/7,12.99,196.0,ok
SAR_Ship_Chip_20251102_UTM18N_EPSG32618_10m.manifest.json,20251102,18,32618,32618,1,162,100.0,162/162,0.08,48.0,ok
SAR_Ship_Chip_20251030_UTM17N_EPSG32617_10m.manifest.json,20251030,17,32617,32617,1,14,100.0,14/14,13.3,229.5,ok
SAR_Ship_Chip_20251030_UTM19N_EPSG32619_10m.manifest.json,20251030,19,32619,32619,1,14,100.0,14/14,11.4,166.5,ok
SAR_Ship_Chip_20251031_UTM05N_EPSG32605_10m.manifest.json,20251031,5,32605,32605,1,7,100.0,7/7,6.13,37.0,ok
SAR_Ship_Chip_20251031_UTM11N_EPSG32611_10m.manifest.json,20251031,11,32611,32611,1,30,100.0,30/30,0.0,68.5,ok
SAR_Ship_Chip_20251031_UTM16N_EPSG32616_10m.manifest.json,20251031,16,32616,32616,1,301,100.0,301/301,0.0,91.0,ok
SAR_Ship_Chip_20251031_UTM17N_EPSG32617_10m.manifest.json,20251031,17,32617,32617,1,15,100.0,15/15,4.51,199.0,ok
SAR_Ship_Chip_20251031_UTM18N_EPSG32618_10m.manifest.json,20251031,18,32618,32618,1,127,100.0,127/127,0.0,133.0,ok
SAR_Ship_Chip_20251031_UTM19N_EPSG32619_10m.manifest.json,20251031,19,32619,32619,1,2,100.0,2/2,11.15,272.0,ok
SAR_Ship_Chip_20251102_UTM19N_EPSG32619_10m.manifest.json,20251102,19,32619,32619,1,9,100.0,9/9,13.93,180.0,ok
SAR_Ship_Chip_20251102_UTM20N_EPSG32620_10m.manifest.json,20251102,20,32620,32620,1,40,100.0,40/40,1.13,137.5,ok
SAR_Ship_Chip_20251103_UTM04N_EPSG32604_10m.manifest.json,20251103,4,32604,32604,1,1,100.0,1/1,20.11,273.0,ok
SAR_Ship_Chip_20251103_UTM05N_EPSG32605_10m.manifest.json,20251103,5,32605,32605,1,3,100.0,3/3,5.76,37.0,ok
SAR_Ship_Chip_20251103_UTM10N_EPSG32610_10m.manifest.json,20251103,10,32610,32610,1,176,100.0,176/176,0.0,151.5,ok
SAR_Ship_Chip_20251103_UTM14N_EPSG32614_10m.manifest.json,20251103,14,32614,32614,1,87,100.0,87/87,0.0,182.0,ok
SAR_Ship_Chip_20251103_UTM15N_EPSG32615_10m.manifest.json,20251103,15,32615,32615,1,110,100.0,110/110,0.0,155.5,ok
SAR_Ship_Chip_20251103_UTM16N_EPSG32616_10m.manifest.json,20251103,16,32616,32616,1,21,100.0,21/21,0.0,199.0,ok
SAR_Ship_Chip_20251028_UTM20N_EPSG32620_10m.manifest.json,20251028,20,32620,32620,1,1,100.0,1/1,11.9,120.0,ok
SAR_Ship_Chip_20251029_UTM10N_EPSG32610_10m.manifest.json,20251029,10,32610,32610,1,9,100.0,9/9,10.5,183.0,ok
SAR_Ship_Chip_20251029_UTM11N_EPSG32611_10m.manifest.json,20251029,11,32611,32611,1,101,100.0,101/101,0.1,186.0,ok
SAR_Ship_Chip_20251029_UTM14N_EPSG32614_10m.manifest.json,20251029,14,32614,32614,1,4,100.0,4/4,0.05,54.5,ok
SAR_Ship_Chip_20251029_UTM15N_EPSG32615_10m.manifest.json,20251029,15,32615,32615,1,435,100.0,435/435,0.0,177.0,ok
SAR_Ship_Chip_20251029_UTM17N_EPSG32617_10m.manifest.json,20251029,17,32617,32617,1,220,100.0,220/220,0.0,169.0,ok
SAR_Ship_Chip_20251030_UTM04N_EPSG32604_10m.manifest.json,20251030,4,32604,32604,1,26,100.0,26/26,0.0,57.5,ok
SAR_Ship_Chip_20251030_UTM11N_EPSG32611_10m.manifest.json,20251030,11,32611,32611,1,185,100.0,185/185,0.0,183.0,ok
SAR_Ship_Chip_20251103_UTM17N_EPSG32617_10m.manifest.json,20251103,17,32617,32617,1,346,100.0,346/346,0.0,57.0,ok
SAR_Ship_Chip_20251104_UTM04N_EPSG32604_10m.manifest.json,20251104,4,32604,32604,1,2,100.0,2/2,12.51,127.0,ok
SAR_Ship_Chip_20251104_UTM10N_EPSG32610_10m.manifest.json,20251104,10,32610,32610,1,284,100.0,284/284,0.0,80.5,ok
SAR_Ship_Chip_20251104_UTM11N_EPSG32611_10m.manifest.json,20251104,11,32611,32611,1,90,100.0,90/90,0.01,181.5,ok
SAR_Ship_Chip_20251104_UTM17N_EPSG32617_10m.manifest.json,20251104,17,32617,32617,1,33,100.0,33/33,7.7,213.0,ok
SAR_Ship_Chip_20251104_UTM19N_EPSG32619_10m.manifest.json,20251104,19,32619,32619,1,73,100.0,73/73,0.0,65.0,ok
SAR_Ship_Chip_20251104_UTM20N_EPSG32620_10m.manifest.json,20251104,20,32620,32620,1,39,100.0,39/39,0.0,148.0,ok
SAR_Ship_Chip_20251105_UTM04N_EPSG32604_10m.manifest.json,20251105,4,32604,32604,1,27,100.0,27/27,0.01,45.0,ok
SAR_Ship_Chip_20251105_UTM11N_EPSG32611_10m.manifest.json,20251105,11,32611,32611,1,182,100.0,182/182,0.0,183.0,ok
SAR_Ship_Chip_20251105_UTM15N_EPSG32615_10m.manifest.json,20251105,15,32615,32615,1,166,100.0,166/166,1.6,147.5,ok
SAR_Ship_Chip_20251105_UTM17N_EPSG32617_10m.manifest.json,20251105,17,32617,32617,1,46,100.0,46/46,3.62,156.5,ok
SAR_Ship_Chip_20251105_UTM18N_EPSG32618_10m.manifest.json,20251105,18,32618,32618,1,4,100.0,4/4,14.4,253.5,ok
SAR_Ship_Chip_20251106_UTM05N_EPSG32605_10m.manifest.json,20251106,5,32605,32605,1,2,100.0,2/2,2.76,162.5,ok
SAR_Ship_Chip_20251106_UTM11N_EPSG32611_10m.manifest.json,20251106,11,32611,32611,1,23,100.0,23/23,0.0,55.0,ok
SAR_Ship_Chip_20251106_UTM12N_EPSG32612_10m.manifest.json,20251106,12,32612,32612,1,2,100.0,2/2,13.28,183.5,ok
SAR_Ship_Chip_20251106_UTM15N_EPSG32615_10m.manifest.json,20251106,15,32615,32615,1,5,100.0,5/5,0.0,246.0,ok
SAR_Ship_Chip_20251106_UTM16N_EPSG32616_10m.manifest.json,20251106,16,32616,32616,1,72,100.0,72/72,0.0,149.0,ok
SAR_Ship_Chip_20251106_UTM17N_EPSG32617_10m.manifest.json,20251106,17,32617,32617,1,5,100.0,5/5,13.6,229.0,ok
SAR_Ship_Chip_20251106_UTM19N_EPSG32619_10m.manifest.json,20251106,19,32619,32619,1,2,100.0,2/2,11.83,184.0,ok
SAR_Ship_Chip_20251107_UTM04N_EPSG32604_10m.manifest.json,20251107,4,32604,32604,1,2,100.0,2/2,5.92,213.0,ok
SAR_Ship_Chip_20251107_UTM11N_EPSG32611_10m.manifest.json,20251107,11,32611,32611,1,5,100.0,5/5,11.56,209.0,ok
SAR_Ship_Chip_20251107_UTM15N_EPSG32615_10m.manifest.json,20251107,15,32615,32615,1,4,100.0,4/4,0.05,212.5,ok
SAR_Ship_Chip_20251107_UTM16N_EPSG32616_10m.manifest.json,20251107,16,32616,32616,1,3,100.0,3/3,0.0,153.0,ok
SAR_Ship_Chip_20251107_UTM18N_EPSG32618_10m.manifest.json,20251107,18,32618,32618,1,139,100.0,139/139,0.0,140.0,ok
SAR_Ship_Chip_20251107_UTM19N_EPSG32619_10m.manifest.json,20251107,19,32619,32619,1,27,100.0,27/27,10.5,180.0,ok
SAR_Ship_Chip_20251108_UTM04N_EPSG32604_10m.manifest.json,20251108,4,32604,32604,1,28,100.0,28/28,0.0,66.0,ok
SAR_Ship_Chip_20251108_UTM10N_EPSG32610_10m.manifest.json,20251108,10,32610,32610,1,88,100.0,88/88,0.04,177.0,ok
SAR_Ship_Chip_20251108_UTM14N_EPSG32614_10m.manifest.json,20251108,14,32614,32614,1,96,100.0,96/96,0.0,180.0,ok
SAR_Ship_Chip_20251108_UTM15N_EPSG32615_10m.manifest.json,20251108,15,32615,32615,1,4,100.0,4/4,0.0,244.5,ok
SAR_Ship_Chip_20251108_UTM16N_EPSG32616_10m.manifest.json,20251108,16,32616,32616,1,12,100.0,12/12,0.04,211.0,ok
SAR_Ship_Chip_20251108_UTM17N_EPSG32617_10m.manifest.json,20251108,17,32617,32617,1,79,100.0,79/79,0.08,159.0,ok
SAR_Ship_Chip_20251108_UTM18N_EPSG32618_10m.manifest.json,20251108,18,32618,32618,1,31,100.0,31/31,1.62,48.0,ok
SAR_Ship_Chip_20251108_UTM19N_EPSG32619_10m.manifest.json,20251108,19,32619,32619,1,6,100.0,6/6,13.47,176.5,ok
SAR_Ship_Chip_20251109_UTM05N_EPSG32605_10m.manifest.json,20251109,5,32605,32605,1,3,100.0,3/3,6.38,45.0,ok
SAR_Ship_Chip_20251109_UTM10N_EPSG32610_10m.manifest.json,20251109,10,32610,32610,1,304,100.0,304/304,0.0,140.0,ok
SAR_Ship_Chip_20251109_UTM12N_EPSG32612_10m.manifest.json,20251109,12,32612,32612,1,4,100.0,4/4,12.93,201.0,ok
SAR_Ship_Chip_20251109_UTM16N_EPSG32616_10m.manifest.json,20251109,16,32616,32616,1,40,100.0,40/40,2.12,192.5,ok
SAR_Ship_Chip_20251109_UTM18N_EPSG32618_10m.manifest.json,20251109,18,32618,32618,1,23,100.0,23/23,0.0,71.0,ok
SAR_Ship_Chip_20251109_UTM19N_EPSG32619_10m.manifest.json,20251109,19,32619,32619,1,205,100.0,205/205,0.09,72.0,ok
SAR_Ship_Chip_20251109_UTM20N_EPSG32620_10m.manifest.json,20251109,20,32620,32620,1,6,100.0,6/6,7.69,114.0,ok
SAR_Ship_Chip_20251111_UTM19N_EPSG32619_10m.manifest.json,20251111,19,32619,32619,1,2,100.0,2/2,11.6,111.5,ok
SAR_Ship_Chip_20251112_UTM05N_EPSG32605_10m.manifest.json,20251112,5,32605,32605,1,7,100.0,7/7,6.72,36.0,ok
SAR_Ship_Chip_20251112_UTM11N_EPSG32611_10m.manifest.json,20251112,11,32611,32611,1,35,100.0,35/35,0.0,106.0,ok
SAR_Ship_Chip_20251112_UTM16N_EPSG32616_10m.manifest.json,20251112,16,32616,32616,1,314,100.0,314/314,0.0,92.0,ok
SAR_Ship_Chip_20251112_UTM17N_EPSG32617_10m.manifest.json,20251112,17,32617,32617,1,12,100.0,12/12,2.33,211.0,ok
SAR_Ship_Chip_20251112_UTM18N_EPSG32618_10m.manifest.json,20251112,18,32618,32618,1,134,100.0,134/134,0.0,106.0,ok
SAR_Ship_Chip_20251112_UTM19N_EPSG32619_10m.manifest.json,20251112,19,32619,32619,1,2,100.0,2/2,13.21,186.0,ok
SAR_Ship_Chip_20251113_UTM04N_EPSG32604_10m.manifest.json,20251113,4,32604,32604,1,1,100.0,1/1,8.01,143.0,ok
SAR_Ship_Chip_20251110_UTM04N_EPSG32604_10m.manifest.json,20251110,4,32604,32604,1,2,100.0,2/2,2.38,107.5,ok
SAR_Ship_Chip_20251110_UTM10N_EPSG32610_10m.manifest.json,20251110,10,32610,32610,1,8,100.0,8/8,9.15,180.0,ok
SAR_Ship_Chip_20251110_UTM11N_EPSG32611_10m.manifest.json,20251110,11,32611,32611,1,92,100.0,92/92,0.0,161.0,ok
SAR_Ship_Chip_20251110_UTM14N_EPSG32614_10m.manifest.json,20251110,14,32614,32614,1,3,100.0,3/3,0.8,180.0,ok
SAR_Ship_Chip_20251110_UTM15N_EPSG32615_10m.manifest.json,20251110,15,32615,32615,1,432,100.0,432/432,0.0,182.0,ok
SAR_Ship_Chip_20251110_UTM17N_EPSG32617_10m.manifest.json,20251110,17,32617,32617,1,239,100.0,239/239,0.0,135.0,ok
SAR_Ship_Chip_20251111_UTM04N_EPSG32604_10m.manifest.json,20251111,4,32604,32604,1,22,100.0,22/22,0.0,61.5,ok
SAR_Ship_Chip_20251111_UTM11N_EPSG32611_10m.manifest.json,20251111,11,32611,32611,1,205,100.0,205/205,0.0,162.0,ok
SAR_Ship_Chip_20251113_UTM10N_EPSG32610_10m.manifest.json,20251113,10,32610,32610,1,360,100.0,360/360,0.0,83.0,ok
SAR_Ship_Chip_20251113_UTM12N_EPSG32612_10m.manifest.json,20251113,12,32612,32612,1,4,100.0,4/4,11.52,184.5,ok
SAR_Ship_Chip_20251113_UTM16N_EPSG32616_10m.manifest.json,20251113,16,32616,32616,1,3,100.0,3/3,0.0,100.0,ok
SAR_Ship_Chip_20251113_UTM17N_EPSG32617_10m.manifest.json,20251113,17,32617,32617,1,23,100.0,23/23,12.2,237.0,ok
SAR_Ship_Chip_20251114_UTM04N_EPSG32604_10m.manifest.json,20251114,4,32604,32604,1,26,100.0,26/26,0.02,66.0,ok
SAR_Ship_Chip_20251114_UTM09N_EPSG32609_10m.manifest.json,20251114,9,32609,32609,1,7,100.0,7/7,10.48,183.0,ok
SAR_Ship_Chip_20251114_UTM18N_EPSG32618_10m.manifest.json,20251114,18,32618,32618,1,155,100.0,155/155,0.06,49.0,ok
SAR_Ship_Chip_20251114_UTM19N_EPSG32619_10m.manifest.json,20251114,19,32619,32619,1,5,100.0,5/5,13.2,199.0,ok
SAR_Ship_Chip_20251116_UTM10N_EPSG32610_10m.manifest.json,20251116,10,32610,32610,1,304,100.0,304/304,0.0,83.0,ok
SAR_Ship_Chip_20251116_UTM11N_EPSG32611_10m.manifest.json,20251116,11,32611,32611,1,104,100.0,104/104,0.01,183.0,ok
SAR_Ship_Chip_20251116_UTM17N_EPSG32617_10m.manifest.json,20251116,17,32617,32617,1,26,100.0,26/26,0.29,193.5,ok
SAR_Ship_Chip_20251116_UTM19N_EPSG32619_10m.manifest.json,20251116,19,32619,32619,1,10,100.0,10/10,6.34,70.5,ok
SAR_Ship_Chip_20251117_UTM04N_EPSG32604_10m.manifest.json,20251117,4,32604,32604,1,29,100.0,29/29,0.0,56.0,ok
SAR_Ship_Chip_20251117_UTM11N_EPSG32611_10m.manifest.json,20251117,11,32611,32611,1,98,100.0,98/98,0.0,183.0,ok
SAR_Ship_Chip_20251117_UTM17N_EPSG32617_10m.manifest.json,20251117,17,32617,32617,1,43,100.0,43/43,0.0,180.0,ok
SAR_Ship_Chip_20251117_UTM18N_EPSG32618_10m.manifest.json,20251117,18,32618,32618,1,2,100.0,2/2,17.88,280.5,ok
SAR_Ship_Chip_20251118_UTM05N_EPSG32605_10m.manifest.json,20251118,5,32605,32605,1,10,100.0,10/10,6.38,37.0,ok
SAR_Ship_Chip_20251118_UTM11N_EPSG32611_10m.manifest.json,20251118,11,32611,32611,1,18,100.0,18/18,0.0,57.0,ok
SAR_Ship_Chip_20251118_UTM15N_EPSG32615_10m.manifest.json,20251118,15,32615,32615,1,1,100.0,1/1,0.0,138.0,ok
SAR_Ship_Chip_20251118_UTM16N_EPSG32616_10m.manifest.json,20251118,16,32616,32616,1,67,100.0,67/67,0.0,180.0,ok
SAR_Ship_Chip_20251118_UTM17N_EPSG32617_10m.manifest.json,20251118,17,32617,32617,1,4,100.0,4/4,14.21,189.0,ok
SAR_Ship_Chip_20251119_UTM04N_EPSG32604_10m.manifest.json,20251119,4,32604,32604,1,2,100.0,2/2,7.79,105.0,ok
SAR_Ship_Chip_20251119_UTM15N_EPSG32615_10m.manifest.json,20251119,15,32615,32615,1,3,100.0,3/3,0.0,200.0,ok
SAR_Ship_Chip_20251119_UTM16N_EPSG32616_10m.manifest.json,20251119,16,32616,32616,1,1,100.0,1/1,0.0,45.0,ok
SAR_Ship_Chip_20251114_UTM20N_EPSG32620_10m.manifest.json,20251114,20,32620,32620,1,45,100.0,45/45,0.01,134.0,ok
SAR_Ship_Chip_20251115_UTM05N_EPSG32605_10m.manifest.json,20251115,5,32605,32605,1,7,100.0,7/7,0.05,39.0,ok
SAR_Ship_Chip_20251115_UTM10N_EPSG32610_10m.manifest.json,20251115,10,32610,32610,1,173,100.0,173/173,0.01,179.0,ok
SAR_Ship_Chip_20251115_UTM14N_EPSG32614_10m.manifest.json,20251115,14,32614,32614,1,103,100.0,103/103,0.0,180.0,ok
SAR_Ship_Chip_20251115_UTM15N_EPSG32615_10m.manifest.json,20251115,15,32615,32615,1,112,100.0,112/112,0.0,180.0,ok
SAR_Ship_Chip_20251115_UTM16N_EPSG32616_10m.manifest.json,20251115,16,32616,32616,1,13,100.0,13/13,0.0,200.0,ok
SAR_Ship_Chip_20251115_UTM17N_EPSG32617_10m.manifest.json,20251115,17,32617,32617,1,316,100.0,316/316,0.0,53.5,ok
SAR_Ship_Chip_20251116_UTM04N_EPSG32604_10m.manifest.json,20251116,4,32604,32604,1,4,100.0,4/4,3.73,98.0,ok
SAR_Ship_Chip_20251119_UTM18N_EPSG32618_10m.manifest.json,20251119,18,32618,32618,1,151,100.0,151/151,0.04,138.0,ok
SAR_Ship_Chip_20251119_UTM19N_EPSG32619_10m.manifest.json,20251119,19,32619,32619,1,30,100.0,30/30,11.01,167.0,ok
SAR_Ship_Chip_20251120_UTM04N_EPSG32604_10m.manifest.json,20251120,4,32604,32604,1,25,100.0,25/25,0.0,56.0,ok
SAR_Ship_Chip_20251120_UTM10N_EPSG32610_10m.manifest.json,20251120,10,32610,32610,1,9,100.0,9/9,8.1,183.0,ok
SAR_Ship_Chip_20251120_UTM14N_EPSG32614_10m.manifest.json,20251120,14,32614,32614,1,59,100.0,59/59,0.0,159.0,ok
SAR_Ship_Chip_20251120_UTM16N_EPSG32616_10m.manifest.json,20251120,16,32616,32616,1,9,100.0,9/9,0.0,150.0,ok
SAR_Ship_Chip_20251120_UTM17N_EPSG32617_10m.manifest.json,20251120,17,32617,32617,1,71,100.0,71/71,0.18,160.0,ok
SAR_Ship_Chip_20251121_UTM04N_EPSG32604_10m.manifest.json,20251121,4,32604,32604,1,1,100.0,1/1,6.6,96.0,ok
SAR_Ship_Chip_20251121_UTM05N_EPSG32605_10m.manifest.json,20251121,5,32605,32605,1,6,100.0,6/6,1.06,41.0,ok
SAR_Ship_Chip_20251121_UTM10N_EPSG32610_10m.manifest.json,20251121,10,32610,32610,1,323,100.0,323/323,0.06,153.0,ok
SAR_Ship_Chip_20251121_UTM16N_EPSG32616_10m.manifest.json,20251121,16,32616,32616,1,38,100.0,38/38,6.57,193.0,ok
SAR_Ship_Chip_20251121_UTM18N_EPSG32618_10m.manifest.json,20251121,18,32618,32618,1,26,100.0,26/26,0.0,93.5,ok
SAR_Ship_Chip_20251121_UTM19N_EPSG32619_10m.manifest.json,20251121,19,32619,32619,1,211,100.0,211/211,0.1,72.0,ok
SAR_Ship_Chip_20251121_UTM20N_EPSG32620_10m.manifest.json,20251121,20,32620,32620,1,5,100.0,5/5,7.3,181.0,ok
SAR_Ship_Chip_20251122_UTM04N_EPSG32604_10m.manifest.json,20251122,4,32604,32604,1,2,100.0,2/2,4.42,65.5,ok
SAR_Ship_Chip_20251122_UTM10N_EPSG32610_10m.manifest.json,20251122,10,32610,32610,1,1,100.0,1/1,9.5,273.0,ok
SAR_Ship_Chip_20251122_UTM11N_EPSG32611_10m.manifest.json,20251122,11,32611,32611,1,102,100.0,102/102,0.0,186.5,ok
SAR_Ship_Chip_20251122_UTM14N_EPSG32614_10m.manifest.json,20251122,14,32614,32614,1,120,100.0,120/120,0.0,178.5,ok
SAR_Ship_Chip_20251122_UTM15N_EPSG32615_10m.manifest.json,20251122,15,32615,32615,1,340,100.0,340/340,0.0,183.0,ok
SAR_Ship_Chip_20251122_UTM17N_EPSG32617_10m.manifest.json,20251122,17,32617,32617,1,239,100.0,239/239,0.02,145.0,ok
SAR_Ship_Chip_20251123_UTM11N_EPSG32611_10m.manifest.json,20251123,11,32611,32611,1,186,100.0,186/186,0.0,183.0,ok
SAR_Ship_Chip_20251123_UTM16N_EPSG32616_10m.manifest.json,20251123,16,32616,32616,1,1,100.0,1/1,17.2,180.0,ok
SAR_Ship_Chip_20251123_UTM17N_EPSG32617_10m.manifest.json,20251123,17,32617,32617,1,3,100.0,3/3,14.18,183.0,ok
SAR_Ship_Chip_20251123_UTM19N_EPSG32619_10m.manifest.json,20251123,19,32619,32619,1,5,100.0,5/5,0.0,39.0,ok
SAR_Ship_Chip_20251125_UTM17N_EPSG32617_10m.manifest.json,20251125,17,32617,32617,1,25,100.0,25/25,12.0,200.0,ok
SAR_Ship_Chip_20251126_UTM04N_EPSG32604_10m.manifest.json,20251126,4,32604,32604,1,25,100.0,25/25,0.0,74.0,ok
SAR_Ship_Chip_20251126_UTM09N_EPSG32609_10m.manifest.json,20251126,9,32609,32609,1,2,100.0,2/2,0.05,19.5,ok
SAR_Ship_Chip_20251126_UTM18N_EPSG32618_10m.manifest.json,20251126,18,32618,32618,1,139,100.0,139/139,0.1,69.0,ok
SAR_Ship_Chip_20251126_UTM19N_EPSG32619_10m.manifest.json,20251126,19,32619,32619,1,6,100.0,6/6,10.81,185.0,ok
SAR_Ship_Chip_20251126_UTM20N_EPSG32620_10m.manifest.json,20251126,20,32620,32620,1,59,100.0,59/59,1.24,110.0,ok
SAR_Ship_Chip_20251127_UTM10N_EPSG32610_10m.manifest.json,20251127,10,32610,32610,1,179,100.0,179/179,0.1,180.0,ok
SAR_Ship_Chip_20251127_UTM14N_EPSG32614_10m.manifest.json,20251127,14,32614,32614,1,80,100.0,80/80,0.0,174.5,ok
SAR_Ship_Chip_20251124_UTM05N_EPSG32605_10m.manifest.json,20251124,5,32605,32605,1,3,100.0,3/3,11.19,280.0,ok
SAR_Ship_Chip_20251124_UTM11N_EPSG32611_10m.manifest.json,20251124,11,32611,32611,1,29,100.0,29/29,0.1,180.0,ok
SAR_Ship_Chip_20251124_UTM16N_EPSG32616_10m.manifest.json,20251124,16,32616,32616,1,361,100.0,361/361,0.0,92.0,ok
SAR_Ship_Chip_20251124_UTM17N_EPSG32617_10m.manifest.json,20251124,17,32617,32617,1,24,100.0,24/24,0.35,198.5,ok
SAR_Ship_Chip_20251124_UTM18N_EPSG32618_10m.manifest.json,20251124,18,32618,32618,1,144,100.0,144/144,0.0,170.0,ok
SAR_Ship_Chip_20251124_UTM19N_EPSG32619_10m.manifest.json,20251124,19,32619,32619,1,1,100.0,1/1,10.7,61.0,ok
SAR_Ship_Chip_20251125_UTM10N_EPSG32610_10m.manifest.json,20251125,10,32610,32610,1,374,100.0,374/374,0.0,80.5,ok
SAR_Ship_Chip_20251125_UTM16N_EPSG32616_10m.manifest.json,20251125,16,32616,32616,1,5,100.0,5/5,0.0,100.0,ok
SAR_Ship_Chip_20251129_UTM04N_EPSG32604_10m.manifest.json,20251129,4,32604,32604,1,33,100.0,33/33,0.0,64.0,ok
SAR_Ship_Chip_20251129_UTM11N_EPSG32611_10m.manifest.json,20251129,11,32611,32611,1,225,100.0,225/225,0.0,183.0,ok
SAR_Ship_Chip_20251129_UTM15N_EPSG32615_10m.manifest.json,20251129,15,32615,32615,1,93,100.0,93/93,0.0,100.0,ok
SAR_Ship_Chip_20251129_UTM17N_EPSG32617_10m.manifest.json,20251129,17,32617,32617,1,55,100.0,55/55,0.1,144.0,ok
SAR_Ship_Chip_20251130_UTM05N_EPSG32605_10m.manifest.json,20251130,5,32605,32605,1,3,100.0,3/3,4.91,45.0,ok
SAR_Ship_Chip_20251130_UTM11N_EPSG32611_10m.manifest.json,20251130,11,32611,32611,1,32,100.0,32/32,0.0,77.0,ok
SAR_Ship_Chip_20251130_UTM12N_EPSG32612_10m.manifest.json,20251130,12,32612,32612,1,2,100.0,2/2,12.3,241.5,ok
SAR_Ship_Chip_20251130_UTM15N_EPSG32615_10m.manifest.json,20251130,15,32615,32615,1,3,100.0,3/3,0.01,68.0,ok
SAR_Ship_Chip_20251130_UTM16N_EPSG32616_10m.manifest.json,20251130,16,32616,32616,1,63,100.0,63/63,0.0,180.0,ok
SAR_Ship_Chip_20251130_UTM17N_EPSG32617_10m.manifest.json,20251130,17,32617,32617,1,2,100.0,2/2,11.38,234.0,ok
SAR_Ship_Chip_20251201_UTM04N_EPSG32604_10m.manifest.json,20251201,4,32604,32604,1,1,100.0,1/1,5.12,30.0,ok
SAR_Ship_Chip_20251201_UTM15N_EPSG32615_10m.manifest.json,20251201,15,32615,32615,1,9,100.0,9/9,0.0,190.0,ok
SAR_Ship_Chip_20251201_UTM16N_EPSG32616_10m.manifest.json,20251201,16,32616,32616,1,7,100.0,7/7,0.55,222.0,ok
SAR_Ship_Chip_20251201_UTM18N_EPSG32618_10m.manifest.json,20251201,18,32618,32618,1,144,100.0,144/144,0.0,153.0,ok
SAR_Ship_Chip_20251201_UTM19N_EPSG32619_10m.manifest.json,20251201,19,32619,32619,1,26,100.0,26/26,11.71,176.0,ok
SAR_Ship_Chip_20251202_UTM04N_EPSG32604_10m.manifest.json,20251202,4,32604,32604,1,32,100.0,32/32,0.08,68.0,ok
SAR_Ship_Chip_20251127_UTM15N_EPSG32615_10m.manifest.json,20251127,15,32615,32615,1,119,100.0,119/119,0.1,183.0,ok
SAR_Ship_Chip_20251127_UTM16N_EPSG32616_10m.manifest.json,20251127,16,32616,32616,1,12,100.0,12/12,0.0,188.5,ok
SAR_Ship_Chip_20251127_UTM17N_EPSG32617_10m.manifest.json,20251127,17,32617,32617,1,308,100.0,308/308,0.0,55.0,ok
SAR_Ship_Chip_20251128_UTM04N_EPSG32604_10m.manifest.json,20251128,4,32604,32604,1,2,100.0,2/2,6.15,231.5,ok
SAR_Ship_Chip_20251128_UTM10N_EPSG32610_10m.manifest.json,20251128,10,32610,32610,1,325,100.0,325/325,0.0,83.0,ok
SAR_Ship_Chip_20251128_UTM11N_EPSG32611_10m.manifest.json,20251128,11,32611,32611,1,105,100.0,105/105,0.0,183.0,ok
SAR_Ship_Chip_20251128_UTM17N_EPSG32617_10m.manifest.json,20251128,17,32617,32617,1,26,100.0,26/26,0.1,194.0,ok
SAR_Ship_Chip_20251128_UTM20N_EPSG32620_10m.manifest.json,20251128,20,32620,32620,1,48,100.0,48/48,0.02,98.0,ok
SAR_Ship_Chip_20251202_UTM10N_EPSG32610_10m.manifest.json,20251202,10,32610,32610,1,97,100.0,97/97,0.1,180.0,ok
SAR_Ship_Chip_20251202_UTM14N_EPSG32614_10m.manifest.json,20251202,14,32614,32614,1,69,100.0,69/69,0.0,150.0,ok
SAR_Ship_Chip_20251202_UTM16N_EPSG32616_10m.manifest.json,20251202,16,32616,32616,1,10,100.0,10/10,0.0,36.5,ok
SAR_Ship_Chip_20251202_UTM17N_EPSG32617_10m.manifest.json,20251202,17,32617,32617,1,72,100.0,72/72,0.13,172.0,ok
SAR_Ship_Chip_20251202_UTM18N_EPSG32618_10m.manifest.json,20251202,18,32618,32618,1,29,100.0,29/29,0.08,54.0,ok
SAR_Ship_Chip_20251203_UTM05N_EPSG32605_10m.manifest.json,20251203,5,32605,32605,1,7,100.0,7/7,0.1,37.0,ok
SAR_Ship_Chip_20251203_UTM10N_EPSG32610_10m.manifest.json,20251203,10,32610,32610,1,287,100.0,287/287,0.0,162.0,ok
SAR_Ship_Chip_20251203_UTM16N_EPSG32616_10m.manifest.json,20251203,16,32616,32616,1,32,100.0,32/32,0.02,191.5,ok
SAR_Ship_Chip_20251203_UTM18N_EPSG32618_10m.manifest.json,20251203,18,32618,32618,1,18,100.0,18/18,0.07,139.5,ok
SAR_Ship_Chip_20251203_UTM19N_EPSG32619_10m.manifest.json,20251203,19,32619,32619,1,50,100.0,50/50,0.0,105.0,ok
SAR_Ship_Chip_20251203_UTM20N_EPSG32620_10m.manifest.json,20251203,20,32620,32620,1,5,100.0,5/5,1.2,127.0,ok
SAR_Ship_Chip_20251204_UTM04N_EPSG32604_10m.manifest.json,20251204,4,32604,32604,1,1,100.0,1/1,11.9,280.0,ok
SAR_Ship_Chip_20251204_UTM10N_EPSG32610_10m.manifest.json,20251204,10,32610,32610,1,10,100.0,10/10,8.94,181.0,ok
SAR_Ship_Chip_20251204_UTM11N_EPSG32611_10m.manifest.json,20251204,11,32611,32611,1,112,100.0,112/112,0.02,190.0,ok
SAR_Ship_Chip_20251204_UTM14N_EPSG32614_10m.manifest.json,20251204,14,32614,32614,1,1,100.0,1/1,1.0,85.0,ok
SAR_Ship_Chip_20251204_UTM15N_EPSG32615_10m.manifest.json,20251204,15,32615,32615,1,414,100.0,414/414,0.0,179.0,ok
SAR_Ship_Chip_20251208_UTM09N_EPSG32609_10m.manifest.json,20251208,9,32609,32609,1,2,100.0,2/2,5.03,19.5,ok
SAR_Ship_Chip_20251208_UTM12N_EPSG32612_10m.manifest.json,20251208,12,32612,32612,1,2,100.0,2/2,11.4,183.0,ok
SAR_Ship_Chip_20251208_UTM16N_EPSG32616_10m.manifest.json,20251208,16,32616,32616,1,33,100.0,33/33,0.0,185.0,ok
SAR_Ship_Chip_20251208_UTM18N_EPSG32618_10m.manifest.json,20251208,18,32618,32618,1,114,100.0,114/114,0.06,47.5,ok
SAR_Ship_Chip_20251208_UTM19N_EPSG32619_10m.manifest.json,20251208,19,32619,32619,1,34,100.0,34/34,0.71,178.5,ok
SAR_Ship_Chip_20251208_UTM20N_EPSG32620_10m.manifest.json,20251208,20,32620,32620,1,66,100.0,66/66,0.1,85.5,ok
SAR_Ship_Chip_20251209_UTM05N_EPSG32605_10m.manifest.json,20251209,5,32605,32605,1,7,100.0,7/7,5.13,37.0,ok
SAR_Ship_Chip_20251209_UTM10N_EPSG32610_10m.manifest.json,20251209,10,32610,32610,1,163,100.0,163/163,0.0,179.0,ok
SAR_Ship_Chip_20251206_UTM17N_EPSG32617_10m.manifest.json,20251206,17,32617,32617,1,17,100.0,17/17,0.32,184.0,ok
SAR_Ship_Chip_20251206_UTM18N_EPSG32618_10m.manifest.json,20251206,18,32618,32618,1,129,100.0,129/129,0.0,157.0,ok
SAR_Ship_Chip_20251206_UTM19N_EPSG32619_10m.manifest.json,20251206,19,32619,32619,1,6,100.0,6/6,9.38,235.5,ok
SAR_Ship_Chip_20251207_UTM04N_EPSG32604_10m.manifest.json,20251207,4,32604,32604,1,3,100.0,3/3,12.1,182.0,ok
SAR_Ship_Chip_20251207_UTM10N_EPSG32610_10m.manifest.json,20251207,10,32610,32610,1,357,100.0,357/357,0.0,81.0,ok
SAR_Ship_Chip_20251207_UTM16N_EPSG32616_10m.manifest.json,20251207,16,32616,32616,1,7,100.0,7/7,0.04,100.0,ok
SAR_Ship_Chip_20251207_UTM17N_EPSG32617_10m.manifest.json,20251207,17,32617,32617,1,37,100.0,37/37,11.2,222.0,ok
SAR_Ship_Chip_20251208_UTM04N_EPSG32604_10m.manifest.json,20251208,4,32604,32604,1,34,100.0,34/34,0.0,66.0,ok
SAR_Ship_Chip_20251210_UTM20N_EPSG32620_10m.manifest.json,20251210,20,32620,32620,1,62,100.0,62/62,0.0,82.5,ok
SAR_Ship_Chip_20251211_UTM04N_EPSG32604_10m.manifest.json,20251211,4,32604,32604,1,38,100.0,38/38,0.0,71.0,ok
SAR_Ship_Chip_20251211_UTM11N_EPSG32611_10m.manifest.json,20251211,11,32611,32611,1,230,100.0,230/230,0.0,183.0,ok
SAR_Ship_Chip_20251211_UTM15N_EPSG32615_10m.manifest.json,20251211,15,32615,32615,1,89,100.0,89/89,0.0,89.0,ok
SAR_Ship_Chip_20251211_UTM17N_EPSG32617_10m.manifest.json,20251211,17,32617,32617,1,44,100.0,44/44,0.12,142.0,ok
SAR_Ship_Chip_20251211_UTM18N_EPSG32618_10m.manifest.json,20251211,18,32618,32618,1,1,100.0,1/1,13.6,366.0,ok
SAR_Ship_Chip_20251212_UTM05N_EPSG32605_10m.manifest.json,20251212,5,32605,32605,1,7,100.0,7/7,4.83,37.0,ok
SAR_Ship_Chip_20251212_UTM11N_EPSG32611_10m.manifest.json,20251212,11,32611,32611,1,30,100.0,30/30,0.0,77.0,ok
SAR_Ship_Chip_20251204_UTM17N_EPSG32617_10m.manifest.json,20251204,17,32617,32617,1,257,100.0,257/257,0.03,147.0,ok
SAR_Ship_Chip_20251204_UTM18N_EPSG32618_10m.manifest.json,20251204,18,32618,32618,1,1,100.0,1/1,19.9,277.0,ok
SAR_Ship_Chip_20251205_UTM04N_EPSG32604_10m.manifest.json,20251205,4,32604,32604,1,26,100.0,26/26,0.0,57.5,ok
SAR_Ship_Chip_20251205_UTM11N_EPSG32611_10m.manifest.json,20251205,11,32611,32611,1,209,100.0,209/209,0.0,183.0,ok
SAR_Ship_Chip_20251205_UTM17N_EPSG32617_10m.manifest.json,20251205,17,32617,32617,1,1,100.0,1/1,14.3,160.0,ok
SAR_Ship_Chip_20251206_UTM05N_EPSG32605_10m.manifest.json,20251206,5,32605,32605,1,2,100.0,2/2,9.14,160.5,ok
SAR_Ship_Chip_20251206_UTM11N_EPSG32611_10m.manifest.json,20251206,11,32611,32611,1,32,100.0,32/32,0.0,80.5,ok
SAR_Ship_Chip_20251206_UTM16N_EPSG32616_10m.manifest.json,20251206,16,32616,32616,1,345,100.0,345/345,0.0,93.0,ok
SAR_Ship_Chip_20251212_UTM16N_EPSG32616_10m.manifest.json,20251212,16,32616,32616,1,67,100.0,67/67,0.0,156.0,ok
SAR_Ship_Chip_20251212_UTM17N_EPSG32617_10m.manifest.json,20251212,17,32617,32617,1,5,100.0,5/5,15.24,295.0,ok
SAR_Ship_Chip_20251213_UTM04N_EPSG32604_10m.manifest.json,20251213,4,32604,32604,1,3,100.0,3/3,5.44,37.0,ok
SAR_Ship_Chip_20251213_UTM11N_EPSG32611_10m.manifest.json,20251213,11,32611,32611,1,3,100.0,3/3,21.6,324.0,ok
SAR_Ship_Chip_20251213_UTM15N_EPSG32615_10m.manifest.json,20251213,15,32615,32615,1,9,100.0,9/9,0.0,224.0,ok
SAR_Ship_Chip_20251213_UTM16N_EPSG32616_10m.manifest.json,20251213,16,32616,32616,1,4,100.0,4/4,0.0,39.0,ok
SAR_Ship_Chip_20251213_UTM18N_EPSG32618_10m.manifest.json,20251213,18,32618,32618,1,159,100.0,159/159,0.03,161.0,ok
SAR_Ship_Chip_20251213_UTM19N_EPSG32619_10m.manifest.json,20251213,19,32619,32619,1,35,100.0,35/35,11.4,182.0,ok
SAR_Ship_Chip_20251209_UTM14N_EPSG32614_10m.manifest.json,20251209,14,32614,32614,1,92,100.0,92/92,0.0,175.5,ok
SAR_Ship_Chip_20251209_UTM15N_EPSG32615_10m.manifest.json,20251209,15,32615,32615,1,124,100.0,124/124,0.01,160.5,ok
SAR_Ship_Chip_20251209_UTM16N_EPSG32616_10m.manifest.json,20251209,16,32616,32616,1,12,100.0,12/12,0.0,184.5,ok
SAR_Ship_Chip_20251209_UTM17N_EPSG32617_10m.manifest.json,20251209,17,32617,32617,1,325,100.0,325/325,0.0,55.0,ok
SAR_Ship_Chip_20251210_UTM04N_EPSG32604_10m.manifest.json,20251210,4,32604,32604,1,1,100.0,1/1,12.94,183.0,ok
SAR_Ship_Chip_20251210_UTM11N_EPSG32611_10m.manifest.json,20251210,11,32611,32611,1,105,100.0,105/105,0.0,190.0,ok
SAR_Ship_Chip_20251210_UTM17N_EPSG32617_10m.manifest.json,20251210,17,32617,32617,1,27,100.0,27/27,0.44,200.0,ok
SAR_Ship_Chip_20251210_UTM19N_EPSG32619_10m.manifest.json,20251210,19,32619,32619,1,64,100.0,64/64,0.08,68.0,ok
SAR_Ship_Chip_20251214_UTM10N_EPSG32610_10m.manifest.json,20251214,10,32610,32610,1,87,100.0,87/87,0.13,180.0,ok
SAR_Ship_Chip_20251214_UTM14N_EPSG32614_10m.manifest.json,20251214,14,32614,32614,1,70,100.0,70/70,0.0,157.5,ok
SAR_Ship_Chip_20251214_UTM16N_EPSG32616_10m.manifest.json,20251214,16,32616,32616,1,8,100.0,8/8,0.0,36.5,ok
SAR_Ship_Chip_20251214_UTM17N_EPSG32617_10m.manifest.json,20251214,17,32617,32617,1,69,100.0,69/69,0.1,174.0,ok
SAR_Ship_Chip_20251215_UTM04N_EPSG32604_10m.manifest.json,20251215,4,32604,32604,1,1,100.0,1/1,16.99,273.0,ok
SAR_Ship_Chip_20251215_UTM05N_EPSG32605_10m.manifest.json,20251215,5,32605,32605,1,6,100.0,6/6,3.41,113.5,ok
SAR_Ship_Chip_20251215_UTM10N_EPSG32610_10m.manifest.json,20251215,10,32610,32610,1,310,100.0,310/310,0.06,162.0,ok
SAR_Ship_Chip_20251215_UTM12N_EPSG32612_10m.manifest.json,20251215,12,32612,32612,1,2,100.0,2/2,15.59,227.5,ok
SAR_Ship_Chip_20251219_UTM12N_EPSG32612_10m.manifest.json,20251219,12,32612,32612,1,1,100.0,1/1,18.6,365.0,ok
SAR_Ship_Chip_20251219_UTM16N_EPSG32616_10m.manifest.json,20251219,16,32616,32616,1,8,100.0,8/8,0.01,65.0,ok
SAR_Ship_Chip_20251219_UTM17N_EPSG32617_10m.manifest.json,20251219,17,32617,32617,1,29,100.0,29/29,13.2,228.0,ok
SAR_Ship_Chip_20251220_UTM04N_EPSG32604_10m.manifest.json,20251220,4,32604,32604,1,28,100.0,28/28,0.0,68.0,ok
SAR_Ship_Chip_20251220_UTM09N_EPSG32609_10m.manifest.json,20251220,9,32609,32609,1,1,100.0,1/1,0.0,15.0,ok
SAR_Ship_Chip_20251220_UTM12N_EPSG32612_10m.manifest.json,20251220,12,32612,32612,1,5,100.0,5/5,15.8,190.0,ok
SAR_Ship_Chip_20251220_UTM18N_EPSG32618_10m.manifest.json,20251220,18,32618,32618,1,154,100.0,154/154,0.0,71.0,ok
SAR_Ship_Chip_20251220_UTM19N_EPSG32619_10m.manifest.json,20251220,19,32619,32619,1,3,100.0,3/3,11.9,191.0,ok
SAR_Ship_Chip_20251215_UTM16N_EPSG32616_10m.manifest.json,20251215,16,32616,32616,1,39,100.0,39/39,0.1,200.0,ok
SAR_Ship_Chip_20251215_UTM18N_EPSG32618_10m.manifest.json,20251215,18,32618,32618,1,23,100.0,23/23,0.1,40.0,ok
SAR_Ship_Chip_20251215_UTM19N_EPSG32619_10m.manifest.json,20251215,19,32619,32619,1,102,100.0,102/102,0.21,111.5,ok
SAR_Ship_Chip_20251215_UTM20N_EPSG32620_10m.manifest.json,20251215,20,32620,32620,1,8,100.0,8/8,4.99,110.0,ok
SAR_Ship_Chip_20251216_UTM04N_EPSG32604_10m.manifest.json,20251216,4,32604,32604,1,2,100.0,2/2,11.12,118.5,ok
SAR_Ship_Chip_20251216_UTM10N_EPSG32610_10m.manifest.json,20251216,10,32610,32610,1,8,100.0,8/8,9.33,178.0,ok
SAR_Ship_Chip_20251216_UTM11N_EPSG32611_10m.manifest.json,20251216,11,32611,32611,1,112,100.0,112/112,0.04,183.0,ok
SAR_Ship_Chip_20251216_UTM14N_EPSG32614_10m.manifest.json,20251216,14,32614,32614,1,5,100.0,5/5,0.0,156.0,ok
SAR_Ship_Chip_20251223_UTM15N_EPSG32615_10m.manifest.json,20251223,15,32615,32615,1,142,100.0,142/142,0.1,100.0,ok
SAR_Ship_Chip_20251223_UTM17N_EPSG32617_10m.manifest.json,20251223,17,32617,32617,1,44,100.0,44/44,0.42,151.0,ok
SAR_Ship_Chip_20251223_UTM18N_EPSG32618_10m.manifest.json,20251223,18,32618,32618,1,1,100.0,1/1,13.68,194.0,ok
SAR_Ship_Chip_20251224_UTM05N_EPSG32605_10m.manifest.json,20251224,5,32605,32605,1,8,100.0,8/8,4.82,40.5,ok
SAR_Ship_Chip_20251224_UTM11N_EPSG32611_10m.manifest.json,20251224,11,32611,32611,1,25,100.0,25/25,0.0,74.0,ok
SAR_Ship_Chip_20251224_UTM15N_EPSG32615_10m.manifest.json,20251224,15,32615,32615,1,4,100.0,4/4,3.4,198.5,ok
SAR_Ship_Chip_20251224_UTM16N_EPSG32616_10m.manifest.json,20251224,16,32616,32616,1,77,100.0,77/77,0.01,132.0,ok
SAR_Ship_Chip_20251224_UTM17N_EPSG32617_10m.manifest.json,20251224,17,32617,32617,1,3,100.0,3/3,11.3,274.0,ok
SAR_Ship_Chip_20251216_UTM15N_EPSG32615_10m.manifest.json,20251216,15,32615,32615,1,510,100.0,510/510,0.0,180.0,ok
SAR_Ship_Chip_20251216_UTM17N_EPSG32617_10m.manifest.json,20251216,17,32617,32617,1,191,100.0,191/191,0.0,122.0,ok
SAR_Ship_Chip_20251217_UTM04N_EPSG32604_10m.manifest.json,20251217,4,32604,32604,1,30,100.0,30/30,0.0,50.5,ok
SAR_Ship_Chip_20251217_UTM11N_EPSG32611_10m.manifest.json,20251217,11,32611,32611,1,225,100.0,225/225,0.0,183.0,ok
SAR_Ship_Chip_20251217_UTM17N_EPSG32617_10m.manifest.json,20251217,17,32617,32617,1,2,100.0,2/2,15.8,285.0,ok
SAR_Ship_Chip_20251217_UTM19N_EPSG32619_10m.manifest.json,20251217,19,32619,32619,1,2,100.0,2/2,0.14,33.5,ok
SAR_Ship_Chip_20251217_UTM20N_EPSG32620_10m.manifest.json,20251217,20,32620,32620,1,22,100.0,22/22,0.12,78.0,ok
SAR_Ship_Chip_20251218_UTM05N_EPSG32605_10m.manifest.json,20251218,5,32605,32605,1,6,100.0,6/6,8.09,37.0,ok
SAR_Ship_Chip_20251222_UTM04N_EPSG32604_10m.manifest.json,20251222,4,32604,32604,1,3,100.0,3/3,11.8,182.0,ok
SAR_Ship_Chip_20251222_UTM10N_EPSG32610_10m.manifest.json,20251222,10,32610,32610,1,318,100.0,318/318,0.0,82.0,ok
SAR_Ship_Chip_20251222_UTM11N_EPSG32611_10m.manifest.json,20251222,11,32611,32611,1,100,100.0,100/100,0.0,183.0,ok
SAR_Ship_Chip_20251222_UTM17N_EPSG32617_10m.manifest.json,20251222,17,32617,32617,1,26,100.0,26/26,7.7,185.0,ok
SAR_Ship_Chip_20251222_UTM19N_EPSG32619_10m.manifest.json,20251222,19,32619,32619,1,76,100.0,76/76,0.1,71.0,ok
SAR_Ship_Chip_20251222_UTM20N_EPSG32620_10m.manifest.json,20251222,20,32620,32620,1,67,100.0,67/67,0.03,82.0,ok
SAR_Ship_Chip_20251223_UTM04N_EPSG32604_10m.manifest.json,20251223,4,32604,32604,1,33,100.0,33/33,0.0,68.0,ok
SAR_Ship_Chip_20251223_UTM11N_EPSG32611_10m.manifest.json,20251223,11,32611,32611,1,232,100.0,232/232,0.0,183.0,ok
SAR_Ship_Chip_20251218_UTM11N_EPSG32611_10m.manifest.json,20251218,11,32611,32611,1,34,100.0,34/34,0.21,84.0,ok
SAR_Ship_Chip_20251218_UTM16N_EPSG32616_10m.manifest.json,20251218,16,32616,32616,1,343,100.0,343/343,0.0,93.0,ok
SAR_Ship_Chip_20251218_UTM17N_EPSG32617_10m.manifest.json,20251218,17,32617,32617,1,20,100.0,20/20,0.5,185.0,ok
SAR_Ship_Chip_20251218_UTM18N_EPSG32618_10m.manifest.json,20251218,18,32618,32618,1,144,100.0,144/144,0.0,128.0,ok
SAR_Ship_Chip_20251218_UTM19N_EPSG32619_10m.manifest.json,20251218,19,32619,32619,1,28,100.0,28/28,6.21,185.0,ok
SAR_Ship_Chip_20251218_UTM20N_EPSG32620_10m.manifest.json,20251218,20,32620,32620,1,3,100.0,3/3,8.9,225.0,ok
SAR_Ship_Chip_20251219_UTM04N_EPSG32604_10m.manifest.json,20251219,4,32604,32604,1,2,100.0,2/2,0.0,156.5,ok
SAR_Ship_Chip_20251219_UTM10N_EPSG32610_10m.manifest.json,20251219,10,32610,32610,1,384,100.0,384/384,0.0,100.0,ok
SAR_Ship_Chip_20251220_UTM20N_EPSG32620_10m.manifest.json,20251220,20,32620,32620,1,68,100.0,68/68,0.0,69.5,ok
SAR_Ship_Chip_20251221_UTM04N_EPSG32604_10m.manifest.json,20251221,4,32604,32604,1,1,100.0,1/1,6.78,40.0,ok
SAR_Ship_Chip_20251221_UTM05N_EPSG32605_10m.manifest.json,20251221,5,32605,32605,1,2,100.0,2/2,0.0,167.0,ok
SAR_Ship_Chip_20251221_UTM10N_EPSG32610_10m.manifest.json,20251221,10,32610,32610,1,140,100.0,140/140,0.0,183.0,ok
SAR_Ship_Chip_20251221_UTM14N_EPSG32614_10m.manifest.json,20251221,14,32614,32614,1,110,100.0,110/110,0.0,177.5,ok
SAR_Ship_Chip_20251221_UTM15N_EPSG32615_10m.manifest.json,20251221,15,32615,32615,1,131,100.0,131/131,0.0,164.0,ok
SAR_Ship_Chip_20251221_UTM16N_EPSG32616_10m.manifest.json,20251221,16,32616,32616,1,14,100.0,14/14,0.0,145.0,ok
SAR_Ship_Chip_20251221_UTM17N_EPSG32617_10m.manifest.json,20251221,17,32617,32617,1,274,100.0,274/274,0.0,60.0,ok
SAR_Ship_Chip_20251224_UTM19N_EPSG32619_10m.manifest.json,20251224,19,32619,32619,1,2,100.0,2/2,4.71,108.5,ok
SAR_Ship_Chip_20251225_UTM15N_EPSG32615_10m.manifest.json,20251225,15,32615,32615,1,5,100.0,5/5,0.0,198.0,ok
SAR_Ship_Chip_20251225_UTM16N_EPSG32616_10m.manifest.json,20251225,16,32616,32616,1,5,100.0,5/5,8.8,215.0,ok
SAR_Ship_Chip_20251225_UTM18N_EPSG32618_10m.manifest.json,20251225,18,32618,32618,1,167,100.0,167/167,0.0,161.0,ok
SAR_Ship_Chip_20251225_UTM19N_EPSG32619_10m.manifest.json,20251225,19,32619,32619,1,20,100.0,20/20,0.05,116.0,ok
SAR_Ship_Chip_20251226_UTM04N_EPSG32604_10m.manifest.json,20251226,4,32604,32604,1,30,100.0,30/30,0.0,57.5,ok
SAR_Ship_Chip_20251226_UTM10N_EPSG32610_10m.manifest.json,20251226,10,32610,32610,1,76,100.0,76/76,0.27,183.0,ok
SAR_Ship_Chip_20251226_UTM14N_EPSG32614_10m.manifest.json,20251226,14,32614,32614,1,66,100.0,66/66,0.0,129.0,ok
SAR_Ship_Chip_20251230_UTM19N_EPSG32619_10m.manifest.json,20251230,19,32619,32619,1,4,100.0,4/4,12.48,190.0,ok
SAR_Ship_Chip_20251231_UTM04N_EPSG32604_10m.manifest.json,20251231,4,32604,32604,1,2,100.0,2/2,12.88,124.0,ok
SAR_Ship_Chip_20251231_UTM10N_EPSG32610_10m.manifest.json,20251231,10,32610,32610,1,392,100.0,392/392,0.0,96.5,ok
SAR_Ship_Chip_20251231_UTM16N_EPSG32616_10m.manifest.json,20251231,16,32616,32616,1,6,100.0,6/6,3.6,100.0,ok
SAR_Ship_Chip_20251231_UTM17N_EPSG32617_10m.manifest.json,20251231,17,32617,32617,1,27,100.0,27/27,12.4,183.0,ok
SAR_Ship_Chip_20251226_UTM17N_EPSG32617_10m.manifest.json,20251226,17,32617,32617,1,15,100.0,15/15,13.7,228.0,ok
SAR_Ship_Chip_20251226_UTM18N_EPSG32618_10m.manifest.json,20251226,18,32618,32618,1,30,100.0,30/30,0.0,40.5,ok
SAR_Ship_Chip_20251227_UTM05N_EPSG32605_10m.manifest.json,20251227,5,32605,32605,1,7,100.0,7/7,7.74,38.0,ok
SAR_Ship_Chip_20251227_UTM10N_EPSG32610_10m.manifest.json,20251227,10,32610,32610,1,278,100.0,278/278,0.0,176.0,ok
SAR_Ship_Chip_20251227_UTM16N_EPSG32616_10m.manifest.json,20251227,16,32616,32616,1,27,100.0,27/27,8.5,198.0,ok
SAR_Ship_Chip_20251227_UTM18N_EPSG32618_10m.manifest.json,20251227,18,32618,32618,1,22,100.0,22/22,0.0,140.0,ok
SAR_Ship_Chip_20251227_UTM19N_EPSG32619_10m.manifest.json,20251227,19,32619,32619,1,114,100.0,114/114,0.0,76.0,ok
SAR_Ship_Chip_20251227_UTM20N_EPSG32620_10m.manifest.json,20251227,20,32620,32620,1,12,100.0,12/12,5.8,124.5,ok
SAR_Ship_Chip_20251229_UTM17N_EPSG32617_10m.manifest.json,20251229,17,32617,32617,1,7,100.0,7/7,14.2,250.0,ok
SAR_Ship_Chip_20251229_UTM19N_EPSG32619_10m.manifest.json,20251229,19,32619,32619,1,5,100.0,5/5,0.16,39.0,ok
SAR_Ship_Chip_20251229_UTM20N_EPSG32620_10m.manifest.json,20251229,20,32620,32620,1,1,100.0,1/1,12.88,180.0,ok
SAR_Ship_Chip_20251230_UTM05N_EPSG32605_10m.manifest.json,20251230,5,32605,32605,1,10,100.0,10/10,7.92,37.0,ok
SAR_Ship_Chip_20251230_UTM11N_EPSG32611_10m.manifest.json,20251230,11,32611,32611,1,18,100.0,18/18,0.0,65.5,ok
SAR_Ship_Chip_20251230_UTM16N_EPSG32616_10m.manifest.json,20251230,16,32616,32616,1,350,100.0,350/350,0.0,95.0,ok
SAR_Ship_Chip_20251230_UTM17N_EPSG32617_10m.manifest.json,20251230,17,32617,32617,1,21,100.0,21/21,0.9,189.0,ok
SAR_Ship_Chip_20251230_UTM18N_EPSG32618_10m.manifest.json,20251230,18,32618,32618,1,134,100.0,134/134,0.0,127.0,ok
SAR_Ship_Chip_20251228_UTM04N_EPSG32604_10m.manifest.json,20251228,4,32604,32604,1,2,100.0,2/2,13.75,177.0,ok
SAR_Ship_Chip_20251228_UTM10N_EPSG32610_10m.manifest.json,20251228,10,32610,32610,1,10,100.0,10/10,8.94,183.0,ok
SAR_Ship_Chip_20251228_UTM11N_EPSG32611_10m.manifest.json,20251228,11,32611,32611,1,106,100.0,106/106,0.0,186.0,ok
SAR_Ship_Chip_20251228_UTM14N_EPSG32614_10m.manifest.json,20251228,14,32614,32614,1,11,100.0,11/11,0.01,199.0,ok
SAR_Ship_Chip_20251228_UTM15N_EPSG32615_10m.manifest.json,20251228,15,32615,32615,1,529,100.0,529/529,0.0,182.0,ok
SAR_Ship_Chip_20251228_UTM17N_EPSG32617_10m.manifest.json,20251228,17,32617,32617,1,184,100.0,184/184,0.1,178.5,ok
SAR_Ship_Chip_20251229_UTM04N_EPSG32604_10m.manifest.json,20251229,4,32604,32604,1,28,100.0,28/28,0.0,57.5,ok
SAR_Ship_Chip_20251229_UTM11N_EPSG32611_10m.manifest.json,20251229,11,32611,32611,1,198,100.0,198/198,0.0,184.0,ok
