cell_x,cell_y,cell_lon,cell_lat,points,direction_deg,anisotropy
435500.0,2783500.0,56.35996,25.16616,2378,51.44,2.97
436500.0,2783500.0,56.36988,25.1662,1876,13.92,4.8
437500.0,2784500.0,56.37976,25.17528,1724,29.67,3.54
437500.0,2783500.0,56.37981,25.16625,1425,171.07,5.89
436500.0,2784500.0,56.36984,25.17523,1224,11.1,1.43
438500.0,2783500.0,56.38973,25.16629,1112,173.19,5.97
439500.0,2784500.0,56.39961,25.17536,905,11.02,66.01
440500.0,2784500.0,56.40953,25.1754,896,13.42,29.53
438500.0,2784500.0,56.38968,25.17532,830,13.09,2.41
438500.0,2782500.0,56.38977,25.15726,632,136.27,11.79
435500.0,2784500.0,56.35991,25.17519,627,51.82,8.17
437500.0,2785500.0,56.37971,25.18431,627,68.29,4.77
439500.0,2783500.0,56.39965,25.16633,601,8.32,7.41
441500.0,2784500.0,56.41945,25.17544,537,17.22,30.77
438500.0,2786500.0,56.38959,25.19338,486,68.03,21.26
435500.0,2804500.0,56.35896,25.3558,432,104.21,5.85
439500.0,2781500.0,56.39974,25.14827,425,138.49,9.3
438500.0,2785500.0,56.38964,25.18435,391,64.46,19.73
438500.0,2787500.0,56.38955,25.20241,390,82.18,5.74
441500.0,2785500.0,56.41941,25.18447,367,25.61,47.5
436500.0,2805500.0,56.36886,25.36487,357,29.61,7.47
442500.0,2785500.0,56.42933,25.18451,301,26.0,35.61
445500.0,2788500.0,56.45899,25.21171,287,39.0,11.62
442500.0,2784500.0,56.42938,25.17548,283,15.43,10.84
443500.0,2785500.0,56.43926,25.18454,282,28.25,21.51
439500.0,2789500.0,56.39938,25.22051,280,65.53,18.44
440500.0,2790500.0,56.40927,25.22958,271,64.61,9.77
449500.0,2783500.0,56.49888,25.1667,267,0.38,5.28
436500.0,2803500.0,56.36895,25.34681,263,105.15,2.11
439500.0,2788500.0,56.39943,25.21148,263,63.4,22.47
450500.0,2788500.0,56.50862,25.21188,256,48.27,2.72
448500.0,2783500.0,56.48896,25.16666,255,174.21,1.75
440500.0,2805500.0,56.40861,25.36503,255,172.69,31.89
440500.0,2782500.0,56.40962,25.15734,251,89.47,1.76
440500.0,2783500.0,56.40957,25.16637,248,3.51,8.58
445500.0,2784500.0,56.45915,25.17559,243,32.31,2.63
434500.0,2778500.0,56.35028,25.12097,243,165.78,24.91
439500.0,2805500.0,56.39867,25.36499,242,174.01,27.5
440500.0,2780500.0,56.4097,25.13928,242,41.19,94.39
451500.0,2786500.0,56.51862,25.19385,241,54.33,2.84
443500.0,2784500.0,56.4393,25.17551,237,4.35,21.25
446500.0,2788500.0,56.46891,25.21175,235,42.41,17.7
452500.0,2783500.0,56.52865,25.16679,228,21.9,1.43
440500.0,2788500.0,56.40936,25.21152,225,56.52,15.04
448500.0,2779500.0,56.48911,25.13054,220,66.18,428.99
445500.0,2785500.0,56.45911,25.18462,217,26.15,4.77
440500.0,2781500.0,56.40966,25.14831,216,137.36,2.24
444500.0,2785500.0,56.44918,25.18458,215,19.61,6.38
439500.0,2787500.0,56.39947,25.20245,209,61.68,69.0
444500.0,2784500.0,56.44922,25.17555,201,9.0,13.19
450500.0,2786500.0,56.50869,25.19382,201,176.16,1.92
443500.0,2786500.0,56.43922,25.19357,200,32.39,20.36
449500.0,2779500.0,56.49903,25.13057,200,81.37,352.5
445500.0,2782500.0,56.45923,25.15753,193,41.3,3.64
444500.0,2787500.0,56.4491,25.20264,192,39.96,19.13
450500.0,2784500.0,56.50877,25.17576,192,139.8,1.21
438500.0,2788500.0,56.3895,25.21144,188,69.25,7.78
445500.0,2787500.0,56.45903,25.20268,186,44.45,10.48
439500.0,2782500.0,56.39969,25.1573,183,147.35,4.91
441500.0,2783500.0,56.4195,25.16641,178,1.03,60.62
438500.0,2805500.0,56.38873,25.36495,177,176.3,32.97
447500.0,2789500.0,56.4788,25.22081,175,55.03,8.97
441500.0,2805500.0,56.41855,25.36507,173,178.03,56.64
440500.0,2789500.0,56.40931,25.22055,172,59.61,4.03
444500.0,2782500.0,56.4493,25.15749,172,165.84,4.38
446500.0,2784500.0,56.46907,25.17562,172,19.56,9.86
452500.0,2782500.0,56.52868,25.15776,170,102.04,2.9
463500.0,2784500.0,56.63777,25.17613,168,166.0,99.76
457500.0,2789500.0,56.57808,25.22113,165,101.81,36.51
444500.0,2807500.0,56.44829,25.38325,164,29.01,2.41
442500.0,2804500.0,56.42853,25.35608,162,173.73,60.82
443500.0,2779500.0,56.43951,25.13036,157,36.41,99.97
443500.0,2782500.0,56.43938,25.15745,156,170.67,43.69
451500.0,2779500.0,56.51887,25.13064,156,178.46,12.73
444500.0,2806500.0,56.44833,25.37422,156,177.51,3.03
447500.0,2788500.0,56.47884,25.21178,155,53.36,6.18
442500.0,2782500.0,56.42946,25.15742,152,167.92,39.43
442500.0,2805500.0,56.42849,25.36511,152,178.02,64.81
435500.0,2805500.0,56.35892,25.36483,151,45.58,2.69
448500.0,2782500.0,56.48899,25.15763,149,52.3,22.77
450500.0,2783500.0,56.5088,25.16673,148,4.67,2.8
445500.0,2783500.0,56.45919,25.16656,148,177.06,1.93
437500.0,2806500.0,56.37875,25.37394,146,22.4,3.12
437500.0,2782500.0,56.37985,25.15722,145,141.94,19.48
442500.0,2783500.0,56.42942,25.16645,145,2.24,157.69
453500.0,2793500.0,56.53823,25.25713,144,147.97,14.46
450500.0,2789500.0,56.50858,25.22091,144,35.59,1.6
438500.0,2806500.0,56.38869,25.37398,143,12.7,8.76
452500.0,2779500.0,56.52879,25.13067,143,77.78,143.61
444500.0,2786500.0,56.44914,25.19361,143,45.3,7.18
450500.0,2782500.0,56.50884,25.1577,142,14.83,1.42
451500.0,2797500.0,56.51823,25.29319,142,2.44,2.94
439500.0,2791500.0,56.3993,25.23857,141,137.18,106.7
447500.0,2783500.0,56.47903,25.16663,137,174.19,5.29
448500.0,2787500.0,56.4888,25.20279,137,44.75,3.19
451500.0,2788500.0,56.51855,25.21192,137,13.75,10.67
441500.0,2782500.0,56.41954,25.15738,135,169.58,45.69
455500.0,2788500.0,56.55825,25.21204,131,20.91,29.74
440500.0,2791500.0,56.40922,25.23861,131,71.35,3.36
446500.0,2786500.0,56.46899,25.19368,131,13.11,7.2
463500.0,2789500.0,56.63764,25.22129,131,134.41,28.59
453500.0,2805500.0,56.53782,25.3655,130,160.7,2.55
442500.0,2790500.0,56.42912,25.22966,130,7.32,6.36
451500.0,2789500.0,56.51851,25.22095,128,31.56,2.62
456500.0,2786500.0,56.56824,25.19401,128,175.52,1.37
450500.0,2795500.0,56.50837,25.2751,126,122.47,1.97
450500.0,2791500.0,56.50851,25.23897,125,77.67,6.14
437500.0,2805500.0,56.37879,25.36491,125,4.27,17.32
450500.0,2779500.0,56.50895,25.13061,125,83.51,1302.35
443500.0,2778500.0,56.43955,25.12133,123,117.04,6.12
451500.0,2781500.0,56.5188,25.1487,122,102.01,1.82
448500.0,2786500.0,56.48884,25.19375,121,5.82,2.28
455500.0,2795500.0,56.55802,25.27525,120,8.92,2.75
447500.0,2804500.0,56.47822,25.35627,118,177.71,5.19
436500.0,2804500.0,56.3689,25.35584,117,109.26,6.12
442500.0,2806500.0,56.42845,25.37414,116,5.23,44.86
443500.0,2805500.0,56.43843,25.36515,115,176.31,47.37
475500.0,2784500.0,56.75686,25.17638,115,27.13,14.25
442500.0,2779500.0,56.42959,25.13032,115,77.33,60.16
459500.0,2788500.0,56.59796,25.21215,114,178.67,22.96
443500.0,2790500.0,56.43905,25.2297,114,20.76,7.28
443500.0,2806500.0,56.43839,25.37418,112,3.84,106.93
447500.0,2794500.0,56.47861,25.26596,111,121.25,16.04
448500.0,2788500.0,56.48877,25.21182,111,42.94,4.56
435500.0,2785500.0,56.35987,25.18422,110,132.68,2.86
439500.0,2786500.0,56.39952,25.19342,110,52.39,25.71
448500.0,2780500.0,56.48907,25.13957,110,76.72,3.66
445500.0,2799500.0,56.45855,25.31104,109,167.19,1.39
448500.0,2804500.0,56.48816,25.3563,108,172.38,26.46
441500.0,2779500.0,56.41967,25.13029,108,76.41,132.06
447500.0,2779500.0,56.47919,25.13051,107,168.73,15.73
461500.0,2710500.0,56.61997,24.50778,107,143.64,2.39
450500.0,2790500.0,56.50855,25.22994,106,88.5,2.65
570500.0,2721500.0,57.69643,24.606,106,153.11,435.02
443500.0,2783500.0,56.43934,25.16648,104,3.93,40.51
451500.0,2782500.0,56.51876,25.15773,104,18.87,2.35
440500.0,2792500.0,56.40918,25.24764,104,125.93,1.37
453500.0,2782500.0,56.5386,25.1578,104,134.44,2.1
449500.0,2790500.0,56.49862,25.22991,103,77.82,1.95
438500.0,2781500.0,56.38982,25.14823,103,140.36,6.08
449500.0,2807500.0,56.49799,25.38343,102,2.37,17.09
449500.0,2787500.0,56.49873,25.20282,102,43.2,5.71
465500.0,2829500.0,56.65647,25.58255,102,154.36,269.68
462500.0,2724500.0,56.62947,24.63425,102,174.5,7402.47
445500.0,2786500.0,56.45907,25.19365,101,49.79,8.28
452500.0,2790500.0,56.5284,25.23001,101,31.0,5.62
456500.0,2788500.0,56.56818,25.21207,101,17.67,2.55
572500.0,2720500.0,57.71613,24.59687,101,151.19,289.9
457500.0,2792500.0,56.57798,25.24822,101,37.08,2.66
454500.0,2803500.0,56.54782,25.34747,100,158.7,9.31
460500.0,2783500.0,56.60803,25.16703,100,27.42,1.35
455500.0,2802500.0,56.5578,25.33847,100,129.84,2.44
563500.0,2767500.0,57.62938,25.02172,100,146.55,8805.18
449500.0,2786500.0,56.49877,25.19379,99,31.0,2.61
456500.0,2805500.0,56.56764,25.36559,96,162.35,5.44
460500.0,2786500.0,56.60794,25.19412,96,138.82,34.07
612500.0,2724500.0,58.11151,24.6306,96,62.95,219.71
436500.0,2785500.0,56.36979,25.18426,95,52.3,1.35
448500.0,2784500.0,56.48892,25.17569,95,179.03,4.86
448500.0,2790500.0,56.48869,25.22988,95,50.3,4.03
446500.0,2808500.0,56.46813,25.39235,95,19.53,1.23
499500.0,2753500.0,56.99505,24.89661,94,86.54,10.84
452500.0,2797500.0,56.52816,25.29322,93,176.42,3.68
443500.0,2804500.0,56.43847,25.35612,93,173.72,44.67
451500.0,2783500.0,56.51872,25.16676,93,130.19,2.56
464500.0,2784500.0,56.6477,25.17616,93,166.46,72.54
450500.0,2781500.0,56.50887,25.14867,93,125.86,3.45
444500.0,2783500.0,56.44926,25.16652,93,0.55,10.71
445500.0,2780500.0,56.45931,25.13947,92,19.67,2.23
453500.0,2785500.0,56.5385,25.18489,92,31.23,6.3
454500.0,2788500.0,56.54833,25.21201,91,1.46,47.15
441500.0,2804500.0,56.41859,25.35604,91,166.3,35.85
454500.0,2781500.0,56.54856,25.1488,90,8.94,1.95
460500.0,2711500.0,56.61007,24.51679,90,125.78,5.97
445500.0,2808500.0,56.45819,25.39232,90,40.45,12.11
447500.0,2786500.0,56.47892,25.19372,89,16.48,171.22
445500.0,2781500.0,56.45927,25.1485,88,41.16,125.01
449500.0,2804500.0,56.4981,25.35634,88,178.69,10.4
471500.0,2788500.0,56.71708,25.21243,88,146.73,1154.41
445500.0,2806500.0,56.45827,25.37426,88,6.07,44.46
453500.0,2749500.0,56.53972,24.85978,88,160.46,8536.5
485500.0,2825500.0,56.85566,25.54676,88,110.22,22.21
445500.0,2805500.0,56.45831,25.36523,87,173.42,8.46
451500.0,2790500.0,56.51848,25.22998,87,43.17,1.57
453500.0,2784500.0,56.53854,25.17586,87,114.16,4.74
450500.0,2793500.0,56.50844,25.25704,87,70.46,5.23
451500.0,2784500.0,56.51869,25.17579,86,158.05,1.54
441500.0,2780500.0,56.41962,25.13932,86,44.06,391.1
472500.0,2815500.0,56.72646,25.45627,86,132.34,3.62
505500.0,2793500.0,57.05462,25.25784,86,111.81,2826.55
618500.0,2738500.0,58.17196,24.75656,86,151.34,801.93
446500.0,2787500.0,56.46895,25.20272,85,38.1,8.74
461500.0,2809500.0,56.61722,25.40185,85,167.81,45.61
458500.0,2763500.0,56.58879,24.98636,85,75.6,89.89
449500.0,2788500.0,56.49869,25.21185,84,18.44,10.77
444500.0,2805500.0,56.44837,25.36519,84,179.11,9.32
450500.0,2806500.0,56.50796,25.37443,84,170.88,3.47
508500.0,2779500.0,57.08432,25.1314,84,57.57,34784.94
480500.0,2722500.0,56.80735,24.61652,84,151.14,978.71
555500.0,2739500.0,57.54897,24.76917,84,52.72,9918.61
452500.0,2747500.0,56.52989,24.84169,84,160.51,10550.25
459500.0,2783500.0,56.59811,25.167,84,75.5,206.41
471500.0,2859500.0,56.71557,25.85358,84,91.62,7339.81
451500.0,2785500.0,56.51865,25.18482,82,10.32,3.4
449500.0,2784500.0,56.49884,25.17573,82,169.17,5.68
455500.0,2792500.0,56.55812,25.24816,82,12.22,13.78
529500.0,2744500.0,57.2919,24.81505,82,146.91,368.82
470500.0,2788500.0,56.70715,25.21241,82,89.0,2342.78
446500.0,2805500.0,56.46825,25.36526,81,1.19,6.19
448500.0,2809500.0,56.48797,25.40145,81,47.08,27.08
480500.0,2787500.0,56.80644,25.20354,81,81.04,15.92
450500.0,2804500.0,56.50804,25.35637,80,177.78,7.47
440500.0,2806500.0,56.40857,25.37406,80,4.66,63.06
476500.0,2779500.0,56.76687,25.13124,80,108.92,4514.7
473500.0,2743500.0,56.7378,24.80607,80,45.84,13.68
533500.0,2744500.0,57.33148,24.81496,80,60.49,486.15
464500.0,2717500.0,56.64941,24.57107,80,66.97,26.15
563500.0,2768500.0,57.62942,25.03075,80,47.11,72.02
498500.0,2732500.0,56.98517,24.70695,80,88.19,7298.14
503500.0,2752500.0,57.03465,24.88758,80,145.23,5064.17
453500.0,2791500.0,56.5383,25.23907,79,43.76,2.53
446500.0,2785500.0,56.46903,25.18465,79,9.26,6.41
449500.0,2782500.0,56.49892,25.15767,79,5.5,5.01
446500.0,2804500.0,56.46828,25.35623,79,4.08,5.21
405500.0,2869500.0,56.05623,25.94109,78,74.39,115.12
448500.0,2781500.0,56.48903,25.1486,78,1.48,3.44
454500.0,2779500.0,56.54863,25.13073,78,12.25,331.49
453500.0,2792500.0,56.53826,25.2481,78,175.77,1.26
454500.0,2801500.0,56.54789,25.32941,78,76.65,382.63
502500.0,2726500.0,57.02471,24.65276,78,42.84,14261.93
464500.0,2725500.0,56.64921,24.64333,78,51.29,5873.35
449500.0,2785500.0,56.4988,25.18476,77,6.43,1.59
451500.0,2806500.0,56.5179,25.37446,77,162.98,2.95
453500.0,2786500.0,56.53847,25.19392,77,124.65,32.18
447500.0,2796500.0,56.47853,25.28402,77,98.9,37.67
441500.0,2806500.0,56.41851,25.3741,76,7.86,7.33
446500.0,2780500.0,56.46923,25.1395,76,15.62,17.78
462500.0,2714500.0,56.62974,24.54393,76,89.14,81.53
488500.0,2833500.0,56.88546,25.61903,76,118.83,501.06
461500.0,2783500.0,56.61795,25.16705,76,129.11,1061.69
499500.0,2754500.0,56.99505,24.90564,76,112.67,524.52
475500.0,2785500.0,56.75684,25.18541,75,118.89,745.56
458500.0,2788500.0,56.58803,25.21213,75,179.84,6.6
488500.0,2860500.0,56.88522,25.86285,75,115.34,5.98
473500.0,2854500.0,56.73563,25.80847,75,92.41,37.4
458500.0,2789500.0,56.588,25.22116,74,115.74,104.1
451500.0,2793500.0,56.51837,25.25707,74,48.33,2.05
448500.0,2808500.0,56.48801,25.39242,74,70.29,1.91
496500.0,2803500.0,56.96522,25.34816,74,0.81,44.63
450500.0,2780500.0,56.50891,25.13964,73,104.99,7.09
438500.0,2790500.0,56.38941,25.2295,73,74.59,5.54
445500.0,2779500.0,56.45935,25.13044,73,34.06,25.29
489500.0,2832500.0,56.89542,25.61001,73,123.5,983.17
457500.0,2788500.0,56.57811,25.2121,73,10.26,12.67
455500.0,2783500.0,56.55842,25.16689,73,0.82,15.67
453500.0,2788500.0,56.5384,25.21198,72,177.53,7.29
471500.0,2816500.0,56.71649,25.46528,72,100.34,4.18
450500.0,2785500.0,56.50873,25.18479,72,96.01,109.63
458500.0,2799500.0,56.5877,25.31146,72,82.7,4.08
451500.0,2745500.0,56.52006,24.82359,72,164.34,2436.1
492500.0,2826500.0,56.92534,25.55584,72,122.64,542.08
491500.0,2764500.0,56.91577,24.99593,72,31.96,14277.37
452500.0,2788500.0,56.52847,25.21195,71,5.17,7.04
486500.0,2831500.0,56.86556,25.60095,71,107.0,8.28
455500.0,2793500.0,56.55809,25.25719,71,24.34,213.14
440500.0,2785500.0,56.40949,25.18443,70,26.65,115.59
453500.0,2790500.0,56.53833,25.23004,70,39.74,3.71
450500.0,2794500.0,56.5084,25.26607,70,87.24,2.74
489500.0,2796500.0,56.8957,25.28491,70,176.41,1.7
454500.0,2791500.0,56.54823,25.2391,70,41.46,8.24
464500.0,2788500.0,56.64759,25.21228,70,179.13,3.84
464500.0,2718500.0,56.64938,24.58011,70,69.08,32.11
518500.0,2718500.0,57.18272,24.5804,70,120.39,3.92
482500.0,2775500.0,56.82644,25.0952,70,60.4,1.77
471500.0,2858500.0,56.7156,25.84455,70,92.58,630.76
462500.0,2723500.0,56.6295,24.62522,70,176.69,12499.54
454500.0,2790500.0,56.54826,25.23007,69,4.42,2.51
481500.0,2836500.0,56.81569,25.64605,69,110.55,15.52
480500.0,2864500.0,56.80532,25.89888,69,103.09,181.92
495500.0,2808500.0,56.95526,25.39331,69,106.27,101.11
493500.0,2819500.0,56.93533,25.49264,69,37.18,292.48
448500.0,2789500.0,56.48873,25.22085,68,41.76,6.71
443500.0,2781500.0,56.43942,25.14842,68,163.74,849.78
502500.0,2755500.0,57.02476,24.91467,68,56.53,4653.95
557500.0,2725500.0,57.56818,24.64266,68,56.91,3971.75
504500.0,2720500.0,57.04445,24.59857,68,29.53,6736.36
560500.0,2762500.0,57.59943,24.97669,68,152.27,4196.95
452500.0,2748500.0,56.52985,24.85072,68,163.43,3239.8
454500.0,2793500.0,56.54816,25.25716,68,99.66,31.52
495500.0,2809500.0,56.95526,25.40234,68,83.61,1273.06
485500.0,2837500.0,56.85553,25.65513,68,179.94,0.01
515500.0,2751500.0,57.15345,24.87847,68,55.08,93029.31
583500.0,2730500.0,57.82537,24.68662,68,45.42,2729.05
446500.0,2783500.0,56.46911,25.16659,67,9.66,6.73
452500.0,2787500.0,56.52851,25.20292,67,14.56,2.46
460500.0,2785500.0,56.60797,25.18509,67,70.68,5.56
475500.0,2786500.0,56.75683,25.19444,67,48.77,1728.12
488500.0,2821500.0,56.88556,25.51067,67,100.35,59.81
501500.0,2727500.0,57.01482,24.6618,67,136.59,1009.11
481500.0,2867500.0,56.81526,25.92598,67,99.73,126.16
480500.0,2841500.0,56.80566,25.69119,67,1.89,3953.66
500500.0,2728500.0,57.00494,24.67083,67,155.5,6.38
441500.0,2790500.0,56.4192,25.22962,67,23.42,7.79
445500.0,2778500.0,56.45939,25.1214,67,115.33,136.31
559500.0,2746500.0,57.58883,24.83224,67,61.98,2210.32
456500.0,2810500.0,56.56748,25.41074,67,18.98,478.92
449500.0,2791500.0,56.49858,25.23894,66,38.45,2.4
466500.0,2806500.0,56.667,25.37488,66,112.86,4.84
491500.0,2742500.0,56.9159,24.79725,66,41.27,2249.17
439500.0,2792500.0,56.39925,25.2476,66,49.8,476.52
486500.0,2832500.0,56.86555,25.60998,66,22.16,694.52
468500.0,2851500.0,56.68582,25.78128,66,87.1,249.02
446500.0,2778500.0,56.46931,25.12144,66,86.39,781.32
583500.0,2742500.0,57.82609,24.79499,66,138.0,109.8
458500.0,2867500.0,56.58559,25.92551,66,63.77,61.27
502500.0,2752500.0,57.02475,24.88758,66,141.91,345.07
506500.0,2792500.0,57.06454,25.24881,66,47.98,105394.22
448500.0,2807500.0,56.48805,25.38339,65,46.66,1.59
471500.0,2802500.0,56.71679,25.33886,65,111.98,212.43
480500.0,2863500.0,56.80533,25.88985,65,102.74,718.85
456500.0,2804500.0,56.56767,25.35656,65,121.06,1.86
442500.0,2778500.0,56.42963,25.12129,65,177.46,61.21
463500.0,2793500.0,56.63753,25.25741,65,51.67,85.84
451500.0,2780500.0,56.51883,25.13967,64,10.01,1.29
466500.0,2785500.0,56.66752,25.18523,64,144.72,17.09
456500.0,2787500.0,56.56821,25.20304,64,77.38,1.65
451500.0,2787500.0,56.51858,25.20289,64,27.3,15.9
473500.0,2853500.0,56.73565,25.79944,64,90.25,647.89
474500.0,2793500.0,56.74677,25.25764,64,40.39,59.28
473500.0,2829500.0,56.73613,25.58272,64,80.6,11.45
482500.0,2834500.0,56.82568,25.628,64,127.03,2.44
562500.0,2769500.0,57.61956,25.03982,64,9.45,36.71
586500.0,2834500.0,57.8616,25.62557,64,59.03,8.8
569500.0,2721500.0,57.68655,24.60604,64,154.86,6681.17
496500.0,2738500.0,56.96538,24.76114,64,118.73,2055.33
524500.0,2717500.0,57.24196,24.57129,64,37.32,11564.36
589500.0,2727500.0,57.88448,24.6592,64,129.24,1131.55
593500.0,2759500.0,57.92615,24.94792,64,69.27,156941.66
550500.0,2731500.0,57.49923,24.69709,64,80.6,3.63
581500.0,2723500.0,57.8052,24.62352,64,64.0,69955.26
451500.0,2803500.0,56.51801,25.34737,63,161.86,6.39
447500.0,2795500.0,56.47857,25.27499,63,88.24,26.69
455500.0,2787500.0,56.55829,25.20301,63,16.54,1.55
471500.0,2815500.0,56.71651,25.45625,63,27.05,29.36
452500.0,2806500.0,56.52784,25.3745,63,163.25,5.53
460500.0,2809500.0,56.60728,25.40182,63,4.15,21.21
455500.0,2801500.0,56.55783,25.32944,63,11.52,2.3
449500.0,2803500.0,56.49814,25.34731,62,161.86,4.55
465500.0,2785500.0,56.6576,25.18521,62,154.89,384.22
453500.0,2779500.0,56.53871,25.1307,62,10.98,104.39
466500.0,2805500.0,56.66703,25.36585,62,175.32,1.69
480500.0,2865500.0,56.8053,25.90791,62,102.95,175.36
490500.0,2743500.0,56.906,24.80627,62,42.74,18339.88
462500.0,2811500.0,56.6271,25.41993,62,76.08,3444.43
465500.0,2828500.0,56.6565,25.57352,62,153.71,338.74
472500.0,2743500.0,56.72791,24.80605,62,133.64,73.18
452500.0,2746500.0,56.52992,24.83266,62,160.06,12293.52
468500.0,2727500.0,56.68869,24.66148,62,83.24,32.28
458500.0,2792500.0,56.58791,25.24825,62,24.45,177.43
603500.0,2729500.0,58.02297,24.67638,62,145.68,341.87
515500.0,2835500.0,57.15441,25.63705,62,127.21,286.34
504500.0,2794500.0,57.04469,25.26688,62,48.03,682398.95
476500.0,2834500.0,56.76592,25.62792,61,88.09,3.96
439500.0,2790500.0,56.39934,25.22954,61,49.7,1.16
438500.0,2789500.0,56.38946,25.22047,61,84.31,14.67
473500.0,2719500.0,56.73825,24.58932,61,150.68,1.49
454500.0,2783500.0,56.54849,25.16686,61,177.48,2.24
594500.0,2759500.0,57.93606,24.94786,61,156.51,534.81
456500.0,2789500.0,56.56815,25.2211,60,0.39,4.57
457500.0,2771500.0,56.57863,25.05858,60,74.53,186.89
462500.0,2712500.0,56.62979,24.52587,60,90.6,76.27
450500.0,2807500.0,56.50793,25.38346,60,4.2,14.5
472500.0,2747500.0,56.72783,24.84218,60,154.81,7478.5
470500.0,2829500.0,56.70626,25.58266,60,178.02,21262.74
568500.0,2802500.0,57.68069,25.33756,60,167.69,7.14
571500.0,2795500.0,57.71013,25.27421,60,65.95,48417.22
481500.0,2833500.0,56.81573,25.61896,60,9.02,22837.2
567500.0,2803500.0,57.6708,25.34663,60,67.59,5735.59
495500.0,2737500.0,56.95549,24.75211,60,3.93,4.86
475500.0,2762500.0,56.75725,24.9777,60,128.29,37.74
473500.0,2814500.0,56.73643,25.44726,60,131.3,935.0
545500.0,2723500.0,57.44954,24.625,60,82.28,19543.09
478500.0,2723500.0,56.78758,24.62552,60,68.39,2028.74
456500.0,2792500.0,56.56805,25.24819,59,26.82,3.79
446500.0,2789500.0,56.46887,25.22078,59,39.78,56.18
455500.0,2781500.0,56.55848,25.14883,59,169.06,1.54
449500.0,2789500.0,56.49866,25.22088,59,147.09,2.71
527500.0,2717500.0,57.27159,24.57124,59,120.17,86.22
641500.0,2731500.0,58.39868,24.69141,59,55.7,4608.84
455500.0,2789500.0,56.55822,25.22107,58,39.02,35.72
451500.0,2805500.0,56.51794,25.36543,58,175.32,3.49
444500.0,2781500.0,56.44935,25.14846,58,135.52,1.7
471500.0,2817500.0,56.71647,25.47432,58,173.1,160.41
486500.0,2790500.0,56.86597,25.2307,58,165.58,1.75
488500.0,2822500.0,56.88555,25.5197,58,97.4,996.61
472500.0,2720500.0,56.72836,24.59833,58,18.51,3.12
447500.0,2790500.0,56.47876,25.22984,58,43.26,1.37
469500.0,2771500.0,56.69761,25.05887,58,93.07,139.35
482500.0,2831500.0,56.82572,25.60091,58,23.44,10733.18
464500.0,2827500.0,56.64657,25.56447,58,59.81,1977.43
584500.0,2728500.0,57.83514,24.66851,58,126.73,4769.54
477500.0,2778500.0,56.77681,25.12222,58,41.68,330748.08
583500.0,2824500.0,57.83109,25.53544,58,74.39,8008.31
439500.0,2806500.0,56.39863,25.37402,57,5.84,19.33
453500.0,2781500.0,56.53864,25.14876,57,162.16,1.56
454500.0,2795500.0,56.54809,25.27522,57,86.77,578.32
447500.0,2809500.0,56.47803,25.40142,57,8.12,2.49
440500.0,2787500.0,56.4094,25.20249,57,41.64,265.65
456500.0,2783500.0,56.56834,25.16692,57,161.33,4.58
476500.0,2797500.0,56.76656,25.29379,57,88.53,12.99
472500.0,2836500.0,56.72603,25.64591,57,92.88,34.58
519500.0,2798500.0,57.19372,25.30288,57,56.17,203.17
448500.0,2785500.0,56.48888,25.18472,56,28.22,2.7
450500.0,2797500.0,56.50829,25.29316,56,131.42,1.79
453500.0,2783500.0,56.53857,25.16683,56,138.4,1.52
452500.0,2785500.0,56.52858,25.18486,56,11.81,7.94
446500.0,2802500.0,56.46836,25.33817,56,11.74,3.24
472500.0,2835500.0,56.72605,25.63688,56,84.52,8333.24
504500.0,2754500.0,57.04456,24.90564,56,56.77,927.93
508500.0,2784500.0,57.08435,25.17655,56,54.0,70678.86
525500.0,2837500.0,57.25406,25.65498,56,65.62,104.86
456500.0,2801500.0,56.56776,25.32947,56,164.18,19.85
471500.0,2860500.0,56.71555,25.86261,56,90.73,801.24
464500.0,2795500.0,56.64741,25.27549,56,20.84,986.89
608500.0,2727500.0,58.07223,24.65797,56,140.85,105.53
482500.0,2835500.0,56.82567,25.63703,56,22.57,589.93
595500.0,2780500.0,57.94742,25.13742,56,60.24,4205.21
546500.0,2723500.0,57.45942,24.62497,56,82.57,16916.56
541500.0,2829500.0,57.41323,25.58237,56,62.29,202038.49
606500.0,2728500.0,58.05254,24.66714,56,66.08,71230.38
637500.0,2767500.0,58.36271,25.0168,56,175.27,8589.29
493500.0,2717500.0,56.93581,24.57147,56,69.58,58348.47
481500.0,2813500.0,56.81601,25.43835,56,156.08,7632.0
446500.0,2799500.0,56.46848,25.31108,56,4.48,56.38
452500.0,2803500.0,56.52795,25.3474,56,173.35,36.95
551500.0,2756500.0,57.51003,24.92283,56,62.94,90478.86
550500.0,2804500.0,57.5019,25.35634,56,57.23,218828.86
616500.0,2739500.0,58.15227,24.76574,56,152.05,4276.2
569500.0,2730500.0,57.687,24.68732,56,62.68,90389.78
568500.0,2735500.0,57.67736,24.73252,56,140.87,16.87
447500.0,2787500.0,56.47888,25.20275,55,22.37,9.23
456500.0,2802500.0,56.56773,25.3385,55,148.97,1.78
446500.0,2794500.0,56.46868,25.26593,55,95.68,1.8
451500.0,2804500.0,56.51798,25.3564,55,5.55,10.62
458500.0,2808500.0,56.58742,25.39274,55,165.46,1.65
450500.0,2787500.0,56.50866,25.20285,55,31.36,1.65
471500.0,2820500.0,56.71641,25.50141,55,105.64,6.71
473500.0,2820500.0,56.73631,25.50144,55,167.77,1024.5
470500.0,2828500.0,56.70628,25.57363,55,89.67,26.35
474500.0,2854500.0,56.74561,25.80849,55,91.89,51.8
473500.0,2792500.0,56.73686,25.24859,55,65.78,98.51
485500.0,2836500.0,56.85554,25.6461,55,7.82,3308.93
474500.0,2845500.0,56.74578,25.72722,55,89.69,158.55
472500.0,2722500.0,56.72832,24.6164,55,128.7,1.96
579500.0,2724500.0,57.7855,24.63265,55,160.69,7470.1
474500.0,2847500.0,56.74574,25.74528,55,94.17,176.14
464500.0,2803500.0,56.6472,25.34774,55,76.86,315.69
530500.0,2743500.0,57.30178,24.806,55,145.82,51.79
387500.0,2866500.0,55.87675,25.91272,54,59.38,346.16
454500.0,2805500.0,56.54776,25.36553,54,166.13,4.73
557500.0,2718500.0,57.56789,24.57944,54,144.88,7040.7
451500.0,2758500.0,56.51961,24.941,54,166.36,3397.7
475500.0,2789500.0,56.75677,25.22153,54,154.79,4.05
465500.0,2740500.0,56.65872,24.77882,54,59.28,2485.71
447500.0,2785500.0,56.47896,25.18469,54,8.47,22.3
481500.0,2851500.0,56.81548,25.7815,54,156.34,1.51
461500.0,2732500.0,56.61937,24.70647,54,149.75,4268.53
462500.0,2820500.0,56.62685,25.50121,54,172.44,15060.11
560500.0,2731500.0,57.59808,24.69673,54,144.36,2589.68
454500.0,2812500.0,56.54752,25.42874,54,139.31,13756.65
448500.0,2806500.0,56.48809,25.37436,53,41.38,3.82
480500.0,2837500.0,56.80572,25.65507,53,129.61,21.36
462500.0,2718500.0,56.62963,24.58006,53,89.59,672.95
472500.0,2801500.0,56.72675,25.32985,53,50.59,42.74
469500.0,2823500.0,56.69644,25.52846,53,86.17,21.6
567500.0,2736500.0,57.66752,24.7416,53,138.75,11009.18
514500.0,2837500.0,57.14447,25.65513,53,130.72,214.84
548500.0,2732500.0,57.47949,24.70619,52,146.1,10.9
482500.0,2722500.0,56.82711,24.61654,52,121.88,202.98
471500.0,2789500.0,56.71706,25.22146,52,20.33,24399.23
495500.0,2828500.0,56.9552,25.57392,52,16.77,9079.49
572500.0,2795500.0,57.72006,25.27416,52,66.11,104600.3
486500.0,2794500.0,56.86593,25.26682,52,117.14,3.29
481500.0,2832500.0,56.81575,25.60993,52,9.64,32910.28
525500.0,2836500.0,57.25404,25.64595,52,48.57,1049.06
566500.0,2803500.0,57.66086,25.34668,52,100.77,81.36
471500.0,2857500.0,56.71562,25.83552,52,92.55,1754.35
444500.0,2799500.0,56.44861,25.31101,52,101.35,19.51
474500.0,2846500.0,56.74576,25.73625,52,91.72,243.97
623500.0,2736500.0,58.22123,24.73811,52,154.53,2365.07
453500.0,2751500.0,56.53965,24.87784,52,163.93,19357.61
459500.0,2787500.0,56.59799,25.20312,52,130.75,1940.72
490500.0,2718500.0,56.90617,24.58049,52,166.69,14291.73
484500.0,2774500.0,56.84629,25.08619,52,64.09,310001.62
464500.0,2787500.0,56.64762,25.20325,52,29.07,176.32
468500.0,2850500.0,56.68585,25.77225,52,86.05,3875.55
493500.0,2866500.0,56.9351,25.91706,52,22.75,33.8
511500.0,2727500.0,57.11365,24.66176,52,52.18,75386.39
508500.0,2831500.0,57.08465,25.60099,52,135.35,1577.97
560500.0,2795500.0,57.60088,25.27469,52,76.05,3875.96
605500.0,2728500.0,58.04266,24.66721,52,65.86,90255.52
647500.0,2746500.0,58.45955,24.82627,52,63.72,11107.39
488500.0,2799500.0,56.88575,25.31199,52,153.12,6355.32
583500.0,2731500.0,57.82543,24.69565,52,26.6,4397.28
492500.0,2763500.0,56.92568,24.98691,52,33.18,162437.99
453500.0,2801500.0,56.53796,25.32938,52,90.51,1925.78
455500.0,2813500.0,56.55743,25.4378,52,139.75,10735.09
518500.0,2722500.0,57.18277,24.61653,52,83.83,54495.5
603500.0,2785500.0,58.02715,25.18204,52,52.64,59725.5
451500.0,2791500.0,56.51844,25.23901,51,46.39,3.8
467500.0,2808500.0,56.6769,25.39296,51,61.33,141.79
456500.0,2791500.0,56.56808,25.23916,51,18.86,12.28
459500.0,2785500.0,56.59805,25.18506,51,149.26,7.87
539500.0,2732500.0,57.39051,24.70645,51,142.74,121.06
441500.0,2781500.0,56.41958,25.14835,51,178.43,4.09
462500.0,2713500.0,56.62976,24.5349,51,88.51,36.63
551500.0,2818500.0,57.51237,25.48272,51,52.23,274.11
444500.0,2804500.0,56.44841,25.35616,50,168.75,44.1
476500.0,2782500.0,56.76682,25.15833,50,47.02,70.65
462500.0,2784500.0,56.62785,25.17611,50,0.48,428.59
462500.0,2792500.0,56.62763,25.24835,50,45.82,15.43
465500.0,2790500.0,56.65747,25.23036,50,44.16,3.15
446500.0,2782500.0,56.46915,25.15756,50,112.96,1.8
456500.0,2803500.0,56.5677,25.34753,50,70.34,104.54
452500.0,2804500.0,56.52791,25.35643,50,178.68,17.92
463500.0,2788500.0,56.63767,25.21226,50,147.19,6.34
468500.0,2852500.0,56.6858,25.79031,50,85.1,106.56
464500.0,2789500.0,56.64757,25.22131,50,120.31,11.41
455500.0,2809500.0,56.55757,25.40168,50,37.36,2.8
444500.0,2778500.0,56.44947,25.12137,50,110.8,21.92
493500.0,2718500.0,56.9358,24.5805,50,84.41,91790.93
597500.0,2779500.0,57.96719,25.12827,50,59.6,7957.9
474500.0,2831500.0,56.74605,25.60079,50,158.12,3873.36
468500.0,2849500.0,56.68587,25.76322,50,7.93,17266.94
510500.0,2728500.0,57.10378,24.67079,50,52.03,107463.28
553500.0,2766500.0,57.53023,25.01307,50,72.49,6503.25
477500.0,2827500.0,56.77599,25.56472,50,178.53,4666.67
562500.0,2791500.0,57.62056,25.23849,50,55.93,16727.15
465500.0,2796500.0,56.65732,25.28455,50,51.73,517.05
457500.0,2868500.0,56.57557,25.93451,50,110.83,3.94
553500.0,2729500.0,57.52881,24.67893,50,147.45,107.2
460500.0,2789500.0,56.60786,25.22121,49,10.47,21.77
460500.0,2808500.0,56.60731,25.39279,49,125.61,145.67
440500.0,2804500.0,56.40866,25.356,49,164.46,51.15
447500.0,2806500.0,56.47815,25.37433,49,166.18,1.47
445500.0,2789500.0,56.45895,25.22074,49,108.03,1.75
453500.0,2797500.0,56.53809,25.29325,49,174.65,4.97
437500.0,2787500.0,56.37962,25.20237,49,153.36,211.41
460500.0,2788500.0,56.60789,25.21218,49,15.97,287.83
464500.0,2792500.0,56.64749,25.2484,49,23.44,1.71
471500.0,2856500.0,56.71564,25.82649,49,91.69,651.51
549500.0,2762500.0,57.49044,24.97709,49,149.45,7.4
435500.0,2803500.0,56.35901,25.34677,48,97.09,2.35
475500.0,2783500.0,56.75688,25.16735,48,14.23,12.16
498500.0,2756500.0,56.98514,24.92371,48,115.54,452.1
549500.0,2731500.0,57.48934,24.69713,48,47.73,6786.04
455500.0,2794500.0,56.55806,25.26622,48,114.61,1.64
397500.0,2868500.0,55.97642,25.93152,48,130.63,70.27
447500.0,2780500.0,56.47915,25.13954,48,7.14,1.62
449500.0,2809500.0,56.49791,25.40149,48,28.59,7.41
456500.0,2807500.0,56.56757,25.38365,48,23.27,8.03
481500.0,2865500.0,56.81529,25.90792,48,94.02,99.28
472500.0,2746500.0,56.72785,24.83315,48,155.1,17032.95
472500.0,2837500.0,56.72601,25.65494,48,174.11,1058.29
496500.0,2802500.0,56.96522,25.33913,48,170.37,35.02
462500.0,2803500.0,56.62733,25.34769,48,162.01,169.92
448500.0,2778500.0,56.48914,25.12151,48,87.65,617114.93
453500.0,2750500.0,56.53968,24.86881,48,159.9,2362.09
473500.0,2782500.0,56.73705,25.15828,48,114.03,40447.67
585500.0,2727500.0,57.84496,24.65942,48,52.01,72966.4
602500.0,2741500.0,58.01397,24.7848,48,103.13,463013.74
491500.0,2828500.0,56.91537,25.5739,48,116.17,2030.5
491500.0,2800500.0,56.91555,25.32104,48,114.89,5449.41
462500.0,2821500.0,56.62683,25.51024,48,172.32,31762.56
477500.0,2839500.0,56.77579,25.67309,48,178.4,448.74
477500.0,2840500.0,56.77577,25.68212,48,177.76,7401.92
481500.0,2866500.0,56.81527,25.91695,48,6.09,115145.1
510500.0,2718500.0,57.1037,24.58048,48,56.44,4195.45
613500.0,2797500.0,58.12738,25.28967,48,174.74,1673.48
573500.0,2719500.0,57.72596,24.5878,48,147.58,870.0
442500.0,2793500.0,56.429,25.25675,48,157.0,2119.08
552500.0,2755500.0,57.5199,24.91377,48,63.91,4884.8
569500.0,2734500.0,57.68719,24.72344,48,49.62,442281.66
580500.0,2724500.0,57.79538,24.6326,48,153.89,20576.93
571500.0,2733500.0,57.70692,24.71432,48,139.2,8421.76
472500.0,2766500.0,56.72745,25.01377,48,175.84,34649.82
455500.0,2791500.0,56.55816,25.23913,47,27.05,253.97
447500.0,2782500.0,56.47907,25.1576,47,11.38,1.07
446500.0,2806500.0,56.46821,25.37429,47,8.13,4.58
571500.0,2720500.0,57.70626,24.59692,47,152.88,304.95
451500.0,2792500.0,56.5184,25.24804,47,21.62,1.77
462500.0,2789500.0,56.62771,25.22126,47,4.35,1055.05
474500.0,2848500.0,56.74573,25.75431,47,94.22,382.4
452500.0,2793500.0,56.5283,25.2571,46,96.08,2.29
475500.0,2866500.0,56.75536,25.91686,46,95.15,81.62
453500.0,2787500.0,56.53843,25.20295,46,13.8,3.82
471500.0,2776500.0,56.71733,25.10406,46,142.2,3.71
452500.0,2759500.0,56.52948,24.95006,46,161.54,191.07
454500.0,2785500.0,56.54843,25.18492,46,34.27,8.09
461500.0,2803500.0,56.61739,25.34766,46,12.26,6.38
473500.0,2801500.0,56.73668,25.32986,46,114.92,3.78
461500.0,2779500.0,56.61807,25.13093,46,53.72,135.8
471500.0,2862500.0,56.71551,25.88067,46,91.3,817.6
442500.0,2781500.0,56.4295,25.14838,46,161.04,3.15
472500.0,2834500.0,56.72607,25.62785,46,86.15,9639.65
467500.0,2821500.0,56.67658,25.51035,46,86.39,490.02
569500.0,2802500.0,57.69062,25.33751,46,161.21,180.68
486500.0,2717500.0,56.86668,24.57142,46,178.62,39.0
493500.0,2818500.0,56.93533,25.48361,46,17.21,21764.53
480500.0,2842500.0,56.80564,25.70022,46,0.57,6191.26
472500.0,2842500.0,56.72591,25.70009,46,46.55,1910.76
505500.0,2719500.0,57.05433,24.58954,46,30.19,374725.87
481500.0,2835500.0,56.81571,25.63702,46,110.61,158.24
474500.0,2857500.0,56.74555,25.83558,46,164.16,451.87
564500.0,2804500.0,57.64104,25.3558,46,66.26,392.54
489500.0,2827500.0,56.89546,25.56486,46,115.56,29.97
473500.0,2850500.0,56.73571,25.77235,46,94.07,359.64
498500.0,2752500.0,56.98515,24.88758,46,65.99,734.41
487500.0,2791500.0,56.87589,25.23974,46,3.62,1959.05
466500.0,2817500.0,56.66673,25.47421,46,170.47,229744.63
482500.0,2751500.0,56.82675,24.87845,46,136.73,299978.21
482500.0,2776500.0,56.82643,25.10423,46,0.97,1563.09
568500.0,2722500.0,57.67672,24.61512,46,154.94,7589.67
609500.0,2744500.0,58.08344,24.81141,46,169.27,4834.05
474500.0,2762500.0,56.74735,24.97768,46,90.0,7930.57
635500.0,2767500.0,58.34289,25.01698,46,169.21,304.48
505500.0,2794500.0,57.05462,25.26687,46,177.93,1016.93
522500.0,2813500.0,57.22377,25.4383,46,79.75,11.21
513500.0,2838500.0,57.13451,25.66417,46,37.96,13808.41
487500.0,2768500.0,56.87609,25.03203,46,94.97,601.02
447500.0,2801500.0,56.47834,25.32918,46,72.48,1034.94
558500.0,2747500.0,57.57898,24.8413,46,64.29,9470.79
469500.0,2788500.0,56.69723,25.21239,46,89.16,7162.78
609500.0,2724500.0,58.08188,24.63081,46,149.92,1208.77
528500.0,2834500.0,57.28389,25.62783,45,51.32,341.61
447500.0,2808500.0,56.47807,25.39239,45,8.15,2.98
475500.0,2787500.0,56.75681,25.20347,45,47.82,605.93
472500.0,2721500.0,56.72834,24.60736,45,9.76,2.2
471500.0,2829500.0,56.71622,25.58268,45,72.36,16.23
450500.0,2808500.0,56.50789,25.39249,44,15.62,5.53
475500.0,2780500.0,56.75693,25.14025,44,110.98,16.77
478500.0,2768500.0,56.78688,25.03193,44,136.87,320.97
521500.0,2829500.0,57.21408,25.5828,44,39.04,1336.76
464500.0,2736500.0,56.64893,24.74267,44,95.35,10.99
502500.0,2724500.0,57.0247,24.6347,44,128.99,8.49
460500.0,2779500.0,56.60815,25.1309,44,51.8,28.01
471500.0,2861500.0,56.71553,25.87164,44,91.84,777.54
494500.0,2816500.0,56.94529,25.46555,44,17.49,57797.15
496500.0,2804500.0,56.96521,25.35719,44,8.44,34.64
521500.0,2749500.0,57.21282,24.86034,44,61.69,15975.6
526500.0,2835500.0,57.26399,25.6369,44,48.07,3296.02
582500.0,2749500.0,57.81661,24.85826,44,60.59,130910.91
608500.0,2722500.0,58.07184,24.61282,44,48.82,177.75
470500.0,2802500.0,56.70685,25.33884,44,110.88,26.12
503500.0,2725500.0,57.03459,24.64373,44,41.6,5920.54
489500.0,2826500.0,56.89547,25.55583,44,38.11,670.47
496500.0,2717500.0,56.96543,24.57148,44,84.13,18597.76
494500.0,2718500.0,56.94568,24.5805,44,84.29,145568.43
539500.0,2826500.0,57.39322,25.55534,44,58.6,6424.59
596500.0,2780500.0,57.95734,25.13736,44,59.94,10174.51
611500.0,2724500.0,58.10163,24.63067,44,58.26,425.6
629500.0,2757500.0,58.2825,24.92722,44,78.42,16383.04
511500.0,2787500.0,57.11415,25.20362,44,62.29,18.32
609500.0,2726500.0,58.08203,24.64887,44,56.38,8638.15
387500.0,2868500.0,55.87658,25.93078,44,96.66,4067.61
447500.0,2737500.0,56.48078,24.75121,44,74.36,318.83
492500.0,2800500.0,56.92548,25.32105,44,108.2,4738.18
493500.0,2865500.0,56.9351,25.90803,44,143.71,924.27
638500.0,2767500.0,58.37261,25.01671,44,84.68,23699.26
464500.0,2821500.0,56.64673,25.51029,44,174.35,25993.72
480500.0,2825500.0,56.80589,25.5467,44,100.06,520.73
581500.0,2731500.0,57.80566,24.69576,44,163.73,3291.54
580500.0,2731500.0,57.79578,24.69581,44,63.04,9778.55
485500.0,2761500.0,56.85634,24.96879,44,179.89,8930.65
492500.0,2814500.0,56.9254,25.44748,44,25.03,65712.42
520500.0,2746500.0,57.20288,24.83326,44,40.12,1205.11
550500.0,2762500.0,57.50035,24.97705,44,70.6,464.92
617500.0,2739500.0,58.16216,24.76567,44,152.44,90122.98
452500.0,2778500.0,56.52882,25.12164,44,108.93,6977.06
453500.0,2778500.0,56.53874,25.12167,44,111.81,21868.39
527500.0,2780500.0,57.27283,25.1402,44,54.04,116569.28
455500.0,2803500.0,56.55776,25.3475,43,149.62,3.45
457500.0,2803500.0,56.57764,25.34756,43,159.31,3.4
470500.0,2795500.0,56.707,25.27562,43,43.34,19.69
454500.0,2809500.0,56.54762,25.40165,43,15.57,3.52
461500.0,2780500.0,56.61804,25.13996,43,66.81,185.57
451500.0,2810500.0,56.51776,25.41058,43,32.23,2.87
463500.0,2812500.0,56.63702,25.42899,43,78.62,1026.79
485500.0,2863500.0,56.85525,25.88991,43,5.37,13505.81
495500.0,2807500.0,56.95527,25.38428,43,106.22,487.74
523500.0,2748500.0,57.2326,24.85128,43,134.08,10597.98
470500.0,2791500.0,56.70709,25.2395,43,143.01,3.7
480500.0,2850500.0,56.80552,25.77246,43,104.04,7676.31
492500.0,2820500.0,56.92537,25.50166,43,33.72,465.56
469500.0,2857500.0,56.69566,25.83548,43,1.19,107165.41
461500.0,2786500.0,56.61787,25.19414,43,46.55,1.28
452500.0,2792500.0,56.52833,25.24807,42,18.76,1.21
477500.0,2774500.0,56.77687,25.0861,42,30.05,1034.29
460500.0,2784500.0,56.608,25.17606,42,105.26,187.98
473500.0,2851500.0,56.73569,25.78138,42,95.0,108.7
436500.0,2787500.0,56.3697,25.20233,42,169.9,3.77
454500.0,2804500.0,56.54779,25.3565,42,166.1,2.22
506500.0,2797500.0,57.06457,25.29396,42,148.23,37540.08
462500.0,2726500.0,56.62942,24.65231,42,100.91,4.56
451500.0,2801500.0,56.51808,25.32931,42,0.57,1344.15
458500.0,2764500.0,56.58876,24.99539,42,61.36,79.4
469500.0,2804500.0,56.69687,25.35688,42,89.65,17.11
521500.0,2745500.0,57.21276,24.82421,42,3.27,1946.8
486500.0,2718500.0,56.86667,24.58046,42,57.97,8.13
496500.0,2787500.0,56.96526,25.20366,42,67.51,47527.38
450500.0,2810500.0,56.50782,25.41055,42,60.9,1.48
542500.0,2728500.0,57.42005,24.67024,42,34.64,2.41
519500.0,2717500.0,57.19258,24.57136,42,21.81,3415.18
561500.0,2762500.0,57.60933,24.97665,42,77.21,2752.35
529500.0,2737500.0,57.29176,24.75183,42,26.95,72.93
530500.0,2758500.0,57.30211,24.94146,42,13.57,484.86
462500.0,2725500.0,56.62945,24.64328,42,126.38,3917.51
516500.0,2750500.0,57.16334,24.86943,42,55.04,23505.43
604500.0,2728500.0,58.03278,24.66728,42,146.43,881.41
462500.0,2819500.0,56.62688,25.49218,42,172.6,11399.7
477500.0,2820500.0,56.77611,25.50151,42,68.03,2515.95
573500.0,2735500.0,57.72679,24.73229,42,145.11,12051.08
497500.0,2732500.0,56.97528,24.70695,42,176.83,256.02
505500.0,2845500.0,57.05483,25.72743,42,99.79,237.42
504500.0,2847500.0,57.04487,25.74549,42,36.24,6231.14
493500.0,2761500.0,56.9356,24.96885,42,35.26,9461.83
590500.0,2760500.0,57.89651,24.95713,42,68.61,195602.14
551500.0,2730500.0,57.50907,24.68803,42,57.42,47467.03
527500.0,2835500.0,57.27395,25.63688,41,49.81,180.61
528500.0,2822500.0,57.28363,25.51947,41,46.96,1002.33
475500.0,2721500.0,56.75797,24.60741,41,27.35,1.5
485500.0,2862500.0,56.85526,25.88088,41,2.78,211.48
485500.0,2801500.0,56.85592,25.33003,41,170.14,520.13
463500.0,2803500.0,56.63726,25.34771,41,161.36,2098.55
439500.0,2780500.0,56.39978,25.13924,41,117.0,13.95
480500.0,2765500.0,56.80675,25.00486,40,136.14,58672.71
458500.0,2802500.0,56.58761,25.33855,40,12.36,2055.79
442500.0,2786500.0,56.42929,25.19354,40,41.84,91.08
462500.0,2717500.0,56.62966,24.57103,40,89.52,5777.93
476500.0,2777500.0,56.7669,25.11318,40,117.2,4.35
478500.0,2850500.0,56.78558,25.77243,40,91.79,49.63
466500.0,2740500.0,56.66861,24.77884,40,98.41,2327.18
519500.0,2792500.0,57.19363,25.2487,40,59.21,70319.68
591500.0,2774500.0,57.90734,25.08349,40,50.55,100328.68
473500.0,2781500.0,56.73707,25.14925,40,117.77,515.88
571500.0,2721500.0,57.70631,24.60595,40,151.79,32.72
452500.0,2750500.0,56.52978,24.86878,40,166.48,5132.75
507500.0,2797500.0,57.0745,25.29396,40,65.04,69056.64
546500.0,2821500.0,57.46273,25.50998,40,76.87,145.32
598500.0,2734500.0,57.97391,24.72186,40,138.5,14.74
566500.0,2771500.0,57.6593,25.05771,40,54.81,3351.06
567500.0,2784500.0,57.66986,25.17506,40,46.51,14497.34
637500.0,2797500.0,58.36572,25.28765,40,81.5,313545.52
439500.0,2778500.0,56.39987,25.12118,40,111.12,49.72
452500.0,2749500.0,56.52982,24.85975,40,168.08,7292.42
451500.0,2744500.0,56.52009,24.81456,40,164.01,2979.89
450500.0,2778500.0,56.50898,25.12158,40,174.05,875.94
475500.0,2765500.0,56.7572,25.00479,40,22.41,778.18
441500.0,2778500.0,56.41971,25.12125,40,87.33,3129.81
493500.0,2750500.0,56.93565,24.86951,40,179.47,378.7
472500.0,2760500.0,56.72757,24.95958,40,53.81,39.85
473500.0,2785500.0,56.73699,25.18537,40,121.33,2.68
466500.0,2819500.0,56.66668,25.49227,40,170.43,349838.12
465500.0,2830500.0,56.65645,25.59158,40,84.56,6.39
499500.0,2863500.0,56.99501,25.88998,40,30.33,18224.8
527500.0,2845500.0,57.27416,25.72718,40,144.1,4.2
456500.0,2782500.0,56.56837,25.15789,40,80.32,851.3
508500.0,2805500.0,57.08449,25.3662,40,56.25,100361.43
536500.0,2822500.0,57.36325,25.51929,40,25.53,407.92
495500.0,2810500.0,56.95526,25.41137,40,174.45,6385.67
463500.0,2795500.0,56.63748,25.27547,40,82.85,40.0
488500.0,2789500.0,56.88583,25.22169,40,157.24,5.73
574500.0,2735500.0,57.73668,24.73224,40,53.58,15534.28
443500.0,2794500.0,56.43889,25.26582,40,67.65,188.97
498500.0,2755500.0,56.98515,24.91468,40,18.0,9080.82
488500.0,2798500.0,56.88576,25.30296,40,13.13,12535.37
492500.0,2825500.0,56.92534,25.54681,40,31.06,4487.28
469500.0,2858500.0,56.69564,25.84451,40,1.2,62064.63
579500.0,2719500.0,57.78522,24.5875,40,61.74,86698.96
564500.0,2766500.0,57.63924,25.01264,40,146.78,3025.43
551500.0,2804500.0,57.51184,25.3563,40,57.61,73928.54
558500.0,2823500.0,57.58223,25.52762,40,70.13,39662.17
622500.0,2737500.0,58.21143,24.74722,40,155.57,5991.12
618500.0,2745500.0,58.17256,24.81977,40,63.07,241521.36
614500.0,2740500.0,58.13257,24.77492,40,152.22,23586.25
571500.0,2732500.0,57.70687,24.70529,40,49.15,49183.16
577500.0,2725500.0,57.76579,24.64178,40,64.2,213836.35
574500.0,2730500.0,57.73642,24.68709,40,49.03,257053.68
584500.0,2742500.0,57.83598,24.79493,40,62.16,5219.34
454500.0,2789500.0,56.54829,25.22104,39,165.75,3.94
472500.0,2818500.0,56.7264,25.48336,39,163.02,8665.99
449500.0,2792500.0,56.49855,25.24797,39,60.02,8.38
455500.0,2786500.0,56.55832,25.19398,39,0.87,1.99
471500.0,2824500.0,56.71632,25.53753,39,87.07,41.17
447500.0,2793500.0,56.47865,25.25693,39,74.9,2.61
460500.0,2787500.0,56.60792,25.20315,39,66.82,13.16
473500.0,2852500.0,56.73567,25.79041,39,94.55,160.29
462500.0,2716500.0,56.62968,24.562,39,88.85,40.36
513500.0,2752500.0,57.13366,24.88752,39,37.5,102.04
474500.0,2830500.0,56.74607,25.59176,39,158.21,719.06
481500.0,2863500.0,56.81532,25.88986,39,5.05,2026.44
456500.0,2793500.0,56.56802,25.25722,39,22.09,5.48
562500.0,2752500.0,57.61879,24.8863,39,154.88,46.98
447500.0,2807500.0,56.47811,25.38336,39,23.74,4.9
566500.0,2736500.0,57.65763,24.74164,39,138.61,10533.07
510500.0,2721500.0,57.10373,24.60757,39,133.71,3740.13
457500.0,2810500.0,56.57742,25.41077,39,12.19,164.23
455500.0,2805500.0,56.5577,25.36556,38,2.31,8.87
457500.0,2807500.0,56.57751,25.38368,38,41.14,4.43
443500.0,2787500.0,56.43918,25.20261,38,35.48,317.88
456500.0,2795500.0,56.56796,25.27528,38,152.39,1.27
454500.0,2806500.0,56.54772,25.37456,38,18.51,4.52
509500.0,2846500.0,57.09472,25.73644,38,112.28,414.41
463500.0,2726500.0,56.6393,24.65233,38,116.13,121.15
441500.0,2788500.0,56.41928,25.21156,38,177.55,24.95
454500.0,2792500.0,56.54819,25.24813,38,59.96,12.55
463500.0,2811500.0,56.63705,25.41996,38,79.05,615.13
468500.0,2816500.0,56.68665,25.46522,38,60.41,82.88
453500.0,2755500.0,56.53952,24.91397,38,177.69,7724.52
482500.0,2771500.0,56.82649,25.05907,38,9.96,7735.49
481500.0,2843500.0,56.8156,25.70926,38,85.64,3586.65
488500.0,2859500.0,56.88523,25.85382,38,7.3,23880.44
524500.0,2837500.0,57.2441,25.65499,38,52.5,260.93
565500.0,2772500.0,57.64944,25.06678,38,20.13,453.41
465500.0,2720500.0,56.65921,24.59819,38,89.03,14.52
474500.0,2858500.0,56.74553,25.84461,38,160.98,706.09
504500.0,2724500.0,57.04446,24.6347,38,39.47,8501.81
526500.0,2846500.0,57.26421,25.73623,38,148.91,4.18
480500.0,2781500.0,56.80652,25.14936,38,103.31,6.08
477500.0,2787500.0,56.77666,25.2035,38,35.02,16.96
487500.0,2795500.0,56.87585,25.27586,38,58.53,167.01
471500.0,2818500.0,56.71645,25.48335,38,148.28,81.17
512500.0,2787500.0,57.12408,25.20362,38,55.35,1402.89
499500.0,2717500.0,56.99506,24.57148,38,83.07,54409.92
458500.0,2786500.0,56.58809,25.19406,38,21.38,853.3
491500.0,2746500.0,56.91588,24.83337,38,1.15,2839.08
518500.0,2736500.0,57.18295,24.74297,38,145.71,33.74
547500.0,2723500.0,57.4693,24.62494,38,82.05,18592.44
628500.0,2742500.0,58.27121,24.79187,38,38.43,263.29
609500.0,2790500.0,58.08709,25.22676,38,71.93,22571.58
451500.0,2736500.0,56.52037,24.74231,38,70.35,4445.65
494500.0,2717500.0,56.94568,24.57147,38,70.74,3066.39
474500.0,2805500.0,56.74654,25.366,38,125.24,6.75
474500.0,2806500.0,56.74652,25.37503,38,165.06,3840.06
514500.0,2836500.0,57.14446,25.6461,38,131.43,90.49
552500.0,2803500.0,57.52174,25.34724,38,147.75,7914.63
584500.0,2823500.0,57.84098,25.52636,38,74.22,12460.37
461500.0,2782500.0,56.61798,25.15802,38,3.17,36.0
463500.0,2794500.0,56.63751,25.26644,38,88.25,4.37
588500.0,2728500.0,57.87467,24.66828,38,130.49,1060.2
592500.0,2759500.0,57.91625,24.94798,38,68.62,310789.02
485500.0,2826500.0,56.85565,25.55579,38,12.59,276.53
560500.0,2746500.0,57.59873,24.8322,38,64.87,17574.69
578500.0,2725500.0,57.77567,24.64173,38,64.16,155733.37
584500.0,2722500.0,57.83478,24.61432,38,63.7,42821.81
493500.0,2741500.0,56.9357,24.78822,38,30.18,209715.67
479500.0,2767500.0,56.79681,25.02291,37,127.11,11.48
455500.0,2790500.0,56.55819,25.2301,37,179.99,1.47
444500.0,2788500.0,56.44906,25.21167,37,46.97,7.54
447500.0,2784500.0,56.47899,25.17566,37,9.82,30.94
483500.0,2820500.0,56.83581,25.50159,37,2.1,381.74
445500.0,2807500.0,56.45823,25.38329,37,12.29,17.02
480500.0,2824500.0,56.8059,25.53767,37,101.08,52.1
487500.0,2830500.0,56.87552,25.59193,37,116.54,18.46
460500.0,2803500.0,56.60745,25.34764,37,8.92,14.61
470500.0,2800500.0,56.70689,25.32078,37,118.49,11.39
473500.0,2799500.0,56.73672,25.3118,37,52.94,3.31
531500.0,2820500.0,57.31344,25.50135,37,50.34,2127.56
481500.0,2850500.0,56.8155,25.77247,37,79.62,11.84
512500.0,2840500.0,57.12457,25.68223,37,35.13,2160.43
553500.0,2717500.0,57.52835,24.57056,37,155.04,3879.6
452500.0,2807500.0,56.52781,25.38353,36,3.36,13.25
444500.0,2808500.0,56.44824,25.39228,36,65.13,3.89
462500.0,2786500.0,56.6278,25.19417,36,172.14,64.29
520500.0,2830500.0,57.20414,25.59184,36,41.74,2578.35
557500.0,2747500.0,57.56908,24.84134,36,31.87,3301.59
464500.0,2797500.0,56.64736,25.29356,36,78.25,1168.89
476500.0,2783500.0,56.7668,25.16736,36,131.65,23.52
458500.0,2811500.0,56.58733,25.41983,36,162.24,3.46
438500.0,2792500.0,56.38932,25.24756,36,152.82,1294.38
491500.0,2741500.0,56.91591,24.78821,36,42.4,14687.19
466500.0,2759500.0,56.66815,24.95043,36,174.48,12855.89
487500.0,2790500.0,56.87589,25.23071,36,37.74,12.91
478500.0,2780500.0,56.7867,25.1403,36,168.9,70825.71
487500.0,2823500.0,56.87559,25.52872,36,15.63,69301.47
503500.0,2755500.0,57.03466,24.91467,36,55.5,27925.38
507500.0,2780500.0,57.07441,25.14043,36,52.64,32280.16
578500.0,2720500.0,57.77539,24.59658,36,61.1,103426.86
485500.0,2802500.0,56.85591,25.33906,36,167.03,89.29
469500.0,2720500.0,56.69872,24.59828,36,141.69,609.63
452500.0,2751500.0,56.52975,24.87781,36,170.1,6759.63
470500.0,2801500.0,56.70687,25.32981,36,118.42,4.96
522500.0,2748500.0,57.2227,24.85129,36,62.79,85654.33
542500.0,2740500.0,57.42042,24.77862,36,59.07,53492.48
465500.0,2719500.0,56.65924,24.58916,36,96.51,17.3
482500.0,2830500.0,56.82573,25.59188,36,22.94,7727.94
505500.0,2718500.0,57.05432,24.5805,36,30.01,249438.66
506500.0,2717500.0,57.06419,24.57147,36,29.89,129086.5
474500.0,2832500.0,56.74603,25.60982,36,86.01,123.67
476500.0,2858500.0,56.76549,25.84464,36,95.34,5.02
607500.0,2727500.0,58.06235,24.65804,36,142.4,5356.52
517500.0,2720500.0,57.17286,24.59848,36,135.51,7225.98
510500.0,2730500.0,57.10379,24.68886,36,155.26,134.76
479500.0,2781500.0,56.7966,25.14934,36,138.06,332.43
495500.0,2717500.0,56.95556,24.57148,36,83.99,49522.13
477500.0,2766500.0,56.777,25.01385,36,107.34,1441.26
476500.0,2856500.0,56.76553,25.82658,36,178.25,5807.75
499500.0,2864500.0,56.99501,25.89901,36,30.75,21353.09
541500.0,2738500.0,57.41046,24.76058,36,58.36,79934.74
640500.0,2732500.0,58.3889,24.70053,36,54.86,16083.72
639500.0,2732500.0,58.37901,24.70062,36,62.76,71512.25
469500.0,2803500.0,56.69689,25.34785,36,101.54,8.48
547500.0,2738500.0,57.46981,24.76041,36,53.8,2509.0
606500.0,2731500.0,58.05277,24.69423,36,62.75,20699.39
462500.0,2722500.0,56.62952,24.61618,36,2.05,5290.25
452500.0,2735500.0,56.53029,24.73331,36,69.88,403.81
474500.0,2759500.0,56.7474,24.95059,36,83.29,4711.81
480500.0,2780500.0,56.80654,25.14033,36,92.13,127.18
475500.0,2727500.0,56.75787,24.6616,36,120.32,158220.94
485500.0,2762500.0,56.85633,24.97782,36,178.32,33011.83
465500.0,2791500.0,56.65744,25.23939,36,158.05,383.17
477500.0,2811500.0,56.77626,25.42024,36,101.27,112.1
550500.0,2756500.0,57.50013,24.92287,36,62.16,13221.66
617500.0,2738500.0,58.16208,24.75664,36,151.35,11555.07
498500.0,2757500.0,56.98514,24.93274,36,18.33,10712.22
560500.0,2769500.0,57.59973,25.0399,36,145.71,7271.54
561500.0,2768500.0,57.6096,25.03083,36,146.45,3637.19
570500.0,2733500.0,57.69703,24.71437,36,50.01,139596.72
582500.0,2723500.0,57.81508,24.62346,36,153.97,15659.23
583500.0,2722500.0,57.8249,24.61438,36,63.94,84535.56
561500.0,2745500.0,57.60858,24.82313,36,63.68,13731.29
554500.0,2777500.0,57.54057,25.11237,36,68.63,18317.41
447500.0,2803500.0,56.47826,25.34724,35,136.94,4.09
496500.0,2759500.0,56.96533,24.9508,35,53.74,5751.91
453500.0,2780500.0,56.53867,25.13973,35,65.55,2.22
471500.0,2803500.0,56.71677,25.34789,35,170.08,1696.14
480500.0,2862500.0,56.80535,25.88082,35,108.4,1058.14
459500.0,2802500.0,56.59754,25.33858,35,84.47,1.32
452500.0,2801500.0,56.52802,25.32934,35,1.92,257.39
481500.0,2834500.0,56.81572,25.62799,35,106.9,973.58
462500.0,2810500.0,56.62713,25.4109,35,76.43,4396.47
469500.0,2832500.0,56.69623,25.60973,35,89.17,6635.67
447500.0,2805500.0,56.47818,25.3653,35,173.1,10.73
493500.0,2780500.0,56.93551,25.14044,35,58.58,9223.27
473500.0,2787500.0,56.73695,25.20343,35,155.84,5.26
454500.0,2787500.0,56.54836,25.20298,35,67.54,17.01
495500.0,2788500.0,56.95533,25.21269,35,80.21,2104.93
488500.0,2861500.0,56.88521,25.87188,35,86.1,30.64
595500.0,2736500.0,57.94439,24.74011,35,139.07,318.13
477500.0,2837500.0,56.77583,25.65502,35,179.18,5987.12
465500.0,2722500.0,56.65916,24.61625,35,7.05,1.23
499500.0,2752500.0,56.99505,24.88758,35,41.59,113.92
512500.0,2841500.0,57.12458,25.69126,35,33.25,28507.45
567500.0,2731500.0,57.66727,24.69644,35,148.67,6203.06
476500.0,2781500.0,56.76684,25.1493,34,49.48,10.97
394500.0,2869500.0,55.94639,25.94033,34,31.91,175.94
446500.0,2781500.0,56.46919,25.14853,34,19.64,17.06
449500.0,2797500.0,56.49836,25.29312,34,4.46,5.93
508500.0,2802500.0,57.08447,25.33911,34,53.5,2210.54
483500.0,2771500.0,56.83641,25.05908,34,139.35,19.87
451500.0,2757500.0,56.51964,24.93196,34,171.31,745.13
458500.0,2800500.0,56.58767,25.32049,34,91.03,55.52
475500.0,2790500.0,56.75675,25.23056,34,4.25,44751.84
577500.0,2822500.0,57.77126,25.51771,34,61.73,492.07
606500.0,2724500.0,58.05224,24.63102,34,22.49,612.44
617500.0,2818500.0,58.16893,25.47896,34,179.99,501.04
519500.0,2750500.0,57.19304,24.8694,34,62.06,3761.85
542500.0,2829500.0,57.42318,25.58234,34,32.17,333.71
570500.0,2801500.0,57.70051,25.32843,34,52.49,11448.47
511500.0,2720500.0,57.1136,24.59853,34,133.83,85.51
489500.0,2750500.0,56.89606,24.86948,34,104.92,1971.95
500500.0,2862500.0,57.00499,25.88095,34,29.18,1736.09
491500.0,2718500.0,56.91605,24.58049,34,166.6,17704.71
454500.0,2754500.0,56.54945,24.90496,34,162.86,26210.49
471500.0,2813500.0,56.71656,25.43819,34,89.77,602.94
471500.0,2814500.0,56.71654,25.44722,34,89.94,171.86
466500.0,2728500.0,56.6689,24.67046,34,179.86,0.04
466500.0,2771500.0,56.66786,25.0588,34,33.35,145531.72
486500.0,2799500.0,56.86588,25.31198,34,5.4,46597.15
507500.0,2806500.0,57.07455,25.37523,34,56.04,46231.19
604500.0,2729500.0,58.03285,24.67631,34,63.08,64438.79
466500.0,2726500.0,56.66895,24.6524,34,125.64,14890.83
485500.0,2839500.0,56.85551,25.67319,34,97.16,15240.17
604500.0,2784500.0,58.037,25.17294,34,121.95,3952.82
497500.0,2738500.0,56.97527,24.76114,34,108.59,417.09
503500.0,2793500.0,57.03476,25.25785,34,88.45,64.63
500500.0,2839500.0,57.00498,25.67326,34,20.81,312.47
572500.0,2736500.0,57.71696,24.74137,34,144.83,12051.74
457500.0,2783500.0,56.57826,25.16694,34,87.81,15594.56
474500.0,2807500.0,56.74651,25.38406,34,166.75,6602.26
553500.0,2802500.0,57.53164,25.33817,34,147.89,7408.78
485500.0,2763500.0,56.85632,24.98686,34,178.94,15586.88
476500.0,2728500.0,56.76773,24.67065,34,119.67,55091.76
472500.0,2817500.0,56.72642,25.47433,34,158.49,15240.82
596500.0,2758500.0,57.9558,24.9387,34,69.29,92390.72
569500.0,2735500.0,57.68724,24.73247,34,55.64,11771.6
499500.0,2852500.0,56.99501,25.79065,34,153.95,2404.97
452500.0,2784500.0,56.52861,25.17583,33,133.63,4.69
449500.0,2806500.0,56.49802,25.3744,33,4.8,31.32
453500.0,2735500.0,56.54018,24.73334,33,51.2,4.95
481500.0,2765500.0,56.81666,25.00487,33,46.7,15278.45
457500.0,2782500.0,56.57829,25.15791,33,79.58,3.22
470500.0,2798500.0,56.70694,25.30272,33,62.42,1095.23
457500.0,2805500.0,56.57758,25.36562,33,175.52,1.78
450500.0,2803500.0,56.50807,25.34734,33,163.33,8.8
522500.0,2828500.0,57.22402,25.57375,33,45.23,1264.82
462500.0,2711500.0,56.62982,24.51684,33,79.73,16.4
453500.0,2806500.0,56.53778,25.37453,33,161.27,7.53
464500.0,2716500.0,56.64943,24.56204,33,72.13,514.7
476500.0,2857500.0,56.76551,25.83561,33,94.07,168.32
510500.0,2858500.0,57.10478,25.84479,33,29.99,6281.3
570500.0,2730500.0,57.69688,24.68728,33,148.23,7822.62
454500.0,2797500.0,56.54803,25.29328,33,174.11,274.23
468500.0,2853500.0,56.68578,25.79934,33,92.15,7.65
476500.0,2833500.0,56.76593,25.61889,33,74.79,2.6
474500.0,2833500.0,56.74601,25.61886,33,86.06,380.56
490500.0,2826500.0,56.90543,25.55583,33,33.87,129.47
470500.0,2807500.0,56.70674,25.38399,33,46.39,2.52
467500.0,2820500.0,56.67661,25.50132,33,84.32,30522.19
509500.0,2729500.0,57.0939,24.67983,33,48.6,11315.94
471500.0,2826500.0,56.71628,25.55559,33,82.39,22.7
487500.0,2732500.0,56.87642,24.7069,33,32.96,5.16
463500.0,2777500.0,56.63796,25.11292,33,156.37,5.55
471500.0,2822500.0,56.71637,25.51947,32,84.07,2044.81
449500.0,2808500.0,56.49795,25.39246,32,77.17,2.15
471500.0,2825500.0,56.7163,25.54656,32,89.44,295.26
480500.0,2836500.0,56.80573,25.64604,32,26.82,92.44
446500.0,2792500.0,56.46876,25.24787,32,87.68,35.79
482500.0,2770500.0,56.82651,25.05004,32,34.6,106.01
485500.0,2759500.0,56.85636,24.95073,32,24.7,675.5
485500.0,2833500.0,56.85558,25.619,32,28.5,10080.94
494500.0,2829500.0,56.94523,25.58294,32,15.43,26349.0
534500.0,2744500.0,57.34138,24.81494,32,56.06,963.89
588500.0,2762500.0,57.87682,24.97531,32,79.01,1501.83
606500.0,2742500.0,58.05361,24.79356,32,128.72,4542.54
457500.0,2801500.0,56.5777,25.32949,32,175.44,21.58
481500.0,2868500.0,56.81525,25.93501,32,95.15,102.44
466500.0,2857500.0,56.66573,25.83542,32,82.38,12277.86
541500.0,2740500.0,57.41052,24.77864,32,59.07,328814.93
534500.0,2779500.0,57.34225,25.13103,32,82.75,27.88
568500.0,2783500.0,57.67973,25.16598,32,45.51,4079.88
654500.0,2749500.0,58.52913,24.85266,32,139.66,9136.77
460500.0,2800500.0,56.60754,25.32055,32,84.48,21.34
503500.0,2722500.0,57.03458,24.61664,32,27.96,3913.04
554500.0,2740500.0,57.53912,24.77824,32,53.99,23931.5
565500.0,2804500.0,57.65097,25.35575,32,65.13,6509.63
551500.0,2816500.0,57.5123,25.46466,32,74.38,119.04
538500.0,2733500.0,57.38066,24.7155,32,53.15,4513.55
459500.0,2789500.0,56.59793,25.22118,32,159.25,2.07
461500.0,2731500.0,56.6194,24.69744,32,148.78,3782.65
493500.0,2751500.0,56.93565,24.87854,32,5.37,821.35
475500.0,2751500.0,56.75745,24.87835,32,43.35,1042.85
474500.0,2773500.0,56.74714,25.07702,32,40.4,50018.87
473500.0,2783500.0,56.73703,25.16731,32,2.51,655691.56
464500.0,2802500.0,56.64723,25.33871,32,70.66,22.47
482500.0,2836500.0,56.82566,25.64606,32,20.93,520.27
608500.0,2756500.0,58.07448,24.91984,32,71.85,537772.52
497500.0,2717500.0,56.97531,24.57148,32,83.0,51698.15
450500.0,2741500.0,56.51031,24.78744,32,160.8,7211.95
476500.0,2832500.0,56.76595,25.60986,32,96.71,7499.58
565500.0,2766500.0,57.64915,25.0126,32,143.56,614.84
466500.0,2729500.0,56.66888,24.6795,32,179.86,0.04
482500.0,2750500.0,56.82676,24.86942,32,137.23,755323.12
481500.0,2750500.0,56.81686,24.86941,32,153.26,6024.86
460500.0,2793500.0,56.60774,25.25733,32,28.09,28.27
480500.0,2808500.0,56.80614,25.39319,32,126.77,20934.48
477500.0,2841500.0,56.77576,25.69115,32,176.67,16901.6
608500.0,2745500.0,58.07362,24.82051,32,79.03,74466.55
534500.0,2825500.0,57.34342,25.54643,32,31.17,241.09
605500.0,2745500.0,58.04394,24.82072,32,169.37,4572.37
491500.0,2750500.0,56.91585,24.8695,32,48.06,63910.97
470500.0,2797500.0,56.70696,25.29369,32,83.78,1366.44
478500.0,2821500.0,56.78605,25.51055,32,157.82,89623.77
465500.0,2841500.0,56.65616,25.69091,32,175.68,61269.9
584500.0,2729500.0,57.8352,24.67754,32,24.19,4625.97
579500.0,2732500.0,57.78595,24.7049,32,62.82,748259.58
495500.0,2716500.0,56.95556,24.56244,32,160.46,2605.78
465500.0,2840500.0,56.65619,25.68188,32,84.75,611.98
512500.0,2839500.0,57.12456,25.6732,32,38.13,8371.36
513500.0,2837500.0,57.1345,25.65514,32,131.54,424.4
477500.0,2760500.0,56.7771,24.95967,32,9.8,24990.22
476500.0,2811500.0,56.76632,25.42022,32,96.06,585.79
481500.0,2849500.0,56.81551,25.76344,32,89.71,7.98
525500.0,2716500.0,57.25182,24.56224,32,40.1,6229.97
504500.0,2843500.0,57.04486,25.70937,32,8.79,5771.98
504500.0,2846500.0,57.04487,25.73646,32,33.66,43224.32
529500.0,2822500.0,57.29359,25.51945,32,48.86,6722.82
585500.0,2805500.0,57.84979,25.36377,32,48.92,4447.19
517500.0,2722500.0,57.17289,24.61654,32,175.12,486.6
504500.0,2752500.0,57.04455,24.88758,32,97.87,41558.21
501500.0,2752500.0,57.01485,24.88758,32,90.79,680.14
549500.0,2805500.0,57.492,25.3654,32,57.13,82395.14
620500.0,2737500.0,58.19166,24.74737,32,150.97,768.34
570500.0,2734500.0,57.69708,24.7234,32,49.54,191641.01
572500.0,2732500.0,57.71675,24.70524,32,49.05,616398.05
547500.0,2733500.0,57.46964,24.71525,32,56.8,109214.74
466500.0,2840500.0,56.66616,25.68191,32,171.26,27877.28
469500.0,2805500.0,56.69685,25.36591,31,90.48,83.53
450500.0,2792500.0,56.50848,25.248,31,90.72,2.15
448500.0,2805500.0,56.48812,25.36533,31,143.4,3.16
462500.0,2710500.0,56.62984,24.50781,31,101.04,2.83
473500.0,2784500.0,56.73701,25.17634,31,102.63,5.03
461500.0,2784500.0,56.61793,25.17608,31,168.56,647.81
457500.0,2786500.0,56.57817,25.19404,31,175.06,16.79
519500.0,2743500.0,57.19294,24.80618,31,138.71,2438.12
567500.0,2783500.0,57.66981,25.16603,31,22.73,1511.1
461500.0,2757500.0,56.61868,24.93225,31,174.59,1577.34
472500.0,2814500.0,56.72648,25.44724,31,103.52,8.37
447500.0,2778500.0,56.47922,25.12148,31,89.88,15382.65
471500.0,2852500.0,56.71572,25.79037,31,3.77,7474.68
534500.0,2722500.0,57.34084,24.61625,31,78.05,4728.37
519500.0,2722500.0,57.19265,24.61652,31,50.56,375.89
467500.0,2859500.0,56.67565,25.8535,31,98.86,91.61
453500.0,2807500.0,56.53775,25.38356,30,35.02,3.35
451500.0,2807500.0,56.51787,25.38349,30,32.27,1.46
453500.0,2804500.0,56.53785,25.35647,30,153.37,5.38
601500.0,2741500.0,58.00407,24.78487,30,84.52,13903.82
458500.0,2743500.0,56.58939,24.80574,30,21.92,42.9
470500.0,2814500.0,56.70659,25.4472,30,167.06,851.88
500500.0,2761500.0,57.00495,24.96886,30,14.21,94.56
444500.0,2809500.0,56.4482,25.40131,30,59.51,5.41
457500.0,2772500.0,56.5786,25.06761,30,162.95,42708.93
497500.0,2867500.0,56.97504,25.9261,30,112.16,386.84
455500.0,2804500.0,56.55773,25.35653,30,5.81,6.84
469500.0,2719500.0,56.69874,24.58924,30,75.77,6.96
481500.0,2721500.0,56.81724,24.6075,30,149.89,1074.09
481500.0,2722500.0,56.81723,24.61653,30,151.11,1006.9
472500.0,2748500.0,56.72781,24.85121,30,146.3,191.44
473500.0,2793500.0,56.73684,25.25762,30,69.73,139.98
494500.0,2817500.0,56.94528,25.47458,30,26.72,1.84
476500.0,2860500.0,56.76545,25.8627,30,162.13,14608.28
528500.0,2717500.0,57.28146,24.57122,30,157.35,2098.52
508500.0,2796500.0,57.08443,25.28492,30,65.24,48201.2
546500.0,2820500.0,57.4627,25.50095,30,80.43,177.98
531500.0,2843500.0,57.31399,25.70904,30,96.07,7.96
545500.0,2828500.0,57.45302,25.57322,30,26.7,5.43
568500.0,2803500.0,57.68074,25.34659,30,103.05,26.92
615500.0,2744500.0,58.1428,24.81097,30,162.35,27273.56
615500.0,2809500.0,58.14826,25.39786,30,39.28,4566.1
451500.0,2746500.0,56.52002,24.83262,30,164.6,2018.16
479500.0,2838500.0,56.79574,25.66408,30,114.03,6.96
622500.0,2726500.0,58.21047,24.64789,30,41.36,30402.33
487500.0,2793500.0,56.87587,25.2578,30,48.07,657.68
459500.0,2824500.0,56.59688,25.53725,30,69.25,3747.36
480500.0,2849500.0,56.80554,25.76343,30,103.96,4600.47
547500.0,2828500.0,57.47293,25.57316,30,168.73,8.31
462500.0,2822500.0,56.6268,25.51927,30,169.37,8671.05
518500.0,2845500.0,57.18443,25.72732,30,36.64,860.19
493500.0,2749500.0,56.93566,24.86047,30,115.61,84.55
522500.0,2755500.0,57.22282,24.91451,30,156.75,22567.62
521500.0,2755500.0,57.21291,24.91452,30,157.5,8687.98
567500.0,2829500.0,57.6721,25.58141,30,165.64,48.04
609500.0,2756500.0,58.08438,24.91976,30,72.29,181848.33
652500.0,2732500.0,58.50749,24.69938,30,68.75,19501.57
492500.0,2718500.0,56.92593,24.5805,30,166.94,18772.85
471500.0,2812500.0,56.71658,25.42916,30,90.13,1590.35
474500.0,2794500.0,56.74675,25.26667,30,15.66,3797.87
465500.0,2831500.0,56.65642,25.60061,30,179.12,1452.43
491500.0,2827500.0,56.91538,25.56487,30,117.06,3007.62
475500.0,2813500.0,56.75634,25.43826,30,31.32,7.1
481500.0,2809500.0,56.81606,25.40223,30,75.13,2.48
485500.0,2838500.0,56.85552,25.66416,30,98.16,75.19
556500.0,2719500.0,57.55806,24.58851,30,53.17,109815.04
607500.0,2730500.0,58.06258,24.68513,30,65.79,1657.94
450500.0,2736500.0,56.51048,24.74228,30,74.07,914.62
475500.0,2788500.0,56.75679,25.2125,30,1.6,238082.69
636500.0,2767500.0,58.3528,25.01689,30,170.65,377.81
482500.0,2778500.0,56.82641,25.12229,30,55.52,97.91
481500.0,2812500.0,56.81602,25.42932,30,90.77,12.61
471500.0,2827500.0,56.71626,25.56462,30,68.22,58.43
527500.0,2770500.0,57.27263,25.04989,30,34.96,251.79
537500.0,2818500.0,57.37309,25.48315,30,164.76,1057.01
515500.0,2836500.0,57.15442,25.64609,30,35.86,375.18
592500.0,2744500.0,57.91525,24.81253,30,129.98,3319.99
584500.0,2806500.0,57.83992,25.37286,30,169.85,35.13
582500.0,2824500.0,57.82114,25.5355,30,163.8,1015.46
488500.0,2778500.0,56.88592,25.12235,30,9.97,1507.25
486500.0,2824500.0,56.86563,25.53774,30,14.81,826.23
483500.0,2853500.0,56.83541,25.79959,30,58.36,2527.7
508500.0,2737500.0,57.08407,24.75209,30,42.08,814.16
505500.0,2843500.0,57.05482,25.70937,30,93.55,3698.21
557500.0,2823500.0,57.57228,25.52765,30,69.92,94052.78
617500.0,2746500.0,58.16275,24.82887,30,62.5,249067.21
480500.0,2833500.0,56.80577,25.61895,30,120.61,21.42
507500.0,2791500.0,57.07447,25.23977,30,47.76,155419.69
502500.0,2796500.0,57.02483,25.28494,30,48.06,355659.78
553500.0,2755500.0,57.5298,24.91373,30,63.36,37695.6
566500.0,2765500.0,57.65901,25.00353,30,147.33,5241.97
467500.0,2858500.0,56.67568,25.84447,30,96.72,46.76
550500.0,2737500.0,57.49944,24.75128,30,168.18,5.22
573500.0,2731500.0,57.72658,24.69617,30,48.79,422434.31
552500.0,2729500.0,57.51892,24.67896,30,57.14,129634.5
633500.0,2758500.0,58.3222,24.9359,30,72.44,477851.7
472500.0,2819500.0,56.72638,25.49239,29,162.56,4445.9
523500.0,2718500.0,57.2321,24.58034,29,98.87,4.42
440500.0,2793500.0,56.40914,25.25667,29,175.72,975.71
461500.0,2785500.0,56.6179,25.18511,29,170.0,3478.1
508500.0,2730500.0,57.08402,24.68887,29,136.39,1353.13
639500.0,2721500.0,58.37792,24.6013,29,151.4,29.12
476500.0,2798500.0,56.76654,25.30282,29,98.14,321.38
477500.0,2868500.0,56.7753,25.93496,29,95.53,120.48
471500.0,2845500.0,56.71588,25.72716,29,90.72,7728.45
580500.0,2786500.0,57.79898,25.19248,29,144.51,62.73
577500.0,2740500.0,57.76662,24.77724,29,159.59,12.08
543500.0,2828500.0,57.43311,25.57328,29,64.83,5681.4
472500.0,2830500.0,56.72615,25.59173,29,66.07,24.57
554500.0,2717500.0,57.53823,24.57052,29,154.37,32434.74
473500.0,2804500.0,56.73662,25.35696,28,76.92,951.32
438500.0,2791500.0,56.38937,25.23853,28,56.93,16.38
461500.0,2789500.0,56.61779,25.22124,28,11.39,10.45
465500.0,2784500.0,56.65762,25.17618,28,53.01,54.71
476500.0,2848500.0,56.76567,25.75434,28,85.79,173.9
467500.0,2784500.0,56.67747,25.17622,28,154.62,40.32
463500.0,2786500.0,56.63772,25.19419,28,143.3,124.34
471500.0,2799500.0,56.71685,25.31177,28,72.7,5.33
470500.0,2819500.0,56.70648,25.49236,28,174.78,990.74
470500.0,2820500.0,56.70646,25.50139,28,89.96,37.98
527500.0,2823500.0,57.2737,25.52852,28,133.83,31.15
444500.0,2779500.0,56.44943,25.1304,28,87.33,1945.67
452500.0,2786500.0,56.52854,25.19389,28,48.24,12.93
476500.0,2778500.0,56.76689,25.12221,28,109.61,41566.12
456500.0,2770500.0,56.56875,25.04952,28,2.7,195.22
465500.0,2854500.0,56.65583,25.8083,28,85.61,394.46
468500.0,2821500.0,56.68653,25.51038,28,176.47,2890.79
535500.0,2779500.0,57.35217,25.131,28,60.3,135700.81
454500.0,2786500.0,56.54839,25.19395,28,97.1,2.95
481500.0,2864500.0,56.8153,25.89889,28,98.97,565.11
490500.0,2742500.0,56.90601,24.79724,28,131.72,6.34
485500.0,2790500.0,56.85604,25.23069,28,98.9,634.3
467500.0,2818500.0,56.67665,25.48326,28,2.47,40385.25
473500.0,2836500.0,56.73599,25.64593,28,175.31,9557.62
549500.0,2819500.0,57.49251,25.49182,28,56.72,158.39
558500.0,2725500.0,57.57806,24.64262,28,58.5,75847.12
605500.0,2756500.0,58.04478,24.92005,28,64.2,113880.0
607500.0,2741500.0,58.06342,24.78446,28,39.27,199623.45
475500.0,2804500.0,56.7565,25.35699,28,49.51,2.94
474500.0,2844500.0,56.7458,25.71819,28,87.73,2979.12
526500.0,2836500.0,57.26401,25.64593,28,47.34,2853.59
617500.0,2743500.0,58.1625,24.80178,28,74.11,36281.95
626500.0,2810500.0,58.2577,25.406,28,21.13,342.09
453500.0,2758500.0,56.53941,24.94106,28,165.44,4706.61
524500.0,2747500.0,57.24248,24.84223,28,61.85,4750.39
504500.0,2798500.0,57.0447,25.303,28,65.12,242730.15
503500.0,2794500.0,57.03476,25.26688,28,105.48,23.31
626500.0,2722500.0,58.24963,24.61145,28,140.4,259.65
562500.0,2745500.0,57.61848,24.82308,28,28.44,227.08
528500.0,2849500.0,57.28421,25.76328,28,55.2,8.23
477500.0,2836500.0,56.77584,25.64599,28,1.63,1024.24
471500.0,2797500.0,56.71689,25.2937,28,172.53,756.16
478500.0,2762500.0,56.78698,24.97774,28,40.83,9325.14
490500.0,2784500.0,56.90572,25.17655,28,69.53,507.21
455500.0,2780500.0,56.55851,25.13979,28,166.95,4.4
466500.0,2818500.0,56.66671,25.48324,28,170.57,318252.06
482500.0,2833500.0,56.82569,25.61897,28,7.46,10983.44
520500.0,2756500.0,57.20303,24.92357,28,61.48,406350.69
542500.0,2738500.0,57.42036,24.76055,28,59.02,55996.48
610500.0,2725500.0,58.09183,24.63977,28,65.49,6181.14
608500.0,2810500.0,58.07876,25.40742,28,76.11,12745.15
607500.0,2811500.0,58.0689,25.41652,28,75.28,22735.21
454500.0,2753500.0,56.54948,24.89593,28,157.92,5592.66
487500.0,2789500.0,56.8759,25.22168,28,171.83,9.84
490500.0,2829500.0,56.90541,25.58292,28,114.38,5858.05
582500.0,2730500.0,57.81549,24.68668,28,149.03,2897.29
582500.0,2729500.0,57.81543,24.67765,28,55.57,55711.16
631500.0,2756500.0,58.30221,24.91802,28,78.03,25336.84
468500.0,2737500.0,56.68846,24.75179,28,173.68,524036.81
514500.0,2752500.0,57.14356,24.88751,28,54.74,62055.82
552500.0,2766500.0,57.52032,25.01311,28,73.13,46590.92
648500.0,2745500.0,58.46934,24.81714,28,154.21,1788.07
443500.0,2789500.0,56.43909,25.22067,28,123.17,777.33
489500.0,2799500.0,56.89568,25.312,28,139.08,630.79
567500.0,2722500.0,57.66684,24.61516,28,155.11,1682.34
645500.0,2747500.0,58.43987,24.83549,28,66.13,10056.43
489500.0,2788500.0,56.89577,25.21266,28,132.95,3143.3
459500.0,2797500.0,56.59769,25.29343,28,174.91,6064.25
464500.0,2820500.0,56.64676,25.50126,28,174.09,11884.67
653500.0,2719500.0,58.51596,24.58192,28,89.28,153684.98
447500.0,2799500.0,56.47842,25.31112,28,92.65,127863.09
486500.0,2736500.0,56.86649,24.74302,28,92.93,49306.87
462500.0,2809500.0,56.62716,25.40187,28,168.43,1075.4
465500.0,2839500.0,56.65622,25.67285,28,174.9,3749.09
582500.0,2731500.0,57.81555,24.69571,28,165.64,114.23
477500.0,2759500.0,56.77712,24.95063,28,11.5,16178.07
499500.0,2755500.0,56.99505,24.91468,28,16.8,3522.4
488500.0,2777500.0,56.88593,25.11332,28,97.08,8.62
485500.0,2827500.0,56.85564,25.56482,28,121.76,248.12
489500.0,2829500.0,56.89545,25.58292,28,15.27,25118.59
504500.0,2844500.0,57.04486,25.7184,28,177.14,14389.69
533500.0,2826500.0,57.33349,25.55548,28,39.16,46108.9
546500.0,2828500.0,57.46298,25.57319,28,166.17,285.29
586500.0,2804500.0,57.85967,25.35468,28,48.31,24717.02
586500.0,2805500.0,57.85973,25.36371,28,48.41,8044.0
569500.0,2799500.0,57.69047,25.31042,28,9.16,8.78
559500.0,2822500.0,57.59214,25.51855,28,69.97,187544.24
602500.0,2786500.0,58.0173,25.19114,28,52.82,570828.91
492500.0,2762500.0,56.92569,24.97788,28,33.04,244449.63
490500.0,2766500.0,56.90585,25.01399,28,29.77,104139.7
469500.0,2807500.0,56.6968,25.38397,28,103.4,4.57
453500.0,2811500.0,56.53761,25.41968,28,139.36,21493.95
486500.0,2823500.0,56.86564,25.52871,28,16.75,761.1
469500.0,2861500.0,56.69557,25.8716,28,91.31,2314.83
523500.0,2719500.0,57.23212,24.58937,28,35.24,4482.33
500500.0,2751500.0,57.00495,24.87855,28,15.49,12543.58
500500.0,2750500.0,57.00495,24.86952,28,14.86,4909.75
505500.0,2844500.0,57.05483,25.7184,28,7.69,437.97
591500.0,2760500.0,57.90641,24.95707,28,69.31,20886.35
560500.0,2822500.0,57.60209,25.5185,28,69.52,237502.67
619500.0,2738500.0,58.18185,24.75648,28,152.27,234.47
571500.0,2729500.0,57.70671,24.6782,28,62.68,13131.72
489500.0,2839500.0,56.89537,25.67322,28,140.96,446.88
569500.0,2725500.0,57.68675,24.64217,28,137.92,1084.53
578500.0,2757500.0,57.77747,24.93071,28,54.75,9765.63
473500.0,2805500.0,56.7366,25.36599,27,106.41,7.88
475500.0,2867500.0,56.75534,25.92589,27,13.79,979.54
436500.0,2823500.0,56.36801,25.52741,27,174.19,10.87
598500.0,2728500.0,57.97349,24.66768,27,74.05,4547.54
480500.0,2766500.0,56.80674,25.01389,27,134.87,1431.13
469500.0,2797500.0,56.69703,25.29367,27,129.83,37266.47
463500.0,2792500.0,56.63756,25.24838,27,10.84,15.45
476500.0,2780500.0,56.76685,25.14027,27,21.84,5933.69
477500.0,2783500.0,56.77673,25.16738,27,131.59,193.99
463500.0,2708500.0,56.63977,24.48977,27,76.51,1.77
462500.0,2715500.0,56.62971,24.55296,27,0.43,147.68
450500.0,2801500.0,56.50815,25.32928,27,5.07,11.31
464500.0,2721500.0,56.64931,24.6072,27,85.13,6.28
469500.0,2822500.0,56.69646,25.51943,27,176.64,39073.69
489500.0,2747500.0,56.89608,24.84239,27,118.45,1518.44
502500.0,2727500.0,57.02471,24.6618,27,136.8,7811.83
509500.0,2796500.0,57.09436,25.28492,27,137.12,1864.59
485500.0,2835500.0,56.85555,25.63707,27,3.5,10647.21
522500.0,2720500.0,57.22225,24.59841,27,126.43,1091.6
487500.0,2754500.0,56.87622,24.90559,27,34.38,720.18
494500.0,2788500.0,56.9454,25.21269,27,79.24,1018.87
453500.0,2803500.0,56.53789,25.34744,27,171.77,20.01
471500.0,2810500.0,56.71662,25.4111,27,89.13,14.52
489500.0,2828500.0,56.89546,25.57389,27,22.25,8602.42
477500.0,2838500.0,56.77581,25.66406,27,178.3,2234.23
530500.0,2821500.0,57.30352,25.5104,27,49.06,1042.3
564500.0,2767500.0,57.63929,25.02168,27,146.05,23.16
477500.0,2825500.0,56.77603,25.54666,27,91.64,487.35
471500.0,2791500.0,56.71702,25.23952,27,17.28,9.41
489500.0,2797500.0,56.8957,25.29394,27,2.05,413.24
476500.0,2817500.0,56.76621,25.4744,27,179.53,1599.48
452500.0,2781500.0,56.52872,25.14873,26,149.04,3.26
458500.0,2798500.0,56.58773,25.30243,26,97.09,3.11
455500.0,2810500.0,56.55753,25.41071,26,16.41,49.68
511500.0,2718500.0,57.11358,24.58047,26,82.25,1428.39
512500.0,2774500.0,57.12396,25.08621,26,46.54,735.02
470500.0,2834500.0,56.70615,25.62781,26,91.85,33.95
470500.0,2833500.0,56.70617,25.61878,26,0.88,9609.0
475500.0,2782500.0,56.7569,25.15831,26,90.12,3398.93
485500.0,2840500.0,56.8555,25.68222,26,101.27,78.02
509500.0,2778500.0,57.09424,25.12236,26,57.55,1160898.51
447500.0,2781500.0,56.47911,25.14857,26,5.77,22.06
482500.0,2764500.0,56.82658,24.99586,26,46.99,25475.78
471500.0,2806500.0,56.7167,25.37498,26,66.9,2.02
558500.0,2717500.0,57.57773,24.57038,26,145.88,10679.0
473500.0,2833500.0,56.73605,25.61884,26,82.47,118.39
440500.0,2786500.0,56.40944,25.19346,26,129.68,19483.93
480500.0,2856500.0,56.80544,25.82664,26,4.63,5323.05
465500.0,2853500.0,56.65585,25.79927,26,88.08,3820.66
462500.0,2719500.0,56.6296,24.58909,26,178.66,7363.22
467500.0,2805500.0,56.67697,25.36587,26,161.75,5.94
474500.0,2760500.0,56.74738,24.95962,26,94.73,2080.78
481500.0,2778500.0,56.81649,25.12228,26,31.58,27570.01
456500.0,2780500.0,56.56843,25.13982,26,15.69,2.1
475500.0,2810500.0,56.75639,25.41117,26,51.99,56.24
475500.0,2838500.0,56.75588,25.66402,26,5.71,18566.86
474500.0,2719500.0,56.74813,24.58934,26,84.15,1.72
459500.0,2796500.0,56.59772,25.2844,26,125.02,12921.97
493500.0,2852500.0,56.93516,25.79064,26,79.71,105.29
503500.0,2721500.0,57.03458,24.60761,26,31.78,105093.26
529500.0,2735500.0,57.29171,24.73377,26,176.53,161561.98
529500.0,2736500.0,57.29174,24.7428,26,178.52,12826.25
504500.0,2767500.0,57.0446,25.02304,26,46.35,3670.38
597500.0,2735500.0,57.96409,24.73095,26,54.55,7155.65
566500.0,2785500.0,57.65998,25.18414,26,48.1,26959.15
586500.0,2819500.0,57.86063,25.49013,26,39.54,1523.61
638500.0,2797500.0,58.37565,25.28756,26,171.53,5610.11
451500.0,2747500.0,56.51999,24.84166,26,167.46,18269.79
462500.0,2791500.0,56.62766,25.23932,26,45.05,9.4
457500.0,2793500.0,56.57795,25.25725,26,24.02,1.84
479500.0,2839500.0,56.79572,25.67311,26,92.66,824.16
475500.0,2846500.0,56.75573,25.73626,26,0.34,726.16
506500.0,2716500.0,57.06419,24.56244,26,37.61,42932.99
505500.0,2798500.0,57.05464,25.303,26,65.02,47607.52
531500.0,2844500.0,57.31401,25.71807,26,47.7,15.42
523500.0,2838500.0,57.23416,25.66404,26,48.75,647.82
562500.0,2762500.0,57.61924,24.97661,26,75.86,10954.85
449500.0,2778500.0,56.49906,25.12154,26,173.55,9336.64
461500.0,2801500.0,56.61745,25.3296,26,87.91,836.7
593500.0,2664500.0,57.91989,24.09003,26,154.33,8491.12
468500.0,2810500.0,56.68679,25.41104,26,82.15,8.42
499500.0,2840500.0,56.99502,25.68229,26,110.66,5.95
540500.0,2739500.0,57.4006,24.76964,26,58.55,21835.04
602500.0,2791500.0,58.01768,25.23629,26,78.3,4674.16
446500.0,2810500.0,56.46805,25.41041,26,159.42,2.46
493500.0,2748500.0,56.93566,24.85144,26,115.59,112.69
450500.0,2740500.0,56.51034,24.77841,26,160.05,19750.25
475500.0,2772500.0,56.75708,25.06801,26,42.27,109870.93
466500.0,2814500.0,56.66681,25.44712,26,169.99,131156.66
496500.0,2823500.0,56.96516,25.52877,26,51.55,129856.6
492500.0,2827500.0,56.92533,25.56487,26,37.18,2936.87
530500.0,2757500.0,57.30208,24.93243,26,10.57,1737.19
532500.0,2742500.0,57.32154,24.79692,26,144.92,152.15
501500.0,2860500.0,57.01497,25.86289,26,30.47,1914.4
509500.0,2719500.0,57.09383,24.58952,26,58.18,1072.53
537500.0,2778500.0,57.37199,25.12192,26,58.49,44993.76
505500.0,2865500.0,57.05491,25.90803,26,36.25,9055.92
612500.0,2797500.0,58.11745,25.28974,26,85.2,28684.15
483500.0,2752500.0,56.83664,24.88749,26,136.09,38358.29
459500.0,2793500.0,56.59781,25.25731,26,114.97,11402.21
469500.0,2847500.0,56.69589,25.74518,26,8.26,20694.5
468500.0,2848500.0,56.6859,25.75419,26,8.75,20173.26
554500.0,2766500.0,57.54014,25.01304,26,159.82,112.12
476500.0,2757500.0,56.76725,24.93256,26,21.19,5.83
480500.0,2826500.0,56.80588,25.55573,26,9.16,9327.05
477500.0,2828500.0,56.77598,25.57375,26,86.58,213.41
486500.0,2855500.0,56.86531,25.81768,26,14.6,623986.19
593500.0,2742500.0,57.92501,24.79441,26,39.56,6783.25
563500.0,2790500.0,57.63044,25.22942,26,56.88,168337.36
496500.0,2716500.0,56.96544,24.56245,26,160.74,7684.53
477500.0,2758500.0,56.77713,24.9416,26,160.89,5743.51
473500.0,2766500.0,56.73736,25.01379,26,179.01,3641.88
577500.0,2733500.0,57.76623,24.71403,26,58.96,13196.29
575500.0,2734500.0,57.74652,24.72316,26,54.74,21647.44
464500.0,2726500.0,56.64918,24.65236,26,53.16,1146.58
490500.0,2765500.0,56.90585,25.00496,26,29.05,282950.82
463500.0,2797500.0,56.63743,25.29353,26,57.5,1280.41
505500.0,2826500.0,57.05475,25.55585,26,46.99,1508.41
465500.0,2725500.0,56.65909,24.64335,26,52.35,4179.96
478500.0,2811500.0,56.78621,25.42025,26,101.63,126.03
456500.0,2814500.0,56.56735,25.44686,26,140.13,16668.12
490500.0,2830500.0,56.9054,25.59195,26,17.95,29304.84
507500.0,2738500.0,57.07418,24.76113,26,50.46,28762.08
554500.0,2754500.0,57.53967,24.90467,26,29.83,4545.75
554500.0,2728500.0,57.53865,24.66986,26,60.39,12687.46
494500.0,2740500.0,56.94559,24.7792,26,30.16,168469.96
466500.0,2841500.0,56.66613,25.69094,26,171.56,96174.16
544500.0,2745500.0,57.44036,24.82372,26,55.66,164183.5
510500.0,2794500.0,57.10428,25.26685,26,61.64,8932.4
472500.0,2799500.0,56.72679,25.31178,26,91.33,3753.81
469500.0,2860500.0,56.69559,25.86257,25,94.16,3956.94
473500.0,2849500.0,56.73573,25.76332,25,96.24,1267.13
475500.0,2781500.0,56.75691,25.14928,25,89.73,8311.26
474500.0,2826500.0,56.74615,25.55564,25,177.05,243.3
480500.0,2861500.0,56.80536,25.87179,25,106.89,2676.64
509500.0,2779500.0,57.09424,25.13139,25,57.76,57333.88
453500.0,2796500.0,56.53813,25.28422,25,99.81,5.23
485500.0,2834500.0,56.85556,25.62803,25,26.85,10.4
443500.0,2868500.0,56.43576,25.93403,25,18.15,2.97
476500.0,2776500.0,56.76692,25.10415,25,31.35,39.48
446500.0,2807500.0,56.46817,25.38332,25,28.3,4.15
469500.0,2757500.0,56.69792,24.93243,25,76.88,366.89
476500.0,2787500.0,56.76673,25.20348,25,23.16,3.13
481500.0,2775500.0,56.81653,25.09518,25,128.76,60.24
453500.0,2739500.0,56.54005,24.76947,25,79.43,414.05
462500.0,2785500.0,56.62782,25.18514,25,124.17,4.5
509500.0,2860500.0,57.09482,25.86286,25,29.86,6128.24
456500.0,2781500.0,56.5684,25.14885,25,141.42,7.06
484500.0,2779500.0,56.84623,25.13134,25,27.05,8.69
513500.0,2726500.0,57.13341,24.65271,25,138.3,415.88
485500.0,2758500.0,56.85637,24.9417,25,22.72,107.36
471500.0,2830500.0,56.7162,25.59171,25,76.98,223.21
490500.0,2832500.0,56.90538,25.61001,25,123.03,75778.86
474500.0,2853500.0,56.74563,25.79946,25,92.61,943.01
519500.0,2831500.0,57.1942,25.60089,25,38.96,9051.59
522500.0,2839500.0,57.22421,25.67309,25,39.73,2367.09
468500.0,2817500.0,56.68663,25.47425,25,169.27,1197.02
478500.0,2777500.0,56.78674,25.11321,25,24.73,2201.21
474500.0,2720500.0,56.74811,24.59837,25,0.02,2.24
477500.0,2835500.0,56.77586,25.63696,25,160.88,559.07
505500.0,2781500.0,57.05457,25.14947,25,123.55,2.42
566500.0,2827500.0,57.66205,25.5634,25,157.9,3.84
629500.0,2772500.0,58.28391,25.06265,25,156.42,598.38
443500.0,2796500.0,56.4388,25.28388,25,167.58,890.64
643500.0,2658500.0,58.41111,24.0321,25,147.79,2.36
471500.0,2796500.0,56.71691,25.28467,25,172.85,485.3
554500.0,2693500.0,57.53731,24.35377,25,43.78,3.89
463500.0,2741500.0,56.63891,24.7878,25,178.36,3169.36
575500.0,2830500.0,57.75181,25.59005,25,171.27,332.54
577500.0,2757500.0,57.76757,24.93076,25,157.08,8.53
553500.0,2811500.0,57.53199,25.41944,25,143.48,42593.19
555500.0,2819500.0,57.55221,25.49161,25,110.85,3.3
455500.0,2782500.0,56.55845,25.15786,25,130.2,137.53
436500.0,2806500.0,56.36881,25.3739,24,48.29,13.68
459500.0,2778500.0,56.59826,25.12185,24,3.1,15.7
457500.0,2808500.0,56.57748,25.39271,24,89.76,1.26
450500.0,2805500.0,56.508,25.3654,24,20.06,1.61
456500.0,2778500.0,56.5685,25.12176,24,2.11,386.34
452500.0,2805500.0,56.52788,25.36546,24,75.62,27.29
452500.0,2791500.0,56.52837,25.23904,24,61.61,7.86
479500.0,2766500.0,56.79683,25.01388,24,22.09,6394.26
472500.0,2775500.0,56.72727,25.09505,24,44.38,1650.43
473500.0,2774500.0,56.73721,25.08603,24,44.35,19892.19
455500.0,2807500.0,56.55763,25.38362,24,46.15,2.77
471500.0,2800500.0,56.71683,25.3208,24,133.78,5.67
487500.0,2841500.0,56.87542,25.69126,24,10.13,689.39
471500.0,2786500.0,56.71712,25.19437,24,141.12,10.62
463500.0,2801500.0,56.63732,25.32965,24,141.07,2.02
459500.0,2786500.0,56.59802,25.19409,24,31.24,12.88
498500.0,2864500.0,56.98502,25.89901,24,114.84,5014.48
504500.0,2771500.0,57.04462,25.05917,24,35.09,891.98
443500.0,2869500.0,56.43572,25.94306,24,67.77,5.94
464500.0,2790500.0,56.64754,25.23034,24,167.03,1775.83
449500.0,2796500.0,56.4984,25.28409,24,43.34,2.52
471500.0,2811500.0,56.7166,25.42013,24,88.32,17.72
474500.0,2726500.0,56.748,24.65256,24,57.49,2797.75
462500.0,2769500.0,56.62826,25.04065,24,179.14,13302.26
468500.0,2812500.0,56.68674,25.4291,24,150.35,14194.16
472500.0,2833500.0,56.72609,25.61882,24,85.69,180.29
462500.0,2728500.0,56.62937,24.67037,24,173.71,2536.18
485500.0,2774500.0,56.85621,25.0862,24,46.9,6220.49
444500.0,2803500.0,56.44845,25.34713,24,169.87,241.22
488500.0,2772500.0,56.88597,25.06816,24,27.72,1089611.61
470500.0,2827500.0,56.7063,25.5646,24,83.78,37.91
503500.0,2754500.0,57.03466,24.90564,24,58.05,1330.46
509500.0,2783500.0,57.09427,25.16752,24,53.68,313612.86
518500.0,2793500.0,57.18372,25.25774,24,59.16,119887.71
519500.0,2797500.0,57.19371,25.29385,24,35.85,541716.86
584500.0,2739500.0,57.8358,24.76784,24,163.81,55.19
589500.0,2762500.0,57.88673,24.97525,24,79.62,8536.03
636500.0,2727500.0,58.34888,24.65574,24,81.16,100027.34
635500.0,2727500.0,58.339,24.65583,24,81.45,116897.48
619500.0,2800500.0,58.18723,25.31629,24,56.41,782878.4
469500.0,2821500.0,56.69648,25.5104,24,178.63,3262.44
477500.0,2867500.0,56.77532,25.92593,24,90.44,56.87
501500.0,2728500.0,57.01483,24.67083,24,136.87,1502.21
483500.0,2765500.0,56.83648,25.0049,24,152.35,908.9
483500.0,2804500.0,56.83601,25.3571,24,31.83,5400.26
470500.0,2793500.0,56.70705,25.25756,24,80.05,3410.97
466500.0,2858500.0,56.6657,25.84445,24,82.78,1346.33
504500.0,2791500.0,57.04468,25.23979,24,100.48,7575.19
504500.0,2792500.0,57.04468,25.24882,24,100.36,10400.46
538500.0,2827500.0,57.3833,25.56439,24,26.95,111.02
581500.0,2750500.0,57.80677,24.86734,24,59.95,625951.75
566500.0,2784500.0,57.65993,25.1751,24,43.68,9863.92
582500.0,2793500.0,57.81925,25.25558,24,3.17,2122.51
499500.0,2729500.0,56.99506,24.67986,24,43.8,236883.21
454500.0,2760500.0,56.54925,24.95915,24,163.5,39755.36
457500.0,2797500.0,56.57783,25.29337,24,47.6,1093.62
450500.0,2809500.0,56.50785,25.40152,24,36.65,1.68
460500.0,2799500.0,56.60757,25.31152,24,104.23,7.32
463500.0,2826500.0,56.63664,25.55541,24,61.27,1013.12
556500.0,2738500.0,57.55882,24.7601,24,52.99,60577.2
584500.0,2791500.0,57.83898,25.23741,24,55.01,557.71
565500.0,2786500.0,57.65011,25.19321,24,45.59,184032.7
569500.0,2782500.0,57.6896,25.15691,24,47.32,1937.56
480500.0,2804500.0,56.80619,25.35706,24,8.0,5852.03
476500.0,2859500.0,56.76547,25.85367,24,5.65,484.18
472500.0,2852500.0,56.7257,25.79039,24,98.41,699.29
666500.0,2685500.0,58.64033,24.27361,24,46.8,1346.33
481500.0,2848500.0,56.81553,25.75441,24,103.75,3130.07
454500.0,2752500.0,56.54952,24.8869,24,163.98,8057.13
486500.0,2795500.0,56.86592,25.27585,24,90.05,7.25
464500.0,2804500.0,56.64718,25.35677,24,166.94,15391.4
511500.0,2729500.0,57.11367,24.67982,24,39.16,297679.77
498500.0,2717500.0,56.98519,24.57148,24,83.05,351096.46
451500.0,2743500.0,56.52013,24.80553,24,171.52,4354.08
450500.0,2742500.0,56.51027,24.79647,24,159.59,10824.69
480500.0,2786500.0,56.80645,25.19451,24,114.49,155.88
466500.0,2815500.0,56.66678,25.45615,24,170.28,286715.33
465500.0,2805500.0,56.65709,25.36582,24,41.59,157.01
475500.0,2842500.0,56.75581,25.70014,24,170.91,7408.95
512500.0,2727500.0,57.12354,24.66175,24,135.63,49509.87
518500.0,2757500.0,57.18323,24.93263,24,61.83,340256.75
651500.0,2724500.0,58.49675,24.62726,24,154.82,63.68
467500.0,2770500.0,56.6778,25.04979,24,33.41,660011.92
471500.0,2807500.0,56.71668,25.38401,24,178.23,29231.58
480500.0,2809500.0,56.80612,25.40222,24,126.17,149299.37
485500.0,2800500.0,56.85593,25.321,24,4.09,51749.26
475500.0,2814500.0,56.75632,25.4473,24,148.94,60.13
558500.0,2718500.0,57.57777,24.57941,24,53.34,183608.48
551500.0,2767500.0,57.51044,25.02217,24,74.3,36422.86
639500.0,2767500.0,58.38252,25.01662,24,84.78,41621.32
620500.0,2771500.0,58.19461,25.05437,24,83.09,706.84
386500.0,2868500.0,55.86659,25.9307,24,102.05,598.22
449500.0,2736500.0,56.50059,24.74225,24,62.49,4302.62
494500.0,2801500.0,56.94535,25.33009,24,111.06,1987.71
477500.0,2843500.0,56.77572,25.70921,24,176.26,20144.22
514500.0,2725500.0,57.14328,24.64367,24,52.11,76939.15
550500.0,2767500.0,57.50053,25.02221,24,73.15,32829.84
534500.0,2826500.0,57.34345,25.55546,24,33.27,1610.23
566500.0,2723500.0,57.65701,24.62424,24,61.92,33005.38
561500.0,2730500.0,57.60792,24.68766,24,143.89,3023.23
561500.0,2731500.0,57.60796,24.69669,24,143.85,8882.23
574500.0,2719500.0,57.73583,24.58775,24,147.51,2424.98
553500.0,2823500.0,57.53247,25.5278,24,87.57,7021.4
650500.0,2744500.0,58.48902,24.80792,24,63.48,16821.79
649500.0,2745500.0,58.47923,24.81705,24,63.91,21499.21
448500.0,2799500.0,56.48835,25.31115,24,92.92,132386.41
629500.0,2720500.0,58.27908,24.59314,24,53.27,117207.31
647500.0,2732500.0,58.45808,24.69987,24,155.92,2707.84
652500.0,2719500.0,58.50608,24.58201,24,89.28,907326.19
576500.0,2733500.0,57.75635,24.71408,24,54.5,8651.99
571500.0,2737500.0,57.70712,24.75044,24,53.29,28995.47
470500.0,2790500.0,56.70711,25.23047,24,18.57,463407.25
476500.0,2785500.0,56.76677,25.18542,24,152.24,312420.06
492500.0,2815500.0,56.9254,25.45651,24,25.2,506134.96
485500.0,2824500.0,56.85567,25.53773,24,15.94,785.11
485500.0,2861500.0,56.85527,25.87185,24,177.45,18116.38
469500.0,2859500.0,56.69561,25.85354,24,0.84,102504.03
521500.0,2746500.0,57.21278,24.83324,24,42.75,21646.1
505500.0,2846500.0,57.05484,25.73646,24,30.3,49585.22
505500.0,2842500.0,57.05482,25.70034,24,9.75,19936.84
562500.0,2730500.0,57.6178,24.68762,24,58.66,7028.64
648500.0,2796500.0,58.47484,25.27757,24,77.0,3.53
476500.0,2723500.0,56.76782,24.62549,24,85.6,3885.67
478500.0,2789500.0,56.78655,25.22158,24,59.05,13516.78
454500.0,2811500.0,56.54756,25.41971,24,139.22,6974.0
475500.0,2808500.0,56.75643,25.39311,24,154.2,6908.67
512500.0,2719500.0,57.12347,24.5895,24,42.7,26520.46
549500.0,2757500.0,57.49026,24.93193,24,62.62,204705.16
519500.0,2748500.0,57.19301,24.85133,24,30.61,18930.99
508500.0,2790500.0,57.08439,25.23074,24,47.57,173121.28
516500.0,2773500.0,57.16361,25.07715,24,64.71,908.64
503500.0,2795500.0,57.03476,25.27591,24,47.74,486137.61
503500.0,2848500.0,57.0349,25.75453,24,43.64,1092.74
595500.0,2758500.0,57.94589,24.93877,24,68.93,215132.15
562500.0,2768500.0,57.61951,25.03079,24,147.06,6413.5
556500.0,2823500.0,57.56233,25.52769,24,69.74,105217.91
555500.0,2824500.0,57.55242,25.53676,24,69.78,179831.18
450500.0,2737500.0,56.51045,24.75131,24,103.22,141.87
466500.0,2812500.0,56.66686,25.42906,24,157.29,18337.13
470500.0,2839500.0,56.70604,25.67296,24,178.8,4031.15
636500.0,2729500.0,58.34907,24.6738,24,68.87,17726.14
479500.0,2819500.0,56.79603,25.49251,24,3.23,11805.53
483500.0,2825500.0,56.83575,25.54674,24,0.6,75905.31
483500.0,2821500.0,56.8358,25.51062,24,8.04,11221.86
496500.0,2728500.0,56.96541,24.67083,24,135.46,637.99
459500.0,2833500.0,56.59661,25.61852,24,178.27,103.02
452500.0,2795500.0,56.52823,25.27516,23,113.61,2.08
488500.0,2827500.0,56.88551,25.56485,23,112.71,82.43
386500.0,2865500.0,55.86685,25.90361,23,26.76,124.05
459500.0,2809500.0,56.59733,25.40179,23,167.39,2.44
511500.0,2775500.0,57.11405,25.09525,23,41.24,202.55
445500.0,2804500.0,56.45835,25.3562,23,15.56,8.28
509500.0,2770500.0,57.09418,25.05011,23,120.79,52.68
473500.0,2830500.0,56.73611,25.59175,23,78.9,30.96
477500.0,2723500.0,56.7777,24.62551,23,106.44,39.13
472500.0,2776500.0,56.72725,25.10408,23,122.7,5.7
478500.0,2842500.0,56.78571,25.70019,23,98.2,6876.73
471500.0,2828500.0,56.71624,25.57365,23,166.57,520.02
497500.0,2787500.0,56.97518,25.20367,23,47.62,4367.2
467500.0,2796500.0,56.67718,25.28459,23,13.27,1814.9
503500.0,2779500.0,57.03472,25.13142,23,150.6,361.75
488500.0,2785500.0,56.88586,25.18556,23,98.64,2138.61
615500.0,2747500.0,58.14304,24.83806,23,67.43,12137.41
535500.0,2833500.0,57.35359,25.61865,23,128.56,2.45
441500.0,2807500.0,56.41846,25.38313,23,14.8,13.99
481500.0,2844500.0,56.81558,25.71829,23,84.12,5819.72
448500.0,2792500.0,56.48862,25.24794,23,98.33,3.72
473500.0,2832500.0,56.73607,25.60981,23,87.76,44624.79
476500.0,2746500.0,56.76743,24.83321,23,100.42,1587.74
462500.0,2823500.0,56.62677,25.5283,23,170.61,6305.98
470500.0,2806500.0,56.70676,25.37496,23,81.23,9345.8
457500.0,2791500.0,56.57801,25.23919,23,129.08,1.34
474500.0,2849500.0,56.74571,25.76334,23,94.77,342.09
574500.0,2795500.0,57.73992,25.27406,23,160.78,615.65
497500.0,2776500.0,56.9752,25.10433,23,134.95,244.31
612500.0,2759500.0,58.11433,24.94663,23,160.73,4.89
446500.0,2795500.0,56.46864,25.27496,22,131.16,2.15
478500.0,2835500.0,56.78582,25.63698,22,52.5,16.93
464500.0,2785500.0,56.64767,25.18519,22,66.5,18529.67
544500.0,2729500.0,57.43985,24.67922,22,59.59,47017.91
500500.0,2825500.0,57.00498,25.54683,22,47.18,112127.57
448500.0,2791500.0,56.48865,25.23891,22,53.33,5.27
468500.0,2784500.0,56.68739,25.17625,22,67.46,9205.71
455500.0,2785500.0,56.55835,25.18495,22,172.12,2.97
476500.0,2853500.0,56.76558,25.79949,22,90.73,2300.4
479500.0,2864500.0,56.79533,25.89887,22,99.34,9777.67
509500.0,2845500.0,57.09471,25.72741,22,24.99,6768.79
445500.0,2792500.0,56.45883,25.24783,22,123.28,8.23
480500.0,2853500.0,56.80548,25.79955,22,5.82,983.92
468500.0,2866500.0,56.68547,25.91673,22,169.93,575.66
507500.0,2865500.0,57.07488,25.90802,22,29.12,2894.46
473500.0,2726500.0,56.73812,24.65254,22,96.89,100611.1
491500.0,2778500.0,56.91568,25.12237,22,174.29,23.49
451500.0,2809500.0,56.5178,25.40155,22,108.15,1.37
483500.0,2722500.0,56.83699,24.61655,22,56.76,50.4
467500.0,2775500.0,56.67768,25.09495,22,86.91,6155.06
475500.0,2794500.0,56.75668,25.26668,22,76.05,1049.74
503500.0,2854500.0,57.03492,25.80871,22,30.32,66293.58
459500.0,2799500.0,56.59763,25.31149,22,92.75,3.0
523500.0,2839500.0,57.23417,25.67307,22,41.54,10309.57
473500.0,2794500.0,56.73682,25.26665,22,2.19,8130.49
463500.0,2827500.0,56.63661,25.56444,22,135.92,14396.27
475500.0,2844500.0,56.75577,25.7182,22,1.71,183.16
543500.0,2817500.0,57.43275,25.47395,22,110.44,47.69
534500.0,2838500.0,57.34376,25.66382,22,56.16,13027.09
549500.0,2820500.0,57.49255,25.50085,22,140.3,124.04
559500.0,2762500.0,57.58952,24.97673,22,152.04,4656.14
453500.0,2794500.0,56.5382,25.26616,22,19.15,4.83
463500.0,2808500.0,56.63713,25.39287,22,37.92,2.91
480500.0,2840500.0,56.80567,25.68216,22,0.53,7597.55
529500.0,2733500.0,57.29167,24.7157,22,175.02,7433.21
500500.0,2729500.0,57.00494,24.67986,22,144.05,1.48
538500.0,2742500.0,57.3809,24.79678,22,59.68,14822.43
441500.0,2789500.0,56.41924,25.22059,22,51.72,42.41
517500.0,2719500.0,57.17285,24.58945,22,134.1,418.67
567500.0,2735500.0,57.66747,24.73256,22,48.47,13763.68
486500.0,2793500.0,56.86594,25.25779,22,128.37,70.64
511500.0,2803500.0,57.11429,25.34812,22,101.07,1689.16
630500.0,2747500.0,58.29146,24.83685,22,145.84,304.64
496500.0,2842500.0,56.96512,25.70034,22,103.92,2.77
487500.0,2792500.0,56.87588,25.24877,22,1.51,966.91
480500.0,2792500.0,56.80637,25.2487,22,25.94,1336.31
461500.0,2860500.0,56.61575,25.86238,22,179.49,259059.37
600500.0,2740500.0,57.99411,24.77591,22,103.11,889808.16
630500.0,2756500.0,58.29231,24.91811,22,79.44,20511.84
492500.0,2753500.0,56.92574,24.8966,22,13.21,57.28
451500.0,2778500.0,56.5189,25.12161,22,160.61,22.04
475500.0,2843500.0,56.75579,25.70917,22,169.27,1183.21
482500.0,2837500.0,56.82564,25.65509,22,7.64,19194.48
527500.0,2745500.0,57.27213,24.82412,22,60.57,594.57
583500.0,2729500.0,57.82531,24.67759,22,55.98,2955.88
584500.0,2746500.0,57.83622,24.83106,22,67.82,11353.17
564500.0,2768500.0,57.63934,25.03071,22,46.12,652.08
614500.0,2723500.0,58.13119,24.62142,22,66.32,5207.01
603500.0,2741500.0,58.02386,24.78474,22,73.96,234849.71
388500.0,2868500.0,55.88656,25.93085,22,96.87,15122.23
493500.0,2801500.0,56.93541,25.33009,22,113.66,2757.56
504500.0,2866500.0,57.04493,25.91706,22,38.38,22973.05
559500.0,2795500.0,57.59095,25.27473,22,77.7,3512.94
646500.0,2746500.0,58.44966,24.82637,22,65.3,17788.78
480500.0,2748500.0,56.80699,24.85133,22,137.4,8708.03
474500.0,2781500.0,56.74699,25.14927,22,46.0,195087.54
468500.0,2768500.0,56.68776,25.03175,22,42.84,3372.96
495500.0,2801500.0,56.95529,25.33009,22,114.74,401.26
512500.0,2717500.0,57.12345,24.57143,22,55.8,21781.33
548500.0,2723500.0,57.47918,24.62491,22,82.55,6733.13
508500.0,2729500.0,57.08402,24.67984,22,51.92,30651.33
542500.0,2723500.0,57.4199,24.62509,22,81.82,18851.73
512500.0,2753500.0,57.12377,24.89656,22,55.65,153599.63
549500.0,2767500.0,57.49062,25.02224,22,73.29,56086.82
552500.0,2823500.0,57.52252,25.52784,22,84.65,3827.43
609500.0,2730500.0,58.08234,24.68499,22,73.28,2591.49
602500.0,2730500.0,58.01316,24.68547,22,146.79,35334.12
601500.0,2730500.0,58.00328,24.68554,22,146.68,49253.63
492500.0,2717500.0,56.92593,24.57146,22,68.79,135373.4
493500.0,2744500.0,56.93568,24.81532,22,80.03,1693.34
475500.0,2752500.0,56.75743,24.88739,22,85.71,3.41
556500.0,2800500.0,57.56136,25.32,22,57.66,1329404.28
584500.0,2807500.0,57.83998,25.38189,22,3.73,77.73
481500.0,2852500.0,56.81547,25.79053,22,76.2,2430.02
442500.0,2792500.0,56.42904,25.24772,22,161.34,260.34
452500.0,2789500.0,56.52844,25.22098,22,116.08,10966.72
488500.0,2800500.0,56.88574,25.32102,22,13.16,141550.78
491500.0,2815500.0,56.91545,25.4565,22,21.12,31840.01
468500.0,2840500.0,56.68609,25.68195,22,71.27,3.14
485500.0,2860500.0,56.85528,25.86282,22,77.76,2786.7
575500.0,2808500.0,57.75058,25.3914,22,146.09,374.98
556500.0,2814500.0,57.56195,25.44642,22,96.9,522.94
602500.0,2743500.0,58.01411,24.80286,22,44.2,149445.26
491500.0,2816500.0,56.91544,25.46553,22,21.13,20199.26
548500.0,2731500.0,57.47946,24.69716,22,156.34,2.93
548500.0,2805500.0,57.48206,25.36543,22,56.87,329361.23
551500.0,2762500.0,57.51026,24.97702,22,71.56,2273.65
588500.0,2803500.0,57.87948,25.34553,22,49.07,3263.8
616500.0,2746500.0,58.15286,24.82895,22,62.07,361566.87
469500.0,2744500.0,56.6982,24.81503,22,149.17,3461.91
465500.0,2788500.0,56.65752,25.2123,22,71.75,259.24
467500.0,2857500.0,56.6757,25.83544,22,96.15,168.52
568500.0,2731500.0,57.67716,24.6964,22,62.2,19742.8
449500.0,2777500.0,56.4991,25.11251,22,89.83,2338.14
457500.0,2781500.0,56.57832,25.14888,22,143.35,1166.96
493500.0,2735500.0,56.93572,24.73404,22,45.55,296.68
486500.0,2782500.0,56.86604,25.15845,22,175.37,152.01
479500.0,2796500.0,56.79638,25.28481,22,9.29,29983.25
472500.0,2853500.0,56.72568,25.79942,22,4.0,3255.22
511500.0,2794500.0,57.11421,25.26684,22,59.42,700387.29
501500.0,2812500.0,57.01492,25.42944,22,34.43,36739.29
639500.0,2794500.0,58.38527,25.26038,22,163.81,8208.08
491500.0,2813500.0,56.91546,25.43844,22,23.23,1104.72
448500.0,2803500.0,56.4882,25.34727,21,13.96,2.29
469500.0,2806500.0,56.69682,25.37494,21,89.7,205.66
448500.0,2797500.0,56.48843,25.29309,21,24.34,4.07
471500.0,2823500.0,56.71634,25.5285,21,83.34,8337.24
473500.0,2825500.0,56.73621,25.5466,21,167.3,1973.86
484500.0,2843500.0,56.8455,25.7093,21,10.6,36334.73
471500.0,2798500.0,56.71687,25.30274,21,85.78,10734.49
458500.0,2784500.0,56.58815,25.176,21,1.3,35.35
468500.0,2868500.0,56.68542,25.93479,21,175.48,394.28
389500.0,2869500.0,55.89646,25.93996,21,13.72,593.38
473500.0,2819500.0,56.73633,25.49241,21,168.51,527.0
476500.0,2786500.0,56.76675,25.19445,21,30.21,1690.3
472500.0,2832500.0,56.72611,25.60979,21,79.83,243.19
512500.0,2726500.0,57.12353,24.65272,21,47.07,2187.77
478500.0,2781500.0,56.78668,25.14933,21,33.37,26398.83
497500.0,2758500.0,56.97524,24.94177,21,136.18,3621.9
464500.0,2807500.0,56.6471,25.38386,21,38.95,34.79
485500.0,2743500.0,56.85653,24.80623,21,123.05,2.87
493500.0,2796500.0,56.93544,25.28493,21,49.56,349.18
469500.0,2833500.0,56.69621,25.61876,21,83.81,992.09
480500.0,2807500.0,56.80615,25.38416,21,108.55,1629.14
525500.0,2699500.0,57.25151,24.4087,21,41.4,27969.62
536500.0,2726500.0,57.3607,24.65233,21,79.57,12.95
582500.0,2740500.0,57.81608,24.77698,21,47.97,200820.89
490500.0,2825500.0,56.90543,25.5468,21,37.79,83372.01
466500.0,2797500.0,56.66723,25.2936,21,96.08,9.74
513500.0,2733500.0,57.13348,24.71593,21,130.6,12461.76
520500.0,2803500.0,57.20373,25.34802,21,142.32,813.2
479500.0,2722500.0,56.79747,24.6165,21,158.91,27.36
488500.0,2795500.0,56.88578,25.27587,21,51.86,379.01
491500.0,2829500.0,56.91536,25.58293,21,114.73,13611.72
531500.0,2742500.0,57.31165,24.79695,21,144.16,2172.73
477500.0,2826500.0,56.77601,25.55569,21,179.3,10090.84
462500.0,2721500.0,56.62955,24.60715,21,0.42,13255.51
461500.0,2790500.0,56.61776,25.23027,20,36.93,31.56
500500.0,2776500.0,57.00496,25.10433,20,141.42,222.98
459500.0,2776500.0,56.59832,25.10378,20,53.78,156898.11
455500.0,2808500.0,56.5576,25.39265,20,69.42,4.34
507500.0,2802500.0,57.07453,25.33911,20,142.17,1557.11
486500.0,2716500.0,56.86669,24.56239,20,126.39,17.76
464500.0,2786500.0,56.64765,25.19422,20,65.32,9007.38
458500.0,2805500.0,56.58751,25.36564,20,140.26,8.69
481500.0,2845500.0,56.81557,25.72732,20,178.72,567.06
476500.0,2849500.0,56.76565,25.76337,20,86.81,1534.09
522500.0,2744500.0,57.22264,24.81517,20,98.16,664.16
444500.0,2790500.0,56.44898,25.22973,20,53.95,3.37
470500.0,2744500.0,56.7081,24.81505,20,144.99,16.91
498500.0,2865500.0,56.98502,25.90804,20,110.21,93.17
462500.0,2770500.0,56.62823,25.04968,20,3.78,5032.58
473500.0,2809500.0,56.73653,25.40211,20,31.12,6921.47
471500.0,2819500.0,56.71643,25.49238,20,92.0,292.74
436500.0,2788500.0,56.36965,25.21136,20,122.92,1.88
490500.0,2831500.0,56.90539,25.60098,20,123.55,55331.0
474500.0,2855500.0,56.74559,25.81752,20,84.62,100.6
575500.0,2724500.0,57.74598,24.63285,20,57.17,103972.09
579500.0,2720500.0,57.78527,24.59653,20,60.49,194253.85
472500.0,2717500.0,56.72841,24.57124,20,13.01,6.39
471500.0,2721500.0,56.71846,24.60735,20,139.42,3.04
561500.0,2753500.0,57.60893,24.89537,20,53.5,1094.72
464500.0,2743500.0,56.64875,24.80589,20,82.65,362.88
469500.0,2824500.0,56.69642,25.53749,20,178.3,5431.17
488500.0,2753500.0,56.88613,24.89657,20,28.75,349074.74
453500.0,2754500.0,56.53955,24.90493,20,176.21,4948.13
452500.0,2752500.0,56.52972,24.88684,20,168.4,39912.96
482500.0,2773500.0,56.82647,25.07713,20,8.49,1077131.52
461500.0,2811500.0,56.61716,25.41991,20,89.54,22.35
475500.0,2860500.0,56.75547,25.86268,20,155.42,35630.02
504500.0,2721500.0,57.04445,24.6076,20,30.82,352541.97
519500.0,2745500.0,57.19297,24.82424,20,50.53,44205.92
583500.0,2748500.0,57.82645,24.84917,20,59.92,90319.13
556500.0,2739500.0,57.55886,24.76913,20,53.66,181366.17
597500.0,2777500.0,57.96705,25.11021,20,122.7,294.95
576500.0,2822500.0,57.76131,25.51776,20,107.23,7160.32
644500.0,2753500.0,58.4306,24.88976,20,59.55,1049583.94
628500.0,2773500.0,58.27409,25.07177,20,67.03,226580.77
625500.0,2811500.0,58.24785,25.41511,20,13.68,1563.44
653500.0,2750500.0,58.51935,24.86179,20,42.55,62310.77
489500.0,2752500.0,56.89604,24.88755,20,38.21,101853.72
451500.0,2748500.0,56.51995,24.85069,20,167.56,14564.71
482500.0,2774500.0,56.82646,25.08617,20,129.5,12.24
473500.0,2790500.0,56.7369,25.23053,20,2.02,4421.24
502500.0,2723500.0,57.0247,24.62567,20,25.72,241505.39
583500.0,2792500.0,57.82912,25.2465,20,51.66,275.03
563500.0,2805500.0,57.63114,25.36487,20,64.73,637.13
609500.0,2721500.0,58.08164,24.60372,20,84.35,3609.6
470500.0,2781500.0,56.70731,25.14919,20,178.65,13693.48
535500.0,2726500.0,57.35082,24.65236,20,84.32,16.32
540500.0,2826500.0,57.40318,25.55531,20,59.61,8166.78
447500.0,2802500.0,56.4783,25.33821,20,165.5,11.81
487500.0,2728500.0,56.87645,24.67078,20,152.31,164.44
561500.0,2752500.0,57.60889,24.88634,20,163.98,15.68
645500.0,2706500.0,58.43563,24.46532,20,78.09,33056.31
472500.0,2810500.0,56.72656,25.41112,20,96.97,217.32
463500.0,2739500.0,56.63896,24.76974,20,87.02,3120.04
481500.0,2856500.0,56.81541,25.82665,20,106.13,8013.16
556500.0,2674500.0,57.55627,24.1821,20,163.23,1363.32
460500.0,2731500.0,56.60951,24.69742,20,148.7,29509.18
472500.0,2785500.0,56.72707,25.18536,20,74.83,298459.91
494500.0,2824500.0,56.94526,25.53779,20,132.69,27384.61
494500.0,2825500.0,56.94525,25.54682,20,49.87,209.37
475500.0,2847500.0,56.75571,25.74529,20,174.39,5057.54
511500.0,2728500.0,57.11366,24.67079,20,135.44,18407.5
520500.0,2743500.0,57.20283,24.80616,20,43.78,2867.78
522500.0,2829500.0,57.22404,25.58278,20,46.26,8868.0
582500.0,2747500.0,57.81649,24.8402,20,66.86,43051.82
596500.0,2779500.0,57.95727,25.12833,20,59.85,2754.48
595500.0,2781500.0,57.94749,25.14645,20,51.56,55703.59
455500.0,2755500.0,56.55932,24.91402,20,162.99,47772.3
493500.0,2747500.0,56.93567,24.84241,20,177.5,229.02
487500.0,2788500.0,56.87591,25.21265,20,91.58,150.89
474500.0,2779500.0,56.74703,25.13121,20,2.6,646703.06
470500.0,2786500.0,56.7072,25.19435,20,74.63,291379.05
466500.0,2816500.0,56.66676,25.46518,20,170.23,212170.62
470500.0,2803500.0,56.70683,25.34787,20,113.82,31876.11
483500.0,2832500.0,56.83567,25.60995,20,7.19,73057.62
476500.0,2854500.0,56.76556,25.80852,20,178.01,15894.31
531500.0,2743500.0,57.31167,24.80598,20,145.1,387.34
565500.0,2767500.0,57.6492,25.02163,20,48.4,39457.74
594500.0,2781500.0,57.93757,25.14652,20,124.86,357.08
559500.0,2772500.0,57.58995,25.06703,20,54.95,133.53
609500.0,2725500.0,58.08195,24.63984,20,109.11,2118.58
637500.0,2733500.0,58.35935,24.70983,20,63.02,279534.59
601500.0,2791500.0,58.00775,25.23635,20,136.95,46.69
492500.0,2751500.0,56.92575,24.87853,20,38.39,314.57
472500.0,2742500.0,56.72793,24.79702,20,101.82,2570.95
483500.0,2775500.0,56.83636,25.09521,20,63.95,327598.85
479500.0,2808500.0,56.7962,25.39317,20,129.31,35853.32
519500.0,2736500.0,57.19284,24.74296,20,66.72,1690.01
514500.0,2751500.0,57.14355,24.87848,20,54.87,559344.66
582500.0,2743500.0,57.81625,24.80407,20,129.57,19863.56
584500.0,2741500.0,57.83592,24.7859,20,39.36,530409.56
552500.0,2767500.0,57.52036,25.02214,20,73.25,22443.02
611500.0,2790500.0,58.10694,25.22662,20,162.02,85915.66
602500.0,2774500.0,58.01641,25.08279,20,102.26,49.89
614500.0,2797500.0,58.13731,25.28959,20,84.49,34915.9
478500.0,2807500.0,56.78627,25.38413,20,127.55,122538.24
486500.0,2798500.0,56.86589,25.30295,20,5.16,82648.01
477500.0,2842500.0,56.77574,25.70018,20,176.55,91458.22
544500.0,2723500.0,57.43966,24.62503,20,81.51,91464.66
644500.0,2747500.0,58.42998,24.83559,20,65.39,39391.85
607500.0,2791500.0,58.06732,25.23594,20,162.55,12149.76
436500.0,2793500.0,56.36942,25.25651,20,83.97,6.4
492500.0,2749500.0,56.92576,24.86047,20,47.43,45962.44
474500.0,2753500.0,56.74751,24.8964,20,49.27,201845.49
470500.0,2796500.0,56.70698,25.28465,20,167.03,2223.69
507500.0,2790500.0,57.07446,25.23074,20,111.21,304.66
526500.0,2771500.0,57.26274,25.05894,20,37.33,257.37
539500.0,2818500.0,57.39299,25.48309,20,74.59,547274.25
570500.0,2798500.0,57.70035,25.30134,20,158.33,58.42
578500.0,2798500.0,57.77982,25.30095,20,165.47,261.36
464500.0,2794500.0,56.64744,25.26646,20,66.33,7.0
464500.0,2819500.0,56.64678,25.49222,20,83.66,3110.24
469500.0,2825500.0,56.69639,25.54652,20,85.83,35832.69
516500.0,2834500.0,57.16436,25.62801,20,127.26,2237.29
578500.0,2732500.0,57.77606,24.70495,20,62.88,88715.59
591500.0,2745500.0,57.90542,24.82162,20,129.4,1076.12
564500.0,2790500.0,57.64037,25.22937,20,56.98,49563.43
575500.0,2795500.0,57.74985,25.27401,20,168.02,54.43
656500.0,2719500.0,58.54557,24.58161,20,179.31,116785.96
474500.0,2727500.0,56.74799,24.66159,20,120.05,217058.77
470500.0,2789500.0,56.70713,25.22144,20,18.62,1298836.65
472500.0,2806500.0,56.72664,25.375,20,64.9,164077.18
480500.0,2839500.0,56.80569,25.67313,20,25.74,57211.86
548500.0,2762500.0,57.48054,24.97712,20,72.31,896.45
529500.0,2821500.0,57.29356,25.51042,20,53.51,162463.31
580500.0,2719500.0,57.79509,24.58745,20,61.56,296231.04
587500.0,2804500.0,57.8696,25.35462,20,48.39,4216.05
556500.0,2813500.0,57.56191,25.43739,20,20.71,5.69
444500.0,2797500.0,56.44869,25.29295,20,59.79,227.64
499500.0,2732500.0,56.99506,24.70696,20,88.43,7629.62
472500.0,2791500.0,56.72695,25.23954,20,14.46,470.75
469500.0,2791500.0,56.69716,25.23948,20,144.3,646.0
469500.0,2793500.0,56.69712,25.25754,20,14.19,48143.43
485500.0,2858500.0,56.8553,25.84476,20,77.31,8766.69
527500.0,2716500.0,57.27157,24.56221,20,13.88,955.78
509500.0,2723500.0,57.09386,24.62564,20,39.21,285.53
546500.0,2763500.0,57.46075,24.98621,20,71.43,1062.63
520500.0,2747500.0,57.20289,24.84229,20,28.87,2513.56
577500.0,2720500.0,57.76552,24.59663,20,61.46,145264.85
581500.0,2718500.0,57.80491,24.57836,20,62.31,179225.99
624500.0,2736500.0,58.23112,24.73803,20,64.52,45479.29
620500.0,2744500.0,58.19226,24.81058,20,63.05,162872.27
619500.0,2745500.0,58.18245,24.81969,20,62.68,234534.22
462500.0,2720500.0,56.62958,24.59812,20,179.36,109127.73
498500.0,2775500.0,56.98512,25.0953,20,134.77,1177.37
461500.0,2778500.0,56.61809,25.1219,20,62.5,815.83
470500.0,2826500.0,56.70633,25.55557,20,83.39,255.64
594500.0,2710500.0,57.93275,24.50538,20,136.54,9654.38
490500.0,2739500.0,56.90603,24.77015,20,19.77,14347.49
550500.0,2730500.0,57.49919,24.68806,20,57.22,266710.54
456500.0,2799500.0,56.56783,25.3114,20,95.12,20881.51
572500.0,2729500.0,57.7166,24.67815,20,64.35,16234.54
572500.0,2735500.0,57.71691,24.73234,20,56.65,30942.87
499500.0,2728500.0,56.99506,24.67083,20,95.54,389890.51
479500.0,2751500.0,56.79705,24.87841,20,36.92,33676.86
479500.0,2750500.0,56.79706,24.86938,20,35.57,97746.37
499500.0,2777500.0,56.99504,25.11336,20,42.29,33849.32
466500.0,2811500.0,56.66688,25.42003,20,163.05,3545.63
462500.0,2797500.0,56.62749,25.29351,20,115.13,2155.11
484500.0,2837500.0,56.84557,25.65512,20,6.94,14874.86
545500.0,2744500.0,57.45022,24.81465,20,56.18,58060.37
632500.0,2758500.0,58.3123,24.93599,20,72.21,217341.46
439500.0,2779500.0,56.39983,25.13021,20,3.44,1656.65
488500.0,2804500.0,56.8857,25.35715,20,168.85,1138.35
479500.0,2820500.0,56.79601,25.50154,20,3.47,19991.76
467500.0,2715500.0,56.67908,24.55308,20,160.56,90.86
467500.0,2744500.0,56.67841,24.81499,20,167.01,28430.06
464500.0,2757500.0,56.64839,24.93232,19,86.14,916.4
467500.0,2807500.0,56.67692,25.38393,19,61.75,3391.23
511500.0,2840500.0,57.1146,25.68224,19,122.91,62.95
462500.0,2709500.0,56.62987,24.49878,19,104.88,3.35
510500.0,2778500.0,57.10416,25.12235,19,151.34,22.48
507500.0,2803500.0,57.07454,25.34814,19,46.66,955.51
528500.0,2833500.0,57.28387,25.6188,19,45.15,9586.32
454500.0,2794500.0,56.54813,25.26619,19,34.89,5.66
461500.0,2787500.0,56.61784,25.20317,19,17.58,35.82
439500.0,2785500.0,56.39956,25.18439,19,66.27,36.58
467500.0,2717500.0,56.67904,24.57114,19,54.57,6.74
449500.0,2805500.0,56.49806,25.36537,19,11.32,5.75
463500.0,2782500.0,56.63783,25.15807,19,39.25,4407.11
476500.0,2788500.0,56.76672,25.21252,19,12.97,10053.79
448500.0,2810500.0,56.48793,25.41048,19,19.54,16.59
469500.0,2855500.0,56.69571,25.81742,19,178.0,19312.48
520500.0,2767500.0,57.20319,25.02291,19,52.85,1101.03
474500.0,2786500.0,56.7469,25.19442,19,166.45,3827.66
523500.0,2771500.0,57.23299,25.05899,19,131.67,5.32
474500.0,2723500.0,56.74806,24.62546,19,161.0,4.09
471500.0,2713500.0,56.71862,24.53509,19,7.14,9.8
494500.0,2784500.0,56.94542,25.17657,19,1.75,9143.5
453500.0,2809500.0,56.53768,25.40162,19,161.94,4.99
467500.0,2850500.0,56.67588,25.77223,19,84.93,2035.88
439500.0,2807500.0,56.39858,25.38305,19,18.63,181.88
547500.0,2825500.0,57.47283,25.54607,19,160.95,190.88
549500.0,2811500.0,57.49222,25.41958,19,53.96,55.95
481500.0,2784500.0,56.8164,25.17646,19,0.94,8297.17
485500.0,2793500.0,56.85601,25.25778,19,168.45,4.36
523500.0,2778500.0,57.23311,25.12221,19,54.96,36700.25
474500.0,2820500.0,56.74626,25.50146,19,96.27,408.15
574500.0,2728500.0,57.73631,24.66903,19,52.9,25257.24
565500.0,2765500.0,57.6491,25.00357,19,147.69,255.13
467500.0,2819500.0,56.67663,25.49229,19,84.02,58042.1
503500.0,2732500.0,57.0346,24.70695,19,84.39,1036.6
508500.0,2855500.0,57.0848,25.81772,19,157.82,2.89
593500.0,2782500.0,57.92772,25.15561,19,155.73,8.33
485500.0,2760500.0,56.85635,24.95976,19,83.78,407.26
511500.0,2842500.0,57.11462,25.7003,19,32.66,14858.0
490500.0,2763500.0,56.90587,24.9869,19,130.21,1943.69
454500.0,2782500.0,56.54853,25.15783,19,102.17,9.65
473500.0,2817500.0,56.73637,25.47435,19,101.8,67.36
470500.0,2817500.0,56.70652,25.4743,19,114.75,1.43
477500.0,2857500.0,56.77549,25.83563,19,0.76,69.08
466500.0,2863500.0,56.66557,25.8896,19,95.43,2331.87
556500.0,2820500.0,57.5622,25.5006,19,57.53,4.29
487500.0,2731500.0,56.87643,24.69787,19,179.59,442.93
484500.0,2836500.0,56.84558,25.64609,19,6.88,2079.12
463500.0,2798500.0,56.6374,25.30256,18,143.28,481.98
474500.0,2828500.0,56.74611,25.5737,18,90.72,144.71
473500.0,2723500.0,56.73818,24.62544,18,107.13,203.55
476500.0,2809500.0,56.76635,25.40216,18,87.42,31.38
470500.0,2815500.0,56.70657,25.45623,18,166.56,2807.78
461500.0,2775500.0,56.61818,25.09481,18,55.71,6504.02
452500.0,2780500.0,56.52875,25.1397,18,153.58,1.33
459500.0,2806500.0,56.59742,25.3747,18,63.05,2.3
482500.0,2853500.0,56.82543,25.79958,18,100.08,90.64
442500.0,2807500.0,56.4284,25.38317,18,23.06,4.49
461500.0,2805500.0,56.61733,25.36572,18,157.73,130.08
459500.0,2808500.0,56.59736,25.39276,18,85.5,70.61
441500.0,2787500.0,56.41932,25.20253,18,131.3,7333.15
450500.0,2802500.0,56.50811,25.33831,18,127.49,4.07
540500.0,2731500.0,57.40037,24.69739,18,142.49,7070.91
583500.0,2749500.0,57.82651,24.8582,18,63.41,18786.0
466500.0,2779500.0,56.66767,25.13105,18,94.4,3.47
468500.0,2841500.0,56.68606,25.69098,18,84.51,291.64
475500.0,2760500.0,56.75729,24.95963,18,96.35,480.55
465500.0,2792500.0,56.65742,25.24843,18,47.77,10.03
459500.0,2804500.0,56.59748,25.35664,18,116.73,1.53
496500.0,2843500.0,56.96511,25.70937,18,125.64,3.46
455500.0,2806500.0,56.55766,25.37459,18,30.52,6.67
550500.0,2818500.0,57.50242,25.48276,18,54.01,5168.17
485500.0,2864500.0,56.85524,25.89894,18,5.53,15896.86
472500.0,2713500.0,56.72849,24.53511,18,8.06,9.23
495500.0,2782500.0,56.95535,25.15851,18,78.2,1115.97
467500.0,2777500.0,56.67764,25.11301,18,12.91,7295.67
469500.0,2851500.0,56.6958,25.7813,18,175.29,334.83
473500.0,2786500.0,56.73697,25.1944,18,112.5,14.89
478500.0,2776500.0,56.78676,25.10418,18,25.47,11118.24
583500.0,2739500.0,57.82591,24.7679,18,87.92,2528.67
462500.0,2807500.0,56.62722,25.38381,18,100.51,1040.85
475500.0,2864500.0,56.7554,25.8988,18,95.62,43761.93
509500.0,2790500.0,57.09432,25.23073,18,178.75,1156.27
538500.0,2821500.0,57.38312,25.51021,18,90.2,17.53
540500.0,2823500.0,57.40309,25.52822,18,81.04,334.96
636500.0,2797500.0,58.35579,25.28775,18,171.76,101038.01
449500.0,2810500.0,56.49788,25.41052,18,6.66,398.54
453500.0,2759500.0,56.53938,24.95009,18,162.61,5553.61
473500.0,2791500.0,56.73688,25.23956,18,1.97,10583.38
475500.0,2833500.0,56.75597,25.61887,18,49.47,2028.84
529500.0,2734500.0,57.29169,24.72473,18,177.07,661497.66
529500.0,2847500.0,57.29414,25.7452,18,128.41,30.01
535500.0,2844500.0,57.35388,25.71798,18,23.74,29.4
524500.0,2838500.0,57.24412,25.66402,18,42.62,5308.3
524500.0,2848500.0,57.2443,25.75432,18,72.03,7.07
553500.0,2740500.0,57.52923,24.77827,18,53.67,113622.96
557500.0,2738500.0,57.56871,24.76006,18,52.91,78576.61
563500.0,2761500.0,57.6291,24.96753,18,76.48,74662.36
589500.0,2777500.0,57.88771,25.1107,18,48.3,17640.64
571500.0,2801500.0,57.71044,25.32839,18,51.91,4639.05
625500.0,2723500.0,58.23984,24.62056,18,140.42,279.24
461500.0,2756500.0,56.61871,24.92322,18,175.04,1098.06
493500.0,2792500.0,56.93546,25.24881,18,2.28,3676.24
471500.0,2853500.0,56.7157,25.7994,18,5.86,44935.4
480500.0,2772500.0,56.80665,25.06808,18,90.34,11084.02
477500.0,2824500.0,56.77604,25.53763,18,93.26,16534.85
482500.0,2850500.0,56.82547,25.77249,18,101.42,14882.95
575500.0,2829500.0,57.75175,25.58102,18,10.86,1452.93
473500.0,2835500.0,56.73601,25.6369,18,177.01,34512.81
540500.0,2825500.0,57.40315,25.54628,18,56.14,34136.03
527500.0,2847500.0,57.2742,25.74524,18,37.34,1127.91
605500.0,2811500.0,58.04902,25.41666,18,76.7,33856.31
488500.0,2796500.0,56.88577,25.2849,18,54.81,13.52
482500.0,2838500.0,56.82563,25.66412,18,7.95,30850.78
537500.0,2736500.0,57.37085,24.74262,18,47.15,82.67
526500.0,2745500.0,57.26224,24.82413,18,30.33,8.26
548500.0,2737500.0,57.47966,24.75135,18,54.91,24116.72
598500.0,2778500.0,57.97703,25.11917,18,49.55,16842.12
468500.0,2738500.0,56.68844,24.76082,18,173.63,26858.36
539500.0,2830500.0,57.39334,25.59146,18,62.12,876446.62
605500.0,2731500.0,58.04289,24.6943,18,63.07,22123.35
607500.0,2745500.0,58.06373,24.82058,18,79.24,191010.83
442500.0,2788500.0,56.42921,25.2116,18,129.0,2107.32
486500.0,2797500.0,56.8659,25.29392,18,5.32,151423.21
549500.0,2722500.0,57.48902,24.61585,18,83.75,16536.28
507500.0,2730500.0,57.07414,24.68887,18,51.65,23222.77
510500.0,2804500.0,57.10436,25.35715,18,56.17,147106.25
507500.0,2832500.0,57.0747,25.61003,18,133.15,14731.38
559500.0,2717500.0,57.5876,24.57034,18,53.17,174098.72
592500.0,2781500.0,57.91773,25.14664,18,67.1,2341.53
576500.0,2837500.0,57.76217,25.65321,18,109.44,12.25
619500.0,2771500.0,58.1847,25.05445,18,81.25,437.79
615500.0,2797500.0,58.14724,25.28952,18,85.89,36546.61
475500.0,2757500.0,56.75734,24.93254,18,117.32,49723.11
482500.0,2779500.0,56.82639,25.13132,18,150.56,133.06
454500.0,2810500.0,56.54759,25.41068,18,116.16,46192.22
460500.0,2798500.0,56.6076,25.30249,18,118.33,522.51
577500.0,2762500.0,57.76785,24.97591,18,60.65,912373.78
473500.0,2755500.0,56.73757,24.91445,18,49.73,31.5
481500.0,2810500.0,56.81605,25.41126,18,173.12,2273.97
503500.0,2792500.0,57.03475,25.24882,18,86.26,82.14
594500.0,2742500.0,57.9349,24.79435,18,129.17,1922.73
594500.0,2741500.0,57.93484,24.78532,18,39.85,4465.12
655500.0,2719500.0,58.5357,24.58172,18,89.3,846935.6
445500.0,2798500.0,56.45859,25.30201,18,64.43,71.42
487500.0,2769500.0,56.87609,25.04106,18,5.02,8518.2
547500.0,2757500.0,57.47046,24.932,18,33.62,938.95
525500.0,2846500.0,57.25424,25.73625,18,45.68,1346.0
562500.0,2767500.0,57.61947,25.02176,18,57.13,764724.33
569500.0,2803500.0,57.69067,25.34654,18,123.02,298.4
561500.0,2813500.0,57.61163,25.43719,18,122.08,67.63
558500.0,2803500.0,57.58136,25.34701,18,104.38,110.1
551500.0,2803500.0,57.5118,25.34727,18,57.49,838829.92
585500.0,2806500.0,57.84985,25.3728,18,47.8,222.95
475500.0,2723500.0,56.75794,24.62548,18,85.73,10195.5
498500.0,2758500.0,56.98514,24.94177,18,17.79,12637.84
485500.0,2764500.0,56.85631,24.99589,18,178.42,16172.54
489500.0,2767500.0,56.89593,25.02301,18,29.52,388043.33
473500.0,2803500.0,56.73664,25.34793,18,155.3,128162.32
493500.0,2812500.0,56.93536,25.42942,18,24.02,161493.22
474500.0,2810500.0,56.74645,25.41116,18,152.83,36.42
481500.0,2861500.0,56.81534,25.8718,18,13.77,21148.78
509500.0,2789500.0,57.09431,25.2217,18,47.84,659429.22
526500.0,2824500.0,57.26377,25.53756,18,46.32,17929.44
523500.0,2828500.0,57.23398,25.57374,18,51.33,35378.24
597500.0,2758500.0,57.9657,24.93864,18,69.13,171921.24
561500.0,2821500.0,57.612,25.50943,18,123.93,20862.53
519500.0,2767500.0,57.19328,25.02292,18,54.29,1119.18
582500.0,2677500.0,57.81241,24.20804,18,149.32,9701.75
565500.0,2674500.0,57.64488,24.18175,18,62.19,103789.93
483500.0,2720500.0,56.83701,24.59849,18,80.87,61.93
483500.0,2730500.0,56.8369,24.6888,18,14.04,2182.95
491500.0,2761500.0,56.91579,24.96884,18,8.15,6301.3
469500.0,2817500.0,56.69658,25.47428,18,121.13,6337.82
575500.0,2729500.0,57.74625,24.67801,18,49.36,181757.4
465500.0,2741500.0,56.6587,24.78785,18,18.52,42746.71
481500.0,2718500.0,56.81728,24.5804,18,29.47,13495.27
496500.0,2744500.0,56.96537,24.81533,18,166.78,1937.78
490500.0,2775500.0,56.90578,25.09527,18,20.32,8610.56
457500.0,2816500.0,56.57723,25.46495,18,163.67,3848.61
471500.0,2846500.0,56.71585,25.73619,18,0.29,182245.91
514500.0,2716500.0,57.14319,24.56238,18,73.37,195173.06
542500.0,2764500.0,57.42115,24.99536,18,54.54,89703.57
526500.0,2781500.0,57.26293,25.14925,18,54.05,598632.58
635500.0,2730500.0,58.33929,24.68292,18,68.56,23359.6
486500.0,2745500.0,56.86641,24.8243,18,39.78,2054.41
475500.0,2865500.0,56.75538,25.90783,18,93.82,20122.66
544500.0,2771500.0,57.44119,25.05852,18,76.59,31356.87
578500.0,2753500.0,57.77725,24.89459,18,140.43,15438.55
640500.0,2794500.0,58.3952,25.26029,18,163.73,14593.43
475500.0,2848500.0,56.7557,25.75432,18,88.67,58065.81
528500.0,2718500.0,57.28148,24.58025,18,38.38,22708.03
518500.0,2764500.0,57.18333,24.99584,18,101.15,14243.0
628500.0,2732500.0,58.2703,24.70158,18,159.18,15.54
468500.0,2721500.0,56.68882,24.60729,17,52.52,1.64
468500.0,2809500.0,56.68681,25.40201,17,148.89,33219.96
527500.0,2834500.0,57.27393,25.62785,17,49.84,1230.86
447500.0,2797500.0,56.47849,25.29305,17,42.85,5.15
490500.0,2756500.0,56.90591,24.92368,17,32.94,10449.68
460500.0,2775500.0,56.60826,25.09478,17,53.45,32862.29
498500.0,2824500.0,56.98507,25.5378,17,149.27,48526.92
444500.0,2792500.0,56.4489,25.24779,17,79.85,2.33
477500.0,2761500.0,56.77709,24.9687,17,110.69,9274.96
444500.0,2780500.0,56.44939,25.13943,17,80.95,4.1
458500.0,2801500.0,56.58764,25.32952,17,135.26,250.5
464500.0,2839500.0,56.64625,25.67283,17,85.97,364.67
507500.0,2800500.0,57.07452,25.32105,17,136.87,15.28
592500.0,2773500.0,57.91719,25.0744,17,139.26,6311.81
528500.0,2792500.0,57.283,25.24855,17,161.96,4315.22
483500.0,2778500.0,56.83633,25.1223,17,145.06,1353.85
520500.0,2766500.0,57.20317,25.01388,17,138.82,10.18
443500.0,2780500.0,56.43947,25.13939,17,34.85,19.14
475500.0,2776500.0,56.757,25.10413,17,62.76,6867.49
471500.0,2808500.0,56.71666,25.39304,17,179.79,123652.85
477500.0,2869500.0,56.77528,25.94399,17,98.87,26.83
517500.0,2794500.0,57.1738,25.26678,17,142.02,61859.62
631500.0,2747500.0,58.30136,24.83676,17,128.08,5.62
478500.0,2763500.0,56.78696,24.98677,17,141.66,1309.32
479500.0,2762500.0,56.79688,24.97776,17,53.58,1639.58
462500.0,2794500.0,56.62758,25.26641,17,63.58,109919.41
467500.0,2860500.0,56.67563,25.86253,17,95.58,216.94
535500.0,2829500.0,57.35348,25.58253,17,52.68,71081.35
512500.0,2855500.0,57.12471,25.81769,17,120.08,1551.49
481500.0,2842500.0,56.81561,25.70023,17,85.61,31373.34
542500.0,2831500.0,57.42325,25.6004,17,79.13,4.72
485500.0,2803500.0,56.8559,25.34809,17,123.82,9.34
518500.0,2719500.0,57.18273,24.58944,17,123.88,86.79
473500.0,2828500.0,56.73615,25.57369,17,83.67,140.88
525500.0,2787500.0,57.25312,25.20345,17,66.29,1814.43
481500.0,2783500.0,56.81642,25.16743,17,5.82,9377.49
456500.0,2790500.0,56.56812,25.23013,17,24.8,3763.06
539500.0,2785500.0,57.39203,25.18509,17,50.14,21548.23
458500.0,2778500.0,56.58834,25.12182,17,88.36,33836.03
645500.0,2716500.0,58.43666,24.5556,17,155.16,104.34
499500.0,2764500.0,56.99505,24.99596,17,24.31,8306.85
464500.0,2774500.0,56.64796,25.08585,17,99.29,29.56
458500.0,2803500.0,56.58758,25.34758,17,142.61,25.43
511500.0,2721500.0,57.11361,24.60757,17,132.47,1498.42
611500.0,2797500.0,58.10752,25.28982,17,26.77,7246.36
467500.0,2833500.0,56.67629,25.61872,17,95.64,1227.4
472500.0,2724500.0,56.72828,24.63446,17,53.22,4.99
488500.0,2828500.0,56.8855,25.57388,17,111.83,73.07
517500.0,2770500.0,57.17349,25.05004,17,46.38,60812.81
463500.0,2796500.0,56.63745,25.2845,17,83.51,153.73
462500.0,2793500.0,56.6276,25.25738,17,51.39,86.29
487500.0,2776500.0,56.87602,25.10428,17,101.56,14.05
466500.0,2864500.0,56.66555,25.89863,17,6.1,9973.78
636500.0,2666500.0,58.34305,24.10495,17,175.85,2.64
621500.0,2703500.0,58.19862,24.44029,17,133.14,389.63
483500.0,2816500.0,56.83586,25.46547,17,90.82,39011.52
564500.0,2690500.0,57.63575,24.32629,17,64.32,21856.17
461500.0,2781500.0,56.61801,25.14899,16,152.32,3.67
455500.0,2778500.0,56.55858,25.12173,16,1.9,5648.04
387500.0,2865500.0,55.87683,25.90369,16,119.7,105305.75
491500.0,2755500.0,56.91582,24.91465,16,174.57,2446.61
457500.0,2796500.0,56.57786,25.28434,16,12.71,2.17
454500.0,2778500.0,56.54866,25.1217,16,177.01,523.23
482500.0,2852500.0,56.82544,25.79055,16,165.48,87.62
594500.0,2737500.0,57.93457,24.7492,16,127.92,23.29
462500.0,2788500.0,56.62774,25.21223,16,120.63,5241.1
476500.0,2835500.0,56.7659,25.63695,16,94.08,635.42
463500.0,2791500.0,56.63759,25.23935,16,37.07,5.24
509500.0,2847500.0,57.09472,25.74547,16,112.09,124.42
398500.0,2869500.0,55.98633,25.94061,16,118.83,6286.35
479500.0,2758500.0,56.79694,24.94163,16,56.47,7851.47
490500.0,2810500.0,56.90554,25.41134,16,67.46,12.71
473500.0,2731500.0,56.73803,24.6977,16,0.11,11177.15
470500.0,2867500.0,56.70541,25.9258,16,93.2,211.58
468500.0,2800500.0,56.68702,25.32074,16,128.35,4.77
475500.0,2759500.0,56.75731,24.9506,16,24.52,637.26
464500.0,2812500.0,56.64697,25.42901,16,92.92,787105.33
479500.0,2802500.0,56.79629,25.33899,16,71.62,344174.25
466500.0,2795500.0,56.66728,25.27554,16,145.73,12028.4
478500.0,2802500.0,56.78635,25.33898,16,71.09,312965.19
493500.0,2832500.0,56.93526,25.61003,16,17.84,1352638.56
516500.0,2777500.0,57.16366,25.11327,16,60.23,199388.33
504500.0,2790500.0,57.04468,25.23075,16,94.87,54302.47
578500.0,2728500.0,57.77584,24.66883,16,146.59,913.9
501500.0,2797500.0,57.0149,25.29398,16,162.66,13.3
472500.0,2777500.0,56.72723,25.11311,16,129.2,32207.46
492500.0,2741500.0,56.9258,24.78822,16,43.26,154681.06
480500.0,2775500.0,56.80661,25.09517,16,112.41,6.3
477500.0,2784500.0,56.77671,25.17641,16,7.97,838530.98
471500.0,2787500.0,56.7171,25.2034,16,19.73,61037.54
488500.0,2820500.0,56.88557,25.50164,16,104.45,105.42
520500.0,2792500.0,57.20356,25.24868,16,58.13,26884.52
550500.0,2738500.0,57.49948,24.76031,16,40.84,6.4
568500.0,2772500.0,57.67918,25.06665,16,48.22,10496.67
574500.0,2835500.0,57.74213,25.63525,16,143.0,61.3
629500.0,2729500.0,58.2799,24.67441,16,40.8,48862.74
651500.0,2740500.0,58.49847,24.77171,16,79.75,66708.13
493500.0,2787500.0,56.93548,25.20365,16,80.79,13435.87
475500.0,2837500.0,56.7559,25.65499,16,3.26,227858.01
475500.0,2839500.0,56.75586,25.67305,16,93.76,28340.58
469500.0,2850500.0,56.69582,25.77227,16,1.0,61350.84
507500.0,2770500.0,57.07435,25.05012,16,52.65,3467.91
464500.0,2744500.0,56.64873,24.81492,16,83.11,2102.61
446500.0,2793500.0,56.46872,25.2569,16,68.58,5.45
491500.0,2748500.0,56.91587,24.85143,16,112.89,2.12
452500.0,2753500.0,56.52968,24.89587,16,171.48,17285.8
460500.0,2796500.0,56.60765,25.28442,16,37.54,48.54
454500.0,2820500.0,56.54725,25.50098,16,162.11,18333.42
476500.0,2861500.0,56.76544,25.87173,16,151.39,1220.23
541500.0,2818500.0,57.41289,25.48304,16,163.92,455.05
590500.0,2776500.0,57.89756,25.10161,16,48.49,2158509.32
552500.0,2834500.0,57.52295,25.62717,16,61.69,300.01
643500.0,2754500.0,58.42081,24.89888,16,58.47,99218.75
616500.0,2744500.0,58.15269,24.81089,16,72.97,212138.01
645500.0,2753500.0,58.4405,24.88966,16,59.79,1036254.02
499500.0,2730500.0,56.99506,24.68889,16,43.35,45761.64
453500.0,2757500.0,56.53945,24.93203,16,165.99,77622.85
475500.0,2771500.0,56.75709,25.05898,16,48.65,13052.91
483500.0,2769500.0,56.83643,25.04102,16,33.58,1044.13
466500.0,2793500.0,56.66732,25.25748,16,46.23,14596.97
466500.0,2829500.0,56.66643,25.58257,16,133.32,2364.71
488500.0,2862500.0,56.8852,25.88091,16,10.29,163920.01
544500.0,2739500.0,57.44017,24.76953,16,58.4,25973.32
504500.0,2781500.0,57.04465,25.14948,16,62.4,2591.7
646500.0,2752500.0,58.45029,24.88054,16,149.84,20387.12
652500.0,2751500.0,58.50956,24.87092,16,43.05,260511.12
475500.0,2742500.0,56.75761,24.79707,16,133.98,6618.47
472500.0,2798500.0,56.72681,25.30275,16,19.8,3.67
486500.0,2849500.0,56.86537,25.7635,16,103.25,1867.65
480500.0,2726500.0,56.8073,24.65264,16,35.88,12821.15
465500.0,2789500.0,56.6575,25.22133,16,94.85,12020.42
479500.0,2765500.0,56.79684,25.00485,16,175.38,5006.9
469500.0,2808500.0,56.69678,25.393,16,86.22,54.87
480500.0,2857500.0,56.80542,25.83567,16,11.09,2082.21
523500.0,2753500.0,57.23269,24.89643,16,77.77,1393.54
498500.0,2750500.0,56.98515,24.86952,16,23.29,7131.05
474500.0,2819500.0,56.74628,25.49243,16,14.49,6369.61
472500.0,2809500.0,56.72658,25.40209,16,96.71,23755.29
464500.0,2841500.0,56.6462,25.69089,16,91.0,6.84
463500.0,2740500.0,56.63894,24.77877,16,86.76,345.47
535500.0,2722500.0,57.35072,24.61623,16,63.64,409918.69
471500.0,2759500.0,56.71768,24.95053,16,43.19,2781.43
475500.0,2766500.0,56.75718,25.01382,16,151.76,200.76
463500.0,2813500.0,56.63699,25.43802,16,175.98,92951.97
493500.0,2826500.0,56.93529,25.55585,16,48.27,741.51
476500.0,2855500.0,56.76554,25.81755,16,178.13,82195.49
521500.0,2756500.0,57.21293,24.92356,16,61.3,1065527.86
519500.0,2756500.0,57.19312,24.92358,16,61.54,139195.99
529500.0,2842500.0,57.29403,25.70005,16,40.17,173.66
526500.0,2837500.0,57.26403,25.65496,16,52.02,4047.06
580500.0,2832500.0,57.80172,25.60785,16,175.27,1132.03
611500.0,2725500.0,58.10171,24.6397,16,63.63,3902.91
608500.0,2757500.0,58.07456,24.92887,16,71.96,575670.34
618500.0,2821500.0,58.17914,25.50597,16,179.8,2391.09
651500.0,2732500.0,58.49761,24.69948,16,67.9,26563.15
448500.0,2811500.0,56.48789,25.41951,16,155.46,277.3
455500.0,2756500.0,56.55929,24.92306,16,162.25,46207.33
485500.0,2794500.0,56.85599,25.26681,16,122.23,95170.13
461500.0,2862500.0,56.61569,25.88044,16,2.01,188708.8
494500.0,2859500.0,56.94511,25.85385,16,89.12,3.29
583500.0,2746500.0,57.82633,24.83111,16,66.5,2678.67
594500.0,2754500.0,57.93572,24.90271,16,63.27,1967.44
469500.0,2738500.0,56.69833,24.76084,16,16.82,6704.55
461500.0,2793500.0,56.61767,25.25736,16,130.28,92055.1
493500.0,2800500.0,56.93542,25.32105,16,108.52,8784.28
529500.0,2753500.0,57.2921,24.89633,16,63.86,262.8
509500.0,2805500.0,57.09443,25.36619,16,55.94,457194.61
548500.0,2824500.0,57.48274,25.53701,16,72.04,4631.74
509500.0,2859500.0,57.09481,25.85383,16,30.1,21207.16
559500.0,2732500.0,57.58824,24.7058,16,53.04,210517.95
583500.0,2743500.0,57.82615,24.80402,16,140.55,6134.39
556500.0,2834500.0,57.56279,25.62702,16,101.94,423.26
626500.0,2743500.0,58.25152,24.80107,16,40.08,8884.54
610500.0,2790500.0,58.09702,25.22669,16,72.35,3987919.82
603500.0,2774500.0,58.02632,25.08272,16,158.32,23385.02
491500.0,2745500.0,56.91589,24.82434,16,178.17,21213.85
479500.0,2776500.0,56.79668,25.10419,16,41.68,267260.49
490500.0,2799500.0,56.90562,25.31201,16,106.59,15481.57
474500.0,2813500.0,56.74639,25.43825,16,149.36,56.12
473500.0,2827500.0,56.73617,25.56466,16,169.65,6448.71
550500.0,2722500.0,57.4989,24.61581,16,81.1,5381.41
517500.0,2749500.0,57.17323,24.86039,16,46.91,69449.54
518500.0,2749500.0,57.18313,24.86038,16,47.73,26239.16
538500.0,2777500.0,57.38188,25.11287,16,59.02,51518.97
535500.0,2824500.0,57.35335,25.53738,16,34.23,814.64
511500.0,2856500.0,57.11474,25.82673,16,30.51,7406.63
506500.0,2867500.0,57.06491,25.92609,16,23.69,40279.18
585500.0,2740500.0,57.84575,24.77682,16,39.32,1300188.27
608500.0,2730500.0,58.07246,24.68506,16,72.96,11038.45
602500.0,2729500.0,58.01309,24.67644,16,146.34,30590.3
611500.0,2744500.0,58.10322,24.81126,16,78.83,54470.31
629500.0,2741500.0,58.28101,24.78276,16,49.71,2849.72
606500.0,2745500.0,58.05384,24.82065,16,79.31,40566.74
634500.0,2767500.0,58.33298,25.01707,16,175.34,13481.67
616500.0,2796500.0,58.15709,25.28041,16,85.74,73128.64
449500.0,2799500.0,56.49829,25.31118,16,93.59,494946.12
469500.0,2730500.0,56.69851,24.68859,16,46.22,11.25
477500.0,2764500.0,56.77704,24.99579,16,178.9,114937.0
483500.0,2750500.0,56.83666,24.86943,16,13.04,114.21
475500.0,2753500.0,56.75741,24.89642,16,49.8,1291669.48
477500.0,2765500.0,56.77702,25.00482,16,178.68,572705.86
488500.0,2788500.0,56.88584,25.21266,16,42.14,1344128.76
450500.0,2799500.0,56.50822,25.31122,16,89.14,7571.15
470500.0,2862500.0,56.70553,25.88065,16,0.15,7962.28
470500.0,2861500.0,56.70555,25.87162,16,1.76,57801.35
486500.0,2854500.0,56.86532,25.80865,16,14.79,448319.66
482500.0,2849500.0,56.82548,25.76346,16,8.83,101726.24
547500.0,2748500.0,57.47015,24.85072,16,65.82,42511.47
518500.0,2768500.0,57.18338,25.03197,16,111.72,51462.16
538500.0,2818500.0,57.38304,25.48312,16,73.07,112149.22
584500.0,2730500.0,57.83526,24.68657,16,25.53,59407.32
573500.0,2736500.0,57.72685,24.74132,16,53.42,62401.59
592500.0,2743500.0,57.91519,24.8035,16,39.6,44567.43
593500.0,2743500.0,57.92508,24.80344,16,39.01,808478.1
560500.0,2754500.0,57.59908,24.90444,16,49.94,232555.45
571500.0,2797500.0,57.71023,25.29227,16,64.77,255042.48
557500.0,2799500.0,57.57126,25.31093,16,58.23,1199431.65
476500.0,2752500.0,56.76733,24.8874,16,141.6,68631.27
474500.0,2803500.0,56.74658,25.34794,16,179.22,44872.84
464500.0,2793500.0,56.64746,25.25743,16,167.03,53543.32
481500.0,2816500.0,56.81597,25.46544,16,89.54,95031.41
469500.0,2820500.0,56.69651,25.50137,16,177.1,22122.61
465500.0,2843500.0,56.65611,25.70897,16,85.43,3383.29
464500.0,2822500.0,56.6467,25.51932,16,173.58,94789.15
481500.0,2821500.0,56.8159,25.5106,16,1.01,34554.39
541500.0,2817500.0,57.41285,25.47401,16,76.72,19448.18
559500.0,2798500.0,57.59108,25.30182,16,58.19,898667.51
491500.0,2765500.0,56.91576,25.00496,16,29.1,1086387.54
480500.0,2785500.0,56.80647,25.18548,16,98.38,591.55
479500.0,2840500.0,56.79571,25.68214,16,25.58,102021.18
476500.0,2831500.0,56.76597,25.60083,16,7.0,179518.95
508500.0,2736500.0,57.08406,24.74306,16,129.42,7147.26
504500.0,2793500.0,57.04469,25.25785,16,117.18,6082.95
528500.0,2823500.0,57.28366,25.5285,16,48.27,1464209.46
597500.0,2746500.0,57.96486,24.83028,16,54.47,3656.11
576500.0,2801500.0,57.76012,25.32814,16,137.59,3576.45
573500.0,2802500.0,57.73037,25.33732,16,152.13,71.72
566500.0,2802500.0,57.66081,25.33765,16,129.76,35.47
570500.0,2806500.0,57.70077,25.37358,16,30.74,5.96
594500.0,2815500.0,57.93993,25.45352,16,11.52,7.55
561500.0,2810500.0,57.61149,25.4101,16,110.68,1916.16
562500.0,2806500.0,57.62125,25.37394,16,26.02,208.02
618500.0,2792500.0,58.1766,25.24414,16,20.71,410.37
631500.0,2792500.0,58.30565,25.24305,16,0.41,233.72
623500.0,2802500.0,58.22714,25.33402,16,8.86,10.44
443500.0,2795500.0,56.43884,25.27485,16,169.55,5047.63
488500.0,2779500.0,56.88592,25.13138,16,11.6,5351.1
475500.0,2796500.0,56.75665,25.28475,16,151.29,42271.97
491500.0,2817500.0,56.91544,25.47456,16,20.61,12991.58
457500.0,2815500.0,56.57726,25.45592,16,140.24,73268.97
480500.0,2832500.0,56.80579,25.60992,16,119.52,88.58
479500.0,2865500.0,56.79532,25.9079,16,98.37,2370.22
485500.0,2859500.0,56.85529,25.85379,16,176.7,26086.3
469500.0,2856500.0,56.69568,25.82645,16,1.15,60591.63
513500.0,2718500.0,57.13333,24.58046,16,43.68,15934.64
547500.0,2763500.0,57.47066,24.98618,16,71.36,2964.88
548500.0,2827500.0,57.48285,25.5641,16,74.29,2138.59
600500.0,2787500.0,57.99753,25.2003,16,53.4,111066.18
583500.0,2807500.0,57.83004,25.38194,16,47.69,3028.81
602500.0,2742500.0,58.01404,24.79383,16,44.52,172259.94
601500.0,2787500.0,58.00746,25.20024,16,53.0,54186.75
461500.0,2755500.0,56.61874,24.91419,16,10.97,26217.38
487500.0,2777500.0,56.87601,25.11331,16,8.38,389.36
468500.0,2837500.0,56.68616,25.65486,16,82.0,7944.05
466500.0,2862500.0,56.6656,25.88057,16,94.7,1441.98
478500.0,2852500.0,56.78555,25.79049,16,90.64,5997.6
584500.0,2676500.0,57.83205,24.19891,16,59.8,278768.53
560500.0,2752500.0,57.59899,24.88638,16,15.09,1.48
635500.0,2666500.0,58.33321,24.10504,16,66.16,17345.58
455500.0,2779500.0,56.55855,25.13076,16,125.84,12691.52
469500.0,2802500.0,56.69691,25.33882,16,179.23,5960.75
450500.0,2777500.0,56.50902,25.11255,16,93.7,653.13
566500.0,2732500.0,57.65744,24.70552,16,148.68,43255.2
552500.0,2730500.0,57.51896,24.688,16,56.76,307383.48
541500.0,2800500.0,57.41233,25.32049,16,77.44,6736.49
465500.0,2723500.0,56.65914,24.62529,16,176.74,53.24
493500.0,2740500.0,56.9357,24.77919,16,30.3,70035.89
493500.0,2742500.0,56.93569,24.79726,16,30.18,291443.75
494500.0,2779500.0,56.94544,25.13141,16,43.1,28181.96
492500.0,2777500.0,56.92561,25.11334,16,59.72,9787.96
493500.0,2777500.0,56.93553,25.11335,16,59.08,1960.82
475500.0,2830500.0,56.75603,25.59178,16,14.92,56667.31
470500.0,2838500.0,56.70606,25.66393,16,178.03,42429.55
515500.0,2716500.0,57.15306,24.56237,16,73.79,229449.4
597500.0,2728500.0,57.96361,24.66774,16,92.96,215777.69
525500.0,2724500.0,57.25196,24.63449,16,50.73,3867.54
458500.0,2745500.0,56.58933,24.8238,16,177.45,18679.64
490500.0,2740500.0,56.90602,24.77918,16,91.09,5345.0
488500.0,2740500.0,56.88624,24.77916,16,55.04,234716.63
465500.0,2786500.0,56.65757,25.19424,16,18.65,14699.33
478500.0,2820500.0,56.78606,25.50152,16,5.97,430.75
483500.0,2824500.0,56.83577,25.53771,16,1.54,139894.32
470500.0,2832500.0,56.70619,25.60975,16,175.58,15696.5
501500.0,2725500.0,57.01482,24.64373,16,92.65,30800.04
502500.0,2725500.0,57.0247,24.64373,16,92.82,26383.42
566500.0,2777500.0,57.65959,25.11189,16,38.08,17149.04
553500.0,2812500.0,57.53203,25.42847,16,48.76,354403.38
558500.0,2808500.0,57.58158,25.39216,16,47.81,91409.32
608500.0,2796500.0,58.07764,25.28101,16,76.14,9869.2
472500.0,2820500.0,56.72636,25.50143,15,62.99,960.87
474500.0,2856500.0,56.74557,25.82655,15,79.83,25507.47
607500.0,2757500.0,58.06466,24.92894,15,70.7,15127.48
444500.0,2810500.0,56.44816,25.41034,15,99.98,1.4
466500.0,2782500.0,56.66759,25.15814,15,19.15,108750.89
489500.0,2787500.0,56.89577,25.20363,15,69.94,3880.24
452500.0,2794500.0,56.52826,25.26613,15,98.31,1.81
459500.0,2803500.0,56.59751,25.34761,15,127.67,19.14
491500.0,2756500.0,56.91582,24.92368,15,32.65,2950.5
483500.0,2856500.0,56.83537,25.82668,15,176.54,2178947.39
527500.0,2759500.0,57.27241,24.95055,15,39.68,978.74
557500.0,2748500.0,57.56912,24.85037,15,29.44,2630.09
448500.0,2793500.0,56.48858,25.25697,15,131.21,9.28
472500.0,2796500.0,56.72685,25.28469,15,27.78,36.69
445500.0,2790500.0,56.45891,25.22977,15,73.61,236.87
449500.0,2802500.0,56.49817,25.33828,15,165.42,4.55
480500.0,2855500.0,56.80545,25.81761,15,6.07,7364.79
460500.0,2794500.0,56.60771,25.26636,15,148.62,299.3
487500.0,2831500.0,56.87551,25.60096,15,33.81,261696.9
506500.0,2866500.0,57.0649,25.91706,15,29.0,1466.4
593500.0,2773500.0,57.9271,25.07434,15,139.59,10460.82
468500.0,2861500.0,56.68559,25.87158,15,0.58,8418.88
463500.0,2810500.0,56.63708,25.41093,15,179.01,7401.51
476500.0,2796500.0,56.76658,25.28476,15,92.87,11.77
489500.0,2833500.0,56.89542,25.61904,15,123.05,8591.27
551500.0,2817500.0,57.51233,25.47369,15,52.12,1398.84
446500.0,2791500.0,56.4688,25.23884,15,98.25,1.27
472500.0,2848500.0,56.72578,25.75427,15,93.67,374.74
510500.0,2714500.0,57.10367,24.54435,15,58.48,475.74
549500.0,2691500.0,57.48794,24.33587,15,55.88,827.39
460500.0,2807500.0,56.60733,25.38376,15,138.14,737.6
490500.0,2852500.0,56.90524,25.79062,15,30.09,3.64
534500.0,2829500.0,57.34353,25.58255,15,51.98,22560.17
593500.0,2705500.0,57.92256,24.46029,15,145.1,232.9
491500.0,2747500.0,56.91587,24.8424,15,21.47,1362.06
457500.0,2804500.0,56.57761,25.35659,15,149.65,43.76
468500.0,2807500.0,56.68686,25.38395,15,35.05,42.59
486500.0,2830500.0,56.86557,25.59192,15,99.12,9500.52
546500.0,2749500.0,57.46028,24.85978,15,138.98,1668.84
521500.0,2776500.0,57.21324,25.10418,15,71.56,83178.31
474500.0,2724500.0,56.74804,24.63449,15,12.43,14.15
478500.0,2836500.0,56.78581,25.64601,15,172.81,14469.89
652500.0,2799500.0,58.51489,25.30425,15,72.21,1826.29
638500.0,2660500.0,58.36215,24.0506,15,54.8,2443.57
536500.0,2720500.0,57.36054,24.59815,15,81.49,77657.52
515500.0,2798500.0,57.15398,25.30293,15,12.21,45297.54
544500.0,2828500.0,57.44306,25.57325,15,65.22,55779.54
562500.0,2669500.0,57.61513,24.13671,15,62.54,392423.41
485500.0,2778500.0,56.85616,25.12232,15,43.42,2226.07
538500.0,2786500.0,57.38213,25.19414,15,50.25,22897.46
581500.0,2757500.0,57.80718,24.93055,15,132.57,5723.6
646500.0,2706500.0,58.4455,24.46522,15,78.26,70696.78
486500.0,2752500.0,56.86634,24.88752,15,129.57,5027.34
498500.0,2749500.0,56.98515,24.86049,15,27.96,7207.52
458500.0,2829500.0,56.58677,25.58237,15,133.97,10813.7
514500.0,2772500.0,57.14377,25.06814,15,68.82,5192.17
585500.0,2742500.0,57.84587,24.79488,15,154.7,2778.14
497500.0,2752500.0,56.97525,24.88758,15,163.65,866.21
472500.0,2804500.0,56.72668,25.35694,15,90.4,762.41
503500.0,2720500.0,57.03457,24.59857,15,54.69,19999.71
522500.0,2771500.0,57.22308,25.05901,15,158.32,50004.49
567500.0,2732500.0,57.66732,24.70547,15,143.17,124.03
562500.0,2816500.0,57.62171,25.46424,15,153.68,24.67
467500.0,2832500.0,56.67632,25.60969,15,95.43,520.34
595500.0,2725500.0,57.94364,24.64077,15,67.09,85599.12
640500.0,2731500.0,58.3888,24.6915,15,55.38,12189.84
467500.0,2822500.0,56.67656,25.51938,15,65.17,9160.02
592500.0,2783500.0,57.91786,25.1647,15,147.89,2898.83
655500.0,2724500.0,58.53625,24.62686,15,170.01,47.38
497500.0,2753500.0,56.97525,24.89661,15,15.23,345.26
481500.0,2822500.0,56.81589,25.51963,15,13.14,200.62
514500.0,2774500.0,57.14379,25.0862,15,1.44,7605.95
469500.0,2725500.0,56.69861,24.64343,15,123.56,1216.63
454500.0,2784500.0,56.54846,25.17589,15,177.76,133317.54
473500.0,2800500.0,56.7367,25.32083,15,82.62,465.99
478500.0,2849500.0,56.78559,25.7634,15,99.84,283.79
468500.0,2865500.0,56.68549,25.9077,15,170.78,1202.63
547500.0,2743500.0,57.46998,24.80556,15,84.13,71589.38
593500.0,2711500.0,57.92295,24.51447,15,48.03,36590.27
622500.0,2702500.0,58.20839,24.43118,15,43.83,5348.81
533500.0,2721500.0,57.33093,24.60725,15,179.86,1253.83
469500.0,2800500.0,56.69696,25.32076,14,124.31,14.88
472500.0,2850500.0,56.72574,25.77233,14,7.06,39103.6
508500.0,2862500.0,57.08485,25.88093,14,120.82,106.33
597500.0,2733500.0,57.96395,24.71289,14,142.64,235.6
459500.0,2673500.0,56.60128,24.17356,14,178.87,72609.66
501500.0,2776500.0,57.01488,25.10433,14,142.44,66841.43
456500.0,2740500.0,56.56969,24.77859,14,49.74,517.07
471500.0,2717500.0,56.71854,24.57122,14,36.86,6.78
478500.0,2767500.0,56.7869,25.0229,14,48.16,29200.54
457500.0,2777500.0,56.57845,25.11276,14,57.82,10165.51
458500.0,2804500.0,56.58755,25.35661,14,77.0,2.2
451500.0,2796500.0,56.51826,25.28416,14,97.45,5.41
476500.0,2847500.0,56.76569,25.74531,14,86.65,206.89
484500.0,2845500.0,56.84548,25.72736,14,108.06,16098.12
474500.0,2850500.0,56.74569,25.77237,14,89.99,11302.76
526500.0,2823500.0,57.26375,25.52853,14,43.52,4543.26
636500.0,2734500.0,58.34956,24.71895,14,155.41,229.68
488500.0,2781500.0,56.8859,25.14944,14,161.29,1.78
466500.0,2719500.0,56.66911,24.58918,14,66.24,2.34
476500.0,2775500.0,56.76694,25.09511,14,11.01,6470.64
503500.0,2723500.0,57.03458,24.62567,14,37.98,92500.35
529500.0,2798500.0,57.29306,25.30272,14,53.23,16105.07
508500.0,2848500.0,57.08476,25.7545,14,111.82,196.17
476500.0,2825500.0,56.76607,25.54665,14,97.09,106.05
484500.0,2857500.0,56.84533,25.83572,14,81.03,67.44
481500.0,2779500.0,56.81647,25.13131,14,122.66,86.4
466500.0,2796500.0,56.66725,25.28457,14,85.99,8228.99
468500.0,2820500.0,56.68656,25.50135,14,178.96,160639.13
477500.0,2786500.0,56.77668,25.19447,14,35.61,5.2
475500.0,2791500.0,56.75674,25.23959,14,3.72,81667.31
471500.0,2777500.0,56.71731,25.11309,14,136.56,4571.6
485500.0,2773500.0,56.85622,25.07717,14,149.63,20.53
522500.0,2750500.0,57.22274,24.86935,14,59.27,4272.35
644500.0,2730500.0,58.42822,24.6821,14,153.58,11529.05
464500.0,2720500.0,56.64933,24.59817,14,124.6,3.47
525500.0,2794500.0,57.25325,25.26667,14,98.61,4448.53
592500.0,2760500.0,57.91632,24.95701,14,147.35,36060.24
611500.0,2730500.0,58.10211,24.68485,14,51.45,620.26
466500.0,2710500.0,56.66933,24.5079,14,116.44,15891.19
467500.0,2776500.0,56.67766,25.10398,14,86.76,4102.7
546500.0,2767500.0,57.46089,25.02234,14,149.99,13744.48
502500.0,2779500.0,57.0248,25.13142,14,68.01,7571.61
541500.0,2804500.0,57.41245,25.35661,14,148.47,9792.8
456500.0,2811500.0,56.56744,25.41977,14,94.11,8668.26
473500.0,2725500.0,56.73814,24.64351,14,109.08,15879.03
479500.0,2804500.0,56.79626,25.35705,14,27.89,10356.55
460500.0,2801500.0,56.60751,25.32958,14,130.49,1684.99
464500.0,2828500.0,56.64654,25.5735,14,59.16,13248.87
532500.0,2739500.0,57.32147,24.76983,14,74.33,29897.46
529500.0,2775500.0,57.29257,25.09501,14,43.78,54856.28
548500.0,2822500.0,57.48267,25.51895,14,56.11,377.69
518500.0,2864500.0,57.1847,25.89889,14,153.2,2879.77
554500.0,2830500.0,57.54271,25.59098,14,165.87,6082.73
622500.0,2725500.0,58.21038,24.63886,14,45.1,1360.73
653500.0,2804500.0,58.52539,25.34929,14,24.11,58.17
453500.0,2756500.0,56.53948,24.923,14,174.96,5142.55
481500.0,2776500.0,56.81651,25.10422,14,126.04,3611.44
453500.0,2810500.0,56.53765,25.41065,14,16.74,13.0
470500.0,2794500.0,56.70702,25.26659,14,160.38,18681.42
463500.0,2807500.0,56.63716,25.38384,14,45.78,1810.54
482500.0,2829500.0,56.82575,25.58285,14,77.26,71186.87
470500.0,2868500.0,56.70539,25.93483,14,2.11,37141.78
519500.0,2716500.0,57.19257,24.56233,14,23.17,8513.99
539500.0,2742500.0,57.3908,24.79676,14,59.81,73700.91
520500.0,2749500.0,57.20292,24.86035,14,62.55,31915.26
532500.0,2740500.0,57.3215,24.77886,14,65.76,3282.75
544500.0,2826500.0,57.443,25.55519,14,27.32,197.03
536500.0,2825500.0,57.36333,25.54638,14,91.74,68682.18
584500.0,2748500.0,57.83634,24.84912,14,60.52,283238.4
565500.0,2785500.0,57.65006,25.18418,14,45.72,297682.4
578500.0,2822500.0,57.78121,25.51766,14,106.54,8951.92
627500.0,2721500.0,58.25942,24.60234,14,139.51,253.22
626500.0,2721500.0,58.24954,24.60242,14,39.8,339.89
476500.0,2765500.0,56.76711,25.00481,14,57.97,56120.31
473500.0,2831500.0,56.73609,25.60078,14,177.81,4905.44
474500.0,2834500.0,56.74599,25.62789,14,85.56,704.82
486500.0,2835500.0,56.86552,25.63707,14,27.12,76559.84
531500.0,2783500.0,57.31258,25.16722,14,78.66,6086.07
634500.0,2779500.0,58.33415,25.12542,14,69.41,254322.15
608500.0,2726500.0,58.07215,24.64894,14,142.16,3761.17
472500.0,2744500.0,56.72789,24.81508,14,177.06,29478.78
483500.0,2862500.0,56.83529,25.88086,14,7.21,4435.3
631500.0,2695500.0,58.29651,24.36724,14,63.83,37707.85
485500.0,2752500.0,56.85644,24.88751,14,127.53,8634.29
468500.0,2867500.0,56.68544,25.92576,14,171.14,1121.4
521500.0,2708500.0,57.21219,24.49005,14,49.07,247490.67
549500.0,2729500.0,57.48927,24.67906,14,57.94,7657.19
512500.0,2773500.0,57.12395,25.07718,14,44.49,1668.8
472500.0,2803500.0,56.72671,25.34791,14,77.95,3502.29
477500.0,2823500.0,56.77606,25.5286,14,91.02,418.3
519500.0,2804500.0,57.19381,25.35706,14,53.21,2787.73
506500.0,2861500.0,57.06488,25.87191,14,32.37,42014.45
460500.0,2790500.0,56.60783,25.23024,14,44.95,4.37
473500.0,2780500.0,56.73709,25.14022,14,2.66,654259.84
493500.0,2825500.0,56.9353,25.54682,14,130.61,9610.37
504500.0,2779500.0,57.04464,25.13141,14,45.2,487.38
535500.0,2843500.0,57.35386,25.70895,14,62.87,884.42
525500.0,2848500.0,57.25427,25.75431,14,35.35,538.37
595500.0,2754500.0,57.94562,24.90265,14,157.77,181.24
613500.0,2724500.0,58.12139,24.63052,14,63.86,5948.95
440500.0,2807500.0,56.40852,25.38309,14,13.54,715.5
488500.0,2751500.0,56.88615,24.87851,14,32.64,8407.94
474500.0,2780500.0,56.74701,25.14024,14,114.04,40946.77
487500.0,2785500.0,56.87594,25.18555,14,96.9,2540.46
464500.0,2805500.0,56.64715,25.3658,14,166.83,308867.83
461500.0,2861500.0,56.61572,25.87141,14,0.63,36619.77
505500.0,2717500.0,57.05432,24.57147,14,44.72,389008.33
512500.0,2728500.0,57.12355,24.67078,14,39.38,131504.34
536500.0,2737500.0,57.36099,24.75168,14,58.36,22758.57
539500.0,2739500.0,57.39071,24.76967,14,58.48,265365.48
526500.0,2844500.0,57.26417,25.71817,14,155.12,16.57
500500.0,2861500.0,57.00499,25.87192,14,28.81,3426.56
501500.0,2859500.0,57.01497,25.85386,14,30.51,7758.0
586500.0,2726500.0,57.85478,24.65034,14,52.32,29029.86
598500.0,2752500.0,57.97518,24.8844,14,55.63,511.17
610500.0,2756500.0,58.09428,24.91969,14,72.45,152047.14
654500.0,2724500.0,58.52638,24.62696,14,85.56,22850.94
468500.0,2736500.0,56.68849,24.74276,14,173.63,1108654.54
472500.0,2768500.0,56.72741,25.03183,14,99.96,435.26
501500.0,2762500.0,57.01486,24.97789,14,138.62,364.32
535500.0,2823500.0,57.35332,25.52835,14,25.91,441.38
558500.0,2732500.0,57.57835,24.70584,14,53.19,197495.82
594500.0,2778500.0,57.93736,25.11943,14,7.88,1431.22
595500.0,2785500.0,57.94777,25.18257,14,3.23,112.58
594500.0,2780500.0,57.9375,25.13749,14,69.88,852893.51
467500.0,2727500.0,56.67881,24.66145,14,126.55,67289.62
470500.0,2737500.0,56.70824,24.75183,14,68.19,55.89
483500.0,2751500.0,56.83665,24.87846,14,136.67,1178273.22
480500.0,2749500.0,56.80698,24.86036,14,135.59,17731.22
465500.0,2773500.0,56.6579,25.07684,14,33.46,63859.58
482500.0,2777500.0,56.82642,25.11326,14,162.87,183.8
461500.0,2808500.0,56.61725,25.39282,14,52.79,2.86
513500.0,2725500.0,57.1334,24.64368,14,51.97,297215.05
543500.0,2723500.0,57.42978,24.62506,14,82.14,79366.53
538500.0,2831500.0,57.38341,25.60051,14,62.21,44010.96
508500.0,2863500.0,57.08486,25.88996,14,27.15,19211.0
507500.0,2866500.0,57.07489,25.91705,14,25.62,882627.4
573500.0,2720500.0,57.72601,24.59683,14,148.69,176749.38
581500.0,2744500.0,57.80642,24.81316,14,39.32,416844.42
593500.0,2781500.0,57.92765,25.14658,14,70.13,105860.11
554500.0,2834500.0,57.54287,25.6271,14,94.69,1126.38
551500.0,2824500.0,57.5126,25.53691,14,82.07,7522.87
640500.0,2767500.0,58.39243,25.01653,14,84.7,211131.21
605500.0,2784500.0,58.04692,25.17287,14,127.8,13694.6
610500.0,2797500.0,58.09758,25.28989,14,165.03,8.52
385500.0,2869500.0,55.85652,25.93965,14,100.81,1600.89
485500.0,2736500.0,56.8566,24.74301,14,94.44,811814.04
497500.0,2743500.0,56.97526,24.8063,14,56.31,3838.88
481500.0,2814500.0,56.816,25.44738,14,90.24,382665.64
482500.0,2848500.0,56.8255,25.75442,14,7.85,29153.57
502500.0,2745500.0,57.02474,24.82436,14,51.35,81.72
559500.0,2755500.0,57.58922,24.91351,14,50.0,348750.88
558500.0,2767500.0,57.57982,25.02192,14,49.35,2006393.73
582500.0,2801500.0,57.81973,25.32782,14,140.73,1808.81
605500.0,2723500.0,58.04229,24.62206,14,42.67,156843.24
630500.0,2719500.0,58.28886,24.58403,14,53.6,1136986.28
474500.0,2756500.0,56.74746,24.92349,14,122.94,596.3
479500.0,2782500.0,56.79659,25.15837,14,23.8,3346.57
473500.0,2765500.0,56.73738,25.00476,14,177.46,23254.08
481500.0,2815500.0,56.81598,25.45641,14,0.27,934621.0
480500.0,2827500.0,56.80586,25.56476,14,103.73,3505.17
491500.0,2824500.0,56.91539,25.53778,14,45.08,742551.31
487500.0,2853500.0,56.87531,25.79963,14,15.47,16480.36
517500.0,2833500.0,57.17431,25.61897,14,128.16,4013.41
579500.0,2787500.0,57.78911,25.20156,14,47.85,43958.09
569500.0,2798500.0,57.69042,25.30139,14,158.23,10028.0
489500.0,2830500.0,56.89544,25.59195,14,10.37,12711.25
480500.0,2851500.0,56.80551,25.78149,14,12.56,146756.18
510500.0,2722500.0,57.10373,24.6166,14,44.65,72079.1
578500.0,2806500.0,57.78028,25.37318,14,148.78,288.84
556500.0,2806500.0,57.56161,25.37418,14,109.24,18736.39
598500.0,2831500.0,57.98089,25.59773,14,159.08,49.19
638500.0,2769500.0,58.37282,25.03477,14,144.93,7437.03
636500.0,2790500.0,58.35509,25.22455,14,147.22,567.15
628500.0,2797500.0,58.27634,25.28845,14,14.06,2824.3
476500.0,2763500.0,56.76714,24.98674,14,11.54,9770.04
478500.0,2788500.0,56.78657,25.21255,14,148.99,185496.91
494500.0,2823500.0,56.94526,25.52876,14,33.88,43074.25
474500.0,2859500.0,56.74551,25.85364,14,165.09,515421.67
485500.0,2865500.0,56.85523,25.90797,14,174.06,5301.77
501500.0,2796500.0,57.0149,25.28495,14,49.41,122979.58
511500.0,2843500.0,57.11463,25.70933,14,31.41,8731.2
503500.0,2847500.0,57.0349,25.7455,14,179.37,9093.43
505500.0,2841500.0,57.05481,25.69131,14,10.36,157535.91
576500.0,2721500.0,57.7557,24.60571,14,61.64,125825.5
574500.0,2718500.0,57.73578,24.57872,14,51.31,44171.02
590500.0,2726500.0,57.8943,24.65011,14,39.0,94596.81
597500.0,2757500.0,57.96563,24.92961,14,68.98,886795.94
552500.0,2761500.0,57.52013,24.96795,14,74.82,2603.48
619500.0,2737500.0,58.18177,24.74745,14,61.38,110840.1
621500.0,2736500.0,58.20146,24.73827,14,58.15,82390.67
613500.0,2740500.0,58.12268,24.775,14,151.96,95893.07
615500.0,2740500.0,58.14246,24.77485,14,61.67,254561.82
462500.0,2777500.0,56.62804,25.11289,14,169.61,34.94
473500.0,2818500.0,56.73635,25.48338,14,104.99,9.2
540500.0,2796500.0,57.40228,25.2844,14,32.04,4369.86
501500.0,2826500.0,57.01493,25.55586,14,135.01,142.43
582500.0,2797500.0,57.81949,25.2917,14,160.65,5424.64
639500.0,2697500.0,58.37556,24.3846,14,137.28,29385.7
394500.0,2853500.0,55.94767,25.79587,14,54.26,23.49
492500.0,2761500.0,56.92569,24.96884,14,6.38,4471.76
464500.0,2778500.0,56.64785,25.12197,14,100.91,30.26
470500.0,2818500.0,56.7065,25.48333,14,80.08,8.35
514500.0,2717500.0,57.1432,24.57141,14,73.36,533076.73
512500.0,2793500.0,57.12413,25.2578,14,59.62,722180.12
548500.0,2812500.0,57.48231,25.42864,14,58.14,99662.28
526500.0,2723500.0,57.26182,24.62544,14,51.52,51050.32
483500.0,2819500.0,56.83583,25.49256,14,10.09,6095.88
487500.0,2837500.0,56.87546,25.65514,14,8.08,128329.02
483500.0,2861500.0,56.83531,25.87183,14,98.28,1288.93
479500.0,2868500.0,56.79527,25.93499,14,14.26,98254.38
520500.0,2862500.0,57.20463,25.88081,14,35.81,1963.74
613500.0,2758500.0,58.12415,24.93753,14,47.93,8045.12
486500.0,2818500.0,56.86569,25.48356,14,23.38,3254.26
607500.0,2784500.0,58.06677,25.17273,14,83.08,26014.7
466500.0,2715500.0,56.66921,24.55306,14,47.23,57.9
464500.0,2752500.0,56.64852,24.88717,14,89.71,6163.39
476500.0,2839500.0,56.76583,25.67307,14,3.85,381359.6
472500.0,2841500.0,56.72593,25.69106,14,177.97,8400.82
485500.0,2852500.0,56.85537,25.79058,14,14.93,181958.72
489500.0,2867500.0,56.89515,25.92606,14,168.81,3265.14
529500.0,2716500.0,57.29132,24.56217,14,38.95,111778.42
596500.0,2764500.0,57.95622,24.99288,14,149.66,4941.14
627500.0,2775500.0,58.26436,25.08991,14,76.47,67068.28
476500.0,2771500.0,56.76701,25.05899,13,127.98,36491.79
463500.0,2799500.0,56.63737,25.31159,13,59.44,88.48
457500.0,2809500.0,56.57745,25.40174,13,38.25,2.53
468500.0,2808500.0,56.68684,25.39298,13,148.94,4517.24
472500.0,2847500.0,56.7258,25.74524,13,90.7,250.5
459500.0,2674500.0,56.60125,24.18259,13,178.83,41550.11
473500.0,2756500.0,56.73755,24.92348,13,173.43,1243.01
469500.0,2798500.0,56.697,25.3027,13,161.84,12302.35
483500.0,2855500.0,56.83538,25.81765,13,77.21,106986.24
473500.0,2754500.0,56.73759,24.90541,13,123.58,236.34
485500.0,2816500.0,56.85576,25.46549,13,31.33,17698.25
467500.0,2806500.0,56.67694,25.3749,13,124.16,795.18
469500.0,2836500.0,56.69614,25.64585,13,2.0,3131.42
466500.0,2720500.0,56.66909,24.59821,13,97.83,3.9
468500.0,2863500.0,56.68554,25.88964,13,88.07,501.17
470500.0,2718500.0,56.70864,24.58023,13,17.29,9.72
474500.0,2775500.0,56.7471,25.09508,13,36.67,24228.61
478500.0,2843500.0,56.78569,25.70922,13,98.43,212.55
523500.0,2749500.0,57.23262,24.86031,13,131.58,7199.46
497500.0,2759500.0,56.97524,24.9508,13,136.02,16409.51
489500.0,2762500.0,56.89597,24.97786,13,42.97,5695.53
497500.0,2768500.0,56.97522,25.03208,13,56.19,176056.93
472500.0,2781500.0,56.72715,25.14923,13,130.2,8538.56
494500.0,2782500.0,56.94543,25.1585,13,68.71,1072.32
494500.0,2785500.0,56.94541,25.1856,13,1.34,17157.37
462500.0,2795500.0,56.62755,25.27545,13,63.64,26953.35
494500.0,2794500.0,56.94538,25.26687,13,22.02,11524.88
471500.0,2868500.0,56.71538,25.93485,13,179.28,13560.66
549500.0,2690500.0,57.48791,24.32684,13,42.34,19759.34
550500.0,2690500.0,57.49777,24.32681,13,55.63,8736.7
588500.0,2784500.0,57.87824,25.17397,13,155.17,10252.96
505500.0,2807500.0,57.05468,25.38427,13,163.22,73934.92
504500.0,2853500.0,57.04489,25.79967,13,31.52,42055.09
468500.0,2806500.0,56.68688,25.37492,13,167.34,2622.14
497500.0,2866500.0,56.97504,25.91707,13,29.87,22856.43
470500.0,2842500.0,56.70597,25.70005,13,137.77,5308.14
596500.0,2736500.0,57.95427,24.74004,13,138.43,6810.54
654500.0,2815500.0,58.53658,25.44849,13,174.14,19.51
459500.0,2739500.0,56.5994,24.76964,13,149.54,404.8
486500.0,2836500.0,56.86551,25.6461,13,25.28,38057.69
516500.0,2720500.0,57.16299,24.59849,13,136.04,433.01
503500.0,2756500.0,57.03466,24.9237,13,67.16,16914.64
501500.0,2813500.0,57.01492,25.43847,13,44.72,7088.14
547500.0,2812500.0,57.47237,25.42868,13,117.23,899.05
562500.0,2744500.0,57.61843,24.81405,13,37.9,175.14
571500.0,2825500.0,57.71171,25.5451,13,59.8,79.72
481500.0,2716500.0,56.81731,24.56234,13,39.59,2719.23
478500.0,2717500.0,56.78767,24.57133,13,93.58,8628.36
459500.0,2825500.0,56.59685,25.54628,13,179.12,77727.82
537500.0,2720500.0,57.37042,24.59812,13,81.45,60556.49
531500.0,2764500.0,57.31215,24.99563,13,54.53,10756.59
505500.0,2778500.0,57.05456,25.12238,13,66.44,17958.4
504500.0,2778500.0,57.04464,25.12238,13,85.22,31487.57
515500.0,2799500.0,57.15399,25.31196,13,12.76,26904.79
513500.0,2853500.0,57.13467,25.79962,13,30.0,3983.89
561500.0,2670500.0,57.60533,24.14578,13,62.62,436049.88
437500.0,2786500.0,56.37967,25.19334,13,19.81,115.52
462500.0,2737500.0,56.62912,24.75165,13,177.23,17773.91
462500.0,2738500.0,56.6291,24.76068,13,176.79,10407.52
466500.0,2780500.0,56.66764,25.14008,13,67.81,301.68
475500.0,2840500.0,56.75584,25.68208,13,4.31,99422.54
524500.0,2777500.0,57.24301,25.11316,13,55.16,22215.86
523500.0,2807500.0,57.23361,25.3841,13,48.22,95180.63
511500.0,2804500.0,57.1143,25.35715,13,100.87,8921.35
569500.0,2676500.0,57.68436,24.19964,13,68.78,23724.42
576500.0,2743500.0,57.7569,24.80439,13,71.56,605945.15
582500.0,2756500.0,57.81703,24.92147,13,132.88,8453.57
597500.0,2754500.0,57.96542,24.90252,13,64.23,5477.3
634500.0,2660500.0,58.32282,24.05095,13,154.44,12487.12
485500.0,2815500.0,56.85577,25.45646,13,11.84,1006691.99
513500.0,2772500.0,57.13386,25.06814,13,45.03,1862.65
481500.0,2762500.0,56.8167,24.97778,13,33.41,60695.38
483500.0,2840500.0,56.83557,25.6822,13,87.65,27141.25
477500.0,2858500.0,56.77547,25.84466,13,15.59,82.45
544500.0,2777500.0,57.44139,25.1127,13,166.56,2031.15
551500.0,2778500.0,57.51086,25.12151,13,59.83,17622.62
577500.0,2704500.0,57.76464,24.45214,13,67.32,6936.8
528500.0,2744500.0,57.28201,24.81507,13,147.25,95.02
528500.0,2745500.0,57.28203,24.8241,13,145.1,479.79
460500.0,2778500.0,56.60818,25.12187,13,9.79,64.52
529500.0,2731500.0,57.29163,24.69764,13,127.04,364.87
478500.0,2806500.0,56.78629,25.3751,13,48.7,150.74
518500.0,2769500.0,57.18339,25.041,13,136.4,23633.85
573500.0,2796500.0,57.73004,25.28314,13,159.24,11406.35
524500.0,2718500.0,57.24198,24.58032,13,130.54,2188.0
524500.0,2827500.0,57.24392,25.56469,13,58.58,39297.69
488500.0,2765500.0,56.88603,25.00494,13,44.6,13428.93
480500.0,2776500.0,56.80659,25.1042,13,129.64,6457.55
479500.0,2847500.0,56.7956,25.74536,13,15.15,216726.01
468500.0,2839500.0,56.68611,25.67292,13,172.08,355861.21
468500.0,2838500.0,56.68613,25.66389,13,172.16,237105.52
466500.0,2861500.0,56.66562,25.87154,13,95.89,420.53
467500.0,2856500.0,56.67573,25.82641,13,94.64,890.53
541500.0,2795500.0,57.41218,25.27534,13,31.9,5814.04
583500.0,2677500.0,57.82226,24.20799,13,59.68,213836.44
559500.0,2753500.0,57.58913,24.89545,13,162.03,4069.71
564500.0,2751500.0,57.63854,24.87719,13,160.98,3705.43
636500.0,2761500.0,58.35221,24.96272,13,152.59,1242.69
611500.0,2760500.0,58.10451,24.95574,13,163.84,11060.08
665500.0,2707500.0,58.63303,24.47234,13,60.29,7440.63
532500.0,2743500.0,57.32157,24.80596,13,55.48,458414.78
574500.0,2679500.0,57.73374,24.22651,13,58.08,11571.14
469500.0,2726500.0,56.69859,24.65246,13,163.01,17160.85
446500.0,2796500.0,56.4686,25.28399,12,71.12,3.55
493500.0,2727500.0,56.93576,24.66178,12,120.71,59.52
467500.0,2797500.0,56.67716,25.29362,12,77.32,15.86
472500.0,2851500.0,56.72572,25.78136,12,102.59,254.42
475500.0,2868500.0,56.75533,25.93492,12,99.1,57.09
518500.0,2750500.0,57.18314,24.86941,12,89.79,9982.54
571500.0,2769500.0,57.70877,25.03942,12,146.3,5152.02
487500.0,2804500.0,56.87577,25.35714,12,166.08,1783503.33
482500.0,2844500.0,56.82555,25.7183,12,15.24,173121.3
525500.0,2825500.0,57.25384,25.54661,12,40.85,31663.67
559500.0,2719500.0,57.58769,24.5884,12,168.88,25684.65
481500.0,2764500.0,56.81667,24.99584,12,46.66,19065.13
475500.0,2779500.0,56.75695,25.13122,12,112.56,13704.1
458500.0,2777500.0,56.58837,25.11279,12,143.26,854.55
455500.0,2797500.0,56.55796,25.29331,12,9.96,9.7
468500.0,2797500.0,56.68709,25.29364,12,130.34,63878.67
487500.0,2842500.0,56.87541,25.7003,12,10.49,4110.59
515500.0,2789500.0,57.15388,25.22165,12,158.98,177.83
452500.0,2810500.0,56.5277,25.41062,12,62.64,397.08
456500.0,2806500.0,56.5676,25.37462,12,111.11,28.95
480500.0,2835500.0,56.80574,25.63701,12,110.14,15.54
452500.0,2758500.0,56.52951,24.94103,12,164.27,30434.42
470500.0,2746500.0,56.70805,24.83311,12,175.42,19669.73
512500.0,2760500.0,57.12383,24.95978,12,25.26,9170.76
464500.0,2734500.0,56.64898,24.72461,12,3.04,23795.32
452500.0,2760500.0,56.52944,24.95909,12,157.46,2230.8
464500.0,2737500.0,56.6489,24.7517,12,2.53,13298.32
499500.0,2782500.0,56.99504,25.15851,12,132.56,23.31
458500.0,2809500.0,56.58739,25.40177,12,16.7,231.4
454500.0,2808500.0,56.54766,25.39262,12,114.33,6346.4
463500.0,2718500.0,56.63951,24.58008,12,158.59,2947.8
472500.0,2813500.0,56.7265,25.43821,12,100.0,2.85
472500.0,2812500.0,56.72652,25.42918,12,170.29,6488.0
507500.0,2864500.0,57.07488,25.89899,12,28.87,7695.39
467500.0,2778500.0,56.67761,25.12204,12,15.91,271.45
467500.0,2795500.0,56.67721,25.27556,12,97.39,31.75
468500.0,2842500.0,56.68604,25.70001,12,85.41,49.54
472500.0,2727500.0,56.72822,24.66155,12,73.05,362341.09
495500.0,2784500.0,56.95534,25.17657,12,50.92,67435.47
480500.0,2802500.0,56.80622,25.339,12,71.54,435439.0
468500.0,2811500.0,56.68677,25.42007,12,151.7,23157.24
465500.0,2812500.0,56.65691,25.42904,12,93.24,1718505.77
456500.0,2796500.0,56.56792,25.28431,12,26.59,2.4
477500.0,2861500.0,56.77542,25.87175,12,37.51,210.26
508500.0,2780500.0,57.08433,25.14043,12,30.82,7593.8
444500.0,2791500.0,56.44894,25.23876,12,2.11,14414.68
463500.0,2709500.0,56.63974,24.4988,12,175.28,9.1
484500.0,2747500.0,56.84659,24.84235,12,179.25,15.05
475500.0,2792500.0,56.75672,25.24862,12,94.57,8031.41
487500.0,2822500.0,56.8756,25.51969,12,15.72,5089536.55
502500.0,2733500.0,57.02472,24.71599,12,22.1,476.07
508500.0,2801500.0,57.08446,25.33008,12,166.39,160.99
630500.0,2727500.0,58.2896,24.65626,12,43.24,141481.45
630500.0,2728500.0,58.28969,24.66529,12,41.91,23003.05
616500.0,2735500.0,58.15194,24.72962,12,58.24,4268811.03
606500.0,2755500.0,58.0546,24.91095,12,63.52,822638.4
652500.0,2740500.0,58.50836,24.77161,12,81.43,72128.59
460500.0,2835500.0,56.60651,25.63661,12,45.66,5.3
480500.0,2866500.0,56.80529,25.91694,12,100.06,5794.47
581500.0,2735500.0,57.8059,24.73188,12,52.86,61667.92
467500.0,2838500.0,56.67617,25.66387,12,166.05,8609.58
550500.0,2689500.0,57.49773,24.31778,12,41.87,113994.04
474500.0,2721500.0,56.74809,24.6074,12,166.87,4.69
463500.0,2742500.0,56.63888,24.79683,12,87.01,196.0
546500.0,2773500.0,57.46109,25.07652,12,53.8,24800.13
627500.0,2709500.0,58.25833,24.49399,12,59.81,16844.3
463500.0,2746500.0,56.63878,24.83296,12,83.48,4929.53
463500.0,2745500.0,56.63881,24.82393,12,76.36,21.16
457500.0,2811500.0,56.57739,25.4198,12,102.59,1751.67
492500.0,2796500.0,56.9255,25.28493,12,52.22,362.56
457500.0,2799500.0,56.57776,25.31143,12,92.0,5116.56
522500.0,2719500.0,57.22224,24.58938,12,126.46,4683.84
445500.0,2802500.0,56.45843,25.33813,12,120.46,1.95
443500.0,2808500.0,56.4383,25.39224,12,102.75,44643.33
473500.0,2718500.0,56.73827,24.58029,12,160.48,8.61
477500.0,2722500.0,56.77771,24.61648,12,102.37,99.04
464500.0,2719500.0,56.64936,24.58914,12,71.36,3.78
480500.0,2739500.0,56.80712,24.77005,12,91.03,641.47
482500.0,2772500.0,56.82648,25.0681,12,8.42,601522.37
460500.0,2812500.0,56.60719,25.42891,12,17.25,1860.05
483500.0,2807500.0,56.83597,25.38419,12,23.84,1241.9
454500.0,2819500.0,56.54729,25.49195,12,156.42,57201.36
454500.0,2821500.0,56.54722,25.51001,12,173.17,7498.84
491500.0,2851500.0,56.91522,25.7816,12,179.22,33.02
518500.0,2717500.0,57.1827,24.57137,12,22.41,279167.44
504500.0,2719500.0,57.04445,24.58954,12,30.36,8403606.4
542500.0,2820500.0,57.4229,25.50107,12,83.15,2367.62
547500.0,2827500.0,57.4729,25.56413,12,162.08,847.97
526500.0,2849500.0,57.26427,25.76332,12,29.81,24222.3
519500.0,2864500.0,57.19468,25.89888,12,27.36,456253.64
599500.0,2733500.0,57.98372,24.71276,12,25.84,33768.23
581500.0,2749500.0,57.80671,24.85831,12,59.92,8877148.61
580500.0,2794500.0,57.79945,25.26472,12,54.31,52902.34
554500.0,2832500.0,57.54279,25.60904,12,57.19,883.71
624500.0,2724500.0,58.23005,24.62967,12,44.54,41537.54
454500.0,2761500.0,56.54922,24.96818,12,164.08,46815.6
469500.0,2770500.0,56.69763,25.04983,12,178.92,257421.07
461500.0,2804500.0,56.61736,25.35669,12,177.93,459694.1
454500.0,2802500.0,56.54786,25.33844,12,164.97,1.45
494500.0,2815500.0,56.94529,25.45652,12,17.3,137898.33
463500.0,2835500.0,56.6364,25.63668,12,88.87,3821.23
454500.0,2822500.0,56.54718,25.51904,12,177.81,4188.37
472500.0,2855500.0,56.72564,25.81748,12,8.08,7395.72
475500.0,2862500.0,56.75544,25.88074,12,17.03,14105.8
543500.0,2739500.0,57.43028,24.76956,12,58.7,257567.17
535500.0,2838500.0,57.35372,25.6638,12,56.37,7091.31
558500.0,2763500.0,57.57965,24.9858,12,76.97,23986.64
621500.0,2726500.0,58.20059,24.64797,12,43.12,552.41
620500.0,2728500.0,58.19088,24.66611,12,40.09,12067.32
614500.0,2744500.0,58.1329,24.81104,12,72.64,585165.47
627500.0,2773500.0,58.26418,25.07185,12,67.06,206985.15
637500.0,2799500.0,58.36592,25.30571,12,29.21,399.97
635500.0,2798500.0,58.34596,25.29686,12,81.16,822967.61
480500.0,2868500.0,56.80526,25.935,12,1.44,5335.05
524500.0,2700500.0,57.24166,24.41775,12,41.45,225568.32
530500.0,2783500.0,57.30266,25.16724,12,78.73,17697.5
576500.0,2740500.0,57.75673,24.77729,12,56.76,704402.85
562500.0,2743500.0,57.61839,24.80502,12,169.97,15299.42
627500.0,2671500.0,58.25495,24.15086,12,65.35,13072.98
631500.0,2659500.0,58.29323,24.04217,12,65.42,101057.75
662500.0,2709500.0,58.60366,24.49071,12,76.03,43966.46
472500.0,2780500.0,56.72717,25.1402,12,22.71,139703.01
480500.0,2843500.0,56.80563,25.70925,12,2.02,1341.56
540500.0,2732500.0,57.4004,24.70642,12,53.52,28274.98
538500.0,2769500.0,57.38165,25.04062,12,156.24,13359.51
530500.0,2820500.0,57.30349,25.50137,12,46.09,18947.66
642500.0,2658500.0,58.40128,24.03219,12,103.33,101.76
607500.0,2728500.0,58.06242,24.66707,12,134.28,13974.65
639500.0,2771500.0,58.38293,25.05273,12,80.18,185428.77
453500.0,2789500.0,56.53837,25.22101,12,30.58,4.18
472500.0,2831500.0,56.72613,25.60076,12,166.98,436.43
522500.0,2754500.0,57.2228,24.90548,12,79.69,8903.07
488500.0,2801500.0,56.88573,25.33006,12,113.48,1192.66
474500.0,2818500.0,56.7463,25.4834,12,13.74,31527.05
505500.0,2712500.0,57.0543,24.52631,12,76.31,454030.66
548500.0,2730500.0,57.47942,24.68813,12,62.99,558.14
514500.0,2768500.0,57.14373,25.03201,12,56.0,17705.78
587500.0,2784500.0,57.86832,25.17403,12,146.98,5.21
488500.0,2819500.0,56.88558,25.49261,12,109.58,171.09
463500.0,2866500.0,56.63554,25.91661,12,169.05,211.34
463500.0,2867500.0,56.63551,25.92564,12,167.28,740.8
512500.0,2734500.0,57.1236,24.72497,12,130.91,10782.49
566500.0,2733500.0,57.65748,24.71455,12,48.19,111356.69
575500.0,2736500.0,57.74662,24.74122,12,159.82,4937.3
473500.0,2857500.0,56.73557,25.83556,12,1.18,1865.5
533500.0,2706500.0,57.33058,24.47177,12,136.43,35826.54
534500.0,2789500.0,57.3425,25.22133,12,83.81,350.61
553500.0,2810500.0,57.53195,25.41041,12,14.82,202.71
577500.0,2837500.0,57.77213,25.65316,12,176.38,3.82
495500.0,2718500.0,56.95556,24.58051,12,83.75,3808737.85
489500.0,2785500.0,56.89579,25.18557,12,75.92,1614.71
474500.0,2783500.0,56.74696,25.16733,12,36.41,1156.74
471500.0,2785500.0,56.71714,25.18534,12,74.63,3415332.24
549500.0,2736500.0,57.48952,24.74228,12,52.65,10727000.01
549500.0,2737500.0,57.48955,24.75131,12,141.84,953.03
534500.0,2738500.0,57.34123,24.76076,12,57.24,23865.11
535500.0,2738500.0,57.35112,24.76073,12,62.42,11503.07
512500.0,2786500.0,57.12407,25.19459,12,52.13,69951.66
529500.0,2846500.0,57.29412,25.73617,12,41.59,1448.89
538500.0,2826500.0,57.38327,25.55536,12,56.68,118607.81
563500.0,2769500.0,57.62947,25.03978,12,63.38,448.18
577500.0,2830500.0,57.77172,25.58995,12,167.73,4303.63
573500.0,2827500.0,57.73173,25.56306,12,108.28,6726.2
630500.0,2757500.0,58.2924,24.92714,12,77.86,12402.98
492500.0,2752500.0,56.92574,24.88756,12,85.4,463.26
493500.0,2752500.0,56.93564,24.88757,12,2.36,1251.58
451500.0,2742500.0,56.52016,24.7965,12,160.54,575.27
474500.0,2778500.0,56.74705,25.12217,12,2.75,743232.92
464500.0,2801500.0,56.64725,25.32968,12,37.26,116.47
474500.0,2800500.0,56.74664,25.32085,12,76.55,30056.3
459500.0,2801500.0,56.59757,25.32955,12,63.82,2.81
490500.0,2834500.0,56.90537,25.62808,12,161.83,956.57
474500.0,2838500.0,56.74592,25.66401,12,176.85,194582.3
524500.0,2754500.0,57.24261,24.90545,12,61.35,716412.65
523500.0,2754500.0,57.2327,24.90546,12,61.51,120318.45
524500.0,2846500.0,57.24427,25.73626,12,59.09,17.93
501500.0,2861500.0,57.01497,25.87192,12,31.67,1601.9
552500.0,2734500.0,57.51911,24.72412,12,53.01,5010.24
599500.0,2752500.0,57.98508,24.88433,12,60.71,14936.3
599500.0,2740500.0,57.98422,24.77597,12,103.01,1055010.76
566500.0,2766500.0,57.65906,25.01256,12,49.17,90786.86
567500.0,2828500.0,57.67205,25.57238,12,118.23,200.43
598500.0,2828500.0,57.98067,25.57064,12,178.99,5666.54
615500.0,2723500.0,58.14107,24.62134,12,65.86,4887.89
638500.0,2733500.0,58.36923,24.70974,12,62.29,173418.04
611500.0,2755500.0,58.10411,24.91059,12,72.17,460871.36
470500.0,2738500.0,56.70822,24.76086,12,24.52,2085.46
481500.0,2749500.0,56.81687,24.86038,12,137.68,95976.25
466500.0,2807500.0,56.66698,25.38391,12,159.82,7597.73
536500.0,2778500.0,57.36207,25.12195,12,60.34,451960.0
536500.0,2821500.0,57.36322,25.51026,12,27.97,909896.59
536500.0,2823500.0,57.36328,25.52832,12,27.75,5551.22
510500.0,2857500.0,57.10477,25.83576,12,29.23,45325.96
555500.0,2834500.0,57.55283,25.62706,12,107.53,892.5
550500.0,2838500.0,57.50318,25.66336,12,54.93,49.64
606500.0,2727500.0,58.05247,24.65811,12,65.7,1163607.85
648500.0,2746500.0,58.46945,24.82617,12,64.66,60837.36
442500.0,2789500.0,56.42917,25.22063,12,130.42,1196.44
443500.0,2809500.0,56.43826,25.40127,12,29.96,89.51
485500.0,2727500.0,56.8567,24.66173,12,167.65,27.24
467500.0,2726500.0,56.67883,24.65242,12,127.12,594067.36
453500.0,2736500.0,56.54015,24.74238,12,69.6,289.75
484500.0,2752500.0,56.84654,24.8875,12,135.05,7937.52
468500.0,2739500.0,56.68842,24.76985,12,173.51,1516174.98
459500.0,2792500.0,56.59784,25.24828,12,118.12,7334.57
466500.0,2772500.0,56.66784,25.06783,12,11.24,70346.54
468500.0,2769500.0,56.68774,25.04078,12,35.16,5457.26
467500.0,2809500.0,56.67687,25.40199,12,160.73,91077.31
471500.0,2809500.0,56.71664,25.40207,12,0.16,208086.09
492500.0,2819500.0,56.92538,25.49263,12,17.11,75545.04
462500.0,2818500.0,56.62691,25.48315,12,172.38,50956.47
549500.0,2723500.0,57.48906,24.62488,12,82.75,36880.42
511500.0,2717500.0,57.11357,24.57144,12,53.17,4129.59
517500.0,2750500.0,57.17324,24.86942,12,50.64,10482.04
509500.0,2830500.0,57.0946,25.59195,12,42.41,116767.92
545500.0,2826500.0,57.45295,25.55516,12,64.85,91893.37
506500.0,2864500.0,57.06489,25.899,12,39.79,56021.72
558500.0,2733500.0,57.57839,24.71487,12,53.19,18462.92
612500.0,2789500.0,58.11679,25.21751,12,71.4,460360.19
623500.0,2771500.0,58.22434,25.05413,12,85.89,637.09
608500.0,2791500.0,58.07724,25.23586,12,71.92,94571.22
618500.0,2772500.0,58.17487,25.06356,12,78.82,376.83
609500.0,2796500.0,58.08757,25.28094,12,84.78,23229.03
474500.0,2754500.0,56.74749,24.90543,12,47.48,17657.16
475500.0,2756500.0,56.75736,24.92351,12,130.81,920108.37
477500.0,2763500.0,56.77705,24.98676,12,175.14,315630.54
480500.0,2823500.0,56.80592,25.52864,12,9.5,193374.1
547500.0,2749500.0,57.47018,24.85975,12,65.43,350072.7
574500.0,2734500.0,57.73663,24.72321,12,53.66,107420.79
566500.0,2717500.0,57.65673,24.57005,12,55.63,510135.8
570500.0,2797500.0,57.7003,25.29231,12,63.66,1129373.7
557500.0,2800500.0,57.5713,25.31996,12,57.73,615892.9
572500.0,2796500.0,57.72011,25.28319,12,64.11,97907.32
576500.0,2799500.0,57.76001,25.31008,12,20.35,75.21
648500.0,2731500.0,58.46785,24.69075,12,66.67,42092969.21
630500.0,2720500.0,58.28895,24.59306,12,53.36,512192.12
654500.0,2719500.0,58.52583,24.58182,12,89.35,1058652.96
494500.0,2747500.0,56.94557,24.84242,12,47.89,584667.61
474500.0,2757500.0,56.74744,24.93252,12,48.49,7669.75
474500.0,2758500.0,56.74742,24.94156,12,172.65,20277.02
490500.0,2751500.0,56.90595,24.87852,12,48.29,487818.71
477500.0,2751500.0,56.77725,24.87838,12,141.58,63947.47
470500.0,2760500.0,56.70776,24.95955,12,167.44,561954.23
469500.0,2794500.0,56.69709,25.26657,12,131.66,4151.56
477500.0,2819500.0,56.77613,25.49248,12,158.08,16241.23
451500.0,2799500.0,56.51815,25.31125,12,87.95,154346.24
488500.0,2829500.0,56.88549,25.58291,12,112.14,42698.17
477500.0,2829500.0,56.77596,25.58278,12,175.74,11623.36
478500.0,2823500.0,56.78601,25.52862,12,157.49,63809.28
477500.0,2830500.0,56.77594,25.59181,12,176.71,42277.45
479500.0,2824500.0,56.79595,25.53766,12,157.79,59082.04
486500.0,2856500.0,56.8653,25.82671,12,14.34,17677.49
511500.0,2776500.0,57.11406,25.10428,12,25.75,6209.56
505500.0,2795500.0,57.05463,25.2759,12,172.96,1032.67
500500.0,2838500.0,57.00498,25.66423,12,8.71,82464.78
561500.0,2792500.0,57.61068,25.24756,12,55.6,912698.3
558500.0,2809500.0,57.58162,25.40119,12,162.67,3070.61
651500.0,2719500.0,58.49621,24.58211,12,89.33,1144716.1
463500.0,2806500.0,56.63718,25.37481,12,160.08,12731.99
455500.0,2812500.0,56.55747,25.42877,12,138.71,11051.98
484500.0,2828500.0,56.84567,25.57384,12,46.4,14810.02
480500.0,2838500.0,56.8057,25.6641,12,23.58,38031.01
547500.0,2756500.0,57.47042,24.92297,12,42.3,643556.21
504500.0,2826500.0,57.0448,25.55586,12,46.13,78059.9
568500.0,2814500.0,57.68129,25.44592,12,115.99,1972.42
561500.0,2803500.0,57.61118,25.34689,12,106.58,1746.0
564500.0,2815500.0,57.64156,25.45513,12,116.32,5472.23
561500.0,2801500.0,57.61108,25.32883,12,104.24,338.97
555500.0,2814500.0,57.552,25.44646,12,95.35,4206.69
558500.0,2822500.0,57.58219,25.51859,12,70.23,432077.4
601500.0,2743500.0,58.00422,24.80293,12,44.49,46241.67
617500.0,2745500.0,58.16267,24.81984,12,62.71,2060062.43
602500.0,2785500.0,58.01723,25.18211,12,53.38,1178429.16
644500.0,2797500.0,58.43523,25.28699,12,154.36,926.88
448500.0,2801500.0,56.48828,25.32921,12,75.31,595.42
475500.0,2728500.0,56.75785,24.67063,12,119.25,117966.49
466500.0,2792500.0,56.66735,25.24845,12,64.72,12205.2
477500.0,2788500.0,56.77664,25.21253,12,148.83,79380.27
485500.0,2765500.0,56.8563,25.00492,12,177.19,25747.4
463500.0,2800500.0,56.63735,25.32062,12,23.32,3087.64
489500.0,2795500.0,56.89571,25.27588,12,9.71,186656.71
494500.0,2822500.0,56.94526,25.51973,12,32.53,76196.32
484500.0,2855500.0,56.84536,25.81766,12,64.3,161.9
508500.0,2723500.0,57.08398,24.62565,12,34.71,4409.3
548500.0,2757500.0,57.48036,24.93196,12,63.0,444194.69
504500.0,2827500.0,57.0448,25.56489,12,26.22,76.14
527500.0,2824500.0,57.27372,25.53755,12,48.79,10839.83
599500.0,2745500.0,57.98458,24.82112,12,46.16,8796.72
589500.0,2760500.0,57.8866,24.95719,12,68.58,79906.2
625500.0,2735500.0,58.24091,24.72891,12,63.84,37277.07
620500.0,2738500.0,58.19174,24.7564,12,154.85,7745.85
489500.0,2764500.0,56.89595,24.99592,12,131.62,173.8
466500.0,2865500.0,56.66552,25.90765,12,94.07,1035.65
478500.0,2853500.0,56.78553,25.79952,12,0.59,78998.05
548500.0,2743500.0,57.47987,24.80553,12,84.23,158550.74
546500.0,2743500.0,57.46008,24.80559,12,84.01,281081.03
544500.0,2743500.0,57.4403,24.80565,12,84.54,203115.61
543500.0,2743500.0,57.4304,24.80568,12,84.19,84806.51
586500.0,2675500.0,57.85168,24.18977,12,59.87,84957.13
585500.0,2675500.0,57.84184,24.18982,12,59.97,183559.23
553500.0,2689500.0,57.5273,24.31768,12,164.91,730.98
575500.0,2730500.0,57.7463,24.68704,12,144.5,1490.67
586500.0,2784500.0,57.85839,25.17409,12,156.94,1789.62
610500.0,2760500.0,58.0946,24.95581,12,73.43,25599.9
652500.0,2723500.0,58.50651,24.61813,12,129.22,143.77
394500.0,2866500.0,55.94663,25.91324,12,137.91,4508.49
483500.0,2727500.0,56.83693,24.66171,12,178.24,18803.08
495500.0,2822500.0,56.95522,25.51973,12,35.38,132268.21
503500.0,2740500.0,57.03462,24.7792,12,45.21,29548.82
464500.0,2753500.0,56.6485,24.8962,12,176.5,2087.18
461500.0,2799500.0,56.6175,25.31154,12,82.85,42763.71
478500.0,2812500.0,56.78619,25.42928,12,142.99,4300.45
503500.0,2717500.0,57.03457,24.57148,12,73.16,18834.88
504500.0,2716500.0,57.04444,24.56244,12,74.16,92051.63
508500.0,2766500.0,57.08424,25.01399,12,36.56,10461.23
585500.0,2741500.0,57.84581,24.78585,12,62.19,17003.49
441500.0,2803500.0,56.41864,25.34701,12,45.02,623.53
427500.0,2838500.0,56.27763,25.66244,12,144.49,383.99
498500.0,2728500.0,56.98517,24.67083,12,96.2,1134953.24
494500.0,2735500.0,56.94561,24.73404,12,45.18,503878.49
494500.0,2778500.0,56.94544,25.12238,12,43.98,24890.5
493500.0,2779500.0,56.93552,25.13141,12,43.5,81309.19
466500.0,2839500.0,56.66618,25.67288,12,171.7,202962.56
526500.0,2780500.0,57.26291,25.14022,12,54.04,319738.1
643500.0,2664500.0,58.41171,24.08627,12,163.55,21771.26
441500.0,2835500.0,56.41724,25.63597,12,67.37,4692.72
499500.0,2853500.0,56.99501,25.79968,12,153.45,7742.07
528500.0,2837500.0,57.28395,25.65492,12,48.28,516958.95
528500.0,2838500.0,57.28398,25.66395,12,47.91,209817.8
552500.0,2812500.0,57.52209,25.42851,12,49.11,58703.36
457500.0,2787500.0,56.57814,25.20307,12,2.39,743.06
634500.0,2713500.0,58.32778,24.52951,12,130.17,15501.16
608500.0,2784500.0,58.07669,25.17266,12,83.65,6305.83
467500.0,2722500.0,56.67892,24.6163,12,13.16,30257.4
460500.0,2781500.0,56.60809,25.14896,12,150.3,849.74
491500.0,2814500.0,56.91546,25.44747,12,15.16,8844.79
482500.0,2797500.0,56.82616,25.29387,12,173.04,9344.36
485500.0,2851500.0,56.85538,25.78155,12,14.25,58993.07
529500.0,2717500.0,57.29134,24.5712,12,38.8,7200.21
516500.0,2760500.0,57.16346,24.95974,12,56.26,4055.98
532500.0,2754500.0,57.32182,24.9053,12,56.01,104497.39
595500.0,2765500.0,57.94638,25.00198,12,59.87,1982329.49
578500.0,2777500.0,57.77861,25.11132,12,153.71,162309.24
589500.0,2766500.0,57.88699,25.01137,12,32.68,41565.01
598500.0,2805500.0,57.97899,25.36297,12,65.39,8923.0
628500.0,2775500.0,58.27428,25.08983,12,76.61,99424.66
463500.0,2731500.0,56.63917,24.69749,11,159.59,4335.23
456500.0,2808500.0,56.56754,25.39268,11,19.42,3.1
458500.0,2797500.0,56.58776,25.2934,11,8.76,10.74
474500.0,2827500.0,56.74613,25.56467,11,4.05,14065.8
472500.0,2849500.0,56.72576,25.7633,11,7.02,13897.15
499500.0,2744500.0,56.99505,24.81533,11,127.67,14589.25
465500.0,2783500.0,56.65765,25.16715,11,18.03,1653.07
451500.0,2802500.0,56.51805,25.33834,11,61.33,1.26
476500.0,2810500.0,56.76634,25.41119,11,27.17,1782.1
481500.0,2837500.0,56.81568,25.65508,11,24.78,28141.21
473500.0,2826500.0,56.73619,25.55563,11,162.46,2884.27
498500.0,2823500.0,56.98507,25.52877,11,37.11,277059.26
456500.0,2797500.0,56.56789,25.29334,11,59.71,4.35
458500.0,2807500.0,56.58745,25.3837,11,42.37,9.28
443500.0,2807500.0,56.43834,25.38321,11,15.34,227.31
464500.0,2722500.0,56.64928,24.61623,11,102.1,62.81
469500.0,2838500.0,56.6961,25.66391,11,88.14,5189.67
543500.0,2778500.0,57.4315,25.12176,11,65.3,8640.48
463500.0,2719500.0,56.63948,24.58911,11,29.44,3.03
486500.0,2766500.0,56.8662,25.01396,11,134.53,50.82
476500.0,2789500.0,56.7667,25.22155,11,12.7,11243.35
566500.0,2674500.0,57.65473,24.18171,11,152.02,26562.87
464500.0,2782500.0,56.64775,25.1581,11,94.64,6500.43
462500.0,2780500.0,56.62796,25.13999,11,137.04,885.2
487500.0,2770500.0,56.87608,25.05009,11,31.68,394.33
467500.0,2800500.0,56.67709,25.32072,11,44.58,972.01
492500.0,2778500.0,56.9256,25.12237,11,68.63,446.99
493500.0,2782500.0,56.9355,25.1585,11,132.32,752.91
484500.0,2778500.0,56.84624,25.12231,11,39.48,2.02
459500.0,2807500.0,56.59739,25.38373,11,125.7,3623.15
523500.0,2707500.0,57.23192,24.48099,11,137.4,9774.53
492500.0,2743500.0,56.92579,24.80628,11,158.01,244.1
464500.0,2798500.0,56.64733,25.30259,11,179.59,4065.55
538500.0,2752500.0,57.38118,24.8871,11,148.24,31669.17
469500.0,2837500.0,56.69612,25.65488,11,1.78,3467.95
583500.0,2666500.0,57.82163,24.10865,11,149.74,1671.61
582500.0,2734500.0,57.81572,24.7228,11,53.0,32933.99
612500.0,2729500.0,58.11191,24.67574,11,42.36,153.41
494500.0,2783500.0,56.94542,25.16754,11,2.87,36692.05
538500.0,2698500.0,57.3797,24.3994,11,26.72,42662.03
522500.0,2840500.0,57.22423,25.68212,11,39.77,12503.54
601500.0,2689500.0,58.00034,24.3153,11,67.44,171473.1
589500.0,2783500.0,57.8881,25.16488,11,155.29,38793.4
624500.0,2723500.0,58.22996,24.62064,11,153.86,2282.66
476500.0,2803500.0,56.76646,25.34798,11,62.65,17.92
507500.0,2828500.0,57.07467,25.5739,11,94.44,1.61
471500.0,2719500.0,56.7185,24.58928,11,76.48,9.1
486500.0,2756500.0,56.8663,24.92365,11,40.39,29201.78
464500.0,2840500.0,56.64622,25.68186,11,85.4,2089.54
596500.0,2735500.0,57.9542,24.73101,11,138.14,4853.69
597500.0,2732500.0,57.96388,24.70386,11,138.21,1198.65
656500.0,2809500.0,58.55577,25.39411,11,59.86,63.01
470500.0,2782500.0,56.70728,25.15823,11,178.82,90401.97
476500.0,2764500.0,56.76713,24.99577,11,126.1,299.72
526500.0,2698500.0,57.26135,24.39965,11,41.94,101295.79
519500.0,2755500.0,57.19311,24.91455,11,66.62,74258.09
524500.0,2758500.0,57.24268,24.94157,11,67.46,3631.37
531500.0,2782500.0,57.31256,25.15818,11,86.73,39048.44
577500.0,2739500.0,57.76657,24.76821,11,56.7,269209.95
627500.0,2696500.0,58.25717,24.3766,11,143.21,288797.0
479500.0,2727500.0,56.7974,24.66166,11,113.48,1.06
498500.0,2740500.0,56.98516,24.77921,11,30.27,8091.09
480500.0,2844500.0,56.80561,25.71828,11,4.31,1116.84
569500.0,2751500.0,57.68804,24.87697,11,5.61,23557.29
453500.0,2813500.0,56.53754,25.43774,11,90.92,231477.67
475500.0,2841500.0,56.75583,25.69111,11,1.31,15754.54
534500.0,2745500.0,57.3414,24.82397,11,68.24,60392.2
643500.0,2671500.0,58.4124,24.14948,11,55.09,31745.4
537500.0,2690500.0,57.36963,24.32718,11,45.04,1980.74
575500.0,2727500.0,57.74614,24.65995,11,53.79,39879.46
604500.0,2711500.0,58.03152,24.51377,11,54.19,17585.89
496500.0,2724500.0,56.96542,24.6347,11,28.68,45793.95
461500.0,2737500.0,56.61923,24.75163,11,5.46,35814.3
480500.0,2763500.0,56.80678,24.9868,11,33.56,119517.34
482500.0,2788500.0,56.82628,25.2126,11,2.25,2711.07
468500.0,2776500.0,56.68758,25.104,11,147.53,10334.99
480500.0,2773500.0,56.80664,25.07711,11,90.45,37959.31
479500.0,2849500.0,56.79557,25.76342,11,12.64,7990.15
523500.0,2717500.0,57.23208,24.5713,11,91.13,1284.29
503500.0,2731500.0,57.0346,24.69792,11,173.24,62765.8
502500.0,2833500.0,57.0249,25.61907,11,44.83,1.91
652500.0,2721500.0,58.5063,24.60007,11,67.18,162193.3
531500.0,2708500.0,57.31089,24.48988,11,46.63,189621.68
536500.0,2721500.0,57.36057,24.60718,11,63.26,505489.93
591500.0,2667500.0,57.9004,24.11724,11,58.19,50464.99
596500.0,2725500.0,57.95352,24.64071,11,66.92,148241.65
527500.0,2837500.0,57.27399,25.65494,11,141.15,54.75
468500.0,2735500.0,56.68851,24.73373,11,95.45,457683.37
493500.0,2762500.0,56.9356,24.97788,11,129.39,5928.36
467500.0,2725500.0,56.67885,24.64339,11,91.14,8328.71
466500.0,2725500.0,56.66897,24.64337,11,91.62,2173.33
460500.0,2759500.0,56.60872,24.95029,11,10.72,13810.69
473500.0,2816500.0,56.73639,25.46532,11,89.65,1239.64
477500.0,2804500.0,56.77638,25.35702,11,52.39,34268.5
469500.0,2868500.0,56.69541,25.93481,11,80.82,140.19
478500.0,2848500.0,56.78561,25.75437,11,105.46,2360.22
469500.0,2866500.0,56.69545,25.91675,11,84.04,647.65
503500.0,2764500.0,57.03468,24.99595,11,143.15,218.07
545500.0,2743500.0,57.45019,24.80562,11,84.48,90550.02
569500.0,2672500.0,57.68416,24.16352,11,62.12,25071.15
589500.0,2717500.0,57.88385,24.56889,11,145.28,12474.47
563500.0,2751500.0,57.62864,24.87723,11,160.66,2082.82
581500.0,2797500.0,57.80956,25.29176,11,159.45,40699.06
630500.0,2666500.0,58.28402,24.10546,11,153.11,5304.73
631500.0,2666500.0,58.29386,24.10538,11,85.54,758077.48
607500.0,2749500.0,58.06404,24.8567,11,158.02,91520.62
667500.0,2706500.0,58.65264,24.4631,11,59.63,7832.7
483500.0,2815500.0,56.83588,25.45644,11,86.2,10.41
536500.0,2832500.0,57.36352,25.60959,11,153.63,12513.54
644500.0,2664500.0,58.42154,24.08618,11,163.51,35379.89
450500.0,2796500.0,56.50833,25.28413,11,178.42,423.88
469500.0,2831500.0,56.69626,25.6007,11,179.96,15792.29
542500.0,2698500.0,57.41915,24.3993,11,63.84,4078.39
519500.0,2845500.0,57.1944,25.72731,11,42.91,10519.48
485500.0,2786500.0,56.85608,25.19457,10,10.41,124.99
469500.0,2801500.0,56.69694,25.32979,10,169.17,483.55
578500.0,2739500.0,57.77646,24.76816,10,140.45,3640.3
462500.0,2790500.0,56.62769,25.23029,10,47.97,58.52
460500.0,2776500.0,56.60823,25.10381,10,54.16,810373.6
470500.0,2776500.0,56.70741,25.10404,10,55.6,4039996.88
494500.0,2806500.0,56.94533,25.37524,10,28.52,15416626.01
487500.0,2803500.0,56.87577,25.34811,10,166.13,5242397.92
494500.0,2805500.0,56.94533,25.36621,10,30.04,785031255.66
471500.0,2849500.0,56.71579,25.76328,10,2.89,27166837.28
527500.0,2760500.0,57.27243,24.95958,10,58.05,47990179.22
561500.0,2812500.0,57.61158,25.42816,10,70.16,3538.2
388500.0,2866500.0,55.88673,25.9128,10,119.21,6956.72
490500.0,2757500.0,56.90591,24.93271,10,34.75,8349.49
492500.0,2754500.0,56.92573,24.90563,10,38.01,2764.13
486500.0,2800500.0,56.86587,25.32101,10,85.6,2809098.45
493500.0,2807500.0,56.93538,25.38427,10,28.86,441960.99
453500.0,2795500.0,56.53816,25.27519,10,85.44,6301.53
471500.0,2821500.0,56.71639,25.51044,10,89.76,68.68
498500.0,2827500.0,56.98507,25.56489,10,44.75,258084.02
472500.0,2822500.0,56.72632,25.51949,10,69.34,95357.26
497500.0,2828500.0,56.97511,25.57392,10,44.65,163978.2
476500.0,2844500.0,56.76574,25.71822,10,96.15,35386.7
502500.0,2823500.0,57.02488,25.52877,10,47.34,249595.02
446500.0,2779500.0,56.46927,25.13047,10,89.92,87434.89
487500.0,2781500.0,56.87598,25.14943,10,101.71,2220.56
449500.0,2780500.0,56.49899,25.13961,10,177.88,63.61
449500.0,2795500.0,56.49843,25.27506,10,160.45,24.79
489500.0,2755500.0,56.89602,24.91464,10,128.63,88.39
543500.0,2753500.0,57.43071,24.89599,10,134.26,577.91
508500.0,2817500.0,57.08456,25.47456,10,100.69,27998.58
467500.0,2721500.0,56.67894,24.60727,10,112.29,11.07
479500.0,2759500.0,56.79693,24.95066,10,98.1,56678.12
483500.0,2817500.0,56.83585,25.4745,10,92.96,6.4
533500.0,2747500.0,57.33156,24.84206,10,28.48,22418.41
563500.0,2762500.0,57.62915,24.97656,10,56.93,8097.35
501500.0,2765500.0,57.01487,25.00499,10,141.77,532.05
508500.0,2800500.0,57.08445,25.32104,10,128.1,544.49
581500.0,2705500.0,57.80416,24.46096,10,143.38,53939.29
556500.0,2705500.0,57.5575,24.46207,10,28.56,168.65
465500.0,2852500.0,56.65588,25.79024,10,88.95,1773.81
475500.0,2799500.0,56.75659,25.31184,10,10.83,55035.35
481500.0,2862500.0,56.81533,25.88083,10,6.81,27627.55
539500.0,2752500.0,57.39108,24.88707,10,148.03,181316.19
548500.0,2784500.0,57.48131,25.17579,10,48.05,338277.34
597500.0,2701500.0,57.96174,24.42392,10,56.24,3551.46
643500.0,2730500.0,58.41834,24.68219,10,148.92,544.98
609500.0,2735500.0,58.08273,24.73014,10,130.77,7.66
446500.0,2803500.0,56.46832,25.3472,10,6.06,12.34
472500.0,2782500.0,56.72713,25.15826,10,129.69,4122.07
518500.0,2746500.0,57.18309,24.83328,10,141.08,16.61
602500.0,2767500.0,58.01589,25.01958,10,142.02,122.72
472500.0,2723500.0,56.7283,24.62543,10,24.58,290.58
495500.0,2792500.0,56.95532,25.24882,10,15.25,3119.84
496500.0,2788500.0,56.96526,25.2127,10,29.97,25220.22
464500.0,2868500.0,56.64547,25.9347,10,86.85,25859.99
539500.0,2702500.0,57.38968,24.43551,10,68.47,66986.85
594500.0,2657500.0,57.92927,24.02675,10,79.77,74307.42
588500.0,2783500.0,57.87818,25.16494,10,154.69,9430.48
644500.0,2662500.0,58.42134,24.06812,10,157.35,15401.28
491500.0,2724500.0,56.91601,24.63468,10,2.68,1.56
507500.0,2812500.0,57.07459,25.42942,10,36.94,10467.73
512500.0,2854500.0,57.1247,25.80866,10,30.29,13784.05
461500.0,2792500.0,56.6177,25.24833,10,45.8,3679.19
494500.0,2775500.0,56.94545,25.09529,10,73.16,236667.0
477500.0,2847500.0,56.77566,25.74533,10,176.19,12520.77
438500.0,2807500.0,56.38864,25.38301,10,113.1,5687.78
483500.0,2802500.0,56.83603,25.33904,10,50.97,12137.62
472500.0,2869500.0,56.72534,25.9439,10,88.69,133.66
541500.0,2741500.0,57.41055,24.78768,10,59.78,4531685.23
523500.0,2752500.0,57.23267,24.8874,10,39.33,144245.07
535500.0,2836500.0,57.35367,25.64574,10,17.99,10090.84
574500.0,2737500.0,57.73679,24.7503,10,46.59,6766.89
559500.0,2830500.0,57.59249,25.59078,10,139.2,10754.88
558500.0,2830500.0,57.58254,25.59082,10,129.09,411421.97
554500.0,2829500.0,57.54267,25.58195,10,6.36,18845.1
606500.0,2723500.0,58.05216,24.62199,10,20.03,15088064.79
622500.0,2779500.0,58.21514,25.12644,10,73.09,2361.07
630500.0,2772500.0,58.29382,25.06257,10,67.31,355383.25
632500.0,2806500.0,58.31695,25.36936,10,23.77,59864.96
649500.0,2804500.0,58.48565,25.3497,10,15.9,8569.18
601500.0,2826500.0,58.01038,25.55238,10,4.8,9020.9
652500.0,2802500.0,58.51523,25.33134,10,61.23,5432.48
453500.0,2818500.0,56.53737,25.48289,10,159.16,6395.2
475500.0,2845500.0,56.75575,25.72723,10,2.57,4608.84
504500.0,2723500.0,57.04446,24.62567,10,38.76,283289.0
525500.0,2747500.0,57.25238,24.84221,10,60.4,347424.73
521500.0,2744500.0,57.21274,24.81518,10,52.12,305155.47
533500.0,2739500.0,57.33136,24.76981,10,156.08,7299.89
520500.0,2750500.0,57.20294,24.86938,10,63.2,652928.53
591500.0,2775500.0,57.90741,25.09252,10,47.77,20047.15
578500.0,2795500.0,57.77964,25.27386,10,58.62,1584.9
621500.0,2727500.0,58.20068,24.657,10,39.32,11694.69
619500.0,2743500.0,58.18228,24.80163,10,74.27,117521.41
618500.0,2743500.0,58.17239,24.80171,10,73.92,548541.0
639500.0,2797500.0,58.38558,25.28747,10,81.56,17103.5
647500.0,2815500.0,58.46698,25.4492,10,54.17,3405.62
634500.0,2798500.0,58.33603,25.29696,10,157.15,11320.63
443500.0,2798500.0,56.43872,25.30194,10,140.42,4346.11
470500.0,2780500.0,56.70733,25.14016,10,177.89,7715.01
516500.0,2719500.0,57.16298,24.58946,10,43.18,4020.98
505500.0,2739500.0,57.0544,24.77017,10,32.52,13826.41
504500.0,2755500.0,57.04456,24.91467,10,64.75,18604.51
571500.0,2826500.0,57.71177,25.55413,10,61.13,253.11
630500.0,2659500.0,58.28339,24.04225,10,65.32,26618.51
626500.0,2696500.0,58.24731,24.37668,10,143.38,12361.0
642500.0,2720500.0,58.40745,24.592,10,66.19,64172.85
481500.0,2785500.0,56.81639,25.18549,10,0.7,15103.45
480500.0,2806500.0,56.80617,25.37513,10,9.96,5726.29
530500.0,2765500.0,57.30226,25.00468,10,54.85,6795.09
538500.0,2814500.0,57.38292,25.447,10,50.07,150609.58
593500.0,2753500.0,57.92575,24.89374,10,43.94,753887.73
616500.0,2662500.0,58.14597,24.07044,10,79.34,235490.85
639500.0,2698500.0,58.37566,24.39363,10,144.65,52.53
659500.0,2702500.0,58.57328,24.42783,10,69.5,271590.4
462500.0,2801500.0,56.62738,25.32963,10,88.84,4433.75
452500.0,2813500.0,56.5276,25.43771,10,91.76,18896.87
477500.0,2846500.0,56.77567,25.7363,10,179.68,435608.99
524500.0,2753500.0,57.24259,24.89642,10,78.39,3661.86
534500.0,2847500.0,57.34399,25.74509,10,0.53,1.59
577500.0,2697500.0,57.76426,24.38892,10,172.56,3210.52
599500.0,2719500.0,57.98273,24.58634,10,47.09,130621.54
553500.0,2743500.0,57.52934,24.80536,10,78.57,1637.77
554500.0,2743500.0,57.53924,24.80533,10,72.42,1193.51
633500.0,2661500.0,58.31307,24.06006,10,64.09,51173.6
633500.0,2721500.0,58.31867,24.60183,10,86.7,468164.69
522500.0,2707500.0,57.22205,24.481,10,49.96,28069.34
592500.0,2664500.0,57.91005,24.09008,10,153.28,14464.96
595500.0,2748500.0,57.94521,24.84847,10,72.44,15144.91
564500.0,2765500.0,57.6392,25.00361,10,63.6,6580.72
618500.0,2656500.0,58.16516,24.0161,10,71.62,45387.53
461500.0,2738500.0,56.61921,24.76066,10,5.75,52693.09
482500.0,2784500.0,56.82633,25.17647,10,157.52,6801.97
479500.0,2848500.0,56.79558,25.75439,10,104.61,9675.6
502500.0,2721500.0,57.0247,24.60761,10,54.19,7571.12
542500.0,2778500.0,57.42158,25.12179,10,167.14,451.89
653500.0,2720500.0,58.51606,24.59094,10,157.29,22945.5
478500.0,2722500.0,56.78759,24.61649,10,116.34,18211.86
528500.0,2772500.0,57.28259,25.06794,10,56.6,35730.42
518500.0,2846500.0,57.18445,25.73635,10,35.28,2877.75
527500.0,2822500.0,57.27368,25.51949,10,40.63,181283.51
517500.0,2846500.0,57.17448,25.73636,10,31.63,198902.59
568500.0,2681500.0,57.67475,24.24484,10,71.21,166047.04
556500.0,2699500.0,57.55726,24.40789,10,0.73,1021.53
576500.0,2758500.0,57.75772,24.93984,10,68.75,37569.5
554500.0,2810500.0,57.5419,25.41038,10,59.58,11459.6
466500.0,2721500.0,56.66907,24.60725,10,80.42,145.71
463500.0,2814500.0,56.63697,25.44705,10,173.69,57989.04
490500.0,2839500.0,56.90533,25.67323,10,38.06,23.66
533500.0,2841500.0,57.33387,25.69094,10,65.75,2889.79
615500.0,2820500.0,58.14921,25.49718,10,11.79,763.4
475500.0,2764500.0,56.75722,24.99576,10,168.06,26278.26
491500.0,2784500.0,56.91565,25.17655,10,88.41,899.53
474500.0,2785500.0,56.74692,25.18539,10,73.66,222370.57
454500.0,2780500.0,56.54859,25.13976,10,129.16,73.95
474500.0,2801500.0,56.74662,25.32988,10,76.93,124.83
495500.0,2823500.0,56.95521,25.52877,10,132.88,5008.91
476500.0,2837500.0,56.76586,25.65501,10,7.66,95557.5
473500.0,2856500.0,56.73559,25.82653,10,178.3,62421.14
509500.0,2731500.0,57.09392,24.69789,10,146.93,2.51
544500.0,2736500.0,57.44007,24.74244,10,60.58,816715.34
519500.0,2757500.0,57.19314,24.93261,10,61.78,215823.78
542500.0,2824500.0,57.42302,25.53719,10,56.92,24124.25
504500.0,2869500.0,57.04494,25.94415,10,31.39,94812.08
587500.0,2726500.0,57.86466,24.65028,10,50.93,504665.01
555500.0,2769500.0,57.55017,25.04009,10,137.06,3164.74
611500.0,2782500.0,58.10629,25.15438,10,99.88,18.22
601500.0,2793500.0,58.0079,25.25441,10,3.65,7195.37
436500.0,2786500.0,56.36974,25.1933,10,118.73,11123.07
472500.0,2719500.0,56.72838,24.5893,10,91.64,3.74
474500.0,2814500.0,56.74637,25.44728,10,119.88,3078.67
477500.0,2844500.0,56.77571,25.71824,10,175.96,150363.06
492500.0,2864500.0,56.92512,25.89899,10,137.81,10255.16
515500.0,2724500.0,57.15315,24.63463,10,51.97,30913.05
513500.0,2717500.0,57.13332,24.57142,10,65.02,14894.71
509500.0,2728500.0,57.09389,24.6708,10,51.42,163551.23
539500.0,2776500.0,57.39177,25.10381,10,58.68,440914.22
506500.0,2807500.0,57.06462,25.38427,10,56.04,101771.71
506500.0,2863500.0,57.06489,25.88997,10,38.49,14367.91
556500.0,2734500.0,57.55866,24.72398,10,52.8,148680.16
582500.0,2744500.0,57.81631,24.8131,10,39.3,733190.05
598500.0,2779500.0,57.97711,25.1282,10,69.5,1315120.62
558500.0,2795500.0,57.58102,25.27477,10,76.48,22985.92
558500.0,2835500.0,57.58276,25.63597,10,110.08,3922.47
612500.0,2744500.0,58.11312,24.81119,10,79.35,1435641.19
626500.0,2744500.0,58.25161,24.8101,10,42.24,782.5
610500.0,2744500.0,58.09333,24.81134,10,79.2,1579618.11
617500.0,2772500.0,58.16496,25.06363,10,87.36,415.61
484500.0,2736500.0,56.84671,24.743,10,93.92,9469233.49
472500.0,2718500.0,56.7284,24.58027,10,58.5,8.0
470500.0,2758500.0,56.7078,24.94148,10,166.9,664798.45
473500.0,2767500.0,56.73734,25.02282,10,175.33,132668.75
560500.0,2765500.0,57.59956,25.00378,10,52.91,288658.1
560500.0,2809500.0,57.60151,25.40111,10,74.79,798199.55
572500.0,2799500.0,57.72027,25.31028,10,1.67,2660.34
581500.0,2798500.0,57.80962,25.30078,10,155.11,234.01
494500.0,2748500.0,56.94556,24.85145,10,48.03,87184.85
470500.0,2759500.0,56.70778,24.95051,10,166.59,220292.16
481500.0,2811500.0,56.81604,25.42029,10,0.05,2112904.12
479500.0,2837500.0,56.79575,25.65505,10,44.77,123846.29
482500.0,2847500.0,56.82551,25.74539,10,5.77,108557.34
482500.0,2868500.0,56.82523,25.93503,10,0.53,99086.72
470500.0,2863500.0,56.7055,25.88968,10,0.76,6893.68
467500.0,2849500.0,56.6759,25.7632,10,165.79,9478.91
480500.0,2867500.0,56.80527,25.92597,10,10.36,4345.31
549500.0,2748500.0,57.48994,24.85065,10,64.56,46657.67
512500.0,2772500.0,57.12394,25.06815,10,21.66,346553.5
513500.0,2839500.0,57.13453,25.6732,10,30.28,4559.93
567500.0,2799500.0,57.6706,25.31051,10,64.84,70761.43
579500.0,2798500.0,57.78975,25.30089,10,162.04,1000.54
558500.0,2799500.0,57.58119,25.31089,10,58.09,100600.2
574500.0,2796500.0,57.73998,25.28309,10,61.21,7996.63
613500.0,2717500.0,58.12083,24.56731,10,45.41,1019314.19
632500.0,2718500.0,58.30851,24.57483,10,143.77,54628.84
563500.0,2730500.0,57.62769,24.68758,10,60.89,1672582.05
633500.0,2800500.0,58.32629,25.3151,10,11.33,464.74
477500.0,2728500.0,56.77762,24.67067,10,119.34,299761.43
465500.0,2724500.0,56.65911,24.63432,10,52.87,59667.9
489500.0,2739500.0,56.89614,24.77014,10,112.38,13455.31
472500.0,2792500.0,56.72693,25.24857,10,121.1,237516.9
487500.0,2767500.0,56.8761,25.023,10,7.5,7965.78
493500.0,2811500.0,56.93536,25.42039,10,23.73,951551.9
476500.0,2804500.0,56.76644,25.35701,10,104.39,19318.97
481500.0,2847500.0,56.81554,25.74538,10,14.52,46136.0
493500.0,2824500.0,56.9353,25.53779,10,33.64,55185.76
493500.0,2823500.0,56.93531,25.52876,10,33.67,20099.11
484500.0,2856500.0,56.84535,25.82669,10,167.41,2032.24
485500.0,2856500.0,56.85532,25.8267,10,172.8,23067.52
509500.0,2722500.0,57.09385,24.61661,10,42.96,884.06
506500.0,2739500.0,57.06429,24.77016,10,51.27,4442.56
546500.0,2758500.0,57.46059,24.94106,10,42.9,476.76
519500.0,2749500.0,57.19302,24.86036,10,31.15,125813.94
508500.0,2791500.0,57.0844,25.23977,10,47.75,93742.05
527500.0,2844500.0,57.27414,25.71815,10,47.74,281035.2
532500.0,2828500.0,57.32359,25.57357,10,39.48,175248.94
506500.0,2825500.0,57.0647,25.54682,10,44.24,2667.24
502500.0,2848500.0,57.02493,25.75453,10,55.55,3430.52
502500.0,2849500.0,57.02493,25.76356,10,60.12,4359.94
575500.0,2718500.0,57.74566,24.57867,10,55.73,2679.82
590500.0,2725500.0,57.89424,24.64108,10,39.26,34085.5
563500.0,2729500.0,57.62764,24.67855,10,58.85,32139.29
587500.0,2729500.0,57.86485,24.67737,10,124.92,1278.16
574500.0,2799500.0,57.74014,25.31018,10,147.52,44.75
566500.0,2811500.0,57.66126,25.41892,10,117.53,46117.62
554500.0,2824500.0,57.54246,25.5368,10,69.92,62635.02
626500.0,2735500.0,58.2508,24.72883,10,63.74,31419.5
615500.0,2739500.0,58.14238,24.76582,10,61.47,2004184.75
618500.0,2795500.0,58.17686,25.27122,10,36.96,140.57
437500.0,2781500.0,56.3799,25.14819,10,42.17,756.97
464500.0,2776500.0,56.64791,25.10391,10,54.5,13030.1
497500.0,2775500.0,56.97521,25.0953,10,45.48,36627.97
484500.0,2773500.0,56.8463,25.07716,10,150.5,4361.01
468500.0,2829500.0,56.68635,25.58262,10,84.63,70580.29
487500.0,2827500.0,56.87555,25.56484,10,15.73,48053.4
470500.0,2825500.0,56.70635,25.54654,10,171.54,50841.6
478500.0,2851500.0,56.78556,25.78146,10,179.13,6463.96
504500.0,2763500.0,57.04459,24.98692,10,141.77,23956.1
502500.0,2764500.0,57.02477,24.99595,10,43.33,2936.02
505500.0,2782500.0,57.05457,25.1585,10,108.39,1414.51
594500.0,2704500.0,57.93235,24.4512,10,52.88,201400.71
556500.0,2688500.0,57.55682,24.30854,10,78.77,20008.18
595500.0,2703500.0,57.94215,24.4421,10,52.19,226052.02
572500.0,2807500.0,57.7207,25.38252,10,68.68,72960.5
560500.0,2811500.0,57.6016,25.41917,10,58.16,4.7
551500.0,2810500.0,57.51207,25.41048,10,33.26,15.02
589500.0,2829500.0,57.89114,25.58024,10,58.82,7.37
618500.0,2680500.0,58.16712,24.23283,10,58.38,16634.24
606500.0,2674500.0,58.0485,24.17951,10,58.69,636854.43
609500.0,2748500.0,58.08375,24.84753,10,157.99,74044.6
618500.0,2748500.0,58.17281,24.84685,10,168.99,22138.65
659500.0,2697500.0,58.57272,24.38268,10,156.67,1901.69
490500.0,2719500.0,56.90617,24.58952,10,16.01,40076.88
499500.0,2718500.0,56.99506,24.58051,10,21.98,12627.57
468500.0,2788500.0,56.6873,25.21237,10,88.13,29314.02
547500.0,2732500.0,57.4696,24.70622,10,56.46,639869.38
549500.0,2732500.0,57.48938,24.70616,10,56.8,680244.91
566500.0,2731500.0,57.65739,24.69648,10,63.2,125004.99
572500.0,2731500.0,57.7167,24.69621,10,48.82,1126409.34
494500.0,2764500.0,56.9455,24.99595,10,35.38,43886.13
499500.0,2789500.0,56.99504,25.22173,10,24.72,12598.36
571500.0,2736500.0,57.70707,24.74141,10,56.48,647862.22
579500.0,2716500.0,57.78505,24.56041,10,37.67,7064.89
565500.0,2783500.0,57.64996,25.16612,10,43.62,518201.54
481500.0,2719500.0,56.81727,24.58944,10,25.52,42947.15
479500.0,2795500.0,56.79639,25.27577,10,9.52,32964.44
465500.0,2807500.0,56.65704,25.38388,10,64.58,379574.44
470500.0,2840500.0,56.70602,25.68199,10,178.14,36300.0
475500.0,2829500.0,56.75605,25.58275,10,15.28,231013.55
466500.0,2852500.0,56.66585,25.79027,10,178.02,64694.59
543500.0,2764500.0,57.43106,24.99533,10,54.57,81813.5
518500.0,2826500.0,57.18417,25.55575,10,60.05,927.69
515500.0,2849500.0,57.15457,25.76348,10,29.97,78248.37
599500.0,2728500.0,57.98337,24.66761,10,92.92,557457.69
555500.0,2776500.0,57.55045,25.10331,10,68.86,1036804.77
588500.0,2777500.0,57.87779,25.11076,10,50.38,87383.49
462500.0,2760500.0,56.6285,24.95937,10,179.78,10830.64
462500.0,2787500.0,56.62777,25.2032,10,55.58,216.67
462500.0,2808500.0,56.62719,25.39284,10,41.7,667.07
642500.0,2664500.0,58.40187,24.08637,10,164.27,656.71
617500.0,2710500.0,58.15974,24.50381,10,149.89,4871.1
440500.0,2836500.0,56.40724,25.64496,10,158.34,2316.38
458500.0,2744500.0,56.58936,24.81477,10,178.9,84007.41
466500.0,2786500.0,56.6675,25.19426,10,108.96,12292.17
478500.0,2819500.0,56.78608,25.49249,10,2.05,13975.03
484500.0,2864500.0,56.84525,25.89893,10,37.62,517.18
523500.0,2745500.0,57.23255,24.82418,10,101.22,383342.02
533500.0,2759500.0,57.33185,24.95043,10,76.88,133769.8
548500.0,2772500.0,57.48089,25.06743,10,63.35,264929.83
535500.0,2828500.0,57.35346,25.5735,10,50.98,1325095.75
527500.0,2838500.0,57.27401,25.66397,10,48.34,107626.85
577500.0,2754500.0,57.7674,24.90367,10,50.58,222211.84
554500.0,2811500.0,57.54194,25.41941,10,48.93,34143.67
524500.0,2719500.0,57.24199,24.58935,10,131.99,88.0
533500.0,2742500.0,57.33144,24.7969,10,55.45,526076.1
509500.0,2825500.0,57.09457,25.5468,10,28.91,87519.61
560500.0,2815500.0,57.60178,25.45529,10,57.02,236312.04
448500.0,2812500.0,56.48786,25.42854,10,1.6,10456.37
496500.0,2741500.0,56.96537,24.78823,10,49.79,581.85
482500.0,2796500.0,56.82617,25.28484,10,173.7,6591.67
481500.0,2857500.0,56.8154,25.83568,10,106.01,27731.23
507500.0,2715500.0,57.07406,24.5534,10,97.01,4.09
517500.0,2759500.0,57.17335,24.9507,10,147.31,39811.28
531500.0,2755500.0,57.31194,24.91435,10,55.63,276993.06
544500.0,2758500.0,57.44078,24.94112,10,63.07,31917.58
523500.0,2759500.0,57.23279,24.95062,10,142.24,19830.01
518500.0,2765500.0,57.18334,25.00487,10,11.29,291021.36
537500.0,2824500.0,57.37326,25.53733,10,40.2,415223.16
555500.0,2728500.0,57.54853,24.66983,10,64.96,31191.83
596500.0,2759500.0,57.95587,24.94773,10,49.68,2092.31
568500.0,2765500.0,57.67883,25.00344,10,148.07,101049.84
577500.0,2777500.0,57.76869,25.11137,10,63.78,1955029.68
627500.0,2732500.0,58.26041,24.70166,10,58.89,475.54
626500.0,2775500.0,58.25445,25.08999,10,77.13,18044.05
445500.0,2795500.0,56.45871,25.27492,9,14.01,1.46
480500.0,2767500.0,56.80672,25.02292,9,139.65,10630.79
470500.0,2850500.0,56.70579,25.77229,9,4.5,209769.38
511500.0,2841500.0,57.11461,25.69127,9,32.74,5523.08
596500.0,2734500.0,57.95414,24.72198,9,145.92,3276.3
445500.0,2810500.0,56.4581,25.41038,9,77.33,3.21
477500.0,2775500.0,56.77686,25.09513,9,117.37,18069.43
457500.0,2735500.0,56.57974,24.73346,9,56.9,97.31
484500.0,2820500.0,56.84577,25.5016,9,115.46,714.04
468500.0,2793500.0,56.68719,25.25752,9,49.92,1173.64
474500.0,2829500.0,56.74609,25.58273,9,3.41,3279.65
473500.0,2823500.0,56.73625,25.52853,9,78.43,112.08
482500.0,2854500.0,56.82542,25.80861,9,98.27,131.46
446500.0,2797500.0,56.46856,25.29302,9,136.49,2.96
451500.0,2811500.0,56.51773,25.41961,9,178.64,1384.13
486500.0,2827500.0,56.8656,25.56483,9,120.78,41490.25
494500.0,2838500.0,56.9452,25.66422,9,19.97,7.51
445500.0,2791500.0,56.45887,25.2388,9,46.26,3.8
576500.0,2754500.0,57.7575,24.90372,9,148.49,1.9
488500.0,2771500.0,56.88598,25.05913,9,113.59,145069.31
498500.0,2794500.0,56.9851,25.26688,9,129.44,6048.63
472500.0,2784500.0,56.72709,25.17632,9,82.87,309350.2
466500.0,2778500.0,56.66769,25.12202,9,107.81,9437.64
456500.0,2809500.0,56.56751,25.40171,9,70.45,53.84
517500.0,2847500.0,57.17449,25.74539,9,30.95,86982.28
555500.0,2706500.0,57.54767,24.47114,9,76.5,4.93
643500.0,2662500.0,58.41151,24.06822,9,153.56,137.73
638500.0,2721500.0,58.36805,24.60139,9,56.1,57161.55
483500.0,2787500.0,56.83622,25.20358,9,78.46,6477.09
505500.0,2800500.0,57.05465,25.32106,9,56.6,5645.79
492500.0,2744500.0,56.92579,24.81531,9,43.93,94022.94
471500.0,2838500.0,56.71602,25.66395,9,6.62,90572.47
519500.0,2769500.0,57.19331,25.04099,9,50.73,213811.74
549500.0,2783500.0,57.4912,25.16673,9,47.76,461577.66
502500.0,2795500.0,57.02483,25.27591,9,31.99,45374.81
578500.0,2771500.0,57.77827,25.05713,9,51.66,5466.46
644500.0,2733500.0,58.42853,24.70919,9,151.98,14791.61
645500.0,2729500.0,58.438,24.67298,9,154.54,1276.53
645500.0,2754500.0,58.44061,24.89869,9,77.56,5992.59
480500.0,2774500.0,56.80662,25.08614,9,97.71,13.35
465500.0,2721500.0,56.65919,24.60722,9,56.75,817.14
490500.0,2761500.0,56.90588,24.96883,9,48.76,2587.88
466500.0,2743500.0,56.66854,24.80593,9,172.43,5335.13
526500.0,2720500.0,57.26177,24.59835,9,60.29,16280.67
524500.0,2794500.0,57.24332,25.26668,9,95.81,111875.32
649500.0,2672500.0,58.47154,24.15795,9,138.42,481.8
624500.0,2684500.0,58.22655,24.26849,9,60.35,78776.14
445500.0,2803500.0,56.45839,25.34716,9,175.45,25.79
476500.0,2784500.0,56.76678,25.17639,9,8.87,5.06
476500.0,2794500.0,56.76661,25.2667,9,82.34,8982.63
485500.0,2823500.0,56.85568,25.5287,9,22.07,366261.74
486500.0,2822500.0,56.86565,25.51968,9,19.37,83740.66
518500.0,2743500.0,57.18305,24.80619,9,57.55,10790.03
646500.0,2672500.0,58.44202,24.15823,9,56.55,4392.32
625500.0,2692500.0,58.2371,24.34064,9,130.56,701.26
651500.0,2712500.0,58.49546,24.51891,9,137.32,698.77
471500.0,2766500.0,56.71754,25.01375,9,177.96,69438.88
540500.0,2804500.0,57.40252,25.35664,9,75.02,125212.54
635500.0,2668500.0,58.3334,24.1231,9,153.34,198127.99
650500.0,2707500.0,58.48506,24.47387,9,44.62,21168.95
529500.0,2781500.0,57.29269,25.14919,9,53.23,104107.47
508500.0,2799500.0,57.08445,25.31201,9,51.49,50193.5
615500.0,2748500.0,58.14313,24.84708,9,166.93,846.75
550500.0,2823500.0,57.50261,25.52791,9,81.08,7479.5
446500.0,2809500.0,56.46809,25.40138,9,110.5,525.46
487500.0,2755500.0,56.87621,24.91462,9,38.6,5065.24
655500.0,2748500.0,58.53892,24.84353,9,140.74,26384.94
655500.0,2803500.0,58.54514,25.34006,9,59.41,15935.32
443500.0,2799500.0,56.43868,25.31097,9,138.45,3690.33
470500.0,2771500.0,56.70752,25.05889,9,112.29,241.49
493500.0,2795500.0,56.93544,25.2759,9,31.25,13261.68
481500.0,2819500.0,56.81593,25.49253,9,1.83,625.29
475500.0,2795500.0,56.75666,25.27571,9,174.18,74043.37
459500.0,2834500.0,56.59658,25.62755,9,98.53,205.73
517500.0,2718500.0,57.17284,24.58042,9,43.18,17126.48
543500.0,2807500.0,57.43243,25.38365,9,58.79,3046.66
517500.0,2802500.0,57.1739,25.33903,9,50.37,814270.78
553500.0,2688500.0,57.52726,24.30865,9,74.95,22923.51
554500.0,2687500.0,57.53708,24.29958,9,74.11,32251.88
626500.0,2671500.0,58.24511,24.15094,9,65.77,128255.79
466500.0,2713500.0,56.66926,24.53499,9,6.49,338.12
494500.0,2855500.0,56.94513,25.81773,9,57.89,23.46
538500.0,2728500.0,57.38052,24.67035,9,68.07,62119.21
538500.0,2727500.0,57.38049,24.66132,9,67.32,236955.08
526500.0,2797500.0,57.26324,25.29374,9,51.11,104590.13
561500.0,2669500.0,57.60529,24.13675,9,62.41,176626.89
611500.0,2747500.0,58.10346,24.83835,9,152.94,128195.37
463500.0,2787500.0,56.63769,25.20322,9,1.12,73900.85
452500.0,2802500.0,56.52798,25.33837,9,165.32,85.67
515500.0,2727500.0,57.15319,24.66172,9,63.82,28204.79
521500.0,2754500.0,57.2129,24.90549,9,77.82,9570.58
540500.0,2784500.0,57.40192,25.17603,9,50.25,360193.58
521500.0,2808500.0,57.21375,25.39316,9,48.13,100213.66
517500.0,2864500.0,57.17471,25.89891,9,38.09,136.87
564500.0,2683500.0,57.63544,24.26307,9,64.29,34685.96
601500.0,2718500.0,58.00241,24.57718,9,47.3,47001.08
600500.0,2718500.0,57.99254,24.57724,9,47.7,59570.39
600500.0,2719500.0,57.99261,24.58627,9,46.97,1918.88
555500.0,2746500.0,57.54925,24.83239,9,66.07,128330.87
620500.0,2690500.0,58.18765,24.32298,9,59.47,78938.71
640500.0,2718500.0,58.3875,24.57412,9,45.86,136388.17
641500.0,2717500.0,58.39727,24.565,9,45.46,107696.85
638500.0,2793500.0,58.37524,25.25145,9,167.07,23306.07
497500.0,2751500.0,56.97525,24.87855,9,21.07,100311.85
490500.0,2783500.0,56.90573,25.16752,9,66.47,101689.36
524500.0,2696500.0,57.2416,24.38162,9,151.23,16242.55
539500.0,2697500.0,57.38954,24.39035,9,42.97,88716.5
538500.0,2697500.0,57.37968,24.39037,9,42.67,108420.37
522500.0,2708500.0,57.22206,24.49003,9,49.21,72151.62
533500.0,2770500.0,57.33211,25.04977,9,59.25,1726.84
516500.0,2836500.0,57.16438,25.64607,9,127.31,885.88
586500.0,2667500.0,57.8512,24.11752,9,73.54,335448.47
585500.0,2667500.0,57.84136,24.11757,9,73.41,204713.31
464500.0,2773500.0,56.64798,25.07682,9,88.35,3832.14
484500.0,2775500.0,56.84628,25.09522,9,152.38,177598.12
577500.0,2763500.0,57.7679,24.98494,9,164.47,7669.73
582500.0,2773500.0,57.81804,25.07498,9,49.9,213674.01
568500.0,2828500.0,57.68201,25.57233,9,140.46,443.1
563500.0,2828500.0,57.63223,25.57256,9,178.18,11.78
613500.0,2746500.0,58.12317,24.82918,9,66.99,221266.7
642500.0,2788500.0,58.41443,25.20593,9,67.45,125914.99
491500.0,2728500.0,56.91599,24.67081,9,105.38,496.06
473500.0,2867500.0,56.73537,25.92586,9,92.54,17113.89
532500.0,2707500.0,57.32073,24.48083,9,46.52,228337.67
520500.0,2858500.0,57.20457,25.84469,9,75.28,1512.32
557500.0,2674500.0,57.56612,24.18206,9,73.29,47359.8
568500.0,2723500.0,57.67677,24.62415,9,29.92,34224.06
650500.0,2724500.0,58.48687,24.62735,9,156.03,26318.0
616500.0,2717500.0,58.15045,24.56709,9,47.85,84585.17
483500.0,2774500.0,56.83637,25.08618,9,61.91,133430.11
461500.0,2791500.0,56.61773,25.2393,9,36.14,571.79
489500.0,2818500.0,56.89553,25.48358,9,112.27,61527.61
515500.0,2774500.0,57.15371,25.08619,9,140.12,499.24
526500.0,2826500.0,57.26381,25.55563,9,57.35,16127.02
447500.0,2792500.0,56.47869,25.2479,9,96.92,739.68
460500.0,2760500.0,56.60869,24.95932,9,10.93,24851.59
489500.0,2798500.0,56.89569,25.30297,9,78.85,57.33
464500.0,2796500.0,56.64739,25.28452,9,162.21,13285.49
487500.0,2828500.0,56.87554,25.57387,9,15.63,31463.85
468500.0,2832500.0,56.68627,25.60971,9,171.08,562446.93
500500.0,2736500.0,57.00494,24.74308,9,125.37,403.92
536500.0,2714500.0,57.36039,24.54396,9,153.88,26202.36
537500.0,2713500.0,57.37024,24.5349,9,66.51,7158.62
502500.0,2746500.0,57.02474,24.83339,9,126.75,434.27
521500.0,2766500.0,57.21309,25.01387,9,53.37,732.59
539500.0,2798500.0,57.3924,25.30249,9,30.77,21981.54
540500.0,2797500.0,57.40231,25.29343,9,31.49,20236.42
587500.0,2674500.0,57.86147,24.18068,9,59.91,124350.22
595500.0,2682500.0,57.94075,24.25246,9,163.47,6024.48
597500.0,2681500.0,57.96038,24.24331,9,163.46,30957.14
581500.0,2678500.0,57.80262,24.21713,9,59.74,140346.39
600500.0,2680500.0,57.98986,24.23409,9,162.82,58470.15
596500.0,2702500.0,57.95195,24.43301,9,52.26,510280.01
554500.0,2705500.0,57.53776,24.46215,9,172.73,31603.41
587500.0,2718500.0,57.86416,24.57804,9,145.8,12094.99
588500.0,2718500.0,57.87404,24.57798,9,54.96,29274.4
575500.0,2723500.0,57.74592,24.62382,9,151.27,15812.93
588500.0,2785500.0,57.8783,25.183,9,154.75,1552.41
584500.0,2785500.0,57.83861,25.18323,9,158.19,5899.23
555500.0,2818500.0,57.55217,25.48258,9,103.06,6.6
561500.0,2819500.0,57.6119,25.49137,9,159.38,6.75
591500.0,2828500.0,57.91098,25.57109,9,92.71,5.16
590500.0,2828500.0,57.90103,25.57115,9,87.56,18.64
610500.0,2671500.0,58.08765,24.15214,9,58.35,475752.28
644500.0,2657500.0,58.42085,24.02298,9,140.17,29810.92
619500.0,2679500.0,58.17688,24.22373,9,148.01,12255.83
622500.0,2667500.0,58.20541,24.11513,9,152.82,1873.94
616500.0,2663500.0,58.14605,24.07947,9,171.4,3868.55
615500.0,2663500.0,58.13622,24.07954,9,171.68,14418.11
642500.0,2659500.0,58.40138,24.04122,9,50.13,555684.72
641500.0,2660500.0,58.39165,24.05034,9,140.29,53128.58
650500.0,2713500.0,58.4857,24.52804,9,60.36,58254.83
647500.0,2715500.0,58.4563,24.54639,9,57.58,12946.42
638500.0,2760500.0,58.37191,24.95351,9,63.35,6564.43
614500.0,2746500.0,58.13307,24.8291,9,158.11,859929.04
612500.0,2747500.0,58.11336,24.83828,9,157.83,50953.95
617500.0,2748500.0,58.16292,24.84693,9,169.11,317327.93
666500.0,2702500.0,58.64231,24.42709,9,152.72,4042.68
667500.0,2701500.0,58.65205,24.41796,9,152.78,5511.6
661500.0,2696500.0,58.59232,24.37345,9,67.0,13792.77
467500.0,2802500.0,56.67704,25.33878,9,175.77,857.03
498500.0,2782500.0,56.98512,25.15851,9,159.05,144.1
497500.0,2793500.0,56.97517,25.25785,9,111.04,10093.35
535500.0,2832500.0,57.35356,25.60962,9,153.25,28417.44
615500.0,2711500.0,58.14008,24.51299,9,149.43,58692.57
528500.0,2714500.0,57.2814,24.54413,9,82.81,242692.74
468500.0,2823500.0,56.68649,25.52844,9,140.12,589128.07
545500.0,2692500.0,57.44855,24.34503,9,138.57,5640.76
531500.0,2744500.0,57.31169,24.81501,9,55.44,266425.69
476500.0,2770500.0,56.76702,25.04996,8,129.94,88.69
479500.0,2768500.0,56.7968,25.03194,8,34.62,157.77
476500.0,2846500.0,56.7657,25.73628,8,78.31,9836.56
493500.0,2841500.0,56.93522,25.6913,8,86.54,15.58
513500.0,2790500.0,57.13403,25.2307,8,57.52,66064.92
467500.0,2781500.0,56.67754,25.14913,8,114.75,516.84
473500.0,2821500.0,56.73629,25.51047,8,167.4,12112.34
484500.0,2842500.0,56.84551,25.70027,8,10.85,1196437.39
463500.0,2721500.0,56.63943,24.60718,8,72.47,6.96
461500.0,2774500.0,56.61821,25.08578,8,144.48,5895.24
470500.0,2813500.0,56.70661,25.43817,8,166.13,36965.34
471500.0,2804500.0,56.71675,25.35692,8,179.79,7189.31
473500.0,2797500.0,56.73676,25.29374,8,129.51,52098.64
468500.0,2796500.0,56.68712,25.28461,8,131.81,11718.82
472500.0,2826500.0,56.72624,25.55561,8,167.9,4298.46
485500.0,2841500.0,56.85549,25.69125,8,18.62,846.73
470500.0,2821500.0,56.70644,25.51042,8,171.79,8460.36
471500.0,2847500.0,56.71583,25.74522,8,0.69,108628.69
488500.0,2840500.0,56.8854,25.68224,8,17.76,891058.94
506500.0,2803500.0,57.0646,25.34815,8,36.38,23123.5
560500.0,2716500.0,57.59743,24.56127,8,147.71,492537.29
448500.0,2796500.0,56.48846,25.28406,8,101.94,7.44
461500.0,2788500.0,56.61781,25.21221,8,22.73,1491.34
476500.0,2836500.0,56.76588,25.64598,8,92.46,49258.54
470500.0,2748500.0,56.70801,24.85117,8,176.87,591019.58
490500.0,2755500.0,56.90592,24.91465,8,39.04,673654.96
461500.0,2802500.0,56.61742,25.33863,8,131.8,2043361.1
540500.0,2769500.0,57.40148,25.04057,8,53.49,9090930.43
608500.0,2752500.0,58.07417,24.88372,8,51.52,12.71
466500.0,2722500.0,56.66904,24.61628,8,136.7,4.92
476500.0,2774500.0,56.76696,25.08608,8,87.76,120355.31
483500.0,2770500.0,56.83642,25.05005,8,130.39,1359.32
466500.0,2804500.0,56.66705,25.35682,8,51.8,1446.47
480500.0,2854500.0,56.80547,25.80858,8,4.41,27546.27
465500.0,2855500.0,56.6558,25.81733,8,172.53,556418.58
506500.0,2749500.0,57.06434,24.86047,8,35.44,25183.31
469500.0,2756500.0,56.69794,24.9234,8,172.67,1180755.3
496500.0,2789500.0,56.96525,25.22173,8,6.54,2578.75
479500.0,2779500.0,56.79663,25.13128,8,19.99,2123.48
473500.0,2802500.0,56.73666,25.33889,8,78.9,18.38
592500.0,2775500.0,57.91732,25.09246,8,49.6,140979.37
453500.0,2740500.0,56.54002,24.7785,8,170.31,7383.58
497500.0,2832500.0,56.9751,25.61004,8,129.76,1.71
544500.0,2814500.0,57.4426,25.44683,8,59.06,163906.34
575500.0,2743500.0,57.747,24.80444,8,157.34,46085.15
574500.0,2806500.0,57.74052,25.37339,8,155.92,800.42
607500.0,2743500.0,58.06358,24.80252,8,46.44,403879.69
662500.0,2703500.0,58.60298,24.43654,8,45.73,23872.77
480500.0,2728500.0,56.80727,24.67071,8,22.18,207310715.18
473500.0,2727500.0,56.7381,24.66157,8,72.9,9652.74
455500.0,2739500.0,56.55983,24.76953,8,92.07,190850881469.09
473500.0,2744500.0,56.73778,24.8151,8,164.78,70180962.66
495500.0,2783500.0,56.95534,25.16754,8,51.11,34880214.61
462500.0,2771500.0,56.62821,25.05871,8,179.58,23284740.47
465500.0,2793500.0,56.65739,25.25746,8,71.66,77229.33
457500.0,2795500.0,56.57789,25.27531,8,150.81,13504863158.78
488500.0,2803500.0,56.88571,25.34812,8,38.89,1725.17
485500.0,2819500.0,56.85573,25.49258,8,143.32,2571028.17
458500.0,2812500.0,56.5873,25.42886,8,8.94,116655425.4
484500.0,2819500.0,56.84578,25.49257,8,77.67,270798.07
465500.0,2795500.0,56.65734,25.27552,8,54.46,1132966551180.36
462500.0,2846500.0,56.62612,25.73599,8,0.7,748659409.19
483500.0,2847500.0,56.83548,25.74541,8,9.12,8573720.74
473500.0,2863500.0,56.73545,25.88974,8,178.32,60027458.26
483500.0,2848500.0,56.83547,25.75444,8,8.92,48902.09
515500.0,2764500.0,57.1536,24.99588,8,77.38,129562496.62
527500.0,2772500.0,57.27267,25.06795,8,70.2,69519305.35
507500.0,2796500.0,57.0745,25.28493,8,51.02,163213359.86
606500.0,2780500.0,58.05653,25.13669,8,168.32,1142819230141.94
462500.0,2732500.0,56.62926,24.7065,8,177.58,19684.58
469500.0,2854500.0,56.69573,25.80839,8,177.92,25560.54
462500.0,2727500.0,56.62939,24.66134,8,178.28,24736.53
544500.0,2725500.0,57.43972,24.64309,8,91.13,83163.29
543500.0,2722500.0,57.42975,24.61603,8,56.74,5364.01
523500.0,2750500.0,57.23264,24.86934,8,59.6,14877.31
535500.0,2787500.0,57.35238,25.20325,8,38.66,3043.67
502500.0,2794500.0,57.02483,25.26688,8,15.31,123917.77
588500.0,2710500.0,57.87354,24.50573,8,48.32,326.02
644500.0,2729500.0,58.42812,24.67307,8,154.96,8752.01
628500.0,2748500.0,58.27177,24.84604,8,165.89,3193.14
668500.0,2659500.0,58.65699,24.03866,8,64.95,2603.68
470500.0,2731500.0,56.70837,24.69764,8,165.43,7116151213.98
470500.0,2779500.0,56.70735,25.13113,8,89.05,3120667.27
495500.0,2829500.0,56.95519,25.58295,8,15.35,110684263.51
495500.0,2827500.0,56.9552,25.56489,8,16.47,285120032.49
526500.0,2751500.0,57.26235,24.87832,8,52.24,2232352873.47
518500.0,2799500.0,57.1838,25.31192,8,36.52,87404.7
505500.0,2811500.0,57.05469,25.4204,8,46.22,31289602.98
522500.0,2838500.0,57.22419,25.66406,8,36.7,267156157.97
519500.0,2830500.0,57.19418,25.59186,8,39.93,93204.0
515500.0,2854500.0,57.15463,25.80863,8,36.11,348922234.49
521500.0,2864500.0,57.21465,25.89885,8,130.93,2494.36
575500.0,2725500.0,57.74603,24.64188,8,57.03,122034432.58
576500.0,2724500.0,57.75586,24.6328,8,57.18,13594199.14
551500.0,2738500.0,57.50937,24.76028,8,31.51,105648131915.76
571500.0,2744500.0,57.70748,24.81366,8,46.37,3215291435.07
585500.0,2738500.0,57.84563,24.75876,8,50.47,5960482.77
590500.0,2761500.0,57.89657,24.96616,8,78.63,29819385.41
550500.0,2819500.0,57.50246,25.49179,8,56.24,65793519292.78
629500.0,2728500.0,58.27981,24.66538,8,44.23,194764224.47
640500.0,2761500.0,58.39182,24.96236,8,30.79,58449021.88
618500.0,2800500.0,58.1773,25.31637,8,55.08,382588805.03
466500.0,2716500.0,56.66918,24.56209,8,38.51,30.91
530500.0,2772500.0,57.30242,25.0679,8,30.6,261126.7
530500.0,2773500.0,57.30244,25.07693,8,30.6,748925.06
549500.0,2775500.0,57.49091,25.09449,8,53.29,182249.72
518500.0,2832500.0,57.18425,25.60993,8,38.37,30174.48
588500.0,2661500.0,57.87052,24.06322,8,65.47,2652.11
604500.0,2753500.0,58.03465,24.89303,8,157.18,607.82
440500.0,2809500.0,56.40844,25.40115,8,104.69,11686.37
485500.0,2843500.0,56.85547,25.70931,8,175.53,1237496.46
464500.0,2854500.0,56.64585,25.80828,8,177.91,103554.6
503500.0,2726500.0,57.03459,24.65276,8,136.44,11503.0
543500.0,2745500.0,57.43046,24.82374,8,40.4,34.67
520500.0,2742500.0,57.20282,24.79713,8,140.5,8147.62
588500.0,2705500.0,57.87323,24.46058,8,51.52,237960.18
645500.0,2672500.0,58.43218,24.15833,8,144.75,361.64
643500.0,2663500.0,58.41161,24.07725,8,157.5,827.88
646500.0,2671500.0,58.44192,24.1492,8,146.79,1415.89
607500.0,2690500.0,58.05954,24.32393,8,69.43,5833.55
609500.0,2751500.0,58.08399,24.87462,8,69.68,25858.82
635500.0,2783500.0,58.34447,25.16144,8,82.58,17.29
655500.0,2694500.0,58.53297,24.356,8,57.17,42049.65
489500.0,2780500.0,56.89583,25.14042,8,39.03,926.23
474500.0,2864500.0,56.74542,25.89879,8,91.34,7723.1
653500.0,2790500.0,58.52381,25.2229,8,57.12,680.06
463500.0,2747500.0,56.63875,24.84199,8,176.48,151428.45
495500.0,2775500.0,56.95537,25.09529,8,73.08,1012637.51
477500.0,2845500.0,56.77569,25.72727,8,176.91,38401.03
498500.0,2866500.0,56.98502,25.91707,8,30.7,27886.71
522500.0,2776500.0,57.22316,25.10416,8,71.3,60874.39
548500.0,2823500.0,57.48271,25.52798,8,142.97,6.25
477500.0,2769500.0,56.77695,25.04094,8,48.31,113511437.03
495500.0,2787500.0,56.95533,25.20366,8,67.18,2970203.35
485500.0,2807500.0,56.85586,25.38421,8,24.14,19294.58
477500.0,2834500.0,56.77588,25.62793,8,138.02,578180.67
506500.0,2764500.0,57.06441,24.99594,8,20.37,85843.35
508500.0,2797500.0,57.08444,25.29395,8,65.58,90112.19
501500.0,2838500.0,57.01495,25.66423,8,73.86,1141678654126.4
534500.0,2843500.0,57.34389,25.70897,8,179.79,16.63
537500.0,2833500.0,57.37351,25.6186,8,155.72,21299.63
549500.0,2832500.0,57.49299,25.60921,8,173.74,12496.63
581500.0,2793500.0,57.80932,25.25564,8,54.63,102065294.6
593500.0,2833500.0,57.93124,25.61611,8,42.57,398614442.87
560500.0,2837500.0,57.60277,25.65395,8,125.79,72.33
654500.0,2750500.0,58.52925,24.86169,8,46.58,480664078.97
653500.0,2773500.0,58.5219,25.06943,8,109.78,19844.4
489500.0,2751500.0,56.89605,24.87851,8,99.57,12595.43
488500.0,2752500.0,56.88614,24.88754,8,29.11,82000.42
486500.0,2755500.0,56.86631,24.91462,8,38.57,15603.63
498500.0,2786500.0,56.98511,25.19464,8,63.71,31421.11
470500.0,2792500.0,56.70707,25.24853,8,179.54,713488.01
469500.0,2772500.0,56.69758,25.0679,8,1.21,86589.32
461500.0,2806500.0,56.6173,25.37476,8,105.07,21.95
461500.0,2812500.0,56.61713,25.42894,8,139.09,140.04
463500.0,2836500.0,56.63637,25.64571,8,52.76,312.96
466500.0,2860500.0,56.66565,25.86251,8,173.83,133759.59
466500.0,2856500.0,56.66575,25.82639,8,173.99,38042.62
472500.0,2854500.0,56.72566,25.80845,8,5.83,2572.45
521500.0,2743500.0,57.21273,24.80615,8,51.96,63805.7
520500.0,2782500.0,57.20341,25.15837,8,73.41,6900.7
541500.0,2820500.0,57.41295,25.5011,8,172.74,880.09
545500.0,2818500.0,57.45268,25.48292,8,144.54,4411.74
536500.0,2820500.0,57.3632,25.50123,8,58.44,3239.17
549500.0,2833500.0,57.49303,25.61824,8,178.27,1286.95
533500.0,2837500.0,57.33377,25.65482,8,12.88,3483.61
522500.0,2848500.0,57.22436,25.75436,8,95.43,74.85
524500.0,2851500.0,57.24436,25.78141,8,35.59,18598.28
519500.0,2863500.0,57.19467,25.88985,8,24.23,23597.76
504500.0,2852500.0,57.04489,25.79064,8,30.91,118201.29
599500.0,2732500.0,57.98365,24.70373,8,25.29,135505.6
600500.0,2731500.0,57.99347,24.69464,8,25.0,272476.25
585500.0,2747500.0,57.84618,24.84003,8,60.38,1242302.77
568500.0,2782500.0,57.67968,25.15695,8,46.52,4743.56
641500.0,2755500.0,58.40111,24.90809,8,59.33,8290423.91
626500.0,2774500.0,58.25435,25.08097,8,67.13,180416.66
629500.0,2813500.0,58.2878,25.43282,8,39.37,17494.3
614500.0,2810500.0,58.13841,25.40697,8,36.83,173944.86
636500.0,2814500.0,58.3575,25.44122,8,168.04,2191.98
656500.0,2748500.0,58.54881,24.84343,8,50.3,495964.55
652500.0,2752500.0,58.50967,24.87995,8,43.91,72218.77
651500.0,2806500.0,58.50574,25.36755,8,58.44,17521.24
486500.0,2848500.0,56.86538,25.75447,8,12.21,46851.8
532500.0,2782500.0,57.32248,25.15816,8,86.6,60142.72
523500.0,2786500.0,57.23325,25.19445,8,67.19,108138.02
516500.0,2815500.0,57.16412,25.45644,8,36.72,3978.17
516500.0,2816500.0,57.16414,25.46547,8,38.29,4613.98
505500.0,2836500.0,57.05479,25.64616,8,59.74,4.42
593500.0,2685500.0,57.92125,24.27967,8,61.27,8189.18
553500.0,2776500.0,57.53062,25.10338,8,48.81,9007.84
552500.0,2776500.0,57.5207,25.10341,8,49.46,41533.86
589500.0,2834500.0,57.89147,25.62539,8,134.66,11.73
603500.0,2671500.0,58.01876,24.15262,8,88.98,21526.55
647500.0,2661500.0,58.45074,24.05882,8,41.7,320321.57
633500.0,2660500.0,58.31298,24.05103,8,148.62,90237.37
666500.0,2684500.0,58.64021,24.26459,8,48.56,30758.09
479500.0,2726500.0,56.79741,24.65263,8,34.78,55566.33
480500.0,2716500.0,56.80743,24.56233,8,48.24,446.98
498500.0,2739500.0,56.98516,24.77017,8,127.95,51.05
548500.0,2687500.0,57.47795,24.29978,8,60.29,39629.06
502500.0,2728500.0,57.02471,24.67083,8,48.05,218619.45
524500.0,2724500.0,57.24208,24.63451,8,129.21,1.55
538500.0,2768500.0,57.38163,25.03159,8,59.6,10697.41
514500.0,2811500.0,57.14419,25.42034,8,34.29,6182.43
563500.0,2669500.0,57.62497,24.13667,8,62.3,679787.27
615500.0,2662500.0,58.13614,24.07051,8,79.48,193581.24
611500.0,2746500.0,58.10338,24.82932,8,144.9,2406.4
656500.0,2672500.0,58.54043,24.15727,8,50.27,64622.36
658500.0,2703500.0,58.56353,24.43696,8,150.81,1660.6
462500.0,2736500.0,56.62915,24.74262,8,176.67,18945.85
479500.0,2764500.0,56.79686,24.99582,8,172.85,14593.38
468500.0,2803500.0,56.68695,25.34783,8,170.14,2135.14
533500.0,2734500.0,57.33124,24.72465,8,58.91,789910.43
514500.0,2728500.0,57.14331,24.67076,8,62.43,5641.73
535500.0,2745500.0,57.3513,24.82395,8,68.93,248239.73
529500.0,2792500.0,57.29293,25.24853,8,96.96,78816.28
520500.0,2777500.0,57.20334,25.11322,8,59.58,22466.89
524500.0,2778500.0,57.24303,25.12219,8,55.86,22788.63
522500.0,2807500.0,57.22367,25.38411,8,47.93,247469.86
522500.0,2808500.0,57.22369,25.39314,8,48.27,252821.73
531500.0,2827500.0,57.31361,25.56456,8,20.97,21094.09
568500.0,2677500.0,57.67456,24.20872,8,68.71,215582.89
584500.0,2708500.0,57.83394,24.4879,8,49.37,29703.83
567500.0,2749500.0,57.66814,24.85899,8,66.8,327747.66
560500.0,2750500.0,57.5989,24.86832,8,115.47,2711.51
566500.0,2750500.0,57.65829,24.86807,8,66.91,287638.08
596500.0,2754500.0,57.95552,24.90258,8,64.01,10137.35
665500.0,2688500.0,58.63082,24.30081,8,48.88,418461.88
472500.0,2808500.0,56.7266,25.39306,8,15.45,134584.74
490500.0,2809500.0,56.90555,25.40231,8,41.45,16325.39
543500.0,2684500.0,57.42859,24.27283,8,75.85,39571.33
537500.0,2698500.0,57.36984,24.39943,8,34.86,1481.03
534500.0,2770500.0,57.34203,25.04975,8,58.03,102305.52
591500.0,2769500.0,57.90701,25.03834,8,51.18,11092.95
644500.0,2661500.0,58.42124,24.0591,8,70.91,41767.13
498500.0,2760500.0,56.98514,24.95983,8,174.01,8565.37
485500.0,2742500.0,56.85654,24.7972,8,25.71,335.65
465500.0,2777500.0,56.6578,25.11296,8,1.61,336047.67
483500.0,2842500.0,56.83554,25.70026,8,177.41,1206554.45
531500.0,2726500.0,57.31129,24.65244,8,41.55,238323.3
520500.0,2804500.0,57.20374,25.35705,8,55.2,18897.58
507500.0,2860500.0,57.07486,25.86287,8,35.7,59189.36
557500.0,2749500.0,57.56916,24.8594,8,61.31,57625.72
622500.0,2736500.0,58.21134,24.73819,8,156.1,12837.88
480500.0,2778500.0,56.80657,25.12226,8,55.68,28334.93
467500.0,2779500.0,56.67759,25.13107,8,2.22,701686.02
472500.0,2811500.0,56.72654,25.42015,8,2.3,82483.48
473500.0,2866500.0,56.73539,25.91683,8,92.75,99813.96
509500.0,2716500.0,57.09381,24.56242,8,63.28,68410.52
523500.0,2747500.0,57.23258,24.84225,8,116.26,8745.32
592500.0,2666500.0,57.91018,24.10815,8,147.39,3797.21
568500.0,2724500.0,57.67682,24.63318,8,31.92,91634.54
489500.0,2784500.0,56.8958,25.17654,8,69.42,212239294.55
471500.0,2801500.0,56.71681,25.32983,8,55.79,1706673076.99
494500.0,2828500.0,56.94524,25.57391,8,157.06,690860.58
461500.0,2859500.0,56.61578,25.85335,8,179.11,10317467.89
510500.0,2729500.0,57.10379,24.67983,8,38.95,8035800.94
529500.0,2743500.0,57.29188,24.80602,8,55.84,141590414.41
542500.0,2737500.0,57.42032,24.75152,8,59.78,414660470.07
502500.0,2806500.0,57.02485,25.37525,8,30.81,73660.55
502500.0,2805500.0,57.02485,25.36622,8,27.38,1395547758.04
537500.0,2844500.0,57.37382,25.71793,8,61.21,5367.03
502500.0,2842500.0,57.02492,25.70035,8,1.12,1896.99
529500.0,2844500.0,57.29407,25.71811,8,149.95,377398.44
525500.0,2838500.0,57.25408,25.66401,8,47.55,244711340.33
557500.0,2767500.0,57.56991,25.02196,8,42.69,1067619.9
556500.0,2767500.0,57.56,25.02199,8,44.33,114461024.89
601500.0,2740500.0,58.004,24.77584,8,103.04,1302569.6
628500.0,2757500.0,58.2726,24.92731,8,78.03,273095.97
606500.0,2811500.0,58.05896,25.41659,8,76.15,928132.87
653500.0,2724500.0,58.5165,24.62706,8,84.22,1372521.18
455500.0,2757500.0,56.55926,24.93209,8,163.27,928708.68
476500.0,2767500.0,56.76708,25.02287,8,121.8,85827.18
481500.0,2786500.0,56.81638,25.19452,8,51.51,39993.54
456500.0,2779500.0,56.56847,25.13079,8,150.09,8673.41
474500.0,2772500.0,56.74716,25.06799,8,19.45,2014602.6
468500.0,2786500.0,56.68735,25.19431,8,156.44,88.47
464500.0,2816500.0,56.64686,25.46513,8,174.42,10571.63
497500.0,2822500.0,56.97512,25.51974,8,52.2,62467.27
482500.0,2839500.0,56.82562,25.67315,8,7.34,159488.03
492500.0,2839500.0,56.92526,25.67324,8,48.66,254.3
474500.0,2839500.0,56.7459,25.67304,8,176.52,431868.49
465500.0,2827500.0,56.65653,25.56449,8,171.26,7865.61
467500.0,2823500.0,56.67653,25.52841,8,170.27,1359846.64
473500.0,2855500.0,56.73561,25.8175,8,94.9,100.68
461500.0,2857500.0,56.61583,25.83529,8,179.13,1439615.19
461500.0,2856500.0,56.61586,25.82626,8,179.28,1074733.56
476500.0,2850500.0,56.76563,25.7724,8,169.87,185059.01
504500.0,2717500.0,57.04444,24.57148,8,58.88,40539.03
537500.0,2737500.0,57.37088,24.75165,8,55.89,154.78
513500.0,2727500.0,57.13342,24.66174,8,41.1,11636.05
517500.0,2758500.0,57.17334,24.94167,8,61.4,1499568.92
523500.0,2827500.0,57.23396,25.56471,8,46.81,2282.17
522500.0,2864500.0,57.22463,25.89884,8,31.0,50542.33
586500.0,2727500.0,57.85484,24.65937,8,51.33,628091.29
598500.0,2740500.0,57.97433,24.77604,8,103.03,2286741.38
593500.0,2755500.0,57.92588,24.9118,8,62.32,27692.0
585500.0,2834500.0,57.85164,25.62562,8,169.59,528.75
613500.0,2723500.0,58.12131,24.62149,8,76.24,3850.37
611500.0,2756500.0,58.10419,24.91962,8,72.76,670264.86
606500.0,2757500.0,58.05475,24.92901,8,71.85,1334107.5
605500.0,2757500.0,58.04485,24.92908,8,162.26,176641.62
653500.0,2731500.0,58.51726,24.69026,8,68.92,27927.41
469500.0,2727500.0,56.69857,24.6615,8,34.89,25684382.42
463500.0,2722500.0,56.6394,24.61621,8,30.7,82.74
466500.0,2770500.0,56.66789,25.04977,8,33.52,874825.31
454500.0,2767500.0,56.54902,25.02237,8,79.73,49182.52
492500.0,2794500.0,56.92551,25.26687,8,136.51,1141165681235.97
470500.0,2805500.0,56.70679,25.36593,8,178.07,5454797.91
501500.0,2761500.0,57.01486,24.96886,8,11.31,38846.28
550500.0,2824500.0,57.50265,25.53694,8,77.75,37875.25
540500.0,2830500.0,57.4033,25.59143,8,62.2,1269096.85
503500.0,2846500.0,57.0349,25.73647,8,20.33,14.06
583500.0,2741500.0,57.82603,24.78596,8,39.23,11877499.45
598500.0,2781500.0,57.97725,25.14626,8,4.13,44976.65
590500.0,2821500.0,57.90056,25.50795,8,33.15,648517105.65
550500.0,2839500.0,57.50322,25.67239,8,50.08,28.32
557500.0,2834500.0,57.57275,25.62698,8,127.44,15604.01
603500.0,2791500.0,58.02761,25.23622,8,49.14,175613.7
465500.0,2772500.0,56.65792,25.06781,8,32.91,732256.73
467500.0,2769500.0,56.67782,25.04076,8,33.35,727248.23
490500.0,2800500.0,56.90561,25.32104,8,110.68,25056.99
469500.0,2846500.0,56.69591,25.73615,8,8.37,658779.64
481500.0,2869500.0,56.81523,25.94404,8,4.71,3625306.85
513500.0,2716500.0,57.13331,24.56239,8,55.09,16607.1
508500.0,2719500.0,57.08396,24.58952,8,55.46,53853.77
533500.0,2780500.0,57.33236,25.14008,8,59.84,159427.62
538500.0,2819500.0,57.38307,25.49215,8,26.02,40032.0
509500.0,2804500.0,57.09442,25.35716,8,55.09,41019.01
509500.0,2831500.0,57.09461,25.60098,8,43.46,9955.9
537500.0,2831500.0,57.37345,25.60054,8,62.56,333632.75
545500.0,2825500.0,57.45292,25.54613,8,65.81,35626.9
506500.0,2868500.0,57.06491,25.93512,8,22.65,743879.06
503500.0,2867500.0,57.03495,25.9261,8,39.67,68310.39
581500.0,2745500.0,57.80648,24.82219,8,39.34,769436.11
584500.0,2740500.0,57.83586,24.77687,8,39.46,1323294.01
555500.0,2765500.0,57.55001,25.00397,8,60.53,1665153.13
551500.0,2823500.0,57.51256,25.52788,8,81.49,657840.23
627500.0,2742500.0,58.26132,24.79195,8,41.83,8279.32
604500.0,2745500.0,58.03405,24.82079,8,79.96,135152.38
613500.0,2789500.0,58.12671,25.21744,8,160.97,1519374.69
641500.0,2767500.0,58.40234,25.01644,8,85.02,2080478.57
614500.0,2774500.0,58.13538,25.08192,8,24.61,26.19
608500.0,2790500.0,58.07716,25.22684,8,71.59,67160.65
601500.0,2794500.0,58.00798,25.26344,8,13.95,5810.94
498500.0,2753500.0,56.98515,24.89661,8,72.94,20635761.19
468500.0,2762500.0,56.6879,24.97757,8,80.52,98610.92
491500.0,2751500.0,56.91585,24.87853,8,65.63,9162.25
452500.0,2809500.0,56.52774,25.40159,8,80.7,1142842501977.32
459500.0,2798500.0,56.59766,25.30246,8,174.69,17675560.84
465500.0,2842500.0,56.65614,25.69994,8,175.85,11565135.44
478500.0,2822500.0,56.78603,25.51959,8,157.89,4029398.87
487500.0,2854500.0,56.8753,25.80866,8,15.55,1389245.14
470500.0,2860500.0,56.70557,25.86259,8,3.16,49846626.84
471500.0,2851500.0,56.71575,25.78134,8,9.25,764485.75
494500.0,2860500.0,56.94511,25.86288,8,1.27,8912.78
512500.0,2738500.0,57.12364,24.76109,8,177.24,47.28
511500.0,2774500.0,57.11404,25.08622,8,24.32,15982738.2
503500.0,2841500.0,57.03488,25.69131,8,179.88,32.65
580500.0,2732500.0,57.79584,24.70485,8,63.48,15711908.56
559500.0,2754500.0,57.58917,24.90448,8,49.57,28650.31
581500.0,2785500.0,57.80884,25.1834,8,48.75,7723749.21
559500.0,2766500.0,57.58969,25.01285,8,49.74,8004115.48
563500.0,2791500.0,57.63049,25.23845,8,57.03,53472687.78
586500.0,2793500.0,57.85897,25.25536,8,131.0,867.16
593500.0,2796500.0,57.92868,25.28202,8,127.22,14363.04
584500.0,2824500.0,57.84104,25.53539,8,75.67,56913555.74
606500.0,2721500.0,58.05201,24.60393,8,42.85,9537454.77
603500.0,2728500.0,58.0229,24.66735,8,51.6,74245427.34
494500.0,2737500.0,56.9456,24.7521,8,120.46,10982.65
468500.0,2730500.0,56.68862,24.68857,8,140.79,193.7
469500.0,2755500.0,56.69796,24.91437,8,166.47,1612003.4
476500.0,2758500.0,56.76723,24.94159,8,130.4,1862320.24
490500.0,2787500.0,56.9057,25.20364,8,44.42,397088.57
481500.0,2817500.0,56.81595,25.47447,8,179.98,212833.2
474500.0,2804500.0,56.74656,25.35697,8,179.49,1487929.1
458500.0,2810500.0,56.58736,25.4108,8,111.42,9728.83
469500.0,2819500.0,56.69653,25.49234,8,178.74,79997.16
459500.0,2811500.0,56.59727,25.41985,8,135.61,1251.24
479500.0,2828500.0,56.79589,25.57378,8,104.63,3537.58
469500.0,2826500.0,56.69637,25.55555,8,176.08,54133.55
481500.0,2853500.0,56.81546,25.79956,8,8.53,285989.78
471500.0,2854500.0,56.71568,25.80843,8,9.18,1012201.12
521500.0,2764500.0,57.21305,24.9958,8,34.58,920582.07
548500.0,2748500.0,57.48005,24.85069,8,64.72,62286.35
510500.0,2777500.0,57.10415,25.11332,8,25.29,68995.24
503500.0,2824500.0,57.03484,25.5378,8,40.44,440.52
504500.0,2823500.0,57.04479,25.52877,8,48.41,38016.66
507500.0,2820500.0,57.07463,25.50166,8,49.72,5072.37
583500.0,2732500.0,57.82549,24.70469,8,26.53,640984.25
582500.0,2732500.0,57.81561,24.70474,8,27.36,2164514.82
578500.0,2733500.0,57.77612,24.71398,8,62.73,1480988.41
576500.0,2763500.0,57.758,24.98499,8,60.81,1433112.4
561500.0,2791500.0,57.61063,25.23853,8,55.32,754398.55
554500.0,2801500.0,57.54153,25.3291,8,57.69,590949.49
562500.0,2808500.0,57.62134,25.392,8,75.15,406553.01
650500.0,2719500.0,58.48634,24.58221,8,89.25,993668.11
631500.0,2718500.0,58.29864,24.57492,8,143.38,135629.41
631500.0,2746500.0,58.30126,24.82773,8,146.56,74168.52
615500.0,2786500.0,58.14631,25.1902,8,19.02,541.54
496500.0,2755500.0,56.96534,24.91467,8,33.92,90706.92
491500.0,2763500.0,56.91578,24.9869,8,32.9,8418217.46
492500.0,2813500.0,56.92541,25.43845,8,24.42,306214.31
485500.0,2828500.0,56.85563,25.57385,8,47.34,7597361.94
489500.0,2853500.0,56.89526,25.79964,8,118.86,77.3
533500.0,2827500.0,57.33352,25.56451,8,39.88,18572757.96
513500.0,2840500.0,57.13454,25.68223,8,35.03,2478614.27
589500.0,2726500.0,57.88442,24.65016,8,38.32,37667.51
578500.0,2719500.0,57.77534,24.58755,8,160.08,631321.95
578500.0,2797500.0,57.77976,25.29192,8,149.03,1626441.99
556500.0,2815500.0,57.56199,25.45545,8,112.55,3704.83
601500.0,2744500.0,58.00429,24.81196,8,44.11,22534797.83
639500.0,2801500.0,58.38599,25.32358,8,21.17,6587.74
443500.0,2797500.0,56.43876,25.29291,8,175.16,1368.53
445500.0,2809500.0,56.45814,25.40135,8,153.45,4762.67
472500.0,2726500.0,56.72824,24.65252,8,120.27,1026870.82
493500.0,2760500.0,56.93561,24.95982,8,39.07,72717.8
469500.0,2792500.0,56.69714,25.24851,8,16.12,237944.43
466500.0,2798500.0,56.6672,25.30263,8,146.28,6358.72
487500.0,2825500.0,56.87557,25.54678,8,47.31,2335104.23
487500.0,2826500.0,56.87556,25.55581,8,120.94,7464.67
488500.0,2832500.0,56.88546,25.61,8,8.46,85913.28
481500.0,2831500.0,56.81576,25.6009,8,36.8,1745.48
479500.0,2866500.0,56.7953,25.91693,8,14.14,644306.57
459500.0,2867500.0,56.59557,25.92554,8,85.33,424.36
513500.0,2719500.0,57.13334,24.58949,8,42.51,24107.64
512500.0,2720500.0,57.12347,24.59853,8,42.15,79488.11
509500.0,2735500.0,57.09394,24.73402,8,34.73,241340.12
523500.0,2743500.0,57.23252,24.80612,8,43.72,10826.87
515500.0,2773500.0,57.1537,25.07716,8,67.69,488.0
532500.0,2820500.0,57.32339,25.50132,8,52.49,28382.83
525500.0,2847500.0,57.25426,25.74528,8,38.32,1811431.08
531500.0,2829500.0,57.31365,25.58262,8,38.83,521258.03
516500.0,2835500.0,57.16437,25.63704,8,42.37,91394.93
580500.0,2718500.0,57.79503,24.57842,8,62.88,22524.7
569500.0,2722500.0,57.6866,24.61507,8,55.46,23556.73
600500.0,2745500.0,57.99447,24.82106,8,44.13,500037.24
561500.0,2769500.0,57.60965,25.03986,8,56.29,225697.88
587500.0,2803500.0,57.86954,25.34559,8,49.43,40970.08
562500.0,2821500.0,57.62195,25.50939,8,68.68,50308.88
561500.0,2822500.0,57.61204,25.51846,8,69.81,1056804.57
618500.0,2739500.0,58.17205,24.76559,8,155.43,4943.27
615500.0,2746500.0,58.14296,24.82903,8,157.27,218.38
605500.0,2783500.0,58.04684,25.16384,8,52.82,616568.16
637500.0,2798500.0,58.36582,25.29668,8,20.55,705.12
492500.0,2739500.0,56.92581,24.77016,8,131.62,6219.08
469500.0,2843500.0,56.69598,25.70906,8,167.82,6683.31
473500.0,2822500.0,56.73627,25.5195,8,172.93,920109.55
493500.0,2862500.0,56.93512,25.88094,8,36.12,2.85
534500.0,2715500.0,57.34067,24.55303,8,153.63,9779.25
549500.0,2742500.0,57.48973,24.79647,8,83.61,52719.67
505500.0,2762500.0,57.05449,24.97788,8,51.6,580309.55
546500.0,2809500.0,57.46232,25.40162,8,163.4,8.26
571500.0,2671500.0,57.7038,24.15439,8,62.62,345957.46
598500.0,2681500.0,57.97023,24.24324,8,73.26,614743.08
557500.0,2688500.0,57.56668,24.3085,8,170.66,5742.3
594500.0,2682500.0,57.9309,24.25252,8,68.81,11500.03
595500.0,2709500.0,57.94256,24.49629,8,136.79,8139.51
552500.0,2689500.0,57.51744,24.31771,8,73.76,353621.13
578500.0,2721500.0,57.77545,24.60561,8,151.28,23558.03
591500.0,2746500.0,57.90549,24.83065,8,42.6,471.07
552500.0,2814500.0,57.52217,25.44657,8,158.98,390.47
560500.0,2823500.0,57.60214,25.52753,8,116.22,18.11
593500.0,2827500.0,57.93082,25.56193,8,44.42,16233.02
592500.0,2828500.0,57.92094,25.57103,8,29.88,4.64
632500.0,2666500.0,58.3037,24.1053,8,175.01,128513.44
614500.0,2664500.0,58.12646,24.08864,8,171.67,27590.46
620500.0,2704500.0,58.18884,24.4494,8,41.31,39080.69
614500.0,2712500.0,58.1303,24.52209,8,86.81,124232.58
648500.0,2714500.0,58.46606,24.53726,8,57.48,105859.91
624500.0,2750500.0,58.23237,24.86443,8,62.11,5753.12
637500.0,2761500.0,58.36211,24.96263,8,149.97,1951.86
629500.0,2747500.0,58.28157,24.83693,8,63.18,5430.75
619500.0,2748500.0,58.18271,24.84678,8,169.48,50725.52
613500.0,2759500.0,58.12424,24.94656,8,160.02,28.68
663500.0,2695500.0,58.61192,24.36421,8,156.55,996.44
658500.0,2691500.0,58.5622,24.32862,8,58.08,51682.62
660500.0,2696500.0,58.58247,24.37355,8,156.69,5092.14
660500.0,2690500.0,58.58179,24.31938,8,148.38,6056.51
661500.0,2689500.0,58.59153,24.31025,8,57.99,14695.8
456500.0,2737500.0,56.56979,24.7515,8,21.59,1142825423061.77
481500.0,2752500.0,56.81683,24.88747,8,174.27,12455.16
467500.0,2803500.0,56.67702,25.34781,8,174.89,59902725.34
467500.0,2804500.0,56.67699,25.35684,8,174.03,1326178.51
568500.0,2730500.0,57.67711,24.68737,8,66.65,353580867.0
580500.0,2723500.0,57.79532,24.62357,8,64.02,4593645.29
400500.0,2869500.0,56.0063,25.94075,8,129.24,776.42
491500.0,2731500.0,56.91597,24.6979,8,26.92,23.3
481500.0,2751500.0,56.81685,24.87844,8,171.51,15865.96
476500.0,2813500.0,56.76628,25.43828,8,36.34,6412.14
455500.0,2799500.0,56.55789,25.31138,8,94.57,573320.27
496500.0,2820500.0,56.96517,25.50168,8,37.16,235766.75
464500.0,2829500.0,56.64652,25.58253,8,166.84,581621.54
470500.0,2822500.0,56.70641,25.51945,8,176.18,236671.05
556500.0,2717500.0,57.55798,24.57045,8,86.07,180617.14
553500.0,2728500.0,57.52877,24.6699,8,148.08,245.15
499500.0,2756500.0,56.99505,24.92371,8,159.14,490.29
478500.0,2746500.0,56.78722,24.83324,8,159.7,322292.89
463500.0,2778500.0,56.63793,25.12195,8,55.25,69168.31
538500.0,2824500.0,57.38321,25.5373,8,40.19,527964.77
493500.0,2736500.0,56.93572,24.74307,8,44.64,704817.43
490500.0,2776500.0,56.90578,25.1043,8,164.81,92.41
452500.0,2819500.0,56.52739,25.49189,8,128.0,661674.1
466500.0,2853500.0,56.66583,25.7993,8,177.31,649063.5
549500.0,2738500.0,57.48959,24.76034,8,50.88,254993.87
528500.0,2780500.0,57.28275,25.14018,8,53.74,891080.51
507500.0,2793500.0,57.07448,25.25783,8,84.16,651.53
533500.0,2847500.0,57.33402,25.74512,8,64.57,1329.14
596500.0,2728500.0,57.95372,24.6678,8,93.28,921169.47
587500.0,2778500.0,57.86793,25.11985,8,50.66,77736.75
594500.0,2798500.0,57.93875,25.30002,8,60.74,13354.19
634500.0,2758500.0,58.33211,24.93582,8,72.26,3308925.37
467500.0,2799500.0,56.67711,25.31168,8,178.91,119756.31
521500.0,2711500.0,57.21224,24.51714,8,132.47,224736.15
596500.0,2733500.0,57.95407,24.71295,8,140.13,607.79
558500.0,2739500.0,57.57864,24.76906,8,53.11,25210.69
555500.0,2748500.0,57.54933,24.85045,8,161.98,16549.71
439500.0,2836500.0,56.39728,25.64492,8,70.92,32651.63
481500.0,2780500.0,56.81646,25.14034,8,38.82,432757.79
486500.0,2792500.0,56.86595,25.24876,8,172.44,222516.03
532500.0,2760500.0,57.32196,24.95948,8,77.06,561777.22
532500.0,2759500.0,57.32194,24.95045,8,76.89,1377823.0
547500.0,2772500.0,57.47097,25.06746,8,63.41,3562399.97
549500.0,2776500.0,57.49095,25.10352,8,49.7,1938181.08
460500.0,2771500.0,56.60838,25.05866,8,4.36,22360.66
487500.0,2817500.0,56.87565,25.47454,8,109.43,4803.96
469500.0,2827500.0,56.69635,25.56458,8,1.96,393643.74
481500.0,2774500.0,56.81654,25.08615,8,144.97,30460.31
486500.0,2834500.0,56.86553,25.62804,8,92.89,80133.11
622500.0,2673500.0,58.20592,24.16931,8,147.06,130228.19
612500.0,2705500.0,58.11,24.45903,8,48.63,16011.44
495500.0,2738500.0,56.95549,24.76114,8,44.39,582448.06
487500.0,2782500.0,56.87597,25.15846,8,56.53,2340.88
482500.0,2798500.0,56.82615,25.3029,8,173.0,350099.1
476500.0,2840500.0,56.76581,25.6821,8,4.04,1869234.56
485500.0,2850500.0,56.85539,25.77252,8,14.27,622638.43
524500.0,2730500.0,57.24218,24.6887,8,84.72,1577.8
545500.0,2758500.0,57.45068,24.94109,8,63.37,781534.44
517500.0,2760500.0,57.17337,24.95973,8,57.33,1227099.19
543500.0,2759500.0,57.4309,24.95018,8,63.18,216433.38
530500.0,2810500.0,57.30327,25.41106,8,45.87,5364412.21
548500.0,2806500.0,57.4821,25.37446,8,46.19,2029878.5
598500.0,2798500.0,57.97848,25.29976,8,153.98,192301.97
597500.0,2799500.0,57.96862,25.30886,8,64.21,1090088.21
