cell_x,cell_y,cell_lon,cell_lat,points,direction_deg,anisotropy
435500.0,2783500.0,56.35996,25.16616,2474,55.32,3.06
303500.0,2765500.0,55.05308,24.99225,2067,124.98,2.97
303500.0,2766500.0,55.05294,25.00127,1865,105.88,8.37
436500.0,2783500.0,56.36988,25.1662,1682,15.81,4.49
302500.0,2767500.0,55.04289,25.01017,1569,110.36,84.17
302500.0,2769500.0,55.0426,25.02822,1475,164.36,2.25
302500.0,2768500.0,55.04275,25.01919,1400,107.77,4.87
437500.0,2784500.0,56.37976,25.17528,1347,30.74,4.24
303500.0,2769500.0,55.05251,25.02835,1267,7.45,15.52
436500.0,2784500.0,56.36984,25.17523,1255,17.25,1.66
437500.0,2783500.0,56.37981,25.16625,1092,173.22,6.03
438500.0,2783500.0,56.38973,25.16629,891,173.11,6.88
301500.0,2770500.0,55.03255,25.03711,879,129.32,55.83
300500.0,2771500.0,55.0225,25.04601,834,134.62,59.29
438500.0,2784500.0,56.38968,25.17532,811,11.24,11.49
301500.0,2769500.0,55.0327,25.02809,774,121.31,41.14
165500.0,2757500.0,53.68914,24.89597,754,102.3,1.77
304500.0,2764500.0,55.06312,24.98335,751,36.41,4.45
439500.0,2784500.0,56.39961,25.17536,715,10.99,13.68
440500.0,2784500.0,56.40953,25.1754,714,12.63,33.81
299500.0,2772500.0,55.01245,25.0549,697,133.07,21.02
165500.0,2756500.0,53.68938,24.88695,667,146.81,1.95
311500.0,2774500.0,55.13108,25.0745,645,20.31,2.54
437500.0,2785500.0,56.37971,25.18431,642,82.05,3.91
304500.0,2765500.0,55.06298,24.99237,602,31.5,7.84
435500.0,2784500.0,56.35991,25.17519,600,50.61,5.71
326500.0,2795500.0,55.27708,25.26586,593,62.32,1.68
263500.0,2746500.0,54.66024,24.81508,507,48.8,6.61
441500.0,2784500.0,56.41945,25.17544,492,11.15,49.73
435500.0,2804500.0,56.35896,25.3558,489,101.74,4.39
264500.0,2746500.0,54.67012,24.81524,454,47.29,4.64
302500.0,2766500.0,55.04303,25.00114,453,108.31,34.87
313500.0,2777500.0,55.15049,25.10182,451,64.85,1.51
303500.0,2764500.0,55.05322,24.98322,447,112.19,4.19
436500.0,2805500.0,56.36886,25.36487,442,28.31,8.69
304500.0,2769500.0,55.06242,25.02848,438,5.56,4.69
166500.0,2756500.0,53.69926,24.88717,428,31.89,1.91
311500.0,2776500.0,55.1308,25.09255,413,27.35,8.23
298500.0,2769500.0,55.00298,25.02769,412,154.54,10.69
324500.0,2795500.0,55.25723,25.26562,411,65.69,1.62
442500.0,2784500.0,56.42938,25.17548,410,11.95,31.97
312500.0,2776500.0,55.14072,25.09267,397,137.73,2.09
439500.0,2783500.0,56.39965,25.16633,383,1.89,22.46
312500.0,2777500.0,55.14058,25.1017,375,46.8,1.72
299500.0,2768500.0,55.01303,25.0188,367,118.82,31.66
443500.0,2784500.0,56.4393,25.17551,366,9.79,37.71
438500.0,2786500.0,56.38959,25.19338,361,82.53,12.82
298500.0,2773500.0,55.00239,25.06379,360,135.84,36.87
312500.0,2775500.0,55.14085,25.08365,358,23.02,1.87
263500.0,2745500.0,54.6604,24.80606,346,48.96,7.66
436500.0,2803500.0,56.36895,25.34681,343,111.92,2.62
440500.0,2783500.0,56.40957,25.16637,333,176.29,6.64
438500.0,2782500.0,56.38977,25.15726,332,142.24,16.75
442500.0,2785500.0,56.42933,25.18451,326,23.33,30.97
310500.0,2776500.0,55.12089,25.09242,323,126.57,2.88
262500.0,2744500.0,54.65069,24.79688,316,88.49,4.72
325500.0,2796500.0,55.26703,25.27477,314,112.44,8.47
349500.0,2817500.0,55.50297,25.46695,311,127.66,1.2
324500.0,2796500.0,55.2571,25.27465,309,68.22,3.35
336500.0,2806500.0,55.37503,25.36628,306,28.55,1.49
264500.0,2748500.0,54.66978,24.83329,301,128.23,13.51
312500.0,2774500.0,55.14099,25.07462,293,53.13,5.65
311500.0,2775500.0,55.13094,25.08352,290,103.34,1.82
437500.0,2805500.0,56.37879,25.36491,289,6.72,11.2
438500.0,2785500.0,56.38964,25.18435,286,64.65,13.7
264500.0,2747500.0,54.66995,24.82426,283,57.86,4.95
300500.0,2770500.0,55.02265,25.03698,281,134.83,73.66
304500.0,2766500.0,55.06284,25.0014,279,43.65,7.52
325500.0,2794500.0,55.26728,25.25672,278,120.85,1.18
444500.0,2784500.0,56.44922,25.17555,277,6.78,15.45
404500.0,2873500.0,56.04595,25.97714,274,115.08,3.91
288500.0,2761500.0,54.90515,24.95413,270,9.36,1.87
441500.0,2783500.0,56.4195,25.16641,270,179.88,19.08
443500.0,2785500.0,56.43926,25.18454,262,25.57,14.56
404500.0,2874500.0,56.04588,25.98616,260,115.02,2.19
303500.0,2767500.0,55.05279,25.0103,252,102.44,6.02
296500.0,2774500.0,54.98243,25.07255,248,152.94,11.37
219500.0,2709500.0,54.23267,24.47387,246,88.37,13.06
297500.0,2774500.0,54.99234,25.07269,245,141.35,12.51
299500.0,2767500.0,55.01318,25.00977,242,91.14,20.48
445500.0,2785500.0,56.45911,25.18462,241,13.25,13.33
405500.0,2873500.0,56.05594,25.9772,239,173.03,1.73
299500.0,2766500.0,55.01332,25.00075,232,61.73,8.53
297500.0,2769500.0,54.99307,25.02756,228,12.28,2.91
309500.0,2777500.0,55.11084,25.10132,228,128.18,37.77
441500.0,2785500.0,56.41941,25.18447,227,23.82,29.17
436500.0,2786500.0,56.36974,25.1933,225,165.38,14.72
439500.0,2781500.0,56.39974,25.14827,220,129.91,11.61
263500.0,2749500.0,54.65973,24.84216,220,118.34,5.29
296500.0,2775500.0,54.98228,25.08158,218,136.96,99.87
299500.0,2771500.0,55.01259,25.04588,218,135.71,31.71
219500.0,2708500.0,54.23287,24.46485,218,83.8,16.68
305500.0,2765500.0,55.07289,24.9925,214,56.88,1.33
405500.0,2871500.0,56.05609,25.95914,214,123.14,4.79
310500.0,2774500.0,55.12117,25.07437,212,94.04,5.13
262500.0,2745500.0,54.65052,24.80591,211,48.08,4.86
443500.0,2782500.0,56.43938,25.15745,206,171.98,8.99
335500.0,2807500.0,55.36497,25.3752,205,137.33,3.77
350500.0,2817500.0,55.51291,25.46705,200,79.12,1.65
288500.0,2762500.0,54.90499,24.96315,200,72.18,1.64
295500.0,2776500.0,54.97222,25.09047,197,137.04,12.82
313500.0,2778500.0,55.15036,25.11085,197,92.35,3.42
442500.0,2783500.0,56.42942,25.16645,193,0.74,52.58
444500.0,2782500.0,56.4493,25.15749,190,172.75,86.93
447500.0,2786500.0,56.47892,25.19372,189,37.15,2.22
305500.0,2764500.0,55.07303,24.98348,184,41.84,12.59
163500.0,2757500.0,53.66937,24.89553,184,129.97,7.39
440500.0,2782500.0,56.40962,25.15734,181,144.99,5.86
234500.0,2717500.0,54.37903,24.54869,181,139.8,45.08
220500.0,2718500.0,54.24075,24.55524,177,91.97,44.85
315500.0,2780500.0,55.16992,25.12915,175,45.15,7.26
317500.0,2787500.0,55.18881,25.19258,175,61.21,4.53
438500.0,2805500.0,56.38873,25.36495,174,179.81,20.77
310500.0,2775500.0,55.12103,25.0834,174,120.8,8.63
444500.0,2785500.0,56.44918,25.18458,172,17.36,7.27
252500.0,2737500.0,54.55308,24.73214,172,167.76,6.83
443500.0,2786500.0,56.43922,25.19357,170,33.23,14.36
207500.0,2734500.0,54.10922,24.69716,170,175.63,271.61
332500.0,2851500.0,55.32966,25.77203,170,24.24,10.88
438500.0,2787500.0,56.38955,25.20241,169,90.73,5.64
445500.0,2783500.0,56.45919,25.16656,169,6.21,3.86
436500.0,2804500.0,56.3689,25.35584,169,112.53,4.18
297500.0,2773500.0,54.99249,25.06366,167,140.14,23.76
318500.0,2788500.0,55.1986,25.20173,167,53.43,7.43
445500.0,2779500.0,56.45935,25.13044,166,28.21,1.66
444500.0,2786500.0,56.44914,25.19361,165,30.23,3.4
445500.0,2784500.0,56.45915,25.17559,163,8.66,14.55
288500.0,2763500.0,54.90484,24.97218,163,77.35,13.64
325500.0,2797500.0,55.2669,25.2838,161,97.14,7.41
235500.0,2716500.0,54.38908,24.53983,161,110.69,5.55
445500.0,2786500.0,56.45907,25.19365,161,34.43,7.2
298500.0,2772500.0,55.00254,25.05477,159,140.52,29.6
447500.0,2783500.0,56.47903,25.16663,156,8.43,3.28
445500.0,2787500.0,56.45903,25.20268,155,41.67,3.3
445500.0,2782500.0,56.45923,25.15753,153,171.8,9.92
257500.0,2737500.0,54.60248,24.73293,153,111.0,3.02
319500.0,2785500.0,55.20892,25.17477,152,26.87,1.92
446500.0,2786500.0,56.46899,25.19368,150,18.4,8.69
218500.0,2727500.0,54.21923,24.63607,150,122.4,65.22
447500.0,2787500.0,56.47888,25.20275,150,76.4,2.34
219500.0,2707500.0,54.23306,24.45583,150,92.52,62.18
325500.0,2793500.0,55.26741,25.24769,147,143.77,2.36
232500.0,2715500.0,54.35968,24.5303,147,81.76,1.61
378500.0,2888500.0,55.78486,26.11061,147,44.1,204.03
447500.0,2789500.0,56.4788,25.22081,146,92.4,1.67
446500.0,2785500.0,56.46903,25.18465,144,16.04,6.13
174500.0,2734500.0,53.78346,24.69053,144,179.77,372.4
219500.0,2721500.0,54.23029,24.58212,141,97.28,6.67
219500.0,2725500.0,54.2295,24.61821,140,109.64,24.16
440500.0,2780500.0,56.4097,25.13928,139,114.79,7.6
295500.0,2775500.0,54.97237,25.08144,138,149.53,10.85
318500.0,2785500.0,55.199,25.17465,138,30.87,1.64
404500.0,2872500.0,56.04603,25.96811,137,122.83,74.56
444500.0,2783500.0,56.44926,25.16652,136,0.05,8.63
315500.0,2839500.0,55.16186,25.66168,136,38.51,5.0
296500.0,2814500.0,54.97645,25.43356,136,58.07,12.45
333500.0,2852500.0,55.3395,25.78117,136,40.28,17.54
317500.0,2786500.0,55.18895,25.18355,136,165.1,1.28
220500.0,2717500.0,54.24095,24.54622,135,91.88,51.41
263500.0,2748500.0,54.6599,24.83313,133,39.82,2.25
442500.0,2806500.0,56.42845,25.37414,132,4.17,24.35
288500.0,2764500.0,54.90469,24.9812,132,91.56,7.91
317500.0,2785500.0,55.18908,25.17453,132,133.42,1.07
258500.0,2734500.0,54.61287,24.70602,131,131.33,8.41
381500.0,2891500.0,55.81458,26.13794,131,46.08,36.48
437500.0,2788500.0,56.37958,25.2114,131,55.1,1.65
337500.0,2806500.0,55.38496,25.36639,131,80.03,1.22
328500.0,2796500.0,55.29681,25.27512,131,27.88,1.87
439500.0,2782500.0,56.39969,25.1573,129,153.22,7.75
178500.0,2733500.0,53.82317,24.68235,129,178.55,293.67
218500.0,2725500.0,54.21963,24.61803,128,104.01,24.3
318500.0,2786500.0,55.19887,25.18367,128,3.22,3.21
294500.0,2776500.0,54.96231,25.09033,127,147.91,28.65
365500.0,2879500.0,55.6558,26.02821,127,36.87,236.93
315500.0,2838500.0,55.162,25.65266,126,116.36,1.8
444500.0,2787500.0,56.4491,25.20264,126,50.18,3.0
234500.0,2715500.0,54.37941,24.53064,126,25.6,2.12
448500.0,2787500.0,56.4888,25.20279,124,5.66,1.76
335500.0,2853500.0,55.35932,25.79043,124,30.21,60.66
446500.0,2784500.0,56.46907,25.17562,124,25.18,6.39
445500.0,2789500.0,56.45895,25.22074,124,79.08,6.57
437500.0,2806500.0,56.37875,25.37394,124,21.11,24.82
380500.0,2890500.0,55.80467,26.12883,123,46.01,17.32
442500.0,2782500.0,56.42946,25.15742,123,168.45,105.9
251500.0,2734500.0,54.54373,24.7049,123,46.75,8.81
446500.0,2782500.0,56.46915,25.15756,123,176.0,6.49
445500.0,2788500.0,56.45899,25.21171,122,51.68,4.01
309500.0,2780500.0,55.11043,25.1284,122,61.82,21.67
444500.0,2781500.0,56.44935,25.14846,122,165.69,36.89
331500.0,2799500.0,55.32622,25.30254,122,88.89,4.55
448500.0,2782500.0,56.48899,25.15763,121,167.82,3.31
309500.0,2834500.0,55.10283,25.61579,121,119.71,89.88
344500.0,2858500.0,55.44847,25.83654,120,27.44,20.5
324500.0,2844500.0,55.25084,25.70791,120,37.29,51.78
204500.0,2734500.0,54.0796,24.69658,120,178.48,214.72
335500.0,2830500.0,55.36216,25.58281,120,71.22,254.18
441500.0,2780500.0,56.41962,25.13932,119,138.71,8.29
202500.0,2734500.0,54.05986,24.6962,119,0.47,56.77
314500.0,2779500.0,55.16014,25.12,119,45.45,16.67
327500.0,2795500.0,55.28701,25.26597,119,47.23,10.93
448500.0,2783500.0,56.48896,25.16666,118,148.39,2.2
381500.0,2886500.0,55.81504,26.0928,118,114.46,42.53
252500.0,2736500.0,54.55326,24.72311,118,158.82,1.71
347500.0,2818500.0,55.48297,25.47578,117,92.05,2.44
253500.0,2735500.0,54.56331,24.71425,117,166.91,7.21
448500.0,2784500.0,56.48892,25.17569,117,5.63,2.41
339500.0,2854500.0,55.39908,25.7999,116,36.7,19.63
251500.0,2737500.0,54.5432,24.73197,116,2.18,68.45
220500.0,2719500.0,54.24055,24.56426,116,93.38,46.25
287500.0,2783500.0,54.89185,25.15253,116,132.51,2.66
446500.0,2790500.0,56.46884,25.22981,115,96.73,4.97
335500.0,2806500.0,55.36509,25.36617,114,83.61,5.38
293500.0,2776500.0,54.9524,25.09019,114,151.83,16.8
219500.0,2720500.0,54.23049,24.5731,114,168.92,1.32
324500.0,2800500.0,55.25658,25.31076,114,163.14,6.12
356500.0,2868500.0,55.56708,25.92804,113,48.12,3.96
316500.0,2840500.0,55.17168,25.67083,113,41.58,9.66
448500.0,2792500.0,56.48862,25.24794,113,93.84,1.6
208500.0,2734500.0,54.11909,24.69735,113,173.94,238.47
321500.0,2843500.0,55.22108,25.69853,113,12.03,8.82
328500.0,2850500.0,55.28991,25.76254,113,31.71,13.47
309500.0,2781500.0,55.11029,25.13743,112,42.72,4.8
313500.0,2846500.0,55.14097,25.72461,112,41.49,3.95
446500.0,2783500.0,56.46911,25.16659,112,1.18,4.59
440500.0,2781500.0,56.40966,25.14831,112,127.78,7.77
326500.0,2796500.0,55.27695,25.27488,111,8.78,1.79
219500.0,2711500.0,54.23227,24.49191,111,82.16,38.64
335500.0,2829500.0,55.36228,25.57379,111,115.75,2.73
347500.0,2864500.0,55.4777,25.89102,110,38.0,22.69
327500.0,2851500.0,55.27982,25.77145,110,26.91,4.81
218500.0,2726500.0,54.21943,24.62705,110,115.17,191.3
365500.0,2901500.0,55.65352,26.22681,110,20.17,28.58
346500.0,2820500.0,55.47279,25.49373,110,128.6,144.35
299500.0,2769500.0,55.01289,25.02782,109,141.54,42.41
331500.0,2851500.0,55.31969,25.77192,109,16.48,24.58
443500.0,2783500.0,56.43934,25.16648,108,179.49,117.93
438500.0,2788500.0,56.3895,25.21144,108,81.62,3.52
443500.0,2805500.0,56.43843,25.36515,108,176.91,116.51
349500.0,2866500.0,55.49743,25.90928,108,39.2,84.74
356500.0,2867500.0,55.56719,25.91902,107,44.55,187.68
438500.0,2806500.0,56.38869,25.37398,107,17.9,47.39
439500.0,2790500.0,56.39934,25.22954,107,69.9,3.04
442500.0,2786500.0,56.42929,25.19354,107,34.99,34.15
306500.0,2842500.0,55.0718,25.6876,107,27.54,39.05
220500.0,2716500.0,54.24115,24.5372,106,101.31,3.24
312500.0,2851500.0,55.1303,25.76961,106,102.11,125.69
252500.0,2721500.0,54.55589,24.58776,106,150.21,766.34
327500.0,2796500.0,55.28688,25.275,105,40.98,5.28
292500.0,2778500.0,54.94219,25.10811,105,159.51,9.43
219500.0,2724500.0,54.2297,24.60919,105,94.61,15.55
314500.0,2844500.0,55.15121,25.70668,105,144.38,645.32
307500.0,2830500.0,55.08349,25.57943,105,47.73,27.86
331500.0,2850500.0,55.31982,25.76289,104,30.67,24.3
318500.0,2794500.0,55.1978,25.25588,104,117.91,23.62
314500.0,2841500.0,55.15163,25.67961,104,44.22,5.39
334500.0,2853500.0,55.34935,25.79031,104,35.03,22.64
389500.0,2898500.0,55.894,26.20177,103,43.48,180.37
241500.0,2834500.0,54.42609,25.60544,103,52.33,2.35
327500.0,2850500.0,55.27995,25.76243,103,14.57,5.26
290500.0,2782500.0,54.92175,25.14393,103,117.14,27.31
262500.0,2747500.0,54.65018,24.82395,103,71.09,1.55
444500.0,2806500.0,56.44833,25.37422,102,7.84,16.71
219500.0,2723500.0,54.2299,24.60017,102,86.11,7.51
219500.0,2719500.0,54.23069,24.56408,102,87.81,34.09
378500.0,2878500.0,55.78579,26.02033,102,161.85,24.52
295500.0,2769500.0,54.97326,25.02729,102,32.79,2.9
356500.0,2872500.0,55.56664,25.96415,101,36.82,150.39
441500.0,2806500.0,56.41851,25.3741,101,178.46,15.79
313500.0,2850500.0,55.1404,25.76071,101,111.71,10.86
312500.0,2810500.0,55.13604,25.39956,101,26.21,1.93
379500.0,2844500.0,55.79889,25.71346,101,100.14,1.55
288500.0,2783500.0,54.90177,25.15268,101,131.51,10.65
442500.0,2779500.0,56.42959,25.13032,101,177.99,13.97
290500.0,2783500.0,54.9216,25.15296,101,95.26,3.28
294500.0,2767500.0,54.96365,25.0091,101,72.8,4.11
336500.0,2854500.0,55.36916,25.79956,100,30.11,47.13
290500.0,2781500.0,54.9219,25.13491,100,126.0,3.29
325500.0,2815500.0,55.26458,25.44627,100,140.71,2.13
294500.0,2768500.0,54.9635,25.01813,100,65.87,7.25
294500.0,2785500.0,54.96096,25.17156,99,140.12,2.39
444500.0,2779500.0,56.44943,25.1304,99,9.71,9.93
448500.0,2786500.0,56.48884,25.19375,99,16.51,4.41
323500.0,2843500.0,55.24101,25.69877,99,40.63,28.99
381500.0,2890500.0,55.81468,26.12891,99,44.47,32.81
362500.0,2874500.0,55.62635,25.98279,99,42.02,150.02
263500.0,2744500.0,54.66057,24.79704,99,69.34,3.89
315500.0,2811500.0,55.16571,25.40896,99,28.6,12.86
300500.0,2820500.0,55.01532,25.48825,98,54.53,17.93
405500.0,2870500.0,56.05616,25.95011,98,22.86,2.71
362500.0,2875500.0,55.62624,25.99182,98,40.07,65.91
318500.0,2847500.0,55.19065,25.73426,98,22.72,19.41
326500.0,2851500.0,55.26985,25.77133,98,28.17,18.24
446500.0,2789500.0,56.46887,25.22078,97,123.3,3.11
298500.0,2814500.0,54.99633,25.43383,97,51.48,38.3
343500.0,2857500.0,55.43861,25.82741,97,30.64,59.65
246500.0,2806500.0,54.48111,25.3537,97,167.56,1.77
402500.0,2911500.0,56.02312,26.32008,97,40.28,2.29
284500.0,2808500.0,54.85815,25.37772,97,45.88,1.71
366500.0,2880500.0,55.66569,26.03733,97,38.0,270.64
387500.0,2899500.0,55.8739,26.21064,97,46.63,92.18
231500.0,2716500.0,54.34963,24.53915,96,133.86,2.94
325500.0,2800500.0,55.26651,25.31087,96,131.31,1.82
219500.0,2710500.0,54.23247,24.48289,96,114.05,2.48
294500.0,2777500.0,54.96216,25.09936,96,133.75,131.47
200500.0,2733500.0,54.04032,24.68679,96,179.32,1020.97
377500.0,2888500.0,55.77486,26.11052,96,45.32,58.99
345500.0,2821500.0,55.46273,25.50265,96,128.68,138.31
439500.0,2806500.0,56.39863,25.37402,96,4.57,26.02
296500.0,2769500.0,54.98317,25.02742,95,39.57,2.91
211500.0,2733500.0,54.14892,24.68889,95,91.44,290.63
231500.0,2715500.0,54.34982,24.53012,95,152.07,2.62
168500.0,2757500.0,53.71879,24.89662,95,48.4,1.82
333500.0,2856500.0,55.339,25.81728,95,39.88,248.15
337500.0,2854500.0,55.37914,25.79968,95,32.38,99.19
393500.0,2904500.0,55.93354,26.25624,95,55.97,35.59
446500.0,2787500.0,56.46895,25.20272,94,47.12,4.07
316500.0,2839500.0,55.17182,25.66181,94,26.06,2.33
437500.0,2787500.0,56.37962,25.20237,94,115.34,13.15
261500.0,2733500.0,54.64268,24.69747,94,10.99,17.79
212500.0,2733500.0,54.15879,24.68908,94,162.78,2.34
230500.0,2716500.0,54.33977,24.53897,94,151.37,2.49
445500.0,2791500.0,56.45887,25.2388,94,85.0,11.75
220500.0,2710500.0,54.24233,24.48307,94,58.5,1.85
333500.0,2809500.0,55.34485,25.39303,94,122.14,4.05
326500.0,2830500.0,55.27258,25.58178,94,113.41,9.87
294500.0,2766500.0,54.9638,25.00008,94,126.38,1.19
262500.0,2734500.0,54.65239,24.70664,93,44.98,3.59
292500.0,2779500.0,54.94204,25.11713,93,144.03,8.81
445500.0,2790500.0,56.45891,25.22977,93,87.99,12.04
215500.0,2732500.0,54.18861,24.68062,93,129.97,85.86
320500.0,2840500.0,55.21152,25.67133,93,38.11,63.46
189500.0,2835500.0,53.90864,25.60443,93,140.49,92.55
323500.0,2817500.0,55.24443,25.46409,93,14.13,10.79
318500.0,2784500.0,55.19913,25.16562,92,27.78,2.18
381500.0,2892500.0,55.81449,26.14697,92,51.17,92.63
206500.0,2734500.0,54.09935,24.69697,92,176.61,249.78
447500.0,2788500.0,56.47884,25.21178,92,44.11,5.73
311500.0,2838500.0,55.12217,25.65215,92,33.19,9.45
382500.0,2891500.0,55.82459,26.13802,92,46.42,9.89
379500.0,2889500.0,55.79477,26.11972,92,42.56,27.85
324500.0,2848500.0,55.25031,25.74402,92,20.72,59.89
315500.0,2841500.0,55.16159,25.67973,92,56.38,2.17
257500.0,2716500.0,54.60609,24.54344,92,3.46,70.4
370500.0,2874500.0,55.70625,25.98353,92,49.03,135.87
393500.0,2903500.0,55.93362,26.24721,92,68.81,8.08
286500.0,2829500.0,54.87469,25.56752,92,92.13,19.64
256500.0,2736500.0,54.59277,24.72375,91,43.69,9.83
448500.0,2785500.0,56.48888,25.18472,91,14.82,7.39
308500.0,2844500.0,55.09144,25.70591,91,23.56,78.54
372500.0,2882500.0,55.72545,26.05592,90,43.09,20.92
303500.0,2763500.0,55.05336,24.97419,90,41.78,2.65
312500.0,2845500.0,55.13114,25.71545,90,25.93,34.22
298500.0,2818500.0,54.99573,25.46993,90,60.0,3.27
168500.0,2758500.0,53.71855,24.90564,90,108.81,2.45
313500.0,2844500.0,55.14125,25.70656,90,8.08,4.63
345500.0,2858500.0,55.45844,25.83665,90,31.86,55.91
347500.0,2819500.0,55.48285,25.4848,90,131.77,5.31
219500.0,2718500.0,54.23089,24.55506,90,87.54,19.21
236500.0,2843500.0,54.37457,25.68574,90,39.6,214.09
214500.0,2734500.0,54.17833,24.69847,90,172.28,4.3
290500.0,2838500.0,54.91307,25.64931,90,86.2,74.39
390500.0,2898500.0,55.90401,26.20185,89,42.88,136.86
443500.0,2806500.0,56.43839,25.37418,89,6.66,63.32
322500.0,2842500.0,55.23118,25.68962,89,20.42,3.37
264500.0,2808500.0,54.6595,25.37469,89,173.26,3.67
310500.0,2839500.0,55.11207,25.66105,89,34.05,10.8
323500.0,2845500.0,55.24074,25.71682,89,23.86,17.53
344500.0,2822500.0,55.45267,25.51157,89,113.42,3.12
438500.0,2789500.0,56.38946,25.22047,89,81.32,30.5
299500.0,2776500.0,55.01187,25.091,88,51.2,403.41
295500.0,2805500.0,54.96788,25.3522,88,74.72,6.5
313500.0,2779500.0,55.15022,25.11988,88,52.49,13.97
366500.0,2879500.0,55.66579,26.0283,88,37.08,138.4
324500.0,2794500.0,55.25736,25.2566,88,103.45,3.27
318500.0,2846500.0,55.19079,25.72523,88,18.72,7.03
212500.0,2734500.0,54.15859,24.6981,88,155.07,3.25
310500.0,2845500.0,55.11122,25.7152,88,25.86,14.32
340500.0,2855500.0,55.40893,25.80903,88,39.09,45.04
296500.0,2768500.0,54.98331,25.0184,88,55.94,8.72
169500.0,2757500.0,53.72868,24.89684,88,133.87,5.96
440500.0,2791500.0,56.40922,25.23861,88,53.05,5.94
376500.0,2885500.0,55.76514,26.08335,88,34.77,88.83
289500.0,2838500.0,54.90312,25.64917,88,162.5,8.46
390500.0,2899500.0,55.90393,26.21088,87,42.61,178.15
376500.0,2888500.0,55.76486,26.11044,87,39.04,29.94
291500.0,2777500.0,54.93243,25.09894,87,150.82,41.11
315500.0,2809500.0,55.16599,25.39091,87,40.83,30.11
388500.0,2898500.0,55.884,26.20169,87,44.76,85.37
257500.0,2736500.0,54.60265,24.72391,87,105.76,116.38
332500.0,2801500.0,55.3359,25.3207,87,83.12,269.14
325500.0,2845500.0,55.26067,25.71706,87,36.24,46.39
288500.0,2784500.0,54.90161,25.1617,87,105.41,4.33
318500.0,2849500.0,55.19038,25.75231,87,58.77,1.58
253500.0,2818500.0,54.54843,25.46314,87,17.71,40.72
265500.0,2747500.0,54.67984,24.82442,86,81.61,9.58
440500.0,2805500.0,56.40861,25.36503,86,173.16,53.74
310500.0,2859500.0,55.10921,25.84155,86,98.88,5.56
319500.0,2839500.0,55.2017,25.66218,86,39.73,76.08
442500.0,2804500.0,56.42853,25.35608,86,163.27,76.15
319500.0,2842500.0,55.20129,25.68926,86,27.88,15.55
363500.0,2900500.0,55.63361,26.21759,86,33.87,131.81
308500.0,2836500.0,55.09259,25.63371,85,31.16,29.97
441500.0,2782500.0,56.41954,25.15738,85,170.06,63.27
282500.0,2790500.0,54.84116,25.21499,85,7.74,32.44
299500.0,2819500.0,55.00553,25.47909,85,65.4,3.85
395500.0,2902500.0,55.95373,26.23833,85,125.3,204.92
205500.0,2734500.0,54.08947,24.69678,85,179.9,173.13
219500.0,2727500.0,54.2291,24.63625,85,131.04,54.74
320500.0,2788500.0,55.21844,25.20197,85,150.95,1.9
175500.0,2734500.0,53.79333,24.69074,85,0.58,154.98
369500.0,2873500.0,55.69636,25.97441,85,50.1,832.34
386500.0,2898500.0,55.86398,26.20154,85,50.48,37.18
314500.0,2806500.0,55.15646,25.36371,84,122.7,3.35
436500.0,2787500.0,56.3697,25.20233,84,167.02,2.31
399500.0,2876500.0,55.99578,26.00388,84,154.85,16.3
445500.0,2781500.0,56.45927,25.1485,84,168.4,18.07
325500.0,2799500.0,55.26664,25.30185,84,129.13,4.21
164500.0,2757500.0,53.67925,24.89575,84,113.69,2.02
327500.0,2852500.0,55.27969,25.78048,84,12.74,1.67
220500.0,2714500.0,54.24154,24.51916,84,84.32,4.16
312500.0,2838500.0,55.13213,25.65228,84,26.4,29.38
310500.0,2781500.0,55.1202,25.13756,84,32.94,21.86
386500.0,2899500.0,55.86389,26.21057,84,53.17,139.21
348500.0,2865500.0,55.48756,25.90015,84,41.16,237.22
380500.0,2886500.0,55.80504,26.09272,84,119.98,3.1
311500.0,2845500.0,55.12118,25.71533,84,21.59,173.34
235500.0,2842500.0,54.36481,25.67654,84,40.8,723.16
343500.0,2823500.0,55.4426,25.5205,84,136.83,4.87
294500.0,2836500.0,54.95321,25.63182,84,8.02,24.79
373500.0,2910500.0,55.73271,26.30878,84,49.97,551.96
446500.0,2800500.0,56.46844,25.32011,84,177.89,6.02
255500.0,2773500.0,54.57638,25.05745,84,6.46,2.17
352500.0,2869500.0,55.52703,25.93667,84,37.27,425.17
448500.0,2790500.0,56.48869,25.22988,83,60.71,3.1
448500.0,2791500.0,56.48865,25.23891,83,60.37,1.6
260500.0,2733500.0,54.6328,24.69731,83,176.22,29.11
440500.0,2806500.0,56.40857,25.37406,83,5.27,32.31
266500.0,2839500.0,54.67397,25.65472,83,172.18,2.94
304500.0,2828500.0,55.05393,25.56098,83,29.61,3.71
286500.0,2770500.0,54.88396,25.03507,83,55.78,20.48
287500.0,2790500.0,54.89076,25.21571,83,147.39,2.61
301500.0,2816500.0,55.02585,25.45228,83,14.57,1.11
312500.0,2836500.0,55.13241,25.63423,83,39.45,13.78
314500.0,2848500.0,55.15065,25.74279,83,177.58,1.57
217500.0,2728500.0,54.20916,24.6449,82,124.06,60.1
447500.0,2782500.0,56.47907,25.1576,82,174.32,13.18
179500.0,2733500.0,53.83304,24.68256,82,0.15,159.34
439500.0,2786500.0,56.39952,25.19342,82,59.65,4.34
307500.0,2843500.0,55.08162,25.69676,82,20.85,20.77
311500.0,2839500.0,55.12203,25.66117,82,39.57,93.94
443500.0,2787500.0,56.43918,25.20261,82,38.61,4.54
262500.0,2748500.0,54.65001,24.83298,82,163.97,2.25
443500.0,2781500.0,56.43942,25.14842,81,166.92,3.87
320500.0,2842500.0,55.21125,25.68938,81,32.86,8.16
267500.0,2839500.0,54.68393,25.65488,81,167.7,5.51
322500.0,2844500.0,55.23091,25.70767,81,28.05,10.61
323500.0,2840500.0,55.2414,25.67169,81,142.56,14.34
245500.0,2848500.0,54.46322,25.73243,81,142.94,37.41
190500.0,2757500.0,53.9363,24.90125,81,48.58,5055.7
313500.0,2832500.0,55.14292,25.59825,81,131.9,1.38
334500.0,2808500.0,55.35491,25.38411,81,153.89,22.34
250500.0,2733500.0,54.53403,24.69572,80,36.37,98.74
219500.0,2716500.0,54.23129,24.53702,80,98.27,4.43
252500.0,2735500.0,54.55343,24.71409,80,50.81,3.55
326500.0,2849500.0,55.27011,25.75328,80,21.53,25.59
448500.0,2793500.0,56.48858,25.25697,80,61.31,2.01
199500.0,2733500.0,54.03045,24.6866,80,179.68,275.12
295500.0,2838500.0,54.96286,25.65001,80,8.39,37.86
336500.0,2807500.0,55.37491,25.37531,80,90.59,3.21
335500.0,2808500.0,55.36485,25.38423,80,130.21,4.81
310500.0,2837500.0,55.11236,25.643,80,34.11,8.95
325500.0,2813500.0,55.26484,25.42822,80,143.73,7.04
312500.0,2831500.0,55.13311,25.5891,80,61.54,47.87
348500.0,2819500.0,55.4928,25.48491,80,113.53,16.01
447500.0,2790500.0,56.47876,25.22984,79,94.77,2.36
249500.0,2736500.0,54.52362,24.72263,79,35.69,9.06
438500.0,2790500.0,56.38941,25.2295,79,76.0,4.92
319500.0,2786500.0,55.20879,25.18379,79,168.34,1.23
324500.0,2798500.0,55.25684,25.2927,79,23.77,5.95
218500.0,2729500.0,54.21883,24.65411,79,128.03,60.32
254500.0,2735500.0,54.57319,24.71441,79,23.16,1.1
293500.0,2821500.0,54.94556,25.49632,79,134.86,10.49
361500.0,2874500.0,55.61636,25.98269,79,41.03,103.16
377500.0,2887500.0,55.77495,26.10149,79,45.84,120.13
294500.0,2822500.0,54.95536,25.50548,79,134.98,2.1
298500.0,2765500.0,55.00356,24.99159,79,24.22,4.19
447500.0,2785500.0,56.47896,25.18469,78,19.98,3.21
324500.0,2845500.0,55.2507,25.71694,78,27.26,2.71
446500.0,2779500.0,56.46927,25.13047,78,126.64,4.57
311500.0,2782500.0,55.12998,25.14671,78,14.48,5.04
166500.0,2758500.0,53.69878,24.9052,78,95.94,1.45
303500.0,2839500.0,55.04236,25.66013,78,30.2,101.85
336500.0,2853500.0,55.36929,25.79054,78,28.07,51.89
446500.0,2807500.0,56.46817,25.38332,78,12.76,5.52
256500.0,2774500.0,54.58611,25.06663,78,91.31,2.07
297500.0,2807500.0,54.98744,25.37052,78,41.03,2.68
200500.0,2708500.0,54.04562,24.4613,78,113.61,8.17
218500.0,2728500.0,54.21903,24.64509,77,130.69,78.05
324500.0,2797500.0,55.25697,25.28368,77,81.36,5.1
305500.0,2829500.0,55.06374,25.57014,77,45.32,5.14
446500.0,2806500.0,56.46821,25.37429,77,10.53,5.97
250500.0,2737500.0,54.53332,24.73181,77,9.15,15.34
347500.0,2869500.0,55.47712,25.93616,77,27.84,28.01
221500.0,2716500.0,54.25101,24.53738,77,127.36,5.5
350500.0,2867500.0,55.50729,25.91841,77,37.28,84.12
350500.0,2866500.0,55.50741,25.90939,77,39.93,891.25
388500.0,2900500.0,55.88382,26.21975,77,44.34,203.96
220500.0,2715500.0,54.24134,24.52818,77,89.14,4.26
328500.0,2811500.0,55.29491,25.41052,77,163.92,6.41
168500.0,2732500.0,53.72472,24.67121,77,178.22,665.18
265500.0,2744500.0,54.68035,24.79735,77,120.35,23.31
310500.0,2813500.0,55.11574,25.42638,77,93.6,137.69
347500.0,2859500.0,55.47828,25.84589,76,32.32,273.36
442500.0,2805500.0,56.42849,25.36511,76,176.19,67.24
398500.0,2908500.0,55.98329,26.29272,76,43.8,617.35
314500.0,2846500.0,55.15093,25.72473,76,19.76,3.92
380500.0,2889500.0,55.80477,26.1198,76,48.19,8.11
165500.0,2747500.0,53.69154,24.80581,76,176.35,4.61
171500.0,2755500.0,53.74892,24.87924,76,168.99,60.26
285500.0,2829500.0,54.86474,25.56737,76,83.72,55.72
347500.0,2820500.0,55.48274,25.49383,76,123.65,17.74
363500.0,2875500.0,55.63623,25.99191,75,44.38,59.24
265500.0,2808500.0,54.66943,25.37485,75,162.36,9.0
392500.0,2900500.0,55.92386,26.22006,75,40.42,471.82
287500.0,2769500.0,54.89402,25.02619,75,129.83,81.07
332500.0,2800500.0,55.33603,25.31168,75,84.87,6.46
293500.0,2778500.0,54.9521,25.10824,75,139.07,53.32
314500.0,2807500.0,55.15632,25.37273,75,104.07,3.97
264500.0,2814500.0,54.65845,25.42883,75,127.13,10951.92
290500.0,2796500.0,54.9196,25.27028,75,51.92,1.77
335500.0,2828500.0,55.36241,25.56476,75,131.28,4.67
282500.0,2833500.0,54.83424,25.60303,75,16.47,4973.06
307500.0,2829500.0,55.08364,25.5704,74,44.47,108.29
373500.0,2883500.0,55.73535,26.06504,74,44.48,8.24
294500.0,2774500.0,54.96261,25.07228,74,139.32,236.12
297500.0,2770500.0,54.99293,25.03658,74,79.89,100.27
262500.0,2786500.0,54.64347,25.17587,74,63.73,154.16
241500.0,2827500.0,54.42744,25.54229,74,82.14,1103.04
294500.0,2804500.0,54.9581,25.34303,74,30.93,4.22
348500.0,2818500.0,55.49291,25.47588,74,108.41,5.31
284500.0,2807500.0,54.85831,25.3687,74,19.09,29.11
293500.0,2803500.0,54.94832,25.33387,74,68.56,3.96
288500.0,2830500.0,54.89443,25.57683,74,87.77,25.88
262500.0,2809500.0,54.63946,25.3834,74,108.73,490.3
289500.0,2776500.0,54.91276,25.08964,73,155.53,7.67
292500.0,2776500.0,54.94249,25.09006,73,147.19,26.21
318500.0,2845500.0,55.19092,25.71621,73,179.43,61.65
445500.0,2807500.0,56.45823,25.38329,73,15.94,11.21
400500.0,2906500.0,56.00347,26.2748,73,42.14,283.2
264500.0,2749500.0,54.66962,24.84231,73,128.97,23.68
341500.0,2825500.0,55.42247,25.53834,73,132.6,3.05
308500.0,2778500.0,55.10079,25.11022,73,93.33,11.3
401500.0,2910500.0,56.01318,26.31098,73,39.69,578.68
349500.0,2859500.0,55.49823,25.84609,73,41.19,199.17
367500.0,2880500.0,55.67568,26.03742,73,37.39,412.5
196500.0,2733500.0,54.00084,24.68601,73,0.48,1556.14
293500.0,2802500.0,54.94847,25.32485,73,74.72,16.75
444500.0,2780500.0,56.44939,25.13943,73,95.71,685.54
299500.0,2892500.0,54.99446,26.13788,73,94.26,41.42
446500.0,2788500.0,56.46891,25.21175,72,39.13,46.12
437500.0,2786500.0,56.37967,25.19334,72,118.83,5.64
439500.0,2785500.0,56.39956,25.18439,72,84.05,34.57
445500.0,2806500.0,56.45827,25.37426,72,3.26,22.98
302500.0,2838500.0,55.03255,25.65097,72,36.36,2.49
314500.0,2839500.0,55.15191,25.66156,72,20.47,27.68
375500.0,2887500.0,55.75496,26.10132,72,43.15,311.46
163500.0,2733500.0,53.67515,24.67914,72,179.6,323.27
338500.0,2855500.0,55.38899,25.80881,72,35.9,111.15
352500.0,2867500.0,55.52726,25.91862,72,36.98,40.52
444500.0,2778500.0,56.44947,25.12137,72,110.71,340.11
326500.0,2794500.0,55.27721,25.25683,72,127.8,2.08
180500.0,2733500.0,53.84291,24.68277,72,2.9,1617.34
297500.0,2814500.0,54.98639,25.43369,72,38.56,13.22
397500.0,2907500.0,55.97335,26.28362,72,42.73,526.28
282500.0,2793500.0,54.84068,25.24206,72,49.1,23295.61
400500.0,2909500.0,56.00324,26.30189,72,40.9,20.99
302500.0,2837500.0,55.0327,25.64194,71,147.65,3.56
439500.0,2805500.0,56.39867,25.36499,71,175.48,54.04
325500.0,2798500.0,55.26677,25.29282,71,95.23,6.19
206500.0,2735500.0,54.09914,24.70599,71,170.18,153.85
183500.0,2734500.0,53.8723,24.6924,71,179.58,322.28
217500.0,2730500.0,54.20876,24.66295,71,125.92,130.19
351500.0,2867500.0,55.51728,25.91852,71,38.44,70.21
163500.0,2749500.0,53.6713,24.8234,71,90.38,8.36
294500.0,2791500.0,54.96006,25.22571,71,95.28,15.37
170500.0,2782500.0,53.7326,25.12247,71,167.23,280.5
203500.0,2734500.0,54.06973,24.69639,71,175.51,594.7
389500.0,2897500.0,55.89409,26.19274,71,42.57,244.27
328500.0,2851500.0,55.28978,25.77157,71,20.39,14.61
283500.0,2803500.0,54.84902,25.33245,71,171.07,66.51
307500.0,2837500.0,55.08248,25.64261,71,44.41,19.2
314500.0,2780500.0,55.16,25.12903,70,51.17,14.25
444500.0,2804500.0,56.44841,25.35616,70,169.72,12.89
327500.0,2797500.0,55.28675,25.28403,70,117.32,2.71
291500.0,2780500.0,54.93197,25.12602,70,136.56,146.75
315500.0,2840500.0,55.16173,25.67071,70,67.23,2.96
342500.0,2858500.0,55.42852,25.83633,70,30.58,18.95
448500.0,2788500.0,56.48877,25.21182,70,28.78,3.7
219500.0,2722500.0,54.2301,24.59114,70,43.86,7.92
332500.0,2799500.0,55.33615,25.30265,70,137.23,1.39
330500.0,2850500.0,55.30985,25.76278,70,23.86,13.12
300500.0,2765500.0,55.02337,24.99185,70,48.29,2.1
235500.0,2853500.0,54.36262,25.77576,70,177.53,5.93
344500.0,2865500.0,55.44764,25.89973,70,35.98,313.11
303500.0,2826500.0,55.04427,25.5428,70,116.95,1.3
384500.0,2895500.0,55.84423,26.17429,70,49.18,290.26
348500.0,2858500.0,55.48837,25.83696,70,37.29,84.03
329500.0,2851500.0,55.29975,25.77169,70,21.42,30.69
320500.0,2801500.0,55.21673,25.31931,70,19.9,11.96
294500.0,2765500.0,54.96395,24.99105,70,111.34,9.59
224500.0,2812500.0,54.26148,25.40392,70,97.95,5.02
295500.0,2765500.0,54.97385,24.99119,70,146.97,2.64
365500.0,2877500.0,55.656,26.01015,69,111.3,96.77
448500.0,2780500.0,56.48907,25.13957,69,126.56,3.19
448500.0,2779500.0,56.48911,25.13054,69,136.12,10.33
449500.0,2779500.0,56.49903,25.13057,69,167.21,9.39
305500.0,2828500.0,55.06388,25.56112,69,50.53,31.32
364500.0,2901500.0,55.64351,26.22671,69,35.65,59.28
313500.0,2840500.0,55.14181,25.67045,69,31.58,18.07
414500.0,2916500.0,56.14301,26.36599,69,129.67,1396.1
295500.0,2818500.0,54.96591,25.46952,69,80.04,1317.04
378500.0,2879500.0,55.7857,26.02936,69,36.86,2.21
207500.0,2741500.0,54.10776,24.7603,69,52.84,149.62
364500.0,2875500.0,55.64622,25.992,69,36.66,158.6
401500.0,2875500.0,56.01584,25.99499,69,168.08,3.73
300500.0,2796500.0,55.01886,25.27164,69,35.58,1682.72
295500.0,2777500.0,54.97207,25.09949,68,21.12,3.93
312500.0,2782500.0,55.1399,25.14683,68,177.43,24.94
336500.0,2809500.0,55.37467,25.39336,68,100.96,1.28
165500.0,2760500.0,53.68841,24.92302,68,142.33,230.56
294500.0,2803500.0,54.95825,25.33401,68,85.19,1.45
376500.0,2887500.0,55.76496,26.10141,68,48.8,66.29
315500.0,2781500.0,55.16978,25.13818,68,38.56,3.9
322500.0,2815500.0,55.23475,25.44592,68,104.13,81.44
214500.0,2712500.0,54.18278,24.50002,68,17.16,5.33
293500.0,2795500.0,54.94953,25.26167,68,87.26,55.28
318500.0,2848500.0,55.19051,25.74329,68,136.77,2.36
294500.0,2805500.0,54.95794,25.35206,68,63.71,5.17
310500.0,2835500.0,55.11264,25.62494,68,157.35,20.89
407500.0,2911500.0,56.07321,26.32041,68,38.29,133.96
211500.0,2724500.0,54.15076,24.60771,68,93.09,3.57
199500.0,2747500.0,54.02745,24.81286,68,129.12,834.34
251500.0,2899500.0,54.51332,26.19355,68,84.19,3174.75
366500.0,2902500.0,55.66343,26.23593,68,107.63,3117.45
291500.0,2838500.0,54.92303,25.64945,68,18.18,19.93
371500.0,2882500.0,55.71546,26.05583,67,41.48,13.18
366500.0,2878500.0,55.66589,26.01927,67,35.88,9.81
308500.0,2779500.0,55.10065,25.11925,67,86.48,23.43
220500.0,2711500.0,54.24213,24.49209,67,83.13,3.58
308500.0,2833500.0,55.09302,25.60663,67,33.23,2.86
282500.0,2836500.0,54.83375,25.6301,67,133.56,1104.84
441500.0,2792500.0,56.41911,25.24768,67,68.44,55.44
309500.0,2844500.0,55.1014,25.70604,67,22.44,129.71
346500.0,2859500.0,55.4683,25.84578,67,35.63,172.0
169500.0,2745500.0,53.73152,24.78864,67,48.34,1.77
222500.0,2711500.0,54.26185,24.49245,67,83.63,1.1
339500.0,2857500.0,55.39871,25.82698,67,42.52,970.0
287500.0,2784500.0,54.8917,25.16156,67,43.69,320.92
401500.0,2911500.0,56.0131,26.32001,67,29.85,1.84
165500.0,2754500.0,53.68986,24.86892,67,36.4,6.87
355500.0,2871500.0,55.55677,25.95503,67,39.14,107.4
386500.0,2886500.0,55.86503,26.0932,67,138.48,3367.75
308500.0,2831500.0,55.0933,25.58858,67,44.95,72.98
313500.0,2838500.0,55.14209,25.6524,67,41.34,62.64
241500.0,2849500.0,54.42318,25.74075,66,57.48,3637.23
259500.0,2758500.0,54.61861,24.92274,66,129.48,27.46
266500.0,2744500.0,54.69023,24.7975,66,175.26,1.24
288500.0,2757500.0,54.90576,24.91803,66,137.44,1.39
293500.0,2777500.0,54.95225,25.09922,66,137.73,27.51
447500.0,2780500.0,56.47915,25.13954,66,65.62,2.01
209500.0,2734500.0,54.12897,24.69754,66,177.24,25.82
303500.0,2771500.0,55.05222,25.0464,66,19.47,10.46
219500.0,2726500.0,54.2293,24.62723,66,118.92,69.0
291500.0,2793500.0,54.92999,25.24334,66,3.77,163.36
225500.0,2721500.0,54.28949,24.5832,66,136.23,7.86
335500.0,2817500.0,55.36375,25.46547,66,98.98,2.22
353500.0,2862500.0,55.5378,25.87358,66,27.97,1018.76
214500.0,2732500.0,54.17874,24.68043,66,129.08,118.44
167500.0,2732500.0,53.71485,24.67099,66,90.4,3970.11
405500.0,2915500.0,56.05288,26.35639,66,33.2,188.43
184500.0,2759500.0,53.87652,24.91806,66,112.16,1101.28
317500.0,2842500.0,55.18137,25.68901,66,42.79,16.35
256500.0,2872500.0,54.56836,25.95082,66,50.2,73912.54
314500.0,2890500.0,55.14472,26.12184,66,82.16,1274.61
287500.0,2843500.0,54.88241,25.694,66,13.65,5048.93
295500.0,2774500.0,54.97252,25.07242,65,144.38,3.68
370500.0,2881500.0,55.70556,26.04672,65,41.45,100.69
294500.0,2838500.0,54.9529,25.64987,65,179.43,28.82
399500.0,2905500.0,55.99354,26.2657,65,44.02,164.1
291500.0,2779500.0,54.93212,25.11699,65,147.96,22.54
371500.0,2884500.0,55.71526,26.07389,65,29.79,79.61
289500.0,2782500.0,54.91184,25.14379,65,126.98,23.4
325500.0,2849500.0,55.26014,25.75316,65,16.9,7.67
391500.0,2902500.0,55.91368,26.23804,65,46.72,682.73
378500.0,2887500.0,55.78495,26.10158,65,44.47,227.27
219500.0,2713500.0,54.23188,24.50996,65,82.27,5.17
253500.0,2768500.0,54.55746,25.01201,65,94.5,5.36
373500.0,2905500.0,55.7332,26.26364,65,18.29,4.24
219500.0,2717500.0,54.23109,24.54604,65,87.77,13.71
230500.0,2920500.0,54.29897,26.37918,65,173.83,12331.8
299500.0,2837500.0,55.00283,25.64154,65,5.25,4.69
288500.0,2778500.0,54.90254,25.10755,65,158.92,3.9
261500.0,2752500.0,54.63943,24.86892,65,124.72,58.11
311500.0,2777500.0,55.13067,25.10158,65,29.47,3.21
289500.0,2760500.0,54.9152,24.94524,64,58.45,3.43
389500.0,2899500.0,55.89392,26.2108,64,45.64,147.84
399500.0,2909500.0,55.99323,26.30182,64,43.43,306.41
301500.0,2837500.0,55.02275,25.64181,64,3.97,48.15
306500.0,2829500.0,55.07369,25.57027,64,46.67,19.12
364500.0,2878500.0,55.64591,26.01909,64,35.07,422.35
388500.0,2897500.0,55.88408,26.19267,64,44.77,387.68
329500.0,2849500.0,55.30001,25.75363,64,37.93,12.87
265500.0,2745500.0,54.68018,24.80637,64,127.01,186.5
296500.0,2780500.0,54.98154,25.1267,64,125.72,23.2
315500.0,2810500.0,55.16585,25.39993,64,46.97,8.96
327500.0,2811500.0,55.28497,25.4104,64,74.93,2.37
371500.0,2875500.0,55.71614,25.99264,64,49.68,113.89
310500.0,2834500.0,55.11278,25.61592,64,145.6,8.05
254500.0,2819500.0,54.55818,25.47232,64,23.77,231.47
188500.0,2836500.0,53.89846,25.61323,64,141.07,448.25
317500.0,2840500.0,55.18164,25.67096,64,26.76,14.26
233500.0,2717500.0,54.36917,24.54851,64,26.33,2.69
350500.0,2868500.0,55.50718,25.92744,64,41.67,282.89
344500.0,2857500.0,55.44858,25.82752,64,25.61,46.05
387500.0,2897500.0,55.87408,26.19259,63,46.47,38.48
324500.0,2847500.0,55.25044,25.73499,63,36.7,20.32
395500.0,2895500.0,55.95429,26.17514,63,131.95,364.07
294500.0,2778500.0,54.96201,25.10838,63,117.54,3.56
294500.0,2802500.0,54.9584,25.32498,63,81.36,123.3
296500.0,2838500.0,54.97281,25.65015,63,12.92,18.9
303500.0,2892500.0,55.03445,26.13843,63,139.14,119.99
379500.0,2885500.0,55.79514,26.08361,63,132.54,239.01
329500.0,2797500.0,55.30661,25.28426,63,31.48,7.67
324500.0,2851500.0,55.24991,25.77109,63,21.05,15.02
294500.0,2806500.0,54.95779,25.36108,63,73.81,30.81
413500.0,2915500.0,56.13306,26.3569,63,130.37,2371.16
166500.0,2753500.0,53.69998,24.86012,63,166.69,2.03
210500.0,2725500.0,54.14069,24.61654,63,102.24,45.01
309500.0,2845500.0,55.10125,25.71507,63,22.76,5284.04
384500.0,2871500.0,55.84636,25.95762,63,93.91,1.47
285500.0,2843500.0,54.86249,25.69371,63,62.85,1.51
374500.0,2911500.0,55.74263,26.31789,63,48.05,429.92
287500.0,2830500.0,54.88448,25.57669,63,46.46,3.02
391500.0,2870500.0,55.91635,25.94914,63,158.52,11.36
233500.0,2718500.0,54.36898,24.55754,63,155.85,2.41
340500.0,2858500.0,55.40857,25.83611,63,42.44,3676.11
217500.0,2816500.0,54.19112,25.43868,63,80.47,20830.04
306500.0,2843500.0,55.07166,25.69663,63,17.85,37.26
444500.0,2788500.0,56.44906,25.21167,62,68.91,5.01
288500.0,2789500.0,54.90084,25.20682,62,137.66,14.74
321500.0,2844500.0,55.22095,25.70755,62,29.56,84.55
318500.0,2840500.0,55.1916,25.67108,62,31.18,19.51
318500.0,2843500.0,55.1912,25.69816,62,46.13,4.57
220500.0,2720500.0,54.24036,24.57328,62,91.47,61.4
255500.0,2736500.0,54.58289,24.72359,62,22.86,296.72
341500.0,2856500.0,55.41878,25.81817,62,38.63,77.46
290500.0,2778500.0,54.92236,25.10783,62,152.11,16.22
406500.0,2911500.0,56.0632,26.32035,62,41.22,85.86
375500.0,2885500.0,55.75515,26.08327,62,39.21,73.4
277500.0,2914500.0,54.77074,26.33315,62,81.19,16210.72
381500.0,2888500.0,55.81486,26.11086,62,125.09,78.19
252500.0,2864500.0,54.52994,25.87798,62,24.08,840.53
325500.0,2826500.0,55.26315,25.54556,62,177.61,3.16
312500.0,2852500.0,55.13015,25.77863,62,16.11,745.14
365500.0,2876500.0,55.65611,26.00112,62,40.64,65.73
320500.0,2785500.0,55.21884,25.17489,62,79.52,2.14
253500.0,2770500.0,54.55711,25.03006,62,105.85,52.88
369500.0,2874500.0,55.69627,25.98344,62,48.69,1531.38
246500.0,2814500.0,54.47961,25.42587,62,93.61,2958.59
292500.0,2801500.0,54.93869,25.31568,61,75.69,249.54
403500.0,2874500.0,56.03589,25.9861,61,164.9,2.0
166500.0,2757500.0,53.69902,24.89619,61,108.06,9.42
355500.0,2866500.0,55.55732,25.90989,61,42.2,24.48
181500.0,2734500.0,53.85255,24.69199,61,1.77,433.22
303500.0,2768500.0,55.05265,25.01932,61,40.98,2.75
341500.0,2857500.0,55.41866,25.82719,61,32.37,105.0
317500.0,2804500.0,55.18653,25.34602,61,146.61,5.98
261500.0,2839500.0,54.6242,25.65392,61,177.32,41.35
435500.0,2805500.0,56.35892,25.36483,61,50.32,19.08
243500.0,2726500.0,54.46617,24.63141,61,47.32,1.37
240500.0,2781500.0,54.4263,25.12712,61,126.55,51.01
284500.0,2806500.0,54.85847,25.35967,61,115.9,3.1
173500.0,2734500.0,53.7736,24.69031,61,0.42,1823.11
197500.0,2808500.0,53.99427,25.3626,61,20.38,156.82
296500.0,2836500.0,54.97312,25.6321,61,9.71,6.86
326500.0,2826500.0,55.2731,25.54568,61,157.71,59.21
314500.0,2910500.0,55.14186,26.30234,61,99.71,311.69
379500.0,2879500.0,55.79569,26.02944,61,37.89,45.37
385500.0,2897500.0,55.85406,26.19243,61,51.64,10.63
330500.0,2851500.0,55.30972,25.7718,61,13.85,27.12
354500.0,2871500.0,55.54678,25.95493,61,39.34,289.11
367500.0,2902500.0,55.67344,26.23602,61,106.25,910.94
378500.0,2877500.0,55.78588,26.0113,61,168.94,992.93
230500.0,2721500.0,54.33882,24.58408,61,149.35,84.75
329500.0,2828500.0,55.3027,25.56408,61,129.3,3.7
390500.0,2900500.0,55.90384,26.2199,60,43.77,43.85
441500.0,2805500.0,56.41855,25.36507,60,171.61,14.07
447500.0,2791500.0,56.47873,25.23887,60,101.78,4.33
329500.0,2825500.0,55.30308,25.537,60,101.69,11.22
336500.0,2856500.0,55.36892,25.81762,60,31.83,52.09
239500.0,2782500.0,54.4162,25.13597,60,138.62,5.37
169500.0,2746500.0,53.73129,24.79766,60,82.81,3.36
244500.0,2721500.0,54.47695,24.58646,60,65.49,4.28
372500.0,2885500.0,55.72516,26.08301,60,35.85,53.7
309500.0,2810500.0,55.10623,25.39918,60,136.09,1.47
338500.0,2853500.0,55.38923,25.79076,60,40.69,95.54
339500.0,2858500.0,55.39859,25.836,60,40.29,182.49
333500.0,2808500.0,55.34498,25.384,60,154.34,22.05
375500.0,2884500.0,55.75524,26.07424,60,36.7,11.98
392500.0,2902500.0,55.92369,26.23811,60,56.15,5.26
403500.0,2873500.0,56.03596,25.97707,60,12.63,8.95
320500.0,2843500.0,55.21112,25.6984,60,164.29,1438.38
275500.0,2821500.0,54.76659,25.4937,60,34.15,2.89
231500.0,2920500.0,54.30898,26.37936,60,173.9,8857.6
387500.0,2900500.0,55.87381,26.21967,60,42.81,115.35
266500.0,2819500.0,54.67746,25.47426,60,121.51,1651.8
317500.0,2846500.0,55.18082,25.72511,60,168.39,19.14
359500.0,2876500.0,55.59617,26.00056,60,36.43,1854.06
315500.0,2848500.0,55.16062,25.74291,60,20.54,6.99
296500.0,2764500.0,54.9839,24.9823,60,2.89,6.26
313500.0,2839500.0,55.14195,25.66143,60,26.92,23.96
307500.0,2835500.0,55.08277,25.62456,60,33.76,41.58
309500.0,2803500.0,55.10721,25.336,60,94.7,10.09
397500.0,2898500.0,55.97406,26.20236,59,135.89,945.48
447500.0,2781500.0,56.47911,25.14857,59,41.84,1.52
388500.0,2896500.0,55.88417,26.18364,59,45.35,475.26
381500.0,2885500.0,55.81513,26.08377,59,110.1,68.34
301500.0,2824500.0,55.02467,25.52448,59,51.23,2.53
370500.0,2871500.0,55.70655,25.95644,59,39.11,44.17
445500.0,2780500.0,56.45931,25.13947,59,67.73,2.26
309500.0,2778500.0,55.1107,25.11035,59,109.88,29.6
331500.0,2798500.0,55.32634,25.29351,59,81.61,1.13
216500.0,2729500.0,54.19909,24.65374,59,127.66,70.07
298500.0,2834500.0,54.99333,25.61433,59,40.16,2.54
301500.0,2826500.0,55.02438,25.54253,59,52.77,8.89
224500.0,2722500.0,54.27943,24.59204,59,136.21,453.42
256500.0,2765500.0,54.5877,24.98543,59,99.19,55.63
319500.0,2840500.0,55.20156,25.6712,59,33.11,42.18
346500.0,2858500.0,55.46842,25.83676,59,33.48,176.34
330500.0,2812500.0,55.31466,25.41977,59,18.04,2.6
318500.0,2787500.0,55.19873,25.1927,59,29.91,1.96
324500.0,2849500.0,55.25018,25.75304,59,15.55,14.4
355500.0,2897500.0,55.55388,26.18973,59,49.7,187.26
376500.0,2886500.0,55.76505,26.09238,59,50.04,91.72
296500.0,2815500.0,54.9763,25.44258,59,71.78,22.13
180500.0,2734500.0,53.84268,24.69178,59,1.84,97.38
225500.0,2713500.0,54.29104,24.51103,59,80.83,10.39
316500.0,2811500.0,55.17565,25.40908,59,3.94,7.76
317500.0,2847500.0,55.18068,25.73414,59,20.44,1257.82
317500.0,2841500.0,55.18151,25.67998,59,38.91,25.31
313500.0,2910500.0,55.13184,26.30221,59,178.75,154.45
320500.0,2848500.0,55.21044,25.74353,59,23.69,48.39
335500.0,2809500.0,55.36473,25.39325,59,145.86,7.74
297500.0,2768500.0,54.99322,25.01853,58,50.46,5.56
369500.0,2883500.0,55.69537,26.06468,58,21.96,36.73
281500.0,2801500.0,54.82948,25.31411,58,8.02,3.68
448500.0,2804500.0,56.48816,25.3563,58,162.62,3.75
257500.0,2760500.0,54.59847,24.94047,58,133.05,57.91
293500.0,2811500.0,54.9471,25.40607,58,41.18,22.46
400500.0,2910500.0,56.00316,26.31091,58,47.04,10.73
166500.0,2755500.0,53.6995,24.87815,58,30.53,2.55
172500.0,2734500.0,53.76373,24.6901,58,178.21,39.08
244500.0,2808500.0,54.46088,25.3714,58,152.68,2.33
332500.0,2802500.0,55.33578,25.32973,58,87.84,12.03
312500.0,2840500.0,55.13185,25.67033,58,33.68,22.87
302500.0,2839500.0,55.03241,25.65999,58,76.7,2.29
232500.0,2714500.0,54.35987,24.52128,58,106.67,10.51
329500.0,2850500.0,55.29988,25.76266,58,41.88,6.69
319500.0,2787500.0,55.20865,25.19282,58,75.11,1.9
441500.0,2791500.0,56.41915,25.23865,58,73.18,6.27
347500.0,2848500.0,55.47954,25.74659,58,27.26,4.87
443500.0,2779500.0,56.43951,25.13036,58,176.9,212.26
216500.0,2731500.0,54.19869,24.67178,58,126.35,9.99
348500.0,2864500.0,55.48768,25.89113,58,31.29,62.9
343500.0,2813500.0,55.44377,25.43022,58,93.57,23.8
177500.0,2733500.0,53.8133,24.68214,58,176.72,1337.24
379500.0,2893500.0,55.79439,26.15583,58,53.64,81.85
328500.0,2825500.0,55.29313,25.53689,58,38.57,4.65
353500.0,2870500.0,55.53691,25.9458,58,37.45,319.16
207500.0,2743500.0,54.10734,24.77834,58,166.48,2.13
367500.0,2878500.0,55.67588,26.01936,58,41.59,8.14
314500.0,2836500.0,55.15232,25.63448,58,41.5,11.03
442500.0,2778500.0,56.42963,25.12129,58,90.53,679.37
368500.0,2879500.0,55.68577,26.02848,58,117.41,175.22
163500.0,2736500.0,53.67443,24.70619,58,172.68,4889.38
310500.0,2817500.0,55.11518,25.46248,58,106.28,44.46
321500.0,2841500.0,55.22135,25.68047,57,40.3,5.29
323500.0,2844500.0,55.24087,25.70779,57,31.9,30.82
303500.0,2816500.0,55.04574,25.45255,57,128.5,4.95
301500.0,2821500.0,55.02512,25.49741,57,51.47,189.3
344500.0,2812500.0,55.45382,25.4213,57,4.84,5.3
346500.0,2856500.0,55.46865,25.8187,57,49.99,3.62
249500.0,2764500.0,54.51858,24.97526,57,118.81,2.13
206500.0,2733500.0,54.09956,24.68795,57,178.03,2077.39
295500.0,2803500.0,54.96818,25.33415,57,30.57,230.56
321500.0,2848500.0,55.22041,25.74365,57,30.02,24.83
334500.0,2857500.0,55.34885,25.82642,57,40.12,41.16
447500.0,2779500.0,56.47919,25.13051,57,64.9,3.67
337500.0,2857500.0,55.37877,25.82675,57,41.54,11.33
386500.0,2897500.0,55.86407,26.19251,57,44.2,175.87
368500.0,2880500.0,55.68567,26.03751,57,38.66,215.49
398500.0,2871500.0,55.98618,25.95867,57,106.08,465.49
179500.0,2894500.0,53.79487,26.13423,57,142.55,2954.84
212500.0,2711500.0,54.16327,24.49063,57,13.04,4.43
295500.0,2812500.0,54.96682,25.41537,57,79.55,2.48
278500.0,2801500.0,54.79969,25.31367,57,153.7,1.2
295500.0,2813500.0,54.96667,25.42439,57,77.46,35.28
308500.0,2795500.0,55.09841,25.26366,57,150.19,22068.18
334500.0,2817500.0,55.35381,25.46536,57,3.13,24.07
350500.0,2860500.0,55.50809,25.85522,57,45.68,9.49
198500.0,2809500.0,54.00397,25.37182,57,24.73,473.87
208500.0,2860500.0,54.09212,25.83377,57,154.71,1827.57
297500.0,2842500.0,54.98216,25.68639,57,12.15,2726.65
332500.0,2789500.0,55.33738,25.21238,57,26.54,8.05
319500.0,2847500.0,55.20061,25.73438,57,22.1,593.28
285500.0,2842500.0,54.86265,25.68468,57,44.14,5.33
342500.0,2856500.0,55.42876,25.81828,57,26.91,34.76
357500.0,2868500.0,55.57706,25.92814,57,40.48,21.55
443500.0,2780500.0,56.43947,25.13939,57,93.51,540.26
286500.0,2801500.0,54.87912,25.31484,57,102.43,35.59
288500.0,2807500.0,54.89804,25.36927,57,121.4,2352.22
290500.0,2837500.0,54.91323,25.64028,57,78.05,5684.35
330500.0,2853500.0,55.30947,25.78985,57,18.85,100.02
303500.0,2842500.0,55.04192,25.6872,56,27.67,11.25
446500.0,2804500.0,56.46828,25.35623,56,168.98,12.57
436500.0,2788500.0,56.36965,25.21136,56,87.78,1.6
326500.0,2799500.0,55.27657,25.30196,56,131.99,15.63
322500.0,2812500.0,55.23515,25.41884,56,146.33,6.7
169500.0,2743500.0,53.732,24.77061,56,102.72,6.51
216500.0,2730500.0,54.19889,24.66276,56,125.63,239.1
288500.0,2786500.0,54.9013,25.17975,56,156.69,49.89
224500.0,2716500.0,54.28059,24.53792,56,97.82,2.5
317500.0,2910500.0,55.17189,26.30273,56,171.23,2.03
374500.0,2906500.0,55.74312,26.27276,56,27.15,5.38
163500.0,2750500.0,53.67106,24.83242,56,93.87,5.06
405500.0,2908500.0,56.0534,26.2932,56,44.5,147.19
262500.0,2841500.0,54.6338,25.67213,56,173.42,81.56
403500.0,2875500.0,56.03582,25.99513,56,142.71,11.05
263500.0,2841500.0,54.64375,25.67229,56,87.42,1347.28
286500.0,2795500.0,54.88006,25.26069,56,96.38,14.81
283500.0,2836500.0,54.84371,25.63025,56,136.5,76.93
383500.0,2894500.0,55.83432,26.16519,56,50.01,254.86
294500.0,2790500.0,54.96021,25.21668,56,100.08,6.28
254500.0,2843500.0,54.55378,25.68886,56,126.15,4.4
345500.0,2822500.0,55.46262,25.51168,56,137.76,25.79
380500.0,2887500.0,55.80495,26.10175,56,127.53,369.34
179500.0,2748500.0,53.82961,24.81782,56,5.14,980.07
396500.0,2896500.0,55.96422,26.18424,56,67.9,13.07
372500.0,2884500.0,55.72525,26.07398,56,30.87,47.39
408500.0,2883500.0,56.08521,26.06768,56,94.96,352.82
176500.0,2755500.0,53.79834,24.88031,56,50.72,5961.55
271500.0,2797500.0,54.73087,25.27652,56,46.25,1262.07
305500.0,2766500.0,55.07275,25.00153,55,30.35,2.74
367500.0,2879500.0,55.67578,26.02839,55,37.87,275.03
219500.0,2728500.0,54.2289,24.64527,55,128.12,4.19
315500.0,2847500.0,55.16075,25.73389,55,23.17,24.78
335500.0,2869500.0,55.35732,25.93485,55,170.69,1.3
298500.0,2791500.0,54.99975,25.22625,55,86.7,1521.15
387500.0,2895500.0,55.87425,26.17453,55,48.66,222.75
321500.0,2842500.0,55.22122,25.6895,55,30.31,9.76
220500.0,2726500.0,54.23917,24.62741,55,129.73,26.34
354500.0,2917500.0,55.54162,26.37016,55,41.98,62.1
211500.0,2734500.0,54.14871,24.69791,55,12.77,1.65
248500.0,2732500.0,54.51446,24.68637,55,155.21,1.05
340500.0,2893500.0,55.40431,26.15203,55,103.01,198.6
217500.0,2729500.0,54.20896,24.65393,55,130.19,56.76
306500.0,2891500.0,55.0646,26.12982,55,89.64,1345.69
364500.0,2877500.0,55.64601,26.01006,55,34.74,13.74
242500.0,2718500.0,54.45776,24.55906,55,64.54,36.43
230500.0,2717500.0,54.33958,24.54799,55,146.57,17.02
184500.0,2734500.0,53.88217,24.69261,55,177.86,300.71
302500.0,2822500.0,55.03491,25.50657,55,178.89,6.08
448500.0,2807500.0,56.48805,25.38339,55,3.37,3.28
226500.0,2721500.0,54.29935,24.58338,55,55.84,183.61
236500.0,2852500.0,54.37279,25.76692,55,146.67,92.58
326500.0,2845500.0,55.27063,25.71718,55,33.83,145.33
322500.0,2848500.0,55.23038,25.74378,55,36.04,22.26
213500.0,2733500.0,54.16866,24.68927,55,153.16,10.96
215500.0,2859500.0,54.1621,25.82613,55,152.65,60.7
316500.0,2810500.0,55.17579,25.40006,55,164.89,12.41
348500.0,2866500.0,55.48745,25.90918,55,33.66,131.99
390500.0,2890500.0,55.90469,26.12962,55,152.06,86.91
400500.0,2911500.0,56.00309,26.31994,55,29.25,13.11
264500.0,2824500.0,54.6567,25.51906,55,74.6,1578.51
325500.0,2850500.0,55.26001,25.76219,55,32.71,86.14
273500.0,2830500.0,54.74519,25.5746,55,177.73,8.69
346500.0,2833500.0,55.4713,25.61108,55,47.38,44.29
341500.0,2859500.0,55.41842,25.84525,55,37.84,21.12
272500.0,2785500.0,54.7428,25.16839,55,141.57,7.04
291500.0,2797500.0,54.92938,25.27944,55,76.57,79.32
295500.0,2817500.0,54.96606,25.46049,55,82.95,6.37
345500.0,2865500.0,55.45762,25.89984,55,35.63,195.3
173500.0,2722500.0,53.77638,24.58211,55,147.26,3173.55
163500.0,2758500.0,53.66913,24.90454,55,91.23,4.98
407500.0,2910500.0,56.07329,26.31138,55,43.54,282.61
310500.0,2808500.0,55.11645,25.38125,55,144.39,401.76
379500.0,2845500.0,55.7988,25.72249,55,81.64,20.67
351500.0,2868500.0,55.51716,25.92754,55,41.41,411.09
274500.0,2799500.0,54.76032,25.29503,55,174.22,4033.19
325500.0,2851500.0,55.25988,25.77121,55,23.06,29.33
255500.0,2819500.0,54.56812,25.47249,55,21.93,209.2
370500.0,2883500.0,55.70536,26.06477,55,30.39,201.31
287500.0,2819500.0,54.88622,25.47742,55,47.36,1103.31
382500.0,2892500.0,55.8245,26.14705,54,54.13,59.3
310500.0,2846500.0,55.11107,25.72422,54,20.99,5.42
314500.0,2838500.0,55.15204,25.65253,54,47.06,14.19
440500.0,2785500.0,56.40949,25.18443,54,27.03,29.0
320500.0,2811500.0,55.2154,25.40957,54,155.83,4.39
338500.0,2854500.0,55.38911,25.79979,54,35.15,55.24
305500.0,2830500.0,55.06359,25.57917,54,37.62,39.48
337500.0,2828500.0,55.38231,25.56498,54,152.63,3.62
323500.0,2839500.0,55.24154,25.66266,54,121.08,12.38
343500.0,2880500.0,55.43587,26.03502,54,0.21,62.92
384500.0,2885500.0,55.84512,26.08402,54,102.96,23.81
449500.0,2807500.0,56.49799,25.38343,54,8.96,3.89
207500.0,2735500.0,54.10901,24.70618,54,170.93,118.62
447500.0,2806500.0,56.47815,25.37433,54,4.37,27.73
324500.0,2807500.0,55.25568,25.37394,54,138.3,18.28
254500.0,2842500.0,54.55397,25.67983,54,159.55,12.5
310500.0,2840500.0,55.11193,25.67007,54,35.11,13.79
347500.0,2865500.0,55.47758,25.90005,54,35.63,109.05
295500.0,2806500.0,54.96772,25.36122,54,81.32,119.89
334500.0,2810500.0,55.35467,25.40217,54,118.87,12.25
320500.0,2791500.0,55.21805,25.22905,54,62.77,8.74
195500.0,2884500.0,53.95702,26.04753,54,169.95,14345.36
172500.0,2920500.0,53.71837,26.36703,54,70.68,353.03
309500.0,2837500.0,55.1024,25.64287,54,19.08,19.98
396500.0,2907500.0,55.96334,26.28355,54,43.34,713.5
297500.0,2771500.0,54.99278,25.04561,54,80.17,309.24
193500.0,2736500.0,53.97057,24.71247,54,90.05,191449.32
183500.0,2772500.0,53.86365,25.03508,54,35.03,5006.82
234500.0,2853500.0,54.35266,25.77558,54,61.0,48038.86
232500.0,2920500.0,54.319,26.37955,54,84.34,103139.51
257500.0,2775500.0,54.59584,25.07582,54,45.98,1.96
275500.0,2778500.0,54.77369,25.10567,54,138.12,8.08
284500.0,2843500.0,54.85253,25.69356,54,17.59,452.38
284500.0,2870500.0,54.84813,25.9372,54,168.2,12546.17
289500.0,2883500.0,54.89594,26.05524,54,7.48,766.39
332500.0,2856500.0,55.32903,25.81716,54,38.97,9.1
307500.0,2811500.0,55.08621,25.40795,54,143.58,69.45
396500.0,2897500.0,55.96414,26.19326,54,69.41,34.38
298500.0,2840500.0,54.99242,25.66848,54,23.09,59.41
218500.0,2722500.0,54.22023,24.59096,54,89.65,781.47
300500.0,2825500.0,55.01458,25.53337,54,47.16,1.68
355500.0,2878500.0,55.55599,26.01822,54,179.45,11706.81
289500.0,2781500.0,54.91199,25.13477,54,47.89,156.56
281500.0,2790500.0,54.83124,25.21485,54,170.24,4485.8
311500.0,2835500.0,55.12259,25.62507,53,36.8,25.41
368500.0,2883500.0,55.68537,26.06459,53,21.34,107.68
443500.0,2804500.0,56.43847,25.35612,53,167.58,8.46
301500.0,2777500.0,55.03154,25.10029,53,66.08,1.18
397500.0,2881500.0,55.9754,26.04888,53,5.57,3.95
364500.0,2874500.0,55.64632,25.98298,53,38.44,119.21
438500.0,2781500.0,56.38982,25.14823,53,115.16,3.88
298500.0,2817500.0,54.99588,25.4609,53,68.07,63.5
299500.0,2818500.0,55.00568,25.47006,53,67.02,13.84
347500.0,2857500.0,55.47851,25.82783,53,31.44,32.06
297500.0,2838500.0,54.98277,25.65029,53,11.01,7.57
326500.0,2852500.0,55.26972,25.78036,53,23.41,61.9
378500.0,2847500.0,55.78865,25.74046,53,130.43,9.89
256500.0,2766500.0,54.58752,24.99445,53,93.42,31.92
263500.0,2786500.0,54.65339,25.17603,53,62.06,59.3
326500.0,2831500.0,55.27245,25.59081,53,112.26,177.81
389500.0,2901500.0,55.89375,26.22886,53,46.72,35.72
406500.0,2909500.0,56.06334,26.30229,53,43.38,213.43
442500.0,2795500.0,56.42891,25.27481,53,88.4,113.59
296500.0,2779500.0,54.98169,25.11768,53,21.11,550.99
291500.0,2803500.0,54.92846,25.33359,53,78.44,4.53
189500.0,2806500.0,53.91532,25.34292,53,28.95,2330.94
248500.0,2761500.0,54.50923,24.94803,53,81.0,127.22
284500.0,2869500.0,54.84829,25.92818,53,170.56,46933.28
378500.0,2892500.0,55.78449,26.14672,53,52.85,22.29
380500.0,2880500.0,55.80559,26.03855,53,159.3,13.76
166500.0,2793500.0,53.69031,25.22076,53,108.14,3051.45
323500.0,2848500.0,55.24034,25.7439,53,17.86,593.22
382500.0,2893500.0,55.8244,26.15608,53,52.46,144.23
221500.0,2713500.0,54.2516,24.51032,53,14.8,224.21
367500.0,2872500.0,55.67649,25.9652,53,43.91,42.64
257500.0,2820500.0,54.58782,25.48184,53,21.6,12894.27
383500.0,2892500.0,55.8345,26.14713,53,48.82,27.76
306500.0,2828500.0,55.07383,25.56125,53,47.73,283.22
258500.0,2810500.0,54.59955,25.39178,52,167.04,3.96
380500.0,2891500.0,55.80458,26.13786,52,58.65,20.77
219500.0,2729500.0,54.2287,24.65429,52,84.43,4.02
396500.0,2881500.0,55.96541,26.04881,52,60.41,177.89
446500.0,2781500.0,56.46919,25.14853,52,164.97,2.26
266500.0,2809500.0,54.67919,25.38403,52,153.45,23.03
248500.0,2736500.0,54.51374,24.72246,52,129.71,1.6
324500.0,2799500.0,55.25671,25.30173,52,166.99,6.39
371500.0,2881500.0,55.71555,26.04681,52,44.72,21.07
263500.0,2750500.0,54.65956,24.85118,52,127.93,4.78
323500.0,2847500.0,55.24047,25.73487,52,21.32,11.47
220500.0,2713500.0,54.24174,24.51014,52,88.23,13.5
378500.0,2884500.0,55.78523,26.0745,52,129.43,128.32
192500.0,2734500.0,53.96114,24.69423,52,175.37,24.76
260500.0,2839500.0,54.61424,25.65376,52,165.17,33.9
306500.0,2812500.0,55.07613,25.41684,52,126.1,4.47
366500.0,2877500.0,55.666,26.01024,52,41.58,9.16
292500.0,2799500.0,54.939,25.29763,52,74.94,227.92
376500.0,2880500.0,55.76562,26.03822,52,45.15,40.36
333500.0,2810500.0,55.34473,25.40206,52,128.65,14.74
277500.0,2814500.0,54.78763,25.43083,52,76.37,71.6
252500.0,2818500.0,54.53849,25.46297,52,18.52,191.2
311500.0,2864500.0,55.11847,25.88681,52,147.69,90.26
353500.0,2867500.0,55.53724,25.91872,52,24.52,5.32
311500.0,2833500.0,55.12288,25.60702,52,59.22,8.33
273500.0,2851500.0,54.74162,25.76409,52,104.57,32.85
308500.0,2837500.0,55.09244,25.64274,52,23.53,37.09
449500.0,2786500.0,56.49877,25.19379,52,7.54,7.73
235500.0,2855500.0,54.36222,25.79381,52,144.08,2548.22
292500.0,2800500.0,54.93884,25.30666,52,73.95,397.53
171500.0,2782500.0,53.7425,25.12268,52,76.75,13852.3
295500.0,2836500.0,54.96316,25.63196,52,9.66,19.21
283500.0,2843500.0,54.84257,25.69342,52,18.61,691.36
320500.0,2802500.0,55.2166,25.32834,52,105.23,5.21
378500.0,2889500.0,55.78477,26.11963,52,40.58,26.28
368500.0,2873500.0,55.68638,25.97432,52,46.88,417.02
285500.0,2800500.0,54.86935,25.30567,52,143.39,268.78
215500.0,2908500.0,54.15143,26.26804,52,75.87,1501.72
162500.0,2738500.0,53.66408,24.724,52,1.62,6661.39
357500.0,2872500.0,55.57663,25.96425,51,36.35,130.8
357500.0,2873500.0,55.57652,25.97328,51,36.69,137.13
295500.0,2804500.0,54.96803,25.34317,51,66.05,2.2
302500.0,2827500.0,55.03418,25.55169,51,131.78,4.01
335500.0,2825500.0,55.36277,25.53768,51,92.16,42.13
337500.0,2856500.0,55.37889,25.81773,51,33.8,23.94
448500.0,2803500.0,56.4882,25.34727,51,157.56,5.58
253500.0,2736500.0,54.56313,24.72327,51,173.66,3.5
289500.0,2802500.0,54.90875,25.32429,51,123.09,4.02
446500.0,2791500.0,56.4688,25.23884,51,83.33,12.32
292500.0,2780500.0,54.94188,25.12616,51,19.02,2.02
317500.0,2782500.0,55.18948,25.14745,51,35.36,2.78
343500.0,2858500.0,55.43849,25.83644,51,12.55,89.41
444500.0,2807500.0,56.44829,25.38325,51,11.64,10.48
283500.0,2802500.0,54.84917,25.32343,51,162.67,19.86
447500.0,2792500.0,56.47869,25.2479,51,104.22,5.66
162500.0,2733500.0,53.66528,24.67892,51,175.89,260.28
314500.0,2835500.0,55.15246,25.62545,51,84.4,1.71
178500.0,2734500.0,53.82294,24.69137,51,176.85,14.59
320500.0,2841500.0,55.21139,25.68035,51,44.98,16.28
307500.0,2836500.0,55.08263,25.63358,51,34.71,111.26
293500.0,2794500.0,54.94968,25.25265,51,88.51,614.08
303500.0,2827500.0,55.04413,25.55183,51,30.98,16.19
334500.0,2811500.0,55.35454,25.41119,51,91.7,14.99
319500.0,2822500.0,55.20399,25.50874,51,113.45,12.42
326500.0,2850500.0,55.26998,25.76231,51,28.11,67.88
281500.0,2841500.0,54.82298,25.67507,51,4.49,272.44
311500.0,2910500.0,55.11182,26.30195,51,1.14,18.65
232500.0,2901500.0,54.32294,26.20818,51,165.31,72.8
233500.0,2901500.0,54.33294,26.20837,51,167.27,47.19
281500.0,2828500.0,54.82511,25.55776,51,12.0,7263.85
296500.0,2880500.0,54.96634,26.02917,51,176.67,126.3
278500.0,2914500.0,54.78076,26.33331,51,81.8,22186.51
306500.0,2820500.0,55.07498,25.48905,51,148.57,3056.38
303500.0,2829500.0,55.04383,25.56988,51,86.6,1.08
369500.0,2902500.0,55.69346,26.2362,51,111.39,1362.29
168500.0,2882500.0,53.68805,26.02356,51,161.53,3048.8
219500.0,2857500.0,54.20238,25.80886,51,144.63,31139.84
265500.0,2820500.0,54.66734,25.48313,51,122.08,1808.48
298500.0,2842500.0,54.99212,25.68653,51,0.74,10.3
331500.0,2812500.0,55.3246,25.41988,51,174.31,3.78
316500.0,2785500.0,55.17916,25.1744,51,22.83,1.32
377500.0,2878500.0,55.7758,26.02024,51,129.13,3240.86
408500.0,2884500.0,56.08514,26.07671,51,102.07,146.88
187500.0,2737500.0,53.91111,24.72028,51,81.78,29616.68
344500.0,2823500.0,55.45255,25.5206,51,147.22,14.91
436500.0,2785500.0,56.36979,25.18426,51,145.85,1.99
170500.0,2741500.0,53.74234,24.75279,51,146.82,1.17
292500.0,2822500.0,54.93547,25.5052,51,93.88,415.35
318500.0,2838500.0,55.19188,25.65303,51,29.72,16.61
330500.0,2819500.0,55.31378,25.48296,51,127.91,3.52
322500.0,2852500.0,55.22984,25.77988,51,27.78,32.8
293500.0,2840500.0,54.94263,25.66778,50,35.91,4.28
242500.0,2726500.0,54.4563,24.63124,50,45.51,1.17
258500.0,2759500.0,54.60854,24.93161,50,132.71,40.79
284500.0,2770500.0,54.86415,25.03479,50,1.59,503.04
387500.0,2898500.0,55.87399,26.20162,50,44.6,240.99
367500.0,2871500.0,55.67659,25.95617,50,46.15,23.19
364500.0,2876500.0,55.64612,26.00103,50,34.69,27.85
446500.0,2803500.0,56.46832,25.3472,50,113.63,1.4
402500.0,2906500.0,56.0235,26.27494,50,47.78,1101.97
228500.0,2718500.0,54.31966,24.55667,50,131.86,36.17
303500.0,2837500.0,55.04266,25.64208,50,12.37,242.51
327500.0,2849500.0,55.28008,25.7534,50,36.24,5.81
330500.0,2849500.0,55.30998,25.75375,50,38.79,2.48
313500.0,2849500.0,55.14054,25.75168,50,105.89,519.56
370500.0,2880500.0,55.70566,26.03769,50,44.87,30.54
292500.0,2797500.0,54.9393,25.27958,50,91.95,18.71
303500.0,2822500.0,55.04486,25.5067,50,68.28,1.93
386500.0,2887500.0,55.86494,26.10223,50,133.8,12091.94
229500.0,2823500.0,54.30893,25.50406,50,30.57,2.08
317500.0,2839500.0,55.18178,25.66193,50,23.03,62.61
383500.0,2895500.0,55.83423,26.17421,50,51.4,17.73
318500.0,2910500.0,55.18191,26.30285,50,110.22,9.71
203500.0,2744500.0,54.06761,24.78659,50,110.52,25.79
293500.0,2793500.0,54.94983,25.24362,50,87.76,499.14
324500.0,2814500.0,55.25477,25.43713,50,147.08,4.75
379500.0,2888500.0,55.79486,26.11069,50,50.46,16.85
447500.0,2807500.0,56.47811,25.38336,50,176.86,3.03
392500.0,2903500.0,55.92361,26.24714,50,47.18,925.67
404500.0,2914500.0,56.04294,26.3473,50,35.03,2019.64
264500.0,2841500.0,54.65371,25.67245,50,92.69,361.15
310500.0,2860500.0,55.10907,25.85058,50,106.86,3.98
449500.0,2784500.0,56.49884,25.17573,50,20.87,1.79
224500.0,2714500.0,54.28098,24.51987,50,106.62,9.1
234500.0,2856500.0,54.35206,25.80264,50,143.76,754.51
209500.0,2722500.0,54.13144,24.5893,50,77.69,18.54
242500.0,2848500.0,54.43334,25.73191,50,146.23,10.74
233500.0,2854500.0,54.3425,25.78442,50,60.84,30609.72
294500.0,2795500.0,54.95946,25.26181,50,82.18,7.72
242500.0,2836500.0,54.43566,25.62365,50,28.82,4.12
390500.0,2879500.0,55.90561,26.03031,50,120.23,254.65
320500.0,2889500.0,55.20484,26.11358,50,82.71,5982.5
374500.0,2884500.0,55.74525,26.07415,50,36.14,56.8
218500.0,2710500.0,54.22262,24.48271,50,4.33,3529.3
338500.0,2892500.0,55.38443,26.14279,50,106.76,3685.94
313500.0,2890500.0,55.13472,26.12171,50,81.84,1843.5
398500.0,2877500.0,55.98571,26.01284,50,106.76,12.19
267500.0,2794500.0,54.69169,25.24884,50,142.52,2147.24
369500.0,2870500.0,55.69666,25.94733,50,49.18,4411.09
276500.0,2806500.0,54.77901,25.35849,49,92.42,2.7
287500.0,2789500.0,54.89092,25.20668,49,130.55,3.43
266500.0,2793500.0,54.68194,25.23966,49,112.75,151.92
407500.0,2913500.0,56.07307,26.33847,49,43.16,3069.54
447500.0,2784500.0,56.47899,25.17566,49,12.83,9.41
293500.0,2779500.0,54.95195,25.11727,49,127.64,5.79
261500.0,2734500.0,54.64251,24.70649,49,33.1,29.2
335500.0,2855500.0,55.35907,25.80848,49,31.57,213.93
449500.0,2782500.0,56.49892,25.15767,49,173.91,4.13
406500.0,2910500.0,56.06327,26.31132,49,41.3,942.97
292500.0,2798500.0,54.93915,25.28861,49,78.12,27.92
332500.0,2813500.0,55.33442,25.42902,49,105.39,2.46
326500.0,2846500.0,55.2705,25.7262,49,36.73,173.88
328500.0,2856500.0,55.28914,25.8167,49,41.68,1224.61
225500.0,2722500.0,54.28929,24.59222,49,135.45,202.75
446500.0,2778500.0,56.46931,25.12144,49,168.82,9.72
440500.0,2804500.0,56.40866,25.356,49,168.73,251.89
215500.0,2731500.0,54.18882,24.6716,49,124.7,433.37
186500.0,2801500.0,53.88671,25.29721,49,21.71,174.82
169500.0,2882500.0,53.69803,26.02379,49,154.9,805.86
352500.0,2917500.0,55.52158,26.36995,49,105.23,4564.5
284500.0,2836500.0,54.85366,25.63039,49,164.61,37.05
205500.0,2865500.0,54.06111,25.87826,49,154.81,256.31
244500.0,2881500.0,54.44686,26.02995,49,75.29,346.47
209500.0,2721500.0,54.13165,24.58028,49,87.71,1313.71
288500.0,2883500.0,54.88595,26.0551,49,5.02,1137.88
338500.0,2862500.0,55.38813,25.872,49,123.12,28008.3
379500.0,2864500.0,55.79707,25.89402,49,41.53,5386.89
368500.0,2871500.0,55.68658,25.95626,49,39.67,27.21
402500.0,2873500.0,56.02598,25.977,49,2.99,15.12
404500.0,2907500.0,56.04346,26.2841,49,46.01,75.68
289500.0,2837500.0,54.90328,25.64014,49,176.95,3.78
358500.0,2875500.0,55.58629,25.99143,49,37.1,233.04
380500.0,2879500.0,55.80568,26.02952,49,170.26,227.59
300500.0,2836500.0,55.01294,25.63265,49,154.95,3.54
357500.0,2874500.0,55.57641,25.98231,49,39.22,180.61
301500.0,2792500.0,55.02937,25.23568,49,115.28,6882.39
346500.0,2857500.0,55.46853,25.82773,49,33.09,33.14
364500.0,2900500.0,55.64362,26.21768,49,15.65,19.32
374500.0,2886500.0,55.74505,26.09221,49,45.13,1396.02
257500.0,2793500.0,54.59265,25.23823,49,120.05,6721.99
298500.0,2777500.0,55.00181,25.0999,48,77.46,3.15
286500.0,2790500.0,54.88084,25.21557,48,169.78,4.14
290500.0,2798500.0,54.9193,25.28833,48,97.58,9.57
440500.0,2789500.0,56.40931,25.22055,48,60.59,2.22
444500.0,2805500.0,56.44837,25.36519,48,177.04,16.98
269500.0,2785500.0,54.71305,25.16793,48,53.63,23.33
393500.0,2901500.0,55.93379,26.22916,48,42.31,854.1
229500.0,2720500.0,54.32914,24.57488,48,101.11,11.94
309500.0,2839500.0,55.10211,25.66092,48,23.08,8.71
302500.0,2823500.0,55.03477,25.51559,48,176.32,32.94
407500.0,2917500.0,56.07278,26.37458,48,36.76,43.46
243500.0,2719500.0,54.46745,24.56825,48,58.39,74.62
392500.0,2905500.0,55.92344,26.26519,48,50.3,366.88
448500.0,2806500.0,56.48809,25.37436,48,12.55,5.27
223500.0,2857500.0,54.24224,25.80963,48,147.66,77.47
277500.0,2808500.0,54.78862,25.37669,48,37.65,1530.43
221500.0,2724500.0,54.24943,24.60955,48,112.43,21.32
290500.0,2792500.0,54.92022,25.23418,48,171.01,2418.46
255500.0,2774500.0,54.5762,25.06647,48,66.5,69.45
262500.0,2842500.0,54.63362,25.68115,48,94.13,1129.87
277500.0,2809500.0,54.78845,25.38571,48,16.15,292.69
297500.0,2893500.0,54.97431,26.14663,48,80.22,2850.56
309500.0,2779500.0,55.11056,25.11938,48,78.92,36.99
406500.0,2916500.0,56.06283,26.36549,48,30.6,688.65
265500.0,2841500.0,54.66367,25.67261,48,91.76,392.31
377500.0,2886500.0,55.77505,26.09247,48,38.26,60.44
400500.0,2912500.0,56.00301,26.32897,48,24.67,3.01
193500.0,2832500.0,53.9491,25.57821,48,140.38,82.09
196500.0,2883500.0,53.96724,26.03872,48,169.65,5377.26
197500.0,2883500.0,53.97722,26.03893,48,170.03,642.95
234500.0,2800500.0,54.36314,25.29748,48,57.35,28705.47
396500.0,2906500.0,55.96342,26.27452,48,43.38,1331.18
260500.0,2775500.0,54.62556,25.0763,48,41.11,9065.34
255500.0,2801500.0,54.57137,25.31009,48,59.58,16.62
177500.0,2745500.0,53.81054,24.79035,48,53.81,3426.12
243500.0,2849500.0,54.4431,25.7411,48,142.97,25517.42
319500.0,2871500.0,55.19733,25.951,48,42.9,25.95
293500.0,2836500.0,54.94325,25.63168,48,0.62,7.62
376500.0,2877500.0,55.7659,26.01113,48,24.93,6.84
317500.0,2836500.0,55.18219,25.63485,48,52.66,6.0
379500.0,2846500.0,55.79871,25.73152,48,111.23,3.86
316500.0,2848500.0,55.17058,25.74304,48,11.55,11.83
391500.0,2901500.0,55.91377,26.22901,48,45.66,55.62
318500.0,2800500.0,55.197,25.31004,48,131.16,2.62
441500.0,2779500.0,56.41967,25.13029,48,163.16,21.97
306500.0,2885500.0,55.06549,26.07567,48,137.76,671.25
274500.0,2830500.0,54.75513,25.57476,48,5.56,5543.85
447500.0,2808500.0,56.47807,25.39239,47,36.63,2.43
312500.0,2837500.0,55.13227,25.64325,47,45.76,144.43
385500.0,2896500.0,55.85415,26.1834,47,45.87,530.16
445500.0,2804500.0,56.45835,25.3562,47,166.05,5.54
325500.0,2848500.0,55.26027,25.74414,47,34.9,5.19
387500.0,2896500.0,55.87416,26.18356,47,53.5,48.9
260500.0,2757500.0,54.62868,24.91388,47,157.4,3.94
261500.0,2753500.0,54.63926,24.87794,47,108.66,5.8
339500.0,2892500.0,55.39443,26.1429,47,107.98,1781.86
172500.0,2746500.0,53.76092,24.7983,47,99.21,3.13
398500.0,2905500.0,55.98352,26.26563,47,47.32,168.06
171500.0,2854500.0,53.72497,25.77182,47,134.04,1175.77
385500.0,2886500.0,55.85503,26.09312,47,134.15,2149.55
313500.0,2811500.0,55.14584,25.40871,47,149.65,113.3
319500.0,2789500.0,55.20839,25.21087,47,40.35,5.57
356500.0,2873500.0,55.56653,25.97318,47,40.25,105.18
317500.0,2845500.0,55.18096,25.71609,47,27.07,170.48
343500.0,2862500.0,55.43802,25.87254,47,33.52,16.0
355500.0,2853500.0,55.55874,25.79254,47,43.45,352.55
369500.0,2868500.0,55.69686,25.92927,47,41.55,219.12
240500.0,2849500.0,54.41322,25.74058,47,145.49,96.03
265500.0,2884500.0,54.65602,26.06057,47,85.16,199.62
191500.0,2736500.0,53.95082,24.71207,47,179.61,1087.83
257500.0,2776500.0,54.59566,25.08484,47,163.01,1028.61
306500.0,2825500.0,55.07426,25.53417,47,2.24,646.47
408500.0,2912500.0,56.08316,26.32951,47,38.85,750.24
284500.0,2759500.0,54.86586,24.93551,47,67.86,120.92
326500.0,2812500.0,55.27491,25.41931,47,100.89,16.42
166500.0,2746500.0,53.70166,24.79701,47,162.5,110.14
234500.0,2733500.0,54.37602,24.69304,47,19.26,2.47
276500.0,2802500.0,54.77967,25.3224,47,169.67,23.15
270500.0,2842500.0,54.71328,25.68242,47,95.93,19.61
321500.0,2846500.0,55.22068,25.7256,47,18.27,82.13
235500.0,2734500.0,54.38571,24.70223,47,1.23,7.89
262500.0,2751500.0,54.6495,24.86005,47,124.76,18.9
305500.0,2840500.0,55.06213,25.66942,47,28.04,140.47
280500.0,2841500.0,54.81302,25.67492,47,3.74,1344.96
285500.0,2836500.0,54.86362,25.63054,47,174.37,114.07
356500.0,2897500.0,55.56389,26.18983,47,104.86,721.64
313500.0,2817500.0,55.14501,25.46287,47,44.65,1682.77
261500.0,2748500.0,54.64012,24.83282,47,40.97,3.13
294500.0,2786500.0,54.96081,25.18058,46,156.92,1967.48
366500.0,2875500.0,55.6662,25.99219,46,127.27,3629.24
446500.0,2780500.0,56.46923,25.1395,46,25.96,1.04
327500.0,2798500.0,55.28663,25.29305,46,139.5,10.29
363500.0,2874500.0,55.63634,25.98288,46,37.72,414.7
397500.0,2899500.0,55.97399,26.21139,46,138.57,188.55
245500.0,2806500.0,54.47118,25.35353,46,116.21,207.99
279500.0,2793500.0,54.81092,25.24163,46,14.74,368.09
300500.0,2837500.0,55.01279,25.64167,46,4.98,9.27
316500.0,2841500.0,55.17155,25.67986,46,46.74,10.35
405500.0,2910500.0,56.05325,26.31125,46,40.0,271.6
323500.0,2799500.0,55.24678,25.30161,46,170.41,16.77
233500.0,2713500.0,54.36992,24.51243,46,35.38,5.06
328500.0,2815500.0,55.2944,25.44662,46,103.39,4.33
341500.0,2855500.0,55.4189,25.80914,46,38.63,22.9
214500.0,2733500.0,54.17854,24.68945,46,136.98,8.66
308500.0,2838500.0,55.0923,25.65176,46,31.75,11.28
220500.0,2709500.0,54.24253,24.47405,46,57.41,8.08
241500.0,2901500.0,54.41293,26.20983,46,161.76,152.22
285500.0,2791500.0,54.87077,25.22445,46,141.0,8.96
304500.0,2845500.0,55.05144,25.71441,46,8.78,16.4
319500.0,2824500.0,55.20372,25.52679,46,46.35,29.19
363500.0,2831500.0,55.64077,25.5947,46,25.03,1.48
441500.0,2804500.0,56.41859,25.35604,46,167.01,69.23
293500.0,2913500.0,54.93112,26.32653,46,135.41,14.66
307500.0,2844500.0,55.08147,25.70578,46,20.91,188.31
412500.0,2914500.0,56.1231,26.34781,46,128.4,7108.16
256500.0,2740500.0,54.59208,24.75985,46,139.34,5.57
271500.0,2842500.0,54.72323,25.68257,46,4.18,39.68
373500.0,2877500.0,55.73593,26.01087,46,44.12,135.57
298500.0,2790500.0,54.99989,25.21723,46,86.6,3964.11
308500.0,2846500.0,55.09115,25.72396,46,12.2,308.5
193500.0,2831500.0,53.94933,25.56919,46,137.46,37.2
210500.0,2726500.0,54.14049,24.62556,46,81.29,3.38
294500.0,2817500.0,54.95612,25.46036,46,96.06,5.97
355500.0,2855500.0,55.55852,25.81059,46,25.41,1543.2
306500.0,2851500.0,55.07049,25.76883,46,95.27,5.41
192500.0,2736500.0,53.9607,24.71227,46,0.51,1109.85
244500.0,2848500.0,54.45326,25.73226,46,143.4,4766.67
210500.0,2889500.0,54.10566,26.0957,46,161.38,1071.11
248500.0,2760500.0,54.50941,24.93901,46,76.1,25.0
281500.0,2848500.0,54.82183,25.73824,46,152.55,13.37
320500.0,2872500.0,55.20718,25.96015,46,37.9,1998.8
361500.0,2890500.0,55.61466,26.12713,46,160.01,2492.54
244500.0,2847500.0,54.45345,25.72324,46,58.46,1204.25
360500.0,2876500.0,55.60616,26.00065,46,33.22,176.76
252500.0,2769500.0,54.54738,25.02087,46,113.2,6170.19
183500.0,2754500.0,53.86777,24.87276,46,167.47,7.19
396500.0,2903500.0,55.96366,26.24743,46,124.09,1446.93
286500.0,2802500.0,54.87896,25.32386,46,101.8,137.97
399500.0,2874500.0,55.99593,25.98583,46,28.98,78.63
266500.0,2790500.0,54.68245,25.21259,46,171.4,706.35
387500.0,2862500.0,55.87709,25.87661,46,42.91,4612.49
295500.0,2766500.0,54.97371,25.00021,46,42.9,19.94
382500.0,2874500.0,55.82612,25.98455,46,172.43,5.1
316500.0,2813500.0,55.17538,25.42714,46,117.48,606.43
255500.0,2771500.0,54.57674,25.0394,46,126.12,633.53
442500.0,2807500.0,56.4284,25.38317,45,10.36,83.0
292500.0,2804500.0,54.93823,25.34276,45,79.71,254.73
406500.0,2912500.0,56.06312,26.32938,45,43.24,5313.06
396500.0,2880500.0,55.96549,26.03978,45,6.04,411.07
395500.0,2881500.0,55.95542,26.04874,45,170.66,6.62
220500.0,2721500.0,54.24016,24.5823,45,93.88,50.09
262500.0,2808500.0,54.63963,25.37438,45,18.35,5.3
445500.0,2792500.0,56.45883,25.24783,45,89.79,8.98
194500.0,2734500.0,53.98088,24.69463,45,88.79,3475.8
260500.0,2780500.0,54.62469,25.12141,45,65.22,8477.81
251500.0,2739500.0,54.54284,24.75002,45,149.6,5.73
256500.0,2764500.0,54.58787,24.9764,45,113.18,7.03
278500.0,2786500.0,54.80213,25.17831,45,105.11,16.0
441500.0,2790500.0,56.4192,25.22962,45,61.98,25.56
440500.0,2790500.0,56.40927,25.22958,45,51.6,4.15
323500.0,2846500.0,55.24061,25.72584,45,26.58,17.21
300500.0,2838500.0,55.01264,25.6507,45,32.24,1.89
311500.0,2823500.0,55.12428,25.51677,45,159.71,1.66
320500.0,2847500.0,55.21058,25.73451,45,37.59,86.83
306500.0,2832500.0,55.07325,25.59735,45,26.32,77.93
315500.0,2837500.0,55.16214,25.64363,45,127.84,3.12
374500.0,2881500.0,55.74554,26.04707,45,169.65,406.74
261500.0,2841500.0,54.62384,25.67196,45,173.67,212.12
167500.0,2758500.0,53.70867,24.90542,45,69.72,3.78
229500.0,2859500.0,54.30162,25.82879,45,149.73,16.9
366500.0,2868500.0,55.66691,25.929,45,41.94,14.68
232500.0,2774500.0,54.34838,25.06258,45,152.97,960.62
245500.0,2881500.0,54.45684,26.03013,45,88.32,28605.68
285500.0,2780500.0,54.87249,25.12518,45,167.35,5.82
352500.0,2847500.0,55.52949,25.73808,45,25.36,1634.93
291500.0,2802500.0,54.92861,25.32457,45,102.34,2.92
293500.0,2841500.0,54.94248,25.67681,45,160.93,1.68
318500.0,2842500.0,55.19133,25.68913,45,40.96,37.73
294500.0,2794500.0,54.95961,25.25278,45,0.01,11490.86
265500.0,2896500.0,54.65386,26.16884,45,84.0,15390.23
368500.0,2872500.0,55.68648,25.96529,45,46.89,119.73
389500.0,2879500.0,55.89562,26.03024,45,100.57,1817.8
293500.0,2820500.0,54.94572,25.48729,45,64.33,22.84
359500.0,2879500.0,55.59585,26.02764,45,12.85,42.41
304500.0,2830500.0,55.05364,25.57903,45,39.87,41.29
331500.0,2853500.0,55.31944,25.78997,45,28.34,33.76
337500.0,2827500.0,55.38243,25.55596,45,119.72,7.31
276500.0,2821500.0,54.77653,25.49385,45,1.18,1964.97
284500.0,2830500.0,54.85463,25.57625,45,157.66,2140.02
242500.0,2814500.0,54.43987,25.42518,45,100.41,4597.84
263500.0,2808500.0,54.64956,25.37453,45,2.66,23.5
243500.0,2809500.0,54.45076,25.38025,45,49.52,3761.92
323500.0,2813500.0,55.24496,25.42798,44,138.85,5.06
293500.0,2775500.0,54.95255,25.08117,44,136.74,40.48
284500.0,2813500.0,54.85735,25.42284,44,62.21,4.07
324500.0,2850500.0,55.25004,25.76207,44,36.51,19.23
397500.0,2880500.0,55.97548,26.03986,44,10.51,10.27
445500.0,2805500.0,56.45831,25.36523,44,0.67,11.74
219500.0,2715500.0,54.23148,24.528,44,134.9,682.67
369500.0,2880500.0,55.69567,26.0376,44,40.55,86.56
446500.0,2802500.0,56.46836,25.33817,44,141.84,3.2
293500.0,2837500.0,54.9431,25.64071,44,162.02,27.41
329500.0,2814500.0,55.30447,25.43771,44,153.37,1.83
304500.0,2840500.0,55.05218,25.66929,44,33.23,138.47
250500.0,2740500.0,54.53279,24.75888,44,137.34,465.86
390500.0,2893500.0,55.90443,26.15671,44,40.46,5.69
388500.0,2901500.0,55.88374,26.22878,44,45.39,86.12
176500.0,2734500.0,53.8032,24.69095,44,1.98,678.82
326500.0,2800500.0,55.27644,25.31099,44,56.57,3.49
310500.0,2782500.0,55.12006,25.14658,44,36.14,11.12
320500.0,2821500.0,55.21407,25.49983,44,109.58,150.47
305500.0,2845500.0,55.0614,25.71454,44,6.89,24.31
305500.0,2890500.0,55.05475,26.12066,44,139.11,208.96
306500.0,2846500.0,55.07122,25.7237,44,7.09,60.71
306500.0,2826500.0,55.07412,25.5432,44,81.38,2.94
347500.0,2821500.0,55.48263,25.50286,44,26.45,342.5
307500.0,2832500.0,55.08321,25.59748,44,128.72,199.64
225500.0,2714500.0,54.29084,24.52005,44,102.82,4.49
277500.0,2810500.0,54.78829,25.39474,44,137.39,6.1
372500.0,2876500.0,55.72604,26.00176,44,46.03,166.09
282500.0,2804500.0,54.83893,25.34133,44,106.0,3267.88
317500.0,2844500.0,55.1811,25.70706,44,3.9,105.14
342500.0,2860500.0,55.42828,25.85438,44,36.7,26.52
341500.0,2860500.0,55.4183,25.85427,44,37.14,54.55
171500.0,2754500.0,53.74916,24.87022,44,81.95,1352.73
250500.0,2899500.0,54.50332,26.19338,44,86.43,1511.13
332500.0,2811500.0,55.33467,25.41097,44,146.59,2.81
368500.0,2902500.0,55.68345,26.23611,44,20.95,33.61
297500.0,2815500.0,54.98624,25.44272,44,144.33,261.84
336500.0,2829500.0,55.37223,25.5739,44,13.41,204.65
256500.0,2777500.0,54.58558,25.0937,44,59.78,1384.57
297500.0,2844500.0,54.98186,25.70444,44,58.45,2.81
167500.0,2780500.0,53.70337,25.10378,44,70.16,3205.05
366500.0,2901500.0,55.66353,26.2269,44,106.29,106.31
362500.0,2878500.0,55.62593,26.0189,44,23.58,10.94
314500.0,2834500.0,55.1526,25.61643,44,80.78,5.32
355500.0,2870500.0,55.55688,25.946,44,40.22,32.79
305500.0,2831500.0,55.06344,25.58819,44,41.18,317.33
286500.0,2843500.0,54.87245,25.69385,44,18.84,114.41
312500.0,2829500.0,55.13339,25.57105,44,79.93,39.56
441500.0,2778500.0,56.41971,25.12125,44,84.86,365.54
258500.0,2809500.0,54.59973,25.38275,44,38.99,48694.54
310500.0,2838500.0,55.11221,25.65202,44,32.18,8.87
221500.0,2806500.0,54.23292,25.34924,44,38.73,13609.87
306500.0,2835500.0,55.07282,25.62442,44,37.23,68.42
272500.0,2830500.0,54.73524,25.57445,44,32.85,2.03
312500.0,2818500.0,55.13493,25.47176,44,41.17,1503.27
331500.0,2858500.0,55.3188,25.8351,44,34.43,1155.56
312500.0,2890500.0,55.12473,26.12159,44,79.97,42928.02
237500.0,2834500.0,54.3863,25.60473,44,112.71,129.36
390500.0,2897500.0,55.9041,26.19282,44,126.1,557.98
365500.0,2878500.0,55.6559,26.01918,43,39.84,91.69
280500.0,2802500.0,54.81939,25.32299,43,6.85,2.91
358500.0,2863500.0,55.58758,25.8831,43,43.44,28.05
391500.0,2900500.0,55.91385,26.21998,43,41.94,176.86
402500.0,2910500.0,56.0232,26.31105,43,50.37,3.34
339500.0,2855500.0,55.39896,25.80892,43,31.26,67.34
408500.0,2882500.0,56.08528,26.05865,43,90.08,7.22
255500.0,2898500.0,54.5535,26.18522,43,79.88,663.08
365500.0,2902500.0,55.65342,26.23583,43,125.58,1675.64
445500.0,2810500.0,56.4581,25.41038,43,118.21,6.14
307500.0,2891500.0,55.07459,26.12995,43,83.9,12385.19
247500.0,2806500.0,54.49104,25.35387,43,38.87,2.62
336500.0,2817500.0,55.3737,25.46558,43,104.03,2.0
321500.0,2798500.0,55.22705,25.29235,43,9.43,4.06
216500.0,2816500.0,54.18119,25.43849,43,159.92,3950.4
377500.0,2889500.0,55.77477,26.11955,43,36.26,44.65
315500.0,2797500.0,55.16762,25.2826,43,177.25,259.49
330500.0,2798500.0,55.31642,25.2934,43,28.16,4.07
332500.0,2852500.0,55.32953,25.78106,43,39.52,28.24
382500.0,2890500.0,55.82468,26.12899,43,46.27,430.9
292500.0,2838500.0,54.93299,25.64959,43,2.04,4.93
241500.0,2830500.0,54.42686,25.56935,43,58.38,17.3
442500.0,2780500.0,56.42954,25.13935,43,129.32,1.77
441500.0,2781500.0,56.41958,25.14835,43,135.71,4.82
404500.0,2875500.0,56.04581,25.99519,43,134.49,3.58
300500.0,2780500.0,55.0212,25.12724,43,79.71,2148.94
298500.0,2804500.0,54.99782,25.34358,43,172.64,12.73
284500.0,2913500.0,54.841,26.3252,43,83.16,6647.23
440500.0,2807500.0,56.40852,25.38309,43,14.35,28.09
346500.0,2866500.0,55.46748,25.90897,43,43.95,113.98
171500.0,2770500.0,53.74537,25.01449,43,99.04,2347.89
172500.0,2853500.0,53.73517,25.76303,43,134.11,664.54
318500.0,2841500.0,55.19147,25.68011,43,29.86,408.37
332500.0,2855500.0,55.32915,25.80814,43,39.47,3057.72
319500.0,2790500.0,55.20826,25.2199,43,65.45,59.28
305500.0,2841500.0,55.06199,25.67844,43,26.73,62.58
447500.0,2794500.0,56.47861,25.26596,43,70.36,3.7
276500.0,2915500.0,54.76056,26.34202,43,81.59,12482.68
302500.0,2815500.0,55.03594,25.44339,43,120.21,8.2
311500.0,2808500.0,55.12638,25.38138,43,137.21,29.38
351500.0,2869500.0,55.51705,25.93657,43,38.43,251.2
361500.0,2877500.0,55.61604,26.00978,43,30.4,35.54
221500.0,2715500.0,54.25121,24.52836,43,111.38,5.01
291500.0,2810500.0,54.92738,25.39676,43,101.81,1687.13
332500.0,2804500.0,55.33553,25.34778,43,177.69,129.26
269500.0,2781500.0,54.71372,25.13184,43,82.18,1.89
354500.0,2878500.0,55.546,26.01812,43,0.02,8529.36
242500.0,2782500.0,54.44593,25.13649,43,105.0,10.98
165500.0,2753500.0,53.6901,24.8599,43,80.34,124.3
300500.0,2777500.0,55.02163,25.10016,43,94.25,168.81
391500.0,2898500.0,55.91402,26.20192,43,129.4,3263.93
287500.0,2763500.0,54.89494,24.97204,43,97.13,1.42
292500.0,2788500.0,54.94067,25.19836,42,100.1,19.23
298500.0,2837500.0,54.99288,25.6414,42,9.28,6.3
311500.0,2778500.0,55.13053,25.1106,42,93.73,4.96
300500.0,2772500.0,55.02236,25.05503,42,92.77,6.33
308500.0,2834500.0,55.09287,25.61566,42,98.38,1.47
249500.0,2732500.0,54.52433,24.68653,42,22.92,23.34
252500.0,2770500.0,54.5472,25.02989,42,85.7,2.67
301500.0,2835500.0,55.02304,25.62376,42,44.28,8.05
308500.0,2835500.0,55.09273,25.62469,42,41.26,93.17
262500.0,2733500.0,54.65255,24.69762,42,17.94,6.63
316500.0,2847500.0,55.17072,25.73401,42,38.21,1.84
359500.0,2863500.0,55.59756,25.8832,42,37.67,63.1
395500.0,2882500.0,55.95534,26.05777,42,92.28,10.0
357500.0,2866500.0,55.57728,25.91009,42,32.86,33.38
437500.0,2782500.0,56.37985,25.15722,42,132.14,172.57
173500.0,2761500.0,53.76728,24.93377,42,98.43,56360.24
176500.0,2799500.0,53.788,25.27705,42,45.17,1959.69
294500.0,2779500.0,54.96186,25.11741,42,95.87,5.73
297500.0,2816500.0,54.98609,25.45174,42,60.58,24.07
324500.0,2819500.0,55.25412,25.48226,42,133.47,77.23
343500.0,2859500.0,55.43837,25.84546,42,33.7,133.81
369500.0,2871500.0,55.69656,25.95635,42,38.32,74.99
449500.0,2806500.0,56.49802,25.3744,42,7.32,1.34
260500.0,2754500.0,54.6292,24.88681,42,124.21,25.82
384500.0,2908500.0,55.84307,26.29166,42,45.12,276.36
259500.0,2779500.0,54.61495,25.11223,42,65.87,2278.98
339500.0,2856500.0,55.39884,25.81795,42,30.75,378.87
358500.0,2874500.0,55.5864,25.9824,42,54.64,3.7
290500.0,2780500.0,54.92206,25.12588,42,133.17,8.36
328500.0,2852500.0,55.28965,25.78059,42,115.83,42.02
294500.0,2784500.0,54.96111,25.16253,42,97.11,19.03
292500.0,2807500.0,54.93777,25.36983,42,74.73,12.79
246500.0,2734500.0,54.49435,24.70409,42,161.26,10.96
222500.0,2716500.0,54.26087,24.53756,42,85.78,594.93
316500.0,2797500.0,55.17755,25.28272,42,179.13,378.33
327500.0,2846500.0,55.28047,25.72632,42,37.49,239.86
377500.0,2884500.0,55.77524,26.07441,42,122.22,373.34
296500.0,2777500.0,54.98198,25.09963,42,25.21,82.54
328500.0,2849500.0,55.29004,25.75352,42,34.65,16.56
240500.0,2901500.0,54.40293,26.20965,42,75.29,1564.7
354500.0,2863500.0,55.54767,25.88271,42,123.65,99557.22
350500.0,2865500.0,55.50752,25.90036,42,38.81,85.6
213500.0,2735500.0,54.16826,24.70731,42,165.34,33.03
266500.0,2896500.0,54.66386,26.169,42,173.83,1579.08
448500.0,2781500.0,56.48903,25.1486,42,133.39,1.63
296500.0,2893500.0,54.96431,26.14649,42,84.85,255.3
347500.0,2863500.0,55.47781,25.88199,42,37.93,166.2
337500.0,2808500.0,55.38472,25.38444,42,145.65,5.55
237500.0,2777500.0,54.39733,25.09052,42,144.84,1186.1
286500.0,2780500.0,54.8824,25.12532,42,49.54,1002.01
258500.0,2801500.0,54.60115,25.31057,42,77.26,27.69
259500.0,2802500.0,54.6109,25.31976,42,160.67,538.01
328500.0,2810500.0,55.29504,25.40149,42,102.97,21.3
342500.0,2833500.0,55.43148,25.61066,42,163.58,157.42
221500.0,2712500.0,54.25179,24.50129,42,86.95,2.84
201500.0,2735500.0,54.04977,24.70502,42,172.48,55.59
275500.0,2789500.0,54.77189,25.20494,42,86.0,5.27
320500.0,2797500.0,55.21726,25.2832,42,44.87,26.03
305500.0,2827500.0,55.06403,25.55209,42,56.23,298.91
283500.0,2833500.0,54.84419,25.60318,42,114.3,4019.65
294500.0,2913500.0,54.94114,26.32668,42,175.69,15.26
311500.0,2781500.0,55.13012,25.13768,42,27.81,12.84
334500.0,2807500.0,55.35503,25.37509,42,179.64,8.18
382500.0,2887500.0,55.82495,26.10191,42,13.86,1.98
232500.0,2790500.0,54.34526,25.20691,42,164.09,17521.71
279500.0,2806500.0,54.80881,25.35894,42,22.96,142.21
334500.0,2847500.0,55.3501,25.73615,42,35.39,798.62
382500.0,2870500.0,55.82647,25.94844,42,23.2,10946.92
391500.0,2899500.0,55.91393,26.21095,42,42.41,846.63
327500.0,2878500.0,55.27628,26.01515,42,3.22,964.35
333500.0,2821500.0,55.34337,25.50135,42,161.41,16.26
163500.0,2754500.0,53.67009,24.86848,42,13.96,71.16
216500.0,2734500.0,54.19808,24.69884,42,162.43,2.12
276500.0,2771500.0,54.78474,25.04265,42,61.43,95.02
301500.0,2885500.0,55.01552,26.07499,42,19.82,735.56
298500.0,2768500.0,55.00313,25.01867,42,171.37,14.58
300500.0,2824500.0,55.01473,25.52435,42,16.53,11.08
381500.0,2907500.0,55.81312,26.28238,42,112.32,540.39
395500.0,2912500.0,55.95292,26.32861,42,105.53,58880.99
277500.0,2785500.0,54.79238,25.16914,42,6.3,2046.94
399500.0,2886500.0,55.99501,26.09417,42,6.58,17958.1
281500.0,2805500.0,54.82883,25.35021,42,140.41,9758.02
288500.0,2815500.0,54.89679,25.44146,42,135.06,564.29
373500.0,2891500.0,55.73457,26.13726,42,25.54,12943.91
259500.0,2792500.0,54.61267,25.22953,42,61.6,9419.16
388500.0,2890500.0,55.88468,26.12947,41,135.19,836.74
294500.0,2775500.0,54.96246,25.08131,41,154.1,7.16
278500.0,2797500.0,54.80035,25.27758,41,47.08,5.15
309500.0,2846500.0,55.10111,25.72409,41,15.13,315.63
386500.0,2896500.0,55.86416,26.18348,41,43.3,130.87
363500.0,2873500.0,55.63644,25.97386,41,36.31,23.7
220500.0,2722500.0,54.23996,24.59133,41,135.22,14.04
399500.0,2910500.0,55.99315,26.31084,41,48.23,24.85
344500.0,2860500.0,55.44823,25.8546,41,127.38,1316.17
248500.0,2765500.0,54.5085,24.98412,41,146.4,86.71
290500.0,2832500.0,54.91402,25.59516,41,30.11,6204.15
360500.0,2873500.0,55.60648,25.97357,41,33.2,8.7
210500.0,2733500.0,54.13905,24.68871,41,1.63,363.76
287500.0,2845500.0,54.88209,25.71205,41,59.31,39.58
226500.0,2712500.0,54.30109,24.50218,41,113.12,1115.88
289500.0,2778500.0,54.91245,25.10769,41,157.26,25.12
313500.0,2812500.0,55.1457,25.41774,41,115.86,95.9
289500.0,2789500.0,54.91076,25.20697,41,141.96,93.98
321500.0,2788500.0,55.22836,25.20209,41,139.21,2.68
397500.0,2908500.0,55.97327,26.29265,41,44.37,525.1
264500.0,2745500.0,54.67029,24.80622,41,127.06,77.91
284500.0,2841500.0,54.85285,25.67551,41,176.39,59.36
377500.0,2881500.0,55.77552,26.04733,41,44.74,60.52
236500.0,2765500.0,54.38972,24.98208,41,55.14,407.44
302500.0,2826500.0,55.03433,25.54267,41,34.87,6.3
311500.0,2852500.0,55.12019,25.7785,41,102.61,149.41
198500.0,2733500.0,54.02058,24.6864,41,89.68,16855.61
197500.0,2733500.0,54.01071,24.6862,41,179.58,541.15
290500.0,2793500.0,54.92007,25.2432,41,83.04,1334.78
178500.0,2766500.0,53.81556,24.97992,41,59.03,3638.23
264500.0,2823500.0,54.65688,25.51004,41,111.16,71.13
255500.0,2818500.0,54.5683,25.46347,41,17.84,768.21
253500.0,2820500.0,54.54806,25.48118,41,19.73,10469.71
304500.0,2841500.0,55.05203,25.67831,41,21.71,33.01
287500.0,2782500.0,54.89201,25.14351,41,25.44,114.91
378500.0,2867500.0,55.78681,25.92102,41,162.65,1.54
380500.0,2888500.0,55.80486,26.11077,41,41.35,28.84
329500.0,2836500.0,55.30168,25.63629,41,60.25,20.48
337500.0,2855500.0,55.37901,25.8087,41,33.96,236.53
333500.0,2854500.0,55.33925,25.79923,41,30.39,373.92
244500.0,2806500.0,54.46125,25.35335,41,48.17,3.04
317500.0,2851500.0,55.18013,25.77024,41,129.8,5.2
378500.0,2868500.0,55.78672,25.93005,41,74.51,16.79
447500.0,2800500.0,56.47838,25.32015,41,48.6,260.82
375500.0,2886500.0,55.75505,26.0923,41,48.72,51.89
293500.0,2813500.0,54.94679,25.42412,41,87.56,456.29
370500.0,2869500.0,55.70675,25.93839,41,140.89,6481.13
360500.0,2877500.0,55.60605,26.00968,41,26.07,48.43
374500.0,2883500.0,55.74534,26.06513,41,40.34,67.15
207500.0,2710500.0,54.11419,24.48068,41,90.15,3858.73
340500.0,2859500.0,55.40845,25.84514,41,40.26,2902.69
382500.0,2878500.0,55.82576,26.02066,41,38.7,37.02
322500.0,2849500.0,55.23024,25.7528,41,26.84,34.78
353500.0,2869500.0,55.53702,25.93677,41,42.82,1050.11
379500.0,2878500.0,55.79578,26.02041,41,134.92,13.98
391500.0,2891500.0,55.9146,26.13873,41,131.38,666.8
234500.0,2734500.0,54.37583,24.70206,41,9.15,8.51
313500.0,2843500.0,55.14139,25.69753,41,104.19,31.61
333500.0,2859500.0,55.33862,25.84436,41,30.27,1141.97
332500.0,2859500.0,55.32865,25.84424,41,31.98,210.39
241500.0,2883500.0,54.41651,26.04746,41,59.32,103.03
299500.0,2795500.0,55.00908,25.26249,41,68.01,135.81
312500.0,2828500.0,55.13353,25.56202,41,65.19,9.85
394500.0,2912500.0,55.9429,26.32854,41,107.23,6534.62
313500.0,2847500.0,55.14083,25.73363,41,16.93,3.35
353500.0,2878500.0,55.53601,26.01801,41,0.08,17384.94
399500.0,2908500.0,55.9933,26.29279,41,40.08,786.26
281500.0,2836500.0,54.8238,25.62995,41,127.09,640.72
265500.0,2766500.0,54.67663,24.99587,41,132.31,5618.58
261500.0,2808500.0,54.6297,25.37422,41,24.95,749.53
392500.0,2892500.0,55.92452,26.14783,41,132.03,2651.77
277500.0,2789500.0,54.79173,25.20523,40,70.26,435.22
399500.0,2897500.0,55.99416,26.19348,40,47.97,3.8
446500.0,2808500.0,56.46813,25.39235,40,10.26,3.1
243500.0,2725500.0,54.46636,24.62239,40,112.37,22.11
345500.0,2859500.0,55.45832,25.84568,40,36.01,212.93
387500.0,2876500.0,55.87589,26.003,40,178.71,2.16
442500.0,2781500.0,56.4295,25.14838,40,177.23,16.4
306500.0,2830500.0,55.07354,25.5793,40,42.06,100.99
244500.0,2722500.0,54.47677,24.59548,40,107.7,96.69
280500.0,2800500.0,54.81971,25.30494,40,50.57,11.64
299500.0,2773500.0,55.0123,25.06393,40,70.59,1.96
313500.0,2845500.0,55.14111,25.71558,40,46.4,5.1
316500.0,2838500.0,55.17196,25.65278,40,85.45,4.61
341500.0,2893500.0,55.41431,26.15215,40,108.96,3902.28
201500.0,2734500.0,54.04998,24.696,40,179.69,2926.35
228500.0,2719500.0,54.31947,24.56569,40,138.21,92.1
338500.0,2857500.0,55.38874,25.82687,40,39.24,148.34
208500.0,2737500.0,54.11847,24.72441,40,113.32,4.67
380500.0,2895500.0,55.80421,26.17397,40,69.22,4.57
185500.0,2734500.0,53.89204,24.69281,40,84.74,366.93
318500.0,2839500.0,55.19174,25.66205,40,37.07,98.2
309500.0,2843500.0,55.10154,25.69702,40,107.8,4408.36
276500.0,2799500.0,54.78017,25.29533,40,80.23,3.96
356500.0,2871500.0,55.56675,25.95513,40,36.99,213.32
346500.0,2865500.0,55.4676,25.89994,40,35.3,352.66
375500.0,2879500.0,55.75572,26.0291,40,42.83,25.49
237500.0,2852500.0,54.38275,25.7671,40,64.18,25213.14
163500.0,2753500.0,53.67034,24.85946,40,8.31,192.29
243500.0,2710500.0,54.46908,24.48704,40,114.8,6.17
261500.0,2754500.0,54.63909,24.88696,40,19.05,43.8
340500.0,2825500.0,55.41252,25.53823,40,138.33,4.18
314500.0,2808500.0,55.15619,25.38176,40,82.4,27.85
325500.0,2795500.0,55.26715,25.26574,40,87.32,5.61
354500.0,2868500.0,55.54711,25.92785,40,34.26,86.46
243500.0,2847500.0,54.44349,25.72306,40,147.42,155.04
335500.0,2854500.0,55.35919,25.79945,40,33.59,169.29
204500.0,2866500.0,54.05092,25.88707,40,76.28,5537.72
337500.0,2810500.0,55.38448,25.4025,40,161.83,5447.11
394500.0,2903500.0,55.94363,26.24729,40,40.05,220.52
180500.0,2852500.0,53.81507,25.75578,40,20.85,1082.27
328500.0,2797500.0,55.29668,25.28414,40,40.12,1.17
302500.0,2833500.0,55.03329,25.60584,40,42.72,70.76
283500.0,2793500.0,54.85061,25.24221,40,48.65,11282.74
256500.0,2773500.0,54.58629,25.05761,40,44.75,15.55
380500.0,2894500.0,55.80431,26.16494,40,45.51,3.74
339500.0,2880500.0,55.39591,26.03458,40,137.22,9.66
249500.0,2772500.0,54.51713,25.04744,40,160.07,2759.71
301500.0,2815500.0,55.026,25.44326,40,128.19,1.08
264500.0,2777500.0,54.66485,25.09497,40,42.45,311.66
362500.0,2873500.0,55.62645,25.97376,40,34.5,402.18
263500.0,2823500.0,54.64693,25.50988,40,116.7,65658.69
355500.0,2865500.0,55.55743,25.90086,40,130.29,181.81
253500.0,2742500.0,54.56208,24.77741,40,141.9,75.64
271500.0,2786500.0,54.73272,25.17726,40,132.58,6.51
354500.0,2870500.0,55.54689,25.9459,40,41.36,305.47
171500.0,2741500.0,53.75222,24.75301,40,75.95,1849.01
259500.0,2778500.0,54.61513,25.10321,40,75.26,7.81
319500.0,2846500.0,55.20075,25.72536,40,20.31,21.35
354500.0,2869500.0,55.547,25.93687,40,40.59,17197.65
396500.0,2895500.0,55.9643,26.17521,40,50.34,2486.74
353500.0,2868500.0,55.53713,25.92775,40,40.18,205.46
234500.0,2724500.0,54.37772,24.61184,40,54.56,3.56
227500.0,2860500.0,54.28148,25.83744,40,55.09,27366.08
218500.0,2861500.0,54.19157,25.84475,40,63.79,11272.53
294500.0,2813500.0,54.95673,25.42426,40,91.93,14.03
301500.0,2886500.0,55.01537,26.08401,40,23.88,893.0
385500.0,2893500.0,55.85442,26.15632,40,142.9,2576.15
229500.0,2891500.0,54.29502,26.11742,40,149.1,116.16
334500.0,2913500.0,55.34174,26.33187,40,101.76,11161.1
323500.0,2852500.0,55.23981,25.78,40,21.12,280.33
398500.0,2907500.0,55.98337,26.28369,40,43.25,720.82
346500.0,2841500.0,55.47038,25.6833,40,40.29,47.99
341500.0,2854500.0,55.41902,25.80011,40,20.3,200.23
389500.0,2875500.0,55.89595,25.99413,40,16.64,463.59
248500.0,2776500.0,54.5065,25.08337,40,50.93,4713.86
359500.0,2868500.0,55.59703,25.92834,40,38.62,18430.96
286500.0,2820500.0,54.87612,25.4863,40,161.06,345.95
274500.0,2777500.0,54.76395,25.0965,40,32.14,10647.98
272500.0,2819500.0,54.7371,25.47519,40,130.74,44664.31
284500.0,2774500.0,54.86352,25.07089,39,88.88,4.76
278500.0,2789500.0,54.80165,25.20538,39,4.06,13.57
321500.0,2789500.0,55.22823,25.21111,39,76.86,1.59
304500.0,2812500.0,55.05626,25.41658,39,175.06,11.65
315500.0,2846500.0,55.16089,25.72486,39,16.95,120.54
299500.0,2817500.0,55.00582,25.46104,39,97.19,4.09
319500.0,2843500.0,55.20116,25.69828,39,79.98,3.18
400500.0,2876500.0,56.00577,26.00395,39,66.25,179.19
330500.0,2810500.0,55.31491,25.40172,39,132.93,6.2
392500.0,2901500.0,55.92378,26.22908,39,39.58,32.24
243500.0,2738500.0,54.46398,24.73968,39,5.04,625.8
271500.0,2802500.0,54.73003,25.32164,39,56.31,22046.2
265500.0,2809500.0,54.66925,25.38387,39,167.83,15.36
291500.0,2832500.0,54.92397,25.5953,39,124.09,9818.79
324500.0,2793500.0,55.25749,25.24757,39,101.54,4.45
388500.0,2899500.0,55.88391,26.21072,39,47.53,235.01
166500.0,2735500.0,53.70427,24.69783,39,5.12,43.57
289500.0,2791500.0,54.91045,25.22501,39,106.29,21.65
336500.0,2855500.0,55.36904,25.80859,39,32.99,89.9
329500.0,2856500.0,55.29911,25.81682,39,38.65,721.11
305500.0,2891500.0,55.0546,26.12968,39,154.38,9.79
248500.0,2737500.0,54.51356,24.73148,39,66.7,1.16
300500.0,2826500.0,55.01443,25.5424,39,77.1,5.82
363500.0,2878500.0,55.63592,26.01899,39,28.08,172.42
235500.0,2715500.0,54.38927,24.53081,39,60.6,7.31
252500.0,2877500.0,54.5275,25.99526,39,147.23,53.25
378500.0,2885500.0,55.78514,26.08352,39,129.85,227.2
310500.0,2823500.0,55.11434,25.51664,39,153.42,4.26
368500.0,2858500.0,55.68788,25.8389,39,39.38,78.34
307500.0,2826500.0,55.08407,25.54333,39,49.3,4062.28
239500.0,2747500.0,54.42279,24.82021,39,57.64,69.47
339500.0,2859500.0,55.39847,25.84503,39,39.85,193.17
379500.0,2890500.0,55.79467,26.12875,39,43.05,560.56
351500.0,2866500.0,55.51739,25.90949,39,40.59,631.28
351500.0,2896500.0,55.51398,26.18029,39,109.96,12062.45
352500.0,2896500.0,55.52398,26.18039,39,109.47,2735.68
312500.0,2910500.0,55.12183,26.30208,39,172.91,41.37
292500.0,2882500.0,54.92607,26.04665,39,99.71,4167.85
293500.0,2882500.0,54.93606,26.0468,39,100.4,6569.4
337500.0,2807500.0,55.38484,25.37542,39,25.41,1.86
315500.0,2844500.0,55.16117,25.70681,39,100.46,1416.03
345500.0,2857500.0,55.45856,25.82762,39,59.76,6.65
368500.0,2867500.0,55.68698,25.92015,39,123.35,6371.67
204500.0,2733500.0,54.07981,24.68756,39,175.84,96.66
240500.0,2819500.0,54.41904,25.46994,39,160.52,1411.72
290500.0,2883500.0,54.90593,26.05539,39,8.68,32422.53
335500.0,2831500.0,55.36204,25.59184,39,64.58,118.06
379500.0,2886500.0,55.79504,26.09264,39,9.28,2.46
319500.0,2800500.0,55.20693,25.31016,39,148.63,91.12
400500.0,2901500.0,56.00386,26.22966,39,132.98,14191.9
312500.0,2808500.0,55.13632,25.38151,39,3.33,2.57
279500.0,2808500.0,54.80848,25.37699,39,46.42,1340.08
346500.0,2821500.0,55.47268,25.50276,39,130.55,13.11
315500.0,2890500.0,55.15472,26.12197,39,81.56,1973.62
374500.0,2885500.0,55.74515,26.08318,39,124.28,219.16
203500.0,2713500.0,54.07414,24.50698,39,178.35,3641.91
302500.0,2895500.0,55.024,26.16537,39,101.47,22.55
284500.0,2782500.0,54.86226,25.14308,39,140.04,2.56
216500.0,2813500.0,54.18182,25.41143,39,156.97,31.6
294500.0,2812500.0,54.95688,25.41523,39,167.69,138.75
303500.0,2890500.0,55.03476,26.12039,39,139.29,326.58
298500.0,2766500.0,55.00342,25.00061,39,156.26,145.09
299500.0,2801500.0,55.0082,25.31664,39,62.54,157.02
362500.0,2869500.0,55.62687,25.93765,39,127.18,11728.95
295500.0,2764500.0,54.974,24.98216,39,160.5,10.65
358500.0,2878500.0,55.58597,26.01851,39,0.23,764.49
286500.0,2836500.0,54.87357,25.63069,39,174.46,139.09
261500.0,2747500.0,54.64029,24.8238,39,14.05,2.74
401500.0,2907500.0,56.01341,26.2839,39,51.55,4.85
309500.0,2836500.0,55.10254,25.63384,39,179.82,5.13
253500.0,2810500.0,54.54989,25.39096,39,101.22,1276.79
323500.0,2812500.0,55.24509,25.41896,38,143.81,8.04
441500.0,2807500.0,56.41846,25.38313,38,12.73,25.75
408500.0,2917500.0,56.08281,26.37465,38,39.89,9.97
290500.0,2799500.0,54.91914,25.29735,38,70.15,15.97
325500.0,2843500.0,55.26093,25.69901,38,25.06,548.41
367500.0,2877500.0,55.67599,26.01034,38,44.6,11.11
401500.0,2906500.0,56.01349,26.27487,38,66.01,36.07
296500.0,2770500.0,54.98302,25.03645,38,86.58,46.33
319500.0,2844500.0,55.20102,25.70731,38,43.34,4.81
294500.0,2809500.0,54.95734,25.38816,38,81.32,272.47
182500.0,2734500.0,53.86243,24.6922,38,177.25,9.7
263500.0,2810500.0,54.64921,25.39258,38,13.01,39.4
288500.0,2838500.0,54.89316,25.64902,38,2.87,91.76
326500.0,2798500.0,55.2767,25.29294,38,149.15,31.79
359500.0,2873500.0,55.59649,25.97347,38,30.53,9.53
164500.0,2733500.0,53.68501,24.67936,38,169.11,6.48
297500.0,2835500.0,54.98322,25.62321,38,154.32,4.15
177500.0,2734500.0,53.81307,24.69116,38,0.8,404.78
323500.0,2798500.0,55.24691,25.29259,38,10.6,26.48
383500.0,2873500.0,55.83619,25.9756,38,130.68,7.81
442500.0,2793500.0,56.429,25.25675,38,76.98,107.8
216500.0,2859500.0,54.17206,25.82632,38,148.68,2008.48
269500.0,2896500.0,54.69385,26.16948,38,82.61,2324.55
327500.0,2848500.0,55.28021,25.74437,38,41.97,3.96
296500.0,2794500.0,54.97946,25.25306,38,91.46,645.38
238500.0,2855500.0,54.39212,25.79435,38,172.2,138.17
237500.0,2856500.0,54.38196,25.80319,38,147.53,3123.26
167500.0,2755500.0,53.70939,24.87837,38,32.49,19.34
246500.0,2847500.0,54.47337,25.72358,38,141.41,75.02
253500.0,2877500.0,54.53748,25.99543,38,128.04,6.47
175500.0,2771500.0,53.78471,25.02437,38,153.34,84.53
256500.0,2739500.0,54.59225,24.75082,38,108.06,16.64
229500.0,2858500.0,54.30183,25.81977,38,119.61,212.29
273500.0,2837500.0,54.744,25.63777,38,50.17,4876.51
335500.0,2834500.0,55.36167,25.61892,38,142.44,6704.41
309500.0,2864500.0,55.09852,25.88655,38,98.17,91.01
290500.0,2784500.0,54.92145,25.16198,38,102.86,130.84
299500.0,2804500.0,55.00775,25.34371,38,151.53,4.38
395500.0,2903500.0,55.95365,26.24736,38,41.89,477.43
243500.0,2832500.0,54.44637,25.58774,38,55.14,177.95
179500.0,2765500.0,53.82569,24.97112,38,68.46,12813.54
319500.0,2795500.0,55.20759,25.26503,38,91.24,114.65
317500.0,2852500.0,55.18,25.77926,38,149.18,376.05
162500.0,2758500.0,53.65924,24.90432,38,112.77,17.34
215500.0,2734500.0,54.18821,24.69866,38,155.38,19.67
303500.0,2891500.0,55.0346,26.12941,38,140.43,218.47
290500.0,2836500.0,54.91339,25.63126,38,59.69,1814.19
206500.0,2743500.0,54.09746,24.77815,38,114.7,4.18
256500.0,2761500.0,54.5884,24.94933,38,128.39,40.8
309500.0,2809500.0,55.10637,25.39015,38,112.93,9.79
322500.0,2801500.0,55.23659,25.31955,38,168.24,3.39
366500.0,2876500.0,55.6661,26.00122,38,47.28,87.02
200500.0,2896500.0,54.00418,26.15678,38,161.58,104.64
313500.0,2876500.0,55.13672,25.99537,38,95.53,109714.59
232500.0,2717500.0,54.35931,24.54834,38,28.26,38.85
253500.0,2899500.0,54.53332,26.1939,38,81.81,11558.44
285500.0,2790500.0,54.87092,25.21542,38,173.0,482.8
291500.0,2809500.0,54.92753,25.38774,38,101.27,2512.64
370500.0,2875500.0,55.70615,25.99255,38,48.63,15655.42
370500.0,2884500.0,55.70526,26.0738,38,25.3,611.57
407500.0,2916500.0,56.07285,26.36555,38,33.34,374.03
291500.0,2824500.0,54.92521,25.52311,38,120.77,365.63
333500.0,2835500.0,55.34163,25.62772,38,159.57,79.68
334500.0,2869500.0,55.34734,25.93473,38,112.52,653.7
300500.0,2892500.0,55.00446,26.13802,38,77.42,628.87
238500.0,2796500.0,54.40361,25.2621,38,50.98,67.18
335500.0,2913500.0,55.35175,26.33199,38,100.68,6956.61
266500.0,2818500.0,54.67763,25.46524,38,122.69,2804.0
291500.0,2827500.0,54.92475,25.55018,38,23.76,2.32
352500.0,2871500.0,55.52681,25.95473,38,42.52,516.92
304500.0,2842500.0,55.05188,25.68734,38,21.83,16.07
308500.0,2842500.0,55.09172,25.68786,38,15.26,304.47
259500.0,2809500.0,54.60966,25.38292,38,79.81,526573.81
288500.0,2845500.0,54.89205,25.71219,38,4.07,19.56
318500.0,2783500.0,55.19926,25.15659,38,105.35,17.28
296500.0,2765500.0,54.98376,24.99132,38,95.93,5.46
257500.0,2794500.0,54.59247,25.24725,38,179.83,67633.61
266500.0,2870500.0,54.66851,25.93442,38,64.38,128.28
301500.0,2783500.0,55.03068,25.15445,38,150.42,39132.43
307500.0,2833500.0,55.08306,25.6065,37,133.76,137.93
367500.0,2883500.0,55.67538,26.0645,37,22.77,1588.34
369500.0,2878500.0,55.69587,26.01955,37,122.36,128.13
441500.0,2787500.0,56.41932,25.20253,37,29.97,125.41
293500.0,2785500.0,54.95104,25.17142,37,103.38,17.9
365500.0,2875500.0,55.65621,25.9921,37,44.35,1249.13
289500.0,2803500.0,54.9086,25.33331,37,112.41,138.31
252500.0,2734500.0,54.55361,24.70507,37,45.72,30.98
314500.0,2840500.0,55.15177,25.67058,37,81.59,4.37
310500.0,2833500.0,55.11292,25.60689,37,168.07,611.38
307500.0,2868500.0,55.07798,25.92238,37,103.85,259.87
449500.0,2790500.0,56.49862,25.22991,37,62.86,1.9
327500.0,2855500.0,55.27929,25.80756,37,48.02,192.52
209500.0,2733500.0,54.12917,24.68852,37,0.16,479.77
240500.0,2782500.0,54.42611,25.13614,37,59.68,86.71
319500.0,2850500.0,55.20021,25.76146,37,63.64,5428.45
246500.0,2843500.0,54.47413,25.6875,37,170.73,38.87
288500.0,2785500.0,54.90146,25.17073,37,88.92,6.79
223500.0,2717500.0,54.27054,24.54676,37,116.81,8.15
245500.0,2739500.0,54.48356,24.74904,37,162.83,10.88
319500.0,2838500.0,55.20183,25.65315,37,42.92,317.44
360500.0,2874500.0,55.60637,25.9826,37,35.67,749.11
442500.0,2794500.0,56.42896,25.26578,37,66.36,12.08
368500.0,2857500.0,55.68798,25.82988,37,40.0,44.39
369500.0,2879500.0,55.69577,26.02857,37,39.41,42.19
294500.0,2796500.0,54.95931,25.27083,37,77.94,93.68
283500.0,2827500.0,54.84516,25.54903,37,24.41,30.8
326500.0,2811500.0,55.27503,25.41028,37,109.36,3.16
311500.0,2834500.0,55.12274,25.61605,37,34.62,4.24
320500.0,2820500.0,55.21421,25.49081,37,144.45,4.41
309500.0,2835500.0,55.10268,25.62482,37,129.2,550.6
166500.0,2748500.0,53.70118,24.81504,37,173.97,6.79
340500.0,2833500.0,55.41157,25.61044,37,50.97,1630.04
393500.0,2882500.0,55.93534,26.05762,37,92.72,7.51
354500.0,2867500.0,55.54722,25.91882,37,18.19,501.37
334500.0,2821500.0,55.35332,25.50146,37,78.39,201.16
297500.0,2808500.0,54.98729,25.37954,37,109.11,2.95
282500.0,2828500.0,54.83505,25.55791,37,13.16,4.57
396500.0,2902500.0,55.96374,26.23841,37,128.41,1090.21
330500.0,2825500.0,55.31303,25.53712,37,53.68,17.37
165500.0,2767500.0,53.68672,24.98613,37,141.56,2670.37
179500.0,2747500.0,53.82984,24.8088,37,174.1,4751.65
188500.0,2805500.0,53.90563,25.3337,37,28.66,2057.73
225500.0,2912500.0,54.25061,26.30607,37,78.22,1056.01
257500.0,2774500.0,54.59602,25.06679,37,164.31,226.07
291500.0,2839500.0,54.92287,25.65848,37,16.5,44.15
288500.0,2814500.0,54.89695,25.43244,37,38.36,32.79
319500.0,2831500.0,55.20278,25.58997,37,47.79,371.36
404500.0,2908500.0,56.04338,26.29313,37,42.9,85.97
313500.0,2807500.0,55.14639,25.37261,37,149.28,2.06
355500.0,2872500.0,55.55666,25.96405,37,40.18,280.57
186500.0,2737500.0,53.90124,24.72007,37,79.85,11918.58
261500.0,2883500.0,54.61625,26.0509,37,165.0,12.82
323500.0,2850500.0,55.24008,25.76195,37,25.11,383.85
319500.0,2889500.0,55.19485,26.11345,37,81.81,4573.55
385500.0,2885500.0,55.85512,26.0841,37,99.72,18.98
255500.0,2841500.0,54.56411,25.67098,37,160.1,30.72
312500.0,2799500.0,55.13756,25.30027,37,35.49,100.57
282500.0,2789500.0,54.84132,25.20597,37,66.56,2.8
395500.0,2894500.0,55.95437,26.16611,37,62.68,279.83
298500.0,2893500.0,54.98431,26.14677,37,80.71,6950.71
404500.0,2876500.0,56.04573,26.00422,37,91.92,60.8
409500.0,2912500.0,56.09318,26.32957,37,33.75,29.18
276500.0,2792500.0,54.78132,25.23216,37,7.48,10.47
256500.0,2783500.0,54.58451,25.14784,37,46.66,3520.31
393500.0,2912500.0,55.93288,26.32847,37,106.8,2794.01
281500.0,2835500.0,54.82396,25.62093,37,115.56,887.11
293500.0,2838500.0,54.94294,25.64973,37,172.12,56.64
285500.0,2844500.0,54.86233,25.70273,37,106.54,43688.29
349500.0,2864500.0,55.49766,25.89123,37,35.08,45.31
393500.0,2900500.0,55.93387,26.22013,36,42.04,373.96
303500.0,2813500.0,55.04617,25.42547,36,83.6,2.78
329500.0,2810500.0,55.30498,25.4016,36,118.39,4.8
365500.0,2874500.0,55.65631,25.98307,36,127.6,2650.66
448500.0,2805500.0,56.48812,25.36533,36,34.57,3.46
322500.0,2816500.0,55.23462,25.45494,36,51.85,3.4
358500.0,2867500.0,55.58715,25.91921,36,34.03,44.93
200500.0,2735500.0,54.0399,24.70483,36,0.14,17.2
292500.0,2832500.0,54.93392,25.59545,36,38.65,5.24
318500.0,2850500.0,55.19024,25.76134,36,112.08,7.19
363500.0,2877500.0,55.63602,26.00997,36,116.14,1000.04
193500.0,2734500.0,53.97101,24.69443,36,40.19,64.12
289500.0,2831500.0,54.90422,25.586,36,26.81,3539.61
273500.0,2829500.0,54.74535,25.56558,36,134.5,6.98
254500.0,2866500.0,54.54952,25.89636,36,91.79,4.05
321500.0,2889500.0,55.21484,26.1137,36,80.75,1395.85
363500.0,2870500.0,55.63675,25.94677,36,141.65,772.69
220500.0,2712500.0,54.24194,24.50111,36,84.76,4.71
200500.0,2734500.0,54.04011,24.69581,36,180.0,3339.87
253500.0,2737500.0,54.56296,24.7323,36,171.22,5.92
277500.0,2820500.0,54.78664,25.48498,36,122.35,3.69
327500.0,2847500.0,55.28034,25.73535,36,38.31,181.83
324500.0,2838500.0,55.25163,25.65376,36,127.39,32.3
297500.0,2839500.0,54.98262,25.65931,36,18.23,193.26
243500.0,2777500.0,54.45677,25.09155,36,57.63,61.58
242500.0,2776500.0,54.44705,25.08236,36,153.89,4804.83
222500.0,2855500.0,54.2327,25.7914,36,146.89,3407.48
311500.0,2836500.0,55.12245,25.6341,36,36.04,200.16
393500.0,2906500.0,55.93337,26.2743,36,49.01,138.41
225500.0,2856500.0,54.26238,25.80098,36,151.58,11071.06
310500.0,2844500.0,55.11136,25.70617,36,21.67,7752.71
342500.0,2859500.0,55.4284,25.84536,36,34.36,30.22
400500.0,2875500.0,56.00585,25.99492,36,102.91,7.86
298500.0,2833500.0,54.99348,25.6053,36,143.19,1553.81
306500.0,2765500.0,55.08279,24.99263,36,83.87,1.3
320500.0,2829500.0,55.213,25.57204,36,113.18,489.68
354500.0,2862500.0,55.54778,25.87368,36,27.81,255.11
196500.0,2836500.0,53.97803,25.6149,36,107.06,2530.6
293500.0,2780500.0,54.9518,25.12629,36,122.95,3.15
330500.0,2805500.0,55.31554,25.35658,36,135.34,2.8
304500.0,2846500.0,55.05129,25.72344,36,6.24,484.67
312500.0,2850500.0,55.13044,25.76058,36,103.63,6.21
342500.0,2861500.0,55.42816,25.86341,36,39.54,87.52
166500.0,2733500.0,53.70475,24.67979,36,179.49,24.35
240500.0,2902500.0,54.40273,26.21867,36,160.19,1215.79
345500.0,2833500.0,55.46135,25.61098,36,148.9,6886.62
278500.0,2808500.0,54.79855,25.37684,36,56.97,153.27
188500.0,2735500.0,53.92143,24.70244,36,92.84,144.85
299500.0,2774500.0,55.01216,25.07295,36,157.22,7505.35
277500.0,2792500.0,54.79124,25.23231,36,143.0,2338.16
317500.0,2810500.0,55.18572,25.40018,36,36.57,31.57
386500.0,2894500.0,55.86433,26.16543,36,50.55,11968.26
387500.0,2894500.0,55.87434,26.1655,36,52.16,87.29
307500.0,2846500.0,55.08118,25.72383,36,102.09,5943.86
187500.0,2801500.0,53.89663,25.29742,36,107.15,2538.45
220500.0,2731500.0,54.23818,24.67251,36,112.97,2.72
235500.0,2800500.0,54.37307,25.29766,36,147.47,3256.66
265500.0,2839500.0,54.66402,25.65456,36,82.77,7448.42
297500.0,2880500.0,54.97633,26.02931,36,175.47,228.2
321500.0,2811500.0,55.22534,25.40969,36,81.78,452.28
305500.0,2821500.0,55.06489,25.49794,36,148.76,3260.42
320500.0,2792500.0,55.21792,25.23807,36,64.22,25.48
439500.0,2789500.0,56.39938,25.22051,36,72.77,28.55
194500.0,2736500.0,53.98044,24.71267,36,179.98,11659.44
169500.0,2802500.0,53.71786,25.30257,36,109.83,10501.06
168500.0,2833500.0,53.70032,25.58183,36,101.48,19369.98
200500.0,2716500.0,54.04393,24.53346,36,109.68,17.9
207500.0,2860500.0,54.08216,25.83357,36,64.07,13576.0
220500.0,2856500.0,54.21256,25.80004,36,144.73,38725.35
211500.0,2889500.0,54.11564,26.0959,36,164.36,312.44
265500.0,2821500.0,54.66717,25.49215,36,31.17,1213.62
277500.0,2823500.0,54.78614,25.51205,36,128.07,3500.54
255500.0,2894500.0,54.55426,26.14913,36,61.73,2806.89
329500.0,2829500.0,55.30257,25.57311,36,26.79,1.76
293500.0,2839500.0,54.94279,25.65876,36,21.47,117.81
408500.0,2911500.0,56.08323,26.32048,36,41.47,54.71
291500.0,2794500.0,54.92984,25.25237,36,3.58,205.38
376500.0,2884500.0,55.76524,26.07433,36,119.45,556.59
166500.0,2754500.0,53.69974,24.86914,36,161.36,2.19
218500.0,2721500.0,54.22043,24.58194,36,89.85,1488.46
318500.0,2832500.0,55.19269,25.59887,36,142.77,14.95
398500.0,2899500.0,55.98399,26.21146,36,134.73,849.43
222500.0,2864500.0,54.23081,25.87257,36,144.76,15277.43
260500.0,2883500.0,54.60626,26.05073,36,96.0,1264.54
248500.0,2845500.0,54.49366,25.70588,36,82.61,20759.63
316500.0,2844500.0,55.17113,25.70693,36,1.88,224.89
370500.0,2876500.0,55.70606,26.00158,36,44.73,63.75
224500.0,2715500.0,54.28079,24.52889,36,26.13,1342.71
218500.0,2734500.0,54.21783,24.69921,36,73.92,263.73
306500.0,2831500.0,55.0734,25.58832,36,36.25,1243.28
384500.0,2893500.0,55.84441,26.15624,36,51.3,249.62
383500.0,2891500.0,55.83459,26.1381,36,40.32,82.5
218500.0,2714500.0,54.22182,24.51879,36,93.23,348.73
212500.0,2805500.0,54.1438,25.33851,36,66.25,148068.04
256500.0,2819500.0,54.57806,25.47265,36,21.4,564.28
262500.0,2787500.0,54.6433,25.18489,36,150.38,1171.11
209500.0,2739500.0,54.12793,24.74264,36,99.6,26.04
197500.0,2759500.0,54.00508,24.9207,36,27.25,48676.54
312500.0,2786500.0,55.13935,25.18294,36,159.06,237.63
303500.0,2885500.0,55.03551,26.07526,36,100.96,147.83
284500.0,2786500.0,54.86163,25.17918,36,92.61,8.55
261500.0,2746500.0,54.64046,24.81477,36,71.39,3.26
285500.0,2802500.0,54.86903,25.32372,36,157.97,242.37
337500.0,2834500.0,55.38158,25.61914,36,165.22,8719.9
261500.0,2842500.0,54.62366,25.68099,36,161.93,1828.73
254500.0,2810500.0,54.55982,25.39112,36,123.51,1.56
219500.0,2861500.0,54.20154,25.84494,36,67.45,62101.06
337500.0,2891500.0,55.37455,26.13365,36,113.85,43.88
304500.0,2832500.0,55.05335,25.59708,36,29.66,578.54
356500.0,2898500.0,55.56378,26.19885,35,110.94,4696.39
290500.0,2790500.0,54.92053,25.21613,35,60.12,1689.1
283500.0,2770500.0,54.85424,25.03464,35,0.05,838.98
271500.0,2799500.0,54.73054,25.29457,35,49.51,1.7
315500.0,2849500.0,55.16048,25.75194,35,115.49,13597.65
165500.0,2733500.0,53.69488,24.67958,35,4.28,29.76
187500.0,2734500.0,53.91178,24.69322,35,0.32,163.88
200500.0,2746500.0,54.03754,24.80404,35,129.18,47.42
291500.0,2818500.0,54.92614,25.46896,35,37.25,17996.62
254500.0,2898500.0,54.54351,26.18505,35,84.59,234.26
342500.0,2915500.0,55.42163,26.35083,35,100.95,4596.8
447500.0,2796500.0,56.47853,25.28402,35,69.6,5.79
345500.0,2856500.0,55.45867,25.8186,35,25.95,147.57
247500.0,2771500.0,54.49751,25.03809,35,13.36,5.4
294500.0,2823500.0,54.9552,25.5145,35,96.25,2.19
264500.0,2822500.0,54.65705,25.50101,35,83.79,1.47
304500.0,2839500.0,55.05232,25.66026,35,30.62,13.87
338500.0,2856500.0,55.38886,25.81784,35,36.17,83.73
310500.0,2864500.0,55.1085,25.88668,35,144.37,268.89
399500.0,2906500.0,55.99346,26.27473,35,45.69,295.65
291500.0,2791500.0,54.93029,25.22529,35,169.34,3616.79
277500.0,2786500.0,54.79221,25.17816,35,97.14,45.89
356500.0,2864500.0,55.56751,25.89194,35,26.62,217.92
195500.0,2743500.0,53.98879,24.776,35,60.54,24006.25
242500.0,2746500.0,54.45263,24.81169,35,171.33,21.96
224500.0,2856500.0,54.25242,25.80079,35,149.53,32.19
310500.0,2910500.0,55.10181,26.30182,35,88.12,416.17
362500.0,2899500.0,55.62371,26.20847,35,33.87,1020.84
395500.0,2899500.0,55.95397,26.21125,35,143.37,1917.99
439500.0,2787500.0,56.39947,25.20245,35,62.56,19.6
240500.0,2832500.0,54.41653,25.58722,35,109.47,18.9
275500.0,2810500.0,54.76842,25.39444,35,72.08,4.25
285500.0,2841500.0,54.86281,25.67566,35,175.38,108.13
317500.0,2848500.0,55.18055,25.74316,35,20.11,5.95
303500.0,2884500.0,55.03566,26.06624,35,99.68,30.97
435500.0,2785500.0,56.35987,25.18422,35,145.44,2.34
405500.0,2909500.0,56.05332,26.30223,35,42.36,407.8
289500.0,2784500.0,54.91153,25.16184,35,22.71,3276.93
287500.0,2788500.0,54.89108,25.19766,35,104.09,24.34
304500.0,2827500.0,55.05408,25.55196,35,47.93,7.89
221500.0,2714500.0,54.2514,24.51934,35,71.93,8.7
281500.0,2832500.0,54.82445,25.59386,35,17.08,3.65
332500.0,2850500.0,55.32979,25.76301,35,114.37,3595.29
352500.0,2858500.0,55.52827,25.83737,35,57.59,14.34
384500.0,2894500.0,55.84432,26.16527,35,51.65,159.15
382500.0,2889500.0,55.82477,26.11997,35,141.52,1062.98
283500.0,2782500.0,54.85235,25.14294,35,164.35,11.48
344500.0,2863500.0,55.44788,25.88168,35,129.35,4791.55
349500.0,2865500.0,55.49754,25.90026,35,39.55,1454.49
303500.0,2834500.0,55.0431,25.615,35,59.43,3.07
318500.0,2828500.0,55.19323,25.56277,35,17.05,86570.26
337500.0,2861500.0,55.37827,25.86286,35,123.34,30997.2
315500.0,2910500.0,55.15187,26.30247,35,97.83,372.11
176500.0,2733500.0,53.80343,24.68193,35,177.73,1178.44
312500.0,2846500.0,55.131,25.72448,35,20.57,319.98
355500.0,2867500.0,55.55721,25.91892,35,43.63,889.6
269500.0,2842500.0,54.70332,25.68226,35,83.87,51.25
408500.0,2885500.0,56.08507,26.08574,35,5.21,2335.29
206500.0,2710500.0,54.10433,24.48049,35,89.96,5454.47
225500.0,2812500.0,54.27141,25.4041,35,76.52,3283.43
272500.0,2786500.0,54.74263,25.17741,35,52.42,2.13
262500.0,2883500.0,54.62624,26.05106,35,158.15,102.12
382500.0,2908500.0,55.82304,26.29149,35,97.92,807.72
391500.0,2904500.0,55.91352,26.25609,35,44.22,512.16
287500.0,2778500.0,54.89263,25.10741,35,38.96,7.31
343500.0,2863500.0,55.4379,25.88157,35,58.83,21.16
388500.0,2879500.0,55.88562,26.03016,35,123.62,111.19
376500.0,2883500.0,55.76533,26.0653,35,131.78,3060.37
390500.0,2903500.0,55.90359,26.24699,35,43.81,1318.68
201500.0,2866500.0,54.02101,25.88646,35,84.21,757.93
301500.0,2791500.0,55.02951,25.22665,35,173.1,5285.78
323500.0,2849500.0,55.24021,25.75292,35,7.22,29.37
245500.0,2846500.0,54.4636,25.71439,35,20.88,149.36
293500.0,2843500.0,54.94217,25.69486,35,11.94,2063.64
299500.0,2840500.0,55.00238,25.66861,35,110.01,17917.63
271500.0,2867500.0,54.71892,25.90815,35,64.46,7659.55
312500.0,2848500.0,55.13072,25.74253,35,149.04,5.57
256500.0,2918500.0,54.55973,26.36581,35,172.53,48.62
313500.0,2835500.0,55.14251,25.62533,35,33.65,1549.8
185500.0,2745500.0,53.88957,24.79201,35,44.86,9569.88
353500.0,2860500.0,55.53802,25.85553,35,110.04,335.72
311500.0,2819500.0,55.12484,25.48066,35,110.08,7.16
394500.0,2881500.0,55.94542,26.04867,35,165.42,1.41
306500.0,2836500.0,55.07267,25.63345,35,141.98,251.99
196500.0,2870500.0,53.97025,25.9215,35,61.41,6943.81
243500.0,2814500.0,54.44981,25.42536,35,137.3,64.88
298500.0,2778500.0,55.00166,25.10892,34,149.3,9300.95
361500.0,2876500.0,55.61615,26.00075,34,25.64,2858.8
288500.0,2777500.0,54.90269,25.09853,34,7.41,3.39
288500.0,2793500.0,54.90022,25.24292,34,32.9,3169.73
292500.0,2803500.0,54.93839,25.33373,34,137.23,475.03
305500.0,2769500.0,55.07232,25.02861,34,3.6,1.56
313500.0,2775500.0,55.15076,25.08377,34,86.22,6.0
448500.0,2808500.0,56.48801,25.39242,34,15.86,5.02
207500.0,2733500.0,54.10943,24.68814,34,177.27,632.71
266500.0,2840500.0,54.6738,25.66374,34,177.4,1273.97
223500.0,2718500.0,54.27034,24.55578,34,112.95,8.32
298500.0,2815500.0,54.99618,25.44285,34,61.73,17.93
334500.0,2858500.0,55.34872,25.83544,34,27.76,410.77
333500.0,2857500.0,55.33887,25.8263,34,34.67,53.85
257500.0,2809500.0,54.5898,25.38259,34,169.69,73.14
356500.0,2865500.0,55.56741,25.90096,34,127.89,8597.82
356500.0,2866500.0,55.5673,25.90999,34,41.14,6.65
373500.0,2864500.0,55.73718,25.89351,34,35.37,12.83
287500.0,2838500.0,54.88321,25.64888,34,0.72,77.48
330500.0,2814500.0,55.31441,25.43782,34,127.15,23.33
336500.0,2849500.0,55.36978,25.75443,34,19.01,3.57
313500.0,2860500.0,55.13899,25.85096,34,3.84,75.43
448500.0,2789500.0,56.48873,25.22085,34,37.58,15.68
248500.0,2843500.0,54.49404,25.68784,34,156.82,11.75
336500.0,2808500.0,55.37479,25.38434,34,65.51,1.44
168500.0,2746500.0,53.72141,24.79744,34,8.66,1.08
249500.0,2741500.0,54.52272,24.76774,34,138.36,2561.05
269500.0,2916500.0,54.69028,26.34993,34,83.44,697.98
320500.0,2839500.0,55.21166,25.6623,34,42.43,389.22
233500.0,2848500.0,54.3437,25.7303,34,93.09,1223.48
291500.0,2775500.0,54.93273,25.08089,34,153.88,10.46
309500.0,2910500.0,55.09179,26.30168,34,176.1,7.78
167500.0,2743500.0,53.71225,24.77018,34,79.89,4118.19
223500.0,2716500.0,54.27073,24.53774,34,76.75,2.04
205500.0,2905500.0,54.05209,26.23897,34,80.47,13192.91
361500.0,2875500.0,55.61626,25.99172,34,37.84,160.39
377500.0,2880500.0,55.77561,26.0383,34,44.12,1268.01
256500.0,2737500.0,54.5926,24.73278,34,16.84,17.18
263500.0,2842500.0,54.64358,25.68131,34,89.7,6220.89
267500.0,2896500.0,54.67386,26.16916,34,173.9,410.27
332500.0,2810500.0,55.33479,25.40194,34,139.29,5.86
238500.0,2768500.0,54.40895,25.00949,34,61.83,214.58
314500.0,2816500.0,55.15509,25.45396,34,97.42,21.82
357500.0,2870500.0,55.57684,25.9462,34,128.23,16768.67
274500.0,2783500.0,54.76296,25.15064,34,56.67,1.79
383500.0,2893500.0,55.83441,26.15616,34,51.68,165.89
253500.0,2767500.0,54.55764,25.00299,34,110.87,15.33
312500.0,2839500.0,55.13199,25.6613,34,29.03,27.46
170500.0,2742500.0,53.74211,24.76181,34,71.79,603.87
291500.0,2796500.0,54.92953,25.27042,34,75.52,115.86
378500.0,2880500.0,55.7856,26.03838,34,51.35,44.55
253500.0,2821500.0,54.54788,25.4902,34,167.49,1405.48
262500.0,2819500.0,54.6377,25.47363,34,178.89,1417.68
312500.0,2830500.0,55.13325,25.58007,34,64.44,3551.73
342500.0,2880500.0,55.42588,26.03491,34,178.67,4872.98
203500.0,2862500.0,54.04185,25.8508,34,155.77,192.86
287500.0,2758500.0,54.89571,24.92691,34,142.47,2.45
268500.0,2896500.0,54.68385,26.16932,34,173.24,107.32
321500.0,2873500.0,55.21703,25.9693,34,37.86,418.73
218500.0,2719500.0,54.22083,24.5639,34,179.02,12621.35
207500.0,2742500.0,54.10755,24.76932,34,91.62,3.28
293500.0,2812500.0,54.94694,25.41509,34,59.64,1960.25
292500.0,2835500.0,54.93345,25.62252,34,117.11,120680.04
275500.0,2915500.0,54.75054,26.34186,34,81.93,19896.26
300500.0,2811500.0,55.01665,25.40702,34,157.56,13.3
439500.0,2788500.0,56.39943,25.21148,34,71.92,24.24
253500.0,2769500.0,54.55728,25.02103,34,97.3,29.77
170500.0,2818500.0,53.72388,25.44704,34,148.6,27347.77
195500.0,2829500.0,53.96967,25.55157,34,48.85,83847.93
221500.0,2865500.0,54.22063,25.8814,34,149.12,10736.63
290500.0,2777500.0,54.92252,25.09881,34,155.61,23.58
262500.0,2823500.0,54.63699,25.50972,34,122.21,6061.39
356500.0,2869500.0,55.56697,25.93707,34,52.89,2.67
377500.0,2877500.0,55.77589,26.01122,34,49.54,6.82
329500.0,2853500.0,55.2995,25.78974,34,116.82,77.41
165500.0,2779500.0,53.68381,25.09432,34,171.64,595.46
203500.0,2714500.0,54.07393,24.516,34,1.81,6251.36
253500.0,2771500.0,54.55693,25.03908,34,96.13,11.98
289500.0,2798500.0,54.90937,25.28819,34,9.82,28.19
270500.0,2895500.0,54.70403,26.16062,34,81.06,85996.36
345500.0,2853500.0,55.45903,25.79152,34,28.95,1956.6
365500.0,2872500.0,55.65652,25.96502,34,50.04,13.85
384500.0,2880500.0,55.84556,26.03888,34,149.97,806.48
322500.0,2798500.0,55.23698,25.29247,34,176.14,4.75
245500.0,2843500.0,54.46417,25.68732,34,79.12,465.93
299500.0,2783500.0,55.01084,25.15418,34,5.35,60599.41
314500.0,2856500.0,55.14953,25.81499,34,168.22,9873.72
401500.0,2888500.0,56.01486,26.11236,34,139.25,7466.95
321500.0,2852500.0,55.21987,25.77976,34,20.21,47.02
292500.0,2783500.0,54.94143,25.15323,34,21.56,241.98
235500.0,2847500.0,54.36382,25.72164,34,58.14,1809.27
284500.0,2825500.0,54.85543,25.53113,34,135.16,1030.69
289500.0,2858500.0,54.89995,25.82965,34,56.79,36919.78
279500.0,2841500.0,54.80306,25.67477,34,1.63,1571.81
283500.0,2823500.0,54.84581,25.51294,34,77.9,589.32
281500.0,2826500.0,54.82543,25.53971,34,47.75,32.75
187500.0,2859500.0,53.88311,25.82041,34,57.23,11775.71
185500.0,2890500.0,53.85576,26.09948,34,61.39,17575.2
281500.0,2825500.0,54.82559,25.53069,34,55.32,551.98
256500.0,2868500.0,54.5691,25.91474,34,164.04,50.88
225500.0,2779500.0,54.27806,25.10642,34,58.17,51217.93
283500.0,2821500.0,54.84613,25.49489,34,176.91,11780.44
297500.0,2836500.0,54.98307,25.63224,34,10.51,302.2
277500.0,2821500.0,54.78647,25.494,34,2.87,6489.09
318500.0,2821500.0,55.19418,25.49959,34,18.04,6.0
287500.0,2807500.0,54.88811,25.36913,34,112.53,12790.89
302500.0,2817500.0,55.03565,25.46144,34,127.76,13.52
271500.0,2829500.0,54.72546,25.56527,34,20.41,85.79
300500.0,2785500.0,55.02047,25.17237,34,165.85,20298.28
394500.0,2874500.0,55.94599,25.98547,34,72.42,8855.35
302500.0,2841500.0,55.03211,25.67804,33,111.73,151.39
309500.0,2842500.0,55.10168,25.68799,33,11.8,9.78
440500.0,2788500.0,56.40936,25.21152,33,66.91,12.19
319500.0,2841500.0,55.20143,25.68023,33,33.35,45.07
346500.0,2863500.0,55.46783,25.88189,33,40.62,21.86
198500.0,2744500.0,54.01821,24.78561,33,44.67,1922.21
317500.0,2794500.0,55.18788,25.25576,33,168.05,17.61
175500.0,2800500.0,53.77784,25.28585,33,48.11,6424.19
205500.0,2737500.0,54.08884,24.72384,33,134.62,33.37
291500.0,2781500.0,54.93182,25.13504,33,8.76,1.12
299500.0,2890500.0,54.99477,26.11984,33,143.69,68.13
306500.0,2848500.0,55.07093,25.74175,33,94.69,8863.75
259500.0,2754500.0,54.61931,24.88665,33,128.1,4153.52
303500.0,2814500.0,55.04603,25.4345,33,148.12,1.72
342500.0,2893500.0,55.42431,26.15225,33,122.28,250.47
385500.0,2908500.0,55.85309,26.29174,33,108.59,2614.47
202500.0,2866500.0,54.03098,25.88666,33,169.33,15.57
342500.0,2857500.0,55.42864,25.8273,33,123.4,67.16
317500.0,2850500.0,55.18027,25.76121,33,60.06,61.09
443500.0,2807500.0,56.43834,25.38321,33,10.39,6.18
252500.0,2763500.0,54.54846,24.96673,33,11.96,8.86
290500.0,2791500.0,54.92037,25.22515,33,130.92,25.86
294500.0,2793500.0,54.95976,25.24376,33,89.26,319.76
322500.0,2847500.0,55.23051,25.73475,33,135.85,522.53
245500.0,2735500.0,54.48429,24.71294,33,134.22,5212.9
268500.0,2916500.0,54.68027,26.34977,33,114.06,51.5
384500.0,2907500.0,55.84316,26.28263,33,47.38,917.51
188500.0,2834500.0,53.89893,25.5952,33,133.28,808.6
296500.0,2778500.0,54.98184,25.10865,33,7.18,8142.43
310500.0,2858500.0,55.10936,25.83253,33,100.84,3.82
447500.0,2803500.0,56.47826,25.34724,33,167.73,9.82
297500.0,2789500.0,54.99012,25.20807,33,81.74,873.05
333500.0,2812500.0,55.34448,25.42011,33,119.56,50.19
402500.0,2914500.0,56.0229,26.34716,33,30.63,78.89
317500.0,2890500.0,55.17471,26.12223,33,84.62,10363.52
178500.0,2765500.0,53.8158,24.9709,33,157.54,64.63
298500.0,2822500.0,54.99513,25.50603,33,146.72,1369.87
324500.0,2806500.0,55.25581,25.36492,33,77.58,105.61
373500.0,2885500.0,55.73515,26.08309,33,52.93,49.99
400500.0,2913500.0,56.00293,26.338,33,37.59,15.8
301500.0,2843500.0,55.02185,25.69596,33,23.86,14880.28
310500.0,2818500.0,55.11504,25.47151,33,102.4,5.29
185500.0,2876500.0,53.85913,25.97326,33,60.01,107049.56
201500.0,2733500.0,54.0502,24.68699,33,90.79,2028.47
233500.0,2801500.0,54.35303,25.30632,33,55.94,2805.02
234500.0,2828500.0,54.35764,25.55007,33,135.66,25007.32
246500.0,2881500.0,54.46683,26.0303,33,177.96,1796.17
296500.0,2813500.0,54.9766,25.42453,33,65.75,7.38
344500.0,2831500.0,55.45162,25.59282,33,54.98,21.34
330500.0,2794500.0,55.31691,25.25729,33,153.64,2.56
240500.0,2773500.0,54.42781,25.05495,33,155.31,2.58
237500.0,2878500.0,54.37757,26.00164,33,84.58,274099.63
236500.0,2878500.0,54.36759,26.00146,33,174.35,6818.91
206500.0,2908500.0,54.06141,26.26623,33,163.88,40.03
208500.0,2910500.0,54.08096,26.28467,33,72.36,3586.85
257500.0,2822500.0,54.58746,25.49989,33,117.4,49874.74
284500.0,2839500.0,54.85318,25.65747,33,177.91,9.74
266500.0,2884500.0,54.66601,26.06073,33,79.62,73.72
344500.0,2881500.0,55.44574,26.04416,33,95.04,622.92
256500.0,2898500.0,54.5635,26.18539,33,82.41,5414.96
335500.0,2812500.0,55.36436,25.42033,33,79.92,47.02
313500.0,2836500.0,55.14237,25.63435,33,41.12,11.48
242500.0,2835500.0,54.43585,25.61463,33,62.87,11.12
291500.0,2795500.0,54.92968,25.26139,33,168.67,37173.36
401500.0,2902500.0,56.01379,26.23876,33,63.69,89.49
166500.0,2780500.0,53.69347,25.10355,33,149.16,595.99
316500.0,2805500.0,55.17647,25.35493,33,138.8,618.4
381500.0,2878500.0,55.81577,26.02058,33,38.2,56.52
278500.0,2804500.0,54.7992,25.34074,33,130.41,5.32
243500.0,2764500.0,54.45919,24.97426,33,133.53,2294.79
313500.0,2804500.0,55.1468,25.34553,33,62.7,246.13
309500.0,2881500.0,55.09605,26.03997,33,138.69,17.96
369500.0,2875500.0,55.69617,25.99246,33,43.58,34.6
357500.0,2860500.0,55.57793,25.85593,33,134.06,2173.99
399500.0,2911500.0,55.99307,26.31987,33,24.48,3.75
379500.0,2913500.0,55.79253,26.33638,33,128.2,411494.33
394500.0,2905500.0,55.94347,26.26534,33,46.04,1163.57
169500.0,2754500.0,53.72939,24.86979,33,82.32,983.8
255500.0,2782500.0,54.57478,25.13865,33,46.8,6385.11
309500.0,2832500.0,55.10311,25.59774,33,47.59,2163.3
274500.0,2807500.0,54.75899,25.36722,33,102.7,1.54
298500.0,2913500.0,54.98119,26.32725,33,109.47,137.97
307500.0,2842500.0,55.08176,25.68773,33,109.99,1200.97
300500.0,2890500.0,55.00477,26.11997,33,85.76,33226.82
362500.0,2900500.0,55.6236,26.21749,33,109.19,91.35
280500.0,2836500.0,54.81385,25.6298,33,77.41,9321.37
439500.0,2791500.0,56.3993,25.23857,33,41.51,9.63
305500.0,2843500.0,55.0617,25.69649,33,23.54,89.41
257500.0,2743500.0,54.60144,24.78707,33,176.83,34166.07
259500.0,2734500.0,54.62275,24.70618,32,82.3,1041.97
307500.0,2831500.0,55.08335,25.58845,32,50.81,14.26
289500.0,2777500.0,54.9126,25.09867,32,12.46,2.73
386500.0,2908500.0,55.8631,26.29182,32,108.31,2986.74
403500.0,2911500.0,56.03314,26.32015,32,34.65,39.99
268500.0,2816500.0,54.69785,25.44751,32,83.74,21.73
208500.0,2733500.0,54.1193,24.68833,32,178.26,288.39
232500.0,2713500.0,54.36006,24.51225,32,129.7,10.13
313500.0,2782500.0,55.14981,25.14696,32,172.17,4.55
291500.0,2782500.0,54.93167,25.14407,32,13.4,197.34
343500.0,2812500.0,55.44388,25.4212,32,163.35,4.83
324500.0,2816500.0,55.25451,25.45518,32,28.5,118.15
333500.0,2858500.0,55.33875,25.83533,32,27.46,54385.71
405500.0,2869500.0,56.05623,25.94109,32,79.04,2.13
290500.0,2765500.0,54.92434,24.9905,32,71.56,86.66
171500.0,2734500.0,53.75386,24.68989,32,178.7,2326.98
166500.0,2760500.0,53.6983,24.92323,32,146.47,233.49
202500.0,2735500.0,54.05964,24.70522,32,172.68,40.08
260500.0,2781500.0,54.62451,25.13043,32,65.28,7987.92
287500.0,2814500.0,54.88701,25.4323,32,37.94,11.25
265500.0,2824500.0,54.66665,25.51922,32,164.41,4379.42
340500.0,2857500.0,55.40869,25.82709,32,31.22,377.77
232500.0,2716500.0,54.35949,24.53932,32,9.01,5.25
310500.0,2798500.0,55.11784,25.291,32,91.43,2723.02
311500.0,2865500.0,55.11833,25.89583,32,53.82,32.56
255500.0,2765500.0,54.5778,24.98527,32,98.37,204.6
281500.0,2842500.0,54.82282,25.6841,32,9.71,358.56
443500.0,2808500.0,56.4383,25.39224,32,13.8,7.1
407500.0,2918500.0,56.07271,26.38361,32,38.41,94.71
263500.0,2787500.0,54.65321,25.18505,32,67.66,82.3
274500.0,2812500.0,54.75815,25.41233,32,58.38,347.54
253500.0,2838500.0,54.54475,25.64358,32,133.76,24327.24
352500.0,2868500.0,55.52715,25.92764,32,40.95,405.08
258500.0,2820500.0,54.59776,25.482,32,22.39,682.77
303500.0,2835500.0,55.04295,25.62403,32,38.22,244.94
369500.0,2882500.0,55.69547,26.05566,32,41.0,1627.46
179500.0,2743500.0,53.83076,24.77273,32,179.22,2.51
355500.0,2863500.0,55.55764,25.88281,32,28.33,623.62
236500.0,2853500.0,54.37259,25.77594,32,63.22,9160.5
305500.0,2846500.0,55.06126,25.72357,32,7.59,1024.18
298500.0,2807500.0,54.99737,25.37065,32,80.69,8.92
317500.0,2797500.0,55.18747,25.28284,32,177.5,16.86
371500.0,2876500.0,55.71605,26.00167,32,49.22,619.74
253500.0,2819500.0,54.54824,25.47216,32,25.3,190.98
338500.0,2858500.0,55.38862,25.83589,32,38.88,143.63
230500.0,2858500.0,54.31179,25.81995,32,147.63,4030.66
278500.0,2815500.0,54.7974,25.44001,32,156.99,2403.98
284500.0,2803500.0,54.85895,25.3326,32,118.15,1.55
309500.0,2863500.0,55.09866,25.87752,32,96.85,15.92
372500.0,2865500.0,55.7271,25.90245,32,42.72,3.9
449500.0,2788500.0,56.49869,25.21185,32,6.11,2.85
332500.0,2854500.0,55.32928,25.79911,32,32.3,57.09
162500.0,2749500.0,53.66142,24.82318,32,82.93,166.48
290500.0,2786500.0,54.92114,25.18003,32,49.36,2343.74
342500.0,2862500.0,55.42804,25.87244,32,40.38,61.66
263500.0,2819500.0,54.64764,25.47379,32,1.53,16.26
253500.0,2822500.0,54.54769,25.49923,32,78.68,166.88
306500.0,2845500.0,55.07137,25.71468,32,94.4,9079.94
173500.0,2723500.0,53.77614,24.59112,32,147.32,7271.57
177500.0,2766500.0,53.80567,24.97971,32,158.26,12884.29
241500.0,2819500.0,54.42898,25.47012,32,159.88,1766.15
257500.0,2871500.0,54.57852,25.94197,32,51.23,21185.61
163500.0,2756500.0,53.66961,24.88651,32,139.07,3.15
214500.0,2859500.0,54.15213,25.82593,32,165.64,8.34
205500.0,2861500.0,54.06201,25.84218,32,71.03,2665.06
285500.0,2833500.0,54.8641,25.60347,32,11.95,3.95
292500.0,2839500.0,54.93283,25.65862,32,14.41,27.05
316500.0,2846500.0,55.17086,25.72499,32,12.67,157.75
340500.0,2864500.0,55.40784,25.89027,32,31.37,227.83
308500.0,2881500.0,55.08606,26.03984,32,78.88,1.41
183500.0,2774500.0,53.86319,25.05311,32,100.0,254.88
206500.0,2742500.0,54.09767,24.76913,32,125.21,22.77
368500.0,2884500.0,55.68527,26.07362,32,25.05,614.72
164500.0,2772500.0,53.67562,25.03099,32,25.31,28.53
223500.0,2812500.0,54.25155,25.40373,32,87.29,2844.06
245500.0,2812500.0,54.47005,25.40766,32,57.34,142.76
256500.0,2781500.0,54.58487,25.12979,32,1.31,1660.94
266500.0,2841500.0,54.67362,25.67277,32,89.03,2823.99
277500.0,2915500.0,54.77057,26.34218,32,82.11,13618.29
343500.0,2894500.0,55.43419,26.16139,32,122.59,363.2
302500.0,2894500.0,55.02415,26.15635,32,107.68,149.25
398500.0,2909500.0,55.98321,26.30175,32,46.76,685.95
349500.0,2916500.0,55.49164,26.36061,32,109.35,151.43
381500.0,2887500.0,55.81495,26.10183,32,134.56,415.87
284500.0,2828500.0,54.85495,25.5582,32,115.3,5842.5
220500.0,2723500.0,54.23976,24.60035,32,103.45,11.15
292500.0,2823500.0,54.93531,25.51423,32,85.23,21.19
304500.0,2787500.0,55.05985,25.19094,32,155.93,68079.44
336500.0,2891500.0,55.36455,26.13353,32,117.35,51.61
366500.0,2871500.0,55.66661,25.95608,32,37.28,38.39
226500.0,2861500.0,54.27131,25.84627,32,53.3,1042.07
292500.0,2843500.0,54.93221,25.69471,32,12.49,6750.75
305500.0,2789500.0,55.06949,25.20912,32,17.6,4299.74
317500.0,2880500.0,55.17611,26.03198,32,89.59,6508.55
385500.0,2873500.0,55.85617,25.97576,32,110.37,115.14
353500.0,2896500.0,55.53399,26.1805,32,105.15,651.89
185500.0,2854500.0,53.86437,25.7749,32,123.11,225255.78
279500.0,2771500.0,54.81446,25.04309,32,86.79,29.5
284500.0,2785500.0,54.86179,25.17016,32,112.01,27.29
317500.0,2823500.0,55.18396,25.51752,32,5.48,39.39
325500.0,2831500.0,55.2625,25.59069,32,156.41,67.06
302500.0,2890500.0,55.02476,26.12025,32,85.52,5464.14
261500.0,2809500.0,54.62952,25.38324,32,107.76,1197.82
286500.0,2844500.0,54.87229,25.70288,32,100.99,27041.23
311500.0,2847500.0,55.1209,25.73338,32,17.32,595.83
393500.0,2881500.0,55.93543,26.0486,32,61.42,1092.51
252500.0,2820500.0,54.53812,25.48101,32,98.15,49035.34
246500.0,2812500.0,54.47999,25.40783,32,110.49,5869.54
290500.0,2802500.0,54.91868,25.32443,32,56.8,11617.4
298500.0,2828500.0,54.99423,25.56018,32,172.03,3094.49
374500.0,2876500.0,55.74602,26.00193,32,136.93,84474.77
314500.0,2809500.0,55.15605,25.39078,31,48.59,4107.79
304500.0,2811500.0,55.0564,25.40755,31,115.81,2.28
316500.0,2837500.0,55.1721,25.64376,31,135.84,3.76
228500.0,2814500.0,54.3008,25.42269,31,72.21,2767.15
292500.0,2810500.0,54.93731,25.3969,31,58.6,22.44
319500.0,2811500.0,55.20547,25.40945,31,16.32,7.9
192500.0,2756500.0,53.95629,24.89264,31,133.07,130.43
241500.0,2833500.0,54.42628,25.59641,31,13.44,3.57
357500.0,2869500.0,55.57695,25.93717,31,43.83,53.06
293500.0,2807500.0,54.94771,25.36997,31,173.84,3086.54
306500.0,2833500.0,55.07311,25.60637,31,143.22,22.53
331500.0,2849500.0,55.31994,25.75386,31,19.77,119.35
327500.0,2912500.0,55.27176,26.32202,31,99.68,3083.42
402500.0,2907500.0,56.02343,26.28397,31,133.64,3696.43
260500.0,2753500.0,54.62937,24.87778,31,128.21,5614.04
295500.0,2840500.0,54.96255,25.66806,31,5.98,14.48
317500.0,2800500.0,55.18707,25.30992,31,144.41,4.65
390500.0,2870500.0,55.90636,25.94906,31,13.6,2590.85
446500.0,2805500.0,56.46825,25.36526,31,0.93,20.07
242500.0,2712500.0,54.45885,24.50492,31,84.16,36.46
291500.0,2792500.0,54.93014,25.23432,31,179.9,62.17
284500.0,2842500.0,54.85269,25.68454,31,24.06,39.44
297500.0,2837500.0,54.98292,25.64126,31,1.15,7.75
319500.0,2849500.0,55.20034,25.75244,31,169.32,5.52
308500.0,2865500.0,55.0884,25.89544,31,103.88,38.74
243500.0,2881500.0,54.43687,26.02977,31,176.78,12.04
285500.0,2770500.0,54.87405,25.03493,31,75.71,412.5
342500.0,2864500.0,55.4278,25.89049,31,20.55,7.69
403500.0,2878500.0,56.0356,26.02221,31,97.46,60.8
246500.0,2739500.0,54.49344,24.7492,31,0.61,26.09
324500.0,2804500.0,55.25606,25.34686,31,101.65,9.69
178500.0,2745500.0,53.82042,24.79056,31,110.9,7.51
250500.0,2760500.0,54.5292,24.93934,31,78.61,7.12
311500.0,2860500.0,55.11905,25.85071,31,134.86,6.35
309500.0,2891500.0,55.09459,26.13022,31,83.23,1282.44
310500.0,2891500.0,55.10459,26.13035,31,173.42,60.47
319500.0,2910500.0,55.19192,26.30298,31,1.79,3.53
188500.0,2758500.0,53.9163,24.90986,31,136.27,15.73
312500.0,2834500.0,55.13269,25.61617,31,43.46,7.61
324500.0,2840500.0,55.25136,25.67181,31,150.61,676.7
362500.0,2860500.0,55.62781,25.85641,31,16.58,3.33
226500.0,2715500.0,54.30051,24.52925,31,26.86,6.47
288500.0,2832500.0,54.89411,25.59488,31,133.58,5968.09
211500.0,2721500.0,54.15138,24.58065,31,80.99,1.16
239500.0,2902500.0,54.39273,26.21849,31,71.21,4754.65
345500.0,2832500.0,55.46146,25.60195,31,50.16,71.55
217500.0,2727500.0,54.20936,24.63588,31,121.31,570.16
291500.0,2833500.0,54.92381,25.60433,31,158.13,1457.36
372500.0,2877500.0,55.72594,26.01079,31,46.76,80.26
282500.0,2841500.0,54.83294,25.67522,31,4.14,958.49
398500.0,2913500.0,55.98289,26.33786,31,19.27,5.07
399500.0,2913500.0,55.99291,26.33793,31,110.82,1362.55
355500.0,2868500.0,55.5571,25.92795,31,33.12,25.81
401500.0,2913500.0,56.01295,26.33807,31,42.24,53.25
266500.0,2743500.0,54.6904,24.78847,31,126.68,2.75
179500.0,2893500.0,53.79511,26.12521,31,142.45,34789.08
222500.0,2712500.0,54.26165,24.50147,31,151.3,10.37
299500.0,2765500.0,55.01347,24.99172,31,9.31,15.57
395500.0,2904500.0,55.95356,26.25639,31,43.12,223.28
169500.0,2801500.0,53.7181,25.29355,31,109.34,4988.82
258500.0,2822500.0,54.5974,25.50005,31,117.51,49816.87
280500.0,2848500.0,54.81187,25.73809,31,41.9,867.42
287500.0,2883500.0,54.87596,26.05495,31,3.98,23357.15
313500.0,2848500.0,55.14068,25.74266,31,3.56,1.6
375500.0,2877500.0,55.75591,26.01105,31,25.65,68.71
291500.0,2836500.0,54.92334,25.6314,31,57.7,557.18
442500.0,2787500.0,56.42925,25.20257,31,52.99,1.03
295500.0,2816500.0,54.96621,25.45147,31,93.62,478.23
369500.0,2884500.0,55.69527,26.07371,31,27.58,1668.46
233500.0,2791500.0,54.35498,25.21611,31,174.07,11.36
257500.0,2802500.0,54.59105,25.31943,31,55.39,2.87
376500.0,2914500.0,55.76238,26.34515,31,145.19,83580.85
353500.0,2917500.0,55.5316,26.37005,31,103.21,6339.31
402500.0,2905500.0,56.02358,26.26591,31,50.85,12.45
193500.0,2749500.0,53.96772,24.82971,31,54.14,9258.59
283500.0,2822500.0,54.84597,25.50391,31,41.32,10200.53
312500.0,2804500.0,55.13687,25.3454,31,153.79,6.78
366500.0,2873500.0,55.6664,25.97414,31,50.38,43.88
397500.0,2903500.0,55.97367,26.24751,31,44.3,4210.98
180500.0,2741500.0,53.84109,24.75491,31,130.58,4.84
296500.0,2917500.0,54.96053,26.36306,31,108.01,50.94
253500.0,2918500.0,54.52969,26.3653,31,84.45,3029.78
321500.0,2814500.0,55.22495,25.43677,31,37.67,1.6
315500.0,2836500.0,55.16228,25.6346,31,48.5,4.45
214500.0,2908500.0,54.14143,26.26784,31,76.05,2462.07
249500.0,2785500.0,54.51476,25.16474,31,143.98,10914.91
289500.0,2844500.0,54.90217,25.70331,31,2.94,35.85
375500.0,2880500.0,55.75562,26.03813,31,169.82,111.09
358500.0,2879500.0,55.58586,26.02754,31,92.53,22329.44
301500.0,2841500.0,55.02215,25.67791,31,108.28,3478.39
352500.0,2854500.0,55.52871,25.80127,31,36.14,143.14
284500.0,2824500.0,54.85559,25.52211,31,138.9,660.54
164500.0,2753500.0,53.68022,24.85968,31,17.09,16.83
185500.0,2758500.0,53.88663,24.90925,31,115.66,103.32
316500.0,2804500.0,55.1766,25.3459,31,108.89,94.07
266500.0,2814500.0,54.67832,25.42915,31,55.27,7342.44
283500.0,2820500.0,54.84629,25.48586,31,174.5,1560.39
344500.0,2846500.0,55.44988,25.72822,31,67.23,1400.49
238500.0,2774500.0,54.40781,25.06363,31,61.48,482.99
373500.0,2890500.0,55.73467,26.12823,31,26.34,15561.61
379500.0,2873500.0,55.79624,25.97527,31,58.07,39.79
298500.0,2836500.0,54.99303,25.63238,31,10.43,459.75
373500.0,2906500.0,55.73311,26.27267,31,140.59,13570.13
280500.0,2779500.0,54.82309,25.11543,30,154.63,61.13
358500.0,2873500.0,55.58651,25.97338,30,36.25,143.96
367500.0,2882500.0,55.67548,26.05547,30,22.05,89.95
276500.0,2805500.0,54.77918,25.34947,30,106.45,3.0
308500.0,2780500.0,55.10051,25.12828,30,69.73,3.63
313500.0,2808500.0,55.14625,25.38163,30,9.7,232.13
305500.0,2813500.0,55.06605,25.42574,30,32.9,5.5
313500.0,2837500.0,55.14223,25.64338,30,42.78,17.39
326500.0,2844500.0,55.27076,25.70815,30,59.83,55.3
286500.0,2794500.0,54.88022,25.25166,30,10.31,225.94
336500.0,2810500.0,55.37454,25.40239,30,99.79,55.08
387500.0,2885500.0,55.87511,26.08425,30,117.34,2.08
447500.0,2804500.0,56.47822,25.35627,30,175.54,2.2
165500.0,2732500.0,53.69512,24.67056,30,1.35,121.5
219500.0,2714500.0,54.23168,24.51898,30,95.27,380.21
293500.0,2833500.0,54.94372,25.60461,30,39.69,77.72
306500.0,2801500.0,55.0777,25.31756,30,2.78,2.68
304500.0,2848500.0,55.051,25.74149,30,95.62,190653.3
370500.0,2906500.0,55.70307,26.2724,30,99.18,7439.37
220500.0,2725500.0,54.23937,24.61839,30,126.55,16.43
264500.0,2810500.0,54.65915,25.39274,30,4.38,1.58
312500.0,2844500.0,55.13128,25.70643,30,10.83,256.18
211500.0,2725500.0,54.15056,24.61673,30,91.86,3.3
229500.0,2717500.0,54.32972,24.54782,30,158.86,8.48
229500.0,2718500.0,54.32952,24.55684,30,144.28,436.37
329500.0,2811500.0,55.30485,25.41063,30,167.91,11.86
364500.0,2879500.0,55.64581,26.02811,30,123.42,2801.77
286500.0,2799500.0,54.87943,25.29679,30,113.16,16062.93
289500.0,2893500.0,54.89432,26.14548,30,77.07,550.74
304500.0,2799500.0,55.05813,25.29925,30,39.69,340.37
315500.0,2805500.0,55.16653,25.3548,30,140.44,160.92
311500.0,2837500.0,55.12231,25.64312,30,24.15,157.42
175500.0,2733500.0,53.79357,24.68172,30,2.27,270.34
212500.0,2735500.0,54.15838,24.70712,30,70.02,273.77
252500.0,2767500.0,54.54774,25.00282,30,170.28,4492.3
301500.0,2838500.0,55.0226,25.65083,30,20.95,18.27
289500.0,2761500.0,54.91505,24.95427,30,34.99,19.01
298500.0,2831500.0,54.99378,25.58725,30,83.8,7.12
398500.0,2904500.0,55.9836,26.2566,30,45.13,113.31
446500.0,2792500.0,56.46876,25.24787,30,75.86,6.82
218500.0,2716500.0,54.22142,24.53684,30,97.39,3.06
305500.0,2835500.0,55.06286,25.62429,30,48.01,17.87
443500.0,2778500.0,56.43955,25.12133,30,99.17,139.78
289500.0,2783500.0,54.91168,25.15282,30,117.29,5.38
402500.0,2912500.0,56.02305,26.32911,30,174.98,36.07
167500.0,2735500.0,53.71414,24.69804,30,3.55,359.67
304500.0,2890500.0,55.04475,26.12052,30,140.22,2550.73
404500.0,2915500.0,56.04286,26.35633,30,29.12,465.28
373500.0,2882500.0,55.73544,26.05601,30,42.35,47.75
355500.0,2918500.0,55.55153,26.37928,30,104.93,3310.83
234500.0,2862500.0,54.35085,25.85677,30,48.47,10175.13
296500.0,2810500.0,54.97706,25.39746,30,21.26,4.88
295500.0,2809500.0,54.96727,25.3883,30,159.45,1219.22
170500.0,2745500.0,53.7414,24.78886,30,82.09,1.06
188500.0,2835500.0,53.89869,25.60422,30,142.27,4407.31
213500.0,2711500.0,54.17313,24.49082,30,106.14,59.9
279500.0,2801500.0,54.80962,25.31382,30,25.42,10.8
295500.0,2880500.0,54.95635,26.02903,30,175.73,886.85
252500.0,2899500.0,54.52332,26.19372,30,82.57,32010.49
327500.0,2816500.0,55.28433,25.45553,30,10.57,1.75
310500.0,2862500.0,55.10878,25.86863,30,45.68,5.48
215500.0,2830500.0,54.1683,25.56457,30,109.58,79.62
252500.0,2777500.0,54.54594,25.09305,30,91.59,4287.15
289500.0,2790500.0,54.91061,25.21599,30,17.42,491.05
316500.0,2800500.0,55.17714,25.3098,30,156.32,4.54
369500.0,2859500.0,55.69775,25.84802,30,42.32,12.02
168500.0,2802500.0,53.70794,25.30235,30,109.69,9634.89
316500.0,2853500.0,55.16989,25.78816,30,16.07,5376.83
337500.0,2862500.0,55.37815,25.87189,30,32.84,1879.74
221500.0,2710500.0,54.25219,24.48325,30,13.16,3.65
199500.0,2734500.0,54.03024,24.69562,30,179.94,2711.96
264500.0,2884500.0,54.64603,26.06041,30,167.94,6.06
296500.0,2913500.0,54.96116,26.32696,30,108.61,2.94
320500.0,2795500.0,55.21752,25.26515,30,89.9,3.89
339500.0,2863500.0,55.39798,25.88113,30,32.38,4248.38
312500.0,2853500.0,55.13001,25.78766,30,104.37,231.9
253500.0,2797500.0,54.55225,25.27367,30,155.04,27452.38
282500.0,2864500.0,54.82916,25.88276,30,59.7,43.98
318500.0,2834500.0,55.19242,25.61693,30,12.72,2360.94
370500.0,2837500.0,55.70988,25.6495,30,178.85,157.63
356500.0,2858500.0,55.56817,25.83777,30,137.01,3942.11
391500.0,2880500.0,55.91552,26.03942,30,140.4,1361.21
407500.0,2889500.0,56.07479,26.12179,30,10.75,873.64
167500.0,2746500.0,53.71153,24.79723,30,172.05,10.13
298500.0,2813500.0,54.99648,25.4248,30,18.72,213.96
304500.0,2763500.0,55.06327,24.97432,30,87.82,2.48
186500.0,2777500.0,53.89221,25.08079,30,80.1,1702.93
217500.0,2715500.0,54.21176,24.52763,30,90.6,13334.49
231500.0,2882500.0,54.31686,26.03662,30,158.31,40.03
291500.0,2766500.0,54.93409,24.99967,30,151.3,9673.44
318500.0,2890500.0,55.18471,26.12235,30,84.98,9352.08
381500.0,2908500.0,55.81303,26.29141,30,103.77,820.94
275500.0,2771500.0,54.77483,25.0425,30,54.67,1515.93
314500.0,2842500.0,55.15149,25.68863,30,103.47,165.58
379500.0,2877500.0,55.79587,26.01138,30,170.49,40.99
249500.0,2898500.0,54.49351,26.18418,30,82.1,4430.99
268500.0,2795500.0,54.70144,25.25802,30,44.33,385.55
343500.0,2852500.0,55.4392,25.78228,30,33.51,30.5
366500.0,2872500.0,55.6665,25.96511,30,40.66,45.02
374500.0,2864500.0,55.74716,25.8936,30,36.35,6.98
302500.0,2782500.0,55.04074,25.14555,30,155.37,36283.74
395500.0,2880500.0,55.9555,26.03971,30,76.9,2023.1
394500.0,2907500.0,55.94331,26.2834,30,42.76,53.36
273500.0,2788500.0,54.75222,25.19561,30,69.8,10400.08
253500.0,2787500.0,54.55405,25.18344,30,122.41,8189.69
272500.0,2788500.0,54.7423,25.19546,30,63.85,42.66
253500.0,2786500.0,54.55423,25.17442,30,0.04,40938.57
168500.0,2754500.0,53.71951,24.86957,30,84.3,1030.57
240500.0,2772500.0,54.428,25.04593,30,160.54,46.86
281500.0,2765500.0,54.83522,24.98923,30,20.11,1774.94
278500.0,2767500.0,54.80519,25.00685,30,20.82,5135.09
339500.0,2825500.0,55.40257,25.53812,30,4.19,3.22
164500.0,2754500.0,53.67998,24.8687,30,106.67,110.58
410500.0,2913500.0,56.10313,26.33866,30,121.76,637.78
295500.0,2811500.0,54.96697,25.40634,30,36.83,1.7
288500.0,2851500.0,54.89109,25.76634,30,47.52,2500.37
257500.0,2918500.0,54.56975,26.36598,30,171.92,59.23
346500.0,2836500.0,55.47096,25.63816,30,153.66,49708.71
241500.0,2768500.0,54.43865,25.01001,30,56.89,20577.81
265500.0,2813500.0,54.66856,25.41997,30,141.87,51010.93
257500.0,2841500.0,54.58402,25.67131,30,80.9,3394.45
166500.0,2737500.0,53.7038,24.71586,30,2.79,20.26
272500.0,2829500.0,54.73541,25.56543,30,17.31,5.15
358500.0,2898500.0,55.58379,26.19905,30,107.94,602.87
301500.0,2890500.0,55.01476,26.12011,30,86.94,2460.51
387500.0,2878500.0,55.87572,26.02106,30,142.83,78.05
334500.0,2854500.0,55.34922,25.79934,30,30.46,58.28
292500.0,2781500.0,54.94173,25.13518,30,90.82,1.54
260500.0,2882500.0,54.60644,26.04171,30,87.88,7080.14
393500.0,2893500.0,55.93444,26.15693,30,131.09,781.84
244500.0,2778500.0,54.4665,25.10074,30,132.79,43649.26
300500.0,2792500.0,55.01944,25.23554,30,58.44,42560.18
299500.0,2793500.0,55.00938,25.24444,30,58.32,29212.06
384500.0,2876500.0,55.84592,26.00276,30,135.2,9753.13
301500.0,2827500.0,55.02423,25.55156,29,99.87,1.38
322500.0,2841500.0,55.23131,25.68059,29,87.09,2.17
253500.0,2772500.0,54.55675,25.0481,29,140.75,27.88
385500.0,2895500.0,55.85424,26.17437,29,48.41,29.25
401500.0,2905500.0,56.01356,26.26584,29,21.15,2.59
331500.0,2819500.0,55.32373,25.48307,29,34.99,7.58
331500.0,2890500.0,55.31469,26.12393,29,99.71,228.53
186500.0,2734500.0,53.90191,24.69302,29,85.88,477.46
268500.0,2839500.0,54.69388,25.65504,29,173.59,5.21
318500.0,2814500.0,55.19512,25.43641,29,41.63,3.34
299500.0,2781500.0,55.01114,25.13613,29,76.39,661.82
267500.0,2897500.0,54.67368,26.17819,29,80.52,6552.22
340500.0,2856500.0,55.40881,25.81806,29,34.05,446.02
361500.0,2873500.0,55.61647,25.97367,29,35.24,9.87
405500.0,2911500.0,56.05318,26.32028,29,44.45,207.0
179500.0,2741500.0,53.83121,24.7547,29,0.27,3.96
290500.0,2775500.0,54.92282,25.08076,29,91.56,132.79
322500.0,2846500.0,55.23064,25.72572,29,18.52,50.59
246500.0,2735500.0,54.49417,24.71311,29,141.4,1.94
237500.0,2803500.0,54.39234,25.32508,29,156.42,1463.38
191500.0,2756500.0,53.94641,24.89244,29,133.81,138.61
298500.0,2801500.0,54.99827,25.3165,29,84.87,3.7
379500.0,2868500.0,55.7967,25.93013,29,39.77,30.03
296500.0,2823500.0,54.97509,25.51478,29,111.6,655.83
328500.0,2848500.0,55.29017,25.74449,29,40.28,83.5
449500.0,2793500.0,56.49851,25.257,29,26.41,20.38
211500.0,2861500.0,54.1218,25.84338,29,155.71,8.38
252500.0,2842500.0,54.53405,25.6795,29,60.41,494.97
329500.0,2815500.0,55.30434,25.44674,29,15.03,1.54
309500.0,2838500.0,55.10226,25.65189,29,24.45,224.77
322500.0,2843500.0,55.23104,25.69865,29,32.06,10.17
184500.0,2882500.0,53.84771,26.02714,29,144.79,56.96
206500.0,2905500.0,54.06209,26.23917,29,80.88,8520.34
296500.0,2781500.0,54.98139,25.13573,29,120.48,105.54
296500.0,2805500.0,54.97781,25.35233,29,64.19,312.86
312500.0,2835500.0,55.13255,25.6252,29,34.04,57.81
397500.0,2876500.0,55.9758,26.00374,29,64.73,802.5
277500.0,2782500.0,54.79286,25.14207,29,79.3,187.53
319500.0,2821500.0,55.20413,25.49971,29,101.4,2.19
295500.0,2833500.0,54.96362,25.60489,29,34.36,1854.03
297500.0,2822500.0,54.98519,25.50589,29,4.63,29.82
300500.0,2775500.0,55.02192,25.08211,29,0.27,470.51
316500.0,2786500.0,55.17903,25.18343,29,60.24,12.48
319500.0,2788500.0,55.20852,25.20185,29,33.09,1.62
257500.0,2739500.0,54.60213,24.75098,29,101.45,16.16
251500.0,2818500.0,54.52855,25.4628,29,19.38,391.8
325500.0,2816500.0,55.26445,25.4553,29,123.88,2.12
302500.0,2825500.0,55.03447,25.53364,29,47.17,1168.95
354500.0,2897500.0,55.54388,26.18963,29,109.66,1995.78
323500.0,2796500.0,55.24717,25.27453,29,4.83,2.49
303500.0,2825500.0,55.04442,25.53378,29,144.02,8.1
291500.0,2785500.0,54.93121,25.17114,29,137.05,344.92
395500.0,2906500.0,55.9534,26.27445,29,43.48,897.82
207500.0,2810500.0,54.09309,25.38264,29,38.87,22.04
306500.0,2808500.0,55.0767,25.38074,29,75.0,3.52
187500.0,2805500.0,53.89571,25.33349,29,29.42,571.33
217500.0,2858500.0,54.18224,25.8175,29,144.68,462.19
381500.0,2895500.0,55.81422,26.17405,29,48.67,7.58
166500.0,2732500.0,53.70499,24.67078,29,3.56,1095.39
168500.0,2745500.0,53.72165,24.78843,29,50.36,2.44
243500.0,2818500.0,54.44905,25.46144,29,166.11,64.14
280500.0,2832500.0,54.8145,25.59371,29,130.37,6464.65
327500.0,2829500.0,55.28266,25.57288,29,128.98,13.44
308500.0,2832500.0,55.09316,25.59761,29,46.16,176.92
337500.0,2852500.0,55.37938,25.78162,29,43.98,3.97
380500.0,2865500.0,55.80696,25.90313,29,18.64,1472.99
363500.0,2876500.0,55.63613,26.00094,29,36.07,16.44
384500.0,2875500.0,55.84601,25.99374,29,48.44,20.23
294500.0,2814500.0,54.95658,25.43328,29,163.31,20496.75
357500.0,2859500.0,55.57804,25.8469,29,45.68,1925.31
359500.0,2875500.0,55.59628,25.99153,29,30.38,79.95
295500.0,2815500.0,54.96636,25.44244,29,84.05,23.07
194500.0,2830500.0,53.9595,25.56038,29,49.19,63019.59
273500.0,2784500.0,54.75288,25.15952,29,136.63,268.01
340500.0,2860500.0,55.40833,25.85417,29,38.46,2419.47
377500.0,2876500.0,55.77599,26.00219,29,46.27,12.24
247500.0,2845500.0,54.48371,25.70571,29,82.85,58533.61
251500.0,2770500.0,54.5373,25.02973,29,72.24,1835.78
251500.0,2771500.0,54.53712,25.03875,29,71.65,2909.11
298500.0,2838500.0,54.99273,25.65043,29,156.11,3521.59
253500.0,2721500.0,54.56576,24.58792,29,149.72,1003.31
319500.0,2791500.0,55.20812,25.22893,29,46.29,5.82
247500.0,2814500.0,54.48955,25.42604,29,93.53,4003.37
340500.0,2851500.0,55.40941,25.77293,29,36.14,123.22
232500.0,2786500.0,54.34604,25.17083,29,92.53,9574.29
295500.0,2835500.0,54.96332,25.62294,29,31.77,659.2
313500.0,2786500.0,55.14927,25.18306,29,171.33,706.71
296500.0,2840500.0,54.97251,25.6682,29,9.66,158.89
255500.0,2918500.0,54.54972,26.36564,29,172.54,187.61
357500.0,2897500.0,55.5739,26.18993,29,107.66,4546.71
258500.0,2756500.0,54.60907,24.90454,29,38.63,83746.11
248500.0,2770500.0,54.50759,25.02923,29,40.5,13686.21
261500.0,2884500.0,54.61607,26.05992,29,37.11,157.09
162500.0,2739500.0,53.66384,24.73302,29,5.35,5268.95
288500.0,2839500.0,54.893,25.65805,29,145.51,47.94
320500.0,2852500.0,55.2099,25.77964,29,19.29,313.75
288500.0,2818500.0,54.89632,25.46854,29,160.07,736.4
310500.0,2814500.0,55.1156,25.43541,29,102.77,242.67
440500.0,2793500.0,56.40914,25.25667,29,152.66,499.04
375500.0,2876500.0,55.75601,26.00202,29,135.87,16789.43
293500.0,2798500.0,54.94908,25.28875,29,130.06,619.24
320500.0,2790500.0,55.21818,25.22002,28,83.67,6.65
316500.0,2788500.0,55.17876,25.20148,28,153.14,29.83
318500.0,2826500.0,55.1935,25.54472,28,99.89,12.77
394500.0,2901500.0,55.9438,26.22923,28,41.8,195.09
287500.0,2828500.0,54.8848,25.55864,28,148.17,15.38
398500.0,2876500.0,55.98579,26.00381,28,153.37,3.3
234500.0,2788500.0,54.36548,25.18923,28,124.82,2774.67
309500.0,2776500.0,55.11098,25.0923,28,122.87,17.37
241500.0,2832500.0,54.42648,25.58739,28,62.05,7.77
241500.0,2828500.0,54.42725,25.55131,28,80.27,130.36
253500.0,2763500.0,54.55836,24.9669,28,32.41,36.65
305500.0,2812500.0,55.06619,25.41671,28,64.35,2.41
340500.0,2863500.0,55.40796,25.88124,28,28.94,2636.92
243500.0,2739500.0,54.4638,24.7487,28,137.43,21.9
259500.0,2757500.0,54.61879,24.91372,28,128.09,27.23
288500.0,2827500.0,54.8949,25.54976,28,142.5,129.81
165500.0,2735500.0,53.6944,24.69761,28,176.01,19.81
294500.0,2840500.0,54.95259,25.66792,28,102.35,1194.48
359500.0,2872500.0,55.5966,25.96445,28,39.82,379.29
257500.0,2735500.0,54.60282,24.71489,28,103.69,592.34
256500.0,2759500.0,54.58875,24.93129,28,83.03,10.3
258500.0,2802500.0,54.60098,25.3196,28,68.08,87.29
328500.0,2847500.0,55.2903,25.73546,28,41.98,285.33
330500.0,2855500.0,55.30921,25.80791,28,115.99,10617.1
320500.0,2787500.0,55.21857,25.19294,28,106.41,46.89
355500.0,2864500.0,55.55753,25.89184,28,125.51,923.37
368500.0,2878500.0,55.68588,26.01946,28,111.97,188.44
218500.0,2723500.0,54.22003,24.59998,28,95.15,322.29
242500.0,2777500.0,54.44687,25.09138,28,154.27,6990.34
209500.0,2886500.0,54.09634,26.06844,28,173.55,9993.59
285500.0,2799500.0,54.86951,25.29664,28,32.5,9.56
265500.0,2866500.0,54.65924,25.89817,28,136.91,41.68
246500.0,2785500.0,54.48502,25.16423,28,127.98,666.31
296500.0,2839500.0,54.97266,25.65918,28,17.4,2295.56
301500.0,2839500.0,55.02245,25.65986,28,48.25,3.63
333500.0,2850500.0,55.33975,25.76312,28,122.27,318.81
215500.0,2860500.0,54.16188,25.83515,28,149.54,316.81
362500.0,2851500.0,55.62875,25.77516,28,23.29,178.54
360500.0,2899500.0,55.6037,26.20827,28,111.03,6123.98
245500.0,2769500.0,54.47807,25.01971,28,122.48,1723.96
240500.0,2833500.0,54.41634,25.59624,28,116.99,8.35
320500.0,2789500.0,55.21831,25.21099,28,21.57,6.25
359500.0,2864500.0,55.59745,25.89223,28,131.58,827.7
447500.0,2737500.0,56.48078,24.75121,28,16.78,3.16
330500.0,2806500.0,55.31542,25.36561,28,59.25,15.84
170500.0,2882500.0,53.70801,26.02402,28,156.72,193.88
317500.0,2889500.0,55.17485,26.1132,28,81.66,13947.05
449500.0,2783500.0,56.49888,25.1667,28,127.42,2.07
439500.0,2804500.0,56.39872,25.35596,28,166.28,190.51
407500.0,2912500.0,56.07314,26.32944,28,45.24,2053.36
290500.0,2857500.0,54.91008,25.82077,28,60.25,14615.15
276500.0,2913500.0,54.7609,26.32397,28,5.44,19.74
397500.0,2906500.0,55.97343,26.27459,28,47.52,425.71
351500.0,2917500.0,55.51156,26.36985,28,105.48,9639.94
283500.0,2841500.0,54.8429,25.67537,28,4.4,259.32
198500.0,2864500.0,53.99156,25.86781,28,6.61,429.89
197500.0,2865500.0,53.98137,25.87662,28,173.43,747.53
205500.0,2733500.0,54.08968,24.68776,28,175.97,465.99
284500.0,2804500.0,54.85879,25.34162,28,145.7,1.98
271500.0,2825500.0,54.72614,25.52918,28,53.18,918.71
347500.0,2862500.0,55.47793,25.87297,28,35.35,2358.64
357500.0,2856500.0,55.57836,25.81982,28,144.28,211.34
449500.0,2811500.0,56.49784,25.41955,28,34.15,3.35
298500.0,2789500.0,55.00004,25.2082,28,87.06,1961.59
178500.0,2894500.0,53.78488,26.134,28,140.87,78.61
377500.0,2879500.0,55.7757,26.02927,28,45.11,18.69
449500.0,2785500.0,56.4988,25.18476,28,28.72,4.33
191500.0,2721500.0,53.95411,24.57679,28,14.57,32.87
206500.0,2809500.0,54.08338,25.37342,28,38.36,7504.57
261500.0,2776500.0,54.6353,25.08548,28,39.21,314.71
328500.0,2798500.0,55.29656,25.29317,28,72.68,6.35
174500.0,2755500.0,53.77857,24.87988,28,18.33,1.24
188500.0,2727500.0,53.9232,24.6303,28,115.14,13951.15
214500.0,2735500.0,54.17813,24.7075,28,162.29,145.5
218500.0,2857500.0,54.19242,25.80867,28,143.24,146.97
206500.0,2861500.0,54.07197,25.84238,28,156.96,18.26
267500.0,2883500.0,54.67618,26.05187,28,172.92,27.01
179500.0,2746500.0,53.83007,24.79979,28,82.38,2517.32
224500.0,2713500.0,54.28118,24.51085,28,167.87,54.76
284500.0,2833500.0,54.85415,25.60332,28,19.06,21.25
291500.0,2837500.0,54.92319,25.64043,28,97.61,1769.08
308500.0,2867500.0,55.08811,25.91349,28,102.44,27.66
195500.0,2734500.0,53.99075,24.69483,28,87.23,5524.86
255500.0,2762500.0,54.57833,24.9582,28,52.4,52.59
254500.0,2766500.0,54.56772,24.99413,28,113.1,11342.75
370500.0,2879500.0,55.70576,26.02866,28,114.23,579.59
438500.0,2791500.0,56.38937,25.23853,28,74.73,1.55
408500.0,2914500.0,56.08302,26.34756,28,43.64,808.78
308500.0,2810500.0,55.09629,25.39905,28,167.6,13.75
371500.0,2903500.0,55.71338,26.24541,28,104.76,2002.29
167500.0,2793500.0,53.70022,25.22098,28,107.84,12801.04
216500.0,2715500.0,54.2019,24.52745,28,89.32,27848.23
270500.0,2787500.0,54.72263,25.18613,28,5.4,17.64
194500.0,2748500.0,53.97782,24.82089,28,54.59,8248.68
250500.0,2898500.0,54.50351,26.18436,28,83.06,7026.6
255500.0,2766500.0,54.57762,24.99429,28,2.3,7490.24
303500.0,2784500.0,55.05036,25.16373,28,154.47,19968.23
303500.0,2785500.0,55.05022,25.17276,28,156.01,37423.63
392500.0,2899500.0,55.92394,26.21103,28,128.03,1505.39
298500.0,2844500.0,54.99182,25.70457,28,93.98,25420.91
300500.0,2816500.0,55.01591,25.45215,28,178.87,160.22
365500.0,2863500.0,55.65744,25.88377,28,29.41,181.51
236500.0,2716500.0,54.39895,24.54001,28,4.33,4.83
233500.0,2786500.0,54.35596,25.17101,28,90.04,7348.37
214500.0,2867500.0,54.1504,25.89808,28,63.21,7017.75
289500.0,2808500.0,54.90782,25.37843,28,129.6,4386.25
291500.0,2841500.0,54.92256,25.67652,28,166.27,783.08
323500.0,2853500.0,55.23968,25.78903,28,30.23,62.24
384500.0,2892500.0,55.8445,26.14721,28,38.98,99.15
238500.0,2829500.0,54.39722,25.5598,28,109.55,4.16
174500.0,2776500.0,53.77363,25.06924,28,88.18,8897.17
356500.0,2878500.0,55.56598,26.01832,28,179.69,3759.02
284500.0,2829500.0,54.85479,25.56723,28,50.34,1819.08
213500.0,2736500.0,54.16805,24.71633,28,126.87,3.63
222500.0,2771500.0,54.24995,25.03371,28,81.15,11137.77
222500.0,2805500.0,54.24305,25.3404,28,38.72,52120.24
336500.0,2902500.0,55.36317,26.23282,28,48.46,73.23
380500.0,2907500.0,55.80311,26.2823,28,105.67,5641.12
165500.0,2737500.0,53.69393,24.71564,28,91.73,3636.32
387500.0,2879500.0,55.87563,26.03008,28,139.38,2784.94
275500.0,2802500.0,54.76975,25.32225,28,129.33,1673.29
306500.0,2837500.0,55.07253,25.64247,28,138.87,799.5
175500.0,2756500.0,53.78823,24.88911,28,84.29,5.27
314500.0,2837500.0,55.15218,25.6435,28,58.32,264.0
422500.0,2914500.0,56.22331,26.34839,28,45.31,215.38
208500.0,2752500.0,54.11534,24.85971,28,90.73,819.59
266500.0,2807500.0,54.67953,25.36598,28,160.39,561.55
173500.0,2758500.0,53.76799,24.90672,28,101.39,1078.22
303500.0,2830500.0,55.04369,25.5789,28,123.18,4328.06
299500.0,2828500.0,55.00418,25.56031,28,155.8,3265.89
377500.0,2874500.0,55.77617,25.98413,28,117.91,2253.08
287500.0,2781500.0,54.89216,25.13449,27,15.69,5.91
445500.0,2809500.0,56.45814,25.40135,27,21.61,2.18
301500.0,2828500.0,55.02408,25.56058,27,62.22,2.08
440500.0,2786500.0,56.40944,25.19346,27,34.58,21.72
308500.0,2829500.0,55.09359,25.57053,27,91.13,60.65
324500.0,2842500.0,55.2511,25.68986,27,29.07,57.57
387500.0,2909500.0,55.87303,26.30092,27,130.88,270.68
394500.0,2882500.0,55.94534,26.0577,27,100.07,323.59
341500.0,2864500.0,55.41782,25.89038,27,31.77,58.13
272500.0,2772500.0,54.74495,25.05108,27,79.1,3374.99
316500.0,2836500.0,55.17224,25.63473,27,37.56,5.38
305500.0,2848500.0,55.06096,25.74162,27,95.64,395888.4
333500.0,2890500.0,55.33468,26.12416,27,108.61,30191.75
329500.0,2812500.0,55.30472,25.41966,27,5.28,8.85
203500.0,2735500.0,54.06952,24.70541,27,87.66,1211.72
241500.0,2835500.0,54.4259,25.61446,27,109.66,2.56
294500.0,2837500.0,54.95305,25.64085,27,174.25,17.71
333500.0,2830500.0,55.34225,25.58259,27,19.39,13.43
316500.0,2850500.0,55.1703,25.76109,27,42.25,6.16
349500.0,2895500.0,55.49409,26.17106,27,107.98,43334.37
331500.0,2855500.0,55.31918,25.80802,27,39.21,5.67
370500.0,2863500.0,55.70734,25.88422,27,30.7,17.85
191500.0,2757500.0,53.94618,24.90146,27,134.48,58.64
288500.0,2787500.0,54.90115,25.18878,27,23.06,2248.8
329500.0,2848500.0,55.30014,25.74461,27,39.34,19.2
343500.0,2856500.0,55.43873,25.81838,27,38.27,329.2
312500.0,2809500.0,55.13618,25.39053,27,51.06,4.37
318500.0,2837500.0,55.19201,25.644,27,44.19,249.33
177500.0,2828500.0,53.791,25.53874,27,22.33,5608.55
308500.0,2843500.0,55.09158,25.69689,27,27.62,236.65
317500.0,2837500.0,55.18206,25.64388,27,62.43,5.89
323500.0,2805500.0,55.246,25.35577,27,90.27,2.0
284500.0,2827500.0,54.85511,25.54918,27,14.58,54.7
326500.0,2810500.0,55.27516,25.40126,27,93.18,2.62
371500.0,2885500.0,55.71516,26.08292,27,30.03,99.21
218500.0,2715500.0,54.22162,24.52782,27,44.15,821.06
289500.0,2786500.0,54.91122,25.17989,27,107.72,645.15
318500.0,2799500.0,55.19713,25.30101,27,132.06,16.53
168500.0,2921500.0,53.67808,26.37513,27,148.77,2779.58
244500.0,2727500.0,54.47586,24.6406,27,86.83,2.54
294500.0,2833500.0,54.95367,25.60475,27,31.87,14021.97
322500.0,2845500.0,55.23078,25.7167,27,31.59,136.5
318500.0,2889500.0,55.18485,26.11333,27,81.66,5747.62
195500.0,2909500.0,53.95116,26.27295,27,153.48,262.45
244500.0,2918500.0,54.43957,26.36371,27,86.56,13316.24
355500.0,2898500.0,55.55377,26.19875,27,44.37,95.2
185500.0,2754500.0,53.88754,24.87317,27,113.38,577.19
348500.0,2863500.0,55.48779,25.8821,27,36.01,1063.69
355500.0,2861500.0,55.55786,25.86476,27,139.17,4310.81
381500.0,2889500.0,55.81477,26.11988,27,46.85,148.07
178500.0,2755500.0,53.81811,24.88073,27,157.57,4.35
190500.0,2834500.0,53.91881,25.59562,27,138.82,199.61
180500.0,2893500.0,53.8051,26.12543,27,141.79,23085.61
178500.0,2882500.0,53.78783,26.02582,27,60.13,7902.58
243500.0,2727500.0,54.46599,24.64043,27,121.4,3.95
211500.0,2849500.0,54.12442,25.73516,27,78.13,13802.87
292500.0,2793500.0,54.93991,25.24348,27,96.59,2.95
343500.0,2822500.0,55.44272,25.51147,27,42.49,22830.25
343500.0,2865500.0,55.43766,25.89962,27,120.25,45022.9
396500.0,2904500.0,55.96358,26.25646,27,43.06,17511.97
176500.0,2746500.0,53.80043,24.79915,27,132.92,20.35
222500.0,2860500.0,54.23165,25.83649,27,147.88,64.17
255500.0,2735500.0,54.58307,24.71457,27,108.67,1589.86
320500.0,2793500.0,55.21778,25.2471,27,67.38,53.73
331500.0,2826500.0,55.32285,25.54626,27,48.98,118.57
167500.0,2849500.0,53.6864,25.72584,27,52.72,48289.65
242500.0,2849500.0,54.43314,25.74093,27,54.56,9623.35
243500.0,2848500.0,54.4433,25.73208,27,57.7,661.69
218500.0,2858500.0,54.19221,25.81769,27,55.01,75380.9
363500.0,2833500.0,55.64057,25.61275,27,107.35,6.73
447500.0,2795500.0,56.47857,25.27499,27,73.94,26.25
281500.0,2794500.0,54.8306,25.25094,27,49.51,10244.91
264500.0,2896500.0,54.64386,26.16867,27,173.05,426.22
218500.0,2720500.0,54.22063,24.57292,27,89.32,5472.57
322500.0,2789500.0,55.23816,25.21123,27,71.56,1.82
247500.0,2737500.0,54.50368,24.73132,27,169.3,24.61
295500.0,2768500.0,54.97341,25.01826,27,134.57,400.6
294500.0,2815500.0,54.95642,25.44231,27,163.29,12976.02
289500.0,2799500.0,54.90922,25.29721,27,6.32,2.98
346500.0,2916500.0,55.46158,26.36029,27,104.14,481.19
199500.0,2896500.0,53.99418,26.15657,27,162.68,320.83
222500.0,2741500.0,54.25594,24.76309,27,162.83,534.58
254500.0,2899500.0,54.54332,26.19407,27,82.59,72262.93
342500.0,2865500.0,55.42768,25.89952,27,122.5,32474.37
355500.0,2869500.0,55.55699,25.93697,27,30.72,3.53
293500.0,2797500.0,54.94923,25.27972,27,88.65,1866.24
303500.0,2893500.0,55.0343,26.14746,27,104.79,101.67
383500.0,2908500.0,55.83306,26.29157,27,98.55,1465.02
403500.0,2907500.0,56.03344,26.28403,27,43.65,211.88
178500.0,2735500.0,53.82272,24.70038,27,90.11,672.01
220500.0,2724500.0,54.23957,24.60937,27,103.06,154.92
356500.0,2859500.0,55.56806,25.8468,27,135.38,4317.57
246500.0,2845500.0,54.47375,25.70554,27,139.65,4.62
272500.0,2814500.0,54.73794,25.43008,27,156.6,665.11
257500.0,2842500.0,54.58384,25.68033,27,173.09,2003.18
390500.0,2901500.0,55.90376,26.22893,27,47.26,177.85
235500.0,2787500.0,54.37559,25.18038,27,30.9,160298.77
221500.0,2849500.0,54.22399,25.73709,27,2.4,8.24
314500.0,2857500.0,55.14939,25.82401,27,167.55,17840.75
278500.0,2768500.0,54.80503,25.01587,27,22.45,5422.35
292500.0,2845500.0,54.9319,25.71276,27,8.19,112.97
320500.0,2850500.0,55.21017,25.76158,27,25.85,3692.65
349500.0,2854500.0,55.4988,25.80096,27,21.89,14.99
164500.0,2781500.0,53.67342,25.11213,27,46.42,7496.28
223500.0,2711500.0,54.27171,24.49263,27,125.76,367.59
217500.0,2733500.0,54.20816,24.69001,27,26.81,3037.64
338500.0,2826500.0,55.3925,25.54704,27,148.88,2.04
331500.0,2817500.0,55.32398,25.46502,27,83.95,2.38
306500.0,2884500.0,55.06564,26.06664,27,18.55,697.5
372500.0,2891500.0,55.72457,26.13717,27,25.27,28775.51
333500.0,2853500.0,55.33938,25.7902,27,34.6,30.55
216500.0,2858500.0,54.17228,25.8173,27,151.13,257.98
263500.0,2809500.0,54.64939,25.38356,27,84.89,7.25
275500.0,2849500.0,54.76188,25.74635,27,5.23,622.76
291500.0,2845500.0,54.92193,25.71262,27,8.52,767.11
369500.0,2881500.0,55.69557,26.04663,27,131.41,584782.7
403500.0,2872500.0,56.03604,25.96804,27,15.48,69.78
296500.0,2795500.0,54.97931,25.26208,27,6.18,16252.14
272500.0,2843500.0,54.73302,25.69175,27,5.08,4359.98
252500.0,2738500.0,54.5529,24.74116,26,36.19,4.42
288500.0,2765500.0,54.90454,24.99023,26,110.46,15.38
400500.0,2903500.0,56.0037,26.24772,26,130.82,2763.78
275500.0,2801500.0,54.76991,25.31322,26,64.3,7.05
298500.0,2776500.0,55.00195,25.09087,26,53.54,33.29
446500.0,2809500.0,56.46809,25.40138,26,1.29,4.44
257500.0,2759500.0,54.59865,24.93145,26,137.05,9.13
286500.0,2788500.0,54.88116,25.19752,26,146.77,5.41
294500.0,2827500.0,54.95459,25.5506,26,138.34,5.35
369500.0,2903500.0,55.69336,26.24523,26,106.83,3286.67
331500.0,2818500.0,55.32385,25.47404,26,113.15,6.89
349500.0,2855500.0,55.49868,25.80999,26,26.36,24.16
304500.0,2807500.0,55.05698,25.37145,26,144.54,2.58
266500.0,2843500.0,54.67327,25.69081,26,73.11,1019.33
334500.0,2852500.0,55.34947,25.78129,26,35.33,339.08
184500.0,2762500.0,53.87583,24.94511,26,132.45,121.98
292500.0,2805500.0,54.93808,25.35178,26,80.42,13.04
282500.0,2835500.0,54.83392,25.62108,26,123.37,2016.83
175500.0,2746500.0,53.79055,24.79894,26,145.23,4.53
251500.0,2733500.0,54.54391,24.69588,26,40.84,105.65
297500.0,2776500.0,54.99204,25.09074,26,113.37,8.3
296500.0,2776500.0,54.98213,25.0906,26,125.87,3.3
297500.0,2790500.0,54.98997,25.21709,26,79.64,455.85
324500.0,2846500.0,55.25057,25.72596,26,37.55,15.27
334500.0,2851500.0,55.3496,25.77226,26,124.3,2930.77
354500.0,2855500.0,55.54855,25.81049,26,44.4,22.45
175500.0,2897500.0,53.75417,26.16038,26,143.78,2779.49
209500.0,2736500.0,54.12855,24.71558,26,138.07,6.88
227500.0,2801500.0,54.29348,25.30524,26,134.57,6.73
279500.0,2837500.0,54.80373,25.63868,26,175.18,620.32
331500.0,2840500.0,55.32109,25.67263,26,97.8,177.77
358500.0,2872500.0,55.58661,25.96435,26,36.34,71.13
178500.0,2744500.0,53.82065,24.78154,26,46.01,1977.86
169500.0,2756500.0,53.72892,24.88782,26,156.81,3.47
241500.0,2900500.0,54.41313,26.20081,26,73.63,3179.49
324500.0,2803500.0,55.25619,25.33784,26,68.35,2.91
320500.0,2828500.0,55.21314,25.56301,26,114.75,1067.86
362500.0,2876500.0,55.62614,26.00084,26,27.26,135.44
352500.0,2866500.0,55.52737,25.90959,26,36.93,1213.22
375500.0,2882500.0,55.75543,26.05618,26,134.56,1796.01
405500.0,2872500.0,56.05601,25.96817,26,126.6,214.35
260500.0,2841500.0,54.61388,25.6718,26,172.2,277.17
173500.0,2756500.0,53.76846,24.88869,26,13.69,66.85
339500.0,2853500.0,55.3992,25.79087,26,39.13,565.31
401500.0,2912500.0,56.01303,26.32904,26,85.58,302.6
169500.0,2744500.0,53.73176,24.77963,26,87.61,47.36
237500.0,2767500.0,54.39924,25.0003,26,64.12,1506.03
257500.0,2738500.0,54.6023,24.74196,26,94.81,106.17
254500.0,2818500.0,54.55836,25.4633,26,14.03,223.17
344500.0,2855500.0,55.44882,25.80946,26,121.59,525.14
370500.0,2903500.0,55.70337,26.24532,26,121.04,281.98
207500.0,2777500.0,54.10017,25.085,26,94.75,611.88
227500.0,2824500.0,54.28885,25.51271,26,62.56,1360.1
249500.0,2814500.0,54.50942,25.42638,26,171.5,10386.22
327500.0,2800500.0,55.28637,25.31111,26,72.42,2.12
351500.0,2857500.0,55.5184,25.82825,26,111.54,36216.8
244500.0,2846500.0,54.45364,25.71421,26,144.56,7517.88
279500.0,2784500.0,54.81237,25.16041,26,177.52,2.74
312500.0,2797500.0,55.13784,25.28222,26,71.52,3.55
259500.0,2775500.0,54.61565,25.07614,26,41.16,6018.15
326500.0,2814500.0,55.27465,25.43736,26,53.59,1.77
336500.0,2828500.0,55.37236,25.56487,26,152.54,3.28
238500.0,2878500.0,54.38755,26.00182,26,84.26,198971.96
299500.0,2842500.0,55.00208,25.68666,26,28.26,3.1
190500.0,2736500.0,53.94095,24.71187,26,89.91,28598.15
169500.0,2782500.0,53.72269,25.12225,26,166.35,1806.44
369500.0,2872500.0,55.69646,25.96538,26,43.55,41.34
163500.0,2755500.0,53.66985,24.8775,26,97.82,472.24
249500.0,2773500.0,54.51695,25.05647,26,161.91,4636.07
287500.0,2829500.0,54.88464,25.56766,26,163.25,3.06
309500.0,2880500.0,55.0962,26.03094,26,115.0,22.22
366500.0,2883500.0,55.66538,26.06441,26,22.86,265.94
326500.0,2813500.0,55.27478,25.42834,26,73.74,1.6
307500.0,2800500.0,55.08778,25.30866,26,158.3,36.89
346500.0,2837500.0,55.47084,25.64719,26,153.93,14248.22
399500.0,2900500.0,55.99393,26.22056,26,130.9,2407.05
392500.0,2882500.0,55.92535,26.05755,26,86.59,48.43
224500.0,2864500.0,54.25075,25.87295,26,154.41,39680.82
257500.0,2778500.0,54.59531,25.10289,26,164.28,4613.77
279500.0,2864500.0,54.79924,25.88231,26,39.52,68490.05
411500.0,2909500.0,56.11342,26.30261,26,115.4,103859.59
240500.0,2824500.0,54.41808,25.51505,26,80.75,863.28
363500.0,2869500.0,55.63686,25.93775,26,40.71,359.48
199500.0,2866500.0,54.00107,25.88605,26,99.68,9768.38
194500.0,2862500.0,53.95216,25.84894,26,108.81,6100.77
248500.0,2804500.0,54.50134,25.33599,26,67.3,5702.69
290500.0,2818500.0,54.9162,25.46882,26,121.73,5917.62
312500.0,2805500.0,55.13673,25.35443,26,56.19,2163.56
325500.0,2828500.0,55.26289,25.56361,26,112.25,1.44
337500.0,2826500.0,55.38255,25.54693,26,96.0,4.8
218500.0,2711500.0,54.22242,24.49173,26,2.9,3401.69
330500.0,2844500.0,55.31062,25.70862,26,119.15,219.39
307500.0,2841500.0,55.08191,25.67871,26,23.6,132.62
324500.0,2911500.0,55.24185,26.31263,26,43.42,784.48
403500.0,2912500.0,56.03307,26.32918,26,27.9,11238.72
228500.0,2860500.0,54.29145,25.83762,26,55.44,2906.44
227500.0,2853500.0,54.28292,25.7743,26,58.2,25881.87
315500.0,2784500.0,55.16938,25.16525,26,25.53,247.66
301500.0,2814500.0,55.02615,25.43423,26,151.68,3.44
220500.0,2708500.0,54.24272,24.46503,26,129.5,1056.66
235500.0,2804500.0,54.37229,25.33374,26,56.68,27488.0
216500.0,2908500.0,54.16143,26.26824,26,77.56,6465.39
288500.0,2843500.0,54.89237,25.69414,26,13.77,24771.21
304500.0,2825500.0,55.05437,25.53391,26,135.84,3.9
318500.0,2880500.0,55.1861,26.0321,26,88.54,6623.58
305500.0,2878500.0,55.05654,26.01236,26,107.51,35.03
343500.0,2896500.0,55.43395,26.17944,26,135.33,42034.63
342500.0,2896500.0,55.42394,26.17933,26,126.72,30.9
304500.0,2879500.0,55.0464,26.02125,26,16.17,779.73
241500.0,2797500.0,54.43318,25.27164,26,152.48,451.55
287500.0,2806500.0,54.88826,25.3601,26,128.01,3054.31
334500.0,2816500.0,55.35393,25.45633,26,71.35,2.23
305500.0,2824500.0,55.06446,25.52502,26,18.47,4.38
181500.0,2851500.0,53.82526,25.74698,26,38.25,86294.53
170500.0,2849500.0,53.71625,25.72652,26,147.22,3313.2
226500.0,2855500.0,54.27255,25.79215,26,149.1,153.7
238500.0,2902500.0,54.38273,26.21831,26,70.26,26975.27
289500.0,2788500.0,54.91091,25.19794,26,42.38,189.88
256500.0,2820500.0,54.57788,25.48168,26,21.55,13418.61
274500.0,2832500.0,54.7548,25.5928,26,110.18,19553.33
394500.0,2885500.0,55.9451,26.08478,26,117.91,46.89
368500.0,2903500.0,55.68335,26.24514,26,100.42,124477.75
297500.0,2772500.0,54.99263,25.05463,26,170.18,4166.55
188500.0,2773500.0,53.91292,25.04513,26,83.59,9175.48
239500.0,2768500.0,54.41885,25.00967,26,147.32,9690.47
205500.0,2814500.0,54.07237,25.41832,26,84.27,72096.78
252500.0,2840500.0,54.53443,25.66145,26,152.63,51.31
334500.0,2876500.0,55.34646,25.99792,26,116.73,31256.49
269500.0,2840500.0,54.70367,25.66422,26,173.59,1560.11
352500.0,2889500.0,55.52478,26.11721,26,64.81,11778.48
247500.0,2799500.0,54.49234,25.29071,26,98.53,1255.79
292500.0,2841500.0,54.93252,25.67667,26,101.35,17954.76
397500.0,2904500.0,55.97359,26.25653,26,129.62,7273.08
287500.0,2836500.0,54.88352,25.63083,26,100.18,664.48
372500.0,2892500.0,55.72447,26.1462,26,24.83,10539.25
256500.0,2798500.0,54.58184,25.28318,26,134.78,4909.76
241500.0,2814500.0,54.42994,25.42501,26,99.93,37026.06
193500.0,2869500.0,53.94056,25.91185,26,158.92,1633.16
275500.0,2838500.0,54.76374,25.6471,26,69.31,8364.44
319500.0,2852500.0,55.19993,25.77951,26,101.94,4383.72
310500.0,2812500.0,55.11588,25.41736,26,125.66,475.73
362500.0,2868500.0,55.62698,25.92862,26,32.37,6967.03
400500.0,2880500.0,56.00547,26.04007,26,133.77,61.12
290500.0,2795500.0,54.91976,25.26125,26,23.54,2110.95
334500.0,2872500.0,55.34696,25.96181,26,83.1,123169.24
399500.0,2878500.0,55.99563,26.02194,26,92.0,32507.73
255500.0,2770500.0,54.57691,25.03038,26,68.84,151.59
310500.0,2787500.0,55.11937,25.19171,26,63.98,8149.81
383500.0,2872500.0,55.83628,25.96657,26,28.13,6273.38
287500.0,2818500.0,54.88638,25.46839,26,92.68,85051.57
249500.0,2722500.0,54.52611,24.5963,26,48.22,35.31
248500.0,2750500.0,54.51122,24.84878,26,178.2,5535.34
274500.0,2844500.0,54.75277,25.70108,26,93.68,9780.0
295500.0,2789500.0,54.97028,25.20779,26,10.46,249.56
309500.0,2802500.0,55.10735,25.32697,26,155.16,4586.0
274500.0,2842500.0,54.75311,25.68304,25,2.07,6.61
407500.0,2908500.0,56.07343,26.29333,25,34.17,311.48
408500.0,2908500.0,56.08345,26.29339,25,34.53,4104.51
285500.0,2814500.0,54.86713,25.43201,25,40.86,38.75
299500.0,2779500.0,55.01143,25.11808,25,78.6,157.68
253500.0,2774500.0,54.55639,25.06615,25,144.96,19.22
386500.0,2873500.0,55.86616,25.97584,25,112.91,19.45
400500.0,2878500.0,56.00562,26.02201,25,155.96,790.35
324500.0,2820500.0,55.25399,25.49129,25,125.86,2.74
386500.0,2892500.0,55.86451,26.14737,25,83.32,2.14
197500.0,2734500.0,54.01049,24.69522,25,177.61,281.25
315500.0,2782500.0,55.16965,25.1472,25,89.41,2.02
323500.0,2802500.0,55.24639,25.32869,25,52.71,7.32
183500.0,2760500.0,53.8664,24.92687,25,21.46,1189.71
299500.0,2815500.0,55.00612,25.44299,25,52.15,50.95
308500.0,2839500.0,55.09215,25.66079,25,128.06,345.13
332500.0,2890500.0,55.32468,26.12405,25,109.02,1684.88
355500.0,2917500.0,55.55164,26.37026,25,103.92,4725.3
307500.0,2838500.0,55.08234,25.65163,25,48.49,30.57
357500.0,2918500.0,55.57158,26.37949,25,104.0,7286.18
166500.0,2759500.0,53.69854,24.91422,25,94.87,5.41
291500.0,2778500.0,54.93227,25.10797,25,69.17,122.56
374500.0,2904500.0,55.74331,26.2547,25,98.39,190.95
252500.0,2764500.0,54.54828,24.97576,25,36.29,373.38
439500.0,2807500.0,56.39858,25.38305,25,41.57,31.64
285500.0,2771500.0,54.8739,25.04395,25,153.59,12.77
293500.0,2822500.0,54.94541,25.50534,25,123.02,10.32
378500.0,2890500.0,55.78467,26.12866,25,41.53,79.04
402500.0,2872500.0,56.02605,25.96797,25,31.41,5.52
169500.0,2774500.0,53.72462,25.05012,25,48.59,3.46
226500.0,2857500.0,54.27214,25.81019,25,148.39,15.92
210500.0,2886500.0,54.10632,26.06864,25,0.44,10.51
297500.0,2791500.0,54.98983,25.22612,25,0.35,19689.36
254500.0,2837500.0,54.55489,25.63472,25,133.43,42370.21
322500.0,2799500.0,55.23685,25.3015,25,64.73,33.48
390500.0,2894500.0,55.90435,26.16574,25,46.94,1072.5
191500.0,2734500.0,53.95126,24.69403,25,175.94,53.21
188500.0,2734500.0,53.92165,24.69343,25,0.68,1814.23
225500.0,2858500.0,54.26196,25.81902,25,148.85,5803.96
327500.0,2801500.0,55.28625,25.32013,25,4.67,2.23
330500.0,2797500.0,55.31654,25.28437,25,33.68,3.79
302500.0,2834500.0,55.03315,25.61487,25,32.09,5.6
395500.0,2898500.0,55.95405,26.20222,25,143.37,1829.1
201500.0,2867500.0,54.02079,25.89548,25,156.34,17.51
239500.0,2901500.0,54.39293,26.20947,25,163.17,244.67
294500.0,2821500.0,54.95551,25.49645,25,143.4,55.97
209500.0,2737500.0,54.12835,24.7246,25,146.05,36.37
210500.0,2715500.0,54.14274,24.52634,25,49.2,16.33
250500.0,2794500.0,54.52303,25.2461,25,17.65,8961.97
324500.0,2826500.0,55.2532,25.54544,25,23.97,5.95
357500.0,2857500.0,55.57825,25.82884,25,62.91,6186.06
170500.0,2756500.0,53.7388,24.88804,25,98.4,667.37
248500.0,2733500.0,54.51428,24.69539,25,27.46,45.6
317500.0,2788500.0,55.18868,25.2016,25,79.7,1.83
321500.0,2800500.0,55.22679,25.3104,25,150.89,87.74
358500.0,2870500.0,55.58683,25.9463,25,37.8,689.46
372500.0,2909500.0,55.7228,26.29966,25,50.06,865.64
417500.0,2917500.0,56.17301,26.3752,25,41.54,920.97
170500.0,2755500.0,53.73904,24.87902,25,130.34,40.88
166500.0,2779500.0,53.69371,25.09454,25,141.65,6.33
231500.0,2775500.0,54.33828,25.07142,25,8.03,5075.0
343500.0,2855500.0,55.43885,25.80936,25,121.67,746.42
343500.0,2915500.0,55.43164,26.35094,25,100.71,11896.31
397500.0,2913500.0,55.97287,26.33779,25,28.29,603.5
189500.0,2758500.0,53.92618,24.91007,25,138.24,16.96
307500.0,2866500.0,55.07827,25.90433,25,103.75,353.93
176500.0,2760500.0,53.79718,24.92539,25,144.53,8.84
449500.0,2809500.0,56.49791,25.40149,25,177.52,3.11
334500.0,2855500.0,55.3491,25.80837,25,30.55,414.03
194500.0,2831500.0,53.95928,25.5694,25,137.77,92.35
246500.0,2884500.0,54.46625,26.05737,25,84.06,4408.4
279500.0,2914500.0,54.79077,26.33346,25,80.98,18448.84
311500.0,2846500.0,55.12104,25.72435,25,21.5,202.75
221500.0,2861500.0,54.22147,25.84532,25,158.88,24.99
232500.0,2854500.0,54.33253,25.78424,25,60.82,22459.19
297500.0,2846500.0,54.98155,25.72249,25,83.69,10582.35
283500.0,2867500.0,54.83864,25.90998,25,81.15,1615.83
379500.0,2894500.0,55.7943,26.16486,25,46.86,1896.24
381500.0,2896500.0,55.81413,26.18308,25,39.94,2.58
295500.0,2814500.0,54.96651,25.43342,25,79.29,25.58
280500.0,2842500.0,54.81286,25.68395,25,8.54,854.31
340500.0,2880500.0,55.4059,26.03469,25,0.55,363.97
316500.0,2910500.0,55.16188,26.3026,25,8.57,17.11
380500.0,2873500.0,55.80623,25.97536,25,157.46,4.97
210500.0,2781500.0,54.12904,25.12166,25,95.44,1329.58
199500.0,2808500.0,54.01412,25.36301,25,62.45,15.76
315500.0,2806500.0,55.1664,25.36383,25,144.43,141.74
402500.0,2903500.0,56.02373,26.24785,25,75.73,3238.75
371500.0,2871500.0,55.71654,25.95653,25,123.61,138.02
380500.0,2878500.0,55.80577,26.0205,25,164.21,2950.61
275500.0,2826500.0,54.76575,25.53882,25,91.31,2.1
165500.0,2793500.0,53.68039,25.22054,25,108.71,4432.44
280500.0,2808500.0,54.81842,25.37714,25,162.35,4.78
279500.0,2807500.0,54.80865,25.36796,25,27.41,77.61
336500.0,2831500.0,55.37199,25.59195,25,36.56,48.7
328500.0,2853500.0,55.28953,25.78962,25,119.05,372.53
383500.0,2879500.0,55.83566,26.02977,25,50.74,197.98
333500.0,2847500.0,55.34013,25.73604,25,135.66,6476.8
335500.0,2859500.0,55.35857,25.84458,25,119.37,7500.43
307500.0,2881500.0,55.07607,26.0397,25,143.23,473.37
375500.0,2865500.0,55.75705,25.90271,25,23.41,34.91
390500.0,2902500.0,55.90367,26.23796,25,41.46,183.28
389500.0,2900500.0,55.89383,26.21983,25,47.97,359.49
290500.0,2779500.0,54.92221,25.11686,25,26.55,43.25
301500.0,2825500.0,55.02453,25.53351,25,50.07,161.08
216500.0,2862500.0,54.17142,25.85338,25,64.56,8943.38
284500.0,2802500.0,54.8591,25.32357,25,154.88,16.94
339500.0,2826500.0,55.40245,25.54715,25,129.61,12.9
331500.0,2852500.0,55.31956,25.78094,25,25.89,5.72
326500.0,2848500.0,55.27024,25.74426,25,35.5,34.49
254500.0,2781500.0,54.56505,25.12947,25,46.68,4537.2
258500.0,2918500.0,54.57976,26.36615,25,84.31,7728.53
361500.0,2868500.0,55.61699,25.92853,25,32.97,680.89
357500.0,2878500.0,55.57597,26.01841,25,179.53,22701.34
391500.0,2911500.0,55.91293,26.31929,25,107.49,12712.07
311500.0,2849500.0,55.12061,25.75143,25,12.18,1017.27
322500.0,2814500.0,55.23489,25.43689,25,146.55,2.12
281500.0,2809500.0,54.82819,25.38631,25,150.24,38.87
190500.0,2726500.0,53.94315,24.62168,25,19.22,1003.16
234500.0,2813500.0,54.3606,25.41476,25,171.99,8687.66
305500.0,2887500.0,55.0552,26.09358,25,108.16,48.45
401500.0,2908500.0,56.01333,26.29293,25,168.43,200.27
315500.0,2889500.0,55.15486,26.11295,25,80.35,14475.12
316500.0,2889500.0,55.16486,26.11307,25,81.39,6492.48
388500.0,2872500.0,55.88622,25.96697,25,116.84,266.36
265500.0,2729500.0,54.68286,24.66199,25,167.0,81.07
273500.0,2836500.0,54.74417,25.62874,25,40.92,160.91
217500.0,2862500.0,54.18139,25.85357,25,68.81,18639.35
293500.0,2786500.0,54.95089,25.18045,25,101.46,17.63
337500.0,2880500.0,55.37592,26.03436,25,85.82,698763.0
335500.0,2880500.0,55.35594,26.03413,25,81.96,44858.2
230500.0,2745500.0,54.33421,24.8006,25,100.14,2854.8
274500.0,2811500.0,54.75832,25.40331,25,18.27,30210.84
259500.0,2796500.0,54.61196,25.26562,25,121.54,1458.66
278500.0,2818500.0,54.79691,25.46708,25,126.78,1226.49
333500.0,2807500.0,55.3451,25.37498,24,176.75,1.6
354500.0,2864500.0,55.54755,25.89174,24,124.76,3022.86
310500.0,2843500.0,55.1115,25.69715,24,29.12,94.75
316500.0,2843500.0,55.17127,25.69791,24,61.26,2.51
300500.0,2835500.0,55.01309,25.62362,24,97.1,735.89
292500.0,2827500.0,54.93469,25.55032,24,99.48,5.5
314500.0,2847500.0,55.15079,25.73376,24,27.28,110.42
220500.0,2849500.0,54.21404,25.7369,24,45.22,107.29
408500.0,2910500.0,56.0833,26.31145,24,126.23,2606.83
217500.0,2830500.0,54.18818,25.56496,24,4.32,2.8
326500.0,2912500.0,55.26174,26.3219,24,98.95,2362.54
374500.0,2862500.0,55.74735,25.87554,24,164.68,247.48
200500.0,2745500.0,54.03776,24.79502,24,132.78,3716.4
264500.0,2775500.0,54.66519,25.07692,24,174.4,4412.84
306500.0,2879500.0,55.06638,26.02152,24,5.81,4.93
324500.0,2801500.0,55.25645,25.31978,24,104.35,6.67
394500.0,2902500.0,55.94372,26.23826,24,42.92,3593.55
249500.0,2765500.0,54.5184,24.98429,24,143.4,13.37
292500.0,2777500.0,54.94234,25.09908,24,151.36,101.61
348500.0,2869500.0,55.4871,25.93626,24,17.58,25.28
239500.0,2783500.0,54.41601,25.14499,24,12.34,534.27
318500.0,2805500.0,55.19633,25.35517,24,118.65,23.8
340500.0,2854500.0,55.40905,25.80001,24,34.9,16.88
283500.0,2792500.0,54.85077,25.23319,24,138.8,38.17
388500.0,2875500.0,55.88596,25.99405,24,20.1,222.55
223500.0,2856500.0,54.24245,25.80061,24,153.85,11.69
327500.0,2812500.0,55.28485,25.41943,24,80.15,6.1
361500.0,2867500.0,55.6171,25.9195,24,40.0,277.43
364500.0,2832500.0,55.65062,25.60382,24,108.89,2.99
325500.0,2814500.0,55.26471,25.43725,24,117.1,85.33
368500.0,2881500.0,55.68557,26.04654,24,38.52,86.86
248500.0,2729500.0,54.51499,24.6593,24,73.25,82.97
275500.0,2811500.0,54.76825,25.40346,24,82.6,28503.98
338500.0,2861500.0,55.38825,25.86297,24,123.61,10356.89
351500.0,2865500.0,55.5175,25.90046,24,35.59,791.38
244500.0,2723500.0,54.47659,24.60451,24,113.14,10.79
331500.0,2800500.0,55.3261,25.31156,24,79.96,10.81
179500.0,2751500.0,53.82892,24.84487,24,4.16,3685.58
295500.0,2807500.0,54.96757,25.37025,24,83.64,114.53
335500.0,2849500.0,55.35981,25.75432,24,113.51,888.83
379500.0,2903500.0,55.79346,26.2461,24,176.14,557.92
292500.0,2811500.0,54.93716,25.40593,24,48.09,6.25
179500.0,2734500.0,53.83281,24.69158,24,2.27,112.41
310500.0,2829500.0,55.11349,25.57079,24,40.87,365.97
184500.0,2754500.0,53.87765,24.87297,24,155.79,25.21
228500.0,2824500.0,54.29879,25.5129,24,135.02,2906.51
262500.0,2844500.0,54.63326,25.69919,24,87.98,13364.24
302500.0,2844500.0,55.03166,25.70512,24,20.39,43354.22
345500.0,2861500.0,55.45809,25.86373,24,44.49,635.19
166500.0,2749500.0,53.70094,24.82406,24,141.3,1.31
403500.0,2913500.0,56.03299,26.3382,24,133.98,8799.33
180500.0,2765500.0,53.83558,24.97133,24,157.69,3902.29
219500.0,2712500.0,54.23208,24.50093,24,49.49,5.66
250500.0,2815500.0,54.51917,25.43557,24,115.83,332.64
179500.0,2732500.0,53.83327,24.67354,24,5.99,34.19
190500.0,2795500.0,53.92775,25.24394,24,176.77,5.79
218500.0,2825500.0,54.19918,25.52005,24,94.17,12.81
240500.0,2879500.0,54.40732,26.0112,24,80.96,50855.35
204500.0,2921500.0,54.03842,26.38304,24,62.47,13223.74
281500.0,2782500.0,54.83252,25.14265,24,160.04,1.96
287500.0,2796500.0,54.88983,25.26986,24,163.77,712.11
361500.0,2845500.0,55.6194,25.7209,24,140.57,259588.49
362500.0,2846500.0,55.62927,25.73002,24,136.7,2309.85
377500.0,2849500.0,55.7785,25.75843,24,88.47,2863.53
354500.0,2853500.0,55.54877,25.79244,24,129.6,13523.74
368500.0,2901500.0,55.68355,26.22708,24,112.92,2343.05
175500.0,2755500.0,53.78846,24.8801,24,162.94,1246.77
205500.0,2741500.0,54.088,24.75991,24,102.32,9.72
205500.0,2808500.0,54.07367,25.3642,24,39.4,2118.07
299500.0,2834500.0,55.00328,25.61446,24,104.06,3.23
307500.0,2845500.0,55.08133,25.71481,24,8.57,141.26
167500.0,2833500.0,53.69038,25.5816,24,101.1,485348.23
169500.0,2920500.0,53.68835,26.36634,24,58.88,110564.77
202500.0,2868500.0,54.03053,25.9047,24,141.19,210.36
297500.0,2845500.0,54.98171,25.71346,24,84.05,18340.3
321500.0,2816500.0,55.22468,25.45482,24,39.34,723.54
346500.0,2839500.0,55.47061,25.66524,24,8.85,6.14
331500.0,2854500.0,55.31931,25.799,24,40.19,1598.73
393500.0,2902500.0,55.9337,26.23819,24,40.62,50.67
409500.0,2913500.0,56.09311,26.3386,24,53.31,91.63
252500.0,2796500.0,54.54251,25.26448,24,154.07,37749.95
259500.0,2897500.0,54.59369,26.17687,24,81.96,3971.88
198500.0,2866500.0,53.9911,25.88584,24,172.48,52.9
288500.0,2798500.0,54.89944,25.28805,24,160.25,11.26
295500.0,2837500.0,54.96301,25.64099,24,104.81,2178.59
312500.0,2807500.0,55.13645,25.37248,24,136.12,5.1
308500.0,2868500.0,55.08796,25.92251,24,15.1,1258.29
361500.0,2872500.0,55.61657,25.96464,24,35.98,6432.23
408500.0,2886500.0,56.085,26.09477,24,4.8,2837.88
198500.0,2867500.0,53.99088,25.89486,24,165.8,3136.81
278500.0,2772500.0,54.80439,25.05197,24,76.78,11008.07
334500.0,2846500.0,55.35022,25.72713,24,118.6,16407.74
341500.0,2865500.0,55.4177,25.89941,24,122.12,34674.28
339500.0,2879500.0,55.39603,26.02556,24,130.1,39.18
377500.0,2915500.0,55.7723,26.35426,24,144.62,30626.28
404500.0,2917500.0,56.04271,26.37438,24,46.72,6125.29
403500.0,2916500.0,56.03277,26.36529,24,42.43,16357.72
185500.0,2737500.0,53.89136,24.71987,24,80.62,9805.44
234500.0,2902500.0,54.34273,26.21757,24,79.85,2037.29
287500.0,2779500.0,54.89247,25.11644,24,128.6,19.92
308500.0,2847500.0,55.091,25.73299,24,91.51,212.95
329500.0,2857500.0,55.29898,25.82584,24,40.79,146.6
348500.0,2916500.0,55.48162,26.36051,24,101.49,5394.06
183500.0,2853500.0,53.8447,25.76545,24,92.81,74070.12
230500.0,2722500.0,54.33863,24.5931,24,172.52,595.53
245500.0,2845500.0,54.46379,25.70537,24,26.23,6.94
274500.0,2788500.0,54.76213,25.19576,24,66.26,3558.09
298500.0,2808500.0,54.99723,25.37968,24,79.12,13582.47
215500.0,2867500.0,54.16037,25.89828,24,62.64,19277.0
242500.0,2882500.0,54.42669,26.03862,24,58.83,123.0
280500.0,2766500.0,54.82516,24.99811,24,25.41,699.24
279500.0,2766500.0,54.81526,24.99797,24,22.23,8887.79
255500.0,2838500.0,54.56466,25.64391,24,136.07,3876.67
309500.0,2876500.0,55.09678,25.99484,24,9.8,127140.17
385500.0,2894500.0,55.85433,26.16535,24,140.5,32081.09
300500.0,2841500.0,55.01219,25.67777,24,165.59,415.65
312500.0,2847500.0,55.13086,25.73351,24,171.49,3.25
347500.0,2858500.0,55.47839,25.83686,24,35.36,19.85
302500.0,2884500.0,55.02567,26.0661,24,16.62,3431.62
351500.0,2861500.0,55.51795,25.86435,24,36.77,260.15
383500.0,2890500.0,55.83468,26.12907,24,143.65,34494.48
318500.0,2798500.0,55.19727,25.29199,24,166.64,2.31
181500.0,2745500.0,53.85005,24.79119,24,52.66,1467.97
295500.0,2918500.0,54.95036,26.37194,24,7.52,1659.81
342500.0,2890500.0,55.42467,26.12518,24,83.26,29992.64
288500.0,2840500.0,54.89285,25.66707,24,153.38,125.3
305500.0,2903500.0,55.0528,26.23797,24,9.41,85.53
179500.0,2829500.0,53.81063,25.54819,24,158.23,555.49
249500.0,2774500.0,54.51677,25.06549,24,104.5,4271.28
162500.0,2735500.0,53.6648,24.69695,24,143.1,74.32
162500.0,2736500.0,53.66456,24.70597,24,170.43,8.45
292500.0,2782500.0,54.94158,25.14421,24,3.95,2748.02
378500.0,2852500.0,55.78819,25.7856,24,177.79,26463.84
187500.0,2728500.0,53.91311,24.63911,24,109.03,1603.41
280500.0,2834500.0,54.81417,25.61176,24,159.84,28643.3
361500.0,2860500.0,55.61784,25.85631,24,32.77,354.92
228500.0,2769500.0,54.30975,25.01676,24,88.57,8277.85
397500.0,2910500.0,55.97311,26.3107,24,26.37,7072.44
260500.0,2809500.0,54.61959,25.38308,24,169.86,14959.59
238500.0,2834500.0,54.39624,25.60491,24,94.67,4138.26
371500.0,2883500.0,55.71536,26.06486,24,132.33,46150.95
231500.0,2902500.0,54.31273,26.21701,24,67.54,227.86
203500.0,2882500.0,54.03734,26.03115,24,75.56,136.78
336500.0,2880500.0,55.36593,26.03425,24,85.46,886088.25
390500.0,2910500.0,55.90299,26.31018,24,111.57,171193.69
389500.0,2896500.0,55.89417,26.18372,24,135.75,2707.97
394500.0,2894500.0,55.94437,26.16604,24,121.71,300.68
397500.0,2896500.0,55.97422,26.18431,24,111.02,184366.76
344500.0,2893500.0,55.44431,26.15247,24,101.32,1923.43
302500.0,2781500.0,55.04088,25.13653,24,156.05,523710.06
269500.0,2787500.0,54.71271,25.18598,24,57.08,8820.6
378500.0,2876500.0,55.78598,26.00227,24,139.18,98862.04
282500.0,2761500.0,54.84575,24.95328,24,71.37,121.47
272500.0,2798500.0,54.74063,25.2857,24,44.35,299.32
234500.0,2857500.0,54.35186,25.81167,24,58.71,24322.41
388500.0,2884500.0,55.8852,26.0753,23,45.52,651.31
358500.0,2899500.0,55.58368,26.20808,23,109.83,3250.66
221500.0,2744500.0,54.24547,24.78997,23,88.81,184.99
324500.0,2843500.0,55.25097,25.69889,23,29.29,4.56
320500.0,2844500.0,55.21098,25.70743,23,43.68,4.14
374500.0,2895500.0,55.74419,26.17346,23,171.26,21.02
370500.0,2904500.0,55.70327,26.25435,23,122.77,187.92
268500.0,2840500.0,54.69371,25.66406,23,173.86,213.22
403500.0,2910500.0,56.03322,26.31112,23,35.55,241.12
290500.0,2817500.0,54.91636,25.4598,23,6.73,1021.17
365500.0,2873500.0,55.65642,25.97404,23,52.22,14035.71
398500.0,2872500.0,55.9861,25.9677,23,45.86,3.62
345500.0,2916500.0,55.45156,26.36018,23,115.74,8.08
388500.0,2889500.0,55.88477,26.12044,23,135.98,907.52
325500.0,2801500.0,55.26638,25.3199,23,103.92,15.08
313500.0,2861500.0,55.13885,25.85999,23,175.52,100.71
327500.0,2854500.0,55.27943,25.79853,23,50.93,6151.94
330500.0,2857500.0,55.30895,25.82596,23,121.57,56605.55
373500.0,2904500.0,55.7333,26.25462,23,102.33,193.62
255500.0,2759500.0,54.57886,24.93113,23,93.92,107.72
254500.0,2786500.0,54.56415,25.17458,23,27.25,2474.63
283500.0,2842500.0,54.84273,25.68439,23,9.83,115.83
320500.0,2798500.0,55.21713,25.29223,23,165.84,30.01
323500.0,2800500.0,55.24665,25.31064,23,146.72,2.32
215500.0,2817500.0,54.17105,25.44732,23,155.51,20.08
292500.0,2806500.0,54.93793,25.36081,23,74.84,3.4
317500.0,2805500.0,55.1864,25.35505,23,44.42,896.39
320500.0,2845500.0,55.21085,25.71646,23,75.97,183.19
398500.0,2900500.0,55.98392,26.22049,23,141.21,266.42
398500.0,2901500.0,55.98384,26.22952,23,144.92,1189.93
184500.0,2877500.0,53.84891,25.98206,23,146.62,181.97
285500.0,2797500.0,54.86982,25.2786,23,128.25,170.87
288500.0,2893500.0,54.88433,26.14533,23,75.95,1300.7
296500.0,2912500.0,54.96132,26.31794,23,137.33,11.15
382500.0,2894500.0,55.82431,26.1651,23,55.95,149.88
258500.0,2804500.0,54.60062,25.33764,23,80.29,34.47
313500.0,2813500.0,55.14556,25.42676,23,14.44,8207.36
256500.0,2800500.0,54.58148,25.30123,23,150.54,813.66
281500.0,2837500.0,54.82364,25.63898,23,39.71,158.01
308500.0,2891500.0,55.08459,26.13008,23,81.97,8339.6
168500.0,2735500.0,53.72401,24.69826,23,12.46,4.52
189500.0,2760500.0,53.92574,24.9281,23,37.11,11508.45
241500.0,2826500.0,54.42763,25.53327,23,82.65,1524.86
203500.0,2866500.0,54.04095,25.88687,23,158.61,6.4
288500.0,2767500.0,54.90423,25.00828,23,13.81,365.88
270500.0,2815500.0,54.7179,25.43879,23,118.93,164.21
283500.0,2805500.0,54.8487,25.3505,23,149.92,78.8
275500.0,2822500.0,54.76642,25.50272,23,2.25,1515.23
270500.0,2896500.0,54.70385,26.16964,23,82.98,32996.46
306500.0,2890500.0,55.06474,26.12079,23,84.47,3401.11
230500.0,2753500.0,54.33266,24.87277,23,151.38,7894.11
228500.0,2812500.0,54.3012,25.40465,23,94.6,27588.57
265500.0,2812500.0,54.66873,25.41094,23,51.21,14.83
288500.0,2833500.0,54.89395,25.6039,23,39.93,152.57
287500.0,2832500.0,54.88416,25.59473,23,2.92,46.55
343500.0,2864500.0,55.43778,25.8906,23,38.47,3.12
343500.0,2861500.0,55.43814,25.86352,23,38.53,52.42
310500.0,2810500.0,55.11616,25.39931,23,147.85,2.29
316500.0,2890500.0,55.16472,26.1221,23,81.51,1885.83
164500.0,2747500.0,53.68166,24.80559,23,147.5,21.87
314500.0,2785500.0,55.15932,25.17416,23,97.7,170.06
168500.0,2770500.0,53.71568,25.01383,23,39.13,9.58
183500.0,2874500.0,53.83966,25.95479,23,55.7,38499.51
243500.0,2918500.0,54.42955,26.36353,23,85.57,15610.32
254500.0,2820500.0,54.558,25.48135,23,25.89,6.17
261500.0,2916500.0,54.61017,26.34861,23,171.44,967.07
374500.0,2878500.0,55.74582,26.01999,23,36.84,1339.89
387500.0,2887500.0,55.87494,26.10231,23,138.64,16084.11
381500.0,2881500.0,55.81549,26.04766,23,58.73,11.69
277500.0,2815500.0,54.78746,25.43986,23,73.47,1853.37
175500.0,2751500.0,53.78939,24.84403,23,101.85,1.5
360500.0,2857500.0,55.60818,25.82913,23,27.01,5362.36
395500.0,2892500.0,55.95453,26.14805,23,130.12,4225.49
392500.0,2894500.0,55.92436,26.16589,23,125.64,3152.45
266500.0,2778500.0,54.6845,25.10431,23,137.82,8260.19
323500.0,2820500.0,55.24404,25.49117,23,140.91,3.6
280500.0,2782500.0,54.82261,25.14251,23,2.95,6.22
280500.0,2801500.0,54.81955,25.31397,23,152.52,145.37
304500.0,2829500.0,55.05378,25.57001,23,27.92,17.56
329500.0,2824500.0,55.3032,25.52798,23,113.9,246.75
446500.0,2737500.0,56.47089,24.75118,23,68.15,3.02
182500.0,2773500.0,53.85353,25.04389,23,36.78,7807.2
269500.0,2782500.0,54.71356,25.14086,23,6.02,3.51
254500.0,2865500.0,54.5497,25.88734,23,77.51,32.02
299500.0,2803500.0,55.0079,25.33469,23,162.69,24.03
379500.0,2865500.0,55.79698,25.90305,23,121.49,1714.73
233500.0,2919500.0,54.32922,26.37072,23,174.91,16.13
287500.0,2765500.0,54.89463,24.99009,23,99.92,2.54
263500.0,2896500.0,54.63386,26.16851,23,173.46,3799.73
312500.0,2781500.0,55.14003,25.13781,23,167.91,28.92
335500.0,2832500.0,55.36191,25.60087,23,38.07,2.01
219500.0,2730500.0,54.2285,24.66331,23,171.21,2181.29
311500.0,2783500.0,55.12984,25.15573,23,40.98,9.91
317500.0,2835500.0,55.18233,25.62583,23,69.31,1950.98
343500.0,2841500.0,55.4405,25.68298,23,109.39,8.73
352500.0,2870500.0,55.52692,25.9457,23,37.29,392.64
374500.0,2872500.0,55.7464,25.96582,23,82.73,137.82
297500.0,2813500.0,54.98654,25.42467,23,56.01,43.23
288500.0,2799500.0,54.89929,25.29707,23,17.61,2.46
188500.0,2737500.0,53.92098,24.72048,23,82.48,22870.62
187500.0,2777500.0,53.90211,25.081,23,83.43,563.88
202500.0,2863500.0,54.03166,25.85961,23,67.36,26670.38
201500.0,2895500.0,54.0144,26.14797,23,161.75,1436.58
297500.0,2817500.0,54.98594,25.46077,23,161.98,11916.26
329500.0,2809500.0,55.3051,25.39258,23,125.43,6.89
403500.0,2915500.0,56.03284,26.35626,23,32.67,22.54
281500.0,2807500.0,54.82851,25.36826,23,14.3,5.66
332500.0,2808500.0,55.33504,25.38389,23,159.58,2.92
347500.0,2866500.0,55.47747,25.90907,23,133.84,27811.46
391500.0,2879500.0,55.9156,26.03039,23,107.79,195.38
252500.0,2768500.0,54.54756,25.01185,23,16.86,42139.77
307500.0,2828500.0,55.08378,25.56138,23,139.68,3797.68
317500.0,2811500.0,55.18559,25.40921,23,17.33,7.04
177500.0,2743500.0,53.811,24.77231,23,166.29,603.23
295500.0,2844500.0,54.96194,25.70416,23,6.75,9350.41
339500.0,2850500.0,55.39956,25.76379,23,152.59,30.62
249500.0,2746500.0,54.52183,24.81285,23,62.03,2677.9
289500.0,2807500.0,54.90797,25.36941,23,97.21,2456.61
299500.0,2782500.0,55.01099,25.14516,23,5.56,64494.4
299500.0,2836500.0,55.00298,25.63251,23,156.11,11.3
380500.0,2914500.0,55.80246,26.34549,23,128.56,377000.76
250500.0,2763500.0,54.52866,24.96641,23,37.16,20265.77
373500.0,2884500.0,55.73525,26.07407,23,127.96,980.37
400500.0,2887500.0,56.00493,26.10326,23,137.74,2326.91
302500.0,2832500.0,55.03344,25.59682,23,141.56,8.29
355500.0,2862500.0,55.55775,25.87378,23,25.03,141.79
194500.0,2744500.0,53.9787,24.78482,23,60.58,10731.01
297500.0,2764500.0,54.99381,24.98243,23,14.33,17.48
276500.0,2786500.0,54.7823,25.17801,23,1.66,18.28
305500.0,2902500.0,55.05295,26.22895,23,11.37,336.48
399500.0,2875500.0,55.99586,25.99485,23,121.77,22.59
314500.0,2845500.0,55.15107,25.71571,23,36.5,230.66
360500.0,2867500.0,55.60712,25.91941,23,127.63,4468.61
430500.0,2834500.0,56.30772,25.62647,23,16.34,126.0
447500.0,2778500.0,56.47922,25.12148,23,58.54,9.93
294500.0,2835500.0,54.95336,25.6228,23,28.11,6.44
311500.0,2824500.0,55.12414,25.52579,23,14.07,6.92
254500.0,2773500.0,54.56647,25.05729,23,91.95,844.21
275500.0,2774500.0,54.77435,25.06958,23,42.1,264.21
359500.0,2854500.0,55.59852,25.80196,23,144.19,199.59
351500.0,2870500.0,55.51694,25.9456,23,42.21,171.56
164500.0,2736500.0,53.6843,24.70641,23,174.08,977.77
305500.0,2888500.0,55.05505,26.10261,23,18.97,227.44
359500.0,2898500.0,55.5938,26.19915,23,105.0,2948.37
226500.0,2770500.0,54.28975,25.02542,23,85.23,6910.23
250500.0,2732500.0,54.53421,24.6867,23,143.31,558.07
326500.0,2843500.0,55.27089,25.69912,23,98.67,7122.03
338500.0,2849500.0,55.38972,25.75465,23,152.72,54.39
267500.0,2795500.0,54.69152,25.25786,23,133.4,1564.53
308500.0,2802500.0,55.09742,25.32684,23,42.43,6.32
231500.0,2823500.0,54.32881,25.50442,23,20.79,3.2
274500.0,2838500.0,54.75379,25.64694,23,69.69,1463.58
276500.0,2838500.0,54.7737,25.64725,23,85.71,301807.86
276500.0,2896500.0,54.76384,26.17059,23,87.73,59859.4
377500.0,2885500.0,55.77514,26.08344,23,32.11,234.46
306500.0,2789500.0,55.07941,25.20925,23,148.61,2603.1
223500.0,2813500.0,54.25134,25.41275,23,61.42,969.49
290500.0,2845500.0,54.91197,25.71248,23,8.47,8512.83
312500.0,2816500.0,55.13521,25.45371,23,103.33,1331.69
276500.0,2804500.0,54.77934,25.34045,23,17.24,2055.63
286500.0,2834500.0,54.87389,25.61264,23,24.85,13834.91
259500.0,2810500.0,54.60948,25.39194,22,176.02,255.34
293500.0,2808500.0,54.94755,25.37899,22,49.38,16.87
324500.0,2824500.0,55.25346,25.52739,22,85.01,63.49
389500.0,2890500.0,55.89468,26.12955,22,40.13,26.03
400500.0,2897500.0,56.00417,26.19355,22,41.73,93.38
449500.0,2791500.0,56.49858,25.23894,22,58.8,8.08
285500.0,2813500.0,54.86729,25.42299,22,20.62,134.1
316500.0,2819500.0,55.17456,25.48129,22,139.02,2.06
443500.0,2789500.0,56.43909,25.22067,22,28.29,11.49
346500.0,2864500.0,55.46772,25.89092,22,34.06,285.82
387500.0,2877500.0,55.8758,26.01203,22,93.04,447.42
413500.0,2916500.0,56.13299,26.36593,22,128.3,418.89
319500.0,2816500.0,55.2048,25.45458,22,148.93,4.74
409500.0,2916500.0,56.0929,26.36568,22,40.68,1019.0
328500.0,2800500.0,55.2963,25.31122,22,51.36,45.11
323500.0,2851500.0,55.23994,25.77097,22,19.48,26.32
236500.0,2804500.0,54.38222,25.33392,22,50.3,7686.77
299500.0,2823500.0,55.00493,25.51519,22,73.33,5.74
299500.0,2822500.0,55.00508,25.50616,22,96.52,32.54
435500.0,2786500.0,56.35982,25.19325,22,12.63,3.32
447500.0,2793500.0,56.47865,25.25693,22,108.54,4.78
244500.0,2747500.0,54.47222,24.82105,22,3.56,123.43
242500.0,2834500.0,54.43604,25.60561,22,166.25,3.34
297500.0,2775500.0,54.99219,25.08171,22,64.08,19.82
448500.0,2802500.0,56.48824,25.33824,22,148.49,2.69
337500.0,2833500.0,55.3817,25.61012,22,14.94,3684.64
338500.0,2822500.0,55.39298,25.51093,22,71.6,2.68
354500.0,2866500.0,55.54733,25.90979,22,37.56,6.35
364500.0,2871500.0,55.64663,25.95589,22,144.44,6001.37
227500.0,2720500.0,54.30941,24.57453,22,11.35,17.59
242500.0,2717500.0,54.45795,24.55004,22,116.68,8.49
269500.0,2807500.0,54.70933,25.36645,22,158.12,12770.67
280500.0,2806500.0,54.81874,25.35909,22,169.86,9586.12
327500.0,2830500.0,55.28254,25.5819,22,15.5,3.85
314500.0,2855500.0,55.14967,25.80596,22,4.74,4823.27
444500.0,2789500.0,56.44902,25.2207,22,35.23,4.39
170500.0,2855500.0,53.71476,25.78061,22,134.11,143.57
298500.0,2839500.0,54.99258,25.65945,22,101.15,218.45
164500.0,2771500.0,53.67586,25.02197,22,21.56,3021.9
211500.0,2735500.0,54.14851,24.70693,22,157.4,11.16
224500.0,2857500.0,54.25221,25.80981,22,160.2,12.74
290500.0,2893500.0,54.90432,26.14563,22,82.17,9732.14
321500.0,2818500.0,55.22442,25.47288,22,161.26,609.28
310500.0,2836500.0,55.1125,25.63397,22,128.83,973.57
179500.0,2742500.0,53.83099,24.76372,22,15.59,1.94
178500.0,2829500.0,53.8007,25.54797,22,110.42,308.07
321500.0,2847500.0,55.22054,25.73463,22,34.45,157.49
333500.0,2851500.0,55.33963,25.77215,22,23.13,24.65
215500.0,2810500.0,54.17252,25.38418,22,68.68,222.36
212500.0,2860500.0,54.13199,25.83456,22,155.64,357.93
259500.0,2774500.0,54.61583,25.06711,22,28.54,29.26
257500.0,2801500.0,54.59123,25.31041,22,154.21,270.45
385500.0,2898500.0,55.85397,26.20146,22,50.06,2919.42
223500.0,2804500.0,54.25318,25.33157,22,165.17,10.94
255500.0,2741500.0,54.58202,24.76871,22,57.58,123.39
296500.0,2789500.0,54.9802,25.20793,22,3.21,37834.36
196500.0,2868500.0,53.97071,25.90346,22,155.14,4891.69
195500.0,2868500.0,53.96074,25.90325,22,156.84,1456.46
240500.0,2812500.0,54.42039,25.40679,22,69.38,869.62
321500.0,2845500.0,55.22081,25.71658,22,135.93,902.4
253500.0,2782500.0,54.55495,25.13833,22,137.83,1384.16
384500.0,2883500.0,55.8453,26.06596,22,134.1,724.71
355500.0,2881500.0,55.55566,26.0453,22,92.32,16394.26
215500.0,2730500.0,54.18902,24.66258,22,124.58,151.44
257500.0,2810500.0,54.58962,25.39162,22,177.5,117426.54
297500.0,2812500.0,54.98669,25.41564,22,68.31,1144.44
263500.0,2844500.0,54.64322,25.69935,22,88.88,964054.61
230500.0,2845500.0,54.31443,25.70269,22,55.48,1.49
268500.0,2808500.0,54.69922,25.37532,22,99.23,1103.5
371500.0,2880500.0,55.71565,26.03778,22,52.06,18.69
172500.0,2754500.0,53.75904,24.87044,22,83.58,6405.79
229500.0,2861500.0,54.30121,25.84683,22,142.29,952.02
230500.0,2860500.0,54.31139,25.83799,22,142.88,23.19
316500.0,2801500.0,55.17701,25.31882,22,132.12,18.39
195500.0,2733500.0,53.99097,24.68581,22,179.8,964.48
205500.0,2742500.0,54.08779,24.76893,22,76.29,1765.59
200500.0,2769500.0,54.03258,25.01148,22,110.9,418.3
227500.0,2807500.0,54.29228,25.35937,22,62.51,322665.6
343500.0,2814500.0,55.44365,25.43925,22,92.01,156.88
332500.0,2812500.0,55.33454,25.42,22,127.09,2.1
279500.0,2848500.0,54.8019,25.73794,22,66.58,15433.35
361500.0,2889500.0,55.61477,26.1181,22,157.15,17441.81
179500.0,2750500.0,53.82915,24.83586,22,7.88,429.46
164500.0,2756500.0,53.67949,24.88673,22,156.58,43.16
239500.0,2850500.0,54.40307,25.74942,22,153.49,75.55
258500.0,2776500.0,54.60557,25.085,22,50.52,110.64
292500.0,2883500.0,54.92591,26.05568,22,10.7,6674.5
336500.0,2860500.0,55.36842,25.85372,22,123.12,6136.47
318500.0,2870500.0,55.18749,25.94185,22,19.92,17.55
168500.0,2780500.0,53.71327,25.104,22,165.19,15.08
254500.0,2763500.0,54.56825,24.96706,22,57.41,149.55
293500.0,2804500.0,54.94816,25.34289,22,64.78,16.19
347500.0,2838500.0,55.48069,25.65632,22,67.85,968.25
315500.0,2909500.0,55.15201,26.29345,22,102.28,1879.29
353500.0,2849500.0,55.53924,25.75623,22,152.94,679.86
257500.0,2708500.0,54.60746,24.47125,22,82.66,5.28
313500.0,2821500.0,55.14445,25.49897,22,1.65,40.07
371500.0,2879500.0,55.71575,26.02875,22,31.42,7596.62
223500.0,2864500.0,54.24078,25.87276,22,147.68,43715.92
259500.0,2883500.0,54.59627,26.05057,22,97.08,514.65
170500.0,2746500.0,53.74116,24.79787,22,35.63,8.42
273500.0,2842500.0,54.74315,25.68288,22,88.66,4183.05
266500.0,2825500.0,54.67642,25.5284,22,117.81,122900.0
309500.0,2847500.0,55.10097,25.73312,22,104.24,87644.1
195500.0,2712500.0,53.99549,24.49641,22,25.42,971.98
271500.0,2789500.0,54.73221,25.20433,22,152.79,26.74
291500.0,2893500.0,54.91432,26.14577,22,82.56,45635.97
322500.0,2822500.0,55.23383,25.5091,22,164.64,877.73
331500.0,2845500.0,55.32045,25.71776,22,129.63,1740.55
402500.0,2875500.0,56.02583,25.99506,22,72.66,488.05
257500.0,2763500.0,54.59795,24.96754,22,25.35,18520.4
250500.0,2765500.0,54.5283,24.98445,22,43.02,527.76
272500.0,2789500.0,54.74213,25.20449,22,8.96,5012.43
318500.0,2844500.0,55.19106,25.70718,22,50.43,1059.84
335500.0,2891500.0,55.35455,26.13342,22,114.08,33.37
398500.0,2880500.0,55.98548,26.03993,22,81.42,2114.3
188500.0,2851500.0,53.89495,25.74849,22,158.41,46039.25
187500.0,2835500.0,53.88875,25.604,22,133.1,5081.47
234500.0,2723500.0,54.37791,24.60282,22,17.71,161.67
229500.0,2719500.0,54.32933,24.56586,22,47.22,123.9
214500.0,2744500.0,54.1763,24.78868,22,81.49,4950.91
218500.0,2812500.0,54.20189,25.40279,22,102.82,69990.5
286500.0,2803500.0,54.8788,25.33289,22,151.51,2.93
182500.0,2735500.0,53.8622,24.70122,22,42.44,3086.49
217500.0,2734500.0,54.20796,24.69903,22,148.71,13.35
239500.0,2798500.0,54.41315,25.28032,22,67.44,133837.41
234500.0,2805500.0,54.36217,25.34259,22,57.33,33740.91
250500.0,2897500.0,54.5037,26.17534,22,83.32,23184.45
271500.0,2788500.0,54.73238,25.19531,22,33.72,39.49
270500.0,2867500.0,54.70894,25.90799,22,65.22,8083.6
338500.0,2819500.0,55.39334,25.48385,22,123.15,11.17
312500.0,2849500.0,55.13058,25.75156,22,10.35,4696.89
384500.0,2873500.0,55.84618,25.97568,22,105.42,98.33
363500.0,2912500.0,55.63234,26.32591,22,131.44,21428.4
400500.0,2888500.0,56.00486,26.11229,22,140.01,7358.44
241500.0,2780500.0,54.4364,25.11827,22,91.63,6385.92
246500.0,2799500.0,54.48242,25.29054,22,96.65,270.54
250500.0,2787500.0,54.52431,25.18295,22,32.99,7031.92
368500.0,2876500.0,55.68608,26.0014,22,42.26,11796.32
411500.0,2913500.0,56.11315,26.33872,22,126.55,8010.9
327500.0,2813500.0,55.28472,25.42845,22,86.91,1.26
236500.0,2846500.0,54.37398,25.7128,22,67.06,2065.12
278500.0,2828500.0,54.79526,25.55732,22,109.75,2076.9
431500.0,2834500.0,56.31768,25.62651,22,23.95,115.66
244500.0,2849500.0,54.45306,25.74128,22,54.27,21544.62
299500.0,2794500.0,55.00923,25.25346,22,68.23,1990.22
360500.0,2868500.0,55.60701,25.92843,22,39.2,276.04
359500.0,2878500.0,55.59596,26.01861,22,2.43,1692.02
266500.0,2792500.0,54.68211,25.23063,22,39.77,1487.67
266500.0,2791500.0,54.68228,25.22161,22,140.2,12478.17
269500.0,2771500.0,54.7154,25.0416,22,71.45,3318.13
276500.0,2794500.0,54.78099,25.25021,22,2.09,2182.72
174500.0,2918500.0,53.73889,26.34946,22,61.77,65.91
223500.0,2746500.0,54.26483,24.80837,22,140.67,5453.94
228500.0,2825500.0,54.29858,25.52192,22,142.14,6.94
282500.0,2846500.0,54.83212,25.72034,22,99.98,188.98
333500.0,2875500.0,55.3366,25.98877,22,118.43,23402.42
168500.0,2826500.0,53.70205,25.51872,22,47.75,10985.8
224500.0,2780500.0,54.26795,25.11526,22,58.27,60909.76
275500.0,2805500.0,54.76925,25.34932,22,152.11,644.79
389500.0,2910500.0,55.89298,26.31011,22,108.38,34075.73
259500.0,2755500.0,54.61913,24.89567,22,38.37,1351789.35
331500.0,2841500.0,55.32096,25.68165,22,153.12,1528.71
327500.0,2890500.0,55.27469,26.12346,22,88.53,1341.88
266500.0,2794500.0,54.68177,25.24868,22,148.94,43138.16
260500.0,2842500.0,54.61371,25.68082,22,94.01,3968.24
309500.0,2783500.0,55.11001,25.15548,22,64.42,67.0
274500.0,2801500.0,54.75998,25.31307,22,161.18,3.39
284500.0,2851500.0,54.85123,25.76575,22,42.51,41437.88
192500.0,2870500.0,53.93036,25.92066,22,157.7,2295.6
194500.0,2869500.0,53.95053,25.91206,22,65.38,124778.64
192500.0,2918500.0,53.91901,26.35345,22,65.08,129.98
232500.0,2902500.0,54.32273,26.2172,22,71.05,451.68
442500.0,2863500.0,56.42599,25.88885,22,58.79,236.68
400500.0,2894500.0,56.0044,26.16646,22,12.2,13162.14
207500.0,2752500.0,54.10545,24.85951,22,96.36,7753.43
197500.0,2869500.0,53.98045,25.91269,22,59.45,195830.14
258500.0,2793500.0,54.60257,25.23839,22,61.67,105887.38
391500.0,2892500.0,55.91452,26.14776,22,143.46,200.04
256500.0,2812500.0,54.57932,25.4095,22,124.12,2396.26
336500.0,2826500.0,55.3726,25.54682,22,174.14,1070.82
382500.0,2882500.0,55.8254,26.05677,22,78.0,794.59
267500.0,2789500.0,54.69254,25.20372,22,90.39,12.05
257500.0,2795500.0,54.5923,25.25627,22,179.79,50117.44
376500.0,2882500.0,55.76543,26.05627,22,143.09,163.95
213500.0,2813500.0,54.15203,25.41086,22,41.74,320651.37
224500.0,2803500.0,54.26331,25.32273,22,76.57,223058.95
334500.0,2845500.0,55.35035,25.7181,22,114.49,6095.1
348500.0,2870500.0,55.48699,25.94529,22,124.39,28134.51
257500.0,2767500.0,54.59725,25.00363,22,60.08,25.15
361500.0,2858500.0,55.61805,25.83826,22,127.65,1094402.37
284500.0,2838500.0,54.85334,25.64844,22,87.99,466.02
246500.0,2816500.0,54.47924,25.44391,22,97.12,182719.59
289500.0,2801500.0,54.90891,25.31526,22,168.34,22753.25
217500.0,2908500.0,54.17144,26.26844,21,164.85,28.72
292500.0,2787500.0,54.94082,25.18933,21,98.07,17.58
353500.0,2863500.0,55.53769,25.88261,21,30.09,39.78
389500.0,2891500.0,55.8946,26.13858,21,141.21,174.66
409500.0,2917500.0,56.09283,26.37471,21,40.06,399.83
286500.0,2789500.0,54.881,25.20654,21,125.75,3.41
259500.0,2769500.0,54.6167,25.022,21,35.7,5.59
281500.0,2802500.0,54.82932,25.32314,21,145.75,65.35
303500.0,2808500.0,55.0469,25.38035,21,97.03,7.67
260500.0,2838500.0,54.61442,25.64473,21,79.19,176.91
256500.0,2770500.0,54.58682,25.03054,21,146.36,5.03
318500.0,2818500.0,55.19459,25.47251,21,138.9,8.96
302500.0,2814500.0,55.03609,25.43437,21,165.8,6.67
325500.0,2802500.0,55.26626,25.32893,21,111.07,9.67
396500.0,2900500.0,55.9639,26.22035,21,63.16,35.3
396500.0,2898500.0,55.96406,26.20229,21,66.55,35.54
236500.0,2758500.0,54.39105,24.91893,21,129.13,63.99
283500.0,2791500.0,54.85092,25.22416,21,85.07,3.76
303500.0,2820500.0,55.04515,25.48865,21,112.03,163.51
396500.0,2877500.0,55.96573,26.0127,21,108.71,62.8
394500.0,2895500.0,55.94429,26.17506,21,125.17,2854.0
204500.0,2738500.0,54.07876,24.73266,21,42.23,39847.39
215500.0,2771500.0,54.18064,25.03241,21,101.2,6594.63
279500.0,2792500.0,54.81108,25.2326,21,169.87,770.13
264500.0,2809500.0,54.65932,25.38372,21,25.89,2.86
263500.0,2840500.0,54.64393,25.66326,21,64.43,1640.74
272500.0,2860500.0,54.7301,25.84514,21,47.04,68675.4
279500.0,2894500.0,54.79418,26.15301,21,83.7,15232.42
332500.0,2857500.0,55.3289,25.82619,21,117.22,176705.67
263500.0,2829500.0,54.64588,25.56401,21,164.49,2178.65
289500.0,2779500.0,54.9123,25.11672,21,11.75,14.31
334500.0,2812500.0,55.35442,25.42022,21,91.78,90.3
317500.0,2832500.0,55.18274,25.59875,21,42.7,473.83
326500.0,2888500.0,55.26496,26.10529,21,90.97,4076.32
227500.0,2719500.0,54.3096,24.56551,21,139.18,127.47
287500.0,2791500.0,54.89061,25.22473,21,111.16,3.2
282500.0,2842500.0,54.83277,25.68424,21,100.72,368.48
214500.0,2817500.0,54.16111,25.44713,21,154.17,1080.76
320500.0,2911500.0,55.20179,26.31213,21,10.74,308.3
383500.0,2885500.0,55.83512,26.08394,21,137.75,3167.9
196500.0,2742500.0,53.99889,24.76718,21,61.11,20356.25
165500.0,2774500.0,53.68503,25.04924,21,137.5,15.1
288500.0,2913500.0,54.88106,26.3258,21,66.72,332.75
341500.0,2847500.0,55.41986,25.73693,21,29.59,8912.36
355500.0,2841500.0,55.56005,25.68421,21,106.55,5230.64
361500.0,2866500.0,55.6172,25.91048,21,142.41,8093.68
393500.0,2905500.0,55.93346,26.26527,21,49.52,13.31
447500.0,2799500.0,56.47842,25.31112,21,130.63,127.17
291500.0,2823500.0,54.92537,25.51408,21,159.89,1536.27
302500.0,2784500.0,55.04045,25.1636,21,152.39,3032.35
322500.0,2787500.0,55.23842,25.19318,21,135.29,11.53
299500.0,2816500.0,55.00597,25.45201,21,73.58,2.32
305500.0,2832500.0,55.0633,25.59722,21,24.72,56.95
331500.0,2889500.0,55.31481,26.11491,21,105.11,1400.23
281500.0,2772500.0,54.83411,25.05241,21,167.39,2268.32
294500.0,2820500.0,54.95566,25.48743,21,140.09,107.28
323500.0,2810500.0,55.24535,25.4009,21,131.23,65.21
324500.0,2839500.0,55.2515,25.66278,21,137.45,20.93
376500.0,2879500.0,55.76571,26.02919,21,44.76,9074.94
403500.0,2914500.0,56.03292,26.34723,21,29.6,123.95
275500.0,2772500.0,54.77467,25.05153,21,158.56,3.05
280500.0,2793500.0,54.82084,25.24177,21,36.6,26875.38
354500.0,2895500.0,55.5441,26.17157,21,53.4,18228.25
233500.0,2715500.0,54.36955,24.53047,21,101.9,1.83
373500.0,2886500.0,55.73506,26.09212,21,44.86,44.3
341500.0,2826500.0,55.42235,25.54736,21,8.18,44.84
300500.0,2843500.0,55.01189,25.69582,21,21.84,351.33
174500.0,2733500.0,53.7837,24.68151,21,78.58,235.12
386500.0,2893500.0,55.86442,26.1564,21,55.17,14.88
178500.0,2776500.0,53.81323,25.07009,21,114.97,1.41
296500.0,2842500.0,54.9722,25.68625,21,16.75,5.77
339500.0,2821500.0,55.40305,25.50201,21,45.07,2.56
186500.0,2876500.0,53.8691,25.97347,21,60.01,475390.52
247500.0,2883500.0,54.47643,26.04852,21,82.22,154034.53
290500.0,2785500.0,54.92129,25.17101,21,46.3,108926.36
280500.0,2828500.0,54.81516,25.55761,21,11.24,12965.52
348500.0,2817500.0,55.49302,25.46685,21,141.39,2.47
367500.0,2901500.0,55.67354,26.22699,21,22.33,78.83
374500.0,2905500.0,55.74322,26.26373,21,29.1,3.96
375500.0,2906500.0,55.75313,26.27285,21,98.92,1052.37
329500.0,2826500.0,55.30295,25.54603,21,106.43,39.71
185500.0,2763500.0,53.8855,24.95433,21,104.49,1541.62
174500.0,2772500.0,53.77458,25.03317,21,156.49,23.41
169500.0,2833500.0,53.71026,25.58205,21,101.43,61870.97
239500.0,2820500.0,54.40891,25.47879,21,68.94,226758.01
224500.0,2913500.0,54.24039,26.3149,21,173.6,566.91
207500.0,2910500.0,54.07096,26.28447,21,72.57,2920.42
254500.0,2895500.0,54.54407,26.15798,21,70.1,7856.57
308500.0,2880500.0,55.08621,26.03081,21,98.23,956.23
179500.0,2749500.0,53.82938,24.82684,21,101.7,10.02
163500.0,2759500.0,53.66888,24.91356,21,168.33,16801.5
168500.0,2803500.0,53.70769,25.31136,21,20.8,21428.07
234500.0,2919500.0,54.33923,26.37091,21,175.14,6.56
248500.0,2759500.0,54.50959,24.92999,21,178.23,1960.32
294500.0,2792500.0,54.95991,25.23473,21,92.81,341.38
255500.0,2873500.0,54.55819,25.95968,21,89.29,2.36
291500.0,2883500.0,54.91592,26.05553,21,9.73,2084.47
269500.0,2895500.0,54.69403,26.16046,21,173.19,234.48
305500.0,2842500.0,55.06184,25.68747,21,26.84,154.32
311500.0,2830500.0,55.1233,25.57995,21,44.13,540.36
208500.0,2743500.0,54.11722,24.77853,21,167.18,3.25
374500.0,2887500.0,55.74496,26.10124,21,42.99,188.48
446500.0,2793500.0,56.46872,25.2569,21,66.88,3.31
298500.0,2835500.0,54.99318,25.62335,21,0.47,2.09
301500.0,2892500.0,55.01446,26.13816,21,52.02,600.33
399500.0,2901500.0,55.99385,26.22959,21,48.63,405.96
382500.0,2888500.0,55.82486,26.11094,21,143.93,7702.7
189500.0,2735500.0,53.9313,24.70265,21,87.49,102.21
185500.0,2777500.0,53.88231,25.08058,21,83.05,10856.15
168500.0,2773500.0,53.71496,25.04088,21,86.44,1328.15
226500.0,2814500.0,54.28094,25.42233,21,69.96,4025.95
232500.0,2882500.0,54.32684,26.0368,21,85.42,14780.17
312500.0,2876500.0,55.12674,25.99524,21,95.1,296532.68
314500.0,2876500.0,55.14671,25.99549,21,96.0,327272.77
355500.0,2852500.0,55.55885,25.78351,21,42.37,3.84
381500.0,2876500.0,55.81595,26.00252,21,83.57,581.09
292500.0,2768500.0,54.94369,25.01786,21,67.55,530.37
382500.0,2869500.0,55.82656,25.93941,21,23.15,90967.91
377500.0,2883500.0,55.77533,26.06538,21,133.01,297.82
401500.0,2914500.0,56.01288,26.3471,21,39.03,66.62
182500.0,2754500.0,53.85788,24.87255,21,66.52,3352.79
164500.0,2743500.0,53.68262,24.76952,21,165.57,4.87
164500.0,2779500.0,53.67391,25.0941,21,81.79,9045.67
188500.0,2878500.0,53.88858,25.99194,21,161.16,4.04
328500.0,2878500.0,55.28627,26.01527,21,179.35,5560.41
182500.0,2770500.0,53.85422,25.01683,21,75.79,298.84
251500.0,2722500.0,54.54585,24.59663,21,158.37,14.54
262500.0,2750500.0,54.64967,24.85102,21,177.21,80.25
304500.0,2786500.0,55.06,25.18192,21,153.44,26811.39
394500.0,2880500.0,55.9455,26.03964,21,70.89,55.17
404500.0,2913500.0,56.04301,26.33827,21,135.66,50215.72
335500.0,2824500.0,55.3629,25.52865,21,106.01,605.87
250500.0,2764500.0,54.52848,24.97543,21,38.03,22317.9
270500.0,2814500.0,54.71807,25.42977,21,81.1,15914.58
269500.0,2814500.0,54.70813,25.42961,21,92.84,6933.42
297500.0,2840500.0,54.98247,25.66834,21,21.04,1073.37
299500.0,2784500.0,55.0107,25.16321,21,54.68,469.68
218500.0,2907500.0,54.18166,26.25962,21,73.32,61.22
337500.0,2892500.0,55.37443,26.14267,21,106.65,34649.53
192500.0,2737500.0,53.96048,24.72129,21,177.65,115.33
173500.0,2776500.0,53.76373,25.06902,21,88.1,15006.64
236500.0,2819500.0,54.37929,25.46924,21,3.82,6448.63
402500.0,2892500.0,56.02456,26.14854,21,144.2,251.5
284500.0,2837500.0,54.8535,25.63942,21,110.05,211.34
285500.0,2837500.0,54.86346,25.63956,21,4.81,20.73
286500.0,2839500.0,54.87309,25.65776,21,89.72,15507.76
226500.0,2779500.0,54.28796,25.10661,21,58.21,46845.56
267500.0,2783500.0,54.69356,25.14958,21,136.05,1503.35
298500.0,2914500.0,54.98104,26.33627,21,18.07,7836.25
277500.0,2913500.0,54.77092,26.32413,21,36.85,41.32
276500.0,2841500.0,54.77319,25.67432,21,178.87,656.54
312500.0,2817500.0,55.13507,25.46274,21,117.54,256.76
330500.0,2858500.0,55.30882,25.83498,21,120.18,144126.36
306500.0,2883500.0,55.06578,26.05762,21,13.01,945.94
399500.0,2912500.0,55.99299,26.3289,21,40.41,3164.19
257500.0,2757500.0,54.599,24.9134,21,38.04,33803.35
310500.0,2816500.0,55.11532,25.45346,21,118.06,51.7
330500.0,2852500.0,55.30959,25.78083,21,33.11,26.8
311500.0,2890500.0,55.11473,26.12145,21,80.19,47946.74
398500.0,2911500.0,55.98305,26.3198,21,20.57,123.09
307500.0,2775500.0,55.0913,25.08302,21,10.38,2861.16
231500.0,2858500.0,54.32176,25.82014,21,58.61,23962.76
311500.0,2848500.0,55.12075,25.7424,21,56.12,7866.17
311500.0,2891500.0,55.11458,26.13048,21,79.33,84252.99
360500.0,2878500.0,55.60595,26.01871,21,105.97,1779.36
267500.0,2808500.0,54.68929,25.37516,21,79.35,4243.64
291500.0,2828500.0,54.92459,25.55921,21,12.4,177.39
289500.0,2829500.0,54.90454,25.56795,21,23.21,121.25
245500.0,2779500.0,54.47622,25.10993,21,132.16,72305.93
300500.0,2786500.0,55.02032,25.18139,21,166.11,21666.79
164500.0,2760500.0,53.67853,24.9228,21,113.48,242.26
257500.0,2792500.0,54.59283,25.22921,21,177.62,134715.73
241500.0,2829500.0,54.42706,25.56033,21,163.15,1337.79
357500.0,2898500.0,55.57379,26.19895,20,110.1,4579.46
392500.0,2881500.0,55.92543,26.04852,20,70.3,8.04
410500.0,2918500.0,56.10278,26.3838,20,39.32,2485.48
285500.0,2788500.0,54.87124,25.19737,20,137.59,4.56
278500.0,2796500.0,54.80051,25.26855,20,11.84,1980.97
280500.0,2826500.0,54.81548,25.53957,20,141.3,54.15
343500.0,2860500.0,55.43825,25.85449,20,118.5,3316.44
386500.0,2875500.0,55.86599,25.99389,20,121.07,2947.73
386500.0,2877500.0,55.86581,26.01195,20,108.02,233.75
400500.0,2879500.0,56.00554,26.03104,20,143.34,8252.41
221500.0,2860500.0,54.22168,25.8363,20,55.88,11900.91
318500.0,2797500.0,55.1974,25.28296,20,178.9,5.93
357500.0,2867500.0,55.57717,25.91912,20,33.32,5.22
386500.0,2895500.0,55.86424,26.17445,20,46.85,14.64
406500.0,2915500.0,56.0629,26.35646,20,38.95,162.83
249500.0,2781500.0,54.51549,25.12865,20,8.94,1505.96
287500.0,2801500.0,54.88905,25.31498,20,88.36,1183.21
307500.0,2776500.0,55.09116,25.09204,20,142.99,2.35
338500.0,2820500.0,55.39322,25.49288,20,74.86,3.74
325500.0,2911500.0,55.25186,26.31275,20,101.39,2426.22
380500.0,2885500.0,55.80513,26.08369,20,109.67,43.12
307500.0,2869500.0,55.07783,25.93141,20,104.67,265.47
329500.0,2912500.0,55.29179,26.32226,20,99.83,1638.44
370500.0,2872500.0,55.70645,25.96547,20,34.61,635.95
386500.0,2888500.0,55.86486,26.11126,20,136.26,749.28
387500.0,2888500.0,55.87485,26.11134,20,140.9,4878.24
245500.0,2807500.0,54.47099,25.36255,20,140.79,324.75
260500.0,2825500.0,54.61675,25.52744,20,124.62,2720.9
305500.0,2815500.0,55.06576,25.44379,20,175.93,19.14
331500.0,2803500.0,55.32572,25.33864,20,113.36,4.13
325500.0,2846500.0,55.26054,25.72608,20,26.36,40.03
335500.0,2914500.0,55.35163,26.34101,20,11.08,557.99
183500.0,2750500.0,53.86868,24.83669,20,148.09,748.99
248500.0,2784500.0,54.50503,25.15555,20,101.05,5467.36
351500.0,2848500.0,55.51941,25.747,20,154.71,1032.04
208500.0,2736500.0,54.11868,24.71539,20,121.87,11.77
301500.0,2822500.0,55.02497,25.50643,20,142.38,724.9
435500.0,2803500.0,56.35901,25.34677,20,82.89,3.43
193500.0,2754500.0,53.96662,24.8748,20,39.95,4511.55
207500.0,2739500.0,54.10818,24.74226,20,156.49,5.99
244500.0,2740500.0,54.4735,24.75789,20,63.32,529.32
230500.0,2824500.0,54.31867,25.51326,20,147.91,82.39
295500.0,2802500.0,54.96833,25.32512,20,28.3,1015.5
339500.0,2852500.0,55.39932,25.78184,20,123.58,5850.25
341500.0,2868500.0,55.41734,25.92649,20,144.69,3193.11
384500.0,2906500.0,55.84325,26.2736,20,47.93,2817.15
234500.0,2848500.0,54.35366,25.73048,20,60.55,5703.54
252500.0,2775500.0,54.5463,25.07501,20,166.05,56.31
325500.0,2847500.0,55.26041,25.73511,20,32.69,16.0
353500.0,2854500.0,55.53868,25.80137,20,135.97,325.11
179500.0,2772500.0,53.82406,25.03424,20,4.5,119.54
213500.0,2860500.0,54.14195,25.83476,20,156.41,4956.11
288500.0,2790500.0,54.90069,25.21585,20,129.0,5.31
373500.0,2872500.0,55.73641,25.96573,20,90.53,537.03
359500.0,2899500.0,55.59369,26.20818,20,111.24,22453.72
444500.0,2808500.0,56.44824,25.39228,20,23.04,27.02
222500.0,2724500.0,54.2593,24.60973,20,135.73,11520.59
222500.0,2857500.0,54.23228,25.80944,20,142.53,69.51
268500.0,2785500.0,54.70314,25.16778,20,18.92,3.95
295500.0,2781500.0,54.97148,25.13559,20,119.42,132.18
271500.0,2895500.0,54.71403,26.16078,20,81.67,47194.44
325500.0,2811500.0,55.2651,25.41017,20,170.2,1.24
445500.0,2808500.0,56.45819,25.39232,20,17.93,23.66
280500.0,2794500.0,54.82068,25.2508,20,35.78,7376.29
293500.0,2796500.0,54.94938,25.2707,20,89.2,968.05
300500.0,2776500.0,55.02178,25.09114,20,0.14,412.86
170500.0,2754500.0,53.73927,24.87001,20,142.29,285.07
242500.0,2918500.0,54.41954,26.36335,20,86.26,12900.8
291500.0,2819500.0,54.92599,25.47799,20,25.78,5018.74
194500.0,2803500.0,53.96562,25.3169,20,108.42,37350.26
206500.0,2777500.0,54.09027,25.08481,20,90.35,3690.04
199500.0,2776500.0,54.02116,25.07441,20,84.14,39435.51
335500.0,2815500.0,55.364,25.44741,20,147.5,242.93
318500.0,2803500.0,55.1966,25.33712,20,161.46,19.8
336500.0,2825500.0,55.37272,25.53779,20,46.41,2.11
388500.0,2895500.0,55.88425,26.17461,20,43.49,38.48
281500.0,2786500.0,54.83188,25.17875,20,70.54,1.95
168500.0,2743500.0,53.72212,24.77039,20,73.8,3282.21
305500.0,2770500.0,55.07218,25.03763,20,89.52,4.06
354500.0,2852500.0,55.54888,25.78341,20,44.89,15.5
201500.0,2769500.0,54.04248,25.01168,20,108.47,2727.03
226500.0,2808500.0,54.28215,25.3682,20,60.85,7106.59
259500.0,2760500.0,54.61827,24.94079,20,45.55,315.0
266500.0,2820500.0,54.67728,25.48328,20,63.32,24.19
448500.0,2809500.0,56.48797,25.40145,20,139.84,1.99
196500.0,2808500.0,53.98434,25.3624,20,25.89,521.09
240500.0,2850500.0,54.41303,25.7496,20,147.35,438.23
299500.0,2843500.0,55.00193,25.69569,20,105.45,14221.19
272500.0,2866500.0,54.72907,25.89928,20,9.33,835.38
382500.0,2873500.0,55.82621,25.97552,20,49.9,51.11
195500.0,2736500.0,53.99032,24.71287,20,177.85,847.99
169500.0,2732500.0,53.73459,24.67143,20,178.18,752.06
168500.0,2849500.0,53.69635,25.72607,20,142.95,314.31
209500.0,2720500.0,54.13185,24.57126,20,88.58,2621.67
255500.0,2820500.0,54.56794,25.48151,20,20.59,74.54
284500.0,2871500.0,54.84797,25.94623,20,74.05,659.33
285500.0,2882500.0,54.85615,26.04563,20,3.26,20471.56
333500.0,2789500.0,55.3473,25.21249,20,53.46,2.69
320500.0,2800500.0,55.21686,25.31028,20,26.8,346.72
335500.0,2860500.0,55.35845,25.85361,20,34.21,1302.87
311500.0,2854500.0,55.1199,25.79655,20,4.94,775.11
187500.0,2836500.0,53.88852,25.61302,20,43.92,1232.0
187500.0,2867500.0,53.88122,25.89254,20,53.67,552.8
198500.0,2808500.0,54.00419,25.3628,20,101.24,8694.06
284500.0,2863500.0,54.84928,25.87404,20,50.81,790.61
325500.0,2888500.0,55.25496,26.10517,20,97.12,6977.85
341500.0,2915500.0,55.41161,26.35072,20,101.53,5064.97
408500.0,2888500.0,56.08486,26.11282,20,1.72,5372.72
408500.0,2887500.0,56.08493,26.10379,20,1.86,11708.93
184500.0,2838500.0,53.85821,25.63042,20,6.36,1034.1
238500.0,2901500.0,54.38293,26.20928,20,162.34,87.39
390500.0,2869500.0,55.90645,25.94003,20,46.45,100.36
182500.0,2908500.0,53.8214,26.26111,20,71.93,1061.85
183500.0,2908500.0,53.8314,26.26133,20,69.62,539.38
223500.0,2721500.0,54.26976,24.58284,20,154.65,188.66
227500.0,2814500.0,54.29087,25.42251,20,95.55,19319.56
204500.0,2877500.0,54.04845,25.98627,20,57.73,568.82
328500.0,2855500.0,55.28927,25.80767,20,135.22,467.23
344500.0,2864500.0,55.44776,25.8907,20,137.13,119232.9
212500.0,2716500.0,54.16226,24.53573,20,13.07,1176.44
276500.0,2797500.0,54.7805,25.27728,20,171.46,1987.92
320500.0,2846500.0,55.21071,25.72548,20,21.8,6.01
341500.0,2861500.0,55.41818,25.8633,20,39.09,17028.57
388500.0,2878500.0,55.88571,26.02113,20,138.14,17.17
403500.0,2906500.0,56.03352,26.27501,20,47.92,26251.44
184500.0,2853500.0,53.85465,25.76566,20,92.84,13179.89
219500.0,2802500.0,54.21389,25.31278,20,68.76,8157.54
200500.0,2866500.0,54.01104,25.88625,20,99.43,76930.89
292500.0,2893500.0,54.92432,26.14592,20,83.06,39552.7
334500.0,2890500.0,55.34468,26.12428,20,109.0,114868.08
259500.0,2842500.0,54.60375,25.68066,20,177.89,6201.61
308500.0,2830500.0,55.09344,25.57956,20,119.91,39.29
345500.0,2862500.0,55.45797,25.87276,20,131.08,346.13
265500.0,2840500.0,54.66384,25.66358,20,177.67,2074.23
239500.0,2797500.0,54.41334,25.2713,20,28.24,5.89
244500.0,2843500.0,54.45422,25.68715,20,80.23,583.1
282500.0,2811500.0,54.8378,25.4045,20,23.69,20415.05
374500.0,2880500.0,55.74563,26.03804,20,172.08,485.19
169500.0,2741500.0,53.73247,24.75258,20,83.49,49274.36
240500.0,2797500.0,54.42326,25.27147,20,67.58,119626.68
251500.0,2745500.0,54.54178,24.80416,20,139.56,334.72
281500.0,2814500.0,54.82738,25.43143,20,175.58,1.15
290500.0,2808500.0,54.91775,25.37858,20,132.88,1275.25
294500.0,2843500.0,54.95213,25.695,20,12.03,44033.57
291500.0,2843500.0,54.92225,25.69457,20,102.85,735.93
349500.0,2867500.0,55.49731,25.91831,20,38.59,61.68
166500.0,2739500.0,53.70332,24.73389,20,177.43,1645.59
180500.0,2770500.0,53.83442,25.01641,20,45.4,7886.77
186500.0,2855500.0,53.8741,25.78413,20,122.49,214247.05
233500.0,2804500.0,54.35244,25.33339,20,76.49,136544.31
333500.0,2913500.0,55.33172,26.33176,20,103.79,7224.95
191500.0,2737500.0,53.9506,24.72109,20,179.74,9778.6
193500.0,2744500.0,53.96882,24.78462,20,60.2,68873.17
239500.0,2788500.0,54.41506,25.1901,20,103.93,38078.64
175500.0,2918500.0,53.74889,26.34969,20,65.41,617956.06
217500.0,2804500.0,54.19363,25.33045,20,82.27,16618.2
233500.0,2883500.0,54.33662,26.04601,20,89.16,201911.01
265500.0,2822500.0,54.66699,25.50117,20,152.51,1386.91
251500.0,2840500.0,54.52447,25.66129,20,151.87,9.83
312500.0,2824500.0,55.13409,25.52592,20,11.79,13.87
336500.0,2913500.0,55.36177,26.3321,20,99.3,20883.86
390500.0,2905500.0,55.90342,26.26504,20,144.08,778.28
407500.0,2885500.0,56.07507,26.08567,20,17.16,19348.36
300500.0,2831500.0,55.01369,25.58752,20,171.59,239960.59
280500.0,2790500.0,54.82132,25.2147,20,170.16,1660.68
264500.0,2765500.0,54.6669,24.98669,20,101.35,655.78
337500.0,2835500.0,55.38146,25.62817,20,164.53,6783.61
254500.0,2758500.0,54.56914,24.92194,20,5.29,4.66
269500.0,2791500.0,54.71204,25.22208,20,62.43,40162.13
288500.0,2836500.0,54.89348,25.63097,20,100.09,7814.32
307500.0,2805500.0,55.08707,25.35379,20,75.11,30304.85
275500.0,2792500.0,54.7714,25.23201,20,80.17,14.74
295500.0,2767500.0,54.97356,25.00924,20,23.5,52.16
175500.0,2835500.0,53.76943,25.60141,20,90.91,3924.6
381500.0,2873500.0,55.81622,25.97544,20,132.75,10295.93
307500.0,2834500.0,55.08292,25.61553,20,135.6,1302.85
282500.0,2770500.0,54.84433,25.0345,20,170.73,8478.1
311500.0,2799500.0,55.12763,25.30015,20,31.55,2272.21
254500.0,2836500.0,54.55507,25.6257,20,36.08,105096.95
399500.0,2877500.0,55.9957,26.01291,20,92.29,166110.23
301500.0,2779500.0,55.03125,25.11834,20,162.36,647.88
300500.0,2784500.0,55.02061,25.16334,20,166.09,41972.68
245500.0,2777500.0,54.47659,25.09189,20,111.03,42.43
246500.0,2777500.0,54.4865,25.09206,20,47.33,1905.78
241500.0,2815500.0,54.42975,25.43403,20,96.91,152172.21
272500.0,2804500.0,54.73963,25.33984,20,27.64,3770.24
293500.0,2832500.0,54.94387,25.59559,20,132.05,8996.98
363500.0,2871500.0,55.63665,25.9558,20,129.7,19356.19
292500.0,2775500.0,54.94264,25.08103,20,56.41,45.18
285500.0,2854500.0,54.86071,25.79297,20,128.29,8.07
300500.0,2832500.0,55.01354,25.59655,20,107.06,2601.19
255500.0,2811500.0,54.56957,25.40031,20,121.75,1823.8
245500.0,2816500.0,54.4693,25.44374,20,96.8,255591.29
299500.0,2829500.0,55.00403,25.56934,20,152.9,14293.53
285500.0,2778500.0,54.8728,25.10713,19,18.37,2293.26
326500.0,2797500.0,55.27683,25.28391,19,109.75,104.4
354500.0,2872500.0,55.54667,25.96395,19,36.64,70.61
391500.0,2886500.0,55.91502,26.09359,19,50.25,30.77
298500.0,2775500.0,55.0021,25.08184,19,16.62,1214.37
319500.0,2817500.0,55.20466,25.46361,19,112.71,6.29
262500.0,2755500.0,54.64881,24.89614,19,178.03,1669.61
259500.0,2759500.0,54.61844,24.93176,19,124.37,86.83
268500.0,2781500.0,54.70381,25.13169,19,66.74,11.72
274500.0,2793500.0,54.76131,25.24088,19,52.83,266.32
272500.0,2824500.0,54.73625,25.52031,19,14.98,5541.83
342500.0,2825500.0,55.43242,25.53844,19,129.32,8.56
383500.0,2875500.0,55.83602,25.99366,19,149.0,150.75
216500.0,2879500.0,54.16775,26.0067,19,131.94,7433.5
290500.0,2764500.0,54.92449,24.98148,19,66.71,11.25
277500.0,2799500.0,54.79009,25.29548,19,156.3,896.35
318500.0,2815500.0,55.19499,25.44543,19,142.25,5.05
235500.0,2805500.0,54.37209,25.34276,19,49.87,11013.19
288500.0,2758500.0,54.9056,24.92705,19,139.95,1.75
276500.0,2784500.0,54.78262,25.15997,19,9.88,27468.88
294500.0,2808500.0,54.95749,25.37913,19,83.44,530.47
285500.0,2825500.0,54.86538,25.53128,19,23.68,2.46
309500.0,2813500.0,55.10581,25.42625,19,21.53,76.07
344500.0,2859500.0,55.44835,25.84557,19,32.58,243.93
280500.0,2774500.0,54.82389,25.07031,19,0.9,12.58
273500.0,2824500.0,54.7462,25.52046,19,109.13,125.43
256500.0,2837500.0,54.57479,25.63506,19,132.46,303.27
309500.0,2840500.0,55.10197,25.66994,19,27.47,32.91
188500.0,2763500.0,53.91517,24.95495,19,124.91,23014.61
217500.0,2810500.0,54.19238,25.38457,19,59.42,10948.78
294500.0,2824500.0,54.95505,25.52353,19,128.36,17.81
337500.0,2867500.0,55.37753,25.91702,19,139.57,1364.67
349500.0,2870500.0,55.49697,25.94539,19,32.81,78.12
402500.0,2878500.0,56.0256,26.02214,19,132.8,12.05
254500.0,2787500.0,54.56397,25.18361,19,27.8,2611.64
305500.0,2799500.0,55.06806,25.29938,19,110.53,32.74
328500.0,2831500.0,55.29236,25.59104,19,35.53,40.66
341500.0,2837500.0,55.42105,25.64666,19,157.04,1766.77
169500.0,2742500.0,53.73223,24.76159,19,138.31,3.74
192500.0,2849500.0,53.93524,25.7313,19,15.42,4871.06
213500.0,2712500.0,54.17293,24.49984,19,17.68,24.14
207500.0,2855500.0,54.08326,25.78848,19,160.55,3.91
211500.0,2886500.0,54.11631,26.06884,19,25.59,56934.79
259500.0,2818500.0,54.60806,25.46412,19,112.24,1758.19
295500.0,2912500.0,54.95131,26.3178,19,143.42,948.93
340500.0,2853500.0,55.40917,25.79098,19,127.64,3165.68
372500.0,2887500.0,55.72496,26.10106,19,63.98,10411.76
389500.0,2893500.0,55.89443,26.15663,19,21.84,1203.94
229500.0,2732500.0,54.32684,24.68315,19,62.87,8101.0
291500.0,2822500.0,54.92552,25.50506,19,167.68,39.39
288500.0,2779500.0,54.90238,25.11658,19,115.7,37.74
259500.0,2820500.0,54.6077,25.48217,19,114.07,4229.33
400500.0,2884500.0,56.00516,26.07618,19,33.32,12835.85
162500.0,2757500.0,53.65948,24.89531,19,22.59,471.95
165500.0,2773500.0,53.68527,25.04022,19,112.74,100.77
172500.0,2921500.0,53.71811,26.37605,19,62.49,22601.85
207500.0,2740500.0,54.10797,24.75128,19,114.48,643.9
233500.0,2716500.0,54.36936,24.53949,19,136.3,1.82
246500.0,2768500.0,54.48815,25.01085,19,126.82,4570.47
222500.0,2804500.0,54.24325,25.33138,19,138.56,4254.73
247500.0,2829500.0,54.48673,25.56137,19,128.21,67980.25
317500.0,2843500.0,55.18123,25.69803,19,114.78,9.35
261500.0,2767500.0,54.63685,25.00427,19,143.57,4632.65
307500.0,2827500.0,55.08392,25.55235,19,49.89,3890.81
186500.0,2733500.0,53.90213,24.684,19,179.47,590.53
164500.0,2755500.0,53.67973,24.87772,19,10.85,30.8
240500.0,2747500.0,54.43268,24.82038,19,140.02,635.97
336500.0,2818500.0,55.37357,25.4746,19,102.68,1721.09
339500.0,2848500.0,55.39981,25.74574,19,154.61,10969.57
353500.0,2895500.0,55.5341,26.17147,19,118.21,125152.49
299500.0,2814500.0,55.00627,25.43396,19,109.31,1461.19
316500.0,2803500.0,55.17674,25.33687,19,148.69,2.66
354500.0,2918500.0,55.54151,26.37918,19,108.18,13962.69
262500.0,2916500.0,54.62019,26.34878,19,81.65,4445.11
344500.0,2915500.0,55.44166,26.35105,19,98.51,1181.58
350500.0,2896500.0,55.50397,26.18019,19,110.04,7492.53
174500.0,2746500.0,53.78068,24.79873,19,150.74,1700.55
379500.0,2867500.0,55.79679,25.92111,19,33.78,56.36
292500.0,2826500.0,54.93485,25.5413,19,148.1,135.07
216500.0,2780500.0,54.18869,25.11378,19,105.62,417.02
287500.0,2805500.0,54.88842,25.35108,19,159.72,2.72
311500.0,2818500.0,55.12498,25.47164,19,109.03,22.28
355500.0,2854500.0,55.55863,25.80157,19,141.27,649.13
180500.0,2851500.0,53.81531,25.74677,19,10.61,12.13
236500.0,2713500.0,54.3995,24.51294,19,72.25,3.38
353500.0,2845500.0,55.53968,25.72012,19,41.88,351.67
165500.0,2832500.0,53.67075,25.57214,19,11.58,4521.17
245500.0,2787500.0,54.47473,25.18211,19,99.82,38258.21
247500.0,2786500.0,54.49475,25.17342,19,108.31,1288.67
205500.0,2908500.0,54.05141,26.26602,19,65.2,391.31
276500.0,2778500.0,54.7836,25.10582,19,123.94,5.14
264500.0,2821500.0,54.65723,25.49199,19,70.36,1810.84
256500.0,2821500.0,54.5777,25.4907,19,27.38,2431.22
308500.0,2879500.0,55.08635,26.02179,19,6.98,1109.35
165500.0,2830500.0,53.67125,25.55411,19,165.57,1054.3
171500.0,2834500.0,53.7299,25.59151,19,34.26,26.83
278500.0,2849500.0,54.79177,25.74681,19,158.18,385.37
297500.0,2843500.0,54.98201,25.69541,19,49.98,8.4
295500.0,2913500.0,54.95115,26.32682,19,135.33,61.2
302500.0,2771500.0,55.04232,25.04627,19,6.18,10.12
311500.0,2840500.0,55.12189,25.6702,19,22.74,621.37
336500.0,2852500.0,55.36941,25.78151,19,123.19,843.33
316500.0,2854500.0,55.16975,25.79719,19,16.95,10965.04
304500.0,2891500.0,55.0446,26.12955,19,139.64,2887.77
341500.0,2880500.0,55.41589,26.0348,19,179.95,2669.49
378500.0,2862500.0,55.78727,25.87588,19,57.77,72.17
283500.0,2759500.0,54.85596,24.93537,19,24.02,5.56
262500.0,2775500.0,54.64538,25.07661,19,40.95,23816.04
284500.0,2914500.0,54.84084,26.33423,19,82.08,185949.75
283500.0,2914500.0,54.83082,26.33408,19,81.76,34561.75
324500.0,2888500.0,55.24497,26.10505,19,95.28,9955.64
407500.0,2890500.0,56.07472,26.13082,19,7.22,270.82
196500.0,2734500.0,54.00062,24.69503,19,85.89,5466.72
270500.0,2772500.0,54.72514,25.05078,19,95.04,1.93
270500.0,2838500.0,54.71397,25.64633,19,69.59,2671.86
310500.0,2809500.0,55.11631,25.39028,19,142.02,610.45
361500.0,2878500.0,55.61594,26.0188,19,106.84,4700.22
165500.0,2713500.0,53.69962,24.49925,19,73.68,3.75
191500.0,2889500.0,53.91591,26.09176,19,143.76,21398.85
198500.0,2777500.0,54.01104,25.08323,19,89.39,2002.74
261500.0,2759500.0,54.63823,24.93208,19,76.59,18554.16
295500.0,2830500.0,54.96408,25.57782,19,116.24,5127.59
278500.0,2915500.0,54.78058,26.34233,19,79.06,12.56
335500.0,2847500.0,55.36006,25.73627,19,110.07,1613.23
204500.0,2735500.0,54.07939,24.7056,19,167.89,2465.21
220500.0,2861500.0,54.2115,25.84513,19,152.93,837.1
279500.0,2804500.0,54.80913,25.34089,19,138.06,752.3
323500.0,2837500.0,55.2418,25.64461,19,129.96,43.33
348500.0,2867500.0,55.48733,25.91821,19,127.54,25610.77
306500.0,2911500.0,55.06161,26.3103,19,58.41,124.87
370500.0,2860500.0,55.70763,25.85714,19,109.6,426.8
206500.0,2755500.0,54.09494,24.88638,19,45.3,17379.94
395500.0,2908500.0,55.95324,26.2925,19,41.58,21.24
401500.0,2876500.0,56.01576,26.00402,19,45.67,429.47
255500.0,2767500.0,54.57744,25.00331,19,2.38,1215.82
273500.0,2813500.0,54.74805,25.42121,19,157.84,1041.08
304500.0,2881500.0,55.0461,26.0393,19,106.89,11.12
222500.0,2848500.0,54.23416,25.72826,19,55.63,148.05
231500.0,2872500.0,54.31891,25.94642,19,101.41,198308.12
288500.0,2844500.0,54.89221,25.70317,19,3.79,19.86
309500.0,2875500.0,55.09692,25.98582,19,9.02,2604.2
316500.0,2880500.0,55.16612,26.03185,19,88.98,17849.66
238500.0,2784500.0,54.4059,25.15384,19,33.31,2794.14
239500.0,2851500.0,54.40287,25.75844,19,64.26,104233.37
292500.0,2840500.0,54.93268,25.66764,19,69.5,1039.91
324500.0,2831500.0,55.25255,25.59057,19,152.84,135.0
399500.0,2871500.0,55.99616,25.95874,19,120.08,5796.48
357500.0,2879500.0,55.57587,26.02744,19,92.71,29756.15
369500.0,2877500.0,55.69597,26.01052,19,42.25,13220.1
283500.0,2812500.0,54.84758,25.41367,19,131.57,1786.14
327500.0,2827500.0,55.28292,25.55482,19,111.44,698.95
323500.0,2823500.0,55.24365,25.51825,19,100.07,5780.32
189500.0,2742500.0,53.92975,24.76578,19,10.96,41189.97
228500.0,2710500.0,54.32119,24.48449,19,61.18,140.16
220500.0,2898500.0,54.2036,26.17884,19,54.38,19228.37
336500.0,2824500.0,55.37284,25.52877,19,58.48,2.94
230500.0,2890500.0,54.30522,26.10859,19,149.95,6.87
297500.0,2900500.0,54.97322,26.2098,19,105.07,191.77
321500.0,2840500.0,55.22148,25.67145,19,165.82,525.39
279500.0,2840500.0,54.80323,25.66575,19,4.08,55.11
195500.0,2870500.0,53.96027,25.92129,19,171.1,4.72
327500.0,2831500.0,55.28241,25.59093,19,165.48,1110.45
235500.0,2813500.0,54.37053,25.41493,19,177.21,1437.42
279500.0,2789500.0,54.81156,25.20553,19,27.14,2752.9
287500.0,2879500.0,54.87661,26.01886,19,171.75,2030.52
212500.0,2723500.0,54.16083,24.59888,19,49.9,110.16
241500.0,2726500.0,54.44643,24.63107,19,59.66,193.88
299500.0,2841500.0,55.00223,25.67764,19,11.1,5.15
282500.0,2826500.0,54.83538,25.53986,19,119.91,14359.64
384500.0,2909500.0,55.84298,26.30068,19,45.92,6736.65
326500.0,2890500.0,55.26469,26.12334,19,84.23,38059.22
388500.0,2880500.0,55.88554,26.03919,19,136.0,4346.88
236500.0,2833500.0,54.37654,25.59553,19,134.37,4122.44
274500.0,2802500.0,54.75982,25.3221,19,37.77,592.7
370500.0,2882500.0,55.70546,26.05575,19,132.02,29641.21
273500.0,2803500.0,54.74972,25.33097,19,116.57,6154.55
235500.0,2735500.0,54.38552,24.71125,19,33.23,11.58
269500.0,2796500.0,54.71119,25.26719,19,121.3,4528.95
264500.0,2816500.0,54.6581,25.44688,19,67.07,194.92
319500.0,2784500.0,55.20905,25.16574,19,36.94,7.02
252500.0,2778500.0,54.54576,25.10207,19,143.06,2026.86
306500.0,2824500.0,55.07441,25.52515,19,8.81,92.94
307500.0,2788500.0,55.08947,25.20036,19,149.81,6658.93
335500.0,2872500.0,55.35695,25.96192,19,83.2,56615.65
371500.0,2866500.0,55.71702,25.91139,19,112.92,376.56
382500.0,2907500.0,55.82313,26.28246,19,105.77,8465.29
242500.0,2810500.0,54.44064,25.3891,19,49.22,1776.87
296500.0,2806500.0,54.97766,25.36136,19,146.98,2698.21
242500.0,2766500.0,54.44892,24.99214,19,138.44,248865.82
257500.0,2744500.0,54.60126,24.7961,19,175.82,12547.36
276500.0,2807500.0,54.77885,25.36752,19,172.07,33191.79
277500.0,2813500.0,54.78779,25.42181,19,73.52,24284.11
280500.0,2839500.0,54.81335,25.65688,19,179.36,501.07
336500.0,2848500.0,55.3699,25.7454,19,111.08,1666.17
286500.0,2808500.0,54.87802,25.37801,19,117.75,3897.51
307500.0,2777500.0,55.09102,25.10107,19,49.2,1991.26
251500.0,2843500.0,54.52391,25.68835,19,38.86,9533.15
301500.0,2789500.0,55.0298,25.2086,19,177.44,209.98
264500.0,2790500.0,54.66261,25.21228,18,150.89,502.56
291500.0,2789500.0,54.9306,25.20724,18,14.84,31390.92
399500.0,2902500.0,55.99377,26.23862,18,135.7,11839.75
249500.0,2733500.0,54.52415,24.69556,18,37.31,9.86
442500.0,2789500.0,56.42917,25.22063,18,13.11,41.76
241500.0,2747500.0,54.44256,24.82054,18,93.9,89.22
270500.0,2782500.0,54.72347,25.14102,18,97.25,67.65
284500.0,2796500.0,54.86006,25.26943,18,179.09,8.41
261500.0,2838500.0,54.62438,25.6449,18,81.23,724.73
325500.0,2844500.0,55.2608,25.70803,18,28.91,15.08
345500.0,2860500.0,55.45821,25.8547,18,38.43,658.6
358500.0,2862500.0,55.58769,25.87408,18,40.68,102.43
399500.0,2880500.0,55.99547,26.04,18,170.57,5.16
305500.0,2781500.0,55.07063,25.13692,18,108.97,3364.89
306500.0,2781500.0,55.08054,25.13705,18,107.52,765.15
205500.0,2794500.0,54.07671,25.23794,18,54.97,161.93
210500.0,2862500.0,54.11162,25.8522,18,137.83,19.27
337500.0,2824500.0,55.38279,25.52888,18,85.94,3.5
387500.0,2886500.0,55.87503,26.09328,18,175.88,47.95
389500.0,2892500.0,55.89451,26.1476,18,130.16,6876.46
183500.0,2761500.0,53.86617,24.93588,18,176.82,12039.94
194500.0,2751500.0,53.97717,24.84795,18,33.88,1520.64
176500.0,2800500.0,53.78776,25.28606,18,45.3,8913.23
199500.0,2746500.0,54.02766,24.80385,18,131.13,327.2
245500.0,2764500.0,54.47899,24.9746,18,144.98,4578.39
209500.0,2775500.0,54.1204,25.06735,18,92.33,100149.74
248500.0,2848500.0,54.4931,25.73295,18,100.54,657.97
248500.0,2734500.0,54.5141,24.70442,18,112.94,21.07
204500.0,2909500.0,54.04118,26.27483,18,165.76,64.21
303500.0,2807500.0,55.04704,25.37132,18,118.42,3.57
192500.0,2733500.0,53.96135,24.68521,18,89.33,1954.53
287500.0,2768500.0,54.89417,25.01716,18,115.24,55.19
267500.0,2806500.0,54.68964,25.35712,18,141.87,9884.48
283500.0,2893500.0,54.83434,26.14459,18,84.52,11849.74
332500.0,2803500.0,55.33566,25.33876,18,89.46,30.13
321500.0,2819500.0,55.22428,25.4819,18,30.52,123.72
311500.0,2844500.0,55.12132,25.7063,18,17.49,76.08
178500.0,2738500.0,53.82203,24.72744,18,2.05,328.53
242500.0,2711500.0,54.45904,24.4959,18,120.62,13.02
248500.0,2777500.0,54.50631,25.09239,18,71.22,5.5
282500.0,2815500.0,54.83716,25.4406,18,178.03,292.88
328500.0,2813500.0,55.29466,25.42857,18,41.54,4004.01
236500.0,2803500.0,54.38241,25.3249,18,157.17,1129.32
219500.0,2812500.0,54.21182,25.40298,18,77.57,25600.94
256500.0,2760500.0,54.58858,24.94031,18,153.99,726.08
284500.0,2771500.0,54.86399,25.04381,18,159.24,155.9
190500.0,2914500.0,53.89996,26.31696,18,68.17,6950.76
223500.0,2854500.0,54.24287,25.78257,18,151.44,716.07
221500.0,2855500.0,54.22273,25.79121,18,146.37,4284.65
252500.0,2839500.0,54.53461,25.65243,18,134.8,3206.58
262500.0,2840500.0,54.63398,25.6631,18,175.2,80736.65
331500.0,2815500.0,55.32423,25.44696,18,23.56,1444.2
384500.0,2901500.0,55.8437,26.22846,18,61.87,4196.17
204500.0,2774500.0,54.0711,25.05736,18,81.81,8400.59
336500.0,2851500.0,55.36953,25.77248,18,36.91,92.37
199500.0,2714500.0,54.0345,24.51523,18,53.57,6.64
255500.0,2800500.0,54.57155,25.30106,18,53.84,1236.3
311500.0,2859500.0,55.11919,25.84168,18,87.85,6.76
169500.0,2771500.0,53.72534,25.02307,18,129.0,2.95
220500.0,2918500.0,54.19927,26.35921,18,94.8,6968.37
278500.0,2824500.0,54.79592,25.52122,18,156.09,3074.43
298500.0,2832500.0,54.99363,25.59628,18,96.64,3.64
289500.0,2846500.0,54.90185,25.72136,18,97.55,4054.9
284500.0,2893500.0,54.84434,26.14474,18,83.84,569033.28
305500.0,2814500.0,55.06591,25.43476,18,5.46,3.88
299500.0,2820500.0,55.00538,25.48811,18,157.54,4157.72
303500.0,2845500.0,55.04148,25.71428,18,109.55,18077.41
355500.0,2836500.0,55.56059,25.63907,18,75.19,218.8
295500.0,2834500.0,54.96347,25.61391,18,20.46,215.11
239500.0,2746500.0,54.42298,24.81118,18,58.37,109.34
293500.0,2823500.0,54.94526,25.51436,18,123.5,3.14
326500.0,2817500.0,55.27426,25.46444,18,120.02,2.31
303500.0,2818500.0,55.04544,25.4706,18,164.3,718.57
349500.0,2860500.0,55.49811,25.85512,18,130.49,160.72
383500.0,2887500.0,55.83495,26.10199,18,114.97,9855.96
398500.0,2902500.0,55.98376,26.23855,18,140.58,423.08
245500.0,2847500.0,54.46341,25.72341,18,137.27,6711.18
312500.0,2825500.0,55.13395,25.53494,18,74.93,1216.81
359500.0,2871500.0,55.59671,25.95542,18,38.9,420.75
446500.0,2796500.0,56.4686,25.28399,18,94.76,38.95
170500.0,2735500.0,53.74375,24.69869,18,176.89,1123.28
184500.0,2873500.0,53.84987,25.94599,18,60.84,1499.85
253500.0,2876500.0,54.53767,25.9864,18,151.76,55.39
342500.0,2854500.0,55.42899,25.80022,18,21.35,142.63
188500.0,2759500.0,53.91607,24.91888,18,133.25,359.8
282500.0,2785500.0,54.84196,25.16987,18,5.67,47.9
284500.0,2805500.0,54.85863,25.35065,18,34.1,11473.6
213500.0,2802500.0,54.15435,25.31165,18,80.92,244.21
234500.0,2714500.0,54.3796,24.52162,18,77.55,2.73
317500.0,2817500.0,55.18478,25.46336,18,125.34,3.12
350500.0,2859500.0,55.5082,25.8462,18,126.47,866.44
192500.0,2832500.0,53.93916,25.578,18,137.31,38470.41
234500.0,2829500.0,54.35744,25.55909,18,134.81,51419.9
204500.0,2865500.0,54.05114,25.87805,18,152.59,425.4
292500.0,2794500.0,54.93976,25.25251,18,0.32,1185.01
292500.0,2912500.0,54.92127,26.31736,18,77.17,131.77
315500.0,2842500.0,55.16145,25.68876,18,66.43,173.67
242500.0,2727500.0,54.45612,24.64026,18,151.83,33.23
204500.0,2808500.0,54.06375,25.36401,18,38.58,48077.02
242500.0,2831500.0,54.43662,25.57855,18,57.73,4407.71
222500.0,2861500.0,54.23144,25.84551,18,51.5,350.84
266500.0,2745500.0,54.69006,24.80652,18,57.08,27.41
287500.0,2762500.0,54.89509,24.96301,18,107.08,2.42
335500.0,2816500.0,55.36387,25.45644,18,25.65,19.99
320500.0,2815500.0,55.21487,25.44568,18,55.25,4.61
306500.0,2852500.0,55.07035,25.77785,18,84.67,18.24
169500.0,2747500.0,53.73105,24.80668,18,67.15,6.86
207500.0,2908500.0,54.07141,26.26643,18,159.59,55.48
224500.0,2912500.0,54.2406,26.30588,18,62.2,18045.19
294500.0,2811500.0,54.95703,25.40621,18,37.68,12.35
292500.0,2913500.0,54.92111,26.32639,18,80.62,343.34
313500.0,2831500.0,55.14306,25.58922,18,78.98,36261.19
370500.0,2873500.0,55.70635,25.9745,18,140.09,2548.12
445500.0,2800500.0,56.45851,25.32007,18,91.29,20495.46
191500.0,2807500.0,53.93494,25.35236,18,33.38,5071.11
166500.0,2883500.0,53.66784,26.03212,18,71.59,3406.31
221500.0,2709500.0,54.25238,24.47423,18,156.64,3.02
242500.0,2818500.0,54.43911,25.46127,18,169.1,5259.88
211500.0,2858500.0,54.12246,25.81633,18,155.69,1170.79
231500.0,2855500.0,54.32237,25.79308,18,149.61,6281.37
213500.0,2888500.0,54.13584,26.08728,18,167.53,2638.42
257500.0,2706500.0,54.6078,24.4532,18,18.04,1.42
282500.0,2847500.0,54.83196,25.72936,18,162.45,518.41
268500.0,2883500.0,54.68617,26.05203,18,166.67,8.9
302500.0,2829500.0,55.03388,25.56974,18,161.89,2.63
382500.0,2897500.0,55.82404,26.19219,18,34.17,6.81
206500.0,2745500.0,54.09704,24.79619,18,179.62,3.81
258500.0,2897500.0,54.58369,26.1767,18,81.33,2825.77
283500.0,2796500.0,54.85013,25.26928,18,170.77,1645.1
345500.0,2840500.0,55.46054,25.67417,18,53.25,39.07
303500.0,2833500.0,55.04325,25.60598,18,137.45,81.99
331500.0,2827500.0,55.32272,25.55528,18,117.0,16.7
340500.0,2915500.0,55.40159,26.35061,18,101.83,6592.22
165500.0,2746500.0,53.69178,24.79679,18,166.13,3057.47
190500.0,2889500.0,53.90593,26.09155,18,144.47,12896.72
190500.0,2909500.0,53.90116,26.27188,18,70.09,615.73
215500.0,2715500.0,54.19204,24.52727,18,88.45,175449.89
279500.0,2772500.0,54.8143,25.05212,18,77.95,28821.36
307500.0,2847500.0,55.08104,25.73286,18,86.64,190.4
382500.0,2867500.0,55.82674,25.92135,18,97.87,987.89
167500.0,2773500.0,53.70506,25.04066,18,167.34,19.97
208500.0,2710500.0,54.12405,24.48086,18,92.79,1374.09
202500.0,2895500.0,54.02439,26.14818,18,160.63,365.57
254500.0,2741500.0,54.57214,24.76855,18,147.63,2371.44
255500.0,2835500.0,54.56521,25.61685,18,66.54,215.12
321500.0,2849500.0,55.22028,25.75268,18,23.87,14.38
180500.0,2740500.0,53.84132,24.74589,18,77.19,97937.5
179500.0,2801500.0,53.81728,25.29573,18,117.19,297373.82
180500.0,2802500.0,53.82696,25.30496,18,118.66,64843.07
182500.0,2854500.0,53.8345,25.77425,18,147.51,4066.26
193500.0,2862500.0,53.94219,25.84873,18,109.29,11536.22
205500.0,2756500.0,54.08484,24.89521,18,45.86,33886.67
217500.0,2741500.0,54.20655,24.76217,18,166.33,346.95
249500.0,2804500.0,54.51127,25.33616,18,64.69,2134.6
299500.0,2838500.0,55.00268,25.65056,18,12.43,9296.89
309500.0,2808500.0,55.10651,25.38113,18,161.82,1.94
332500.0,2846500.0,55.33029,25.7269,18,134.48,140683.78
343500.0,2853500.0,55.43908,25.7913,18,127.52,633.18
391500.0,2903500.0,55.9136,26.24706,18,136.29,1163.13
405500.0,2914500.0,56.05296,26.34737,18,137.29,12446.2
283500.0,2828500.0,54.845,25.55806,18,35.68,263.09
252500.0,2918500.0,54.51967,26.36512,18,82.51,101016.25
329500.0,2843500.0,55.30078,25.69948,18,121.01,173.56
344500.0,2852500.0,55.44917,25.78238,18,27.66,108.7
221500.0,2728500.0,54.24864,24.64563,18,50.21,444860.61
169500.0,2922500.0,53.68783,26.38437,18,69.89,95.3
245500.0,2738500.0,54.48374,24.74001,18,109.56,1422.02
226500.0,2744500.0,54.29487,24.79087,18,147.23,10271.04
248500.0,2900500.0,54.48313,26.20205,18,73.67,18971.1
236500.0,2880500.0,54.36718,26.0195,18,87.12,33598.75
282500.0,2812500.0,54.83764,25.41353,18,167.29,12728.29
251500.0,2897500.0,54.5137,26.17551,18,82.92,61570.72
305500.0,2788500.0,55.06963,25.2001,18,155.65,103818.12
341500.0,2824500.0,55.42259,25.52931,18,147.73,1863.13
351500.0,2899500.0,55.51364,26.20737,18,39.6,466.18
203500.0,2767500.0,54.0627,24.99403,18,98.44,7253.69
233500.0,2790500.0,54.35518,25.20709,18,31.87,128831.0
236500.0,2799500.0,54.38319,25.28881,18,67.02,111836.29
253500.0,2840500.0,54.54438,25.66162,18,60.39,146.63
293500.0,2826500.0,54.9448,25.54144,18,34.45,7.44
291500.0,2844500.0,54.92209,25.7036,18,96.72,12879.57
314500.0,2795500.0,55.15796,25.26442,18,22.47,453.8
360500.0,2879500.0,55.60584,26.02773,18,10.18,388.28
378500.0,2883500.0,55.78533,26.06547,18,139.58,19831.74
289500.0,2797500.0,54.90952,25.27916,18,136.25,879.05
213500.0,2805500.0,54.15372,25.3387,18,66.37,83382.89
228500.0,2891500.0,54.28503,26.11723,18,57.39,286.15
201500.0,2896500.0,54.01417,26.15699,18,69.0,427.57
218500.0,2908500.0,54.18144,26.26863,18,156.18,1192.46
258500.0,2807500.0,54.60008,25.36471,18,136.39,2594.94
279500.0,2825500.0,54.8057,25.53039,18,108.8,11480.27
210500.0,2806500.0,54.12373,25.34714,18,65.63,203658.35
242500.0,2901500.0,54.42293,26.21001,18,70.23,114479.76
287500.0,2803500.0,54.88873,25.33303,18,150.1,8962.5
283500.0,2824500.0,54.84565,25.52196,18,74.57,1347.66
286500.0,2841500.0,54.87277,25.67581,18,83.43,64600.94
312500.0,2778500.0,55.14044,25.11073,18,81.17,3.41
359500.0,2867500.0,55.59713,25.91931,18,37.77,367.89
258500.0,2771500.0,54.60645,25.03988,18,173.86,164387.01
308500.0,2854500.0,55.08999,25.79616,18,98.85,5.42
204500.0,2814500.0,54.06244,25.41812,18,84.88,233510.12
210500.0,2912500.0,54.10052,26.30311,18,77.39,991.36
276500.0,2785500.0,54.78246,25.16899,18,6.49,8011.76
298500.0,2911500.0,54.98151,26.3092,18,174.1,20205.97
357500.0,2864500.0,55.57749,25.89203,18,27.68,25.62
254500.0,2782500.0,54.56487,25.13849,18,146.11,105.81
275500.0,2807500.0,54.76892,25.36737,18,79.22,54837.35
360500.0,2842500.0,55.60975,25.69372,18,108.51,59025.3
347500.0,2916500.0,55.4716,26.3604,18,6.89,91.69
440500.0,2779500.0,56.40975,25.13025,18,53.58,281.4
279500.0,2779500.0,54.81318,25.11529,18,107.8,21905.43
386500.0,2878500.0,55.86573,26.02098,18,133.33,1886.7
238500.0,2814500.0,54.40014,25.42448,18,92.48,1287.41
240500.0,2822500.0,54.41846,25.49701,18,157.75,2.05
299500.0,2832500.0,55.00358,25.59641,18,47.87,834.37
310500.0,2802500.0,55.11728,25.3271,18,68.67,1220.36
240500.0,2814500.0,54.42,25.42484,18,100.6,47860.91
255500.0,2810500.0,54.56975,25.39129,18,82.6,19969.75
284500.0,2844500.0,54.85237,25.70259,18,107.28,225458.09
335500.0,2826500.0,55.36265,25.54671,18,105.2,12.73
378500.0,2882500.0,55.78542,26.05644,18,132.06,6421.51
171500.0,2735500.0,53.75362,24.6989,18,93.6,1342.57
294500.0,2825500.0,54.9549,25.53255,18,95.36,58.34
306500.0,2847500.0,55.07107,25.73273,18,102.19,862443.79
367500.0,2866500.0,55.6771,25.91103,18,94.02,193.16
372500.0,2867500.0,55.72691,25.92051,18,113.19,661.77
191500.0,2870500.0,53.92039,25.92044,18,156.52,2903.58
375500.0,2851500.0,55.75837,25.77632,18,48.35,31710.06
391500.0,2893500.0,55.91444,26.15678,18,143.2,21280.24
308500.0,2788500.0,55.09939,25.20048,18,149.28,6713.61
369500.0,2848500.0,55.69884,25.74872,18,58.13,7.23
402500.0,2871500.0,56.02612,25.95894,18,140.27,873.07
384500.0,2864500.0,55.84697,25.89443,18,120.05,1381.96
220500.0,2775500.0,54.22933,25.06942,18,74.13,89985.63
294500.0,2800500.0,54.9587,25.30693,18,176.26,348822.64
308500.0,2776500.0,55.10107,25.09217,18,85.51,3330.75
302500.0,2852500.0,55.03047,25.77732,18,171.09,20712.76
238500.0,2769500.0,54.40876,25.01852,18,162.93,14055.36
270500.0,2813500.0,54.71824,25.42075,18,118.7,4542.28
278500.0,2793500.0,54.801,25.24148,17,34.09,743.34
287500.0,2831500.0,54.88432,25.58571,17,50.35,68.71
357500.0,2899500.0,55.57368,26.20798,17,110.11,1469.25
436500.0,2823500.0,56.36801,25.52741,17,174.35,3.1
320500.0,2817500.0,55.21461,25.46373,17,103.81,22.22
302500.0,2828500.0,55.03403,25.56072,17,128.95,370.01
225500.0,2806500.0,54.27263,25.34998,17,48.23,331.14
289500.0,2763500.0,54.91474,24.97232,17,74.77,100.17
385500.0,2875500.0,55.856,25.99382,17,39.24,4198.94
447500.0,2801500.0,56.47834,25.32918,17,32.7,5.46
244500.0,2737500.0,54.47405,24.73082,17,78.25,11285.81
410500.0,2916500.0,56.10292,26.36575,17,40.23,1208.98
223500.0,2848500.0,54.24412,25.72845,17,64.81,728.33
208500.0,2863500.0,54.09146,25.86082,17,152.01,1118.89
279500.0,2782500.0,54.81269,25.14236,17,110.55,11824.37
285500.0,2806500.0,54.8684,25.35982,17,54.0,52.87
267500.0,2840500.0,54.68375,25.6639,17,83.76,662.69
319500.0,2819500.0,55.20439,25.48166,17,119.92,599.86
340500.0,2822500.0,55.41288,25.51115,17,64.09,20.02
245500.0,2753500.0,54.48101,24.87535,17,61.02,370.49
300500.0,2819500.0,55.01547,25.47922,17,62.12,144.67
330500.0,2820500.0,55.31366,25.49198,17,111.29,134.27
317500.0,2801500.0,55.18694,25.31895,17,137.82,23.55
318500.0,2851500.0,55.1901,25.77036,17,168.8,2.84
363500.0,2859500.0,55.63789,25.84747,17,21.08,321.16
295500.0,2779500.0,54.97177,25.11754,17,128.16,9.38
295500.0,2795500.0,54.96938,25.26195,17,62.37,11.49
261500.0,2807500.0,54.62988,25.36519,17,42.43,45.5
210500.0,2734500.0,54.13884,24.69773,17,2.38,113.4
247500.0,2766500.0,54.49842,24.99298,17,148.15,21483.71
292500.0,2837500.0,54.93314,25.64057,17,160.11,55.16
338500.0,2828500.0,55.39226,25.56509,17,1.95,29.39
315500.0,2850500.0,55.16034,25.76096,17,101.78,2990.51
223500.0,2712500.0,54.27151,24.50165,17,85.73,112.43
293500.0,2781500.0,54.95165,25.13532,17,11.51,175.92
305500.0,2808500.0,55.06677,25.38061,17,96.07,2634.35
324500.0,2825500.0,55.25333,25.53642,17,80.49,214.96
351500.0,2847500.0,55.51952,25.73797,17,46.5,622.63
247500.0,2734500.0,54.50422,24.70425,17,58.18,73.6
284500.0,2792500.0,54.86069,25.23333,17,139.36,22.12
278500.0,2843500.0,54.79277,25.69267,17,102.5,4916.06
384500.0,2886500.0,55.84503,26.09304,17,128.67,2076.81
385500.0,2887500.0,55.85494,26.10215,17,133.73,93598.46
185500.0,2738500.0,53.89114,24.72889,17,83.95,7530.04
259500.0,2807500.0,54.61002,25.36487,17,39.69,2525.79
266500.0,2865500.0,54.66939,25.88931,17,139.55,424.91
270500.0,2916500.0,54.7003,26.35009,17,79.9,6373.1
304500.0,2798500.0,55.05828,25.29022,17,38.45,45.23
298500.0,2800500.0,54.99841,25.30748,17,171.14,3575.04
339500.0,2824500.0,55.40269,25.52909,17,61.0,5.67
338500.0,2852500.0,55.38935,25.78173,17,37.36,654.55
306500.0,2889500.0,55.06489,26.11177,17,20.94,4983.58
389500.0,2902500.0,55.89366,26.23788,17,47.04,10307.41
242500.0,2815500.0,54.43968,25.4342,17,148.46,12336.0
248500.0,2786500.0,54.50466,25.17359,17,17.46,103.18
280500.0,2796500.0,54.82036,25.26885,17,36.14,786.47
313500.0,2798500.0,55.14763,25.29137,17,120.96,26.47
399500.0,2904500.0,55.99361,26.25668,17,46.04,142.21
179500.0,2744500.0,53.83053,24.78175,17,145.29,37.95
234500.0,2716500.0,54.37922,24.53966,17,156.94,70.69
245500.0,2768500.0,54.47825,25.01069,17,178.79,207.27
293500.0,2792500.0,54.94999,25.2346,17,86.79,576.95
272500.0,2768500.0,54.74561,25.01498,17,15.26,5.79
277500.0,2771500.0,54.79465,25.0428,17,148.93,1.74
333500.0,2811500.0,55.34461,25.41108,17,117.99,12.11
386500.0,2884500.0,55.8652,26.07515,17,97.85,38.55
207500.0,2738500.0,54.10839,24.73324,17,129.59,272.08
244500.0,2746500.0,54.4724,24.81203,17,33.79,304.44
227500.0,2818500.0,54.29006,25.45859,17,82.02,2379.79
221500.0,2859500.0,54.22189,25.82728,17,149.54,9683.87
266500.0,2780500.0,54.68416,25.12235,17,134.74,1955.88
265500.0,2825500.0,54.66647,25.52824,17,168.95,5958.47
309500.0,2804500.0,55.10707,25.34502,17,103.71,452.23
178500.0,2754500.0,53.81834,24.87171,17,3.42,676.37
286500.0,2785500.0,54.88163,25.17044,17,31.62,1787.07
290500.0,2794500.0,54.91991,25.25223,17,83.02,688.87
338500.0,2847500.0,55.38996,25.7366,17,132.33,35753.81
359500.0,2900500.0,55.59358,26.2172,17,112.91,40279.62
206500.0,2715500.0,54.1033,24.52559,17,93.7,2623.06
208500.0,2715500.0,54.12302,24.52597,17,94.4,7052.32
297500.0,2821500.0,54.98534,25.49687,17,40.65,4.18
281500.0,2833500.0,54.82429,25.60288,17,129.07,3408.13
282500.0,2843500.0,54.83261,25.69327,17,10.21,177.08
315500.0,2783500.0,55.16951,25.15623,17,29.52,4.77
396500.0,2905500.0,55.9635,26.26549,17,50.07,13661.19
230500.0,2775500.0,54.32838,25.07124,17,8.63,1714.48
209500.0,2821500.0,54.11058,25.48224,17,80.32,15466.67
252500.0,2819500.0,54.5383,25.47199,17,124.36,38277.26
262500.0,2897500.0,54.62368,26.17737,17,84.77,1669.01
448500.0,2810500.0,56.48793,25.41048,17,144.85,1.62
400500.0,2873500.0,56.006,25.97687,17,87.75,9.12
216500.0,2732500.0,54.19849,24.6808,17,127.1,174.76
228500.0,2823500.0,54.29899,25.50388,17,143.36,3.49
260500.0,2796500.0,54.62189,25.26578,17,3.49,4909.91
260500.0,2797500.0,54.62171,25.2748,17,179.82,309.89
307500.0,2867500.0,55.07813,25.91336,17,105.44,1290.57
214500.0,2802500.0,54.16428,25.31184,17,76.67,4434.82
238500.0,2880500.0,54.38715,26.01986,17,87.67,797.59
260500.0,2777500.0,54.62521,25.09434,17,89.1,3041.53
300500.0,2807500.0,55.01724,25.37092,17,109.49,2.08
354500.0,2860500.0,55.548,25.85563,17,122.32,124.01
393500.0,2888500.0,55.93485,26.11179,17,50.17,424.03
242500.0,2847500.0,54.43353,25.72289,17,168.07,7.08
218500.0,2865500.0,54.19072,25.88082,17,62.54,7381.06
166500.0,2890500.0,53.66606,26.09522,17,178.21,1289.1
288500.0,2782500.0,54.90192,25.14365,17,144.66,1.99
297500.0,2804500.0,54.98789,25.34344,17,163.93,11.55
255500.0,2842500.0,54.56392,25.68,17,155.3,6000.03
306500.0,2841500.0,55.07195,25.67858,17,27.96,296.93
343500.0,2831500.0,55.44167,25.59271,17,146.61,18727.58
223500.0,2714500.0,54.27112,24.5197,17,112.94,5.33
300500.0,2803500.0,55.01783,25.33482,17,157.24,10.89
321500.0,2797500.0,55.22719,25.28332,17,28.95,25.36
199500.0,2809500.0,54.0139,25.37203,17,179.74,505.75
242500.0,2850500.0,54.43295,25.74995,17,143.06,7216.06
232500.0,2904500.0,54.32232,26.23524,17,172.62,223.0
256500.0,2778500.0,54.5854,25.10272,17,59.17,633.38
282500.0,2794500.0,54.84053,25.25109,17,139.66,2351.13
262500.0,2826500.0,54.63646,25.53679,17,111.1,571.52
253500.0,2895500.0,54.53408,26.15781,17,160.56,1721.75
256500.0,2894500.0,54.56425,26.1493,17,46.11,283.25
335500.0,2811500.0,55.36448,25.41131,17,164.83,17564.2
323500.0,2816500.0,55.24456,25.45506,17,58.81,1395.72
336500.0,2823500.0,55.37297,25.51974,17,103.98,5.64
368500.0,2893500.0,55.68436,26.15487,17,4.49,162.78
172500.0,2782500.0,53.75241,25.1229,17,77.25,90554.62
182500.0,2774500.0,53.8533,25.0529,17,68.71,1866.15
186500.0,2804500.0,53.88602,25.32426,17,125.94,156509.78
215500.0,2733500.0,54.18841,24.68964,17,129.67,58.47
232500.0,2855500.0,54.33233,25.79326,17,60.83,63974.65
238500.0,2851500.0,54.39291,25.75826,17,159.21,74.89
212500.0,2888500.0,54.12585,26.08708,17,77.83,10880.87
226500.0,2912500.0,54.26062,26.30626,17,153.05,18.5
275500.0,2800500.0,54.77008,25.3042,17,26.17,10.56
295500.0,2842500.0,54.96224,25.68611,17,5.38,123.48
305500.0,2826500.0,55.06417,25.54307,17,177.19,474.11
314500.0,2833500.0,55.15274,25.6074,17,57.41,5377.9
317500.0,2870500.0,55.17751,25.94172,17,22.49,7606.45
395500.0,2854500.0,55.95756,25.80497,17,76.35,7.25
197500.0,2911500.0,53.9707,26.2914,17,64.42,851488.2
268500.0,2838500.0,54.69406,25.64601,17,164.44,59.09
298500.0,2888500.0,54.98508,26.10165,17,42.5,39.18
260500.0,2897500.0,54.60368,26.17704,17,83.39,1957.88
303500.0,2815500.0,55.04588,25.44352,17,54.53,2.29
351500.0,2853500.0,55.51885,25.79214,17,37.74,16.22
299500.0,2826500.0,55.00448,25.54226,17,92.15,4.89
367500.0,2876500.0,55.67609,26.00131,17,127.29,13298.16
364500.0,2882500.0,55.6455,26.0552,17,25.33,2257.53
415500.0,2917500.0,56.15297,26.37508,17,130.2,6031.55
196500.0,2828500.0,53.97984,25.54276,17,49.13,37587.37
249500.0,2737500.0,54.52344,24.73165,17,170.28,2.89
275500.0,2798500.0,54.77041,25.28615,17,45.57,251733.74
381500.0,2893500.0,55.8144,26.156,17,149.45,43366.86
446500.0,2801500.0,56.4684,25.32914,17,147.86,2.28
189500.0,2737500.0,53.93086,24.72068,17,82.15,13871.15
291500.0,2767500.0,54.93394,25.00869,17,155.25,3816.68
260500.0,2822500.0,54.61728,25.50037,17,117.06,42684.61
261500.0,2822500.0,54.62723,25.50053,17,119.41,2004.6
263500.0,2883500.0,54.63622,26.05122,17,97.87,13158.51
375500.0,2913500.0,55.75246,26.33604,17,143.89,48523.47
183500.0,2768500.0,53.86457,24.99901,17,43.8,2287.4
284500.0,2790500.0,54.861,25.21528,17,110.43,249927.72
292500.0,2821500.0,54.93562,25.49618,17,97.9,111.51
303500.0,2786500.0,55.05008,25.18179,17,156.33,29529.6
384500.0,2879500.0,55.84565,26.02985,17,135.64,467.47
253500.0,2766500.0,54.55782,24.99396,17,15.47,12875.02
251500.0,2772500.0,54.53694,25.04777,17,103.23,7376.17
258500.0,2842500.0,54.59379,25.6805,17,169.15,1978.04
254500.0,2918500.0,54.5397,26.36547,17,84.46,14259.75
311500.0,2805500.0,55.1268,25.3543,17,58.52,1766.84
329500.0,2844500.0,55.30065,25.7085,17,116.3,2027.09
328500.0,2843500.0,55.29082,25.69936,17,116.17,5851.63
305500.0,2881500.0,55.05609,26.03944,17,135.98,3.85
350500.0,2843500.0,55.51001,25.70176,17,92.32,2.46
227500.0,2745500.0,54.30456,24.80007,17,146.46,508.29
222500.0,2769500.0,54.25035,25.01567,17,111.99,95.74
257500.0,2707500.0,54.60763,24.46222,17,89.34,3.35
271500.0,2798500.0,54.73071,25.28555,17,55.56,1694.48
290500.0,2841500.0,54.9126,25.67638,17,51.72,739.08
305500.0,2877500.0,55.05669,26.00334,17,103.5,796.01
339500.0,2893500.0,55.3943,26.15192,17,106.2,12204.77
355500.0,2912500.0,55.55221,26.32513,17,23.1,6.03
247500.0,2738500.0,54.5035,24.74034,17,173.44,2166.75
239500.0,2772500.0,54.41809,25.04575,17,28.16,6.87
252500.0,2772500.0,54.54684,25.04794,17,60.75,549.72
290500.0,2809500.0,54.9176,25.3876,17,127.31,11906.12
290500.0,2844500.0,54.91213,25.70345,17,101.2,5521.44
306500.0,2791500.0,55.07913,25.2273,17,155.33,109997.33
324500.0,2853500.0,55.24965,25.78915,17,24.69,117.06
282500.0,2765500.0,54.84512,24.98938,17,56.94,83359.51
193500.0,2737500.0,53.97035,24.72149,17,82.58,3432.77
182500.0,2746500.0,53.8597,24.80041,17,143.41,1687.06
165500.0,2765500.0,53.68721,24.9681,17,84.76,5558.38
236500.0,2725500.0,54.39727,24.62121,17,18.38,843.94
225500.0,2719500.0,54.28988,24.56516,17,150.79,3.34
218500.0,2713500.0,54.22202,24.50977,17,94.45,868.63
204500.0,2905500.0,54.04209,26.23876,17,81.57,6290.95
288500.0,2788500.0,54.90099,25.1978,17,141.95,120.07
279500.0,2828500.0,54.80521,25.55747,17,104.99,3125.98
357500.0,2913500.0,55.57213,26.33435,17,40.96,50.62
432500.0,2835500.0,56.32759,25.63559,17,24.76,238.37
207500.0,2904500.0,54.07232,26.23036,17,171.44,2263.15
336500.0,2914500.0,55.36164,26.34113,17,101.64,68624.92
392500.0,2911500.0,55.92294,26.31936,17,103.1,631.52
394500.0,2906500.0,55.94339,26.27437,17,45.94,7815.96
280500.0,2840500.0,54.81319,25.6659,17,178.45,83.07
368500.0,2861500.0,55.68758,25.86599,17,123.78,187.74
185500.0,2767500.0,53.88459,24.99041,17,128.7,9148.13
288500.0,2800500.0,54.89913,25.3061,17,105.31,2033.82
271500.0,2838500.0,54.72392,25.64648,17,84.88,4975.8
181500.0,2758500.0,53.84708,24.90841,17,95.9,1693.08
257500.0,2840500.0,54.5842,25.66229,17,82.51,55391.83
280500.0,2833500.0,54.81434,25.60273,17,157.5,5529.58
274500.0,2829500.0,54.7553,25.56573,17,62.11,5856.56
269500.0,2876500.0,54.69739,25.98904,17,61.66,5538.13
288500.0,2879500.0,54.8866,26.019,17,81.77,34010.41
299500.0,2915500.0,54.99089,26.34544,17,62.97,55.76
361500.0,2843500.0,55.61961,25.70284,17,105.53,189798.82
191500.0,2725500.0,53.95324,24.61286,17,24.29,14103.65
218500.0,2816500.0,54.20106,25.43887,17,80.13,44642.57
233500.0,2813500.0,54.35066,25.41458,17,170.7,161.74
354500.0,2896500.0,55.54399,26.1806,17,49.82,1094.54
229500.0,2758500.0,54.3218,24.9177,17,21.23,32094.01
249500.0,2768500.0,54.51786,25.01135,17,83.02,5402.96
268500.0,2769500.0,54.70583,25.0234,17,130.43,4591.22
287500.0,2835500.0,54.88368,25.62181,17,119.7,12300.93
259500.0,2886500.0,54.59572,26.07763,17,36.27,158.65
300500.0,2829500.0,55.01398,25.56947,17,35.97,13531.83
332500.0,2853500.0,55.32941,25.79008,17,30.67,1259.5
325500.0,2890500.0,55.2547,26.12322,17,84.38,21015.41
258500.0,2782500.0,54.60452,25.13914,17,141.66,3033.7
299500.0,2833500.0,55.00343,25.60544,17,168.88,2518.01
273500.0,2802500.0,54.74989,25.32195,17,116.47,7192.59
204500.0,2882500.0,54.04732,26.03136,17,83.03,908.33
327500.0,2814500.0,55.28459,25.43748,17,69.6,2.85
360500.0,2869500.0,55.6069,25.93746,17,38.68,3993.07
215500.0,2863500.0,54.16124,25.8622,17,68.67,74580.57
240500.0,2881500.0,54.40692,26.02924,17,78.32,68.65
442500.0,2862500.0,56.42604,25.87982,17,55.06,34.33
287500.0,2820500.0,54.88606,25.48644,17,160.44,491.36
278500.0,2841500.0,54.79311,25.67462,17,94.36,117112.99
374500.0,2898500.0,55.7439,26.20054,17,68.33,81.76
364500.0,2870500.0,55.64674,25.94687,17,125.54,47354.01
287500.0,2812500.0,54.88732,25.41425,17,6.82,6247.12
286500.0,2763500.0,54.88504,24.9719,17,117.97,183.31
357500.0,2875500.0,55.5763,25.99133,17,29.53,2501.63
305500.0,2795500.0,55.06863,25.26328,17,116.5,11468.36
377500.0,2875500.0,55.77608,25.99316,17,139.23,24306.88
414500.0,2915500.0,56.14308,26.35696,17,124.38,26921.23
257500.0,2742500.0,54.60161,24.77805,17,176.98,54045.85
329500.0,2833500.0,55.30206,25.60921,17,72.08,24.27
217500.0,2711500.0,54.21256,24.49155,17,73.98,2452.74
300500.0,2815500.0,55.01606,25.44312,17,150.81,115.37
235500.0,2755500.0,54.38173,24.89169,17,34.6,130.14
285500.0,2839500.0,54.86313,25.65761,17,97.47,295636.57
271500.0,2812500.0,54.72835,25.41188,17,30.19,29148.02
313500.0,2824500.0,55.14404,25.52605,16,133.01,9948.24
397500.0,2897500.0,55.97414,26.19334,16,133.28,64316.51
394500.0,2900500.0,55.94388,26.2202,16,135.77,23314.16
390500.0,2891500.0,55.9046,26.13865,16,145.1,646.87
287500.0,2827500.0,54.88495,25.54961,16,176.7,1632.86
267500.0,2793500.0,54.69186,25.23981,16,97.72,33.44
378500.0,2891500.0,55.78458,26.13769,16,49.3,100.06
375500.0,2888500.0,55.75486,26.11035,16,131.85,851.24
388500.0,2909500.0,55.88305,26.301,16,109.2,6375.49
449500.0,2802500.0,56.49817,25.33828,16,138.9,30.29
167500.0,2756500.0,53.70915,24.88739,16,11.15,5.48
307500.0,2781500.0,55.09046,25.13717,16,123.68,222.53
315500.0,2816500.0,55.16503,25.45409,16,138.75,2.97
316500.0,2849500.0,55.17044,25.75206,16,116.05,6468.41
395500.0,2885500.0,55.95509,26.08485,16,34.47,466.09
400500.0,2872500.0,56.00607,25.96784,16,6.99,4.4
285500.0,2784500.0,54.87187,25.16128,16,131.89,6013.38
302500.0,2798500.0,55.03842,25.28996,16,178.43,5.41
337500.0,2817500.0,55.38364,25.46569,16,56.67,6.67
372500.0,2872500.0,55.72642,25.96565,16,139.96,2810.0
293500.0,2827500.0,54.94464,25.55046,16,60.84,117.9
280500.0,2894500.0,54.80418,26.15316,16,83.34,55895.87
317500.0,2802500.0,55.1868,25.32797,16,150.37,425.17
282500.0,2802500.0,54.83925,25.32328,16,31.42,2.49
318500.0,2824500.0,55.19378,25.52667,16,119.14,3.58
357500.0,2865500.0,55.57739,25.90106,16,126.97,31151.29
288500.0,2768500.0,54.90408,25.0173,16,111.17,144.82
286500.0,2838500.0,54.87325,25.64873,16,7.69,3761.66
395500.0,2870500.0,55.95629,25.94943,16,78.41,57.09
205500.0,2735500.0,54.08926,24.7058,16,167.96,9198.36
232500.0,2751500.0,54.35283,24.85508,16,58.98,62.75
239500.0,2784500.0,54.41582,25.15402,16,110.92,9.78
247500.0,2743500.0,54.5026,24.78546,16,111.6,12.93
263500.0,2848500.0,54.64251,25.73544,16,163.7,4.71
444500.0,2803500.0,56.44845,25.34713,16,168.8,4.02
177500.0,2750500.0,53.80939,24.83543,16,83.14,25.4
189500.0,2916500.0,53.88947,26.33477,16,175.3,729.02
243500.0,2758500.0,54.4603,24.92013,16,144.51,77683.77
225500.0,2857500.0,54.26217,25.81,16,170.77,5522.19
287500.0,2914500.0,54.87088,26.33468,16,80.95,28267.56
311500.0,2809500.0,55.12624,25.39041,16,55.65,1.81
313500.0,2810500.0,55.14598,25.39968,16,26.91,40.0
360500.0,2875500.0,55.60627,25.99162,16,29.23,607.38
186500.0,2744500.0,53.89967,24.7832,16,178.65,594.09
243500.0,2763500.0,54.45938,24.96524,16,24.62,254.24
311500.0,2822500.0,55.12442,25.50774,16,131.38,6481.0
216500.0,2728500.0,54.19929,24.64472,16,123.86,84.26
276500.0,2801500.0,54.77984,25.31337,16,52.49,5.14
318500.0,2789500.0,55.19847,25.21075,16,55.26,214.89
348500.0,2837500.0,55.49076,25.6474,16,50.83,1790.48
344500.0,2878500.0,55.4461,26.01708,16,178.56,1168.03
185500.0,2882500.0,53.85769,26.02735,16,144.0,167.93
242500.0,2900500.0,54.42313,26.20099,16,77.11,6552.35
259500.0,2782500.0,54.61443,25.1393,16,148.35,12360.42
281500.0,2799500.0,54.8298,25.29606,16,75.6,3931.63
290500.0,2846500.0,54.91182,25.7215,16,98.48,1727.98
278500.0,2825500.0,54.79576,25.53024,16,146.45,12726.65
324500.0,2805500.0,55.25594,25.35589,16,90.63,1.91
320500.0,2871500.0,55.20732,25.95112,16,129.01,1035.84
412500.0,2915500.0,56.12303,26.35684,16,128.04,10323.18
186500.0,2762500.0,53.89562,24.94552,16,142.52,29.99
260500.0,2766500.0,54.62712,24.99509,16,145.42,127656.72
254500.0,2771500.0,54.56683,25.03924,16,176.88,11.87
165500.0,2758500.0,53.6889,24.90498,16,40.71,1.94
294500.0,2819500.0,54.95581,25.47841,16,158.34,1088.44
309500.0,2811500.0,55.10609,25.4082,16,108.75,5742.55
346500.0,2822500.0,55.47256,25.51178,16,47.01,1694.32
334500.0,2849500.0,55.34985,25.75421,16,97.99,21826.67
358500.0,2857500.0,55.58823,25.82894,16,48.88,60.25
357500.0,2894500.0,55.57422,26.16285,16,133.71,6766.2
359500.0,2893500.0,55.59434,26.15402,16,150.64,8590.21
382500.0,2886500.0,55.82504,26.09288,16,103.22,40.62
168500.0,2756500.0,53.71903,24.88761,16,125.92,501.63
228500.0,2739500.0,54.31561,24.74612,16,102.82,108.71
198500.0,2752500.0,54.01649,24.85776,16,130.96,9535.88
277500.0,2829500.0,54.78515,25.56619,16,85.55,175.55
301500.0,2909500.0,55.01185,26.29157,16,140.42,6.51
353500.0,2918500.0,55.53149,26.37908,16,109.09,61290.62
203500.0,2736500.0,54.06931,24.71443,16,166.15,1921.09
236500.0,2856500.0,54.37199,25.80301,16,146.48,4130.13
331500.0,2813500.0,55.32448,25.42891,16,98.12,710.28
356500.0,2918500.0,55.56155,26.37939,16,104.16,5652.94
429500.0,2833500.0,56.29782,25.61739,16,15.15,3.85
200500.0,2776500.0,54.03106,25.07461,16,84.28,30643.14
228500.0,2859500.0,54.29166,25.8286,16,147.92,14541.7
255500.0,2740500.0,54.58219,24.75969,16,36.78,25.46
274500.0,2837500.0,54.75395,25.63792,16,76.46,65876.39
301500.0,2844500.0,55.0217,25.70498,16,20.32,105657.05
344500.0,2861500.0,55.44811,25.86362,16,37.51,5680.11
362500.0,2879500.0,55.62582,26.02792,16,121.48,255.91
198500.0,2720500.0,54.02336,24.56915,16,132.76,45.69
243500.0,2846500.0,54.44368,25.71404,16,147.43,3976.06
288500.0,2805500.0,54.89835,25.35122,16,8.25,50.63
280500.0,2767500.0,54.825,25.00714,16,109.21,298.63
307500.0,2879500.0,55.07636,26.02165,16,107.38,55.01
243500.0,2831500.0,54.44656,25.57872,16,145.95,49634.78
233500.0,2856500.0,54.34209,25.80246,16,143.28,5765.06
280500.0,2784500.0,54.82229,25.16055,16,82.26,2.95
260500.0,2776500.0,54.62539,25.08532,16,131.98,60526.7
166500.0,2833500.0,53.68044,25.58138,16,11.14,3802.32
167500.0,2883500.0,53.67782,26.03235,16,71.13,11135.87
209500.0,2889500.0,54.09567,26.0955,16,71.42,180796.69
258500.0,2716500.0,54.61596,24.54359,16,98.76,7618.64
315500.0,2795500.0,55.16789,25.26454,16,14.93,26.56
323500.0,2807500.0,55.24574,25.37382,16,135.93,4.82
340500.0,2829500.0,55.41205,25.57434,16,124.78,4.74
176500.0,2766500.0,53.79578,24.9795,16,68.89,13296.15
162500.0,2748500.0,53.66166,24.81416,16,172.27,1806.55
163500.0,2760500.0,53.66864,24.92257,16,168.67,23874.52
210500.0,2859500.0,54.11227,25.82515,16,153.59,2563.03
204500.0,2861500.0,54.05204,25.84198,16,71.25,7832.48
223500.0,2913500.0,54.23038,26.3147,16,64.54,19099.83
235500.0,2919500.0,54.34924,26.37109,16,174.88,22.53
229500.0,2920500.0,54.28896,26.37899,16,174.33,5992.75
294500.0,2797500.0,54.95915,25.27986,16,68.06,80.92
283500.0,2847500.0,54.84192,25.72951,16,162.25,1072.53
251500.0,2864500.0,54.51997,25.87781,16,106.32,975.92
314500.0,2811500.0,55.15578,25.40884,16,65.17,539.22
339500.0,2837500.0,55.40113,25.64644,16,64.39,2.84
336500.0,2822500.0,55.37309,25.51071,16,86.14,5.88
336500.0,2861500.0,55.3683,25.86275,16,123.82,26401.82
205500.0,2709500.0,54.09469,24.47128,16,67.18,2460.38
206500.0,2708500.0,54.10475,24.46245,16,69.69,9265.72
254500.0,2767500.0,54.56754,25.00315,16,28.87,11494.98
286500.0,2797500.0,54.87975,25.27874,16,114.78,4619.0
283500.0,2863500.0,54.8393,25.87389,16,49.18,42.16
283500.0,2864500.0,54.83914,25.88291,16,56.57,906.73
301500.0,2898500.0,55.01354,26.19231,16,17.81,1523.14
356500.0,2848500.0,55.56925,25.7475,16,125.02,2128.92
436500.0,2806500.0,56.36881,25.3739,16,37.35,9.73
197500.0,2863500.0,53.98182,25.85858,16,29.25,6262.87
272500.0,2842500.0,54.73319,25.68273,16,178.59,439.0
263500.0,2838500.0,54.64429,25.64522,16,84.48,7825.15
281500.0,2865500.0,54.81902,25.89164,16,57.8,298.76
282500.0,2914500.0,54.82081,26.33392,16,75.97,180.53
273500.0,2915500.0,54.73052,26.34155,16,172.63,1300.78
317500.0,2813500.0,55.18532,25.42726,16,154.52,181.64
348500.0,2848500.0,55.48951,25.74669,16,55.2,5.89
307500.0,2870500.0,55.07769,25.94043,16,14.83,2636.57
358500.0,2860500.0,55.5879,25.85602,16,41.46,60.3
371500.0,2870500.0,55.71663,25.9475,16,138.95,5650.82
372500.0,2880500.0,55.72565,26.03787,16,30.9,504.0
405500.0,2906500.0,56.05354,26.27514,16,130.51,2965.72
197500.0,2867500.0,53.98091,25.89465,16,162.46,423.53
169500.0,2916500.0,53.68937,26.33029,16,167.78,14973.43
245500.0,2813500.0,54.46987,25.41668,16,7.13,50571.4
245500.0,2837500.0,54.46532,25.6332,16,40.06,11.9
263500.0,2785500.0,54.65356,25.167,16,160.95,22863.78
294500.0,2830500.0,54.95413,25.57768,16,106.32,808.76
279500.0,2865500.0,54.79907,25.89134,16,38.68,49626.02
368500.0,2859500.0,55.68778,25.84793,16,112.1,1223.26
382500.0,2871500.0,55.82639,25.95746,16,23.03,5927.95
410500.0,2909500.0,56.10341,26.30255,16,115.03,50964.56
188500.0,2777500.0,53.91201,25.0812,16,82.26,32578.61
226500.0,2863500.0,54.27089,25.86431,16,154.13,6287.71
275500.0,2782500.0,54.77304,25.14177,16,161.72,103.14
333500.0,2846500.0,55.34026,25.72701,16,37.56,2505.67
311500.0,2876500.0,55.11675,25.99511,16,94.51,72141.11
311500.0,2855500.0,55.11976,25.80558,16,103.66,154.4
381500.0,2871500.0,55.8164,25.95738,16,18.36,1466.84
381500.0,2877500.0,55.81586,26.01155,16,33.99,212.19
170500.0,2775500.0,53.73428,25.05935,16,94.5,1508.74
181500.0,2891500.0,53.81558,26.10762,16,52.83,949797.53
224500.0,2908500.0,54.24146,26.2698,16,76.73,98454.1
269500.0,2795500.0,54.71136,25.25817,16,50.58,98.2
284500.0,2822500.0,54.85591,25.50406,16,141.3,6074.89
312500.0,2800500.0,55.13742,25.3093,16,153.93,1986.91
323500.0,2822500.0,55.24378,25.50922,16,155.47,72.92
178500.0,2772500.0,53.81417,25.03402,16,73.51,20044.77
196500.0,2711500.0,54.00557,24.48758,16,142.31,16.39
244500.0,2765500.0,54.46891,24.98345,16,168.73,113.34
210500.0,2868500.0,54.1103,25.90631,16,54.8,2963.84
251500.0,2721500.0,54.54603,24.5876,16,141.69,86.55
317500.0,2783500.0,55.18935,25.15647,16,70.05,23.26
314500.0,2804500.0,55.15674,25.34565,16,54.3,3136.24
321500.0,2823500.0,55.22375,25.51801,16,150.23,184.01
309500.0,2831500.0,55.10325,25.58871,16,20.39,3.69
310500.0,2881500.0,55.10604,26.0401,16,129.16,2098.49
400500.0,2905500.0,56.00355,26.26577,16,123.33,14131.95
296500.0,2844500.0,54.9719,25.7043,16,88.33,29384.53
304500.0,2771500.0,55.06213,25.04653,16,66.27,184.1
351500.0,2855500.0,55.51863,25.81019,16,112.36,43357.31
223500.0,2750500.0,54.26404,24.84446,16,119.96,158.14
238500.0,2798500.0,54.40322,25.28014,16,67.25,169573.82
250500.0,2786500.0,54.52449,25.17392,16,143.93,26884.64
280500.0,2797500.0,54.8202,25.27787,16,99.38,425.47
287500.0,2894500.0,54.87417,26.15421,16,33.49,1625.24
178500.0,2751500.0,53.81904,24.84466,16,80.28,5.66
246500.0,2738500.0,54.49362,24.74018,16,170.08,474.55
214500.0,2863500.0,54.15127,25.86201,16,65.13,21888.07
247500.0,2900500.0,54.47313,26.20187,16,75.05,19270.76
269500.0,2868500.0,54.69879,25.91686,16,65.55,4809.8
342500.0,2824500.0,55.43254,25.52942,16,52.35,16351.66
336500.0,2869500.0,55.3673,25.93496,16,86.42,16649.98
397500.0,2870500.0,55.97627,25.94957,16,117.93,4904.17
369500.0,2876500.0,55.69607,26.00149,16,40.91,72.24
429500.0,2916500.0,56.29335,26.36681,16,36.89,48.33
257500.0,2785500.0,54.59407,25.16605,16,136.81,25720.47
383500.0,2864500.0,55.83699,25.89435,16,114.45,38434.0
181500.0,2746500.0,53.84983,24.8002,16,51.72,1256.59
184500.0,2854500.0,53.85442,25.77468,16,122.93,30057.41
209500.0,2715500.0,54.13288,24.52615,16,90.9,44361.97
261500.0,2790500.0,54.63286,25.2118,16,50.66,848.49
274500.0,2806500.0,54.75915,25.35819,16,163.04,305.09
258500.0,2808500.0,54.59991,25.37373,16,177.81,733709.03
279500.0,2800500.0,54.80978,25.3048,16,159.57,84.78
277500.0,2827500.0,54.78548,25.54814,16,113.74,3534.64
343500.0,2890500.0,55.43467,26.12529,16,83.45,12741.99
305500.0,2889500.0,55.0549,26.11163,16,18.76,237.85
238500.0,2767500.0,54.40914,25.00047,16,66.3,309.29
214500.0,2804500.0,54.16386,25.32988,16,63.84,37118.07
277500.0,2787500.0,54.79205,25.18719,16,117.77,4437.65
328500.0,2912500.0,55.28177,26.32214,16,98.02,27536.07
332500.0,2913500.0,55.32171,26.33164,16,103.95,8491.71
361500.0,2869500.0,55.61689,25.93756,16,40.01,271.43
389500.0,2911500.0,55.89289,26.31913,16,104.67,25937.85
210500.0,2823500.0,54.12009,25.50047,16,72.75,82886.16
283500.0,2829500.0,54.84484,25.56708,16,124.76,1736.25
178500.0,2828500.0,53.80093,25.53896,16,77.02,2412370.29
212500.0,2710500.0,54.16347,24.48161,16,90.67,483931.49
220500.0,2736500.0,54.23718,24.71762,16,130.48,54.42
221500.0,2771500.0,54.24005,25.03353,16,82.08,277490.63
236500.0,2773500.0,54.38819,25.05426,16,90.39,1465.4
223500.0,2771500.0,54.25985,25.03389,16,83.04,60143.7
288500.0,2781500.0,54.90208,25.13463,16,56.06,46786.5
326500.0,2881500.0,55.26589,26.04211,16,125.59,80778.03
333500.0,2905500.0,55.33276,26.25955,16,108.75,27019.86
390500.0,2868500.0,55.90653,25.931,16,105.04,7124.77
399500.0,2887500.0,55.99493,26.1032,16,6.02,43394.71
391500.0,2885500.0,55.9151,26.08456,16,127.86,1154.58
417500.0,2916500.0,56.17308,26.36617,16,131.99,12964.35
273500.0,2786500.0,54.75255,25.17756,16,124.26,1515.41
252500.0,2841500.0,54.53424,25.67048,16,149.83,763.95
165500.0,2750500.0,53.69082,24.83285,16,93.36,929.57
164500.0,2750500.0,53.68094,24.83264,16,47.89,5.61
192500.0,2783500.0,53.95028,25.13613,16,110.17,47.13
224500.0,2750500.0,54.27393,24.84464,16,155.57,2535.49
229500.0,2853500.0,54.30285,25.77467,16,58.54,2706.24
342500.0,2838500.0,55.43089,25.65579,16,143.92,10271.95
355500.0,2846500.0,55.5595,25.72935,16,122.27,10070.26
227500.0,2778500.0,54.29807,25.09777,16,57.74,14396.85
273500.0,2807500.0,54.74905,25.36706,16,79.37,13246.9
227500.0,2769500.0,54.29985,25.01658,16,86.28,12351.4
273500.0,2789500.0,54.75205,25.20464,16,60.75,59445.38
260500.0,2885500.0,54.60589,26.06877,16,34.78,528.76
314500.0,2817500.0,55.15495,25.46299,16,47.03,5098.93
236500.0,2775500.0,54.38781,25.0723,16,166.23,59288.19
311500.0,2843500.0,55.12146,25.69728,16,102.34,564.02
312500.0,2843500.0,55.13142,25.6974,16,104.75,1870.08
329500.0,2890500.0,55.29469,26.1237,16,100.97,43255.78
382500.0,2917500.0,55.82222,26.37274,16,141.88,5666.14
236500.0,2834500.0,54.37635,25.60455,16,133.76,7176.81
326500.0,2856500.0,55.26919,25.81646,16,115.49,187411.39
380500.0,2915500.0,55.80236,26.35452,16,138.96,6180.75
279500.0,2836500.0,54.80389,25.62966,16,77.28,3402.16
386500.0,2880500.0,55.86555,26.03903,16,142.94,310.61
184500.0,2740500.0,53.88082,24.74672,16,99.22,261748.78
174500.0,2836500.0,53.75924,25.61021,16,35.14,13739.18
223500.0,2710500.0,54.2719,24.48361,16,32.13,81.98
266500.0,2813500.0,54.6785,25.42012,16,148.64,40415.68
299500.0,2844500.0,55.00178,25.70471,16,101.45,189602.62
259500.0,2882500.0,54.59646,26.04154,16,87.26,5794.66
311500.0,2815500.0,55.1254,25.44456,16,5.54,964.67
305500.0,2847500.0,55.06111,25.73259,16,101.86,72329.56
359500.0,2880500.0,55.59574,26.03666,16,117.19,15.69
179500.0,2752500.0,53.82869,24.85389,16,34.12,77.15
374500.0,2897500.0,55.74399,26.19151,16,44.94,70.17
267500.0,2807500.0,54.68946,25.36614,16,164.26,41.82
307500.0,2824500.0,55.08435,25.52528,16,53.62,184.9
303500.0,2783500.0,55.05051,25.15471,16,153.69,5653.13
333500.0,2872500.0,55.33698,25.9617,16,81.19,5133.53
251500.0,2769500.0,54.53748,25.02071,16,127.33,81779.08
281500.0,2789500.0,54.8314,25.20582,16,46.33,93885.86
272500.0,2805500.0,54.73946,25.34886,16,25.9,2944.13
280500.0,2791500.0,54.82116,25.22372,16,46.08,102953.01
277500.0,2812500.0,54.78796,25.41279,16,71.75,6406.09
212500.0,2813500.0,54.1421,25.41067,16,41.99,587164.42
249500.0,2826500.0,54.50718,25.53464,16,55.72,153331.82
333500.0,2845500.0,55.34038,25.71799,16,107.59,1707.8
364500.0,2872500.0,55.64653,25.96492,16,87.11,226.25
218500.0,2717500.0,54.22123,24.54586,16,104.42,2679.4
206500.0,2815500.0,54.08208,25.42753,16,66.87,9381.77
207500.0,2864500.0,54.08127,25.86964,16,61.9,19150.35
271500.0,2819500.0,54.72716,25.47504,16,146.56,1131.0
298500.0,2825500.0,54.99468,25.5331,16,157.02,49732.46
275500.0,2844500.0,54.76273,25.70124,16,90.22,37631.37
283500.0,2838500.0,54.84338,25.6483,16,89.1,11137.54
305500.0,2833500.0,55.06315,25.60624,16,97.82,951.0
367500.0,2868500.0,55.67689,25.92909,16,121.52,776250.29
203500.0,2869500.0,54.04027,25.91392,15,160.72,2008.4
283500.0,2774500.0,54.85361,25.07074,15,60.45,1103.52
315500.0,2788500.0,55.16884,25.20136,15,36.81,4.88
408500.0,2909500.0,56.08337,26.30242,15,131.16,3391.04
289500.0,2792500.0,54.9103,25.23404,15,100.04,2818.06
265500.0,2838500.0,54.66419,25.64554,15,84.86,1709.14
321500.0,2802500.0,55.22653,25.32846,15,147.46,15.15
301500.0,2802500.0,55.02791,25.32593,15,104.85,1.79
310500.0,2842500.0,55.11164,25.68812,15,22.46,15.31
244500.0,2900500.0,54.44313,26.20134,15,76.45,629.53
387500.0,2873500.0,55.87615,25.97592,15,98.14,128.97
396500.0,2882500.0,55.96533,26.05784,15,63.8,124.15
378500.0,2906500.0,55.78317,26.2731,15,107.4,5877.08
330500.0,2813500.0,55.31454,25.4288,15,131.85,2.64
344500.0,2839500.0,55.45069,25.66503,15,47.53,115.74
387500.0,2893500.0,55.87442,26.15648,15,133.41,103.82
434500.0,2778500.0,56.35028,25.12097,15,161.77,42.87
197500.0,2813500.0,53.99315,25.40769,15,162.0,398.04
185500.0,2858500.0,53.86342,25.81096,15,164.02,7846.79
172500.0,2761500.0,53.75739,24.93355,15,98.57,131202.03
168500.0,2769500.0,53.71592,25.00482,15,169.38,17.81
174500.0,2774500.0,53.77411,25.0512,15,54.94,160935.19
189500.0,2907500.0,53.89164,26.25363,15,155.85,24175.11
219500.0,2743500.0,54.2259,24.78058,15,142.33,2.24
236500.0,2805500.0,54.38202,25.34294,15,43.3,127614.33
270500.0,2802500.0,54.7201,25.32149,15,57.19,45163.69
280500.0,2879500.0,54.8067,26.01781,15,92.22,461987.89
316500.0,2802500.0,55.17687,25.32785,15,150.36,5570.97
397500.0,2872500.0,55.97611,25.96763,15,36.73,9.25
368500.0,2905500.0,55.68314,26.26319,15,119.36,1824505.52
369500.0,2906500.0,55.69305,26.27231,15,112.35,864.17
449500.0,2804500.0,56.4981,25.35634,15,174.49,12.64
358500.0,2866500.0,55.58726,25.91019,15,121.29,1371.67
387500.0,2889500.0,55.87477,26.12036,15,135.24,15109.72
218500.0,2837500.0,54.19666,25.62828,15,122.05,2.12
232500.0,2851500.0,54.33314,25.75718,15,141.46,508.17
264500.0,2811500.0,54.65897,25.40176,15,145.52,3070.24
327500.0,2845500.0,55.2806,25.71729,15,121.24,12602.22
333500.0,2881500.0,55.33583,26.04293,15,176.03,22518.63
371500.0,2851500.0,55.71849,25.77598,15,34.94,192.8
391500.0,2869500.0,55.91643,25.94011,15,152.9,832.37
365500.0,2871500.0,55.65662,25.95599,15,35.23,20.64
182500.0,2849500.0,53.8357,25.72917,15,39.42,2709.16
247500.0,2778500.0,54.49622,25.10125,15,155.39,686.18
242500.0,2844500.0,54.43411,25.69582,15,71.36,1990.03
249500.0,2784500.0,54.51494,25.15571,15,53.42,2438.94
293500.0,2782500.0,54.9515,25.14435,15,134.67,111.86
283500.0,2814500.0,54.84726,25.43172,15,39.55,972.75
324500.0,2818500.0,55.25425,25.47323,15,150.33,1865.77
444500.0,2790500.0,56.44898,25.22973,15,39.01,4.99
289500.0,2787500.0,54.91107,25.18892,15,133.1,2.36
297500.0,2834500.0,54.98338,25.61419,15,131.08,8.24
319500.0,2833500.0,55.20251,25.60802,15,95.25,1.85
322500.0,2911500.0,55.22182,26.31238,15,10.32,1041.33
188500.0,2764500.0,53.91495,24.96397,15,34.39,23398.38
190500.0,2890500.0,53.90569,26.10056,15,68.14,1732.64
218500.0,2724500.0,54.21983,24.609,15,95.01,50.84
224500.0,2717500.0,54.2804,24.54694,15,9.99,229.33
235500.0,2817500.0,54.36975,25.45102,15,109.35,24041.42
273500.0,2840500.0,54.74349,25.66484,15,72.76,283.57
322500.0,2797500.0,55.23711,25.28344,15,3.33,12.04
339500.0,2847500.0,55.39993,25.73671,15,117.6,53280.9
339500.0,2823500.0,55.40281,25.52007,15,157.8,103.02
307500.0,2875500.0,55.07695,25.98556,15,176.97,3263.81
394500.0,2869500.0,55.94639,25.94033,15,108.69,1259.32
397500.0,2905500.0,55.97351,26.26556,15,39.26,69075.18
239500.0,2752500.0,54.42185,24.86532,15,133.36,30.07
243500.0,2778500.0,54.45659,25.10057,15,150.83,99192.25
291500.0,2851500.0,54.92099,25.76677,15,12.36,9430.83
165500.0,2819500.0,53.67399,25.45494,15,155.5,9405.27
240500.0,2831500.0,54.41672,25.5782,15,34.27,14.42
276500.0,2800500.0,54.78,25.30435,15,70.71,4362.42
277500.0,2806500.0,54.78895,25.35864,15,25.09,1156.08
253500.0,2842500.0,54.54401,25.67967,15,173.51,271.0
310500.0,2841500.0,55.11179,25.6791,15,73.98,12.53
331500.0,2839500.0,55.32121,25.6636,15,96.65,1078.57
336500.0,2857500.0,55.36879,25.82664,15,40.31,905.89
338500.0,2863500.0,55.38801,25.88102,15,121.82,65102.9
343500.0,2878500.0,55.43611,26.01697,15,87.61,13563.59
360500.0,2900500.0,55.60359,26.2173,15,111.73,18377.86
183500.0,2883500.0,53.83749,26.03593,15,148.8,99.03
222500.0,2720500.0,54.26009,24.57364,15,24.31,156.73
220500.0,2808500.0,54.22258,25.36709,15,14.68,5155.28
222500.0,2858500.0,54.23207,25.81846,15,153.74,152.97
202500.0,2867500.0,54.03076,25.89568,15,73.08,785.91
200500.0,2867500.0,54.01082,25.89527,15,165.1,56.35
271500.0,2768500.0,54.73571,25.01483,15,177.81,1666.2
291500.0,2821500.0,54.92568,25.49604,15,46.74,11.78
276500.0,2881500.0,54.76642,26.03525,15,86.47,154156.69
188500.0,2757500.0,53.91652,24.90084,15,127.85,969.2
281500.0,2770500.0,54.83443,25.03436,15,158.98,58.36
289500.0,2833500.0,54.90391,25.60405,15,40.42,2726.41
310500.0,2804500.0,55.117,25.34515,15,66.34,9124.21
445500.0,2794500.0,56.45875,25.26589,15,97.66,6.01
168500.0,2714500.0,53.72895,24.50891,15,63.97,290.52
179500.0,2754500.0,53.82823,24.87193,15,175.87,550.3
239500.0,2812500.0,54.41046,25.40662,15,63.53,10008.09
265500.0,2775500.0,54.6751,25.07708,15,82.44,19758.7
283500.0,2834500.0,54.84403,25.6122,15,116.33,28532.82
264500.0,2842500.0,54.65353,25.68147,15,89.95,4555.46
325500.0,2821500.0,55.2638,25.50043,15,36.62,16.74
374500.0,2843500.0,55.74915,25.70401,15,62.15,227.06
358500.0,2892500.0,55.58445,26.14489,15,142.2,9414.34
166500.0,2766500.0,53.69686,24.97733,15,0.15,2125.62
185500.0,2764500.0,53.88527,24.96335,15,121.88,32.62
187500.0,2915500.0,53.8697,26.32532,15,160.29,3544.01
282500.0,2771500.0,54.84418,25.04353,15,74.17,2784.09
271500.0,2824500.0,54.72631,25.52016,15,103.31,42301.3
276500.0,2840500.0,54.77336,25.6653,15,83.43,146618.11
267500.0,2916500.0,54.67026,26.3496,15,80.36,2000.77
341500.0,2827500.0,55.42224,25.55639,15,63.5,84111.87
353500.0,2873500.0,55.53657,25.97288,15,154.06,4310.32
202500.0,2736500.0,54.05943,24.71424,15,77.9,44804.65
208500.0,2913500.0,54.08028,26.31172,15,70.59,20132.04
288500.0,2780500.0,54.90223,25.1256,15,2.62,27998.97
265500.0,2844500.0,54.66314,25.69968,15,88.57,476.46
324500.0,2786500.0,55.25839,25.18439,15,151.31,28.7
390500.0,2871500.0,55.90628,25.95809,15,113.48,404.59
392500.0,2904500.0,55.92353,26.25617,15,46.46,253.58
313500.0,2859500.0,55.13914,25.84194,15,111.58,2077.03
278500.0,2792500.0,54.80116,25.23245,15,111.45,836.26
276500.0,2793500.0,54.78115,25.24118,15,109.15,5926.44
327500.0,2789500.0,55.28777,25.21181,15,142.99,158.76
305500.0,2772500.0,55.0719,25.05569,15,178.24,3.11
335500.0,2821500.0,55.36326,25.50157,15,179.41,736.78
393500.0,2857500.0,55.93737,25.83191,15,29.16,215.28
406500.0,2917500.0,56.06276,26.37452,15,37.16,407.54
186500.0,2764500.0,53.89516,24.96356,15,145.71,2720.72
202500.0,2720500.0,54.06281,24.56992,15,52.88,463.63
236500.0,2789500.0,54.38512,25.1986,15,35.11,1415.64
263500.0,2775500.0,54.65528,25.07677,15,79.24,2388.51
319500.0,2818500.0,55.20453,25.47263,15,46.68,527.88
185500.0,2877500.0,53.85889,25.98227,15,59.76,110844.81
196500.0,2884500.0,53.967,26.04774,15,170.0,182686.02
231500.0,2756500.0,54.34197,24.90001,15,143.08,3.06
291500.0,2912500.0,54.91126,26.31722,15,84.3,1692.72
283500.0,2913500.0,54.83099,26.32505,15,84.99,18574.56
337500.0,2809500.0,55.3846,25.39347,15,2.0,239.3
309500.0,2796500.0,55.10819,25.27282,15,150.73,172251.28
337500.0,2840500.0,55.38085,25.6733,15,136.82,2615.3
185500.0,2762500.0,53.88572,24.94532,15,145.87,1.53
323500.0,2838500.0,55.24167,25.65364,15,14.77,1534.84
316500.0,2842500.0,55.17141,25.68888,15,140.87,220.81
311500.0,2866500.0,55.11819,25.90486,15,114.14,7.59
312500.0,2868500.0,55.12788,25.92304,15,108.31,435.8
189500.0,2728500.0,53.93285,24.63952,15,115.41,108715.25
168500.0,2747500.0,53.72117,24.80646,15,40.83,3.89
188500.0,2806500.0,53.9054,25.34272,15,118.88,213149.77
171500.0,2853500.0,53.72522,25.76281,15,48.23,13357.63
245500.0,2788500.0,54.47455,25.19113,15,99.12,168850.5
233500.0,2903500.0,54.33252,26.22641,15,161.4,615.19
173500.0,2852500.0,53.74538,25.75424,15,134.41,166.92
170500.0,2833500.0,53.7202,25.58227,15,101.3,55849.86
225500.0,2715500.0,54.29065,24.52907,15,150.06,3.83
241500.0,2850500.0,54.42299,25.74977,15,56.24,134.4
235500.0,2878500.0,54.35761,26.00127,15,84.62,255141.19
313500.0,2781500.0,55.14995,25.13793,15,141.51,4.32
317500.0,2820500.0,55.18437,25.49044,15,135.23,8.91
346500.0,2881500.0,55.46573,26.04437,15,1.37,1378.26
345500.0,2881500.0,55.45574,26.04426,15,2.58,815.56
377500.0,2891500.0,55.77458,26.1376,15,141.79,4624.96
375500.0,2912500.0,55.75255,26.32701,15,48.11,777.87
165500.0,2711500.0,53.70009,24.48121,15,125.53,1266.35
289500.0,2836500.0,54.90343,25.63112,15,97.7,396.1
269500.0,2838500.0,54.70401,25.64617,15,95.18,5.06
167500.0,2745500.0,53.71177,24.78821,15,4.51,26.74
165500.0,2772500.0,53.68551,25.03121,15,171.19,3.04
207500.0,2708500.0,54.1146,24.46264,15,68.36,2558.42
218500.0,2718500.0,54.22103,24.55488,15,59.59,654.32
285500.0,2759500.0,54.87576,24.93566,15,61.62,2219.13
293500.0,2805500.0,54.94801,25.35192,15,112.57,38425.33
290500.0,2834500.0,54.9137,25.61321,15,118.91,9162.41
308500.0,2811500.0,55.09615,25.40807,15,52.49,1598.78
346500.0,2848500.0,55.46958,25.74649,15,43.62,7.92
318500.0,2833500.0,55.19256,25.6079,15,16.31,1783.93
409500.0,2915500.0,56.09297,26.35665,15,41.92,20514.04
414500.0,2917500.0,56.14294,26.37502,15,125.9,341.62
171500.0,2756500.0,53.74869,24.88826,15,79.66,5104.38
227500.0,2721500.0,54.30922,24.58356,15,57.26,1321.29
279500.0,2805500.0,54.80897,25.34992,15,150.81,311.48
263500.0,2824500.0,54.64676,25.5189,15,119.37,7474.35
324500.0,2836500.0,55.25189,25.6357,15,55.44,34883.35
318500.0,2823500.0,55.19391,25.51764,15,35.87,41944.39
325500.0,2836500.0,55.26185,25.63582,15,58.78,2773.57
409500.0,2898500.0,56.09416,26.20317,15,144.98,3808.2
169500.0,2816500.0,53.71444,25.42879,15,148.99,19882.14
197500.0,2827500.0,53.99,25.53395,15,50.63,21348.49
232500.0,2789500.0,54.34546,25.19789,15,165.07,49473.67
227500.0,2812500.0,54.29127,25.40447,15,87.75,4033.13
225500.0,2814500.0,54.271,25.42214,15,71.07,14150.2
276500.0,2782500.0,54.78295,25.14192,15,163.56,72.9
273500.0,2800500.0,54.75022,25.3039,15,45.85,48728.8
257500.0,2883500.0,54.5763,26.05023,15,95.59,5847.61
279500.0,2915500.0,54.7906,26.34249,15,69.98,2930.67
318500.0,2811500.0,55.19553,25.40933,15,6.04,34.56
301500.0,2833500.0,55.02334,25.60571,15,161.66,339.14
413500.0,2910500.0,56.13339,26.31176,15,117.5,97541.05
195500.0,2713500.0,53.99528,24.50543,15,19.19,25145.64
211500.0,2867500.0,54.12049,25.89749,15,57.89,2136.08
334500.0,2831500.0,55.35208,25.59173,15,70.8,428.41
241500.0,2775500.0,54.43734,25.07316,15,154.34,58618.39
257500.0,2762500.0,54.59812,24.95852,15,24.68,61138.45
385500.0,2882500.0,55.85538,26.05701,15,173.19,15.85
409500.0,2911500.0,56.09325,26.32054,15,128.82,2062.64
284500.0,2799500.0,54.85958,25.2965,15,16.32,41.19
342500.0,2850500.0,55.42947,25.76412,15,30.52,29.94
189500.0,2734500.0,53.93152,24.69363,15,92.17,5912.4
172500.0,2741500.0,53.76209,24.75322,15,0.26,2382.05
209500.0,2741500.0,54.12752,24.76068,15,139.86,2780.84
199500.0,2741500.0,54.02874,24.75875,15,60.55,46949.53
217500.0,2861500.0,54.1816,25.84455,15,60.3,40456.41
249500.0,2786500.0,54.51458,25.17376,15,32.23,2140.42
326500.0,2865500.0,55.26801,25.8977,15,45.08,46.03
343500.0,2897500.0,55.43383,26.18847,15,131.86,1896.58
367500.0,2869500.0,55.67679,25.93812,15,137.05,3056.38
362500.0,2911500.0,55.62243,26.31679,15,131.04,86919.19
196500.0,2743500.0,53.99867,24.7762,15,60.38,14417.99
278500.0,2769500.0,54.80487,25.0249,15,24.47,4970.81
290500.0,2842500.0,54.91245,25.68541,15,81.63,814.24
297500.0,2911500.0,54.97149,26.30906,15,51.22,4727.94
334500.0,2815500.0,55.35405,25.4473,15,76.4,4.81
315500.0,2815500.0,55.16517,25.44506,15,83.85,565.54
304500.0,2824500.0,55.05451,25.52488,15,56.32,458.87
320500.0,2880500.0,55.20608,26.03235,15,175.14,613.28
319500.0,2880500.0,55.19609,26.03223,15,88.49,20521.44
341500.0,2895500.0,55.41406,26.1702,15,130.87,21987.44
314500.0,2802500.0,55.15701,25.3276,15,77.87,164.7
316500.0,2851500.0,55.17017,25.77011,15,107.31,4.1
356500.0,2862500.0,55.56773,25.87388,15,18.89,92.03
190500.0,2741500.0,53.93985,24.75696,15,10.31,36817.48
235500.0,2724500.0,54.38759,24.61201,15,17.25,14873.92
205500.0,2750500.0,54.08611,24.84109,15,147.05,882.1
238500.0,2795500.0,54.4038,25.25308,15,147.13,1087.43
230500.0,2798500.0,54.32385,25.27872,15,101.31,3076.86
297500.0,2899500.0,54.97337,26.20077,15,9.64,3899.95
348500.0,2842500.0,55.49019,25.69253,15,73.88,36.15
375500.0,2903500.0,55.75342,26.24576,15,102.23,5395.34
190500.0,2740500.0,53.94007,24.74794,15,9.99,2451.46
260500.0,2779500.0,54.62486,25.11239,15,67.36,47162.19
336500.0,2892500.0,55.36443,26.14256,15,105.36,554294.71
336500.0,2901500.0,55.36329,26.22379,15,94.54,1.82
404500.0,2912500.0,56.04309,26.32924,15,29.74,1250.4
270500.0,2771500.0,54.72531,25.04175,15,53.86,245.61
338500.0,2829500.0,55.39214,25.57412,15,104.27,52.64
436500.0,2793500.0,56.36942,25.25651,15,96.68,11.44
186500.0,2889500.0,53.86599,26.09069,15,146.32,3180.94
231500.0,2719500.0,54.34906,24.56621,15,52.43,2870.79
190500.0,2749500.0,53.93807,24.82911,15,47.03,19073.08
178500.0,2775500.0,53.81347,25.06107,15,119.32,62.42
240500.0,2823500.0,54.41827,25.50603,15,84.5,288.52
313500.0,2820500.0,55.14459,25.48994,15,110.91,1513.81
325500.0,2840500.0,55.26132,25.67193,15,57.07,36844.13
351500.0,2860500.0,55.51807,25.85533,15,39.64,61.36
239500.0,2773500.0,54.4179,25.05478,15,61.2,44315.6
282500.0,2806500.0,54.8386,25.35938,15,145.85,4776.29
339500.0,2849500.0,55.39968,25.75476,15,141.67,17.1
328500.0,2890500.0,55.28469,26.12358,15,99.56,2303.25
356500.0,2863500.0,55.56762,25.88291,15,25.7,147.77
248500.0,2799500.0,54.50227,25.29088,15,90.73,874.75
310500.0,2777500.0,55.12075,25.10145,15,143.16,3.37
348500.0,2853500.0,55.48894,25.79183,15,114.01,3294.93
361500.0,2899500.0,55.6137,26.20837,15,109.66,396.03
257500.0,2799500.0,54.59158,25.29237,15,24.75,3752.51
378500.0,2874500.0,55.78616,25.98422,15,156.24,14.18
183500.0,2779500.0,53.86204,25.0982,15,72.07,3.04
256500.0,2810500.0,54.57968,25.39145,15,82.76,23342.71
382500.0,2883500.0,55.82531,26.0658,15,128.49,149475.07
242500.0,2765500.0,54.44911,24.98311,15,179.63,1155.56
305500.0,2880500.0,55.05624,26.03041,15,105.71,773.2
244500.0,2812500.0,54.46012,25.40748,15,97.28,886.92
251500.0,2744500.0,54.54196,24.79513,15,37.53,81274.32
293500.0,2787500.0,54.95074,25.18947,15,18.1,4383.35
258500.0,2882500.0,54.58647,26.04138,15,87.32,15944.17
385500.0,2910500.0,55.85291,26.30979,15,156.38,2440.51
198500.0,2869500.0,53.99042,25.91289,15,60.01,133941.9
250500.0,2808500.0,54.52046,25.37241,15,121.79,3473.81
345500.0,2893500.0,55.45431,26.15258,15,102.08,2437.3
396500.0,2883500.0,55.96525,26.06687,15,84.67,1311.4
399500.0,2881500.0,55.99539,26.04902,15,28.32,5.4
243500.0,2811500.0,54.45038,25.39829,15,10.05,50.62
393500.0,2894500.0,55.93436,26.16596,15,114.4,7558.6
441500.0,2809500.0,56.41838,25.40119,15,28.92,4274.46
307500.0,2789500.0,55.08933,25.20938,15,148.04,6488.16
301500.0,2778500.0,55.0314,25.10932,15,166.82,678.56
304500.0,2785500.0,55.06014,25.17289,15,152.31,11195.82
308500.0,2825500.0,55.09416,25.53443,15,43.42,409.45
404500.0,2910500.0,56.04323,26.31119,15,114.31,34943.39
333500.0,2867500.0,55.33761,25.91657,15,136.46,8131.52
370500.0,2851500.0,55.70851,25.77589,15,120.0,49224.36
376500.0,2874500.0,55.76618,25.98405,15,139.46,21112.86
224500.0,2711500.0,54.28157,24.49281,15,36.94,118.23
308500.0,2820500.0,55.09487,25.4893,15,160.97,18.8
213500.0,2864500.0,54.14108,25.87083,15,50.24,17435.79
277500.0,2804500.0,54.78927,25.34059,15,120.61,1835.2
298500.0,2826500.0,54.99453,25.54213,15,157.41,48766.18
279500.0,2839500.0,54.8034,25.65673,15,177.03,3402.06
306500.0,2777500.0,55.0811,25.10094,15,5.88,239.08
247500.0,2732500.0,54.50458,24.68621,14,47.13,38.27
284500.0,2773500.0,54.86368,25.06186,14,45.73,8622.04
391500.0,2882500.0,55.91535,26.05747,14,63.36,3.4
393500.0,2899500.0,55.93395,26.2111,14,135.48,61483.46
288500.0,2794500.0,54.90006,25.25195,14,19.85,1915.23
280500.0,2803500.0,54.81923,25.33202,14,37.84,6019.62
301500.0,2776500.0,55.03169,25.09127,14,165.47,328.18
299500.0,2780500.0,55.01128,25.12711,14,1.63,2575.53
239500.0,2834500.0,54.40619,25.60508,14,16.0,61.53
303500.0,2828500.0,55.04398,25.56085,14,146.36,3.06
268500.0,2783500.0,54.70347,25.14973,14,112.76,164.73
291500.0,2800500.0,54.92892,25.30652,14,166.63,38144.54
296500.0,2837500.0,54.97297,25.64113,14,20.69,5.81
287500.0,2893500.0,54.87433,26.14519,14,33.38,835.48
198500.0,2734500.0,54.02037,24.69542,14,92.35,2004.33
211500.0,2862500.0,54.12158,25.8524,14,70.88,526.9
392500.0,2896500.0,55.92419,26.18394,14,135.11,39844.61
401500.0,2879500.0,56.01554,26.03111,14,170.88,10624.49
402500.0,2909500.0,56.02327,26.30202,14,135.93,761.69
401500.0,2909500.0,56.01326,26.30196,14,164.74,2704.68
231500.0,2794500.0,54.33456,25.24282,14,134.26,11.89
292500.0,2833500.0,54.93376,25.60447,14,165.34,65647.37
288500.0,2895500.0,54.884,26.16338,14,35.84,785.23
406500.0,2902500.0,56.06385,26.23909,14,126.41,86.03
403500.0,2909500.0,56.03329,26.30209,14,128.49,5328.36
301500.0,2807500.0,55.02718,25.37106,14,75.94,3.13
215500.0,2811500.0,54.17231,25.3932,14,59.33,15336.15
289500.0,2832500.0,54.90406,25.59502,14,30.41,5267.07
266500.0,2897500.0,54.66368,26.17802,14,80.96,6114.57
372500.0,2903500.0,55.72339,26.2455,14,105.08,6951.88
382500.0,2900500.0,55.82377,26.21927,14,153.91,631.95
449500.0,2789500.0,56.49866,25.22088,14,31.42,24.48
183500.0,2764500.0,53.86549,24.96294,14,8.09,12783.43
211500.0,2708500.0,54.15402,24.46338,14,179.9,61894.13
220500.0,2738500.0,54.23678,24.73566,14,167.62,15758.4
246500.0,2744500.0,54.49253,24.79431,14,45.43,44918.02
240500.0,2784500.0,54.42573,25.15419,14,110.26,1319.89
283500.0,2813500.0,54.84742,25.4227,14,35.88,1.59
326500.0,2847500.0,55.27037,25.73523,14,35.76,12.92
341500.0,2858500.0,55.41854,25.83622,14,129.84,1230.34
354500.0,2856500.0,55.54844,25.81952,14,43.84,210.8
215500.0,2816500.0,54.17126,25.4383,14,160.43,27266.09
247500.0,2843500.0,54.48408,25.68767,14,174.05,1160.96
294500.0,2816500.0,54.95627,25.45133,14,49.25,727.64
177500.0,2761500.0,53.80683,24.93462,14,72.36,935.24
181500.0,2882500.0,53.81777,26.02648,14,65.58,1787.21
235500.0,2828500.0,54.36758,25.55025,14,50.17,19767.48
204500.0,2911500.0,54.04072,26.29287,14,73.75,17114.05
251500.0,2878500.0,54.51732,26.00411,14,56.28,146764.11
331500.0,2816500.0,55.3241,25.45599,14,83.34,1172.68
325500.0,2841500.0,55.26119,25.68095,14,101.09,4369.75
382500.0,2895500.0,55.82422,26.17413,14,52.25,823.22
383500.0,2906500.0,55.83324,26.27352,14,107.06,5017.1
446500.0,2799500.0,56.46848,25.31108,14,126.01,3444.52
243500.0,2779500.0,54.4564,25.10959,14,23.87,917.09
224500.0,2858500.0,54.252,25.81883,14,148.26,5498.01
326500.0,2821500.0,55.27375,25.50055,14,138.38,4.14
336500.0,2850500.0,55.36966,25.76346,14,120.5,212.25
335500.0,2850500.0,55.35969,25.76335,14,126.57,11986.48
375500.0,2852500.0,55.75828,25.78535,14,44.52,267.1
213500.0,2734500.0,54.16846,24.69829,14,140.75,17.93
207500.0,2745500.0,54.10692,24.79638,14,130.95,1098.54
214500.0,2810500.0,54.16259,25.38399,14,95.22,135.44
277500.0,2805500.0,54.78911,25.34962,14,108.76,154.52
297500.0,2831500.0,54.98383,25.58712,14,6.77,7331.28
345500.0,2878500.0,55.45609,26.01718,14,90.26,12343.19
330500.0,2889500.0,55.30482,26.11479,14,117.86,254.69
388500.0,2873500.0,55.88614,25.97599,14,103.26,76.63
396500.0,2899500.0,55.96398,26.21132,14,64.77,2620.71
440500.0,2787500.0,56.4094,25.20249,14,37.96,52.78
401500.0,2883500.0,56.01523,26.06722,14,26.41,1112.94
242500.0,2740500.0,54.45374,24.75756,14,14.71,1871.97
238500.0,2783500.0,54.4061,25.14482,14,128.32,184.33
222500.0,2883500.0,54.22679,26.04394,14,62.05,12972.43
225500.0,2905500.0,54.2521,26.24294,14,117.54,456.18
219500.0,2918500.0,54.18926,26.35902,14,92.5,2608.91
272500.0,2769500.0,54.74545,25.02401,14,132.17,10185.4
281500.0,2771500.0,54.83427,25.04338,14,137.66,110.81
294500.0,2807500.0,54.95764,25.37011,14,81.58,2586.68
274500.0,2810500.0,54.75849,25.39429,14,38.26,24112.35
276500.0,2823500.0,54.7762,25.5119,14,122.15,592.15
285500.0,2893500.0,54.85433,26.14489,14,83.83,276142.32
386500.0,2885500.0,55.86512,26.08417,14,128.39,958.85
444500.0,2794500.0,56.44882,25.26586,14,83.43,16.48
230500.0,2752500.0,54.33286,24.86375,14,150.65,4993.5
243500.0,2776500.0,54.45696,25.08253,14,53.79,83.07
248500.0,2728500.0,54.51517,24.65028,14,161.58,831.02
289500.0,2785500.0,54.91138,25.17087,14,177.92,6610.69
274500.0,2865500.0,54.74919,25.89057,14,61.17,10172.41
303500.0,2846500.0,55.04133,25.7233,14,2.0,75990.48
352500.0,2841500.0,55.53016,25.68391,14,59.68,7.08
168500.0,2772500.0,53.7152,25.03187,14,68.68,1375.14
195500.0,2869500.0,53.96051,25.91227,14,147.37,22.72
287500.0,2785500.0,54.89154,25.17058,14,13.43,828.09
256500.0,2861500.0,54.57039,25.85158,14,47.01,603.49
311500.0,2814500.0,55.12554,25.43554,14,162.5,36.71
339500.0,2817500.0,55.40353,25.46591,14,17.33,10381.68
327500.0,2835500.0,55.28189,25.62703,14,43.18,1.95
371500.0,2849500.0,55.71868,25.75792,14,84.73,1439.2
397500.0,2901500.0,55.97383,26.22945,14,129.72,117.78
163500.0,2747500.0,53.67178,24.80537,14,53.55,95.35
182500.0,2821500.0,53.84234,25.4767,14,81.81,23213.14
220500.0,2887500.0,54.20597,26.07963,14,131.65,1418.0
289500.0,2857500.0,54.90011,25.82062,14,66.54,35217.12
315500.0,2785500.0,55.16924,25.17428,14,3.04,1.82
341500.0,2848500.0,55.41974,25.74595,14,108.08,14521.74
174500.0,2828500.0,53.76118,25.53808,14,54.22,4937.64
219500.0,2811500.0,54.21203,25.39396,14,108.45,1114.73
219500.0,2836500.0,54.20681,25.61946,14,126.08,3.15
177500.0,2735500.0,53.81284,24.70017,14,26.18,61.87
195500.0,2803500.0,53.97554,25.31711,14,109.46,14960.54
196500.0,2865500.0,53.9714,25.87641,14,175.49,2058.92
198500.0,2776500.0,54.01126,25.07421,14,84.19,257851.96
236500.0,2861500.0,54.37099,25.84811,14,47.47,33952.56
261500.0,2796500.0,54.63181,25.26594,14,68.6,179327.68
273500.0,2821500.0,54.7467,25.49339,14,127.34,20585.35
350500.0,2856500.0,55.50854,25.81912,14,109.66,114882.02
350500.0,2857500.0,55.50843,25.82814,14,22.15,24031.59
444500.0,2809500.0,56.4482,25.40131,14,101.33,2.24
187500.0,2740500.0,53.91044,24.74733,14,80.51,12081.01
178500.0,2753500.0,53.81858,24.8627,14,61.79,1201.14
201500.0,2819500.0,54.03154,25.46261,14,119.57,50559.15
239500.0,2846500.0,54.40385,25.71334,14,62.71,6577.65
282500.0,2784500.0,54.84212,25.16085,14,167.95,2.92
304500.0,2815500.0,55.05582,25.44366,14,49.9,2.04
309500.0,2833500.0,55.10297,25.60676,14,22.57,2395.19
193500.0,2816500.0,53.95275,25.43393,14,74.04,154.99
221500.0,2719500.0,54.25042,24.56444,14,93.24,80.75
238500.0,2765500.0,54.40951,24.98243,14,141.0,15789.35
357500.0,2845500.0,55.57954,25.72052,14,136.75,7685.23
199500.0,2871500.0,53.99993,25.93114,14,160.18,208.73
345500.0,2866500.0,55.4575,25.90886,14,45.32,5785.19
234500.0,2854500.0,54.35246,25.7846,14,61.03,75858.92
211500.0,2888500.0,54.11587,26.08688,14,77.35,229652.82
255500.0,2895500.0,54.55407,26.15815,14,73.7,2487.84
318500.0,2871500.0,55.18735,25.95087,14,133.95,54614.04
313500.0,2851500.0,55.14026,25.76973,14,103.13,361.73
358500.0,2865500.0,55.58737,25.90116,14,137.31,8253.01
352500.0,2912500.0,55.52216,26.32482,14,175.4,4.13
187500.0,2727500.0,53.91333,24.63009,14,114.71,13039.9
184500.0,2771500.0,53.87378,25.02627,14,35.01,241783.43
195500.0,2807500.0,53.97464,25.35318,14,116.62,2635.95
259500.0,2823500.0,54.60716,25.50923,14,117.49,62448.04
284500.0,2868500.0,54.84846,25.91916,14,170.26,29976.3
284500.0,2872500.0,54.8478,25.95525,14,71.73,1099.17
345500.0,2839500.0,55.46065,25.66514,14,132.05,11.34
316500.0,2855500.0,55.16961,25.80622,14,17.68,11071.91
378500.0,2864500.0,55.78709,25.89394,14,118.33,394.72
164500.0,2710500.0,53.69047,24.47198,14,178.06,41.36
179500.0,2855500.0,53.80439,25.78261,14,92.91,41704.47
228500.0,2886500.0,54.28607,26.07214,14,104.57,15.4
250500.0,2756500.0,54.52992,24.90325,14,92.04,2.88
293500.0,2835500.0,54.94341,25.62266,14,116.44,146677.42
350500.0,2853500.0,55.50888,25.79204,14,134.91,41999.12
407500.0,2888500.0,56.07486,26.11276,14,4.99,37255.78
400500.0,2902500.0,56.00378,26.23869,14,35.97,176.39
401500.0,2903500.0,56.01372,26.24779,14,28.65,68.47
415500.0,2918500.0,56.1529,26.38411,14,127.25,77282.51
211500.0,2738500.0,54.14789,24.734,14,51.21,3.34
273500.0,2843500.0,54.74298,25.69191,14,71.8,27433.04
281500.0,2880500.0,54.81652,26.02699,14,93.16,1272.0
289500.0,2886500.0,54.89546,26.08232,14,94.34,6180.59
261500.0,2897500.0,54.61368,26.1772,14,83.46,2223.95
360500.0,2872500.0,55.60659,25.96454,14,39.4,535.18
379500.0,2881500.0,55.79551,26.0475,14,172.34,386.97
416500.0,2917500.0,56.16299,26.37514,14,126.35,5487.02
222500.0,2812500.0,54.24162,25.40355,14,87.74,100455.96
245500.0,2814500.0,54.46968,25.4257,14,131.96,3663.66
226500.0,2812500.0,54.28134,25.40429,14,90.05,57137.59
213500.0,2908500.0,54.13142,26.26764,14,151.58,143.79
274500.0,2773500.0,54.7646,25.0604,14,23.31,23988.75
278500.0,2865500.0,54.78909,25.89118,14,39.18,95559.56
315500.0,2812500.0,55.16558,25.41799,14,17.42,754.65
371500.0,2864500.0,55.71722,25.89334,14,33.77,38023.39
354500.0,2851500.0,55.54899,25.77438,14,134.34,31.49
380500.0,2877500.0,55.80587,26.01147,14,5.43,9.3
350500.0,2917500.0,55.50154,26.36974,14,102.54,31929.77
171500.0,2747500.0,53.75081,24.80711,14,101.02,19.82
189500.0,2890500.0,53.8957,26.10035,14,140.83,705.1
232500.0,2788500.0,54.34565,25.18887,14,165.04,143000.02
221500.0,2812500.0,54.23168,25.40336,14,87.28,591988.99
223500.0,2863500.0,54.24099,25.86374,14,55.03,383133.27
220500.0,2865500.0,54.21066,25.88121,14,149.65,98178.94
212500.0,2909500.0,54.1212,26.27646,14,150.26,520.63
314500.0,2782500.0,55.15973,25.14708,14,177.05,20.35
343500.0,2866500.0,55.43754,25.90865,14,121.87,22134.48
305500.0,2876500.0,55.05683,25.99431,14,109.56,113.99
344500.0,2894500.0,55.44419,26.1615,14,120.94,621.69
302500.0,2896500.0,55.02385,26.1744,14,104.8,4.58
358500.0,2868500.0,55.58704,25.92824,14,130.54,5973.09
384500.0,2896500.0,55.84414,26.18332,14,31.29,241.0
380500.0,2908500.0,55.80301,26.29133,14,93.44,1953.4
179500.0,2735500.0,53.83259,24.70059,14,83.37,2484.13
180500.0,2775500.0,53.83327,25.0615,14,93.99,23286.72
230500.0,2832500.0,54.31706,25.58543,14,99.39,100952.03
291500.0,2894500.0,54.91416,26.1548,14,81.72,101067.14
332500.0,2805500.0,55.33541,25.35681,14,177.68,183.38
332500.0,2845500.0,55.33042,25.71787,14,117.38,499.73
323500.0,2821500.0,55.24391,25.50019,14,118.4,409.9
309500.0,2865500.0,55.09837,25.89557,14,100.5,4.11
255500.0,2768500.0,54.57727,25.01233,14,19.66,6121.48
287500.0,2817500.0,54.88653,25.45937,14,3.33,72812.05
293500.0,2892500.0,54.93448,26.13704,14,83.66,12840.84
301500.0,2790500.0,55.02966,25.21763,14,173.49,13894.49
319500.0,2792500.0,55.20799,25.23795,14,72.17,33.03
367500.0,2856500.0,55.6781,25.82076,14,141.81,2928.15
195500.0,2746500.0,53.98814,24.80305,14,56.85,60000.34
188500.0,2850500.0,53.89519,25.73947,14,158.12,314372.08
246500.0,2769500.0,54.48797,25.01988,14,22.86,18055.63
241500.0,2847500.0,54.42357,25.72271,14,14.34,85.13
323500.0,2814500.0,55.24483,25.43701,14,134.27,3.26
335500.0,2810500.0,55.36461,25.40228,14,116.72,39.27
364500.0,2862500.0,55.64756,25.87465,14,121.92,13257.42
365500.0,2862500.0,55.65754,25.87474,14,116.99,25289.82
182500.0,2736500.0,53.86197,24.71023,14,172.95,15953.44
234500.0,2789500.0,54.36529,25.19825,14,31.04,153618.26
249500.0,2897500.0,54.49371,26.17516,14,82.96,102824.51
210500.0,2921500.0,54.0985,26.38427,14,85.56,58063.57
286500.0,2894500.0,54.86417,26.15406,14,82.64,167469.05
305500.0,2790500.0,55.06935,25.21815,14,155.67,275565.96
367500.0,2875500.0,55.67619,25.99228,14,121.31,79087.55
350500.0,2854500.0,55.50877,25.80106,14,31.56,18.32
240500.0,2780500.0,54.42649,25.1181,14,48.62,1.46
239500.0,2830500.0,54.40697,25.569,14,52.62,82.07
216500.0,2866500.0,54.17056,25.88946,14,62.6,2363.6
215500.0,2862500.0,54.16145,25.85319,14,65.07,13714.53
235500.0,2880500.0,54.3572,26.01931,14,87.76,50613.15
279500.0,2765500.0,54.81542,24.98894,14,30.97,933.59
251500.0,2788500.0,54.53404,25.19213,14,143.01,13460.69
286500.0,2806500.0,54.87833,25.35996,14,121.01,3240.24
299500.0,2785500.0,55.01055,25.17223,14,5.1,50138.14
342500.0,2848500.0,55.42971,25.74606,14,136.71,9482.68
315500.0,2880500.0,55.15613,26.03172,14,88.57,5731.2
382500.0,2916500.0,55.82231,26.36371,14,134.45,925.48
278500.0,2799500.0,54.80002,25.29562,14,113.87,15272.07
222500.0,2726500.0,54.25891,24.62777,14,50.5,18271.92
235500.0,2803500.0,54.37248,25.32472,14,76.1,21066.89
231500.0,2798500.0,54.33377,25.2789,14,104.19,1274.86
235500.0,2901500.0,54.35293,26.20874,14,85.08,3089.64
275500.0,2832500.0,54.76475,25.59296,14,110.84,92923.68
356500.0,2884500.0,55.56532,26.07248,14,1.54,3140.81
165500.0,2780500.0,53.68357,25.10333,14,136.0,6685.46
227500.0,2855500.0,54.28251,25.79234,14,148.47,1130.56
292500.0,2856500.0,54.93018,25.81203,14,56.14,58940.15
296500.0,2916500.0,54.96069,26.35403,14,109.71,162.45
390500.0,2911500.0,55.90291,26.31921,14,104.39,82689.22
186500.0,2860500.0,53.87291,25.82921,14,57.09,5348.75
257500.0,2780500.0,54.59496,25.12093,14,44.77,330108.25
273500.0,2845500.0,54.74264,25.70995,14,97.64,289.41
187500.0,2773500.0,53.90302,25.04493,14,99.18,2391.27
179500.0,2828500.0,53.81087,25.53917,14,76.87,1308206.31
178500.0,2917500.0,53.77916,26.34135,14,161.28,509.3
288500.0,2766500.0,54.90438,24.99925,14,8.77,12767.14
284500.0,2812500.0,54.85751,25.41382,14,52.25,364.24
283500.0,2846500.0,54.84208,25.72049,14,74.34,1964.33
256500.0,2842500.0,54.57388,25.68017,14,85.59,102062.78
306500.0,2818500.0,55.07527,25.47099,14,86.68,13609.24
325500.0,2881500.0,55.2559,26.04199,14,124.26,45285.35
337500.0,2877500.0,55.3763,26.00728,14,81.32,1886.87
337500.0,2878500.0,55.37617,26.01631,14,83.04,10726.01
246500.0,2827500.0,54.47716,25.54315,14,82.9,296221.01
286500.0,2818500.0,54.87644,25.46825,14,109.62,13071.25
332500.0,2848500.0,55.33004,25.74495,14,125.15,35994.56
307500.0,2850500.0,55.0806,25.75993,14,83.48,7575.57
196500.0,2837500.0,53.9778,25.62392,14,109.91,8138.1
224500.0,2751500.0,54.27373,24.85366,14,143.52,1459.65
244500.0,2835500.0,54.45575,25.61498,14,24.35,6.53
228500.0,2853500.0,54.29289,25.77448,14,60.3,51384.37
298500.0,2806500.0,54.99752,25.36163,14,90.99,25485.05
341500.0,2869500.0,55.41722,25.93551,14,139.54,27783.51
407500.0,2881500.0,56.07535,26.04956,14,26.77,2.2
212500.0,2818500.0,54.14103,25.45576,14,59.64,310004.04
278500.0,2807500.0,54.79871,25.36782,14,49.97,176851.53
275500.0,2828500.0,54.76542,25.55686,14,176.84,14484.12
316500.0,2782500.0,55.17956,25.14732,14,132.07,1.25
305500.0,2823500.0,55.06461,25.51599,14,27.66,49.95
271500.0,2790500.0,54.73205,25.21336,14,62.18,52903.76
278500.0,2820500.0,54.79658,25.48513,14,153.28,9020.55
229500.0,2769500.0,54.31965,25.01694,14,87.46,71369.31
230500.0,2769500.0,54.32955,25.01711,14,87.69,507.73
284500.0,2831500.0,54.85447,25.58528,14,152.41,1506.14
295500.0,2893500.0,54.95431,26.14635,14,83.23,11001.43
311500.0,2820500.0,55.1247,25.48969,14,112.14,472.46
303500.0,2812500.0,55.04632,25.41645,14,140.78,2.09
337500.0,2836500.0,55.38134,25.6372,14,165.78,17835.76
361500.0,2900500.0,55.6136,26.2174,14,110.47,2805.86
229500.0,2845500.0,54.30448,25.70251,14,55.68,6.64
315500.0,2786500.0,55.16911,25.18331,14,19.34,117.99
308500.0,2805500.0,55.097,25.35392,14,73.59,9297.59
385500.0,2883500.0,55.85529,26.06604,14,158.03,23.7
387500.0,2883500.0,55.87529,26.0662,14,159.3,5.17
423500.0,2915500.0,56.23327,26.35747,14,47.24,146.08
246500.0,2807500.0,54.48092,25.36272,14,140.53,954.23
262500.0,2810500.0,54.63928,25.39242,14,17.96,82.9
284500.0,2798500.0,54.85974,25.28748,14,160.94,7215.72
287500.0,2839500.0,54.88305,25.6579,14,72.16,1464.77
307500.0,2801500.0,55.08763,25.31769,14,109.73,871.89
312500.0,2909500.0,55.12198,26.29306,14,14.93,8.91
383500.0,2884500.0,55.83521,26.07491,14,129.95,6940.06
310500.0,2824500.0,55.1142,25.52566,14,164.23,230.78
187500.0,2760500.0,53.90596,24.92769,14,133.22,30684.71
186500.0,2888500.0,53.86623,26.08167,14,51.98,249082.1
187500.0,2888500.0,53.87621,26.08189,14,51.63,5888.64
238500.0,2881500.0,54.38695,26.02888,14,74.99,108.3
262500.0,2749500.0,54.64984,24.842,14,110.94,312.85
296500.0,2835500.0,54.97327,25.62308,14,81.54,3032.13
324500.0,2880500.0,55.24604,26.03284,14,80.64,5051.33
390500.0,2888500.0,55.90485,26.11157,14,148.77,141.29
251500.0,2820500.0,54.52818,25.48085,14,97.69,22507.74
275500.0,2830500.0,54.76508,25.57491,14,85.68,35161.86
293500.0,2825500.0,54.94495,25.53241,14,136.6,1.92
312500.0,2814500.0,55.13548,25.43566,14,12.44,1543.94
399500.0,2896500.0,55.99424,26.18445,14,151.85,11738.79
400500.0,2892500.0,56.00455,26.14841,14,10.57,10003.35
210500.0,2812500.0,54.12245,25.40126,14,108.41,179.09
263500.0,2768500.0,54.65649,25.0136,14,162.0,543363.41
394500.0,2893500.0,55.94445,26.15701,14,122.54,14277.4
298500.0,2803500.0,54.99797,25.33455,14,61.74,250293.7
272500.0,2817500.0,54.73744,25.45715,14,135.1,21573.75
346500.0,2883500.0,55.46549,26.06242,14,31.15,12.29
347500.0,2884500.0,55.47537,26.07155,14,141.2,2646.84
379500.0,2907500.0,55.79309,26.28222,14,105.7,21181.47
227500.0,2715500.0,54.31037,24.52943,14,88.82,64.18
247500.0,2780500.0,54.49585,25.11929,14,112.33,387.29
317500.0,2818500.0,55.18464,25.47239,14,135.68,424.19
307500.0,2825500.0,55.08421,25.5343,14,139.27,39049.84
238500.0,2815500.0,54.39994,25.43351,14,93.56,15024.37
305500.0,2801500.0,55.06777,25.31743,14,75.42,1771.33
415500.0,2916500.0,56.15303,26.36605,14,124.38,17684.33
210500.0,2712500.0,54.14335,24.49928,14,12.66,10550.88
294500.0,2799500.0,54.95885,25.29791,14,174.54,7755.69
385500.0,2864500.0,55.85695,25.89451,14,111.68,697.13
396500.0,2868500.0,55.96644,25.93144,14,128.02,7781.79
215500.0,2876500.0,54.15843,25.97945,14,84.52,15911.4
362500.0,2861500.0,55.62771,25.86543,14,114.8,3586.44
195500.0,2831500.0,53.96922,25.56961,14,67.3,18307.69
213500.0,2710500.0,54.17333,24.4818,14,84.53,85501.67
288500.0,2803500.0,54.89866,25.33317,14,57.7,105373.75
281500.0,2840500.0,54.82314,25.66605,14,87.41,217221.87
265500.0,2794500.0,54.67185,25.24853,14,127.76,30995.45
295500.0,2788500.0,54.97043,25.19877,14,12.16,480.07
298500.0,2829500.0,54.99408,25.5692,14,170.96,1901.79
285500.0,2838500.0,54.86329,25.64859,14,90.74,2854.3
297500.0,2783500.0,54.99101,25.15391,14,13.73,3956.05
301500.0,2782500.0,55.03082,25.14542,14,150.13,125836.76
332500.0,2830500.0,55.3323,25.58248,14,112.1,11464.43
324500.0,2822500.0,55.25372,25.50934,13,109.8,3.52
402500.0,2891500.0,56.02463,26.13951,13,174.67,22.74
264500.0,2838500.0,54.65424,25.64538,13,84.86,13823.62
277500.0,2824500.0,54.78598,25.52107,13,49.44,4.34
301500.0,2775500.0,55.03183,25.08224,13,165.49,237.02
300500.0,2774500.0,55.02207,25.07308,13,88.57,77.13
302500.0,2801500.0,55.03798,25.31704,13,82.49,31.43
348500.0,2859500.0,55.48825,25.84599,13,39.57,12.71
334500.0,2868500.0,55.34747,25.92571,13,40.95,1923.46
447500.0,2802500.0,56.4783,25.33821,13,173.38,3.9
404500.0,2911500.0,56.04316,26.32021,13,40.57,390.91
331500.0,2814500.0,55.32435,25.43794,13,150.27,3.93
317500.0,2849500.0,55.18041,25.75219,13,103.05,3.88
373500.0,2843500.0,55.73919,25.70393,13,152.97,96.44
391500.0,2873500.0,55.9161,25.97622,13,1.31,57.43
397500.0,2900500.0,55.97391,26.22042,13,144.41,44240.4
180500.0,2758500.0,53.83719,24.9082,13,96.08,1200.41
214500.0,2903500.0,54.14253,26.22275,13,87.95,2398.64
333500.0,2829500.0,55.34238,25.57356,13,108.67,160.24
371500.0,2872500.0,55.71644,25.96556,13,39.37,54.8
235500.0,2717500.0,54.3889,24.54886,13,133.96,30.99
291500.0,2817500.0,54.9263,25.45994,13,43.1,6.04
329500.0,2818500.0,55.30397,25.47382,13,100.72,1670.56
319500.0,2813500.0,55.2052,25.4275,13,11.04,1.13
335500.0,2822500.0,55.36314,25.5106,13,18.22,3.32
166500.0,2773500.0,53.69517,25.04044,13,156.85,3.11
231500.0,2851500.0,54.32318,25.757,13,144.04,775.29
296500.0,2804500.0,54.97796,25.34331,13,97.81,3.55
293500.0,2801500.0,54.94862,25.31582,13,77.69,69.09
261500.0,2825500.0,54.62669,25.5276,13,121.2,1055.37
326500.0,2854500.0,55.26945,25.79841,13,50.71,5829.58
327500.0,2888500.0,55.27496,26.10541,13,95.11,743.4
348500.0,2895500.0,55.48408,26.17095,13,108.21,110794.27
328500.0,2889500.0,55.28482,26.11455,13,98.74,1308.61
310500.0,2878500.0,55.10648,26.01303,13,137.21,169.06
183500.0,2848500.0,53.84589,25.72037,13,39.54,1117.12
217500.0,2829500.0,54.18839,25.55594,13,72.34,55.93
242500.0,2833500.0,54.43623,25.59659,13,116.65,3.21
277500.0,2818500.0,54.78697,25.46693,13,171.54,95338.08
328500.0,2801500.0,55.29618,25.32025,13,82.26,4.52
329500.0,2831500.0,55.30231,25.59116,13,129.49,3382.76
369500.0,2863500.0,55.69736,25.88413,13,123.88,637.63
274500.0,2776500.0,54.76411,25.08748,13,138.89,189.23
282500.0,2837500.0,54.83359,25.63912,13,26.57,742.5
402500.0,2879500.0,56.02553,26.03117,13,128.32,232.61
184500.0,2738500.0,53.88127,24.72868,13,83.91,24863.85
192500.0,2850500.0,53.93501,25.74031,13,143.64,20420.41
202500.0,2744500.0,54.05773,24.78639,13,43.2,2292.21
237500.0,2761500.0,54.40038,24.94617,13,171.68,5075.42
227500.0,2773500.0,54.29906,25.05266,13,69.94,36878.76
200500.0,2862500.0,54.01195,25.85018,13,126.43,253593.53
203500.0,2905500.0,54.03209,26.23856,13,79.83,364.85
285500.0,2798500.0,54.86966,25.28762,13,145.04,14656.9
253500.0,2837500.0,54.54493,25.63456,13,133.69,44034.39
286500.0,2914500.0,54.86086,26.33453,13,82.84,7663.13
343500.0,2828500.0,55.44202,25.56563,13,161.07,181.83
317500.0,2838500.0,55.18192,25.65291,13,38.21,33.39
306500.0,2873500.0,55.06726,25.96737,13,103.16,766.53
221500.0,2711500.0,54.25199,24.49227,13,16.74,1.74
208500.0,2735500.0,54.11889,24.70637,13,165.74,183.1
245500.0,2815500.0,54.46949,25.43472,13,47.36,5228.51
246500.0,2815500.0,54.47942,25.43489,13,89.43,3279.37
314500.0,2858500.0,55.14925,25.83304,13,92.82,158.82
367500.0,2857500.0,55.678,25.82979,13,129.76,319.02
291500.0,2806500.0,54.92799,25.36067,13,117.63,2.16
280500.0,2837500.0,54.81368,25.63883,13,83.7,18430.26
302500.0,2783500.0,55.04059,25.15458,13,154.34,16142.3
331500.0,2808500.0,55.3251,25.38378,13,88.88,102.8
337500.0,2886500.0,55.37518,26.08852,13,134.04,258.17
319500.0,2911500.0,55.19178,26.31201,13,86.58,21.42
168500.0,2762500.0,53.7176,24.9417,13,174.63,16.94
221500.0,2723500.0,54.24963,24.60053,13,104.86,544.6
244500.0,2720500.0,54.47713,24.57744,13,53.1,48.93
243500.0,2728500.0,54.46581,24.64945,13,37.31,10.16
232500.0,2756500.0,54.35186,24.90019,13,151.65,134421.76
202500.0,2869500.0,54.0303,25.91372,13,154.39,15361.45
224500.0,2855500.0,54.25262,25.79178,13,71.12,4796.47
223500.0,2855500.0,54.24266,25.79159,13,67.45,2354.02
245500.0,2897500.0,54.45372,26.17446,13,81.18,20637.79
208500.0,2886500.0,54.08635,26.06824,13,82.7,16568.1
278500.0,2771500.0,54.80455,25.04295,13,87.88,43.4
285500.0,2808500.0,54.86808,25.37786,13,31.35,10705.19
262500.0,2849500.0,54.63237,25.74431,13,158.21,31.76
327500.0,2810500.0,55.2851,25.40137,13,89.12,29.25
337500.0,2813500.0,55.38412,25.42958,13,88.63,65.2
319500.0,2829500.0,55.20305,25.57192,13,113.05,768.73
301500.0,2829500.0,55.02393,25.56961,13,154.53,7808.05
307500.0,2890500.0,55.07474,26.12093,13,82.37,20400.03
185500.0,2865500.0,53.86176,25.87408,13,133.95,2.21
226500.0,2818500.0,54.28012,25.45841,13,78.7,95165.72
257500.0,2740500.0,54.60196,24.76,13,35.36,26.95
177500.0,2754500.0,53.80846,24.8715,13,73.77,11950.72
167500.0,2772500.0,53.7053,25.03165,13,70.29,2602.27
297500.0,2806500.0,54.98759,25.36149,13,56.73,24.64
295500.0,2819500.0,54.96576,25.47854,13,36.2,3.33
321500.0,2911500.0,55.21181,26.31226,13,102.14,19058.7
170500.0,2891500.0,53.70574,26.10515,13,86.4,2082.01
232500.0,2860500.0,54.33132,25.83836,13,42.87,510.44
254500.0,2783500.0,54.56469,25.14751,13,171.88,30.79
253500.0,2783500.0,54.55477,25.14735,13,136.21,94508.69
263500.0,2783500.0,54.65391,25.14896,13,145.3,26703.61
291500.0,2811500.0,54.92722,25.40579,13,148.63,6900.32
301500.0,2818500.0,55.02556,25.47033,13,99.35,187.66
325500.0,2824500.0,55.26341,25.52751,13,65.4,5137.57
351500.0,2856500.0,55.51852,25.81922,13,50.01,2263.14
357500.0,2863500.0,55.5776,25.88301,13,39.66,462.55
405500.0,2916500.0,56.05281,26.36542,13,32.95,59.75
184500.0,2758500.0,53.87674,24.90904,13,177.33,71037.21
200500.0,2839500.0,54.01714,25.64277,13,90.51,9521.11
229500.0,2919500.0,54.28917,26.36997,13,154.34,469.66
270500.0,2841500.0,54.71345,25.6734,13,95.48,147098.81
262500.0,2839500.0,54.63415,25.65408,13,179.69,7515.57
346500.0,2854500.0,55.46888,25.80065,13,118.28,23186.65
347500.0,2854500.0,55.47885,25.80075,13,118.53,2583.24
337500.0,2858500.0,55.37864,25.83578,13,41.13,218.2
270500.0,2825500.0,54.71619,25.52903,13,82.14,403.85
352500.0,2859500.0,55.52815,25.8464,13,49.7,687.54
188500.0,2887500.0,53.88643,26.07309,13,69.88,241.79
226500.0,2720500.0,54.29955,24.57436,13,154.27,12.89
247500.0,2776500.0,54.49659,25.0832,13,83.3,3005.22
274500.0,2782500.0,54.76312,25.14162,13,155.37,611.8
390500.0,2862500.0,55.90703,25.87683,13,29.74,2134.3
391500.0,2894500.0,55.91435,26.16581,13,46.71,6482.17
393500.0,2889500.0,55.93477,26.12082,13,158.37,1563.05
358500.0,2918500.0,55.5816,26.37959,13,6.37,293.78
199500.0,2715500.0,54.03429,24.52425,13,7.57,4.08
243500.0,2786500.0,54.45509,25.17275,13,48.31,100863.12
238500.0,2846500.0,54.39389,25.71316,13,66.3,4113.1
329500.0,2837500.0,55.30155,25.64532,13,63.6,6194.65
349500.0,2858500.0,55.49834,25.83707,13,124.73,4413.35
394500.0,2854500.0,55.94759,25.8049,13,154.68,12.41
162500.0,2741500.0,53.66335,24.75105,13,21.45,17484.13
285500.0,2913500.0,54.85102,26.32535,13,84.05,2916.9
326500.0,2815500.0,55.27452,25.44639,13,117.55,33.92
344500.0,2862500.0,55.44799,25.87265,13,36.61,84.72
311500.0,2853500.0,55.12004,25.78753,13,8.15,632.03
395500.0,2901500.0,55.95381,26.2293,13,127.0,33371.83
264500.0,2819500.0,54.65758,25.47395,13,2.47,8.61
292500.0,2824500.0,54.93516,25.52325,13,45.49,3.53
186500.0,2866500.0,53.87149,25.88331,13,114.41,4584.62
238500.0,2820500.0,54.39897,25.47861,13,160.84,3395.69
234500.0,2903500.0,54.34253,26.22659,13,76.62,4238.37
323500.0,2808500.0,55.24561,25.38285,13,19.17,7319.27
378500.0,2881500.0,55.78551,26.04741,13,48.13,194.85
171500.0,2881500.0,53.71824,26.01523,13,70.42,7478.27
236500.0,2821500.0,54.3789,25.48728,13,158.6,3478.2
240500.0,2851500.0,54.41283,25.75862,13,58.34,20148.17
227500.0,2920500.0,54.26893,26.3786,13,174.72,4887.04
256500.0,2717500.0,54.59606,24.5523,13,5.83,7570.83
294500.0,2842500.0,54.95228,25.68597,13,178.46,3629.45
257500.0,2892500.0,54.57462,26.13143,13,28.55,29875.86
291500.0,2913500.0,54.9111,26.32624,13,84.24,1679.65
319500.0,2802500.0,55.20667,25.32821,13,86.7,31.49
323500.0,2825500.0,55.24338,25.5363,13,119.73,4081.78
378500.0,2886500.0,55.78505,26.09255,13,27.22,20.87
409500.0,2914500.0,56.09304,26.34763,13,45.72,116.72
224500.0,2891500.0,54.24507,26.11648,13,61.09,19087.37
263500.0,2776500.0,54.65511,25.08579,13,131.17,669001.27
293500.0,2814500.0,54.94664,25.43314,13,89.42,66.82
287500.0,2798500.0,54.88952,25.28791,13,26.74,256.26
291500.0,2835500.0,54.9235,25.62238,13,167.38,35905.67
265500.0,2916500.0,54.65023,26.34928,13,86.2,280.56
319500.0,2801500.0,55.2068,25.31919,13,142.85,89.02
335500.0,2823500.0,55.36302,25.51963,13,82.74,3.79
322500.0,2888500.0,55.22497,26.1048,13,43.85,199.12
370500.0,2855500.0,55.70812,25.812,13,178.45,194.07
353500.0,2850500.0,55.53913,25.76526,13,156.66,1674.45
438500.0,2807500.0,56.38864,25.38301,13,108.6,5551.37
164500.0,2761500.0,53.67829,24.93181,13,78.66,1.51
253500.0,2798500.0,54.55207,25.28269,13,154.82,23643.61
292500.0,2836500.0,54.9333,25.63154,13,174.36,604.21
288500.0,2837500.0,54.89332,25.64,13,172.71,17366.59
267500.0,2838500.0,54.6841,25.64586,13,173.73,630.73
287500.0,2837500.0,54.88337,25.63985,13,172.47,4143.99
285500.0,2880500.0,54.85647,26.02759,13,84.88,37039.93
312500.0,2779500.0,55.14031,25.11975,13,148.27,2.73
346500.0,2840500.0,55.4705,25.67427,13,146.27,6029.79
358500.0,2859500.0,55.58801,25.847,13,3.12,5.48
351500.0,2854500.0,55.51874,25.80116,13,38.34,2029.04
407500.0,2891500.0,56.07464,26.13984,13,1.96,69.11
199500.0,2777500.0,54.02094,25.08343,13,88.97,2424.23
223500.0,2785500.0,54.25703,25.16018,13,93.67,296.85
268500.0,2842500.0,54.69336,25.68211,13,91.47,22238.73
356500.0,2845500.0,55.56958,25.72042,13,122.67,28483.12
377500.0,2871500.0,55.77645,25.95705,13,105.52,6957.8
412500.0,2910500.0,56.12337,26.3117,13,118.0,221456.43
213500.0,2716500.0,54.17212,24.53592,13,13.22,903.36
203500.0,2895500.0,54.03438,26.14838,13,161.62,400.71
235500.0,2902500.0,54.35273,26.21776,13,77.06,2767.67
267500.0,2825500.0,54.68636,25.52856,13,117.48,398290.96
318500.0,2822500.0,55.19405,25.50861,13,18.78,5.37
322500.0,2850500.0,55.23011,25.76183,13,29.09,232.16
381500.0,2866500.0,55.81685,25.91224,13,97.49,1804.1
375500.0,2870500.0,55.75658,25.94785,13,139.0,4594.02
372500.0,2866500.0,55.72701,25.91148,13,125.51,120.27
378500.0,2871500.0,55.78644,25.95713,13,112.54,1371.39
414500.0,2911500.0,56.14334,26.32085,13,121.52,1804.59
256500.0,2743500.0,54.59155,24.78692,13,38.12,303.58
286500.0,2771500.0,54.8838,25.0441,13,57.06,941.86
291500.0,2808500.0,54.92769,25.37872,13,172.36,79982.92
251500.0,2898500.0,54.51351,26.18453,13,82.57,3080.15
371500.0,2894500.0,55.71427,26.16416,13,119.0,3.9
412500.0,2917500.0,56.1229,26.3749,13,121.83,31392.67
163500.0,2779500.0,53.66401,25.09387,13,81.73,15157.26
180500.0,2892500.0,53.80534,26.11642,13,142.84,33515.61
249500.0,2845500.0,54.50362,25.70605,13,76.17,2323.5
248500.0,2899500.0,54.48332,26.19303,13,78.78,6006.08
287500.0,2770500.0,54.89386,25.03521,13,37.35,3621.65
259500.0,2777500.0,54.6153,25.09418,13,89.78,124.92
250500.0,2844500.0,54.51377,25.6972,13,69.0,8829.11
252500.0,2898500.0,54.52351,26.1847,13,82.27,3940.83
309500.0,2830500.0,55.1034,25.57969,13,28.04,1.73
326500.0,2878500.0,55.26629,26.01503,13,89.66,75217.83
366500.0,2861500.0,55.66762,25.86581,13,45.91,1655.78
189500.0,2763500.0,53.92506,24.95516,13,129.02,14.41
242500.0,2846500.0,54.43372,25.71387,13,63.74,2439.77
298500.0,2809500.0,54.99708,25.3887,13,176.94,1732.31
218500.0,2860500.0,54.19178,25.83573,13,150.77,4779.92
354500.0,2843500.0,55.54986,25.70217,13,47.81,4012.44
396500.0,2870500.0,55.96628,25.9495,13,116.82,772.62
439500.0,2780500.0,56.39978,25.13924,13,146.95,2.55
167500.0,2754500.0,53.70962,24.86936,13,93.51,5394.16
233500.0,2806500.0,54.35204,25.35143,13,58.14,36825.46
238500.0,2830500.0,54.39703,25.56882,13,125.95,2.36
211500.0,2868500.0,54.12027,25.90651,13,58.29,2100.1
247500.0,2765500.0,54.4986,24.98395,13,129.97,4.73
277500.0,2770500.0,54.79481,25.03377,13,56.59,356.18
283500.0,2810500.0,54.8479,25.39562,13,24.51,29684.76
305500.0,2838500.0,55.06243,25.65137,13,5.95,9745.72
314500.0,2880500.0,55.14614,26.03159,13,86.17,5885.8
341500.0,2894500.0,55.41418,26.16117,13,32.78,68.9
379500.0,2884500.0,55.79523,26.07458,13,138.65,2281.19
222500.0,2744500.0,54.25535,24.79015,13,157.4,257.63
283500.0,2832500.0,54.84436,25.59415,13,122.16,168816.29
298500.0,2792500.0,54.9996,25.23528,13,81.93,32.2
184500.0,2753500.0,53.87788,24.86395,13,129.93,16.06
170500.0,2773500.0,53.73475,25.04132,13,86.16,493.1
234500.0,2847500.0,54.35386,25.72146,13,59.25,16632.09
297500.0,2766500.0,54.99351,25.00048,13,170.37,51.48
278500.0,2856500.0,54.7906,25.80997,13,45.76,5622.98
308500.0,2909500.0,55.08193,26.29253,13,5.85,10.04
375500.0,2862500.0,55.75733,25.87563,13,50.71,32.21
355500.0,2883500.0,55.55544,26.06335,13,165.36,803.14
392500.0,2912500.0,55.92286,26.32839,13,103.87,141744.53
378500.0,2904500.0,55.78336,26.25505,13,61.1,9958.76
182500.0,2852500.0,53.83498,25.75622,13,123.61,57428.59
227500.0,2892500.0,54.27483,26.12607,13,149.18,12.36
236500.0,2901500.0,54.36293,26.20892,13,82.63,12915.46
295500.0,2798500.0,54.96893,25.28902,13,28.87,1545.6
298500.0,2802500.0,54.99812,25.32553,13,96.33,503.81
277500.0,2833500.0,54.78448,25.60228,13,110.51,60267.32
316500.0,2835500.0,55.17237,25.6257,13,38.02,1207.58
352500.0,2878500.0,55.52602,26.01791,13,89.58,53241.75
278500.0,2840500.0,54.79327,25.6656,13,93.18,29380.15
220500.0,2727500.0,54.23897,24.63643,13,124.37,14.75
376500.0,2878500.0,55.76581,26.02016,13,131.96,13151.85
269500.0,2775500.0,54.71473,25.0777,13,91.49,7382.76
255500.0,2793500.0,54.57281,25.2379,13,88.3,107.34
253500.0,2845500.0,54.54345,25.70673,13,61.3,1816.87
341500.0,2852500.0,55.41926,25.78206,13,118.55,10733.5
185500.0,2819500.0,53.87261,25.45931,13,71.48,13438.05
236500.0,2813500.0,54.38046,25.41511,13,89.7,21402.11
275500.0,2806500.0,54.76908,25.35834,13,61.86,464.26
289500.0,2796500.0,54.90968,25.27014,13,17.94,11722.93
289500.0,2879500.0,54.89659,26.01915,13,81.81,8809.47
298500.0,2915500.0,54.98088,26.34529,13,109.49,17.58
283500.0,2819500.0,54.84645,25.47684,13,175.48,11290.21
271500.0,2830500.0,54.72529,25.5743,13,64.67,17080.11
352500.0,2862500.0,55.52782,25.87348,13,123.89,609344.68
393500.0,2911500.0,55.93296,26.31944,13,108.16,37507.06
165500.0,2771500.0,53.68576,25.02219,13,81.67,143802.1
249500.0,2769500.0,54.51768,25.02038,13,39.82,13308.39
285500.0,2804500.0,54.86872,25.34177,13,56.45,23453.74
294500.0,2841500.0,54.95244,25.67695,13,101.52,30098.23
286500.0,2835500.0,54.87373,25.62166,13,119.72,7749.36
298500.0,2890500.0,54.98477,26.1197,13,85.11,9099.15
309500.0,2788500.0,55.10931,25.20061,13,30.77,2040.81
308500.0,2781500.0,55.10037,25.1373,13,163.07,11.22
373500.0,2875500.0,55.73612,25.99282,13,138.95,1595.14
162500.0,2737500.0,53.66432,24.71499,13,5.06,3107.51
278500.0,2837500.0,54.79377,25.63853,13,77.28,11086.69
231500.0,2793500.0,54.33475,25.2338,13,127.85,36037.71
172500.0,2843500.0,53.73764,25.67288,13,43.7,260828.14
252500.0,2744500.0,54.55184,24.7953,13,34.67,848.53
175500.0,2834500.0,53.76967,25.5924,13,90.69,14028.91
247500.0,2775500.0,54.49677,25.07418,13,53.87,3.74
233500.0,2886500.0,54.33601,26.07307,13,56.85,15496.46
296500.0,2843500.0,54.97205,25.69527,13,101.1,994766.27
299500.0,2899500.0,54.99338,26.20105,13,14.74,2208.06
311500.0,2786500.0,55.12943,25.18281,13,105.86,1340.71
338500.0,2818500.0,55.39346,25.47482,13,93.17,7.79
335500.0,2858500.0,55.3587,25.83556,13,122.17,6564.33
338500.0,2850500.0,55.38959,25.76368,13,12.02,7.96
400500.0,2891500.0,56.00463,26.13938,13,10.48,25829.2
241500.0,2783500.0,54.43583,25.14534,13,136.94,6830.73
290500.0,2797500.0,54.91945,25.2793,13,179.53,4410.87
271500.0,2806500.0,54.72936,25.35774,13,3.77,2607.41
375500.0,2850500.0,55.75846,25.76729,13,51.52,8152.13
338500.0,2860500.0,55.38837,25.85395,13,127.5,91893.6
398500.0,2896500.0,55.98423,26.18438,13,111.07,990592.17
221500.0,2745500.0,54.24527,24.79899,13,134.11,2342.9
243500.0,2765500.0,54.45901,24.98328,13,64.38,1953.69
275500.0,2809500.0,54.76859,25.38541,13,46.35,1088.3
287500.0,2780500.0,54.89232,25.12546,13,179.0,285.66
329500.0,2835500.0,55.3018,25.62727,13,103.33,1444.06
366500.0,2881500.0,55.66559,26.04635,13,121.79,5703.94
240500.0,2815500.0,54.41981,25.43386,13,96.47,446195.86
301500.0,2823500.0,55.02482,25.51546,13,177.34,2613.16
296500.0,2796500.0,54.97916,25.27111,13,4.2,10978.73
257500.0,2796500.0,54.59212,25.2653,13,179.46,40363.59
374500.0,2875500.0,55.74611,25.9929,13,136.32,66549.33
210500.0,2710500.0,54.14376,24.48124,13,82.46,4797.88
214500.0,2736500.0,54.17793,24.71652,13,44.05,4909.78
256500.0,2768500.0,54.58717,25.0125,13,113.37,1860.61
294500.0,2798500.0,54.959,25.28888,13,84.83,12433.38
365500.0,2860500.0,55.65774,25.85669,13,140.19,21513.98
295500.0,2786500.0,54.97073,25.18072,12,131.05,7245.5
277500.0,2793500.0,54.79107,25.24133,12,145.65,84307.16
267500.0,2817500.0,54.68774,25.45637,12,127.29,21.73
253500.0,2839500.0,54.54456,25.6526,12,72.59,21908.1
254500.0,2839500.0,54.55452,25.65277,12,72.85,30730.6
322500.0,2813500.0,55.23502,25.42786,12,130.89,85.15
318500.0,2825500.0,55.19364,25.53569,12,97.14,19.12
308500.0,2841500.0,55.09187,25.67884,12,15.52,166261.07
372500.0,2883500.0,55.72535,26.06495,12,42.44,776.93
442500.0,2808500.0,56.42836,25.3922,12,15.89,5.71
259500.0,2733500.0,54.62292,24.69715,12,81.95,1068.15
313500.0,2809500.0,55.14611,25.39066,12,122.29,7.46
301500.0,2810500.0,55.02674,25.39813,12,178.01,5.51
352500.0,2845500.0,55.52971,25.72002,12,44.66,29.96
449500.0,2803500.0,56.49814,25.34731,12,129.61,8.92
247500.0,2752500.0,54.50097,24.86666,12,37.05,6.7
229500.0,2814500.0,54.31073,25.42287,12,71.54,16241.19
284500.0,2882500.0,54.84616,26.04548,12,2.52,72.73
224500.0,2748500.0,54.27432,24.8266,12,177.16,3.47
304500.0,2780500.0,55.06085,25.12776,12,110.74,3523.77
336500.0,2805500.0,55.37515,25.35725,12,76.02,1.89
186500.0,2859500.0,53.87315,25.82019,12,20.68,7746.42
248500.0,2774500.0,54.50686,25.06532,12,98.44,743.89
271500.0,2796500.0,54.73104,25.2675,12,40.4,36.08
334500.0,2818500.0,55.35369,25.47438,12,86.91,1127.83
322500.0,2805500.0,55.23607,25.35565,12,126.03,1.46
327500.0,2817500.0,55.28421,25.46456,12,168.53,113.21
337500.0,2853500.0,55.37926,25.79065,12,119.97,7818.3
344500.0,2877500.0,55.44622,26.00805,12,94.72,2072.21
385500.0,2899500.0,55.85389,26.21049,12,47.25,527.36
167500.0,2769500.0,53.70603,25.0046,12,121.86,8.51
247500.0,2847500.0,54.48333,25.72376,12,16.5,1491.21
229500.0,2831500.0,54.30732,25.57622,12,46.94,186.69
277500.0,2784500.0,54.79254,25.16011,12,68.31,208239.02
278500.0,2783500.0,54.80262,25.15124,12,66.52,7982.8
283500.0,2789500.0,54.85124,25.20611,12,92.91,2304.24
293500.0,2873500.0,54.93748,25.96558,12,155.5,224781.64
285500.0,2892500.0,54.8545,26.13587,12,82.52,40373.64
286500.0,2892500.0,54.8645,26.13602,12,83.72,259933.71
278500.0,2894500.0,54.78418,26.15285,12,83.33,56078.31
289500.0,2895500.0,54.894,26.16353,12,90.41,6685.01
366500.0,2874500.0,55.6663,25.98316,12,130.44,119440.31
402500.0,2908500.0,56.02335,26.293,12,53.3,8554.07
230500.0,2851500.0,54.31322,25.75681,12,152.98,1411.36
266500.0,2808500.0,54.67936,25.37501,12,4.22,14.87
449500.0,2787500.0,56.49873,25.20282,12,51.98,3.93
171500.0,2758500.0,53.74821,24.90629,12,39.57,1261.78
185500.0,2847500.0,53.86603,25.71178,12,31.62,7531.95
235500.0,2754500.0,54.38192,24.88267,12,18.47,9842.98
236500.0,2754500.0,54.39181,24.88284,12,140.01,24247.2
240500.0,2836500.0,54.41575,25.6233,12,139.4,18.1
265500.0,2843500.0,54.66331,25.69065,12,81.8,74431.07
265500.0,2823500.0,54.66682,25.5102,12,30.94,8277.99
266500.0,2823500.0,54.67676,25.51035,12,30.95,1486.69
322500.0,2817500.0,55.23449,25.46397,12,64.8,1.92
327500.0,2844500.0,55.28073,25.70827,12,121.97,2708.35
346500.0,2869500.0,55.46713,25.93605,12,23.56,5.99
322500.0,2889500.0,55.22484,26.11383,12,78.48,26532.14
447500.0,2805500.0,56.47818,25.3653,12,175.79,295.44
181500.0,2850500.0,53.8255,25.73797,12,38.15,21535.5
295500.0,2823500.0,54.96515,25.51464,12,131.89,7.97
311500.0,2798500.0,55.12777,25.29112,12,144.08,1.41
312500.0,2798500.0,55.1377,25.29125,12,66.41,2.81
329500.0,2855500.0,55.29924,25.80779,12,122.94,175.72
317500.0,2853500.0,55.17986,25.78829,12,16.88,65970.45
353500.0,2855500.0,55.53857,25.81039,12,57.5,401.53
357500.0,2855500.0,55.57847,25.81079,12,132.01,177.44
261500.0,2760500.0,54.63806,24.9411,12,1.58,720.93
275500.0,2837500.0,54.76391,25.63807,12,114.67,1.08
260500.0,2853500.0,54.61172,25.78007,12,121.07,98.22
324500.0,2828500.0,55.25294,25.5635,12,25.87,3.24
319500.0,2826500.0,55.20345,25.54484,12,139.04,1.88
174500.0,2747500.0,53.78044,24.80775,12,130.4,15.13
188500.0,2916500.0,53.87947,26.33455,12,174.68,9093.68
243500.0,2718500.0,54.46763,24.55923,12,54.43,505.23
203500.0,2743500.0,54.06782,24.77757,12,44.69,809.96
201500.0,2774500.0,54.0414,25.05677,12,90.68,31544.44
234500.0,2817500.0,54.35981,25.45084,12,110.89,21358.49
199500.0,2862500.0,54.00198,25.84998,12,9.9,4745.45
225500.0,2900500.0,54.25316,26.19784,12,144.54,113391.6
249500.0,2917500.0,54.48983,26.35558,12,89.37,20316.15
262500.0,2785500.0,54.64365,25.16684,12,62.55,1862.77
340500.0,2847500.0,55.40989,25.73682,12,103.02,390644.82
307500.0,2876500.0,55.07681,25.99458,12,104.31,516.49
377500.0,2864500.0,55.77711,25.89386,12,15.07,14.06
376500.0,2864500.0,55.76712,25.89377,12,123.17,95.3
385500.0,2907500.0,55.85318,26.28271,12,107.56,12203.02
176500.0,2739500.0,53.80205,24.73603,12,83.5,204.87
205500.0,2739500.0,54.08842,24.74188,12,138.9,71.82
203500.0,2774500.0,54.0612,25.05717,12,83.23,5200.39
293500.0,2831500.0,54.94403,25.58656,12,104.16,37615.23
259500.0,2839500.0,54.60429,25.65359,12,160.37,845.83
187500.0,2733500.0,53.912,24.6842,12,178.2,998.95
227500.0,2802500.0,54.29328,25.31426,12,133.5,210.19
231500.0,2801500.0,54.33318,25.30597,12,157.81,871.85
249500.0,2738500.0,54.52326,24.74067,12,77.82,2.14
278500.0,2838500.0,54.79361,25.64755,12,84.88,24996.33
297500.0,2832500.0,54.98368,25.59614,12,151.96,1674.81
279500.0,2838500.0,54.80356,25.6477,12,82.81,7274.62
363500.0,2899500.0,55.63372,26.20856,12,36.05,73.31
164500.0,2749500.0,53.68118,24.82362,12,103.86,16.28
195500.0,2752500.0,53.98683,24.85717,12,42.66,1419.06
173500.0,2920500.0,53.72837,26.36726,12,68.73,574.89
243500.0,2720500.0,54.46727,24.57727,12,61.58,110.92
230500.0,2746500.0,54.33402,24.80962,12,132.96,3890.51
219500.0,2808500.0,54.21265,25.3669,12,101.98,10318.64
242500.0,2801500.0,54.44234,25.3079,12,101.22,406900.73
268500.0,2771500.0,54.7055,25.04145,12,70.28,1634.92
324500.0,2854500.0,55.24951,25.79817,12,34.33,8.98
410500.0,2912500.0,56.1032,26.32963,12,35.61,143.58
189500.0,2756500.0,53.92663,24.89203,12,130.67,15823.68
254500.0,2772500.0,54.56665,25.04826,12,171.45,419.8
294500.0,2834500.0,54.95352,25.61377,12,117.11,2679.82
181500.0,2774500.0,53.8434,25.05269,12,29.26,11600.76
189500.0,2817500.0,53.9128,25.44212,12,47.74,6105.4
237500.0,2855500.0,54.38215,25.79417,12,147.68,3871.2
280500.0,2772500.0,54.8242,25.05226,12,174.88,6877.29
295500.0,2778500.0,54.97192,25.10852,12,41.62,830.87
249500.0,2795500.0,54.51293,25.25496,12,68.89,71293.81
301500.0,2819500.0,55.02541,25.47936,12,179.01,205.37
328500.0,2836500.0,55.29172,25.63618,12,52.52,441.12
359500.0,2894500.0,55.59423,26.16304,12,152.23,148766.5
179500.0,2774500.0,53.8236,25.05227,12,113.58,7744.49
237500.0,2738500.0,54.40471,24.73866,12,96.42,655412.84
242500.0,2799500.0,54.44272,25.28986,12,68.0,3820.36
261500.0,2755500.0,54.63892,24.89599,12,30.14,1686.76
281500.0,2843500.0,54.82265,25.69312,12,90.75,22621.92
250500.0,2833500.0,54.51582,25.59796,12,150.87,1824.54
291500.0,2834500.0,54.92366,25.61335,12,157.68,66496.56
324500.0,2813500.0,55.2549,25.4281,12,103.18,1.41
322500.0,2800500.0,55.23672,25.31052,12,57.46,1371.49
322500.0,2795500.0,55.23737,25.26539,12,150.88,22326.12
299500.0,2813500.0,55.00642,25.42494,12,110.75,1669.39
334500.0,2837500.0,55.35134,25.64589,12,76.15,651.88
304500.0,2889500.0,55.0449,26.1115,12,22.26,368.11
354500.0,2873500.0,55.54656,25.97298,12,34.27,53321.24
383500.0,2882500.0,55.83539,26.05685,12,105.81,79.27
446500.0,2795500.0,56.46864,25.27496,12,102.04,19.8
187500.0,2904500.0,53.87236,26.22614,12,65.67,27168.42
208500.0,2821500.0,54.10065,25.48204,12,79.71,8320.21
221500.0,2901500.0,54.21295,26.20609,12,51.11,144.36
273500.0,2818500.0,54.74721,25.46632,12,133.45,22563.25
292500.0,2819500.0,54.93593,25.47813,12,25.6,23264.76
249500.0,2847500.0,54.50324,25.7241,12,144.71,79919.09
347500.0,2817500.0,55.48308,25.46675,12,47.65,7.7
180500.0,2767500.0,53.83512,24.98936,12,66.14,16061.06
235500.0,2862500.0,54.36082,25.85695,12,47.98,24312.63
286500.0,2782500.0,54.88209,25.14337,12,59.85,7041.67
329500.0,2806500.0,55.30548,25.3655,12,3.69,32.27
318500.0,2820500.0,55.19432,25.49056,12,147.13,2.44
246500.0,2715500.0,54.49776,24.53265,12,46.65,2.57
212500.0,2803500.0,54.14422,25.32047,12,77.28,161.22
222500.0,2814500.0,54.2412,25.42159,12,16.26,3378.14
243500.0,2864500.0,54.44019,25.87642,12,64.24,402.07
239500.0,2920500.0,54.38909,26.38085,12,86.51,10400.35
265500.0,2790500.0,54.67253,25.21243,12,174.18,7.86
318500.0,2810500.0,55.19566,25.4003,12,121.35,657.79
302500.0,2885500.0,55.02552,26.07513,12,33.96,292.49
446500.0,2797500.0,56.46856,25.29302,12,55.01,5.44
189500.0,2777500.0,53.92192,25.08141,12,91.16,3251.77
198500.0,2719500.0,54.02358,24.56013,12,87.42,6.29
200500.0,2819500.0,54.0216,25.46241,12,119.88,67060.47
270500.0,2775500.0,54.72464,25.07785,12,84.63,4706.41
271500.0,2775500.0,54.73455,25.078,12,84.42,10289.19
255500.0,2777500.0,54.57567,25.09354,12,51.19,1192.46
319500.0,2820500.0,55.20426,25.49069,12,107.54,2.19
333500.0,2855500.0,55.33912,25.80825,12,33.4,19114.97
166500.0,2743500.0,53.70237,24.76996,12,78.75,68035.98
228500.0,2729500.0,54.31754,24.6559,12,37.42,5.66
210500.0,2849500.0,54.11446,25.73496,12,74.92,549303.49
248500.0,2883500.0,54.48641,26.04869,12,82.37,1905683.52
265500.0,2815500.0,54.66821,25.43801,12,37.84,2625.93
273500.0,2852500.0,54.74145,25.77312,12,98.26,4024.15
321500.0,2812500.0,55.22521,25.41872,12,92.35,7969.25
305500.0,2820500.0,55.06504,25.48891,12,58.47,83668.97
308500.0,2796500.0,55.09827,25.27269,12,150.85,81960.45
302500.0,2808500.0,55.03696,25.38021,12,122.14,2.17
330500.0,2811500.0,55.31479,25.41074,12,41.58,2.49
329500.0,2830500.0,55.30244,25.58213,12,48.6,5.64
369500.0,2858500.0,55.69785,25.83899,12,1.68,1680.19
369500.0,2867500.0,55.69696,25.92024,12,44.51,433.58
367500.0,2881500.0,55.67558,26.04645,12,131.87,1251358.53
445500.0,2793500.0,56.45879,25.25686,12,91.01,53.36
186500.0,2761500.0,53.89584,24.93651,12,144.02,70.52
183500.0,2861500.0,53.84278,25.83758,12,99.91,3184.58
211500.0,2712500.0,54.15321,24.49947,12,2.82,56031.48
211500.0,2713500.0,54.15301,24.50849,12,2.88,259122.38
267500.0,2820500.0,54.68723,25.48344,12,95.54,4760.73
254500.0,2822500.0,54.55763,25.49939,12,78.51,1162.45
353500.0,2846500.0,55.53957,25.72915,12,56.6,10.23
356500.0,2844500.0,55.56968,25.71139,12,137.02,21727.66
173500.0,2757500.0,53.76822,24.8977,12,86.51,11885.82
200500.0,2871500.0,54.00991,25.93134,12,159.79,239.3
183500.0,2773500.0,53.86342,25.04409,12,149.3,4087.8
195500.0,2879500.0,53.95819,26.00244,12,112.65,15124.75
203500.0,2870500.0,54.04005,25.92294,12,162.0,5690.45
206500.0,2860500.0,54.07219,25.83337,12,63.73,24109.0
233500.0,2904500.0,54.33232,26.23543,12,78.73,1834.07
257500.0,2821500.0,54.58764,25.49086,12,117.68,1173735.41
253500.0,2864500.0,54.53992,25.87815,12,23.16,5146.98
266500.0,2883500.0,54.66619,26.05171,12,80.31,752.44
310500.0,2780500.0,55.12034,25.12853,12,137.89,416.1
319500.0,2872500.0,55.1972,25.96002,12,132.88,122947.2
173500.0,2772500.0,53.76468,25.03295,12,160.0,2520.42
190500.0,2807500.0,53.92502,25.35215,12,123.44,226990.85
204500.0,2862500.0,54.05182,25.851,12,64.3,6219.51
234500.0,2878500.0,54.34762,26.00109,12,174.63,11496.98
236500.0,2903500.0,54.36253,26.22696,12,73.21,2310.29
260500.0,2823500.0,54.61711,25.5094,12,117.73,154994.36
253500.0,2865500.0,54.53973,25.88717,12,111.93,1135.57
258500.0,2898500.0,54.5835,26.18572,12,82.7,77921.87
319500.0,2798500.0,55.2072,25.29211,12,35.96,34.92
319500.0,2803500.0,55.20653,25.33724,12,161.78,21.71
340500.0,2828500.0,55.41216,25.56531,12,120.24,281.51
319500.0,2848500.0,55.20048,25.74341,12,28.9,42.09
367500.0,2870500.0,55.67669,25.94714,12,51.12,357.96
361500.0,2891500.0,55.61456,26.13615,12,164.77,1798.02
379500.0,2880500.0,55.7956,26.03847,12,174.62,34.87
369500.0,2893500.0,55.69436,26.15496,12,175.97,30.06
398500.0,2918500.0,55.9825,26.383,12,65.67,3.49
444500.0,2800500.0,56.44857,25.32004,12,89.06,3721.01
401500.0,2873500.0,56.01599,25.97693,12,0.38,23.72
286500.0,2798500.0,54.87959,25.28776,12,115.72,8084.7
286500.0,2886500.0,54.86548,26.08187,12,98.32,2062.26
312500.0,2783500.0,55.13976,25.15586,12,28.58,32.14
307500.0,2812500.0,55.08607,25.41697,12,48.12,66216.35
301500.0,2808500.0,55.02703,25.38008,12,78.09,26.19
322500.0,2873500.0,55.22701,25.96942,12,31.32,19776.37
307500.0,2872500.0,55.07739,25.95848,12,102.95,423.96
309500.0,2867500.0,55.09808,25.91362,12,107.91,78.39
300500.0,2899500.0,55.00338,26.20119,12,96.1,366.7
316500.0,2909500.0,55.16202,26.29357,12,99.07,42296.98
243500.0,2724500.0,54.46654,24.61336,12,114.66,25.36
201500.0,2777500.0,54.04075,25.08383,12,84.48,2325.05
269500.0,2773500.0,54.71507,25.05965,12,173.83,1905.87
275500.0,2841500.0,54.76323,25.67417,12,71.71,76.8
270500.0,2837500.0,54.71414,25.6373,12,76.82,36.57
281500.0,2914500.0,54.8108,26.33377,12,83.93,780.23
300500.0,2896500.0,55.00384,26.17412,12,12.83,254.71
300500.0,2900500.0,55.00323,26.21022,12,108.69,205.62
355500.0,2857500.0,55.5583,25.82865,12,132.56,1656.8
403500.0,2904500.0,56.03367,26.25695,12,133.89,97825.7
166500.0,2714500.0,53.70924,24.50848,12,107.58,7895.34
170500.0,2817500.0,53.72413,25.43802,12,148.63,20790.57
226500.0,2784500.0,54.28697,25.15171,12,92.81,8004.85
221500.0,2864500.0,54.22084,25.87238,12,149.43,158482.34
313500.0,2802500.0,55.14708,25.32748,12,74.3,766.95
315500.0,2835500.0,55.16242,25.62558,12,75.56,102.5
345500.0,2864500.0,55.45774,25.89081,12,136.99,162432.51
171500.0,2742500.0,53.75198,24.76202,12,85.22,258.11
193500.0,2913500.0,53.93021,26.30859,12,169.12,125.95
233500.0,2902500.0,54.33273,26.21739,12,79.71,27178.97
264500.0,2788500.0,54.66296,25.19423,12,156.84,5774.88
272500.0,2801500.0,54.74013,25.31277,12,46.28,189483.24
258500.0,2883500.0,54.58628,26.0504,12,96.74,34988.57
326500.0,2835500.0,55.27193,25.62692,12,60.09,23357.1
315500.0,2876500.0,55.1567,25.99562,12,96.07,311110.49
389500.0,2866500.0,55.89671,25.91287,12,119.41,40273.77
376500.0,2876500.0,55.766,26.0021,12,43.23,11732.83
402500.0,2915500.0,56.02282,26.35619,12,40.62,94.43
409500.0,2908500.0,56.09346,26.29346,12,115.05,398515.35
182500.0,2891500.0,53.82556,26.10784,12,52.97,1420035.8
241500.0,2776500.0,54.43715,25.08219,12,155.33,13228.65
247500.0,2733500.0,54.5044,24.69523,12,31.7,872.43
342500.0,2852500.0,55.42923,25.78217,12,137.64,18498.88
346500.0,2853500.0,55.469,25.79162,12,122.81,25524.35
171500.0,2740500.0,53.75245,24.74399,12,152.05,24.95
192500.0,2750500.0,53.95762,24.83853,12,51.83,12552.29
168500.0,2774500.0,53.71472,25.0499,12,158.17,45.48
203500.0,2712500.0,54.07435,24.49796,12,176.42,25470.09
251500.0,2773500.0,54.53676,25.0568,12,16.42,31760.06
288500.0,2817500.0,54.89647,25.45951,12,108.01,27234.55
255500.0,2840500.0,54.56429,25.66196,12,159.5,86.56
302500.0,2794500.0,55.039,25.25386,12,170.24,20844.85
367500.0,2873500.0,55.67639,25.97423,12,47.43,12609.76
395500.0,2893500.0,55.95445,26.15708,12,168.45,3657.48
197500.0,2811500.0,53.9936,25.38966,12,62.21,3458.72
217500.0,2812500.0,54.19196,25.4026,12,81.12,4195.39
213500.0,2815500.0,54.1516,25.4289,12,73.07,267953.06
212500.0,2816500.0,54.14146,25.43772,12,73.28,1158094.87
226500.0,2853500.0,54.27296,25.77411,12,58.03,386985.01
254500.0,2800500.0,54.56163,25.3009,12,149.81,25656.92
270500.0,2836500.0,54.71431,25.62828,12,38.28,37044.03
271500.0,2836500.0,54.72426,25.62844,12,38.69,58610.43
250500.0,2842500.0,54.51414,25.67916,12,74.7,94728.16
339500.0,2851500.0,55.39944,25.77282,12,33.4,440.77
187500.0,2823500.0,53.89155,25.4958,12,66.2,246200.4
200500.0,2741500.0,54.03862,24.75895,12,84.84,154.19
219500.0,2860500.0,54.20175,25.83592,12,60.68,23984.27
279500.0,2767500.0,54.8151,25.00699,12,20.89,3188.61
307500.0,2780500.0,55.0906,25.12815,12,109.44,3067.02
304500.0,2838500.0,55.05247,25.65124,12,95.38,198207.42
348500.0,2857500.0,55.48848,25.82794,12,110.65,21098.0
305500.0,2911500.0,55.05159,26.31017,12,81.57,12112.96
374500.0,2879500.0,55.74573,26.02902,12,140.45,227.52
170500.0,2710500.0,53.74958,24.47327,12,165.63,8.92
241500.0,2779500.0,54.43658,25.10925,12,33.48,12025.49
243500.0,2843500.0,54.44426,25.68698,12,65.8,1803.39
234500.0,2880500.0,54.34722,26.01913,12,89.23,69652.16
213500.0,2909500.0,54.1312,26.27666,12,67.09,11624.77
251500.0,2817500.0,54.52873,25.45378,12,117.61,61072.58
285500.0,2894500.0,54.85417,26.15391,12,81.98,587067.3
340500.0,2826500.0,55.4124,25.54726,12,45.08,1257.98
309500.0,2874500.0,55.09707,25.97679,12,6.93,4653.28
342500.0,2894500.0,55.42419,26.16128,12,98.97,266.89
356500.0,2879500.0,55.56587,26.02734,12,91.95,28984.58
378500.0,2912500.0,55.78261,26.32727,12,128.39,366108.5
401500.0,2889500.0,56.01478,26.12139,12,137.29,12273.04
299500.0,2824500.0,55.00478,25.52421,12,15.31,5533.61
179500.0,2771500.0,53.8243,25.02522,12,49.05,38030.74
180500.0,2860500.0,53.81314,25.82791,12,93.64,621564.54
229500.0,2907500.0,54.29169,26.26173,12,68.22,21003.61
289500.0,2851500.0,54.90106,25.76648,12,51.04,823939.11
187500.0,2855500.0,53.88406,25.78434,12,122.27,28633.26
215500.0,2804500.0,54.17378,25.33007,12,62.93,8375.08
237500.0,2846500.0,54.38393,25.71298,12,69.34,58785.88
228500.0,2854500.0,54.29268,25.7835,12,148.9,13789.04
287500.0,2841500.0,54.88273,25.67595,12,83.74,51532.08
301500.0,2796500.0,55.02879,25.27178,12,33.87,220.68
345500.0,2835500.0,55.46112,25.62903,12,153.45,25651.63
341500.0,2890500.0,55.41467,26.12507,12,83.16,22272.39
380500.0,2903500.0,55.80348,26.24619,12,60.56,11165.46
188500.0,2859500.0,53.89307,25.82062,12,58.17,87779.91
188500.0,2858500.0,53.89331,25.8116,12,57.38,31381.94
257500.0,2764500.0,54.59777,24.97656,12,26.9,241196.24
352500.0,2853500.0,55.52882,25.79224,12,135.44,1551.61
185500.0,2735500.0,53.89181,24.70183,12,80.8,3108.46
186500.0,2890500.0,53.86575,26.0997,12,61.48,25458.85
204500.0,2745500.0,54.07728,24.7958,12,34.14,278449.32
240500.0,2768500.0,54.42875,25.00984,12,57.2,67152.41
221500.0,2807500.0,54.23271,25.35826,12,38.1,295513.85
206500.0,2814500.0,54.0823,25.41851,12,84.33,218976.87
220500.0,2807500.0,54.22279,25.35807,12,39.16,312332.61
229500.0,2885500.0,54.29627,26.0633,12,75.59,837.27
212500.0,2900500.0,54.1232,26.1953,12,57.73,130843.32
281500.0,2824500.0,54.82576,25.52167,12,158.16,12818.38
275500.0,2862500.0,54.75968,25.86366,12,44.6,477.91
324500.0,2812500.0,55.25503,25.41908,12,49.05,25848.94
316500.0,2845500.0,55.171,25.71596,12,104.19,117083.19
337500.0,2913500.0,55.37179,26.33222,12,98.84,469864.65
390500.0,2904500.0,55.9035,26.25602,12,148.43,31506.29
441500.0,2832500.0,56.41738,25.60888,12,29.3,1202.88
443500.0,2868500.0,56.43576,25.93403,12,86.75,401.81
404500.0,2880500.0,56.04544,26.04034,12,76.57,3.51
181500.0,2767500.0,53.84501,24.98957,12,51.92,8.82
186500.0,2748500.0,53.89877,24.81927,12,59.73,16348.68
247500.0,2813500.0,54.48973,25.41702,12,6.26,448.91
263500.0,2821500.0,54.64729,25.49183,12,110.51,9571.85
253500.0,2841500.0,54.54419,25.67064,12,148.99,23636.7
219500.0,2750500.0,54.2245,24.84373,12,74.31,2974.75
220500.0,2749500.0,54.23458,24.83489,12,76.04,17421.16
225500.0,2780500.0,54.27786,25.11544,12,58.48,66057.33
216500.0,2817500.0,54.18098,25.44751,12,77.21,1246380.23
252500.0,2742500.0,54.55219,24.77725,12,66.26,73112.38
260500.0,2755500.0,54.62903,24.89583,12,42.86,21090.48
280500.0,2789500.0,54.82148,25.20568,12,114.29,6414.05
279500.0,2814500.0,54.8075,25.43113,12,64.32,80.88
326500.0,2829500.0,55.27271,25.57276,12,17.44,10595.2
302500.0,2842500.0,55.03196,25.68707,12,15.89,102.62
305500.0,2886500.0,55.05535,26.08456,12,13.85,2681.97
257500.0,2768500.0,54.59707,25.01266,12,94.68,1.32
283500.0,2818500.0,54.84661,25.46782,12,174.0,35186.99
274500.0,2828500.0,54.75547,25.55671,12,177.13,10427.77
272500.0,2840500.0,54.73353,25.66468,12,71.02,749.94
229500.0,2757500.0,54.322,24.90868,12,21.26,32563.56
258500.0,2755500.0,54.60924,24.89551,12,38.34,247491.71
429500.0,2918500.0,56.29324,26.38487,12,124.0,105264.58
413500.0,2918500.0,56.13285,26.38399,12,121.26,200367.73
263500.0,2764500.0,54.65717,24.97751,12,133.08,45462.73
267500.0,2768500.0,54.6961,25.01422,12,130.75,15193.48
281500.0,2780500.0,54.83284,25.1246,12,168.12,4614.35
273500.0,2795500.0,54.75105,25.25878,12,80.81,85.87
289500.0,2840500.0,54.9028,25.66721,12,100.24,4691.83
327500.0,2843500.0,55.28086,25.69924,12,95.71,1611.13
346500.0,2842500.0,55.47027,25.69232,12,48.04,50.4
329500.0,2847500.0,55.30027,25.73558,12,32.59,124.63
393500.0,2896500.0,55.9342,26.18402,12,148.5,3302.17
394500.0,2897500.0,55.94412,26.19312,12,147.41,25637.31
175500.0,2754500.0,53.78869,24.87108,12,65.56,3531.48
239500.0,2814500.0,54.41007,25.42466,12,93.43,4529.06
262500.0,2761500.0,54.64779,24.95028,12,155.29,5.79
382500.0,2875500.0,55.82603,25.99358,12,172.79,20.69
448500.0,2738500.0,56.49063,24.76028,12,1.57,77.4
232500.0,2857500.0,54.33193,25.8113,12,58.72,8499.64
253500.0,2781500.0,54.55513,25.12931,12,137.09,5186.24
259500.0,2821500.0,54.60752,25.49119,12,110.96,9932.35
311500.0,2804500.0,55.12694,25.34528,12,66.22,74.49
306500.0,2805500.0,55.07713,25.35366,12,76.06,18827.18
323500.0,2827500.0,55.24312,25.55435,12,12.7,2621.81
391500.0,2883500.0,55.91527,26.0665,12,46.13,783.41
392500.0,2883500.0,55.92527,26.06658,12,42.23,6133.32
236500.0,2850500.0,54.37318,25.74888,12,61.48,18262.55
171500.0,2833500.0,53.73015,25.5825,12,146.44,17417.53
170500.0,2832500.0,53.72045,25.57326,12,56.53,4178.93
196500.0,2908500.0,53.9614,26.26414,12,56.41,95524.76
232500.0,2887500.0,54.32582,26.0819,12,56.78,20928.32
239500.0,2881500.0,54.39694,26.02906,12,82.25,5699.65
265500.0,2811500.0,54.66891,25.40192,12,148.79,992847.31
277500.0,2896500.0,54.77384,26.17074,12,88.11,65522.47
398500.0,2873500.0,55.98602,25.97673,12,143.11,2.6
393500.0,2886500.0,55.93502,26.09374,12,121.72,1086.17
400500.0,2893500.0,56.00447,26.15743,12,13.4,148940.35
422500.0,2915500.0,56.22325,26.35742,12,139.19,1448.31
183500.0,2739500.0,53.87117,24.73749,12,100.02,35675.81
194500.0,2873500.0,53.94961,25.94813,12,68.55,87349.75
193500.0,2910500.0,53.93092,26.28154,12,57.46,10246.21
226500.0,2751500.0,54.2935,24.85402,12,171.17,4859.62
267500.0,2814500.0,54.68826,25.4293,12,101.03,189.64
277500.0,2838500.0,54.78365,25.6474,12,85.87,461880.79
260500.0,2808500.0,54.61977,25.37405,12,4.58,764.49
282500.0,2798500.0,54.83989,25.28719,12,40.09,27360.69
311500.0,2811500.0,55.12596,25.40846,12,50.08,2430.63
354500.0,2894500.0,55.54422,26.16254,12,164.97,1993.28
270500.0,2818500.0,54.71739,25.46586,12,161.3,183.76
246500.0,2780500.0,54.48594,25.11912,12,134.78,735.73
300500.0,2783500.0,55.02076,25.15431,12,83.93,83.92
360500.0,2871500.0,55.60669,25.95552,12,40.05,30759.28
376500.0,2906500.0,55.76315,26.27293,12,103.04,3519.43
270500.0,2786500.0,54.7228,25.17711,12,58.55,48490.74
309500.0,2787500.0,55.10945,25.19158,12,62.34,12645.46
302500.0,2802500.0,55.03784,25.32606,12,68.59,271161.0
312500.0,2811500.0,55.1359,25.40858,12,130.25,242.42
201500.0,2742500.0,54.04828,24.76816,12,123.24,3145.22
306500.0,2814500.0,55.07585,25.43489,12,55.49,1732.28
295500.0,2782500.0,54.97133,25.14462,12,36.36,14776.02
296500.0,2782500.0,54.98124,25.14475,12,41.38,341.88
346500.0,2877500.0,55.4662,26.00826,12,106.82,10150.26
221500.0,2774500.0,54.23944,25.06059,12,73.53,45289.97
201500.0,2836500.0,54.02776,25.61592,12,176.39,58895.53
200500.0,2836500.0,54.01781,25.61572,12,176.59,15530.25
255500.0,2772500.0,54.57656,25.04843,12,25.63,37086.5
267500.0,2775500.0,54.69492,25.07739,12,87.11,256782.06
306500.0,2857500.0,55.06961,25.82298,12,55.98,23.99
303500.0,2852500.0,55.04044,25.77745,12,80.99,75638.31
288500.0,2816500.0,54.89663,25.45049,12,109.71,1676.59
377500.0,2861500.0,55.77738,25.86677,12,120.59,332008.25
445500.0,2777500.0,56.45943,25.11237,12,75.25,13434.93
339500.0,2871500.0,55.39701,25.95335,12,114.57,1646.78
308500.0,2873500.0,55.08723,25.96764,12,6.02,339.26
365500.0,2844500.0,55.65937,25.71224,12,37.6,4167.02
440500.0,2812500.0,56.4083,25.42825,12,48.81,590.11
176500.0,2752500.0,53.79904,24.85326,12,175.54,2836.27
234500.0,2755500.0,54.37184,24.89152,12,99.24,397.26
297500.0,2795500.0,54.98923,25.26222,12,3.66,24398.73
393500.0,2870500.0,55.93632,25.94928,12,98.96,15377.94
235500.0,2762500.0,54.38039,24.95484,12,178.01,281.28
277500.0,2790500.0,54.79156,25.21426,11,142.1,15.83
296500.0,2799500.0,54.97871,25.29818,11,178.68,11059.66
278500.0,2822500.0,54.79625,25.50317,11,32.18,7.36
301500.0,2774500.0,55.03198,25.07322,11,70.76,4.29
304500.0,2813500.0,55.05611,25.42561,11,110.43,8.09
317500.0,2819500.0,55.18451,25.48141,11,178.4,112.07
253500.0,2773500.0,54.55657,25.05712,11,179.67,6345.26
323500.0,2841500.0,55.24127,25.68072,11,36.83,3746.12
379500.0,2892500.0,55.79449,26.1468,11,140.58,1468.7
388500.0,2876500.0,55.88588,26.00308,11,102.05,3.95
169500.0,2827500.0,53.71174,25.52796,11,176.12,6721.7
291500.0,2776500.0,54.93258,25.08992,11,146.38,30.8
290500.0,2776500.0,54.92267,25.08978,11,98.31,1981.96
292500.0,2802500.0,54.93854,25.32471,11,166.08,14559.18
316500.0,2816500.0,55.17497,25.45421,11,3.94,9.64
335500.0,2805500.0,55.36521,25.35714,11,149.77,11.59
401500.0,2872500.0,56.01606,25.96791,11,25.88,1.67
409500.0,2910500.0,56.09332,26.31151,11,130.76,33695.92
190500.0,2861500.0,53.91253,25.83908,11,25.26,260.08
279500.0,2786500.0,54.81205,25.17846,11,40.65,8566.48
337500.0,2820500.0,55.38328,25.49277,11,18.71,2.87
330500.0,2890500.0,55.30469,26.12381,11,98.48,195.76
366500.0,2867500.0,55.66701,25.91997,11,142.98,44.81
388500.0,2891500.0,55.8846,26.1385,11,134.43,12934.87
263500.0,2839500.0,54.64411,25.65424,11,67.56,3258.21
264500.0,2839500.0,54.65406,25.6544,11,65.74,2279.47
330500.0,2818500.0,55.31391,25.47393,11,130.42,3.43
300500.0,2823500.0,55.01488,25.51532,11,171.72,2052.09
346500.0,2862500.0,55.46795,25.87286,11,45.56,156.97
448500.0,2797500.0,56.48843,25.29309,11,18.54,1.74
298500.0,2774500.0,55.00225,25.07282,11,123.54,2.84
386500.0,2909500.0,55.86301,26.30084,11,109.25,2848.97
188500.0,2762500.0,53.9154,24.94593,11,20.22,1018.05
184500.0,2848500.0,53.85584,25.72058,11,38.49,1452.57
201500.0,2727500.0,54.05147,24.63287,11,1.33,1857.28
214500.0,2722500.0,54.18077,24.59023,11,33.99,471.9
247500.0,2770500.0,54.49769,25.02907,11,117.37,790.93
216500.0,2810500.0,54.18245,25.38438,11,68.3,668.95
226500.0,2805500.0,54.28275,25.34114,11,38.12,2840.15
232500.0,2850500.0,54.33334,25.74816,11,46.27,1871.57
249500.0,2747500.0,54.52165,24.82188,11,135.84,339.86
267500.0,2843500.0,54.68323,25.69097,11,68.56,1088.31
261500.0,2879500.0,54.61698,26.01481,11,91.1,11133.02
262500.0,2879500.0,54.62696,26.01497,11,92.33,982.97
182500.0,2764500.0,53.85559,24.96273,11,124.25,4.35
234500.0,2815500.0,54.3602,25.4328,11,93.59,117391.17
282500.0,2792500.0,54.84084,25.23304,11,42.41,66833.57
277500.0,2819500.0,54.7868,25.47595,11,170.28,79200.14
330500.0,2804500.0,55.31567,25.34756,11,42.95,411.53
172500.0,2820500.0,53.74326,25.46551,11,142.99,317.28
295500.0,2783500.0,54.97118,25.15364,11,15.58,184966.01
181500.0,2737500.0,53.85187,24.71904,11,3.24,237.94
176500.0,2751500.0,53.79927,24.84424,11,85.64,124.35
175500.0,2747500.0,53.79032,24.80796,11,38.05,5301.39
178500.0,2741500.0,53.82134,24.75449,11,58.52,37.72
178500.0,2761500.0,53.81672,24.93484,11,88.28,423.1
163500.0,2771500.0,53.66597,25.02175,11,46.89,5.13
191500.0,2849500.0,53.92529,25.73109,11,15.95,3569.96
191500.0,2858500.0,53.92319,25.81224,11,153.89,12171.98
226500.0,2773500.0,54.28916,25.05248,11,69.77,103999.79
215500.0,2774500.0,54.18002,25.05947,11,88.98,603.03
231500.0,2824500.0,54.32861,25.51344,11,172.38,8.09
249500.0,2740500.0,54.5229,24.75872,11,163.82,4531.13
294500.0,2801500.0,54.95855,25.31596,11,168.76,3628.94
299500.0,2850500.0,55.00087,25.75886,11,135.76,24285.24
303500.0,2798500.0,55.04835,25.29009,11,108.69,38020.27
329500.0,2795500.0,55.30686,25.2662,11,127.01,4.48
306500.0,2874500.0,55.06712,25.9764,11,90.09,70.6
304500.0,2892500.0,55.04445,26.13857,11,82.79,190836.72
376500.0,2849500.0,55.76853,25.75835,11,153.71,1852.46
438500.0,2808500.0,56.3886,25.39204,11,119.74,2697.5
239500.0,2791500.0,54.41448,25.21717,11,48.24,7225.65
243500.0,2815500.0,54.44962,25.43438,11,10.18,3901.21
316500.0,2794500.0,55.17795,25.25564,11,62.53,2.75
172500.0,2771500.0,53.75502,25.02372,11,60.58,2.96
221500.0,2717500.0,54.25081,24.5464,11,87.5,457.77
207500.0,2744500.0,54.10713,24.78736,11,139.88,10.11
226500.0,2800500.0,54.28376,25.29604,11,139.5,343.39
217500.0,2860500.0,54.18182,25.83554,11,161.11,902.37
200500.0,2884500.0,54.00693,26.04857,11,84.91,842.03
267500.0,2774500.0,54.69508,25.06837,11,107.19,3745.74
280500.0,2838500.0,54.81352,25.64785,11,82.33,41752.83
273500.0,2858500.0,54.74042,25.82725,11,47.65,17718.51
332500.0,2817500.0,55.33392,25.46513,11,167.48,367.58
308500.0,2910500.0,55.08178,26.30155,11,79.19,742.49
351500.0,2858500.0,55.51829,25.83727,11,125.82,564.65
394500.0,2898500.0,55.94404,26.20215,11,42.1,88.39
368500.0,2882500.0,55.68547,26.05556,11,67.94,58.02
398500.0,2903500.0,55.98368,26.24758,11,46.6,247.0
169500.0,2735500.0,53.73388,24.69848,11,84.19,13635.75
197500.0,2830500.0,53.98933,25.561,11,40.82,30829.65
173500.0,2901500.0,53.73318,26.19598,11,51.02,45364.09
219500.0,2772500.0,54.22004,25.04218,11,37.81,294969.9
245500.0,2809500.0,54.47062,25.38059,11,112.79,6100.66
243500.0,2801500.0,54.45227,25.30807,11,101.36,562027.95
297500.0,2788500.0,54.99027,25.19904,11,7.0,12860.68
285500.0,2807500.0,54.86824,25.36884,11,124.87,78722.3
322500.0,2810500.0,55.23541,25.40079,11,72.53,25703.12
325500.0,2839500.0,55.26145,25.6629,11,144.52,199.12
339500.0,2861500.0,55.39823,25.86308,11,36.76,137.76
305500.0,2879500.0,55.05639,26.02139,11,16.75,30075.68
362500.0,2865500.0,55.62729,25.90154,11,137.76,257.85
375500.0,2881500.0,55.75553,26.04716,11,134.89,1602.93
380500.0,2917500.0,55.80218,26.37257,11,139.47,127889.18
246500.0,2750500.0,54.49144,24.84845,11,158.05,3142.44
220500.0,2859500.0,54.21193,25.82709,11,150.06,4016.6
174500.0,2756500.0,53.77834,24.8889,11,57.35,3491.06
167500.0,2872500.0,53.68061,25.93319,11,61.51,8301.75
235500.0,2833500.0,54.3666,25.59535,11,117.09,1394.8
289500.0,2815500.0,54.90673,25.44161,11,26.63,4416.53
304500.0,2818500.0,55.05539,25.47073,11,103.56,9687.6
337500.0,2849500.0,55.37975,25.75454,11,13.39,284.69
350500.0,2861500.0,55.50798,25.86425,11,40.04,101.81
384500.0,2887500.0,55.84494,26.10207,11,114.87,6161.75
405500.0,2896500.0,56.05427,26.18486,11,12.78,134385.36
191500.0,2733500.0,53.95148,24.68501,11,89.87,4730.49
198500.0,2712500.0,54.02506,24.49699,11,51.66,11108.66
242500.0,2710500.0,54.45922,24.48688,11,5.18,2.39
238500.0,2738500.0,54.41459,24.73884,11,96.84,37774.51
207500.0,2715500.0,54.11316,24.52578,11,95.18,3193.44
199500.0,2751500.0,54.02659,24.84894,11,39.67,40533.28
235500.0,2757500.0,54.38135,24.90974,11,138.83,169102.38
226500.0,2884500.0,54.26652,26.05372,11,80.26,28632.81
296500.0,2894500.0,54.96415,26.15551,11,78.68,6540.7
308500.0,2872500.0,55.08738,25.95861,11,99.5,207.82
412500.0,2912500.0,56.12324,26.32976,11,126.07,26156.69
173500.0,2828500.0,53.75125,25.53786,11,53.73,5745.69
199500.0,2839500.0,54.00719,25.64257,11,84.63,1688.13
254500.0,2817500.0,54.55855,25.45428,11,118.17,24250.54
276500.0,2832500.0,54.7747,25.59311,11,114.38,29838.96
252500.0,2876500.0,54.52768,25.98623,11,146.86,8787.06
263500.0,2897500.0,54.63368,26.17753,11,88.06,32443.92
251500.0,2881500.0,54.51675,26.03117,11,90.95,102115.9
260500.0,2916500.0,54.60016,26.34845,11,80.15,12961.23
372500.0,2881500.0,55.72555,26.0469,11,47.48,121.29
224500.0,2867500.0,54.25012,25.90001,11,57.91,4385.61
248500.0,2814500.0,54.49948,25.42621,11,171.85,11566.71
164500.0,2746500.0,53.6819,24.79657,11,60.91,293.02
167500.0,2891500.0,53.67578,26.10446,11,87.37,857.53
223500.0,2745500.0,54.26503,24.79935,11,46.5,1542.41
212500.0,2861500.0,54.13177,25.84358,11,65.47,596.56
240500.0,2920500.0,54.39911,26.38103,11,87.61,188118.33
276500.0,2914500.0,54.76073,26.333,11,80.8,28361.03
300500.0,2778500.0,55.02149,25.10919,11,95.77,10.91
321500.0,2807500.0,55.22587,25.37359,11,11.35,37.45
340500.0,2890500.0,55.40467,26.12496,11,102.24,2866.55
222500.0,2710500.0,54.26204,24.48343,11,30.31,5.23
226500.0,2716500.0,54.30032,24.53827,11,29.34,1430.88
236500.0,2790500.0,54.38492,25.20762,11,36.45,31010.15
207500.0,2811500.0,54.09288,25.39165,11,95.67,274148.63
332500.0,2826500.0,55.3328,25.54637,11,110.15,10.64
179500.0,2881500.0,53.79806,26.01702,11,148.0,11273.18
178500.0,2895500.0,53.78463,26.14302,11,143.66,10270.11
293500.0,2883500.0,54.9359,26.05582,11,10.96,25596.38
330500.0,2824500.0,55.31315,25.52809,11,41.61,5.66
173500.0,2750500.0,53.76986,24.83459,11,64.98,483.24
276500.0,2777500.0,54.78377,25.0968,11,114.02,5.54
257500.0,2898500.0,54.5735,26.18555,11,81.45,10709.27
359500.0,2865500.0,55.59735,25.90126,11,152.34,78785.6
389500.0,2874500.0,55.89604,25.9851,11,90.31,7645.26
169500.0,2856500.0,53.70456,25.7894,11,42.7,72.8
246500.0,2788500.0,54.48446,25.1913,11,99.33,102821.43
239500.0,2855500.0,54.40208,25.79452,11,54.13,15176.53
204500.0,2870500.0,54.05002,25.92314,11,159.84,2850.78
295500.0,2810500.0,54.96712,25.39732,11,71.36,10.6
255500.0,2821500.0,54.56776,25.49053,11,117.76,154878.17
286500.0,2882500.0,54.86613,26.04578,11,93.62,294483.87
297500.0,2912500.0,54.97134,26.31808,11,96.39,1.92
302500.0,2800500.0,55.03813,25.30801,11,47.58,76.84
319500.0,2797500.0,55.20733,25.28308,11,9.06,1069.71
315500.0,2834500.0,55.16256,25.61655,11,166.77,8453.87
321500.0,2827500.0,55.22322,25.55411,11,27.59,4167.05
327500.0,2825500.0,55.28318,25.53677,11,157.22,8774.67
358500.0,2864500.0,55.58747,25.89213,11,50.27,79.42
360500.0,2889500.0,55.60477,26.118,11,156.64,7925.36
448500.0,2800500.0,56.48831,25.32018,11,88.22,42723.21
446500.0,2798500.0,56.46852,25.30205,11,176.6,2.58
195500.0,2862500.0,53.96212,25.84915,11,28.19,3.44
260500.0,2784500.0,54.62399,25.1575,11,150.12,901.46
266500.0,2838500.0,54.67415,25.6457,11,174.93,13498.63
297500.0,2889500.0,54.97493,26.11053,11,76.57,64.84
274500.0,2915500.0,54.74053,26.3417,11,82.3,44952.08
309500.0,2879500.0,55.09634,26.02192,11,113.47,193.26
353500.0,2871500.0,55.53679,25.95483,11,40.63,1234.01
367500.0,2884500.0,55.67528,26.07353,11,115.32,679992.0
169500.0,2780500.0,53.72318,25.10421,11,115.81,415.78
180500.0,2856500.0,53.8141,25.79185,11,179.96,4316.1
166500.0,2872500.0,53.67064,25.93296,11,80.69,268670.95
202500.0,2777500.0,54.05065,25.08403,11,88.74,128.58
231500.0,2886500.0,54.31604,26.0727,11,70.04,11495.62
226500.0,2887500.0,54.26589,26.08078,11,73.77,37634.03
251500.0,2764500.0,54.53838,24.97559,11,62.57,320.65
248500.0,2771500.0,54.50741,25.03826,11,164.67,7895.07
284500.0,2797500.0,54.8599,25.27845,11,48.7,1912.95
271500.0,2837500.0,54.72409,25.63746,11,42.61,12.39
304500.0,2804500.0,55.05741,25.34438,11,50.65,110.64
439500.0,2793500.0,56.39921,25.25663,11,153.8,245.88
199500.0,2867500.0,54.00085,25.89507,11,33.41,8743.24
184500.0,2777500.0,53.87241,25.08037,11,81.78,28341.3
171500.0,2819500.0,53.73357,25.45628,11,149.7,19339.79
191500.0,2908500.0,53.9114,26.26308,11,70.87,35888.67
230500.0,2814500.0,54.32067,25.42306,11,94.57,259769.27
245500.0,2811500.0,54.47024,25.39863,11,45.97,202.83
201500.0,2863500.0,54.02169,25.85941,11,65.65,3994.74
200500.0,2864500.0,54.0115,25.86822,11,61.66,64723.28
274500.0,2774500.0,54.76444,25.06943,11,22.32,1789.91
277500.0,2797500.0,54.79042,25.27743,11,117.97,5.53
316500.0,2877500.0,55.16654,26.00477,11,97.36,79400.43
181500.0,2802500.0,53.83688,25.30517,11,119.23,33108.28
173500.0,2888500.0,53.73644,26.07879,11,145.94,4426.34
289500.0,2817500.0,54.90642,25.45966,11,113.41,4892.69
267500.0,2864500.0,54.67954,25.88045,11,46.18,48676.31
308500.0,2866500.0,55.08825,25.90446,11,10.97,472.44
181500.0,2754500.0,53.848,24.87234,11,79.86,2695.63
191500.0,2877500.0,53.91874,25.98356,11,154.87,2051.77
196500.0,2863500.0,53.97186,25.85837,11,89.81,314.74
225500.0,2716500.0,54.29046,24.53809,11,91.8,16714.73
335500.0,2848500.0,55.35994,25.74529,11,31.6,25.09
306500.0,2827500.0,55.07397,25.55222,11,133.83,4309.27
348500.0,2855500.0,55.48871,25.80988,11,30.67,2806.96
371500.0,2877500.0,55.71595,26.0107,11,50.79,505.22
385500.0,2881500.0,55.85547,26.04798,11,132.85,174.26
325500.0,2817500.0,55.26432,25.46432,11,64.93,13.18
183500.0,2753500.0,53.86799,24.86374,11,165.32,10.41
186500.0,2824500.0,53.88138,25.50461,11,66.45,99585.23
210500.0,2745500.0,54.13657,24.79695,11,91.03,29.4
290500.0,2813500.0,54.91698,25.4237,11,60.06,5.77
254500.0,2838500.0,54.5547,25.64375,11,136.49,19369.75
283500.0,2840500.0,54.84306,25.66634,11,16.52,298.19
332500.0,2788500.0,55.3375,25.20335,11,112.8,48.57
364500.0,2859500.0,55.64787,25.84757,11,106.08,212.2
197500.0,2872500.0,53.97976,25.93974,11,153.49,248.88
210500.0,2740500.0,54.1376,24.75185,11,43.64,5413.56
236500.0,2785500.0,54.38589,25.16251,11,31.78,27592.14
238500.0,2852500.0,54.39271,25.76728,11,64.4,696618.36
220500.0,2860500.0,54.21171,25.83611,11,63.87,10113.02
213500.0,2868500.0,54.14021,25.90691,11,63.36,21214.06
239500.0,2880500.0,54.39713,26.02004,11,87.87,96973.48
248500.0,2897500.0,54.48371,26.17499,11,83.68,145992.53
240500.0,2883500.0,54.40652,26.04728,11,59.69,367.05
240500.0,2884500.0,54.40632,26.0563,11,61.87,208.34
269500.0,2813500.0,54.7083,25.42059,11,133.6,12790.66
248500.0,2800500.0,54.50208,25.2999,11,176.08,75.65
291500.0,2840500.0,54.92272,25.6675,11,166.05,3136.65
284500.0,2894500.0,54.84417,26.15376,11,82.5,104938.75
329500.0,2821500.0,55.30359,25.5009,11,143.53,1095.79
368500.0,2870500.0,55.68668,25.94724,11,134.63,10776.98
353500.0,2897500.0,55.53387,26.18952,11,110.52,12047.55
376500.0,2881500.0,55.76552,26.04724,11,139.64,4167.54
256500.0,2784500.0,54.58434,25.15686,11,46.64,646.15
268500.0,2820500.0,54.69717,25.4836,11,96.07,15889.49
440500.0,2808500.0,56.40848,25.39212,11,11.38,3399.54
165500.0,2739500.0,53.69345,24.73368,11,88.0,91128.64
206500.0,2751500.0,54.09578,24.8503,11,145.95,1382.88
237500.0,2766500.0,54.39943,24.99128,11,152.38,2718.97
211500.0,2805500.0,54.13387,25.33832,11,65.93,193751.98
230500.0,2891500.0,54.30501,26.11761,11,58.19,644.09
245500.0,2884500.0,54.45626,26.05719,11,83.8,78356.3
228500.0,2892500.0,54.28482,26.12625,11,148.49,49.18
228500.0,2907500.0,54.28168,26.26155,11,67.37,11610.53
229500.0,2906500.0,54.2919,26.25272,11,67.54,10171.53
296500.0,2811500.0,54.97691,25.40648,11,156.63,10115.09
305500.0,2901500.0,55.0531,26.21993,11,12.2,901.02
305500.0,2909500.0,55.0519,26.29212,11,15.21,996.85
447500.0,2798500.0,56.47846,25.30209,11,83.5,8.32
188500.0,2856500.0,53.89378,25.79357,11,122.6,90114.65
239500.0,2854500.0,54.40228,25.7855,11,53.04,136160.33
236500.0,2857500.0,54.37179,25.81203,11,52.51,24268.52
290500.0,2787500.0,54.92099,25.18906,11,137.56,959.15
287500.0,2804500.0,54.88858,25.34205,11,149.34,24854.82
272500.0,2831500.0,54.73507,25.58347,11,111.48,9205.46
287500.0,2859500.0,54.87984,25.83838,11,56.81,149848.7
288500.0,2859500.0,54.88982,25.83853,11,56.39,34067.86
287500.0,2852500.0,54.88097,25.77522,11,46.01,4312.28
307500.0,2810500.0,55.08635,25.39892,11,3.92,2.47
308500.0,2882500.0,55.08591,26.04886,11,111.88,538.7
368500.0,2877500.0,55.68598,26.01043,11,46.21,26025.74
396500.0,2913500.0,55.96285,26.33771,11,104.83,434814.78
368500.0,2860500.0,55.68768,25.85696,11,133.49,3027.35
444500.0,2865500.0,56.44587,25.90698,11,152.43,95374.54
240500.0,2738500.0,54.43435,24.73917,11,139.58,259.55
256500.0,2841500.0,54.57406,25.67114,11,175.38,6032.02
304500.0,2843500.0,55.05173,25.69636,11,25.7,5.4
272500.0,2838500.0,54.73388,25.64664,11,84.88,63860.78
327500.0,2832500.0,55.28228,25.59995,11,17.11,7757.1
297500.0,2915500.0,54.97086,26.34515,11,19.58,3408.57
297500.0,2916500.0,54.97071,26.35418,11,110.21,161.91
333500.0,2815500.0,55.34411,25.44719,11,82.76,453.8
322500.0,2796500.0,55.23724,25.27442,11,5.24,11.89
306500.0,2886500.0,55.06534,26.08469,11,12.21,2340.2
405500.0,2879500.0,56.05551,26.03137,11,164.42,166.47
167500.0,2737500.0,53.71367,24.71608,11,2.43,591.06
275500.0,2784500.0,54.77271,25.15982,11,130.73,27338.51
279500.0,2831500.0,54.80472,25.58454,11,152.96,6343.91
344500.0,2845500.0,55.44999,25.7192,11,53.92,2217.69
304500.0,2823500.0,55.05466,25.51586,11,21.55,5293.13
361500.0,2850500.0,55.61888,25.76604,11,138.42,3798.91
351500.0,2889500.0,55.51478,26.11711,11,64.92,7767.95
397500.0,2902500.0,55.97375,26.23848,11,51.87,251.1
385500.0,2909500.0,55.853,26.30076,11,44.96,1150.0
279500.0,2802500.0,54.80946,25.32284,11,117.47,1941.37
290500.0,2840500.0,54.91276,25.66736,11,101.06,40671.36
298500.0,2892500.0,54.98446,26.13774,11,83.42,207712.83
307500.0,2894500.0,55.07415,26.15702,11,49.2,4616.19
230500.0,2755500.0,54.33228,24.89082,11,21.64,79936.09
282500.0,2780500.0,54.84275,25.12475,11,167.7,331.0
294500.0,2839500.0,54.95275,25.6589,11,114.21,7393.66
274500.0,2823500.0,54.75631,25.51159,11,51.27,3569.25
332500.0,2842500.0,55.33079,25.69079,11,146.03,45308.6
324500.0,2890500.0,55.2447,26.1231,11,84.64,71461.49
385500.0,2877500.0,55.85582,26.01187,11,130.05,2077.39
428500.0,2916500.0,56.28333,26.36676,11,127.61,1117.31
311500.0,2802500.0,55.12722,25.32723,11,69.24,3278.07
308500.0,2803500.0,55.09728,25.33587,11,103.36,172.31
374500.0,2863500.0,55.74726,25.88457,11,117.03,6898.24
360500.0,2863500.0,55.60754,25.8833,11,36.18,4823.62
257500.0,2786500.0,54.59389,25.17507,11,139.41,1461.77
296500.0,2816500.0,54.97615,25.45161,11,173.34,1348.7
283500.0,2844500.0,54.84241,25.70244,11,106.92,176064.47
307500.0,2802500.0,55.08749,25.32672,11,48.16,33.94
187500.0,2761500.0,53.90573,24.93671,11,33.79,2733.19
191500.0,2918500.0,53.909,26.35324,11,66.59,246.39
226500.0,2750500.0,54.2937,24.845,11,172.22,35479.63
400500.0,2895500.0,56.00432,26.17549,11,12.12,61924.21
173500.0,2838500.0,53.74881,25.62802,11,33.59,2386.45
190500.0,2871500.0,53.91018,25.92925,11,65.03,26217.48
295500.0,2843500.0,54.96209,25.69514,11,100.66,46272.65
312500.0,2827500.0,55.13367,25.553,11,174.46,4122.88
309500.0,2812500.0,55.10595,25.41723,11,19.6,105.19
352500.0,2861500.0,55.52793,25.86446,11,124.03,132519.5
277500.0,2841500.0,54.78315,25.67447,11,93.77,427846.46
271500.0,2816500.0,54.72767,25.44797,11,90.07,1118.89
270500.0,2796500.0,54.72112,25.26735,11,135.81,40678.61
255500.0,2812500.0,54.56939,25.40933,11,124.22,1474.49
304500.0,2833500.0,55.0532,25.60611,11,107.9,34894.25
242500.0,2809500.0,54.44083,25.38008,11,49.86,2506.09
379500.0,2906500.0,55.79318,26.27319,11,105.96,83698.92
300500.0,2787500.0,55.02018,25.19042,11,161.54,1594.57
301500.0,2780500.0,55.03111,25.12737,11,156.13,81441.1
315500.0,2801500.0,55.16708,25.3187,11,23.76,39.61
336500.0,2872500.0,55.36693,25.96204,11,83.53,229567.13
346500.0,2895500.0,55.46408,26.17074,11,109.88,624628.62
359500.0,2870500.0,55.59681,25.94639,11,29.68,9157.67
356500.0,2874500.0,55.56642,25.98221,11,31.45,835.79
377500.0,2906500.0,55.77316,26.27302,11,104.88,9477.04
174500.0,2758500.0,53.77787,24.90693,11,91.57,2237.59
304500.0,2816500.0,55.05568,25.45268,11,48.07,6257.13
162500.0,2745500.0,53.66239,24.78712,11,6.58,12654.84
257500.0,2745500.0,54.60109,24.80512,11,143.23,332.92
279500.0,2822500.0,54.8062,25.50332,11,58.71,1061.18
303500.0,2821500.0,55.04501,25.49768,11,38.04,59153.14
308500.0,2827500.0,55.09387,25.55248,11,138.41,15061.76
190500.0,2825500.0,53.92089,25.51446,11,168.07,114.17
231500.0,2878500.0,54.31768,26.00054,11,22.48,2522.65
195500.0,2864500.0,53.96166,25.86718,11,68.83,23892.82
271500.0,2843500.0,54.72306,25.6916,11,92.44,7089.05
280500.0,2816500.0,54.81712,25.44933,11,101.5,4882.99
301500.0,2832500.0,55.02349,25.59668,11,111.43,37897.97
389500.0,2870500.0,55.89638,25.94899,11,87.52,10.47
446500.0,2777500.0,56.46934,25.11241,11,73.88,59272.73
235500.0,2812500.0,54.37073,25.40591,11,79.4,3266.06
281500.0,2839500.0,54.82331,25.65702,11,97.07,1827.05
319500.0,2793500.0,55.20786,25.24698,11,5.6,19175.98
264500.0,2779500.0,54.66451,25.11302,10,165.91,49.97
267500.0,2816500.0,54.68792,25.44735,10,128.1,5.6
390500.0,2886500.0,55.90502,26.09351,10,156.95,7520.74
278500.0,2823500.0,54.79609,25.5122,10,74.85,4.38
295500.0,2841500.0,54.9624,25.67709,10,8.22,5734.25
323500.0,2809500.0,55.24548,25.39188,10,128.39,161.24
319500.0,2812500.0,55.20533,25.41848,10,121.72,3.85
441500.0,2786500.0,56.41937,25.1935,10,48.42,20.37
437500.0,2789500.0,56.37953,25.22043,10,50.12,4.34
376500.0,2889500.0,55.76477,26.11946,10,128.69,434.21
378500.0,2905500.0,55.78327,26.26408,10,101.8,874.41
267500.0,2809500.0,54.68912,25.38419,10,88.95,59.23
290500.0,2913500.0,54.90108,26.3261,10,175.24,39.31
407500.0,2909500.0,56.07336,26.30236,10,125.63,41862.78
196500.0,2813500.0,53.98322,25.40749,10,156.93,562.0
191500.0,2862500.0,53.92226,25.84831,10,122.09,28658.73
281500.0,2769500.0,54.83459,25.02533,10,141.79,20.46
328500.0,2814500.0,55.29453,25.43759,10,168.77,1.47
386500.0,2901500.0,55.86372,26.22862,10,58.17,5841.02
382500.0,2885500.0,55.82513,26.08385,10,117.27,2537.46
397500.0,2877500.0,55.97572,26.01277,10,53.01,182.11
221500.0,2742500.0,54.24586,24.77193,10,3.17,3.57
287500.0,2826500.0,54.88511,25.54059,10,85.41,14.18
287500.0,2892500.0,54.87449,26.13616,10,39.38,8245.13
321500.0,2813500.0,55.22508,25.42774,10,171.63,7.46
254500.0,2736500.0,54.57301,24.72343,10,156.08,5.92
264500.0,2784500.0,54.66365,25.15814,10,35.71,4433.2
295500.0,2780500.0,54.97163,25.12657,10,99.96,709.44
404500.0,2909500.0,56.04331,26.30216,10,42.74,28023.87
177500.0,2741500.0,53.81146,24.75428,10,46.6,114.69
168500.0,2859500.0,53.69385,25.81622,10,131.86,109719.48
225500.0,2712500.0,54.29123,24.50201,10,136.73,3.31
205500.0,2774500.0,54.081,25.05756,10,93.98,24592.12
239500.0,2787500.0,54.41525,25.18108,10,34.88,67931.37
261500.0,2826500.0,54.62652,25.53663,10,110.87,167.18
330500.0,2815500.0,55.31429,25.44685,10,91.04,6.81
329500.0,2813500.0,55.3046,25.42868,10,119.1,2.47
334500.0,2830500.0,55.35221,25.5827,10,82.68,1779.0
232500.0,2752500.0,54.35263,24.8641,10,152.73,1391.14
229500.0,2851500.0,54.30326,25.75663,10,61.22,70031.23
251500.0,2740500.0,54.54267,24.75904,10,136.22,4045.14
286500.0,2791500.0,54.88069,25.22459,10,47.68,45017.92
255500.0,2776500.0,54.57585,25.08452,10,119.55,11715.88
295500.0,2822500.0,54.9653,25.50562,10,153.38,95.59
320500.0,2804500.0,55.21633,25.34639,10,151.63,37.69
331500.0,2856500.0,55.31905,25.81705,10,116.88,860.95
309500.0,2852500.0,55.10025,25.77824,10,94.92,6520.81
168500.0,2890500.0,53.68602,26.09568,10,153.97,199.48
277500.0,2843500.0,54.78282,25.69252,10,104.64,84857.28
279500.0,2843500.0,54.80273,25.69282,10,98.3,7249.52
372500.0,2857500.0,55.72788,25.83023,10,92.52,91223.51
223500.0,2723500.0,54.26936,24.60089,10,42.32,34777.86
224500.0,2723500.0,54.27923,24.60107,10,136.54,347.16
241500.0,2745500.0,54.44293,24.8025,10,138.62,46.02
321500.0,2799500.0,55.22692,25.30138,10,62.79,23524.56
343500.0,2827500.0,55.44214,25.5566,10,152.65,2544.15
310500.0,2822500.0,55.11448,25.50761,10,160.45,1767.81
309500.0,2821500.0,55.10467,25.49846,10,9.84,844.2
338500.0,2823500.0,55.39286,25.51996,10,76.13,3.44
307500.0,2874500.0,55.0771,25.97653,10,155.91,1308.01
300500.0,2851500.0,55.01069,25.76802,10,134.69,17762.61
360500.0,2866500.0,55.60722,25.91038,10,142.29,14319.64
388500.0,2892500.0,55.88451,26.14753,10,126.09,6280.34
363500.0,2901500.0,55.63351,26.22662,10,32.22,937.01
398500.0,2906500.0,55.98344,26.27466,10,39.51,75303.95
442500.0,2792500.0,56.42904,25.24772,10,77.57,2335.33
182500.0,2751500.0,53.85857,24.8455,10,162.22,4.57
187500.0,2744500.0,53.90955,24.7834,10,22.56,1473.19
181500.0,2751500.0,53.84868,24.84529,10,51.49,28202.29
187500.0,2745500.0,53.90932,24.79242,10,149.78,1001.96
281500.0,2796500.0,54.83028,25.26899,10,34.89,10257.55
291500.0,2850500.0,54.92115,25.75774,10,12.97,38114.51
174500.0,2898500.0,53.74393,26.16917,10,143.25,34494.38
221500.0,2718500.0,54.25062,24.55542,10,92.96,988.35
207500.0,2746500.0,54.10671,24.8054,10,15.95,1635.76
216500.0,2860500.0,54.17185,25.83534,10,70.28,12841.69
212500.0,2865500.0,54.1309,25.87965,10,87.8,5536.66
265500.0,2746500.0,54.68001,24.81539,10,56.84,22.6
321500.0,2787500.0,55.22849,25.19306,10,45.76,1497.77
311500.0,2841500.0,55.12175,25.67923,10,35.19,1069.67
350500.0,2858500.0,55.50832,25.83717,10,125.91,782.94
371500.0,2910500.0,55.71268,26.3086,10,48.19,1003.41
162500.0,2750500.0,53.66118,24.83219,10,120.5,4.2
172500.0,2839500.0,53.73862,25.63681,10,172.34,1538.53
173500.0,2840500.0,53.74832,25.64605,10,131.58,56299.24
171500.0,2922500.0,53.70785,26.38483,10,63.62,50932.72
173500.0,2921500.0,53.72812,26.37628,10,60.69,31285.9
221500.0,2720500.0,54.25022,24.57346,10,129.35,90.31
207500.0,2905500.0,54.07209,26.23938,10,77.84,32617.99
250500.0,2739500.0,54.53296,24.74986,10,94.4,17406.89
276500.0,2822500.0,54.77637,25.50287,10,1.46,905.39
257500.0,2843500.0,54.58365,25.68935,10,84.41,17198.45
273500.0,2855500.0,54.74093,25.80019,10,41.09,24116.58
304500.0,2810500.0,55.05655,25.39853,10,44.03,884.9
318500.0,2804500.0,55.19647,25.34615,10,115.6,200.5
325500.0,2854500.0,55.25948,25.79829,10,29.05,328.02
396500.0,2876500.0,55.96581,26.00367,10,121.14,744.41
373500.0,2880500.0,55.73564,26.03796,10,44.87,59.6
444500.0,2795500.0,56.44878,25.27489,10,71.14,109.38
244500.0,2724500.0,54.47641,24.61353,10,103.24,10.55
266500.0,2779500.0,54.68433,25.11333,10,47.42,1208.31
278500.0,2805500.0,54.79904,25.34977,10,101.52,705.99
268500.0,2815500.0,54.69803,25.43848,10,79.11,93.63
267500.0,2815500.0,54.68809,25.43833,10,147.47,88.65
262500.0,2850500.0,54.63219,25.75333,10,102.81,1175.27
444500.0,2864500.0,56.44591,25.89795,10,68.6,290.8
444500.0,2863500.0,56.44596,25.88892,10,69.69,8616.12
167500.0,2733500.0,53.71462,24.68001,10,172.75,34.07
185500.0,2800500.0,53.87702,25.28798,10,113.67,58548.42
216500.0,2785500.0,54.18766,25.15888,10,56.57,144.44
245500.0,2918500.0,54.44958,26.36389,10,84.01,4521.37
286500.0,2786500.0,54.88147,25.17947,10,27.36,30655.18
340500.0,2815500.0,55.41371,25.44796,10,83.62,18833.54
369500.0,2904500.0,55.69326,26.25426,10,105.66,58913.64
389500.0,2907500.0,55.89323,26.28302,10,106.56,4228.21
232500.0,2861500.0,54.33112,25.84738,10,39.63,1963.53
221500.0,2888500.0,54.21574,26.08884,10,130.52,11169.54
278500.0,2774500.0,54.80407,25.07002,10,69.49,2354.98
260500.0,2806500.0,54.62012,25.35601,10,133.4,29076.08
298500.0,2823500.0,54.99498,25.51505,10,144.12,1405.89
263500.0,2825500.0,54.64658,25.52792,10,31.39,47158.58
322500.0,2794500.0,55.2375,25.25636,10,152.71,19911.13
306500.0,2844500.0,55.07151,25.70565,10,114.07,25898.07
334500.0,2838500.0,55.35122,25.65492,10,105.41,245.32
338500.0,2869500.0,55.38727,25.93518,10,139.6,208871.03
374500.0,2865500.0,55.74707,25.90263,10,20.82,85.67
355500.0,2873500.0,55.55655,25.97308,10,33.78,366.32
402500.0,2883500.0,56.02523,26.06729,10,28.56,5508.11
186500.0,2732500.0,53.90235,24.67498,10,89.97,22650.94
183500.0,2784500.0,53.86089,25.14329,10,48.7,11251.31
189500.0,2903500.0,53.8926,26.21756,10,67.0,402809.45
207500.0,2913500.0,54.07028,26.31152,10,70.85,115474.28
228500.0,2919500.0,54.27915,26.36978,10,97.97,1001.19
277500.0,2832500.0,54.78465,25.59326,10,118.05,197034.4
256500.0,2884500.0,54.56612,26.05908,10,86.84,80351.62
375500.0,2908500.0,55.75294,26.2909,10,132.12,44892.75
403500.0,2876500.0,56.03574,26.00415,10,118.61,4.56
245500.0,2744500.0,54.48265,24.79415,10,77.17,56164.09
235500.0,2861500.0,54.36102,25.84793,10,46.95,50946.61
261500.0,2851500.0,54.62205,25.76219,10,37.34,9853.57
299500.0,2775500.0,55.01201,25.08198,10,157.47,140424.48
335500.0,2835500.0,55.36154,25.62795,10,142.73,13687.32
332500.0,2825500.0,55.33293,25.53734,10,95.35,2.15
310500.0,2865500.0,55.10835,25.8957,10,53.08,508.38
356500.0,2855500.0,55.56849,25.81069,10,150.77,7951.58
237500.0,2880500.0,54.37717,26.01968,10,85.93,8542.42
192500.0,2741500.0,53.9596,24.75736,10,60.07,16969.86
221500.0,2721500.0,54.25002,24.58249,10,27.56,5053.06
206500.0,2811500.0,54.08295,25.39146,10,95.63,28805.54
240500.0,2846500.0,54.41381,25.71351,10,70.32,555.52
253500.0,2785500.0,54.55441,25.1654,10,170.68,4689.32
251500.0,2795500.0,54.53277,25.25529,10,149.2,16.37
281500.0,2797500.0,54.83012,25.27802,10,177.87,327.77
295500.0,2824500.0,54.965,25.52367,10,56.75,26.47
320500.0,2816500.0,55.21474,25.4547,10,168.86,32.56
176500.0,2745500.0,53.80066,24.79014,10,13.6,11370.27
239500.0,2766500.0,54.41922,24.99162,10,56.31,937.06
208500.0,2811500.0,54.10281,25.39185,10,37.68,21688.33
214500.0,2829500.0,54.15857,25.55536,10,51.07,53.41
281500.0,2773500.0,54.83395,25.06143,10,151.22,138.71
301500.0,2803500.0,55.02776,25.33496,10,172.16,36.15
172500.0,2756500.0,53.75857,24.88847,10,177.28,15492.13
200500.0,2870500.0,54.01013,25.92232,10,159.32,10993.12
201500.0,2870500.0,54.0201,25.92253,10,159.06,11987.19
310500.0,2867500.0,55.10806,25.91375,10,18.79,2245.3
187500.0,2866500.0,53.88145,25.88352,10,116.32,12390.52
255500.0,2872500.0,54.55838,25.95066,10,139.44,108062.88
317500.0,2803500.0,55.18667,25.337,10,70.4,253.82
332500.0,2827500.0,55.33268,25.5554,10,66.95,1.27
163500.0,2768500.0,53.6667,24.9947,10,143.77,4.58
194500.0,2807500.0,53.96472,25.35297,10,117.24,9999.95
239500.0,2878500.0,54.39753,26.002,10,85.4,26413.78
228500.0,2920500.0,54.27894,26.3788,10,175.11,10352.65
283500.0,2760500.0,54.85581,24.9444,10,111.8,15.3
297500.0,2847500.0,54.9814,25.73151,10,83.74,8989.43
256500.0,2893500.0,54.56444,26.14028,10,119.15,2219.99
333500.0,2813500.0,55.34436,25.42914,10,66.69,474.62
314500.0,2810500.0,55.15591,25.39981,10,75.93,2494.22
318500.0,2830500.0,55.19296,25.58082,10,16.85,67796.22
319500.0,2830500.0,55.20292,25.58094,10,26.13,4904.87
383500.0,2897500.0,55.83405,26.19227,10,117.68,187.62
408500.0,2913500.0,56.08309,26.33853,10,44.29,1548.13
192500.0,2732500.0,53.96157,24.67619,10,77.02,66203.9
165500.0,2755500.0,53.68962,24.87794,10,81.33,68.4
171500.0,2767500.0,53.74608,24.98744,10,159.74,4.5
187500.0,2837500.0,53.88828,25.62204,10,54.15,478643.33
178500.0,2855500.0,53.79443,25.78239,10,123.38,46025.11
209500.0,2781500.0,54.11913,25.12147,10,98.47,11905.64
201500.0,2864500.0,54.02146,25.86842,10,152.17,184341.45
206500.0,2901500.0,54.063,26.2031,10,59.47,1525.66
296500.0,2911500.0,54.96148,26.30892,10,13.47,1885.62
333500.0,2826500.0,55.34275,25.54648,10,21.48,3.25
438500.0,2792500.0,56.38932,25.24756,10,63.57,86.19
441500.0,2803500.0,56.41864,25.34701,10,168.11,1.9
402500.0,2902500.0,56.0238,26.23883,10,132.34,1161344.93
166500.0,2711500.0,53.70994,24.48143,10,37.42,174.57
185500.0,2838500.0,53.86816,25.63063,10,53.38,9046.63
295500.0,2820500.0,54.9656,25.48757,10,142.4,218.76
272500.0,2915500.0,54.7205,26.34139,10,81.15,13810.82
302500.0,2813500.0,55.03623,25.42534,10,177.31,14.14
313500.0,2797500.0,55.14776,25.28235,10,178.39,4.56
344500.0,2832500.0,55.45151,25.60184,10,60.89,864.1
323500.0,2888500.0,55.23497,26.10492,10,97.63,3301.07
359500.0,2861500.0,55.59777,25.86515,10,131.83,2323.76
369500.0,2885500.0,55.69517,26.08274,10,126.26,118173.61
443500.0,2788500.0,56.43913,25.21164,10,130.63,271.79
404500.0,2905500.0,56.0436,26.26605,10,129.13,45208.35
188500.0,2754500.0,53.91719,24.87379,10,46.59,6770.6
163500.0,2772500.0,53.66572,25.03076,10,173.33,53.22
165500.0,2822500.0,53.67324,25.48198,10,75.53,9370.28
176500.0,2850500.0,53.77573,25.73687,10,44.72,7178.28
223500.0,2865500.0,54.24057,25.88178,10,60.52,269267.99
216500.0,2878500.0,54.16797,25.99768,10,134.7,608958.91
230500.0,2882500.0,54.30687,26.03643,10,63.62,225221.04
260500.0,2759500.0,54.62834,24.93192,10,74.59,9864.52
267500.0,2841500.0,54.68358,25.67292,10,96.28,3086.84
323500.0,2786500.0,55.24847,25.18427,10,156.14,29.46
305500.0,2875500.0,55.05698,25.98529,10,108.14,6987.93
319500.0,2890500.0,55.19471,26.12248,10,84.8,7481.62
376500.0,2871500.0,55.76647,25.95697,10,119.54,960.78
388500.0,2865500.0,55.88681,25.90377,10,118.41,23988.04
233500.0,2792500.0,54.35479,25.22513,10,163.52,70037.03
229500.0,2812500.0,54.31113,25.40483,10,91.43,173956.41
202500.0,2878500.0,54.02826,25.99488,10,61.91,583.15
214500.0,2876500.0,54.14845,25.97925,10,19.49,918.63
233500.0,2882500.0,54.33683,26.03699,10,84.73,109854.61
229500.0,2883500.0,54.29668,26.04527,10,63.2,111755.63
275500.0,2783500.0,54.77287,25.15079,10,89.27,332.95
280500.0,2807500.0,54.81858,25.36811,10,156.68,56136.71
268500.0,2841500.0,54.69354,25.67308,10,99.62,307697.88
280500.0,2863500.0,54.80938,25.87344,10,40.18,218943.42
313500.0,2801500.0,55.14721,25.31845,10,113.78,1640.42
306500.0,2870500.0,55.06771,25.9403,10,12.02,5049.51
376500.0,2875500.0,55.76609,25.99308,10,136.03,16449.15
378500.0,2916500.0,55.78223,26.36338,10,142.32,119558.57
407500.0,2907500.0,56.0735,26.2843,10,34.2,10302.03
189500.0,2878500.0,53.89856,25.99215,10,65.08,227023.19
183500.0,2854500.0,53.84446,25.77447,10,62.99,185698.42
172500.0,2889500.0,53.72621,26.08758,10,54.49,28312.64
221500.0,2732500.0,54.24785,24.68172,10,71.25,404.12
205500.0,2755500.0,54.08505,24.88619,10,46.13,69046.74
220500.0,2802500.0,54.22382,25.31297,10,53.93,752.83
231500.0,2833500.0,54.32681,25.59463,10,100.06,273852.46
223500.0,2908500.0,54.23145,26.26961,10,75.96,150505.42
225500.0,2908500.0,54.25146,26.26999,10,71.08,5077.27
288500.0,2797500.0,54.8996,25.27902,10,0.82,136.35
327500.0,2870500.0,55.27733,25.94294,10,85.87,14752.13
357500.0,2853500.0,55.57868,25.79273,10,134.55,2339.21
368500.0,2874500.0,55.68628,25.98335,10,40.8,946.56
167500.0,2779500.0,53.70361,25.09476,10,63.81,1493.88
253500.0,2758500.0,54.55924,24.92178,10,7.85,2.42
296500.0,2817500.0,54.976,25.46063,10,141.21,68.35
272500.0,2894500.0,54.7242,26.15192,10,80.87,44485.48
310500.0,2831500.0,55.11321,25.58884,10,139.61,23956.59
331500.0,2844500.0,55.32058,25.70873,10,118.26,975.79
325500.0,2827500.0,55.26302,25.55459,10,102.93,5.22
306500.0,2840500.0,55.07209,25.66955,10,27.04,117608.6
343500.0,2851500.0,55.43932,25.77325,10,120.53,1256.77
194500.0,2746500.0,53.97826,24.80286,10,56.31,467015.46
243500.0,2803500.0,54.45189,25.32612,10,61.02,77998.61
274500.0,2819500.0,54.75698,25.4755,10,131.76,7885.33
287500.0,2799500.0,54.88936,25.29693,10,21.49,965.57
296500.0,2834500.0,54.97342,25.61405,10,19.1,189.36
302500.0,2810500.0,55.03667,25.39827,10,84.63,11401.43
302500.0,2816500.0,55.03579,25.45242,10,75.27,822.36
330500.0,2829500.0,55.31252,25.57322,10,141.98,318.2
162500.0,2754500.0,53.66021,24.86826,10,172.25,7.35
198500.0,2742500.0,54.01865,24.76757,10,59.71,13786.72
202500.0,2767500.0,54.05281,24.99384,10,99.42,24070.23
350500.0,2829500.0,55.51158,25.57538,10,59.82,770.66
363500.0,2911500.0,55.63245,26.31689,10,130.93,292065.54
235500.0,2786500.0,54.37578,25.17136,10,30.74,49661.05
217500.0,2866500.0,54.18053,25.88965,10,63.75,16813.88
243500.0,2882500.0,54.43668,26.0388,10,62.53,168.34
239500.0,2884500.0,54.39634,26.05612,10,57.08,216.36
253500.0,2897500.0,54.5337,26.17585,10,83.14,496334.69
300500.0,2840500.0,55.01234,25.66875,10,167.16,22448.45
364500.0,2873500.0,55.64643,25.97395,10,124.85,14406.45
386500.0,2891500.0,55.86459,26.13834,10,155.64,1375.56
248500.0,2739500.0,54.5132,24.74953,10,99.3,22310.07
283500.0,2765500.0,54.85502,24.98952,10,56.77,8787.7
253500.0,2780500.0,54.55531,25.12028,10,42.21,53.89
294500.0,2810500.0,54.95718,25.39718,10,163.12,2979.99
189500.0,2741500.0,53.92997,24.75676,10,11.18,30514.89
171500.0,2757500.0,53.74845,24.89727,10,137.02,394.4
163500.0,2782500.0,53.66328,25.12092,10,46.39,113927.29
182500.0,2850500.0,53.83546,25.73818,10,39.05,4836.95
237500.0,2819500.0,54.38923,25.46941,10,3.74,845.28
226500.0,2856500.0,54.27234,25.80117,10,60.9,101995.37
244500.0,2884500.0,54.44627,26.05701,10,86.45,3394.62
317500.0,2799500.0,55.18721,25.30089,10,39.29,452.75
362500.0,2870500.0,55.62677,25.94668,10,44.8,58752.7
357500.0,2914500.0,55.57202,26.34338,10,5.42,337.12
396500.0,2912500.0,55.96293,26.32869,10,105.46,22134.1
162500.0,2753500.0,53.66045,24.85924,10,9.67,181.47
177500.0,2895500.0,53.77464,26.1428,10,53.9,26052.25
229500.0,2709500.0,54.33124,24.47564,10,2.76,2.46
273500.0,2831500.0,54.74502,25.58363,10,109.93,21255.21
291500.0,2857500.0,54.92005,25.82091,10,57.08,46067.14
295500.0,2919500.0,54.9502,26.38096,10,16.49,4573.93
311500.0,2810500.0,55.1261,25.39943,10,28.85,3.67
316500.0,2834500.0,55.17251,25.61668,10,18.6,19918.34
363500.0,2872500.0,55.63655,25.96483,10,131.04,18237.71
258500.0,2772500.0,54.60627,25.04891,10,172.67,28763.2
267500.0,2790500.0,54.69237,25.21274,10,166.62,1445.92
177500.0,2914500.0,53.76991,26.31408,10,99.41,268.57
194500.0,2913500.0,53.94021,26.3088,10,66.14,398661.58
179500.0,2916500.0,53.78942,26.33256,10,164.96,437.73
211500.0,2710500.0,54.15362,24.48143,10,91.0,31362.16
214500.0,2868500.0,54.15019,25.9071,10,53.37,294267.82
213500.0,2869500.0,54.14,25.91593,10,53.18,311753.1
232500.0,2883500.0,54.32664,26.04582,10,87.74,41387.58
210500.0,2890500.0,54.10543,26.10472,10,77.4,12386.92
239500.0,2900500.0,54.39313,26.20045,10,161.3,1093685.78
271500.0,2814500.0,54.72801,25.42992,10,67.18,13224.97
278500.0,2816500.0,54.79724,25.44903,10,161.87,95410.38
280500.0,2824500.0,54.81581,25.52152,10,158.03,9859.85
283500.0,2894500.0,54.83417,26.15361,10,83.7,989508.42
344500.0,2821500.0,55.45278,25.50255,10,119.33,217.4
334500.0,2906500.0,55.34264,26.26869,10,112.69,406.84
389500.0,2904500.0,55.89349,26.25594,10,147.78,196678.26
428500.0,2914500.0,56.28344,26.3487,10,145.91,30686.26
247500.0,2826500.0,54.4873,25.5343,10,82.98,1068081.26
287500.0,2777500.0,54.89278,25.09839,10,82.56,531.08
286500.0,2778500.0,54.88272,25.10727,10,72.06,13887.99
280500.0,2809500.0,54.81825,25.38616,10,5.92,461.37
252500.0,2843500.0,54.53387,25.68852,10,151.38,5118.76
181500.0,2726500.0,53.85436,24.61985,10,107.81,177773.39
190500.0,2727500.0,53.94293,24.6307,10,4.33,9445.12
237500.0,2769500.0,54.39886,25.01834,10,14.16,15869.75
270500.0,2840500.0,54.71362,25.66437,10,89.3,75771.81
314500.0,2781500.0,55.15986,25.13805,10,177.39,246.65
300500.0,2817500.0,55.01577,25.46117,10,52.1,9234.44
329500.0,2827500.0,55.30282,25.55505,10,6.0,634.65
312500.0,2858500.0,55.1293,25.83278,10,106.95,230.93
256500.0,2775500.0,54.58593,25.07566,10,151.95,1815.79
284500.0,2787500.0,54.86148,25.18821,10,66.08,875.93
287500.0,2881500.0,54.87629,26.0369,10,81.54,1648.98
334500.0,2814500.0,55.35418,25.43828,10,95.1,961.94
316500.0,2833500.0,55.17265,25.60765,10,67.6,7615.25
356500.0,2847500.0,55.56936,25.73847,10,124.41,7757.89
353500.0,2872500.0,55.53668,25.96385,10,128.33,2889.54
235500.0,2733500.0,54.38589,24.69321,10,76.7,901737.28
272500.0,2790500.0,54.74197,25.21351,10,62.8,240693.02
278500.0,2913500.0,54.78093,26.32429,10,100.22,14164.58
347500.0,2844500.0,55.48,25.71048,10,143.59,121868.78
335500.0,2918500.0,55.35111,26.37712,10,20.38,3.21
383500.0,2917500.0,55.83224,26.37282,10,142.65,34057.6
448500.0,2796500.0,56.48846,25.28406,10,110.27,1478.99
230500.0,2756500.0,54.33208,24.89984,10,21.51,190017.13
229500.0,2759500.0,54.32161,24.92672,10,20.77,28227.55
279500.0,2818500.0,54.80685,25.46723,10,87.86,2804.28
289500.0,2843500.0,54.90233,25.69429,10,93.2,233531.11
301500.0,2900500.0,55.01323,26.21035,10,14.74,771.49
230500.0,2859500.0,54.31159,25.82897,10,58.28,96231.94
306500.0,2775500.0,55.08139,25.08289,10,21.74,99.92
346500.0,2910500.0,55.4623,26.30613,10,106.16,1448244.75
372500.0,2897500.0,55.72398,26.19134,10,109.57,70.0
274500.0,2835500.0,54.75429,25.61987,10,55.73,610.78
316500.0,2784500.0,55.17929,25.16538,10,155.01,304.39
252500.0,2809500.0,54.54014,25.38177,10,123.29,30838.0
334500.0,2819500.0,55.35356,25.48341,10,53.76,112.73
441500.0,2796500.0,56.41894,25.2838,10,129.77,681.68
441500.0,2795500.0,56.41898,25.27477,10,166.47,45.79
193500.0,2870500.0,53.94033,25.92087,10,157.31,205356.93
183500.0,2892500.0,53.8353,26.11708,10,77.35,11218.35
223500.0,2709500.0,54.2721,24.47459,10,15.86,19.78
197500.0,2727500.0,54.012,24.63209,10,56.72,39022.57
236500.0,2768500.0,54.38915,25.00915,10,155.37,71923.73
236500.0,2767500.0,54.38934,25.00013,10,155.1,110181.46
229500.0,2849500.0,54.30366,25.73859,10,122.78,2154.65
215500.0,2858500.0,54.16231,25.81711,10,61.45,138811.05
230500.0,2902500.0,54.30273,26.21683,10,73.14,2956.07
260500.0,2858500.0,54.61082,25.82518,10,90.49,1051.33
259500.0,2861500.0,54.6003,25.85208,10,127.74,463.01
299500.0,2898500.0,54.99353,26.19203,10,12.67,6829.59
299500.0,2897500.0,54.99369,26.183,10,13.52,91558.99
350500.0,2855500.0,55.50866,25.81009,10,110.9,3608.36
394500.0,2887500.0,55.94494,26.10284,10,119.75,138.42
389500.0,2884500.0,55.89519,26.07538,10,124.28,382.95
185500.0,2740500.0,53.89069,24.74692,10,95.92,5258.0
201500.0,2882500.0,54.01737,26.03074,10,91.24,142.66
273500.0,2838500.0,54.74383,25.64679,10,89.38,442416.13
262500.0,2882500.0,54.62642,26.04204,10,88.15,19690.9
312500.0,2813500.0,55.13562,25.42664,10,99.87,1158.49
303500.0,2817500.0,55.04559,25.46157,10,121.27,647.04
318500.0,2852500.0,55.18996,25.77939,10,102.19,6213.09
338500.0,2880500.0,55.38591,26.03447,10,85.58,161213.59
328500.0,2879500.0,55.28614,26.0243,10,86.73,7744.65
323500.0,2911500.0,55.23184,26.31251,10,102.73,7744.72
361500.0,2870500.0,55.61678,25.94658,10,136.61,10418.48
166500.0,2843500.0,53.67795,25.67153,10,120.46,273374.41
296500.0,2766500.0,54.98361,25.00035,10,60.7,138.65
251500.0,2809500.0,54.53021,25.3816,10,122.63,20526.73
257500.0,2807500.0,54.59015,25.36455,10,95.37,2689.3
245500.0,2778500.0,54.4764,25.10091,10,132.83,584842.39
231500.0,2745500.0,54.34409,24.80078,10,91.24,352.62
289500.0,2845500.0,54.90201,25.71234,10,95.26,450782.12
301500.0,2787500.0,55.03009,25.19055,10,155.86,81612.57
328500.0,2834500.0,55.29198,25.61812,10,62.1,2913.22
337500.0,2872500.0,55.37692,25.96215,10,82.92,42343.3
359500.0,2848500.0,55.59916,25.74779,10,134.03,2622.29
379500.0,2882500.0,55.79541,26.05652,10,128.51,11187.8
380500.0,2883500.0,55.80532,26.06563,10,127.82,128239.62
250500.0,2769500.0,54.52758,25.02054,10,126.44,2784374.98
277500.0,2811500.0,54.78812,25.40376,10,170.71,68274.6
280500.0,2835500.0,54.81401,25.62078,10,68.24,63360.18
306500.0,2798500.0,55.07813,25.29048,10,87.42,252368.54
307500.0,2798500.0,55.08806,25.29061,10,87.53,536890.77
308500.0,2798500.0,55.09799,25.29074,10,87.18,200915.66
248500.0,2740500.0,54.51302,24.75855,10,99.6,30111.14
297500.0,2767500.0,54.99337,25.00951,10,33.42,9.07
274500.0,2813500.0,54.75799,25.42136,10,124.23,3612.32
368500.0,2869500.0,55.68678,25.93821,10,142.84,181784.04
191500.0,2825500.0,53.93083,25.51467,10,148.82,703.22
190500.0,2826500.0,53.92066,25.52348,10,54.59,567.33
199500.0,2724500.0,54.03237,24.60542,10,72.07,2837769.79
210500.0,2776500.0,54.13009,25.07656,10,94.88,84772.84
212500.0,2814500.0,54.14188,25.41969,10,41.6,563244.91
230500.0,2878500.0,54.3077,26.00035,10,138.63,2.63
276500.0,2774500.0,54.78425,25.06972,10,72.62,26935.61
330500.0,2831500.0,55.31227,25.59128,10,123.5,19642.98
375500.0,2853500.0,55.75818,25.79438,10,26.78,3853.63
387500.0,2867500.0,55.87666,25.92175,10,112.46,8244.8
385500.0,2865500.0,55.85687,25.90353,10,115.56,2885.81
194500.0,2864500.0,53.95169,25.86697,10,69.3,16212.28
366500.0,2858500.0,55.66792,25.83872,10,143.4,2637.82
212500.0,2787500.0,54.14759,25.17616,10,59.6,541645.84
394500.0,2875500.0,55.9459,25.9945,10,72.33,25057.44
258500.0,2813500.0,54.59901,25.41885,10,123.75,51421.07
247500.0,2756500.0,54.50024,24.90275,10,129.31,1157.05
221500.0,2808500.0,54.23251,25.36728,10,108.1,69026.7
239500.0,2853500.0,54.40248,25.77648,10,55.87,16521.31
378500.0,2869500.0,55.78662,25.93908,10,124.37,4079.92
261500.0,2799500.0,54.63128,25.29301,10,94.53,23667.71
353500.0,2848500.0,55.53935,25.7472,10,19.07,6409.78
248500.0,2749500.0,54.5114,24.83976,10,47.84,68029.2
267500.0,2869500.0,54.67866,25.92556,10,67.4,424.16
331500.0,2830500.0,55.32235,25.58236,10,116.65,15928.4
197500.0,2825500.0,53.99046,25.51591,10,53.92,78867.53
211500.0,2709500.0,54.15382,24.4724,9,100.18,14359.76
299500.0,2777500.0,55.01172,25.10003,9,53.5,793.17
391500.0,2910500.0,55.91301,26.31026,9,107.38,9035.94
296500.0,2800500.0,54.97856,25.30721,9,178.02,23587.36
363500.0,2858500.0,55.638,25.83844,9,110.72,3123.82
289500.0,2762500.0,54.91489,24.96329,9,74.13,50.4
344500.0,2830500.0,55.45174,25.58379,9,57.7,26.34
387500.0,2875500.0,55.87598,25.99397,9,130.98,3474.31
402500.0,2877500.0,56.02568,26.01312,9,168.57,2896.15
265500.0,2810500.0,54.66908,25.3929,9,71.53,26461.47
278500.0,2798500.0,54.80018,25.2866,9,102.85,6.28
261500.0,2811500.0,54.62917,25.40128,9,74.84,1838.04
210500.0,2736500.0,54.13843,24.71577,9,143.14,351.18
204500.0,2794500.0,54.06679,25.23774,9,54.16,138.56
235500.0,2903500.0,54.35253,26.22678,9,75.64,733.76
275500.0,2791500.0,54.77156,25.22298,9,149.52,2.0
251500.0,2794500.0,54.53295,25.24627,9,8.35,6044.52
323500.0,2804500.0,55.24613,25.34675,9,97.49,4.05
329500.0,2823500.0,55.30333,25.51895,9,24.91,374.32
324500.0,2852500.0,55.24978,25.78012,9,110.32,10563.46
387500.0,2874500.0,55.87606,25.98494,9,116.74,122.98
385500.0,2900500.0,55.8538,26.21951,9,56.05,548.64
173500.0,2717500.0,53.77753,24.53702,9,149.56,3338621.4
183500.0,2762500.0,53.86594,24.9449,9,22.44,15225.21
177500.0,2799500.0,53.79791,25.27726,9,45.98,60440.71
187500.0,2825500.0,53.89108,25.51383,9,74.14,2455.04
186500.0,2825500.0,53.88114,25.51362,9,71.63,2695.59
190500.0,2906500.0,53.90188,26.24483,9,156.27,2359272.72
167500.0,2907500.0,53.67169,26.24869,9,68.38,268771.38
216500.0,2737500.0,54.19748,24.72591,9,166.69,88.69
243500.0,2737500.0,54.46417,24.73066,9,162.9,173.74
199500.0,2735500.0,54.03002,24.70463,9,176.1,1881.4
240500.0,2757500.0,54.43081,24.9106,9,167.04,183.34
218500.0,2904500.0,54.18231,26.23256,9,85.17,16750.78
215500.0,2890500.0,54.15538,26.10571,9,69.87,248374.02
251500.0,2735500.0,54.54355,24.71393,9,167.94,3.87
283500.0,2773500.0,54.85377,25.06172,9,43.43,83277.92
277500.0,2830500.0,54.78498,25.57521,9,139.95,120175.48
277500.0,2894500.0,54.77419,26.1527,9,83.42,314300.27
299500.0,2889500.0,54.99492,26.11081,9,21.7,65810.91
279500.0,2879500.0,54.79672,26.01766,9,92.74,117430.75
308500.0,2792500.0,55.09883,25.23659,9,143.78,26740.92
308500.0,2814500.0,55.09572,25.43515,9,48.29,2179.96
319500.0,2814500.0,55.20506,25.43653,9,120.75,7.72
321500.0,2825500.0,55.22349,25.53606,9,42.77,20982.91
334500.0,2864500.0,55.34797,25.8896,9,135.11,63468.39
335500.0,2865500.0,55.35782,25.89874,9,133.93,19562.56
333500.0,2891500.0,55.33455,26.13319,9,107.7,137832.56
393500.0,2880500.0,55.93551,26.03957,9,169.43,20.38
263500.0,2784500.0,54.65373,25.15798,9,57.77,164.39
295500.0,2796500.0,54.96923,25.27097,9,172.61,12519.4
279500.0,2795500.0,54.81059,25.25967,9,39.78,11541.88
246500.0,2752500.0,54.49108,24.8665,9,59.5,75.01
240500.0,2786500.0,54.42535,25.17223,9,34.75,26651.42
293500.0,2824500.0,54.9451,25.52339,9,18.09,1841.09
282500.0,2893500.0,54.82434,26.14444,9,84.7,54819.02
338500.0,2832500.0,55.39178,25.6012,9,39.92,2817.37
338500.0,2827500.0,55.39238,25.55607,9,42.88,493.27
330500.0,2856500.0,55.30908,25.81693,9,47.81,26.56
344500.0,2892500.0,55.44443,26.14345,9,105.57,3111.59
355500.0,2835500.0,55.5607,25.63005,9,35.64,3420.33
204500.0,2740500.0,54.07834,24.7507,9,134.61,18.45
252500.0,2739500.0,54.55273,24.75018,9,22.9,4.05
258500.0,2735500.0,54.6127,24.71504,9,103.63,1095.08
322500.0,2802500.0,55.23646,25.32857,9,169.28,3.63
333500.0,2827500.0,55.34263,25.55551,9,69.05,4.62
313500.0,2855500.0,55.1397,25.80584,9,21.55,586647.3
172500.0,2819500.0,53.7435,25.4565,9,138.75,489.07
173500.0,2878500.0,53.73894,25.98864,9,77.2,162331.19
213500.0,2818500.0,54.15097,25.45596,9,147.45,21173.52
255500.0,2760500.0,54.57868,24.94015,9,90.55,19203.53
299500.0,2839500.0,55.00253,25.65959,9,104.5,663.29
378500.0,2898500.0,55.78392,26.20088,9,113.19,3147.59
408500.0,2918500.0,56.08273,26.38367,9,134.19,366.71
166500.0,2713500.0,53.70947,24.49946,9,150.71,32.32
193500.0,2753500.0,53.96684,24.86579,9,39.6,37983.68
173500.0,2773500.0,53.76445,25.04197,9,144.57,201.82
166500.0,2771500.0,53.69565,25.02241,9,20.88,3.72
182500.0,2882500.0,53.82775,26.0267,9,65.13,2977.79
226500.0,2901500.0,54.26295,26.20705,9,144.2,221365.17
229500.0,2889500.0,54.29544,26.09938,9,60.98,478.91
203500.0,2911500.0,54.03072,26.29266,9,72.41,38703.72
297500.0,2777500.0,54.9919,25.09976,9,22.48,7957.35
273500.0,2794500.0,54.75122,25.24976,9,179.85,127.19
257500.0,2811500.0,54.58944,25.40064,9,124.04,433.07
264500.0,2840500.0,54.65389,25.66342,9,169.51,18954.54
285500.0,2896500.0,54.85384,26.17196,9,82.52,116837.91
315500.0,2804500.0,55.16667,25.34578,9,55.27,7604.24
314500.0,2797500.0,55.15769,25.28247,9,95.26,123.27
305500.0,2892500.0,55.05445,26.13871,9,82.77,39563.74
371500.0,2887500.0,55.71496,26.10097,9,64.42,10337.23
242500.0,2763500.0,54.44948,24.96507,9,27.06,23.83
244500.0,2767500.0,54.46854,25.0015,9,166.96,20859.95
240500.0,2790500.0,54.42459,25.20832,9,50.59,4392.43
294500.0,2831500.0,54.95398,25.5867,9,104.1,64840.96
374500.0,2852500.0,55.7483,25.78526,9,126.51,211.46
449500.0,2808500.0,56.49795,25.39246,9,175.59,3.23
170500.0,2757500.0,53.73856,24.89706,9,167.53,12.07
175500.0,2770500.0,53.78495,25.01535,9,15.71,3.86
164500.0,2818500.0,53.6643,25.4457,9,65.38,8758.78
199500.0,2884500.0,53.99695,26.04836,9,75.1,747.46
246500.0,2746500.0,54.49217,24.81236,9,168.24,85449.91
258500.0,2760500.0,54.60837,24.94063,9,123.54,98.57
266500.0,2773500.0,54.68535,25.05919,9,61.85,24.26
276500.0,2808500.0,54.77868,25.37654,9,35.9,232.76
333500.0,2817500.0,55.34387,25.46524,9,164.53,261.65
347500.0,2915500.0,55.47172,26.35137,9,94.6,823.03
356500.0,2870500.0,55.56686,25.9461,9,44.06,1286.18
386500.0,2900500.0,55.86381,26.21959,9,136.88,139205.82
445500.0,2803500.0,56.45839,25.34716,9,159.83,272.74
444500.0,2823500.0,56.44763,25.52773,9,152.65,24147.7
178500.0,2756500.0,53.81788,24.88975,9,143.9,54.36
196500.0,2830500.0,53.97939,25.56079,9,41.46,244858.48
196500.0,2831500.0,53.97916,25.56981,9,144.8,9464.39
242500.0,2741500.0,54.45355,24.76658,9,14.38,11654.62
244500.0,2801500.0,54.46219,25.30825,9,101.19,423106.26
223500.0,2803500.0,54.25338,25.32255,9,50.16,80845.89
255500.0,2791500.0,54.57317,25.21986,9,161.72,5221.86
260500.0,2783500.0,54.62417,25.14848,9,148.39,229.42
291500.0,2846500.0,54.92178,25.72165,9,98.95,32332.62
262500.0,2830500.0,54.63575,25.57288,9,30.37,9878.46
321500.0,2793500.0,55.22771,25.24722,9,151.68,3573.18
331500.0,2805500.0,55.32548,25.3567,9,115.24,150.95
298500.0,2819500.0,54.99558,25.47895,9,106.16,73.18
320500.0,2825500.0,55.21354,25.53594,9,55.83,12.59
316500.0,2821500.0,55.17429,25.49934,9,107.68,26188.46
337500.0,2902500.0,55.37317,26.23293,9,111.12,223.36
412500.0,2916500.0,56.12297,26.36587,9,121.2,11882.82
410500.0,2911500.0,56.10327,26.3206,9,135.08,47132.43
245500.0,2749500.0,54.48174,24.83926,9,160.98,77327.23
227500.0,2811500.0,54.29147,25.39545,9,97.42,16274.17
279500.0,2794500.0,54.81076,25.25065,9,35.82,21869.61
275500.0,2865500.0,54.75917,25.89072,9,61.37,58599.09
344500.0,2824500.0,55.45244,25.52963,9,88.11,7478.59
311500.0,2858500.0,55.11933,25.83265,9,19.48,476.19
184500.0,2800500.0,53.8671,25.28777,9,113.96,405914.56
189500.0,2818500.0,53.91257,25.45113,9,23.64,324977.45
191500.0,2876500.0,53.91898,25.97455,9,151.85,1333.56
228500.0,2845500.0,54.29452,25.70232,9,155.26,4.53
211500.0,2887500.0,54.11609,26.07786,9,146.22,18452.67
331500.0,2810500.0,55.32485,25.40183,9,137.97,7.1
339500.0,2816500.0,55.40365,25.45688,9,16.12,2945.23
389500.0,2889500.0,55.89477,26.12052,9,138.83,3492.15
183500.0,2820500.0,53.85251,25.4679,9,80.79,58242.83
205500.0,2715500.0,54.09344,24.5254,9,95.04,6354.46
228500.0,2717500.0,54.31985,24.54764,9,149.47,6.46
201500.0,2740500.0,54.04871,24.75012,9,135.43,1392.72
282500.0,2772500.0,54.84402,25.05255,9,32.57,103.28
283500.0,2785500.0,54.85188,25.17001,9,86.03,10.2
260500.0,2807500.0,54.61995,25.36503,9,30.28,5875.05
280500.0,2843500.0,54.81269,25.69297,9,90.23,30422.3
275500.0,2840500.0,54.7634,25.66514,9,84.13,539604.58
276500.0,2897500.0,54.76367,26.17961,9,89.47,174672.78
321500.0,2828500.0,55.22309,25.56314,9,69.88,890.35
340500.0,2827500.0,55.41228,25.55628,9,63.86,166695.51
353500.0,2874500.0,55.53646,25.98191,9,153.18,26029.56
383500.0,2881500.0,55.83548,26.04782,9,135.58,148.79
184500.0,2883500.0,53.84747,26.03615,9,56.05,4714.43
220500.0,2902500.0,54.20274,26.21491,9,48.85,68.2
245500.0,2920500.0,54.44918,26.38193,9,83.51,66140.21
217500.0,2909500.0,54.17122,26.27746,9,74.35,19582.06
264500.0,2861500.0,54.65016,25.8529,9,45.3,80340.24
267500.0,2917500.0,54.67008,26.35863,9,79.69,1535.38
317500.0,2791500.0,55.18828,25.22868,9,108.57,13.37
300500.0,2795500.0,55.01901,25.26262,9,129.69,10661.66
375500.0,2909500.0,55.75284,26.29993,9,132.38,36927.39
224500.0,2745500.0,54.27491,24.79953,9,134.23,4216.11
258500.0,2739500.0,54.61201,24.75114,9,127.17,5.85
326500.0,2788500.0,55.27797,25.20267,9,114.4,872.11
323500.0,2795500.0,55.2473,25.26551,9,35.45,9.99
390500.0,2863500.0,55.90695,25.88586,9,27.52,8023.29
363500.0,2880500.0,55.63571,26.03705,9,117.99,2403.97
393500.0,2895500.0,55.93428,26.17499,9,140.46,24505.05
203500.0,2721500.0,54.07247,24.57914,9,114.81,4137.58
209500.0,2780500.0,54.11934,25.11245,9,97.64,395.66
199500.0,2818500.0,54.01189,25.45319,9,120.01,55388.08
368500.0,2862500.0,55.68748,25.87501,9,120.01,1925.47
188500.0,2801500.0,53.90655,25.29763,9,104.33,1583014.54
194500.0,2884500.0,53.94704,26.04732,9,79.58,1687679.62
179500.0,2882500.0,53.79781,26.02604,9,60.55,2789192.73
233500.0,2738500.0,54.36519,24.73797,9,15.43,6141.34
211500.0,2722500.0,54.15117,24.58967,9,23.3,967.81
231500.0,2774500.0,54.33848,25.0624,9,61.92,273692.15
257500.0,2761500.0,54.5983,24.94949,9,40.14,22418.99
292500.0,2792500.0,54.94006,25.23446,9,42.93,2266.73
280500.0,2768500.0,54.82484,25.01616,9,7.53,95900.72
263500.0,2814500.0,54.64851,25.42867,9,127.28,24611.3
326500.0,2820500.0,55.27388,25.49152,9,127.65,2.26
342500.0,2832500.0,55.4316,25.60163,9,3.7,252061.78
322500.0,2887500.0,55.22511,26.09578,9,173.75,5790.84
408500.0,2916500.0,56.08288,26.36562,9,37.03,5298.91
180500.0,2853500.0,53.81483,25.7648,9,18.44,21197.77
297500.0,2809500.0,54.98714,25.38857,9,116.24,976.7
304500.0,2826500.0,55.05422,25.54293,9,104.69,4419.24
167500.0,2850500.0,53.68615,25.73486,9,142.69,1735.79
206500.0,2858500.0,54.07264,25.81533,9,75.35,60625.2
331500.0,2900500.0,55.31339,26.21419,9,64.73,909.04
374500.0,2910500.0,55.74273,26.30887,9,136.59,256750.66
174500.0,2724500.0,53.78578,24.60035,9,147.54,10660.03
162500.0,2747500.0,53.66191,24.80515,9,170.0,4764.39
237500.0,2820500.0,54.38903,25.47844,9,68.92,24503.76
231500.0,2904500.0,54.31232,26.23505,9,164.2,263.82
247500.0,2909500.0,54.47137,26.28306,9,7.0,139.06
285500.0,2872500.0,54.85778,25.9554,9,69.14,3938.85
269500.0,2883500.0,54.69615,26.05219,9,86.79,365.22
321500.0,2826500.0,55.22335,25.54508,9,29.7,9.17
319500.0,2827500.0,55.20332,25.55387,9,103.21,13925.32
320500.0,2827500.0,55.21327,25.55399,9,118.28,482.24
317500.0,2869500.0,55.17764,25.9327,9,133.08,26688.88
322500.0,2874500.0,55.22688,25.97844,9,136.19,36192.07
373500.0,2909500.0,55.73281,26.29975,9,139.37,19117.41
449500.0,2810500.0,56.49788,25.41052,9,52.02,4.58
305500.0,2802500.0,55.06763,25.32646,9,0.78,1.33
301500.0,2897500.0,55.01369,26.18328,9,27.61,1438.73
165500.0,2748500.0,53.6913,24.81482,9,9.85,235.57
186500.0,2837500.0,53.87834,25.62183,9,56.66,1388.7
204500.0,2709500.0,54.08483,24.47109,9,67.58,8434.57
201500.0,2809500.0,54.03375,25.37243,9,99.99,17.3
203500.0,2863500.0,54.04162,25.85981,9,62.58,1656.66
250500.0,2757500.0,54.52974,24.91227,9,105.85,2.04
254500.0,2765500.0,54.5679,24.9851,9,113.62,30976.7
280500.0,2914500.0,54.80078,26.33362,9,88.85,1804.85
285500.0,2914500.0,54.85085,26.33438,9,81.55,15442.87
313500.0,2818500.0,55.14487,25.47189,9,12.84,9.27
324500.0,2802500.0,55.25632,25.32881,9,5.62,79.44
332500.0,2824500.0,55.33305,25.52832,9,59.63,9.66
386500.0,2872500.0,55.86625,25.96681,9,154.89,30.83
355500.0,2856500.0,55.55841,25.81962,9,138.11,717.09
372500.0,2879500.0,55.72574,26.02884,9,37.02,34.05
407500.0,2892500.0,56.07457,26.14887,9,7.08,73176.49
402500.0,2904500.0,56.02365,26.25688,9,72.93,2954.21
405500.0,2905500.0,56.05362,26.26611,9,129.63,102832.43
190500.0,2735500.0,53.94117,24.70285,9,91.7,38492.85
166500.0,2822500.0,53.68317,25.48221,9,74.41,5274.48
184500.0,2907500.0,53.84164,26.25254,9,64.09,11649.94
260500.0,2760500.0,54.62816,24.94095,9,74.47,870.07
259500.0,2847500.0,54.60284,25.72577,9,165.51,6.73
357500.0,2846500.0,55.57943,25.72954,9,117.51,636.9
184500.0,2778500.0,53.87218,25.08939,9,81.8,6246.76
171500.0,2820500.0,53.73332,25.46529,9,148.52,143819.74
191500.0,2832500.0,53.92922,25.57779,9,49.09,129625.76
194500.0,2868500.0,53.95077,25.90304,9,70.86,32680.87
192500.0,2906500.0,53.92187,26.24526,9,62.21,9815.51
197500.0,2897500.0,53.97397,26.16517,9,171.15,117.12
188500.0,2891500.0,53.88548,26.10915,9,139.47,17229.24
214500.0,2716500.0,54.18198,24.5361,9,91.43,15449.7
219500.0,2813500.0,54.21162,25.412,9,87.17,2942.86
225500.0,2863500.0,54.26093,25.86412,9,154.24,68005.7
220500.0,2866500.0,54.21044,25.89023,9,54.95,236195.39
218500.0,2880500.0,54.1875,26.01611,9,119.85,14159.68
262500.0,2759500.0,54.64813,24.93224,9,80.87,1875.03
270500.0,2788500.0,54.72246,25.19516,9,149.86,114.79
278500.0,2866500.0,54.78893,25.90021,9,38.61,582585.27
280500.0,2915500.0,54.80061,26.34264,9,157.3,15.23
310500.0,2876500.0,55.10676,25.99498,9,94.22,244239.38
348500.0,2868500.0,55.48722,25.92723,9,127.78,50494.18
347500.0,2867500.0,55.47735,25.9181,9,131.38,89823.0
344500.0,2895500.0,55.44407,26.17053,9,116.44,73.88
373500.0,2866500.0,55.73699,25.91157,9,131.54,27042.07
373500.0,2867500.0,55.73689,25.9206,9,141.76,139582.4
383500.0,2876500.0,55.83593,26.00268,9,31.62,21.08
382500.0,2876500.0,55.82594,26.0026,9,91.22,1999.14
379500.0,2908500.0,55.793,26.29124,9,93.15,14179.17
377500.0,2916500.0,55.77221,26.36329,9,143.05,42117.25
408500.0,2896500.0,56.08429,26.18505,9,147.99,16801.12
163500.0,2743500.0,53.67275,24.7693,9,140.49,19.22
244500.0,2764500.0,54.46909,24.97443,9,169.78,872.11
348500.0,2820500.0,55.49269,25.49393,9,104.75,132.93
337500.0,2860500.0,55.3784,25.85383,9,122.16,386852.23
360500.0,2909500.0,55.60262,26.29854,9,46.19,3.46
411500.0,2916500.0,56.11294,26.36581,9,123.16,7010.23
197500.0,2866500.0,53.98114,25.88563,9,100.85,9801.39
247500.0,2899500.0,54.47332,26.19285,9,82.06,45511.29
248500.0,2764500.0,54.50868,24.9751,9,177.22,21.66
285500.0,2801500.0,54.86919,25.31469,9,139.63,1022.75
291500.0,2820500.0,54.92583,25.48701,9,173.57,12619.84
268500.0,2863500.0,54.68969,25.87158,9,47.13,3652.01
271500.0,2894500.0,54.7142,26.15176,9,81.01,32806.22
302500.0,2793500.0,55.03915,25.24483,9,171.47,132657.78
316500.0,2818500.0,55.1747,25.47226,9,47.43,12.71
311500.0,2880500.0,55.11618,26.03121,9,175.83,9.65
406500.0,2907500.0,56.06349,26.28423,9,132.51,22965.52
184500.0,2768500.0,53.87447,24.99922,9,144.81,5.67
222500.0,2727500.0,54.25871,24.63679,9,50.7,66184.81
190500.0,2734500.0,53.94139,24.69383,9,91.24,7478.25
324500.0,2829500.0,55.25281,25.57252,9,15.03,1457.2
335500.0,2827500.0,55.36253,25.55573,9,110.64,5.68
347500.0,2856500.0,55.47862,25.81881,9,108.35,39330.43
353500.0,2851500.0,55.53902,25.77428,9,151.46,1333.65
392500.0,2871500.0,55.92625,25.95824,9,83.3,36.86
394500.0,2853500.0,55.94767,25.79587,9,142.37,4.01
394500.0,2904500.0,55.94355,26.25632,9,46.18,15752.6
404500.0,2878500.0,56.04559,26.02228,9,150.31,662.74
166500.0,2830500.0,53.68119,25.55433,9,77.96,73510.7
196500.0,2873500.0,53.96955,25.94855,9,150.71,7119.32
247500.0,2783500.0,54.4953,25.14636,9,143.77,40719.81
237500.0,2798500.0,54.3933,25.27997,9,67.1,158844.1
233500.0,2872500.0,54.33886,25.94679,9,65.51,34214.05
212500.0,2868500.0,54.13024,25.90671,9,62.88,44314.45
252500.0,2771500.0,54.54702,25.03892,9,103.96,473.66
293500.0,2810500.0,54.94725,25.39704,9,150.38,6981.29
252500.0,2897500.0,54.5237,26.17568,9,83.58,47409.76
338500.0,2825500.0,55.39262,25.53801,9,100.61,864.27
314500.0,2854500.0,55.14981,25.79694,9,167.13,18332.98
309500.0,2873500.0,55.09721,25.96777,9,10.04,43839.04
344500.0,2898500.0,55.44371,26.1976,9,136.55,204293.12
301500.0,2887500.0,55.01522,26.09304,9,17.52,9488.92
355500.0,2844500.0,55.55972,25.71129,9,48.93,1227.16
396500.0,2901500.0,55.96382,26.22938,9,141.6,744.62
377500.0,2911500.0,55.77268,26.31815,9,128.22,595209.46
381500.0,2915500.0,55.81238,26.3546,9,129.7,12354.07
247500.0,2739500.0,54.50332,24.74937,9,7.86,905.45
312500.0,2806500.0,55.13659,25.36346,9,26.63,22.97
174500.0,2783500.0,53.77198,25.13235,9,59.96,844.03
174500.0,2897500.0,53.74418,26.16015,9,54.11,238232.42
176500.0,2896500.0,53.7644,26.15159,9,54.44,608502.84
189500.0,2914500.0,53.88995,26.31674,9,77.8,21991.66
273500.0,2832500.0,54.74485,25.59265,9,109.64,39809.57
369500.0,2896500.0,55.69406,26.18204,9,20.09,15.04
167500.0,2739500.0,53.7132,24.73411,9,89.55,9135.88
194500.0,2737500.0,53.98023,24.72169,9,167.1,758.94
186500.0,2743500.0,53.89989,24.77418,9,70.0,29186.93
235500.0,2819500.0,54.36935,25.46906,9,93.71,7138.97
275500.0,2786500.0,54.77238,25.17786,9,167.28,103.47
271500.0,2831500.0,54.72512,25.58332,9,112.28,110786.91
276500.0,2827500.0,54.77553,25.54799,9,123.9,1003.12
276500.0,2833500.0,54.77453,25.60213,9,110.52,62456.47
299500.0,2800500.0,55.00834,25.30761,9,107.28,2148.38
323500.0,2824500.0,55.24351,25.52727,9,22.45,32475.83
335500.0,2851500.0,55.35957,25.77237,9,114.48,3507.24
435500.0,2779500.0,56.36015,25.13004,9,35.48,1.66
213500.0,2737500.0,54.16785,24.72535,9,110.22,20.9
178500.0,2774500.0,53.8137,25.05206,9,63.55,339.41
180500.0,2795500.0,53.8286,25.24184,9,77.8,3.78
231500.0,2720500.0,54.34887,24.57523,9,55.87,2155.07
281500.0,2808500.0,54.82835,25.37728,9,64.6,5544.93
253500.0,2843500.0,54.54382,25.68869,9,150.53,4522.21
170500.0,2828500.0,53.72143,25.5372,9,49.6,977.67
221500.0,2749500.0,54.24447,24.83507,9,76.22,21261.9
326500.0,2786500.0,55.27823,25.18462,9,177.86,15.75
325500.0,2822500.0,55.26367,25.50946,9,18.57,824.09
384500.0,2902500.0,55.84361,26.23749,9,161.79,5462.09
386500.0,2910500.0,55.86293,26.30987,9,106.42,7493.61
183500.0,2726500.0,53.87409,24.62026,9,107.25,28346.5
166500.0,2824500.0,53.68268,25.50024,9,146.62,1194.46
210500.0,2739500.0,54.13781,24.74283,9,73.24,227.74
223500.0,2749500.0,54.26424,24.83544,9,75.09,3383.4
298500.0,2841500.0,54.99227,25.6775,9,18.22,14140.65
290500.0,2879500.0,54.90657,26.01929,9,85.12,82357.45
325500.0,2786500.0,55.26831,25.1845,9,12.39,54.84
315500.0,2818500.0,55.16476,25.47214,9,150.88,2.28
320500.0,2831500.0,55.21273,25.59009,9,68.58,45628.98
303500.0,2823500.0,55.04471,25.51573,9,21.96,17.32
321500.0,2850500.0,55.22014,25.76171,9,107.97,49064.6
360500.0,2849500.0,55.60902,25.75691,9,138.24,3823.23
199500.0,2882500.0,53.99741,26.03033,9,117.06,656.55
222500.0,2918500.0,54.2193,26.3596,9,91.27,25742.36
276500.0,2772500.0,54.78458,25.05168,9,73.57,3935.31
292500.0,2916500.0,54.92063,26.35346,9,18.5,443750.94
314500.0,2820500.0,55.15454,25.49007,9,39.89,691306.96
338500.0,2916500.0,55.38143,26.35941,9,104.17,2414.34
429500.0,2917500.0,56.29329,26.37584,9,125.92,4044.32
225500.0,2770500.0,54.27985,25.02524,9,86.58,31764.82
237500.0,2774500.0,54.3979,25.06345,9,150.38,28848.91
249500.0,2731500.0,54.52451,24.67751,9,151.85,20639.3
286500.0,2765500.0,54.88473,24.98995,9,34.87,3.82
281500.0,2806500.0,54.82867,25.35923,9,56.05,115702.59
294500.0,2893500.0,54.94431,26.1462,9,83.82,19004.47
260500.0,2886500.0,54.60571,26.0778,9,38.65,168.75
307500.0,2882500.0,55.07592,26.04873,9,20.82,1493.39
411500.0,2917500.0,56.11287,26.37484,9,40.16,31652.49
284500.0,2840500.0,54.85302,25.66649,9,67.86,625.9
325500.0,2809500.0,55.26535,25.39211,9,113.56,454.97
347500.0,2910500.0,55.47231,26.30624,9,106.24,615041.83
345500.0,2909500.0,55.4524,26.297,9,106.21,1192986.82
382500.0,2880500.0,55.82558,26.03872,9,133.36,153.12
424500.0,2915500.0,56.24329,26.35753,9,37.15,37.94
315500.0,2843500.0,55.16131,25.69778,9,159.51,325.24
348500.0,2910500.0,55.48233,26.30635,9,16.24,1083705.88
264500.0,2789500.0,54.66279,25.20325,9,153.43,365.51
184500.0,2891500.0,53.84553,26.10828,9,77.89,5723.0
193500.0,2918500.0,53.92902,26.35367,9,72.21,7901.16
202500.0,2882500.0,54.02736,26.03095,9,89.21,1358.4
269500.0,2797500.0,54.71102,25.27622,9,121.39,3898.96
261500.0,2882500.0,54.61643,26.04187,9,87.06,30828.39
368500.0,2865500.0,55.68718,25.9021,9,116.5,251.82
176500.0,2833500.0,53.77985,25.5836,9,33.49,24783.6
169500.0,2830500.0,53.711,25.55501,9,147.16,2138.08
184500.0,2890500.0,53.84578,26.09927,9,52.25,208707.32
229500.0,2903500.0,54.29252,26.22566,9,70.74,544.77
205500.0,2882500.0,54.0573,26.03156,9,94.35,220.12
230500.0,2888500.0,54.30564,26.09055,9,72.49,161.95
271500.0,2785500.0,54.73288,25.16824,9,94.07,23.76
293500.0,2800500.0,54.94877,25.3068,9,162.85,7415.99
274500.0,2896500.0,54.74385,26.17028,9,87.59,18660.04
311500.0,2787500.0,55.12929,25.19184,9,105.63,3234.11
340500.0,2823500.0,55.41276,25.52018,9,165.63,15851.01
329500.0,2852500.0,55.29962,25.78071,9,22.39,10576.49
322500.0,2880500.0,55.22606,26.0326,9,78.47,1139.03
385500.0,2911500.0,55.85282,26.31882,9,150.99,7470.7
381500.0,2900500.0,55.81376,26.21919,9,115.07,31725.15
260500.0,2792500.0,54.62259,25.22969,9,61.29,28080.47
288500.0,2819500.0,54.89616,25.47756,9,45.84,5041.65
343500.0,2847500.0,55.43979,25.73714,9,129.5,103.96
392500.0,2893500.0,55.92444,26.15686,9,130.32,1526.83
247500.0,2811500.0,54.49011,25.39897,9,87.68,49343.36
294500.0,2789500.0,54.96036,25.20766,9,5.34,76381.32
260500.0,2812500.0,54.61906,25.41015,9,50.92,15729.32
305500.0,2782500.0,55.07048,25.14594,9,155.63,16558.23
275500.0,2850500.0,54.76172,25.75538,9,12.57,667.22
333500.0,2825500.0,55.34287,25.53746,9,58.24,245.45
393500.0,2877500.0,55.93575,26.01248,9,34.77,4.43
246500.0,2779500.0,54.48613,25.1101,9,132.26,42233.67
362500.0,2877500.0,55.62603,26.00987,9,120.23,2112.91
276500.0,2811500.0,54.77819,25.40361,9,146.52,4007.33
305500.0,2798500.0,55.0682,25.29035,9,87.76,780978.41
303500.0,2824500.0,55.04457,25.52475,9,135.0,1519.36
342500.0,2853500.0,55.42911,25.7912,9,116.86,1663832.85
397500.0,2875500.0,55.97588,25.99471,9,159.86,126.63
282500.0,2788500.0,54.84148,25.19694,9,40.1,9586.31
258500.0,2796500.0,54.60204,25.26546,9,119.06,7250.27
306500.0,2795500.0,55.07856,25.26341,9,121.73,15670.0
300500.0,2827500.0,55.01428,25.55142,9,161.52,3784.86
343500.0,2840500.0,55.44062,25.67395,9,44.02,168.54
338500.0,2891500.0,55.38455,26.13376,9,103.78,114.57
356500.0,2877500.0,55.56609,26.00929,9,90.84,78023.42
379500.0,2887500.0,55.79495,26.10166,9,130.41,4057.97
184500.0,2839500.0,53.85797,25.63943,9,136.82,55526.43
216500.0,2711500.0,54.2027,24.49137,9,90.72,26476.59
205500.0,2815500.0,54.07215,25.42734,9,67.49,25563.24
207500.0,2815500.0,54.09201,25.42773,9,69.14,6110.39
223500.0,2827500.0,54.24847,25.53903,9,82.86,1061049.2
249500.0,2815500.0,54.50923,25.4354,9,107.88,16192.94
264500.0,2805500.0,54.66002,25.34762,9,106.96,9270.08
432500.0,2844500.0,56.32714,25.71686,9,57.28,2989.03
293500.0,2809500.0,54.9474,25.38802,9,157.59,29676.1
250500.0,2758500.0,54.52956,24.92129,9,17.51,81.52
259500.0,2814500.0,54.60877,25.42803,9,123.89,85636.17
256500.0,2801500.0,54.5813,25.31025,9,156.75,652.39
254500.0,2811500.0,54.55964,25.40015,9,122.23,2614.64
396500.0,2872500.0,55.96612,25.96756,9,55.3,3.13
295500.0,2800500.0,54.96863,25.30707,8,20.77,2889.12
287500.0,2802500.0,54.88889,25.324,8,2.92,41.22
317500.0,2784500.0,55.18921,25.1655,8,130.67,5.55
352500.0,2863500.0,55.52771,25.88251,8,26.01,408244.63
419500.0,2918500.0,56.193,26.38434,8,123.9,45297.31
401500.0,2904500.0,56.01364,26.25681,8,130.11,8486.64
409500.0,2909500.0,56.09339,26.30248,8,134.34,484107.7
302500.0,2836500.0,55.03285,25.63292,8,47.59,3180.45
265500.0,2793500.0,54.67202,25.2395,8,108.74,2744.7
262500.0,2838500.0,54.63433,25.64506,8,80.97,192.52
405500.0,2902500.0,56.05384,26.23903,8,43.29,2.9
413500.0,2917500.0,56.13292,26.37496,8,120.6,2771.12
261500.0,2756500.0,54.63875,24.90501,8,174.2,6828.84
277500.0,2777500.0,54.79368,25.09694,8,90.88,3184.47
318500.0,2819500.0,55.19445,25.48154,8,95.79,6.93
408500.0,2915500.0,56.08295,26.35659,8,42.08,770.32
400500.0,2907500.0,56.0034,26.28383,8,45.34,72.52
192500.0,2757500.0,53.95607,24.90166,8,41.42,9772.14
185500.0,2822500.0,53.87191,25.48636,8,73.33,129499.59
198500.0,2812500.0,54.0033,25.39888,8,74.24,12156.65
200500.0,2885500.0,54.00671,26.05759,8,56.75,79397.89
248500.0,2738500.0,54.51338,24.74051,8,135.19,18.08
279500.0,2783500.0,54.81253,25.15138,8,58.25,234.36
288500.0,2802500.0,54.89882,25.32415,8,120.37,59871.47
320500.0,2812500.0,55.21527,25.4186,8,141.45,7.58
325500.0,2810500.0,55.26522,25.40114,8,140.51,13.14
341500.0,2863500.0,55.41794,25.88135,8,122.0,43574.2
380500.0,2884500.0,55.80522,26.07466,8,137.53,374.52
383500.0,2886500.0,55.83504,26.09296,8,136.67,50509.26
388500.0,2886500.0,55.88503,26.09336,8,137.16,108742.49
173500.0,2774500.0,53.76421,25.05099,8,65.07,2470.48
262500.0,2769500.0,54.64641,25.02247,8,15.98,666.98
263500.0,2849500.0,54.64233,25.74447,8,2.5,516.67
328500.0,2822500.0,55.29351,25.50981,8,173.07,47.75
308500.0,2840500.0,55.09201,25.66981,8,37.64,6.99
332500.0,2828500.0,55.33255,25.56442,8,39.19,3.45
180500.0,2735500.0,53.84246,24.7008,8,1.27,2028.02
240500.0,2754500.0,54.43137,24.88353,8,162.52,6165.97
246500.0,2748500.0,54.49181,24.8304,8,30.54,402.35
259500.0,2824500.0,54.60698,25.51826,8,125.53,6364.58
281500.0,2893500.0,54.81434,26.14429,8,84.29,32219.5
322500.0,2818500.0,55.23436,25.473,8,15.57,6960.99
343500.0,2892500.0,55.43443,26.14334,8,112.38,1481.59
247500.0,2777500.0,54.4964,25.09222,8,38.68,10434.98
243500.0,2844500.0,54.44407,25.696,8,72.58,3524.88
248500.0,2785500.0,54.50485,25.16457,8,102.84,1704.66
281500.0,2793500.0,54.83076,25.24192,8,132.26,63113.94
273500.0,2799500.0,54.75039,25.29487,8,128.11,1890.42
309500.0,2798500.0,55.10791,25.29087,8,89.0,7347.67
314500.0,2805500.0,55.1566,25.35468,8,147.01,3091.43
309500.0,2853500.0,55.10011,25.78727,8,100.69,334.68
349500.0,2861500.0,55.498,25.86415,8,32.11,5011.74
348500.0,2861500.0,55.48802,25.86405,8,115.66,39937.73
307500.0,2865500.0,55.07842,25.89531,8,13.05,18060.11
349500.0,2862500.0,55.49788,25.87318,8,125.7,4131.64
176500.0,2881500.0,53.76812,26.01636,8,89.5,50006.22
254500.0,2760500.0,54.56879,24.93999,8,88.71,2619.93
289500.0,2794500.0,54.90999,25.25209,8,75.46,1878.91
306500.0,2813500.0,55.07599,25.42587,8,41.89,421.21
323500.0,2828500.0,55.24299,25.56338,8,18.9,3.01
324500.0,2827500.0,55.25307,25.55447,8,65.45,1227.34
360500.0,2865500.0,55.60733,25.90135,8,143.2,4904.27
177500.0,2751500.0,53.80916,24.84445,8,107.37,997.97
164500.0,2774500.0,53.67513,25.04902,8,166.54,457.46
199500.0,2861500.0,54.00221,25.84096,8,126.54,962729.36
201500.0,2814500.0,54.03264,25.41752,8,126.97,27262.62
218500.0,2830500.0,54.19813,25.56515,8,136.52,10.11
212500.0,2883500.0,54.12695,26.04199,8,79.83,245754.31
256500.0,2811500.0,54.5795,25.40047,8,115.9,367.97
287500.0,2895500.0,54.874,26.16323,8,82.7,136070.88
339500.0,2815500.0,55.40377,25.44785,8,11.3,2.29
325500.0,2819500.0,55.26406,25.48238,8,104.75,22.37
378500.0,2848500.0,55.78856,25.74949,8,42.36,5198.16
359500.0,2874500.0,55.59639,25.9825,8,107.22,588.64
182500.0,2750500.0,53.85879,24.83648,8,158.95,2.67
232500.0,2737500.0,54.35551,24.72878,8,15.62,409.06
206500.0,2739500.0,54.0983,24.74207,8,144.68,58.99
238500.0,2752500.0,54.41197,24.86514,8,48.71,2723.73
238500.0,2791500.0,54.40457,25.21699,8,48.42,11323.04
301500.0,2771500.0,55.03241,25.04614,8,45.65,10229.8
327500.0,2821500.0,55.28369,25.50066,8,86.2,31378.02
335500.0,2857500.0,55.35882,25.82653,8,126.11,64496.67
224500.0,2721500.0,54.27962,24.58302,8,159.43,129.23
216500.0,2899500.0,54.1634,26.18707,8,62.06,54.07
268500.0,2796500.0,54.70127,25.26704,8,78.16,682.51
298500.0,2830500.0,54.99393,25.57823,8,90.4,474.38
322500.0,2811500.0,55.23528,25.40981,8,32.73,112.62
321500.0,2822500.0,55.22388,25.50898,8,83.91,3357.76
299500.0,2835500.0,55.00313,25.62349,8,41.14,26.65
380500.0,2871500.0,55.80641,25.9573,8,107.57,415.81
187500.0,2758500.0,53.90641,24.90966,8,40.38,4741.83
197500.0,2829500.0,53.98955,25.55198,8,39.61,454630.72
185500.0,2881500.0,53.85793,26.01834,8,52.76,377.22
186500.0,2881500.0,53.86791,26.01856,8,144.35,338.41
198500.0,2743500.0,54.01843,24.77659,8,58.29,7121.28
232500.0,2757500.0,54.35167,24.90921,8,56.44,24559.2
219500.0,2771500.0,54.22025,25.03316,8,38.06,53088.71
218500.0,2808500.0,54.20272,25.36671,8,102.11,9671.92
246500.0,2828500.0,54.47697,25.55217,8,122.15,248163.81
246500.0,2829500.0,54.47678,25.5612,8,126.49,100868.41
221500.0,2858500.0,54.2221,25.81827,8,62.06,2264.37
214500.0,2860500.0,54.15192,25.83495,8,59.41,6661.17
292500.0,2808500.0,54.93762,25.37886,8,30.48,536.36
271500.0,2896500.0,54.71385,26.1698,8,81.84,358779.71
302500.0,2831500.0,55.03359,25.58779,8,168.33,4032.06
302500.0,2830500.0,55.03374,25.57877,8,65.73,15.87
301500.0,2830500.0,55.02379,25.57863,8,161.61,874.85
315500.0,2858500.0,55.15922,25.83317,8,175.08,138.79
352500.0,2839500.0,55.53038,25.66586,8,31.06,4756.34
350500.0,2864500.0,55.50764,25.89133,8,35.07,1098.84
385500.0,2888500.0,55.85486,26.11118,8,124.97,1475.1
385500.0,2884500.0,55.85521,26.07507,8,134.39,3483.86
226500.0,2811500.0,54.28154,25.39527,8,97.22,21152.92
239500.0,2865500.0,54.40011,25.88473,8,59.66,1094.62
296500.0,2793500.0,54.9796,25.24403,8,89.3,35865.24
294500.0,2780500.0,54.96171,25.12643,8,135.67,2096.09
267500.0,2780500.0,54.69407,25.12251,8,130.79,22312.72
288500.0,2846500.0,54.89189,25.72122,8,96.04,343131.31
306500.0,2790500.0,55.07927,25.21828,8,84.51,15232.6
304500.0,2814500.0,55.05597,25.43463,8,105.35,87.58
324500.0,2808500.0,55.25555,25.38297,8,3.56,461.48
174500.0,2757500.0,53.77811,24.89792,8,56.33,10095.2
167500.0,2778500.0,53.70386,25.08574,8,156.49,5.99
169500.0,2883500.0,53.69778,26.03281,8,59.81,363703.58
238500.0,2754500.0,54.41159,24.88319,8,98.52,41.74
240500.0,2834500.0,54.41614,25.60526,8,138.21,15.72
216500.0,2907500.0,54.16165,26.25922,8,76.67,6353.73
338500.0,2816500.0,55.3937,25.45677,8,149.19,275508.97
372500.0,2849500.0,55.72865,25.75801,8,83.2,11668.6
389500.0,2908500.0,55.89315,26.29205,8,109.23,124707.12
438500.0,2804500.0,56.38878,25.35592,8,165.16,102.19
442500.0,2796500.0,56.42887,25.28384,8,68.85,8.6
402500.0,2913500.0,56.02297,26.33814,8,129.54,3886.62
177500.0,2738500.0,53.81215,24.72723,8,83.85,748.21
171500.0,2890500.0,53.71597,26.09637,8,160.7,1932.56
242500.0,2728500.0,54.45594,24.64929,8,126.29,785.94
228500.0,2826500.0,54.29838,25.53094,8,46.73,93354.59
233500.0,2860500.0,54.34129,25.83854,8,32.75,75247.98
298500.0,2905500.0,54.98244,26.25506,8,106.64,239.02
321500.0,2794500.0,55.22758,25.25624,8,151.95,13114.03
326500.0,2824500.0,55.27336,25.52763,8,60.84,3010.42
384500.0,2884500.0,55.84521,26.07499,8,141.29,986.13
411500.0,2912500.0,56.11322,26.32969,8,127.37,201223.06
187500.0,2735500.0,53.91156,24.70224,8,89.82,5795.22
206500.0,2779500.0,54.08984,25.10285,8,95.92,3088.22
244500.0,2920500.0,54.43917,26.38175,8,82.6,25320.34
269500.0,2841500.0,54.70349,25.67324,8,8.12,43882.43
266500.0,2844500.0,54.6731,25.69983,8,75.59,3693.09
350500.0,2851500.0,55.50911,25.77398,8,125.68,9686.26
389500.0,2871500.0,55.89629,25.95801,8,12.43,1012.06
376500.0,2909500.0,55.76286,26.30001,8,137.32,9317.2
275500.0,2836500.0,54.76408,25.62905,8,76.44,103867.51
261500.0,2844500.0,54.6233,25.69903,8,89.07,1009865.36
353500.0,2859500.0,55.53813,25.8465,8,131.49,287099.97
168500.0,2891500.0,53.68577,26.10469,8,88.73,736.38
228500.0,2798500.0,54.30401,25.27836,8,79.18,1004.32
244500.0,2864500.0,54.45017,25.8766,8,70.63,3389.51
265500.0,2789500.0,54.6727,25.20341,8,160.77,1338.78
266500.0,2892500.0,54.66458,26.13291,8,90.81,5152.16
296500.0,2915500.0,54.96085,26.34501,8,17.59,1088.77
327500.0,2788500.0,55.28789,25.20279,8,129.98,1879.06
186500.0,2740500.0,53.90057,24.74713,8,81.28,34905.25
180500.0,2743500.0,53.84063,24.77294,8,92.36,3416.35
194500.0,2859500.0,53.95285,25.82189,8,143.42,27799.77
238500.0,2744500.0,54.41347,24.79297,8,91.96,193208.73
238500.0,2847500.0,54.39369,25.72218,8,59.99,470.29
296500.0,2809500.0,54.97721,25.38843,8,98.08,307.13
286500.0,2784500.0,54.88178,25.16142,8,46.27,1172.52
193500.0,2815500.0,53.95298,25.42491,8,69.81,1269.0
241500.0,2812500.0,54.43032,25.40697,8,116.86,3220.39
226500.0,2807500.0,54.28235,25.35918,8,61.8,59842.16
205500.0,2809500.0,54.07346,25.37322,8,128.66,124105.08
225500.0,2808500.0,54.27222,25.36802,8,152.87,9877.26
215500.0,2829500.0,54.16851,25.55555,8,21.3,301.13
262500.0,2746500.0,54.65035,24.81493,8,43.51,1.33
253500.0,2777500.0,54.55585,25.09321,8,92.25,190648.16
363500.0,2860500.0,55.63779,25.8565,8,61.14,81.72
354500.0,2859500.0,55.54811,25.8466,8,2.47,5829.87
202500.0,2870500.0,54.03008,25.92274,8,160.12,165.99
190500.0,2806500.0,53.92525,25.34313,8,122.96,22943.19
169500.0,2800500.0,53.71834,25.28453,8,19.64,31962.25
174500.0,2851500.0,53.75558,25.74545,8,42.31,6566.88
173500.0,2851500.0,53.74562,25.74522,8,134.13,154.4
198500.0,2872500.0,53.98973,25.93995,8,158.72,110.55
167500.0,2921500.0,53.66808,26.37489,8,58.87,210299.59
221500.0,2856500.0,54.22252,25.80023,8,144.44,30646.56
205500.0,2869500.0,54.06022,25.91433,8,160.32,5871.44
208500.0,2890500.0,54.08546,26.10431,8,161.08,25798.12
208500.0,2907500.0,54.08164,26.25762,8,172.73,28.19
226500.0,2911500.0,54.26083,26.29724,8,152.26,2873.73
256500.0,2716500.0,54.59623,24.54328,8,41.79,57.6
277500.0,2849500.0,54.78181,25.74666,8,67.1,14742.29
283500.0,2868500.0,54.83848,25.91901,8,80.39,78858.01
258500.0,2870500.0,54.58868,25.93311,8,53.0,53856.38
263500.0,2884500.0,54.63604,26.06025,8,166.13,74.17
327500.0,2826500.0,55.28305,25.5458,8,67.61,34267.98
307500.0,2871500.0,55.07754,25.94946,8,107.82,146.64
347500.0,2881500.0,55.47572,26.04448,8,91.4,29019.68
308500.0,2878500.0,55.0865,26.01276,8,115.73,4.25
382500.0,2896500.0,55.82413,26.18316,8,146.14,728.78
170500.0,2767500.0,53.73619,24.98722,8,33.55,18.8
177500.0,2854500.0,53.78471,25.77316,8,74.68,585.54
205500.0,2708500.0,54.09489,24.46226,8,69.48,19481.7
228500.0,2887500.0,54.28587,26.08116,8,120.77,58471.32
260500.0,2785500.0,54.62382,25.16653,8,117.72,1062.76
283500.0,2880500.0,54.8365,26.02729,8,86.63,22463.66
312500.0,2784500.0,55.13962,25.16488,8,108.85,50204.69
323500.0,2793500.0,55.24756,25.24745,8,43.28,32.06
326500.0,2819500.0,55.274,25.48249,8,0.9,1818.35
343500.0,2832500.0,55.44155,25.60174,8,145.87,69192.4
317500.0,2909500.0,55.17204,26.2937,8,99.94,116.53
350500.0,2852500.0,55.50899,25.78301,8,50.76,1650.19
356500.0,2857500.0,55.56828,25.82875,8,137.69,1814.05
375500.0,2883500.0,55.75534,26.06521,8,114.33,10253.78
357500.0,2917500.0,55.57169,26.37046,8,102.99,4533.17
356500.0,2917500.0,55.56167,26.37036,8,105.33,43053.78
211500.0,2781500.0,54.13895,25.12185,8,65.64,66.13
241500.0,2846500.0,54.42377,25.71369,8,75.36,1902.81
232500.0,2885500.0,54.32623,26.06386,8,33.56,6.27
227500.0,2887500.0,54.27588,26.08097,8,47.77,9578.15
249500.0,2739500.0,54.52308,24.74969,8,91.84,1.99
270500.0,2773500.0,54.72497,25.0598,8,12.69,39.93
261500.0,2774500.0,54.63564,25.06743,8,44.09,1932529.55
297500.0,2818500.0,54.98579,25.46979,8,177.24,28.15
285500.0,2862500.0,54.85941,25.86516,8,57.57,11275.89
280500.0,2865500.0,54.80905,25.89149,8,57.64,3228.0
318500.0,2801500.0,55.19687,25.31907,8,49.01,533.51
301500.0,2896500.0,55.01385,26.17426,8,13.3,365.13
339500.0,2915500.0,55.39157,26.3505,8,102.66,18090.47
392500.0,2870500.0,55.92633,25.94921,8,102.96,156754.86
363500.0,2882500.0,55.6355,26.0551,8,113.47,47510.34
446500.0,2794500.0,56.46868,25.26593,8,12.9,5.22
439500.0,2792500.0,56.39925,25.2476,8,152.51,58.78
439500.0,2794500.0,56.39916,25.26566,8,172.67,14034.71
441500.0,2793500.0,56.41907,25.25671,8,54.33,1255.65
403500.0,2903500.0,56.03374,26.24792,8,133.64,58801.01
404500.0,2904500.0,56.04368,26.25702,8,134.28,320554.21
203500.0,2878500.0,54.03824,25.99508,8,68.61,2868.98
204500.0,2868500.0,54.05047,25.90511,8,173.36,3669.37
205500.0,2877500.0,54.05842,25.98647,8,48.15,20490.08
255500.0,2899500.0,54.55332,26.19424,8,82.81,105480.71
380500.0,2876500.0,55.80596,26.00244,8,62.49,1310.69
409500.0,2899500.0,56.09409,26.2122,8,149.37,23251.55
404500.0,2916500.0,56.04279,26.36536,8,39.18,24450.06
168500.0,2794500.0,53.70989,25.23022,8,109.83,17999.67
168500.0,2815500.0,53.70476,25.41955,8,149.56,13383.01
191500.0,2888500.0,53.91615,26.08275,8,144.85,16692.46
198500.0,2896500.0,53.98419,26.15636,8,161.9,5931.37
243500.0,2836500.0,54.44561,25.62383,8,17.58,6.31
199500.0,2868500.0,54.00062,25.90408,8,150.86,13.23
211500.0,2875500.0,54.11873,25.96964,8,136.35,399.2
213500.0,2874500.0,54.13891,25.96102,8,159.87,22.84
257500.0,2779500.0,54.59513,25.11191,8,149.66,13129.69
262500.0,2784500.0,54.64382,25.15782,8,160.88,17905.17
255500.0,2781500.0,54.57496,25.12963,8,174.84,219.23
271500.0,2787500.0,54.73255,25.18629,8,145.94,22.23
277500.0,2773500.0,54.79432,25.06085,8,76.41,48614.17
255500.0,2775500.0,54.57603,25.07549,8,145.93,16497.44
288500.0,2821500.0,54.89585,25.49561,8,166.63,558.55
256500.0,2883500.0,54.56631,26.05006,8,96.83,36738.63
312500.0,2801500.0,55.13728,25.31833,8,77.02,167.92
324500.0,2837500.0,55.25176,25.64473,8,55.72,152770.98
314500.0,2843500.0,55.15135,25.69766,8,15.64,1564.88
306500.0,2869500.0,55.06785,25.93127,8,12.52,4726.44
195500.0,2715500.0,53.99485,24.52347,8,21.28,1.16
191500.0,2836500.0,53.9283,25.61386,8,46.62,205180.54
194500.0,2848500.0,53.95538,25.7227,8,66.7,10423.98
244500.0,2798500.0,54.46276,25.28118,8,80.3,3499.03
220500.0,2801500.0,54.22402,25.30395,8,67.78,90213.36
247500.0,2866500.0,54.4797,25.89516,8,53.6,743.77
172500.0,2740500.0,53.76233,24.7442,8,67.89,4141.11
163500.0,2744500.0,53.67251,24.77832,8,98.61,182.21
192500.0,2749500.0,53.95784,24.82951,8,52.39,4593.77
195500.0,2865500.0,53.96143,25.8762,8,106.89,38419.1
191500.0,2861500.0,53.92249,25.83929,8,108.23,12057.3
175500.0,2887500.0,53.75666,26.07022,8,55.75,16872.4
231500.0,2717500.0,54.34944,24.54817,8,107.91,44.36
220500.0,2732500.0,54.23798,24.68154,8,51.48,283.01
203500.0,2715500.0,54.07372,24.52502,8,1.37,21312.74
223500.0,2719500.0,54.27015,24.5648,8,130.27,12.89
247500.0,2805500.0,54.49123,25.34484,8,45.92,165.91
221500.0,2801500.0,54.23394,25.30414,8,68.39,28150.74
232500.0,2833500.0,54.33675,25.59481,8,99.38,37704.92
231500.0,2845500.0,54.32439,25.70287,8,124.02,2227.19
250500.0,2774500.0,54.52667,25.06565,8,18.78,42129.16
291500.0,2807500.0,54.92784,25.36969,8,118.43,83016.05
253500.0,2898500.0,54.53351,26.18487,8,83.97,40262.8
334500.0,2832500.0,55.35196,25.60076,8,27.15,2.79
337500.0,2850500.0,55.37963,25.76357,8,25.76,38.94
302500.0,2897500.0,55.02369,26.18342,8,109.41,260.23
321500.0,2912500.0,55.21167,26.32128,8,9.13,30.16
352500.0,2842500.0,55.53005,25.69294,8,148.11,326.32
379500.0,2876500.0,55.79597,26.00236,8,23.97,13551.41
383500.0,2878500.0,55.83575,26.02074,8,137.6,1.51
384500.0,2881500.0,55.84548,26.0479,8,147.19,5830.38
396500.0,2908500.0,55.96326,26.29257,8,115.57,312.45
245500.0,2770500.0,54.47788,25.02873,8,23.1,67662.39
244500.0,2803500.0,54.46182,25.32629,8,61.39,221180.83
226500.0,2854500.0,54.27276,25.78313,8,60.41,5963.4
283500.0,2781500.0,54.85251,25.13392,8,159.48,21893.76
273500.0,2792500.0,54.75155,25.23171,8,113.54,4954.93
251500.0,2842500.0,54.5241,25.67933,8,74.47,765317.44
305500.0,2771500.0,55.07204,25.04666,8,46.41,1793.3
328500.0,2828500.0,55.29274,25.56397,8,27.35,9.32
208500.0,2742500.0,54.11743,24.76951,8,51.9,125879.43
215500.0,2813500.0,54.17189,25.41124,8,169.46,5.47
221500.0,2848500.0,54.2242,25.72807,8,67.76,182344.28
228500.0,2862500.0,54.29104,25.85566,8,51.95,10064.81
232500.0,2872500.0,54.32888,25.9466,8,101.11,2187563.22
242500.0,2883500.0,54.42649,26.04764,8,56.38,311.7
290500.0,2812500.0,54.91713,25.41467,8,163.23,9.57
331500.0,2828500.0,55.3226,25.56431,8,160.47,76.07
324500.0,2830500.0,55.25268,25.58155,8,18.11,4567.88
351500.0,2898500.0,55.51375,26.19834,8,23.11,316062.61
395500.0,2905500.0,55.95348,26.26542,8,133.54,1831709.32
190500.0,2822500.0,53.92158,25.48741,8,66.84,358935.42
185500.0,2824500.0,53.87144,25.50439,8,66.36,245945.29
170500.0,2921500.0,53.6981,26.37559,8,61.72,2148.15
197500.0,2742500.0,54.00877,24.76738,8,59.65,132923.01
241500.0,2772500.0,54.4379,25.0461,8,160.61,20403.6
231500.0,2786500.0,54.33613,25.17065,8,93.13,20422.27
249500.0,2864500.0,54.50003,25.87746,8,58.76,1.3
246500.0,2859500.0,54.47107,25.83184,8,0.84,1286.21
207500.0,2854500.0,54.08348,25.77946,8,17.83,104.8
217500.0,2907500.0,54.17165,26.25942,8,72.5,23934.59
251500.0,2787500.0,54.53422,25.18311,8,32.71,7402.97
269500.0,2867500.0,54.69897,25.90783,8,65.88,13422.79
326500.0,2805500.0,55.2758,25.35612,8,108.73,199.42
336500.0,2811500.0,55.37442,25.41142,8,179.84,2204.29
306500.0,2838500.0,55.07238,25.6515,8,102.29,1022.02
333500.0,2869500.0,55.33736,25.93462,8,86.97,27902.6
320500.0,2851500.0,55.21004,25.77061,8,33.1,45426.46
304500.0,2880500.0,55.04625,26.03028,8,12.61,1881.96
304500.0,2911500.0,55.04158,26.31003,8,170.94,2855.04
352500.0,2844500.0,55.52982,25.71099,8,145.79,18615.5
377500.0,2912500.0,55.77259,26.32718,8,128.27,1624815.37
278500.0,2782500.0,54.80278,25.14221,8,130.65,7709.04
176500.0,2741500.0,53.80159,24.75407,8,78.92,8283.51
175500.0,2752500.0,53.78916,24.85305,8,31.74,36.37
194500.0,2743500.0,53.97892,24.7758,8,59.74,212856.34
179500.0,2860500.0,53.80317,25.82769,8,93.56,108746.27
235500.0,2725500.0,54.3874,24.62103,8,19.27,147750.61
234500.0,2803500.0,54.36256,25.32454,8,76.32,1412387.76
296500.0,2812500.0,54.97676,25.41551,8,157.02,22283.14
276500.0,2825500.0,54.77587,25.52994,8,116.68,3337.4
290500.0,2858500.0,54.90992,25.82979,8,56.21,129891.56
290500.0,2915500.0,54.90076,26.34414,8,88.95,7841.32
305500.0,2885500.0,55.05549,26.07553,8,170.07,3298.63
302500.0,2908500.0,55.02201,26.28269,8,23.25,97.43
371500.0,2914500.0,55.71228,26.34471,8,117.08,1261.5
168500.0,2739500.0,53.72307,24.73433,8,90.21,5053.4
173500.0,2898500.0,53.73394,26.16894,8,53.86,23073.81
201500.0,2718500.0,54.05337,24.55169,8,119.0,543.11
212500.0,2715500.0,54.16246,24.52671,8,92.48,132512.46
239500.0,2796500.0,54.41353,25.26227,8,144.78,1480.89
238500.0,2819500.0,54.39917,25.46959,8,93.13,28692.54
235500.0,2857500.0,54.36182,25.81185,8,145.4,13343.65
231500.0,2890500.0,54.31521,26.10878,8,148.53,189.62
243500.0,2901500.0,54.43293,26.21019,8,69.84,78114.87
230500.0,2906500.0,54.3019,26.2529,8,68.35,19875.51
219500.0,2908500.0,54.19144,26.26883,8,156.21,7701.78
290500.0,2788500.0,54.92083,25.19808,8,46.63,88780.54
287500.0,2840500.0,54.88289,25.66693,8,68.92,477.36
347500.0,2842500.0,55.48023,25.69243,8,10.68,2271.99
333500.0,2828500.0,55.3425,25.56454,8,50.76,4.17
344500.0,2890500.0,55.44467,26.12539,8,174.11,4374.33
330500.0,2912500.0,55.30181,26.32238,8,96.9,11359.02
357500.0,2915500.0,55.57191,26.35241,8,10.71,155.69
197500.0,2770500.0,54.00267,25.0199,8,27.78,222.32
209500.0,2819500.0,54.11101,25.4642,8,48.78,58496.07
200500.0,2815500.0,54.02249,25.42634,8,83.13,6141830.86
228500.0,2856500.0,54.29227,25.80154,8,59.31,63311.7
259500.0,2787500.0,54.61355,25.18441,8,127.72,911.03
337500.0,2829500.0,55.38219,25.57401,8,6.32,711.88
360500.0,2861500.0,55.60775,25.86524,8,102.55,6394.15
173500.0,2733500.0,53.77383,24.6813,8,69.14,17384.76
189500.0,2759500.0,53.92596,24.91909,8,38.3,481118.66
177500.0,2829500.0,53.79076,25.54776,8,70.41,14556.17
176500.0,2828500.0,53.78106,25.53852,8,76.95,1040639.53
178500.0,2914500.0,53.77991,26.31431,8,95.56,27675.25
193500.0,2914500.0,53.92997,26.3176,8,72.11,4453.64
237500.0,2735500.0,54.40527,24.7116,8,117.54,313243.76
211500.0,2890500.0,54.11542,26.10492,8,93.08,1262.86
254500.0,2720500.0,54.5758,24.57906,8,80.34,11755.83
265500.0,2814500.0,54.66839,25.42899,8,141.63,622096.88
274500.0,2863500.0,54.74953,25.87252,8,50.7,1642.35
271500.0,2863500.0,54.71961,25.87206,8,49.59,98966.18
327500.0,2786500.0,55.28815,25.18473,8,52.94,20.26
327500.0,2882500.0,55.27575,26.05125,8,123.32,1039388.73
335500.0,2911500.0,55.35201,26.31394,8,104.46,34.85
388500.0,2862500.0,55.88707,25.87668,8,43.84,105480.43
391500.0,2906500.0,55.91335,26.27415,8,131.67,18598.16
407500.0,2884500.0,56.07514,26.07664,8,18.18,13972.32
416500.0,2916500.0,56.16305,26.36611,8,128.57,49702.91
187500.0,2748500.0,53.90865,24.81948,8,60.73,31387.51
247500.0,2801500.0,54.49197,25.30876,8,66.83,640.79
199500.0,2845500.0,54.00584,25.69668,8,55.36,100659.53
281500.0,2810500.0,54.82803,25.39533,8,58.98,362.34
326500.0,2801500.0,55.27632,25.32002,8,152.64,16.51
300500.0,2830500.0,55.01383,25.5785,8,103.62,11375.25
445500.0,2778500.0,56.45939,25.1214,8,89.71,35569.47
188500.0,2728500.0,53.92298,24.63932,8,109.49,3339.45
213500.0,2912500.0,54.13054,26.30372,8,62.67,29178.93
262500.0,2752500.0,54.64933,24.86907,8,122.02,52.15
263500.0,2765500.0,54.657,24.98653,8,102.51,11579.98
281500.0,2803500.0,54.82916,25.33216,8,58.1,26271.67
258500.0,2840500.0,54.59415,25.66245,8,167.93,19368.16
259500.0,2840500.0,54.60411,25.66262,8,82.26,166901.92
299500.0,2912500.0,54.99136,26.31836,8,20.48,7196.18
299500.0,2808500.0,55.00716,25.37981,8,150.92,29623.4
361500.0,2842500.0,55.61972,25.69382,8,105.49,31097.58
384500.0,2903500.0,55.84352,26.24652,8,158.46,4884.35
170500.0,2734500.0,53.74399,24.68967,8,90.06,261194.76
180500.0,2725500.0,53.84473,24.61062,8,108.17,97564.57
225500.0,2751500.0,54.28361,24.85384,8,70.94,15.32
223500.0,2780500.0,54.25804,25.11508,8,58.02,73988.24
206500.0,2864500.0,54.0713,25.86944,8,149.28,4801.24
271500.0,2840500.0,54.72358,25.66453,8,90.5,4367.87
270500.0,2875500.0,54.70755,25.98017,8,57.7,3996.56
291500.0,2879500.0,54.91656,26.01944,8,87.17,44212.29
300500.0,2810500.0,55.0168,25.398,8,44.3,22.19
320500.0,2796500.0,55.21739,25.27418,8,116.13,5214.2
299500.0,2809500.0,55.00701,25.38884,8,151.17,9840.62
327500.0,2828500.0,55.28279,25.56385,8,1.69,2.33
315500.0,2845500.0,55.16103,25.71583,8,59.45,14701.85
359500.0,2842500.0,55.59979,25.69363,8,18.89,2377.31
171500.0,2891500.0,53.71572,26.10538,8,63.49,36228.99
217500.0,2885500.0,54.17644,26.06101,8,81.65,2630.56
293500.0,2915500.0,54.9308,26.34458,8,17.84,38103.84
327500.0,2809500.0,55.28523,25.39235,8,105.84,209.37
301500.0,2811500.0,55.02659,25.40716,8,109.49,42.82
224500.0,2770500.0,54.26995,25.02506,8,87.1,46872.69
245500.0,2774500.0,54.47714,25.06482,8,130.39,2651.74
263500.0,2732500.0,54.6626,24.68875,8,130.82,14.35
249500.0,2730500.0,54.52469,24.66849,8,153.52,3167.28
279500.0,2819500.0,54.80669,25.47625,8,48.35,81037.11
285500.0,2803500.0,54.86887,25.33274,8,133.19,5101.48
297500.0,2891500.0,54.97462,26.12858,8,86.32,96960.14
279500.0,2913500.0,54.79094,26.32444,8,99.32,38121.85
302500.0,2886500.0,55.02537,26.08415,8,10.83,967.84
382500.0,2898500.0,55.82395,26.20122,8,131.03,175.74
308500.0,2804500.0,55.09714,25.3449,8,74.2,4886.4
325500.0,2856500.0,55.25922,25.81634,8,115.87,509730.47
375500.0,2864500.0,55.75714,25.89369,8,135.16,7071.78
360500.0,2864500.0,55.60744,25.89233,8,119.28,50480.03
387500.0,2880500.0,55.87555,26.03911,8,147.9,5351.61
388500.0,2882500.0,55.88537,26.05725,8,167.27,166.59
304500.0,2817500.0,55.05553,25.46171,8,144.45,1857.56
328500.0,2829500.0,55.29262,25.57299,8,10.41,31744.59
344500.0,2909500.0,55.44239,26.29689,8,106.23,1350888.96
379500.0,2883500.0,55.79532,26.06555,8,132.44,8248.24
381500.0,2916500.0,55.81229,26.36363,8,138.5,15063.26
267500.0,2792500.0,54.69203,25.23079,8,73.21,5632.14
278500.0,2839500.0,54.79344,25.65658,8,3.11,1851.55
342500.0,2826500.0,55.4323,25.54747,8,149.61,17446.2
184500.0,2739500.0,53.88104,24.7377,8,99.8,1106866.44
196500.0,2722500.0,54.00321,24.5868,8,99.64,3485.31
230500.0,2743500.0,54.3346,24.78256,8,158.88,1380.46
229500.0,2848500.0,54.30387,25.72957,8,123.72,1864.95
218500.0,2862500.0,54.19136,25.85377,8,67.82,967841.78
231500.0,2887500.0,54.31583,26.08172,8,55.91,26286.94
256500.0,2887500.0,54.56556,26.08615,8,177.89,3.93
325500.0,2880500.0,55.25603,26.03296,8,85.39,27789.14
212500.0,2738500.0,54.15777,24.73418,8,129.13,19.4
209500.0,2752500.0,54.12523,24.8599,8,89.91,7903.02
243500.0,2812500.0,54.45019,25.40731,8,91.84,56868.99
234500.0,2885500.0,54.3462,26.06423,8,56.9,25480.93
237500.0,2881500.0,54.37697,26.0287,8,75.72,290.78
249500.0,2777500.0,54.51622,25.09256,8,47.57,6697.36
294500.0,2783500.0,54.96126,25.15351,8,17.17,40426.25
270500.0,2797500.0,54.72095,25.27637,8,40.49,10618.66
257500.0,2882500.0,54.57648,26.04121,8,87.07,2957.24
308500.0,2782500.0,55.10023,25.14633,8,139.76,5515.38
302500.0,2846500.0,55.03137,25.72317,8,101.85,836857.87
300500.0,2844500.0,55.01174,25.70485,8,101.33,1941772.66
258500.0,2792500.0,54.60275,25.22937,8,61.55,905763.36
291500.0,2786500.0,54.93106,25.18017,8,53.69,133460.77
330500.0,2788500.0,55.31766,25.20313,8,108.31,454.95
340500.0,2861500.0,55.4082,25.86319,8,37.39,5306.16
346500.0,2893500.0,55.46431,26.15269,8,99.53,278.36
390500.0,2892500.0,55.90452,26.14768,8,145.52,821.7
162500.0,2744500.0,53.66263,24.7781,8,21.1,708.12
220500.0,2805500.0,54.2232,25.34003,8,46.64,331384.42
284500.0,2791500.0,54.86085,25.2243,8,57.7,83130.21
261500.0,2791500.0,54.63268,25.22082,8,60.98,30677.24
290500.0,2828500.0,54.91464,25.55907,8,61.52,463.83
311500.0,2812500.0,55.12582,25.41748,8,18.26,14455.71
336500.0,2844500.0,55.3704,25.7093,8,41.53,169.54
241500.0,2765500.0,54.43921,24.98294,8,124.05,27098.57
287500.0,2813500.0,54.88716,25.42327,8,7.88,3255.59
273500.0,2796500.0,54.75089,25.2678,8,134.5,604.43
272500.0,2794500.0,54.7413,25.2496,8,84.19,114.14
255500.0,2739500.0,54.58237,24.75066,8,59.5,32750.0
304500.0,2802500.0,55.0577,25.32633,8,19.27,8.32
280500.0,2770500.0,54.82452,25.03421,8,85.76,19450.07
294500.0,2845500.0,54.95182,25.71304,8,83.51,289592.6
332500.0,2872500.0,55.32699,25.96158,8,79.34,5395.17
347500.0,2895500.0,55.47408,26.17085,8,107.75,14377.59
234500.0,2735500.0,54.37564,24.71108,8,165.52,15.53
213500.0,2765500.0,54.16209,24.97791,8,74.3,7.21
258500.0,2770500.0,54.60662,25.03086,8,132.02,6.19
285500.0,2834500.0,54.86394,25.61249,8,173.46,11071.6
307500.0,2774500.0,55.09144,25.07399,8,71.14,117.94
322500.0,2853500.0,55.22971,25.78891,8,119.95,100588.08
341500.0,2877500.0,55.41625,26.00772,8,79.86,20106.86
413500.0,2914500.0,56.13312,26.34787,8,125.06,18917.2
243500.0,2816500.0,54.44943,25.4434,8,95.71,477334.27
307500.0,2813500.0,55.08593,25.426,8,58.38,5679.66
213500.0,2812500.0,54.15224,25.40184,8,41.78,622358.37
388500.0,2867500.0,55.88664,25.92182,8,113.68,4996.35
187500.0,2845500.0,53.88641,25.69417,8,78.96,31.61
230500.0,2794500.0,54.32464,25.24264,8,42.75,540632.11
299500.0,2827500.0,55.00433,25.55129,8,67.42,29764.54
365500.0,2865500.0,55.65723,25.90182,8,146.01,47090.49
184500.0,2766500.0,53.87492,24.98118,8,32.19,348683.8
221500.0,2789500.0,54.2364,25.19589,8,62.34,8.18
220500.0,2774500.0,54.22954,25.0604,8,73.23,26881.95
202500.0,2836500.0,54.03771,25.61612,8,176.32,28222.54
256500.0,2771500.0,54.58664,25.03956,8,32.64,19284.08
276500.0,2844500.0,54.77269,25.70139,8,91.05,15667.41
300500.0,2842500.0,55.01204,25.6868,8,109.37,544976.95
383500.0,2868500.0,55.83664,25.93046,8,83.93,383.88
354500.0,2858500.0,55.54822,25.83758,8,118.53,102365.65
360500.0,2858500.0,55.60807,25.83816,8,127.45,217354.98
277500.0,2828500.0,54.78531,25.55717,8,170.0,11130.92
238500.0,2854500.0,54.39232,25.78532,8,54.69,897150.43
223500.0,2853500.0,54.24308,25.77355,8,68.49,6145257.51
264500.0,2776500.0,54.66502,25.08595,8,133.49,16312.55
275500.0,2856500.0,54.7607,25.80952,8,48.03,444631.53
304500.0,2831500.0,55.05349,25.58806,8,125.27,547258.39
259500.0,2799500.0,54.61143,25.29269,8,93.86,224135.91
262500.0,2799500.0,54.64121,25.29317,8,94.01,14234.23
286500.0,2845500.0,54.87213,25.7119,8,77.29,106317.49
365500.0,2867500.0,55.65703,25.91988,8,121.53,1598986.86
196500.0,2826500.0,53.98029,25.52472,8,52.79,106421.91
244500.0,2790500.0,54.46426,25.209,8,137.27,81786.99
380500.0,2875500.0,55.80605,25.99341,8,143.47,19863.73
