cell_x,cell_y,cell_lon,cell_lat,points,direction_deg,anisotropy
409500.0,3294500.0,122.06377,29.77752,3037,73.29,9.53
409500.0,3293500.0,122.06385,29.76849,2567,86.46,4.78
429500.0,3312500.0,122.26947,29.94125,2418,151.64,2.42
376500.0,3314500.0,121.72014,29.95511,2333,65.05,15.55
378500.0,3316500.0,121.74064,29.97335,2198,23.14,25.83
408500.0,3291500.0,122.05368,29.75037,2133,69.07,53.58
409500.0,3295500.0,122.06369,29.78654,2104,53.14,8.24
430500.0,3312500.0,122.27984,29.94131,1997,163.78,1.48
428500.0,3313500.0,122.25905,29.95022,1983,142.45,3.65
407500.0,3289500.0,122.04351,29.73225,1948,60.11,69.17
377500.0,3315500.0,121.73039,29.96423,1938,49.53,23.26
410500.0,3296500.0,122.07395,29.79564,1804,49.46,18.28
406500.0,3311500.0,122.03126,29.93069,1802,153.01,4.9
379500.0,3316500.0,121.751,29.97345,1784,11.43,43.79
407500.0,3288500.0,122.0436,29.72323,1753,60.33,35.85
408500.0,3290500.0,122.05377,29.74135,1733,67.12,55.59
430500.0,3311500.0,122.2799,29.93229,1712,116.49,3.29
406500.0,3287500.0,122.03334,29.71413,1710,73.74,11.07
416500.0,3308500.0,122.13509,29.90434,1682,122.57,7.06
417500.0,3306500.0,122.1456,29.88636,1681,96.87,20.35
402500.0,3315500.0,121.98946,29.96647,1518,127.6,4.29
410500.0,3295500.0,122.07403,29.78661,1516,39.38,5.96
375500.0,3313500.0,121.7099,29.94599,1461,179.69,19.22
417500.0,3307500.0,122.14552,29.89539,1454,108.11,25.85
401500.0,3316500.0,121.979,29.97542,1438,105.83,1.54
416500.0,3310500.0,122.13493,29.92239,1434,167.66,3.85
386500.0,3317500.0,121.82344,29.98314,1431,129.66,8.46
405500.0,3310500.0,122.02099,29.92159,1421,146.69,5.06
408500.0,3292500.0,122.0536,29.7594,1408,73.35,33.59
404500.0,3311500.0,122.01054,29.93054,1391,112.16,5.87
374500.0,3313500.0,121.69954,29.94588,1382,2.92,15.12
381500.0,3317500.0,121.77162,29.98267,1349,14.86,15.54
403500.0,3312500.0,122.00009,29.93948,1318,140.6,3.68
401500.0,3314500.0,121.97918,29.95737,1316,132.73,3.07
400500.0,3316500.0,121.96864,29.97534,1302,144.19,7.4
391500.0,3315500.0,121.87546,29.96555,1277,16.88,1.83
380500.0,3316500.0,121.76136,29.97355,1272,13.83,21.55
436500.0,3315500.0,122.34183,29.96871,1264,41.47,14.37
402500.0,3313500.0,121.98964,29.94843,1262,132.23,7.77
411500.0,3297500.0,122.08421,29.80473,1258,46.53,25.76
435500.0,3314500.0,122.33152,29.95963,1255,54.46,52.05
427500.0,3296500.0,122.24983,29.79675,1253,139.0,36.8
415500.0,3310500.0,122.12458,29.92232,1209,166.06,6.48
406500.0,3286500.0,122.03343,29.7051,1203,92.58,5.84
373500.0,3312500.0,121.6893,29.93676,1197,71.47,39.99
384500.0,3318500.0,121.8026,29.99198,1188,178.64,2.35
403500.0,3314500.0,121.99991,29.95753,1173,133.34,10.97
428500.0,3295500.0,122.26024,29.78779,1170,138.53,21.77
416500.0,3309500.0,122.13501,29.91337,1165,134.47,8.35
402500.0,3312500.0,121.98973,29.9394,1151,142.11,1.99
432500.0,3292500.0,122.30181,29.76094,1133,139.0,8.52
385500.0,3318500.0,121.81297,29.99207,1129,141.46,4.64
426500.0,3297500.0,122.23942,29.80572,1127,136.4,74.33
405500.0,3312500.0,122.02081,29.93964,1125,139.71,3.28
420500.0,3313500.0,122.17615,29.94973,1117,91.7,1.79
399500.0,3320500.0,121.95789,30.01135,1111,126.23,9.03
412500.0,3298500.0,122.09448,29.81383,1110,48.86,20.07
404500.0,3313500.0,122.01036,29.94859,1095,111.9,3.13
415500.0,3309500.0,122.12465,29.9133,1093,147.81,7.42
415500.0,3336500.0,122.12251,30.15693,1086,174.2,1.6
394500.0,3327500.0,121.90536,30.07409,1086,125.52,13.67
412500.0,3302500.0,122.09415,29.84992,1081,107.1,20.3
395500.0,3229500.0,121.92517,29.18987,1074,9.5,2.75
407500.0,3310500.0,122.0417,29.92175,1072,176.16,43.83
411500.0,3309500.0,122.08322,29.91302,1059,22.79,8.06
419500.0,3309500.0,122.16609,29.91357,1055,133.46,1.39
396500.0,3229500.0,121.93545,29.18995,1055,179.57,5.42
417500.0,3305500.0,122.14568,29.87734,1049,75.1,12.64
404500.0,3312500.0,122.01045,29.93956,1046,129.35,3.94
415500.0,3311500.0,122.1245,29.93134,1045,164.09,2.69
434500.0,3312500.0,122.32128,29.94153,1034,59.46,6.52
397500.0,3229500.0,121.94574,29.19003,1030,162.59,1.63
411500.0,3296500.0,122.08429,29.79571,1025,38.29,7.85
413500.0,3300500.0,122.10466,29.83195,1024,74.2,5.51
387500.0,3316500.0,121.83391,29.97421,1023,136.03,8.99
382500.0,3317500.0,121.78198,29.98277,1021,15.73,29.86
427500.0,3345500.0,122.2465,30.23892,1018,106.28,3.09
427500.0,3347500.0,122.24636,30.25697,1017,74.11,5.12
413500.0,3311500.0,122.10378,29.93121,1012,2.73,8.03
409500.0,3292500.0,122.06394,29.75947,1009,77.43,24.61
434500.0,3313500.0,122.32122,29.95055,1004,60.93,42.36
401500.0,3315500.0,121.97909,29.96639,993,138.0,10.0
406500.0,3288500.0,122.03326,29.72315,992,55.3,7.01
406500.0,3310500.0,122.03135,29.92167,988,167.76,11.98
371500.0,3310500.0,121.66882,29.91851,979,7.77,58.96
405500.0,3311500.0,122.0209,29.93062,978,138.01,27.83
412500.0,3299500.0,122.0944,29.82285,974,44.97,5.83
420500.0,3311500.0,122.1763,29.93168,971,2.96,1.28
425500.0,3298500.0,122.229,29.81468,971,127.96,28.17
384500.0,3316500.0,121.80282,29.97393,971,139.43,4.5
427500.0,3314500.0,122.24862,29.95918,969,144.31,3.45
369500.0,3309500.0,121.64823,29.90927,967,64.37,35.71
395500.0,3326500.0,121.91583,30.06515,966,131.38,24.23
409500.0,3311500.0,122.06234,29.93092,959,4.25,6.43
424500.0,3299500.0,122.21858,29.82364,959,122.55,6.52
387500.0,3314500.0,121.83412,29.95617,957,172.13,4.27
404500.0,3293500.0,122.01214,29.76812,948,31.98,9.33
407500.0,3286500.0,122.04377,29.70518,948,150.32,3.81
408500.0,3308500.0,122.05223,29.90377,947,18.77,10.99
427500.0,3346500.0,122.24643,30.24794,945,82.73,7.49
425500.0,3299500.0,122.22893,29.8237,945,119.74,3.46
407500.0,3311500.0,122.04162,29.93077,942,179.16,8.42
410500.0,3311500.0,122.0727,29.93099,941,2.78,10.27
366500.0,3309500.0,121.61716,29.90895,937,16.17,53.38
409500.0,3309500.0,122.06251,29.91287,933,17.5,9.31
411500.0,3311500.0,122.08306,29.93106,931,4.78,12.13
410500.0,3309500.0,122.07286,29.91294,930,22.29,9.05
429500.0,3294500.0,122.27066,29.77882,928,138.45,15.7
370500.0,3310500.0,121.65846,29.9184,923,18.63,22.15
391500.0,3314500.0,121.87556,29.95653,923,12.03,5.08
372500.0,3311500.0,121.67906,29.92763,920,46.3,39.67
388500.0,3316500.0,121.84427,29.9743,917,112.66,1.82
413500.0,3299500.0,122.10474,29.82292,916,50.02,6.83
390500.0,3314500.0,121.8652,29.95644,910,7.81,5.53
376500.0,3313500.0,121.72026,29.94609,909,33.47,16.79
427500.0,3344500.0,122.24657,30.22989,909,103.02,6.65
391500.0,3312500.0,121.87577,29.93848,903,44.71,1.47
416500.0,3303500.0,122.13548,29.85922,898,54.61,42.39
433500.0,3312500.0,122.31092,29.94148,896,160.46,4.73
409500.0,3308500.0,122.06259,29.90385,896,21.75,9.06
393500.0,3329500.0,121.89479,30.09205,893,114.69,25.27
400500.0,3318500.0,121.96845,29.99338,891,110.67,4.68
410500.0,3308500.0,122.07295,29.90392,891,34.15,4.57
394500.0,3229500.0,121.91488,29.18979,886,3.78,1.98
373500.0,3313500.0,121.68918,29.94578,885,54.33,22.24
423500.0,3301500.0,122.20809,29.84163,881,119.99,14.36
431500.0,3310500.0,122.29032,29.92332,880,157.15,8.23
403500.0,3293500.0,122.0018,29.76804,877,34.87,11.34
416500.0,3297500.0,122.13595,29.80508,876,109.55,4.41
383500.0,3316500.0,121.79245,29.97384,875,157.05,1.95
412500.0,3311500.0,122.09342,29.93113,873,3.55,10.39
396500.0,3325500.0,121.92631,30.05621,871,127.96,31.3
422500.0,3302500.0,122.19767,29.85059,871,103.73,3.42
385500.0,3315500.0,121.81329,29.96501,868,154.65,5.69
416500.0,3296500.0,122.13602,29.79606,865,124.47,2.42
414500.0,3310500.0,122.11422,29.92225,860,177.39,27.08
433500.0,3291500.0,122.31222,29.75197,850,142.54,10.0
368500.0,3308500.0,121.63799,29.90015,847,4.08,1.75
392500.0,3315500.0,121.88583,29.96564,847,19.98,3.23
417500.0,3310500.0,122.14529,29.92246,842,169.71,5.71
438500.0,3315500.0,122.36255,29.96881,842,76.41,2.54
394500.0,3314500.0,121.90665,29.95679,838,21.91,3.65
424500.0,3289500.0,122.21928,29.7334,835,151.19,28.16
402500.0,3314500.0,121.98955,29.95745,833,134.01,24.97
416500.0,3317500.0,122.13439,29.98556,833,97.98,2.51
411500.0,3319500.0,122.08239,30.00325,831,163.38,2.05
392500.0,3314500.0,121.88593,29.95662,829,10.33,3.05
400500.0,3315500.0,121.96873,29.96631,827,161.84,2.74
422500.0,3303500.0,122.1976,29.85962,826,111.72,8.5
401500.0,3317500.0,121.97891,29.98444,825,130.38,3.04
420500.0,3310500.0,122.17637,29.92266,825,160.57,1.3
389500.0,3314500.0,121.85484,29.95635,824,170.21,4.71
393500.0,3314500.0,121.89629,29.9567,824,6.55,3.79
439500.0,3315500.0,122.37292,29.96886,824,38.52,4.43
414500.0,3301500.0,122.11493,29.84104,820,51.76,30.23
383500.0,3318500.0,121.79223,29.99189,817,20.44,3.62
411500.0,3298500.0,122.08413,29.81376,815,43.31,10.58
416500.0,3304500.0,122.1354,29.86825,812,56.53,17.88
389500.0,3315500.0,121.85474,29.96537,809,153.55,6.5
438500.0,3314500.0,122.36261,29.95978,805,102.86,13.62
397500.0,3314500.0,121.93774,29.95704,803,24.76,12.75
414500.0,3296500.0,122.11533,29.79592,803,26.14,3.62
420500.0,3312500.0,122.17622,29.9407,801,76.89,2.82
414500.0,3311500.0,122.11414,29.93128,800,170.89,2.79
407500.0,3309500.0,122.04179,29.91272,796,167.17,10.78
414500.0,3300500.0,122.11501,29.83202,795,49.69,20.88
411500.0,3295500.0,122.08438,29.78668,792,19.19,2.53
408500.0,3316500.0,122.05155,29.97596,792,37.51,3.96
409500.0,3285500.0,122.06452,29.6963,792,164.19,27.07
403500.0,3313500.0,122.0,29.94851,791,131.68,37.81
416500.0,3312500.0,122.13478,29.94044,790,164.69,7.09
388500.0,3315500.0,121.84437,29.96528,789,147.73,11.29
388500.0,3314500.0,121.84448,29.95626,788,171.63,2.93
424500.0,3300500.0,122.21851,29.83267,787,124.8,11.77
417500.0,3312500.0,122.14514,29.9405,784,169.63,5.8
415500.0,3303500.0,122.12513,29.85916,784,52.62,12.72
417500.0,3308500.0,122.14545,29.90441,783,117.58,7.69
405500.0,3263500.0,122.02509,29.49748,780,96.52,63.21
397500.0,3324500.0,121.93677,30.04727,779,117.28,5.23
408500.0,3309500.0,122.05215,29.9128,779,174.73,5.31
414500.0,3309500.0,122.1143,29.91323,775,0.65,3.18
408500.0,3311500.0,122.05198,29.93084,772,11.3,3.78
380500.0,3317500.0,121.76125,29.98257,770,17.42,3.62
419500.0,3293500.0,122.16729,29.76918,767,128.11,7.13
429500.0,3311500.0,122.26954,29.93223,766,2.52,1.9
431500.0,3312500.0,122.2902,29.94137,765,22.82,4.92
377500.0,3316500.0,121.73027,29.97326,763,33.82,55.28
413500.0,3310500.0,122.10386,29.92218,763,2.13,33.5
421500.0,3310500.0,122.18673,29.92272,762,168.96,5.82
367500.0,3309500.0,121.62751,29.90906,759,156.88,7.28
408500.0,3310500.0,122.05206,29.92182,757,177.76,30.62
431500.0,3293500.0,122.29141,29.76991,754,139.43,28.23
412500.0,3309500.0,122.09358,29.91309,752,20.37,4.76
421500.0,3332500.0,122.18511,30.12124,751,2.86,10.06
376500.0,3315500.0,121.72003,29.96413,746,63.1,9.58
405500.0,3294500.0,122.02239,29.77722,745,38.46,6.59
399500.0,3321500.0,121.9578,30.02037,744,86.87,3.05
401500.0,3313500.0,121.97928,29.94835,742,134.73,4.09
430500.0,3346500.0,122.27761,30.24812,742,27.26,5.67
417500.0,3309500.0,122.14537,29.91343,740,125.2,5.37
420500.0,3291500.0,122.17778,29.7512,735,136.57,9.45
400500.0,3317500.0,121.96854,29.98436,733,125.94,3.11
427500.0,3287500.0,122.25044,29.71553,733,147.2,10.89
395500.0,3228500.0,121.92526,29.18085,730,47.89,3.34
405500.0,3262500.0,122.02518,29.48846,727,95.77,31.56
415500.0,3302500.0,122.12521,29.85013,725,54.16,81.49
396500.0,3309500.0,121.92786,29.91184,724,114.8,13.23
396500.0,3314500.0,121.92737,29.95696,722,26.63,7.6
428500.0,3296500.0,122.26018,29.79681,721,139.04,19.85
382500.0,3316500.0,121.78209,29.97374,720,168.4,2.54
419500.0,3308500.0,122.16616,29.90454,715,113.78,4.58
419500.0,3310500.0,122.16601,29.92259,713,169.41,2.22
419500.0,3311500.0,122.16594,29.93161,712,161.21,3.44
410500.0,3285500.0,122.07486,29.69638,710,157.34,3.11
362500.0,3172500.0,121.59279,28.67239,708,171.5,26.28
420500.0,3307500.0,122.17659,29.89558,705,119.45,21.11
432500.0,3310500.0,122.30068,29.92337,705,169.45,13.26
398500.0,3322500.0,121.94734,30.02931,704,116.29,3.49
429500.0,3295500.0,122.27059,29.78784,702,138.41,17.41
397500.0,3228500.0,121.94583,29.18101,700,132.52,13.28
422500.0,3332500.0,122.19549,30.1213,697,0.68,21.98
416500.0,3298500.0,122.13587,29.8141,695,58.62,4.87
417500.0,3296500.0,122.14637,29.79612,689,127.69,3.64
418500.0,3310500.0,122.15565,29.92252,687,174.64,10.87
412500.0,3303500.0,122.09407,29.85895,685,108.23,4.52
399500.0,3319500.0,121.95799,30.00233,685,110.56,3.79
372500.0,3310500.0,121.67918,29.91861,682,25.84,46.27
390500.0,3315500.0,121.8651,29.96546,680,7.44,5.04
408500.0,3285500.0,122.05419,29.69623,679,166.96,10.98
415500.0,3312500.0,122.12442,29.94037,679,153.16,5.06
412500.0,3296500.0,122.09464,29.79578,678,23.59,14.9
412500.0,3319500.0,122.09276,30.00332,678,33.7,3.52
408500.0,3317500.0,122.05146,29.98498,677,71.45,12.07
415500.0,3301500.0,122.12528,29.84111,675,57.2,7.22
403500.0,3311500.0,122.00018,29.93046,669,117.42,7.6
386500.0,3315500.0,121.82365,29.9651,667,2.71,12.02
363500.0,3172500.0,121.60302,28.67249,667,170.33,23.36
403500.0,3307500.0,122.00054,29.89437,666,33.73,2.82
398500.0,3227500.0,121.9562,29.17207,666,131.73,21.66
410500.0,3319500.0,122.07203,30.00318,661,179.24,4.36
389500.0,3313500.0,121.85494,29.94733,659,172.45,9.08
395500.0,3311500.0,121.9173,29.92981,658,119.94,8.97
392500.0,3331500.0,121.88421,30.11,658,111.04,5.01
398500.0,3320500.0,121.94753,30.01127,653,95.56,5.7
420500.0,3332500.0,122.17473,30.12118,651,6.4,6.18
412500.0,3297500.0,122.09456,29.8048,647,36.98,9.12
365500.0,3308500.0,121.60693,29.89982,640,22.58,20.13
407500.0,3308500.0,122.04188,29.9037,640,18.44,10.51
399500.0,3317500.0,121.95818,29.98428,635,146.0,12.52
421500.0,3304500.0,122.18717,29.86858,631,100.28,8.28
392500.0,3312500.0,121.88613,29.93857,628,6.75,2.36
432500.0,3312500.0,122.30056,29.94142,628,12.43,4.51
413500.0,3314500.0,122.10353,29.95828,628,110.59,10.06
400500.0,3314500.0,121.96882,29.95729,627,154.03,2.59
430500.0,3294500.0,122.281,29.77888,625,139.14,17.65
400500.0,3319500.0,121.96836,30.00241,623,100.13,3.39
426500.0,3305500.0,122.23887,29.87791,623,52.63,17.43
418500.0,3312500.0,122.1555,29.94057,620,161.28,4.5
416500.0,3311500.0,122.13486,29.93141,619,178.3,4.14
395500.0,3314500.0,121.91701,29.95688,618,32.41,7.1
402500.0,3316500.0,121.98936,29.9755,618,126.27,2.17
411500.0,3310500.0,122.08314,29.92204,617,5.81,8.74
426500.0,3345500.0,122.2361,30.23886,616,3.13,1.48
406500.0,3307500.0,122.03161,29.8946,613,17.37,3.81
392500.0,3330500.0,121.88431,30.10098,612,120.14,6.66
385500.0,3317500.0,121.81307,29.98305,612,146.25,21.59
413500.0,3296500.0,122.10499,29.79585,612,29.19,9.66
409500.0,3307500.0,122.06268,29.89482,611,0.51,1.56
402500.0,3307500.0,121.99018,29.89429,609,12.01,4.45
439500.0,3314500.0,122.37298,29.95983,608,106.89,36.33
422500.0,3310500.0,122.19709,29.92278,607,176.47,17.11
413500.0,3309500.0,122.10394,29.91316,605,11.54,4.97
425500.0,3288500.0,122.22969,29.72444,599,150.87,18.22
414500.0,3302500.0,122.11485,29.85006,598,55.86,29.48
410500.0,3310500.0,122.07278,29.92197,596,0.75,37.93
393500.0,3328500.0,121.89489,30.08302,594,118.56,5.87
407500.0,3316500.0,122.04119,29.97589,593,4.28,8.9
420500.0,3314500.0,122.17607,29.95875,593,135.06,4.6
419500.0,3332500.0,122.16435,30.12111,593,167.39,5.22
418500.0,3294500.0,122.15687,29.77814,593,124.49,17.72
416500.0,3302500.0,122.13556,29.8502,591,56.7,11.76
394500.0,3328500.0,121.90526,30.08311,590,121.83,8.4
364500.0,3308500.0,121.59657,29.89971,587,15.45,33.42
416500.0,3295500.0,122.1361,29.78703,585,110.32,2.41
390500.0,3334500.0,121.86314,30.13689,582,119.91,6.24
350500.0,3174500.0,121.46975,28.6891,582,167.59,12.01
368500.0,3171500.0,121.65429,28.66399,582,167.38,10.72
439500.0,3316500.0,122.37286,29.97788,582,38.39,3.67
422500.0,3304500.0,122.19752,29.86864,581,107.09,12.18
422500.0,3290500.0,122.19853,29.7423,580,151.9,24.97
439500.0,3313500.0,122.37303,29.95081,578,97.07,1.64
397500.0,3307500.0,121.93841,29.89388,575,141.48,1.61
423500.0,3289500.0,122.20894,29.73334,575,152.16,8.91
381500.0,3316500.0,121.77173,29.97365,575,1.92,5.69
398500.0,3321500.0,121.94743,30.02029,575,106.18,5.05
412500.0,3310500.0,122.0935,29.92211,574,5.03,12.95
412500.0,3301500.0,122.09423,29.8409,572,104.62,8.88
410500.0,3297500.0,122.07386,29.80466,571,46.6,6.42
390500.0,3312500.0,121.86541,29.93839,571,156.35,3.07
421500.0,3305500.0,122.1871,29.8776,569,115.1,3.14
413500.0,3301500.0,122.10458,29.84097,566,84.98,4.85
433500.0,3310500.0,122.31104,29.92343,566,35.35,3.43
405500.0,3261500.0,122.02527,29.47943,565,94.29,61.56
409500.0,3310500.0,122.06242,29.92189,564,178.99,71.98
408500.0,3286500.0,122.0541,29.70525,563,169.73,4.57
399500.0,3316500.0,121.95827,29.97526,561,146.82,7.97
407500.0,3295500.0,122.043,29.78639,561,20.9,10.7
417500.0,3304500.0,122.14576,29.86831,560,62.77,12.99
417500.0,3299500.0,122.14614,29.8232,559,57.78,4.19
398500.0,3314500.0,121.9481,29.95713,557,28.82,11.41
430500.0,3293500.0,122.28106,29.76985,556,138.51,11.5
364500.0,3172500.0,121.61325,28.6726,556,169.43,19.98
428500.0,3349500.0,122.25662,30.27507,553,45.12,18.64
419500.0,3292500.0,122.16736,29.76016,553,125.87,45.73
361500.0,3172500.0,121.58255,28.67228,552,172.36,46.36
344500.0,3174500.0,121.40835,28.68839,551,120.15,1.77
365500.0,3172500.0,121.62348,28.6727,550,171.86,44.28
393500.0,3316500.0,121.89609,29.97475,550,25.77,2.08
420500.0,3306500.0,122.17667,29.88656,550,117.98,23.96
389500.0,3340500.0,121.85214,30.19094,549,115.63,7.1
413500.0,3318500.0,122.10321,29.99437,548,48.45,1.6
434500.0,3291500.0,122.32256,29.75202,547,153.16,6.91
406500.0,3309500.0,122.03143,29.91265,546,159.92,5.99
428500.0,3311500.0,122.25918,29.93217,546,173.84,2.25
407500.0,3285500.0,122.04385,29.69615,546,147.31,5.25
419500.0,3307500.0,122.16624,29.89552,545,100.87,4.38
423500.0,3300500.0,122.20816,29.83261,540,126.15,16.68
397500.0,3323500.0,121.93687,30.03825,539,116.82,10.21
424500.0,3342500.0,122.21553,30.21166,539,172.72,9.42
351500.0,3174500.0,121.47998,28.68922,537,170.7,13.43
418500.0,3308500.0,122.15581,29.90448,536,118.65,4.11
399500.0,3315500.0,121.95837,29.96623,536,12.71,2.84
427500.0,3343500.0,122.24663,30.22087,536,100.56,4.49
430500.0,3310500.0,122.27997,29.92326,532,121.26,3.64
427500.0,3332500.0,122.24739,30.12161,532,9.23,5.82
367500.0,3171500.0,121.64406,28.66388,532,171.28,39.56
395500.0,3310500.0,121.9174,29.92078,531,122.43,38.2
394500.0,3315500.0,121.90655,29.96581,531,10.02,1.39
354500.0,3173500.0,121.51081,28.68053,529,173.01,72.33
431500.0,3292500.0,122.29147,29.76088,528,143.42,14.2
397500.0,3230500.0,121.94564,29.19906,527,78.76,3.17
435500.0,3308500.0,122.33188,29.90549,525,142.11,19.61
420500.0,3308500.0,122.17652,29.90461,523,98.69,3.1
423500.0,3302500.0,122.20802,29.85065,520,91.57,1.98
309500.0,3318500.0,121.02538,29.98262,519,34.3,48.99
436500.0,3290500.0,122.3433,29.7431,519,153.87,3.67
383500.0,3351500.0,121.7886,30.28962,518,105.13,41.9
391500.0,3332500.0,121.87373,30.11894,516,115.15,7.19
391500.0,3311500.0,121.87587,29.92946,515,48.6,3.01
430500.0,3340500.0,122.278,30.19398,515,131.22,26.18
395500.0,3316500.0,121.91682,29.97492,514,30.8,9.58
401500.0,3307500.0,121.97983,29.89421,513,3.39,4.77
423500.0,3310500.0,122.20745,29.92285,513,170.04,1.83
448500.0,3318500.0,122.46606,29.99634,513,26.65,2.55
420500.0,3292500.0,122.1777,29.76022,512,128.22,4.15
388500.0,3340500.0,121.84175,30.19085,511,122.65,10.46
399500.0,3226500.0,121.96657,29.16312,510,146.26,29.52
352500.0,3173500.0,121.49034,28.68031,508,176.85,12.98
415500.0,3298500.0,122.12552,29.81404,508,63.25,1.22
395500.0,3312500.0,121.91721,29.93883,506,32.58,1.7
404500.0,3294500.0,122.01205,29.77714,505,41.39,4.9
429500.0,3332500.0,122.26815,30.12173,504,178.31,9.11
443500.0,3329500.0,122.41363,30.09539,503,163.03,4.87
429500.0,3350500.0,122.26695,30.28415,502,56.52,6.65
436500.0,3307500.0,122.3423,29.89651,501,128.81,18.61
361500.0,3307500.0,121.56564,29.89036,499,41.02,15.44
416500.0,3336500.0,122.13289,30.157,498,129.68,4.0
393500.0,3228500.0,121.9047,29.18068,498,12.59,4.06
409500.0,3318500.0,122.06174,29.99408,497,64.14,25.3
414500.0,3335500.0,122.11221,30.14784,495,70.75,5.86
398500.0,3232500.0,121.95574,29.21719,495,160.51,2.31
429500.0,3341500.0,122.26755,30.20294,492,129.26,8.03
383500.0,3352500.0,121.78849,30.29865,491,107.18,13.15
415500.0,3296500.0,122.12568,29.79599,488,164.32,1.82
311500.0,3322500.0,121.04539,30.019,485,88.53,20.66
426500.0,3311500.0,122.23846,29.93205,484,5.03,6.52
411500.0,3318500.0,122.08248,29.99423,483,146.48,1.92
424500.0,3311500.0,122.21774,29.93193,483,12.6,15.17
397500.0,3231500.0,121.94555,29.20808,483,77.17,3.36
425500.0,3342500.0,122.22592,30.21173,482,178.71,22.98
397500.0,3317500.0,121.93745,29.98411,482,12.27,1.68
394500.0,3228500.0,121.91498,29.18076,481,10.38,4.72
373500.0,3311500.0,121.68941,29.92774,481,65.82,16.2
390500.0,3335500.0,121.86304,30.14592,480,115.12,11.28
405500.0,3283500.0,122.02336,29.67796,480,77.63,23.15
437500.0,3319500.0,122.35196,30.00485,480,81.1,34.42
414500.0,3297500.0,122.11525,29.80494,478,21.59,5.05
427500.0,3312500.0,122.24875,29.94114,477,17.5,1.43
388500.0,3343500.0,121.84143,30.21792,477,102.65,5.09
412500.0,3318500.0,122.09284,29.9943,476,139.15,3.54
360500.0,3172500.0,121.57232,28.67217,474,172.73,52.87
388500.0,3313500.0,121.84458,29.94724,472,169.0,3.37
387500.0,3315500.0,121.83401,29.96519,471,129.69,2.16
394500.0,3316500.0,121.90645,29.97484,471,43.44,5.54
415500.0,3297500.0,122.1256,29.80501,471,177.95,1.81
432500.0,3291500.0,122.30188,29.75191,470,144.88,3.16
422500.0,3305500.0,122.19745,29.87766,468,105.15,1.97
372500.0,3268500.0,121.68413,29.53966,468,22.48,53.26
366500.0,3172500.0,121.63371,28.67281,467,172.66,50.05
446500.0,3317500.0,122.44537,29.98723,466,24.23,19.9
396500.0,3308500.0,121.92795,29.90282,463,105.03,2.47
417500.0,3295500.0,122.14645,29.7871,462,128.07,7.27
417500.0,3311500.0,122.14522,29.93148,462,5.36,2.85
428500.0,3345500.0,122.25689,30.23898,462,22.97,8.67
405500.0,3266500.0,122.02483,29.52455,462,94.89,26.49
417500.0,3297500.0,122.14629,29.80515,462,87.64,4.71
391500.0,3333500.0,121.87363,30.12796,461,119.63,18.29
353500.0,3173500.0,121.50057,28.68042,461,174.87,57.32
427500.0,3348500.0,122.24629,30.26599,461,60.34,19.29
396500.0,3317500.0,121.92708,29.98403,460,30.39,9.08
311500.0,3321500.0,121.04557,30.00998,459,57.83,34.22
428500.0,3287500.0,122.26077,29.71559,457,153.53,25.1
425500.0,3311500.0,122.2281,29.93199,457,7.9,9.55
396500.0,3312500.0,121.92757,29.93891,454,55.64,2.62
388500.0,3339500.0,121.84185,30.18183,454,117.69,5.1
416500.0,3307500.0,122.13517,29.89532,453,110.76,2.82
426500.0,3332500.0,122.23701,30.12155,453,176.95,33.52
409500.0,3319500.0,122.06166,30.0031,453,42.98,4.55
407500.0,3318500.0,122.04101,29.99393,451,47.37,4.69
428500.0,3312500.0,122.25911,29.94119,451,154.1,1.59
398500.0,3307500.0,121.94876,29.89396,450,169.05,8.51
406500.0,3285500.0,122.03352,29.69608,450,87.36,3.34
429500.0,3345500.0,122.26728,30.23904,449,39.84,14.7
365500.0,3309500.0,121.6068,29.90884,447,23.48,15.22
392500.0,3333500.0,121.88401,30.12805,447,99.23,3.22
417500.0,3300500.0,122.14606,29.83222,447,67.15,7.71
398500.0,3319500.0,121.94762,30.00224,446,91.0,2.89
384500.0,3326500.0,121.80173,30.06416,446,91.55,133.26
363500.0,3308500.0,121.58622,29.8996,446,14.54,184.13
393500.0,3313500.0,121.89639,29.94768,445,15.49,2.98
427500.0,3306500.0,122.24916,29.88699,445,31.94,18.81
424500.0,3332500.0,122.21625,30.12143,445,2.1,12.46
369500.0,3310500.0,121.6481,29.9183,444,44.31,48.01
413500.0,3315500.0,122.10345,29.9673,443,99.86,22.59
349500.0,3174500.0,121.45951,28.68898,443,171.56,5.04
393500.0,3330500.0,121.89469,30.10107,442,102.59,11.73
384500.0,3332500.0,121.80108,30.1183,441,94.59,44.49
372500.0,3171500.0,121.69522,28.66439,441,179.51,34.14
418500.0,3311500.0,122.15558,29.93155,439,165.34,16.12
417500.0,3298500.0,122.14622,29.81417,438,38.6,2.02
392500.0,3332500.0,121.88411,30.11903,438,112.72,16.02
429500.0,3307500.0,122.2698,29.89613,436,31.68,7.93
384500.0,3351500.0,121.799,30.28972,436,117.27,39.33
437500.0,3320500.0,122.3519,30.01388,434,80.28,40.98
408500.0,3293500.0,122.05351,29.76842,433,93.57,5.14
437500.0,3305500.0,122.35277,29.87852,433,109.86,23.0
423500.0,3332500.0,122.20587,30.12137,431,3.33,14.05
398500.0,3317500.0,121.94781,29.9842,429,153.94,4.99
437500.0,3316500.0,122.35213,29.97778,429,26.15,2.67
416500.0,3335500.0,122.13297,30.14798,428,109.46,3.4
427500.0,3297500.0,122.24976,29.80578,428,141.44,11.55
356500.0,3173500.0,121.53127,28.68076,427,166.67,15.84
398500.0,3316500.0,121.94791,29.97517,426,161.72,1.33
407500.0,3290500.0,122.04343,29.74127,426,67.35,5.45
390500.0,3337500.0,121.86283,30.16396,425,109.36,19.65
440500.0,3315500.0,122.38328,29.96891,424,174.52,9.8
422500.0,3307500.0,122.19731,29.89571,424,154.9,3.06
392500.0,3316500.0,121.88572,29.97466,423,173.14,1.25
426500.0,3288500.0,122.24003,29.7245,421,153.57,8.87
358500.0,3173500.0,121.55174,28.68098,421,168.94,37.95
398500.0,3333500.0,121.94628,30.12856,419,129.07,24.23
383500.0,3317500.0,121.79234,29.98286,419,20.04,16.22
399500.0,3351500.0,121.95495,30.29106,419,35.59,3.1
395500.0,3313500.0,121.91711,29.94785,417,34.09,5.15
419500.0,3300500.0,122.16676,29.83235,417,37.88,9.03
421500.0,3342500.0,122.18437,30.21147,417,172.34,12.15
428500.0,3332500.0,122.25777,30.12167,415,179.5,16.73
420500.0,3305500.0,122.17674,29.87754,414,116.95,2.37
411500.0,3285500.0,122.0852,29.69645,414,160.0,1.6
387500.0,3341500.0,121.83126,30.19978,413,113.19,2.13
369500.0,3308500.0,121.64835,29.90025,412,62.98,59.22
403500.0,3232500.0,122.00718,29.21758,412,37.6,15.82
418500.0,3309500.0,122.15573,29.9135,411,145.79,11.28
384500.0,3320500.0,121.80238,30.01003,411,86.02,8.35
435500.0,3332500.0,122.33043,30.12206,410,166.81,17.18
455500.0,3282500.0,122.54012,29.67173,410,169.77,9.08
388500.0,3341500.0,121.84164,30.19987,409,111.89,53.6
425500.0,3303500.0,122.22865,29.8598,409,70.88,2.95
399500.0,3318500.0,121.95808,29.9933,408,114.47,3.56
405500.0,3264500.0,122.02501,29.5065,408,95.4,64.0
427500.0,3311500.0,122.24882,29.93211,408,178.95,15.18
433500.0,3292500.0,122.31216,29.76099,406,154.86,3.66
405500.0,3284500.0,122.02327,29.68698,404,70.03,7.18
407500.0,3294500.0,122.04308,29.77737,403,17.58,5.54
355500.0,3174500.0,121.52091,28.68967,403,88.32,1.59
445500.0,3328500.0,122.43444,30.08645,402,160.14,24.87
359500.0,3172500.0,121.56209,28.67206,401,169.11,11.76
413500.0,3319500.0,122.10313,30.00339,401,80.22,1.09
405500.0,3307500.0,122.02125,29.89452,401,14.28,14.39
408500.0,3307500.0,122.05232,29.89475,399,172.84,3.19
438500.0,3303500.0,122.36324,29.86052,398,114.39,25.15
403500.0,3320500.0,121.99937,30.01167,398,125.23,5.3
448500.0,3317500.0,122.4661,29.98732,397,177.33,1.1
373500.0,3268500.0,121.69445,29.53976,397,27.96,18.89
418500.0,3293500.0,122.15694,29.76912,397,130.99,11.27
429500.0,3286500.0,122.27118,29.70663,396,153.42,85.52
402500.0,3231500.0,121.99698,29.20848,396,34.08,8.23
402500.0,3311500.0,121.98982,29.93038,396,124.76,3.45
401500.0,3323500.0,121.97835,30.03858,396,103.78,4.39
395500.0,3327500.0,121.91574,30.07417,396,99.91,3.11
399500.0,3329500.0,121.95704,30.09256,395,80.51,6.91
416500.0,3333500.0,122.13313,30.12993,395,127.29,1.89
436500.0,3316500.0,122.34177,29.97773,395,62.34,12.11
384500.0,3319500.0,121.80249,30.001,395,81.83,4.75
294500.0,3318500.0,120.86998,29.98019,394,109.25,3.73
384500.0,3321500.0,121.80227,30.01905,393,103.45,8.35
381500.0,3275500.0,121.77624,29.60371,393,47.18,59.86
415500.0,3334500.0,122.12267,30.13889,393,5.15,1.88
469500.0,3281500.0,122.68483,29.66313,393,157.79,1.4
424500.0,3307500.0,122.21802,29.89584,392,11.1,9.52
357500.0,3173500.0,121.5415,28.68087,392,166.28,21.1
360500.0,3306500.0,121.55542,29.88122,392,73.75,7.25
402500.0,3292500.0,121.99154,29.75894,388,35.87,3.01
440500.0,3289500.0,122.38472,29.73428,388,166.7,9.87
397500.0,3315500.0,121.93764,29.96607,387,20.13,9.58
401500.0,3225500.0,121.98723,29.15425,387,150.42,13.68
392500.0,3313500.0,121.88603,29.94759,386,10.83,2.04
348500.0,3174500.0,121.44928,28.68887,386,174.44,3.19
393500.0,3315500.0,121.89619,29.96573,386,13.18,3.67
445500.0,3317500.0,122.435,29.98719,385,33.09,14.75
384500.0,3315500.0,121.80292,29.96491,385,151.8,1.72
413500.0,3297500.0,122.10491,29.80487,385,21.96,6.16
389500.0,3338500.0,121.85234,30.17289,384,114.31,10.91
401500.0,3324500.0,121.97826,30.0476,383,97.48,4.81
393500.0,3229500.0,121.9046,29.1897,383,3.87,1.63
405500.0,3337500.0,122.01859,30.16522,383,177.18,2.09
399500.0,3332500.0,121.95676,30.11962,382,125.52,19.49
397500.0,3322500.0,121.93697,30.02923,382,105.32,3.42
421500.0,3290500.0,122.18819,29.74224,382,145.89,14.09
310500.0,3319500.0,121.03556,29.99179,381,56.74,311.32
384500.0,3327500.0,121.80162,30.07318,381,91.71,133.41
282500.0,3323500.0,120.74466,30.02321,377,163.28,28.48
400500.0,3307500.0,121.96947,29.89413,377,9.34,6.27
422500.0,3286500.0,122.19882,29.70621,377,101.87,4.63
423500.0,3307500.0,122.20766,29.89577,376,167.98,1.73
418500.0,3295500.0,122.15679,29.78717,376,123.68,3.83
397500.0,3282500.0,121.94078,29.6683,376,177.4,37.94
366500.0,3213500.0,121.62887,29.04277,375,28.75,3.07
437500.0,3331500.0,122.35125,30.11314,375,160.54,24.53
439500.0,3289500.0,122.37438,29.73423,375,170.82,11.59
447500.0,3283500.0,122.4574,29.68044,374,171.8,6.79
437500.0,3318500.0,122.35201,29.99583,373,79.78,42.05
437500.0,3321500.0,122.35184,30.0229,373,77.81,37.55
458500.0,3284500.0,122.57104,29.68989,371,162.59,8.12
411500.0,3307500.0,122.08339,29.89497,371,45.96,1.47
422500.0,3342500.0,122.19476,30.21154,371,2.73,30.42
405500.0,3286500.0,122.02309,29.70503,370,39.71,9.45
428500.0,3286500.0,122.26084,29.70657,369,147.74,9.92
406500.0,3337500.0,122.02897,30.1653,369,24.39,1.73
428500.0,3342500.0,122.25709,30.21191,368,128.48,10.26
404500.0,3280500.0,122.01329,29.65081,368,121.39,1.92
311500.0,3323500.0,121.04521,30.02802,367,83.59,283.45
404500.0,3319500.0,122.00982,30.00273,367,118.74,41.98
384500.0,3324500.0,121.80195,30.04612,366,90.9,79.92
454500.0,3282500.0,122.52978,29.6717,366,166.54,9.96
448500.0,3284500.0,122.46768,29.68951,366,170.08,33.34
437500.0,3306500.0,122.35272,29.88754,365,116.76,8.24
414500.0,3317500.0,122.11366,29.98542,364,174.54,1.96
362500.0,3152500.0,121.59519,28.49191,363,173.52,2.05
297500.0,3318500.0,120.90106,29.98069,363,162.95,10.49
360500.0,3305500.0,121.55555,29.8722,363,76.89,14.06
387500.0,3154500.0,121.85037,28.51236,361,55.72,7.06
407500.0,3307500.0,122.04196,29.89467,360,6.75,2.9
430500.0,3308500.0,122.28009,29.90521,360,71.74,7.9
409500.0,3296500.0,122.0636,29.79556,360,47.75,9.07
405500.0,3265500.0,122.02492,29.51553,359,94.66,23.77
410500.0,3307500.0,122.07303,29.8949,358,30.92,2.79
451500.0,3283500.0,122.49874,29.68061,358,168.83,29.33
411500.0,3284500.0,122.08528,29.68742,357,122.98,1.46
439500.0,3331500.0,122.37201,30.11324,357,156.5,7.26
394500.0,3155500.0,121.9218,28.52197,357,82.54,2.41
396500.0,3324500.0,121.9264,30.04719,356,124.71,13.85
404500.0,3310500.0,122.01063,29.92152,356,118.44,4.64
384500.0,3333500.0,121.80097,30.12732,356,97.68,21.54
425500.0,3332500.0,122.22663,30.12149,355,1.07,18.04
390500.0,3313500.0,121.8653,29.94742,354,7.1,5.47
396500.0,3282500.0,121.93045,29.66821,354,178.2,10.96
421500.0,3303500.0,122.18724,29.85955,354,147.02,1.53
406500.0,3294500.0,122.03274,29.77729,354,15.37,13.29
453500.0,3282500.0,122.51945,29.67166,354,169.75,19.58
421500.0,3291500.0,122.18812,29.75126,353,148.88,21.88
384500.0,3325500.0,121.80184,30.05514,352,91.07,127.77
404500.0,3272500.0,122.01399,29.57862,352,89.57,40.7
390500.0,3338500.0,121.86273,30.17299,351,123.68,16.55
426500.0,3314500.0,122.23825,29.95912,351,136.6,1.47
441500.0,3315500.0,122.39365,29.96896,350,5.0,17.78
421500.0,3311500.0,122.18666,29.93174,350,171.63,7.85
418500.0,3331500.0,122.15405,30.11202,349,34.44,2.91
413500.0,3298500.0,122.10482,29.8139,348,42.58,3.81
433500.0,3332500.0,122.30967,30.12195,348,167.98,4.14
398500.0,3228500.0,121.95611,29.18109,348,128.29,43.58
398500.0,3315500.0,121.948,29.96615,348,26.79,7.52
400500.0,3323500.0,121.96798,30.0385,347,177.32,1.84
417500.0,3334500.0,122.14343,30.13902,346,129.36,16.88
305500.0,3315500.0,120.98448,29.95493,346,170.64,4.12
423500.0,3311500.0,122.20738,29.93187,346,177.8,1.98
384500.0,3331500.0,121.80119,30.10927,346,92.81,56.74
385500.0,3319500.0,121.81286,30.0011,345,110.45,5.41
436500.0,3284500.0,122.34366,29.68895,345,178.18,4.66
404500.0,3270500.0,122.01417,29.56057,345,95.93,11.08
394500.0,3312500.0,121.90685,29.93874,345,160.46,2.92
382500.0,3353500.0,121.77798,30.30757,345,94.23,8.15
389500.0,3339500.0,121.85224,30.18192,345,102.42,3.59
355500.0,3173500.0,121.52104,28.68065,345,174.13,62.57
380500.0,3168500.0,121.77738,28.63808,345,73.05,16.91
444500.0,3328500.0,122.42406,30.08641,345,179.01,7.43
393500.0,3312500.0,121.89649,29.93866,345,5.22,4.01
428500.0,3343500.0,122.25702,30.22093,344,123.96,4.93
424500.0,3344500.0,122.21539,30.22971,343,24.78,2.81
294500.0,3319500.0,120.86979,29.98921,343,108.1,6.71
428500.0,3294500.0,122.26031,29.77876,343,135.98,14.55
398500.0,3323500.0,121.94724,30.03833,342,104.36,3.51
438500.0,3323500.0,122.36209,30.041,341,70.5,46.03
430500.0,3309500.0,122.28003,29.91424,341,84.05,2.75
366500.0,3171500.0,121.63383,28.66378,341,168.8,15.69
438500.0,3331500.0,122.36163,30.11319,341,160.41,45.14
385500.0,3320500.0,121.81275,30.01012,341,89.68,5.13
394500.0,3152500.0,121.92207,28.4949,341,98.08,13.71
456500.0,3284500.0,122.55037,29.68982,340,2.7,3.93
469500.0,3283500.0,122.68477,29.68118,340,40.45,1.98
402500.0,3225500.0,121.99751,29.15433,340,126.2,3.03
404500.0,3233500.0,122.01738,29.22668,340,50.17,14.24
390500.0,3336500.0,121.86294,30.15494,339,110.45,66.81
431500.0,3332500.0,122.28891,30.12184,339,163.42,5.86
434500.0,3332500.0,122.32005,30.12201,338,167.72,7.14
399500.0,3314500.0,121.95846,29.95721,338,12.73,5.17
421500.0,3288500.0,122.18834,29.72419,337,129.49,10.48
444500.0,3329500.0,122.42401,30.09543,337,171.04,2.96
401500.0,3230500.0,121.98678,29.19938,337,51.98,8.02
398500.0,3351500.0,121.94455,30.29097,336,145.62,1.73
432500.0,3332500.0,122.29929,30.1219,336,174.54,8.62
430500.0,3332500.0,122.27853,30.12179,336,177.5,11.26
359500.0,3173500.0,121.56197,28.68109,336,170.06,74.01
438500.0,3283500.0,122.36438,29.68003,335,173.26,24.58
416500.0,3294500.0,122.13618,29.77801,335,91.64,9.62
377500.0,3173500.0,121.74616,28.68292,335,151.59,2.97
405500.0,3260500.0,122.02535,29.47041,335,94.95,114.83
441500.0,3330500.0,122.39282,30.10432,335,168.37,3.09
386500.0,3348500.0,121.82012,30.26284,334,113.86,8.37
427500.0,3208500.0,122.25564,29.00258,334,65.12,13.86
404500.0,3271500.0,122.01408,29.56959,333,93.22,96.25
387500.0,3318500.0,121.8337,29.99226,332,74.19,1.6
385500.0,3349500.0,121.80961,30.27177,331,110.71,15.4
306500.0,3315500.0,120.99484,29.95509,331,22.19,6.59
418500.0,3307500.0,122.15588,29.89545,331,88.09,7.89
415500.0,3317500.0,122.12402,29.98549,331,8.84,1.91
437500.0,3290500.0,122.35365,29.74315,331,165.1,11.37
370500.0,3267500.0,121.66361,29.53043,330,22.44,6.6
436500.0,3332500.0,122.34081,30.12211,330,161.72,24.01
394500.0,3227500.0,121.91507,29.17174,330,51.33,4.56
386500.0,3314500.0,121.82376,29.95608,330,170.16,11.08
403500.0,3308500.0,122.00045,29.90339,330,78.35,2.47
296500.0,3318500.0,120.8907,29.98053,330,160.28,14.57
470500.0,3282500.0,122.69513,29.67218,330,20.84,4.47
421500.0,3309500.0,122.1868,29.9137,329,119.01,12.09
396500.0,3316500.0,121.92718,29.97501,329,18.79,10.09
414500.0,3245500.0,122.11933,29.33569,328,76.22,32.39
384500.0,3338500.0,121.80042,30.17243,328,93.35,10.81
369500.0,3171500.0,121.66452,28.66409,328,173.63,9.64
435500.0,3290500.0,122.33296,29.74305,328,157.02,10.95
384500.0,3330500.0,121.8013,30.10025,328,91.32,18.56
452500.0,3283500.0,122.50907,29.68065,327,170.36,63.26
419500.0,3296500.0,122.16706,29.79626,326,36.87,2.5
421500.0,3306500.0,122.18702,29.88662,326,79.81,1.35
386500.0,3318500.0,121.82333,29.99217,325,124.25,3.33
423500.0,3342500.0,122.20514,30.2116,324,2.58,27.92
405500.0,3259500.0,122.02544,29.46138,324,93.22,47.28
435500.0,3284500.0,122.33332,29.6889,323,172.64,4.18
420500.0,3309500.0,122.17645,29.91363,323,125.7,2.46
427500.0,3207500.0,122.2557,28.99356,323,57.94,6.3
384500.0,3149500.0,121.82022,28.46697,323,63.78,4.93
380500.0,3167500.0,121.77749,28.62905,323,77.84,20.14
428500.0,3308500.0,122.25938,29.9051,323,53.44,3.28
408500.0,3295500.0,122.05334,29.78647,322,21.84,11.01
434500.0,3290500.0,122.32262,29.743,321,141.18,32.19
423500.0,3290500.0,122.20887,29.74237,321,138.35,6.62
425500.0,3304500.0,122.22858,29.86882,321,59.3,8.62
384500.0,3336500.0,121.80064,30.15439,320,97.98,6.29
414500.0,3254500.0,122.11863,29.41691,320,127.34,2.65
418500.0,3299500.0,122.15649,29.82326,320,25.84,5.39
457500.0,3284500.0,122.56071,29.68985,320,6.58,3.43
449500.0,3284500.0,122.47802,29.68955,320,168.34,50.93
387500.0,3317500.0,121.8338,29.98324,319,133.59,2.67
391500.0,3334500.0,121.87352,30.13698,319,113.04,29.8
440500.0,3330500.0,122.38244,30.10427,319,151.32,4.64
456500.0,3282500.0,122.55045,29.67177,319,178.27,4.91
441500.0,3299500.0,122.39452,29.82457,319,144.81,6.21
398500.0,3230500.0,121.95593,29.19914,319,4.5,3.44
399500.0,3330500.0,121.95695,30.10158,318,75.99,15.49
418500.0,3315500.0,122.15527,29.96764,317,170.07,7.24
412500.0,3317500.0,122.09293,29.98528,317,121.16,5.39
357500.0,3265500.0,121.52975,29.51097,316,170.6,1.17
419500.0,3312500.0,122.16586,29.94064,316,5.18,2.77
367500.0,3213500.0,121.63914,29.04288,315,43.47,3.76
438500.0,3304500.0,122.36319,29.86954,315,104.31,5.21
382500.0,3276500.0,121.78645,29.61283,315,43.51,42.98
388500.0,3338500.0,121.84196,30.1728,314,137.87,3.75
408500.0,3337500.0,122.04974,30.16545,314,17.24,1.33
417500.0,3301500.0,122.14599,29.84124,314,81.3,2.56
403500.0,3310500.0,122.00027,29.92144,314,85.76,4.83
418500.0,3346500.0,122.15289,30.24737,313,37.36,2.22
394500.0,3153500.0,121.92198,28.50392,313,103.86,10.97
384500.0,3335500.0,121.80075,30.14536,312,97.98,33.95
362500.0,3308500.0,121.57586,29.89949,312,18.15,86.32
428500.0,3307500.0,122.25945,29.89607,312,22.1,5.92
438500.0,3289500.0,122.36404,29.73418,312,171.51,6.3
399500.0,3291500.0,121.96061,29.74967,311,142.83,4.4
418500.0,3333500.0,122.15389,30.13007,311,133.87,38.09
402500.0,3323500.0,121.98872,30.03866,311,41.6,2.8
415500.0,3340500.0,122.12219,30.19303,311,39.52,5.72
407500.0,3287500.0,122.04368,29.7142,310,71.32,2.52
379500.0,3317500.0,121.75089,29.98248,309,161.42,8.75
422500.0,3345500.0,122.19453,30.23861,309,135.73,5.37
400500.0,3226500.0,121.97686,29.1632,308,142.67,10.2
421500.0,3346500.0,122.18407,30.24757,308,152.36,1.91
406500.0,3317500.0,122.03073,29.98483,308,166.82,6.08
312500.0,3324500.0,121.0554,30.0372,307,45.02,13.87
403500.0,3309500.0,122.00036,29.91241,307,90.05,20.66
437500.0,3299500.0,122.35312,29.82437,307,110.17,6.78
437500.0,3283500.0,122.35405,29.67998,306,0.84,10.99
434500.0,3311500.0,122.32134,29.93251,306,76.56,18.08
412500.0,3316500.0,122.09301,29.97625,305,105.03,2.87
426500.0,3346500.0,122.23603,30.24788,305,52.07,1.71
396500.0,3230500.0,121.93536,29.19898,305,48.23,2.85
426500.0,3207500.0,122.24544,28.9935,305,48.55,6.49
405500.0,3285500.0,122.02318,29.696,305,63.0,6.9
360500.0,3267500.0,121.56044,29.52936,304,57.84,1.14
383500.0,3342500.0,121.7896,30.20842,304,93.18,51.09
384500.0,3349500.0,121.79922,30.27168,302,121.29,11.51
418500.0,3305500.0,122.15603,29.87741,302,72.36,4.05
440500.0,3326500.0,122.38267,30.06817,302,44.83,10.11
429500.0,3313500.0,122.26941,29.95028,300,138.45,2.98
399500.0,3328500.0,121.95714,30.08353,299,75.94,6.45
389500.0,3341500.0,121.85203,30.19996,299,111.34,6.5
439500.0,3325500.0,122.37235,30.0591,299,53.25,28.67
388500.0,3342500.0,121.84154,30.20889,298,105.45,4.48
415500.0,3339500.0,122.12227,30.184,298,121.72,19.34
408500.0,3319500.0,122.05129,30.00303,297,56.52,3.79
422500.0,3301500.0,122.19774,29.84157,297,106.03,3.61
438500.0,3322500.0,122.36215,30.03198,297,74.18,76.52
469500.0,3282500.0,122.6848,29.67216,297,36.94,1.4
405500.0,3317500.0,122.02037,29.98476,297,147.41,10.1
399500.0,3230500.0,121.96621,29.19922,297,5.84,7.84
415500.0,3335500.0,122.12259,30.14791,297,72.44,3.93
395500.0,3317500.0,121.91672,29.98394,296,34.51,1.93
385500.0,3322500.0,121.81254,30.02816,296,89.34,2.96
435500.0,3289500.0,122.33302,29.73403,296,132.34,5.4
429500.0,3342500.0,122.26748,30.21197,296,125.04,4.33
399500.0,3323500.0,121.95761,30.03842,295,43.29,6.05
422500.0,3285500.0,122.19889,29.69718,295,110.07,1.4
384500.0,3337500.0,121.80053,30.16341,294,98.01,5.88
384500.0,3329500.0,121.80141,30.09123,294,92.08,46.36
394500.0,3154500.0,121.92189,28.51295,294,94.13,3.08
425500.0,3346500.0,122.22564,30.24782,293,152.4,1.4
410500.0,3337500.0,122.07051,30.1656,293,42.47,3.79
436500.0,3331500.0,122.34087,30.11309,292,161.43,4.65
397500.0,3352500.0,121.93406,30.29991,292,143.3,3.57
397500.0,3334500.0,121.93581,30.1375,292,127.06,20.12
440500.0,3300500.0,122.38412,29.83354,291,130.32,15.61
401500.0,3228500.0,121.98696,29.18133,291,106.64,32.02
430500.0,3286500.0,122.28152,29.70668,290,154.41,19.19
401500.0,3320500.0,121.97863,30.01151,290,86.5,7.31
382500.0,3275500.0,121.78656,29.60381,290,48.46,42.16
383500.0,3350500.0,121.78871,30.2806,290,102.36,8.14
401500.0,3339500.0,121.97687,30.18295,290,136.46,29.55
381500.0,3171500.0,121.7873,28.66524,290,42.34,2.29
391500.0,3335500.0,121.87342,30.14601,288,123.46,2.79
440500.0,3325500.0,122.38272,30.05915,288,52.45,19.01
355500.0,3265500.0,121.50912,29.51074,288,120.62,1.54
310500.0,3320500.0,121.03538,30.00081,287,57.45,264.05
417500.0,3332500.0,122.14359,30.12098,287,149.88,2.01
435500.0,3222500.0,122.33696,29.12937,287,58.89,2.73
385500.0,3278500.0,121.81722,29.63116,286,22.69,19.73
435500.0,3315500.0,122.33146,29.96865,286,51.33,42.67
401500.0,3322500.0,121.97845,30.02956,286,109.12,4.2
416500.0,3341500.0,122.1325,30.20212,286,28.89,20.27
439500.0,3324500.0,122.37241,30.05007,285,53.91,41.85
408500.0,3336500.0,122.04983,30.15643,285,25.67,1.83
416500.0,3299500.0,122.13579,29.82313,285,72.3,6.87
400500.0,3351500.0,121.96535,30.29114,285,10.21,5.73
406500.0,3295500.0,122.03265,29.78632,285,24.57,4.55
281500.0,3323500.0,120.7343,30.02303,284,4.05,48.21
387500.0,3279500.0,121.83777,29.64036,284,28.81,30.16
382500.0,3351500.0,121.77821,30.28953,284,93.21,68.78
393500.0,3331500.0,121.89459,30.11009,284,85.98,8.77
414500.0,3312500.0,122.11406,29.9403,283,144.24,5.26
500500.0,3339500.0,123.00519,30.18694,283,79.0,19.85
412500.0,3295500.0,122.09472,29.78676,283,18.27,1.83
373500.0,3171500.0,121.70545,28.66449,283,179.67,65.16
392500.0,3311500.0,121.88623,29.92955,282,23.91,3.69
412500.0,3300500.0,122.09431,29.83187,282,84.37,4.35
405500.0,3293500.0,122.02248,29.76819,282,41.85,3.65
430500.0,3341500.0,122.27794,30.203,282,146.63,10.2
347500.0,3174500.0,121.43905,28.68875,282,19.61,3.88
382500.0,3352500.0,121.77809,30.29855,281,92.8,21.55
427500.0,3313500.0,122.24868,29.95016,281,124.47,1.47
371500.0,3267500.0,121.67393,29.53054,281,22.61,27.92
412500.0,3234500.0,122.09961,29.23628,280,66.84,1.84
415500.0,3313500.0,122.12434,29.94939,280,115.17,3.36
402500.0,3321500.0,121.98891,30.02061,279,135.41,10.8
437500.0,3304500.0,122.35283,29.86949,279,98.72,18.22
405500.0,3336500.0,122.01868,30.1562,278,129.9,2.11
363500.0,3152500.0,121.6054,28.49202,278,18.14,3.03
368500.0,3214500.0,121.64929,29.052,278,30.91,17.95
430500.0,3220500.0,122.28569,29.11105,278,59.43,19.39
447500.0,3284500.0,122.45735,29.68947,278,169.3,21.82
409500.0,3336500.0,122.06021,30.1565,278,31.82,6.86
461500.0,3341500.0,122.6,30.20438,277,82.34,11.91
386500.0,3278500.0,121.82755,29.63125,277,26.46,3.8
419500.0,3346500.0,122.16328,30.24744,277,25.19,1.28
402500.0,3281500.0,121.99254,29.65968,276,155.3,33.26
394500.0,3313500.0,121.90675,29.94777,276,176.15,3.11
446500.0,3284500.0,122.44701,29.68943,276,166.48,11.68
384500.0,3350500.0,121.79911,30.2807,275,120.63,36.53
423500.0,3344500.0,122.205,30.22965,275,149.15,2.88
405500.0,3279500.0,122.02371,29.64186,274,154.51,25.42
411500.0,3338500.0,122.08081,30.17469,274,114.69,2.44
444500.0,3316500.0,122.42469,29.97812,274,20.61,44.84
420500.0,3346500.0,122.17367,30.2475,274,178.44,3.24
394500.0,3338500.0,121.90427,30.17334,274,118.15,8.43
404500.0,3279500.0,122.01338,29.64179,273,84.24,5.96
425500.0,3307500.0,122.22838,29.8959,273,10.83,10.74
465500.0,3281500.0,122.64349,29.66303,272,24.14,3.16
404500.0,3307500.0,122.0109,29.89445,272,11.39,46.7
397500.0,3318500.0,121.93735,29.99314,272,55.22,14.22
418500.0,3296500.0,122.15672,29.79619,272,6.62,1.88
411500.0,3308500.0,122.08331,29.90399,270,47.14,3.58
389500.0,3336500.0,121.85255,30.15485,270,100.89,6.52
405500.0,3267500.0,122.02475,29.53358,270,96.19,38.57
437500.0,3225500.0,122.35735,29.15654,270,51.86,11.23
401500.0,3325500.0,121.97817,30.05663,269,100.95,6.16
405500.0,3282500.0,122.02344,29.66893,269,76.8,26.62
414500.0,3348500.0,122.11115,30.26514,269,59.27,2.38
405500.0,3224500.0,122.02843,29.14553,269,173.48,24.92
450500.0,3283500.0,122.4884,29.68057,269,169.31,44.69
401500.0,3229500.0,121.98687,29.19035,269,105.73,6.17
385500.0,3321500.0,121.81264,30.01914,269,71.57,3.44
386500.0,3349500.0,121.82001,30.27186,269,16.7,2.09
386500.0,3316500.0,121.82354,29.97412,268,138.27,20.83
433500.0,3309500.0,122.31111,29.9144,268,159.39,8.11
390500.0,3159500.0,121.88054,28.55774,268,49.02,8.17
443500.0,3328500.0,122.41369,30.08636,267,29.6,4.32
458500.0,3282500.0,122.57112,29.67184,267,168.75,6.16
294500.0,3320500.0,120.8696,29.99823,267,62.03,109.61
399500.0,3307500.0,121.95912,29.89405,267,1.09,12.68
408500.0,3294500.0,122.05343,29.77744,266,48.75,3.66
406500.0,3252500.0,122.03635,29.39829,266,92.86,80.15
440500.0,3229500.0,122.38798,29.19279,265,58.72,8.59
442500.0,3330500.0,122.4032,30.10436,265,157.05,2.51
426500.0,3312500.0,122.23839,29.94108,264,154.83,1.94
414500.0,3334500.0,122.11229,30.13882,264,95.32,1.79
429500.0,3308500.0,122.26974,29.90516,264,39.4,4.52
397500.0,3316500.0,121.93754,29.97509,264,6.16,2.49
461500.0,3344500.0,122.59989,30.23145,264,102.95,12.79
382500.0,3350500.0,121.77832,30.28051,264,94.88,8.62
411500.0,3339500.0,122.08073,30.18372,264,60.84,4.12
399500.0,3331500.0,121.95685,30.1106,263,109.38,6.21
405500.0,3295500.0,122.02231,29.78624,263,52.72,2.8
465500.0,3318500.0,122.64231,29.99694,263,78.47,1.9
386500.0,3350500.0,121.8199,30.28089,263,114.2,2.67
431500.0,3339500.0,122.28846,30.18501,263,127.84,41.9
418500.0,3306500.0,122.15596,29.88643,262,85.1,7.62
410500.0,3294500.0,122.07411,29.77759,262,57.52,2.17
464500.0,3281500.0,122.63316,29.663,262,17.9,4.91
403500.0,3316500.0,121.99973,29.97558,261,6.02,5.76
384500.0,3322500.0,121.80217,30.02807,261,93.33,7.3
389500.0,3337500.0,121.85245,30.16387,261,108.44,23.6
406500.0,3250500.0,122.03652,29.38024,260,94.73,121.89
401500.0,3319500.0,121.97872,30.00249,260,51.65,1.73
413500.0,3337500.0,122.10166,30.16581,260,160.78,21.03
423500.0,3331500.0,122.20594,30.11234,260,6.82,3.42
419500.0,3306500.0,122.16631,29.88649,260,112.59,4.91
396500.0,3313500.0,121.92747,29.94794,259,38.11,9.66
408500.0,3289500.0,122.05385,29.73232,259,60.11,6.64
423500.0,3303500.0,122.20795,29.85968,259,86.6,1.81
418500.0,3332500.0,122.15397,30.12104,259,15.44,4.76
404500.0,3278500.0,122.01346,29.63276,259,83.01,71.51
443500.0,3316500.0,122.41432,29.97807,259,21.51,46.4
283500.0,3323500.0,120.75502,30.02339,259,132.69,75.19
404500.0,3273500.0,122.0139,29.58764,259,95.03,35.31
422500.0,3287500.0,122.19875,29.71523,259,95.8,3.15
412500.0,3265500.0,122.09714,29.51604,259,90.67,12.3
396500.0,3352500.0,121.92366,30.29983,258,7.11,2.07
385500.0,3348500.0,121.80972,30.26275,258,115.71,50.72
416500.0,3334500.0,122.13305,30.13895,257,101.65,1.84
429500.0,3287500.0,122.27111,29.71565,257,164.41,5.04
449500.0,3244500.0,122.47987,29.32856,257,55.94,30.04
414500.0,3244500.0,122.11941,29.32666,257,74.86,14.19
414500.0,3253500.0,122.11871,29.40788,256,105.71,3.5
360500.0,3268500.0,121.56032,29.53838,256,71.76,1.29
392500.0,3162500.0,121.9007,28.58498,255,146.0,1.09
428500.0,3348500.0,122.25669,30.26605,255,63.79,2.71
418500.0,3297500.0,122.15664,29.80521,255,27.96,1.83
386500.0,3352500.0,121.81968,30.29893,254,103.49,8.3
406500.0,3251500.0,122.03643,29.38927,254,94.85,101.66
414500.0,3228500.0,122.12065,29.18227,254,83.45,6.02
432500.0,3309500.0,122.30075,29.91435,254,173.71,8.08
466500.0,3282500.0,122.6538,29.67208,253,29.06,3.7
411500.0,3275500.0,122.08601,29.60621,253,113.72,48.84
397500.0,3232500.0,121.94546,29.21711,253,58.03,3.23
397500.0,3332500.0,121.936,30.11946,253,154.64,2.16
403500.0,3280500.0,122.00296,29.65073,253,151.95,25.91
446500.0,3318500.0,122.44532,29.99626,253,52.71,8.5
404500.0,3224500.0,122.01815,29.14546,252,167.95,14.3
439500.0,3287500.0,122.3745,29.71618,252,155.5,24.52
388500.0,3279500.0,121.8481,29.64045,252,27.37,32.36
423500.0,3308500.0,122.20759,29.9048,252,116.76,2.12
450500.0,3319500.0,122.48674,30.00545,252,26.86,7.0
468500.0,3281500.0,122.67449,29.66311,252,167.89,2.31
406500.0,3279500.0,122.03404,29.64194,251,154.27,84.76
402500.0,3322500.0,121.98882,30.02964,251,117.78,2.05
397500.0,3319500.0,121.93726,30.00216,251,72.93,19.98
384500.0,3328500.0,121.80151,30.08221,251,91.89,109.98
399500.0,3231500.0,121.96612,29.20824,250,152.77,9.42
402500.0,3224500.0,121.99759,29.14531,250,116.21,4.65
447500.0,3318500.0,122.45569,29.9963,250,19.89,14.08
459500.0,3284500.0,122.58138,29.68992,250,8.15,2.39
463500.0,3281500.0,122.62283,29.66297,250,172.3,11.29
460500.0,3322500.0,122.59032,30.03289,250,166.42,4.64
387500.0,3340500.0,121.83136,30.19076,249,116.37,4.17
433500.0,3311500.0,122.31098,29.93245,249,68.14,5.98
401500.0,3231500.0,121.98669,29.2084,249,15.43,9.57
420500.0,3342500.0,122.17398,30.21141,249,171.34,10.17
470500.0,3281500.0,122.69516,29.66316,249,0.74,2.68
429500.0,3310500.0,122.26961,29.9232,248,60.19,1.15
387500.0,3345500.0,121.83083,30.23587,248,120.06,14.84
421500.0,3302500.0,122.18732,29.85053,248,48.29,1.89
410500.0,3284500.0,122.07494,29.68735,247,154.61,1.48
447500.0,3317500.0,122.45574,29.98728,247,19.12,20.97
410500.0,3350500.0,122.06941,30.2829,246,117.16,1.11
413500.0,3272500.0,122.1069,29.57928,246,108.41,13.54
397500.0,3313500.0,121.93783,29.94802,246,38.22,12.05
395500.0,3332500.0,121.91524,30.11929,246,39.26,12.31
424500.0,3297500.0,122.21872,29.8056,245,95.96,26.12
421500.0,3301500.0,122.18739,29.8415,245,39.32,3.21
391500.0,3160500.0,121.89067,28.56685,245,39.15,7.34
446500.0,3283500.0,122.44706,29.6804,245,0.36,16.38
408500.0,3296500.0,122.05326,29.79549,245,27.3,7.0
423500.0,3333500.0,122.2058,30.13039,244,9.0,1.57
450500.0,3282500.0,122.48845,29.67154,244,169.44,19.42
435500.0,3291500.0,122.3329,29.75207,244,151.74,9.8
442500.0,3299500.0,122.40487,29.82461,243,169.48,7.83
398500.0,3332500.0,121.94638,30.11954,243,136.9,4.5
443500.0,3330500.0,122.41358,30.10441,243,171.21,4.55
493500.0,3320500.0,122.9326,30.01546,242,77.36,2.62
422500.0,3306500.0,122.19738,29.88669,241,77.99,2.26
412500.0,3266500.0,122.09706,29.52506,241,89.9,5.65
385500.0,3323500.0,121.81243,30.03719,240,113.26,3.11
407500.0,3336500.0,122.03944,30.15635,240,9.05,7.45
408500.0,3335500.0,122.04991,30.1474,239,38.41,1.6
397500.0,3321500.0,121.93706,30.02021,238,85.96,5.55
413500.0,3317500.0,122.10329,29.98535,238,17.76,3.44
432500.0,3285500.0,122.30225,29.69777,238,155.55,24.14
406500.0,3336500.0,122.02906,30.15627,237,170.73,2.44
413500.0,3270500.0,122.10706,29.56123,237,97.14,27.81
437500.0,3315500.0,122.35219,29.96876,237,13.77,18.59
449500.0,3318500.0,122.47642,29.99638,237,15.31,12.72
461500.0,3283500.0,122.60209,29.68096,237,4.22,24.41
395500.0,3325500.0,121.91593,30.05613,236,127.34,5.54
454500.0,3324500.0,122.528,30.05073,236,155.95,12.63
384500.0,3339500.0,121.80031,30.18145,236,95.02,7.57
384500.0,3352500.0,121.79889,30.29874,236,129.04,13.79
437500.0,3317500.0,122.35207,29.98681,236,80.27,17.16
404500.0,3337500.0,122.0082,30.16514,236,156.42,110.45
403500.0,3289500.0,122.00215,29.73194,236,143.99,1.28
386500.0,3347500.0,121.82022,30.25382,235,109.65,12.32
431500.0,3286500.0,122.29185,29.70674,235,161.31,12.39
414500.0,3336500.0,122.11213,30.15686,235,153.89,6.85
392500.0,3334500.0,121.8839,30.13707,235,92.25,9.27
387500.0,3342500.0,121.83115,30.2088,235,121.81,1.33
442500.0,3288500.0,122.40546,29.72535,235,166.39,15.65
372500.0,3168500.0,121.69555,28.63732,235,123.11,9.22
379500.0,3165500.0,121.76747,28.61091,235,75.13,22.92
457500.0,3285500.0,122.56067,29.69888,234,168.49,1.95
376500.0,3171500.0,121.73614,28.66478,234,176.25,14.92
404500.0,3315500.0,122.01018,29.96663,234,136.98,3.99
402500.0,3289500.0,121.99182,29.73187,234,149.23,1.99
439500.0,3284500.0,122.37466,29.6891,234,176.27,12.09
452500.0,3286500.0,122.50894,29.70772,234,157.4,1.73
414500.0,3270500.0,122.11738,29.5613,234,94.38,34.06
461500.0,3342500.0,122.59996,30.2134,234,91.0,9.61
401500.0,3318500.0,121.97882,29.99346,233,101.06,2.19
431500.0,3285500.0,122.29192,29.69771,233,149.68,54.2
404500.0,3232500.0,122.01747,29.21765,233,21.56,17.87
412500.0,3274500.0,122.09642,29.59725,233,112.67,73.65
429500.0,3340500.0,122.26762,30.19392,233,126.43,16.29
298500.0,3317500.0,120.91161,29.97184,233,162.84,98.71
384500.0,3334500.0,121.80086,30.13634,232,95.82,73.78
441500.0,3230500.0,122.39822,29.20186,232,60.48,8.89
442500.0,3329500.0,122.40326,30.09534,232,177.41,3.28
459500.0,3322500.0,122.57995,30.03285,232,3.46,3.43
361500.0,3265500.0,121.57101,29.51142,231,8.98,6.92
401500.0,3150500.0,121.99375,28.47739,231,83.34,5.23
430500.0,3339500.0,122.27807,30.18495,231,120.28,19.61
292500.0,3324500.0,120.8481,30.03397,230,148.2,4.37
438500.0,3284500.0,122.36433,29.68906,230,178.86,59.49
295500.0,3318500.0,120.88034,29.98036,230,7.07,44.04
384500.0,3208500.0,121.81422,28.99941,230,153.4,23.23
416500.0,3305500.0,122.13532,29.87727,229,61.31,8.63
425500.0,3345500.0,122.22571,30.2388,229,32.38,1.85
420500.0,3301500.0,122.17704,29.84144,229,35.95,7.41
438500.0,3226500.0,122.36758,29.16562,229,68.4,3.43
397500.0,3333500.0,121.9359,30.12848,229,136.57,7.35
423500.0,3304500.0,122.20788,29.8687,228,63.87,2.39
419500.0,3315500.0,122.16564,29.96771,228,137.56,13.35
426500.0,3309500.0,122.2386,29.914,228,66.56,2.37
385500.0,3151500.0,121.83023,28.48511,228,58.59,11.56
369500.0,3194500.0,121.66188,28.87164,228,22.52,63.29
299500.0,3317500.0,120.92197,29.972,228,146.67,7.36
438500.0,3298500.0,122.36353,29.8154,228,164.97,20.48
356500.0,3299500.0,121.51494,29.81761,228,151.53,2.18
380500.0,3150500.0,121.77926,28.47564,228,84.96,21.16
429500.0,3293500.0,122.27072,29.76979,228,142.29,4.72
421500.0,3308500.0,122.18688,29.90467,227,120.57,5.28
424500.0,3296500.0,122.21879,29.79657,227,97.43,2.1
387500.0,3346500.0,121.83072,30.24489,227,98.83,3.09
437500.0,3332500.0,122.35119,30.12217,227,160.05,18.44
399500.0,3345500.0,121.95552,30.23692,226,41.88,5.11
426500.0,3287500.0,122.2401,29.71548,226,151.64,1.78
404500.0,3274500.0,122.01381,29.59667,226,101.74,24.57
462500.0,3343500.0,122.61032,30.22246,226,87.94,71.11
456500.0,3323500.0,122.54879,30.04177,226,179.17,3.63
400500.0,3230500.0,121.9765,29.1993,226,15.59,3.23
413500.0,3295500.0,122.10507,29.78683,225,37.62,2.44
366500.0,3155500.0,121.6357,28.5194,225,44.21,16.13
466500.0,3309500.0,122.65296,29.91575,225,100.27,7.47
415500.0,3337500.0,122.12243,30.16596,225,64.92,3.58
436500.0,3288500.0,122.34342,29.72505,225,158.79,9.12
414500.0,3269500.0,122.11746,29.55227,225,87.03,8.01
399500.0,3350500.0,121.95505,30.28204,225,43.71,1.13
472500.0,3283500.0,122.71578,29.68125,225,10.84,6.96
367500.0,3308500.0,121.62764,29.90004,224,115.98,86.46
423500.0,3285500.0,122.20923,29.69725,224,162.26,1.94
434500.0,3309500.0,122.32146,29.91446,224,137.57,3.96
410500.0,3338500.0,122.07042,30.17462,224,53.22,12.39
385500.0,3180500.0,121.82733,28.74682,224,61.19,21.05
346500.0,3174500.0,121.42882,28.68863,223,0.68,3.1
392500.0,3228500.0,121.89441,29.1806,223,16.9,1.75
414500.0,3299500.0,122.11509,29.82299,223,48.17,6.12
385500.0,3179500.0,121.82743,28.7378,223,63.93,86.7
398500.0,3283500.0,121.95102,29.6774,223,12.74,2.69
433500.0,3352500.0,122.30841,30.30243,223,34.37,22.47
414500.0,3313500.0,122.11398,29.94932,222,143.22,6.9
293500.0,3323500.0,120.85865,30.02512,222,154.0,22.67
411500.0,3274500.0,122.08609,29.59718,222,116.34,3.71
425500.0,3291500.0,122.22948,29.75151,222,77.88,3.91
439500.0,3330500.0,122.37207,30.10422,222,174.28,1.64
387500.0,3343500.0,121.83104,30.21782,221,111.74,109.85
419500.0,3343500.0,122.16351,30.22037,221,156.91,4.28
383500.0,3353500.0,121.78838,30.30767,220,105.89,11.65
378500.0,3173500.0,121.75639,28.68301,220,177.93,5.94
403500.0,3224500.0,122.00787,29.14538,220,155.22,8.26
431500.0,3214500.0,122.29634,29.05695,220,79.89,5.35
435500.0,3279500.0,122.33362,29.64378,220,54.73,10.86
459500.0,3323500.0,122.57991,30.04188,220,164.8,3.0
438500.0,3316500.0,122.3625,29.97783,220,176.35,20.96
384500.0,3323500.0,121.80206,30.03709,219,91.43,88.29
470500.0,3280500.0,122.69519,29.65413,219,10.35,5.43
441500.0,3286500.0,122.39523,29.70725,218,140.72,5.82
394500.0,3282500.0,121.90979,29.66805,218,11.04,14.12
388500.0,3317500.0,121.84417,29.98333,217,114.76,2.3
430500.0,3307500.0,122.28016,29.89619,217,48.59,5.7
449500.0,3283500.0,122.47807,29.68053,217,164.3,29.58
413500.0,3347500.0,122.10084,30.25605,217,33.07,2.02
417500.0,3302500.0,122.14591,29.85027,216,71.67,4.27
390500.0,3222500.0,121.87444,29.12628,216,166.28,2.83
384500.0,3340500.0,121.80021,30.19047,216,86.27,2.48
387500.0,3155500.0,121.85027,28.52138,216,39.96,6.84
381500.0,3274500.0,121.77634,29.59469,216,54.89,18.99
416500.0,3301500.0,122.13564,29.84118,216,53.47,8.38
442500.0,3315500.0,122.40401,29.969,216,11.73,36.5
356500.0,3300500.0,121.51481,29.82663,216,159.68,6.06
436500.0,3224500.0,122.34713,29.14747,216,49.33,12.14
414500.0,3246500.0,122.11926,29.34471,215,74.93,23.95
460500.0,3282500.0,122.59179,29.6719,215,0.28,3.42
425500.0,3315500.0,122.22782,29.96809,215,155.85,1.77
422500.0,3288500.0,122.19868,29.72426,215,162.81,1.23
374500.0,3171500.0,121.71568,28.66458,215,9.34,6.61
401500.0,3351500.0,121.97574,30.29122,215,20.97,3.22
452500.0,3285500.0,122.50898,29.6987,215,142.43,5.4
417500.0,3303500.0,122.14583,29.85929,214,66.28,18.96
416500.0,3293500.0,122.13626,29.76899,214,79.49,2.0
452500.0,3282500.0,122.50912,29.67162,214,164.49,21.47
422500.0,3274500.0,122.19968,29.59792,213,12.76,25.58
461500.0,3340500.0,122.60004,30.19535,213,87.02,14.64
396500.0,3328500.0,121.92601,30.08328,213,102.2,1.35
414500.0,3347500.0,122.11124,30.25612,213,130.49,2.53
426500.0,3206500.0,122.2455,28.98447,213,38.09,3.34
471500.0,3283500.0,122.70544,29.68123,213,10.38,3.75
311500.0,3320500.0,121.04574,30.00096,212,55.76,203.58
398500.0,3318500.0,121.94772,29.99322,212,175.95,1.95
467500.0,3276500.0,122.66431,29.61796,212,67.11,6.4
457500.0,3282500.0,122.56079,29.6718,212,2.33,8.44
308500.0,3317500.0,121.0152,29.97344,211,47.27,34.44
374500.0,3269500.0,121.70465,29.54889,211,36.78,33.5
437500.0,3284500.0,122.35399,29.68901,211,178.62,9.43
423500.0,3309500.0,122.20752,29.91382,211,97.71,2.13
441500.0,3238500.0,122.39779,29.27406,211,61.24,21.11
400500.0,3331500.0,121.96723,30.11068,211,148.25,1.41
394500.0,3326500.0,121.90546,30.06507,211,144.33,11.61
373500.0,3167500.0,121.70589,28.62839,211,132.74,6.22
418500.0,3300500.0,122.15641,29.83229,211,43.22,10.61
428500.0,3209500.0,122.26584,29.01166,211,56.51,13.59
400500.0,3345500.0,121.96591,30.237,210,177.38,5.09
428500.0,3306500.0,122.25951,29.88705,210,26.33,11.66
416500.0,3190500.0,122.14405,28.83946,210,59.06,12.04
364500.0,3152500.0,121.61562,28.49212,210,38.18,12.13
391500.0,3313500.0,121.87567,29.94751,210,162.33,5.29
412500.0,3228500.0,122.10008,29.18214,210,64.05,9.21
462500.0,3282500.0,122.61246,29.67196,209,20.39,8.64
388500.0,3344500.0,121.84133,30.22694,209,119.06,10.75
413500.0,3271500.0,122.10698,29.57025,209,99.38,20.93
468500.0,3296500.0,122.67406,29.79848,209,92.52,21.01
467500.0,3275500.0,122.66434,29.60893,209,49.22,6.59
401500.0,3345500.0,121.97631,30.23709,208,170.06,26.46
406500.0,3316500.0,122.03082,29.97581,208,0.95,10.44
411500.0,3350500.0,122.0798,30.28297,208,45.04,1.88
454500.0,3285500.0,122.52966,29.69877,208,165.48,2.87
406500.0,3308500.0,122.03152,29.90362,208,21.45,15.45
403500.0,3315500.0,121.99982,29.96655,208,169.51,5.51
468500.0,3279500.0,122.67455,29.64506,208,50.52,2.31
457500.0,3281500.0,122.56083,29.66278,207,174.59,3.07
405500.0,3313500.0,122.02072,29.94866,207,77.67,3.52
406500.0,3254500.0,122.03618,29.41634,207,93.72,33.24
389500.0,3160500.0,121.87022,28.56668,206,52.79,3.34
423500.0,3343500.0,122.20507,30.22063,206,139.79,3.17
461500.0,3345500.0,122.59985,30.24047,206,92.2,6.29
393500.0,3226500.0,121.90489,29.16263,206,36.65,4.08
404500.0,3318500.0,122.00991,29.9937,206,120.38,25.04
439500.0,3298500.0,122.37388,29.81545,206,167.12,19.77
398500.0,3326500.0,121.94695,30.0654,206,75.9,6.25
402500.0,3155500.0,122.00354,28.5226,206,82.21,11.69
424500.0,3292500.0,122.21907,29.76048,206,62.94,3.42
378500.0,3175500.0,121.75618,28.70106,205,166.5,2.11
443500.0,3297500.0,122.41533,29.80661,205,153.96,3.95
414500.0,3261500.0,122.11809,29.48008,205,89.89,21.45
404500.0,3277500.0,122.01355,29.62374,205,85.64,52.06
385500.0,3332500.0,121.81146,30.11839,205,75.91,13.54
428500.0,3334500.0,122.25763,30.13972,205,17.01,1.45
422500.0,3200500.0,122.20486,28.93009,205,29.4,2.73
330500.0,3322500.0,121.24233,30.02178,204,128.94,1.18
399500.0,3227500.0,121.96648,29.17215,204,139.92,80.43
413500.0,3190500.0,122.1133,28.83926,204,63.68,3.85
450500.0,3284500.0,122.48836,29.68959,204,167.92,49.81
453500.0,3325500.0,122.51759,30.05971,203,157.7,5.73
435500.0,3309500.0,122.33182,29.91451,203,117.73,2.81
434500.0,3333500.0,122.31999,30.13103,203,136.66,5.05
409500.0,3316500.0,122.06191,29.97603,203,133.59,1.46
441500.0,3298500.0,122.39458,29.81554,203,158.77,3.17
404500.0,3292500.0,122.01223,29.75909,203,47.8,7.7
466500.0,3281500.0,122.65383,29.66305,203,25.41,3.75
376500.0,3270500.0,121.72518,29.55811,202,36.33,54.54
420500.0,3197500.0,122.18455,28.90289,202,67.87,12.42
352500.0,3174500.0,121.49021,28.68933,202,161.81,4.34
401500.0,3151500.0,121.99367,28.48642,202,81.26,8.52
381500.0,3170500.0,121.78741,28.65622,202,61.01,21.04
429500.0,3218500.0,122.27554,29.09295,202,64.46,5.84
453500.0,3285500.0,122.51932,29.69873,202,156.64,18.15
414500.0,3268500.0,122.11754,29.54325,202,88.15,9.59
434500.0,3284500.0,122.32299,29.68885,201,165.98,12.21
464500.0,3303500.0,122.63244,29.86154,201,89.87,27.81
372500.0,3143500.0,121.69833,28.41171,201,112.3,1.58
384500.0,3277500.0,121.807,29.62204,201,28.69,12.76
413500.0,3313500.0,122.10361,29.94925,201,111.9,6.95
403500.0,3163500.0,122.01309,28.59487,201,83.48,7.16
392500.0,3163500.0,121.90061,28.59401,201,53.59,9.95
398500.0,3334500.0,121.94619,30.13759,201,124.16,19.71
437500.0,3288500.0,122.35376,29.7251,201,158.48,9.45
360500.0,3304500.0,121.55568,29.86318,201,55.14,27.4
396500.0,3335500.0,121.92533,30.14644,201,125.18,9.81
427500.0,3308500.0,122.24902,29.90504,201,65.27,4.95
420500.0,3331500.0,122.1748,30.11215,201,71.51,2.78
455500.0,3281500.0,122.54016,29.66271,201,164.83,4.08
393500.0,3339500.0,121.89378,30.18227,200,123.49,12.2
386500.0,3351500.0,121.81979,30.28991,200,106.25,5.96
438500.0,3321500.0,122.36221,30.02295,200,76.03,58.4
499500.0,3338500.0,122.99481,30.17791,200,73.27,24.64
421500.0,3199500.0,122.19467,28.921,200,63.76,10.47
424500.0,3301500.0,122.21844,29.84169,200,71.52,2.59
405500.0,3242500.0,122.0269,29.30797,200,70.82,33.28
423500.0,3306500.0,122.20773,29.88675,200,52.95,4.24
461500.0,3343500.0,122.59993,30.22243,200,98.51,33.13
426500.0,3310500.0,122.23853,29.92303,200,60.0,1.51
406500.0,3255500.0,122.03609,29.42536,199,95.3,60.2
389500.0,3280500.0,121.85833,29.64956,199,32.53,17.67
431500.0,3351500.0,122.28768,30.29329,199,31.37,18.64
449500.0,3319500.0,122.47638,30.00541,199,26.53,3.87
427500.0,3309500.0,122.24895,29.91406,198,69.82,2.38
415500.0,3341500.0,122.12211,30.20205,198,20.52,21.34
465500.0,3317500.0,122.64234,29.98791,198,82.64,7.39
398500.0,3282500.0,121.95112,29.66838,198,177.88,4.11
385500.0,3347500.0,121.80983,30.25373,198,109.9,12.39
443500.0,3331500.0,122.41353,30.11343,198,37.76,36.46
427500.0,3307500.0,122.24909,29.89602,197,11.95,6.98
433500.0,3333500.0,122.30961,30.13098,197,139.73,5.3
397500.0,3170500.0,121.95111,28.65759,197,29.55,3.88
409500.0,3202500.0,122.07133,28.94728,197,171.18,112.64
441500.0,3327500.0,122.39299,30.07724,197,46.21,9.12
368500.0,3266500.0,121.6431,29.5212,196,19.89,6.65
280500.0,3323500.0,120.72393,30.02285,196,15.85,21.34
472500.0,3280500.0,122.71585,29.65418,196,6.02,1.54
423500.0,3202500.0,122.21498,28.9482,196,33.13,2.75
396500.0,3310500.0,121.92776,29.92087,196,109.59,3.05
431500.0,3223500.0,122.29578,29.13818,196,56.95,20.73
342500.0,3175500.0,121.38775,28.69717,196,178.43,24.05
457500.0,3323500.0,122.55916,30.04181,196,160.08,11.36
357500.0,3264500.0,121.52988,29.50195,196,10.53,13.85
370500.0,3214500.0,121.66982,29.05221,196,164.66,24.11
383500.0,3241500.0,121.8005,29.29711,196,33.95,1.9
379500.0,3166500.0,121.76737,28.61994,196,73.15,107.74
401500.0,3326500.0,121.97807,30.06565,195,55.83,2.7
419500.0,3294500.0,122.16721,29.77821,195,132.94,3.89
383500.0,3343500.0,121.78949,30.21745,195,87.08,20.94
455500.0,3324500.0,122.53838,30.05076,195,162.02,7.42
458500.0,3285500.0,122.57101,29.69891,194,177.39,1.85
495500.0,3313500.0,122.95336,29.95229,194,163.52,501.68
452500.0,3250500.0,122.51051,29.38282,194,58.48,42.85
454500.0,3259500.0,122.53075,29.46412,194,58.44,9.74
372500.0,3173500.0,121.69499,28.68244,194,52.94,5.94
400500.0,3231500.0,121.97641,29.20832,194,177.54,15.86
414500.0,3271500.0,122.1173,29.57032,194,90.7,4.89
451500.0,3286500.0,122.4986,29.70768,194,123.61,3.11
429500.0,3351500.0,122.26688,30.29318,194,80.92,22.3
419500.0,3301500.0,122.16669,29.84138,194,34.12,2.18
483500.0,3282500.0,122.82948,29.67242,194,60.0,5.93
409500.0,3297500.0,122.06352,29.80459,193,40.95,3.88
421500.0,3198500.0,122.19474,28.91198,193,57.02,13.88
427500.0,3209500.0,122.25557,29.01161,193,61.94,27.14
435500.0,3313500.0,122.33158,29.95061,193,58.66,78.87
458500.0,3322500.0,122.56958,30.03282,193,163.97,5.89
455500.0,3285500.0,122.54,29.69881,193,166.3,2.87
471500.0,3280500.0,122.70552,29.65415,193,3.22,2.49
412500.0,3264500.0,122.09722,29.50701,193,89.58,11.18
399500.0,3327500.0,121.95723,30.07451,192,79.03,9.95
424500.0,3309500.0,122.21788,29.91388,192,12.08,3.34
465500.0,3282500.0,122.64346,29.67205,192,33.75,5.29
351500.0,3173500.0,121.48011,28.68019,192,175.18,14.2
341500.0,3175500.0,121.37752,28.69705,192,173.83,84.64
426500.0,3344500.0,122.23617,30.22983,192,92.9,1.46
441500.0,3283500.0,122.39539,29.68018,191,11.93,6.83
471500.0,3281500.0,122.70549,29.66318,191,10.45,8.57
496500.0,3320500.0,122.96371,30.01547,191,45.05,7.73
402500.0,3154500.0,122.00363,28.51357,191,84.31,35.57
435500.0,3331500.0,122.33049,30.11304,191,167.61,15.67
418500.0,3342500.0,122.1532,30.21128,191,17.89,24.46
392500.0,3161500.0,121.9008,28.57596,191,49.63,14.84
433500.0,3308500.0,122.31117,29.90538,191,167.23,4.66
400500.0,3290500.0,121.97105,29.74073,191,153.43,2.05
448500.0,3242500.0,122.46966,29.31047,190,55.07,4.71
432500.0,3308500.0,122.30081,29.90532,190,7.46,6.46
426500.0,3342500.0,122.23631,30.21179,190,175.65,20.19
453500.0,3250500.0,122.52081,29.38286,190,62.02,14.75
430500.0,3213500.0,122.28613,29.04787,190,58.08,3.49
396500.0,3341500.0,121.92474,30.20058,190,64.78,4.4
444500.0,3286500.0,122.42624,29.70739,190,165.09,2.66
380500.0,3171500.0,121.77707,28.66515,190,175.74,10.69
378500.0,3171500.0,121.75661,28.66497,189,0.88,7.77
441500.0,3239500.0,122.39774,29.28308,189,59.19,38.05
437500.0,3231500.0,122.35701,29.21069,189,55.24,15.17
437500.0,3300500.0,122.35307,29.8334,189,94.74,24.49
422500.0,3299500.0,122.19788,29.82352,188,128.32,5.24
377500.0,3271500.0,121.73539,29.56723,188,39.02,19.6
401500.0,3281500.0,121.9822,29.6596,188,157.58,13.14
449500.0,3245500.0,122.47982,29.33758,188,55.54,6.19
437500.0,3322500.0,122.35178,30.03193,188,86.31,32.6
387500.0,3313500.0,121.83422,29.94715,187,177.56,1.6
362500.0,3307500.0,121.57599,29.89047,187,22.51,18.01
400500.0,3340500.0,121.96639,30.19189,187,141.96,16.69
402500.0,3157500.0,122.00337,28.54065,187,93.14,13.07
415500.0,3282500.0,122.12677,29.66965,187,33.42,3.39
450500.0,3245500.0,122.49012,29.33762,187,50.93,16.15
394500.0,3337500.0,121.90437,30.16432,187,122.03,5.07
406500.0,3253500.0,122.03626,29.40731,187,93.95,101.32
441500.0,3329500.0,122.39288,30.09529,187,35.53,2.62
402500.0,3284500.0,121.99227,29.68675,186,27.59,10.82
436500.0,3283500.0,122.34372,29.67993,186,13.48,8.86
404500.0,3276500.0,122.01364,29.61471,186,90.64,119.3
453500.0,3283500.0,122.51941,29.68068,186,179.27,5.1
467500.0,3301500.0,122.66356,29.84358,186,140.95,3.93
279500.0,3323500.0,120.71357,30.02268,186,3.53,57.79
377500.0,3171500.0,121.74638,28.66487,186,3.32,9.29
370500.0,3171500.0,121.67476,28.66419,186,175.88,37.67
386500.0,3353500.0,121.81958,30.30795,186,95.83,37.64
419500.0,3298500.0,122.16691,29.8143,186,152.75,2.47
455500.0,3261500.0,122.54098,29.48221,186,62.31,5.28
365500.0,3165500.0,121.62431,28.60954,186,118.81,5.11
400500.0,3346500.0,121.96582,30.24603,185,168.38,15.9
500500.0,3340500.0,123.00519,30.19596,185,78.96,30.22
404500.0,3236500.0,122.01712,29.25375,185,92.6,81.67
416500.0,3300500.0,122.13571,29.83215,185,71.5,10.44
416500.0,3318500.0,122.13431,29.99458,185,107.16,3.08
461500.0,3339500.0,122.60007,30.18633,185,92.13,2.35
440500.0,3284500.0,122.385,29.68915,185,174.71,9.27
470500.0,3283500.0,122.69511,29.6812,185,26.49,4.53
443500.0,3288500.0,122.4158,29.72539,185,173.76,3.88
377500.0,3212500.0,121.74193,29.03485,185,152.98,14.47
409500.0,3298500.0,122.06343,29.81361,184,39.54,2.49
432500.0,3217500.0,122.30643,29.08408,184,160.39,1.28
424500.0,3298500.0,122.21865,29.81462,184,86.43,7.18
446500.0,3327500.0,122.44487,30.07747,184,161.11,24.17
491500.0,3302500.0,122.912,29.853,184,71.12,13.52
356500.0,3174500.0,121.53114,28.68978,184,160.18,6.92
439500.0,3236500.0,122.37732,29.25591,184,53.88,5.94
448500.0,3243500.0,122.46962,29.31949,183,51.22,16.75
402500.0,3156500.0,122.00346,28.53162,183,88.78,11.27
442500.0,3233500.0,122.40835,29.22898,182,58.47,4.31
404500.0,3285500.0,122.01285,29.69593,182,26.49,7.54
371500.0,3171500.0,121.68499,28.66429,182,178.6,29.75
414500.0,3236500.0,122.12003,29.25447,182,80.85,3.53
415500.0,3295500.0,122.12576,29.78696,182,77.91,1.4
497500.0,3322500.0,122.97407,30.03352,182,76.26,27.34
365500.0,3175500.0,121.62313,28.69977,182,177.8,1.56
382500.0,3354500.0,121.77787,30.31659,182,99.37,11.04
428500.0,3341500.0,122.25716,30.20288,182,153.3,10.08
434500.0,3331500.0,122.32011,30.11298,182,167.63,15.3
465500.0,3284500.0,122.6434,29.6901,182,132.53,2.88
421500.0,3289500.0,122.18826,29.73322,182,129.82,3.37
430500.0,3333500.0,122.27846,30.13081,182,165.34,2.02
490500.0,3309500.0,122.90158,29.91617,182,51.94,6.59
492500.0,3314500.0,122.92227,29.9613,182,37.32,2.1
426500.0,3298500.0,122.23935,29.81474,181,131.87,23.32
413500.0,3249500.0,122.10872,29.37172,181,91.73,10.58
384500.0,3150500.0,121.82011,28.476,181,63.09,34.83
428500.0,3217500.0,122.26533,29.08386,181,57.05,9.79
449500.0,3282500.0,122.47811,29.6715,181,161.7,13.39
440500.0,3283500.0,122.38505,29.68013,180,179.25,12.27
420500.0,3300500.0,122.17711,29.83242,180,59.23,13.98
471500.0,3282500.0,122.70547,29.6722,180,15.5,5.87
380500.0,3273500.0,121.76613,29.58557,180,48.87,14.1
433500.0,3224500.0,122.31628,29.14731,180,58.93,15.13
407500.0,3232500.0,122.04833,29.21788,180,15.24,8.42
376500.0,3153500.0,121.73809,28.50234,180,77.16,3.32
415500.0,3316500.0,122.1241,29.97646,180,101.69,2.24
403500.0,3166500.0,122.01284,28.62195,180,84.59,9.41
405500.0,3314500.0,122.02063,29.95769,179,58.38,12.78
491500.0,3303500.0,122.91199,29.86202,179,73.79,17.75
433500.0,3285500.0,122.31259,29.69782,179,165.0,14.67
405500.0,3232500.0,122.02775,29.21773,179,14.73,20.07
441500.0,3237500.0,122.39785,29.26503,179,55.79,15.0
455500.0,3284500.0,122.54004,29.68978,179,166.45,2.12
403500.0,3317500.0,121.99964,29.9846,179,92.71,1.29
433500.0,3331500.0,122.30973,30.11293,179,142.1,2.28
445500.0,3237500.0,122.43902,29.26521,179,41.6,6.91
453500.0,3251500.0,122.52077,29.39189,179,59.75,8.43
436500.0,3229500.0,122.34684,29.19259,179,57.91,24.68
455500.0,3262500.0,122.54094,29.49123,179,60.04,58.78
338500.0,3175500.0,121.34682,28.69668,179,174.32,5.43
308500.0,3318500.0,121.01502,29.98246,178,47.91,42.72
409500.0,3337500.0,122.06012,30.16552,178,25.92,6.56
452500.0,3325500.0,122.50721,30.05967,178,18.21,3.19
496500.0,3323500.0,122.9637,30.04254,178,73.76,105.74
404500.0,3316500.0,122.01009,29.97566,178,6.64,3.21
429500.0,3212500.0,122.27592,29.03879,178,22.35,4.2
460500.0,3284500.0,122.59172,29.68995,178,170.68,2.47
473500.0,3286500.0,122.72604,29.70835,178,28.19,6.2
498500.0,3352500.0,122.9844,30.30425,178,24.16,4.76
380500.0,3172500.0,121.77697,28.67418,178,20.31,6.01
441500.0,3289500.0,122.39506,29.73432,177,11.88,2.47
370500.0,3188500.0,121.67282,28.81759,177,40.17,1.34
380500.0,3151500.0,121.77916,28.48466,177,87.69,6.47
420500.0,3198500.0,122.18448,28.91191,177,69.53,8.61
435500.0,3221500.0,122.33702,29.12034,177,28.17,6.91
441500.0,3288500.0,122.39512,29.7253,177,21.31,1.44
437500.0,3302500.0,122.35295,29.85144,177,79.97,53.85
421500.0,3312500.0,122.18658,29.94077,177,168.7,2.8
377500.0,3175500.0,121.74595,28.70097,177,1.52,13.32
420500.0,3302500.0,122.17696,29.85046,177,110.14,4.45
407500.0,3282500.0,122.04411,29.66908,177,105.4,4.89
438500.0,3227500.0,122.36752,29.17464,177,56.8,7.8
426500.0,3307500.0,122.23873,29.89596,176,8.12,10.32
424500.0,3331500.0,122.21632,30.11241,176,11.44,6.22
466500.0,3310500.0,122.65292,29.92477,176,104.31,6.67
422500.0,3201500.0,122.20479,28.93911,176,76.99,2.42
448500.0,3283500.0,122.46773,29.68049,176,160.45,32.74
440500.0,3299500.0,122.38417,29.82452,176,115.37,4.92
345500.0,3174500.0,121.41858,28.68851,176,175.26,16.22
466500.0,3284500.0,122.65373,29.69013,176,127.1,3.0
399500.0,3322500.0,121.95771,30.02939,176,66.68,2.64
433500.0,3218500.0,122.31664,29.09316,176,39.88,8.19
399500.0,3175500.0,121.97113,28.70287,176,60.88,22.67
380500.0,3169500.0,121.77728,28.6471,176,68.15,45.47
459500.0,3282500.0,122.58146,29.67187,176,178.57,2.31
383500.0,3348500.0,121.78894,30.26256,176,92.13,20.6
421500.0,3203500.0,122.19439,28.9571,176,47.87,2.31
402500.0,3345500.0,121.9867,30.23717,175,150.83,19.81
415500.0,3299500.0,122.12544,29.82306,175,61.33,3.51
468500.0,3282500.0,122.67446,29.67213,175,4.48,2.69
365500.0,3153500.0,121.62571,28.50125,175,20.99,10.24
431500.0,3333500.0,122.28884,30.13087,175,118.85,2.2
409500.0,3201500.0,122.07141,28.93826,175,79.5,16.06
457500.0,3275500.0,122.56106,29.60863,175,15.8,2.89
445500.0,3285500.0,122.43663,29.69841,175,174.25,21.19
373500.0,3143500.0,121.70853,28.41181,174,69.83,8.64
383500.0,3276500.0,121.79678,29.61292,174,33.28,27.24
429500.0,3333500.0,122.26808,30.13075,174,171.67,2.56
419500.0,3342500.0,122.16359,30.21134,174,4.78,20.09
430500.0,3351500.0,122.27728,30.29323,174,55.56,13.35
394500.0,3168500.0,121.9206,28.63929,174,66.57,2.28
419500.0,3196500.0,122.17437,28.8938,174,54.07,9.75
410500.0,3187500.0,122.08278,28.81198,174,63.71,33.06
446500.0,3285500.0,122.44696,29.69845,174,167.01,5.41
371500.0,3169500.0,121.68521,28.64624,174,139.02,12.12
441500.0,3231500.0,122.39816,29.21088,173,60.78,10.83
404500.0,3269500.0,122.01425,29.55155,173,93.51,33.31
434500.0,3308500.0,122.32153,29.90543,173,153.41,6.47
392500.0,3226500.0,121.89461,29.16255,173,31.98,6.14
436500.0,3223500.0,122.34718,29.13844,173,65.33,5.01
414500.0,3241500.0,122.11964,29.29959,173,62.88,5.08
442500.0,3298500.0,122.40492,29.81559,173,143.43,12.06
413500.0,3349500.0,122.10068,30.27409,173,72.75,8.2
409500.0,3340500.0,122.05987,30.19259,173,45.06,1.17
373500.0,3168500.0,121.70578,28.63741,173,122.14,3.86
395500.0,3282500.0,121.92012,29.66813,173,0.39,18.98
487500.0,3292500.0,122.8707,29.76272,173,39.9,3.02
393500.0,3311500.0,121.89659,29.92963,173,137.34,4.04
497500.0,3326500.0,122.97406,30.06962,173,55.1,12.68
365500.0,3166500.0,121.62419,28.61856,173,120.77,4.61
519500.0,3349500.0,123.20275,30.27702,173,54.05,10.71
414500.0,3240500.0,122.11972,29.29057,172,69.79,3.2
453500.0,3256500.0,122.52056,29.43701,172,58.84,40.4
441500.0,3326500.0,122.39304,30.06822,172,46.52,8.31
384500.0,3278500.0,121.80689,29.63106,172,22.4,2.38
387500.0,3339500.0,121.83147,30.18173,172,99.87,2.41
436500.0,3228500.0,122.3469,29.18357,172,61.48,9.32
385500.0,3350500.0,121.8095,30.28079,172,98.57,5.42
365500.0,3176500.0,121.62301,28.7088,171,15.23,1.23
412500.0,3273500.0,122.0965,29.58823,171,108.62,47.16
422500.0,3308500.0,122.19723,29.90474,171,129.79,3.23
427500.0,3342500.0,122.2467,30.21185,171,168.93,3.05
379500.0,3171500.0,121.76684,28.66506,171,174.66,17.66
433500.0,3290500.0,122.31228,29.74294,171,119.51,13.55
412500.0,3271500.0,122.09666,29.57018,171,101.22,5.23
417500.0,3292500.0,122.14668,29.76003,171,85.4,2.38
458500.0,3323500.0,122.56954,30.04184,171,160.07,11.29
498500.0,3335500.0,122.98442,30.15084,171,74.34,14.35
405500.0,3174500.0,122.03263,28.6943,171,60.35,11.86
415500.0,3273500.0,122.12747,29.58844,171,24.78,14.06
464500.0,3282500.0,122.63313,29.67202,171,5.6,13.45
405500.0,3292500.0,122.02257,29.75917,171,37.64,3.0
498500.0,3336500.0,122.98442,30.15986,171,73.86,15.8
442500.0,3286500.0,122.40556,29.7073,170,145.57,6.22
390500.0,3333500.0,121.86325,30.12787,170,156.6,3.71
445500.0,3316500.0,122.43506,29.97816,170,25.22,13.76
454500.0,3260500.0,122.5307,29.47315,170,49.61,5.44
456500.0,3281500.0,122.55049,29.66274,170,171.25,6.01
467500.0,3282500.0,122.66413,29.67211,170,13.29,4.99
348500.0,3175500.0,121.44915,28.69789,170,75.48,1.62
387500.0,3344500.0,121.83094,30.22685,170,110.67,21.69
442500.0,3283500.0,122.40572,29.68022,170,0.52,5.4
464500.0,3319500.0,122.6319,30.00593,170,112.85,6.2
435500.0,3228500.0,122.33661,29.18352,170,55.71,21.19
463500.0,3282500.0,122.62279,29.67199,170,6.95,15.6
445500.0,3238500.0,122.43897,29.27424,170,59.02,52.14
496500.0,3325500.0,122.96369,30.06059,170,73.6,24.71
392500.0,3340500.0,121.88329,30.19121,169,128.7,39.68
383500.0,3341500.0,121.78971,30.1994,169,95.17,52.63
413500.0,3316500.0,122.10337,29.97632,169,78.16,9.39
406500.0,3224500.0,122.03871,29.14561,169,179.19,26.88
437500.0,3230500.0,122.35707,29.20167,169,43.68,7.06
409500.0,3317500.0,122.06183,29.98506,168,72.86,5.34
384500.0,3317500.0,121.80271,29.98296,168,3.43,5.33
419500.0,3244500.0,122.1709,29.32699,168,39.06,20.62
356500.0,3264500.0,121.51957,29.50184,168,4.18,6.02
396500.0,3318500.0,121.92699,29.99305,168,34.47,15.73
405500.0,3243500.0,122.02681,29.317,168,72.0,68.24
423500.0,3208500.0,122.21457,29.00235,168,71.22,4.72
429500.0,3217500.0,122.2756,29.08392,168,147.95,318.17
462500.0,3339500.0,122.61046,30.18636,168,91.67,17.58
495500.0,3315500.0,122.95336,29.97034,168,91.33,57.65
405500.0,3287500.0,122.02301,29.71405,167,44.93,8.29
383500.0,3175500.0,121.80736,28.70152,167,69.09,53.68
386500.0,3345500.0,121.82044,30.23578,167,108.27,4.03
419500.0,3203500.0,122.17387,28.95698,167,72.64,6.61
461500.0,3353500.0,122.59956,30.31267,167,76.63,5.93
439500.0,3283500.0,122.37472,29.68008,167,174.14,5.32
340500.0,3175500.0,121.36728,28.69693,167,168.16,16.77
424500.0,3209500.0,122.22477,29.01143,167,44.81,9.04
483500.0,3274500.0,122.8296,29.60022,167,58.73,3.04
489500.0,3283500.0,122.89148,29.68151,167,7.31,25.54
476500.0,3281500.0,122.75716,29.66328,166,135.6,1.86
469500.0,3285500.0,122.68471,29.69923,166,49.24,21.6
429500.0,3306500.0,122.26987,29.88711,166,85.29,6.98
360500.0,3265500.0,121.5607,29.51131,166,8.46,6.59
426500.0,3213500.0,122.24504,29.04765,166,80.54,1.42
414500.0,3298500.0,122.11517,29.81397,166,117.4,1.07
404500.0,3148500.0,122.02456,28.45957,166,88.56,2.32
419500.0,3274500.0,122.1687,29.59773,166,16.81,20.55
495500.0,3314500.0,122.95336,29.96132,165,92.75,10.39
429500.0,3213500.0,122.27586,29.04782,165,45.5,1.29
417500.0,3335500.0,122.14336,30.14805,165,122.71,6.64
462500.0,3332500.0,122.61071,30.12319,165,94.38,24.66
480500.0,3281500.0,122.79849,29.66335,165,24.5,11.5
404500.0,3165500.0,122.02315,28.613,165,98.38,2.72
399500.0,3324500.0,121.95752,30.04744,164,101.76,6.05
422500.0,3291500.0,122.19846,29.75133,164,135.82,1.97
488500.0,3294500.0,122.88103,29.78078,164,52.57,27.68
491500.0,3312500.0,122.91192,29.94325,164,65.54,3.78
355500.0,3264500.0,121.50926,29.50172,164,15.97,6.44
469500.0,3284500.0,122.68474,29.69021,164,50.4,4.21
452500.0,3287500.0,122.5089,29.71675,164,51.79,8.12
426500.0,3306500.0,122.2388,29.88693,163,40.82,9.13
420500.0,3299500.0,122.17719,29.82339,163,69.4,4.09
437500.0,3303500.0,122.35289,29.86047,163,85.54,69.46
369500.0,3214500.0,121.65956,29.05211,163,165.14,12.05
399500.0,3283500.0,121.96136,29.67749,163,16.05,14.14
434500.0,3221500.0,122.32674,29.12029,163,39.4,4.56
381500.0,3177500.0,121.78668,28.71939,163,1.33,1.53
421500.0,3200500.0,122.1946,28.93003,163,58.71,5.92
439500.0,3302500.0,122.37365,29.85154,163,119.07,15.58
448500.0,3307500.0,122.46659,29.89707,163,139.77,8.08
414500.0,3252500.0,122.11879,29.39886,162,102.23,11.8
387500.0,3182500.0,121.84761,28.76505,162,33.88,3.27
389500.0,3223500.0,121.86406,29.13522,162,7.97,1.23
434500.0,3278500.0,122.32335,29.6347,162,59.18,21.69
449500.0,3317500.0,122.47647,29.98736,162,24.36,2.7
402500.0,3232500.0,121.99689,29.2175,162,22.61,18.55
381500.0,3144500.0,121.79009,28.42158,162,68.64,16.51
384500.0,3178500.0,121.81729,28.72869,162,65.71,23.52
402500.0,3320500.0,121.989,30.01159,162,28.43,3.39
439500.0,3301500.0,122.37371,29.84252,162,124.14,101.14
414500.0,3262500.0,122.11801,29.4891,162,69.85,25.68
412500.0,3223500.0,122.10047,29.13701,161,2.99,2.03
403500.0,3321500.0,121.99928,30.02069,161,130.31,15.12
449500.0,3326500.0,122.47604,30.06858,161,158.67,4.2
431500.0,3215500.0,122.29628,29.06598,161,77.38,8.87
418500.0,3334500.0,122.15382,30.13909,161,121.55,4.39
428500.0,3195500.0,122.26673,28.88531,161,100.76,1.72
439500.0,3228500.0,122.37775,29.18371,161,148.49,206.26
400500.0,3225500.0,121.97695,29.15418,160,144.31,24.32
431500.0,3222500.0,122.29585,29.12916,160,61.4,2.51
403500.0,3291500.0,122.00198,29.74999,160,38.0,5.49
386500.0,3181500.0,121.83747,28.75594,160,52.31,17.62
451500.0,3319500.0,122.49711,30.00549,160,20.43,3.71
412500.0,3337500.0,122.09128,30.16574,160,164.41,13.3
481500.0,3282500.0,122.80881,29.67239,160,31.47,11.25
369500.0,3151500.0,121.6668,28.48361,160,118.11,2.77
406500.0,3249500.0,122.0366,29.37122,159,95.92,88.95
432500.0,3352500.0,122.29801,30.30237,159,32.95,6.02
448500.0,3249500.0,122.46934,29.37364,159,57.06,1.6
440500.0,3298500.0,122.38423,29.8155,159,177.18,4.44
443500.0,3234500.0,122.41859,29.23805,159,64.5,7.95
380500.0,3153500.0,121.77895,28.50271,159,89.19,4.66
411500.0,3337500.0,122.08089,30.16567,159,14.58,1.55
405500.0,3233500.0,122.02767,29.22675,159,33.52,10.26
486500.0,3293500.0,122.86035,29.77173,159,66.26,6.36
444500.0,3288500.0,122.42614,29.72544,159,164.64,3.77
384500.0,3152500.0,121.81991,28.49405,158,67.71,7.42
414500.0,3239500.0,122.1198,29.28154,158,69.6,2.37
419500.0,3295500.0,122.16714,29.78723,158,155.44,3.08
433500.0,3284500.0,122.31265,29.6888,158,152.65,9.2
426500.0,3212500.0,122.24511,29.03863,158,72.48,9.93
498500.0,3334500.0,122.98443,30.14182,158,72.58,22.08
362500.0,3265500.0,121.58133,29.51153,158,6.74,11.01
428500.0,3216500.0,122.26539,29.07484,158,62.12,6.62
498500.0,3342500.0,122.98441,30.21401,158,55.7,5.85
383500.0,3349500.0,121.78882,30.27158,158,90.41,5.28
424500.0,3275500.0,122.22026,29.60706,158,11.15,5.36
443500.0,3299500.0,122.41522,29.82466,157,17.24,5.95
385500.0,3154500.0,121.82993,28.51219,157,61.34,5.14
367500.0,3214500.0,121.63902,29.0519,157,42.79,11.25
413500.0,3248500.0,122.1088,29.36269,157,89.76,38.46
417500.0,3294500.0,122.14652,29.77808,157,121.63,14.54
445500.0,3329500.0,122.43439,30.09548,157,179.45,4.31
444500.0,3236500.0,122.42878,29.25614,157,58.81,11.36
410500.0,3286500.0,122.07478,29.7054,157,67.79,2.0
411500.0,3336500.0,122.08098,30.15665,157,171.39,2.12
406500.0,3343500.0,122.02844,30.21944,156,154.57,32.1
371500.0,3142500.0,121.68823,28.40259,156,43.48,20.78
416500.0,3338500.0,122.13274,30.17505,156,85.47,1.61
421500.0,3307500.0,122.18695,29.89565,156,129.23,4.68
438500.0,3232500.0,122.36725,29.21977,156,66.11,7.57
431500.0,3334500.0,122.28878,30.13989,156,120.53,2.24
425500.0,3211500.0,122.23491,29.02954,156,63.61,1.35
434500.0,3220500.0,122.3268,29.11126,156,66.52,5.26
424500.0,3302500.0,122.21837,29.85072,156,48.14,9.02
343500.0,3174500.0,121.39812,28.68827,156,170.32,9.41
435500.0,3288500.0,122.33308,29.725,156,129.98,3.04
450500.0,3318500.0,122.48679,29.99642,156,14.9,19.71
307500.0,3316500.0,121.00502,29.96427,155,45.42,112.14
440500.0,3230500.0,122.38793,29.20181,155,125.81,10.86
461500.0,3282500.0,122.60212,29.67193,155,9.8,7.39
497500.0,3323500.0,122.97407,30.04255,155,66.72,5.53
458500.0,3281500.0,122.57116,29.66281,155,174.51,7.76
436500.0,3317500.0,122.34171,29.98675,155,72.55,42.03
432500.0,3346500.0,122.29839,30.24823,155,8.33,2.73
466500.0,3311500.0,122.65289,29.9338,155,100.62,14.67
412500.0,3233500.0,122.09969,29.22726,155,46.37,100.31
404500.0,3235500.0,122.01721,29.24473,155,91.56,70.91
453500.0,3258500.0,122.52047,29.45506,155,57.04,9.06
468500.0,3295500.0,122.67408,29.78945,155,50.86,4.55
373500.0,3144500.0,121.70843,28.42083,155,64.58,7.37
431500.0,3221500.0,122.29591,29.12013,155,31.41,8.8
414500.0,3267500.0,122.11762,29.53422,155,84.15,7.87
426500.0,3315500.0,122.23818,29.96815,155,165.96,2.84
413500.0,3238500.0,122.10958,29.27245,155,88.84,6.83
496500.0,3319500.0,122.96371,30.00644,155,47.14,6.29
408500.0,3318500.0,122.05138,29.99401,154,80.83,3.93
400500.0,3212500.0,121.9781,29.03686,154,63.79,18.22
359500.0,3265500.0,121.55038,29.5112,154,19.12,3.23
456500.0,3299500.0,122.54977,29.82519,154,10.38,5.71
414500.0,3260500.0,122.11817,29.47105,154,85.43,14.75
438500.0,3287500.0,122.36416,29.71613,154,153.58,7.6
412500.0,3315500.0,122.09309,29.96723,154,128.53,11.02
367500.0,3172500.0,121.64395,28.67291,154,175.19,37.32
414500.0,3229500.0,122.12057,29.1913,154,85.02,3.6
425500.0,3275500.0,122.23059,29.60712,154,26.49,4.38
507500.0,3349500.0,123.07798,30.27716,154,138.25,12.09
469500.0,3279500.0,122.68488,29.64508,153,33.81,2.41
465500.0,3280500.0,122.64352,29.654,153,161.58,2.16
462500.0,3281500.0,122.61249,29.66294,153,35.07,6.36
367500.0,3266500.0,121.63278,29.5211,153,14.03,46.99
397500.0,3335500.0,121.93571,30.14653,153,121.09,68.3
440500.0,3228500.0,122.38804,29.18376,153,57.66,34.84
412500.0,3227500.0,122.10016,29.17311,153,54.0,1.36
461500.0,3352500.0,122.5996,30.30364,153,76.14,22.57
466500.0,3313500.0,122.65283,29.95184,153,29.78,18.28
376500.0,3172500.0,121.73604,28.6738,152,50.99,1.56
447500.0,3327500.0,122.45524,30.07752,152,170.19,18.21
411500.0,3187500.0,122.09303,28.81205,152,56.29,12.11
432500.0,3223500.0,122.30606,29.13823,152,56.95,27.68
442500.0,3327500.0,122.40336,30.07729,152,29.14,6.12
445500.0,3284500.0,122.43668,29.68938,152,171.66,31.98
404500.0,3170500.0,122.02273,28.65812,152,81.83,14.03
428500.0,3210500.0,122.26578,29.02069,152,79.04,1.23
456500.0,3280500.0,122.55053,29.65372,152,167.35,1.9
432500.0,3222500.0,122.30613,29.12921,152,65.47,4.58
382500.0,3338500.0,121.77966,30.17224,152,56.07,1.4
413500.0,3250500.0,122.10864,29.38074,152,91.61,5.67
382500.0,3348500.0,121.77854,30.26246,152,97.16,41.66
414500.0,3265500.0,122.11778,29.51618,151,69.11,4.09
498500.0,3337500.0,122.98442,30.16889,151,75.19,15.44
383500.0,3277500.0,121.79667,29.62195,151,25.29,4.9
463500.0,3311500.0,122.62181,29.93371,151,82.14,2.39
449500.0,3243500.0,122.47992,29.31953,151,55.82,1.49
424500.0,3310500.0,122.21781,29.92291,151,177.72,5.93
412500.0,3190500.0,122.10305,28.83919,151,59.41,28.48
375500.0,3171500.0,121.72591,28.66468,151,178.54,88.09
452500.0,3249500.0,122.51055,29.3738,151,60.65,9.41
405500.0,3258500.0,122.02552,29.45236,151,94.67,10.97
463500.0,3313500.0,122.62174,29.95176,151,94.3,18.95
427500.0,3288500.0,122.25037,29.72456,151,140.62,1.67
489500.0,3295500.0,122.89136,29.78981,151,176.99,3.07
413500.0,3273500.0,122.10682,29.5883,151,116.19,59.71
475500.0,3248500.0,122.74757,29.36543,151,67.29,32.09
460500.0,3283500.0,122.59175,29.68093,151,4.35,12.08
397500.0,3344500.0,121.93484,30.22773,151,47.31,15.7
434500.0,3285500.0,122.32292,29.69788,150,136.24,2.14
424500.0,3285500.0,122.21956,29.69731,150,163.61,11.39
411500.0,3276500.0,122.08593,29.61523,150,127.04,11.41
475500.0,3280500.0,122.74685,29.65424,150,133.31,2.45
440500.0,3238500.0,122.3875,29.27401,150,58.52,73.77
496500.0,3324500.0,122.96369,30.05157,150,74.33,31.36
378500.0,3163500.0,121.75746,28.59277,150,77.26,7.75
422500.0,3311500.0,122.19702,29.93181,150,6.75,4.27
401500.0,3149500.0,121.99384,28.46837,150,86.04,8.69
419500.0,3314500.0,122.16571,29.95868,150,134.48,43.48
404500.0,3275500.0,122.01373,29.60569,149,97.39,22.06
463500.0,3312500.0,122.62177,29.94273,149,96.3,4.01
413500.0,3191500.0,122.11322,28.84828,149,57.79,11.21
429500.0,3210500.0,122.27605,29.02074,149,59.6,4.72
332500.0,3321500.0,121.26321,30.01304,149,61.48,20.17
420500.0,3274500.0,122.17902,29.59779,149,14.17,43.43
388500.0,3155500.0,121.86049,28.52147,149,33.58,18.27
463500.0,3319500.0,122.62154,30.00591,149,99.01,2.63
414500.0,3318500.0,122.11358,29.99444,149,125.62,2.39
398500.0,3207500.0,121.95802,28.99158,149,75.28,2.64
429500.0,3219500.0,122.27548,29.10197,149,60.64,4.08
475500.0,3242500.0,122.7477,29.31128,149,29.02,9.26
427500.0,3310500.0,122.24889,29.92309,149,66.58,1.77
499500.0,3326500.0,122.99481,30.06962,149,88.5,1.92
412500.0,3267500.0,122.09698,29.53409,149,84.65,8.94
440500.0,3290500.0,122.38467,29.7433,149,148.79,4.44
464500.0,3304500.0,122.6324,29.87057,148,90.75,9.98
469500.0,3286500.0,122.68469,29.70826,148,49.12,15.33
496500.0,3318500.0,122.96371,29.99742,148,26.82,7.05
422500.0,3289500.0,122.1986,29.73328,148,148.68,2.05
492500.0,3316500.0,122.92225,29.97935,148,163.07,417.39
355500.0,3175500.0,121.52078,28.69869,148,52.53,1.48
422500.0,3199500.0,122.20493,28.92106,148,51.12,4.39
405500.0,3244500.0,122.02673,29.32602,148,72.93,60.4
433500.0,3281500.0,122.31283,29.66172,148,146.55,3.86
370500.0,3172500.0,121.67464,28.67321,148,19.94,31.26
386500.0,3319500.0,121.82322,30.00119,148,105.2,19.47
438500.0,3288500.0,122.3641,29.72515,148,159.3,47.38
481500.0,3283500.0,122.80879,29.68142,148,19.97,3.05
443500.0,3286500.0,122.4159,29.70734,148,162.39,9.57
381500.0,3145500.0,121.78999,28.43061,148,17.32,2.4
384500.0,3151500.0,121.82001,28.48502,147,64.2,61.43
355500.0,3298500.0,121.50473,29.80847,147,165.23,6.39
414500.0,3251500.0,122.11887,29.38984,147,99.5,5.98
410500.0,3277500.0,122.07552,29.62418,147,134.03,5.35
415500.0,3189500.0,122.13387,28.83037,147,145.74,81.71
435500.0,3325500.0,122.33086,30.05889,147,111.09,49.78
406500.0,3248500.0,122.03669,29.36219,147,95.79,25.02
370500.0,3170500.0,121.67487,28.65516,147,133.53,14.9
436500.0,3298500.0,122.34283,29.8153,147,92.68,1.32
438500.0,3290500.0,122.36399,29.7432,147,165.94,4.08
437500.0,3323500.0,122.35172,30.04095,147,87.77,83.34
489500.0,3305500.0,122.89126,29.88006,147,86.26,1.19
403500.0,3285500.0,122.00251,29.69585,146,20.92,8.57
401500.0,3284500.0,121.98193,29.68667,146,19.34,8.7
414500.0,3250500.0,122.11895,29.38081,146,94.6,8.75
438500.0,3324500.0,122.36204,30.05002,146,67.62,16.43
425500.0,3333500.0,122.22656,30.13051,146,16.81,2.94
469500.0,3280500.0,122.68485,29.65411,146,133.79,1.26
374500.0,3148500.0,121.7182,28.45702,146,75.64,14.65
385500.0,3220500.0,121.82326,29.10779,146,113.61,1.39
406500.0,3247500.0,122.03677,29.35317,146,81.4,11.28
485500.0,3299500.0,122.84992,29.82587,146,39.21,11.6
398500.0,3324500.0,121.94715,30.04736,146,90.03,7.55
405500.0,3152500.0,122.03445,28.49574,146,82.29,10.24
451500.0,3282500.0,122.49878,29.67158,146,165.53,9.78
484500.0,3269500.0,122.84,29.55511,146,45.52,12.82
401500.0,3321500.0,121.97854,30.02053,146,79.83,10.16
493500.0,3319500.0,122.9326,30.00643,146,110.17,3.12
446500.0,3238500.0,122.44926,29.27428,145,60.16,14.26
443500.0,3283500.0,122.41606,29.68027,145,170.99,5.87
405500.0,3309500.0,122.02108,29.91257,145,172.33,1.6
430500.0,3211500.0,122.28625,29.02982,145,44.88,10.33
355500.0,3297500.0,121.50486,29.79945,145,103.4,5.99
469500.0,3288500.0,122.68463,29.72631,145,10.8,70.65
499500.0,3327500.0,122.99481,30.07865,145,70.89,9.26
381500.0,3143500.0,121.79019,28.41256,145,136.86,15.52
392500.0,3329500.0,121.88441,30.09196,145,52.54,1.06
437500.0,3324500.0,122.35166,30.04997,145,88.43,84.76
493500.0,3321500.0,122.93259,30.02448,145,170.03,60.46
429500.0,3352500.0,122.26681,30.3022,145,88.99,20.32
383500.0,3334500.0,121.79048,30.13625,144,172.65,2.0
442500.0,3239500.0,122.40804,29.28313,144,60.55,16.29
390500.0,3226500.0,121.87404,29.16238,144,45.49,6.99
371500.0,3266500.0,121.67405,29.52151,144,28.39,2.22
430500.0,3214500.0,122.28607,29.0569,144,51.03,3.95
426500.0,3304500.0,122.23894,29.86888,144,58.24,3.85
397500.0,3308500.0,121.93831,29.90291,144,127.32,18.22
437500.0,3307500.0,122.35266,29.89657,144,142.26,2.64
409500.0,3173500.0,122.07365,28.68556,144,79.48,3.13
409500.0,3279500.0,122.06503,29.64216,144,115.1,42.37
456500.0,3292500.0,122.55005,29.76202,144,150.59,3.0
428500.0,3335500.0,122.25757,30.14874,143,70.64,2.11
424500.0,3343500.0,122.21546,30.22069,143,153.76,2.18
494500.0,3307500.0,122.94303,29.89814,143,85.28,3.69
409500.0,3207500.0,122.07093,28.99241,143,84.39,4.87
417500.0,3341500.0,122.14289,30.20219,143,29.54,36.71
423500.0,3345500.0,122.20493,30.23867,143,91.12,3.17
415500.0,3346500.0,122.12171,30.24716,143,130.98,2.43
400500.0,3145500.0,121.98397,28.43219,143,106.49,2.58
403500.0,3144500.0,122.01468,28.42339,143,33.52,1.7
451500.0,3248500.0,122.50029,29.36474,143,149.12,149.47
431500.0,3331500.0,122.28897,30.11282,143,151.01,6.0
462500.0,3353500.0,122.60996,30.3127,143,87.33,14.26
372500.0,3170500.0,121.69533,28.65536,143,162.13,8.05
498500.0,3343500.0,122.98441,30.22304,143,15.42,2.94
413500.0,3242500.0,122.10927,29.30855,143,74.33,6.0
451500.0,3246500.0,122.50038,29.34669,143,47.41,12.23
447500.0,3307500.0,122.45623,29.89703,143,156.48,8.16
376500.0,3173500.0,121.73593,28.68282,143,127.64,3.85
402500.0,3160500.0,122.00312,28.56772,143,72.62,6.1
465500.0,3283500.0,122.64343,29.68108,142,160.59,2.06
490500.0,3312500.0,122.90156,29.94324,142,87.92,8.15
463500.0,3315500.0,122.62167,29.96981,142,108.16,9.81
370500.0,3194500.0,121.67213,28.87174,142,18.35,24.26
406500.0,3258500.0,122.03584,29.45243,142,90.0,41.75
398500.0,3325500.0,121.94705,30.05638,142,77.19,21.14
428500.0,3344500.0,122.25696,30.22995,142,29.56,1.34
390500.0,3160500.0,121.88044,28.56676,142,45.48,10.01
387500.0,3350500.0,121.8303,30.28098,142,159.45,3.42
462500.0,3340500.0,122.61042,30.19538,142,92.44,97.57
388500.0,3348500.0,121.8409,30.26303,142,110.71,1.23
465500.0,3301500.0,122.64285,29.84352,142,72.1,10.57
496500.0,3302500.0,122.96376,29.85302,142,119.9,3.4
418500.0,3298500.0,122.15656,29.81424,141,10.03,4.34
460500.0,3271500.0,122.59219,29.57263,141,148.04,191.05
450500.0,3326500.0,122.48642,30.06862,141,160.71,14.59
462500.0,3331500.0,122.61074,30.11417,141,95.8,11.39
462500.0,3342500.0,122.61035,30.21343,141,89.91,15.96
498500.0,3325500.0,122.98444,30.0606,141,45.43,3.71
398500.0,3174500.0,121.96098,28.69376,141,50.99,59.61
442500.0,3238500.0,122.40809,29.27411,141,56.67,7.03
408500.0,3281500.0,122.05453,29.66013,141,101.23,13.73
462500.0,3338500.0,122.6105,30.17734,141,94.23,41.89
405500.0,3153500.0,122.03437,28.50477,141,78.07,5.72
456500.0,3263500.0,122.55121,29.5003,141,71.3,6.67
462500.0,3352500.0,122.61,30.30367,141,84.56,28.44
374500.0,3167500.0,121.71612,28.62849,141,140.99,19.36
428500.0,3314500.0,122.25898,29.95924,141,132.34,2.47
507500.0,3345500.0,123.07795,30.24106,141,112.41,14.45
414500.0,3266500.0,122.1177,29.5252,141,62.75,2.75
371500.0,3214500.0,121.68009,29.05231,141,173.15,29.62
503500.0,3349500.0,123.03639,30.27718,141,105.04,1.87
499500.0,3351500.0,122.9948,30.29523,141,90.15,5.26
512500.0,3350500.0,123.12998,30.28614,141,51.41,12.16
375500.0,3269500.0,121.71497,29.54899,140,34.69,50.38
417500.0,3317500.0,122.14475,29.98562,140,39.51,1.2
490500.0,3308500.0,122.90159,29.90714,140,70.39,5.52
430500.0,3336500.0,122.27827,30.15788,140,153.1,3.64
369500.0,3144500.0,121.66759,28.42044,140,27.56,6.41
374500.0,3149500.0,121.71809,28.46605,140,80.06,5.78
359500.0,3266500.0,121.55026,29.52022,140,63.91,1.84
396500.0,3336500.0,121.92523,30.15546,140,123.98,72.62
423500.0,3201500.0,122.21505,28.93917,140,57.06,15.82
412500.0,3275500.0,122.09634,29.60628,140,131.14,8.52
399500.0,3176500.0,121.97104,28.71189,140,63.57,3.52
394500.0,3317500.0,121.90635,29.98386,140,13.86,3.48
375500.0,3152500.0,121.72798,28.49322,140,82.96,4.93
367500.0,3160500.0,121.64534,28.56462,140,143.78,19.93
408500.0,3196500.0,122.06156,28.89306,140,58.02,12.66
483500.0,3283500.0,122.82946,29.68145,140,38.22,37.18
498500.0,3324500.0,122.98444,30.05157,140,65.58,12.52
410500.0,3185500.0,122.08294,28.79393,140,56.41,3.26
442500.0,3232500.0,122.4084,29.21995,139,151.41,1.36
440500.0,3331500.0,122.38239,30.11329,139,131.15,1.33
461500.0,3321500.0,122.60073,30.02389,139,10.37,2.43
398500.0,3344500.0,121.94523,30.22782,139,55.75,8.09
463500.0,3318500.0,122.62157,29.99688,139,76.72,8.88
500500.0,3347500.0,123.0052,30.25913,139,80.19,31.38
484500.0,3282500.0,122.83981,29.67243,139,99.82,4.04
382500.0,3142500.0,121.8005,28.40362,139,93.88,7.32
463500.0,3284500.0,122.62272,29.69004,139,13.0,8.67
466500.0,3314500.0,122.6528,29.96087,139,11.23,373.82
468500.0,3292500.0,122.67417,29.76238,139,14.24,4.12
425500.0,3212500.0,122.23484,29.03857,139,80.97,4.41
411500.0,3316500.0,122.08264,29.97618,139,23.26,22.99
304500.0,3315500.0,120.97413,29.95477,139,82.73,122.58
468500.0,3278500.0,122.67458,29.63603,139,64.27,4.84
386500.0,3277500.0,121.82765,29.62222,139,77.7,3.7
414500.0,3340500.0,122.1118,30.19296,139,27.29,8.89
392500.0,3178500.0,121.89919,28.72938,139,54.92,4.53
378500.0,3317500.0,121.74052,29.98238,139,13.49,13.31
403500.0,3319500.0,121.99946,30.00265,139,87.28,2.5
399500.0,3142500.0,121.97402,28.40504,139,161.96,127.84
383500.0,3347500.0,121.78905,30.25354,139,3.57,514.75
413500.0,3218500.0,122.11114,29.09196,139,59.93,3.92
420500.0,3298500.0,122.17726,29.81437,139,116.81,2.97
393500.0,3327500.0,121.89499,30.074,139,49.78,2.0
456500.0,3285500.0,122.55033,29.69884,139,136.59,1.53
414500.0,3238500.0,122.11988,29.27252,138,90.98,7.4
406500.0,3256500.0,122.03601,29.43439,138,94.56,59.62
450500.0,3286500.0,122.48827,29.70764,138,115.86,11.48
398500.0,3172500.0,121.96116,28.67571,138,65.25,20.06
478500.0,3283500.0,122.77779,29.68137,138,1.75,17.36
461500.0,3346500.0,122.59982,30.2495,138,91.87,4.18
500500.0,3346500.0,123.0052,30.25011,138,79.97,19.76
403500.0,3162500.0,122.01317,28.58585,138,79.99,38.82
428500.0,3333500.0,122.2577,30.13069,138,19.47,1.86
390500.0,3350500.0,121.86148,30.28126,138,12.95,2.28
490500.0,3296500.0,122.9017,29.79884,138,43.17,2.83
383500.0,3144500.0,121.81051,28.42176,138,94.99,8.37
491500.0,3313500.0,122.91191,29.95227,138,74.17,8.98
382500.0,3318500.0,121.78187,29.99179,138,36.33,3.78
414500.0,3191500.0,122.12347,28.84835,138,88.46,7.71
436500.0,3222500.0,122.34724,29.12942,138,40.41,4.28
383500.0,3143500.0,121.81061,28.41274,138,78.88,2.02
422500.0,3206500.0,122.20445,28.98424,138,58.15,22.61
453500.0,3299500.0,122.51872,29.82508,138,177.5,14.43
503500.0,3348500.0,123.03639,30.26815,138,112.73,3.91
435500.0,3227500.0,122.33667,29.17449,138,59.85,5.68
424500.0,3315500.0,122.21746,29.96803,137,44.24,1.23
356500.0,3265500.0,121.51944,29.51086,137,141.83,1.39
359500.0,3267500.0,121.55013,29.52924,137,65.64,1.65
385500.0,3150500.0,121.83033,28.47609,137,60.36,9.62
427500.0,3206500.0,122.25577,28.98453,137,43.91,4.0
413500.0,3320500.0,122.10305,30.01242,137,42.4,1.65
465500.0,3316500.0,122.64237,29.97889,137,98.42,4.53
423500.0,3207500.0,122.21464,28.99332,137,51.29,4.56
448500.0,3282500.0,122.46778,29.67146,137,162.41,24.05
437500.0,3298500.0,122.35318,29.81535,137,27.27,1.56
432500.0,3351500.0,122.29807,30.29335,137,23.96,6.64
402500.0,3179500.0,122.0015,28.7392,137,55.48,43.92
430500.0,3219500.0,122.28575,29.10203,137,55.06,28.2
375500.0,3212500.0,121.72139,29.03466,137,123.48,4.88
449500.0,3181500.0,122.48271,28.75995,137,56.37,134.79
409500.0,3342500.0,122.0597,30.21064,137,93.56,2.41
406500.0,3315500.0,122.03091,29.96679,136,32.66,17.02
425500.0,3344500.0,122.22578,30.22977,136,30.09,3.82
473500.0,3281500.0,122.72616,29.66322,136,132.63,12.4
467500.0,3284500.0,122.66407,29.69015,136,133.28,24.09
403500.0,3165500.0,122.01292,28.61292,136,81.16,15.11
414500.0,3227500.0,122.12072,29.17325,136,83.68,2.63
429500.0,3304500.0,122.27,29.86906,136,95.74,3.08
418500.0,3292500.0,122.15702,29.76009,136,149.5,4.19
467500.0,3285500.0,122.66404,29.69918,136,132.32,6.12
428500.0,3196500.0,122.26667,28.89433,136,139.28,3.88
438500.0,3233500.0,122.36719,29.22879,136,27.49,8.27
426500.0,3204500.0,122.24563,28.96642,136,56.87,9.9
500500.0,3338500.0,123.00519,30.17791,136,78.94,14.51
417500.0,3243500.0,122.15038,29.31784,136,31.0,4.37
401500.0,3232500.0,121.98661,29.21742,136,8.01,24.81
396500.0,3228500.0,121.93554,29.18093,135,32.83,1.9
423500.0,3200500.0,122.21512,28.93015,135,86.33,3.36
411500.0,3186500.0,122.09311,28.80302,135,54.22,53.04
471500.0,3285500.0,122.70539,29.69928,135,45.12,3.81
385500.0,3344500.0,121.81016,30.22666,135,126.22,2.36
431500.0,3336500.0,122.28865,30.15794,135,128.47,4.7
415500.0,3338500.0,122.12235,30.17498,135,121.88,7.94
356500.0,3298500.0,121.51507,29.80859,135,78.72,2.57
437500.0,3301500.0,122.35301,29.84242,135,81.17,34.71
373500.0,3174500.0,121.70512,28.69156,135,54.98,32.37
382500.0,3349500.0,121.77843,30.27148,135,94.25,6.6
493500.0,3307500.0,122.93267,29.89814,135,112.25,2.36
359500.0,3264500.0,121.55051,29.50218,135,3.3,4.52
402500.0,3226500.0,121.99742,29.16336,135,112.67,11.04
415500.0,3246500.0,122.12956,29.34478,135,75.41,14.56
406500.0,3246500.0,122.03686,29.34414,135,74.09,30.96
493500.0,3314500.0,122.93263,29.96131,135,78.92,9.6
436500.0,3323500.0,122.34135,30.0409,135,107.62,72.82
427500.0,3217500.0,122.25506,29.08381,135,111.42,13.9
428500.0,3211500.0,122.26571,29.02971,135,30.97,46.78
393500.0,3340500.0,121.89368,30.1913,134,133.85,4.16
419500.0,3291500.0,122.16744,29.75114,134,92.85,5.1
466500.0,3308500.0,122.65299,29.90672,134,96.07,19.1
461500.0,3338500.0,122.60011,30.17731,134,107.54,2.6
434500.0,3287500.0,122.3228,29.71592,134,101.59,16.78
355500.0,3266500.0,121.50899,29.51977,134,118.02,1.33
429500.0,3309500.0,122.26967,29.91418,134,61.42,2.24
391500.0,3225500.0,121.88442,29.15344,134,26.42,2.7
369500.0,3215500.0,121.65944,29.06113,134,176.67,22.01
455500.0,3323500.0,122.53842,30.04174,134,18.98,2.78
445500.0,3298500.0,122.43597,29.81573,134,170.83,13.97
464500.0,3305500.0,122.63237,29.87959,134,71.51,15.92
337500.0,3175500.0,121.33658,28.69655,134,162.55,9.58
402500.0,3319500.0,121.98909,30.00257,134,152.7,1.43
463500.0,3320500.0,122.6215,30.01493,134,136.3,1.91
396500.0,3326500.0,121.92621,30.06524,134,132.76,7.82
422500.0,3205500.0,122.20451,28.97521,134,97.92,7.19
450500.0,3246500.0,122.49008,29.34665,134,55.69,9.03
405500.0,3175500.0,122.03255,28.70332,134,58.68,25.7
467500.0,3281500.0,122.66416,29.66308,133,1.45,21.34
435500.0,3326500.0,122.3308,30.06792,133,110.08,145.17
431500.0,3212500.0,122.29646,29.0389,133,49.46,34.38
461500.0,3284500.0,122.60205,29.68998,133,179.58,2.96
456500.0,3324500.0,122.54875,30.0508,133,4.28,4.08
426500.0,3308500.0,122.23866,29.90498,133,65.57,3.2
393500.0,3282500.0,121.89945,29.66796,133,20.92,52.45
432500.0,3216500.0,122.30649,29.07506,133,60.91,3.15
492500.0,3315500.0,122.92226,29.97033,133,95.31,13.56
386500.0,3207500.0,121.83485,28.99057,133,152.79,23.98
498500.0,3353500.0,122.9844,30.31328,133,136.68,3.57
442500.0,3340500.0,122.40266,30.1946,132,172.18,3.62
468500.0,3301500.0,122.67391,29.8436,132,143.0,2.31
454500.0,3281500.0,122.52983,29.66267,132,166.15,6.97
385500.0,3351500.0,121.8094,30.28982,132,142.62,5.02
431500.0,3211500.0,122.29652,29.02988,132,107.96,2.03
403500.0,3225500.0,122.00779,29.15441,132,137.95,7.78
404500.0,3237500.0,122.01704,29.26278,132,87.94,22.41
416500.0,3337500.0,122.13282,30.16602,132,94.59,1.94
426500.0,3347500.0,122.23596,30.2569,132,58.49,4.27
496500.0,3331500.0,122.96367,30.11474,132,92.08,4.41
383500.0,3146500.0,121.81031,28.43981,132,84.32,2.45
399500.0,3325500.0,121.95742,30.05646,132,94.44,13.54
403500.0,3318500.0,121.99955,29.99362,132,88.39,2.57
431500.0,3220500.0,122.29597,29.11111,132,36.87,7.44
497500.0,3321500.0,122.97407,30.0245,132,20.21,25.25
474500.0,3247500.0,122.73729,29.35639,132,70.93,64.27
377500.0,3172500.0,121.74627,28.67389,132,36.19,1.1
405500.0,3268500.0,122.02466,29.5426,132,99.48,30.11
500500.0,3345500.0,123.0052,30.24108,132,83.23,46.52
507500.0,3350500.0,123.07799,30.28618,132,28.99,5.06
404500.0,3286500.0,122.01276,29.70495,131,20.01,25.59
457500.0,3265500.0,122.56145,29.51838,131,62.54,23.6
433500.0,3223500.0,122.31634,29.13829,131,56.38,15.81
466500.0,3312500.0,122.65286,29.94282,131,82.23,4.45
376500.0,3154500.0,121.73798,28.51136,131,73.88,2.98
374500.0,3193500.0,121.71325,28.86311,131,88.33,1.62
412500.0,3188500.0,122.1032,28.82114,131,57.79,7.91
419500.0,3204500.0,122.1738,28.966,131,69.77,9.16
420500.0,3193500.0,122.18484,28.86679,131,63.47,28.48
418500.0,3191500.0,122.16447,28.84861,131,22.33,1.69
402500.0,3161500.0,122.00303,28.57675,131,75.98,17.62
394500.0,3156500.0,121.9217,28.531,131,88.89,1.86
462500.0,3326500.0,122.61092,30.06905,130,96.68,24.33
448500.0,3327500.0,122.46562,30.07756,130,166.16,21.9
424500.0,3210500.0,122.22471,29.02046,130,52.56,22.99
497500.0,3325500.0,122.97406,30.06059,130,97.35,5.44
500500.0,3348500.0,123.0052,30.26816,130,102.9,1.67
402500.0,3218500.0,121.99812,29.09116,130,83.63,17.5
454500.0,3252500.0,122.53104,29.40095,130,81.26,2.07
331500.0,3322500.0,121.25269,30.02192,130,75.46,2.5
402500.0,3338500.0,121.98734,30.17401,130,143.13,26.28
482500.0,3285500.0,122.8191,29.69948,130,48.85,5.38
290500.0,3325500.0,120.82717,30.04264,130,137.58,2.48
378500.0,3164500.0,121.75735,28.60179,130,77.4,3.29
405500.0,3173500.0,122.03271,28.68527,130,3.22,7.71
462500.0,3320500.0,122.61113,30.0149,130,142.98,4.48
499500.0,3337500.0,122.99481,30.16889,130,77.5,45.61
510500.0,3345500.0,123.10913,30.24104,130,171.02,16.52
495500.0,3319500.0,122.95334,30.00644,130,67.38,9.11
284500.0,3322500.0,120.76559,30.01455,129,177.08,3.29
490500.0,3310500.0,122.90157,29.92519,129,152.7,12.53
465500.0,3321500.0,122.64221,30.02401,129,44.41,9.2
428500.0,3310500.0,122.25925,29.92315,129,45.09,4.45
464500.0,3280500.0,122.63319,29.65397,129,19.38,1.52
460500.0,3269500.0,122.59226,29.55458,129,43.23,5.13
425500.0,3210500.0,122.23497,29.02052,129,56.85,26.15
414500.0,3337500.0,122.11205,30.16589,129,157.76,56.41
382500.0,3281500.0,121.78591,29.65795,129,173.7,1.92
408500.0,3233500.0,122.05853,29.22697,129,14.32,12.88
466500.0,3285500.0,122.6537,29.69915,129,124.28,4.06
430500.0,3212500.0,122.28619,29.03885,129,94.84,3.38
405500.0,3318500.0,122.02028,29.99378,129,124.26,43.06
396500.0,3283500.0,121.93036,29.67724,129,0.29,16.87
426500.0,3195500.0,122.24622,28.8852,129,47.67,2.55
427500.0,3216500.0,122.25512,29.07478,129,83.05,3.43
494500.0,3308500.0,122.94303,29.90717,129,75.03,3.44
499500.0,3333500.0,122.99481,30.13279,129,73.01,14.32
438500.0,3234500.0,122.36714,29.23782,129,61.61,63.42
498500.0,3341500.0,122.98442,30.20499,128,90.93,16.99
498500.0,3323500.0,122.98444,30.04255,128,60.41,2.5
495500.0,3320500.0,122.95334,30.01547,128,63.23,7.78
362500.0,3151500.0,121.59531,28.48289,128,6.03,1.51
427500.0,3333500.0,122.24732,30.13064,128,40.08,3.3
473500.0,3282500.0,122.72614,29.67225,128,7.74,3.81
411500.0,3223500.0,122.09019,29.13694,128,174.68,19.52
436500.0,3306500.0,122.34236,29.88749,128,118.23,6.72
450500.0,3337500.0,122.4859,30.16788,128,45.79,28.01
373500.0,3145500.0,121.70832,28.42985,128,77.02,20.03
442500.0,3297500.0,122.40498,29.80657,128,156.11,5.24
491500.0,3311500.0,122.91193,29.93422,128,120.27,5.78
412500.0,3235500.0,122.09953,29.24531,128,52.6,20.59
451500.0,3253500.0,122.50007,29.40986,128,53.37,19.26
431500.0,3309500.0,122.29039,29.91429,128,162.89,5.67
494500.0,3305500.0,122.94304,29.88009,128,103.43,2.02
487500.0,3291500.0,122.87071,29.75369,128,146.58,12.24
404500.0,3268500.0,122.01434,29.54252,128,95.62,23.44
418500.0,3303500.0,122.15619,29.85936,128,84.14,4.01
444500.0,3235500.0,122.42883,29.24712,128,59.4,4.73
464500.0,3196500.0,122.63589,28.89584,128,53.7,79.88
455500.0,3263500.0,122.5409,29.50026,128,55.67,5.45
291500.0,3324500.0,120.83773,30.0338,127,138.84,82.8
428500.0,3309500.0,122.25931,29.91412,127,58.01,3.48
417500.0,3342500.0,122.14281,30.21121,127,26.24,22.42
497500.0,3324500.0,122.97407,30.05157,127,74.48,103.43
383500.0,3174500.0,121.80746,28.6925,127,65.23,46.39
402500.0,3158500.0,122.00329,28.54967,127,93.44,21.69
375500.0,3154500.0,121.72776,28.51127,127,83.7,1.61
383500.0,3344500.0,121.78938,30.22647,127,92.03,48.24
432500.0,3331500.0,122.29935,30.11288,127,3.2,4.53
462500.0,3327500.0,122.61088,30.07807,127,94.49,26.64
435500.0,3226500.0,122.33673,29.16547,127,57.26,38.82
433500.0,3217500.0,122.3167,29.08414,127,59.55,20.96
434500.0,3225500.0,122.32651,29.15639,127,151.66,1.36
385500.0,3331500.0,121.81157,30.10937,127,80.44,54.97
300500.0,3316500.0,120.93251,29.96315,127,151.69,17.57
409500.0,3174500.0,122.07357,28.69458,127,77.22,22.88
390500.0,3158500.0,121.88064,28.54871,127,40.82,21.47
374500.0,3144500.0,121.71863,28.42093,127,45.11,9.48
330500.0,3321500.0,121.24248,30.01276,126,52.34,1.42
422500.0,3300500.0,122.19781,29.83254,126,113.24,1.3
488500.0,3292500.0,122.88105,29.76273,126,157.39,1.07
425500.0,3331500.0,122.2267,30.11247,126,0.67,14.26
462500.0,3325500.0,122.61096,30.06002,126,44.17,42.91
395500.0,3227500.0,121.92536,29.17182,126,57.32,1.59
400500.0,3339500.0,121.96648,30.18287,126,145.35,5.77
490500.0,3300500.0,122.90166,29.83494,126,35.12,7.9
288500.0,3324500.0,120.80664,30.03328,126,137.48,225.76
419500.0,3303500.0,122.16654,29.85942,126,106.16,4.19
465500.0,3315500.0,122.6424,29.96987,126,59.43,3.92
444500.0,3283500.0,122.42639,29.68031,126,176.06,19.5
460500.0,3323500.0,122.59028,30.04191,126,21.31,7.39
473500.0,3283500.0,122.72611,29.68127,126,29.32,3.84
408500.0,3278500.0,122.05478,29.63306,126,148.93,41.73
427500.0,3205500.0,122.25583,28.97551,126,44.49,5.61
451500.0,3318500.0,122.49716,29.99646,126,23.03,4.87
369500.0,3266500.0,121.65342,29.52131,125,24.72,7.81
405500.0,3281500.0,122.02353,29.65991,125,78.09,97.63
412500.0,3344500.0,122.0907,30.22891,125,26.61,1.18
388500.0,3159500.0,121.8601,28.55757,125,54.97,12.38
421500.0,3313500.0,122.18651,29.94979,125,5.79,1.7
402500.0,3217500.0,121.99821,29.08214,125,69.15,15.12
428500.0,3207500.0,122.26597,28.99361,125,145.02,127.46
431500.0,3335500.0,122.28872,30.14891,125,105.72,4.14
430500.0,3352500.0,122.27721,30.30226,125,56.79,39.54
369500.0,3170500.0,121.66464,28.65506,125,133.23,12.81
425500.0,3206500.0,122.23524,28.98442,125,54.81,8.84
457500.0,3266500.0,122.56141,29.5274,125,60.96,20.84
368500.0,3159500.0,121.65567,28.5557,125,130.31,8.11
446500.0,3333500.0,122.44457,30.13162,125,51.54,9.98
491500.0,3301500.0,122.91201,29.84398,125,66.99,4.02
387500.0,3348500.0,121.83051,30.26294,125,138.22,2.45
451500.0,3247500.0,122.50034,29.35571,125,152.17,157.79
440500.0,3287500.0,122.38483,29.71623,125,162.9,11.84
429500.0,3195500.0,122.27699,28.88536,125,83.35,1.69
428500.0,3337500.0,122.25743,30.16679,125,162.67,2.0
380500.0,3149500.0,121.77936,28.46661,125,74.2,4.57
488500.0,3283500.0,122.88114,29.6815,125,27.68,2.87
449500.0,3286500.0,122.47793,29.7076,124,119.45,5.03
403500.0,3292500.0,122.00189,29.75902,124,29.62,12.61
409500.0,3143500.0,122.07602,28.4148,124,30.95,4.12
387500.0,3347500.0,121.83062,30.25391,124,70.92,1.81
416500.0,3191500.0,122.14397,28.84848,124,42.79,5.99
374500.0,3175500.0,121.71524,28.70068,124,62.32,11.56
379500.0,3173500.0,121.76663,28.68311,124,171.52,54.03
384500.0,3153500.0,121.81981,28.50307,124,135.04,5.64
474500.0,3281500.0,122.73649,29.66324,124,15.21,1.42
488500.0,3298500.0,122.88098,29.81688,124,72.54,21.37
407500.0,3278500.0,122.04445,29.63299,124,152.94,40.7
436500.0,3227500.0,122.34696,29.17454,124,57.48,7.39
457500.0,3346500.0,122.55824,30.24936,124,106.36,3.04
369500.0,3267500.0,121.6533,29.53033,123,20.58,20.4
406500.0,3257500.0,122.03592,29.44341,123,87.54,16.99
386500.0,3155500.0,121.84005,28.5213,123,50.16,7.05
401500.0,3153500.0,121.9935,28.50447,123,123.82,6.54
403500.0,3146500.0,122.01452,28.44144,123,66.78,5.45
390500.0,3225500.0,121.87414,29.15335,123,43.38,5.73
431500.0,3308500.0,122.29045,29.90527,123,21.34,4.75
414500.0,3247500.0,122.11918,29.35374,123,92.68,6.42
464500.0,3301500.0,122.6325,29.84349,123,139.82,2.36
389500.0,3177500.0,121.86858,28.7201,123,34.69,6.2
439500.0,3326500.0,122.37229,30.06812,123,45.13,3.5
395500.0,3337500.0,121.91475,30.1644,123,126.34,43.7
403500.0,3161500.0,122.01326,28.57682,123,77.84,59.38
438500.0,3231500.0,122.3673,29.21074,123,8.5,3.52
415500.0,3245500.0,122.12963,29.33576,123,77.35,15.45
436500.0,3230500.0,122.34678,29.20162,123,148.86,189.79
416500.0,3313500.0,122.1347,29.94946,123,177.6,1.14
456500.0,3253500.0,122.55161,29.41004,123,55.31,35.96
376500.0,3212500.0,121.73166,29.03476,123,153.0,46.65
413500.0,3253500.0,122.10841,29.40782,122,15.99,57.02
429500.0,3346500.0,122.26721,30.24806,122,31.3,7.88
383500.0,3340500.0,121.78982,30.19038,122,94.02,47.35
410500.0,3143500.0,122.08623,28.41486,122,43.67,6.04
404500.0,3234500.0,122.01729,29.2357,122,82.5,20.88
462500.0,3284500.0,122.61239,29.69001,122,11.24,10.59
464500.0,3306500.0,122.63234,29.88862,122,5.07,327.24
405500.0,3316500.0,122.02046,29.97573,122,4.46,8.55
476500.0,3280500.0,122.75718,29.65426,122,32.43,4.94
489500.0,3298500.0,122.89133,29.81689,122,105.76,3.94
493500.0,3309500.0,122.93266,29.91619,122,42.18,12.7
425500.0,3214500.0,122.23471,29.05662,122,8.54,2.46
429500.0,3336500.0,122.26788,30.15782,122,157.86,5.6
410500.0,3279500.0,122.07536,29.64223,122,118.6,8.64
488500.0,3291500.0,122.88106,29.7537,122,36.91,9.06
432500.0,3293500.0,122.30175,29.76996,122,147.25,11.01
502500.0,3349500.0,123.02599,30.27718,122,155.37,1.44
450500.0,3327500.0,122.48637,30.07764,122,168.28,12.88
468500.0,3291500.0,122.6742,29.75335,122,88.87,2.05
432500.0,3192500.0,122.30793,28.85845,122,71.03,1.76
420500.0,3294500.0,122.17756,29.77827,121,62.97,1.34
472500.0,3282500.0,122.7158,29.67223,121,19.28,11.61
429500.0,3211500.0,122.27598,29.02977,121,40.88,22.08
407500.0,3297500.0,122.04282,29.80444,121,31.37,4.1
459500.0,3268500.0,122.58198,29.54552,121,150.8,236.1
463500.0,3309500.0,122.62188,29.91566,121,34.85,13.33
354500.0,3263500.0,121.49908,29.49258,121,59.11,2.38
497500.0,3338500.0,122.97403,30.17791,121,77.89,23.93
492500.0,3319500.0,122.92223,30.00643,121,129.52,24.06
501500.0,3352500.0,123.0156,30.30425,121,87.92,3.74
373500.0,3170500.0,121.70556,28.65546,121,156.9,3.06
360500.0,3173500.0,121.5722,28.6812,121,176.57,10.1
368500.0,3172500.0,121.65418,28.67301,121,175.58,19.59
385500.0,3208500.0,121.82448,28.9995,121,160.34,4.72
385500.0,3153500.0,121.83003,28.50316,121,55.69,16.45
388500.0,3176500.0,121.85844,28.71099,121,84.58,1.98
376500.0,3142500.0,121.73926,28.40307,121,7.08,3.64
395500.0,3158500.0,121.93174,28.54913,121,163.15,1.79
426500.0,3333500.0,122.23694,30.13058,120,39.37,2.38
492500.0,3317500.0,122.92225,29.98838,120,38.7,2.47
490500.0,3311500.0,122.90157,29.93422,120,77.91,10.82
396500.0,3315500.0,121.92728,29.96598,120,16.16,7.36
459500.0,3285500.0,122.58134,29.69894,120,23.33,9.69
457500.0,3298500.0,122.56016,29.8162,120,179.21,3.31
463500.0,3317500.0,122.6216,29.98786,120,104.59,6.61
400500.0,3177500.0,121.98119,28.72099,120,59.11,5.41
401500.0,3215500.0,121.98811,29.06401,120,61.71,14.41
413500.0,3269500.0,122.10714,29.5522,120,90.17,123.12
434500.0,3289500.0,122.32268,29.73397,120,126.17,4.79
410500.0,3339500.0,122.07034,30.18364,120,80.88,3.16
447500.0,3240500.0,122.45946,29.29237,120,40.86,33.75
425500.0,3296500.0,122.22914,29.79663,120,172.81,1.44
370500.0,3219500.0,121.66925,29.09733,120,142.43,63.16
449500.0,3250500.0,122.47959,29.38271,120,58.92,6.36
422500.0,3312500.0,122.19694,29.94083,120,64.66,1.12
412500.0,3217500.0,122.10094,29.08286,120,104.96,3.35
481500.0,3279500.0,122.80886,29.64532,120,30.81,5.17
404500.0,3167500.0,122.02298,28.63105,120,83.18,11.52
414500.0,3272500.0,122.11723,29.57934,120,51.9,9.25
450500.0,3182500.0,122.49291,28.76901,120,59.6,119.06
474500.0,3286500.0,122.73638,29.70837,120,177.88,8.96
442500.0,3331500.0,122.40315,30.11339,120,31.44,5.37
506500.0,3346500.0,123.06756,30.25009,120,128.72,2.37
507500.0,3346500.0,123.07796,30.25009,120,10.14,4.38
520500.0,3349500.0,123.21314,30.27701,120,21.71,1.77
414500.0,3256500.0,122.11848,29.43496,119,86.26,4.04
465500.0,3319500.0,122.64227,30.00596,119,110.73,5.42
386500.0,3152500.0,121.84035,28.49422,119,47.86,4.68
401500.0,3178500.0,121.99134,28.7301,119,57.52,2.3
403500.0,3164500.0,122.01301,28.6039,119,84.38,15.05
398500.0,3291500.0,121.95027,29.74959,119,85.55,2.65
406500.0,3156500.0,122.04434,28.53191,119,78.01,4.32
432500.0,3306500.0,122.30094,29.88728,119,45.43,1.92
489500.0,3302500.0,122.89129,29.85298,119,69.21,5.74
396500.0,3334500.0,121.92543,30.13742,119,138.78,31.49
379500.0,3151500.0,121.76894,28.48457,119,103.52,4.68
382500.0,3172500.0,121.79743,28.67436,119,52.71,7.36
408500.0,3176500.0,122.06318,28.71256,119,71.14,10.85
457500.0,3279500.0,122.5609,29.64473,119,66.64,2.51
453500.0,3252500.0,122.52073,29.40091,119,64.05,7.13
382500.0,3347500.0,121.77865,30.25344,119,97.83,18.28
432500.0,3221500.0,122.30619,29.12018,119,163.83,46.06
494500.0,3311500.0,122.94301,29.93424,119,113.53,5.7
412500.0,3262500.0,122.09738,29.48896,119,89.73,7.71
412500.0,3261500.0,122.09746,29.47994,119,177.91,108.93
383500.0,3176500.0,121.80726,28.71055,119,77.24,4.34
485500.0,3284500.0,122.85012,29.6905,119,150.84,3.92
402500.0,3285500.0,121.99218,29.69577,118,13.88,22.01
414500.0,3257500.0,122.1184,29.44398,118,91.86,7.84
497500.0,3332500.0,122.97405,30.12377,118,94.88,2.15
426500.0,3343500.0,122.23624,30.22081,118,8.13,4.04
494500.0,3312500.0,122.94301,29.94326,118,131.1,7.14
369500.0,3178500.0,121.66372,28.72726,118,154.85,2.28
421500.0,3196500.0,122.19488,28.89392,118,84.57,9.77
428500.0,3208500.0,122.26591,29.00264,118,54.12,10.4
418500.0,3194500.0,122.16426,28.87569,118,93.48,8.27
440500.0,3236500.0,122.38761,29.25596,118,69.05,9.0
451500.0,3338500.0,122.49624,30.17695,118,46.72,10.06
425500.0,3310500.0,122.22817,29.92297,118,179.83,2.88
414500.0,3189500.0,122.12362,28.8303,118,61.66,26.78
363500.0,3265500.0,121.59164,29.51164,118,7.88,13.07
413500.0,3263500.0,122.10762,29.49806,118,87.88,61.74
515500.0,3293500.0,123.16034,29.77171,118,38.61,2.65
439500.0,3227500.0,122.37781,29.17469,118,53.8,22.64
397500.0,3342500.0,121.93503,30.20969,118,10.27,7.82
373500.0,3142500.0,121.70864,28.40278,117,81.72,7.17
396500.0,3332500.0,121.92562,30.11937,117,12.41,7.25
468500.0,3284500.0,122.67441,29.69018,117,44.38,175.76
497500.0,3333500.0,122.97404,30.13279,117,124.48,1.65
462500.0,3333500.0,122.61067,30.13222,117,84.28,14.43
401500.0,3290500.0,121.98139,29.74081,117,155.08,2.39
433500.0,3276500.0,122.31314,29.6166,117,16.5,8.29
405500.0,3315500.0,122.02055,29.96671,117,49.03,1.97
466500.0,3280500.0,122.65386,29.65403,117,0.52,1.7
346500.0,3175500.0,121.42868,28.69765,117,92.45,1.2
432500.0,3333500.0,122.29923,30.13092,117,140.67,4.43
470500.0,3287500.0,122.695,29.7173,117,166.72,2.08
500500.0,3344500.0,123.0052,30.23206,117,87.38,23.92
404500.0,3150500.0,122.0244,28.47762,117,80.64,13.24
476500.0,3285500.0,122.75707,29.69938,117,171.08,7.36
325500.0,3323500.0,121.19033,30.0301,117,168.49,9.12
388500.0,3157500.0,121.86029,28.53952,117,48.89,13.99
371500.0,3268500.0,121.67381,29.53956,117,22.56,16.13
492500.0,3303500.0,122.92234,29.86203,117,74.68,12.44
494500.0,3324500.0,122.94294,30.05156,117,150.29,89.11
451500.0,3284500.0,122.49869,29.68963,117,168.95,13.83
477500.0,3286500.0,122.76739,29.70843,117,27.36,5.05
392500.0,3179500.0,121.8991,28.7384,117,47.4,14.86
374500.0,3214500.0,121.7109,29.05261,117,140.48,5.41
373500.0,3214500.0,121.70063,29.05251,117,125.33,2.7
414500.0,3259500.0,122.11824,29.46203,117,72.87,7.13
451500.0,3278500.0,122.49896,29.63548,117,19.7,3.39
507500.0,3312500.0,123.07772,29.94325,117,55.04,5.7
419500.0,3345500.0,122.16336,30.23841,117,173.21,2.11
401500.0,3285500.0,121.98184,29.69569,116,18.62,3.2
413500.0,3239500.0,122.1095,29.28147,116,82.9,7.24
421500.0,3274500.0,122.18935,29.59785,116,13.65,55.63
501500.0,3350500.0,123.0156,30.28621,116,114.92,8.49
383500.0,3147500.0,121.8102,28.44883,116,49.97,2.47
390500.0,3349500.0,121.86159,30.27223,116,166.94,5.0
492500.0,3306500.0,122.92232,29.88911,116,74.37,25.11
414500.0,3248500.0,122.1191,29.36276,116,87.0,6.62
467500.0,3303500.0,122.6635,29.86163,116,79.55,8.42
398500.0,3171500.0,121.96125,28.66669,116,61.69,5.34
387500.0,3156500.0,121.85017,28.53041,116,52.98,27.28
396500.0,3333500.0,121.92552,30.1284,116,143.63,1.78
403500.0,3266500.0,122.0042,29.5244,116,98.94,3.68
459500.0,3267500.0,122.58201,29.5365,116,26.82,20.44
383500.0,3150500.0,121.8099,28.47591,116,73.11,7.34
399500.0,3349500.0,121.95514,30.27301,116,177.79,79.11
436500.0,3321500.0,122.34147,30.02285,116,110.66,2.97
409500.0,3283500.0,122.06469,29.67825,116,121.47,8.45
424500.0,3203500.0,122.22518,28.95728,116,65.4,19.04
492500.0,3313500.0,122.92227,29.95228,116,20.57,1.87
440500.0,3327500.0,122.38261,30.0772,116,58.73,24.49
422500.0,3249500.0,122.20145,29.37231,116,43.08,3.86
463500.0,3314500.0,122.62171,29.96078,115,98.79,7.61
464500.0,3302500.0,122.63247,29.85252,115,73.76,3.86
461500.0,3332500.0,122.60033,30.12316,115,74.87,12.21
446500.0,3240500.0,122.44917,29.29233,115,60.42,13.16
500500.0,3332500.0,123.00519,30.12377,115,40.11,72.07
394500.0,3226500.0,121.91517,29.16272,115,51.06,1.65
377500.0,3191500.0,121.74422,28.84535,115,179.35,6.58
457500.0,3324500.0,122.55912,30.05083,115,15.6,4.17
405500.0,3151500.0,122.03453,28.48672,115,168.31,69.78
395500.0,3335500.0,121.91495,30.14636,115,136.84,17.96
424500.0,3185500.0,122.22638,28.79483,115,64.82,10.3
426500.0,3275500.0,122.24091,29.60718,115,176.84,4.09
425500.0,3308500.0,122.22831,29.90492,115,47.57,4.36
494500.0,3304500.0,122.94305,29.87107,115,179.78,3.09
418500.0,3193500.0,122.16433,28.86666,115,60.55,39.13
403500.0,3157500.0,122.0136,28.54072,115,91.79,1.87
417500.0,3315500.0,122.14491,29.96758,115,0.22,2.76
391500.0,3161500.0,121.89057,28.57587,115,58.31,3.78
380500.0,3148500.0,121.77947,28.45759,115,160.87,2.15
406500.0,3232500.0,122.03804,29.2178,115,14.37,9.62
506500.0,3345500.0,123.06756,30.24107,115,105.82,8.53
440500.0,3297500.0,122.38428,29.80647,115,29.03,1.79
453500.0,3287500.0,122.51924,29.71678,115,146.03,4.28
286500.0,3322500.0,120.78631,30.0149,114,2.02,49.88
407500.0,3337500.0,122.03936,30.16537,114,8.76,1.22
479500.0,3282500.0,122.78814,29.67236,114,58.79,11.9
398500.0,3328500.0,121.94676,30.08345,114,75.06,2.05
429500.0,3305500.0,122.26993,29.87808,114,90.84,17.63
397500.0,3320500.0,121.93716,30.01118,114,81.48,36.69
489500.0,3299500.0,122.89132,29.82591,114,67.4,9.04
388500.0,3158500.0,121.86019,28.54854,114,46.75,15.95
359500.0,3303500.0,121.54546,29.85404,114,46.47,19.51
469500.0,3294500.0,122.68446,29.78045,114,43.44,1.38
398500.0,3157500.0,121.96249,28.54034,114,131.97,1.91
385500.0,3156500.0,121.82973,28.53023,114,128.68,1.8
473500.0,3288500.0,122.72599,29.7264,114,10.81,2.74
512500.0,3339500.0,123.12985,30.18687,114,48.03,9.07
447500.0,3334500.0,122.4549,30.14069,114,45.49,17.69
445500.0,3244500.0,122.43867,29.32839,113,55.45,21.55
439500.0,3304500.0,122.37354,29.86959,113,110.13,1.5
427500.0,3334500.0,122.24725,30.13966,113,42.78,1.04
494500.0,3328500.0,122.94292,30.08766,113,48.33,7.41
380500.0,3274500.0,121.76602,29.59459,113,51.23,17.67
421500.0,3197500.0,122.19481,28.90295,113,59.2,3.18
433500.0,3336500.0,122.30942,30.15805,113,108.66,2.56
407500.0,3200500.0,122.05098,28.92909,113,102.32,14.44
409500.0,3286500.0,122.06444,29.70533,113,166.15,4.73
377500.0,3153500.0,121.7483,28.50243,113,42.34,2.88
398500.0,3173500.0,121.96107,28.68474,113,63.2,20.89
435500.0,3229500.0,122.33656,29.19254,113,56.96,30.14
431500.0,3346500.0,122.288,30.24817,113,11.76,7.13
378500.0,3162500.0,121.75756,28.58375,113,77.11,26.24
367500.0,3155500.0,121.64591,28.5195,113,34.73,6.63
452500.0,3256500.0,122.51025,29.43697,113,151.86,320.53
457500.0,3322500.0,122.5592,30.03278,113,158.86,4.97
409500.0,3338500.0,122.06004,30.17455,113,25.3,16.26
382500.0,3143500.0,121.8004,28.41265,113,65.94,7.42
371500.0,3145500.0,121.6879,28.42966,113,174.93,2.32
412500.0,3179500.0,122.1039,28.73991,113,61.71,19.9
414500.0,3249500.0,122.11902,29.37179,113,91.13,6.94
407500.0,3233500.0,122.04824,29.2269,113,20.94,12.04
381500.0,3146500.0,121.78989,28.43963,113,153.9,13.97
391500.0,3336500.0,121.87332,30.15503,112,137.41,2.76
425500.0,3289500.0,122.22962,29.73346,112,153.58,38.89
383500.0,3336500.0,121.79026,30.15429,112,96.7,33.17
393500.0,3163500.0,121.91083,28.59409,112,102.12,1.88
391500.0,3350500.0,121.87188,30.28135,112,36.36,1.87
397500.0,3169500.0,121.9512,28.64856,112,47.09,1.96
412500.0,3349500.0,122.09028,30.27402,112,137.72,1.25
464500.0,3312500.0,122.63214,29.94276,112,21.24,39.6
379500.0,3272500.0,121.75592,29.57645,112,47.57,24.62
404500.0,3281500.0,122.0132,29.65983,112,75.45,21.92
399500.0,3346500.0,121.95543,30.24594,112,22.42,1.22
436500.0,3314500.0,122.34189,29.95968,112,144.0,4.52
462500.0,3337500.0,122.61053,30.16831,112,95.69,155.44
437500.0,3233500.0,122.3569,29.22874,112,54.37,29.34
374500.0,3213500.0,121.71101,29.04359,112,146.29,14.77
399500.0,3232500.0,121.96603,29.21727,112,158.38,2.19
495500.0,3299500.0,122.95342,29.82595,112,94.73,5.02
491500.0,3284500.0,122.91214,29.69055,112,169.64,3.84
400500.0,3284500.0,121.9716,29.68659,111,10.78,6.42
405500.0,3257500.0,122.02561,29.44334,111,110.28,1.24
405500.0,3280500.0,122.02362,29.65089,111,86.88,1.89
410500.0,3278500.0,122.07544,29.63321,111,117.37,24.4
457500.0,3264500.0,122.56149,29.50935,111,63.45,12.02
432500.0,3301500.0,122.30125,29.84216,111,151.76,2.49
358500.0,3172500.0,121.55186,28.67195,111,162.4,4.54
419500.0,3194500.0,122.17451,28.87575,111,87.24,23.8
410500.0,3298500.0,122.07378,29.81368,111,41.15,5.88
429500.0,3353500.0,122.26674,30.31122,111,91.37,30.78
442500.0,3328500.0,122.40331,30.08632,111,43.01,69.26
426500.0,3348500.0,122.23589,30.26593,111,31.75,1.4
435500.0,3353500.0,122.32915,30.31156,111,30.05,43.61
428500.0,3218500.0,122.26527,29.09289,111,131.13,5.36
380500.0,3152500.0,121.77905,28.49369,111,103.74,1.53
430500.0,3337500.0,122.2782,30.1669,111,130.09,5.47
469500.0,3287500.0,122.68466,29.71728,111,98.37,8.45
380500.0,3202500.0,121.7738,28.9449,111,102.66,27.74
446500.0,3239500.0,122.44921,29.28331,111,55.83,40.54
489500.0,3296500.0,122.89135,29.79884,111,23.62,2.4
397500.0,3343500.0,121.93493,30.21871,111,70.15,5.1
405500.0,3147500.0,122.03486,28.45061,111,46.68,5.3
420500.0,3289500.0,122.17792,29.73315,111,128.26,3.76
393500.0,3164500.0,121.91074,28.60311,111,58.29,57.63
507500.0,3313500.0,123.07773,29.95228,111,76.76,4.66
443500.0,3291500.0,122.41564,29.75247,111,134.63,5.12
409500.0,3341500.0,122.05978,30.20162,111,112.56,6.12
430500.0,3285500.0,122.28158,29.69766,110,156.99,12.88
488500.0,3293500.0,122.88104,29.77175,110,96.46,1.98
461500.0,3323500.0,122.60065,30.04194,110,46.84,4.74
442500.0,3240500.0,122.40798,29.29216,110,149.97,435.41
433500.0,3215500.0,122.31682,29.06609,110,47.7,3.0
406500.0,3222500.0,122.03888,29.12756,110,148.85,6.24
412500.0,3226500.0,122.10024,29.16409,110,31.84,1.59
407500.0,3284500.0,122.04394,29.68713,110,114.96,109.05
416500.0,3332500.0,122.13321,30.12091,110,100.71,1.87
396500.0,3353500.0,121.92356,30.30885,110,40.99,1.98
465500.0,3320500.0,122.64224,30.01499,110,85.82,1.88
388500.0,3160500.0,121.86,28.56659,110,54.45,7.85
403500.0,3337500.0,121.99782,30.16506,110,152.88,18.36
432500.0,3276500.0,122.30281,29.61655,110,10.77,26.56
407500.0,3161500.0,122.05415,28.57711,110,82.65,11.53
425500.0,3205500.0,122.23531,28.97539,110,65.18,23.72
421500.0,3287500.0,122.18841,29.71517,110,103.68,2.45
414500.0,3243500.0,122.11949,29.31764,110,72.79,6.56
389500.0,3173500.0,121.86897,28.684,110,61.05,5.72
492500.0,3318500.0,122.92224,29.9974,110,35.23,1.51
326500.0,3323500.0,121.2007,30.03024,109,30.51,4.64
479500.0,3283500.0,122.78812,29.68139,109,5.77,4.08
488500.0,3299500.0,122.88097,29.8259,109,69.0,32.39
408500.0,3282500.0,122.05444,29.66916,109,113.11,24.96
431500.0,3301500.0,122.2909,29.8421,109,139.28,2.26
415500.0,3300500.0,122.12536,29.83208,109,65.64,4.83
430500.0,3292500.0,122.28113,29.76083,109,146.66,6.21
373500.0,3148500.0,121.70799,28.45693,109,149.23,2.27
386500.0,3283500.0,121.82703,29.67636,109,29.02,5.52
449500.0,3316500.0,122.47652,29.97834,109,136.31,8.95
462500.0,3341500.0,122.61039,30.20441,109,89.75,18.56
468500.0,3277500.0,122.67461,29.62701,109,52.59,4.93
497500.0,3352500.0,122.974,30.30425,109,90.93,3.92
407500.0,3160500.0,122.05424,28.56809,109,60.31,2.54
410500.0,3336500.0,122.07059,30.15657,109,22.85,10.89
493500.0,3283500.0,122.93282,29.68154,109,2.08,2.3
489500.0,3306500.0,122.89125,29.88908,109,65.43,8.17
389500.0,3158500.0,121.87041,28.54863,109,44.87,8.79
519500.0,3286500.0,123.2016,29.70848,109,88.76,6.44
502500.0,3312500.0,123.02591,29.94327,109,54.79,3.77
412500.0,3222500.0,122.10055,29.12799,108,129.01,16.11
468500.0,3294500.0,122.67411,29.78043,108,57.66,2.71
461500.0,3322500.0,122.60069,30.03292,108,166.82,3.49
449500.0,3327500.0,122.476,30.0776,108,168.29,9.7
467500.0,3302500.0,122.66353,29.8526,108,6.71,161.46
500500.0,3331500.0,123.00519,30.11474,108,59.71,3.84
415500.0,3190500.0,122.1338,28.83939,108,54.1,12.94
411500.0,3349500.0,122.07989,30.27395,108,146.17,2.19
456500.0,3256500.0,122.55149,29.43712,108,61.38,17.02
494500.0,3327500.0,122.94293,30.07863,108,142.42,4.8
368500.0,3193500.0,121.65174,28.86251,108,47.21,22.34
388500.0,3350500.0,121.84069,30.28107,108,162.66,3.33
405500.0,3157500.0,122.03404,28.54087,108,75.67,16.04
409500.0,3233500.0,122.06882,29.22705,108,11.64,9.94
448500.0,3241500.0,122.46971,29.30144,108,153.07,157.27
485500.0,3289500.0,122.85006,29.73562,108,56.68,15.12
447500.0,3241500.0,122.45941,29.3014,108,165.76,9.53
443500.0,3296500.0,122.41538,29.79759,108,130.75,2.13
405500.0,3150500.0,122.03461,28.47769,108,80.21,11.98
411500.0,3218500.0,122.09059,29.09182,108,100.27,19.06
494500.0,3310500.0,122.94302,29.92522,108,21.38,8.45
384500.0,3348500.0,121.79933,30.26265,108,117.05,8.33
410500.0,3340500.0,122.07025,30.19267,108,116.29,3.34
478500.0,3287500.0,122.77771,29.71747,108,47.67,8.66
495500.0,3311500.0,122.95337,29.93424,108,114.49,19.36
400500.0,3320500.0,121.96826,30.01143,108,51.3,1.54
412500.0,3263500.0,122.0973,29.49799,108,90.19,27.77
431500.0,3338500.0,122.28852,30.17599,108,122.87,11.35
464500.0,3190500.0,122.63608,28.84168,108,59.34,127.15
425500.0,3309500.0,122.22824,29.91394,107,166.66,2.42
481500.0,3281500.0,122.80883,29.66337,107,39.7,6.63
394500.0,3165500.0,121.92087,28.61222,107,33.45,5.7
487500.0,3280500.0,122.87084,29.65442,107,142.87,4.08
494500.0,3313500.0,122.943,29.95229,107,58.27,2.86
488500.0,3300500.0,122.88096,29.83493,107,65.58,5.08
402500.0,3153500.0,122.00371,28.50454,107,82.77,37.26
489500.0,3304500.0,122.89127,29.87103,107,72.84,3.95
414500.0,3295500.0,122.11541,29.7869,107,87.08,2.73
442500.0,3316500.0,122.40396,29.97803,107,21.41,20.6
385500.0,3277500.0,121.81733,29.62213,107,46.31,3.88
390500.0,3339500.0,121.86263,30.18201,107,51.38,4.75
460500.0,3320500.0,122.59039,30.01484,107,147.95,1.62
404500.0,3149500.0,122.02448,28.46859,107,80.77,17.82
421500.0,3345500.0,122.18414,30.23854,107,151.86,6.55
373500.0,3147500.0,121.7081,28.4479,107,85.36,4.51
461500.0,3335500.0,122.60022,30.15023,107,83.42,8.89
484500.0,3285500.0,122.83977,29.69951,107,114.72,4.68
438500.0,3305500.0,122.36313,29.87857,107,68.85,3.84
484500.0,3270500.0,122.83999,29.56413,107,77.14,30.65
497500.0,3339500.0,122.97403,30.18694,107,80.12,54.82
409500.0,3175500.0,122.07349,28.70361,107,72.49,2.41
467500.0,3304500.0,122.66347,29.87065,107,2.9,148.64
482500.0,3287500.0,122.81906,29.71753,107,46.81,35.21
493500.0,3318500.0,122.93261,29.99741,107,97.14,2.9
406500.0,3233500.0,122.03796,29.22683,107,26.2,27.11
502500.0,3322500.0,123.02593,30.03352,107,121.83,1.52
314500.0,3325500.0,121.07596,30.04652,106,21.58,347.8
391500.0,3331500.0,121.87383,30.10992,106,71.62,22.55
412500.0,3249500.0,122.09842,29.37165,106,164.76,1.2
443500.0,3340500.0,122.41305,30.19465,106,88.3,1.06
462500.0,3288500.0,122.61225,29.72611,106,114.17,8.18
462500.0,3336500.0,122.61057,30.15929,106,96.93,110.77
414500.0,3237500.0,122.11995,29.26349,106,91.53,10.61
418500.0,3304500.0,122.15611,29.86838,106,104.59,8.08
382500.0,3148500.0,121.79989,28.45777,106,158.51,141.23
423500.0,3203500.0,122.21491,28.95722,106,52.34,5.28
497500.0,3350500.0,122.974,30.2862,106,160.35,30.79
440500.0,3237500.0,122.38755,29.26499,106,15.98,6.82
424500.0,3306500.0,122.21809,29.88681,106,3.51,4.09
495500.0,3321500.0,122.95333,30.02449,106,72.86,157.33
403500.0,3344500.0,121.99718,30.22822,106,130.9,2.07
407500.0,3283500.0,122.04402,29.67811,106,86.87,3.0
378500.0,3151500.0,121.75873,28.48448,106,72.35,3.06
397500.0,3283500.0,121.94069,29.67732,106,10.65,4.43
435500.0,3230500.0,122.3365,29.20157,106,57.7,19.51
464500.0,3311500.0,122.63217,29.93374,106,96.18,21.83
494500.0,3326500.0,122.94293,30.06961,106,133.73,49.13
445500.0,3283500.0,122.43673,29.68036,106,2.74,32.55
497500.0,3306500.0,122.97411,29.88913,106,81.02,6.67
453500.0,3324500.0,122.51763,30.05069,106,3.95,2.24
418500.0,3190500.0,122.16455,28.83959,106,61.27,7.62
456500.0,3262500.0,122.55125,29.49127,106,57.7,13.97
384500.0,3155500.0,121.81961,28.52112,106,175.18,1.53
498500.0,3349500.0,122.9844,30.27718,106,111.13,16.22
402500.0,3159500.0,122.0032,28.5587,106,50.6,3.17
450500.0,3316500.0,122.48688,29.97838,106,150.38,6.89
451500.0,3316500.0,122.49725,29.97842,106,164.33,3.27
389500.0,3157500.0,121.87051,28.53961,106,42.21,19.53
506500.0,3347500.0,123.06757,30.25912,106,46.44,8.38
524500.0,3349500.0,123.25473,30.27693,106,67.22,3.11
459500.0,3283500.0,122.58142,29.68089,106,164.8,8.78
480500.0,3299500.0,122.79817,29.8258,105,165.63,9.53
414500.0,3341500.0,122.11172,30.20198,105,20.56,26.28
457500.0,3299500.0,122.56012,29.82522,105,13.47,6.39
492500.0,3304500.0,122.92234,29.87106,105,68.4,16.47
434500.0,3193500.0,122.32838,28.86758,105,81.02,2.39
409500.0,3206500.0,122.07101,28.98338,105,76.5,10.1
427500.0,3210500.0,122.25551,29.02063,105,43.57,8.73
461500.0,3281500.0,122.60216,29.66291,105,6.0,6.83
376500.0,3156500.0,121.73776,28.52941,105,69.12,5.39
432500.0,3334500.0,122.29916,30.13995,105,126.59,11.81
476500.0,3259500.0,122.75764,29.46473,105,114.04,9.11
386500.0,3156500.0,121.83995,28.53032,105,166.14,1.57
359500.0,3304500.0,121.54532,29.86306,105,47.85,63.39
439500.0,3229500.0,122.3777,29.19274,105,40.4,4.89
439500.0,3218500.0,122.3783,29.09346,105,17.02,9.53
461500.0,3351500.0,122.59963,30.29462,105,73.6,12.45
399500.0,3157500.0,121.97271,28.54042,105,2.07,1.79
389500.0,3349500.0,121.85119,30.27214,105,10.36,4.35
420500.0,3303500.0,122.17689,29.85949,105,89.39,2.66
388500.0,3353500.0,121.84037,30.30814,105,50.14,3.8
500500.0,3352500.0,123.0052,30.30425,105,43.62,1.47
483500.0,3284500.0,122.82945,29.69047,105,130.07,28.88
406500.0,3293500.0,122.03283,29.76827,105,30.25,6.1
424500.0,3312500.0,122.21767,29.94096,104,56.19,1.34
495500.0,3316500.0,122.95335,29.97937,104,79.04,4.24
348500.0,3173500.0,121.44941,28.67984,104,117.06,3.83
388500.0,3156500.0,121.86039,28.5305,104,52.51,3.97
365500.0,3213500.0,121.6186,29.04267,104,159.1,1.99
406500.0,3159500.0,122.04409,28.55899,104,79.79,4.48
432500.0,3214500.0,122.30661,29.05701,104,94.94,2.83
496500.0,3321500.0,122.9637,30.02449,104,38.55,3.99
375500.0,3153500.0,121.72787,28.50224,104,89.54,9.47
499500.0,3329500.0,122.99481,30.09669,104,36.57,3.37
441500.0,3290500.0,122.39501,29.74335,104,20.48,1.32
493500.0,3322500.0,122.93258,30.03351,104,19.52,2.21
462500.0,3351500.0,122.61003,30.29465,104,75.28,9.5
379500.0,3170500.0,121.76694,28.65603,104,44.7,2.81
499500.0,3350500.0,122.9948,30.28621,104,90.05,8.28
383500.0,3346500.0,121.78916,30.24451,104,90.28,13.4
402500.0,3180500.0,122.00141,28.74822,104,61.39,58.11
375500.0,3331500.0,121.70779,30.10839,104,96.23,1.41
385500.0,3207500.0,121.82459,28.99048,104,154.61,163.44
456500.0,3347500.0,122.5478,30.25835,104,36.18,1.36
375500.0,3155500.0,121.72765,28.52029,104,88.91,1.85
451500.0,3327500.0,122.49675,30.07768,104,154.2,59.76
464500.0,3318500.0,122.63194,29.99691,104,96.36,39.13
425500.0,3284500.0,122.22997,29.68834,104,133.36,17.32
426500.0,3331500.0,122.23708,30.11253,104,49.44,2.08
327500.0,3323500.0,121.21107,30.03038,103,27.75,2.53
430500.0,3302500.0,122.28048,29.85107,103,134.58,21.4
378500.0,3174500.0,121.75629,28.69204,103,62.01,1.34
386500.0,3346500.0,121.82033,30.2448,103,108.58,17.95
432500.0,3224500.0,122.306,29.14726,103,60.77,6.76
419500.0,3197500.0,122.1743,28.90283,103,62.68,23.33
470500.0,3286500.0,122.69502,29.70828,103,47.61,9.08
469500.0,3289500.0,122.6846,29.73533,103,165.35,16.37
415500.0,3195500.0,122.13342,28.88452,103,40.13,5.77
458500.0,3298500.0,122.57051,29.81623,103,179.94,38.47
461500.0,3350500.0,122.59967,30.28559,103,70.58,53.92
382500.0,3155500.0,121.79918,28.52094,103,3.46,9.16
397500.0,3350500.0,121.93425,30.28187,103,41.34,4.0
443500.0,3239500.0,122.41833,29.28318,103,57.64,51.67
418500.0,3343500.0,122.15312,30.2203,103,160.07,4.19
473500.0,3280500.0,122.72618,29.6542,103,158.6,2.23
403500.0,3156500.0,122.01368,28.5317,103,81.32,2.69
407500.0,3184500.0,122.05229,28.78469,103,52.78,7.65
375500.0,3213500.0,121.72128,29.04368,103,143.47,11.17
410500.0,3184500.0,122.08302,28.7849,103,151.86,136.37
454500.0,3251500.0,122.53108,29.39192,103,76.75,5.83
492500.0,3308500.0,122.92231,29.90716,103,89.72,1.51
436500.0,3329500.0,122.34099,30.09504,103,98.87,22.9
452500.0,3339500.0,122.50659,30.18601,103,40.37,24.94
393500.0,3153500.0,121.91176,28.50384,103,133.78,1.63
492500.0,3322500.0,122.92221,30.0335,103,137.92,15.22
451500.0,3326500.0,122.49679,30.06866,102,150.89,8.19
455500.0,3260500.0,122.54102,29.47318,102,60.26,10.94
493500.0,3301500.0,122.93271,29.84399,102,62.19,3.44
377500.0,3174500.0,121.74605,28.69194,102,96.58,2.52
385500.0,3157500.0,121.82963,28.53926,102,100.63,5.03
406500.0,3163500.0,122.04377,28.59509,102,54.7,2.58
431500.0,3194500.0,122.29756,28.87645,102,174.21,1.53
403500.0,3231500.0,122.00727,29.20855,102,22.77,19.7
428500.0,3215500.0,122.26546,29.06581,102,21.39,60.91
432500.0,3220500.0,122.30625,29.11116,102,25.83,7.67
486500.0,3299500.0,122.86027,29.82588,102,30.16,7.48
379500.0,3172500.0,121.76673,28.67408,102,165.36,24.99
414500.0,3242500.0,122.11957,29.30862,102,113.43,2.32
499500.0,3328500.0,122.99481,30.08767,102,69.84,26.88
395500.0,3315500.0,121.91691,29.9659,102,42.04,3.33
400500.0,3327500.0,121.96761,30.07459,102,118.4,5.21
391500.0,3330500.0,121.87393,30.10089,102,168.54,43.94
410500.0,3316500.0,122.07228,29.97611,102,39.18,2.32
448500.0,3319500.0,122.46601,30.00537,102,71.84,1.84
482500.0,3288500.0,122.81905,29.72656,102,149.91,1.29
465500.0,3300500.0,122.64289,29.8345,102,46.51,3.86
392500.0,3167500.0,121.90023,28.63011,102,54.25,2.22
404500.0,3162500.0,122.0234,28.58592,102,144.62,8.2
404500.0,3223500.0,122.01824,29.13644,102,147.99,16.66
498500.0,3340500.0,122.98442,30.19596,102,88.16,34.21
398500.0,3206500.0,121.95811,28.98255,102,78.7,5.2
402500.0,3276500.0,121.99298,29.61456,102,137.23,81.76
426500.0,3214500.0,122.24498,29.05668,102,38.11,4.48
479500.0,3281500.0,122.78816,29.66334,102,34.4,15.68
445500.0,3236500.0,122.43907,29.25619,102,52.72,15.55
424500.0,3333500.0,122.21618,30.13045,102,5.0,14.51
387500.0,3153500.0,121.85046,28.50333,102,114.16,1.53
374500.0,3177500.0,121.71502,28.71873,102,90.81,1.44
388500.0,3161500.0,121.8599,28.57562,102,62.59,4.22
499500.0,3353500.0,122.9948,30.31328,102,107.13,4.76
381500.0,3211500.0,121.78311,29.02621,102,77.62,225.76
452500.0,3316500.0,122.50761,29.97846,102,156.19,2.29
490500.0,3306500.0,122.90161,29.88909,102,144.97,14.05
480500.0,3283500.0,122.79846,29.6814,101,33.21,2.36
448500.0,3287500.0,122.46754,29.71659,101,166.6,9.61
484500.0,3291500.0,122.83969,29.75366,101,57.72,56.7
505500.0,3348500.0,123.05718,30.26815,101,99.3,5.85
455500.0,3255500.0,122.54122,29.42806,101,58.18,39.22
461500.0,3319500.0,122.6008,30.00584,101,132.12,6.54
391500.0,3219500.0,121.88501,29.09929,101,72.36,64.05
440500.0,3286500.0,122.38489,29.7072,101,158.9,7.27
414500.0,3314500.0,122.1139,29.95835,101,1.84,2.58
383500.0,3145500.0,121.81041,28.43079,101,83.47,33.04
458500.0,3266500.0,122.57173,29.52744,101,60.12,69.58
460500.0,3321500.0,122.59036,30.02386,101,2.45,4.55
395500.0,3169500.0,121.93074,28.6484,101,21.62,42.42
404500.0,3151500.0,122.02431,28.48664,101,75.24,2.67
391500.0,3178500.0,121.88896,28.72929,101,50.91,11.47
430500.0,3221500.0,122.28563,29.12008,101,64.85,3.86
443500.0,3298500.0,122.41527,29.81564,101,161.02,5.01
500500.0,3343500.0,123.0052,30.22304,101,162.14,22.56
437500.0,3224500.0,122.35741,29.14752,101,45.96,8.45
415500.0,3243500.0,122.12979,29.31771,101,84.95,6.23
429500.0,3338500.0,122.26775,30.17587,101,150.67,4.56
453500.0,3286500.0,122.51928,29.70776,101,135.13,2.97
394500.0,3332500.0,121.90486,30.1192,101,54.49,13.33
389500.0,3150500.0,121.87118,28.47643,101,29.03,14.44
434500.0,3282500.0,122.32311,29.6708,101,44.25,2.48
420500.0,3245500.0,122.18113,29.33608,101,57.76,1.65
391500.0,3166500.0,121.8901,28.621,101,52.26,11.88
451500.0,3287500.0,122.49856,29.71671,101,132.43,11.51
413500.0,3252500.0,122.10848,29.39879,100,74.66,13.3
444500.0,3285500.0,122.42629,29.69836,100,158.54,9.35
475500.0,3282500.0,122.7468,29.67229,100,159.62,1.74
456500.0,3264500.0,122.55117,29.50932,100,58.03,14.87
368500.0,3143500.0,121.6575,28.41131,100,80.44,1.84
409500.0,3278500.0,122.06511,29.63314,100,132.01,3.83
408500.0,3298500.0,122.05309,29.81354,100,47.94,1.87
408500.0,3283500.0,122.05436,29.67818,100,113.69,14.71
490500.0,3301500.0,122.90165,29.84397,100,58.94,9.61
505500.0,3347500.0,123.05717,30.25912,100,157.26,4.53
369500.0,3142500.0,121.66782,28.40239,100,131.91,3.09
455500.0,3298500.0,122.53946,29.81613,100,13.38,7.14
283500.0,3322500.0,120.75523,30.01437,100,141.76,56.93
412500.0,3272500.0,122.09658,29.57921,100,107.58,60.69
487500.0,3299500.0,122.87062,29.82589,100,65.31,34.63
372500.0,3267500.0,121.68425,29.53064,100,30.78,4.21
412500.0,3218500.0,122.10087,29.09189,100,111.14,6.12
368500.0,3170500.0,121.65441,28.65496,100,108.12,2.63
420500.0,3203500.0,122.18413,28.95704,100,57.16,20.09
468500.0,3280500.0,122.67452,29.65408,100,56.47,1.4
392500.0,3351500.0,121.88217,30.29046,100,32.12,2.83
411500.0,3178500.0,122.09373,28.73082,100,59.88,9.51
404500.0,3239500.0,122.01686,29.28082,100,86.32,61.71
406500.0,3261500.0,122.03558,29.47951,100,45.44,13.09
509500.0,3346500.0,123.09875,30.25007,100,2.98,4.54
397500.0,3171500.0,121.95102,28.66661,100,60.16,35.6
439500.0,3290500.0,122.37433,29.74325,100,168.55,4.66
463500.0,3212500.0,122.62511,29.04022,100,164.64,856.8
487500.0,3203500.0,122.87171,28.95945,100,148.67,19.64
476500.0,3272500.0,122.75736,29.58206,100,93.96,13.67
457500.0,3292500.0,122.56039,29.76205,100,166.55,6.93
494500.0,3320500.0,122.94297,30.01546,100,126.67,62.73
383500.0,3186500.0,121.80623,28.80079,100,145.57,12.51
436500.0,3330500.0,122.34093,30.10407,100,65.47,1.47
462500.0,3283500.0,122.61242,29.68099,100,1.94,15.19
433500.0,3193500.0,122.31812,28.86753,100,17.44,1.18
288500.0,3323500.0,120.80684,30.02426,99,138.5,122.22
371500.0,3172500.0,121.68487,28.67331,99,29.73,6.13
378500.0,3272500.0,121.7456,29.57635,99,46.91,9.17
468500.0,3293500.0,122.67414,29.7714,99,63.18,6.45
394500.0,3311500.0,121.90695,29.92972,99,123.92,3.84
386500.0,3153500.0,121.84025,28.50325,99,54.08,3.38
408500.0,3232500.0,122.05861,29.21795,99,3.38,37.62
492500.0,3305500.0,122.92233,29.88008,99,43.27,10.55
298500.0,3318500.0,120.91142,29.98086,99,156.48,87.4
413500.0,3339500.0,122.1015,30.18386,99,30.75,33.71
459500.0,3269500.0,122.58194,29.55455,99,60.44,52.07
429500.0,3193500.0,122.27711,28.86731,99,141.81,3.78
415500.0,3194500.0,122.1335,28.87549,99,58.58,33.92
378500.0,3154500.0,121.75841,28.51155,99,81.67,1.76
395500.0,3336500.0,121.91485,30.15538,99,128.44,4.17
412500.0,3212500.0,122.10134,29.03774,99,83.99,3.07
413500.0,3302500.0,122.1045,29.84999,99,143.67,2.41
473500.0,3287500.0,122.72601,29.71737,99,6.59,1.87
456500.0,3288500.0,122.55021,29.72592,99,57.34,1.19
426500.0,3211500.0,122.24518,29.0296,99,63.61,6.11
469500.0,3278500.0,122.68491,29.63606,99,112.01,39.07
412500.0,3338500.0,122.09119,30.17477,99,157.18,2.4
425500.0,3204500.0,122.23537,28.96637,99,64.88,23.05
424500.0,3295500.0,122.21886,29.78755,99,79.49,13.76
452500.0,3326500.0,122.50717,30.0687,99,159.12,6.85
490500.0,3284500.0,122.9018,29.69054,99,15.18,5.3
467500.0,3305500.0,122.66344,29.87967,99,95.81,6.23
466500.0,3283500.0,122.65376,29.6811,98,102.37,1.91
461500.0,3331500.0,122.60036,30.11414,98,82.31,27.61
461500.0,3337500.0,122.60015,30.16828,98,91.15,23.37
508500.0,3288500.0,123.08789,29.72665,98,99.0,1.95
391500.0,3281500.0,121.87889,29.65876,98,28.17,143.75
433500.0,3195500.0,122.31801,28.88558,98,73.21,3.33
430500.0,3215500.0,122.286,29.06593,98,8.02,12.62
415500.0,3212500.0,122.13214,29.03794,98,144.5,1.27
399500.0,3326500.0,121.95733,30.06549,98,81.69,6.75
450500.0,3247500.0,122.49003,29.35567,98,36.24,3.66
444500.0,3296500.0,122.42573,29.79763,98,2.88,2.47
377500.0,3156500.0,121.74798,28.52951,98,53.13,5.7
398500.0,3284500.0,121.95093,29.68643,98,40.94,74.36
407500.0,3159500.0,122.05432,28.55906,98,50.53,5.81
444500.0,3330500.0,122.42396,30.10446,98,37.9,3.59
463500.0,3306500.0,122.62198,29.88859,98,93.93,7.8
497500.0,3334500.0,122.97404,30.14181,98,61.45,10.77
295500.0,3321500.0,120.87977,30.00742,98,85.48,6.22
384500.0,3177500.0,121.81739,28.71966,98,68.3,13.77
421500.0,3195500.0,122.19495,28.8849,98,84.59,5.58
491500.0,3285500.0,122.91213,29.69958,98,147.71,41.36
525500.0,3317500.0,123.26436,29.98813,98,87.25,6.77
444500.0,3332500.0,122.42385,30.1225,98,36.1,44.01
454500.0,3322500.0,122.52809,30.03268,98,33.47,13.53
454500.0,3276500.0,122.53004,29.61755,98,56.75,24.41
383500.0,3335500.0,121.79037,30.14527,97,86.02,6.81
444500.0,3241500.0,122.42852,29.30127,97,146.03,130.88
421500.0,3300500.0,122.18746,29.83248,97,66.42,1.59
468500.0,3289500.0,122.67426,29.7353,97,84.34,5.85
496500.0,3322500.0,122.9637,30.03352,97,73.43,14.99
483500.0,3292500.0,122.82933,29.76267,97,52.61,10.05
383500.0,3149500.0,121.81,28.46688,97,72.16,5.92
391500.0,3159500.0,121.89076,28.55782,97,37.72,46.95
454500.0,3284500.0,122.5297,29.68975,97,168.55,3.95
413500.0,3266500.0,122.10738,29.52513,97,116.89,63.89
383500.0,3345500.0,121.78927,30.23549,97,93.99,67.62
386500.0,3286500.0,121.82671,29.70343,97,173.83,1.53
450500.0,3251500.0,122.48985,29.39177,97,146.72,320.25
419500.0,3299500.0,122.16684,29.82333,97,178.33,1.52
454500.0,3257500.0,122.53083,29.44607,97,56.66,55.93
358500.0,3303500.0,121.53511,29.85393,97,11.94,1.85
402500.0,3152500.0,122.0038,28.49552,97,71.45,25.84
405500.0,3149500.0,122.03469,28.46866,97,83.45,4.39
434500.0,3226500.0,122.32645,29.16541,97,59.27,49.11
454500.0,3287500.0,122.52957,29.71682,97,123.9,2.43
468500.0,3283500.0,122.67443,29.68116,97,17.7,1.69
406500.0,3157500.0,122.04426,28.54094,97,80.76,28.27
429500.0,3216500.0,122.27567,29.0749,97,70.24,4.67
458500.0,3267500.0,122.57169,29.53646,97,38.01,24.01
486500.0,3301500.0,122.86025,29.84393,97,8.13,2.34
499500.0,3325500.0,122.99481,30.0606,97,40.87,4.21
460500.0,3270500.0,122.59223,29.5636,97,150.65,739.14
437500.0,3289500.0,122.3537,29.73413,97,168.26,3.59
403500.0,3159500.0,122.01343,28.55877,97,71.96,3.71
400500.0,3232500.0,121.97632,29.21735,97,9.12,7.77
403500.0,3147500.0,122.01443,28.45047,97,36.36,3.82
418500.0,3243500.0,122.16068,29.31791,97,32.2,37.93
497500.0,3344500.0,122.97402,30.23206,97,90.38,10.37
490500.0,3322500.0,122.90147,30.03349,97,76.28,10.03
452500.0,3318500.0,122.50753,29.9965,97,16.34,18.24
396500.0,3339500.0,121.92494,30.18253,96,79.7,13.8
424500.0,3304500.0,122.21823,29.86876,96,170.09,4.25
404500.0,3344500.0,122.00757,30.2283,96,155.72,145.98
468500.0,3300500.0,122.67394,29.83458,96,71.82,1.53
415500.0,3304500.0,122.12505,29.86818,96,57.33,8.07
481500.0,3266500.0,122.80908,29.52799,96,75.52,45.87
483500.0,3291500.0,122.82934,29.75365,96,74.74,2.49
358500.0,3265500.0,121.54007,29.51109,96,17.25,3.04
428500.0,3336500.0,122.2575,30.15777,96,56.26,2.48
438500.0,3228500.0,122.36747,29.18367,96,65.15,6.87
438500.0,3282500.0,122.36444,29.67101,96,168.55,8.64
401500.0,3226500.0,121.98714,29.16328,96,120.36,7.52
486500.0,3298500.0,122.86028,29.81686,96,41.32,5.79
374500.0,3176500.0,121.71513,28.7097,96,70.86,26.31
464500.0,3285500.0,122.63303,29.6991,96,179.91,1.97
417500.0,3274500.0,122.14805,29.5976,96,158.08,27.46
385500.0,3333500.0,121.81135,30.12741,96,71.18,2.49
455500.0,3292500.0,122.53971,29.76198,96,135.76,3.71
481500.0,3278500.0,122.80888,29.63629,96,177.73,25.93
420500.0,3199500.0,122.18441,28.92094,96,60.84,32.64
404500.0,3267500.0,122.01443,29.5335,96,78.56,22.88
418500.0,3301500.0,122.15634,29.84131,96,32.5,5.63
404500.0,3240500.0,122.01678,29.28985,96,76.16,42.08
506500.0,3299500.0,123.06728,29.82594,96,96.07,2.35
403500.0,3233500.0,122.00709,29.2266,96,50.09,23.9
394500.0,3336500.0,121.90447,30.15529,96,142.73,2.45
500500.0,3289500.0,123.00517,29.73571,96,117.42,2.43
384500.0,3205500.0,121.81453,28.97234,96,129.08,35.57
437500.0,3226500.0,122.3573,29.16557,96,57.16,16.25
522500.0,3335500.0,123.23364,30.15063,96,8.57,35.56
507500.0,3347500.0,123.07797,30.25911,96,21.6,12.22
423500.0,3196500.0,122.21539,28.89405,96,57.82,6.93
370500.0,3144500.0,121.6778,28.42054,95,5.32,4.9
466500.0,3307500.0,122.65302,29.8977,95,96.26,23.09
462500.0,3274500.0,122.61273,29.59976,95,87.39,3.0
436500.0,3324500.0,122.34129,30.04992,95,107.08,13.71
453500.0,3257500.0,122.52052,29.44604,95,59.07,25.83
384500.0,3148500.0,121.82032,28.45795,95,67.24,7.44
414500.0,3235500.0,122.12011,29.24544,95,52.84,1.5
446500.0,3246500.0,122.44887,29.34648,95,50.41,11.59
531500.0,3348500.0,123.32748,30.26775,95,78.8,4.09
402500.0,3151500.0,122.00388,28.48649,95,86.37,23.03
486500.0,3284500.0,122.86046,29.69051,95,135.91,5.57
463500.0,3307500.0,122.62195,29.89761,95,96.57,3.55
423500.0,3206500.0,122.21471,28.9843,95,53.64,5.31
389500.0,3335500.0,121.85266,30.14583,95,113.56,6.47
416500.0,3195500.0,122.14368,28.88458,95,40.02,12.26
490500.0,3307500.0,122.9016,29.89812,95,53.22,2.89
499500.0,3348500.0,122.9948,30.26816,95,88.63,2.22
497500.0,3277500.0,122.97418,29.6274,95,142.74,1.57
393500.0,3337500.0,121.89398,30.16423,94,115.04,1.8
468500.0,3290500.0,122.67423,29.74433,94,74.32,6.3
454500.0,3283500.0,122.52974,29.68072,94,177.03,63.17
375500.0,3172500.0,121.7258,28.6737,94,19.28,4.46
442500.0,3289500.0,122.4054,29.73437,94,136.1,2.24
434500.0,3288500.0,122.32274,29.72495,94,103.59,21.36
408500.0,3306500.0,122.0524,29.88573,94,42.14,1.36
414500.0,3194500.0,122.12324,28.87543,94,160.62,54.02
501500.0,3351500.0,123.0156,30.29523,94,117.29,14.15
390500.0,3161500.0,121.88035,28.57579,94,60.02,7.64
414500.0,3275500.0,122.11699,29.60642,94,148.12,10.13
399500.0,3278500.0,121.96182,29.63237,94,160.99,13.15
446500.0,3328500.0,122.44482,30.0865,94,156.75,170.67
491500.0,3297500.0,122.91204,29.80788,94,35.66,18.1
447500.0,3287500.0,122.4572,29.71654,94,146.06,2.43
426500.0,3296500.0,122.23949,29.79669,94,116.17,4.06
400500.0,3147500.0,121.9838,28.45024,94,172.49,485.54
318500.0,3325500.0,121.11743,30.04712,94,168.34,15.65
354500.0,3264500.0,121.49894,29.50161,94,14.59,2.15
437500.0,3232500.0,122.35696,29.21972,94,61.89,11.7
436500.0,3322500.0,122.34141,30.03187,94,105.81,93.98
460500.0,3345500.0,122.58946,30.24044,94,120.0,16.86
418500.0,3202500.0,122.16368,28.94789,94,99.77,1.46
506500.0,3336500.0,123.0675,30.15985,94,76.88,161.85
400500.0,3176500.0,121.98128,28.71197,94,41.08,60.93
422500.0,3344500.0,122.19461,30.22959,94,143.39,9.82
498500.0,3350500.0,122.9844,30.28621,94,111.41,28.2
404500.0,3147500.0,122.02465,28.45054,94,48.62,7.67
445500.0,3288500.0,122.43648,29.72548,94,33.24,2.72
402500.0,3162500.0,122.00295,28.58577,94,79.42,15.57
429500.0,3275500.0,122.27189,29.60736,94,3.96,21.92
484500.0,3281500.0,122.83983,29.66341,93,82.71,1.88
462500.0,3330500.0,122.61078,30.10514,93,92.48,37.68
420500.0,3290500.0,122.17785,29.74218,93,122.78,5.6
439500.0,3306500.0,122.37343,29.88764,93,116.84,1.33
377500.0,3159500.0,121.74766,28.55658,93,68.26,19.78
366500.0,3154500.0,121.63581,28.51037,93,29.98,21.65
402500.0,3223500.0,121.99768,29.13628,93,100.86,30.8
393500.0,3227500.0,121.90479,29.17166,93,41.07,10.4
402500.0,3318500.0,121.98918,29.99354,93,176.52,1.39
431500.0,3213500.0,122.2964,29.04793,93,61.52,38.93
406500.0,3221500.0,122.03897,29.11854,93,141.4,20.67
437500.0,3223500.0,122.35746,29.13849,93,17.68,1.46
446500.0,3332500.0,122.44462,30.12259,93,56.63,7.95
462500.0,3348500.0,122.61014,30.26758,93,88.84,33.11
412500.0,3236500.0,122.09945,29.25433,93,89.1,1.68
381500.0,3169500.0,121.78751,28.64719,93,18.7,1.51
364500.0,3265500.0,121.60196,29.51175,93,1.91,13.95
320500.0,3324500.0,121.13833,30.0384,93,151.21,13.91
379500.0,3167500.0,121.76726,28.62896,93,75.27,56.28
452500.0,3251500.0,122.51047,29.39185,93,59.09,11.09
465500.0,3285500.0,122.64337,29.69913,93,130.63,12.37
504500.0,3347500.0,123.04678,30.25913,93,136.39,9.13
391500.0,3148500.0,121.8918,28.45855,93,173.71,3.71
399500.0,3264500.0,121.96311,29.50604,93,13.58,1.85
485500.0,3292500.0,122.85002,29.7627,93,58.25,39.26
380500.0,3211500.0,121.77284,29.02612,93,151.48,12.42
495500.0,3322500.0,122.95333,30.03351,93,77.35,6.82
364500.0,3263500.0,121.60221,29.49371,93,33.66,13.7
451500.0,3320500.0,122.49707,30.01451,93,41.36,10.44
436500.0,3293500.0,122.34313,29.77017,93,106.5,6.71
414500.0,3263500.0,122.11793,29.49813,92,76.19,66.56
431500.0,3337500.0,122.28859,30.16696,92,112.83,4.53
461500.0,3336500.0,122.60018,30.15926,92,94.59,6.11
463500.0,3334500.0,122.62102,30.14127,92,135.01,1.58
370500.0,3265500.0,121.66385,29.51239,92,71.13,4.98
430500.0,3331500.0,122.27859,30.11276,92,158.97,9.97
466500.0,3317500.0,122.6527,29.98794,92,127.34,9.71
385500.0,3152500.0,121.83013,28.49414,92,58.09,10.8
407500.0,3165500.0,122.05383,28.61321,92,87.95,13.82
429500.0,3209500.0,122.27611,29.01172,92,95.81,2.78
443500.0,3327500.0,122.41374,30.07734,92,2.14,4.35
363500.0,3151500.0,121.60552,28.48299,92,35.7,3.69
413500.0,3267500.0,122.1073,29.53416,92,89.71,51.38
425500.0,3295500.0,122.22921,29.78761,92,129.91,5.41
411500.0,3239500.0,122.08892,29.28134,92,74.64,9.55
384500.0,3161500.0,121.81901,28.57527,92,10.94,2.99
439500.0,3327500.0,122.37224,30.07715,92,74.02,63.62
467500.0,3299500.0,122.66362,29.82553,92,158.25,3.36
412500.0,3237500.0,122.09937,29.26336,92,64.84,4.26
479500.0,3286500.0,122.78807,29.70846,92,35.31,59.29
376500.0,3170500.0,121.73625,28.65575,92,37.18,2.0
383500.0,3339500.0,121.78993,30.18136,92,90.26,14.79
416500.0,3212500.0,122.14241,29.03801,92,87.45,1.36
400500.0,3282500.0,121.97178,29.66854,92,167.77,8.35
500500.0,3341500.0,123.00519,30.20499,92,78.81,111.88
443500.0,3177500.0,122.42146,28.72359,92,56.9,35.25
431500.0,3340500.0,122.28839,30.19403,92,149.33,10.73
444500.0,3340500.0,122.42343,30.1947,92,167.03,2.14
462500.0,3349500.0,122.6101,30.2766,92,94.71,7.76
507500.0,3319500.0,123.07777,30.00643,92,37.63,1.2
468500.0,3272500.0,122.67475,29.58188,92,157.45,2.85
382500.0,3320500.0,121.78165,30.00983,92,91.87,3.55
406500.0,3297500.0,122.03248,29.80436,91,21.85,1.48
433500.0,3353500.0,122.30835,30.31145,91,45.63,2.51
413500.0,3265500.0,122.10746,29.51611,91,127.14,61.94
480500.0,3264500.0,122.7988,29.50993,91,77.85,14.21
500500.0,3302500.0,123.00518,29.85303,91,164.22,154.85
411500.0,3148500.0,122.09605,28.46006,91,50.1,3.99
391500.0,3226500.0,121.88432,29.16246,91,27.05,6.07
424500.0,3201500.0,122.22531,28.93923,91,61.83,2.87
441500.0,3284500.0,122.39533,29.6892,91,169.62,9.83
434500.0,3283500.0,122.32305,29.67983,91,16.46,1.27
434500.0,3310500.0,122.3214,29.92348,91,103.26,7.9
446500.0,3309500.0,122.44577,29.91504,91,102.86,2.4
420500.0,3304500.0,122.17682,29.86851,91,146.53,3.84
465500.0,3290500.0,122.64321,29.74425,91,41.07,7.56
487500.0,3298500.0,122.87063,29.81687,91,61.4,3.74
454500.0,3325500.0,122.52796,30.05975,91,158.68,88.04
417500.0,3192500.0,122.15415,28.85757,91,54.01,7.93
434500.0,3224500.0,122.32657,29.14736,91,67.06,2.59
452500.0,3299500.0,122.50837,29.82504,91,178.91,90.55
400500.0,3350500.0,121.96544,30.28212,91,23.49,5.41
471500.0,3286500.0,122.70536,29.7083,91,13.44,32.13
447500.0,3248500.0,122.45908,29.36457,91,141.59,69.2
446500.0,3247500.0,122.44883,29.35551,91,58.3,6.25
434500.0,3286500.0,122.32286,29.7069,91,96.64,12.14
474500.0,3280500.0,122.73652,29.65422,91,11.57,5.09
424500.0,3294500.0,122.21893,29.77852,91,59.88,4.62
466500.0,3273500.0,122.65407,29.59085,91,60.62,6.95
477500.0,3260500.0,122.76793,29.47377,91,82.41,31.16
479500.0,3280500.0,122.78818,29.65431,91,27.35,2.98
426500.0,3216500.0,122.24485,29.07473,91,37.47,72.42
445500.0,3239500.0,122.43892,29.28326,91,55.51,4.52
435500.0,3287500.0,122.33314,29.71598,91,77.05,6.04
511500.0,3345500.0,123.11953,30.24103,91,13.22,3.09
393500.0,3158500.0,121.9113,28.54896,91,22.25,3.42
394500.0,3211500.0,121.91659,29.02735,91,2.93,3.12
423500.0,3235500.0,122.21272,29.24602,91,22.26,5.75
446500.0,3295500.0,122.44647,29.7887,91,178.42,3.21
519500.0,3287500.0,123.20161,29.7175,91,116.27,4.46
402500.0,3317500.0,121.98927,29.98452,90,167.6,1.24
404500.0,3168500.0,122.0229,28.64007,90,82.42,47.94
378500.0,3271500.0,121.74571,29.56733,90,42.33,30.47
399500.0,3341500.0,121.9559,30.20083,90,128.19,11.96
413500.0,3264500.0,122.10754,29.50708,90,87.04,82.16
411500.0,3344500.0,122.08031,30.22883,90,33.84,1.56
466500.0,3274500.0,122.65404,29.59988,90,41.49,6.74
401500.0,3179500.0,121.99126,28.73912,90,60.99,76.96
410500.0,3315500.0,122.07236,29.96708,90,2.96,6.07
464500.0,3270500.0,122.63352,29.56372,90,77.5,95.39
456500.0,3291500.0,122.55009,29.75299,90,90.87,2.89
400500.0,3285500.0,121.97151,29.69561,90,24.78,8.41
443500.0,3284500.0,122.41601,29.68929,90,4.76,4.8
485500.0,3298500.0,122.84993,29.81684,90,75.98,3.3
419500.0,3305500.0,122.16639,29.87747,90,156.58,2.75
415500.0,3188500.0,122.13395,28.82134,90,52.85,5.85
420500.0,3345500.0,122.17375,30.23848,90,170.63,2.99
395500.0,3284500.0,121.91993,29.68618,90,1.08,13.61
428500.0,3212500.0,122.26565,29.03874,90,17.73,94.0
466500.0,3301500.0,122.65321,29.84355,90,148.0,8.52
496500.0,3332500.0,122.96367,30.12376,90,108.62,4.62
492500.0,3320500.0,122.92223,30.01545,90,162.16,553.04
424500.0,3211500.0,122.22464,29.02948,90,59.99,11.09
477500.0,3283500.0,122.76745,29.68135,90,176.91,2.6
500500.0,3353500.0,123.0052,30.31328,90,49.05,15.62
415500.0,3186500.0,122.1341,28.80329,90,152.18,261.44
498500.0,3321500.0,122.98444,30.0245,90,67.78,2.07
494500.0,3322500.0,122.94296,30.03351,90,114.73,8.91
430500.0,3350500.0,122.27734,30.28421,90,33.2,8.59
396500.0,3343500.0,121.92455,30.21862,90,50.64,61.03
504500.0,3144500.0,123.04595,28.42695,90,66.09,1368.36
409500.0,3306500.0,122.06276,29.8858,89,178.69,1.07
465500.0,3322500.0,122.64218,30.03304,89,131.66,4.93
392500.0,3282500.0,121.88912,29.66787,89,41.73,3.48
421500.0,3314500.0,122.18644,29.95881,89,71.18,3.01
479500.0,3294500.0,122.78791,29.78066,89,62.51,2.64
436500.0,3200500.0,122.34849,28.93086,89,68.6,8.99
416500.0,3189500.0,122.14412,28.83043,89,158.68,29.02
407500.0,3224500.0,122.04899,29.14568,89,1.38,17.05
464500.0,3307500.0,122.6323,29.89764,89,65.37,5.83
419500.0,3195500.0,122.17444,28.88478,89,74.96,2.04
389500.0,3159500.0,121.87032,28.55766,89,50.79,14.85
485500.0,3282500.0,122.85015,29.67245,89,142.5,1.82
401500.0,3346500.0,121.97621,30.24611,89,146.81,13.58
401500.0,3270500.0,121.9832,29.56034,89,132.56,1.78
357500.0,3302500.0,121.52489,29.84479,89,22.51,9.97
406500.0,3161500.0,122.04393,28.57704,89,22.04,7.47
437500.0,3229500.0,122.35713,29.19264,89,60.79,6.15
467500.0,3300500.0,122.66359,29.83455,89,113.32,1.99
447500.0,3291500.0,122.45701,29.75264,89,55.49,4.68
368500.0,3142500.0,121.65761,28.40229,89,130.07,1.53
380500.0,3166500.0,121.77759,28.62003,89,74.76,104.23
491500.0,3317500.0,122.91188,29.98837,89,161.9,262.47
411500.0,3183500.0,122.09334,28.77595,89,63.14,2.12
429500.0,3214500.0,122.27579,29.05685,89,27.62,2.66
419500.0,3290500.0,122.16751,29.74211,89,105.75,15.63
417500.0,3196500.0,122.15386,28.89367,89,18.43,7.9
399500.0,3348500.0,121.95524,30.26399,89,74.81,5.28
387500.0,3324500.0,121.83306,30.0464,89,33.07,2.73
441500.0,3236500.0,122.3979,29.25601,89,148.27,29.71
457500.0,3257500.0,122.56176,29.44618,89,69.02,6.86
463500.0,3308500.0,122.62191,29.90664,89,4.75,976.81
390500.0,3149500.0,121.88149,28.46749,89,179.83,1.74
404500.0,3146500.0,122.02473,28.44152,89,70.32,7.11
424500.0,3204500.0,122.22511,28.96631,89,149.4,159.47
474500.0,3203500.0,122.7383,28.95926,89,62.45,214.87
503500.0,3340500.0,123.03636,30.19596,89,57.87,5.53
394500.0,3151500.0,121.92216,28.48587,89,72.08,9.33
393500.0,3154500.0,121.91167,28.51286,89,91.09,3.42
416500.0,3242500.0,122.14016,29.30875,89,42.3,31.64
423500.0,3275500.0,122.20993,29.607,89,18.88,4.66
441500.0,3328500.0,122.39293,30.08627,89,54.63,7.4
499500.0,3352500.0,122.9948,30.30425,89,110.73,3.38
497500.0,3353500.0,122.974,30.31328,89,26.87,114.38
495500.0,3318500.0,122.95334,29.99742,89,74.39,10.22
472500.0,3281500.0,122.71583,29.6632,88,18.34,8.01
479500.0,3299500.0,122.78782,29.82578,88,164.14,10.03
462500.0,3334500.0,122.61064,30.14124,88,81.47,5.42
353500.0,3263500.0,121.48876,29.49247,88,31.91,14.84
432500.0,3338500.0,122.29891,30.17604,88,128.82,2.36
487500.0,3290500.0,122.87073,29.74467,88,44.71,7.31
405500.0,3155500.0,122.0342,28.52282,88,92.74,2.85
426500.0,3303500.0,122.23901,29.85986,88,146.87,2.26
491500.0,3298500.0,122.91203,29.8169,88,163.8,864.13
374500.0,3150500.0,121.71798,28.47507,88,71.42,5.69
425500.0,3347500.0,122.22557,30.25684,88,88.1,10.83
462500.0,3321500.0,122.6111,30.02392,88,178.49,2.81
387500.0,3157500.0,121.85007,28.53943,88,53.1,3.66
387500.0,3281500.0,121.83757,29.65841,88,39.52,2.23
451500.0,3299500.0,122.49802,29.825,88,21.97,1.86
436500.0,3308500.0,122.34224,29.90554,88,132.85,47.7
468500.0,3299500.0,122.67397,29.82555,88,151.57,6.81
489500.0,3301500.0,122.8913,29.84396,88,67.05,7.66
464500.0,3321500.0,122.63184,30.02398,88,62.67,6.06
381500.0,3172500.0,121.7872,28.67427,88,22.57,5.28
383500.0,3333500.0,121.79059,30.12722,88,7.9,460.85
466500.0,3288500.0,122.65361,29.72623,88,62.87,9.7
464500.0,3284500.0,122.63306,29.69007,88,167.2,4.42
482500.0,3284500.0,122.81911,29.69046,88,40.67,1.5
489500.0,3300500.0,122.89131,29.83494,88,60.07,27.53
425500.0,3341500.0,122.22599,30.2027,88,130.02,10.01
372500.0,3162500.0,121.69622,28.58317,88,95.21,17.86
467500.0,3197500.0,122.66663,28.90494,88,65.84,108.64
411500.0,3189500.0,122.09288,28.8301,88,63.92,4.91
445500.0,3290500.0,122.43638,29.74353,88,90.65,6.73
484500.0,3299500.0,122.83957,29.82586,88,28.62,5.36
429500.0,3258500.0,122.27299,29.45394,88,60.04,3.24
433500.0,3192500.0,122.31818,28.8585,88,36.1,2.02
468500.0,3276500.0,122.67464,29.61798,88,42.96,5.51
392500.0,3166500.0,121.90033,28.62108,88,64.19,3.15
303500.0,3315500.0,120.96377,29.95461,87,75.6,92.86
380500.0,3342500.0,121.75844,30.20813,87,39.53,3.23
445500.0,3240500.0,122.43887,29.29229,87,43.19,11.36
486500.0,3295500.0,122.86032,29.78978,87,69.3,77.22
494500.0,3325500.0,122.94294,30.06058,87,160.9,248.31
414500.0,3192500.0,122.1234,28.85738,87,99.61,1.52
406500.0,3162500.0,122.04385,28.58607,87,43.46,15.55
406500.0,3160500.0,122.04401,28.56802,87,169.84,159.6
430500.0,3210500.0,122.28631,29.0208,87,42.61,3.97
452500.0,3257500.0,122.51021,29.446,87,147.11,285.0
412500.0,3254500.0,122.09802,29.41677,87,93.32,31.04
446500.0,3310500.0,122.44572,29.92406,87,77.55,1.77
366500.0,3153500.0,121.63593,28.50135,87,8.14,6.44
404500.0,3169500.0,122.02281,28.6491,87,80.35,64.57
379500.0,3189500.0,121.76493,28.82749,87,147.01,8.95
374500.0,3268500.0,121.70477,29.53987,87,18.61,8.76
444500.0,3298500.0,122.42562,29.81568,87,168.05,11.08
464500.0,3289500.0,122.6329,29.7352,87,128.17,16.74
399500.0,3282500.0,121.96145,29.66846,87,179.37,20.36
432500.0,3219500.0,122.30631,29.10213,87,27.69,2.76
481500.0,3291500.0,122.80866,29.75362,87,41.78,10.43
463500.0,3329500.0,122.62119,30.09615,87,100.07,6.37
503500.0,3347500.0,123.03638,30.25913,87,93.82,2.7
406500.0,3296500.0,122.03256,29.79534,87,61.37,3.94
402500.0,3178500.0,122.00158,28.73017,87,55.94,56.37
409500.0,3180500.0,122.0731,28.74873,87,47.28,10.56
489500.0,3297500.0,122.89134,29.80786,87,48.73,9.02
497500.0,3335500.0,122.97404,30.15084,87,69.89,10.82
369500.0,3150500.0,121.66692,28.47458,87,105.69,6.18
467500.0,3283500.0,122.6641,29.68113,87,149.47,2.11
366500.0,3165500.0,121.63453,28.60964,87,133.54,1.83
395500.0,3156500.0,121.93192,28.53108,87,50.91,3.53
356500.0,3255500.0,121.52075,29.42064,86,57.48,2.35
462500.0,3322500.0,122.61106,30.03295,86,22.98,1.35
518500.0,3289500.0,123.19131,29.73557,86,132.77,2.73
435500.0,3324500.0,122.33092,30.04987,86,113.77,80.46
416500.0,3187500.0,122.14427,28.81238,86,165.8,23.74
405500.0,3222500.0,122.0286,29.12749,86,140.54,6.09
409500.0,3277500.0,122.06519,29.62411,86,147.2,13.78
378500.0,3172500.0,121.7565,28.67399,86,159.18,11.6
443500.0,3315500.0,122.41438,29.96905,86,12.46,20.6
403500.0,3281500.0,122.00287,29.65976,86,155.82,26.99
392500.0,3335500.0,121.8838,30.1461,86,121.54,1.93
417500.0,3331500.0,122.14367,30.11195,86,33.9,2.25
401500.0,3148500.0,121.99392,28.45934,86,171.09,329.06
371500.0,3160500.0,121.68622,28.56502,86,31.78,3.26
379500.0,3273500.0,121.75581,29.58547,86,53.55,4.21
422500.0,3198500.0,122.205,28.91204,86,119.6,1.7
424500.0,3202500.0,122.22524,28.94826,86,73.47,3.76
427500.0,3213500.0,122.25532,29.04771,86,117.92,1.62
427500.0,3275500.0,122.25124,29.60724,86,20.56,2.11
382500.0,3209500.0,121.79359,29.00825,86,148.56,154.69
401500.0,3227500.0,121.98705,29.1723,86,106.07,14.12
385500.0,3346500.0,121.80994,30.2447,86,112.47,18.17
447500.0,3246500.0,122.45918,29.34652,86,61.93,19.51
489500.0,3294500.0,122.89137,29.78079,86,52.62,8.18
438500.0,3332500.0,122.36157,30.12222,86,158.75,23.16
461500.0,3199500.0,122.60502,28.92283,86,72.83,172.03
475500.0,3286500.0,122.74671,29.70839,86,164.65,4.06
466500.0,3292500.0,122.65349,29.76233,86,124.6,2.74
372500.0,3214500.0,121.69036,29.05241,86,178.96,18.31
479500.0,3257500.0,122.78861,29.44673,86,159.18,285.59
489500.0,3321500.0,122.89111,30.02445,86,78.47,5.01
497500.0,3343500.0,122.97402,30.22303,86,94.87,23.63
508500.0,3289500.0,123.0879,29.73568,86,81.76,8.17
414500.0,3264500.0,122.11785,29.50715,85,80.85,5.95
493500.0,3310500.0,122.93266,29.92521,85,79.83,16.78
306500.0,3316500.0,120.99466,29.96411,85,124.05,186.32
410500.0,3276500.0,122.0756,29.61516,85,24.88,154.4
444500.0,3299500.0,122.42557,29.82471,85,3.25,27.25
484500.0,3286500.0,122.83976,29.70853,85,51.42,4.36
462500.0,3273500.0,122.61277,29.59074,85,60.22,1.74
411500.0,3210500.0,122.09122,29.01962,85,76.74,9.99
438500.0,3302500.0,122.3633,29.85149,85,119.51,125.51
378500.0,3214500.0,121.75198,29.053,85,62.95,4.82
402500.0,3265500.0,121.99397,29.5153,85,7.08,40.13
413500.0,3268500.0,122.10722,29.54318,85,88.83,95.14
400500.0,3324500.0,121.96789,30.04752,85,36.42,1.48
395500.0,3339500.0,121.91455,30.18245,85,64.55,12.15
414500.0,3255500.0,122.11856,29.42593,85,88.48,13.7
403500.0,3143500.0,122.01477,28.41437,85,52.64,9.39
434500.0,3334500.0,122.31993,30.14006,85,116.32,13.96
354500.0,3311500.0,121.49262,29.92563,85,149.14,1.36
425500.0,3306500.0,122.22845,29.88687,85,64.41,2.38
464500.0,3295500.0,122.6327,29.78935,85,112.82,1.65
383500.0,3148500.0,121.8101,28.45786,85,68.17,19.34
414500.0,3230500.0,122.12049,29.20032,85,108.96,6.08
503500.0,3282500.0,123.03617,29.67253,85,35.58,5.76
402500.0,3227500.0,121.99733,29.17238,85,110.88,6.51
390500.0,3224500.0,121.87424,29.14433,85,85.95,3.43
436500.0,3299500.0,122.34277,29.82432,85,75.55,22.77
396500.0,3170500.0,121.94088,28.65751,85,56.57,31.34
383500.0,3338500.0,121.79004,30.17233,85,94.03,50.95
488500.0,3290500.0,122.88107,29.74468,85,53.06,6.18
355500.0,3310500.0,121.50311,29.91673,85,12.47,1.15
405500.0,3146500.0,122.03494,28.44159,85,42.84,14.06
354500.0,3298500.0,121.49438,29.80835,85,96.4,3.39
374500.0,3169500.0,121.7159,28.64653,85,147.2,5.19
387500.0,3176500.0,121.8482,28.7109,85,30.13,5.96
494500.0,3321500.0,122.94296,30.02449,85,132.94,52.19
485500.0,3271500.0,122.8503,29.57317,85,110.44,29.95
462500.0,3329500.0,122.61081,30.09612,85,92.63,4.81
434500.0,3353500.0,122.31875,30.31151,85,35.99,46.95
411500.0,3247500.0,122.08828,29.35353,85,118.52,3.88
365500.0,3164500.0,121.62442,28.60051,85,74.31,1.38
430500.0,3191500.0,122.28749,28.84932,85,170.17,5.97
423500.0,3197500.0,122.21532,28.90307,85,68.52,10.86
442500.0,3287500.0,122.40551,29.71632,85,166.03,6.49
403500.0,3284500.0,122.0026,29.68683,84,26.21,6.14
480500.0,3290500.0,122.79833,29.74458,84,40.0,9.5
476500.0,3282500.0,122.75714,29.67231,84,164.69,2.14
425500.0,3343500.0,122.22585,30.22075,84,28.13,19.22
508500.0,3346500.0,123.08835,30.25008,84,28.09,3.52
406500.0,3158500.0,122.04418,28.54996,84,60.33,22.9
433500.0,3225500.0,122.31623,29.15634,84,28.54,11.29
417500.0,3346500.0,122.1425,30.2473,84,154.94,2.38
409500.0,3280500.0,122.06494,29.65118,84,113.07,16.78
486500.0,3289500.0,122.8604,29.73563,84,67.41,6.37
474500.0,3283500.0,122.73645,29.68129,84,12.53,8.83
368500.0,3265500.0,121.64322,29.51218,84,50.15,2.44
462500.0,3318500.0,122.6112,29.99685,84,119.14,8.82
421500.0,3215500.0,122.19355,29.0654,84,22.54,2.26
408500.0,3284500.0,122.05427,29.68721,84,91.42,2.36
454500.0,3258500.0,122.53079,29.4551,84,61.37,5.51
400500.0,3148500.0,121.98371,28.45927,84,79.65,7.57
434500.0,3276500.0,122.32347,29.61666,84,6.67,77.95
463500.0,3305500.0,122.62201,29.87956,84,94.61,11.0
446500.0,3248500.0,122.44878,29.36453,84,53.95,22.9
438500.0,3276500.0,122.36478,29.61686,84,177.04,2.81
481500.0,3292500.0,122.80864,29.76264,84,139.58,53.44
498500.0,3333500.0,122.98443,30.13279,84,62.6,15.98
490500.0,3290500.0,122.90175,29.74469,84,103.96,3.08
487500.0,3302500.0,122.87059,29.85297,84,53.02,3.54
407500.0,3162500.0,122.05407,28.58614,84,49.99,11.71
422500.0,3298500.0,122.19796,29.8145,84,167.06,1.42
379500.0,3164500.0,121.76758,28.60189,84,72.28,91.12
466500.0,3195500.0,122.65643,28.88687,84,66.51,570.7
473500.0,3202500.0,122.72806,28.95021,84,58.01,82.93
480500.0,3286500.0,122.7984,29.70848,84,26.91,8.22
499500.0,3334500.0,122.99481,30.14182,84,71.46,23.89
499500.0,3336500.0,122.99481,30.15987,84,77.66,34.58
503500.0,3208500.0,123.03594,29.00464,84,107.92,6.31
511500.0,3338500.0,123.11945,30.17786,84,67.53,2.33
513500.0,3307500.0,123.13983,29.89808,84,96.0,2.01
513500.0,3328500.0,123.1401,30.0876,84,162.0,366.62
393500.0,3155500.0,121.91158,28.52189,84,92.78,2.17
388500.0,3346500.0,121.84111,30.24498,84,102.72,29.91
517500.0,3298500.0,123.18111,29.81681,84,51.23,4.98
507500.0,3351500.0,123.07799,30.29521,84,46.19,35.18
402500.0,3283500.0,121.99236,29.67772,83,7.7,8.16
391500.0,3343500.0,121.8726,30.21819,83,122.0,190.09
394500.0,3335500.0,121.90457,30.14627,83,145.41,2.49
412500.0,3224500.0,122.10039,29.14604,83,119.35,3.77
491500.0,3315500.0,122.9119,29.97032,83,57.85,9.76
464500.0,3323500.0,122.63177,30.04203,83,138.53,1.84
385500.0,3340500.0,121.81059,30.19057,83,134.23,1.07
391500.0,3220500.0,121.88491,29.10832,83,68.73,11.25
441500.0,3229500.0,122.39827,29.19283,83,66.95,10.26
460500.0,3281500.0,122.59183,29.66288,83,0.34,11.33
392500.0,3338500.0,121.8835,30.17316,83,125.85,1.48
412500.0,3253500.0,122.0981,29.40775,83,90.53,43.18
429500.0,3349500.0,122.26701,30.27513,83,36.94,8.81
358500.0,3264500.0,121.5402,29.50206,83,6.99,11.41
411500.0,3188500.0,122.09295,28.82107,83,63.79,7.48
455500.0,3280500.0,122.5402,29.65368,83,139.94,3.75
386500.0,3338500.0,121.82119,30.17262,83,42.3,21.25
444500.0,3244500.0,122.42837,29.32835,83,56.43,16.67
417500.0,3273500.0,122.14812,29.58857,83,179.23,19.63
396500.0,3285500.0,121.93016,29.69529,83,15.98,11.03
407500.0,3199500.0,122.05106,28.92006,83,74.04,11.24
377500.0,3170500.0,121.74648,28.65585,83,31.84,1.57
428500.0,3149500.0,122.26962,28.47013,83,148.41,2753.18
432500.0,3284500.0,122.30231,29.68874,83,134.6,25.24
493500.0,3308500.0,122.93267,29.90716,83,54.34,4.09
329500.0,3181500.0,121.25382,28.74966,83,53.79,5.92
398500.0,3205500.0,121.9582,28.97353,83,74.7,26.49
435500.0,3285500.0,122.33326,29.69793,83,103.67,3.84
372500.0,3161500.0,121.69633,28.57415,83,82.3,3.08
486500.0,3294500.0,122.86033,29.78076,83,62.95,67.63
430500.0,3334500.0,122.2784,30.13983,83,146.48,1.55
533500.0,3337500.0,123.34793,30.16843,83,66.24,7.74
379500.0,3148500.0,121.76926,28.4575,83,81.42,1.5
512500.0,3348500.0,123.12995,30.26809,83,79.78,3.77
402500.0,3327500.0,121.98836,30.07475,82,72.29,8.04
514500.0,3284500.0,123.14988,29.6905,82,60.35,4.64
463500.0,3310500.0,122.62184,29.92469,82,4.55,842.79
508500.0,3348500.0,123.08837,30.26813,82,40.19,5.33
408500.0,3182500.0,122.06269,28.76671,82,149.34,206.56
386500.0,3157500.0,121.83985,28.53935,82,148.39,1.29
407500.0,3164500.0,122.05391,28.60419,82,53.7,3.83
405500.0,3156500.0,122.03412,28.53184,82,76.66,10.39
409500.0,3351500.0,122.05892,30.29185,82,82.1,1.21
378500.0,3353500.0,121.73639,30.30718,82,71.71,2.13
464500.0,3327500.0,122.63164,30.07813,82,152.09,34.75
511500.0,3217500.0,123.11817,29.08582,82,72.95,14.38
379500.0,3210500.0,121.76268,29.017,82,149.22,5.6
391500.0,3162500.0,121.89048,28.5849,82,58.68,74.63
404500.0,3171500.0,122.02265,28.66715,82,79.18,6.74
419500.0,3202500.0,122.17394,28.94795,82,83.97,21.34
466500.0,3305500.0,122.65308,29.87965,82,96.8,11.39
493500.0,3300500.0,122.93272,29.83496,82,56.07,3.35
383500.0,3155500.0,121.80939,28.52103,82,14.0,3.47
374500.0,3211500.0,121.71124,29.02554,82,139.42,1.25
386500.0,3281500.0,121.82724,29.65832,82,16.12,3.56
450500.0,3299500.0,122.48767,29.82496,82,23.52,2.14
439500.0,3234500.0,122.37743,29.23786,82,66.16,38.37
455500.0,3253500.0,122.5413,29.41001,82,55.14,5.52
483500.0,3285500.0,122.82943,29.6995,82,5.62,1.44
394500.0,3339500.0,121.90417,30.18236,82,95.44,4.19
473500.0,3279500.0,122.72621,29.64517,82,38.22,1.76
438500.0,3230500.0,122.36736,29.20172,82,60.68,31.2
468500.0,3226500.0,122.67607,29.16672,82,75.98,177.8
389500.0,3151500.0,121.87109,28.48546,82,82.54,1.61
393500.0,3338500.0,121.89388,30.17325,82,44.25,1.88
444500.0,3326500.0,122.42417,30.06836,82,175.62,5.73
442500.0,3339500.0,122.40271,30.18558,82,66.38,93.24
462500.0,3286500.0,122.61232,29.70806,82,63.6,1.57
434500.0,3281500.0,122.32317,29.66178,82,4.38,3.46
454500.0,3261500.0,122.53066,29.48217,82,57.11,6.86
489500.0,3307500.0,122.89124,29.89811,82,54.41,5.77
533500.0,3338500.0,123.34796,30.17745,82,12.11,36.5
390500.0,3217500.0,121.87493,29.08116,82,81.1,8.14
410500.0,3246500.0,122.07806,29.34444,82,114.33,17.17
425500.0,3193500.0,122.2361,28.86709,82,0.62,1.69
496500.0,3305500.0,122.96375,29.8801,82,90.98,10.37
405500.0,3343500.0,122.01805,30.21936,81,157.32,40.97
481500.0,3280500.0,122.80885,29.65434,81,31.36,5.38
463500.0,3331500.0,122.62112,30.1142,81,97.19,14.69
391500.0,3221500.0,121.88481,29.11734,81,94.48,5.81
385500.0,3352500.0,121.80929,30.29884,81,104.83,1.47
410500.0,3180500.0,122.08334,28.7488,81,56.16,4.58
410500.0,3186500.0,122.08286,28.80295,81,55.98,51.62
413500.0,3247500.0,122.10888,29.35367,81,90.8,16.29
462500.0,3317500.0,122.61124,29.98783,81,74.46,2.38
490500.0,3299500.0,122.90167,29.82592,81,58.0,9.87
399500.0,3347500.0,121.95533,30.25497,81,125.7,85.24
413500.0,3237500.0,122.10966,29.26343,81,86.69,11.71
406500.0,3284500.0,122.0336,29.68706,81,91.83,17.12
416500.0,3346500.0,122.1321,30.24723,81,150.41,2.62
463500.0,3324500.0,122.62136,30.05103,81,20.55,1.56
416500.0,3197500.0,122.14353,28.90263,81,88.09,1.56
372500.0,3172500.0,121.69511,28.67341,81,68.9,1.75
404500.0,3238500.0,122.01695,29.2718,81,90.29,253.76
413500.0,3231500.0,122.11013,29.20928,81,143.75,2.03
485500.0,3288500.0,122.85007,29.7266,81,48.9,6.0
464500.0,3325500.0,122.6317,30.06008,81,47.53,13.12
418500.0,3192500.0,122.1644,28.85764,81,23.44,2.5
468500.0,3225500.0,122.6761,29.15769,81,76.64,49.98
493500.0,3306500.0,122.93268,29.88911,81,160.8,311.31
446500.0,3308500.0,122.44582,29.90601,81,117.62,6.95
412500.0,3260500.0,122.09754,29.47092,81,173.47,287.9
442500.0,3284500.0,122.40567,29.68925,81,158.05,9.15
474500.0,3259500.0,122.73701,29.46469,81,171.1,374.55
405500.0,3154500.0,122.03428,28.51379,81,106.84,4.92
471500.0,3250500.0,122.7063,29.3834,81,72.54,53.15
407500.0,3167500.0,122.05367,28.63126,81,87.9,11.09
510500.0,3255500.0,123.10825,29.42881,81,80.26,18.25
540500.0,3284500.0,123.41862,29.68992,81,64.0,6.75
432500.0,3193500.0,122.30787,28.86748,81,136.93,1.15
417500.0,3242500.0,122.15046,29.30882,81,38.67,43.12
469500.0,3273500.0,122.68505,29.59093,81,98.32,1.52
505500.0,3346500.0,123.05717,30.2501,81,142.91,2.54
315500.0,3325500.0,121.08633,30.04667,80,14.57,49.99
404500.0,3284500.0,122.01293,29.6869,80,33.47,14.16
452500.0,3255500.0,122.51029,29.42795,80,43.7,19.67
479500.0,3263500.0,122.7885,29.50088,80,78.11,56.31
464500.0,3322500.0,122.6318,30.03301,80,114.8,3.08
368500.0,3177500.0,121.6536,28.71813,80,30.74,2.05
465500.0,3289500.0,122.64324,29.73522,80,137.02,11.34
294500.0,3322500.0,120.86921,30.01627,80,114.3,8.67
426500.0,3205500.0,122.24557,28.97545,80,148.15,330.86
403500.0,3275500.0,122.0034,29.60561,80,55.37,112.99
408500.0,3175500.0,122.06326,28.70354,80,31.88,4.23
409500.0,3186500.0,122.07262,28.80288,80,62.81,4.09
445500.0,3245500.0,122.43862,29.33741,80,68.93,33.08
442500.0,3241500.0,122.40793,29.30118,80,80.84,2.73
454500.0,3299500.0,122.52907,29.82512,80,0.69,3.29
461500.0,3334500.0,122.60025,30.14121,80,89.53,20.92
435500.0,3276500.0,122.3338,29.61671,80,45.75,6.33
460500.0,3286500.0,122.59164,29.708,80,18.58,2.19
463500.0,3327500.0,122.62126,30.0781,80,98.86,119.12
415500.0,3244500.0,122.12971,29.32673,80,63.68,4.81
417500.0,3198500.0,122.15371,28.91172,80,59.54,20.51
478500.0,3267500.0,122.7781,29.53697,80,160.47,446.36
486500.0,3283500.0,122.86047,29.68148,80,33.36,9.91
382500.0,3177500.0,121.79692,28.71948,80,117.19,1.16
432500.0,3353500.0,122.29795,30.3114,80,44.98,4.71
503500.0,3346500.0,123.03638,30.2501,80,90.06,11.11
481500.0,3284500.0,122.80878,29.69044,80,37.27,6.77
506500.0,3319500.0,123.0674,30.00643,80,0.82,25.1
430500.0,3338500.0,122.27813,30.17593,80,126.57,6.37
432500.0,3330500.0,122.29942,30.10385,80,113.97,12.4
498500.0,3322500.0,122.98444,30.03352,80,47.11,3.67
520500.0,3297500.0,123.21214,29.80773,80,116.92,13.52
375500.0,3145500.0,121.72873,28.43005,80,34.52,37.74
388500.0,3225500.0,121.85358,29.15318,80,12.97,113.05
418500.0,3244500.0,122.1606,29.32693,80,52.96,11.87
444500.0,3291500.0,122.42598,29.75251,80,110.32,2.5
391500.0,3177500.0,121.88905,28.72027,80,72.23,10.76
455500.0,3334500.0,122.53796,30.141,80,98.82,1.31
516500.0,3159500.0,123.1687,28.56225,80,81.08,835.46
391500.0,3342500.0,121.8727,30.20917,79,127.6,5.58
440500.0,3281500.0,122.38516,29.66208,79,94.98,2.2
488500.0,3304500.0,122.88092,29.87103,79,36.92,1.86
497500.0,3337500.0,122.97404,30.16889,79,168.79,364.97
416500.0,3347500.0,122.13202,30.25626,79,130.52,2.03
462500.0,3323500.0,122.61103,30.04197,79,48.05,11.12
378500.0,3146500.0,121.75926,28.43935,79,81.44,2.72
387500.0,3352500.0,121.83008,30.29902,79,99.67,4.01
407500.0,3166500.0,122.05375,28.62224,79,87.87,8.15
376500.0,3174500.0,121.73582,28.69185,79,96.53,2.07
391500.0,3338500.0,121.87311,30.17307,79,142.79,21.53
434500.0,3227500.0,122.32639,29.17444,79,45.83,2.88
434500.0,3328500.0,122.3203,30.08591,79,109.58,27.91
463500.0,3316500.0,122.62164,29.97883,79,134.97,67.92
485500.0,3297500.0,122.84995,29.80782,79,66.78,4.09
401500.0,3154500.0,121.99341,28.51349,79,131.4,8.33
403500.0,3322500.0,121.99918,30.02972,79,62.06,10.96
408500.0,3198500.0,122.0614,28.91111,79,67.14,36.26
374500.0,3147500.0,121.71831,28.448,79,67.56,7.54
395500.0,3157500.0,121.93183,28.5401,79,33.21,1.33
461500.0,3309500.0,122.60116,29.9156,79,91.01,13.7
491500.0,3300500.0,122.91201,29.83495,79,75.0,4.01
365500.0,3162500.0,121.62466,28.58246,79,136.34,9.95
372500.0,3167500.0,121.69566,28.62829,79,141.29,2.14
395500.0,3283500.0,121.92002,29.67715,79,12.04,8.82
446500.0,3281500.0,122.44716,29.66235,79,172.68,27.63
485500.0,3285500.0,122.85011,29.69952,79,10.96,16.04
495500.0,3329500.0,122.9533,30.09669,79,78.92,5.28
419500.0,3302500.0,122.16661,29.8504,79,53.5,1.5
485500.0,3294500.0,122.84999,29.78075,79,95.11,4.89
416500.0,3315500.0,122.13454,29.96751,79,176.71,4.09
418500.0,3201500.0,122.16375,28.93886,79,68.11,1.54
415500.0,3261500.0,122.1284,29.48015,79,93.35,6.46
498500.0,3351500.0,122.9844,30.29523,79,163.05,115.08
465500.0,3276500.0,122.64365,29.6179,79,103.22,13.34
497500.0,3342500.0,122.97402,30.21401,79,68.27,3.43
426500.0,3340500.0,122.23645,30.19374,79,158.74,1.65
499500.0,3330500.0,122.99481,30.10572,79,31.92,7.94
513500.0,3349500.0,123.14036,30.27711,79,13.43,19.51
412500.0,3229500.0,122.1,29.19116,79,88.16,5.4
460500.0,3309500.0,122.5908,29.91557,79,79.58,52.35
479500.0,3268500.0,122.78841,29.54601,79,68.1,21.67
379500.0,3147500.0,121.76936,28.44847,79,72.68,2.36
403500.0,3180500.0,122.01165,28.7483,79,54.98,25.13
413500.0,3235500.0,122.10982,29.24538,79,44.5,1.58
457500.0,3293500.0,122.56035,29.77107,79,9.79,3.42
403500.0,3345500.0,121.99709,30.23725,78,151.76,10.75
485500.0,3280500.0,122.85018,29.6544,78,121.52,8.92
488500.0,3305500.0,122.88091,29.88005,78,38.72,16.84
462500.0,3324500.0,122.61099,30.051,78,57.68,50.58
447500.0,3239500.0,122.45951,29.28335,78,44.98,24.91
463500.0,3330500.0,122.62116,30.10517,78,93.48,13.31
497500.0,3349500.0,122.97401,30.27718,78,87.11,1.54
372500.0,3142500.0,121.69844,28.40268,78,121.75,4.55
391500.0,3222500.0,121.88471,29.12637,78,154.4,3.69
410500.0,3181500.0,122.08326,28.75783,78,140.39,267.84
408500.0,3224500.0,122.05927,29.14575,78,1.72,7.33
453500.0,3319500.0,122.51785,30.00557,78,21.34,11.97
441500.0,3300500.0,122.39447,29.83359,78,151.89,17.71
434500.0,3329500.0,122.32024,30.09494,78,103.76,10.57
413500.0,3261500.0,122.10777,29.48001,78,86.47,20.29
471500.0,3242500.0,122.70651,29.3112,78,130.13,25.32
357500.0,3174500.0,121.54138,28.68989,78,168.25,6.87
388500.0,3347500.0,121.84101,30.25401,78,117.06,1.56
376500.0,3152500.0,121.73819,28.49331,78,71.23,5.15
374500.0,3174500.0,121.71535,28.69166,78,19.66,1.8
407500.0,3180500.0,122.05261,28.74859,78,55.63,15.57
413500.0,3185500.0,122.11368,28.79413,78,148.0,203.07
430500.0,3303500.0,122.28042,29.86009,78,111.89,18.88
433500.0,3296500.0,122.31191,29.79709,78,134.05,2.53
368500.0,3156500.0,121.65602,28.52863,78,59.46,6.44
421500.0,3204500.0,122.19432,28.96613,78,3.7,48.46
478500.0,3266500.0,122.77812,29.52794,78,84.93,6.9
465500.0,3271500.0,122.64381,29.57278,78,59.17,10.8
456500.0,3293500.0,122.55001,29.77104,78,59.26,1.84
463500.0,3328500.0,122.62123,30.08712,78,96.43,131.04
369500.0,3166500.0,121.6651,28.61897,78,125.03,6.96
405500.0,3148500.0,122.03478,28.45964,78,45.58,2.07
458500.0,3279500.0,122.57124,29.64476,78,122.69,3.84
480500.0,3279500.0,122.79853,29.6453,78,35.68,6.41
499500.0,3332500.0,122.99481,30.12377,78,52.49,2.38
391500.0,3351500.0,121.87177,30.29037,78,1.81,1.35
425500.0,3203500.0,122.23544,28.95734,78,147.49,341.9
444500.0,3289500.0,122.42609,29.73446,78,171.75,2.91
453500.0,3189500.0,122.52336,28.83231,78,152.03,683.67
457500.0,3256500.0,122.5618,29.43715,78,62.56,26.92
383500.0,3210500.0,121.80375,29.01737,78,169.06,20.99
437500.0,3282500.0,122.35411,29.67096,78,97.51,157.48
487500.0,3285500.0,122.87078,29.69954,78,43.44,31.03
495500.0,3309500.0,122.95338,29.91619,78,47.78,11.39
497500.0,3320500.0,122.97408,30.01547,78,42.97,11.63
389500.0,3225500.0,121.86386,29.15326,78,20.0,8.9
508500.0,3344500.0,123.08834,30.23203,78,123.24,2.62
448500.0,3335500.0,122.46523,30.14975,78,39.64,7.64
464500.0,3288500.0,122.63293,29.72617,78,146.14,3.16
510500.0,3280500.0,123.10849,29.65444,78,6.73,6.78
435500.0,3286500.0,122.3332,29.70695,78,108.23,8.49
398500.0,3350500.0,121.94465,30.28195,77,27.42,2.33
435500.0,3275500.0,122.33386,29.60768,77,35.31,5.55
367500.0,3193500.0,121.64149,28.86241,77,27.64,3.86
412500.0,3148500.0,122.10627,28.46013,77,68.02,4.57
487500.0,3289500.0,122.87074,29.73564,77,71.27,5.87
433500.0,3220500.0,122.31652,29.11121,77,63.99,8.74
316500.0,3325500.0,121.0967,30.04682,77,166.62,31.15
380500.0,3154500.0,121.77885,28.51174,77,30.02,1.61
388500.0,3277500.0,121.84831,29.62241,77,103.02,12.22
405500.0,3158500.0,122.03395,28.54989,77,78.64,5.61
433500.0,3335500.0,122.30948,30.14903,77,135.19,3.01
387500.0,3183500.0,121.84751,28.77407,77,46.2,24.89
357500.0,3301500.0,121.52502,29.83577,77,91.58,15.26
405500.0,3172500.0,122.0328,28.67625,77,83.58,35.84
414500.0,3183500.0,122.12407,28.77615,77,59.8,7.53
413500.0,3226500.0,122.11052,29.16415,77,64.23,1.36
447500.0,3277500.0,122.45769,29.6263,77,141.04,7.47
399500.0,3340500.0,121.956,30.19181,77,162.35,6.71
386500.0,3341500.0,121.82087,30.19969,77,57.52,1.52
465500.0,3288500.0,122.64327,29.7262,77,113.09,4.62
457500.0,3349500.0,122.55812,30.27644,77,84.1,3.5
396500.0,3171500.0,121.94079,28.66653,77,55.36,16.75
447500.0,3247500.0,122.45913,29.35555,77,59.3,15.82
420500.0,3204500.0,122.18406,28.96606,77,147.39,2.53
404500.0,3222500.0,122.01833,29.12741,77,135.81,19.75
461500.0,3272500.0,122.60248,29.58168,77,62.59,2.09
464500.0,3275500.0,122.63336,29.60885,77,58.32,68.28
402500.0,3176500.0,122.00175,28.71212,77,39.4,1.62
405500.0,3234500.0,122.02758,29.23578,77,55.47,5.3
410500.0,3343500.0,122.07,30.21974,77,30.71,23.19
479500.0,3269500.0,122.78839,29.55504,77,76.93,12.32
531500.0,3346500.0,123.32742,30.2497,77,89.86,162.76
395500.0,3159500.0,121.93165,28.55815,77,55.51,9.02
459500.0,3348500.0,122.57895,30.26748,77,19.02,9.07
385500.0,3353500.0,121.80918,30.30786,77,100.85,10.52
436500.0,3285500.0,122.3436,29.69798,77,67.38,1.81
501500.0,3353500.0,123.0156,30.31328,77,17.72,104.48
292500.0,3323500.0,120.84829,30.02495,76,156.87,16.2
392500.0,3342500.0,121.88309,30.20925,76,133.59,7.5
489500.0,3303500.0,122.89128,29.86201,76,56.1,4.85
400500.0,3144500.0,121.98406,28.42317,76,69.89,7.66
439500.0,3305500.0,122.37348,29.87862,76,72.21,4.91
389500.0,3222500.0,121.86416,29.12619,76,131.45,1.12
411500.0,3209500.0,122.0913,29.0106,76,85.89,3.38
409500.0,3282500.0,122.06477,29.66923,76,101.78,9.93
496500.0,3315500.0,122.96372,29.97035,76,179.35,3.77
488500.0,3301500.0,122.88095,29.84395,76,69.32,16.79
438500.0,3193500.0,122.36939,28.86778,76,57.21,2.16
441500.0,3208500.0,122.39937,29.0033,76,50.23,8.24
435500.0,3327500.0,122.33073,30.07694,76,113.01,53.1
463500.0,3267500.0,122.6233,29.53662,76,54.76,33.93
441500.0,3232500.0,122.39811,29.21991,76,63.42,6.97
459500.0,3321500.0,122.57998,30.02383,76,161.91,2.34
364500.0,3153500.0,121.6155,28.50114,76,33.38,2.68
386500.0,3154500.0,121.84015,28.51227,76,52.83,15.77
407500.0,3236500.0,122.04799,29.25398,76,48.88,120.91
457500.0,3263500.0,122.56153,29.50033,76,57.81,24.78
396500.0,3157500.0,121.94205,28.54018,76,90.03,6.01
390500.0,3177500.0,121.87881,28.72018,76,158.09,22.82
444500.0,3278500.0,122.42665,29.63519,76,35.16,4.3
418500.0,3273500.0,122.15845,29.58864,76,0.71,19.54
376500.0,3151500.0,121.7383,28.48429,76,179.18,12.99
367500.0,3228500.0,121.63735,29.17823,76,125.96,3.37
403500.0,3223500.0,122.00796,29.13636,76,140.58,46.79
294500.0,3321500.0,120.8694,30.00725,76,125.64,2.37
498500.0,3347500.0,122.98441,30.25913,76,102.06,2.29
354500.0,3297500.0,121.49452,29.79933,76,125.69,38.32
404500.0,3166500.0,122.02307,28.62202,76,77.76,11.48
443500.0,3309500.0,122.41469,29.9149,76,157.58,6.73
472500.0,3286500.0,122.7157,29.70833,76,12.32,8.47
438500.0,3164500.0,122.37096,28.60603,76,58.78,146.92
408500.0,3197500.0,122.06148,28.90209,76,51.99,117.48
467500.0,3196500.0,122.66666,28.89592,76,64.62,126.43
481500.0,3273500.0,122.80896,29.59117,76,80.01,30.64
515500.0,3216500.0,123.15926,29.07676,76,65.54,308.35
377500.0,3208500.0,121.74237,28.99876,76,102.57,1.86
513500.0,3308500.0,123.13984,29.9071,76,30.3,49.99
394500.0,3160500.0,121.92134,28.5671,76,57.73,3.73
413500.0,3216500.0,122.1113,29.07391,76,105.72,12.88
415500.0,3242500.0,122.12986,29.30868,76,60.49,3.82
403500.0,3265500.0,122.00429,29.51537,76,58.24,8.15
538500.0,3337500.0,123.39985,30.16828,76,86.33,327.86
307500.0,3317500.0,121.00484,29.97328,75,52.52,18.92
454500.0,3280500.0,122.52987,29.65365,75,85.08,95.98
385500.0,3282500.0,121.8168,29.66725,75,11.44,3.86
422500.0,3202500.0,122.20472,28.94814,75,74.62,3.34
414500.0,3195500.0,122.12317,28.88445,75,28.7,19.71
450500.0,3244500.0,122.49017,29.3286,75,57.1,14.62
422500.0,3331500.0,122.19556,30.11228,75,11.47,3.98
458500.0,3294500.0,122.57066,29.78013,75,149.81,5.12
458500.0,3337500.0,122.56899,30.16818,75,51.8,7.34
278500.0,3323500.0,120.70321,30.02249,75,1.77,63.67
400500.0,3326500.0,121.9677,30.06557,75,120.76,34.26
419500.0,3198500.0,122.17423,28.91185,75,60.11,31.68
447500.0,3298500.0,122.45667,29.81581,75,17.97,3.13
498500.0,3339500.0,122.98442,30.18694,75,86.81,56.92
477500.0,3280500.0,122.76751,29.65428,75,31.67,2.38
486500.0,3287500.0,122.86042,29.71758,75,34.36,2.03
435500.0,3220500.0,122.33708,29.11131,75,106.48,4.26
409500.0,3291500.0,122.06402,29.75045,75,80.01,3.4
492500.0,3301500.0,122.92236,29.84398,75,27.32,41.32
397500.0,3284500.0,121.94059,29.68634,75,24.66,3.27
395500.0,3341500.0,121.91435,30.20049,75,38.5,1.31
398500.0,3345500.0,121.94513,30.23684,75,42.35,8.91
430500.0,3246500.0,122.28406,29.3457,75,52.28,10.11
450500.0,3308500.0,122.48725,29.90618,75,132.52,17.31
430500.0,3304500.0,122.28035,29.86912,75,94.23,16.12
464500.0,3313500.0,122.6321,29.95179,75,11.3,89.02
375500.0,3151500.0,121.72809,28.48419,75,102.76,4.19
377500.0,3154500.0,121.74819,28.51146,75,45.09,2.01
408500.0,3181500.0,122.06277,28.75769,75,55.94,9.46
412500.0,3231500.0,122.09984,29.20921,75,2.21,1.6
444500.0,3243500.0,122.42842,29.31932,75,144.96,61.3
412500.0,3276500.0,122.09626,29.6153,75,146.67,9.83
404500.0,3314500.0,122.01027,29.95761,75,67.54,1.93
439500.0,3323500.0,122.37246,30.04105,75,54.18,13.3
477500.0,3265500.0,122.76782,29.5189,75,99.57,8.51
494500.0,3309500.0,122.94302,29.91619,75,54.75,7.8
447500.0,3319500.0,122.45564,30.00532,75,73.22,20.66
404500.0,3142500.0,122.02506,28.40541,75,67.99,52.16
437500.0,3163500.0,122.36079,28.59696,75,150.69,190.18
373500.0,3146500.0,121.70821,28.43888,75,79.08,1.82
486500.0,3280500.0,122.86051,29.65441,75,169.66,1.54
489500.0,3289500.0,122.89142,29.73566,75,66.21,27.19
504500.0,3304500.0,123.0466,29.87107,75,74.22,9.58
395500.0,3351500.0,121.91336,30.29072,75,34.43,46.01
443500.0,3294500.0,122.41548,29.77954,75,119.19,2.41
474500.0,3236500.0,122.73754,29.25711,75,66.43,33.0
497500.0,3297500.0,122.97413,29.8079,75,20.37,6.1
453500.0,3318500.0,122.51789,29.99654,75,15.0,8.51
460500.0,3349500.0,122.58931,30.27654,75,77.02,16.29
509500.0,3280500.0,123.09816,29.65444,75,28.31,2.68
418500.0,3258500.0,122.15957,29.45327,75,65.82,6.26
431500.0,3306500.0,122.29058,29.88722,75,154.42,2.06
444500.0,3297500.0,122.42567,29.80666,75,162.39,10.05
494500.0,3283500.0,122.94315,29.68154,75,169.34,3.04
408500.0,3297500.0,122.05317,29.80451,74,19.57,3.53
432500.0,3336500.0,122.29903,30.15799,74,89.68,2.04
457500.0,3295500.0,122.56028,29.78912,74,5.11,2.61
495500.0,3328500.0,122.9533,30.08766,74,36.91,14.1
390500.0,3185500.0,121.87804,28.79238,74,49.67,21.72
368500.0,3215500.0,121.64917,29.06103,74,19.54,7.53
389500.0,3346500.0,121.85151,30.24507,74,117.57,128.72
418500.0,3195500.0,122.16419,28.88471,74,89.69,21.73
411500.0,3233500.0,122.0894,29.22719,74,12.61,28.1
409500.0,3315500.0,122.062,29.96701,74,89.33,2.26
445500.0,3331500.0,122.43429,30.11353,74,48.35,29.57
488500.0,3284500.0,122.88113,29.69053,74,90.51,1.94
420500.0,3202500.0,122.1842,28.94801,74,66.88,2.01
440500.0,3282500.0,122.38511,29.6711,74,168.56,5.08
416500.0,3340500.0,122.13258,30.19309,74,32.58,4.04
502500.0,3348500.0,123.02599,30.26816,74,27.4,5.22
367500.0,3163500.0,121.64499,28.59169,74,76.94,13.19
390500.0,3162500.0,121.88025,28.58481,74,57.81,5.08
450500.0,3253500.0,122.48976,29.40982,74,53.89,4.46
464500.0,3320500.0,122.63187,30.01496,74,117.93,6.47
401500.0,3152500.0,121.99358,28.49544,74,173.43,933.42
378500.0,3210500.0,121.75242,29.0169,74,146.46,20.08
417500.0,3191500.0,122.15422,28.84855,74,52.58,8.18
386500.0,3333500.0,121.82173,30.12751,74,57.4,2.4
474500.0,3246500.0,122.73731,29.34736,74,71.22,237.23
482500.0,3286500.0,122.81908,29.70851,74,46.91,20.54
386500.0,3180500.0,121.83757,28.74691,74,55.72,33.23
448500.0,3250500.0,122.46929,29.38267,74,63.33,76.13
458500.0,3325500.0,122.56946,30.05989,74,12.23,78.68
403500.0,3181500.0,122.01157,28.75732,74,64.64,18.42
436500.0,3289500.0,122.34336,29.73408,74,177.32,2.42
477500.0,3268500.0,122.76776,29.54598,74,42.65,9.67
497500.0,3276500.0,122.97418,29.61838,74,128.01,2.23
497500.0,3327500.0,122.97406,30.07864,74,67.29,8.86
476500.0,3258500.0,122.75766,29.45571,74,125.97,2.81
500500.0,3342500.0,123.0052,30.21401,74,69.25,10.19
392500.0,3349500.0,121.88238,30.27241,74,168.2,13.84
403500.0,3158500.0,122.01351,28.54975,74,72.16,23.51
484500.0,3268500.0,122.84001,29.54608,74,55.06,1.57
444500.0,3327500.0,122.42412,30.07738,74,143.61,5.47
294500.0,3317500.0,120.87017,29.97118,74,4.03,39.27
452500.0,3319500.0,122.50748,30.00553,74,21.04,10.67
380500.0,3177500.0,121.77644,28.7193,74,39.93,13.62
412500.0,3308500.0,122.09366,29.90406,73,17.39,42.07
486500.0,3296500.0,122.86031,29.79881,73,66.45,26.44
463500.0,3323500.0,122.6214,30.042,73,153.61,4.29
436500.0,3318500.0,122.34165,29.99578,73,75.26,11.87
413500.0,3350500.0,122.1006,30.28312,73,132.09,1.35
382500.0,3174500.0,121.79723,28.69241,73,62.36,40.22
392500.0,3160500.0,121.90089,28.56693,73,33.49,43.21
540500.0,3283500.0,123.41858,29.68089,73,56.84,4.21
475500.0,3283500.0,122.74678,29.68131,73,12.55,5.62
406500.0,3155500.0,122.04442,28.52289,73,119.78,3.02
489500.0,3311500.0,122.8912,29.93421,73,72.63,4.32
378500.0,3152500.0,121.75862,28.4935,73,91.4,10.41
436500.0,3221500.0,122.3473,29.12039,73,33.34,7.58
447500.0,3290500.0,122.45706,29.74362,73,94.85,1.19
426500.0,3313500.0,122.23832,29.9501,73,76.58,1.5
449500.0,3334500.0,122.47566,30.14077,73,164.88,6.96
414500.0,3342500.0,122.11164,30.211,73,151.57,10.29
456500.0,3350500.0,122.54768,30.28542,73,113.67,4.9
364500.0,3162500.0,121.61444,28.58236,73,157.29,4.49
379500.0,3341500.0,121.74816,30.19901,73,43.26,5.43
406500.0,3245500.0,122.03694,29.33512,73,70.54,65.28
394500.0,3349500.0,121.90317,30.27259,73,3.54,6.41
438500.0,3225500.0,122.36763,29.15659,73,38.53,7.23
405500.0,3241500.0,122.02699,29.29895,73,70.13,47.41
444500.0,3284500.0,122.42634,29.68934,73,177.99,22.33
439500.0,3276500.0,122.37511,29.61691,73,9.94,6.49
490500.0,3283500.0,122.90181,29.68152,73,178.17,6.08
441500.0,3287500.0,122.39517,29.71627,73,144.95,3.43
510500.0,3254500.0,123.10824,29.41978,73,82.1,24.11
447500.0,3249500.0,122.45903,29.3736,73,144.89,438.39
470500.0,3285500.0,122.69505,29.69925,73,39.52,4.3
406500.0,3164500.0,122.04369,28.60412,73,69.43,4.08
431500.0,3276500.0,122.29248,29.61649,73,10.94,45.11
465500.0,3287500.0,122.6433,29.71718,73,135.47,7.26
412500.0,3268500.0,122.0969,29.54311,73,91.44,18.83
457500.0,3197500.0,122.56406,28.90465,73,59.33,20.77
412500.0,3191500.0,122.10297,28.84822,73,100.56,3.97
380500.0,3201500.0,121.77391,28.93588,73,100.48,96.44
521500.0,3288500.0,123.22231,29.72649,73,114.85,51.35
504500.0,3315500.0,123.04664,29.97034,73,11.7,67.01
396500.0,3338500.0,121.92504,30.17351,72,94.57,66.14
429500.0,3335500.0,122.26795,30.1488,72,141.67,3.75
466500.0,3306500.0,122.65305,29.88867,72,97.65,27.29
465500.0,3302500.0,122.64282,29.85255,72,4.17,555.96
398500.0,3342500.0,121.94542,30.20977,72,154.18,6.52
480500.0,3265500.0,122.79878,29.51895,72,72.46,45.0
371500.0,3219500.0,121.67952,29.09743,72,135.16,16.81
409500.0,3314500.0,122.06208,29.95799,72,99.35,60.31
451500.0,3332500.0,122.49652,30.1228,72,76.88,5.23
417500.0,3337500.0,122.1432,30.16609,72,7.67,2.46
495500.0,3312500.0,122.95337,29.94327,72,29.35,3.48
472500.0,3278500.0,122.7159,29.63613,72,50.43,2.27
458500.0,3265500.0,122.57177,29.51841,72,124.47,45.51
390500.0,3280500.0,121.86866,29.64965,72,29.1,41.05
413500.0,3260500.0,122.10785,29.47099,72,87.65,130.55
394500.0,3169500.0,121.92051,28.64832,72,18.27,40.19
412500.0,3189500.0,122.10312,28.83017,72,57.52,14.24
493500.0,3291500.0,122.93277,29.75374,72,28.22,5.68
374500.0,3210500.0,121.71135,29.01652,72,2.28,2.15
396500.0,3340500.0,121.92484,30.19156,72,49.57,1.82
446500.0,3353500.0,122.44355,30.3121,72,77.85,1.63
408500.0,3200500.0,122.06124,28.92916,72,76.77,73.47
402500.0,3181500.0,122.00132,28.75725,72,80.56,5.11
394500.0,3340500.0,121.90407,30.19138,72,118.38,3.31
431500.0,3219500.0,122.29603,29.10208,72,71.89,3.97
427500.0,3214500.0,122.25525,29.05673,72,30.45,8.08
427500.0,3335500.0,122.24718,30.14868,72,36.07,5.16
339500.0,3175500.0,121.35705,28.6968,72,175.87,9.56
411500.0,3217500.0,122.09067,29.08279,72,96.73,26.49
414500.0,3226500.0,122.1208,29.16422,72,139.16,1.75
481500.0,3200500.0,122.81019,28.9323,72,154.72,775.81
500500.0,3328500.0,123.00519,30.08767,72,32.2,84.66
405500.0,3143500.0,122.03519,28.41451,72,70.85,92.8
526500.0,3346500.0,123.27545,30.24982,72,143.51,518.12
387500.0,3169500.0,121.84889,28.64773,72,16.09,3.68
451500.0,3331500.0,122.49656,30.11378,72,100.53,3.91
365500.0,3159500.0,121.62501,28.55539,72,130.27,15.03
524500.0,3350500.0,123.25476,30.28596,72,153.79,309.15
519500.0,3345500.0,123.20267,30.24093,72,84.76,19.02
459500.0,3308500.0,122.58048,29.90651,71,59.19,21.28
409500.0,3183500.0,122.07286,28.77581,71,36.88,1.93
381500.0,3142500.0,121.7903,28.40353,71,82.23,1.69
389500.0,3161500.0,121.87013,28.5757,71,63.65,7.38
382500.0,3173500.0,121.79733,28.68338,71,55.77,13.44
407500.0,3221500.0,122.04924,29.11861,71,145.73,53.87
445500.0,3332500.0,122.43423,30.12255,71,45.11,65.22
484500.0,3275500.0,122.83991,29.60926,71,69.98,4.72
376500.0,3155500.0,121.73787,28.52039,71,56.54,5.02
370500.0,3266500.0,121.66373,29.52141,71,47.54,2.71
522500.0,3282500.0,123.23253,29.67233,71,83.03,13.49
423500.0,3312500.0,122.20731,29.94089,71,13.0,1.79
422500.0,3309500.0,122.19716,29.91376,71,134.23,5.04
477500.0,3261500.0,122.76791,29.4828,71,83.93,4.19
443500.0,3235500.0,122.41853,29.24708,71,59.61,19.55
381500.0,3155500.0,121.78896,28.52085,71,12.21,4.72
392500.0,3350500.0,121.88227,30.28143,71,177.07,10.44
403500.0,3148500.0,122.01435,28.45949,71,171.74,847.8
406500.0,3179500.0,122.04246,28.73949,71,49.4,53.66
405500.0,3186500.0,122.03163,28.8026,71,74.69,15.01
443500.0,3295500.0,122.41543,29.78856,71,102.92,1.34
430500.0,3305500.0,122.28029,29.87814,71,51.97,3.12
479500.0,3275500.0,122.78827,29.60919,71,145.27,13.34
367500.0,3177500.0,121.64336,28.71803,71,99.94,1.42
380500.0,3170500.0,121.77718,28.65613,71,86.72,4.63
421500.0,3205500.0,122.19425,28.97515,71,117.86,23.56
430500.0,3226500.0,122.28532,29.1652,71,141.8,2.73
464500.0,3217500.0,122.63522,29.08538,71,164.38,623.01
382500.0,3319500.0,121.78176,30.00081,71,74.24,3.73
492500.0,3309500.0,122.9223,29.91618,71,57.68,6.95
435500.0,3223500.0,122.3369,29.13839,71,58.93,7.51
464500.0,3352500.0,122.6308,30.30373,71,111.5,26.17
412500.0,3180500.0,122.10382,28.74894,71,149.11,181.09
508500.0,3272500.0,123.08777,29.58225,71,15.89,15.72
394500.0,3164500.0,121.92097,28.6032,71,5.6,6.45
481500.0,3199500.0,122.8102,28.92327,71,62.27,63.27
461500.0,3310500.0,122.60112,29.92462,71,91.69,23.2
399500.0,3306500.0,121.95921,29.88502,71,14.21,4.23
406500.0,3176500.0,122.0427,28.71242,71,53.15,23.18
430500.0,3335500.0,122.27833,30.14886,71,123.29,4.48
474500.0,3258500.0,122.73703,29.45567,71,76.84,12.99
463500.0,3276500.0,122.62299,29.61784,71,64.82,78.88
515500.0,3284500.0,123.16021,29.69048,71,158.57,35.58
367500.0,3162500.0,121.64511,28.58267,71,86.92,18.93
414500.0,3219500.0,122.12134,29.10105,71,77.86,1.73
409500.0,3232500.0,122.0689,29.21802,71,0.59,47.6
418500.0,3344500.0,122.15304,30.22932,71,141.39,9.24
456500.0,3325500.0,122.54871,30.05982,71,162.34,37.38
382500.0,3147500.0,121.79999,28.44875,71,45.46,1.51
430500.0,3251500.0,122.28375,29.39082,71,6.14,3.41
527500.0,3343500.0,123.28577,30.22272,71,179.39,78.97
446500.0,3297500.0,122.44637,29.80675,71,165.45,8.5
518500.0,3349500.0,123.19235,30.27704,71,105.18,104.94
477500.0,3281500.0,122.76749,29.6633,70,154.02,18.17
398500.0,3285500.0,121.95083,29.69545,70,175.74,1.59
491500.0,3316500.0,122.91189,29.97935,70,157.53,234.82
493500.0,3305500.0,122.93269,29.88009,70,51.76,7.14
365500.0,3171500.0,121.6236,28.66368,70,178.67,4.27
438500.0,3281500.0,122.3645,29.66198,70,34.15,1.36
445500.0,3276500.0,122.43708,29.61719,70,6.76,8.4
433500.0,3277500.0,122.31308,29.62563,70,162.63,1.53
443500.0,3323500.0,122.41395,30.04124,70,143.66,45.24
389500.0,3312500.0,121.85505,29.9383,70,175.73,1.51
383500.0,3337500.0,121.79015,30.16331,70,43.67,103.55
414500.0,3224500.0,122.12095,29.14617,70,130.78,95.38
438500.0,3307500.0,122.36301,29.89662,70,16.0,1.6
409500.0,3301500.0,122.06318,29.84068,70,145.43,5.18
508500.0,3352500.0,123.0884,30.30422,70,44.96,23.92
503500.0,3350500.0,123.03639,30.2862,70,82.63,30.86
376500.0,3191500.0,121.73397,28.84526,70,174.61,4.8
384500.0,3159500.0,121.81921,28.55722,70,66.33,19.22
390500.0,3178500.0,121.87872,28.72921,70,123.44,437.38
387500.0,3278500.0,121.83788,29.63134,70,28.0,90.86
403500.0,3145500.0,122.0146,28.43242,70,65.14,7.8
408500.0,3177500.0,122.0631,28.72159,70,48.7,5.57
457500.0,3267500.0,122.56137,29.53643,70,145.24,116.57
500500.0,3288500.0,123.00517,29.72668,70,147.93,4.53
335500.0,3181500.0,121.31525,28.75044,70,113.81,4.23
410500.0,3175500.0,122.08373,28.70368,70,167.43,227.51
472500.0,3285500.0,122.71573,29.6993,70,3.27,6.47
375500.0,3176500.0,121.72537,28.7098,70,139.85,14.68
410500.0,3182500.0,122.08318,28.76685,70,50.04,14.24
428500.0,3214500.0,122.26552,29.05679,70,26.65,5.21
371500.0,3143500.0,121.68812,28.41161,70,4.26,3.77
373500.0,3213500.0,121.70075,29.04349,70,116.76,12.53
443500.0,3289500.0,122.41574,29.73442,70,148.84,3.58
415500.0,3315500.0,122.12418,29.96744,70,44.53,3.22
474500.0,3242500.0,122.7374,29.31126,70,20.9,6.07
445500.0,3289500.0,122.43643,29.73451,70,94.43,3.25
412500.0,3256500.0,122.09786,29.43482,70,118.45,4.16
433500.0,3260500.0,122.31412,29.47221,70,21.37,6.84
506500.0,3349500.0,123.06758,30.27716,70,51.57,2.62
499500.0,3310500.0,122.99482,29.92523,70,152.51,1.93
423500.0,3298500.0,122.2083,29.81456,69,108.19,2.18
491500.0,3281500.0,122.91216,29.66348,69,2.05,1.88
479500.0,3284500.0,122.7881,29.69041,69,7.87,6.21
415500.0,3196500.0,122.13335,28.89354,69,25.8,5.43
393500.0,3162500.0,121.91093,28.58506,69,29.53,3.21
402500.0,3222500.0,121.99777,29.12726,69,96.56,96.78
410500.0,3233500.0,122.07911,29.22712,69,12.33,42.87
417500.0,3223500.0,122.15187,29.13735,69,171.5,6.61
464500.0,3308500.0,122.63227,29.90667,69,5.63,549.03
386500.0,3320500.0,121.82312,30.01021,69,106.91,24.44
456500.0,3300500.0,122.54973,29.83421,69,5.9,2.62
413500.0,3236500.0,122.10974,29.2544,69,81.39,2.93
444500.0,3300500.0,122.42552,29.83373,69,57.06,32.77
490500.0,3292500.0,122.90173,29.76274,69,67.67,7.57
352500.0,3262500.0,121.47859,29.48333,69,48.75,4.8
380500.0,3147500.0,121.77957,28.44856,69,48.11,4.37
406500.0,3177500.0,122.04262,28.72144,69,48.02,9.69
420500.0,3295500.0,122.17748,29.7873,69,155.77,2.4
449500.0,3298500.0,122.47737,29.8159,69,22.48,3.19
434500.0,3335500.0,122.31986,30.14908,69,133.84,11.19
498500.0,3326500.0,122.98444,30.06962,69,42.38,42.93
378500.0,3148500.0,121.75904,28.4574,69,92.28,2.99
397500.0,3157500.0,121.95227,28.54026,69,97.13,20.57
379500.0,3154500.0,121.76863,28.51164,69,123.43,2.21
381500.0,3153500.0,121.78917,28.5028,69,60.93,4.25
379500.0,3271500.0,121.75603,29.56743,69,91.13,1.26
381500.0,3277500.0,121.77602,29.62176,69,146.44,9.02
449500.0,3248500.0,122.47969,29.36466,69,63.28,22.26
425500.0,3305500.0,122.22852,29.87785,69,80.51,5.1
456500.0,3322500.0,122.54883,30.03275,69,18.47,3.35
368500.0,3155500.0,121.65613,28.5196,69,102.81,1.49
375500.0,3168500.0,121.72624,28.63761,69,76.82,6.55
427500.0,3196500.0,122.25641,28.89428,69,15.59,2.25
444500.0,3237500.0,122.42873,29.26517,69,147.45,327.4
485500.0,3272500.0,122.85028,29.5822,69,105.46,8.35
499500.0,3335500.0,122.99481,30.15084,69,70.91,20.33
443500.0,3240500.0,122.41828,29.2922,69,148.58,464.44
434500.0,3279500.0,122.32329,29.64373,69,51.4,4.82
436500.0,3276500.0,122.34412,29.61676,69,12.45,1.54
435500.0,3264500.0,122.33451,29.50841,69,90.23,53.08
478500.0,3286500.0,122.77773,29.70844,69,16.76,5.04
510500.0,3303500.0,123.10872,29.86201,69,101.92,6.02
504500.0,3305500.0,123.0466,29.8801,69,84.41,4.62
502500.0,3352500.0,123.026,30.30425,69,80.79,2.84
382500.0,3346500.0,121.77876,30.24442,69,95.49,7.19
412500.0,3258500.0,122.0977,29.45287,69,63.05,9.35
461500.0,3200500.0,122.60498,28.93186,69,158.36,356.73
439500.0,3235500.0,122.37737,29.24689,69,153.14,112.37
405500.0,3176500.0,122.03247,28.71235,69,48.21,7.68
407500.0,3193500.0,122.05155,28.86592,69,45.4,11.29
394500.0,3167500.0,121.92069,28.63027,69,61.89,20.86
393500.0,3180500.0,121.90925,28.74751,69,51.64,58.94
428500.0,3206500.0,122.26603,28.98459,69,65.74,4.91
482500.0,3294500.0,122.81895,29.78071,69,115.57,3.68
501500.0,3280500.0,123.0155,29.65448,69,173.5,4.28
323500.0,3324500.0,121.16944,30.03883,69,159.87,27.88
440500.0,3154500.0,122.39193,28.51586,69,120.57,18.89
435500.0,3280500.0,122.33356,29.65281,69,52.5,24.4
446500.0,3307500.0,122.44587,29.89699,69,114.63,10.32
469500.0,3291500.0,122.68454,29.75338,69,56.51,6.43
503500.0,3154500.0,123.03577,28.51722,69,60.6,1675.24
504500.0,3303500.0,123.04659,29.86205,69,82.41,4.05
430500.0,3190500.0,122.28755,28.84029,69,44.43,38.4
434500.0,3351500.0,122.31887,30.29346,69,15.05,10.33
498500.0,3304500.0,122.98447,29.87108,69,50.67,3.73
405500.0,3171500.0,122.03288,28.66722,68,89.98,48.23
428500.0,3350500.0,122.25655,30.2841,68,42.46,12.09
482500.0,3282500.0,122.81915,29.67241,68,119.71,1.03
504500.0,3342500.0,123.04676,30.214,68,90.51,6.33
422500.0,3203500.0,122.20465,28.95716,68,57.48,13.33
391500.0,3349500.0,121.87198,30.27232,68,167.88,81.36
433500.0,3199500.0,122.31777,28.92168,68,75.1,4.58
409500.0,3205500.0,122.07109,28.97436,68,83.07,3.29
433500.0,3200500.0,122.31771,28.93071,68,88.2,5.05
431500.0,3216500.0,122.29621,29.075,68,78.85,12.48
427500.0,3349500.0,122.24622,30.27501,68,39.22,14.93
488500.0,3306500.0,122.8809,29.88907,68,48.52,6.25
456500.0,3260500.0,122.55133,29.47322,68,57.18,20.45
383500.0,3151500.0,121.8098,28.48493,68,66.46,12.31
448500.0,3289500.0,122.46745,29.73463,68,15.56,2.15
459500.0,3262500.0,122.5822,29.49137,68,155.41,180.93
471500.0,3278500.0,122.70557,29.6361,68,174.02,1.67
487500.0,3297500.0,122.87064,29.80784,68,67.36,18.39
400500.0,3325500.0,121.96779,30.05655,68,100.13,9.08
378500.0,3351500.0,121.73662,30.28913,68,146.31,4.1
416500.0,3214500.0,122.14226,29.05606,68,47.68,1.71
431500.0,3246500.0,122.29436,29.34575,68,17.03,12.64
449500.0,3249500.0,122.47964,29.37368,68,138.86,111.15
446500.0,3289500.0,122.44677,29.73455,68,38.44,2.14
479500.0,3300500.0,122.7878,29.83481,68,140.08,35.47
423500.0,3209500.0,122.21451,29.01137,68,88.63,1.95
441500.0,3297500.0,122.39463,29.80652,68,152.94,5.96
452500.0,3254500.0,122.51034,29.41892,68,40.24,18.54
486500.0,3276500.0,122.86056,29.61831,68,33.26,43.48
421500.0,3293500.0,122.18797,29.76931,68,144.1,2.01
498500.0,3348500.0,122.98441,30.26816,68,30.71,63.01
411500.0,3299500.0,122.08405,29.82278,68,44.1,55.99
399500.0,3210500.0,121.96802,29.01873,68,67.56,46.8
429500.0,3221500.0,122.27535,29.12002,68,41.85,14.72
396500.0,3342500.0,121.92464,30.2096,68,44.67,9.24
410500.0,3320500.0,122.07194,30.0122,68,46.81,7.68
478500.0,3268500.0,122.77808,29.54599,68,56.15,16.17
492500.0,3299500.0,122.92237,29.82593,68,171.2,385.97
488500.0,3303500.0,122.88093,29.862,68,70.74,3.64
511500.0,3287500.0,123.1189,29.7176,68,83.35,86.09
464500.0,3191500.0,122.63605,28.85071,68,59.06,164.67
494500.0,3323500.0,122.94295,30.04254,68,117.05,35.33
445500.0,3246500.0,122.43857,29.34644,68,58.87,15.35
446500.0,3241500.0,122.44912,29.30136,68,57.5,7.38
481500.0,3277500.0,122.8089,29.62727,68,32.85,3.62
462500.0,3319500.0,122.61117,30.00588,68,151.26,2.49
482500.0,3283500.0,122.81913,29.68143,68,27.49,6.56
463500.0,3283500.0,122.62276,29.68102,68,7.92,6.73
474500.0,3282500.0,122.73647,29.67227,67,4.9,5.09
406500.0,3192500.0,122.04138,28.85682,67,40.63,27.1
423500.0,3305500.0,122.20781,29.87773,67,106.77,1.12
419500.0,3304500.0,122.16646,29.86845,67,132.98,2.93
491500.0,3309500.0,122.91194,29.91617,67,55.18,3.89
401500.0,3176500.0,121.99152,28.71205,67,50.42,7.77
456500.0,3255500.0,122.55153,29.42809,67,62.26,7.91
500500.0,3349500.0,123.0052,30.27718,67,4.35,15.58
398500.0,3229500.0,121.95602,29.19011,67,18.04,16.99
399500.0,3342500.0,121.95581,30.20985,67,17.88,312.33
468500.0,3288500.0,122.67429,29.72628,67,6.43,44.69
491500.0,3308500.0,122.91195,29.90715,67,29.64,1.98
522500.0,3281500.0,123.23251,29.6633,67,76.17,14.74
353500.0,3297500.0,121.48417,29.79921,67,53.45,2.8
417500.0,3189500.0,122.15437,28.8305,67,148.45,128.79
401500.0,3216500.0,121.98802,29.07303,67,62.89,30.63
404500.0,3173500.0,122.02248,28.6852,67,73.23,72.33
442500.0,3199500.0,122.4101,28.92212,67,57.87,2.34
442500.0,3242500.0,122.40788,29.31021,67,60.57,25.98
497500.0,3331500.0,122.97405,30.11474,67,112.08,1.53
378500.0,3187500.0,121.7549,28.80935,67,89.79,11.42
427500.0,3195500.0,122.25648,28.88525,67,178.24,1.44
408500.0,3220500.0,122.0596,29.10966,67,123.29,8.38
416500.0,3292500.0,122.13633,29.75996,67,90.66,4.05
483500.0,3275500.0,122.82959,29.60925,67,58.38,9.97
465500.0,3314500.0,122.64243,29.96084,67,12.99,94.3
396500.0,3153500.0,121.94241,28.50408,67,59.86,1.36
449500.0,3277500.0,122.47835,29.62638,67,55.48,98.97
511500.0,3216500.0,123.11816,29.0768,67,79.19,34.04
504500.0,3344500.0,123.04677,30.23205,67,75.63,24.92
392500.0,3165500.0,121.90042,28.61206,67,82.9,2.98
359500.0,3261500.0,121.5509,29.47511,67,38.6,8.17
372500.0,3145500.0,121.69811,28.42976,67,41.77,3.45
456500.0,3261500.0,122.55129,29.48225,67,146.83,680.94
390500.0,3163500.0,121.88016,28.59384,67,144.53,164.59
484500.0,3295500.0,122.83963,29.78976,67,152.84,195.8
488500.0,3297500.0,122.88099,29.80785,67,73.43,26.8
497500.0,3319500.0,122.97408,30.00645,67,78.18,21.99
413500.0,3262500.0,122.1077,29.48903,67,91.83,36.98
437500.0,3286500.0,122.35388,29.70705,67,146.22,1.38
467500.0,3225500.0,122.66582,29.15767,67,164.65,2027.8
499500.0,3349500.0,122.9948,30.27718,67,91.11,20.19
383500.0,3209500.0,121.80385,29.00835,67,151.02,44.73
408500.0,3179500.0,122.06294,28.73964,67,52.0,10.12
404500.0,3155500.0,122.02398,28.52274,67,130.89,93.78
429500.0,3196500.0,122.27692,28.89439,67,150.73,2.78
473500.0,3284500.0,122.72609,29.6903,67,47.7,23.08
489500.0,3308500.0,122.89123,29.90713,67,46.81,8.12
369500.0,3155500.0,121.66635,28.5197,67,61.65,2.16
367500.0,3164500.0,121.64487,28.60072,67,163.17,5.37
379500.0,3203500.0,121.76343,28.95383,67,104.67,57.18
410500.0,3247500.0,122.07797,29.35346,67,141.55,38.37
447500.0,3335500.0,122.45485,30.14971,67,34.31,39.5
547500.0,3206500.0,123.48761,28.98571,67,156.06,166.8
404500.0,3145500.0,122.02481,28.43249,67,76.22,7.13
494500.0,3316500.0,122.94299,29.97936,67,72.62,5.24
459500.0,3293500.0,122.58104,29.77114,67,149.31,5.32
444500.0,3242500.0,122.42847,29.3103,66,136.07,86.29
463500.0,3333500.0,122.62105,30.13225,66,6.88,583.03
422500.0,3313500.0,122.19687,29.94985,66,161.39,6.17
455500.0,3259500.0,122.54106,29.46416,66,58.7,7.05
463500.0,3332500.0,122.62109,30.12322,66,98.38,17.62
498500.0,3346500.0,122.98441,30.25011,66,86.29,1.74
369500.0,3143500.0,121.66771,28.41141,66,67.63,22.17
391500.0,3164500.0,121.89029,28.60295,66,147.46,256.24
364500.0,3213500.0,121.60833,29.04256,66,170.24,1.6
408500.0,3234500.0,122.05845,29.236,66,32.24,20.65
434500.0,3326500.0,122.32042,30.06786,66,123.43,56.48
420500.0,3244500.0,122.1812,29.32706,66,13.62,2.58
433500.0,3330500.0,122.3098,30.10391,66,131.74,1.7
313500.0,3325500.0,121.06559,30.04637,66,15.01,43.43
463500.0,3344500.0,122.62067,30.23151,66,164.57,55.46
383500.0,3156500.0,121.80929,28.53006,66,107.29,2.76
380500.0,3189500.0,121.77518,28.82759,66,148.27,7.21
415500.0,3187500.0,122.13402,28.81232,66,153.59,161.51
413500.0,3189500.0,122.11337,28.83023,66,148.95,95.84
448500.0,3286500.0,122.46759,29.70756,66,164.43,5.02
396500.0,3284500.0,121.93026,29.68626,66,6.38,7.04
400500.0,3286500.0,121.97141,29.70464,66,160.0,2.19
412500.0,3250500.0,122.09834,29.38067,66,82.88,2.13
410500.0,3206500.0,122.08128,28.98345,66,81.41,32.52
423500.0,3195500.0,122.21546,28.88502,66,92.88,3.48
436500.0,3231500.0,122.34673,29.21064,66,135.85,49.07
432500.0,3215500.0,122.30655,29.06603,66,39.64,8.18
416500.0,3274500.0,122.13772,29.59753,66,152.19,37.99
409500.0,3343500.0,122.05961,30.21966,66,22.01,15.58
456500.0,3265500.0,122.55113,29.51835,66,54.38,20.25
459500.0,3291500.0,122.58112,29.75309,66,131.33,1.48
492500.0,3321500.0,122.92222,30.02448,66,65.83,7.99
399500.0,3209500.0,121.96811,29.00971,66,68.04,8.82
508500.0,3335500.0,123.08826,30.15081,66,23.54,3.07
451500.0,3256500.0,122.49994,29.43694,66,47.62,8.35
472500.0,3279500.0,122.71588,29.64515,66,69.27,2.3
476500.0,3242500.0,122.758,29.3113,66,154.3,3.22
485500.0,3300500.0,122.84991,29.83489,66,71.93,2.04
439500.0,3153500.0,122.38177,28.50679,66,157.64,197.74
463500.0,3213500.0,122.62508,29.04925,66,162.26,819.77
388500.0,3325500.0,121.84333,30.05551,66,56.99,56.38
449500.0,3281500.0,122.47816,29.66248,66,156.65,1.91
407500.0,3317500.0,122.0411,29.98491,66,63.2,1.41
391500.0,3227500.0,121.88423,29.17149,66,41.71,15.23
449500.0,3177500.0,122.48289,28.72384,66,66.02,550.67
408500.0,3183500.0,122.06261,28.77574,66,146.23,250.45
457500.0,3167500.0,122.56518,28.63387,66,147.33,295.69
474500.0,3204500.0,122.73827,28.96828,66,61.98,218.32
457500.0,3198500.0,122.56402,28.91368,66,151.75,83.63
479500.0,3248500.0,122.78878,29.3655,66,158.92,2760.15
455500.0,3303500.0,122.53925,29.86125,66,82.39,3.3
456500.0,3346500.0,122.54785,30.24933,66,81.66,7.4
508500.0,3319500.0,123.08814,30.00642,66,52.19,2.62
400500.0,3171500.0,121.98172,28.66685,66,24.58,2.25
403500.0,3290500.0,122.00206,29.74097,66,120.04,4.12
437500.0,3164500.0,122.36073,28.60598,66,151.58,391.95
406500.0,3191500.0,122.04147,28.84779,66,56.45,4.08
470500.0,3277500.0,122.69527,29.62706,66,117.85,14.47
524500.0,3326500.0,123.2542,30.06938,66,84.64,2.31
372500.0,3156500.0,121.69689,28.52902,66,64.55,18.45
425500.0,3247500.0,122.23249,29.35444,66,51.85,7.2
453500.0,3340500.0,122.51693,30.19507,66,44.65,6.55
366500.0,3164500.0,121.63465,28.60061,66,0.04,4.65
436500.0,3165500.0,122.35045,28.61496,66,146.4,369.97
424500.0,3198500.0,122.22551,28.91216,66,80.87,2.68
450500.0,3240500.0,122.49035,29.2925,66,86.55,16.96
506500.0,3348500.0,123.06758,30.26814,66,58.9,2.89
494500.0,3317500.0,122.94298,29.98839,66,76.79,5.23
407500.0,3296500.0,122.04291,29.79542,66,44.01,1.24
377500.0,3270500.0,121.7355,29.55821,65,34.87,34.02
383500.0,3354500.0,121.78827,30.31669,65,92.39,17.42
461500.0,3317500.0,122.60087,29.9878,65,123.02,2.69
498500.0,3338500.0,122.98442,30.17791,65,85.75,41.07
412500.0,3251500.0,122.09826,29.3897,65,59.31,39.89
485500.0,3301500.0,122.84989,29.84392,65,154.17,76.23
502500.0,3350500.0,123.026,30.2862,65,104.86,3.58
401500.0,3147500.0,121.99401,28.45032,65,80.55,9.48
407500.0,3234500.0,122.04816,29.23593,65,28.3,36.98
427500.0,3249500.0,122.25296,29.3726,65,68.89,1.97
413500.0,3275500.0,122.10666,29.60635,65,145.98,10.4
414500.0,3232500.0,122.12034,29.21837,65,67.98,5.71
488500.0,3296500.0,122.881,29.79883,65,42.18,7.56
500500.0,3329500.0,123.00519,30.09669,65,42.64,15.64
498500.0,3344500.0,122.98441,30.23206,65,11.27,1.62
487500.0,3296500.0,122.87066,29.79882,65,67.31,143.7
464500.0,3300500.0,122.63253,29.83447,65,49.71,13.92
462500.0,3328500.0,122.61085,30.08709,65,99.09,163.11
505500.0,3344500.0,123.05716,30.23205,65,99.13,3.46
407500.0,3157500.0,122.05448,28.54101,65,30.06,1.09
447500.0,3289500.0,122.45711,29.73459,65,21.33,1.97
500500.0,3303500.0,123.00518,29.86205,65,69.87,1.63
401500.0,3283500.0,121.98202,29.67765,65,46.22,3.58
439500.0,3199500.0,122.37932,28.92198,65,67.85,2.81
411500.0,3317500.0,122.08256,29.9852,65,59.39,9.13
400500.0,3322500.0,121.96808,30.02948,65,10.98,5.02
426500.0,3196500.0,122.24616,28.89422,65,65.94,1.52
456500.0,3287500.0,122.55025,29.71689,65,102.51,1.78
417500.0,3212500.0,122.15268,29.03807,65,39.18,2.89
395500.0,3340500.0,121.91445,30.19147,65,66.25,31.35
413500.0,3217500.0,122.11122,29.08293,65,86.72,3.76
490500.0,3291500.0,122.90174,29.75372,65,69.7,31.95
531500.0,3345500.0,123.32739,30.24068,65,89.81,21.88
502500.0,3351500.0,123.026,30.29523,65,98.6,5.61
387500.0,3325500.0,121.83296,30.05542,65,60.04,3.21
404500.0,3164500.0,122.02323,28.60397,65,93.92,4.44
385500.0,3338500.0,121.81081,30.17252,65,71.1,2.34
462500.0,3266500.0,122.61301,29.52756,65,49.64,3.72
507500.0,3272500.0,123.07744,29.58226,65,151.41,2.67
343500.0,3175500.0,121.39798,28.69729,65,87.06,88.81
456500.0,3254500.0,122.55157,29.41907,65,57.86,44.68
441500.0,3340500.0,122.39227,30.19456,65,15.35,6.92
500500.0,3337500.0,123.00519,30.16889,65,78.17,9.55
407500.0,3244500.0,122.04732,29.32617,65,28.23,3.83
440500.0,3332500.0,122.38233,30.12232,65,68.94,3.84
490500.0,3282500.0,122.90182,29.67249,65,165.04,10.62
363500.0,3164500.0,121.60397,28.6003,65,163.9,1.17
426500.0,3193500.0,122.24635,28.86715,65,87.76,3.5
432500.0,3191500.0,122.30799,28.84942,65,80.31,1.25
415500.0,3239500.0,122.13009,29.28161,65,61.48,3.32
515500.0,3320500.0,123.16073,30.01538,65,165.57,2.07
533500.0,3274500.0,123.34596,29.59988,65,2.97,56.16
395500.0,3334500.0,121.91505,30.13733,64,141.31,128.74
451500.0,3255500.0,122.49998,29.42791,64,42.03,47.33
412500.0,3248500.0,122.0985,29.36263,64,145.52,1.6
434500.0,3306500.0,122.32165,29.88738,64,173.82,125.1
412500.0,3339500.0,122.09111,30.18379,64,27.63,3.45
369500.0,3177500.0,121.66384,28.71823,64,158.94,2.42
406500.0,3182500.0,122.04221,28.76657,64,49.98,1.79
448500.0,3248500.0,122.46938,29.36462,64,59.26,19.84
401500.0,3146500.0,121.9941,28.44129,64,60.48,13.48
391500.0,3163500.0,121.89038,28.59392,64,57.06,38.4
405500.0,3223500.0,122.02852,29.13651,64,129.9,2.83
406500.0,3259500.0,122.03575,29.46146,64,93.47,145.99
446500.0,3298500.0,122.44632,29.81577,64,16.41,22.77
478500.0,3279500.0,122.77787,29.64527,64,29.1,1.99
399500.0,3290500.0,121.96071,29.74065,64,144.57,3.0
417500.0,3190500.0,122.1543,28.83952,64,60.69,7.82
404500.0,3172500.0,122.02256,28.67617,64,78.69,14.79
324500.0,3323500.0,121.17997,30.02996,64,56.68,117.43
395500.0,3162500.0,121.93138,28.58523,64,113.86,5.25
397500.0,3173500.0,121.95084,28.68466,64,50.94,21.95
415500.0,3192500.0,122.13365,28.85744,64,54.78,59.35
422500.0,3204500.0,122.20458,28.96619,64,66.04,22.62
441500.0,3240500.0,122.39769,29.29211,64,148.17,524.82
447500.0,3333500.0,122.45495,30.13166,64,49.48,92.22
413500.0,3348500.0,122.10076,30.26507,64,3.89,2.37
473500.0,3278500.0,122.72623,29.63615,64,123.73,2.44
401500.0,3180500.0,121.99117,28.74815,64,59.17,14.6
428500.0,3221500.0,122.26507,29.11997,64,17.53,1.39
449500.0,3257500.0,122.47927,29.44588,64,32.74,34.63
359500.0,3306500.0,121.54506,29.88111,64,127.6,49.0
393500.0,3332500.0,121.89449,30.11912,64,93.67,11.89
445500.0,3297500.0,122.43602,29.8067,64,3.16,4.25
418500.0,3200500.0,122.16382,28.92984,64,59.81,18.01
412500.0,3238500.0,122.09929,29.27238,64,63.71,7.56
484500.0,3296500.0,122.83961,29.79878,64,55.53,2.61
417500.0,3211500.0,122.15276,29.02905,64,55.76,1.89
342500.0,3174500.0,121.38789,28.68815,64,175.01,54.86
407500.0,3179500.0,122.0527,28.73957,64,51.64,69.27
436500.0,3159500.0,122.35078,28.5608,64,60.55,18.65
442500.0,3176500.0,122.41127,28.71452,64,160.51,274.49
420500.0,3194500.0,122.18477,28.87581,64,63.39,15.42
453500.0,3193500.0,122.52319,28.86841,64,148.78,982.95
495500.0,3242500.0,122.95366,29.31151,64,165.8,12.09
475500.0,3249500.0,122.74754,29.37446,64,70.27,56.45
515500.0,3249500.0,123.15972,29.3746,64,69.78,103.03
447500.0,3352500.0,122.454,30.30312,64,58.86,65.38
480500.0,3284500.0,122.79844,29.69043,64,19.72,3.48
452500.0,3314500.0,122.5077,29.96041,64,130.04,1.37
513500.0,3329500.0,123.14011,30.09662,64,162.36,869.65
382500.0,3187500.0,121.79588,28.80972,64,129.86,5.12
420500.0,3246500.0,122.18106,29.34511,64,33.48,41.13
482500.0,3177500.0,122.8208,28.72471,64,147.24,454.2
453500.0,3339500.0,122.51697,30.18605,64,44.29,14.78
525500.0,3318500.0,123.26438,29.99716,64,36.91,2.66
426500.0,3161500.0,122.24842,28.57833,64,62.0,9.98
527500.0,3344500.0,123.28579,30.23175,64,91.21,6.12
500500.0,3287500.0,123.00517,29.71766,64,43.19,1.83
499500.0,3304500.0,122.99482,29.87108,64,45.6,1.63
397500.0,3325500.0,121.93668,30.0563,63,123.93,1.71
411500.0,3238500.0,122.089,29.27231,63,43.96,2.25
444500.0,3317500.0,122.42464,29.98714,63,28.87,5.76
497500.0,3341500.0,122.97403,30.20499,63,81.99,12.1
326500.0,3322500.0,121.20086,30.02122,63,13.78,5.96
435500.0,3306500.0,122.332,29.88744,63,47.29,10.14
491500.0,3314500.0,122.9119,29.9613,63,163.6,113.54
412500.0,3187500.0,122.10328,28.81212,63,69.71,15.68
411500.0,3211500.0,122.09114,29.02865,63,155.11,17.99
497500.0,3351500.0,122.974,30.29523,63,110.61,8.43
384500.0,3146500.0,121.82052,28.4399,63,78.6,2.98
412500.0,3182500.0,122.10366,28.76699,63,42.27,3.76
384500.0,3147500.0,121.82042,28.44892,63,46.87,5.05
464500.0,3328500.0,122.6316,30.08715,63,144.39,1.5
396500.0,3168500.0,121.94106,28.63946,63,49.72,2.73
439500.0,3230500.0,122.37764,29.20176,63,127.6,16.98
383500.0,3180500.0,121.80685,28.74664,63,170.44,3.21
379500.0,3274500.0,121.7557,29.5945,63,58.88,2.07
289500.0,3324500.0,120.817,30.03345,63,132.69,1052.75
494500.0,3281500.0,122.94317,29.66349,63,4.72,3.17
414500.0,3190500.0,122.12355,28.83933,63,87.0,2.37
430500.0,3306500.0,122.28022,29.88717,63,44.41,3.12
438500.0,3293500.0,122.36382,29.77028,63,55.15,2.2
481500.0,3267500.0,122.80907,29.53702,63,3.13,3.19
474500.0,3279500.0,122.73654,29.64519,63,116.57,2.67
509500.0,3299500.0,123.09833,29.82592,63,79.34,1.78
392500.0,3164500.0,121.90051,28.60303,63,83.83,21.47
439500.0,3282500.0,122.37478,29.67106,63,6.09,2.77
445500.0,3296500.0,122.43607,29.79768,63,113.36,2.49
497500.0,3328500.0,122.97406,30.08767,63,75.25,4.84
384500.0,3343500.0,121.79988,30.21754,63,67.92,2.03
427500.0,3295500.0,122.2499,29.78773,63,136.52,5.05
454500.0,3192500.0,122.53349,28.85942,63,153.99,180.53
473500.0,3249500.0,122.72694,29.37442,63,73.81,21.89
436500.0,3225500.0,122.34707,29.15649,63,33.51,8.88
428500.0,3291500.0,122.26051,29.75169,63,66.14,4.21
503500.0,3288500.0,123.03619,29.72668,63,113.13,1.51
499500.0,3280500.0,122.99483,29.65448,63,26.83,1.9
443500.0,3175500.0,122.42155,28.70554,63,146.55,357.36
504500.0,3343500.0,123.04676,30.22303,63,150.67,9.55
531500.0,3349500.0,123.32751,30.27677,63,80.86,2.25
392500.0,3203500.0,121.89682,28.95499,63,17.41,5.4
444500.0,3290500.0,122.42603,29.74349,63,105.99,7.31
442500.0,3280500.0,122.40588,29.65315,63,59.46,2.28
334500.0,3181500.0,121.30501,28.75031,63,142.01,1.26
537500.0,3337500.0,123.38947,30.16831,63,112.16,14.82
498500.0,3310500.0,122.98446,29.92523,63,37.29,1.55
506500.0,3312500.0,123.06736,29.94326,63,122.49,7.34
519500.0,3346500.0,123.20269,30.24995,63,90.68,10.46
502500.0,3303500.0,123.02589,29.86205,63,90.81,2.05
433500.0,3248500.0,122.31484,29.36391,62,45.03,45.74
485500.0,3281500.0,122.85016,29.66342,62,137.38,5.02
492500.0,3323500.0,122.9222,30.04252,62,68.48,18.06
493500.0,3323500.0,122.93258,30.04253,62,80.08,4.77
463500.0,3352500.0,122.6204,30.3037,62,75.88,7.9
400500.0,3175500.0,121.98137,28.70294,62,56.35,273.96
480500.0,3280500.0,122.79851,29.65433,62,9.51,2.15
455500.0,3343500.0,122.53758,30.22222,62,46.04,35.75
419500.0,3199500.0,122.17415,28.92088,62,56.81,83.37
375500.0,3149500.0,121.7283,28.46614,62,73.69,6.12
386500.0,3344500.0,121.82055,30.22675,62,111.7,18.38
461500.0,3347500.0,122.59978,30.25852,62,116.78,14.69
400500.0,3146500.0,121.98388,28.44122,62,77.95,14.62
398500.0,3170500.0,121.96134,28.65766,62,41.02,4.13
394500.0,3331500.0,121.90496,30.11018,62,64.48,22.02
420500.0,3201500.0,122.18427,28.93899,62,80.98,9.09
414500.0,3193500.0,122.12332,28.8664,62,52.14,1.79
301500.0,3316500.0,120.94287,29.96331,62,169.32,60.53
335500.0,3178500.0,121.31568,28.72337,62,88.98,9.23
371500.0,3170500.0,121.6851,28.65526,62,168.62,3.39
393500.0,3179500.0,121.90934,28.73849,62,50.4,13.41
388500.0,3283500.0,121.84769,29.67655,62,5.45,6.64
399500.0,3284500.0,121.96126,29.68651,62,11.74,7.71
404500.0,3186500.0,122.02139,28.80252,62,81.33,16.92
463500.0,3295500.0,122.62235,29.78932,62,165.17,3.39
461500.0,3333500.0,122.60029,30.13218,62,1.96,164.46
456500.0,3349500.0,122.54772,30.2764,62,159.29,2.0
375500.0,3181500.0,121.72482,28.75492,62,53.44,13.13
445500.0,3291500.0,122.43632,29.75256,62,76.1,2.1
424500.0,3308500.0,122.21795,29.90486,62,30.76,1.4
412500.0,3348500.0,122.09036,30.265,62,173.17,1.62
464500.0,3310500.0,122.6322,29.92471,62,91.17,13.62
395500.0,3153500.0,121.9322,28.504,62,5.73,1.2
358500.0,3263500.0,121.54033,29.49304,62,3.85,5.82
374500.0,3329500.0,121.69765,30.09024,62,31.05,42.82
373500.0,3328500.0,121.6874,30.08112,62,28.91,12.65
431500.0,3191500.0,122.29774,28.84937,62,23.58,1.74
445500.0,3333500.0,122.43418,30.13157,62,35.02,9.41
487500.0,3288500.0,122.87075,29.72662,62,30.61,12.57
497500.0,3275500.0,122.97418,29.60935,62,86.06,4.32
433500.0,3216500.0,122.31676,29.07511,62,57.17,23.85
404500.0,3187500.0,122.0213,28.81155,62,83.87,341.49
451500.0,3254500.0,122.50003,29.41889,62,37.76,13.43
391500.0,3339500.0,121.87301,30.1821,62,143.52,9.3
432500.0,3213500.0,122.30667,29.04798,62,59.94,10.65
432500.0,3260500.0,122.3038,29.47216,62,4.22,4.14
382500.0,3210500.0,121.79348,29.01728,62,166.59,39.59
404500.0,3291500.0,122.01232,29.75007,62,38.83,2.93
449500.0,3294500.0,122.47755,29.7798,62,171.77,17.73
370500.0,3160500.0,121.676,28.56492,62,171.48,1.66
434500.0,3149500.0,122.33091,28.47044,62,52.18,28.16
419500.0,3192500.0,122.17465,28.8577,62,51.81,5.61
449500.0,3180500.0,122.48276,28.75092,62,62.25,144.56
447500.0,3282500.0,122.45745,29.67142,62,164.35,1.88
457500.0,3168500.0,122.56514,28.6429,62,171.26,2614.92
467500.0,3298500.0,122.66365,29.8165,62,39.25,4.79
496500.0,3334500.0,122.96366,30.14181,62,43.32,27.17
513500.0,3268500.0,123.13934,29.54611,62,53.1,11.35
393500.0,3169500.0,121.91027,28.64824,62,6.62,44.27
520500.0,3296500.0,123.21212,29.79871,62,103.38,12.76
516500.0,3328500.0,123.17123,30.08756,62,171.18,489.67
526500.0,3347500.0,123.27548,30.25884,62,89.07,9.64
504500.0,3348500.0,123.04678,30.26815,62,178.33,7.92
398500.0,3156500.0,121.96258,28.53131,62,101.05,1.4
382500.0,3341500.0,121.77932,30.19931,62,58.8,2.53
466500.0,3287500.0,122.65364,29.7172,62,97.67,2.15
453500.0,3292500.0,122.51902,29.76191,62,33.72,1.9
365500.0,3222500.0,121.61752,29.12388,62,115.07,2.33
409500.0,3237500.0,122.06849,29.26314,62,137.3,195.4
391500.0,3176500.0,121.88915,28.71124,62,70.62,5.37
452500.0,3288500.0,122.50885,29.72577,62,52.03,31.65
528500.0,3284500.0,123.29459,29.69025,62,90.34,50.71
413500.0,3254500.0,122.10833,29.41684,61,13.86,148.96
443500.0,3241500.0,122.41823,29.30123,61,134.52,72.95
445500.0,3299500.0,122.43592,29.82475,61,177.38,9.58
462500.0,3275500.0,122.6127,29.60879,61,153.66,707.96
460500.0,3268500.0,122.5923,29.54555,61,63.54,10.69
459500.0,3281500.0,122.58149,29.66284,61,128.69,2.12
468500.0,3305500.0,122.67379,29.8797,61,10.88,341.71
504500.0,3289500.0,123.04653,29.7357,61,142.28,19.94
386500.0,3321500.0,121.82301,30.01923,61,88.89,4.31
375500.0,3159500.0,121.72722,28.55639,61,25.57,2.89
380500.0,3155500.0,121.77874,28.52076,61,38.6,2.22
388500.0,3183500.0,121.85775,28.77416,61,46.89,66.13
404500.0,3231500.0,122.01755,29.20863,61,15.4,7.83
428500.0,3249500.0,122.26327,29.37266,61,42.17,4.19
432500.0,3337500.0,122.29897,30.16702,61,116.66,8.8
423500.0,3313500.0,122.20723,29.94992,61,157.43,37.03
465500.0,3206500.0,122.64584,28.98612,61,161.19,653.01
454500.0,3243500.0,122.53141,29.31972,61,152.19,481.2
335500.0,3318500.0,121.29477,29.98638,61,7.08,1.81
413500.0,3243500.0,122.10919,29.31757,61,70.28,4.42
433500.0,3351500.0,122.30847,30.2934,61,18.93,16.97
347500.0,3175500.0,121.43891,28.69777,61,56.42,1.18
395500.0,3197500.0,121.92816,28.90109,61,77.49,27.94
410500.0,3188500.0,122.08271,28.821,61,62.27,25.83
428500.0,3278500.0,122.26137,29.63437,61,101.39,6.88
462500.0,3335500.0,122.6106,30.15026,61,95.35,108.13
372500.0,3174500.0,121.69488,28.69146,61,34.1,2.04
395500.0,3287500.0,121.91964,29.71325,61,37.02,4.52
388500.0,3349500.0,121.8408,30.27205,61,177.39,1.29
412500.0,3232500.0,122.09976,29.21823,61,90.07,15.31
439500.0,3233500.0,122.37748,29.22884,61,65.51,32.32
443500.0,3242500.0,122.41818,29.31025,61,136.7,58.99
454500.0,3351500.0,122.52684,30.29438,61,138.78,3.15
386500.0,3354500.0,121.81947,30.31698,61,93.24,59.7
463500.0,3211500.0,122.62515,29.0312,61,73.68,55.88
488500.0,3287500.0,122.8811,29.7176,61,89.96,2.27
474500.0,3285500.0,122.7364,29.69934,61,53.81,3.15
499500.0,3344500.0,122.9948,30.23206,61,87.15,16.54
401500.0,3177500.0,121.99143,28.72107,61,55.01,64.86
433500.0,3219500.0,122.31658,29.10219,61,147.47,341.59
495500.0,3330500.0,122.95329,30.10571,61,130.73,31.47
442500.0,3338500.0,122.40277,30.17656,61,79.37,8.46
483500.0,3261500.0,122.8298,29.48289,61,70.59,9.87
499500.0,3340500.0,122.99481,30.19596,61,81.42,123.24
389500.0,3208500.0,121.86554,28.99986,61,26.55,32.79
375500.0,3329500.0,121.70803,30.09034,61,18.02,68.56
443500.0,3287500.0,122.41585,29.71637,61,7.51,25.53
452500.0,3278500.0,122.50929,29.63552,61,23.96,35.03
513500.0,3309500.0,123.13985,29.91613,61,1.34,49.0
524500.0,3325500.0,123.25418,30.06035,61,85.0,2.84
407500.0,3168500.0,122.05359,28.64029,61,166.51,86.06
410500.0,3235500.0,122.07895,29.24517,61,13.29,33.68
451500.0,3339500.0,122.4962,30.18597,61,50.56,5.64
464500.0,3216500.0,122.63526,29.07635,61,74.51,50.99
470500.0,3239500.0,122.69629,29.2841,61,49.64,2.79
460500.0,3348500.0,122.58935,30.26751,61,104.62,2.24
374500.0,3166500.0,121.71623,28.61946,61,141.85,15.75
491500.0,3283500.0,122.91215,29.68153,61,178.92,4.57
495500.0,3306500.0,122.95339,29.88912,61,104.27,8.03
447500.0,3296500.0,122.45677,29.79776,61,156.13,26.38
482500.0,3273500.0,122.81929,29.59118,61,78.11,4.48
450500.0,3277500.0,122.48868,29.62642,61,26.84,10.93
450500.0,3252500.0,122.48981,29.4008,60,46.12,7.24
466500.0,3315500.0,122.65277,29.96989,60,102.01,10.45
498500.0,3327500.0,122.98444,30.07864,60,73.74,75.27
408500.0,3165500.0,122.06406,28.61328,60,74.78,3.51
495500.0,3307500.0,122.95339,29.89815,60,84.14,5.13
461500.0,3320500.0,122.60076,30.01487,60,172.59,1.45
391500.0,3186500.0,121.88819,28.80149,60,72.8,4.54
400500.0,3213500.0,121.97802,29.04588,60,70.29,42.86
402500.0,3219500.0,121.99803,29.10019,60,91.97,93.66
409500.0,3144500.0,122.07594,28.42382,60,75.91,18.17
452500.0,3248500.0,122.51059,29.36477,60,23.86,4.48
462500.0,3300500.0,122.61183,29.83441,60,27.64,4.26
465500.0,3313500.0,122.64247,29.95182,60,82.57,2.73
410500.0,3211500.0,122.08088,29.02858,60,80.08,7.11
446500.0,3287500.0,122.44686,29.7165,60,123.78,5.99
466500.0,3279500.0,122.65389,29.645,60,123.35,5.84
487500.0,3293500.0,122.87069,29.77174,60,73.49,20.83
408500.0,3164500.0,122.06414,28.60426,60,36.14,3.33
405500.0,3178500.0,122.0323,28.7304,60,51.89,30.25
431500.0,3197500.0,122.29737,28.90352,60,54.81,2.59
413500.0,3181500.0,122.11398,28.75803,60,176.63,30.58
428500.0,3267500.0,122.26209,29.5351,60,71.36,9.33
401500.0,3286500.0,121.98175,29.70472,60,173.07,2.54
442500.0,3231500.0,122.40845,29.21093,60,58.63,2.46
450500.0,3304500.0,122.48744,29.87008,60,100.32,14.09
446500.0,3352500.0,122.4436,30.30307,60,74.04,34.61
476500.0,3283500.0,122.75712,29.68133,60,178.68,7.46
517500.0,3349500.0,123.18195,30.27706,60,137.66,7.27
378500.0,3177500.0,121.75597,28.71911,60,87.52,3.07
487500.0,3300500.0,122.87061,29.83492,60,32.09,3.78
389500.0,3162500.0,121.87003,28.58473,60,89.05,6.57
478500.0,3281500.0,122.77783,29.66332,60,154.35,2.42
458500.0,3276500.0,122.57135,29.61769,60,168.36,1.66
368500.0,3157500.0,121.6559,28.53765,60,60.78,3.47
404500.0,3180500.0,122.02189,28.74837,60,68.64,6.69
413500.0,3201500.0,122.11245,28.93853,60,59.33,2.57
396500.0,3294500.0,121.9293,29.7765,60,54.85,1.79
405500.0,3170500.0,122.03296,28.6582,60,74.65,7.75
465500.0,3192500.0,122.64627,28.85976,60,63.67,29.83
458500.0,3191500.0,122.57453,28.85053,60,68.28,455.97
479500.0,3247500.0,122.7888,29.35648,60,35.71,62.57
453500.0,3255500.0,122.5206,29.42799,60,52.72,27.94
468500.0,3268500.0,122.67487,29.54578,60,140.48,12.1
491500.0,3304500.0,122.91198,29.87105,60,163.71,257.51
503500.0,3209500.0,123.03594,29.01366,60,176.54,1163.67
513500.0,3247500.0,123.13908,29.35657,60,87.49,162.76
516500.0,3250500.0,123.17004,29.38361,60,157.6,1234.59
489500.0,3290500.0,122.89141,29.74469,60,65.04,17.04
453500.0,3326500.0,122.51754,30.06874,60,153.05,8.89
422500.0,3268500.0,122.2001,29.54377,60,166.67,3.09
395500.0,3152500.0,121.93229,28.49498,60,66.99,4.32
402500.0,3277500.0,121.9929,29.62358,60,34.69,211.62
440500.0,3328500.0,122.38256,30.08622,60,65.35,88.75
377500.0,3318500.0,121.73004,29.9913,60,9.65,1.96
427500.0,3282500.0,122.25077,29.67041,60,150.7,5.26
448500.0,3332500.0,122.46538,30.12268,60,127.16,49.63
507500.0,3281500.0,123.0775,29.66348,60,140.23,1.1
493500.0,3295500.0,122.93275,29.78984,60,100.94,12.92
497500.0,3304500.0,122.97411,29.87108,60,89.89,111.17
516500.0,3160500.0,123.16871,28.57128,60,172.15,5896.87
449500.0,3299500.0,122.47732,29.82492,59,167.61,2.8
492500.0,3302500.0,122.92235,29.85301,59,61.7,4.78
490500.0,3295500.0,122.90171,29.78982,59,160.68,7.5
407500.0,3195500.0,122.05139,28.88397,59,68.76,10.59
488500.0,3302500.0,122.88094,29.85298,59,76.19,2.94
401500.0,3265500.0,121.98365,29.51522,59,10.22,44.75
433500.0,3202500.0,122.31759,28.94876,59,86.0,30.3
420500.0,3196500.0,122.18462,28.89386,59,91.12,4.33
413500.0,3223500.0,122.11075,29.13708,59,112.14,1.8
487500.0,3294500.0,122.87068,29.78077,59,70.7,11.79
431500.0,3352500.0,122.28761,30.30232,59,62.31,5.83
467500.0,3280500.0,122.66419,29.65406,59,10.86,3.44
455500.0,3299500.0,122.53942,29.82515,59,24.08,3.38
430500.0,3195500.0,122.28724,28.88542,59,115.37,1.9
431500.0,3196500.0,122.29744,28.8945,59,135.11,1.66
415500.0,3270500.0,122.12771,29.56136,59,52.39,4.56
370500.0,3218500.0,121.66936,29.0883,59,77.21,27.4
408500.0,3157500.0,122.0647,28.54108,59,47.31,7.05
425500.0,3216500.0,122.23457,29.07467,59,52.49,2.69
450500.0,3280500.0,122.48854,29.65349,59,48.32,3.39
450500.0,3298500.0,122.48771,29.81594,59,93.03,2.25
411500.0,3177500.0,122.09381,28.7218,59,72.45,19.29
422500.0,3235500.0,122.20243,29.24596,59,17.67,4.35
463500.0,3285500.0,122.62269,29.69907,59,3.93,5.06
484500.0,3287500.0,122.83974,29.71756,59,55.16,18.8
384500.0,3279500.0,121.80679,29.64009,59,108.82,1.35
417500.0,3318500.0,122.14468,29.99465,59,42.49,2.81
384500.0,3341500.0,121.8001,30.1995,59,84.42,15.77
420500.0,3200500.0,122.18434,28.92996,59,51.2,20.53
412500.0,3211500.0,122.10141,29.02872,59,86.58,2.89
413500.0,3251500.0,122.10856,29.38977,59,70.82,7.1
455500.0,3193500.0,122.5437,28.86848,59,151.93,160.75
475500.0,3241500.0,122.74772,29.30225,59,72.15,146.65
487500.0,3281500.0,122.87083,29.66344,59,143.62,3.95
492500.0,3300500.0,122.92237,29.83496,59,45.02,37.36
471500.0,3316500.0,122.70457,29.97904,59,4.01,5.77
510500.0,3304500.0,123.10873,29.87103,59,105.26,11.95
445500.0,3308500.0,122.43546,29.90597,59,53.47,80.92
484500.0,3294500.0,122.83964,29.78073,59,83.06,8.75
330500.0,3181500.0,121.26406,28.74979,59,158.79,3.36
407500.0,3163500.0,122.05399,28.59516,59,89.01,3.49
426500.0,3338500.0,122.23659,30.17569,59,75.86,8.64
408500.0,3174500.0,122.06334,28.69451,59,164.04,179.05
476500.0,3250500.0,122.75783,29.3835,59,161.9,230.19
383500.0,3208500.0,121.80395,28.99932,59,150.54,291.48
358500.0,3266500.0,121.53994,29.52011,59,74.47,1.35
415500.0,3314500.0,122.12426,29.95842,59,46.37,1.86
496500.0,3243500.0,122.96395,29.32054,59,150.62,294.26
516500.0,3321500.0,123.17112,30.02439,59,68.88,16.0
400500.0,3306500.0,121.96957,29.8851,59,158.64,173.07
451500.0,3315500.0,122.49729,29.96939,59,161.6,1.7
384500.0,3157500.0,121.81941,28.53917,59,32.6,14.47
423500.0,3240500.0,122.21237,29.29115,59,43.61,5.04
492500.0,3283500.0,122.92248,29.68153,59,178.34,8.99
455500.0,3293500.0,122.53967,29.771,59,18.97,5.22
518500.0,3299500.0,123.19148,29.82582,59,62.41,45.84
399500.0,3162500.0,121.97227,28.58554,59,44.33,5.16
461500.0,3286500.0,122.60198,29.70803,59,93.26,2.22
461500.0,3294500.0,122.6017,29.78023,59,165.41,5.58
475500.0,3281500.0,122.74683,29.66326,58,3.63,3.03
486500.0,3297500.0,122.8603,29.80783,58,62.84,16.16
494500.0,3306500.0,122.94304,29.88912,58,74.17,39.14
410500.0,3176500.0,122.08365,28.7127,58,92.54,7.39
407500.0,3182500.0,122.05245,28.76664,58,43.15,4.98
380500.0,3156500.0,121.77864,28.52978,58,62.14,19.92
398500.0,3155500.0,121.96267,28.52229,58,126.94,2.84
387500.0,3353500.0,121.82997,30.30805,58,115.66,3.7
434500.0,3206500.0,122.32762,28.98491,58,52.85,3.06
433500.0,3197500.0,122.31789,28.90363,58,88.45,10.39
431500.0,3217500.0,122.29615,29.08403,58,14.25,2.03
439500.0,3237500.0,122.37726,29.26494,58,50.57,67.67
488500.0,3309500.0,122.88086,29.91615,58,12.73,8.5
459500.0,3337500.0,122.57937,30.16822,58,36.87,18.76
388500.0,3280500.0,121.848,29.64948,58,33.68,7.14
485500.0,3290500.0,122.85004,29.74465,58,161.73,279.94
381500.0,3151500.0,121.78937,28.48475,58,88.38,5.3
378500.0,3183500.0,121.75533,28.77326,58,85.54,3.92
386500.0,3276500.0,121.82776,29.6132,58,73.26,2.72
404500.0,3177500.0,122.02214,28.7213,58,35.17,4.84
486500.0,3288500.0,122.86041,29.72661,58,21.06,3.09
322500.0,3324500.0,121.15907,30.03869,58,169.8,124.32
393500.0,3349500.0,121.89277,30.2725,58,165.96,6.73
425500.0,3215500.0,122.23464,29.06564,58,52.21,4.28
455500.0,3254500.0,122.54126,29.41903,58,59.84,40.08
387500.0,3179500.0,121.8479,28.73798,58,153.33,1.75
404500.0,3161500.0,122.02348,28.5769,58,93.62,4.7
414500.0,3225500.0,122.12088,29.1552,58,60.94,6.38
424500.0,3213500.0,122.2245,29.04753,58,8.24,2.75
519500.0,3289500.0,123.20165,29.73555,58,171.53,5.09
502500.0,3308500.0,123.0259,29.90718,58,98.43,3.43
384500.0,3143500.0,121.82082,28.41282,58,173.64,3.45
437500.0,3195500.0,122.35903,28.88578,58,137.08,231.69
462500.0,3280500.0,122.61253,29.65391,58,119.44,2.24
485500.0,3293500.0,122.85,29.77172,58,63.66,22.03
435500.0,3158500.0,122.34061,28.55173,58,55.66,1260.14
472500.0,3248500.0,122.71666,29.36537,58,123.01,24.65
445500.0,3193500.0,122.44116,28.86809,58,80.89,14.99
437500.0,3326500.0,122.35154,30.06802,58,85.6,41.14
460500.0,3190500.0,122.59507,28.84157,58,69.2,17.13
381500.0,3351500.0,121.76781,30.28943,58,132.29,6.0
404500.0,3144500.0,122.02489,28.42346,58,75.79,3.25
457500.0,3169500.0,122.56511,28.65192,58,80.7,26.19
484500.0,3251500.0,122.84025,29.39265,58,40.99,9.38
479500.0,3279500.0,122.7882,29.64529,58,37.03,10.83
453500.0,3289500.0,122.51915,29.73483,58,116.89,9.46
389500.0,3168500.0,121.86945,28.63888,58,104.79,1.99
380500.0,3330500.0,121.75979,30.09987,58,97.86,383.51
429500.0,3257500.0,122.27306,29.44492,58,59.99,37.75
456500.0,3345500.0,122.54789,30.2403,58,70.77,10.84
423500.0,3199500.0,122.21519,28.92112,58,50.09,5.91
404500.0,3265500.0,122.0146,29.51545,58,129.69,10.54
430500.0,3276500.0,122.28216,29.61644,58,4.14,4.12
446500.0,3334500.0,122.44451,30.14064,58,45.67,13.53
453500.0,3335500.0,122.51715,30.14995,58,161.58,3.99
455500.0,3321500.0,122.5385,30.02369,58,26.75,17.4
512500.0,3300500.0,123.12939,29.83492,58,86.32,47.18
507500.0,3296500.0,123.07761,29.79886,58,75.26,37.7
514500.0,3293500.0,123.15,29.77172,58,35.39,2.7
396500.0,3323500.0,121.9265,30.03817,57,106.34,3.71
493500.0,3317500.0,122.93261,29.98838,57,52.87,6.52
496500.0,3335500.0,122.96366,30.15084,57,73.78,6.56
409500.0,3284500.0,122.06461,29.68728,57,130.51,1.7
433500.0,3306500.0,122.31129,29.88733,57,1.59,1.72
495500.0,3298500.0,122.95343,29.81692,57,88.47,2.87
448500.0,3314500.0,122.46625,29.96025,57,55.19,32.93
481500.0,3268500.0,122.80905,29.54604,57,77.78,46.87
392500.0,3341500.0,121.88319,30.20023,57,128.3,12.48
433500.0,3198500.0,122.31783,28.91265,57,87.12,29.51
425500.0,3222500.0,122.23417,29.12882,57,175.94,6.49
409500.0,3217500.0,122.07012,29.08265,57,104.92,21.87
420500.0,3297500.0,122.17733,29.80534,57,136.98,1.12
458500.0,3292500.0,122.57074,29.76208,57,75.47,2.38
462500.0,3344500.0,122.61028,30.23148,57,88.38,161.51
458500.0,3349500.0,122.56852,30.27647,57,28.78,2.8
398500.0,3175500.0,121.96089,28.70279,57,76.27,10.43
431500.0,3353500.0,122.28755,30.31134,57,59.28,15.63
464500.0,3298500.0,122.6326,29.81642,57,61.21,2.09
528500.0,3259500.0,123.29393,29.46463,57,31.57,2.1
405500.0,3177500.0,122.03238,28.72137,57,51.82,16.02
412500.0,3213500.0,122.10126,29.04676,57,73.15,2.41
423500.0,3284500.0,122.2093,29.68822,57,178.08,23.67
377500.0,3146500.0,121.74905,28.43926,57,40.63,4.32
390500.0,3168500.0,121.87968,28.63896,57,124.34,1.1
377500.0,3157500.0,121.74787,28.53853,57,76.45,5.09
355500.0,3255500.0,121.51044,29.42052,57,118.75,1.31
386500.0,3280500.0,121.82734,29.64929,57,129.46,3.23
496500.0,3297500.0,122.96378,29.8079,57,18.07,3.5
507500.0,3341500.0,123.07792,30.20496,57,53.39,14.32
378500.0,3155500.0,121.75831,28.52057,57,23.54,2.65
366500.0,3228500.0,121.62707,29.17812,57,129.96,6.11
365500.0,3266500.0,121.61215,29.52088,57,176.54,3.11
414500.0,3208500.0,122.12218,29.00178,57,109.48,2.24
408500.0,3193500.0,122.0618,28.86599,57,122.54,1.95
414500.0,3184500.0,122.124,28.78518,57,146.38,217.22
438500.0,3279500.0,122.36461,29.64393,57,38.53,2.17
418500.0,3274500.0,122.15837,29.59766,57,6.83,10.13
446500.0,3291500.0,122.44667,29.7526,57,54.5,1.51
470500.0,3279500.0,122.69521,29.64511,57,20.39,4.91
499500.0,3331500.0,122.99481,30.11474,57,37.3,5.59
400500.0,3321500.0,121.96817,30.02045,57,48.53,5.82
426500.0,3208500.0,122.24537,29.00252,57,58.64,30.52
430500.0,3218500.0,122.28582,29.093,57,102.06,23.85
404500.0,3241500.0,122.01669,29.29887,57,74.43,100.98
439500.0,3277500.0,122.37505,29.62593,57,50.12,1.73
451500.0,3314500.0,122.49734,29.96037,57,119.53,2.13
502500.0,3347500.0,123.02599,30.25913,57,70.94,5.42
456500.0,3289500.0,122.55017,29.73494,57,158.9,1.87
400500.0,3283500.0,121.97169,29.67757,57,21.26,36.1
405500.0,3182500.0,122.03197,28.7665,57,69.13,5.67
446500.0,3306500.0,122.44592,29.88797,57,90.36,15.01
390500.0,3148500.0,121.88159,28.45847,57,158.56,5.02
400500.0,3214500.0,121.97793,29.05491,57,63.81,31.01
412500.0,3216500.0,122.10102,29.07384,57,80.63,35.05
463500.0,3195500.0,122.62567,28.88678,57,58.03,76.45
413500.0,3192500.0,122.11314,28.85731,57,60.07,16.7
403500.0,3235500.0,122.00692,29.24465,57,10.37,5.83
447500.0,3285500.0,122.4573,29.69849,57,165.9,26.63
467500.0,3194500.0,122.66672,28.87787,57,71.07,78.53
382500.0,3190500.0,121.79557,28.8368,57,47.94,6.34
425500.0,3200500.0,122.23564,28.93026,57,88.58,3.68
502500.0,3282500.0,123.02584,29.67253,57,25.87,5.81
458500.0,3283500.0,122.57108,29.68086,57,156.87,6.16
463500.0,3274500.0,122.62306,29.59979,56,75.19,1.59
451500.0,3313500.0,122.49738,29.95134,56,126.62,1.44
379500.0,3340500.0,121.74828,30.18999,56,50.1,1.45
449500.0,3287500.0,122.47788,29.71663,56,134.42,7.03
479500.0,3287500.0,122.78805,29.71749,56,98.96,2.32
408500.0,3166500.0,122.06398,28.62231,56,85.43,4.12
519500.0,3350500.0,123.20277,30.28605,56,94.95,4.86
412500.0,3151500.0,122.10604,28.4872,56,147.73,1.82
424500.0,3184500.0,122.22645,28.7858,56,62.51,8.35
409500.0,3210500.0,122.07069,29.01948,56,16.06,4.28
441500.0,3285500.0,122.39528,29.69823,56,103.7,1.45
452500.0,3320500.0,122.50744,30.01455,56,32.27,11.86
444500.0,3312500.0,122.4249,29.94202,56,132.25,2.34
486500.0,3285500.0,122.86045,29.69953,56,69.28,6.17
415500.0,3345500.0,122.12179,30.23814,56,106.58,3.2
396500.0,3169500.0,121.94097,28.64848,56,51.85,8.85
394500.0,3347500.0,121.90337,30.25454,56,147.16,4.96
516500.0,3323500.0,123.17115,30.04244,56,73.49,35.92
398500.0,3281500.0,121.95121,29.65936,56,1.01,1.89
394500.0,3348500.0,121.90327,30.26357,56,0.72,3.0
465500.0,3304500.0,122.64276,29.8706,56,86.46,47.26
409500.0,3199500.0,122.07158,28.92021,56,165.31,45.11
424500.0,3208500.0,122.22484,29.00241,56,102.77,24.49
497500.0,3340500.0,122.97403,30.19596,56,84.94,43.15
470500.0,3240500.0,122.69626,29.29312,56,71.0,17.42
479500.0,3274500.0,122.78829,29.60016,56,121.05,3.34
471500.0,3314500.0,122.70462,29.961,56,120.64,2.5
469500.0,3228500.0,122.6863,29.18479,56,75.32,159.86
385500.0,3178500.0,121.82753,28.72878,56,67.81,7.51
422500.0,3346500.0,122.19446,30.24763,56,92.19,1.09
413500.0,3219500.0,122.11106,29.10098,56,77.69,8.39
419500.0,3215500.0,122.17301,29.06528,56,60.29,7.2
471500.0,3284500.0,122.70541,29.69025,56,38.36,6.15
368500.0,3194500.0,121.65163,28.87153,56,28.72,34.44
454500.0,3286500.0,122.52962,29.7078,56,144.92,3.32
407500.0,3178500.0,122.05278,28.73054,56,51.59,11.3
294500.0,3316500.0,120.87037,29.96216,56,143.3,49.09
387500.0,3158500.0,121.84997,28.54846,56,53.75,16.97
446500.0,3329500.0,122.44477,30.09552,56,179.28,5.18
422500.0,3333500.0,122.19542,30.13033,56,30.22,3.24
432500.0,3335500.0,122.2991,30.14897,56,131.97,10.18
491500.0,3305500.0,122.91197,29.88007,56,75.81,181.52
470500.0,3316500.0,122.6942,29.97902,56,75.59,1559.5
513500.0,3246500.0,123.13907,29.34755,56,172.96,4949.69
507500.0,3282500.0,123.07751,29.67251,56,79.95,4.07
479500.0,3270500.0,122.78837,29.56406,56,171.6,289.48
476500.0,3286500.0,122.75705,29.70841,56,147.23,1.26
516500.0,3327500.0,123.17121,30.07853,56,169.51,216.54
406500.0,3234500.0,122.03787,29.23585,56,33.45,20.45
442500.0,3279500.0,122.40594,29.64412,56,18.77,27.97
444500.0,3294500.0,122.42583,29.77958,56,162.26,3.42
449500.0,3336500.0,122.47557,30.15882,56,45.61,70.02
465500.0,3235500.0,122.64494,29.24787,56,76.48,70.03
462500.0,3287500.0,122.61228,29.71709,56,69.02,25.91
525500.0,3288500.0,123.26367,29.72642,56,175.47,5162.07
431500.0,3273500.0,122.29267,29.58942,56,46.29,9.04
479500.0,3264500.0,122.78848,29.50991,56,179.73,181.79
445500.0,3294500.0,122.43617,29.77963,56,175.02,5.84
429500.0,3190500.0,122.2773,28.84024,56,0.16,15.48
419500.0,3280500.0,122.16825,29.65187,56,139.63,3.94
443500.0,3293500.0,122.41554,29.77051,56,110.74,16.55
390500.0,3175500.0,121.87901,28.70214,56,92.25,2.93
500500.0,3286500.0,123.00517,29.70863,56,50.18,9.75
533500.0,3277500.0,123.34605,29.62695,56,17.35,115.65
375500.0,3270500.0,121.71486,29.55801,55,36.37,62.28
403500.0,3167500.0,122.01275,28.63097,55,84.77,8.06
411500.0,3277500.0,122.08585,29.62426,55,139.4,9.55
476500.0,3270500.0,122.7574,29.56401,55,67.01,2.23
435500.0,3333500.0,122.33037,30.13109,55,148.81,10.55
456500.0,3295500.0,122.54993,29.78909,55,13.04,3.24
362500.0,3173500.0,121.59267,28.68141,55,81.98,1.69
400500.0,3254500.0,121.97433,29.41588,55,171.97,5.2
400500.0,3341500.0,121.96629,30.20091,55,110.72,59.3
411500.0,3234500.0,122.08932,29.23621,55,15.6,58.48
436500.0,3245500.0,122.34592,29.33699,55,31.18,7.38
450500.0,3317500.0,122.48684,29.9874,55,5.71,2.46
486500.0,3286500.0,122.86043,29.70856,55,39.47,3.08
313500.0,3324500.0,121.06577,30.03735,55,8.76,96.65
404500.0,3317500.0,122.01,29.98468,55,111.6,1.42
446500.0,3303500.0,122.44607,29.86089,55,56.51,19.84
422500.0,3283500.0,122.19903,29.67913,55,66.33,5.1
463500.0,3289500.0,122.62256,29.73517,55,121.99,2.8
469500.0,3293500.0,122.68449,29.77143,55,169.59,17.98
510500.0,3348500.0,123.10916,30.26811,55,168.61,2.43
420500.0,3293500.0,122.17763,29.76925,55,74.22,2.24
450500.0,3312500.0,122.48707,29.94228,55,79.89,1.63
451500.0,3249500.0,122.50025,29.37376,55,40.52,28.82
368500.0,3147500.0,121.65704,28.44741,55,57.45,2.28
392500.0,3225500.0,121.8947,29.15352,55,33.7,1.47
368500.0,3269500.0,121.64274,29.54827,55,169.74,2.28
421500.0,3207500.0,122.19411,28.9932,55,142.03,120.36
450500.0,3307500.0,122.4873,29.89716,55,83.88,20.08
448500.0,3352500.0,122.4644,30.30316,55,131.16,4.55
486500.0,3290500.0,122.86038,29.74466,55,67.37,17.64
437500.0,3222500.0,122.35752,29.12947,55,154.06,733.36
441500.0,3277500.0,122.39571,29.62603,55,2.81,3.89
291500.0,3325500.0,120.83754,30.04281,55,136.67,227.24
402500.0,3221500.0,121.99786,29.11823,55,93.55,61.45
434500.0,3217500.0,122.32698,29.08419,55,49.99,9.54
437500.0,3325500.0,122.3516,30.059,55,85.12,29.91
461500.0,3198500.0,122.60505,28.9138,55,161.87,505.04
476500.0,3275500.0,122.75729,29.60913,55,58.04,2.12
429500.0,3220500.0,122.27541,29.111,55,149.2,346.27
486500.0,3300500.0,122.86026,29.83491,55,27.58,4.16
404500.0,3266500.0,122.01452,29.52448,55,65.36,3.26
375500.0,3142500.0,121.72906,28.40297,55,10.09,10.45
374500.0,3215500.0,121.71079,29.06163,55,49.92,2.04
418500.0,3280500.0,122.15792,29.65181,55,108.48,15.89
407500.0,3315500.0,122.04127,29.96686,55,23.56,3.31
446500.0,3305500.0,122.44597,29.87894,55,87.43,145.17
456500.0,3290500.0,122.55013,29.74397,55,14.23,2.54
374500.0,3188500.0,121.7138,28.81799,55,106.09,19.18
397500.0,3294500.0,121.93965,29.77658,55,46.11,5.07
446500.0,3288500.0,122.44682,29.72553,55,28.64,2.14
456500.0,3193500.0,122.55395,28.86851,55,143.32,186.59
478500.0,3285500.0,122.77775,29.69942,55,23.51,24.08
515500.0,3322500.0,123.16076,30.03342,55,85.57,62.81
514500.0,3313500.0,123.15027,29.95222,55,35.65,2.75
506500.0,3344500.0,123.06755,30.23204,55,158.01,192.14
392500.0,3159500.0,121.90098,28.55791,55,2.22,1.86
399500.0,3159500.0,121.97254,28.55847,55,57.94,2.01
401500.0,3259500.0,121.98419,29.46107,55,126.19,40.3
403500.0,3179500.0,122.01174,28.73927,55,56.94,9.66
476500.0,3265500.0,122.75751,29.51888,55,159.62,412.29
397500.0,3152500.0,121.95272,28.49514,55,171.17,4.75
395500.0,3202500.0,121.92769,28.94621,55,71.35,40.37
424500.0,3200500.0,122.22538,28.93021,55,63.52,8.47
408500.0,3237500.0,122.0582,29.26307,55,46.77,131.62
418500.0,3257500.0,122.15964,29.44425,55,66.55,4.73
438500.0,3330500.0,122.36169,30.10417,55,169.96,9.42
455500.0,3294500.0,122.53962,29.78003,55,124.24,14.0
432500.0,3202500.0,122.30733,28.9487,55,100.15,13.27
451500.0,3317500.0,122.4972,29.98744,55,149.06,3.11
443500.0,3341500.0,122.41299,30.20367,55,66.54,23.71
495500.0,3214500.0,122.95377,29.05879,55,171.24,121.11
535500.0,3295500.0,123.3673,29.78935,55,70.62,9.12
412500.0,3239500.0,122.09921,29.28141,54,43.87,7.08
414500.0,3258500.0,122.11832,29.45301,54,90.39,21.67
417500.0,3333500.0,122.14351,30.13,54,132.88,1.44
421500.0,3331500.0,122.18518,30.11222,54,81.87,1.97
476500.0,3271500.0,122.75738,29.57303,54,93.22,65.46
470500.0,3294500.0,122.6948,29.78048,54,36.23,10.52
412500.0,3312500.0,122.09334,29.94016,54,15.02,71.91
468500.0,3286500.0,122.67435,29.70823,54,58.46,6.17
427500.0,3337500.0,122.24705,30.16673,54,25.72,2.2
399500.0,3170500.0,121.97157,28.65774,54,162.58,6.13
396500.0,3199500.0,121.93823,28.91922,54,71.89,7.07
410500.0,3146500.0,122.086,28.44194,54,114.05,1.45
429500.0,3208500.0,122.27617,29.00269,54,57.46,56.34
442500.0,3218500.0,122.40912,29.0936,54,143.88,4.05
435500.0,3307500.0,122.33194,29.89646,54,149.14,7.61
491500.0,3299500.0,122.91202,29.82593,54,83.23,25.94
417500.0,3336500.0,122.14328,30.15707,54,102.35,1.84
482500.0,3281500.0,122.81916,29.66338,54,48.61,1.97
294500.0,3323500.0,120.86902,30.02529,54,115.64,19.71
401500.0,3144500.0,121.99427,28.42324,54,81.05,4.19
400500.0,3211500.0,121.97819,29.02783,54,70.71,62.19
413500.0,3244500.0,122.10911,29.3266,54,78.99,7.94
450500.0,3353500.0,122.48515,30.31227,54,147.22,38.34
463500.0,3325500.0,122.62133,30.06005,54,9.69,546.68
406500.0,3223500.0,122.0388,29.13658,54,165.22,4.0
449500.0,3246500.0,122.47978,29.34661,54,56.2,14.38
433500.0,3289500.0,122.31234,29.73392,54,95.49,2.98
451500.0,3333500.0,122.49647,30.13183,54,121.16,2.55
496500.0,3333500.0,122.96366,30.13279,54,123.51,13.76
456500.0,3348500.0,122.54776,30.26738,54,112.12,3.54
506500.0,3282500.0,123.06717,29.67251,54,21.99,5.22
413500.0,3246500.0,122.10896,29.34465,54,93.47,66.98
393500.0,3335500.0,121.89418,30.14618,54,31.04,4.36
379500.0,3351500.0,121.74702,30.28923,54,174.26,3.9
408500.0,3199500.0,122.06132,28.92014,54,72.45,60.98
481500.0,3275500.0,122.80893,29.60922,54,75.73,21.1
476500.0,3263500.0,122.75755,29.50083,54,66.98,1.85
464500.0,3324500.0,122.63174,30.05106,54,97.35,2.51
509500.0,3264500.0,123.09802,29.51004,54,52.24,184.28
502500.0,3276500.0,123.02582,29.61838,54,66.39,2.17
511500.0,3348500.0,123.11956,30.2681,54,161.34,7.14
416500.0,3273500.0,122.1378,29.5885,54,12.55,143.04
353500.0,3174500.0,121.50045,28.68944,54,151.51,1.4
440500.0,3352500.0,122.3812,30.30279,54,19.32,37.05
425500.0,3202500.0,122.2355,28.94832,54,59.78,31.34
436500.0,3287500.0,122.34348,29.71603,54,116.08,15.49
447500.0,3314500.0,122.45588,29.9602,54,28.58,1.84
487500.0,3284500.0,122.8708,29.69052,54,79.03,2.03
393500.0,3167500.0,121.91046,28.63019,54,70.45,11.59
382500.0,3194500.0,121.79515,28.87289,54,98.77,44.86
483500.0,3249500.0,122.82998,29.37459,54,1.63,2.98
435500.0,3157500.0,122.34067,28.5427,54,149.68,268.8
413500.0,3240500.0,122.10943,29.2905,54,70.0,4.91
496500.0,3328500.0,122.96368,30.08767,54,44.36,25.49
405500.0,3144500.0,122.0351,28.42354,54,71.27,173.0
408500.0,3350500.0,122.04861,30.28275,54,73.54,311.98
531500.0,3347500.0,123.32745,30.25872,54,87.07,25.72
387500.0,3143500.0,121.85144,28.41309,54,14.79,65.86
399500.0,3180500.0,121.97069,28.74799,54,60.92,6.63
382500.0,3162500.0,121.79846,28.58411,54,56.46,3.71
371500.0,3173500.0,121.68476,28.68234,54,33.91,6.96
450500.0,3338500.0,122.48586,30.17691,54,40.24,10.64
457500.0,3290500.0,122.56047,29.744,54,86.0,8.84
464500.0,3299500.0,122.63257,29.82544,54,35.74,1.84
504500.0,3306500.0,123.04661,29.88912,54,83.34,10.57
391500.0,3165500.0,121.89019,28.61197,54,54.73,5.9
410500.0,3213500.0,122.08072,29.04663,54,102.17,5.5
457500.0,3294500.0,122.56031,29.7801,54,160.68,4.04
393500.0,3351500.0,121.89257,30.29055,54,52.5,83.09
505500.0,3308500.0,123.05697,29.90717,54,1.43,43.6
521500.0,3332500.0,123.2232,30.12358,54,111.19,56.37
389500.0,3343500.0,121.85182,30.21801,54,152.66,12.46
391500.0,3316500.0,121.87536,29.97457,53,177.06,2.13
386500.0,3337500.0,121.8213,30.1636,53,179.12,4.45
440500.0,3231500.0,122.38788,29.21084,53,60.89,9.42
488500.0,3280500.0,122.88117,29.65443,53,167.94,149.95
465500.0,3272500.0,122.64378,29.5818,53,149.31,566.3
493500.0,3326500.0,122.93256,30.0696,53,66.03,2.93
394500.0,3333500.0,121.90477,30.12822,53,31.85,2.04
428500.0,3347500.0,122.25675,30.25702,53,56.92,1.54
468500.0,3219500.0,122.67627,29.10354,53,76.15,44.23
489500.0,3309500.0,122.89122,29.91616,53,31.6,7.18
452500.0,3297500.0,122.50846,29.80699,53,0.42,2.36
404500.0,3163500.0,122.02332,28.59495,53,122.82,3.88
410500.0,3344500.0,122.06992,30.22876,53,42.14,1.87
389500.0,3184500.0,121.8679,28.78327,53,51.02,88.2
410500.0,3224500.0,122.07983,29.1459,53,179.11,1.79
474500.0,3288500.0,122.73633,29.72642,53,59.4,4.81
453500.0,3321500.0,122.51776,30.02361,53,34.48,21.82
393500.0,3317500.0,121.89599,29.98377,53,67.08,1.43
390500.0,3345500.0,121.862,30.23614,53,125.63,16.86
409500.0,3208500.0,122.07085,29.00143,53,113.82,3.86
445500.0,3302500.0,122.43577,29.85182,53,57.83,6.6
287500.0,3322500.0,120.79667,30.01507,53,6.46,11.05
380500.0,3277500.0,121.76569,29.62166,53,63.76,1.24
400500.0,3291500.0,121.97095,29.74975,53,145.09,8.5
378500.0,3182500.0,121.75543,28.76423,53,75.52,3.22
390500.0,3330500.0,121.86356,30.1008,53,1.39,3.65
378500.0,3153500.0,121.75852,28.50253,53,94.49,5.71
449500.0,3280500.0,122.47821,29.65345,53,82.56,27.35
403500.0,3160500.0,122.01334,28.5678,53,76.14,5.8
416500.0,3200500.0,122.14331,28.92971,53,106.8,6.34
415500.0,3247500.0,122.12948,29.35381,53,74.78,29.71
456500.0,3275500.0,122.55073,29.60859,53,138.15,9.99
484500.0,3273500.0,122.83994,29.59121,53,119.3,4.3
385500.0,3281500.0,121.8169,29.65823,53,13.7,5.97
406500.0,3147500.0,122.04507,28.45069,53,42.27,200.35
442500.0,3237500.0,122.40814,29.26508,53,140.54,207.76
411500.0,3256500.0,122.08755,29.43475,53,67.23,4.04
435500.0,3297500.0,122.33254,29.80622,53,71.64,3.15
487500.0,3279500.0,122.87085,29.64539,53,116.34,4.66
508500.0,3238500.0,123.0875,29.27539,53,75.66,2.86
387500.0,3277500.0,121.83798,29.62232,53,31.92,4.42
453500.0,3259500.0,122.52043,29.46409,53,59.92,86.22
477500.0,3267500.0,122.76778,29.53695,53,59.95,6.02
496500.0,3303500.0,122.96376,29.86205,53,174.32,7.85
463500.0,3278500.0,122.62293,29.63589,53,159.74,3.05
380500.0,3145500.0,121.77978,28.43051,53,73.52,12.03
400500.0,3180500.0,121.98093,28.74807,53,52.62,7.83
503500.0,3283500.0,123.03617,29.68155,53,0.68,13.53
515500.0,3352500.0,123.1612,30.30416,53,54.21,6.34
436500.0,3281500.0,122.34383,29.66188,53,31.34,8.83
457500.0,3195500.0,122.56413,28.8866,53,154.13,259.06
455500.0,3252500.0,122.54134,29.40098,53,53.65,23.07
485500.0,3331500.0,122.84949,30.11466,53,130.87,27.61
509500.0,3284500.0,123.0982,29.69054,53,5.65,6.02
504500.0,3334500.0,123.04672,30.14181,53,20.4,7.7
401500.0,3312500.0,121.97937,29.93933,53,72.27,2.25
396500.0,3307500.0,121.92805,29.8938,53,25.86,7.32
414500.0,3346500.0,122.11132,30.24709,53,155.04,2.11
473500.0,3251500.0,122.72689,29.39247,53,82.32,18.52
463500.0,3275500.0,122.62303,29.60882,53,65.93,5.29
509500.0,3273500.0,123.0981,29.59127,53,33.73,4.4
501500.0,3275500.0,123.01549,29.60935,53,40.7,1.7
507500.0,3348500.0,123.07797,30.26813,53,54.96,76.01
396500.0,3152500.0,121.9425,28.49506,53,103.69,1.45
449500.0,3307500.0,122.47694,29.89712,53,119.41,44.42
493500.0,3284500.0,122.93281,29.69056,53,38.19,1.2
452500.0,3321500.0,122.50739,30.02358,53,34.88,2.88
384500.0,3225500.0,121.81246,29.15282,53,168.47,4.72
411500.0,3190500.0,122.0928,28.83912,53,141.14,67.28
429500.0,3251500.0,122.27344,29.39077,53,41.21,4.53
430500.0,3275500.0,122.28222,29.60741,53,10.34,89.57
454500.0,3295500.0,122.52924,29.78902,53,173.39,5.06
497500.0,3345500.0,122.97402,30.24108,53,90.52,8.58
495500.0,3349500.0,122.95321,30.27717,53,170.31,19.74
511500.0,3297500.0,123.11901,29.80785,53,81.9,15.71
414500.0,3186500.0,122.12385,28.80323,53,57.08,13.48
494500.0,3284500.0,122.94315,29.69057,53,93.23,4.42
503500.0,3284500.0,123.03618,29.69058,53,87.61,9.04
543500.0,3281500.0,123.44951,29.66274,53,74.78,31.78
451500.0,3285500.0,122.49865,29.69866,52,164.35,51.83
464500.0,3279500.0,122.63322,29.64495,52,36.99,7.02
508500.0,3347500.0,123.08836,30.2591,52,68.31,2.05
457500.0,3297500.0,122.5602,29.80717,52,162.25,1.89
493500.0,3303500.0,122.9327,29.86204,52,37.98,10.21
455500.0,3300500.0,122.53938,29.83418,52,177.87,1.17
493500.0,3304500.0,122.93269,29.87106,52,165.98,134.18
401500.0,3145500.0,121.99418,28.43227,52,78.9,2.26
375500.0,3160500.0,121.72711,28.56541,52,130.69,2.81
401500.0,3253500.0,121.98473,29.40693,52,149.47,90.22
437500.0,3228500.0,122.35718,29.18362,52,51.44,13.52
417500.0,3213500.0,122.15261,29.0471,52,29.34,2.72
400500.0,3332500.0,121.96714,30.11971,52,124.41,1.26
529500.0,3259500.0,123.30424,29.4646,52,26.77,7.14
380500.0,3210500.0,121.77295,29.01709,52,136.91,9.43
383500.0,3281500.0,121.79624,29.65804,52,19.96,1.77
501500.0,3333500.0,123.01557,30.13279,52,45.15,7.12
369500.0,3148500.0,121.66714,28.45653,52,67.41,7.63
381500.0,3154500.0,121.78906,28.51183,52,66.79,1.53
401500.0,3288500.0,121.98157,29.72276,52,114.74,2.8
435500.0,3225500.0,122.33679,29.15644,52,113.11,40.75
448500.0,3280500.0,122.46788,29.65341,52,178.09,4.98
470500.0,3312500.0,122.69431,29.94292,52,153.71,11.34
376500.0,3175500.0,121.73571,28.70087,52,4.85,3.11
432500.0,3227500.0,122.30582,29.17433,52,56.38,55.46
423500.0,3286500.0,122.20916,29.70627,52,165.33,3.12
496500.0,3330500.0,122.96367,30.10571,52,85.36,3.91
511500.0,3311500.0,123.11916,29.9342,52,123.05,2.16
503500.0,3333500.0,123.03634,30.13279,52,61.8,20.07
352500.0,3296500.0,121.47397,29.79007,52,95.42,3.61
375500.0,3150500.0,121.72819,28.47517,52,61.91,2.13
461500.0,3280500.0,122.60219,29.65388,52,35.84,1.43
458500.0,3293500.0,122.5707,29.77111,52,179.66,1.87
500500.0,3182500.0,123.00512,28.76996,52,52.82,2.58
511500.0,3347500.0,123.11955,30.25908,52,170.53,5.82
399500.0,3143500.0,121.97394,28.41406,52,76.96,5.25
418500.0,3318500.0,122.15504,29.99471,52,53.07,2.44
397500.0,3185500.0,121.94976,28.79296,52,56.28,5.58
492500.0,3298500.0,122.92238,29.81691,52,93.47,17.3
405500.0,3181500.0,122.03205,28.75747,52,24.84,1.29
406500.0,3195500.0,122.04113,28.88389,52,76.58,3.76
413500.0,3241500.0,122.10935,29.29952,52,80.6,12.55
437500.0,3327500.0,122.35149,30.07705,52,93.4,26.13
452500.0,3188500.0,122.51315,28.82324,52,150.07,969.68
475500.0,3250500.0,122.74752,29.38348,52,73.27,43.45
436500.0,3282500.0,122.34377,29.67091,52,17.34,1.77
473500.0,3242500.0,122.7271,29.31124,52,40.95,11.14
467500.0,3277500.0,122.66428,29.62698,52,61.76,38.09
467500.0,3297500.0,122.66368,29.80748,52,92.77,1.23
463500.0,3321500.0,122.62147,30.02395,52,156.99,4.67
462500.0,3350500.0,122.61007,30.28563,52,92.95,8.81
508500.0,3173500.0,123.08701,28.6887,52,147.88,33625.17
503500.0,3319500.0,123.03629,30.00644,52,71.66,5.06
377500.0,3215500.0,121.7416,29.06193,52,27.15,9.59
416500.0,3206500.0,122.14286,28.98386,52,105.69,1.63
430500.0,3222500.0,122.28557,29.1291,52,43.77,1.75
492500.0,3285500.0,122.92247,29.69958,52,178.73,53.85
472500.0,3284500.0,122.71575,29.69028,52,36.61,3.37
488500.0,3285500.0,122.88112,29.69955,52,43.95,79.51
508500.0,3237500.0,123.08749,29.26636,52,86.01,7.66
506500.0,3307500.0,123.06733,29.89814,52,53.14,2.77
505500.0,3293500.0,123.0569,29.77179,52,75.15,90.11
374500.0,3145500.0,121.71852,28.42995,52,66.15,8.04
399500.0,3153500.0,121.97306,28.50432,52,48.81,2.77
395500.0,3211500.0,121.92685,29.02743,52,6.87,129.44
379500.0,3330500.0,121.74941,30.09977,52,97.93,419.59
427500.0,3147500.0,122.25953,28.45202,52,56.37,303.28
434500.0,3261500.0,122.32437,29.48129,52,24.36,4.47
424500.0,3268500.0,122.22074,29.54389,52,113.47,5.55
486500.0,3277500.0,122.86055,29.62733,52,112.79,531.34
386500.0,3175500.0,121.83806,28.70179,52,30.65,9.83
398500.0,3208500.0,121.95793,29.0006,52,74.25,1.83
431500.0,3193500.0,122.29762,28.86742,52,39.82,9.17
442500.0,3255500.0,122.4072,29.42753,52,65.08,10.96
436500.0,3291500.0,122.34325,29.75213,52,110.37,4.05
507500.0,3291500.0,123.07757,29.75373,52,68.63,3.46
514500.0,3339500.0,123.15062,30.18685,52,82.13,30.19
467500.0,3286500.0,122.66401,29.7082,52,134.92,22.3
501500.0,3246500.0,123.01545,29.34762,52,83.24,55.48
466500.0,3224500.0,122.65556,29.14861,52,69.97,2.39
507500.0,3308500.0,123.07769,29.90716,52,49.9,2.86
437500.0,3252500.0,122.35583,29.40022,52,65.81,22.77
403500.0,3168500.0,122.01267,28.64,51,84.95,7.81
412500.0,3247500.0,122.09858,29.3536,51,100.21,5.81
411500.0,3283500.0,122.08536,29.6784,51,171.51,1.84
462500.0,3315500.0,122.61131,29.96978,51,126.99,3.69
492500.0,3297500.0,122.92239,29.80788,51,56.32,6.8
499500.0,3339500.0,122.99481,30.18694,51,73.7,91.92
497500.0,3336500.0,122.97404,30.15986,51,80.78,3.89
384500.0,3282500.0,121.80647,29.66716,51,19.88,12.47
408500.0,3195500.0,122.06164,28.88404,51,61.76,19.26
449500.0,3242500.0,122.47996,29.31051,51,0.57,11.96
375500.0,3148500.0,121.72841,28.45712,51,99.85,5.34
371500.0,3194500.0,121.68238,28.87184,51,175.54,7.41
370500.0,3220500.0,121.66913,29.10635,51,33.96,1.28
410500.0,3145500.0,122.08607,28.43292,51,105.27,1.83
429500.0,3192500.0,122.27717,28.85829,51,71.87,7.41
437500.0,3203500.0,122.35858,28.95798,51,80.61,8.27
413500.0,3234500.0,122.1099,29.23635,51,44.24,2.03
432500.0,3256500.0,122.30405,29.43606,51,56.46,17.47
435500.0,3278500.0,122.33368,29.63476,51,46.0,7.47
443500.0,3310500.0,122.41464,29.92393,51,78.28,4.14
453500.0,3230500.0,122.52166,29.20236,51,40.38,6.84
407500.0,3300500.0,122.04257,29.83151,51,70.36,1.04
477500.0,3285500.0,122.76741,29.6994,51,179.18,5.92
486500.0,3275500.0,122.86057,29.60928,51,81.82,32.5
399500.0,3173500.0,121.97131,28.68482,51,56.93,20.0
447500.0,3242500.0,122.45937,29.31042,51,147.25,375.89
468500.0,3220500.0,122.67624,29.11256,51,67.2,6.02
319500.0,3325500.0,121.1278,30.04727,51,172.58,93.49
398500.0,3292500.0,121.95018,29.75861,51,51.61,2.75
406500.0,3167500.0,122.04344,28.63119,51,173.56,497.37
436500.0,3217500.0,122.34753,29.08429,51,11.33,7.98
451500.0,3280500.0,122.49887,29.65353,51,147.08,43.79
434500.0,3352500.0,122.31881,30.30248,51,27.2,92.95
454500.0,3262500.0,122.53062,29.4912,51,106.14,6.57
485500.0,3273500.0,122.85027,29.59122,51,103.56,11.26
465500.0,3295500.0,122.64305,29.78937,51,115.82,1.26
473500.0,3326500.0,122.72505,30.06933,51,19.6,101.51
369500.0,3220500.0,121.65885,29.10625,51,141.08,9.7
418500.0,3206500.0,122.16339,28.98399,51,60.23,4.18
433500.0,3228500.0,122.31605,29.18341,51,52.98,20.41
409500.0,3235500.0,122.06866,29.2451,51,23.07,21.02
484500.0,3272500.0,122.83996,29.58218,51,91.6,6.95
495500.0,3317500.0,122.95335,29.98839,51,84.74,7.72
502500.0,3332500.0,123.02595,30.12377,51,25.86,37.4
402500.0,3150500.0,122.00397,28.47747,51,81.15,69.0
396500.0,3154500.0,121.94232,28.51311,51,50.85,3.23
389500.0,3279500.0,121.85843,29.64054,51,39.5,38.3
417500.0,3293500.0,122.1466,29.76905,51,141.87,3.28
484500.0,3284500.0,122.83979,29.69048,51,52.39,9.57
476500.0,3305500.0,122.75664,29.87988,51,77.77,10.54
512500.0,3181500.0,123.12804,28.76088,51,79.59,6.46
419500.0,3213500.0,122.17315,29.04723,51,41.98,6.83
448500.0,3298500.0,122.46702,29.81586,51,171.0,4.1
497500.0,3267500.0,122.9742,29.53715,51,60.3,12.4
485500.0,3278500.0,122.8502,29.63635,51,113.57,58.55
490500.0,3313500.0,122.90155,29.95226,51,162.78,19.09
387500.0,3321500.0,121.83338,30.01933,51,88.95,9.98
477500.0,3259500.0,122.76795,29.46475,51,90.44,4.71
471500.0,3246500.0,122.70641,29.3473,51,63.02,20.14
393500.0,3192500.0,121.90812,28.85581,51,113.99,6.57
424500.0,3192500.0,122.22591,28.858,51,179.5,1.6
386500.0,3342500.0,121.82076,30.20871,51,0.59,1.44
407500.0,3171500.0,122.05335,28.66736,51,73.28,4.74
444500.0,3275500.0,122.4268,29.60812,51,14.86,4.46
466500.0,3291500.0,122.65352,29.7533,51,70.96,16.6
367500.0,3153500.0,121.64614,28.50145,51,11.06,3.6
399500.0,3211500.0,121.96793,29.02776,51,60.94,31.53
426500.0,3203500.0,122.2457,28.9574,51,59.87,14.81
451500.0,3245500.0,122.50042,29.33766,51,150.59,239.67
425500.0,3302500.0,122.22872,29.85078,51,52.52,3.02
511500.0,3288500.0,123.11891,29.72663,51,76.61,21.89
437500.0,3160500.0,122.36095,28.56988,51,60.14,135.38
404500.0,3154500.0,122.02407,28.51372,51,107.66,3.9
459500.0,3193500.0,122.58471,28.86861,51,58.07,83.84
481500.0,3272500.0,122.80898,29.58214,51,80.19,67.9
463500.0,3322500.0,122.62143,30.03298,51,144.99,232.45
494500.0,3319500.0,122.94297,30.00644,51,69.27,8.97
554500.0,3299500.0,123.56408,29.82475,51,65.92,619.57
404500.0,3309500.0,122.01072,29.91249,51,60.09,18.29
385500.0,3168500.0,121.82853,28.63853,51,50.12,1.7
376500.0,3189500.0,121.73419,28.82721,51,168.08,1.21
401500.0,3289500.0,121.98148,29.73179,51,165.05,5.14
509500.0,3277500.0,123.09813,29.62737,51,107.43,18.79
431500.0,3190500.0,122.2978,28.84035,51,6.78,2.6
433500.0,3222500.0,122.3164,29.12926,51,99.67,4.65
425500.0,3255500.0,122.23195,29.42664,51,55.87,7.93
453500.0,3315500.0,122.51802,29.96947,51,119.67,2.42
427500.0,3192500.0,122.25667,28.85818,51,53.9,127.24
450500.0,3294500.0,122.4879,29.77984,51,170.6,9.56
493500.0,3316500.0,122.93262,29.97936,51,86.0,2.48
472500.0,3303500.0,122.71527,29.86175,51,64.26,8.92
433500.0,3191500.0,122.31824,28.84948,51,113.56,3.47
454500.0,3319500.0,122.52822,30.0056,51,14.76,44.74
502500.0,3325500.0,123.02594,30.06059,51,179.64,1.51
531500.0,3295500.0,123.32592,29.78945,51,14.99,103.2
396500.0,3337500.0,121.92513,30.16449,50,114.69,59.46
406500.0,3314500.0,122.031,29.95776,50,80.76,12.99
412500.0,3345500.0,122.09061,30.23793,50,91.6,1.56
390500.0,3281500.0,121.86856,29.65868,50,16.43,3.77
517500.0,3303500.0,123.1812,29.86193,50,53.22,6.42
418500.0,3219500.0,122.16244,29.10131,50,178.27,3.68
402500.0,3177500.0,122.00167,28.72115,50,38.66,9.07
366500.0,3266500.0,121.62247,29.52099,50,12.59,50.53
417500.0,3222500.0,122.15194,29.12832,50,21.8,5.51
438500.0,3211500.0,122.36841,29.03024,50,72.94,78.27
410500.0,3223500.0,122.07991,29.13687,50,178.49,7.0
410500.0,3351500.0,122.06932,30.29192,50,8.24,2.45
469500.0,3312500.0,122.68395,29.9429,50,39.48,11.29
408500.0,3205500.0,122.06083,28.97429,50,110.61,3.98
414500.0,3223500.0,122.12103,29.13715,50,178.02,1.52
319500.0,3324500.0,121.12797,30.03825,50,162.87,101.33
486500.0,3292500.0,122.86036,29.76271,50,91.41,45.9
430500.0,3183500.0,122.28798,28.77711,50,96.36,2.57
468500.0,3297500.0,122.67403,29.8075,50,88.04,10.52
378500.0,3160500.0,121.75778,28.5657,50,73.06,73.01
382500.0,3181500.0,121.7965,28.75558,50,58.71,1.34
406500.0,3168500.0,122.04336,28.64022,50,79.88,7.63
412500.0,3184500.0,122.10351,28.78504,50,149.13,33.97
428500.0,3288500.0,122.26071,29.72462,50,86.87,56.66
444500.0,3282500.0,122.42644,29.67129,50,176.85,7.41
461500.0,3329500.0,122.60044,30.09609,50,78.09,4.02
455500.0,3322500.0,122.53846,30.03271,50,33.95,13.18
386500.0,3151500.0,121.84044,28.4852,50,83.3,33.85
371500.0,3168500.0,121.68532,28.63722,50,140.82,12.11
373500.0,3158500.0,121.70689,28.54717,50,50.42,4.97
385500.0,3181500.0,121.82722,28.75585,50,61.53,12.09
389500.0,3345500.0,121.85161,30.23605,50,116.07,41.02
409500.0,3198500.0,122.07166,28.91118,50,168.55,1.62
446500.0,3276500.0,122.44741,29.61723,50,138.66,2.33
379500.0,3175500.0,121.76642,28.70116,50,153.27,1.06
430500.0,3194500.0,122.2873,28.87639,50,71.26,1.27
421500.0,3202500.0,122.19446,28.94808,50,3.17,49.65
412500.0,3219500.0,122.10079,29.10091,50,106.91,2.42
412500.0,3225500.0,122.10032,29.15506,50,140.78,65.52
511500.0,3292500.0,123.11895,29.76273,50,37.68,2.02
358500.0,3302500.0,121.53524,29.8449,50,83.95,7.85
467500.0,3219500.0,122.66599,29.10351,50,73.02,263.99
506500.0,3256500.0,123.06702,29.43786,50,74.79,9.61
374500.0,3194500.0,121.71314,28.87214,50,121.68,2.85
499500.0,3343500.0,122.9948,30.22304,50,86.04,63.24
368500.0,3158500.0,121.65579,28.54667,50,97.15,5.08
426500.0,3339500.0,122.23652,30.18472,50,21.81,14.42
448500.0,3252500.0,122.4692,29.40072,50,151.32,129.53
502500.0,3309500.0,123.0259,29.9162,50,113.76,1.77
394500.0,3205500.0,121.91715,28.97321,50,129.59,2.04
463500.0,3268500.0,122.62326,29.54564,50,56.86,28.73
466500.0,3193500.0,122.65649,28.86881,50,61.9,37.75
457500.0,3194500.0,122.56417,28.87757,50,147.19,346.71
459500.0,3192500.0,122.58475,28.85959,50,70.02,117.65
470500.0,3189500.0,122.69761,28.83281,50,159.43,1837.94
461500.0,3273500.0,122.60244,29.59071,50,55.39,14.55
457500.0,3291500.0,122.56043,29.75303,50,89.29,1.68
511500.0,3284500.0,123.11887,29.69053,50,8.58,4.76
395500.0,3166500.0,121.93101,28.62133,50,47.04,3.12
417500.0,3207500.0,122.15305,28.99295,50,40.42,7.91
466500.0,3318500.0,122.65267,29.99697,50,24.4,26.68
505500.0,3304500.0,123.05695,29.87107,50,43.7,3.19
508500.0,3343500.0,123.08833,30.22301,50,47.73,9.16
368500.0,3152500.0,121.65647,28.49253,50,136.62,24.53
380500.0,3203500.0,121.77369,28.95392,50,95.13,8.14
380500.0,3226500.0,121.77123,29.16147,50,120.86,48.08
385500.0,3283500.0,121.81669,29.67627,50,33.86,5.82
416500.0,3218500.0,122.14196,29.09216,50,172.03,2.81
450500.0,3320500.0,122.4867,30.01447,50,48.46,3.29
465500.0,3291500.0,122.64317,29.75327,50,65.35,3.4
548500.0,3207500.0,123.49792,28.99469,50,72.24,23.87
521500.0,3294500.0,123.22243,29.78064,50,31.53,25.37
362500.0,3165500.0,121.59363,28.60922,50,25.94,64.33
421500.0,3233500.0,122.19228,29.22785,50,87.32,1.71
435500.0,3281500.0,122.3335,29.66183,50,157.85,5.77
452500.0,3334500.0,122.50681,30.14089,50,23.4,3.39
495500.0,3350500.0,122.95321,30.2862,50,72.5,23.37
501500.0,3276500.0,123.01549,29.61838,50,23.58,1.82
504500.0,3294500.0,123.04656,29.78082,50,53.2,8.08
525500.0,3350500.0,123.26516,30.28594,50,77.42,109.77
410500.0,3212500.0,122.0808,29.0376,50,93.22,28.86
426500.0,3289500.0,122.23996,29.73352,50,128.58,19.24
448500.0,3296500.0,122.46711,29.79781,50,152.71,25.43
458500.0,3320500.0,122.56965,30.01477,50,15.58,25.82
506500.0,3300500.0,123.06728,29.83496,50,75.55,4.93
444500.0,3218500.0,122.42967,29.09369,50,177.56,2.84
448500.0,3276500.0,122.46806,29.61731,50,0.36,2.54
510500.0,3314500.0,123.10883,29.96128,50,73.28,1.96
501500.0,3296500.0,123.01552,29.79888,50,76.43,1.73
381500.0,3178500.0,121.78657,28.72841,50,125.14,138.96
391500.0,3348500.0,121.87208,30.2633,50,53.16,4.41
436500.0,3320500.0,122.34153,30.01383,49,103.55,11.68
435500.0,3283500.0,122.33338,29.67988,49,159.16,3.29
471500.0,3247500.0,122.70638,29.35632,49,161.93,725.32
497500.0,3274500.0,122.97418,29.60033,49,98.95,1.35
407500.0,3183500.0,122.05237,28.77567,49,62.93,2.32
366500.0,3221500.0,121.62791,29.11496,49,22.06,3.07
431500.0,3195500.0,122.2975,28.88547,49,27.74,1.22
413500.0,3276500.0,122.10658,29.61537,49,148.17,33.16
450500.0,3332500.0,122.48614,30.12276,49,33.21,80.16
395500.0,3338500.0,121.91465,30.17342,49,100.92,3.53
466500.0,3277500.0,122.65395,29.62695,49,56.64,6.62
487500.0,3282500.0,122.87082,29.67247,49,126.1,30.74
390500.0,3155500.0,121.88092,28.52164,49,10.68,10.93
468500.0,3285500.0,122.67438,29.69921,49,42.3,6.11
489500.0,3312500.0,122.89119,29.94323,49,93.62,7.46
386500.0,3169500.0,121.83866,28.64764,49,5.89,7.28
373500.0,3153500.0,121.70744,28.50205,49,44.19,28.13
381500.0,3187500.0,121.78563,28.80963,49,153.85,7.08
402500.0,3286500.0,121.99209,29.7048,49,83.64,1.48
385500.0,3276500.0,121.81743,29.61311,49,98.83,2.78
394500.0,3341500.0,121.90397,30.20041,49,52.69,2.34
423500.0,3188500.0,122.21593,28.82184,49,75.73,2.2
406500.0,3350500.0,122.02782,30.2826,49,111.69,37.78
410500.0,3178500.0,122.08349,28.73075,49,50.79,4.18
412500.0,3207500.0,122.10173,28.99262,49,88.22,18.56
446500.0,3277500.0,122.44736,29.62625,49,14.93,5.72
394500.0,3329500.0,121.90516,30.09213,49,151.11,6.07
438500.0,3196500.0,122.36923,28.89485,49,85.46,3.25
431500.0,3192500.0,122.29768,28.8584,49,11.53,2.21
445500.0,3282500.0,122.43678,29.67133,49,160.41,4.91
443500.0,3332500.0,122.41347,30.12246,49,38.59,13.35
415500.0,3260500.0,122.12848,29.47112,49,87.28,3.14
468500.0,3215500.0,122.67638,29.06743,49,25.94,10.52
485500.0,3283500.0,122.85014,29.68147,49,35.92,5.34
463500.0,3326500.0,122.6213,30.06908,49,97.16,79.42
403500.0,3142500.0,122.01485,28.40534,49,54.76,60.4
404500.0,3181500.0,122.02181,28.7574,49,59.62,18.49
466500.0,3289500.0,122.65358,29.73525,49,80.8,5.81
373500.0,3150500.0,121.70777,28.47498,49,92.45,3.55
437500.0,3291500.0,122.35359,29.75218,49,163.59,10.6
421500.0,3294500.0,122.1879,29.77834,49,112.48,1.31
438500.0,3163500.0,122.37101,28.597,49,148.52,594.06
438500.0,3158500.0,122.37128,28.55187,49,153.29,481.23
444500.0,3309500.0,122.42505,29.91495,49,169.62,14.3
430500.0,3342500.0,122.27787,30.21202,49,57.69,1.86
515500.0,3323500.0,123.16078,30.04245,49,78.69,22.34
554500.0,3300500.0,123.56413,29.83378,49,65.59,75.38
323500.0,3187500.0,121.19147,28.80298,49,37.76,6.5
377500.0,3162500.0,121.74734,28.58365,49,61.06,1.34
445500.0,3330500.0,122.43434,30.1045,49,36.81,5.79
479500.0,3256500.0,122.78863,29.43771,49,55.67,2.39
511500.0,3286500.0,123.11889,29.70858,49,30.85,95.86
396500.0,3158500.0,121.94196,28.54921,49,115.3,1.08
393500.0,3211500.0,121.90632,29.02727,49,5.18,6.21
438500.0,3165500.0,122.37091,28.61506,49,67.61,30.48
451500.0,3302500.0,122.49788,29.85207,49,90.86,12.94
494500.0,3213500.0,122.9435,29.04976,49,167.45,1719.27
498500.0,3296500.0,122.98448,29.79888,49,128.37,53.03
459500.0,3320500.0,122.58002,30.0148,49,13.67,3.86
507500.0,3205500.0,123.07699,28.97754,49,60.36,140.31
504500.0,3307500.0,123.04661,29.89815,49,91.2,11.03
436500.0,3164500.0,122.3505,28.60593,49,147.46,1199.6
435500.0,3193500.0,122.33863,28.86763,49,63.89,2.82
456500.0,3337500.0,122.54822,30.16811,49,20.48,9.02
420500.0,3195500.0,122.18469,28.88484,49,151.52,163.19
430500.0,3199500.0,122.28699,28.92152,49,111.68,6.66
413500.0,3224500.0,122.11067,29.14611,49,92.9,3.13
431500.0,3307500.0,122.29052,29.89625,49,128.54,4.61
451500.0,3294500.0,122.49824,29.77988,49,166.6,6.92
452500.0,3294500.0,122.50859,29.77992,49,169.16,9.04
513500.0,3351500.0,123.14039,30.29516,49,40.5,16.3
393500.0,3352500.0,121.89247,30.29957,49,160.86,7.6
453500.0,3296500.0,122.51885,29.798,49,119.63,65.84
521500.0,3262500.0,123.2218,29.49184,49,109.43,87.11
385500.0,3324500.0,121.81232,30.04621,48,123.4,32.48
461500.0,3330500.0,122.6004,30.10511,48,89.83,25.6
509500.0,3276500.0,123.09813,29.61834,48,68.55,53.59
476500.0,3296500.0,122.75683,29.79866,48,33.78,2.65
496500.0,3317500.0,122.96372,29.9884,48,173.44,138.12
458500.0,3295500.0,122.57062,29.78916,48,157.15,2.08
493500.0,3311500.0,122.93265,29.93423,48,82.82,83.29
498500.0,3345500.0,122.98441,30.24108,48,42.24,22.96
500500.0,3330500.0,123.00519,30.10572,48,47.21,6.52
401500.0,3175500.0,121.9916,28.70302,48,54.32,104.24
404500.0,3190500.0,122.02105,28.83862,48,54.74,9.1
409500.0,3281500.0,122.06486,29.66021,48,104.54,17.28
366500.0,3158500.0,121.63535,28.54647,48,176.74,2.91
369500.0,3157500.0,121.66612,28.53775,48,164.76,4.89
437500.0,3194500.0,122.35908,28.87675,48,95.27,4.26
410500.0,3210500.0,122.08096,29.01955,48,126.81,3.05
425500.0,3292500.0,122.22942,29.76054,48,81.48,3.12
503500.0,3299500.0,123.03623,29.82595,48,76.7,3.98
317500.0,3325500.0,121.10706,30.04697,48,165.15,35.96
369500.0,3169500.0,121.66475,28.64604,48,133.88,26.7
375500.0,3174500.0,121.72558,28.69175,48,70.52,3.29
400500.0,3153500.0,121.98328,28.50439,48,178.73,4.26
409500.0,3172500.0,122.07373,28.67653,48,87.6,11.49
416500.0,3192500.0,122.1439,28.85751,48,149.52,616.74
450500.0,3249500.0,122.48994,29.37372,48,131.44,103.95
410500.0,3346500.0,122.06975,30.24681,48,121.84,4.77
461500.0,3325500.0,122.60058,30.05999,48,20.02,2.47
547500.0,3293500.0,123.49137,29.77089,48,87.26,45.6
504500.0,3331500.0,123.04671,30.11474,48,21.94,5.19
391500.0,3204500.0,121.88646,28.96393,48,147.46,18.69
403500.0,3338500.0,121.99773,30.17409,48,152.76,159.25
429500.0,3197500.0,122.27686,28.90342,48,168.57,1.87
438500.0,3235500.0,122.36708,29.24684,48,158.13,84.82
404500.0,3282500.0,122.01311,29.66886,48,65.11,6.45
399500.0,3208500.0,121.96819,29.00068,48,61.98,2.53
394500.0,3283500.0,121.90969,29.67707,48,13.05,2.87
415500.0,3241500.0,122.12994,29.29966,48,45.76,4.15
502500.0,3353500.0,123.026,30.31328,48,88.11,8.58
422500.0,3192500.0,122.20541,28.85788,48,120.23,4.32
405500.0,3210500.0,122.02962,29.01919,48,173.22,52.88
426500.0,3295500.0,122.23955,29.78767,48,145.72,1.14
481500.0,3298500.0,122.80854,29.81679,48,173.77,12.98
427500.0,3166500.0,122.25833,28.62351,48,37.4,18.68
449500.0,3290500.0,122.47774,29.7437,48,19.54,7.92
408500.0,3277500.0,122.05486,29.62404,48,54.65,222.78
455500.0,3350500.0,122.53728,30.28539,48,75.6,144.05
466500.0,3319500.0,122.65264,30.00599,48,118.31,28.72
497500.0,3268500.0,122.9742,29.54618,48,176.74,2.46
495500.0,3305500.0,122.9534,29.8801,48,75.77,5.52
457500.0,3170500.0,122.56507,28.66095,48,171.85,406.44
466500.0,3194500.0,122.65646,28.87784,48,66.9,35.71
473500.0,3201500.0,122.72808,28.94119,48,60.61,173.57
497500.0,3244500.0,122.97425,29.32957,48,66.89,15.74
513500.0,3250500.0,123.13912,29.38365,48,87.45,79.73
412500.0,3283500.0,122.09569,29.67847,48,10.12,1.61
514500.0,3310500.0,123.15023,29.92514,48,62.32,8.08
513500.0,3306500.0,123.13982,29.88905,48,158.69,160.88
374500.0,3152500.0,121.71776,28.49312,48,79.03,4.28
366500.0,3159500.0,121.63523,28.55549,48,97.16,70.8
378500.0,3211500.0,121.75231,29.02593,48,150.88,62.99
378500.0,3212500.0,121.7522,29.03495,48,157.81,14.03
443500.0,3292500.0,122.41559,29.76149,48,109.29,44.45
467500.0,3279500.0,122.66422,29.64503,48,166.17,2.56
424500.0,3254500.0,122.22171,29.41755,48,47.5,11.08
421500.0,3261500.0,122.19029,29.48054,48,178.68,2.7
427500.0,3252500.0,122.25276,29.39968,48,92.64,1.77
489500.0,3268500.0,122.89162,29.54613,48,13.03,1.07
470500.0,3288500.0,122.69497,29.72633,48,5.11,552.01
433500.0,3338500.0,122.30929,30.1761,48,154.93,2.48
475500.0,3279500.0,122.74687,29.64521,48,51.04,4.81
496500.0,3304500.0,122.96376,29.87107,48,82.94,3.31
511500.0,3316500.0,123.11921,29.97932,48,29.13,90.64
395500.0,3165500.0,121.9311,28.6123,48,39.11,11.98
449500.0,3295500.0,122.47751,29.78882,48,158.04,11.33
453500.0,3288500.0,122.51919,29.72581,48,141.92,2.42
511500.0,3350500.0,123.11958,30.28615,48,99.11,9.48
445500.0,3287500.0,122.43653,29.71646,48,137.39,6.13
502500.0,3152500.0,123.02555,28.49917,48,150.44,120344.78
387500.0,3349500.0,121.8304,30.27196,47,116.98,5.85
463500.0,3288500.0,122.62259,29.72614,47,66.05,2.14
464500.0,3283500.0,122.63309,29.68105,47,8.57,4.17
481500.0,3294500.0,122.80861,29.78069,47,179.35,2.86
508500.0,3295500.0,123.08795,29.78983,47,63.78,4.85
501500.0,3343500.0,123.01559,30.22304,47,65.96,9.98
501500.0,3332500.0,123.01557,30.12377,47,30.96,28.75
392500.0,3281500.0,121.88922,29.65885,47,28.84,376.54
412500.0,3340500.0,122.09103,30.19281,47,33.5,3.0
415500.0,3347500.0,122.12163,30.25619,47,143.11,56.49
485500.0,3286500.0,122.8501,29.70855,47,42.57,10.91
399500.0,3160500.0,121.97245,28.56749,47,91.32,4.84
377500.0,3160500.0,121.74755,28.5656,47,72.28,146.51
396500.0,3200500.0,121.93814,28.92825,47,45.75,5.42
435500.0,3215500.0,122.33737,29.06619,47,2.7,16.7
464500.0,3278500.0,122.63326,29.63592,47,110.02,17.74
417500.0,3197500.0,122.15378,28.9027,47,44.74,2.36
414500.0,3231500.0,122.12042,29.20935,47,32.48,1.45
504500.0,3345500.0,123.04677,30.24108,47,87.63,17.51
356500.0,3261500.0,121.51996,29.47477,47,74.75,1.36
406500.0,3178500.0,122.04254,28.73047,47,44.25,9.86
431500.0,3198500.0,122.29731,28.91255,47,89.67,2.95
413500.0,3245500.0,122.10903,29.33562,47,86.13,7.51
413500.0,3259500.0,122.10793,29.46196,47,87.53,113.99
420500.0,3192500.0,122.18491,28.85776,47,68.41,4.37
425500.0,3185500.0,122.23663,28.79488,47,60.89,8.02
414500.0,3234500.0,122.12018,29.23642,47,35.01,3.78
476500.0,3266500.0,122.75748,29.52791,47,71.77,2.41
384500.0,3160500.0,121.81911,28.56624,47,64.4,6.66
376500.0,3165500.0,121.73679,28.61063,47,136.44,2.78
428500.0,3189500.0,122.26711,28.83116,47,2.23,4.95
426500.0,3215500.0,122.24491,29.0657,47,101.71,3.96
442500.0,3296500.0,122.40503,29.79754,47,121.7,3.53
493500.0,3268500.0,122.93291,29.54616,47,112.32,8.73
477500.0,3277500.0,122.76758,29.6272,47,7.01,1.8
501500.0,3342500.0,123.01559,30.21401,47,68.27,8.82
393500.0,3341500.0,121.89358,30.20032,47,156.9,3.87
470500.0,3241500.0,122.69624,29.30215,47,114.49,152.46
478500.0,3325500.0,122.77695,30.06041,47,8.79,40.95
420500.0,3191500.0,122.18498,28.84874,47,70.52,20.15
420500.0,3218500.0,122.18306,29.09241,47,72.36,1.44
492500.0,3281500.0,122.9225,29.66348,47,174.6,13.52
493500.0,3281500.0,122.93283,29.66349,47,3.15,2.69
333500.0,3321500.0,121.27358,30.01317,47,40.47,2.16
461500.0,3271500.0,122.60251,29.57266,47,150.66,288.57
461500.0,3270500.0,122.60255,29.56363,47,59.05,12.11
484500.0,3280500.0,122.83984,29.65438,47,57.74,5.39
463500.0,3335500.0,122.62099,30.15029,47,6.48,463.02
510500.0,3253500.0,123.10823,29.41075,47,80.9,126.65
453500.0,3284500.0,122.51936,29.68971,47,159.36,4.36
487500.0,3283500.0,122.87081,29.68149,47,62.12,6.9
397500.0,3202500.0,121.94821,28.94638,47,72.82,48.31
467500.0,3278500.0,122.66425,29.63601,47,29.57,2.74
380500.0,3146500.0,121.77968,28.43954,47,77.9,17.21
423500.0,3205500.0,122.21478,28.97527,47,58.43,23.76
490500.0,3302500.0,122.90165,29.85299,47,106.85,18.84
448500.0,3294500.0,122.46721,29.77976,47,0.02,44.55
438500.0,3157500.0,122.37134,28.54285,47,75.83,77.88
454500.0,3191500.0,122.53353,28.85039,47,63.25,27.6
514500.0,3214500.0,123.14895,29.05872,47,61.9,104.94
511500.0,3218500.0,123.11818,29.09485,47,76.08,263.26
378500.0,3207500.0,121.75274,28.98983,47,125.57,50.16
377500.0,3207500.0,121.74248,28.98974,47,119.91,78.12
412500.0,3270500.0,122.09674,29.56116,47,91.65,9.17
419500.0,3333500.0,122.16427,30.13013,47,139.08,38.05
529500.0,3241500.0,123.30376,29.30215,47,139.18,26.5
525500.0,3327500.0,123.2646,30.07838,47,157.76,1111.69
494500.0,3214500.0,122.9435,29.05879,47,77.16,172.32
525500.0,3289500.0,123.26369,29.73544,47,175.31,4106.89
381500.0,3156500.0,121.78886,28.52988,47,35.54,4.08
433500.0,3196500.0,122.31795,28.8946,47,20.55,9.1
437500.0,3276500.0,122.35445,29.61681,47,7.67,6.07
440500.0,3296500.0,122.38434,29.79745,47,91.82,12.61
454500.0,3305500.0,122.52881,29.87926,47,78.09,11.77
455500.0,3330500.0,122.53813,30.10491,47,156.85,59.07
389500.0,3163500.0,121.86993,28.59375,47,53.63,43.59
402500.0,3173500.0,122.00201,28.68505,47,49.86,7.07
472500.0,3304500.0,122.71524,29.87077,47,107.89,22.58
508500.0,3271500.0,123.08776,29.57323,47,137.34,3.23
393500.0,3156500.0,121.91148,28.53091,47,37.19,5.25
529500.0,3239500.0,123.30371,29.2841,47,173.6,64.07
502500.0,3300500.0,123.02588,29.83498,47,82.01,74.13
493500.0,3282500.0,122.93283,29.67251,47,164.71,5.84
515500.0,3351500.0,123.16119,30.29513,47,52.85,264.74
489500.0,3280500.0,122.89151,29.65444,46,172.08,95.45
471500.0,3294500.0,122.70515,29.7805,46,59.83,1.72
507500.0,3285500.0,123.07753,29.69958,46,49.38,5.06
518500.0,3300500.0,123.1915,29.83484,46,146.24,3.73
512500.0,3347500.0,123.12994,30.25907,46,118.68,1.39
413500.0,3341500.0,122.10133,30.20191,46,31.29,7.94
490500.0,3314500.0,122.90154,29.96129,46,170.72,119.07
498500.0,3328500.0,122.98443,30.08767,46,49.48,5.95
419500.0,3200500.0,122.17408,28.9299,46,23.81,14.71
404500.0,3188500.0,122.02122,28.82057,46,93.54,18.78
484500.0,3300500.0,122.83956,29.83488,46,24.88,1.25
391500.0,3217500.0,121.8852,29.08124,46,102.84,84.4
387500.0,3226500.0,121.8432,29.16211,46,178.34,1.76
438500.0,3207500.0,122.36863,28.99413,46,46.53,9.63
413500.0,3183500.0,122.11383,28.77608,46,53.49,19.38
424500.0,3226500.0,122.22362,29.16486,46,2.83,9.21
419500.0,3231500.0,122.17185,29.20967,46,21.27,13.1
439500.0,3238500.0,122.37721,29.27397,46,49.93,43.18
464500.0,3269500.0,122.63355,29.5547,46,76.33,19.2
454500.0,3318500.0,122.52826,29.99658,46,14.99,13.49
366500.0,3152500.0,121.63604,28.49233,46,135.53,6.61
408500.0,3208500.0,122.06058,29.00136,46,132.59,3.21
481500.0,3265500.0,122.8091,29.51897,46,166.79,318.31
373500.0,3164500.0,121.70622,28.60132,46,92.52,16.06
430500.0,3196500.0,122.28718,28.89444,46,72.05,2.3
434500.0,3219500.0,122.32686,29.10224,46,147.13,317.59
427500.0,3303500.0,122.24936,29.85992,46,168.59,1.48
433500.0,3334500.0,122.30954,30.14,46,137.73,6.1
466500.0,3227500.0,122.65547,29.17569,46,1.0,278.85
463500.0,3300500.0,122.62218,29.83444,46,12.98,12.88
505500.0,3342500.0,123.05715,30.214,46,74.55,27.73
336500.0,3176500.0,121.32621,28.70545,46,129.77,31.15
377500.0,3151500.0,121.74851,28.48438,46,84.56,1.65
397500.0,3182500.0,121.95003,28.76588,46,122.07,5.27
450500.0,3202500.0,122.49204,28.94953,46,25.04,3.77
409500.0,3185500.0,122.0727,28.79386,46,60.72,23.27
437500.0,3217500.0,122.3578,29.08434,46,31.8,5.97
537500.0,3299500.0,123.38813,29.82538,46,154.92,2.7
504500.0,3332500.0,123.04672,30.12376,46,43.75,4.06
377500.0,3152500.0,121.74841,28.49341,46,95.44,4.43
373500.0,3154500.0,121.70733,28.51107,46,176.69,6.0
374500.0,3154500.0,121.71754,28.51117,46,19.45,2.21
380500.0,3344500.0,121.75821,30.22618,46,54.12,82.51
442500.0,3335500.0,122.40293,30.14948,46,83.21,11.14
459500.0,3314500.0,122.58025,29.96066,46,76.05,9.08
408500.0,3223500.0,122.05936,29.13673,46,173.96,10.33
403500.0,3286500.0,122.00242,29.70487,46,16.09,9.54
428500.0,3338500.0,122.25736,30.17581,46,158.14,8.48
460500.0,3280500.0,122.59186,29.65385,46,152.81,3.97
484500.0,3283500.0,122.8398,29.68146,46,115.93,32.39
520500.0,3293500.0,123.21207,29.77164,46,170.99,89.75
504500.0,3346500.0,123.04678,30.2501,46,72.03,10.58
425500.0,3209500.0,122.23504,29.01149,46,40.52,36.39
457500.0,3258500.0,122.56172,29.4552,46,148.51,302.44
398500.0,3213500.0,121.95748,29.04573,46,154.89,25.0
389500.0,3326500.0,121.8536,30.06462,46,130.64,1.83
444500.0,3324500.0,122.42427,30.05031,46,166.44,1.62
462500.0,3224500.0,122.61444,29.1485,46,76.35,219.55
492500.0,3307500.0,122.92232,29.89813,46,55.19,11.99
382500.0,3157500.0,121.79897,28.53899,46,85.96,3.45
397500.0,3351500.0,121.93416,30.29089,46,175.39,33.61
423500.0,3192500.0,122.21566,28.85794,46,43.2,1.89
407500.0,3210500.0,122.05015,29.01934,46,122.83,47.96
427500.0,3215500.0,122.25519,29.06576,46,59.07,26.93
487500.0,3303500.0,122.87057,29.86199,46,43.08,3.36
487500.0,3310500.0,122.87049,29.92516,46,8.16,15.49
356500.0,3266500.0,121.51931,29.51988,46,103.75,1.18
404500.0,3143500.0,122.02498,28.41444,46,66.06,9.64
451500.0,3281500.0,122.49883,29.66256,46,165.83,4.33
424500.0,3291500.0,122.21914,29.75145,46,134.05,4.57
476500.0,3251500.0,122.75781,29.39253,46,164.66,1187.95
461500.0,3301500.0,122.60145,29.8434,46,128.2,316.7
502500.0,3280500.0,123.02583,29.65448,46,9.04,3.82
405500.0,3269500.0,122.02457,29.55162,46,92.53,3.04
465500.0,3191500.0,122.6463,28.85074,46,59.82,61.91
456500.0,3196500.0,122.55384,28.89559,46,59.97,9.51
539500.0,3190500.0,123.40493,28.84157,46,167.32,900.44
460500.0,3276500.0,122.59201,29.61775,46,41.04,3.46
498500.0,3279500.0,122.9845,29.64545,46,14.05,70.34
464500.0,3317500.0,122.63197,29.98789,46,94.74,19.23
531500.0,3344500.0,123.32736,30.23165,46,78.48,6.82
387500.0,3159500.0,121.84988,28.55748,46,73.32,2.13
374500.0,3158500.0,121.71711,28.54727,46,156.72,6.98
401500.0,3181500.0,121.99108,28.75717,46,108.39,5.67
373500.0,3219500.0,121.70007,29.09763,46,78.88,64.96
403500.0,3348500.0,121.99681,30.26432,46,34.72,1.28
458500.0,3258500.0,122.57204,29.45524,46,47.78,18.79
483500.0,3294500.0,122.8293,29.78072,46,119.84,24.16
389500.0,3188500.0,121.86751,28.81937,46,60.82,59.27
419500.0,3260500.0,122.16973,29.47139,46,53.97,7.31
426500.0,3249500.0,122.24266,29.37255,46,67.69,17.0
490500.0,3268500.0,122.90194,29.54614,46,179.06,3.6
494500.0,3303500.0,122.94305,29.86204,46,34.63,16.7
504500.0,3287500.0,123.04653,29.71765,46,83.41,1.34
407500.0,3176500.0,122.05294,28.71249,46,42.34,27.99
516500.0,3343500.0,123.17146,30.22292,46,24.12,1.37
396500.0,3189500.0,121.93915,28.82898,46,74.14,4.83
413500.0,3233500.0,122.10997,29.22733,46,145.33,4.5
454500.0,3301500.0,122.52898,29.84316,46,119.15,2.73
383500.0,3320500.0,121.79202,30.00993,46,42.78,1.61
520500.0,3344500.0,123.21305,30.23189,46,50.41,5.27
432500.0,3244500.0,122.30479,29.32776,46,81.52,2.12
494500.0,3208500.0,122.94353,29.00463,46,99.24,1.91
521500.0,3331500.0,123.22318,30.11455,46,112.97,27.38
469500.0,3276500.0,122.68497,29.61801,45,49.03,13.26
453500.0,3281500.0,122.51949,29.66263,45,160.67,10.69
495500.0,3326500.0,122.95331,30.06961,45,134.29,140.9
447500.0,3245500.0,122.45922,29.3375,45,61.43,7.87
465500.0,3311500.0,122.64253,29.93377,45,105.66,9.01
506500.0,3288500.0,123.06721,29.72666,45,103.72,8.42
515500.0,3268500.0,123.15999,29.54608,45,78.19,7.11
503500.0,3289500.0,123.03619,29.7357,45,86.3,14.41
407500.0,3194500.0,122.05147,28.87494,45,69.67,9.37
498500.0,3268500.0,122.98452,29.54618,45,45.67,5.68
482500.0,3269500.0,122.81935,29.55508,45,77.8,82.95
365500.0,3158500.0,121.62513,28.54637,45,0.52,7.54
411500.0,3180500.0,122.09358,28.74887,45,49.37,31.74
425500.0,3226500.0,122.23391,29.16492,45,4.06,4.95
422500.0,3237500.0,122.20229,29.26401,45,21.72,2.65
412500.0,3255500.0,122.09794,29.4258,45,0.89,104.69
464500.0,3277500.0,122.63329,29.6269,45,95.9,8.1
465500.0,3323500.0,122.64214,30.04206,45,52.08,20.67
374500.0,3146500.0,121.71842,28.43898,45,75.19,21.91
400500.0,3178500.0,121.9811,28.73002,45,83.04,3.77
402500.0,3216500.0,121.99829,29.07311,45,56.66,1.98
384500.0,3224500.0,121.81257,29.1438,45,12.62,1.49
411500.0,3206500.0,122.09154,28.98352,45,85.9,5.74
407500.0,3201500.0,122.0509,28.93811,45,79.76,14.9
432500.0,3203500.0,122.30727,28.95773,45,83.74,5.28
484500.0,3274500.0,122.83993,29.60023,45,105.92,12.23
510500.0,3338500.0,123.10906,30.17787,45,129.86,19.55
383500.0,3161500.0,121.80879,28.57518,45,142.39,54.24
389500.0,3169500.0,121.86935,28.6479,45,75.65,19.14
383500.0,3279500.0,121.79646,29.63999,45,75.55,3.34
453500.0,3249500.0,122.52086,29.37384,45,43.01,13.74
454500.0,3256500.0,122.53087,29.43705,45,56.31,108.9
483500.0,3299500.0,122.82922,29.82584,45,7.97,3.48
459500.0,3298500.0,122.58086,29.81627,45,4.01,12.46
477500.0,3325500.0,122.76657,30.06039,45,5.33,64.35
370500.0,3157500.0,121.67634,28.53785,45,106.14,2.12
381500.0,3226500.0,121.78152,29.16157,45,145.59,8.28
357500.0,3300500.0,121.52515,29.82675,45,47.6,5.37
465500.0,3298500.0,122.64295,29.81645,45,81.39,2.51
493500.0,3327500.0,122.93255,30.07863,45,75.54,24.65
396500.0,3206500.0,121.93758,28.98239,45,59.05,2.88
381500.0,3188500.0,121.78553,28.81866,45,115.24,5.53
366500.0,3225500.0,121.62743,29.15105,45,138.95,2.34
506500.0,3259500.0,123.06704,29.46493,45,93.56,8.04
395500.0,3195500.0,121.92834,28.88304,45,75.25,3.26
358500.0,3260500.0,121.54072,29.46598,45,63.52,2.48
419500.0,3219500.0,122.17272,29.10138,45,131.02,9.96
475500.0,3240500.0,122.74774,29.29323,45,70.66,214.9
419500.0,3201500.0,122.17401,28.93893,45,59.06,3.65
382500.0,3158500.0,121.79887,28.54802,45,94.67,9.09
398500.0,3186500.0,121.95991,28.80206,45,76.84,52.39
464500.0,3314500.0,122.63207,29.96081,45,9.0,568.16
406500.0,3175500.0,122.04278,28.70339,45,55.59,10.96
404500.0,3185500.0,122.02147,28.7935,45,77.85,63.58
409500.0,3184500.0,122.07278,28.78483,45,36.31,121.1
462500.0,3193500.0,122.61548,28.8687,45,60.96,30.58
462500.0,3346500.0,122.61021,30.24953,45,89.29,8.28
407500.0,3177500.0,122.05286,28.72152,45,50.05,27.38
413500.0,3312500.0,122.1037,29.94023,45,14.52,14.2
423500.0,3294500.0,122.20859,29.77846,45,65.39,7.5
475500.0,3251500.0,122.7475,29.39251,45,74.1,108.07
451500.0,3288500.0,122.49851,29.72573,45,129.53,10.94
493500.0,3302500.0,122.9327,29.85301,45,42.61,43.32
372500.0,3266500.0,121.68436,29.52162,45,54.94,1.47
355500.0,3300500.0,121.50446,29.82651,45,111.26,2.81
404500.0,3152500.0,122.02423,28.49567,45,171.53,415.12
449500.0,3178500.0,122.48285,28.73287,45,65.7,439.29
495500.0,3310500.0,122.95338,29.92522,45,161.57,122.34
510500.0,3284500.0,123.10853,29.69054,45,88.23,1107.13
425500.0,3192500.0,122.23617,28.85806,45,26.69,2.49
507500.0,3343500.0,123.07794,30.22301,45,52.25,40.14
548500.0,3322500.0,123.50302,30.03256,45,70.59,6.36
376500.0,3190500.0,121.73408,28.83623,45,40.99,5.07
444500.0,3199500.0,122.43062,28.9222,45,56.75,8.61
434500.0,3299500.0,122.32208,29.82422,45,127.63,3.42
447500.0,3320500.0,122.45559,30.01435,45,88.41,6.14
477500.0,3161500.0,122.76992,28.58021,45,157.73,920.73
526500.0,3253500.0,123.27316,29.41052,45,85.14,293.24
511500.0,3343500.0,123.1195,30.22298,45,174.62,6.68
382500.0,3145500.0,121.8002,28.4307,45,62.83,83.25
398500.0,3158500.0,121.9624,28.54936,45,65.0,4.87
387500.0,3190500.0,121.84681,28.83724,45,104.03,259.82
427500.0,3202500.0,122.25603,28.94843,45,45.22,4.86
424500.0,3251500.0,122.22192,29.39048,45,39.23,1.48
455500.0,3326500.0,122.53829,30.06881,45,68.42,610.39
518500.0,3336500.0,123.19212,30.15973,45,129.54,12.51
518500.0,3333500.0,123.19207,30.13265,45,64.24,7.97
382500.0,3342500.0,121.77921,30.20833,45,19.28,2.11
395500.0,3349500.0,121.91356,30.27267,45,10.28,5.33
435500.0,3194500.0,122.33857,28.87666,45,6.75,7.72
414500.0,3185500.0,122.12392,28.7942,45,147.51,355.07
436500.0,3201500.0,122.34843,28.93988,45,62.5,7.0
434500.0,3194500.0,122.32832,28.8766,45,21.63,5.53
445500.0,3314500.0,122.43516,29.96012,45,0.21,5.07
478500.0,3277500.0,122.77791,29.62722,45,163.57,2.37
491500.0,3318500.0,122.91187,29.9974,45,51.97,19.72
503500.0,3345500.0,123.03638,30.24108,45,97.34,16.3
519500.0,3265500.0,123.20122,29.51895,45,7.4,558.02
285500.0,3322500.0,120.77595,30.01472,44,7.19,403.48
496500.0,3326500.0,122.96369,30.06962,44,82.18,4.55
400500.0,3281500.0,121.97187,29.65952,44,5.33,3.79
369500.0,3168500.0,121.66487,28.63702,44,120.25,10.47
380500.0,3173500.0,121.77686,28.6832,44,174.53,12.36
380500.0,3345500.0,121.7581,30.2352,44,51.61,36.96
411500.0,3145500.0,122.09628,28.43298,44,52.43,21.76
405500.0,3161500.0,122.03371,28.57697,44,165.25,82.74
437500.0,3196500.0,122.35897,28.89481,44,47.49,5.86
423500.0,3237500.0,122.21258,29.26407,44,25.91,3.71
403500.0,3273500.0,122.00358,29.58757,44,8.92,250.45
478500.0,3278500.0,122.77789,29.63624,44,18.3,4.43
479500.0,3278500.0,122.78822,29.63626,44,22.5,3.58
383500.0,3319500.0,121.79213,30.00091,44,66.44,1.67
411500.0,3315500.0,122.08273,29.96716,44,21.14,56.46
398500.0,3331500.0,121.94648,30.11052,44,144.27,2.57
415500.0,3193500.0,122.13357,28.86647,44,60.84,47.53
458500.0,3299500.0,122.57047,29.82526,44,6.84,9.0
455500.0,3302500.0,122.53929,29.85223,44,88.15,11.64
398500.0,3169500.0,121.96143,28.64864,44,53.72,12.38
386500.0,3282500.0,121.82713,29.66734,44,162.22,115.54
395500.0,3328500.0,121.91564,30.0832,44,156.98,1.03
409500.0,3176500.0,122.07341,28.71263,44,39.87,7.77
451500.0,3297500.0,122.49811,29.80695,44,140.83,2.77
457500.0,3350500.0,122.55808,30.28546,44,101.03,5.44
378500.0,3150500.0,121.75883,28.47545,44,111.55,15.45
371500.0,3144500.0,121.68801,28.42064,44,79.55,1.97
391500.0,3155500.0,121.89114,28.52172,44,167.0,4.38
384500.0,3158500.0,121.81931,28.5482,44,31.8,3.65
379500.0,3155500.0,121.76852,28.52067,44,16.05,6.17
379500.0,3202500.0,121.76354,28.94481,44,103.88,6.6
381500.0,3233500.0,121.78077,29.22473,44,169.58,492.44
419500.0,3216500.0,122.17293,29.0743,44,50.63,2.14
403500.0,3257500.0,122.00499,29.44318,44,160.22,5.68
427500.0,3336500.0,122.24711,30.15771,44,43.91,3.98
480500.0,3288500.0,122.79837,29.72653,44,42.44,4.22
454500.0,3293500.0,122.52932,29.77097,44,115.54,15.17
508500.0,3285500.0,123.08787,29.69958,44,57.67,4.2
501500.0,3329500.0,123.01557,30.09669,44,53.72,3.47
381500.0,3209500.0,121.78332,29.00816,44,161.2,9.19
445500.0,3280500.0,122.43688,29.65328,44,54.24,1.2
468500.0,3229500.0,122.67599,29.19379,44,72.98,38.91
456500.0,3257500.0,122.55145,29.44614,44,153.64,223.22
491500.0,3296500.0,122.91205,29.79885,44,167.91,245.1
463500.0,3304500.0,122.62205,29.87054,44,7.27,524.63
389500.0,3226500.0,121.86376,29.16229,44,9.28,6.54
447500.0,3243500.0,122.45932,29.31945,44,45.62,152.61
476500.0,3160500.0,122.75971,28.57117,44,74.5,307.54
467500.0,3218500.0,122.66602,29.09449,44,66.57,8.54
384500.0,3156500.0,121.81951,28.53015,44,73.43,2.13
404500.0,3208500.0,122.01952,29.00107,44,11.57,32.89
458500.0,3199500.0,122.57424,28.92274,44,61.14,10.98
461500.0,3318500.0,122.60083,29.99682,44,5.97,648.78
410500.0,3234500.0,122.07903,29.23614,44,20.65,38.2
473500.0,3240500.0,122.72715,29.29319,44,25.98,366.14
514500.0,3340500.0,123.15064,30.19588,44,77.07,7.64
522500.0,3336500.0,123.23366,30.15966,44,48.53,8.87
512500.0,3349500.0,123.12997,30.27712,44,41.3,3.88
436500.0,3158500.0,122.35084,28.55178,44,148.02,6119.95
435500.0,3156500.0,122.34073,28.53368,44,146.19,626.73
414500.0,3211500.0,122.12195,29.02885,44,73.3,82.11
423500.0,3293500.0,122.20866,29.76944,44,52.63,1.6
460500.0,3149500.0,122.59649,28.47149,44,142.46,3490.94
512500.0,3180500.0,123.12803,28.75185,44,179.04,118185.31
512500.0,3182500.0,123.12805,28.7699,44,164.55,416.24
388500.0,3154500.0,121.86058,28.51245,44,175.27,1.39
396500.0,3327500.0,121.92611,30.07426,44,143.74,25.87
418500.0,3345500.0,122.15297,30.23835,44,79.52,1.85
505500.0,3294500.0,123.0569,29.78082,44,47.61,3.51
526500.0,3331500.0,123.27508,30.11446,44,135.14,466.77
360500.0,3163500.0,121.57342,28.59096,44,21.95,13.28
376500.0,3188500.0,121.7343,28.81819,44,99.79,6.62
381500.0,3342500.0,121.76882,30.20823,44,33.43,2.63
440500.0,3197500.0,122.38969,28.90397,44,74.8,1.94
421500.0,3244500.0,122.1915,29.32712,44,174.94,4.68
443500.0,3290500.0,122.41569,29.74344,44,127.8,1.72
458500.0,3167500.0,122.57541,28.6339,44,152.93,1050.97
472500.0,3257500.0,122.71643,29.4466,44,165.7,2270.08
543500.0,3194500.0,123.44609,28.87754,44,177.58,47441.69
510500.0,3256500.0,123.10826,29.43783,44,82.59,50.38
521500.0,3287500.0,123.22229,29.71747,44,53.39,135.23
424500.0,3197500.0,122.22558,28.90313,44,58.45,24.33
420500.0,3231500.0,122.18214,29.20974,44,11.66,11.18
410500.0,3240500.0,122.07854,29.29029,44,67.73,4.49
454500.0,3244500.0,122.53137,29.32875,44,57.48,125.06
467500.0,3274500.0,122.66437,29.59991,44,62.43,4.82
458500.0,3297500.0,122.57054,29.80721,44,23.36,4.76
489500.0,3291500.0,122.8914,29.75371,44,40.04,12.12
502500.0,3284500.0,123.02584,29.69058,44,100.63,12.27
501500.0,3339500.0,123.01558,30.18694,44,165.15,3.88
523500.0,3340500.0,123.24414,30.19574,44,84.11,3.86
391500.0,3337500.0,121.87322,30.16405,44,77.43,141.29
432500.0,3194500.0,122.30781,28.8765,44,1.79,1.25
416500.0,3204500.0,122.14301,28.96581,44,25.77,1.46
454500.0,3304500.0,122.52886,29.87024,44,74.6,6.35
452500.0,3313500.0,122.50775,29.95138,44,121.59,5.22
501500.0,3307500.0,123.01554,29.89815,44,52.17,3.55
423500.0,3187500.0,122.216,28.81282,44,38.89,5.58
495500.0,3332500.0,122.95328,30.12376,44,125.81,50.11
527500.0,3302500.0,123.28471,29.85272,44,106.12,27.64
384500.0,3169500.0,121.8182,28.64747,44,55.84,64.71
513500.0,3271500.0,123.13938,29.57318,44,60.27,75.42
542500.0,3286500.0,123.43937,29.7079,44,141.08,56.39
533500.0,3294500.0,123.34658,29.78038,44,11.47,197.12
516500.0,3270500.0,123.17034,29.56412,44,0.92,126.8
398500.0,3185500.0,121.96,28.79304,43,54.54,10.9
419500.0,3297500.0,122.16699,29.80528,43,68.1,3.93
463500.0,3279500.0,122.62289,29.64492,43,37.45,63.48
472500.0,3287500.0,122.71567,29.71735,43,159.11,1.32
458500.0,3309500.0,122.57008,29.9155,43,71.67,20.67
498500.0,3332500.0,122.98443,30.12377,43,75.77,13.24
446500.0,3314500.0,122.44552,29.96016,43,177.61,16.61
446500.0,3316500.0,122.44542,29.97821,43,16.27,51.8
479500.0,3288500.0,122.78803,29.72651,43,86.4,1.58
514500.0,3239500.0,123.14928,29.28436,43,133.03,14.45
404500.0,3189500.0,122.02113,28.8296,43,144.13,2.93
430500.0,3281500.0,122.28184,29.66156,43,28.74,3.19
482500.0,3272500.0,122.81931,29.58216,43,62.24,54.9
523500.0,3321500.0,123.24371,30.02427,43,76.96,2.66
396500.0,3203500.0,121.93786,28.95532,43,78.95,12.8
440500.0,3207500.0,122.38916,28.99423,43,67.52,27.17
413500.0,3182500.0,122.11391,28.76706,43,59.52,24.21
419500.0,3209500.0,122.17344,29.01113,43,28.06,6.4
414500.0,3233500.0,122.12026,29.2274,43,30.7,1.36
433500.0,3221500.0,122.31646,29.12024,43,155.09,98.34
426500.0,3247500.0,122.24279,29.3545,43,6.7,2.82
484500.0,3302500.0,122.83953,29.85293,43,40.13,3.84
458500.0,3348500.0,122.56856,30.26745,43,56.32,12.27
506500.0,3305500.0,123.06731,29.88009,43,75.16,8.41
517500.0,3350500.0,123.18197,30.28608,43,175.38,1.89
526500.0,3348500.0,123.2755,30.26787,43,86.52,120.34
434500.0,3327500.0,122.32036,30.07689,43,115.57,50.38
501500.0,3349500.0,123.0156,30.27718,43,67.55,4.49
487500.0,3286500.0,122.87077,29.70857,43,55.24,52.59
377500.0,3164500.0,121.74713,28.6017,43,9.19,1.57
413500.0,3193500.0,122.11307,28.86633,43,147.76,364.99
500500.0,3291500.0,123.00517,29.75376,43,34.8,2.91
378500.0,3147500.0,121.75915,28.44838,43,67.48,18.26
369500.0,3221500.0,121.65874,29.11527,43,44.27,1.84
381500.0,3278500.0,121.77591,29.63078,43,36.06,2.33
397500.0,3285500.0,121.9405,29.69537,43,24.75,5.11
387500.0,3284500.0,121.83725,29.68548,43,52.87,5.75
398500.0,3327500.0,121.94686,30.07443,43,88.52,7.61
389500.0,3350500.0,121.85109,30.28116,43,163.59,64.55
406500.0,3166500.0,122.04352,28.62217,43,174.84,1249.93
438500.0,3218500.0,122.36802,29.09341,43,16.85,1.7
467500.0,3220500.0,122.66596,29.11254,43,70.05,177.59
482500.0,3289500.0,122.81903,29.73558,43,69.44,4.22
484500.0,3288500.0,122.83973,29.72658,43,50.26,13.1
471500.0,3325500.0,122.70432,30.06026,43,18.18,5.73
377500.0,3155500.0,121.74809,28.52048,43,64.99,2.17
375500.0,3169500.0,121.72613,28.64663,43,19.35,1.68
390500.0,3186500.0,121.87795,28.80141,43,64.18,13.5
386500.0,3221500.0,121.83343,29.1169,43,101.5,1.39
401500.0,3328500.0,121.97789,30.0837,43,27.03,10.12
417500.0,3206500.0,122.15312,28.98392,43,52.94,9.64
413500.0,3225500.0,122.1106,29.15513,43,103.06,1.41
424500.0,3215500.0,122.22437,29.06558,43,54.78,1.66
493500.0,3313500.0,122.93264,29.95228,43,72.35,21.86
485500.0,3291500.0,122.85003,29.75367,43,58.83,8.28
465500.0,3299500.0,122.64292,29.82547,43,75.47,3.13
508500.0,3306500.0,123.08803,29.8891,43,117.03,2.26
392500.0,3187500.0,121.89834,28.8106,43,61.09,25.8
365500.0,3263500.0,121.61252,29.49382,43,18.41,1.67
434500.0,3233500.0,122.32603,29.22859,43,27.07,95.67
411500.0,3255500.0,122.08763,29.42573,43,50.75,2.12
479500.0,3272500.0,122.78833,29.58211,43,133.36,17.68
487500.0,3274500.0,122.87091,29.60027,43,143.83,8.27
459500.0,3315500.0,122.58021,29.96968,43,76.35,8.82
458500.0,3291500.0,122.57078,29.75306,43,156.62,1.17
428500.0,3148500.0,122.26968,28.4611,43,58.54,533.18
405500.0,3187500.0,122.03155,28.81162,43,77.0,13.19
403500.0,3182500.0,122.01148,28.76635,43,76.29,27.41
425500.0,3194500.0,122.23603,28.87611,43,80.14,12.68
458500.0,3200500.0,122.5742,28.93176,43,158.86,195.98
497500.0,3329500.0,122.97405,30.09669,43,76.15,106.46
506500.0,3257500.0,123.06703,29.44688,43,77.46,435.57
502500.0,3316500.0,123.02592,29.97937,43,151.11,1.43
387500.0,3322500.0,121.83327,30.02835,43,95.0,136.59
377500.0,3158500.0,121.74777,28.54755,43,77.31,149.36
381500.0,3273500.0,121.77645,29.58567,43,54.95,4.7
409500.0,3214500.0,122.07037,29.05558,43,94.71,12.84
405500.0,3256500.0,122.0257,29.43431,43,85.41,5.12
483500.0,3295500.0,122.82928,29.78975,43,157.88,70.6
439500.0,3232500.0,122.37753,29.21981,43,58.69,24.73
428500.0,3250500.0,122.2632,29.38169,43,67.09,4.74
438500.0,3299500.0,122.36347,29.82442,43,153.62,5.72
385500.0,3174500.0,121.82793,28.69268,43,33.19,45.01
490500.0,3315500.0,122.90153,29.97031,43,49.2,2.84
408500.0,3172500.0,122.0635,28.67646,43,79.72,4.78
426500.0,3302500.0,122.23908,29.85084,43,156.61,1.4
475500.0,3285500.0,122.74674,29.69936,43,17.79,4.42
505500.0,3275500.0,123.0568,29.60934,43,135.97,5.27
373500.0,3194500.0,121.70289,28.87204,43,173.28,149.84
377500.0,3329500.0,121.72878,30.09055,43,14.44,35.56
413500.0,3180500.0,122.11406,28.74901,43,164.16,78.34
409500.0,3181500.0,122.07302,28.75776,43,49.57,74.7
465500.0,3197500.0,122.64611,28.90489,43,147.05,384.7
469500.0,3339500.0,122.68317,30.18656,43,51.84,1.99
515500.0,3217500.0,123.15927,29.08578,43,66.14,14.39
510500.0,3214500.0,123.10786,29.05876,43,75.83,65.54
408500.0,3178500.0,122.06302,28.73061,43,142.19,51.83
469500.0,3290500.0,122.68457,29.74435,43,75.02,9.83
504500.0,3292500.0,123.04655,29.76277,43,75.35,3.04
506500.0,3343500.0,123.06755,30.22302,43,9.4,23.68
507500.0,3342500.0,123.07793,30.21399,43,51.22,6.42
383500.0,3197500.0,121.80509,28.90006,43,179.22,763.21
379500.0,3211500.0,121.76257,29.02602,43,152.45,43.62
400500.0,3265500.0,121.97334,29.51514,43,12.04,5.83
442500.0,3166500.0,122.41177,28.62427,43,149.01,1266.96
406500.0,3235500.0,122.03779,29.24488,43,46.52,71.23
435500.0,3270500.0,122.33415,29.56256,43,98.81,3.94
423500.0,3268500.0,122.21042,29.54383,43,72.39,3.28
477500.0,3262500.0,122.76789,29.49182,43,96.04,93.69
499500.0,3302500.0,122.99482,29.85303,43,104.28,10.92
501500.0,3253500.0,123.01546,29.4108,43,175.5,1467.14
507500.0,3288500.0,123.07755,29.72666,43,101.22,2.48
519500.0,3288500.0,123.20163,29.72653,43,153.3,6.47
525500.0,3316500.0,123.26434,29.97911,43,82.83,7.05
525500.0,3315500.0,123.26431,29.97009,43,78.06,16.6
400500.0,3159500.0,121.98276,28.55854,43,32.66,1.39
401500.0,3277500.0,121.98257,29.6235,43,136.77,35.8
421500.0,3231500.0,122.19242,29.2098,43,61.54,25.16
427500.0,3251500.0,122.25283,29.39065,43,80.54,27.45
423500.0,3246500.0,122.21196,29.34529,43,42.31,3.48
419500.0,3262500.0,122.16958,29.48944,43,46.3,4.68
417500.0,3244500.0,122.15031,29.32687,43,44.64,17.14
442500.0,3325500.0,122.40347,30.05924,43,81.1,10.22
497500.0,3347500.0,122.97401,30.25913,43,149.28,3.6
506500.0,3335500.0,123.0675,30.15082,43,32.35,3.41
527500.0,3341500.0,123.28572,30.20468,43,7.1,67.2
524500.0,3348500.0,123.25471,30.26791,43,75.52,71.95
432500.0,3329500.0,122.29948,30.09483,43,106.64,13.53
514500.0,3351500.0,123.15079,30.29514,43,108.78,83.77
482500.0,3279500.0,122.81919,29.64533,43,165.44,6.71
410500.0,3160500.0,122.08491,28.5683,43,179.47,7.73
500500.0,3260500.0,123.00516,29.47398,43,160.21,19.06
502500.0,3297500.0,123.02587,29.8079,43,109.18,20.57
531500.0,3273500.0,123.32528,29.59091,43,0.09,8.94
381500.0,3339500.0,121.76916,30.18116,42,17.69,4.83
394500.0,3334500.0,121.90467,30.13725,42,155.77,1.53
399500.0,3333500.0,121.95666,30.12865,42,123.67,134.13
443500.0,3233500.0,122.41864,29.22902,42,62.81,25.73
466500.0,3290500.0,122.65355,29.74428,42,85.93,3.51
486500.0,3281500.0,122.8605,29.66343,42,153.34,5.18
505500.0,3307500.0,123.05697,29.89814,42,158.27,13.89
325500.0,3322500.0,121.1905,30.02108,42,150.79,30.52
390500.0,3282500.0,121.86846,29.6677,42,6.34,2.11
455500.0,3258500.0,122.5411,29.45513,42,58.94,167.21
498500.0,3329500.0,122.98443,30.09669,42,24.7,3.63
442500.0,3234500.0,122.4083,29.238,42,99.73,2.7
418500.0,3313500.0,122.15542,29.9496,42,93.7,1.72
465500.0,3312500.0,122.6425,29.94279,42,96.94,280.73
513500.0,3340500.0,123.14025,30.19589,42,144.66,1.85
411500.0,3144500.0,122.09636,28.42396,42,43.21,7.58
434500.0,3201500.0,122.32791,28.93978,42,87.85,2.87
437500.0,3206500.0,122.35842,28.98506,42,84.13,3.94
432500.0,3195500.0,122.30775,28.88553,42,28.2,6.38
437500.0,3210500.0,122.35819,29.02116,42,89.11,9.4
423500.0,3238500.0,122.21251,29.2731,42,21.23,8.73
430500.0,3250500.0,122.28381,29.3818,42,81.51,2.9
424500.0,3238500.0,122.22281,29.27316,42,18.43,44.98
440500.0,3324500.0,122.38278,30.05012,42,44.22,29.01
407500.0,3342500.0,122.03892,30.21049,42,134.54,33.62
462500.0,3290500.0,122.61218,29.74416,42,117.15,8.36
496500.0,3329500.0,122.96368,30.09669,42,78.2,11.49
423500.0,3335500.0,122.20565,30.14844,42,41.77,13.13
485500.0,3296500.0,122.84996,29.7988,42,148.18,101.82
459500.0,3270500.0,122.5819,29.56357,42,59.21,251.05
464500.0,3331500.0,122.6315,30.11423,42,161.14,132.56
380500.0,3338500.0,121.75889,30.17204,42,0.97,3.41
406500.0,3180500.0,122.04237,28.74852,42,54.73,4.2
418500.0,3341500.0,122.15328,30.20225,42,23.96,34.39
400500.0,3156500.0,121.98302,28.53147,42,137.57,2.7
399500.0,3344500.0,121.95562,30.2279,42,61.69,4.71
422500.0,3214500.0,122.20389,29.05644,42,170.68,8.74
444500.0,3295500.0,122.42578,29.78861,42,71.76,12.94
436500.0,3340500.0,122.34033,30.1943,42,6.23,9.9
459500.0,3276500.0,122.58168,29.61772,42,53.55,3.22
466500.0,3316500.0,122.65274,29.97892,42,78.88,4.23
465500.0,3303500.0,122.64279,29.86157,42,94.41,2.95
503500.0,3303500.0,123.03624,29.86205,42,81.19,1.7
368500.0,3222500.0,121.64834,29.12419,42,58.25,2.32
413500.0,3196500.0,122.11284,28.89341,42,50.89,7.05
429500.0,3242500.0,122.27402,29.30955,42,51.45,4.75
483500.0,3287500.0,122.8294,29.71755,42,46.62,41.04
397500.0,3184500.0,121.94985,28.78393,42,47.28,9.82
438500.0,3210500.0,122.36846,29.02121,42,147.46,5.89
436500.0,3275500.0,122.34418,29.60773,42,40.86,29.99
448500.0,3306500.0,122.46663,29.88805,42,120.87,2.34
485500.0,3279500.0,122.85019,29.64537,42,166.53,498.27
417500.0,3185500.0,122.15466,28.7944,42,76.0,36.15
402500.0,3220500.0,121.99794,29.10921,42,93.51,118.72
412500.0,3259500.0,122.09762,29.46189,42,178.62,412.9
413500.0,3257500.0,122.10809,29.44391,42,87.84,16.27
413500.0,3336500.0,122.10174,30.15679,42,155.42,8.17
462500.0,3276500.0,122.61267,29.61781,42,159.06,554.42
391500.0,3157500.0,121.89095,28.53977,42,41.19,30.84
491500.0,3306500.0,122.91197,29.8891,42,70.7,10.08
498500.0,3331500.0,122.98443,30.11474,42,85.13,30.82
527500.0,3317500.0,123.28509,29.98809,42,170.87,187.33
385500.0,3341500.0,121.81048,30.19959,42,45.18,5.53
409500.0,3209500.0,122.07077,29.01046,42,76.06,19.66
395500.0,3168500.0,121.93083,28.63938,42,44.86,92.53
387500.0,3202500.0,121.84561,28.94554,42,28.81,149.59
387500.0,3333500.0,121.83211,30.1276,42,16.83,343.86
411500.0,3204500.0,122.0917,28.96547,42,65.98,67.22
426500.0,3335500.0,122.2368,30.14862,42,28.33,2.83
384500.0,3174500.0,121.81769,28.69259,42,33.01,19.9
382500.0,3182500.0,121.7964,28.7646,42,64.15,22.97
465500.0,3207500.0,122.64581,28.99515,42,161.14,2594.6
521500.0,3336500.0,123.22328,30.15968,42,31.42,5.69
375500.0,3192500.0,121.72361,28.85418,42,141.98,6.38
385500.0,3314500.0,121.81339,29.95598,42,41.01,1.68
448500.0,3175500.0,122.47274,28.70575,42,65.69,578.31
406500.0,3267500.0,122.03507,29.53365,42,46.01,4.57
459500.0,3307500.0,122.58052,29.89749,42,79.58,89.12
487500.0,3330500.0,122.87026,30.10566,42,166.4,215.2
521500.0,3154500.0,123.21973,28.51705,42,143.18,11794.71
368500.0,3150500.0,121.6567,28.47448,42,47.97,30.82
376500.0,3157500.0,121.73766,28.53844,42,73.01,8.68
462500.0,3220500.0,122.61457,29.1124,42,79.18,103.42
529500.0,3240500.0,123.30374,29.29312,42,176.35,29.4
368500.0,3151500.0,121.65659,28.48351,42,121.03,69.6
369500.0,3152500.0,121.66669,28.49263,42,104.4,2.45
386500.0,3168500.0,121.83876,28.63862,42,30.17,3.27
385500.0,3158500.0,121.82953,28.54828,42,52.54,5.69
386500.0,3159500.0,121.83965,28.5574,42,135.89,73.26
370500.0,3224500.0,121.66866,29.14244,42,167.03,1.92
436500.0,3187500.0,122.34922,28.81353,42,64.76,10.65
431500.0,3260500.0,122.29349,29.4721,42,70.07,2.96
427500.0,3255500.0,122.25257,29.42675,42,67.06,26.44
449500.0,3285500.0,122.47797,29.69858,42,167.15,1.81
413500.0,3340500.0,122.10142,30.19288,42,26.21,86.58
462500.0,3289500.0,122.61222,29.73514,42,88.65,5.72
519500.0,3284500.0,123.20156,29.69043,42,69.23,5.98
382500.0,3146500.0,121.8001,28.43972,42,58.48,4.37
369500.0,3153500.0,121.66658,28.50165,42,111.89,5.48
400500.0,3152500.0,121.98337,28.49537,42,77.89,8.44
388500.0,3169500.0,121.85912,28.64782,42,144.08,8.37
373500.0,3169500.0,121.70567,28.64644,42,119.89,2.02
384500.0,3210500.0,121.81401,29.01746,42,176.94,5.94
416500.0,3154500.0,122.14668,28.51454,42,151.13,5.44
431500.0,3224500.0,122.29572,29.14721,42,147.52,293.76
433500.0,3256500.0,122.31436,29.43611,42,153.82,526.06
422500.0,3245500.0,122.20173,29.33621,42,56.76,6.6
428500.0,3264500.0,122.26229,29.50803,42,106.32,1.61
457500.0,3271500.0,122.56122,29.57253,42,170.95,6.68
454500.0,3329500.0,122.52779,30.09585,42,66.85,5.29
513500.0,3313500.0,123.13991,29.95223,42,164.56,4.19
539500.0,3337500.0,123.41024,30.16825,42,98.45,2.34
381500.0,3147500.0,121.78978,28.44865,42,117.65,3.99
493500.0,3315500.0,122.93263,29.97033,42,54.03,31.66
441500.0,3187500.0,122.40046,28.81376,42,66.45,8.44
415500.0,3161500.0,122.13595,28.57766,42,69.06,28.41
445500.0,3295500.0,122.43612,29.78865,42,159.94,23.04
449500.0,3321500.0,122.47628,30.02346,42,135.43,1.99
466500.0,3347500.0,122.65176,30.25867,42,9.52,6.37
447500.0,3280500.0,122.45754,29.65337,42,165.67,4.08
408500.0,3280500.0,122.05461,29.65111,42,112.55,18.0
509500.0,3316500.0,123.09848,29.97934,42,75.43,8.24
525500.0,3301500.0,123.26398,29.84374,42,75.56,39.77
463500.0,3350500.0,122.62047,30.28566,41,59.19,11.09
496500.0,3314500.0,122.96372,29.96132,41,85.54,5.66
367500.0,3175500.0,121.6436,28.69998,41,136.84,2.49
401500.0,3214500.0,121.9882,29.05499,41,67.15,65.59
413500.0,3146500.0,122.11663,28.44214,41,50.86,7.78
417500.0,3195500.0,122.15393,28.88465,41,49.46,5.91
417500.0,3233500.0,122.15113,29.22759,41,37.57,2.23
439500.0,3224500.0,122.37797,29.14761,41,27.34,2.4
428500.0,3246500.0,122.26346,29.34559,41,116.01,239.91
480500.0,3271500.0,122.79867,29.5731,41,166.37,102.66
461500.0,3264500.0,122.60276,29.50948,41,38.55,11.57
440500.0,3239500.0,122.38745,29.28304,41,146.62,731.69
483500.0,3288500.0,122.82939,29.72657,41,111.3,3.92
472500.0,3325500.0,122.7147,30.06029,41,173.42,43.08
401500.0,3291500.0,121.98129,29.74983,41,46.06,2.38
377500.0,3182500.0,121.74519,28.76414,41,101.72,276.78
411500.0,3212500.0,122.09107,29.03767,41,78.06,12.51
387500.0,3282500.0,121.83746,29.66743,41,17.75,7.58
377500.0,3352500.0,121.72611,30.29805,41,115.71,3.26
415500.0,3150500.0,122.13676,28.47838,41,88.86,3.22
449500.0,3315500.0,122.47656,29.96931,41,102.52,5.13
454500.0,3253500.0,122.53099,29.40997,41,51.87,58.74
466500.0,3278500.0,122.65392,29.63598,41,43.22,1.83
455500.0,3351500.0,122.53724,30.29441,41,12.95,27.54
381500.0,3161500.0,121.78834,28.575,41,39.02,2.68
436500.0,3232500.0,122.34667,29.21967,41,54.36,7.13
466500.0,3299500.0,122.65327,29.8255,41,175.86,3.17
291500.0,3314500.0,120.83969,29.94361,41,61.57,7.98
400500.0,3143500.0,121.98414,28.41414,41,159.2,296.92
399500.0,3172500.0,121.9714,28.67579,41,60.74,29.16
383500.0,3280500.0,121.79635,29.64902,41,113.29,2.27
430500.0,3217500.0,122.28588,29.08398,41,174.27,55.11
448500.0,3222500.0,122.47059,29.12996,41,21.88,2.67
431500.0,3218500.0,122.29609,29.09306,41,84.73,4.47
439500.0,3288500.0,122.37444,29.7252,41,136.96,82.24
441500.0,3280500.0,122.39555,29.6531,41,42.42,12.57
458500.0,3275500.0,122.57139,29.60866,41,29.06,9.27
400500.0,3179500.0,121.98102,28.73904,41,59.69,12.87
386500.0,3208500.0,121.83475,28.99959,41,57.38,173.0
411500.0,3215500.0,122.09083,29.06475,41,93.65,3.86
436500.0,3297500.0,122.34289,29.80627,41,81.86,10.0
426500.0,3337500.0,122.23666,30.16667,41,106.5,2.22
457500.0,3165500.0,122.56525,28.61582,41,76.11,84.28
506500.0,3255500.0,123.06701,29.42883,41,62.76,4.64
479500.0,3271500.0,122.78835,29.57309,41,86.86,3.2
506500.0,3337500.0,123.06751,30.16887,41,77.01,11.85
405500.0,3183500.0,122.03188,28.77552,41,156.63,112.89
422500.0,3208500.0,122.20431,29.00229,41,109.87,18.25
446500.0,3282500.0,122.44711,29.67138,41,45.55,3.23
464500.0,3219500.0,122.63516,29.10343,41,123.14,51.05
472500.0,3247500.0,122.71668,29.35635,41,165.63,118.89
321500.0,3324500.0,121.1487,30.03854,41,175.59,3.71
406500.0,3165500.0,122.0436,28.61314,41,76.65,2.29
384500.0,3176500.0,121.81749,28.71064,41,65.2,34.65
402500.0,3242500.0,121.99601,29.30774,41,90.65,2.9
470500.0,3242500.0,122.69621,29.31117,41,165.55,199.81
473500.0,3239500.0,122.72718,29.28416,41,30.95,34.02
479500.0,3273500.0,122.78831,29.59114,41,77.63,7.97
483500.0,3262500.0,122.82978,29.49192,41,39.81,7.49
482500.0,3293500.0,122.81897,29.77168,41,47.83,3.08
444500.0,3177500.0,122.43169,28.72364,41,82.02,599.88
431500.0,3187500.0,122.29798,28.81327,41,151.69,1.72
457500.0,3254500.0,122.56188,29.4191,41,152.75,75.86
495500.0,3323500.0,122.95332,30.04254,41,164.49,439.48
505500.0,3313500.0,123.057,29.95229,41,141.05,7.55
512500.0,3346500.0,123.12993,30.25004,41,51.14,8.82
449500.0,3306500.0,122.47699,29.88809,41,103.89,11.54
493500.0,3285500.0,122.93281,29.69959,41,105.88,180.1
461500.0,3276500.0,122.60234,29.61778,41,134.18,111.82
454500.0,3298500.0,122.52911,29.81609,41,5.06,25.39
455500.0,3307500.0,122.53909,29.89735,41,72.05,3.57
500500.0,3183500.0,123.00512,28.77899,41,163.07,1398.37
507500.0,3314500.0,123.07773,29.9613,41,78.14,12.51
384500.0,3145500.0,121.82062,28.43087,41,97.2,2.26
381500.0,3149500.0,121.78958,28.4667,41,61.43,7.16
389500.0,3155500.0,121.8707,28.52156,41,19.92,5.09
368500.0,3166500.0,121.65487,28.61887,41,95.84,180.42
391500.0,3218500.0,121.8851,29.09027,41,78.31,25.31
421500.0,3245500.0,122.19143,29.33615,41,33.51,165.31
476500.0,3257500.0,122.75768,29.44668,41,95.1,4.76
498500.0,3295500.0,122.98448,29.78985,41,85.6,3.15
516500.0,3201500.0,123.16931,28.94135,41,93.41,90.15
526500.0,3254500.0,123.27318,29.41954,41,82.7,57.1
509500.0,3287500.0,123.09822,29.71762,41,4.17,12.49
518500.0,3321500.0,123.19186,30.02436,41,58.44,2.19
335500.0,3179500.0,121.31554,28.73239,41,91.42,6.45
383500.0,3167500.0,121.80817,28.62933,41,4.01,1.59
375500.0,3219500.0,121.72061,29.09783,41,176.73,5.6
407500.0,3169500.0,122.05351,28.64931,41,172.11,509.21
429500.0,3194500.0,122.27705,28.87634,41,16.38,108.34
423500.0,3243500.0,122.21217,29.31822,41,127.14,3.35
410500.0,3239500.0,122.07862,29.28126,41,66.31,5.81
497500.0,3257500.0,122.97422,29.4469,41,155.4,3628.01
452500.0,3292500.0,122.50868,29.76187,41,10.85,2.41
462500.0,3297500.0,122.61194,29.80734,41,164.6,3.19
457500.0,3348500.0,122.55816,30.26741,41,64.29,28.35
501500.0,3335500.0,123.01558,30.15084,41,68.01,24.19
503500.0,3320500.0,123.03629,30.01547,41,75.1,15.58
395500.0,3144500.0,121.93301,28.42278,41,90.17,5.85
395500.0,3179500.0,121.92982,28.73865,41,122.65,11.12
447500.0,3297500.0,122.45672,29.80679,41,169.49,38.78
450500.0,3330500.0,122.48623,30.10471,41,118.88,2.06
462500.0,3279500.0,122.61256,29.64489,41,159.09,3.29
536500.0,3343500.0,123.37929,30.22249,41,83.03,1.09
510500.0,3343500.0,123.10911,30.22299,41,168.3,15.03
432500.0,3277500.0,122.30275,29.62557,41,164.49,4.42
509500.0,3311500.0,123.09843,29.93422,41,103.4,276.5
400500.0,3162500.0,121.9825,28.58562,41,23.86,2.64
423500.0,3185500.0,122.21614,28.79477,41,68.53,51.61
419500.0,3214500.0,122.17308,29.05625,41,71.5,18.9
458500.0,3296500.0,122.57058,29.79818,41,71.64,12.2
518500.0,3341500.0,123.19221,30.20485,41,1.8,6.78
549500.0,3337500.0,123.5141,30.16788,41,132.74,2.88
454500.0,3296500.0,122.52919,29.79804,41,147.72,40.29
451500.0,3325500.0,122.49684,30.05963,40,169.91,4.43
477500.0,3282500.0,122.76747,29.67233,40,105.06,2.54
475500.0,3284500.0,122.74676,29.69034,40,110.84,2.91
515500.0,3248500.0,123.1597,29.36558,40,64.73,4.13
445500.0,3311500.0,122.43531,29.93304,40,138.22,12.31
436500.0,3353500.0,122.33955,30.31161,40,25.94,38.26
476500.0,3298500.0,122.75679,29.81671,40,131.14,17.54
471500.0,3295500.0,122.70512,29.78953,40,78.05,3.84
492500.0,3310500.0,122.9223,29.9252,40,67.62,6.06
479500.0,3301500.0,122.78778,29.84383,40,15.83,7.38
514500.0,3266500.0,123.14964,29.52804,40,82.26,15.98
500500.0,3296500.0,123.00517,29.79888,40,45.49,2.0
452500.0,3281500.0,122.50916,29.6626,40,134.39,7.52
505500.0,3349500.0,123.05719,30.27717,40,69.07,7.78
366500.0,3222500.0,121.62779,29.12398,40,42.36,2.17
377500.0,3213500.0,121.74182,29.04388,40,80.88,5.85
416500.0,3157500.0,122.14647,28.54162,40,152.05,41.23
405500.0,3162500.0,122.03362,28.58599,40,50.59,44.86
438500.0,3192500.0,122.36944,28.85875,40,99.46,7.76
433500.0,3201500.0,122.31765,28.93973,40,122.04,11.14
417500.0,3188500.0,122.15444,28.82147,40,62.62,6.06
411500.0,3226500.0,122.08995,29.16402,40,32.82,22.56
426500.0,3222500.0,122.24445,29.12888,40,3.28,3.91
429500.0,3247500.0,122.2737,29.35467,40,55.24,10.47
442500.0,3285500.0,122.40562,29.69827,40,116.2,65.81
427500.0,3341500.0,122.24677,30.20282,40,175.27,3.81
487500.0,3202500.0,122.87172,28.95043,40,94.7,9.67
459500.0,3299500.0,122.58082,29.82529,40,3.56,2.5
437500.0,3287500.0,122.35382,29.71608,40,158.73,1.71
496500.0,3283500.0,122.96383,29.68155,40,105.78,5.13
498500.0,3298500.0,122.98448,29.81693,40,53.78,2.13
464500.0,3326500.0,122.63167,30.06911,40,64.9,3.67
371500.0,3177500.0,121.68431,28.71843,40,162.81,3.53
462500.0,3347500.0,122.61018,30.25855,40,89.16,235.62
380500.0,3190500.0,121.77507,28.83661,40,60.61,2.98
430500.0,3301500.0,122.28055,29.84204,40,36.67,6.7
500500.0,3333500.0,123.00519,30.13279,40,141.02,26.27
363500.0,3213500.0,121.59806,29.04245,40,18.32,2.48
411500.0,3176500.0,122.09389,28.71277,40,84.82,7.03
425500.0,3213500.0,122.23477,29.04759,40,113.96,1.52
415500.0,3342500.0,122.12203,30.21107,40,118.83,8.24
483500.0,3289500.0,122.82937,29.7356,40,158.15,305.68
479500.0,3285500.0,122.78809,29.69944,40,30.46,6.48
494500.0,3282500.0,122.94316,29.67252,40,63.88,2.07
508500.0,3290500.0,123.08791,29.7447,40,63.34,1.58
362500.0,3264500.0,121.58145,29.50251,40,103.86,1.62
429500.0,3169500.0,122.2786,28.6507,40,71.8,20.46
409500.0,3193500.0,122.07206,28.86606,40,49.36,4.92
420500.0,3189500.0,122.18512,28.83069,40,85.98,3.77
413500.0,3255500.0,122.10825,29.42586,40,104.97,24.45
424500.0,3207500.0,122.22491,28.99338,40,100.32,30.94
447500.0,3276500.0,122.45774,29.61727,40,169.64,2.51
391500.0,3347500.0,121.87219,30.25428,40,29.1,32.42
402500.0,3230500.0,121.99707,29.19945,40,31.44,11.27
442500.0,3310500.0,122.40428,29.92388,40,145.52,2.34
457500.0,3262500.0,122.56157,29.4913,40,147.63,403.18
392500.0,3337500.0,121.8836,30.16414,40,26.0,2.88
388500.0,3333500.0,121.84249,30.12769,40,5.23,7.88
386500.0,3334500.0,121.82162,30.13653,40,28.3,145.28
415500.0,3275500.0,122.12732,29.60649,40,153.16,14.92
440500.0,3277500.0,122.38538,29.62598,40,3.82,41.59
493500.0,3288500.0,122.93279,29.72666,40,37.19,4.29
397500.0,3172500.0,121.95093,28.67564,40,143.68,153.43
405500.0,3166500.0,122.03329,28.62209,40,87.39,61.27
439500.0,3164500.0,122.38119,28.60608,40,149.11,4290.91
407500.0,3223500.0,122.04908,29.13666,40,164.97,7.6
499500.0,3341500.0,122.99481,30.20499,40,86.77,11.79
499500.0,3347500.0,122.9948,30.25913,40,84.06,3.36
507500.0,3247500.0,123.07727,29.35662,40,81.31,76.75
437500.0,3161500.0,122.3609,28.5789,40,63.76,146.77
422500.0,3196500.0,122.20513,28.89399,40,61.19,8.76
431500.0,3326500.0,122.2893,30.0677,40,1.75,2.45
457500.0,3166500.0,122.56522,28.62484,40,80.36,15.7
460500.0,3310500.0,122.59076,29.92459,40,74.81,12.1
495500.0,3324500.0,122.95332,30.05156,40,164.54,981.52
509500.0,3200500.0,123.09747,28.9324,40,160.0,131783.04
513500.0,3284500.0,123.13954,29.69051,40,150.51,110.81
376500.0,3158500.0,121.73755,28.54746,40,115.23,1.29
382500.0,3180500.0,121.79661,28.74655,40,84.5,3.03
367500.0,3154500.0,121.64603,28.51048,40,41.21,22.23
387500.0,3225500.0,121.8433,29.15309,40,14.06,43.53
403500.0,3177500.0,122.01191,28.72122,40,10.95,5.67
407500.0,3192500.0,122.05163,28.85689,40,70.63,11.88
447500.0,3306500.0,122.45628,29.88801,40,125.81,9.55
515500.0,3289500.0,123.16029,29.73561,40,99.49,8.84
381500.0,3152500.0,121.78927,28.49378,40,83.64,2.8
371500.0,3146500.0,121.68779,28.43868,40,169.15,58.23
398500.0,3152500.0,121.96293,28.49521,40,9.61,1.46
399500.0,3179500.0,121.97078,28.73897,40,62.59,22.36
372500.0,3219500.0,121.68979,29.09753,40,70.42,9.81
423500.0,3236500.0,122.21265,29.25505,40,162.24,2.41
408500.0,3341500.0,122.04939,30.20154,40,62.83,2.83
444500.0,3331500.0,122.42391,30.11348,40,43.53,21.36
459500.0,3195500.0,122.58464,28.88666,40,60.35,334.74
517500.0,3199500.0,123.17954,28.92329,40,10.58,24985.06
501500.0,3212500.0,123.01541,29.04075,40,175.83,40.72
335500.0,3180500.0,121.31539,28.74141,40,95.5,49.72
387500.0,3168500.0,121.84899,28.63871,40,27.62,9.18
427500.0,3198500.0,122.25628,28.91233,40,82.23,6.29
444500.0,3234500.0,122.42888,29.23809,40,59.37,39.89
422500.0,3262500.0,122.20053,29.48962,40,0.64,20.2
418500.0,3248500.0,122.16031,29.36303,40,47.57,1.98
453500.0,3316500.0,122.51798,29.97849,40,109.42,2.01
492500.0,3337500.0,122.92211,30.16887,40,78.06,8.14
525500.0,3351500.0,123.26518,30.29496,40,76.63,67.0
396500.0,3179500.0,121.94006,28.73873,40,56.29,1.18
369500.0,3158500.0,121.66601,28.54678,40,20.37,15.67
396500.0,3350500.0,121.92386,30.28178,40,11.84,21.0
453500.0,3312500.0,122.51815,29.9424,40,117.49,6.25
444500.0,3341500.0,122.42338,30.20372,40,85.63,172.41
453500.0,3334500.0,122.51719,30.14093,40,37.01,1.9
506500.0,3308500.0,123.06733,29.90716,40,48.67,4.82
529500.0,3337500.0,123.30638,30.16853,40,83.03,5.09
449500.0,3314500.0,122.47661,29.96029,40,178.87,12.27
495500.0,3213500.0,122.95378,29.04976,40,173.45,49.13
490500.0,3305500.0,122.90162,29.88007,40,67.97,12.31
490500.0,3321500.0,122.90148,30.02446,40,29.4,1.39
533500.0,3257500.0,123.34544,29.44645,40,95.51,6.58
502500.0,3289500.0,123.02585,29.7357,40,46.37,4.01
450500.0,3314500.0,122.48698,29.96033,40,2.41,3.15
521500.0,3341500.0,123.22338,30.2048,40,125.05,14.14
512500.0,3237500.0,123.12867,29.26633,40,90.06,651844927059.23
542500.0,3273500.0,123.43886,29.59058,40,177.3,194.08
552500.0,3293500.0,123.54309,29.77069,40,2.6,112.96
503500.0,3143500.0,123.03574,28.41793,40,154.73,15742.16
503500.0,3153500.0,123.03577,28.50819,40,150.07,148595.99
449500.0,3252500.0,122.4795,29.40076,39,59.66,6.45
417500.0,3291500.0,122.14675,29.751,39,90.86,2.25
495500.0,3325500.0,122.95331,30.06059,39,133.85,22.15
411500.0,3340500.0,122.08064,30.19274,39,56.85,2.04
474500.0,3284500.0,122.73642,29.69032,39,90.71,1.09
502500.0,3305500.0,123.02589,29.8801,39,148.66,3.64
450500.0,3243500.0,122.49021,29.31957,39,77.17,2.06
391500.0,3185500.0,121.88829,28.79247,39,87.08,42.26
402500.0,3272500.0,121.99334,29.57846,39,15.78,1.28
389500.0,3347500.0,121.8514,30.2541,39,116.15,16.58
413500.0,3152500.0,122.11618,28.4963,39,72.53,2.78
409500.0,3145500.0,122.07586,28.43285,39,84.2,8.99
413500.0,3160500.0,122.11558,28.5685,39,17.8,11.95
437500.0,3207500.0,122.35836,28.99409,39,132.88,1.42
437500.0,3204500.0,122.35853,28.96701,39,87.44,21.56
441500.0,3207500.0,122.39942,28.99428,39,151.69,118.62
418500.0,3222500.0,122.16222,29.12839,39,14.29,51.82
416500.0,3234500.0,122.14076,29.23655,39,164.9,4.54
482500.0,3298500.0,122.81889,29.81681,39,11.56,3.84
434500.0,3330500.0,122.32017,30.10396,39,109.12,32.95
438500.0,3325500.0,122.36198,30.05905,39,47.09,3.38
496500.0,3282500.0,122.96383,29.67253,39,172.98,2.8
522500.0,3283500.0,123.23255,29.68135,39,171.96,473.95
464500.0,3287500.0,122.63296,29.71715,39,135.62,3.17
505500.0,3339500.0,123.05713,30.18693,39,149.38,1.94
413500.0,3195500.0,122.11291,28.88438,39,45.84,2.22
475500.0,3256500.0,122.74739,29.43764,39,78.38,15.52
385500.0,3170500.0,121.82833,28.65658,39,76.64,142.44
381500.0,3193500.0,121.78501,28.86378,39,72.95,3.62
377500.0,3211500.0,121.74204,29.02583,39,150.33,30.84
413500.0,3209500.0,122.11184,29.01073,39,153.06,1975.33
414500.0,3215500.0,122.12164,29.06495,39,111.67,10.51
449500.0,3352500.0,122.4748,30.3032,39,58.99,467.04
382500.0,3161500.0,121.79856,28.57509,39,61.47,1.76
410500.0,3207500.0,122.0812,28.99248,39,77.38,26.73
474500.0,3245500.0,122.73733,29.33834,39,71.17,49.56
433500.0,3261500.0,122.31406,29.48123,39,36.68,3.73
443500.0,3280500.0,122.41621,29.6532,39,60.29,15.1
435500.0,3271500.0,122.33409,29.57158,39,92.4,2.1
433500.0,3340500.0,122.30917,30.19414,39,1.95,29.42
486500.0,3272500.0,122.86061,29.58221,39,43.68,450.83
482500.0,3274500.0,122.81927,29.60021,39,120.99,4.79
488500.0,3289500.0,122.88108,29.73565,39,162.6,1112.19
513500.0,3334500.0,123.14017,30.14174,39,85.18,9.09
502500.0,3346500.0,123.02599,30.25011,39,77.66,16.12
434500.0,3158500.0,122.33039,28.55168,39,148.54,1639.36
427500.0,3211500.0,122.25544,29.02966,39,39.26,12.94
444500.0,3219500.0,122.42962,29.10271,39,9.92,7.04
413500.0,3258500.0,122.10801,29.45294,39,88.06,174.44
412500.0,3343500.0,122.09078,30.21988,39,131.49,14.89
509500.0,3318500.0,123.0985,29.99739,39,139.93,37.91
393500.0,3191500.0,121.90821,28.84678,39,84.33,8.51
429500.0,3276500.0,122.27183,29.61638,39,68.04,2.66
406500.0,3290500.0,122.03309,29.7412,39,10.0,7.24
484500.0,3292500.0,122.83967,29.76268,39,141.42,49.94
464500.0,3330500.0,122.63154,30.1052,39,69.52,42.95
388500.0,3352500.0,121.84048,30.29912,39,79.58,7.9
426500.0,3334500.0,122.23687,30.1396,39,42.24,2.37
498500.0,3199500.0,122.98461,28.92341,39,69.58,17.43
375500.0,3214500.0,121.72117,29.05271,39,122.05,1.79
361500.0,3306500.0,121.56577,29.88133,39,62.05,157.3
448500.0,3179500.0,122.47256,28.74186,39,59.93,37.6
409500.0,3234500.0,122.06874,29.23607,39,18.85,14.97
417500.0,3280500.0,122.14759,29.65174,39,149.85,5.68
447500.0,3275500.0,122.45778,29.60825,39,133.7,11.84
381500.0,3340500.0,121.76905,30.19019,39,48.12,1.51
426500.0,3210500.0,122.24524,29.02057,39,52.65,14.62
479500.0,3315500.0,122.78751,29.97018,39,22.45,7.9
502500.0,3239500.0,123.02574,29.28444,39,175.67,102.51
511500.0,3289500.0,123.11892,29.73565,39,77.41,59.94
443500.0,3178500.0,122.42141,28.73262,39,56.31,120.11
404500.0,3320500.0,122.00973,30.01175,39,120.83,60.77
495500.0,3308500.0,122.95339,29.90717,39,81.45,6.83
454500.0,3292500.0,122.52936,29.76194,39,154.17,4.14
396500.0,3311500.0,121.92766,29.92989,39,46.62,1.38
408500.0,3173500.0,122.06342,28.68549,39,83.32,3.64
410500.0,3174500.0,122.08381,28.69465,39,168.83,209.58
410500.0,3349500.0,122.06949,30.27388,39,60.71,67.8
490500.0,3303500.0,122.90164,29.86202,39,95.39,1.94
444500.0,3238500.0,122.42868,29.27419,39,59.31,68.46
405500.0,3248500.0,122.02639,29.36212,39,124.37,47.64
445500.0,3301500.0,122.43582,29.8428,39,150.88,107.17
419500.0,3313500.0,122.16579,29.94966,39,38.31,8.56
459500.0,3194500.0,122.58468,28.87764,39,148.44,2980.99
456500.0,3344500.0,122.54793,30.23128,39,57.34,18.07
455500.0,3325500.0,122.53834,30.05979,39,160.19,154.92
377500.0,3178500.0,121.74562,28.72804,39,79.37,158.24
367500.0,3156500.0,121.6458,28.52853,39,44.32,74.59
402500.0,3243500.0,121.99592,29.31677,39,83.59,1.79
394500.0,3350500.0,121.90307,30.28161,39,36.63,2.09
412500.0,3230500.0,122.09992,29.20018,39,94.52,10.72
410500.0,3232500.0,122.07919,29.21809,39,172.42,6.49
433500.0,3259500.0,122.31418,29.46318,39,72.91,14.87
418500.0,3262500.0,122.15927,29.48937,39,144.83,2.62
407500.0,3335500.0,122.03953,30.14733,39,125.76,2.12
479500.0,3262500.0,122.78852,29.49186,39,66.51,9.27
495500.0,3331500.0,122.95329,30.11474,39,133.46,30.35
454500.0,3347500.0,122.52701,30.25828,39,20.31,2465.14
527500.0,3346500.0,123.28585,30.2498,39,145.83,151.56
527500.0,3345500.0,123.28582,30.24077,39,175.78,932.73
505500.0,3341500.0,123.05714,30.20498,39,46.49,6.05
490500.0,3186500.0,122.90265,28.80603,39,69.36,68.74
496500.0,3316500.0,122.96372,29.97937,39,177.05,2.95
457500.0,3320500.0,122.55928,30.01474,39,16.05,14.93
532500.0,3284500.0,123.33593,29.69015,39,55.16,58.55
458500.0,3321500.0,122.56961,30.02379,39,11.36,6.46
483500.0,3280500.0,122.82951,29.65437,39,122.05,70.14
461500.0,3308500.0,122.60119,29.90658,39,176.55,41.68
460500.0,3297500.0,122.59124,29.80727,39,44.91,6.47
502500.0,3293500.0,123.02586,29.7718,39,84.77,2.37
503500.0,3213500.0,123.03595,29.04977,39,86.33,89.29
485500.0,3263500.0,122.8504,29.50097,39,8.51,246.05
521500.0,3256500.0,123.22168,29.43769,39,96.75,2.7
511500.0,3155500.0,123.11754,28.5262,39,59.66,1782.33
516500.0,3158500.0,123.16868,28.55322,39,172.12,44270.15
495500.0,3327500.0,122.95331,30.07864,38,76.07,1.96
463500.0,3351500.0,122.62043,30.29468,38,58.7,7.09
355500.0,3262500.0,121.50952,29.48368,38,42.21,1.67
462500.0,3201500.0,122.61521,28.94091,38,74.33,14.35
389500.0,3183500.0,121.86799,28.77425,38,139.19,147.41
369500.0,3225500.0,121.65827,29.15136,38,134.51,10.93
397500.0,3336500.0,121.93561,30.15555,38,119.89,319.76
424500.0,3163500.0,122.22784,28.59626,38,66.19,7.01
432500.0,3199500.0,122.30751,28.92163,38,75.93,53.12
434500.0,3192500.0,122.32844,28.85855,38,19.18,2.74
415500.0,3234500.0,122.13047,29.23649,38,0.53,4.2
408500.0,3268500.0,122.05562,29.54282,38,50.12,419.83
439500.0,3337500.0,122.37167,30.16739,38,164.93,33.59
453500.0,3320500.0,122.51781,30.01459,38,24.52,23.33
460500.0,3351500.0,122.58923,30.29459,38,67.48,8.09
410500.0,3209500.0,122.08104,29.01053,38,48.07,10.29
431500.0,3170500.0,122.29901,28.65983,38,74.36,4.12
432500.0,3281500.0,122.3025,29.66167,38,83.45,2.49
465500.0,3286500.0,122.64333,29.70815,38,112.49,1.46
508500.0,3345500.0,123.08834,30.24106,38,109.45,9.08
335500.0,3177500.0,121.31583,28.71435,38,165.26,16.78
374500.0,3192500.0,121.71336,28.85409,38,105.47,2.91
386500.0,3340500.0,121.82098,30.19066,38,54.56,1.98
411500.0,3153500.0,122.09567,28.50519,38,2.8,6.55
412500.0,3176500.0,122.10413,28.71284,38,56.38,1.87
450500.0,3198500.0,122.49221,28.91343,38,86.23,15.05
413500.0,3212500.0,122.1116,29.03781,38,104.18,2.76
413500.0,3211500.0,122.11168,29.02878,38,82.65,2.59
445500.0,3278500.0,122.43698,29.63524,38,172.12,40.1
435500.0,3340500.0,122.32994,30.19425,38,81.84,23.98
451500.0,3300500.0,122.49797,29.83403,38,78.54,2.88
356500.0,3152500.0,121.5339,28.49126,38,57.92,1.33
381500.0,3195500.0,121.7848,28.88183,38,69.71,1.52
408500.0,3201500.0,122.06115,28.93819,38,80.86,199.98
420500.0,3190500.0,122.18505,28.83971,38,80.85,5.44
431500.0,3243500.0,122.29455,29.31868,38,13.84,3.89
457500.0,3280500.0,122.56087,29.65375,38,20.0,2.34
460500.0,3272500.0,122.59215,29.58165,38,58.73,19.64
500500.0,3350500.0,123.0052,30.28621,38,114.5,26.1
388500.0,3170500.0,121.85902,28.65684,38,95.91,38.69
368500.0,3167500.0,121.65475,28.62789,38,103.22,30.42
449500.0,3251500.0,122.47955,29.39173,38,59.51,21.6
411500.0,3303500.0,122.08372,29.85887,38,51.45,2.68
429500.0,3339500.0,122.26768,30.18489,38,98.06,1.54
478500.0,3255500.0,122.77834,29.42867,38,65.75,1.08
360500.0,3266500.0,121.56057,29.52033,38,36.65,2.03
436500.0,3152500.0,122.35117,28.49762,38,55.84,112.69
411500.0,3345500.0,122.08022,30.23786,38,63.36,3.54
465500.0,3220500.0,122.64541,29.11248,38,164.26,793.17
484500.0,3279500.0,122.83986,29.64536,38,85.73,10.76
546500.0,3340500.0,123.48307,30.19507,38,85.12,218.56
382500.0,3159500.0,121.79877,28.55704,38,19.89,51.6
396500.0,3201500.0,121.93804,28.93727,38,71.73,80.3
418500.0,3302500.0,122.15626,29.85033,38,56.21,2.52
470500.0,3278500.0,122.69524,29.63608,38,132.43,1.79
407500.0,3343500.0,122.03883,30.21951,38,171.26,28.01
501500.0,3336500.0,123.01558,30.15986,38,85.8,14.86
471500.0,3243500.0,122.70648,29.32022,38,73.64,48.46
462500.0,3295500.0,122.61201,29.78929,38,36.77,47.25
500500.0,3280500.0,123.00517,29.65448,38,174.48,2.9
336500.0,3317500.0,121.30529,29.97749,38,117.11,176.18
379500.0,3169500.0,121.76705,28.64701,38,110.55,3.79
378500.0,3170500.0,121.75671,28.65594,38,34.23,2.77
480500.0,3197500.0,122.79998,28.90521,38,69.0,16.83
514500.0,3215500.0,123.14897,29.06774,38,65.75,1613.85
523500.0,3286500.0,123.24295,29.70841,38,89.87,13.5
523500.0,3285500.0,123.24293,29.69938,38,92.59,31.97
471500.0,3245500.0,122.70643,29.33827,38,161.31,984.26
475500.0,3261500.0,122.74728,29.48276,38,108.92,13.29
488500.0,3271500.0,122.88127,29.5732,38,79.67,75.35
489500.0,3273500.0,122.89157,29.59126,38,71.23,4.0
500500.0,3351500.0,123.0052,30.29523,38,114.32,4.56
381500.0,3150500.0,121.78947,28.47573,38,74.31,1.91
394500.0,3157500.0,121.92161,28.54002,38,41.47,2.32
438500.0,3142500.0,122.37214,28.40746,38,66.26,24.8
403500.0,3239500.0,122.00657,29.28075,38,76.65,7.12
417500.0,3344500.0,122.14265,30.22926,38,154.29,12.25
473500.0,3233500.0,122.72732,29.23001,38,69.46,44.46
492500.0,3284500.0,122.92248,29.69056,38,8.86,19.25
455500.0,3295500.0,122.53958,29.78905,38,13.82,2.78
407500.0,3170500.0,122.05343,28.65834,38,173.22,175.29
427500.0,3239500.0,122.25362,29.28236,38,112.78,2.79
428500.0,3255500.0,122.26288,29.42681,38,148.4,111.87
423500.0,3242500.0,122.21224,29.30919,38,28.88,4.74
417500.0,3258500.0,122.14926,29.45321,38,86.02,3.58
434500.0,3280500.0,122.32323,29.65275,38,76.99,3.59
450500.0,3288500.0,122.48817,29.72569,38,124.13,6.82
404500.0,3336500.0,122.00829,30.15612,38,87.85,2.92
452500.0,3317500.0,122.50757,29.98748,38,25.62,2.93
500500.0,3276500.0,123.00516,29.61838,38,29.74,18.49
522500.0,3341500.0,123.23377,30.20478,38,59.23,7.23
525500.0,3352500.0,123.2652,30.30399,38,71.66,44.18
427500.0,3193500.0,122.25661,28.8672,38,162.4,1.51
435500.0,3262500.0,122.33462,29.49036,38,169.41,270.72
434500.0,3237500.0,122.3258,29.26469,38,61.29,2.54
490500.0,3215500.0,122.9024,29.06779,38,16.21,1.51
509500.0,3317500.0,123.09849,29.98836,38,64.03,5.13
530500.0,3345500.0,123.317,30.2407,38,65.23,6.29
431500.0,3253500.0,122.29393,29.40893,38,171.06,5.33
436500.0,3334500.0,122.34069,30.14016,38,106.24,17.69
424500.0,3186500.0,122.22631,28.80385,38,73.61,30.07
456500.0,3302500.0,122.54965,29.85226,38,72.68,3.21
503500.0,3309500.0,123.03626,29.9162,38,114.35,2.11
397500.0,3280500.0,121.94097,29.65025,38,164.85,1.66
427500.0,3248500.0,122.25303,29.36358,38,27.87,3.71
484500.0,3304500.0,122.8395,29.87098,38,141.7,2.68
453500.0,3313500.0,122.51811,29.95142,38,128.21,22.26
551500.0,3293500.0,123.53274,29.77073,38,47.62,104.85
508500.0,3334500.0,123.08826,30.14179,38,78.19,1.39
403500.0,3173500.0,122.01224,28.68512,38,32.16,3.33
445500.0,3326500.0,122.43454,30.06841,38,142.71,5.55
474500.0,3299500.0,122.73607,29.82569,38,120.41,3.46
516500.0,3271500.0,123.17035,29.57315,38,95.44,4.6
442500.0,3313500.0,122.40412,29.95095,37,71.78,1.1
413500.0,3344500.0,122.10109,30.22898,37,162.21,2.0
435500.0,3352500.0,122.32921,30.30254,37,22.95,83.42
490500.0,3280500.0,122.90184,29.65444,37,176.4,311.2
479500.0,3290500.0,122.78799,29.74456,37,31.0,7.69
476500.0,3292500.0,122.75692,29.76256,37,101.14,1.41
392500.0,3353500.0,121.88197,30.3085,37,148.84,2.56
524500.0,3285500.0,123.25326,29.69936,37,95.94,7.06
411500.0,3159500.0,122.09521,28.55934,37,77.9,5.01
445500.0,3235500.0,122.43912,29.24716,37,31.56,30.62
514500.0,3344500.0,123.15069,30.23197,37,101.19,1.21
391500.0,3147500.0,121.89189,28.44952,37,148.37,1.46
371500.0,3189500.0,121.68295,28.82672,37,27.42,1.86
410500.0,3144500.0,122.08615,28.42389,37,65.29,1.31
409500.0,3146500.0,122.07578,28.44187,37,87.57,55.98
414500.0,3157500.0,122.12602,28.54149,37,49.48,5.75
421500.0,3186500.0,122.19557,28.80367,37,154.63,42.49
426500.0,3240500.0,122.24326,29.29132,37,29.5,10.59
431500.0,3244500.0,122.29449,29.32771,37,12.37,1.83
430500.0,3282500.0,122.28177,29.67058,37,109.32,2.82
486500.0,3274500.0,122.86058,29.60026,37,83.03,20.57
509500.0,3304500.0,123.09837,29.87104,37,99.2,2.68
506500.0,3342500.0,123.06754,30.21399,37,71.19,6.21
553500.0,3353500.0,123.55645,30.3121,37,74.27,14.9
406500.0,3151500.0,122.04475,28.48679,37,164.54,92.91
475500.0,3255500.0,122.74741,29.42861,37,2.55,9.61
465500.0,3277500.0,122.64362,29.62693,37,97.7,4.49
464500.0,3218500.0,122.63519,29.09441,37,167.71,490.64
453500.0,3332500.0,122.51728,30.12288,37,50.01,1.72
519500.0,3283500.0,123.20154,29.6814,37,46.68,2.89
370500.0,3169500.0,121.67498,28.64614,37,128.35,5.85
431500.0,3201500.0,122.29713,28.93963,37,58.7,3.07
433500.0,3227500.0,122.31611,29.17439,37,49.87,11.14
416500.0,3264500.0,122.13849,29.50729,37,9.55,5.35
483500.0,3296500.0,122.82927,29.79877,37,157.14,345.19
514500.0,3309500.0,123.15021,29.91612,37,72.82,123.55
353500.0,3310500.0,121.4824,29.91649,37,65.0,4.39
396500.0,3198500.0,121.93832,28.9102,37,169.91,39.48
368500.0,3221500.0,121.64846,29.11517,37,121.28,2.57
360500.0,3264500.0,121.56083,29.50229,37,6.71,9.97
423500.0,3215500.0,122.2141,29.06552,37,119.01,1.67
427500.0,3289500.0,122.2503,29.73358,37,52.01,64.29
450500.0,3309500.0,122.48721,29.91521,37,2.77,7097.12
448500.0,3334500.0,122.46528,30.14073,37,33.78,2.66
446500.0,3351500.0,122.44365,30.29405,37,28.63,6.68
455500.0,3313500.0,122.53884,29.95149,37,65.88,1.67
504500.0,3293500.0,123.04655,29.7718,37,40.58,3.46
391500.0,3167500.0,121.89,28.63002,37,41.01,1.16
397500.0,3204500.0,121.94803,28.96443,37,68.98,42.95
393500.0,3285500.0,121.89916,29.69503,37,48.36,22.91
384500.0,3342500.0,121.79999,30.20852,37,130.12,1.1
408500.0,3169500.0,122.06374,28.64939,37,164.95,636.68
417500.0,3199500.0,122.15364,28.92075,37,75.56,13.73
410500.0,3236500.0,122.07887,29.25419,37,31.54,98.16
439500.0,3280500.0,122.37489,29.65301,37,0.71,2.82
466500.0,3226500.0,122.6555,29.16667,37,16.71,7.78
456500.0,3305500.0,122.54952,29.87933,37,48.44,44.76
516500.0,3320500.0,123.1711,30.01536,37,73.95,11.26
514500.0,3338500.0,123.15061,30.17783,37,81.44,11.02
397500.0,3206500.0,121.94785,28.98247,37,22.51,4.18
401500.0,3331500.0,121.97761,30.11076,37,152.98,2.9
406500.0,3148500.0,122.04499,28.45971,37,54.5,21.96
417500.0,3193500.0,122.15408,28.8666,37,173.51,97.01
419500.0,3237500.0,122.17141,29.26382,37,41.39,8.5
440500.0,3280500.0,122.38522,29.65306,37,110.0,4.73
453500.0,3275500.0,122.51975,29.60849,37,6.76,2.14
461500.0,3266500.0,122.60269,29.52753,37,47.1,89.19
398500.0,3233500.0,121.95565,29.22621,37,126.46,3.23
427500.0,3148500.0,122.25947,28.46105,37,56.96,442.71
457500.0,3164500.0,122.56529,28.60679,37,79.05,44.23
463500.0,3214500.0,122.62505,29.05827,37,163.39,689.05
475500.0,3258500.0,122.74734,29.45569,37,75.12,24.88
475500.0,3257500.0,122.74737,29.44666,37,168.27,267.15
477500.0,3269500.0,122.76774,29.555,37,80.89,22.34
513500.0,3267500.0,123.13933,29.53708,37,76.37,4.37
390500.0,3344500.0,121.86211,30.22712,37,122.99,125.25
446500.0,3242500.0,122.44907,29.31038,37,57.88,44.0
357500.0,3153500.0,121.54399,28.5004,37,109.15,1.36
396500.0,3184500.0,121.9396,28.78385,37,69.25,29.73
430500.0,3243500.0,122.28425,29.31863,37,49.95,2.77
471500.0,3241500.0,122.70654,29.30217,37,130.1,3.84
421500.0,3220500.0,122.1932,29.11053,37,87.33,4.06
439500.0,3329500.0,122.37212,30.09519,37,77.96,57.49
453500.0,3293500.0,122.51898,29.77093,37,136.85,1.31
482500.0,3290500.0,122.81902,29.74461,37,56.13,2.08
381500.0,3168500.0,121.78761,28.63817,37,30.03,36.27
463500.0,3336500.0,122.62095,30.15932,37,12.19,231.41
501500.0,3231500.0,123.01543,29.21224,37,93.66,31.54
549500.0,3334500.0,123.51396,30.14081,37,96.82,3.7
385500.0,3204500.0,121.82489,28.96341,37,127.38,20.4
388500.0,3345500.0,121.84122,30.23596,37,113.58,2.74
440500.0,3235500.0,122.38766,29.24694,37,50.49,5.48
438500.0,3320500.0,122.36227,30.01393,37,74.96,118.1
484500.0,3250500.0,122.84027,29.38363,37,141.35,12.53
483500.0,3266500.0,122.82972,29.52802,37,73.77,10.46
520500.0,3153500.0,123.20949,28.50804,37,141.8,138643.48
518500.0,3287500.0,123.19127,29.71752,37,138.36,7.39
513500.0,3346500.0,123.14033,30.25003,37,51.28,4.93
409500.0,3179500.0,122.07318,28.73971,37,142.61,114.05
424500.0,3196500.0,122.22565,28.89411,37,34.0,9.99
412500.0,3269500.0,122.09682,29.55213,37,89.71,18.34
440500.0,3316500.0,122.38323,29.97793,37,172.89,2.0
451500.0,3352500.0,122.4956,30.30328,37,136.9,243.08
471500.0,3251500.0,122.70628,29.39242,37,162.35,91.25
490500.0,3285500.0,122.9018,29.69957,37,2.14,2.44
527500.0,3331500.0,123.28546,30.11443,37,132.07,647.11
535500.0,3349500.0,123.3691,30.27666,37,92.21,2.51
384500.0,3142500.0,121.82092,28.4038,37,77.31,4.49
370500.0,3166500.0,121.67532,28.61907,37,36.97,51.3
419500.0,3150500.0,122.17762,28.47863,37,50.28,72.35
443500.0,3167500.0,122.42195,28.63334,37,75.58,120.97
413500.0,3215500.0,122.11137,29.06488,37,76.25,14.84
419500.0,3245500.0,122.17083,29.33602,37,20.44,14.18
410500.0,3255500.0,122.07732,29.42565,37,35.4,2.04
449500.0,3337500.0,122.47552,30.16784,37,44.04,80.53
495500.0,3215500.0,122.95377,29.06782,37,75.6,54.09
458500.0,3347500.0,122.56859,30.25842,37,145.66,291.04
528500.0,3256500.0,123.29385,29.43755,37,17.58,77.84
507500.0,3344500.0,123.07794,30.23204,37,146.18,573.97
422500.0,3230500.0,122.20278,29.20084,37,51.16,3.3
424500.0,3235500.0,122.22301,29.24608,37,36.6,3.07
427500.0,3237500.0,122.25375,29.26431,37,125.65,3.97
417500.0,3259500.0,122.14918,29.46223,37,39.59,3.81
423500.0,3250500.0,122.21168,29.38139,37,41.49,22.12
432500.0,3247500.0,122.3046,29.35483,37,131.69,71.43
431500.0,3271500.0,122.2928,29.57137,37,84.85,6.41
443500.0,3322500.0,122.41401,30.03222,37,100.9,4.02
494500.0,3329500.0,122.94292,30.09668,37,77.79,10.05
495500.0,3351500.0,122.9532,30.29522,37,77.35,153.95
495500.0,3348500.0,122.95322,30.26815,37,176.85,17.59
505500.0,3281500.0,123.05683,29.66349,37,118.3,1.84
418500.0,3260500.0,122.15942,29.47132,37,110.34,1.41
438500.0,3263500.0,122.36551,29.49954,37,86.94,2.06
437500.0,3285500.0,122.35393,29.69803,37,29.78,9.46
408500.0,3340500.0,122.04948,30.19252,37,114.51,1.54
468500.0,3221500.0,122.67621,29.12159,37,75.48,100.31
520500.0,3353500.0,123.21322,30.3131,37,59.23,3.74
444500.0,3292500.0,122.42593,29.76154,37,114.47,17.86
456500.0,3279500.0,122.55057,29.64469,37,165.17,4.05
502500.0,3323500.0,123.02593,30.04255,37,126.86,5.98
524500.0,3336500.0,123.25443,30.15962,37,130.32,26.86
444500.0,3314500.0,122.42479,29.96007,37,96.38,91.72
446500.0,3294500.0,122.44652,29.77967,37,168.05,11.64
497500.0,3315500.0,122.97409,29.97035,37,16.88,62.28
498500.0,3297500.0,122.98448,29.8079,37,10.63,60.61
426500.0,3282500.0,122.24044,29.67035,37,86.87,81.59
546500.0,3250500.0,123.47919,29.38286,37,166.49,8957.75
538500.0,3350500.0,123.40033,30.28559,37,161.61,840.41
401500.0,3327500.0,121.97798,30.07467,36,131.94,2.65
450500.0,3254500.0,122.48972,29.41885,36,58.7,26.99
464500.0,3267500.0,122.63362,29.53665,36,78.09,37.42
476500.0,3284500.0,122.7571,29.69036,36,3.24,2.49
478500.0,3265500.0,122.77814,29.51892,36,166.33,122.24
491500.0,3310500.0,122.91194,29.9252,36,69.18,22.27
471500.0,3298500.0,122.70504,29.8166,36,35.46,1.81
504500.0,3288500.0,123.04653,29.72667,36,91.21,2.76
514500.0,3267500.0,123.14965,29.53707,36,56.63,12.46
516500.0,3297500.0,123.17075,29.80779,36,67.73,33.95
390500.0,3352500.0,121.86127,30.2993,36,2.23,4.39
490500.0,3281500.0,122.90183,29.66347,36,141.19,4.64
427500.0,3167500.0,122.25827,28.63254,36,32.79,13.22
434500.0,3200500.0,122.32797,28.93076,36,91.6,10.6
447500.0,3202500.0,122.46125,28.94941,36,29.28,10.43
423500.0,3184500.0,122.2162,28.78574,36,58.17,13.9
432500.0,3200500.0,122.30745,28.93065,36,78.41,9.05
417500.0,3214500.0,122.15254,29.05612,36,86.49,14.55
410500.0,3225500.0,122.07975,29.15492,36,40.2,1.88
495500.0,3304500.0,122.9534,29.87107,36,21.39,1.63
503500.0,3211500.0,123.03595,29.03172,36,84.87,196.15
530500.0,3348500.0,123.31709,30.26777,36,52.44,18.0
309500.0,3319500.0,121.0252,29.99164,36,53.08,92.79
377500.0,3331500.0,121.72855,30.10859,36,96.43,177.71
418500.0,3197500.0,122.16404,28.90276,36,96.06,18.04
455500.0,3194500.0,122.54366,28.87751,36,70.36,547.19
468500.0,3218500.0,122.6763,29.09451,36,164.12,1036.37
456500.0,3334500.0,122.54834,30.14104,36,163.97,12.03
381500.0,3181500.0,121.78626,28.75549,36,70.21,1.66
428500.0,3175500.0,122.26799,28.7048,36,172.25,243.57
408500.0,3167500.0,122.0639,28.63134,36,39.14,3.72
407500.0,3198500.0,122.05114,28.91104,36,76.58,79.48
337500.0,3317500.0,121.31565,29.97763,36,171.41,2.22
377500.0,3149500.0,121.74873,28.46633,36,129.43,8.62
375500.0,3164500.0,121.72668,28.60151,36,66.41,206.26
397500.0,3181500.0,121.95012,28.75686,36,129.68,4.65
380500.0,3188500.0,121.77528,28.81856,36,140.36,9.15
371500.0,3215500.0,121.67998,29.06133,36,88.76,2.75
377500.0,3210500.0,121.74215,29.01681,36,42.14,235.13
404500.0,3179500.0,122.02198,28.73935,36,63.5,3.08
415500.0,3191500.0,122.13372,28.84842,36,57.1,81.19
425500.0,3207500.0,122.23517,28.99344,36,59.55,25.45
409500.0,3212500.0,122.07053,29.03753,36,23.43,1.76
426500.0,3276500.0,122.24084,29.61621,36,107.0,25.28
440500.0,3288500.0,122.38478,29.72525,36,78.27,219.24
446500.0,3299500.0,122.44627,29.82479,36,0.35,55.54
451500.0,3301500.0,122.49793,29.84305,36,83.7,11.16
501500.0,3347500.0,123.01559,30.25913,36,64.88,8.65
351500.0,3310500.0,121.46169,29.91625,36,132.2,257.97
381500.0,3162500.0,121.78824,28.58402,36,92.9,6.59
416500.0,3196500.0,122.1436,28.89361,36,84.21,7.49
413500.0,3256500.0,122.10817,29.43489,36,104.07,22.55
434500.0,3325500.0,122.32048,30.05884,36,113.76,5.8
462500.0,3285500.0,122.61235,29.69904,36,26.8,9.26
481500.0,3286500.0,122.80874,29.70849,36,64.08,21.18
505500.0,3282500.0,123.05684,29.67252,36,112.44,2.03
503500.0,3314500.0,123.03628,29.96132,36,48.34,18.38
380500.0,3276500.0,121.7658,29.61264,36,165.06,2.24
355500.0,3296500.0,121.505,29.79043,36,26.99,6.42
382500.0,3337500.0,121.77977,30.16322,36,18.21,9.29
440500.0,3246500.0,122.38707,29.34621,36,129.0,157.56
424500.0,3247500.0,122.22219,29.35438,36,36.2,14.74
430500.0,3280500.0,122.2819,29.65254,36,97.97,4.93
455500.0,3279500.0,122.54024,29.64466,36,146.98,4.16
473500.0,3285500.0,122.72606,29.69932,36,56.99,13.31
491500.0,3290500.0,122.91209,29.7447,36,1.73,8.1
520500.0,3294500.0,123.21209,29.78066,36,28.68,4.14
501500.0,3337500.0,123.01558,30.16889,36,45.63,150.12
419500.0,3185500.0,122.17515,28.79452,36,50.2,1.85
404500.0,3211500.0,122.01927,29.02814,36,170.9,18.83
438500.0,3217500.0,122.36808,29.08439,36,25.33,15.5
412500.0,3320500.0,122.09268,30.01235,36,10.11,14.14
465500.0,3210500.0,122.64572,29.02223,36,72.55,193.95
390500.0,3156500.0,121.88083,28.53067,36,41.9,43.55
393500.0,3350500.0,121.89267,30.28152,36,138.09,6.72
405500.0,3188500.0,122.03147,28.82065,36,71.12,74.56
445500.0,3243500.0,122.43872,29.31936,36,135.24,155.35
441500.0,3338500.0,122.39238,30.17651,36,39.74,2.26
522500.0,3280500.0,123.23249,29.65428,36,48.52,163.07
401500.0,3224500.0,121.98731,29.14523,36,130.22,11.33
487500.0,3301500.0,122.8706,29.84394,36,97.14,2.79
406500.0,3172500.0,122.04303,28.67632,36,96.13,12.71
416500.0,3211500.0,122.14249,29.02898,36,30.8,3.5
432500.0,3286500.0,122.30219,29.70679,36,151.26,13.11
386500.0,3150500.0,121.84054,28.47617,36,26.66,216.12
406500.0,3190500.0,122.04155,28.83877,36,69.09,21.78
474500.0,3252500.0,122.73717,29.40151,36,163.46,1328.41
505500.0,3268500.0,123.05677,29.54617,36,62.09,141.57
439500.0,3165500.0,122.38113,28.6151,36,120.7,462.26
448500.0,3316500.0,122.46615,29.97829,36,43.22,3.18
465500.0,3279500.0,122.64356,29.64498,36,26.29,24.42
521500.0,3335500.0,123.22326,30.15065,36,0.42,2.48
323500.0,3323500.0,121.1696,30.02981,36,119.31,5.86
449500.0,3176500.0,122.48294,28.71482,36,65.78,3373.14
461500.0,3149500.0,122.60671,28.47152,36,146.0,7159.31
456500.0,3197500.0,122.5538,28.90462,36,64.6,10.25
466500.0,3208500.0,122.65604,29.0042,36,169.39,474.02
478500.0,3289500.0,122.77767,29.73552,36,33.97,33.77
514500.0,3238500.0,123.14927,29.27533,36,158.36,6660.41
511500.0,3280500.0,123.11883,29.65443,36,37.71,3.88
512500.0,3345500.0,123.12992,30.24102,36,43.8,3.3
322500.0,3187500.0,121.18122,28.80284,36,149.89,72.96
405500.0,3221500.0,122.02869,29.11846,36,140.18,5.09
410500.0,3341500.0,122.07017,30.20169,36,103.9,6.76
406500.0,3335500.0,122.02915,30.14725,36,51.27,2.2
409500.0,3350500.0,122.05901,30.28282,36,89.42,10.88
460500.0,3205500.0,122.59455,28.97695,36,73.3,15.37
494500.0,3285500.0,122.94314,29.69959,36,88.63,3.64
541500.0,3329500.0,123.4307,30.09599,36,168.91,408.57
503500.0,3342500.0,123.03637,30.21401,36,166.47,294.36
379500.0,3150500.0,121.76905,28.47555,36,92.96,9.73
379500.0,3156500.0,121.76842,28.52969,36,50.24,4.87
395500.0,3155500.0,121.93201,28.52205,36,172.52,2.21
363500.0,3158500.0,121.60469,28.54616,36,149.85,60.29
377500.0,3192500.0,121.74411,28.85438,36,157.49,34.54
406500.0,3217500.0,122.0393,29.08244,36,62.54,146.2
448500.0,3285500.0,122.46764,29.69854,36,7.74,2.26
437500.0,3328500.0,122.35143,30.08607,36,94.49,14.49
450500.0,3322500.0,122.4866,30.03252,36,36.94,8.45
477500.0,3159500.0,122.76996,28.56216,36,150.77,795.01
473500.0,3241500.0,122.72713,29.30221,36,169.2,2194.82
476500.0,3253500.0,122.75776,29.41058,36,81.4,3.46
498500.0,3294500.0,122.98448,29.78083,36,45.0,3.13
518500.0,3351500.0,123.19239,30.29509,36,168.98,182.37
445500.0,3261500.0,122.43783,29.48181,36,66.0,5.22
423500.0,3262500.0,122.21084,29.48969,36,114.71,123.23
429500.0,3262500.0,122.27273,29.49004,36,52.87,18.86
427500.0,3250500.0,122.2529,29.38163,36,131.34,1.34
428500.0,3275500.0,122.26157,29.6073,36,94.71,622.53
443500.0,3324500.0,122.4139,30.05027,36,17.09,1198.64
442500.0,3324500.0,122.40353,30.05022,36,22.65,1147.23
455500.0,3244500.0,122.54167,29.32878,36,51.36,63.05
483500.0,3290500.0,122.82936,29.74462,36,156.29,218.22
502500.0,3285500.0,123.02584,29.6996,36,100.31,3.67
514500.0,3276500.0,123.14977,29.6183,36,53.9,83.94
504500.0,3330500.0,123.04671,30.10571,36,14.13,21.54
527500.0,3342500.0,123.28574,30.2137,36,76.52,8.73
390500.0,3164500.0,121.88006,28.60286,36,74.74,2.99
462500.0,3298500.0,122.6119,29.81636,36,122.23,1.95
496500.0,3327500.0,122.96368,30.07864,36,70.58,23.92
392500.0,3155500.0,121.90136,28.52181,36,159.58,11.89
438500.0,3280500.0,122.36455,29.65296,36,72.17,6.3
473500.0,3295500.0,122.72582,29.78957,36,21.65,4.49
400500.0,3344500.0,121.96601,30.22798,36,93.89,12.98
410500.0,3243500.0,122.0783,29.31736,36,87.01,5.85
483500.0,3279500.0,122.82953,29.64535,36,116.26,77.48
513500.0,3254500.0,123.13917,29.41975,36,80.2,18.76
532500.0,3280500.0,123.33581,29.65406,36,61.07,5.21
395500.0,3145500.0,121.93292,28.4318,36,88.68,13.06
395500.0,3151500.0,121.93238,28.48595,36,64.05,4.32
398500.0,3280500.0,121.9513,29.65033,36,65.97,19.33
447500.0,3295500.0,122.45681,29.78874,36,168.0,21.6
436500.0,3292500.0,122.34319,29.76115,36,106.0,5.32
463500.0,3280500.0,122.62286,29.65394,36,25.47,6.11
534500.0,3323500.0,123.35786,30.04206,36,177.01,11.43
509500.0,3305500.0,123.09838,29.88007,36,136.75,43.67
517500.0,3343500.0,123.18185,30.22291,36,163.28,66.07
413500.0,3308500.0,122.10402,29.90413,36,41.24,18.23
517500.0,3179500.0,123.17923,28.74277,36,172.84,55553.08
517500.0,3187500.0,123.17935,28.81498,36,105.02,111.35
516500.0,3184500.0,123.16906,28.78791,36,141.76,198702.21
512500.0,3238500.0,123.12868,29.27535,36,178.14,460363012.77
519500.0,3266500.0,123.20124,29.52798,36,5.43,905.86
543500.0,3248500.0,123.44819,29.36492,36,6.85,35744.72
556500.0,3316500.0,123.58568,29.97807,36,154.09,537.44
364500.0,3266500.0,121.60183,29.52077,35,30.15,3.39
395500.0,3352500.0,121.91326,30.29974,35,29.41,5.1
428500.0,3303500.0,122.25971,29.85998,35,46.87,1.65
436500.0,3319500.0,122.34159,30.0048,35,92.57,5.28
429500.0,3331500.0,122.26822,30.11271,35,173.79,23.14
485500.0,3302500.0,122.84988,29.85294,35,89.78,29.64
504500.0,3298500.0,123.04657,29.81692,35,66.18,5.74
502500.0,3291500.0,123.02586,29.75375,35,21.83,2.43
418500.0,3199500.0,122.1639,28.92081,35,150.4,332.0
388500.0,3182500.0,121.85785,28.76514,35,120.58,35.03
433500.0,3194500.0,122.31807,28.87655,35,10.81,4.29
435500.0,3202500.0,122.33812,28.94886,35,143.99,1.38
430500.0,3192500.0,122.28743,28.85834,35,61.18,5.27
434500.0,3215500.0,122.32709,29.06614,35,5.19,106.59
429500.0,3334500.0,122.26802,30.13978,35,137.08,11.58
464500.0,3268500.0,122.63358,29.54567,35,74.67,8.41
454500.0,3275500.0,122.53008,29.60852,35,169.06,4.78
454500.0,3342500.0,122.52723,30.21316,35,45.44,16.82
408500.0,3301500.0,122.05283,29.84061,35,3.19,2.23
378500.0,3142500.0,121.75968,28.40326,35,38.77,6.06
377500.0,3142500.0,121.74947,28.40316,35,117.02,28.37
400500.0,3210500.0,121.97828,29.01881,35,68.88,14.88
415500.0,3253500.0,122.12902,29.40795,35,55.54,2.1
413500.0,3345500.0,122.10101,30.238,35,71.76,2.02
477500.0,3256500.0,122.76801,29.43767,35,89.82,16.79
509500.0,3327500.0,123.09858,30.07861,35,35.74,15.17
361500.0,3264500.0,121.57114,29.5024,35,112.59,2.03
366500.0,3268500.0,121.62222,29.53904,35,71.52,5.84
443500.0,3193500.0,122.42066,28.86801,35,129.59,72.05
413500.0,3210500.0,122.11176,29.01976,35,36.2,48.15
443500.0,3232500.0,122.41869,29.22,35,27.42,124.33
450500.0,3303500.0,122.48748,29.86106,35,42.07,11.47
472500.0,3253500.0,122.71653,29.4105,35,73.72,21.17
453500.0,3248500.0,122.5209,29.36481,35,22.07,25.75
504500.0,3341500.0,123.04675,30.20498,35,58.79,14.76
395500.0,3180500.0,121.92973,28.74767,35,89.41,4.49
398500.0,3181500.0,121.96036,28.75694,35,112.23,1.02
397500.0,3312500.0,121.93793,29.939,35,11.88,1.9
382500.0,3339500.0,121.77954,30.18126,35,9.61,3.75
411500.0,3200500.0,122.09201,28.92937,35,116.39,1.48
435500.0,3265500.0,122.33445,29.51744,35,84.56,27.68
427500.0,3305500.0,122.24922,29.87797,35,31.85,174.28
404500.0,3299500.0,122.01161,29.82226,35,172.5,1.03
485500.0,3270500.0,122.85031,29.56414,35,54.35,3.99
488500.0,3295500.0,122.88101,29.7898,35,74.4,10.26
460500.0,3338500.0,122.58972,30.17727,35,140.95,36.47
504500.0,3284500.0,123.04651,29.69057,35,77.84,3.25
505500.0,3309500.0,123.05698,29.91619,35,120.32,12.7
515500.0,3339500.0,123.16101,30.18684,35,45.63,2.55
392500.0,3188500.0,121.89825,28.81962,35,62.58,214.51
368500.0,3267500.0,121.64298,29.53023,35,166.91,1.41
373500.0,3329500.0,121.68728,30.09014,35,125.31,248.49
416500.0,3188500.0,122.14419,28.82141,35,57.44,6.6
412500.0,3220500.0,122.10071,29.10994,35,86.3,1.8
459500.0,3280500.0,122.58153,29.65382,35,80.41,543.95
480500.0,3272500.0,122.79866,29.58213,35,143.79,2.16
460500.0,3290500.0,122.5915,29.7441,35,73.24,21.73
458500.0,3287500.0,122.57093,29.71696,35,93.6,14.23
476500.0,3310500.0,122.75653,29.925,35,37.07,2.95
459500.0,3325500.0,122.57983,30.05993,35,26.55,6.7
393500.0,3165500.0,121.91065,28.61214,35,78.73,4.66
424500.0,3227500.0,122.22355,29.17388,35,62.23,6.38
446500.0,3304500.0,122.44602,29.86992,35,82.6,44.52
469500.0,3227500.0,122.68633,29.17577,35,73.43,117.92
465500.0,3219500.0,122.64544,29.10346,35,73.27,85.86
455500.0,3256500.0,122.54118,29.43708,35,148.27,272.86
477500.0,3266500.0,122.7678,29.52793,35,76.31,17.18
466500.0,3325500.0,122.65245,30.06014,35,49.62,29.99
463500.0,3349500.0,122.6205,30.27663,35,82.57,24.36
396500.0,3321500.0,121.92669,30.02012,35,121.01,2.36
414500.0,3197500.0,122.12302,28.9025,35,49.93,12.89
501500.0,3258500.0,123.01547,29.45592,35,0.88,153.29
373500.0,3211500.0,121.70097,29.02544,35,55.67,3.68
419500.0,3344500.0,122.16343,30.22939,35,157.27,3.01
462500.0,3192500.0,122.61551,28.85968,35,60.72,173.46
413500.0,3346500.0,122.10092,30.24702,35,78.28,5.02
473500.0,3248500.0,122.72696,29.36539,35,143.81,124.79
369500.0,3160500.0,121.66578,28.56482,35,28.35,1.93
390500.0,3208500.0,121.87581,28.99994,35,149.17,14.94
376500.0,3329500.0,121.7184,30.09044,35,13.84,24.24
411500.0,3182500.0,122.09342,28.76692,35,57.67,13.0
427500.0,3340500.0,122.24684,30.1938,35,155.92,2.75
434500.0,3336500.0,122.3198,30.1581,35,22.05,6.25
461500.0,3150500.0,122.60667,28.48055,35,54.54,977.32
473500.0,3299500.0,122.72572,29.82567,35,118.39,113.9
490500.0,3298500.0,122.90168,29.81689,35,160.08,345.12
458500.0,3346500.0,122.56863,30.2494,35,83.58,4.26
539500.0,3191500.0,123.40496,28.85059,35,167.09,2013.68
509500.0,3199500.0,123.09746,28.92337,35,79.38,18140.25
539500.0,3189500.0,123.40489,28.83254,35,169.69,11411.42
382500.0,3236500.0,121.79074,29.2519,35,170.08,1.13
398500.0,3290500.0,121.95037,29.74057,35,68.19,3.58
386500.0,3343500.0,121.82065,30.21773,35,95.84,2.19
438500.0,3326500.0,122.36192,30.06807,35,34.13,12.41
481500.0,3296500.0,122.80857,29.79874,35,40.37,12.11
487500.0,3295500.0,122.87067,29.78979,35,69.51,29.11
510500.0,3215500.0,123.10787,29.06778,35,72.17,59.29
502500.0,3311500.0,123.0259,29.93425,35,157.49,2.75
507500.0,3315500.0,123.07774,29.97033,35,94.16,4.41
374500.0,3142500.0,121.71885,28.40288,35,157.12,1.15
399500.0,3158500.0,121.97263,28.54944,35,66.61,3.56
394500.0,3158500.0,121.92152,28.54905,35,31.81,2.8
392500.0,3211500.0,121.89605,29.02718,35,2.68,10.2
440500.0,3195500.0,122.38979,28.88592,35,64.4,3.94
444500.0,3198500.0,122.43066,28.91318,35,75.06,2.19
428500.0,3257500.0,122.26274,29.44486,35,53.85,256.73
451500.0,3334500.0,122.49643,30.14085,35,13.83,1.84
448500.0,3342500.0,122.46489,30.21292,35,73.93,2.94
439500.0,3332500.0,122.37195,30.12227,35,132.84,2.31
406500.0,3349500.0,122.02791,30.27357,35,114.61,93.62
496500.0,3278500.0,122.96384,29.63643,35,45.13,251.9
457500.0,3345500.0,122.55828,30.24034,35,47.12,26.62
516500.0,3202500.0,123.16932,28.95038,35,93.55,159.2
508500.0,3350500.0,123.08839,30.28618,35,20.59,26.01
513500.0,3350500.0,123.14038,30.28613,35,78.71,46.44
399500.0,3184500.0,121.97033,28.78409,35,95.8,1.55
424500.0,3214500.0,122.22444,29.05656,35,45.97,3.52
408500.0,3225500.0,122.05919,29.15478,35,21.61,35.26
415500.0,3236500.0,122.13032,29.25454,35,27.11,5.18
424500.0,3245500.0,122.22233,29.33633,35,59.76,19.21
410500.0,3238500.0,122.0787,29.27224,35,134.17,204.54
434500.0,3249500.0,122.32509,29.37299,35,67.09,5.6
434500.0,3251500.0,122.32497,29.39104,35,78.15,4.82
459500.0,3297500.0,122.58089,29.80724,35,23.41,4.59
500500.0,3285500.0,123.00517,29.69961,35,99.49,3.47
444500.0,3233500.0,122.42893,29.22907,35,57.62,25.82
419500.0,3212500.0,122.17322,29.0382,35,163.94,2.12
435500.0,3263500.0,122.33457,29.49939,35,168.51,171.86
455500.0,3335500.0,122.53792,30.15003,35,49.85,6.07
524500.0,3351500.0,123.25478,30.29498,35,47.03,10.99
376500.0,3213500.0,121.73155,29.04378,35,145.7,13.23
404500.0,3159500.0,122.02365,28.55884,35,103.68,2.61
403500.0,3189500.0,122.01088,28.82952,35,160.14,5.81
452500.0,3312500.0,122.50779,29.94236,35,113.57,1.76
515500.0,3306500.0,123.16053,29.88903,35,113.66,4.28
508500.0,3305500.0,123.08803,29.88007,35,0.76,5.72
449500.0,3320500.0,122.47633,30.01443,35,177.07,105.37
457500.0,3289500.0,122.56051,29.73498,35,146.0,75.45
493500.0,3287500.0,122.9328,29.71764,35,97.84,1.3
501500.0,3301500.0,123.01553,29.844,35,6.54,1.12
483500.0,3265500.0,122.82974,29.51899,35,81.44,9.9
513500.0,3251500.0,123.13913,29.39268,35,95.46,1.71
506500.0,3298500.0,123.06727,29.81691,35,110.04,8.11
502500.0,3315500.0,123.02591,29.97035,35,120.72,1.16
501500.0,3303500.0,123.01553,29.86205,35,53.5,2.05
533500.0,3323500.0,123.34748,30.04209,35,0.41,40.44
445500.0,3353500.0,122.43315,30.31205,35,42.21,23.75
507500.0,3320500.0,123.07777,30.01545,35,87.37,5.67
509500.0,3350500.0,123.09878,30.28617,35,49.21,2.58
392500.0,3336500.0,121.8837,30.15512,34,162.69,4.79
411500.0,3278500.0,122.08577,29.63328,34,114.59,91.4
481500.0,3293500.0,122.80862,29.77167,34,178.8,1.92
486500.0,3316500.0,122.86006,29.9793,34,85.14,3.33
412500.0,3243500.0,122.09889,29.3175,34,106.52,4.54
484500.0,3290500.0,122.8397,29.74463,34,53.31,14.15
502500.0,3294500.0,123.02586,29.78083,34,79.28,4.46
515500.0,3296500.0,123.16039,29.79878,34,59.87,13.75
503500.0,3341500.0,123.03636,30.20498,34,68.27,54.64
370500.0,3195500.0,121.67202,28.88076,34,176.79,4.51
489500.0,3288500.0,122.89143,29.72664,34,58.1,4.19
410500.0,3147500.0,122.08592,28.45097,34,139.71,27.59
409500.0,3147500.0,122.07571,28.4509,34,88.34,4.91
408500.0,3143500.0,122.06581,28.41473,34,30.2,3.3
440500.0,3225500.0,122.3882,29.15669,34,40.59,9.34
430500.0,3209500.0,122.28638,29.01177,34,23.12,1.49
436500.0,3249500.0,122.34569,29.37309,34,152.86,40.07
405500.0,3270500.0,122.02449,29.56065,34,38.29,2.95
406500.0,3152500.0,122.04466,28.49581,34,46.35,44.53
387500.0,3164500.0,121.84938,28.60261,34,57.26,2.34
443500.0,3300500.0,122.41517,29.83369,34,46.54,9.83
513500.0,3261500.0,123.13926,29.48293,34,66.51,159.35
523500.0,3328500.0,123.24387,30.08744,34,59.3,2.68
402500.0,3251500.0,121.99521,29.38896,34,119.62,13.16
388500.0,3281500.0,121.8479,29.6585,34,83.69,1.48
408500.0,3168500.0,122.06382,28.64036,34,122.56,10.81
450500.0,3311500.0,122.48711,29.93325,34,54.14,5.25
460500.0,3311500.0,122.59073,29.93362,34,67.37,3.75
526500.0,3252500.0,123.27314,29.40149,34,175.84,197.69
530500.0,3338500.0,123.3168,30.17753,34,63.12,4.95
376500.0,3182500.0,121.73495,28.76404,34,167.38,262.18
377500.0,3190500.0,121.74433,28.83633,34,155.63,1.31
373500.0,3193500.0,121.703,28.86301,34,12.42,29.41
399500.0,3343500.0,121.95571,30.21888,34,15.64,104.18
400500.0,3328500.0,121.96751,30.08361,34,42.72,2.89
423500.0,3186500.0,122.21607,28.80379,34,75.47,3.32
428500.0,3256500.0,122.26281,29.43583,34,40.8,3.95
443500.0,3278500.0,122.41632,29.63515,34,68.83,25.56
450500.0,3333500.0,122.48609,30.13179,34,175.1,16.32
467500.0,3221500.0,122.66593,29.12156,34,71.68,131.47
534500.0,3339500.0,123.35838,30.18645,34,163.94,702.09
372500.0,3147500.0,121.69789,28.44781,34,70.75,10.09
369500.0,3219500.0,121.65897,29.09722,34,141.63,31.6
426500.0,3174500.0,122.24758,28.69566,34,84.26,10.99
416500.0,3205500.0,122.14293,28.97483,34,94.23,3.73
410500.0,3193500.0,122.08231,28.86613,34,62.34,2.82
416500.0,3201500.0,122.14323,28.93873,34,115.21,188.81
418500.0,3207500.0,122.16332,28.99301,34,61.51,7.29
416500.0,3223500.0,122.14159,29.13728,34,172.67,19.0
412500.0,3246500.0,122.09866,29.34458,34,93.32,59.62
430500.0,3279500.0,122.28196,29.64351,34,15.05,2.38
416500.0,3186500.0,122.14434,28.80336,34,152.23,544.27
445500.0,3247500.0,122.43852,29.35546,34,22.35,17.21
458500.0,3260500.0,122.57196,29.47329,34,47.52,150.69
491500.0,3282500.0,122.91216,29.6725,34,168.52,4.44
460500.0,3326500.0,122.59017,30.06898,34,43.91,5.41
516500.0,3324500.0,123.17117,30.05146,34,173.07,343.25
376500.0,3318500.0,121.71968,29.9912,34,174.52,8.97
435500.0,3151500.0,122.34101,28.48855,34,142.93,182.93
435500.0,3161500.0,122.34045,28.57881,34,146.96,404.53
442500.0,3167500.0,122.41172,28.63329,34,57.12,395.93
440500.0,3218500.0,122.38857,29.09351,34,11.55,142.7
477500.0,3146500.0,122.77021,28.44482,34,151.78,4684.34
464500.0,3220500.0,122.63513,29.11246,34,75.09,30.3
452500.0,3258500.0,122.51016,29.45502,34,42.29,8.02
525500.0,3340500.0,123.26491,30.1957,34,142.34,4.22
383500.0,3173500.0,121.80756,28.68347,34,35.69,33.32
468500.0,3275500.0,122.67467,29.60896,34,48.98,102.04
482500.0,3270500.0,122.81934,29.56411,34,178.32,76.6
470500.0,3264500.0,122.69562,29.50973,34,46.74,5.67
395500.0,3167500.0,121.93092,28.63035,34,56.47,20.19
416500.0,3173500.0,122.1453,28.68603,34,21.23,3.05
409500.0,3195500.0,122.0719,28.88411,34,70.79,32.31
422500.0,3193500.0,122.20534,28.86691,34,104.99,5.8
431500.0,3294500.0,122.29135,29.77893,34,139.85,44.39
444500.0,3343500.0,122.42328,30.22177,34,74.62,26.24
457500.0,3268500.0,122.56133,29.54545,34,79.33,8.26
477500.0,3264500.0,122.76785,29.50987,34,75.55,22.4
403500.0,3288500.0,122.00224,29.72292,34,106.39,2.29
418500.0,3212500.0,122.16295,29.03814,34,20.92,6.46
437500.0,3234500.0,122.35685,29.23777,34,149.99,555.42
407500.0,3279500.0,122.04437,29.64201,34,155.9,48.76
377500.0,3145500.0,121.74915,28.43024,34,70.13,8.28
412500.0,3178500.0,122.10397,28.73089,34,63.01,1.97
408500.0,3171500.0,122.06358,28.66744,34,172.63,367.48
379500.0,3163500.0,121.76768,28.59286,34,19.92,2.14
405500.0,3273500.0,122.02423,29.58772,34,25.52,109.15
478500.0,3284500.0,122.77777,29.69039,34,172.29,7.22
469500.0,3317500.0,122.68381,29.98802,34,167.55,154.74
509500.0,3201500.0,123.09748,28.94143,34,160.54,89109.68
505500.0,3319500.0,123.05703,30.00644,34,173.2,3.99
373500.0,3162500.0,121.70645,28.58327,34,9.17,49.74
415500.0,3255500.0,122.12886,29.426,34,176.38,180.69
520500.0,3298500.0,123.21216,29.81676,34,163.65,624.46
394500.0,3150500.0,121.92225,28.47685,34,93.11,24.15
399500.0,3265500.0,121.96302,29.51506,34,17.34,2.38
441500.0,3200500.0,122.39979,28.9311,34,62.11,3.64
403500.0,3262500.0,122.00455,29.4883,34,68.43,15.72
444500.0,3256500.0,122.42777,29.43665,34,70.93,19.16
436500.0,3261500.0,122.345,29.48139,34,90.11,133.94
411500.0,3236500.0,122.08916,29.25426,34,63.86,4.08
403500.0,3259500.0,122.00482,29.46123,34,134.76,559.48
448500.0,3336500.0,122.46518,30.15878,34,36.79,17.29
405500.0,3349500.0,122.01751,30.2735,34,41.32,1.3
466500.0,3286500.0,122.65367,29.70818,34,135.87,37.45
457500.0,3325500.0,122.55908,30.05986,34,160.54,28.21
454500.0,3340500.0,122.52732,30.19511,34,49.57,10.57
460500.0,3350500.0,122.58927,30.28556,34,78.68,31.29
522500.0,3287500.0,123.23263,29.71745,34,47.47,2.28
511500.0,3279500.0,123.11882,29.6454,34,22.84,1.99
503500.0,3326500.0,123.03631,30.06962,34,38.87,4.92
518500.0,3352500.0,123.1924,30.30411,34,56.56,14.63
395500.0,3342500.0,121.91426,30.20952,34,46.51,51.12
443500.0,3187500.0,122.42096,28.81385,34,72.04,2.53
411500.0,3235500.0,122.08924,29.24524,34,10.94,2.75
403500.0,3260500.0,122.00473,29.47025,34,98.59,6.61
431500.0,3272500.0,122.29274,29.5804,34,95.99,7.54
423500.0,3274500.0,122.21,29.59798,34,14.37,15.68
432500.0,3340500.0,122.29878,30.19409,34,68.1,230.0
452500.0,3335500.0,122.50677,30.14991,34,167.86,19.6
444500.0,3189500.0,122.43111,28.83195,34,84.51,8.88
434500.0,3197500.0,122.32815,28.90368,34,0.63,1.7
419500.0,3220500.0,122.17265,29.1104,34,12.32,3.99
423500.0,3245500.0,122.21203,29.33627,34,55.98,25.22
505500.0,3326500.0,123.05707,30.06961,34,31.74,3.16
425500.0,3147500.0,122.2391,28.45191,34,134.42,441.79
449500.0,3236500.0,122.48024,29.25635,34,153.88,498.29
439500.0,3255500.0,122.37627,29.42739,34,87.39,20.38
458500.0,3316500.0,122.56981,29.97867,34,161.09,271.93
516500.0,3342500.0,123.17145,30.2139,34,92.52,1.81
427500.0,3203500.0,122.25596,28.95746,34,86.32,5.43
449500.0,3325500.0,122.47609,30.05955,34,132.57,11.05
455500.0,3304500.0,122.53921,29.87027,34,161.59,19.54
512500.0,3316500.0,123.12958,29.97931,34,52.59,9.82
450500.0,3321500.0,122.48665,30.0235,34,99.34,1.36
460500.0,3292500.0,122.59142,29.76215,34,136.15,2.85
485500.0,3321500.0,122.84962,30.02441,34,68.99,3.25
542500.0,3294500.0,123.43969,29.7801,34,72.18,5.81
448500.0,3277500.0,122.46802,29.62634,34,25.34,3.48
361500.0,3164500.0,121.58352,28.60009,34,28.3,6.72
532500.0,3272500.0,123.33557,29.58186,34,53.7,843.4
517500.0,3348500.0,123.18194,30.26803,34,108.8,86.48
472500.0,3249500.0,122.71663,29.3744,33,157.5,414.23
469500.0,3298500.0,122.68435,29.81655,33,141.73,4.34
500500.0,3293500.0,123.00517,29.77181,33,95.82,1.08
405500.0,3185500.0,122.03172,28.79357,33,162.99,341.76
428500.0,3282500.0,122.2611,29.67047,33,50.08,1.21
428500.0,3304500.0,122.25965,29.869,33,100.74,1.49
350500.0,3175500.0,121.46962,28.69812,33,160.59,1.33
361500.0,3152500.0,121.58497,28.4918,33,128.77,1.62
355500.0,3152500.0,121.52369,28.49115,33,101.46,1.23
397500.0,3155500.0,121.95245,28.52221,33,79.69,19.13
372500.0,3194500.0,121.69263,28.87194,33,170.22,18.24
412500.0,3160500.0,122.10535,28.56843,33,14.77,15.65
455500.0,3245500.0,122.54163,29.33781,33,50.19,6.02
454500.0,3320500.0,122.52818,30.01463,33,29.71,7.07
525500.0,3300500.0,123.26396,29.83472,33,65.89,8.1
379500.0,3352500.0,121.7469,30.29825,33,69.39,1.72
475500.0,3263500.0,122.74723,29.50081,33,48.14,203.64
287500.0,3328500.0,120.79548,30.06918,33,105.45,16.06
353500.0,3262500.0,121.4889,29.48344,33,42.85,9.12
386500.0,3158500.0,121.83975,28.54837,33,156.84,43.61
355500.0,3263500.0,121.50939,29.4927,33,51.88,4.78
431500.0,3330500.0,122.28904,30.1038,33,143.76,28.03
448500.0,3353500.0,122.46435,30.31218,33,13.07,22.28
469500.0,3292500.0,122.68452,29.7624,33,67.39,3.04
375500.0,3175500.0,121.72548,28.70078,33,56.84,430.2
377500.0,3272500.0,121.73527,29.57626,33,87.08,1.32
399500.0,3285500.0,121.96117,29.69553,33,53.0,5.77
402500.0,3275500.0,121.99307,29.60553,33,66.3,1.66
386500.0,3339500.0,121.82108,30.18164,33,84.2,2.63
417500.0,3179500.0,122.1551,28.74024,33,169.6,49.31
422500.0,3207500.0,122.20438,28.99326,33,143.1,309.32
426500.0,3186500.0,122.24681,28.80397,33,52.62,12.69
420500.0,3181500.0,122.18568,28.75848,33,96.47,4.25
421500.0,3206500.0,122.19418,28.98418,33,93.45,2.32
446500.0,3275500.0,122.44746,29.6082,33,70.46,52.06
428500.0,3277500.0,122.26143,29.62535,33,96.02,72.98
401500.0,3166500.0,121.99238,28.6218,33,127.33,6.8
390500.0,3184500.0,121.87814,28.78336,33,131.47,928.59
403500.0,3174500.0,122.01216,28.69415,33,33.53,70.26
404500.0,3175500.0,122.02231,28.70325,33,34.11,33.53
408500.0,3194500.0,122.06172,28.87501,33,70.0,10.52
427500.0,3212500.0,122.25538,29.03868,33,101.55,4.48
439500.0,3279500.0,122.37494,29.64398,33,35.41,6.52
455500.0,3291500.0,122.53975,29.75296,33,113.52,1.27
490500.0,3294500.0,122.90172,29.78079,33,39.32,3.63
509500.0,3266500.0,123.09804,29.52809,33,72.51,8.78
502500.0,3338500.0,123.02597,30.17791,33,70.18,92.26
369500.0,3172500.0,121.66441,28.67311,33,11.75,17.37
377500.0,3180500.0,121.74541,28.74609,33,160.14,324.03
372500.0,3157500.0,121.69678,28.53805,33,63.28,2.45
395500.0,3206500.0,121.92732,28.98231,33,137.8,1.34
376500.0,3218500.0,121.731,29.0889,33,151.65,2.6
376500.0,3219500.0,121.73089,29.09792,33,113.74,19.93
404500.0,3160500.0,122.02357,28.56787,33,82.9,44.74
421500.0,3201500.0,122.19453,28.93905,33,55.59,27.56
422500.0,3293500.0,122.19832,29.76938,33,72.99,3.07
494500.0,3211500.0,122.94351,29.03171,33,69.93,97.06
466500.0,3263500.0,122.65438,29.5006,33,111.77,14.05
478500.0,3257500.0,122.7783,29.44672,33,81.17,10.98
453500.0,3277500.0,122.51966,29.62654,33,82.49,17.09
452500.0,3310500.0,122.50788,29.92431,33,64.68,11.4
458500.0,3324500.0,122.5695,30.05087,33,15.75,5.81
508500.0,3299500.0,123.08798,29.82593,33,64.04,123.93
420500.0,3213500.0,122.18342,29.04729,33,39.57,19.7
434500.0,3228500.0,122.32633,29.18346,33,157.37,126.24
431500.0,3302500.0,122.29084,29.85113,33,131.76,32.99
499500.0,3342500.0,122.9948,30.21401,33,81.21,14.53
467500.0,3306500.0,122.66341,29.8887,33,59.06,7.02
414500.0,3147500.0,122.12677,28.45123,33,45.81,9.17
412500.0,3205500.0,122.10188,28.97457,33,70.93,5.94
450500.0,3281500.0,122.48849,29.66252,33,162.02,47.16
464500.0,3315500.0,122.63204,29.96984,33,72.98,56.45
447500.0,3173500.0,122.4626,28.68766,33,148.9,2272.22
484500.0,3264500.0,122.84007,29.50998,33,93.02,19.25
492500.0,3312500.0,122.92228,29.94325,33,129.47,1.03
483500.0,3321500.0,122.82888,30.02439,33,103.38,6.22
502500.0,3345500.0,123.02598,30.24108,33,64.09,2.27
374500.0,3191500.0,121.71347,28.84506,33,78.91,2.2
453500.0,3194500.0,122.52315,28.87743,33,156.23,479.52
466500.0,3199500.0,122.65631,28.92297,33,56.8,75.88
498500.0,3249500.0,122.98454,29.3747,33,90.26,3331.15
470500.0,3295500.0,122.69478,29.7895,33,10.7,4.08
513500.0,3237500.0,123.13896,29.26632,33,158.93,301.85
507500.0,3284500.0,123.07752,29.69056,33,51.36,3.8
522500.0,3318500.0,123.23328,29.99722,33,89.98,36.15
364500.0,3158500.0,121.61491,28.54626,33,81.76,8.41
377500.0,3161500.0,121.74745,28.57463,33,166.12,180.25
388500.0,3327500.0,121.84312,30.07355,33,48.57,3.1
378500.0,3329500.0,121.73915,30.09065,33,5.34,14.83
424500.0,3293500.0,122.219,29.7695,33,85.28,1.49
411500.0,3301500.0,122.08388,29.84083,33,22.98,3.48
448500.0,3330500.0,122.46547,30.10463,33,5.84,11.04
412500.0,3347500.0,122.09045,30.25598,33,47.92,3.32
454500.0,3198500.0,122.53324,28.91357,33,74.16,615.51
476500.0,3260500.0,122.75761,29.47376,33,98.87,24.4
472500.0,3252500.0,122.71656,29.40147,33,96.7,4.26
452500.0,3315500.0,122.50766,29.96943,33,140.06,4.91
513500.0,3304500.0,123.13979,29.871,33,37.04,3.06
526500.0,3345500.0,123.27543,30.2408,33,173.09,5202.95
386500.0,3143500.0,121.84123,28.413,33,178.04,2.51
401500.0,3155500.0,121.99333,28.52252,33,95.08,19.32
397500.0,3156500.0,121.95236,28.53124,33,175.09,8.36
395500.0,3170500.0,121.93064,28.65743,33,134.04,131.5
369500.0,3167500.0,121.66498,28.62799,33,14.2,55.5
385500.0,3159500.0,121.82943,28.55731,33,49.19,21.58
400500.0,3181500.0,121.98084,28.75709,33,73.75,2.29
391500.0,3215500.0,121.88539,29.0632,33,118.08,35.64
439500.0,3198500.0,122.37938,28.91295,33,64.23,230.11
439500.0,3200500.0,122.37927,28.931,33,65.41,14.23
436500.0,3189500.0,122.34911,28.83158,33,83.96,2.24
436500.0,3262500.0,122.34494,29.49041,33,89.4,110.05
430500.0,3256500.0,122.28343,29.43595,33,11.64,3.48
421500.0,3243500.0,122.19157,29.3181,33,124.23,1.3
478500.0,3160500.0,122.78016,28.5712,33,25.83,444.13
481500.0,3176500.0,122.81058,28.71567,33,144.38,1115.76
492500.0,3291500.0,122.92243,29.75373,33,147.93,15.08
454500.0,3326500.0,122.52792,30.06877,33,166.0,4.45
505500.0,3283500.0,123.05685,29.68154,33,85.69,1.53
532500.0,3283500.0,123.3359,29.68113,33,27.86,4.52
336500.0,3177500.0,121.32606,28.71447,33,24.43,492.75
372500.0,3169500.0,121.69544,28.64634,33,133.69,11.43
369500.0,3154500.0,121.66646,28.51068,33,97.33,1.82
448500.0,3201500.0,122.47156,28.94042,33,50.68,47.44
423500.0,3198500.0,122.21525,28.9121,33,73.01,13.7
432500.0,3190500.0,122.30805,28.8404,33,127.64,1.85
430500.0,3223500.0,122.2855,29.13813,33,70.3,31.22
431500.0,3261500.0,122.29343,29.48113,33,92.7,13.53
409500.0,3238500.0,122.06841,29.27217,33,41.08,37.78
419500.0,3243500.0,122.17098,29.31797,33,35.27,30.17
431500.0,3275500.0,122.29255,29.60747,33,9.02,18.92
443500.0,3313500.0,122.41448,29.951,33,144.76,2.59
455500.0,3297500.0,122.5395,29.8071,33,179.49,133.44
455500.0,3344500.0,122.53754,30.23124,33,69.81,12.03
456500.0,3321500.0,122.54887,30.02373,33,21.51,58.61
453500.0,3322500.0,122.51772,30.03264,33,31.37,16.5
507500.0,3295500.0,123.0776,29.78983,33,79.78,31.64
521500.0,3320500.0,123.22295,30.01529,33,90.97,6.05
516500.0,3338500.0,123.17138,30.1778,33,94.11,6.35
373500.0,3165500.0,121.70611,28.61034,33,3.28,2.86
421500.0,3165500.0,122.19702,28.61414,33,31.03,25.89
410500.0,3214500.0,122.08064,29.05565,33,90.37,18.11
423500.0,3233500.0,122.21286,29.22797,33,78.38,2.03
448500.0,3295500.0,122.46716,29.78878,33,167.71,9.25
490500.0,3214500.0,122.90241,29.05876,33,73.31,4.71
502500.0,3337500.0,123.02596,30.16889,33,69.08,15.79
401500.0,3311500.0,121.97946,29.9303,33,37.75,5.67
445500.0,3286500.0,122.43658,29.70743,33,72.83,1.81
386500.0,3211500.0,121.83445,29.02666,33,176.16,6.3
432500.0,3201500.0,122.30739,28.93968,33,102.89,4.87
450500.0,3325500.0,122.48646,30.05959,33,151.64,12.22
454500.0,3303500.0,122.5289,29.86121,33,134.78,5.63
460500.0,3329500.0,122.59006,30.09606,33,125.15,8.0
510500.0,3276500.0,123.10845,29.61834,33,13.78,3.25
515500.0,3276500.0,123.1601,29.61828,33,109.2,3.38
443500.0,3342500.0,122.41294,30.2127,33,71.26,141.5
476500.0,3218500.0,122.75851,29.09468,33,162.77,128.15
536500.0,3317500.0,123.3784,29.98786,33,126.25,89.6
490500.0,3304500.0,122.90163,29.87104,33,74.64,111.61
483500.0,3326500.0,122.8288,30.06951,33,124.35,2.94
538500.0,3299500.0,123.39848,29.82535,33,168.13,20.08
520500.0,3343500.0,123.21303,30.22286,33,151.53,108.16
531500.0,3352500.0,123.3276,30.30384,33,19.58,76.31
522500.0,3271500.0,123.2323,29.57305,33,50.16,184.67
511500.0,3303500.0,123.11907,29.862,33,62.84,41.44
525500.0,3339500.0,123.26489,30.18667,33,5.8,101.14
535500.0,3296500.0,123.36733,29.79837,33,91.95,5.78
490500.0,3185500.0,122.90265,28.79701,33,77.76,33.03
473500.0,3301500.0,122.72567,29.84372,33,128.5,3778.73
510500.0,3155500.0,123.10732,28.52621,33,105.42,3931.32
500500.0,3259500.0,123.00516,29.46495,33,24.91,3508.91
519500.0,3254500.0,123.20102,29.41967,33,171.71,430.6
522500.0,3330500.0,123.23353,30.10551,33,122.6,130.97
557500.0,3317500.0,123.5961,29.98705,33,153.57,563.11
380500.0,3318500.0,121.76114,29.9916,32,115.2,3.16
433500.0,3313500.0,122.31086,29.9505,32,5.82,2.5
478500.0,3263500.0,122.77818,29.50087,32,160.8,106.29
518500.0,3288500.0,123.19129,29.72654,32,84.32,3.43
508500.0,3298500.0,123.08797,29.8169,32,78.12,37.42
504500.0,3340500.0,123.04675,30.19595,32,77.53,4.79
377500.0,3350500.0,121.72634,30.28001,32,60.17,2.32
432500.0,3183500.0,122.30847,28.77722,32,163.53,14.89
470500.0,3284500.0,122.69508,29.69023,32,22.74,4.15
487500.0,3317500.0,122.87041,29.98834,32,82.99,9.03
371500.0,3151500.0,121.68723,28.48381,32,141.37,4.68
393500.0,3161500.0,121.91102,28.57604,32,45.27,77.14
435500.0,3198500.0,122.33834,28.91276,32,101.8,4.29
445500.0,3231500.0,122.43931,29.21106,32,74.96,1.68
408500.0,3231500.0,122.0587,29.20893,32,177.38,40.1
403500.0,3215500.0,122.00865,29.06416,32,59.97,2.4
421500.0,3224500.0,122.19292,29.14663,32,26.95,5.88
408500.0,3235500.0,122.05837,29.24502,32,33.35,40.66
404500.0,3289500.0,122.01249,29.73202,32,136.11,1.76
436500.0,3280500.0,122.34389,29.65286,32,29.29,95.5
469500.0,3216500.0,122.68663,29.07648,32,87.21,20.12
484500.0,3276500.0,122.8399,29.61828,32,56.38,6.02
455500.0,3296500.0,122.53954,29.79808,32,111.81,1.31
381500.0,3343500.0,121.76871,30.21725,32,67.24,2.73
533500.0,3290500.0,123.34645,29.74428,32,25.53,6.5
357500.0,3178500.0,121.54088,28.72599,32,155.13,1.83
381500.0,3210500.0,121.78321,29.01719,32,148.22,19.99
463500.0,3343500.0,122.62071,30.22249,32,71.7,2.83
503500.0,3330500.0,123.03633,30.10571,32,23.98,8.71
405500.0,3179500.0,122.03222,28.73942,32,52.26,29.75
433500.0,3226500.0,122.31617,29.16536,32,155.08,39.17
432500.0,3283500.0,122.30238,29.67972,32,105.07,2.93
396500.0,3162500.0,121.9416,28.58531,32,128.12,5.81
387500.0,3283500.0,121.83736,29.67646,32,15.66,9.49
391500.0,3282500.0,121.87879,29.66779,32,14.84,21.24
437500.0,3218500.0,122.35774,29.09336,32,51.4,2.65
447500.0,3263500.0,122.45836,29.49995,32,177.07,19.66
430500.0,3263500.0,122.28299,29.49912,32,32.79,7.19
407500.0,3350500.0,122.03822,30.28267,32,108.45,28.24
456500.0,3259500.0,122.55137,29.4642,32,57.16,122.48
482500.0,3292500.0,122.81898,29.76266,32,50.07,63.37
401500.0,3174500.0,121.99169,28.694,32,64.78,9.44
366500.0,3160500.0,121.63511,28.56452,32,177.0,2.75
395500.0,3285500.0,121.91983,29.6952,32,23.04,35.54
410500.0,3179500.0,122.08342,28.73978,32,49.08,4.29
406500.0,3188500.0,122.04171,28.82072,32,159.28,248.79
438500.0,3198500.0,122.36912,28.9129,32,19.5,3.38
422500.0,3234500.0,122.2025,29.23694,32,12.78,5.3
424500.0,3212500.0,122.22457,29.03851,32,103.39,137.92
458500.0,3268500.0,122.57166,29.54549,32,62.04,69.98
483500.0,3276500.0,122.82957,29.61827,32,80.07,8.41
415500.0,3181500.0,122.13447,28.75817,32,66.39,21.18
428500.0,3240500.0,122.26385,29.29144,32,158.04,2.03
444500.0,3313500.0,122.42485,29.95105,32,152.85,1.61
482500.0,3271500.0,122.81932,29.57313,32,164.69,710.66
516500.0,3325500.0,123.17118,30.06049,32,173.23,541.07
359500.0,3152500.0,121.56454,28.49159,32,110.28,2.78
389500.0,3333500.0,121.85287,30.12778,32,178.33,350.79
435500.0,3150500.0,122.34106,28.47952,32,147.92,2356.02
484500.0,3143500.0,122.84174,28.41784,32,154.58,18302.9
456500.0,3194500.0,122.55391,28.87754,32,147.43,801.42
474500.0,3249500.0,122.73724,29.37444,32,163.14,812.52
519500.0,3257500.0,123.20108,29.44675,32,89.13,250.91
530500.0,3307500.0,123.31591,29.89778,32,53.91,5.46
438500.0,3236500.0,122.36702,29.25587,32,46.78,6.87
448500.0,3239500.0,122.4698,29.28339,32,43.57,42.53
476500.0,3232500.0,122.75821,29.22104,32,66.96,72.92
463500.0,3277500.0,122.62296,29.62687,32,168.78,2.74
479500.0,3297500.0,122.78786,29.80773,32,0.91,3.28
480500.0,3297500.0,122.79821,29.80775,32,20.02,8.79
457500.0,3312500.0,122.5596,29.94254,32,5.37,23.77
456500.0,3298500.0,122.54981,29.81616,32,39.92,1.07
510500.0,3252500.0,123.10822,29.40173,32,111.62,214.31
508500.0,3294500.0,123.08794,29.7808,32,75.52,14.18
383500.0,3157500.0,121.80919,28.53908,32,14.22,6.63
375500.0,3354500.0,121.70508,30.31589,32,13.09,2.19
406500.0,3183500.0,122.04213,28.77559,32,133.16,85.48
452500.0,3284500.0,122.50903,29.68967,32,0.37,101.63
480500.0,3301500.0,122.79813,29.84385,32,17.34,3.71
464500.0,3329500.0,122.63157,30.09618,32,45.42,2.15
402500.0,3170500.0,122.00227,28.65797,32,115.55,208.05
373500.0,3216500.0,121.70041,29.07056,32,21.31,4.16
388500.0,3216500.0,121.85448,29.07196,32,102.05,2.14
376500.0,3321500.0,121.71933,30.01827,32,122.92,226.62
440500.0,3276500.0,122.38544,29.61696,32,4.42,31.52
458500.0,3192500.0,122.5745,28.85955,32,68.83,120.89
408500.0,3315500.0,122.05164,29.96694,32,152.39,1.62
378500.0,3161500.0,121.75767,28.57472,32,73.7,234.84
381500.0,3180500.0,121.78637,28.74646,32,60.51,6.28
336500.0,3318500.0,121.30513,29.98652,32,173.62,6.31
397500.0,3203500.0,121.94812,28.9554,32,82.34,6.69
401500.0,3340500.0,121.97677,30.19197,32,18.44,8395.84
404500.0,3153500.0,122.02415,28.50469,32,87.89,11.65
442500.0,3175500.0,122.41132,28.7055,32,164.76,697.3
414500.0,3182500.0,122.12415,28.76712,32,151.57,128.53
409500.0,3203500.0,122.07125,28.95631,32,75.98,8.3
411500.0,3214500.0,122.09091,29.05572,32,90.85,13.22
449500.0,3261500.0,122.47909,29.48198,32,172.5,10065.87
464500.0,3150500.0,122.63732,28.48063,32,149.79,860.26
480500.0,3198500.0,122.79996,28.91423,32,75.93,19.56
484500.0,3271500.0,122.83997,29.57316,32,84.28,4.69
469500.0,3316500.0,122.68383,29.979,32,148.01,9.29
515500.0,3215500.0,123.15924,29.06773,32,153.54,17703.16
508500.0,3284500.0,123.08786,29.69055,32,57.42,1.53
551500.0,3200500.0,123.5284,28.9314,32,34.09,10336.63
374500.0,3151500.0,121.71787,28.4841,32,71.64,121.24
385500.0,3155500.0,121.82983,28.52121,32,14.31,7.76
379500.0,3213500.0,121.76236,29.04407,32,10.03,1.71
463500.0,3222500.0,122.62479,29.13048,32,25.65,25.0
453500.0,3298500.0,122.51876,29.81605,32,2.14,7.43
500500.0,3231500.0,123.00514,29.21224,32,93.72,5.9
516500.0,3290500.0,123.17064,29.74462,32,170.92,60126.5
388500.0,3143500.0,121.86165,28.41317,32,13.74,22.57
419500.0,3289500.0,122.16758,29.73309,32,44.72,329.99
450500.0,3306500.0,122.48735,29.88813,32,99.22,2.15
447500.0,3308500.0,122.45618,29.90606,32,71.93,53.77
499500.0,3151500.0,122.99489,28.49014,32,158.43,48694.07
459500.0,3349500.0,122.57891,30.2765,32,42.74,6.11
547500.0,3205500.0,123.48757,28.97668,32,152.13,1089.56
531500.0,3240500.0,123.32433,29.29307,32,130.01,5.63
503500.0,3313500.0,123.03627,29.9523,32,53.49,4.66
518500.0,3320500.0,123.19184,30.01533,32,20.97,1.77
375500.0,3165500.0,121.72657,28.61053,32,138.08,10.32
398500.0,3179500.0,121.96054,28.73889,32,86.08,3.35
378500.0,3193500.0,121.75425,28.8635,32,173.98,16.07
385500.0,3185500.0,121.82682,28.79195,32,100.64,42.36
414500.0,3158500.0,122.12595,28.55052,32,61.64,22.71
425500.0,3251500.0,122.23222,29.39054,32,57.3,1.99
497500.0,3258500.0,122.97422,29.45592,32,154.98,4717.47
455500.0,3315500.0,122.53875,29.96954,32,56.87,4.47
521500.0,3255500.0,123.22166,29.42867,32,168.24,5.98
510500.0,3315500.0,123.10883,29.97031,32,40.31,11.28
515500.0,3298500.0,123.16042,29.81683,32,143.56,28.68
520500.0,3337500.0,123.21291,30.16872,32,79.65,2.74
523500.0,3337500.0,123.24407,30.16866,32,79.03,28.85
409500.0,3178500.0,122.07326,28.73068,32,44.19,21.13
441500.0,3218500.0,122.39885,29.09355,32,25.69,8.66
425500.0,3290500.0,122.22955,29.74249,32,134.94,140.13
383500.0,3188500.0,121.80602,28.81884,32,83.09,6.76
380500.0,3340500.0,121.75866,30.19009,32,9.27,3.11
441500.0,3263500.0,122.39646,29.49968,32,90.56,30.33
453500.0,3178500.0,122.52381,28.73302,32,142.34,1117.79
469500.0,3199500.0,122.68709,28.92305,32,61.23,65.64
415500.0,3160500.0,122.13602,28.56863,32,71.34,100.58
438500.0,3277500.0,122.36472,29.62588,32,82.29,3.64
517500.0,3276500.0,123.18076,29.61826,32,143.57,4.55
503500.0,3321500.0,123.0363,30.02449,32,83.93,3.75
511500.0,3344500.0,123.11951,30.23201,32,56.53,4.99
515500.0,3343500.0,123.16107,30.22294,32,97.42,5.11
448500.0,3320500.0,122.46596,30.01439,32,136.93,2.32
468500.0,3302500.0,122.67388,29.85263,32,75.16,35.86
503500.0,3252500.0,123.03607,29.40177,32,156.67,47.65
438500.0,3253500.0,122.36608,29.40929,32,41.52,24.54
495500.0,3204500.0,122.95381,28.96853,32,86.13,6.25
536500.0,3319500.0,123.37846,30.00591,32,159.22,89.18
390500.0,3174500.0,121.8791,28.69311,32,176.58,125.25
447500.0,3321500.0,122.45554,30.02337,32,12.83,195.99
490500.0,3279500.0,122.90185,29.64542,32,179.42,10.08
534500.0,3322500.0,123.35782,30.03304,32,117.47,2.73
538500.0,3300500.0,123.39852,29.83438,32,149.15,21.89
509500.0,3344500.0,123.09873,30.23202,32,12.43,13.77
546500.0,3289500.0,123.48085,29.73483,32,111.02,356.59
548500.0,3294500.0,123.50176,29.77988,32,54.29,175.2
496500.0,3151500.0,122.96424,28.49014,32,32.1,47.29
453500.0,3280500.0,122.51954,29.65361,31,80.71,191.7
481500.0,3274500.0,122.80895,29.60019,31,124.43,43.72
483500.0,3298500.0,122.82924,29.81682,31,73.22,4.02
504500.0,3291500.0,123.04654,29.75375,31,85.54,68.08
523500.0,3335500.0,123.24402,30.15061,31,90.92,11.02
412500.0,3245500.0,122.09874,29.33555,31,89.88,11.86
496500.0,3275500.0,122.96385,29.60935,31,114.56,17.72
461500.0,3349500.0,122.59971,30.27657,31,154.6,776.23
504500.0,3295500.0,123.04656,29.78985,31,81.86,7.47
393500.0,3206500.0,121.90679,28.98215,31,46.83,7.21
413500.0,3188500.0,122.11345,28.82121,31,46.7,6.85
357500.0,3259500.0,121.53054,29.45684,31,114.07,1.72
388500.0,3351500.0,121.84058,30.2901,31,50.14,2.04
411500.0,3142500.0,122.09651,28.40591,31,41.62,6.22
434500.0,3202500.0,122.32785,28.94881,31,89.57,3.19
451500.0,3206500.0,122.50213,28.98567,31,21.14,59.38
411500.0,3181500.0,122.0935,28.7579,31,141.47,379.14
433500.0,3214500.0,122.31688,29.05706,31,148.85,2.48
446500.0,3211500.0,122.45056,29.0306,31,52.3,8.44
429500.0,3235500.0,122.27446,29.24637,31,40.35,45.64
409500.0,3216500.0,122.0702,29.07363,31,96.36,17.3
446500.0,3212500.0,122.45051,29.03962,31,60.5,76.92
445500.0,3345500.0,122.43356,30.23986,31,63.17,2.91
445500.0,3348500.0,122.43341,30.26693,31,102.89,20.5
460500.0,3209500.0,122.59441,29.01306,31,30.23,47.02
476500.0,3273500.0,122.75733,29.59108,31,87.06,15.72
465500.0,3296500.0,122.64301,29.7984,31,64.99,2.84
457500.0,3311500.0,122.55964,29.93352,31,43.74,10.62
469500.0,3313500.0,122.68392,29.95192,31,173.96,5.66
386500.0,3313500.0,121.82386,29.94705,31,71.06,3.92
418500.0,3198500.0,122.16397,28.91179,31,145.6,444.07
488500.0,3286500.0,122.88111,29.70858,31,59.81,8.78
363500.0,3263500.0,121.59189,29.4936,31,20.36,49.23
402500.0,3143500.0,122.00456,28.41429,31,163.91,6427.13
409500.0,3182500.0,122.07294,28.76678,31,114.88,15.11
432500.0,3282500.0,122.30244,29.67069,31,87.53,16.83
379500.0,3190500.0,121.76482,28.83652,31,133.44,2.13
392500.0,3283500.0,121.88902,29.6769,31,86.99,143.01
425500.0,3186500.0,122.23656,28.80391,31,55.52,7.85
421500.0,3214500.0,122.19362,29.05638,31,2.27,2.02
457500.0,3288500.0,122.56055,29.72595,31,135.0,4.3
454500.0,3310500.0,122.5286,29.92438,31,61.61,39.55
476500.0,3325500.0,122.7562,30.06037,31,89.25,540.51
376500.0,3143500.0,121.73916,28.41209,31,86.46,16.28
373500.0,3159500.0,121.70678,28.5562,31,111.56,12.49
379500.0,3193500.0,121.7645,28.86359,31,20.92,5.51
401500.0,3257500.0,121.98437,29.44303,31,55.65,1.77
387500.0,3338500.0,121.83158,30.17271,31,50.45,1.59
376500.0,3351500.0,121.71583,30.28893,31,163.18,2.06
419500.0,3189500.0,122.17487,28.83062,31,105.22,6.47
437500.0,3201500.0,122.35869,28.93993,31,69.15,3.81
428500.0,3213500.0,122.26559,29.04776,31,17.44,2.62
499500.0,3261500.0,122.99484,29.483,31,78.49,3.3
458500.0,3353500.0,122.56836,30.31257,31,117.09,3.41
530500.0,3343500.0,123.31694,30.22265,31,86.33,4.57
363500.0,3165500.0,121.60385,28.60933,31,121.45,272.18
380500.0,3278500.0,121.76558,29.63069,31,24.13,7.52
409500.0,3200500.0,122.07149,28.92923,31,176.86,6.99
433500.0,3337500.0,122.30936,30.16707,31,40.25,122.14
458500.0,3289500.0,122.57085,29.73501,31,59.66,1.83
482500.0,3280500.0,122.81918,29.65436,31,31.51,30.65
520500.0,3295500.0,123.2121,29.78969,31,100.89,2.58
516500.0,3341500.0,123.17143,30.20488,31,174.4,3.13
508500.0,3351500.0,123.08839,30.2952,31,37.89,38.57
390500.0,3279500.0,121.86876,29.64063,31,39.26,25.42
416500.0,3185500.0,122.14442,28.79433,31,52.47,1.53
439500.0,3217500.0,122.37835,29.08444,31,12.18,96.65
406500.0,3174500.0,122.04287,28.69437,31,82.76,7.96
478500.0,3271500.0,122.77803,29.57307,31,163.66,260.09
415500.0,3185500.0,122.13417,28.79427,31,149.85,186.81
412500.0,3200500.0,122.10227,28.92944,31,106.21,4.25
408500.0,3287500.0,122.05402,29.71428,31,107.85,31.46
486500.0,3282500.0,122.86048,29.67246,31,18.49,16.1
406500.0,3173500.0,122.04295,28.68534,31,112.87,5.8
407500.0,3196500.0,122.05131,28.89299,31,70.37,2.33
416500.0,3213500.0,122.14234,29.04703,31,66.57,6.33
444500.0,3277500.0,122.4267,29.62617,31,57.36,2.48
453500.0,3190500.0,122.52332,28.84133,31,59.85,22.73
475500.0,3211500.0,122.74838,29.03149,31,53.46,14.98
452500.0,3308500.0,122.50797,29.90626,31,33.3,3.28
503500.0,3327500.0,123.03632,30.07864,31,4.92,9.12
500500.0,3336500.0,123.00519,30.15987,31,75.73,51.06
484500.0,3263500.0,122.84009,29.50096,31,76.8,20.48
504500.0,3276500.0,123.04648,29.61837,31,142.53,3.42
377500.0,3214500.0,121.74171,29.0529,31,55.06,1.94
448500.0,3176500.0,122.4727,28.71478,31,65.52,129.54
448500.0,3180500.0,122.47252,28.75088,31,60.76,140.02
428500.0,3219500.0,122.2652,29.10191,31,62.97,39.89
451500.0,3290500.0,122.49842,29.74378,31,155.56,1.88
444500.0,3339500.0,122.42349,30.18567,31,79.59,124.62
475500.0,3239500.0,122.74777,29.2842,31,18.74,27.12
489500.0,3293500.0,122.89138,29.77176,31,159.24,338.9
383500.0,3142500.0,121.81071,28.40371,31,172.22,161.05
434500.0,3170500.0,122.32971,28.65999,31,52.31,5.96
432500.0,3225500.0,122.30594,29.15628,31,47.13,5.47
439500.0,3231500.0,122.37759,29.21079,31,65.29,5.51
496500.0,3279500.0,122.96384,29.64545,31,67.75,12.18
462500.0,3267500.0,122.61298,29.53659,31,38.88,17.44
483500.0,3293500.0,122.82931,29.7717,31,158.41,314.11
541500.0,3328500.0,123.43066,30.08696,31,137.22,698.86
532500.0,3335500.0,123.33748,30.15041,31,68.41,37.18
523500.0,3323500.0,123.24376,30.04232,31,76.13,196.43
396500.0,3149500.0,121.94277,28.46798,31,106.85,3.59
399500.0,3151500.0,121.97324,28.48627,31,74.27,3.53
376500.0,3176500.0,121.7356,28.7099,31,155.24,7.07
387500.0,3160500.0,121.84978,28.56651,31,52.85,7.49
401500.0,3258500.0,121.98428,29.45205,31,130.28,6.04
441500.0,3188500.0,122.40041,28.82279,31,117.65,2.35
405500.0,3217500.0,122.02903,29.08236,31,26.65,12.09
424500.0,3241500.0,122.2226,29.30023,31,71.79,3.65
433500.0,3275500.0,122.3132,29.60758,31,178.97,2.83
451500.0,3330500.0,122.49661,30.10475,31,111.55,1.05
477500.0,3158500.0,122.76998,28.55313,31,150.46,799.25
460500.0,3196500.0,122.59486,28.89572,31,62.59,7.75
507500.0,3280500.0,123.0775,29.65446,31,105.46,1.12
502500.0,3269500.0,123.02581,29.5552,31,0.3,56.86
504500.0,3302500.0,123.04659,29.85302,31,91.14,40.35
431500.0,3254500.0,122.29386,29.41795,31,63.52,17.39
426500.0,3250500.0,122.24259,29.38157,31,74.11,6.07
490500.0,3286500.0,122.90179,29.70859,31,47.46,1.63
501500.0,3334500.0,123.01557,30.14182,31,41.69,72.89
502500.0,3340500.0,123.02597,30.19596,31,54.76,234.4
394500.0,3143500.0,121.92289,28.41367,31,106.58,3.65
407500.0,3155500.0,122.05464,28.52296,31,114.77,2.08
425500.0,3221500.0,122.23424,29.11979,31,74.2,3.97
446500.0,3292500.0,122.44662,29.76162,31,100.79,6.99
456500.0,3294500.0,122.54997,29.78006,31,135.18,5.12
486500.0,3291500.0,122.86037,29.75368,31,75.41,7.84
456500.0,3320500.0,122.54891,30.0147,31,37.07,3.06
505500.0,3303500.0,123.05695,29.86204,31,82.46,4.63
503500.0,3325500.0,123.03631,30.06059,31,63.9,2.88
493500.0,3183500.0,122.93341,28.77897,31,97.58,7.87
459500.0,3263500.0,122.58216,29.5004,31,158.51,75.3
415500.0,3159500.0,122.1361,28.55961,31,73.3,24.99
455500.0,3264500.0,122.54085,29.50928,31,56.04,22.43
535500.0,3321500.0,123.36816,30.02398,31,53.43,22.93
404500.0,3182500.0,122.02172,28.76642,31,59.45,10.21
450500.0,3287500.0,122.48822,29.71667,31,120.01,33.61
412500.0,3342500.0,122.09086,30.21086,31,176.76,6.15
495500.0,3243500.0,122.95366,29.32054,31,160.59,298.85
457500.0,3321500.0,122.55924,30.02376,31,24.37,6.09
491500.0,3319500.0,122.91186,30.00642,31,84.56,4.43
505500.0,3256500.0,123.05671,29.43786,31,24.87,4.54
531500.0,3350500.0,123.32754,30.2858,31,3.3,72.09
394500.0,3149500.0,121.92235,28.46782,31,100.42,6.78
439500.0,3297500.0,122.37393,29.80642,31,179.2,11.63
491500.0,3212500.0,122.9127,29.04072,31,169.72,242.93
503500.0,3278500.0,123.03616,29.63643,31,124.3,1.31
504500.0,3283500.0,123.04651,29.68155,31,13.48,5.28
543500.0,3280500.0,123.44947,29.65372,31,83.0,30.57
489500.0,3202500.0,122.89225,28.95044,31,178.06,216.43
520500.0,3341500.0,123.21299,30.20481,31,45.48,17.43
535500.0,3284500.0,123.36694,29.69007,31,70.27,11.81
543500.0,3249500.0,123.44823,29.37394,31,7.16,17245.55
385500.0,3330500.0,121.81167,30.10034,30,71.21,7.43
441500.0,3241500.0,122.39764,29.30113,30,144.48,131.06
493500.0,3325500.0,122.93256,30.06058,30,132.82,146.3
412500.0,3244500.0,122.09881,29.32653,30,4.84,812.04
446500.0,3245500.0,122.44892,29.33746,30,141.27,518.93
499500.0,3289500.0,122.99483,29.73571,30,44.88,2.48
458500.0,3305500.0,122.57024,29.8794,30,79.53,2.0
503500.0,3287500.0,123.03619,29.71765,30,95.68,8.25
500500.0,3295500.0,123.00517,29.78986,30,81.12,2.72
529500.0,3293500.0,123.30517,29.77145,30,65.7,3.68
356500.0,3263500.0,121.5197,29.49281,30,6.48,1.7
463500.0,3294500.0,122.62239,29.78029,30,139.74,1.74
522500.0,3328500.0,123.23349,30.08746,30,39.39,2.82
376500.0,3148500.0,121.73862,28.45722,30,162.29,4.63
401500.0,3274500.0,121.98284,29.59643,30,63.74,1.49
411500.0,3149500.0,122.09598,28.46909,30,74.27,2.02
412500.0,3181500.0,122.10374,28.75797,30,54.45,25.43
435500.0,3204500.0,122.338,28.96691,30,116.96,10.15
409500.0,3224500.0,122.06955,29.14583,30,3.19,40.63
418500.0,3230500.0,122.16164,29.20059,30,33.03,11.58
441500.0,3223500.0,122.39858,29.13868,30,10.41,2.89
430500.0,3244500.0,122.28419,29.32765,30,35.18,3.34
450500.0,3297500.0,122.48776,29.80691,30,129.02,1.73
452500.0,3247500.0,122.51064,29.35575,30,56.2,37.45
513500.0,3317500.0,123.13996,29.98833,30,112.84,2.01
512500.0,3299500.0,123.12938,29.82589,30,81.47,2.21
448500.0,3326500.0,122.46567,30.06854,30,161.66,17.09
472500.0,3299500.0,122.71537,29.82565,30,59.6,2.23
431500.0,3350500.0,122.28774,30.28427,30,51.91,124.23
502500.0,3324500.0,123.02593,30.05157,30,114.69,2.73
506500.0,3339500.0,123.06752,30.18692,30,95.6,24.67
312500.0,3323500.0,121.05558,30.02818,30,79.63,269.08
375500.0,3177500.0,121.72526,28.71882,30,150.19,1.44
369500.0,3188500.0,121.66257,28.81749,30,44.25,1.59
388500.0,3326500.0,121.84322,30.06453,30,15.85,11.73
410500.0,3205500.0,122.08136,28.97443,30,78.28,5.36
485500.0,3276500.0,122.85023,29.6183,30,45.23,7.99
493500.0,3312500.0,122.93264,29.94326,30,130.92,4.36
378500.0,3190500.0,121.75457,28.83642,30,148.22,31.57
391500.0,3283500.0,121.87869,29.67681,30,173.64,11.41
377500.0,3351500.0,121.72623,30.28903,30,78.53,2.88
419500.0,3153500.0,122.17741,28.50571,30,146.97,584.6
405500.0,3180500.0,122.03213,28.74845,30,150.89,45.99
414500.0,3204500.0,122.12248,28.96568,30,64.54,3.51
428500.0,3241500.0,122.26378,29.30046,30,44.7,3.4
443500.0,3281500.0,122.41616,29.66222,30,70.32,4.06
449500.0,3351500.0,122.47485,30.29418,30,62.94,150.63
466500.0,3300500.0,122.65324,29.83452,30,149.14,7.59
454500.0,3311500.0,122.52856,29.93341,30,80.61,2.52
497500.0,3330500.0,122.97405,30.10572,30,80.4,6.22
338500.0,3317500.0,121.32601,29.97776,30,16.46,7.91
381500.0,3189500.0,121.78542,28.82768,30,44.01,1.13
403500.0,3175500.0,122.01208,28.70317,30,26.93,4.35
409500.0,3197500.0,122.07174,28.90216,30,34.43,7.95
430500.0,3206500.0,122.28656,28.9847,30,20.21,2.67
420500.0,3205500.0,122.18399,28.97509,30,173.57,8.55
421500.0,3210500.0,122.1939,29.02028,30,10.28,220.73
419500.0,3239500.0,122.17127,29.28187,30,10.59,9.07
458500.0,3259500.0,122.572,29.46426,30,57.43,64.03
461500.0,3269500.0,122.60258,29.55461,30,58.47,50.35
484500.0,3313500.0,122.83937,29.9522,30,170.9,1.47
503500.0,3334500.0,123.03634,30.14181,30,39.2,3.55
375500.0,3218500.0,121.72073,29.0888,30,86.47,13.05
373500.0,3221500.0,121.69984,29.11568,30,157.25,101.81
389500.0,3227500.0,121.86366,29.17131,30,171.64,3.55
487500.0,3273500.0,122.87092,29.59124,30,150.68,2.33
475500.0,3278500.0,122.74689,29.63619,30,51.9,29.96
461500.0,3265500.0,122.60273,29.51851,30,146.83,150.98
488500.0,3288500.0,122.88109,29.72663,30,73.04,21.72
528500.0,3270500.0,123.29422,29.5639,30,148.77,14324.53
517500.0,3288500.0,123.18095,29.72656,30,132.92,126.42
510500.0,3307500.0,123.10876,29.89811,30,80.62,4.62
433500.0,3156500.0,122.32029,28.53358,30,147.32,3829.34
443500.0,3219500.0,122.41935,29.10267,30,9.55,4.43
403500.0,3255500.0,122.00517,29.42513,30,164.85,1.39
445500.0,3310500.0,122.43536,29.92402,30,147.83,46.1
477500.0,3147500.0,122.77019,28.45384,30,152.13,9459.95
456500.0,3161500.0,122.55518,28.57968,30,60.43,341.99
454500.0,3255500.0,122.53091,29.42802,30,58.17,41.22
490500.0,3297500.0,122.90169,29.80787,30,131.8,11.26
510500.0,3267500.0,123.10837,29.53711,30,49.43,5.34
382500.0,3171500.0,121.79753,28.66533,30,60.02,3.1
394500.0,3215500.0,121.91621,29.06345,30,60.63,800.7
379500.0,3318500.0,121.75077,29.9915,30,168.18,3.77
518500.0,3290500.0,123.19133,29.74459,30,34.56,2.26
413500.0,3202500.0,122.11238,28.94756,30,34.05,15.19
424500.0,3303500.0,122.2183,29.85974,30,69.07,9.29
482500.0,3326500.0,122.81843,30.0695,30,49.59,6.94
533500.0,3316500.0,123.34726,29.97892,30,78.42,17.46
400500.0,3142500.0,121.98423,28.40512,30,154.36,194.27
445500.0,3194500.0,122.44112,28.87712,30,84.38,11.76
443500.0,3326500.0,122.41379,30.06831,30,138.76,2.23
464500.0,3351500.0,122.63083,30.29471,30,114.76,3.45
372500.0,3328500.0,121.67702,30.08101,30,18.32,43.06
448500.0,3275500.0,122.46811,29.60829,30,116.77,5.27
405500.0,3344500.0,122.01796,30.22838,30,152.35,43.34
496500.0,3266500.0,122.96388,29.52812,30,57.27,466.71
501500.0,3232500.0,123.01543,29.22126,30,90.24,555.18
511500.0,3336500.0,123.11943,30.15981,30,61.87,3.17
514500.0,3349500.0,123.15076,30.2771,30,58.73,2.57
509500.0,3348500.0,123.09877,30.26812,30,158.95,43.83
299500.0,3316500.0,120.92215,29.96298,30,119.52,84.15
439500.0,3159500.0,122.38145,28.56095,30,149.93,1348.61
424500.0,3205500.0,122.22504,28.97533,30,61.42,283.92
406500.0,3278500.0,122.03412,29.63291,30,154.99,15.3
457500.0,3171500.0,122.56503,28.66998,30,127.26,4.06
467500.0,3198500.0,122.6666,28.91397,30,65.58,534.08
460500.0,3195500.0,122.5949,28.8867,30,154.41,591.63
469500.0,3220500.0,122.68652,29.11259,30,31.83,491.48
503500.0,3324500.0,123.03631,30.05157,30,117.43,1.2
321500.0,3187500.0,121.17098,28.8027,30,133.11,11.69
401500.0,3172500.0,121.99186,28.67595,30,38.79,13.73
406500.0,3318500.0,122.03065,29.99386,30,39.34,4.8
445500.0,3340500.0,122.43382,30.19474,30,37.06,3.06
473500.0,3258500.0,122.72672,29.45565,30,171.25,383.68
498500.0,3305500.0,122.98447,29.8801,30,39.53,2.7
535500.0,3348500.0,123.36907,30.26764,30,148.4,10.3
370500.0,3163500.0,121.67566,28.592,30,24.1,60.41
377500.0,3189500.0,121.74443,28.82731,30,86.56,204.47
381500.0,3200500.0,121.78427,28.92695,30,178.71,1428.55
382500.0,3186500.0,121.79598,28.8007,30,18.95,1.55
400500.0,3215500.0,121.97784,29.06393,30,59.68,61.48
392500.0,3286500.0,121.88873,29.70397,30,117.6,433.04
429500.0,3256500.0,122.27312,29.43589,30,66.43,11.09
403500.0,3251500.0,122.00552,29.38904,30,83.38,8.63
450500.0,3257500.0,122.48958,29.44592,30,31.65,14.16
499500.0,3181500.0,122.99488,28.76094,30,58.61,856.51
494500.0,3215500.0,122.94349,29.06781,30,78.13,128.15
477500.0,3287500.0,122.76737,29.71745,30,116.52,13.99
476500.0,3264500.0,122.75753,29.50986,30,98.67,65.27
515500.0,3275500.0,123.16009,29.60926,30,86.61,72.96
508500.0,3280500.0,123.08783,29.65445,30,6.22,1.96
529500.0,3288500.0,123.30503,29.72633,30,91.5,673.07
508500.0,3324500.0,123.08818,30.05154,30,60.24,20.92
508500.0,3353500.0,123.08841,30.31325,30,144.62,76.52
375500.0,3147500.0,121.72852,28.4481,30,117.07,2538.47
385500.0,3354500.0,121.80907,30.31688,30,7.19,134.36
424500.0,3199500.0,122.22544,28.92118,30,114.36,3.79
422500.0,3229500.0,122.20285,29.19181,30,163.59,2221.29
419500.0,3259500.0,122.1698,29.46236,30,154.12,433.88
433500.0,3258500.0,122.31424,29.45416,30,167.63,318.27
412500.0,3242500.0,122.09897,29.30848,30,154.43,71.44
428500.0,3251500.0,122.26314,29.39071,30,55.62,3.17
425500.0,3252500.0,122.23215,29.39956,30,52.72,1.97
425500.0,3254500.0,122.23202,29.41761,30,62.09,168.52
428500.0,3270500.0,122.26189,29.56218,30,73.58,2.41
440500.0,3292500.0,122.38456,29.76135,30,79.55,2.64
449500.0,3335500.0,122.47561,30.14979,30,97.26,16.33
461500.0,3297500.0,122.60159,29.8073,30,26.67,5.58
453500.0,3328500.0,122.51746,30.08678,30,70.49,104.98
458500.0,3338500.0,122.56895,30.17721,30,58.3,23.72
512500.0,3301500.0,123.1294,29.84394,30,58.96,1.97
501500.0,3294500.0,123.01552,29.78083,30,115.8,3.25
519500.0,3337500.0,123.20253,30.16873,30,108.94,31.83
526500.0,3318500.0,123.27475,29.99714,30,59.64,258.67
443500.0,3185500.0,122.42106,28.7958,30,55.44,20.86
442500.0,3235500.0,122.40824,29.24703,30,60.99,13.79
441500.0,3281500.0,122.3955,29.66213,30,80.63,28.94
497500.0,3316500.0,122.97408,29.97937,30,124.49,259.56
411500.0,3174500.0,122.09404,28.69472,30,52.55,2.1
428500.0,3186500.0,122.2673,28.80408,30,1.29,56.35
427500.0,3222500.0,122.25473,29.12893,30,160.64,1.78
465500.0,3325500.0,122.64208,30.06011,30,50.46,151.02
501500.0,3341500.0,123.01558,30.20499,30,78.37,32.8
382500.0,3321500.0,121.78154,30.01886,30,110.51,4.11
525500.0,3270500.0,123.26325,29.56397,30,169.48,491.07
530500.0,3318500.0,123.31622,29.99705,30,169.2,30.93
518500.0,3344500.0,123.19226,30.23192,30,145.22,2.16
515500.0,3336500.0,123.16097,30.15977,30,144.72,8.9
520500.0,3352500.0,123.2132,30.30408,30,19.19,19.9
410500.0,3198500.0,122.08191,28.91125,30,31.55,4.55
414500.0,3188500.0,122.1237,28.82128,30,54.01,34.87
450500.0,3295500.0,122.48785,29.78886,30,154.82,86.87
462500.0,3296500.0,122.61197,29.79831,30,5.05,77.51
461500.0,3298500.0,122.60155,29.81633,30,119.31,1.58
502500.0,3296500.0,123.02587,29.79888,30,33.79,1.38
514500.0,3343500.0,123.15068,30.22295,30,135.92,27.22
519500.0,3344500.0,123.20265,30.2319,30,56.73,16.49
535500.0,3320500.0,123.36813,30.01496,30,41.65,4.85
492500.0,3207500.0,122.923,28.99559,30,80.94,123.16
502500.0,3277500.0,123.02582,29.6274,30,177.57,32.71
543500.0,3278500.0,123.44939,29.63567,30,51.41,159.53
492500.0,3327500.0,122.92218,30.07862,30,146.0,19.64
533500.0,3295500.0,123.34661,29.7894,30,118.98,57.55
524500.0,3299500.0,123.25358,29.82571,30,169.64,241.06
467500.0,3291500.0,122.66386,29.75333,30,13.51,93.02
449500.0,3293500.0,122.4776,29.77077,30,36.15,34.61
515500.0,3308500.0,123.16056,29.90708,30,88.25,512.92
515500.0,3307500.0,123.16054,29.89806,30,87.89,162.45
525500.0,3302500.0,123.264,29.85277,30,164.98,190.93
445500.0,3279500.0,122.43693,29.64426,29,117.29,2.51
479500.0,3313500.0,122.78755,29.95213,29,146.57,3.68
426500.0,3349500.0,122.23582,30.27495,29,38.16,1.54
478500.0,3264500.0,122.77816,29.50989,29,70.91,8.95
382500.0,3149500.0,121.79979,28.46679,29,159.78,241.91
416500.0,3149500.0,122.14705,28.46942,29,48.65,4.46
495500.0,3289500.0,122.95347,29.7357,29,71.11,6.82
460500.0,3298500.0,122.5912,29.8163,29,2.01,17.68
351500.0,3261500.0,121.46841,29.47419,29,6.2,1.5
400500.0,3253500.0,121.97443,29.40685,29,150.88,73.9
381500.0,3345500.0,121.76849,30.2353,29,167.09,3.65
416500.0,3146500.0,122.14726,28.44234,29,69.94,7.61
432500.0,3179500.0,122.30871,28.74112,29,74.65,2.06
409500.0,3225500.0,122.06947,29.15485,29,25.82,10.38
451500.0,3217500.0,122.50165,29.08495,29,58.59,5.08
436500.0,3248500.0,122.34575,29.36407,29,59.36,2.36
445500.0,3309500.0,122.43541,29.91499,29,177.91,13.73
476500.0,3277500.0,122.75725,29.62718,29,117.15,7.9
487500.0,3304500.0,122.87056,29.87102,29,92.66,7.22
465500.0,3324500.0,122.64211,30.05109,29,128.56,2.55
452500.0,3352500.0,122.506,30.30332,29,148.86,7.49
526500.0,3296500.0,123.27421,29.7986,29,111.99,4.51
515500.0,3299500.0,123.16043,29.82586,29,100.69,5.27
549500.0,3331500.0,123.51382,30.11374,29,176.22,2.33
483500.0,3273500.0,122.82962,29.5912,29,53.75,10.17
382500.0,3153500.0,121.79938,28.50289,29,42.91,5.08
478500.0,3280500.0,122.77785,29.65429,29,48.07,3.14
427500.0,3304500.0,122.24929,29.86894,29,138.37,79.7
484500.0,3297500.0,122.8396,29.80781,29,140.24,68.75
457500.0,3300500.0,122.56008,29.83425,29,9.77,5.35
510500.0,3268500.0,123.10838,29.54613,29,135.88,10.95
380500.0,3157500.0,121.77853,28.53881,29,52.53,3.1
372500.0,3177500.0,121.69455,28.71853,29,173.45,20.45
361500.0,3261500.0,121.57152,29.47533,29,71.55,2.48
400500.0,3289500.0,121.97114,29.73171,29,160.86,2.45
398500.0,3286500.0,121.95074,29.70447,29,111.55,439.91
410500.0,3171500.0,122.08404,28.66758,29,88.52,6.03
427500.0,3256500.0,122.2525,29.43578,29,124.7,14.56
423500.0,3281500.0,122.20951,29.66115,29,107.87,93.54
450500.0,3334500.0,122.48604,30.14081,29,68.36,39.66
474500.0,3253500.0,122.73715,29.41054,29,74.8,339.0
468500.0,3287500.0,122.67432,29.71726,29,118.55,26.13
507500.0,3273500.0,123.07745,29.59128,29,149.27,17.68
509500.0,3352500.0,123.0988,30.30422,29,54.49,12.94
383500.0,3158500.0,121.80909,28.54811,29,88.12,4.24
369500.0,3159500.0,121.66589,28.5558,29,81.73,1.42
394500.0,3193500.0,121.91828,28.86491,29,70.51,180.57
367500.0,3221500.0,121.63819,29.11506,29,86.09,3.09
377500.0,3353500.0,121.72599,30.30708,29,105.81,2.5
416500.0,3198500.0,122.14345,28.91166,29,101.97,1.79
411500.0,3199500.0,122.09209,28.92035,29,5.94,4.44
425500.0,3195500.0,122.23597,28.88514,29,67.58,3.6
421500.0,3234500.0,122.19221,29.23687,29,174.51,3.62
415500.0,3254500.0,122.12894,29.41698,29,117.68,4.75
476500.0,3279500.0,122.7572,29.64523,29,29.38,2.06
455500.0,3309500.0,122.539,29.9154,29,82.62,35.5
490500.0,3293500.0,122.90173,29.77177,29,47.75,7.31
503500.0,3332500.0,123.03633,30.12376,29,39.56,109.07
533500.0,3336500.0,123.34789,30.1594,29,76.35,66.4
409500.0,3223500.0,122.06964,29.1368,29,170.17,33.36
481500.0,3276500.0,122.80891,29.61824,29,169.52,473.33
527500.0,3301500.0,123.28468,29.8437,29,61.99,52.87
515500.0,3324500.0,123.16079,30.05147,29,170.26,57.97
515500.0,3337500.0,123.16098,30.16879,29,77.55,21.39
442500.0,3168500.0,122.41167,28.64232,29,149.19,733.64
434500.0,3157500.0,122.33045,28.54265,29,57.11,162.52
519500.0,3256500.0,123.20106,29.43772,29,40.55,1.44
511500.0,3262500.0,123.11864,29.49197,29,32.7,37.8
469500.0,3277500.0,122.68494,29.62703,29,148.92,249.36
466500.0,3275500.0,122.65401,29.6089,29,45.77,56.64
396500.0,3183500.0,121.93969,28.77483,29,46.6,4.53
378500.0,3342500.0,121.73766,30.20793,29,106.28,1.31
406500.0,3210500.0,122.03989,29.01926,29,110.2,25.06
390500.0,3353500.0,121.86117,30.30832,29,33.29,3.27
405500.0,3160500.0,122.03379,28.56794,29,82.33,6.16
424500.0,3225500.0,122.22369,29.15583,29,135.39,23.31
445500.0,3248500.0,122.43847,29.36449,29,146.26,293.17
376500.0,3333500.0,121.71794,30.12653,29,174.21,29.94
442500.0,3337500.0,122.40282,30.16753,29,78.37,19.16
474500.0,3239500.0,122.73747,29.28418,29,23.09,212.34
389500.0,3216500.0,121.86475,29.07205,29,100.62,8.28
493500.0,3257500.0,122.93297,29.44688,29,162.09,371.25
510500.0,3337500.0,123.10905,30.16884,29,87.16,6.78
382500.0,3170500.0,121.79764,28.65631,29,156.7,85.65
402500.0,3215500.0,121.99838,29.06409,29,71.91,45.04
389500.0,3342500.0,121.85193,30.20898,29,108.55,18.58
434500.0,3150500.0,122.33085,28.47947,29,58.56,79.49
415500.0,3211500.0,122.13222,29.02892,29,18.85,125.49
414500.0,3303500.0,122.11477,29.85909,29,131.59,295.83
451500.0,3184500.0,122.50307,28.7871,29,61.37,4.8
460500.0,3194500.0,122.59493,28.87767,29,61.11,9.13
472500.0,3199500.0,122.71787,28.92311,29,62.06,131.97
467500.0,3269500.0,122.66452,29.55478,29,106.15,1.75
540500.0,3220500.0,123.41626,29.11231,29,81.17,15.01
521500.0,3318500.0,123.22291,29.99724,29,87.68,3.14
513500.0,3347500.0,123.14034,30.25906,29,25.08,11.48
378500.0,3176500.0,121.75607,28.71009,29,56.28,8.64
418500.0,3208500.0,122.16324,29.00204,29,150.34,1.71
406500.0,3231500.0,122.03812,29.20878,29,3.81,27.97
477500.0,3245500.0,122.76824,29.33839,29,164.83,1276.06
473500.0,3250500.0,122.72691,29.38344,29,71.35,11.61
494500.0,3286500.0,122.94314,29.70862,29,65.21,7.48
494500.0,3292500.0,122.94311,29.76277,29,35.55,20.38
534500.0,3340500.0,123.35841,30.19547,29,7.16,37.47
524500.0,3324500.0,123.25415,30.05133,29,168.7,503.6
505500.0,3345500.0,123.05716,30.24107,29,113.5,3.31
527500.0,3349500.0,123.28593,30.27687,29,130.01,167.37
379500.0,3149500.0,121.76915,28.46652,29,154.0,1.9
371500.0,3155500.0,121.68678,28.5199,29,97.59,51.76
392500.0,3158500.0,121.90108,28.54888,29,38.18,18.4
376500.0,3187500.0,121.73441,28.80916,29,26.22,49.6
378500.0,3186500.0,121.755,28.80033,29,12.18,26.58
391500.0,3214500.0,121.88549,29.05417,29,129.52,51.58
376500.0,3353500.0,121.71559,30.30697,29,63.48,12.49
440500.0,3193500.0,122.3899,28.86787,29,73.82,8.91
440500.0,3199500.0,122.38958,28.92203,29,92.98,2.59
403500.0,3267500.0,122.00411,29.53342,29,98.55,9.53
444500.0,3264500.0,122.42736,29.50884,29,158.56,1.23
415500.0,3268500.0,122.12786,29.54332,29,9.0,117.05
446500.0,3296500.0,122.44642,29.79772,29,159.73,3.27
433500.0,3293500.0,122.3121,29.77002,29,179.95,12.56
449500.0,3342500.0,122.47528,30.21296,29,20.48,67.87
482500.0,3178500.0,122.82079,28.73374,29,144.63,664.68
494500.0,3212500.0,122.94351,29.04073,29,72.08,16.11
466500.0,3237500.0,122.65517,29.26595,29,150.9,1168.03
456500.0,3242500.0,122.55204,29.31077,29,122.7,258.06
540500.0,3204500.0,123.41568,28.9679,29,162.07,62783.51
517500.0,3198500.0,123.17952,28.91426,29,2.43,2415.19
500500.0,3252500.0,123.00515,29.40177,29,170.18,266.99
529500.0,3242500.0,123.30379,29.31117,29,104.68,264.43
505500.0,3287500.0,123.05687,29.71764,29,106.98,5.01
525500.0,3314500.0,123.26429,29.96106,29,89.84,2.47
375500.0,3166500.0,121.72646,28.61956,29,48.78,331.16
434500.0,3196500.0,122.3282,28.89466,29,167.36,8.05
427500.0,3238500.0,122.25369,29.27333,29,24.69,2.67
412500.0,3241500.0,122.09905,29.29945,29,55.65,22.76
435500.0,3241500.0,122.33586,29.30084,29,56.76,417.89
423500.0,3254500.0,122.2114,29.41749,29,42.63,354.53
426500.0,3239500.0,122.24333,29.2823,29,39.78,3.4
418500.0,3261500.0,122.15934,29.48035,29,158.48,27.89
440500.0,3333500.0,122.38228,30.13134,29,82.03,59.11
475500.0,3237500.0,122.74781,29.26615,29,157.44,1146.9
495500.0,3347500.0,122.95322,30.25913,29,177.3,1.97
503500.0,3285500.0,123.03618,29.6996,29,84.76,3.12
500500.0,3294500.0,123.00517,29.78083,29,127.34,2.14
517500.0,3336500.0,123.18174,30.15974,29,139.2,359.86
506500.0,3334500.0,123.06749,30.1418,29,127.75,4.25
436500.0,3246500.0,122.34587,29.34602,29,86.83,2.81
472500.0,3302500.0,122.71529,29.85272,29,56.3,15.63
471500.0,3297500.0,122.70507,29.80758,29,72.16,2.3
454500.0,3294500.0,122.52928,29.77999,29,32.63,168.24
472500.0,3305500.0,122.71521,29.8798,29,115.52,26.45
476500.0,3303500.0,122.75668,29.86183,29,127.71,3.18
496500.0,3299500.0,122.96377,29.82595,29,70.04,7.46
396500.0,3156500.0,121.94214,28.53116,29,96.91,186.49
449500.0,3270500.0,122.47867,29.56321,29,69.14,1.81
445500.0,3347500.0,122.43346,30.25791,29,79.34,8.52
463500.0,3287500.0,122.62262,29.71712,29,58.79,4.98
416500.0,3162500.0,122.1461,28.58675,29,86.87,48.2
422500.0,3195500.0,122.2052,28.88496,29,3.74,1.19
428500.0,3204500.0,122.26616,28.96654,29,51.19,5.41
494500.0,3232500.0,122.94341,29.22125,29,168.74,192.82
472500.0,3313500.0,122.71501,29.95199,29,154.24,4.64
461500.0,3315500.0,122.60094,29.96975,29,117.26,3.03
390500.0,3176500.0,121.87891,28.71116,29,91.49,8.57
442500.0,3295500.0,122.40508,29.78852,29,99.16,2.73
479500.0,3277500.0,122.78824,29.62724,29,7.61,3.49
455500.0,3332500.0,122.53804,30.12296,29,121.85,40.88
541500.0,3276500.0,123.42865,29.61769,29,166.39,36.02
532500.0,3282500.0,123.33587,29.67211,29,169.48,270.2
390500.0,3343500.0,121.86221,30.2181,29,125.42,1.58
424500.0,3174500.0,122.22711,28.69555,29,131.05,1.41
415500.0,3258500.0,122.12863,29.45307,29,121.9,11.68
453500.0,3309500.0,122.51828,29.91532,29,57.69,8.13
519500.0,3322500.0,123.20225,30.03337,29,94.91,7.8
383500.0,3330500.0,121.79092,30.10016,29,92.65,617.27
451500.0,3277500.0,122.49901,29.62646,29,13.31,64.91
509500.0,3302500.0,123.09835,29.85299,29,169.94,187.19
385500.0,3337500.0,121.81092,30.1635,28,78.75,13.91
446500.0,3335500.0,122.44446,30.14967,28,94.61,1.54
486500.0,3312500.0,122.86011,29.9432,28,22.45,5.41
482500.0,3296500.0,122.81892,29.79876,28,54.21,3.33
463500.0,3345500.0,122.62064,30.24054,28,172.96,45.51
519500.0,3300500.0,123.20185,29.83483,28,50.48,7.52
425500.0,3285500.0,122.2299,29.69737,28,141.06,70.83
424500.0,3305500.0,122.21816,29.87779,28,34.18,4.84
432500.0,3339500.0,122.29884,30.18506,28,160.86,6.65
471500.0,3248500.0,122.70635,29.36535,28,30.95,6.47
478500.0,3294500.0,122.77757,29.78064,28,19.96,5.82
415500.0,3197500.0,122.13327,28.90257,28,9.16,499.91
405500.0,3184500.0,122.0318,28.78455,28,75.82,31.64
401500.0,3170500.0,121.99204,28.6579,28,46.25,4.02
403500.0,3274500.0,122.00349,29.59659,28,26.29,21.47
401500.0,3272500.0,121.98302,29.57838,28,111.8,2.02
432500.0,3197500.0,122.30763,28.90358,28,76.79,2.05
449500.0,3221500.0,122.48092,29.12097,28,32.46,4.58
425500.0,3246500.0,122.23256,29.34541,28,36.12,2.37
469500.0,3238500.0,122.68602,29.27505,28,45.05,155.65
456500.0,3258500.0,122.55141,29.45517,28,68.02,29.37
397500.0,3281500.0,121.94088,29.65927,28,28.79,1.83
385500.0,3343500.0,121.81027,30.21764,28,45.19,2.15
387500.0,3351500.0,121.83019,30.29,28,120.21,4.48
430500.0,3253500.0,122.28362,29.40887,28,52.83,6.14
423500.0,3334500.0,122.20572,30.13941,28,37.36,20.0
462500.0,3272500.0,122.6128,29.58171,28,150.67,1535.03
513500.0,3253500.0,123.13916,29.41073,28,78.73,13.66
513500.0,3283500.0,123.13953,29.68148,28,128.33,3.58
504500.0,3319500.0,123.04666,30.00644,28,17.46,4.28
480500.0,3259500.0,122.79889,29.4648,28,74.07,18.13
516500.0,3329500.0,123.17124,30.09658,28,37.29,5.02
385500.0,3225500.0,121.82274,29.15291,28,176.24,86.63
385500.0,3219500.0,121.82336,29.09877,28,125.12,9.28
380500.0,3343500.0,121.75832,30.21715,28,65.7,3.2
436500.0,3196500.0,122.34871,28.89476,28,92.07,79.02
422500.0,3292500.0,122.19839,29.76035,28,69.43,59.05
482500.0,3262500.0,122.81947,29.4919,28,71.17,3.86
379500.0,3153500.0,121.76873,28.50262,28,147.72,2.2
413500.0,3149500.0,122.1164,28.46922,28,141.44,23.99
445500.0,3346500.0,122.43351,30.24888,28,69.33,20.97
461500.0,3328500.0,122.60047,30.08706,28,57.61,15.03
532500.0,3294500.0,123.33623,29.7804,28,157.9,40.79
384500.0,3163500.0,121.81881,28.59332,28,46.44,10.72
381500.0,3194500.0,121.7849,28.8728,28,27.47,8.29
392500.0,3204500.0,121.89672,28.96401,28,75.65,1.53
387500.0,3280500.0,121.83767,29.64939,28,30.74,4.37
398500.0,3287500.0,121.95065,29.7135,28,52.04,10.26
421500.0,3166500.0,122.19695,28.62316,28,44.41,4.24
413500.0,3232500.0,122.11005,29.2183,28,93.81,18.59
415500.0,3269500.0,122.12778,29.55234,28,122.81,11.97
409500.0,3299500.0,122.06335,29.82263,28,46.64,1.45
469500.0,3275500.0,122.68499,29.60898,28,51.79,48.48
426500.0,3209500.0,122.24531,29.01155,28,148.48,407.66
415500.0,3209500.0,122.13237,29.01087,28,26.86,4.85
412500.0,3350500.0,122.0902,30.28304,28,176.48,4.82
411500.0,3348500.0,122.07997,30.26493,28,136.84,5.9
452500.0,3252500.0,122.51042,29.40087,28,63.06,8.81
451500.0,3252500.0,122.50012,29.40084,28,63.01,11.47
472500.0,3294500.0,122.7155,29.78052,28,74.97,3.0
302500.0,3316500.0,120.95323,29.96347,28,176.72,10.68
369500.0,3165500.0,121.66521,28.60994,28,98.21,45.22
439500.0,3147500.0,122.38208,28.45263,28,56.95,327.03
417500.0,3220500.0,122.15209,29.11027,28,167.61,15.87
404500.0,3210500.0,122.01935,29.01912,28,166.22,63.51
419500.0,3217500.0,122.17286,29.08333,28,65.81,2.43
412500.0,3257500.0,122.09778,29.44384,28,79.27,8.37
461500.0,3214500.0,122.6045,29.05822,28,162.9,539.62
462500.0,3277500.0,122.61263,29.62684,28,137.8,118.09
511500.0,3263500.0,123.11865,29.501,28,49.98,3.29
523500.0,3313500.0,123.24354,29.95208,28,121.03,2.23
351500.0,3296500.0,121.46362,29.78995,28,87.41,2.59
412500.0,3196500.0,122.10258,28.89334,28,50.78,133.08
422500.0,3225500.0,122.20313,29.15571,28,26.48,2.12
405500.0,3297500.0,122.02213,29.80429,28,67.65,12.17
421500.0,3299500.0,122.18754,29.82346,28,148.06,4.51
468500.0,3233500.0,122.67587,29.2299,28,74.4,87.96
471500.0,3315500.0,122.70459,29.97002,28,64.21,7.04
354500.0,3296500.0,121.49465,29.79031,28,146.21,14.26
383500.0,3332500.0,121.7907,30.1182,28,8.5,338.68
496500.0,3280500.0,122.96384,29.65448,28,91.53,21.99
388500.0,3202500.0,121.85587,28.94562,28,116.36,2.44
381500.0,3337500.0,121.76938,30.16312,28,51.66,2.81
433500.0,3327500.0,122.30998,30.07683,28,118.08,19.77
484500.0,3337500.0,122.83902,30.16879,28,87.77,6.9
472500.0,3243500.0,122.71678,29.32024,28,166.18,753.33
476500.0,3249500.0,122.75785,29.37448,28,165.0,1013.07
473500.0,3238500.0,122.7272,29.27514,28,28.26,28.09
419500.0,3225500.0,122.17228,29.15553,28,20.03,2.99
496500.0,3267500.0,122.96388,29.53715,28,139.13,45.72
553500.0,3335500.0,123.55554,30.14967,28,46.3,91.2
372500.0,3160500.0,121.69644,28.56512,28,104.78,3.35
383500.0,3170500.0,121.80787,28.6564,28,140.87,18.0
422500.0,3197500.0,122.20507,28.90301,28,63.32,24.28
411500.0,3216500.0,122.09075,29.07377,28,8.12,100.17
464500.0,3197500.0,122.63586,28.90486,28,55.44,908.53
465500.0,3198500.0,122.64608,28.91392,28,53.65,97.98
460500.0,3308500.0,122.59084,29.90654,28,79.53,39.02
503500.0,3207500.0,123.03593,28.99561,28,86.76,60.68
513500.0,3245500.0,123.13906,29.33852,28,175.27,1278.74
514500.0,3270500.0,123.14969,29.56414,28,10.09,210.94
553500.0,3296500.0,123.55358,29.79772,28,118.44,244.15
378500.0,3206500.0,121.75285,28.98081,28,117.59,15.41
366500.0,3198500.0,121.63065,28.90742,28,38.42,9.65
433500.0,3168500.0,122.31959,28.64189,28,140.83,271.78
474500.0,3287500.0,122.73635,29.71739,28,167.59,44.75
491500.0,3292500.0,122.91208,29.76275,28,135.42,2.12
463500.0,3348500.0,122.62054,30.26761,28,171.46,570.98
507500.0,3236500.0,123.07719,29.25734,28,79.2,61.24
515500.0,3285500.0,123.16023,29.69951,28,25.6,4.68
507500.0,3309500.0,123.0777,29.91618,28,62.78,22.9
507500.0,3311500.0,123.07771,29.93423,28,69.08,44.5
513500.0,3305500.0,123.1398,29.88003,28,81.12,14.98
525500.0,3326500.0,123.26458,30.06936,28,158.99,1190.08
536500.0,3352500.0,123.3796,30.3037,28,68.09,305.0
386500.0,3162500.0,121.83936,28.58447,28,166.95,1.72
395500.0,3154500.0,121.9321,28.51303,28,56.32,4.42
394500.0,3159500.0,121.92143,28.55807,28,63.28,5.57
387500.0,3170500.0,121.84879,28.65675,28,76.46,46.73
393500.0,3207500.0,121.9067,28.99117,28,130.09,1030.75
388500.0,3354500.0,121.84027,30.31716,28,177.25,253.55
412500.0,3174500.0,122.10428,28.69479,28,148.38,17.63
444500.0,3190500.0,122.43106,28.84097,28,105.07,4.47
439500.0,3197500.0,122.37943,28.90393,28,54.37,14.08
439500.0,3188500.0,122.37991,28.8227,28,84.87,24.14
410500.0,3217500.0,122.0804,29.08272,28,93.2,15.65
416500.0,3220500.0,122.14181,29.11021,28,70.83,4.9
431500.0,3262500.0,122.29336,29.49015,28,95.58,5.97
443500.0,3267500.0,122.41689,29.53587,28,8.66,1.35
436500.0,3296500.0,122.34295,29.79725,28,92.58,45.13
427500.0,3339500.0,122.24691,30.18478,28,81.12,9.27
465500.0,3234500.0,122.64497,29.23884,28,170.0,6307.84
469500.0,3236500.0,122.68608,29.257,28,160.14,1279.49
455500.0,3286500.0,122.53995,29.70783,28,55.15,25.75
487500.0,3277500.0,122.87088,29.62734,28,115.99,383.82
453500.0,3338500.0,122.51702,30.17703,28,158.1,237.56
540500.0,3205500.0,123.41572,28.97692,28,162.14,191449.6
528500.0,3257500.0,123.29388,29.44658,28,159.42,336.7
520500.0,3290500.0,123.21201,29.74456,28,104.22,3.97
530500.0,3273500.0,123.31495,29.59093,28,123.34,13.0
540500.0,3285500.0,123.41866,29.69894,28,164.41,953.52
552500.0,3262500.0,123.54159,29.49092,28,163.8,6186.52
386500.0,3167500.0,121.83886,28.62959,28,24.8,27.23
401500.0,3156500.0,121.99324,28.53155,28,168.75,233.38
397500.0,3158500.0,121.95218,28.54929,28,17.03,3.22
397500.0,3345500.0,121.93474,30.23675,28,30.51,4.92
447500.0,3200500.0,122.46135,28.93136,28,161.48,13.87
432500.0,3196500.0,122.30769,28.89455,28,19.65,12.55
431500.0,3189500.0,122.29786,28.83132,28,176.61,19.71
433500.0,3250500.0,122.31472,29.38196,28,42.7,4.53
452500.0,3241500.0,122.5109,29.3016,28,175.68,2.45
477500.0,3252500.0,122.76809,29.40157,28,100.09,260.43
487500.0,3309500.0,122.8705,29.91614,28,62.01,1066.49
453500.0,3348500.0,122.51658,30.26727,28,28.36,1822.77
523500.0,3339500.0,123.24411,30.18671,28,85.26,6.84
535500.0,3347500.0,123.36903,30.25861,28,2.47,15551.31
549500.0,3176500.0,123.50683,28.71486,28,164.32,126722.69
414500.0,3221500.0,122.12118,29.1191,28,55.22,2.87
413500.0,3282500.0,122.10611,29.66952,28,150.33,87.83
453500.0,3294500.0,122.51893,29.77996,28,170.61,32.01
459500.0,3329500.0,122.57968,30.09602,28,128.47,1.85
512500.0,3289500.0,123.12926,29.73564,28,57.48,21.25
504500.0,3326500.0,123.04669,30.06961,28,51.49,14.63
525500.0,3349500.0,123.26513,30.27691,28,50.97,2.63
371500.0,3154500.0,121.68689,28.51088,28,3.24,38.8
441500.0,3264500.0,122.39641,29.50871,28,11.8,161.14
460500.0,3206500.0,122.59451,28.98598,28,165.45,394.41
458500.0,3317500.0,122.56977,29.9877,28,162.39,312.3
423500.0,3189500.0,122.21586,28.83087,28,143.61,3.94
426500.0,3202500.0,122.24577,28.94837,28,57.63,9.64
440500.0,3274500.0,122.38555,29.59891,28,165.52,372.15
446500.0,3274500.0,122.44751,29.59918,28,93.91,2.84
467500.0,3262500.0,122.66473,29.4916,28,64.88,7.12
474500.0,3262500.0,122.73694,29.49177,28,109.3,54.73
458500.0,3280500.0,122.5712,29.65379,28,119.11,21.81
456500.0,3297500.0,122.54985,29.80714,28,158.6,1.73
513500.0,3312500.0,123.13989,29.9432,28,60.79,11.51
510500.0,3299500.0,123.10868,29.82591,28,59.71,19.32
505500.0,3334500.0,123.05711,30.1418,28,42.47,33.57
520500.0,3348500.0,123.21313,30.26798,28,87.8,11.2
425500.0,3166500.0,122.23787,28.6234,28,38.52,7.84
435500.0,3196500.0,122.33846,28.89471,28,125.09,105.92
434500.0,3195500.0,122.32826,28.88563,28,78.7,1.34
424500.0,3183500.0,122.22651,28.77678,28,77.52,20.57
443500.0,3339500.0,122.4131,30.18563,28,70.12,71.51
471500.0,3211500.0,122.7073,29.0314,28,68.1,18.8
532500.0,3307500.0,123.33662,29.89772,28,93.5,3.5
518500.0,3221500.0,123.19016,29.12184,28,34.93,3.46
501500.0,3208500.0,123.0154,29.00464,28,122.26,276.31
507500.0,3279500.0,123.07749,29.64543,28,134.54,4.06
393500.0,3334500.0,121.89428,30.13716,28,23.38,7.23
416500.0,3155500.0,122.14661,28.52357,28,97.32,11.39
490500.0,3216500.0,122.90239,29.07681,28,93.09,15.17
515500.0,3274500.0,123.16007,29.60023,28,102.78,2.11
547500.0,3325500.0,123.49279,30.05967,28,99.42,56.3
545500.0,3328500.0,123.47217,30.08682,28,160.85,55.47
496500.0,3285500.0,122.96382,29.6996,28,91.8,1878.0
517500.0,3185500.0,123.17932,28.79692,28,141.2,319665.39
518500.0,3187500.0,123.1896,28.81496,28,107.83,556.5
538500.0,3285500.0,123.39798,29.69901,28,117.59,655.79
504500.0,3143500.0,123.04595,28.41792,28,155.06,118219.51
515500.0,3267500.0,123.15997,29.53706,28,2.87,24.48
505500.0,3290500.0,123.05688,29.74472,27,164.84,54.14
476500.0,3254500.0,122.75774,29.4196,27,44.28,4.53
477500.0,3299500.0,122.76712,29.82575,27,33.27,1.77
366500.0,3175500.0,121.63336,28.69988,27,175.94,1.25
398500.0,3159500.0,121.96232,28.55839,27,88.85,3.19
365500.0,3154500.0,121.6256,28.51027,27,35.61,2.39
388500.0,3226500.0,121.85348,29.1622,27,40.48,2.25
398500.0,3352500.0,121.94446,30.3,27,107.11,3.62
412500.0,3147500.0,122.10634,28.4511,27,73.61,35.85
437500.0,3208500.0,122.3583,29.00311,27,92.69,15.66
450500.0,3212500.0,122.49159,29.03978,27,130.38,11.09
440500.0,3224500.0,122.38825,29.14766,27,29.21,156.12
450500.0,3331500.0,122.48618,30.11374,27,11.84,12.76
475500.0,3244500.0,122.74766,29.32933,27,162.69,630.62
537500.0,3285500.0,123.38765,29.69904,27,70.84,17.12
382500.0,3152500.0,121.79948,28.49387,27,115.1,2.5
411500.0,3286500.0,122.08511,29.70547,27,148.2,1.7
475500.0,3295500.0,122.74651,29.78961,27,0.49,5.37
517500.0,3289500.0,123.18097,29.73558,27,127.95,504.35
369500.0,3174500.0,121.66418,28.69116,27,87.2,2.22
373500.0,3163500.0,121.70634,28.59229,27,78.52,47.89
382500.0,3226500.0,121.7918,29.16166,27,153.49,12.25
394500.0,3330500.0,121.90506,30.10116,27,65.08,110.47
419500.0,3163500.0,122.17671,28.59596,27,47.08,33.73
430500.0,3165500.0,122.28908,28.61465,27,46.54,80.88
408500.0,3206500.0,122.06075,28.98331,27,114.9,3.39
448500.0,3290500.0,122.4674,29.74366,27,2.18,2.91
476500.0,3261500.0,122.75759,29.48278,27,112.17,9.76
462500.0,3265500.0,122.61304,29.51854,27,65.47,13.65
455500.0,3314500.0,122.53879,29.96052,27,127.62,17.58
500500.0,3205500.0,123.00513,28.97756,27,70.59,32.63
500500.0,3326500.0,123.00519,30.06962,27,52.34,4.42
397500.0,3144500.0,121.95343,28.42293,27,89.17,2.95
399500.0,3156500.0,121.9728,28.53139,27,63.62,2.46
393500.0,3178500.0,121.90943,28.72946,27,52.13,2.78
373500.0,3189500.0,121.70344,28.82692,27,129.69,7.55
401500.0,3207500.0,121.98881,28.99181,27,62.21,2.0
388500.0,3282500.0,121.84779,29.66752,27,31.54,3.71
408500.0,3158500.0,122.06462,28.55011,27,179.59,1.77
425500.0,3179500.0,122.23702,28.74073,27,96.34,2.33
409500.0,3213500.0,122.07045,29.04656,27,79.73,13.58
445500.0,3242500.0,122.43877,29.31034,27,55.82,18.16
451500.0,3305500.0,122.49775,29.87915,27,61.1,3.0
410500.0,3293500.0,122.0742,29.76857,27,85.64,4.01
465500.0,3275500.0,122.64368,29.60888,27,145.62,786.1
460500.0,3279500.0,122.5919,29.64483,27,3.71,10.07
372500.0,3154500.0,121.69711,28.51098,27,4.56,22.43
421500.0,3221500.0,122.19313,29.11955,27,127.03,2.65
424500.0,3288500.0,122.21935,29.72438,27,50.69,73.95
403500.0,3276500.0,122.00331,29.61464,27,135.2,74.32
447500.0,3286500.0,122.45725,29.70752,27,166.2,17.31
442500.0,3334500.0,122.40298,30.14046,27,153.02,43.36
414500.0,3349500.0,122.11107,30.27416,27,51.47,1.81
480500.0,3293500.0,122.79828,29.77165,27,0.27,30.46
509500.0,3286500.0,123.09821,29.70859,27,50.13,2.13
352500.0,3297500.0,121.47383,29.79909,27,83.4,1.62
399500.0,3207500.0,121.96828,28.99166,27,168.24,3.87
410500.0,3158500.0,122.08506,28.55025,27,88.14,6.62
416500.0,3182500.0,122.14464,28.76726,27,68.01,146.73
437500.0,3262500.0,122.35526,29.49046,27,61.84,4.09
446500.0,3293500.0,122.44657,29.77065,27,130.78,4.72
478500.0,3288500.0,122.77769,29.72649,27,9.11,46.51
489500.0,3270500.0,122.8916,29.56418,27,111.63,8.5
496500.0,3337500.0,122.96365,30.16889,27,168.0,2368.2
462500.0,3213500.0,122.61481,29.04922,27,161.97,745.79
372500.0,3144500.0,121.69822,28.42073,27,72.25,4.8
397500.0,3167500.0,121.95138,28.63051,27,134.46,127.67
370500.0,3327500.0,121.6564,30.07178,27,21.68,1.29
412500.0,3221500.0,122.10063,29.11896,27,121.07,16.13
464500.0,3223500.0,122.63503,29.13953,27,156.29,169.46
533500.0,3256500.0,123.34541,29.43743,27,16.18,39.28
526500.0,3316500.0,123.2747,29.97909,27,153.17,1.86
513500.0,3333500.0,123.14016,30.13272,27,73.07,2.75
407500.0,3211500.0,122.05007,29.02836,27,27.53,4.68
425500.0,3334500.0,122.22649,30.13954,27,36.07,4.99
540500.0,3338500.0,123.42066,30.17724,27,94.97,74.28
391500.0,3149500.0,121.89171,28.46757,27,72.4,4.82
439500.0,3163500.0,122.38124,28.59705,27,59.64,48.46
441500.0,3157500.0,122.402,28.54299,27,151.24,1498.54
419500.0,3193500.0,122.17458,28.86673,27,79.08,13.52
463500.0,3194500.0,122.6257,28.87776,27,54.0,85.27
477500.0,3284500.0,122.76743,29.69038,27,171.83,13.26
494500.0,3287500.0,122.94313,29.71764,27,2.66,3.87
478500.0,3300500.0,122.77745,29.83479,27,159.04,4.93
461500.0,3311500.0,122.60109,29.93365,27,80.81,8.99
379500.0,3277500.0,121.75536,29.62157,27,36.45,22.07
401500.0,3292500.0,121.9812,29.75886,27,4.55,6.0
407500.0,3158500.0,122.0544,28.55004,27,75.36,4.13
447500.0,3292500.0,122.45696,29.76167,27,68.96,2.57
423500.0,3297500.0,122.20838,29.80553,27,109.13,17.84
462500.0,3221500.0,122.61454,29.12143,27,163.0,10655.56
510500.0,3218500.0,123.1079,29.09486,27,135.65,35.42
526500.0,3288500.0,123.27401,29.7264,27,40.93,2.78
385500.0,3143500.0,121.83102,28.41291,27,9.21,26.51
371500.0,3167500.0,121.68544,28.62819,27,152.71,22.38
391500.0,3158500.0,121.89086,28.5488,27,30.51,37.84
375500.0,3188500.0,121.72405,28.81809,27,31.9,44.6
440500.0,3198500.0,122.38963,28.913,27,82.51,6.84
404500.0,3221500.0,122.01841,29.11839,27,49.69,157.13
430500.0,3259500.0,122.28324,29.46302,27,31.63,1.91
487500.0,3278500.0,122.87086,29.63637,27,166.38,1045.48
460500.0,3352500.0,122.5892,30.30361,27,67.99,18.76
459500.0,3350500.0,122.57887,30.28553,27,54.58,60.25
385500.0,3167500.0,121.82863,28.62951,27,23.87,5.36
354500.0,3174500.0,121.51068,28.68956,27,170.75,14.39
416500.0,3158500.0,122.14639,28.55065,27,54.47,151.07
422500.0,3228500.0,122.20292,29.18279,27,80.34,3.3
422500.0,3227500.0,122.20299,29.17376,27,60.7,7.69
417500.0,3224500.0,122.1518,29.14637,27,27.58,4.91
415500.0,3235500.0,122.1304,29.24551,27,8.97,7.81
425500.0,3256500.0,122.23188,29.43566,27,73.26,9.6
426500.0,3254500.0,122.24232,29.41767,27,75.25,6.34
425500.0,3239500.0,122.23303,29.28224,27,44.38,4.79
451500.0,3241500.0,122.5006,29.30156,27,23.92,3.53
433500.0,3241500.0,122.31527,29.30074,27,83.66,325.57
431500.0,3247500.0,122.2943,29.35478,27,31.28,6.27
422500.0,3265500.0,122.20032,29.5167,27,68.09,8.77
440500.0,3334500.0,122.38222,30.14036,27,71.87,2.87
487500.0,3261500.0,122.87106,29.48294,27,76.48,2.54
453500.0,3242500.0,122.52115,29.31066,27,130.06,294.77
488500.0,3282500.0,122.88115,29.67248,27,0.77,2.9
472500.0,3277500.0,122.71593,29.6271,27,115.84,3.73
494500.0,3302500.0,122.94306,29.85302,27,99.13,6.52
454500.0,3335500.0,122.52753,30.14999,27,29.41,7.91
454500.0,3346500.0,122.52706,30.24926,27,109.75,32.43
507500.0,3290500.0,123.07756,29.74471,27,78.43,6.78
503500.0,3315500.0,123.03628,29.97035,27,121.72,6.57
502500.0,3313500.0,123.02591,29.9523,27,62.56,3.18
520500.0,3338500.0,123.21293,30.17774,27,175.68,35.88
516500.0,3337500.0,123.17137,30.16878,27,140.89,50.26
381500.0,3318500.0,121.7715,29.99169,27,114.53,94.63
432500.0,3208500.0,122.30697,29.00286,27,109.49,7.64
443500.0,3231500.0,122.41874,29.21097,27,75.34,14.81
440500.0,3278500.0,122.38533,29.63501,27,83.87,2.29
470500.0,3292500.0,122.69486,29.76243,27,82.58,12.71
469500.0,3297500.0,122.68437,29.80753,27,5.85,1179.14
485500.0,3320500.0,122.84964,30.01539,27,109.31,3.65
506500.0,3258500.0,123.06703,29.45591,27,78.62,358.95
500500.0,3245500.0,123.00515,29.3386,27,112.82,44.85
527500.0,3316500.0,123.28507,29.97907,27,78.29,3.56
509500.0,3324500.0,123.09855,30.05154,27,90.53,2.81
524500.0,3342500.0,123.25457,30.21376,27,145.43,86.9
536500.0,3329500.0,123.37881,30.09615,27,139.3,19.62
382500.0,3156500.0,121.79907,28.52997,27,32.56,24.0
413500.0,3187500.0,122.11353,28.81218,27,46.77,22.38
422500.0,3226500.0,122.20306,29.16474,27,178.48,3.1
439500.0,3256500.0,122.37622,29.43641,27,87.64,2.9
455500.0,3310500.0,122.53896,29.92442,27,92.41,27.79
454500.0,3300500.0,122.52903,29.83414,27,153.3,9.65
456500.0,3310500.0,122.54932,29.92446,27,87.6,18.92
485500.0,3325500.0,122.84957,30.06051,27,109.36,1.63
513500.0,3255500.0,123.13918,29.42878,27,82.07,683.4
526500.0,3292500.0,123.27411,29.7625,27,81.93,15.62
539500.0,3338500.0,123.41028,30.17727,27,105.65,3.08
425500.0,3208500.0,122.23511,29.00247,27,149.54,286.04
436500.0,3235500.0,122.3465,29.24674,27,82.11,3.6
444500.0,3220500.0,122.42957,29.11174,27,83.57,4.47
436500.0,3251500.0,122.34558,29.39114,27,56.38,5.1
447500.0,3274500.0,122.45783,29.59922,27,93.3,2.8
449500.0,3322500.0,122.47623,30.03248,27,95.15,6.64
547500.0,3327500.0,123.49288,30.07772,27,51.87,33.3
521500.0,3319500.0,123.22293,30.00626,27,84.7,118.87
539500.0,3288500.0,123.40843,29.72605,27,78.57,5.42
392500.0,3177500.0,121.89929,28.72035,27,66.54,43.55
414500.0,3155500.0,122.12617,28.52344,27,174.1,1127.57
415500.0,3265500.0,122.12809,29.51624,27,111.12,1.74
544500.0,3279500.0,123.45976,29.64466,27,60.72,15.27
508500.0,3297500.0,123.08796,29.80788,27,162.2,826.19
535500.0,3324500.0,123.36826,30.05106,27,2.32,39.6
445500.0,3352500.0,122.4332,30.30303,27,89.64,7.54
536500.0,3293500.0,123.37758,29.77127,27,84.05,36.78
543500.0,3342500.0,123.45199,30.21323,27,7.34,487.67
544500.0,3342500.0,123.46238,30.2132,27,0.2,38.5
536500.0,3292500.0,123.37755,29.76224,27,159.0,152.21
519500.0,3255500.0,123.20104,29.4287,27,168.99,820.39
287500.0,3323500.0,120.79647,30.02409,26,94.41,18.9
441500.0,3242500.0,122.39758,29.31016,26,137.04,48.07
444500.0,3279500.0,122.4266,29.64422,26,66.35,1.73
441500.0,3331500.0,122.39277,30.11334,26,56.76,1.9
410500.0,3345500.0,122.06983,30.23778,26,64.25,2.78
479500.0,3258500.0,122.78859,29.45576,26,76.6,6.31
483500.0,3304500.0,122.82914,29.87097,26,169.63,2.3
483500.0,3297500.0,122.82925,29.80779,26,80.95,49.08
434500.0,3277500.0,122.32341,29.62568,26,66.41,40.6
472500.0,3271500.0,122.71608,29.57295,26,70.99,2.24
493500.0,3324500.0,122.93257,30.05155,26,75.15,10.42
501500.0,3287500.0,123.01551,29.71765,26,153.05,1.4
502500.0,3306500.0,123.02589,29.88913,26,177.93,92.35
503500.0,3300500.0,123.03623,29.83497,26,74.55,3.75
516500.0,3295500.0,123.17072,29.78975,26,31.98,3.19
506500.0,3302500.0,123.0673,29.85301,26,174.14,2.87
507500.0,3294500.0,123.07759,29.78081,26,71.55,18.1
401500.0,3280500.0,121.98229,29.65057,26,79.19,3.3
374500.0,3195500.0,121.71303,28.88116,26,58.45,2.08
412500.0,3154500.0,122.10581,28.51428,26,166.56,198.87
412500.0,3155500.0,122.10573,28.52331,26,62.07,4.76
425500.0,3161500.0,122.2382,28.57827,26,18.84,12.25
435500.0,3207500.0,122.33783,28.99399,26,4.57,22.85
418500.0,3196500.0,122.16411,28.89374,26,51.85,10.95
442500.0,3210500.0,122.40953,29.0214,26,54.25,27.29
403500.0,3218500.0,122.00839,29.09124,26,168.93,410.79
427500.0,3244500.0,122.25329,29.32748,26,179.83,3.46
436500.0,3241500.0,122.34615,29.30089,26,165.86,153.22
433500.0,3257500.0,122.3143,29.44513,26,58.68,6.59
428500.0,3245500.0,122.26353,29.33656,26,29.7,34.16
453500.0,3235500.0,122.52145,29.24748,26,59.44,3.84
462500.0,3314500.0,122.61134,29.96075,26,92.29,16.94
518500.0,3313500.0,123.19172,29.95216,26,20.74,4.38
536500.0,3351500.0,123.37957,30.29468,26,38.12,1566.47
378500.0,3352500.0,121.73651,30.29815,26,7.78,1.66
490500.0,3276500.0,122.90187,29.61834,26,0.08,2.01
500500.0,3261500.0,123.00516,29.483,26,154.53,18694.37
437500.0,3253500.0,122.35577,29.40924,26,74.34,8.1
492500.0,3282500.0,122.92249,29.67251,26,176.11,12.19
506500.0,3333500.0,123.06748,30.13278,26,59.25,2.84
449500.0,3210500.0,122.48141,29.02169,26,114.84,1.59
448500.0,3240500.0,122.46976,29.29242,26,43.74,87.98
406500.0,3243500.0,122.03711,29.31707,26,111.52,1.19
465500.0,3292500.0,122.64314,29.7623,26,142.74,13.27
491500.0,3321500.0,122.91185,30.02447,26,21.93,24.7
503500.0,3331500.0,123.03633,30.11474,26,33.42,91.98
374500.0,3153500.0,121.71765,28.50215,26,73.57,3.89
374500.0,3164500.0,121.71645,28.60141,26,165.51,13.26
380500.0,3183500.0,121.77581,28.77344,26,50.96,3.87
401500.0,3287500.0,121.98166,29.71374,26,56.54,2.36
397500.0,3340500.0,121.93523,30.19164,26,7.9,8.32
421500.0,3177500.0,122.1962,28.72244,26,70.16,5.27
426500.0,3185500.0,122.24687,28.79494,26,52.32,4.51
439500.0,3214500.0,122.37851,29.05736,26,134.67,138.29
433500.0,3288500.0,122.3124,29.7249,26,171.1,5.76
430500.0,3277500.0,122.28209,29.62546,26,111.36,3.4
447500.0,3299500.0,122.45662,29.82484,26,4.56,49.81
454500.0,3254500.0,122.53095,29.419,26,53.73,120.1
469500.0,3270500.0,122.68513,29.56386,26,154.65,3.26
455500.0,3274500.0,122.54045,29.59953,26,22.89,54.46
470500.0,3325500.0,122.69395,30.06024,26,75.84,71.39
457500.0,3352500.0,122.558,30.30351,26,78.59,30.31
373500.0,3152500.0,121.70755,28.49303,26,25.58,28.72
372500.0,3148500.0,121.69778,28.45683,26,85.34,4.24
377500.0,3144500.0,121.74926,28.42121,26,98.55,6.23
396500.0,3167500.0,121.94115,28.63043,26,133.31,59.24
394500.0,3180500.0,121.91949,28.74759,26,56.16,159.02
381500.0,3192500.0,121.78511,28.85475,26,80.01,7.51
394500.0,3285500.0,121.90949,29.69512,26,34.85,7.3
379500.0,3344500.0,121.74782,30.22608,26,62.98,217.42
427500.0,3175500.0,122.25776,28.70474,26,177.92,182.59
413500.0,3208500.0,122.11191,29.00171,26,47.01,36.11
409500.0,3220500.0,122.06988,29.10973,26,139.16,4.24
407500.0,3220500.0,122.04933,29.10958,26,142.73,14.87
447500.0,3293500.0,122.45691,29.77069,26,91.91,30.37
470500.0,3276500.0,122.6953,29.61803,26,37.15,6.12
511500.0,3310500.0,123.11915,29.92517,26,163.83,32.07
517500.0,3332500.0,123.18167,30.12364,26,58.02,3.21
515500.0,3341500.0,123.16104,30.20489,26,63.08,2.91
398500.0,3261500.0,121.95307,29.47888,26,25.29,3.76
438500.0,3223500.0,122.36774,29.13854,26,68.01,53.98
434500.0,3256500.0,122.32467,29.43616,26,20.23,2.67
443500.0,3276500.0,122.41642,29.6171,26,115.32,2.8
412500.0,3284500.0,122.09561,29.68749,26,30.37,1.61
498500.0,3256500.0,122.98453,29.43787,26,39.92,4.68
459500.0,3261500.0,122.58224,29.48235,26,54.34,25.62
461500.0,3279500.0,122.60223,29.64486,26,163.1,10.59
508500.0,3300500.0,123.08799,29.83495,26,92.3,28.96
509500.0,3332500.0,123.09862,30.12373,26,100.14,352.0
364500.0,3159500.0,121.61479,28.55529,26,34.65,3.67
408500.0,3180500.0,122.06286,28.74866,26,51.08,242.93
464500.0,3222500.0,122.63507,29.13051,26,85.33,12.6
461500.0,3215500.0,122.60447,29.06724,26,159.64,453.76
464500.0,3209500.0,122.63548,29.01317,26,163.52,6367.7
494500.0,3222500.0,122.94346,29.13099,26,138.37,813.09
487500.0,3211500.0,122.87162,29.03166,26,149.84,143.2
485500.0,3277500.0,122.85022,29.62732,26,107.46,6.59
485500.0,3326500.0,122.84955,30.06954,26,175.17,2.32
518500.0,3174500.0,123.18939,28.69762,26,97.7,136.33
399500.0,3144500.0,121.97385,28.42309,26,152.97,120.82
462500.0,3225500.0,122.6144,29.15753,26,167.37,123401.78
469500.0,3224500.0,122.68641,29.14869,26,159.19,426.69
465500.0,3273500.0,122.64375,29.59083,26,147.38,472.2
523500.0,3271500.0,123.24262,29.57303,26,165.74,1330.03
538500.0,3269500.0,123.39742,29.55461,26,153.53,582.69
512500.0,3309500.0,123.1295,29.91614,26,60.35,10.49
527500.0,3318500.0,123.28512,29.99712,26,71.96,113.0
519500.0,3328500.0,123.20236,30.08751,26,116.74,212.77
410500.0,3203500.0,122.08151,28.95638,26,47.61,408.54
407500.0,3260500.0,122.04598,29.47056,26,176.41,8.2
477500.0,3263500.0,122.76787,29.50085,26,162.43,968.39
487500.0,3314500.0,122.87045,29.96126,26,137.76,24.09
499500.0,3346500.0,122.9948,30.25011,26,94.15,28.64
416500.0,3159500.0,122.14632,28.55967,26,140.85,1.36
421500.0,3271500.0,122.18957,29.57078,26,84.53,39.74
453500.0,3351500.0,122.51644,30.29434,26,150.94,72.75
373500.0,3155500.0,121.70722,28.5201,26,30.91,2.31
399500.0,3254500.0,121.96403,29.4158,26,83.01,19.42
460500.0,3198500.0,122.59479,28.91377,26,69.71,256.9
489500.0,3233500.0,122.89196,29.23024,26,164.86,10382.32
504500.0,3328500.0,123.0467,30.08766,26,56.46,4.31
382500.0,3168500.0,121.79784,28.63826,26,91.81,1696.26
382500.0,3193500.0,121.79526,28.86387,26,111.66,2.9
428500.0,3205500.0,122.2661,28.97556,26,48.26,4.86
415500.0,3262500.0,122.12832,29.48917,26,169.04,275.62
447500.0,3294500.0,122.45686,29.77972,26,169.77,59.22
476500.0,3230500.0,122.75825,29.20299,26,156.08,971.11
492500.0,3256500.0,122.92267,29.43785,26,158.49,682.82
480500.0,3263500.0,122.79882,29.5009,26,71.54,12.25
374500.0,3179500.0,121.7148,28.73678,26,95.44,70.32
399500.0,3174500.0,121.97122,28.69384,26,60.68,10.05
434500.0,3156500.0,122.33051,28.53363,26,54.39,292.5
419500.0,3253500.0,122.17024,29.40822,26,52.55,3.88
463500.0,3188500.0,122.62589,28.8236,26,58.28,64.67
471500.0,3191500.0,122.70781,28.85088,26,160.19,2566.55
470500.0,3220500.0,122.6968,29.11261,26,34.8,105.67
495500.0,3241500.0,122.95366,29.30248,26,128.5,39.21
456500.0,3303500.0,122.54961,29.86129,26,85.12,2.16
504500.0,3313500.0,123.04664,29.95229,26,178.09,8.23
383500.0,3152500.0,121.8097,28.49396,26,98.82,10.42
393500.0,3181500.0,121.90915,28.75653,26,58.83,52.87
389500.0,3327500.0,121.85349,30.07365,26,159.4,1.87
434500.0,3169500.0,122.32976,28.65096,26,47.56,18.82
448500.0,3305500.0,122.46668,29.87903,26,138.12,9.33
449500.0,3330500.0,122.47585,30.10467,26,128.58,2.27
459500.0,3207500.0,122.58421,28.99497,26,178.08,3.99
453500.0,3195500.0,122.52311,28.88646,26,85.71,3.99
510500.0,3261500.0,123.10831,29.48296,26,77.84,39.33
548500.0,3321500.0,123.50298,30.02354,26,98.52,2.94
377500.0,3187500.0,121.74465,28.80926,26,31.22,169.19
372500.0,3215500.0,121.69025,29.06143,26,124.96,2.78
390500.0,3218500.0,121.87483,29.09018,26,74.49,159.67
373500.0,3212500.0,121.70086,29.03446,26,122.51,7.17
402500.0,3236500.0,121.99654,29.2536,26,55.77,21.39
401500.0,3254500.0,121.98464,29.41596,26,23.51,5.06
379500.0,3319500.0,121.75066,30.00052,26,29.94,5.0
385500.0,3334500.0,121.81124,30.13643,26,88.43,77.83
440500.0,3192500.0,122.38995,28.85885,26,73.24,9.4
416500.0,3216500.0,122.14211,29.07411,26,41.4,67.57
450500.0,3285500.0,122.48831,29.69862,26,118.41,2.29
420500.0,3315500.0,122.176,29.96777,26,15.06,9554.74
488500.0,3318500.0,122.88077,29.99737,26,167.2,2.92
499500.0,3301500.0,122.99482,29.844,26,120.28,2.27
454500.0,3297500.0,122.52915,29.80707,26,175.32,346.22
454500.0,3341500.0,122.52727,30.20414,26,59.32,74.3
459500.0,3347500.0,122.57899,30.25846,26,43.05,19.35
552500.0,3261500.0,123.54154,29.4819,26,160.03,15972.08
378500.0,3149500.0,121.75894,28.46643,26,16.91,173.86
373500.0,3181500.0,121.70434,28.75473,26,5.61,943.41
373500.0,3182500.0,121.70423,28.76375,26,5.89,1335.82
392500.0,3227500.0,121.89451,29.17157,26,26.05,7.86
446500.0,3196500.0,122.45128,28.89521,26,161.5,108.56
416500.0,3253500.0,122.13932,29.40802,26,68.74,1.51
429500.0,3260500.0,122.27286,29.47199,26,30.36,1.59
448500.0,3256500.0,122.46901,29.43682,26,56.7,57.64
417500.0,3245500.0,122.15023,29.33589,26,82.22,5.96
437500.0,3275500.0,122.35451,29.60779,26,32.11,10.78
489500.0,3282500.0,122.89149,29.67249,26,86.69,54.44
471500.0,3277500.0,122.7056,29.62708,26,125.51,5.78
462500.0,3316500.0,122.61127,29.9788,26,79.35,1.81
517500.0,3254500.0,123.18041,29.4197,26,102.85,2.56
511500.0,3314500.0,123.11919,29.96127,26,173.05,2.81
510500.0,3313500.0,123.10882,29.95226,26,26.52,9.58
524500.0,3292500.0,123.25342,29.76254,26,163.95,29.54
505500.0,3315500.0,123.05701,29.97034,26,133.99,4.55
521500.0,3322500.0,123.22299,30.03333,26,82.58,2.11
526500.0,3319500.0,123.27478,30.00616,26,58.59,94.46
523500.0,3336500.0,123.24405,30.15964,26,39.77,8.19
543500.0,3327500.0,123.45137,30.07787,26,124.33,120.77
417500.0,3148500.0,122.15733,28.46045,26,56.5,47.7
430500.0,3225500.0,122.28538,29.15618,26,60.52,26.39
425500.0,3250500.0,122.23229,29.38151,26,99.11,5.18
449500.0,3296500.0,122.47746,29.79785,26,136.93,4.14
531500.0,3284500.0,123.32559,29.69018,26,129.31,44.14
524500.0,3328500.0,123.25425,30.08742,26,114.28,1.91
540500.0,3344500.0,123.42089,30.23138,26,96.36,30.23
435500.0,3218500.0,122.33719,29.09326,26,27.1,72.84
477500.0,3183500.0,122.76948,28.77879,26,162.18,141.61
473500.0,3186500.0,122.72843,28.8058,26,155.31,5181.84
469500.0,3198500.0,122.68712,28.91402,26,81.06,100.06
472500.0,3185500.0,122.71821,28.79675,26,157.02,272.75
453500.0,3215500.0,122.52228,29.06697,26,132.94,94.16
454500.0,3334500.0,122.52758,30.14097,26,40.42,4.61
545500.0,3206500.0,123.46708,28.98578,26,156.84,2725.55
416500.0,3160500.0,122.14625,28.5687,26,73.97,7.58
437500.0,3202500.0,122.35864,28.94896,26,60.43,196.61
425500.0,3184500.0,122.23669,28.78586,26,75.35,79.09
422500.0,3231500.0,122.20271,29.20986,26,120.36,2.08
443500.0,3285500.0,122.41595,29.69832,26,170.69,174.88
495500.0,3284500.0,122.95349,29.69057,26,135.02,4.04
452500.0,3293500.0,122.50863,29.77089,26,130.04,14.13
459500.0,3335500.0,122.57945,30.15017,26,96.06,14.5
456500.0,3341500.0,122.54805,30.20421,26,102.27,12.24
520500.0,3342500.0,123.21301,30.21384,26,158.66,353.24
409500.0,3158500.0,122.07484,28.55018,26,89.25,1.88
412500.0,3195500.0,122.10266,28.88432,26,98.58,23.59
419500.0,3211500.0,122.17329,29.02918,26,150.17,4.77
432500.0,3243500.0,122.30485,29.31873,26,17.47,28.08
451500.0,3291500.0,122.49838,29.7528,26,153.58,1.44
437500.0,3353500.0,122.34995,30.31166,26,30.98,62.95
468500.0,3213500.0,122.67644,29.04938,26,83.21,21.36
461500.0,3295500.0,122.60166,29.78926,26,51.23,4.11
514500.0,3273500.0,123.14973,29.59122,26,7.68,1.99
552500.0,3334500.0,123.5451,30.14069,26,105.6,37.4
446500.0,3236500.0,122.44936,29.25623,26,144.13,1475.72
402500.0,3172500.0,122.0021,28.67602,26,36.98,11.34
381500.0,3321500.0,121.77117,30.01876,26,65.86,1.59
406500.0,3150500.0,122.04483,28.47776,26,160.94,181.74
429500.0,3246500.0,122.27376,29.34564,26,147.65,146.94
449500.0,3279500.0,122.47825,29.64443,26,156.94,3.83
491500.0,3210500.0,122.91271,29.02267,26,172.37,405.75
463500.0,3293500.0,122.62242,29.77127,26,144.18,1.79
518500.0,3245500.0,123.19056,29.33846,26,2.47,57.72
536500.0,3299500.0,123.37778,29.82541,26,32.75,147.14
535500.0,3328500.0,123.3684,30.08715,26,10.2,617.17
546500.0,3328500.0,123.48254,30.08678,26,162.53,42.81
549500.0,3339500.0,123.51419,30.18593,26,100.71,222.31
525500.0,3333500.0,123.26474,30.13253,26,77.21,3.22
529500.0,3277500.0,123.30473,29.62706,26,2.07,609387125.35
537500.0,3294500.0,123.38796,29.78026,26,97.29,37.28
444500.0,3338500.0,122.42354,30.17665,26,0.12,5885.14
510500.0,3349500.0,123.10917,30.27714,26,108.11,77.88
436500.0,3238500.0,122.34633,29.27382,25,120.24,30.32
474500.0,3256500.0,122.73708,29.43762,25,12.39,436.67
475500.0,3288500.0,122.74667,29.72644,25,85.89,1.82
467500.0,3307500.0,122.66338,29.89772,25,93.44,85.22
458500.0,3300500.0,122.57043,29.83428,25,177.67,3.74
492500.0,3325500.0,122.92219,30.06057,25,135.19,78.63
484500.0,3339500.0,122.83899,30.18684,25,121.0,2.01
398500.0,3343500.0,121.94532,30.21879,25,65.48,36.71
412500.0,3252500.0,122.09818,29.39872,25,176.5,384.47
446500.0,3244500.0,122.44897,29.32843,25,34.67,26.39
415500.0,3348500.0,122.12155,30.26521,25,147.46,7.9
489500.0,3234500.0,122.89195,29.23927,25,168.81,6216.57
472500.0,3255500.0,122.71648,29.42855,25,72.61,2.7
475500.0,3299500.0,122.74642,29.82571,25,176.42,3.08
468500.0,3306500.0,122.67376,29.88873,25,83.11,1.64
500500.0,3290500.0,123.00517,29.74473,25,85.42,12.39
501500.0,3291500.0,123.01551,29.75375,25,10.91,1.85
403500.0,3184500.0,122.01131,28.7844,25,165.5,1958.55
457500.0,3286500.0,122.56063,29.7079,25,99.26,1.93
517500.0,3294500.0,123.18105,29.78071,25,55.68,2.86
371500.0,3150500.0,121.68734,28.47478,25,149.37,44.0
396500.0,3202500.0,121.93795,28.9463,25,72.39,23.26
411500.0,3179500.0,122.09366,28.73985,25,49.65,10.38
439500.0,3203500.0,122.37911,28.95808,25,38.51,3.27
409500.0,3231500.0,122.06898,29.209,25,173.36,40.76
443500.0,3236500.0,122.41848,29.2561,25,154.58,403.83
441500.0,3316500.0,122.39359,29.97798,25,19.0,9.33
484500.0,3277500.0,122.83989,29.62731,25,16.3,80.45
455500.0,3275500.0,122.54041,29.60856,25,7.53,1.54
488500.0,3307500.0,122.88089,29.8981,25,31.91,4.28
452500.0,3353500.0,122.50595,30.31235,25,156.12,4253.79
526500.0,3343500.0,123.27538,30.22275,25,92.7,12.41
522500.0,3342500.0,123.23379,30.2138,25,150.62,59.1
504500.0,3351500.0,123.0468,30.29522,25,80.94,20.31
483500.0,3272500.0,122.82963,29.58217,25,74.92,20.39
468500.0,3269500.0,122.67484,29.55481,25,153.67,3.99
532500.0,3334500.0,123.33745,30.14138,25,22.94,143.14
387500.0,3163500.0,121.84948,28.59358,25,96.15,2.13
462500.0,3345500.0,122.61025,30.24051,25,88.04,113.42
517500.0,3268500.0,123.18063,29.54606,25,101.24,191.31
509500.0,3293500.0,123.09827,29.77177,25,84.73,2.98
545500.0,3345500.0,123.4729,30.24023,25,23.33,51.49
384500.0,3173500.0,121.8178,28.68356,25,31.48,28.76
404500.0,3174500.0,122.0224,28.69422,25,170.57,1.38
421500.0,3237500.0,122.192,29.26395,25,2.77,5.93
400500.0,3157500.0,121.98293,28.54049,25,39.33,1.84
395500.0,3196500.0,121.92825,28.89207,25,81.8,5.83
393500.0,3348500.0,121.89287,30.26348,25,77.04,1812.17
403500.0,3178500.0,122.01182,28.73025,25,48.71,7.22
443500.0,3192500.0,122.42071,28.85898,25,134.86,122.97
442500.0,3198500.0,122.41015,28.91309,25,53.73,15.15
450500.0,3199500.0,122.49217,28.92245,25,85.98,59.64
440500.0,3216500.0,122.38868,29.07546,25,79.88,3.87
440500.0,3217500.0,122.38862,29.08448,25,18.73,4.19
451500.0,3306500.0,122.4977,29.88817,25,68.67,20.38
462500.0,3269500.0,122.61291,29.55464,25,58.7,337.52
378500.0,3166500.0,121.75714,28.61984,25,111.73,3.77
379500.0,3194500.0,121.7644,28.87261,25,122.19,132.3
367500.0,3220500.0,121.63831,29.10604,25,144.63,1.55
387500.0,3354500.0,121.82987,30.31707,25,5.39,194.19
421500.0,3222500.0,122.19306,29.12858,25,171.23,19.18
409500.0,3218500.0,122.07004,29.09168,25,107.1,9.89
409500.0,3248500.0,122.06759,29.36241,25,17.04,776.38
419500.0,3236500.0,122.17149,29.2548,25,84.33,3.49
429500.0,3279500.0,122.27163,29.64346,25,20.19,11.21
457500.0,3278500.0,122.56094,29.6357,25,63.18,119.57
506500.0,3225500.0,123.06684,29.15807,25,164.15,626.18
509500.0,3267500.0,123.09805,29.53712,25,69.88,6.14
511500.0,3319500.0,123.11924,30.0064,25,48.41,9.96
375500.0,3186500.0,121.72427,28.80004,25,22.04,10.47
445500.0,3195500.0,122.44107,28.88615,25,6.56,26.73
437500.0,3193500.0,122.35914,28.86773,25,130.56,6.81
434500.0,3222500.0,122.32668,29.12931,25,33.49,5.69
446500.0,3268500.0,122.4478,29.54503,25,136.08,1.84
489500.0,3243500.0,122.89186,29.3205,25,82.21,37.46
489500.0,3244500.0,122.89185,29.32953,25,85.13,9.65
498500.0,3277500.0,122.98451,29.6274,25,8.24,3.85
460500.0,3264500.0,122.59244,29.50945,25,162.26,56.07
488500.0,3273500.0,122.88125,29.59125,25,139.1,3.85
473500.0,3275500.0,122.72631,29.60907,25,12.93,4.48
496500.0,3293500.0,122.96379,29.7718,25,104.27,3.03
509500.0,3300500.0,123.09834,29.83494,25,71.87,9.51
508500.0,3313500.0,123.08809,29.95227,25,5.34,7.22
389500.0,3331500.0,121.85308,30.10974,25,167.59,112.99
431500.0,3152500.0,122.30008,28.49737,25,147.35,1101.0
434500.0,3160500.0,122.33028,28.56973,25,54.39,595.36
468500.0,3227500.0,122.67604,29.17574,25,76.86,151.7
411500.0,3150500.0,122.0959,28.47811,25,76.92,40.25
438500.0,3294500.0,122.36376,29.7793,25,23.64,3.09
462500.0,3223500.0,122.61447,29.13948,25,76.56,156.8
475500.0,3287500.0,122.74669,29.71741,25,66.07,3.38
458500.0,3290500.0,122.57081,29.74403,25,24.6,1.41
484500.0,3278500.0,122.83987,29.63633,25,114.95,185.96
456500.0,3311500.0,122.54928,29.93348,25,61.95,13.15
495500.0,3303500.0,122.95341,29.86205,25,169.94,7.27
471500.0,3293500.0,122.70518,29.77148,25,174.62,163.07
534500.0,3256500.0,123.35572,29.4374,25,19.12,86.62
508500.0,3296500.0,123.08795,29.79885,25,97.02,6.09
364500.0,3177500.0,121.61265,28.71772,25,78.58,1.16
467500.0,3308500.0,122.66335,29.90675,25,63.37,8.28
502500.0,3193500.0,123.02564,28.86925,25,66.13,124.34
504500.0,3322500.0,123.04667,30.03351,25,17.75,2.2
417500.0,3159500.0,122.15654,28.55974,25,13.44,3.71
443500.0,3275500.0,122.41647,29.60807,25,67.3,782.02
459500.0,3260500.0,122.58227,29.47332,25,48.66,114.0
469500.0,3239500.0,122.686,29.28407,25,36.97,10.18
516500.0,3252500.0,123.17007,29.40166,25,29.31,43.8
389500.0,3143500.0,121.87185,28.41326,25,19.99,3.11
373500.0,3156500.0,121.70711,28.52912,25,54.57,66.67
399500.0,3213500.0,121.96775,29.0458,25,81.12,1.47
406500.0,3189500.0,122.04163,28.82974,25,70.5,43.53
420500.0,3343500.0,122.1739,30.22043,25,146.49,16.4
540500.0,3286500.0,123.41869,29.70797,25,65.81,30.29
379500.0,3185500.0,121.76536,28.7914,25,76.75,33.53
402500.0,3290500.0,121.99172,29.74089,25,168.81,1.13
476500.0,3231500.0,122.75823,29.21202,25,128.39,131.49
549500.0,3335500.0,123.514,30.14984,25,171.85,69.36
400500.0,3343500.0,121.9661,30.21896,25,14.65,113.04
440500.0,3166500.0,122.39131,28.62417,25,148.62,454.82
436500.0,3157500.0,122.35089,28.54275,25,144.4,422.67
404500.0,3156500.0,122.0239,28.53177,25,78.45,23.32
436500.0,3161500.0,122.35067,28.57886,25,148.75,6337.13
422500.0,3258500.0,122.20081,29.45353,25,102.95,493.73
406500.0,3266500.0,122.03515,29.52463,25,112.35,15.22
437500.0,3297500.0,122.35324,29.80632,25,98.41,6.03
461500.0,3197500.0,122.60509,28.90478,25,159.23,451.05
464500.0,3189500.0,122.63611,28.83266,25,146.13,436.66
517500.0,3257500.0,123.18045,29.44678,25,115.86,8.05
369500.0,3149500.0,121.66703,28.46556,25,106.46,18.84
400500.0,3170500.0,121.9818,28.65782,25,51.09,3.96
372500.0,3164500.0,121.696,28.60122,25,96.87,10.84
401500.0,3213500.0,121.98829,29.04596,25,70.48,146.67
376500.0,3328500.0,121.71852,30.08142,25,100.03,374.62
433500.0,3169500.0,122.31953,28.65091,25,21.94,14.66
410500.0,3218500.0,122.08032,29.09175,25,116.22,12.45
499500.0,3281500.0,122.99483,29.66351,25,50.55,2.13
516500.0,3255500.0,123.17011,29.42874,25,14.9,59.14
525500.0,3287500.0,123.26365,29.71739,25,144.01,124.69
541500.0,3327500.0,123.43062,30.07794,25,51.69,138.2
396500.0,3159500.0,121.94187,28.55823,25,66.65,128.02
369500.0,3156500.0,121.66623,28.52873,25,43.71,11.68
384500.0,3196500.0,121.81545,28.89112,25,65.09,103.22
382500.0,3198500.0,121.79474,28.90899,25,49.68,1.31
375500.0,3189500.0,121.72394,28.82711,25,16.49,133.96
390500.0,3284500.0,121.86826,29.68575,25,82.55,278.14
381500.0,3279500.0,121.7758,29.6398,25,49.47,1.63
445500.0,3268500.0,122.43748,29.54499,25,52.85,7.75
415500.0,3267500.0,122.12794,29.53429,25,179.84,303.38
436500.0,3294500.0,122.34307,29.7792,25,95.92,13.45
491500.0,3152500.0,122.91315,28.49914,25,170.58,120080.82
464500.0,3215500.0,122.63529,29.06733,25,166.17,536.05
464500.0,3291500.0,122.63283,29.75325,25,126.32,1.49
461500.0,3267500.0,122.60265,29.53656,25,63.2,52.0
452500.0,3304500.0,122.50815,29.87016,25,88.58,69.8
452500.0,3340500.0,122.50654,30.19503,25,49.99,247.75
513500.0,3264500.0,123.13929,29.51,25,72.57,2.24
531500.0,3282500.0,123.32554,29.67213,25,155.78,28.51
376500.0,3169500.0,121.73636,28.64673,25,173.05,2.31
383500.0,3187500.0,121.80613,28.80981,25,109.49,25.64
384500.0,3186500.0,121.81647,28.80088,25,9.93,3.24
408500.0,3142500.0,122.06589,28.4057,25,32.69,51.41
428500.0,3194500.0,122.2668,28.87628,25,125.84,3.59
428500.0,3199500.0,122.26648,28.92141,25,162.7,468.5
416500.0,3233500.0,122.14084,29.22753,25,59.83,2.65
437500.0,3216500.0,122.35786,29.07531,25,19.89,9.21
435500.0,3224500.0,122.33685,29.14742,25,4.1,18.88
446500.0,3262500.0,122.44809,29.49088,25,130.37,978.2
416500.0,3252500.0,122.1394,29.39899,25,24.71,2.58
417500.0,3255500.0,122.14948,29.42613,25,23.92,2.67
433500.0,3243500.0,122.31514,29.31879,25,18.89,3.37
428500.0,3268500.0,122.26203,29.54413,25,72.69,9.77
441500.0,3293500.0,122.39485,29.77042,25,78.26,9.29
434500.0,3339500.0,122.31962,30.18517,25,156.38,2.28
417500.0,3345500.0,122.14257,30.23828,25,131.72,8.94
453500.0,3327500.0,122.5175,30.07776,25,60.95,4.82
499500.0,3324500.0,122.99481,30.05157,25,124.81,30.33
520500.0,3255500.0,123.21135,29.42868,25,165.58,2.62
513500.0,3303500.0,123.13978,29.86198,25,80.57,5.28
417500.0,3151500.0,122.15712,28.48753,25,166.47,135.72
417500.0,3218500.0,122.15224,29.09222,25,21.93,9.39
436500.0,3264500.0,122.34482,29.50846,25,66.27,4.46
448500.0,3297500.0,122.46706,29.80683,25,176.99,72.62
439500.0,3334500.0,122.37184,30.14031,25,36.22,3.46
439500.0,3328500.0,122.37218,30.08617,25,74.79,184.88
491500.0,3216500.0,122.91267,29.07682,25,62.94,7.16
461500.0,3285500.0,122.60202,29.69901,25,103.67,169.4
516500.0,3178500.0,123.16897,28.73375,25,85.41,1960.86
540500.0,3341500.0,123.42078,30.20431,25,89.9,26.82
381500.0,3148500.0,121.78968,28.45768,25,46.87,7.67
421500.0,3211500.0,122.19383,29.0293,25,29.57,2.28
474500.0,3304500.0,122.73595,29.87081,25,49.3,1.22
521500.0,3350500.0,123.22356,30.28602,25,6.08,18.58
446500.0,3187500.0,122.4517,28.81398,25,64.71,26.45
439500.0,3239500.0,122.37715,29.28299,25,146.29,48.33
454500.0,3302500.0,122.52894,29.85219,25,68.62,1.77
477500.0,3301500.0,122.76708,29.8438,25,2.81,2.73
455500.0,3319500.0,122.53859,30.00564,25,21.98,7.31
539500.0,3351500.0,123.41077,30.29459,25,70.88,62.08
437500.0,3254500.0,122.35571,29.41827,25,94.96,11.09
433500.0,3305500.0,122.31135,29.87831,25,26.03,16.06
468500.0,3212500.0,122.67647,29.04036,25,101.63,3.17
529500.0,3305500.0,123.3055,29.87975,25,140.78,10.92
514500.0,3320500.0,123.15036,30.01539,25,77.29,4.86
410500.0,3169500.0,122.0842,28.64953,25,74.38,9.21
500500.0,3194500.0,123.00513,28.87828,25,172.07,973.05
501500.0,3191500.0,123.01538,28.8512,25,152.02,136.33
379500.0,3178500.0,121.7661,28.72823,25,115.87,4.9
468500.0,3238500.0,122.67573,29.27502,25,139.81,56.07
489500.0,3279500.0,122.89152,29.64541,25,79.45,345.61
533500.0,3324500.0,123.34752,30.05111,25,9.17,177.27
503500.0,3344500.0,123.03637,30.23206,25,92.59,192.8
483500.0,3229500.0,122.83028,29.19408,25,53.28,1.9
531500.0,3270500.0,123.32519,29.56383,25,143.75,87.76
400500.0,3168500.0,121.98198,28.63977,25,56.95,3.77
539500.0,3300500.0,123.40887,29.83435,25,23.35,4.42
524500.0,3339500.0,123.2545,30.18669,25,114.27,4.5
548500.0,3342500.0,123.50394,30.21304,25,123.06,71.15
522500.0,3261500.0,123.23209,29.4828,25,114.99,193.39
521500.0,3257500.0,123.2217,29.44672,25,89.59,19.45
531500.0,3296500.0,123.32594,29.79848,25,106.11,78.58
511500.0,3156500.0,123.11755,28.53523,25,20.07,79.68
512500.0,3154500.0,123.12775,28.51716,25,88.96,20.86
473500.0,3305500.0,122.72557,29.87982,25,58.02,6156.45
501500.0,3257500.0,123.01547,29.4469,25,26.46,685.24
556500.0,3315500.0,123.58562,29.96905,25,154.52,8093.25
303500.0,3316500.0,120.96358,29.96363,24,171.7,49.55
357500.0,3258500.0,121.53067,29.44782,24,59.91,11.15
356500.0,3256500.0,121.52062,29.42966,24,62.6,119.61
449500.0,3300500.0,122.47727,29.83395,24,36.52,11.09
423500.0,3299500.0,122.20823,29.82358,24,133.34,435.23
480500.0,3289500.0,122.79835,29.73555,24,127.82,8.06
458500.0,3310500.0,122.57004,29.92453,24,163.34,360.24
482500.0,3299500.0,122.81887,29.82583,24,158.49,5.65
492500.0,3324500.0,122.9222,30.05155,24,117.12,79.9
501500.0,3338500.0,123.01558,30.17791,24,79.05,14.42
514500.0,3333500.0,123.15054,30.13271,24,103.49,2.26
475500.0,3259500.0,122.74732,29.46471,24,168.13,223.97
485500.0,3287500.0,122.85008,29.71757,24,60.74,5.63
482500.0,3264500.0,122.81944,29.50996,24,173.46,275.39
506500.0,3292500.0,123.06723,29.76276,24,69.23,2.34
502500.0,3295500.0,123.02587,29.78985,24,90.71,6.57
417500.0,3150500.0,122.15719,28.4785,24,46.0,1.78
429500.0,3282500.0,122.27144,29.67053,24,160.43,7.29
376500.0,3159500.0,121.73744,28.55648,24,57.59,4.52
379500.0,3159500.0,121.7681,28.55677,24,28.62,3.21
386500.0,3171500.0,121.83846,28.66569,24,90.4,2.16
392500.0,3189500.0,121.89815,28.82865,24,64.65,17.96
413500.0,3154500.0,122.11603,28.51435,24,61.18,3.83
421500.0,3163500.0,122.19716,28.59609,24,168.42,410.97
435500.0,3205500.0,122.33794,28.97594,24,103.17,8.72
434500.0,3199500.0,122.32803,28.92173,24,26.67,53.99
419500.0,3229500.0,122.17199,29.19162,24,9.73,3.35
438500.0,3237500.0,122.36697,29.26489,24,45.81,59.3
435500.0,3248500.0,122.33545,29.36402,24,36.94,4.14
418500.0,3255500.0,122.15979,29.4262,24,145.56,14.63
444500.0,3325500.0,122.42422,30.05934,24,100.19,2.86
454500.0,3231500.0,122.5319,29.21142,24,101.21,1.09
455500.0,3318500.0,122.53863,29.99662,24,12.59,10.7
510500.0,3305500.0,123.10874,29.88006,24,31.73,2.32
387500.0,3320500.0,121.83348,30.0103,24,85.23,9.27
415500.0,3227500.0,122.13101,29.17331,24,19.54,177.83
425500.0,3297500.0,122.22907,29.80566,24,133.32,93.32
487500.0,3226500.0,122.87146,29.16705,24,73.0,13.41
460500.0,3285500.0,122.59168,29.69898,24,109.35,296.69
466500.0,3276500.0,122.65398,29.61793,24,94.12,2.39
509500.0,3314500.0,123.09846,29.96129,24,79.94,11.57
363500.0,3180500.0,121.60206,28.74468,24,140.63,2.69
448500.0,3244500.0,122.46957,29.32852,24,50.35,22.76
467500.0,3226500.0,122.66579,29.16669,24,163.99,811.69
485500.0,3274500.0,122.85026,29.60025,24,82.61,1.36
476500.0,3274500.0,122.75731,29.60011,24,86.34,10.19
484500.0,3293500.0,122.83966,29.77171,24,157.28,515.32
382500.0,3150500.0,121.79969,28.47582,24,60.92,29.26
378500.0,3143500.0,121.75957,28.41228,24,54.91,3.45
435500.0,3219500.0,122.33714,29.10229,24,153.55,99.77
415500.0,3264500.0,122.12817,29.50722,24,119.02,43.27
420500.0,3344500.0,122.17383,30.22946,24,36.05,32.6
384500.0,3180500.0,121.81709,28.74673,24,52.61,892.71
376500.0,3210500.0,121.73188,29.01671,24,109.9,21.33
400500.0,3342500.0,121.9662,30.20994,24,164.97,153.59
415500.0,3151500.0,122.13669,28.4874,24,68.67,5.18
419500.0,3154500.0,122.17734,28.51473,24,53.28,4.37
418500.0,3175500.0,122.16562,28.70421,24,25.62,67.06
410500.0,3170500.0,122.08412,28.65855,24,67.44,2.67
441500.0,3204500.0,122.39958,28.9672,24,55.3,10.5
403500.0,3191500.0,122.01071,28.84757,24,120.32,166.64
430500.0,3184500.0,122.28792,28.78614,24,155.35,55.82
408500.0,3216500.0,122.05993,29.07356,24,117.88,66.58
430500.0,3262500.0,122.28305,29.4901,24,106.71,3.3
427500.0,3278500.0,122.25104,29.63432,24,144.62,26.51
442500.0,3276500.0,122.40609,29.61705,24,94.34,2.52
435500.0,3298500.0,122.33248,29.81524,24,20.82,328.09
471500.0,3322500.0,122.70441,30.03319,24,20.25,3.15
455500.0,3349500.0,122.53733,30.27636,24,59.81,1888.68
396500.0,3181500.0,121.93988,28.75678,24,113.13,5.68
397500.0,3205500.0,121.94794,28.97345,24,64.26,29.57
379500.0,3224500.0,121.76117,29.14333,24,153.27,100.45
397500.0,3287500.0,121.94031,29.71342,24,103.11,13.73
385500.0,3339500.0,121.8107,30.18155,24,6.84,1.98
423500.0,3168500.0,122.21728,28.64133,24,52.97,17.93
407500.0,3156500.0,122.05456,28.53199,24,76.98,2.11
479500.0,3265500.0,122.78846,29.51893,24,128.22,13.36
490500.0,3318500.0,122.9015,29.99739,24,64.15,3.92
496500.0,3296500.0,122.96378,29.79888,24,35.44,3.22
460500.0,3327500.0,122.59013,30.07801,24,63.49,200.26
504500.0,3286500.0,123.04652,29.70862,24,99.87,7.83
380500.0,3272500.0,121.76624,29.57655,24,38.35,5.86
412500.0,3159500.0,122.10543,28.55941,24,31.5,46.23
449500.0,3278500.0,122.4783,29.6354,24,129.34,9.39
422500.0,3282500.0,122.1991,29.67011,24,165.48,186.85
408500.0,3279500.0,122.0547,29.64209,24,89.8,5.15
448500.0,3311500.0,122.46639,29.93317,24,142.51,2.48
445500.0,3334500.0,122.43413,30.1406,24,81.27,611.83
486500.0,3271500.0,122.86062,29.57318,24,97.69,57.68
485500.0,3317500.0,122.84968,29.98831,24,172.19,15.14
380500.0,3200500.0,121.77401,28.92685,24,99.73,22.47
390500.0,3347500.0,121.86179,30.25419,24,33.08,5.19
420500.0,3186500.0,122.18533,28.80361,24,72.21,40.34
419500.0,3218500.0,122.17279,29.09235,24,149.86,4.98
415500.0,3308500.0,122.12473,29.90427,24,169.3,3.8
456500.0,3162500.0,122.55514,28.58871,24,58.12,1029.04
464500.0,3221500.0,122.6351,29.12148,24,160.09,278.48
473500.0,3236500.0,122.72725,29.25709,24,163.25,1547.14
502500.0,3169500.0,123.02558,28.65262,24,154.36,72433.44
556500.0,3223500.0,123.58085,29.13877,24,72.47,5303.87
401500.0,3188500.0,121.99047,28.82035,24,49.82,1662.09
375500.0,3211500.0,121.72151,29.02564,24,39.08,137.43
469500.0,3223500.0,122.68644,29.13966,24,70.63,11.3
477500.0,3216500.0,122.76882,29.07665,24,142.72,2585.54
491500.0,3307500.0,122.91196,29.89812,24,57.49,9.42
546500.0,3322500.0,123.48228,30.03264,24,138.52,207.94
290500.0,3326500.0,120.82697,30.05166,24,115.61,76.75
486500.0,3310500.0,122.86013,29.92515,24,12.68,175.07
498500.0,3320500.0,122.98445,30.01547,24,48.62,3.33
378500.0,3331500.0,121.73892,30.10869,24,169.59,40.19
426500.0,3166500.0,122.2481,28.62346,24,36.36,31.4
426500.0,3194500.0,122.24629,28.87617,24,19.52,1.69
417500.0,3210500.0,122.15283,29.02002,24,59.24,1.77
408500.0,3219500.0,122.05968,29.10063,24,148.99,1.84
460500.0,3199500.0,122.59476,28.9228,24,68.41,610.93
460500.0,3191500.0,122.59504,28.85059,24,161.21,3507.0
475500.0,3212500.0,122.74836,29.04051,24,58.54,153.05
468500.0,3263500.0,122.67501,29.50066,24,57.02,8.82
480500.0,3274500.0,122.79862,29.60018,24,73.73,4.92
485500.0,3295500.0,122.84997,29.78977,24,151.04,393.69
501500.0,3288500.0,123.01551,29.72668,24,133.39,2.36
359500.0,3268500.0,121.55,29.53827,24,144.34,2.58
398500.0,3347500.0,121.94494,30.25488,24,175.69,365.57
444500.0,3179500.0,122.4316,28.74169,24,57.89,176.83
440500.0,3155500.0,122.39188,28.52489,24,134.68,76.73
436500.0,3160500.0,122.35073,28.56983,24,143.85,1226.71
411500.0,3248500.0,122.0882,29.36256,24,26.37,19.07
441500.0,3324500.0,122.39315,30.05017,24,128.92,688.78
470500.0,3190500.0,122.69759,28.84183,24,161.6,3065.55
455500.0,3192500.0,122.54374,28.85945,24,140.8,1370.08
483500.0,3267500.0,122.82971,29.53704,24,175.72,217.48
480500.0,3285500.0,122.79842,29.69945,24,44.21,4.4
498500.0,3330500.0,122.98443,30.10572,24,48.86,8.07
486500.0,3330500.0,122.85988,30.10564,24,53.86,4150.79
496500.0,3336500.0,122.96365,30.15986,24,78.35,5.0
518500.0,3260500.0,123.19082,29.47384,24,160.04,105213.65
516500.0,3251500.0,123.17005,29.39264,24,164.16,1011.37
392500.0,3170500.0,121.89995,28.65718,24,75.04,742.42
388500.0,3312500.0,121.84469,29.93821,24,38.38,10.6
412500.0,3214500.0,122.10118,29.05579,24,99.55,17.64
405500.0,3231500.0,122.02784,29.20871,24,11.2,26.27
442500.0,3244500.0,122.40778,29.32826,24,178.11,16.74
442500.0,3243500.0,122.40783,29.31923,24,26.83,7.3
447500.0,3330500.0,122.4551,30.10459,24,25.08,10.77
472500.0,3251500.0,122.71658,29.39245,24,164.95,1353.52
481500.0,3287500.0,122.80873,29.71752,24,41.74,106.11
453500.0,3290500.0,122.51911,29.74386,24,122.93,3.4
473500.0,3294500.0,122.72584,29.78055,24,58.67,1.28
512500.0,3271500.0,123.12906,29.57319,24,32.36,1.73
515500.0,3288500.0,123.16027,29.72658,24,46.08,3.18
502500.0,3310500.0,123.0259,29.92522,24,13.39,2.13
534500.0,3341500.0,123.35844,30.2045,24,119.9,39.83
391500.0,3354500.0,121.87146,30.31743,24,34.3,1.79
389500.0,3156500.0,121.87061,28.53058,24,52.04,41.71
398500.0,3154500.0,121.96276,28.51326,24,134.55,1.88
388500.0,3168500.0,121.85922,28.63879,24,132.02,8.35
370500.0,3155500.0,121.67657,28.5198,24,100.88,1118.39
374500.0,3159500.0,121.717,28.55629,24,76.3,1.08
378500.0,3194500.0,121.75414,28.87252,24,84.21,936.16
401500.0,3256500.0,121.98446,29.434,24,94.37,4.76
381500.0,3330500.0,121.77017,30.09996,24,1.68,13.6
403500.0,3149500.0,122.01427,28.46852,24,178.96,1196.94
443500.0,3174500.0,122.4216,28.69652,24,147.9,881.65
442500.0,3173500.0,122.41142,28.68745,24,65.19,45.95
435500.0,3269500.0,122.33421,29.55354,24,75.82,3.56
428500.0,3279500.0,122.2613,29.6434,24,31.04,9.28
406500.0,3312500.0,122.03117,29.93972,24,14.09,1.64
425500.0,3337500.0,122.22628,30.16661,24,68.82,18.8
446500.0,3321500.0,122.44517,30.02333,24,150.55,1146.96
498500.0,3149500.0,122.98468,28.47209,24,157.99,33728.28
498500.0,3150500.0,122.98468,28.48112,24,158.56,138840.66
491500.0,3153500.0,122.91314,28.50817,24,172.54,11392.97
481500.0,3177500.0,122.81056,28.7247,24,146.79,1306.92
481500.0,3264500.0,122.80912,29.50994,24,163.91,1637.8
482500.0,3267500.0,122.81939,29.53703,24,169.06,206.53
500500.0,3251500.0,123.00515,29.39275,24,178.24,959.81
510500.0,3250500.0,123.1082,29.38368,24,7.92,793.37
398500.0,3164500.0,121.96187,28.60351,24,29.34,4.93
389500.0,3165500.0,121.86974,28.6118,24,46.87,12.24
397500.0,3201500.0,121.9483,28.93735,24,167.4,125.04
378500.0,3192500.0,121.75436,28.85447,24,34.23,25.83
424500.0,3234500.0,122.22308,29.23706,24,25.42,3.25
424500.0,3250500.0,122.22198,29.38145,24,61.99,2.42
410500.0,3251500.0,122.07765,29.38956,24,79.86,101.9
409500.0,3251500.0,122.06734,29.38949,24,29.55,2.89
428500.0,3266500.0,122.26216,29.52608,24,83.46,9.92
427500.0,3267500.0,122.25177,29.53505,24,137.16,992.16
456500.0,3245500.0,122.55193,29.33784,24,4.42,3.15
468500.0,3271500.0,122.67478,29.57286,24,175.03,2.79
467500.0,3270500.0,122.66449,29.56381,24,42.85,7.01
480500.0,3276500.0,122.79858,29.61823,24,28.15,1.9
460500.0,3294500.0,122.59135,29.7802,24,171.74,2.8
488500.0,3342500.0,122.88051,30.21396,24,25.36,1.49
489500.0,3320500.0,122.89112,30.01543,24,67.68,5.89
454500.0,3328500.0,122.52783,30.08682,24,149.54,839.14
492500.0,3338500.0,122.9221,30.17789,24,73.0,47.52
507500.0,3271500.0,123.07743,29.57323,24,145.86,36.19
512500.0,3298500.0,123.12937,29.81687,24,100.77,8.59
525500.0,3294500.0,123.26381,29.78057,24,95.18,1324.11
535500.0,3315500.0,123.36796,29.96984,24,86.7,36.41
508500.0,3293500.0,123.08793,29.77178,24,86.56,2.97
523500.0,3347500.0,123.24429,30.25891,24,62.03,6.65
506500.0,3353500.0,123.06761,30.31326,24,26.15,51.87
549500.0,3177500.0,123.50687,28.72388,24,161.25,16654.07
392500.0,3157500.0,121.90117,28.53986,24,125.79,194.01
370500.0,3154500.0,121.67668,28.51078,24,98.19,383.81
356500.0,3309500.0,121.5136,29.90783,24,118.31,343.99
437500.0,3192500.0,122.35919,28.8587,24,52.48,62.54
450500.0,3204500.0,122.49195,28.96758,24,86.71,12.08
426500.0,3283500.0,122.24037,29.67938,24,144.13,109.16
489500.0,3276500.0,122.89155,29.61834,24,135.21,2.83
489500.0,3313500.0,122.89118,29.95226,24,118.44,47.6
501500.0,3247500.0,123.01545,29.35665,24,86.56,12.36
530500.0,3344500.0,123.31697,30.23168,24,173.0,2059.77
381500.0,3276500.0,121.77613,29.61274,24,158.22,1.69
381500.0,3354500.0,121.76747,30.3165,24,177.43,391.19
443500.0,3265500.0,122.41699,29.51782,24,84.25,19.05
432500.0,3307500.0,122.30087,29.8963,24,96.34,595.84
444500.0,3342500.0,122.42333,30.21274,24,79.5,9.26
452500.0,3290500.0,122.50876,29.74382,24,149.26,10.59
485500.0,3316500.0,122.84969,29.97929,24,23.45,3.77
401500.0,3159500.0,121.99298,28.55862,24,38.52,11.92
397500.0,3188500.0,121.94948,28.82003,24,94.51,25.27
397500.0,3189500.0,121.94939,28.82906,24,76.66,8.68
395500.0,3344500.0,121.91406,30.22756,24,163.26,6.18
425500.0,3199500.0,122.2357,28.92124,24,71.72,6.52
439500.0,3353500.0,122.37075,30.31177,24,121.96,1.49
493500.0,3231500.0,122.93313,29.21222,24,160.55,106.83
487500.0,3251500.0,122.87117,29.39269,24,150.78,1.63
461500.0,3312500.0,122.60105,29.94267,24,172.08,87.74
497500.0,3305500.0,122.97411,29.8801,24,80.22,2.3
524500.0,3281500.0,123.25317,29.66326,24,179.68,42.72
505500.0,3331500.0,123.05709,30.11473,24,20.94,42.17
421500.0,3228500.0,122.19263,29.18273,24,139.02,11.29
431500.0,3242500.0,122.29461,29.30966,24,18.93,4.78
437500.0,3292500.0,122.35353,29.7612,24,83.11,26.0
449500.0,3323500.0,122.47619,30.0415,24,132.21,2.28
466500.0,3225500.0,122.65553,29.15764,24,0.66,192.76
490500.0,3212500.0,122.90243,29.04071,24,86.38,9.8
487500.0,3250500.0,122.87118,29.38366,24,170.45,156.65
467500.0,3287500.0,122.66398,29.71723,24,79.91,5.39
456500.0,3309500.0,122.54936,29.91543,24,89.51,4.7
535500.0,3317500.0,123.36803,29.98789,24,42.77,2.83
557500.0,3153500.0,123.58758,28.50693,24,82.63,476.16
495500.0,3203500.0,122.95382,28.9595,24,90.62,105.09
465500.0,3346500.0,122.64139,30.24962,24,132.25,55.79
414500.0,3156500.0,122.1261,28.53246,24,171.28,222.75
424500.0,3187500.0,122.22625,28.81288,24,20.9,195.66
450500.0,3205500.0,122.4919,28.97661,24,87.26,118.22
429500.0,3245500.0,122.27383,29.33662,24,41.94,2.7
444500.0,3287500.0,122.42619,29.71641,24,152.22,1.94
435500.0,3337500.0,122.33013,30.16718,24,151.96,90.17
499500.0,3224500.0,122.99486,29.14906,24,56.96,15.84
499500.0,3214500.0,122.99486,29.0588,24,163.43,102.67
496500.0,3246500.0,122.96394,29.34762,24,59.16,161.24
499500.0,3285500.0,122.99483,29.69961,24,167.91,1.82
493500.0,3274500.0,122.93287,29.60031,24,151.02,4.8
459500.0,3294500.0,122.58101,29.78017,24,165.65,3.48
491500.0,3322500.0,122.91184,30.03349,24,87.47,4.45
527500.0,3172500.0,123.28148,28.67941,24,140.88,15692.22
502500.0,3212500.0,123.02568,29.04074,24,7.9,77.31
502500.0,3214500.0,123.02568,29.0588,24,170.38,534.91
500500.0,3215500.0,123.00514,29.06782,24,164.98,157.96
546500.0,3325500.0,123.48241,30.05971,24,11.96,128.78
546500.0,3329500.0,123.48259,30.09581,24,167.54,51.46
553500.0,3279500.0,123.55274,29.6443,24,57.99,5.48
431500.0,3239500.0,122.2948,29.28258,24,71.62,2.74
442500.0,3291500.0,122.4053,29.75242,24,41.23,98.94
462500.0,3299500.0,122.61187,29.82538,24,136.55,350.84
460500.0,3328500.0,122.5901,30.08703,24,169.28,154.81
515500.0,3338500.0,123.161,30.17782,24,112.19,57.0
393500.0,3347500.0,121.89297,30.25446,24,156.28,9.13
439500.0,3273500.0,122.37528,29.58983,24,109.03,55.84
446500.0,3278500.0,122.44731,29.63528,24,132.4,2.43
487500.0,3319500.0,122.87039,30.00639,24,6.5,3.19
513500.0,3256500.0,123.13919,29.4378,24,178.5,289.5
547500.0,3292500.0,123.49132,29.76187,24,75.68,23.33
518500.0,3348500.0,123.19233,30.26802,24,105.05,4.53
509500.0,3349500.0,123.09877,30.27714,24,174.37,1117.77
542500.0,3313500.0,123.44044,29.95157,24,119.49,308.58
522500.0,3331500.0,123.23356,30.11454,24,32.34,443.96
439500.0,3281500.0,122.37483,29.66203,23,176.98,3.01
479500.0,3289500.0,122.78801,29.73554,23,30.65,5.31
480500.0,3282500.0,122.79848,29.67238,23,44.33,9.48
502500.0,3290500.0,123.02585,29.74473,23,116.68,2.77
516500.0,3353500.0,123.17162,30.31317,23,78.49,1.39
556500.0,3336500.0,123.58674,30.15855,23,63.5,3.12
507500.0,3249500.0,123.07728,29.37467,23,68.26,144.72
501500.0,3274500.0,123.01549,29.60033,23,16.9,1.77
410500.0,3177500.0,122.08357,28.72173,23,157.93,362.45
478500.0,3256500.0,122.77832,29.43769,23,74.68,10.03
512500.0,3287500.0,123.12924,29.71759,23,74.72,30.26
509500.0,3339500.0,123.09868,30.1869,23,86.91,5.2
398500.0,3160500.0,121.96223,28.56741,23,96.52,2.54
365500.0,3221500.0,121.61764,29.11485,23,149.49,13.61
440500.0,3206500.0,122.38921,28.9852,23,63.11,11.06
438500.0,3189500.0,122.36961,28.83167,23,102.72,13.49
422500.0,3217500.0,122.20368,29.08351,23,172.66,2.14
422500.0,3221500.0,122.20341,29.11961,23,4.18,3.79
441500.0,3225500.0,122.39848,29.15673,23,24.07,8.92
432500.0,3236500.0,122.30527,29.25556,23,17.79,9.54
409500.0,3313500.0,122.06217,29.94896,23,107.8,34.97
464500.0,3262500.0,122.63378,29.49152,23,42.36,12.55
452500.0,3333500.0,122.50685,30.13187,23,41.3,2.66
453500.0,3333500.0,122.51724,30.13191,23,59.19,4.87
539500.0,3266500.0,123.40763,29.5275,23,130.43,98.92
370500.0,3176500.0,121.67419,28.70931,23,100.91,4.86
465500.0,3278500.0,122.64359,29.63595,23,152.01,371.02
495500.0,3282500.0,122.95349,29.67252,23,12.65,3.25
500500.0,3307500.0,123.00518,29.89815,23,88.32,3.53
383500.0,3153500.0,121.8096,28.50298,23,47.29,2.74
402500.0,3280500.0,121.99263,29.65065,23,16.76,2.14
468500.0,3223500.0,122.67616,29.13964,23,84.35,47.89
396500.0,3166500.0,121.94124,28.62141,23,10.94,18.74
431500.0,3172500.0,122.29889,28.67788,23,93.31,14.63
420500.0,3164500.0,122.18686,28.60505,23,57.75,24.45
463500.0,3301500.0,122.62215,29.84346,23,132.84,5.88
506500.0,3313500.0,123.06736,29.95228,23,72.48,4.27
395500.0,3163500.0,121.93128,28.59425,23,2.48,6.78
380500.0,3191500.0,121.77497,28.84564,23,77.31,9.31
372500.0,3189500.0,121.6932,28.82682,23,89.99,126.11
397500.0,3279500.0,121.94107,29.64123,23,90.16,2.69
426500.0,3159500.0,122.24855,28.56028,23,96.29,15.78
411500.0,3175500.0,122.09397,28.70375,23,45.43,2.61
450500.0,3255500.0,122.48967,29.42787,23,131.81,121.09
456500.0,3266500.0,122.55109,29.52737,23,72.24,7.53
458500.0,3288500.0,122.57089,29.72599,23,18.91,6.85
452500.0,3280500.0,122.5092,29.65357,23,152.2,2.43
474500.0,3326500.0,122.73542,30.06936,23,48.5,41.38
502500.0,3302500.0,123.02588,29.85303,23,31.79,2.74
385500.0,3162500.0,121.82913,28.58438,23,17.62,5.44
383500.0,3192500.0,121.80561,28.85494,23,70.56,5.11
389500.0,3185500.0,121.8678,28.7923,23,42.46,140.23
431500.0,3200500.0,122.29719,28.9306,23,106.35,1.84
416500.0,3199500.0,122.14338,28.92068,23,100.83,9.54
430500.0,3200500.0,122.28693,28.93055,23,111.06,8.98
415500.0,3223500.0,122.13131,29.13722,23,161.66,4.08
443500.0,3243500.0,122.41813,29.31928,23,34.07,38.51
411500.0,3250500.0,122.08803,29.3806,23,156.85,3.86
445500.0,3265500.0,122.43763,29.51791,23,89.4,42.08
463500.0,3261500.0,122.6235,29.48247,23,121.25,3.22
483500.0,3286500.0,122.82942,29.70852,23,62.18,48.85
455500.0,3308500.0,122.53904,29.90637,23,66.55,13.42
465500.0,3294500.0,122.64308,29.78035,23,122.56,11.13
504500.0,3285500.0,123.04652,29.6996,23,164.61,1.21
530500.0,3319500.0,123.31625,30.00607,23,56.75,31.83
502500.0,3339500.0,123.02597,30.18694,23,55.94,15.15
396500.0,3208500.0,121.9374,29.00044,23,47.45,2.91
462500.0,3202500.0,122.61518,28.94994,23,74.7,119.57
452500.0,3234500.0,122.5112,29.23842,23,70.03,83.06
472500.0,3275500.0,122.71598,29.60905,23,10.45,2.7
501500.0,3264500.0,123.01548,29.51008,23,155.55,2.23
504500.0,3310500.0,123.04662,29.92522,23,152.85,12.88
537500.0,3348500.0,123.38986,30.26758,23,24.69,11.95
398500.0,3278500.0,121.95149,29.63229,23,118.5,2.5
418500.0,3203500.0,122.16361,28.95691,23,54.16,116.62
419500.0,3188500.0,122.17494,28.8216,23,56.72,10.93
486500.0,3210500.0,122.86137,29.02262,23,142.43,517.36
527500.0,3217500.0,123.28257,29.08558,23,141.78,1956.43
519500.0,3258500.0,123.20109,29.45577,23,87.5,33.44
501500.0,3293500.0,123.01552,29.7718,23,81.15,4.55
380500.0,3341500.0,121.75855,30.19911,23,4.66,1.6
415500.0,3259500.0,122.12856,29.4621,23,92.57,50.69
463500.0,3215500.0,122.62501,29.0673,23,28.83,3.68
495500.0,3274500.0,122.95353,29.60032,23,33.03,5.17
518500.0,3328500.0,123.19198,30.08753,23,129.81,120.35
289500.0,3325500.0,120.8168,30.04247,23,39.91,21.04
408500.0,3211500.0,122.06034,29.02843,23,17.16,1.53
415500.0,3147500.0,122.13698,28.4513,23,64.17,7.11
428500.0,3248500.0,122.26333,29.36364,23,37.23,4.41
439500.0,3293500.0,122.37416,29.77032,23,172.11,7.1
447500.0,3322500.0,122.45549,30.0324,23,87.65,15.13
460500.0,3260500.0,122.59259,29.47335,23,46.61,25.47
464500.0,3294500.0,122.63273,29.78032,23,111.02,2.27
373500.0,3149500.0,121.70788,28.46595,23,110.5,5.61
378500.0,3319500.0,121.7403,30.00042,23,51.37,1.95
446500.0,3172500.0,122.45241,28.67859,23,58.39,117.28
502500.0,3265500.0,123.0258,29.5191,23,49.83,2.85
365500.0,3220500.0,121.61776,29.10583,23,40.93,1.44
445500.0,3177500.0,122.44193,28.72368,23,97.71,638.58
521500.0,3278500.0,123.22211,29.63624,23,74.16,82.55
510500.0,3287500.0,123.10856,29.71761,23,66.18,8.89
516500.0,3348500.0,123.17154,30.26805,23,150.62,19.74
382500.0,3144500.0,121.8003,28.42167,23,78.74,8.45
411500.0,3173500.0,122.09412,28.6857,23,22.62,11.73
408500.0,3202500.0,122.06107,28.94721,23,81.72,34.57
443500.0,3338500.0,122.41315,30.1766,23,125.32,14.59
462500.0,3151500.0,122.61686,28.4896,23,142.64,900.24
462500.0,3187500.0,122.61568,28.81455,23,61.78,484.29
457500.0,3196500.0,122.56409,28.89563,23,56.76,309.98
475500.0,3205500.0,122.74852,28.97733,23,64.27,320.67
454500.0,3194500.0,122.53341,28.87747,23,147.61,1866.08
468500.0,3199500.0,122.67683,28.92302,23,65.99,878.72
496500.0,3242500.0,122.96396,29.31151,23,154.02,138.07
479500.0,3249500.0,122.78876,29.37453,23,159.09,667.12
476500.0,3268500.0,122.75744,29.54596,23,88.4,44.43
463500.0,3273500.0,122.62309,29.59077,23,164.86,7.14
476500.0,3267500.0,122.75746,29.53693,23,89.2,16.33
508500.0,3198500.0,123.0872,28.91435,23,75.3,3169.1
512500.0,3264500.0,123.12898,29.51002,23,44.17,2.93
512500.0,3338500.0,123.12984,30.17785,23,105.84,35.21
373500.0,3215500.0,121.70052,29.06153,23,126.93,6.08
407500.0,3147500.0,122.05528,28.45076,23,52.26,3.03
417500.0,3251500.0,122.14978,29.39004,23,78.23,18.41
458500.0,3264500.0,122.57181,29.50939,23,133.67,299.25
456500.0,3319500.0,122.54895,30.00568,23,38.66,5.54
466500.0,3320500.0,122.65261,30.01502,23,143.78,1.99
507500.0,3200500.0,123.07695,28.93241,23,93.25,8.49
526500.0,3329500.0,123.27503,30.09641,23,122.95,258.55
516500.0,3326500.0,123.1712,30.06951,23,172.31,598.04
385500.0,3142500.0,121.83112,28.40389,23,21.8,15.47
384500.0,3193500.0,121.81576,28.86405,23,53.59,2.67
382500.0,3345500.0,121.77888,30.23539,23,94.57,89.06
417500.0,3149500.0,122.15726,28.46948,23,46.7,13.25
442500.0,3267500.0,122.40657,29.53583,23,66.03,5.91
435500.0,3296500.0,122.3326,29.7972,23,165.09,357.27
449500.0,3343500.0,122.47523,30.22199,23,69.57,9.51
429500.0,3337500.0,122.26782,30.16685,23,149.83,4.32
468500.0,3228500.0,122.67601,29.18477,23,71.05,88.71
495500.0,3344500.0,122.95323,30.23205,23,22.08,4.01
454500.0,3339500.0,122.52736,30.18609,23,79.74,36.36
520500.0,3196500.0,123.21026,28.89617,23,149.78,87649.36
539500.0,3282500.0,123.40821,29.6719,23,166.57,2555.27
518500.0,3298500.0,123.19146,29.81679,23,60.65,214.88
376500.0,3145500.0,121.73894,28.43014,23,29.81,41.13
365500.0,3155500.0,121.62548,28.5193,23,28.91,30.18
397500.0,3179500.0,121.9503,28.73881,23,47.93,4.45
402500.0,3193500.0,122.00029,28.86555,23,95.69,3.23
361500.0,3262500.0,121.57139,29.48436,23,17.54,39.14
442500.0,3203500.0,122.40989,28.95822,23,3.28,133.36
439500.0,3193500.0,122.37964,28.86782,23,52.0,3.09
418500.0,3224500.0,122.16208,29.14644,23,177.07,4.09
427500.0,3254500.0,122.25263,29.41773,23,69.71,133.84
416500.0,3256500.0,122.1391,29.43509,23,74.25,18.43
437500.0,3246500.0,122.35617,29.34607,23,30.01,2.01
422500.0,3261500.0,122.2006,29.4806,23,169.83,2.3
430500.0,3273500.0,122.28235,29.58936,23,175.01,15.32
424500.0,3269500.0,122.22067,29.55292,23,127.99,112.22
414500.0,3282500.0,122.11644,29.66959,23,154.23,33.49
440500.0,3295500.0,122.38439,29.78842,23,86.49,38.15
423500.0,3295500.0,122.20852,29.78749,23,33.31,4.49
440500.0,3329500.0,122.3825,30.09524,23,60.05,6.35
421500.0,3333500.0,122.18503,30.13026,23,41.75,6.66
432500.0,3341500.0,122.29871,30.20311,23,71.08,196.43
497500.0,3242500.0,122.97426,29.31152,23,60.61,12.71
455500.0,3305500.0,122.53917,29.8793,23,98.37,2.24
495500.0,3294500.0,122.95344,29.78082,23,175.52,8.33
494500.0,3331500.0,122.94291,30.11473,23,118.86,51.34
516500.0,3226500.0,123.16968,29.167,23,61.52,11.99
514500.0,3249500.0,123.14941,29.37461,23,106.84,10.47
516500.0,3276500.0,123.17043,29.61827,23,119.73,9.74
503500.0,3316500.0,123.03628,29.97937,23,14.59,61.0
511500.0,3298500.0,123.11902,29.81688,23,102.5,28.38
506500.0,3323500.0,123.06742,30.04253,23,40.69,4.65
510500.0,3323500.0,123.10891,30.0425,23,134.08,2.18
527500.0,3340500.0,123.28569,30.19565,23,157.62,12.71
532500.0,3349500.0,123.33791,30.27675,23,67.42,40.37
523500.0,3348500.0,123.24431,30.26793,23,34.74,12.54
556500.0,3329500.0,123.58637,30.09539,23,148.46,314.15
332500.0,3181500.0,121.28454,28.75005,23,179.28,3.9
392500.0,3146500.0,121.9022,28.44058,23,38.62,8.75
386500.0,3198500.0,121.83576,28.90935,23,72.06,3.26
357500.0,3309500.0,121.52396,29.90794,23,115.59,2.76
392500.0,3339500.0,121.8834,30.18219,23,122.69,59.85
425500.0,3201500.0,122.23557,28.93929,23,75.68,6.49
433500.0,3207500.0,122.3173,28.99388,23,113.7,79.38
436500.0,3194500.0,122.34883,28.87671,23,2.86,10.92
417500.0,3219500.0,122.15217,29.10125,23,46.79,2.81
432500.0,3249500.0,122.30448,29.37288,23,32.17,3.18
417500.0,3241500.0,122.15053,29.29979,23,119.3,227.7
448500.0,3291500.0,122.46735,29.75268,23,124.53,3.12
405500.0,3306500.0,122.02134,29.8855,23,74.6,24.25
487500.0,3213500.0,122.8716,29.04971,23,158.89,302.76
487500.0,3270500.0,122.87096,29.56417,23,143.29,1.31
476500.0,3306500.0,122.75662,29.8889,23,77.13,888.16
460500.0,3353500.0,122.58916,30.31263,23,127.44,59.38
504500.0,3246500.0,123.04636,29.34761,23,174.37,2270.27
513500.0,3295500.0,123.13968,29.78978,23,70.73,17.77
517500.0,3301500.0,123.18116,29.84388,23,101.22,25.39
505500.0,3320500.0,123.05703,30.01546,23,64.91,7.56
509500.0,3353500.0,123.09881,30.31324,23,39.08,5.13
390500.0,3154500.0,121.88102,28.51262,23,50.31,1.24
435500.0,3335500.0,122.33025,30.14913,23,100.77,34.03
454500.0,3277500.0,122.52999,29.62657,23,82.82,47.99
497500.0,3296500.0,122.97413,29.79888,23,54.77,5.97
408500.0,3203500.0,122.06099,28.95624,23,82.97,105.15
423500.0,3214500.0,122.21416,29.0565,23,25.98,22.02
438500.0,3275500.0,122.36484,29.60783,23,90.54,8.78
456500.0,3276500.0,122.55069,29.61762,23,31.77,3.13
455500.0,3301500.0,122.53933,29.8432,23,143.67,14.49
484500.0,3301500.0,122.83954,29.84391,23,172.94,70.71
525500.0,3271500.0,123.26327,29.57299,23,62.98,10.19
506500.0,3311500.0,123.06735,29.93423,23,167.57,386.71
511500.0,3312500.0,123.11917,29.94322,23,128.31,1.95
507500.0,3307500.0,123.07768,29.89813,23,171.65,308.11
503500.0,3308500.0,123.03626,29.90717,23,9.36,43.78
520500.0,3350500.0,123.21316,30.28603,23,8.53,2.14
526500.0,3349500.0,123.27553,30.27689,23,114.53,2.69
393500.0,3336500.0,121.89408,30.15521,23,49.09,448.84
409500.0,3163500.0,122.07445,28.5953,23,8.39,4.06
427500.0,3188500.0,122.25693,28.82208,23,54.17,11.47
425500.0,3232500.0,122.2335,29.21907,23,163.53,34.54
421500.0,3229500.0,122.19256,29.19175,23,177.14,2.21
437500.0,3255500.0,122.35565,29.42729,23,77.11,2.69
451500.0,3292500.0,122.49833,29.76183,23,82.44,5.69
468500.0,3214500.0,122.67641,29.05841,23,166.09,167.56
474500.0,3251500.0,122.73719,29.39249,23,112.73,160.79
495500.0,3283500.0,122.95349,29.68155,23,173.91,5.36
480500.0,3298500.0,122.79819,29.81678,23,173.55,7.54
546500.0,3152500.0,123.47513,28.49834,23,72.41,7.89
517500.0,3340500.0,123.1818,30.19584,23,146.69,436.11
371500.0,3352500.0,121.66373,30.29743,23,179.77,35.27
465500.0,3225500.0,122.64525,29.15761,23,59.85,7.37
486500.0,3315500.0,122.86007,29.97028,23,105.66,15.05
532500.0,3254500.0,123.33504,29.4194,23,178.24,3.99
491500.0,3213500.0,122.91269,29.04974,23,155.75,23.83
490500.0,3319500.0,122.90149,30.00641,23,83.38,5.38
500500.0,3216500.0,123.00514,29.07685,23,161.93,1162.37
500500.0,3214500.0,123.00514,29.0588,23,160.53,356.95
516500.0,3243500.0,123.16993,29.32044,23,150.58,9.77
502500.0,3278500.0,123.02583,29.63643,23,72.35,2.84
528500.0,3301500.0,123.29504,29.84368,23,14.34,68.84
519500.0,3323500.0,123.20227,30.04239,23,100.81,3.59
512500.0,3335500.0,123.1298,30.15078,23,11.87,205.64
529500.0,3338500.0,123.30641,30.17756,23,46.65,5.99
549500.0,3332500.0,123.51386,30.12276,23,67.69,145.01
502500.0,3228500.0,123.02571,29.18516,23,7.53,38.69
542500.0,3279500.0,123.4391,29.64473,23,148.67,389.26
501500.0,3348500.0,123.01559,30.26816,23,70.87,32.95
400500.0,3169500.0,121.98189,28.6488,23,144.37,1.56
455500.0,3288500.0,122.53987,29.72588,23,87.01,40.65
545500.0,3341500.0,123.47273,30.20414,23,10.65,249.55
509500.0,3333500.0,123.09863,30.13276,23,23.97,9059.37
555500.0,3272500.0,123.57304,29.58104,23,171.51,112.97
436500.0,3286500.0,122.34354,29.707,23,176.03,1896.02
530500.0,3258500.0,123.31453,29.45555,23,62.02,541.81
529500.0,3275500.0,123.30468,29.60901,23,35.26,19.13
495500.0,3297500.0,122.95343,29.8079,23,115.54,4.53
500500.0,3306500.0,123.00518,29.88913,23,124.56,2.81
527500.0,3260500.0,123.28364,29.47367,23,62.92,150.08
526500.0,3304500.0,123.27441,29.87079,23,90.46,229.19
386500.0,3330500.0,121.82205,30.10044,22,92.93,18.54
385500.0,3336500.0,121.81102,30.15448,22,145.06,6405.61
483500.0,3258500.0,122.82984,29.45582,22,113.75,110.65
470500.0,3246500.0,122.6961,29.34727,22,145.16,149.99
489500.0,3292500.0,122.89139,29.76274,22,61.79,2.59
509500.0,3271500.0,123.09808,29.57322,22,144.96,5.93
403500.0,3272500.0,122.00367,29.57854,22,38.3,115.27
477500.0,3289500.0,122.76733,29.7355,22,28.29,2.48
475500.0,3300500.0,122.7464,29.83474,22,117.65,2.14
467500.0,3293500.0,122.6638,29.77138,22,29.1,4.04
436500.0,3274500.0,122.34424,29.59871,22,22.52,26.59
474500.0,3312500.0,122.73576,29.94301,22,148.63,35.73
378500.0,3159500.0,121.75788,28.55667,22,39.38,5.81
371500.0,3156500.0,121.68667,28.52893,22,39.35,4.03
378500.0,3191500.0,121.75447,28.84545,22,11.56,130.76
411500.0,3152500.0,122.09575,28.49616,22,172.19,1896.8
412500.0,3149500.0,122.10619,28.46915,22,69.99,3.77
434500.0,3198500.0,122.32809,28.91271,22,88.46,1.82
431500.0,3202500.0,122.29707,28.94865,22,171.41,134.73
436500.0,3212500.0,122.34781,29.03916,22,1.11,19.76
420500.0,3224500.0,122.18264,29.14656,22,3.82,32.27
434500.0,3232500.0,122.32609,29.21957,22,48.33,10.52
448500.0,3221500.0,122.47064,29.12093,22,20.17,9.36
430500.0,3235500.0,122.28475,29.24643,22,168.89,1.78
409500.0,3215500.0,122.07028,29.0646,22,93.91,85.17
445500.0,3277500.0,122.43703,29.62621,22,27.8,67.75
407500.0,3268500.0,122.0453,29.54275,22,40.76,30.19
425500.0,3312500.0,122.22803,29.94102,22,155.34,6.39
463500.0,3271500.0,122.62316,29.57272,22,57.38,323.12
525500.0,3321500.0,123.26446,30.02423,22,60.73,106.78
530500.0,3320500.0,123.31628,30.01509,22,37.91,21.5
542500.0,3349500.0,123.44188,30.27644,22,127.68,7.14
554500.0,3349500.0,123.56664,30.27596,22,178.41,12.28
445500.0,3303500.0,122.43572,29.86085,22,58.72,107.23
422500.0,3334500.0,122.19534,30.13935,22,125.95,585.09
494500.0,3251500.0,122.94332,29.39274,22,110.19,12.54
406500.0,3154500.0,122.0445,28.51386,22,111.48,4.71
497500.0,3318500.0,122.97408,29.99742,22,59.13,4.14
476500.0,3293500.0,122.7569,29.77158,22,43.49,2.25
396500.0,3204500.0,121.93777,28.96434,22,164.29,1.67
418500.0,3163500.0,122.16648,28.5959,22,141.42,28.97
411500.0,3205500.0,122.09162,28.9745,22,66.28,6.15
426500.0,3191500.0,122.24648,28.84909,22,142.45,2.95
449500.0,3353500.0,122.47475,30.31222,22,6.85,6.29
376500.0,3146500.0,121.73884,28.43917,22,30.79,8.97
376500.0,3164500.0,121.7369,28.60161,22,139.47,5.72
385500.0,3182500.0,121.82712,28.76487,22,7.12,20.74
374500.0,3185500.0,121.71414,28.79092,22,87.34,73.03
392500.0,3317500.0,121.88562,29.98368,22,50.74,1.5
395500.0,3348500.0,121.91366,30.26365,22,158.83,21.3
407500.0,3208500.0,122.05032,29.00129,22,9.84,23.76
450500.0,3201500.0,122.49208,28.9405,22,87.64,6.06
427500.0,3227500.0,122.2544,29.17406,22,104.12,113.47
444500.0,3281500.0,122.4265,29.66226,22,43.65,4.03
498500.0,3278500.0,122.9845,29.63643,22,22.53,4.38
491500.0,3295500.0,122.91205,29.78983,22,71.26,19.14
533500.0,3339500.0,123.34799,30.18648,22,80.13,4.11
367500.0,3159500.0,121.64545,28.5556,22,152.62,4.74
389500.0,3170500.0,121.86926,28.65693,22,75.09,113.59
383500.0,3159500.0,121.80899,28.55713,22,100.1,138.29
423500.0,3169500.0,122.21721,28.65036,22,69.98,18.01
414500.0,3199500.0,122.12286,28.92055,22,111.7,24.88
431500.0,3226500.0,122.2956,29.16526,22,61.14,7.6
443500.0,3210500.0,122.4198,29.02144,22,59.26,3.29
432500.0,3228500.0,122.30576,29.18336,22,153.53,597.7
445500.0,3281500.0,122.43683,29.66231,22,43.13,3.04
427500.0,3331500.0,122.24746,30.11259,22,175.63,166.79
442500.0,3336500.0,122.40288,30.15851,22,65.2,4.3
474500.0,3290500.0,122.73628,29.74447,22,88.84,8.2
463500.0,3286500.0,122.62266,29.70809,22,43.17,3.81
480500.0,3309500.0,122.79799,29.91605,22,90.61,715.92
501500.0,3290500.0,123.01551,29.74473,22,136.93,206.2
520500.0,3289500.0,123.21199,29.73554,22,146.35,1.37
509500.0,3285500.0,123.0982,29.69957,22,121.39,83.36
528500.0,3300500.0,123.29501,29.83465,22,86.61,139.85
429500.0,3185500.0,122.27761,28.79511,22,57.21,58.23
416500.0,3181500.0,122.14471,28.75823,22,71.42,79.4
426500.0,3218500.0,122.24472,29.09278,22,117.09,34.05
430500.0,3287500.0,122.28145,29.71571,22,162.59,18.47
448500.0,3331500.0,122.46543,30.11366,22,81.63,63.07
462500.0,3210500.0,122.61491,29.02214,22,164.8,1358.79
487500.0,3269500.0,122.87097,29.55514,22,108.1,18.64
480500.0,3278500.0,122.79855,29.63628,22,71.89,2.67
491500.0,3326500.0,122.91181,30.06959,22,4.28,1.58
357500.0,3260500.0,121.53041,29.46586,22,45.03,3.13
418500.0,3213500.0,122.16288,29.04716,22,22.09,3.83
463500.0,3190500.0,122.62583,28.84165,22,61.63,394.34
465500.0,3209500.0,122.64575,29.0132,22,72.76,160.88
520500.0,3306500.0,123.21231,29.88896,22,163.75,3443.53
455500.0,3327500.0,122.53825,30.07783,22,61.04,770.48
534500.0,3258500.0,123.35578,29.45545,22,57.13,568.58
414500.0,3202500.0,122.12264,28.94763,22,122.64,159.47
480500.0,3303500.0,122.7981,29.8619,22,141.74,49.94
439500.0,3148500.0,122.38203,28.46166,22,147.49,3871.18
415500.0,3204500.0,122.13275,28.96574,22,119.51,2.49
440500.0,3285500.0,122.38494,29.69818,22,39.24,103.33
545500.0,3330500.0,123.47225,30.10487,22,65.48,4.8
522500.0,3346500.0,123.23387,30.2499,22,69.91,9.32
405500.0,3167500.0,122.03321,28.63112,22,84.58,43.02
431500.0,3165500.0,122.29931,28.6147,22,42.35,141.19
441500.0,3235500.0,122.39795,29.24698,22,53.23,12.85
499500.0,3182500.0,122.99488,28.76996,22,154.37,48805.44
489500.0,3235500.0,122.89194,29.2483,22,164.94,1015.81
457500.0,3255500.0,122.56184,29.42813,22,148.53,405.0
498500.0,3284500.0,122.9845,29.69058,22,50.5,14.84
477500.0,3347500.0,122.7661,30.25892,22,100.48,150.27
516500.0,3258500.0,123.17016,29.45582,22,119.6,284.87
366500.0,3220500.0,121.62803,29.10594,22,100.82,3.82
398500.0,3340500.0,121.94561,30.19172,22,172.72,26.41
408500.0,3204500.0,122.06091,28.96526,22,81.63,34.06
483500.0,3263500.0,122.82977,29.50094,22,66.53,32.0
465500.0,3270500.0,122.64384,29.56375,22,144.16,679.7
478500.0,3315500.0,122.77715,29.97016,22,159.44,4.73
509500.0,3347500.0,123.09876,30.2591,22,43.33,2.0
549500.0,3333500.0,123.51391,30.13179,22,91.25,11.71
376500.0,3211500.0,121.73177,29.02573,22,155.8,2.82
439500.0,3152500.0,122.38182,28.49776,22,49.57,22.77
438500.0,3162500.0,122.37107,28.58798,22,54.91,116.14
447500.0,3178500.0,122.46237,28.73279,22,148.52,1225.7
450500.0,3183500.0,122.49287,28.77804,22,59.02,183.77
407500.0,3222500.0,122.04916,29.12763,22,158.47,12.78
435500.0,3282500.0,122.33344,29.67085,22,7.63,3.83
456500.0,3195500.0,122.55388,28.88657,22,155.99,457.73
459500.0,3230500.0,122.58338,29.20256,22,24.66,78.39
456500.0,3252500.0,122.55165,29.40102,22,36.78,34.52
475500.0,3247500.0,122.74759,29.35641,22,158.8,1242.71
480500.0,3250500.0,122.79905,29.38357,22,72.34,77.92
473500.0,3289500.0,122.72596,29.73542,22,50.36,5.35
469500.0,3268500.0,122.68519,29.54581,22,108.9,7.31
480500.0,3270500.0,122.79869,29.56408,22,72.2,81.69
512500.0,3185500.0,123.12809,28.79698,22,156.74,1242.99
503500.0,3212500.0,123.03595,29.04074,22,86.57,169.1
513500.0,3236500.0,123.13895,29.25729,22,69.92,91.27
513500.0,3269500.0,123.13935,29.55513,22,73.84,39.16
386500.0,3177500.0,121.83786,28.71984,22,4.42,1.83
401500.0,3171500.0,121.99195,28.66692,22,46.18,22.19
372500.0,3216500.0,121.69014,29.07046,22,124.96,3.18
401500.0,3306500.0,121.97992,29.88519,22,9.25,45.49
403500.0,3323500.0,121.99909,30.03874,22,130.16,845.49
450500.0,3181500.0,122.49296,28.75999,22,57.94,43.78
447500.0,3329500.0,122.45514,30.09557,22,16.7,12.33
447500.0,3353500.0,122.45395,30.31214,22,138.79,6.36
468500.0,3261500.0,122.67507,29.4826,22,68.49,10.86
454500.0,3290500.0,122.52945,29.74389,22,69.26,2.79
500500.0,3282500.0,123.00517,29.67253,22,6.14,3.43
514500.0,3312500.0,123.15025,29.94319,22,85.69,5.17
532500.0,3336500.0,123.33751,30.15943,22,66.08,110.65
372500.0,3155500.0,121.697,28.52,22,5.33,118.11
401500.0,3247500.0,121.98527,29.35279,22,74.62,101.89
381500.0,3338500.0,121.76927,30.17214,22,39.63,3.23
407500.0,3172500.0,122.05326,28.67639,22,79.28,4.57
438500.0,3184500.0,122.36988,28.78655,22,101.79,3.44
433500.0,3186500.0,122.31854,28.80435,22,114.45,27.3
410500.0,3256500.0,122.07724,29.43468,22,126.5,2004.76
442500.0,3278500.0,122.40599,29.6351,22,71.68,5.32
404500.0,3349500.0,122.00712,30.27342,22,18.74,20.48
457500.0,3172500.0,122.56499,28.679,22,68.45,40.66
478500.0,3159500.0,122.78018,28.56218,22,151.41,1738.73
462500.0,3209500.0,122.61494,29.01312,22,72.44,99.81
483500.0,3281500.0,122.8295,29.6634,22,67.44,17.89
483500.0,3318500.0,122.82893,29.99731,22,58.94,2.36
510500.0,3257500.0,123.10827,29.44686,22,77.65,1.78
519500.0,3285500.0,123.20158,29.69945,22,125.68,15.06
524500.0,3297500.0,123.25354,29.80766,22,118.08,12.14
520500.0,3319500.0,123.21256,30.00628,22,16.48,219.64
553500.0,3263500.0,123.55195,29.49991,22,159.05,21458.63
375500.0,3144500.0,121.72884,28.42102,22,29.09,34.22
366500.0,3163500.0,121.63477,28.59159,22,167.5,2.47
384500.0,3184500.0,121.81668,28.78283,22,4.79,6.2
362500.0,3262500.0,121.58171,29.48447,22,116.89,635.72
400500.0,3277500.0,121.97224,29.62342,22,108.58,16.21
422500.0,3194500.0,122.20527,28.87594,22,73.62,4.26
431500.0,3252500.0,122.29399,29.3999,22,70.28,2.48
409500.0,3247500.0,122.06767,29.35339,22,129.44,9.6
417500.0,3252500.0,122.14971,29.39906,22,101.45,2.6
420500.0,3261500.0,122.17997,29.48047,22,38.33,26.35
406500.0,3265500.0,122.03524,29.5156,22,154.22,3.05
435500.0,3273500.0,122.33397,29.58963,22,179.39,259.6
425500.0,3269500.0,122.231,29.55298,22,107.58,57.4
487500.0,3258500.0,122.87109,29.45586,22,84.38,26.63
490500.0,3287500.0,122.90178,29.71762,22,176.53,2.52
453500.0,3297500.0,122.5188,29.80703,22,11.06,2.48
454500.0,3321500.0,122.52813,30.02365,22,28.97,128.14
497500.0,3346500.0,122.97401,30.25011,22,79.51,6.73
457500.0,3337500.0,122.5586,30.16815,22,39.72,6.85
467500.0,3330500.0,122.66267,30.10529,22,31.41,2.76
452500.0,3350500.0,122.50609,30.28527,22,112.78,125.47
535500.0,3316500.0,123.368,29.97886,22,109.8,7.28
509500.0,3292500.0,123.09827,29.76274,22,84.93,16.7
513500.0,3336500.0,123.1402,30.15979,22,50.69,9.17
518500.0,3334500.0,123.19209,30.14168,22,96.12,7.35
550500.0,3285500.0,123.52203,29.69858,22,17.3,20.88
372500.0,3165500.0,121.69589,28.61024,22,44.03,1.37
388500.0,3164500.0,121.85961,28.60269,22,168.14,285.37
385500.0,3201500.0,121.8252,28.93633,22,107.73,5.09
358500.0,3309500.0,121.53431,29.90806,22,153.63,7.21
381500.0,3341500.0,121.76894,30.19921,22,23.81,8.27
421500.0,3232500.0,122.19235,29.21882,22,60.87,154.62
430500.0,3231500.0,122.285,29.21033,22,83.57,3.48
418500.0,3242500.0,122.16075,29.30888,22,126.68,248.62
433500.0,3328500.0,122.30992,30.08586,22,117.23,61.02
487500.0,3214500.0,122.87159,29.05874,22,160.0,798.89
488500.0,3281500.0,122.88116,29.66345,22,168.84,5.63
477500.0,3314500.0,122.7668,29.96112,22,51.85,42.78
469500.0,3296500.0,122.6844,29.7985,22,99.74,34.75
465500.0,3297500.0,122.64298,29.80742,22,76.76,9.23
504500.0,3317500.0,123.04665,29.98839,22,119.3,32.79
401500.0,3212500.0,121.98837,29.03694,22,76.95,115.32
424500.0,3179500.0,122.22678,28.74067,22,4.76,217.19
492500.0,3197500.0,122.92307,28.90533,22,176.42,1774.88
504500.0,3199500.0,123.04617,28.9234,22,4.71,1765.12
351500.0,3265500.0,121.46787,29.51027,22,142.22,3.82
425500.0,3177500.0,122.23715,28.72268,22,68.23,47.16
495500.0,3268500.0,122.95355,29.54617,22,53.54,31.37
461500.0,3313500.0,122.60101,29.9517,22,12.02,165.4
499500.0,3311500.0,122.99482,29.93425,22,66.18,2.92
457500.0,3319500.0,122.55932,30.00571,22,13.95,19.56
525500.0,3272500.0,123.2633,29.58202,22,90.06,24.89
501500.0,3265500.0,123.01548,29.5191,22,128.18,3.03
503500.0,3281500.0,123.03617,29.6635,22,126.24,1.16
512500.0,3310500.0,123.12951,29.92516,22,7.04,1411.84
505500.0,3312500.0,123.05699,29.94326,22,128.63,4.35
518500.0,3340500.0,123.19219,30.19582,22,158.62,249.23
431500.0,3205500.0,122.29689,28.97573,22,135.7,1.34
435500.0,3245500.0,122.33562,29.33694,22,40.25,5.98
465500.0,3224500.0,122.64528,29.14859,22,159.25,145.91
457500.0,3287500.0,122.56059,29.71693,22,128.43,2.35
521500.0,3242500.0,123.22141,29.31133,22,40.82,12.53
522500.0,3272500.0,123.23232,29.58208,22,124.91,71.78
532500.0,3351500.0,123.33797,30.29479,22,153.63,203.46
554500.0,3335500.0,123.56592,30.14962,22,122.18,38.43
412500.0,3145500.0,122.10649,28.43305,22,35.29,14.5
500500.0,3206500.0,123.00513,28.98659,22,85.08,11.23
545500.0,3273500.0,123.46984,29.59047,22,169.44,212.97
514500.0,3279500.0,123.14981,29.64537,22,96.95,14.36
515500.0,3282500.0,123.16019,29.67243,22,46.99,10.97
511500.0,3349500.0,123.11957,30.27713,22,39.99,16.97
395500.0,3333500.0,121.91515,30.12831,22,12.8,9.55
415500.0,3266500.0,122.12802,29.52527,22,107.17,3.9
496500.0,3215500.0,122.96404,29.06782,22,168.24,163.72
485500.0,3267500.0,122.85035,29.53707,22,33.16,1.66
460500.0,3319500.0,122.59043,30.00581,22,135.05,1.12
539500.0,3161500.0,123.40392,28.57981,22,159.12,75.23
501500.0,3213500.0,123.01541,29.04977,22,174.81,97.54
512500.0,3334500.0,123.12979,30.14175,22,74.83,32.02
551500.0,3341500.0,123.53506,30.2039,22,115.64,158.41
527500.0,3272500.0,123.28395,29.58198,22,20.23,23.38
526500.0,3307500.0,123.27448,29.89787,22,45.4,31.19
505500.0,3318500.0,123.05702,29.99741,22,129.53,3.37
508500.0,3336500.0,123.08827,30.15984,22,20.96,3908.31
555500.0,3271500.0,123.57299,29.57202,22,0.28,121.83
499500.0,3272500.0,122.99484,29.58228,22,71.45,1.63
552500.0,3352500.0,123.546,30.30312,22,106.81,122.34
508500.0,3349500.0,123.08838,30.27715,22,165.14,2069.45
448500.0,3247500.0,122.46943,29.35559,21,150.28,3170.92
410500.0,3312500.0,122.07261,29.94001,21,140.08,9.62
464500.0,3333500.0,122.63144,30.13228,21,12.97,93.12
501500.0,3340500.0,123.01558,30.19596,21,67.09,5.19
523500.0,3334500.0,123.244,30.14159,21,103.53,24.87
384500.0,3281500.0,121.80657,29.65813,21,17.88,22.92
466500.0,3272500.0,122.6541,29.58183,21,148.04,394.36
478500.0,3299500.0,122.77747,29.82577,21,174.31,7.13
470500.0,3298500.0,122.6947,29.81658,21,10.36,8.96
515500.0,3290500.0,123.1603,29.74463,21,97.76,30.37
505500.0,3329500.0,123.05708,30.09668,21,70.58,191.1
399500.0,3281500.0,121.96154,29.65944,21,4.83,8.52
435500.0,3159500.0,122.34056,28.56075,21,56.14,140.66
403500.0,3185500.0,122.01123,28.79342,21,167.68,208.53
432500.0,3182500.0,122.30853,28.76819,21,166.09,1.23
482500.0,3261500.0,122.81948,29.48288,21,64.86,28.96
521500.0,3283500.0,123.22221,29.68137,21,75.58,12.34
407500.0,3144500.0,122.05552,28.42368,21,67.26,69.94
416500.0,3156500.0,122.14654,28.53259,21,60.33,11.97
417500.0,3171500.0,122.15568,28.66804,21,60.57,5.86
412500.0,3173500.0,122.10436,28.68576,21,161.84,13.14
438500.0,3194500.0,122.36934,28.8768,21,81.91,5.69
415500.0,3213500.0,122.13207,29.04697,21,96.67,1.66
442500.0,3209500.0,122.40959,29.01237,21,44.45,5.84
427500.0,3240500.0,122.25355,29.29138,21,29.67,17.78
451500.0,3263500.0,122.49963,29.50011,21,53.9,2.39
488500.0,3278500.0,122.8812,29.63638,21,36.54,7.77
466500.0,3302500.0,122.65317,29.85257,21,139.93,17.9
516500.0,3285500.0,123.17057,29.6995,21,84.16,3.25
525500.0,3308500.0,123.26415,29.90691,21,102.51,3.83
534500.0,3295500.0,123.35695,29.78937,21,130.73,5.7
521500.0,3349500.0,123.22354,30.27699,21,22.36,2.08
367500.0,3152500.0,121.64626,28.49243,21,146.92,5.52
369500.0,3265500.0,121.65353,29.51228,21,39.66,18.72
478500.0,3282500.0,122.77781,29.67234,21,5.59,2.99
436500.0,3339500.0,122.34039,30.18528,21,12.54,4.66
467500.0,3317500.0,122.66307,29.98797,21,160.73,20.87
464500.0,3297500.0,122.63263,29.80739,21,86.17,12.37
466500.0,3323500.0,122.65252,30.04209,21,119.17,23.97
524500.0,3284500.0,123.25324,29.69034,21,92.57,3.9
517500.0,3304500.0,123.18121,29.87095,21,108.49,6.98
396500.0,3173500.0,121.9406,28.68458,21,50.96,5.89
395500.0,3160500.0,121.93156,28.56718,21,42.46,4.8
397500.0,3174500.0,121.95075,28.69369,21,58.23,25.7
401500.0,3338500.0,121.97696,30.17393,21,133.39,30.22
404500.0,3178500.0,122.02206,28.73032,21,51.21,21.95
414500.0,3187500.0,122.12377,28.81225,21,152.46,251.73
407500.0,3190500.0,122.0518,28.83884,21,88.43,63.03
428500.0,3192500.0,122.26692,28.85823,21,87.13,58.57
494500.0,3300500.0,122.94307,29.83497,21,177.72,4.43
462500.0,3313500.0,122.61138,29.95173,21,29.97,2.81
474500.0,3324500.0,122.73547,30.05131,21,20.36,5.39
380500.0,3182500.0,121.77592,28.76442,21,35.33,32.32
400500.0,3287500.0,121.97132,29.71366,21,48.49,17.07
397500.0,3286500.0,121.94041,29.70439,21,14.7,5.4
421500.0,3181500.0,122.19592,28.75855,21,117.55,378.64
404500.0,3191500.0,122.02096,28.84765,21,124.59,81.21
442500.0,3204500.0,122.40984,28.96724,21,165.5,196.34
427500.0,3279500.0,122.25097,29.64334,21,115.02,6.87
433500.0,3301500.0,122.3116,29.84221,21,72.75,1176.5
446500.0,3347500.0,122.44386,30.25795,21,83.94,1.6
478500.0,3274500.0,122.77797,29.60014,21,126.69,312.39
370500.0,3142500.0,121.67803,28.40249,21,0.79,5.61
378500.0,3156500.0,121.7582,28.5296,21,29.55,2.44
371500.0,3157500.0,121.68656,28.53795,21,49.02,2.66
402500.0,3174500.0,122.00192,28.69407,21,38.87,13.34
374500.0,3172500.0,121.71557,28.67361,21,30.1,7.59
366500.0,3229500.0,121.62695,29.18714,21,119.45,11.54
391500.0,3284500.0,121.87859,29.68583,21,172.42,7.17
421500.0,3191500.0,122.19523,28.8488,21,88.44,2.24
419500.0,3190500.0,122.1748,28.83965,21,10.53,12.33
420500.0,3216500.0,122.18321,29.07436,21,113.57,11.47
409500.0,3219500.0,122.06996,29.1007,21,123.95,15.72
439500.0,3260500.0,122.376,29.47251,21,54.31,18.36
418500.0,3236500.0,122.16119,29.25473,21,54.36,7.89
431500.0,3291500.0,122.29154,29.75186,21,153.54,635.65
408500.0,3343500.0,122.04922,30.21959,21,1.04,64.67
473500.0,3243500.0,122.72708,29.32027,21,73.14,60.83
486500.0,3321500.0,122.85999,30.02442,21,104.95,7.04
506500.0,3296500.0,123.06726,29.79886,21,59.67,8.23
376500.0,3183500.0,121.73484,28.77307,21,117.81,3.68
390500.0,3199500.0,121.87669,28.91872,21,133.12,1664.85
393500.0,3190500.0,121.90831,28.83776,21,73.81,14.7
436500.0,3215500.0,122.34764,29.06624,21,83.42,552.78
405500.0,3253500.0,122.02596,29.40724,21,94.32,1215.13
442500.0,3281500.0,122.40583,29.66217,21,55.92,27.37
415500.0,3274500.0,122.12739,29.59746,21,155.56,58.6
423500.0,3283500.0,122.20937,29.6792,21,3.78,218.29
434500.0,3275500.0,122.32353,29.60763,21,7.73,2.39
433500.0,3278500.0,122.31302,29.63465,21,61.71,10.59
449500.0,3311500.0,122.47675,29.93321,21,111.64,3795.79
471500.0,3232500.0,122.70677,29.22094,21,68.28,694.79
466500.0,3230500.0,122.65538,29.20277,21,164.13,4046.53
491500.0,3289500.0,122.9121,29.73568,21,148.75,17128.66
499500.0,3278500.0,122.99483,29.63643,21,35.46,3.3
487500.0,3315500.0,122.87043,29.97029,21,155.23,6.73
531500.0,3307500.0,123.32627,29.89775,21,135.89,101.55
358500.0,3261500.0,121.54059,29.475,21,59.17,6.24
402500.0,3310500.0,121.98991,29.92136,21,103.52,4.37
439500.0,3166500.0,122.38108,28.62413,21,149.31,6652.34
448500.0,3341500.0,122.46494,30.2039,21,62.8,224.17
457500.0,3163500.0,122.56533,28.59777,21,75.87,11.33
458500.0,3201500.0,122.57417,28.94079,21,149.17,107.06
455500.0,3185500.0,122.54401,28.79627,21,62.05,42.16
465500.0,3221500.0,122.64538,29.12151,21,162.26,1086.91
462500.0,3278500.0,122.6126,29.63586,21,8.64,6.34
515500.0,3205500.0,123.1591,28.97747,21,76.08,867.69
536500.0,3246500.0,123.37601,29.34709,21,62.21,194.13
528500.0,3254500.0,123.2938,29.4195,21,73.82,70.51
511500.0,3261500.0,123.11863,29.48295,21,47.43,3.82
509500.0,3309500.0,123.09842,29.91617,21,68.06,4.56
528500.0,3295500.0,123.29488,29.78953,21,2.08,3.62
372500.0,3146500.0,121.698,28.43878,21,147.46,42.83
387500.0,3323500.0,121.83317,30.03737,21,96.34,9.37
465500.0,3223500.0,122.64531,29.13956,21,164.5,556.61
474500.0,3257500.0,122.73705,29.44664,21,163.1,6.06
466500.0,3326500.0,122.65242,30.06916,21,139.96,360.38
363500.0,3157500.0,121.60481,28.53714,21,86.91,1.72
460500.0,3273500.0,122.59212,29.59068,21,56.21,27.89
458500.0,3193500.0,122.57446,28.86858,21,61.71,132.58
474500.0,3260500.0,122.73699,29.47372,21,163.35,616.67
493500.0,3279500.0,122.93284,29.64544,21,163.82,20.91
502500.0,3331500.0,123.02595,30.11474,21,38.26,45.66
283500.0,3330500.0,120.7536,30.08651,21,56.58,2.78
334500.0,3319500.0,121.28425,29.99527,21,11.74,2765.31
403500.0,3242500.0,122.00631,29.30782,21,170.63,6.68
426500.0,3336500.0,122.23673,30.15765,21,161.88,3.74
415500.0,3184500.0,122.13424,28.78524,21,47.0,185.49
503500.0,3280500.0,123.03616,29.65448,21,29.6,5.85
372500.0,3163500.0,121.69611,28.59219,21,93.16,17.85
381500.0,3190500.0,121.78532,28.8367,21,162.17,2.35
400500.0,3229500.0,121.97659,29.19027,21,122.17,17.59
408500.0,3184500.0,122.06253,28.78476,21,37.29,44.69
446500.0,3319500.0,122.44527,30.00528,21,77.46,21.7
455500.0,3195500.0,122.54362,28.88653,21,154.65,1426.4
475500.0,3238500.0,122.74779,29.27518,21,14.79,2.78
497500.0,3317500.0,122.97408,29.9884,21,163.24,521.94
471500.0,3296500.0,122.7051,29.79855,21,54.07,3.23
497500.0,3313500.0,122.97409,29.9523,21,157.11,701.05
543500.0,3182500.0,123.44562,28.76923,21,131.97,5897.71
503500.0,3210500.0,123.03594,29.02269,21,82.94,5.36
516500.0,3256500.0,123.17013,29.43777,21,119.4,8.47
509500.0,3282500.0,123.09818,29.67249,21,84.05,1629.9
503500.0,3351500.0,123.0364,30.29523,21,159.14,1564.67
554500.0,3301500.0,123.56418,29.8428,21,175.94,1122.45
393500.0,3170500.0,121.91018,28.65726,21,173.72,539.16
390500.0,3179500.0,121.87862,28.73823,21,21.9,3.17
381500.0,3179500.0,121.78647,28.73744,21,61.29,5.03
411500.0,3208500.0,122.09138,29.00157,21,70.78,4.79
432500.0,3207500.0,122.30703,28.99383,21,162.25,3.0
405500.0,3296500.0,122.02222,29.79526,21,34.22,3.26
459500.0,3205500.0,122.58428,28.97692,21,167.01,573.56
461500.0,3203500.0,122.60488,28.95893,21,10.82,104.71
468500.0,3262500.0,122.67504,29.49163,21,65.86,5.67
470500.0,3243500.0,122.69618,29.3202,21,40.84,218.79
488500.0,3269500.0,122.88129,29.55515,21,127.88,3.06
462500.0,3264500.0,122.61308,29.50951,21,53.78,2.01
495500.0,3266500.0,122.95356,29.52812,21,162.89,766.61
481500.0,3299500.0,122.80852,29.82582,21,168.21,113.04
453500.0,3314500.0,122.51807,29.96044,21,26.63,20.38
504500.0,3155500.0,123.04599,28.52624,21,149.24,5135.88
504500.0,3290500.0,123.04654,29.74472,21,58.37,2.57
507500.0,3310500.0,123.0777,29.9252,21,86.7,6.88
385500.0,3169500.0,121.82843,28.64755,21,11.48,5.14
382500.0,3167500.0,121.79795,28.62924,21,27.54,8.94
383500.0,3196500.0,121.8052,28.89103,21,175.62,255.02
375500.0,3195500.0,121.72328,28.88126,21,24.12,6.09
400500.0,3208500.0,121.97846,29.00076,21,153.86,7.59
380500.0,3195500.0,121.77454,28.88173,21,123.22,13.09
392500.0,3213500.0,121.89586,29.04523,21,134.76,22.0
365500.0,3267500.0,121.61203,29.52991,21,32.54,59.66
398500.0,3295500.0,121.9499,29.78569,21,63.47,2.56
408500.0,3156500.0,122.06478,28.53206,21,69.83,1.98
438500.0,3199500.0,122.36906,28.92193,21,79.39,2.08
440500.0,3196500.0,122.38974,28.89495,21,53.78,4.41
439500.0,3186500.0,122.38002,28.80465,21,1.65,148.1
440500.0,3205500.0,122.38926,28.97618,21,34.75,19.2
410500.0,3219500.0,122.08024,29.10077,21,99.99,7.47
408500.0,3260500.0,122.05629,29.47063,21,31.66,2.91
424500.0,3242500.0,122.22253,29.30926,21,41.21,39.26
403500.0,3261500.0,122.00464,29.47928,21,64.23,3.85
410500.0,3244500.0,122.07822,29.32639,21,120.22,3.36
406500.0,3244500.0,122.03703,29.3261,21,69.93,4.04
432500.0,3274500.0,122.30294,29.5985,21,14.72,1.66
451500.0,3173500.0,122.50354,28.68782,21,69.85,1800.35
467500.0,3166500.0,122.66752,28.62513,21,154.89,2001.59
479500.0,3162500.0,122.79035,28.58927,21,33.84,82.93
493500.0,3210500.0,122.93325,29.02268,21,72.43,394.11
473500.0,3259500.0,122.7267,29.46467,21,78.98,47.71
528500.0,3255500.0,123.29383,29.42853,21,61.02,49.4
522500.0,3285500.0,123.23259,29.6994,21,130.22,1.87
525500.0,3285500.0,123.2636,29.69934,21,58.91,3.25
506500.0,3289500.0,123.06722,29.73569,21,113.56,7.89
538500.0,3328500.0,123.39953,30.08706,21,158.9,13099.4
353500.0,3311500.0,121.48226,29.92552,21,31.8,5.06
399500.0,3165500.0,121.97201,28.61262,21,149.7,2.71
363500.0,3174500.0,121.60278,28.69054,21,130.21,57.84
377500.0,3193500.0,121.744,28.8634,21,170.03,9.53
402500.0,3255500.0,121.99486,29.42506,21,117.19,1706.51
412500.0,3144500.0,122.10657,28.42403,21,40.77,18.42
416500.0,3177500.0,122.145,28.72213,21,41.36,94.01
447500.0,3201500.0,122.4613,28.94038,21,56.87,3.62
433500.0,3190500.0,122.3183,28.84045,21,91.55,9.64
421500.0,3227500.0,122.19271,29.1737,21,45.7,77.47
426500.0,3263500.0,122.24172,29.49889,21,179.46,1.28
425500.0,3248500.0,122.23242,29.36346,21,54.93,134.01
421500.0,3246500.0,122.19136,29.34517,21,22.67,89.82
427500.0,3236500.0,122.25382,29.25528,21,48.09,86.77
451500.0,3258500.0,122.49985,29.45499,21,30.08,16.25
435500.0,3277500.0,122.33374,29.62573,21,7.51,338.06
428500.0,3265500.0,122.26222,29.51706,21,43.73,1.86
435500.0,3272500.0,122.33403,29.58061,21,56.56,4.81
433500.0,3271500.0,122.31345,29.57148,21,44.33,7.96
418500.0,3281500.0,122.15785,29.66083,21,167.09,3.14
425500.0,3278500.0,122.23038,29.6342,21,113.99,51.38
434500.0,3271500.0,122.32377,29.57153,21,17.51,38.65
474500.0,3235500.0,122.73756,29.24808,21,157.7,986.55
454500.0,3230500.0,122.53194,29.20239,21,109.7,331.1
490500.0,3269500.0,122.90194,29.55517,21,43.74,66.24
527500.0,3259500.0,123.28362,29.46465,21,17.3,92.82
505500.0,3280500.0,123.05683,29.65447,21,105.85,4.03
521500.0,3340500.0,123.22336,30.19577,21,124.26,11.07
516500.0,3319500.0,123.17109,30.00634,21,137.26,75.39
525500.0,3347500.0,123.26508,30.25887,21,85.4,20.24
385500.0,3161500.0,121.82923,28.57536,21,56.37,4.12
402500.0,3246500.0,121.99566,29.34384,21,87.95,8.0
402500.0,3346500.0,121.9866,30.24619,21,43.64,172.54
424500.0,3169500.0,122.22744,28.65042,21,158.64,10.74
431500.0,3181500.0,122.29834,28.75912,21,38.01,1.73
430500.0,3230500.0,122.28507,29.2013,21,14.79,35.42
422500.0,3244500.0,122.2018,29.32718,21,54.95,28.62
408500.0,3246500.0,122.05746,29.34429,21,163.02,95.6
421500.0,3264500.0,122.19007,29.50761,21,83.05,79.93
440500.0,3279500.0,122.38527,29.64403,21,81.7,2.42
479500.0,3316500.0,122.78749,29.9792,21,92.63,2.9
524500.0,3329500.0,123.25427,30.09645,21,73.36,10.73
524500.0,3327500.0,123.25422,30.0784,21,15.76,911.87
525500.0,3353500.0,123.26523,30.31301,21,148.51,180.8
433500.0,3188500.0,122.31842,28.8224,21,73.67,1.91
432500.0,3246500.0,122.30466,29.34581,21,125.67,17.56
433500.0,3346500.0,122.30879,30.24829,21,85.64,42.7
492500.0,3198500.0,122.92306,28.91436,21,88.53,1826.61
515500.0,3269500.0,123.16,29.55511,21,85.72,12.39
553500.0,3340500.0,123.55579,30.19479,21,47.21,10.19
375500.0,3161500.0,121.727,28.57444,21,87.95,8.2
385500.0,3164500.0,121.82893,28.60243,21,157.69,88.86
408500.0,3145500.0,122.06565,28.43278,21,76.53,137.66
432500.0,3198500.0,122.30757,28.9126,21,65.67,37.31
445500.0,3200500.0,122.44083,28.93127,21,53.96,25.69
443500.0,3198500.0,122.42041,28.91314,21,45.48,156.4
421500.0,3230500.0,122.19249,29.20078,21,51.4,3.2
427500.0,3352500.0,122.24601,30.30208,21,149.56,59.63
495500.0,3285500.0,122.95348,29.6996,21,11.74,43.3
465500.0,3266500.0,122.64397,29.52765,21,44.51,1.63
504500.0,3266500.0,123.04644,29.52812,21,72.04,1.38
508500.0,3281500.0,123.08784,29.66348,21,150.85,6.45
509500.0,3306500.0,123.09839,29.88909,21,175.59,42.67
511500.0,3313500.0,123.11918,29.95225,21,134.05,29.21
519500.0,3348500.0,123.20273,30.268,21,90.43,7.3
520500.0,3351500.0,123.21318,30.29506,21,15.15,64.72
392500.0,3352500.0,121.88207,30.29948,21,165.75,134.7
411500.0,3160500.0,122.09513,28.56837,21,19.57,11.35
424500.0,3206500.0,122.22497,28.98436,21,148.86,251.66
420500.0,3225500.0,122.18257,29.15559,21,174.86,7.06
434500.0,3250500.0,122.32503,29.38201,21,59.02,3.97
437500.0,3281500.0,122.35417,29.66193,21,174.85,21.95
436500.0,3295500.0,122.34301,29.78822,21,93.57,86.07
469500.0,3215500.0,122.68666,29.06746,21,152.6,662.82
485500.0,3262500.0,122.85042,29.49194,21,74.01,24.08
520500.0,3317500.0,123.21253,29.98823,21,159.43,5258.77
500500.0,3301500.0,123.00518,29.844,21,23.33,33.47
519500.0,3343500.0,123.20264,30.22288,21,37.11,6.13
554500.0,3342500.0,123.56628,30.21279,21,147.65,355.94
493500.0,3184500.0,122.9334,28.788,21,177.32,246.71
467500.0,3290500.0,122.66389,29.7443,21,169.38,120.28
500500.0,3195500.0,123.00513,28.8873,21,170.7,270.42
517500.0,3219500.0,123.17985,29.10381,21,63.9,23.63
495500.0,3212500.0,122.95378,29.04074,21,178.32,71.5
491500.0,3214500.0,122.91268,29.05877,21,168.45,133.22
499500.0,3212500.0,122.99486,29.04075,21,160.75,551.0
498500.0,3285500.0,122.98449,29.6996,21,82.41,284.53
498500.0,3276500.0,122.98451,29.61838,21,65.01,1.8
499500.0,3292500.0,122.99483,29.76278,21,157.18,1.65
526500.0,3171500.0,123.27122,28.6704,21,140.91,15920.97
507500.0,3264500.0,123.07739,29.51006,21,127.02,5.41
514500.0,3271500.0,123.1497,29.57317,21,105.46,3.72
549500.0,3338500.0,123.51414,30.17691,21,93.87,49.62
489500.0,3201500.0,122.89226,28.94142,21,177.02,233.87
457500.0,3276500.0,122.56102,29.61765,21,136.27,678.32
457500.0,3306500.0,122.55984,29.88839,21,105.7,138.38
491500.0,3327500.0,122.9118,30.07862,21,134.69,49.21
545500.0,3289500.0,123.47051,29.73487,21,16.77,78.31
536500.0,3318500.0,123.37843,29.99688,21,158.55,72.16
549500.0,3269500.0,123.51096,29.55422,21,118.53,142.94
489500.0,3250500.0,122.8918,29.38368,21,153.48,28797.73
487500.0,3265500.0,122.87101,29.51904,21,73.36,8.51
454500.0,3268500.0,122.53037,29.54535,21,166.07,209.99
485500.0,3322500.0,122.84961,30.03344,21,138.5,849.09
528500.0,3283500.0,123.29456,29.68123,21,90.43,464.2
537500.0,3271500.0,123.38716,29.57269,21,8.33,45.02
508500.0,3311500.0,123.08807,29.93422,21,85.81,2593.99
434500.0,3257500.0,122.32461,29.44519,21,158.51,830.95
488500.0,3274500.0,122.88124,29.60028,21,151.68,3.61
506500.0,3321500.0,123.06741,30.02448,21,38.45,22.73
519500.0,3347500.0,123.20271,30.25898,21,83.8,2.88
546500.0,3249500.0,123.47914,29.37384,21,168.04,30126.66
400500.0,3278500.0,121.97215,29.63245,20,146.34,36.92
391500.0,3344500.0,121.8725,30.22721,20,126.35,7.26
442500.0,3230500.0,122.4085,29.2019,20,121.26,77.48
508500.0,3292500.0,123.08792,29.76275,20,74.9,1.9
508500.0,3301500.0,123.08799,29.84398,20,95.74,13.0
501500.0,3331500.0,123.01557,30.11474,20,34.9,21.46
512500.0,3326500.0,123.12969,30.06956,20,47.32,318.92
289500.0,3326500.0,120.81661,30.05149,20,43.95,225.92
423500.0,3316500.0,122.20702,29.97699,20,168.08,3.69
445500.0,3312500.0,122.43526,29.94207,20,124.98,16.64
468500.0,3235500.0,122.67582,29.24795,20,65.2,5.36
475500.0,3243500.0,122.74768,29.32031,20,57.54,102.13
474500.0,3277500.0,122.73659,29.62714,20,40.65,3.54
474500.0,3274500.0,122.73666,29.60007,20,66.37,3.3
497500.0,3298500.0,122.97413,29.81693,20,64.38,9.03
440500.0,3338500.0,122.38199,30.17646,20,15.0,5.34
525500.0,3305500.0,123.26407,29.87984,20,53.22,10.85
386500.0,3224500.0,121.83312,29.14398,20,131.3,1.57
414500.0,3146500.0,122.12684,28.44221,20,53.06,60.41
415500.0,3158500.0,122.13617,28.55058,20,56.24,28.18
417500.0,3194500.0,122.154,28.87562,20,146.69,483.82
436500.0,3206500.0,122.34815,28.98501,20,94.28,4.08
410500.0,3226500.0,122.07967,29.16395,20,39.0,13.98
439500.0,3210500.0,122.37873,29.02126,20,143.03,2.55
418500.0,3233500.0,122.16142,29.22766,20,147.61,5.28
429500.0,3215500.0,122.27573,29.06587,20,26.08,2.53
437500.0,3249500.0,122.356,29.37314,20,27.56,6.81
434500.0,3247500.0,122.3252,29.35494,20,43.97,29.42
440500.0,3337500.0,122.38205,30.16744,20,163.45,5.66
486500.0,3261500.0,122.86074,29.48293,20,32.4,4.16
479500.0,3310500.0,122.78761,29.92506,20,140.37,186.85
461500.0,3326500.0,122.60054,30.06901,20,35.65,55.15
517500.0,3267500.0,123.18061,29.53703,20,108.15,9.92
511500.0,3305500.0,123.11909,29.88005,20,122.85,56.36
534500.0,3351500.0,123.35877,30.29474,20,91.67,3.07
457500.0,3303500.0,122.55996,29.86132,20,73.92,6.01
529500.0,3236500.0,123.30363,29.25702,20,118.64,67.47
540500.0,3337500.0,123.42063,30.16822,20,38.09,51.34
402500.0,3288500.0,121.99191,29.72284,20,76.39,2.5
506500.0,3340500.0,123.06753,30.19595,20,55.01,23.04
332500.0,3322500.0,121.26306,30.02206,20,30.1,326.25
383500.0,3172500.0,121.80766,28.67445,20,175.81,9.06
425500.0,3165500.0,122.23794,28.61437,20,52.81,3.67
441500.0,3291500.0,122.39496,29.75237,20,44.8,34.1
476500.0,3262500.0,122.75757,29.49181,20,107.13,13.52
491500.0,3279500.0,122.91218,29.64543,20,175.94,7.34
464500.0,3309500.0,122.63224,29.91569,20,4.49,729.84
334500.0,3321500.0,121.28394,30.01331,20,38.11,32.65
377500.0,3209500.0,121.74226,29.00778,20,21.36,145.27
383500.0,3225500.0,121.80218,29.15273,20,176.48,11.13
382500.0,3278500.0,121.78624,29.63088,20,53.48,2.7
367500.0,3264500.0,121.63303,29.50305,20,6.14,3.75
412500.0,3204500.0,122.10196,28.96554,20,64.58,40.78
421500.0,3218500.0,122.19334,29.09248,20,74.61,1.92
448500.0,3288500.0,122.46749,29.72561,20,63.59,7.67
491500.0,3325500.0,122.91182,30.06057,20,155.66,2247.36
464500.0,3353500.0,122.63076,30.31276,20,174.89,2277.22
370500.0,3156500.0,121.67645,28.52883,20,174.06,3.37
369500.0,3269500.0,121.65306,29.54838,20,18.23,2.47
427500.0,3174500.0,122.25782,28.69572,20,168.95,319.95
426500.0,3172500.0,122.24771,28.67761,20,97.69,5.94
408500.0,3162500.0,122.0643,28.58621,20,44.12,30.63
441500.0,3202500.0,122.39968,28.94915,20,54.76,2.01
422500.0,3222500.0,122.20334,29.12864,20,75.45,3.4
417500.0,3221500.0,122.15202,29.1193,20,116.54,13.96
446500.0,3237500.0,122.44931,29.26526,20,58.28,169.44
407500.0,3281500.0,122.04419,29.66006,20,93.25,3.79
441500.0,3334500.0,122.3926,30.14041,20,89.76,2.46
470500.0,3259500.0,122.69576,29.4646,20,112.1,664.91
476500.0,3322500.0,122.75626,30.0333,20,0.21,5.98
506500.0,3224500.0,123.06683,29.14904,20,160.24,2434.96
515500.0,3281500.0,123.16017,29.66341,20,129.57,145.66
526500.0,3294500.0,123.27416,29.78055,20,41.92,20.01
516500.0,3293500.0,123.17069,29.7717,20,63.76,12.32
516500.0,3292500.0,123.17067,29.76267,20,60.91,22.93
394500.0,3286500.0,121.9094,29.70414,20,147.65,2.41
424500.0,3167500.0,122.22758,28.63237,20,85.36,2.35
437500.0,3221500.0,122.35758,29.12044,20,166.54,1.69
424500.0,3228500.0,122.22349,29.18291,20,150.34,575.66
409500.0,3271500.0,122.06569,29.56997,20,83.38,98.27
443500.0,3282500.0,122.41611,29.67124,20,47.71,5.01
468500.0,3260500.0,122.6751,29.47358,20,120.58,3.03
486500.0,3267500.0,122.86067,29.53708,20,175.51,20.25
487500.0,3271500.0,122.87094,29.57319,20,88.34,25.53
441500.0,3170500.0,122.40134,28.66032,20,145.27,27175.64
418500.0,3185500.0,122.16491,28.79446,20,111.94,11.57
417500.0,3186500.0,122.15459,28.80342,20,70.28,13.63
410500.0,3216500.0,122.08048,29.0737,20,109.97,9.54
473500.0,3235500.0,122.72727,29.24806,20,163.46,2979.82
461500.0,3213500.0,122.60454,29.04919,20,164.12,483.45
533500.0,3174500.0,123.34295,28.69732,20,171.37,9111.48
393500.0,3215500.0,121.90594,29.06337,20,145.73,75.06
417500.0,3177500.0,122.15524,28.72219,20,177.44,22.98
421500.0,3225500.0,122.19285,29.15565,20,157.64,2.92
403500.0,3279500.0,122.00305,29.64171,20,131.37,4.12
477500.0,3215500.0,122.76884,29.06763,20,142.51,25825.21
462500.0,3217500.0,122.61467,29.08532,20,161.6,1923.65
471500.0,3263500.0,122.70596,29.50073,20,73.49,3.84
547500.0,3290500.0,123.49124,29.74382,20,48.9,4.04
544500.0,3322500.0,123.46154,30.03271,20,25.76,1985.6
545500.0,3322500.0,123.47191,30.03268,20,29.74,555.88
389500.0,3278500.0,121.85853,29.63152,20,36.97,818.88
417500.0,3174500.0,122.15546,28.69512,20,152.72,229.43
460500.0,3261500.0,122.59255,29.48238,20,148.28,4370.9
475500.0,3264500.0,122.74721,29.50984,20,101.31,152.27
513500.0,3266500.0,123.13932,29.52806,20,53.83,6.32
532500.0,3315500.0,123.33687,29.96992,20,78.65,40.03
418500.0,3216500.0,122.16266,29.07424,20,107.75,74.82
450500.0,3296500.0,122.48781,29.79789,20,101.46,8.87
476500.0,3241500.0,122.75802,29.30227,20,51.6,1.45
454500.0,3350500.0,122.52688,30.28535,20,151.14,19.24
394500.0,3181500.0,121.91939,28.75662,20,47.75,114.21
375500.0,3333500.0,121.70756,30.12643,20,107.67,61.11
447500.0,3174500.0,122.46255,28.69669,20,146.45,308.72
448500.0,3251500.0,122.46924,29.39169,20,60.67,14.06
499500.0,3284500.0,122.99483,29.69058,20,53.72,2.21
467500.0,3318500.0,122.66304,29.99699,20,168.57,11.56
515500.0,3353500.0,123.16122,30.31318,20,57.32,1.5
397500.0,3233500.0,121.94537,29.22613,20,119.23,5.02
469500.0,3234500.0,122.68613,29.23895,20,161.34,208.16
507500.0,3246500.0,123.07726,29.3476,20,83.44,341.66
502500.0,3238500.0,123.02574,29.27541,20,3.03,356.05
533500.0,3315500.0,123.34723,29.96989,20,71.26,47.7
532500.0,3314500.0,123.33684,29.9609,20,83.42,943.73
385500.0,3205500.0,121.82479,28.97243,20,40.74,277.28
374500.0,3328500.0,121.69777,30.08122,20,107.55,445.28
440500.0,3156500.0,122.39183,28.53391,20,159.37,143.49
444500.0,3176500.0,122.43174,28.71461,20,59.0,30.86
442500.0,3174500.0,122.41137,28.69647,20,161.56,108.65
430500.0,3187500.0,122.28773,28.81322,20,64.04,191.42
449500.0,3260500.0,122.47913,29.47296,20,174.08,3580.19
445500.0,3318500.0,122.43495,29.99621,20,171.89,987.16
464500.0,3151500.0,122.63729,28.48966,20,149.19,8489.59
465500.0,3151500.0,122.64751,28.48969,20,147.21,8213.55
465500.0,3193500.0,122.64624,28.86879,20,68.26,73.15
464500.0,3195500.0,122.63592,28.88681,20,52.66,746.71
471500.0,3190500.0,122.70784,28.84186,20,159.58,2235.34
452500.0,3189500.0,122.51311,28.83227,20,149.66,15517.82
466500.0,3207500.0,122.65607,28.99518,20,168.65,310.8
472500.0,3200500.0,122.71784,28.93214,20,61.0,170.04
471500.0,3198500.0,122.70763,28.91407,20,61.21,261.03
496500.0,3244500.0,122.96395,29.32956,20,151.21,35.11
458500.0,3306500.0,122.5702,29.88843,20,17.59,8.39
496500.0,3312500.0,122.96373,29.94327,20,159.78,332.46
484500.0,3332500.0,122.83909,30.12367,20,153.23,18.68
485500.0,3332500.0,122.84947,30.12368,20,4.85,6.93
458500.0,3345500.0,122.56867,30.24037,20,10.45,61.08
455500.0,3348500.0,122.53737,30.26734,20,27.98,193.83
508500.0,3197500.0,123.08719,28.90533,20,76.45,262.01
513500.0,3212500.0,123.13866,29.04067,20,67.96,210.29
516500.0,3214500.0,123.1695,29.05869,20,74.42,17.61
516500.0,3219500.0,123.16957,29.10382,20,75.33,39.51
513500.0,3248500.0,123.1391,29.3656,20,87.72,63.03
518500.0,3259500.0,123.1908,29.46481,20,160.79,11312.42
510500.0,3282500.0,123.10851,29.67249,20,90.03,2284.2
521500.0,3279500.0,123.22213,29.64527,20,77.82,675.03
513500.0,3282500.0,123.13952,29.67246,20,173.69,2.18
402500.0,3306500.0,121.99028,29.88527,20,161.1,1208.29
432500.0,3167500.0,122.30942,28.63281,20,69.75,15.51
411500.0,3207500.0,122.09146,28.99255,20,78.27,27.54
444500.0,3245500.0,122.42832,29.33737,20,147.25,268.47
409500.0,3269500.0,122.06586,29.55192,20,14.55,6.24
410500.0,3342500.0,122.07009,30.21071,20,168.35,59.13
447500.0,3340500.0,122.4546,30.19483,20,153.89,8.7
473500.0,3247500.0,122.72698,29.35637,20,139.67,83.32
488500.0,3270500.0,122.88128,29.56418,20,82.29,2.34
475500.0,3296500.0,122.74649,29.79864,20,112.99,5.04
464500.0,3316500.0,122.632,29.97886,20,91.31,2.26
507500.0,3203500.0,123.07697,28.95949,20,172.78,537.57
520500.0,3299500.0,123.21218,29.82578,20,167.33,3367.22
517500.0,3330500.0,123.18164,30.10559,20,98.62,8.92
377500.0,3148500.0,121.74883,28.45731,20,148.43,4.61
386500.0,3165500.0,121.83906,28.61154,20,6.22,23.01
378500.0,3188500.0,121.75479,28.81838,20,178.76,103.71
391500.0,3216500.0,121.8853,29.07222,20,109.79,16.99
399500.0,3261500.0,121.96339,29.47896,20,11.21,2.51
439500.0,3195500.0,122.37954,28.88588,20,87.09,6.1
436500.0,3188500.0,122.34916,28.82255,20,78.54,81.36
442500.0,3185500.0,122.41081,28.79576,20,76.7,3.25
441500.0,3189500.0,122.40036,28.83181,20,88.36,3.48
411500.0,3237500.0,122.08908,29.26329,20,39.93,2.24
443500.0,3268500.0,122.41684,29.5449,20,27.58,1.82
436500.0,3300500.0,122.34271,29.83334,20,174.43,697.29
431500.0,3341500.0,122.28833,30.20306,20,70.6,237.94
458500.0,3168500.0,122.57537,28.64293,20,158.43,5659.66
473500.0,3232500.0,122.72734,29.22098,20,79.68,23.73
466500.0,3236500.0,122.6552,29.25692,20,155.12,2812.26
465500.0,3236500.0,122.64491,29.25689,20,161.3,1694.13
452500.0,3295500.0,122.50854,29.78894,20,169.09,12.11
471500.0,3307500.0,122.70481,29.89782,20,160.71,2422.29
496500.0,3342500.0,122.96363,30.21401,20,5.56,948.37
529500.0,3148500.0,123.30133,28.46273,20,149.49,29425.93
543500.0,3193500.0,123.44605,28.86851,20,177.53,1597317.41
513500.0,3262500.0,123.13927,29.49195,20,78.49,1373.6
508500.0,3236500.0,123.08749,29.25734,20,13.15,1706.71
516500.0,3275500.0,123.17041,29.60925,20,38.39,11.16
501500.0,3313500.0,123.01555,29.9523,20,165.89,7.6
393500.0,3151500.0,121.91195,28.48579,20,131.61,6365.47
395500.0,3201500.0,121.92779,28.93719,20,2.72,40.4
384500.0,3185500.0,121.81658,28.79186,20,108.11,47.7
377500.0,3219500.0,121.74116,29.09802,20,110.46,6.81
435500.0,3163500.0,122.34033,28.59686,20,144.15,386.79
423500.0,3234500.0,122.21279,29.237,20,33.51,10.09
403500.0,3258500.0,122.0049,29.45221,20,69.35,6.47
423500.0,3249500.0,122.21175,29.37237,20,47.0,236.23
417500.0,3256500.0,122.14941,29.43516,20,150.07,206.96
432500.0,3250500.0,122.30442,29.38191,20,29.43,2.93
438500.0,3241500.0,122.36675,29.30099,20,50.69,3.62
427500.0,3266500.0,122.25184,29.52602,20,131.09,346544.24
444500.0,3267500.0,122.42721,29.53592,20,87.26,1.86
426500.0,3266500.0,122.24152,29.52596,20,158.85,404.67
435500.0,3339500.0,122.33,30.18523,20,74.81,1001.15
434500.0,3340500.0,122.31955,30.1942,20,167.75,7.26
475500.0,3260500.0,122.7473,29.47374,20,167.17,182.7
499500.0,3296500.0,122.99483,29.79888,20,23.99,7.58
454500.0,3336500.0,122.52749,30.15902,20,36.42,10.78
483500.0,3331500.0,122.82873,30.11463,20,60.25,2.45
455500.0,3340500.0,122.53771,30.19515,20,100.5,4.41
497500.0,3348500.0,122.97401,30.26816,20,80.26,27.49
515500.0,3295500.0,123.16037,29.78976,20,81.26,12.48
531500.0,3305500.0,123.32621,29.8797,20,141.77,25.4
502500.0,3298500.0,123.02587,29.81693,20,179.36,1.41
508500.0,3291500.0,123.08791,29.75373,20,6.58,3.35
503500.0,3329500.0,123.03632,30.09669,20,13.11,39.44
527500.0,3320500.0,123.28517,30.01517,20,124.96,1.66
519500.0,3335500.0,123.20249,30.15069,20,81.13,95.41
523500.0,3338500.0,123.24409,30.17769,20,75.05,5.62
524500.0,3322500.0,123.25411,30.03328,20,64.37,5.36
409500.0,3152500.0,122.07531,28.49602,20,90.43,2.31
430500.0,3180500.0,122.28816,28.75004,20,92.8,2.07
407500.0,3205500.0,122.05057,28.97421,20,140.31,14.61
406500.0,3196500.0,122.04105,28.89292,20,74.44,4.27
432500.0,3189500.0,122.30811,28.83137,20,52.73,2.31
423500.0,3213500.0,122.21423,29.04747,20,168.76,25.93
412500.0,3215500.0,122.1011,29.06481,20,95.86,21.07
422500.0,3242500.0,122.20194,29.30913,20,14.98,8.2
416500.0,3240500.0,122.14031,29.2907,20,27.85,180.76
414500.0,3281500.0,122.11652,29.66056,20,170.79,8.59
445500.0,3336500.0,122.43403,30.15865,20,94.25,1.97
499500.0,3203500.0,122.99487,28.95951,20,75.44,160.05
485500.0,3261500.0,122.85043,29.48292,20,10.45,1.23
477500.0,3249500.0,122.76815,29.3745,20,163.02,584.76
493500.0,3299500.0,122.93272,29.82594,20,161.22,37.84
452500.0,3324500.0,122.50726,30.05065,20,155.82,1.45
491500.0,3324500.0,122.91182,30.05154,20,120.92,4.42
516500.0,3269500.0,123.17032,29.55509,20,101.41,8.88
513500.0,3331500.0,123.14013,30.11467,20,76.86,3.88
524500.0,3330500.0,123.25429,30.10547,20,7.3,172.56
526500.0,3336500.0,123.2752,30.15958,20,134.85,98.57
540500.0,3342500.0,123.42082,30.21334,20,82.24,7.51
521500.0,3323500.0,123.22301,30.04236,20,72.69,16.46
510500.0,3329500.0,123.10897,30.09665,20,62.83,82.76
528500.0,3353500.0,123.29643,30.31294,20,47.09,89.43
529500.0,3353500.0,123.30683,30.31292,20,43.64,15.22
441500.0,3171500.0,122.40128,28.66935,20,54.79,75.21
417500.0,3204500.0,122.15327,28.96587,20,81.3,1.79
419500.0,3207500.0,122.17358,28.99308,20,143.11,1.62
447500.0,3219500.0,122.46045,29.10284,20,137.15,12.79
452500.0,3177500.0,122.51361,28.72396,20,141.87,1864.47
482500.0,3154500.0,122.82115,28.51711,20,148.61,12535.65
492500.0,3199500.0,122.92305,28.92339,20,86.66,3360.93
459500.0,3279500.0,122.58157,29.6448,20,38.77,84.54
388500.0,3148500.0,121.86116,28.4583,20,23.51,283.44
432500.0,3177500.0,122.30882,28.72307,20,117.8,1.71
402500.0,3163500.0,122.00286,28.5948,20,170.39,456.69
437500.0,3174500.0,122.36018,28.69624,20,20.82,65.29
428500.0,3203500.0,122.26622,28.95751,20,68.99,2.45
432500.0,3204500.0,122.30721,28.96675,20,95.66,107.08
410500.0,3195500.0,122.08215,28.88418,20,63.64,1.94
411500.0,3193500.0,122.09256,28.8662,20,122.04,98.48
420500.0,3211500.0,122.18356,29.02924,20,21.88,1.72
446500.0,3273500.0,122.44756,29.59016,20,83.68,4.25
449500.0,3324500.0,122.47614,30.05053,20,96.56,1.62
477500.0,3279500.0,122.76754,29.64525,20,48.82,1.72
452500.0,3302500.0,122.50824,29.85211,20,64.47,3.66
480500.0,3325500.0,122.7977,30.06044,20,3.71,8.8
514500.0,3255500.0,123.14949,29.42877,20,173.98,84.38
524500.0,3280500.0,123.25315,29.65424,20,170.78,22.02
531500.0,3275500.0,123.32533,29.60896,20,104.45,3.87
523500.0,3345500.0,123.24425,30.24086,20,151.81,61.71
514500.0,3348500.0,123.15075,30.26807,20,96.59,1.63
397500.0,3326500.0,121.93658,30.06532,20,71.02,79.59
439500.0,3245500.0,122.37682,29.33714,20,34.56,19.13
474500.0,3215500.0,122.73802,29.06757,20,0.33,69.22
487500.0,3227500.0,122.87144,29.17607,20,121.86,2.01
456500.0,3286500.0,122.55029,29.70787,20,5.39,76.68
477500.0,3278500.0,122.76756,29.63623,20,117.91,40.2
479500.0,3276500.0,122.78826,29.61821,20,10.41,27.66
516500.0,3339500.0,123.1714,30.18683,20,154.46,35.69
543500.0,3326500.0,123.45133,30.06885,20,39.81,15.67
543500.0,3331500.0,123.45154,30.11397,20,0.13,42.97
493500.0,3188500.0,122.93338,28.8241,20,5.99,4542.36
473500.0,3200500.0,122.7281,28.93216,20,156.23,680.81
502500.0,3192500.0,123.02563,28.86022,20,151.52,132.13
500500.0,3196500.0,123.00513,28.89633,20,172.26,718.41
543500.0,3217500.0,123.44698,29.08513,20,168.32,16856.88
545500.0,3274500.0,123.46988,29.5995,20,169.73,349.38
524500.0,3291500.0,123.2534,29.75351,20,158.29,51.17
445500.0,3227500.0,122.43951,29.17496,20,98.85,18.98
420500.0,3226500.0,122.18249,29.16461,20,127.03,4.46
413500.0,3221500.0,122.11091,29.11903,20,125.89,131.44
433500.0,3244500.0,122.31508,29.32781,20,19.64,4.41
416500.0,3265500.0,122.13841,29.51631,20,25.75,516.42
444500.0,3335500.0,122.4237,30.14958,20,148.14,605.92
494500.0,3207500.0,122.94353,28.9956,20,169.69,78.37
490500.0,3217500.0,122.90238,29.08584,20,132.95,18.02
499500.0,3277500.0,122.99484,29.62741,20,105.71,13.48
499500.0,3297500.0,122.99483,29.80791,20,27.33,2.71
490500.0,3320500.0,122.90149,30.01544,20,75.9,61.19
523500.0,3167500.0,123.24043,28.63435,20,141.26,17059.24
510500.0,3182500.0,123.10757,28.76992,20,140.98,1427.09
502500.0,3213500.0,123.02568,29.04977,20,4.77,40.53
532500.0,3257500.0,123.33513,29.44648,20,94.41,2.31
532500.0,3256500.0,123.3351,29.43745,20,91.82,305.37
528500.0,3317500.0,123.29546,29.98807,20,2.41,40.61
501500.0,3295500.0,123.01552,29.78985,20,120.14,4.6
507500.0,3306500.0,123.07768,29.88911,20,43.65,41.65
477500.0,3219500.0,122.76876,29.10373,20,155.04,453.59
432500.0,3241500.0,122.30497,29.30068,20,91.03,4.89
494500.0,3332500.0,122.9429,30.12376,20,104.09,4.14
544500.0,3273500.0,123.45951,29.59051,20,116.18,2.39
539500.0,3292500.0,123.40858,29.76215,20,134.96,2.8
537500.0,3293500.0,123.38792,29.77124,20,111.19,2.35
503500.0,3294500.0,123.03621,29.78083,20,59.32,19.45
503500.0,3318500.0,123.03629,29.99742,20,144.09,7.46
509500.0,3343500.0,123.09872,30.223,20,169.3,6.43
500500.0,3325500.0,123.00519,30.0606,20,10.05,1.96
392500.0,3348500.0,121.88248,30.26339,20,57.99,416752615.37
455500.0,3277500.0,122.54032,29.62661,20,61.26,202.19
484500.0,3309500.0,122.83943,29.91611,20,60.15,2.96
517500.0,3184500.0,123.17931,28.7879,20,141.84,754095.7
517500.0,3255500.0,123.18042,29.42873,20,107.31,177.66
522500.0,3270500.0,123.23228,29.56403,20,165.7,3948.14
501500.0,3324500.0,123.01556,30.05157,20,1.29,334608359.11
516500.0,3161500.0,123.16873,28.5803,20,171.64,53634.97
395500.0,3353500.0,121.91316,30.30876,20,44.46,764.84
544500.0,3247500.0,123.45846,29.35586,20,6.45,17503.65
549500.0,3265500.0,123.51078,29.51812,20,66.82,10.04
443500.0,3230500.0,122.41879,29.20195,19,52.44,38.83
437500.0,3296500.0,122.3533,29.7973,19,102.67,24.97
458500.0,3350500.0,122.56848,30.28549,19,68.39,66.34
526500.0,3291500.0,123.27408,29.75347,19,71.01,60.78
468500.0,3234500.0,122.67584,29.23892,19,163.89,980.65
467500.0,3272500.0,122.66443,29.58186,19,59.49,16.01
459500.0,3266500.0,122.58205,29.52747,19,136.25,104.76
475500.0,3297500.0,122.74646,29.80766,19,101.22,3.16
502500.0,3317500.0,123.02592,29.9884,19,76.62,2.48
510500.0,3328500.0,123.10896,30.08763,19,66.57,6.4
414500.0,3196500.0,122.12309,28.89348,19,77.31,4.88
504500.0,3308500.0,123.04661,29.90717,19,91.46,3.3
368500.0,3144500.0,121.65739,28.42034,19,35.72,3.23
370500.0,3177500.0,121.67407,28.71833,19,170.7,2.8
379500.0,3174500.0,121.76652,28.69213,19,43.49,11.67
410500.0,3150500.0,122.08568,28.47804,19,83.05,46.62
413500.0,3143500.0,122.11685,28.41507,19,175.15,39.05
436500.0,3203500.0,122.34832,28.95793,19,31.94,1.95
416500.0,3232500.0,122.14091,29.2185,19,40.84,4.76
414500.0,3212500.0,122.12187,29.03788,19,39.81,3.1
423500.0,3217500.0,122.21396,29.08357,19,178.03,58.52
431500.0,3236500.0,122.29498,29.25551,19,19.23,9.9
412500.0,3314500.0,122.09317,29.95821,19,99.2,29.61
475500.0,3206500.0,122.74849,28.98636,19,59.5,9.13
482500.0,3201500.0,122.82043,28.94134,19,177.58,193.87
452500.0,3263500.0,122.50995,29.50015,19,161.19,147.54
485500.0,3304500.0,122.84985,29.87099,19,72.98,5.39
486500.0,3238500.0,122.86103,29.27534,19,52.79,39.64
506500.0,3277500.0,123.06714,29.62739,19,33.85,2.6
512500.0,3342500.0,123.12988,30.21395,19,153.57,45.77
396500.0,3205500.0,121.93768,28.97337,19,61.33,7.03
477500.0,3313500.0,122.76683,29.9521,19,22.67,1.43
496500.0,3311500.0,122.96373,29.93425,19,111.8,89.45
507500.0,3235500.0,123.07719,29.24832,19,80.03,68.17
386500.0,3142500.0,121.84133,28.40397,19,77.68,108.79
379500.0,3152500.0,121.76884,28.49359,19,82.18,2.01
377500.0,3163500.0,121.74723,28.59268,19,79.98,6.48
400500.0,3174500.0,121.98145,28.69392,19,51.45,63.18
410500.0,3204500.0,122.08143,28.9654,19,66.07,21.88
418500.0,3251500.0,122.16009,29.3901,19,105.97,12.19
424500.0,3280500.0,122.21991,29.65219,19,120.75,50.88
445500.0,3327500.0,122.43449,30.07743,19,156.53,14.53
498500.0,3274500.0,122.98451,29.60033,19,143.43,2.25
460500.0,3312500.0,122.59069,29.94264,19,71.09,5.14
523500.0,3287500.0,123.24297,29.71743,19,91.84,4.09
280500.0,3330500.0,120.72249,30.08598,19,13.57,22.54
370500.0,3175500.0,121.6743,28.70028,19,114.99,3.89
366500.0,3267500.0,121.62234,29.53001,19,76.71,7.48
410500.0,3166500.0,122.08444,28.62245,19,127.31,412.63
442500.0,3171500.0,122.41152,28.6694,19,55.95,577.96
412500.0,3203500.0,122.10204,28.95652,19,82.46,199.28
444500.0,3192500.0,122.43096,28.85903,19,81.25,2.83
442500.0,3211500.0,122.40948,29.03042,19,75.7,3.58
443500.0,3279500.0,122.41627,29.64417,19,67.82,3.47
443500.0,3277500.0,122.41637,29.62612,19,49.03,19.65
412500.0,3313500.0,122.09325,29.94918,19,89.65,143.04
377500.0,3143500.0,121.74936,28.41219,19,14.55,21.06
397500.0,3164500.0,121.95165,28.60344,19,21.55,19.85
383500.0,3154500.0,121.8095,28.51201,19,72.14,23.92
382500.0,3277500.0,121.78634,29.62185,19,35.45,2.29
395500.0,3286500.0,121.91973,29.70422,19,21.33,2.59
427500.0,3168500.0,122.2582,28.64156,19,153.01,135.73
421500.0,3190500.0,122.1953,28.83977,19,100.18,7.47
436500.0,3208500.0,122.34804,29.00306,19,24.06,103.49
435500.0,3244500.0,122.33568,29.32792,19,28.98,2.74
407500.0,3263500.0,122.04572,29.49763,19,49.68,76.67
429500.0,3243500.0,122.27395,29.31857,19,42.65,3.3
464500.0,3271500.0,122.63349,29.57275,19,79.45,3415.13
477500.0,3295500.0,122.7672,29.78965,19,23.42,1.34
479500.0,3321500.0,122.7874,30.02433,19,117.27,1.73
458500.0,3352500.0,122.5684,30.30354,19,85.84,24.31
548500.0,3305500.0,123.50225,29.87915,19,155.17,201.5
367500.0,3229500.0,121.63723,29.18725,19,35.43,2.27
380500.0,3351500.0,121.75741,30.28933,19,3.63,3.08
422500.0,3158500.0,122.20772,28.55102,19,61.61,4.56
408500.0,3271500.0,122.05537,29.56989,19,74.14,199.82
444500.0,3293500.0,122.42588,29.77056,19,120.8,7.67
454500.0,3182500.0,122.53389,28.76916,19,151.99,1888.31
453500.0,3224500.0,122.52191,29.1482,19,10.09,6.09
457500.0,3259500.0,122.56168,29.46423,19,149.89,255.32
481500.0,3261500.0,122.80917,29.48286,19,76.05,10.47
480500.0,3260500.0,122.79887,29.47382,19,69.72,1741.21
459500.0,3288500.0,122.58123,29.72602,19,62.67,592.77
486500.0,3270500.0,122.86063,29.56416,19,109.41,102.45
462500.0,3294500.0,122.61204,29.78026,19,10.47,2.65
503500.0,3260500.0,123.0361,29.47397,19,61.79,7.24
513500.0,3291500.0,123.13963,29.75368,19,48.67,2.93
527500.0,3293500.0,123.28448,29.7715,19,48.84,352.66
394500.0,3194500.0,121.91818,28.87394,19,71.11,599.53
428500.0,3150500.0,122.26956,28.47915,19,60.7,176.05
433500.0,3157500.0,122.32023,28.5426,19,142.94,3758.32
416500.0,3194500.0,122.14375,28.87556,19,164.72,784.12
416500.0,3184500.0,122.14449,28.78531,19,63.47,69.2
462500.0,3271500.0,122.61284,29.57269,19,71.11,718.39
489500.0,3274500.0,122.89156,29.60029,19,82.72,30.07
486500.0,3326500.0,122.85993,30.06955,19,106.02,82.3
496500.0,3349500.0,122.96361,30.27718,19,71.35,122.74
532500.0,3173500.0,123.33268,28.68832,19,80.18,2196.82
520500.0,3169500.0,123.20977,28.65246,19,93.86,1024.84
398500.0,3168500.0,121.96152,28.63961,19,177.36,14.83
414500.0,3273500.0,122.11715,29.58837,19,164.8,94.49
480500.0,3201500.0,122.79991,28.94131,19,53.32,7.51
463500.0,3266500.0,122.62333,29.52759,19,50.54,32.61
480500.0,3317500.0,122.79784,29.98825,19,14.59,5.4
456500.0,3327500.0,122.54863,30.07787,19,9.13,10.16
433500.0,3282500.0,122.31277,29.67075,19,137.5,68.3
399500.0,3164500.0,121.9721,28.60359,19,48.4,3.33
378500.0,3223500.0,121.751,29.13421,19,87.63,11.35
416500.0,3210500.0,122.14256,29.01996,19,7.79,2.83
443500.0,3245500.0,122.41802,29.33733,19,68.32,70.2
443500.0,3244500.0,122.41807,29.3283,19,36.68,6.6
444500.0,3280500.0,122.42655,29.65324,19,24.69,175.22
407500.0,3338500.0,122.03927,30.1744,19,89.34,4.29
521500.0,3313500.0,123.22281,29.95211,19,60.92,3.3
435500.0,3321500.0,122.3311,30.0228,19,19.22,1.63
509500.0,3335500.0,123.09865,30.1508,19,30.3,14.2
392500.0,3145500.0,121.90229,28.43156,19,66.58,4.27
433500.0,3300500.0,122.31166,29.83319,19,155.74,2.52
469500.0,3233500.0,122.68616,29.22992,19,75.5,867.21
460500.0,3210500.0,122.59437,29.02208,19,161.94,630.27
470500.0,3247500.0,122.69608,29.3563,19,169.3,28989.77
384500.0,3171500.0,121.818,28.66551,19,174.79,2.14
382500.0,3176500.0,121.79702,28.71046,19,21.89,1.63
360500.0,3261500.0,121.56121,29.47522,19,25.84,15.97
437500.0,3162500.0,122.36084,28.58793,19,61.55,859.86
450500.0,3179500.0,122.49304,28.74193,19,63.4,183.11
419500.0,3191500.0,122.17473,28.84867,19,176.03,88.04
407500.0,3231500.0,122.04841,29.20885,19,178.33,5.31
446500.0,3286500.0,122.44691,29.70748,19,40.05,14.49
460500.0,3148500.0,122.59653,28.46246,19,143.06,1026.61
476500.0,3207500.0,122.75874,28.9954,19,66.38,229.86
455500.0,3251500.0,122.54138,29.39196,19,57.04,48.45
469500.0,3242500.0,122.68591,29.31115,19,132.08,4.78
458500.0,3256500.0,122.57211,29.43719,19,59.91,192.07
494500.0,3318500.0,122.94298,29.99741,19,65.92,8.59
512500.0,3184500.0,123.12808,28.78796,19,82.38,3.14
513500.0,3249500.0,123.13911,29.37462,19,90.89,15.97
517500.0,3258500.0,123.18047,29.4558,19,110.35,943.88
515500.0,3250500.0,123.15973,29.38363,19,53.77,5.66
512500.0,3284500.0,123.1292,29.69052,19,148.73,661.06
391500.0,3170500.0,121.88972,28.6571,19,77.17,172.17
379500.0,3176500.0,121.76631,28.71018,19,49.99,4.26
358500.0,3267500.0,121.53981,29.52913,19,36.3,1.89
416500.0,3250500.0,122.13955,29.38095,19,38.74,9.83
405500.0,3245500.0,122.02664,29.33505,19,71.35,145.96
417500.0,3250500.0,122.14986,29.38101,19,59.98,2.82
450500.0,3278500.0,122.48863,29.63544,19,171.57,7.42
446500.0,3340500.0,122.44421,30.19479,19,4.75,18.03
412500.0,3341500.0,122.09095,30.20184,19,71.12,30.76
461500.0,3277500.0,122.6023,29.62681,19,141.63,139.25
467500.0,3349500.0,122.66209,30.27675,19,81.61,22.85
507500.0,3237500.0,123.0772,29.26637,19,79.74,10.01
510500.0,3259500.0,123.10829,29.46491,19,65.82,8.05
526500.0,3287500.0,123.27399,29.71737,19,13.89,3.48
511500.0,3285500.0,123.11888,29.69955,19,147.76,1.85
508500.0,3265500.0,123.08771,29.51907,19,74.51,15.69
514500.0,3311500.0,123.15024,29.93417,19,173.68,733.47
514500.0,3331500.0,123.15051,30.11466,19,51.26,268.24
527500.0,3348500.0,123.2859,30.26785,19,132.03,37.29
397500.0,3150500.0,121.9529,28.47709,19,3.11,25.2
370500.0,3151500.0,121.67702,28.48371,19,152.82,68.55
398500.0,3151500.0,121.96302,28.48619,19,172.0,1.28
393500.0,3166500.0,121.91055,28.62116,19,86.29,1.88
383500.0,3198500.0,121.80499,28.90908,19,0.74,2340.92
375500.0,3190500.0,121.72383,28.83614,19,169.67,97.54
436500.0,3162500.0,122.35062,28.58788,19,152.24,470.59
441500.0,3198500.0,122.39989,28.91305,19,57.67,7.29
439500.0,3187500.0,122.37996,28.81367,19,179.21,186.96
406500.0,3216500.0,122.03938,29.07341,19,177.86,10.44
407500.0,3235500.0,122.04808,29.24495,19,47.85,259.16
403500.0,3222500.0,122.00805,29.12733,19,146.1,1.71
436500.0,3263500.0,122.34488,29.49944,19,91.44,5.78
410500.0,3245500.0,122.07814,29.33541,19,157.55,34.41
423500.0,3291500.0,122.2088,29.75139,19,78.28,4.41
463500.0,3290500.0,122.62252,29.74419,19,81.23,1.82
518500.0,3173500.0,123.18937,28.68859,19,118.38,8674.73
527500.0,3254500.0,123.28349,29.41952,19,76.74,78.13
516500.0,3288500.0,123.17061,29.72657,19,157.09,328.13
522500.0,3286500.0,123.23261,29.70843,19,142.44,98.79
384500.0,3167500.0,121.8184,28.62942,19,123.26,112.99
379500.0,3168500.0,121.76716,28.63799,19,96.85,2.01
376500.0,3178500.0,121.73538,28.72794,19,19.2,3.05
357500.0,3172500.0,121.54163,28.67185,19,137.59,60.28
405500.0,3159500.0,122.03387,28.55892,19,175.33,1565.74
410500.0,3221500.0,122.08008,29.11882,19,95.6,3.57
419500.0,3233500.0,122.1717,29.22772,19,19.7,3.05
411500.0,3232500.0,122.08948,29.21816,19,178.42,2.8
423500.0,3253500.0,122.21147,29.40847,19,36.91,117.98
429500.0,3261500.0,122.2728,29.48101,19,124.7,15.46
426500.0,3248500.0,122.24273,29.36352,19,40.78,19.63
404500.0,3247500.0,122.01617,29.35302,19,100.46,5.67
425500.0,3243500.0,122.23276,29.31834,19,165.62,1.62
409500.0,3239500.0,122.06833,29.28119,19,53.0,393.44
449500.0,3240500.0,122.48005,29.29246,19,129.29,163.78
449500.0,3288500.0,122.47783,29.72565,19,156.85,79.04
439500.0,3291500.0,122.37427,29.75228,19,106.95,4.87
454500.0,3225500.0,122.53215,29.15727,19,13.15,198.61
515500.0,3225500.0,123.15938,29.15799,19,63.65,9.54
509500.0,3290500.0,123.09825,29.74469,19,64.4,9.5
520500.0,3285500.0,123.21191,29.69944,19,30.33,20.5
531500.0,3316500.0,123.32653,29.97897,19,73.02,19.24
523500.0,3294500.0,123.24312,29.78061,19,112.68,2.96
536500.0,3337500.0,123.37908,30.16834,19,165.93,99.2
532500.0,3350500.0,123.33794,30.28577,19,54.08,9.61
416500.0,3147500.0,122.14719,28.45136,19,62.84,6.14
432500.0,3176500.0,122.30888,28.71404,19,56.96,8.27
422500.0,3167500.0,122.20712,28.63225,19,50.15,10.51
425500.0,3182500.0,122.23682,28.76781,19,90.95,13.23
414500.0,3222500.0,122.12111,29.12812,19,38.15,59.58
424500.0,3220500.0,122.22403,29.11071,19,113.34,74.68
409500.0,3236500.0,122.06858,29.25412,19,39.36,25.35
435500.0,3261500.0,122.33468,29.48134,19,79.95,9.16
404500.0,3259500.0,122.01513,29.46131,19,106.96,3.95
427500.0,3269500.0,122.25164,29.5531,19,104.29,12.59
441500.0,3276500.0,122.39577,29.617,19,24.8,8.14
450500.0,3323500.0,122.48656,30.04155,19,35.19,2.44
453500.0,3261500.0,122.52035,29.48214,19,63.23,3.18
478500.0,3314500.0,122.77717,29.96114,19,115.08,41.55
479500.0,3325500.0,122.78732,30.06042,19,11.44,7.61
506500.0,3261500.0,123.06705,29.48298,19,53.03,124.83
509500.0,3325500.0,123.09856,30.06056,19,164.98,95.13
504500.0,3327500.0,123.04669,30.07864,19,46.62,4.86
396500.0,3163500.0,121.94151,28.59433,19,48.62,4.9
407500.0,3173500.0,122.05318,28.68542,19,124.43,72.43
424500.0,3244500.0,122.2224,29.3273,19,137.89,1029.29
352500.0,3264500.0,121.47832,29.50137,19,156.38,6.35
351500.0,3264500.0,121.468,29.50125,19,117.6,4.09
401500.0,3143500.0,121.99435,28.41422,19,156.34,124.21
382500.0,3179500.0,121.79671,28.73753,19,153.52,5.69
400500.0,3186500.0,121.9804,28.80222,19,100.63,198.33
419500.0,3157500.0,122.17713,28.54181,19,64.91,37.71
409500.0,3159500.0,122.07476,28.5592,19,52.37,3.6
436500.0,3197500.0,122.34866,28.90378,19,117.23,2.27
415500.0,3224500.0,122.13123,29.14624,19,4.36,18.78
423500.0,3226500.0,122.21334,29.1648,19,10.68,80.26
442500.0,3294500.0,122.40514,29.77949,19,28.97,3.64
479500.0,3211500.0,122.78946,29.03156,19,135.45,13.03
451500.0,3298500.0,122.49806,29.81598,19,122.48,5.26
456500.0,3301500.0,122.54969,29.84324,19,76.66,5.4
480500.0,3294500.0,122.79826,29.78068,19,152.25,2.19
498500.0,3309500.0,122.98446,29.9162,19,103.34,2.75
456500.0,3340500.0,122.54809,30.19518,19,90.78,5.89
484500.0,3325500.0,122.83919,30.0605,19,70.98,88.42
501500.0,3219500.0,123.01542,29.10393,19,74.54,22.57
514500.0,3257500.0,123.14952,29.44682,19,9.42,93.84
517500.0,3275500.0,123.18074,29.60923,19,11.57,3.91
523500.0,3279500.0,123.2428,29.64523,19,172.31,487.23
525500.0,3269500.0,123.26322,29.55494,19,168.33,21467004683.16
519500.0,3341500.0,123.2026,30.20483,19,12.98,176.26
502500.0,3319500.0,123.02592,30.00645,19,64.38,21.33
540500.0,3350500.0,123.42113,30.28553,19,129.35,2.37
379500.0,3181500.0,121.76578,28.7553,19,141.52,4.59
371500.0,3223500.0,121.67906,29.13352,19,131.41,186.68
382500.0,3343500.0,121.7791,30.21735,19,44.25,20.44
434500.0,3244500.0,122.32538,29.32786,19,25.17,53.69
468500.0,3210500.0,122.67652,29.02231,19,52.31,48.52
465500.0,3222500.0,122.64535,29.13054,19,123.01,35.82
460500.0,3296500.0,122.59128,29.79825,19,5.52,674.86
459500.0,3303500.0,122.58067,29.86139,19,11.72,114.22
455500.0,3320500.0,122.53854,30.01467,19,12.51,4.46
536500.0,3276500.0,123.37701,29.61784,19,38.62,3.18
557500.0,3171500.0,123.58848,28.6694,19,107.74,276.57
556500.0,3340500.0,123.58695,30.19465,19,142.46,788.89
472500.0,3198500.0,122.71789,28.91409,19,154.98,162.32
507500.0,3204500.0,123.07698,28.96852,19,173.5,686.36
500500.0,3207500.0,123.00513,28.99562,19,158.21,59.41
500500.0,3197500.0,123.00513,28.90536,19,37.73,3.35
542500.0,3214500.0,123.43659,29.05809,19,77.68,264.21
517500.0,3228500.0,123.17999,29.18504,19,154.91,539.29
512500.0,3280500.0,123.12916,29.65442,19,179.53,4.01
538500.0,3289500.0,123.39813,29.73511,19,173.44,306.24
520500.0,3284500.0,123.2119,29.69041,19,11.86,415.47
393500.0,3159500.0,121.91121,28.55799,19,35.0,19.0
409500.0,3149500.0,122.07555,28.46895,19,105.02,2.58
431500.0,3280500.0,122.29223,29.65259,19,124.58,69.73
484500.0,3208500.0,122.84086,29.00455,19,137.62,122.19
491500.0,3275500.0,122.91221,29.60933,19,57.43,480.63
453500.0,3329500.0,122.51741,30.09581,19,14.45,1.53
501500.0,3218500.0,123.01541,29.0949,19,161.98,7603.13
542500.0,3276500.0,123.43898,29.61765,19,64.59,39.55
505500.0,3279500.0,123.05682,29.64544,19,53.93,1.99
503500.0,3343500.0,123.03637,30.22303,19,91.15,22.47
553500.0,3277500.0,123.55264,29.62625,19,176.94,106.1
553500.0,3274500.0,123.55249,29.59918,19,91.27,35.95
484500.0,3230500.0,122.84055,29.20312,19,118.1,91.71
489500.0,3203500.0,122.89224,28.95947,19,0.34,226.01
484500.0,3312500.0,122.83938,29.94318,19,24.73,22.67
466500.0,3322500.0,122.65255,30.03306,19,9.54,314.25
532500.0,3267500.0,123.33542,29.53673,19,41.09,30.66
514500.0,3346500.0,123.15072,30.25002,19,113.09,1.52
411500.0,3343500.0,122.08039,30.21981,19,115.84,611.69
521500.0,3260500.0,123.22176,29.47379,19,173.81,635.86
546500.0,3270500.0,123.48004,29.56336,19,3.4,9403.53
530500.0,3275500.0,123.31501,29.60898,19,10.86,11.02
519500.0,3264500.0,123.2012,29.50993,19,94.74,133.68
505500.0,3337500.0,123.05712,30.16888,19,75.85,62.59
544500.0,3246500.0,123.45842,29.34683,19,7.33,6916.93
545500.0,3249500.0,123.46884,29.37387,19,167.78,57201.51
522500.0,3350500.0,123.23396,30.286,19,24.38,50.36
413500.0,3343500.0,122.10117,30.21995,18,105.14,12.9
476500.0,3269500.0,122.75742,29.55498,18,171.31,875.61
489500.0,3281500.0,122.8915,29.66346,18,178.39,13.81
457500.0,3272500.0,122.56118,29.58155,18,116.64,252.36
487500.0,3305500.0,122.87055,29.88004,18,66.82,4.13
480500.0,3314500.0,122.7979,29.96117,18,173.0,11.56
480500.0,3302500.0,122.79812,29.85288,18,112.05,980.98
456500.0,3336500.0,122.54826,30.15909,18,39.23,119.15
507500.0,3286500.0,123.07754,29.70861,18,130.82,1.3
447500.0,3238500.0,122.45956,29.27432,18,146.29,1026.26
498500.0,3258500.0,122.98453,29.45592,18,65.69,165.03
475500.0,3277500.0,122.74692,29.62716,18,27.7,6.48
514500.0,3258500.0,123.14953,29.45584,18,68.57,4.26
519500.0,3279500.0,123.20147,29.6453,18,80.79,73.48
518500.0,3307500.0,123.19162,29.89801,18,112.83,2.95
501500.0,3292500.0,123.01552,29.76278,18,173.83,839.93
513500.0,3310500.0,123.13987,29.92515,18,166.06,19.76
401500.0,3308500.0,121.97974,29.90323,18,25.15,2.22
443500.0,3253500.0,122.41761,29.40953,18,93.13,200.02
439500.0,3338500.0,122.37161,30.17641,18,22.12,2.79
482500.0,3268500.0,122.81937,29.54606,18,164.71,234.61
501500.0,3345500.0,123.01559,30.24108,18,77.32,104.27
369500.0,3161500.0,121.66567,28.57385,18,158.97,1.51
379500.0,3160500.0,121.768,28.56579,18,146.84,116.58
374500.0,3196500.0,121.71291,28.89018,18,67.48,11.44
369500.0,3226500.0,121.65815,29.16039,18,127.86,23.95
407500.0,3143500.0,122.0556,28.41466,18,53.19,3.93
424500.0,3146500.0,122.22896,28.44283,18,143.85,1161.21
413500.0,3156500.0,122.11588,28.5324,18,47.69,8.69
448500.0,3204500.0,122.47142,28.9675,18,145.68,13.56
424500.0,3222500.0,122.22389,29.12876,18,166.63,85.31
436500.0,3209500.0,122.34798,29.01209,18,65.0,3.71
435500.0,3211500.0,122.3376,29.03009,18,174.84,9061.52
449500.0,3229500.0,122.48055,29.19318,18,139.74,415.75
438500.0,3213500.0,122.3683,29.04829,18,24.57,46.54
411500.0,3227500.0,122.08988,29.17304,18,39.43,13.99
420500.0,3229500.0,122.18228,29.19169,18,10.56,3.0
445500.0,3349500.0,122.43336,30.27596,18,5.42,705.11
452500.0,3262500.0,122.50999,29.49112,18,81.0,89.53
454500.0,3274500.0,122.53012,29.5995,18,55.11,3.67
476500.0,3300500.0,122.75675,29.83476,18,177.27,90.8
528500.0,3299500.0,123.29498,29.82563,18,62.61,21.43
530500.0,3339500.0,123.31683,30.18656,18,138.0,82.08
525500.0,3348500.0,123.26511,30.26789,18,91.18,79.26
553500.0,3352500.0,123.5564,30.30307,18,27.11,110.93
387500.0,3319500.0,121.83359,30.00128,18,105.54,239.64
474500.0,3273500.0,122.73668,29.59104,18,115.32,3.3
471500.0,3299500.0,122.70502,29.82563,18,140.1,49.04
468500.0,3224500.0,122.67613,29.14867,18,85.35,59.73
496500.0,3310500.0,122.96374,29.92522,18,41.29,451.27
468500.0,3317500.0,122.67344,29.988,18,165.36,118.91
468500.0,3316500.0,122.67347,29.97897,18,147.08,45.52
517500.0,3266500.0,123.1806,29.52801,18,93.97,81.79
500500.0,3334500.0,123.00519,30.14182,18,40.04,137.64
385500.0,3172500.0,121.82813,28.67463,18,67.81,1.75
386500.0,3225500.0,121.83302,29.153,18,4.82,300.21
388500.0,3278500.0,121.84821,29.63143,18,143.75,33.93
433500.0,3155500.0,122.32034,28.52455,18,51.19,108.2
449500.0,3313500.0,122.47666,29.95126,18,8.79,212.45
450500.0,3324500.0,122.48651,30.05057,18,63.25,5.55
466500.0,3228500.0,122.65544,29.18472,18,163.37,587.85
456500.0,3250500.0,122.55173,29.38297,18,133.31,817.34
496500.0,3291500.0,122.9638,29.75375,18,54.69,1.22
483500.0,3322500.0,122.82887,30.03341,18,106.05,3.92
365500.0,3170500.0,121.62372,28.65465,18,118.18,3.0
388500.0,3284500.0,121.84759,29.68557,18,97.97,452.47
402500.0,3270500.0,121.99352,29.56042,18,126.55,78.19
375500.0,3268500.0,121.71509,29.53997,18,41.38,2.29
378500.0,3274500.0,121.74537,29.5944,18,31.34,295.55
410500.0,3149500.0,122.08576,28.46902,18,99.58,2.71
424500.0,3188500.0,122.22618,28.8219,18,34.52,25.07
443500.0,3200500.0,122.42031,28.93119,18,165.22,2277.59
421500.0,3219500.0,122.19327,29.1015,18,68.97,9.87
429500.0,3241500.0,122.27408,29.30052,18,103.97,1907.02
430500.0,3236500.0,122.28469,29.25545,18,5.96,1.51
421500.0,3238500.0,122.19193,29.27297,18,91.49,14.62
459500.0,3338500.0,122.57934,30.17724,18,25.58,7.67
457500.0,3351500.0,122.55804,30.29448,18,83.0,271.81
500500.0,3248500.0,123.00515,29.36567,18,68.85,144.61
523500.0,3342500.0,123.24418,30.21378,18,75.21,5.73
398500.0,3180500.0,121.96045,28.74791,18,108.78,4.4
371500.0,3161500.0,121.68611,28.57405,18,100.0,73.08
372500.0,3185500.0,121.69365,28.79072,18,69.78,44.48
399500.0,3286500.0,121.96108,29.70456,18,108.97,294.95
428500.0,3168500.0,122.26843,28.64162,18,37.43,65.29
420500.0,3179500.0,122.18582,28.74043,18,48.19,230.35
430500.0,3172500.0,122.28865,28.67783,18,92.44,2.47
417500.0,3234500.0,122.15105,29.23662,18,33.34,725.71
411500.0,3271500.0,122.08634,29.57011,18,153.69,18.62
444500.0,3266500.0,122.42726,29.52689,18,108.13,5.06
417500.0,3313500.0,122.14506,29.94953,18,1.95,5.17
489500.0,3269500.0,122.89161,29.55516,18,76.06,2.07
486500.0,3306500.0,122.86018,29.88905,18,69.71,232.76
525500.0,3290500.0,123.26372,29.74447,18,133.69,53.35
522500.0,3309500.0,123.23309,29.916,18,79.88,63.0
527500.0,3306500.0,123.28481,29.88882,18,65.41,40.49
508500.0,3314500.0,123.0881,29.9613,18,80.03,13.12
395500.0,3181500.0,121.92963,28.7567,18,79.22,51.85
390500.0,3214500.0,121.87522,29.05409,18,178.55,3048.32
359500.0,3263500.0,121.55064,29.49316,18,173.89,1.98
436500.0,3214500.0,122.3477,29.05721,18,73.58,309.64
435500.0,3217500.0,122.33725,29.08424,18,100.65,15.28
423500.0,3227500.0,122.21327,29.17382,18,144.0,6667.44
429500.0,3234500.0,122.27453,29.23735,18,161.82,1307.97
448500.0,3245500.0,122.46952,29.33754,18,64.71,17.42
430500.0,3242500.0,122.28431,29.3096,18,67.07,7.22
404500.0,3283500.0,122.01302,29.67788,18,70.81,4.09
437500.0,3264500.0,122.35514,29.50851,18,122.3,3.72
408500.0,3269500.0,122.05554,29.55185,18,153.38,50.95
448500.0,3321500.0,122.46591,30.02341,18,121.38,5.91
499500.0,3253500.0,122.99485,29.4108,18,44.07,3.07
506500.0,3260500.0,123.06704,29.47396,18,93.91,19.5
528500.0,3296500.0,123.2949,29.79855,18,153.42,446.11
542500.0,3350500.0,123.44192,30.28546,18,97.94,212.56
386500.0,3219500.0,121.83363,29.09886,18,118.07,2.81
443500.0,3169500.0,122.42185,28.65139,18,149.17,1740.16
443500.0,3168500.0,122.4219,28.64236,18,59.57,1431.59
425500.0,3198500.0,122.23577,28.91221,18,124.38,6.26
410500.0,3183500.0,122.0831,28.77588,18,57.17,98.56
462500.0,3190500.0,122.61558,28.84163,18,148.58,1622.59
454500.0,3185500.0,122.53377,28.79624,18,150.91,1027.03
462500.0,3189500.0,122.61561,28.8326,18,149.6,3813.52
473500.0,3219500.0,122.72765,29.10365,18,161.27,107.41
473500.0,3220500.0,122.72763,29.11268,18,159.5,1970.49
475500.0,3254500.0,122.74743,29.41958,18,9.64,167.85
467500.0,3296500.0,122.66371,29.79845,18,153.7,52.99
487500.0,3326500.0,122.87031,30.06956,18,162.88,7.17
533500.0,3152500.0,123.3423,28.49874,18,138.35,62477.09
535500.0,3169500.0,123.36327,28.65213,18,151.67,39064.6
516500.0,3206500.0,123.16938,28.98648,18,156.98,12507.26
505500.0,3261500.0,123.05673,29.48299,18,42.09,27.35
511500.0,3267500.0,123.11869,29.5371,18,81.27,2691.23
553500.0,3236500.0,123.55064,29.25623,18,47.46,28038.58
437500.0,3295500.0,122.35336,29.78827,18,115.41,38.83
474500.0,3238500.0,122.7375,29.27516,18,73.21,58.13
485500.0,3303500.0,122.84987,29.86197,18,91.55,81.07
482500.0,3323500.0,122.81848,30.04242,18,112.08,3.79
474500.0,3328500.0,122.73538,30.0874,18,37.53,3.23
518500.0,3257500.0,123.19076,29.44676,18,12.85,7.31
526500.0,3317500.0,123.27473,29.98811,18,69.57,7.55
371500.0,3165500.0,121.68566,28.61014,18,84.82,402.1
388500.0,3188500.0,121.85726,28.81928,18,159.02,7.98
408500.0,3192500.0,122.06189,28.85696,18,136.74,47.72
434500.0,3245500.0,122.32532,29.33689,18,58.48,4.51
405500.0,3255500.0,122.02578,29.42529,18,100.59,7.22
429500.0,3285500.0,122.27124,29.6976,18,65.63,817.05
480500.0,3304500.0,122.79808,29.87092,18,122.1,33.63
510500.0,3346500.0,123.10914,30.25006,18,73.11,506.75
334500.0,3320500.0,121.2841,30.00429,18,15.89,779.86
391500.0,3228500.0,121.88413,29.18051,18,94.63,1.37
391500.0,3353500.0,121.87157,30.30841,18,121.01,1.79
413500.0,3274500.0,122.10674,29.59732,18,25.36,572.3
433500.0,3283500.0,122.31271,29.67977,18,133.22,4.28
485500.0,3311500.0,122.84976,29.93417,18,175.38,13.29
375500.0,3322500.0,121.70885,30.02719,18,117.24,187.5
413500.0,3220500.0,122.11099,29.11001,18,83.5,17.02
438500.0,3291500.0,122.36393,29.75223,18,60.06,23.83
459500.0,3200500.0,122.58446,28.93179,18,153.82,1974.76
469500.0,3201500.0,122.68704,28.9411,18,68.38,9.29
473500.0,3216500.0,122.72773,29.07657,18,150.47,6356.64
509500.0,3336500.0,123.09866,30.15983,18,139.58,145.81
401500.0,3329500.0,121.9778,30.09272,18,105.61,4.41
445500.0,3178500.0,122.44189,28.73271,18,148.29,6593.53
433500.0,3274500.0,122.31326,29.59855,18,52.5,3.41
463500.0,3202500.0,122.62544,28.94997,18,158.13,918.29
545500.0,3164500.0,123.46539,28.60669,18,171.26,18119.61
384500.0,3206500.0,121.81443,28.98136,18,42.56,206.81
434500.0,3155500.0,122.33056,28.5246,18,59.52,160.18
405500.0,3169500.0,122.03305,28.64917,18,78.07,54.56
419500.0,3205500.0,122.17372,28.97503,18,119.48,11.49
406500.0,3198500.0,122.04089,28.91097,18,163.86,104.75
413500.0,3227500.0,122.11044,29.17318,18,84.87,4.63
421500.0,3258500.0,122.1905,29.45346,18,91.8,326.2
430500.0,3345500.0,122.27767,30.23909,18,48.03,8.58
463500.0,3189500.0,122.62586,28.83263,18,68.81,42.62
452500.0,3191500.0,122.51302,28.85032,18,131.84,120.18
478500.0,3246500.0,122.77852,29.34744,18,162.73,516.46
472500.0,3240500.0,122.71686,29.29317,18,92.08,105.86
503500.0,3206500.0,123.03593,28.98659,18,178.69,1306.38
513500.0,3211500.0,123.13865,29.03165,18,66.16,153.65
511500.0,3215500.0,123.11815,29.06777,18,77.9,125.1
517500.0,3220500.0,123.17987,29.11283,18,67.6,15.35
517500.0,3285500.0,123.1809,29.69948,18,134.8,275.27
517500.0,3286500.0,123.18092,29.70851,18,28.95,28.69
521500.0,3277500.0,123.22209,29.62722,18,94.04,42.93
401500.0,3157500.0,121.99315,28.54057,18,85.05,6.1
400500.0,3233500.0,121.97623,29.22637,18,65.39,34.92
406500.0,3145500.0,122.04523,28.43263,18,61.04,40.37
438500.0,3229500.0,122.36741,29.19269,18,155.8,302.29
438500.0,3341500.0,122.36105,30.20343,18,178.08,27.78
440500.0,3340500.0,122.38188,30.19451,18,0.69,52.89
460500.0,3203500.0,122.59462,28.9589,18,152.3,64.32
451500.0,3257500.0,122.49989,29.44596,18,144.97,653.97
499500.0,3287500.0,122.99483,29.71766,18,29.02,4.52
489500.0,3285500.0,122.89146,29.69956,18,13.29,770.37
468500.0,3265500.0,122.67496,29.51871,18,105.25,1.47
452500.0,3351500.0,122.50604,30.2943,18,133.78,324.86
511500.0,3270500.0,123.11872,29.56418,18,70.12,5.04
500500.0,3281500.0,123.00517,29.66351,18,64.69,3.01
508500.0,3263500.0,123.0877,29.50102,18,84.57,4.03
501500.0,3312500.0,123.01554,29.94328,18,162.91,36.3
526500.0,3344500.0,123.2754,30.23177,18,0.45,487.9
541500.0,3326500.0,123.43058,30.06892,18,133.97,139.43
383500.0,3162500.0,121.80868,28.5842,18,38.36,73.3
398500.0,3153500.0,121.96285,28.50424,18,1.35,2.92
376500.0,3184500.0,121.73473,28.78209,18,122.22,107.2
381500.0,3201500.0,121.78416,28.93597,18,0.75,1746.85
377500.0,3194500.0,121.74389,28.87243,18,173.39,122.3
383500.0,3199500.0,121.80489,28.91811,18,153.03,95.33
376500.0,3194500.0,121.73364,28.87233,18,170.33,178.48
389500.0,3215500.0,121.86485,29.06302,18,85.36,19.65
378500.0,3318500.0,121.74041,29.9914,18,178.41,5.79
389500.0,3334500.0,121.85276,30.1368,18,5.23,85.83
379500.0,3353500.0,121.74679,30.30728,18,33.1,2.92
442500.0,3193500.0,122.4104,28.86796,18,155.56,9.43
439500.0,3196500.0,122.37948,28.8949,18,44.47,4.24
404500.0,3251500.0,122.01582,29.38911,18,100.34,1172.87
491500.0,3154500.0,122.91313,28.5172,18,171.9,12658.52
495500.0,3216500.0,122.95376,29.07684,18,69.53,356.38
498500.0,3275500.0,122.98451,29.60935,18,108.57,3.8
484500.0,3311500.0,122.8394,29.93415,18,49.95,2.82
527500.0,3257500.0,123.28357,29.4466,18,68.67,58.25
525500.0,3248500.0,123.26274,29.36541,18,69.49,984.23
539500.0,3281500.0,123.40817,29.66288,18,89.21,5.29
539500.0,3280500.0,123.40814,29.65385,18,75.35,36.38
525500.0,3291500.0,123.26374,29.75349,18,103.57,125.27
401500.0,3161500.0,121.99281,28.57667,18,147.23,11.61
373500.0,3166500.0,121.706,28.61936,18,87.28,3.74
363500.0,3262500.0,121.59202,29.48458,18,14.59,13.94
402500.0,3241500.0,121.9961,29.29872,18,6.23,3985.65
427500.0,3162500.0,122.25858,28.58741,18,137.25,1.41
437500.0,3175500.0,122.36013,28.70527,18,89.39,13.17
414500.0,3165500.0,122.12543,28.61369,18,121.38,447.21
445500.0,3189500.0,122.44136,28.83199,18,156.65,13.72
411500.0,3230500.0,122.08964,29.20012,18,118.19,13.45
411500.0,3240500.0,122.08884,29.29036,18,49.14,38.07
419500.0,3249500.0,122.17054,29.37212,18,48.8,5.48
428500.0,3242500.0,122.26372,29.30949,18,97.47,1.38
420500.0,3262500.0,122.1799,29.4895,18,117.61,21.21
451500.0,3240500.0,122.50064,29.29253,18,26.68,2.94
431500.0,3256500.0,122.29374,29.436,18,77.64,101.32
424500.0,3246500.0,122.22226,29.34535,18,41.91,9.28
425500.0,3240500.0,122.23296,29.29127,18,16.28,21.6
440500.0,3291500.0,122.38461,29.75232,18,78.93,1.96
447500.0,3336500.0,122.4548,30.15873,18,8.76,9.88
477500.0,3253500.0,122.76807,29.4106,18,101.16,51.59
455500.0,3341500.0,122.53766,30.20417,18,132.81,12.58
484500.0,3341500.0,122.83896,30.20489,18,63.24,5.35
492500.0,3332500.0,122.92214,30.12375,18,30.31,2.34
501500.0,3281500.0,123.0155,29.6635,18,101.28,72.77
506500.0,3314500.0,123.06737,29.96131,18,151.83,1.74
532500.0,3309500.0,123.33669,29.91577,18,92.01,4.56
511500.0,3346500.0,123.11954,30.25005,18,41.5,8.39
557500.0,3165500.0,123.58818,28.61524,18,120.03,858.74
331500.0,3181500.0,121.2743,28.74992,18,159.45,35.09
387500.0,3161500.0,121.84968,28.57553,18,50.18,5.33
431500.0,3175500.0,122.29871,28.70496,18,42.67,2.99
404500.0,3176500.0,122.02223,28.71227,18,30.58,50.66
408500.0,3153500.0,122.06502,28.50498,18,166.69,12.3
425500.0,3183500.0,122.23676,28.77683,18,83.0,8.89
437500.0,3190500.0,122.3593,28.84065,18,40.99,3.0
420500.0,3227500.0,122.18242,29.17364,18,147.04,273.3
417500.0,3253500.0,122.14963,29.40809,18,96.15,33.87
442500.0,3257500.0,122.4071,29.44558,18,86.61,9.06
445500.0,3257500.0,122.43803,29.44571,18,62.75,153.09
499500.0,3202500.0,122.99487,28.95049,18,78.05,195.69
454500.0,3236500.0,122.5317,29.25654,18,0.6,98.7
477500.0,3288500.0,122.76735,29.72648,18,13.37,9.34
453500.0,3317500.0,122.51794,29.98752,18,15.82,3.77
458500.0,3329500.0,122.5693,30.09599,18,92.65,12.32
488500.0,3320500.0,122.88075,30.01542,18,169.87,1.75
460500.0,3347500.0,122.58938,30.25849,18,91.7,81.69
510500.0,3258500.0,123.10828,29.45588,18,88.9,178.28
507500.0,3278500.0,123.07748,29.63641,18,72.48,19.99
530500.0,3284500.0,123.31526,29.69021,18,96.13,414.8
509500.0,3307500.0,123.0984,29.89812,18,101.25,11.24
506500.0,3322500.0,123.06742,30.03351,18,84.18,7.33
526500.0,3335500.0,123.27518,30.15055,18,59.81,3.21
510500.0,3327500.0,123.10895,30.0786,18,136.94,285.94
521500.0,3324500.0,123.22303,30.05138,18,72.5,28.51
516500.0,3349500.0,123.17156,30.27707,18,82.45,8.99
543500.0,3348500.0,123.45224,30.26738,18,111.73,2.21
517500.0,3351500.0,123.18199,30.2951,18,66.47,8.63
514500.0,3350500.0,123.15077,30.28612,18,24.66,22.47
423500.0,3204500.0,122.21485,28.96625,18,148.11,301.09
443500.0,3202500.0,122.42021,28.94924,18,51.49,45.24
442500.0,3213500.0,122.40938,29.04847,18,73.91,106.35
484500.0,3161500.0,122.8415,28.58032,18,178.77,804.13
483500.0,3159500.0,122.8313,28.56225,18,159.73,3108.14
482500.0,3277500.0,122.81923,29.62728,18,62.11,6.27
466500.0,3293500.0,122.65345,29.77135,18,31.08,14.95
474500.0,3302500.0,122.736,29.85277,18,166.59,12.1
463500.0,3339500.0,122.62085,30.18639,18,16.69,32.52
511500.0,3276500.0,123.11878,29.61833,18,168.09,4.06
536500.0,3328500.0,123.37877,30.08712,18,77.02,42.42
503500.0,3323500.0,123.0363,30.04254,18,30.33,1.43
397500.0,3180500.0,121.95021,28.74783,18,43.8,8.0
385500.0,3165500.0,121.82883,28.61146,18,4.31,12.68
414500.0,3160500.0,122.1258,28.56857,18,20.69,11.11
426500.0,3199500.0,122.24596,28.9213,18,8.53,317.33
428500.0,3183500.0,122.26749,28.777,18,130.32,240.1
412500.0,3183500.0,122.10359,28.77602,18,146.73,626.58
439500.0,3278500.0,122.375,29.63496,18,60.98,10.04
436500.0,3337500.0,122.34051,30.16723,18,22.1,16.77
430500.0,3353500.0,122.27714,30.31128,18,73.56,169.21
461500.0,3292500.0,122.60177,29.76218,18,157.42,4.03
474500.0,3301500.0,122.73602,29.84374,18,22.58,3.51
482500.0,3325500.0,122.81844,30.06047,18,1.01,10.09
524500.0,3278500.0,123.25311,29.63619,18,172.62,1158.87
523500.0,3281500.0,123.24284,29.66328,18,87.77,30.52
535500.0,3293500.0,123.36723,29.7713,18,7.19,48.56
515500.0,3305500.0,123.16052,29.88001,18,84.6,102.26
506500.0,3310500.0,123.06734,29.92521,18,136.03,72.32
506500.0,3304500.0,123.06731,29.87106,18,30.81,3.75
522500.0,3347500.0,123.2339,30.25892,18,12.55,245.62
367500.0,3223500.0,121.63795,29.13311,18,63.2,6.17
440500.0,3256500.0,122.38653,29.43646,18,73.41,5.93
404500.0,3264500.0,122.01469,29.50643,18,99.01,141.0
423500.0,3282500.0,122.20944,29.67017,18,23.63,287.55
446500.0,3272500.0,122.4476,29.58113,18,161.79,74.95
447500.0,3316500.0,122.45579,29.97825,18,97.29,89.0
450500.0,3291500.0,122.48804,29.75277,18,11.17,6.48
476500.0,3219500.0,122.75849,29.10371,18,174.37,2106.99
478500.0,3272500.0,122.77801,29.58209,18,67.41,4.32
557500.0,3166500.0,123.58823,28.62427,18,77.37,131.08
555500.0,3336500.0,123.57636,30.1586,18,113.07,47.06
428500.0,3276500.0,122.2615,29.61632,18,12.56,262.52
483500.0,3264500.0,122.82975,29.50997,18,69.91,23.65
463500.0,3298500.0,122.62225,29.81639,18,179.79,36.42
501500.0,3190500.0,123.01538,28.84217,18,60.02,32.13
507500.0,3206500.0,123.07699,28.98657,18,173.0,722.11
518500.0,3220500.0,123.19015,29.11282,18,150.19,167.08
519500.0,3222500.0,123.20046,29.13086,18,61.98,9.01
521500.0,3243500.0,123.22143,29.32036,18,168.68,235.2
512500.0,3262500.0,123.12895,29.49196,18,160.02,753.26
509500.0,3258500.0,123.09797,29.45589,18,80.43,10.69
511500.0,3252500.0,123.11853,29.40172,18,160.31,47.62
515500.0,3280500.0,123.16016,29.65438,18,32.92,7.38
415500.0,3153500.0,122.13654,28.50545,18,20.01,46.39
420500.0,3158500.0,122.18728,28.5509,18,43.99,40.86
428500.0,3260500.0,122.26255,29.47193,18,138.69,9.67
493500.0,3206500.0,122.93327,28.98657,18,172.73,787.73
488500.0,3279500.0,122.88118,29.6454,18,79.07,371.29
495500.0,3288500.0,122.95347,29.72667,18,25.6,2.49
495500.0,3273500.0,122.95353,29.5913,18,178.36,56.15
481500.0,3311500.0,122.80831,29.93411,18,166.64,21.36
452500.0,3296500.0,122.5085,29.79797,18,10.03,10.31
522500.0,3166500.0,123.23018,28.62535,18,52.14,1828.36
524500.0,3168500.0,123.25068,28.64336,18,141.51,15052.3
542500.0,3275500.0,123.43894,29.60863,18,85.12,81.99
542500.0,3277500.0,123.43902,29.62668,18,51.02,301.49
535500.0,3323500.0,123.36823,30.04203,18,10.79,999.53
535500.0,3331500.0,123.3685,30.11423,18,3.31,40.49
553500.0,3280500.0,123.55279,29.65333,18,175.08,1539.74
478500.0,3317500.0,122.77711,29.98821,18,73.15,112.6
501500.0,3282500.0,123.0155,29.67253,18,177.27,26.33
526500.0,3298500.0,123.27426,29.81665,18,10.89,2.93
510500.0,3335500.0,123.10903,30.1508,18,164.23,61.3
505500.0,3332500.0,123.0571,30.12376,18,25.59,11.57
518500.0,3339500.0,123.19217,30.1868,18,0.71,25381096.49
525500.0,3338500.0,123.26486,30.17765,18,130.37,12.85
505500.0,3338500.0,123.05713,30.1779,18,79.44,43.74
519500.0,3352500.0,123.2028,30.3041,18,174.09,437.16
459500.0,3295500.0,122.58097,29.78919,18,54.5,5.54
536500.0,3239500.0,123.37577,29.28391,18,32.96,562.37
520500.0,3333500.0,123.21283,30.13262,18,120.32,33.87
538500.0,3351500.0,123.40037,30.29462,18,158.85,17075.67
399500.0,3279500.0,121.96173,29.64139,17,133.24,5.37
436500.0,3236500.0,122.34644,29.25577,17,50.56,3.76
487500.0,3306500.0,122.87054,29.88907,17,36.02,12.64
501500.0,3311500.0,123.01554,29.93425,17,147.11,15.87
444500.0,3276500.0,122.42675,29.61714,17,41.77,10.43
490500.0,3260500.0,122.90201,29.47394,17,81.83,222.86
460500.0,3316500.0,122.59054,29.97874,17,1.98,4.08
481500.0,3326500.0,122.80805,30.06948,17,81.01,42.2
517500.0,3315500.0,123.18139,29.97023,17,46.58,4.66
403500.0,3183500.0,122.0114,28.77537,17,99.96,2.36
441500.0,3267500.0,122.39625,29.53578,17,170.65,1.94
390500.0,3144500.0,121.88197,28.42237,17,16.85,6.99
370500.0,3167500.0,121.67521,28.62809,17,140.7,35.6
411500.0,3151500.0,122.09582,28.48714,17,48.47,130.43
412500.0,3146500.0,122.10642,28.44208,17,54.78,11.4
413500.0,3147500.0,122.11655,28.45117,17,94.92,4.4
432500.0,3178500.0,122.30877,28.73209,17,68.49,28.62
425500.0,3163500.0,122.23807,28.59632,17,174.64,114.5
427500.0,3171500.0,122.25801,28.66864,17,63.53,2.49
436500.0,3192500.0,122.34894,28.85865,17,58.1,5.44
436500.0,3195500.0,122.34877,28.88573,17,147.9,72.32
434500.0,3210500.0,122.32739,29.02101,17,152.99,5.27
445500.0,3230500.0,122.43936,29.20204,17,75.21,6.78
441500.0,3227500.0,122.39837,29.17478,17,77.32,37.87
452500.0,3224500.0,122.51163,29.14817,17,58.38,14.96
452500.0,3267500.0,122.50977,29.53625,17,58.36,56.12
492500.0,3290500.0,122.92244,29.74471,17,35.92,41.94
531500.0,3293500.0,123.32586,29.7714,17,145.0,5.33
544500.0,3327500.0,123.46175,30.07783,17,137.6,15.29
504500.0,3350500.0,123.04679,30.2862,17,83.89,11.23
388500.0,3331500.0,121.8427,30.10965,17,169.78,63.1
441500.0,3282500.0,122.39544,29.67115,17,18.19,21.5
438500.0,3306500.0,122.36307,29.88759,17,157.09,5.9
496500.0,3250500.0,122.96393,29.38372,17,75.94,6.07
514500.0,3205500.0,123.14884,28.97748,17,119.35,10.43
507500.0,3260500.0,123.07736,29.47395,17,54.05,3.3
517500.0,3329500.0,123.18162,30.09657,17,40.38,27.82
439500.0,3149500.0,122.38198,28.47069,17,73.73,306.55
414500.0,3339500.0,122.11188,30.18393,17,32.36,73.92
487500.0,3216500.0,122.87157,29.07679,17,85.29,147.41
497500.0,3251500.0,122.97423,29.39275,17,67.85,14.14
459500.0,3292500.0,122.58108,29.76212,17,99.95,1.37
389500.0,3281500.0,121.85823,29.65859,17,29.58,3.13
418500.0,3159500.0,122.16677,28.5598,17,132.66,20.69
418500.0,3161500.0,122.16662,28.57785,17,61.8,8.99
415500.0,3252500.0,122.1291,29.39893,17,72.87,21.69
404500.0,3242500.0,122.0166,29.3079,17,72.45,32.82
400500.0,3154500.0,121.98319,28.51342,17,172.39,1.95
393500.0,3279500.0,121.89975,29.64089,17,156.52,2.33
390500.0,3283500.0,121.86836,29.67672,17,7.25,7.18
412500.0,3175500.0,122.1042,28.70381,17,61.15,31.4
409500.0,3187500.0,122.07254,28.81191,17,137.35,149.08
441500.0,3214500.0,122.39906,29.05745,17,78.55,10.39
430500.0,3241500.0,122.28438,29.30058,17,136.25,53.19
442500.0,3277500.0,122.40604,29.62608,17,75.72,1.79
499500.0,3276500.0,122.99484,29.61838,17,149.43,124.29
465500.0,3305500.0,122.64272,29.87962,17,87.79,202.57
455500.0,3311500.0,122.53892,29.93345,17,78.2,4.05
462500.0,3312500.0,122.61141,29.9427,17,164.33,64.68
514500.0,3352500.0,123.1508,30.30417,17,147.4,71.59
339500.0,3317500.0,121.33637,29.97789,17,148.57,4.49
363500.0,3153500.0,121.60528,28.50104,17,42.57,2.97
389500.0,3194500.0,121.86692,28.87352,17,121.99,39.84
369500.0,3223500.0,121.6585,29.13332,17,56.94,26.12
380500.0,3225500.0,121.77134,29.15245,17,47.74,26.21
406500.0,3260500.0,122.03566,29.47048,17,121.11,1.78
419500.0,3241500.0,122.17112,29.29992,17,42.81,3.31
477500.0,3229500.0,122.76856,29.19399,17,166.55,279.7
473500.0,3244500.0,122.72706,29.32929,17,72.99,27.16
474500.0,3244500.0,122.73736,29.32931,17,75.44,157.69
492500.0,3264500.0,122.92261,29.51006,17,137.71,11.43
487500.0,3308500.0,122.87052,29.90711,17,55.48,8.05
456500.0,3304500.0,122.54957,29.87031,17,46.41,21.19
490500.0,3317500.0,122.90151,29.98836,17,159.77,973.1
483500.0,3310500.0,122.82905,29.92512,17,131.68,1.88
469500.0,3324500.0,122.6836,30.05119,17,29.99,596.25
504500.0,3208500.0,123.0462,29.00463,17,43.47,2.05
523500.0,3305500.0,123.24336,29.87988,17,76.72,24.81
402500.0,3149500.0,122.00405,28.46844,17,81.49,45.67
394500.0,3206500.0,121.91706,28.98223,17,138.95,16.84
385500.0,3279500.0,121.81712,29.64018,17,4.46,3.77
388500.0,3335500.0,121.84228,30.14574,17,112.83,12.87
423500.0,3228500.0,122.2132,29.18285,17,67.62,28.49
428500.0,3222500.0,122.26501,29.12899,17,62.94,4.28
444500.0,3240500.0,122.42857,29.29225,17,151.1,1199.59
472500.0,3231500.0,122.71708,29.21194,17,163.17,1767.53
468500.0,3232500.0,122.6759,29.22087,17,164.92,597.73
483500.0,3260500.0,122.82981,29.47387,17,96.63,4.12
478500.0,3275500.0,122.77795,29.60917,17,116.2,69.94
496500.0,3273500.0,122.96386,29.5913,17,84.24,12.25
475500.0,3298500.0,122.74644,29.81669,17,16.14,4.6
499500.0,3345500.0,122.9948,30.24108,17,174.98,377.73
467500.0,3322500.0,122.66292,30.03309,17,9.38,33.06
509500.0,3279500.0,123.09815,29.64542,17,49.5,212.77
380500.0,3165500.0,121.7777,28.61101,17,73.36,1940.0
431500.0,3146500.0,122.30044,28.44321,17,142.37,1371.99
440500.0,3167500.0,122.39126,28.6332,17,56.09,87.87
426500.0,3231500.0,122.24386,29.2101,17,71.91,2.03
410500.0,3215500.0,122.08056,29.06468,17,92.83,10.92
487500.0,3212500.0,122.87161,29.04069,17,70.71,87.76
495500.0,3281500.0,122.9535,29.6635,17,175.37,120.75
520500.0,3226500.0,123.21081,29.16694,17,56.46,10.74
507500.0,3325500.0,123.07781,30.06057,17,30.38,2.46
402500.0,3211500.0,121.99873,29.02799,17,38.63,31.61
546500.0,3204500.0,123.47726,28.96769,17,164.89,400.38
523500.0,3272500.0,123.24264,29.58206,17,77.94,379.42
548500.0,3292500.0,123.50167,29.76183,17,35.9,297.82
371500.0,3164500.0,121.68577,28.60112,17,96.2,12.02
412500.0,3201500.0,122.10219,28.93847,17,90.27,190.8
447500.0,3281500.0,122.45749,29.6624,17,135.14,2.61
464500.0,3210500.0,122.63545,29.0222,17,164.08,1676.51
460500.0,3265500.0,122.59241,29.51848,17,46.93,62.28
481500.0,3331500.0,122.80797,30.1146,17,76.94,2.35
388500.0,3215500.0,121.85458,29.06294,17,66.43,6.58
389500.0,3211500.0,121.86525,29.02693,17,4.49,20.94
406500.0,3194500.0,122.04122,28.87487,17,146.81,94.77
418500.0,3214500.0,122.16281,29.05619,17,129.64,187.5
443500.0,3218500.0,122.4194,29.09365,17,24.68,16.33
494500.0,3216500.0,122.94349,29.07684,17,85.42,14.43
461500.0,3324500.0,122.60062,30.05097,17,22.85,2.9
503500.0,3273500.0,123.03614,29.5913,17,70.79,3.32
548500.0,3306500.0,123.5023,29.88817,17,156.66,101.78
379500.0,3145500.0,121.76957,28.43042,17,80.67,7.97
355500.0,3153500.0,121.52356,28.50018,17,147.26,5.81
452500.0,3181500.0,122.51344,28.76006,17,147.56,13639.37
472500.0,3242500.0,122.71681,29.31122,17,129.61,1771.14
543500.0,3288500.0,123.44979,29.72592,17,42.4,3.48
519500.0,3334500.0,123.20247,30.14166,17,71.73,17.12
528500.0,3328500.0,123.29576,30.08734,17,137.33,51.4
445500.0,3168500.0,122.44236,28.64245,17,148.17,15830.3
483500.0,3250500.0,122.82996,29.38361,17,177.63,11.77
555500.0,3330500.0,123.57604,30.10446,17,176.92,402.06
353500.0,3296500.0,121.48431,29.79019,17,140.48,1.07
385500.0,3171500.0,121.82823,28.6656,17,153.75,3.07
378500.0,3184500.0,121.75522,28.78228,17,164.05,198.53
398500.0,3348500.0,121.94484,30.26391,17,83.65,31.65
427500.0,3204500.0,122.2559,28.96648,17,14.53,1.53
429500.0,3188500.0,122.27742,28.82219,17,3.03,48.28
408500.0,3300500.0,122.05292,29.83158,17,98.03,310.67
410500.0,3299500.0,122.0737,29.82271,17,129.05,317.21
459500.0,3147500.0,122.58635,28.45341,17,37.01,95.19
471500.0,3192500.0,122.70779,28.85991,17,68.27,152.69
457500.0,3190500.0,122.56432,28.84147,17,61.63,165.3
465500.0,3205500.0,122.64587,28.9771,17,162.31,673.83
486500.0,3239500.0,122.86101,29.28437,17,116.32,10.59
458500.0,3307500.0,122.57016,29.89745,17,58.03,125.68
514500.0,3240500.0,123.14929,29.29338,17,155.32,400.09
524500.0,3334500.0,123.25439,30.14157,17,82.0,84.36
509500.0,3319500.0,123.09851,30.00641,17,48.64,91.32
514500.0,3341500.0,123.15065,30.2049,17,41.67,25.12
324500.0,3187500.0,121.20171,28.80312,17,62.41,433.0
384500.0,3172500.0,121.8179,28.67454,17,31.53,4.39
399500.0,3169500.0,121.97166,28.64872,17,42.47,3.54
380500.0,3178500.0,121.77634,28.72832,17,51.04,58.82
367500.0,3227500.0,121.63747,29.1692,17,126.12,106.27
424500.0,3313500.0,122.2176,29.94998,17,150.17,50.6
437500.0,3344500.0,122.35048,30.23045,17,7.81,18.31
498500.0,3179500.0,122.98464,28.74288,17,171.28,1949.32
458500.0,3261500.0,122.57192,29.48231,17,151.66,146.02
464500.0,3350500.0,122.63086,30.28569,17,170.54,1011.75
463500.0,3353500.0,122.62036,30.31273,17,112.75,8.77
507500.0,3234500.0,123.07718,29.23929,17,77.01,4.46
529500.0,3245500.0,123.30387,29.33825,17,76.94,6.79
529500.0,3244500.0,123.30384,29.32922,17,174.65,234.17
526500.0,3330500.0,123.27505,30.10543,17,55.23,65.71
523500.0,3324500.0,123.24378,30.05135,17,75.33,2.84
523500.0,3322500.0,123.24374,30.0333,17,80.57,24.26
328500.0,3184500.0,121.24313,28.77659,17,41.53,2.12
380500.0,3204500.0,121.77359,28.96295,17,90.19,66.6
400500.0,3206500.0,121.97864,28.98271,17,103.18,4.61
374500.0,3219500.0,121.71034,29.09773,17,156.07,11.77
374500.0,3218500.0,121.71045,29.0887,17,113.87,10.73
368500.0,3268500.0,121.64286,29.53925,17,8.54,3.29
388500.0,3337500.0,121.84207,30.16378,17,120.69,17.71
426500.0,3146500.0,122.24938,28.44294,17,56.67,194.73
402500.0,3146500.0,122.00431,28.44137,17,43.48,12.81
410500.0,3173500.0,122.08389,28.68563,17,81.89,21.2
436500.0,3191500.0,122.349,28.84963,17,81.64,2.92
408500.0,3212500.0,122.06026,29.03746,17,73.92,6.45
414500.0,3217500.0,122.12149,29.083,17,1.19,36.29
416500.0,3243500.0,122.14008,29.31777,17,39.03,54.91
431500.0,3258500.0,122.29361,29.45405,17,83.98,5.57
415500.0,3248500.0,122.1294,29.36283,17,73.35,50.1
421500.0,3268500.0,122.18978,29.54371,17,50.23,30.85
450500.0,3300500.0,122.48762,29.83399,17,84.81,2.01
439500.0,3294500.0,122.3741,29.77935,17,28.62,33.21
483500.0,3179500.0,122.83101,28.74278,17,151.81,2480.88
458500.0,3166500.0,122.57545,28.62488,17,152.64,1002.59
461500.0,3202500.0,122.60491,28.94991,17,157.91,1517.24
467500.0,3195500.0,122.66669,28.88689,17,150.19,8475.5
472500.0,3256500.0,122.71646,29.43757,17,79.82,1.87
472500.0,3308500.0,122.71514,29.90687,17,78.59,135.33
471500.0,3306500.0,122.70483,29.8888,17,174.02,1.72
455500.0,3346500.0,122.53745,30.24929,17,2.29,937.04
506500.0,3209500.0,123.06674,29.01365,17,160.83,657.21
526500.0,3251500.0,123.27311,29.39247,17,69.49,207.54
502500.0,3279500.0,123.02583,29.64545,17,73.38,2.69
525500.0,3292500.0,123.26377,29.76252,17,106.93,51.73
521500.0,3297500.0,123.22249,29.80772,17,61.2,593.08
539500.0,3329500.0,123.40994,30.09606,17,96.51,23.34
397500.0,3153500.0,121.95263,28.50416,17,1.05,2.82
362500.0,3164500.0,121.59375,28.6002,17,33.16,20.88
371500.0,3158500.0,121.68645,28.54697,17,171.76,5.17
387500.0,3193500.0,121.84651,28.86432,17,82.48,7386.9
380500.0,3209500.0,121.77305,29.00807,17,172.11,5.1
426500.0,3162500.0,122.24836,28.58735,17,31.81,128.76
449500.0,3199500.0,122.48191,28.92241,17,154.44,1.77
433500.0,3187500.0,122.31848,28.81337,17,139.15,1.09
421500.0,3226500.0,122.19278,29.16468,17,56.33,2.97
446500.0,3218500.0,122.45023,29.09378,17,177.02,1.46
417500.0,3249500.0,122.14993,29.37199,17,76.19,7.59
422500.0,3253500.0,122.20116,29.4084,17,38.45,270.53
426500.0,3245500.0,122.24293,29.33645,17,49.39,4.06
422500.0,3246500.0,122.20166,29.34523,17,38.12,36.25
430500.0,3247500.0,122.284,29.35472,17,143.92,11.96
430500.0,3245500.0,122.28412,29.33668,17,159.55,4.18
430500.0,3252500.0,122.28368,29.39985,17,52.8,4.84
429500.0,3263500.0,122.27267,29.49906,17,57.88,7.95
433500.0,3249500.0,122.31478,29.37294,17,14.16,10.78
428500.0,3254500.0,122.26294,29.41779,17,60.06,58.32
408500.0,3236500.0,122.05828,29.25405,17,44.23,113.43
409500.0,3250500.0,122.06743,29.38046,17,28.11,32.48
482500.0,3260500.0,122.8195,29.47385,17,139.33,1676.87
498500.0,3259500.0,122.98453,29.46495,17,155.57,1255.03
471500.0,3249500.0,122.70633,29.37437,17,162.61,559.21
460500.0,3295500.0,122.59131,29.78922,17,161.64,1.91
493500.0,3336500.0,122.9325,30.15985,17,69.49,2.73
455500.0,3337500.0,122.53783,30.16808,17,133.35,70.01
509500.0,3245500.0,123.09786,29.33856,17,164.08,173913.42
511500.0,3271500.0,123.11873,29.5732,17,172.66,676.95
526500.0,3286500.0,123.27396,29.70835,17,41.35,3.54
533500.0,3311500.0,123.34711,29.9338,17,122.13,106.55
531500.0,3306500.0,123.32624,29.88873,17,3.11,78.43
512500.0,3315500.0,123.12957,29.97029,17,46.05,2.13
512500.0,3312500.0,123.12953,29.94321,17,102.58,29.45
516500.0,3336500.0,123.17135,30.15975,17,2.58,2.79
523500.0,3346500.0,123.24427,30.24988,17,42.0,4.17
398500.0,3148500.0,121.96329,28.45911,17,8.82,13.09
396500.0,3175500.0,121.94042,28.70263,17,157.08,71.53
389500.0,3164500.0,121.86984,28.60278,17,66.8,13.88
391500.0,3341500.0,121.87281,30.20014,17,93.27,11.7
422500.0,3166500.0,122.20718,28.62322,17,44.57,30.8
420500.0,3171500.0,122.18638,28.66823,17,94.3,6.13
443500.0,3197500.0,122.42046,28.90411,17,72.74,5.98
414500.0,3220500.0,122.12126,29.11007,17,65.97,2.52
411500.0,3213500.0,122.09099,29.0467,17,116.97,11.89
426500.0,3252500.0,122.24246,29.39962,17,136.0,357.3
445500.0,3271500.0,122.43733,29.57206,17,100.01,23.11
451500.0,3307500.0,122.49766,29.8972,17,70.29,121.84
450500.0,3335500.0,122.486,30.14984,17,91.08,24.78
451500.0,3196500.0,122.50256,28.89541,17,155.08,541.84
461500.0,3196500.0,122.60512,28.89575,17,62.45,16.4
487500.0,3215500.0,122.87158,29.06776,17,170.99,1465.49
494500.0,3288500.0,122.94313,29.72667,17,54.98,1.31
467500.0,3320500.0,122.66298,30.01504,17,44.49,277.6
505500.0,3300500.0,123.05693,29.83497,17,4.78,50.76
517500.0,3308500.0,123.18128,29.90705,17,90.72,83.03
517500.0,3297500.0,123.1811,29.80778,17,57.97,6.9
528500.0,3352500.0,123.2964,30.30392,17,162.25,3626.89
552500.0,3298500.0,123.54333,29.81581,17,49.81,7.61
431500.0,3188500.0,122.29792,28.82229,17,93.98,1.92
439500.0,3241500.0,122.37704,29.30104,17,177.25,12.59
444500.0,3270500.0,122.42706,29.56299,17,3.69,484.67
468500.0,3222500.0,122.67618,29.13061,17,73.4,125.8
482500.0,3278500.0,122.81921,29.63631,17,69.39,12.13
521500.0,3239500.0,123.22135,29.28426,17,175.79,835.43
503500.0,3353500.0,123.0364,30.31327,17,54.12,152.7
400500.0,3187500.0,121.98031,28.81124,17,113.32,11.16
409500.0,3160500.0,122.07468,28.56823,17,61.23,4.08
427500.0,3183500.0,122.25725,28.77695,17,177.05,11.7
429500.0,3184500.0,122.27767,28.78608,17,133.39,205.03
429500.0,3186500.0,122.27755,28.80414,17,82.88,2.54
424500.0,3224500.0,122.22376,29.14681,17,144.46,3.04
422500.0,3216500.0,122.20375,29.07449,17,20.37,15.25
425500.0,3231500.0,122.23357,29.21004,17,8.98,4.06
435500.0,3323500.0,122.33098,30.04085,17,111.3,200.48
473500.0,3214500.0,122.72777,29.05852,17,51.03,10.58
468500.0,3244500.0,122.67556,29.32918,17,36.0,3.42
480500.0,3277500.0,122.79857,29.62725,17,39.64,6.0
453500.0,3300500.0,122.51867,29.8341,17,61.61,1.65
470500.0,3315500.0,122.69423,29.97,17,135.69,99.36
455500.0,3316500.0,122.53871,29.97857,17,59.66,62.78
451500.0,3296500.0,122.49815,29.79793,17,172.91,1.66
523500.0,3278500.0,123.24277,29.63621,17,35.89,13.59
504500.0,3282500.0,123.04651,29.67252,17,28.97,9.23
529500.0,3276500.0,123.3047,29.61803,17,85.67,3.55
502500.0,3288500.0,123.02585,29.72668,17,142.75,7.01
501500.0,3308500.0,123.01554,29.90718,17,46.09,1.91
509500.0,3328500.0,123.09859,30.08763,17,102.99,3.04
522500.0,3349500.0,123.23394,30.27697,17,156.76,3.86
520500.0,3347500.0,123.21311,30.25896,17,124.8,1.5
395500.0,3171500.0,121.93055,28.66645,17,135.0,222.06
408500.0,3155500.0,122.06486,28.52303,17,125.23,3.34
409500.0,3177500.0,122.07333,28.72166,17,166.75,281.66
432500.0,3205500.0,122.30715,28.97578,17,24.13,55.08
440500.0,3234500.0,122.38772,29.23791,17,154.11,1099.85
422500.0,3218500.0,122.20361,29.09254,17,93.99,2.88
432500.0,3245500.0,122.30472,29.33678,17,152.03,36.17
433500.0,3251500.0,122.31466,29.39099,17,44.17,144.92
452500.0,3202500.0,122.51256,28.9496,17,79.26,6.21
467500.0,3288500.0,122.66395,29.72625,17,68.59,12.3
482500.0,3310500.0,122.81869,29.9251,17,159.63,6.56
521500.0,3321500.0,123.22297,30.02431,17,165.48,274.43
493500.0,3190500.0,122.93337,28.84216,17,5.99,1769.86
480500.0,3203500.0,122.79987,28.95936,17,89.05,51.21
493500.0,3186500.0,122.93339,28.80605,17,91.4,41.87
480500.0,3196500.0,122.79999,28.89618,17,89.42,17.02
543500.0,3218500.0,123.44702,29.09416,17,168.66,46867.95
518500.0,3230500.0,123.19031,29.20308,17,147.07,388.88
509500.0,3257500.0,123.09796,29.44686,17,49.98,110.88
530500.0,3321500.0,123.31631,30.02412,17,87.04,12.86
555500.0,3262500.0,123.57254,29.49079,17,82.35,407.38
407500.0,3152500.0,122.05488,28.49588,17,57.34,98.58
421500.0,3159500.0,122.19743,28.55998,17,115.96,261.38
447500.0,3193500.0,122.46167,28.86818,17,17.18,11.1
448500.0,3193500.0,122.47192,28.86822,17,25.8,5.67
428500.0,3243500.0,122.26366,29.31851,17,92.6,1.49
417500.0,3260500.0,122.1491,29.47126,17,84.97,11.1
429500.0,3244500.0,122.27389,29.32759,17,124.75,13.0
450500.0,3313500.0,122.48702,29.9513,17,111.46,73.05
406500.0,3292500.0,122.03291,29.75925,17,161.49,11.68
452500.0,3203500.0,122.51252,28.95863,17,72.65,16.96
491500.0,3211500.0,122.9127,29.03169,17,170.53,406.86
498500.0,3224500.0,122.98458,29.14906,17,103.36,154.87
474500.0,3295500.0,122.73616,29.78959,17,21.18,2.11
489500.0,3317500.0,122.89115,29.98836,17,71.17,138.88
452500.0,3347500.0,122.50622,30.2582,17,82.75,41.06
523500.0,3238500.0,123.24192,29.2752,17,8.26,4674044245.95
531500.0,3253500.0,123.3247,29.4104,17,159.88,1933.32
530500.0,3250500.0,123.31431,29.38335,17,81.45,14.68
530500.0,3249500.0,123.31428,29.37433,17,75.84,99.73
502500.0,3286500.0,123.02585,29.70863,17,87.87,46.48
535500.0,3298500.0,123.3674,29.81642,17,47.99,12.92
537500.0,3328500.0,123.38915,30.08709,17,82.5,6.5
546500.0,3319500.0,123.48215,30.00557,17,10.75,142.73
517500.0,3342500.0,123.18184,30.21389,17,171.04,925.51
556500.0,3250500.0,123.58223,29.38245,17,83.25,584.9
553500.0,3276500.0,123.55259,29.61723,17,3.68,145.43
551500.0,3337500.0,123.53487,30.1678,17,99.11,13.56
475500.0,3252500.0,122.74748,29.40153,17,165.64,1883.74
475500.0,3325500.0,122.74582,30.06035,17,12.71,93.06
504500.0,3216500.0,123.04624,29.07684,17,113.71,64.7
521500.0,3240500.0,123.22137,29.29328,17,174.34,3244.46
512500.0,3313500.0,123.12954,29.95224,17,169.61,12.24
553500.0,3226500.0,123.55016,29.16598,17,22.65,6048.39
424500.0,3190500.0,122.22605,28.83995,17,21.33,72.94
419500.0,3281500.0,122.16818,29.6609,17,148.39,2.59
480500.0,3213500.0,122.7997,29.04962,17,152.18,865.81
491500.0,3252500.0,122.91239,29.40174,17,173.98,57.25
473500.0,3269500.0,122.72645,29.55492,17,44.48,28.98
498500.0,3270500.0,122.98451,29.56423,17,150.95,2.48
457500.0,3307500.0,122.5598,29.89742,17,105.45,256.21
544500.0,3274500.0,123.45955,29.59953,17,9.22,6.82
544500.0,3287500.0,123.46009,29.71686,17,135.61,38.21
516500.0,3340500.0,123.17141,30.19585,17,7.51,1040.7
522500.0,3340500.0,123.23375,30.19576,17,21.05,53.16
510500.0,3326500.0,123.10894,30.06958,17,62.79,318.35
536500.0,3321500.0,123.37853,30.02395,17,173.07,492.03
510500.0,3353500.0,123.10921,30.31323,17,52.15,17.12
550500.0,3340500.0,123.52462,30.19491,17,34.76,22.51
469500.0,3214500.0,122.68668,29.05843,17,159.72,44840.59
529500.0,3284500.0,123.30492,29.69023,17,179.09,1245.29
497500.0,3152500.0,122.97445,28.49917,17,142.35,649165.1
477500.0,3276500.0,122.7676,29.61818,17,160.4,1334.84
482500.0,3311500.0,122.81867,29.93413,17,140.63,7.91
534500.0,3233500.0,123.355,29.22982,17,99.12,1496.41
509500.0,3270500.0,123.09807,29.56419,17,161.17,65.26
521500.0,3311500.0,123.22277,29.93406,17,48.37,16.32
464500.0,3276500.0,122.63332,29.61787,16,165.95,541.96
504500.0,3299500.0,123.04658,29.82595,16,92.09,1.75
504500.0,3300500.0,123.04658,29.83497,16,49.44,104.72
480500.0,3266500.0,122.79876,29.52798,16,75.61,41.92
479500.0,3298500.0,122.78784,29.81676,16,25.7,3.85
459500.0,3316500.0,122.58017,29.97871,16,129.96,88.05
461500.0,3348500.0,122.59974,30.26755,16,122.29,10.36
500500.0,3229500.0,123.00514,29.19419,16,139.12,12.17
512500.0,3219500.0,123.12847,29.10387,16,162.05,383.06
505500.0,3330500.0,123.05709,30.10571,16,38.18,18.74
372500.0,3217500.0,121.69002,29.07948,16,56.65,2.22
441500.0,3268500.0,122.3962,29.54481,16,107.18,2.42
500500.0,3297500.0,123.00517,29.80791,16,162.05,1.46
514500.0,3345500.0,123.15071,30.241,16,159.22,35.41
380500.0,3187500.0,121.77539,28.80954,16,163.99,79.27
367500.0,3222500.0,121.63807,29.12409,16,42.0,4.35
371500.0,3326500.0,121.66689,30.06286,16,123.83,2.47
411500.0,3146500.0,122.09621,28.44201,16,146.25,33.4
415500.0,3155500.0,122.13639,28.5235,16,123.47,648.4
423500.0,3159500.0,122.21788,28.5601,16,134.61,28.13
419500.0,3166500.0,122.1765,28.62304,16,58.63,15.49
422500.0,3186500.0,122.20582,28.80373,16,138.63,134.09
444500.0,3225500.0,122.42933,29.15687,16,172.29,38.24
423500.0,3218500.0,122.21389,29.0926,16,18.72,6.55
434500.0,3209500.0,122.32745,29.01199,16,137.85,12.38
416500.0,3226500.0,122.14137,29.16436,16,74.02,3.22
430500.0,3216500.0,122.28594,29.07495,16,95.71,5.01
436500.0,3244500.0,122.34598,29.32797,16,81.81,2.31
421500.0,3240500.0,122.19178,29.29102,16,32.49,103.33
431500.0,3250500.0,122.29411,29.38185,16,77.26,5.04
418500.0,3317500.0,122.15512,29.98569,16,46.52,3.66
442500.0,3326500.0,122.40342,30.06827,16,159.68,1.72
469500.0,3217500.0,122.6866,29.08551,16,73.71,20.06
495500.0,3286500.0,122.95348,29.70862,16,41.21,12.63
500500.0,3308500.0,123.00518,29.90718,16,39.19,3.87
522500.0,3300500.0,123.2329,29.83477,16,153.15,1.27
552500.0,3326500.0,123.54471,30.06849,16,5.45,271.52
474500.0,3278500.0,122.73656,29.63617,16,115.62,1.85
526500.0,3315500.0,123.27468,29.97006,16,78.96,4.82
505500.0,3314500.0,123.057,29.96131,16,29.15,1.36
350500.0,3263500.0,121.45783,29.49211,16,122.15,1.39
441500.0,3233500.0,122.39806,29.22893,16,146.57,436.74
444500.0,3301500.0,122.42547,29.84275,16,60.17,190.24
485500.0,3268500.0,122.85034,29.54609,16,76.84,9.3
498500.0,3301500.0,122.98447,29.844,16,52.76,8.11
464500.0,3332500.0,122.63147,30.12325,16,7.53,399.96
508500.0,3283500.0,123.08785,29.68153,16,63.33,11.44
439500.0,3189500.0,122.37986,28.83172,16,100.71,35.85
427500.0,3191500.0,122.25673,28.84915,16,76.0,88.11
407500.0,3181500.0,122.05253,28.75762,16,108.04,181.27
412500.0,3192500.0,122.10289,28.85724,16,59.31,49.28
418500.0,3250500.0,122.16016,29.38108,16,115.23,12.28
460500.0,3208500.0,122.59444,29.00403,16,166.46,204.42
484500.0,3229500.0,122.84056,29.19409,16,156.89,36.35
485500.0,3275500.0,122.85024,29.60927,16,83.23,6.78
505500.0,3254500.0,123.0567,29.41981,16,70.41,96.47
401500.0,3186500.0,121.99065,28.8023,16,104.51,12.42
362500.0,3229500.0,121.58582,29.18672,16,82.16,66.17
393500.0,3283500.0,121.89936,29.67698,16,90.96,255.1
429500.0,3163500.0,122.27897,28.59655,16,159.33,164.15
413500.0,3184500.0,122.11375,28.78511,16,148.29,241.92
437500.0,3198500.0,122.35886,28.91286,16,177.83,4.09
415500.0,3214500.0,122.13199,29.05599,16,93.45,6.26
446500.0,3252500.0,122.44858,29.40063,16,4.54,29.46
444500.0,3311500.0,122.42495,29.933,16,91.14,45.09
433500.0,3297500.0,122.31185,29.80611,16,10.41,92.49
416500.0,3342500.0,122.13242,30.21114,16,38.13,6.61
458500.0,3198500.0,122.57428,28.91371,16,72.71,159.77
486500.0,3268500.0,122.86066,29.54611,16,46.52,1.34
497500.0,3312500.0,122.97409,29.94327,16,58.34,12.37
499500.0,3305500.0,122.99482,29.8801,16,50.84,3.91
529500.0,3325500.0,123.30605,30.06024,16,82.76,8.32
376500.0,3144500.0,121.73905,28.42112,16,108.56,7.18
371500.0,3178500.0,121.6842,28.72746,16,122.64,2.71
370500.0,3165500.0,121.67544,28.61004,16,93.34,3.14
374500.0,3270500.0,121.70454,29.55791,16,30.34,6.02
397500.0,3288500.0,121.94022,29.72244,16,108.82,167.93
387500.0,3336500.0,121.83179,30.15467,16,70.57,63.41
426500.0,3167500.0,122.24804,28.63248,16,38.9,109.97
409500.0,3190500.0,122.0723,28.83898,16,80.24,8.67
446500.0,3209500.0,122.45066,29.01255,16,146.76,358.8
422500.0,3210500.0,122.20417,29.02034,16,100.24,147.78
411500.0,3219500.0,122.09051,29.10084,16,104.48,21.46
443500.0,3209500.0,122.41985,29.01242,16,160.35,36.57
405500.0,3308500.0,122.02116,29.90355,16,23.61,65.48
484500.0,3249500.0,122.84028,29.3746,16,25.11,678.42
507500.0,3268500.0,123.07741,29.54616,16,124.35,498.6
514500.0,3265500.0,123.14962,29.51902,16,84.7,9.58
516500.0,3302500.0,123.17083,29.85292,16,167.76,7.39
516500.0,3316500.0,123.17104,29.97926,16,163.12,713.12
511500.0,3317500.0,123.11922,29.98835,16,88.36,2.41
549500.0,3322500.0,123.5134,30.03252,16,70.82,57.41
388500.0,3171500.0,121.85893,28.66587,16,62.49,13.35
372500.0,3158500.0,121.69667,28.54707,16,139.39,6.71
390500.0,3227500.0,121.87394,29.1714,16,5.1,2.28
390500.0,3223500.0,121.87434,29.1353,16,75.37,24.06
425500.0,3169500.0,122.23768,28.65048,16,28.32,339.74
433500.0,3233500.0,122.31575,29.22854,16,123.87,444.72
483500.0,3254500.0,122.8299,29.41972,16,158.37,3.8
482500.0,3258500.0,122.81953,29.4558,16,69.63,4.25
452500.0,3242500.0,122.51085,29.31062,16,28.07,40.18
478500.0,3249500.0,122.77846,29.37451,16,168.28,10622.66
459500.0,3271500.0,122.58187,29.5726,16,58.38,1761.74
480500.0,3313500.0,122.79791,29.95215,16,51.27,2.74
474500.0,3294500.0,122.73619,29.78057,16,130.62,1.57
477500.0,3342500.0,122.76621,30.2138,16,66.82,499.65
529500.0,3270500.0,123.30454,29.56388,16,128.85,7162.97
505500.0,3285500.0,123.05686,29.69959,16,110.01,3.87
540500.0,3321500.0,123.42002,30.02383,16,90.95,172.78
359500.0,3260500.0,121.55103,29.46609,16,28.23,43.3
390500.0,3346500.0,121.8619,30.24517,16,168.91,57.88
448500.0,3308500.0,122.46654,29.9061,16,143.65,9.11
462500.0,3158500.0,122.61663,28.55279,16,24.68,3477.27
479500.0,3187500.0,122.7899,28.81493,16,146.86,1167.08
455500.0,3183500.0,122.54409,28.77822,16,148.26,12524.27
493500.0,3223500.0,122.93317,29.14001,16,137.37,6960.03
470500.0,3225500.0,122.69666,29.15774,16,163.46,2435.89
465500.0,3218500.0,122.64547,29.09443,16,71.84,139.24
474500.0,3248500.0,122.73726,29.36541,16,75.43,36.46
482500.0,3276500.0,122.81924,29.61826,16,75.23,223.95
496500.0,3295500.0,122.96379,29.78985,16,140.26,81.79
460500.0,3346500.0,122.58942,30.24947,16,17.46,192.66
510500.0,3152500.0,123.10729,28.49913,16,176.36,96279.73
523500.0,3312500.0,123.24352,29.94305,16,90.86,16.79
550500.0,3198500.0,123.51805,28.91339,16,169.14,13211.48
552500.0,3344500.0,123.5456,30.23092,16,31.03,595.07
375500.0,3179500.0,121.72504,28.73687,16,49.62,6.58
380500.0,3339500.0,121.75878,30.18107,16,68.78,1.33
416500.0,3178500.0,122.14493,28.73115,16,81.99,30.21
403500.0,3210500.0,122.00908,29.01904,16,80.21,465.02
478500.0,3216500.0,122.7791,29.07667,16,154.8,979.02
494500.0,3274500.0,122.9432,29.60032,16,0.98,2.01
478500.0,3321500.0,122.77703,30.02431,16,47.55,1.26
469500.0,3348500.0,122.68291,30.26777,16,73.78,1728.53
468500.0,3348500.0,122.67252,30.26775,16,71.56,4799.97
516500.0,3322500.0,123.17113,30.03341,16,62.79,6.27
374500.0,3354500.0,121.69468,30.31579,16,125.76,5.33
414500.0,3198500.0,122.12294,28.91153,16,169.34,5.27
413500.0,3200500.0,122.11253,28.92951,16,124.73,42.06
433500.0,3245500.0,122.31502,29.33684,16,79.92,3.28
417500.0,3316500.0,122.14483,29.9766,16,70.21,35.32
461500.0,3278500.0,122.60227,29.63583,16,30.25,22.35
515500.0,3344500.0,123.16108,30.23196,16,157.11,2.25
511500.0,3340500.0,123.11947,30.19591,16,168.24,22.24
411500.0,3294500.0,122.08446,29.77766,16,74.65,3.13
466500.0,3303500.0,122.65314,29.8616,16,57.5,218.83
484500.0,3336500.0,122.83903,30.15977,16,85.26,68.38
387500.0,3150500.0,121.85076,28.47626,16,23.11,764.9
450500.0,3305500.0,122.48739,29.87911,16,119.26,28.07
467500.0,3201500.0,122.66651,28.94105,16,167.0,940.14
489500.0,3287500.0,122.89144,29.71761,16,59.13,14.28
529500.0,3297500.0,123.30528,29.80755,16,167.38,358.13
540500.0,3298500.0,123.41914,29.81627,16,1.55,33.67
517500.0,3312500.0,123.18134,29.94315,16,30.24,34.84
514500.0,3353500.0,123.15082,30.31319,16,104.84,2.9
434500.0,3216500.0,122.32704,29.07516,16,147.56,1166.17
436500.0,3325500.0,122.34123,30.05895,16,118.49,149.5
486500.0,3216500.0,122.86129,29.07678,16,166.18,4772.14
466500.0,3212500.0,122.65592,29.04031,16,161.31,157.77
464500.0,3334500.0,122.6314,30.1413,16,9.92,2903.76
545500.0,3163500.0,123.46535,28.59766,16,171.04,119508.5
506500.0,3246500.0,123.06696,29.3476,16,86.6,1017.25
375500.0,3170500.0,121.72602,28.65566,16,30.28,2.66
377500.0,3320500.0,121.72981,30.00934,16,43.63,3684.5
385500.0,3325500.0,121.81221,30.05523,16,110.39,22.49
433500.0,3148500.0,122.32075,28.46137,16,146.79,2090.67
440500.0,3157500.0,122.39178,28.54294,16,156.13,131.71
450500.0,3178500.0,122.49309,28.73291,16,56.34,118.04
449500.0,3182500.0,122.48267,28.76897,16,146.0,1886.39
407500.0,3265500.0,122.04555,29.51568,16,33.11,156.08
409500.0,3300500.0,122.06327,29.83166,16,45.24,2.35
410500.0,3300500.0,122.07362,29.83173,16,144.1,46.85
433500.0,3295500.0,122.31197,29.78807,16,101.74,6.55
428500.0,3340500.0,122.25723,30.19386,16,123.28,10.93
465500.0,3152500.0,122.64748,28.49871,16,145.36,664.85
490500.0,3206500.0,122.90248,28.98656,16,125.53,144.67
480500.0,3199500.0,122.79994,28.92326,16,81.36,33.8
462500.0,3200500.0,122.61524,28.93188,16,163.89,13211.99
470500.0,3188500.0,122.69764,28.82378,16,73.85,133.98
482500.0,3202500.0,122.82041,28.95037,16,152.21,701.43
478500.0,3245500.0,122.77854,29.33841,16,159.66,20393.8
494500.0,3240500.0,122.94337,29.29346,16,154.12,340.51
471500.0,3311500.0,122.7047,29.93392,16,105.82,317.93
516500.0,3218500.0,123.16956,29.09479,16,64.48,158.56
517500.0,3287500.0,123.18094,29.71753,16,117.07,35.43
504500.0,3352500.0,123.0468,30.30425,16,81.64,53.29
376500.0,3209500.0,121.73199,29.00769,16,29.04,453.31
430500.0,3208500.0,122.28644,29.00275,16,143.71,3.81
412500.0,3346500.0,122.09053,30.24695,16,103.55,1.53
474500.0,3254500.0,122.73712,29.41956,16,170.56,371.54
462500.0,3262500.0,122.61315,29.49146,16,52.9,8.6
472500.0,3254500.0,122.71651,29.41952,16,135.46,67.7
498500.0,3280500.0,122.9845,29.65448,16,105.94,3532.02
468500.0,3298500.0,122.674,29.81653,16,38.12,13.53
501500.0,3150500.0,123.01532,28.48112,16,148.93,6665.69
506500.0,3295500.0,123.06725,29.78984,16,70.93,14.37
519500.0,3294500.0,123.20174,29.78068,16,72.05,181.98
541500.0,3325500.0,123.43054,30.05989,16,145.47,120.13
535500.0,3350500.0,123.36914,30.28569,16,168.1,94.01
370500.0,3164500.0,121.67555,28.60102,16,6.29,232.85
401500.0,3275500.0,121.98275,29.60546,16,149.14,3.51
375500.0,3353500.0,121.7052,30.30687,16,67.01,2.52
405500.0,3145500.0,122.03502,28.43256,16,82.89,16.09
439500.0,3143500.0,122.38229,28.41653,16,157.02,16098.74
435500.0,3176500.0,122.3396,28.71419,16,48.21,7.08
440500.0,3201500.0,122.38947,28.94008,16,67.1,32.78
441500.0,3197500.0,122.39994,28.90402,16,55.35,7.17
442500.0,3200500.0,122.41005,28.93114,16,51.5,3.3
442500.0,3208500.0,122.40964,29.00335,16,101.14,5.78
411500.0,3246500.0,122.08836,29.34451,16,38.87,4.81
444500.0,3239500.0,122.42862,29.28322,16,150.81,822.63
443500.0,3256500.0,122.41746,29.4366,16,92.53,1.92
420500.0,3288500.0,122.178,29.72413,16,132.24,25.15
423500.0,3269500.0,122.21035,29.55286,16,38.91,5.59
434500.0,3298500.0,122.32214,29.81519,16,0.48,122.58
477500.0,3160500.0,122.76994,28.57119,16,158.42,16627.85
459500.0,3168500.0,122.58561,28.64296,16,161.0,4233.91
455500.0,3242500.0,122.54175,29.31073,16,96.22,199.17
496500.0,3343500.0,122.96363,30.22303,16,5.03,2839.09
517500.0,3200500.0,123.17955,28.93231,16,10.38,443413.78
520500.0,3195500.0,123.21024,28.88714,16,150.68,450644.18
548500.0,3206500.0,123.49787,28.98567,16,70.95,1060.78
526500.0,3255500.0,123.27321,29.42857,16,82.51,54.08
529500.0,3258500.0,123.30422,29.45558,16,21.31,73.45
506500.0,3280500.0,123.06716,29.65446,16,37.51,2.14
508500.0,3275500.0,123.08779,29.60933,16,102.29,15.59
521500.0,3290500.0,123.22235,29.74454,16,5.91,46.25
519500.0,3297500.0,123.20179,29.80775,16,60.48,2.55
549500.0,3323500.0,123.51344,30.04155,16,176.93,17362.49
366500.0,3197500.0,121.63077,28.8984,16,41.72,9.68
387500.0,3206500.0,121.84521,28.98163,16,64.43,199.21
402500.0,3229500.0,121.99716,29.19043,16,81.84,1361.33
401500.0,3255500.0,121.98455,29.42498,16,98.28,7.23
438500.0,3179500.0,122.37015,28.74142,16,87.12,40.13
445500.0,3169500.0,122.44232,28.65147,16,148.13,1434730.95
412500.0,3185500.0,122.10343,28.79407,16,52.9,62.35
410500.0,3250500.0,122.07773,29.38053,16,69.02,199.6
416500.0,3241500.0,122.14023,29.29973,16,37.28,133.51
431500.0,3257500.0,122.29368,29.44503,16,173.45,1661.22
404500.0,3255500.0,122.01548,29.42521,16,155.38,14.81
430500.0,3260500.0,122.28318,29.47205,16,58.61,6.61
437500.0,3274500.0,122.35457,29.59876,16,62.84,172.13
432500.0,3296500.0,122.30156,29.79704,16,150.92,343.59
439500.0,3292500.0,122.37422,29.7613,16,134.75,1.29
451500.0,3322500.0,122.49698,30.03256,16,94.9,3.78
467500.0,3167500.0,122.66749,28.63416,16,161.23,149120.14
455500.0,3287500.0,122.53991,29.71686,16,65.46,167.46
509500.0,3251500.0,123.09791,29.39271,16,23.6,4052.25
509500.0,3250500.0,123.0979,29.38369,16,25.73,983062716.59
517500.0,3264500.0,123.18056,29.50996,16,117.32,4.75
516500.0,3315500.0,123.17103,29.97024,16,137.59,1.74
511500.0,3315500.0,123.1192,29.9703,16,19.19,18.69
524500.0,3340500.0,123.25452,30.19572,16,49.34,15.65
500500.0,3321500.0,123.00519,30.0245,16,94.54,311357.72
535500.0,3337500.0,123.3687,30.16837,16,76.78,3773.78
534500.0,3350500.0,123.35874,30.28571,16,22.36,854.83
555500.0,3163500.0,123.56762,28.59727,16,144.16,426841.64
365500.0,3152500.0,121.62583,28.49222,16,160.04,9.47
394500.0,3204500.0,121.91724,28.96418,16,31.21,12.65
376500.0,3214500.0,121.73144,29.05281,16,83.89,234.97
401500.0,3347500.0,121.97612,30.25513,16,28.11,149.4
416500.0,3148500.0,122.14712,28.46039,16,54.43,17.43
414500.0,3150500.0,122.12654,28.47831,16,54.17,6.2
415500.0,3146500.0,122.13705,28.44227,16,66.93,28.49
409500.0,3164500.0,122.07437,28.60433,16,179.89,2.97
436500.0,3177500.0,122.34978,28.72327,16,55.1,29.66
417500.0,3203500.0,122.15334,28.95685,16,104.05,2.38
411500.0,3185500.0,122.09319,28.794,16,80.02,38.85
443500.0,3208500.0,122.4199,29.00339,16,113.24,1.99
418500.0,3237500.0,122.16112,29.26376,16,100.34,280.84
417500.0,3237500.0,122.15083,29.26369,16,111.47,360.84
427500.0,3276500.0,122.25117,29.61627,16,40.55,4.81
444500.0,3268500.0,122.42716,29.54494,16,80.07,16.42
437500.0,3330500.0,122.35131,30.10412,16,161.86,4.42
486500.0,3212500.0,122.86134,29.04067,16,153.22,252.37
458500.0,3328500.0,122.56934,30.08696,16,38.08,36.41
452500.0,3323500.0,122.5073,30.04163,16,157.57,96.57
516500.0,3306500.0,123.17089,29.88902,16,29.39,22.34
519500.0,3324500.0,123.20229,30.05142,16,86.94,7.29
524500.0,3323500.0,123.25413,30.0423,16,85.11,110.58
542500.0,3348500.0,123.44184,30.26741,16,116.0,39.32
549500.0,3336500.0,123.51405,30.15886,16,91.76,34.59
399500.0,3183500.0,121.97042,28.77507,16,149.72,138.42
413500.0,3179500.0,122.11414,28.73998,16,127.05,13.18
445500.0,3234500.0,122.43917,29.23814,16,60.91,79.09
417500.0,3262500.0,122.14895,29.4893,16,120.78,3464.88
431500.0,3267500.0,122.29305,29.53527,16,77.71,17.69
430500.0,3266500.0,122.28279,29.52619,16,33.13,2.21
497500.0,3282500.0,122.97416,29.67253,16,169.97,2.12
487500.0,3316500.0,122.87042,29.97931,16,139.39,4.3
459500.0,3324500.0,122.57987,30.0509,16,117.0,16.97
504500.0,3198500.0,123.04616,28.91437,16,105.82,143.28
527500.0,3238500.0,123.28309,29.27512,16,107.77,187.65
504500.0,3353500.0,123.04681,30.31327,16,49.74,212.73
401500.0,3185500.0,121.99074,28.79327,16,96.41,48.46
388500.0,3211500.0,121.85498,29.02684,16,70.96,29.16
431500.0,3178500.0,122.29853,28.73204,16,103.96,18.53
414500.0,3169500.0,122.12513,28.6498,16,128.02,5.68
416500.0,3170500.0,122.14552,28.65895,16,23.61,27.65
413500.0,3175500.0,122.11444,28.70388,16,168.66,183.14
410500.0,3161500.0,122.08483,28.57732,16,66.95,1.58
416500.0,3169500.0,122.14559,28.64993,16,93.52,10.62
411500.0,3194500.0,122.09248,28.87522,16,71.74,3.07
407500.0,3187500.0,122.05204,28.81177,16,158.43,8.82
432500.0,3187500.0,122.30823,28.81332,16,20.8,7.39
415500.0,3203500.0,122.13282,28.95672,16,114.16,3.01
426500.0,3201500.0,122.24583,28.93935,16,55.26,8.3
430500.0,3207500.0,122.2865,28.99372,16,82.81,6.11
431500.0,3206500.0,122.29683,28.98475,16,28.61,3.79
406500.0,3197500.0,122.04097,28.90194,16,169.72,276.16
420500.0,3233500.0,122.18199,29.22779,16,12.68,4.3
421500.0,3213500.0,122.19369,29.04735,16,17.05,68.26
434500.0,3218500.0,122.32692,29.09321,16,46.7,13.76
440500.0,3273500.0,122.3856,29.58988,16,81.54,23.67
491500.0,3204500.0,122.91276,28.96851,16,169.82,220.87
492500.0,3229500.0,122.92285,29.19416,16,143.78,984.92
494500.0,3233500.0,122.94341,29.23028,16,171.59,136.33
465500.0,3263500.0,122.64406,29.50058,16,23.01,7.33
451500.0,3295500.0,122.4982,29.7889,16,92.74,2.14
478500.0,3301500.0,122.77743,29.84382,16,5.03,361.23
453500.0,3303500.0,122.51854,29.86118,16,67.11,7.27
485500.0,3312500.0,122.84975,29.94319,16,108.03,1.57
483500.0,3325500.0,122.82882,30.06049,16,47.19,121.77
455500.0,3339500.0,122.53775,30.18612,16,90.94,32.33
514500.0,3264500.0,123.14961,29.50999,16,135.09,64.95
501500.0,3318500.0,123.01555,29.99742,16,27.5,1.26
520500.0,3346500.0,123.21309,30.24994,16,133.03,12.53
515500.0,3347500.0,123.16113,30.25903,16,157.95,28.74
523500.0,3349500.0,123.24434,30.27695,16,51.89,32.07
427500.0,3194500.0,122.25654,28.87623,16,12.37,1.67
411500.0,3203500.0,122.09178,28.95645,16,21.16,2.54
431500.0,3199500.0,122.29725,28.92157,16,91.57,55.22
428500.0,3190500.0,122.26705,28.84018,16,40.08,13.83
406500.0,3193500.0,122.0413,28.86584,16,48.15,8.63
435500.0,3246500.0,122.33557,29.34597,16,73.78,6.07
404500.0,3261500.0,122.01495,29.47936,16,166.14,4.03
438500.0,3254500.0,122.36602,29.41832,16,51.99,6.66
451500.0,3289500.0,122.49847,29.73476,16,111.21,7.66
436500.0,3278500.0,122.34401,29.63481,16,14.66,4.9
444500.0,3315500.0,122.42474,29.96909,16,103.19,105.14
488500.0,3230500.0,122.8817,29.20316,16,170.51,304.93
454500.0,3308500.0,122.52869,29.90634,16,51.68,40.2
471500.0,3343500.0,122.70384,30.2227,16,42.6,304.29
542500.0,3206500.0,123.43628,28.98588,16,7.5,16.94
504500.0,3215500.0,123.04623,29.06782,16,115.49,318.32
514500.0,3272500.0,123.14972,29.5822,16,99.42,2.49
534500.0,3317500.0,123.35766,29.98791,16,108.68,85.76
505500.0,3327500.0,123.05707,30.07863,16,125.89,5.92
501500.0,3344500.0,123.01559,30.23206,16,67.0,14.08
528500.0,3326500.0,123.2957,30.06929,16,100.94,5.73
533500.0,3351500.0,123.34837,30.29477,16,84.82,3.27
371500.0,3353500.0,121.66361,30.30645,16,150.36,3.1
449500.0,3331500.0,122.47581,30.1137,16,25.64,22.26
510500.0,3213500.0,123.10785,29.04973,16,171.91,786.52
515500.0,3224500.0,123.15937,29.14896,16,150.29,159.82
518500.0,3229500.0,123.19029,29.19405,16,57.69,33.96
519500.0,3223500.0,123.20048,29.13988,16,149.91,242.69
533500.0,3253500.0,123.34531,29.41035,16,143.82,64.76
512500.0,3263500.0,123.12896,29.50099,16,159.17,444.76
509500.0,3259500.0,123.09798,29.46492,16,111.79,18.88
519500.0,3280500.0,123.20149,29.65433,16,92.95,6.09
519500.0,3281500.0,123.20151,29.66335,16,8.49,3120.8
392500.0,3186500.0,121.89844,28.80157,16,172.33,64.92
446500.0,3192500.0,122.45147,28.85911,16,0.07,109.96
446500.0,3193500.0,122.45142,28.86814,16,143.02,53.19
446500.0,3324500.0,122.44502,30.0504,16,24.96,659.46
494500.0,3227500.0,122.94344,29.17612,16,92.72,16.95
499500.0,3213500.0,122.99486,29.04977,16,76.51,33.31
488500.0,3277500.0,122.88121,29.62735,16,145.89,1.78
499500.0,3286500.0,122.99483,29.70863,16,50.71,7.06
498500.0,3286500.0,122.98449,29.70863,16,73.8,11.16
456500.0,3308500.0,122.5494,29.90641,16,27.17,2.51
477500.0,3296500.0,122.76718,29.79868,16,47.47,21.71
487500.0,3327500.0,122.87029,30.07858,16,50.38,187.34
514500.0,3204500.0,123.14883,28.96846,16,171.75,5173879235.0
518500.0,3244500.0,123.19055,29.32943,16,2.71,162.04
520500.0,3302500.0,123.21224,29.85286,16,154.91,470.98
547500.0,3328500.0,123.49292,30.08675,16,13.66,34.11
547500.0,3321500.0,123.49261,30.02358,16,9.56,251.92
539500.0,3341500.0,123.41039,30.20435,16,9.53,291.56
555500.0,3260500.0,123.57243,29.47275,16,175.54,4335.16
553500.0,3278500.0,123.55269,29.63528,16,98.87,22.5
489500.0,3212500.0,122.89215,29.0407,16,72.17,33.98
492500.0,3265500.0,122.92261,29.51908,16,35.39,178.38
383500.0,3169500.0,121.80797,28.64738,16,47.82,37.77
414500.0,3161500.0,122.12573,28.57759,16,131.15,211.27
489500.0,3205500.0,122.89222,28.97752,16,4.83,6887.56
466500.0,3255500.0,122.65462,29.4284,16,81.7,46.79
528500.0,3292500.0,123.2948,29.76245,16,4.16,1.9
511500.0,3304500.0,123.11908,29.87103,16,169.67,49.5
506500.0,3351500.0,123.0676,30.29521,16,118.15,724.94
488500.0,3249500.0,122.8815,29.37464,16,153.26,42295.78
469500.0,3244500.0,122.68586,29.3292,16,170.28,28990.52
479500.0,3267500.0,122.78843,29.53699,16,83.6,79.25
515500.0,3182500.0,123.15879,28.76987,16,144.36,45964.37
533500.0,3275500.0,123.34599,29.6089,16,166.39,37.0
528500.0,3271500.0,123.29424,29.57293,16,35.62,859.04
537500.0,3292500.0,123.38789,29.76221,16,9.06,892.55
501500.0,3304500.0,123.01553,29.87108,16,134.35,9.42
506500.0,3350500.0,123.06759,30.28619,16,72.95,10.83
475500.0,3304500.0,122.7463,29.87084,16,173.7,4.63
505500.0,3146500.0,123.05617,28.445,16,155.1,3837.23
505500.0,3157500.0,123.05622,28.54429,16,146.68,44066.85
516500.0,3162500.0,123.16874,28.58933,16,171.45,9807.92
502500.0,3153500.0,123.02555,28.50819,16,150.15,105027.51
509500.0,3303500.0,123.09836,29.86202,16,157.55,197.19
552500.0,3343500.0,123.54555,30.2219,16,7.47,1099.0
529500.0,3235500.0,123.3036,29.24799,16,116.61,306.55
448500.0,3299500.0,122.46697,29.82488,15,0.98,3.54
474500.0,3255500.0,122.7371,29.42859,15,157.39,7.37
460500.0,3262500.0,122.59252,29.4914,15,46.53,725.91
477500.0,3319500.0,122.7667,30.00624,15,170.05,13.72
513500.0,3280500.0,123.13949,29.65441,15,7.22,14.77
541500.0,3353500.0,123.43164,30.31257,15,2.0,246.63
424500.0,3316500.0,122.21738,29.97705,15,72.34,3.12
482500.0,3263500.0,122.81945,29.50093,15,173.58,512.87
493500.0,3269500.0,122.9329,29.55519,15,18.71,1.56
482500.0,3291500.0,122.819,29.75363,15,39.05,8.13
473500.0,3297500.0,122.72577,29.80762,15,11.74,2.36
515500.0,3241500.0,123.1596,29.3024,15,160.9,686.06
511500.0,3268500.0,123.1187,29.54613,15,3.46,2.74
506500.0,3274500.0,123.06713,29.60031,15,176.09,13.1
512500.0,3268500.0,123.12902,29.54612,15,13.85,4.48
517500.0,3292500.0,123.18102,29.76266,15,63.72,1.66
523500.0,3230500.0,123.24175,29.20299,15,175.42,1.88
522500.0,3348500.0,123.23392,30.26795,15,134.43,14.33
551500.0,3300500.0,123.53308,29.8339,15,152.18,704.61
377500.0,3169500.0,121.74659,28.64682,15,176.05,2.58
367500.0,3269500.0,121.63242,29.54816,15,148.29,5.92
439500.0,3202500.0,122.37916,28.94905,15,179.13,379.52
442500.0,3223500.0,122.40887,29.13873,15,116.91,84.01
424500.0,3218500.0,122.22417,29.09266,15,108.44,2.31
435500.0,3232500.0,122.33638,29.21962,15,46.84,9.16
411500.0,3224500.0,122.09011,29.14597,15,166.31,2.59
426500.0,3243500.0,122.24306,29.3184,15,115.86,1.37
453500.0,3231500.0,122.52161,29.21138,15,159.01,2.96
452500.0,3243500.0,122.51081,29.31965,15,109.38,202.17
464500.0,3296500.0,122.63267,29.79837,15,72.27,14.7
460500.0,3299500.0,122.59117,29.82532,15,1.77,184.8
512500.0,3320500.0,123.12962,30.01541,15,71.86,5.74
542500.0,3351500.0,123.44196,30.29448,15,83.29,3.24
548500.0,3308500.0,123.50239,29.90622,15,170.72,95.4
549500.0,3324500.0,123.51349,30.05057,15,31.44,184.4
382500.0,3280500.0,121.78602,29.64892,15,63.86,3.9
392500.0,3328500.0,121.88451,30.08294,15,45.67,2.49
381500.0,3353500.0,121.76758,30.30747,15,89.04,548.71
422500.0,3284500.0,122.19896,29.68816,15,156.17,616.75
430500.0,3344500.0,122.27774,30.23007,15,85.4,141.67
496500.0,3251500.0,122.96393,29.39274,15,74.72,209.84
367500.0,3148500.0,121.64672,28.45633,15,91.66,38.7
364500.0,3178500.0,121.61254,28.72674,15,175.08,2.61
387500.0,3187500.0,121.84711,28.81017,15,59.91,4.83
398500.0,3184500.0,121.96009,28.78401,15,160.57,51.33
379500.0,3342500.0,121.74805,30.20803,15,35.95,3.98
420500.0,3165500.0,122.18679,28.61408,15,66.56,58.25
420500.0,3166500.0,122.18673,28.6231,15,158.78,45.93
419500.0,3165500.0,122.17657,28.61401,15,152.33,38.33
436500.0,3178500.0,122.34972,28.73229,15,76.54,8.33
430500.0,3169500.0,122.28883,28.65075,15,45.45,11.19
413500.0,3194500.0,122.11299,28.87536,15,54.85,328.54
464500.0,3286500.0,122.633,29.70812,15,63.64,92.84
454500.0,3314500.0,122.52843,29.96048,15,144.88,3.92
459500.0,3310500.0,122.5804,29.92456,15,64.15,16.84
514500.0,3256500.0,123.1495,29.43779,15,117.78,37.04
505500.0,3343500.0,123.05715,30.22302,15,75.46,79.01
375500.0,3167500.0,121.72635,28.62858,15,66.54,439.24
366500.0,3178500.0,121.63301,28.72695,15,115.74,3.16
390500.0,3169500.0,121.87958,28.64799,15,85.41,802192.42
384500.0,3179500.0,121.81719,28.73771,15,93.39,13.05
400500.0,3155500.0,121.98311,28.52244,15,89.44,165.69
386500.0,3182500.0,121.83737,28.76496,15,51.57,16.71
398500.0,3182500.0,121.96027,28.76596,15,71.1,3.02
385500.0,3183500.0,121.82702,28.7739,15,17.96,1443.09
371500.0,3218500.0,121.67963,29.0884,15,120.2,23.29
402500.0,3269500.0,121.99361,29.55139,15,30.14,84.53
378500.0,3275500.0,121.74526,29.60342,15,37.2,5.51
378500.0,3273500.0,121.74548,29.58538,15,10.45,109.02
417500.0,3178500.0,122.15517,28.73122,15,49.45,106.2
409500.0,3211500.0,122.07061,29.02851,15,81.56,65.9
444500.0,3221500.0,122.42953,29.12077,15,13.05,2.19
445500.0,3212500.0,122.44024,29.03958,15,2.5,66.12
441500.0,3215500.0,122.399,29.06648,15,72.09,2.59
439500.0,3213500.0,122.37857,29.04833,15,103.72,36.3
412500.0,3208500.0,122.10165,29.00164,15,91.2,23.33
415500.0,3215500.0,122.13192,29.06502,15,102.48,3.26
446500.0,3264500.0,122.448,29.50893,15,48.28,13.75
450500.0,3310500.0,122.48716,29.92423,15,86.95,4.78
459500.0,3259500.0,122.58231,29.4643,15,41.95,15.99
508500.0,3251500.0,123.0876,29.39272,15,76.36,46.08
516500.0,3283500.0,123.17054,29.68145,15,81.85,17.44
529500.0,3326500.0,123.30608,30.06927,15,88.11,5.45
528500.0,3348500.0,123.2963,30.26782,15,120.98,265.74
366500.0,3161500.0,121.635,28.57354,15,118.98,26.32
405500.0,3195500.0,122.03088,28.88382,15,22.13,34.56
429500.0,3198500.0,122.2768,28.91244,15,137.42,1.91
409500.0,3194500.0,122.07198,28.87508,15,81.01,2.56
424500.0,3216500.0,122.2243,29.07461,15,39.49,3.5
410500.0,3208500.0,122.08112,29.0015,15,74.76,55.14
422500.0,3236500.0,122.20236,29.25499,15,59.55,27.79
434500.0,3265500.0,122.32413,29.51739,15,178.08,61.26
459500.0,3286500.0,122.58131,29.70797,15,10.4,6.68
486500.0,3304500.0,122.86021,29.871,15,120.72,266.86
459500.0,3336500.0,122.57941,30.15919,15,81.2,91.09
489500.0,3328500.0,122.89104,30.08763,15,133.19,6.83
516500.0,3156500.0,123.16866,28.53517,15,84.44,86.04
507500.0,3304500.0,123.07766,29.87106,15,176.33,3.34
517500.0,3331500.0,123.18165,30.11462,15,10.68,122.92
502500.0,3329500.0,123.02595,30.09669,15,33.98,240.52
397500.0,3168500.0,121.95129,28.63954,15,176.27,21.38
365500.0,3227500.0,121.61691,29.16899,15,91.63,18.43
376500.0,3272500.0,121.72495,29.57616,15,15.74,77.94
407500.0,3145500.0,122.05544,28.43271,15,166.0,181.67
444500.0,3228500.0,122.42918,29.18394,15,38.64,35.44
425500.0,3219500.0,122.23437,29.10174,15,109.9,75.69
448500.0,3257500.0,122.46896,29.44584,15,142.63,5916.15
424500.0,3290500.0,122.21921,29.74243,15,133.02,81.44
496500.0,3272500.0,122.96386,29.58227,15,77.97,10.45
454500.0,3288500.0,122.52953,29.72584,15,82.88,39.73
472500.0,3314500.0,122.71498,29.96102,15,46.94,801.83
489500.0,3332500.0,122.891,30.12372,15,107.59,10408.06
519500.0,3263500.0,123.20118,29.5009,15,114.82,1.53
528500.0,3293500.0,123.29482,29.77148,15,56.06,16.56
502500.0,3320500.0,123.02592,30.01547,15,29.26,259.65
352500.0,3309500.0,121.47218,29.90735,15,12.97,2.27
432500.0,3153500.0,122.31024,28.50645,15,58.08,624.46
441500.0,3167500.0,122.40149,28.63325,15,153.99,357.84
436500.0,3333500.0,122.34075,30.13114,15,169.5,8.94
409500.0,3335500.0,122.0603,30.14748,15,82.75,12.2
480500.0,3189500.0,122.80012,28.833,15,63.11,281.68
453500.0,3253500.0,122.52069,29.40994,15,146.42,407.99
473500.0,3237500.0,122.72722,29.26611,15,161.94,1358.97
461500.0,3268500.0,122.60262,29.54558,15,54.96,85.38
496500.0,3348500.0,122.96361,30.26815,15,67.49,6.88
508500.0,3158500.0,123.0869,28.5533,15,54.99,640.45
512500.0,3267500.0,123.12901,29.53709,15,118.05,1196.54
524500.0,3300500.0,123.2536,29.83474,15,142.74,33.0
510500.0,3318500.0,123.10886,29.99738,15,165.44,2.22
386500.0,3203500.0,121.83525,28.95447,15,27.41,234.48
454500.0,3174500.0,122.53421,28.69695,15,56.65,16.02
472500.0,3316500.0,122.71493,29.97907,15,177.54,7.16
478500.0,3328500.0,122.77689,30.08748,15,124.45,285.48
511500.0,3259500.0,123.1186,29.4649,15,177.96,5704.32
514500.0,3295500.0,123.15003,29.78977,15,65.08,6.61
507500.0,3328500.0,123.07783,30.08765,15,15.43,112.59
387500.0,3181500.0,121.84771,28.75602,15,133.35,60.64
404500.0,3350500.0,122.00703,30.28244,15,52.93,1.82
498500.0,3198500.0,122.98461,28.91438,15,78.7,32.96
472500.0,3246500.0,122.71671,29.34732,15,83.25,194.7
470500.0,3244500.0,122.69616,29.32922,15,42.26,218.29
439500.0,3154500.0,122.38172,28.51582,15,120.73,2074.5
441500.0,3352500.0,122.3916,30.30284,15,17.26,21.91
459500.0,3189500.0,122.58486,28.83251,15,27.88,330.38
474500.0,3211500.0,122.73811,29.03147,15,57.7,13.07
478500.0,3270500.0,122.77805,29.56404,15,162.82,678.57
505500.0,3267500.0,123.05676,29.53714,15,147.91,392.32
383500.0,3168500.0,121.80807,28.63835,15,3.15,16.33
393500.0,3168500.0,121.91037,28.63921,15,149.79,176.97
479500.0,3314500.0,122.78753,29.96115,15,5.0,2.01
506500.0,3275500.0,123.06713,29.60934,15,109.45,202.31
505500.0,3340500.0,123.05714,30.19595,15,2.53,36.14
511500.0,3335500.0,123.11942,30.15079,15,10.44,622.55
510500.0,3347500.0,123.10915,30.25909,15,15.92,2.9
383500.0,3171500.0,121.80777,28.66543,15,9.21,2.13
374500.0,3189500.0,121.71369,28.82702,15,128.49,8.23
366500.0,3269500.0,121.6221,29.54806,15,89.17,2.4
441500.0,3173500.0,122.40118,28.6874,15,58.51,107.12
447500.0,3177500.0,122.46241,28.72376,15,45.62,48.26
419500.0,3254500.0,122.17017,29.41724,15,89.94,5.53
408500.0,3338500.0,122.04965,30.17447,15,34.4,3.3
451500.0,3185500.0,122.50303,28.79613,15,157.64,168.01
457500.0,3189500.0,122.56436,28.83244,15,61.86,227.77
492500.0,3205500.0,122.92301,28.97754,15,36.61,64.24
452500.0,3192500.0,122.51298,28.85935,15,60.73,122.94
461500.0,3316500.0,122.60091,29.97877,15,70.9,7.86
489500.0,3327500.0,122.89105,30.0786,15,159.68,146.53
509500.0,3174500.0,123.09725,28.69772,15,148.38,61626.1
517500.0,3221500.0,123.17988,29.12186,15,55.06,3.72
513500.0,3238500.0,123.13897,29.27534,15,160.91,934.92
508500.0,3282500.0,123.08784,29.6725,15,61.03,9.06
510500.0,3319500.0,123.10887,30.0064,15,178.37,31.7
511500.0,3337500.0,123.11944,30.16884,15,63.79,16.51
507500.0,3321500.0,123.07778,30.02448,15,65.0,37.13
513500.0,3341500.0,123.14026,30.20491,15,61.28,9.81
554500.0,3304500.0,123.56433,29.86987,15,72.49,59.39
554500.0,3303500.0,123.56428,29.86085,15,76.15,365.11
553500.0,3297500.0,123.55363,29.80675,15,129.17,2140.62
340500.0,3174500.0,121.36742,28.68791,15,25.65,27.27
324500.0,3188500.0,121.20155,28.81214,15,75.79,3.95
396500.0,3293500.0,121.9294,29.76747,15,47.75,4.13
375500.0,3328500.0,121.70815,30.08132,15,110.64,350.3
423500.0,3176500.0,122.21674,28.71354,15,175.05,8.29
438500.0,3340500.0,122.36111,30.19441,15,29.8,8184.03
439500.0,3341500.0,122.37144,30.20348,15,114.16,21.98
435500.0,3334500.0,122.33031,30.14011,15,110.48,16.83
459500.0,3206500.0,122.58425,28.98595,15,161.59,486.17
472500.0,3235500.0,122.71698,29.24804,15,162.83,2064.51
477500.0,3247500.0,122.76819,29.35644,15,165.05,10771.23
488500.0,3272500.0,122.88126,29.58223,15,61.97,3.53
500500.0,3149500.0,123.00511,28.47209,15,86.14,6.63
545500.0,3237500.0,123.46835,29.26557,15,40.12,10575.1
513500.0,3257500.0,123.13921,29.44683,15,75.45,9.41
510500.0,3260500.0,123.1083,29.47393,15,79.75,60.99
508500.0,3264500.0,123.0877,29.51005,15,65.79,1.98
520500.0,3300500.0,123.2122,29.83481,15,38.45,4.5
541500.0,3330500.0,123.43074,30.10501,15,161.94,58.83
397500.0,3154500.0,121.95254,28.51319,15,145.52,14.24
399500.0,3155500.0,121.97289,28.52237,15,84.12,3.27
386500.0,3166500.0,121.83896,28.62057,15,43.09,2.54
380500.0,3193500.0,121.77475,28.86368,15,2.5,3.92
400500.0,3260500.0,121.97379,29.47002,15,131.43,23.43
425500.0,3144500.0,122.2393,28.42483,15,149.54,587.82
444500.0,3169500.0,122.43208,28.65143,15,149.85,3214.22
438500.0,3183500.0,122.36993,28.77752,15,87.76,35.33
442500.0,3201500.0,122.41,28.94017,15,55.03,22.48
443500.0,3227500.0,122.41894,29.17487,15,12.34,1.23
403500.0,3240500.0,122.00648,29.28977,15,156.06,232.49
424500.0,3267500.0,122.22081,29.53487,15,111.28,11.04
451500.0,3172500.0,122.50358,28.67879,15,157.99,73394.94
459500.0,3169500.0,122.58557,28.65199,15,160.65,4192.58
468500.0,3196500.0,122.67692,28.89594,15,49.43,54.87
468500.0,3197500.0,122.67689,28.90497,15,62.08,730.07
469500.0,3295500.0,122.68443,29.78948,15,97.0,57.46
453500.0,3341500.0,122.51688,30.2041,15,48.76,32.58
547500.0,3164500.0,123.48585,28.60662,15,69.38,782.88
516500.0,3200500.0,123.16929,28.93233,15,94.02,24950.62
517500.0,3197500.0,123.17951,28.90524,15,3.96,10453.59
527500.0,3253500.0,123.28347,29.4105,15,74.19,118.01
525500.0,3249500.0,123.26276,29.37444,15,69.08,1207.48
510500.0,3279500.0,123.10848,29.64541,15,38.3,70.14
507500.0,3275500.0,123.07746,29.60933,15,42.34,7.25
519500.0,3268500.0,123.20127,29.54603,15,103.33,29.14
501500.0,3270500.0,123.01549,29.56423,15,14.37,71.88
525500.0,3286500.0,123.26362,29.70837,15,62.94,57.82
526500.0,3312500.0,123.2746,29.94299,15,103.31,20.28
400500.0,3150500.0,121.98354,28.47732,15,16.73,3.02
365500.0,3174500.0,121.62325,28.69075,15,56.75,2.14
388500.0,3206500.0,121.85548,28.98172,15,66.48,809.28
402500.0,3329500.0,121.98817,30.0928,15,28.3,2.74
407500.0,3142500.0,122.05568,28.40563,15,69.34,7.71
411500.0,3143500.0,122.09644,28.41493,15,30.95,5.58
437500.0,3166500.0,122.36062,28.62403,15,148.08,7326.63
411500.0,3167500.0,122.09459,28.63154,15,36.83,19.1
409500.0,3156500.0,122.075,28.53213,15,86.4,3.71
436500.0,3176500.0,122.34984,28.71424,15,93.55,4.73
410500.0,3231500.0,122.07927,29.20907,15,140.18,2.79
409500.0,3221500.0,122.0698,29.11875,15,62.71,2.67
447500.0,3256500.0,122.4587,29.43677,15,24.73,38.04
435500.0,3250500.0,122.33533,29.38207,15,2.06,30.47
416500.0,3246500.0,122.13986,29.34485,15,129.47,205.92
420500.0,3263500.0,122.17983,29.49852,15,56.53,58.29
441500.0,3292500.0,122.3949,29.7614,15,104.43,135.87
470500.0,3238500.0,122.69632,29.27507,15,8.54,87.66
484500.0,3260500.0,122.84013,29.47388,15,114.83,19.71
467500.0,3271500.0,122.66446,29.57283,15,171.41,21.05
470500.0,3289500.0,122.69494,29.73535,15,95.2,149.94
497500.0,3307500.0,122.97411,29.89815,15,83.52,20.27
518500.0,3273500.0,123.19104,29.59117,15,78.17,25.15
509500.0,3315500.0,123.09847,29.97031,15,128.82,1.13
515500.0,3314500.0,123.16065,29.96123,15,26.15,154.4
522500.0,3295500.0,123.2328,29.78965,15,39.34,12.58
508500.0,3323500.0,123.08817,30.04252,15,111.2,434.34
534500.0,3333500.0,123.35818,30.1323,15,5.84,6.94
548500.0,3331500.0,123.50344,30.11378,15,14.62,12.66
380500.0,3143500.0,121.77999,28.41246,15,71.21,687.72
388500.0,3163500.0,121.85971,28.59367,15,56.17,1.99
368500.0,3154500.0,121.65625,28.51058,15,16.22,255.19
394500.0,3202500.0,121.91743,28.94613,15,2.19,39.55
393500.0,3333500.0,121.89439,30.12814,15,99.8,49.37
408500.0,3154500.0,122.06494,28.51401,15,73.02,1.56
422500.0,3233500.0,122.20257,29.22791,15,157.37,4.12
423500.0,3225500.0,122.21341,29.15577,15,5.02,61.83
450500.0,3241500.0,122.4903,29.30152,15,90.03,23.09
416500.0,3236500.0,122.14061,29.2546,15,18.3,1594.38
440500.0,3262500.0,122.3862,29.49061,15,117.09,389.95
439500.0,3263500.0,122.37583,29.49959,15,117.71,335.15
415500.0,3240500.0,122.13002,29.29063,15,59.5,11.81
417500.0,3236500.0,122.1509,29.25467,15,17.15,125.09
421500.0,3280500.0,122.18892,29.652,15,61.37,3.23
449500.0,3291500.0,122.47769,29.75272,15,134.44,86.24
499500.0,3201500.0,122.99487,28.94146,15,78.31,1148.96
490500.0,3187500.0,122.90264,28.81506,15,75.09,27.19
511500.0,3318500.0,123.11923,29.99737,15,144.12,2.52
518500.0,3310500.0,123.19167,29.92509,15,16.41,7.87
532500.0,3308500.0,123.33665,29.90675,15,100.01,5.79
524500.0,3331500.0,123.25432,30.1145,15,106.21,5.68
502500.0,3336500.0,123.02596,30.15986,15,62.55,35.62
538500.0,3349500.0,123.40029,30.27657,15,165.45,150.66
424500.0,3178500.0,122.22685,28.73165,15,2.1,55438.58
445500.0,3204500.0,122.44063,28.96738,15,113.31,2.63
433500.0,3247500.0,122.3149,29.35489,15,129.42,55.26
449500.0,3276500.0,122.47839,29.61735,15,122.48,98.02
451500.0,3251500.0,122.50016,29.39181,15,38.11,69.52
474500.0,3289500.0,122.73631,29.73544,15,63.67,10.51
528500.0,3239500.0,123.29341,29.28412,15,76.57,675.45
379500.0,3177500.0,121.7662,28.7192,15,37.8,14.06
401500.0,3165500.0,121.99247,28.61277,15,128.05,22.87
396500.0,3188500.0,121.93924,28.81995,15,5.73,171.59
401500.0,3184500.0,121.99082,28.78425,15,98.66,157.51
397500.0,3190500.0,121.9493,28.83808,15,85.12,4.44
380500.0,3184500.0,121.7757,28.78247,15,42.56,3.22
400500.0,3188500.0,121.98023,28.82027,15,106.01,7.2
437500.0,3197500.0,122.35892,28.90383,15,88.12,205.08
438500.0,3197500.0,122.36917,28.90388,15,86.3,46.14
446500.0,3220500.0,122.45013,29.11183,15,71.23,197.83
429500.0,3224500.0,122.27516,29.1471,15,145.61,130.89
421500.0,3217500.0,122.19341,29.08345,15,164.57,170.61
419500.0,3238500.0,122.17134,29.27285,15,94.06,123.13
437500.0,3236500.0,122.35673,29.25582,15,70.74,5.6
438500.0,3264500.0,122.36546,29.50856,15,96.22,2.57
448500.0,3343500.0,122.46484,30.22194,15,41.71,6.42
440500.0,3353500.0,122.38115,30.31182,15,171.24,20.6
493500.0,3232500.0,122.93312,29.22125,15,1.89,35.44
491500.0,3286500.0,122.91212,29.7086,15,77.36,1.67
476500.0,3339500.0,122.75589,30.18671,15,59.87,6.87
486500.0,3324500.0,122.85996,30.0515,15,99.25,9.71
481500.0,3325500.0,122.80807,30.06046,15,6.02,36.03
455500.0,3338500.0,122.53779,30.1771,15,153.59,1251.92
500500.0,3246500.0,123.00515,29.34762,15,176.17,119.73
501500.0,3239500.0,123.01544,29.28444,15,153.95,832.79
509500.0,3253500.0,123.09793,29.41076,15,152.33,1.33
524500.0,3277500.0,123.25308,29.62716,15,122.33,8.52
505500.0,3306500.0,123.05696,29.88912,15,138.95,151.37
501500.0,3297500.0,123.01552,29.8079,15,61.06,4.81
502500.0,3318500.0,123.02592,29.99742,15,32.69,75.94
523500.0,3329500.0,123.24389,30.09647,15,14.73,121.18
396500.0,3146500.0,121.94304,28.44091,15,153.92,44.17
440500.0,3200500.0,122.38953,28.93105,15,126.75,341.5
444500.0,3210500.0,122.43007,29.02149,15,21.28,39.53
432500.0,3251500.0,122.30436,29.39093,15,147.85,1309.97
422500.0,3240500.0,122.20208,29.29108,15,136.43,190.94
490500.0,3221500.0,122.90235,29.12194,15,128.59,134.93
488500.0,3229500.0,122.88171,29.19413,15,168.28,189.35
467500.0,3228500.0,122.66573,29.18474,15,163.02,535.9
470500.0,3218500.0,122.69685,29.09456,15,149.76,426.81
492500.0,3247500.0,122.92273,29.35662,15,134.25,339.27
492500.0,3288500.0,122.92245,29.72666,15,4.36,3.29
528500.0,3304500.0,123.29511,29.87075,15,133.99,29.1
523500.0,3320500.0,123.24369,30.01525,15,173.73,561.94
544500.0,3328500.0,123.46179,30.08686,15,152.78,551.1
519500.0,3342500.0,123.20262,30.21386,15,15.05,212.58
545500.0,3329500.0,123.47221,30.09585,15,168.65,100.81
528500.0,3325500.0,123.29568,30.06026,15,175.65,2993.29
523500.0,3325500.0,123.2438,30.06037,15,173.88,1198.13
493500.0,3189500.0,122.93337,28.83313,15,98.57,15.74
480500.0,3200500.0,122.79992,28.93229,15,175.12,20489.05
493500.0,3182500.0,122.93341,28.76995,15,6.11,4336.36
459500.0,3287500.0,122.58127,29.71699,15,69.5,315.92
547500.0,3233500.0,123.48876,29.2294,15,8.08,1778.83
543500.0,3216500.0,123.44694,29.07611,15,168.42,31795.26
514500.0,3219500.0,123.14902,29.10384,15,147.47,935.89
515500.0,3283500.0,123.1602,29.68146,15,7.38,125.23
391500.0,3175500.0,121.88924,28.70222,15,90.81,26.21
404500.0,3183500.0,122.02164,28.77545,15,157.46,439.01
417500.0,3266500.0,122.14865,29.5254,15,132.63,3.22
491500.0,3203500.0,122.91276,28.95948,15,172.01,1393.62
492500.0,3215500.0,122.92295,29.0678,15,176.69,445.49
483500.0,3306500.0,122.82911,29.88902,15,93.15,42.56
494500.0,3330500.0,122.94291,30.10571,15,93.65,4.21
491500.0,3323500.0,122.91183,30.04252,15,128.44,51.33
495500.0,3337500.0,122.95326,30.16888,15,5.94,80.86
544500.0,3154500.0,123.45478,28.51646,15,110.49,5.94
509500.0,3181500.0,123.09731,28.7609,15,140.59,5725.83
532500.0,3255500.0,123.33507,29.42843,15,70.18,120.42
523500.0,3253500.0,123.24224,29.41058,15,143.3,40.01
544500.0,3280500.0,123.4598,29.65368,15,62.79,417.07
538500.0,3310500.0,123.39888,29.92462,15,4.91,56.78
530500.0,3317500.0,123.31619,29.98802,15,0.28,93.9
506500.0,3293500.0,123.06724,29.77179,15,90.97,1153.04
536500.0,3331500.0,123.37888,30.1142,15,131.65,8.58
540500.0,3320500.0,123.41998,30.0148,15,15.88,700.45
540500.0,3322500.0,123.42005,30.03285,15,97.92,88.16
540500.0,3323500.0,123.42009,30.04188,15,74.03,15.71
553500.0,3281500.0,123.55284,29.66235,15,175.66,2855.92
553500.0,3273500.0,123.55244,29.59016,15,6.05,1286.39
476500.0,3227500.0,122.75832,29.17592,15,152.73,623.59
483500.0,3228500.0,122.83029,29.18505,15,168.44,226.53
477500.0,3220500.0,122.76874,29.11275,15,153.5,486.07
536500.0,3314500.0,123.37829,29.96078,15,152.83,614.02
380500.0,3350500.0,121.75753,30.28031,15,161.26,3.99
404500.0,3184500.0,122.02156,28.78447,15,161.97,162.6
449500.0,3200500.0,122.48186,28.93144,15,87.89,30.72
426500.0,3220500.0,122.24458,29.11083,15,41.47,8.19
441500.0,3353500.0,122.39155,30.31186,15,101.54,72.16
489500.0,3207500.0,122.8922,28.99557,15,5.23,1282.41
479500.0,3212500.0,122.78945,29.04058,15,151.22,83.77
488500.0,3327500.0,122.88067,30.07859,15,97.21,417.05
469500.0,3322500.0,122.68366,30.03314,15,36.7,80.9
506500.0,3331500.0,123.06747,30.11473,15,97.67,143.21
527500.0,3336500.0,123.28559,30.15956,15,27.8,42.62
521500.0,3339500.0,123.22334,30.18675,15,61.66,105.32
494500.0,3294500.0,122.9431,29.78082,15,32.54,9.06
517500.0,3180500.0,123.17924,28.75179,15,173.33,30061.4
550500.0,3265500.0,123.5211,29.51808,15,176.41,2840.09
416500.0,3237500.0,122.14054,29.26363,15,110.43,1034.58
494500.0,3315500.0,122.94299,29.97034,15,74.5,114.79
497500.0,3310500.0,122.9741,29.92522,15,10.63,22.06
513500.0,3153500.0,123.13796,28.50813,15,35.16,337.09
425500.0,3282500.0,122.2301,29.67029,15,169.96,28.09
498500.0,3263500.0,122.98452,29.50105,15,123.54,3.66
534500.0,3225500.0,123.35475,29.15761,15,142.07,21379.35
533500.0,3233500.0,123.34471,29.22984,15,95.36,2666.58
545500.0,3248500.0,123.4688,29.36485,15,167.07,8399.35
546500.0,3252500.0,123.47927,29.40091,15,166.43,20632.04
387500.0,3331500.0,121.83232,30.10955,14,3.76,903.96
415500.0,3230500.0,122.13078,29.20039,14,163.8,2.41
492500.0,3279500.0,122.92251,29.64543,14,71.27,4.41
479500.0,3309500.0,122.78763,29.91603,14,179.03,25631.59
498500.0,3314500.0,122.98445,29.96133,14,157.98,986.63
508500.0,3286500.0,123.08788,29.7086,14,58.42,38.72
504500.0,3297500.0,123.04657,29.8079,14,53.74,3.35
513500.0,3301500.0,123.13975,29.84393,14,87.38,15.08
411500.0,3312500.0,122.08297,29.94009,14,104.04,1825.75
497500.0,3281500.0,122.97417,29.6635,14,82.25,695.29
472500.0,3300500.0,122.71534,29.83467,14,23.79,2.01
457500.0,3315500.0,122.55948,29.96961,14,22.28,2.92
475500.0,3294500.0,122.74653,29.78059,14,57.81,5.27
452500.0,3300500.0,122.50832,29.83406,14,149.81,3.16
500500.0,3199500.0,123.00513,28.92341,14,171.64,6906.73
529500.0,3237500.0,123.30366,29.26605,14,5.27,1138.89
516500.0,3296500.0,123.17073,29.79877,14,161.13,147.27
505500.0,3295500.0,123.05691,29.78984,14,69.79,11.06
512500.0,3319500.0,123.12961,30.00639,14,78.89,1.76
509500.0,3320500.0,123.09851,30.01544,14,62.67,6.84
479500.0,3295500.0,122.7879,29.78969,14,141.15,5.57
523500.0,3233500.0,123.24181,29.23007,14,106.13,103.65
519500.0,3313500.0,123.20209,29.95215,14,178.05,2.32
505500.0,3322500.0,123.05704,30.03351,14,96.76,6.71
393500.0,3204500.0,121.90698,28.9641,14,167.13,40.87
378500.0,3215500.0,121.75187,29.06202,14,83.97,257.97
379500.0,3221500.0,121.7615,29.11626,14,30.36,1.47
382500.0,3211500.0,121.79338,29.0263,14,112.18,109.85
410500.0,3151500.0,122.08561,28.48707,14,1.85,270.76
414500.0,3144500.0,122.12699,28.42416,14,30.33,47.59
417500.0,3155500.0,122.15683,28.52363,14,175.26,322.98
413500.0,3157500.0,122.1158,28.54142,14,165.03,1.81
436500.0,3204500.0,122.34826,28.96696,14,100.68,29.19
450500.0,3208500.0,122.49177,29.00368,14,72.54,14.04
443500.0,3228500.0,122.41889,29.1839,14,71.68,118.58
440500.0,3227500.0,122.38809,29.17474,14,152.16,2856.12
444500.0,3230500.0,122.42908,29.20199,14,23.93,1.9
448500.0,3230500.0,122.47022,29.20216,14,133.95,531.29
444500.0,3229500.0,122.42913,29.19297,14,12.05,5.12
420500.0,3240500.0,122.18149,29.29096,14,128.3,185.83
436500.0,3256500.0,122.34529,29.43627,14,128.92,497.22
410500.0,3241500.0,122.07846,29.29931,14,44.07,4.81
431500.0,3245500.0,122.29442,29.33673,14,75.83,7.23
460500.0,3197500.0,122.59483,28.90475,14,93.07,3.15
452500.0,3222500.0,122.51171,29.13012,14,175.21,1.66
477500.0,3254500.0,122.76805,29.41962,14,86.24,4.31
459500.0,3305500.0,122.58059,29.87944,14,53.87,85.57
467500.0,3324500.0,122.66286,30.05114,14,14.73,159.08
535500.0,3299500.0,123.36743,29.82544,14,24.09,9.44
538500.0,3309500.0,123.39884,29.9156,14,30.33,25.58
521500.0,3345500.0,123.22346,30.24089,14,14.21,5.39
507500.0,3330500.0,123.07784,30.1057,14,79.86,4.47
544500.0,3352500.0,123.4628,30.30344,14,21.39,13.48
546500.0,3353500.0,123.48365,30.31238,14,37.37,218.14
549500.0,3340500.0,123.51424,30.19496,14,70.93,277.86
390500.0,3351500.0,121.86138,30.29028,14,78.91,1.33
545500.0,3263500.0,123.46942,29.50022,14,143.24,34.04
518500.0,3342500.0,123.19223,30.21387,14,2.12,11.33
507500.0,3326500.0,123.07782,30.0696,14,109.89,2.52
393500.0,3326500.0,121.89509,30.06498,14,86.65,4.06
431500.0,3344500.0,122.28813,30.23013,14,69.26,212.18
425500.0,3348500.0,122.2255,30.26587,14,120.46,5.83
481500.0,3329500.0,122.808,30.09655,14,24.79,11.47
500500.0,3181500.0,123.00512,28.76094,14,157.8,1930.85
532500.0,3343500.0,123.33773,30.2226,14,56.57,11.7
381500.0,3182500.0,121.78616,28.76451,14,170.89,237.29
402500.0,3214500.0,121.99847,29.05506,14,22.71,1.55
402500.0,3257500.0,121.99468,29.44311,14,36.94,1.91
407500.0,3202500.0,122.05081,28.94714,14,76.19,22.83
408500.0,3188500.0,122.06221,28.82086,14,100.78,2.13
442500.0,3219500.0,122.40907,29.10263,14,11.4,51.87
423500.0,3239500.0,122.21244,29.28212,14,27.78,5.28
422500.0,3238500.0,122.20222,29.27303,14,25.85,7.34
449500.0,3289500.0,122.47779,29.73468,14,170.26,1.89
433500.0,3329500.0,122.30986,30.09488,14,119.61,1.53
479500.0,3261500.0,122.78854,29.48283,14,153.25,11.13
487500.0,3287500.0,122.87076,29.71759,14,164.16,109.05
473500.0,3298500.0,122.72574,29.81665,14,156.02,1.66
452500.0,3322500.0,122.50735,30.0326,14,53.79,7.17
398500.0,3146500.0,121.96346,28.44106,14,146.38,375.34
362500.0,3213500.0,121.58779,29.04235,14,60.82,1.39
356500.0,3262500.0,121.51983,29.48379,14,61.91,1.92
389500.0,3282500.0,121.85813,29.66761,14,8.98,3.07
437500.0,3178500.0,122.35996,28.73234,14,160.63,120.95
445500.0,3215500.0,122.4401,29.06666,14,168.15,2.49
412500.0,3209500.0,122.10157,29.01067,14,42.46,9.26
431500.0,3270500.0,122.29286,29.56235,14,127.78,4.38
484500.0,3289500.0,122.83971,29.73561,14,159.31,467.67
473500.0,3325500.0,122.72507,30.06031,14,34.45,22.24
456500.0,3342500.0,122.54801,30.21323,14,69.97,3.16
369500.0,3145500.0,121.66748,28.42946,14,128.22,248.11
379500.0,3162500.0,121.76779,28.58384,14,132.39,9.11
386500.0,3196500.0,121.83596,28.8913,14,17.44,37.2
383500.0,3193500.0,121.80551,28.86396,14,13.62,5.83
429500.0,3173500.0,122.27836,28.6868,14,64.76,16.01
429500.0,3174500.0,122.27829,28.69583,14,175.15,67.52
430500.0,3173500.0,122.28859,28.68686,14,2.11,367.74
406500.0,3187500.0,122.0418,28.81169,14,167.68,214.86
412500.0,3199500.0,122.10235,28.92042,14,100.38,1.8
436500.0,3202500.0,122.34838,28.94891,14,52.39,21.09
432500.0,3210500.0,122.30685,29.02091,14,61.79,143.31
406500.0,3220500.0,122.03905,29.10951,14,88.52,251.33
419500.0,3341500.0,122.16366,30.20232,14,94.93,108.27
464500.0,3260500.0,122.63384,29.47347,14,78.19,6.64
510500.0,3262500.0,123.10832,29.49198,14,129.72,3.5
517500.0,3309500.0,123.18129,29.91608,14,84.74,8.96
527500.0,3299500.0,123.28463,29.82565,14,160.68,1.42
522500.0,3316500.0,123.23324,29.97917,14,143.17,68.99
329500.0,3321500.0,121.23212,30.01262,14,100.19,3.61
361500.0,3173500.0,121.58243,28.6813,14,11.8,5.07
396500.0,3322500.0,121.9266,30.02914,14,170.78,210.14
422500.0,3171500.0,122.20684,28.66835,14,156.76,80.37
427500.0,3224500.0,122.2546,29.14698,14,18.67,4.16
466500.0,3229500.0,122.65541,29.19374,14,136.6,65.89
497500.0,3256500.0,122.97422,29.43787,14,66.13,1717.72
468500.0,3311500.0,122.67362,29.93385,14,90.3,6593.79
359500.0,3153500.0,121.56442,28.50061,14,155.3,1.66
385500.0,3209500.0,121.82438,29.00853,14,54.54,2533.79
399500.0,3292500.0,121.96052,29.7587,14,173.27,29.53
385500.0,3342500.0,121.81037,30.20861,14,98.54,3.75
375500.0,3352500.0,121.70532,30.29785,14,79.36,4.94
432500.0,3154500.0,122.31018,28.51547,14,145.3,15711.37
445500.0,3210500.0,122.44034,29.02153,14,122.64,125.27
427500.0,3242500.0,122.25342,29.30943,14,16.51,1.47
407500.0,3351500.0,122.03813,30.2917,14,58.94,8.88
478500.0,3148500.0,122.78039,28.46289,14,151.6,55834.54
484500.0,3144500.0,122.84173,28.42686,14,154.31,111893.23
485500.0,3144500.0,122.85194,28.42688,14,154.24,204561.03
453500.0,3185500.0,122.52352,28.7962,14,64.65,1213.55
480500.0,3188500.0,122.80013,28.82397,14,153.3,717.44
495500.0,3222500.0,122.95374,29.131,14,46.16,7525.42
470500.0,3226500.0,122.69664,29.16676,14,77.36,460.8
499500.0,3237500.0,122.99485,29.26639,14,81.62,5.64
490500.0,3289500.0,122.90176,29.73567,14,117.12,1.72
460500.0,3344500.0,122.5895,30.23142,14,12.0,249.03
496500.0,3350500.0,122.96361,30.2862,14,71.55,24.14
510500.0,3151500.0,123.10728,28.4901,14,176.33,92513.22
502500.0,3170500.0,123.02558,28.66165,14,154.36,114745.52
536500.0,3247500.0,123.37604,29.35612,14,151.16,1990.92
511500.0,3264500.0,123.11866,29.51002,14,12.13,1.76
526500.0,3305500.0,123.27443,29.87982,14,82.83,60.31
551500.0,3245500.0,123.53048,29.33754,14,156.37,18035.54
374500.0,3170500.0,121.71579,28.65556,14,163.19,48.82
376500.0,3179500.0,121.73528,28.73697,14,122.13,100.9
453500.0,3177500.0,122.52385,28.72399,14,64.23,23.96
462500.0,3218500.0,122.61464,29.09435,14,156.39,444.87
478500.0,3319500.0,122.77707,30.00626,14,115.26,7.59
475500.0,3326500.0,122.7458,30.06938,14,24.4,2734.24
524500.0,3273500.0,123.25299,29.59106,14,166.0,569.69
517500.0,3324500.0,123.18154,30.05145,14,159.61,5679.21
546500.0,3334500.0,123.48281,30.14093,14,2.5,5828.53
546500.0,3338500.0,123.48298,30.17703,14,176.32,1593.94
381500.0,3159500.0,121.78855,28.55695,14,178.35,46.27
469500.0,3301500.0,122.68426,29.84363,14,138.79,140.87
479500.0,3324500.0,122.78734,30.0514,14,92.67,4137.49
388500.0,3201500.0,121.85597,28.9366,14,34.75,1731.71
445500.0,3192500.0,122.44121,28.85907,14,78.54,39.69
420500.0,3217500.0,122.18314,29.08339,14,64.68,4.3
407500.0,3266500.0,122.04547,29.5247,14,89.74,874.79
457500.0,3192500.0,122.56424,28.85952,14,56.97,256.05
494500.0,3279500.0,122.94318,29.64544,14,177.22,8.52
503500.0,3279500.0,123.03616,29.64545,14,164.38,4.33
431500.0,3166500.0,122.29925,28.62373,14,41.17,51.92
468500.0,3202500.0,122.67675,28.9501,14,168.15,6708.22
462500.0,3191500.0,122.61554,28.85065,14,156.9,17083.2
482500.0,3297500.0,122.8189,29.80778,14,151.69,630.75
515500.0,3346500.0,123.16111,30.25001,14,148.24,1157.65
446500.0,3169500.0,122.45255,28.65151,14,147.71,8644556.7
454500.0,3144500.0,122.5354,28.42616,14,151.13,28174.18
483500.0,3320500.0,122.8289,30.01536,14,90.33,364.21
508500.0,3203500.0,123.08724,28.95948,14,73.94,9.08
526500.0,3232500.0,123.27266,29.22098,14,171.71,1556.87
502500.0,3240500.0,123.02574,29.29346,14,169.02,155.23
501500.0,3289500.0,123.01551,29.7357,14,166.74,5.07
509500.0,3272500.0,123.09809,29.58224,14,3.63,88.35
536500.0,3335500.0,123.37901,30.15029,14,73.25,97.58
506500.0,3338500.0,123.06751,30.1779,14,47.28,7.46
374500.0,3180500.0,121.71469,28.7458,14,94.46,79.94
437500.0,3159500.0,122.36101,28.56085,14,62.52,1186.44
406500.0,3272500.0,122.03464,29.57877,14,35.19,121.76
443500.0,3337500.0,122.41321,30.16758,14,122.32,36.28
454500.0,3195500.0,122.53337,28.8865,14,149.65,819.03
468500.0,3200500.0,122.6768,28.93205,14,65.6,542.45
466500.0,3209500.0,122.65601,29.01323,14,164.24,891.13
480500.0,3291500.0,122.79831,29.7536,14,34.06,15.87
472500.0,3310500.0,122.71509,29.92492,14,114.5,5.61
473500.0,3315500.0,122.72532,29.97006,14,163.8,4.59
490500.0,3326500.0,122.90143,30.06958,14,153.66,11.73
455500.0,3347500.0,122.53741,30.25832,14,138.59,3.36
510500.0,3176500.0,123.10751,28.71576,14,147.51,34108.49
512500.0,3183500.0,123.12807,28.77893,14,82.76,3422.97
514500.0,3213500.0,123.14894,29.04969,14,157.52,953.11
514500.0,3269500.0,123.14968,29.55512,14,80.11,51.24
501500.0,3305500.0,123.01553,29.8801,14,70.54,2.61
503500.0,3352500.0,123.0364,30.30425,14,66.96,15.59
321500.0,3188500.0,121.17082,28.81172,14,30.55,439.48
391500.0,3279500.0,121.87909,29.64072,14,44.44,2.05
415500.0,3256500.0,122.12879,29.43503,14,175.9,199.59
447500.0,3305500.0,122.45633,29.87898,14,104.06,277.92
437500.0,3341500.0,122.35066,30.20338,14,178.49,35.79
411500.0,3351500.0,122.07972,30.29199,14,34.36,1.86
453500.0,3196500.0,122.52307,28.89549,14,70.33,69.69
462500.0,3219500.0,122.61461,29.10337,14,155.67,309.92
452500.0,3279500.0,122.50925,29.64455,14,171.52,25.33
497500.0,3279500.0,122.97417,29.64545,14,95.73,792.97
489500.0,3272500.0,122.89158,29.58224,14,36.25,191.08
486500.0,3273500.0,122.8606,29.59123,14,166.69,2355.42
481500.0,3288500.0,122.80871,29.72654,14,25.06,4.36
463500.0,3347500.0,122.62057,30.25858,14,168.01,149.61
501500.0,3234500.0,123.01544,29.23931,14,54.8,1.81
512500.0,3283500.0,123.12919,29.68149,14,109.95,1116.76
525500.0,3328500.0,123.26462,30.0874,14,64.32,584.66
534500.0,3336500.0,123.35828,30.15938,14,28.07,4.56
531500.0,3343500.0,123.32733,30.22263,14,169.51,6055.09
385500.0,3144500.0,121.83092,28.42194,14,59.08,282.32
398500.0,3150500.0,121.96311,28.47716,14,170.75,1.82
370500.0,3162500.0,121.67578,28.58297,14,43.08,32.47
395500.0,3161500.0,121.93147,28.5762,14,45.65,3.09
378500.0,3185500.0,121.75511,28.7913,14,13.44,57.53
384500.0,3194500.0,121.81566,28.87307,14,77.3,10.06
393500.0,3200500.0,121.90736,28.928,14,126.53,1.23
377500.0,3186500.0,121.74476,28.80023,14,37.57,301.36
373500.0,3195500.0,121.70277,28.88106,14,105.91,43.32
379500.0,3205500.0,121.76322,28.97188,14,19.59,121.89
375500.0,3194500.0,121.72339,28.87223,14,179.8,35.69
401500.0,3182500.0,121.991,28.7662,14,66.53,15.67
399500.0,3262500.0,121.96329,29.48799,14,70.27,16.19
401500.0,3260500.0,121.9841,29.4701,14,128.86,717.1
400500.0,3261500.0,121.9737,29.47904,14,126.52,5.94
378500.0,3340500.0,121.73789,30.18989,14,102.33,20.38
428500.0,3142500.0,122.27005,28.40695,14,145.27,4154.39
438500.0,3166500.0,122.37085,28.62408,14,150.33,877.59
450500.0,3180500.0,122.493,28.75096,14,153.79,98.74
406500.0,3206500.0,122.04022,28.98317,14,169.07,4.4
440500.0,3191500.0,122.39,28.84982,14,62.28,16.73
440500.0,3185500.0,122.39032,28.79567,14,172.16,670.19
441500.0,3206500.0,122.39947,28.98525,14,33.17,4.38
441500.0,3186500.0,122.40051,28.80474,14,90.42,9.82
409500.0,3222500.0,122.06972,29.12778,14,55.36,27.48
434500.0,3229500.0,122.32627,29.19249,14,68.65,24.21
407500.0,3213500.0,122.04991,29.04641,14,19.81,98.87
415500.0,3220500.0,122.13154,29.11014,14,69.21,4.61
407500.0,3261500.0,122.04589,29.47958,14,113.05,15.79
410500.0,3261500.0,122.07683,29.4798,14,36.19,1.66
443500.0,3257500.0,122.41741,29.44563,14,76.14,7.49
435500.0,3247500.0,122.33551,29.35499,14,43.47,50.07
416500.0,3282500.0,122.13711,29.66972,14,56.94,13.08
421500.0,3292500.0,122.18805,29.76029,14,146.52,4.43
451500.0,3347500.0,122.49583,30.25816,14,31.12,9.66
452500.0,3174500.0,122.51374,28.69688,14,156.29,7510.15
464500.0,3214500.0,122.63532,29.0583,14,164.63,1435.03
468500.0,3239500.0,122.6757,29.28405,14,23.97,17.02
469500.0,3237500.0,122.68605,29.26602,14,164.63,1931.7
467500.0,3236500.0,122.66549,29.25695,14,162.5,1183.06
480500.0,3258500.0,122.79891,29.45577,14,156.92,522.74
454500.0,3241500.0,122.53149,29.30167,14,21.68,13.57
471500.0,3244500.0,122.70646,29.32925,14,40.37,171.02
496500.0,3301500.0,122.96377,29.844,14,132.73,59.13
452500.0,3306500.0,122.50806,29.88821,14,92.77,12.67
488500.0,3319500.0,122.88076,30.0064,14,154.46,3.83
472500.0,3352500.0,122.714,30.30394,14,176.45,16.36
548500.0,3209500.0,123.498,29.01275,14,70.13,346.19
520500.0,3213500.0,123.21057,29.04961,14,45.91,218.43
528500.0,3258500.0,123.29391,29.4556,14,60.04,3.42
547500.0,3236500.0,123.48889,29.25647,14,91.77,57756.36
513500.0,3265500.0,123.13931,29.51903,14,75.17,179.94
520500.0,3283500.0,123.21188,29.68139,14,68.32,18.92
503500.0,3310500.0,123.03626,29.92522,14,164.92,7.73
507500.0,3352500.0,123.078,30.30423,14,49.0,277.86
397500.0,3143500.0,121.95352,28.41391,14,130.81,78.05
393500.0,3145500.0,121.9125,28.43164,14,3.36,18.43
399500.0,3177500.0,121.97095,28.72092,14,80.43,53.56
400500.0,3163500.0,121.98241,28.59464,14,99.29,12.44
367500.0,3158500.0,121.64557,28.54657,14,66.74,4.37
394500.0,3351500.0,121.90297,30.29063,14,154.23,2.89
436500.0,3175500.0,122.34989,28.70522,14,174.49,9.86
411500.0,3172500.0,122.0942,28.67667,14,69.13,22.31
430500.0,3171500.0,122.28871,28.66881,14,116.23,2.1
443500.0,3191500.0,122.42076,28.84996,14,166.77,7252.53
405500.0,3220500.0,122.02877,29.10944,14,51.56,2.06
404500.0,3217500.0,122.01875,29.08229,14,0.08,38.56
423500.0,3230500.0,122.21307,29.2009,14,22.58,4.53
424500.0,3255500.0,122.22164,29.42658,14,68.73,47.04
428500.0,3253500.0,122.26301,29.40876,14,64.95,56.03
418500.0,3249500.0,122.16023,29.37205,14,152.55,6.38
429500.0,3250500.0,122.2735,29.38174,14,135.81,126.91
435500.0,3274500.0,122.33392,29.59866,14,84.13,17.05
432500.0,3264500.0,122.30356,29.50825,14,106.38,2.42
425500.0,3265500.0,122.23127,29.51688,14,43.79,3.66
448500.0,3264500.0,122.46863,29.50902,14,148.96,85.79
444500.0,3321500.0,122.42443,30.02324,14,20.42,239.4
450500.0,3329500.0,122.48628,30.09569,14,111.98,1.92
435500.0,3351500.0,122.32927,30.29351,14,15.58,16.42
479500.0,3260500.0,122.78856,29.47381,14,72.08,41.18
470500.0,3323500.0,122.69401,30.04219,14,16.91,5.91
485500.0,3342500.0,122.84934,30.21393,14,26.26,765.13
494500.0,3352500.0,122.9428,30.30424,14,69.4,242.1
453500.0,3349500.0,122.51653,30.27629,14,119.45,65.36
522500.0,3254500.0,123.23195,29.41962,14,116.44,135.7
514500.0,3250500.0,123.14943,29.38364,14,86.08,21.17
521500.0,3259500.0,123.22174,29.46477,14,82.76,110.24
514500.0,3277500.0,123.14978,29.62732,14,157.94,6.76
510500.0,3295500.0,123.10864,29.78981,14,152.32,1279.55
527500.0,3294500.0,123.2845,29.78052,14,119.41,50.22
519500.0,3308500.0,123.20199,29.90702,14,63.5,4.77
533500.0,3310500.0,123.34708,29.92477,14,118.85,237.4
524500.0,3294500.0,123.25347,29.78059,14,30.38,3.99
531500.0,3314500.0,123.32647,29.96092,14,92.23,6.76
503500.0,3292500.0,123.0362,29.76278,14,62.67,5.75
535500.0,3314500.0,123.36793,29.96081,14,71.0,53.75
507500.0,3339500.0,123.07791,30.18692,14,78.11,3.11
509500.0,3323500.0,123.09854,30.04251,14,45.89,402.39
518500.0,3332500.0,123.19205,30.12363,14,176.79,159.46
376500.0,3149500.0,121.73851,28.46624,14,47.67,6.11
390500.0,3165500.0,121.87997,28.61189,14,55.99,15.04
393500.0,3160500.0,121.91111,28.56701,14,44.49,94.13
389500.0,3171500.0,121.86916,28.66595,14,84.73,41.0
386500.0,3197500.0,121.83586,28.90033,14,58.45,13.51
390500.0,3182500.0,121.87833,28.76531,14,31.44,25.75
394500.0,3203500.0,121.91734,28.95516,14,160.92,319.32
395500.0,3350500.0,121.91346,30.2817,14,133.46,69.59
413500.0,3144500.0,122.11678,28.42409,14,33.68,33.89
415500.0,3145500.0,122.13713,28.43325,14,73.45,8.96
433500.0,3176500.0,122.31912,28.71409,14,42.22,2.88
444500.0,3188500.0,122.43116,28.82292,14,137.37,25.03
450500.0,3194500.0,122.49239,28.87732,14,155.22,371.13
450500.0,3193500.0,122.49243,28.8683,14,157.84,904.96
429500.0,3225500.0,122.2751,29.15612,14,48.91,3.76
420500.0,3232500.0,122.18206,29.21876,14,14.36,54.23
442500.0,3256500.0,122.40715,29.43656,14,89.71,428.89
427500.0,3283500.0,122.2507,29.67944,14,145.61,8.72
478500.0,3251500.0,122.77842,29.39256,14,163.33,481.33
470500.0,3291500.0,122.69489,29.7534,14,31.3,58.43
484500.0,3305500.0,122.83948,29.88001,14,72.56,1.29
489500.0,3314500.0,122.89117,29.96128,14,163.0,648.61
497500.0,3294500.0,122.97414,29.78083,14,144.0,3.44
496500.0,3313500.0,122.96373,29.9523,14,163.51,714.59
475500.0,3320500.0,122.74594,30.01523,14,33.08,2.93
460500.0,3331500.0,122.58998,30.1141,14,26.83,16.14
516500.0,3176500.0,123.16894,28.7157,14,85.22,4820.7
516500.0,3177500.0,123.16896,28.72473,14,85.41,1508.51
501500.0,3207500.0,123.0154,28.99562,14,68.43,258.11
516500.0,3183500.0,123.16905,28.77888,14,70.55,6574.44
501500.0,3244500.0,123.01545,29.32957,14,101.41,332.94
533500.0,3250500.0,123.34522,29.38328,14,149.72,17737.76
507500.0,3283500.0,123.07752,29.68153,14,76.61,19.08
513500.0,3296500.0,123.13969,29.79881,14,68.12,2.89
500500.0,3313500.0,123.00518,29.9523,14,4.18,4.15
524500.0,3312500.0,123.25388,29.94303,14,61.29,15.63
504500.0,3318500.0,123.04666,29.99742,14,42.6,156.52
507500.0,3324500.0,123.0778,30.05155,14,28.08,260.63
541500.0,3352500.0,123.4316,30.30354,14,21.94,893.84
412500.0,3172500.0,122.10443,28.67674,14,2.77,176.12
431500.0,3174500.0,122.29877,28.69594,14,86.38,16.84
430500.0,3176500.0,122.28841,28.71393,14,103.3,347.7
424500.0,3193500.0,122.22585,28.86703,14,179.96,10.54
428500.0,3185500.0,122.26736,28.79505,14,75.04,133.38
446500.0,3186500.0,122.45175,28.80496,14,138.55,69.37
447500.0,3222500.0,122.46031,29.12992,14,43.2,10.67
449500.0,3237500.0,122.48019,29.26538,14,153.49,6299.54
446500.0,3263500.0,122.44805,29.49991,14,69.31,9.59
447500.0,3331500.0,122.45505,30.11361,14,15.64,2.33
452500.0,3266500.0,122.50981,29.52722,14,86.0,26.38
455500.0,3265500.0,122.54081,29.51831,14,134.36,70.63
513500.0,3191500.0,123.13841,28.85113,14,174.86,110955.09
510500.0,3240500.0,123.10811,29.29342,14,162.37,14186.69
524500.0,3252500.0,123.25252,29.40153,14,99.95,1546.12
534500.0,3329500.0,123.35805,30.09621,14,115.23,18.96
524500.0,3352500.0,123.2548,30.30401,14,151.79,1249.21
392500.0,3176500.0,121.89938,28.71133,14,32.65,39.55
397500.0,3186500.0,121.94967,28.80198,14,84.67,39.05
390500.0,3211500.0,121.87552,29.02701,14,87.83,145934712.98
380500.0,3349500.0,121.75764,30.27129,14,6.12,8.37
408500.0,3147500.0,122.06549,28.45083,14,48.67,389.02
406500.0,3169500.0,122.04328,28.64924,14,163.63,193.65
415500.0,3162500.0,122.13588,28.58668,14,71.92,29.07
434500.0,3189500.0,122.32861,28.83148,14,66.3,90.04
442500.0,3197500.0,122.4102,28.90407,14,42.76,167.01
428500.0,3184500.0,122.26743,28.78603,14,145.28,284.0
445500.0,3219500.0,122.4399,29.10276,14,72.72,26.07
422500.0,3215500.0,122.20382,29.06546,14,140.75,7.33
446500.0,3214500.0,122.45042,29.05767,14,78.76,5.76
438500.0,3216500.0,122.36813,29.07536,14,103.78,65.77
446500.0,3256500.0,122.44839,29.43673,14,57.48,3.21
432500.0,3268500.0,122.30331,29.54435,14,109.54,1.83
432500.0,3265500.0,122.30349,29.51728,14,109.84,3.82
435500.0,3336500.0,122.33019,30.15816,14,30.67,4.22
442500.0,3350500.0,122.40211,30.28484,14,165.59,8.07
466500.0,3216500.0,122.6558,29.07641,14,71.5,189.8
493500.0,3209500.0,122.93326,29.01365,14,70.05,80.63
466500.0,3231500.0,122.65535,29.21179,14,153.53,236.46
465500.0,3228500.0,122.64516,29.18469,14,140.67,19.68
466500.0,3256500.0,122.65459,29.43743,14,74.36,3.48
490500.0,3255500.0,122.90206,29.42881,14,74.66,303.07
472500.0,3295500.0,122.71547,29.78955,14,66.23,2.67
498500.0,3312500.0,122.98446,29.94328,14,47.38,81.77
457500.0,3330500.0,122.55888,30.10498,14,13.06,39.85
477500.0,3341500.0,122.76623,30.20478,14,59.09,16.02
501500.0,3248500.0,123.01546,29.36567,14,170.72,1507.81
505500.0,3310500.0,123.05698,29.92522,14,139.71,34.09
506500.0,3309500.0,123.06734,29.91619,14,174.8,1409.63
547500.0,3297500.0,123.49154,29.80699,14,41.57,36.99
516500.0,3344500.0,123.17148,30.23195,14,12.97,29.87
532500.0,3339500.0,123.3376,30.1865,14,65.3,1.44
525500.0,3336500.0,123.26482,30.1596,14,114.68,319.45
372500.0,3222500.0,121.68945,29.1246,14,40.83,325.26
404500.0,3158500.0,122.02373,28.54982,14,118.94,1.16
421500.0,3155500.0,122.19771,28.52388,14,9.54,14.19
438500.0,3178500.0,122.3702,28.73239,14,4.26,45.01
405500.0,3193500.0,122.03105,28.86577,14,162.61,32.22
425500.0,3220500.0,122.23431,29.11077,14,61.11,8.37
437500.0,3261500.0,122.35531,29.48144,14,0.74,125.57
404500.0,3254500.0,122.01556,29.41619,14,161.61,2.58
421500.0,3275500.0,122.18928,29.60688,14,125.09,95.3
438500.0,3292500.0,122.36387,29.76125,14,111.62,278.73
468500.0,3211500.0,122.67649,29.03133,14,150.77,94.56
487500.0,3249500.0,122.8712,29.37463,14,168.33,231.19
489500.0,3267500.0,122.89163,29.53711,14,58.45,11.75
478500.0,3276500.0,122.77793,29.61819,14,0.42,11.61
454500.0,3312500.0,122.52852,29.94243,14,161.68,199.23
454500.0,3337500.0,122.52745,30.16804,14,50.52,3.71
485500.0,3337500.0,122.8494,30.1688,14,46.3,28.91
505500.0,3255500.0,123.0567,29.42884,14,162.05,351.29
502500.0,3287500.0,123.02585,29.71765,14,70.08,3.2
535500.0,3318500.0,123.36806,29.99691,14,65.44,380.41
516500.0,3314500.0,123.17101,29.96122,14,118.04,130.96
542500.0,3325500.0,123.44092,30.05986,14,150.73,784.35
549500.0,3303500.0,123.51252,29.86106,14,104.36,28.92
549500.0,3304500.0,123.51256,29.87008,14,177.28,573.64
413500.0,3186500.0,122.1136,28.80316,14,146.56,1402.92
495500.0,3199500.0,122.95383,28.9234,14,80.69,57.16
493500.0,3185500.0,122.93339,28.79703,14,7.02,1159.6
494500.0,3194500.0,122.9436,28.87827,14,172.92,422.57
482500.0,3295500.0,122.81894,29.78973,14,153.07,211.75
509500.0,3167500.0,123.0972,28.63453,14,150.71,13011.85
533500.0,3196500.0,123.3436,28.89589,14,113.18,14.07
547500.0,3232500.0,123.48872,29.22037,14,4.59,10607.92
516500.0,3227500.0,123.16969,29.17603,14,66.24,21.19
506500.0,3276500.0,123.06714,29.61836,14,11.35,179.7
555500.0,3263500.0,123.57259,29.49982,14,82.29,7093.12
385500.0,3149500.0,121.83043,28.46706,14,155.36,183.9
415500.0,3152500.0,122.13661,28.49643,14,4.49,114.28
413500.0,3222500.0,122.11083,29.12806,14,86.75,312.95
486500.0,3265500.0,122.86069,29.51903,14,43.15,3.54
452500.0,3307500.0,122.50801,29.89724,14,60.7,36.3
460500.0,3293500.0,122.59139,29.77117,14,162.1,4.66
453500.0,3310500.0,122.51824,29.92435,14,67.14,4.81
456500.0,3330500.0,122.5485,30.10494,14,96.56,3.58
525500.0,3170500.0,123.26096,28.6614,14,168.74,1201.81
546500.0,3243500.0,123.47889,29.31969,14,97.81,9102.71
532500.0,3269500.0,123.33548,29.55478,14,21.54,13.84
515500.0,3273500.0,123.16006,29.59121,14,84.18,18.31
531500.0,3318500.0,123.32659,29.99702,14,5.36,240.25
513500.0,3292500.0,123.13964,29.76271,14,50.97,121.35
534500.0,3324500.0,123.35789,30.05109,14,7.1,63.1
556500.0,3252500.0,123.58234,29.4005,14,83.26,1067.94
539500.0,3270500.0,123.40777,29.5636,14,152.88,1327.34
539500.0,3271500.0,123.40781,29.57263,14,153.46,1088.63
449500.0,3198500.0,122.48195,28.91339,14,174.36,65.2
427500.0,3223500.0,122.25467,29.13796,14,9.95,17.69
433500.0,3280500.0,122.3129,29.6527,14,62.96,535.57
437500.0,3280500.0,122.35422,29.65291,14,6.72,5.09
451500.0,3203500.0,122.50225,28.95859,14,85.11,17.96
489500.0,3206500.0,122.89221,28.98655,14,4.93,6292114148.89
485500.0,3213500.0,122.85106,29.04969,14,160.87,868.99
481500.0,3312500.0,122.8083,29.94314,14,70.25,1.17
517500.0,3273500.0,123.18071,29.59118,14,78.66,325.76
522500.0,3304500.0,123.23299,29.87087,14,133.38,603.19
524500.0,3298500.0,123.25356,29.81669,14,169.46,343.17
546500.0,3343500.0,123.4832,30.22215,14,111.01,2.6
554500.0,3353500.0,123.56685,30.31205,14,117.7,43.61
486500.0,3250500.0,122.86088,29.38365,14,109.75,36.12
488500.0,3308500.0,122.88088,29.90712,14,44.19,51.84
468500.0,3304500.0,122.67382,29.87068,14,5.48,810.15
516500.0,3187500.0,123.1691,28.81499,14,100.3,70.88
526500.0,3260500.0,123.27333,29.4737,14,50.67,334.25
512500.0,3239500.0,123.12869,29.28438,14,77.37,6.28
534500.0,3284500.0,123.3566,29.6901,14,177.47,5.02
530500.0,3277500.0,123.31506,29.62703,14,0.28,1823.57
523500.0,3291500.0,123.24306,29.75353,14,28.94,2.52
522500.0,3314500.0,123.2332,29.96112,14,38.48,14.02
554500.0,3296500.0,123.56393,29.79768,14,67.65,7445.54
545500.0,3160500.0,123.46523,28.57059,14,78.57,19104.05
516500.0,3157500.0,123.16867,28.5442,14,172.31,38965.32
520500.0,3303500.0,123.21226,29.86188,14,77.36,66.01
527500.0,3347500.0,123.28587,30.25882,14,170.92,3835.18
545500.0,3247500.0,123.46876,29.35582,14,168.22,6687.93
529500.0,3243500.0,123.30382,29.3202,14,171.58,249.51
525500.0,3259500.0,123.26299,29.46469,14,67.33,2870.86
441500.0,3332500.0,122.39271,30.12236,13,50.91,6.14
461500.0,3263500.0,122.6028,29.50046,13,51.85,75.79
522500.0,3284500.0,123.23257,29.69038,13,121.21,283.6
509500.0,3295500.0,123.09829,29.78982,13,105.94,5.79
376500.0,3332500.0,121.71805,30.11751,13,165.26,13.48
473500.0,3296500.0,122.72579,29.7986,13,160.59,1.17
500500.0,3230500.0,123.00514,29.20321,13,65.31,4.76
512500.0,3220500.0,123.12848,29.11289,13,166.32,3106.68
517500.0,3235500.0,123.1801,29.24822,13,21.86,4.83
516500.0,3311500.0,123.17096,29.93414,13,82.52,2.87
519500.0,3293500.0,123.20172,29.77165,13,120.57,427.42
510500.0,3308500.0,123.10877,29.90713,13,141.99,20.76
502500.0,3304500.0,123.02589,29.87108,13,26.6,22.73
530500.0,3305500.0,123.31585,29.87973,13,44.64,18.91
377500.0,3147500.0,121.74894,28.44829,13,171.64,6.02
393500.0,3196500.0,121.90774,28.8919,13,178.42,103.36
413500.0,3145500.0,122.1167,28.43312,13,63.76,27.2
423500.0,3160500.0,122.21781,28.56913,13,60.5,12.15
438500.0,3206500.0,122.36868,28.98511,13,164.38,2.53
438500.0,3182500.0,122.36999,28.76849,13,170.46,95.6
435500.0,3208500.0,122.33777,29.00301,13,32.46,32.45
434500.0,3214500.0,122.32715,29.05711,13,26.58,4.54
438500.0,3224500.0,122.36769,29.14756,13,3.65,10.87
446500.0,3231500.0,122.4496,29.2111,13,172.15,9.49
420500.0,3209500.0,122.1837,29.01119,13,141.5,21.78
440500.0,3258500.0,122.38642,29.45451,13,48.47,57.43
426500.0,3246500.0,122.24286,29.34547,13,137.74,18.4
427500.0,3241500.0,122.25349,29.30041,13,1.11,5.26
437500.0,3237500.0,122.35668,29.26484,13,24.57,8.3
422500.0,3276500.0,122.19953,29.61597,13,28.58,31.54
438500.0,3337500.0,122.36128,30.16734,13,6.41,7.55
476500.0,3252500.0,122.75779,29.40155,13,69.6,136.53
453500.0,3254500.0,122.52064,29.41896,13,44.26,46.35
487500.0,3248500.0,122.87121,29.36561,13,150.34,47.19
469500.0,3269500.0,122.68516,29.55483,13,51.21,2.19
494500.0,3289500.0,122.94312,29.73569,13,29.95,5.58
521500.0,3314500.0,123.22283,29.96114,13,55.32,367.77
513500.0,3294500.0,123.13967,29.78076,13,91.02,6.48
522500.0,3325500.0,123.23343,30.06039,13,86.41,5.36
520500.0,3345500.0,123.21307,30.24091,13,53.66,18.23
545500.0,3351500.0,123.47316,30.29438,13,34.89,31.97
543500.0,3352500.0,123.4524,30.30347,13,43.95,10.11
416500.0,3227500.0,122.14129,29.17338,13,17.61,25.77
497500.0,3249500.0,122.97424,29.37469,13,24.65,2.71
496500.0,3288500.0,122.96381,29.72668,13,56.64,8.67
473500.0,3270500.0,122.72643,29.56395,13,66.6,31.37
468500.0,3324500.0,122.67323,30.05117,13,19.19,138.35
518500.0,3261500.0,123.19083,29.48286,13,55.64,6.96
542500.0,3272500.0,123.43882,29.58155,13,86.23,312.85
381500.0,3352500.0,121.7677,30.29845,13,113.72,90.05
487500.0,3218500.0,122.87155,29.09484,13,113.37,80.98
472500.0,3270500.0,122.7161,29.56393,13,179.65,34.4
488500.0,3323500.0,122.88071,30.04249,13,27.01,2.03
352500.0,3261500.0,121.47872,29.4743,13,64.29,5.94
368500.0,3148500.0,121.65693,28.45643,13,21.37,77.02
382500.0,3154500.0,121.79928,28.51192,13,37.33,3.41
386500.0,3279500.0,121.82744,29.64027,13,24.27,38.99
384500.0,3280500.0,121.80668,29.64911,13,1.32,2.38
400500.0,3330500.0,121.96733,30.10166,13,64.61,24.21
431500.0,3171500.0,122.29895,28.66886,13,6.69,28.37
421500.0,3169500.0,122.19675,28.65024,13,85.5,17.38
407500.0,3197500.0,122.05122,28.90202,13,80.99,64.59
441500.0,3191500.0,122.40025,28.84987,13,102.14,19.9
444500.0,3205500.0,122.43032,28.97636,13,57.65,23.54
407500.0,3191500.0,122.05172,28.84787,13,127.5,1.66
427500.0,3273500.0,122.25137,29.58919,13,107.83,12.55
529500.0,3247500.0,123.30392,29.3563,13,88.48,19.05
380500.0,3275500.0,121.76591,29.60362,13,43.36,6.57
414500.0,3205500.0,122.12241,28.9747,13,58.85,11.7
426500.0,3188500.0,122.24668,28.82202,13,156.47,7.19
413500.0,3204500.0,122.11222,28.96561,13,129.7,7005.51
448500.0,3232500.0,122.47013,29.22021,13,31.66,5.32
445500.0,3256500.0,122.43808,29.43669,13,56.67,1.73
443500.0,3259500.0,122.4173,29.46368,13,105.73,10.25
454500.0,3263500.0,122.53058,29.50022,13,56.01,8.18
474500.0,3325500.0,122.73545,30.06033,13,163.97,11.22
500500.0,3310500.0,123.00518,29.92523,13,59.54,2.37
385500.0,3163500.0,121.82903,28.59341,13,53.93,3.03
381500.0,3227500.0,121.78141,29.17059,13,118.51,412.07
368500.0,3220500.0,121.64858,29.10614,13,144.96,10.12
394500.0,3284500.0,121.90959,29.68609,13,18.31,59.77
382500.0,3340500.0,121.77943,30.19028,13,42.01,3.67
389500.0,3353500.0,121.85077,30.30823,13,5.26,2.86
421500.0,3168500.0,122.19682,28.64121,13,93.43,7.74
416500.0,3202500.0,122.14316,28.94776,13,127.27,6.92
431500.0,3210500.0,122.29658,29.02085,13,112.59,18.17
418500.0,3215500.0,122.16273,29.06521,13,111.35,27.63
444500.0,3265500.0,122.42731,29.51787,13,106.6,13.85
471500.0,3259500.0,122.70607,29.46463,13,94.27,7729.85
471500.0,3279500.0,122.70555,29.64513,13,28.33,3.6
472500.0,3290500.0,122.7156,29.74443,13,152.34,5.41
454500.0,3291500.0,122.52941,29.75292,13,39.07,1.71
463500.0,3291500.0,122.62249,29.75322,13,138.85,6.41
457500.0,3305500.0,122.55988,29.87937,13,61.47,3.24
455500.0,3336500.0,122.53787,30.15905,13,37.68,137.28
495500.0,3333500.0,122.95328,30.13278,13,74.15,70.36
454500.0,3352500.0,122.5268,30.3034,13,135.15,5.72
512500.0,3261500.0,123.12894,29.48294,13,95.62,4.36
517500.0,3290500.0,123.18098,29.74461,13,40.29,3.87
505500.0,3284500.0,123.05685,29.69057,13,67.72,4.66
534500.0,3297500.0,123.35702,29.80742,13,52.41,62.06
518500.0,3303500.0,123.19155,29.86192,13,171.06,3.65
518500.0,3318500.0,123.19181,29.99729,13,56.72,15.22
527500.0,3321500.0,123.2852,30.02419,13,165.18,2669.57
339500.0,3316500.0,121.33652,29.96887,13,144.78,1.38
371500.0,3166500.0,121.68555,28.61917,13,122.94,38.91
400500.0,3207500.0,121.97855,28.99174,13,176.65,2.54
377500.0,3273500.0,121.73516,29.58528,13,143.54,11.09
424500.0,3168500.0,122.22751,28.64139,13,24.85,109.86
416500.0,3225500.0,122.14144,29.15533,13,122.49,289.18
448500.0,3246500.0,122.46948,29.34657,13,57.87,70.0
406500.0,3283500.0,122.03369,29.67803,13,33.01,1.31
436500.0,3273500.0,122.3443,29.58969,13,154.22,578.18
468500.0,3230500.0,122.67596,29.20282,13,162.21,928.8
467500.0,3213500.0,122.66617,29.04936,13,70.06,338.13
478500.0,3254500.0,122.77836,29.41964,13,83.2,13.3
485500.0,3269500.0,122.85032,29.55512,13,163.01,12808.01
477500.0,3274500.0,122.76764,29.60013,13,124.65,379.43
474500.0,3298500.0,122.73609,29.81667,13,41.03,6.41
474500.0,3303500.0,122.73597,29.86179,13,175.86,4.66
508500.0,3239500.0,123.08751,29.28441,13,85.01,12.55
520500.0,3263500.0,123.2115,29.50088,13,156.67,105.89
500500.0,3265500.0,123.00516,29.5191,13,113.44,400.34
515500.0,3297500.0,123.1604,29.80781,13,27.55,60.4
508500.0,3304500.0,123.08802,29.87105,13,178.71,1.54
288500.0,3327500.0,120.80604,30.06034,13,156.05,195.29
383500.0,3191500.0,121.80571,28.84591,13,51.05,32.01
399500.0,3247500.0,121.96467,29.35263,13,145.0,38.82
376500.0,3352500.0,121.71571,30.29795,13,19.64,2.86
375500.0,3351500.0,121.70543,30.28883,13,62.11,4.05
434500.0,3161500.0,122.33022,28.57876,13,146.99,345.15
417500.0,3184500.0,122.15473,28.78537,13,58.74,14.57
426500.0,3230500.0,122.24392,29.20108,13,126.08,513.8
418500.0,3220500.0,122.16237,29.11034,13,170.17,3.18
455500.0,3160500.0,122.54499,28.57062,13,79.59,549.88
479500.0,3188500.0,122.78988,28.82396,13,59.25,98.2
485500.0,3236500.0,122.85076,29.25728,13,162.36,17.58
475500.0,3253500.0,122.74746,29.41056,13,164.15,1014.52
463500.0,3272500.0,122.62313,29.58174,13,179.0,234.47
495500.0,3295500.0,122.95344,29.78985,13,28.17,4.88
459500.0,3345500.0,122.57907,30.24041,13,137.02,118.46
520500.0,3168500.0,123.20976,28.64343,13,138.32,2408.33
510500.0,3334500.0,123.10902,30.14177,13,132.57,3.99
556500.0,3224500.0,123.58091,29.1478,13,72.34,59971.95
553500.0,3339500.0,123.55574,30.18576,13,78.27,36.43
396500.0,3320500.0,121.92679,30.0111,13,19.45,2934.17
468500.0,3216500.0,122.67635,29.07646,13,162.01,2235.67
455500.0,3345500.0,122.53749,30.24027,13,106.49,14.78
480500.0,3319500.0,122.79781,30.00629,13,121.92,39.5
510500.0,3251500.0,123.10821,29.3927,13,143.31,225.72
364500.0,3231500.0,121.60614,29.20498,13,64.29,2.42
413500.0,3199500.0,122.11261,28.92048,13,144.01,4.68
434500.0,3246500.0,122.32526,29.34591,13,67.39,12.17
410500.0,3275500.0,122.07568,29.60614,13,25.03,107.26
512500.0,3266500.0,123.129,29.52807,13,36.92,865.56
441500.0,3172500.0,122.40123,28.67838,13,49.22,115.19
441500.0,3249500.0,122.39721,29.37333,13,61.61,1333.14
441500.0,3250500.0,122.39716,29.38236,13,131.32,3849.05
499500.0,3200500.0,122.99487,28.93243,13,69.94,43.08
474500.0,3261500.0,122.73696,29.48274,13,111.86,203.35
402500.0,3250500.0,121.9953,29.37994,13,168.06,5.64
376500.0,3322500.0,121.71922,30.02729,13,120.57,94.63
439500.0,3226500.0,122.37786,29.16566,13,58.78,101.6
455500.0,3184500.0,122.54405,28.78725,13,125.02,216.87
461500.0,3192500.0,122.60526,28.85965,13,161.45,201.19
507500.0,3250500.0,123.07729,29.3837,13,64.48,230.33
395500.0,3331500.0,121.91534,30.11027,13,46.38,129.13
427500.0,3302500.0,122.24943,29.8509,13,179.68,3.99
426500.0,3341500.0,122.23638,30.20276,13,15.0,33.37
484500.0,3265500.0,122.84006,29.51901,13,83.76,2919.43
536500.0,3334500.0,123.37898,30.14127,13,64.93,16.24
540500.0,3348500.0,123.42105,30.26748,13,14.2,90.8
548500.0,3307500.0,123.50234,29.8972,13,158.94,145.54
383500.0,3206500.0,121.80416,28.98127,13,35.13,1073.13
388500.0,3209500.0,121.85518,29.00879,13,11.91,3.91
387500.0,3224500.0,121.8434,29.14407,13,80.76,1.41
437500.0,3156500.0,122.36117,28.53377,13,153.16,4901.79
444500.0,3178500.0,122.43165,28.73266,13,146.82,18905.0
417500.0,3235500.0,122.15098,29.24564,13,43.89,1.9
464500.0,3204500.0,122.63564,28.96805,13,164.07,1572.65
463500.0,3187500.0,122.62592,28.81458,13,48.81,1.13
491500.0,3206500.0,122.91274,28.98656,13,75.22,18684.21
468500.0,3198500.0,122.67686,28.91399,13,167.83,205.52
454500.0,3190500.0,122.53357,28.84137,13,154.26,270.48
476500.0,3238500.0,122.75808,29.2752,13,69.77,43.64
508500.0,3172500.0,123.087,28.67967,13,148.46,36926.99
516500.0,3215500.0,123.16952,29.06772,13,77.13,1451.15
517500.0,3259500.0,123.18048,29.46483,13,68.63,370.94
516500.0,3253500.0,123.17008,29.41069,13,75.57,6.34
500500.0,3249500.0,123.00515,29.3747,13,109.1,3.66
523500.0,3284500.0,123.2429,29.69036,13,149.27,4.45
510500.0,3336500.0,123.10904,30.15982,13,164.67,1.26
556500.0,3181500.0,123.57874,28.7597,13,123.02,1501.44
365500.0,3269500.0,121.61178,29.54795,13,139.78,1.93
432500.0,3212500.0,122.30673,29.03896,13,152.43,689.86
449500.0,3305500.0,122.47704,29.87907,13,55.06,242.19
445500.0,3292500.0,122.43627,29.76158,13,106.46,3.09
409500.0,3339500.0,122.05995,30.18357,13,77.25,5.21
431500.0,3343500.0,122.2882,30.2211,13,56.94,8926.48
477500.0,3246500.0,122.76821,29.34742,13,13.15,145.14
497500.0,3270500.0,122.97419,29.56423,13,46.3,35.01
495500.0,3265500.0,122.95356,29.51909,13,57.53,1.9
491500.0,3293500.0,122.91207,29.77178,13,73.02,9.28
507500.0,3202500.0,123.07697,28.95046,13,94.26,20.29
507500.0,3233500.0,123.07717,29.23027,13,82.68,69.36
516500.0,3261500.0,123.1702,29.48289,13,115.95,75.22
519500.0,3295500.0,123.20176,29.7897,13,168.28,1109.64
542500.0,3330500.0,123.44112,30.10498,13,177.78,4201.25
528500.0,3332500.0,123.29586,30.12343,13,130.42,406.72
470500.0,3353500.0,122.69317,30.31292,13,7.71,1.41
397500.0,3151500.0,121.95281,28.48611,13,54.45,334.87
390500.0,3166500.0,121.87987,28.62091,13,145.53,1.42
381500.0,3160500.0,121.78844,28.56597,13,59.23,17.54
399500.0,3178500.0,121.97087,28.72994,13,157.12,598.55
398500.0,3178500.0,121.96063,28.72986,13,69.35,94.89
384500.0,3195500.0,121.81555,28.8821,13,0.96,6902.29
379500.0,3204500.0,121.76333,28.96285,13,104.92,116.32
396500.0,3211500.0,121.93712,29.02752,13,95.51,1979.22
391500.0,3211500.0,121.88578,29.0271,13,85.14,52.55
398500.0,3246500.0,121.95446,29.34352,13,60.85,67.16
402500.0,3247500.0,121.99557,29.35286,13,43.02,12.64
381500.0,3349500.0,121.76804,30.27139,13,80.93,5.01
430500.0,3152500.0,122.28987,28.49731,13,147.12,2097.61
440500.0,3146500.0,122.39235,28.44365,13,81.68,27.87
440500.0,3194500.0,122.38984,28.8769,13,73.21,34.92
433500.0,3181500.0,122.31883,28.75922,13,87.28,1.31
438500.0,3201500.0,122.36895,28.93998,13,178.16,73.16
439500.0,3185500.0,122.38007,28.79562,13,0.4,6559.91
414500.0,3216500.0,122.12157,29.07398,13,126.87,1.14
408500.0,3222500.0,122.05944,29.12771,13,87.23,18.01
421500.0,3247500.0,122.19129,29.35419,13,54.62,543.48
410500.0,3248500.0,122.07789,29.36248,13,77.76,6.84
404500.0,3263500.0,122.01478,29.4974,13,85.98,99.72
431500.0,3259500.0,122.29355,29.46308,13,46.19,2.64
409500.0,3244500.0,122.06792,29.32632,13,107.07,20.06
404500.0,3262500.0,122.01487,29.48838,13,47.17,2.42
432500.0,3275500.0,122.30287,29.60752,13,118.33,28.14
426500.0,3290500.0,122.23989,29.74255,13,129.96,23.7
445500.0,3320500.0,122.43485,30.01426,13,142.5,741.46
491500.0,3155500.0,122.91312,28.52622,13,164.99,2258.83
480500.0,3175500.0,122.80036,28.70663,13,149.2,495.74
473500.0,3234500.0,122.7273,29.23904,13,163.69,1758.11
472500.0,3309500.0,122.71511,29.9159,13,159.82,466.99
484500.0,3306500.0,122.83947,29.88903,13,59.27,9.7
478500.0,3320500.0,122.77705,30.01529,13,173.62,5.67
452500.0,3338500.0,122.50663,30.17699,13,46.1,50.68
539500.0,3188500.0,123.40486,28.82351,13,172.74,192505.28
527500.0,3256500.0,123.28354,29.43757,13,155.89,2784.57
541500.0,3287500.0,123.42907,29.71696,13,43.98,71.63
521500.0,3289500.0,123.22233,29.73552,13,23.74,1593.17
508500.0,3274500.0,123.08778,29.6003,13,123.29,271.9
539500.0,3330500.0,123.40998,30.10508,13,70.01,10.32
532500.0,3344500.0,123.33776,30.23163,13,42.31,58.39
549500.0,3208500.0,123.50823,29.00368,13,156.91,3448.62
336500.0,3178500.0,121.32592,28.7235,13,23.66,21921.73
325500.0,3188500.0,121.2118,28.81227,13,48.63,53.21
393500.0,3150500.0,121.91204,28.47676,13,125.84,2201.52
389500.0,3174500.0,121.86887,28.69303,13,73.49,8.57
367500.0,3165500.0,121.64476,28.60974,13,40.88,12.82
382500.0,3191500.0,121.79546,28.84582,13,74.79,5.25
396500.0,3344500.0,121.92445,30.22765,13,50.64,12.78
425500.0,3197500.0,122.23584,28.90319,13,88.21,29.42
447500.0,3199500.0,122.46139,28.92233,13,26.8,19.31
443500.0,3186500.0,122.42101,28.80483,13,72.5,17.51
413500.0,3229500.0,122.11029,29.19123,13,66.33,3.41
416500.0,3229500.0,122.14114,29.19143,13,178.21,78.51
442500.0,3225500.0,122.40876,29.15678,13,6.25,10.76
419500.0,3224500.0,122.17236,29.1465,13,10.4,4.49
411500.0,3241500.0,122.08876,29.29938,13,137.87,1739.61
433500.0,3242500.0,122.3152,29.30976,13,75.78,5.62
426500.0,3255500.0,122.24226,29.42669,13,65.35,224.69
408500.0,3251500.0,122.05704,29.38941,13,121.45,2.55
432500.0,3269500.0,122.30325,29.55338,13,175.53,1227.95
406500.0,3268500.0,122.03498,29.54267,13,39.49,811.0
440500.0,3294500.0,122.38445,29.7794,13,67.29,66.52
455500.0,3235500.0,122.54203,29.24756,13,148.06,1100.7
465500.0,3265500.0,122.644,29.51863,13,116.03,3.73
469500.0,3272500.0,122.68508,29.58191,13,35.24,9.2
498500.0,3292500.0,122.98448,29.76278,13,86.18,9.51
455500.0,3333500.0,122.538,30.13198,13,78.47,19.21
512500.0,3234500.0,123.12863,29.23925,13,88.81,188.23
546500.0,3286500.0,123.48072,29.70776,13,113.81,33.46
532500.0,3317500.0,123.33693,29.98797,13,20.47,1.21
510500.0,3293500.0,123.10862,29.77176,13,9.07,2.78
532500.0,3316500.0,123.3369,29.97894,13,83.51,89.8
511500.0,3301500.0,123.11905,29.84395,13,10.57,2.23
522500.0,3320500.0,123.23332,30.01527,13,113.93,730.53
507500.0,3353500.0,123.07801,30.31326,13,17.64,275.42
373500.0,3151500.0,121.70766,28.484,13,129.46,37.03
373500.0,3180500.0,121.70445,28.7457,13,8.27,434.26
393500.0,3201500.0,121.90727,28.93703,13,50.05,3.82
390500.0,3340500.0,121.86252,30.19103,13,172.86,89.28
415500.0,3148500.0,122.13691,28.46033,13,45.31,2.7
443500.0,3184500.0,122.42111,28.78678,13,78.96,3.27
430500.0,3198500.0,122.28706,28.9125,13,105.91,23.79
430500.0,3224500.0,122.28544,29.14715,13,71.36,14.13
441500.0,3209500.0,122.39932,29.01233,13,107.76,92.92
438500.0,3239500.0,122.36686,29.28294,13,75.62,53.21
423500.0,3260500.0,122.21098,29.47164,13,77.39,56.5
416500.0,3245500.0,122.13993,29.33582,13,85.23,38.98
420500.0,3253500.0,122.18055,29.40828,13,155.18,15.39
450500.0,3265500.0,122.48922,29.51812,13,70.81,34.13
427500.0,3268500.0,122.25171,29.54407,13,119.39,10.11
432500.0,3288500.0,122.30206,29.72484,13,178.44,2.53
428500.0,3281500.0,122.26117,29.66145,13,142.53,25.96
479500.0,3218500.0,122.78934,29.09474,13,76.28,80.05
489500.0,3213500.0,122.89215,29.04973,13,60.17,72.98
454500.0,3270500.0,122.53029,29.5634,13,171.98,719.49
477500.0,3306500.0,122.76697,29.88892,13,85.06,323.32
476500.0,3304500.0,122.75666,29.87085,13,70.99,33.31
476500.0,3302500.0,122.7567,29.85281,13,91.16,56.59
476500.0,3312500.0,122.75648,29.94305,13,146.44,191.39
476500.0,3307500.0,122.75659,29.89793,13,55.33,16.44
472500.0,3306500.0,122.71519,29.88882,13,122.79,3.6
496500.0,3294500.0,122.96379,29.78083,13,29.36,1.39
457500.0,3347500.0,122.5582,30.25839,13,67.04,30.61
459500.0,3353500.0,122.57876,30.3126,13,39.57,179.48
512500.0,3285500.0,123.12922,29.69954,13,144.82,13.52
534500.0,3298500.0,123.35705,29.81645,13,72.86,6.58
534500.0,3299500.0,123.35708,29.82547,13,108.62,1.91
526500.0,3314500.0,123.27465,29.96104,13,70.13,14.41
539500.0,3344500.0,123.4105,30.23142,13,102.83,16.23
506500.0,3326500.0,123.06744,30.0696,13,3.88,15.1
541500.0,3347500.0,123.43141,30.25842,13,82.88,7.99
518500.0,3353500.0,123.19242,30.31314,13,156.66,4999.07
351500.0,3263500.0,121.46814,29.49223,13,148.9,2.09
383500.0,3179500.0,121.80695,28.73762,13,165.61,1.98
383500.0,3189500.0,121.80592,28.82786,13,46.62,28.79
394500.0,3212500.0,121.91649,29.03638,13,51.96,292.26
447500.0,3188500.0,122.4619,28.82305,13,73.02,3.15
447500.0,3204500.0,122.46116,28.96746,13,60.71,1.98
420500.0,3210500.0,122.18363,29.02021,13,67.26,4.25
432500.0,3229500.0,122.3057,29.19238,13,35.49,29.75
442500.0,3265500.0,122.40667,29.51778,13,49.42,3.56
448500.0,3333500.0,122.46533,30.1317,13,30.67,1.75
485500.0,3251500.0,122.85056,29.39266,13,29.81,1.82
454500.0,3271500.0,122.53025,29.57242,13,178.35,268.89
455500.0,3276500.0,122.54036,29.61758,13,16.0,2.16
458500.0,3315500.0,122.56985,29.96965,13,33.92,10.35
387500.0,3175500.0,121.8483,28.70188,13,6.41,93.03
379500.0,3157500.0,121.76831,28.53872,13,152.18,29.41
400500.0,3164500.0,121.98233,28.60367,13,93.18,38.04
380500.0,3192500.0,121.77486,28.85466,13,138.58,25.79
397500.0,3187500.0,121.94957,28.81101,13,91.0,63.05
416500.0,3172500.0,122.14537,28.677,13,8.38,224.85
434500.0,3171500.0,122.32965,28.66901,13,1.56,145.72
402500.0,3175500.0,122.00184,28.7031,13,45.15,12.32
429500.0,3205500.0,122.27636,28.97562,13,117.25,59.4
432500.0,3181500.0,122.30859,28.75917,13,93.89,2.21
412500.0,3186500.0,122.10336,28.80309,13,77.81,8.03
441500.0,3201500.0,122.39974,28.94012,13,21.67,69.28
440500.0,3210500.0,122.389,29.02131,13,21.36,5.03
447500.0,3257500.0,122.45865,29.4458,13,91.89,2.37
443500.0,3271500.0,122.41668,29.57197,13,68.05,3.61
448500.0,3325500.0,122.46572,30.05951,13,48.85,14.32
472500.0,3212500.0,122.71755,29.04045,13,164.95,155.59
491500.0,3217500.0,122.91266,29.08585,13,91.1,4.73
494500.0,3250500.0,122.94332,29.38371,13,61.48,135.1
469500.0,3300500.0,122.68429,29.8346,13,6.33,10.25
473500.0,3312500.0,122.7254,29.94299,13,151.74,352.57
456500.0,3335500.0,122.5483,30.15006,13,121.0,294.98
523500.0,3282500.0,123.24286,29.67231,13,120.21,7.68
518500.0,3317500.0,123.19179,29.98826,13,89.04,12.63
504500.0,3333500.0,123.04672,30.13278,13,160.24,809.46
531500.0,3335500.0,123.3271,30.15043,13,66.16,19.15
521500.0,3343500.0,123.22342,30.22285,13,59.26,332.53
513500.0,3335500.0,123.14018,30.15077,13,153.01,254.76
399500.0,3167500.0,121.97184,28.63067,13,33.4,13.21
394500.0,3170500.0,121.92041,28.65734,13,119.61,301.0
362500.0,3230500.0,121.5857,29.19574,13,43.1,2.68
405500.0,3163500.0,122.03354,28.59502,13,55.14,8.35
409500.0,3157500.0,122.07492,28.54115,13,61.89,5.16
410500.0,3155500.0,122.0853,28.52317,13,152.02,13.32
405500.0,3168500.0,122.03313,28.64014,13,87.69,9.87
406500.0,3215500.0,122.03947,29.06439,13,111.52,6.48
438500.0,3245500.0,122.36652,29.33709,13,118.76,4331.23
448500.0,3322500.0,122.46586,30.03244,13,175.78,29.52
472500.0,3204500.0,122.71775,28.96824,13,156.54,848.18
478500.0,3215500.0,122.77912,29.06764,13,165.45,1602.0
470500.0,3217500.0,122.69688,29.08553,13,148.93,210.12
499500.0,3240500.0,122.99485,29.29347,13,5.07,1052.72
475500.0,3340500.0,122.74548,30.19572,13,97.31,107.98
510500.0,3269500.0,123.10839,29.55516,13,5.98,307.57
521500.0,3317500.0,123.22289,29.98821,13,88.64,160.44
528500.0,3330500.0,123.29581,30.10539,13,104.4,66.54
528500.0,3329500.0,123.29578,30.09636,13,101.72,5.22
528500.0,3327500.0,123.29573,30.07831,13,175.69,1337.64
557500.0,3182500.0,123.58904,28.76868,13,137.93,18441.25
557500.0,3258500.0,123.59296,29.45461,13,173.62,1734.8
557500.0,3257500.0,123.5929,29.44558,13,172.26,2187.26
555500.0,3343500.0,123.57672,30.22177,13,147.74,358.22
447500.0,3332500.0,122.455,30.12264,13,3.63,36.97
480500.0,3204500.0,122.79986,28.96839,13,88.54,55.2
495500.0,3202500.0,122.95382,28.95048,13,81.69,109.79
495500.0,3201500.0,122.95382,28.94145,13,173.28,542.35
495500.0,3197500.0,122.95384,28.90535,13,175.06,1343.96
482500.0,3257500.0,122.81955,29.44678,13,68.42,142.38
480500.0,3332500.0,122.79757,30.12361,13,140.34,57.1
510500.0,3169500.0,123.10745,28.65258,13,150.64,4580.4
542500.0,3213500.0,123.43655,29.04906,13,170.29,8633.36
547500.0,3230500.0,123.48863,29.20232,13,6.24,35436.83
534500.0,3252500.0,123.35559,29.4013,13,47.06,565.04
535500.0,3251500.0,123.36587,29.39225,13,45.82,4233.31
506500.0,3281500.0,123.06717,29.66349,13,147.14,3.47
381500.0,3158500.0,121.78865,28.54793,13,156.16,78.41
386500.0,3185500.0,121.83706,28.79203,13,146.26,109.69
424500.0,3191500.0,122.22598,28.84898,13,67.82,8.62
445500.0,3226500.0,122.43956,29.16594,13,107.79,18.53
431500.0,3281500.0,122.29217,29.66162,13,13.11,9.56
431500.0,3279500.0,122.2923,29.64357,13,165.22,814.32
407500.0,3293500.0,122.04317,29.76834,13,85.74,5.44
443500.0,3334500.0,122.41337,30.14051,13,157.46,45.86
492500.0,3208500.0,122.92299,29.00462,13,79.46,739.1
484500.0,3210500.0,122.84083,29.0226,13,4.01,1501.13
496500.0,3245500.0,122.96395,29.33859,13,159.64,3029.46
494500.0,3276500.0,122.94319,29.61837,13,83.98,229.92
452500.0,3309500.0,122.50793,29.91528,13,36.92,3.52
494500.0,3314500.0,122.943,29.96131,13,167.93,3977.44
519500.0,3205500.0,123.20016,28.97742,13,8.52,1676.78
525500.0,3194500.0,123.2615,28.87802,13,160.79,4018.34
500500.0,3211500.0,123.00514,29.03172,13,155.52,155.1
545500.0,3210500.0,123.46724,29.02188,13,23.39,932.68
500500.0,3212500.0,123.00514,29.04075,13,149.43,257.11
517500.0,3250500.0,123.18034,29.3836,13,2.77,356.52
545500.0,3243500.0,123.46859,29.31972,13,100.88,6178.23
528500.0,3316500.0,123.29543,29.97904,13,135.64,9.63
524500.0,3313500.0,123.2539,29.95206,13,13.96,42.29
508500.0,3310500.0,123.08806,29.9252,13,6.54,17.31
529500.0,3306500.0,123.30552,29.88877,13,174.77,224.45
506500.0,3291500.0,123.06723,29.75374,13,129.91,27.93
528500.0,3291500.0,123.29477,29.75343,13,85.06,204.24
539500.0,3345500.0,123.41054,30.24044,13,5.04,65.38
556500.0,3251500.0,123.58228,29.39148,13,81.72,637.18
553500.0,3275500.0,123.55254,29.6082,13,7.6,837.81
550500.0,3343500.0,123.52477,30.22199,13,170.7,484.3
475500.0,3292500.0,122.74658,29.76254,13,42.12,1.82
468500.0,3323500.0,122.67326,30.04214,13,13.04,24.27
535500.0,3313500.0,123.3679,29.95179,13,70.64,295.15
535500.0,3312500.0,123.36786,29.94276,13,153.56,664.8
422500.0,3179500.0,122.2063,28.74055,13,3.33,388.2
433500.0,3341500.0,122.3091,30.20317,13,81.57,524.69
441500.0,3325500.0,122.3931,30.0592,13,54.02,8.42
467500.0,3310500.0,122.66328,29.9248,13,6.76,1780.4
548500.0,3268500.0,123.50059,29.54524,13,120.47,371.9
555500.0,3270500.0,123.57294,29.56299,13,169.88,224.44
553500.0,3349500.0,123.55625,30.276,13,112.62,148.43
453500.0,3295500.0,122.51889,29.78898,13,171.98,6.99
488500.0,3310500.0,122.88085,29.92517,13,73.93,5.66
515500.0,3168500.0,123.1586,28.6435,13,140.69,16383.03
516500.0,3203500.0,123.16934,28.95941,13,177.92,27440.64
513500.0,3252500.0,123.13915,29.4017,13,89.8,693.69
532500.0,3273500.0,123.3356,29.59088,13,149.18,4.5
543500.0,3292500.0,123.44995,29.76202,13,25.61,1774.18
553500.0,3293500.0,123.55343,29.77065,13,94.25,1211711.88
504500.0,3145500.0,123.04595,28.43598,13,64.09,3581.62
517500.0,3163500.0,123.17898,28.59834,13,171.8,22656.65
512500.0,3155500.0,123.12776,28.52619,13,59.35,156.3
517500.0,3269500.0,123.18065,29.55508,13,58.4,25.42
512500.0,3305500.0,123.12945,29.88004,13,157.15,418.65
514500.0,3319500.0,123.15035,30.00636,13,123.61,79.34
558500.0,3166500.0,123.59846,28.62422,13,98.97,437337.8
533500.0,3224500.0,123.34444,29.14861,13,142.32,91020.31
544500.0,3245500.0,123.45837,29.33781,13,6.34,17056.09
546500.0,3251500.0,123.47923,29.39189,13,166.59,18443.27
530500.0,3274500.0,123.31498,29.59996,13,51.05,248.63
517500.0,3347500.0,123.18192,30.25901,13,29.84,22.74
386500.0,3324500.0,121.82269,30.0463,12,91.12,344.28
439500.0,3240500.0,122.3771,29.29202,12,143.8,18.26
429500.0,3303500.0,122.27007,29.86004,12,0.9,5.34
492500.0,3296500.0,122.92239,29.79886,12,72.39,44.25
499500.0,3306500.0,122.99482,29.88913,12,40.83,4.79
475500.0,3316500.0,122.74603,29.97913,12,15.64,2.49
489500.0,3310500.0,122.89121,29.92518,12,133.48,98.56
516500.0,3284500.0,123.17055,29.69047,12,107.48,226.63
517500.0,3311500.0,123.18133,29.93413,12,90.02,35.83
533500.0,3350500.0,123.34834,30.28574,12,73.16,4.1
461500.0,3306500.0,122.60127,29.88853,12,90.23,6.26
487500.0,3333500.0,122.87022,30.13273,12,43.7,32.34
519500.0,3247500.0,123.2009,29.35649,12,155.6,377.07
505500.0,3288500.0,123.05687,29.72667,12,136.64,26.59
506500.0,3273500.0,123.06712,29.59129,12,26.98,154.92
521500.0,3285500.0,123.22225,29.69942,12,118.66,3.76
519500.0,3290500.0,123.20167,29.74458,12,72.47,371.89
514500.0,3298500.0,123.15007,29.81684,12,151.79,68.15
522500.0,3293500.0,123.23276,29.7716,12,107.35,1.77
506500.0,3301500.0,123.06729,29.84399,12,72.38,2.23
473500.0,3303500.0,122.72562,29.86177,12,174.66,1.48
513500.0,3278500.0,123.13947,29.63636,12,36.52,7.23
512500.0,3341500.0,123.12987,30.20492,12,132.75,1.62
512500.0,3351500.0,123.12999,30.29517,12,23.83,13.72
398500.0,3209500.0,121.95784,29.00963,12,72.34,173.97
427500.0,3170500.0,122.25808,28.65962,12,52.12,18.35
417500.0,3157500.0,122.15669,28.54168,12,133.33,159.65
439500.0,3183500.0,122.38018,28.77757,12,158.83,55.37
448500.0,3209500.0,122.47119,29.01263,12,72.96,746.56
450500.0,3217500.0,122.49137,29.08491,12,170.63,380.66
417500.0,3232500.0,122.1512,29.21857,12,42.96,1.63
448500.0,3210500.0,122.47115,29.02165,12,73.57,120.72
441500.0,3228500.0,122.39832,29.18381,12,54.9,25.13
439500.0,3209500.0,122.37878,29.01223,12,152.42,3.69
451500.0,3243500.0,122.50051,29.31961,12,103.37,12170.67
475500.0,3245500.0,122.74763,29.33836,12,142.15,4945.57
463500.0,3270500.0,122.6232,29.56369,12,60.78,966.9
494500.0,3280500.0,122.94317,29.65447,12,22.35,4.41
463500.0,3302500.0,122.62212,29.85249,12,166.76,654.42
478500.0,3293500.0,122.77759,29.77162,12,41.91,6.04
531500.0,3334500.0,123.32707,30.14141,12,63.7,29.71
541500.0,3348500.0,123.43144,30.26745,12,45.55,1.63
539500.0,3352500.0,123.4108,30.30361,12,157.96,6.53
552500.0,3325500.0,123.54466,30.05947,12,5.22,360.43
376500.0,3193500.0,121.73375,28.86331,12,139.04,3.61
467500.0,3313500.0,122.66319,29.95187,12,5.53,148897.69
488500.0,3312500.0,122.88083,29.94322,12,99.0,14.36
468500.0,3322500.0,122.67329,30.03312,12,38.37,84.92
510500.0,3271500.0,123.10841,29.57321,12,50.98,105.9
522500.0,3326500.0,123.23345,30.06941,12,102.82,113.79
500500.0,3335500.0,123.00519,30.15084,12,45.73,38.83
401500.0,3173500.0,121.99178,28.68497,12,42.16,221.08
376500.0,3269500.0,121.72529,29.54909,12,49.01,51.69
449500.0,3329500.0,122.4759,30.09565,12,54.25,4.99
389500.0,3199500.0,121.86643,28.91864,12,127.08,869.58
367500.0,3265500.0,121.6329,29.51207,12,4.04,6.05
408500.0,3163500.0,122.06422,28.59523,12,173.32,782.48
440500.0,3187500.0,122.39021,28.81372,12,75.73,269.49
449500.0,3312500.0,122.47671,29.94224,12,98.11,30.51
529500.0,3283500.0,123.30489,29.6812,12,75.6,5.25
387500.0,3144500.0,121.85134,28.42211,12,100.99,102.24
398500.0,3249500.0,121.95418,29.3706,12,67.75,6726.13
379500.0,3275500.0,121.75559,29.60352,12,0.03,140.62
418500.0,3153500.0,122.16719,28.50564,12,19.26,181.44
429500.0,3249500.0,122.27357,29.37272,12,93.64,3269.3
445500.0,3275500.0,122.43713,29.60816,12,110.5,13.87
495500.0,3291500.0,122.95346,29.75375,12,2.98,2.1
508500.0,3273500.0,123.08777,29.59128,12,94.35,3.09
380500.0,3194500.0,121.77465,28.87271,12,9.41,5.26
394500.0,3192500.0,121.91837,28.85589,12,119.65,125.97
381500.0,3191500.0,121.78522,28.84573,12,168.38,11.19
393500.0,3193500.0,121.90802,28.86483,12,99.03,788.75
388500.0,3194500.0,121.85667,28.87343,12,70.73,1615.43
366500.0,3227500.0,121.62719,29.1691,12,146.21,179.3
402500.0,3166500.0,122.00261,28.62187,12,170.55,807.12
408500.0,3170500.0,122.06366,28.65841,12,80.7,148.48
411500.0,3198500.0,122.09217,28.91132,12,148.31,74.92
414500.0,3207500.0,122.12226,28.99275,12,117.93,6.22
427500.0,3190500.0,122.2568,28.84013,12,161.47,824.44
439500.0,3206500.0,122.37894,28.98516,12,67.46,5.39
404500.0,3218500.0,122.01867,29.09131,12,3.9,743.59
445500.0,3211500.0,122.44029,29.03055,12,150.74,52.55
420500.0,3222500.0,122.18278,29.12851,12,78.79,639.88
404500.0,3257500.0,122.0153,29.44326,12,156.38,6.26
407500.0,3239500.0,122.04774,29.28105,12,124.15,324.77
410500.0,3280500.0,122.07527,29.65126,12,29.77,3409.59
481500.0,3285500.0,122.80876,29.69947,12,21.47,152.81
475500.0,3317500.0,122.74601,29.98816,12,48.32,3.06
479500.0,3317500.0,122.78747,29.98823,12,70.71,2.53
507500.0,3226500.0,123.07713,29.16709,12,161.79,47869.93
514500.0,3246500.0,123.14937,29.34754,12,55.78,4.52
503500.0,3307500.0,123.03625,29.89815,12,118.49,9.34
501500.0,3327500.0,123.01556,30.07864,12,48.62,99.24
519500.0,3327500.0,123.20234,30.07849,12,75.38,76.28
531500.0,3319500.0,123.32662,30.00604,12,55.13,139.03
518500.0,3331500.0,123.19203,30.1146,12,25.95,70.27
381500.0,3184500.0,121.78595,28.78256,12,64.85,102.91
373500.0,3192500.0,121.70311,28.85399,12,115.62,8.84
371500.0,3325500.0,121.66701,30.05384,12,23.22,5.47
447500.0,3197500.0,122.46148,28.90428,12,128.27,266.23
434500.0,3185500.0,122.32884,28.79537,12,177.12,31.55
446500.0,3194500.0,122.45137,28.87716,12,10.43,124.17
443500.0,3229500.0,122.41884,29.19292,12,152.18,38345.1
447500.0,3236500.0,122.45965,29.25627,12,106.29,407.91
416500.0,3251500.0,122.13948,29.38997,12,105.95,3.12
441500.0,3279500.0,122.3956,29.64408,12,21.36,111.47
440500.0,3270500.0,122.38577,29.56281,12,147.47,61.16
497500.0,3255500.0,122.97423,29.42885,12,141.82,306.42
460500.0,3289500.0,122.59153,29.73508,12,49.98,11.01
497500.0,3273500.0,122.97418,29.5913,12,170.54,543.11
469500.0,3271500.0,122.68511,29.57288,12,177.79,4.21
488500.0,3332500.0,122.88062,30.12371,12,77.63,1.92
543500.0,3226500.0,123.44733,29.16636,12,9.0,246652.91
522500.0,3217500.0,123.2312,29.08568,12,81.75,627.03
504500.0,3220500.0,123.04625,29.11295,12,27.07,3482.96
531500.0,3248500.0,123.32456,29.36528,12,1.39,28488.92
517500.0,3261500.0,123.18052,29.48288,12,98.4,127.34
524500.0,3279500.0,123.25313,29.64521,12,148.84,701.72
528500.0,3276500.0,123.29438,29.61805,12,151.17,1442614.42
511500.0,3330500.0,123.11936,30.10567,12,2.61,28233.05
517500.0,3341500.0,123.18182,30.20486,12,169.03,25.57
287500.0,3327500.0,120.79567,30.06016,12,145.17,24.94
384500.0,3191500.0,121.81596,28.846,12,136.45,30415.15
386500.0,3332500.0,121.82184,30.11848,12,50.08,190.66
397500.0,3349500.0,121.93435,30.27285,12,99.38,656.14
419500.0,3186500.0,122.17508,28.80355,12,105.9,61.33
420500.0,3188500.0,122.18519,28.82166,12,48.65,8.99
449500.0,3308500.0,122.4769,29.90614,12,151.57,2.87
484500.0,3142500.0,122.84175,28.40881,12,154.13,317046.01
476500.0,3159500.0,122.75973,28.56214,12,75.07,35056.65
462500.0,3159500.0,122.6166,28.56181,12,34.32,240.09
461500.0,3159500.0,122.60637,28.56179,12,26.38,523.43
483500.0,3206500.0,122.83062,28.98648,12,163.54,35287.03
482500.0,3205500.0,122.82037,28.97744,12,162.98,6729.41
494500.0,3223500.0,122.94346,29.14002,12,45.96,1294.12
495500.0,3221500.0,122.95374,29.12197,12,45.26,2683.27
478500.0,3239500.0,122.77865,29.28426,12,170.55,341.45
481500.0,3260500.0,122.80918,29.47384,12,153.17,1342.37
461500.0,3287500.0,122.60195,29.71706,12,137.77,2308.89
474500.0,3291500.0,122.73626,29.75349,12,81.85,4.77
503500.0,3171500.0,123.03582,28.67067,12,154.62,1030458.86
535500.0,3170500.0,123.3633,28.66116,12,152.0,35204.63
515500.0,3206500.0,123.15912,28.9865,12,156.51,25379.85
506500.0,3254500.0,123.06701,29.41981,12,158.5,1801.38
507500.0,3269500.0,123.07742,29.55518,12,158.78,3778.57
530500.0,3308500.0,123.31594,29.9068,12,166.13,67.48
552500.0,3236500.0,123.54035,29.25627,12,47.33,78490.47
445500.0,3175500.0,122.44203,28.70563,12,148.32,90403.32
445500.0,3174500.0,122.44208,28.6966,12,148.71,76454.06
405500.0,3189500.0,122.03138,28.82967,12,72.51,43.71
411500.0,3302500.0,122.0838,29.84985,12,59.4,30.85
457500.0,3191500.0,122.56428,28.8505,12,58.22,380.97
478500.0,3217500.0,122.77908,29.08569,12,154.85,890.13
481500.0,3269500.0,122.80903,29.55507,12,166.38,1627.54
465500.0,3274500.0,122.64371,29.59985,12,48.32,176.65
481500.0,3324500.0,122.80809,30.05143,12,98.78,2.76
541500.0,3291500.0,123.42922,29.75306,12,120.76,175.66
512500.0,3333500.0,123.12978,30.13273,12,160.46,69.2
538500.0,3346500.0,123.40018,30.2495,12,33.84,7.07
508500.0,3328500.0,123.08821,30.08764,12,21.81,1026.29
507500.0,3337500.0,123.07789,30.16887,12,163.56,2317.58
546500.0,3345500.0,123.48329,30.24019,12,166.72,3670.47
378500.0,3220500.0,121.75133,29.10714,12,172.2,593.61
416500.0,3174500.0,122.14522,28.69505,12,127.51,3914.99
415500.0,3173500.0,122.13506,28.68596,12,126.27,1340.88
408500.0,3210500.0,122.06042,29.01941,12,96.69,852.59
365500.0,3177500.0,121.62289,28.71782,12,52.09,1.96
376500.0,3204500.0,121.73254,28.96257,12,12.23,7384.8
371500.0,3195500.0,121.68227,28.88086,12,173.01,8.89
398500.0,3313500.0,121.94819,29.9481,12,36.41,12.31
372500.0,3326500.0,121.67726,30.06297,12,150.5,787.68
422500.0,3150500.0,122.20826,28.47881,12,120.58,17.25
433500.0,3232500.0,122.31581,29.21951,12,69.21,56.86
405500.0,3208500.0,122.02979,29.00114,12,12.04,259.5
415500.0,3210500.0,122.13229,29.01989,12,168.28,2.86
460500.0,3324500.0,122.59024,30.05093,12,97.71,454.38
547500.0,3329500.0,123.49297,30.09577,12,131.98,6.15
382500.0,3183500.0,121.79629,28.77363,12,170.71,904.89
403500.0,3241500.0,122.00639,29.2988,12,90.29,13.4
406500.0,3344500.0,122.02835,30.22846,12,65.81,5040.03
473500.0,3213500.0,122.7278,29.0495,12,66.47,146.09
473500.0,3212500.0,122.72782,29.04047,12,144.58,484.0
473500.0,3217500.0,122.7277,29.0856,12,152.29,8799.08
491500.0,3238500.0,122.9125,29.27539,12,60.66,21.22
477500.0,3346500.0,122.76613,30.2499,12,35.9,1544.1
544500.0,3289500.0,123.46017,29.73491,12,52.06,2944.15
539500.0,3286500.0,123.40836,29.708,12,25.64,5.44
379500.0,3187500.0,121.76514,28.80945,12,155.84,2105.33
402500.0,3264500.0,121.99406,29.50627,12,22.79,57.02
433500.0,3154500.0,122.3204,28.51552,12,57.45,422.28
405500.0,3271500.0,122.0244,29.56967,12,106.33,46.1
432500.0,3313500.0,122.30049,29.95045,12,123.69,1.8
477500.0,3232500.0,122.7685,29.22106,12,156.34,2691.27
526500.0,3231500.0,123.27263,29.21196,12,130.25,565.57
529500.0,3278500.0,123.30476,29.63608,12,158.74,1668.81
505500.0,3276500.0,123.05681,29.61837,12,132.91,235.41
549500.0,3283500.0,123.5116,29.68057,12,82.13,176.92
549500.0,3307500.0,123.5127,29.89716,12,47.11,5.26
352500.0,3175500.0,121.49008,28.69835,12,13.86,13.14
373500.0,3173500.0,121.70523,28.68253,12,135.82,102.67
394500.0,3163500.0,121.92106,28.59417,12,167.06,6.24
394500.0,3190500.0,121.91856,28.83784,12,102.1,4.6
392500.0,3192500.0,121.89787,28.85572,12,64.2,62.78
401500.0,3341500.0,121.97668,30.20099,12,20.46,49753.23
445500.0,3180500.0,122.44179,28.75076,12,54.65,640.04
448500.0,3178500.0,122.47261,28.73283,12,61.14,148.41
429500.0,3207500.0,122.27623,28.99367,12,57.58,523.27
451500.0,3186500.0,122.50299,28.80515,12,149.19,971.97
405500.0,3215500.0,122.0292,29.06431,12,22.85,2155.4
424500.0,3341500.0,122.21561,30.20264,12,129.01,44.74
455500.0,3196500.0,122.54358,28.89556,12,145.39,524.72
471500.0,3199500.0,122.70761,28.92309,12,57.09,103.4
460500.0,3230500.0,122.59366,29.20259,12,81.37,56544.08
494500.0,3241500.0,122.94337,29.30248,12,121.0,44.01
476500.0,3287500.0,122.75703,29.71743,12,117.98,76.41
464500.0,3274500.0,122.63339,29.59982,12,145.96,19.19
472500.0,3296500.0,122.71544,29.79857,12,44.19,154.35
490500.0,3327500.0,122.90142,30.07861,12,148.73,10.71
519500.0,3151500.0,123.19924,28.49,12,143.94,18508.22
508500.0,3174500.0,123.08702,28.69773,12,147.91,658630.7
512500.0,3179500.0,123.12802,28.74282,12,170.04,510.41
512500.0,3265500.0,123.12899,29.51904,12,156.88,828.67
502500.0,3333500.0,123.02596,30.13279,12,132.02,217.91
505500.0,3335500.0,123.05711,30.15083,12,150.33,112.22
550500.0,3200500.0,123.51814,28.93144,12,36.05,6047737.69
390500.0,3150500.0,121.8814,28.47652,12,93.48,3.32
379500.0,3329500.0,121.74953,30.09074,12,101.92,541.11
406500.0,3146500.0,122.04515,28.44166,12,68.79,75.9
432500.0,3168500.0,122.30936,28.64183,12,81.78,130.24
449500.0,3179500.0,122.4828,28.7419,12,71.87,215.15
415500.0,3205500.0,122.13267,28.97477,12,133.44,2269.99
423500.0,3273500.0,122.21007,29.58895,12,56.03,1.86
467500.0,3193500.0,122.66675,28.86884,12,150.27,42673.61
452500.0,3193500.0,122.51294,28.86837,12,74.62,222.74
471500.0,3225500.0,122.70695,29.15776,12,163.96,83988.97
453500.0,3272500.0,122.51988,29.58141,12,68.5,3.07
480500.0,3287500.0,122.79839,29.7175,12,129.07,2860.84
466500.0,3304500.0,122.65311,29.87062,12,4.71,3878.13
452500.0,3327500.0,122.50712,30.07772,12,153.86,64.39
464500.0,3348500.0,122.63093,30.26764,12,164.36,2730.53
504500.0,3200500.0,123.04617,28.93243,12,87.77,1586.57
501500.0,3316500.0,123.01555,29.97937,12,9.09,4.06
514500.0,3330500.0,123.1505,30.10563,12,129.91,272.52
513500.0,3327500.0,123.14008,30.07857,12,95.16,176.26
512500.0,3327500.0,123.12971,30.07858,12,161.52,496.61
376500.0,3354500.0,121.71548,30.316,12,28.69,4.93
371500.0,3152500.0,121.68712,28.49283,12,3.2,8.93
399500.0,3152500.0,121.97315,28.49529,12,58.34,4.05
399500.0,3150500.0,121.97333,28.47724,12,131.15,1.7
375500.0,3178500.0,121.72515,28.72785,12,77.0,143.28
373500.0,3177500.0,121.70478,28.71863,12,172.88,46.73
380500.0,3160500.0,121.77822,28.56588,12,37.96,282.94
379500.0,3183500.0,121.76557,28.77335,12,69.45,2.95
375500.0,3215500.0,121.72106,29.06173,12,34.98,7.03
397500.0,3209500.0,121.94757,29.00955,12,76.51,5.13
402500.0,3237500.0,121.99645,29.26262,12,62.55,68.11
381500.0,3280500.0,121.77569,29.64883,12,26.29,2.41
429500.0,3151500.0,122.27971,28.48824,12,144.2,380.0
440500.0,3165500.0,122.39136,28.61515,12,147.7,1758.8
439500.0,3184500.0,122.38013,28.78659,12,43.58,8.71
435500.0,3182500.0,122.33926,28.76835,12,81.05,593.35
440500.0,3190500.0,122.39006,28.84079,12,169.26,70623.99
438500.0,3204500.0,122.36879,28.96706,12,163.49,1265.53
415500.0,3218500.0,122.13169,29.09209,12,33.8,2.6
402500.0,3209500.0,121.9989,29.00994,12,29.4,1.19
415500.0,3219500.0,122.13161,29.10112,12,78.29,34.87
415500.0,3217500.0,122.13177,29.08307,12,164.29,1.97
403500.0,3250500.0,122.00561,29.38001,12,130.43,416.06
410500.0,3237500.0,122.07879,29.26322,12,42.09,261.86
444500.0,3274500.0,122.42685,29.59909,12,59.78,2.6
420500.0,3268500.0,122.17946,29.54365,12,104.09,2.12
447500.0,3323500.0,122.45544,30.04142,12,85.47,65.74
476500.0,3156500.0,122.75979,28.53506,12,151.58,831.09
477500.0,3162500.0,122.7699,28.58924,12,121.99,123.53
496500.0,3217500.0,122.96404,29.08587,12,148.04,2644.61
499500.0,3211500.0,122.99486,29.03172,12,61.49,48.6
474500.0,3243500.0,122.73738,29.32029,12,162.52,1081.56
471500.0,3308500.0,122.70478,29.90685,12,64.43,34496.44
488500.0,3326500.0,122.88068,30.06957,12,178.24,23.16
518500.0,3175500.0,123.18941,28.70665,12,160.88,19650.71
539500.0,3199500.0,123.40524,28.9228,12,145.88,1133074.75
507500.0,3193500.0,123.07691,28.86923,12,165.84,847.61
545500.0,3203500.0,123.46696,28.9587,12,155.21,2901.13
547500.0,3200500.0,123.48736,28.93155,12,173.83,152719.97
501500.0,3185500.0,123.01537,28.79704,12,153.33,85363.85
548500.0,3208500.0,123.49796,29.00372,12,155.84,575.87
507500.0,3240500.0,123.07722,29.29345,12,9.2,439.36
501500.0,3252500.0,123.01546,29.40177,12,2.23,1455410708.22
541500.0,3288500.0,123.42911,29.72599,12,45.0,129.82
530500.0,3288500.0,123.31537,29.72631,12,87.37,9040.97
539500.0,3283500.0,123.40825,29.68093,12,164.95,172884.28
525500.0,3313500.0,123.26426,29.95204,12,168.17,242.13
520500.0,3301500.0,123.21222,29.84383,12,41.56,20.5
553500.0,3262500.0,123.55191,29.49088,12,159.43,591943.23
293500.0,3316500.0,120.86001,29.96199,12,95.16,2487.03
383500.0,3166500.0,121.80828,28.6203,12,130.45,357.24
388500.0,3177500.0,121.85834,28.72001,12,123.01,328993.54
392500.0,3180500.0,121.89901,28.74743,12,75.58,9.56
386500.0,3193500.0,121.83626,28.86423,12,84.11,126392.03
386500.0,3204500.0,121.83515,28.9635,12,7.29,2842.41
371500.0,3217500.0,121.67975,29.07938,12,119.21,145.1
393500.0,3212500.0,121.90622,29.03629,12,135.28,337.99
392500.0,3212500.0,121.89595,29.03621,12,38.99,71534.76
397500.0,3341500.0,121.93513,30.20066,12,147.73,255907.29
409500.0,3142500.0,122.0761,28.40577,12,11.47,415.81
403500.0,3155500.0,122.01376,28.52267,12,1.4,3.7
446500.0,3170500.0,122.4525,28.66054,12,147.92,418607.23
435500.0,3164500.0,122.34028,28.60588,12,75.35,279.34
413500.0,3165500.0,122.1152,28.61363,12,56.05,2.51
438500.0,3175500.0,122.37037,28.70531,12,72.17,4.53
427500.0,3197500.0,122.25635,28.9033,12,105.56,220.55
434500.0,3191500.0,122.32849,28.84953,12,52.98,3.83
446500.0,3191500.0,122.45151,28.85008,12,87.46,90.22
422500.0,3232500.0,122.20264,29.21889,12,43.42,3.36
419500.0,3246500.0,122.17076,29.34504,12,24.82,42.33
433500.0,3252500.0,122.3146,29.40001,12,63.41,7.57
424500.0,3262500.0,122.22116,29.48975,12,111.97,17854.98
433500.0,3240500.0,122.31533,29.29171,12,70.28,10.04
404500.0,3248500.0,122.01608,29.36204,12,92.63,4.94
407500.0,3237500.0,122.04791,29.263,12,143.94,131475.82
428500.0,3263500.0,122.26235,29.49901,12,155.37,2.11
426500.0,3256500.0,122.24219,29.43572,12,61.89,81.15
440500.0,3293500.0,122.3845,29.77037,12,21.49,1.79
496500.0,3254500.0,122.96392,29.41982,12,48.13,32.85
459500.0,3317500.0,122.58014,29.98773,12,52.43,3.4
455500.0,3331500.0,122.53808,30.11393,12,160.24,191.74
489500.0,3319500.0,122.89113,30.0064,12,43.11,5.45
486500.0,3327500.0,122.85992,30.07857,12,153.4,5.31
544500.0,3288500.0,123.46013,29.72588,12,42.63,1.54
512500.0,3290500.0,123.12927,29.74467,12,57.43,28.65
511500.0,3275500.0,123.11877,29.6093,12,133.21,3.72
532500.0,3304500.0,123.33653,29.87065,12,23.18,1479466.81
512500.0,3291500.0,123.12929,29.75369,12,13.74,49.24
524500.0,3341500.0,123.25455,30.20474,12,66.01,3.81
518500.0,3337500.0,123.19214,30.16875,12,147.85,5263.71
508500.0,3339500.0,123.0883,30.18691,12,41.99,14.67
526500.0,3353500.0,123.27563,30.31299,12,70.52,86.9
530500.0,3347500.0,123.31706,30.25875,12,135.78,11655335.64
556500.0,3164500.0,123.5779,28.60626,12,144.98,27258.36
555500.0,3162500.0,123.56758,28.58825,12,144.64,1576233.21
333500.0,3181500.0,121.29477,28.75018,12,52.42,27.49
387500.0,3171500.0,121.84869,28.66578,12,90.51,25.83
369500.0,3173500.0,121.6643,28.68214,12,64.12,9.92
392500.0,3156500.0,121.90126,28.53083,12,4.89,3.37
376500.0,3195500.0,121.73353,28.88135,12,104.33,152.22
387500.0,3198500.0,121.84601,28.90944,12,149.54,62.81
398500.0,3183500.0,121.96018,28.77499,12,8.73,168.08
383500.0,3181500.0,121.80674,28.75567,12,135.88,5.55
364500.0,3226500.0,121.60675,29.15986,12,172.95,95.65
405500.0,3142500.0,122.03527,28.40549,12,166.66,414.6
420500.0,3172500.0,122.18631,28.67725,12,10.94,405.07
429500.0,3200500.0,122.27667,28.93049,12,122.23,288.43
440500.0,3189500.0,122.39011,28.83177,12,178.44,5.13
438500.0,3195500.0,122.36928,28.88583,12,61.06,21.12
441500.0,3260500.0,122.39662,29.47261,12,79.91,115.81
433500.0,3266500.0,122.31375,29.52636,12,134.53,1.8
452500.0,3197500.0,122.51277,28.90448,12,112.85,47.0
471500.0,3224500.0,122.70697,29.14874,12,164.12,1757.84
467500.0,3216500.0,122.66608,29.07643,12,161.61,1150.71
490500.0,3256500.0,122.90205,29.43784,12,74.54,98.48
464500.0,3249500.0,122.6342,29.3742,12,160.2,55.85
478500.0,3253500.0,122.77838,29.41061,12,3.17,427.46
499500.0,3294500.0,122.99483,29.78083,12,8.92,3.18
469500.0,3299500.0,122.68432,29.82558,12,50.72,152.23
498500.0,3316500.0,122.98445,29.97937,12,123.58,166.84
457500.0,3328500.0,122.55896,30.08693,12,129.9,427.18
503500.0,3240500.0,123.03604,29.29346,12,11.83,204.9
532500.0,3248500.0,123.33486,29.36525,12,152.6,343.84
506500.0,3262500.0,123.06706,29.49201,12,175.68,1658.99
503500.0,3293500.0,123.03621,29.7718,12,77.19,92.94
512500.0,3303500.0,123.12943,29.86199,12,163.03,1.78
526500.0,3333500.0,123.27513,30.1325,12,172.19,1935.26
553500.0,3300500.0,123.55378,29.83382,12,63.59,70.19
555500.0,3340500.0,123.57657,30.1947,12,19.66,1.5
415500.0,3167500.0,122.13551,28.63181,12,85.3,1.94
428500.0,3187500.0,122.26724,28.81311,12,118.94,10.56
425500.0,3191500.0,122.23623,28.84904,12,65.01,1093.32
433500.0,3189500.0,122.31836,28.83143,12,118.68,2.78
449500.0,3234500.0,122.48033,29.2383,12,64.65,70.98
438500.0,3255500.0,122.36596,29.42734,12,76.47,2.64
427500.0,3294500.0,122.24997,29.7787,12,57.46,1377957992.83
465500.0,3158500.0,122.6473,28.55287,12,177.14,147661.26
484500.0,3160500.0,122.84151,28.57129,12,147.99,142963.45
477500.0,3184500.0,122.76946,28.78782,12,170.51,179.57
453500.0,3204500.0,122.52274,28.96769,12,175.62,2.29
454500.0,3215500.0,122.53255,29.06701,12,132.33,863.59
474500.0,3222500.0,122.73786,29.13075,12,161.63,2978.74
463500.0,3221500.0,122.62482,29.12145,12,157.33,396.22
492500.0,3263500.0,122.92262,29.50103,12,110.05,2.14
498500.0,3281500.0,122.9845,29.6635,12,57.38,829.7
461500.0,3305500.0,122.6013,29.8795,12,102.6,2.31
506500.0,3195500.0,123.06666,28.88729,12,153.79,282091.73
547500.0,3234500.0,123.4888,29.23842,12,11.18,139.24
542500.0,3301500.0,123.43996,29.84327,12,174.92,1029.63
515500.0,3321500.0,123.16075,30.0244,12,71.31,12.14
523500.0,3351500.0,123.24438,30.295,12,46.57,360.21
389500.0,3148500.0,121.87138,28.45838,12,18.78,41.09
376500.0,3161500.0,121.73722,28.57453,12,33.87,26.13
386500.0,3176500.0,121.83796,28.71081,12,179.67,64.38
374500.0,3155500.0,121.71744,28.5202,12,12.16,33.52
384500.0,3181500.0,121.81698,28.75576,12,14.07,10.54
370500.0,3222500.0,121.6689,29.1244,12,165.01,2.56
379500.0,3345500.0,121.74771,30.2351,12,3.93,11.05
413500.0,3161500.0,122.1155,28.57753,12,32.45,1.58
414500.0,3172500.0,122.1249,28.67687,12,84.66,15.35
429500.0,3206500.0,122.2763,28.98464,12,153.62,110.06
425500.0,3189500.0,122.23636,28.83099,12,152.02,14.32
417500.0,3225500.0,122.15172,29.1554,12,135.91,346.58
431500.0,3229500.0,122.29542,29.19233,12,117.38,12.6
422500.0,3219500.0,122.20355,29.10156,12,74.47,5.16
420500.0,3242500.0,122.18135,29.30901,12,27.76,33.54
438500.0,3238500.0,122.36691,29.27392,12,140.24,28.77
437500.0,3268500.0,122.35491,29.54461,12,77.21,96.28
444500.0,3344500.0,122.42322,30.23079,12,73.41,12.45
450500.0,3336500.0,122.48595,30.15886,12,89.97,67.49
438500.0,3333500.0,122.36151,30.13124,12,121.04,376.65
493500.0,3230500.0,122.93313,29.20319,12,58.95,7.08
498500.0,3254500.0,122.98454,29.41982,12,32.96,10.85
477500.0,3290500.0,122.76731,29.74453,12,155.85,2.11
461500.0,3274500.0,122.60241,29.59973,12,152.39,468.73
498500.0,3306500.0,122.98446,29.88913,12,129.81,3.15
477500.0,3298500.0,122.76714,29.81672,12,6.74,2.4
471500.0,3302500.0,122.70494,29.8527,12,122.8,361.91
458500.0,3340500.0,122.56887,30.19525,12,151.35,50.97
458500.0,3339500.0,122.56891,30.18623,12,94.46,192.85
507500.0,3241500.0,123.07723,29.30247,12,113.84,314861.17
503500.0,3262500.0,123.03611,29.49202,12,26.25,514.04
503500.0,3261500.0,123.0361,29.483,12,22.19,1247.76
514500.0,3268500.0,123.14966,29.54609,12,72.06,12.66
502500.0,3268500.0,123.0258,29.54618,12,89.98,743.14
516500.0,3264500.0,123.17025,29.50997,12,45.88,202.46
503500.0,3268500.0,123.03613,29.54617,12,24.15,762.25
504500.0,3265500.0,123.04644,29.51909,12,177.63,377.59
505500.0,3274500.0,123.0568,29.60032,12,36.98,51.23
505500.0,3305500.0,123.05696,29.88009,12,158.57,107.5
509500.0,3294500.0,123.09828,29.78079,12,59.61,2.62
528500.0,3318500.0,123.29549,29.99709,12,153.46,11.29
530500.0,3350500.0,123.31715,30.28582,12,23.57,257.4
372500.0,3150500.0,121.69755,28.47488,12,142.61,26.68
392500.0,3169500.0,121.90004,28.64816,12,24.36,270.39
402500.0,3164500.0,122.00278,28.60382,12,169.07,366.9
412500.0,3162500.0,122.1052,28.58648,12,166.1,18.1
432500.0,3206500.0,122.30709,28.98481,12,158.64,2.29
436500.0,3205500.0,122.34821,28.97599,12,59.02,34.32
433500.0,3206500.0,122.31736,28.98486,12,137.1,186.96
427500.0,3233500.0,122.25401,29.22821,12,10.07,14.5
439500.0,3215500.0,122.37846,29.06639,12,143.14,420.62
441500.0,3257500.0,122.39678,29.44553,12,131.03,174.43
438500.0,3262500.0,122.36557,29.49051,12,87.61,330.96
433500.0,3246500.0,122.31496,29.34586,12,128.26,452.7
429500.0,3248500.0,122.27363,29.36369,12,5.37,19.33
446500.0,3343500.0,122.44406,30.22186,12,34.93,1.21
486500.0,3155500.0,122.86202,28.52618,12,162.24,3935.7
468500.0,3209500.0,122.67655,29.01328,12,107.47,10.39
470500.0,3211500.0,122.69703,29.03138,12,161.89,1433.77
475500.0,3215500.0,122.7483,29.06759,12,173.51,863.03
454500.0,3208500.0,122.53284,29.00383,12,85.45,15.88
496500.0,3253500.0,122.96392,29.41079,12,43.98,28.18
491500.0,3246500.0,122.91244,29.34759,12,85.65,205.85
455500.0,3312500.0,122.53888,29.94247,12,166.68,266.8
466500.0,3294500.0,122.65342,29.78038,12,174.36,488.94
467500.0,3292500.0,122.66383,29.76235,12,19.9,57.45
493500.0,3345500.0,122.93244,30.24107,12,155.62,81.95
453500.0,3331500.0,122.51732,30.11386,12,4.28,96.5
531500.0,3154500.0,123.32192,28.51684,12,176.08,47150.58
501500.0,3260500.0,123.01547,29.47398,12,127.07,401.95
513500.0,3274500.0,123.13942,29.60026,12,176.59,3.38
528500.0,3285500.0,123.29461,29.69928,12,99.36,3.8
531500.0,3317500.0,123.32656,29.988,12,132.51,42.16
527500.0,3298500.0,123.28461,29.81662,12,7.33,3.78
543500.0,3332500.0,123.45158,30.12299,12,138.81,6.42
526500.0,3325500.0,123.27493,30.06031,12,5.43,1063.29
557500.0,3259500.0,123.59301,29.46363,12,174.71,6426.59
551500.0,3295500.0,123.53284,29.78878,12,174.82,2215.67
554500.0,3341500.0,123.56623,30.20377,12,149.21,279.34
556500.0,3337500.0,123.58679,30.16758,12,175.36,2448406096.51
471500.0,3197500.0,122.70766,28.90504,12,75.53,71.32
480500.0,3202500.0,122.79989,28.95034,12,175.74,3160776863.76
495500.0,3200500.0,122.95383,28.93243,12,82.72,72.31
495500.0,3198500.0,122.95384,28.91437,12,174.42,897.2
457500.0,3304500.0,122.55992,29.87035,12,48.21,1.64
511500.0,3171500.0,123.1177,28.67062,12,149.66,11690.69
547500.0,3231500.0,123.48867,29.21134,12,5.4,27480.72
547500.0,3229500.0,123.48859,29.19329,12,5.98,51889.65
511500.0,3253500.0,123.11854,29.41075,12,158.04,41.67
503500.0,3253500.0,123.03608,29.41079,12,1.22,43.34
505500.0,3277500.0,123.05681,29.62739,12,169.02,3.28
519500.0,3282500.0,123.20152,29.67238,12,170.64,16701.78
539500.0,3308500.0,123.40916,29.90654,12,44.2,320.95
379500.0,3179500.0,121.76599,28.73725,12,132.38,23.96
385500.0,3177500.0,121.82763,28.71975,12,107.44,210.38
409500.0,3148500.0,122.07563,28.45992,12,173.36,575.77
414500.0,3153500.0,122.12632,28.50539,12,105.93,89.48
429500.0,3172500.0,122.27842,28.67778,12,13.67,112.42
445500.0,3191500.0,122.44126,28.85004,12,164.6,112.66
429500.0,3203500.0,122.27649,28.95757,12,12.01,1.87
440500.0,3219500.0,122.38852,29.10253,12,90.84,161.77
425500.0,3257500.0,122.23181,29.44468,12,60.45,3.14
421500.0,3265500.0,122.19,29.51664,12,112.17,11.98
494500.0,3231500.0,122.94342,29.21222,12,178.28,287.59
494500.0,3228500.0,122.94343,29.18515,12,8.71,501.51
494500.0,3225500.0,122.94345,29.15807,12,0.77,161.31
492500.0,3262500.0,122.92263,29.492,12,174.34,1179.48
499500.0,3282500.0,122.99483,29.67253,12,56.11,41.8
478500.0,3304500.0,122.77737,29.87089,12,172.12,2252.59
469500.0,3305500.0,122.68415,29.87973,12,101.28,3.99
461500.0,3291500.0,122.6018,29.75316,12,174.0,10.61
494500.0,3335500.0,122.94289,30.15083,12,151.86,74.69
524500.0,3169500.0,123.25071,28.65239,12,140.22,15423.36
513500.0,3186500.0,123.13835,28.806,12,137.64,31432.07
519500.0,3206500.0,123.20018,28.98644,12,104.36,15.7
514500.0,3206500.0,123.14885,28.98651,12,171.75,6950329974.53
514500.0,3207500.0,123.14886,28.99553,12,171.97,6539473749.8
518500.0,3246500.0,123.19058,29.34748,12,173.27,392.27
506500.0,3265500.0,123.06707,29.51909,12,51.24,2029.37
543500.0,3277500.0,123.44935,29.62664,12,75.53,32.82
502500.0,3275500.0,123.02582,29.60935,12,15.69,10.66
534500.0,3270500.0,123.35616,29.56375,12,118.36,401.58
502500.0,3273500.0,123.02582,29.5913,12,135.74,1.87
500500.0,3275500.0,123.00516,29.60935,12,21.14,22.73
523500.0,3308500.0,123.24343,29.90695,12,70.98,90.63
524500.0,3314500.0,123.25392,29.96108,12,24.35,138.95
547500.0,3320500.0,123.49256,30.01455,12,11.67,347.59
539500.0,3325500.0,123.40979,30.05996,12,6.35,945.18
539500.0,3328500.0,123.4099,30.08703,12,12.74,689.51
531500.0,3351500.0,123.32757,30.29482,12,21.0,52.56
556500.0,3248500.0,123.58213,29.3644,12,175.68,15199.99
552500.0,3299500.0,123.54338,29.82484,12,156.36,854.71
495500.0,3224500.0,122.95373,29.14905,12,154.87,1109.6
499500.0,3275500.0,122.99484,29.60935,12,134.6,10739.25
456500.0,3331500.0,122.54846,30.11397,12,74.77,1625.51
529500.0,3261500.0,123.3043,29.48265,12,161.76,154.81
553500.0,3344500.0,123.55599,30.23088,12,175.13,887.67
377500.0,3185500.0,121.74487,28.79121,12,30.18,79.99
396500.0,3280500.0,121.93064,29.65017,12,95.0,112.6
428500.0,3224500.0,122.26488,29.14704,12,37.97,25.1
446500.0,3330500.0,122.44472,30.10455,12,27.05,138.61
490500.0,3207500.0,122.90247,28.99558,12,175.98,7249.93
489500.0,3204500.0,122.89223,28.9685,12,4.41,2406.95
481500.0,3256500.0,122.80925,29.43774,12,158.29,14570.15
458500.0,3308500.0,122.57012,29.90648,12,150.27,1380.97
487500.0,3313500.0,122.87046,29.95224,12,57.94,54.51
484500.0,3331500.0,122.83911,30.11465,12,133.0,80.42
496500.0,3347500.0,122.96362,30.25913,12,19.58,12.26
504500.0,3214500.0,123.04623,29.05879,12,174.15,776.03
518500.0,3279500.0,123.19114,29.64532,12,111.27,644.09
547500.0,3268500.0,123.49027,29.54527,12,19.65,5.69
527500.0,3308500.0,123.28486,29.90687,12,47.18,270.12
508500.0,3302500.0,123.088,29.853,12,96.4,121.81
508500.0,3342500.0,123.08832,30.21398,12,138.29,273.3
543500.0,3343500.0,123.45203,30.22226,12,110.36,59.32
506500.0,3332500.0,123.06748,30.12375,12,130.62,486.63
536500.0,3320500.0,123.3785,30.01493,12,171.28,456.45
550500.0,3263500.0,123.521,29.50003,12,40.1,85.18
490500.0,3277500.0,122.90187,29.62737,12,64.15,2.27
493500.0,3294500.0,122.93275,29.78081,12,64.99,6.75
518500.0,3186500.0,123.18959,28.80594,12,138.8,31456.82
518500.0,3188500.0,123.18962,28.82399,12,111.66,116.15
528500.0,3262500.0,123.29401,29.4917,12,119.47,11.82
521500.0,3261500.0,123.22178,29.48282,12,116.76,465.98
512500.0,3236500.0,123.12866,29.2573,12,178.81,465358373.03
534500.0,3267500.0,123.35606,29.53668,12,159.25,4.44
502500.0,3274500.0,123.02582,29.60033,12,145.57,25.12
547500.0,3289500.0,123.49119,29.73479,12,112.16,42902.71
534500.0,3294500.0,123.35692,29.78035,12,17.51,2124.61
515500.0,3310500.0,123.16059,29.92513,12,33.42,68.62
517500.0,3300500.0,123.18115,29.83486,12,131.27,16.04
537500.0,3315500.0,123.38869,29.96978,12,156.67,37.17
529500.0,3292500.0,123.30514,29.76243,12,115.51,5497475878.37
531500.0,3294500.0,123.32589,29.78043,12,96.73,3330.31
480500.0,3161500.0,122.80059,28.58026,12,84.12,47322.43
484500.0,3259500.0,122.84014,29.46486,12,152.01,1611.74
507500.0,3142500.0,123.07657,28.40888,12,138.56,58739.94
504500.0,3156500.0,123.046,28.53527,12,149.04,26654.26
526500.0,3284500.0,123.27391,29.6903,12,178.46,49026.73
510500.0,3265500.0,123.10835,29.51906,12,141.0,8748.58
533500.0,3326500.0,123.34758,30.06916,12,32.44,16.66
551500.0,3346500.0,123.53531,30.24902,12,6.83,452608.21
441500.0,3339500.0,122.39233,30.18553,12,151.41,2149.37
535500.0,3226500.0,123.36506,29.16661,12,142.24,161583.4
522500.0,3231500.0,123.23148,29.21204,12,88.34,2080.78
537500.0,3239500.0,123.38607,29.28388,12,33.53,3870.85
529500.0,3238500.0,123.30368,29.27507,12,91.95,55.22
543500.0,3250500.0,123.44827,29.38297,12,7.2,30456.17
502500.0,3255500.0,123.02577,29.42885,12,114.67,620.05
518500.0,3251500.0,123.19066,29.39261,12,171.0,105026.65
540500.0,3266500.0,123.41795,29.52747,12,110.35,3668.29
533500.0,3271500.0,123.34587,29.5728,12,48.53,672.97
429500.0,3302500.0,122.27013,29.85101,11,152.86,233.2
494500.0,3298500.0,122.94308,29.81692,11,32.24,1250.32
483500.0,3316500.0,122.82896,29.97926,11,128.45,87.61
494500.0,3297500.0,122.94308,29.80789,11,74.38,2.56
477500.0,3310500.0,122.76689,29.92502,11,106.19,3.44
479500.0,3305500.0,122.7877,29.87993,11,89.45,299.59
461500.0,3307500.0,122.60123,29.89755,11,92.46,5.67
472500.0,3335500.0,122.71444,30.15053,11,26.33,24.85
480500.0,3321500.0,122.79777,30.02434,11,83.68,3570.96
519500.0,3301500.0,123.20187,29.84385,11,158.46,231.57
386500.0,3323500.0,121.8228,30.03728,11,106.11,1147.48
492500.0,3228500.0,122.92286,29.18514,11,53.37,31.35
473500.0,3277500.0,122.72626,29.62712,11,86.04,96.91
476500.0,3299500.0,122.75677,29.82573,11,177.87,1.75
478500.0,3298500.0,122.77749,29.81674,11,7.63,12.01
480500.0,3292500.0,122.7983,29.76263,11,57.51,4.49
493500.0,3344500.0,122.93245,30.23204,11,136.13,20.83
514500.0,3259500.0,123.14954,29.46487,11,69.68,57.97
502500.0,3262500.0,123.02579,29.49202,11,156.47,1191.39
514500.0,3260500.0,123.14956,29.47389,11,70.93,2.35
502500.0,3272500.0,123.02581,29.58228,11,101.82,1.29
504500.0,3272500.0,123.04646,29.58227,11,84.02,2.46
500500.0,3273500.0,123.00516,29.5913,11,110.55,8.55
504500.0,3301500.0,123.04658,29.844,11,80.24,5.61
500500.0,3299500.0,123.00518,29.82595,11,83.53,3.53
508500.0,3327500.0,123.0882,30.07862,11,31.24,5.62
503500.0,3338500.0,123.03635,30.17791,11,51.53,100.56
478500.0,3324500.0,122.77697,30.05138,11,120.05,41.29
524500.0,3230500.0,123.25203,29.20297,11,29.7,54.43
527500.0,3324500.0,123.28527,30.05126,11,130.42,1.96
408500.0,3144500.0,122.06573,28.42375,11,172.74,740.64
414500.0,3145500.0,122.12692,28.43318,11,139.65,45.55
417500.0,3158500.0,122.15661,28.55071,11,133.48,50.4
425500.0,3164500.0,122.238,28.60535,11,172.77,90.98
424500.0,3161500.0,122.22797,28.57821,11,68.69,175.09
439500.0,3208500.0,122.37884,29.00321,11,89.92,11.01
451500.0,3219500.0,122.50156,29.103,11,154.48,1.75
442500.0,3220500.0,122.40902,29.11165,11,24.64,5.93
432500.0,3233500.0,122.30546,29.22848,11,12.1,1242.48
432500.0,3234500.0,122.3054,29.23751,11,104.06,1.47
421500.0,3235500.0,122.19214,29.2459,11,7.94,7.28
411500.0,3251500.0,122.08795,29.38963,11,145.19,8.45
427500.0,3246500.0,122.25316,29.34553,11,34.79,15.32
421500.0,3241500.0,122.19171,29.30005,11,117.39,482.72
452500.0,3227500.0,122.5115,29.17524,11,143.84,7.98
495500.0,3287500.0,122.95347,29.71765,11,35.86,5.02
456500.0,3269500.0,122.55097,29.55445,11,103.15,402.32
452500.0,3268500.0,122.50973,29.54527,11,55.76,7.6
461500.0,3293500.0,122.60173,29.77121,11,156.43,1.37
490500.0,3316500.0,122.90152,29.97934,11,64.97,1.93
454500.0,3343500.0,122.52719,30.22218,11,39.18,123.99
528500.0,3288500.0,123.29469,29.72635,11,40.97,192.35
529500.0,3299500.0,123.30533,29.8256,11,111.5,4.78
532500.0,3311500.0,123.33675,29.93382,11,13.03,1954.51
534500.0,3347500.0,123.35864,30.25864,11,94.66,10.08
473500.0,3272500.0,122.72638,29.582,11,156.13,27.94
475500.0,3305500.0,122.74628,29.87986,11,153.29,11.62
470500.0,3224500.0,122.69669,29.14871,11,165.19,10059.65
522500.0,3292500.0,123.23273,29.76258,11,167.22,83.32
401500.0,3223500.0,121.9874,29.13621,11,109.29,22.77
447500.0,3203500.0,122.4612,28.95843,11,40.83,22.41
445500.0,3218500.0,122.43995,29.09373,11,82.47,7.22
447500.0,3217500.0,122.46055,29.08479,11,75.51,17.78
423500.0,3277500.0,122.20979,29.62505,11,116.37,12.17
441500.0,3295500.0,122.39474,29.78847,11,54.33,84.98
459500.0,3198500.0,122.58454,28.91374,11,158.5,425.68
480500.0,3323500.0,122.79773,30.04239,11,161.52,5.46
509500.0,3239500.0,123.0978,29.28441,11,91.64,4.23
384500.0,3144500.0,121.82072,28.42185,11,162.55,1209.17
376500.0,3273500.0,121.72484,29.58518,11,86.07,3.9
373500.0,3269500.0,121.69433,29.54879,11,52.8,42.96
412500.0,3177500.0,122.10405,28.72186,11,139.05,29.4
419500.0,3155500.0,122.17727,28.52376,11,56.64,12.31
420500.0,3215500.0,122.18328,29.06534,11,45.42,1.98
450500.0,3233500.0,122.49066,29.22932,11,69.48,1046.03
447500.0,3232500.0,122.45984,29.22017,11,118.14,112.79
443500.0,3254500.0,122.41756,29.41855,11,56.42,2.96
451500.0,3304500.0,122.49779,29.87012,11,99.69,52.81
442500.0,3314500.0,122.40407,29.95998,11,157.34,294.99
453500.0,3200500.0,122.5229,28.93159,11,75.01,55.59
392500.0,3149500.0,121.90192,28.46766,11,96.95,31.76
396500.0,3164500.0,121.94142,28.60336,11,18.12,34.23
379500.0,3184500.0,121.76546,28.78237,11,99.77,179.38
369500.0,3222500.0,121.65862,29.12429,11,33.17,2.06
445500.0,3161500.0,122.4427,28.57926,11,163.6,242.04
421500.0,3167500.0,122.19689,28.63219,11,77.9,7.53
420500.0,3221500.0,122.18285,29.11949,11,175.57,5.24
435500.0,3256500.0,122.33498,29.43621,11,173.16,101.32
415500.0,3281500.0,122.12685,29.66063,11,41.03,2.4
498500.0,3260500.0,122.98453,29.47398,11,64.05,312.75
472500.0,3289500.0,122.71562,29.7354,11,83.2,1.65
470500.0,3268500.0,122.69551,29.54583,11,159.74,11.86
486500.0,3269500.0,122.86065,29.55513,11,43.55,323.9
490500.0,3266500.0,122.90196,29.52809,11,4.5,131.34
474500.0,3315500.0,122.73569,29.97009,11,149.09,3.96
478500.0,3296500.0,122.77753,29.79869,11,66.57,2.84
485500.0,3310500.0,122.84977,29.92514,11,130.62,479.8
513500.0,3258500.0,123.13922,29.45585,11,71.12,65.04
503500.0,3305500.0,123.03625,29.8801,11,58.72,4.67
527500.0,3307500.0,123.28484,29.89785,11,31.53,680.62
517500.0,3320500.0,123.18147,30.01535,11,121.04,8362.9
399500.0,3186500.0,121.97016,28.80214,11,64.95,13.22
373500.0,3267500.0,121.69456,29.53074,11,33.58,205.02
420500.0,3208500.0,122.18378,29.00216,11,168.83,15.02
427500.0,3218500.0,122.25499,29.09283,11,107.02,51.97
442500.0,3228500.0,122.40861,29.18385,11,111.04,233.1
442500.0,3227500.0,122.40866,29.17483,11,146.91,1788.27
436500.0,3252500.0,122.34552,29.40017,11,84.5,3.77
440500.0,3264500.0,122.38609,29.50866,11,91.11,146.44
440500.0,3263500.0,122.38615,29.49964,11,84.54,10.79
451500.0,3312500.0,122.49743,29.94232,11,89.27,1.61
451500.0,3309500.0,122.49757,29.91525,11,92.8,22.45
422500.0,3294500.0,122.19824,29.7784,11,73.58,5.57
472500.0,3232500.0,122.71706,29.22096,11,164.25,703.7
470500.0,3223500.0,122.69672,29.13969,11,163.49,10854.36
468500.0,3231500.0,122.67593,29.21184,11,71.4,122.81
452500.0,3253500.0,122.51038,29.4099,11,55.8,102.72
486500.0,3243500.0,122.86097,29.32047,11,32.11,28.25
488500.0,3248500.0,122.88151,29.36562,11,63.21,12.2
483500.0,3259500.0,122.82983,29.46484,11,44.81,2.59
462500.0,3293500.0,122.61208,29.77124,11,116.64,363.61
461500.0,3299500.0,122.60152,29.82535,11,28.41,2.31
494500.0,3337500.0,122.94288,30.16888,11,174.21,2.36
516500.0,3287500.0,123.1706,29.71755,11,30.68,11.77
334500.0,3182500.0,121.30487,28.75933,11,151.0,30.37
399500.0,3243500.0,121.96503,29.31653,11,112.19,41.69
403500.0,3229500.0,122.00744,29.19051,11,64.96,82.49
466500.0,3267500.0,122.65426,29.5367,11,132.27,347.49
496500.0,3353500.0,122.9636,30.31327,11,100.56,39.98
515500.0,3204500.0,123.15909,28.96844,11,76.06,2744.38
504500.0,3260500.0,123.04641,29.47397,11,82.27,45.53
437500.0,3294500.0,122.35341,29.77925,11,112.66,8.85
452500.0,3175500.0,122.51369,28.70591,11,64.71,169.95
479500.0,3323500.0,122.78736,30.04238,11,150.92,1.93
478500.0,3329500.0,122.77687,30.09651,11,47.02,1133.77
516500.0,3268500.0,123.17031,29.54607,11,13.93,174.67
538500.0,3270500.0,123.39745,29.56363,11,49.95,2.28
514500.0,3296500.0,123.15004,29.7988,11,59.47,18.67
546500.0,3339500.0,123.48303,30.18605,11,60.92,3684.99
507500.0,3338500.0,123.0779,30.17789,11,79.3,39.89
470500.0,3250500.0,122.696,29.38338,11,158.2,371.0
502500.0,3264500.0,123.0258,29.51008,11,10.49,419.61
372500.0,3192500.0,121.69286,28.85389,11,126.81,56.48
417500.0,3160500.0,122.15647,28.56876,11,162.47,359.33
416500.0,3209500.0,122.14264,29.01093,11,23.14,11.53
482500.0,3239500.0,122.81983,29.28432,11,124.31,16.41
455500.0,3290500.0,122.53979,29.74393,11,167.39,1.39
455500.0,3283500.0,122.54008,29.68076,11,173.72,6.43
503500.0,3251500.0,123.03607,29.39274,11,89.63,1402.18
334500.0,3318500.0,121.28441,29.98625,11,107.21,105.84
328500.0,3323500.0,121.22143,30.03052,11,114.96,48.74
391500.0,3144500.0,121.89218,28.42245,11,15.26,23.68
426500.0,3145500.0,122.24944,28.43391,11,148.94,1615.08
430500.0,3164500.0,122.28914,28.60563,11,8.37,93.09
447500.0,3172500.0,122.46264,28.67863,11,146.23,10949.24
451500.0,3180500.0,122.50324,28.751,11,68.24,1193.97
453500.0,3182500.0,122.52364,28.76912,11,147.93,19080.26
463500.0,3269500.0,122.62323,29.55467,11,139.83,164.3
529500.0,3296500.0,123.30525,29.79853,11,65.85,2.59
519500.0,3333500.0,123.20245,30.13264,11,45.01,69.22
392500.0,3144500.0,121.90239,28.42253,11,142.95,53.24
501500.0,3230500.0,123.01543,29.20321,11,8.9,98.72
509500.0,3243500.0,123.09784,29.32051,11,127.69,1.35
393500.0,3189500.0,121.9084,28.82873,11,69.26,105.52
433500.0,3147500.0,122.32081,28.45234,11,55.92,82.91
439500.0,3151500.0,122.38187,28.48874,11,151.08,17388.67
442500.0,3165500.0,122.41182,28.61524,11,82.0,238.74
425500.0,3176500.0,122.23722,28.71366,11,60.71,19.97
451500.0,3183500.0,122.50311,28.77808,11,160.19,16773.11
431500.0,3186500.0,122.29804,28.80424,11,149.27,5.55
438500.0,3339500.0,122.36116,30.18538,11,134.27,1.46
492500.0,3206500.0,122.92301,28.98657,11,41.6,175.25
466500.0,3210500.0,122.65598,29.02225,11,160.42,2155.44
468500.0,3242500.0,122.67562,29.31112,11,154.42,252.35
542500.0,3208500.0,123.43636,29.00393,11,0.6,2.68
515500.0,3247500.0,123.15969,29.35655,11,15.83,354.81
511500.0,3282500.0,123.11885,29.67248,11,41.56,678.97
551500.0,3199500.0,123.52835,28.92237,11,31.61,11339.24
550500.0,3201500.0,123.51818,28.94046,11,37.12,10236.58
554500.0,3302500.0,123.56423,29.85182,11,75.28,530.27
392500.0,3327500.0,121.88461,30.07391,11,45.06,100.75
406500.0,3201500.0,122.04064,28.93804,11,152.02,13.06
451500.0,3182500.0,122.50316,28.76905,11,69.02,15.89
440500.0,3232500.0,122.38782,29.21986,11,149.78,958.2
405500.0,3236500.0,122.02741,29.25383,11,92.17,161.57
407500.0,3319500.0,122.04092,30.00296,11,109.09,128711.26
499500.0,3180500.0,122.99488,28.75191,11,59.94,49.34
478500.0,3258500.0,122.77828,29.45574,11,102.89,101.56
453500.0,3279500.0,122.51958,29.64459,11,125.14,1604.9
497500.0,3269500.0,122.97419,29.5552,11,131.34,19.12
463500.0,3346500.0,122.6206,30.24956,11,167.85,2968.62
545500.0,3201500.0,123.46688,28.94065,11,159.14,28954.67
508500.0,3205500.0,123.08725,28.97754,11,82.22,64.0
516500.0,3291500.0,123.17066,29.75365,11,169.54,5744.17
375500.0,3143500.0,121.72895,28.412,11,69.83,5.36
370500.0,3161500.0,121.67589,28.57395,11,128.97,101.79
368500.0,3165500.0,121.65498,28.60984,11,6.1,663.58
367500.0,3161500.0,121.64522,28.57365,11,171.29,592.25
400500.0,3160500.0,121.98267,28.56757,11,107.56,1.84
392500.0,3154500.0,121.90145,28.51278,11,122.06,3.1
382500.0,3197500.0,121.79484,28.89997,11,179.62,924.21
381500.0,3199500.0,121.78437,28.91792,11,175.47,2895.96
396500.0,3192500.0,121.93887,28.85605,11,117.52,3.31
379500.0,3191500.0,121.76472,28.84554,11,4.19,3442.92
395500.0,3200500.0,121.92788,28.92817,11,17.41,8.04
390500.0,3216500.0,121.87503,29.07214,11,93.04,30.46
402500.0,3258500.0,121.99459,29.45213,11,135.95,2.35
383500.0,3282500.0,121.79614,29.66706,11,39.04,2.94
402500.0,3328500.0,121.98826,30.08378,11,38.72,38.31
418500.0,3149500.0,122.16747,28.46954,11,50.0,5.15
431500.0,3153500.0,122.30002,28.50639,11,131.91,87.86
441500.0,3164500.0,122.40164,28.60617,11,150.71,22587.24
448500.0,3174500.0,122.47279,28.69673,11,162.41,1790.02
436500.0,3180500.0,122.34961,28.75035,11,90.37,2.52
417500.0,3202500.0,122.15342,28.94782,11,116.81,2.82
442500.0,3196500.0,122.41025,28.89504,11,161.26,193.93
404500.0,3220500.0,122.0185,29.10936,11,98.43,6.39
416500.0,3219500.0,122.14189,29.10118,11,3.37,2447.76
430500.0,3258500.0,122.2833,29.454,11,53.19,69.0
423500.0,3241500.0,122.2123,29.30017,11,127.59,296.81
434500.0,3260500.0,122.32443,29.47226,11,101.4,2.21
409500.0,3255500.0,122.06702,29.42558,11,154.14,4588.05
442500.0,3268500.0,122.40652,29.54485,11,54.48,4.55
493500.0,3150500.0,122.93359,28.4811,11,9.9,402.62
477500.0,3163500.0,122.76988,28.59827,11,109.44,1074.7
453500.0,3243500.0,122.52111,29.31969,11,97.91,48.02
453500.0,3237500.0,122.52136,29.26553,11,110.83,274.9
453500.0,3337500.0,122.51706,30.168,11,56.23,37.29
496500.0,3341500.0,122.96364,30.20498,11,4.43,1950.46
530500.0,3150500.0,123.3116,28.48076,11,115.89,71.6
527500.0,3258500.0,123.28359,29.45562,11,109.49,74.77
501500.0,3254500.0,123.01546,29.41982,11,178.87,2786.44
530500.0,3241500.0,123.31406,29.30212,11,100.13,2.63
500500.0,3250500.0,123.00515,29.38372,11,178.41,27720.79
505500.0,3264500.0,123.05675,29.51007,11,57.85,5.12
538500.0,3279500.0,123.39777,29.64486,11,162.13,2386.54
506500.0,3303500.0,123.0673,29.86204,11,40.75,3.0
525500.0,3320500.0,123.26443,30.01521,11,175.27,1233.91
399500.0,3149500.0,121.97341,28.46822,11,51.86,2.03
394500.0,3144500.0,121.9228,28.4227,11,106.47,3.96
395500.0,3172500.0,121.93046,28.67548,11,147.25,2.94
364500.0,3173500.0,121.61313,28.68162,11,136.05,246.85
390500.0,3204500.0,121.8762,28.96384,11,171.06,70.3
383500.0,3211500.0,121.80364,29.02639,11,2.0,16.15
403500.0,3271500.0,122.00376,29.56952,11,26.97,94.41
444500.0,3167500.0,122.43218,28.63338,11,130.07,3964.26
447500.0,3171500.0,122.46269,28.66961,11,147.83,317265.64
451500.0,3202500.0,122.5023,28.94957,11,78.98,2.59
411500.0,3184500.0,122.09327,28.78497,11,133.89,137.46
433500.0,3230500.0,122.31593,29.20146,11,35.33,23.25
428500.0,3239500.0,122.26391,29.28241,11,54.89,27.95
434500.0,3252500.0,122.32491,29.40006,11,100.41,6.98
428500.0,3252500.0,122.26307,29.39974,11,11.01,6.56
416500.0,3262500.0,122.13864,29.48924,11,157.55,3.06
438500.0,3268500.0,122.36523,29.54466,11,141.89,4.89
432500.0,3273500.0,122.303,29.58947,11,53.98,161.43
438500.0,3274500.0,122.36489,29.59881,11,176.05,3.9
443500.0,3321500.0,122.41406,30.02319,11,15.24,978.24
452500.0,3185500.0,122.51327,28.79617,11,160.06,3294.44
471500.0,3236500.0,122.70666,29.25704,11,60.34,3.34
456500.0,3317500.0,122.54904,29.98763,11,63.39,1.99
496500.0,3292500.0,122.9638,29.76278,11,73.99,11.09
480500.0,3336500.0,122.79749,30.15971,11,96.35,14.48
467500.0,3329500.0,122.6627,30.09626,11,58.51,4.74
486500.0,3319500.0,122.86002,30.00637,11,94.35,1.14
457500.0,3333500.0,122.55876,30.13205,11,109.67,1668.23
494500.0,3353500.0,122.94279,30.31327,11,25.42,1789.3
485500.0,3348500.0,122.84925,30.26807,11,31.06,12.53
514500.0,3223500.0,123.14907,29.13995,11,14.41,103.5
531500.0,3287500.0,123.32568,29.71726,11,83.8,19.6
504500.0,3279500.0,123.04649,29.64545,11,56.04,3.9
530500.0,3294500.0,123.31554,29.78045,11,73.01,4.02
517500.0,3291500.0,123.181,29.75363,11,65.93,1.49
510500.0,3292500.0,123.10861,29.76274,11,31.67,16.0
530500.0,3303500.0,123.3158,29.86168,11,129.76,298.5
523500.0,3296500.0,123.24317,29.79866,11,51.09,30.47
523500.0,3293500.0,123.2431,29.77158,11,61.11,9.54
390500.0,3173500.0,121.8792,28.68409,11,68.74,1.78
397500.0,3177500.0,121.95048,28.72076,11,117.78,59.6
391500.0,3173500.0,121.88943,28.68417,11,24.05,4.56
388500.0,3162500.0,121.8598,28.58464,11,89.18,441.28
396500.0,3182500.0,121.93978,28.7658,11,95.08,88.19
412500.0,3170500.0,122.10459,28.65869,11,146.09,6.08
413500.0,3170500.0,122.11482,28.65875,11,147.23,188.21
422500.0,3168500.0,122.20705,28.64127,11,119.04,61.61
444500.0,3231500.0,122.42903,29.21102,11,66.2,7.92
435500.0,3233500.0,122.33632,29.22864,11,67.36,330.04
413500.0,3213500.0,122.11153,29.04683,11,136.08,3.19
408500.0,3259500.0,122.05637,29.46161,11,162.33,293.44
446500.0,3257500.0,122.44834,29.44576,11,62.62,285.59
434500.0,3236500.0,122.32586,29.25567,11,166.87,13.47
444500.0,3259500.0,122.42762,29.46372,11,160.83,181.55
404500.0,3258500.0,122.01521,29.45228,11,108.41,16.47
426500.0,3284500.0,122.2403,29.6884,11,161.44,2.77
432500.0,3267500.0,122.30337,29.53533,11,92.99,15.27
451500.0,3311500.0,122.49748,29.93329,11,171.77,228.19
432500.0,3328500.0,122.29954,30.0858,11,1.97,35.71
451500.0,3197500.0,122.50251,28.90444,11,155.62,469.78
455500.0,3230500.0,122.54223,29.20243,11,156.53,248.48
489500.0,3214500.0,122.89214,29.05876,11,58.92,386.9
473500.0,3230500.0,122.72739,29.20293,11,160.64,4401.31
495500.0,3248500.0,122.95363,29.36566,11,159.58,3944.89
477500.0,3248500.0,122.76817,29.36547,11,167.23,2370.52
499500.0,3246500.0,122.99485,29.34762,11,125.13,51.93
495500.0,3236500.0,122.95368,29.25736,11,24.84,36.45
487500.0,3268500.0,122.87098,29.54612,11,14.58,20.86
480500.0,3316500.0,122.79786,29.97922,11,25.59,59.73
472500.0,3301500.0,122.71532,29.8437,11,58.83,43.01
481500.0,3305500.0,122.80842,29.87996,11,164.47,3.55
476500.0,3313500.0,122.75646,29.95208,11,118.36,2.66
491500.0,3294500.0,122.91206,29.7808,11,135.55,1.91
484500.0,3338500.0,122.839,30.17782,11,174.7,869.37
484500.0,3340500.0,122.83897,30.19586,11,145.37,100.34
484500.0,3342500.0,122.83894,30.21391,11,163.39,68.3
459500.0,3330500.0,122.57964,30.10505,11,134.45,104.21
459500.0,3351500.0,122.57884,30.29455,11,66.76,366.63
458500.0,3351500.0,122.56844,30.29452,11,97.5,162.07
525500.0,3232500.0,123.26237,29.22101,11,148.02,3801.15
501500.0,3245500.0,123.01545,29.33859,11,179.89,189.68
526500.0,3250500.0,123.27309,29.38344,11,153.25,3729.39
517500.0,3265500.0,123.18058,29.51898,11,91.36,96.29
526500.0,3334500.0,123.27515,30.14153,11,93.04,35.7
534500.0,3344500.0,123.35854,30.23157,11,161.0,5.14
538500.0,3348500.0,123.40026,30.26755,11,36.33,5.3
429500.0,3189500.0,122.27736,28.83121,11,168.79,502.07
470500.0,3262500.0,122.69567,29.49168,11,46.7,8.6
510500.0,3316500.0,123.10884,29.97933,11,38.51,21.28
352500.0,3265500.0,121.47818,29.51039,11,162.85,5.69
401500.0,3167500.0,121.99229,28.63082,11,88.43,59.89
393500.0,3177500.0,121.90953,28.72044,11,10.23,29.13
381500.0,3319500.0,121.77139,30.00072,11,47.26,95.59
383500.0,3322500.0,121.7918,30.02798,11,112.86,122.22
406500.0,3149500.0,122.04491,28.46874,11,119.19,1.45
427500.0,3182500.0,122.25731,28.76792,11,158.92,42.83
430500.0,3205500.0,122.28662,28.97567,11,42.18,3.62
410500.0,3192500.0,122.08239,28.8571,11,109.92,152.05
426500.0,3184500.0,122.24694,28.78592,11,92.69,99.6
410500.0,3196500.0,122.08207,28.8932,11,82.85,20.42
427500.0,3231500.0,122.25414,29.21016,11,17.91,3.1
448500.0,3227500.0,122.47036,29.17509,11,123.54,198.36
420500.0,3214500.0,122.18335,29.05631,11,33.32,38.59
413500.0,3230500.0,122.11021,29.20025,11,78.51,2.54
441500.0,3226500.0,122.39843,29.16576,11,73.25,73.5
430500.0,3255500.0,122.28349,29.42692,11,62.66,2.94
435500.0,3299500.0,122.33242,29.82427,11,159.21,111.27
467500.0,3230500.0,122.66567,29.20279,11,9.75,25.52
485500.0,3212500.0,122.85107,29.04066,11,2.0,7.58
465500.0,3229500.0,122.64513,29.19371,11,170.32,236.27
492500.0,3259500.0,122.92265,29.46493,11,118.84,999.91
486500.0,3251500.0,122.86087,29.39268,11,172.53,8.33
469500.0,3243500.0,122.68589,29.32017,11,43.37,562.33
460500.0,3245500.0,122.59313,29.33797,11,126.43,36.34
464500.0,3261500.0,122.63381,29.4825,11,29.23,11.38
477500.0,3270500.0,122.76772,29.56403,11,5.54,953.58
472500.0,3263500.0,122.71628,29.50075,11,35.9,113.8
456500.0,3277500.0,122.55065,29.62664,11,83.72,12.43
480500.0,3275500.0,122.7986,29.6092,11,6.0,59.55
454500.0,3306500.0,122.52877,29.88829,11,74.61,17.37
455500.0,3306500.0,122.53913,29.88832,11,76.05,94.61
462500.0,3291500.0,122.61215,29.75319,11,151.37,45.99
469500.0,3315500.0,122.68386,29.96997,11,120.16,4.08
499500.0,3309500.0,122.99482,29.9162,11,5.24,243.26
473500.0,3313500.0,122.72537,29.95202,11,151.95,117.51
486500.0,3322500.0,122.85998,30.03345,11,109.45,1.65
502500.0,3234500.0,123.02573,29.23931,11,23.22,61.66
532500.0,3258500.0,123.33515,29.4555,11,92.81,195.16
531500.0,3258500.0,123.32484,29.45553,11,77.23,19.6
529500.0,3255500.0,123.30414,29.4285,11,98.77,103.96
531500.0,3252500.0,123.32467,29.40138,11,161.93,345.84
502500.0,3270500.0,123.02581,29.56423,11,178.94,41.86
524500.0,3283500.0,123.25322,29.68131,11,48.32,1092.65
503500.0,3267500.0,123.03612,29.53715,11,20.49,2093.77
503500.0,3312500.0,123.03627,29.94327,11,141.88,9.8
501500.0,3317500.0,123.01555,29.9884,11,147.15,38.43
538500.0,3294500.0,123.3983,29.78023,11,147.65,133.39
522500.0,3294500.0,123.23278,29.78063,11,130.09,2.63
509500.0,3334500.0,123.09864,30.14178,11,6.03,273.27
534500.0,3345500.0,123.35857,30.24059,11,60.98,7.67
529500.0,3348500.0,123.30669,30.2678,11,30.2,141.51
401500.0,3162500.0,121.99272,28.5857,11,139.6,45.4
373500.0,3185500.0,121.70389,28.79082,11,81.01,17.86
437500.0,3176500.0,122.36007,28.71429,11,172.63,19.34
435500.0,3203500.0,122.33806,28.95788,11,140.57,187.36
411500.0,3263500.0,122.08699,29.49792,11,47.27,12.32
432500.0,3242500.0,122.30491,29.30971,11,136.82,750.12
446500.0,3265500.0,122.44795,29.51796,11,77.84,4.24
432500.0,3300500.0,122.30131,29.83313,11,148.01,2.06
486500.0,3207500.0,122.8614,28.99555,11,49.96,1.2
473500.0,3210500.0,122.72787,29.02242,11,76.55,72.17
475500.0,3214500.0,122.74832,29.05856,11,169.57,9569.89
467500.0,3227500.0,122.66576,29.17572,11,165.43,1151.21
493500.0,3250500.0,122.93302,29.38371,11,178.86,126.18
477500.0,3273500.0,122.76766,29.5911,11,119.78,84.23
461500.0,3296500.0,122.60162,29.79828,11,74.48,137.43
470500.0,3344500.0,122.69342,30.2317,11,51.18,5185.3
527500.0,3288500.0,123.28435,29.72638,11,73.61,5.93
514500.0,3290500.0,123.14996,29.74465,11,18.29,32.37
532500.0,3305500.0,123.33656,29.87967,11,144.17,257.79
543500.0,3330500.0,123.4515,30.10494,11,144.23,8.06
556500.0,3153500.0,123.57736,28.50697,11,88.14,2079.05
556500.0,3166500.0,123.578,28.62431,11,56.33,1151.02
557500.0,3260500.0,123.59306,29.47265,11,175.54,18497.88
556500.0,3339500.0,123.5869,30.18563,11,176.31,5127.29
556500.0,3335500.0,123.58669,30.14953,11,1.85,267620556.55
341500.0,3315500.0,121.35739,29.96011,11,155.9,297.61
342500.0,3314500.0,121.3679,29.95122,11,152.95,46.53
481500.0,3206500.0,122.81009,28.98646,11,3.96,369.25
493500.0,3187500.0,122.93338,28.81508,11,5.63,1804.79
494500.0,3195500.0,122.94359,28.88729,11,174.77,1350.58
480500.0,3195500.0,122.80001,28.88716,11,175.31,2697.61
512500.0,3173500.0,123.12796,28.68867,11,149.7,26650.65
515500.0,3220500.0,123.15931,29.11286,11,148.87,496.4
536500.0,3250500.0,123.37614,29.38319,11,47.46,797.55
542500.0,3319500.0,123.44068,30.00571,11,174.81,2.56
551500.0,3352500.0,123.5356,30.30316,11,56.0,107.6
393500.0,3195500.0,121.90783,28.88288,11,3.11,190.81
414500.0,3154500.0,122.12625,28.51441,11,48.84,82.85
421500.0,3223500.0,122.19299,29.1376,11,83.94,702.5
424500.0,3253500.0,122.22178,29.40853,11,23.78,25.22
418500.0,3265500.0,122.15905,29.51644,11,86.13,32.52
418500.0,3266500.0,122.15897,29.52547,11,136.0,1.06
441500.0,3294500.0,122.39479,29.77945,11,65.69,635.17
446500.0,3325500.0,122.44497,30.05943,11,29.74,378.7
497500.0,3195500.0,122.97436,28.8873,11,20.22,68.92
494500.0,3229500.0,122.94343,29.19417,11,138.74,42.11
458500.0,3223500.0,122.57335,29.13935,11,24.07,17.11
488500.0,3210500.0,122.8819,29.02264,11,57.3,306.01
495500.0,3290500.0,122.95346,29.74472,11,160.48,1.52
492500.0,3275500.0,122.92254,29.60933,11,60.87,383.63
496500.0,3277500.0,122.96385,29.6274,11,103.23,146.25
494500.0,3273500.0,122.94321,29.59129,11,60.48,187.18
485500.0,3314500.0,122.84972,29.96124,11,31.42,54.71
493500.0,3328500.0,122.93255,30.08765,11,42.37,224.51
525500.0,3169500.0,123.26094,28.65237,11,140.73,26487.29
508500.0,3201500.0,123.08722,28.94143,11,174.42,1450.32
540500.0,3233500.0,123.41673,29.22964,11,39.86,22287.63
520500.0,3253500.0,123.21131,29.41063,11,166.55,178.15
528500.0,3314500.0,123.29538,29.961,11,173.36,470.38
504500.0,3309500.0,123.04662,29.91619,11,153.7,13.15
539500.0,3326500.0,123.40983,30.06898,11,5.78,1130.12
518500.0,3343500.0,123.19224,30.2229,11,20.93,125.38
531500.0,3353500.0,123.32763,30.31287,11,21.83,1557.01
555500.0,3261500.0,123.57249,29.48177,11,174.1,2880.26
556500.0,3264500.0,123.58296,29.5088,11,174.48,25917.71
428500.0,3302500.0,122.25978,29.85095,11,62.36,16.79
425500.0,3338500.0,122.22621,30.17563,11,58.8,60.13
496500.0,3247500.0,122.96394,29.35664,11,136.76,184.8
497500.0,3278500.0,122.97417,29.63643,11,60.96,767.41
508500.0,3266500.0,123.08772,29.5281,11,141.57,1470.15
536500.0,3313500.0,123.37826,29.95176,11,153.55,545.21
412500.0,3193500.0,122.10281,28.86627,11,105.14,393.45
415500.0,3225500.0,122.13116,29.15527,11,78.09,572.63
406500.0,3277500.0,122.03421,29.62389,11,129.65,6.57
499500.0,3198500.0,122.99487,28.91438,11,171.41,3219.66
494500.0,3203500.0,122.94355,28.9595,11,166.98,2172.63
494500.0,3202500.0,122.94356,28.95047,11,167.63,1250.97
481500.0,3215500.0,122.80994,29.06769,11,150.86,687.04
490500.0,3208500.0,122.90246,29.00461,11,175.44,1899.51
492500.0,3277500.0,122.92253,29.62738,11,135.85,104.33
488500.0,3313500.0,122.88082,29.95225,11,51.6,1184.7
498500.0,3315500.0,122.98445,29.97035,11,159.07,4792.89
499500.0,3318500.0,122.99482,29.99742,11,95.87,52.83
470500.0,3322500.0,122.69403,30.03317,11,104.65,1013.65
512500.0,3207500.0,123.12833,28.99556,11,152.65,366.28
506500.0,3270500.0,123.0671,29.56421,11,169.74,407.02
507500.0,3331500.0,123.07785,30.11472,11,87.24,8462.22
525500.0,3334500.0,123.26477,30.14155,11,32.18,82.39
544500.0,3341500.0,123.46234,30.20417,11,2.42,106.23
554500.0,3270500.0,123.56262,29.56304,11,172.1,2138.25
555500.0,3350500.0,123.57709,30.28493,11,112.16,743.82
552500.0,3349500.0,123.54585,30.27604,11,100.84,233.04
551500.0,3349500.0,123.53545,30.27609,11,57.81,51.26
488500.0,3258500.0,122.88141,29.45587,11,45.92,10.92
493500.0,3278500.0,122.93285,29.63641,11,78.02,50.61
492500.0,3294500.0,122.92241,29.78081,11,83.47,13.17
481500.0,3302500.0,122.80847,29.85289,11,54.08,156.58
519500.0,3188500.0,123.19987,28.82397,11,110.53,125.69
519500.0,3253500.0,123.201,29.41065,11,18.1,2934.65
542500.0,3288500.0,123.43945,29.72595,11,109.16,1097.22
519500.0,3269500.0,123.20129,29.55505,11,6.54,1112.98
533500.0,3276500.0,123.34602,29.61793,11,108.76,49.53
533500.0,3293500.0,123.34655,29.77135,11,32.38,34.7
515500.0,3350500.0,123.16117,30.28611,11,169.52,3780.66
550500.0,3293500.0,123.5224,29.77077,11,9.31,52.11
448500.0,3168500.0,122.47306,28.64257,11,1.85,701.1
444500.0,3158500.0,122.43262,28.55214,11,66.9,10.84
432500.0,3305500.0,122.301,29.87825,11,156.77,13188.62
502500.0,3151500.0,123.02554,28.49014,11,60.52,43680.49
547500.0,3158500.0,123.4856,28.55246,11,45.18,943.33
515500.0,3155500.0,123.15842,28.52616,11,156.89,8346.66
515500.0,3304500.0,123.1605,29.87098,11,176.05,4887.15
508500.0,3154500.0,123.08687,28.5172,11,121.72,397.33
541500.0,3266500.0,123.42827,29.52744,11,115.26,300.65
540500.0,3300500.0,123.41922,29.83431,11,114.41,1184.83
555500.0,3314500.0,123.57521,29.96007,11,159.49,558.91
402500.0,3344500.0,121.98679,30.22814,10,176.66,80.74
426500.0,3351500.0,122.23568,30.293,10,144.37,237.81
487500.0,3307500.0,122.87053,29.89809,10,3.81,5085.24
477500.0,3309500.0,122.76691,29.916,10,112.88,2.27
459500.0,3300500.0,122.58078,29.83431,10,40.08,3.39
487500.0,3320500.0,122.87038,30.01541,10,167.58,1.65
506500.0,3251500.0,123.06699,29.39273,10,116.35,34.51
506500.0,3287500.0,123.0672,29.71764,10,97.16,1.88
513500.0,3297500.0,123.1397,29.80783,10,88.1,23.83
466500.0,3219500.0,122.65571,29.10349,10,76.78,1841.13
498500.0,3255500.0,122.98454,29.42885,10,174.83,3128.58
461500.0,3246500.0,122.60339,29.34703,10,70.44,15.31
499500.0,3239500.0,122.99485,29.28444,10,171.75,175.78
493500.0,3276500.0,122.93286,29.61836,10,155.01,6.06
499500.0,3290500.0,122.99483,29.74473,10,145.72,2.21
475500.0,3352500.0,122.7452,30.30401,10,46.32,121.9
529500.0,3281500.0,123.30484,29.66316,10,145.94,156.62
503500.0,3296500.0,123.03622,29.79888,10,82.72,2.35
512500.0,3308500.0,123.12948,29.90711,10,95.46,4.86
410500.0,3148500.0,122.08584,28.45999,10,48.45,39.36
480500.0,3269500.0,122.79871,29.55505,10,75.49,556.7
473500.0,3317500.0,122.72527,29.98811,10,171.81,1.8
513500.0,3279500.0,123.13948,29.64538,10,10.76,190.93
539500.0,3353500.0,123.41084,30.31263,10,127.55,97.98
412500.0,3143500.0,122.10665,28.415,10,6.93,6.66
411500.0,3147500.0,122.09613,28.45103,10,160.83,1902.9
415500.0,3156500.0,122.13632,28.53253,10,71.77,19.18
418500.0,3166500.0,122.16627,28.62298,10,115.45,6.81
433500.0,3179500.0,122.31895,28.74117,10,139.78,747.84
448500.0,3202500.0,122.47151,28.94945,10,117.74,94.34
430500.0,3193500.0,122.28736,28.86737,10,69.85,3118.87
436500.0,3199500.0,122.34855,28.92183,10,109.16,3.85
418500.0,3209500.0,122.16317,29.01106,10,125.42,104.91
447500.0,3221500.0,122.46036,29.12089,10,3.88,24.17
438500.0,3209500.0,122.36852,29.01219,10,2.21,1365749549.09
437500.0,3245500.0,122.35622,29.33704,10,35.03,3.2
429500.0,3237500.0,122.27434,29.26442,10,125.75,10239.72
462500.0,3198500.0,122.61531,28.91383,10,64.91,33.6
454500.0,3197500.0,122.53328,28.90455,10,162.46,15187.97
454500.0,3233500.0,122.53182,29.22947,10,137.08,621.38
467500.0,3231500.0,122.66564,29.21182,10,163.6,7597.46
462500.0,3270500.0,122.61287,29.56366,10,59.42,196.55
498500.0,3271500.0,122.98451,29.57325,10,63.23,360.29
453500.0,3264500.0,122.52022,29.50921,10,8.82,2.59
466500.0,3296500.0,122.65336,29.79843,10,107.87,1097.87
517500.0,3284500.0,123.18089,29.69046,10,64.1,2.92
544500.0,3329500.0,123.46183,30.09588,10,167.92,211.96
522500.0,3322500.0,123.23336,30.03332,10,153.3,51.98
513500.0,3339500.0,123.14024,30.18686,10,64.24,4.46
541500.0,3351500.0,123.43156,30.29452,10,134.24,5.43
533500.0,3352500.0,123.3484,30.30379,10,166.57,5.72
495500.0,3256500.0,122.9536,29.43787,10,67.94,844.79
499500.0,3256500.0,122.99484,29.43787,10,122.14,30.91
467500.0,3309500.0,122.66331,29.91577,10,2.82,18331.14
460500.0,3300500.0,122.59113,29.83435,10,5.47,2.37
457500.0,3316500.0,122.55944,29.97864,10,87.47,12524.65
467500.0,3314500.0,122.66316,29.9609,10,7.34,8503.2
509500.0,3252500.0,123.09792,29.40174,10,159.32,20.78
520500.0,3288500.0,123.21197,29.72651,10,143.65,9.48
528500.0,3333500.0,123.29589,30.13246,10,47.47,4.61
506500.0,3325500.0,123.06744,30.06058,10,47.68,4.18
406500.0,3153500.0,122.04458,28.50484,10,64.92,177.35
468500.0,3240500.0,122.67567,29.29307,10,132.11,22.54
476500.0,3318500.0,122.75635,29.9972,10,172.93,408.39
466500.0,3321500.0,122.65258,30.02404,10,14.7,8.74
528500.0,3253500.0,123.29378,29.41047,10,170.4,862.05
513500.0,3311500.0,123.13988,29.93418,10,64.17,4.77
516500.0,3333500.0,123.17131,30.13268,10,142.0,41.66
396500.0,3174500.0,121.94051,28.69361,10,62.12,118.32
417500.0,3168500.0,122.15589,28.64097,10,75.05,27.45
440500.0,3188500.0,122.39016,28.82274,10,75.4,2.81
425500.0,3224500.0,122.23404,29.14687,10,0.75,8.83
426500.0,3224500.0,122.24432,29.14693,10,5.73,5.9
409500.0,3249500.0,122.06751,29.37144,10,32.82,560.51
411500.0,3249500.0,122.08811,29.37158,10,105.26,6.27
447500.0,3288500.0,122.45716,29.72557,10,40.68,19.92
411500.0,3270500.0,122.08642,29.56109,10,175.93,2.79
441500.0,3296500.0,122.39468,29.79749,10,168.65,226.0
473500.0,3205500.0,122.72799,28.97729,10,41.86,8.82
475500.0,3272500.0,122.74703,29.58204,10,100.46,2.43
499500.0,3303500.0,122.99482,29.86205,10,2.36,10.14
476500.0,3336500.0,122.75595,30.15964,10,109.08,546.23
515500.0,3309500.0,123.16057,29.91611,10,83.4,16.69
380500.0,3181500.0,121.77602,28.75539,10,151.68,605.77
387500.0,3286500.0,121.83705,29.70352,10,55.0,135.83
410500.0,3164500.0,122.08459,28.6044,10,130.29,505.94
416500.0,3215500.0,122.14219,29.06508,10,24.79,101.47
450500.0,3264500.0,122.48927,29.5091,10,155.55,89.86
403500.0,3270500.0,122.00384,29.56049,10,50.51,5920.36
432500.0,3302500.0,122.30119,29.85118,10,106.21,1.33
453500.0,3234500.0,122.52149,29.23846,10,23.58,181.25
472500.0,3237500.0,122.71693,29.26609,10,162.75,3048.75
473500.0,3304500.0,122.72559,29.87079,10,110.21,3.8
460500.0,3325500.0,122.59021,30.05996,10,12.41,1.33
482500.0,3330500.0,122.81836,30.10559,10,19.9,1110.18
490500.0,3323500.0,122.90146,30.04251,10,77.49,294.41
456500.0,3351500.0,122.54764,30.29445,10,155.0,3.44
502500.0,3301500.0,123.02588,29.844,10,80.13,5.31
392500.0,3148500.0,121.90201,28.45863,10,118.99,3.58
382500.0,3163500.0,121.79836,28.59314,10,81.61,92.5
390500.0,3205500.0,121.8761,28.97287,10,80.8,393.33
391500.0,3187500.0,121.8881,28.81052,10,54.56,174.59
391500.0,3184500.0,121.88838,28.78344,10,119.16,1166.43
393500.0,3284500.0,121.89926,29.68601,10,70.7,12.25
387500.0,3285500.0,121.83715,29.6945,10,5.98,119.89
399500.0,3287500.0,121.96098,29.71358,10,105.56,490.37
379500.0,3343500.0,121.74793,30.21706,10,11.71,1159.12
413500.0,3142500.0,122.11693,28.40604,10,144.18,2988.23
428500.0,3172500.0,122.26818,28.67772,10,139.85,252.97
412500.0,3206500.0,122.1018,28.98359,10,89.33,32.15
410500.0,3190500.0,122.08255,28.83905,10,41.58,9.46
431500.0,3208500.0,122.2967,29.0028,10,153.55,4.21
415500.0,3198500.0,122.1332,28.91159,10,157.71,5.03
416500.0,3222500.0,122.14167,29.12826,10,175.99,8.25
419500.0,3221500.0,122.17257,29.11943,10,14.86,5.16
418500.0,3217500.0,122.16259,29.08326,10,167.44,3.59
408500.0,3262500.0,122.05612,29.48868,10,41.96,692.43
437500.0,3260500.0,122.35537,29.47242,10,88.25,7543.78
425500.0,3261500.0,122.23154,29.48078,10,156.29,3.01
435500.0,3266500.0,122.33439,29.52646,10,78.36,696.26
406500.0,3281500.0,122.03386,29.65998,10,79.89,2.58
428500.0,3331500.0,122.25784,30.11265,10,173.82,41.89
470500.0,3260500.0,122.69573,29.47363,10,28.96,1.39
491500.0,3265500.0,122.91229,29.51907,10,97.51,159.64
478500.0,3307500.0,122.77731,29.89797,10,150.47,3627.83
460500.0,3337500.0,122.58976,30.16825,10,160.13,1074.32
457500.0,3338500.0,122.55856,30.17717,10,20.98,55.21
486500.0,3323500.0,122.85997,30.04247,10,96.8,5.95
509500.0,3237500.0,123.09779,29.26635,10,73.46,2.0
511500.0,3309500.0,123.11914,29.91615,10,168.82,26139.71
503500.0,3304500.0,123.03624,29.87107,10,79.65,794.1
391500.0,3199500.0,121.88694,28.91881,10,130.27,2473.65
423500.0,3167500.0,122.21735,28.63231,10,68.8,3.96
403500.0,3208500.0,122.00926,29.00099,10,31.35,13.08
428500.0,3220500.0,122.26514,29.11094,10,55.35,2.43
432500.0,3226500.0,122.30588,29.16531,10,55.11,801.16
429500.0,3233500.0,122.27459,29.22832,10,60.93,8.43
411500.0,3231500.0,122.08956,29.20914,10,173.76,5.09
443500.0,3260500.0,122.41725,29.4727,10,34.57,98.02
442500.0,3263500.0,122.40678,29.49973,10,64.5,27.92
436500.0,3270500.0,122.34447,29.56261,10,47.19,2.04
434500.0,3266500.0,122.32407,29.52641,10,85.57,35.97
470500.0,3222500.0,122.69674,29.13066,10,164.78,52587.61
471500.0,3231500.0,122.70679,29.21192,10,67.01,5132.43
456500.0,3249500.0,122.55177,29.37394,10,110.98,4099.15
459500.0,3289500.0,122.58119,29.73504,10,78.48,3.58
467500.0,3321500.0,122.66295,30.02407,10,8.02,7.92
515500.0,3340500.0,123.16103,30.19586,10,62.35,12.84
440500.0,3148500.0,122.39224,28.46171,10,149.53,17978.01
439500.0,3146500.0,122.38214,28.44361,10,148.92,1838.07
440500.0,3168500.0,122.39121,28.64223,10,146.62,2401.81
439500.0,3167500.0,122.38103,28.63315,10,149.5,12936.1
420500.0,3187500.0,122.18526,28.81264,10,151.91,204.87
404500.0,3219500.0,122.01858,29.10034,10,94.67,9.26
403500.0,3211500.0,122.009,29.02807,10,78.31,992.21
427500.0,3243500.0,122.25336,29.31846,10,87.68,3266.94
485500.0,3145500.0,122.85193,28.4359,10,154.03,124443.94
454500.0,3184500.0,122.53381,28.78721,10,126.37,1018.48
464500.0,3208500.0,122.63551,29.00415,10,164.12,862.67
462500.0,3214500.0,122.61477,29.05825,10,163.12,1353.39
485500.0,3235500.0,122.85077,29.24826,10,140.84,6.95
483500.0,3271500.0,122.82965,29.57315,10,70.94,148.06
510500.0,3150500.0,123.10727,28.48107,10,176.44,145641.57
508500.0,3157500.0,123.08689,28.54428,10,145.43,90066.92
524500.0,3174500.0,123.25081,28.69752,10,146.58,40002.18
516500.0,3207500.0,123.1694,28.99551,10,155.95,819453.38
502500.0,3185500.0,123.02562,28.79704,10,154.81,54847.44
504500.0,3259500.0,123.04641,29.46494,10,18.45,766.85
508500.0,3318500.0,123.08813,29.9974,10,129.97,3067.69
550500.0,3197500.0,123.518,28.90436,10,169.59,55716.9
553500.0,3235500.0,123.55059,29.24721,10,47.21,137055.66
550500.0,3244500.0,123.52013,29.32856,10,155.96,24327.29
551500.0,3344500.0,123.53521,30.23097,10,167.24,2337.23
397500.0,3214500.0,121.94711,29.05467,10,82.14,3163.99
401500.0,3330500.0,121.9777,30.10174,10,120.33,2.92
476500.0,3214500.0,122.75859,29.05858,10,53.99,79116.6
479500.0,3319500.0,122.78744,30.00628,10,168.62,2.3
537500.0,3268500.0,123.38706,29.54561,10,168.55,679.52
547500.0,3291500.0,123.49128,29.75284,10,74.85,6653.04
537500.0,3269500.0,123.38709,29.55464,10,155.71,29039.13
547500.0,3346500.0,123.49373,30.24918,10,168.58,46583.86
512500.0,3332500.0,123.12977,30.1237,10,31.81,10.94
509500.0,3329500.0,123.09859,30.09666,10,114.25,5994.67
548500.0,3293500.0,123.50171,29.77085,10,57.87,23597814220.51
351500.0,3297500.0,121.46349,29.79897,10,12.97,3.33
378500.0,3219500.0,121.75144,29.09812,10,175.83,562.88
415500.0,3201500.0,122.13297,28.93867,10,152.78,6465.03
408500.0,3258500.0,122.05646,29.45258,10,66.31,660.07
402500.0,3228500.0,121.99724,29.1814,10,87.36,1130.61
359500.0,3307500.0,121.54493,29.89013,10,134.76,13.31
375500.0,3330500.0,121.70791,30.09937,10,151.27,3437.82
449500.0,3145500.0,122.4843,28.43501,10,159.39,3551.16
428500.0,3166500.0,122.26856,28.62357,10,129.08,1021.84
456500.0,3185500.0,122.55426,28.79631,10,32.87,74.21
556500.0,3297500.0,123.58467,29.80661,10,54.49,1.27
449500.0,3188500.0,122.4824,28.82313,10,156.68,19870.8
490500.0,3235500.0,122.90223,29.2483,10,34.08,1.82
458500.0,3257500.0,122.57207,29.44621,10,142.9,3690.97
476500.0,3246500.0,122.75791,29.3474,10,163.09,474.21
502500.0,3283500.0,123.02584,29.68155,10,131.11,7.37
537500.0,3342500.0,123.38965,30.21343,10,112.56,2.83
349500.0,3261500.0,121.44779,29.47395,10,66.87,1.41
393500.0,3144500.0,121.91259,28.42261,10,132.53,26.87
379500.0,3186500.0,121.76525,28.80042,10,151.37,653.34
434500.0,3154500.0,122.33062,28.51557,10,57.68,288.19
456500.0,3186500.0,122.55422,28.80533,10,164.12,1253.61
487500.0,3217500.0,122.87156,29.08581,10,111.0,205.8
484500.0,3262500.0,122.8401,29.49193,10,68.54,26.76
464500.0,3335500.0,122.63137,30.15032,10,2.37,11279.54
545500.0,3168500.0,123.46555,28.64279,10,144.19,255824.54
543500.0,3200500.0,123.44632,28.93169,10,69.74,283.38
505500.0,3183500.0,123.05635,28.77898,10,169.48,307323.83
519500.0,3316500.0,123.20214,29.97922,10,160.82,20.91
555500.0,3293500.0,123.57412,29.77056,10,25.67,21.41
550500.0,3308500.0,123.5231,29.90614,10,133.83,9360.01
554500.0,3324500.0,123.56535,30.05036,10,157.75,2450.46
389500.0,3144500.0,121.87176,28.42228,10,176.36,1.88
388500.0,3145500.0,121.86145,28.43122,10,2.04,69.8
392500.0,3193500.0,121.89777,28.86475,10,130.41,60.42
377500.0,3181500.0,121.7453,28.75511,10,156.92,13886.31
402500.0,3212500.0,121.99864,29.03701,10,99.86,3.62
420500.0,3258500.0,122.18019,29.4534,10,82.85,604.1
449500.0,3264500.0,122.47895,29.50906,10,66.98,18.22
466500.0,3153500.0,122.65767,28.50777,10,148.55,3632.62
486500.0,3202500.0,122.86146,28.95042,10,151.3,1143.39
458500.0,3190500.0,122.57457,28.8415,10,149.71,2902.3
451500.0,3187500.0,122.50294,28.81418,10,148.86,2197.13
460500.0,3193500.0,122.59497,28.86864,10,154.01,2329.85
488500.0,3204500.0,122.88197,28.96849,10,150.92,572.6
470500.0,3219500.0,122.69682,29.10359,10,61.85,8.24
498500.0,3245500.0,122.98455,29.33859,10,59.28,2407.3
460500.0,3291500.0,122.59146,29.75312,10,95.66,113.76
469500.0,3338500.0,122.6832,30.17753,10,64.74,34.91
522500.0,3155500.0,123.22996,28.52606,10,141.92,10639.36
512500.0,3178500.0,123.12801,28.7338,10,5.22,5046.82
542500.0,3181500.0,123.43534,28.76024,10,129.52,30948.39
540500.0,3221500.0,123.4163,29.12133,10,172.87,122814.49
519500.0,3262500.0,123.20117,29.49187,10,88.75,24.65
514500.0,3334500.0,123.15055,30.14173,10,87.79,128.51
557500.0,3307500.0,123.59556,29.89681,10,151.67,3508.42
367500.0,3142500.0,121.64741,28.40219,10,4.08,2122.74
394500.0,3166500.0,121.92078,28.62125,10,60.18,13.62
397500.0,3208500.0,121.94766,29.00052,10,165.0,60.58
407500.0,3146500.0,122.05536,28.44173,10,150.65,1340.12
435500.0,3171500.0,122.33988,28.66906,10,63.79,8.98
423500.0,3210500.0,122.21444,29.0204,10,147.04,6842.67
419500.0,3252500.0,122.17032,29.39919,10,44.23,2.1
403500.0,3283500.0,122.00269,29.6778,10,121.79,241.03
470500.0,3221500.0,122.69677,29.12164,10,173.76,367.64
458500.0,3278500.0,122.57127,29.63574,10,36.91,2309.32
511500.0,3290500.0,123.11893,29.74468,10,76.02,58.3
509500.0,3265500.0,123.09803,29.51907,10,153.21,3108.35
535500.0,3342500.0,123.36887,30.21349,10,166.36,11.75
527500.0,3332500.0,123.28548,30.12346,10,47.07,125.97
527500.0,3350500.0,123.28595,30.28589,10,81.36,432.61
380500.0,3142500.0,121.78009,28.40344,10,71.88,8.22
381500.0,3173500.0,121.78709,28.68329,10,26.9,62.66
369500.0,3163500.0,121.66544,28.5919,10,109.3,92.59
376500.0,3186500.0,121.73451,28.80014,10,29.06,720.59
375500.0,3187500.0,121.72416,28.80906,10,14.78,956.79
384500.0,3197500.0,121.81535,28.90015,10,180.0,27279.23
379500.0,3192500.0,121.76461,28.85457,10,157.41,218.58
401500.0,3276500.0,121.98266,29.61448,10,149.42,4.22
389500.0,3283500.0,121.85802,29.67663,10,46.96,29.24
365500.0,3265500.0,121.61227,29.51186,10,20.3,6.74
365500.0,3264500.0,121.6124,29.50284,10,42.98,4.22
368500.0,3331500.0,121.63516,30.10765,10,95.02,145.08
439500.0,3201500.0,122.37921,28.94003,10,10.94,309.23
436500.0,3181500.0,122.34956,28.75937,10,163.7,2.3
436500.0,3190500.0,122.34905,28.8406,10,54.2,8.17
436500.0,3193500.0,122.34888,28.86768,10,10.14,2.55
415500.0,3221500.0,122.13146,29.11917,10,65.32,118.61
408500.0,3221500.0,122.05952,29.11868,10,145.01,12.2
408500.0,3245500.0,122.05754,29.33527,10,133.66,159.53
411500.0,3243500.0,122.0886,29.31743,10,74.55,849.8
408500.0,3244500.0,122.05762,29.32624,10,117.66,222.11
432500.0,3261500.0,122.30374,29.48118,10,164.2,7.54
403500.0,3238500.0,122.00666,29.27172,10,74.97,28.82
409500.0,3254500.0,122.0671,29.41656,10,158.11,369.14
432500.0,3262500.0,122.30368,29.4902,10,172.71,132.65
448500.0,3300500.0,122.46692,29.8339,10,82.37,107.02
447500.0,3300500.0,122.45657,29.83386,10,2.95,11.27
418500.0,3316500.0,122.1552,29.97667,10,164.58,14739.24
428500.0,3339500.0,122.2573,30.18484,10,95.98,54.15
493500.0,3151500.0,122.93359,28.49013,10,9.69,39566.07
464500.0,3290500.0,122.63286,29.74422,10,126.09,63.9
491500.0,3276500.0,122.9122,29.61835,10,152.24,6.4
475500.0,3291500.0,122.7466,29.75351,10,137.72,1.89
495500.0,3346500.0,122.95322,30.2501,10,154.09,49.88
496500.0,3339500.0,122.96364,30.18693,10,4.97,1282.49
500500.0,3155500.0,123.00511,28.52625,10,162.55,59075.74
544500.0,3202500.0,123.45666,28.94971,10,152.39,504.95
517500.0,3196500.0,123.17949,28.89621,10,10.6,32920.71
511500.0,3258500.0,123.11859,29.45587,10,70.86,167.33
510500.0,3278500.0,123.10847,29.63639,10,157.23,1461.44
522500.0,3290500.0,123.23269,29.74453,10,51.04,3.03
537500.0,3326500.0,123.38908,30.06905,10,153.12,524.18
549500.0,3145500.0,123.50549,28.43504,10,65.02,76.14
557500.0,3318500.0,123.59615,29.99608,10,119.2,316.84
387500.0,3142500.0,121.85154,28.40406,10,69.6,128.14
385500.0,3175500.0,121.82783,28.7017,10,122.92,562.97
393500.0,3184500.0,121.90887,28.78361,10,135.36,99.45
401500.0,3243500.0,121.98563,29.31669,10,57.63,47.83
396500.0,3281500.0,121.93055,29.65919,10,92.76,14.13
448500.0,3156500.0,122.4736,28.53426,10,76.93,36.36
444500.0,3194500.0,122.43086,28.87708,10,59.19,2.48
413500.0,3228500.0,122.11036,29.1822,10,40.57,11.88
447500.0,3216500.0,122.4606,29.07577,10,62.58,8.43
417500.0,3228500.0,122.1515,29.18247,10,46.28,304.03
418500.0,3231500.0,122.16156,29.20961,10,114.52,51.02
432500.0,3255500.0,122.30411,29.42703,10,54.94,25.74
429500.0,3259500.0,122.27293,29.46297,10,175.95,70.59
425500.0,3263500.0,122.23141,29.49883,10,139.58,84.85
421500.0,3248500.0,122.19121,29.36322,10,137.88,108.39
418500.0,3245500.0,122.16053,29.33595,10,37.2,14.3
419500.0,3261500.0,122.16966,29.48041,10,53.22,18.24
419500.0,3248500.0,122.17061,29.36309,10,164.89,123.59
429500.0,3252500.0,122.27338,29.39979,10,57.85,80.85
411500.0,3242500.0,122.08868,29.30841,10,133.63,127120.24
425500.0,3244500.0,122.23269,29.32736,10,120.08,31.6
409500.0,3242500.0,122.06808,29.30827,10,93.56,260.29
434500.0,3274500.0,122.32359,29.59861,10,62.42,3.87
429500.0,3269500.0,122.27228,29.55321,10,3.4,1180.56
433500.0,3279500.0,122.31296,29.64368,10,62.33,11.53
498500.0,3213500.0,122.98459,29.04977,10,158.95,684.22
496500.0,3241500.0,122.96396,29.30249,10,60.66,6.98
487500.0,3252500.0,122.87116,29.40171,10,94.94,133.33
475500.0,3303500.0,122.74633,29.86181,10,176.85,8.45
452500.0,3331500.0,122.50694,30.11382,10,179.61,4.08
490500.0,3331500.0,122.90139,30.11471,10,3.41,4.79
478500.0,3323500.0,122.77699,30.04236,10,8.41,10.75
469500.0,3352500.0,122.6828,30.30387,10,27.09,5.23
518500.0,3252500.0,123.19068,29.40164,10,76.5,14.06
518500.0,3286500.0,123.19126,29.70849,10,60.62,97.2
501500.0,3285500.0,123.01551,29.6996,10,177.01,22.93
504500.0,3296500.0,123.04656,29.79887,10,77.78,13.96
515500.0,3313500.0,123.16063,29.9522,10,24.25,12.16
524500.0,3316500.0,123.25397,29.97913,10,21.64,9.07
522500.0,3343500.0,123.23381,30.22283,10,153.22,108.3
507500.0,3323500.0,123.0778,30.04252,10,31.74,224.39
521500.0,3346500.0,123.22348,30.24992,10,98.37,2.16
524500.0,3347500.0,123.25469,30.25889,10,143.62,87.95
513500.0,3353500.0,123.14042,30.3132,10,42.31,7.62
554500.0,3293500.0,123.56378,29.7706,10,37.01,113.21
555500.0,3344500.0,123.57678,30.23079,10,2.99,1.87
396500.0,3145500.0,121.94313,28.43188,10,78.37,5.24
397500.0,3176500.0,121.95057,28.71174,10,69.69,13.63
391500.0,3156500.0,121.89105,28.53075,10,115.39,45.59
394500.0,3201500.0,121.91753,28.93711,10,174.97,48.04
388500.0,3199500.0,121.85617,28.91855,10,143.75,93.0
390500.0,3187500.0,121.87785,28.81043,10,137.54,47.01
401500.0,3282500.0,121.98211,29.66862,10,156.13,44.06
416500.0,3151500.0,122.1469,28.48747,10,33.68,37.85
420500.0,3163500.0,122.18693,28.59603,10,66.84,71.87
423500.0,3158500.0,122.21795,28.55108,10,56.97,14.47
414500.0,3164500.0,122.1255,28.60467,10,162.96,7.03
431500.0,3180500.0,122.2984,28.75009,10,89.55,52.47
403500.0,3169500.0,122.01258,28.64902,10,157.7,469.45
405500.0,3194500.0,122.03096,28.87479,10,15.45,19.84
422500.0,3213500.0,122.20396,29.04741,10,107.52,1109.72
414500.0,3209500.0,122.1221,29.0108,10,113.22,7.34
433500.0,3209500.0,122.31718,29.01193,10,141.32,2.46
430500.0,3229500.0,122.28513,29.19228,10,151.17,35.14
430500.0,3261500.0,122.28311,29.48107,10,29.94,3.18
440500.0,3260500.0,122.38631,29.47256,10,75.84,24.16
438500.0,3240500.0,122.3668,29.29197,10,51.87,55.57
421500.0,3242500.0,122.19164,29.30907,10,121.88,46.13
417500.0,3254500.0,122.14956,29.41711,10,78.58,67.53
445500.0,3255500.0,122.43813,29.42766,10,176.74,3507.9
438500.0,3243500.0,122.36663,29.31904,10,172.05,2.4
422500.0,3243500.0,122.20187,29.31816,10,139.12,2918.71
409500.0,3252500.0,122.06726,29.39851,10,79.2,49.18
447500.0,3258500.0,122.4586,29.45482,10,61.21,1547.45
417500.0,3257500.0,122.14933,29.44418,10,159.09,994.52
423500.0,3261500.0,122.21091,29.48066,10,108.57,31.57
444500.0,3272500.0,122.42696,29.58104,10,174.27,5.82
433500.0,3264500.0,122.31387,29.50831,10,2.57,161.35
444500.0,3269500.0,122.42711,29.55397,10,75.11,2.53
430500.0,3291500.0,122.28119,29.7518,10,70.44,7.5
448500.0,3292500.0,122.4673,29.76171,10,38.9,3.34
438500.0,3334500.0,122.36146,30.14026,10,30.75,193.33
487500.0,3181500.0,122.87196,28.76088,10,144.24,1293.6
489500.0,3184500.0,122.89242,28.78797,10,69.6,478.01
489500.0,3185500.0,122.89241,28.797,10,154.42,4951.23
466500.0,3214500.0,122.65586,29.05836,10,72.97,205.51
488500.0,3217500.0,122.88183,29.08582,10,74.69,1.64
456500.0,3232500.0,122.55244,29.22051,10,170.68,867.55
467500.0,3217500.0,122.66605,29.08546,10,160.99,1634.62
452500.0,3236500.0,122.51111,29.25647,10,42.72,4.01
489500.0,3241500.0,122.89188,29.30245,10,145.57,307.55
454500.0,3269500.0,122.53033,29.55437,10,10.16,57.52
454500.0,3272500.0,122.5302,29.58145,10,76.19,163.4
476500.0,3288500.0,122.75701,29.72646,10,35.91,7.2
478500.0,3316500.0,122.77713,29.97919,10,56.33,5.61
476500.0,3308500.0,122.75657,29.90695,10,87.3,32.44
484500.0,3343500.0,122.83893,30.22294,10,178.28,721.95
476500.0,3320500.0,122.75631,30.01525,10,23.46,17.25
473500.0,3319500.0,122.72522,30.00616,10,16.21,1.68
486500.0,3320500.0,122.86001,30.0154,10,17.64,1.6
460500.0,3330500.0,122.59002,30.10508,10,156.31,153.36
500500.0,3204500.0,123.00513,28.96854,10,155.53,488473.71
533500.0,3249500.0,123.34519,29.37425,10,149.62,179.76
533500.0,3298500.0,123.3467,29.81648,10,108.76,6.03
537500.0,3316500.0,123.38873,29.9788,10,62.43,4.9
523500.0,3331500.0,123.24394,30.11452,10,108.2,4.33
535500.0,3344500.0,123.36893,30.23154,10,165.69,6.51
556500.0,3341500.0,123.58701,30.20367,10,91.58,5.25
368500.0,3162500.0,121.65533,28.58277,10,174.1,1013.64
388500.0,3190500.0,121.85706,28.83733,10,86.06,486.4
432500.0,3174500.0,122.309,28.69599,10,161.68,1004.07
429500.0,3191500.0,122.27724,28.84926,10,178.05,21.1
428500.0,3191500.0,122.26699,28.84921,10,112.34,31.15
420500.0,3206500.0,122.18392,28.98411,10,140.16,4.21
443500.0,3203500.0,122.42016,28.95826,10,166.46,67.91
428500.0,3227500.0,122.26469,29.17412,10,91.32,311.28
429500.0,3231500.0,122.27472,29.21027,10,100.27,463.58
417500.0,3240500.0,122.15061,29.29077,10,118.75,320.09
441500.0,3265500.0,122.39636,29.51773,10,6.62,308.58
420500.0,3280500.0,122.17858,29.65194,10,158.93,59.92
446500.0,3290500.0,122.44672,29.74357,10,30.5,1127.53
446500.0,3271500.0,122.44765,29.57211,10,81.85,15.07
445500.0,3264500.0,122.43768,29.50889,10,90.63,8.03
449500.0,3271500.0,122.47863,29.57223,10,0.36,1677.51
482500.0,3153500.0,122.82117,28.50808,10,148.96,214461.14
473500.0,3187500.0,122.72841,28.81482,10,68.21,4409.27
488500.0,3196500.0,122.88205,28.89628,10,128.06,134.42
466500.0,3348500.0,122.65172,30.26769,10,60.67,4.09
510500.0,3195500.0,123.10769,28.88726,10,158.08,194748.85
513500.0,3190500.0,123.13839,28.8421,10,174.64,233427.96
504500.0,3185500.0,123.04611,28.79703,10,57.25,12329.65
504500.0,3229500.0,123.04629,29.19418,10,163.71,2952.53
504500.0,3228500.0,123.04628,29.18515,10,168.49,2034.23
516500.0,3232500.0,123.16977,29.22115,10,173.75,105259.08
518500.0,3293500.0,123.19138,29.77167,10,157.64,485.46
546500.0,3315500.0,123.48198,29.96947,10,176.59,3215.84
548500.0,3217500.0,123.49835,29.08495,10,173.21,154587.6
399500.0,3163500.0,121.97219,28.59457,10,9.62,3.56
396500.0,3190500.0,121.93905,28.838,10,176.03,173.33
387500.0,3211500.0,121.84471,29.02675,10,83.99,1208.61
428500.0,3173500.0,122.26812,28.68675,10,129.98,35.14
413500.0,3176500.0,122.11436,28.71291,10,74.68,56.63
411500.0,3162500.0,122.09497,28.58642,10,82.46,17.66
417500.0,3175500.0,122.15539,28.70414,10,3.4,173.26
419500.0,3158500.0,122.17706,28.55084,10,64.03,76.62
408500.0,3159500.0,122.06454,28.55913,10,67.8,2.85
402500.0,3189500.0,122.00064,28.82945,10,135.0,8.66
431500.0,3207500.0,122.29677,28.99378,10,45.47,5.62
420500.0,3234500.0,122.18192,29.23681,10,5.07,5.05
440500.0,3213500.0,122.38884,29.04838,10,44.55,1.77
423500.0,3222500.0,122.21362,29.1287,10,43.34,43.63
429500.0,3227500.0,122.27497,29.17417,10,174.84,3.08
426500.0,3221500.0,122.24452,29.11985,10,92.18,1.47
429500.0,3230500.0,122.27478,29.20125,10,171.92,1.5
424500.0,3229500.0,122.22342,29.19193,10,117.98,622.09
404500.0,3256500.0,122.01539,29.43424,10,112.96,15.48
443500.0,3269500.0,122.41679,29.55392,10,117.14,8.88
438500.0,3353500.0,122.36035,30.31172,10,32.74,16.97
467500.0,3229500.0,122.6657,29.19377,10,161.08,359.17
488500.0,3224500.0,122.88176,29.149,10,139.84,3942.69
497500.0,3243500.0,122.97425,29.32054,10,168.82,72.01
467500.0,3250500.0,122.66508,29.3833,10,83.04,27.24
467500.0,3243500.0,122.66529,29.32012,10,36.44,89.95
491500.0,3257500.0,122.91235,29.44687,10,149.72,5700.79
467500.0,3244500.0,122.66526,29.32915,10,130.71,104.54
483500.0,3246500.0,122.83002,29.34751,10,63.0,8.52
483500.0,3278500.0,122.82954,29.63632,10,11.41,4.32
497500.0,3293500.0,122.97414,29.7718,10,23.11,8.45
454500.0,3315500.0,122.52839,29.96951,10,56.41,97.36
456500.0,3306500.0,122.54948,29.88836,10,105.45,2.01
458500.0,3318500.0,122.56973,29.99672,10,22.73,3.7
458500.0,3341500.0,122.56883,30.20428,10,88.37,5.57
454500.0,3333500.0,122.52762,30.13194,10,30.35,1838.15
488500.0,3322500.0,122.88072,30.03347,10,171.94,4.34
484500.0,3330500.0,122.83912,30.10562,10,37.01,190.24
489500.0,3325500.0,122.89107,30.06055,10,66.78,3.03
523500.0,3213500.0,123.24139,29.04956,10,128.37,622.46
521500.0,3218500.0,123.22094,29.09472,10,66.96,597.58
502500.0,3241500.0,123.02574,29.30249,10,77.66,496.78
531500.0,3257500.0,123.32481,29.4465,10,98.72,385.96
502500.0,3251500.0,123.02577,29.39275,10,148.02,32.72
501500.0,3238500.0,123.01544,29.27542,10,160.4,529.56
500500.0,3236500.0,123.00515,29.25736,10,158.54,9369.82
515500.0,3265500.0,123.15994,29.51901,10,11.93,43843.93
509500.0,3281500.0,123.09817,29.66347,10,20.81,2.26
517500.0,3282500.0,123.18085,29.67241,10,117.93,8.28
501500.0,3283500.0,123.0155,29.68155,10,135.86,20.17
518500.0,3345500.0,123.19228,30.24094,10,150.06,21.57
533500.0,3340500.0,123.34802,30.1955,10,149.2,2.14
530500.0,3326500.0,123.31645,30.06924,10,40.58,706.43
501500.0,3319500.0,123.01555,30.00645,10,70.71,6.76
528500.0,3324500.0,123.29565,30.05124,10,39.58,3.61
370500.0,3148500.0,121.67735,28.45663,10,95.18,5.9
410500.0,3157500.0,122.08514,28.54122,10,142.53,2.23
440500.0,3179500.0,122.39063,28.74151,10,50.92,9.34
433500.0,3175500.0,122.31918,28.70507,10,150.38,83.21
446500.0,3206500.0,122.4508,28.98547,10,127.23,498.61
440500.0,3223500.0,122.3883,29.13863,10,120.71,9.14
407500.0,3214500.0,122.04982,29.05544,10,30.95,257.44
437500.0,3212500.0,122.35808,29.03921,10,143.16,1522.18
416500.0,3221500.0,122.14174,29.11923,10,119.03,63.02
436500.0,3211500.0,122.34787,29.03014,10,132.49,688.74
417500.0,3231500.0,122.15128,29.20955,10,71.3,2.09
440500.0,3255500.0,122.38658,29.42744,10,89.74,639.79
417500.0,3247500.0,122.15008,29.35394,10,141.05,1808.16
422500.0,3241500.0,122.20201,29.30011,10,41.33,155.23
447500.0,3301500.0,122.45652,29.84289,10,125.27,1446.3
471500.0,3149500.0,122.70886,28.47178,10,143.97,68.52
458500.0,3203500.0,122.57409,28.95884,10,168.1,227.41
476500.0,3216500.0,122.75855,29.07663,10,170.15,230.31
478500.0,3213500.0,122.77916,29.04959,10,143.79,136.99
474500.0,3214500.0,122.73805,29.05854,10,8.04,14297893699.19
495500.0,3252500.0,122.95362,29.40177,10,56.26,458.65
464500.0,3255500.0,122.63401,29.42835,10,58.42,1.2
496500.0,3281500.0,122.96383,29.6635,10,2.08,971.31
453500.0,3273500.0,122.51984,29.59044,10,160.25,1359.27
461500.0,3289500.0,122.60187,29.73511,10,153.12,5.31
456500.0,3312500.0,122.54924,29.94251,10,130.21,132.59
468500.0,3325500.0,122.6732,30.06019,10,89.29,1691.28
547500.0,3159500.0,123.48564,28.56149,10,132.38,885.83
509500.0,3207500.0,123.09753,28.99558,10,70.04,644.74
542500.0,3204500.0,123.43621,28.96783,10,102.58,12.37
542500.0,3207500.0,123.43632,28.99491,10,19.41,725.25
543500.0,3229500.0,123.44745,29.19344,10,20.95,177.01
506500.0,3271500.0,123.06711,29.57324,10,0.5,2.31
512500.0,3274500.0,123.12909,29.60027,10,123.1,49.31
527500.0,3287500.0,123.28433,29.71735,10,48.99,28.66
546500.0,3352500.0,123.4836,30.30336,10,156.98,757.16
551500.0,3291500.0,123.53265,29.75268,10,177.52,6355.85
551500.0,3292500.0,123.5327,29.76171,10,88.71,90.98
551500.0,3294500.0,123.53279,29.77976,10,176.09,1161.11
556500.0,3338500.0,123.58685,30.1766,10,178.22,521971350.38
556500.0,3334500.0,123.58663,30.14051,10,179.32,1275.88
397500.0,3183500.0,121.94994,28.77491,10,141.86,517.09
442500.0,3292500.0,122.40524,29.76144,10,67.02,12.21
434500.0,3307500.0,122.32159,29.89641,10,52.74,5.46
495500.0,3205500.0,122.95381,28.97756,10,91.24,61.22
509500.0,3168500.0,123.0972,28.64356,10,150.12,15230.56
505500.0,3257500.0,123.05671,29.44689,10,157.49,1186.79
514500.0,3278500.0,123.1498,29.63635,10,108.62,36.35
539500.0,3289500.0,123.40847,29.73508,10,168.9,415.38
541500.0,3275500.0,123.42861,29.60866,10,74.43,12.5
513500.0,3352500.0,123.1404,30.30418,10,142.85,2369.65
340500.0,3315500.0,121.34703,29.95998,10,52.1,69.36
415500.0,3238500.0,122.13017,29.27259,10,16.62,2.96
423500.0,3267500.0,122.21049,29.53481,10,10.07,85.47
425500.0,3271500.0,122.23086,29.57103,10,12.43,123.33
489500.0,3217500.0,122.89211,29.08583,10,152.01,671.28
499500.0,3215500.0,122.99486,29.06782,10,166.67,268.59
493500.0,3228500.0,122.93315,29.18514,10,142.14,24.45
456500.0,3296500.0,122.54989,29.79811,10,116.64,42.63
453500.0,3347500.0,122.51662,30.25824,10,179.0,10.92
508500.0,3206500.0,123.08726,28.98656,10,167.74,709.98
511500.0,3183500.0,123.11782,28.77894,10,142.66,2991.89
541500.0,3232500.0,123.42699,29.22058,10,37.67,43259.83
500500.0,3217500.0,123.00514,29.08588,10,164.7,1694852607.01
506500.0,3231500.0,123.06687,29.21222,10,173.9,527.02
547500.0,3243500.0,123.48919,29.31965,10,42.61,232.3
521500.0,3254500.0,123.22164,29.41964,10,88.31,2.05
542500.0,3241500.0,123.43762,29.30178,10,51.16,724.46
507500.0,3265500.0,123.07739,29.51908,10,6.36,162.06
505500.0,3278500.0,123.05682,29.63642,10,100.06,1.51
533500.0,3269500.0,123.3458,29.55475,10,118.66,317.77
530500.0,3324500.0,123.3164,30.05119,10,2.02,753.76
529500.0,3332500.0,123.30624,30.12341,10,164.13,17.51
546500.0,3323500.0,123.48233,30.04166,10,6.15,316.74
539500.0,3327500.0,123.40987,30.07801,10,5.34,1417.79
547500.0,3326500.0,123.49283,30.0687,10,107.88,47.54
555500.0,3259500.0,123.57238,29.46372,10,84.58,4948.15
436500.0,3184500.0,122.34939,28.78645,10,147.39,310.83
415500.0,3257500.0,122.12871,29.44405,10,178.44,511.1
459500.0,3213500.0,122.58399,29.04913,10,162.72,902.45
458500.0,3212500.0,122.57376,29.04007,10,163.23,894.59
553500.0,3225500.0,123.55011,29.15695,10,23.39,5486.32
554500.0,3225500.0,123.56039,29.15691,10,21.18,6144.08
448500.0,3192500.0,122.47197,28.85919,10,171.95,544.32
404500.0,3192500.0,122.02088,28.85667,10,145.23,496.39
444500.0,3353500.0,122.42275,30.31201,10,54.2,27.17
488500.0,3198500.0,122.88203,28.91433,10,173.81,876.44
489500.0,3199500.0,122.89228,28.92337,10,173.65,910.9
499500.0,3199500.0,122.99487,28.92341,10,173.59,938.18
494500.0,3200500.0,122.94357,28.93242,10,167.24,2108.35
479500.0,3213500.0,122.78943,29.04961,10,152.99,112.93
483500.0,3312500.0,122.82902,29.94317,10,32.5,206.14
459500.0,3309500.0,122.58044,29.91554,10,149.41,419.37
494500.0,3346500.0,122.94283,30.2501,10,133.61,94.32
458500.0,3335500.0,122.56907,30.15013,10,45.65,10.01
484500.0,3326500.0,122.83918,30.06952,10,103.17,3069.01
484500.0,3328500.0,122.83915,30.08757,10,168.24,2709.47
517500.0,3272500.0,123.18069,29.58216,10,74.34,60.85
523500.0,3290500.0,123.24303,29.74451,10,135.66,28.53
546500.0,3267500.0,123.47991,29.53629,10,116.47,118.22
508500.0,3309500.0,123.08806,29.91617,10,134.03,1361.39
506500.0,3317500.0,123.06739,29.98838,10,89.05,148.15
506500.0,3330500.0,123.06747,30.1057,10,89.02,925.13
514500.0,3336500.0,123.15058,30.15978,10,88.55,5.77
550500.0,3332500.0,123.52424,30.12272,10,129.39,1812.63
551500.0,3333500.0,123.53467,30.1317,10,129.45,2068.06
453500.0,3278500.0,122.51962,29.63556,10,103.21,209.27
488500.0,3321500.0,122.88074,30.02444,10,117.78,3.75
516500.0,3199500.0,123.16928,28.9233,10,177.69,94589.61
548500.0,3290500.0,123.50158,29.74378,10,18.18,80.49
516500.0,3303500.0,123.17084,29.86194,10,142.16,11.38
527500.0,3303500.0,123.28473,29.86175,10,73.7,23.11
534500.0,3293500.0,123.35689,29.77132,10,75.16,198.59
500500.0,3304500.0,123.00518,29.87108,10,65.08,86.69
508500.0,3303500.0,123.08801,29.86202,10,115.85,3.0
515500.0,3319500.0,123.16072,30.00635,10,94.5,41.75
557500.0,3290500.0,123.59465,29.74339,10,2.62,922.06
494500.0,3295500.0,122.94309,29.78984,10,5.42,809.8
482500.0,3302500.0,122.81882,29.85291,10,111.22,604.52
503500.0,3271500.0,123.03614,29.57325,10,121.44,15.56
502500.0,3326500.0,123.02594,30.06962,10,177.07,4.07
508500.0,3320500.0,123.08814,30.01544,10,174.19,1008.22
533500.0,3327500.0,123.34761,30.07819,10,178.68,3.1
510500.0,3325500.0,123.10893,30.06055,10,125.86,2617.58
430500.0,3349500.0,122.27741,30.27519,10,70.0,22304.8
489500.0,3183500.0,122.89243,28.77895,10,163.39,559.95
456500.0,3307500.0,122.54944,29.89738,10,31.54,116.8
536500.0,3240500.0,123.37581,29.29294,10,30.05,25968.79
357500.0,3257500.0,121.5308,29.43879,9,61.26,6.99
442500.0,3275500.0,122.40615,29.60803,9,130.67,10.31
446500.0,3336500.0,122.44441,30.15869,9,44.32,292.5
481500.0,3271500.0,122.809,29.57312,9,75.59,41.86
479500.0,3312500.0,122.78757,29.94311,9,153.93,2.76
481500.0,3309500.0,122.80835,29.91606,9,136.75,4.5
474500.0,3306500.0,122.7359,29.88886,9,156.42,11.15
483500.0,3300500.0,122.8292,29.83487,9,134.29,36.08
481500.0,3328500.0,122.80802,30.08753,9,7.53,10.98
482500.0,3328500.0,122.8184,30.08754,9,162.59,58.74
451500.0,3336500.0,122.49634,30.1589,9,99.99,12.41
479500.0,3335500.0,122.78713,30.15067,9,132.72,154.17
483500.0,3328500.0,122.82877,30.08756,9,136.52,1079.64
501500.0,3266500.0,123.01548,29.52813,9,163.14,21.61
518500.0,3301500.0,123.19151,29.84387,9,119.7,42.37
402500.0,3274500.0,121.99316,29.59651,9,34.8,718.73
462500.0,3304500.0,122.61169,29.87051,9,7.74,1622.24
475500.0,3293500.0,122.74656,29.77156,9,82.53,3.62
502500.0,3231500.0,123.02572,29.21223,9,78.27,311.76
509500.0,3238500.0,123.0978,29.27538,9,73.59,9.18
509500.0,3269500.0,123.09806,29.55517,9,62.52,551.86
518500.0,3292500.0,123.19136,29.76264,9,164.08,161.03
516500.0,3294500.0,123.1707,29.78072,9,8.22,835.23
507500.0,3327500.0,123.07782,30.07862,9,21.62,2.74
513500.0,3324500.0,123.14004,30.0515,9,154.49,13.9
367500.0,3176500.0,121.64348,28.709,9,1.39,1.67
411500.0,3158500.0,122.09528,28.55032,9,64.38,1044.94
434500.0,3349500.0,122.31899,30.27541,9,70.79,17.18
434500.0,3350500.0,122.31893,30.28443,9,66.64,11.75
487500.0,3322500.0,122.87035,30.03346,9,163.97,2.44
484500.0,3348500.0,122.83886,30.26806,9,109.34,2.52
501500.0,3346500.0,123.01559,30.25011,9,80.83,566.44
351500.0,3260500.0,121.46855,29.46516,9,76.57,64.2
371500.0,3176500.0,121.68442,28.70941,9,28.53,1.35
368500.0,3196500.0,121.65139,28.88958,9,16.99,3.49
369500.0,3196500.0,121.66165,28.88968,9,147.55,251.86
377500.0,3196500.0,121.74368,28.89047,9,161.71,7.37
425500.0,3159500.0,122.23833,28.56022,9,33.49,2.65
426500.0,3169500.0,122.24791,28.65053,9,46.47,6.09
415500.0,3154500.0,122.13647,28.51448,9,25.96,2.38
450500.0,3206500.0,122.49186,28.98563,9,103.19,9.47
417500.0,3187500.0,122.15452,28.81245,9,150.9,242.15
442500.0,3217500.0,122.40917,29.08458,9,122.97,404.1
415500.0,3226500.0,122.13108,29.16429,9,105.99,387.32
449500.0,3228500.0,122.4806,29.18415,9,40.26,1614.21
448500.0,3228500.0,122.47031,29.18411,9,45.96,1999.91
445500.0,3225500.0,122.43961,29.15691,9,166.43,6.78
415500.0,3233500.0,122.13055,29.22746,9,136.33,38.69
436500.0,3237500.0,122.34638,29.26479,9,15.56,2573.59
451500.0,3236500.0,122.50082,29.25643,9,35.39,22.77
435500.0,3238500.0,122.33603,29.27377,9,117.87,100.94
461500.0,3256500.0,122.60304,29.43728,9,94.72,2.88
491500.0,3274500.0,122.91222,29.6003,9,5.12,8.53
472500.0,3307500.0,122.71516,29.89785,9,173.44,132.97
517500.0,3302500.0,123.18118,29.85291,9,93.2,7.66
517500.0,3313500.0,123.18136,29.95218,9,72.65,13.72
527500.0,3327500.0,123.28535,30.07834,9,37.25,15.52
550500.0,3342500.0,123.52472,30.21296,9,81.45,245.52
439500.0,3286500.0,122.37455,29.70715,9,60.53,2861.32
472500.0,3276500.0,122.71595,29.61808,9,137.4,36.19
478500.0,3303500.0,122.77739,29.86187,9,50.52,39.07
532500.0,3290500.0,123.33611,29.7443,9,24.74,1.97
509500.0,3322500.0,123.09853,30.03349,9,59.73,115.38
504500.0,3320500.0,123.04666,30.01547,9,60.13,2.94
355500.0,3261500.0,121.50965,29.47465,9,123.64,12.71
469500.0,3241500.0,122.68594,29.30212,9,114.1,34.65
468500.0,3270500.0,122.67481,29.56383,9,80.11,7.39
480500.0,3300500.0,122.79815,29.83483,9,12.56,1.61
503500.0,3276500.0,123.03615,29.61838,9,35.98,8.93
381500.0,3185500.0,121.78584,28.79158,9,131.72,1.96
359500.0,3214500.0,121.55687,29.05104,9,39.56,4.87
417500.0,3169500.0,122.15582,28.64999,9,62.05,12.74
425500.0,3170500.0,122.23761,28.6595,9,36.93,309.98
422500.0,3170500.0,122.20691,28.65933,9,122.52,17.82
418500.0,3162500.0,122.16655,28.58688,9,50.83,25.33
431500.0,3203500.0,122.29701,28.95768,9,3.55,1.61
430500.0,3201500.0,122.28687,28.93957,9,19.08,73.98
402500.0,3186500.0,122.00089,28.80237,9,43.13,12.86
403500.0,3186500.0,122.01114,28.80245,9,33.75,6.16
440500.0,3209500.0,122.38905,29.01228,9,102.81,1.43
422500.0,3239500.0,122.20215,29.28206,9,27.53,19.93
418500.0,3263500.0,122.15919,29.49839,9,96.99,5.92
476500.0,3240500.0,122.75804,29.29325,9,66.07,6.89
487500.0,3276500.0,122.87089,29.61832,9,134.09,6.28
388500.0,3149500.0,121.86107,28.46732,9,145.87,274.29
367500.0,3170500.0,121.64418,28.65486,9,69.38,157505.41
372500.0,3153500.0,121.69722,28.50195,9,122.85,1.38
401500.0,3206500.0,121.9889,28.98279,9,27.61,327.62
366500.0,3230500.0,121.62683,29.19617,9,19.87,4092.81
372500.0,3209500.0,121.69093,29.00729,9,33.22,781.53
392500.0,3285500.0,121.88882,29.69494,9,117.99,275.71
402500.0,3144500.0,122.00448,28.42332,9,167.07,1.75
409500.0,3166500.0,122.07421,28.62238,9,27.79,1.95
449500.0,3202500.0,122.48177,28.94949,9,173.85,1424.72
443500.0,3199500.0,122.42036,28.92216,9,171.94,3657.75
406500.0,3208500.0,122.04005,29.00122,9,95.94,239136.74
416500.0,3193500.0,122.14382,28.86653,9,152.5,3285389144.11
434500.0,3187500.0,122.32873,28.81343,9,87.65,92.38
450500.0,3250500.0,122.4899,29.38275,9,152.19,3175.2
442500.0,3250500.0,122.40746,29.38241,9,36.44,3.91
443500.0,3264500.0,122.41704,29.5088,9,132.26,15.7
472500.0,3236500.0,122.71696,29.25707,9,164.58,2075.76
543500.0,3351500.0,123.45236,30.29445,9,43.57,388.15
550500.0,3320500.0,123.52367,30.01443,9,175.46,628488.22
375500.0,3180500.0,121.72493,28.7459,9,117.62,45.84
391500.0,3352500.0,121.87167,30.29939,9,24.6,3.95
427500.0,3172500.0,122.25795,28.67767,9,86.79,1.91
411500.0,3197500.0,122.09225,28.9023,9,64.98,201.1
407500.0,3206500.0,122.05048,28.98324,9,101.98,3.75
421500.0,3236500.0,122.19207,29.25492,9,6.05,4.05
410500.0,3270500.0,122.0761,29.56102,9,52.6,270.63
460500.0,3263500.0,122.59248,29.50043,9,52.9,36.28
471500.0,3334500.0,122.70408,30.14148,9,29.66,608.88
485500.0,3319500.0,122.84965,30.00636,9,85.88,1.98
520500.0,3152500.0,123.20947,28.49901,9,45.81,2598.42
526500.0,3320500.0,123.2748,30.01519,9,78.32,62.74
502500.0,3330500.0,123.02595,30.10572,9,26.4,149.18
510500.0,3322500.0,123.1089,30.03348,9,34.92,126.15
363500.0,3166500.0,121.60374,28.61835,9,38.91,114.84
366500.0,3168500.0,121.63418,28.63671,9,177.09,3.53
379500.0,3161500.0,121.76789,28.57481,9,170.4,43588.31
373500.0,3175500.0,121.70501,28.70058,9,55.95,1110.81
376500.0,3271500.0,121.72506,29.56713,9,79.73,7318.13
413500.0,3159500.0,122.11565,28.55948,9,133.19,443.69
448500.0,3197500.0,122.47174,28.90432,9,94.61,3183.94
433500.0,3210500.0,122.31712,29.02096,9,60.65,31754.11
443500.0,3270500.0,122.41673,29.56295,9,134.34,2.88
405500.0,3299500.0,122.02196,29.82233,9,11.29,41664522331.73
480500.0,3145500.0,122.80087,28.43584,9,142.69,6564071.98
462500.0,3204500.0,122.61511,28.96799,9,164.49,100481379.41
471500.0,3229500.0,122.70684,29.19386,9,161.29,113378.16
466500.0,3215500.0,122.65583,29.06738,9,33.49,808.11
454500.0,3229500.0,122.53198,29.19337,9,21.66,7.95
488500.0,3243500.0,122.88156,29.32049,9,166.89,1258442449.36
499500.0,3252500.0,122.99485,29.40177,9,173.27,29590.7
497500.0,3280500.0,122.97417,29.65448,9,151.54,371.56
453500.0,3276500.0,122.51971,29.61751,9,160.74,1.27
456500.0,3278500.0,122.55061,29.63567,9,138.47,13.41
474500.0,3267500.0,122.73682,29.53689,9,123.23,25.08
478500.0,3302500.0,122.77741,29.85284,9,174.06,5000.1
467500.0,3312500.0,122.66322,29.94285,9,170.8,6177.49
481500.0,3297500.0,122.80855,29.80777,9,81.26,9.12
530500.0,3206500.0,123.3131,28.98623,9,150.98,540102.67
534500.0,3220500.0,123.35459,29.11248,9,175.82,545387.12
513500.0,3226500.0,123.13883,29.16704,9,86.24,16390.18
505500.0,3218500.0,123.05652,29.09489,9,36.02,105.53
507500.0,3261500.0,123.07736,29.48298,9,72.58,80.68
503500.0,3242500.0,123.03604,29.31151,9,20.17,1304.12
504500.0,3273500.0,123.04647,29.5913,9,172.72,8.51
526500.0,3266500.0,123.27347,29.52785,9,149.63,3329415.31
500500.0,3278500.0,123.00517,29.63643,9,28.52,77.34
520500.0,3281500.0,123.21184,29.66334,9,1.38,89015.9
551500.0,3217500.0,123.52918,29.08483,9,0.51,6171960.86
366500.0,3157500.0,121.63546,28.53745,9,122.28,128.84
436500.0,3151500.0,122.35122,28.4886,9,144.64,1034.32
440500.0,3169500.0,122.39116,28.65125,9,143.17,3926.29
436500.0,3153500.0,122.35111,28.50665,9,156.49,1312.71
419500.0,3184500.0,122.17522,28.7855,9,78.9,137.45
416500.0,3183500.0,122.14456,28.77628,9,61.84,35.87
403500.0,3230500.0,122.00735,29.19953,9,58.1,567.01
418500.0,3218500.0,122.16251,29.09229,9,174.92,5.79
408500.0,3351500.0,122.04853,30.29177,9,61.58,149.99
457500.0,3162500.0,122.56537,28.58874,9,66.47,13.96
481500.0,3259500.0,122.8092,29.46481,9,151.06,543.53
473500.0,3245500.0,122.72703,29.33832,9,72.46,110.21
483500.0,3277500.0,122.82956,29.6273,9,72.92,33.97
509500.0,3308500.0,123.09841,29.90714,9,106.77,14.25
552500.0,3339500.0,123.54535,30.18581,9,157.03,71.47
380500.0,3337500.0,121.759,30.16302,9,61.73,5.28
471500.0,3291500.0,122.70523,29.75343,9,30.27,97.17
518500.0,3258500.0,123.19078,29.45579,9,116.71,237.1
515500.0,3349500.0,123.16116,30.27708,9,23.06,3.14
554500.0,3314500.0,123.56484,29.96012,9,172.19,9347315085.51
395500.0,3194500.0,121.92843,28.87402,9,164.24,519.73
357500.0,3262500.0,121.53015,29.48391,9,24.39,4.19
436500.0,3309500.0,122.34218,29.91456,9,139.13,3.06
537500.0,3318500.0,123.3888,29.99685,9,66.66,7.88
368500.0,3160500.0,121.65556,28.56472,9,141.16,269.24
381500.0,3230500.0,121.78109,29.19766,9,174.08,1.67
444500.0,3180500.0,122.43155,28.75072,9,48.34,5444.09
417500.0,3208500.0,122.15298,29.00197,9,117.64,6.71
439500.0,3352500.0,122.3708,30.30274,9,6.68,3.1
465500.0,3233500.0,122.645,29.22982,9,80.42,4018.1
476500.0,3243500.0,122.75798,29.32032,9,161.59,944.45
511500.0,3269500.0,123.11871,29.55515,9,161.4,681.77
522500.0,3345500.0,123.23385,30.24088,9,49.77,59.61
390500.0,3143500.0,121.88206,28.41334,9,27.6,33.98
395500.0,3203500.0,121.9276,28.95524,9,134.18,971.4
364500.0,3221500.0,121.60736,29.11475,9,53.07,6.29
395500.0,3347500.0,121.91376,30.25463,9,7.93,4.68
434500.0,3207500.0,122.32756,28.99394,9,142.08,42.24
449500.0,3297500.0,122.47741,29.80687,9,75.52,5.47
454500.0,3183500.0,122.53385,28.77819,9,153.07,244572.11
490500.0,3236500.0,122.90222,29.25733,9,161.7,924.75
480500.0,3261500.0,122.79885,29.48285,9,167.39,294.65
477500.0,3258500.0,122.76797,29.45572,9,106.11,18.79
480500.0,3262500.0,122.79883,29.49187,9,47.12,185.14
482500.0,3309500.0,122.81871,29.91608,9,121.14,12.04
504500.0,3252500.0,123.04638,29.40177,9,159.73,433.0
503500.0,3266500.0,123.03612,29.52812,9,22.94,3.88
502500.0,3343500.0,123.02598,30.22303,9,72.41,8.71
556500.0,3249500.0,123.58218,29.37343,9,165.8,6015.91
291500.0,3313500.0,120.83988,29.9346,9,87.84,4.79
374500.0,3331500.0,121.69742,30.10828,9,90.29,2.96
446500.0,3178500.0,122.45213,28.73275,9,148.85,29780.02
405500.0,3288500.0,122.02292,29.72308,9,153.05,175.14
486500.0,3215500.0,122.86131,29.06775,9,85.67,2373.5
482500.0,3250500.0,122.81966,29.3836,9,125.22,3.7
474500.0,3250500.0,122.73722,29.38346,9,108.39,60.83
471500.0,3275500.0,122.70565,29.60903,9,143.84,218.32
517500.0,3306500.0,123.18124,29.889,9,160.13,10.09
381500.0,3176500.0,121.78678,28.71037,9,155.63,41.65
374500.0,3178500.0,121.71491,28.72775,9,95.6,15.06
373500.0,3160500.0,121.70667,28.56522,9,99.04,38.29
387500.0,3207500.0,121.84511,28.99066,9,154.6,5.11
388500.0,3184500.0,121.85765,28.78318,9,42.89,83.69
398500.0,3244500.0,121.95464,29.32548,9,107.26,7.99
398500.0,3346500.0,121.94504,30.24586,9,166.65,439.6
439500.0,3155500.0,122.38166,28.52484,9,147.56,958.18
425500.0,3175500.0,122.23728,28.70463,9,175.39,62.35
442500.0,3177500.0,122.41122,28.72355,9,160.57,3688.37
405500.0,3214500.0,122.02928,29.05529,9,17.37,2187.68
448500.0,3258500.0,122.46891,29.45487,9,83.73,413.26
406500.0,3273500.0,122.03455,29.58779,9,21.31,48.36
424500.0,3345500.0,122.21532,30.23874,9,7.24,5.08
463500.0,3149500.0,122.62714,28.47158,9,148.34,4196.22
456500.0,3198500.0,122.55376,28.91364,9,55.25,13.53
458500.0,3196500.0,122.57435,28.89566,9,153.64,372.4
470500.0,3187500.0,122.69766,28.81476,9,161.38,17979.77
469500.0,3200500.0,122.68706,28.93207,9,69.12,45.4
462500.0,3230500.0,122.61424,29.20266,9,17.25,180.14
471500.0,3240500.0,122.70656,29.29315,9,113.23,1054.68
480500.0,3251500.0,122.79903,29.3926,9,69.71,689.45
472500.0,3293500.0,122.71552,29.7715,9,33.7,1.64
509500.0,3175500.0,123.09726,28.70674,9,61.59,576.49
540500.0,3193500.0,123.41529,28.86861,9,163.02,212756.78
539500.0,3192500.0,123.405,28.85962,9,162.36,155744.44
516500.0,3220500.0,123.16959,29.11285,9,72.92,14.29
387500.0,3152500.0,121.85056,28.49431,9,10.67,310.85
370500.0,3145500.0,121.67769,28.42956,9,35.17,863.34
386500.0,3178500.0,121.83776,28.72886,9,138.8,1.94
450500.0,3149500.0,122.49434,28.47115,9,68.2,2639.72
442500.0,3162500.0,122.41197,28.58816,9,55.22,8082.37
440500.0,3159500.0,122.39168,28.56099,9,55.24,8.06
407500.0,3269500.0,122.04522,29.55177,9,91.81,19153.13
448500.0,3340500.0,122.46499,30.19487,9,18.86,6.79
454500.0,3199500.0,122.5332,28.9226,9,159.58,997.59
467500.0,3192500.0,122.66677,28.85981,9,149.9,22736.18
463500.0,3219500.0,122.62488,29.1034,9,123.76,15283.61
473500.0,3257500.0,122.72674,29.44662,9,8.79,78.87
481500.0,3289500.0,122.80869,29.73557,9,140.58,1802.32
457500.0,3302500.0,122.56,29.8523,9,164.22,5.4
474500.0,3340500.0,122.73509,30.1957,9,30.71,144.32
504500.0,3154500.0,123.04599,28.51722,9,149.07,12208.88
503500.0,3184500.0,123.03586,28.78801,9,61.82,37.84
512500.0,3270500.0,123.12904,29.56417,9,110.38,3.74
525500.0,3330500.0,123.26467,30.10545,9,139.98,1432.55
513500.0,3330500.0,123.14012,30.10564,9,72.19,505.22
379500.0,3146500.0,121.76947,28.43945,9,10.51,416.76
396500.0,3151500.0,121.94259,28.48603,9,0.98,25.09
387500.0,3162500.0,121.84958,28.58456,9,173.4,298.03
372500.0,3159500.0,121.69656,28.5561,9,87.31,2.38
400500.0,3158500.0,121.98285,28.54952,9,124.04,2.32
380500.0,3197500.0,121.77433,28.89978,9,111.37,52.51
375500.0,3210500.0,121.72162,29.01661,9,27.52,6078.86
365500.0,3212500.0,121.61872,29.03364,9,45.4,39.92
388500.0,3334500.0,121.84238,30.13671,9,127.33,5510.05
389500.0,3352500.0,121.85088,30.29921,9,51.14,6.58
430500.0,3151500.0,122.28993,28.48829,9,145.93,8516.9
404500.0,3157500.0,122.02382,28.54079,9,105.01,111.37
437500.0,3200500.0,122.35875,28.93091,9,88.62,4.29
435500.0,3184500.0,122.33914,28.7864,9,77.69,21.85
438500.0,3191500.0,122.3695,28.84973,9,75.48,17.65
435500.0,3191500.0,122.33874,28.84958,9,31.16,460.6
434500.0,3183500.0,122.32896,28.77732,9,36.39,14.54
420500.0,3180500.0,122.18575,28.74946,9,98.77,4.7
437500.0,3181500.0,122.3598,28.75942,9,137.48,93.96
411500.0,3258500.0,122.08739,29.4528,9,153.71,1457.79
411500.0,3257500.0,122.08747,29.44377,9,72.23,162.27
443500.0,3255500.0,122.41751,29.42758,9,62.93,3.6
443500.0,3314500.0,122.41443,29.96002,9,164.98,14.3
446500.0,3322500.0,122.44512,30.03235,9,150.29,191.86
425500.0,3340500.0,122.22606,30.19368,9,42.83,379.89
427500.0,3350500.0,122.24615,30.28404,9,113.65,53.82
490500.0,3150500.0,122.90294,28.48108,9,170.77,30255.45
478500.0,3163500.0,122.78011,28.59828,9,110.19,6459.23
476500.0,3157500.0,122.75977,28.54409,9,152.41,2040.95
480500.0,3171500.0,122.80042,28.67053,9,153.09,141561.45
453500.0,3176500.0,122.52389,28.71497,9,157.47,1509.14
455500.0,3223500.0,122.54251,29.13925,9,112.6,11.51
473500.0,3260500.0,122.72667,29.4737,9,166.61,3091.65
495500.0,3276500.0,122.95352,29.61837,9,106.5,2672.05
498500.0,3300500.0,122.98447,29.83498,9,166.11,1.46
455500.0,3342500.0,122.53762,30.2132,9,56.24,73.8
452500.0,3337500.0,122.50668,30.16796,9,138.55,436.39
470500.0,3339500.0,122.69356,30.18658,9,139.24,204.07
530500.0,3149500.0,123.31157,28.47173,9,150.02,39423.52
519500.0,3177500.0,123.19968,28.72468,9,162.11,152737.79
547500.0,3204500.0,123.48753,28.96766,9,159.98,426.56
539500.0,3200500.0,123.40528,28.93182,9,146.17,36390.94
544500.0,3214500.0,123.45713,29.05802,9,133.7,110.79
532500.0,3281500.0,123.33584,29.66308,9,77.85,2.53
509500.0,3278500.0,123.09814,29.63639,9,158.62,1411287171.57
509500.0,3275500.0,123.09812,29.60932,9,113.13,84843035458.62
512500.0,3307500.0,123.12947,29.89809,9,7.57,1.63
526500.0,3311500.0,123.27458,29.93397,9,100.0,2.2
552500.0,3260500.0,123.54149,29.47287,9,165.04,1682.5
555500.0,3329500.0,123.57599,30.09543,9,148.4,1220.19
552500.0,3320500.0,123.54441,30.01435,9,9.95,17582.68
400500.0,3161500.0,121.98259,28.57659,9,86.31,11.55
391500.0,3179500.0,121.88886,28.73832,9,138.55,751.21
401500.0,3160500.0,121.9929,28.56765,9,146.9,33.24
364500.0,3171500.0,121.61337,28.66357,9,20.34,25.91
386500.0,3184500.0,121.83716,28.78301,9,87.85,9.5
402500.0,3293500.0,121.99145,29.76796,9,102.86,66727240.72
426500.0,3160500.0,122.24849,28.5693,9,95.03,35.17
437500.0,3177500.0,122.36002,28.72332,9,142.71,70.21
446500.0,3161500.0,122.45292,28.57931,9,148.22,1810.58
436500.0,3172500.0,122.35006,28.67814,9,54.01,9.04
410500.0,3165500.0,122.08451,28.61342,9,13.9,2.27
428500.0,3201500.0,122.26635,28.93946,9,122.59,8.9
436500.0,3182500.0,122.3495,28.7684,9,55.24,2.82
415500.0,3231500.0,122.1307,29.20941,9,155.34,2.25
416500.0,3224500.0,122.14152,29.14631,9,106.02,280.29
419500.0,3234500.0,122.17163,29.23675,9,106.59,2.57
436500.0,3216500.0,122.34758,29.07526,9,107.64,979.3
425500.0,3235500.0,122.2333,29.24614,9,23.16,26.4
422500.0,3247500.0,122.20159,29.35426,9,38.6,22.63
444500.0,3257500.0,122.42772,29.44567,9,59.47,6.12
421500.0,3262500.0,122.19021,29.48956,9,1.93,10.33
416500.0,3255500.0,122.13917,29.42607,9,130.53,62.44
431500.0,3251500.0,122.29405,29.39088,9,88.3,3.26
416500.0,3239500.0,122.14039,29.28168,9,35.65,2.86
417500.0,3261500.0,122.14903,29.48028,9,86.38,45.42
409500.0,3243500.0,122.068,29.31729,9,93.45,615.33
429500.0,3268500.0,122.27235,29.54419,9,1.92,20364.81
414500.0,3276500.0,122.11691,29.61544,9,95.17,2.13
432500.0,3271500.0,122.30312,29.57143,9,36.2,6.37
444500.0,3333500.0,122.4238,30.13153,9,37.45,104.3
451500.0,3353500.0,122.49555,30.31231,9,49.71,435.31
481500.0,3205500.0,122.8101,28.97743,9,97.35,45.99
498500.0,3230500.0,122.98457,29.20321,9,119.87,31.52
498500.0,3267500.0,122.98452,29.53715,9,74.66,4.95
491500.0,3269500.0,122.91226,29.55517,9,44.25,10612908677.09
492500.0,3289500.0,122.92244,29.73568,9,56.83,106.25
458500.0,3330500.0,122.56926,30.10501,9,2.85,1.08
491500.0,3331500.0,122.91177,30.11471,9,178.46,6.3
489500.0,3334500.0,122.89098,30.14177,9,178.78,5.38
503500.0,3229500.0,123.036,29.19418,9,90.06,835.11
500500.0,3219500.0,123.00514,29.10393,9,104.53,6.96
514500.0,3253500.0,123.14947,29.41071,9,147.5,86.34
513500.0,3286500.0,123.13957,29.70856,9,41.14,16.92
508500.0,3315500.0,123.0881,29.97032,9,95.39,220.9
511500.0,3299500.0,123.11903,29.8259,9,5.79,2.04
533500.0,3313500.0,123.34717,29.95184,9,64.25,20.14
516500.0,3313500.0,123.171,29.95219,9,123.62,441.75
507500.0,3297500.0,123.07761,29.80788,9,169.28,34.8
507500.0,3298500.0,123.07762,29.81691,9,174.85,1197.28
524500.0,3296500.0,123.25351,29.79864,9,38.95,1.62
512500.0,3324500.0,123.12967,30.05151,9,64.89,52.49
500500.0,3327500.0,123.00519,30.07865,9,41.4,22.06
529500.0,3346500.0,123.30664,30.24975,9,49.08,345.97
555500.0,3296500.0,123.57427,29.79763,9,20.04,3106059381.62
394500.0,3161500.0,121.92124,28.57612,9,51.67,4.37
393500.0,3176500.0,121.90962,28.71141,9,178.06,162.55
399500.0,3194500.0,121.96945,28.87434,9,86.61,4.95
364500.0,3227500.0,121.60663,29.16889,9,136.95,74.84
415500.0,3149500.0,122.13683,28.46935,9,115.72,7.64
416500.0,3150500.0,122.14697,28.47844,9,138.45,15.82
430500.0,3179500.0,122.28822,28.74101,9,85.26,1.95
429500.0,3170500.0,122.27854,28.65973,9,149.68,19.76
432500.0,3175500.0,122.30894,28.70501,9,18.25,91.24
409500.0,3154500.0,122.07516,28.51408,9,32.28,8.51
407500.0,3154500.0,122.05472,28.51394,9,114.97,3.71
407500.0,3153500.0,122.0548,28.50491,9,112.37,43.05
418500.0,3157500.0,122.16691,28.54175,9,66.36,16.03
447500.0,3205500.0,122.46111,28.97649,9,176.62,35.48
444500.0,3232500.0,122.42898,29.22004,9,22.15,1.55
445500.0,3232500.0,122.43926,29.22009,9,32.71,471.01
422500.0,3224500.0,122.2032,29.14669,9,179.28,652.99
411500.0,3254500.0,122.08771,29.4167,9,33.48,5.47
430500.0,3249500.0,122.28387,29.37277,9,147.32,24.86
440500.0,3261500.0,122.38626,29.48159,9,87.2,499.86
444500.0,3258500.0,122.42767,29.4547,9,4.68,3317362431.55
423500.0,3287500.0,122.20908,29.71529,9,8.95,18.15
433500.0,3265500.0,122.31381,29.51733,9,71.18,62.95
420500.0,3270500.0,122.17932,29.56169,9,111.77,3.1
431500.0,3342500.0,122.28826,30.21208,9,86.16,5346.37
437500.0,3333500.0,122.35113,30.13119,9,34.64,5.21
425500.0,3336500.0,122.22635,30.15759,9,50.38,16.79
488500.0,3183500.0,122.88218,28.77894,9,155.11,3821.92
462500.0,3199500.0,122.61528,28.92286,9,158.83,1366.74
472500.0,3250500.0,122.71661,29.38342,9,166.34,1773.95
494500.0,3247500.0,122.94334,29.35663,9,156.16,1879.77
476500.0,3245500.0,122.75793,29.33838,9,160.4,5271.34
489500.0,3242500.0,122.89187,29.31147,9,154.14,231.07
490500.0,3257500.0,122.90204,29.44686,9,178.84,752.81
498500.0,3247500.0,122.98455,29.35665,9,45.95,950.92
452500.0,3239500.0,122.51098,29.28355,9,67.98,487.44
497500.0,3253500.0,122.97423,29.4108,9,47.71,854.82
478500.0,3252500.0,122.7784,29.40159,9,47.85,442.71
489500.0,3277500.0,122.89154,29.62736,9,99.23,52.95
481500.0,3295500.0,122.80859,29.78972,9,29.18,2.13
495500.0,3300500.0,122.95342,29.83497,9,165.32,4.49
469500.0,3331500.0,122.6834,30.11436,9,37.12,6.77
526500.0,3234500.0,123.2727,29.23904,9,145.66,3337.43
536500.0,3257500.0,123.37637,29.44637,9,173.19,6591.93
500500.0,3305500.0,123.00518,29.8801,9,58.22,652.83
527500.0,3337500.0,123.28561,30.16858,9,133.03,324.85
535500.0,3343500.0,123.3689,30.22252,9,55.98,4.55
535500.0,3341500.0,123.36883,30.20447,9,118.02,441.02
539500.0,3349500.0,123.41069,30.27654,9,110.45,6.64
556500.0,3350500.0,123.58749,30.28489,9,18.04,1049.48
414500.0,3171500.0,122.12498,28.66785,9,23.86,3.54
427500.0,3187500.0,122.25699,28.81305,9,39.77,40.69
405500.0,3218500.0,122.02894,29.09139,9,177.6,81.01
438500.0,3208500.0,122.36857,29.00316,9,174.1,6.32
405500.0,3240500.0,122.02707,29.28992,9,165.35,170.06
418500.0,3235500.0,122.16127,29.24571,9,9.62,22.77
394500.0,3162500.0,121.92115,28.58515,9,97.84,1.73
383500.0,3163500.0,121.80858,28.59323,9,129.36,287.66
379500.0,3158500.0,121.76821,28.54774,9,128.21,5753.3
396500.0,3187500.0,121.93933,28.81093,9,20.86,13.83
383500.0,3321500.0,121.79191,30.01895,9,16.16,3.14
396500.0,3348500.0,121.92405,30.26374,9,0.11,9.67
429500.0,3178500.0,122.27805,28.73193,9,98.95,308.89
417500.0,3176500.0,122.15531,28.71317,9,176.19,125.82
424500.0,3177500.0,122.22691,28.72262,9,60.55,207.73
430500.0,3204500.0,122.28669,28.96665,9,63.64,254.85
445500.0,3203500.0,122.44068,28.95835,9,136.81,11.3
428500.0,3181500.0,122.26762,28.75895,9,160.47,20.5
445500.0,3186500.0,122.4415,28.80491,9,136.78,1007.04
426500.0,3200500.0,122.2459,28.93032,9,29.34,7.09
445500.0,3185500.0,122.44155,28.79589,9,165.7,247.99
427500.0,3189500.0,122.25686,28.8311,9,25.94,11.38
429500.0,3181500.0,122.27786,28.75901,9,123.02,2.53
408500.0,3187500.0,122.06229,28.81184,9,178.16,5.07
444500.0,3213500.0,122.42992,29.04856,9,63.23,15.3
416500.0,3235500.0,122.14069,29.24558,9,7.73,9.31
427500.0,3230500.0,122.25421,29.20113,9,26.1,27.15
446500.0,3224500.0,122.44994,29.14793,9,113.02,4.82
434500.0,3230500.0,122.32621,29.20152,9,47.57,93.74
437500.0,3227500.0,122.35724,29.17459,9,146.16,372.61
431500.0,3227500.0,122.29554,29.17428,9,29.62,30.6
429500.0,3229500.0,122.27484,29.19222,9,103.82,5.76
426500.0,3232500.0,122.24379,29.21913,9,25.08,9.68
405500.0,3254500.0,122.02587,29.41626,9,11.28,256.24
440500.0,3257500.0,122.38647,29.44549,9,153.16,134.25
442500.0,3293500.0,122.40519,29.77047,9,86.42,8.67
433500.0,3354500.0,122.30828,30.32047,9,162.19,3.78
491500.0,3228500.0,122.91257,29.18513,9,143.11,1900.5
492500.0,3233500.0,122.92283,29.23027,9,133.13,4588.02
491500.0,3232500.0,122.91254,29.22123,9,140.76,11.12
484500.0,3235500.0,122.84048,29.24824,9,152.44,623.06
487500.0,3241500.0,122.87129,29.30243,9,126.79,130.12
492500.0,3258500.0,122.92266,29.4559,9,129.04,372.04
466500.0,3244500.0,122.65496,29.32912,9,84.68,1660.9
455500.0,3257500.0,122.54114,29.44611,9,55.01,243.08
466500.0,3253500.0,122.65469,29.41035,9,147.8,34.35
488500.0,3251500.0,122.88148,29.3927,9,118.57,27.2
469500.0,3264500.0,122.6853,29.50971,9,65.35,5.44
453500.0,3301500.0,122.51863,29.84313,9,96.75,100.74
461500.0,3314500.0,122.60098,29.96072,9,7.0,528.94
486500.0,3311500.0,122.86012,29.93418,9,44.4,75.43
452500.0,3301500.0,122.50828,29.84309,9,101.11,2.04
476500.0,3340500.0,122.75586,30.19574,9,115.86,108.07
457500.0,3342500.0,122.5584,30.21327,9,81.45,3.1
477500.0,3340500.0,122.76625,30.19576,9,37.43,7.73
454500.0,3332500.0,122.52766,30.12292,9,45.98,154.12
459500.0,3339500.0,122.5793,30.18626,9,69.2,53.18
503500.0,3256500.0,123.03609,29.43787,9,174.37,1784.15
502500.0,3263500.0,123.02579,29.50105,9,26.22,3890.64
524500.0,3282500.0,123.2532,29.67229,9,1.28,43.64
528500.0,3277500.0,123.2944,29.62708,9,32.4,122316736013.34
502500.0,3267500.0,123.0258,29.53715,9,177.49,9915.64
504500.0,3264500.0,123.04643,29.51007,9,23.48,3432.49
510500.0,3332500.0,123.109,30.12372,9,94.35,14.12
534500.0,3346500.0,123.35861,30.24962,9,22.73,132.17
519500.0,3351500.0,123.20278,30.29507,9,98.81,74.4
554500.0,3290500.0,123.56362,29.74353,9,103.41,151.52
387500.0,3147500.0,121.85105,28.44919,9,17.88,22.23
374500.0,3220500.0,121.71023,29.10675,9,129.4,222.87
409500.0,3150500.0,122.07547,28.47797,9,60.13,2.27
426500.0,3151500.0,122.24906,28.48807,9,112.51,4433.41
412500.0,3161500.0,122.10528,28.57746,9,24.7,4.41
424500.0,3165500.0,122.22771,28.61432,9,72.88,26.41
409500.0,3196500.0,122.07182,28.89313,9,124.69,23.45
406500.0,3184500.0,122.04204,28.78462,9,146.05,295.21
422500.0,3212500.0,122.20403,29.03839,9,159.58,278.72
439500.0,3222500.0,122.37808,29.12956,9,124.98,18.92
441500.0,3213500.0,122.39911,29.04843,9,58.56,5.31
417500.0,3230500.0,122.15135,29.20052,9,0.36,199.79
435500.0,3234500.0,122.33627,29.23767,9,145.27,1215.9
441500.0,3220500.0,122.39874,29.11161,9,25.8,12.01
439500.0,3254500.0,122.37633,29.41836,9,87.1,66.38
439500.0,3246500.0,122.37677,29.34617,9,79.29,8.26
420500.0,3275500.0,122.17895,29.60682,9,138.24,216.9
443500.0,3353500.0,122.41235,30.31196,9,43.74,2.26
485500.0,3153500.0,122.85183,28.50812,9,158.32,166684.82
458500.0,3204500.0,122.57406,28.96786,9,163.96,758.17
473500.0,3206500.0,122.72796,28.98632,9,155.52,899.3
457500.0,3201500.0,122.56391,28.94075,9,147.39,513.61
479500.0,3219500.0,122.78932,29.10376,9,170.12,3815.59
478500.0,3214500.0,122.77914,29.05862,9,174.99,124.88
459500.0,3264500.0,122.58213,29.50942,9,48.95,545.27
452500.0,3271500.0,122.5096,29.57235,9,176.7,1089.53
496500.0,3284500.0,122.96382,29.69058,9,42.26,648.81
454500.0,3313500.0,122.52847,29.95146,9,122.13,779.96
472500.0,3292500.0,122.71555,29.76247,9,173.31,2.39
476500.0,3297500.0,122.75681,29.80768,9,109.97,6.59
503500.0,3142500.0,123.03573,28.4089,9,176.02,5925.78
505500.0,3147500.0,123.05618,28.45403,9,117.08,1751.06
531500.0,3153500.0,123.32189,28.50782,9,176.37,42228.08
514500.0,3287500.0,123.14992,29.71757,9,174.55,859.05
528500.0,3309500.0,123.29525,29.91587,9,147.89,41.46
518500.0,3315500.0,123.19176,29.97021,9,124.94,1138.34
528500.0,3331500.0,123.29584,30.11441,9,16.68,673.61
517500.0,3339500.0,123.18179,30.18681,9,21.58,73.9
502500.0,3344500.0,123.02598,30.23206,9,149.74,882.96
557500.0,3195500.0,123.5897,28.88601,9,145.94,366022.21
556500.0,3180500.0,123.57869,28.75067,9,137.34,171980.56
551500.0,3298500.0,123.53298,29.81586,9,40.28,361.69
551500.0,3299500.0,123.53303,29.82488,9,175.5,1670.98
556500.0,3293500.0,123.58446,29.77051,9,112.36,129.18
553500.0,3341500.0,123.55584,30.20381,9,148.32,275.36
367500.0,3197500.0,121.64102,28.8985,9,23.94,2.91
471500.0,3196500.0,122.70768,28.89601,9,71.86,42.17
494500.0,3196500.0,122.94359,28.89632,9,174.63,1161.66
463500.0,3220500.0,122.62485,29.11243,9,61.53,314.36
484500.0,3298500.0,122.83958,29.81683,9,156.28,1933.54
464500.0,3346500.0,122.631,30.24959,9,129.47,452.32
533500.0,3197500.0,123.34363,28.90492,9,72.11,21.7
546500.0,3235500.0,123.47855,29.24748,9,34.42,3520.27
542500.0,3215500.0,123.43663,29.06711,9,167.52,39510.06
500500.0,3228500.0,123.00514,29.18516,9,150.23,154.05
504500.0,3255500.0,123.04639,29.42884,9,154.83,472.53
536500.0,3251500.0,123.37617,29.39222,9,48.04,604.48
510500.0,3288500.0,123.10857,29.72664,9,140.72,274.4
540500.0,3307500.0,123.41948,29.89749,9,46.81,1093.81
556500.0,3302500.0,123.58494,29.85173,9,138.95,409.57
557500.0,3303500.0,123.59534,29.86071,9,141.68,791.29
392500.0,3185500.0,121.89853,28.79255,9,4.82,402.31
414500.0,3148500.0,122.12669,28.46026,9,38.69,19.43
411500.0,3154500.0,122.09559,28.51421,9,32.08,1005.28
414500.0,3159500.0,122.12587,28.55954,9,61.91,44.72
407500.0,3207500.0,122.0504,28.99226,9,117.52,3.55
416500.0,3231500.0,122.14099,29.20948,9,95.32,64.35
426500.0,3257500.0,122.24212,29.44474,9,82.51,2.58
426500.0,3251500.0,122.24253,29.3906,9,88.71,148.84
417500.0,3263500.0,122.14888,29.49833,9,163.02,49.76
425500.0,3249500.0,122.23236,29.37249,9,176.7,399.45
427500.0,3245500.0,122.25323,29.33651,9,34.6,3.38
424500.0,3274500.0,122.22033,29.59804,9,18.21,251.04
416500.0,3268500.0,122.13818,29.54338,9,9.76,876.58
407500.0,3292500.0,122.04325,29.75932,9,156.38,59.07
446500.0,3323500.0,122.44507,30.04138,9,23.74,820.69
491500.0,3209500.0,122.91272,29.01364,9,174.31,923.75
485500.0,3232500.0,122.85081,29.22118,9,31.32,245.56
491500.0,3215500.0,122.91267,29.0678,9,79.41,68.08
473500.0,3262500.0,122.72662,29.49175,9,53.45,719.69
478500.0,3269500.0,122.77806,29.55502,9,163.0,1488.37
480500.0,3310500.0,122.79797,29.92507,9,17.46,1871.54
460500.0,3340500.0,122.58965,30.19532,9,56.51,14.93
508500.0,3180500.0,123.08706,28.75188,9,139.9,5010.31
525500.0,3193500.0,123.26148,28.869,9,157.75,34344.61
512500.0,3206500.0,123.12832,28.98653,9,145.43,391.38
507500.0,3196500.0,123.07693,28.89631,9,172.74,40161.36
508500.0,3202500.0,123.08723,28.95046,9,42.44,194.98
509500.0,3208500.0,123.09754,29.00461,9,163.72,2798.87
521500.0,3217500.0,123.22092,29.08569,9,69.34,264.78
501500.0,3217500.0,123.01541,29.08588,9,161.96,3381881738.09
516500.0,3249500.0,123.17002,29.37459,9,63.44,2.81
529500.0,3248500.0,123.30395,29.36533,9,161.8,273.42
535500.0,3270500.0,123.36648,29.56372,9,111.68,465.72
502500.0,3281500.0,123.02583,29.6635,9,136.28,13.34
502500.0,3292500.0,123.02586,29.76278,9,17.05,300.9
533500.0,3322500.0,123.34745,30.03306,9,6.14,91.35
529500.0,3321500.0,123.30594,30.02414,9,2.76,61.01
524500.0,3338500.0,123.25448,30.17767,9,24.1,2.18
540500.0,3324500.0,123.42013,30.0509,9,5.2,2008.99
517500.0,3322500.0,123.18151,30.0334,9,32.19,94.45
535500.0,3325500.0,123.3683,30.06008,9,0.03,33.24
551500.0,3219500.0,123.52927,29.10288,9,6.72,7225.77
556500.0,3265500.0,123.58301,29.51782,9,174.88,22950.21
553500.0,3301500.0,123.55383,29.84284,9,159.84,2623.69
548500.0,3320500.0,123.50293,30.01451,9,2.74,102.87
436500.0,3183500.0,122.34945,28.77742,9,151.67,1407.51
476500.0,3228500.0,122.7583,29.18494,9,150.91,1169.92
456500.0,3332500.0,122.54842,30.12299,9,144.92,2.48
516500.0,3221500.0,123.1696,29.12187,9,74.02,51.6
513500.0,3228500.0,123.13885,29.18509,9,148.32,2994.82
514500.0,3229500.0,123.14915,29.1941,9,146.78,3001.94
517500.0,3222500.0,123.1799,29.13088,9,143.07,4563.12
523500.0,3307500.0,123.24341,29.89793,9,130.74,82.22
375500.0,3191500.0,121.72372,28.84516,9,13.76,197.63
425500.0,3162500.0,122.23813,28.5873,9,18.35,1355.7
410500.0,3159500.0,122.08498,28.55927,9,111.41,69.41
421500.0,3171500.0,122.19661,28.66829,9,43.04,26.52
450500.0,3197500.0,122.49226,28.9044,9,7.24,271.67
430500.0,3238500.0,122.28457,29.2735,9,78.57,10.13
444500.0,3263500.0,122.42741,29.49982,9,64.32,5.04
482500.0,3216500.0,122.8202,29.07673,9,161.7,269.3
481500.0,3214500.0,122.80995,29.05866,9,147.93,351.33
480500.0,3253500.0,122.799,29.41065,9,162.0,1172.59
481500.0,3255500.0,122.80927,29.42871,9,158.58,71796.49
477500.0,3257500.0,122.76799,29.4467,9,129.55,3.19
453500.0,3291500.0,122.51906,29.75288,9,167.62,286.6
472500.0,3269500.0,122.71613,29.5549,9,73.38,134.15
479500.0,3292500.0,122.78795,29.76261,9,9.4,4.09
478500.0,3313500.0,122.77719,29.95211,9,77.68,3137.1
487500.0,3311500.0,122.87048,29.93419,9,148.7,6.8
472500.0,3298500.0,122.71539,29.81662,9,132.01,994.5
482500.0,3331500.0,122.81835,30.11462,9,89.72,181.76
485500.0,3334500.0,122.84945,30.14173,9,4.21,1573.38
478500.0,3332500.0,122.7768,30.12358,9,108.58,2.08
484500.0,3329500.0,122.83914,30.0966,9,166.69,2235.51
483500.0,3319500.0,122.82891,30.00634,9,63.14,7.29
517500.0,3274500.0,123.18073,29.60021,9,82.41,595.13
518500.0,3295500.0,123.19141,29.78972,9,25.5,3.15
526500.0,3297500.0,123.27423,29.80762,9,98.41,74.81
503500.0,3295500.0,123.03621,29.78985,9,9.06,451.11
504500.0,3324500.0,123.04668,30.05156,9,145.84,3.38
543500.0,3341500.0,123.45195,30.20421,9,8.13,1181.12
547500.0,3330500.0,123.49301,30.10479,9,24.15,197.11
502500.0,3334500.0,123.02596,30.14181,9,93.77,394.93
511500.0,3353500.0,123.11961,30.31322,9,111.27,1333.25
549500.0,3306500.0,123.51265,29.88813,9,174.72,609.96
491500.0,3263500.0,122.9123,29.50102,9,43.01,31.97
487500.0,3272500.0,122.87093,29.58222,9,112.52,16.37
479500.0,3266500.0,122.78844,29.52796,9,88.86,8.78
463500.0,3299500.0,122.62222,29.82541,9,7.92,29.16
493500.0,3296500.0,122.93274,29.79886,9,156.99,67405640.23
487500.0,3318500.0,122.8704,29.99736,9,18.74,13.94
476500.0,3341500.0,122.75584,30.20476,9,91.5,63401.47
514500.0,3167500.0,123.14835,28.63449,9,141.37,904603.6
517500.0,3181500.0,123.17926,28.76082,9,173.48,88495.26
512500.0,3240500.0,123.1287,29.29341,9,79.85,19.54
531500.0,3278500.0,123.32542,29.63603,9,117.29,256.38
533500.0,3273500.0,123.34593,29.59085,9,8.04,3131.69
536500.0,3315500.0,123.37833,29.96981,9,156.1,90183.37
428500.0,3236500.0,122.26411,29.25534,9,94.81,1240.52
482500.0,3266500.0,122.8194,29.52801,9,1.23,235064419.68
464500.0,3292500.0,122.6328,29.76227,9,147.29,101544.64
503500.0,3141500.0,123.03573,28.39987,9,155.45,24233.04
517500.0,3164500.0,123.179,28.60737,9,171.36,15664.88
529500.0,3184500.0,123.30226,28.78768,9,25.85,16568.33
511500.0,3274500.0,123.11876,29.60028,9,179.32,36298.52
510500.0,3298500.0,123.10867,29.81689,9,87.98,60.66
509500.0,3338500.0,123.09868,30.17788,9,152.68,118.86
431500.0,3277500.0,122.29242,29.62552,9,107.3,3419.3
490500.0,3184500.0,122.90266,28.78798,9,165.98,1362.1
500500.0,3242500.0,123.00515,29.31152,9,153.82,16066.36
500500.0,3241500.0,123.00515,29.30249,9,151.69,10804.1
500500.0,3258500.0,123.00516,29.45593,9,25.56,27863.57
538500.0,3265500.0,123.39727,29.51851,9,104.96,101.63
533500.0,3272500.0,123.3459,29.58183,9,54.75,3778.24
556500.0,3317500.0,123.58573,29.9871,9,154.26,1911950865.66
436500.0,3352500.0,122.33961,30.30259,8,28.48,562.56
477500.0,3291500.0,122.76729,29.75355,8,160.85,12.51
481500.0,3310500.0,122.80833,29.92509,8,83.63,61.28
497500.0,3314500.0,122.97409,29.96132,8,13.73,930.75
494500.0,3296500.0,122.94309,29.79887,8,77.56,55.18
477500.0,3311500.0,122.76687,29.93405,8,98.92,136.69
475500.0,3321500.0,122.74591,30.02425,8,125.26,141.73
500500.0,3312500.0,123.00518,29.94328,8,132.79,1094.79
514500.0,3308500.0,123.1502,29.90709,8,98.0,4.39
382500.0,3184500.0,121.79619,28.78265,8,172.63,73272.78
394500.0,3280500.0,121.90998,29.65,8,97.92,1326.54
431500.0,3248500.0,122.29424,29.3638,8,123.04,1002.92
414500.0,3345500.0,122.1114,30.23807,8,81.64,3.12
477500.0,3255500.0,122.76803,29.42865,8,72.94,147.07
499500.0,3298500.0,122.99483,29.81693,8,169.23,1854.8
474500.0,3317500.0,122.73564,29.98813,8,164.1,2.8
462500.0,3302500.0,122.61176,29.85246,8,86.61,78.45
506500.0,3230500.0,123.06687,29.20319,8,160.23,3101.81
530500.0,3340500.0,123.31686,30.19558,8,175.68,124156.6
535500.0,3332500.0,123.36853,30.12325,8,66.74,6.64
410500.0,3172500.0,122.08397,28.6766,8,92.05,2.3
407500.0,3225500.0,122.04891,29.15471,8,168.24,103.39
430500.0,3278500.0,122.28203,29.63449,8,122.89,190.68
448500.0,3315500.0,122.4662,29.96927,8,32.29,131.91
483500.0,3268500.0,122.82969,29.54607,8,161.85,6297.66
481500.0,3313500.0,122.80828,29.95216,8,31.19,5.89
370500.0,3158500.0,121.67623,28.54688,8,81.93,110.8
396500.0,3214500.0,121.93684,29.05459,8,167.36,3.94
399500.0,3250500.0,121.96439,29.3797,8,77.68,285.8
382500.0,3247500.0,121.78957,29.35115,8,47.51,251.77
417500.0,3154500.0,122.1569,28.51461,8,138.12,23.76
426500.0,3168500.0,122.24797,28.64151,8,73.18,247.99
435500.0,3201500.0,122.33817,28.93983,8,131.55,2619.99
433500.0,3182500.0,122.31877,28.76825,8,154.12,125.01
435500.0,3209500.0,122.33771,29.01204,8,34.62,200.46
431500.0,3233500.0,122.29517,29.22843,8,43.29,765.77
425500.0,3229500.0,122.2337,29.19199,8,86.12,33605.83
431500.0,3234500.0,122.29511,29.23746,8,95.19,1689.37
437500.0,3209500.0,122.35825,29.01214,8,164.0,16524.26
435500.0,3210500.0,122.33766,29.02106,8,54.92,68.96
437500.0,3211500.0,122.35814,29.03019,8,122.76,179.98
443500.0,3224500.0,122.41909,29.1478,8,140.78,888.32
450500.0,3218500.0,122.49133,29.09394,8,33.89,31.98
434500.0,3208500.0,122.3275,29.00296,8,79.92,33.38
431500.0,3241500.0,122.29467,29.30063,8,147.79,2014.72
452500.0,3221500.0,122.51175,29.12109,8,4.19,207.97
461500.0,3223500.0,122.60419,29.13945,8,61.64,974.61
461500.0,3300500.0,122.60148,29.83438,8,14.29,2.77
499500.0,3307500.0,122.99482,29.89815,8,57.91,13.62
452500.0,3332500.0,122.5069,30.12284,8,20.2,4.44
466500.0,3324500.0,122.65248,30.05111,8,58.26,1.41
524500.0,3260500.0,123.2527,29.47374,8,37.12,99.63
512500.0,3317500.0,123.12959,29.98834,8,7.29,7.75
522500.0,3315500.0,123.23322,29.97014,8,78.04,3.74
524500.0,3311500.0,123.25386,29.93401,8,93.0,1.38
507500.0,3305500.0,123.07767,29.88008,8,82.25,114.61
517500.0,3352500.0,123.182,30.30413,8,129.09,502.18
554500.0,3350500.0,123.56669,30.28498,8,127.97,1197.63
376500.0,3331500.0,121.71817,30.10849,8,75.44,204.47
432500.0,3287500.0,122.30213,29.71582,8,34.07,184.91
415500.0,3305500.0,122.12497,29.8772,8,143.23,52.43
498500.0,3218500.0,122.98459,29.0949,8,177.44,37.84
478500.0,3309500.0,122.77727,29.91601,8,103.33,1071.03
459500.0,3306500.0,122.58055,29.88846,8,177.45,30.22
467500.0,3323500.0,122.66289,30.04212,8,14.36,81.52
507500.0,3201500.0,123.07696,28.94144,8,78.76,7.02
422500.0,3316500.0,122.19665,29.97693,8,161.46,412.79
409500.0,3345500.0,122.05944,30.23771,8,153.87,401.54
458500.0,3194500.0,122.57442,28.87761,8,154.53,3712.38
471500.0,3237500.0,122.70664,29.26607,8,68.59,39.13
506500.0,3269500.0,123.0671,29.55519,8,121.0,14.01
511500.0,3326500.0,123.11932,30.06957,8,87.08,9.22
382500.0,3279500.0,121.78613,29.6399,8,108.06,3.24
377500.0,3314500.0,121.7305,29.95521,8,41.05,5.51
420500.0,3169500.0,122.18652,28.65018,8,172.92,39.79
418500.0,3164500.0,122.16641,28.60493,8,158.09,55.49
417500.0,3163500.0,122.15625,28.59584,8,143.96,182.65
409500.0,3169500.0,122.07397,28.64946,8,37.0,1024.7
436500.0,3207500.0,122.34809,28.99404,8,7.89,4.24
441500.0,3192500.0,122.4002,28.85889,8,62.63,1.81
441500.0,3219500.0,122.39879,29.10258,8,6.18,17.28
440500.0,3208500.0,122.3891,29.00325,8,120.58,3.79
447500.0,3215500.0,122.46064,29.06674,8,53.26,1.85
407500.0,3243500.0,122.04741,29.31715,8,102.45,228.31
407500.0,3248500.0,122.04699,29.36227,8,108.98,61.43
409500.0,3259500.0,122.06669,29.46168,8,37.71,33.01
431500.0,3349500.0,122.28781,30.27524,8,81.38,3.66
483500.0,3315500.0,122.82897,29.97024,8,120.29,9.57
480500.0,3328500.0,122.79764,30.08751,8,96.55,1331.72
529500.0,3246500.0,123.3039,29.34727,8,120.59,15.01
512500.0,3302500.0,123.12941,29.85297,8,137.19,8141.23
384500.0,3170500.0,121.8181,28.65649,8,42.37,127.59
370500.0,3268500.0,121.66349,29.53946,8,97.41,675.87
445500.0,3205500.0,122.44058,28.9764,8,94.63,721.96
413500.0,3203500.0,122.1123,28.95658,8,66.35,511.23
426500.0,3234500.0,122.24366,29.23718,8,8.97,56.26
438500.0,3313500.0,122.36267,29.95076,8,167.06,65.47
453500.0,3262500.0,122.5203,29.49116,8,118.41,31.09
453500.0,3263500.0,122.52026,29.50019,8,93.12,234.5
472500.0,3317500.0,122.71491,29.98809,8,156.81,1.13
501500.0,3302500.0,123.01553,29.85303,8,34.31,16.21
503500.0,3301500.0,123.03623,29.844,8,137.81,23.79
350500.0,3311500.0,121.45119,29.92515,8,33.66,366.89
375500.0,3146500.0,121.72863,28.43907,8,97.07,59.41
377500.0,3166500.0,121.74691,28.61975,8,4.21,121.83
391500.0,3205500.0,121.88636,28.97295,8,83.24,97.4
389500.0,3193500.0,121.86702,28.86449,8,78.12,637.65
382500.0,3188500.0,121.79578,28.81875,8,27.21,31728.6
381500.0,3235500.0,121.78055,29.24278,8,15.44,1441.76
428500.0,3169500.0,122.26837,28.65065,8,141.77,1202.27
415500.0,3202500.0,122.1329,28.94769,8,31.27,409.64
417500.0,3215500.0,122.15246,29.06515,8,113.2,311.18
431500.0,3209500.0,122.29664,29.01183,8,106.85,23.7
422500.0,3209500.0,122.20424,29.01131,8,171.34,13.7
420500.0,3257500.0,122.18026,29.44438,8,149.86,1142793704960.64
408500.0,3249500.0,122.05721,29.37136,8,34.9,7386.37
450500.0,3267500.0,122.48913,29.53617,8,83.86,240.39
449500.0,3266500.0,122.47886,29.52711,8,137.33,18.27
420500.0,3317500.0,122.17585,29.98582,8,143.5,119.56
421500.0,3317500.0,122.18622,29.98589,8,147.79,155.62
421500.0,3316500.0,122.18629,29.97686,8,158.86,56.51
455500.0,3243500.0,122.54171,29.31976,8,169.34,1256.65
488500.0,3317500.0,122.88078,29.98835,8,45.78,12.48
460500.0,3339500.0,122.58968,30.1863,8,149.65,706.91
495500.0,3336500.0,122.95327,30.15986,8,153.1,81.79
474500.0,3321500.0,122.73554,30.02423,8,14.75,415.6
539500.0,3164500.0,123.40402,28.60689,8,150.87,471818.68
506500.0,3226500.0,123.06684,29.16709,8,161.47,512264.87
520500.0,3309500.0,123.21237,29.91603,8,154.45,510.91
517500.0,3317500.0,123.18142,29.98828,8,139.71,21286.15
518500.0,3309500.0,123.19165,29.91606,8,76.86,34.47
525500.0,3309500.0,123.26417,29.91594,8,79.24,48.97
515500.0,3311500.0,123.1606,29.93415,8,17.2,531.81
501500.0,3328500.0,123.01557,30.08767,8,50.23,1881.67
396500.0,3287500.0,121.92997,29.71333,8,29.77,488.5
437500.0,3267500.0,122.35497,29.53559,8,78.02,7.51
436500.0,3277500.0,122.34407,29.62578,8,65.73,453.07
453500.0,3236500.0,122.5214,29.25651,8,55.53,24.17
481500.0,3262500.0,122.80915,29.49189,8,64.75,5.26
486500.0,3253500.0,122.86084,29.41073,8,70.12,8.59
491500.0,3332500.0,122.91176,30.12374,8,23.25,9275.14
504500.0,3218500.0,123.04624,29.09489,8,26.93,16.16
522500.0,3216500.0,123.23118,29.07665,8,75.35,91.54
513500.0,3298500.0,123.13972,29.81686,8,52.15,195.35
510500.0,3291500.0,123.1086,29.75371,8,178.6,4.65
510500.0,3306500.0,123.10875,29.88908,8,61.76,1.42
399500.0,3248500.0,121.96458,29.36165,8,161.56,2685.38
429500.0,3141500.0,122.28032,28.39798,8,148.78,14556.26
441500.0,3169500.0,122.40139,28.6513,8,145.69,22504.1
420500.0,3219500.0,122.18299,29.10144,8,24.99,40.92
483500.0,3207500.0,122.8306,28.99551,8,160.2,13244.15
510500.0,3153500.0,123.1073,28.50815,8,176.51,640338.8
507500.0,3157500.0,123.07667,28.54428,8,145.24,200979.74
520500.0,3305500.0,123.2123,29.87993,8,167.08,946258.53
526500.0,3342500.0,123.27535,30.21372,8,76.9,118626.13
554500.0,3209500.0,123.55961,29.0125,8,167.19,35204.61
552500.0,3237500.0,123.5404,29.2653,8,46.91,239327.77
349500.0,3262500.0,121.44765,29.48297,8,123.12,2.36
452500.0,3172500.0,122.51382,28.67883,8,153.42,176811.05
471500.0,3233500.0,122.70674,29.22997,8,154.15,16907.32
467500.0,3233500.0,122.66558,29.22987,8,165.67,4028.02
467500.0,3232500.0,122.66561,29.22084,8,160.23,2249.61
491500.0,3251500.0,122.9124,29.39272,8,32.31,247.3
471500.0,3264500.0,122.70594,29.50975,8,131.0,3.66
481500.0,3323500.0,122.8081,30.04241,8,56.97,2.37
474500.0,3327500.0,122.7354,30.07838,8,173.55,62.28
476500.0,3328500.0,122.75613,30.08744,8,178.32,1.05
534500.0,3257500.0,123.35575,29.44643,8,158.56,21268.6
518500.0,3256500.0,123.19075,29.43774,8,27.52,2301.5
524500.0,3272500.0,123.25297,29.58204,8,167.89,15765.29
547500.0,3345500.0,123.49368,30.24015,8,168.59,22093.93
547500.0,3347500.0,123.49378,30.2582,8,179.0,25.15
368500.0,3145500.0,121.65727,28.42936,8,72.95,97.36
358500.0,3153500.0,121.55421,28.50051,8,143.91,4.42
414500.0,3200500.0,122.12279,28.92958,8,169.93,270.74
415500.0,3200500.0,122.13305,28.92964,8,147.26,348.24
409500.0,3312500.0,122.06225,29.93994,8,170.29,44.42
471500.0,3209500.0,122.70736,29.01335,8,59.37,5028.4
495500.0,3279500.0,122.95351,29.64545,8,52.09,4.45
373500.0,3191500.0,121.70322,28.84497,8,116.9,40.44
379500.0,3223500.0,121.76128,29.13431,8,1.68,1352501785.27
408500.0,3266500.0,122.05579,29.52477,8,90.48,1539.59
422500.0,3272500.0,122.19982,29.57987,8,175.17,2536.54
489500.0,3261500.0,122.89169,29.48296,8,141.99,5911.28
476500.0,3244500.0,122.75796,29.32935,8,164.24,7847.57
517500.0,3305500.0,123.18123,29.87998,8,65.91,115.08
400500.0,3252500.0,121.97452,29.39783,8,6.68,8160.3
483500.0,3232500.0,122.83023,29.22115,8,150.82,615169.26
475500.0,3213500.0,122.74834,29.04954,8,162.57,676.47
489500.0,3232500.0,122.89197,29.22122,8,165.77,457420.48
466500.0,3260500.0,122.65447,29.47353,8,77.37,97.06
468500.0,3264500.0,122.67498,29.50968,8,66.02,68.27
483500.0,3269500.0,122.82968,29.55509,8,163.43,16343.29
485500.0,3352500.0,122.8492,30.30417,8,7.99,16875389713.9
507500.0,3251500.0,123.0773,29.39273,8,22.09,375.77
529500.0,3289500.0,123.30506,29.73535,8,105.43,3374.64
505500.0,3272500.0,123.05679,29.58227,8,93.51,2.57
505500.0,3273500.0,123.05679,29.59129,8,144.22,194932.21
539500.0,3298500.0,123.4088,29.8163,8,24.27,2.15
507500.0,3335500.0,123.07788,30.15082,8,22.06,159.2
283500.0,3331500.0,120.75339,30.09553,8,157.33,19839.4
432500.0,3161500.0,122.30977,28.57865,8,126.31,31143.98
480500.0,3177500.0,122.80032,28.72468,8,147.47,6948.66
470500.0,3248500.0,122.69605,29.36533,8,81.46,386.97
484500.0,3248500.0,122.8403,29.36558,8,44.04,30982.68
509500.0,3150500.0,123.09706,28.48108,8,149.83,520864.15
509500.0,3151500.0,123.09706,28.49011,8,149.64,101751.39
545500.0,3167500.0,123.46551,28.63377,8,144.13,86566.48
510500.0,3286500.0,123.10855,29.70859,8,4.18,1036.67
533500.0,3317500.0,123.3473,29.98794,8,38.81,95.12
539500.0,3348500.0,123.41065,30.26751,8,140.62,4868.91
395500.0,3142500.0,121.93319,28.40473,8,136.25,211.54
374500.0,3181500.0,121.71458,28.75482,8,90.45,949.0
398500.0,3204500.0,121.95829,28.96451,8,163.08,3966.66
392500.0,3343500.0,121.88299,30.21828,8,134.81,17.42
374500.0,3351500.0,121.69504,30.28872,8,175.57,2.45
440500.0,3160500.0,122.39162,28.57002,8,52.81,154.37
441500.0,3156500.0,122.40205,28.53396,8,157.29,513.39
448500.0,3259500.0,122.46887,29.46389,8,172.81,3894.51
449500.0,3263500.0,122.479,29.50003,8,73.25,2873.38
407500.0,3306500.0,122.04205,29.88565,8,5.72,1.83
473500.0,3174500.0,122.72871,28.69748,8,158.6,11086727.61
472500.0,3193500.0,122.71801,28.86896,8,159.97,62611.28
474500.0,3202500.0,122.73832,28.95023,8,149.47,69102073.62
454500.0,3193500.0,122.53345,28.86844,8,159.35,93455492.82
493500.0,3205500.0,122.93328,28.97755,8,34.5,77.74
487500.0,3204500.0,122.8717,28.96848,8,149.99,741.42
451500.0,3191500.0,122.50277,28.85028,8,133.55,59.57
480500.0,3249500.0,122.79907,29.37455,8,160.63,5963.91
476500.0,3276500.0,122.75727,29.61816,8,83.5,323.33
471500.0,3265500.0,122.70591,29.51878,8,122.5,28.63
482500.0,3334500.0,122.8183,30.14169,8,136.08,293.44
486500.0,3331500.0,122.85987,30.11467,8,46.46,10590621419.83
507500.0,3171500.0,123.07676,28.67065,8,147.61,138785.97
507500.0,3172500.0,123.07677,28.67968,8,147.3,24681.7
521500.0,3153500.0,123.21971,28.50802,8,142.53,72050298.51
503500.0,3205500.0,123.03593,28.97756,8,88.64,91.92
543500.0,3183500.0,123.44566,28.77825,8,134.27,2582272.89
510500.0,3202500.0,123.10775,28.95044,8,160.0,125487.71
538500.0,3187500.0,123.39457,28.81452,8,166.47,293423.3
521500.0,3280500.0,123.22215,29.65429,8,77.8,907.13
514500.0,3342500.0,123.15066,30.21393,8,32.57,115.37
557500.0,3306500.0,123.5955,29.88778,8,153.96,510.21
548500.0,3314500.0,123.50266,29.96037,8,151.93,1141404405004.17
441500.0,3168500.0,122.40144,28.64227,8,151.47,1000.19
444500.0,3246500.0,122.42827,29.3464,8,59.6,3655.18
429500.0,3343500.0,122.26742,30.22099,8,79.46,50.86
470500.0,3162500.0,122.69831,28.5891,8,159.26,6247779.47
460500.0,3211500.0,122.59434,29.03111,8,160.91,1562.83
459500.0,3208500.0,122.58417,29.004,8,158.97,5870152180.09
497500.0,3247500.0,122.97424,29.35664,8,46.76,3.01
487500.0,3275500.0,122.8709,29.60929,8,164.53,5073.91
468500.0,3351500.0,122.67243,30.29482,8,30.83,134.43
500500.0,3233500.0,123.00514,29.23029,8,63.88,43.63
525500.0,3329500.0,123.26465,30.09643,8,48.15,3.36
534500.0,3342500.0,123.35848,30.21352,8,70.98,4.34
536500.0,3353500.0,123.37964,30.31273,8,158.62,1535069794.45
552500.0,3209500.0,123.53908,29.01259,8,169.01,12343537.43
548500.0,3323500.0,123.50307,30.04159,8,160.92,303.39
370500.0,3150500.0,121.67713,28.47468,8,143.46,3.67
386500.0,3144500.0,121.84113,28.42202,8,99.03,604.17
392500.0,3153500.0,121.90155,28.50376,8,32.42,5.37
389500.0,3172500.0,121.86906,28.67498,8,161.25,13.36
370500.0,3159500.0,121.67611,28.5559,8,122.99,5.53
389500.0,3201500.0,121.86623,28.93669,8,33.9,47.3
382500.0,3199500.0,121.79463,28.91801,8,152.54,236.51
392500.0,3214500.0,121.89576,29.05426,8,42.15,19190.18
379500.0,3225500.0,121.76106,29.15235,8,169.94,352.79
402500.0,3253500.0,121.99504,29.40701,8,149.22,88.88
400500.0,3247500.0,121.97497,29.35271,8,98.34,134.86
389500.0,3284500.0,121.85792,29.68566,8,11.32,31.77
402500.0,3271500.0,121.99343,29.56944,8,152.28,7753.68
393500.0,3286500.0,121.89906,29.70405,8,117.43,1162271276.76
402500.0,3266500.0,121.99388,29.52432,8,116.46,1571380993.53
439500.0,3142500.0,122.38235,28.4075,8,155.37,372933455.98
439500.0,3144500.0,122.38224,28.42555,8,150.54,51927649180.04
413500.0,3169500.0,122.1149,28.64973,8,103.61,8.2
409500.0,3161500.0,122.0746,28.57725,8,71.78,2.37
416500.0,3203500.0,122.14308,28.95678,8,59.51,1.57
443500.0,3190500.0,122.42081,28.84093,8,129.05,301.84
439500.0,3194500.0,122.37959,28.87685,8,81.75,2.95
402500.0,3182500.0,122.00124,28.76627,8,161.16,233.0
444500.0,3191500.0,122.43101,28.85,8,15.42,11.08
441500.0,3193500.0,122.40015,28.86792,8,70.37,13.8
410500.0,3220500.0,122.08016,29.1098,8,108.8,5.6
403500.0,3214500.0,122.00874,29.05514,8,20.63,151406279.9
444500.0,3255500.0,122.42782,29.42762,8,61.5,32.55
405500.0,3247500.0,122.02647,29.35309,8,16.5,168527178.52
443500.0,3262500.0,122.41715,29.49075,8,125.76,1721.75
404500.0,3250500.0,122.01591,29.38009,8,32.11,3569.8
436500.0,3260500.0,122.34506,29.47236,8,91.54,131.85
415500.0,3249500.0,122.12933,29.37185,8,176.82,745.44
403500.0,3237500.0,122.00674,29.2627,8,64.58,12.74
442500.0,3282500.0,122.40578,29.6712,8,63.28,55.14
418500.0,3291500.0,122.15709,29.75107,8,28.04,58.76
437500.0,3293500.0,122.35347,29.77023,8,78.31,1582.29
446500.0,3350500.0,122.4437,30.28502,8,128.66,695.77
490500.0,3151500.0,122.90294,28.49011,8,169.79,116631.93
465500.0,3164500.0,122.64712,28.60703,8,75.65,11.39
483500.0,3178500.0,122.83103,28.73375,8,162.65,1723.75
494500.0,3158500.0,122.94377,28.55332,8,173.45,8400.54
469500.0,3197500.0,122.68714,28.90499,8,65.1,6.13
461500.0,3210500.0,122.60464,29.02211,8,157.69,1180.48
496500.0,3216500.0,122.96404,29.07685,8,71.92,29.49
469500.0,3218500.0,122.68657,29.09454,8,60.16,220.86
462500.0,3208500.0,122.61498,29.00409,8,168.8,198.73
467500.0,3237500.0,122.66547,29.26597,8,158.54,451.26
467500.0,3238500.0,122.66544,29.275,8,25.98,10.27
462500.0,3268500.0,122.61294,29.54561,8,147.24,401.8
489500.0,3318500.0,122.89114,29.99738,8,82.19,1.42
496500.0,3340500.0,122.96364,30.19596,8,5.14,1461.76
548500.0,3167500.0,123.4962,28.63366,8,127.47,6216.25
518500.0,3171500.0,123.18934,28.67054,8,175.79,60955.47
546500.0,3203500.0,123.47722,28.95867,8,150.36,2206.01
543500.0,3191500.0,123.44597,28.85046,8,176.32,281060.92
519500.0,3194500.0,123.19997,28.87813,8,148.43,115097.03
543500.0,3192500.0,123.44601,28.85949,8,176.79,56004.6
539500.0,3187500.0,123.40482,28.81449,8,172.75,13454.84
541500.0,3206500.0,123.42602,28.98592,8,162.42,183804.76
547500.0,3202500.0,123.48744,28.9496,8,170.1,22731.15
509500.0,3235500.0,123.09777,29.2483,8,14.94,1571.75
511500.0,3257500.0,123.11858,29.44685,8,80.31,4.1
530500.0,3261500.0,123.31461,29.48263,8,89.47,14.19
510500.0,3249500.0,123.1082,29.37465,8,9.83,322.85
520500.0,3291500.0,123.21203,29.75359,8,39.41,1.1
522500.0,3313500.0,123.23317,29.9521,8,19.7,11.28
533500.0,3347500.0,123.34824,30.25867,8,73.02,9.57
553500.0,3264500.0,123.552,29.50893,8,160.63,4567.06
364500.0,3174500.0,121.61301,28.69065,8,161.85,6.01
365500.0,3173500.0,121.62336,28.68173,8,55.54,11.71
362500.0,3166500.0,121.59351,28.61824,8,8.15,308.91
389500.0,3176500.0,121.86867,28.71107,8,54.41,13.54
389500.0,3200500.0,121.86633,28.92766,8,61.8,4.68
385500.0,3210500.0,121.82428,29.01755,8,177.55,134.35
427500.0,3150500.0,122.25934,28.4791,8,141.71,201672657.84
410500.0,3167500.0,122.08436,28.63147,8,19.67,426.6
415500.0,3176500.0,122.13484,28.71304,8,61.12,718.41
442500.0,3202500.0,122.40994,28.94919,8,63.46,377.0
428500.0,3200500.0,122.26641,28.93044,8,165.39,191.0
408500.0,3218500.0,122.05977,29.09161,8,116.47,30.32
432500.0,3218500.0,122.30637,29.09311,8,61.04,93.97
426500.0,3253500.0,122.24239,29.40865,8,67.69,23.98
432500.0,3253500.0,122.30423,29.40898,8,123.1,329.73
418500.0,3259500.0,122.15949,29.4623,8,117.23,3.58
408500.0,3238500.0,122.05812,29.2721,8,50.46,232.73
416500.0,3247500.0,122.13978,29.35387,8,94.35,9.51
431500.0,3255500.0,122.2938,29.42698,8,68.89,110.6
421500.0,3249500.0,122.19114,29.37224,8,129.44,2289382333.74
427500.0,3262500.0,122.2521,29.48992,8,142.14,10.58
435500.0,3240500.0,122.33592,29.29182,8,13.04,13135.28
424500.0,3236500.0,122.22294,29.25511,8,36.24,525.58
429500.0,3265500.0,122.27254,29.51711,8,78.61,15.48
432500.0,3270500.0,122.30318,29.5624,8,65.3,17.02
426500.0,3265500.0,122.24159,29.51694,8,158.09,435.29
428500.0,3269500.0,122.26196,29.55315,8,3.32,65.75
452500.0,3186500.0,122.51323,28.80519,8,158.57,357.51
454500.0,3224500.0,122.53219,29.14824,8,93.28,2.26
452500.0,3231500.0,122.51133,29.21134,8,56.82,111.33
476500.0,3248500.0,122.75787,29.36545,8,161.83,1118.15
487500.0,3260500.0,122.87107,29.47391,8,131.97,14.73
498500.0,3244500.0,122.98455,29.32957,8,154.83,404310340.3
454500.0,3240500.0,122.53153,29.29265,8,55.39,2445.84
470500.0,3290500.0,122.69491,29.74438,8,7.91,522.76
496500.0,3306500.0,122.96375,29.88912,8,110.64,1.67
463500.0,3337500.0,122.62092,30.16834,8,8.09,393.38
490500.0,3334500.0,122.90136,30.14178,8,20.16,20.0
512500.0,3235500.0,123.12865,29.24828,8,90.57,4783.31
519500.0,3270500.0,123.20131,29.56408,8,121.38,142.1
512500.0,3314500.0,123.12955,29.96126,8,4.17,266.32
519500.0,3292500.0,123.2017,29.76263,8,166.71,192.37
534500.0,3310500.0,123.35744,29.92474,8,72.36,41302851.48
543500.0,3314500.0,123.45084,29.96055,8,89.0,86565397.54
524500.0,3317500.0,123.25399,29.98816,8,17.65,350.99
513500.0,3337500.0,123.14021,30.16882,8,160.31,2745.93
547500.0,3340500.0,123.49346,30.19503,8,10.41,4869.03
511500.0,3323500.0,123.11929,30.04249,8,106.62,2539.71
517500.0,3333500.0,123.18169,30.13267,8,153.02,3168668100.98
501500.0,3322500.0,123.01556,30.03352,8,33.4,12.52
523500.0,3327500.0,123.24385,30.07842,8,78.53,1106.66
546500.0,3341500.0,123.48312,30.2041,8,92.95,14.3
546500.0,3327500.0,123.4825,30.07776,8,131.85,211.32
528500.0,3350500.0,123.29635,30.28587,8,44.24,1142622565003.87
529500.0,3347500.0,123.30666,30.25877,8,49.11,2142.72
552500.0,3297500.0,123.54328,29.80679,8,54.6,8.88
557500.0,3330500.0,123.5968,30.10436,8,107.04,117.02
391500.0,3172500.0,121.88953,28.67515,8,112.67,1.78
391500.0,3171500.0,121.88962,28.66612,8,103.8,2.62
396500.0,3176500.0,121.94033,28.71166,8,166.8,180.76
385500.0,3195500.0,121.82581,28.88219,8,151.45,844.16
387500.0,3199500.0,121.84591,28.91846,8,45.13,609.18
382500.0,3192500.0,121.79536,28.85484,8,136.57,270.01
402500.0,3245500.0,121.99575,29.33482,8,95.98,132.97
380500.0,3271500.0,121.76635,29.56752,8,0.93,1.09
385500.0,3335500.0,121.81113,30.14546,8,12.11,1278.6
398500.0,3335500.0,121.94609,30.14661,8,121.29,204.18
424500.0,3158500.0,122.22817,28.55114,8,59.37,5.85
420500.0,3173500.0,122.18624,28.68628,8,177.61,696.89
410500.0,3200500.0,122.08175,28.9293,8,178.12,78.29
410500.0,3201500.0,122.08167,28.93833,8,6.63,24.3
448500.0,3200500.0,122.4716,28.9314,8,58.71,30.18
445500.0,3198500.0,122.44092,28.91322,8,89.86,8.85
451500.0,3195500.0,122.5026,28.88639,8,112.42,319.24
417500.0,3200500.0,122.15356,28.92977,8,63.78,803.08
443500.0,3196500.0,122.42051,28.89508,8,174.99,6.69
417500.0,3227500.0,122.15157,29.17345,8,132.08,338.52
436500.0,3220500.0,122.34736,29.11137,8,114.88,260.54
437500.0,3243500.0,122.35634,29.31899,8,147.4,6.4
439500.0,3261500.0,122.37594,29.48154,8,179.69,18219.71
429500.0,3236500.0,122.2744,29.2554,8,161.84,2.31
436500.0,3247500.0,122.34581,29.35504,8,63.17,90.58
425500.0,3238500.0,122.2331,29.27322,8,17.63,325.3
442500.0,3258500.0,122.40704,29.45461,8,80.53,38.05
407500.0,3267500.0,122.04538,29.53373,8,5.7,6.57
441500.0,3275500.0,122.39582,29.60798,8,167.34,32.45
449500.0,3309500.0,122.47685,29.91517,8,154.33,1677.82
448500.0,3293500.0,122.46726,29.77073,8,114.28,33.44
461500.0,3195500.0,122.60515,28.88673,8,156.35,1193.31
489500.0,3186500.0,122.8924,28.80603,8,157.07,9585.93
490500.0,3182500.0,122.90268,28.76993,8,152.2,617.25
479500.0,3217500.0,122.78935,29.08571,8,73.05,121.84
488500.0,3245500.0,122.88154,29.33854,8,2.26,4328.21
495500.0,3249500.0,122.95363,29.37469,8,158.4,813.81
465500.0,3249500.0,122.6445,29.37422,8,79.49,32.53
478500.0,3250500.0,122.77844,29.38354,8,163.01,469.99
496500.0,3252500.0,122.96393,29.40177,8,58.43,10.27
489500.0,3275500.0,122.89155,29.60931,8,87.82,314.16
474500.0,3272500.0,122.7367,29.58202,8,95.68,2.96
498500.0,3299500.0,122.98447,29.82595,8,170.25,6.57
470500.0,3306500.0,122.69448,29.88877,8,105.97,8.87
457500.0,3327500.0,122.559,30.07791,8,136.71,97.74
476500.0,3321500.0,122.75629,30.02427,8,12.69,14.51
488500.0,3324500.0,122.8807,30.05152,8,155.21,15.22
478500.0,3331500.0,122.77682,30.11455,8,161.25,2.64
473500.0,3335500.0,122.72482,30.15055,8,36.34,42.14
501500.0,3178500.0,123.01536,28.73386,8,153.54,9768.72
501500.0,3206500.0,123.0154,28.98659,8,154.04,1585.11
526500.0,3233500.0,123.27268,29.23001,8,29.98,1485.17
527500.0,3235500.0,123.28302,29.24804,8,147.79,4793.35
524500.0,3247500.0,123.25241,29.35641,8,20.21,205.45
547500.0,3257500.0,123.48979,29.446,8,5.1,8499.39
527500.0,3252500.0,123.28344,29.40147,8,154.46,7760.97
506500.0,3263500.0,123.06706,29.50104,8,177.76,786747751.3
509500.0,3254500.0,123.09793,29.41979,8,146.05,33.2
546500.0,3318500.0,123.48211,29.99654,8,113.55,6667.46
517500.0,3296500.0,123.18108,29.79876,8,70.21,237.19
522500.0,3312500.0,123.23315,29.94307,8,118.94,2.78
527500.0,3338500.0,123.28564,30.1776,8,107.89,13.71
536500.0,3344500.0,123.37933,30.23151,8,39.77,5.45
505500.0,3328500.0,123.05708,30.08766,8,64.53,12.39
503500.0,3339500.0,123.03636,30.18693,8,57.97,736.38
401500.0,3163500.0,121.99264,28.59472,8,66.34,522.52
399500.0,3166500.0,121.97192,28.62164,8,128.6,3247.44
398500.0,3202500.0,121.95847,28.94646,8,169.98,149151.3
396500.0,3210500.0,121.93721,29.01849,8,50.1,292.44
392500.0,3344500.0,121.88289,30.2273,8,134.88,147.91
362500.0,3349500.0,121.57055,30.26938,8,178.62,2557.22
407500.0,3149500.0,122.05512,28.46881,8,125.64,613.71
450500.0,3175500.0,122.49322,28.70583,8,147.57,3965.37
406500.0,3170500.0,122.04319,28.65827,8,57.39,261.0
446500.0,3201500.0,122.45104,28.94034,8,59.13,8.35
444500.0,3204500.0,122.43037,28.96733,8,47.75,15.26
446500.0,3222500.0,122.45003,29.12988,8,167.75,214.67
449500.0,3235500.0,122.48028,29.24733,8,153.18,7744.48
425500.0,3218500.0,122.23444,29.09272,8,53.96,699.04
447500.0,3223500.0,122.46027,29.13894,8,1.26,49.43
442500.0,3261500.0,122.40689,29.48168,8,96.08,27.2
407500.0,3246500.0,122.04716,29.34422,8,150.56,1757.94
419500.0,3273500.0,122.16877,29.5887,8,154.41,35017.19
450500.0,3274500.0,122.48881,29.59935,8,157.73,168.48
420500.0,3264500.0,122.17975,29.50755,8,27.8,2180.73
442500.0,3264500.0,122.40673,29.50875,8,166.97,41.9
466500.0,3146500.0,122.65787,28.44458,8,152.19,74918.43
492500.0,3200500.0,122.92305,28.93241,8,177.79,137225.51
494500.0,3184500.0,122.94365,28.788,8,162.52,86834.3
494500.0,3183500.0,122.94365,28.77898,8,162.34,30918.39
472500.0,3184500.0,122.71823,28.78772,8,156.83,157792.21
469500.0,3229500.0,122.68627,29.19382,8,164.27,1196.66
486500.0,3252500.0,122.86085,29.4017,8,174.49,421.2
453500.0,3274500.0,122.51979,29.59946,8,166.51,4918.68
499500.0,3269500.0,122.99484,29.5552,8,131.81,2304.66
452500.0,3270500.0,122.50964,29.56332,8,146.92,102.95
456500.0,3353500.0,122.54756,30.3125,8,79.81,1399.01
503500.0,3185500.0,123.03586,28.79704,8,57.8,2028.9
543500.0,3233500.0,123.4476,29.22954,8,4.59,1237328.19
541500.0,3227500.0,123.4268,29.17545,8,149.8,17620.72
510500.0,3241500.0,123.10812,29.30245,8,162.31,100379.53
501500.0,3261500.0,123.01547,29.483,8,68.88,15.31
511500.0,3277500.0,123.11879,29.62735,8,5.72,437.58
548500.0,3216500.0,123.49831,29.07593,8,173.03,76081.85
394500.0,3142500.0,121.92299,28.40464,8,92.59,127.08
400500.0,3166500.0,121.98215,28.62172,8,124.57,34.46
400500.0,3165500.0,121.98224,28.61269,8,93.68,2.23
398500.0,3187500.0,121.95982,28.81109,8,21.39,85.33
398500.0,3188500.0,121.95973,28.82011,8,54.53,26.7
379500.0,3268500.0,121.75636,29.54036,8,97.07,2546.12
416500.0,3171500.0,122.14544,28.66798,8,177.02,5022.12
416500.0,3161500.0,122.14617,28.57772,8,84.04,269.87
429500.0,3176500.0,122.27817,28.71388,8,171.14,170.08
430500.0,3181500.0,122.2881,28.75906,8,100.09,67.5
411500.0,3191500.0,122.09272,28.84815,8,83.73,148.64
426500.0,3189500.0,122.24661,28.83104,8,153.47,19.2
427500.0,3232500.0,122.25408,29.21918,8,24.06,1057.01
441500.0,3217500.0,122.3989,29.08453,8,3.54,23.06
428500.0,3228500.0,122.26462,29.18314,8,150.06,2.75
445500.0,3220500.0,122.43985,29.11178,8,67.49,41.62
419500.0,3223500.0,122.17243,29.13748,8,2.16,2.35
421500.0,3216500.0,122.19348,29.07443,8,106.75,165.46
423500.0,3229500.0,122.21313,29.19187,8,80.84,18.95
446500.0,3225500.0,122.44989,29.15695,8,59.82,10.31
435500.0,3231500.0,122.33644,29.21059,8,68.03,7.21
446500.0,3215500.0,122.45037,29.0667,8,94.52,4.91
423500.0,3216500.0,122.21403,29.07455,8,59.81,5.94
418500.0,3211500.0,122.16302,29.02911,8,167.22,20.28
449500.0,3256500.0,122.47932,29.43686,8,129.83,10.67
419500.0,3240500.0,122.17119,29.2909,8,60.24,2.73
410500.0,3272500.0,122.07593,29.57906,8,75.44,43.89
437500.0,3269500.0,122.35485,29.55364,8,83.2,49.48
445500.0,3342500.0,122.43372,30.21279,8,6.58,1238.27
437500.0,3337500.0,122.3509,30.16728,8,114.89,149.97
493500.0,3208500.0,122.93326,29.00463,8,69.43,102.6
482500.0,3226500.0,122.82004,29.16699,8,155.33,2.57
485500.0,3237500.0,122.85075,29.26631,8,139.72,156.17
476500.0,3278500.0,122.75723,29.63621,8,19.67,241.34
499500.0,3291500.0,122.99483,29.75376,8,0.9,16.35
453500.0,3302500.0,122.51859,29.85215,8,80.7,2.58
494500.0,3291500.0,122.94311,29.75374,8,57.74,5.42
477500.0,3293500.0,122.76724,29.7716,8,112.7,3.05
499500.0,3313500.0,122.99482,29.9523,8,106.48,3234.28
477500.0,3328500.0,122.76651,30.08746,8,10.76,226.07
458500.0,3336500.0,122.56903,30.15916,8,37.81,29.48
456500.0,3339500.0,122.54813,30.18616,8,88.63,18.13
522500.0,3220500.0,123.23126,29.11275,8,18.01,6983.7
503500.0,3255500.0,123.03608,29.42884,8,172.18,897.0
532500.0,3287500.0,123.33602,29.71723,8,77.35,3268.36
526500.0,3280500.0,123.27382,29.6542,8,94.71,157.25
523500.0,3280500.0,123.24282,29.65426,8,175.17,3729177845.79
502500.0,3314500.0,123.02591,29.96132,8,19.63,2.02
505500.0,3311500.0,123.05699,29.93424,8,163.94,350.32
533500.0,3345500.0,123.34818,30.24062,8,71.13,396.2
547500.0,3336500.0,123.49328,30.15894,8,118.47,4.84
510500.0,3331500.0,123.10899,30.1147,8,100.19,34.03
530500.0,3327500.0,123.31648,30.07826,8,79.61,780.49
545500.0,3349500.0,123.47307,30.27633,8,78.95,180.52
395500.0,3148500.0,121.93265,28.45888,8,96.99,545.44
373500.0,3186500.0,121.70378,28.79985,8,159.97,57.88
450500.0,3150500.0,122.4943,28.48018,8,160.04,2929.89
413500.0,3163500.0,122.11535,28.59558,8,141.02,19.94
409500.0,3153500.0,122.07523,28.50505,8,57.19,30.52
435500.0,3206500.0,122.33789,28.98496,8,101.59,234.62
435500.0,3185500.0,122.33909,28.79543,8,56.27,849.6
443500.0,3216500.0,122.4195,29.07559,8,22.88,878.79
406500.0,3209500.0,122.03997,29.01024,8,130.35,61.65
424500.0,3233500.0,122.22315,29.22803,8,61.91,49.0
415500.0,3228500.0,122.13093,29.18234,8,1.51,21.63
418500.0,3225500.0,122.162,29.15546,8,3.48,440.49
420500.0,3243500.0,122.18127,29.31803,8,117.94,991.46
419500.0,3242500.0,122.17105,29.30895,8,115.02,74.7
410500.0,3263500.0,122.07667,29.49785,8,57.25,200.02
443500.0,3249500.0,122.41782,29.37343,8,113.38,948.39
437500.0,3279500.0,122.35428,29.64388,8,32.48,121.95
437500.0,3278500.0,122.35434,29.63486,8,8.94,37.29
410500.0,3264500.0,122.07659,29.50687,8,50.59,388.42
442500.0,3290500.0,122.40535,29.74339,8,105.1,4.73
448500.0,3302500.0,122.46683,29.85195,8,34.37,260.41
435500.0,3293500.0,122.33278,29.77012,8,20.74,234.07
442500.0,3353500.0,122.40195,30.31191,8,118.29,49.5
452500.0,3155500.0,122.51452,28.52538,8,160.11,15358.44
460500.0,3212500.0,122.5943,29.04013,8,164.85,1762.97
476500.0,3217500.0,122.75853,29.08566,8,174.67,232.58
488500.0,3228500.0,122.88172,29.18511,8,135.12,31.23
489500.0,3245500.0,122.89184,29.33855,8,171.52,556.6
493500.0,3260500.0,122.93296,29.47396,8,25.36,2.93
492500.0,3249500.0,122.92272,29.37467,8,136.65,10264.53
489500.0,3284500.0,122.89147,29.69054,8,91.12,1395.75
477500.0,3272500.0,122.76768,29.58208,8,97.64,6.19
473500.0,3263500.0,122.7266,29.50077,8,91.75,67.5
455500.0,3266500.0,122.54077,29.52733,8,142.22,74.86
493500.0,3266500.0,122.93292,29.52811,8,34.76,554.59
454500.0,3265500.0,122.5305,29.51827,8,157.19,182.52
454500.0,3338500.0,122.5274,30.17706,8,161.17,105.61
472500.0,3343500.0,122.71423,30.22272,8,45.6,2324.34
458500.0,3332500.0,122.56918,30.12306,8,12.8,113.67
475500.0,3353500.0,122.74517,30.31303,8,61.1,9.57
522500.0,3165500.0,123.23016,28.61632,8,65.25,44.41
507500.0,3207500.0,123.077,28.99559,8,174.73,821.45
528500.0,3237500.0,123.29336,29.26607,8,105.16,2677.2
539500.0,3287500.0,123.40839,29.71703,8,44.16,2.42
504500.0,3278500.0,123.04649,29.63642,8,4.32,1.76
527500.0,3304500.0,123.28476,29.87077,8,112.59,980.76
537500.0,3317500.0,123.38876,29.98783,8,37.93,128.0
519500.0,3325500.0,123.2023,30.06044,8,139.45,1464.66
526500.0,3323500.0,123.27488,30.04226,8,3.23,2869.98
502500.0,3328500.0,123.02594,30.08767,8,73.66,83.67
546500.0,3351500.0,123.48356,30.29434,8,157.33,639.8
545500.0,3350500.0,123.47312,30.28535,8,148.65,715.03
555500.0,3170500.0,123.56796,28.66046,8,74.88,370.57
555500.0,3179500.0,123.5684,28.74169,8,136.85,43255.08
341500.0,3314500.0,121.35754,29.95109,8,152.38,1565.99
397500.0,3200500.0,121.94839,28.92833,8,156.69,999.31
493500.0,3191500.0,122.93336,28.85118,8,5.67,1716.68
460500.0,3204500.0,122.59458,28.96793,8,162.81,643.46
500500.0,3232500.0,123.00514,29.22126,8,8.35,128.94
540500.0,3288500.0,123.41877,29.72602,8,134.32,182.94
555500.0,3301500.0,123.57453,29.84275,8,137.3,597506946.85
407500.0,3151500.0,122.05496,28.48686,8,164.11,324.16
422500.0,3159500.0,122.20766,28.56004,8,112.47,785.13
427500.0,3253500.0,122.2527,29.4087,8,163.5,333.87
425500.0,3266500.0,122.2312,29.5259,8,99.82,263.14
431500.0,3274500.0,122.29261,29.59844,8,2.89,8.41
432500.0,3289500.0,122.302,29.73387,8,0.24,2.04
425500.0,3272500.0,122.23079,29.58005,8,179.36,928.47
436500.0,3338500.0,122.34045,30.17626,8,34.86,5.94
449500.0,3350500.0,122.4749,30.28515,8,88.47,146.69
498500.0,3197500.0,122.98461,28.90536,8,173.23,1481.82
488500.0,3215500.0,122.88185,29.06777,8,151.75,1785.31
460500.0,3266500.0,122.59237,29.5275,8,151.39,1375.03
473500.0,3300500.0,122.72569,29.83469,8,23.99,2.75
486500.0,3313500.0,122.86009,29.95223,8,12.56,7.79
483500.0,3327500.0,122.82879,30.07853,8,26.46,460.29
533500.0,3158500.0,123.34248,28.5529,8,40.34,9.47
530500.0,3203500.0,123.31302,28.95915,8,126.91,1.73
525500.0,3195500.0,123.26152,28.88705,8,161.82,6666.72
507500.0,3192500.0,123.0769,28.8602,8,165.79,6391.41
501500.0,3220500.0,123.01542,29.11295,8,162.48,894.25
509500.0,3213500.0,123.09758,29.04974,8,151.53,2445.77
541500.0,3241500.0,123.42732,29.30181,8,29.86,7033.85
518500.0,3247500.0,123.1906,29.35651,8,40.48,282.13
530500.0,3251500.0,123.31434,29.39238,8,162.06,982.44
513500.0,3270500.0,123.13937,29.56416,8,142.49,2.49
503500.0,3286500.0,123.03618,29.70863,8,174.06,352.82
506500.0,3286500.0,123.0672,29.70861,8,84.02,32.65
510500.0,3302500.0,123.10871,29.85298,8,98.29,156.13
531500.0,3302500.0,123.32612,29.85263,8,96.74,632.2
505500.0,3302500.0,123.05694,29.85302,8,92.86,446.29
503500.0,3317500.0,123.03628,29.9884,8,96.11,2.37
540500.0,3319500.0,123.41994,30.00578,8,96.44,2.28
540500.0,3343500.0,123.42086,30.22236,8,92.06,183.12
531500.0,3320500.0,123.32665,30.01507,8,170.32,281.18
540500.0,3339500.0,123.4207,30.18626,8,20.45,368.23
521500.0,3344500.0,123.22344,30.23187,8,24.35,233.29
556500.0,3169500.0,123.57815,28.65139,8,5.64,2.71
557500.0,3169500.0,123.58838,28.65134,8,17.35,3.65
556500.0,3222500.0,123.5808,29.12975,8,178.8,3739.99
556500.0,3247500.0,123.58208,29.35538,8,178.12,16655.17
555500.0,3305500.0,123.57474,29.87885,8,64.93,59.17
459500.0,3224500.0,122.58359,29.14841,8,152.26,500.72
520500.0,3221500.0,123.21072,29.12181,8,9.02,742.38
532500.0,3218500.0,123.33398,29.09449,8,107.96,340.77
553500.0,3227500.0,123.55021,29.175,8,22.48,4732.93
550500.0,3344500.0,123.52482,30.23101,8,0.29,228.58
375500.0,3156500.0,121.72754,28.52932,8,150.42,174.02
421500.0,3175500.0,122.19633,28.70439,8,173.28,469.9
410500.0,3154500.0,122.08537,28.51414,8,118.6,588.97
424500.0,3182500.0,122.22658,28.76775,8,5.19,83.61
425500.0,3190500.0,122.2363,28.84001,8,33.09,314.99
429500.0,3201500.0,122.27661,28.93952,8,46.91,309.6
444500.0,3227500.0,122.42923,29.17492,8,70.99,33.26
431500.0,3238500.0,122.29486,29.27356,8,78.99,22.57
447500.0,3349500.0,122.45415,30.27604,8,144.77,458.53
453500.0,3201500.0,122.52286,28.94062,8,74.79,415.75
494500.0,3201500.0,122.94356,28.94145,8,167.48,1834.8
489500.0,3200500.0,122.89227,28.93239,8,171.52,3575.35
490500.0,3209500.0,122.90245,29.01363,8,175.5,2176.96
478500.0,3210500.0,122.77921,29.02251,8,148.55,1912.55
480500.0,3252500.0,122.79901,29.40162,8,157.78,128818.73
497500.0,3303500.0,122.97411,29.86205,8,147.36,35.36
482500.0,3312500.0,122.81866,29.94315,8,20.95,9.39
499500.0,3317500.0,122.99482,29.9884,8,155.88,353.22
468500.0,3303500.0,122.67385,29.86165,8,94.01,120.37
485500.0,3333500.0,122.84946,30.13271,8,132.59,281.03
479500.0,3332500.0,122.78719,30.1236,8,76.61,48.43
484500.0,3319500.0,122.83928,30.00635,8,95.72,1.58
519500.0,3209500.0,123.20023,29.01352,8,0.96,65959.67
545500.0,3281500.0,123.47017,29.66267,8,53.29,8.31
538500.0,3286500.0,123.39802,29.70803,8,17.7,9589.12
533500.0,3281500.0,123.34617,29.66305,8,21.09,57.44
537500.0,3302500.0,123.38824,29.85246,8,42.95,4312.39
523500.0,3299500.0,123.24323,29.82573,8,172.21,996.58
503500.0,3302500.0,123.03624,29.85302,8,129.1,449.76
514500.0,3297500.0,123.15005,29.80782,8,76.79,189.54
530500.0,3293500.0,123.31551,29.77143,8,174.13,374.65
518500.0,3338500.0,123.19216,30.17777,8,0.09,0.0
555500.0,3273500.0,123.5731,29.59007,8,173.27,72.63
550500.0,3279500.0,123.52175,29.64443,8,93.03,60260.11
550500.0,3270500.0,123.52133,29.56321,8,118.86,432.98
556500.0,3295500.0,123.58457,29.78856,8,69.46,4.99
432500.0,3155500.0,122.31012,28.5245,8,146.52,1187536.88
440500.0,3275500.0,122.38549,29.60793,8,151.02,3195.27
440500.0,3335500.0,122.38216,30.14939,8,137.91,217235970.68
481500.0,3247500.0,122.8094,29.35651,8,158.91,115.16
457500.0,3273500.0,122.56114,29.59058,8,6.81,50711.04
497500.0,3285500.0,122.97416,29.6996,8,66.54,1136826900359.19
485500.0,3265500.0,122.85038,29.51902,8,25.5,1241009429.51
489500.0,3286500.0,122.89145,29.70859,8,109.02,7973787463.6
486500.0,3263500.0,122.86072,29.50098,8,176.12,104.17
471500.0,3312500.0,122.70467,29.94295,8,161.0,25090.13
470500.0,3300500.0,122.69464,29.83463,8,117.48,369.9
483500.0,3323500.0,122.82885,30.04244,8,121.62,5.11
493500.0,3331500.0,122.93253,30.11473,8,85.74,6207809901.38
486500.0,3325500.0,122.85994,30.06052,8,19.11,58.22
508500.0,3195500.0,123.08717,28.88728,8,147.25,78705929.05
520500.0,3215500.0,123.21061,29.06766,8,157.14,531400493.0
522500.0,3262500.0,123.23211,29.49182,8,118.99,11.13
533500.0,3278500.0,123.34608,29.63598,8,29.34,324.94
522500.0,3273500.0,123.23234,29.5911,8,165.79,1755.73
532500.0,3275500.0,123.33566,29.60893,8,164.37,4190497709.74
532500.0,3276500.0,123.33569,29.61796,8,162.92,763.58
505500.0,3350500.0,123.05719,30.28619,8,87.51,16.91
362500.0,3352500.0,121.57016,30.29644,8,5.95,1372483786.0
444500.0,3159500.0,122.43257,28.56117,8,140.35,107.71
419500.0,3256500.0,122.17002,29.43529,8,64.63,11.25
497500.0,3151500.0,122.97446,28.49014,8,142.49,8142888.51
498500.0,3153500.0,122.98467,28.5082,8,143.12,304106.09
492500.0,3292500.0,122.92242,29.76276,8,144.73,2808311241.28
497500.0,3308500.0,122.9741,29.90718,8,163.0,2267338243.85
508500.0,3143500.0,123.08679,28.4179,8,139.4,4119814.72
540500.0,3144500.0,123.41355,28.42633,8,58.55,61197327.0
507500.0,3143500.0,123.07658,28.41791,8,139.7,5857659.06
500500.0,3148500.0,123.00511,28.46306,8,150.97,7081.17
510500.0,3158500.0,123.10734,28.55329,8,18.0,1028.96
545500.0,3194500.0,123.46659,28.87747,8,0.97,466366.53
520500.0,3318500.0,123.21254,29.99725,8,162.51,697093272.38
528500.0,3336500.0,123.29597,30.15953,8,35.3,3.48
518500.0,3319500.0,123.19183,30.00631,8,166.1,1570.43
533500.0,3353500.0,123.34844,30.31281,8,45.84,202.82
556500.0,3167500.0,123.57805,28.63334,8,64.76,447942695.61
557500.0,3201500.0,123.59,28.94017,8,76.51,5438089.93
530500.0,3235500.0,123.31389,29.24797,8,57.72,11872.93
502500.0,3254500.0,123.02577,29.41982,8,114.37,94.39
534500.0,3271500.0,123.35619,29.57278,8,55.02,6782.41
525500.0,3303500.0,123.26403,29.86179,8,164.14,2269.09
520500.0,3334500.0,123.21285,30.14164,8,33.8,649.94
548500.0,3264500.0,123.50042,29.50914,8,51.39,2.29
555500.0,3313500.0,123.57515,29.95105,8,162.96,4360.97
