cell_x,cell_y,cell_lon,cell_lat,points,direction_deg,anisotropy
754500.0,324500.0,101.2895,2.93347,1100,57.66,13.06
753500.0,322500.0,101.28047,2.91541,917,53.36,8.45
752500.0,321500.0,101.27146,2.90639,859,51.45,46.06
751500.0,319500.0,101.26243,2.88833,859,76.65,27.43
751500.0,318500.0,101.26242,2.87929,838,80.54,31.38
751500.0,320500.0,101.26245,2.89737,768,68.39,14.05
753500.0,323500.0,101.28049,2.92445,754,58.18,35.9
761500.0,334500.0,101.35263,3.02373,735,90.54,10.64
755500.0,325500.0,101.29851,2.94249,694,59.11,9.61
761500.0,333500.0,101.35261,3.0147,613,84.51,5.82
755500.0,326500.0,101.29853,2.95153,584,61.1,11.6
761500.0,335500.0,101.35265,3.03277,582,84.84,12.17
751500.0,317500.0,101.2624,2.87025,538,86.94,25.0
732500.0,308500.0,101.09141,2.78921,469,152.08,4.89
713500.0,321500.0,100.92077,2.90704,454,127.92,2.5
712500.0,322500.0,100.91179,2.9161,453,139.61,9.61
730500.0,309500.0,101.07345,2.79828,447,153.8,20.52
750500.0,315500.0,101.25337,2.85219,447,77.45,46.99
756500.0,327500.0,101.30754,2.96055,446,58.47,15.8
710500.0,324500.0,100.89383,2.93422,439,143.38,4.24
731500.0,308500.0,101.08242,2.78922,432,64.36,975.22
754500.0,323500.0,101.28948,2.92443,430,57.8,3.52
756500.0,328500.0,101.30755,2.96959,425,54.69,37.44
714500.0,320500.0,100.92974,2.89799,403,83.2,7.59
709500.0,325500.0,100.88485,2.94327,396,143.33,4.31
826500.0,247500.0,101.93511,2.23624,386,50.75,1976.09
750500.0,316500.0,101.25339,2.86123,385,77.06,52.25
711500.0,323500.0,100.90281,2.92516,374,136.88,11.43
752500.0,322500.0,101.27148,2.91543,371,51.98,79.86
724500.0,308500.0,101.01948,2.78933,371,7.36,6.11
827500.0,246500.0,101.94407,2.22719,367,51.05,1905.71
757500.0,329500.0,101.31656,2.97861,365,42.61,30.62
723500.0,309500.0,101.01051,2.79839,358,153.78,24.58
757500.0,328500.0,101.31655,2.96958,358,49.53,11.38
729500.0,309500.0,101.06446,2.79829,354,171.87,3.97
733500.0,303500.0,101.10033,2.74398,354,61.24,209.94
826500.0,246500.0,101.93509,2.22721,352,68.48,7.94
732500.0,303500.0,101.09134,2.744,350,151.54,6.05
754500.0,325500.0,101.28952,2.94251,344,58.28,26.27
825500.0,247500.0,101.92612,2.23626,333,47.73,269.4
719500.0,316500.0,100.97465,2.86174,331,135.29,12.04
825500.0,248500.0,101.92614,2.2453,329,141.04,12.44
811500.0,258500.0,101.80056,2.33591,327,47.26,563.11
842500.0,234500.0,102.07856,2.11851,317,33.16,2.56
824500.0,248500.0,101.91716,2.24532,311,42.2,4.02
718500.0,317500.0,100.96567,2.8708,309,44.01,331.46
725500.0,307500.0,101.02846,2.78027,309,145.54,3.76
715500.0,319500.0,100.93872,2.88893,307,133.61,3.66
716500.0,319500.0,100.94771,2.88891,305,122.57,1.46
717500.0,317500.0,100.95668,2.87081,303,28.68,9.56
738500.0,301500.0,101.14525,2.72582,301,151.81,88.09
739500.0,304500.0,101.15429,2.75293,297,153.23,25.63
804500.0,255500.0,101.73763,2.30892,296,141.93,9.07
723500.0,308500.0,101.01049,2.78935,295,84.41,1.96
727500.0,310500.0,101.04649,2.80737,293,24.0,8.37
725500.0,311500.0,101.02852,2.81644,293,63.21,408.25
715500.0,320500.0,100.93874,2.89797,292,162.7,1.33
718500.0,316500.0,100.96565,2.86176,289,44.08,683.39
750500.0,314500.0,101.25335,2.84315,289,76.91,11.04
720500.0,314500.0,100.98361,2.84364,285,45.58,163.95
720500.0,315500.0,100.98362,2.85268,284,58.05,5.94
698500.0,331500.0,100.78601,2.99769,284,158.45,25.69
799500.0,259500.0,101.69278,2.34516,284,143.49,2.8
726500.0,307500.0,101.03745,2.78026,284,60.65,922.81
716500.0,318500.0,100.9477,2.87987,283,138.99,2.5
708500.0,326500.0,100.87587,2.95233,278,47.16,996.01
742500.0,297500.0,101.18115,2.6896,278,166.24,5.96
834500.0,239500.0,102.00681,2.16382,276,50.35,1617.52
746500.0,301500.0,101.21717,2.72569,274,114.87,11.98
837500.0,238500.0,102.03373,2.15473,272,133.89,11.82
717500.0,313500.0,100.95662,2.83465,268,50.39,510.71
729500.0,305500.0,101.06439,2.76213,266,148.03,14.09
835500.0,238500.0,102.01577,2.15477,264,12.63,36.45
731500.0,309500.0,101.08244,2.79826,262,153.26,7.29
703500.0,327500.0,100.83092,2.96145,261,142.02,12.15
730500.0,304500.0,101.07337,2.75307,261,65.32,51.18
750500.0,299500.0,101.2531,2.70754,261,58.86,6.09
832500.0,241500.0,101.98889,2.18193,261,48.33,1326.23
719500.0,315500.0,100.97463,2.8527,260,134.87,5.29
707500.0,327500.0,100.8669,2.96139,260,137.26,9.08
717500.0,318500.0,100.95669,2.87986,258,32.25,36.19
800500.0,259500.0,101.70176,2.34514,258,173.57,5.99
823500.0,249500.0,101.9082,2.25437,257,55.68,543.79
838500.0,237500.0,102.0427,2.14568,253,40.05,126.63
805500.0,254500.0,101.74659,2.29987,251,143.4,60.56
713500.0,322500.0,100.92078,2.91609,246,142.37,5.98
836500.0,238500.0,102.02475,2.15475,246,39.26,1.89
812500.0,258500.0,101.80955,2.33589,246,48.14,665.45
830500.0,244500.0,101.97098,2.20907,245,49.56,2087.99
722500.0,309500.0,101.00151,2.7984,244,54.08,112.61
713500.0,317500.0,100.92071,2.87088,243,45.07,1507.21
711500.0,324500.0,100.90283,2.9342,243,46.85,145.06
728500.0,305500.0,101.0554,2.76215,243,147.72,34.91
761500.0,336500.0,101.35267,3.04181,242,94.96,3.86
730500.0,308500.0,101.07343,2.78924,241,63.67,609.89
722500.0,308500.0,101.0015,2.78936,240,147.11,14.25
840500.0,234500.0,102.0606,2.11854,239,3.97,1.27
740500.0,298500.0,101.16318,2.69867,239,51.7,233.93
736500.0,302500.0,101.12728,2.7349,239,71.22,378.71
714500.0,317500.0,100.9297,2.87086,239,44.79,1243.2
721500.0,309500.0,100.99252,2.79842,238,54.96,161.69
827500.0,245500.0,101.94405,2.21816,238,48.1,595.9
735500.0,302500.0,101.11829,2.73491,237,33.12,2.52
714500.0,321500.0,100.92976,2.90703,237,152.67,2.17
767500.0,285500.0,101.40567,2.5807,235,4.5,1.76
852500.0,225500.0,102.1682,2.03702,235,49.69,1164.89
725500.0,308500.0,101.02847,2.78932,235,152.26,16.04
705500.0,325500.0,100.84888,2.94333,234,72.28,2.51
763500.0,287500.0,101.36975,2.59885,234,151.38,30.9
752500.0,320500.0,101.27144,2.89735,234,56.8,8.35
821500.0,250500.0,101.89025,2.26344,234,142.56,6.06
733500.0,307500.0,101.10039,2.78015,234,64.3,2022.53
737500.0,300500.0,101.13624,2.7168,233,61.72,1952.5
737500.0,301500.0,101.13626,2.72584,233,151.5,51.72
721500.0,314500.0,100.9926,2.84363,233,6.63,4.24
736500.0,301500.0,101.12727,2.72585,232,152.92,15.27
821500.0,243500.0,101.89013,2.20019,231,51.37,521.54
832500.0,242500.0,101.9889,2.19096,231,101.26,15.96
724500.0,307500.0,101.01947,2.78029,230,146.75,8.41
810500.0,259500.0,101.7916,2.34496,229,49.07,641.84
843500.0,233500.0,102.08753,2.10945,229,50.84,1625.96
704500.0,326500.0,100.8399,2.95239,228,144.2,3.4
734500.0,302500.0,101.1093,2.73493,228,36.74,3.04
741500.0,298500.0,101.17217,2.69865,228,62.43,5676.18
726500.0,310500.0,101.0375,2.80738,228,45.64,5.51
727500.0,307500.0,101.04644,2.78024,226,61.87,2243.72
716500.0,311500.0,100.94759,2.81658,225,167.42,3.41
836500.0,239500.0,102.02477,2.16379,224,2.68,4.92
713500.0,318500.0,100.92072,2.87992,224,42.73,693.08
766500.0,285500.0,101.39668,2.58072,222,149.72,6.65
724500.0,312500.0,101.01955,2.8255,222,83.45,3.64
723500.0,312500.0,101.01055,2.82551,221,58.59,257.82
831500.0,242500.0,101.97992,2.19098,221,47.21,320.9
823500.0,248500.0,101.90818,2.24533,220,50.08,766.45
700500.0,334500.0,100.80404,3.02479,220,50.85,24.41
841500.0,234500.0,102.06958,2.11852,219,139.97,48.73
798500.0,260500.0,101.68381,2.35421,219,146.74,11.48
706500.0,328500.0,100.85792,2.97045,218,47.08,1484.36
804500.0,263500.0,101.73777,2.38122,218,143.27,61.3
833500.0,241500.0,101.99787,2.18191,218,128.23,3.64
736500.0,300500.0,101.12725,2.71681,217,153.44,17.28
729500.0,310500.0,101.06447,2.80734,217,64.96,162.2
728500.0,309500.0,101.05547,2.79831,217,154.86,6.7
842500.0,233500.0,102.07855,2.10947,216,18.87,2.63
733500.0,308500.0,101.10041,2.78919,216,64.02,4819.07
841500.0,236500.0,102.06962,2.13659,216,50.84,3620.76
829500.0,245500.0,101.96201,2.21812,215,51.78,303.34
706500.0,324500.0,100.85786,2.93428,215,138.43,5.16
712500.0,323500.0,100.9118,2.92514,215,48.95,194.98
741500.0,297500.0,101.17216,2.68961,214,52.15,221.91
821500.0,249500.0,101.89023,2.25441,214,48.94,1380.89
717500.0,311500.0,100.95658,2.81656,212,72.63,181.63
844500.0,231500.0,102.09647,2.09137,212,108.08,15.29
801500.0,266500.0,101.71087,2.40838,212,139.61,7.62
712500.0,319500.0,100.91174,2.88898,212,45.89,436.31
820500.0,250500.0,101.88127,2.26346,212,81.5,2.59
811500.0,259500.0,101.80058,2.34494,211,140.46,2.86
843500.0,234500.0,102.08754,2.11849,211,86.03,69.74
824500.0,249500.0,101.91718,2.25435,211,45.28,154.25
829500.0,244500.0,101.962,2.20908,210,48.97,1603.04
805500.0,264500.0,101.74677,2.39024,210,53.07,807.87
802500.0,266500.0,101.71985,2.40836,210,149.99,5.37
724500.0,309500.0,101.0195,2.79837,210,60.59,2730.14
761500.0,332500.0,101.35259,3.00566,209,62.67,6.17
833500.0,240500.0,101.99785,2.17287,209,48.61,1072.36
843500.0,232500.0,102.08751,2.10042,209,47.58,2.98
728500.0,306500.0,101.05542,2.77119,209,61.93,1352.96
719500.0,311500.0,100.97457,2.81653,208,52.69,211.1
828500.0,245500.0,101.95303,2.21814,208,139.17,20.41
837500.0,237500.0,102.03372,2.1457,208,92.28,5.43
802500.0,265500.0,101.71984,2.39933,208,134.01,5.04
727500.0,306500.0,101.04643,2.7712,208,151.91,4.75
767500.0,291500.0,101.40577,2.63494,207,157.55,14.7
747500.0,301500.0,101.22616,2.72568,207,130.63,4.25
714500.0,316500.0,100.92968,2.86182,207,44.54,1396.01
766500.0,292500.0,101.3968,2.64399,206,154.72,12.93
744500.0,302500.0,101.19921,2.73477,206,121.57,2.09
710500.0,320500.0,100.89377,2.89805,206,45.45,2468.82
803500.0,256500.0,101.72866,2.31798,205,10.18,5.85
847500.0,229500.0,102.12337,2.07325,205,49.12,1229.93
812500.0,257500.0,101.80953,2.32685,205,48.09,984.97
715500.0,316500.0,100.93868,2.8618,205,44.49,1316.72
830500.0,242500.0,101.97094,2.191,205,45.36,344.79
824500.0,247500.0,101.91714,2.23628,204,51.67,1477.1
718500.0,313500.0,100.96561,2.83463,204,137.43,16.92
718500.0,312500.0,100.96559,2.82559,204,50.56,259.59
846500.0,229500.0,102.11439,2.07326,203,47.83,486.4
734500.0,307500.0,101.10938,2.78013,202,63.91,1309.09
710500.0,325500.0,100.89385,2.94326,202,59.6,50.97
762500.0,287500.0,101.36076,2.59887,201,59.59,1042.95
845500.0,230500.0,102.10543,2.08232,201,46.61,489.9
729500.0,304500.0,101.06438,2.75309,201,60.35,1088.12
748500.0,295500.0,101.23505,2.67142,201,61.46,676.24
749500.0,313500.0,101.24435,2.83412,200,65.3,1.47
836500.0,232500.0,102.02465,2.10054,200,7.23,15.82
840500.0,236500.0,102.06064,2.13661,200,57.43,3.11
739500.0,299500.0,101.15421,2.70773,199,55.13,271.41
728500.0,310500.0,101.05548,2.80735,198,93.5,2.59
822500.0,249500.0,101.89921,2.25439,198,53.12,274.55
836500.0,237500.0,102.02474,2.14572,198,49.74,695.14
765500.0,286500.0,101.38771,2.58978,197,150.34,12.89
701500.0,333500.0,100.81302,3.01573,197,59.08,90.21
750500.0,313500.0,101.25334,2.83411,197,83.4,4.91
829500.0,243500.0,101.96198,2.20005,196,48.09,825.93
813500.0,256500.0,101.8185,2.3178,196,15.97,19.32
840500.0,237500.0,102.06066,2.14564,196,140.97,33.55
697500.0,332500.0,100.77703,3.00675,195,53.94,219.54
759500.0,330500.0,101.33457,2.98762,195,33.04,13.1
839500.0,236500.0,102.05166,2.13663,195,49.08,620.69
828500.0,237500.0,101.95289,2.14586,194,48.86,1710.39
835500.0,239500.0,102.01579,2.1638,194,140.58,93.64
752500.0,298500.0,101.27106,2.69847,193,152.15,12.7
836500.0,230500.0,102.02461,2.08247,193,140.76,70.11
801500.0,258500.0,101.71073,2.33609,193,54.94,777.33
838500.0,236500.0,102.04268,2.13665,190,173.41,5.36
731500.0,304500.0,101.08236,2.75306,189,149.94,2.7
763500.0,286500.0,101.36974,2.58981,189,152.86,14.31
762500.0,294500.0,101.36088,2.66214,188,61.91,505.67
746500.0,296500.0,101.21709,2.68049,188,35.27,7.3
722500.0,310500.0,101.00153,2.80745,188,149.27,13.07
749500.0,295500.0,101.24404,2.6714,188,43.39,1.45
839500.0,235500.0,102.05164,2.12759,187,136.22,2.54
849500.0,219500.0,102.14116,1.98288,186,140.3,37.33
740500.0,304500.0,101.16328,2.75291,186,61.7,252.43
818500.0,252500.0,101.86334,2.28157,185,142.16,42.45
798500.0,269500.0,101.68397,2.43555,184,46.39,7.7
850500.0,225500.0,102.15024,2.03706,184,48.81,980.97
719500.0,312500.0,100.97458,2.82558,184,51.0,266.73
768500.0,291500.0,101.41476,2.63492,184,80.78,3.54
710500.0,321500.0,100.89379,2.90709,184,136.49,9.06
802500.0,257500.0,101.71969,2.32703,183,30.27,2.83
758500.0,330500.0,101.32558,2.98764,183,36.96,44.04
816500.0,253500.0,101.84539,2.29064,183,139.63,19.34
760500.0,289500.0,101.34282,2.61698,182,61.94,1553.2
751500.0,299500.0,101.26209,2.70753,182,63.23,950.0
837500.0,229500.0,102.03358,2.07342,182,161.54,7.19
761500.0,294500.0,101.35189,2.66216,182,153.24,22.56
751500.0,321500.0,101.26247,2.90641,182,55.06,18.39
807500.0,262500.0,101.7647,2.37213,182,99.75,40.95
820500.0,251500.0,101.88128,2.27249,182,51.66,2763.8
743500.0,297500.0,101.19014,2.68958,182,169.5,18.76
806500.0,263500.0,101.75574,2.38118,181,17.92,3.14
705500.0,330500.0,100.84895,2.98855,181,95.16,3.39
841500.0,235500.0,102.0696,2.12756,181,50.98,4532.16
720500.0,310500.0,100.98355,2.80748,180,58.25,156.0
736500.0,306500.0,101.12735,2.77106,180,154.32,10.93
825500.0,246500.0,101.92611,2.22723,180,50.96,3493.32
765500.0,292500.0,101.38781,2.64401,179,73.12,37.94
755500.0,327500.0,101.29854,2.96057,179,60.75,270.12
847500.0,228500.0,102.12335,2.06421,179,49.47,2451.97
701500.0,328500.0,100.81295,2.97052,179,169.24,3.84
747500.0,295500.0,101.22606,2.67143,179,57.81,129.78
745500.0,301500.0,101.20818,2.72571,178,129.01,2.29
803500.0,265500.0,101.72882,2.39931,178,105.74,3.34
814500.0,256500.0,101.82748,2.31778,178,51.21,270.4
751500.0,316500.0,101.26238,2.86121,178,97.28,8.98
823500.0,250500.0,101.90821,2.2634,178,142.1,9.48
848500.0,226500.0,102.1323,2.04613,178,49.12,1216.81
744500.0,297500.0,101.19913,2.68956,177,0.85,2.17
828500.0,246500.0,101.95305,2.22717,177,139.3,10.4
833500.0,232500.0,101.99771,2.1006,177,51.38,1888.31
800500.0,258500.0,101.70174,2.3361,177,55.49,407.34
798500.0,268500.0,101.68395,2.42651,177,169.88,7.21
743500.0,296500.0,101.19012,2.68054,176,62.92,786.38
721500.0,313500.0,100.99258,2.83459,176,52.07,220.77
738500.0,299500.0,101.14522,2.70774,176,153.09,66.88
726500.0,306500.0,101.03744,2.77122,176,150.44,12.54
702500.0,331500.0,100.82199,2.99763,175,147.06,6.42
746500.0,299500.0,101.21714,2.70761,175,128.45,109.83
771500.0,282500.0,101.44157,2.55352,175,146.03,31.19
846500.0,230500.0,102.11441,2.0823,174,139.13,34.21
704500.0,331500.0,100.83997,2.9976,174,138.02,14.8
765500.0,331500.0,101.38853,2.99654,173,1.45,4.87
733500.0,302500.0,101.10031,2.73494,173,60.27,595.86
749500.0,314500.0,101.24436,2.84316,173,67.67,2.0
738500.0,304500.0,101.1453,2.75294,172,63.55,1441.68
750500.0,307500.0,101.25323,2.77986,172,3.25,8.77
738500.0,305500.0,101.14531,2.76199,172,66.98,125.06
721500.0,310500.0,100.99254,2.80746,171,51.77,145.6
804500.0,264500.0,101.73779,2.39025,171,51.84,605.87
691500.0,337500.0,100.72313,3.05205,170,40.97,462.27
701500.0,331500.0,100.81299,2.99765,170,51.13,305.78
815500.0,256500.0,101.83646,2.31776,170,48.63,209.92
827500.0,237500.0,101.94391,2.14587,170,48.16,1322.1
711500.0,320500.0,100.90276,2.89803,170,48.07,1540.15
818500.0,243500.0,101.86318,2.20024,170,142.5,194.22
747500.0,300500.0,101.22614,2.71663,169,36.75,4.13
791500.0,266500.0,101.62102,2.40856,169,41.98,110.96
757500.0,296500.0,101.31597,2.68031,169,152.7,6.52
840500.0,235500.0,102.06062,2.12758,169,50.11,2221.0
803500.0,264500.0,101.7288,2.39027,169,51.2,932.89
807500.0,263500.0,101.76472,2.38116,169,19.1,29.18
816500.0,254500.0,101.84541,2.29967,168,50.72,1993.45
813500.0,248500.0,101.81835,2.24551,168,62.69,93.16
831500.0,241500.0,101.9799,2.18194,167,98.52,10.31
830500.0,236500.0,101.97084,2.13679,167,49.57,3294.44
804500.0,254500.0,101.73761,2.29989,167,52.52,1026.98
707500.0,323500.0,100.86684,2.92522,167,3.91,3.7
796500.0,261500.0,101.66586,2.36328,167,144.93,6.35
829500.0,235500.0,101.96184,2.12777,167,49.52,1850.88
703500.0,330500.0,100.83097,2.98858,166,46.74,70.39
762500.0,288500.0,101.36078,2.6079,166,151.4,213.17
711500.0,319500.0,100.90275,2.88899,166,45.38,1020.81
770500.0,290500.0,101.43272,2.62584,166,151.19,10.79
760500.0,331500.0,101.34358,2.99664,166,37.58,23.4
749500.0,299500.0,101.24411,2.70756,166,112.2,31.42
847500.0,227500.0,102.12334,2.05518,166,49.35,1677.65
748500.0,300500.0,101.23513,2.71662,165,56.16,1.97
739500.0,320500.0,101.15455,2.89758,165,153.14,4.6
757500.0,291500.0,101.31589,2.63511,165,60.1,270.09
716500.0,315500.0,100.94765,2.85275,165,137.1,34.42
799500.0,268500.0,101.69294,2.42649,165,56.48,478.86
826500.0,248500.0,101.93512,2.24528,164,141.29,64.4
749500.0,294500.0,101.24402,2.66236,164,166.35,5.08
829500.0,236500.0,101.96185,2.1368,164,49.73,1414.87
814500.0,247500.0,101.82732,2.23646,164,20.77,23.92
835500.0,240500.0,102.01581,2.17284,164,50.98,4161.3
848500.0,228500.0,102.13233,2.0642,163,48.21,1095.43
760500.0,338500.0,101.34371,3.05991,163,108.45,13.28
831500.0,243500.0,101.97994,2.20001,163,50.4,2803.74
813500.0,257500.0,101.81851,2.32684,163,50.43,480.23
717500.0,314500.0,100.95663,2.84369,163,45.88,1263.52
725500.0,312500.0,101.02854,2.82548,163,70.72,238.69
760500.0,295500.0,101.34292,2.67122,162,60.68,556.57
736500.0,305500.0,101.12733,2.76202,162,151.9,269.25
704500.0,330500.0,100.83996,2.98856,161,139.98,8.01
805500.0,263500.0,101.74675,2.3812,161,51.95,1227.87
752500.0,292500.0,101.27096,2.64423,161,61.84,1316.42
793500.0,274500.0,101.63913,2.48082,161,50.95,700.36
709500.0,321500.0,100.88479,2.9071,161,45.11,1950.97
695500.0,333500.0,100.75905,3.01582,160,138.9,14.69
807500.0,261500.0,101.76468,2.36309,160,50.75,476.49
837500.0,230500.0,102.03359,2.08246,160,161.45,10.71
763500.0,293500.0,101.36985,2.65308,160,60.24,102.0
797500.0,260500.0,101.67483,2.35423,160,142.68,20.66
791500.0,273500.0,101.62114,2.47182,160,55.76,1.62
702500.0,327500.0,100.82193,2.96146,160,41.63,2.47
793500.0,265500.0,101.63897,2.39949,160,32.14,2.51
809500.0,259500.0,101.78262,2.34498,159,49.6,495.98
709500.0,326500.0,100.88487,2.95232,159,46.45,1592.49
755500.0,291500.0,101.29791,2.63514,159,60.1,498.5
820500.0,244500.0,101.88116,2.20924,159,144.94,89.87
739500.0,300500.0,101.15422,2.71677,159,153.64,62.34
747500.0,308500.0,101.22628,2.78896,159,26.43,4.99
800500.0,268500.0,101.70192,2.42647,159,142.44,9.15
740500.0,300500.0,101.16321,2.71675,159,42.78,5.62
838500.0,229500.0,102.04256,2.07341,158,179.66,1.71
798500.0,259500.0,101.68379,2.34518,158,73.81,6.06
853500.0,224500.0,102.17716,2.02797,158,139.03,18.64
819500.0,252500.0,101.87232,2.28155,158,51.64,2664.43
694500.0,334500.0,100.75007,3.02488,157,57.76,104.32
820500.0,243500.0,101.88114,2.20021,157,142.22,80.58
822500.0,250500.0,101.89923,2.26342,157,142.63,4.14
834500.0,241500.0,102.00685,2.18189,157,51.68,2046.32
841500.0,233500.0,102.06957,2.10949,157,140.34,78.29
708500.0,322500.0,100.87581,2.91616,157,66.14,21.67
748500.0,293500.0,101.23502,2.65334,157,152.27,61.36
742500.0,303500.0,101.18124,2.74384,157,58.85,278.44
761500.0,288500.0,101.35179,2.60792,156,62.76,1176.54
732500.0,307500.0,101.0914,2.78016,156,63.97,538.91
822500.0,248500.0,101.8992,2.24535,156,51.03,2043.2
771500.0,290500.0,101.44171,2.62583,156,153.72,9.6
751500.0,304500.0,101.26217,2.75273,155,6.09,2.95
739500.0,301500.0,101.15424,2.72581,155,64.35,783.27
806500.0,262500.0,101.75572,2.37214,154,143.9,32.54
768500.0,284500.0,101.41464,2.57165,154,150.18,11.31
758500.0,296500.0,101.32496,2.68029,154,140.32,3.83
705500.0,329500.0,100.84894,2.9795,153,48.85,729.24
712500.0,318500.0,100.91173,2.87993,153,134.27,67.54
750500.0,309500.0,101.25327,2.79795,153,128.03,4.75
817500.0,253500.0,101.85437,2.29062,153,142.76,15.14
726500.0,311500.0,101.03751,2.81642,153,74.36,367.73
735500.0,301500.0,101.11828,2.72587,152,60.86,422.34
808500.0,260500.0,101.77365,2.35404,152,143.36,50.22
722500.0,313500.0,101.00158,2.83457,152,44.75,6.0
741500.0,303500.0,101.17225,2.74386,152,152.64,20.36
744500.0,296500.0,101.19911,2.68052,152,152.19,44.28
789500.0,274500.0,101.60319,2.4809,152,62.73,7.22
797500.0,269500.0,101.67498,2.43556,151,53.03,3177.89
819500.0,253500.0,101.87234,2.29058,151,141.95,48.21
699500.0,330500.0,100.79499,2.98864,151,50.7,1001.94
741500.0,299500.0,101.17219,2.70769,150,10.67,2.37
817500.0,244500.0,101.85421,2.2093,150,52.91,672.91
846500.0,222500.0,102.11427,2.01003,150,48.47,2477.82
829500.0,237500.0,101.96187,2.14584,149,141.88,114.04
828500.0,244500.0,101.95301,2.2091,149,148.75,13.57
849500.0,226500.0,102.14128,2.04611,149,138.29,141.05
799500.0,260500.0,101.69279,2.35419,149,52.92,709.19
765500.0,293500.0,101.38783,2.65305,149,15.94,7.04
750500.0,292500.0,101.25298,2.64426,149,167.07,8.1
808500.0,262500.0,101.77369,2.37211,149,6.65,2.63
743500.0,302500.0,101.19022,2.73478,149,62.75,149.8
770500.0,291500.0,101.43274,2.63488,149,153.59,4.31
758500.0,289500.0,101.32484,2.61701,148,25.92,10.89
851500.0,224500.0,102.1592,2.02801,148,138.44,19.03
720500.0,309500.0,100.98353,2.79843,148,54.56,529.47
770500.0,283500.0,101.4326,2.56257,148,142.8,52.93
833500.0,233500.0,101.99773,2.10963,148,49.24,1974.99
815500.0,246500.0,101.83628,2.2274,148,129.29,16.89
834500.0,231500.0,102.00667,2.09154,148,50.37,2274.33
838500.0,238500.0,102.04272,2.15471,147,41.55,564.82
750500.0,317500.0,101.25341,2.87027,147,76.4,12.88
751500.0,293500.0,101.26199,2.65329,147,151.52,11.95
701500.0,332500.0,100.81301,3.00669,146,48.15,201.7
762500.0,286500.0,101.36075,2.58983,146,152.94,98.7
751500.0,315500.0,101.26236,2.85217,146,110.55,8.47
700500.0,335500.0,100.80406,3.03383,145,136.98,12.98
840500.0,225500.0,102.06045,2.03723,145,48.87,820.66
703500.0,326500.0,100.83091,2.95241,144,48.81,161.79
765500.0,285500.0,101.38769,2.58074,144,68.48,44.7
753500.0,293500.0,101.27997,2.65325,144,156.08,4.4
780500.0,283500.0,101.52247,2.5624,144,142.15,37.22
806500.0,253500.0,101.75556,2.29081,144,142.49,212.01
814500.0,246500.0,101.8273,2.22742,144,46.47,1.62
769500.0,291500.0,101.42375,2.6349,144,149.66,19.05
766500.0,286500.0,101.3967,2.58976,143,150.12,67.42
769500.0,290500.0,101.42373,2.62586,143,59.8,781.5
827500.0,247500.0,101.94409,2.23623,143,141.26,75.43
715500.0,315500.0,100.93866,2.85276,143,46.91,160.77
717500.0,316500.0,100.95666,2.86177,143,36.48,163.06
750500.0,300500.0,101.25311,2.71658,143,149.58,11.62
757500.0,309500.0,101.3162,2.79782,143,145.33,5.12
818500.0,253500.0,101.86336,2.2906,143,49.91,1595.95
834500.0,232500.0,102.00669,2.10058,143,50.46,827.16
730500.0,305500.0,101.07338,2.76211,142,67.6,239.06
830500.0,243500.0,101.97096,2.20003,142,46.65,155.78
715500.0,314500.0,100.93865,2.84372,142,50.7,399.67
775500.0,279500.0,101.47747,2.52633,142,141.3,44.48
744500.0,301500.0,101.19919,2.72572,142,175.74,4.96
737500.0,305500.0,101.13632,2.762,142,63.04,878.23
755500.0,324500.0,101.29849,2.93345,142,59.34,6.97
735500.0,305500.0,101.11834,2.76203,142,63.95,3053.84
819500.0,251500.0,101.8723,2.27251,142,51.03,2403.63
800500.0,267500.0,101.7019,2.41744,142,141.6,18.41
764500.0,293500.0,101.37884,2.65307,141,63.35,764.63
734500.0,306500.0,101.10937,2.77109,141,155.12,21.04
761500.0,338500.0,101.35271,3.05989,141,70.25,2.28
702500.0,328500.0,100.82194,2.97051,141,48.67,383.18
751500.0,298500.0,101.26207,2.69849,141,66.97,455.38
741500.0,300500.0,101.1722,2.71673,141,69.9,711.51
755500.0,292500.0,101.29793,2.64418,141,62.98,889.51
831500.0,235500.0,101.9798,2.12774,140,141.02,15.59
844500.0,233500.0,102.09651,2.10944,140,116.55,153.87
839500.0,237500.0,102.05168,2.14566,140,40.44,78.52
777500.0,277500.0,101.49541,2.50822,140,143.87,60.04
849500.0,227500.0,102.14129,2.05514,140,140.96,51.88
850500.0,224500.0,102.15022,2.02803,140,48.24,1429.44
748500.0,310500.0,101.2353,2.80702,140,32.3,7.58
745500.0,297500.0,101.20812,2.68955,139,157.06,3.75
753500.0,313500.0,101.28031,2.83405,139,131.47,8.62
814500.0,255500.0,101.82746,2.30875,139,172.21,29.92
818500.0,245500.0,101.86321,2.21832,139,143.84,27.21
801500.0,267500.0,101.71089,2.41742,139,75.07,1.87
704500.0,329500.0,100.83994,2.97952,138,139.04,14.38
792500.0,273500.0,101.63013,2.4718,138,153.4,3.49
771500.0,289500.0,101.44169,2.61679,138,56.57,651.61
761500.0,287500.0,101.35178,2.59888,138,62.21,2038.31
712500.0,324500.0,100.91182,2.93419,138,42.52,688.02
834500.0,240500.0,102.00683,2.17286,138,104.45,6.2
819500.0,250500.0,101.87228,2.26348,138,49.09,4909.91
718500.0,315500.0,100.96564,2.85272,137,94.92,15.24
737500.0,302500.0,101.13627,2.73488,137,73.07,904.27
779500.0,276500.0,101.51336,2.49915,137,141.46,10.05
716500.0,320500.0,100.94773,2.89796,137,138.78,12.44
734500.0,301500.0,101.10929,2.72589,137,148.41,10.54
745500.0,300500.0,101.20816,2.71667,136,133.73,112.55
764500.0,331500.0,101.37954,2.99656,136,1.45,94.4
816500.0,255500.0,101.84543,2.30871,136,98.67,5.18
716500.0,314500.0,100.94764,2.8437,135,49.28,265.68
810500.0,251500.0,101.79146,2.27267,135,50.92,1367.93
740500.0,303500.0,101.16326,2.74387,135,152.6,53.2
832500.0,233500.0,101.98874,2.10965,135,51.64,1500.53
764500.0,287500.0,101.37874,2.59883,135,55.68,230.92
832500.0,240500.0,101.98887,2.17289,135,48.63,963.88
734500.0,303500.0,101.10932,2.74397,135,156.48,27.15
828500.0,238500.0,101.95291,2.15489,134,141.94,79.76
852500.0,217500.0,102.16806,1.96476,134,48.75,883.74
759500.0,331500.0,101.33459,2.99666,134,34.76,105.31
711500.0,325500.0,100.90284,2.94324,134,45.81,48.15
841500.0,225500.0,102.06943,2.03722,133,45.04,622.4
719500.0,310500.0,100.97455,2.80749,133,58.89,251.11
748500.0,301500.0,101.23515,2.72566,133,175.78,204.44
751500.0,294500.0,101.262,2.66233,133,65.07,619.48
822500.0,242500.0,101.89909,2.19114,132,144.99,11.55
837500.0,236500.0,102.0337,2.13666,132,69.83,25.38
749500.0,306500.0,101.24423,2.77084,132,64.17,1.3
828500.0,236500.0,101.95287,2.13682,132,142.08,119.7
847500.0,236500.0,102.1235,2.13648,132,54.41,7000.05
746500.0,307500.0,101.21727,2.77993,132,110.82,2.04
838500.0,228500.0,102.04254,2.06437,132,48.73,308.88
809500.0,253500.0,101.78251,2.29076,131,143.9,78.47
797500.0,261500.0,101.67484,2.36327,131,155.13,13.55
751500.0,311500.0,101.26229,2.81601,131,142.1,1.27
835500.0,231500.0,102.01565,2.09153,130,48.44,949.82
731500.0,307500.0,101.08241,2.78018,130,64.32,373.71
735500.0,307500.0,101.11837,2.78012,130,149.68,23.19
758500.0,290500.0,101.32486,2.62605,130,119.44,7.79
845500.0,229500.0,102.10541,2.07328,130,45.44,1336.89
821500.0,251500.0,101.89027,2.27248,130,125.06,1.96
826500.0,239500.0,101.93496,2.16396,130,51.9,755.48
743500.0,298500.0,101.19015,2.69862,130,95.38,7.56
757500.0,290500.0,101.31587,2.62607,129,163.89,1.62
701500.0,334500.0,100.81304,3.02478,129,136.52,4.35
717500.0,310500.0,100.95657,2.80752,129,60.72,1130.56
776500.0,285500.0,101.48656,2.58055,128,143.48,7.53
732500.0,302500.0,101.09132,2.73496,128,178.61,4.84
796500.0,263500.0,101.66589,2.38136,128,141.66,67.27
834500.0,230500.0,102.00665,2.08251,128,49.33,2082.94
763500.0,294500.0,101.36987,2.66212,128,64.09,1024.2
834500.0,238500.0,102.00679,2.15479,128,51.6,1257.11
724500.0,311500.0,101.01953,2.81646,128,65.17,418.47
753500.0,292500.0,101.27995,2.64421,127,17.32,20.04
745500.0,302500.0,101.2082,2.73475,127,1.71,76.13
776500.0,279500.0,101.48645,2.52631,127,50.07,1499.75
801500.0,257500.0,101.71071,2.32705,127,40.31,13.2
742500.0,299500.0,101.18118,2.70768,127,123.15,5.11
835500.0,230500.0,102.01563,2.08249,126,149.11,4.25
760500.0,332500.0,101.3436,3.00568,126,55.6,27.22
759500.0,339500.0,101.33474,3.06897,126,125.97,11.27
832500.0,234500.0,101.98876,2.11868,126,48.57,3607.08
746500.0,295500.0,101.21707,2.67145,126,45.57,133.13
793500.0,272500.0,101.6391,2.46275,126,86.66,2.59
748500.0,311500.0,101.23532,2.81606,125,23.65,97.72
821500.0,241500.0,101.89009,2.18212,125,141.44,57.18
706500.0,327500.0,100.8579,2.9614,125,139.97,8.52
756500.0,310500.0,101.30723,2.80688,125,136.98,15.05
830500.0,234500.0,101.9708,2.11872,125,50.81,2494.43
831500.0,244500.0,101.97996,2.20905,125,50.26,2590.52
755500.0,297500.0,101.29801,2.68938,124,65.18,4.25
766500.0,291500.0,101.39679,2.63495,124,35.08,13.88
838500.0,230500.0,102.04257,2.08244,124,158.25,17.53
773500.0,280500.0,101.45951,2.5354,124,49.02,811.48
731500.0,303500.0,101.08234,2.74402,124,163.47,8.98
839500.0,226500.0,102.05148,2.04629,124,138.98,60.88
759500.0,290500.0,101.33385,2.62603,124,162.39,5.09
709500.0,324500.0,100.88484,2.93423,124,53.17,804.39
737500.0,304500.0,101.13631,2.75296,124,61.68,6102.93
759500.0,306500.0,101.33412,2.77067,124,86.53,1.98
820500.0,242500.0,101.88113,2.19117,123,53.17,3131.23
846500.0,228500.0,102.11438,2.06423,123,139.24,237.09
749500.0,300500.0,101.24412,2.7166,123,91.72,11.82
702500.0,333500.0,100.82202,3.01572,123,136.58,8.08
749500.0,293500.0,101.24401,2.65332,123,59.56,2065.91
809500.0,260500.0,101.78263,2.35402,123,144.05,10.68
743500.0,303500.0,101.19023,2.74382,123,23.1,5.86
842500.0,235500.0,102.07858,2.12754,123,50.93,10229.6
821500.0,242500.0,101.89011,2.19116,122,142.56,234.6
805500.0,255500.0,101.74661,2.30891,122,49.1,1443.14
853500.0,216500.0,102.17702,1.95571,122,140.43,7.6
824500.0,241500.0,101.91704,2.18207,122,52.48,1655.85
787500.0,278500.0,101.58529,2.51708,122,144.12,17.81
700500.0,329500.0,100.80397,2.97958,122,172.15,5.06
753500.0,291500.0,101.27993,2.63517,121,65.57,351.42
749500.0,312500.0,101.24433,2.82508,121,55.65,3.55
790500.0,267500.0,101.61205,2.41761,121,144.23,6.54
791500.0,274500.0,101.62116,2.48086,121,143.61,219.91
818500.0,244500.0,101.8632,2.20928,121,51.51,1692.61
828500.0,243500.0,101.953,2.20007,121,49.71,2347.35
709500.0,322500.0,100.88481,2.91615,121,137.77,20.98
850500.0,219500.0,102.15013,1.98286,120,143.13,22.81
839500.0,229500.0,102.05154,2.07339,120,49.22,2298.06
839500.0,228500.0,102.05152,2.06435,120,49.94,1522.23
721500.0,308500.0,100.99251,2.78938,120,56.75,686.3
758500.0,295500.0,101.32494,2.67125,120,155.92,4.59
853500.0,225500.0,102.17717,2.03701,120,48.48,2472.4
813500.0,247500.0,101.81834,2.23647,120,66.24,74.45
742500.0,298500.0,101.18116,2.69864,120,30.83,6.36
798500.0,262500.0,101.68384,2.37229,120,52.75,8353.13
837500.0,231500.0,102.03361,2.09149,120,54.73,212.86
750500.0,304500.0,101.25318,2.75274,120,147.19,3.02
752500.0,315500.0,101.27135,2.85215,119,114.63,7.39
716500.0,313500.0,100.94762,2.83466,119,52.8,1032.87
759500.0,295500.0,101.33393,2.67123,119,153.91,55.67
768500.0,290500.0,101.41474,2.62588,119,26.7,6.77
731500.0,302500.0,101.08233,2.73497,119,61.49,915.53
740500.0,299500.0,101.1632,2.70771,119,62.11,5104.48
722500.0,312500.0,101.00156,2.82553,119,57.97,282.87
727500.0,311500.0,101.0465,2.81641,119,83.45,23.79
723500.0,307500.0,101.01048,2.78031,119,59.25,670.6
740500.0,319500.0,101.16353,2.88852,118,148.81,62.97
745500.0,296500.0,101.2081,2.68051,118,27.64,15.83
719500.0,314500.0,100.97462,2.84366,118,40.18,1.72
764500.0,286500.0,101.37872,2.58979,118,153.26,56.39
750500.0,294500.0,101.25301,2.66234,118,61.45,2995.82
823500.0,241500.0,101.90805,2.18209,118,52.11,2086.86
827500.0,238500.0,101.94393,2.15491,117,141.45,49.92
845500.0,231500.0,102.10545,2.09135,117,7.23,3.69
750500.0,295500.0,101.25303,2.67138,117,60.8,1263.07
794500.0,264500.0,101.64794,2.39043,117,48.21,829.19
810500.0,258500.0,101.79158,2.33593,117,49.28,577.28
757500.0,342500.0,101.31682,3.09613,117,127.05,162.62
703500.0,331500.0,100.83098,2.99762,117,140.96,25.73
747500.0,296500.0,101.22608,2.68047,117,48.36,11.14
697500.0,331500.0,100.77701,2.99771,116,159.07,104.5
842500.0,232500.0,102.07853,2.10044,116,51.3,1488.42
759500.0,296500.0,101.33395,2.68027,116,117.91,3.61
844500.0,230500.0,102.09645,2.08233,116,72.18,42.18
851500.0,226500.0,102.15923,2.04608,116,49.88,1494.13
696500.0,332500.0,100.76803,3.00676,116,179.75,1.67
825500.0,240500.0,101.926,2.17302,116,143.4,26.72
799500.0,267500.0,101.69292,2.41745,116,51.52,8383.1
817500.0,252500.0,101.85436,2.28158,116,51.19,1289.68
686500.0,340500.0,100.6782,3.07925,116,50.43,8723.02
803500.0,255500.0,101.72864,2.30894,115,39.94,34.68
848500.0,227500.0,102.13232,2.05516,115,49.15,2579.48
752500.0,300500.0,101.27109,2.71655,115,52.61,53.82
839500.0,234500.0,102.05162,2.11856,115,49.68,12052.14
838500.0,235500.0,102.04266,2.12761,115,81.37,43.36
826500.0,245500.0,101.93507,2.21817,115,48.58,317.83
808500.0,261500.0,101.77367,2.36307,115,50.37,963.61
850500.0,226500.0,102.15026,2.04609,115,49.34,1330.33
795500.0,264500.0,101.65693,2.39041,115,49.2,1768.43
750500.0,318500.0,101.25342,2.87931,115,29.88,3.18
699500.0,335500.0,100.79506,3.03385,114,43.12,398.55
754500.0,292500.0,101.28894,2.6442,114,61.44,730.21
710500.0,326500.0,100.89386,2.9523,114,69.37,20.6
800500.0,266500.0,101.70188,2.4084,114,53.88,1977.69
755500.0,290500.0,101.29789,2.6261,113,55.89,2.07
840500.0,226500.0,102.06046,2.04627,113,174.15,18.62
810500.0,260500.0,101.79162,2.354,113,47.25,450.61
775500.0,285500.0,101.47757,2.58056,113,143.82,10.32
815500.0,255500.0,101.83644,2.30873,113,49.95,287.85
844500.0,232500.0,102.09649,2.1004,113,112.63,23.72
756500.0,326500.0,101.30752,2.95151,113,59.99,11.57
749500.0,292500.0,101.24399,2.64428,113,152.93,34.46
710500.0,323500.0,100.89382,2.92517,113,51.33,633.78
806500.0,254500.0,101.75558,2.29985,112,143.55,107.26
726500.0,314500.0,101.03756,2.84355,112,61.57,6637.55
790500.0,275500.0,101.61219,2.48992,112,54.0,778.61
833500.0,230500.0,101.99767,2.08253,112,137.62,313.71
811500.0,251500.0,101.80044,2.27265,112,53.14,5370.91
762500.0,331500.0,101.36156,2.9966,112,172.94,5.76
832500.0,243500.0,101.98892,2.2,112,35.79,46.89
750500.0,312500.0,101.25332,2.82507,112,38.63,1.91
748500.0,312500.0,101.23534,2.8251,111,13.51,35.17
782500.0,282500.0,101.54043,2.55332,111,141.57,17.14
778500.0,284500.0,101.50451,2.57147,111,143.83,4.0
781500.0,283500.0,101.53146,2.56238,111,52.88,2752.61
774500.0,286500.0,101.4686,2.58962,111,143.61,19.27
760500.0,339500.0,101.34373,3.06895,111,84.87,2.65
781500.0,274500.0,101.5313,2.48104,111,33.6,2.42
759500.0,305500.0,101.33411,2.76163,111,93.53,3.11
812500.0,259500.0,101.80957,2.34493,111,49.64,163.11
779500.0,275500.0,101.51335,2.49011,111,147.02,8.13
795500.0,261500.0,101.65687,2.3633,111,91.02,4.81
746500.0,300500.0,101.21715,2.71665,110,123.09,15.69
828500.0,247500.0,101.95307,2.23621,110,140.64,622.58
805500.0,256500.0,101.74663,2.31794,110,139.61,57.78
756500.0,291500.0,101.3069,2.63512,110,61.19,424.48
767500.0,292500.0,101.40579,2.64398,110,165.9,2.06
777500.0,285500.0,101.49555,2.58053,110,144.5,107.64
779500.0,284500.0,101.5135,2.57145,110,144.14,19.75
833500.0,234500.0,101.99774,2.11867,110,138.76,15.94
750500.0,308500.0,101.25325,2.7889,110,46.47,2.57
764500.0,285500.0,101.37871,2.58075,110,157.33,6.69
829500.0,242500.0,101.96196,2.19101,110,52.01,2285.34
792500.0,266500.0,101.63001,2.40854,110,159.32,3.22
685500.0,341500.0,100.66921,3.08831,110,52.29,6217.99
769500.0,187500.0,101.42226,1.69484,109,34.58,4.61
772500.0,281500.0,101.45054,2.54446,109,141.22,24.38
730500.0,310500.0,101.07346,2.80732,109,70.62,570.51
849500.0,225500.0,102.14126,2.03708,109,137.41,83.06
754500.0,306500.0,101.28918,2.77076,109,13.5,2.46
799500.0,261500.0,101.69281,2.36323,109,142.28,554.56
756500.0,297500.0,101.307,2.68936,109,65.68,774.61
790500.0,266500.0,101.61203,2.40858,109,45.63,330.08
729500.0,308500.0,101.06444,2.78925,109,95.23,10.31
805500.0,262500.0,101.74673,2.37216,108,54.06,4014.09
804500.0,265500.0,101.7378,2.39929,108,91.63,56.97
782500.0,273500.0,101.54027,2.47198,108,163.73,2.23
790500.0,274500.0,101.61217,2.48088,108,145.84,31.07
853500.0,223500.0,102.17714,2.01894,108,139.37,69.45
756500.0,296500.0,101.30698,2.68032,108,153.45,3.9
759500.0,340500.0,101.33476,3.07801,108,125.25,5.66
781500.0,282500.0,101.53144,2.55334,108,142.73,49.45
832500.0,231500.0,101.98871,2.09158,108,49.08,16266.55
817500.0,254500.0,101.85439,2.29966,108,50.03,778.36
827500.0,248500.0,101.9441,2.24526,108,141.88,315.46
830500.0,235500.0,101.97082,2.12775,108,49.91,2453.87
749500.0,307500.0,101.24424,2.77988,108,104.29,1.93
783500.0,274500.0,101.54927,2.481,108,141.45,98.7
847500.0,248500.0,102.12372,2.24489,108,21.83,1.38
756500.0,343500.0,101.30784,3.10519,108,122.41,5.87
771500.0,281500.0,101.44155,2.54448,107,142.42,5.84
833500.0,242500.0,101.99788,2.19094,107,142.28,50.34
752500.0,293500.0,101.27098,2.65327,107,66.58,392.77
849500.0,228500.0,102.14131,2.06418,107,49.19,1724.89
767500.0,283500.0,101.40564,2.56262,107,52.76,624.15
750500.0,310500.0,101.25328,2.80699,107,144.36,3.18
748500.0,304500.0,101.2352,2.75278,107,145.89,2.49
757500.0,305500.0,101.31613,2.76166,107,18.22,7.68
800500.0,257500.0,101.70173,2.32707,107,59.14,297.64
716500.0,309500.0,100.94756,2.7985,106,72.83,95.38
777500.0,278500.0,101.49542,2.51726,106,50.6,699.68
794500.0,273500.0,101.6481,2.47177,106,153.91,4.19
847500.0,220500.0,102.12322,1.99194,106,143.95,3.5
848500.0,219500.0,102.13218,1.98289,106,133.61,2.56
766500.0,284500.0,101.39667,2.57168,106,46.24,9.87
785500.0,270500.0,101.56718,2.44481,106,51.78,1401.63
776500.0,278500.0,101.48644,2.51728,106,141.66,40.61
778500.0,276500.0,101.50438,2.49916,106,147.84,23.42
758500.0,305500.0,101.32512,2.76165,106,47.54,1.95
729500.0,311500.0,101.06449,2.81638,106,153.76,12.25
852500.0,216500.0,102.16804,1.95572,105,140.38,4.71
836500.0,229500.0,102.0246,2.07344,105,179.47,41.53
755500.0,306500.0,101.29817,2.77074,105,23.54,4.7
783500.0,273500.0,101.54926,2.47196,105,52.15,2546.41
822500.0,251500.0,101.89925,2.27246,105,51.28,951.11
749500.0,310500.0,101.24429,2.807,105,55.97,4.55
747500.0,311500.0,101.22633,2.81608,105,25.92,11.4
728500.0,312500.0,101.05551,2.82543,105,94.44,1622.62
745500.0,355500.0,101.20915,3.21388,105,131.82,19.43
708500.0,327500.0,100.87589,2.96137,104,44.94,1844.44
754500.0,291500.0,101.28892,2.63516,104,61.74,1509.77
835500.0,237500.0,102.01576,2.14573,104,55.85,217.97
716500.0,312500.0,100.94761,2.82562,104,150.32,23.82
853500.0,215500.0,102.177,1.94667,104,52.39,58.57
720500.0,313500.0,100.98359,2.8346,104,50.83,81.99
799500.0,258500.0,101.69276,2.33612,104,107.16,5.18
787500.0,269500.0,101.58513,2.43574,103,140.8,27.53
806500.0,255500.0,101.75559,2.30889,103,50.76,1692.6
809500.0,252500.0,101.78249,2.28173,103,52.42,1149.63
762500.0,293500.0,101.36087,2.6531,103,153.33,3.39
767500.0,284500.0,101.40565,2.57166,103,170.78,1.54
739500.0,305500.0,101.1543,2.76197,103,71.68,90.25
688500.0,346500.0,100.69627,3.13348,103,131.53,14.72
744500.0,298500.0,101.19914,2.6986,103,37.19,327.94
851500.0,223500.0,102.15918,2.01898,103,48.31,2382.89
737500.0,306500.0,101.13634,2.77104,103,156.27,8.34
852500.0,224500.0,102.16818,2.02799,102,138.1,50.33
782500.0,274500.0,101.54029,2.48102,102,65.08,43.86
817500.0,245500.0,101.85423,2.21833,102,51.77,1884.97
792500.0,265500.0,101.62999,2.3995,102,43.82,73.48
706500.0,329500.0,100.85793,2.97949,102,48.82,1159.31
757500.0,303500.0,101.31609,2.74358,102,69.6,20961.37
754500.0,297500.0,101.28902,2.6894,101,64.07,535.91
718500.0,310500.0,100.96556,2.80751,101,55.85,165.03
774500.0,287500.0,101.46862,2.59866,101,54.36,1447.51
813500.0,258500.0,101.81853,2.33587,101,44.56,132.11
748500.0,294500.0,101.23504,2.66238,101,57.65,1774.36
745500.0,304500.0,101.20823,2.75283,101,49.66,2.76
702500.0,334500.0,100.82203,3.02476,101,43.21,1813.54
770500.0,282500.0,101.43258,2.55353,100,142.3,76.69
833500.0,239500.0,101.99783,2.16384,100,80.36,1.98
789500.0,268500.0,101.60308,2.42667,99,50.28,418.86
786500.0,279500.0,101.57632,2.52614,99,53.62,1838.17
742500.0,296500.0,101.18113,2.68056,99,152.72,9.99
747500.0,307500.0,101.22626,2.77992,99,76.28,10.95
790500.0,273500.0,101.61216,2.47184,99,144.42,153.31
814500.0,249500.0,101.82735,2.25453,99,51.36,3002.0
837500.0,239500.0,102.03375,2.16377,99,44.11,255.54
725500.0,306500.0,101.02844,2.77123,99,60.69,1163.67
833500.0,231500.0,101.99769,2.09156,99,49.77,5155.45
758500.0,310500.0,101.32521,2.80684,99,106.53,2.39
817500.0,246500.0,101.85425,2.22737,99,52.83,1887.82
757500.0,311500.0,101.31623,2.8159,99,159.03,2.42
756500.0,292500.0,101.30692,2.64416,99,153.26,8.39
782500.0,281500.0,101.54041,2.54429,99,53.27,1322.23
715500.0,310500.0,100.93859,2.80755,98,66.35,413.38
732500.0,304500.0,101.09135,2.75304,98,62.31,6793.39
762500.0,333500.0,101.3616,3.01468,98,56.24,1.19
807500.0,253500.0,101.76454,2.2908,98,144.14,102.28
752500.0,294500.0,101.27099,2.66231,98,151.73,379.39
688500.0,338500.0,100.69616,3.06114,98,42.33,808.39
752500.0,314500.0,101.27134,2.84311,98,124.1,10.43
707500.0,324500.0,100.86685,2.93426,98,47.28,1218.92
812500.0,249500.0,101.80939,2.25456,98,141.66,44.82
827500.0,239500.0,101.94394,2.16395,98,54.08,4844.67
778500.0,277500.0,101.50439,2.5082,98,141.18,34.29
768500.0,289500.0,101.41473,2.61684,98,61.01,986.75
780500.0,275500.0,101.52233,2.49009,98,51.31,679.4
698500.0,336500.0,100.78608,3.04291,97,73.11,10.51
819500.0,242500.0,101.87214,2.19119,97,52.98,1707.79
787500.0,277500.0,101.58527,2.50804,97,142.56,13.41
848500.0,229500.0,102.13235,2.07323,97,51.32,659.3
699500.0,334500.0,100.79505,3.02481,97,44.23,540.08
822500.0,243500.0,101.89911,2.20017,97,57.21,6.05
702500.0,332500.0,100.822,3.00668,97,139.67,15.55
738500.0,300500.0,101.14523,2.71678,97,62.67,3061.28
834500.0,233500.0,102.00671,2.10961,97,48.77,1474.87
760500.0,288500.0,101.3428,2.60794,97,151.9,16.27
817500.0,243500.0,101.8542,2.20026,97,141.35,93.43
728500.0,311500.0,101.0555,2.81639,97,64.63,252.47
753500.0,298500.0,101.28005,2.69845,96,62.39,2008.74
778500.0,275500.0,101.50436,2.49013,96,52.59,712.2
849500.0,220500.0,102.14117,1.99191,96,48.24,5123.79
723500.0,313500.0,101.01057,2.83455,96,60.61,175.14
798500.0,261500.0,101.68383,2.36325,96,52.05,5767.92
712500.0,321500.0,100.91177,2.90706,96,49.13,632.35
735500.0,306500.0,101.11836,2.77108,96,65.76,776.86
815500.0,254500.0,101.83643,2.29969,96,137.92,13.09
819500.0,244500.0,101.87218,2.20926,96,144.23,82.96
839500.0,227500.0,102.0515,2.05532,96,141.3,5.12
726500.0,308500.0,101.03747,2.7893,96,61.59,2673.03
744500.0,356500.0,101.20018,3.22294,96,128.22,494.83
697500.0,337500.0,100.7771,3.05196,95,133.33,7.91
786500.0,270500.0,101.57616,2.4448,95,141.38,72.8
808500.0,253500.0,101.77353,2.29078,95,52.43,1539.17
796500.0,262500.0,101.66588,2.37232,95,28.68,12.51
704500.0,316500.0,100.83975,2.86197,95,60.84,3476.15
687500.0,340500.0,100.68719,3.07924,95,141.14,22.81
758500.0,306500.0,101.32514,2.77069,95,127.95,3.39
837500.0,228500.0,102.03356,2.06439,95,34.25,6.24
671500.0,351500.0,100.5434,3.17894,95,51.38,2197.93
705500.0,315500.0,100.84873,2.85291,95,60.97,7981.53
846500.0,239500.0,102.11457,2.1636,95,157.42,1.67
751500.0,310500.0,101.26227,2.80697,94,166.93,6.22
788500.0,277500.0,101.59426,2.50803,94,60.04,11.35
761500.0,337500.0,101.35269,3.05085,94,78.98,3.04
810500.0,252500.0,101.79148,2.28171,94,53.04,9980.96
750500.0,293500.0,101.253,2.6533,94,52.75,87.11
719500.0,309500.0,100.97454,2.79845,94,54.2,149.1
725500.0,314500.0,101.02857,2.84356,94,154.66,16.0
717500.0,312500.0,100.9566,2.82561,94,33.58,3.77
848500.0,248500.0,102.1327,2.24487,94,101.43,4.12
706500.0,315500.0,100.85772,2.8529,94,60.05,4853.24
764500.0,292500.0,101.37883,2.64403,94,65.07,570.28
841500.0,224500.0,102.06941,2.02818,94,48.25,786.57
707500.0,328500.0,100.86691,2.97043,93,137.23,61.68
844500.0,234500.0,102.09652,2.11847,93,133.06,11.11
665500.0,358500.0,100.48951,3.24233,93,143.36,138.48
694500.0,322500.0,100.7499,2.91637,93,53.24,516.7
850500.0,227500.0,102.15027,2.05513,93,50.1,1791.33
814500.0,248500.0,101.82734,2.24549,93,50.25,7297.37
845500.0,232500.0,102.10547,2.10038,93,48.05,2534.64
815500.0,247500.0,101.8363,2.23644,93,50.25,4233.96
803500.0,257500.0,101.72868,2.32701,93,146.44,23.06
795500.0,262500.0,101.65689,2.37234,93,106.68,45.6
792500.0,272500.0,101.63011,2.46277,93,136.18,4.66
834500.0,234500.0,102.00672,2.11865,93,140.37,822.14
808500.0,252500.0,101.77351,2.28174,92,39.62,88.54
781500.0,281500.0,101.53142,2.5443,92,50.77,820.03
848500.0,220500.0,102.13219,1.99193,92,139.41,5.06
718500.0,311500.0,100.96558,2.81655,92,89.2,1.47
714500.0,314500.0,100.92965,2.84373,92,80.44,2.15
780500.0,284500.0,101.52249,2.57144,92,55.55,2950.19
698500.0,332500.0,100.78602,3.00674,92,46.39,338.65
714500.0,310500.0,100.92959,2.80757,92,64.29,331.69
810500.0,250500.0,101.79144,2.26364,92,53.73,912.33
708500.0,325500.0,100.87586,2.94329,92,50.2,920.91
700500.0,332500.0,100.80401,3.00671,92,42.79,133.14
789500.0,267500.0,101.60307,2.41763,92,25.82,18.68
690500.0,338500.0,100.71415,3.06111,91,49.47,3827.85
774500.0,279500.0,101.46848,2.52635,91,50.74,832.78
782500.0,280500.0,101.54039,2.53525,91,47.24,3.22
850500.0,218500.0,102.15012,1.97383,91,51.59,176.76
840500.0,228500.0,102.0605,2.06434,91,48.75,3295.48
689500.0,337500.0,100.70514,3.05208,91,146.46,1.92
775500.0,280500.0,101.47748,2.53537,91,140.23,64.35
708500.0,323500.0,100.87583,2.9252,91,137.29,50.75
705500.0,316500.0,100.84875,2.86195,91,60.46,1962.59
753500.0,311500.0,101.28027,2.81597,91,123.08,15.76
705500.0,328500.0,100.84892,2.97046,90,139.39,20.79
697500.0,338500.0,100.77712,3.06101,90,126.94,5.27
808500.0,259500.0,101.77363,2.345,90,51.69,1878.85
793500.0,273500.0,101.63911,2.47179,90,144.45,28.44
797500.0,270500.0,101.675,2.4446,90,53.63,2461.18
841500.0,226500.0,102.06944,2.04625,90,145.06,6.8
831500.0,233500.0,101.97976,2.10967,90,54.33,489.89
766500.0,293500.0,101.39682,2.65303,90,60.51,658.0
730500.0,303500.0,101.07335,2.74403,90,50.17,2.15
817500.0,255500.0,101.85441,2.30869,90,90.7,53.22
843500.0,224500.0,102.08737,2.02815,90,44.87,267.83
713500.0,323500.0,100.9208,2.92513,90,142.04,5.22
847500.0,221500.0,102.12323,2.00098,89,40.05,593.33
773500.0,288500.0,101.45965,2.60771,89,144.63,30.18
809500.0,261500.0,101.78265,2.36305,89,131.9,8.31
818500.0,254500.0,101.86337,2.29964,89,52.75,687.73
714500.0,322500.0,100.92977,2.91607,89,45.4,412.92
806500.0,264500.0,101.75575,2.39022,89,154.6,3.78
750500.0,311500.0,101.2533,2.81603,89,13.93,2.76
814500.0,257500.0,101.8275,2.32682,89,47.3,64.69
772500.0,288500.0,101.45066,2.60773,88,57.64,1872.17
692500.0,335500.0,100.7321,3.03395,88,159.0,1.63
759500.0,288500.0,101.33382,2.60796,88,61.64,1549.59
745500.0,308500.0,101.2083,2.78899,88,131.77,6.18
845500.0,222500.0,102.10529,2.01005,88,51.58,859.48
685500.0,335500.0,100.66913,3.03405,88,44.54,2550.17
826500.0,238500.0,101.93495,2.15493,88,48.81,3190.58
822500.0,252500.0,101.89927,2.28149,88,9.18,5.56
709500.0,327500.0,100.88488,2.96136,87,47.21,4151.63
774500.0,280500.0,101.4685,2.53539,87,50.57,661.43
807500.0,260500.0,101.76467,2.35405,87,52.72,665.75
751500.0,300500.0,101.2621,2.71657,87,60.0,815.3
773500.0,287500.0,101.45963,2.59868,87,57.17,1952.2
805500.0,265500.0,101.74679,2.39927,87,26.43,4.89
813500.0,249500.0,101.81837,2.25455,87,49.58,1946.29
706500.0,316500.0,100.85774,2.86194,87,60.26,889.99
816500.0,232500.0,101.84503,2.10088,87,61.05,8043.07
840500.0,227500.0,102.06048,2.0553,86,48.13,626.72
715500.0,313500.0,100.93863,2.83468,86,63.01,179.03
769500.0,284500.0,101.42363,2.57163,86,55.51,460.06
746500.0,297500.0,101.2171,2.68953,86,36.15,138.35
775500.0,286500.0,101.47759,2.5896,86,56.15,192.68
751500.0,309500.0,101.26226,2.79793,86,135.56,4.86
808500.0,254500.0,101.77354,2.29982,86,51.43,2302.16
758500.0,329500.0,101.32556,2.9786,86,35.5,10.18
746500.0,294500.0,101.21706,2.66241,86,62.76,6259.88
825500.0,249500.0,101.92616,2.25433,86,49.35,4281.01
791500.0,267500.0,101.62104,2.4176,86,52.2,1029.93
845500.0,239500.0,102.10559,2.16362,86,119.8,7.0
818500.0,231500.0,101.86298,2.09181,86,61.71,2731.83
842500.0,225500.0,102.07841,2.0372,86,43.83,591.68
748500.0,296500.0,101.23507,2.68046,86,30.48,47.65
790500.0,268500.0,101.61207,2.42665,86,52.09,353.16
831500.0,236500.0,101.97982,2.13677,86,138.3,72.21
788500.0,267500.0,101.59408,2.41765,86,56.41,331.57
760500.0,337500.0,101.34369,3.05087,85,95.58,11.71
803500.0,263500.0,101.72878,2.38124,85,52.76,1047.86
698500.0,334500.0,100.78605,3.02482,85,132.96,14.13
776500.0,277500.0,101.48642,2.50824,85,51.45,4375.93
727500.0,305500.0,101.04641,2.76216,85,50.98,3.47
823500.0,242500.0,101.90807,2.19112,85,51.66,978.0
707500.0,326500.0,100.86688,2.95235,85,48.54,2134.91
786500.0,269500.0,101.57614,2.43576,85,141.92,77.78
835500.0,229500.0,102.01562,2.07346,85,179.11,45.58
818500.0,246500.0,101.86323,2.22735,85,52.32,2105.65
835500.0,233500.0,102.01569,2.1096,85,50.43,5765.7
720500.0,311500.0,100.98356,2.81652,84,49.95,286.87
769500.0,283500.0,101.42361,2.56259,84,54.94,482.91
780500.0,282500.0,101.52245,2.55336,84,75.45,5.82
846500.0,231500.0,102.11443,2.09133,84,44.92,390.41
779500.0,283500.0,101.51348,2.56242,84,141.98,16.45
701500.0,318500.0,100.8128,2.8801,84,58.09,784.13
759500.0,289500.0,101.33383,2.61699,84,74.66,134.62
744500.0,295500.0,101.19909,2.67148,84,155.43,35.49
784500.0,280500.0,101.55836,2.53521,84,53.24,460.97
825500.0,238500.0,101.92597,2.15494,84,50.12,2995.02
725500.0,310500.0,101.02851,2.8074,84,62.45,202.84
772500.0,289500.0,101.45068,2.61677,84,146.7,9.96
834500.0,254500.0,102.00709,2.29934,84,39.05,1340.17
794500.0,272500.0,101.64808,2.46273,83,56.38,416.78
711500.0,322500.0,100.90279,2.91612,83,51.82,757.51
702500.0,317500.0,100.82178,2.87104,83,59.94,874.74
698500.0,337500.0,100.7861,3.05195,83,42.57,925.01
753500.0,307500.0,101.2802,2.77981,83,38.2,6.23
844500.0,224500.0,102.09635,2.02813,83,137.89,32.5
735500.0,303500.0,101.11831,2.74395,83,96.95,40.05
749500.0,301500.0,101.24414,2.72564,83,168.03,13.14
747500.0,306500.0,101.22624,2.77088,82,94.1,12.81
825500.0,227500.0,101.92578,2.05556,82,62.24,13347.89
789500.0,269500.0,101.6031,2.43571,82,143.76,123.09
783500.0,281500.0,101.5494,2.54427,82,97.97,80.25
713500.0,314500.0,100.92066,2.84375,82,60.9,100.73
770500.0,289500.0,101.4327,2.61681,81,55.97,590.71
744500.0,300500.0,101.19917,2.71668,81,9.96,723.73
832500.0,235500.0,101.98878,2.12772,81,48.03,1572.04
830500.0,245500.0,101.97099,2.2181,81,50.03,1992.78
712500.0,311500.0,100.91162,2.81664,81,63.74,3053.79
737500.0,311500.0,101.13642,2.81625,81,140.53,360.26
821500.0,229500.0,101.88989,2.07369,81,60.43,4038.77
852500.0,215500.0,102.16802,1.94669,81,158.64,391.95
816500.0,245500.0,101.84525,2.21835,81,53.96,1052.03
781500.0,275500.0,101.53132,2.49007,81,17.49,11.49
842500.0,224500.0,102.07839,2.02817,81,4.26,165.42
844500.0,222500.0,102.09631,2.01006,81,139.72,20.74
747500.0,302500.0,101.22618,2.73472,80,56.24,1.88
753500.0,297500.0,101.28003,2.68941,80,64.68,343.02
787500.0,268500.0,101.58511,2.4267,80,54.31,299.76
715500.0,311500.0,100.9386,2.81659,80,81.54,419.51
689500.0,339500.0,100.70517,3.07017,80,49.22,3412.8
747500.0,298500.0,101.22611,2.69855,80,137.67,1763.58
846500.0,236500.0,102.11452,2.1365,80,147.59,257.56
785500.0,280500.0,101.56735,2.53519,80,53.83,1024.1
841500.0,237500.0,102.06964,2.14563,80,49.11,2934.58
701500.0,335500.0,100.81305,3.03382,80,43.12,5943.58
756500.0,290500.0,101.30688,2.62608,79,64.1,970.72
786500.0,278500.0,101.5763,2.5171,79,51.73,1305.03
773500.0,281500.0,101.45953,2.54444,79,53.49,278.74
784500.0,278500.0,101.55833,2.51714,79,145.84,18.57
702500.0,318500.0,100.82179,2.88008,79,59.12,477.52
714500.0,311500.0,100.92961,2.81661,79,69.2,118.91
820500.0,252500.0,101.8813,2.28153,79,51.2,3277.89
823500.0,251500.0,101.90823,2.27244,79,122.63,4.84
841500.0,227500.0,102.06946,2.05528,79,46.7,457.9
842500.0,223500.0,102.07837,2.01913,79,49.48,2264.73
768500.0,292500.0,101.41478,2.64396,79,63.06,785.35
741500.0,309500.0,101.17235,2.7981,79,129.02,50.47
746500.0,311500.0,101.21734,2.81609,79,118.7,8.95
771500.0,286500.0,101.44164,2.58967,79,144.63,251.66
761500.0,295500.0,101.35191,2.6712,79,60.74,562.63
789500.0,276500.0,101.60322,2.49897,78,142.54,42.09
758500.0,291500.0,101.32488,2.63509,78,61.11,6272.9
797500.0,268500.0,101.67497,2.42653,78,6.14,15.52
827500.0,244500.0,101.94403,2.20912,78,50.91,2819.26
818500.0,251500.0,101.86332,2.27253,78,50.63,2225.96
815500.0,233500.0,101.83607,2.10994,78,61.19,6226.96
801500.0,265500.0,101.71085,2.39934,78,143.46,37.37
746500.0,302500.0,101.21719,2.73473,77,115.51,9.84
802500.0,256500.0,101.71968,2.31799,77,51.67,564.39
742500.0,306500.0,101.18129,2.77096,77,98.05,47.66
838500.0,227500.0,102.04252,2.05534,77,47.79,911.82
789500.0,266500.0,101.60305,2.40859,77,50.53,534.35
819500.0,246500.0,101.87221,2.22733,77,52.85,4338.84
812500.0,250500.0,101.80941,2.2636,77,51.74,4036.38
727500.0,312500.0,101.04652,2.82545,77,96.13,6.5
744500.0,313500.0,101.19939,2.83421,77,131.73,95.32
692500.0,336500.0,100.73211,3.04299,76,40.36,578.78
811500.0,249500.0,101.80041,2.25458,76,53.4,2832.81
826500.0,227500.0,101.93476,2.05554,76,152.04,579.8
815500.0,248500.0,101.83632,2.24548,76,141.37,111.54
745500.0,295500.0,101.20808,2.67147,76,64.6,426.25
845500.0,238500.0,102.10558,2.15459,76,25.95,8.46
741500.0,304500.0,101.17227,2.7529,76,58.48,520.78
815500.0,257500.0,101.83648,2.3268,75,46.89,69.55
768500.0,285500.0,101.41466,2.58068,75,148.61,24.17
759500.0,307500.0,101.33414,2.77971,75,89.69,4.46
696500.0,333500.0,100.76805,3.01581,75,52.18,824.8
700500.0,333500.0,100.80403,3.01575,75,58.28,45.83
699500.0,336500.0,100.79508,3.04289,75,41.88,309.92
733500.0,301500.0,101.1003,2.7259,75,152.49,18.14
728500.0,304500.0,101.05539,2.7531,75,62.16,4975.48
695500.0,321500.0,100.75888,2.90731,75,53.49,673.42
724500.0,306500.0,101.01945,2.77125,75,58.95,870.34
738500.0,321500.0,101.14558,2.90664,75,78.73,2.77
825500.0,239500.0,101.92598,2.16398,75,50.39,935.46
780500.0,276500.0,101.52235,2.49913,75,141.67,96.07
739500.0,298500.0,101.15419,2.69868,75,65.64,1397.89
696500.0,339500.0,100.76814,3.07006,74,44.92,68.17
755500.0,298500.0,101.29803,2.69842,74,153.3,93.21
761500.0,289500.0,101.35181,2.61696,74,150.1,79.97
752500.0,299500.0,101.27108,2.70751,74,52.77,105.85
752500.0,317500.0,101.27139,2.87023,74,81.0,4.1
819500.0,243500.0,101.87216,2.20023,74,143.96,120.12
748500.0,305500.0,101.23522,2.76182,74,17.69,3.23
820500.0,253500.0,101.88132,2.29057,74,45.34,2.66
657500.0,357500.0,100.41751,3.23339,74,47.98,2901.38
824500.0,250500.0,101.9172,2.26339,74,48.82,530.95
757500.0,297500.0,101.31599,2.68935,74,150.55,119.5
749500.0,305500.0,101.24421,2.7618,74,99.31,3.71
747500.0,309500.0,101.2263,2.798,74,39.48,26.25
708500.0,328500.0,100.87591,2.97042,73,47.67,2310.46
836500.0,236500.0,102.02472,2.13668,73,139.81,75.27
849500.0,218500.0,102.14114,1.97384,73,140.85,72.28
829500.0,234500.0,101.96182,2.11873,73,81.0,3.25
724500.0,295500.0,101.01929,2.67179,73,144.55,1623.79
837500.0,227500.0,102.03354,2.05535,72,139.14,19.98
851500.0,225500.0,102.15922,2.03704,72,47.27,1864.58
732500.0,309500.0,101.09143,2.79825,72,66.34,428.57
724500.0,313500.0,101.01956,2.83454,72,69.08,249.62
744500.0,307500.0,101.19929,2.77997,72,7.88,10.32
738500.0,302500.0,101.14526,2.73486,72,170.27,1.82
745500.0,303500.0,101.20821,2.74379,72,19.85,1.72
763500.0,331500.0,101.37055,2.99658,72,172.69,13.51
784500.0,271500.0,101.55821,2.45387,72,49.39,459.42
764500.0,294500.0,101.37886,2.66211,72,153.98,38.53
779500.0,274500.0,101.51333,2.48107,72,51.14,5427.27
845500.0,223500.0,102.10531,2.01908,72,140.71,126.45
789500.0,275500.0,101.60321,2.48993,72,144.43,64.98
792500.0,264500.0,101.62997,2.39047,72,110.56,2.02
836500.0,228500.0,102.02458,2.06441,72,147.26,31.35
747500.0,294500.0,101.22605,2.66239,72,161.11,1.41
791500.0,272500.0,101.62113,2.46278,72,145.63,20.55
763500.0,288500.0,101.36977,2.60789,71,49.83,118.79
816500.0,256500.0,101.84544,2.31775,71,48.34,70.96
802500.0,258500.0,101.71971,2.33607,71,145.66,21.83
723500.0,311500.0,101.01054,2.81647,71,63.86,611.17
835500.0,232500.0,102.01567,2.10056,71,49.96,4412.55
670500.0,358500.0,100.5345,3.24226,71,131.97,400.15
833500.0,235500.0,101.99776,2.1277,71,50.81,14736.76
699500.0,325500.0,100.79491,2.94342,70,139.56,1090.65
775500.0,278500.0,101.47745,2.51729,70,51.73,2750.72
835500.0,241500.0,102.01583,2.18187,70,144.7,79.79
713500.0,320500.0,100.92075,2.898,70,44.09,3122.14
740500.0,320500.0,101.16355,2.89756,70,66.18,612.2
783500.0,279500.0,101.54936,2.52619,70,145.27,118.02
810500.0,261500.0,101.79164,2.36304,70,49.46,114.53
836500.0,240500.0,102.02479,2.17282,70,1.12,136.66
793500.0,271500.0,101.63908,2.45371,70,147.84,30.14
772500.0,282500.0,101.45056,2.5535,69,143.41,25.54
796500.0,270500.0,101.66602,2.44462,69,147.63,25.81
851500.0,218500.0,102.1591,1.97381,69,139.41,75.81
847500.0,230500.0,102.12339,2.08228,69,134.92,30.65
831500.0,234500.0,101.97978,2.1187,69,175.89,9.18
797500.0,262500.0,101.67486,2.3723,69,49.78,804.44
769500.0,188500.0,101.42227,1.70388,69,35.71,4.02
821500.0,252500.0,101.89029,2.28151,69,92.87,14.13
829500.0,260500.0,101.96229,2.35364,69,22.09,1.25
799500.0,269500.0,101.69295,2.43553,69,142.05,197.55
773500.0,289500.0,101.45967,2.61675,69,56.29,343.84
710500.0,316500.0,100.89371,2.86188,69,54.81,536.92
782500.0,275500.0,101.5403,2.49006,69,51.74,1499.09
803500.0,266500.0,101.72884,2.40835,69,50.63,620.33
780500.0,273500.0,101.5223,2.47201,69,48.8,981.75
691500.0,336500.0,100.72312,3.04301,68,45.28,172.99
693500.0,341500.0,100.74118,3.08819,68,40.62,267.39
788500.0,268500.0,101.5941,2.42669,68,50.43,759.12
740500.0,297500.0,101.16317,2.68963,68,52.17,241.02
785500.0,278500.0,101.56732,2.51712,68,52.84,2364.45
697500.0,335500.0,100.77707,3.03388,68,50.2,772.87
739500.0,319500.0,101.15454,2.88854,68,167.62,45.03
823500.0,247500.0,101.90816,2.2363,68,48.94,980.35
824500.0,240500.0,101.91702,2.17303,68,52.04,2368.1
816500.0,244500.0,101.84523,2.20931,68,43.33,3.5
843500.0,223500.0,102.08735,2.01911,68,137.01,9.93
809500.0,251500.0,101.78247,2.27269,68,52.56,1293.74
816500.0,246500.0,101.84527,2.22739,68,53.22,2081.31
717500.0,319500.0,100.95671,2.8889,68,49.76,463.39
727500.0,309500.0,101.04647,2.79833,68,83.09,10.93
809500.0,258500.0,101.7826,2.33594,68,52.29,1910.63
736500.0,299500.0,101.12724,2.70777,68,55.81,297.42
715500.0,321500.0,100.93875,2.90701,68,44.13,1634.21
778500.0,283500.0,101.5045,2.56243,67,141.64,28.4
849500.0,217500.0,102.14112,1.96481,67,49.82,1998.48
748500.0,303500.0,101.23518,2.74374,67,30.71,4.01
810500.0,236500.0,101.79121,2.13713,67,62.18,10130.81
831500.0,232500.0,101.97975,2.10063,67,137.7,171.4
784500.0,272500.0,101.55822,2.46291,67,52.95,1728.08
756500.0,311500.0,101.30724,2.81592,67,133.22,4.09
738500.0,306500.0,101.14533,2.77103,67,163.25,4.68
788500.0,269500.0,101.59412,2.43572,67,51.54,625.4
747500.0,293500.0,101.22603,2.65335,67,62.76,18769.94
788500.0,275500.0,101.59422,2.48995,67,135.55,3.65
819500.0,231500.0,101.87196,2.0918,67,61.53,2518.38
843500.0,225500.0,102.08739,2.03718,67,169.57,6.78
733500.0,306500.0,101.10037,2.77111,67,64.49,2806.32
836500.0,231500.0,102.02463,2.09151,67,49.89,4408.1
689500.0,345500.0,100.70525,3.12442,67,130.43,58.87
711500.0,315500.0,100.90269,2.85282,67,152.26,15.45
749500.0,308500.0,101.24426,2.78892,66,91.0,10.53
752500.0,318500.0,101.27141,2.87927,66,60.23,1.6
830500.0,237500.0,101.97085,2.14582,66,53.3,1994.05
804500.0,256500.0,101.73764,2.31796,66,142.35,26.76
786500.0,277500.0,101.57628,2.50806,66,143.44,65.68
751500.0,292500.0,101.26197,2.64425,66,62.1,1747.74
777500.0,284500.0,101.49553,2.57149,66,140.9,47.68
754500.0,293500.0,101.28895,2.65324,66,62.43,980.14
793500.0,263500.0,101.63894,2.38141,66,48.46,1226.91
843500.0,231500.0,102.08749,2.09139,66,48.95,4582.56
748500.0,307500.0,101.23525,2.7799,66,103.35,1.65
767500.0,289500.0,101.40574,2.61686,66,149.58,454.79
811500.0,260500.0,101.8006,2.35398,66,49.04,210.53
778500.0,285500.0,101.50453,2.58051,66,54.43,2239.0
844500.0,223500.0,102.09633,2.0191,66,51.33,1962.61
695500.0,322500.0,100.7589,2.91635,66,49.3,163.65
684500.0,342500.0,100.66023,3.09737,66,53.27,298.84
696500.0,336500.0,100.76809,3.04294,66,51.59,3996.37
692500.0,337500.0,100.73213,3.05204,66,47.55,4866.13
838500.0,226500.0,102.04251,2.0463,65,49.59,3900.1
851500.0,217500.0,102.15908,1.96477,65,134.48,33.52
796500.0,260500.0,101.66584,2.35425,65,137.8,91.04
701500.0,329500.0,100.81296,2.97956,65,50.48,3465.37
753500.0,321500.0,101.28045,2.90637,65,60.17,2.83
821500.0,244500.0,101.89014,2.20923,65,48.53,1170.39
753500.0,306500.0,101.28019,2.77077,65,13.32,4.07
820500.0,249500.0,101.88125,2.25442,65,49.26,11734.89
722500.0,332500.0,101.00188,3.00636,65,3.92,15.79
736500.0,307500.0,101.12736,2.7801,64,152.29,16.12
784500.0,273500.0,101.55824,2.47195,64,51.34,836.01
845500.0,233500.0,102.10548,2.10942,64,49.53,3157.48
822500.0,241500.0,101.89907,2.1821,64,36.07,54.57
795500.0,271500.0,101.65705,2.45368,64,52.97,1396.53
751500.0,308500.0,101.26224,2.78889,64,107.91,33.46
740500.0,311500.0,101.16339,2.8162,64,109.58,1.78
812500.0,248500.0,101.80937,2.24553,64,44.61,147.57
807500.0,254500.0,101.76456,2.29983,64,51.01,3767.98
791500.0,264500.0,101.62099,2.39048,64,39.74,557.4
761500.0,286500.0,101.35176,2.58984,64,62.3,10706.91
810500.0,257500.0,101.79156,2.32689,64,140.39,500.01
818500.0,242500.0,101.86316,2.19121,64,12.94,22.21
739500.0,312500.0,101.15442,2.82525,64,140.13,31.48
760500.0,293500.0,101.34289,2.65314,63,62.88,6111.58
757500.0,295500.0,101.31596,2.67127,63,155.3,69.87
792500.0,274500.0,101.63015,2.48084,63,144.37,110.73
815500.0,249500.0,101.83634,2.25451,63,141.5,669.45
707500.0,329500.0,100.86693,2.97947,63,48.61,849.47
658500.0,356500.0,100.4265,3.22433,63,47.87,8452.52
758500.0,307500.0,101.32515,2.77972,63,123.29,1.93
820500.0,245500.0,101.88118,2.21828,63,48.21,2059.8
790500.0,265500.0,101.61202,2.39954,63,131.79,8.4
734500.0,308500.0,101.1094,2.78917,63,64.96,1728.22
848500.0,230500.0,102.13237,2.08226,63,50.29,868.88
698500.0,330500.0,100.78599,2.98865,63,49.3,1653.81
814500.0,258500.0,101.82751,2.33585,63,53.22,300.27
832500.0,244500.0,101.98894,2.20903,63,139.4,42.35
752500.0,305500.0,101.27118,2.76175,63,20.47,37.79
717500.0,309500.0,100.95655,2.79848,62,165.72,2.07
760500.0,306500.0,101.34311,2.77065,62,115.83,14.63
831500.0,256500.0,101.98018,2.31747,62,114.15,18.03
779500.0,282500.0,101.51347,2.55338,62,141.61,19.5
745500.0,307500.0,101.20828,2.77995,62,138.28,2.25
828500.0,235500.0,101.95286,2.12779,62,69.51,3.62
703500.0,332500.0,100.831,3.00666,62,138.39,9.64
839500.0,225500.0,102.05147,2.03725,62,172.61,289.9
721500.0,312500.0,100.99257,2.82554,62,148.88,21.72
840500.0,238500.0,102.06068,2.15468,62,53.06,2619.73
828500.0,226500.0,101.9527,2.04647,61,150.93,202.27
705500.0,331500.0,100.84897,2.99759,61,44.66,492.77
819500.0,245500.0,101.8722,2.2183,61,144.25,51.98
703500.0,317500.0,100.83077,2.87102,61,58.95,4706.05
740500.0,301500.0,101.16323,2.72579,61,65.43,766.73
743500.0,299500.0,101.19017,2.70766,61,42.88,87.27
730500.0,307500.0,101.07342,2.7802,61,153.06,3.23
695500.0,337500.0,100.75911,3.05199,61,50.49,2585.74
680500.0,338500.0,100.62419,3.06125,61,51.81,2787.61
750500.0,298500.0,101.25308,2.6985,61,66.21,1031.23
800500.0,265500.0,101.70187,2.39936,61,51.01,2829.24
754500.0,290500.0,101.28891,2.62612,60,62.56,771.63
747500.0,303500.0,101.22619,2.74376,60,41.81,5.4
752500.0,316500.0,101.27137,2.86119,60,104.09,74.82
853500.0,218500.0,102.17705,1.97377,60,138.05,78.05
715500.0,312500.0,100.93862,2.82564,60,66.94,1150.1
783500.0,272500.0,101.54924,2.46292,60,51.36,949.52
795500.0,263500.0,101.65691,2.38138,60,87.71,2.67
707500.0,315500.0,100.86672,2.85288,60,64.91,245.42
697500.0,336500.0,100.77709,3.04292,60,49.2,1226.22
748500.0,299500.0,101.23512,2.70758,60,170.07,142.19
772500.0,280500.0,101.45052,2.53542,59,142.64,106.82
787500.0,270500.0,101.58515,2.44478,59,143.08,70.86
783500.0,282500.0,101.54941,2.55331,59,33.89,42.15
852500.0,226500.0,102.16821,2.04606,59,47.83,1406.04
701500.0,319500.0,100.81282,2.88914,59,45.63,820.19
760500.0,287500.0,101.34279,2.5989,59,65.93,214.92
751500.0,314500.0,101.26234,2.84313,59,60.0,1.94
765500.0,284500.0,101.38768,2.5717,59,59.79,2052.98
755500.0,311500.0,101.29825,2.81594,59,137.29,2.66
787500.0,271500.0,101.58517,2.45382,59,144.12,51.92
753500.0,312500.0,101.28029,2.82501,59,127.71,2.92
748500.0,309500.0,101.23529,2.79798,59,4.67,51.19
802500.0,264500.0,101.71982,2.39029,59,53.13,1542.67
842500.0,226500.0,102.07842,2.04623,59,46.35,388.65
746500.0,304500.0,101.21722,2.75281,59,51.21,1784.31
730500.0,317500.0,101.07358,2.87061,59,135.94,775.46
777500.0,276500.0,101.49539,2.49918,58,142.82,195.63
754500.0,298500.0,101.28904,2.69844,58,149.75,115.51
776500.0,284500.0,101.48654,2.57151,58,159.35,8.3
829500.0,246500.0,101.96203,2.22715,58,140.49,42.69
853500.0,217500.0,102.17704,1.96474,58,47.57,631.64
738500.0,320500.0,101.14556,2.8976,58,160.12,9.59
725500.0,315500.0,101.02858,2.85261,58,61.87,5890.15
747500.0,305500.0,101.22623,2.76184,58,161.47,2.21
791500.0,265500.0,101.621,2.39952,58,41.87,468.04
853500.0,214500.0,102.17698,1.93764,58,49.53,2426.39
742500.0,302500.0,101.18123,2.7348,58,64.28,169.88
688500.0,339500.0,100.69617,3.07018,58,44.5,151.53
748500.0,298500.0,101.2351,2.69854,58,60.7,43804.15
752500.0,310500.0,101.27127,2.80695,58,0.61,2.18
801500.0,256500.0,101.71069,2.31801,58,50.73,2112.43
795500.0,273500.0,101.65708,2.47175,58,52.89,6275.2
729500.0,313500.0,101.06452,2.83446,58,115.75,3.52
787500.0,275500.0,101.58524,2.48997,58,56.22,311.25
686500.0,347500.0,100.6783,3.14255,57,123.14,11.27
695500.0,339500.0,100.75914,3.07008,57,52.47,323.03
792500.0,275500.0,101.63016,2.48988,57,54.77,1623.31
698500.0,335500.0,100.78607,3.03386,57,39.28,74.02
801500.0,241500.0,101.71044,2.18246,57,152.82,118.18
826500.0,240500.0,101.93498,2.173,57,53.07,4340.69
735500.0,300500.0,101.11826,2.71683,57,62.83,3168.23
813500.0,259500.0,101.81855,2.34491,57,144.44,30.47
704500.0,325500.0,100.83988,2.94335,57,48.32,2646.14
688500.0,340500.0,100.69619,3.07922,57,48.89,3744.8
791500.0,268500.0,101.62105,2.42663,57,141.96,340.17
852500.0,223500.0,102.16816,2.01896,57,49.1,971.22
742500.0,312500.0,101.18139,2.8252,57,4.04,4.35
756500.0,312500.0,101.30726,2.82496,57,139.65,1.92
770500.0,281500.0,101.43257,2.54449,57,53.06,5382.01
689500.0,346500.0,100.70527,3.13347,57,129.65,34.65
768500.0,288500.0,101.41471,2.6078,57,60.97,5874.42
814500.0,267500.0,101.82768,2.41718,57,42.11,5094.34
712500.0,314500.0,100.91167,2.84377,57,154.19,8.3
847500.0,222500.0,102.12325,2.01001,57,47.88,1967.57
811500.0,250500.0,101.80042,2.26362,56,51.06,3606.06
757500.0,289500.0,101.31585,2.61703,56,63.4,1054.14
771500.0,283500.0,101.44159,2.56256,56,144.45,276.31
760500.0,294500.0,101.34291,2.66218,56,64.71,2430.64
664500.0,362500.0,100.48056,3.27852,56,137.6,666.75
732500.0,301500.0,101.0913,2.72592,56,62.19,6324.4
793500.0,264500.0,101.63896,2.39045,56,45.14,258.95
824500.0,239500.0,101.917,2.164,56,50.72,2096.52
811500.0,257500.0,101.80055,2.32687,56,51.16,6108.48
846500.0,221500.0,102.11425,2.00099,56,48.84,2060.14
758500.0,303500.0,101.32508,2.74357,56,90.75,1630.3
843500.0,230500.0,102.08747,2.08235,56,80.21,862.12
754500.0,308500.0,101.28921,2.78884,56,17.78,9.72
769500.0,282500.0,101.42359,2.55355,56,50.57,827.2
816500.0,248500.0,101.8453,2.24546,56,142.44,648.35
812500.0,251500.0,101.80942,2.27264,56,52.05,18720.55
704500.0,332500.0,100.83999,3.00665,56,45.91,2028.38
748500.0,313500.0,101.23536,2.83414,56,138.17,1462.08
749500.0,311500.0,101.24431,2.81604,56,46.44,11.48
751500.0,313500.0,101.26233,2.83409,56,161.09,2.93
702500.0,330500.0,100.82197,2.98859,55,41.59,113.42
714500.0,319500.0,100.92973,2.88894,55,87.54,100.3
745500.0,299500.0,101.20815,2.70763,55,136.54,224.0
811500.0,236500.0,101.80019,2.13711,55,50.58,1549.23
817500.0,247500.0,101.85427,2.2364,55,51.17,5649.19
714500.0,315500.0,100.92967,2.85278,55,49.77,275.03
788500.0,270500.0,101.59413,2.44476,55,144.36,64.1
785500.0,279500.0,101.56733,2.52616,55,50.65,512.21
817500.0,232500.0,101.85401,2.10087,55,61.25,9554.2
754500.0,307500.0,101.28919,2.7798,55,30.21,62.17
672500.0,339500.0,100.55224,3.0704,55,47.41,2875.42
694500.0,326500.0,100.74996,2.95254,55,40.55,450.07
669500.0,358500.0,100.5255,3.24227,55,138.52,816.18
687500.0,341500.0,100.68721,3.08828,55,48.86,64064.85
838500.0,241500.0,102.04277,2.18182,55,85.21,40.4
812500.0,256500.0,101.80951,2.31782,55,90.86,106.71
684500.0,352500.0,100.66037,3.1878,55,34.89,5305.27
750500.0,320500.0,101.25346,2.89739,54,41.94,5.05
685500.0,330500.0,100.66906,2.98884,54,45.77,1008.11
686500.0,329500.0,100.67804,2.97978,54,43.8,2422.73
769500.0,289500.0,101.42371,2.61682,54,60.6,847.48
743500.0,301500.0,101.1902,2.72574,54,63.62,1377.61
727500.0,314500.0,101.04655,2.84353,54,135.06,52.07
797500.0,271500.0,101.67502,2.45364,54,34.75,75.43
826500.0,262500.0,101.93538,2.37177,54,110.33,1.29
716500.0,317500.0,100.94768,2.87083,54,43.61,514.93
749500.0,298500.0,101.24409,2.69852,54,113.92,692.42
842500.0,236500.0,102.0786,2.13657,54,47.86,10716.37
846500.0,235500.0,102.1145,2.12747,54,57.92,990.45
745500.0,305500.0,101.20825,2.76187,54,59.21,12.02
687500.0,350500.0,100.68734,3.16967,54,43.05,579.74
690500.0,340500.0,100.71418,3.0792,54,133.72,50.8
696500.0,338500.0,100.76812,3.06102,53,41.6,188.42
722500.0,314500.0,101.00159,2.84361,53,154.04,4.18
742500.0,305500.0,101.18128,2.76192,53,64.01,638.19
851500.0,216500.0,102.15906,1.95574,53,47.72,2828.56
686500.0,348500.0,100.67831,3.1516,53,120.21,383.73
667500.0,364500.0,100.50758,3.29656,53,44.75,19406.07
767500.0,290500.0,101.40576,2.6259,53,150.69,7.61
757500.0,310500.0,101.31622,2.80686,53,139.61,7.14
826500.0,255500.0,101.93525,2.30853,53,135.29,1.95
797500.0,263500.0,101.67488,2.38134,53,142.89,85.15
845500.0,221500.0,102.10528,2.00101,53,48.95,1639.5
744500.0,318500.0,101.19948,2.87941,53,159.86,89.36
828500.0,249500.0,101.9531,2.25428,53,63.21,250.69
730500.0,311500.0,101.07348,2.81636,53,149.71,47.91
732500.0,310500.0,101.09145,2.80729,53,152.96,13.83
693500.0,319500.0,100.74087,2.88925,53,127.16,729.65
690500.0,337500.0,100.71413,3.05207,52,59.24,254.69
853500.0,212500.0,102.17695,1.91957,52,55.01,302.64
834500.0,242500.0,102.00687,2.19092,52,52.99,4247.52
743500.0,310500.0,101.19035,2.80711,52,129.58,1.32
744500.0,312500.0,101.19937,2.82517,52,74.04,37.0
796500.0,271500.0,101.66603,2.45366,52,51.89,2225.92
794500.0,271500.0,101.64806,2.45369,52,142.03,38.46
737500.0,299500.0,101.13623,2.70776,52,66.48,417.57
768500.0,283500.0,101.41462,2.56261,52,54.53,411.34
752500.0,304500.0,101.27116,2.75271,52,167.07,97.53
818500.0,247500.0,101.86325,2.23639,52,52.71,11772.76
743500.0,312500.0,101.19038,2.82519,52,70.31,95.85
772500.0,290500.0,101.4507,2.62581,52,54.65,363.43
733500.0,309500.0,101.10042,2.79823,52,144.35,51.71
789500.0,273500.0,101.60317,2.47186,52,143.58,663.29
801500.0,264500.0,101.71083,2.39031,52,49.52,9710.97
783500.0,280500.0,101.54938,2.53523,51,52.67,1514.25
654500.0,365500.0,100.39061,3.30578,51,138.06,159.27
771500.0,288500.0,101.44167,2.60775,51,59.23,508.91
693500.0,334500.0,100.74108,3.02489,51,56.73,36.65
806500.0,256500.0,101.75561,2.31792,51,52.05,1428.45
666500.0,358500.0,100.49851,3.24231,51,141.11,177.99
808500.0,263500.0,101.7737,2.38114,51,52.23,3519.38
806500.0,260500.0,101.75568,2.35407,51,52.92,528.4
729500.0,306500.0,101.06441,2.77117,51,62.76,1919.91
758500.0,309500.0,101.32519,2.7978,51,112.45,1.46
765500.0,332500.0,101.38855,3.00558,51,61.92,2.29
832500.0,232500.0,101.98873,2.10061,51,49.88,8453.26
787500.0,267500.0,101.5851,2.41767,51,57.11,2384.53
834500.0,229500.0,102.00664,2.07347,51,49.2,2155.07
846500.0,223500.0,102.11429,2.01906,51,46.03,4256.5
728500.0,308500.0,101.05545,2.78927,51,64.59,490.01
686500.0,341500.0,100.67821,3.0883,51,32.22,115.02
665500.0,354500.0,100.48945,3.20615,51,47.73,1847.14
690500.0,341500.0,100.71419,3.08824,51,45.56,4069.84
684500.0,353500.0,100.66039,3.19684,51,106.79,205.19
736500.0,318500.0,101.12754,2.87955,51,47.55,167.48
726500.0,319500.0,101.03764,2.88876,51,149.69,38199.45
774500.0,281500.0,101.46851,2.54443,50,53.42,1341.84
825500.0,228500.0,101.9258,2.06459,50,151.65,1167.45
711500.0,326500.0,100.90286,2.95228,50,59.32,103.11
708500.0,313500.0,100.87568,2.83478,50,61.76,6829.16
681500.0,344500.0,100.63327,3.1155,50,50.68,1156.46
852500.0,218500.0,102.16807,1.97379,50,48.3,4781.42
743500.0,307500.0,101.1903,2.77998,50,16.95,4.88
706500.0,325500.0,100.85787,2.94332,50,48.09,4194.25
706500.0,330500.0,100.85795,2.98853,50,43.62,391.12
695500.0,334500.0,100.75907,3.02487,50,48.62,1306.84
782500.0,272500.0,101.54025,2.46294,50,54.43,1105.37
807500.0,252500.0,101.76453,2.28176,50,50.8,764.54
808500.0,251500.0,101.77349,2.27271,50,53.73,4810.21
774500.0,288500.0,101.46864,2.6077,50,55.56,1248.9
741500.0,310500.0,101.17237,2.80714,50,151.83,28.21
794500.0,262500.0,101.64791,2.37236,50,50.35,2.1
850500.0,220500.0,102.15015,1.99189,50,50.4,3315.16
731500.0,310500.0,101.08246,2.8073,50,153.47,7.41
726500.0,312500.0,101.03753,2.82547,50,60.73,5.19
677500.0,335500.0,100.59716,3.03416,50,45.71,1250.36
747500.0,312500.0,101.22635,2.82512,50,16.58,268.09
747500.0,310500.0,101.22631,2.80704,50,13.91,21.34
729500.0,318500.0,101.0646,2.87967,50,133.97,292.34
786500.0,276500.0,101.57627,2.49902,50,148.49,20.21
767500.0,286500.0,101.40569,2.58974,49,40.18,327.32
723500.0,310500.0,101.01052,2.80743,49,60.55,5010.69
758500.0,308500.0,101.32517,2.78876,49,119.93,1.64
800500.0,241500.0,101.70146,2.18247,49,57.36,1029.9
683500.0,343500.0,100.65125,3.10643,49,51.79,7198.39
771500.0,189500.0,101.44024,1.7129,49,174.14,4.02
813500.0,250500.0,101.81839,2.26358,49,52.36,2839.22
805500.0,253500.0,101.74658,2.29083,49,52.66,483.31
839500.0,238500.0,102.0517,2.1547,49,114.32,1.67
711500.0,312500.0,100.90265,2.8257,49,64.49,359.31
826500.0,237500.0,101.93493,2.14589,49,48.87,568.92
809500.0,250500.0,101.78246,2.26365,49,53.81,8340.32
694500.0,325500.0,100.74994,2.94349,49,40.77,233.81
671500.0,357500.0,100.54348,3.2332,49,126.78,125.6
776500.0,286500.0,101.48658,2.58958,49,53.59,2555.61
803500.0,258500.0,101.7287,2.33605,49,50.57,16740.75
847500.0,232500.0,102.12343,2.10035,49,48.67,18476.64
747500.0,299500.0,101.22613,2.70759,48,161.09,32.81
796500.0,269500.0,101.666,2.43558,48,52.15,5592.79
775500.0,287500.0,101.47761,2.59864,48,55.79,432.84
693500.0,335500.0,100.74109,3.03394,48,50.91,2178.99
743500.0,309500.0,101.19033,2.79806,48,3.34,8.76
820500.0,229500.0,101.88091,2.07371,48,28.45,1.8
798500.0,267500.0,101.68393,2.41747,48,50.82,3793.49
688500.0,327500.0,100.696,2.96166,48,24.04,20.23
752500.0,303500.0,101.27114,2.74367,48,164.88,1.42
840500.0,233500.0,102.06059,2.10951,48,61.08,431.03
700500.0,331500.0,100.804,2.99766,48,61.85,624.56
802500.0,259500.0,101.71973,2.34511,48,51.32,9395.73
690500.0,344500.0,100.71424,3.11537,48,128.7,184.37
677500.0,352500.0,100.5974,3.1879,48,54.7,2997.55
691500.0,340500.0,100.72317,3.07918,48,134.53,40.16
693500.0,338500.0,100.74114,3.06107,48,136.72,95.3
683500.0,363500.0,100.65154,3.28729,48,32.35,44872.83
737500.0,298500.0,101.13621,2.69872,48,55.29,247.36
718500.0,309500.0,100.96555,2.79847,48,71.31,394.62
719500.0,308500.0,100.97452,2.78941,48,68.44,2501.95
756500.0,305500.0,101.30714,2.76168,48,26.02,22.55
755500.0,308500.0,101.2982,2.78882,48,24.11,7.75
834500.0,250500.0,102.00701,2.2632,48,125.05,16990.29
691500.0,339500.0,100.72316,3.07014,47,140.55,65.11
785500.0,271500.0,101.56719,2.45385,47,142.0,312.02
801500.0,259500.0,101.71075,2.34512,47,141.43,292.91
746500.0,308500.0,101.21729,2.78897,47,168.19,1.91
822500.0,240500.0,101.89906,2.17307,47,51.33,2088.81
752500.0,291500.0,101.27094,2.63519,47,175.63,12.01
811500.0,248500.0,101.80039,2.24555,47,52.46,5778.29
745500.0,318500.0,101.20847,2.87939,47,168.7,86.99
826500.0,249500.0,101.93514,2.25431,47,51.01,6246.96
768500.0,282500.0,101.41461,2.55357,47,50.13,740.28
736500.0,315500.0,101.12749,2.85243,47,129.84,3.0
788500.0,274500.0,101.5942,2.48091,47,143.53,250.52
658500.0,364500.0,100.4266,3.29668,46,49.94,2549.64
762500.0,289500.0,101.3608,2.61694,46,83.73,31.6
758500.0,304500.0,101.3251,2.75261,46,62.82,6.11
743500.0,305500.0,101.19027,2.7619,46,142.86,4.94
815500.0,245500.0,101.83627,2.21837,46,53.06,1099.29
786500.0,268500.0,101.57613,2.42672,46,140.85,159.08
750500.0,306500.0,101.25322,2.77082,46,165.81,3.79
735500.0,313500.0,101.11847,2.83436,46,146.82,9.4
842500.0,231500.0,102.07851,2.0914,46,49.76,6061.93
762500.0,292500.0,101.36085,2.64406,46,61.76,1830.34
667500.0,357500.0,100.50749,3.23326,46,142.44,19.11
846500.0,220500.0,102.11424,1.99196,46,162.74,17.29
794500.0,274500.0,101.64812,2.48081,46,54.62,2047.13
771500.0,291500.0,101.44173,2.63487,46,51.04,1230.16
769500.0,281500.0,101.42358,2.54451,46,49.96,871.67
738500.0,298500.0,101.1452,2.6987,46,65.25,52.42
683500.0,353500.0,100.65139,3.19686,46,43.73,897.81
785500.0,277500.0,101.5673,2.50808,46,53.16,2846.36
689500.0,338500.0,100.70515,3.06112,45,50.75,2328.6
761500.0,292500.0,101.35186,2.64408,45,62.08,1581.69
661500.0,366500.0,100.45362,3.31473,45,127.22,55.88
713500.0,311500.0,100.92062,2.81662,45,60.88,43.08
755500.0,310500.0,101.29824,2.8069,45,133.81,2.69
694500.0,335500.0,100.75009,3.03392,45,48.48,1186.86
680500.0,334500.0,100.62414,3.02508,45,46.32,1267.75
675500.0,363500.0,100.57956,3.28741,45,41.82,5710.44
800500.0,269500.0,101.70194,2.43551,45,30.01,330.82
696500.0,321500.0,100.76788,2.90729,45,54.23,754.84
807500.0,255500.0,101.76458,2.30887,45,50.85,2713.26
843500.0,235500.0,102.08756,2.12752,45,142.73,103.6
816500.0,247500.0,101.84528,2.23642,45,51.77,2112.46
746500.0,306500.0,101.21725,2.77089,45,93.7,63.4
847500.0,247500.0,102.1237,2.23585,45,80.59,5.09
677500.0,345500.0,100.5973,3.1246,45,45.03,3791.47
746500.0,298500.0,101.21712,2.69857,45,29.31,120.54
798500.0,270500.0,101.68399,2.44458,45,10.32,16.82
852500.0,219500.0,102.16809,1.98282,45,136.78,1427.85
817500.0,257500.0,101.85445,2.32676,45,56.02,843.68
700500.0,324500.0,100.80389,2.93437,44,49.49,39664.61
695500.0,340500.0,100.75916,3.07912,44,48.41,337.37
751500.0,303500.0,101.26215,2.74369,44,161.86,2.77
750500.0,301500.0,101.25313,2.72562,44,56.72,471.53
737500.0,307500.0,101.13635,2.78008,44,61.05,609.84
753500.0,310500.0,101.28026,2.80693,44,20.04,7.63
756500.0,329500.0,101.30757,2.97863,44,46.41,49.53
738500.0,311500.0,101.14541,2.81623,44,143.2,109.78
773500.0,279500.0,101.45949,2.52637,44,142.33,341.19
753500.0,324500.0,101.28051,2.93349,44,60.7,79.66
795500.0,272500.0,101.65707,2.46271,44,51.84,5029.53
705500.0,324500.0,100.84886,2.93429,44,50.66,755.27
853500.0,231500.0,102.17728,2.09121,44,13.14,32668.52
838500.0,239500.0,102.04273,2.16375,44,34.39,1.93
750500.0,305500.0,101.2532,2.76178,44,152.05,8.75
688500.0,347500.0,100.69629,3.14253,44,129.17,7337.66
703500.0,321500.0,100.83083,2.90719,44,54.16,3482.58
680500.0,342500.0,100.62425,3.09742,44,52.86,10933.65
765500.0,291500.0,101.3878,2.63497,44,63.04,680.46
847500.0,226500.0,102.12332,2.04615,44,139.08,475.14
751500.0,306500.0,101.26221,2.77081,44,178.8,9.92
666500.0,353500.0,100.49844,3.19709,44,47.19,1198.25
699500.0,331500.0,100.795,2.99768,44,153.4,69.91
684500.0,351500.0,100.66036,3.17876,44,36.87,9349.26
742500.0,313500.0,101.18141,2.83424,44,170.11,1.32
698500.0,324500.0,100.78591,2.93439,44,55.36,25096.35
734500.0,314500.0,101.1095,2.84342,44,58.13,1049.03
697500.0,329500.0,100.77698,2.97962,44,12.61,4.37
787500.0,276500.0,101.58525,2.49901,43,54.29,5473.49
791500.0,276500.0,101.6212,2.49893,43,55.1,2598.95
806500.0,261500.0,101.7557,2.36311,43,52.34,1856.78
759500.0,297500.0,101.33397,2.68931,43,109.98,5.54
796500.0,272500.0,101.66605,2.46269,43,54.2,758.69
799500.0,262500.0,101.69283,2.37227,43,52.46,10870.5
800500.0,261500.0,101.7018,2.36321,43,51.66,2931.56
829500.0,249500.0,101.96209,2.25426,43,49.88,6516.46
678500.0,349500.0,100.60635,3.16076,43,141.71,443.41
743500.0,300500.0,101.19018,2.7167,43,66.91,2.65
807500.0,237500.0,101.76427,2.14621,43,134.82,318.13
667500.0,358500.0,100.5075,3.2423,43,142.42,746.57
737500.0,308500.0,101.13637,2.78912,43,152.12,10.59
744500.0,304500.0,101.19924,2.75285,43,106.89,5.82
657500.0,359500.0,100.41753,3.25147,43,34.87,732.69
671500.0,355500.0,100.54345,3.21511,43,39.11,897.05
799500.0,266500.0,101.6929,2.40842,43,68.65,732.8
692500.0,342500.0,100.7322,3.09725,43,45.99,11095.96
846500.0,232500.0,102.11445,2.10037,43,48.31,6617.42
749500.0,309500.0,101.24428,2.79796,43,83.34,49.91
693500.0,345500.0,100.74124,3.12437,42,39.25,3206.62
777500.0,283500.0,101.49551,2.56245,42,171.74,20.02
849500.0,229500.0,102.14133,2.07321,42,49.43,895.48
707500.0,314500.0,100.8667,2.84384,42,59.81,4091.74
669500.0,352500.0,100.52542,3.18801,42,49.59,5388.98
754500.0,345500.0,101.2899,3.12331,42,129.32,17.63
833500.0,246500.0,101.99796,2.22708,42,142.69,694.61
683500.0,344500.0,100.65126,3.11547,42,39.42,166.14
741500.0,318500.0,101.1725,2.87946,42,136.17,4.37
687500.0,347500.0,100.68729,3.14254,42,54.29,894.1
697500.0,321500.0,100.77687,2.90728,42,57.3,780.66
742500.0,300500.0,101.18119,2.71672,42,83.74,60.71
755500.0,304500.0,101.29813,2.75266,42,164.6,7.84
826500.0,226500.0,101.93474,2.0465,42,62.7,6085.95
719500.0,313500.0,100.9746,2.83462,42,47.74,1412.08
784500.0,277500.0,101.55831,2.5081,42,54.3,7794.68
753500.0,318500.0,101.2804,2.87925,42,34.19,6.9
785500.0,269500.0,101.56716,2.43578,42,141.46,431.65
831500.0,253500.0,101.98012,2.29036,42,100.24,784.61
714500.0,313500.0,100.92964,2.83469,42,153.55,208.88
681500.0,341500.0,100.63323,3.08837,42,54.0,1939.79
843500.0,222500.0,102.08733,2.01008,42,50.2,9093.54
721500.0,311500.0,100.99255,2.8165,42,51.04,516.53
801500.0,260500.0,101.71076,2.35416,42,169.01,364.21
847500.0,231500.0,102.12341,2.09131,42,47.65,6436.64
697500.0,325500.0,100.77693,2.94345,42,55.4,18966.83
815500.0,227500.0,101.83597,2.05572,42,64.0,45532.92
744500.0,303500.0,101.19922,2.74381,41,19.61,1.92
655500.0,365500.0,100.39961,3.30577,41,49.62,1781.4
711500.0,318500.0,100.90273,2.87995,41,47.44,2565.12
727500.0,304500.0,101.0464,2.75312,41,61.16,3923.0
850500.0,231500.0,102.15035,2.09126,41,48.42,8012.86
687500.0,335500.0,100.68712,3.03402,41,53.98,72.44
809500.0,262500.0,101.78267,2.37209,41,23.85,51.82
794500.0,265500.0,101.64796,2.39947,41,51.01,873.64
823500.0,243500.0,101.90809,2.20016,41,52.51,5504.82
792500.0,267500.0,101.63002,2.41758,41,53.15,6676.22
793500.0,266500.0,101.63899,2.40852,41,52.1,2078.77
853500.0,222500.0,102.17712,2.00991,41,47.81,2901.03
693500.0,340500.0,100.74116,3.07915,41,38.09,1046.01
671500.0,365500.0,100.54359,3.30555,41,132.53,566.47
679500.0,356500.0,100.61545,3.22405,41,47.25,1150.95
672500.0,350500.0,100.55238,3.16988,41,139.31,62.79
755500.0,289500.0,101.29788,2.61706,41,65.09,5087.58
835500.0,228500.0,102.0156,2.06442,41,0.29,23.11
690500.0,335500.0,100.71411,3.03398,41,60.03,3.99
689500.0,341500.0,100.7052,3.08825,41,131.56,71.65
685500.0,342500.0,100.66923,3.09735,41,50.08,8.76
794500.0,263500.0,101.64792,2.38139,41,51.33,94.16
674500.0,364500.0,100.57057,3.29646,41,42.36,586.4
715500.0,318500.0,100.93871,2.87989,41,44.59,1878.53
812500.0,247500.0,101.80935,2.23649,41,51.59,11321.05
703500.0,333500.0,100.83101,3.0157,41,97.01,296.48
846500.0,243500.0,102.11465,2.19974,41,123.44,6.93
695500.0,323500.0,100.75891,2.92539,40,140.85,6.38
824500.0,229500.0,101.91683,2.07364,40,1.52,166.67
804500.0,262500.0,101.73775,2.37218,40,52.89,2821.56
800500.0,260500.0,101.70178,2.35418,40,51.53,8977.52
814500.0,250500.0,101.82737,2.26357,40,53.7,3624.13
691500.0,325500.0,100.72296,2.94354,40,45.03,234.07
721500.0,315500.0,100.99262,2.85267,40,52.08,6036.3
824500.0,228500.0,101.91682,2.06461,40,62.0,3592.62
657500.0,358500.0,100.41752,3.24243,40,37.68,2576.96
682500.0,343500.0,100.64225,3.10644,40,54.46,129.4
683500.0,342500.0,100.65124,3.09738,40,57.73,3377.91
756500.0,304500.0,101.30712,2.75264,40,2.94,524.47
757500.0,306500.0,101.31615,2.7707,40,43.66,2.0
670500.0,352500.0,100.53442,3.188,40,53.79,1822.48
719500.0,318500.0,100.97468,2.87983,40,56.19,449.93
693500.0,344500.0,100.74122,3.11532,40,130.85,243.41
781500.0,276500.0,101.53134,2.49911,40,51.75,88952.84
658500.0,371500.0,100.42669,3.35999,40,136.04,7753.27
694500.0,327500.0,100.74997,2.96158,40,33.13,168.34
745500.0,310500.0,101.20833,2.80707,40,168.82,1608.59
692500.0,346500.0,100.73226,3.13342,39,34.76,973.26
752500.0,319500.0,101.27142,2.88831,39,104.19,2.12
741500.0,319500.0,101.17252,2.8885,39,149.72,12.02
805500.0,261500.0,101.74672,2.36313,39,52.52,2133.89
795500.0,270500.0,101.65703,2.44464,39,56.63,1567.15
784500.0,279500.0,101.55835,2.52617,39,141.67,83.53
667500.0,350500.0,100.5074,3.16995,39,52.06,436.67
741500.0,306500.0,101.1723,2.77098,39,78.74,152.74
828500.0,216500.0,101.95254,1.95612,39,85.69,3905.62
780500.0,274500.0,101.52231,2.48105,39,144.23,4.97
844500.0,229500.0,102.09643,2.0733,39,49.47,3090.99
792500.0,254500.0,101.6298,2.30009,39,178.71,3879.13
687500.0,339500.0,100.68718,3.0702,39,41.79,964.54
796500.0,264500.0,101.66591,2.3904,39,50.15,2425.82
779500.0,285500.0,101.51352,2.58049,39,144.97,116.71
738500.0,314500.0,101.14546,2.84335,39,162.47,8.77
686500.0,349500.0,100.67832,3.16064,39,121.75,130.92
690500.0,336500.0,100.71412,3.04302,39,57.24,1976.6
792500.0,263500.0,101.62995,2.38143,39,34.77,103.66
723500.0,296500.0,101.01031,2.68085,39,144.23,1218.69
659500.0,370500.0,100.43567,3.35093,39,136.26,4079.54
746500.0,354500.0,101.21813,3.20482,39,60.83,258.99
714500.0,283500.0,100.92921,2.56343,39,72.47,6726.69
720500.0,307500.0,100.9835,2.78035,39,64.7,67226.19
744500.0,311500.0,101.19936,2.81613,39,172.97,4.28
698500.0,326500.0,100.78593,2.95248,38,48.21,3662.09
694500.0,332500.0,100.75004,3.00679,38,50.69,3351.05
676500.0,353500.0,100.58841,3.19696,38,146.7,46.55
844500.0,225500.0,102.09636,2.03716,38,50.64,2048.92
668500.0,353500.0,100.51643,3.19707,38,49.31,7535.55
753500.0,309500.0,101.28024,2.79789,38,36.48,3.96
709500.0,318500.0,100.88475,2.87998,38,49.15,391.05
758500.0,288500.0,101.32483,2.60797,38,153.04,106.55
801500.0,268500.0,101.7109,2.42646,38,52.29,8804.24
697500.0,320500.0,100.77686,2.89824,38,155.92,14.21
745500.0,294500.0,101.20807,2.66243,38,154.93,2171.73
724500.0,315500.0,101.01959,2.85262,38,61.22,13546.98
824500.0,246500.0,101.91712,2.22725,38,49.47,2836.2
710500.0,319500.0,100.89376,2.88901,38,43.82,1258.41
694500.0,340500.0,100.75016,3.07914,38,43.08,6090.36
769500.0,288500.0,101.4237,2.60778,38,60.68,6373.26
734500.0,300500.0,101.10927,2.71685,38,57.62,179.73
694500.0,343500.0,100.7502,3.10626,38,36.71,3467.64
748500.0,352500.0,101.23607,3.18671,38,133.11,4.68
749500.0,304500.0,101.24419,2.75276,38,82.01,3.59
690500.0,326500.0,100.71398,2.95259,38,43.49,2165.06
662500.0,362500.0,100.46257,3.27854,38,140.21,371.97
709500.0,316500.0,100.88472,2.86189,38,151.1,13.23
685500.0,331500.0,100.66907,2.99788,38,44.52,49131.64
826500.0,252500.0,101.9352,2.28142,38,54.88,1903.09
652500.0,360500.0,100.37255,3.26058,38,48.38,5315.57
721500.0,298500.0,100.99236,2.69896,38,55.93,8677.52
696500.0,322500.0,100.76789,2.91634,38,52.12,1196.9
685500.0,332500.0,100.66909,3.00692,38,44.88,5634.31
756500.0,298500.0,101.30702,2.6984,37,65.27,4905.11
755500.0,309500.0,101.29822,2.79786,37,7.46,2.31
812500.0,235500.0,101.80915,2.12806,37,152.52,634.28
849500.0,232500.0,102.14138,2.10031,37,111.93,4.68
837500.0,235500.0,102.03368,2.12763,37,50.49,19024.73
710500.0,317500.0,100.89373,2.87092,37,54.66,1362.13
772500.0,279500.0,101.45051,2.52638,37,142.48,159.72
804500.0,257500.0,101.73766,2.327,37,50.98,28375.05
788500.0,266500.0,101.59406,2.40861,37,50.63,8196.22
746500.0,303500.0,101.2172,2.74377,37,126.65,33.23
824500.0,242500.0,101.91705,2.1911,37,52.06,7806.61
767500.0,293500.0,101.40581,2.65301,37,59.77,2369.87
823500.0,239500.0,101.90802,2.16401,37,51.09,3553.18
822500.0,228500.0,101.89885,2.06464,37,58.94,2716.1
808500.0,237500.0,101.77326,2.1462,37,153.39,209.14
853500.0,230500.0,102.17726,2.08217,37,13.05,10013.37
852500.0,230500.0,102.16829,2.08219,37,153.05,339096.35
759500.0,301500.0,101.33404,2.72547,37,43.81,480.26
742500.0,310500.0,101.18136,2.80712,37,132.53,3.38
774500.0,284500.0,101.46857,2.57154,37,53.83,18102.19
741500.0,312500.0,101.1724,2.82522,37,17.15,2.75
811500.0,252500.0,101.80046,2.28169,37,52.82,10706.8
827500.0,260500.0,101.94433,2.35368,37,92.56,6.35
694500.0,338500.0,100.75013,3.06105,37,50.93,2861.21
779500.0,277500.0,101.51338,2.50819,37,51.8,7073.98
701500.0,336500.0,100.81307,3.04286,37,41.66,3242.35
674500.0,354500.0,100.57043,3.20603,37,144.06,679.47
700500.0,318500.0,100.80381,2.88011,37,61.33,7613.9
735500.0,314500.0,101.11849,2.8434,37,178.72,18.93
756500.0,308500.0,101.30719,2.7888,37,42.16,2.18
762500.0,295500.0,101.3609,2.67118,37,74.39,54.14
695500.0,326500.0,100.75895,2.95252,37,55.14,24034.5
667500.0,362500.0,100.50756,3.27847,37,143.84,2614.77
775500.0,277500.0,101.47743,2.50825,36,141.67,929.5
827500.0,227500.0,101.94374,2.05552,36,61.62,22920.09
827500.0,226500.0,101.94372,2.04649,36,61.77,11382.05
759500.0,293500.0,101.3339,2.65315,36,61.1,5006.32
791500.0,275500.0,101.62118,2.4899,36,53.25,5121.91
778500.0,278500.0,101.50441,2.51724,36,140.85,162.69
850500.0,216500.0,102.15008,1.95576,36,48.81,1829.99
668500.0,352500.0,100.51642,3.18802,36,47.84,4070.34
846500.0,216500.0,102.11417,1.95583,36,62.69,11383.75
688500.0,349500.0,100.69632,3.16061,36,164.59,58.69
684500.0,343500.0,100.66025,3.10641,36,48.28,4270.21
813500.0,255500.0,101.81848,2.30876,36,141.82,148.24
760500.0,301500.0,101.34303,2.72545,36,120.21,248.98
761500.0,293500.0,101.35188,2.65312,36,66.68,820.69
794500.0,270500.0,101.64805,2.44466,36,52.11,3711.99
756500.0,309500.0,101.30721,2.79784,36,176.45,4.72
836500.0,243500.0,102.02484,2.19992,36,52.57,13554.34
730500.0,302500.0,101.07334,2.73499,36,62.71,5874.34
650500.0,370500.0,100.35468,3.35105,36,51.03,13855.37
684500.0,332500.0,100.66009,3.00694,36,44.32,6811.97
669500.0,359500.0,100.52551,3.25132,36,133.21,385.35
666500.0,365500.0,100.4986,3.30562,36,43.55,6591.47
669500.0,367500.0,100.52562,3.32367,36,43.78,2374.09
690500.0,345500.0,100.71425,3.12441,36,132.25,139.39
679500.0,342500.0,100.61525,3.09744,36,55.82,12443.77
735500.0,299500.0,101.11825,2.70779,36,55.49,170.01
743500.0,313500.0,101.1904,2.83423,36,154.3,14.06
653500.0,363500.0,100.38159,3.2877,36,42.39,22177.72
694500.0,324500.0,100.74993,2.93445,36,40.3,441.24
745500.0,315500.0,101.20842,2.85227,36,40.98,10.77
845500.0,237500.0,102.10556,2.14555,36,17.42,2236.72
698500.0,329500.0,100.78598,2.97961,36,48.26,2.49
695500.0,330500.0,100.75901,2.98869,36,48.91,3.38
687500.0,330500.0,100.68705,2.98881,35,38.45,511.21
692500.0,341500.0,100.73218,3.08821,35,137.92,37.18
694500.0,333500.0,100.75006,3.01584,35,51.61,741.71
753500.0,314500.0,101.28033,2.84309,35,130.41,23.34
844500.0,226500.0,102.09638,2.0462,35,55.24,1.18
763500.0,292500.0,101.36984,2.64405,35,71.16,30.38
753500.0,294500.0,101.27998,2.66229,35,59.57,12739.93
771500.0,280500.0,101.44154,2.53544,35,53.95,5405.62
844500.0,244500.0,102.09671,2.20881,35,109.92,7.44
666500.0,357500.0,100.49849,3.23327,35,142.16,10.8
820500.0,230500.0,101.88092,2.08275,35,61.75,7428.1
693500.0,323500.0,100.74092,2.92542,35,51.07,2702.01
830500.0,241500.0,101.97092,2.18196,35,44.69,421.46
693500.0,336500.0,100.74111,3.04298,35,44.95,11083.09
754500.0,304500.0,101.28914,2.75268,35,164.78,6.02
686500.0,331500.0,100.67807,2.99786,35,43.14,3301.0
656500.0,364500.0,100.4086,3.29671,35,51.06,202.44
738500.0,308500.0,101.14536,2.78911,35,154.83,22.83
699500.0,337500.0,100.79509,3.05193,35,37.48,613.7
736500.0,319500.0,101.12756,2.88859,35,123.4,9.61
696500.0,313500.0,100.76776,2.83495,35,55.97,2159.03
762500.0,332500.0,101.36158,3.00564,35,40.82,176.9
831500.0,245500.0,101.97998,2.21808,35,53.09,4005.65
717500.0,315500.0,100.95665,2.85273,35,134.63,274.26
833500.0,255500.0,101.99812,2.30839,35,27.54,3.48
834500.0,255500.0,102.00711,2.30838,35,99.22,1236.82
808500.0,236500.0,101.77324,2.13716,34,61.96,1810.05
653500.0,366500.0,100.38163,3.31484,34,45.11,1472.02
707500.0,313500.0,100.86669,2.8348,34,61.31,9448.28
773500.0,278500.0,101.45948,2.51733,34,53.03,15538.02
830500.0,233500.0,101.97078,2.10968,34,46.02,239.92
760500.0,296500.0,101.34294,2.68025,34,43.37,205.58
740500.0,309500.0,101.16336,2.79812,34,143.68,6.63
852500.0,213500.0,102.16799,1.92862,34,47.5,88.44
735500.0,321500.0,101.1186,2.90669,34,168.54,43.5
760500.0,336500.0,101.34367,3.04183,34,72.28,3.42
792500.0,255500.0,101.62982,2.30913,34,1.07,2319.84
828500.0,234500.0,101.95284,2.11875,34,44.09,1065.6
831500.0,255500.0,101.98016,2.30843,34,121.71,6.41
712500.0,312500.0,100.91164,2.82568,34,58.69,86.22
718500.0,319500.0,100.9657,2.88888,34,55.39,1362.6
742500.0,309500.0,101.18134,2.79808,34,127.78,15.82
843500.0,243500.0,102.08771,2.19979,34,141.41,2.54
655500.0,370500.0,100.39968,3.35099,34,52.25,21216.69
700500.0,336500.0,100.80407,3.04288,34,42.47,4504.57
686500.0,351500.0,100.67835,3.17873,34,43.69,2077.7
775500.0,284500.0,101.47755,2.57152,34,54.73,39375.9
850500.0,245500.0,102.15061,2.21773,34,11.28,2.29
683500.0,345500.0,100.65128,3.12451,34,140.27,460.84
688500.0,348500.0,100.6963,3.15157,34,127.05,602.9
679500.0,358500.0,100.61548,3.24213,34,39.55,1651.81
766500.0,289500.0,101.39675,2.61688,34,149.49,1960.37
829500.0,248500.0,101.96207,2.24523,34,51.94,8607.83
829500.0,253500.0,101.96216,2.2904,34,7.17,2.56
781500.0,280500.0,101.53141,2.53526,34,53.57,22119.95
840500.0,224500.0,102.06043,2.0282,34,50.57,27477.1
846500.0,227500.0,102.11436,2.0552,34,49.86,4141.98
687500.0,346500.0,100.68728,3.1335,34,54.03,684.54
809500.0,237500.0,101.78224,2.14618,34,63.18,55377.22
673500.0,352500.0,100.56141,3.18796,34,48.21,41319.95
835500.0,250500.0,102.01599,2.26318,34,169.72,3.58
753500.0,308500.0,101.28022,2.78885,33,9.96,2.81
771500.0,187500.0,101.44022,1.69482,33,53.32,3.62
665500.0,369500.0,100.48966,3.34181,33,132.5,331.03
742500.0,307500.0,101.18131,2.78,33,52.39,1.74
725500.0,305500.0,101.02843,2.76219,33,62.36,4226.58
843500.0,247500.0,102.08778,2.23593,33,35.33,10.79
689500.0,326500.0,100.70499,2.95261,33,41.78,630.01
760500.0,302500.0,101.34304,2.73449,33,83.03,2.17
659500.0,355500.0,100.43548,3.21527,33,49.34,1989.6
755500.0,296500.0,101.29799,2.68034,33,66.91,840.18
826500.0,254500.0,101.93523,2.29949,33,41.72,2904.23
848500.0,218500.0,102.13216,1.97386,33,49.97,9452.42
753500.0,304500.0,101.28015,2.75269,33,177.43,59.12
662500.0,357500.0,100.4625,3.23332,33,152.04,11.0
744500.0,309500.0,101.19932,2.79805,33,142.52,31.28
666500.0,350500.0,100.4984,3.16996,33,53.08,671.5
725500.0,309500.0,101.02849,2.79836,33,62.64,22870.8
724500.0,320500.0,101.01967,2.89783,33,31.62,100.09
674500.0,341500.0,100.57026,3.08846,33,44.54,4124.94
670500.0,356500.0,100.53447,3.22417,33,137.86,64.81
691500.0,343500.0,100.72322,3.10631,33,129.23,328.3
851500.0,219500.0,102.15911,1.98284,33,139.23,197.98
759500.0,308500.0,101.33416,2.78875,33,106.74,10.74
682500.0,331500.0,100.64209,2.99792,33,47.09,1090.87
696500.0,337500.0,100.76811,3.05198,33,49.62,1426.26
673500.0,355500.0,100.56145,3.21509,33,138.38,29.54
698500.0,319500.0,100.78583,2.88918,33,60.76,205.12
752500.0,308500.0,101.27123,2.78887,33,177.82,2.18
693500.0,331500.0,100.74103,2.99777,33,162.47,815.25
842500.0,228500.0,102.07846,2.0643,33,46.47,24329.4
659500.0,363500.0,100.43558,3.28763,32,51.3,13379.67
692500.0,339500.0,100.73215,3.07012,32,142.32,82.46
777500.0,286500.0,101.49556,2.58957,32,142.29,73.45
754500.0,312500.0,101.28928,2.82499,32,126.64,1.42
823500.0,229500.0,101.90785,2.07366,32,59.93,2523.85
840500.0,219500.0,102.06035,1.98303,32,60.44,8499.06
739500.0,303500.0,101.15427,2.74389,32,152.18,475.8
838500.0,234500.0,102.04264,2.11858,32,49.38,89944.14
721500.0,317500.0,100.99265,2.87075,32,55.99,2675.92
703500.0,329500.0,100.83095,2.97953,32,50.6,872.89
763500.0,285500.0,101.36972,2.58077,32,62.68,12349.06
761500.0,331500.0,101.35257,2.99662,32,13.97,4.65
758500.0,294500.0,101.32493,2.66221,32,51.53,2.2
790500.0,276500.0,101.61221,2.49895,32,142.94,87.05
789500.0,277500.0,101.60324,2.50801,32,55.47,190.04
752500.0,302500.0,101.27113,2.73463,32,174.97,2.75
759500.0,309500.0,101.33418,2.79779,32,161.52,2.63
694500.0,344500.0,100.75022,3.11531,32,37.7,10913.84
791500.0,263500.0,101.62097,2.38145,32,21.88,70.13
712500.0,348500.0,100.9122,3.15119,32,37.07,875.77
736500.0,313500.0,101.12746,2.83434,32,44.27,32.33
759500.0,304500.0,101.33409,2.75259,32,63.34,2.86
840500.0,242500.0,102.06075,2.19082,32,178.27,311.35
672500.0,365500.0,100.55259,3.30554,32,44.01,2755.61
848500.0,221500.0,102.13221,2.00096,32,49.69,3754.14
751500.0,305500.0,101.26219,2.76177,32,21.55,149.25
814500.0,233500.0,101.82708,2.10995,32,61.41,183780.15
848500.0,231500.0,102.13239,2.0913,32,50.37,3950.68
741500.0,308500.0,101.17233,2.78906,32,115.41,21.11
725500.0,318500.0,101.02863,2.87973,32,100.36,4204.0
762500.0,197500.0,101.35949,1.78531,32,86.78,4.12
688500.0,332500.0,100.69607,3.00688,32,51.49,29622.75
760500.0,307500.0,101.34313,2.77969,31,38.41,3.59
752500.0,297500.0,101.27104,2.68943,31,62.05,5366.54
655500.0,364500.0,100.3996,3.29672,31,56.05,91.9
743500.0,304500.0,101.19025,2.75286,31,36.41,24.6
815500.0,244500.0,101.83625,2.20933,31,50.97,4871.8
713500.0,315500.0,100.92067,2.85279,31,51.49,1070.9
722500.0,316500.0,101.00162,2.86169,31,61.29,21442.39
731500.0,305500.0,101.08238,2.7621,31,68.08,1246.07
748500.0,306500.0,101.23523,2.77086,31,102.45,3.65
769500.0,315500.0,101.42419,2.85184,31,164.43,47.16
801500.0,240500.0,101.71043,2.17342,31,55.15,400.43
781500.0,273500.0,101.53128,2.472,31,140.32,106.17
688500.0,345500.0,100.69626,3.12444,31,48.72,497.67
740500.0,310500.0,101.16338,2.80716,31,158.42,6.09
664500.0,358500.0,100.48051,3.24234,31,143.28,15.21
731500.0,316500.0,101.08255,2.86155,31,132.52,11.3
847500.0,219500.0,102.1232,1.98291,31,51.02,1266.25
848500.0,235500.0,102.13246,2.12743,31,148.59,87.69
739500.0,314500.0,101.15445,2.84334,31,168.96,8.48
719500.0,319500.0,100.97469,2.88887,31,51.0,1886.44
675500.0,357500.0,100.57947,3.23315,31,51.67,742.67
839500.0,230500.0,102.05155,2.08242,31,164.0,1214.28
741500.0,313500.0,101.17242,2.83426,31,32.11,1.92
676500.0,356500.0,100.58846,3.22409,31,124.22,1596.69
783500.0,271500.0,101.54922,2.45389,31,51.84,3849.1
807500.0,251500.0,101.76451,2.27272,31,54.3,1449.04
827500.0,250500.0,101.94414,2.26333,31,92.84,7.37
836500.0,227500.0,102.02456,2.05537,31,51.1,2176.01
671500.0,356500.0,100.54347,3.22416,31,133.69,23.98
678500.0,342500.0,100.60626,3.09745,31,48.24,4549.57
826500.0,256500.0,101.93527,2.31756,31,154.41,1.3
790500.0,272500.0,101.61214,2.4628,31,144.56,8319.07
743500.0,311500.0,101.19037,2.81615,31,127.46,95.28
638500.0,372500.0,100.24671,3.36928,31,40.76,27873.79
688500.0,329500.0,100.69603,2.97975,30,42.56,867.32
672500.0,340500.0,100.55225,3.07944,30,48.16,4671.68
685500.0,347500.0,100.6693,3.14257,30,53.95,524.81
759500.0,294500.0,101.33392,2.66219,30,65.06,1339.05
727500.0,343500.0,101.04704,3.10573,30,18.05,917.17
809500.0,235500.0,101.78221,2.12811,30,61.6,2922.87
753500.0,296500.0,101.28002,2.68037,30,63.73,25940.09
751500.0,301500.0,101.26212,2.72561,30,55.37,1717.08
754500.0,310500.0,101.28925,2.80691,30,36.96,3.47
712500.0,317500.0,100.91171,2.87089,30,45.8,1434.41
697500.0,333500.0,100.77704,3.01579,30,44.8,2350.02
774500.0,277500.0,101.46845,2.50827,30,52.24,110993.61
782500.0,279500.0,101.54037,2.52621,30,56.02,2295.21
840500.0,240500.0,102.06071,2.17275,30,136.62,9.31
842500.0,240500.0,102.07867,2.17271,30,69.65,1726.79
736500.0,309500.0,101.1274,2.79818,30,159.09,6.36
735500.0,309500.0,101.1184,2.7982,30,174.42,5.74
802500.0,240500.0,101.71941,2.1734,30,151.61,96.78
676500.0,362500.0,100.58854,3.27835,30,41.79,517.76
692500.0,323500.0,100.73193,2.92544,30,52.37,3523.82
752500.0,306500.0,101.2712,2.77079,30,22.1,10.16
758500.0,340500.0,101.32577,3.07803,30,125.96,82.26
656500.0,358500.0,100.40852,3.24244,30,45.87,102092.58
662500.0,372500.0,100.4627,3.36898,30,132.65,179.94
701500.0,330500.0,100.81298,2.98861,30,50.36,9775.83
684500.0,341500.0,100.66022,3.08832,30,55.19,2548.92
749500.0,303500.0,101.24417,2.74372,30,177.88,18.98
753500.0,290500.0,101.27992,2.62613,30,63.61,14089.19
739500.0,306500.0,101.15432,2.77101,30,154.45,4.19
832500.0,247500.0,101.98899,2.23614,30,142.7,3180.1
793500.0,251500.0,101.63874,2.27296,30,2.1,8315.34
679500.0,341500.0,100.61524,3.08839,30,47.13,2089.29
784500.0,270500.0,101.55819,2.44483,30,57.6,353.4
705500.0,320500.0,100.8488,2.89812,30,53.27,4593.56
733500.0,315500.0,101.10052,2.85248,30,135.85,384.44
821500.0,245500.0,101.89016,2.21826,30,52.71,11077.65
678500.0,335500.0,100.60616,3.03415,30,44.11,894.34
664500.0,370500.0,100.48067,3.35087,30,131.37,81.76
776500.0,276500.0,101.4864,2.4992,30,51.82,18398.01
681500.0,338500.0,100.63319,3.06124,30,65.15,13911.6
700500.0,317500.0,100.80379,2.87107,30,60.86,125943.07
844500.0,235500.0,102.09654,2.1275,30,88.4,2.91
760500.0,305500.0,101.3431,2.76161,30,123.84,61.47
722500.0,311500.0,101.00155,2.81649,30,58.88,5791.53
694500.0,330500.0,100.75001,2.98871,30,58.12,8298.71
699500.0,333500.0,100.79503,3.01576,29,52.0,422.96
742500.0,318500.0,101.18149,2.87945,29,152.88,291.11
742500.0,358500.0,101.18223,3.24106,29,128.77,17685.6
690500.0,325500.0,100.71397,2.94355,29,51.8,1809.66
675500.0,362500.0,100.57954,3.27836,29,40.33,6984.43
765500.0,287500.0,101.38773,2.59881,29,64.02,78.33
726500.0,305500.0,101.03742,2.76218,29,60.57,2042.42
813500.0,246500.0,101.81832,2.22744,29,51.13,26832.21
795500.0,245500.0,101.65661,2.2187,29,144.51,31.23
704500.0,317500.0,100.83977,2.87101,29,66.99,2383.56
770500.0,189500.0,101.43126,1.71291,29,73.1,2.11
744500.0,299500.0,101.19916,2.70764,29,44.16,22.32
663500.0,370500.0,100.47167,3.35088,29,46.29,5805.37
786500.0,271500.0,101.57618,2.45383,29,53.46,4238.11
709500.0,313500.0,100.88467,2.83477,29,64.36,10667.52
749500.0,318500.0,101.24443,2.87932,29,173.82,9.15
850500.0,233500.0,102.15038,2.10933,29,140.49,100.31
736500.0,308500.0,101.12738,2.78914,29,78.12,449.45
848500.0,222500.0,102.13223,2.00999,29,139.49,106.82
675500.0,356500.0,100.57946,3.2241,29,48.7,792.36
765500.0,329500.0,101.38849,2.97846,29,93.25,2.34
674500.0,346500.0,100.57032,3.13368,29,53.36,2161.56
693500.0,339500.0,100.74115,3.07011,29,43.98,482.66
705500.0,326500.0,100.84889,2.95238,29,51.44,1075.96
664500.0,355500.0,100.48047,3.21521,29,49.17,458.17
662500.0,368500.0,100.46265,3.33281,29,47.11,944.52
681500.0,332500.0,100.63311,3.00698,29,45.41,1038.94
655500.0,363500.0,100.39959,3.28768,29,45.56,14692.72
687500.0,328500.0,100.68702,2.97072,29,21.86,232.45
774500.0,289500.0,101.46865,2.61674,29,108.45,291.99
685500.0,350500.0,100.66934,3.1697,29,43.67,70.23
754500.0,313500.0,101.2893,2.83403,29,43.32,2140.59
791500.0,261500.0,101.62093,2.36337,29,7.2,19980.72
755500.0,344500.0,101.29887,3.11425,29,38.05,2881.82
819500.0,230500.0,101.87194,2.08276,29,61.6,17623.21
818500.0,257500.0,101.86343,2.32675,29,144.9,20.52
671500.0,340500.0,100.54325,3.07946,28,47.28,982.9
747500.0,304500.0,101.22621,2.7528,28,108.79,3572.71
811500.0,235500.0,101.80017,2.12807,28,62.41,3143.59
797500.0,259500.0,101.67481,2.34519,28,138.99,53.54
788500.0,276500.0,101.59424,2.49899,28,52.85,4896.04
845500.0,216500.0,102.10519,1.95584,28,62.01,142113.44
841500.0,240500.0,102.06969,2.17273,28,80.96,19603.31
823500.0,240500.0,101.90804,2.17305,28,52.53,6615.99
802500.0,267500.0,101.71987,2.4174,28,52.33,4072.44
752500.0,309500.0,101.27125,2.79791,28,124.53,2.53
728500.0,313500.0,101.05553,2.83448,28,96.84,79.8
727500.0,313500.0,101.04654,2.83449,28,59.98,9079.78
739500.0,321500.0,101.15457,2.90662,28,114.45,2.45
837500.0,243500.0,102.03383,2.1999,28,144.66,337.12
686500.0,330500.0,100.67806,2.98882,28,42.37,4065.89
729500.0,303500.0,101.06436,2.74405,28,62.35,1979.56
746500.0,318500.0,101.21746,2.87938,28,173.04,70.02
676500.0,355500.0,100.58844,3.21504,28,121.71,189.2
850500.0,228500.0,102.15029,2.06416,28,49.79,4489.02
714500.0,323500.0,100.92979,2.92511,28,43.42,3344.27
732500.0,306500.0,101.09138,2.77112,28,154.43,13.74
662500.0,361500.0,100.46255,3.2695,28,49.28,19707.25
704500.0,320500.0,100.83981,2.89814,28,55.72,107624.56
678500.0,357500.0,100.60646,3.2331,28,47.61,5724.97
771500.0,292500.0,101.44174,2.6439,28,36.9,14101.31
737500.0,312500.0,101.13644,2.82529,28,89.64,10.26
808500.0,258500.0,101.77361,2.33596,28,73.24,2.3
651500.0,369500.0,100.36367,3.34199,28,50.65,4811.56
680500.0,341500.0,100.62423,3.08838,28,48.72,2289.05
684500.0,331500.0,100.66008,2.99789,28,46.76,8398.79
704500.0,315500.0,100.83974,2.85292,28,60.82,6276.96
852500.0,233500.0,102.16834,2.10929,28,54.91,16372.0
786500.0,272500.0,101.5762,2.46287,28,49.68,8386.05
824500.0,243500.0,101.91707,2.20014,28,51.16,6666.55
747500.0,314500.0,101.22638,2.8432,28,97.82,7720.23
747500.0,313500.0,101.22636,2.83416,28,174.06,2569.81
672500.0,356500.0,100.55247,3.22414,28,49.79,31014.36
798500.0,263500.0,101.68386,2.38132,28,51.68,126641.45
835500.0,255500.0,102.01609,2.30836,28,90.84,782.49
692500.0,338500.0,100.73214,3.06108,27,137.17,330.63
671500.0,341500.0,100.54327,3.0885,27,153.0,141.76
774500.0,278500.0,101.46846,2.51731,27,143.21,412.28
826500.0,261500.0,101.93536,2.36274,27,51.62,340.18
849500.0,231500.0,102.14137,2.09128,27,141.18,1162.66
743500.0,357500.0,101.1912,3.232,27,126.86,16.13
691500.0,338500.0,100.72314,3.06109,27,138.69,17.81
825500.0,241500.0,101.92602,2.18205,27,53.32,4148.75
751500.0,302500.0,101.26214,2.73465,27,40.31,1.79
746500.0,317500.0,101.21744,2.87034,27,67.2,2240.21
736500.0,304500.0,101.12732,2.75298,27,62.34,23390.95
658500.0,357500.0,100.42651,3.23337,27,45.67,127064.72
751500.0,291500.0,101.26195,2.63521,27,38.71,582.4
726500.0,313500.0,101.03754,2.83451,27,150.97,3668.03
734500.0,318500.0,101.10956,2.87958,27,162.72,1.66
806500.0,237500.0,101.75529,2.14623,27,59.7,879.32
694500.0,339500.0,100.75015,3.07009,27,47.51,191.73
657500.0,364500.0,100.4176,3.2967,27,51.04,6503.68
679500.0,357500.0,100.61546,3.23309,27,48.44,1672.13
666500.0,367500.0,100.49863,3.32371,27,132.33,23905.35
670500.0,357500.0,100.53448,3.23321,27,134.44,203.32
776500.0,283500.0,101.48652,2.56247,27,70.97,451.32
659500.0,371500.0,100.43569,3.35998,27,135.75,307.76
666500.0,372500.0,100.4987,3.36893,27,129.92,8200.71
742500.0,320500.0,101.18153,2.89753,27,81.82,521.31
679500.0,348500.0,100.61533,3.1517,27,141.25,107.29
708500.0,317500.0,100.87574,2.87095,27,54.6,523.93
674500.0,347500.0,100.57034,3.14272,27,52.06,1160.36
682500.0,341500.0,100.64223,3.08835,27,53.66,5243.52
736500.0,314500.0,101.12748,2.84339,27,53.6,1.61
792500.0,253500.0,101.62979,2.29105,27,1.28,1626.11
719500.0,304500.0,100.97446,2.75324,27,20.44,447.09
744500.0,355500.0,101.20016,3.2139,27,42.9,4782.13
663500.0,357500.0,100.4715,3.23331,27,46.74,2120.52
678500.0,347500.0,100.60632,3.14267,27,50.93,33092.6
693500.0,337500.0,100.74112,3.05202,27,134.33,599.27
758500.0,297500.0,101.32498,2.68933,27,59.92,34.8
689500.0,336500.0,100.70513,3.04304,27,58.81,57.48
817500.0,242500.0,101.85418,2.19123,27,50.2,22741.94
785500.0,283500.0,101.56741,2.56231,27,49.22,42.63
698500.0,320500.0,100.78585,2.89822,27,64.89,403.94
817500.0,258500.0,101.85446,2.3358,27,33.45,10.14
655500.0,368500.0,100.39965,3.3329,27,143.04,1162.55
710500.0,302500.0,100.89351,2.73529,27,64.07,18581.25
816500.0,258500.0,101.84548,2.33582,27,60.17,2.92
658500.0,369500.0,100.42666,3.3419,26,134.91,281.99
841500.0,219500.0,102.06933,1.98301,26,60.27,50142.5
845500.0,225500.0,102.10534,2.03715,26,51.46,2122.2
755500.0,271500.0,101.29759,2.45435,26,142.3,108.86
830500.0,258500.0,101.97124,2.33556,26,14.96,1036.83
793500.0,275500.0,101.63915,2.48986,26,138.88,19.04
673500.0,343500.0,100.56129,3.10656,26,77.47,1.43
738500.0,319500.0,101.14555,2.88856,26,63.16,209.57
723500.0,314500.0,101.01058,2.8436,26,66.86,18185.71
788500.0,278500.0,101.59427,2.51706,26,142.57,55.47
687500.0,348500.0,100.68731,3.15158,26,124.16,166.82
827500.0,216500.0,101.94356,1.95614,26,139.7,13.65
770500.0,188500.0,101.43125,1.70387,26,34.38,5.8
656500.0,365500.0,100.40861,3.30575,26,49.35,4889.46
684500.0,336500.0,100.66015,3.04311,26,45.31,84676.08
728500.0,307500.0,101.05543,2.78023,26,61.27,25256.98
823500.0,228500.0,101.90783,2.06462,26,60.42,2839.52
781500.0,272500.0,101.53127,2.46296,26,49.27,2317.56
701500.0,317500.0,100.81279,2.87105,26,61.52,15209.91
675500.0,355500.0,100.57944,3.21506,26,49.64,1540.49
753500.0,299500.0,101.28007,2.70749,26,62.26,11563.13
757500.0,312500.0,101.31625,2.82494,26,63.48,171.31
831500.0,231500.0,101.97973,2.0916,26,38.91,12634.25
679500.0,346500.0,100.61531,3.13361,26,57.92,814.04
763500.0,266500.0,101.36941,2.40902,26,42.8,15734.78
677500.0,336500.0,100.59718,3.0432,26,45.92,357.4
784500.0,281500.0,101.55838,2.54425,26,13.71,47.44
680500.0,333500.0,100.62413,3.01603,26,46.97,3067.5
669500.0,362500.0,100.52555,3.27845,26,139.41,423.57
841500.0,232500.0,102.06955,2.10046,26,50.73,7791.49
667500.0,371500.0,100.50768,3.35987,26,133.27,11439.17
705500.0,327500.0,100.84891,2.96142,26,50.62,10305.7
681500.0,337500.0,100.63317,3.05219,26,40.09,48434.67
824500.0,251500.0,101.91721,2.27242,26,66.93,2.9
727500.0,325500.0,101.04673,2.94299,26,29.52,32.88
715500.0,283500.0,100.9382,2.56342,26,76.29,3010.88
804500.0,258500.0,101.73768,2.33603,26,51.49,36451.09
737500.0,318500.0,101.13654,2.87953,26,60.07,3362.68
814500.0,228500.0,101.827,2.06477,26,63.66,5134.8
831500.0,230500.0,101.97971,2.08256,26,30.83,31145.89
657500.0,370500.0,100.41768,3.35096,25,131.32,216.75
810500.0,235500.0,101.79119,2.12809,25,62.17,2746.88
843500.0,226500.0,102.0874,2.04622,25,47.71,7782.93
735500.0,308500.0,101.11839,2.78916,25,68.24,4832.09
679500.0,351500.0,100.61538,3.17883,25,140.91,54.99
782500.0,283500.0,101.54045,2.56236,25,45.53,607.68
718500.0,318500.0,100.96568,2.87984,25,50.53,323.84
814500.0,254500.0,101.82744,2.29971,25,170.37,27.96
679500.0,337500.0,100.61518,3.05222,25,44.45,11312.49
692500.0,324500.0,100.73194,2.93448,25,51.69,1482.12
688500.0,326500.0,100.69599,2.95262,25,39.17,878.08
751500.0,312500.0,101.26231,2.82505,25,70.67,2.34
655500.0,359500.0,100.39954,3.2515,25,48.84,15386.31
671500.0,352500.0,100.54341,3.18798,25,53.4,10791.24
785500.0,272500.0,101.56721,2.46289,25,54.01,12408.08
686500.0,344500.0,100.67825,3.11543,25,45.74,1317.32
670500.0,366500.0,100.53461,3.31461,25,134.45,384.04
841500.0,228500.0,102.06948,2.06432,25,44.84,1438.55
745500.0,306500.0,101.20826,2.77091,25,140.73,350.72
732500.0,311500.0,101.09146,2.81633,25,4.58,1911.0
824500.0,262500.0,101.91742,2.37181,25,72.61,1541.94
678500.0,351500.0,100.60638,3.17884,25,56.26,1045.34
669500.0,361500.0,100.52554,3.2694,25,139.85,449.18
708500.0,315500.0,100.87571,2.85287,25,67.81,11384.87
619500.0,361500.0,100.07559,3.26999,25,60.54,3887.63
811500.0,256500.0,101.80053,2.31784,25,52.83,8330.26
671500.0,366500.0,100.54361,3.31459,25,47.01,51550.52
795500.0,244500.0,101.65659,2.20967,25,58.87,10231.52
715500.0,317500.0,100.93869,2.87085,25,42.9,111557.59
730500.0,314500.0,101.07353,2.84348,25,44.51,88.76
846500.0,244500.0,102.11467,2.20877,25,155.39,1084.76
742500.0,308500.0,101.18133,2.78904,25,51.23,118.38
699500.0,319500.0,100.79483,2.88917,25,60.03,14052.29
798500.0,271500.0,101.684,2.45362,25,56.93,170.89
726500.0,318500.0,101.03762,2.87971,25,125.01,22.07
743500.0,306500.0,101.19028,2.77094,25,122.73,2791.21
699500.0,328500.0,100.79496,2.97055,25,66.25,1200.87
820500.0,241500.0,101.88111,2.18214,24,52.84,2052.42
853500.0,213500.0,102.17697,1.92861,24,54.85,808.9
770500.0,287500.0,101.43267,2.59873,24,108.69,1207.69
770500.0,288500.0,101.43269,2.60777,24,56.36,250.53
750500.0,319500.0,101.25344,2.88835,24,55.35,10.97
812500.0,262500.0,101.80962,2.37204,24,53.56,1596.28
828500.0,257500.0,101.95325,2.32656,24,21.9,1070.56
831500.0,257500.0,101.9802,2.3265,24,6.11,1485.81
755500.0,345500.0,101.29889,3.12329,24,128.1,445.97
708500.0,318500.0,100.87575,2.87999,24,47.55,379.82
682500.0,344500.0,100.64227,3.11548,24,167.31,283.78
667500.0,360500.0,100.50753,3.26039,24,50.44,8966.66
809500.0,236500.0,101.78222,2.13714,24,156.56,96.97
662500.0,365500.0,100.46261,3.30567,24,48.84,9451.11
762500.0,198500.0,101.3595,1.79435,24,101.27,8.57
740500.0,306500.0,101.16331,2.77099,24,156.08,14.65
818500.0,205500.0,101.86258,1.85688,24,93.88,982.44
674500.0,356500.0,100.57046,3.22412,24,49.94,2795.49
840500.0,241500.0,102.06073,2.18178,24,108.77,1923.62
663500.0,360500.0,100.47154,3.26044,24,44.33,1428.42
657500.0,365500.0,100.41761,3.30574,24,49.85,6002.06
750500.0,297500.0,101.25306,2.68946,24,61.16,32468.81
752500.0,307500.0,101.27121,2.77983,24,52.87,2.72
793500.0,184500.0,101.63778,1.66745,24,46.33,1.89
821500.0,248500.0,101.89021,2.24537,24,48.46,5553.68
781500.0,256500.0,101.531,2.31835,24,34.59,67726.66
851500.0,227500.0,102.15925,2.05511,24,102.02,796.81
688500.0,343500.0,100.69623,3.10635,24,45.89,485.02
762500.0,337500.0,101.36168,3.05083,24,62.09,207.51
793500.0,245500.0,101.63864,2.21874,24,30.42,44.25
753500.0,302500.0,101.28012,2.73461,24,169.81,15.03
756500.0,342500.0,101.30782,3.09615,24,129.51,468.45
844500.0,238500.0,102.0966,2.15461,24,5.38,9.29
660500.0,358500.0,100.44452,3.24239,24,52.45,10764.7
723500.0,280500.0,101.01008,2.53618,24,69.91,25502.63
830500.0,232500.0,101.97077,2.10065,24,40.76,828.81
722500.0,331500.0,101.00186,2.99732,24,145.17,216.82
681500.0,354500.0,100.63341,3.20593,24,122.27,3560.67
743500.0,295500.0,101.1901,2.6715,24,63.32,549.57
702500.0,335500.0,100.82205,3.0338,24,45.07,5891.32
851500.0,234500.0,102.15938,2.11834,24,55.66,10757.4
813500.0,234500.0,101.81812,2.119,24,61.19,10363.43
669500.0,328500.0,100.52511,2.97096,24,68.07,24527.18
683500.0,352500.0,100.65138,3.18781,24,37.73,594.96
673500.0,348500.0,100.56135,3.15178,24,51.77,34266.07
727500.0,321500.0,101.04667,2.90682,24,88.3,965.91
717500.0,320500.0,100.95672,2.89794,24,50.89,6918.57
746500.0,315500.0,101.21741,2.85226,24,116.13,138.72
811500.0,277500.0,101.80092,2.5076,24,14.19,524.92
763500.0,297500.0,101.36992,2.68924,24,25.77,1304.31
684500.0,354500.0,100.6604,3.20589,24,107.73,432.89
817500.0,208500.0,101.85364,1.884,24,105.17,25.86
804500.0,266500.0,101.73782,2.40833,24,53.81,6645.83
679500.0,328500.0,100.61506,2.97083,24,51.49,95368.09
816500.0,273500.0,101.84576,2.47136,24,86.9,1.51
668500.0,361500.0,100.51654,3.26942,23,139.48,228.81
777500.0,275500.0,101.49537,2.49014,23,53.91,2520.66
835500.0,253500.0,102.01605,2.29029,23,69.12,180.61
804500.0,261500.0,101.73773,2.36314,23,52.87,1182.85
658500.0,363500.0,100.42658,3.28764,23,49.38,4138.15
751500.0,295500.0,101.26202,2.67137,23,58.99,1854.03
773500.0,286500.0,101.45961,2.58964,23,57.83,728.23
693500.0,322500.0,100.74091,2.91638,23,51.23,829.92
747500.0,316500.0,101.22642,2.86128,23,66.82,1231.01
745500.0,317500.0,101.20845,2.87035,23,70.2,6699.03
726500.0,345500.0,101.03808,3.12383,23,32.38,409.0
663500.0,362500.0,100.47156,3.27853,23,139.38,733.02
694500.0,323500.0,100.74992,2.92541,23,45.67,538.06
679500.0,345500.0,100.61529,3.12457,23,61.09,798.28
825500.0,255500.0,101.92627,2.30854,23,73.37,600.9
852500.0,214500.0,102.16801,1.93766,23,40.02,267.02
847500.0,235500.0,102.12348,2.12745,23,58.91,2587.77
709500.0,320500.0,100.88478,2.89806,23,43.55,1201.52
755500.0,295500.0,101.29798,2.6713,23,63.74,13065.2
672500.0,351500.0,100.5524,3.17893,23,50.43,1899.29
789500.0,265500.0,101.60303,2.39956,23,47.8,630.88
739500.0,302500.0,101.15425,2.73485,23,71.43,219.37
764500.0,291500.0,101.37881,2.63499,23,61.96,3103.85
800500.0,234500.0,101.70135,2.11921,23,147.44,229.55
675500.0,340500.0,100.57924,3.0794,23,44.74,10171.27
796500.0,243500.0,101.66556,2.20061,23,56.5,1743.09
849500.0,233500.0,102.1414,2.10935,23,51.0,1620.08
706500.0,318500.0,100.85777,2.88002,23,54.46,512.03
707500.0,318500.0,100.86676,2.88001,23,53.29,484.49
691500.0,344500.0,100.72323,3.11535,23,44.29,302.03
679500.0,347500.0,100.61532,3.14265,23,141.07,61.18
681500.0,342500.0,100.63324,3.09741,23,53.1,10657.48
765500.0,290500.0,101.38778,2.62593,23,104.87,73.55
735500.0,315500.0,101.1185,2.85244,23,172.9,59.31
831500.0,237500.0,101.97983,2.1458,23,53.75,4574.38
826500.0,251500.0,101.93518,2.27239,23,51.38,9978.31
814500.0,245500.0,101.82729,2.21839,23,50.65,10505.12
817500.0,251500.0,101.85434,2.27255,23,47.24,17387.72
815500.0,253500.0,101.83641,2.29066,23,46.73,13848.0
748500.0,308500.0,101.23527,2.78894,23,71.92,245.66
753500.0,305500.0,101.28017,2.76173,23,38.68,6.39
663500.0,361500.0,100.47155,3.26948,23,138.3,1872.66
769500.0,259500.0,101.42322,2.34565,23,46.11,1080.59
693500.0,328500.0,100.74099,2.97064,23,26.22,2784.8
792500.0,262500.0,101.62994,2.37239,23,45.54,20.45
843500.0,227500.0,102.08742,2.05525,23,48.75,2300.63
737500.0,315500.0,101.13649,2.85241,23,164.72,56.6
692500.0,334500.0,100.73208,3.02491,23,39.34,52.85
816500.0,259500.0,101.8455,2.34485,23,51.58,2033.19
709500.0,303500.0,100.88453,2.74435,23,65.38,9621.61
836500.0,255500.0,102.02507,2.30834,23,101.67,1018.68
716500.0,310500.0,100.94758,2.80754,22,60.11,691.85
694500.0,341500.0,100.75017,3.08818,22,52.71,1745.41
830500.0,253500.0,101.97114,2.29038,22,99.51,19.89
854500.0,223500.0,102.18612,2.01892,22,47.65,3954.86
685500.0,329500.0,100.66905,2.97979,22,48.4,24968.42
734500.0,365500.0,101.1104,3.3045,22,61.73,3991.16
700500.0,319500.0,100.80382,2.88915,22,51.15,178.97
763500.0,295500.0,101.36989,2.67116,22,62.03,61.05
840500.0,229500.0,102.06052,2.07337,22,41.77,567.51
844500.0,243500.0,102.09669,2.19977,22,101.23,12.9
664500.0,359500.0,100.48052,3.25138,22,43.62,1067.51
696500.0,334500.0,100.76806,3.02485,22,46.69,2423.4
853500.0,226500.0,102.17719,2.04604,22,47.36,7991.22
691500.0,324500.0,100.72295,2.93449,22,51.88,4916.42
708500.0,321500.0,100.8758,2.90712,22,36.29,101.65
674500.0,355500.0,100.57045,3.21507,22,137.38,237.55
833500.0,223500.0,101.99756,2.01928,22,62.96,26696.39
755500.0,312500.0,101.29827,2.82498,22,138.03,3.6
792500.0,259500.0,101.62989,2.34528,22,90.01,116.4
663500.0,359500.0,100.47152,3.2514,22,143.02,74.79
773500.0,188500.0,101.4582,1.70383,22,164.89,3.72
803500.0,254500.0,101.72863,2.2999,22,54.9,1646.31
673500.0,359500.0,100.5615,3.25126,22,49.76,86925.71
777500.0,279500.0,101.49544,2.5263,22,51.6,1010.4
676500.0,346500.0,100.58832,3.13365,22,136.35,159.89
733500.0,311500.0,101.10045,2.81631,22,62.28,7473.61
656500.0,369500.0,100.40866,3.34193,22,52.83,6754.64
678500.0,344500.0,100.60628,3.11554,22,48.8,46640.62
770500.0,303500.0,101.43295,2.74335,22,124.67,86.56
791500.0,262500.0,101.62095,2.37241,22,18.18,821.37
657500.0,366500.0,100.41762,3.31478,22,52.97,20611.33
709500.0,317500.0,100.88473,2.87094,22,55.87,496.06
820500.0,218500.0,101.88073,1.97432,22,54.73,1588.52
819500.0,217500.0,101.87174,1.9653,22,57.27,454.74
690500.0,334500.0,100.71409,3.02494,22,38.05,1536.83
677500.0,357500.0,100.59747,3.23312,22,45.38,82379.41
807500.0,259500.0,101.76465,2.34502,22,51.87,6346.74
686500.0,350500.0,100.67834,3.16968,22,34.8,931.29
712500.0,315500.0,100.91168,2.85281,22,58.05,159.49
758500.0,311500.0,101.32522,2.81588,22,42.34,1.59
744500.0,357500.0,101.2002,3.23198,22,128.78,87.14
818500.0,199500.0,101.86249,1.80267,22,95.57,1809.53
798500.0,186500.0,101.68271,1.68546,22,12.86,674.46
848500.0,215500.0,102.13211,1.94676,22,63.48,3204.95
843500.0,244500.0,102.08773,2.20883,22,157.89,2.43
645500.0,366500.0,100.30963,3.31493,22,50.92,82085.04
833500.0,243500.0,101.9979,2.19998,22,48.29,126986.45
662500.0,371500.0,100.46269,3.35994,22,47.85,14267.1
740500.0,305500.0,101.16329,2.76195,22,57.92,805.59
807500.0,264500.0,101.76474,2.3902,22,51.89,5282.34
811500.0,276500.0,101.8009,2.49856,22,16.29,698.56
718500.0,308500.0,100.96553,2.78942,22,154.29,776.11
696500.0,326500.0,100.76795,2.95251,22,55.45,49630.81
823500.0,244500.0,101.90811,2.20919,22,52.07,3798.45
729500.0,314500.0,101.06454,2.8435,22,117.83,274.41
669500.0,338500.0,100.52524,3.0614,22,46.97,1424.16
823500.0,252500.0,101.90825,2.28148,22,15.73,642.21
746500.0,313500.0,101.21737,2.83418,22,68.45,16845.14
659500.0,364500.0,100.4356,3.29667,21,50.29,1241.94
693500.0,333500.0,100.74106,3.01585,21,41.59,1940.1
667500.0,356500.0,100.50748,3.22421,21,44.91,204.87
695500.0,331500.0,100.75902,2.99774,21,161.16,71.33
776500.0,287500.0,101.48659,2.59862,21,52.09,5558.08
780500.0,281500.0,101.52244,2.54432,21,50.45,1302.07
729500.0,323500.0,101.06468,2.92487,21,144.05,1447.88
742500.0,304500.0,101.18126,2.75288,21,49.23,242.35
688500.0,334500.0,100.6961,3.02497,21,52.5,310.9
743500.0,318500.0,101.19049,2.87943,21,160.66,359.66
827500.0,236500.0,101.94389,2.13684,21,29.17,114.14
666500.0,360500.0,100.49853,3.2604,21,140.56,495.01
750500.0,302500.0,101.25315,2.73466,21,178.42,4.48
683500.0,337500.0,100.65117,3.05217,21,50.89,1934.54
686500.0,339500.0,100.67818,3.07021,21,52.13,98.43
749500.0,297500.0,101.24407,2.68948,21,61.31,59613.18
796500.0,185500.0,101.66474,1.67645,21,18.91,282.64
846500.0,238500.0,102.11456,2.15457,21,164.29,29.24
848500.0,225500.0,102.13228,2.03709,21,50.22,2032.04
710500.0,313500.0,100.89367,2.83475,21,66.67,5751.08
818500.0,197500.0,101.86246,1.7846,21,96.5,258.32
721500.0,307500.0,100.99249,2.78034,21,64.67,23631.71
666500.0,366500.0,100.49861,3.31466,21,43.93,12417.46
699500.0,320500.0,100.79484,2.89821,21,58.54,2906.57
720500.0,312500.0,100.98358,2.82556,21,50.3,4859.06
775500.0,288500.0,101.47762,2.60768,21,48.83,9307.58
800500.0,186500.0,101.70067,1.68543,21,11.53,653.74
745500.0,309500.0,101.20831,2.79803,21,78.67,4536.9
647500.0,367500.0,100.32765,3.32395,21,47.48,1721.23
720500.0,318500.0,100.98367,2.87981,21,57.65,6160.13
797500.0,242500.0,101.67453,2.19156,21,152.26,34.4
837500.0,241500.0,102.03379,2.18184,21,122.52,1078.35
706500.0,319500.0,100.85778,2.88907,21,50.7,475.96
746500.0,305500.0,101.21724,2.76185,21,61.65,25.05
747500.0,353500.0,101.2271,3.19577,21,134.19,1244.42
680500.0,346500.0,100.6243,3.1336,21,50.6,100773.04
745500.0,354500.0,101.20913,3.20484,21,42.58,3584.64
793500.0,252500.0,101.63875,2.282,21,0.55,8205.5
810500.0,253500.0,101.79149,2.29074,21,52.77,12663.54
710500.0,315500.0,100.8937,2.85284,21,152.36,111.31
813500.0,262500.0,101.8186,2.37202,21,149.07,45.46
792500.0,271500.0,101.63009,2.45373,21,54.89,4521.46
745500.0,311500.0,101.20835,2.81611,21,76.76,43380.47
703500.0,334500.0,100.83103,3.02475,21,43.04,4201.18
725500.0,319500.0,101.02865,2.88877,21,38.42,238.21
686500.0,326500.0,100.678,2.95265,21,45.31,48894.74
839500.0,239500.0,102.05171,2.16373,21,54.49,4129.87
767500.0,298500.0,101.4059,2.69821,21,152.3,94.01
686500.0,332500.0,100.67808,3.00691,21,45.26,6722.84
823500.0,258500.0,101.90836,2.33569,21,18.91,5.11
679500.0,352500.0,100.61539,3.18787,20,47.93,11425.11
680500.0,351500.0,100.62437,3.17881,20,140.34,72.23
690500.0,339500.0,100.71416,3.07015,20,152.82,203.73
669500.0,360500.0,100.52553,3.26036,20,134.49,124.24
761500.0,290500.0,101.35183,2.626,20,56.92,33270.46
806500.0,281500.0,101.75607,2.54384,20,148.55,708.51
830500.0,257500.0,101.97122,2.32652,20,111.95,732.3
850500.0,217500.0,102.1501,1.96479,20,49.59,4778.34
652500.0,372500.0,100.3727,3.36911,20,135.55,4302.3
677500.0,350500.0,100.59737,3.16981,20,138.32,306.97
727500.0,327500.0,101.04676,2.96107,20,121.19,62.29
689500.0,325500.0,100.70497,2.94356,20,49.03,308.92
681500.0,333500.0,100.63312,3.01602,20,45.14,3673.3
684500.0,349500.0,100.66033,3.16067,20,45.78,898.36
663500.0,363500.0,100.47158,3.28757,20,136.44,402.88
693500.0,324500.0,100.74094,2.93447,20,48.14,17345.21
670500.0,353500.0,100.53443,3.19704,20,53.36,6062.21
831500.0,212500.0,101.97942,1.91993,20,141.81,1216.66
831500.0,240500.0,101.97989,2.17291,20,52.51,11302.71
854500.0,224500.0,102.18613,2.02796,20,49.72,4098.72
845500.0,236500.0,102.10554,2.13652,20,56.44,1691.97
842500.0,227500.0,102.07844,2.05527,20,48.48,9278.45
668500.0,357500.0,100.51649,3.23324,20,140.38,320.66
822500.0,239500.0,101.89904,2.16403,20,50.85,6263.08
849500.0,221500.0,102.14119,2.00094,20,50.56,2053.35
701500.0,299500.0,100.81254,2.70829,20,76.39,2100.06
760500.0,340500.0,101.34375,3.07799,20,57.74,3.28
818500.0,198500.0,101.86248,1.79363,20,96.2,1232.56
696500.0,325500.0,100.76793,2.94347,20,59.22,1967.44
687500.0,345500.0,100.68726,3.12445,20,50.54,1132.23
759500.0,298500.0,101.33399,2.69835,20,141.78,264.69
748500.0,351500.0,101.23605,3.17767,20,133.32,2302.27
687500.0,338500.0,100.68716,3.06115,20,60.81,4341.6
747500.0,319500.0,101.22647,2.8884,20,84.82,138.89
713500.0,316500.0,100.92069,2.86183,20,44.01,2288.48
694500.0,337500.0,100.75012,3.05201,20,51.63,8067.81
684500.0,362500.0,100.66052,3.27823,20,31.85,79828.33
683500.0,362500.0,100.65152,3.27825,20,32.86,177795.85
814500.0,268500.0,101.8277,2.42621,20,41.63,4815.72
695500.0,336500.0,100.7591,3.04295,20,51.3,9631.03
669500.0,357500.0,100.52549,3.23323,20,140.51,464.35
763500.0,291500.0,101.36982,2.63501,20,61.82,6242.68
832500.0,236500.0,101.9888,2.13675,20,51.98,9721.68
829500.0,233500.0,101.9618,2.1097,20,40.95,1464.8
661500.0,369500.0,100.45366,3.34186,20,136.95,9746.31
653500.0,361500.0,100.38157,3.26961,20,50.28,1631.88
712500.0,320500.0,100.91176,2.89802,20,50.12,8444.41
669500.0,365500.0,100.5256,3.30558,20,48.01,23664.57
674500.0,363500.0,100.57056,3.28742,20,43.68,2786.32
740500.0,321500.0,101.16356,2.9066,20,144.97,86.67
739500.0,297500.0,101.15417,2.68964,20,151.99,37.28
829500.0,238500.0,101.96189,2.15487,20,54.15,2645.56
817500.0,259500.0,101.85448,2.34484,20,54.96,1940.55
707500.0,316500.0,100.86673,2.86192,20,60.3,170798.99
688500.0,341500.0,100.6962,3.08827,20,139.85,29750.81
676500.0,339500.0,100.58822,3.07035,20,47.19,11263.66
728500.0,326500.0,101.05574,2.95201,20,134.7,1.56
830500.0,214500.0,101.97047,1.93802,20,144.15,1124.87
849500.0,230500.0,102.14135,2.08224,20,51.27,4423.84
668500.0,350500.0,100.51639,3.16994,20,43.13,3188.29
768500.0,286500.0,101.41468,2.58972,20,62.22,642.87
762500.0,300500.0,101.36099,2.71638,20,131.55,700.05
704500.0,327500.0,100.83991,2.96143,20,47.66,4806.4
688500.0,336500.0,100.69613,3.04305,20,23.86,20.38
812500.0,260500.0,101.80958,2.35396,20,48.07,1974.26
832500.0,254500.0,101.98912,2.29938,20,129.92,121.39
837500.0,217500.0,102.03338,1.96501,20,147.15,56.3
694500.0,331500.0,100.75003,2.99775,20,162.13,2285.41
656500.0,371500.0,100.40869,3.36002,20,130.24,3613.27
846500.0,224500.0,102.11431,2.0281,20,47.64,14483.08
769500.0,316500.0,101.42421,2.86088,20,63.28,7.35
689500.0,333500.0,100.70508,3.01591,20,48.26,5337.12
690500.0,332500.0,100.71406,3.00685,20,52.32,2593.18
726500.0,320500.0,101.03766,2.8978,20,150.01,21388.14
828500.0,171500.0,101.95191,1.54954,20,34.24,11122.9
678500.0,329500.0,100.60608,2.97989,20,53.28,19596.73
829500.0,215500.0,101.96151,1.94707,20,147.08,4169.44
670500.0,360500.0,100.53452,3.26035,20,137.56,10097.11
686500.0,346500.0,100.67828,3.13351,19,49.79,793.83
680500.0,355500.0,100.62443,3.21499,19,44.82,4424.41
761500.0,306500.0,101.3521,2.77063,19,142.99,4.94
728500.0,323500.0,101.05569,2.92489,19,150.11,2.7
825500.0,257500.0,101.92631,2.32662,19,3.5,2.63
712500.0,325500.0,100.91183,2.94323,19,44.14,756.93
813500.0,261500.0,101.81859,2.36298,19,141.37,788.17
659500.0,362500.0,100.43557,3.27858,19,48.47,4234.2
680500.0,350500.0,100.62436,3.16977,19,55.26,4901.24
680500.0,345500.0,100.62429,3.12455,19,53.11,5163.43
762500.0,310500.0,101.36117,2.80677,19,12.44,36.95
728500.0,325500.0,101.05572,2.94297,19,139.37,16.56
772500.0,189500.0,101.44923,1.71289,19,26.85,5.57
760500.0,290500.0,101.34284,2.62602,19,78.76,33.86
734500.0,309500.0,101.10941,2.79821,19,80.58,160.45
818500.0,206500.0,101.86259,1.86592,19,95.51,10718.15
686500.0,338500.0,100.67817,3.06117,19,49.85,2890.45
739500.0,308500.0,101.15435,2.78909,19,153.63,37.1
734500.0,316500.0,101.10953,2.8615,19,132.1,1160.17
654500.0,360500.0,100.39055,3.26056,19,48.6,3720.74
687500.0,333500.0,100.68709,3.01594,19,47.7,1055.95
680500.0,360500.0,100.6245,3.2602,19,29.43,4100117.36
756500.0,303500.0,101.3071,2.7436,19,50.23,217.84
757500.0,307500.0,101.31616,2.77974,19,85.06,1.61
792500.0,256500.0,101.62984,2.31817,19,3.83,1768.2
658500.0,367500.0,100.42664,3.32382,19,135.15,352.75
708500.0,314500.0,100.8757,2.84382,19,61.63,2087.79
759500.0,300500.0,101.33402,2.71643,19,42.9,3532.01
749500.0,296500.0,101.24406,2.68044,19,56.85,1771.35
776500.0,280500.0,101.48647,2.53535,19,51.04,30562.38
754500.0,296500.0,101.289,2.68036,19,63.21,1261.17
676500.0,357500.0,100.58847,3.23313,19,123.09,925.36
731500.0,312500.0,101.08249,2.82539,19,148.11,190.48
700500.0,320500.0,100.80384,2.8982,19,49.01,1321.41
817500.0,201500.0,101.85354,1.82075,19,93.78,176.68
713500.0,324500.0,100.92081,2.93417,19,45.4,1726.65
699500.0,329500.0,100.79497,2.97959,19,55.44,1663.8
659500.0,359500.0,100.43553,3.25145,19,52.16,75207.42
661500.0,357500.0,100.4535,3.23333,19,51.91,26888.57
668500.0,349500.0,100.51638,3.16089,19,44.83,11072.72
691500.0,345500.0,100.72325,3.1244,19,40.23,802.34
668500.0,358500.0,100.5165,3.24229,19,140.46,692.44
690500.0,343500.0,100.71422,3.10632,19,128.03,198.89
764500.0,290500.0,101.37879,2.62595,19,61.25,1406.13
761500.0,339500.0,101.35272,3.06893,19,73.09,10.55
723500.0,331500.0,101.01086,2.9973,19,57.46,695.24
793500.0,253500.0,101.63877,2.29104,19,179.94,10321.49
649500.0,372500.0,100.34571,3.36915,19,50.76,25618.09
694500.0,318500.0,100.74985,2.88019,19,52.81,1308.09
656500.0,367500.0,100.40864,3.32384,19,142.34,331.01
678500.0,358500.0,100.60648,3.24215,19,43.84,633.21
754500.0,289500.0,101.28889,2.61708,19,65.12,8564.72
733500.0,314500.0,101.1005,2.84344,19,61.12,248.79
713500.0,284500.0,100.92023,2.57249,19,163.35,2343.72
657500.0,369500.0,100.41766,3.34192,19,132.39,1360.84
672500.0,363500.0,100.55256,3.28745,19,52.78,682.58
842500.0,200500.0,102.078,1.81135,19,70.51,7779.58
695500.0,332500.0,100.75904,3.00678,19,7.6,1583.05
802500.0,263500.0,101.7198,2.38125,19,53.36,11372.66
834500.0,253500.0,102.00707,2.29031,19,40.08,1.36
738500.0,313500.0,101.14544,2.83431,19,142.62,27.92
824500.0,258500.0,101.91734,2.33567,19,45.56,16.87
696500.0,330500.0,100.768,2.98868,19,76.67,3.49
666500.0,361500.0,100.49855,3.26944,18,130.83,6198.97
850500.0,198500.0,102.14979,1.79316,18,56.0,95392.14
849500.0,199500.0,102.14083,1.80221,18,55.39,252203.93
771500.0,287500.0,101.44166,2.59871,18,57.65,1505.6
740500.0,313500.0,101.16343,2.83428,18,50.59,685.3
741500.0,360500.0,101.17327,3.25916,18,48.45,4880.66
667500.0,353500.0,100.50744,3.19708,18,48.8,16082.0
670500.0,351500.0,100.5344,3.17895,18,50.92,3082.9
684500.0,350500.0,100.66035,3.16971,18,40.54,923.61
667500.0,365500.0,100.5076,3.30561,18,45.65,792.83
852500.0,241500.0,102.16849,2.18156,18,84.6,2637.21
745500.0,298500.0,101.20813,2.69859,18,62.53,24532.03
740500.0,307500.0,101.16333,2.78003,18,151.7,147.3
828500.0,250500.0,101.95312,2.26331,18,50.36,11285.36
834500.0,235500.0,102.00674,2.12768,18,109.96,2500.01
792500.0,260500.0,101.6299,2.35432,18,4.81,1572.8
666500.0,359500.0,100.49852,3.25136,18,142.15,734.05
760500.0,333500.0,101.34362,3.01472,18,31.56,4.89
792500.0,246500.0,101.62967,2.22779,18,18.89,98.1
733500.0,300500.0,101.10028,2.71686,18,64.01,10729.92
729500.0,319500.0,101.06462,2.88871,18,4.4,87.69
728500.0,327500.0,101.05576,2.96105,18,5.4,6867.37
657500.0,363500.0,100.41759,3.28765,18,51.79,258.8
678500.0,359500.0,100.60649,3.25119,18,40.2,3678.93
677500.0,361500.0,100.59752,3.26929,18,39.44,1957.87
756500.0,289500.0,101.30687,2.61705,18,46.2,4.45
790500.0,269500.0,101.61209,2.43569,18,52.21,7123.59
655500.0,351500.0,100.39944,3.17915,18,67.65,225.25
756500.0,270500.0,101.30656,2.44529,18,49.4,3911.28
751500.0,334500.0,101.26271,3.02393,18,174.48,15.34
700500.0,323500.0,100.80388,2.92532,18,56.06,8008.33
707500.0,317500.0,100.86675,2.87097,18,53.08,2888.86
737500.0,313500.0,101.13645,2.83433,18,9.48,2.76
816500.0,233500.0,101.84505,2.10992,18,61.78,13530.75
844500.0,221500.0,102.0963,2.00103,18,49.47,9423.47
644500.0,357500.0,100.30053,3.23354,18,54.27,195122.02
736500.0,322500.0,101.12761,2.91571,18,76.07,15694.51
796500.0,268500.0,101.66598,2.42655,18,49.74,79849.21
816500.0,252500.0,101.84537,2.2816,18,47.91,25669.95
814500.0,262500.0,101.82759,2.372,18,149.03,52.31
852500.0,243500.0,102.16853,2.19962,18,139.47,19.13
656500.0,362500.0,100.40857,3.27862,18,45.23,16609.34
685500.0,349500.0,100.66933,3.16066,18,44.05,5324.67
766500.0,331500.0,101.39752,2.99652,18,105.43,7.2
653500.0,364500.0,100.3816,3.29675,18,44.16,11016.9
736500.0,287500.0,101.12705,2.59928,18,48.25,48483.03
832500.0,223500.0,101.98858,2.0193,18,62.34,42541.64
730500.0,320500.0,101.07363,2.89773,18,20.47,32.1
784500.0,245500.0,101.55778,2.21888,18,48.15,130342.03
841500.0,242500.0,102.06973,2.1908,18,75.28,867.39
720500.0,298500.0,100.98337,2.69898,18,56.42,12058.52
757500.0,330500.0,101.31658,2.98765,18,124.03,770.3
760500.0,292500.0,101.34287,2.6441,18,63.04,4625.53
832500.0,255500.0,101.98914,2.30841,18,60.0,457.94
841500.0,200500.0,102.06902,1.81136,18,70.0,23001.37
845500.0,235500.0,102.10552,2.12749,18,112.13,25762.37
817500.0,223500.0,101.85387,2.01954,18,96.49,2123.69
673500.0,350500.0,100.56138,3.16987,18,49.87,4069.02
783500.0,277500.0,101.54933,2.50812,18,56.18,1061.29
678500.0,341500.0,100.60624,3.08841,18,38.69,85003.14
741500.0,296500.0,101.17214,2.68057,18,51.78,8483.93
837500.0,206500.0,102.0332,1.86563,18,157.73,18144.31
732500.0,315500.0,101.09153,2.85249,18,34.76,960.93
679500.0,329500.0,100.61508,2.97987,18,51.88,49333.96
690500.0,333500.0,100.71408,3.01589,18,27.3,3.49
710500.0,327500.0,100.89388,2.96134,17,47.39,9969.19
748500.0,302500.0,101.23517,2.7347,17,51.99,736.32
754500.0,299500.0,101.28906,2.70748,17,65.45,2218.28
728500.0,315500.0,101.05556,2.85256,17,137.43,54.96
772500.0,187500.0,101.4492,1.69481,17,150.06,3.27
743500.0,358500.0,101.19122,3.24104,17,126.19,18.48
794500.0,244500.0,101.64761,2.20968,17,58.93,3357.8
803500.0,240500.0,101.72839,2.17339,17,152.69,1569.77
854500.0,214500.0,102.18596,1.93762,17,137.88,104.19
666500.0,356500.0,100.49848,3.22423,17,141.4,130.72
678500.0,346500.0,100.60631,3.13363,17,53.81,13121.11
686500.0,334500.0,100.67811,3.02499,17,44.23,2950.54
793500.0,250500.0,101.63872,2.26392,17,177.27,1083.33
818500.0,258500.0,101.86345,2.33578,17,141.27,190.08
687500.0,343500.0,100.68723,3.10637,17,51.16,5449.42
763500.0,328500.0,101.37049,2.96946,17,152.61,1.72
829500.0,261500.0,101.96231,2.36268,17,83.08,26.13
842500.0,245500.0,102.07876,2.21788,17,58.52,3.2
654500.0,370500.0,100.39068,3.351,17,135.08,153.27
675500.0,358500.0,100.57949,3.24219,17,48.43,13203.44
678500.0,360500.0,100.60651,3.26023,17,39.71,11387.71
677500.0,360500.0,100.59751,3.26025,17,63.78,10.2
722500.0,306500.0,101.00147,2.77128,17,63.96,5857.01
723500.0,306500.0,101.01046,2.77126,17,63.74,9431.95
755500.0,305500.0,101.29815,2.7617,17,69.96,1028.11
673500.0,346500.0,100.56133,3.13369,17,55.77,1908.11
675500.0,351500.0,100.57939,3.17888,17,135.28,23.49
691500.0,335500.0,100.7231,3.03397,17,61.92,57872.21
750500.0,350500.0,101.25402,3.16859,17,48.44,59550.17
675500.0,354500.0,100.57943,3.20601,17,137.03,5714.35
736500.0,320500.0,101.12758,2.89763,17,159.19,4.81
663500.0,367500.0,100.47163,3.32375,17,45.6,7645.73
681500.0,345500.0,100.63329,3.12454,17,50.85,30876.89
760500.0,308500.0,101.34315,2.78873,17,174.51,16.6
741500.0,320500.0,101.17254,2.89754,17,76.81,8799.9
821500.0,218500.0,101.88971,1.9743,17,45.03,17344.58
687500.0,349500.0,100.68732,3.16063,17,121.13,48.9
766500.0,290500.0,101.39677,2.62591,17,59.67,14602.87
821500.0,230500.0,101.88991,2.08273,17,62.14,79576.69
813500.0,268500.0,101.81872,2.42623,17,40.85,3050.13
668500.0,351500.0,100.51641,3.17898,17,45.03,3717.34
725500.0,294500.0,101.02826,2.66274,17,144.87,1197.18
678500.0,334500.0,100.60615,3.0251,17,45.98,11979.47
684500.0,369500.0,100.66063,3.34153,17,22.55,118852.0
769500.0,292500.0,101.42377,2.64394,17,57.7,1168.43
763500.0,310500.0,101.37016,2.80675,17,85.83,8462.4
700500.0,337500.0,100.80409,3.05192,17,37.32,895.19
817500.0,231500.0,101.854,2.09183,17,61.72,9983.34
825500.0,252500.0,101.92621,2.28144,17,53.59,2505.57
778500.0,274500.0,101.50434,2.48109,17,44.01,3.97
645500.0,371500.0,100.30969,3.36016,17,46.83,2628.87
830500.0,264500.0,101.97135,2.38977,17,69.05,1.68
669500.0,364500.0,100.52558,3.29654,17,130.53,1818.37
744500.0,310500.0,101.19934,2.80709,17,152.98,330.3
731500.0,315500.0,101.08254,2.85251,17,120.73,151.22
759500.0,310500.0,101.3342,2.80683,17,4.02,2.07
812500.0,226500.0,101.80901,2.04673,17,141.2,1004.96
789500.0,270500.0,101.60312,2.44474,17,55.1,4688.22
679500.0,335500.0,100.61516,3.03413,17,45.18,955.16
692500.0,325500.0,100.73195,2.94352,17,44.87,1138.72
683500.0,354500.0,100.65141,3.2059,17,107.32,125.9
768500.0,314500.0,101.41518,2.84282,17,69.1,2.11
730500.0,312500.0,101.0735,2.8254,17,149.6,2411.86
765500.0,330500.0,101.38851,2.9875,17,29.16,6.73
816500.0,227500.0,101.84495,2.0557,17,62.8,14792.01
762500.0,336500.0,101.36166,3.04179,17,171.14,46.06
654500.0,369500.0,100.39067,3.34196,17,53.71,10980.89
711500.0,302500.0,100.9025,2.73528,17,65.19,22886.96
825500.0,251500.0,101.9262,2.2724,17,49.74,3616.78
721500.0,294500.0,100.9923,2.6628,16,75.81,218522.22
668500.0,364500.0,100.51658,3.29655,16,131.3,4568.74
773500.0,282500.0,101.45954,2.55348,16,53.86,6696.76
816500.0,209500.0,101.84467,1.89306,16,102.03,19.37
818500.0,230500.0,101.86296,2.08278,16,60.88,8273.31
740500.0,312500.0,101.16341,2.82524,16,144.34,59.97
653500.0,365500.0,100.38162,3.30579,16,45.9,6380.24
673500.0,365500.0,100.56159,3.30552,16,41.89,4537.99
733500.0,365500.0,101.10141,3.30452,16,60.4,62376.84
660500.0,369500.0,100.44466,3.34188,16,136.29,1151.58
727500.0,292500.0,101.04621,2.64462,16,76.86,2080.39
652500.0,370500.0,100.37268,3.35103,16,49.83,4064.02
706500.0,314500.0,100.85771,2.84385,16,61.97,31352.0
666500.0,351500.0,100.49841,3.17901,16,50.46,1724.27
845500.0,228500.0,102.1054,2.06425,16,48.8,4261.99
685500.0,337500.0,100.66916,3.05214,16,52.1,13130.25
752500.0,296500.0,101.27103,2.68039,16,64.31,61940.37
741500.0,311500.0,101.17238,2.81618,16,167.94,18.89
664500.0,361500.0,100.48055,3.26947,16,137.93,186.1
683500.0,336500.0,100.65115,3.04312,16,41.48,3538.5
734500.0,317500.0,101.10954,2.87054,16,160.08,98.29
759500.0,341500.0,101.33478,3.08705,16,40.91,2.35
826500.0,244500.0,101.93505,2.20914,16,48.65,3747.38
846500.0,237500.0,102.11454,2.14553,16,147.18,392.89
853500.0,232500.0,102.1773,2.10024,16,104.08,13596.14
690500.0,348500.0,100.7143,3.15154,16,38.39,3169.67
687500.0,344500.0,100.68725,3.11541,16,48.39,1298.9
683500.0,333500.0,100.65111,3.01599,16,43.71,4503.46
716500.0,316500.0,100.94767,2.86179,16,45.28,5168.46
684500.0,338500.0,100.66018,3.06119,16,139.52,231.13
698500.0,338500.0,100.78611,3.06099,16,41.53,15459.73
667500.0,366500.0,100.50761,3.31465,16,132.61,5008.21
740500.0,314500.0,101.16344,2.84332,16,2.41,61.03
620500.0,342500.0,100.08441,3.09812,16,62.97,177.74
679500.0,343500.0,100.61527,3.10648,16,48.92,31648.54
757500.0,308500.0,101.31618,2.78878,16,155.58,5.65
728500.0,314500.0,101.05554,2.84352,16,145.9,89.29
667500.0,359500.0,100.50752,3.25134,16,50.8,686677.32
684500.0,361500.0,100.66051,3.26919,16,32.28,19877.56
790500.0,242500.0,101.61164,2.19167,16,144.9,787.13
830500.0,248500.0,101.97105,2.24521,16,53.32,7535.51
831500.0,247500.0,101.98001,2.23615,16,53.26,12164.74
830500.0,260500.0,101.97127,2.35363,16,51.07,1566.86
713500.0,319500.0,100.92074,2.88896,16,41.11,1247.68
689500.0,342500.0,100.70521,3.0973,16,48.92,202140.91
669500.0,343500.0,100.5253,3.10662,16,46.86,34530.18
668500.0,366500.0,100.51661,3.31464,16,48.37,24009.63
795500.0,243500.0,101.65657,2.20063,16,60.21,3183.3
780500.0,277500.0,101.52237,2.50817,16,51.85,136150.65
850500.0,202500.0,102.14986,1.82929,16,66.78,144248.29
673500.0,349500.0,100.56137,3.16082,16,139.81,160.48
851500.0,220500.0,102.15913,1.99187,16,137.54,8974.69
658500.0,372500.0,100.4267,3.36904,16,41.46,26137.51
682500.0,330500.0,100.64208,2.98888,16,47.32,26940.78
681500.0,331500.0,100.63309,2.99793,16,45.9,39053.65
684500.0,370500.0,100.66064,3.35058,16,22.14,169284.89
713500.0,310500.0,100.9206,2.80758,16,65.19,1250.03
670500.0,361500.0,100.53454,3.26939,16,137.74,449.92
812500.0,234500.0,101.80914,2.11902,16,150.75,1907.49
787500.0,279500.0,101.58531,2.52612,16,52.93,2581.03
848500.0,216500.0,102.13213,1.95579,16,62.28,16167.09
846500.0,233500.0,102.11446,2.1094,16,49.67,41433.46
656500.0,360500.0,100.40855,3.26053,16,32.43,5575.38
736500.0,288500.0,101.12707,2.60832,16,139.33,23674.87
738500.0,310500.0,101.14539,2.80719,16,136.33,12828.35
694500.0,328500.0,100.74999,2.97062,16,43.25,35505.8
747500.0,315500.0,101.2264,2.85224,16,118.34,206.97
805500.0,260500.0,101.7467,2.35409,16,50.38,27493.85
813500.0,260500.0,101.81857,2.35394,16,48.38,28720.64
707500.0,368500.0,100.86756,3.33212,16,88.93,4509.82
739500.0,310500.0,101.15439,2.80717,16,143.24,5495.6
827500.0,259500.0,101.94431,2.34465,16,33.46,4291.28
842500.0,237500.0,102.07862,2.14561,16,48.45,4088.62
845500.0,224500.0,102.10533,2.02811,16,46.3,1432.87
758500.0,299500.0,101.32501,2.70741,16,145.26,63.57
683500.0,351500.0,100.65136,3.17877,16,33.82,9888.43
725500.0,317500.0,101.02862,2.87069,16,91.47,977.2
724500.0,310500.0,101.01951,2.80741,16,65.32,7116.49
673500.0,338500.0,100.56122,3.06134,16,39.66,710847.03
813500.0,228500.0,101.81802,2.06479,16,63.9,15472.27
806500.0,267500.0,101.75581,2.41733,16,54.63,51635.08
745500.0,313500.0,101.20838,2.83419,16,69.73,18626.97
828500.0,215500.0,101.95253,1.94709,16,54.12,99099.72
827500.0,249500.0,101.94412,2.2543,16,160.71,1343.79
735500.0,316500.0,101.11852,2.86148,16,55.62,150.72
817500.0,204500.0,101.85358,1.84786,15,93.79,135.95
653500.0,371500.0,100.38169,3.36006,15,136.58,104.51
774500.0,285500.0,101.46858,2.58058,15,58.87,3539.7
754500.0,311500.0,101.28926,2.81595,15,79.45,1.82
658500.0,359500.0,100.42653,3.25146,15,48.42,725.21
658500.0,358500.0,100.42652,3.24242,15,39.48,807.68
660500.0,367500.0,100.44463,3.32379,15,133.33,1301.48
704500.0,328500.0,100.83993,2.97048,15,50.6,1184.8
696500.0,320500.0,100.76786,2.89825,15,61.97,1144.68
671500.0,347500.0,100.54335,3.14276,15,135.88,514.63
754500.0,295500.0,101.28899,2.67132,15,62.8,6776.16
819500.0,254500.0,101.87236,2.29962,15,50.73,3953.07
709500.0,314500.0,100.88469,2.84381,15,67.84,3085.21
758500.0,341500.0,101.32579,3.08707,15,142.27,14.18
653500.0,368500.0,100.38165,3.33292,15,49.44,20463.39
654500.0,368500.0,100.39065,3.33291,15,45.59,1626.64
698500.0,333500.0,100.78604,3.01578,15,135.53,4440.33
752500.0,313500.0,101.27132,2.83407,15,8.43,14.91
710500.0,312500.0,100.89365,2.82571,15,58.57,904.01
654500.0,371500.0,100.39069,3.36004,15,133.79,121.75
738500.0,303500.0,101.14528,2.7439,15,151.57,1806.51
674500.0,349500.0,100.57036,3.16081,15,47.19,623.66
766500.0,287500.0,101.39672,2.5988,15,64.03,2172.69
817500.0,199500.0,101.85351,1.80268,15,94.73,1042.02
653500.0,358500.0,100.38153,3.24248,15,48.37,4386.44
686500.0,345500.0,100.67827,3.12447,15,138.5,77.69
677500.0,351500.0,100.59738,3.17886,15,51.17,3536.5
656500.0,363500.0,100.40859,3.28766,15,45.51,5624.45
686500.0,343500.0,100.67824,3.10638,15,137.1,170.11
667500.0,352500.0,100.50742,3.18804,15,46.42,9184.88
674500.0,369500.0,100.57064,3.34168,15,53.72,48814.76
673500.0,370500.0,100.56166,3.35074,15,53.74,80393.92
764500.0,303500.0,101.37902,2.74346,15,135.71,181.63
778500.0,186500.0,101.50308,1.6857,15,163.94,2.59
817500.0,200500.0,101.85352,1.81172,15,94.63,4362.24
826500.0,236500.0,101.93491,2.13686,15,51.98,4232.89
646500.0,367500.0,100.31865,3.32397,15,46.69,35663.87
822500.0,244500.0,101.89912,2.20921,15,53.44,8605.27
660500.0,362500.0,100.44457,3.27857,15,50.38,9540.04
794500.0,261500.0,101.64789,2.36332,15,52.75,9439.29
815500.0,266500.0,101.83664,2.40812,15,43.52,1712.04
837500.0,226500.0,102.03353,2.04632,15,50.14,29235.39
833500.0,247500.0,101.99797,2.23612,15,144.71,2891.05
844500.0,186500.0,102.09575,1.68484,15,76.44,25515.57
662500.0,358500.0,100.46251,3.24237,15,46.52,11090.53
671500.0,363500.0,100.54356,3.28746,15,51.17,1746.59
834500.0,246500.0,102.00694,2.22706,15,138.44,9.55
692500.0,319500.0,100.73187,2.88927,15,54.28,15078.98
678500.0,352500.0,100.60639,3.18789,15,54.96,2022.74
663500.0,371500.0,100.47168,3.35992,15,42.19,5213.13
718500.0,314500.0,100.96562,2.84367,15,137.2,249.47
684500.0,329500.0,100.66005,2.97981,15,48.29,31651.04
687500.0,329500.0,100.68704,2.97976,15,43.5,13372.17
679500.0,333500.0,100.61513,3.01605,15,45.8,6156.4
689500.0,344500.0,100.70524,3.11538,15,49.36,962.26
759500.0,299500.0,101.334,2.70739,15,43.12,2226.14
756500.0,306500.0,101.30716,2.77072,15,51.17,3.29
796500.0,274500.0,101.66609,2.48077,15,50.17,146803.74
693500.0,329500.0,100.74101,2.97968,15,24.93,2298.82
696500.0,331500.0,100.76802,2.99772,15,89.43,12515.61
833500.0,226500.0,101.99761,2.04639,15,169.92,305.63
733500.0,310500.0,101.10044,2.80727,15,66.45,7701.21
762500.0,291500.0,101.36083,2.63502,15,63.82,6242.78
817500.0,197500.0,101.85348,1.78461,15,99.21,573.81
640500.0,370500.0,100.26468,3.35117,15,43.39,1173.46
689500.0,332500.0,100.70507,3.00687,15,48.64,6237.92
847500.0,218500.0,102.12318,1.97388,15,49.41,158681.06
735500.0,319500.0,101.11857,2.88861,15,47.84,177.29
817500.0,273500.0,101.85475,2.47134,15,36.29,14.5
692500.0,345500.0,100.73224,3.12438,15,37.49,5135.79
847500.0,215500.0,102.12313,1.94678,15,62.51,283158.05
695500.0,342500.0,100.75919,3.09721,15,41.53,34079.9
848500.0,247500.0,102.13268,2.23583,15,162.33,73.9
842500.0,220500.0,102.07832,1.99203,15,61.18,46300.83
841500.0,229500.0,102.0695,2.07335,15,38.61,3891.18
821500.0,253500.0,101.8903,2.29055,15,42.86,2.04
692500.0,331500.0,100.73204,2.99778,15,55.91,48653.82
668500.0,356500.0,100.51647,3.2242,14,55.96,84.21
686500.0,352500.0,100.67837,3.18777,14,38.78,6313.48
758500.0,322500.0,101.32542,2.91532,14,24.66,8.16
826500.0,259500.0,101.93533,2.34467,14,116.02,6.74
838500.0,210500.0,102.04224,1.90175,14,57.51,17623.45
812500.0,261500.0,101.8096,2.363,14,139.93,1621.41
844500.0,240500.0,102.09663,2.17267,14,53.76,4301.52
690500.0,346500.0,100.71427,3.13345,14,41.36,2618.38
661500.0,371500.0,100.45369,3.35995,14,52.63,7156.45
645500.0,372500.0,100.30971,3.3692,14,140.77,145.56
678500.0,338500.0,100.6062,3.06128,14,43.99,6706.23
678500.0,337500.0,100.60619,3.05223,14,44.45,10283.77
679500.0,336500.0,100.61517,3.04318,14,43.9,7753.47
746500.0,279500.0,101.21682,2.5268,14,140.93,8410.52
729500.0,321500.0,101.06465,2.90679,14,144.47,17.99
843500.0,245500.0,102.08775,2.21786,14,44.91,4.31
834500.0,223500.0,102.00654,2.01927,14,62.67,3962.5
755500.0,302500.0,101.2981,2.73458,14,45.99,1026.65
766500.0,294500.0,101.39684,2.66207,14,56.48,31516.8
841500.0,241500.0,102.06971,2.18176,14,56.59,30098.17
665500.0,357500.0,100.48949,3.23328,14,145.9,136.4
660500.0,354500.0,100.44447,3.20622,14,45.87,15489.62
662500.0,360500.0,100.46254,3.26045,14,138.78,87.91
655500.0,367500.0,100.39964,3.32385,14,45.13,1513.3
772500.0,188500.0,101.44921,1.70385,14,153.08,5.48
821500.0,213500.0,101.88964,1.92912,14,127.79,2397.8
829500.0,225500.0,101.96167,2.03742,14,62.12,138357.3
793500.0,254500.0,101.63879,2.30007,14,89.62,1223.73
852500.0,222500.0,102.16814,2.00992,14,47.24,24935.28
843500.0,246500.0,102.08776,2.2269,14,75.56,2.09
709500.0,312500.0,100.88466,2.82573,14,70.64,15425.99
683500.0,355500.0,100.65142,3.21494,14,35.41,614.54
690500.0,347500.0,100.71428,3.1425,14,37.77,4153.19
793500.0,246500.0,101.63866,2.22777,14,23.63,123.04
649500.0,370500.0,100.34568,3.35106,14,141.54,5086.63
850500.0,234500.0,102.1504,2.11836,14,143.34,712.73
795500.0,185500.0,101.65576,1.67646,14,16.2,50.1
691500.0,328500.0,100.723,2.97067,14,64.37,13565.22
668500.0,362500.0,100.51656,3.27846,14,142.92,2080.31
749500.0,333500.0,101.24471,3.01492,14,46.53,1.86
665500.0,371500.0,100.48968,3.3599,14,44.95,13284.48
696500.0,315500.0,100.76779,2.85304,14,50.23,9937.94
682500.0,347500.0,100.64231,3.14261,14,48.43,56602.6
815500.0,210500.0,101.83571,1.90211,14,106.55,134.81
831500.0,248500.0,101.98003,2.24519,14,145.31,978.0
772500.0,186500.0,101.44919,1.68577,14,29.68,2.68
741500.0,302500.0,101.17224,2.73481,14,61.96,2922.04
722500.0,280500.0,101.00109,2.5362,14,71.7,4838.98
730500.0,322500.0,101.07366,2.91581,14,33.02,14146.9
736500.0,316500.0,101.12751,2.86147,14,117.54,137.0
818500.0,232500.0,101.86299,2.10085,14,62.52,2476.18
780500.0,280500.0,101.52242,2.53528,14,52.65,43558.93
835500.0,234500.0,102.0157,2.11863,14,49.78,98207.0
660500.0,352500.0,100.44444,3.18813,14,49.14,5977.73
685500.0,348500.0,100.66931,3.15161,14,52.51,669.83
726500.0,309500.0,101.03748,2.79834,14,56.49,1385.84
804500.0,253500.0,101.73759,2.29085,14,53.56,20959.11
806500.0,252500.0,101.75554,2.28178,14,52.49,5096.99
837500.0,240500.0,102.03377,2.1728,14,0.67,2966.44
839500.0,242500.0,102.05177,2.19083,14,87.79,747.67
719500.0,305500.0,100.97448,2.76228,14,35.07,137.2
795500.0,269500.0,101.65701,2.4356,14,51.29,62365.22
682500.0,354500.0,100.64241,3.20592,14,38.22,492.33
673500.0,364500.0,100.56157,3.29648,14,44.36,2997.91
746500.0,353500.0,101.21811,3.19578,14,40.77,46190.16
850500.0,221500.0,102.15017,2.00093,14,49.01,29611.01
687500.0,342500.0,100.68722,3.09732,14,139.41,11345.79
809500.0,229500.0,101.78211,2.07389,14,51.74,6795.52
691500.0,320500.0,100.72289,2.89832,14,53.33,4974.8
674500.0,342500.0,100.57027,3.09751,14,44.17,8377.85
813500.0,235500.0,101.81814,2.12804,14,63.33,20980.42
689500.0,353500.0,100.70537,3.19677,14,18.63,18326.8
674500.0,351500.0,100.57039,3.1789,14,49.06,225081.8
830500.0,224500.0,101.97063,2.02837,14,38.38,6.02
851500.0,215500.0,102.15904,1.94671,14,47.03,3786.56
635500.0,336500.0,100.21932,3.0437,14,175.69,24743.01
701500.0,316500.0,100.81277,2.86201,14,60.81,536100.84
795500.0,260500.0,101.65686,2.35426,14,53.34,205298.4
814500.0,269500.0,101.82772,2.43525,14,65.76,103.97
744500.0,332500.0,101.19973,3.00598,14,152.36,2.18
786500.0,275500.0,101.57625,2.48999,14,52.81,19037.46
785500.0,276500.0,101.56728,2.49904,14,56.17,1756.96
755500.0,307500.0,101.29818,2.77978,14,46.07,31.52
643500.0,370500.0,100.29168,3.35114,14,44.4,2217.51
646500.0,370500.0,100.31868,3.3511,14,44.91,29541.93
825500.0,245500.0,101.92609,2.21819,14,52.7,22362.0
836500.0,219500.0,102.02443,1.98309,14,81.22,331.15
761500.0,305500.0,101.35209,2.76159,14,6.82,70.14
826500.0,220500.0,101.93465,1.99229,14,127.25,24956.88
837500.0,245500.0,102.03386,2.21797,14,53.27,3057.16
846500.0,219500.0,102.11422,1.98293,14,49.62,39073.9
691500.0,331500.0,100.72304,2.99779,14,52.88,4709.03
803500.0,262500.0,101.72877,2.3722,14,48.54,19100.97
739500.0,343500.0,101.15496,3.10551,14,9.09,2050.13
735500.0,289500.0,101.11809,2.61738,14,51.29,9006.33
700500.0,328500.0,100.80395,2.97054,14,2.89,8.72
701500.0,327500.0,100.81293,2.96148,14,20.06,3.53
708500.0,303500.0,100.87554,2.74436,14,65.19,27739.41
709500.0,319500.0,100.88476,2.88902,14,38.44,433696.07
695500.0,329500.0,100.75899,2.97965,14,63.7,21172.27
690500.0,330500.0,100.71404,2.98877,14,49.43,11836.33
691500.0,332500.0,100.72306,3.00684,14,83.44,3.61
764500.0,296500.0,101.37889,2.68018,14,57.41,2.96
724500.0,321500.0,101.01969,2.90687,14,176.45,17020.01
688500.0,342500.0,100.69622,3.09731,13,51.29,18876.13
681500.0,346500.0,100.6333,3.13358,13,48.68,157369.53
836500.0,249500.0,102.02496,2.25413,13,0.82,1.24
737500.0,310500.0,101.1364,2.80721,13,133.47,11.05
669500.0,355500.0,100.52546,3.21514,13,49.23,18762.05
676500.0,350500.0,100.58837,3.16983,13,139.57,1290.19
669500.0,351500.0,100.52541,3.17897,13,48.3,80758.39
807500.0,280500.0,101.76504,2.53478,13,49.62,1131.8
741500.0,335500.0,101.1728,3.03315,13,14.05,330.93
662500.0,366500.0,100.46262,3.31472,13,50.97,7750.19
772500.0,286500.0,101.45063,2.58965,13,55.8,2398.85
749500.0,302500.0,101.24416,2.73468,13,165.35,804.13
829500.0,217500.0,101.96154,1.96514,13,116.68,31742.77
826500.0,217500.0,101.9346,1.96519,13,144.48,258.98
826500.0,250500.0,101.93516,2.26335,13,139.84,15.69
765500.0,294500.0,101.38785,2.66209,13,61.17,7402.32
757500.0,341500.0,101.3168,3.08709,13,135.98,225.13
778500.0,286500.0,101.50455,2.58955,13,52.48,1958.87
654500.0,367500.0,100.39064,3.32387,13,43.42,18597.44
665500.0,360500.0,100.48953,3.26041,13,47.19,10872.7
762500.0,267500.0,101.36044,2.41808,13,53.67,860.22
788500.0,185500.0,101.59289,1.67654,13,7.84,1371.13
789500.0,185500.0,101.60187,1.67653,13,7.77,894.02
805500.0,238500.0,101.74633,2.15528,13,61.61,3893.05
832500.0,246500.0,101.98898,2.2271,13,56.31,2391.54
828500.0,225500.0,101.95269,2.03744,13,8.91,76693.94
792500.0,257500.0,101.62985,2.3272,13,3.25,132766.71
854500.0,222500.0,102.1861,2.00989,13,47.33,1361.3
850500.0,223500.0,102.1502,2.01899,13,46.55,25255.66
849500.0,224500.0,102.14124,2.02804,13,51.02,3037.89
704500.0,309500.0,100.83965,2.79867,13,145.14,503.88
691500.0,347500.0,100.72328,3.14248,13,37.8,14745.85
804500.0,283500.0,101.73814,2.56195,13,150.87,1.21
649500.0,371500.0,100.34569,3.36011,13,51.04,18162.86
756500.0,295500.0,101.30697,2.67128,13,65.83,6800.27
729500.0,320500.0,101.06463,2.89775,13,137.48,78.04
774500.0,187500.0,101.46717,1.69478,13,45.28,2.43
772500.0,283500.0,101.45057,2.56254,13,53.06,51775.03
674500.0,357500.0,100.57047,3.23316,13,48.4,6246.89
659500.0,367500.0,100.43564,3.3238,13,132.28,3895.81
720500.0,316500.0,100.98364,2.86173,13,46.93,1702.65
695500.0,325500.0,100.75894,2.94348,13,64.26,124747.05
679500.0,344500.0,100.61528,3.11552,13,48.04,85534.31
699500.0,338500.0,100.79511,3.06098,13,36.94,828.6
712500.0,368500.0,100.91254,3.33203,13,96.62,5800.5
823500.0,225500.0,101.90779,2.03752,13,93.82,4779.28
646500.0,368500.0,100.31866,3.33301,13,48.8,130222.85
798500.0,242500.0,101.68351,2.19154,13,59.92,5240.75
661500.0,351500.0,100.45343,3.17907,13,48.84,14907262.03
682500.0,364500.0,100.64256,3.29635,13,32.3,18645.31
821500.0,221500.0,101.88976,2.00141,13,9.93,47.65
804500.0,282500.0,101.73812,2.55292,13,62.05,124617.69
701500.0,322500.0,100.81286,2.91627,13,57.74,10235.54
677500.0,358500.0,100.59748,3.24216,13,43.93,1164.98
772500.0,287500.0,101.45064,2.59869,13,58.65,1221.05
737500.0,320500.0,101.13657,2.89761,13,172.82,11.68
736500.0,312500.0,101.12745,2.8253,13,176.49,2.36
793500.0,185500.0,101.6378,1.67648,13,10.65,629.92
802500.0,187500.0,101.71865,1.69445,13,94.1,158636.45
672500.0,354500.0,100.55244,3.20606,13,42.02,1523.45
756500.0,307500.0,101.30717,2.77976,13,60.02,6.89
854500.0,217500.0,102.18601,1.96472,13,135.94,2756.38
834500.0,259500.0,102.00718,2.34451,13,66.2,4.76
603500.0,365500.0,99.93163,3.30632,13,48.47,67539.03
654500.0,364500.0,100.3906,3.29673,13,49.38,382492.54
845500.0,217500.0,102.10521,1.96488,13,61.34,11768.5
853500.0,233500.0,102.17732,2.10927,13,143.76,845.78
695500.0,317500.0,100.75883,2.87114,13,52.76,984.44
703500.0,316500.0,100.83076,2.86198,13,59.15,35292.81
683500.0,330500.0,100.65107,2.98886,13,49.39,8531.56
700500.0,330500.0,100.80398,2.98862,13,45.45,558.51
679500.0,334500.0,100.61514,3.02509,13,48.97,4958.99
847500.0,216500.0,102.12315,1.95581,13,62.88,19475.76
682500.0,332500.0,100.6421,3.00696,13,45.86,3245.28
741500.0,305500.0,101.17228,2.76194,13,60.08,6104.22
745500.0,319500.0,101.20849,2.88843,13,177.26,312.47
717500.0,321500.0,100.95674,2.90698,13,49.74,4880.82
664500.0,369500.0,100.48066,3.34182,13,46.44,6773.8
832500.0,239500.0,101.98885,2.16386,13,52.95,40135.66
849500.0,245500.0,102.14163,2.21775,13,8.64,367.56
658500.0,368500.0,100.42665,3.33286,13,132.55,38710.91
698500.0,321500.0,100.78586,2.90727,13,56.42,700.23
840500.0,201500.0,102.06006,1.82041,13,69.87,13880.77
753500.0,315500.0,101.28034,2.85213,13,71.77,20.09
768500.0,298500.0,101.41488,2.69819,13,69.13,736.28
797500.0,244500.0,101.67456,2.20963,13,48.0,681.76
749500.0,272500.0,101.24368,2.46348,13,163.57,1222.38
773500.0,285500.0,101.4596,2.5806,13,54.08,29649.5
772500.0,285500.0,101.45061,2.58062,13,54.36,302296.14
639500.0,371500.0,100.2557,3.36023,13,41.22,12432.91
723500.0,316500.0,101.01062,2.86168,13,63.73,6247.68
846500.0,240500.0,102.11459,2.17264,13,158.78,4827.5
664500.0,347500.0,100.48037,3.14286,13,48.72,15336.69
638500.0,357500.0,100.24654,3.23361,13,28.23,524.16
679500.0,339500.0,100.61521,3.07031,13,42.14,22281.05
754500.0,303500.0,101.28912,2.74364,13,70.49,3317.58
673500.0,360500.0,100.56152,3.2603,13,46.19,6914.32
724500.0,328500.0,101.0198,2.97016,13,54.22,4.57
726500.0,325500.0,101.03774,2.943,13,123.99,18.05
726500.0,324500.0,101.03772,2.93396,13,179.12,10.29
727500.0,326500.0,101.04675,2.95203,13,22.21,116.55
830500.0,231500.0,101.97075,2.09161,13,30.27,16904.32
693500.0,332500.0,100.74105,3.00681,12,52.76,14273.1
675500.0,360500.0,100.57951,3.26028,12,42.76,972.23
822500.0,180500.0,101.89815,1.63093,12,121.14,76.34
819500.0,190500.0,101.87134,1.72133,12,102.55,5133.05
816500.0,210500.0,101.84469,1.90209,12,100.74,22103.54
797500.0,264500.0,101.67489,2.39038,12,110.6,11.93
759500.0,303500.0,101.33407,2.74355,12,87.34,2690.27
749500.0,319500.0,101.24445,2.88836,12,19.06,13.91
751500.0,307500.0,101.26222,2.77985,12,118.46,25.55
810500.0,249500.0,101.79142,2.2546,12,95.23,162.64
676500.0,351500.0,100.58839,3.17887,12,137.06,353.71
710500.0,318500.0,100.89374,2.87996,12,49.49,308.3
676500.0,352500.0,100.5884,3.18791,12,51.88,329.22
762500.0,296500.0,101.36092,2.68022,12,47.69,4045.4
759500.0,287500.0,101.3338,2.59892,12,63.18,13114.49
770500.0,284500.0,101.43262,2.57161,12,55.02,20143.54
722500.0,325500.0,101.00177,2.94307,12,37.79,2278.64
726500.0,315500.0,101.03758,2.85259,12,59.77,50706.08
665500.0,359500.0,100.48952,3.25137,12,138.27,915.31
662500.0,370500.0,100.46267,3.35089,12,51.51,3683.34
666500.0,369500.0,100.49865,3.3418,12,40.8,6282.92
773500.0,186500.0,101.45817,1.68576,12,26.39,3.1
746500.0,309500.0,101.2173,2.79801,12,41.38,2243.25
818500.0,196500.0,101.86245,1.77556,12,96.46,2420.3
706500.0,326500.0,100.85789,2.95236,12,49.18,23221.52
835500.0,222500.0,102.0155,2.01022,12,62.85,7579.49
754500.0,302500.0,101.28911,2.7346,12,70.24,419.57
852500.0,212500.0,102.16797,1.91959,12,51.08,4600.59
631500.0,341500.0,100.18338,3.08897,12,87.08,35881501.06
655500.0,360500.0,100.39955,3.26054,12,47.14,1223.39
661500.0,372500.0,100.4537,3.369,12,47.41,153532.67
669500.0,353500.0,100.52543,3.19705,12,49.8,4028.72
675500.0,342500.0,100.57927,3.09749,12,42.76,2512951.15
793500.0,249500.0,101.6387,2.25489,12,175.15,4126.92
825500.0,256500.0,101.92629,2.31758,12,41.55,1754.6
846500.0,242500.0,102.11463,2.1907,12,54.49,2.56
663500.0,356500.0,100.47149,3.22426,12,53.28,2715.22
695500.0,338500.0,100.75913,3.06104,12,50.79,976.81
797500.0,243500.0,101.67454,2.2006,12,57.41,1266.54
648500.0,371500.0,100.33669,3.36012,12,50.94,52081.5
825500.0,237500.0,101.92595,2.14591,12,50.44,12606.22
811500.0,278500.0,101.80094,2.51663,12,74.12,192.82
722500.0,307500.0,101.00148,2.78032,12,61.61,4083.44
677500.0,338500.0,100.5972,3.06129,12,46.19,100930.46
695500.0,343500.0,100.7592,3.10625,12,37.1,18883.92
675500.0,346500.0,100.57932,3.13367,12,47.38,621.48
753500.0,303500.0,101.28013,2.74365,12,153.69,4.83
703500.0,328500.0,100.83094,2.97049,12,49.37,6564.28
754500.0,322500.0,101.28946,2.91539,12,67.2,4.01
817500.0,198500.0,101.8535,1.79365,12,96.34,2658.78
851500.0,232500.0,102.15934,2.10028,12,48.58,9104.73
674500.0,345500.0,100.57031,3.12464,12,51.3,653.92
746500.0,319500.0,101.21748,2.88842,12,93.11,822.92
822500.0,225500.0,101.8988,2.03753,12,89.61,4118.18
724500.0,305500.0,101.01944,2.76221,12,61.79,7144.89
678500.0,356500.0,100.60645,3.22406,12,44.72,487484.33
712500.0,349500.0,100.91222,3.16023,12,40.29,6553.06
683500.0,364500.0,100.65155,3.29633,12,31.45,1502222.58
760500.0,286500.0,101.34277,2.58986,12,63.36,30785.24
767500.0,288500.0,101.40572,2.60782,12,150.47,4816.73
762500.0,285500.0,101.36073,2.58079,12,62.82,1314864.14
804500.0,237500.0,101.73733,2.14626,12,53.26,57171.57
781500.0,285500.0,101.53149,2.58046,12,44.84,1403444.78
803500.0,282500.0,101.72913,2.55293,12,97.12,212.91
658500.0,360500.0,100.42655,3.26051,12,43.14,25801.3
682500.0,351500.0,100.64237,3.17879,12,125.92,954.57
685500.0,360500.0,100.66949,3.26013,12,121.93,1584.23
770500.0,280500.0,101.43255,2.53546,12,53.58,7826.31
769500.0,293500.0,101.42378,2.65298,12,56.46,4816.46
728500.0,321500.0,101.05566,2.90681,12,175.43,55.85
779500.0,281500.0,101.51345,2.54434,12,52.89,9921.21
847500.0,238500.0,102.12353,2.15455,12,150.88,8.44
839500.0,241500.0,102.05175,2.1818,12,87.3,6499.69
685500.0,351500.0,100.66936,3.17874,12,35.0,25807.36
648500.0,372500.0,100.33671,3.36916,12,51.04,36198.47
657500.0,368500.0,100.41765,3.33287,12,137.25,10583.01
682500.0,353500.0,100.6424,3.19687,12,120.94,217.18
671500.0,364500.0,100.54358,3.29651,12,48.28,9311.25
670500.0,364500.0,100.53458,3.29652,12,48.49,57265.26
726500.0,294500.0,101.03725,2.66272,12,144.35,1040.47
818500.0,250500.0,101.8633,2.26349,12,47.77,14919.37
793500.0,183500.0,101.63777,1.65841,12,29.3,17.72
810500.0,237500.0,101.79122,2.14616,12,62.27,2952593.04
789500.0,246500.0,101.60272,2.22784,12,59.85,25489.57
846500.0,217500.0,102.11419,1.96486,12,65.34,58907.89
852500.0,234500.0,102.16836,2.11832,12,56.72,266025.19
763500.0,299500.0,101.36996,2.70732,12,155.25,1.51
814500.0,234500.0,101.8271,2.11899,12,62.2,42339.31
841500.0,248500.0,102.06984,2.245,12,116.29,5.82
644500.0,367500.0,100.30065,3.32399,12,51.59,259582.31
682500.0,334500.0,100.64213,3.02505,12,45.11,70908.84
650500.0,365500.0,100.35462,3.30583,12,43.5,81038.83
671500.0,354500.0,100.54344,3.20607,12,49.71,141475.46
775500.0,289500.0,101.47764,2.61672,12,81.36,778.04
739500.0,309500.0,101.15437,2.79813,12,50.73,3370.61
728500.0,318500.0,101.05561,2.87968,12,42.53,722.66
735500.0,334500.0,101.11883,3.02422,12,17.2,7642.14
738500.0,332500.0,101.14577,3.00608,12,81.19,2789.6
737500.0,332500.0,101.13678,3.0061,12,82.45,11013.66
689500.0,327500.0,100.705,2.96165,12,41.75,6285.05
693500.0,343500.0,100.74121,3.10628,12,41.99,5244.12
768500.0,293500.0,101.4148,2.653,12,52.66,2374.88
711500.0,313500.0,100.90266,2.83474,12,67.38,12931.15
762500.0,301500.0,101.361,2.72542,12,104.27,2931.58
695500.0,327500.0,100.75897,2.96157,12,43.05,34323.44
668500.0,363500.0,100.51657,3.28751,12,46.73,17314.44
728500.0,278500.0,101.055,2.51803,12,76.18,14546.56
741500.0,334500.0,101.17278,3.02411,12,37.28,461.18
791500.0,241500.0,101.62061,2.18262,12,57.36,15659.19
790500.0,241500.0,101.61162,2.18263,12,65.74,69470.69
806500.0,282500.0,101.75609,2.55288,12,49.21,1852.15
687500.0,331500.0,100.68706,2.99785,12,36.3,3891.2
815500.0,229500.0,101.836,2.07379,12,13.15,1580.52
799500.0,265500.0,101.69288,2.39938,12,127.82,8046.06
800500.0,264500.0,101.70185,2.39033,12,26.87,57954.64
834500.0,247500.0,102.00696,2.2361,12,131.37,9827.24
849500.0,215500.0,102.14109,1.94674,12,62.16,26983.4
692500.0,343500.0,100.73221,3.10629,12,42.94,19219.08
729500.0,315500.0,101.06455,2.85254,12,118.47,11.87
828500.0,170500.0,101.95189,1.5405,12,163.32,3.09
729500.0,368500.0,101.06548,3.33172,12,67.68,51410.4
664500.0,346500.0,100.48035,3.13381,12,47.37,60058.41
693500.0,327500.0,100.74098,2.96159,12,32.5,3286.51
695500.0,324500.0,100.75892,2.93444,12,39.17,1340.46
672500.0,338500.0,100.55222,3.06136,12,38.16,24721.8
679500.0,340500.0,100.61522,3.07935,12,42.6,448035.64
684500.0,333500.0,100.66011,3.01598,12,46.11,3917.46
680500.0,328500.0,100.62406,2.97082,12,52.33,54289.06
766500.0,330500.0,101.3975,2.98748,12,52.24,2475.92
730500.0,318500.0,101.07359,2.87965,12,42.44,698637.85
764500.0,333500.0,101.37958,3.01464,12,64.28,178.12
840500.0,230500.0,102.06053,2.0824,12,28.45,212.19
843500.0,236500.0,102.08758,2.13656,12,69.81,8.56
738500.0,315500.0,101.14548,2.85239,12,58.86,3089.57
651500.0,359500.0,100.36354,3.25155,12,36.06,2637.67
689500.0,331500.0,100.70505,2.99782,12,51.31,29340.46
696500.0,329500.0,100.76799,2.97964,12,60.58,19893.73
715500.0,342500.0,100.93909,3.09689,12,46.5,9427.08
846500.0,247500.0,102.11472,2.23587,12,118.52,2571.08
671500.0,359500.0,100.54351,3.25129,12,46.4,26458.38
668500.0,365500.0,100.5166,3.30559,11,129.44,8200.64
674500.0,360500.0,100.57052,3.26029,11,42.08,1758.93
730500.0,316500.0,101.07356,2.86157,11,126.77,5.27
819500.0,192500.0,101.87137,1.7394,11,103.08,212.94
817500.0,205500.0,101.8536,1.8569,11,94.4,80.83
836500.0,257500.0,102.02511,2.32641,11,7.19,3.14
752500.0,311500.0,101.27128,2.81599,11,32.17,4.23
799500.0,242500.0,101.69249,2.19153,11,57.22,14312.67
722500.0,333500.0,101.0019,3.0154,11,128.08,112.15
818500.0,194500.0,101.86242,1.75749,11,99.68,523.84
665500.0,361500.0,100.48955,3.26946,11,141.69,13629.27
667500.0,351500.0,100.50741,3.17899,11,44.42,5590.01
685500.0,339500.0,100.66919,3.07022,11,49.36,3195.8
684500.0,337500.0,100.66016,3.05215,11,64.44,1029.92
801500.0,261500.0,101.71078,2.3632,11,53.21,16761.83
800500.0,270500.0,101.70196,2.44455,11,25.77,903.04
682500.0,337500.0,100.64217,3.05218,11,52.39,1202.24
684500.0,335500.0,100.66013,3.03407,11,45.59,21743.07
774500.0,188500.0,101.46718,1.70382,11,30.45,2.2
827500.0,235500.0,101.94388,2.1278,11,50.54,17998.47
782500.0,271500.0,101.54024,2.4539,11,141.55,203.45
853500.0,221500.0,102.1771,2.00087,11,46.43,30365.51
852500.0,229500.0,102.16827,2.07316,11,152.84,130019.29
705500.0,309500.0,100.84865,2.79866,11,141.04,3073.12
680500.0,356500.0,100.62444,3.22403,11,45.04,498.74
728500.0,303500.0,101.05537,2.74406,11,65.96,29866.5
762500.0,303500.0,101.36104,2.7435,11,2.2,130.08
809500.0,185500.0,101.78148,1.67628,11,166.49,1810.63
838500.0,231500.0,102.04259,2.09147,11,49.53,32055.37
834500.0,212500.0,102.00636,1.91989,11,56.02,2353.81
749500.0,351500.0,101.24505,3.17765,11,131.72,17096.69
801500.0,186500.0,101.70965,1.68542,11,104.11,387.26
838500.0,219500.0,102.04239,1.98306,11,62.95,5130.06
850500.0,244500.0,102.15059,2.20869,11,128.99,40.12
666500.0,352500.0,100.49843,3.18805,11,47.11,13722.76
706500.0,331500.0,100.85796,2.99757,11,43.33,744.25
674500.0,366500.0,100.5706,3.31455,11,34.42,1706.5
810500.0,264500.0,101.79169,2.39014,11,50.06,751.8
690500.0,342500.0,100.71421,3.09728,11,47.3,45455.88
817500.0,207500.0,101.85362,1.87497,11,104.16,118.46
796500.0,275500.0,101.66611,2.48981,11,52.9,671184.61
669500.0,349500.0,100.52538,3.16088,11,43.14,3164.57
757500.0,288500.0,101.31584,2.60799,11,62.87,4783.09
734500.0,321500.0,101.10961,2.90671,11,73.66,366.0
824500.0,175500.0,101.91604,1.58573,11,33.92,2.92
812500.0,255500.0,101.80949,2.30878,11,20.57,3.52
805500.0,282500.0,101.7471,2.5529,11,59.43,1312.52
836500.0,233500.0,102.02467,2.10958,11,50.33,10786.82
824500.0,217500.0,101.91664,1.96522,11,178.66,32112.8
818500.0,203500.0,101.86255,1.83881,11,7.03,1098303.17
664500.0,356500.0,100.48048,3.22425,11,53.15,1780.77
652500.0,368500.0,100.37265,3.33294,11,51.91,12192.86
685500.0,352500.0,100.66937,3.18779,11,36.36,871.94
674500.0,344500.0,100.5703,3.11559,11,51.19,72534.47
673500.0,353500.0,100.56142,3.197,11,137.01,1413.46
769500.0,190500.0,101.42229,1.72196,11,143.96,136.15
715500.0,309500.0,100.93857,2.79851,11,78.36,5829.38
808500.0,230500.0,101.77314,2.08294,11,54.6,158151.64
825500.0,258500.0,101.92632,2.33565,11,53.37,143.87
703500.0,318500.0,100.83079,2.88007,11,161.48,4143.28
688500.0,344500.0,100.69624,3.1154,11,41.6,4132.77
841500.0,244500.0,102.06977,2.20886,11,0.09,3.91
739500.0,311500.0,101.1544,2.81621,11,83.74,1724.65
718500.0,320500.0,100.96572,2.89792,11,48.44,30403.48
852500.0,231500.0,102.1683,2.09122,11,52.67,32759.06
683500.0,348500.0,100.65132,3.15164,11,56.05,5157.49
750500.0,303500.0,101.25316,2.7437,11,10.03,224.48
793500.0,270500.0,101.63906,2.44467,11,53.64,11560.38
647500.0,369500.0,100.32767,3.34204,11,45.14,70602.04
689500.0,328500.0,100.70501,2.97069,11,38.92,77640.41
697500.0,322500.0,100.77688,2.91632,11,53.15,2040.17
842500.0,244500.0,102.07875,2.20885,11,58.16,4.89
761500.0,304500.0,101.35207,2.75255,11,32.37,10148.79
777500.0,187500.0,101.49411,1.69475,11,52.13,48.0
730500.0,315500.0,101.07354,2.85253,11,11.03,147.04
736500.0,365500.0,101.12839,3.30446,11,64.18,1375.51
838500.0,206500.0,102.04218,1.86561,11,66.91,175161.35
722500.0,297500.0,101.00133,2.68991,11,52.5,7690.47
696500.0,323500.0,100.7679,2.92538,11,47.46,15902.4
696500.0,341500.0,100.76817,3.08815,11,41.53,65371.31
784500.0,276500.0,101.55829,2.49906,11,54.14,8781.42
708500.0,319500.0,100.87577,2.88904,11,36.72,300445.38
698500.0,328500.0,100.78596,2.97056,11,8.82,11.41
692500.0,332500.0,100.73205,3.00682,11,53.49,15574.58
724500.0,322500.0,101.0197,2.91591,11,177.0,28590.01
720500.0,294500.0,100.98331,2.66281,10,75.77,1909159.66
782500.0,185500.0,101.539,1.67661,10,66.42,964.53
816500.0,211500.0,101.8447,1.91113,10,53.5,6.38
797500.0,265500.0,101.67491,2.39942,10,13.91,33834.61
780500.0,286500.0,101.52252,2.58951,10,50.72,1965.37
841500.0,218500.0,102.06931,1.97398,10,60.58,683326.43
750500.0,333500.0,101.2537,3.01491,10,10.52,1.92
836500.0,235500.0,102.0247,2.12765,10,49.27,1851353.22
835500.0,236500.0,102.01574,2.1367,10,47.88,50279.17
743500.0,317500.0,101.19047,2.87039,10,69.67,1983.81
744500.0,308500.0,101.19931,2.78901,10,178.89,3.54
706500.0,323500.0,100.85784,2.92523,10,46.53,20053.39
683500.0,350500.0,100.65135,3.16973,10,49.52,384.4
747500.0,317500.0,101.22643,2.87032,10,69.74,1712.4
792500.0,185500.0,101.62881,1.67649,10,7.2,72.42
793500.0,244500.0,101.63862,2.2097,10,34.13,135.57
851500.0,213500.0,102.15901,1.92864,10,63.11,14470.55
854500.0,215500.0,102.18598,1.94666,10,47.57,2423.43
660500.0,355500.0,100.44448,3.21526,10,49.37,1480.26
655500.0,366500.0,100.39963,3.31481,10,50.0,169614.97
699500.0,332500.0,100.79502,3.00672,10,48.75,1309.02
822500.0,214500.0,101.89863,1.93814,10,129.54,390762282.08
783500.0,278500.0,101.54934,2.51715,10,69.12,108.74
683500.0,332500.0,100.6511,3.00695,10,43.27,15071.14
774500.0,189500.0,101.46719,1.71286,10,115.66,3.81
728500.0,328500.0,101.05577,2.97009,10,6.53,10800.19
850500.0,214500.0,102.15005,1.93769,10,61.45,30860.5
818500.0,193500.0,101.86241,1.74845,10,9.61,631.22
813500.0,251500.0,101.81841,2.27262,10,51.22,84576.7
741500.0,314500.0,101.17244,2.8433,10,164.83,115.35
791500.0,185500.0,101.61983,1.67651,10,7.96,84.21
693500.0,326500.0,100.74096,2.95255,10,54.22,376.31
727500.0,277500.0,101.046,2.509,10,77.14,920.77
756500.0,320500.0,101.30741,2.89728,10,144.28,232.07
749500.0,350500.0,101.24503,3.16861,10,47.34,12361.35
726500.0,370500.0,101.03853,3.34986,10,64.41,85699.68
792500.0,276500.0,101.63018,2.49892,10,64.93,38109.67
717500.0,276500.0,100.95609,2.5001,10,51.7,2075.87
685500.0,344500.0,100.66926,3.11544,10,136.61,301.81
763500.0,304500.0,101.37005,2.75252,10,135.71,1999.4
727500.0,344500.0,101.04705,3.11477,10,9.35,1563.92
819500.0,216500.0,101.87172,1.95626,10,67.4,29.34
829500.0,226500.0,101.96169,2.04645,10,14.07,801.37
826500.0,263500.0,101.9354,2.38081,10,3.4,290.66
847500.0,157500.0,102.1223,1.42282,10,128.45,2.05
842500.0,203500.0,102.07805,1.83845,10,63.82,18078.95
664500.0,365500.0,100.4806,3.30565,10,44.43,17223.22
663500.0,366500.0,100.47162,3.3147,10,39.49,25391.26
649500.0,368500.0,100.34566,3.33297,10,45.35,170935.21
692500.0,347500.0,100.73227,3.14247,10,35.0,17750.95
761500.0,303500.0,101.35205,2.74351,10,120.48,13.6
808500.0,250500.0,101.77347,2.26367,10,53.07,207577.86
661500.0,358500.0,100.45352,3.24238,10,52.87,1469.8
666500.0,371500.0,100.49868,3.35988,10,124.62,97.3
692500.0,344500.0,100.73223,3.11534,10,39.44,530.43
686500.0,342500.0,100.67822,3.09734,10,48.5,18613.43
676500.0,359500.0,100.5885,3.25122,10,47.58,12497.9
824500.0,218500.0,101.91665,1.97425,10,178.8,2756.68
817500.0,196500.0,101.85347,1.77557,10,98.21,732.88
765500.0,302500.0,101.38799,2.7344,10,136.95,446.27
737500.0,322500.0,101.1366,2.91569,10,78.05,32136.27
726500.0,342500.0,101.03802,3.09671,10,179.7,699908.54
787500.0,281500.0,101.58534,2.5442,10,141.1,295.3
849500.0,236500.0,102.14146,2.13645,10,52.9,30249.78
660500.0,361500.0,100.44456,3.26952,10,49.08,4822.47
661500.0,363500.0,100.45358,3.2876,10,139.04,164.31
653500.0,367500.0,100.38164,3.32388,10,49.35,11313.64
678500.0,348500.0,100.60634,3.15171,10,144.5,63.2
672500.0,355500.0,100.55245,3.2151,10,134.43,214.46
725500.0,313500.0,101.02855,2.83452,10,152.15,621.74
724500.0,314500.0,101.01958,2.84358,10,157.99,2751.63
850500.0,235500.0,102.15042,2.12739,10,143.67,1028.92
761500.0,330500.0,101.35255,2.98758,10,141.8,2661.49
791500.0,283500.0,101.62132,2.5622,10,52.32,1305.71
616500.0,340500.0,100.0484,3.08006,10,56.01,4948.41
675500.0,338500.0,100.57921,3.06132,10,40.65,13730.48
697500.0,334500.0,100.77706,3.02484,10,139.77,315.58
745500.0,312500.0,101.20837,2.82515,10,77.31,23364.91
668500.0,329500.0,100.51613,2.98001,10,68.81,15529.72
672500.0,353500.0,100.55242,3.19701,10,48.67,552782.36
675500.0,345500.0,100.57931,3.12462,10,49.33,492713.77
667500.0,349500.0,100.50738,3.1609,10,44.5,541676.74
735500.0,288500.0,101.11808,2.60834,10,48.12,168371.05
829500.0,224500.0,101.96165,2.02838,10,38.86,12211.4
825500.0,259500.0,101.92634,2.34469,10,149.44,1060.92
799500.0,270500.0,101.69297,2.44457,10,52.38,9226.05
727500.0,320500.0,101.04665,2.89778,10,154.38,1.88
829500.0,247500.0,101.96205,2.23619,10,49.98,187825.85
828500.0,263500.0,101.95337,2.38077,10,77.19,9.63
848500.0,241500.0,102.13257,2.18163,10,51.98,1.39
728500.0,368500.0,101.05648,3.33174,10,65.15,27628.32
651500.0,361500.0,100.36357,3.26964,10,48.75,80558.25
699500.0,317500.0,100.7948,2.87108,10,60.84,122164.61
708500.0,329500.0,100.87592,2.97946,10,47.57,11757.23
699500.0,318500.0,100.79481,2.88012,10,56.88,118651.3
738500.0,325500.0,101.14565,2.9428,10,19.79,132288.29
813500.0,230500.0,101.81805,2.08286,10,129.23,623.22
815500.0,269500.0,101.8367,2.43523,10,101.5,694.2
813500.0,270500.0,101.81875,2.44431,10,42.81,20965.77
792500.0,261500.0,101.62992,2.36335,10,10.2,684.11
686500.0,327500.0,100.67801,2.96169,10,45.02,96273.23
773500.0,275500.0,101.45943,2.49021,10,28.13,21.48
688500.0,325500.0,100.69598,2.94358,10,50.97,689.11
669500.0,350500.0,100.52539,3.16992,10,44.82,4653.49
794500.0,266500.0,101.64798,2.40851,10,141.15,857.03
805500.0,283500.0,101.74712,2.56193,10,139.43,121.15
850500.0,229500.0,102.15031,2.07319,10,49.19,41013.2
700500.0,300500.0,100.80356,2.71734,10,70.32,53986.37
839500.0,201500.0,102.05108,1.82043,10,71.39,18835.7
700500.0,322500.0,100.80387,2.91628,10,58.96,106402.92
761500.0,309500.0,101.35216,2.79775,10,17.01,10.51
733500.0,312500.0,101.10047,2.82535,10,120.11,637.9
819500.0,200500.0,101.87148,1.81169,10,6.79,61419.7
716500.0,281500.0,100.94716,2.54532,10,48.39,36901.04
669500.0,356500.0,100.52547,3.22418,10,38.05,338002.17
727500.0,316500.0,101.04658,2.86162,10,52.95,557.38
813500.0,214500.0,101.81781,1.93828,10,22.99,2962.55
834500.0,256500.0,102.00712,2.31741,10,84.88,15.25
718500.0,299500.0,100.9654,2.70805,10,56.77,165546.25
668500.0,330500.0,100.51614,2.98906,10,72.53,35933.63
681500.0,353500.0,100.6334,3.19689,10,126.78,16614.06
803500.0,267500.0,101.72886,2.41738,10,52.44,109887.37
841500.0,203500.0,102.06907,1.83847,10,58.62,62695.06
737500.0,365500.0,101.13739,3.30445,10,57.59,7635.3
685500.0,333500.0,100.6691,3.01596,10,46.12,9840.01
741500.0,307500.0,101.17232,2.78002,10,133.88,1299.35
817500.0,226500.0,101.85392,2.04665,10,61.46,49889.51
801500.0,187500.0,101.70967,1.69446,10,104.41,3617.56
803500.0,277500.0,101.72904,2.50775,10,55.39,6.8
687500.0,332500.0,100.68708,3.00689,10,51.58,130092.03
724500.0,319500.0,101.01966,2.88879,10,11.44,762.47
833500.0,238500.0,101.99781,2.1548,10,53.58,22761.46
824500.0,238500.0,101.91698,2.15496,10,51.69,46728.2
828500.0,232500.0,101.95281,2.10068,10,30.35,7.15
793500.0,247500.0,101.63867,2.23681,10,22.82,16400.66
709500.0,328500.0,100.8849,2.9704,9,45.91,8435.39
679500.0,355500.0,100.61543,3.215,9,135.65,2049.78
742500.0,359500.0,101.18225,3.2501,9,132.78,10037.84
656500.0,372500.0,100.4087,3.36906,9,130.09,7725.31
686500.0,328500.0,100.67803,2.97074,9,44.55,16286.83
670500.0,344500.0,100.53431,3.11565,9,42.78,13815.92
754500.0,346500.0,101.28992,3.13235,9,127.95,2546.83
668500.0,360500.0,100.51653,3.26037,9,51.05,28472.45
776500.0,188500.0,101.48514,1.7038,9,105.36,6.53
763500.0,296500.0,101.36991,2.6802,9,131.83,513.04
733500.0,304500.0,101.10034,2.75303,9,61.22,39192.73
742500.0,332500.0,101.18174,3.00601,9,167.84,30.17
818500.0,195500.0,101.86243,1.76652,9,100.12,538.92
809500.0,228500.0,101.7821,2.06485,9,136.11,95.16
651500.0,370500.0,100.36368,3.35104,9,48.43,10177.95
665500.0,370500.0,100.48967,3.35085,9,44.93,1640.35
803500.0,239500.0,101.72838,2.16435,9,59.73,76080.23
853500.0,241500.0,102.17747,2.18154,9,86.29,12134.98
818500.0,200500.0,101.8625,1.8117,9,96.04,3036.4
818500.0,201500.0,101.86252,1.82074,9,96.9,1835.68
792500.0,248500.0,101.6297,2.24586,9,178.82,660.7
840500.0,239500.0,102.06069,2.16371,9,51.64,2113.88
721500.0,299500.0,100.99237,2.708,9,133.17,257.78
854500.0,216500.0,102.186,1.95569,9,47.57,14846.48
664500.0,360500.0,100.48054,3.26043,9,146.11,81.98
716500.0,298500.0,100.9474,2.69904,9,51.9,89.74
770500.0,257500.0,101.43218,2.32756,9,44.56,2070952.26
821500.0,214500.0,101.88965,1.93816,9,130.89,102761.55
818500.0,204500.0,101.86256,1.84785,9,96.07,8167.34
827500.0,253500.0,101.9442,2.29044,9,47.76,1371.73
783500.0,270500.0,101.5492,2.44485,9,50.26,6766.37
848500.0,234500.0,102.13244,2.1184,9,65.95,7419.57
848500.0,236500.0,102.13248,2.13646,9,53.07,60713.03
708500.0,312500.0,100.87567,2.82574,9,63.48,93001.76
682500.0,363500.0,100.64254,3.2873,9,22.28,25631.75
760500.0,299500.0,101.34299,2.70737,9,102.57,4421.65
817500.0,213500.0,101.85371,1.92918,9,73.59,45.09
794500.0,245500.0,101.64762,2.21872,9,53.59,665.77
842500.0,230500.0,102.07849,2.08237,9,79.78,19367.82
849500.0,234500.0,102.14142,2.11838,9,144.08,1255.86
653500.0,372500.0,100.3817,3.3691,9,135.87,63.47
702500.0,322500.0,100.82185,2.91625,9,54.17,7374.3
763500.0,194500.0,101.36844,1.75818,9,63.19,2.52
732500.0,321500.0,101.09163,2.90674,9,58.6,1492.65
665500.0,367500.0,100.48963,3.32372,9,44.45,8024.83
687500.0,356500.0,100.68742,3.22393,9,31.66,9932.23
790500.0,264500.0,101.612,2.3905,9,40.42,372.34
851500.0,244500.0,102.15957,2.20868,9,146.39,9.12
685500.0,346500.0,100.66928,3.13353,9,44.76,2619.43
827500.0,173500.0,101.94295,1.56762,9,36.54,171034.6
658500.0,365500.0,100.42661,3.30573,9,52.22,86565.98
720500.0,308500.0,100.98352,2.78939,9,51.87,6731.81
825500.0,230500.0,101.92583,2.08266,9,117.38,6547.05
800500.0,277500.0,101.70208,2.50781,9,145.02,5906.44
689500.0,340500.0,100.70518,3.07921,9,143.79,9339.58
760500.0,309500.0,101.34317,2.79777,9,115.63,6.21
659500.0,342500.0,100.43532,3.0977,9,53.14,750178.09
693500.0,353500.0,100.74136,3.19671,9,8.9,7501.45
680500.0,347500.0,100.62432,3.14264,9,140.69,11856.46
666500.0,370500.0,100.49867,3.35084,9,22.28,205564.86
721500.0,280500.0,100.9921,2.53621,9,70.37,2832.75
713500.0,313500.0,100.92065,2.83471,9,63.26,77143.01
685500.0,340500.0,100.6692,3.07927,9,53.25,30324.93
685500.0,343500.0,100.66924,3.1064,9,87.11,215.21
769500.0,287500.0,101.42368,2.59875,9,61.03,36628.23
778500.0,282500.0,101.50448,2.55339,9,52.27,19300.32
661500.0,368500.0,100.45365,3.33282,9,135.99,8745.92
662500.0,359500.0,100.46253,3.25141,9,50.85,1757468.99
660500.0,364500.0,100.44459,3.29666,9,40.45,217475.19
746500.0,293500.0,101.21704,2.65337,9,64.12,229115.31
729500.0,312500.0,101.0645,2.82542,9,60.88,210357.38
803500.0,187500.0,101.72763,1.69443,9,92.04,21885.04
800500.0,242500.0,101.70148,2.19151,9,62.63,2779039.21
791500.0,258500.0,101.62088,2.33626,9,5.03,50876.73
791500.0,257500.0,101.62087,2.32722,9,4.08,1079139.46
660500.0,370500.0,100.44467,3.35092,9,135.81,10561.54
714500.0,318500.0,100.92971,2.8799,9,44.22,12297.17
670500.0,342500.0,100.53428,3.09756,9,50.23,10695.55
676500.0,361500.0,100.58853,3.26931,9,39.93,5001.06
722500.0,296500.0,101.00132,2.68086,9,145.77,4192.4
750500.0,291500.0,101.25297,2.63522,9,62.48,34801.38
794500.0,184500.0,101.64676,1.66743,9,177.52,2.05
822500.0,229500.0,101.89887,2.07368,9,178.0,17.89
802500.0,241500.0,101.71943,2.18244,9,62.57,100043.96
804500.0,275500.0,101.73799,2.48966,9,104.18,66.72
852500.0,239500.0,102.16845,2.16349,9,65.43,39.02
711500.0,311500.0,100.90263,2.81665,9,156.47,2976.08
691500.0,342500.0,100.7232,3.09727,9,44.71,8557.26
675500.0,353500.0,100.57942,3.19697,9,145.5,1823.86
757500.0,304500.0,101.31611,2.75262,9,51.32,181.91
656500.0,366500.0,100.40863,3.3148,9,49.83,8821.4
775500.0,290500.0,101.47766,2.62576,9,23.1,142.15
738500.0,309500.0,101.14538,2.79815,9,54.39,3521.13
691500.0,326500.0,100.72297,2.95258,9,51.39,2529.74
732500.0,313500.0,101.0915,2.83441,9,35.54,12.38
666500.0,368500.0,100.49864,3.33275,9,47.56,27305.46
813500.0,218500.0,101.81787,1.97443,9,23.56,20685.62
816500.0,243500.0,101.84522,2.20028,9,49.65,40861.41
785500.0,284500.0,101.56742,2.57135,9,50.14,1294.95
717500.0,308500.0,100.95654,2.78944,9,62.17,20841.15
682500.0,349500.0,100.64234,3.1607,9,58.46,6152.19
819500.0,241500.0,101.87213,2.18216,9,54.76,49834.46
795500.0,265500.0,101.65694,2.39945,9,51.83,60554.35
834500.0,227500.0,102.0066,2.05541,9,125.51,4435.55
709500.0,287500.0,100.88431,2.59967,9,44.47,25291.19
794500.0,269500.0,101.64803,2.43562,9,50.4,67816.42
734500.0,305500.0,101.10935,2.76205,9,64.0,48693.42
785500.0,273500.0,101.56723,2.47193,9,51.41,17148.07
825500.0,262500.0,101.9264,2.37179,9,77.54,81.97
850500.0,242500.0,102.15055,2.19063,9,37.65,4.54
805500.0,234500.0,101.74626,2.11913,9,139.67,1608.73
796500.0,244500.0,101.66557,2.20965,9,59.29,14003.83
804500.0,235500.0,101.73729,2.12819,9,155.26,127.39
742500.0,314500.0,101.18143,2.84328,9,43.57,7733.38
830500.0,255500.0,101.97118,2.30845,9,119.46,182.06
827500.0,172500.0,101.94294,1.55859,9,36.31,1571172.0
791500.0,242500.0,101.62062,2.19166,9,51.62,102964.46
845500.0,220500.0,102.10526,1.99198,9,50.1,48947.77
741500.0,359500.0,101.17325,3.25012,9,39.9,41240.61
735500.0,364500.0,101.11938,3.29544,9,147.27,799.97
670500.0,337500.0,100.53422,3.05234,9,44.88,90498.52
768500.0,262500.0,101.41428,2.37279,9,47.44,1542189.23
727500.0,283500.0,101.04608,2.56325,9,64.78,490.32
825500.0,176500.0,101.92503,1.59475,9,34.75,200496.76
839500.0,256500.0,102.05203,2.31731,9,160.49,572.51
662500.0,348500.0,100.46239,3.15193,9,48.08,11786.51
693500.0,330500.0,100.74102,2.98872,9,31.04,28054.39
671500.0,336500.0,100.5432,3.04328,9,44.69,15483.98
711500.0,314500.0,100.90267,2.84378,9,73.03,173881.19
715500.0,323500.0,100.93878,2.9251,9,26.6,78.78
672500.0,361500.0,100.55253,3.26936,9,47.69,1591.92
752500.0,290500.0,101.27093,2.62615,9,65.05,1532971.23
742500.0,319500.0,101.18151,2.88849,9,86.19,1124886.01
635500.0,371500.0,100.2197,3.36027,9,80.98,9.7
763500.0,300500.0,101.36998,2.71636,9,14.32,7612.06
706500.0,322500.0,100.85783,2.91619,9,41.44,25955.95
835500.0,257500.0,102.01613,2.32643,9,35.03,714.93
717500.0,352500.0,100.95724,3.18728,9,9.41,3824.29
793500.0,248500.0,101.63869,2.24585,9,22.64,44938.03
658500.0,370500.0,100.42668,3.35095,8,132.14,15415.35
660500.0,365500.0,100.44461,3.3057,8,54.63,8899.46
688500.0,330500.0,100.69605,2.98879,8,40.38,768.44
700500.0,325500.0,100.80391,2.94341,8,49.68,669000.12
677500.0,353500.0,100.59741,3.19694,8,52.78,558894.03
774500.0,282500.0,101.46853,2.55346,8,56.29,99475.03
727500.0,322500.0,101.04668,2.91586,8,143.62,87.33
726500.0,322500.0,101.03769,2.91588,8,81.5,503540.99
821500.0,183500.0,101.88921,1.65805,8,14.43,733043.88
806500.0,280500.0,101.75605,2.5348,8,54.66,55914.32
736500.0,310500.0,101.12741,2.80722,8,65.1,99250.0
736500.0,362500.0,101.12833,3.27734,8,65.98,133789.0
824500.0,216500.0,101.91662,1.95618,8,131.55,7069.14
779500.0,278500.0,101.5134,2.51722,8,51.1,56691.92
670500.0,354500.0,100.53444,3.20608,8,49.7,20024.52
752500.0,295500.0,101.27101,2.67135,8,61.01,1570668.32
755500.0,303500.0,101.29811,2.74362,8,131.55,6982.87
729500.0,325500.0,101.06472,2.94295,8,69.49,9190.95
726500.0,327500.0,101.03777,2.96109,8,38.09,19943.5
734500.0,364500.0,101.11038,3.29546,8,56.65,4855.12
688500.0,335500.0,100.69612,3.03401,8,58.45,520161.72
667500.0,363500.0,100.50757,3.28752,8,49.22,75304.47
771500.0,186500.0,101.44021,1.68578,8,27.25,2.72
806500.0,186500.0,101.75456,1.68536,8,166.26,8411.07
841500.0,245500.0,102.06978,2.2179,8,80.24,712.26
661500.0,367500.0,100.45363,3.32378,8,47.94,13328.69
676500.0,297500.0,100.5877,2.69052,8,60.9,319.69
670500.0,280500.0,100.53355,2.53684,8,41.17,3395.48
681500.0,334500.0,100.63313,3.02506,8,45.54,76779.76
747500.0,279500.0,101.22581,2.52679,8,140.06,2266.76
707500.0,322500.0,100.86682,2.91618,8,179.98,349.88
708500.0,324500.0,100.87584,2.93425,8,47.34,1492.66
668500.0,359500.0,100.51651,3.25133,8,49.08,15712.91
747500.0,297500.0,101.22609,2.68951,8,50.21,1183.88
792500.0,247500.0,101.62969,2.23683,8,7.56,205.7
841500.0,239500.0,102.06967,2.16369,8,49.64,5858.25
838500.0,242500.0,102.04279,2.19085,8,50.81,14812.93
720500.0,299500.0,100.98338,2.70802,8,88.21,50.2
736500.0,321500.0,101.1276,2.90667,8,82.13,49207.09
851500.0,202500.0,102.15883,1.82927,8,66.6,30203.07
656500.0,359500.0,100.40854,3.25149,8,47.39,16231.99
703500.0,345500.0,100.83119,3.12421,8,18.02,5981.87
686500.0,333500.0,100.6781,3.01595,8,48.07,906.09
765500.0,192500.0,101.38638,1.74008,8,58.97,5096.3
763500.0,193500.0,101.36843,1.74915,8,28.65,2.55
822500.0,185500.0,101.89822,1.67611,8,64.55,95759.49
820500.0,213500.0,101.88066,1.92914,8,129.61,8080.47
804500.0,238500.0,101.73734,2.1553,8,61.6,5023.15
807500.0,236500.0,101.76426,2.13718,8,131.81,780.85
793500.0,258500.0,101.63885,2.33622,8,6.89,10425.79
760500.0,300500.0,101.34301,2.71641,8,104.03,11639.1
766500.0,283500.0,101.39665,2.56264,8,54.21,12365.1
753500.0,346500.0,101.28092,3.13237,8,40.33,239533.34
816500.0,231500.0,101.84502,2.09185,8,61.18,12389.71
843500.0,229500.0,102.08746,2.07332,8,50.16,59612.46
699500.0,326500.0,100.79493,2.95247,8,55.97,16022.71
682500.0,342500.0,100.64224,3.0974,8,57.34,13487.16
703500.0,322500.0,100.83085,2.91624,8,52.47,39420.42
674500.0,358500.0,100.57049,3.2422,8,48.05,1654.6
771500.0,279500.0,101.44152,2.5264,8,53.93,13610.1
828500.0,258500.0,101.95327,2.33559,8,40.26,10264.32
683500.0,339500.0,100.65119,3.07025,8,47.97,16725.17
668500.0,345500.0,100.51633,3.12472,8,57.81,133384.84
673500.0,357500.0,100.56148,3.23317,8,46.97,6684.98
660500.0,366500.0,100.44462,3.31474,8,50.43,88388.11
675500.0,352500.0,100.5794,3.18793,8,137.81,1266.1
698500.0,339500.0,100.78613,3.07003,8,42.64,29643.87
757500.0,292500.0,101.3159,2.64415,8,61.63,3904.17
726500.0,323500.0,101.03771,2.92492,8,149.4,198.61
725500.0,323500.0,101.02871,2.92494,8,152.26,11.4
725500.0,371500.0,101.02955,3.35892,8,64.09,81314.88
664500.0,372500.0,100.4807,3.36896,8,44.27,18532.43
683500.0,346500.0,100.65129,3.13355,8,47.39,833.02
683500.0,347500.0,100.65131,3.1426,8,53.81,367.23
685500.0,345500.0,100.66927,3.12448,8,47.16,43479.01
664500.0,366500.0,100.48062,3.31469,8,45.99,14882.39
692500.0,326500.0,100.73197,2.95257,8,40.86,5791.8
693500.0,325500.0,100.74095,2.94351,8,52.24,10769.16
660500.0,359500.0,100.44453,3.25144,8,44.6,47352964.83
661500.0,350500.0,100.45341,3.17003,8,49.46,72216430.6
695500.0,313500.0,100.75877,2.83497,8,58.54,179338014.72
693500.0,354500.0,100.74137,3.20575,8,9.7,21955.93
724500.0,279500.0,101.01906,2.52713,8,70.68,2034405.98
739500.0,315500.0,101.15447,2.85238,8,46.29,28001.21
743500.0,347500.0,101.19101,3.1416,8,28.35,1199521259.45
832500.0,230500.0,101.98869,2.08254,8,47.18,2657922.21
788500.0,243500.0,101.59369,2.20074,8,51.37,3743.33
795500.0,275500.0,101.65712,2.48982,8,52.93,20904355.55
674500.0,348500.0,100.57035,3.15177,8,48.8,6574.91
685500.0,359500.0,100.66947,3.25109,8,32.88,6170.43
829500.0,229500.0,101.96174,2.07356,8,85.34,1655.04
802500.0,282500.0,101.72015,2.55295,8,115.95,200.23
663500.0,358500.0,100.47151,3.24235,8,48.46,10785.29
768500.0,295500.0,101.41483,2.67108,8,137.98,5.72
741500.0,321500.0,101.17255,2.90659,8,80.53,1132.56
823500.0,217500.0,101.90766,1.96523,8,125.94,24280.98
807500.0,269500.0,101.76483,2.43538,8,49.15,5284.56
719500.0,303500.0,100.97445,2.7442,8,32.94,1157.8
667500.0,367500.0,100.50763,3.32369,8,132.44,7526.03
670500.0,367500.0,100.53462,3.32365,8,46.2,53968.21
725500.0,295500.0,101.02828,2.67178,8,142.73,754.35
804500.0,279500.0,101.73806,2.52581,8,10.92,24.1
849500.0,222500.0,102.14121,2.00998,8,49.32,52231.66
676500.0,336500.0,100.58818,3.04322,8,41.09,147544.25
848500.0,211500.0,102.13204,1.91062,8,63.24,58354084.53
839500.0,233500.0,102.05161,2.10953,8,48.91,194802.06
661500.0,353500.0,100.45345,3.19716,8,45.88,23132.61
650500.0,371500.0,100.35469,3.36009,8,49.88,325681.52
676500.0,337500.0,100.5882,3.05226,8,41.18,33125.41
770500.0,187500.0,101.43124,1.69483,8,163.43,55.69
807500.0,238500.0,101.76429,2.15525,8,63.06,464112.63
786500.0,280500.0,101.57634,2.53518,8,51.88,2623.64
629500.0,366500.0,100.16564,3.31511,8,44.76,18578.97
667500.0,370500.0,100.50767,3.35083,8,47.91,2580.0
735500.0,333500.0,101.11881,3.01518,8,139.74,4010.07
798500.0,241500.0,101.68349,2.18251,8,153.27,161873193.49
707500.0,306500.0,100.86659,2.7715,8,52.01,778565.26
734500.0,315500.0,101.10951,2.85246,8,48.44,68790.1
737500.0,314500.0,101.13647,2.84337,8,171.91,765.92
726500.0,304500.0,101.0374,2.75314,8,62.95,64893.54
729500.0,367500.0,101.06546,3.32268,8,62.54,146593.0
702500.0,366500.0,100.82254,3.31412,8,34.71,9675.54
728500.0,277500.0,101.05499,2.50899,8,78.47,256992.85
799500.0,238500.0,101.69243,2.15538,8,61.69,36919.64
813500.0,229500.0,101.81804,2.07382,8,40.24,11759.7
811500.0,275500.0,101.80088,2.48953,8,26.78,28694.87
816500.0,270500.0,101.8457,2.44425,8,161.55,254.72
816500.0,269500.0,101.84569,2.43521,8,128.74,381.7
742500.0,317500.0,101.18148,2.87041,8,38.03,63543.75
742500.0,316500.0,101.18146,2.86137,8,37.98,43411.98
714500.0,284500.0,100.92922,2.57248,8,143.44,1247.73
752500.0,312500.0,101.2713,2.82503,8,6.31,72.91
674500.0,361500.0,100.57053,3.26933,8,47.99,15162.26
729500.0,317500.0,101.06458,2.87062,8,40.59,1919.62
819500.0,178500.0,101.87119,1.6129,8,132.59,17077.68
802500.0,260500.0,101.71975,2.35414,8,68.43,6795.55
760500.0,335500.0,101.34365,3.03279,8,94.07,24.03
684500.0,330500.0,100.66007,2.98885,8,49.72,278629.42
825500.0,242500.0,101.92603,2.19109,8,50.83,12001.88
826500.0,221500.0,101.93466,2.00133,8,127.76,17037.05
817500.0,224500.0,101.85388,2.02858,8,97.06,1958.38
817500.0,222500.0,101.85385,2.01051,8,6.29,19744.53
821500.0,254500.0,101.89032,2.29958,8,50.68,23236.0
654500.0,361500.0,100.39056,3.2696,8,44.64,14317.85
675500.0,339500.0,100.57923,3.07036,8,49.59,98481.81
826500.0,223500.0,101.93469,2.0194,8,146.4,215233.81
826500.0,222500.0,101.93468,2.01036,8,146.27,250932.37
804500.0,234500.0,101.73728,2.11915,8,53.87,387.79
717500.0,299500.0,100.95641,2.70806,8,56.86,45904.74
644500.0,354500.0,100.3005,3.20641,8,170.35,9812.2
778500.0,187500.0,101.5031,1.69474,8,34.04,127.54
778500.0,287500.0,101.50457,2.59859,8,56.68,1744.29
782500.0,277500.0,101.54034,2.50813,8,89.76,149.44
729500.0,316500.0,101.06457,2.86158,8,129.51,1944.57
840500.0,205500.0,102.06012,1.85655,8,67.1,15155.09
835500.0,207500.0,102.01526,1.8747,8,158.73,6988.61
684500.0,345500.0,100.66027,3.1245,8,48.21,82863.55
814500.0,216500.0,101.82682,1.95634,8,76.88,354.35
829500.0,259500.0,101.96227,2.34461,8,174.48,53.06
731500.0,318500.0,101.08259,2.87963,8,141.06,1.23
706500.0,321500.0,100.85781,2.90715,8,41.3,7222.04
691500.0,329500.0,100.72302,2.97971,8,49.32,13618.04
692500.0,333500.0,100.73207,3.01587,8,51.31,74146.2
676500.0,372500.0,100.58868,3.36878,8,25.7,8120.18
727500.0,324500.0,101.04671,2.93395,8,49.14,3377.91
758500.0,312500.0,101.32524,2.82492,8,106.56,414.9
819500.0,215500.0,101.87171,1.94723,8,0.79,73063375.2
831500.0,229500.0,101.9797,2.07353,8,29.72,327362.52
811500.0,231500.0,101.80011,2.09193,8,61.47,11629.13
834500.0,237500.0,102.00678,2.14575,8,52.84,58465.51
805500.0,268500.0,101.74684,2.42638,8,46.98,566.92
