cell_x,cell_y,cell_lon,cell_lat,points,direction_deg,anisotropy
167500.0,3889500.0,119.35292,35.09349,2466,71.63,1.41
182500.0,3850500.0,119.53199,34.74729,1964,22.42,27.12
186500.0,3916500.0,119.5507,35.3426,1920,130.86,5.84
179500.0,3849500.0,119.49965,34.73735,1779,179.98,12.35
180500.0,3849500.0,119.51056,34.73767,1730,16.05,18.07
258500.0,3992500.0,120.31917,36.04711,1729,170.07,11.91
251500.0,3990500.0,120.24218,36.02734,1609,43.06,8.19
176500.0,3850500.0,119.46656,34.74541,1451,160.83,25.06
167500.0,3888500.0,119.35332,35.08449,1427,100.12,1.52
167500.0,3887500.0,119.35372,35.0755,1422,137.25,2.18
177500.0,3850500.0,119.47747,34.74573,1411,158.79,16.4
204500.0,3818500.0,119.78309,34.46578,1392,85.0,3.24
184500.0,3851500.0,119.55343,34.75691,1342,25.1,32.13
174500.0,3851500.0,119.44437,34.75377,1341,171.47,9.43
173500.0,3851500.0,119.43346,34.75346,1332,3.64,13.89
257500.0,3995500.0,120.30716,36.07388,1325,123.21,1.16
169500.0,3887500.0,119.37561,35.07615,1317,152.1,11.04
181500.0,3850500.0,119.52108,34.74698,1307,19.45,20.81
172500.0,3851500.0,119.42256,34.75314,1295,2.36,10.82
187500.0,3915500.0,119.56207,35.33391,1214,143.26,4.66
250500.0,3989500.0,120.23141,36.01808,1142,34.65,5.85
178500.0,3849500.0,119.48875,34.73704,1138,163.15,30.3
175500.0,3850500.0,119.45566,34.74509,1134,174.17,2.38
170500.0,3887500.0,119.38656,35.07648,1133,156.61,2.91
256500.0,3990500.0,120.29761,36.0286,1098,167.02,14.77
257500.0,3990500.0,120.3087,36.02885,1081,165.34,16.08
183500.0,3911500.0,119.51968,35.29665,1077,123.42,12.95
258500.0,3990500.0,120.31978,36.0291,1054,161.41,7.59
180500.0,3914500.0,119.48557,35.3227,1020,82.57,1.32
186500.0,3852500.0,119.57487,34.76653,1007,25.75,26.93
208500.0,3824500.0,119.82452,34.52094,1003,56.68,179.43
247500.0,3987500.0,120.19879,35.9993,1001,26.51,4.66
263500.0,3992500.0,120.37462,36.04834,995,55.3,9.12
188500.0,3853500.0,119.59631,34.77615,991,25.31,25.73
210500.0,3942500.0,119.80513,35.58392,984,91.13,5.4
185500.0,3917500.0,119.53933,35.35129,974,100.31,6.87
255500.0,3991500.0,120.28621,36.03736,969,164.95,6.88
255500.0,3995500.0,120.28498,36.07338,966,87.5,3.42
256500.0,3996500.0,120.29576,36.08264,960,171.44,2.73
209500.0,3826500.0,119.83472,34.53923,950,57.46,53.94
189500.0,3853500.0,119.60722,34.77645,943,26.07,97.53
185500.0,3918500.0,119.53895,35.36029,937,84.37,3.16
252500.0,3991500.0,120.25295,36.0366,931,25.66,4.1
257500.0,3992500.0,120.30808,36.04686,914,179.95,13.01
258500.0,3993500.0,120.31887,36.05612,910,58.14,1.4
260500.0,3989500.0,120.34226,36.02059,877,167.22,44.32
259500.0,3989500.0,120.33118,36.02034,875,161.84,5.71
255500.0,3996500.0,120.28467,36.08239,867,36.44,3.24
209500.0,3943500.0,119.79375,35.59263,863,176.83,1.53
207500.0,3823500.0,119.81399,34.51165,838,55.86,145.87
169500.0,3886500.0,119.37601,35.06715,834,163.21,19.45
183500.0,3850500.0,119.54289,34.7476,820,24.38,23.32
205500.0,3820500.0,119.79327,34.48407,815,54.9,17.77
173500.0,3854500.0,119.4323,34.78046,812,34.18,3.05
183500.0,3851500.0,119.54252,34.7566,795,26.6,35.73
249500.0,3989500.0,120.22032,36.01782,795,31.39,2.95
168500.0,3886500.0,119.36507,35.06683,786,155.8,10.68
189500.0,3841500.0,119.61164,34.66843,773,77.16,14.04
185500.0,3851500.0,119.56433,34.75722,770,25.78,34.3
170500.0,3886500.0,119.38696,35.06748,769,162.5,3.34
264500.0,3993500.0,120.38542,36.05759,766,36.02,4.71
205500.0,3814500.0,119.79533,34.43005,762,73.0,8.01
176500.0,3892500.0,119.45029,35.12342,761,97.23,1.25
209500.0,3825500.0,119.83506,34.53023,759,56.77,119.59
187500.0,3852500.0,119.58578,34.76684,755,23.27,60.02
205500.0,3819500.0,119.79361,34.47507,742,56.0,29.99
253500.0,3991500.0,120.26404,36.03685,741,165.71,4.38
184500.0,3909500.0,119.53142,35.27897,736,131.88,4.46
205500.0,3815500.0,119.79499,34.43905,735,89.65,13.28
188500.0,3915500.0,119.57305,35.33423,725,150.56,29.27
189500.0,3840500.0,119.61201,34.65942,725,74.86,20.31
183500.0,3910500.0,119.52006,35.28765,718,128.53,8.22
257500.0,3989500.0,120.309,36.01985,717,161.63,23.81
262500.0,3991500.0,120.36383,36.03909,715,35.13,6.14
249500.0,3988500.0,120.22064,36.00882,710,31.97,5.84
169500.0,3888500.0,119.37521,35.08515,709,118.84,5.47
191500.0,3929500.0,119.60071,35.46117,708,165.1,1.3
187500.0,3907500.0,119.56511,35.26191,706,161.73,10.87
248500.0,3988500.0,120.20955,36.00856,703,40.05,10.06
189500.0,3839500.0,119.61237,34.65042,695,14.45,1.71
188500.0,3837500.0,119.60221,34.63212,690,90.68,3.74
171500.0,3885500.0,119.3983,35.05881,687,150.41,9.3
254500.0,3991500.0,120.27513,36.03711,687,156.44,4.6
180500.0,3915500.0,119.48518,35.3317,681,160.03,1.18
257500.0,3996500.0,120.30686,36.08289,674,19.06,4.88
259500.0,3990500.0,120.33087,36.02935,673,170.54,6.91
261500.0,3989500.0,120.35335,36.02083,673,166.19,24.18
258500.0,3989500.0,120.32009,36.02009,672,167.21,9.15
205500.0,3816500.0,119.79465,34.44806,671,106.3,30.56
204500.0,3817500.0,119.78343,34.45677,670,107.7,25.97
251500.0,3989500.0,120.24249,36.01833,664,72.17,2.2
256500.0,3995500.0,120.29607,36.07363,664,108.96,1.08
178500.0,3842500.0,119.49142,34.67403,664,114.31,2.98
171500.0,3851500.0,119.41165,34.75281,662,2.84,4.99
173500.0,3900500.0,119.41427,35.19445,661,134.19,13.75
193500.0,3934500.0,119.62083,35.50679,632,113.28,1.58
259500.0,3992500.0,120.33026,36.04736,629,1.01,2.83
169500.0,3851500.0,119.38984,34.75217,625,175.22,9.31
175500.0,3883500.0,119.44286,35.0421,623,170.63,16.22
210500.0,3827500.0,119.84526,34.54852,621,56.62,84.86
181500.0,3849500.0,119.52146,34.73798,620,21.95,28.41
255500.0,3994500.0,120.28529,36.06438,614,55.65,2.46
252500.0,3987500.0,120.2542,36.00058,613,56.76,4.0
185500.0,3835500.0,119.57028,34.6132,609,6.54,4.31
189500.0,3842500.0,119.61127,34.67743,604,78.21,11.78
184500.0,3910500.0,119.53104,35.28797,602,156.48,4.3
177500.0,3849500.0,119.47785,34.73673,590,153.6,6.45
170500.0,3896500.0,119.38298,35.15747,590,116.52,1.24
256500.0,3991500.0,120.2973,36.03761,586,173.84,5.98
193500.0,3853500.0,119.65086,34.77766,585,65.66,7.42
204500.0,3819500.0,119.78274,34.47478,584,53.69,4.43
254500.0,3989500.0,120.27575,36.01909,584,39.35,4.15
175500.0,3891500.0,119.43973,35.1141,581,60.02,9.45
252500.0,3990500.0,120.25326,36.02759,579,28.84,9.06
206500.0,3821500.0,119.8038,34.49336,576,56.42,141.02
201500.0,3860500.0,119.73567,34.84306,574,24.44,28.18
186500.0,3835500.0,119.58117,34.6135,574,18.6,14.37
174500.0,3889500.0,119.42956,35.09578,572,153.11,2.57
275500.0,3984500.0,120.50999,35.97912,566,168.32,13.06
180500.0,3850500.0,119.51018,34.74667,558,11.32,5.42
175500.0,3851500.0,119.45527,34.75409,550,156.72,7.74
207500.0,3822500.0,119.81433,34.50265,549,56.68,75.99
256500.0,3992500.0,120.29699,36.04661,548,113.39,1.93
190500.0,3854500.0,119.61777,34.78576,545,23.05,16.79
190500.0,3872500.0,119.61112,34.94779,544,170.72,7.7
265500.0,3987500.0,120.39829,36.00379,544,162.72,20.96
212500.0,3830500.0,119.86601,34.57609,541,68.25,3.49
261500.0,3991500.0,120.35275,36.03885,541,1.37,13.35
189500.0,3914500.0,119.58441,35.32554,532,150.11,14.43
164500.0,3879500.0,119.32411,35.00251,530,153.33,10.25
174500.0,3850500.0,119.44475,34.74477,525,19.82,3.64
255500.0,3990500.0,120.28652,36.02835,525,172.43,8.6
172500.0,3885500.0,119.40924,35.05913,517,150.19,12.73
190500.0,3844500.0,119.62144,34.69574,516,73.65,67.47
210500.0,3943500.0,119.80477,35.59292,515,100.87,3.95
204500.0,3893500.0,119.75672,35.14103,514,32.69,6.06
191500.0,3928500.0,119.60109,35.45217,510,129.46,1.59
252500.0,3993500.0,120.25232,36.05461,506,107.88,3.42
250500.0,3990500.0,120.23109,36.02708,504,29.58,3.24
193500.0,3912500.0,119.62909,35.30877,504,150.87,30.29
172500.0,3905500.0,119.40132,35.23912,500,178.71,1.11
266500.0,3987500.0,120.40937,36.00403,500,163.62,2.25
183500.0,3913500.0,119.5189,35.31466,499,77.47,1.53
175500.0,3893500.0,119.43895,35.1321,497,157.94,9.09
175500.0,3889500.0,119.44051,35.0961,488,171.43,5.24
272500.0,3985500.0,120.47646,35.98744,482,165.26,14.93
258500.0,3988500.0,120.3204,36.01109,481,143.0,24.34
248500.0,3987500.0,120.20987,35.99955,479,36.58,8.21
168500.0,3889500.0,119.36387,35.09382,477,66.85,1.55
181500.0,3873500.0,119.51235,34.954,477,177.83,81.93
185500.0,3852500.0,119.56396,34.76622,476,28.46,12.64
174500.0,3883500.0,119.43192,35.04178,472,166.75,10.45
269500.0,3986500.0,120.44292,35.99574,469,164.59,3.55
253500.0,3992500.0,120.26373,36.04586,468,116.16,2.11
254500.0,3993500.0,120.27451,36.05512,468,72.64,5.54
182500.0,3913500.0,119.50792,35.31434,465,112.86,2.49
175500.0,3884500.0,119.44247,35.0511,463,173.03,37.79
192500.0,3851500.0,119.64068,34.75936,459,67.34,8.49
176500.0,3883500.0,119.4538,35.04242,454,167.5,29.25
193500.0,3855500.0,119.65014,34.79567,453,25.89,3.3
197500.0,3858500.0,119.69271,34.82387,452,30.06,4.25
260500.0,3986500.0,120.34317,35.99357,449,117.4,34.75
175500.0,3849500.0,119.45604,34.73609,446,63.22,3.08
282500.0,3984500.0,120.58757,35.98071,443,161.81,6.07
170500.0,3885500.0,119.38735,35.05848,443,154.03,30.04
276500.0,3984500.0,120.52107,35.97935,442,154.78,6.52
285500.0,3983500.0,120.62108,35.97237,441,174.48,3.91
174500.0,3890500.0,119.42917,35.10478,439,157.44,1.44
254500.0,3994500.0,120.27419,36.06412,439,72.86,7.45
182500.0,3912500.0,119.50831,35.30534,438,102.14,5.92
186500.0,3907500.0,119.55414,35.2616,438,153.97,41.66
187500.0,3835500.0,119.59206,34.61381,437,48.1,8.02
185500.0,3908500.0,119.54278,35.27028,437,144.85,10.44
281500.0,3984500.0,120.57648,35.98049,434,161.81,16.74
268500.0,3986500.0,120.43183,35.9955,434,169.88,2.29
255500.0,3989500.0,120.28683,36.01935,434,7.74,6.31
254500.0,3992500.0,120.27482,36.04611,433,108.54,5.85
256500.0,3994500.0,120.29638,36.06463,432,178.37,1.78
253500.0,3993500.0,120.26341,36.05486,431,62.97,4.26
173500.0,3884500.0,119.42058,35.05046,430,162.62,7.66
252500.0,3992500.0,120.25264,36.04561,426,63.12,4.54
206500.0,3905500.0,119.77436,35.24965,426,144.97,17.43
250500.0,3996500.0,120.2292,36.08112,426,138.66,2.27
193500.0,3852500.0,119.65123,34.76866,423,65.4,5.34
180500.0,3873500.0,119.50142,34.95369,422,175.23,45.79
251500.0,3991500.0,120.24186,36.03635,421,34.46,2.16
184500.0,3908500.0,119.53181,35.26997,419,141.78,9.05
208500.0,3904500.0,119.79667,35.24123,419,147.77,28.8
190500.0,3845500.0,119.62107,34.70474,417,71.06,6.75
177500.0,3844500.0,119.47976,34.69172,417,152.92,1.64
174500.0,3894500.0,119.4276,35.14078,417,142.77,5.96
190500.0,3914500.0,119.5954,35.32585,417,147.29,8.64
284500.0,3983500.0,120.61,35.97215,416,1.08,30.95
181500.0,3855500.0,119.51919,34.79199,413,178.5,6.44
169500.0,3894500.0,119.37282,35.13915,411,97.61,1.29
173500.0,3883500.0,119.42098,35.04146,411,165.03,7.8
172500.0,3901500.0,119.40291,35.20312,410,59.67,1.25
188500.0,3838500.0,119.60185,34.64112,409,78.75,8.3
206500.0,3906500.0,119.77401,35.25865,407,174.78,3.98
199500.0,3892500.0,119.70228,35.13055,401,7.1,29.95
214500.0,3944500.0,119.8485,35.60308,401,163.69,1.98
210500.0,3941500.0,119.80549,35.57492,400,79.69,25.21
189500.0,3884500.0,119.59571,35.0555,398,42.64,14.48
200500.0,3892500.0,119.71324,35.13085,395,4.52,64.16
192500.0,3912500.0,119.61811,35.30846,394,149.45,21.59
191500.0,3913500.0,119.60676,35.31716,394,150.19,110.43
174500.0,3884500.0,119.43153,35.05078,393,173.17,34.33
170500.0,3851500.0,119.40075,34.75249,393,2.23,8.55
254500.0,3996500.0,120.27357,36.08213,391,76.72,2.24
182500.0,3873500.0,119.52328,34.95432,390,179.4,52.91
188500.0,3923500.0,119.57,35.40623,389,13.58,2.81
185500.0,3919500.0,119.53856,35.36929,386,86.07,1.93
273500.0,3985500.0,120.48754,35.98767,386,148.03,2.03
228500.0,3940500.0,120.00419,35.57101,386,56.36,4.84
187500.0,3883500.0,119.57419,35.04588,385,177.23,65.48
181500.0,3912500.0,119.49733,35.30502,382,138.04,72.24
194500.0,3912500.0,119.64007,35.30907,382,170.8,2.42
182500.0,3915500.0,119.50715,35.33234,378,143.56,1.14
274500.0,3985500.0,120.49862,35.9879,377,166.21,28.65
178500.0,3841500.0,119.4918,34.66503,377,116.06,2.4
171500.0,3886500.0,119.3979,35.06781,376,155.38,6.34
186500.0,3919500.0,119.54955,35.3696,375,72.91,3.85
264500.0,3987500.0,120.3872,36.00355,373,162.12,9.6
163500.0,3879500.0,119.31317,35.00218,373,165.3,11.4
168500.0,3838500.0,119.38404,34.63485,372,31.84,57.47
180500.0,3913500.0,119.48596,35.3137,371,133.23,10.8
188500.0,3907500.0,119.57609,35.26222,370,156.92,66.99
254500.0,3990500.0,120.27544,36.0281,370,171.63,4.45
253500.0,3987500.0,120.26528,36.00083,369,121.55,2.54
175500.0,3892500.0,119.43934,35.1231,367,58.01,4.32
201500.0,3892500.0,119.7242,35.13114,367,2.13,27.73
176500.0,3890500.0,119.45107,35.10542,366,175.47,2.2
188500.0,3839500.0,119.60148,34.65012,366,63.42,8.7
270500.0,3986500.0,120.454,35.99597,364,163.94,27.82
168500.0,3851500.0,119.37894,34.75184,363,169.55,12.11
191500.0,3872500.0,119.62205,34.9481,360,176.34,3.95
262500.0,3989500.0,120.36444,36.02108,359,166.03,16.12
267500.0,3986500.0,120.42075,35.99526,358,178.48,7.2
188500.0,3906500.0,119.57647,35.25322,356,154.0,12.49
172500.0,3884500.0,119.40964,35.05013,350,152.23,11.07
208500.0,3825500.0,119.82418,34.52995,350,56.23,162.26
203500.0,3898500.0,119.74396,35.18575,350,155.94,42.71
179500.0,3850500.0,119.49927,34.74636,350,4.58,6.23
190500.0,3843500.0,119.6218,34.68673,349,71.91,19.06
201500.0,3891500.0,119.72456,35.12214,348,4.32,5.49
186500.0,3917500.0,119.55032,35.3516,348,121.86,10.17
271500.0,3985500.0,120.46537,35.9872,348,166.58,18.03
182500.0,3911500.0,119.5087,35.29634,347,133.81,9.61
259500.0,3988500.0,120.33148,36.01134,346,124.58,6.69
253500.0,3988500.0,120.26497,36.00984,346,53.72,8.57
176500.0,3874500.0,119.4573,34.96142,344,158.42,108.16
203500.0,3861500.0,119.75715,34.85264,342,25.3,107.26
187500.0,3923500.0,119.55901,35.40592,340,128.79,2.01
217500.0,3925500.0,119.88819,35.43288,340,123.37,39.69
186500.0,3883500.0,119.56325,35.04557,339,175.36,107.95
193500.0,3908500.0,119.63059,35.27276,339,163.64,2.14
288500.0,3981500.0,120.65486,35.955,338,165.59,36.83
195500.0,3856500.0,119.6716,34.80527,338,28.66,26.66
263500.0,3988500.0,120.37582,36.01231,337,164.44,30.19
179500.0,3873500.0,119.49048,34.95337,336,174.66,42.52
290500.0,3980500.0,120.67729,35.94643,334,167.3,2.45
252500.0,3986500.0,120.25451,35.99157,332,85.64,5.18
207500.0,3906500.0,119.78498,35.25895,329,149.17,3.0
260500.0,3991500.0,120.34166,36.0386,329,167.64,18.37
173500.0,3891500.0,119.41783,35.11345,328,119.65,1.6
187500.0,3834500.0,119.59243,34.6048,328,103.48,3.14
192500.0,3850500.0,119.64105,34.75035,326,67.97,5.68
167500.0,3878500.0,119.35732,34.9945,325,156.9,29.94
174500.0,3854500.0,119.44321,34.78078,325,13.32,5.99
262500.0,3988500.0,120.36474,36.01207,324,162.15,20.35
286500.0,3981500.0,120.63271,35.95457,324,148.69,11.13
196500.0,3904500.0,119.66499,35.23767,324,99.05,3.42
184500.0,3883500.0,119.54136,35.04495,322,174.84,60.42
170500.0,3895500.0,119.38338,35.14847,322,115.39,1.59
211500.0,3829500.0,119.85547,34.56681,322,64.19,4.72
163500.0,3882500.0,119.31196,35.02918,321,95.87,31.66
249500.0,3995500.0,120.21842,36.07185,321,93.09,3.17
172500.0,3895500.0,119.40529,35.14913,320,146.48,3.27
168500.0,3888500.0,119.36427,35.08482,320,112.6,2.34
175500.0,3894500.0,119.43855,35.1411,319,154.19,7.65
249500.0,3996500.0,120.2181,36.08086,319,49.92,1.53
265500.0,3991500.0,120.3971,36.03982,316,2.55,15.09
197500.0,3856500.0,119.69343,34.80586,316,24.86,3.99
212500.0,3931500.0,119.83107,35.48547,316,145.96,3.06
177500.0,3874500.0,119.46823,34.96174,315,156.9,54.86
176500.0,3884500.0,119.45342,35.05142,315,170.91,24.68
256500.0,3989500.0,120.29792,36.0196,313,165.1,32.02
261500.0,3988500.0,120.35365,36.01183,312,163.13,32.2
163500.0,3868500.0,119.31761,34.90319,312,176.99,23.77
249500.0,3997500.0,120.21779,36.08986,312,114.49,7.36
169500.0,3891500.0,119.37402,35.11215,311,125.4,1.44
254500.0,3995500.0,120.27388,36.07313,311,70.92,3.01
289500.0,3981500.0,120.66594,35.95522,309,167.63,36.95
259500.0,3991500.0,120.33057,36.03835,307,164.01,41.21
175500.0,3875500.0,119.44598,34.9701,306,157.73,199.42
171500.0,3899500.0,119.39274,35.1848,306,75.1,4.77
169500.0,3885500.0,119.37641,35.05815,305,149.55,35.4
205500.0,3862500.0,119.77865,34.86223,304,22.77,69.47
188500.0,3883500.0,119.58514,35.04619,303,11.26,6.39
291500.0,3980500.0,120.68837,35.94664,303,169.82,6.97
290500.0,3982500.0,120.67676,35.96444,303,166.7,5.82
182500.0,3855500.0,119.5301,34.7923,302,1.44,43.58
199500.0,3859500.0,119.71418,34.83346,302,27.41,37.43
199500.0,3857500.0,119.7149,34.81546,302,25.17,31.6
202500.0,3899500.0,119.73263,35.19446,302,151.19,20.09
210500.0,3936500.0,119.80727,35.5299,302,95.94,25.15
166500.0,3878500.0,119.34638,34.99417,301,155.33,64.07
172500.0,3889500.0,119.40766,35.09513,301,50.46,2.69
204500.0,3861500.0,119.76807,34.85293,301,24.52,120.17
170500.0,3890500.0,119.38537,35.10348,301,139.6,2.8
185500.0,3834500.0,119.57065,34.60419,301,4.23,3.14
271500.0,3986500.0,120.46509,35.99621,301,165.19,76.8
171500.0,3887500.0,119.39751,35.07681,300,30.72,7.28
209500.0,3941500.0,119.79447,35.57462,300,44.04,4.27
174500.0,3875500.0,119.43505,34.96978,299,158.83,72.34
212500.0,3929500.0,119.83178,35.46746,299,129.16,24.52
216500.0,3926500.0,119.87684,35.4416,299,156.48,1.7
277500.0,3984500.0,120.53215,35.97958,298,145.35,4.6
178500.0,3850500.0,119.48837,34.74604,298,175.45,10.01
174500.0,3888500.0,119.42996,35.08678,298,8.3,14.48
261500.0,3985500.0,120.35455,35.98481,298,101.36,1.4
215500.0,3944500.0,119.85953,35.60337,297,4.12,2.12
215500.0,3926500.0,119.86584,35.44132,297,123.82,31.99
179500.0,3914500.0,119.47459,35.32238,296,117.16,1.31
183500.0,3912500.0,119.51929,35.30565,296,103.24,13.28
179500.0,3889500.0,119.48432,35.09738,296,3.2,9.47
180500.0,3855500.0,119.50828,34.79167,295,170.42,4.27
190500.0,3835500.0,119.62473,34.61472,294,91.13,2.35
209500.0,3904500.0,119.80764,35.24152,294,153.51,6.64
172500.0,3887500.0,119.40845,35.07713,293,98.55,1.64
174500.0,3893500.0,119.42799,35.13178,293,162.3,34.62
191500.0,3854500.0,119.62868,34.78606,293,24.98,7.89
210500.0,3937500.0,119.80692,35.5389,292,100.62,5.77
210500.0,3935500.0,119.80763,35.5209,291,93.85,40.09
251500.0,3995500.0,120.24061,36.07237,291,123.33,6.12
177500.0,3883500.0,119.46475,35.04274,291,177.72,8.09
257500.0,3977500.0,120.31267,35.91177,290,42.35,65.33
213500.0,3929500.0,119.84278,35.46775,290,133.52,19.02
207500.0,3895500.0,119.78889,35.15991,289,37.18,9.69
174500.0,3852500.0,119.44398,34.76278,288,39.19,1.87
218500.0,3902500.0,119.9071,35.22608,288,4.05,17.63
202500.0,3860500.0,119.74659,34.84335,287,28.13,22.59
176500.0,3898500.0,119.44794,35.17742,287,146.72,57.85
173500.0,3890500.0,119.41822,35.10445,285,169.03,1.43
214500.0,3945500.0,119.84815,35.61209,285,100.97,2.91
286500.0,3983500.0,120.63217,35.97259,284,2.93,5.6
266500.0,3992500.0,120.4079,36.04907,284,18.82,11.42
207500.0,3905500.0,119.78534,35.24994,284,153.67,20.97
292500.0,3980500.0,120.69945,35.94685,283,162.65,35.92
204500.0,3862500.0,119.76772,34.86194,283,34.74,3.81
185500.0,3883500.0,119.5523,35.04526,282,174.39,51.61
175500.0,3882500.0,119.44325,35.0331,282,173.1,2.63
193500.0,3854500.0,119.6505,34.78666,282,95.36,2.24
199500.0,3908500.0,119.69645,35.27458,282,123.18,10.16
314500.0,3995500.0,120.93969,36.08643,282,21.63,3.58
173500.0,3888500.0,119.41901,35.08645,281,29.43,2.86
167500.0,3886500.0,119.35412,35.0665,281,155.92,18.43
186500.0,3889500.0,119.56098,35.09958,281,160.75,2.47
301500.0,3976500.0,120.80016,35.91269,281,125.12,6.81
205500.0,3894500.0,119.76732,35.15033,281,48.61,25.87
214500.0,3946500.0,119.8478,35.62109,281,94.63,3.55
189500.0,3837500.0,119.61311,34.63242,279,169.25,1.61
187500.0,3853500.0,119.5854,34.77584,279,7.6,6.75
178500.0,3883500.0,119.47569,35.04306,279,175.15,14.49
177500.0,3884500.0,119.46436,35.05174,278,170.07,13.03
216500.0,3942500.0,119.87125,35.58565,278,131.37,17.75
195500.0,3857500.0,119.67124,34.81427,277,27.9,23.16
180500.0,3889500.0,119.49527,35.0977,277,173.67,4.45
285500.0,3982500.0,120.62136,35.96336,275,166.03,17.26
183500.0,3855500.0,119.54101,34.79261,275,161.45,4.28
287500.0,3983500.0,120.64325,35.9728,274,7.64,7.12
171500.0,3850500.0,119.41204,34.74381,274,59.11,11.13
191500.0,3847500.0,119.63124,34.72305,273,67.84,9.46
290500.0,3981500.0,120.67702,35.95544,273,165.56,41.47
284500.0,3982500.0,120.61027,35.96314,271,167.87,15.89
215500.0,3943500.0,119.85988,35.59437,271,135.65,6.27
205500.0,3905500.0,119.76339,35.24936,271,146.98,7.27
212500.0,3930500.0,119.83142,35.47647,271,122.27,6.46
202500.0,3892500.0,119.73516,35.13144,270,17.46,4.05
211500.0,3828500.0,119.8558,34.5578,269,56.05,67.26
195500.0,3911500.0,119.65143,35.30038,269,72.46,5.3
196500.0,3857500.0,119.68215,34.81457,268,32.95,13.38
289500.0,3982500.0,120.66568,35.96423,268,161.99,1.58
202500.0,3891500.0,119.73552,35.12244,268,75.73,3.22
252500.0,3994500.0,120.25201,36.06362,268,122.53,6.52
220500.0,3947500.0,119.91361,35.63181,268,83.69,2.8
168500.0,3887500.0,119.36467,35.07582,267,174.31,2.88
186500.0,3918500.0,119.54993,35.3606,267,88.02,1.25
205500.0,3893500.0,119.76768,35.14132,267,39.81,24.6
171500.0,3884500.0,119.39869,35.04981,265,148.2,60.95
197500.0,3901500.0,119.67707,35.21097,265,144.74,11.4
214500.0,3928500.0,119.85414,35.45904,265,129.82,11.89
194500.0,3857500.0,119.66032,34.81397,264,28.35,5.08
174500.0,3882500.0,119.43231,35.03278,264,150.73,7.18
189500.0,3854500.0,119.60685,34.78545,263,32.89,11.69
263500.0,3991500.0,120.37492,36.03933,263,75.14,1.87
185500.0,3920500.0,119.53818,35.37829,262,40.37,1.84
173500.0,3853500.0,119.43269,34.77146,262,19.84,1.79
264500.0,3985500.0,120.3878,35.98554,262,176.09,3.22
194500.0,3891500.0,119.64786,35.12004,261,7.74,31.04
273500.0,3986500.0,120.48725,35.99668,261,165.59,18.73
255500.0,3993500.0,120.2856,36.05537,261,80.1,2.34
293500.0,3980500.0,120.71052,35.94707,260,163.86,67.6
295500.0,3979500.0,120.73294,35.93848,260,163.94,100.86
185500.0,3916500.0,119.53971,35.34229,259,103.13,3.21
246500.0,3987500.0,120.18771,35.99904,259,142.68,2.61
176500.0,3893500.0,119.4499,35.13242,259,158.88,8.79
254500.0,3988500.0,120.27606,36.01009,259,57.68,1.56
265500.0,3992500.0,120.39681,36.04882,259,5.8,11.12
210500.0,3939500.0,119.8062,35.55691,259,98.14,42.49
287500.0,3981500.0,120.64378,35.95479,258,168.68,27.17
173500.0,3893500.0,119.41704,35.13145,258,162.38,14.68
200500.0,3860500.0,119.72475,34.84276,258,24.23,19.07
270500.0,3987500.0,120.45371,36.00498,258,163.25,75.32
294500.0,3980500.0,120.7216,35.94728,258,165.75,245.7
266500.0,3986500.0,120.40967,35.99503,258,173.61,28.52
189500.0,3836500.0,119.61347,34.62342,257,101.76,2.24
304500.0,3964500.0,120.83633,35.80517,257,33.21,4.17
213500.0,3831500.0,119.87656,34.58538,256,32.06,20.79
190500.0,3856500.0,119.61703,34.80376,256,52.27,6.85
187500.0,3906500.0,119.56549,35.25291,256,148.85,22.72
210500.0,3903500.0,119.81897,35.23281,256,166.11,7.0
260500.0,3987500.0,120.34287,36.00258,255,118.74,24.41
163500.0,3883500.0,119.31156,35.03817,254,104.19,40.59
304500.0,3978500.0,120.83289,35.93131,254,168.28,134.46
195500.0,3858500.0,119.67087,34.82327,253,41.44,24.35
219500.0,3920500.0,119.91191,35.38843,253,70.86,9.8
218500.0,3922500.0,119.90023,35.40616,252,119.13,38.84
166500.0,3888500.0,119.34237,35.08416,251,138.99,2.39
175500.0,3890500.0,119.44012,35.1051,251,48.09,3.23
188500.0,3914500.0,119.57343,35.32523,251,147.61,6.98
176500.0,3891500.0,119.45068,35.11442,250,68.25,2.06
188500.0,3887500.0,119.58364,35.0822,250,129.87,3.49
196500.0,3858500.0,119.68179,34.82357,249,29.47,52.4
280500.0,3983500.0,120.56568,35.97125,249,161.33,22.52
173500.0,3895500.0,119.41625,35.14945,249,152.88,7.63
178500.0,3892500.0,119.4722,35.12406,249,154.95,7.09
185500.0,3889500.0,119.55003,35.09927,249,172.03,26.44
202500.0,3861500.0,119.74623,34.85235,248,24.58,3.24
178500.0,3873500.0,119.47955,34.95306,247,162.75,46.69
257500.0,3991500.0,120.30839,36.03786,247,163.27,8.34
214500.0,3931500.0,119.85309,35.48605,247,171.97,2.45
206500.0,3891500.0,119.77935,35.12361,247,13.59,8.64
195500.0,3891500.0,119.65882,35.12034,246,6.03,28.04
231500.0,3944500.0,120.03593,35.60785,245,57.63,13.05
264500.0,3986500.0,120.3875,35.99454,245,172.54,7.96
210500.0,3940500.0,119.80584,35.56591,243,91.19,72.73
217500.0,3902500.0,119.89613,35.2258,243,3.66,116.12
272500.0,3986500.0,120.47617,35.99644,243,166.0,71.35
210500.0,3934500.0,119.80799,35.5119,243,91.14,6.69
269500.0,3987500.0,120.44263,36.00475,242,153.97,7.05
268500.0,3985500.0,120.43213,35.9865,242,20.53,12.63
287500.0,3982500.0,120.64352,35.9638,241,168.92,23.86
309500.0,3979500.0,120.88804,35.94131,241,163.93,11.09
205500.0,3906500.0,119.76303,35.25836,240,160.82,16.77
192500.0,3855500.0,119.63922,34.79536,239,19.43,11.47
172500.0,3896500.0,119.40489,35.15813,238,152.36,1.33
182500.0,3914500.0,119.50754,35.32334,238,88.57,2.92
279500.0,3983500.0,120.5546,35.97103,237,162.49,18.88
178500.0,3884500.0,119.4753,35.05206,237,173.62,21.34
179500.0,3883500.0,119.48664,35.04338,237,174.22,33.84
173500.0,3887500.0,119.4194,35.07745,236,66.26,1.67
189500.0,3872500.0,119.60018,34.94748,236,161.27,11.08
208500.0,3905500.0,119.79631,35.25023,235,158.02,43.28
182500.0,3908500.0,119.50986,35.26934,235,30.91,1.98
264500.0,3991500.0,120.38601,36.03958,234,11.6,4.82
291500.0,3981500.0,120.6881,35.95565,234,165.08,106.38
181500.0,3884500.0,119.50814,35.05301,234,173.61,46.0
253500.0,3994500.0,120.2631,36.06387,233,70.7,4.67
253500.0,3986500.0,120.2656,35.99183,232,55.43,2.58
177500.0,3892500.0,119.46125,35.12374,231,143.58,4.66
185500.0,3909500.0,119.5424,35.27928,230,143.0,3.03
285500.0,3981500.0,120.62163,35.95435,230,4.03,6.72
186500.0,3909500.0,119.55338,35.2796,230,12.19,1.6
274500.0,3984500.0,120.49891,35.97889,230,157.48,6.89
230500.0,3911500.0,120.03583,35.31042,230,138.98,5.08
177500.0,3891500.0,119.46164,35.11474,229,109.37,1.82
173500.0,3885500.0,119.42019,35.05946,229,160.06,4.29
203500.0,3893500.0,119.74576,35.14074,229,31.1,32.16
192500.0,3907500.0,119.61999,35.26346,229,166.7,10.96
175500.0,3899500.0,119.43659,35.1861,229,144.72,68.62
286500.0,3982500.0,120.63244,35.96358,228,175.35,19.03
216500.0,3908500.0,119.88308,35.27954,228,72.06,13.46
283500.0,3984500.0,120.59865,35.98093,227,172.71,4.33
194500.0,3854500.0,119.66141,34.78696,227,43.0,15.96
183500.0,3873500.0,119.53421,34.95463,226,176.38,32.84
190500.0,3855500.0,119.6174,34.79476,226,43.69,10.96
200500.0,3907500.0,119.70779,35.26588,226,150.87,10.14
259500.0,3987500.0,120.33178,36.00233,225,126.46,11.31
176500.0,3854500.0,119.46502,34.78141,225,179.4,22.62
190500.0,3890500.0,119.60441,35.10982,225,167.82,3.6
173500.0,3875500.0,119.42411,34.96946,225,159.3,54.29
181500.0,3889500.0,119.50622,35.09801,224,179.66,23.92
251500.0,3994500.0,120.24092,36.06336,224,124.75,10.75
179500.0,3884500.0,119.48625,35.05238,224,165.19,8.42
194500.0,3903500.0,119.64342,35.22806,224,155.55,13.53
208500.0,3895500.0,119.79985,35.1602,224,35.45,21.23
260500.0,3985500.0,120.34347,35.98456,223,105.66,12.63
174500.0,3899500.0,119.42563,35.18577,223,146.44,28.88
165500.0,3868500.0,119.33946,34.90385,223,178.74,134.65
215500.0,3927500.0,119.86549,35.45032,223,130.79,6.21
212500.0,3904500.0,119.84056,35.24239,222,19.91,13.54
272500.0,3987500.0,120.47588,36.00545,222,11.87,4.39
195500.0,3921500.0,119.64771,35.39039,222,87.34,1.34
170500.0,3894500.0,119.38377,35.13947,221,9.54,1.22
192500.0,3891500.0,119.62595,35.11943,221,5.92,26.1
198500.0,3907500.0,119.68584,35.26528,221,127.63,13.09
267500.0,3987500.0,120.42046,36.00427,221,164.55,19.62
198500.0,3857500.0,119.70398,34.81516,221,26.02,22.89
164500.0,3833500.0,119.34246,34.58855,219,56.81,59.64
204500.0,3890500.0,119.75779,35.11402,219,28.95,5.21
268500.0,3988500.0,120.43125,36.01352,219,167.23,88.32
200500.0,3908500.0,119.70743,35.27488,219,148.97,7.35
169500.0,3889500.0,119.37482,35.09415,218,87.62,6.82
193500.0,3889500.0,119.63765,35.10173,218,3.98,10.64
166500.0,3836500.0,119.36305,34.6162,217,56.09,73.34
177500.0,3890500.0,119.46203,35.10574,217,174.65,4.04
181500.0,3907500.0,119.49927,35.26002,217,29.44,2.95
276500.0,3986500.0,120.52051,35.99737,217,165.46,7.83
172500.0,3888500.0,119.40806,35.08613,216,148.75,1.45
266500.0,3985500.0,120.40996,35.98602,216,12.81,9.66
281500.0,3983500.0,120.57676,35.97148,215,162.48,26.55
343500.0,3959500.0,121.26873,35.76711,215,0.04,10.74
171500.0,3889500.0,119.39671,35.0948,214,112.67,8.77
294500.0,3979500.0,120.72186,35.93827,214,161.71,11.18
185500.0,3873500.0,119.55608,34.95525,214,171.89,18.29
232500.0,3948500.0,120.04563,35.64413,214,75.0,24.5
165500.0,3879500.0,119.33505,35.00284,213,153.68,25.06
210500.0,3828500.0,119.84492,34.55752,213,55.49,90.92
257500.0,3978500.0,120.31237,35.92078,213,41.43,16.76
264500.0,3992500.0,120.38572,36.04858,213,150.64,1.9
229500.0,3872500.0,120.03761,34.95895,213,175.29,5.12
292500.0,3982500.0,120.69892,35.96487,213,78.82,391.56
251500.0,3996500.0,120.24029,36.08137,213,106.52,10.72
217500.0,3832500.0,119.91978,34.59549,212,8.18,6.17
208500.0,3892500.0,119.80091,35.13319,212,24.78,25.59
174500.0,3895500.0,119.4272,35.14978,211,156.35,2.44
205500.0,3817500.0,119.7943,34.45706,211,110.37,34.16
180500.0,3891500.0,119.4945,35.1157,211,155.34,62.0
206500.0,3904500.0,119.77472,35.24065,211,159.45,6.34
209500.0,3940500.0,119.79483,35.56562,211,35.58,5.53
179500.0,3855500.0,119.49737,34.79136,210,0.79,51.18
196500.0,3913500.0,119.66167,35.31869,210,30.55,7.37
185500.0,3891500.0,119.54927,35.11727,209,178.77,11.23
184500.0,3889500.0,119.53907,35.09896,209,170.44,5.31
202500.0,3898500.0,119.733,35.18545,209,151.07,222.36
194500.0,3908500.0,119.64156,35.27307,209,178.87,1.83
206500.0,3907500.0,119.77365,35.26766,209,157.95,6.95
178500.0,3843500.0,119.49104,34.68304,209,91.26,1.91
293500.0,3981500.0,120.71026,35.95607,209,164.09,19.01
175500.0,3854500.0,119.45412,34.78109,208,0.58,12.01
191500.0,3907500.0,119.60901,35.26315,208,168.31,22.72
209500.0,3942500.0,119.79411,35.58362,208,85.19,1.66
186500.0,3910500.0,119.55299,35.2886,208,166.13,1.55
252500.0,3973500.0,120.25856,35.8745,208,37.06,42.61
302500.0,3967500.0,120.81347,35.8318,208,113.37,23.2
260500.0,3990500.0,120.34196,36.02959,207,164.39,18.5
218500.0,3924500.0,119.89954,35.42416,207,123.21,34.9
275500.0,3986500.0,120.50942,35.99714,207,169.93,3.36
173500.0,3886500.0,119.4198,35.06846,206,135.5,2.15
263500.0,3993500.0,120.37433,36.05735,206,49.49,8.33
192500.0,3852500.0,119.64032,34.76836,206,67.05,5.55
197500.0,3911500.0,119.67339,35.30099,206,0.16,3.85
220500.0,3933500.0,119.91845,35.50576,206,177.75,3.71
208500.0,3840500.0,119.81903,34.66501,206,140.67,60.45
282500.0,3982500.0,120.58811,35.96269,205,167.8,19.5
188500.0,3873500.0,119.58888,34.95618,205,173.68,58.03
212500.0,3832500.0,119.86534,34.5941,205,73.54,5.44
258500.0,3997500.0,120.31764,36.09214,204,68.17,3.91
277500.0,3983500.0,120.53243,35.97057,204,119.03,2.79
167500.0,3838500.0,119.37315,34.63452,204,27.16,63.27
254500.0,3997500.0,120.27326,36.09114,203,16.68,1.25
206500.0,3822500.0,119.80345,34.50237,203,57.0,52.48
298500.0,3980500.0,120.76592,35.94811,202,165.82,13.56
191500.0,3855500.0,119.62831,34.79506,202,27.45,16.92
230500.0,3945500.0,120.02457,35.61658,202,62.48,41.21
310500.0,3954500.0,120.90506,35.71625,202,128.03,6.53
187500.0,3888500.0,119.57231,35.09089,201,171.21,5.75
297500.0,3979500.0,120.7551,35.93889,201,154.24,33.47
205500.0,3863500.0,119.77829,34.87123,201,178.83,3.44
209500.0,3944500.0,119.79339,35.60163,199,146.46,1.44
240500.0,3963500.0,120.12904,35.78134,199,45.09,49.39
187500.0,3855500.0,119.58466,34.79384,199,62.38,5.05
267500.0,3988500.0,120.42016,36.01328,199,165.88,37.76
291500.0,3982500.0,120.68784,35.96466,199,167.4,7.94
299500.0,3980500.0,120.777,35.94832,198,135.89,1.35
211500.0,3899500.0,119.83134,35.19708,198,169.83,1.59
215500.0,3945500.0,119.85918,35.61238,198,34.31,3.77
198500.0,3855500.0,119.7047,34.79716,197,7.25,8.19
230500.0,3942500.0,120.02557,35.58956,197,66.05,65.42
252500.0,3998500.0,120.25076,36.09964,197,116.21,5.47
187500.0,3836500.0,119.59169,34.62281,197,65.06,24.3
250500.0,3995500.0,120.22951,36.07211,197,133.86,11.68
200500.0,3888500.0,119.71469,35.09484,197,36.57,5.07
187500.0,3916500.0,119.56168,35.34292,196,150.0,11.66
173500.0,3906500.0,119.41189,35.24845,196,66.23,14.61
252500.0,3997500.0,120.25107,36.09063,195,128.34,2.75
239500.0,3945500.0,120.12382,35.61899,195,13.48,5.97
164500.0,3868500.0,119.32853,34.90352,195,179.04,94.7
199500.0,3907500.0,119.69681,35.26558,194,125.31,8.43
174500.0,3900500.0,119.42523,35.19477,194,142.33,31.09
171500.0,3896500.0,119.39394,35.1578,194,157.68,2.14
198500.0,3892500.0,119.69132,35.13025,194,9.28,33.25
243500.0,3975500.0,120.15834,35.89019,194,82.25,2.78
284500.0,3984500.0,120.60973,35.98115,194,166.76,12.86
224500.0,3915500.0,119.96857,35.3448,194,128.87,68.23
216500.0,3902500.0,119.88515,35.22552,193,4.54,24.15
177500.0,3897500.0,119.4593,35.16874,193,145.58,163.1
195500.0,3904500.0,119.65402,35.23737,193,145.47,4.6
173500.0,3889500.0,119.41861,35.09545,191,39.31,4.43
283500.0,3982500.0,120.59919,35.96292,191,169.67,17.31
191500.0,3857500.0,119.62758,34.81307,191,47.79,3.46
215500.0,3902500.0,119.87418,35.22523,191,13.03,2.35
178500.0,3897500.0,119.47026,35.16906,191,145.0,59.27
192500.0,3928500.0,119.61209,35.45248,191,153.58,6.36
271500.0,3984500.0,120.46566,35.9782,191,164.0,57.12
288500.0,3982500.0,120.6546,35.96401,190,167.85,169.19
190500.0,3913500.0,119.59577,35.31685,190,149.87,108.02
193500.0,3884500.0,119.6395,35.05673,189,174.63,6.19
258500.0,3978500.0,120.32344,35.92103,189,43.55,64.23
259500.0,3979500.0,120.33421,35.93028,189,38.92,7.42
204500.0,3887500.0,119.75886,35.08701,189,84.53,9.56
292500.0,3981500.0,120.69918,35.95586,189,164.91,102.86
195500.0,3905500.0,119.65365,35.24637,188,21.61,2.89
204500.0,3904500.0,119.75277,35.24006,188,136.48,1.53
263500.0,3989500.0,120.37552,36.02132,188,169.28,12.67
200500.0,3856500.0,119.72617,34.80675,187,14.1,6.05
278500.0,3983500.0,120.54351,35.9708,187,162.66,15.73
163500.0,3832500.0,119.33198,34.57922,187,49.63,46.73
204500.0,3891500.0,119.75743,35.12302,187,17.58,3.13
199500.0,3900500.0,119.69937,35.20257,187,148.44,68.3
200500.0,3886500.0,119.71541,35.07683,187,129.79,2.18
189500.0,3883500.0,119.59608,35.0465,186,16.04,12.27
217500.0,3911500.0,119.89303,35.30683,186,151.91,1.67
253500.0,3996500.0,120.26248,36.08188,186,25.32,2.51
194500.0,3906500.0,119.64231,35.25507,186,111.04,2.16
197500.0,3890500.0,119.6811,35.11194,186,124.29,2.09
228500.0,3872500.0,120.02667,34.95868,186,6.03,13.81
257500.0,3988500.0,120.30931,36.01084,186,141.15,13.24
293500.0,3979500.0,120.71078,35.93806,185,159.66,10.83
213500.0,3928500.0,119.84313,35.45875,185,133.81,3.07
228500.0,3911500.0,120.01386,35.30988,185,173.81,25.22
188500.0,3889500.0,119.58288,35.1002,184,155.76,2.84
271500.0,3987500.0,120.4648,36.00522,184,162.05,8.51
202500.0,3845500.0,119.75189,34.7083,184,165.36,5.07
206500.0,3894500.0,119.77828,35.15062,184,41.88,2.82
310500.0,3955500.0,120.90482,35.72526,184,100.93,16.23
195500.0,3886500.0,119.66066,35.07533,183,48.7,1.27
215500.0,3901500.0,119.87453,35.21623,183,39.9,4.93
196500.0,3891500.0,119.66978,35.12065,183,5.17,12.73
196500.0,3920500.0,119.65907,35.3817,183,133.84,3.79
177500.0,3893500.0,119.46086,35.13274,182,156.04,23.94
176500.0,3889500.0,119.45147,35.09642,182,9.82,16.67
228500.0,3939500.0,120.00453,35.56201,182,62.21,5.74
204500.0,3906500.0,119.75206,35.25806,181,90.69,10.06
184500.0,3892500.0,119.53793,35.12596,181,160.03,41.9
206500.0,3862500.0,119.78957,34.86252,180,23.55,89.79
288500.0,3983500.0,120.65433,35.97302,180,5.91,10.28
178500.0,3855500.0,119.48646,34.79105,180,2.1,9.98
173500.0,3901500.0,119.41387,35.20345,180,123.84,2.02
204500.0,3897500.0,119.75528,35.17704,180,151.22,17.59
183500.0,3883500.0,119.53041,35.04464,180,176.52,22.27
215500.0,3903500.0,119.87383,35.23424,180,174.79,10.57
315500.0,3957500.0,120.95961,35.74423,180,114.74,1.28
171500.0,3898500.0,119.39314,35.1758,180,54.52,2.26
182500.0,3841500.0,119.53537,34.66628,180,38.49,1.9
200500.0,3859500.0,119.7251,34.83376,179,27.75,119.86
250500.0,3991500.0,120.23078,36.03609,179,126.66,1.88
173500.0,3894500.0,119.41664,35.14045,179,162.87,11.91
301500.0,3978500.0,120.79966,35.93071,179,153.12,9.22
210500.0,3938500.0,119.80656,35.54791,179,101.63,42.3
216500.0,3925500.0,119.87719,35.4326,179,129.32,45.88
210500.0,3836500.0,119.84219,34.62956,178,147.81,40.09
219500.0,3919500.0,119.91226,35.37943,178,79.96,16.7
199500.0,3909500.0,119.69608,35.28358,178,139.53,3.62
196500.0,3939500.0,119.65198,35.55272,178,38.82,9.23
199500.0,3904500.0,119.69791,35.23857,178,26.45,29.7
183500.0,3889500.0,119.52812,35.09864,177,179.81,5.28
198500.0,3900500.0,119.6884,35.20227,177,150.13,8.56
239500.0,3961500.0,120.11864,35.76307,177,53.43,56.37
215500.0,3832500.0,119.898,34.59494,177,20.32,44.87
192500.0,3884500.0,119.62855,35.05642,177,178.44,16.28
211500.0,3904500.0,119.82959,35.2421,177,3.58,27.85
308500.0,3957500.0,120.88224,35.74289,177,104.62,10.81
196500.0,3855500.0,119.68287,34.79656,177,32.02,4.8
166500.0,3868500.0,119.35038,34.90418,177,178.82,131.71
198500.0,3901500.0,119.68804,35.21127,176,149.19,9.62
299500.0,3978500.0,120.77751,35.9303,176,150.01,7.53
305500.0,3978500.0,120.84397,35.93151,176,173.57,74.48
198500.0,3889500.0,119.69242,35.10324,176,4.84,23.31
256500.0,3997500.0,120.29545,36.09164,176,79.3,3.59
194500.0,3889500.0,119.6486,35.10204,176,3.93,57.69
249500.0,3998500.0,120.21747,36.09887,175,83.19,4.07
189500.0,3843500.0,119.6109,34.68643,175,67.88,1.77
301500.0,3969500.0,120.8019,35.84962,175,112.2,18.63
243500.0,3965500.0,120.16155,35.80014,174,41.08,155.81
202500.0,3864500.0,119.74517,34.87936,174,115.09,23.14
205500.0,3882500.0,119.77159,35.04229,174,160.59,3.4
171500.0,3888500.0,119.39711,35.0858,173,88.41,2.18
205500.0,3904500.0,119.76375,35.24035,173,171.74,5.86
207500.0,3904500.0,119.78569,35.24094,173,156.68,4.84
200500.0,3906500.0,119.70815,35.25688,173,176.2,5.98
224500.0,3932500.0,119.96283,35.49787,173,57.43,11.44
302500.0,3968500.0,120.81322,35.84081,173,114.57,61.13
213500.0,3930500.0,119.84243,35.47676,173,176.94,27.56
244500.0,3966500.0,120.17229,35.80941,172,42.73,27.32
166500.0,3837500.0,119.36266,34.6252,172,57.08,324.01
189500.0,3873500.0,119.59981,34.95649,172,171.58,26.62
190500.0,3884500.0,119.60665,35.05581,172,20.76,6.73
187500.0,3882500.0,119.57457,35.03688,171,4.19,6.0
212500.0,3831500.0,119.86567,34.5851,171,63.29,3.31
190500.0,3887500.0,119.60554,35.08281,171,84.11,6.3
278500.0,3985500.0,120.54296,35.98882,170,26.82,42.42
203500.0,3904500.0,119.7418,35.23976,170,97.37,2.36
222500.0,3903500.0,119.95065,35.2362,170,4.68,16.35
219500.0,3921500.0,119.91157,35.39743,170,74.4,3.13
198500.0,3859500.0,119.70327,34.83317,169,24.72,75.01
283500.0,3983500.0,120.59892,35.97192,169,169.5,38.39
185500.0,3910500.0,119.54202,35.28828,169,179.47,1.85
172500.0,3893500.0,119.40608,35.13113,168,179.84,6.68
256500.0,3977500.0,120.3016,35.91153,168,42.0,263.11
190500.0,3836500.0,119.62436,34.62372,168,126.92,3.55
243500.0,3976500.0,120.15802,35.8992,168,75.7,12.65
194500.0,3861500.0,119.65887,34.84998,168,123.83,1.59
263500.0,3985500.0,120.37672,35.9853,168,5.14,7.35
244500.0,3819500.0,120.21775,34.48547,168,127.89,5.67
187500.0,3854500.0,119.58503,34.78484,167,38.55,1.13
205500.0,3896500.0,119.76661,35.16833,167,52.92,2.65
310500.0,3979500.0,120.89912,35.9415,167,167.12,30.04
215500.0,3833500.0,119.89767,34.60394,167,39.39,12.75
207500.0,3941500.0,119.77243,35.57403,167,106.89,1.38
201500.0,3889500.0,119.72528,35.10414,167,16.14,8.06
224500.0,3931500.0,119.96317,35.48887,167,64.93,13.92
187500.0,3842500.0,119.58948,34.67682,167,173.2,2.7
248500.0,3995500.0,120.20733,36.0716,166,73.25,6.43
177500.0,3895500.0,119.46008,35.15074,166,162.06,2.04
207500.0,3891500.0,119.7903,35.1239,166,1.03,6.5
216500.0,3833500.0,119.90856,34.60422,166,25.18,107.53
262500.0,3985500.0,120.36563,35.98505,166,156.28,6.72
346500.0,3903500.0,121.31251,35.26287,166,126.1,67.65
217500.0,3932500.0,119.88576,35.49591,166,149.62,7.6
183500.0,3841500.0,119.54627,34.66659,166,43.63,2.97
217500.0,3910500.0,119.89338,35.29783,165,48.33,1.45
193500.0,3933500.0,119.62121,35.49779,165,104.88,4.98
213500.0,3832500.0,119.87622,34.59438,165,41.36,6.86
179500.0,3841500.0,119.50269,34.66535,165,128.14,1.89
194500.0,3902500.0,119.64379,35.21906,165,141.99,4.84
243500.0,3977500.0,120.15769,35.9082,165,72.09,47.24
278500.0,3977500.0,120.54519,35.91676,165,115.72,3.71
229500.0,3941500.0,120.01488,35.58029,165,59.78,47.91
208500.0,3863500.0,119.81107,34.8721,164,33.88,6.92
186500.0,3846500.0,119.5771,34.71252,164,98.78,17.15
207500.0,3852500.0,119.80397,34.77277,164,145.98,76.01
315500.0,3947500.0,120.9619,35.65412,164,136.59,77.93
199500.0,3890500.0,119.70301,35.11254,164,10.48,22.36
248500.0,3989500.0,120.20924,36.01756,163,74.22,1.64
222500.0,3902500.0,119.95099,35.2272,163,5.24,5.32
208500.0,3891500.0,119.80126,35.12419,163,171.14,38.31
190500.0,3850500.0,119.61924,34.74975,163,150.31,13.4
229500.0,3911500.0,120.02485,35.31015,163,152.95,12.08
230500.0,3944500.0,120.0249,35.60757,163,119.32,5.23
181500.0,3883500.0,119.50852,35.04401,163,175.69,10.38
231500.0,3943500.0,120.03626,35.59884,162,65.42,31.21
250500.0,3972500.0,120.23674,35.86499,162,37.07,62.31
191500.0,3905500.0,119.60976,35.24515,162,152.23,15.54
274500.0,3986500.0,120.49834,35.99691,162,156.59,5.97
205500.0,3891500.0,119.76839,35.12332,162,7.99,6.73
220500.0,3922500.0,119.92222,35.40672,162,100.33,1.77
183500.0,3908500.0,119.52083,35.26965,162,139.86,2.48
162500.0,3831500.0,119.32149,34.56989,161,41.25,121.52
253500.0,3990500.0,120.26435,36.02785,161,164.52,8.74
260500.0,3982500.0,120.34438,35.95754,161,80.5,5.32
183500.0,3882500.0,119.53079,35.03564,161,167.04,16.74
200500.0,3910500.0,119.7067,35.29289,160,126.02,2.77
220500.0,3946500.0,119.91396,35.62281,160,85.82,4.32
177500.0,3843500.0,119.48014,34.68272,159,106.29,3.96
212500.0,3899500.0,119.84231,35.19737,159,19.47,17.36
189500.0,3907500.0,119.58706,35.26253,159,156.6,12.02
191500.0,3884500.0,119.6176,35.05612,159,0.82,9.88
314500.0,3978500.0,120.94368,35.93326,159,7.02,3.28
273500.0,3987500.0,120.48697,36.00568,159,170.88,6.92
225500.0,3932500.0,119.97384,35.49815,159,62.58,37.42
186500.0,3891500.0,119.56022,35.11758,158,3.29,3.33
201500.0,3899500.0,119.72167,35.19416,158,151.95,77.51
214500.0,3929500.0,119.85379,35.46804,158,126.66,25.72
163500.0,3881500.0,119.31237,35.02018,158,90.88,8.15
208500.0,3823500.0,119.82486,34.51194,158,54.65,189.22
174500.0,3885500.0,119.43113,35.05978,158,163.31,14.48
221500.0,3919500.0,119.93424,35.37999,158,129.66,56.26
182500.0,3843500.0,119.53462,34.68428,158,173.96,3.14
167500.0,3868500.0,119.3613,34.90451,158,177.99,46.16
172500.0,3850500.0,119.42295,34.74414,157,35.89,1.41
184500.0,3873500.0,119.54515,34.95494,157,174.9,52.22
184500.0,3891500.0,119.53831,35.11696,157,176.3,7.97
258500.0,3991500.0,120.31948,36.03811,157,167.37,17.21
259500.0,3986500.0,120.33209,35.99332,157,122.21,41.51
294500.0,3986500.0,120.72005,36.00133,157,17.88,205.33
192500.0,3913500.0,119.61774,35.31746,156,149.35,23.2
196500.0,3907500.0,119.66389,35.26468,156,2.74,11.38
205500.0,3897500.0,119.76625,35.17733,156,26.99,7.95
316500.0,3978500.0,120.96584,35.93364,156,3.82,100.25
223500.0,3916500.0,119.95725,35.35353,156,132.41,8.1
236500.0,3955500.0,120.08746,35.70824,156,65.6,13.24
175500.0,3895500.0,119.43816,35.1501,156,12.72,1.81
197500.0,3857500.0,119.69307,34.81487,156,84.42,6.2
297500.0,3978500.0,120.75535,35.92988,156,146.05,5.78
260500.0,3988500.0,120.34257,36.01158,155,159.16,14.2
315500.0,3978500.0,120.95476,35.93345,155,2.13,6.62
172500.0,3903500.0,119.40211,35.22112,155,130.26,2.11
204500.0,3907500.0,119.7517,35.26707,155,155.63,15.02
178500.0,3891500.0,119.47259,35.11506,155,143.5,6.21
310500.0,3956500.0,120.90458,35.73427,155,103.96,17.04
191500.0,3846500.0,119.63161,34.71404,154,74.97,26.71
190500.0,3888500.0,119.60516,35.09182,154,159.55,2.65
188500.0,3854500.0,119.59594,34.78515,154,37.93,5.37
166500.0,3887500.0,119.34277,35.07517,154,164.13,4.91
190500.0,3885500.0,119.60628,35.06481,154,53.15,11.33
230500.0,3943500.0,120.02524,35.59857,154,60.84,17.44
201500.0,3856500.0,119.73709,34.80704,154,22.4,5.46
182500.0,3884500.0,119.51909,35.05333,154,177.04,57.19
196500.0,3856500.0,119.68251,34.80557,153,23.68,9.27
185500.0,3907500.0,119.54317,35.26128,153,153.32,13.11
189500.0,3915500.0,119.58403,35.33454,153,159.92,16.57
246500.0,3869500.0,120.22449,34.93633,153,168.01,10.83
242500.0,3916500.0,120.1661,35.35861,153,22.84,23.83
261500.0,3986500.0,120.35425,35.99381,153,43.25,1.77
251500.0,3998500.0,120.23966,36.09938,153,150.97,1.79
182500.0,3889500.0,119.51717,35.09833,152,174.79,7.94
193500.0,3903500.0,119.63245,35.22776,152,156.85,28.61
203500.0,3844500.0,119.76314,34.69959,152,162.64,45.57
180500.0,3907500.0,119.4883,35.2597,152,22.45,9.54
199500.0,3843500.0,119.71989,34.68942,152,19.53,3.42
200500.0,3909500.0,119.70706,35.28388,152,162.25,2.27
335500.0,3968500.0,121.17842,35.84691,152,8.65,88.54
220500.0,3849500.0,119.94683,34.7494,152,124.73,2.63
194500.0,3856500.0,119.66068,34.80497,151,22.8,7.91
254500.0,3987500.0,120.27637,36.00108,151,116.73,1.35
178500.0,3874500.0,119.47917,34.96206,151,161.62,27.62
175500.0,3888500.0,119.44091,35.0871,151,4.44,39.2
345500.0,3904500.0,121.30133,35.27173,151,126.85,318.34
211500.0,3865500.0,119.84315,34.89096,151,24.38,25.79
188500.0,3884500.0,119.58476,35.05519,151,34.65,10.8
195500.0,3855500.0,119.67196,34.79627,151,30.19,11.38
303500.0,3969500.0,120.82404,35.85002,151,114.78,35.39
190500.0,3839500.0,119.62327,34.65073,150,5.77,2.06
194500.0,3869500.0,119.65595,34.922,150,175.33,24.86
194500.0,3904500.0,119.64305,35.23706,150,135.14,5.49
318500.0,4019500.0,120.97854,36.30343,150,165.74,2.11
333500.0,3940500.0,121.16209,35.59424,150,59.53,6.02
191500.0,3848500.0,119.63087,34.73205,149,65.25,20.14
214500.0,3831500.0,119.88745,34.58566,149,13.68,9.47
203500.0,3892500.0,119.74611,35.13173,149,40.96,2.33
178500.0,3844500.0,119.49066,34.69204,149,5.28,3.52
196500.0,3859500.0,119.68143,34.83257,149,42.39,7.57
314500.0,3948500.0,120.95063,35.66295,149,130.6,42.82
168500.0,3868500.0,119.37223,34.90484,149,179.99,202.36
303500.0,3966500.0,120.82478,35.82299,149,111.21,26.68
214500.0,3848500.0,119.88171,34.73873,148,84.14,24.94
252500.0,3913500.0,120.27695,35.33412,148,149.0,7.14
238500.0,3945500.0,120.11279,35.61873,148,15.38,8.95
186500.0,3873500.0,119.56701,34.95556,147,176.34,100.24
189500.0,3856500.0,119.60612,34.80346,147,41.22,2.37
177500.0,3889500.0,119.46242,35.09674,147,7.35,47.77
188500.0,3836500.0,119.60258,34.62311,147,58.75,6.81
212500.0,3901500.0,119.84161,35.21538,147,15.81,18.63
179500.0,3906500.0,119.47772,35.25038,147,17.4,14.69
279500.0,3985500.0,120.55404,35.98904,146,161.16,14.81
187500.0,3856500.0,119.58429,34.80285,146,73.61,11.83
253500.0,3995500.0,120.26279,36.07288,146,73.56,2.57
255500.0,3997500.0,120.28436,36.09139,146,93.21,2.11
225500.0,3914500.0,119.9799,35.33607,146,178.5,32.43
288500.0,3955500.0,120.66175,35.72078,146,112.79,2.37
198500.0,3858500.0,119.70363,34.82417,145,26.73,127.31
197500.0,3886500.0,119.68256,35.07594,145,172.47,2.18
188500.0,3890500.0,119.58251,35.1092,145,5.31,7.19
230500.0,3908500.0,120.03682,35.28341,145,176.99,2.8
219500.0,3902500.0,119.91807,35.22636,145,5.3,29.24
197500.0,3891500.0,119.68073,35.12095,145,5.18,11.06
222500.0,3919500.0,119.94524,35.38027,145,121.09,4.3
188500.0,3882500.0,119.58551,35.03719,144,4.38,15.62
251500.0,3985500.0,120.24375,35.98231,144,144.03,1.21
202500.0,3865500.0,119.74481,34.88836,144,129.18,3.54
194500.0,3851500.0,119.6625,34.75996,144,165.24,12.98
191500.0,3927500.0,119.60147,35.44317,144,103.24,3.67
216500.0,3909500.0,119.88274,35.28854,144,73.44,12.75
214500.0,3903500.0,119.86286,35.23395,144,173.32,2.44
313500.0,3865500.0,120.95847,34.91483,144,63.56,564.0
182500.0,3916500.0,119.50676,35.34134,143,132.77,1.09
289500.0,3980500.0,120.66621,35.94621,143,3.06,3.69
196500.0,3869500.0,119.67781,34.9226,143,144.06,5.41
199500.0,3887500.0,119.7041,35.08554,143,156.29,1.79
211500.0,3893500.0,119.83344,35.14306,143,165.04,2.59
172500.0,3883500.0,119.41003,35.04113,142,139.99,3.91
223500.0,3839500.0,119.98284,34.66016,142,88.5,3.15
203500.0,3863500.0,119.75645,34.87065,142,103.12,2.85
198500.0,3890500.0,119.69205,35.11224,142,5.7,11.83
238500.0,3944500.0,120.11311,35.60972,142,177.16,5.5
251500.0,3999500.0,120.23934,36.10839,141,173.39,7.02
194500.0,3911500.0,119.64045,35.30007,141,130.21,1.64
193500.0,3911500.0,119.62947,35.29977,141,126.38,9.85
275500.0,3985500.0,120.50971,35.98813,141,164.94,172.9
177500.0,3841500.0,119.4809,34.66472,141,151.68,3.24
179500.0,3891500.0,119.48354,35.11538,141,153.75,73.31
203500.0,3914500.0,119.73819,35.32979,141,79.89,1.22
216500.0,3934500.0,119.87405,35.51363,141,173.81,8.13
233500.0,3910500.0,120.06911,35.30222,141,126.78,1.88
308500.0,3978500.0,120.87721,35.9321,140,178.46,246.81
214500.0,3832500.0,119.88711,34.59466,140,34.22,5.87
197500.0,3940500.0,119.66262,35.56203,140,14.33,3.44
229500.0,3907500.0,120.02617,35.27413,140,136.07,1.89
192500.0,3854500.0,119.63959,34.78636,140,39.0,2.75
178500.0,3889500.0,119.47337,35.09706,140,4.15,61.99
210500.0,3933500.0,119.80834,35.50289,140,101.44,45.08
229500.0,3942500.0,120.01455,35.58929,140,63.28,15.68
305500.0,3969500.0,120.84617,35.85042,140,141.02,3.6
260500.0,3984500.0,120.34377,35.97556,139,86.01,13.13
249500.0,3990500.0,120.22,36.02683,139,11.73,1.76
183500.0,3891500.0,119.52736,35.11664,139,6.58,6.85
262500.0,3986500.0,120.36534,35.99406,139,177.79,1.55
374500.0,3979500.0,121.60842,35.95182,139,44.01,438.89
209500.0,3837500.0,119.83096,34.63828,139,143.37,24.12
309500.0,3978500.0,120.88828,35.9323,138,178.32,134.31
184500.0,3834500.0,119.55977,34.60389,138,29.43,5.01
197500.0,3892500.0,119.68037,35.12995,138,7.19,21.2
183500.0,3909500.0,119.52045,35.27865,138,117.27,34.42
201500.0,3906500.0,119.71913,35.25718,138,166.31,5.72
261500.0,3990500.0,120.35305,36.02984,138,172.28,19.12
298500.0,3978500.0,120.76643,35.93009,138,150.74,11.99
297500.0,3996500.0,120.75075,36.09205,138,49.51,7.6
305500.0,3990500.0,120.84103,36.03962,138,25.82,27.68
188500.0,3842500.0,119.60037,34.67713,138,178.64,14.51
388500.0,3973500.0,121.76446,35.89944,138,89.55,27.54
188500.0,3856500.0,119.5952,34.80315,137,30.32,2.8
167500.0,3837500.0,119.37354,34.62552,137,53.7,130.08
174500.0,3896500.0,119.42681,35.15878,137,62.16,3.41
189500.0,3906500.0,119.58744,35.25353,137,166.3,6.22
204500.0,3859500.0,119.76878,34.83493,137,22.88,27.66
201500.0,3883500.0,119.72744,35.05012,137,171.01,73.92
258500.0,3877500.0,120.35343,35.01132,137,173.15,86.66
261500.0,3987500.0,120.35395,36.00282,137,9.26,7.44
257500.0,3997500.0,120.30655,36.09189,137,25.57,5.24
175500.0,3898500.0,119.43698,35.1771,137,136.29,2.28
186500.0,3913500.0,119.55185,35.3156,137,60.43,37.58
308500.0,3958500.0,120.882,35.7519,137,100.91,89.05
178500.0,3896500.0,119.47065,35.16006,137,138.91,1.98
217500.0,3835500.0,119.91878,34.62251,137,42.88,8.95
233500.0,3955500.0,120.05434,35.70744,137,171.76,14.2
242500.0,3969500.0,120.14921,35.8359,137,59.78,1.36
280500.0,3984500.0,120.5654,35.98026,136,152.78,1.43
193500.0,3907500.0,119.63096,35.26376,136,36.68,6.47
201500.0,3861500.0,119.73531,34.85206,136,152.04,1.43
216500.0,3907500.0,119.88343,35.27054,136,135.25,13.08
309500.0,3954500.0,120.89401,35.71606,136,146.25,3.83
313500.0,3995500.0,120.92859,36.08624,136,29.04,8.34
373500.0,3916500.0,121.60723,35.38383,136,112.93,83.48
234500.0,3910500.0,120.0801,35.30249,136,164.75,16.74
180500.0,3884500.0,119.49719,35.05269,136,171.46,8.25
178500.0,3860500.0,119.48455,34.83605,135,175.12,25.31
219500.0,3918500.0,119.9126,35.37042,135,166.53,216.08
195500.0,3938500.0,119.64134,35.54341,135,55.86,38.91
263500.0,3892500.0,120.4039,35.14762,135,147.57,14.53
300500.0,3989500.0,120.78582,36.0296,135,20.78,100.25
303500.0,3965500.0,120.82502,35.81398,135,114.39,37.27
307500.0,3978500.0,120.86613,35.93191,134,176.65,117.87
214500.0,3890500.0,119.86736,35.11691,134,142.35,4.47
257500.0,3976500.0,120.31298,35.90277,134,39.83,7.31
251500.0,3997500.0,120.23998,36.09038,134,85.1,1.75
196500.0,3884500.0,119.67234,35.05763,134,40.07,1.57
270500.0,3985500.0,120.45429,35.98697,134,81.06,164.97
179500.0,3842500.0,119.50231,34.67435,134,3.68,3.27
225500.0,3871500.0,119.99418,34.94887,134,21.97,11.23
300500.0,3978500.0,120.78858,35.9305,134,159.4,8.68
274500.0,3976500.0,120.50118,35.90683,134,164.47,1.54
251500.0,3972500.0,120.24781,35.86524,133,39.13,37.6
186500.0,3851500.0,119.57524,34.75753,133,15.56,12.67
184500.0,3855500.0,119.55193,34.79292,133,176.17,10.86
292500.0,3979500.0,120.69971,35.93784,133,162.87,116.84
203500.0,3899500.0,119.7436,35.19475,133,151.76,99.46
247500.0,3849500.0,120.24145,34.75644,133,124.76,399.67
177500.0,3845500.0,119.47938,34.70072,132,128.35,1.34
190500.0,3873500.0,119.61075,34.95679,132,14.66,3.0
251500.0,3992500.0,120.24155,36.04535,132,48.81,1.44
219500.0,3828500.0,119.94288,34.56002,132,134.0,3.94
319500.0,3944500.0,121.00674,35.62783,132,132.36,1008.82
197500.0,3855500.0,119.69379,34.79686,132,7.57,2.39
265500.0,3986500.0,120.39858,35.99479,132,0.39,2.11
372500.0,3917500.0,121.59607,35.39272,132,117.65,89.65
203500.0,3910500.0,119.73964,35.29378,132,134.17,68.43
193500.0,3856500.0,119.64977,34.80467,131,20.23,7.48
195500.0,3851500.0,119.67341,34.76025,131,157.55,8.04
190500.0,3853500.0,119.61813,34.77676,131,21.22,35.04
199500.0,3856500.0,119.71526,34.80646,131,22.29,31.59
243500.0,3974500.0,120.15866,35.88119,131,84.98,1.72
304500.0,3963500.0,120.83657,35.79617,131,115.0,20.58
247500.0,3876500.0,120.23331,34.99963,131,153.75,33.18
182500.0,3840500.0,119.53575,34.65728,131,41.46,13.4
190500.0,3857500.0,119.61666,34.81276,130,42.28,5.2
237500.0,3956500.0,120.09818,35.71751,130,71.52,13.75
172500.0,3876500.0,119.41279,34.97813,130,159.29,32.97
294500.0,3981500.0,120.72135,35.95629,130,162.47,16.56
177500.0,3854500.0,119.47593,34.78173,130,170.26,9.25
183500.0,3890500.0,119.52774,35.10764,130,3.91,9.63
193500.0,3928500.0,119.62309,35.45279,130,169.55,6.76
191500.0,3885500.0,119.61723,35.06512,130,77.34,1.6
328500.0,3946500.0,121.10565,35.64746,130,146.93,433.73
226500.0,3936500.0,119.9835,35.53444,130,95.67,5.52
234500.0,3879500.0,120.09007,35.02332,130,95.76,15.43
367500.0,3979500.0,121.53082,35.9509,130,65.98,12.11
209500.0,3836500.0,119.8313,34.62928,130,147.49,37.58
191500.0,3891500.0,119.615,35.11913,129,1.43,10.68
201500.0,3845500.0,119.74099,34.70801,129,159.95,19.07
204500.0,3905500.0,119.75241,35.24906,129,110.97,25.36
208500.0,3896500.0,119.7995,35.16921,129,57.44,74.3
210500.0,3900500.0,119.82002,35.2058,129,146.64,2.22
191500.0,3856500.0,119.62794,34.80406,129,40.32,12.23
194500.0,3928500.0,119.63409,35.4531,129,14.91,2.4
192500.0,3889500.0,119.62669,35.10143,129,1.71,13.92
217500.0,3924500.0,119.88854,35.42388,129,124.84,32.11
260500.0,3980500.0,120.34498,35.93953,129,38.55,25.41
189500.0,3855500.0,119.60649,34.79446,128,35.17,6.99
189500.0,3889500.0,119.59384,35.10051,128,16.61,4.85
186500.0,3890500.0,119.5606,35.10858,128,170.7,3.2
190500.0,3906500.0,119.59841,35.25384,128,145.3,66.06
199500.0,3883500.0,119.70555,35.04953,128,154.39,3.49
296500.0,3979500.0,120.74402,35.93869,128,164.85,136.06
293500.0,3982500.0,120.71,35.96508,128,169.9,23.82
366500.0,4013500.0,121.51398,36.2572,128,110.65,212.97
274500.0,3977500.0,120.50089,35.91584,128,170.48,45.57
180500.0,3852500.0,119.50942,34.76467,127,49.88,714.57
190500.0,3905500.0,119.59879,35.24484,127,152.82,32.04
304500.0,3989500.0,120.83018,36.03041,127,19.08,11.16
179500.0,3840500.0,119.50307,34.65635,127,159.66,1.32
262500.0,3987500.0,120.36504,36.00307,127,3.6,21.89
373500.0,3943500.0,121.60302,35.62721,127,19.58,6.18
267500.0,3883500.0,120.45029,35.06748,127,155.18,23.82
289500.0,3878500.0,120.69264,35.02726,127,74.23,1.59
281500.0,3921500.0,120.5936,35.41296,127,101.23,1.71
206500.0,3892500.0,119.77899,35.13261,127,8.74,10.64
194500.0,3921500.0,119.63671,35.39009,127,140.19,8.89
224500.0,3943500.0,119.95909,35.59692,127,52.03,5.22
389500.0,3973500.0,121.77554,35.89955,127,97.32,135.34
219500.0,3842500.0,119.93825,34.68609,126,127.34,9.12
187500.0,3873500.0,119.57795,34.95587,126,172.18,56.32
208500.0,3941500.0,119.78345,35.57433,126,26.28,13.8
231500.0,3946500.0,120.03526,35.62585,126,68.79,53.43
241500.0,3963500.0,120.14009,35.78161,126,51.93,21.24
192500.0,3849500.0,119.64141,34.74135,126,65.77,9.23
188500.0,3833500.0,119.60368,34.59611,126,135.58,11.87
357500.0,3927500.0,121.42921,35.48082,126,163.37,43.68
225500.0,3943500.0,119.97011,35.59719,126,56.63,5.5
210500.0,3864500.0,119.83257,34.88167,125,26.44,107.02
306500.0,3978500.0,120.85505,35.93171,125,176.93,124.8
195500.0,3869500.0,119.66688,34.9223,125,175.35,34.92
198500.0,3886500.0,119.69351,35.07624,125,3.73,9.37
216500.0,3906500.0,119.88377,35.26153,125,79.72,17.91
171500.0,3876500.0,119.40185,34.97781,125,159.39,107.55
197500.0,3851500.0,119.69523,34.76085,125,163.08,3.62
218500.0,3916500.0,119.9023,35.35213,125,72.59,25.62
221500.0,3920500.0,119.9339,35.38899,125,129.67,19.76
250500.0,3891500.0,120.26164,35.13548,125,132.62,4.88
213500.0,3912500.0,119.84875,35.3147,125,9.37,3.74
242500.0,3847500.0,120.1875,34.73717,125,165.97,15.46
236500.0,3956500.0,120.08713,35.71725,125,70.12,6.5
260500.0,3979500.0,120.34528,35.93053,125,131.58,1.29
180500.0,3851500.0,119.5098,34.75567,124,146.58,20.69
200500.0,3891500.0,119.7136,35.12184,124,8.36,11.45
225500.0,3903500.0,119.98358,35.23703,124,172.88,47.9
263500.0,3987500.0,120.37612,36.00331,124,168.04,19.22
165500.0,3888500.0,119.33142,35.08383,124,129.13,39.52
301500.0,3979500.0,120.79941,35.93971,124,168.4,6.77
310500.0,3978500.0,120.89936,35.93249,124,167.36,10.94
202500.0,3890500.0,119.73588,35.11343,124,26.71,7.8
185500.0,3912500.0,119.54125,35.30629,124,62.38,38.38
390500.0,3952500.0,121.7895,35.71037,124,92.93,353.99
243500.0,3872500.0,120.19076,34.96259,124,177.24,162.64
208500.0,3838500.0,119.81972,34.647,124,152.07,9.05
181500.0,3842500.0,119.5241,34.67497,124,163.28,3.82
174500.0,3907500.0,119.42247,35.25777,124,120.09,115.63
165500.0,3889500.0,119.33102,35.09283,123,118.2,1.67
180500.0,3883500.0,119.49758,35.04369,123,173.02,20.6
188500.0,3857500.0,119.59483,34.81215,123,59.52,2.44
218500.0,3917500.0,119.90195,35.36114,123,76.73,150.39
231500.0,3842500.0,120.06908,34.68931,123,28.26,6.97
185500.0,3911500.0,119.54163,35.29729,123,59.29,21.06
209500.0,3891500.0,119.81222,35.12448,123,169.25,40.38
208500.0,3902500.0,119.79738,35.22322,123,56.88,2.27
189500.0,3890500.0,119.59346,35.10951,122,4.32,20.04
238500.0,3960500.0,120.10792,35.7538,122,65.43,41.3
215500.0,3947500.0,119.85847,35.63038,122,119.89,1.12
262500.0,3873500.0,120.39837,34.97624,122,0.88,426.96
209500.0,3903500.0,119.808,35.23252,122,149.68,28.69
250500.0,3863500.0,120.27003,34.88328,122,40.0,10.49
257500.0,3877500.0,120.34248,35.01108,122,175.71,89.54
217500.0,3923500.0,119.88888,35.41488,122,119.77,29.37
246500.0,3972500.0,120.19249,35.86396,122,72.36,80.28
220500.0,3935500.0,119.91776,35.52377,122,86.7,14.21
198500.0,3856500.0,119.70434,34.80616,121,20.97,20.78
167500.0,3860500.0,119.36448,34.83252,121,178.73,110.97
250500.0,3997500.0,120.22888,36.09012,121,77.88,1.55
303500.0,3989500.0,120.81909,36.03021,121,114.37,204.83
195500.0,3903500.0,119.65439,35.22837,121,178.92,10.6
277500.0,3985500.0,120.53187,35.98859,121,0.72,6.02
202500.0,3907500.0,119.72974,35.26648,121,139.05,3.36
345500.0,3905500.0,121.30114,35.28074,121,126.08,43.43
206500.0,3890500.0,119.7797,35.11461,121,6.48,3.5
298500.0,4019500.0,120.75594,36.29946,121,57.13,191.92
207500.0,3860500.0,119.80119,34.8448,120,27.43,7.61
191500.0,3892500.0,119.61462,35.12813,120,85.51,30.74
278500.0,3984500.0,120.54324,35.97981,120,168.21,52.59
173500.0,3902500.0,119.41348,35.21245,120,112.61,1.87
315500.0,3945500.0,120.96236,35.6361,120,125.73,189.52
319500.0,3975500.0,120.99975,35.90716,120,137.35,7.78
296500.0,3995500.0,120.73991,36.08283,120,49.67,28.3
228500.0,3904500.0,120.01618,35.24685,120,6.37,65.38
223500.0,3868500.0,119.9733,34.92131,120,25.0,418.75
187500.0,3922500.0,119.55939,35.39692,120,174.69,1.7
252500.0,3995500.0,120.2517,36.07262,120,12.32,1.12
313500.0,3916500.0,120.94695,35.37441,120,16.04,207.72
350500.0,3894500.0,121.3581,35.18235,120,131.1,115.57
169500.0,3868500.0,119.38315,34.90516,120,2.24,26.8
346500.0,3900500.0,121.31307,35.23583,120,146.37,142.93
186500.0,3884500.0,119.56287,35.05458,120,8.51,21.1
194500.0,3922500.0,119.63634,35.39909,120,100.97,2.17
188500.0,3855500.0,119.59557,34.79415,119,46.63,2.97
213500.0,3931500.0,119.84208,35.48576,119,62.69,4.61
228500.0,3834500.0,120.03893,34.61647,119,151.38,4.25
177500.0,3882500.0,119.46514,35.03374,119,177.06,20.71
186500.0,3850500.0,119.57561,34.74853,119,4.26,29.56
207500.0,3894500.0,119.78924,35.15091,119,46.48,36.09
210500.0,3882500.0,119.82632,35.04374,119,20.8,3.46
183500.0,3892500.0,119.52698,35.12565,119,158.6,6.45
225500.0,3931500.0,119.97418,35.48915,119,62.19,22.78
224500.0,3840500.0,119.99341,34.66944,119,39.09,23.99
308500.0,3979500.0,120.87696,35.94111,119,177.85,50.27
219500.0,3923500.0,119.91088,35.41544,119,126.49,10.3
306500.0,3990500.0,120.85212,36.03982,119,20.3,24.86
226500.0,3940500.0,119.98215,35.57046,119,21.83,7.16
263500.0,3981500.0,120.37791,35.94927,119,26.52,37.49
264500.0,3967500.0,120.39312,35.82342,119,25.46,1.56
176500.0,3882500.0,119.45419,35.03342,118,169.16,34.38
235500.0,3919500.0,120.08818,35.3838,118,178.93,51.14
231500.0,3947500.0,120.03493,35.63486,118,73.38,3.64
255500.0,3976500.0,120.29084,35.90227,118,37.25,6.61
184500.0,3835500.0,119.5594,34.61289,118,161.72,2.39
175500.0,3881500.0,119.44364,35.0241,118,138.81,2.82
203500.0,3906500.0,119.74108,35.25777,118,128.03,3.56
224500.0,3917500.0,119.9679,35.36281,118,127.79,8.2
193500.0,3927500.0,119.62347,35.44379,118,155.2,8.41
257500.0,3887500.0,120.33956,35.10116,118,71.26,1.34
230500.0,3877500.0,120.04693,35.00425,118,34.83,53.01
309500.0,3951500.0,120.89472,35.68903,118,107.04,2.93
211500.0,3902500.0,119.83029,35.22409,118,6.14,9.21
205500.0,3841500.0,119.78599,34.67315,118,163.99,6.07
195500.0,3920500.0,119.64808,35.38139,118,125.83,4.6
280500.0,3985500.0,120.56512,35.98927,117,167.08,7.55
196500.0,3902500.0,119.66573,35.21967,117,145.16,12.26
195500.0,3912500.0,119.65106,35.30938,117,7.8,5.9
223500.0,3917500.0,119.95691,35.36254,117,170.55,1.21
320500.0,3943500.0,121.018,35.619,117,96.01,11.49
245500.0,3833500.0,120.22444,34.61182,117,95.1,355.44
213500.0,3833500.0,119.87589,34.60339,117,68.46,36.24
301500.0,3971500.0,120.80141,35.86764,117,109.42,22.45
343500.0,3922500.0,121.2759,35.43365,117,168.22,26.2
302500.0,3970500.0,120.81272,35.85883,117,130.92,4.22
173500.0,3850500.0,119.43385,34.74446,116,55.33,1.58
161500.0,3830500.0,119.31101,34.56057,116,9.05,31.22
186500.0,3854500.0,119.57412,34.78454,116,169.73,4.82
216500.0,3943500.0,119.8709,35.59466,116,142.41,23.28
311500.0,3978500.0,120.91044,35.93269,116,160.91,5.23
243500.0,3978500.0,120.15737,35.91721,116,83.52,3.96
230500.0,3842500.0,120.05818,34.68905,116,176.89,1.26
209500.0,3902500.0,119.80835,35.22351,116,1.77,2.7
235500.0,3874500.0,120.10261,34.97855,116,178.03,235.13
192500.0,3929500.0,119.61171,35.46148,116,27.57,4.4
301500.0,3968500.0,120.80215,35.84061,116,112.66,41.34
197500.0,3902500.0,119.6767,35.21997,116,151.57,154.74
180500.0,3840500.0,119.51396,34.65666,116,175.43,3.33
225500.0,3916500.0,119.97923,35.35408,116,48.08,196.11
169500.0,3877500.0,119.37959,34.98616,115,158.66,74.81
190500.0,3883500.0,119.60703,35.04681,115,10.84,17.86
297500.0,3980500.0,120.75484,35.9479,115,161.88,24.63
170500.0,3860500.0,119.39722,34.83349,115,179.68,63.16
183500.0,3914500.0,119.51852,35.32366,115,62.28,3.86
236500.0,3831500.0,120.12702,34.59154,115,6.26,2.58
212500.0,3834500.0,119.86466,34.61211,115,96.77,12.47
177500.0,3860500.0,119.47363,34.83573,115,178.87,48.26
199500.0,3885500.0,119.70482,35.06753,115,7.25,8.42
220500.0,3842500.0,119.94915,34.68636,115,132.66,4.82
256500.0,3871500.0,120.33329,34.9568,115,66.07,947.43
332500.0,3939500.0,121.15127,35.58506,115,47.09,48.12
196500.0,3870500.0,119.67744,34.9316,115,132.33,4.98
290500.0,3892500.0,120.70005,35.15361,115,99.7,84.13
275500.0,3977500.0,120.51197,35.91607,115,159.6,77.03
319500.0,4016500.0,120.99037,36.27659,115,158.09,3.71
163500.0,3880500.0,119.31277,35.01118,114,135.02,1.54
217500.0,3942500.0,119.88228,35.58594,114,131.36,16.73
179500.0,3843500.0,119.50193,34.68335,114,163.7,2.9
204500.0,3844500.0,119.77404,34.69988,114,157.13,8.46
308500.0,3955500.0,120.88272,35.72487,114,120.75,2.74
217500.0,3833500.0,119.91945,34.6045,114,18.69,12.57
199500.0,3889500.0,119.70337,35.10354,114,177.95,9.21
192500.0,3883500.0,119.62892,35.04742,114,178.02,29.13
426500.0,3921500.0,122.19024,35.43423,114,140.49,8545.63
352500.0,3944500.0,121.37101,35.63331,114,138.87,1143.33
356500.0,3967500.0,121.41106,35.84119,114,46.96,139.35
215500.0,3935500.0,119.86269,35.52235,114,171.37,19.91
338500.0,3867500.0,121.23162,34.93714,114,165.97,2.28
200500.0,3836500.0,119.73327,34.62669,114,107.18,2.43
239500.0,3944500.0,120.12414,35.60998,114,6.08,9.51
190500.0,3889500.0,119.60479,35.10082,113,175.38,5.87
194500.0,3907500.0,119.64194,35.26407,113,38.37,3.91
210500.0,3944500.0,119.80441,35.60192,113,82.68,9.61
177500.0,3842500.0,119.48052,34.67372,113,153.83,1.09
220500.0,3843500.0,119.94882,34.69537,113,88.3,1.43
201500.0,3908500.0,119.7184,35.27518,113,153.93,24.63
252500.0,3974500.0,120.25825,35.8835,113,43.04,36.65
184500.0,3850500.0,119.5538,34.74791,112,10.91,8.9
225500.0,3904500.0,119.98325,35.24603,112,176.74,10.65
190500.0,3908500.0,119.59766,35.27184,112,168.43,13.12
216500.0,3832500.0,119.90889,34.59522,112,14.18,6.44
171500.0,3860500.0,119.40814,34.83381,112,178.39,72.96
253500.0,3989500.0,120.26466,36.01884,112,73.96,7.84
218500.0,3919500.0,119.90126,35.37915,112,71.32,62.38
237500.0,3957500.0,120.09785,35.72652,112,68.43,44.79
230500.0,3910500.0,120.03616,35.30142,112,145.96,6.05
234500.0,3874500.0,120.09166,34.97829,112,179.66,67.99
236500.0,3944500.0,120.09106,35.60919,112,30.17,19.21
383500.0,3857500.0,121.72562,34.85316,112,130.31,25.49
264500.0,3982500.0,120.38869,35.95852,111,30.65,2.07
177500.0,3855500.0,119.47555,34.79073,111,1.26,8.55
201500.0,3858500.0,119.73638,34.82505,111,30.99,17.59
304500.0,3961500.0,120.83706,35.77815,111,137.24,5.22
204500.0,3840500.0,119.77544,34.66386,111,154.53,2.93
220500.0,3921500.0,119.92257,35.39772,111,85.02,3.55
248500.0,3996500.0,120.20701,36.0806,111,65.87,1.17
222500.0,3927500.0,119.94252,35.4523,111,46.31,9.52
321500.0,3938500.0,121.03014,35.57413,111,126.43,87.48
354500.0,3948500.0,121.39237,35.66966,111,136.98,45.24
310500.0,3950500.0,120.906,35.68021,111,33.25,264.47
224500.0,3872500.0,119.98291,34.9576,111,23.66,28.73
248500.0,3928500.0,120.22836,35.46822,111,165.13,15.64
350500.0,3952500.0,121.34745,35.70511,111,115.46,5.22
190500.0,3891500.0,119.60404,35.11882,110,175.07,17.78
223500.0,3903500.0,119.96163,35.23648,110,16.13,4.85
217500.0,3867500.0,119.90805,34.91066,110,104.35,108.57
301500.0,3977500.0,120.79991,35.9217,110,85.91,1.46
200500.0,3845500.0,119.73008,34.70772,110,167.87,14.79
189500.0,3858500.0,119.60538,34.82146,110,56.88,12.29
314500.0,3946500.0,120.95109,35.64493,110,135.92,4.34
303500.0,3978500.0,120.82182,35.93111,110,166.92,116.27
351500.0,3938500.0,121.36107,35.57908,110,124.48,81.63
196500.0,3909500.0,119.66315,35.28268,110,152.42,10.22
204500.0,3872500.0,119.76419,34.95197,109,78.29,59.89
221500.0,3902500.0,119.94002,35.22692,109,9.94,4.5
264500.0,3988500.0,120.38691,36.01256,109,166.69,130.86
198500.0,3891500.0,119.69169,35.12125,109,10.39,6.0
210500.0,3945500.0,119.80405,35.61093,109,80.9,8.06
305500.0,3963500.0,120.84763,35.79636,109,32.63,169.32
203500.0,3907500.0,119.74072,35.26677,109,177.01,3.65
304500.0,3970500.0,120.83486,35.85923,109,128.65,1.9
235500.0,3889500.0,120.09783,35.11364,109,0.99,49.37
389500.0,3948500.0,121.77899,35.6742,109,100.8,4.63
312500.0,3959500.0,120.92598,35.76168,109,111.7,4.89
189500.0,3869500.0,119.6013,34.92048,108,37.34,1.75
191500.0,3908500.0,119.60864,35.27215,108,0.66,10.34
216500.0,3867500.0,119.89711,34.91038,108,31.14,17.57
181500.0,3891500.0,119.50545,35.11601,108,171.45,42.85
221500.0,3918500.0,119.93459,35.37098,108,128.39,15.31
254500.0,3896500.0,120.30401,35.1815,108,148.54,43.0
299500.0,3990500.0,120.77447,36.03841,108,109.57,2006.32
258500.0,3864500.0,120.3572,34.89422,108,157.45,94.97
228500.0,3857500.0,120.03153,34.8236,108,148.66,2284.44
251500.0,3859500.0,120.28215,34.84749,108,38.0,155.69
362500.0,3939500.0,121.48227,35.58968,108,137.88,90.81
319500.0,3961500.0,121.00292,35.78102,108,125.52,32.27
193500.0,3845500.0,119.65377,34.70564,108,177.95,2.14
253500.0,3997500.0,120.26217,36.09089,107,64.73,1.64
185500.0,3890500.0,119.54965,35.10827,107,176.6,6.67
191500.0,3849500.0,119.63051,34.74105,107,79.33,1.93
212500.0,3833500.0,119.865,34.60311,107,97.13,2.8
222500.0,3917500.0,119.94592,35.36226,107,165.22,4.37
213500.0,3890500.0,119.8564,35.11662,107,159.75,3.13
202500.0,3909500.0,119.72902,35.28448,107,38.49,3.57
181500.0,3882500.0,119.50891,35.03501,107,171.62,29.82
202500.0,3908500.0,119.72938,35.27548,107,147.13,1.25
243500.0,3966500.0,120.16123,35.80915,107,40.3,23.76
266500.0,3988500.0,120.40908,36.01304,107,169.75,10.01
264500.0,3989500.0,120.38661,36.02156,107,11.04,7.33
222500.0,3868500.0,119.96237,34.92104,107,23.88,116.21
276500.0,3985500.0,120.52079,35.98836,107,164.2,28.79
254500.0,3888500.0,120.30638,35.10944,107,145.0,43.6
223500.0,3886500.0,119.96732,35.0834,107,15.64,324.86
304500.0,3984500.0,120.83142,35.98537,107,48.76,2.52
224500.0,3839500.0,119.99374,34.66043,106,68.19,2.93
258500.0,3979500.0,120.32313,35.93003,106,38.95,17.8
262500.0,3990500.0,120.36414,36.03008,106,176.72,53.48
251500.0,4005500.0,120.23745,36.16242,106,62.84,2.64
314500.0,3957500.0,120.94856,35.74404,106,170.58,5.02
196500.0,3852500.0,119.68396,34.76956,106,141.74,11.13
268500.0,3883500.0,120.46125,35.06771,106,146.66,42.48
178500.0,3840500.0,119.49218,34.65603,106,77.16,2.45
211500.0,3936500.0,119.81829,35.53019,106,126.44,86.39
190500.0,3837500.0,119.624,34.63272,105,132.21,1.63
184500.0,3911500.0,119.53065,35.29697,105,52.09,1.82
190500.0,3915500.0,119.59502,35.33485,105,138.6,24.22
308500.0,3954500.0,120.88296,35.71586,105,129.97,3.97
270500.0,3882500.0,120.48344,35.05916,105,153.06,12.5
214500.0,3932500.0,119.85273,35.49505,105,161.43,5.31
303500.0,3883500.0,120.84482,35.07514,105,72.04,353.61
301500.0,3970500.0,120.80166,35.85863,105,107.85,13.15
344500.0,3827500.0,121.30468,34.57753,105,158.83,88.01
342500.0,3921500.0,121.26508,35.42448,105,37.3,10.13
216500.0,3932500.0,119.87475,35.49562,105,177.51,2.15
219500.0,3940500.0,119.90501,35.5685,105,152.09,23.43
316500.0,4018500.0,120.95652,36.29404,105,156.79,43.34
218500.0,3901500.0,119.90744,35.21708,104,11.97,4.13
203500.0,3897500.0,119.74432,35.17675,104,150.38,12.66
162500.0,3847500.0,119.31512,34.71388,104,170.55,2.94
313500.0,3994500.0,120.92883,36.07723,104,20.25,13.82
231500.0,3843500.0,120.06876,34.69832,104,11.74,6.16
235500.0,3827500.0,120.11737,34.55525,104,12.59,4.7
248500.0,3892500.0,120.2394,35.14399,104,150.49,4.41
200500.0,3889500.0,119.71433,35.10384,104,18.05,3.49
302500.0,3979500.0,120.81049,35.93992,104,165.56,22.39
182500.0,3893500.0,119.51564,35.13433,104,144.14,1.94
280500.0,3921500.0,120.5826,35.41274,104,116.25,1.78
367500.0,3961500.0,121.53382,35.78866,104,156.85,171.89
258500.0,3987500.0,120.3207,36.00208,104,125.94,37.79
190500.0,3834500.0,119.62509,34.60571,104,132.95,39.81
217500.0,3897500.0,119.89784,35.18078,104,176.12,11.48
271500.0,3980500.0,120.46681,35.94217,104,36.19,6.76
202500.0,3852500.0,119.74942,34.77132,103,92.95,6.79
258500.0,3977500.0,120.32374,35.91202,103,39.91,14.28
180500.0,3844500.0,119.51245,34.69266,103,16.76,2.79
187500.0,3845500.0,119.58837,34.70383,103,165.81,37.33
216500.0,3841500.0,119.90588,34.67626,103,178.41,695.92
332500.0,3995500.0,121.13952,36.0897,103,97.35,326.6
203500.0,3859500.0,119.75786,34.83464,103,25.55,17.86
235500.0,3945500.0,120.07971,35.61793,103,147.51,1.84
198500.0,3868500.0,119.70003,34.91419,102,166.39,4.16
189500.0,3888500.0,119.59421,35.09151,102,154.32,2.26
193500.0,3891500.0,119.63691,35.11974,102,0.93,24.67
185500.0,3854500.0,119.56321,34.78423,102,87.47,197.49
183500.0,3884500.0,119.53003,35.05364,102,174.15,47.88
221500.0,3901500.0,119.94036,35.21791,102,91.63,1217.21
193500.0,3931500.0,119.62196,35.47979,102,65.91,5.07
193500.0,3930500.0,119.62234,35.47079,102,29.01,1.82
211500.0,3901500.0,119.83064,35.21509,102,11.68,38.41
250500.0,4004500.0,120.22666,36.15316,102,26.12,1.44
199500.0,3862500.0,119.71311,34.86047,102,84.18,2.55
291500.0,4017500.0,120.67857,36.27995,102,66.86,42.82
184500.0,3842500.0,119.55679,34.6759,102,17.28,11.44
238500.0,3885500.0,120.13197,35.07839,102,87.38,1540.05
179500.0,3896500.0,119.48161,35.16038,102,144.72,3.15
275500.0,3875500.0,120.54011,34.99722,102,155.79,304.95
218500.0,3923500.0,119.89988,35.41516,102,120.06,15.26
217500.0,3926500.0,119.88784,35.44189,102,121.96,70.93
168500.0,3877500.0,119.36865,34.98583,101,158.1,145.68
205500.0,3861500.0,119.779,34.85322,101,20.64,31.95
271500.0,3831500.0,120.50829,34.59992,101,144.62,47.41
164500.0,3834500.0,119.34207,34.59755,101,57.84,194.76
187500.0,3890500.0,119.57155,35.10889,101,0.39,8.44
186500.0,3908500.0,119.55376,35.2706,101,147.41,12.11
256500.0,3976500.0,120.30191,35.90252,101,45.69,18.97
184500.0,3854500.0,119.5523,34.78392,101,7.9,122.36
216500.0,3944500.0,119.87055,35.60366,101,13.94,8.84
180500.0,3842500.0,119.51321,34.67466,101,176.55,2.84
194500.0,3855500.0,119.66105,34.79597,101,41.33,3.6
312500.0,3994500.0,120.91773,36.07704,101,24.26,9.4
245500.0,3906500.0,120.20218,35.26932,101,161.55,38.79
319500.0,3942500.0,121.00719,35.60981,101,89.01,130.3
194500.0,3933500.0,119.63221,35.4981,101,153.24,2.83
225500.0,3872500.0,119.99385,34.95788,101,21.99,55.55
226500.0,3941500.0,119.98181,35.57946,101,12.9,2.28
229500.0,3913500.0,120.02419,35.32816,101,135.63,8.91
347500.0,3899500.0,121.32424,35.22697,101,142.62,65.51
200500.0,3916500.0,119.7045,35.3469,101,151.15,9.43
225500.0,3944500.0,119.96977,35.6062,101,116.46,5.33
219500.0,3843500.0,119.93792,34.6951,100,102.43,2.19
201500.0,3865500.0,119.73389,34.88807,100,22.51,2.34
175500.0,3885500.0,119.44208,35.0601,100,163.71,29.78
209500.0,3896500.0,119.81046,35.1695,100,30.24,4.29
309500.0,3953500.0,120.89424,35.70705,100,128.72,3.52
227500.0,3872500.0,120.01573,34.95842,100,7.73,68.71
245500.0,3966500.0,120.18334,35.80967,100,16.65,6.34
218500.0,3856500.0,119.92267,34.81188,100,100.64,42.41
226500.0,3920500.0,119.98888,35.39038,100,67.44,311.13
233500.0,3874500.0,120.08072,34.97802,100,2.18,46.55
253500.0,3974500.0,120.26932,35.88376,100,40.22,16.94
368500.0,3950500.0,121.54668,35.68965,100,33.89,83.28
301500.0,3974500.0,120.80066,35.89467,100,109.05,66.32
213500.0,3875500.0,119.86158,34.98157,100,101.21,24.12
382500.0,3858500.0,121.71454,34.86206,100,127.87,54.36
206500.0,3863500.0,119.78922,34.87152,100,17.58,3.95
195500.0,3870500.0,119.66651,34.9313,100,140.65,15.74
187500.0,3885500.0,119.57344,35.06389,100,8.34,18.12
267500.0,3974500.0,120.42426,35.88718,100,0.71,6.76
169500.0,3890500.0,119.37442,35.10315,99,146.24,3.11
184500.0,3844500.0,119.55604,34.6939,99,32.14,35.1
192500.0,3904500.0,119.62111,35.23645,99,150.41,32.91
235500.0,3831500.0,120.11613,34.59128,99,26.02,6.41
253500.0,3832500.0,120.31189,34.60477,99,172.18,20.54
317500.0,3978500.0,120.97691,35.93382,99,1.51,37.3
187500.0,3838500.0,119.59095,34.64081,99,143.75,1.63
176500.0,3895500.0,119.44912,35.15042,99,2.67,2.7
204500.0,3882500.0,119.76064,35.042,99,161.28,6.48
250500.0,3858500.0,120.27152,34.83824,99,128.37,1247.14
231500.0,3903500.0,120.04943,35.23865,99,91.97,565.33
227500.0,3911500.0,120.00288,35.30961,99,162.12,5.0
244500.0,3968500.0,120.17165,35.82742,99,65.4,10.19
303500.0,3970500.0,120.82379,35.85903,99,110.65,25.4
303500.0,3962500.0,120.82576,35.78696,99,50.34,155.23
202500.0,3841500.0,119.7533,34.67229,99,148.04,20.26
231500.0,3945500.0,120.0356,35.61685,98,62.64,74.67
300500.0,3980500.0,120.78808,35.94852,98,168.26,5.92
176500.0,3844500.0,119.46886,34.69141,98,119.83,2.61
213500.0,3847500.0,119.87115,34.72945,98,159.02,423.48
215500.0,3925500.0,119.86619,35.43231,98,129.1,23.88
244500.0,3904500.0,120.19182,35.25105,98,151.91,4.7
234500.0,3952500.0,120.06637,35.68069,98,170.23,12.2
204500.0,3914500.0,119.74917,35.33008,98,2.87,1.52
213500.0,3934500.0,119.84102,35.51277,98,138.83,6.45
179500.0,3890500.0,119.48393,35.10638,98,170.28,7.15
196500.0,3840500.0,119.68827,34.66152,98,100.68,2.09
263500.0,3990500.0,120.37522,36.03033,98,176.75,46.66
196500.0,3921500.0,119.6587,35.3907,98,129.87,22.49
165500.0,3878500.0,119.33545,34.99384,97,153.93,20.92
181500.0,3915500.0,119.49617,35.33202,97,137.91,1.65
229500.0,3908500.0,120.02584,35.28314,97,22.54,3.47
256500.0,3993500.0,120.29669,36.05562,97,50.8,2.87
205500.0,3895500.0,119.76696,35.15933,97,71.37,53.9
162500.0,3868500.0,119.30669,34.90286,97,177.83,41.18
185500.0,3850500.0,119.56471,34.74822,97,6.68,42.01
255500.0,3872500.0,120.32206,34.96556,97,175.26,57.3
249500.0,4003500.0,120.21588,36.14389,97,54.37,1.41
164500.0,3864500.0,119.33014,34.86753,97,75.58,4.36
201500.0,3909500.0,119.71804,35.28418,97,3.46,2.9
313500.0,3947500.0,120.93982,35.65375,97,111.12,7.18
301500.0,3975500.0,120.80041,35.90368,97,109.88,120.04
366500.0,3868500.0,121.53795,34.95023,97,131.47,39.31
249500.0,3891500.0,120.25067,35.13523,97,55.99,601.65
251500.0,3911500.0,120.26656,35.31586,97,124.31,34.44
333500.0,3939500.0,121.1623,35.58523,97,94.07,26.66
199500.0,3901500.0,119.69901,35.21157,97,140.21,9.84
182500.0,3844500.0,119.53425,34.69329,97,168.71,6.39
207500.0,3893500.0,119.7896,35.14191,97,45.86,19.89
224500.0,3942500.0,119.95943,35.58791,97,49.51,14.53
383500.0,3974500.0,121.70892,35.90787,97,86.26,359.18
175500.0,3874500.0,119.44637,34.9611,96,158.36,65.14
220500.0,3852500.0,119.94584,34.77641,96,71.58,45.71
298500.0,3977500.0,120.76668,35.92108,96,124.87,3.33
187500.0,3914500.0,119.56245,35.32491,96,96.06,2.73
294500.0,3836500.0,120.7577,34.64984,96,41.95,4107.89
276500.0,3859500.0,120.55534,34.85329,96,68.79,998.34
185500.0,3842500.0,119.56769,34.67621,96,1.66,13.04
193500.0,3883500.0,119.63987,35.04772,96,174.95,37.16
204500.0,3884500.0,119.75993,35.06001,96,99.68,1.58
226500.0,3934500.0,119.98418,35.51643,96,65.79,18.52
231500.0,3910500.0,120.04714,35.30169,96,155.28,5.05
238500.0,3876500.0,120.1348,34.99734,96,48.68,1107.89
270500.0,3896500.0,120.47956,35.18528,96,165.95,8.48
327500.0,3872500.0,121.11019,34.98039,96,176.53,678.08
331500.0,3904500.0,121.14747,35.26947,96,25.94,1062.67
245500.0,3909500.0,120.20125,35.29634,96,173.0,112.04
197500.0,3846500.0,119.69702,34.71584,96,147.51,40.5
325500.0,3926500.0,121.07684,35.4667,96,130.76,21.42
260500.0,3983500.0,120.34408,35.96655,95,83.14,42.25
187500.0,3833500.0,119.5928,34.5958,95,63.59,4.92
209500.0,3858500.0,119.82372,34.82736,95,126.47,4.66
192500.0,3908500.0,119.61961,35.27246,95,20.35,7.42
300500.0,3976500.0,120.78909,35.91248,95,54.89,2.55
209500.0,3880500.0,119.81607,35.02544,95,84.97,17.13
252500.0,3988500.0,120.25389,36.00958,95,57.64,4.79
173500.0,3907500.0,119.41149,35.25744,95,58.6,4.94
246500.0,3833500.0,120.23534,34.61207,95,87.15,1508.32
302500.0,3975500.0,120.81148,35.90388,95,113.47,114.86
197500.0,3909500.0,119.67413,35.28298,95,157.13,20.89
302500.0,3883500.0,120.83386,35.07494,95,163.2,57.52
318500.0,3922500.0,121.00063,35.4294,95,43.86,75.84
358500.0,3851500.0,121.45324,34.7959,95,29.21,384.08
208500.0,3882500.0,119.80443,35.04316,95,174.49,38.7
218500.0,3925500.0,119.89919,35.43317,95,123.93,38.44
263500.0,3861500.0,120.41271,34.86837,95,163.3,109.71
209500.0,3871500.0,119.81921,34.94441,95,178.28,65.91
238500.0,3971500.0,120.10432,35.85285,95,70.13,9.85
351500.0,3983500.0,121.35273,35.98465,95,30.19,19.15
274500.0,3987500.0,120.49805,36.00592,95,24.46,6.91
194500.0,3845500.0,119.66467,34.70594,95,162.0,18.44
223500.0,3943500.0,119.94807,35.59664,95,23.35,5.73
322500.0,4011500.0,121.02489,36.23209,95,59.15,7.32
218500.0,3897500.0,119.90881,35.18106,95,77.72,218.36
189500.0,3886500.0,119.59496,35.07351,94,157.98,4.77
186500.0,3915500.0,119.55108,35.3336,94,138.67,7.56
190500.0,3929500.0,119.58971,35.46086,94,165.36,1.3
169500.0,3839500.0,119.39454,34.64417,94,17.07,51.47
226500.0,3912500.0,119.99156,35.31834,94,158.18,3.15
205500.0,3907500.0,119.76267,35.26736,94,153.86,3.62
214500.0,3866500.0,119.87559,34.90081,94,25.25,244.25
198500.0,3843500.0,119.70899,34.68912,94,159.91,68.69
350500.0,3958500.0,121.34633,35.75918,94,27.73,19.05
199500.0,3855500.0,119.71562,34.79745,94,8.61,20.98
303500.0,3972500.0,120.8233,35.87705,94,99.39,4.38
226500.0,3871500.0,120.00512,34.94914,94,20.22,22.46
322500.0,3996500.0,121.02827,36.09694,94,21.01,139.81
207500.0,3863500.0,119.80014,34.87181,94,22.13,62.85
317500.0,3922500.0,120.98962,35.42922,94,43.68,32.14
294500.0,3913500.0,120.73869,35.34365,94,12.73,45.79
220500.0,3920500.0,119.92291,35.38871,94,138.84,9.16
227500.0,3942500.0,119.9925,35.58874,94,30.79,1.92
226500.0,3939500.0,119.98249,35.56146,94,68.64,1.51
175500.0,3908500.0,119.43304,35.26709,94,30.78,13.9
203500.0,3860500.0,119.75751,34.84364,93,27.64,52.08
184500.0,3890500.0,119.53869,35.10796,93,177.56,31.65
191500.0,3904500.0,119.61014,35.23614,93,148.28,112.61
224500.0,3903500.0,119.9726,35.23675,93,93.39,78.96
326500.0,3998500.0,121.07224,36.11568,93,28.47,45.21
218500.0,3833500.0,119.93034,34.60477,93,104.17,100.44
218500.0,3855500.0,119.92301,34.80288,93,51.25,31.94
318500.0,3978500.0,120.98799,35.93401,93,0.2,211.92
176500.0,3881500.0,119.45458,35.02442,93,28.41,1.61
211500.0,3903500.0,119.82994,35.2331,93,166.26,19.36
198500.0,3908500.0,119.68547,35.27428,93,126.03,9.12
202500.0,3906500.0,119.7301,35.25747,93,164.22,11.11
205500.0,3892500.0,119.76803,35.13232,93,9.97,2.11
312500.0,3938500.0,120.93087,35.57246,93,99.08,66.92
295500.0,3981500.0,120.73243,35.9565,93,163.98,11.37
316500.0,3946500.0,120.97317,35.6453,93,135.54,48.69
212500.0,3854500.0,119.85785,34.7922,93,45.23,2063.71
194500.0,3927500.0,119.63447,35.44409,93,129.66,1.21
181500.0,3840500.0,119.52485,34.65697,93,22.52,3.5
193500.0,3848500.0,119.65268,34.73265,93,0.53,5.09
208500.0,3860500.0,119.81211,34.84508,92,66.61,2.39
218500.0,3911500.0,119.90401,35.30712,92,27.64,35.03
168500.0,3885500.0,119.36547,35.05783,92,72.86,5.2
300500.0,3977500.0,120.78883,35.92149,92,126.16,16.61
178500.0,3882500.0,119.47608,35.03406,92,0.51,15.49
202500.0,3904500.0,119.73083,35.23947,92,92.54,2.41
193500.0,3904500.0,119.63208,35.23676,92,151.7,11.44
217500.0,3908500.0,119.89406,35.27982,92,141.45,64.57
224500.0,3871500.0,119.98325,34.9486,92,25.18,33.89
218500.0,3857500.0,119.92234,34.82089,92,12.6,2907.73
189500.0,3923500.0,119.58099,35.40654,92,9.97,2.54
311500.0,3916500.0,120.92495,35.37404,92,12.77,69.02
342500.0,4003500.0,121.24894,36.16347,92,104.94,862.67
216500.0,3935500.0,119.8737,35.52263,92,150.19,3.9
242500.0,3872500.0,120.17982,34.96234,92,172.05,76.87
239500.0,3904500.0,120.13693,35.24977,92,6.09,15.15
179500.0,3861500.0,119.49508,34.84537,92,171.8,1.83
186500.0,3842500.0,119.57858,34.67651,92,2.72,24.55
319500.0,3952500.0,121.00495,35.69992,92,9.65,250.77
182500.0,3891500.0,119.5164,35.11633,91,15.49,2.33
189500.0,3891500.0,119.59309,35.11851,91,176.02,15.39
237500.0,3959500.0,120.0972,35.74453,91,57.59,15.43
179500.0,3844500.0,119.50155,34.69235,91,18.42,2.13
227500.0,3941500.0,119.99284,35.57974,91,61.2,4.26
201500.0,3844500.0,119.74134,34.69901,91,165.59,4.25
216500.0,3854500.0,119.90151,34.79332,91,83.14,10.0
171500.0,3900500.0,119.39234,35.1938,91,6.68,1.11
299500.0,3989500.0,120.77472,36.0294,91,26.95,62.5
348500.0,3900500.0,121.33504,35.23613,91,124.15,41.35
338500.0,3925500.0,121.22025,35.45989,91,132.57,672.72
227500.0,3901500.0,120.00619,35.21956,91,165.92,34.81
205500.0,3860500.0,119.77935,34.84422,91,115.59,263.66
225500.0,3913500.0,119.98024,35.32707,91,43.27,623.09
229500.0,3876500.0,120.03631,34.99497,91,123.15,397.36
312500.0,3958500.0,120.92622,35.75267,91,14.39,20.79
381500.0,3974500.0,121.68676,35.90763,91,103.75,69.75
208500.0,3837500.0,119.82006,34.638,91,146.87,23.0
259500.0,3978500.0,120.33451,35.92127,91,16.17,13.64
172500.0,3882500.0,119.41043,35.03213,90,109.85,6.12
181500.0,3914500.0,119.49656,35.32302,90,100.85,2.43
193500.0,3869500.0,119.64502,34.9217,90,176.03,36.56
181500.0,3851500.0,119.52071,34.75598,90,70.65,6.3
198500.0,3885500.0,119.69387,35.06723,90,178.78,53.7
284500.0,3981500.0,120.61055,35.95413,90,165.16,12.32
217500.0,3944500.0,119.88158,35.60395,90,32.18,1.87
204500.0,3857500.0,119.76948,34.81692,90,16.45,17.56
256500.0,3872500.0,120.333,34.9658,90,84.56,1807.82
186500.0,3914500.0,119.55146,35.3246,90,63.37,29.04
211500.0,3942500.0,119.81615,35.58421,90,169.25,17.02
246500.0,3867500.0,120.2251,34.91831,90,70.99,961.32
236500.0,3898500.0,120.10592,35.19495,90,68.62,1066.85
207500.0,3911500.0,119.7832,35.30396,90,5.22,5.06
323500.0,3996500.0,121.03938,36.09712,90,23.6,6.71
208500.0,3906500.0,119.79596,35.25924,90,168.69,9.4
248500.0,3884500.0,120.24183,35.07193,90,116.84,779.95
244500.0,3907500.0,120.19089,35.27807,90,71.96,1154.99
312500.0,3916500.0,120.93595,35.37422,90,16.93,44.95
334500.0,3911500.0,121.17903,35.33306,90,29.37,3364.78
241500.0,3872500.0,120.16888,34.96209,90,171.51,72.67
302500.0,3873500.0,120.83623,34.98483,90,56.97,581.37
323500.0,3828500.0,121.07563,34.58315,90,131.54,51.13
302500.0,3971500.0,120.81248,35.86784,90,120.21,6.83
214500.0,3850500.0,119.88104,34.75674,90,92.29,3.65
200500.0,3867500.0,119.72224,34.90578,90,110.37,1.76
179500.0,3882500.0,119.48702,35.03438,90,178.66,5.65
203500.0,3915500.0,119.73783,35.33879,90,143.09,2.3
240500.0,3944500.0,120.13517,35.61025,90,169.38,5.22
236500.0,3959500.0,120.08615,35.74426,90,26.91,2.68
268500.0,3983500.0,120.43271,35.96848,90,13.42,7.99
172500.0,3890500.0,119.40727,35.10413,89,48.84,1.36
165500.0,3834500.0,119.35295,34.59787,89,57.17,30.63
191500.0,3873500.0,119.62168,34.9571,89,173.7,23.44
216500.0,3903500.0,119.88481,35.23452,89,11.71,3.17
195500.0,3884500.0,119.66139,35.05733,89,172.48,33.59
310500.0,3951500.0,120.90576,35.68922,89,127.56,4.11
205500.0,3857500.0,119.7804,34.81721,89,171.42,3.25
266500.0,3991500.0,120.40819,36.04006,89,9.14,4.35
344500.0,3959500.0,121.27979,35.76727,89,155.45,148.7
224500.0,3842500.0,119.99276,34.68745,89,169.58,8.1
194500.0,3860500.0,119.65923,34.84098,89,145.54,6.52
225500.0,3933500.0,119.9735,35.50715,89,89.23,15.36
248500.0,3998500.0,120.20637,36.09861,89,110.64,6.41
290500.0,3865500.0,120.70686,34.91034,89,59.48,589.91
316500.0,3956500.0,120.97089,35.73541,89,134.46,3.75
185500.0,3915500.0,119.5401,35.33329,89,86.43,1.41
235500.0,3912500.0,120.09044,35.32076,89,177.71,7.21
220500.0,3870500.0,119.93983,34.9385,89,10.26,13.97
378500.0,4020500.0,121.64643,36.32187,89,28.63,20.82
210500.0,3854500.0,119.83602,34.79163,89,11.17,18.17
195500.0,3889500.0,119.65956,35.10234,89,179.74,65.77
204500.0,3913500.0,119.74953,35.32108,89,91.34,1.99
333500.0,3934500.0,121.16333,35.54017,89,113.03,2.74
203500.0,3841500.0,119.76419,34.67258,89,148.82,9.66
169500.0,3867500.0,119.38355,34.89616,88,177.6,8.21
191500.0,3845500.0,119.63197,34.70504,88,41.93,14.2
210500.0,3860500.0,119.83395,34.84566,88,156.7,7.11
212500.0,3905500.0,119.84022,35.25139,88,0.27,3.16
171500.0,3893500.0,119.39513,35.1308,88,33.2,5.76
193500.0,3910500.0,119.62984,35.29077,88,114.41,7.55
263500.0,3902500.0,120.40103,35.2377,88,8.23,64.1
331500.0,4001500.0,121.12713,36.14359,88,113.64,155.61
185500.0,3855500.0,119.56284,34.79323,88,177.8,56.28
182500.0,3871500.0,119.52404,34.93632,88,61.16,3.87
187500.0,3884500.0,119.57382,35.05489,88,7.41,25.83
236500.0,3885500.0,120.11006,35.07787,88,83.82,10890.55
203500.0,3890500.0,119.74683,35.11373,88,19.34,10.76
193500.0,3929500.0,119.62271,35.46179,88,26.1,5.16
259500.0,3980500.0,120.33391,35.93929,88,52.82,4.59
351500.0,3943500.0,121.36016,35.62415,88,46.47,114.6
341500.0,4003500.0,121.23783,36.1633,88,19.44,21.96
222500.0,3870500.0,119.9617,34.93905,88,22.47,55.68
258500.0,3886500.0,120.35081,35.09239,88,116.19,38.79
191500.0,3890500.0,119.61537,35.11013,88,3.8,41.31
409500.0,3962500.0,121.99838,35.80245,88,166.8,133.72
325500.0,3850500.0,121.09288,34.78177,88,178.22,38.51
186500.0,3882500.0,119.56362,35.03657,88,3.92,16.39
200500.0,3890500.0,119.71396,35.11284,88,5.48,3.57
195500.0,3919500.0,119.64845,35.37239,88,119.93,9.17
208500.0,3859500.0,119.81246,34.83608,87,68.61,1.72
206500.0,3893500.0,119.77864,35.14162,87,50.01,10.69
171500.0,3895500.0,119.39433,35.1488,87,176.81,2.03
201500.0,3888500.0,119.72564,35.09513,87,13.78,19.11
192500.0,3885500.0,119.62818,35.06542,87,172.66,2.34
296500.0,3981500.0,120.74351,35.9567,87,174.75,3.36
227500.0,3912500.0,120.00254,35.31861,87,143.68,10.85
219500.0,3838500.0,119.93958,34.65007,87,53.32,20.05
196500.0,3918500.0,119.65981,35.36369,87,133.12,25.99
223500.0,3941500.0,119.94875,35.57863,87,42.43,15.93
382500.0,3971500.0,121.69829,35.88071,87,8.68,4.85
232500.0,3945500.0,120.04662,35.61712,86,62.17,6.57
214500.0,3849500.0,119.88138,34.74774,86,84.64,12.5
287500.0,3984500.0,120.64298,35.98181,86,17.98,11.7
200500.0,3883500.0,119.71649,35.04982,86,175.42,6.4
190500.0,3859500.0,119.61592,34.83077,86,50.41,19.83
275500.0,3859500.0,120.54442,34.85307,86,177.91,37.34
300500.0,3884500.0,120.81169,35.08356,86,167.27,362.1
176500.0,3894500.0,119.44951,35.14142,86,143.25,3.79
203500.0,3902500.0,119.74252,35.22176,86,175.48,1.33
221500.0,3926500.0,119.93185,35.44301,86,64.32,22.98
227500.0,3904500.0,120.0052,35.24658,86,4.16,59.72
243500.0,3847500.0,120.19841,34.73742,86,160.1,17.83
251500.0,3973500.0,120.2475,35.87425,86,39.53,31.61
292500.0,3851500.0,120.7322,34.7846,86,135.88,553.46
318500.0,3968500.0,120.99027,35.84391,86,159.33,6.98
182500.0,3883500.0,119.51947,35.04432,86,178.97,22.68
262500.0,3971500.0,120.36982,35.85896,86,95.59,1.82
267500.0,3969500.0,120.42572,35.84215,86,33.35,2.45
220500.0,3939500.0,119.91638,35.55978,86,32.14,1.37
203500.0,3891500.0,119.74647,35.12273,85,173.56,6.39
219500.0,3901500.0,119.91841,35.21736,85,7.87,17.19
239500.0,3962500.0,120.11831,35.77207,85,51.41,45.41
175500.0,3860500.0,119.4518,34.8351,85,169.62,1.29
176500.0,3888500.0,119.45186,35.08742,85,1.49,15.32
193500.0,3850500.0,119.65196,34.75065,85,157.46,10.86
194500.0,3884500.0,119.65044,35.05703,85,0.67,8.83
269500.0,3988500.0,120.44234,36.01375,85,140.56,4.56
290500.0,3985500.0,120.67597,35.99147,85,17.9,36.5
182500.0,3892500.0,119.51602,35.12533,85,111.23,11.81
273500.0,3879500.0,120.51713,35.03281,85,166.02,9.72
178500.0,3906500.0,119.46674,35.25006,85,24.18,10.28
198500.0,3862500.0,119.70219,34.86018,85,28.87,3.29
203500.0,3908500.0,119.74036,35.27577,85,0.84,6.74
196500.0,3919500.0,119.65944,35.37269,85,127.67,4.28
232500.0,3946500.0,120.04629,35.62613,85,62.36,7.07
349500.0,3899500.0,121.34621,35.22727,85,128.29,642.98
220500.0,3848500.0,119.94716,34.74039,85,174.19,1526.59
335500.0,3844500.0,121.20329,34.72936,85,142.45,87.09
361500.0,3885500.0,121.48038,35.1028,85,39.23,275.58
365500.0,3838500.0,121.53181,34.67966,85,168.38,110.54
391500.0,3949500.0,121.80095,35.68344,85,54.59,1469.8
222500.0,3918500.0,119.94558,35.37126,85,132.2,78.8
231500.0,3825500.0,120.07446,34.5362,85,117.82,171.71
185500.0,3844500.0,119.56694,34.69421,85,28.72,16.88
214500.0,3851500.0,119.8807,34.76575,85,173.92,2388.9
224500.0,3908500.0,119.97093,35.28177,85,138.49,22.92
176500.0,3905500.0,119.4452,35.24042,85,26.78,4.14
219500.0,3905500.0,119.91705,35.25337,85,23.96,3.0
281500.0,3982500.0,120.57703,35.96247,84,75.22,355.67
210500.0,3826500.0,119.8456,34.53952,84,57.31,64.0
228500.0,3835500.0,120.03861,34.62548,84,157.73,4.95
190500.0,3928500.0,119.59009,35.45186,84,92.77,2.63
198500.0,3861500.0,119.70255,34.85117,84,51.13,10.48
226500.0,3913500.0,119.99122,35.32734,84,129.71,6.43
187500.0,3850500.0,119.58652,34.74884,84,72.33,37.01
196500.0,3905500.0,119.66462,35.24667,84,77.64,3.29
234500.0,3833500.0,120.10461,34.60903,84,87.31,96.53
237500.0,3885500.0,120.12101,35.07814,84,86.09,80299.08
192500.0,3930500.0,119.61133,35.47048,84,40.45,1.53
260500.0,3981500.0,120.34468,35.94854,84,65.72,5.3
363500.0,3938500.0,121.49347,35.58081,84,47.57,1553.79
390500.0,3991500.0,121.78413,36.06192,84,130.16,266.04
343500.0,3921500.0,121.2761,35.42463,84,168.01,49.35
270500.0,3899500.0,120.47872,35.21231,84,179.15,255.52
337500.0,3925500.0,121.20923,35.45972,84,43.87,977.32
180500.0,3890500.0,119.49488,35.1067,84,168.12,4.39
186500.0,3888500.0,119.56136,35.09058,83,9.12,4.54
174500.0,3856500.0,119.44243,34.79878,83,67.47,7.74
214500.0,3833500.0,119.88678,34.60367,83,42.68,47.04
198500.0,3910500.0,119.68474,35.29229,83,151.04,47.6
241500.0,3822500.0,120.18421,34.51174,83,134.55,223.43
237500.0,3832500.0,120.1376,34.6008,83,13.11,15.32
202500.0,3902500.0,119.73155,35.22146,83,125.05,3.26
215500.0,3942500.0,119.86023,35.58537,83,116.32,10.48
263500.0,3986500.0,120.37642,35.9943,83,148.17,2.59
331500.0,3891500.0,121.15013,35.15231,83,111.74,73.61
223500.0,3887500.0,119.96699,35.0924,83,19.15,63.04
197500.0,3912500.0,119.67302,35.30999,83,23.88,14.54
318500.0,3869500.0,121.0123,34.95178,83,161.19,92.36
200500.0,3841500.0,119.7315,34.6717,83,137.54,35.57
233500.0,3919500.0,120.06618,35.38327,83,0.63,65.36
275500.0,3981500.0,120.51084,35.9521,83,15.73,4.57
181500.0,3844500.0,119.52335,34.69297,82,0.16,3.97
219500.0,3852500.0,119.93492,34.77614,82,153.94,3.83
214500.0,3930500.0,119.85344,35.47704,82,106.53,3.5
163500.0,3886500.0,119.31034,35.06517,82,145.84,3.46
182500.0,3849500.0,119.53237,34.73829,82,4.7,11.85
201500.0,3907500.0,119.71877,35.26618,82,145.03,10.94
232500.0,3831500.0,120.08346,34.5905,82,143.43,20.87
183500.0,3849500.0,119.54327,34.7386,82,144.5,2.83
206500.0,3882500.0,119.78253,35.04258,82,171.06,53.08
196500.0,3911500.0,119.66241,35.30068,82,120.17,1.46
200500.0,3855500.0,119.72653,34.79775,82,9.81,8.26
199500.0,3905500.0,119.69754,35.24758,82,37.4,3.97
318500.0,3940500.0,120.9966,35.5916,82,42.73,3.93
276500.0,3875500.0,120.55106,34.99744,82,157.52,360.31
247500.0,3873500.0,120.23422,34.97261,82,1.95,26.71
224500.0,3914500.0,119.96891,35.3358,82,39.75,466.29
224500.0,3944500.0,119.95875,35.60592,82,106.24,25.68
198500.0,3917500.0,119.68216,35.3553,82,146.35,24.12
230500.0,3941500.0,120.0259,35.58056,81,67.23,89.87
200500.0,3900500.0,119.71034,35.20286,81,151.22,81.82
191500.0,3853500.0,119.62904,34.77706,81,18.03,2.71
191500.0,3888500.0,119.61611,35.09212,81,168.07,2.6
223500.0,3918500.0,119.95657,35.37154,81,99.06,4.4
227500.0,3825500.0,120.03093,34.53515,81,152.53,9.52
228500.0,3902500.0,120.01684,35.22884,81,165.89,26.64
222500.0,3835500.0,119.97325,34.62387,81,172.08,5.9
198500.0,3911500.0,119.68437,35.30129,81,162.79,6.77
194500.0,3909500.0,119.64119,35.28207,81,113.22,1.95
237500.0,3898500.0,120.11689,35.19521,81,154.23,25.64
323500.0,3942500.0,121.05132,35.61053,81,36.59,3158.5
197500.0,3837500.0,119.70024,34.63481,81,78.09,1.75
209500.0,3882500.0,119.81537,35.04345,81,173.97,136.53
221500.0,3867500.0,119.95177,34.91176,81,22.48,107.69
225500.0,3936500.0,119.97249,35.53417,81,84.95,12.48
214500.0,3934500.0,119.85203,35.51306,81,88.74,2.41
263500.0,3893500.0,120.40361,35.15663,81,102.49,2.12
230500.0,3903500.0,120.03846,35.23838,81,94.01,563.64
317500.0,3921500.0,120.98984,35.42021,81,43.5,379.56
181500.0,3890500.0,119.50584,35.10701,81,0.14,15.67
324500.0,3850500.0,121.08196,34.7816,81,81.32,47.19
211500.0,3855500.0,119.84659,34.80092,81,67.19,134.01
195500.0,3922500.0,119.64733,35.39939,81,118.42,5.12
376500.0,3962500.0,121.63322,35.79885,81,149.85,25.48
197500.0,3853500.0,119.69451,34.77886,80,175.52,28.49
301500.0,3980500.0,120.79916,35.94872,80,172.92,8.14
165500.0,3835500.0,119.35256,34.60687,80,59.08,100.29
179500.0,3852500.0,119.49851,34.76436,80,151.03,11.62
200500.0,3861500.0,119.72439,34.85176,80,49.53,2.79
196500.0,3892500.0,119.66941,35.12965,80,161.79,4.94
220500.0,3901500.0,119.92938,35.21764,80,10.28,1.93
213500.0,3900500.0,119.85293,35.20666,80,30.31,24.43
264500.0,3984500.0,120.3881,35.97653,80,95.42,1.28
174500.0,3855500.0,119.44282,34.78978,80,102.42,1.98
213500.0,3902500.0,119.85224,35.22467,80,14.06,5.48
213500.0,3946500.0,119.83677,35.6208,80,103.03,5.37
238500.0,3898500.0,120.12786,35.19547,80,149.29,10.78
221500.0,3841500.0,119.96038,34.67763,80,154.63,13.58
210500.0,3893500.0,119.82248,35.14277,80,6.41,11.03
182500.0,3872500.0,119.52366,34.94532,80,171.7,18.53
227500.0,3856500.0,120.02094,34.81433,80,132.2,435.36
355500.0,4012500.0,121.39176,36.2466,80,30.08,100.7
348500.0,3907500.0,121.33375,35.29923,80,57.78,19.06
221500.0,3869500.0,119.9511,34.92977,80,28.06,118.22
246500.0,3873500.0,120.22328,34.97236,80,93.42,985.96
339500.0,3939500.0,121.22849,35.58622,80,36.56,6.1
363500.0,3851500.0,121.50788,34.79659,80,62.2,1115.9
341500.0,3897500.0,121.25872,35.20801,80,28.54,3860.51
266500.0,3990500.0,120.40849,36.03105,80,8.28,7.36
365500.0,3839500.0,121.53165,34.68867,80,60.96,1.96
397500.0,3837500.0,121.88117,34.67435,80,66.48,465.75
225500.0,3940500.0,119.97113,35.57018,80,119.54,9.67
218500.0,3941500.0,119.89364,35.57722,80,143.67,3.46
356500.0,3945500.0,121.41499,35.64291,80,52.72,1043.79
311500.0,3980500.0,120.90997,35.95071,79,1.53,120.09
206500.0,3820500.0,119.80414,34.48436,79,55.86,123.83
203500.0,3862500.0,119.7568,34.86165,79,31.23,4.2
182500.0,3890500.0,119.51679,35.10733,79,179.55,24.25
197500.0,3885500.0,119.68292,35.06693,79,174.08,9.97
197500.0,3859500.0,119.69235,34.83287,79,26.25,1.97
200500.0,3858500.0,119.72546,34.82476,79,19.88,16.2
202500.0,3883500.0,119.73839,35.05041,79,169.46,12.5
247500.0,3893500.0,120.22813,35.15274,79,150.47,29.89
172500.0,3904500.0,119.40172,35.23012,79,78.29,7.03
199500.0,3863500.0,119.71275,34.86947,79,53.6,8.01
205500.0,3851500.0,119.7825,34.76319,79,119.97,34.65
194500.0,3887500.0,119.64934,35.08403,79,163.95,4.34
185500.0,3880500.0,119.55344,35.01826,79,82.73,57.33
218500.0,3905500.0,119.90607,35.25309,79,38.0,12.0
231500.0,3830500.0,120.07288,34.58124,79,103.58,2.37
263500.0,3873500.0,120.40931,34.97647,79,2.13,116.01
234500.0,3912500.0,120.07945,35.3205,79,151.13,37.87
213500.0,3859500.0,119.86706,34.8375,79,137.29,1.28
228500.0,3829500.0,120.04053,34.57144,79,119.79,1.29
259500.0,3983500.0,120.333,35.96631,79,100.15,5.57
318500.0,3943500.0,120.99593,35.61864,79,33.61,837.14
199500.0,3918500.0,119.69278,35.3646,79,153.48,48.27
171500.0,3890500.0,119.39632,35.1038,78,119.72,26.51
240500.0,3962500.0,120.12936,35.77234,78,49.08,41.15
176500.0,3860500.0,119.46272,34.83542,78,2.34,76.21
205500.0,3844500.0,119.78495,34.70016,78,155.67,4.38
195500.0,3931500.0,119.64397,35.48041,78,127.38,12.4
227500.0,3902500.0,120.00586,35.22857,78,169.79,34.02
212500.0,3890500.0,119.84544,35.11634,78,167.48,13.7
216500.0,3924500.0,119.87754,35.4236,78,128.11,42.94
250500.0,3871500.0,120.26765,34.95534,78,176.8,177.48
305500.0,3964500.0,120.84739,35.80537,78,32.25,443.94
180500.0,3882500.0,119.49796,35.03469,78,175.79,12.14
221500.0,3842500.0,119.96005,34.68664,78,150.81,5.79
224500.0,3930500.0,119.96351,35.47987,78,57.08,29.85
261500.0,3873500.0,120.38742,34.976,78,2.23,250.56
229500.0,3912500.0,120.02452,35.31916,78,131.59,89.28
276500.0,3983500.0,120.52135,35.97035,78,113.4,4.25
179500.0,3874500.0,119.4901,34.96237,78,122.04,2.96
225500.0,3917500.0,119.97889,35.36309,78,134.56,13.69
302500.0,3890500.0,120.83219,35.13802,78,166.22,205.18
358500.0,3927500.0,121.44022,35.48096,78,73.01,1568.38
356500.0,4012500.0,121.40289,36.24675,78,25.77,223.17
389500.0,3952500.0,121.77844,35.71026,78,148.78,377.71
273500.0,3874500.0,120.51849,34.98777,78,91.92,209.73
174500.0,3849500.0,119.44514,34.73577,78,54.73,3.45
198500.0,3912500.0,119.684,35.31029,78,15.65,6.26
317500.0,3869500.0,121.00135,34.9516,78,72.98,915.86
234500.0,3900500.0,120.08333,35.21243,78,143.69,2.26
373500.0,4016500.0,121.59139,36.28518,78,25.4,187.6
243500.0,3823500.0,120.20567,34.52125,78,110.65,3.34
185500.0,3847500.0,119.56582,34.72122,78,124.0,19.06
191500.0,3838500.0,119.63452,34.64202,77,136.21,4.71
197500.0,3868500.0,119.6891,34.91389,77,148.73,10.94
188500.0,3891500.0,119.58213,35.1182,77,13.04,6.36
215500.0,3928500.0,119.86514,35.45932,77,130.52,24.33
232500.0,3906500.0,120.05943,35.26593,77,105.42,4.41
289500.0,3983500.0,120.66541,35.97324,77,170.34,13.05
172500.0,3860500.0,119.41905,34.83414,77,165.16,1.17
172500.0,3859500.0,119.41944,34.82514,77,87.4,17.87
204500.0,3885500.0,119.75957,35.06901,77,95.41,13.69
327500.0,3976500.0,121.08815,35.91762,77,3.43,79.97
197500.0,3919500.0,119.67043,35.373,77,169.02,29.62
236500.0,3832500.0,120.12671,34.60054,77,112.11,1.47
194500.0,3888500.0,119.64897,35.09304,77,40.98,201.07
232500.0,3947500.0,120.04596,35.63513,77,68.71,14.19
285500.0,3984500.0,120.62081,35.98137,77,170.51,11.59
331500.0,3905500.0,121.14727,35.27848,77,24.52,1540.91
355500.0,4011500.0,121.39194,36.23759,77,25.89,209.54
349500.0,3848500.0,121.35543,34.76757,77,63.42,930.83
376500.0,3884500.0,121.64506,35.09574,77,150.74,27.16
221500.0,3938500.0,119.92774,35.55106,77,2.17,8.0
199500.0,3860500.0,119.71383,34.84247,76,9.88,5.32
191500.0,3889500.0,119.61574,35.10112,76,177.32,23.7
195500.0,3907500.0,119.65291,35.26437,76,0.11,4.59
175500.0,3904500.0,119.43462,35.2311,76,19.98,6.97
214500.0,3901500.0,119.86355,35.21595,76,11.75,28.19
217500.0,3941500.0,119.88262,35.57694,76,137.23,3.12
334500.0,3934500.0,121.17435,35.54034,76,106.46,3.85
212500.0,3947500.0,119.82539,35.62951,76,150.36,1.41
202500.0,3882500.0,119.73875,35.04141,76,170.79,27.97
356500.0,3861500.0,121.42967,34.88577,76,21.42,556.35
182500.0,3842500.0,119.535,34.67528,76,116.07,3.64
233500.0,3950500.0,120.056,35.66241,76,44.98,13.47
286500.0,3879500.0,120.65952,35.03564,76,168.04,92.31
339500.0,3924500.0,121.23146,35.45104,76,134.01,49.49
272500.0,3984500.0,120.47674,35.97843,76,169.54,24.77
243500.0,3972500.0,120.1593,35.86318,76,89.7,10.43
352500.0,3965500.0,121.36715,35.82257,76,98.16,34.27
189500.0,3851500.0,119.60796,34.75845,76,141.13,5.82
234500.0,3944500.0,120.06901,35.60866,76,22.74,5.07
229500.0,3841500.0,120.04759,34.67978,76,5.39,5.04
247500.0,3882500.0,120.23149,35.05367,76,13.54,22.77
271500.0,3975500.0,120.46825,35.89713,76,28.51,8.74
339500.0,3979500.0,121.22048,35.9467,76,12.87,197.38
254500.0,3891500.0,120.30549,35.13646,76,154.13,403.81
207500.0,3892500.0,119.78995,35.1329,76,179.54,4.65
223500.0,3938500.0,119.94977,35.55162,76,116.0,1.89
247500.0,3968500.0,120.20482,35.8282,76,51.96,10.41
214500.0,3895500.0,119.86563,35.16192,76,130.09,5.83
200500.0,3905500.0,119.70852,35.24788,76,11.56,12.56
250500.0,3971500.0,120.23706,35.85598,75,21.89,2.6
222500.0,3839500.0,119.97194,34.65989,75,140.78,6.03
228500.0,3941500.0,120.00386,35.58001,75,54.92,25.78
175500.0,3865500.0,119.44986,34.8801,75,28.77,2.5
202500.0,3842500.0,119.75294,34.68129,75,87.82,30.99
193500.0,3909500.0,119.63021,35.28176,75,58.82,2.61
355500.0,3858500.0,121.41925,34.85858,75,24.51,137.34
235500.0,3832500.0,120.11582,34.60029,75,79.02,42.91
319500.0,3960500.0,121.00315,35.772,75,115.66,7.72
225500.0,3934500.0,119.97316,35.51616,75,87.61,15.7
243500.0,3973500.0,120.15898,35.87218,75,96.2,11.9
370500.0,3951500.0,121.56862,35.69893,75,3.23,245.41
234500.0,3951500.0,120.0667,35.67169,75,55.14,1.82
230500.0,3871500.0,120.04887,34.95021,75,138.73,5.98
260500.0,3893500.0,120.37071,35.15592,75,83.25,980.15
211500.0,3834500.0,119.85377,34.61183,75,100.54,7.1
218500.0,3921500.0,119.90057,35.39715,75,109.72,31.61
300500.0,3970500.0,120.79059,35.85843,75,122.49,10.27
212500.0,3859500.0,119.85614,34.83722,75,157.91,9.18
239500.0,3946500.0,120.1235,35.628,75,1.72,2.79
262500.0,3981500.0,120.36683,35.94903,75,30.59,80.61
181500.0,3841500.0,119.52448,34.66597,75,20.83,4.53
195500.0,3845500.0,119.67557,34.70624,75,176.14,7.55
378500.0,3981500.0,121.65245,35.97036,75,94.59,19.8
408500.0,3982500.0,121.98501,35.98265,75,125.69,123.26
166500.0,3889500.0,119.34197,35.09316,74,129.85,1.29
249500.0,3971500.0,120.226,35.85572,74,23.06,6.87
218500.0,3869500.0,119.9183,34.92894,74,37.26,6.27
302500.0,3989500.0,120.808,36.03001,74,115.87,277.17
207500.0,3910500.0,119.78356,35.29496,74,2.68,3.23
258500.0,3996500.0,120.31795,36.08314,74,137.56,1.09
211500.0,3933500.0,119.81935,35.50319,74,117.59,3.17
184500.0,3849500.0,119.55417,34.73891,74,165.69,1.84
197500.0,3920500.0,119.67006,35.382,74,135.42,27.42
260500.0,3865500.0,120.37878,34.9037,74,176.36,164.07
277500.0,3986500.0,120.53159,35.9976,74,8.35,4.52
293500.0,3986500.0,120.70896,36.00112,74,18.03,16.44
355500.0,3948500.0,121.40341,35.6698,74,149.89,527.15
221500.0,3836500.0,119.96203,34.6326,74,154.15,44.76
224500.0,3870500.0,119.98358,34.93959,74,175.27,5.95
215500.0,3905500.0,119.87314,35.25225,74,169.08,432.04
359500.0,3849500.0,121.4645,34.77801,74,118.58,272.29
195500.0,3860500.0,119.67015,34.84128,74,154.97,11.61
203500.0,3913500.0,119.73855,35.32079,74,22.21,6.64
239500.0,3870500.0,120.14762,34.94356,74,163.7,13.58
350500.0,3926500.0,121.35225,35.47078,74,147.94,2.63
183500.0,3840500.0,119.54664,34.65759,74,51.76,15.41
291500.0,3986500.0,120.68679,36.00069,74,109.64,488.37
387500.0,3973500.0,121.75338,35.89933,74,90.19,22.58
204500.0,3864500.0,119.76702,34.87994,73,1.77,2.65
250500.0,3994500.0,120.22983,36.06311,73,150.01,2.31
213500.0,3830500.0,119.8769,34.57637,73,72.06,3.17
190500.0,3886500.0,119.60591,35.07381,73,7.81,1.35
210500.0,3904500.0,119.81862,35.24181,73,169.98,13.78
227500.0,3940500.0,119.99317,35.57074,73,4.55,8.34
289500.0,3985500.0,120.66488,35.99125,73,21.69,3.95
220500.0,3903500.0,119.92871,35.23564,73,3.26,39.61
196500.0,3930500.0,119.65535,35.47171,73,138.87,19.14
175500.0,3896500.0,119.43777,35.1591,73,46.5,5.61
193500.0,3857500.0,119.64941,34.81367,73,176.37,2.6
219500.0,3922500.0,119.91123,35.40644,73,110.74,1.98
213500.0,3944500.0,119.83748,35.6028,73,32.51,22.21
265500.0,3984500.0,120.39918,35.97677,73,36.56,4.44
313500.0,3946500.0,120.94006,35.64474,73,40.66,234.88
306500.0,3962500.0,120.85893,35.78755,73,28.3,487.33
293500.0,3985500.0,120.70922,35.99211,73,107.71,882.9
367500.0,3867500.0,121.54906,34.94135,73,131.95,7.25
193500.0,3888500.0,119.63802,35.09273,73,115.58,28.07
262500.0,3977500.0,120.36803,35.913,73,152.64,7.05
235500.0,3954500.0,120.07675,35.69897,73,68.01,6.12
238500.0,3904500.0,120.12595,35.24951,73,173.08,29.65
362500.0,3884500.0,121.49151,35.09393,73,128.09,29.86
367500.0,4013500.0,121.52511,36.25733,73,20.86,38.48
428500.0,4003500.0,122.20494,36.17363,73,143.45,3977.6
220500.0,3861500.0,119.94284,34.85746,73,28.86,21.42
209500.0,3937500.0,119.7959,35.53861,73,130.83,4.3
234500.0,3830500.0,120.10555,34.58202,73,10.6,1.37
360500.0,3864500.0,121.47293,34.91337,73,109.96,146.4
223500.0,3928500.0,119.95318,35.46158,73,60.8,39.49
233500.0,3878500.0,120.07944,35.01405,73,154.74,10.28
274500.0,3975500.0,120.50146,35.89783,73,145.53,34.76
302500.0,3980500.0,120.81024,35.94893,72,171.61,28.78
194500.0,3885500.0,119.65008,35.06603,72,23.52,6.52
187500.0,3908500.0,119.56473,35.27091,72,176.29,14.06
214500.0,3947500.0,119.84744,35.63009,72,26.13,2.79
226500.0,3826500.0,120.01972,34.54389,72,69.87,764.03
207500.0,3890500.0,119.79066,35.1149,72,166.11,51.66
207500.0,3882500.0,119.79348,35.04287,72,174.17,54.44
240500.0,3882500.0,120.15482,35.05189,72,66.42,1404.9
274500.0,3892500.0,120.52454,35.15015,72,70.53,1.69
344500.0,3905500.0,121.29015,35.28059,72,127.56,36.99
206500.0,3911500.0,119.77222,35.30367,72,169.8,3.29
333500.0,3962500.0,121.15754,35.7925,72,68.69,2898.18
286500.0,3984500.0,120.6319,35.98159,72,3.86,5.04
319500.0,3943500.0,121.00696,35.61882,72,61.13,26.92
339500.0,4002500.0,121.21581,36.15396,72,22.8,99.14
215500.0,3904500.0,119.87349,35.24324,72,46.07,9.51
246500.0,3872500.0,120.22358,34.96335,72,174.38,17.8
237500.0,3958500.0,120.09752,35.73552,72,67.84,8.34
195500.0,3843500.0,119.6763,34.68823,72,178.54,3.17
188500.0,3885500.0,119.58439,35.0642,72,139.89,5.99
179500.0,3848500.0,119.50003,34.72835,72,166.94,4.43
268500.0,3911500.0,120.45339,35.31994,72,26.26,1485.9
259500.0,3911500.0,120.35447,35.31782,72,82.19,89.98
336500.0,3926500.0,121.19802,35.46857,72,137.45,175.88
201500.0,3916500.0,119.71549,35.3472,72,155.61,77.1
289500.0,3989500.0,120.66382,36.02729,72,7.28,28.85
244500.0,3818500.0,120.21805,34.47646,72,125.91,6.19
248500.0,3970500.0,120.21525,35.84646,71,22.8,2.43
192500.0,3856500.0,119.63886,34.80437,71,29.3,7.96
209500.0,3859500.0,119.82338,34.83637,71,98.65,5.6
260500.0,3978500.0,120.34558,35.92152,71,61.28,5.47
254500.0,3975500.0,120.28008,35.89301,71,49.95,17.38
305500.0,3960500.0,120.84836,35.76933,71,134.06,8.51
165500.0,3887500.0,119.33183,35.07483,71,13.03,25.31
188500.0,3840500.0,119.60111,34.65912,71,70.47,4.22
209500.0,3860500.0,119.82303,34.84537,71,8.16,4.43
250500.0,3992500.0,120.23046,36.04509,71,122.02,1.81
204500.0,3886500.0,119.75921,35.07801,71,89.62,34.63
229500.0,3845500.0,120.04631,34.7158,71,14.13,46.68
306500.0,3960500.0,120.85941,35.76953,71,114.3,2.63
180500.0,3906500.0,119.48869,35.2507,71,41.46,8.78
240500.0,3881500.0,120.15513,35.04289,71,169.31,253.67
258500.0,3985500.0,120.32131,35.98407,71,92.3,13.94
311500.0,3951500.0,120.91681,35.68941,71,120.79,32.45
228500.0,3912500.0,120.01353,35.31888,71,143.11,73.12
339500.0,3867500.0,121.24256,34.9373,71,81.99,403.18
319500.0,3934500.0,121.00897,35.53772,71,39.12,326.76
437500.0,3993500.0,122.30581,36.08411,71,97.43,460.18
220500.0,3866500.0,119.94117,34.90248,71,21.5,55.49
353500.0,3984500.0,121.37472,35.99396,71,121.06,260.37
248500.0,3972500.0,120.21462,35.86447,71,8.39,10.67
313500.0,3979500.0,120.93236,35.94208,71,0.71,7.03
249500.0,3880500.0,120.254,35.03615,71,71.31,114.42
271500.0,3974500.0,120.46854,35.88812,71,56.82,4.7
322500.0,3974500.0,121.0332,35.8987,71,147.31,27.18
170500.0,3893500.0,119.38417,35.13048,70,5.48,3.17
175500.0,3897500.0,119.43738,35.1681,70,61.18,7.2
229500.0,3909500.0,120.02551,35.29214,70,31.24,12.91
234500.0,3919500.0,120.07718,35.38353,70,1.66,102.71
204500.0,3888500.0,119.7585,35.09602,70,174.38,2.46
269500.0,3830500.0,120.48677,34.59047,70,128.06,1040.54
190500.0,3860500.0,119.61556,34.83977,70,46.05,15.22
204500.0,3898500.0,119.75493,35.18604,70,155.42,12.45
235500.0,3899500.0,120.09462,35.20369,70,155.53,354.89
355500.0,4010500.0,121.39213,36.22858,70,110.97,7373.9
217500.0,3834500.0,119.91912,34.6135,70,33.13,40.61
234500.0,3947500.0,120.06802,35.63567,70,23.36,24.63
276500.0,3981500.0,120.52192,35.95233,70,98.04,2.22
327500.0,3998500.0,121.08335,36.11586,70,20.11,215.08
219500.0,3873500.0,119.92789,34.96524,70,106.66,664.87
194500.0,3929500.0,119.63372,35.4621,70,170.89,4.55
233500.0,3871500.0,120.08168,34.95101,70,166.61,91.72
305500.0,3911500.0,120.86013,35.32783,70,28.38,16.22
319500.0,3835500.0,121.03055,34.64554,70,83.48,1125.62
343500.0,3941500.0,121.27224,35.60489,70,28.84,12456.96
347500.0,3934500.0,121.3177,35.54242,70,130.47,4390.26
383500.0,3833500.0,121.72894,34.63679,70,67.44,419.88
243500.0,3894500.0,120.18396,35.16074,70,153.47,65.47
191500.0,3909500.0,119.60826,35.28115,70,177.84,17.64
188500.0,3869500.0,119.59037,34.92017,70,176.63,20.23
327500.0,3969500.0,121.08966,35.85454,70,31.72,175.99
340500.0,3980500.0,121.23136,35.95587,70,19.25,20.76
310500.0,3980500.0,120.89889,35.95051,69,2.62,27.23
171500.0,3894500.0,119.39473,35.1398,69,179.78,11.32
204500.0,3892500.0,119.75707,35.13203,69,2.36,4.51
207500.0,3907500.0,119.78463,35.26795,69,164.56,41.49
253500.0,3813500.0,120.31739,34.43361,69,174.54,1056.36
194500.0,3905500.0,119.64268,35.24606,69,118.13,1.59
268500.0,3984500.0,120.43242,35.97749,69,72.33,2.85
192500.0,3859500.0,119.63776,34.83137,69,81.49,4.77
212500.0,3902500.0,119.84126,35.22438,69,4.19,8.62
208500.0,3940500.0,119.78381,35.56533,69,2.42,1.95
233500.0,3841500.0,120.0912,34.68083,69,158.23,5.68
312500.0,3949500.0,120.92832,35.67158,69,117.88,22.99
312500.0,3937500.0,120.93111,35.56345,69,77.69,5.16
307500.0,3959500.0,120.87071,35.76072,69,117.88,3.85
298500.0,3979500.0,120.76618,35.9391,69,158.73,50.18
343500.0,3960500.0,121.26854,35.77612,69,149.06,110.43
207500.0,3862500.0,119.80049,34.8628,69,25.52,25.88
218500.0,3940500.0,119.89399,35.56822,69,169.39,4.65
172500.0,3900500.0,119.40331,35.19412,69,80.7,2.77
247500.0,3996500.0,120.19592,36.08034,69,120.83,3.01
219500.0,3903500.0,119.91773,35.23536,69,1.68,196.84
307500.0,3990500.0,120.86321,36.04002,69,27.32,17.65
261500.0,3971500.0,120.35875,35.85872,69,29.82,16.62
264500.0,3990500.0,120.38631,36.03057,69,174.5,55.4
360500.0,3909500.0,121.46534,35.319,69,2.54,93.83
377500.0,3988500.0,121.64028,36.03333,69,101.94,39.03
224500.0,3907500.0,119.97126,35.27277,69,136.2,76.28
302500.0,3875500.0,120.83576,35.00286,69,70.81,700.55
192500.0,3926500.0,119.61285,35.43448,69,31.32,457.98
322500.0,3961500.0,121.0361,35.78156,69,172.16,4.01
302500.0,3843500.0,120.8433,34.7145,69,59.21,35.08
395500.0,3838500.0,121.85922,34.68316,69,156.89,5.92
226500.0,3917500.0,119.98989,35.36336,69,177.96,11.52
279500.0,3970500.0,120.5582,35.85393,69,61.79,1.12
192500.0,3857500.0,119.63849,34.81337,68,136.43,1.83
218500.0,3867500.0,119.91898,34.91093,68,6.65,8.35
199500.0,3846500.0,119.71883,34.71643,68,154.46,26.21
190500.0,3911500.0,119.59653,35.29884,68,103.23,118.65
296500.0,3980500.0,120.74376,35.9477,68,159.52,11.98
201500.0,3842500.0,119.74205,34.681,68,161.99,8.22
311500.0,4019500.0,120.90063,36.30208,68,33.02,1084.65
183500.0,3842500.0,119.54589,34.67559,68,26.85,4.38
193500.0,3860500.0,119.64831,34.84068,68,22.41,3.46
224500.0,3929500.0,119.96385,35.47086,68,54.78,6.65
198500.0,3850500.0,119.70649,34.75214,68,126.59,15.96
373500.0,3979500.0,121.59733,35.9517,68,42.6,157.66
246500.0,3893500.0,120.21717,35.15249,68,148.56,17.92
291500.0,3913500.0,120.7057,35.34303,68,10.38,80.49
275500.0,3831500.0,120.55187,34.60081,68,45.75,398.92
190500.0,3909500.0,119.59728,35.28084,68,4.82,2.43
258500.0,3888500.0,120.35023,35.11041,68,138.89,717.53
237500.0,3943500.0,120.10241,35.60045,68,14.13,7.19
358500.0,3909500.0,121.44335,35.31872,68,9.52,96.21
322500.0,3938500.0,121.04117,35.57431,68,134.37,478.31
327500.0,3978500.0,121.08771,35.93564,68,9.13,7.38
347500.0,3964500.0,121.31201,35.8128,68,142.73,485.84
355500.0,3852500.0,121.42029,34.8045,68,58.41,652.24
328500.0,3878500.0,121.11991,35.03464,68,138.98,400.11
389500.0,4007500.0,121.77078,36.20602,68,140.4,394.99
360500.0,3861500.0,121.47343,34.88632,68,164.6,84.36
396500.0,3838500.0,121.87014,34.68326,68,65.51,600.15
192500.0,3925500.0,119.61322,35.42548,68,118.18,25.42
320500.0,4015500.0,121.00173,36.26776,68,113.9,4.33
314500.0,3951500.0,120.94994,35.68998,68,104.19,33.7
207500.0,3851500.0,119.80432,34.76376,68,139.24,16.82
210500.0,3892500.0,119.82283,35.13377,68,3.39,2.55
169500.0,3896500.0,119.37202,35.15714,67,92.34,1.36
186500.0,3892500.0,119.55984,35.12658,67,8.31,10.2
178500.0,3890500.0,119.47298,35.10606,67,179.36,6.32
188500.0,3886500.0,119.58401,35.0732,67,90.1,3.44
228500.0,3907500.0,120.01518,35.27386,67,167.84,18.16
254500.0,3998500.0,120.27295,36.10015,67,87.61,6.19
217500.0,3903500.0,119.89578,35.2348,67,177.49,87.57
179500.0,3892500.0,119.48316,35.12438,67,155.09,13.57
221500.0,3903500.0,119.93968,35.23592,67,4.35,40.39
255500.0,3992500.0,120.28591,36.04636,67,41.81,1.83
291500.0,3985500.0,120.68705,35.99168,67,18.49,223.55
223500.0,3929500.0,119.95284,35.47058,67,65.84,14.07
260500.0,3873500.0,120.37648,34.97577,67,1.55,597.82
254500.0,3868500.0,120.31229,34.92929,67,101.8,723.23
242500.0,3965500.0,120.1505,35.79988,67,12.22,2.12
250500.0,3999500.0,120.22825,36.10813,67,24.18,4.29
344500.0,3939500.0,121.28366,35.58702,67,116.96,138.75
233500.0,3949500.0,120.05633,35.65341,67,67.44,10.89
232500.0,3949500.0,120.0453,35.65314,67,156.15,872.69
319500.0,3940500.0,121.00763,35.59179,67,137.2,52.06
259500.0,3893500.0,120.35974,35.15568,67,64.47,23.95
244500.0,3894500.0,120.19493,35.16099,67,156.52,25.72
337500.0,3941500.0,121.20602,35.60392,67,51.36,181.29
171500.0,3867500.0,119.40539,34.89681,67,173.63,7.01
201500.0,3840500.0,119.74275,34.66299,67,128.03,8.65
241500.0,3941500.0,120.14716,35.58349,67,18.44,1.99
205500.0,3889500.0,119.7691,35.10531,67,35.46,5.48
227500.0,3946500.0,119.99115,35.62476,67,51.35,3.51
209500.0,3892500.0,119.81187,35.13348,67,20.44,5.37
212500.0,3928500.0,119.83213,35.45846,67,127.54,5.15
240500.0,3945500.0,120.13485,35.61925,67,19.19,6.23
218500.0,3927500.0,119.8985,35.45117,67,137.77,8.25
250500.0,3988500.0,120.23172,36.00907,66,47.82,3.78
225500.0,3905500.0,119.98291,35.25503,66,71.12,4.47
197500.0,3907500.0,119.67486,35.26498,66,11.65,8.53
258500.0,3843500.0,120.36323,34.70505,66,60.22,6214.57
186500.0,3834500.0,119.58154,34.6045,66,107.32,2.67
313500.0,3978500.0,120.9326,35.93307,66,2.64,59.68
312500.0,3950500.0,120.92809,35.68059,66,118.12,34.86
309500.0,3955500.0,120.89377,35.72507,66,145.38,11.94
302500.0,3978500.0,120.81074,35.93091,66,2.57,24.76
247500.0,3887500.0,120.22996,35.0987,66,85.45,49401.21
233500.0,3946500.0,120.05732,35.6264,66,35.04,9.32
334500.0,3910500.0,121.17923,35.32404,66,116.51,147.47
356500.0,3966500.0,121.41124,35.83218,66,44.76,90.59
371500.0,3950500.0,121.57983,35.69004,66,150.52,148.64
411500.0,4003500.0,122.01593,36.17223,66,44.25,684.75
196500.0,3933500.0,119.65423,35.49871,66,168.2,12.98
188500.0,3922500.0,119.57038,35.39723,66,133.76,5.02
204500.0,3871500.0,119.76454,34.94297,66,35.62,271.35
267500.0,3985500.0,120.42104,35.98626,66,13.31,7.23
271500.0,3968500.0,120.47026,35.83408,66,58.11,3.24
322500.0,3909500.0,121.04749,35.31297,66,21.79,870.75
225500.0,3910500.0,119.98124,35.30006,66,27.41,8.95
230500.0,3870500.0,120.04919,34.94121,66,137.95,4.01
275500.0,3976500.0,120.51225,35.90706,66,38.48,3.92
184500.0,3884500.0,119.54098,35.05395,65,175.81,24.15
280500.0,3982500.0,120.56595,35.96225,65,156.0,17.16
245500.0,3967500.0,120.18302,35.81867,65,34.98,3.74
315500.0,3995500.0,120.95079,36.08662,65,115.03,1174.69
164500.0,3887500.0,119.32088,35.0745,65,17.1,49.01
200500.0,3857500.0,119.72582,34.81575,65,22.43,27.66
199500.0,3866500.0,119.71167,34.89648,65,145.96,80.34
218500.0,3915500.0,119.90264,35.34313,65,76.34,12.86
241500.0,3977500.0,120.13556,35.90768,65,95.12,5.91
218500.0,3918500.0,119.90161,35.37014,65,73.78,149.52
262500.0,3902500.0,120.39005,35.23747,65,175.99,16.11
264500.0,3876500.0,120.41941,35.00373,65,10.55,1009.06
221500.0,3852500.0,119.95675,34.77669,65,8.12,4.26
202500.0,3903500.0,119.73119,35.23047,65,59.57,3.88
194500.0,3910500.0,119.64082,35.29107,65,120.22,5.3
311500.0,3952500.0,120.91657,35.69842,65,161.59,17.88
271500.0,3896500.0,120.49053,35.18551,65,102.12,171.05
319500.0,3995500.0,120.9952,36.08737,65,23.15,46.47
321500.0,3937500.0,121.03036,35.56511,65,135.5,27.9
218500.0,3903500.0,119.90676,35.23508,65,1.48,226.39
261500.0,3984500.0,120.35485,35.9758,65,120.6,39.55
320500.0,3927500.0,121.02154,35.47482,65,73.75,3.15
184500.0,3916500.0,119.52873,35.34197,65,43.58,4.0
239500.0,3865500.0,120.14918,34.89853,65,4.52,5.51
291500.0,3851500.0,120.72128,34.7844,65,151.42,107.98
304500.0,3910500.0,120.84937,35.31862,65,114.85,324.26
343500.0,3827500.0,121.29378,34.57738,65,156.93,282.3
349500.0,3839500.0,121.35704,34.68644,65,150.21,104.48
334500.0,3845500.0,121.19218,34.73821,65,47.31,328.34
359500.0,3850500.0,121.46434,34.78703,65,26.9,926.94
343500.0,3868500.0,121.28616,34.94694,65,20.03,675.92
348500.0,3848500.0,121.34451,34.76742,65,154.04,230.05
361500.0,3886500.0,121.48021,35.11182,65,128.23,21.63
344500.0,3922500.0,121.28692,35.4338,65,20.18,870.14
365500.0,3878500.0,121.52539,35.04025,65,125.91,274.06
368500.0,3980500.0,121.54174,35.96005,65,63.22,73.77
431500.0,4009500.0,122.23777,36.22794,65,35.36,233.49
242500.0,3970500.0,120.14889,35.84491,65,3.12,1.56
319500.0,3887500.0,121.01933,35.11418,65,78.48,722.8
199500.0,3927500.0,119.68947,35.44562,65,58.31,75.29
391500.0,3940500.0,121.80217,35.6023,65,13.61,687.33
391500.0,3939500.0,121.8023,35.59329,65,155.72,20.56
317500.0,3948500.0,120.98376,35.66351,65,33.55,667.33
227500.0,3917500.0,120.00088,35.36364,65,11.09,2.81
382500.0,3972500.0,121.69814,35.88972,65,11.85,4.0
186500.0,3920500.0,119.54917,35.3786,64,97.89,1.07
310500.0,3965500.0,120.90245,35.81536,64,167.11,3.95
172500.0,3894500.0,119.40569,35.14013,64,166.7,16.38
242500.0,3964500.0,120.15082,35.79088,64,53.07,7.72
246500.0,3968500.0,120.19376,35.82794,64,31.67,3.18
288500.0,3980500.0,120.65513,35.946,64,165.75,13.24
171500.0,3891500.0,119.39592,35.1128,64,82.26,4.54
218500.0,3868500.0,119.91864,34.91994,64,29.55,37.06
195500.0,3902500.0,119.65476,35.21936,64,152.77,3.66
240500.0,4008500.0,120.11431,36.18655,64,135.01,2.98
196500.0,3940500.0,119.65161,35.56172,64,24.71,1.67
325500.0,3970500.0,121.06731,35.8632,64,54.7,298.55
183500.0,3844500.0,119.54514,34.69359,64,16.7,10.63
201500.0,3900500.0,119.72131,35.20316,64,150.87,93.52
218500.0,3920500.0,119.90092,35.38815,64,77.31,13.71
217500.0,3909500.0,119.89372,35.28883,64,53.42,2.35
260500.0,3971500.0,120.34769,35.85847,64,91.88,2.88
252500.0,3999500.0,120.25044,36.10864,64,168.7,3.11
326500.0,3997500.0,121.07246,36.10667,64,29.6,13.89
277500.0,3980500.0,120.53327,35.94355,64,35.96,1533.02
343500.0,3940500.0,121.27243,35.59587,64,79.78,517.0
292500.0,3961500.0,120.70439,35.77568,64,146.65,1.17
270500.0,3913500.0,120.47481,35.33842,64,94.01,647.54
351500.0,3951500.0,121.35868,35.69625,64,151.35,289.71
396500.0,3981500.0,121.85205,35.97243,64,7.52,956.54
213500.0,3874500.0,119.86192,34.97256,64,21.64,213.4
193500.0,3906500.0,119.63133,35.25476,64,44.43,1.23
274500.0,3909500.0,120.51988,35.3033,64,94.74,564.36
337500.0,3890500.0,121.21617,35.14428,64,24.82,6091.63
384500.0,3854500.0,121.73697,34.82623,64,36.09,5818.52
219500.0,3941500.0,119.90467,35.57751,64,54.44,1.68
238500.0,3946500.0,120.11247,35.62773,64,25.8,49.57
270500.0,3983500.0,120.45487,35.96895,64,165.07,1.89
323500.0,3974500.0,121.04428,35.89888,64,139.77,49.52
303500.0,3916500.0,120.83694,35.37249,64,166.16,403.63
384500.0,3974500.0,121.72,35.90799,64,61.92,12.24
212500.0,3829500.0,119.86635,34.56709,63,52.44,23.94
215500.0,3831500.0,119.89834,34.58593,63,14.03,42.42
186500.0,3853500.0,119.57449,34.77553,63,33.52,3.51
186500.0,3855500.0,119.57375,34.79354,63,172.15,4.47
203500.0,3889500.0,119.74719,35.10473,63,29.03,28.17
193500.0,3932500.0,119.62158,35.48879,63,68.61,8.4
258500.0,3998500.0,120.31734,36.10115,63,42.93,5.11
280500.0,3996500.0,120.56207,36.08835,63,119.84,14.39
192500.0,3853500.0,119.63995,34.77736,63,29.56,3.42
210500.0,3881500.0,119.82667,35.03473,63,120.41,2.26
220500.0,3880500.0,119.93648,35.02855,63,177.49,1152.33
187500.0,3909500.0,119.56435,35.27991,63,165.4,110.99
232500.0,3832500.0,120.08314,34.59951,63,140.41,6.11
237500.0,3838500.0,120.13574,34.65484,63,67.66,366.71
272500.0,3879500.0,120.50618,35.03259,63,158.16,23.05
211500.0,3930500.0,119.82042,35.47618,63,129.59,57.36
195500.0,3939500.0,119.64097,35.55242,63,54.05,27.39
214500.0,3891500.0,119.86701,35.12591,63,28.51,46.39
215500.0,3946500.0,119.85882,35.62138,63,51.22,1.03
235500.0,3830500.0,120.11644,34.58227,63,149.15,4.12
230500.0,3872500.0,120.04854,34.95922,63,179.13,2.76
310500.0,3915500.0,120.91418,35.36483,63,8.49,41.94
200500.0,3846500.0,119.72973,34.71672,63,160.45,3.41
215500.0,3934500.0,119.86304,35.51334,63,177.37,20.3
252500.0,3864500.0,120.2916,34.89277,63,119.01,33.67
393500.0,3948500.0,121.82318,35.67464,63,144.42,115.44
274500.0,3832500.0,120.54071,34.6096,63,44.85,1778.11
281500.0,3920500.0,120.59387,35.40395,63,58.68,2.89
365500.0,3962500.0,121.51152,35.7974,63,116.16,97.95
265500.0,3982500.0,120.39977,35.95876,63,110.3,3.0
326500.0,3978500.0,121.07663,35.93546,63,5.72,10.56
375500.0,3963500.0,121.622,35.80774,63,5.34,41.06
192500.0,3848500.0,119.64178,34.73235,63,177.94,5.66
191500.0,3834500.0,119.63598,34.60601,63,154.61,3.59
244500.0,3973500.0,120.17005,35.87244,63,49.69,75.66
299500.0,3853500.0,120.80818,34.80402,63,22.87,22.75
181500.0,3839500.0,119.52523,34.64797,63,171.17,2.88
225500.0,3945500.0,119.96943,35.6152,63,104.48,1.26
281500.0,3995500.0,120.57344,36.07957,63,128.52,17.44
421500.0,3849500.0,122.14199,34.78467,63,172.32,91.06
329500.0,3968500.0,121.11201,35.84588,63,77.67,139.6
207500.0,3942500.0,119.77207,35.58304,62,119.35,1.62
317500.0,3944500.0,120.98466,35.62746,62,113.4,13.97
309500.0,3980500.0,120.8878,35.95032,62,167.57,129.18
166500.0,3860500.0,119.35356,34.83219,62,0.3,20.93
184500.0,3852500.0,119.55305,34.76592,62,35.07,6.63
210500.0,3891500.0,119.82318,35.12477,62,170.14,15.81
213500.0,3899500.0,119.85328,35.19765,62,29.12,10.16
252500.0,3996500.0,120.25138,36.08163,62,17.14,1.8
305500.0,3961500.0,120.84812,35.77834,62,82.92,1.35
176500.0,3845500.0,119.46848,34.70041,62,150.48,1.55
202500.0,3857500.0,119.74765,34.81634,62,169.53,10.31
207500.0,3940500.0,119.77279,35.56503,62,57.99,2.51
306500.0,3959500.0,120.85966,35.76052,62,45.05,1.28
243500.0,3819500.0,120.20687,34.48522,62,168.54,6.97
241500.0,3865500.0,120.17105,34.89904,62,117.04,6.56
257500.0,3894500.0,120.33751,35.16421,62,156.13,204.77
252500.0,3909500.0,120.27815,35.2981,62,86.13,446.14
269500.0,3985500.0,120.44321,35.98673,62,172.52,10.5
249500.0,3994500.0,120.21874,36.06285,62,102.9,11.87
308500.0,3956500.0,120.88248,35.73388,62,111.11,13.83
223500.0,3842500.0,119.98186,34.68718,62,4.66,2.09
193500.0,3861500.0,119.64795,34.84968,62,10.83,2.47
208500.0,3881500.0,119.80478,35.03416,62,162.34,20.77
209500.0,3939500.0,119.79518,35.55662,62,60.82,1.47
235500.0,3833500.0,120.1155,34.60929,62,82.91,118.56
297500.0,3981500.0,120.75459,35.95691,62,22.47,16.69
257500.0,3870500.0,120.34452,34.94803,62,62.98,800.68
419500.0,3852500.0,122.11985,34.81157,62,49.82,4360.2
170500.0,3868500.0,119.39408,34.90549,62,177.09,43.02
196500.0,3847500.0,119.68576,34.72454,62,152.99,94.56
232500.0,3919500.0,120.05519,35.383,62,177.36,146.93
275500.0,3923500.0,120.52703,35.42964,62,147.39,6.53
197500.0,3918500.0,119.6708,35.364,62,148.08,9.17
288500.0,3910500.0,120.67349,35.31537,62,59.57,12.92
362500.0,3819500.0,121.50215,34.50798,62,154.68,54.43
221500.0,3922500.0,119.93322,35.407,62,144.46,1.64
237500.0,3946500.0,120.10144,35.62747,62,78.77,5.91
271500.0,3973500.0,120.46882,35.87912,62,55.95,1.9
321500.0,4011500.0,121.01376,36.23191,62,44.5,5.7
196500.0,3890500.0,119.67014,35.11164,62,1.52,5.3
186500.0,3869500.0,119.56851,34.91956,61,166.31,4.17
223500.0,3871500.0,119.97231,34.94833,61,22.28,58.52
189500.0,3850500.0,119.60833,34.74945,61,138.91,14.03
205500.0,3888500.0,119.76946,35.09631,61,61.01,4.3
311500.0,4021500.0,120.90014,36.3201,61,134.05,74.72
264500.0,3892500.0,120.41486,35.14786,61,99.23,161.6
264500.0,3896500.0,120.41372,35.18389,61,154.75,282.02
294500.0,3901500.0,120.74169,35.23553,61,24.45,3.59
320500.0,3975500.0,121.01083,35.90735,61,148.45,6.79
218500.0,3834500.0,119.93001,34.61378,61,37.68,3.34
195500.0,3909500.0,119.65217,35.28238,61,3.53,4.36
303500.0,3979500.0,120.82157,35.94012,61,74.16,286.78
336500.0,3960500.0,121.19113,35.77498,61,49.32,78.89
309500.0,3957500.0,120.89329,35.74309,61,110.18,23.13
326500.0,3872500.0,121.09924,34.98022,61,85.0,2085.7
402500.0,3968500.0,121.92018,35.85586,61,150.87,2085.83
261500.0,3879500.0,120.3857,35.03005,61,97.08,156.34
180500.0,3839500.0,119.51434,34.64766,61,3.53,3.67
218500.0,3839500.0,119.92835,34.6588,61,94.65,8.75
354500.0,3985500.0,121.38563,36.00312,61,117.44,132.65
202500.0,3910500.0,119.72866,35.29348,61,34.52,2.39
226500.0,3945500.0,119.98046,35.61548,61,31.65,3.85
341500.0,3979500.0,121.24264,35.94703,61,1.57,82.06
216500.0,3865500.0,119.89779,34.89237,61,113.48,595.76
185500.0,3882500.0,119.55268,35.03626,61,179.82,83.04
209500.0,3893500.0,119.81152,35.14249,61,64.51,2.29
205500.0,3913500.0,119.76052,35.32138,61,96.79,3.31
208500.0,3845500.0,119.81731,34.71003,61,92.76,51.23
224500.0,3916500.0,119.96824,35.35381,61,132.34,13.58
189500.0,3882500.0,119.59646,35.0375,60,28.92,1.99
174500.0,3891500.0,119.42878,35.11378,60,58.27,7.06
199500.0,3868500.0,119.71096,34.91449,60,163.77,3.87
201500.0,3866500.0,119.73353,34.89707,60,119.02,6.79
241500.0,3964500.0,120.13977,35.79061,60,45.63,14.8
282500.0,3815500.0,120.63223,34.45815,60,52.15,2093.28
223500.0,3870500.0,119.97264,34.93932,60,22.95,23.58
175500.0,3857500.0,119.45296,34.8081,60,79.29,4.74
205500.0,3885500.0,119.77052,35.0693,60,90.7,13.67
211500.0,3932500.0,119.81971,35.49418,60,116.57,95.07
260500.0,3977500.0,120.34588,35.91251,60,148.16,5.29
287500.0,3877500.0,120.67099,35.01783,60,179.85,2.45
297500.0,3987500.0,120.75305,36.01097,60,109.26,736.07
165500.0,3856500.0,119.34424,34.79586,60,167.92,3.29
249500.0,3820500.0,120.27185,34.4957,60,61.73,329.71
234500.0,3873500.0,120.09198,34.96928,60,90.59,80.8
299500.0,3884500.0,120.80073,35.08336,60,166.62,228.94
355500.0,3861500.0,121.41873,34.88562,60,172.56,538.76
221500.0,3830500.0,119.964,34.57857,60,176.91,22.95
216500.0,3842500.0,119.90555,34.68526,60,38.34,17.55
187500.0,3857500.0,119.58392,34.81185,60,90.45,4.4
198500.0,3852500.0,119.70578,34.77015,60,77.58,12521.39
234500.0,3943500.0,120.06934,35.59965,60,18.16,3.04
229500.0,3943500.0,120.01421,35.5983,60,50.91,27.86
311500.0,4016500.0,120.90135,36.27506,60,21.03,912.57
174500.0,3908500.0,119.42207,35.26677,60,4.57,6.5
198500.0,3849500.0,119.70685,34.74314,60,22.4,2.13
220500.0,3867500.0,119.94084,34.91149,60,16.84,9.68
227500.0,3919500.0,120.00021,35.38164,60,162.28,40.92
267500.0,3835500.0,120.46361,34.63506,60,42.38,2532.41
269500.0,3883500.0,120.47221,35.06794,60,145.02,80.16
340500.0,3861500.0,121.25465,34.88338,60,57.98,5131.65
332500.0,3896500.0,121.16009,35.19754,60,22.0,970.93
373500.0,3978500.0,121.59749,35.94268,60,44.42,28.75
425500.0,3922500.0,122.17914,35.44317,60,60.11,7907.1
192500.0,3845500.0,119.64287,34.70534,60,79.13,118.32
247500.0,3872500.0,120.23452,34.9636,60,173.91,23.89
234500.0,3956500.0,120.06505,35.71671,60,41.71,7.39
304500.0,3876500.0,120.85743,35.01226,60,76.83,1628.72
311500.0,3950500.0,120.91704,35.6804,60,135.32,22.41
178500.0,3861500.0,119.48416,34.84505,60,177.59,7.54
229500.0,3856500.0,120.04278,34.81486,60,110.73,805.99
253500.0,3891500.0,120.29453,35.13622,60,139.74,9.32
277500.0,3878500.0,120.56121,35.02469,60,89.52,6082.55
214500.0,3894500.0,119.86598,35.15292,60,83.3,134.97
275500.0,3864500.0,120.54307,34.89812,60,150.57,285.64
209500.0,3855500.0,119.82476,34.80035,60,105.08,927.11
303500.0,3822500.0,120.85908,34.52544,60,74.13,521.36
278500.0,3895500.0,120.56761,35.17807,60,103.57,99.68
289500.0,3908500.0,120.68499,35.29756,60,93.44,910.02
340500.0,3870500.0,121.25293,34.9645,60,65.57,1162.07
269500.0,3814500.0,120.49109,34.44632,60,142.13,2809.09
270500.0,3815500.0,120.5017,34.45555,60,144.56,1099.09
232500.0,3852500.0,120.07681,34.77963,60,72.6,347.39
288500.0,3860500.0,120.68625,34.86487,60,77.97,174.77
365500.0,3982500.0,121.50814,35.97767,60,101.6,2347.66
191500.0,3860500.0,119.62647,34.84007,60,37.92,44.67
269500.0,3828500.0,120.48731,34.57245,60,36.27,179.49
271500.0,3981500.0,120.46653,35.95117,60,52.54,3.44
253500.0,3967500.0,120.27148,35.82072,60,94.15,3.99
345500.0,3942500.0,121.29412,35.61421,60,130.43,1356.76
198500.0,3845500.0,119.70828,34.70713,60,69.91,46.8
201500.0,3862500.0,119.73495,34.86106,59,98.08,5.39
257500.0,3993500.0,120.30778,36.05587,59,41.73,8.61
170500.0,3839500.0,119.40543,34.64449,59,23.44,15.87
177500.0,3853500.0,119.47632,34.77273,59,56.15,17.15
190500.0,3858500.0,119.61629,34.82177,59,50.05,2.23
220500.0,3902500.0,119.92904,35.22664,59,7.34,36.13
261500.0,3893500.0,120.38167,35.15616,59,169.61,61.12
310500.0,3952500.0,120.90553,35.69823,59,113.99,53.91
279500.0,3998500.0,120.55041,36.10614,59,106.02,1.54
291500.0,4012500.0,120.67991,36.23491,59,32.65,1.77
203500.0,3905500.0,119.74144,35.24877,59,156.44,3.34
311500.0,3977500.0,120.91068,35.92368,59,142.8,1.82
296500.0,3987500.0,120.74197,36.01076,59,19.98,38.0
164500.0,3883500.0,119.3225,35.03851,59,29.38,3.0
197500.0,3860500.0,119.69199,34.84187,59,68.8,3.06
235500.0,3850500.0,120.11018,34.7624,59,55.64,2.78
342500.0,3957500.0,121.25807,35.74892,59,141.39,520.92
191500.0,3871500.0,119.62242,34.93909,59,4.76,1.9
226500.0,3901500.0,119.99522,35.21929,59,70.26,74.66
218500.0,3909500.0,119.9047,35.28911,59,35.12,6.75
308500.0,3959500.0,120.88177,35.76091,59,92.64,11.32
379500.0,4020500.0,121.65757,36.322,59,113.42,510.35
265500.0,3985500.0,120.39888,35.98578,59,7.08,1.71
287500.0,3879500.0,120.67048,35.03585,59,167.74,245.06
316500.0,3957500.0,120.97066,35.74442,59,83.29,1628.5
337500.0,3916500.0,121.21103,35.37861,59,163.38,2530.19
327500.0,3945500.0,121.09482,35.63827,59,144.98,1328.39
373500.0,3915500.0,121.60739,35.37481,59,105.39,33.09
181500.0,3892500.0,119.50507,35.12501,59,164.63,2.02
348500.0,3847500.0,121.34469,34.75841,59,64.13,1055.78
261500.0,3862500.0,120.39057,34.87691,59,73.03,696.3
305500.0,3989500.0,120.84127,36.03062,59,109.44,544.18
215500.0,3932500.0,119.86374,35.49534,59,75.15,46.97
238500.0,3896500.0,120.12849,35.17746,59,166.28,19.53
377500.0,3987500.0,121.64044,36.02431,59,9.19,299.25
235500.0,3896500.0,120.09559,35.17667,59,103.06,22.04
259500.0,3885500.0,120.36206,35.08362,59,3.8,139.85
248500.0,3882500.0,120.24244,35.05392,59,7.52,139.68
198500.0,3871500.0,119.69894,34.9412,59,177.91,20.88
325500.0,3844500.0,121.09412,34.7277,59,61.75,515.77
242500.0,3824500.0,120.19449,34.53001,59,29.73,302.71
237500.0,3944500.0,120.10209,35.60946,59,22.6,12.28
206500.0,3896500.0,119.77757,35.16862,59,133.96,276.66
226500.0,3830500.0,120.01844,34.57992,59,177.37,6.85
202500.0,3915500.0,119.72684,35.33849,59,151.96,4.93
201500.0,3859500.0,119.73602,34.83405,58,26.53,21.69
217500.0,3889500.0,119.90057,35.10875,58,178.22,6.7
212500.0,3846500.0,119.86058,34.72016,58,66.31,9.23
197500.0,3869500.0,119.68874,34.9229,58,152.36,19.52
188500.0,3892500.0,119.58175,35.1272,58,119.96,95.23
230500.0,3907500.0,120.03715,35.2744,58,144.04,3.57
217500.0,3901500.0,119.89647,35.2168,58,5.92,12.41
209500.0,3906500.0,119.80694,35.25953,58,79.43,1.33
173500.0,3882500.0,119.42137,35.03246,58,136.89,4.94
209500.0,3864500.0,119.82165,34.88139,58,25.11,212.73
243500.0,3820500.0,120.20657,34.49423,58,177.36,34.34
310500.0,3957500.0,120.90435,35.74328,58,10.67,168.99
207500.0,3840500.0,119.80813,34.66472,58,74.63,3.28
202500.0,3888500.0,119.73659,35.09543,58,0.66,76.79
182500.0,3882500.0,119.51985,35.03532,58,163.12,14.49
334500.0,3866500.0,121.18804,34.92748,58,175.27,153.07
345500.0,3959500.0,121.29085,35.76742,58,153.68,205.05
325500.0,3997500.0,121.06136,36.10649,58,103.95,68.67
179500.0,3897500.0,119.48122,35.16938,58,120.49,10.35
185500.0,3892500.0,119.54889,35.12627,58,173.16,15.74
241500.0,3849500.0,120.17597,34.75493,58,61.31,974.54
218500.0,3836500.0,119.92934,34.63179,58,43.45,2.94
267500.0,3984500.0,120.42134,35.97725,58,33.58,6.42
320500.0,3835500.0,121.04145,34.64572,58,173.91,110.82
311500.0,3953500.0,120.91634,35.70743,58,129.07,19.25
366500.0,3962500.0,121.52259,35.79754,58,129.97,63.65
199500.0,3836500.0,119.72238,34.62639,58,144.76,2.99
200500.0,3926500.0,119.70083,35.43692,58,62.63,45.47
229500.0,3904500.0,120.02715,35.24712,58,9.16,58.97
267500.0,3971500.0,120.42514,35.86016,58,35.01,2.93
265500.0,3990500.0,120.3974,36.03081,58,8.97,3.95
227500.0,3935500.0,119.99485,35.52571,58,68.79,5.08
208500.0,3893500.0,119.80056,35.1422,58,158.66,4.26
236500.0,3943500.0,120.09139,35.60019,58,16.12,6.66
199500.0,3916500.0,119.69352,35.3466,58,139.2,5.3
243500.0,4005500.0,120.14861,36.16034,58,124.73,30.12
326500.0,3925500.0,121.08807,35.45786,58,177.14,50.6
199500.0,3917500.0,119.69315,35.3556,58,151.26,10.33
264500.0,3981500.0,120.38899,35.94951,57,19.25,4.76
308500.0,3980500.0,120.87672,35.95012,57,166.76,328.24
218500.0,3842500.0,119.92735,34.68582,57,73.04,8.84
220500.0,3851500.0,119.94617,34.76741,57,64.13,821.63
217500.0,3907500.0,119.89441,35.27082,57,47.52,8.39
229500.0,3834500.0,120.04983,34.61673,57,163.98,19.93
174500.0,3904500.0,119.42365,35.23077,57,178.25,76.47
196500.0,3903500.0,119.66536,35.22867,57,156.74,11.62
187500.0,3851500.0,119.58615,34.75784,57,8.31,46.5
204500.0,3883500.0,119.76028,35.051,57,135.8,14.68
211500.0,3937500.0,119.81793,35.5392,57,35.83,47.98
197500.0,3888500.0,119.68183,35.09394,57,12.24,7.47
232500.0,3841500.0,120.0803,34.68057,57,17.79,4.33
207500.0,3841500.0,119.80779,34.67373,57,135.35,2.51
218500.0,3904500.0,119.90641,35.24409,57,139.17,79.75
195500.0,3854500.0,119.67232,34.78726,57,35.1,5.75
225500.0,3920500.0,119.97789,35.3901,57,65.89,393.86
313500.0,3870500.0,120.95735,34.95989,57,62.49,2942.79
376500.0,3981500.0,121.63028,35.97011,57,34.72,5.03
410500.0,4002500.0,122.00493,36.16312,57,137.66,943.74
271500.0,3880500.0,120.49495,35.04137,57,161.05,277.94
274500.0,3874500.0,120.52944,34.98799,57,65.04,243.19
220500.0,3835500.0,119.95146,34.62333,57,162.34,151.06
231500.0,3911500.0,120.04682,35.31069,57,172.04,19.69
274500.0,3876500.0,120.5289,35.00601,57,154.78,132.57
307500.0,3979500.0,120.86589,35.94092,57,177.29,68.96
318500.0,3835500.0,121.01964,34.64536,57,175.77,233.91
346500.0,3848500.0,121.32266,34.76712,57,154.56,178.8
300500.0,3971500.0,120.79034,35.86744,57,122.52,2.53
311500.0,3964500.0,120.91375,35.80654,57,107.04,5.02
197500.0,3843500.0,119.69809,34.68883,57,147.51,6.4
268500.0,3882500.0,120.46153,35.0587,57,70.34,102.84
244500.0,3972500.0,120.17037,35.86344,57,153.47,4.05
252500.0,4000500.0,120.25013,36.11765,57,97.91,6.8
378500.0,3966500.0,121.65475,35.83515,57,37.92,209.48
226500.0,3946500.0,119.98012,35.62448,57,30.35,9.59
342500.0,3979500.0,121.25373,35.94719,57,8.01,25.99
223500.0,3838500.0,119.98316,34.65116,57,129.62,348.46
190500.0,3916500.0,119.59464,35.34385,57,138.86,104.45
221500.0,3945500.0,119.92533,35.61408,57,157.89,5.53
323500.0,3980500.0,121.04295,35.95295,57,21.78,47.71
233500.0,3827500.0,120.0956,34.55474,57,145.67,28.24
214500.0,3896500.0,119.86529,35.17093,57,172.75,1019.62
385500.0,3985500.0,121.7295,36.00726,57,97.64,657.87
215500.0,3835500.0,119.897,34.62195,56,84.38,8.39
202500.0,3912500.0,119.72793,35.31149,56,48.58,12.88
317500.0,3975500.0,120.9776,35.90679,56,25.77,516.59
189500.0,3857500.0,119.60575,34.81246,56,42.47,8.44
216500.0,3927500.0,119.87649,35.45061,56,128.9,12.43
249500.0,3842500.0,120.26536,34.69388,56,23.82,4.96
231500.0,3915500.0,120.04551,35.34671,56,101.68,133.28
238500.0,3959500.0,120.10824,35.74479,56,64.2,100.15
267500.0,3992500.0,120.41899,36.0493,56,15.99,5.8
195500.0,3906500.0,119.65328,35.25537,56,31.18,2.15
191500.0,3850500.0,119.63014,34.75005,56,165.78,2.06
211500.0,3900500.0,119.83099,35.20609,56,65.72,83.78
218500.0,3914500.0,119.90298,35.33413,56,89.81,15.61
251500.0,4004500.0,120.23777,36.15341,56,166.85,2.7
331500.0,3969500.0,121.13394,35.85524,56,126.1,13.61
188500.0,3852500.0,119.59668,34.76714,56,11.95,93.28
214500.0,3927500.0,119.85449,35.45003,56,119.54,13.97
269500.0,3877500.0,120.47387,35.01389,56,16.18,22.56
310500.0,3953500.0,120.90529,35.70724,56,113.81,17.48
343500.0,3957500.0,121.26912,35.74908,56,105.65,22.51
342500.0,3958500.0,121.25787,35.75794,56,116.97,361.67
351500.0,3959500.0,121.3572,35.76835,56,48.24,734.68
177500.0,3894500.0,119.46047,35.14174,56,95.76,308.51
208500.0,3851500.0,119.81523,34.76405,56,145.07,106.38
211500.0,3880500.0,119.83796,35.02602,56,56.41,8.6
302500.0,3973500.0,120.81198,35.88586,56,119.95,11.26
195500.0,3850500.0,119.67377,34.75125,56,13.69,1.29
202500.0,3914500.0,119.7272,35.32949,56,47.42,2.09
357500.0,3944500.0,121.42621,35.63404,56,93.97,2.58
222500.0,3836500.0,119.97292,34.63288,56,64.69,549.89
236500.0,3866500.0,120.11607,34.90676,56,110.54,1470.34
295500.0,3913500.0,120.74968,35.34385,56,13.57,131.41
363500.0,4011500.0,121.48094,36.23875,56,110.61,2173.91
369500.0,3981500.0,121.55266,35.9692,56,19.42,33.2
219500.0,3870500.0,119.9289,34.93822,56,26.69,25.44
268500.0,3989500.0,120.43096,36.02252,56,178.37,20.33
343500.0,3855500.0,121.28859,34.82976,56,73.66,3904.06
364500.0,3863500.0,121.51687,34.90489,56,81.96,624.45
424500.0,3966500.0,122.164,35.83978,56,17.24,568.53
208500.0,3841500.0,119.81869,34.67401,56,142.91,4.32
288500.0,3908500.0,120.674,35.29735,56,93.51,1304.84
290500.0,3912500.0,120.69496,35.33381,56,98.72,1237.65
350500.0,3833500.0,121.36901,34.63251,56,64.99,4956.58
323500.0,3853500.0,121.0704,34.80847,56,65.47,549.3
348500.0,3953500.0,121.32516,35.71382,56,14.22,12.44
217500.0,3865500.0,119.90872,34.89265,56,114.86,1232.71
262500.0,3883500.0,120.39551,35.06632,56,4.57,1485.96
355500.0,3895500.0,121.41282,35.1921,56,123.82,282.82
321500.0,3919500.0,121.03431,35.40291,56,25.26,6762.19
222500.0,3908500.0,119.94897,35.28122,56,171.72,1.46
196500.0,3871500.0,119.67708,34.9406,56,136.77,6.45
219500.0,3935500.0,119.90674,35.52348,56,91.9,9.54
272500.0,3978500.0,120.47846,35.92439,56,41.4,7.85
320500.0,3974500.0,121.01106,35.89834,55,149.7,2.73
179500.0,3853500.0,119.49813,34.77336,55,162.23,6.69
192500.0,3872500.0,119.63298,34.9484,55,166.2,30.05
226500.0,3904500.0,119.99422,35.2463,55,2.14,52.0
239500.0,3833500.0,120.15908,34.61032,55,27.18,16.45
230500.0,3909500.0,120.03649,35.29241,55,19.18,1.38
300500.0,3979500.0,120.78833,35.93951,55,161.41,12.7
175500.0,3842500.0,119.45873,34.67309,55,33.49,2.63
215500.0,3834500.0,119.89733,34.61295,55,55.19,28.57
201500.0,3905500.0,119.71949,35.24817,55,163.6,3.88
211500.0,3881500.0,119.83762,35.03502,55,31.52,1.58
208500.0,3943500.0,119.78273,35.59233,55,43.91,6.33
350500.0,3982500.0,121.34183,35.97548,55,28.53,20.17
176500.0,3903500.0,119.44598,35.22242,55,76.41,3.1
189500.0,3905500.0,119.58782,35.24453,55,62.17,1316.28
199500.0,3910500.0,119.69572,35.29259,55,152.02,2.95
318500.0,3938500.0,120.99705,35.57358,55,124.62,101.74
222500.0,3941500.0,119.93773,35.57835,55,39.99,18.48
268500.0,3987500.0,120.43154,36.00451,55,15.81,71.85
201500.0,3914500.0,119.71622,35.32919,55,175.25,1.4
389500.0,3990500.0,121.77317,36.05279,55,47.08,41.38
252500.0,3863500.0,120.2919,34.88377,55,39.49,137.91
236500.0,3954500.0,120.08779,35.69924,55,61.64,135.31
365500.0,4012500.0,121.50302,36.24805,55,142.76,117.88
366500.0,3837500.0,121.54288,34.67077,55,73.05,560.55
382500.0,3865500.0,121.71356,34.92517,55,82.0,6667.92
435500.0,3838500.0,122.29585,34.68647,55,36.1,25796.38
211500.0,3835500.0,119.85343,34.62084,55,133.8,6.55
261500.0,3882500.0,120.38484,35.05707,55,10.73,80.69
317500.0,3925500.0,120.98895,35.45625,55,132.42,6401.01
214500.0,3847500.0,119.88205,34.72973,55,93.63,3.91
210500.0,3902500.0,119.81932,35.2238,55,159.54,11.87
244500.0,3945500.0,120.17896,35.62029,55,78.72,31.09
231500.0,3841500.0,120.0694,34.6803,55,178.22,183.73
199500.0,3833500.0,119.72344,34.59938,55,116.1,15.11
200500.0,3915500.0,119.70487,35.3379,54,98.63,6.52
194500.0,3886500.0,119.64971,35.07503,54,36.54,4.65
240500.0,3833500.0,120.16997,34.61057,54,10.54,94.79
206500.0,3897500.0,119.77721,35.17763,54,59.48,22.07
163500.0,3887500.0,119.30994,35.07417,54,95.47,964.03
198500.0,3846500.0,119.70792,34.71613,54,149.28,9.63
183500.0,3843500.0,119.54552,34.68459,54,27.89,13.81
198500.0,3853500.0,119.70542,34.77915,54,4.95,2.6
186500.0,3912500.0,119.55223,35.3066,54,59.0,34.25
250500.0,3820500.0,120.28273,34.49595,54,59.47,620.89
251500.0,3871500.0,120.27859,34.95558,54,85.42,6592.0
242500.0,3934500.0,120.16041,35.52072,54,41.79,2.35
318500.0,3945500.0,120.99548,35.63666,54,41.24,94718.33
302500.0,3915500.0,120.82618,35.36328,54,174.72,158.01
276500.0,3982500.0,120.52163,35.96134,54,125.14,9.76
226500.0,3916500.0,119.99022,35.35436,54,137.91,313.76
228500.0,3919500.0,120.01121,35.38192,54,168.81,3.84
291500.0,3864500.0,120.71805,34.90153,54,54.84,8157.92
278500.0,3992500.0,120.541,36.05187,54,84.87,3086.48
328500.0,3872500.0,121.12114,34.98056,54,86.13,2710.98
331500.0,3892500.0,121.14993,35.16132,54,21.55,5380.5
320500.0,3995500.0,121.0063,36.08756,54,39.21,8.49
333500.0,3995500.0,121.15062,36.08987,54,10.14,107.86
265500.0,3876500.0,120.43036,35.00396,54,26.08,169.27
239500.0,3898500.0,120.13883,35.19573,54,155.37,161.28
204500.0,3894500.0,119.75636,35.15003,54,61.07,8.14
245500.0,3872500.0,120.21264,34.9631,54,175.47,74.24
267500.0,3983500.0,120.42163,35.96824,54,20.82,3.07
284500.0,3818500.0,120.65323,34.4856,54,126.64,227.21
220500.0,3844500.0,119.94849,34.70437,54,120.78,231.37
253500.0,3913500.0,120.28794,35.33437,54,132.33,1.64
278500.0,3878500.0,120.57216,35.02491,54,87.03,4496.02
280500.0,3920500.0,120.58287,35.40373,54,103.78,2.63
289500.0,3984500.0,120.66515,35.98225,54,17.92,86.69
320500.0,3887500.0,121.0303,35.11436,54,80.72,370.04
194500.0,3839500.0,119.66684,34.65193,54,157.64,2.13
213500.0,3872500.0,119.86261,34.95455,54,117.71,2.11
235500.0,3946500.0,120.07938,35.62693,54,61.96,1.35
245500.0,3954500.0,120.18715,35.7016,54,76.56,5.7
291500.0,3892500.0,120.71102,35.15382,54,107.9,259.18
289500.0,3892500.0,120.68908,35.1534,54,165.78,118.8
181500.0,3908500.0,119.49888,35.26902,54,150.08,51.12
258500.0,3885500.0,120.35111,35.08338,54,19.99,2.0
303500.0,3874500.0,120.84695,34.99404,54,70.19,722.05
361500.0,3820500.0,121.4911,34.51686,54,63.03,681.22
245500.0,3822500.0,120.22774,34.51274,54,40.35,218.63
205500.0,3912500.0,119.76088,35.31237,54,25.01,1.56
235500.0,3942500.0,120.08069,35.59091,54,53.42,10.82
320500.0,4014500.0,121.00195,36.25875,54,137.81,2.01
331500.0,3956500.0,121.13668,35.73809,54,129.61,15.9
266500.0,3972500.0,120.41378,35.86893,54,143.09,37.57
312500.0,3980500.0,120.92105,35.9509,53,3.46,35.5
279500.0,3999500.0,120.55013,36.11515,53,71.38,1.61
190500.0,3907500.0,119.59804,35.26284,53,170.19,33.0
258500.0,3976500.0,120.32405,35.90302,53,38.28,1.58
163500.0,3884500.0,119.31115,35.04717,53,103.16,34.07
203500.0,3883500.0,119.74934,35.05071,53,167.58,3.59
206500.0,3895500.0,119.77793,35.15962,53,47.41,81.14
199500.0,3891500.0,119.70265,35.12155,53,4.59,4.28
250500.0,4005500.0,120.22634,36.16216,53,170.28,1.72
295500.0,3980500.0,120.73268,35.94749,53,166.34,75.15
339500.0,3876500.0,121.24083,35.01842,53,46.49,131.96
217500.0,3928500.0,119.88715,35.45989,53,30.66,1.27
391500.0,3847500.0,121.81441,34.76389,53,14.06,21.18
186500.0,3845500.0,119.57747,34.70352,53,148.19,2.15
310500.0,3964500.0,120.90269,35.80635,53,154.41,5.38
300500.0,3986500.0,120.78657,36.00258,53,72.43,2.84
303500.0,3971500.0,120.82354,35.86804,53,113.25,20.44
182500.0,3910500.0,119.50909,35.28734,53,121.88,3.85
223500.0,3919500.0,119.95623,35.38054,53,133.28,79.45
314500.0,3865500.0,120.96941,34.91501,53,65.95,979.27
290500.0,3877500.0,120.70385,35.01846,53,64.5,2901.86
347500.0,3902500.0,121.32368,35.25401,53,127.05,39.18
354500.0,4011500.0,121.38082,36.23744,53,26.64,102.89
167500.0,3867500.0,119.3617,34.89551,53,86.6,419.74
197500.0,3933500.0,119.66523,35.49902,53,170.76,6.86
235500.0,3953500.0,120.07708,35.68997,53,43.13,2.82
273500.0,3876500.0,120.51795,35.00578,53,144.31,5.11
351500.0,3865500.0,121.37427,34.9211,53,168.88,63.02
246500.0,3909500.0,120.21224,35.29659,53,177.68,37.09
216500.0,3933500.0,119.8744,35.50463,53,175.02,6.9
190500.0,3851500.0,119.61887,34.75875,53,147.36,2.66
234500.0,3882500.0,120.08911,35.05033,53,101.47,326.61
268500.0,3912500.0,120.4531,35.32895,53,50.53,16.23
281500.0,3922500.0,120.59334,35.42197,53,121.36,1.15
342500.0,3855500.0,121.27766,34.82961,53,72.25,949.34
403500.0,3939500.0,121.93474,35.59453,53,124.92,10548.23
206500.0,3849500.0,119.79411,34.74547,53,83.59,1.1
203500.0,3867500.0,119.75503,34.90666,53,164.1,387.3
228500.0,3841500.0,120.03669,34.67951,53,19.38,27.81
314500.0,3979500.0,120.94344,35.94227,53,4.36,7.2
382500.0,3819500.0,121.71997,34.51045,53,51.43,5528.04
222500.0,3928500.0,119.94217,35.4613,53,55.52,6.64
225500.0,3939500.0,119.97147,35.56118,53,51.42,1.69
333500.0,3928500.0,121.16456,35.4861,53,95.43,27.88
321500.0,3918500.0,121.03453,35.3939,53,67.92,121.18
261500.0,3980500.0,120.35606,35.93978,53,37.19,46.2
193500.0,3921500.0,119.62572,35.38978,53,46.85,56.66
318500.0,4017500.0,120.97901,36.28541,53,119.62,56.11
314500.0,4002500.0,120.93804,36.1495,53,30.84,11.46
195500.0,3937500.0,119.64172,35.53441,53,55.09,17.72
184500.0,3869500.0,119.54666,34.91894,52,8.19,138.17
213500.0,3866500.0,119.86467,34.90053,52,22.84,17.97
213500.0,3901500.0,119.85258,35.21566,52,14.26,20.35
253500.0,3998500.0,120.26185,36.09989,52,42.43,2.6
311500.0,3993500.0,120.90687,36.06783,52,21.53,30.46
216500.0,3834500.0,119.90822,34.61323,52,44.31,16.13
193500.0,3851500.0,119.65159,34.75966,52,167.17,16.69
188500.0,3893500.0,119.58138,35.13621,52,42.06,3.4
192500.0,3927500.0,119.61247,35.44348,52,137.33,7.47
317500.0,3939500.0,120.98579,35.58241,52,36.35,3918.07
322500.0,3943500.0,121.04007,35.61936,52,42.89,1307.0
205500.0,3866500.0,119.77724,34.89824,52,170.96,2.63
199500.0,3903500.0,119.69828,35.22957,52,48.14,5.06
205500.0,3881500.0,119.77194,35.03329,52,36.09,22.03
228500.0,3949500.0,120.00117,35.65205,52,3.42,209.49
233500.0,3947500.0,120.05699,35.6354,52,47.77,33.79
227500.0,3871500.0,120.01606,34.94941,52,26.14,36.64
317500.0,3956500.0,120.98194,35.73559,52,23.63,1.27
389500.0,3856500.0,121.79137,34.84482,52,83.64,71.62
193500.0,3844500.0,119.65414,34.69664,52,161.62,9.01
279500.0,3824500.0,120.59727,34.5386,52,58.58,1079.53
212500.0,3935500.0,119.82965,35.52148,52,121.5,157.5
240500.0,3864500.0,120.16042,34.88978,52,55.58,145.81
348500.0,3840500.0,121.34595,34.69531,52,151.73,830.24
345500.0,3826500.0,121.31576,34.56866,52,68.82,674.76
319500.0,3869500.0,121.02324,34.95196,52,71.12,1473.65
353500.0,4020500.0,121.36801,36.3184,52,83.19,46.19
383500.0,3865500.0,121.72451,34.92529,52,82.5,3261.69
248500.0,3876500.0,120.24426,34.99988,52,171.7,10.39
275500.0,3878500.0,120.5393,35.02425,52,168.39,85.23
201500.0,3841500.0,119.7424,34.672,52,152.46,4.88
217500.0,3869500.0,119.90737,34.92866,52,116.08,356.53
197500.0,3915500.0,119.67191,35.33699,52,9.21,7.49
245500.0,3901500.0,120.20373,35.22429,52,150.07,106.01
230500.0,3912500.0,120.0355,35.31943,52,152.93,18.95
254500.0,3999500.0,120.27264,36.10915,52,134.95,2.48
274500.0,3926500.0,120.51519,35.45644,52,136.68,1.88
333500.0,3869500.0,121.17649,34.95436,52,72.74,542.09
332500.0,3906500.0,121.15805,35.28766,52,33.84,1062.2
363500.0,3863500.0,121.50592,34.90476,52,168.3,270.15
399500.0,4012500.0,121.88136,36.25218,52,5.21,41.89
210500.0,3855500.0,119.83568,34.80064,52,13.08,176.26
253500.0,3885500.0,120.29632,35.08217,52,117.95,1210.09
269500.0,3977500.0,120.44553,35.91468,52,146.1,10.55
309500.0,3949500.0,120.89519,35.671,52,23.55,2659.9
320500.0,3821500.0,121.04441,34.51954,52,41.2,438.18
349500.0,3925500.0,121.34142,35.46161,52,124.93,1291.92
414500.0,3851500.0,122.06529,34.80214,52,152.0,158.57
273500.0,3909500.0,120.5089,35.30307,52,96.16,478.43
318500.0,3995500.0,120.9841,36.08719,52,107.33,576.13
268500.0,3968500.0,120.43707,35.83338,52,25.96,4.81
338500.0,3911500.0,121.22302,35.33371,52,36.22,4047.96
325500.0,3949500.0,121.07188,35.67396,52,100.24,6.5
351500.0,3992500.0,121.35104,36.06576,52,96.07,740.37
426500.0,3987500.0,122.1842,36.02925,52,110.33,215.06
212500.0,3945500.0,119.8261,35.61151,51,177.46,2.46
268500.0,3833500.0,120.47505,34.61727,51,148.86,95.36
204500.0,3816500.0,119.78378,34.44777,51,154.12,1.39
190500.0,3869500.0,119.61223,34.92079,51,177.03,104.92
188500.0,3879500.0,119.58664,35.01019,51,8.84,2.12
195500.0,3885500.0,119.66102,35.06633,51,65.3,5.13
299500.0,3988500.0,120.77498,36.02039,51,26.0,22.7
174500.0,3881500.0,119.4327,35.02378,51,163.19,3.24
187500.0,3889500.0,119.57193,35.09989,51,178.19,8.23
229500.0,3902500.0,120.02781,35.22911,51,167.43,10.31
260500.0,3976500.0,120.34619,35.90351,51,51.54,4.88
325500.0,3989500.0,121.06313,36.03441,51,156.41,413.56
189500.0,3832500.0,119.61493,34.58741,51,118.54,2.06
188500.0,3834500.0,119.60332,34.60511,51,126.71,6.2
247500.0,3869500.0,120.23543,34.93658,51,96.3,2.97
247500.0,3867500.0,120.23604,34.91856,51,161.46,1157.17
256500.0,3895500.0,120.32624,35.17298,51,51.51,335.67
191500.0,3852500.0,119.62941,34.76806,51,100.9,1.86
201500.0,3910500.0,119.71768,35.29318,51,130.66,1.84
223500.0,3945500.0,119.94738,35.61465,51,108.46,5.94
282500.0,3983500.0,120.58784,35.9717,51,157.77,22.69
194500.0,3853500.0,119.66177,34.77796,51,42.92,5.69
202500.0,3889500.0,119.73623,35.10443,51,9.97,21.48
242500.0,3848500.0,120.18719,34.74618,51,60.2,4022.2
336500.0,3915500.0,121.20022,35.36944,51,161.24,742.89
369500.0,3951500.0,121.55757,35.6988,51,19.86,8.43
319500.0,3990500.0,120.99634,36.04232,51,39.0,13.18
335500.0,3950500.0,121.18212,35.6847,51,67.69,133.1
347500.0,3906500.0,121.32294,35.29006,51,64.94,161.14
421500.0,3850500.0,122.1419,34.79369,51,93.17,39.03
420500.0,3851500.0,122.13088,34.80263,51,51.3,2790.95
212500.0,3840500.0,119.86262,34.66614,51,105.65,3.29
366500.0,3961500.0,121.52275,35.78853,51,150.59,130.05
209500.0,3907500.0,119.80658,35.26853,51,111.01,1.56
259500.0,3910500.0,120.35477,35.30881,51,139.55,34.82
274500.0,3927500.0,120.51491,35.46545,51,121.13,2.44
298500.0,3976500.0,120.76694,35.91207,51,122.05,35.7
322500.0,3910500.0,121.04728,35.32198,51,22.69,883.02
205500.0,3856500.0,119.78075,34.80821,51,7.1,55.91
194500.0,3931500.0,119.63296,35.4801,51,49.16,22.53
269500.0,3899500.0,120.46775,35.21208,51,172.68,69.23
292500.0,3986500.0,120.69788,36.00091,51,26.13,34.97
203500.0,3854500.0,119.75962,34.78962,51,174.0,52.92
226500.0,3944500.0,119.9808,35.60648,51,113.66,33.39
259500.0,3974500.0,120.33572,35.88525,51,170.07,3.94
278500.0,3972500.0,120.54658,35.87172,51,151.92,2.77
322500.0,4012500.0,121.02466,36.2411,51,45.1,7.22
386500.0,3973500.0,121.7423,35.89921,51,93.27,134.03
335500.0,3971500.0,121.1778,35.87394,51,32.02,11.04
191500.0,3863500.0,119.62537,34.86708,51,103.42,5.44
184500.0,3915500.0,119.52912,35.33297,50,79.15,1.76
269500.0,3983500.0,120.44379,35.96872,50,20.52,1.38
304500.0,3979500.0,120.83265,35.94032,50,175.64,102.29
187500.0,3879500.0,119.57569,35.00988,50,167.82,3.25
196500.0,3886500.0,119.67161,35.07564,50,164.57,1.12
252500.0,3832500.0,120.301,34.60453,50,88.66,1825.06
233500.0,3918500.0,120.06651,35.37426,50,89.43,249.77
191500.0,3851500.0,119.62978,34.75905,50,168.13,5.1
218500.0,3944500.0,119.8926,35.60423,50,108.61,185.71
288500.0,3984500.0,120.65406,35.98203,50,19.89,105.14
205500.0,3839500.0,119.78669,34.65515,50,142.2,8.47
280500.0,3997500.0,120.56179,36.09736,50,85.06,11.73
248500.0,3866500.0,120.24727,34.90981,50,5.01,243.23
239500.0,3882500.0,120.14387,35.05164,50,63.08,670.55
312500.0,3948500.0,120.92855,35.66257,50,108.26,1.6
371500.0,3846500.0,121.59607,34.75255,50,70.49,2640.99
382500.0,3974500.0,121.69784,35.90775,50,57.07,4.89
419500.0,4007500.0,122.10446,36.20898,50,112.63,624.62
177500.0,3898500.0,119.45891,35.17774,50,147.33,119.42
195500.0,3910500.0,119.6518,35.29138,50,135.78,4.29
243500.0,3915500.0,120.1774,35.34986,50,149.28,2.88
243500.0,3904500.0,120.18084,35.2508,50,162.37,6.28
265500.0,3988500.0,120.39799,36.0128,50,164.78,15.79
334500.0,3962500.0,121.1686,35.79267,50,69.74,835.38
301500.0,3890500.0,120.82122,35.13782,50,76.57,2042.96
313500.0,3949500.0,120.93936,35.67177,50,132.78,26.46
308500.0,3961500.0,120.88129,35.77893,50,92.97,12.22
402500.0,3967500.0,121.9203,35.84685,50,146.66,1263.92
375500.0,3980500.0,121.61935,35.96097,50,40.75,36.19
256500.0,3887500.0,120.3286,35.10092,50,91.16,206.02
232500.0,3871500.0,120.07074,34.95074,50,128.45,101.6
236500.0,3904500.0,120.104,35.24898,50,177.09,337.9
324500.0,3827500.0,121.08673,34.57431,50,26.51,51.81
362500.0,3851500.0,121.49695,34.79645,50,62.09,1298.79
384500.0,3833500.0,121.73985,34.6369,50,66.41,2425.84
392500.0,3948500.0,121.81214,35.67453,50,146.43,176.57
262500.0,3862500.0,120.4015,34.87715,50,74.7,439.06
340500.0,3903500.0,121.24657,35.26193,50,83.5,15.51
331500.0,3932500.0,121.14169,35.52181,50,79.51,6.5
351500.0,3965500.0,121.35609,35.82242,50,61.49,9880.63
391500.0,3932500.0,121.80324,35.53019,50,150.57,121.33
199500.0,3837500.0,119.72202,34.6354,50,123.2,29.68
237500.0,3899500.0,120.11657,35.20422,50,123.63,5.86
326500.0,3999500.0,121.07202,36.12469,50,108.79,695.5
393500.0,3981500.0,121.81878,35.97211,50,173.85,212.16
376500.0,4015500.0,121.62494,36.27655,50,130.08,47.66
247500.0,3972500.0,120.20355,35.86422,50,80.24,148.67
270500.0,3968500.0,120.45919,35.83385,50,50.87,3.75
222500.0,3926500.0,119.94286,35.44329,50,68.75,33.25
223500.0,3942500.0,119.94841,35.58763,50,54.87,10.62
248500.0,3910500.0,120.2339,35.3061,50,155.56,11.83
279500.0,3967500.0,120.55903,35.8269,50,145.15,55.77
217500.0,3868500.0,119.90771,34.91966,50,23.46,19.45
221500.0,3936500.0,119.92843,35.53305,50,102.71,25.19
384500.0,3961500.0,121.72188,35.79081,50,162.83,440.33
213500.0,3893500.0,119.85536,35.14363,50,42.19,4.25
330500.0,4002500.0,121.1158,36.15243,50,98.71,386.72
212500.0,3865500.0,119.85408,34.89124,49,23.23,44.58
213500.0,3846500.0,119.87149,34.72045,49,68.0,1.09
210500.0,3857500.0,119.83499,34.81864,49,124.86,177.78
223500.0,3902500.0,119.96197,35.22747,49,177.17,42.43
200500.0,3899500.0,119.7107,35.19386,49,150.96,229.3
274500.0,3825500.0,120.54256,34.54653,49,151.24,764.26
305500.0,3959500.0,120.8486,35.76032,49,114.14,16.48
180500.0,3896500.0,119.49256,35.1607,49,7.05,3.88
192500.0,3905500.0,119.62073,35.24545,49,150.68,57.46
302500.0,3976500.0,120.81124,35.91289,49,151.05,29.84
196500.0,3845500.0,119.68648,34.70654,49,10.14,11.34
179500.0,3839500.0,119.50345,34.64734,49,11.86,3.06
175500.0,3902500.0,119.43541,35.2131,49,172.0,407.0
200500.0,3864500.0,119.72332,34.87877,49,55.28,4.96
198500.0,3888500.0,119.69278,35.09424,49,2.99,20.8
241500.0,3821500.0,120.18451,34.50274,49,50.03,467.92
253500.0,3909500.0,120.28914,35.29834,49,87.86,532.14
345500.0,3875500.0,121.30675,35.01034,49,70.82,1383.58
320500.0,3944500.0,121.01778,35.62801,49,116.76,4.17
220500.0,3830500.0,119.95311,34.5783,49,176.1,5.89
208500.0,3897500.0,119.79915,35.17821,49,143.0,51.99
214500.0,3912500.0,119.85973,35.31498,49,12.68,10.75
215500.0,3941500.0,119.86058,35.57636,49,59.69,2.98
235500.0,3943500.0,120.08036,35.59992,49,27.85,15.86
308500.0,3950500.0,120.88391,35.67982,49,64.8,70.55
176500.0,3885500.0,119.45303,35.06042,49,175.54,22.24
182500.0,3897500.0,119.5141,35.17033,49,23.14,3.95
215500.0,3907500.0,119.87245,35.27025,49,63.44,4.54
271500.0,3882500.0,120.4944,35.05939,49,175.5,25.44
349500.0,3895500.0,121.34694,35.19122,49,133.45,6.86
320500.0,3938500.0,121.01911,35.57395,49,130.08,8.24
357500.0,3945500.0,121.42604,35.64306,49,95.5,23.38
180500.0,3843500.0,119.51283,34.68366,49,172.67,6.59
251500.0,3836500.0,120.28893,34.64032,49,20.75,17.34
255500.0,3888500.0,120.31735,35.10968,49,155.55,78.18
232500.0,3903500.0,120.06041,35.23892,49,2.25,2.66
342500.0,3869500.0,121.27502,34.9558,49,45.34,467.48
346500.0,3904500.0,121.31232,35.27188,49,117.23,11.55
350500.0,3939500.0,121.34986,35.58794,49,128.3,19.75
177500.0,3861500.0,119.47325,34.84473,49,15.55,6.2
213500.0,3839500.0,119.87386,34.65741,49,112.69,16.21
219500.0,3924500.0,119.91054,35.42445,49,124.72,43.11
251500.0,3913500.0,120.26595,35.33387,49,82.32,561.74
349500.0,3901500.0,121.34584,35.2453,49,81.51,113.37
236500.0,3895500.0,120.10687,35.16793,49,53.56,428.89
352500.0,3964500.0,121.36734,35.81356,49,137.89,1303.61
242500.0,3967500.0,120.14985,35.81789,49,81.85,7.44
300500.0,3854500.0,120.81887,34.81323,49,74.13,2022.59
266500.0,3974500.0,120.41319,35.88694,49,5.36,8.4
270500.0,3975500.0,120.45718,35.8969,49,61.79,16.01
281500.0,3993500.0,120.574,36.06156,49,117.7,13.96
195500.0,3890500.0,119.65919,35.11134,49,2.51,66.75
225500.0,3946500.0,119.96909,35.62421,49,34.68,4.38
259500.0,3984500.0,120.33269,35.97531,49,101.17,571.86
261500.0,3977500.0,120.35696,35.91276,49,156.8,8.11
312500.0,3941500.0,120.93018,35.59949,49,147.28,24.99
339500.0,3960500.0,121.2243,35.77547,49,89.27,754.72
211500.0,3891500.0,119.83414,35.12505,49,1.08,28.27
219500.0,3889500.0,119.92249,35.10931,48,169.38,85.15
269500.0,3832500.0,120.48622,34.60849,48,148.87,328.77
266500.0,3983500.0,120.41055,35.968,48,23.22,1.39
183500.0,3869500.0,119.53573,34.91863,48,10.49,13.32
187500.0,3892500.0,119.5708,35.12689,48,26.53,3.81
309500.0,3952500.0,120.89448,35.69804,48,127.05,1.32
290500.0,3983500.0,120.6765,35.97345,48,172.69,154.57
301500.0,3988500.0,120.79716,36.0208,48,26.57,56.29
193500.0,3849500.0,119.65232,34.74165,48,147.27,78.7
215500.0,3866500.0,119.88652,34.90109,48,24.41,193.28
220500.0,3869500.0,119.94017,34.9295,48,25.37,272.96
244500.0,3909500.0,120.19027,35.29608,48,167.51,2.38
311500.0,3979500.0,120.9102,35.9417,48,63.4,11.99
205500.0,3838500.0,119.78703,34.64614,48,42.5,42.21
196500.0,3851500.0,119.68432,34.76055,48,164.79,7.38
214500.0,3902500.0,119.86321,35.22495,48,179.62,30.47
212500.0,3932500.0,119.83072,35.49447,48,118.32,8.4
229500.0,3844500.0,120.04663,34.70679,48,120.85,91.79
242500.0,3865500.0,120.18198,34.89929,48,42.87,1752.28
253500.0,3889500.0,120.29513,35.1182,48,158.36,48.01
265500.0,3903500.0,120.4227,35.24718,48,125.6,841.11
240500.0,3917500.0,120.14379,35.3671,48,139.07,10.7
241500.0,3917500.0,120.15479,35.36736,48,159.69,40.54
246500.0,4001500.0,120.18321,36.12511,48,113.38,69.78
317500.0,3839500.0,121.00787,34.68124,48,55.14,4477.71
346500.0,3875500.0,121.31771,35.01049,48,73.54,848.79
339500.0,3950500.0,121.2263,35.68535,48,54.2,880.47
205500.0,3884500.0,119.77088,35.0603,48,113.75,16.16
212500.0,3892500.0,119.84475,35.13434,48,150.81,6.88
246500.0,3826500.0,120.23743,34.54902,48,83.01,1318.13
248500.0,3886500.0,120.24123,35.08995,48,86.32,30459.9
262500.0,3973500.0,120.36922,35.87697,48,20.34,5.3
302500.0,3988500.0,120.80825,36.021,48,10.62,41.58
219500.0,3867500.0,119.92991,34.91121,48,16.98,10.95
210500.0,3906500.0,119.81791,35.25982,48,64.84,2.12
237500.0,3877500.0,120.12354,35.00609,48,48.53,1156.71
269500.0,3882500.0,120.47249,35.05893,48,153.66,20.8
296500.0,3842500.0,120.77807,34.70431,48,143.21,243.61
312500.0,3850500.0,120.95088,34.77946,48,78.72,4154.39
321500.0,3995500.0,121.0174,36.08774,48,22.9,22.09
389500.0,3949500.0,121.77886,35.68321,48,18.0,338.21
372500.0,3950500.0,121.59088,35.69017,48,62.11,1363.85
390500.0,3990500.0,121.78427,36.0529,48,44.9,157.55
419500.0,3827500.0,122.12223,34.58615,48,45.31,6448.61
411500.0,4004500.0,122.01582,36.18124,48,135.68,1266.63
212500.0,3855500.0,119.85751,34.8012,48,52.68,43.4
249500.0,3862500.0,120.2594,34.87402,48,39.55,53.28
244500.0,3872500.0,120.2017,34.96285,48,174.69,21.04
258500.0,3887500.0,120.35052,35.1014,48,123.93,10.79
241500.0,3847500.0,120.17659,34.73692,48,167.4,296.85
319500.0,3959500.0,121.00337,35.76299,48,80.17,3.67
192500.0,3861500.0,119.63703,34.84938,48,29.58,6.95
288500.0,3954500.0,120.66201,35.71177,48,36.89,1.65
307500.0,3955500.0,120.87167,35.72468,48,146.22,7.65
359500.0,3909500.0,121.45434,35.31886,48,98.36,2251.28
333500.0,4009500.0,121.14765,36.21603,48,172.19,20.54
196500.0,3860500.0,119.68107,34.84158,48,53.76,3.96
298500.0,3981500.0,120.76567,35.95712,48,78.37,1844.28
323500.0,3850500.0,121.07103,34.78143,48,84.9,348.31
373500.0,3869500.0,121.61444,34.96015,48,40.18,461.61
390500.0,3940500.0,121.79113,35.60219,48,129.68,2833.72
189500.0,3880500.0,119.5972,35.0195,48,94.31,5.65
299500.0,3855500.0,120.8077,34.82205,48,74.64,1332.27
352500.0,3846500.0,121.38855,34.74998,48,52.44,5565.6
326500.0,3844500.0,121.10504,34.72787,48,61.08,326.46
359500.0,3861500.0,121.46249,34.88619,48,77.71,5451.29
242500.0,3968500.0,120.14953,35.8269,48,75.55,4.82
321500.0,4014500.0,121.01308,36.25894,48,111.84,4.77
224500.0,3846500.0,119.99145,34.72347,48,87.07,407.81
244500.0,4004500.0,120.16004,36.15159,48,134.3,60.23
335500.0,3934500.0,121.18538,35.5405,48,60.18,2089.87
344500.0,3927500.0,121.28596,35.47887,48,119.41,4.39
213500.0,3889500.0,119.85675,35.10762,48,111.11,6.09
317500.0,3992500.0,120.97369,36.05997,48,104.61,467.01
331500.0,4005500.0,121.12627,36.17964,48,103.18,316.71
227500.0,3830500.0,120.02933,34.58018,48,173.6,20.43
266500.0,3973500.0,120.41349,35.87794,48,148.82,2.82
218500.0,3942500.0,119.8933,35.58622,48,152.37,7.15
211500.0,3911500.0,119.82713,35.30512,48,76.71,327.38
315500.0,3955500.0,120.96007,35.72621,47,167.84,2.27
191500.0,3869500.0,119.62316,34.92109,47,179.43,6.89
300500.0,3988500.0,120.78607,36.02059,47,36.65,23.13
183500.0,3854500.0,119.54139,34.78361,47,90.55,388.25
388500.0,3855500.0,121.78057,34.83569,47,95.76,224.69
226500.0,3902500.0,119.99489,35.22829,47,166.75,60.36
334500.0,3968500.0,121.16735,35.84674,47,5.78,13.56
235500.0,3872500.0,120.10324,34.96054,47,157.76,226.68
296500.0,3914500.0,120.76043,35.35307,47,8.05,71.95
305500.0,3962500.0,120.84787,35.78735,47,120.56,6.55
319500.0,3945500.0,121.00651,35.63684,47,127.58,280.01
178500.0,3894500.0,119.47142,35.14206,47,174.04,93.41
206500.0,3852500.0,119.79306,34.77248,47,63.24,63.75
273500.0,3974500.0,120.49068,35.88859,47,3.81,19.9
300500.0,3990500.0,120.78556,36.03861,47,30.95,42.52
223500.0,3930500.0,119.9525,35.47959,47,52.4,1.89
247500.0,3892500.0,120.22844,35.14374,47,81.19,129.8
234500.0,3828500.0,120.10617,34.564,47,77.29,1.61
255500.0,3887500.0,120.31764,35.10067,47,159.64,2.97
278500.0,3825500.0,120.58612,34.5474,47,58.38,28823.65
278500.0,3982500.0,120.54379,35.96179,47,143.23,4.77
200500.0,3933500.0,119.69826,35.49993,47,179.88,23.37
372500.0,3942500.0,121.59214,35.61806,47,132.11,1368.41
214500.0,3837500.0,119.88543,34.63968,47,113.95,9.48
230500.0,3857500.0,120.05338,34.82413,47,115.1,2333.7
361500.0,3909500.0,121.47634,35.31914,47,158.21,1.41
194500.0,3840500.0,119.66648,34.66093,47,60.42,499.53
221500.0,3861500.0,119.95377,34.85773,47,116.75,627.22
219500.0,3866500.0,119.93024,34.90221,47,103.84,105.24
184500.0,3882500.0,119.54174,35.03595,47,158.72,4.4
185500.0,3884500.0,119.55192,35.05426,47,13.37,1.9
190500.0,3917500.0,119.59426,35.35285,47,78.49,5.29
211500.0,3934500.0,119.819,35.51219,47,105.44,1.95
265500.0,3967500.0,120.40418,35.82366,47,112.78,15.27
244500.0,3969500.0,120.17133,35.83642,47,82.31,10.58
398500.0,3936500.0,121.87993,35.56699,47,60.21,6642.03
321500.0,3821500.0,121.0553,34.51971,47,36.89,367.0
224500.0,3939500.0,119.96045,35.5609,47,91.75,36.89
185500.0,3848500.0,119.56545,34.73022,47,143.19,10.75
324500.0,4015500.0,121.04623,36.2685,47,167.04,1.71
355500.0,3946500.0,121.40377,35.65178,47,150.51,3.75
320500.0,4017500.0,121.00127,36.28578,47,5.07,1.77
324500.0,4003500.0,121.04892,36.16037,47,178.73,2.47
223500.0,3927500.0,119.95352,35.45258,47,121.34,79.52
319500.0,3970500.0,121.00089,35.86211,47,83.93,3.64
265500.0,3981500.0,120.40006,35.94975,46,46.12,6.5
262500.0,3984500.0,120.36593,35.97605,46,124.82,1.38
246500.0,3967500.0,120.19408,35.81893,46,37.32,4.88
175500.0,3855500.0,119.45373,34.7901,46,158.44,14.45
192500.0,3869500.0,119.63409,34.92139,46,177.59,245.53
213500.0,3907500.0,119.85049,35.26968,46,1.06,7.19
213500.0,3932500.0,119.84172,35.49476,46,137.03,14.76
228500.0,3914500.0,120.01287,35.33689,46,128.7,2.89
241500.0,3881500.0,120.16608,35.04314,46,169.89,15.76
209500.0,3839500.0,119.83027,34.65629,46,117.08,3.82
195500.0,3861500.0,119.66979,34.85028,46,169.81,6.47
203500.0,3888500.0,119.74755,35.09572,46,177.82,17.89
228500.0,3952500.0,120.00016,35.67906,46,90.88,265.88
245500.0,3903500.0,120.20311,35.2423,46,157.89,15.82
243500.0,3881500.0,120.18799,35.04365,46,176.7,291.86
255500.0,3998500.0,120.28405,36.1004,46,123.88,3.18
305500.0,3965500.0,120.84714,35.81438,46,112.68,284.04
206500.0,3857500.0,119.79132,34.8175,46,7.66,19.86
320500.0,3939500.0,121.01889,35.58296,46,132.23,1451.48
259500.0,3886500.0,120.36177,35.09263,46,66.14,2163.19
303500.0,3877500.0,120.84624,35.02107,46,77.46,3955.81
248500.0,3875500.0,120.24456,34.99087,46,154.34,5.26
251500.0,3892500.0,120.2723,35.14473,46,115.12,10.75
232500.0,3910500.0,120.05813,35.30195,46,177.22,4.7
235500.0,3944500.0,120.08003,35.60892,46,12.16,5.14
241500.0,3945500.0,120.14588,35.61951,46,23.15,4.14
250500.0,3954500.0,120.24235,35.70288,46,55.95,7.87
238500.0,3943500.0,120.11344,35.60072,46,106.91,10.06
257500.0,3984500.0,120.31053,35.97482,46,78.97,9.12
245500.0,3971500.0,120.18175,35.85469,46,134.37,4.84
205500.0,3890500.0,119.76874,35.11432,46,8.03,4.97
351500.0,3833500.0,121.37992,34.63265,46,67.27,936.17
175500.0,3858500.0,119.45257,34.8171,46,88.36,583.92
180500.0,3888500.0,119.49565,35.0887,46,154.95,2.75
209500.0,3845500.0,119.82821,34.71031,46,177.21,23.97
189500.0,3881500.0,119.59683,35.0285,46,8.02,79.8
209500.0,3911500.0,119.80517,35.30454,46,14.54,2.88
279500.0,3977500.0,120.55626,35.91698,46,176.98,1.87
210500.0,3911500.0,119.81615,35.30483,46,140.12,5.63
323500.0,4003500.0,121.03781,36.16019,46,91.53,843.41
195500.0,3930500.0,119.64434,35.4714,46,67.01,18.06
251500.0,4001500.0,120.23871,36.1264,45,76.42,3.41
191500.0,3837500.0,119.63489,34.63302,45,65.27,1.88
198500.0,3869500.0,119.69967,34.92319,45,158.86,11.62
257500.0,3844500.0,120.35204,34.71382,45,61.47,10097.31
231500.0,3906500.0,120.04845,35.26567,45,179.73,6.44
231500.0,3907500.0,120.04813,35.27467,45,166.24,143.16
327500.0,3999500.0,121.08313,36.12487,45,17.1,23.38
166500.0,3880500.0,119.34558,35.01217,45,53.69,2.34
319500.0,3978500.0,120.99907,35.9342,45,3.08,170.12
180500.0,3860500.0,119.50638,34.83668,45,3.39,9.21
288500.0,3877500.0,120.68194,35.01804,45,104.91,361.1
291500.0,4011500.0,120.68017,36.2259,45,127.08,3.32
196500.0,3844500.0,119.68684,34.69753,45,162.59,15.81
211500.0,3836500.0,119.85309,34.62984,45,131.73,4.07
198500.0,3863500.0,119.70183,34.86918,45,60.39,3.4
199500.0,3864500.0,119.71239,34.87848,45,53.79,5.26
213500.0,3904500.0,119.85154,35.24267,45,127.58,1.24
276500.0,3878500.0,120.55026,35.02447,45,91.01,52.2
280500.0,3891500.0,120.59062,35.14247,45,83.49,64.47
292500.0,3913500.0,120.71669,35.34323,45,22.68,25.38
194500.0,3852500.0,119.66214,34.76896,45,117.56,3.15
208500.0,3911500.0,119.79418,35.30425,45,178.34,5.31
209500.0,3925500.0,119.80019,35.43058,45,83.93,1807.1
195500.0,3908500.0,119.65254,35.27337,45,133.59,2.75
227500.0,3949500.0,119.99014,35.65177,45,62.87,7.2
238500.0,3880500.0,120.13355,35.03336,45,174.63,112.11
278500.0,3978500.0,120.54491,35.92576,45,163.22,643.15
269500.0,3897500.0,120.4683,35.19406,45,0.71,160.49
313500.0,3957500.0,120.9375,35.74385,45,134.05,1.94
353500.0,3949500.0,121.38114,35.67852,45,58.07,2104.51
241500.0,3897500.0,120.16109,35.18724,45,155.61,91.5
202500.0,3844500.0,119.75224,34.6993,45,164.1,17.9
212500.0,3835500.0,119.86432,34.62112,45,94.61,16.23
202500.0,3858500.0,119.7473,34.82534,45,172.47,2.76
214500.0,3904500.0,119.86251,35.24296,45,43.13,10.35
215500.0,3931500.0,119.86409,35.48633,45,124.63,1.85
245500.0,3894500.0,120.20589,35.16124,45,63.43,356.03
232500.0,3911500.0,120.0578,35.31096,45,171.23,9.99
293500.0,3872500.0,120.73795,34.97403,45,82.39,2317.53
343500.0,3867500.0,121.28634,34.93793,45,21.08,1090.26
347500.0,3848500.0,121.33358,34.76727,45,65.71,271.94
338500.0,3942500.0,121.21686,35.61309,45,142.09,4564.1
396500.0,3855500.0,121.86805,34.83654,45,82.0,14728.78
433500.0,3825500.0,122.27503,34.56912,45,26.29,85534.01
170500.0,3867500.0,119.39447,34.89649,45,175.46,68.27
264500.0,3861500.0,120.42364,34.8686,45,163.19,60.01
344500.0,3906500.0,121.28996,35.2896,45,126.43,216.87
349500.0,3902500.0,121.34566,35.25431,45,36.32,6902.83
347500.0,3955500.0,121.31373,35.73169,45,68.78,1241.18
368500.0,3961500.0,121.54488,35.7888,45,64.22,1580.68
244500.0,3940500.0,120.18054,35.57527,45,36.6,2.74
293500.0,3946500.0,120.7193,35.64076,45,72.87,5.77
285500.0,3957500.0,120.62808,35.73815,45,6.85,3.71
223500.0,3909500.0,119.95961,35.2905,45,114.45,5.58
320500.0,3822500.0,121.0442,34.52855,45,126.76,31.85
349500.0,3834500.0,121.35793,34.64137,45,67.34,1008.84
329500.0,3879500.0,121.13066,35.04382,45,136.78,2521.73
229500.0,3840500.0,120.04791,34.67077,45,93.96,72.51
383500.0,3855500.0,121.7259,34.83513,45,33.07,742.11
317500.0,3970500.0,120.97875,35.86174,45,87.48,15.68
209500.0,3938500.0,119.79554,35.54761,45,20.13,27.43
318500.0,4016500.0,120.97924,36.2764,45,28.11,324.1
220500.0,3940500.0,119.91603,35.56878,45,154.46,76.64
383500.0,3972500.0,121.70922,35.88984,45,4.91,3.72
382500.0,3991500.0,121.69532,36.06098,45,136.69,113.04
223500.0,3848500.0,119.97989,34.74121,45,68.46,393.29
314500.0,3969500.0,120.94577,35.85217,45,125.91,1.58
267500.0,3853500.0,120.45865,34.79722,44,6.89,613.05
312500.0,3968500.0,120.92387,35.84278,44,24.35,8.28
316500.0,3968500.0,120.96814,35.84353,44,164.18,2.09
181500.0,3913500.0,119.49694,35.31402,44,127.33,13.82
185500.0,3869500.0,119.55759,34.91925,44,8.43,16.2
189500.0,3908500.0,119.58668,35.27153,44,170.31,60.14
195500.0,3940500.0,119.64059,35.56142,44,172.95,2.09
296500.0,3978500.0,120.74427,35.92968,44,152.17,27.1
312500.0,3993500.0,120.91797,36.06803,44,20.35,36.96
341500.0,3961500.0,121.24622,35.78481,44,144.98,584.21
230500.0,3901500.0,120.03911,35.22037,44,111.13,2.48
263500.0,3984500.0,120.37701,35.97629,44,146.86,2.82
319500.0,3972500.0,121.00043,35.88013,44,171.57,2.44
311500.0,4022500.0,120.8999,36.32911,44,39.92,2925.92
236500.0,3827500.0,120.12826,34.55551,44,156.59,867.62
252500.0,3890500.0,120.28386,35.12696,44,152.78,329.02
233500.0,3900500.0,120.07236,35.21217,44,157.55,5.56
293500.0,3837500.0,120.74655,34.65865,44,42.79,2321.07
316500.0,3980500.0,120.96537,35.95166,44,1.95,38.21
219500.0,3830500.0,119.94222,34.57803,44,162.62,4.55
191500.0,3886500.0,119.61686,35.07412,44,93.69,1.47
202500.0,3901500.0,119.73191,35.21246,44,1.58,14.32
201500.0,3903500.0,119.72022,35.23017,44,19.62,10.05
243500.0,3896500.0,120.18334,35.17875,44,159.7,26.07
235500.0,3910500.0,120.09108,35.30275,44,174.18,74.92
249500.0,3884500.0,120.25279,35.07218,44,27.92,34.14
234500.0,3889500.0,120.08687,35.11337,44,94.78,594.07
256500.0,3998500.0,120.29514,36.10065,44,72.66,5.53
311500.0,3850500.0,120.93996,34.77928,44,82.62,1275.57
170500.0,3881500.0,119.38894,35.02248,44,44.47,2.34
180500.0,3892500.0,119.49411,35.1247,44,141.26,1.76
210500.0,3926500.0,119.81083,35.43988,44,85.1,46.35
195500.0,3933500.0,119.64322,35.49841,44,170.21,53.13
350500.0,3865500.0,121.36332,34.92096,44,169.36,735.79
316500.0,3921500.0,120.97883,35.42002,44,42.15,111.63
381500.0,3865500.0,121.70261,34.92505,44,80.48,1765.05
368500.0,3981500.0,121.54158,35.96906,44,7.64,4.82
380500.0,3973500.0,121.67583,35.8985,44,129.7,2439.27
194500.0,3843500.0,119.6654,34.68794,44,52.9,2.36
207500.0,3857500.0,119.80223,34.81779,44,20.62,24.03
208500.0,3870500.0,119.80863,34.93512,44,7.79,188.81
242500.0,3862500.0,120.1829,34.87227,44,41.95,3766.26
266500.0,3968500.0,120.41495,35.8329,44,94.73,1.71
269500.0,3972500.0,120.44698,35.86964,44,40.72,2.81
241500.0,3976500.0,120.13588,35.89867,44,8.26,435.15
269500.0,3913500.0,120.46381,35.33819,44,93.41,6190.04
345500.0,3817500.0,121.31739,34.48754,44,47.74,693.3
322500.0,3854500.0,121.05926,34.81731,44,155.55,250.23
409500.0,3825500.0,122.01342,34.56728,44,31.48,18147.48
191500.0,3926500.0,119.60185,35.43417,44,107.55,14.52
259500.0,3982500.0,120.3333,35.9573,44,85.58,8.12
203500.0,3840500.0,119.76454,34.66357,44,150.95,15.75
221500.0,3925500.0,119.9322,35.43401,44,61.73,3.88
247500.0,3969500.0,120.2045,35.8372,44,45.06,5.76
260500.0,4005500.0,120.3374,36.16469,44,175.32,690.74
323500.0,3961500.0,121.04715,35.78174,44,75.71,15086.05
278500.0,3970500.0,120.54713,35.8537,44,20.56,1.98
311500.0,4012500.0,120.90232,36.23902,44,143.58,1.91
219500.0,3939500.0,119.90536,35.5595,44,168.61,23.38
317500.0,4017500.0,120.96788,36.28522,44,83.31,34.24
343500.0,3913500.0,121.27763,35.35253,44,47.58,279.86
225500.0,3937500.0,119.97215,35.54317,44,91.73,202.11
224500.0,3835500.0,119.99504,34.62441,44,179.95,20.04
330500.0,4005500.0,121.11516,36.17946,44,130.22,25.04
386500.0,3980500.0,121.74131,35.96231,44,47.43,7.34
386500.0,3971500.0,121.74259,35.88118,44,30.94,719.03
208500.0,3939500.0,119.78417,35.55632,44,51.47,3.49
323500.0,3979500.0,121.04317,35.94394,44,179.76,86.35
237500.0,3831500.0,120.13791,34.59179,43,21.99,1.93
249500.0,4001500.0,120.21651,36.12588,43,79.32,3.84
275500.0,3825500.0,120.55345,34.54675,43,150.67,1585.48
165500.0,3881500.0,119.33424,35.02084,43,40.89,101.49
251500.0,3986500.0,120.24343,35.99132,43,58.07,28.76
251500.0,3993500.0,120.24123,36.05436,43,56.91,1.62
347500.0,3847500.0,121.33377,34.75826,43,155.96,42.75
181500.0,3843500.0,119.52373,34.68397,43,168.27,5.45
224500.0,3918500.0,119.96756,35.37182,43,136.61,3.33
228500.0,3846500.0,120.03508,34.72454,43,63.19,1.47
211500.0,3830500.0,119.85513,34.57581,43,152.25,1.69
273500.0,3984500.0,120.48783,35.97866,43,161.44,90.01
265500.0,3983500.0,120.39947,35.96777,43,65.51,3.89
304500.0,3966500.0,120.83584,35.82319,43,22.32,590.88
281500.0,3996500.0,120.57317,36.08858,43,49.68,46.05
355500.0,3865500.0,121.41804,34.92168,43,165.09,86.05
177500.0,3905500.0,119.45617,35.24074,43,28.72,16.09
204500.0,3860500.0,119.76843,34.84393,43,27.66,191.76
244500.0,3881500.0,120.19894,35.04391,43,176.24,75.81
351500.0,3847500.0,121.37745,34.75885,43,155.09,15.59
199500.0,3849500.0,119.71776,34.74343,43,18.15,3.9
202500.0,3862500.0,119.74588,34.86135,43,49.29,2.03
189500.0,3902500.0,119.58895,35.21753,43,111.81,237.27
227500.0,3938500.0,119.99385,35.55273,43,61.56,5.12
303500.0,3915500.0,120.83718,35.36348,43,88.26,6339.56
317500.0,3945500.0,120.98444,35.63647,43,133.14,17.07
359500.0,3926500.0,121.45142,35.47209,43,160.12,114.64
403500.0,4014500.0,121.92563,36.27062,43,141.3,1487.18
212500.0,3853500.0,119.85819,34.78319,43,134.75,5.57
202500.0,3911500.0,119.72829,35.30248,43,37.66,12.3
248500.0,3837500.0,120.25594,34.64859,43,174.34,35.79
218500.0,3835500.0,119.92968,34.62278,43,77.12,1.49
234500.0,3871500.0,120.09262,34.95127,43,163.92,11.54
305500.0,3876500.0,120.86838,35.01245,43,75.82,1473.35
331500.0,3938500.0,121.14044,35.57588,43,47.14,76.96
221500.0,3844500.0,119.95939,34.70465,43,46.78,3.09
231500.0,3835500.0,120.0713,34.62627,43,1.08,4.1
236500.0,3899500.0,120.1056,35.20395,43,107.46,5.26
237500.0,3896500.0,120.11752,35.1772,43,66.81,256.03
270500.0,3973500.0,120.45776,35.87888,43,22.34,1.33
285500.0,3879500.0,120.64857,35.03543,43,179.74,129.48
302500.0,3972500.0,120.81223,35.87685,43,119.52,4.56
332500.0,3870500.0,121.16535,34.96321,43,74.92,793.53
413500.0,3930500.0,122.04608,35.51432,43,62.25,120283.9
279500.0,3895500.0,120.57859,35.17829,43,102.55,106.41
351500.0,3952500.0,121.3585,35.70526,43,76.05,6286.39
377500.0,3872500.0,121.6578,34.98768,43,166.09,181.76
389500.0,3939500.0,121.78023,35.59307,43,42.28,16.61
213500.0,3935500.0,119.84067,35.52177,43,102.9,2.81
250500.0,3879500.0,120.26525,35.02739,43,141.89,6.27
291500.0,3849500.0,120.72178,34.76638,43,168.08,189.13
257500.0,3968500.0,120.31541,35.83072,43,166.43,6.36
337500.0,3912500.0,121.21182,35.34256,43,36.91,472.02
335500.0,3932500.0,121.18578,35.52248,43,176.96,303.03
337500.0,3960500.0,121.20219,35.77515,43,21.1,15.14
367500.0,3977500.0,121.53116,35.93287,43,87.47,118.14
201500.0,3890500.0,119.72492,35.11314,43,18.62,125.43
325500.0,3979500.0,121.06533,35.9443,43,0.94,53.94
226500.0,3942500.0,119.98148,35.58847,43,51.8,30.91
353500.0,3977500.0,121.37601,35.93087,43,2.78,3.55
324500.0,3973500.0,121.05557,35.89005,43,162.99,67.08
215500.0,3912500.0,119.87072,35.31527,42,168.49,2.79
221500.0,3851500.0,119.95708,34.76768,42,12.48,122.43
215500.0,3900500.0,119.87487,35.20723,42,127.05,1.88
234500.0,3831500.0,120.10524,34.59102,42,10.85,7.61
238500.0,3961500.0,120.10759,35.7628,42,66.37,86.09
196500.0,3906500.0,119.66426,35.25567,42,34.22,4.13
175500.0,3868500.0,119.4487,34.9071,42,98.6,731.02
215500.0,3889500.0,119.87866,35.10819,42,168.65,97.2
217500.0,3945500.0,119.88123,35.61295,42,34.63,127.32
317500.0,3938500.0,120.98602,35.5734,42,34.85,4663.12
341500.0,3851500.0,121.26748,34.7934,42,83.32,284.98
366500.0,3971500.0,121.52108,35.87866,42,134.31,10033.66
202500.0,3848500.0,119.75083,34.73531,42,175.01,74.38
210500.0,3879500.0,119.82737,35.01673,42,19.03,3.1
197500.0,3889500.0,119.68146,35.10294,42,16.24,2.03
263500.0,3818500.0,120.42474,34.48099,42,40.82,164.27
253500.0,3868500.0,120.30135,34.92905,42,76.16,140515.67
276500.0,3976500.0,120.52332,35.90729,42,79.39,49.97
292500.0,4011500.0,120.69129,36.22612,42,151.37,496.5
301500.0,3990500.0,120.79666,36.03882,42,24.95,35.37
183500.0,3893500.0,119.52659,35.13465,42,157.64,23.38
205500.0,3914500.0,119.76016,35.33038,42,156.96,8.21
312500.0,3865500.0,120.94752,34.91464,42,68.63,420.88
287500.0,3881500.0,120.66997,35.05387,42,95.13,531.73
308500.0,3960500.0,120.88153,35.76992,42,94.01,147.58
330500.0,3892500.0,121.13895,35.16115,42,23.15,1782.97
356500.0,3927500.0,121.41819,35.48067,42,164.67,31.48
404500.0,4015500.0,121.93664,36.27973,42,145.4,1628.45
427500.0,3921500.0,122.20126,35.4343,42,62.01,123812.66
172500.0,3891500.0,119.40687,35.11313,42,126.74,4.27
199500.0,3912500.0,119.69498,35.31059,42,42.07,1.93
268500.0,3877500.0,120.46292,35.01366,42,11.54,19.82
251500.0,3863500.0,120.28097,34.88352,42,39.12,45.61
302500.0,3966500.0,120.81371,35.82279,42,114.64,26.82
374500.0,3944500.0,121.61391,35.63635,42,13.0,16.63
365500.0,4013500.0,121.50285,36.25706,42,141.1,33.08
435500.0,3839500.0,122.29577,34.69549,42,35.43,15553.52
304500.0,3983500.0,120.83166,35.97636,42,144.4,141.8
215500.0,3867500.0,119.88618,34.9101,42,30.44,45.13
201500.0,3926500.0,119.71183,35.43722,42,77.74,186.44
257500.0,3983500.0,120.31084,35.96581,42,87.51,4.67
323500.0,3937500.0,121.05242,35.56547,42,6.76,107.51
396500.0,3983500.0,121.85179,35.99046,42,68.48,2.87
381500.0,4020500.0,121.67984,36.32225,42,119.85,418.48
339500.0,3871500.0,121.24179,34.97335,42,132.92,39.98
268500.0,3977500.0,120.43446,35.91444,42,82.79,7.21
211500.0,3869500.0,119.84177,34.92697,42,173.64,1823.9
304500.0,3967500.0,120.83559,35.8322,42,114.76,26.38
197500.0,3834500.0,119.70131,34.6078,42,28.18,1406.5
212500.0,3907500.0,119.83952,35.2694,42,4.95,13.3
206500.0,3912500.0,119.77186,35.31267,42,72.44,11.78
270500.0,3984500.0,120.45458,35.97796,42,137.12,3.91
304500.0,3916500.0,120.84794,35.37269,42,165.37,22.9
220500.0,3936500.0,119.91741,35.53277,42,22.9,63.65
333500.0,3951500.0,121.15982,35.69337,42,170.51,7.43
323500.0,4016500.0,121.03488,36.27733,42,118.8,1.05
199500.0,3844500.0,119.71954,34.69842,42,59.73,582.78
221500.0,3939500.0,119.9274,35.56006,42,152.73,1.9
393500.0,3838500.0,121.83739,34.68296,42,61.61,190.89
382500.0,3960500.0,121.6999,35.78156,42,146.97,395.84
384500.0,3985500.0,121.7184,36.00714,42,150.51,14.38
326500.0,3977500.0,121.07685,35.92645,42,73.25,832.29
350500.0,3927500.0,121.35207,35.47979,42,11.84,1693.27
194500.0,3858500.0,119.65996,34.82297,41,95.72,1.34
270500.0,3832500.0,120.49712,34.60871,41,146.46,51.47
255500.0,3867500.0,120.32352,34.92052,41,62.81,3313.17
320500.0,3980500.0,121.0097,35.9524,41,75.89,15.02
180500.0,3854500.0,119.50866,34.78267,41,73.73,7.64
215500.0,3906500.0,119.8728,35.26125,41,71.48,34.19
213500.0,3836500.0,119.87487,34.6304,41,49.6,5.28
213500.0,3869500.0,119.86364,34.92754,41,11.53,14.67
219500.0,3868500.0,119.92957,34.92021,41,25.37,14.32
280500.0,3995500.0,120.56235,36.07935,41,119.28,24.16
196500.0,3912500.0,119.66204,35.30968,41,34.21,4.16
189500.0,3911500.0,119.58555,35.29853,41,101.15,135.25
194500.0,3932500.0,119.63259,35.4891,41,129.29,5.78
257500.0,3872500.0,120.34394,34.96604,41,175.65,19.75
233500.0,3877500.0,120.07976,35.00504,41,178.84,26.53
307500.0,3964500.0,120.86951,35.80577,41,17.15,44.4
199500.0,3853500.0,119.71633,34.77945,41,6.1,9.47
197500.0,3861500.0,119.69163,34.85088,41,76.05,4.32
188500.0,3850500.0,119.59742,34.74914,41,177.47,3.38
205500.0,3909500.0,119.76196,35.28537,41,0.35,1.87
194500.0,3926500.0,119.63484,35.43509,41,140.14,16.85
221500.0,3933500.0,119.92946,35.50604,41,62.85,53.26
256500.0,3894500.0,120.32654,35.16397,41,155.87,124.71
265500.0,3892500.0,120.42583,35.14809,41,95.45,2169.68
270500.0,3897500.0,120.47928,35.19429,41,2.33,412.79
255500.0,3977500.0,120.29053,35.91128,41,42.04,18.33
307500.0,3961500.0,120.87023,35.77874,41,111.03,194.33
163500.0,3873500.0,119.3156,34.94819,41,44.7,9.92
206500.0,3853500.0,119.79271,34.78149,41,159.31,216.18
226500.0,3933500.0,119.98451,35.50743,41,68.37,212.72
233500.0,3838500.0,120.09215,34.65381,41,83.67,2097.8
286500.0,3971500.0,120.63539,35.86449,41,40.73,2.51
338500.0,3938500.0,121.21766,35.57705,41,0.17,13.62
182500.0,3894500.0,119.51525,35.14333,41,140.32,3.44
211500.0,3931500.0,119.82006,35.48518,41,121.73,56.98
228500.0,3915500.0,120.01253,35.3459,41,146.72,6.02
334500.0,3969500.0,121.16715,35.85575,41,2.84,4.84
343500.0,4003500.0,121.26005,36.16363,41,105.1,1454.69
242500.0,3897500.0,120.17206,35.1875,41,102.46,236.69
201500.0,3932500.0,119.70963,35.49123,41,84.67,486.3
217500.0,3934500.0,119.88506,35.51391,41,9.98,19.22
273500.0,3872500.0,120.51903,34.96975,41,120.27,58.1
295500.0,3875500.0,120.7591,35.00146,41,115.72,138.34
232500.0,3825500.0,120.08534,34.53646,41,32.76,13.57
256500.0,4005500.0,120.29298,36.16369,41,168.23,9.1
276500.0,3870500.0,120.5524,34.9524,41,44.79,1809.12
321500.0,3921500.0,121.03388,35.42093,41,163.43,38.39
193500.0,3919500.0,119.62647,35.37178,41,8.55,42.22
237500.0,3833500.0,120.13729,34.60981,41,28.28,1.34
237500.0,3972500.0,120.09293,35.86159,41,120.97,8.53
245500.0,3972500.0,120.18143,35.8637,41,0.84,6.72
279500.0,3958500.0,120.56151,35.74583,41,135.7,1.1
415500.0,3929500.0,122.06824,35.50548,41,62.21,135265.61
270500.0,3977500.0,120.4566,35.91491,41,7.26,11.79
241500.0,3974500.0,120.13653,35.88066,41,158.07,12.56
302500.0,3823500.0,120.84796,34.53426,41,72.8,5111.89
326500.0,3850500.0,121.1038,34.78194,41,88.22,1086.12
352500.0,3951500.0,121.36973,35.6964,41,63.0,5180.56
330500.0,3933500.0,121.13046,35.53065,41,136.41,656.13
361500.0,3935500.0,121.47192,35.55349,41,32.15,1602.61
226500.0,3903500.0,119.99455,35.2373,41,169.93,44.5
192500.0,3841500.0,119.64433,34.66933,41,127.51,13.28
180500.0,3859500.0,119.50676,34.82768,41,134.23,59.22
188500.0,3908500.0,119.57571,35.27122,41,161.53,15.62
240500.0,3946500.0,120.13453,35.62826,41,19.91,2.58
243500.0,3967500.0,120.16091,35.81815,41,56.61,10.87
264500.0,3965500.0,120.39371,35.8054,41,11.02,2.5
261500.0,3975500.0,120.35756,35.89474,41,56.98,2.73
317500.0,3969500.0,120.97898,35.85273,41,66.5,15.11
291500.0,3990500.0,120.68574,36.03673,41,106.04,16.94
311500.0,4002500.0,120.90472,36.14892,41,98.68,156.96
247500.0,3924500.0,120.21859,35.43194,41,42.74,40.09
350500.0,3991500.0,121.34013,36.05659,41,47.57,41.41
184500.0,3848500.0,119.55455,34.72991,41,145.39,24.38
225500.0,3941500.0,119.97079,35.57919,41,172.63,5.53
195500.0,3871500.0,119.66615,34.9403,41,159.99,18.39
223500.0,3936500.0,119.95046,35.53361,41,81.33,5.36
332500.0,3946500.0,121.14981,35.64814,41,43.59,32.51
334500.0,3970500.0,121.16694,35.86476,41,149.27,26.49
343500.0,3937500.0,121.27301,35.56884,41,175.35,3.9
262500.0,3983500.0,120.36623,35.96704,40,88.34,3.66
181500.0,3916500.0,119.49578,35.34102,40,96.51,2.52
214500.0,3900500.0,119.8639,35.20694,40,41.21,2.63
233500.0,3831500.0,120.09435,34.59076,40,177.68,47.87
228500.0,3908500.0,120.01485,35.28287,40,25.41,2.04
227500.0,3907500.0,120.0042,35.27359,40,170.64,48.39
232500.0,3905500.0,120.05976,35.25693,40,97.02,1.83
207500.0,3909500.0,119.78391,35.28595,40,12.76,1.24
211500.0,3890500.0,119.83449,35.11605,40,166.21,73.39
229500.0,3901500.0,120.02814,35.2201,40,73.83,220.34
263500.0,3978500.0,120.3788,35.92225,40,166.57,8.36
282500.0,3993500.0,120.58509,36.06178,40,122.18,48.99
204500.0,3841500.0,119.77509,34.67287,40,158.38,3.96
189500.0,3859500.0,119.60501,34.83046,40,48.81,110.89
217500.0,3912500.0,119.89269,35.31584,40,73.63,9.59
208500.0,3925500.0,119.78919,35.43029,40,176.94,3.26
242500.0,3933500.0,120.16072,35.51171,40,14.94,17.75
315500.0,3944500.0,120.96259,35.62709,40,126.15,1105.59
318500.0,3937500.0,120.99727,35.56457,40,111.97,401.35
292500.0,3985500.0,120.69814,35.9919,40,19.07,196.89
333500.0,4002500.0,121.14914,36.15295,40,116.0,262.42
188500.0,3843500.0,119.60001,34.68613,40,134.44,4.02
208500.0,3839500.0,119.81938,34.656,40,53.43,722.11
244500.0,3902500.0,120.19245,35.23304,40,158.83,12.83
242500.0,3895500.0,120.17268,35.16949,40,141.1,37.17
314500.0,3933500.0,120.95408,35.52778,40,158.74,1700.11
277500.0,3977500.0,120.53411,35.91653,40,152.36,103.54
232500.0,3874500.0,120.06978,34.97776,40,179.41,181.41
337500.0,3926500.0,121.20903,35.46874,40,45.42,1162.84
314500.0,3956500.0,120.94879,35.73503,40,175.78,1.81
221500.0,3835500.0,119.96236,34.6236,40,168.05,5.21
213500.0,3834500.0,119.87555,34.61239,40,73.43,4.79
215500.0,3930500.0,119.86444,35.47733,40,160.25,3.12
292500.0,3872500.0,120.727,34.97382,40,80.1,1950.09
272500.0,3874500.0,120.50754,34.98754,40,150.61,276.93
304500.0,3882500.0,120.85601,35.06632,40,174.85,117.0
304500.0,3883500.0,120.85578,35.07533,40,74.71,7467.06
304500.0,3911500.0,120.84913,35.32763,40,27.46,360.73
313500.0,3948500.0,120.93959,35.66276,40,121.06,69.52
348500.0,3935500.0,121.32854,35.55159,40,41.43,505.04
364500.0,3838500.0,121.5209,34.67953,40,75.29,1413.83
383500.0,3908500.0,121.71845,35.31293,40,38.83,14847.27
365500.0,3956500.0,121.51253,35.74332,40,127.41,18410.37
368500.0,4014500.0,121.53606,36.26648,40,21.59,26.27
189500.0,3922500.0,119.58137,35.39754,40,153.92,8.01
218500.0,3929500.0,119.89781,35.46918,40,30.04,7.03
243500.0,3895500.0,120.18365,35.16974,40,65.7,2904.08
333500.0,3981500.0,121.15357,35.96372,40,92.58,1705.17
392500.0,3932500.0,121.81427,35.5303,40,60.77,58498.97
403500.0,3935500.0,121.93522,35.55847,40,56.73,28091.59
183500.0,3835500.0,119.54851,34.61258,40,84.84,1.75
203500.0,3868500.0,119.75467,34.91566,40,94.15,1.73
187500.0,3894500.0,119.57004,35.1449,40,179.1,13.48
222500.0,3886500.0,119.95637,35.08312,40,75.29,53.5
204500.0,3915500.0,119.74881,35.33909,40,154.23,36.49
203500.0,3928500.0,119.7331,35.45582,40,134.86,10.42
210500.0,3907500.0,119.81756,35.26882,40,108.57,2.68
229500.0,3835500.0,120.04951,34.62574,40,170.07,82.83
276500.0,3863500.0,120.55428,34.88933,40,59.51,2760.19
318500.0,3868500.0,121.01252,34.94277,40,75.1,817.91
256500.0,3886500.0,120.3289,35.09191,40,6.68,7.76
285500.0,3908500.0,120.64103,35.29671,40,177.66,77.52
318500.0,3947500.0,120.99503,35.65468,40,35.61,3946.45
344500.0,3817500.0,121.3065,34.48739,40,45.76,2657.06
370500.0,3850500.0,121.58453,34.78848,40,71.5,1468.99
408500.0,3922500.0,121.99185,35.44175,40,129.32,22926.83
227500.0,3936500.0,119.99452,35.53472,40,56.98,2.34
229500.0,3903500.0,120.02748,35.23811,40,7.33,34.23
298500.0,3854500.0,120.79702,34.81284,40,64.89,1968.3
338500.0,3924500.0,121.22045,35.45087,40,132.98,143.21
347500.0,3910500.0,121.32219,35.32611,40,41.35,3036.56
193500.0,3923500.0,119.62497,35.40778,40,32.33,189.3
194500.0,3937500.0,119.63071,35.53411,40,152.52,4.31
224500.0,3940500.0,119.96011,35.56991,40,119.14,8.05
242500.0,3823500.0,120.19479,34.521,40,35.24,1425.95
229500.0,3869500.0,120.03858,34.93194,40,22.13,3.94
235500.0,3904500.0,120.09302,35.24872,40,100.78,137.59
321500.0,4010500.0,121.01399,36.2229,40,35.8,6.03
221500.0,3935500.0,119.92877,35.52405,40,115.74,231.51
252500.0,3843500.0,120.29778,34.70361,40,58.98,338.24
358500.0,3944500.0,121.43725,35.63419,40,142.89,10.92
245500.0,3818500.0,120.22893,34.47671,40,127.88,22.52
231500.0,3916500.0,120.04518,35.35571,40,173.98,12.18
251500.0,3971500.0,120.24812,35.85623,40,71.21,3903.88
418500.0,3850500.0,122.10911,34.79346,40,23.96,59.0
223500.0,3937500.0,119.95012,35.54262,40,101.18,80.98
343500.0,3969500.0,121.26678,35.85723,40,68.47,1036.42
222500.0,3882500.0,119.95771,35.04711,39,1.94,11.88
303500.0,4012500.0,120.81335,36.23742,39,44.58,3.14
171500.0,3892500.0,119.39552,35.1218,39,94.06,1.53
217500.0,3850500.0,119.91377,34.75758,39,75.18,124.0
196500.0,3901500.0,119.6661,35.21066,39,154.32,49.76
195500.0,3887500.0,119.66029,35.08434,39,93.97,2.57
164500.0,3885500.0,119.32169,35.0565,39,114.55,2.99
206500.0,3910500.0,119.77258,35.29466,39,49.73,2.21
228500.0,3942500.0,120.00352,35.58902,39,39.32,6.49
179500.0,3846500.0,119.50079,34.71035,39,13.26,2.87
170500.0,3891500.0,119.38497,35.11248,39,166.76,5.22
212500.0,3903500.0,119.84091,35.23338,39,122.78,1.57
202500.0,3905500.0,119.73047,35.24847,39,14.72,5.85
211500.0,3883500.0,119.83692,35.05303,39,37.65,3.7
217500.0,3913500.0,119.89234,35.32484,39,66.54,2.0
225500.0,3918500.0,119.97856,35.37209,39,9.73,22.06
244500.0,3917500.0,120.18777,35.36813,39,123.31,32.32
298500.0,3987500.0,120.76414,36.01117,39,26.06,48.41
336500.0,3932500.0,121.19681,35.52264,39,177.33,3.41
172500.0,3902500.0,119.40251,35.21212,39,170.29,5.0
251500.0,3890500.0,120.2729,35.12672,39,153.42,55.82
242500.0,3935500.0,120.16009,35.52972,39,157.86,9.34
304500.0,3965500.0,120.83608,35.81418,39,104.19,10.31
330500.0,4000500.0,121.11624,36.13441,39,13.77,7.21
172500.0,3854500.0,119.42139,34.78014,39,71.74,1.09
200500.0,3844500.0,119.73044,34.69871,39,45.28,3.62
191500.0,3915500.0,119.606,35.33516,39,98.99,60.07
218500.0,3913500.0,119.90333,35.32512,39,152.06,160.51
231500.0,3824500.0,120.07477,34.5272,39,13.5,6.34
341500.0,3937500.0,121.25095,35.56852,39,172.29,2.77
271500.0,3881500.0,120.49467,35.05038,39,145.2,181.52
357500.0,3968500.0,121.42195,35.85035,39,124.7,3.04
367500.0,3832500.0,121.55458,34.62583,39,58.4,1658.19
391500.0,3951500.0,121.80068,35.70146,39,60.94,3584.64
327500.0,3843500.0,121.11616,34.71902,39,156.38,28.69
231500.0,3871500.0,120.05981,34.95048,39,154.43,5.45
237500.0,3904500.0,120.11497,35.24924,39,174.23,38.67
241500.0,3956500.0,120.14235,35.71857,39,154.03,2.04
293500.0,3850500.0,120.74337,34.77579,39,134.94,682.64
176500.0,3904500.0,119.44559,35.23142,39,104.75,4.29
207500.0,3902500.0,119.78641,35.22293,39,179.79,2.1
315500.0,3996500.0,120.95056,36.09563,39,113.19,55.49
331500.0,3931500.0,121.1419,35.5128,39,19.59,1.87
259500.0,3912500.0,120.35418,35.32683,39,18.43,152.37
241500.0,3948500.0,120.14492,35.64653,39,28.24,13.51
239500.0,3943500.0,120.12446,35.60098,39,12.68,5.84
242500.0,3975500.0,120.14727,35.88993,39,108.89,33.41
287500.0,3969500.0,120.64699,35.84669,39,98.35,10.14
277500.0,3997500.0,120.52849,36.09668,39,32.42,5.7
201500.0,3911500.0,119.71731,35.30219,39,146.49,1.97
230500.0,3841500.0,120.05849,34.68004,39,178.25,29.94
387500.0,3855500.0,121.76963,34.83558,39,75.35,10288.43
212500.0,3860500.0,119.8558,34.84622,39,26.46,2.77
210500.0,3840500.0,119.84083,34.66558,39,11.23,5.36
191500.0,3841500.0,119.63343,34.66903,39,143.47,42.37
197500.0,3904500.0,119.67597,35.23797,39,174.64,14.36
188500.0,3909500.0,119.57533,35.28022,39,169.24,100.08
223500.0,3944500.0,119.94772,35.60564,39,107.47,113.27
320500.0,4016500.0,121.0015,36.27677,39,85.93,11.57
222500.0,3940500.0,119.93807,35.56935,39,146.85,2.98
290500.0,3990500.0,120.67464,36.03651,39,32.45,53.54
332500.0,3944500.0,121.15023,35.63012,39,62.47,3.3
390500.0,3973500.0,121.78662,35.89967,39,102.98,64.92
411500.0,3860500.0,122.03155,34.88304,39,56.77,5984.04
206500.0,3855500.0,119.79202,34.79949,39,18.56,40.89
288500.0,3830500.0,120.69378,34.59456,38,42.74,2547.34
219500.0,3833500.0,119.94123,34.60504,38,104.46,157.88
221500.0,3870500.0,119.95077,34.93878,38,26.01,776.7
206500.0,3898500.0,119.77686,35.18663,38,117.05,89.44
312500.0,3978500.0,120.92152,35.93288,38,172.32,31.37
206500.0,3838500.0,119.79793,34.64643,38,14.21,6.45
199500.0,3845500.0,119.71918,34.70742,38,157.3,18.47
213500.0,3947500.0,119.83642,35.6298,38,112.9,3.39
251500.0,3891500.0,120.2726,35.13572,38,164.86,6.25
307500.0,3963500.0,120.86975,35.79676,38,108.04,75.71
340500.0,3950500.0,121.23735,35.68552,38,78.41,2.81
203500.0,3882500.0,119.74969,35.04171,38,170.22,20.23
198500.0,3909500.0,119.6851,35.28328,38,157.36,20.05
212500.0,3946500.0,119.82575,35.62051,38,74.43,2.29
254500.0,3889500.0,120.30609,35.11845,38,145.05,112.27
266500.0,3904500.0,120.4334,35.25642,38,123.46,2197.75
307500.0,3960500.0,120.87047,35.76973,38,110.5,323.5
209500.0,3901500.0,119.8087,35.21451,38,37.23,50.11
231500.0,3829500.0,120.0732,34.57223,38,143.71,1378.94
225500.0,3841500.0,120.00399,34.67871,38,39.76,2.64
242500.0,3896500.0,120.17237,35.17849,38,157.93,12.17
246500.0,3881500.0,120.22084,35.04441,38,178.32,2.6
237500.0,3910500.0,120.11306,35.30328,38,4.28,70.25
274500.0,3978500.0,120.50061,35.92485,38,67.64,131.6
280500.0,3925500.0,120.58152,35.44877,38,129.36,17.78
315500.0,3956500.0,120.95984,35.73522,38,52.08,68.86
301500.0,3986500.0,120.79766,36.00278,38,107.81,288.14
278500.0,3979500.0,120.54463,35.93477,38,127.43,2.45
328500.0,3998500.0,121.09446,36.11604,38,19.33,405.63
257500.0,3864500.0,120.34626,34.89398,38,69.96,1032.72
303500.0,3889500.0,120.84339,35.1292,38,77.78,4854.7
375500.0,3981500.0,121.61919,35.96998,38,41.09,11.19
321500.0,3920500.0,121.0341,35.41192,38,161.49,42.65
228500.0,3876500.0,120.02536,34.99471,38,15.19,19.5
240500.0,3956500.0,120.1313,35.71831,38,120.7,48.98
301500.0,3972500.0,120.80116,35.87665,38,123.9,60.07
362500.0,4011500.0,121.46982,36.23861,38,149.75,184.17
207500.0,3838500.0,119.80882,34.64672,38,134.19,11.26
381500.0,3999500.0,121.68302,36.13297,38,107.16,332.45
214500.0,3846500.0,119.88239,34.72073,38,89.62,2.52
184500.0,3901500.0,119.53449,35.20697,38,110.59,84.13
246500.0,3901500.0,120.21471,35.22454,38,64.17,545.14
244500.0,3957500.0,120.17516,35.72836,38,164.37,3.8
263500.0,3967500.0,120.38206,35.82318,38,26.78,3.67
272500.0,3989500.0,120.47531,36.02347,38,103.6,124.12
285500.0,3958500.0,120.62781,35.74716,38,99.61,2.91
277500.0,3937500.0,120.5452,35.55621,38,82.33,1.93
329500.0,3977500.0,121.11009,35.92698,38,5.92,6.54
211500.0,3856500.0,119.84625,34.80992,38,162.98,17.79
349500.0,3926500.0,121.34124,35.47062,38,26.03,8.31
362500.0,3933500.0,121.48329,35.5356,38,32.38,1073.47
185500.0,3845500.0,119.56657,34.70321,38,43.49,7.08
225500.0,3930500.0,119.97452,35.48014,38,148.46,495.13
246500.0,3821500.0,120.23891,34.50398,38,37.52,341.62
263500.0,3876500.0,120.40846,35.0035,38,101.07,931.25
255500.0,3890500.0,120.31675,35.1277,38,78.35,113.82
206500.0,3903500.0,119.77508,35.23164,38,114.11,1.66
252500.0,3963500.0,120.26166,35.78444,38,163.15,22.76
216500.0,3898500.0,119.88653,35.1895,38,9.91,6.92
229500.0,3870500.0,120.03825,34.94094,38,23.21,29.47
342500.0,3975500.0,121.25452,35.91114,38,175.21,13.42
230500.0,3869500.0,120.04951,34.9322,38,76.0,5.9
238500.0,3835500.0,120.14757,34.62808,38,75.27,135.33
335500.0,3960500.0,121.18007,35.77481,38,97.75,337.64
324500.0,3974500.0,121.05535,35.89906,38,74.05,222.8
389500.0,3981500.0,121.77443,35.97167,38,84.74,2900.5
228500.0,3889500.0,120.02111,35.11177,38,177.26,126.02
229500.0,3889500.0,120.03207,35.11204,38,179.01,102.5
229500.0,3940500.0,120.01521,35.57128,37,56.83,14.42
272500.0,3830500.0,120.51945,34.59114,37,142.21,24.71
305500.0,3979500.0,120.84373,35.94052,37,176.23,310.72
178500.0,3916500.0,119.46283,35.34006,37,104.61,3.29
207500.0,3861500.0,119.80084,34.8538,37,19.86,5.97
255500.0,3819500.0,120.33742,34.48814,37,151.47,3.57
178500.0,3846500.0,119.48989,34.71004,37,27.2,2.57
219500.0,3855500.0,119.93392,34.80315,37,38.61,8.91
201500.0,3884500.0,119.72708,35.05912,37,177.05,6.47
213500.0,3905500.0,119.85119,35.25168,37,43.41,7.83
238500.0,3958500.0,120.10857,35.73579,37,117.39,4.82
225500.0,3902500.0,119.98391,35.22802,37,177.9,31.32
232500.0,3843500.0,120.07967,34.69858,37,0.3,4.14
225500.0,3826500.0,120.00884,34.54363,37,8.06,232.8
260500.0,3975500.0,120.34649,35.8945,37,61.51,21.04
248500.0,3999500.0,120.20605,36.10762,37,95.34,9.03
170500.0,3888500.0,119.38616,35.08548,37,153.81,2.35
213500.0,3845500.0,119.87183,34.71144,37,145.13,2.8
210500.0,3890500.0,119.82353,35.11576,37,168.08,293.36
216500.0,3910500.0,119.88239,35.29755,37,63.86,2.51
264500.0,3903500.0,120.41172,35.24695,37,105.27,364.3
260500.0,3889500.0,120.37186,35.11989,37,174.46,26.33
354500.0,3858500.0,121.40832,34.85844,37,25.46,203.51
323500.0,3966500.0,121.04605,35.8268,37,61.93,8.97
364500.0,3974500.0,121.49842,35.90542,37,46.64,261.65
354500.0,4009500.0,121.38119,36.21942,37,112.22,2859.84
197500.0,3852500.0,119.69487,34.76985,37,132.59,2.58
205500.0,3853500.0,119.7818,34.7812,37,161.65,30.31
225500.0,3830500.0,120.00755,34.57965,37,178.81,14.38
238500.0,3910500.0,120.12404,35.30354,37,178.68,31.48
232500.0,3943500.0,120.04729,35.59911,37,21.15,4.27
341500.0,3938500.0,121.25075,35.57753,37,72.1,82.6
312500.0,3866500.0,120.9473,34.92365,37,63.53,335.04
195500.0,3844500.0,119.67594,34.69724,37,168.47,5.88
195500.0,3934500.0,119.64284,35.50741,37,2.46,15.78
264500.0,3891500.0,120.41515,35.13885,37,146.59,5.55
337500.0,3889500.0,121.21637,35.13527,37,52.93,51.02
218500.0,3872500.0,119.91729,34.95596,37,107.06,717.94
255500.0,3871500.0,120.32235,34.95655,37,159.68,8.27
268500.0,3884500.0,120.46097,35.07672,37,158.3,20.24
237500.0,3955500.0,120.0985,35.70851,37,100.59,571.93
294500.0,3875500.0,120.74815,35.00126,37,110.2,22.82
364500.0,4012500.0,121.49189,36.24791,37,18.21,18.69
344500.0,4016500.0,121.26859,36.28094,37,166.61,5.68
384500.0,3936500.0,121.72547,35.56545,37,58.36,20291.2
283500.0,3858500.0,120.63211,34.8458,37,64.8,263.63
282500.0,3979500.0,120.58894,35.93567,37,56.66,9.54
177500.0,3873500.0,119.46862,34.95274,37,151.69,12.45
204500.0,3929500.0,119.74374,35.46512,37,142.31,1.72
230500.0,3835500.0,120.0604,34.626,37,177.71,27.82
291500.0,3946500.0,120.69723,35.64034,37,63.76,6.17
288500.0,3969500.0,120.65805,35.8469,37,40.86,4.05
343500.0,3860500.0,121.28766,34.87483,37,55.91,1000.19
356500.0,3978500.0,121.40908,35.94033,37,145.18,1489.43
402500.0,3938500.0,121.92383,35.58542,37,124.63,16071.95
204500.0,3853500.0,119.77089,34.78091,37,34.9,1.78
204500.0,3852500.0,119.77124,34.7719,37,29.13,280.41
247500.0,3860500.0,120.23815,34.85551,37,65.08,1789.38
266500.0,3978500.0,120.41202,35.92297,37,105.01,2.19
246500.0,3891500.0,120.21778,35.13448,37,5.55,49.91
198500.0,3919500.0,119.68142,35.3733,37,55.45,388.85
202500.0,3916500.0,119.72648,35.3475,37,157.69,72.25
237500.0,3945500.0,120.10176,35.61846,37,23.16,6.29
236500.0,3960500.0,120.08582,35.75327,37,167.48,590.69
314500.0,3950500.0,120.95017,35.68097,37,116.76,13.28
175500.0,3867500.0,119.44909,34.8981,37,174.62,2.47
387500.0,3976500.0,121.75296,35.92637,37,131.12,343.35
212500.0,3837500.0,119.86364,34.63913,37,49.42,1.48
261500.0,3816500.0,120.40354,34.46252,37,131.2,86.59
170500.0,3877500.0,119.39052,34.98649,36,158.95,260.29
241500.0,3895500.0,120.16171,35.16923,36,155.52,21.92
205500.0,3831500.0,119.78946,34.58312,36,89.87,4321.78
192500.0,3858500.0,119.63812,34.82237,36,82.47,3.88
182500.0,3851500.0,119.53161,34.75629,36,4.67,10.05
253500.0,3812500.0,120.31768,34.4246,36,169.14,909.2
194500.0,3849500.0,119.66323,34.74195,36,137.44,9.2
214500.0,3869500.0,119.87457,34.92782,36,70.85,2.51
200500.0,3887500.0,119.71505,35.08583,36,38.92,10.14
371500.0,3919500.0,121.58475,35.41062,36,89.14,7.62
179500.0,3860500.0,119.49546,34.83636,36,0.88,93.47
163500.0,3867500.0,119.31801,34.89419,36,71.38,2.15
193500.0,3859500.0,119.64868,34.83167,36,39.42,8.72
336500.0,3933500.0,121.19661,35.53166,36,2.81,215.47
223500.0,3854500.0,119.97792,34.79524,36,136.65,9.94
204500.0,3908500.0,119.75134,35.27607,36,134.32,1.43
241500.0,3866500.0,120.17074,34.90805,36,149.79,7.84
252500.0,3871500.0,120.28953,34.95583,36,84.3,8293.12
263500.0,3897500.0,120.40246,35.19266,36,72.38,846.39
277500.0,3859500.0,120.56627,34.85351,36,70.8,64854.11
307500.0,3958500.0,120.87095,35.75171,36,34.83,57.56
336500.0,3905500.0,121.20222,35.27931,36,41.19,156.92
337500.0,3952500.0,121.20381,35.70305,36,147.9,3.18
385500.0,3977500.0,121.73065,35.93515,36,171.94,20.78
186500.0,3847500.0,119.57673,34.72152,36,110.24,67.75
196500.0,3862500.0,119.68034,34.85958,36,48.11,5.57
205500.0,3878500.0,119.773,35.00628,36,91.23,1.32
211500.0,3892500.0,119.83379,35.13406,36,161.15,13.33
209500.0,3881500.0,119.81572,35.03445,36,166.69,11.72
197500.0,3883500.0,119.68365,35.04893,36,173.23,34.52
215500.0,3913500.0,119.87037,35.32427,36,123.01,88.44
238500.0,3881500.0,120.13323,35.04237,36,179.11,1.71
315500.0,3933500.0,120.9651,35.52797,36,53.82,2.01
299500.0,3986500.0,120.77548,36.00237,36,8.9,5.65
308500.0,3991500.0,120.87406,36.04923,36,14.33,32.04
343500.0,3907500.0,121.27878,35.29846,36,126.67,378.81
178500.0,3895500.0,119.47104,35.15106,36,133.04,14.38
227500.0,3939500.0,119.99351,35.56173,36,23.02,2.62
239500.0,3876500.0,120.14575,34.9976,36,140.96,612.91
228500.0,3858500.0,120.03121,34.83261,36,150.58,656.04
309500.0,3956500.0,120.89353,35.73408,36,111.02,105.02
353500.0,3855500.0,121.39791,34.83125,36,51.96,818.83
333500.0,3996500.0,121.15041,36.09888,36,11.26,11.75
371500.0,3951500.0,121.57967,35.69906,36,62.68,4189.57
420500.0,3826500.0,122.13323,34.57721,36,45.67,22459.31
425500.0,3921500.0,122.17923,35.43415,36,62.24,365833.96
164500.0,3881500.0,119.3233,35.02051,36,111.89,5.59
313500.0,3976500.0,120.93307,35.91505,36,14.6,4.89
212500.0,3836500.0,119.86398,34.63012,36,94.44,138.26
224500.0,3886500.0,119.97828,35.08367,36,56.48,235.02
196500.0,3934500.0,119.65385,35.50772,36,9.91,8.74
232500.0,3878500.0,120.0685,35.01378,36,157.08,3.19
231500.0,3878500.0,120.05755,35.01352,36,9.17,3.17
270500.0,3883500.0,120.48317,35.06817,36,142.76,21.18
318500.0,3935500.0,120.99772,35.54655,36,38.83,2019.88
364500.0,3850500.0,121.51897,34.7877,36,149.75,17.15
366500.0,3957500.0,121.52342,35.75247,36,39.45,1373.15
209500.0,3835500.0,119.83164,34.62027,36,131.2,157.73
206500.0,3942500.0,119.76105,35.58274,36,101.03,2.38
353500.0,3964500.0,121.3784,35.81371,36,61.89,5429.57
244500.0,3943500.0,120.1796,35.60228,36,29.8,120.25
236500.0,3958500.0,120.08648,35.73526,36,144.5,93.4
265500.0,3968500.0,120.40389,35.83266,36,67.28,8.73
279500.0,3870500.0,120.58523,34.95305,36,125.54,148.47
280500.0,3922500.0,120.58233,35.42175,36,143.14,4.04
347500.0,3965500.0,121.31182,35.82181,36,143.24,1459.44
400500.0,4012500.0,121.89249,36.25229,36,0.31,152.06
425500.0,3965500.0,122.17516,35.83084,36,19.15,59633.53
209500.0,3840500.0,119.82993,34.66529,36,165.15,2.24
229500.0,3877500.0,120.03598,35.00398,36,121.86,10013.6
242500.0,3887500.0,120.17517,35.09744,36,114.25,895.35
302500.0,3822500.0,120.84819,34.52525,36,74.56,8870.81
287500.0,3910500.0,120.66249,35.31515,36,94.16,950.39
362500.0,3934500.0,121.48312,35.54462,36,32.42,766.8
400500.0,3862500.0,121.91095,34.90005,36,69.73,109348.04
409500.0,3826500.0,122.01331,34.5763,36,30.88,53061.6
414500.0,3852500.0,122.06519,34.81116,36,46.37,8967.77
211500.0,3859500.0,119.84522,34.83694,36,16.36,1.89
298500.0,3897500.0,120.7866,35.2003,36,76.14,507.81
208500.0,3856500.0,119.8135,34.80907,36,117.68,56.67
218500.0,3866500.0,119.91931,34.90193,36,21.18,118.38
261500.0,3981500.0,120.35576,35.94878,36,60.15,6.76
303500.0,3968500.0,120.82428,35.84101,36,110.4,208.13
326500.0,3843500.0,121.10525,34.71885,36,66.03,295.74
349500.0,3870500.0,121.35148,34.96588,36,70.34,6870.17
334500.0,3929500.0,121.17537,35.49528,36,38.57,282.48
366500.0,3839500.0,121.54257,34.6888,36,76.33,564.18
366500.0,3880500.0,121.53603,35.05841,36,35.84,11942.03
366500.0,3983500.0,121.51907,35.98682,36,102.28,1277.58
195500.0,3929500.0,119.64472,35.4624,36,0.1,10.24
211500.0,3908500.0,119.82819,35.27811,36,133.24,3.97
194500.0,3920500.0,119.63709,35.38109,36,128.13,3.74
224500.0,3938500.0,119.96079,35.5519,36,82.11,11.26
241500.0,3915500.0,120.15542,35.34935,36,19.98,12.19
240500.0,3943500.0,120.13549,35.60124,36,30.47,1.63
261500.0,3978500.0,120.35666,35.92176,36,101.28,11.71
324500.0,4016500.0,121.04601,36.27751,36,33.16,1.43
221500.0,3940500.0,119.92705,35.56907,36,2.93,2.52
258500.0,3972500.0,120.32526,35.86699,36,133.98,100.91
250500.0,4006500.0,120.22603,36.17117,36,146.27,81.22
333500.0,3935500.0,121.16312,35.54918,36,58.5,611.95
316500.0,3992500.0,120.96259,36.05978,36,15.44,66.92
322500.0,4004500.0,121.02647,36.16902,36,56.27,6.53
385500.0,3962500.0,121.73281,35.79994,36,159.33,101.75
404500.0,3994500.0,121.9392,36.09044,36,97.47,331.66
246500.0,3823500.0,120.23832,34.52199,36,78.79,328.77
325500.0,3973500.0,121.06665,35.89023,36,163.48,43.17
350500.0,3925500.0,121.35244,35.46176,36,10.29,146.63
322500.0,3979500.0,121.03209,35.94376,36,91.79,10336.1
178500.0,3853500.0,119.48723,34.77304,35,44.03,59.87
216500.0,3849500.0,119.90319,34.7483,35,117.53,12.73
218500.0,3841500.0,119.92768,34.67681,35,54.69,14.07
225500.0,3912500.0,119.98057,35.31807,35,30.07,7.74
282500.0,3995500.0,120.58454,36.0798,35,65.77,37.73
205500.0,3859500.0,119.7797,34.83522,35,27.24,10.4
216500.0,3941500.0,119.8716,35.57665,35,151.19,1.38
314500.0,3994500.0,120.93993,36.07742,35,20.34,61.16
203500.0,3845500.0,119.76279,34.70859,35,166.99,77.41
195500.0,3932500.0,119.64359,35.48941,35,140.3,4.1
197500.0,3908500.0,119.67449,35.27398,35,163.1,11.44
242500.0,4006500.0,120.13718,36.16907,35,136.73,19.71
168500.0,3878500.0,119.36826,34.99483,35,151.71,4.64
196500.0,3925500.0,119.65721,35.4267,35,148.6,10.44
212500.0,3943500.0,119.82681,35.5935,35,28.91,245.25
213500.0,3943500.0,119.83784,35.59379,35,32.32,190.22
312500.0,3940500.0,120.93041,35.59048,35,11.15,476.65
318500.0,4018500.0,120.97878,36.29442,35,120.97,3.54
339500.0,3951500.0,121.2261,35.69437,35,20.84,340.48
173500.0,3905500.0,119.41229,35.23945,35,107.32,1.64
207500.0,3881500.0,119.79383,35.03387,35,158.3,348.13
211500.0,3925500.0,119.82219,35.43116,35,170.74,159.25
301500.0,3973500.0,120.80091,35.88566,35,105.83,48.29
287500.0,3972500.0,120.64619,35.87371,35,168.72,1.45
304500.0,3971500.0,120.83461,35.86824,35,122.23,15.71
277500.0,3971500.0,120.53579,35.86248,35,131.94,5.67
173500.0,3876500.0,119.42372,34.97846,35,158.08,180.48
318500.0,3941500.0,120.99638,35.60061,35,173.37,795.84
200500.0,3914500.0,119.70523,35.32889,35,78.2,2.77
252500.0,3889500.0,120.28416,35.11796,35,64.1,1569.99
319500.0,3939500.0,121.00786,35.58277,35,133.57,62.23
234500.0,3880500.0,120.08975,35.03232,35,87.93,2.49
256500.0,3877500.0,120.33154,35.01084,35,173.08,194.34
365500.0,3877500.0,121.52555,35.03123,35,37.33,16251.29
366500.0,3956500.0,121.52359,35.74346,35,126.47,13400.4
383500.0,3937500.0,121.7143,35.57435,35,56.33,2830.0
436500.0,3838500.0,122.30676,34.68653,35,35.84,80703.52
420500.0,3852500.0,122.13078,34.81165,35,49.61,28463.77
432500.0,4010500.0,122.24881,36.23702,35,121.88,7683.48
169500.0,3884500.0,119.37681,35.04915,35,35.88,61.01
262500.0,3861500.0,120.40178,34.86814,35,70.63,468.42
280500.0,3842500.0,120.6035,34.701,35,60.18,939.44
311500.0,3920500.0,120.92402,35.41008,35,155.96,7836.29
320500.0,3926500.0,121.02177,35.46581,35,20.52,2925.03
332500.0,3981500.0,121.14248,35.96355,35,94.55,1744.55
391500.0,3933500.0,121.8031,35.5392,35,59.07,531.8
221500.0,3872500.0,119.9501,34.95678,35,0.6,2.11
192500.0,3890500.0,119.62632,35.11043,35,5.55,121.28
198500.0,3915500.0,119.6829,35.33729,35,11.97,2.6
234500.0,3946500.0,120.06835,35.62666,35,171.58,2.16
242500.0,3976500.0,120.14695,35.89894,35,114.61,58.46
235500.0,3974500.0,120.07014,35.87906,35,118.76,2.86
269500.0,3989500.0,120.44204,36.02276,35,8.3,18.16
280500.0,3869500.0,120.59644,34.94426,35,121.71,16.65
272500.0,3877500.0,120.50672,35.01457,35,47.06,134.46
345500.0,3859500.0,121.30971,34.86612,35,54.95,7428.75
343500.0,3934500.0,121.27359,35.5418,35,76.75,7.48
353500.0,3985500.0,121.37453,36.00297,35,113.14,236.24
410500.0,3961500.0,122.00955,35.79352,35,163.69,20.25
271500.0,3913500.0,120.4858,35.33865,35,7.44,33.88
269500.0,3978500.0,120.44524,35.92368,35,170.29,45.2
267500.0,3978500.0,120.42309,35.92321,35,178.7,1.55
272500.0,3880500.0,120.5059,35.0416,35,158.29,11.58
349500.0,3952500.0,121.3364,35.70496,35,153.15,56.01
377500.0,3883500.0,121.65618,35.08685,35,44.24,1202.64
396500.0,3978500.0,121.85244,35.94539,35,11.84,112.8
396500.0,3982500.0,121.85192,35.98145,35,100.94,31.75
180500.0,3845500.0,119.51207,34.70166,35,34.61,4.51
179500.0,3845500.0,119.50117,34.70135,35,24.86,5.99
263500.0,3883500.0,120.40647,35.06655,35,3.29,507.51
195500.0,3892500.0,119.65845,35.12935,35,1.71,244.62
268500.0,3972500.0,120.43591,35.8694,35,27.86,2.58
334500.0,3933500.0,121.17456,35.53132,35,54.12,1067.74
268500.0,3821500.0,120.47832,34.50916,35,162.11,130.05
312500.0,4000500.0,120.9163,36.1311,35,10.18,2.68
376500.0,3943500.0,121.63615,35.62759,35,71.55,573.91
222500.0,3848500.0,119.96898,34.74094,35,76.18,147.33
228500.0,3831500.0,120.03989,34.58945,35,75.18,98.63
200500.0,3866500.0,119.7226,34.89678,34,135.34,9.87
187500.0,3891500.0,119.57118,35.11789,34,3.22,7.61
224500.0,3904500.0,119.97227,35.24576,34,5.37,7.94
254500.0,3986500.0,120.27668,35.99208,34,100.48,1.49
171500.0,3838500.0,119.41671,34.63581,34,148.47,4.9
219500.0,3869500.0,119.92924,34.92922,34,29.52,110.01
204500.0,3895500.0,119.756,35.15904,34,60.25,8.94
241500.0,4008500.0,120.12542,36.18682,34,144.29,57.31
174500.0,3867500.0,119.43816,34.89778,34,12.73,3.18
180500.0,3841500.0,119.51358,34.66566,34,78.61,2.71
209500.0,3879500.0,119.81642,35.01644,34,108.27,3.12
202500.0,3884500.0,119.73803,35.05942,34,5.95,9.6
179500.0,3905500.0,119.47811,35.24138,34,21.03,12.34
203500.0,3909500.0,119.74,35.28478,34,172.0,5.55
218500.0,3932500.0,119.89677,35.49619,34,151.64,18.25
255500.0,3896500.0,120.31498,35.18174,34,166.12,65.25
258500.0,3893500.0,120.34877,35.15544,34,158.78,71.08
241500.0,3957500.0,120.14202,35.72758,34,9.71,15.94
286500.0,3884500.0,120.65824,35.08069,34,159.91,2.61
295500.0,3994500.0,120.72907,36.07361,34,141.75,403.7
209500.0,3838500.0,119.83061,34.64728,34,139.14,2.09
210500.0,3895500.0,119.82178,35.16078,34,135.05,4.79
211500.0,3898500.0,119.83169,35.18808,34,112.45,3.16
216500.0,3930500.0,119.87545,35.47762,34,177.61,4.37
207500.0,3936500.0,119.77423,35.52902,34,30.3,725.22
240500.0,3897500.0,120.15011,35.18698,34,151.43,36.55
267500.0,3975500.0,120.42397,35.89619,34,27.27,2.46
294500.0,3872500.0,120.74889,34.97423,34,81.76,1508.73
310500.0,3991500.0,120.89625,36.04962,34,107.71,154.5
266500.0,3836500.0,120.45243,34.64384,34,41.6,317512.47
288500.0,3878500.0,120.68169,35.02705,34,66.79,1506.28
317500.0,3968500.0,120.97921,35.84372,34,43.31,5.27
336500.0,3968500.0,121.18949,35.84707,34,163.53,14.25
338500.0,4002500.0,121.20469,36.1538,34,23.29,59.78
374500.0,3980500.0,121.60826,35.96084,34,40.35,34.78
351500.0,3937500.0,121.36126,35.57007,34,82.49,1.65
248500.0,3873500.0,120.24516,34.97286,34,0.33,13.32
293500.0,3851500.0,120.74313,34.7848,34,134.67,786.01
302500.0,3969500.0,120.81297,35.84982,34,22.39,1002.31
312500.0,3977500.0,120.92176,35.92387,34,2.98,178.04
215500.0,3933500.0,119.86339,35.50434,34,167.65,220.6
331500.0,3981500.0,121.1314,35.96337,34,92.85,2304.81
353500.0,3965500.0,121.37822,35.82272,34,100.26,259.72
200500.0,3842500.0,119.73115,34.68071,34,150.96,9.84
220500.0,3865500.0,119.94151,34.89348,34,33.3,8.35
240500.0,3942500.0,120.13581,35.59224,34,13.82,2.27
243500.0,3944500.0,120.16825,35.61103,34,71.63,48.85
234500.0,3950500.0,120.06703,35.66268,34,60.32,13.39
240500.0,3973500.0,120.12579,35.87139,34,138.66,27.01
275500.0,3927500.0,120.52592,35.46568,34,131.93,4.33
308500.0,3953500.0,120.8832,35.70685,34,114.08,18.51
287500.0,3955500.0,120.6507,35.72056,34,117.55,10.62
290500.0,3946500.0,120.68619,35.64013,34,109.47,1.9
293500.0,3962500.0,120.71519,35.7849,34,32.85,2.4
348500.0,3965500.0,121.32289,35.82197,34,139.65,165.26
352500.0,3984500.0,121.36363,35.99381,34,27.57,36.24
391500.0,3941500.0,121.80203,35.61132,34,69.38,22.88
272500.0,3975500.0,120.47932,35.89736,34,2.97,30.09
296500.0,3874500.0,120.7703,34.99266,34,76.57,4026.55
325500.0,3913500.0,121.07962,35.34955,34,19.46,2771.8
413500.0,3852500.0,122.05426,34.81108,34,47.78,1124.32
175500.0,3859500.0,119.45219,34.8261,34,84.74,15.25
181500.0,3893500.0,119.50468,35.13402,34,103.73,263.11
271500.0,3899500.0,120.4897,35.21253,34,37.6,1.82
171500.0,3868500.0,119.405,34.90581,34,70.79,51.02
205500.0,3902500.0,119.76446,35.22235,34,82.11,1.87
224500.0,3936500.0,119.96147,35.53389,34,38.26,3.38
379500.0,3981500.0,121.66354,35.97048,34,54.42,2.51
207500.0,3903500.0,119.78605,35.23194,34,146.88,54.37
319500.0,4017500.0,120.99014,36.2856,34,131.8,2.39
298500.0,4004500.0,120.7598,36.16433,34,63.83,1.22
213500.0,3895500.0,119.85467,35.16164,34,57.41,5.94
220500.0,3945500.0,119.9143,35.6138,34,35.78,73.02
386500.0,3972500.0,121.74245,35.8902,34,58.96,115.46
196500.0,3938500.0,119.65236,35.54372,34,39.37,4.97
202500.0,3854500.0,119.74871,34.78933,33,176.36,1.65
212500.0,3845500.0,119.86092,34.71116,33,56.0,5.63
190500.0,3838500.0,119.62363,34.64172,33,154.41,3.49
248500.0,3842500.0,120.25445,34.69363,33,82.8,23.65
232500.0,3918500.0,120.05552,35.37399,33,54.79,65.73
232500.0,3907500.0,120.05911,35.27494,33,26.44,1.54
385500.0,3961500.0,121.73295,35.79093,33,155.68,558.35
203500.0,3855500.0,119.75927,34.79862,33,171.64,5.58
205500.0,3864500.0,119.77794,34.88023,33,173.96,2.96
228500.0,3843500.0,120.03605,34.69752,33,33.23,3.68
319500.0,3973500.0,121.00021,35.88914,33,113.97,58.59
334500.0,3869500.0,121.18744,34.95452,33,78.9,279.37
224500.0,3911500.0,119.96992,35.30879,33,35.71,10.11
195500.0,3925500.0,119.64621,35.4264,33,149.24,35.96
227500.0,3881500.0,120.01278,35.03946,33,39.55,1727.29
258500.0,3984500.0,120.32161,35.97506,33,87.31,3.09
246500.0,4002500.0,120.18289,36.13411,33,116.76,36.64
275500.0,3892500.0,120.53551,35.15037,33,77.48,1.23
318500.0,3976500.0,120.98845,35.91599,33,135.86,203.58
374500.0,4016500.0,121.60252,36.28531,33,25.56,2050.89
201500.0,3855500.0,119.73744,34.79804,33,166.88,76.56
192500.0,3870500.0,119.63372,34.9304,33,108.4,3.45
194500.0,3883500.0,119.65081,35.04803,33,170.54,33.75
205500.0,3880500.0,119.77229,35.02429,33,153.21,2.56
198500.0,3906500.0,119.6862,35.25628,33,177.36,30.16
247500.0,3881500.0,120.23179,35.04466,33,116.3,7.4
269500.0,3982500.0,120.44408,35.95971,33,61.31,2.04
307500.0,3956500.0,120.87143,35.73369,33,4.9,72.72
309500.0,3958500.0,120.89306,35.7521,33,17.31,1039.5
338500.0,3953500.0,121.21465,35.71223,33,84.23,4.58
340500.0,3937500.0,121.23992,35.56836,33,81.71,10.61
224500.0,3869500.0,119.98391,34.93059,33,25.6,21.05
252500.0,3836500.0,120.29983,34.64056,33,139.76,27.49
268500.0,3901500.0,120.45621,35.22986,33,28.89,211.78
257500.0,3886500.0,120.33985,35.09215,33,65.89,166.5
317500.0,3863500.0,121.00266,34.89753,33,153.25,428.1
303500.0,3994500.0,120.81785,36.07526,33,71.65,147.16
211500.0,3833500.0,119.85411,34.60283,33,59.38,3.55
217500.0,3927500.0,119.8875,35.45089,33,89.54,22.93
240500.0,3904500.0,120.14791,35.25003,33,85.87,1690.48
362500.0,3885500.0,121.49135,35.10294,33,133.18,53.9
342500.0,3959500.0,121.25768,35.76695,33,9.41,7.19
376500.0,4000500.0,121.62731,36.14136,33,138.1,1159.54
210500.0,3834500.0,119.84288,34.61155,33,130.96,2.59
220500.0,3923500.0,119.92188,35.41572,33,104.98,12.26
242500.0,3974500.0,120.14759,35.88093,33,109.06,10.89
311500.0,3921500.0,120.92379,35.41909,33,161.07,442.72
438500.0,3993500.0,122.31691,36.08417,33,97.76,1894.68
208500.0,3871500.0,119.80828,34.94412,33,6.53,205.3
222500.0,3885500.0,119.9567,35.07412,33,168.66,423.71
200500.0,3901500.0,119.70997,35.21187,33,74.53,2.82
255500.0,4005500.0,120.28187,36.16344,33,62.14,3.05
287500.0,3830500.0,120.68288,34.59435,33,40.3,675.2
288500.0,3952500.0,120.66254,35.69375,33,64.93,2.3
315500.0,3980500.0,120.95429,35.95147,33,2.82,224.83
331500.0,3939500.0,121.14023,35.58489,33,130.09,241.95
205500.0,3850500.0,119.78285,34.75419,33,125.64,7.72
272500.0,3897500.0,120.50123,35.19474,33,30.61,240.47
287500.0,3908500.0,120.66301,35.29714,33,93.75,1073.01
305500.0,3992500.0,120.84053,36.05764,33,71.29,13.87
354500.0,3852500.0,121.40936,34.80435,33,143.43,28.13
348500.0,3925500.0,121.33041,35.46146,33,117.71,582.82
363500.0,3819500.0,121.51304,34.50811,33,66.53,229.4
372500.0,3870500.0,121.60334,34.96904,33,43.4,878.95
397500.0,3982500.0,121.86301,35.98155,33,3.32,2858.37
397500.0,3983500.0,121.86288,35.99057,33,5.64,5967.7
389500.0,4006500.0,121.77093,36.19701,33,140.31,1647.04
203500.0,3903500.0,119.74216,35.23076,33,46.42,6.08
319500.0,3968500.0,121.00134,35.84409,33,40.11,230.21
213500.0,3873500.0,119.86226,34.96356,33,101.1,14.45
221500.0,3923500.0,119.93288,35.416,33,64.93,59.46
259500.0,3877500.0,120.36438,35.01156,33,82.29,1215.2
208500.0,3910500.0,119.79454,35.29525,33,37.58,45.81
231500.0,3902500.0,120.04976,35.22964,33,43.26,5.49
261500.0,3976500.0,120.35726,35.90375,33,45.14,4.35
278500.0,3967500.0,120.54797,35.82668,33,69.11,2.3
275500.0,3978500.0,120.51169,35.92508,33,50.22,17.88
316500.0,4014500.0,120.95746,36.258,33,55.96,1.6
218500.0,3926500.0,119.89885,35.44217,33,91.36,2.6
211500.0,3941500.0,119.81651,35.57521,33,146.2,68.44
339500.0,3910500.0,121.23421,35.32486,33,127.65,32.7
343500.0,4004500.0,121.25985,36.17264,33,172.43,20.2
222500.0,3942500.0,119.93738,35.58735,33,59.32,6.74
232500.0,3827500.0,120.08471,34.55448,33,135.26,9.81
328500.0,3957500.0,121.1033,35.74658,33,9.11,21.83
324500.0,3946500.0,121.06149,35.64675,33,70.46,748.45
359500.0,3998500.0,121.43877,36.12102,33,151.37,18.74
388500.0,3856500.0,121.78044,34.84471,33,123.76,230.4
377500.0,3962500.0,121.64429,35.79897,33,146.9,30.58
387500.0,3972500.0,121.75352,35.89031,33,90.79,247.69
389500.0,3984500.0,121.77401,35.99871,33,47.73,5.72
375500.0,3962500.0,121.62216,35.79872,33,60.98,826.72
423500.0,3845500.0,122.16422,34.74876,33,13.87,697.01
303500.0,4002500.0,120.81585,36.14733,33,135.67,3182.85
209500.0,3936500.0,119.79626,35.52961,33,167.75,837.37
244500.0,3829500.0,120.21475,34.57554,33,135.16,230.88
313500.0,3980500.0,120.93213,35.95109,32,2.14,278.39
319500.0,3974500.0,120.99998,35.89815,32,133.21,1.95
218500.0,3900500.0,119.90778,35.20807,32,115.04,1198.33
222500.0,3915500.0,119.9466,35.34425,32,25.85,16.14
229500.0,3944500.0,120.01388,35.6073,32,123.7,74.93
176500.0,3842500.0,119.46963,34.6734,32,149.68,23.08
176500.0,3911500.0,119.44283,35.29442,32,14.02,1.55
306500.0,3987500.0,120.85285,36.0128,32,104.15,5.81
342500.0,3960500.0,121.25748,35.77596,32,152.64,39.7
216500.0,3889500.0,119.88962,35.10847,32,170.57,392.01
212500.0,3937500.0,119.82894,35.53949,32,73.26,554.29
253500.0,3890500.0,120.29483,35.12721,32,151.04,129.32
177500.0,3906500.0,119.45577,35.24974,32,51.75,2.94
233500.0,3873500.0,120.08104,34.96902,32,90.3,102.02
242500.0,3881500.0,120.17703,35.0434,32,167.01,120.5
249500.0,3892500.0,120.25037,35.14424,32,166.19,14.47
258500.0,3986500.0,120.321,35.99308,32,91.11,3.38
296500.0,3986500.0,120.74222,36.00175,32,168.86,7.43
349500.0,3900500.0,121.34602,35.23628,32,154.41,36.98
342500.0,3961500.0,121.25728,35.78497,32,146.1,1130.23
367500.0,3866500.0,121.54922,34.93234,32,35.99,814.27
228500.0,3896500.0,120.01881,35.17481,32,19.78,13.93
242500.0,3904500.0,120.16987,35.25054,32,178.79,6.02
271500.0,3977500.0,120.46768,35.91515,32,123.89,8.8
310500.0,3992500.0,120.89601,36.05863,32,29.99,2.5
410500.0,4003500.0,122.00481,36.17214,32,40.81,24.22
229500.0,3897500.0,120.02945,35.18408,32,132.93,3051.71
290500.0,3878500.0,120.70359,35.02747,32,78.11,385.87
302500.0,3974500.0,120.81173,35.89487,32,114.73,91.66
341500.0,3860500.0,121.26578,34.87452,32,57.48,150523.45
355500.0,3941500.0,121.40467,35.60671,32,145.51,15621.89
357500.0,3967500.0,121.42213,35.84134,32,157.92,1224.77
210500.0,3865500.0,119.83223,34.89068,32,28.63,247.1
234500.0,3953500.0,120.06604,35.6897,32,154.09,1129.67
314500.0,3980500.0,120.94321,35.95128,32,2.12,316.1
195500.0,3914500.0,119.65031,35.32738,32,178.81,3.3
250500.0,4003500.0,120.22698,36.14415,32,175.75,12.81
319500.0,3923500.0,121.01142,35.4386,32,43.77,428.25
436500.0,3837500.0,122.30684,34.67751,32,35.55,172438.28
243500.0,3905500.0,120.18053,35.2598,32,150.94,167.7
309500.0,3966500.0,120.89115,35.82418,32,83.82,2.25
190500.0,3849500.0,119.6196,34.74075,32,149.99,4.63
266500.0,3928500.0,120.42654,35.47261,32,138.51,1.7
275500.0,3924500.0,120.52675,35.43865,32,5.88,15.23
279500.0,3928500.0,120.5697,35.47558,32,123.35,1455.73
297500.0,3977500.0,120.75561,35.92088,32,120.9,129.87
345500.0,3931500.0,121.29622,35.51507,32,33.6,6627.58
352500.0,3983500.0,121.36382,35.9848,32,110.66,200.56
326500.0,3970500.0,121.07838,35.86338,32,158.71,14.87
408500.0,3962500.0,121.98731,35.80235,32,79.31,542.96
380500.0,4019500.0,121.66886,36.31311,32,30.81,216.86
414500.0,3929500.0,122.05721,35.50539,32,62.34,225440.62
240500.0,3870500.0,120.15856,34.94382,32,155.77,236.93
302500.0,3847500.0,120.84236,34.75054,32,43.4,3444.4
356500.0,3851500.0,121.43139,34.79562,32,56.96,1062.51
381500.0,3819500.0,121.70908,34.51034,32,51.64,7204.21
393500.0,3845500.0,121.83651,34.74607,32,36.62,3021.42
392500.0,3845500.0,121.82559,34.74596,32,34.95,6606.39
402500.0,3861500.0,121.93296,34.89123,32,68.65,39259.03
400500.0,3978500.0,121.89679,35.94581,32,89.84,3403.29
209500.0,3843500.0,119.8289,34.6923,32,153.78,9.96
180500.0,3893500.0,119.49372,35.1337,32,97.29,64.04
359500.0,3863500.0,121.46216,34.90421,32,12.35,30.03
326500.0,3976500.0,121.07707,35.91744,32,113.49,6250.89
367500.0,3981500.0,121.53049,35.96893,32,95.5,37189.88
192500.0,3840500.0,119.64469,34.66033,32,30.54,196.48
197500.0,3835500.0,119.70095,34.6168,32,30.94,616.96
194500.0,3862500.0,119.6585,34.85898,32,7.45,2.18
241500.0,3947500.0,120.14524,35.63753,32,40.54,7.09
269500.0,3980500.0,120.44466,35.9417,32,164.8,9.99
265500.0,3972500.0,120.40271,35.86869,32,61.2,3.36
270500.0,3916500.0,120.47397,35.36545,32,82.15,9.05
258500.0,3964500.0,120.32768,35.79494,32,8.23,6.07
288500.0,3985500.0,120.6538,35.99104,32,76.66,77.15
303500.0,4003500.0,120.8156,36.15634,32,6.51,42.96
283500.0,3995500.0,120.59564,36.08002,32,176.01,83.55
341500.0,3975500.0,121.24344,35.91098,32,174.51,26.31
326500.0,3979500.0,121.07641,35.94448,32,1.53,15.81
358500.0,3923500.0,121.44092,35.44491,32,173.31,2450139019.24
331500.0,4002500.0,121.12692,36.15261,32,172.85,1.78
187500.0,3887500.0,119.57269,35.08189,32,143.75,44.84
330500.0,3957500.0,121.12541,35.74693,32,8.95,254.31
391500.0,3983500.0,121.79633,35.98992,32,5.57,2.86
208500.0,3850500.0,119.81558,34.75505,32,48.6,259.53
187500.0,3869500.0,119.57944,34.91987,32,90.01,1535.92
234500.0,3904500.0,120.08204,35.24845,32,89.91,1112.26
216500.0,3850500.0,119.90286,34.7573,31,25.73,16.6
194500.0,3930500.0,119.63334,35.4711,31,25.94,8.39
220500.0,3907500.0,119.92735,35.27166,31,98.31,229.09
249500.0,4002500.0,120.2162,36.13489,31,104.04,1.68
328500.0,3999500.0,121.09424,36.12505,31,16.87,101.86
177500.0,3888500.0,119.4628,35.08774,31,95.33,510.75
213500.0,3835500.0,119.87521,34.6214,31,89.92,12.54
216500.0,3839500.0,119.90655,34.65825,31,34.25,118.51
204500.0,3863500.0,119.76737,34.87094,31,152.59,1.35
217500.0,3854500.0,119.91243,34.7936,31,0.1,13.85
203500.0,3857500.0,119.75857,34.81663,31,6.99,7.79
249500.0,3972500.0,120.22568,35.86473,31,10.25,15.59
307500.0,3962500.0,120.86999,35.78775,31,107.06,106.18
337500.0,3933500.0,121.20763,35.53182,31,50.5,1.67
351500.0,3939500.0,121.36089,35.58809,31,49.53,249.0
163500.0,3833500.0,119.33158,34.58822,31,58.39,657.2
230500.0,3845500.0,120.05722,34.71606,31,171.77,208.32
265500.0,3904500.0,120.42242,35.25619,31,96.15,36.59
273500.0,3893500.0,120.5133,35.15893,31,152.26,69.27
330500.0,3929500.0,121.13129,35.4946,31,96.45,6.02
338500.0,3951500.0,121.21506,35.6942,31,53.53,1247.6
205500.0,3848500.0,119.78355,34.73618,31,20.08,11.02
203500.0,3848500.0,119.76174,34.7356,31,85.84,4443.7
213500.0,3892500.0,119.85571,35.13463,31,91.24,2.09
217500.0,3940500.0,119.88297,35.56793,31,10.08,9.48
233500.0,3834500.0,120.0934,34.61778,31,132.73,1.63
235500.0,3952500.0,120.07741,35.68096,31,76.41,3.42
248500.0,3997500.0,120.20669,36.08961,31,77.81,3.95
366500.0,3833500.0,121.54351,34.63471,31,65.01,1111.33
211500.0,3906500.0,119.82889,35.2601,31,17.5,5.17
194500.0,3934500.0,119.63184,35.5071,31,31.83,3.1
244500.0,3978500.0,120.16844,35.91747,31,84.71,2.93
265500.0,3989500.0,120.3977,36.0218,31,159.5,66.45
341500.0,3861500.0,121.26559,34.88354,31,57.0,3576.61
341500.0,3921500.0,121.25407,35.42432,31,42.19,1.57
333500.0,3941500.0,121.16189,35.60325,31,159.29,253.26
388500.0,3857500.0,121.7803,34.85372,31,39.74,39940.94
388500.0,3950500.0,121.76767,35.69211,31,159.99,617.59
412500.0,4004500.0,122.02694,36.18133,31,47.94,752.51
216500.0,3881500.0,119.89235,35.03644,31,177.46,12.95
178500.0,3839500.0,119.49256,34.64703,31,17.61,4.01
216500.0,3929500.0,119.8758,35.46861,31,41.58,1.31
238500.0,3872500.0,120.13606,34.96132,31,161.42,43.96
241500.0,3903500.0,120.1592,35.24128,31,38.9,5.38
253500.0,3896500.0,120.29304,35.18125,31,63.36,460.26
253500.0,3975500.0,120.26901,35.89276,31,43.13,57.06
276500.0,3877500.0,120.55053,35.01546,31,63.06,526.96
303500.0,3961500.0,120.826,35.77795,31,172.05,57.95
344500.0,3932500.0,121.285,35.52393,31,177.88,2.04
346500.0,3958500.0,121.3021,35.75857,31,152.01,149.13
178500.0,3854500.0,119.48684,34.78204,31,161.71,5.82
217500.0,3929500.0,119.8868,35.4689,31,34.49,6.68
279500.0,3842500.0,120.59259,34.70078,31,61.98,5223.74
284500.0,3857500.0,120.6433,34.837,31,63.38,3882.86
378500.0,3980500.0,121.65261,35.96134,31,71.19,203.62
383500.0,4000500.0,121.70509,36.14223,31,13.17,63.48
382500.0,3999500.0,121.69413,36.13309,31,28.87,112.95
217500.0,3931500.0,119.88611,35.4869,31,153.34,2.82
199500.0,3926500.0,119.68983,35.43662,31,61.92,96.46
267500.0,3913500.0,120.44183,35.33773,31,57.02,101.82
330500.0,3938500.0,121.12941,35.57571,31,132.17,2453.88
345500.0,3816500.0,121.31757,34.47852,31,45.94,580.04
221500.0,3921500.0,119.93356,35.398,31,146.13,2.03
240500.0,3848500.0,120.16537,34.74567,31,36.49,2.6
266500.0,3989500.0,120.40878,36.02205,31,6.73,3.88
297500.0,3854500.0,120.78609,34.81264,31,62.76,1435.79
182500.0,3874500.0,119.5229,34.96332,31,0.66,17.0
186500.0,3861500.0,119.57151,34.84755,31,36.14,2.24
220500.0,3905500.0,119.92803,35.25365,31,43.39,5.45
193500.0,3924500.0,119.6246,35.41678,31,31.55,163.15
192500.0,3924500.0,119.6136,35.41648,31,28.38,412.24
221500.0,3908500.0,119.93799,35.28094,31,4.02,1.71
194500.0,3923500.0,119.63597,35.40809,31,128.13,10.73
220500.0,3919500.0,119.92325,35.37971,31,42.07,719.77
223500.0,3939500.0,119.94943,35.56062,31,86.77,4.94
236500.0,3945500.0,120.09073,35.61819,31,30.29,7.12
281500.0,3962500.0,120.58252,35.78231,31,41.57,15.3
352500.0,3955500.0,121.36899,35.73245,31,30.71,3.68
288500.0,3988500.0,120.653,36.01806,31,135.89,222.98
360500.0,3946500.0,121.45899,35.6525,31,66.45,55.98
201500.0,3864500.0,119.73424,34.87907,31,91.15,28.71
374500.0,3955500.0,121.61219,35.7355,31,116.62,1.29
207500.0,3871500.0,119.79734,34.94384,31,7.79,67.67
213500.0,3838500.0,119.8742,34.64841,31,170.37,551.21
216500.0,3831500.0,119.90923,34.58621,31,96.12,56.85
227500.0,3831500.0,120.029,34.58919,31,79.48,53.71
203500.0,3884500.0,119.74898,35.05971,30,24.13,6.61
176500.0,3855500.0,119.46464,34.79041,30,94.18,1233.8
193500.0,3858500.0,119.64904,34.82267,30,81.49,2.0
196500.0,3873500.0,119.67635,34.95861,30,6.24,9.94
188500.0,3888500.0,119.58326,35.0912,30,4.56,2.45
205500.0,3883500.0,119.77123,35.05129,30,154.72,4.56
251500.0,3840500.0,120.28776,34.67635,30,53.74,5027.23
236500.0,3919500.0,120.09917,35.38406,30,176.32,36.92
177500.0,3909500.0,119.4546,35.27674,30,178.91,41.26
204500.0,3814500.0,119.78447,34.42976,30,55.37,38.39
255500.0,3988500.0,120.28714,36.01034,30,63.28,1.53
300500.0,3833500.0,120.82383,34.62399,30,40.25,512696.89
173500.0,3892500.0,119.41743,35.12245,30,37.28,2.46
188500.0,3851500.0,119.59705,34.75814,30,8.95,32.05
214500.0,3889500.0,119.8677,35.1079,30,130.8,193.59
255500.0,4003500.0,120.28249,36.14543,30,71.26,10.83
164500.0,3863500.0,119.33054,34.85853,30,74.08,7.06
222500.0,3854500.0,119.967,34.79497,30,77.81,20254.17
204500.0,3896500.0,119.75564,35.16804,30,143.3,3.68
236500.0,3833500.0,120.1264,34.60955,30,0.64,5.7
229500.0,3846500.0,120.04599,34.72481,30,6.3,2.8
264500.0,3974500.0,120.39106,35.88646,30,62.23,4.16
312500.0,3951500.0,120.92785,35.6896,30,118.02,153.01
319500.0,3976500.0,120.99953,35.91618,30,149.73,18.4
340500.0,3851500.0,121.25656,34.79324,30,80.72,591.98
330500.0,3856500.0,121.14629,34.83669,30,59.77,129034.64
370500.0,3846500.0,121.58515,34.75242,30,69.66,347156.64
201500.0,3902500.0,119.72058,35.22117,30,95.75,51.31
233500.0,3945500.0,120.05765,35.61739,30,23.79,11.25
352500.0,3910500.0,121.37718,35.32686,30,35.88,19226.1
197500.0,3850500.0,119.69559,34.75185,30,136.27,1.66
199500.0,3848500.0,119.71811,34.73443,30,145.19,13.33
226500.0,3919500.0,119.98922,35.38137,30,68.69,1382.12
260500.0,3879500.0,120.37475,35.02981,30,142.34,44.08
301500.0,3825500.0,120.83661,34.5521,30,47.88,22355.72
312500.0,3870500.0,120.9464,34.9597,30,61.75,871.43
279500.0,3992500.0,120.55209,36.0521,30,52.96,943.0
333500.0,3867500.0,121.17689,34.93633,30,81.59,14435.53
349500.0,3894500.0,121.34712,35.1822,30,43.28,1019.15
379500.0,3874500.0,121.67942,35.00595,30,72.16,2474.68
213500.0,3840500.0,119.87352,34.66642,30,121.84,104.05
260500.0,3885500.0,120.37302,35.08386,30,4.61,271.01
254500.0,3974500.0,120.28038,35.88401,30,43.42,4.51
300500.0,3972500.0,120.79009,35.87645,30,122.14,5.7
349500.0,3840500.0,121.35686,34.69546,30,62.38,1253.55
358500.0,3850500.0,121.45341,34.78689,30,132.15,170.91
348500.0,3906500.0,121.33393,35.29021,30,149.91,264.88
337500.0,3942500.0,121.20582,35.61293,30,143.94,3945.38
384500.0,3832500.0,121.73998,34.62789,30,154.23,1854.97
369500.0,3950500.0,121.55773,35.68978,30,123.85,3324.18
392500.0,3949500.0,121.812,35.68354,30,55.36,7090.68
427500.0,4002500.0,122.19392,36.16454,30,145.17,4175.25
431500.0,4010500.0,122.23769,36.23695,30,123.92,1598.34
236500.0,3909500.0,120.10239,35.29401,30,166.33,28.65
243500.0,3971500.0,120.15962,35.85417,30,72.14,2.82
283500.0,3857500.0,120.63237,34.83679,30,63.51,5223.36
342500.0,3896500.0,121.26989,35.19916,30,31.28,2612.74
321500.0,3926500.0,121.03278,35.46599,30,21.59,17991.31
389500.0,3980500.0,121.77457,35.96265,30,109.7,4774.18
197500.0,3840500.0,119.69917,34.66182,30,56.27,193.21
216500.0,3868500.0,119.89678,34.91938,30,34.06,11.92
192500.0,3909500.0,119.61924,35.28146,30,5.85,25.97
232500.0,3834500.0,120.08251,34.61752,30,76.23,99.91
236500.0,3947500.0,120.09008,35.6362,30,86.88,1.7
237500.0,3947500.0,120.10111,35.63647,30,124.17,2.52
295500.0,3939500.0,120.74315,35.57811,30,11.39,1.65
280500.0,3958500.0,120.57256,35.74605,30,114.78,60.81
299500.0,3975500.0,120.77826,35.90327,30,121.36,158.98
337500.0,3881500.0,121.21794,35.06317,30,21.99,4441.73
259500.0,3985500.0,120.33239,35.98432,30,105.69,10.96
270500.0,3976500.0,120.45689,35.9059,30,128.8,1.54
273500.0,3898500.0,120.51193,35.20398,30,26.22,1062.72
273500.0,3897500.0,120.5122,35.19497,30,28.63,53.41
330500.0,3932500.0,121.13067,35.52164,30,157.8,1529.31
385500.0,3855500.0,121.74777,34.83536,30,130.03,5.98
401500.0,3861500.0,121.92202,34.89113,30,152.27,6404.94
248500.0,3880500.0,120.24305,35.0359,30,152.42,2.32
228500.0,3937500.0,120.0052,35.544,30,63.76,98.35
179500.0,3907500.0,119.47733,35.25938,30,139.27,3.75
197500.0,3917500.0,119.67117,35.355,30,131.22,35.14
219500.0,3911500.0,119.915,35.3074,30,28.58,23.78
242500.0,3915500.0,120.16641,35.34961,30,46.58,3.28
262500.0,3979500.0,120.36743,35.93101,30,104.22,4.41
278500.0,3971500.0,120.54686,35.86271,30,61.76,3.92
312500.0,4002500.0,120.91583,36.14912,30,6.45,18.49
321500.0,4015500.0,121.01285,36.26795,30,169.26,2.36
222500.0,3844500.0,119.9703,34.70492,30,5.05,9.76
194500.0,3871500.0,119.65521,34.94,30,162.65,12.87
216500.0,3946500.0,119.86985,35.62167,30,171.17,1.57
309500.0,3981500.0,120.88756,35.95933,30,81.23,809.76
304500.0,4009500.0,120.82522,36.2106,30,16.59,1.27
332500.0,3935500.0,121.15209,35.54901,30,144.69,22.0
324500.0,3979500.0,121.05425,35.94412,30,2.2,22.42
218500.0,3837500.0,119.92901,34.64079,30,159.35,77.69
316500.0,3955500.0,120.97112,35.7264,30,15.98,12.31
349500.0,3913500.0,121.34364,35.35346,30,39.68,134.51
341500.0,3927500.0,121.2529,35.47839,30,90.68,211.99
204500.0,3835500.0,119.77719,34.61884,30,162.03,40.8
268500.0,3969500.0,120.43678,35.84238,30,38.47,7.05
309500.0,3988500.0,120.88588,36.0224,30,40.64,6.84
304500.0,4006500.0,120.82596,36.18357,30,144.84,220.6
327500.0,3956500.0,121.09246,35.7374,30,108.56,826.49
331500.0,3970500.0,121.13373,35.86425,30,144.45,2.61
336500.0,3963500.0,121.19051,35.80202,30,5.19,52.88
347500.0,3978500.0,121.30933,35.93897,30,116.43,1.25
358500.0,3998500.0,121.42766,36.12087,30,93.4,1356.86
386500.0,3983500.0,121.74088,35.98935,30,166.43,14.01
424500.0,3856500.0,122.17415,34.84802,30,52.11,15054.52
338500.0,3970500.0,121.21122,35.86543,30,49.93,9.28
221500.0,3824500.0,119.96596,34.52454,30,51.68,2728.35
229500.0,3830500.0,120.0511,34.58071,30,168.0,10.13
170500.0,3876500.0,119.39092,34.97749,29,157.69,168.39
218500.0,3889500.0,119.91153,35.10903,29,178.66,84.03
218500.0,3853500.0,119.92368,34.78487,29,150.65,2.59
207500.0,3883500.0,119.79313,35.05188,29,0.11,6.34
196500.0,3885500.0,119.67197,35.06663,29,10.67,2.52
253500.0,3814500.0,120.3171,34.44262,29,178.67,314.48
282500.0,3816500.0,120.63198,34.46716,29,50.83,896.32
178500.0,3893500.0,119.47181,35.13306,29,155.32,4.89
177500.0,3910500.0,119.4542,35.28574,29,6.45,2.04
177500.0,3911500.0,119.45381,35.29474,29,103.52,4.06
218500.0,3945500.0,119.89225,35.61323,29,94.13,17.52
224500.0,3827500.0,119.99763,34.55236,29,54.65,618.43
213500.0,3903500.0,119.85189,35.23367,29,13.11,4.83
189500.0,3879500.0,119.59758,35.0105,29,103.48,2.96
215500.0,3911500.0,119.87106,35.30627,29,46.84,22.93
208500.0,3946500.0,119.78164,35.61934,29,157.21,1.55
254500.0,3872500.0,120.31111,34.96532,29,153.95,4.48
253500.0,4002500.0,120.2606,36.13591,29,71.52,10.84
196500.0,3928500.0,119.65609,35.45371,29,178.37,6.82
211500.0,3944500.0,119.81543,35.60221,29,141.8,44.98
230500.0,3840500.0,120.05881,34.67103,29,158.82,29.55
250500.0,3909500.0,120.25618,35.2976,29,128.61,2.51
274500.0,3893500.0,120.52427,35.15916,29,0.46,162.73
301500.0,3884500.0,120.82266,35.08376,29,166.46,926.03
338500.0,3952500.0,121.21485,35.70322,29,35.04,5.71
340500.0,3962500.0,121.23496,35.79366,29,147.74,358.5
332500.0,4001500.0,121.13824,36.14377,29,109.15,3485.32
192500.0,3886500.0,119.62781,35.07442,29,28.35,12.74
205500.0,3941500.0,119.75039,35.57344,29,92.17,13.08
228500.0,3948500.0,120.0015,35.64304,29,176.78,202.81
264500.0,3873500.0,120.42026,34.9767,29,2.45,49.1
244500.0,3887500.0,120.19709,35.09795,29,56.78,39.74
246500.0,3966500.0,120.1944,35.80993,29,93.98,1644.96
340500.0,3875500.0,121.25198,35.00957,29,138.86,331.6
389500.0,3854500.0,121.79164,34.82679,29,73.98,4551.23
266500.0,3883500.0,120.43934,35.06725,29,163.14,5.57
294500.0,3982500.0,120.72109,35.96529,29,172.11,20.15
340500.0,4003500.0,121.22671,36.16314,29,20.25,230.31
372500.0,3918500.0,121.59591,35.40173,29,113.25,121.47
280500.0,3824500.0,120.60816,34.53882,29,58.34,1681.33
346500.0,3911500.0,121.31101,35.33497,29,131.0,63.16
240500.0,3872500.0,120.15794,34.96183,29,170.83,37.33
234500.0,3878500.0,120.09039,35.01431,29,104.99,17.14
253500.0,3973500.0,120.26963,35.87475,29,33.17,27.09
289500.0,3835500.0,120.70343,34.63982,29,171.66,2.08
358500.0,3852500.0,121.45307,34.80492,29,29.89,1179.83
363500.0,3883500.0,121.50264,35.08505,29,126.53,40.88
215500.0,3830500.0,119.89867,34.57693,29,108.35,8.1
244500.0,3846500.0,120.20962,34.72867,29,156.88,63.18
230500.0,3834500.0,120.06072,34.617,29,167.68,53.79
234500.0,3913500.0,120.07913,35.3295,29,40.87,5.89
341500.0,3898500.0,121.25853,35.21702,29,31.78,2824.69
210500.0,3871500.0,119.83015,34.9447,29,4.01,26.8
232500.0,3881500.0,120.06753,35.0408,29,97.47,2415.75
256500.0,3926500.0,120.31703,35.4522,29,168.11,7.24
252500.0,3948500.0,120.26628,35.64935,29,28.21,7.34
244500.0,3956500.0,120.17547,35.71935,29,31.18,1.62
233500.0,3948500.0,120.05666,35.6444,29,63.42,22.14
268500.0,3971500.0,120.4362,35.8604,29,23.38,1.28
282500.0,3965500.0,120.59276,35.80956,29,150.59,27.3
344500.0,3855500.0,121.29952,34.82992,29,72.54,1035.35
394500.0,3982500.0,121.82974,35.98123,29,160.75,79.73
386500.0,3985500.0,121.74059,36.00738,29,129.21,122.26
251500.0,3854500.0,120.28363,34.80246,29,47.29,2702.16
238500.0,3871500.0,120.13637,34.95231,29,75.83,122.21
245500.0,3973500.0,120.18111,35.8727,29,66.33,382.81
265500.0,3978500.0,120.40095,35.92273,29,113.19,2.72
286500.0,3877500.0,120.66004,35.01762,29,175.9,3.99
409500.0,3923500.0,122.00275,35.45086,29,128.8,93807.59
399500.0,3978500.0,121.8857,35.9457,29,91.44,4850.2
205500.0,3855500.0,119.7811,34.7992,29,3.25,31.06
184500.0,3918500.0,119.52796,35.35997,29,123.93,98.34
226500.0,3932500.0,119.98485,35.49843,29,74.71,2.6
242500.0,3818500.0,120.1963,34.47596,29,31.51,4.17
245500.0,3870500.0,120.21325,34.94509,29,152.19,6.34
289500.0,3860500.0,120.69718,34.86508,29,77.43,98131.92
325500.0,3960500.0,121.06949,35.77309,29,18.46,3.25
168500.0,3867500.0,119.37262,34.89584,29,1.97,128.69
212500.0,3942500.0,119.82717,35.5845,29,9.32,3.23
268500.0,3829500.0,120.47614,34.58123,29,39.63,317759.28
270500.0,3967500.0,120.45948,35.82484,29,47.83,9.84
268500.0,3974500.0,120.43533,35.88742,29,14.56,4.1
268500.0,3973500.0,120.43562,35.87841,29,6.33,7.12
269500.0,3975500.0,120.44611,35.89666,29,36.54,2.07
313500.0,4002500.0,120.92694,36.14931,29,6.84,154.27
346500.0,4018500.0,121.29045,36.29928,29,129.68,7200.29
180500.0,3885500.0,119.49681,35.0617,29,167.45,205.28
315500.0,3963500.0,120.95823,35.79829,29,18.44,2.92
228500.0,3832500.0,120.03957,34.59846,29,101.41,110.06
342500.0,3956500.0,121.25827,35.73991,29,52.99,188.51
345500.0,3962500.0,121.29027,35.79446,29,1.95,24.85
390500.0,3984500.0,121.7851,35.99882,29,84.04,814.14
423500.0,3848500.0,122.16394,34.77581,29,172.08,1189.34
313500.0,3952500.0,120.93867,35.6988,29,30.09,320.2
276500.0,3975500.0,120.5236,35.89829,29,1.01,68.13
284500.0,3994500.0,120.60701,36.07123,29,76.65,86.27
270500.0,3831500.0,120.49739,34.5997,28,147.47,187.13
168500.0,3860500.0,119.37539,34.83284,28,1.26,333.65
165500.0,3860500.0,119.34265,34.83186,28,179.36,142.08
181500.0,3869500.0,119.51387,34.918,28,100.81,244.3
197500.0,3873500.0,119.68729,34.95891,28,82.06,341.33
198500.0,3940500.0,119.67364,35.56233,28,43.08,1.93
256500.0,3975500.0,120.30221,35.89351,28,31.26,2.51
329500.0,4000500.0,121.10513,36.13423,28,13.6,69.83
169500.0,3895500.0,119.37242,35.14815,28,112.56,4.16
212500.0,3876500.0,119.85029,34.99029,28,101.12,33.52
299500.0,3979500.0,120.77725,35.93931,28,155.42,23.47
279500.0,3997500.0,120.55069,36.09714,28,123.46,5.4
206500.0,3909500.0,119.77293,35.28566,28,22.45,3.07
192500.0,3906500.0,119.62036,35.25445,28,8.13,5.26
227500.0,3835500.0,120.02772,34.62521,28,155.75,7.77
240500.0,3823500.0,120.17302,34.5205,28,41.94,2716.14
277500.0,3858500.0,120.56654,34.8445,28,157.96,51.2
197500.0,3838500.0,119.69988,34.64381,28,88.85,1.33
195500.0,3853500.0,119.67269,34.77826,28,173.5,2.46
245500.0,3827500.0,120.22624,34.55778,28,90.08,10898.44
235500.0,3948500.0,120.07872,35.64494,28,158.56,19.02
235500.0,3939500.0,120.08167,35.5639,28,66.19,2.55
271500.0,3976500.0,120.46796,35.90614,28,41.36,3.37
298500.0,3986500.0,120.7644,36.00216,28,17.91,26.56
173500.0,3904500.0,119.41268,35.23045,28,163.16,7.64
204500.0,3856500.0,119.76983,34.80792,28,25.77,11.9
188500.0,3901500.0,119.57836,35.20821,28,122.72,557.18
277500.0,3992500.0,120.5299,36.05164,28,95.75,4153.08
348500.0,3901500.0,121.33485,35.24515,28,34.42,1517.96
205500.0,3865500.0,119.77759,34.88924,28,28.47,2.18
260500.0,3888500.0,120.37215,35.11088,28,17.41,1028.99
277500.0,3872500.0,120.56281,34.97064,28,148.91,321.54
335500.0,3949500.0,121.18232,35.67568,28,143.22,2732.85
204500.0,3909500.0,119.75098,35.28507,28,9.32,19.64
248500.0,3909500.0,120.23421,35.2971,28,162.99,15.23
290500.0,3832500.0,120.71507,34.61299,28,115.49,2.43
303500.0,3873500.0,120.84718,34.98503,28,0.82,140.88
301500.0,3883500.0,120.82289,35.07475,28,70.57,737.22
304500.0,3990500.0,120.82993,36.03942,28,12.26,20.92
347500.0,3849500.0,121.3334,34.77629,28,63.83,1152.31
382500.0,3937500.0,121.70326,35.57423,28,55.63,9694.54
367500.0,3978500.0,121.53099,35.94189,28,82.48,33.15
244500.0,3967500.0,120.17197,35.81841,28,61.46,3.13
273500.0,3833500.0,120.52954,34.61839,28,135.81,238.89
279500.0,3890500.0,120.57992,35.13324,28,98.46,91.3
214500.0,3845500.0,119.88273,34.71172,28,71.98,4.42
218500.0,3860500.0,119.92133,34.8479,28,36.45,9.28
221500.0,3871500.0,119.95044,34.94778,28,143.45,25.39
204500.0,3916500.0,119.74845,35.34809,28,92.49,5.68
216500.0,3931500.0,119.8751,35.48662,28,47.89,439.58
191500.0,3918500.0,119.60487,35.36216,28,138.66,69.46
236500.0,3897500.0,120.10624,35.18594,28,64.09,1657.94
233500.0,3881500.0,120.07848,35.04106,28,98.73,7372.51
288500.0,3829500.0,120.69402,34.58555,28,38.73,1973.0
314500.0,3864500.0,120.96963,34.906,28,57.88,1096.94
311500.0,3954500.0,120.9161,35.71644,28,6.71,2.4
284500.0,3960500.0,120.61622,35.76495,28,102.07,7.6
344500.0,3860500.0,121.29859,34.87499,28,57.63,9275.06
332500.0,3907500.0,121.15785,35.29667,28,35.1,29827.32
365500.0,3863500.0,121.52781,34.90503,28,80.0,6024.52
391500.0,3952500.0,121.80055,35.71048,28,128.27,8257.7
377500.0,4019500.0,121.63545,36.31273,28,25.14,20.64
203500.0,3870500.0,119.75396,34.93367,28,74.54,146.05
193500.0,3905500.0,119.63171,35.24576,28,156.49,11.2
224500.0,3909500.0,119.97059,35.29078,28,149.94,7.19
252500.0,3884500.0,120.28566,35.07292,28,115.52,1549.45
277500.0,3895500.0,120.55664,35.17785,28,92.89,533.3
312500.0,3979500.0,120.92128,35.94189,28,7.3,45.08
344500.0,3818500.0,121.30632,34.4964,28,48.26,4652.49
341500.0,3870500.0,121.26388,34.96466,28,67.97,7363.39
356500.0,3860500.0,121.42985,34.87675,28,150.86,1381.3
349500.0,3898500.0,121.34639,35.21826,28,147.13,68.74
339500.0,3877500.0,121.24064,35.02743,28,22.7,835.68
326500.0,3912500.0,121.09083,35.34071,28,21.11,5000.33
361500.0,3934500.0,121.47209,35.54448,28,30.13,1202.17
375500.0,3885500.0,121.63394,35.10463,28,46.42,1355.06
327500.0,3927500.0,121.09866,35.47606,28,38.98,598.95
184500.0,3841500.0,119.55716,34.6669,28,60.89,4.39
241500.0,3848500.0,120.17628,34.74593,28,75.99,8198.82
231500.0,3852500.0,120.06589,34.77937,28,31.8,2.27
233500.0,3852500.0,120.08772,34.77989,28,71.19,344.47
320500.0,3920500.0,121.02309,35.41174,28,115.82,1796.99
205500.0,3887500.0,119.76981,35.08731,28,17.49,4.38
225500.0,3878500.0,119.99188,35.01191,28,151.91,10.92
222500.0,3943500.0,119.93704,35.59636,28,0.64,2.79
245500.0,3970500.0,120.18207,35.84569,28,84.15,4.88
275500.0,3964500.0,120.51563,35.79897,28,68.92,28.06
332500.0,3933500.0,121.15251,35.53099,28,123.37,4399.37
319500.0,3958500.0,121.0036,35.75398,28,3.15,2165.44
251500.0,3843500.0,120.28688,34.70337,28,57.11,1029.93
233500.0,3958500.0,120.05335,35.73445,28,154.4,9.07
308500.0,4010500.0,120.86944,36.22041,28,12.54,3.67
245500.0,3904500.0,120.2028,35.25131,28,176.13,10.8
412500.0,3851500.0,122.04343,34.80197,28,68.15,61004.23
208500.0,3857500.0,119.81315,34.81807,28,33.93,2.29
422500.0,4005500.0,122.13803,36.1912,28,132.7,319.01
226500.0,3935500.0,119.98384,35.52544,28,142.44,32.45
245500.0,3817500.0,120.22923,34.4677,28,125.3,13.87
213500.0,3871500.0,119.86295,34.94555,28,102.31,92.76
382500.0,3973500.0,121.69799,35.89874,28,28.37,12.71
386500.0,3975500.0,121.74202,35.91724,28,47.49,10.31
308500.0,4011500.0,120.8692,36.22942,28,151.57,34.94
191500.0,3920500.0,119.60412,35.38016,28,165.74,145.19
203500.0,3912500.0,119.73891,35.31178,28,129.01,431.5
198500.0,3860500.0,119.70291,34.84217,27,60.26,2.24
172500.0,3886500.0,119.40885,35.06813,27,135.64,1.65
189500.0,3885500.0,119.59533,35.0645,27,40.76,1.99
215500.0,3929500.0,119.86479,35.46833,27,175.23,4.63
197500.0,3939500.0,119.663,35.55303,27,84.41,5.61
250500.0,3841500.0,120.27656,34.68511,27,53.28,20901.6
233500.0,3903500.0,120.07139,35.23918,27,60.78,69.05
247500.0,3988500.0,120.19847,36.0083,27,167.09,2.33
206500.0,3860500.0,119.79027,34.84451,27,24.09,25.63
204500.0,3889500.0,119.75814,35.10502,27,33.83,181.99
216500.0,3940500.0,119.87195,35.56765,27,124.33,67.05
291500.0,3979500.0,120.68863,35.93763,27,48.54,11.35
327500.0,3970500.0,121.08945,35.86355,27,48.47,4.53
173500.0,3855500.0,119.43191,34.78946,27,60.9,20.96
200500.0,3865500.0,119.72296,34.88778,27,104.57,49.24
198500.0,3867500.0,119.70039,34.90519,27,93.87,98.6
187500.0,3893500.0,119.57042,35.1359,27,111.2,71.74
222500.0,3879500.0,119.95871,35.02009,27,76.72,29355.52
258500.0,3973500.0,120.32496,35.876,27,27.28,8.1
248500.0,4000500.0,120.20573,36.11662,27,72.95,47.48
252500.0,4005500.0,120.24856,36.16268,27,32.37,10.3
173500.0,3903500.0,119.41308,35.22145,27,114.63,17.9
230500.0,3846500.0,120.0569,34.72507,27,13.85,21.59
242500.0,3864500.0,120.18229,34.89029,27,54.23,209.56
259500.0,3865500.0,120.36784,34.90346,27,172.38,65.19
239500.0,3918500.0,120.13248,35.37585,27,102.24,5.96
314500.0,3947500.0,120.95086,35.65394,27,122.76,2.47
342500.0,3936500.0,121.26217,35.55967,27,174.65,267.4
340500.0,3958500.0,121.23576,35.75761,27,161.66,12.3
341500.0,3958500.0,121.24682,35.75777,27,162.01,354.77
204500.0,3848500.0,119.77264,34.73589,27,0.16,5.11
223500.0,3830500.0,119.98577,34.57911,27,0.35,455.65
210500.0,3863500.0,119.83292,34.87267,27,112.53,39.96
197500.0,3913500.0,119.67265,35.31899,27,46.09,7.15
207500.0,3935500.0,119.77459,35.52002,27,77.2,77.87
262500.0,3974500.0,120.36892,35.88598,27,87.96,4.45
298500.0,3989500.0,120.76363,36.02919,27,111.3,2455.53
391500.0,3854500.0,121.8135,34.827,27,138.62,2.28
229500.0,3859500.0,120.04181,34.84188,27,58.79,4.5
168500.0,3884500.0,119.36586,35.04883,27,17.25,101.66
224500.0,3935500.0,119.96181,35.52489,27,44.07,11.66
270500.0,3880500.0,120.48399,35.04114,27,157.55,112.81
278500.0,3872500.0,120.57376,34.97086,27,148.93,678.17
212500.0,3936500.0,119.8293,35.53048,27,118.23,56.26
254500.0,3873500.0,120.31082,34.97433,27,32.27,5.68
264500.0,3901500.0,120.41229,35.22893,27,169.38,430.14
430500.0,4009500.0,122.22665,36.22787,27,38.47,306.0
246500.0,3876500.0,120.22236,34.99938,27,4.73,8.1
250500.0,3914500.0,120.25466,35.34263,27,137.96,16.29
242500.0,3971500.0,120.14856,35.85391,27,153.9,40.98
282500.0,3858500.0,120.62118,34.84559,27,63.89,5370.47
289500.0,3912500.0,120.68396,35.3336,27,1.14,2.25
255500.0,3886500.0,120.31794,35.09167,27,34.23,4.3
268500.0,3910500.0,120.45367,35.31094,27,58.82,72.59
242500.0,3945500.0,120.15691,35.61978,27,36.93,6.92
264500.0,3972500.0,120.39165,35.86845,27,52.59,8.82
244500.0,3971500.0,120.17069,35.85443,27,31.49,2.46
274500.0,3864500.0,120.53214,34.8979,27,57.21,1046.05
293500.0,3961500.0,120.71544,35.7759,27,53.87,3.05
180500.0,3846500.0,119.51169,34.71066,27,12.19,19.28
207500.0,3855500.0,119.80293,34.79978,27,115.82,188.7
270500.0,3969500.0,120.45891,35.84285,27,52.1,2.65
259500.0,3997500.0,120.32874,36.09239,27,36.02,3.14
384500.0,3856500.0,121.73669,34.84426,27,145.93,77.09
222500.0,3920500.0,119.9449,35.38927,27,132.65,36.8
334500.0,3928500.0,121.17558,35.48626,27,47.18,270.11
393500.0,3839500.0,121.83727,34.69197,27,159.63,58.2
196500.0,3833500.0,119.69078,34.5985,27,48.27,1.45
205500.0,3903500.0,119.76411,35.23135,27,76.04,2.22
201500.0,3915500.0,119.71585,35.3382,27,145.72,6.47
254500.0,3966500.0,120.28285,35.81196,27,134.67,18.65
264500.0,3964500.0,120.39401,35.7964,27,106.64,6.58
265500.0,3965500.0,120.40477,35.80564,27,105.04,22.29
319500.0,3951500.0,121.00517,35.69091,27,7.29,577.22
321500.0,4012500.0,121.01354,36.24092,27,37.04,2.76
344500.0,4005500.0,121.27077,36.18181,27,155.56,33.96
180500.0,3886500.0,119.49642,35.0707,27,6.14,112.65
217500.0,3905500.0,119.8951,35.25281,27,174.58,3.85
219500.0,3942500.0,119.90432,35.58651,27,33.0,601.85
322500.0,3947500.0,121.03919,35.65541,27,21.56,350.77
424500.0,3844500.0,122.17523,34.73982,27,124.92,24.45
230500.0,3844500.0,120.05754,34.70706,27,129.17,353.12
318500.0,3993500.0,120.98456,36.06917,27,106.47,1821.75
342500.0,3935500.0,121.26237,35.55065,27,35.31,10226.09
323500.0,3947500.0,121.05023,35.65559,27,71.74,1375.01
213500.0,3888500.0,119.85709,35.09861,27,172.81,349.31
246500.0,3841500.0,120.23294,34.68413,27,78.59,968.08
247500.0,3841500.0,120.24385,34.68438,27,77.48,3737.18
322500.0,4003500.0,121.0267,36.16001,27,16.55,65.93
305500.0,3968500.0,120.84641,35.84141,27,66.82,5.46
230500.0,3830500.0,120.06199,34.58097,27,157.18,16.99
191500.0,3883500.0,119.61797,35.04711,26,0.66,33.08
229500.0,3939500.0,120.01555,35.56228,26,50.71,6.4
219500.0,3844500.0,119.93759,34.7041,26,106.53,129.55
189500.0,3909500.0,119.58631,35.28053,26,178.29,2.6
340500.0,3952500.0,121.23695,35.70354,26,40.35,4.52
176500.0,3868500.0,119.45963,34.90742,26,102.7,2.23
209500.0,3905500.0,119.80729,35.25052,26,164.1,19.31
236500.0,3957500.0,120.08681,35.72625,26,51.74,4.81
247500.0,3970500.0,120.20419,35.84621,26,17.96,4.25
308500.0,3962500.0,120.88105,35.78794,26,12.27,360.05
361500.0,3864500.0,121.48387,34.9135,26,108.44,711.01
208500.0,3890500.0,119.80161,35.11519,26,171.35,45.64
226500.0,3924500.0,119.98754,35.42639,26,172.38,140.33
257500.0,3893500.0,120.3378,35.1552,26,156.14,45.98
317500.0,3947500.0,120.98399,35.6545,26,132.85,119.32
311500.0,3994500.0,120.90663,36.07684,26,66.51,3.71
335500.0,3853500.0,121.20153,34.81048,26,69.57,352.25
349500.0,3957500.0,121.33546,35.75002,26,42.92,9.96
344500.0,3960500.0,121.2796,35.77628,26,147.62,39.65
399500.0,3920500.0,121.89295,35.42285,26,34.59,2477.72
384500.0,3975500.0,121.71986,35.917,26,81.96,4.73
222500.0,3840500.0,119.97161,34.6689,26,44.94,182.39
222500.0,3830500.0,119.97488,34.57884,26,178.89,812.11
219500.0,3834500.0,119.9409,34.61405,26,25.43,9.24
230500.0,3829500.0,120.06231,34.57197,26,117.74,1.37
245500.0,3881500.0,120.20989,35.04416,26,166.68,1.93
274500.0,3969500.0,120.50316,35.84378,26,101.64,64.2
277500.0,3979500.0,120.53355,35.93454,26,46.62,8.82
302500.0,3960500.0,120.81519,35.76874,26,174.74,2637.94
338500.0,3887500.0,121.22773,35.1174,26,112.9,980.31
227500.0,3915500.0,120.00154,35.34563,26,138.73,237.28
224500.0,3933500.0,119.96249,35.50688,26,112.8,4.08
244500.0,3833500.0,120.21355,34.61157,26,168.17,4.79
238500.0,3874500.0,120.13543,34.97933,26,178.08,45.0
231500.0,3872500.0,120.05948,34.95948,26,107.86,616.49
230500.0,3874500.0,120.0479,34.97723,26,23.06,7.66
243500.0,3907500.0,120.17991,35.27782,26,74.48,2188.01
315500.0,3864500.0,120.98057,34.90618,26,156.88,36.42
273500.0,3896500.0,120.51248,35.18596,26,21.24,21.49
332500.0,3897500.0,121.15989,35.20655,26,24.51,5959.03
350500.0,3893500.0,121.35828,35.17334,26,43.84,46352.35
336500.0,3914500.0,121.20042,35.36042,26,10.25,1014.27
336500.0,3913500.0,121.20062,35.35141,26,169.45,2.1
421500.0,3825500.0,122.14422,34.56827,26,44.94,8879.08
188500.0,3845500.0,119.59927,34.70413,26,76.25,38.22
212500.0,3856500.0,119.85717,34.81021,26,142.83,510.51
265500.0,3901500.0,120.42327,35.22916,26,168.93,128.7
259500.0,3998500.0,120.32844,36.1014,26,33.57,4.48
222500.0,3869500.0,119.96204,34.93004,26,115.69,2135.67
251500.0,3864500.0,120.28067,34.89253,26,131.48,589.37
293500.0,3913500.0,120.72769,35.34344,26,101.01,1808.68
320500.0,3868500.0,121.03441,34.94313,26,164.43,41.12
365500.0,3869500.0,121.52684,34.95912,26,41.9,1056.75
395500.0,3855500.0,121.85711,34.83644,26,82.4,146777.86
366500.0,3877500.0,121.53651,35.03136,26,127.2,480.81
382500.0,3908500.0,121.70745,35.31281,26,39.04,186286.85
167500.0,3851500.0,119.36804,34.75152,26,33.61,2.62
199500.0,3842500.0,119.72025,34.68041,26,144.4,21.34
228500.0,3856500.0,120.03186,34.8146,26,113.77,1898.34
241500.0,3835500.0,120.18026,34.62884,26,117.13,1.55
233500.0,3830500.0,120.09466,34.58176,26,122.76,40.07
231500.0,3912500.0,120.04649,35.3197,26,162.32,12.05
260500.0,3913500.0,120.36488,35.33607,26,65.98,36.74
283500.0,3958500.0,120.60571,35.74672,26,77.48,18.6
332500.0,4009500.0,121.13653,36.21585,26,104.84,456.78
395500.0,3983500.0,121.8407,35.99036,26,53.66,6.76
387500.0,3987500.0,121.7514,36.02552,26,155.69,4964.97
286500.0,3908500.0,120.65202,35.29692,26,92.48,829.42
321500.0,3820500.0,121.05551,34.5107,26,39.77,368.37
389500.0,3855500.0,121.7915,34.8358,26,97.6,680.46
390500.0,4008500.0,121.78177,36.21515,26,138.02,999.61
308500.0,3869500.0,120.90285,34.94994,26,40.81,7.83
228500.0,3936500.0,120.00553,35.53499,26,63.32,32.68
304500.0,3841500.0,120.86559,34.69686,26,12.16,898.19
296500.0,3828500.0,120.78143,34.57815,26,2.82,1298.09
320500.0,3961500.0,121.01398,35.7812,26,23.99,1.97
196500.0,3889500.0,119.67051,35.10264,26,2.49,92.94
207500.0,3897500.0,119.78818,35.17792,26,100.95,8.05
198500.0,3918500.0,119.68179,35.3643,26,149.71,67.63
200500.0,3918500.0,119.70377,35.3649,26,55.86,2298.82
193500.0,3922500.0,119.62535,35.39878,26,119.79,18.03
194500.0,3936500.0,119.63108,35.5251,26,117.15,3.83
236500.0,3905500.0,120.10367,35.25799,26,52.98,5.93
251500.0,3932500.0,120.26016,35.505,26,119.32,109.23
268500.0,3967500.0,120.43736,35.82437,26,60.03,12.64
319500.0,3953500.0,121.00472,35.70893,26,26.55,417.37
215500.0,3898500.0,119.87556,35.18922,26,20.17,2.69
212500.0,3940500.0,119.82788,35.56649,26,44.96,3011.34
240500.0,3899500.0,120.14949,35.205,26,50.79,2.34
232500.0,3932500.0,120.05092,35.50006,26,23.36,100.22
315500.0,3950500.0,120.96122,35.68116,26,5.86,286.24
276500.0,3971500.0,120.52472,35.86225,26,8.53,78.36
317500.0,4018500.0,120.96765,36.29423,26,107.18,6.75
354500.0,3947500.0,121.39255,35.66064,26,122.98,72.85
344500.0,3941500.0,121.28327,35.60504,26,131.8,1375.56
337500.0,4016500.0,121.19068,36.27979,26,170.02,40.14
235500.0,3951500.0,120.07774,35.67196,26,3.63,403.54
337500.0,3956500.0,121.203,35.7391,26,99.34,4.46
340500.0,3975500.0,121.23236,35.91082,26,79.22,249.23
267500.0,3989500.0,120.41987,36.02228,26,164.6,54.99
340500.0,3968500.0,121.23377,35.84773,26,145.89,8.66
325500.0,3990500.0,121.06291,36.04342,26,166.56,458.93
368500.0,3978500.0,121.54207,35.94202,26,173.66,15729.28
424500.0,3845500.0,122.17514,34.74883,26,176.87,6194.04
317500.0,4019500.0,120.96741,36.30324,26,75.82,172.99
279500.0,3982500.0,120.55487,35.96202,26,0.07,2.75
176500.0,3849500.0,119.46695,34.73641,25,118.24,1.71
177500.0,3916500.0,119.45184,35.33974,25,54.21,2.97
195500.0,3859500.0,119.67051,34.83227,25,37.02,3.82
270500.0,3842500.0,120.49441,34.6988,25,39.83,2542.39
263500.0,3980500.0,120.37821,35.94026,25,128.0,2.18
179500.0,3868500.0,119.4924,34.90837,25,98.79,226.5
188500.0,3878500.0,119.58701,35.00119,25,148.06,121.68
249500.0,3908500.0,120.2455,35.28834,25,50.99,2.85
249500.0,4000500.0,120.21683,36.11688,25,68.81,7.3
298500.0,3988500.0,120.76389,36.02018,25,19.57,230.6
165500.0,3880500.0,119.33465,35.01184,25,114.7,9.4
199500.0,3884500.0,119.70518,35.05853,25,175.33,5.5
329500.0,3989500.0,121.10751,36.03511,25,105.18,10957.48
211500.0,3882500.0,119.83727,35.04402,25,1.36,6.79
213500.0,3880500.0,119.85986,35.02658,25,166.02,21.66
213500.0,3937500.0,119.83996,35.53978,25,66.5,462.81
228500.0,3845500.0,120.0354,34.71553,25,26.81,14.01
262500.0,3992500.0,120.36353,36.0481,25,44.63,10.73
218500.0,3829500.0,119.93166,34.56875,25,109.36,8.16
208500.0,3864500.0,119.81072,34.8811,25,23.06,6.28
211500.0,3945500.0,119.81508,35.61122,25,48.72,9.64
257500.0,3816500.0,120.36003,34.46158,25,83.42,184.84
239500.0,3960500.0,120.11896,35.75407,25,147.43,426.38
246500.0,4000500.0,120.18354,36.1161,25,70.29,21.41
306500.0,3963500.0,120.85869,35.79656,25,113.44,60.91
393500.0,3957500.0,121.82199,35.75577,25,7.88,27887.39
216500.0,3840500.0,119.90622,34.66725,25,175.64,12102.95
206500.0,3861500.0,119.78992,34.85351,25,16.9,10.84
206500.0,3879500.0,119.78359,35.01557,25,122.78,374.4
203500.0,3901500.0,119.74288,35.21276,25,54.76,26.57
201500.0,3898500.0,119.72203,35.18516,25,43.74,8.25
210500.0,3925500.0,119.81119,35.43087,25,80.54,3379.54
216500.0,3915500.0,119.88066,35.34256,25,146.46,1793.86
238500.0,3830500.0,120.14911,34.58304,25,108.24,2626.22
230500.0,3902500.0,120.03879,35.22938,25,87.03,60.08
244500.0,3896500.0,120.19431,35.179,25,155.57,116.12
250500.0,3918500.0,120.25344,35.37866,25,34.27,5265.16
273500.0,3977500.0,120.48982,35.91561,25,53.16,763.64
280500.0,3969500.0,120.56954,35.84514,25,69.45,2.07
344500.0,4006500.0,121.27057,36.19082,25,109.6,26806.56
225500.0,3840500.0,120.00431,34.66971,25,78.1,3.33
195500.0,3882500.0,119.66212,35.03933,25,71.23,11649.58
210500.0,3917500.0,119.81403,35.35885,25,50.71,12.87
198500.0,3928500.0,119.6781,35.45432,25,71.38,119.4
246500.0,3848500.0,120.23084,34.74718,25,118.56,969.16
231500.0,3874500.0,120.05884,34.9775,25,13.63,13.55
301500.0,3915500.0,120.81518,35.36308,25,93.51,343.63
339500.0,3923500.0,121.23166,35.44202,25,132.55,64.34
360500.0,3942500.0,121.45968,35.61644,25,1.09,102.34
372500.0,3977500.0,121.58657,35.93354,25,44.06,328.23
271500.0,3884500.0,120.49385,35.0774,25,169.4,305.78
272500.0,3884500.0,120.50481,35.07763,25,76.77,8656.89
276500.0,3980500.0,120.5222,35.94332,25,176.98,4489.02
213500.0,3933500.0,119.84137,35.50376,25,150.85,276.17
260500.0,3886500.0,120.37273,35.09287,25,158.97,2.94
290500.0,3831500.0,120.71532,34.60398,25,171.04,1.06
296500.0,3862500.0,120.77322,34.88453,25,58.76,53.12
303500.0,3910500.0,120.83838,35.31843,25,27.88,31.56
334500.0,3844500.0,121.19238,34.72919,25,53.07,3167.4
350500.0,3839500.0,121.36795,34.68659,25,152.91,61.87
384500.0,3907500.0,121.72959,35.30403,25,38.55,21997.26
433500.0,3824500.0,122.27511,34.5601,25,26.56,632505.29
433500.0,3923500.0,122.26719,35.45275,25,62.08,85915.84
434500.0,3923500.0,122.27821,35.45282,25,62.49,149808.97
191500.0,3844500.0,119.63234,34.69604,25,166.98,39.2
207500.0,3837500.0,119.80917,34.63771,25,144.96,11.63
199500.0,3841500.0,119.7206,34.67141,25,57.46,584.21
194500.0,3844500.0,119.66504,34.69694,25,168.61,18.63
218500.0,3931500.0,119.89712,35.48719,25,162.09,5.41
227500.0,3834500.0,120.02804,34.61621,25,91.22,4.39
229500.0,3857500.0,120.04246,34.82387,25,176.86,7.63
251500.0,3914500.0,120.26565,35.34288,25,80.48,352.76
275500.0,3832500.0,120.5516,34.60982,25,46.74,5038.48
289500.0,3857500.0,120.69794,34.83805,25,63.65,3346.97
290500.0,3984500.0,120.67623,35.98246,25,107.75,853.86
321500.0,3924500.0,121.03322,35.44797,25,22.79,39.04
322500.0,3920500.0,121.0451,35.4121,25,21.87,9573.24
346500.0,3955500.0,121.30267,35.73153,25,70.57,4170.47
351500.0,3966500.0,121.3559,35.83144,25,62.31,4140.41
390500.0,3933500.0,121.79208,35.53909,25,60.66,319024.29
190500.0,3848500.0,119.61997,34.73174,25,42.56,7.37
189500.0,3852500.0,119.60759,34.76745,25,143.59,4.32
211500.0,3860500.0,119.84487,34.84594,25,165.75,16.9
214500.0,3872500.0,119.87354,34.95484,25,58.15,1.1
209500.0,3890500.0,119.81257,35.11548,25,101.66,127.25
192500.0,3920500.0,119.61511,35.38047,25,10.86,1085.66
239500.0,3895500.0,120.13978,35.16871,25,104.68,5.6
243500.0,3943500.0,120.16857,35.60202,25,74.82,2.74
259500.0,3939500.0,120.3462,35.57002,25,3.48,26.48
253500.0,3947500.0,120.27762,35.64059,25,14.46,11.05
285500.0,3959500.0,120.62754,35.75616,25,69.93,20.24
282500.0,3966500.0,120.59248,35.81856,25,48.35,20.69
307500.0,3991500.0,120.86297,36.04903,25,26.57,62.92
332500.0,3940500.0,121.15106,35.59407,25,159.31,115.25
354500.0,4010500.0,121.38101,36.22843,25,112.0,5095.36
392500.0,3980500.0,121.80783,35.96299,25,44.39,137.88
387500.0,3986500.0,121.75154,36.01651,25,95.29,2.15
206500.0,3841500.0,119.79689,34.67344,25,134.72,2.29
258500.0,4005500.0,120.31519,36.16419,25,69.6,1800.87
309500.0,3950500.0,120.89495,35.68001,25,22.41,8482.85
333500.0,3929500.0,121.16435,35.49511,25,108.24,2.78
351500.0,3963500.0,121.35646,35.8044,25,135.98,402.85
178500.0,3845500.0,119.49027,34.70104,25,0.35,8.56
187500.0,3843500.0,119.58911,34.68582,25,12.06,5.42
245500.0,3823500.0,120.22744,34.52175,25,64.92,67.55
233500.0,3851500.0,120.08804,34.77089,25,74.34,295.51
234500.0,3877500.0,120.09071,35.0053,25,45.47,724.4
244500.0,3965500.0,120.1726,35.8004,25,69.49,78.37
306500.0,3844500.0,120.88673,34.72427,25,119.4,219.8
305500.0,3844500.0,120.87581,34.72408,25,79.01,26035.33
335500.0,3927500.0,121.1868,35.47742,25,137.07,70.68
366500.0,3883500.0,121.53554,35.08545,25,57.74,1855.45
209500.0,3854500.0,119.82511,34.79135,25,100.16,386.76
187500.0,3861500.0,119.58243,34.84785,25,43.92,188.89
181500.0,3881500.0,119.50929,35.02601,25,169.02,17.27
196500.0,3908500.0,119.66352,35.27368,25,161.92,227.92
249500.0,3944500.0,120.23442,35.61257,25,3.74,23.59
274500.0,3981500.0,120.49976,35.95187,25,49.91,6.02
268500.0,3980500.0,120.43358,35.94146,25,167.59,1.96
262500.0,3980500.0,120.36713,35.94002,25,60.39,6.43
319500.0,4015500.0,120.9906,36.26758,25,101.18,3.38
319500.0,3957500.0,121.00382,35.74497,25,3.1,5411.71
332500.0,4002500.0,121.13803,36.15278,25,21.68,31.57
214500.0,3852500.0,119.88036,34.77475,25,172.77,1041.71
219500.0,3936500.0,119.9064,35.53249,25,167.67,19.4
239500.0,3958500.0,120.11961,35.73606,25,85.4,1031286743.81
265500.0,3975500.0,120.40183,35.89571,25,73.03,28.72
256500.0,4001500.0,120.29422,36.12767,25,98.16,3.24
324500.0,3927500.0,121.06561,35.47554,25,132.53,36.61
181500.0,3888500.0,119.5066,35.08901,25,173.7,45.91
220500.0,3915500.0,119.92462,35.34369,25,39.18,161.54
177500.0,3881500.0,119.46552,35.02474,25,0.38,1.46
198500.0,3833500.0,119.71255,34.59909,25,40.28,2.86
320500.0,4004500.0,121.00425,36.16865,25,106.77,104.71
213500.0,3896500.0,119.85432,35.17064,25,85.04,31.14
222500.0,3939500.0,119.93841,35.56034,25,6.45,18.34
352500.0,3942500.0,121.37138,35.61528,25,143.8,1537.54
390500.0,3849500.0,121.80322,34.78181,25,9.74,331.62
387500.0,3977500.0,121.75282,35.93538,25,128.59,306.06
192500.0,3844500.0,119.64324,34.69634,25,16.49,18.38
214500.0,3830500.0,119.88779,34.57665,25,98.43,519.61
344500.0,3913500.0,121.28863,35.35269,24,135.2,82.73
191500.0,3858500.0,119.62721,34.82207,24,43.02,7.49
197500.0,3864500.0,119.69054,34.87788,24,178.28,6035.1
197500.0,3862500.0,119.69127,34.85988,24,43.09,2.36
227500.0,3815500.0,120.03412,34.44509,24,50.98,2291.9
232500.0,3915500.0,120.0565,35.34698,24,70.52,2.41
230500.0,3919500.0,120.0332,35.38246,24,147.9,3.47
255500.0,3975500.0,120.29114,35.89326,24,44.17,22.12
340500.0,3970500.0,121.23337,35.86576,24,94.72,4.1
328500.0,3988500.0,121.09663,36.02593,24,106.01,62848.03
209500.0,3899500.0,119.80941,35.19651,24,47.21,35.75
247500.0,3909500.0,120.22322,35.29685,24,155.63,41.9
251500.0,4006500.0,120.23713,36.17142,24,59.54,2.47
294500.0,3997500.0,120.71719,36.10043,24,84.0,367.38
245500.0,3867500.0,120.21417,34.91806,24,70.64,67820.13
232500.0,3873500.0,120.0701,34.96875,24,5.03,60.39
241500.0,3869500.0,120.16981,34.93507,24,156.54,67.27
255500.0,3895500.0,120.31527,35.17273,24,132.63,13.5
251500.0,3909500.0,120.26717,35.29785,24,118.01,537.47
245500.0,3946500.0,120.18968,35.62956,24,87.6,44.74
245500.0,4002500.0,120.17179,36.13385,24,126.42,147.82
278500.0,3824500.0,120.58638,34.53839,24,52.1,517048.05
316500.0,3947500.0,120.97295,35.65431,24,119.13,6.78
318500.0,3946500.0,120.99525,35.64567,24,127.84,320.92
314500.0,3945500.0,120.95132,35.63591,24,132.3,5.02
297500.0,3997500.0,120.75049,36.10106,24,37.12,10.41
295500.0,3986500.0,120.73114,36.00154,24,104.13,2582.39
356500.0,3858500.0,121.43019,34.85872,24,73.06,9335.61
338500.0,3939500.0,121.21746,35.58606,24,149.27,66880.63
365500.0,3971500.0,121.51001,35.87852,24,133.48,59350.19
202500.0,3859500.0,119.74694,34.83434,24,34.5,8.23
197500.0,3914500.0,119.67228,35.32799,24,86.26,2.51
228500.0,3951500.0,120.00049,35.67006,24,151.42,1.57
229500.0,3874500.0,120.03696,34.97696,24,41.93,6.49
249500.0,3918500.0,120.24244,35.37841,24,37.1,87996221.48
273500.0,3973500.0,120.49096,35.87958,24,70.68,2.83
258500.0,3971500.0,120.32556,35.85798,24,53.27,8.49
252500.0,4003500.0,120.24918,36.14466,24,103.77,2.26
362500.0,3826500.0,121.50102,34.57108,24,51.69,1477.73
339500.0,3936500.0,121.22909,35.55918,24,90.84,17.06
181500.0,3894500.0,119.5043,35.14302,24,142.75,75.53
209500.0,3921500.0,119.80162,35.39457,24,65.78,1770.26
227500.0,3855500.0,120.02126,34.80532,24,74.73,2.04
227500.0,3857500.0,120.02061,34.82334,24,150.78,11016.59
315500.0,3813500.0,120.9917,34.44655,24,43.86,46033.45
304500.0,3822500.0,120.86997,34.52563,24,149.41,78.74
308500.0,3827500.0,120.9124,34.57145,24,63.81,36324.3
311500.0,3866500.0,120.93636,34.92347,24,160.86,38.57
312500.0,3871500.0,120.94618,34.96871,24,61.69,554135.0
310500.0,3916500.0,120.91395,35.37385,24,104.16,3075.52
355500.0,3942500.0,121.40449,35.61573,24,145.09,499883449.24
356500.0,3942500.0,121.41553,35.61587,24,143.76,1760.38
354500.0,3949500.0,121.39219,35.67867,24,95.28,186.53
333500.0,3969500.0,121.15608,35.85558,24,156.77,44.02
379500.0,3833500.0,121.68531,34.63633,24,67.34,7969.75
390500.0,3855500.0,121.80244,34.83591,24,56.97,632.44
172500.0,3880500.0,119.41121,35.01413,24,11.97,941.02
236500.0,3826500.0,120.12857,34.5465,24,45.28,610.83
265500.0,3886500.0,120.42753,35.09404,24,142.81,120.97
269500.0,3880500.0,120.47304,35.04092,24,61.79,1137.58
267500.0,3884500.0,120.45001,35.07649,24,142.99,510.29
278500.0,3875500.0,120.57296,34.99788,24,147.76,5.39
298500.0,3914500.0,120.78243,35.35347,24,87.0,242.39
233500.0,3912500.0,120.06846,35.32023,24,165.31,6.39
307500.0,3882500.0,120.88889,35.0669,24,167.82,103.87
389500.0,3951500.0,121.77858,35.70124,24,99.13,3.05
366500.0,3978500.0,121.51991,35.94175,24,46.02,88.59
221500.0,3845500.0,119.95906,34.71365,24,148.39,481.49
208500.0,3903500.0,119.79702,35.23223,24,143.35,3.27
230500.0,3824500.0,120.06389,34.52694,24,125.23,136.63
227500.0,3873500.0,120.0154,34.96742,24,6.12,25.74
318500.0,3887500.0,121.00837,35.114,24,168.36,57.28
222500.0,3867500.0,119.9627,34.91203,24,28.92,183.65
198500.0,3902500.0,119.68767,35.22027,24,60.89,270.47
234500.0,3832500.0,120.10492,34.60003,24,110.05,1444.88
230500.0,3904500.0,120.03813,35.24739,24,7.22,37.24
272500.0,3948500.0,120.48699,35.65416,24,94.84,36.1
259500.0,3970500.0,120.33693,35.84922,24,113.87,200.34
310500.0,3949500.0,120.90623,35.6712,24,19.71,466.06
304500.0,3974500.0,120.83388,35.89527,24,141.18,7.5
285500.0,3965500.0,120.62593,35.81022,24,172.44,539.46
333500.0,3905500.0,121.16925,35.27882,24,34.32,1313.76
379500.0,3966500.0,121.66581,35.83528,24,128.67,20429.36
205500.0,3852500.0,119.78215,34.77219,24,118.6,51.47
208500.0,3855500.0,119.81385,34.80007,24,105.55,2450.73
208500.0,3938500.0,119.78453,35.54732,24,26.89,75.6
268500.0,3978500.0,120.43417,35.92345,24,156.46,3.46
267500.0,3979500.0,120.4228,35.93222,24,143.74,3.05
265500.0,3979500.0,120.40065,35.93174,24,108.02,309.45
275500.0,3899500.0,120.53361,35.21344,24,67.43,7.91
306500.0,3993500.0,120.85139,36.06685,24,18.93,16.93
344500.0,3921500.0,121.28711,35.42479,24,42.72,75.77
329500.0,3992500.0,121.10686,36.06215,24,90.56,405219533.74
381500.0,3820500.0,121.70894,34.51935,24,54.7,1122.01
371500.0,3850500.0,121.59546,34.78861,24,71.27,2900.93
397500.0,3978500.0,121.86353,35.9455,24,11.09,263.35
390500.0,4007500.0,121.78191,36.20614,24,138.99,565.7
410500.0,3824500.0,122.02443,34.55835,24,31.31,15284.17
287500.0,3860500.0,120.67532,34.86466,24,10.04,1.9
306500.0,3860500.0,120.88304,34.86846,24,104.47,3.84
332500.0,3883500.0,121.16273,35.08037,24,90.47,5359.52
181500.0,3846500.0,119.52259,34.71098,24,110.85,516.73
207500.0,3856500.0,119.80258,34.80878,24,74.49,9.57
297500.0,3857500.0,120.78537,34.83967,24,164.61,926.65
290500.0,3849500.0,120.71086,34.76617,24,76.64,2193.55
298500.0,3896500.0,120.78684,35.19129,24,132.92,278.54
360500.0,3863500.0,121.4731,34.90435,24,137.03,2596.98
355500.0,3896500.0,121.41264,35.20111,24,121.43,1722.68
354500.0,3896500.0,121.40166,35.20097,24,30.34,7066.06
385500.0,3854500.0,121.7479,34.82634,24,11.44,128.71
367500.0,3879500.0,121.54715,35.04952,24,37.77,2852.24
200500.0,3917500.0,119.70414,35.3559,24,146.88,46.52
225500.0,3909500.0,119.98157,35.29105,24,1.54,12.89
226500.0,3943500.0,119.98114,35.59747,24,59.6,1.7
233500.0,3909500.0,120.06944,35.29321,24,42.58,9.26
235500.0,3941500.0,120.08102,35.58191,24,47.23,6.47
272500.0,3981500.0,120.4776,35.95141,24,77.61,1991.86
270500.0,3981500.0,120.45545,35.95094,24,175.75,3.24
236500.0,3973500.0,120.08154,35.87032,24,137.72,16.55
269500.0,3984500.0,120.4435,35.97772,24,74.56,2.1
269500.0,3976500.0,120.44582,35.90567,24,5.39,1.74
278500.0,3969500.0,120.54741,35.84469,24,1.27,1.81
275500.0,3965500.0,120.51535,35.80798,24,16.88,3.13
333500.0,3933500.0,121.16353,35.53116,24,124.18,1500.09
329500.0,4010500.0,121.10296,36.22434,24,178.99,9.03
219500.0,3837500.0,119.93991,34.64106,24,65.59,69.18
190500.0,3847500.0,119.62034,34.72274,24,119.42,419.87
253500.0,3842500.0,120.30898,34.69485,24,60.46,2174.11
286500.0,3870500.0,120.66183,34.95455,24,68.28,4770.96
323500.0,3949500.0,121.04979,35.67361,24,167.36,31.15
341500.0,3980500.0,121.24244,35.95604,24,96.66,123.21
427500.0,3987500.0,122.1953,36.02932,24,102.0,553.9
323500.0,3939500.0,121.05198,35.5835,24,6.91,25.48
327500.0,3949500.0,121.09397,35.67432,24,116.72,227.87
349500.0,3930500.0,121.3405,35.50668,24,90.52,100.46
266500.0,3982500.0,120.41084,35.959,24,141.15,10.69
195500.0,3883500.0,119.66176,35.04833,24,82.71,29.19
192500.0,3895500.0,119.62446,35.15544,24,1.08,4.2
207500.0,3923500.0,119.77891,35.41199,24,18.07,6.83
264500.0,3978500.0,120.38987,35.92249,24,68.95,86.38
311500.0,3955500.0,120.91587,35.72545,24,9.92,139.26
379500.0,4018500.0,121.65787,36.30397,24,118.48,462.01
205500.0,3849500.0,119.7832,34.74518,24,31.13,3.0
193500.0,3913500.0,119.62872,35.31777,24,108.31,6048.8
267500.0,3819500.0,120.46798,34.49091,24,148.12,3110.57
266500.0,3971500.0,120.41407,35.85992,24,46.19,61.59
341500.0,3936500.0,121.25115,35.55951,24,35.49,8477.28
355500.0,3980500.0,121.39763,35.95821,24,91.31,510.45
325500.0,4018500.0,121.05669,36.29571,24,135.85,10.43
386500.0,3978500.0,121.74159,35.94428,24,160.51,369.86
400500.0,3983500.0,121.89616,35.99088,24,41.48,25.1
407500.0,3981500.0,121.97404,35.97354,24,25.55,10.73
381500.0,3990500.0,121.68437,36.05185,24,138.61,469.34
405500.0,3994500.0,121.9503,36.09053,24,100.53,27274.46
417500.0,3860500.0,122.0972,34.88354,24,178.14,323.05
428500.0,3856500.0,122.2179,34.84831,24,59.19,23744.11
288500.0,3823500.0,120.69552,34.53148,24,59.35,2200.94
276500.0,3969500.0,120.52528,35.84424,24,133.36,105.38
290500.0,3975500.0,120.67861,35.90138,24,169.51,281.43
207500.0,3826500.0,119.81296,34.53867,24,164.8,631.15
335500.0,3970500.0,121.17801,35.86493,24,37.49,28.26
332500.0,3943500.0,121.15044,35.62111,24,2.95,3198.67
229500.0,3906500.0,120.02649,35.26513,24,75.59,298.57
308500.0,3981500.0,120.87648,35.95913,24,83.77,1110.73
190500.0,3842500.0,119.62217,34.67773,23,66.11,29.16
209500.0,3863500.0,119.82199,34.87238,23,23.97,50.7
196500.0,3868500.0,119.67817,34.9136,23,16.14,1.43
249500.0,3970500.0,120.22631,35.84672,23,24.65,8.99
169500.0,3860500.0,119.38631,34.83317,23,3.24,29.45
203500.0,3864500.0,119.75609,34.87965,23,119.64,4.47
198500.0,3873500.0,119.69822,34.9592,23,88.82,4659.98
209500.0,3868500.0,119.82026,34.9174,23,22.26,14.96
231500.0,3919500.0,120.04419,35.38273,23,178.97,97.98
343500.0,3906500.0,121.27897,35.28944,23,127.32,281.42
179500.0,3894500.0,119.48238,35.14238,23,11.75,2.88
218500.0,3832500.0,119.93067,34.59577,23,114.09,332.37
194500.0,3848500.0,119.66359,34.73295,23,142.83,10.89
284500.0,3908500.0,120.63004,35.29649,23,85.35,424.17
219500.0,3916500.0,119.91329,35.35242,23,123.87,38.61
258500.0,3872500.0,120.35488,34.96628,23,170.41,40.34
243500.0,3917500.0,120.17678,35.36788,23,129.46,72.19
259500.0,3976500.0,120.33512,35.90326,23,26.36,4.48
273500.0,3865500.0,120.52093,34.90669,23,157.98,226.05
328500.0,3969500.0,121.10073,35.85472,23,143.62,5.06
222500.0,3864500.0,119.9637,34.88502,23,31.55,1.75
223500.0,3910500.0,119.95927,35.29951,23,93.42,1.51
261500.0,3890500.0,120.38254,35.12914,23,119.59,3092.03
245500.0,3957500.0,120.1862,35.72862,23,162.66,1.85
290500.0,3908500.0,120.69598,35.29777,23,179.63,399.37
336500.0,3952500.0,121.19276,35.70289,23,134.54,3.34
401500.0,3974500.0,121.90837,35.90985,23,80.47,6.79
201500.0,3854500.0,119.7378,34.78904,23,152.06,12.16
198500.0,3883500.0,119.6946,35.04923,23,176.29,128.59
207500.0,3925500.0,119.77819,35.43,23,164.32,17.02
223500.0,3946500.0,119.94704,35.62365,23,78.59,74.32
205500.0,3940500.0,119.75076,35.56444,23,82.66,9.33
215500.0,3940500.0,119.86094,35.56736,23,119.75,23.57
246500.0,3827500.0,120.23713,34.55802,23,92.01,262.56
239500.0,3881500.0,120.14418,35.04263,23,127.0,48.91
249500.0,3886500.0,120.25219,35.09019,23,153.55,7.29
236500.0,3910500.0,120.10207,35.30301,23,0.81,6.12
232500.0,3951500.0,120.04463,35.67115,23,66.77,1.6
273500.0,3975500.0,120.49039,35.8976,23,142.78,43.33
276500.0,3961500.0,120.52752,35.77218,23,20.11,8.25
302500.0,3990500.0,120.80775,36.03902,23,27.99,35.05
339500.0,3953500.0,121.2257,35.71239,23,42.36,3.31
341500.0,3987500.0,121.24104,36.01912,23,63.01,63.63
204500.0,3881500.0,119.76099,35.033,23,105.24,15.22
243500.0,3833500.0,120.20265,34.61132,23,17.91,3.2
237500.0,3874500.0,120.12449,34.97907,23,4.01,27.44
236500.0,3874500.0,120.11355,34.97881,23,178.43,55.98
259500.0,3863500.0,120.36842,34.88545,23,73.13,1326.15
247500.0,3884500.0,120.23088,35.07168,23,5.31,1717.47
248500.0,4002500.0,120.20509,36.13463,23,52.71,1.77
332500.0,3867500.0,121.16595,34.93617,23,85.15,4998.55
322500.0,3935500.0,121.04183,35.54727,23,179.24,11.08
344500.0,4004500.0,121.27097,36.1728,23,9.26,2.72
223500.0,3835500.0,119.98414,34.62414,23,70.03,168.14
258500.0,3870500.0,120.35546,34.94827,23,89.7,30.43
262500.0,3890500.0,120.3935,35.12937,23,163.56,3.45
228500.0,3900500.0,120.0175,35.21083,23,65.51,242.36
220500.0,3847500.0,119.9475,34.73139,23,84.35,226.02
200500.0,3912500.0,119.70597,35.31089,23,21.77,1.53
245500.0,3873500.0,120.21234,34.97211,23,90.98,2631.66
241500.0,3864500.0,120.17135,34.89003,23,95.44,25.02
262500.0,3893500.0,120.39264,35.1564,23,17.63,2.06
232500.0,3954500.0,120.04363,35.69816,23,46.64,147.33
235500.0,3957500.0,120.07576,35.72598,23,43.35,12.81
285500.0,3817500.0,120.66436,34.4768,23,125.81,562.91
336500.0,3811500.0,121.22056,34.43206,23,31.73,8954.7
340500.0,3867500.0,121.25351,34.93746,23,167.47,16.58
364500.0,4011500.0,121.49207,36.23889,23,111.68,17512.64
397500.0,3855500.0,121.87898,34.83664,23,81.96,55935.83
364500.0,3882500.0,121.51377,35.07617,23,125.89,347.36
433500.0,4011500.0,122.25986,36.24611,23,127.1,2800.72
172500.0,3899500.0,119.4037,35.18512,23,40.29,17.78
188500.0,3832500.0,119.60405,34.5871,23,52.3,2.87
210500.0,3835500.0,119.84253,34.62055,23,43.01,4072.58
231500.0,3857500.0,120.0643,34.8244,23,82.29,29.2
272500.0,3899500.0,120.50068,35.21276,23,143.76,5.22
281500.0,3892500.0,120.60133,35.1517,23,45.31,66.77
316500.0,3996500.0,120.96166,36.09582,23,19.15,25.65
348500.0,3955500.0,121.32478,35.73184,23,172.27,533.44
363500.0,3963500.0,121.48923,35.80614,23,168.08,94.03
183500.0,3848500.0,119.54365,34.7296,23,103.95,11.94
188500.0,3924500.0,119.56962,35.41523,23,6.03,7.52
193500.0,3918500.0,119.62685,35.36278,23,1.94,160.3
191500.0,3917500.0,119.60525,35.35316,23,141.29,35.35
206500.0,3915500.0,119.77079,35.33968,23,95.16,71.5
234500.0,3948500.0,120.06769,35.64467,23,112.02,1.87
241500.0,3942500.0,120.14684,35.5925,23,167.09,2.33
230500.0,3934500.0,120.02823,35.51753,23,49.71,3.92
287500.0,3965500.0,120.64805,35.81065,23,25.18,5.35
285500.0,3961500.0,120.62701,35.77418,23,58.67,25.86
321500.0,3939500.0,121.02992,35.58314,23,44.82,8758.05
398500.0,4012500.0,121.87023,36.25208,23,178.72,150.85
380500.0,4020500.0,121.6687,36.32212,23,25.97,112.0
207500.0,3842500.0,119.80744,34.68273,23,60.58,142.41
224500.0,3906500.0,119.9716,35.26376,23,15.43,1108.11
246500.0,3861500.0,120.22692,34.86427,23,37.45,80.84
305500.0,3993500.0,120.84029,36.06665,23,22.52,38.32
328500.0,3850500.0,121.12565,34.78228,23,177.83,140.62
342500.0,3923500.0,121.2647,35.4425,23,40.31,47.69
354500.0,3950500.0,121.39201,35.68768,23,150.07,9.15
353500.0,3950500.0,121.38096,35.68753,23,94.61,512.53
201500.0,3836500.0,119.74416,34.62698,23,89.74,93.75
306500.0,3989500.0,120.85236,36.03081,23,30.52,65.61
204500.0,3873500.0,119.76383,34.96097,23,68.24,22.85
211500.0,3868500.0,119.84212,34.91797,23,70.99,6.14
206500.0,3856500.0,119.79167,34.8085,23,2.84,11.73
184500.0,3917500.0,119.52834,35.35097,23,116.82,43.92
221500.0,3924500.0,119.93254,35.42501,23,68.39,14.52
244500.0,3820500.0,120.21745,34.49448,23,178.35,66.36
232500.0,3879500.0,120.06817,35.02279,23,134.28,17.0
228500.0,3903500.0,120.01651,35.23784,23,5.82,23.37
268500.0,3899500.0,120.45677,35.21185,23,29.41,6.04
382500.0,3859500.0,121.7144,34.87108,23,134.83,41.63
176500.0,3863500.0,119.46156,34.86242,23,123.79,8.78
197500.0,3833500.0,119.70166,34.5988,23,160.92,20.9
210500.0,3845500.0,119.83911,34.7106,23,95.44,127.82
196500.0,3854500.0,119.68324,34.78756,23,26.91,16.35
262500.0,3834500.0,120.40939,34.62491,23,50.01,802.23
272500.0,3971500.0,120.48046,35.86133,23,45.71,21.33
286500.0,3975500.0,120.63432,35.90052,23,6.11,25.9
257500.0,3965500.0,120.31632,35.8037,23,103.82,684.54
315500.0,3962500.0,120.95846,35.78928,23,175.47,2.47
297500.0,4020500.0,120.74455,36.30825,23,54.1,1046.49
225500.0,3831500.0,120.00723,34.58866,23,171.15,3.96
269500.0,3966500.0,120.44871,35.8156,23,76.28,14.11
206500.0,3923500.0,119.76791,35.4117,23,168.13,2.93
220500.0,3937500.0,119.91707,35.54177,23,128.33,470.89
217500.0,3935500.0,119.88472,35.52292,23,116.53,10486.32
231500.0,3846500.0,120.06781,34.72533,23,136.45,1.54
317500.0,3995500.0,120.973,36.087,23,21.24,327.41
319500.0,4004500.0,120.99313,36.16847,23,41.39,10.57
252500.0,3985500.0,120.25483,35.98257,23,68.31,24.93
348500.0,3977500.0,121.32061,35.93011,23,23.2,63.72
360500.0,3998500.0,121.44988,36.12116,23,84.47,1118.05
402500.0,3824500.0,121.93724,34.55762,23,5.11,5582.93
385500.0,3974500.0,121.73108,35.90811,23,33.9,8.18
383500.0,3985500.0,121.70731,36.00702,23,97.59,568.99
273500.0,3964500.0,120.49351,35.79851,23,4.07,3.67
261500.0,3963500.0,120.36114,35.78667,23,129.23,76.18
289500.0,3822500.0,120.70665,34.52268,23,46.05,943.44
323500.0,3956500.0,121.04825,35.73669,23,66.6,504.27
213500.0,3854500.0,119.86877,34.79248,23,89.98,2929.22
195500.0,3935500.0,119.64247,35.51641,23,144.57,85.04
333500.0,3968500.0,121.15629,35.84657,23,91.75,222.46
232500.0,3899500.0,120.06171,35.2029,22,48.35,10.12
254500.0,3832500.0,120.32279,34.60501,22,64.11,2870.34
283500.0,3815500.0,120.64311,34.45836,22,51.39,63510.35
212500.0,3877500.0,119.84995,34.99929,22,12.96,545.79
219500.0,3945500.0,119.90328,35.61352,22,152.24,85.24
315500.0,3994500.0,120.95103,36.07761,22,14.59,36.84
339500.0,3952500.0,121.2259,35.70338,22,123.46,41.46
182500.0,3909500.0,119.50947,35.27834,22,123.76,8.05
247500.0,3878500.0,120.2327,35.01764,22,8.62,8.38
228500.0,3917500.0,120.01187,35.36391,22,2.28,15.57
241500.0,4007500.0,120.12575,36.17781,22,125.13,25.62
255500.0,4004500.0,120.28218,36.15443,22,87.77,27.82
254500.0,4007500.0,120.27014,36.18119,22,48.72,6.36
252500.0,4001500.0,120.24981,36.12665,22,87.41,4.14
310500.0,3977500.0,120.8996,35.92348,22,11.28,3.53
281500.0,3994500.0,120.57372,36.07056,22,114.47,6.42
324500.0,3988500.0,121.05226,36.02521,22,30.06,25.85
200500.0,3843500.0,119.73079,34.68971,22,164.22,10.06
182500.0,3907500.0,119.51025,35.26034,22,34.46,40.37
214500.0,3926500.0,119.85484,35.44103,22,110.17,26.9
222500.0,3933500.0,119.94047,35.50632,22,111.87,11.41
249500.0,3909500.0,120.2452,35.29735,22,19.01,3.5
316500.0,3966500.0,120.9686,35.82551,22,34.98,3.11
356500.0,3865500.0,121.42899,34.92182,22,161.39,226283.94
357500.0,3865500.0,121.43993,34.92196,22,73.29,5182.59
339500.0,3920500.0,121.23225,35.41499,22,6.53,6.31
216500.0,3838500.0,119.90689,34.64924,22,15.39,3.86
232500.0,3890500.0,120.06463,35.12185,22,150.31,35.33
241500.0,3965500.0,120.13944,35.79962,22,84.47,4.57
265500.0,3974500.0,120.40213,35.8867,22,54.52,4.34
273500.0,3978500.0,120.48954,35.92462,22,44.74,678.8
282500.0,3968500.0,120.59194,35.83658,22,123.28,1.78
318500.0,3961500.0,120.99186,35.78083,22,25.82,3.59
282500.0,3978500.0,120.58921,35.92666,22,88.07,2.7
340500.0,3947500.0,121.23794,35.65848,22,146.81,141.26
329500.0,3932500.0,121.11964,35.52147,22,119.11,137.98
369500.0,3960500.0,121.5561,35.77992,22,6.65,504.51
222500.0,3838500.0,119.97227,34.65089,22,20.64,1.82
196500.0,3850500.0,119.68468,34.75155,22,149.94,59.18
250500.0,3885500.0,120.26344,35.08144,22,57.19,3.58
315500.0,3869500.0,120.97946,34.95124,22,67.37,993.37
319500.0,3956500.0,121.00405,35.73596,22,174.31,3.8
279500.0,3966500.0,120.5593,35.81789,22,68.02,18.43
336500.0,3927500.0,121.19782,35.47758,22,134.96,62.34
383500.0,4021500.0,121.70197,36.3315,22,27.53,340.95
423500.0,3823500.0,122.1662,34.55038,22,116.91,1965.93
275500.0,3874500.0,120.54038,34.98821,22,5.12,3.65
276500.0,3874500.0,120.55133,34.98843,22,84.1,896.75
304500.0,4000500.0,120.82746,36.12952,22,33.27,20.62
222500.0,3887500.0,119.95603,35.09213,22,63.94,362.36
199500.0,3933500.0,119.68725,35.49963,22,171.31,34.51
250500.0,3892500.0,120.26133,35.14448,22,166.97,12.43
255500.0,4001500.0,120.28312,36.12741,22,45.01,2.6
301500.0,3874500.0,120.82505,34.99365,22,54.88,404.49
322500.0,3829500.0,121.06452,34.59199,22,44.89,949.57
345500.0,3922500.0,121.29793,35.43396,22,23.03,86.8
375500.0,3944500.0,121.62495,35.63648,22,14.67,124.11
386500.0,3935500.0,121.74768,35.55667,22,149.47,487.59
379500.0,3972500.0,121.66491,35.88936,22,133.04,5471.49
222500.0,3871500.0,119.96137,34.94805,22,17.4,33.07
277500.0,3883500.0,120.55987,35.06974,22,29.7,82.09
274500.0,3878500.0,120.52835,35.02403,22,163.57,398.62
187500.0,3872500.0,119.57832,34.94687,22,169.89,3.66
254500.0,3836500.0,120.32163,34.64104,22,162.57,14.2
228500.0,3913500.0,120.0132,35.32789,22,130.59,64.16
241500.0,3944500.0,120.1462,35.61051,22,57.34,1.54
243500.0,3948500.0,120.16698,35.64705,22,102.49,4.86
240500.0,3947500.0,120.1342,35.63726,22,23.83,4.44
292500.0,3852500.0,120.73196,34.79361,22,31.56,11810.81
291500.0,3893500.0,120.71077,35.16283,22,142.43,713.23
281500.0,3957500.0,120.58388,35.73727,22,18.1,1.75
284500.0,3956500.0,120.61729,35.72892,22,106.38,4.62
331500.0,3907500.0,121.14686,35.29651,22,36.91,1073.58
370500.0,3945500.0,121.56958,35.64485,22,48.27,207.31
286500.0,3910500.0,120.6515,35.31494,22,91.02,4207.92
302500.0,3962500.0,120.8147,35.78676,22,62.11,2521.87
320500.0,3960500.0,121.0142,35.77219,22,14.07,192.48
205500.0,3835500.0,119.78808,34.61913,22,146.6,2.21
199500.0,3867500.0,119.71131,34.90549,22,62.62,31.41
417500.0,3859500.0,122.0973,34.87452,22,119.4,77.11
216500.0,3827500.0,119.91056,34.55019,22,57.35,5.16
241500.0,3967500.0,120.1388,35.81763,22,36.58,5.65
307500.0,3843500.0,120.89787,34.71545,22,25.49,20.04
303500.0,3842500.0,120.85445,34.70568,22,36.72,2039.93
358500.0,3862500.0,121.45138,34.89506,22,14.77,372.14
328500.0,3976500.0,121.09922,35.9178,22,0.78,371.74
208500.0,3899500.0,119.79844,35.19622,22,68.07,115.24
216500.0,3905500.0,119.88412,35.25253,22,81.59,9.48
221500.0,3944500.0,119.92567,35.60508,22,148.63,63.55
235500.0,3940500.0,120.08134,35.5729,22,57.61,3.49
266500.0,3975500.0,120.4129,35.89595,22,34.82,2.65
272500.0,3969500.0,120.48103,35.84332,22,42.8,38.39
281500.0,3965500.0,120.5817,35.80933,22,87.05,6.64
323500.0,4012500.0,121.03578,36.24128,22,164.79,3.79
246500.0,3924500.0,120.20759,35.43169,22,47.29,4.05
343500.0,3914500.0,121.27744,35.36155,22,44.39,653.05
327500.0,3924500.0,121.0993,35.44903,22,44.53,495.6
340500.0,3908500.0,121.2456,35.30699,22,119.73,3.73
359500.0,3943500.0,121.44847,35.62532,22,54.14,561.46
333500.0,4021500.0,121.1451,36.32416,22,11.41,1370.21
216500.0,3936500.0,119.87335,35.53164,22,159.62,65.97
276500.0,3996500.0,120.51768,36.08744,22,30.31,16.6
398500.0,3870500.0,121.88809,34.97198,22,69.85,153336.96
239500.0,3893500.0,120.14041,35.1507,22,59.69,34.11
259500.0,3969500.0,120.33723,35.84022,22,10.78,13.62
315500.0,3992500.0,120.9515,36.05959,22,18.57,62.48
266500.0,3818500.0,120.45738,34.48168,22,151.0,1387.29
230500.0,3932500.0,120.02889,35.49952,22,57.46,4.7
304500.0,3968500.0,120.83535,35.84121,22,28.54,328.56
388500.0,3972500.0,121.7646,35.89043,22,95.02,1007.84
374500.0,3963500.0,121.61094,35.80761,22,153.38,8.81
422500.0,3857500.0,122.15218,34.85688,22,38.16,5787.71
287500.0,3823500.0,120.68463,34.53128,22,59.54,2423.82
319500.0,4019500.0,120.98967,36.30362,22,74.64,335.48
325500.0,4003500.0,121.06003,36.16055,22,17.31,71.23
239500.0,3965500.0,120.11734,35.79909,22,84.38,35.05
310500.0,4022500.0,120.88877,36.32892,22,38.25,741.42
204500.0,3924500.0,119.74556,35.42011,22,159.38,39.79
280500.0,3994500.0,120.56263,36.07034,22,11.97,800.89
293500.0,4015500.0,120.70135,36.26236,22,56.19,163.47
350500.0,3924500.0,121.35262,35.45275,22,98.71,565.45
206500.0,3864500.0,119.78887,34.88052,21,75.0,4.45
201500.0,3885500.0,119.72672,35.06812,21,136.06,1.66
193500.0,3935500.0,119.62045,35.5158,21,116.42,2.74
269500.0,3842500.0,120.4835,34.69858,21,49.0,400570.69
230500.0,3940500.0,120.02623,35.57156,21,66.08,23.69
254500.0,4000500.0,120.27233,36.11816,21,83.27,5.74
319500.0,3980500.0,120.99862,35.95222,21,118.84,16.0
208500.0,3868500.0,119.80933,34.91711,21,148.87,4.34
210500.0,3898500.0,119.82073,35.18779,21,18.54,40.75
202500.0,3863500.0,119.74552,34.87036,21,113.03,222.48
208500.0,3861500.0,119.81176,34.85409,21,26.14,38.91
244500.0,3910500.0,120.18996,35.30509,21,169.28,78.42
267500.0,3981500.0,120.42222,35.95023,21,54.24,1.44
326500.0,3956500.0,121.08141,35.73722,21,11.25,7.72
324500.0,3971500.0,121.05602,35.87203,21,19.19,23.02
180500.0,3894500.0,119.49334,35.1427,21,137.59,1.62
196500.0,3874500.0,119.67599,34.96761,21,157.74,15.95
199500.0,3886500.0,119.70446,35.07653,21,174.66,4.28
242500.0,3950500.0,120.15531,35.6648,21,109.98,24.33
260500.0,3974500.0,120.34679,35.88549,21,64.77,8.27
334500.0,3931500.0,121.17496,35.5133,21,94.35,19.01
328500.0,3979500.0,121.09858,35.94483,21,3.75,10.49
194500.0,3866500.0,119.65704,34.89499,21,82.67,14.01
241500.0,3836500.0,120.17995,34.63784,21,67.83,7392.59
232500.0,3844500.0,120.07935,34.70758,21,169.28,18.75
237500.0,3871500.0,120.12543,34.95205,21,77.73,139.69
234500.0,3899500.0,120.08365,35.20343,21,150.39,2.32
276500.0,3891500.0,120.54675,35.14159,21,2.32,164.69
282500.0,3889500.0,120.61308,35.12488,21,44.37,1672.4
280500.0,3895500.0,120.58956,35.17851,21,2.05,51.59
311500.0,3958500.0,120.91516,35.75248,21,148.0,29.94
298500.0,3997500.0,120.76159,36.10126,21,49.64,41.52
356500.0,3857500.0,121.43036,34.84971,21,74.05,16209.23
222500.0,3842500.0,119.97095,34.68691,21,170.18,480.03
216500.0,3844500.0,119.90487,34.70327,21,24.67,19.58
195500.0,3862500.0,119.66942,34.85928,21,11.49,33.82
181500.0,3898500.0,119.50275,35.17902,21,98.06,17.77
209500.0,3894500.0,119.81117,35.15149,21,22.0,215.84
199500.0,3911500.0,119.69535,35.30159,21,84.59,6.4
218500.0,3908500.0,119.90504,35.2801,21,60.41,51.7
216500.0,3912500.0,119.8817,35.31555,21,31.18,10.59
264500.0,3817500.0,120.43589,34.47221,21,21.81,582.34
226500.0,3872500.0,120.00479,34.95815,21,110.65,31.92
248500.0,3887500.0,120.24092,35.09895,21,154.16,1135924.45
239500.0,3963500.0,120.11799,35.78108,21,47.62,32.12
273500.0,3969500.0,120.4921,35.84355,21,30.72,11.13
293500.0,3875500.0,120.7372,35.00106,21,162.58,12.92
309500.0,3991500.0,120.88516,36.04943,21,10.53,39.68
331500.0,3948500.0,121.13835,35.666,21,54.93,7505.1
337500.0,3951500.0,121.20401,35.69404,21,96.77,31.53
364500.0,3834500.0,121.52154,34.64347,21,65.84,1296.59
217500.0,3858500.0,119.91108,34.82961,21,104.67,30.47
212500.0,3868500.0,119.85305,34.91825,21,112.79,2.72
265500.0,3884500.0,120.4281,35.07603,21,73.2,449.22
236500.0,3878500.0,120.11228,35.01483,21,134.33,32.94
247500.0,3906500.0,120.22415,35.26983,21,158.46,7.66
307500.0,3915500.0,120.88118,35.36426,21,12.39,11.44
330500.0,3893500.0,121.13875,35.17016,21,111.19,951.89
331500.0,3890500.0,121.15034,35.14329,21,101.25,5.7
354500.0,3928500.0,121.39597,35.4894,21,165.17,76.52
340500.0,3922500.0,121.24287,35.43317,21,123.96,9.86
323500.0,3935500.0,121.05285,35.54745,21,148.05,162.82
355500.0,3966500.0,121.40017,35.83203,21,136.57,1358.6
226500.0,3937500.0,119.98317,35.54345,21,117.19,8.27
266500.0,3885500.0,120.43877,35.08527,21,145.62,63.46
280500.0,3856500.0,120.59985,34.82714,21,42.01,116238.55
277500.0,3875500.0,120.56201,34.99766,21,157.09,24.78
277500.0,3981500.0,120.53299,35.95256,21,27.86,4350.26
276500.0,3979500.0,120.52248,35.93432,21,177.53,1189.29
217500.0,3872500.0,119.90635,34.95568,21,82.04,3.8
212500.0,3934500.0,119.83001,35.51248,21,124.17,26.74
239500.0,3872500.0,120.147,34.96157,21,161.95,36.64
264500.0,3890500.0,120.41543,35.12984,21,140.73,204.5
300500.0,3875500.0,120.81386,35.00246,21,152.99,137.31
315500.0,3920500.0,120.96805,35.41083,21,44.35,253.32
303500.0,3964500.0,120.82527,35.80498,21,112.79,54.61
335500.0,3812500.0,121.20949,34.44092,21,32.24,26251.09
325500.0,3826500.0,121.09783,34.56546,21,131.65,52.96
360500.0,3848500.0,121.47559,34.76914,21,114.98,49.97
357500.0,3853500.0,121.44197,34.81379,21,117.69,34.55
349500.0,3908500.0,121.34456,35.30839,21,97.12,462.2
346500.0,3933500.0,121.30686,35.53326,21,130.41,4705.31
338500.0,3943500.0,121.21666,35.62211,21,116.95,260.83
364500.0,3955500.0,121.50164,35.73417,21,127.72,718.08
406500.0,3814500.0,121.98193,34.46783,21,115.06,154.72
384500.0,3906500.0,121.72973,35.29502,21,38.93,14814.99
381500.0,3973500.0,121.68691,35.89862,21,67.44,9.15
429500.0,4004500.0,122.21597,36.18272,21,144.04,1272.13
444500.0,4018500.0,122.38178,36.30991,21,125.81,32272.35
195500.0,3847500.0,119.67485,34.72424,21,66.15,398.55
275500.0,3871500.0,120.54119,34.96119,21,158.66,20.29
315500.0,3988500.0,120.95243,36.02355,21,132.68,382.18
321500.0,3925500.0,121.033,35.45698,21,112.38,219.36
322500.0,3919500.0,121.04532,35.40309,21,22.47,2676.67
350500.0,3966500.0,121.34483,35.83128,21,60.22,11010.95
437500.0,3859500.0,122.31612,34.87595,21,46.24,30444.22
424500.0,3939500.0,122.16654,35.59636,21,21.83,16726.74
186500.0,3872500.0,119.56739,34.94656,21,45.79,5.05
219500.0,3865500.0,119.93058,34.8932,21,14.86,40.18
220500.0,3872500.0,119.93916,34.95651,21,22.07,6.0
207500.0,3870500.0,119.79769,34.93483,21,100.08,6496.1
203500.0,3869500.0,119.75432,34.92467,21,74.8,51.06
206500.0,3871500.0,119.78641,34.94355,21,6.51,117.61
186500.0,3894500.0,119.55908,35.14459,21,19.3,21.24
200500.0,3925500.0,119.7012,35.42791,21,54.97,219.45
202500.0,3928500.0,119.7221,35.45552,21,148.91,14.7
247500.0,3900500.0,120.22599,35.21579,21,61.42,1369.96
233500.0,3882500.0,120.07816,35.05007,21,11.49,51.0
247500.0,3928500.0,120.21735,35.46796,21,145.61,1.81
259500.0,3908500.0,120.35535,35.2908,21,129.82,369.61
277500.0,3921500.0,120.54959,35.41207,21,71.79,18.51
289500.0,3955500.0,120.6728,35.72099,21,168.76,1.47
286500.0,3968500.0,120.63619,35.83746,21,141.04,2232.26
346500.0,3874500.0,121.31789,35.00148,21,91.34,13048.53
394500.0,3981500.0,121.82987,35.97222,21,49.49,38.15
379500.0,3967500.0,121.66566,35.84429,21,127.18,897.32
216500.0,3873500.0,119.89508,34.9644,21,30.52,6985.81
285500.0,3877500.0,120.64909,35.01741,21,95.0,117.76
357500.0,3862500.0,121.44044,34.89492,21,18.39,9.55
344500.0,3901500.0,121.29091,35.24453,21,144.69,75.54
330500.0,3880500.0,121.14141,35.053,21,137.87,926.29
393500.0,3844500.0,121.83664,34.73705,21,34.84,1812.25
378500.0,3882500.0,121.66729,35.07795,21,46.87,4678.35
396500.0,3980500.0,121.85218,35.96342,21,8.14,644.0
234500.0,3851500.0,120.09896,34.77115,21,123.4,1.47
188500.0,3912500.0,119.57419,35.30722,21,122.23,3173.59
226500.0,3873500.0,120.00446,34.96715,21,17.87,72.8
290500.0,3812500.0,120.71999,34.43277,21,42.15,4037.47
392500.0,3839500.0,121.82635,34.69187,21,63.08,429.72
383500.0,3856500.0,121.72576,34.84415,21,125.05,195.48
220500.0,3904500.0,119.92837,35.24465,21,149.72,41.37
270500.0,3974500.0,120.45747,35.88789,21,33.99,6.56
261500.0,3974500.0,120.35785,35.88574,21,67.48,4.51
275500.0,3908500.0,120.53115,35.29451,21,179.43,6.64
277500.0,3968500.0,120.53663,35.83546,21,57.1,9.1
317500.0,4014500.0,120.96858,36.25819,21,140.9,1.8
322500.0,4013500.0,121.02443,36.25011,21,168.14,7.06
321500.0,4013500.0,121.01331,36.24993,21,73.06,1.57
347500.0,4019500.0,121.30139,36.30845,21,125.66,105.26
226500.0,3886500.0,120.00019,35.08422,21,160.11,821.95
268500.0,3959500.0,120.43968,35.75231,21,147.56,16.25
268500.0,3976500.0,120.43475,35.90543,21,3.23,5.78
312500.0,3942500.0,120.92995,35.60851,21,156.1,10.14
294500.0,3935500.0,120.73313,35.54186,21,86.96,1046.16
316500.0,4017500.0,120.95675,36.28503,21,132.42,296.63
299500.0,4018500.0,120.76733,36.29066,21,51.9,183.69
342500.0,4001500.0,121.24934,36.14544,21,7.9,7.73
397500.0,3870500.0,121.87714,34.97188,21,154.06,204.4
261500.0,3915500.0,120.37529,35.35433,21,169.44,435.75
226500.0,3833500.0,120.01747,34.60693,21,80.76,1.18
257500.0,3963500.0,120.31693,35.78569,21,61.96,3.39
262500.0,3976500.0,120.36833,35.90399,21,63.55,4.73
318500.0,4012500.0,120.98017,36.24036,21,117.81,323.71
227500.0,3829500.0,120.02965,34.57118,21,173.14,12.41
386500.0,3982500.0,121.74102,35.98033,21,2.58,209.95
388500.0,3981500.0,121.76334,35.97155,21,87.82,167.34
423500.0,3856500.0,122.16321,34.84794,21,49.93,12710.22
288500.0,3822500.0,120.69577,34.52247,21,52.61,7736.31
288500.0,3990500.0,120.65246,36.03608,21,61.88,392.32
213500.0,3841500.0,119.87318,34.67542,21,172.8,896.43
282500.0,3985500.0,120.58729,35.98972,21,107.26,82.02
329500.0,4002500.0,121.10469,36.15226,21,99.05,335.72
194500.0,3935500.0,119.63146,35.5161,21,165.93,351.65
307500.0,3975500.0,120.86685,35.90488,21,13.71,3.8
356500.0,3958500.0,121.41267,35.76008,21,53.92,645.16
218500.0,3865500.0,119.91965,34.89292,20,21.78,183.85
240500.0,3895500.0,120.15074,35.16897,20,2.9,8.1
308500.0,3969500.0,120.87937,35.85101,20,54.54,4.51
320500.0,3979500.0,121.00993,35.94339,20,140.61,660.51
216500.0,3851500.0,119.90252,34.76631,20,34.42,3675.27
193500.0,3872500.0,119.64392,34.9487,20,176.48,116.17
215500.0,3890500.0,119.87832,35.11719,20,81.43,532.25
206500.0,3908500.0,119.77329,35.27666,20,143.37,4.68
259500.0,3843500.0,120.37414,34.70528,20,60.95,1464.49
274500.0,3826500.0,120.5423,34.55554,20,149.2,1932.87
173500.0,3896500.0,119.41585,35.15845,20,77.98,1.89
201500.0,3867500.0,119.73317,34.90608,20,101.54,2.1
311500.0,3949500.0,120.91728,35.67139,20,128.65,28.93
367500.0,3863500.0,121.54969,34.90529,20,159.98,78.71
215500.0,3880500.0,119.88175,35.02715,20,168.18,1.95
252500.0,3891500.0,120.28357,35.13597,20,154.13,516.23
249500.0,3999500.0,120.21715,36.10787,20,71.51,86.21
310500.0,3919500.0,120.91325,35.40088,20,145.64,381.73
315500.0,3917500.0,120.96873,35.38379,20,22.7,19.37
309500.0,3968500.0,120.89068,35.8422,20,78.56,3.14
304500.0,4014500.0,120.82397,36.25565,20,136.44,18.46
330500.0,3937500.0,121.12962,35.5667,20,53.01,4.35
326500.0,3969500.0,121.07859,35.85437,20,38.8,73.67
175500.0,3901500.0,119.4358,35.2041,20,146.28,444.72
225500.0,3924500.0,119.97654,35.42612,20,177.18,25.06
228500.0,3953500.0,119.99982,35.68806,20,76.73,1.7
219500.0,3932500.0,119.90778,35.49647,20,92.91,247.33
225500.0,3843500.0,120.00334,34.69672,20,84.54,50861.94
234500.0,3872500.0,120.0923,34.96028,20,50.23,543.89
257500.0,3888500.0,120.33927,35.11017,20,175.83,19.89
292500.0,3896500.0,120.72099,35.19007,20,12.74,235.58
281500.0,3895500.0,120.60053,35.17872,20,11.25,7.55
307500.0,3965500.0,120.86927,35.81478,20,64.98,21.52
315500.0,4006500.0,120.94821,36.18573,20,147.36,6.05
321500.0,3942500.0,121.02926,35.61017,20,139.14,300.1
364500.0,3973500.0,121.49859,35.89641,20,50.0,13344.66
366500.0,3867500.0,121.53811,34.94122,20,29.06,33292.47
367500.0,3976500.0,121.53132,35.92386,20,80.87,15.22
216500.0,3843500.0,119.90521,34.69427,20,7.41,216.73
201500.0,3851500.0,119.73886,34.76203,20,174.31,8637.54
188500.0,3858500.0,119.59446,34.82116,20,60.55,8.37
218500.0,3892500.0,119.91051,35.13604,20,50.97,4.65
199500.0,3888500.0,119.70373,35.09454,20,148.61,47.3
224500.0,3901500.0,119.97327,35.21874,20,176.54,14.02
191500.0,3916500.0,119.60563,35.34416,20,1.37,12.2
232500.0,3950500.0,120.04496,35.66214,20,36.59,14.35
314500.0,3949500.0,120.9504,35.67196,20,150.16,1.61
338500.0,3888500.0,121.22753,35.12642,20,112.11,664.88
331500.0,3963500.0,121.1352,35.80117,20,156.83,103.86
221500.0,3868500.0,119.95144,34.92077,20,113.66,3167.38
192500.0,3931500.0,119.61096,35.47948,20,136.18,53.06
247500.0,3833500.0,120.24623,34.61232,20,178.81,65.16
236500.0,3889500.0,120.10879,35.1139,20,96.27,354.95
247500.0,3883500.0,120.23118,35.06267,20,30.69,17.59
242500.0,3907500.0,120.16893,35.27756,20,170.42,24.54
311500.0,3871500.0,120.93523,34.96853,20,59.83,3427.88
314500.0,3916500.0,120.95795,35.3746,20,105.02,1703.4
318500.0,3845500.0,121.01749,34.73549,20,25.82,85.17
348500.0,3896500.0,121.33577,35.20008,20,133.56,51.18
333500.0,3896500.0,121.17107,35.1977,20,22.81,14414.38
350500.0,3897500.0,121.35755,35.20939,20,139.04,69.34
355500.0,3928500.0,121.40699,35.48954,20,169.56,81.33
322500.0,3936500.0,121.04161,35.55628,20,127.17,105.33
388500.0,3951500.0,121.76753,35.70113,20,125.76,32.46
424500.0,3922500.0,122.16812,35.44309,20,63.78,4859.88
215500.0,3881500.0,119.8814,35.03615,20,5.86,503.04
195500.0,3928500.0,119.64509,35.4534,20,178.44,20.12
225500.0,3935500.0,119.97283,35.52516,20,68.31,87.17
270500.0,3881500.0,120.48372,35.05015,20,88.98,50.46
246500.0,3998500.0,120.18418,36.09809,20,173.65,15.92
279500.0,3875500.0,120.58391,34.9981,20,152.66,353.42
297500.0,3914500.0,120.77143,35.35327,20,11.36,32.75
319500.0,3993500.0,120.99565,36.06935,20,29.58,220.88
355500.0,3971500.0,121.39926,35.8771,20,47.04,540.01
220500.0,3846500.0,119.94783,34.72238,20,85.81,70.52
188500.0,3880500.0,119.58626,35.01919,20,46.09,2.26
225500.0,3885500.0,119.98956,35.07494,20,43.45,1130.02
238500.0,3865500.0,120.13825,34.89827,20,163.31,2.07
252500.0,3897500.0,120.28177,35.19001,20,61.73,498.99
234500.0,3903500.0,120.08236,35.23945,20,92.75,570.41
244500.0,3974500.0,120.16972,35.88145,20,62.69,24.05
297500.0,3862500.0,120.78416,34.88473,20,67.43,2002.99
295500.0,3914500.0,120.74943,35.35286,20,98.31,57930.68
311500.0,4003500.0,120.90448,36.15793,20,87.98,77551.97
360500.0,3847500.0,121.47576,34.76012,20,119.94,1055.03
348500.0,3849500.0,121.34433,34.77644,20,64.22,81649.79
347500.0,3923500.0,121.31976,35.44328,20,20.97,121.3
320500.0,3963500.0,121.01353,35.79922,20,142.28,3.42
364500.0,3878500.0,121.51443,35.04011,20,37.56,3867.87
383500.0,3907500.0,121.71859,35.30392,20,39.34,1049140.72
367500.0,3949500.0,121.5358,35.6805,20,35.28,14.56
368500.0,4013500.0,121.53623,36.25747,20,112.81,471.34
193500.0,3838500.0,119.65631,34.64262,20,79.4,15.0
212500.0,3906500.0,119.83987,35.26039,20,152.74,3.25
240500.0,3847500.0,120.16568,34.73667,20,167.73,79.5
318500.0,3925500.0,120.99996,35.45644,20,130.28,20202.82
306500.0,3979500.0,120.85481,35.94072,20,179.11,1691.17
318500.0,3863500.0,121.0136,34.89771,20,69.57,208503.91
321500.0,3922500.0,121.03366,35.42994,20,151.83,558.08
361500.0,3908500.0,121.47651,35.31012,20,141.27,50116.65
404500.0,3934500.0,121.94637,35.54956,20,57.27,15514.34
402500.0,3935500.0,121.92419,35.55838,20,56.45,147155.41
374500.0,4017500.0,121.60236,36.29432,20,113.21,5495.28
438500.0,3858500.0,122.32713,34.867,20,46.59,103712.56
231500.0,3833500.0,120.07193,34.60825,20,156.69,7.71
235500.0,3826500.0,120.11768,34.54625,20,142.12,43.72
242500.0,3861500.0,120.18321,34.86327,20,45.88,1230.3
259500.0,3888500.0,120.36119,35.11065,20,102.33,957.23
264500.0,3926500.0,120.4051,35.45412,20,11.36,5.23
270500.0,3922500.0,120.47228,35.41949,20,129.65,1.43
247500.0,3929500.0,120.21704,35.47697,20,19.46,1.9
257500.0,3940500.0,120.32386,35.57854,20,177.0,1.23
239500.0,3942500.0,120.12479,35.59197,20,176.74,2.66
239500.0,3972500.0,120.11505,35.86212,20,27.65,70.02
263500.0,3971500.0,120.38088,35.8592,20,109.73,330.64
269500.0,3973500.0,120.44669,35.87865,20,28.67,2.88
269500.0,3971500.0,120.44727,35.86063,20,25.05,3.78
283500.0,3825500.0,120.64057,34.54846,20,137.29,17986.28
275500.0,3863500.0,120.54334,34.88911,20,59.76,7709.47
276500.0,3869500.0,120.55267,34.94339,20,45.44,693.6
273500.0,3926500.0,120.50418,35.45621,20,51.33,1.3
277500.0,3926500.0,120.54822,35.45712,20,164.67,90.62
275500.0,3935500.0,120.52371,35.53774,20,9.77,24.82
293500.0,3935500.0,120.72211,35.54165,20,21.37,23.34
280500.0,3956500.0,120.5731,35.72804,20,23.22,3494.36
288500.0,3963500.0,120.65964,35.79285,20,74.19,3.78
324500.0,3998500.0,121.05003,36.11532,20,17.06,58.6
325500.0,3999500.0,121.06092,36.12451,20,20.24,231.89
396500.0,3984500.0,121.85166,35.99948,20,14.54,12.73
376500.0,4019500.0,121.62431,36.31261,20,25.82,31.22
418500.0,3927500.0,122.10151,35.4877,20,57.6,1.23
424500.0,3965500.0,122.16409,35.83076,20,19.36,146591.73
425500.0,3964500.0,122.17525,35.82182,20,18.57,110330.85
245500.0,3861500.0,120.21599,34.86402,20,78.31,1430.08
251500.0,3884500.0,120.2747,35.07268,20,21.32,5.66
248500.0,3971500.0,120.21493,35.85547,20,1.7,6.85
259500.0,4006500.0,120.32599,36.17344,20,99.4,92.5
314500.0,3968500.0,120.94601,35.84316,20,17.91,1.81
295500.0,3987500.0,120.73088,36.01055,20,14.74,24.52
314500.0,3992500.0,120.9404,36.0594,20,25.3,5.89
353500.0,3853500.0,121.39825,34.81323,20,57.52,455.33
327500.0,3850500.0,121.11473,34.78211,20,89.57,1045.73
322500.0,3850500.0,121.06011,34.78125,20,0.78,42.24
333500.0,3930500.0,121.16415,35.50412,20,167.6,3.27
347500.0,3953500.0,121.31411,35.71366,20,25.02,2.48
356500.0,3961500.0,121.41213,35.78712,20,136.28,6101.74
380500.0,3820500.0,121.69804,34.51924,20,141.36,118.93
369500.0,3850500.0,121.5736,34.78836,20,72.66,4074.52
404500.0,3860500.0,121.95496,34.8824,20,166.82,18095.58
396500.0,3979500.0,121.85231,35.95441,20,130.0,4.15
180500.0,3864500.0,119.50486,34.87268,20,74.68,23.43
214500.0,3854500.0,119.87968,34.79276,20,169.04,3.64
313500.0,3822500.0,120.96797,34.52731,20,68.02,3.67
309500.0,3869500.0,120.91379,34.95013,20,83.97,565.46
307500.0,3859500.0,120.8942,34.85964,20,60.16,1053.85
276500.0,3997500.0,120.5174,36.09645,20,37.6,4.01
328500.0,3926500.0,121.10989,35.46722,20,37.47,944.82
222500.0,3837500.0,119.97259,34.64188,20,42.48,71.3
290500.0,3850500.0,120.71061,34.77518,20,75.01,14721.18
299500.0,3854500.0,120.80794,34.81304,20,74.15,1222.03
298500.0,3855500.0,120.79678,34.82185,20,162.0,74.48
353500.0,3846500.0,121.39947,34.75013,20,39.28,348.72
348500.0,3871500.0,121.34035,34.97474,20,73.16,3113.0
356500.0,3894500.0,121.42397,35.18323,20,37.88,1376.68
398500.0,3833500.0,121.89257,34.63838,20,171.93,3028.62
394500.0,3828500.0,121.84955,34.5929,20,65.54,6506.04
384500.0,3855500.0,121.73683,34.83525,20,125.61,365.78
366500.0,3879500.0,121.53619,35.04939,20,38.89,6074.72
207500.0,3821500.0,119.81467,34.49365,20,8.32,7.16
208500.0,3907500.0,119.7956,35.26824,20,15.79,10.12
237500.0,3960500.0,120.09687,35.75353,20,168.5,288.6
255500.0,3963500.0,120.29482,35.78519,20,149.94,40.15
267500.0,3990500.0,120.41958,36.03129,20,5.25,13.67
312500.0,4011500.0,120.91368,36.2302,20,12.09,101.99
278500.0,3997500.0,120.53959,36.09691,20,1.97,1.73
302500.0,3997500.0,120.806,36.10209,20,21.2,93.25
318500.0,4015500.0,120.97947,36.26739,20,169.35,1.95
213500.0,3942500.0,119.83819,35.58479,20,172.74,95.37
252500.0,3842500.0,120.29808,34.69461,20,61.4,1927.48
266500.0,3958500.0,120.41787,35.74283,20,89.49,1190.93
270500.0,3963500.0,120.46063,35.78881,20,40.73,870.88
257500.0,3985500.0,120.31023,35.98382,20,168.47,738.81
287500.0,3870500.0,120.67278,34.95476,20,73.03,38113.42
302500.0,3916500.0,120.82594,35.37229,20,77.58,5254.76
315500.0,3949500.0,120.96145,35.67214,20,122.81,9.71
289500.0,3988500.0,120.66409,36.01828,20,136.94,1777223664.72
344500.0,3914500.0,121.28844,35.3617,20,47.46,4978.08
327500.0,3952500.0,121.09332,35.70135,20,143.56,2601.72
332500.0,3934500.0,121.1523,35.54,20,55.48,6779.97
352500.0,3992500.0,121.36214,36.06591,20,100.13,1071.33
347500.0,4011500.0,121.30295,36.23636,20,165.83,183.78
375500.0,3983500.0,121.61888,35.98801,20,88.1,6144.21
163500.0,3864500.0,119.31922,34.8672,20,75.5,134.0
222500.0,3914500.0,119.94694,35.33525,20,14.74,12.61
249500.0,3973500.0,120.22537,35.87374,20,175.71,19.1
225500.0,3835500.0,120.00593,34.62468,20,94.32,907.28
269500.0,3979500.0,120.44495,35.93269,20,128.04,6.84
211500.0,3831500.0,119.85479,34.58482,20,38.54,30.35
218500.0,3935500.0,119.89573,35.5232,20,39.83,32.81
250500.0,3842500.0,120.27627,34.69412,20,56.1,2.8
263500.0,3977500.0,120.3791,35.91324,20,12.08,1079.04
298500.0,3961500.0,120.77072,35.77693,20,138.51,3.61
281500.0,3992500.0,120.57427,36.05255,20,136.29,72.59
303500.0,4005500.0,120.8151,36.17436,20,64.78,12.51
331500.0,3980500.0,121.13161,35.95436,20,100.76,265.56
333500.0,3944500.0,121.16127,35.63029,20,95.75,859.47
387500.0,3971500.0,121.75367,35.8813,20,102.14,21.12
386500.0,3977500.0,121.74173,35.93527,20,170.75,54.61
412500.0,3859500.0,122.04259,34.87411,20,52.97,3714.38
278500.0,3965500.0,120.54852,35.80866,20,130.96,98.56
307500.0,3997500.0,120.86151,36.10309,20,168.07,69.64
319500.0,4018500.0,120.98991,36.29461,20,73.67,238.33
246500.0,3815500.0,120.2407,34.44993,20,42.83,1388.04
319500.0,3967500.0,121.00157,35.83508,20,59.41,771.33
252500.0,3829500.0,120.30187,34.5775,20,121.59,19.35
287500.0,3990500.0,120.64137,36.03586,20,58.66,5030.32
189500.0,3928500.0,119.57909,35.45155,20,139.26,1.28
174500.0,3853500.0,119.44359,34.77178,19,74.24,2.28
208500.0,3865500.0,119.81037,34.8901,19,45.27,2.8
213500.0,3865500.0,119.86501,34.89153,19,38.94,3.64
186500.0,3881500.0,119.564,35.02757,19,22.83,5.85
231500.0,3913500.0,120.04616,35.3287,19,97.38,10.77
312500.0,3962500.0,120.92528,35.78871,19,69.8,2.04
178500.0,3868500.0,119.48148,34.90805,19,8.37,55.35
200500.0,3872500.0,119.72045,34.95079,19,101.84,266.84
210500.0,3899500.0,119.82037,35.19679,19,106.63,740.65
189500.0,3878500.0,119.59795,35.00149,19,144.23,25.61
224500.0,3912500.0,119.96958,35.31779,19,22.08,5471.52
205500.0,3908500.0,119.76231,35.27636,19,61.01,5.26
221500.0,3907500.0,119.93832,35.27194,19,140.8,19.26
240500.0,3832500.0,120.17028,34.60156,19,4.53,37.74
277500.0,3869500.0,120.56361,34.94361,19,126.34,279.44
217500.0,3855500.0,119.91209,34.8026,19,72.99,1244.67
213500.0,3876500.0,119.86123,34.99057,19,45.79,17.41
216500.0,3901500.0,119.8855,35.21651,19,5.38,6.53
301500.0,3833500.0,120.83474,34.62419,19,39.68,11657355.95
316500.0,3995500.0,120.96189,36.08681,19,17.78,225.33
385500.0,3856500.0,121.74763,34.84437,19,72.54,4547.31
172500.0,3858500.0,119.41983,34.81614,19,89.61,91.94
198500.0,3866500.0,119.70075,34.89619,19,66.66,1671.7
219500.0,3880500.0,119.92553,35.02827,19,178.99,720.88
214500.0,3880500.0,119.8708,35.02687,19,87.48,2919.85
202500.0,3893500.0,119.7348,35.14044,19,23.03,13.86
189500.0,3887500.0,119.59459,35.08251,19,172.42,10.1
191500.0,3911500.0,119.60751,35.29915,19,99.57,512.75
198500.0,3913500.0,119.68363,35.31929,19,24.32,3.65
245500.0,3917500.0,120.19877,35.36839,19,93.95,302.84
254500.0,4002500.0,120.2717,36.13617,19,56.74,406.57
251500.0,4002500.0,120.2384,36.1354,19,71.88,22.11
253500.0,4005500.0,120.25966,36.16293,19,12.89,13.13
319500.0,3935500.0,121.00875,35.54673,19,173.65,6.03
340500.0,3979500.0,121.23156,35.94686,19,12.28,14.84
167500.0,3884500.0,119.35492,35.0485,19,24.76,726.17
197500.0,3844500.0,119.69774,34.69783,19,161.65,14.2
205500.0,3840500.0,119.78634,34.66415,19,157.61,8.81
224500.0,3843500.0,119.99243,34.69645,19,128.06,42.79
182500.0,3901500.0,119.51256,35.20633,19,6.62,482.78
233500.0,3843500.0,120.09057,34.69884,19,28.96,7.52
225500.0,3847500.0,120.00204,34.73274,19,56.71,202.95
234500.0,3841500.0,120.1021,34.68109,19,62.71,97.92
261500.0,3865500.0,120.38971,34.90394,19,81.04,1460.13
254500.0,3871500.0,120.31141,34.95631,19,89.72,28.57
245500.0,4003500.0,120.17147,36.14285,19,36.14,174.72
274500.0,3852500.0,120.53537,34.78979,19,38.33,15477.56
316500.0,3942500.0,120.97408,35.60926,19,75.62,27.31
314500.0,3943500.0,120.95178,35.61789,19,158.05,3.14
310500.0,3958500.0,120.90411,35.75229,19,12.05,88.99
306500.0,3961500.0,120.85917,35.77854,19,30.94,187.06
317500.0,3967500.0,120.97943,35.83471,19,90.16,18.64
331500.0,3856500.0,121.15722,34.83686,19,59.72,481814.8
344500.0,3956500.0,121.28037,35.74023,19,154.96,3441.54
320500.0,3945500.0,121.01755,35.63702,19,84.34,2.29
321500.0,3973500.0,121.02235,35.88951,19,122.56,5.21
400500.0,3920500.0,121.90396,35.42295,19,67.79,616272.12
407500.0,3939500.0,121.97889,35.59492,19,53.85,14947.84
422500.0,3849500.0,122.15292,34.78475,19,56.83,2455.11
170500.0,3861500.0,119.39683,34.84249,19,179.13,4.02
209500.0,3862500.0,119.82234,34.86338,19,30.7,29.76
192500.0,3915500.0,119.61699,35.33547,19,84.95,151.33
227500.0,3947500.0,119.99081,35.63376,19,34.55,10.66
216500.0,3939500.0,119.8723,35.55864,19,120.64,17.33
248500.0,3857500.0,120.24997,34.82874,19,56.66,1.67
231500.0,3877500.0,120.05787,35.00451,19,128.23,267.63
246500.0,3887500.0,120.21901,35.09845,19,84.97,261525.35
232500.0,3909500.0,120.05846,35.29295,19,161.55,4.42
266500.0,3969500.0,120.41466,35.84191,19,41.98,2.26
266500.0,3977500.0,120.41231,35.91396,19,137.45,8.13
263500.0,3972500.0,120.38058,35.86821,19,43.69,29.65
316500.0,3949500.0,120.97249,35.67233,19,153.29,99.27
279500.0,3984500.0,120.55432,35.98004,19,168.48,241.58
288500.0,3970500.0,120.65779,35.85591,19,130.83,89.07
309500.0,3992500.0,120.88492,36.05844,19,20.38,14.7
332500.0,3973500.0,121.14417,35.89146,19,39.66,38.26
355500.0,3963500.0,121.40071,35.805,19,91.7,2.65
324500.0,3996500.0,121.05048,36.0973,19,19.47,56.41
368500.0,3971500.0,121.54323,35.87893,19,165.76,408.94
427500.0,3920500.0,122.20135,35.42528,19,140.95,240.26
225500.0,3869500.0,119.99484,34.93086,19,24.85,599.98
191500.0,3859500.0,119.62684,34.83107,19,30.73,3.0
205500.0,3901500.0,119.76482,35.21335,19,11.66,5.48
214500.0,3916500.0,119.85834,35.351,19,176.13,3.23
223500.0,3931500.0,119.95216,35.48859,19,82.37,8.7
239500.0,3875500.0,120.14606,34.98859,19,82.0,53.56
268500.0,3897500.0,120.45733,35.19383,19,153.92,90.06
302500.0,3824500.0,120.84773,34.54328,19,46.49,39312.43
291500.0,3865500.0,120.7178,34.91054,19,54.78,13565.11
291500.0,3877500.0,120.7148,35.01867,19,154.9,86.28
317500.0,3991500.0,120.97392,36.05096,19,103.89,25661.33
318500.0,3991500.0,120.98502,36.05115,19,102.87,1671.31
335500.0,3910500.0,121.19023,35.32421,19,29.31,17021.42
362500.0,3921500.0,121.48532,35.42744,19,123.92,51.77
329500.0,3947500.0,121.11648,35.65664,19,53.46,54.64
356500.0,3943500.0,121.41535,35.62488,19,144.13,1355.9
334500.0,3996500.0,121.16151,36.09906,19,11.19,25.88
319500.0,3992500.0,120.99588,36.06034,19,30.75,7.31
330500.0,3995500.0,121.11731,36.08935,19,9.58,226.59
388500.0,3949500.0,121.76781,35.6831,19,33.04,551.67
217500.0,3838500.0,119.91778,34.64952,19,111.17,2.06
189500.0,3844500.0,119.61054,34.69543,19,36.54,893.85
210500.0,3866500.0,119.83188,34.89968,19,137.33,3.0
261500.0,3887500.0,120.3834,35.10211,19,174.42,7.95
253500.0,3888500.0,120.29542,35.10919,19,173.27,5.58
261500.0,3888500.0,120.38312,35.11112,19,16.71,17.15
235500.0,3975500.0,120.06981,35.88806,19,111.73,1.5
281500.0,3823500.0,120.6193,34.53002,19,6.39,3732.01
277500.0,3874500.0,120.56228,34.98865,19,163.95,137.77
278500.0,3874500.0,120.57323,34.98887,19,156.01,26.45
274500.0,3875500.0,120.52917,34.997,19,58.27,129.62
220500.0,3873500.0,119.93883,34.96551,19,107.06,864.0
205500.0,3858500.0,119.78005,34.82621,19,31.13,26.0
196500.0,3927500.0,119.65647,35.44471,19,128.12,9.21
249500.0,3863500.0,120.2591,34.88303,19,18.71,47.89
236500.0,3912500.0,120.10143,35.32103,19,19.13,56.72
237500.0,3912500.0,120.11241,35.32129,19,25.96,234.46
288500.0,3836500.0,120.69228,34.64862,19,132.26,21.52
306500.0,3882500.0,120.87793,35.06671,19,170.48,186.05
305500.0,3882500.0,120.86697,35.06652,19,78.99,669.88
306500.0,3911500.0,120.87112,35.32802,19,13.07,38.82
347500.0,3905500.0,121.32312,35.28105,19,93.91,107.21
345500.0,3932500.0,121.29603,35.52409,19,40.91,233.85
352500.0,3937500.0,121.37229,35.57022,19,125.72,144.14
348500.0,3934500.0,121.32873,35.54258,19,68.52,344.76
363500.0,3838500.0,121.50999,34.67939,19,165.07,77.1
366500.0,4012500.0,121.51415,36.24818,19,122.44,101.44
178500.0,3908500.0,119.46596,35.26806,19,117.69,15.44
228500.0,3871500.0,120.02699,34.94968,19,106.62,307.49
235500.0,3900500.0,120.0943,35.2127,19,77.95,99.73
249500.0,3914500.0,120.24367,35.34238,19,8.96,3.8
300500.0,3973500.0,120.78984,35.88546,19,123.85,1.36
310500.0,3966500.0,120.90222,35.82437,19,21.65,96.62
390500.0,3981500.0,121.78552,35.97178,19,108.55,272.07
380500.0,3999500.0,121.67191,36.13285,19,11.92,38.57
445500.0,3844500.0,122.40462,34.74115,19,128.12,3108.73
172500.0,3865500.0,119.4171,34.87914,19,118.46,25.47
219500.0,3871500.0,119.92856,34.94723,19,23.88,177.24
219500.0,3860500.0,119.93225,34.84818,19,23.98,29.7
223500.0,3865500.0,119.97429,34.8943,19,177.12,3.59
202500.0,3913500.0,119.72757,35.32049,19,44.6,3.8
192500.0,3916500.0,119.61661,35.34447,19,23.42,14.65
243500.0,3835500.0,120.20205,34.62934,19,33.44,8.2
241500.0,3862500.0,120.17197,34.87202,19,52.38,230.69
254500.0,3886500.0,120.30698,35.09142,19,102.59,1678.48
245500.0,3956500.0,120.18652,35.71961,19,63.1,77.16
243500.0,3970500.0,120.15995,35.84517,19,45.08,1.25
299500.0,3974500.0,120.77851,35.89426,19,169.46,13.29
357500.0,3909500.0,121.43235,35.31858,19,96.21,5915.19
319500.0,3941500.0,121.00741,35.6008,19,74.01,2.32
348500.0,3966500.0,121.3227,35.83098,19,51.14,28.6
346500.0,3963500.0,121.30114,35.80363,19,139.81,440.86
372500.0,3944500.0,121.59183,35.63609,19,74.6,8.3
393500.0,3980500.0,121.81892,35.9631,19,166.84,28.3
424500.0,3967500.0,122.1639,35.84879,19,18.99,1265.66
411500.0,3961500.0,122.02062,35.79361,19,70.99,384.26
224500.0,3868500.0,119.98424,34.92158,19,55.66,112.9
270500.0,3970500.0,120.45862,35.85186,19,45.3,19.96
301500.0,3848500.0,120.83121,34.75936,19,47.54,1413.67
308500.0,3951500.0,120.88367,35.68883,19,18.93,1674.67
329500.0,3850500.0,121.13658,34.78245,19,179.25,186.63
347500.0,3924500.0,121.31958,35.45229,19,25.55,103.77
374500.0,3886500.0,121.62282,35.11352,19,45.08,1083.19
428500.0,3859500.0,122.21765,34.87536,19,85.8,35858.52
214500.0,3816500.0,119.89247,34.45058,19,44.69,22.99
189500.0,3924500.0,119.58061,35.41555,19,150.09,44.89
302500.0,3844500.0,120.84307,34.72351,19,60.06,551.33
316500.0,3994500.0,120.96213,36.0778,19,19.23,12.18
405500.0,3860500.0,121.9659,34.88249,19,84.94,83394.37
178500.0,3872500.0,119.47994,34.94406,19,122.98,3.55
208500.0,3854500.0,119.81419,34.79106,19,11.58,162.62
226500.0,3915500.0,119.99055,35.34535,19,47.13,308.83
243500.0,3919500.0,120.17615,35.38589,19,54.76,2.42
249500.0,3956500.0,120.23069,35.72064,19,99.42,2533.21
263500.0,3964500.0,120.38295,35.79616,19,65.79,4.26
277500.0,3970500.0,120.53607,35.85347,19,37.57,3.45
315500.0,4011500.0,120.94704,36.23078,19,117.4,2.94
324500.0,3968500.0,121.05668,35.845,19,128.25,47.48
322500.0,4006500.0,121.02602,36.18704,19,46.22,3.06
213500.0,3837500.0,119.87454,34.63941,19,2.87,144.38
193500.0,3890500.0,119.63728,35.11074,19,1.34,125.47
211500.0,3928500.0,119.82113,35.45817,19,32.24,11.53
313500.0,3965500.0,120.93564,35.81594,19,11.62,3.35
306500.0,4006500.0,120.84819,36.18397,19,6.35,7.25
320500.0,3924500.0,121.02221,35.44779,19,133.13,792.37
224500.0,3937500.0,119.96113,35.54289,19,73.57,17.82
201500.0,3913500.0,119.71658,35.32019,19,94.8,298.55
314500.0,3970500.0,120.94554,35.86118,19,16.46,5.45
325500.0,3956500.0,121.07036,35.73704,19,22.76,13.95
443500.0,3995500.0,122.3723,36.1025,19,142.7,244.34
175500.0,3907500.0,119.43344,35.25809,19,1.66,2.19
199500.0,3854500.0,119.71597,34.78845,19,18.35,13.07
228500.0,3830500.0,120.04021,34.58045,19,81.15,341.81
245500.0,3949500.0,120.18873,35.65658,19,13.83,102.66
258500.0,3963500.0,120.32798,35.78593,19,95.58,1.44
275500.0,3971500.0,120.51366,35.86203,19,5.27,1.94
321500.0,3975500.0,121.02191,35.90753,19,70.47,355.27
344500.0,3961500.0,121.2794,35.78529,19,154.24,54.82
392500.0,3848500.0,121.8252,34.77301,19,166.29,222.66
275500.0,3972500.0,120.51338,35.87103,19,146.97,4.01
224500.0,3824500.0,119.9986,34.52535,19,96.9,654.3
227500.0,3870500.0,120.01638,34.94041,19,117.72,4805.37
292500.0,3972500.0,120.70153,35.87478,19,33.4,136.45
325500.0,3977500.0,121.06577,35.92628,19,73.65,972.48
206500.0,3913500.0,119.7715,35.32167,19,159.75,2.31
190500.0,3919500.0,119.5935,35.37085,19,142.65,475.2
217500.0,3831500.0,119.92011,34.58649,19,79.38,168.12
217500.0,3842500.0,119.91645,34.68554,19,0.9,895.46
227500.0,3826500.0,120.03061,34.54416,19,133.83,5.62
226500.0,3831500.0,120.01811,34.58892,19,94.87,52.56
315500.0,3943500.0,120.96282,35.61808,19,105.82,141.4
195500.0,3867500.0,119.6676,34.90429,18,99.88,1.52
220500.0,3889500.0,119.93345,35.10958,18,170.46,1033.6
318500.0,3974500.0,120.98891,35.89797,18,73.19,29259961.12
170500.0,3853500.0,119.39997,34.77049,18,97.06,7798.86
210500.0,3856500.0,119.83533,34.80964,18,156.57,11.11
180500.0,3869500.0,119.50295,34.91769,18,102.83,649.39
192500.0,3871500.0,119.63335,34.9394,18,137.29,6.19
189500.0,3892500.0,119.59271,35.12751,18,23.8,7.05
223500.0,3915500.0,119.95759,35.34453,18,170.26,2.78
259500.0,3977500.0,120.33481,35.91227,18,23.61,6.11
284500.0,3814500.0,120.65424,34.44956,18,50.13,836.53
306500.0,3956500.0,120.86038,35.73349,18,18.8,1811688.95
169500.0,3838500.0,119.39493,34.63517,18,27.77,992.98
164500.0,3884500.0,119.32209,35.04751,18,71.44,6.16
171500.0,3903500.0,119.39115,35.22079,18,124.05,3.41
200500.0,3884500.0,119.71613,35.05883,18,174.05,47.85
197500.0,3884500.0,119.68329,35.05793,18,173.29,17.21
202500.0,3887500.0,119.73695,35.08643,18,40.72,15.09
249500.0,3992500.0,120.21937,36.04484,18,129.31,1.78
337500.0,3954500.0,121.2034,35.72107,18,141.96,36.44
342500.0,3980500.0,121.25353,35.9562,18,12.43,12.09
369500.0,3862500.0,121.57174,34.89654,18,170.44,20.48
174500.0,3878500.0,119.43388,34.99678,18,122.2,2.49
174500.0,3868500.0,119.43778,34.90678,18,94.77,56825.03
221500.0,3879500.0,119.94776,35.01982,18,78.87,301047.14
226500.0,3825500.0,120.02004,34.53489,18,63.99,599024014.04
229500.0,3843500.0,120.04695,34.69779,18,78.92,17.98
229500.0,3918500.0,120.02253,35.37318,18,170.9,22.01
244500.0,3952500.0,120.17674,35.68333,18,109.85,19.94
248500.0,3994500.0,120.20765,36.06259,18,34.2,4.2
312500.0,4020500.0,120.91152,36.31129,18,137.81,88.15
337500.0,3932500.0,121.20783,35.52281,18,176.54,5.96
326500.0,3968500.0,121.07881,35.84535,18,36.61,211170.08
164500.0,3882500.0,119.3229,35.02951,18,9.01,11.1
187500.0,3839500.0,119.59059,34.64981,18,13.02,6.91
207500.0,3846500.0,119.80606,34.71875,18,99.09,206.28
206500.0,3846500.0,119.79515,34.71846,18,123.5,43.68
219500.0,3912500.0,119.91466,35.3164,18,108.78,1071.11
219500.0,3947500.0,119.90258,35.63153,18,18.7,9.01
237500.0,3827500.0,120.13914,34.55577,18,78.51,8300.68
267500.0,3905500.0,120.4441,35.26566,18,9.43,337.22
254500.0,4006500.0,120.27045,36.17219,18,30.76,139.26
274500.0,3853500.0,120.5351,34.7988,18,38.93,10224630.47
282500.0,3899500.0,120.61045,35.21498,18,147.04,1086.64
291500.0,3909500.0,120.70672,35.30699,18,172.98,40.74
288500.0,3909500.0,120.67374,35.30636,18,9.05,47.42
312500.0,3936500.0,120.93134,35.55444,18,149.45,2.96
311500.0,4018500.0,120.90087,36.29308,18,28.52,365.41
357500.0,3861500.0,121.44061,34.88591,18,8.7,11.5
336500.0,3853500.0,121.21246,34.81064,18,77.98,52083794.26
347500.0,3874500.0,121.32885,35.00163,18,85.05,293.83
341500.0,3935500.0,121.25134,35.55049,18,131.84,150986423.04
388500.0,3955500.0,121.76697,35.73719,18,8.3,48790.63
368500.0,3977500.0,121.54224,35.93301,18,71.06,2422.16
435500.0,3913500.0,122.29002,35.36272,18,56.74,6895108.99
412500.0,4011500.0,122.02615,36.24443,18,134.97,4515.77
411500.0,4011500.0,122.01503,36.24434,18,136.65,1277644.14
225500.0,3842500.0,120.00366,34.68772,18,79.87,18752275119.73
224500.0,3830500.0,119.99666,34.57938,18,174.0,23.74
219500.0,3835500.0,119.94057,34.62305,18,167.93,3.41
195500.0,3852500.0,119.67305,34.76926,18,173.83,20.49
189500.0,3868500.0,119.60167,34.91148,18,107.73,10.74
196500.0,3888500.0,119.67088,35.09364,18,6.68,128.38
195500.0,3913500.0,119.65068,35.31838,18,18.79,1824.81
227500.0,3945500.0,119.99149,35.61576,18,30.18,3.12
227500.0,3948500.0,119.99047,35.64277,18,90.48,4.92
230500.0,3876500.0,120.04725,34.99524,18,129.11,478.25
235500.0,3849500.0,120.1105,34.7534,18,132.15,46302.85
228500.0,3873500.0,120.02634,34.96769,18,4.93,4.1
235500.0,3891500.0,120.09719,35.13165,18,178.23,8.15
237500.0,3901500.0,120.11593,35.22223,18,139.71,6.92
246500.0,3902500.0,120.2144,35.23355,18,146.59,54.37
232500.0,3900500.0,120.06138,35.2119,18,174.37,3.09
233500.0,3889500.0,120.07591,35.11311,18,153.27,459.88
239500.0,3910500.0,120.13503,35.3038,18,2.48,107.24
267500.0,3976500.0,120.42368,35.9052,18,142.83,1.27
267500.0,3993500.0,120.41869,36.05831,18,172.78,4.77
297500.0,3986500.0,120.75331,36.00196,18,16.04,13.76
341500.0,3909500.0,121.2564,35.31617,18,34.57,172428178.44
355500.0,3908500.0,121.41053,35.30927,18,58.85,739.43
328500.0,3945500.0,121.10586,35.63844,18,93.87,3016.01
348500.0,4006500.0,121.31504,36.19146,18,111.06,24786653.05
359500.0,4001500.0,121.43823,36.14806,18,115.29,30171.64
400500.0,3969500.0,121.89791,35.86468,18,123.1,78619.09
210500.0,3932500.0,119.8087,35.49389,18,100.23,1.68
246500.0,3849500.0,120.23054,34.75619,18,118.66,10195.06
253500.0,3860500.0,120.30371,34.85699,18,17.75,20.23
229500.0,3873500.0,120.03728,34.96796,18,22.81,12.75
238500.0,3877500.0,120.13449,35.00635,18,50.87,28596.17
292500.0,3864500.0,120.72899,34.90174,18,57.26,1075.57
308500.0,3915500.0,120.89218,35.36445,18,19.71,11.16
318500.0,3944500.0,120.9957,35.62765,18,47.42,86.17
297500.0,3988500.0,120.7528,36.01998,18,19.85,135.1
318500.0,3844500.0,121.01771,34.72648,18,87.81,224.67
339500.0,3861500.0,121.24372,34.88322,18,58.0,10912892.67
329500.0,3855500.0,121.13556,34.82751,18,157.78,13681.07
332500.0,3902500.0,121.15887,35.25161,18,114.65,140.48
334500.0,3912500.0,121.17882,35.34207,18,28.2,13431.89
337500.0,3967500.0,121.20076,35.83823,18,155.79,281.78
384500.0,3822500.0,121.74134,34.53773,18,62.92,30321.1
402500.0,3832500.0,121.93632,34.62976,18,44.81,2232970.17
380500.0,3874500.0,121.69038,35.00607,18,69.79,37084.97
388500.0,3989500.0,121.76221,36.04366,18,53.05,33.06
409500.0,4001500.0,121.99392,36.15402,18,45.34,231.66
428500.0,3920500.0,122.21236,35.42536,18,62.06,28444.97
207500.0,3930500.0,119.7764,35.47501,18,89.01,146.91
223500.0,3935500.0,119.9508,35.52461,18,70.56,193.36
252500.0,3878500.0,120.28745,35.01888,18,143.55,8.4
257500.0,3998500.0,120.30624,36.1009,18,70.5,23.85
290500.0,3910500.0,120.69547,35.31579,18,0.2,117.36
192500.0,3873500.0,119.63261,34.9574,18,118.68,82.27
224500.0,3885500.0,119.97861,35.07467,18,92.55,48.67
214500.0,3935500.0,119.85168,35.52206,18,74.29,150.6
250500.0,3862500.0,120.27033,34.87427,18,129.78,6800.4
244500.0,3873500.0,120.20139,34.97185,18,95.12,716.13
242500.0,3903500.0,120.17018,35.24154,18,177.67,114.21
272500.0,3873500.0,120.50782,34.97853,18,29.62,2037.49
294500.0,3849500.0,120.75454,34.76698,18,138.92,41.66
334500.0,3814500.0,121.19823,34.45879,18,33.39,2780.51
361500.0,3852500.0,121.48586,34.80533,18,154.68,55.11
347500.0,3904500.0,121.32331,35.27203,18,99.56,13.59
338500.0,3920500.0,121.22124,35.41482,18,12.65,11.88
334500.0,3941500.0,121.17292,35.60342,18,39.45,121.63
336500.0,3940500.0,121.19519,35.59474,18,140.11,2052.58
367500.0,3875500.0,121.54779,35.01347,18,128.37,169.53
200500.0,3840500.0,119.73186,34.6627,18,150.89,7.45
220500.0,3837500.0,119.9508,34.64134,18,136.91,28.41
236500.0,3900500.0,120.10528,35.21296,18,166.41,8.32
281500.0,3842500.0,120.61441,34.70121,18,36.96,949.67
311500.0,3968500.0,120.91281,35.84258,18,171.25,73.84
303500.0,3983500.0,120.82058,35.97616,18,127.29,323.9
210500.0,3862500.0,119.83326,34.86366,18,98.03,100.83
214500.0,3892500.0,119.86667,35.13491,18,124.15,86.49
203500.0,3916500.0,119.73746,35.34779,18,38.28,9.8
251500.0,3835500.0,120.28923,34.63131,18,79.09,1611.83
255500.0,3926500.0,120.30603,35.45195,18,19.7,8.08
269500.0,3909500.0,120.46494,35.30216,18,96.64,451.83
258500.0,3927500.0,120.33875,35.46169,18,77.33,564.35
230500.0,3959500.0,120.01988,35.74264,18,68.91,13.95
232500.0,3935500.0,120.04993,35.52707,18,7.26,9.2
273500.0,3989500.0,120.4864,36.0237,18,52.87,140.8
288500.0,3892500.0,120.67811,35.15319,18,65.41,507.0
275500.0,3926500.0,120.5262,35.45667,18,127.55,2.09
273500.0,3924500.0,120.50474,35.4382,18,20.05,7.16
307500.0,3957500.0,120.87119,35.7427,18,84.84,4.84
319500.0,3868500.0,121.02346,34.94295,18,74.98,1194.32
325500.0,3978500.0,121.06555,35.93529,18,83.28,250.21
392500.0,3890500.0,121.81979,35.15167,18,66.23,376460.74
377500.0,3965500.0,121.64383,35.82602,18,132.74,4520.34
377500.0,3989500.0,121.64013,36.04234,18,6.74,423.31
253500.0,3853500.0,120.30577,34.79393,18,50.54,125.42
238500.0,3870500.0,120.13669,34.9433,18,156.41,8088.75
249500.0,3883500.0,120.25309,35.06317,18,118.17,1382.07
272500.0,3913500.0,120.4968,35.33888,18,93.86,563.65
289500.0,3910500.0,120.68448,35.31558,18,84.23,888.73
292500.0,3909500.0,120.71771,35.3072,18,12.87,310.86
308500.0,4008500.0,120.86993,36.20239,18,36.45,1.33
359500.0,3821500.0,121.46915,34.5256,18,153.85,187.17
321500.0,3850500.0,121.04919,34.78108,18,177.96,34.62
387500.0,3938500.0,121.75829,35.58383,18,39.85,90.69
391500.0,4009500.0,121.79275,36.22428,18,48.87,88.77
189500.0,3847500.0,119.60943,34.72244,18,122.61,235.46
270500.0,3812500.0,120.50251,34.42852,18,65.25,99.63
308500.0,3837500.0,120.91014,34.66157,18,50.1,121283.67
298500.0,3894500.0,120.78733,35.17327,18,83.3,480.53
299500.0,3893500.0,120.79855,35.16446,18,66.67,828.49
297500.0,3897500.0,120.77562,35.2001,18,75.41,9746.93
319500.0,3969500.0,121.00111,35.8531,18,72.79,2.02
370500.0,3936500.0,121.57103,35.56372,18,70.85,1065.57
209500.0,3945500.0,119.79303,35.61063,18,117.12,65.43
226500.0,3844500.0,120.01392,34.706,18,101.59,723.45
260500.0,3881500.0,120.37418,35.04783,18,148.69,1.3
296500.0,3826500.0,120.78191,34.56013,18,176.38,101.51
328500.0,3842500.0,121.12728,34.71018,18,152.84,118.74
361500.0,3865500.0,121.48371,34.92252,18,137.15,2567.14
362500.0,3866500.0,121.49449,34.93167,18,48.95,91.18
332500.0,3928500.0,121.15354,35.48593,18,125.82,1416.34
348500.0,3909500.0,121.33338,35.31725,18,41.31,6692.23
328500.0,3977500.0,121.09901,35.92681,18,11.88,1124.26
321500.0,3961500.0,121.02504,35.78138,18,136.62,29.7
381500.0,3860500.0,121.70332,34.87998,18,126.64,87.73
172500.0,3878500.0,119.412,34.99613,18,19.64,2.1
213500.0,3855500.0,119.86842,34.80148,18,9.6,144.32
194500.0,3892500.0,119.64749,35.12904,18,178.24,149.57
201500.0,3917500.0,119.71512,35.3562,18,54.35,356.82
226500.0,3907500.0,119.99322,35.27332,18,175.2,31.4
204500.0,3911500.0,119.75026,35.30308,18,36.6,23.94
234500.0,3911500.0,120.07978,35.31149,18,173.3,3.36
246500.0,3969500.0,120.19344,35.83694,18,84.25,1.95
267500.0,3973500.0,120.42455,35.87817,18,168.67,32.34
242500.0,3972500.0,120.14824,35.86292,18,0.08,246.69
274500.0,3964500.0,120.50457,35.79874,18,10.29,26.24
258500.0,4000500.0,120.31673,36.11916,18,58.18,433.44
312500.0,4010500.0,120.91392,36.22119,18,47.39,1.98
221500.0,3849500.0,119.95774,34.74967,18,178.02,25.39
222500.0,3863500.0,119.96403,34.87602,18,120.48,3.8
197500.0,3871500.0,119.68801,34.9409,18,168.58,129.31
214500.0,3853500.0,119.88002,34.78376,18,93.15,4.71
219500.0,3943500.0,119.90397,35.59551,18,178.13,9565.06
262500.0,3970500.0,120.37011,35.84995,18,77.36,103.47
307500.0,4008500.0,120.85881,36.20219,18,125.01,44.81
299500.0,4019500.0,120.76707,36.29966,18,56.58,398.22
338500.0,3960500.0,121.21324,35.77531,18,8.05,68.44
175500.0,3905500.0,119.43423,35.2401,18,20.22,32.27
218500.0,3933500.0,119.89642,35.50519,18,109.52,1.65
352500.0,3938500.0,121.37211,35.57923,18,155.8,416.85
396500.0,3872500.0,121.86594,34.98981,18,149.62,7.92
310500.0,3967500.0,120.90198,35.83338,18,41.73,1.76
188500.0,3849500.0,119.59779,34.74014,18,171.7,3.48
234500.0,3949500.0,120.06736,35.65368,18,156.08,578.92
305500.0,3985500.0,120.84226,35.99458,18,38.69,280.06
314500.0,4001500.0,120.93828,36.14049,18,20.84,120.94
321500.0,4005500.0,121.01513,36.17785,18,115.12,231.2
323500.0,3998500.0,121.03893,36.11514,18,101.55,776.14
175500.0,3856500.0,119.45334,34.7991,18,81.34,108.73
220500.0,3908500.0,119.927,35.28066,18,129.34,137.03
229500.0,3829500.0,120.05142,34.5717,18,165.0,18.7
243500.0,3952500.0,120.16571,35.68307,18,74.15,3.85
230500.0,3939500.0,120.02657,35.56255,18,45.46,67.12
345500.0,3977500.0,121.28736,35.92964,18,159.26,158.93
346500.0,3977500.0,121.29844,35.9298,18,64.37,727.37
402500.0,3825500.0,121.93712,34.56664,18,37.84,37.75
401500.0,3858500.0,121.92237,34.86408,18,44.31,791.86
374500.0,3956500.0,121.61204,35.74451,18,3.63,1324.3
424500.0,3850500.0,122.17469,34.79392,18,175.12,1128.19
284500.0,3872500.0,120.63943,34.97215,18,86.36,5558.0
312500.0,3955500.0,120.92692,35.72564,18,137.65,1.87
303500.0,3975500.0,120.82256,35.90408,18,45.59,545.11
229500.0,3831500.0,120.05078,34.58972,18,58.39,350.89
230500.0,3914500.0,120.03484,35.33744,18,115.49,27.46
204500.0,3902500.0,119.75349,35.22205,17,161.8,5.1
256500.0,3867500.0,120.33446,34.92076,17,62.33,1969.35
229500.0,3938500.0,120.01588,35.55327,17,54.38,16.97
262500.0,3982500.0,120.36653,35.95803,17,30.47,2.65
180500.0,3868500.0,119.50333,34.90869,17,7.59,83.96
205500.0,3874500.0,119.77442,34.97027,17,93.62,8.97
188500.0,3872500.0,119.58925,34.94718,17,84.45,1.47
181500.0,3860500.0,119.5173,34.83699,17,177.08,110.83
208500.0,3898500.0,119.79879,35.18721,17,25.22,4.73
196500.0,3887500.0,119.67124,35.08464,17,52.24,4.81
207500.0,3880500.0,119.79418,35.02487,17,144.85,37.96
210500.0,3910500.0,119.8165,35.29583,17,1.57,15.76
227500.0,3816500.0,120.0338,34.4541,17,41.22,4361.36
229500.0,3914500.0,120.02386,35.33717,17,81.32,122.31
273500.0,3826500.0,120.53141,34.55532,17,56.26,693.93
306500.0,3958500.0,120.8599,35.75151,17,123.8,12.17
170500.0,3884500.0,119.38775,35.04948,17,45.45,702.12
214500.0,3873500.0,119.8732,34.96384,17,135.32,4.34
214500.0,3870500.0,119.87423,34.93683,17,35.62,3.62
202500.0,3886500.0,119.73731,35.07742,17,85.42,1.8
331500.0,3936500.0,121.14086,35.55786,17,147.4,28.81
320500.0,3978500.0,121.01015,35.93438,17,1.47,177.42
173500.0,3881500.0,119.42176,35.02346,17,125.89,259.61
215500.0,3854500.0,119.8906,34.79304,17,175.32,64.23
272500.0,3909500.0,120.49791,35.30284,17,94.55,628.27
288500.0,3879500.0,120.68143,35.03606,17,4.65,92.69
328500.0,3968500.0,121.10095,35.84571,17,137.8,5.94
320500.0,3971500.0,121.01173,35.87131,17,69.6,1.31
212500.0,3866500.0,119.85374,34.90025,17,25.4,57.33
236500.0,3872500.0,120.11418,34.9608,17,68.01,2541.72
249500.0,3871500.0,120.25671,34.95509,17,83.99,1205.08
272500.0,3895500.0,120.50178,35.17673,17,98.66,77.03
273500.0,3860500.0,120.52229,34.86164,17,67.24,209.66
289500.0,3909500.0,120.68473,35.30657,17,7.9,231.47
317500.0,3942500.0,120.98512,35.60944,17,127.76,240.57
286500.0,3962500.0,120.63779,35.78341,17,85.27,3.42
313500.0,3960500.0,120.93681,35.77088,17,46.77,3.08
317500.0,3977500.0,120.97714,35.92481,17,56.16,309.41
285500.0,3962500.0,120.62674,35.78319,17,79.94,7.32
348500.0,3874500.0,121.3398,35.00178,17,80.19,486.29
321500.0,3944500.0,121.02881,35.62819,17,6.16,1138.08
356500.0,4010500.0,121.40325,36.22873,17,110.74,616.95
353500.0,4009500.0,121.37007,36.21926,17,112.13,4788.27
177500.0,3846500.0,119.47899,34.70972,17,14.13,3.02
208500.0,3862500.0,119.81142,34.86309,17,133.35,298.78
184500.0,3880500.0,119.5425,35.01795,17,64.6,61.9
200500.0,3904500.0,119.70888,35.23887,17,167.64,1.61
186500.0,3880500.0,119.56438,35.01857,17,70.78,214.79
226500.0,3880500.0,120.00216,35.03019,17,104.93,107.24
239500.0,3885500.0,120.14293,35.07865,17,172.15,868.17
237500.0,3890500.0,120.11943,35.12316,17,112.5,111.33
264500.0,3975500.0,120.39076,35.89547,17,23.04,4.27
308500.0,3988500.0,120.87479,36.0222,17,25.16,4.81
320500.0,3850500.0,121.03826,34.7809,17,141.81,7.88
415500.0,3851500.0,122.07622,34.80223,17,128.18,2898.21
197500.0,3849500.0,119.69594,34.74284,17,143.81,11.54
196500.0,3853500.0,119.6836,34.77856,17,161.0,3.39
245500.0,3848500.0,120.21993,34.74693,17,28.19,102.78
256500.0,3864500.0,120.33533,34.89374,17,74.41,1687.97
232500.0,3872500.0,120.07042,34.95975,17,103.45,247.05
293500.0,3863500.0,120.74017,34.89293,17,72.08,1860.57
309500.0,3915500.0,120.90318,35.36464,17,105.64,338.64
312500.0,3957500.0,120.92645,35.74366,17,158.85,60.05
347500.0,3901500.0,121.32387,35.24499,17,127.81,65.65
337500.0,3917500.0,121.21083,35.38762,17,74.39,464.07
330500.0,3906500.0,121.13607,35.28732,17,26.69,5674.75
356500.0,3947500.0,121.41464,35.66094,17,87.33,79.73
331500.0,3995500.0,121.12841,36.08953,17,98.83,281.84
357500.0,4013500.0,121.41383,36.25591,17,18.55,3.16
373500.0,3870500.0,121.61429,34.96916,17,132.04,48.34
375500.0,3875500.0,121.63545,35.01448,17,169.02,142.28
371500.0,3920500.0,121.58459,35.41963,17,26.57,417.6
389500.0,3947500.0,121.77913,35.66518,17,34.36,1170.21
403500.0,3969500.0,121.93113,35.86498,17,145.04,854.56
170500.0,3880500.0,119.38934,35.01348,17,154.09,1.9
198500.0,3933500.0,119.67624,35.49932,17,167.23,6.58
217500.0,3930500.0,119.88646,35.4779,17,178.31,2.25
237500.0,3826500.0,120.13945,34.54676,17,53.64,820.49
250500.0,3836500.0,120.27803,34.64007,17,54.65,2.31
263500.0,3891500.0,120.40418,35.13862,17,27.48,3.24
271500.0,3878500.0,120.4955,35.02335,17,128.89,7.63
304500.0,3995500.0,120.8287,36.08447,17,36.23,13.82
220500.0,3850500.0,119.9465,34.7584,17,162.72,162.48
240500.0,3865500.0,120.16011,34.89878,17,165.53,19.28
235500.0,3870500.0,120.10387,34.94252,17,167.81,443.59
290500.0,3852500.0,120.71011,34.7932,17,62.75,900.5
306500.0,3876500.0,120.87933,35.01264,17,77.03,207.22
316500.0,3920500.0,120.97906,35.41101,17,43.55,315.08
336500.0,3843500.0,121.2144,34.7205,17,138.05,399.13
342500.0,3827500.0,121.28288,34.57722,17,155.07,546.48
356500.0,3854500.0,121.43087,34.82267,17,117.07,61.18
346500.0,3923500.0,121.30875,35.44313,17,26.84,161.45
343500.0,3942500.0,121.27204,35.6139,17,114.7,1099.93
381500.0,3834500.0,121.70698,34.64557,17,64.63,522.0
368500.0,3866500.0,121.56016,34.93247,17,41.58,1723.0
366500.0,3876500.0,121.53667,35.02235,17,128.94,184.26
372500.0,3943500.0,121.59198,35.62708,17,4.59,28.76
217500.0,3840500.0,119.91711,34.66753,17,79.6,12.95
194500.0,3847500.0,119.66395,34.72395,17,64.11,682.17
181500.0,3887500.0,119.50699,35.08001,17,56.22,3.28
218500.0,3930500.0,119.89746,35.47818,17,51.04,2.82
231500.0,3834500.0,120.07162,34.61726,17,171.45,422.63
231500.0,3885500.0,120.05529,35.07656,17,166.74,1.92
241500.0,3896500.0,120.1614,35.17824,17,163.47,12.54
237500.0,3919500.0,120.11017,35.38433,17,176.85,1321.88
283500.0,3882500.0,120.62588,35.06203,17,50.95,3.8
348500.0,3903500.0,121.33448,35.26317,17,34.34,4332.62
364500.0,3963500.0,121.50029,35.80628,17,168.14,146.53
354500.0,3964500.0,121.38947,35.81386,17,110.77,130.14
390500.0,3980500.0,121.78566,35.96276,17,108.01,221.29
393500.0,4014500.0,121.81432,36.26957,17,106.98,95.73
198500.0,3840500.0,119.71006,34.66211,17,57.96,181.9
199500.0,3847500.0,119.71847,34.72543,17,158.75,209.44
223500.0,3883500.0,119.96832,35.05638,17,104.41,20.0
193500.0,3917500.0,119.62722,35.35378,17,164.5,211.76
205500.0,3920500.0,119.758,35.38439,17,61.06,1541.23
256500.0,3837500.0,120.34314,34.65052,17,174.64,10.76
239500.0,3831500.0,120.15969,34.5923,17,49.84,2.85
227500.0,3914500.0,120.00188,35.33662,17,137.21,105.46
244500.0,3944500.0,120.17928,35.61129,17,85.04,4.72
229500.0,3934500.0,120.01722,35.51726,17,9.76,3.66
264500.0,3971500.0,120.39194,35.85944,17,41.4,13.21
260500.0,3970500.0,120.34799,35.84947,17,12.42,3.24
285500.0,3818500.0,120.66411,34.48581,17,43.82,25301.41
289500.0,3891500.0,120.68934,35.14439,17,120.86,1069.2
280500.0,3955500.0,120.57338,35.71903,17,37.7,2102.95
284500.0,3944500.0,120.62051,35.62082,17,9.44,64.32
276500.0,3957500.0,120.52864,35.73615,17,30.33,626.87
285500.0,3944500.0,120.63154,35.62103,17,94.39,172.15
284500.0,3964500.0,120.61514,35.80099,17,71.98,7.81
328500.0,3978500.0,121.09879,35.93582,17,74.77,156.02
367500.0,3839500.0,121.55348,34.68893,17,159.86,144.92
405500.0,3868500.0,121.96499,34.95462,17,60.36,91262.46
267500.0,3833500.0,120.46416,34.61704,17,41.42,2811.84
264500.0,3969500.0,120.39253,35.84143,17,68.36,15.79
301500.0,3823500.0,120.83707,34.53407,17,75.16,947.3
304500.0,3874500.0,120.8579,34.99423,17,96.78,67.37
301500.0,3875500.0,120.82481,35.00266,17,70.61,580.62
309500.0,3948500.0,120.89543,35.66199,17,22.99,6500.53
275500.0,3982500.0,120.51055,35.96111,17,74.85,2708.26
294500.0,3987500.0,120.71979,36.01034,17,10.12,15.96
345500.0,3900500.0,121.30208,35.23567,17,149.95,146.98
345500.0,3901500.0,121.30189,35.24469,17,144.37,535.64
343500.0,3979500.0,121.26481,35.94735,17,95.65,905.83
344500.0,3979500.0,121.27589,35.94751,17,95.14,1263.24
408500.0,3827500.0,122.0023,34.58523,17,31.42,9712.52
392500.0,3846500.0,121.82546,34.75498,17,35.94,1066.24
407500.0,3922500.0,121.98083,35.44166,17,129.27,51209.48
401500.0,3975500.0,121.90824,35.91886,17,101.64,1196.56
286500.0,3860500.0,120.66439,34.86445,17,57.37,443.1
214500.0,3864500.0,119.87628,34.8828,17,21.47,89.07
271500.0,3909500.0,120.48692,35.30262,17,172.34,159.75
300500.0,3852500.0,120.81934,34.79521,17,36.56,1089.55
346500.0,3812500.0,121.32918,34.44261,17,47.28,107213.57
324500.0,3845500.0,121.083,34.73654,17,144.92,28.2
322500.0,3917500.0,121.04576,35.38507,17,25.98,625.97
321500.0,3996500.0,121.01717,36.09675,17,24.18,32.38
400500.0,3836500.0,121.91403,34.66563,17,152.21,49.08
396500.0,3941500.0,121.85723,35.61186,17,109.61,17196.3
162500.0,3848500.0,119.31472,34.72288,17,24.39,6727.94
179500.0,3893500.0,119.48277,35.13338,17,19.65,2.61
191500.0,3842500.0,119.63307,34.67803,17,135.21,53.96
212500.0,3841500.0,119.86228,34.67514,17,4.75,3.55
211500.0,3854500.0,119.84694,34.79192,17,7.55,23.5
216500.0,3899500.0,119.88619,35.19851,17,25.53,5.93
196500.0,3923500.0,119.65796,35.4087,17,139.22,1122.55
223500.0,3940500.0,119.94909,35.56963,17,99.03,2.84
227500.0,3943500.0,119.99216,35.59775,17,178.05,12.99
240500.0,3901500.0,120.14885,35.22301,17,128.02,6.61
248500.0,3908500.0,120.23452,35.28809,17,156.4,2.8
259500.0,3963500.0,120.33903,35.78618,17,117.78,4.99
309500.0,4008500.0,120.88104,36.20259,17,156.95,4.3
313500.0,4000500.0,120.92741,36.13129,17,111.24,82.75
225500.0,3846500.0,120.00236,34.72374,17,89.44,560.96
211500.0,3872500.0,119.84074,34.95399,17,20.22,84.14
225500.0,3915500.0,119.97956,35.34508,17,38.15,418.26
232500.0,3939500.0,120.04861,35.56309,17,52.3,2.83
236500.0,3953500.0,120.08812,35.69023,17,97.28,71.62
268500.0,3975500.0,120.43504,35.89643,17,57.1,18.03
344500.0,3912500.0,121.28882,35.34368,17,51.58,1264.79
325500.0,3946500.0,121.07253,35.64693,17,28.75,254.15
320500.0,3973500.0,121.01128,35.88933,17,91.22,12.72
349500.0,3991500.0,121.32903,36.05644,17,100.71,975.22
374500.0,3954500.0,121.61235,35.72649,17,46.68,194.7
335500.0,3928500.0,121.1866,35.48643,17,167.37,7.04
395500.0,3911500.0,121.85005,35.3413,17,50.81,2122.29
269500.0,3968500.0,120.44813,35.83361,17,30.98,6.03
177500.0,3903500.0,119.45695,35.22274,17,51.2,2.11
254500.0,3874500.0,120.31052,34.98334,17,138.12,65.34
310500.0,3984500.0,120.89793,35.98655,17,17.43,3.69
306500.0,4005500.0,120.84844,36.17497,17,137.54,11.8
305500.0,4005500.0,120.83732,36.17476,17,44.7,11.86
322500.0,4016500.0,121.02375,36.27714,17,40.42,6.17
174500.0,3863500.0,119.43972,34.86178,17,142.96,6.24
209500.0,3869500.0,119.81991,34.9264,17,70.16,2.1
213500.0,3891500.0,119.85605,35.12563,17,92.12,115.48
214500.0,3897500.0,119.86494,35.17993,17,156.18,439.07
227500.0,3952500.0,119.98912,35.67878,17,30.73,1500.59
292500.0,3990500.0,120.69683,36.03694,17,21.37,19.06
346500.0,3978500.0,121.29825,35.93881,17,101.22,83.55
197500.0,3845500.0,119.69738,34.70683,17,97.09,416.14
209500.0,3850500.0,119.82649,34.75533,17,122.78,171.5
240500.0,3871500.0,120.15825,34.95282,17,88.09,48.76
283500.0,3994500.0,120.59591,36.07101,17,77.89,77.32
212500.0,3911500.0,119.83811,35.30541,17,79.14,2221.14
189500.0,3917500.0,119.58327,35.35254,17,58.51,47.73
209500.0,3924500.0,119.80055,35.42158,17,52.54,150.56
308500.0,3938500.0,120.88676,35.5717,17,109.22,255.21
317500.0,3980500.0,120.97645,35.95185,17,95.72,179241510.22
221500.0,3866500.0,119.9521,34.90276,16,30.72,14.47
187500.0,3881500.0,119.57494,35.02788,16,83.02,2.63
280500.0,3901500.0,120.58796,35.23256,16,6.17,5.74
161500.0,3831500.0,119.31061,34.56956,16,29.03,80.83
217500.0,3849500.0,119.9141,34.74857,16,72.53,70.14
200500.0,3868500.0,119.72188,34.91478,16,160.18,15.85
209500.0,3898500.0,119.80976,35.1875,16,13.48,54.57
206500.0,3880500.0,119.78324,35.02458,16,169.56,14.66
222500.0,3884500.0,119.95704,35.06512,16,101.49,27.97
209500.0,3861500.0,119.82269,34.85437,16,22.29,37.93
198500.0,3884500.0,119.69424,35.05823,16,178.87,1259.11
243500.0,3909500.0,120.17928,35.29583,16,109.14,166.19
263500.0,3983500.0,120.37731,35.96728,16,4.58,13.0
351500.0,4008500.0,121.34802,36.20995,16,113.72,80919.89
224500.0,3837500.0,119.99439,34.64242,16,31.94,3.33
210500.0,3896500.0,119.82143,35.16978,16,169.14,1.62
217500.0,3899500.0,119.89715,35.19879,16,23.01,1.29
233500.0,3840500.0,120.09152,34.67182,16,41.65,35.76
282500.0,3994500.0,120.58482,36.07079,16,150.26,13.36
325500.0,3872500.0,121.08829,34.98005,16,80.92,1460.34
324500.0,3970500.0,121.05624,35.86302,16,39.38,1427.63
226500.0,3849500.0,120.0123,34.75102,16,161.63,3.82
238500.0,3832500.0,120.14849,34.60105,16,10.97,49.75
244500.0,3869500.0,120.20262,34.93583,16,168.19,6.96
235500.0,3898500.0,120.09495,35.19469,16,164.15,2.5
259500.0,3892500.0,120.36003,35.14668,16,135.6,15.37
230500.0,3878500.0,120.0466,35.01325,16,150.45,5.98
254500.0,3976500.0,120.27977,35.90202,16,56.03,21.04
279500.0,3823500.0,120.59753,34.52959,16,52.67,60029.84
283500.0,3894500.0,120.62274,35.17015,16,19.04,2.72
283500.0,3884500.0,120.62536,35.08005,16,40.47,3.24
291500.0,3908500.0,120.70697,35.29798,16,70.0,17.67
296500.0,3996500.0,120.73965,36.09184,16,137.21,1727751.83
329500.0,3857500.0,121.13515,34.84554,16,108.95,1226.23
342500.0,3948500.0,121.25983,35.66781,16,61.96,213.79
366500.0,3972500.0,121.52091,35.88767,16,133.8,19279.82
209500.0,3851500.0,119.82614,34.76434,16,62.02,346.57
210500.0,3901500.0,119.81967,35.2148,16,31.36,21.28
193500.0,3887500.0,119.63839,35.08373,16,159.3,31.27
213500.0,3911500.0,119.8491,35.3057,16,89.07,574.88
205500.0,3943500.0,119.74966,35.59145,16,92.83,2.61
236500.0,3830500.0,120.12733,34.58253,16,39.39,14.7
234500.0,3885500.0,120.08815,35.07735,16,86.13,139646.8
244500.0,3914500.0,120.18871,35.34111,16,178.59,58.94
243500.0,3916500.0,120.17709,35.35887,16,16.96,403.54
262500.0,3924500.0,120.38366,35.43563,16,109.53,19.81
233500.0,3936500.0,120.06062,35.53635,16,15.13,10.76
257500.0,3964500.0,120.31662,35.79469,16,75.01,764.44
262500.0,3978500.0,120.36773,35.92201,16,173.56,7.92
257500.0,3999500.0,120.30593,36.1099,16,71.74,7.58
293500.0,3897500.0,120.73171,35.19928,16,33.7,399.88
286500.0,3972500.0,120.63512,35.87349,16,84.32,2.32
300500.0,3984500.0,120.78708,35.98456,16,63.81,72.11
281500.0,3969500.0,120.5806,35.84537,16,32.91,41.76
302500.0,3993500.0,120.807,36.06605,16,36.94,238.37
311500.0,3991500.0,120.90735,36.04982,16,136.28,135.67
319500.0,3949500.0,121.00562,35.67288,16,102.31,21.41
401500.0,3825500.0,121.92622,34.56655,16,129.38,726.05
181500.0,3897500.0,119.50314,35.17002,16,25.0,85.8
239500.0,3874500.0,120.14637,34.97959,16,1.0,81.1
249500.0,3857500.0,120.2609,34.82899,16,107.55,310.24
260500.0,3863500.0,120.37935,34.88568,16,72.11,2195.61
264500.0,3884500.0,120.41714,35.07579,16,103.6,485.55
289500.0,3866500.0,120.69567,34.91914,16,28.24,1160.0
318500.0,3956500.0,120.99299,35.73578,16,173.4,233.4
295500.0,3982500.0,120.73217,35.9655,16,82.33,895.17
287500.0,3971500.0,120.64646,35.8647,16,155.31,27.28
350500.0,3898500.0,121.35737,35.21841,16,126.27,702.38
333500.0,3937500.0,121.16271,35.56721,16,176.42,770.42
350500.0,3942500.0,121.3493,35.61498,16,137.32,660.86
320500.0,3940500.0,121.01866,35.59197,16,41.95,327.11
333500.0,3942500.0,121.16168,35.61226,16,3.51,753.01
355500.0,3965500.0,121.40035,35.82302,16,47.03,31.72
374500.0,3913500.0,121.6187,35.35691,16,25.97,54250.32
382500.0,4020500.0,121.69098,36.32237,16,27.26,463.26
212500.0,3852500.0,119.85853,34.77419,16,0.14,1814.38
214500.0,3881500.0,119.87046,35.03587,16,6.25,1386.99
259500.0,3832500.0,120.37726,34.60619,16,69.87,338083.54
258500.0,3838500.0,120.36466,34.66001,16,59.98,29138.93
245500.0,3895500.0,120.20558,35.17025,16,153.01,168.77
259500.0,3879500.0,120.3638,35.02958,16,75.59,38.52
262500.0,3880500.0,120.39637,35.03929,16,98.56,1363.58
229500.0,3900500.0,120.02847,35.2111,16,144.87,33.21
253500.0,3999500.0,120.26154,36.1089,16,179.66,2.05
318500.0,3862500.0,121.01382,34.8887,16,56.89,48865.04
322500.0,3956500.0,121.0372,35.73651,16,120.17,81.55
228500.0,3875500.0,120.02569,34.9857,16,128.52,2534.59
236500.0,3870500.0,120.11481,34.94279,16,171.46,136.17
255500.0,3877500.0,120.32059,35.0106,16,174.81,319.08
262500.0,3894500.0,120.39235,35.1654,16,28.03,2568.68
243500.0,3910500.0,120.17897,35.30483,16,128.23,126.32
284500.0,3817500.0,120.65348,34.47659,16,114.75,695.96
289500.0,3836500.0,120.70318,34.64883,16,119.04,729.24
291500.0,3872500.0,120.71605,34.97362,16,82.7,1353.47
292500.0,3870500.0,120.7275,34.9558,16,61.85,674.71
316500.0,3870500.0,120.99019,34.96043,16,164.35,109.65
275500.0,3876500.0,120.53984,35.00623,16,159.32,740.01
313500.0,3977500.0,120.93283,35.92406,16,0.65,197.32
350500.0,3846500.0,121.36671,34.74969,16,153.55,180.81
332500.0,3846500.0,121.17014,34.74689,16,50.87,1083.06
350500.0,3847500.0,121.36653,34.7587,16,60.22,718.9
348500.0,3923500.0,121.33078,35.44343,16,110.25,3839.62
363500.0,3954500.0,121.49076,35.72502,16,37.0,73.7
339500.0,3944500.0,121.2275,35.63128,16,59.79,113.33
395500.0,3813500.0,121.8623,34.45776,16,101.37,7568.64
418500.0,3853500.0,122.10882,34.82051,16,50.53,11292.88
435500.0,3922500.0,122.28931,35.44387,16,62.49,190811.24
429500.0,4008500.0,122.21561,36.21878,16,42.09,206.76
180500.0,3874500.0,119.50103,34.96269,16,99.71,41.76
192500.0,3887500.0,119.62744,35.08343,16,175.19,3.96
206500.0,3941500.0,119.76141,35.57374,16,77.09,17.75
258500.0,3863500.0,120.35748,34.88521,16,165.8,275.3
248500.0,4001500.0,120.20541,36.12563,16,48.57,2.91
290500.0,3857500.0,120.70886,34.83825,16,60.43,5308.52
279500.0,3878500.0,120.58311,35.02513,16,78.8,146.59
276500.0,3892500.0,120.54648,35.1506,16,6.23,16.58
310500.0,3993500.0,120.89577,36.06764,16,27.63,151.15
342500.0,3895500.0,121.27008,35.19014,16,28.21,1885.07
322500.0,3918500.0,121.04554,35.39408,16,67.15,1063.03
345500.0,4005500.0,121.28189,36.18197,16,19.52,56.44
386500.0,4000500.0,121.73843,36.14258,16,102.75,1112.31
379500.0,3999500.0,121.6608,36.13272,16,102.51,988.27
200500.0,3839500.0,119.73221,34.6537,16,113.56,130.7
189500.0,3849500.0,119.6087,34.74044,16,7.23,6.71
220500.0,3876500.0,119.93782,34.99253,16,119.55,108.32
223500.0,3874500.0,119.97131,34.97534,16,98.48,12066.41
236500.0,3825500.0,120.12888,34.5375,16,36.05,244.49
267500.0,3882500.0,120.45057,35.05847,16,60.83,33214.28
256500.0,3927500.0,120.31673,35.4612,16,52.8,11.93
260500.0,3935500.0,120.35841,35.53423,16,72.48,3.28
241500.0,3946500.0,120.14556,35.62852,16,52.61,11.01
256500.0,3934500.0,120.31464,35.52425,16,100.03,3767.88
255500.0,3999500.0,120.28374,36.1094,16,94.88,7.19
316500.0,3869500.0,120.99041,34.95142,16,81.71,1046.49
291500.0,3853500.0,120.72079,34.80242,16,31.92,556.29
292500.0,3894500.0,120.72149,35.17205,16,143.33,1631.62
279500.0,3922500.0,120.57132,35.42153,16,144.96,50.03
289500.0,3951500.0,120.67385,35.68496,16,78.01,1.63
281500.0,3956500.0,120.58415,35.72826,16,11.33,11740.55
279500.0,3957500.0,120.56178,35.73682,16,42.67,1956.52
288500.0,3979500.0,120.6554,35.93699,16,64.39,14.31
288500.0,3962500.0,120.65991,35.78384,16,54.59,23.53
330500.0,3909500.0,121.13545,35.31436,16,35.65,6545.17
333500.0,3906500.0,121.16905,35.28783,16,31.82,1226.03
344500.0,3933500.0,121.28481,35.53294,16,114.99,34.08
371500.0,3944500.0,121.58079,35.63596,16,85.09,6.96
391500.0,3979500.0,121.79688,35.95386,16,132.47,380.16
379500.0,4019500.0,121.65772,36.31299,16,28.66,86.2
372500.0,4015500.0,121.58042,36.27603,16,111.94,485.52
431500.0,4020500.0,122.23681,36.3271,16,124.94,1697.71
202500.0,3835500.0,119.7554,34.61827,16,34.82,205.51
270500.0,3971500.0,120.45833,35.86087,16,44.16,2.53
302500.0,3846500.0,120.8426,34.74153,16,43.94,437024.23
305500.0,3874500.0,120.86885,34.99443,16,73.57,899.33
303500.0,3875500.0,120.84671,35.00305,16,69.39,3872.53
274500.0,3879500.0,120.52808,35.03304,16,146.1,31.05
285500.0,3910500.0,120.64051,35.31473,16,5.72,60.63
308500.0,3952500.0,120.88344,35.69784,16,13.99,471.35
300500.0,3963500.0,120.79234,35.79536,16,155.09,18.59
299500.0,3973500.0,120.77877,35.88525,16,153.6,29.21
348500.0,3834500.0,121.34702,34.64123,16,66.48,2431.66
338500.0,3871500.0,121.23084,34.9732,16,65.31,4471.77
347500.0,3900500.0,121.32405,35.23598,16,53.53,2848.67
398500.0,3825500.0,121.89352,34.56625,16,29.8,91350.52
401500.0,3862500.0,121.9219,34.90015,16,68.27,13387.81
375500.0,3884500.0,121.63409,35.09562,16,43.72,16139.83
389500.0,3940500.0,121.78009,35.60208,16,129.42,5637.0
397500.0,3984500.0,121.86275,35.99958,16,5.02,975.55
174500.0,3860500.0,119.44088,34.83478,16,91.16,3962.04
193500.0,3839500.0,119.65595,34.65163,16,49.25,179.64
313500.0,3968500.0,120.93494,35.84297,16,129.64,5223.15
192500.0,3901500.0,119.62223,35.20945,16,105.51,7.24
219500.0,3899500.0,119.91909,35.19935,16,31.63,311.71
188500.0,3913500.0,119.57381,35.31623,16,131.06,829.37
206500.0,3916500.0,119.77043,35.34868,16,141.0,1077.84
228500.0,3840500.0,120.03701,34.67051,16,14.71,3.66
261500.0,3877500.0,120.38628,35.01203,16,87.62,1092.18
256500.0,3890500.0,120.32772,35.12794,16,78.94,1649.57
274500.0,3988500.0,120.49777,36.01492,16,9.33,5.43
301500.0,3844500.0,120.83215,34.72331,16,38.74,1699.32
306500.0,3843500.0,120.88695,34.71526,16,83.46,4133.64
283500.0,3860500.0,120.63159,34.86382,16,80.1,75415.78
297500.0,3855500.0,120.78585,34.82165,16,161.0,111.27
296500.0,3855500.0,120.77492,34.82145,16,67.38,584.55
346500.0,3813500.0,121.329,34.45163,16,48.64,10710.31
348500.0,3870500.0,121.34053,34.96573,16,68.05,3030.8
336500.0,3892500.0,121.2048,35.16215,16,24.72,4474.37
407500.0,3824500.0,121.99173,34.55809,16,59.42,39168.45
364500.0,3839500.0,121.52074,34.68854,16,76.45,540.73
398500.0,3837500.0,121.89209,34.67445,16,67.93,272.99
383500.0,3858500.0,121.72548,34.86218,16,39.4,4227.91
380500.0,3861500.0,121.69224,34.88888,16,35.38,695.94
365500.0,3883500.0,121.52458,35.08532,16,59.65,2149.01
394500.0,3940500.0,121.83528,35.60263,16,105.99,8944.4
366500.0,3981500.0,121.5194,35.96879,16,95.95,5267.65
222500.0,3828500.0,119.97554,34.56083,16,80.22,4389.42
190500.0,3874500.0,119.61037,34.96579,16,17.75,615.95
206500.0,3902500.0,119.77543,35.22264,16,137.95,40.45
213500.0,3884500.0,119.85848,35.0626,16,146.48,36.0
203500.0,3887500.0,119.74791,35.08672,16,33.3,3.64
226500.0,3910500.0,119.99222,35.30033,16,106.29,60.29
195500.0,3923500.0,119.64696,35.4084,16,127.74,1005.17
270500.0,3827500.0,120.49847,34.56366,16,128.92,73.37
261500.0,3834500.0,120.39849,34.62467,16,54.95,4000.31
261500.0,3835500.0,120.39821,34.63368,16,51.6,4735.06
239500.0,3899500.0,120.13851,35.20474,16,173.22,17.35
234500.0,3942500.0,120.06966,35.59065,16,56.35,8.99
252500.0,3962500.0,120.26197,35.77543,16,155.77,195.32
255500.0,3962500.0,120.29512,35.77618,16,171.16,112.35
257500.0,3962500.0,120.31723,35.77668,16,57.69,11.2
264500.0,3966500.0,120.39342,35.81441,16,57.71,3.42
251500.0,3963500.0,120.25061,35.78419,16,105.13,36.16
296500.0,3972500.0,120.74581,35.87562,16,20.89,2.03
312500.0,4009500.0,120.91415,36.21218,16,133.01,143.92
286500.0,3990500.0,120.63028,36.03564,16,29.06,696.79
318500.0,4014500.0,120.9797,36.25838,16,3.93,8.17
353500.0,3956500.0,121.37987,35.74161,16,156.71,420.56
346500.0,3975500.0,121.29883,35.91178,16,67.1,28.0
321500.0,4016500.0,121.01262,36.27696,16,93.2,4.76
210500.0,3867500.0,119.83153,34.90868,16,71.13,3.95
217500.0,3898500.0,119.8975,35.18978,16,68.05,545.81
268500.0,3931500.0,120.44771,35.5001,16,6.35,55.72
240500.0,3952500.0,120.13259,35.68229,16,140.96,337.69
316500.0,3954500.0,120.97135,35.71739,16,106.43,95.66
282500.0,3934500.0,120.60113,35.53029,16,43.12,16693.55
304500.0,3962500.0,120.83682,35.78716,16,23.68,186.57
295500.0,3985500.0,120.73139,35.99253,16,173.21,166.97
323500.0,3928500.0,121.05438,35.48437,16,127.27,35.58
338500.0,3979500.0,121.2094,35.94653,16,110.38,1295.48
353500.0,3992500.0,121.37324,36.06606,16,100.24,2144.41
347500.0,4010500.0,121.30315,36.22735,16,166.87,236.36
337500.0,4015500.0,121.19089,36.27077,16,33.56,592.9
218500.0,3844500.0,119.92668,34.70383,16,46.95,87.05
226500.0,3861500.0,120.00839,34.85909,16,1.71,17.36
316500.0,3925500.0,120.97793,35.45607,16,137.06,8660.03
361500.0,3878500.0,121.48155,35.0397,16,86.3,10818.09
385500.0,3872500.0,121.74544,34.98862,16,99.7,19.85
390500.0,3868500.0,121.80074,34.95311,16,72.99,107134.17
372500.0,3887500.0,121.60073,35.12229,16,88.54,316.0
221500.0,3905500.0,119.939,35.25393,16,96.77,267.56
234500.0,3826500.0,120.1068,34.54599,16,65.08,844.54
238500.0,3906500.0,120.12532,35.26752,16,160.67,134.74
302500.0,4005500.0,120.80399,36.17416,16,21.57,567.74
315500.0,3993500.0,120.95126,36.0686,16,33.58,20.97
301500.0,4006500.0,120.79262,36.18296,16,39.34,16112.07
298500.0,3996500.0,120.76185,36.09225,16,39.7,347.95
301500.0,3994500.0,120.79565,36.07485,16,32.94,11.36
329500.0,3957500.0,121.11436,35.74676,16,8.4,171.9
321500.0,4003500.0,121.01558,36.15983,16,70.83,1.62
324500.0,3987500.0,121.05248,36.0162,16,34.78,5.48
194500.0,3913500.0,119.6397,35.31808,16,105.63,479.37
236500.0,3942500.0,120.09171,35.59118,16,39.05,12.98
284500.0,3991500.0,120.60783,36.04421,16,44.9,204.24
339500.0,3954500.0,121.2255,35.7214,16,164.08,1467.71
357500.0,3976500.0,121.42052,35.92245,16,174.29,955.65
347500.0,3976500.0,121.30972,35.92094,16,64.5,535.84
333500.0,4019500.0,121.14552,36.30614,16,79.69,9.57
377500.0,3961500.0,121.64444,35.78996,16,152.81,103.06
391500.0,3974500.0,121.79756,35.90879,16,124.73,2595.64
381500.0,3984500.0,121.68527,35.99777,16,97.95,571.36
383500.0,3992500.0,121.70628,36.07012,16,136.23,2258.21
421500.0,3859500.0,122.14106,34.87484,16,49.91,502.74
430500.0,3855500.0,122.23986,34.83943,16,58.64,36179.59
410500.0,3861500.0,122.0205,34.89196,16,60.1,11392.18
210500.0,3848500.0,119.83808,34.73761,16,21.99,2595.73
276500.0,3972500.0,120.52444,35.87126,16,87.68,215.06
383500.0,3950500.0,121.71242,35.69154,16,153.69,37.31
207500.0,3827500.0,119.81261,34.54767,16,6.44,49.51
269500.0,3822500.0,120.48893,34.51839,16,151.72,7788.0
317500.0,4008500.0,120.96998,36.20413,16,93.38,9262.62
322500.0,3972500.0,121.03365,35.88068,16,167.62,531.33
327500.0,3972500.0,121.08901,35.88158,16,53.91,587.43
205500.0,3924500.0,119.75656,35.4204,16,142.29,4.89
224500.0,3946500.0,119.95807,35.62393,16,156.47,291.26
212500.0,3893500.0,119.8444,35.14335,16,9.56,15.6
257500.0,3813500.0,120.36088,34.43456,16,52.72,1.29
232500.0,3869500.0,120.07138,34.93273,16,94.72,913.84
287500.0,3824500.0,120.68438,34.54029,16,146.89,470.5
306500.0,3948500.0,120.86231,35.66141,16,111.19,564.46
174500.0,3897500.0,119.42642,35.16777,15,161.89,263.04
195500.0,3873500.0,119.66542,34.95831,15,79.71,218.71
193500.0,3873500.0,119.64355,34.9577,15,84.81,90.47
218500.0,3852500.0,119.92401,34.77586,15,115.19,142.37
192500.0,3888500.0,119.62707,35.09243,15,39.93,5.47
235500.0,3818500.0,120.12016,34.47419,15,139.47,87.28
298500.0,4009500.0,120.75852,36.20937,15,87.15,649.99
320500.0,3968500.0,121.01241,35.84427,15,14.87,3.51
206500.0,3859500.0,119.79062,34.83551,15,26.98,3.62
245500.0,3910500.0,120.20094,35.30535,15,8.59,8.65
269500.0,3992500.0,120.44117,36.04978,15,160.33,10.86
345500.0,3848500.0,121.31174,34.76697,15,155.56,111.7
335500.0,3933500.0,121.18558,35.53149,15,145.29,31.24
400500.0,3821500.0,121.91579,34.53038,15,149.6,17211.78
162500.0,3867500.0,119.30709,34.89386,15,179.41,24.89
169500.0,3861500.0,119.38591,34.84217,15,127.5,2.19
180500.0,3895500.0,119.49295,35.1517,15,131.71,4.14
207500.0,3865500.0,119.79944,34.88982,15,55.71,6.94
197500.0,3930500.0,119.66635,35.47202,15,122.73,2.3
250500.0,3837500.0,120.27774,34.64908,15,168.71,13347.62
228500.0,3825500.0,120.04181,34.53542,15,77.84,10.29
253500.0,4001500.0,120.26091,36.12691,15,67.81,2.04
252500.0,4006500.0,120.24824,36.17168,15,8.53,8.23
316500.0,3979500.0,120.9656,35.94265,15,93.98,382114.5
301500.0,4000500.0,120.79414,36.12891,15,72.98,1.35
282500.0,3992500.0,120.58537,36.05277,15,143.27,1.65
338500.0,3934500.0,121.21846,35.541,15,129.53,1665.92
323500.0,3971500.0,121.04494,35.87185,15,57.78,161.51
201500.0,3843500.0,119.74169,34.69,15,158.09,206.14
185500.0,3902500.0,119.54508,35.21628,15,119.66,13.21
195500.0,3918500.0,119.64882,35.36339,15,143.48,2.47
190500.0,3927500.0,119.59047,35.44286,15,81.93,4.04
218500.0,3912500.0,119.90367,35.31612,15,150.51,25.25
218500.0,3946500.0,119.8919,35.62224,15,127.59,6038.65
251500.0,3819500.0,120.2939,34.48718,15,47.95,242.23
239500.0,3824500.0,120.16184,34.52925,15,42.57,2805.17
242500.0,3835500.0,120.19115,34.62909,15,178.6,16.08
261500.0,3891500.0,120.38225,35.13814,15,159.24,23.79
262500.0,3892500.0,120.39293,35.14739,15,2.99,54.59
270500.0,3877500.0,120.48482,35.01412,15,103.64,144.35
250500.0,3933500.0,120.24884,35.51375,15,36.83,98.39
249500.0,3987500.0,120.22095,35.99981,15,88.51,3.32
288500.0,3815500.0,120.6975,34.45939,15,60.85,251.96
280500.0,3900500.0,120.58823,35.22355,15,179.45,4.38
313500.0,3945500.0,120.94029,35.63573,15,111.66,66.77
296500.0,3994500.0,120.74016,36.07382,15,43.73,17.61
327500.0,3877500.0,121.10916,35.02546,15,18.1,29.24
350500.0,3937500.0,121.35023,35.56992,15,24.16,10.97
322500.0,3967500.0,121.03476,35.83563,15,17.41,379.73
399500.0,3921500.0,121.89282,35.43187,15,34.73,96283.12
380500.0,3974500.0,121.67568,35.90751,15,17.83,70.92
428500.0,3841500.0,122.21918,34.71305,15,30.93,1403.51
163500.0,3874500.0,119.31519,34.95719,15,41.2,21.4
164500.0,3856500.0,119.33333,34.79553,15,17.89,82.12
200500.0,3851500.0,119.72795,34.76173,15,174.19,1057.82
217500.0,3904500.0,119.89544,35.24381,15,142.44,27.57
225500.0,3901500.0,119.98425,35.21902,15,84.56,810.74
265500.0,3873500.0,120.4312,34.97694,15,3.62,8.98
233500.0,3885500.0,120.07719,35.07709,15,88.14,15388.99
241500.0,3884500.0,120.16515,35.07016,15,40.69,5061.65
231500.0,3909500.0,120.04747,35.29268,15,149.42,4.43
263500.0,3926500.0,120.39409,35.45389,15,158.33,2015.57
249500.0,3919500.0,120.24213,35.38741,15,137.6,21556.69
241500.0,3916500.0,120.1551,35.35835,15,18.56,345.04
234500.0,3945500.0,120.06868,35.61766,15,68.41,5.48
309500.0,3987500.0,120.88612,36.01339,15,52.97,6.13
298500.0,3990500.0,120.76338,36.0382,15,115.55,414.56
297500.0,3989500.0,120.75254,36.02898,15,34.79,75.28
311500.0,4017500.0,120.90111,36.28407,15,20.81,761.23
340500.0,3955500.0,121.23636,35.73058,15,7.3,32.01
341500.0,3948500.0,121.24879,35.66765,15,168.26,1711.27
329500.0,3981500.0,121.10923,35.96303,15,42.57,90.09
390500.0,3854500.0,121.80257,34.82689,15,57.65,297.37
378500.0,3858500.0,121.67079,34.86159,15,155.62,5075.01
223500.0,3869500.0,119.97297,34.93032,15,113.85,118037.16
190500.0,3902500.0,119.59992,35.21783,15,95.73,729.6
194500.0,3882500.0,119.65118,35.03902,15,167.69,476.79
243500.0,3848500.0,120.1981,34.74643,15,63.61,2512.2
244500.0,3847500.0,120.20932,34.73767,15,66.86,658.69
252500.0,3859500.0,120.29308,34.84774,15,162.31,853.62
252500.0,3860500.0,120.29278,34.85674,15,22.05,177.4
249500.0,3885500.0,120.25249,35.08119,15,12.94,587.82
229500.0,3919500.0,120.0222,35.38219,15,162.8,18.42
247500.0,3995500.0,120.19624,36.07134,15,38.12,16.4
288500.0,3866500.0,120.68473,34.91893,15,58.93,943.62
274500.0,3896500.0,120.52345,35.18619,15,7.53,68.94
315500.0,3948500.0,120.96168,35.66313,15,133.09,4.33
333500.0,3912500.0,121.16783,35.3419,15,27.92,148002.23
361500.0,3940500.0,121.47106,35.59856,15,46.24,526.0
353500.0,3945500.0,121.38187,35.64247,15,138.89,3609.18
327500.0,3944500.0,121.09504,35.62926,15,145.13,835.95
389500.0,3953500.0,121.77831,35.71927,15,62.18,6776.16
364500.0,3937500.0,121.50467,35.57193,15,45.59,5583.32
253500.0,3836500.0,120.31073,34.6408,15,112.09,2.61
249500.0,3837500.0,120.26684,34.64884,15,147.89,6.89
249500.0,3836500.0,120.26714,34.63983,15,12.25,6.88
265500.0,3885500.0,120.42781,35.08504,15,120.79,2.21
247500.0,3998500.0,120.19528,36.09835,15,166.03,3.01
352500.0,3865500.0,121.38521,34.92125,15,167.92,420.9
357500.0,3969500.0,121.42177,35.85936,15,95.52,17.11
338500.0,3978500.0,121.2096,35.93752,15,102.82,28103.71
338500.0,4016500.0,121.20181,36.27995,15,49.41,10.56
173500.0,3880500.0,119.42215,35.01446,15,44.44,69.4
197500.0,3931500.0,119.66598,35.48102,15,68.39,14.48
200500.0,3932500.0,119.69863,35.49093,15,82.31,527.92
217500.0,3943500.0,119.88193,35.59494,15,74.63,47.92
249500.0,3873500.0,120.2561,34.9731,15,93.66,773.51
241500.0,3904500.0,120.15889,35.25028,15,2.33,6.42
234500.0,3957500.0,120.06472,35.72571,15,110.05,2.17
250500.0,3998500.0,120.22856,36.09913,15,87.98,1.13
290500.0,3836500.0,120.71409,34.64903,15,114.33,27.24
302500.0,3874500.0,120.836,34.99384,15,57.08,1764.1
273500.0,3873500.0,120.51876,34.97876,15,31.89,93430.34
304500.0,3872500.0,120.85837,34.97621,15,55.34,848.5
304500.0,3877500.0,120.85719,35.02127,15,76.49,6655.63
307500.0,3876500.0,120.89028,35.01283,15,165.86,117.72
322500.0,3835500.0,121.06326,34.64606,15,176.9,117.41
321500.0,3868500.0,121.04535,34.9433,15,161.97,88.47
344500.0,3849500.0,121.30063,34.77584,15,154.47,54.05
359500.0,3888500.0,121.45793,35.12957,15,37.23,1713.13
339500.0,3938500.0,121.22869,35.57721,15,133.86,14058.41
354500.0,4020500.0,121.37914,36.31855,15,84.84,42.74
395500.0,3814500.0,121.86217,34.46677,15,11.34,13931.44
367500.0,3837500.0,121.55379,34.6709,15,161.13,137.7
385500.0,3832500.0,121.75089,34.628,15,67.7,483.19
386500.0,3832500.0,121.7618,34.62811,15,68.03,688.68
366500.0,3869500.0,121.53779,34.95925,15,41.34,27658.47
364500.0,3879500.0,121.51426,35.04913,15,39.25,1375.79
363500.0,3880500.0,121.50314,35.05801,15,36.94,1587.3
371500.0,3952500.0,121.57951,35.70807,15,125.03,6539.6
390500.0,3950500.0,121.78977,35.69234,15,55.45,2485.44
371500.0,3941500.0,121.58126,35.60892,15,62.56,4.1
439500.0,3811500.0,122.34143,34.44324,15,70.97,3394353.53
437500.0,3836500.0,122.31783,34.66856,15,36.13,39027.3
434500.0,3922500.0,122.27829,35.4438,15,62.05,1270189.86
428500.0,4002500.0,122.20503,36.16462,15,142.74,3492.54
428500.0,4007500.0,122.20458,36.20969,15,41.81,313.37
235500.0,3822500.0,120.11892,34.51022,15,67.44,3698.73
249500.0,3875500.0,120.2555,34.99112,15,120.44,36.2
260500.0,3862500.0,120.37963,34.87668,15,165.2,1409.32
266500.0,3860500.0,120.44578,34.86006,15,161.93,143.35
267500.0,3860500.0,120.45671,34.86029,15,162.5,528.42
252500.0,3885500.0,120.28536,35.08193,15,70.57,1.96
240500.0,3961500.0,120.12969,35.76333,15,56.09,6.4
275500.0,3895500.0,120.5347,35.1774,15,1.54,7.38
316500.0,3924500.0,120.97816,35.44706,15,130.63,685.78
281500.0,3919500.0,120.59414,35.39494,15,53.39,36.78
319500.0,3863500.0,121.02454,34.89789,15,69.56,5698.86
349500.0,3954500.0,121.33602,35.72298,15,12.5,1850.99
389500.0,3933500.0,121.78105,35.53898,15,59.34,73667.7
400500.0,3937500.0,121.90188,35.57621,15,91.07,3584.79
384500.0,4000500.0,121.71621,36.14234,15,117.44,709.18
383500.0,3999500.0,121.70524,36.13321,15,102.51,143359.82
437500.0,3858500.0,122.31619,34.86693,15,46.17,71548.56
439500.0,3994500.0,122.32794,36.09325,15,8.13,359.48
171500.0,3865500.0,119.40618,34.87881,15,87.38,372.47
198500.0,3848500.0,119.70721,34.73414,15,28.78,6.22
193500.0,3840500.0,119.65558,34.66063,15,51.94,196.21
205500.0,3871500.0,119.77548,34.94326,15,179.19,7.61
211500.0,3871500.0,119.84108,34.94498,15,138.41,278.66
188500.0,3894500.0,119.581,35.14521,15,21.97,35.96
193500.0,3915500.0,119.62797,35.33577,15,164.65,188.15
239500.0,3832500.0,120.15939,34.60131,15,136.27,54.06
243500.0,3834500.0,120.20235,34.62033,15,0.74,71.46
241500.0,3863500.0,120.17166,34.88103,15,43.01,1101.67
236500.0,3882500.0,120.11101,35.05086,15,15.71,25.6
251500.0,3938500.0,120.25832,35.55904,15,44.62,7.34
246500.0,3957500.0,120.19724,35.72888,15,1.0,2.42
236500.0,3946500.0,120.09041,35.6272,15,110.61,14.07
292500.0,3891500.0,120.72225,35.14502,15,165.44,491.89
277500.0,3927500.0,120.54795,35.46612,15,154.11,174.29
288500.0,3951500.0,120.6628,35.68474,15,9.43,5.0
341500.0,3856500.0,121.26654,34.83847,15,159.24,135.18
335500.0,3869500.0,121.19839,34.95469,15,158.94,40.85
362500.0,3909500.0,121.48734,35.31928,15,94.96,650.78
346500.0,3930500.0,121.30743,35.50622,15,34.42,13505.33
407500.0,3962500.0,121.97624,35.80226,15,80.58,344.48
411500.0,3931500.0,122.02392,35.52316,15,62.34,170048.51
425500.0,3963500.0,122.17535,35.81281,15,19.31,40432.58
202500.0,3866500.0,119.74446,34.89737,15,166.98,193.8
199500.0,3915500.0,119.69388,35.3376,15,177.63,39.66
210500.0,3905500.0,119.81826,35.25081,15,63.09,35.24
212500.0,3909500.0,119.83882,35.2874,15,176.45,13.82
248500.0,3872500.0,120.24546,34.96385,15,86.66,2087.77
249500.0,3856500.0,120.2612,34.81998,15,45.14,502.35
250500.0,3883500.0,120.26405,35.06342,15,118.06,568.71
268500.0,3913500.0,120.45282,35.33796,15,94.91,497.09
250500.0,3970500.0,120.23737,35.84697,15,97.75,139.77
274500.0,3898500.0,120.5229,35.2042,15,121.65,683.56
276500.0,3895500.0,120.54567,35.17762,15,179.97,154.16
287500.0,3912500.0,120.66197,35.33317,15,96.4,2624.43
343500.0,3869500.0,121.28597,34.95595,15,68.86,2902.93
325500.0,3914500.0,121.07941,35.35856,15,18.43,1705.67
343500.0,3902500.0,121.27973,35.25339,15,52.45,783.07
356500.0,3960500.0,121.41231,35.7781,15,147.02,9590.53
403500.0,3861500.0,121.9439,34.89132,15,69.02,11134.24
213500.0,3882500.0,119.85917,35.04459,15,178.73,130.18
205500.0,3846500.0,119.78425,34.71817,15,88.87,944.02
227500.0,3934500.0,119.99519,35.51671,15,66.29,2.25
267500.0,3820500.0,120.46771,34.49992,15,44.15,23.42
262500.0,3876500.0,120.39751,35.00326,15,7.87,57.23
252500.0,3892500.0,120.28327,35.14498,15,155.43,117.93
228500.0,3938500.0,120.00486,35.553,15,55.15,25.91
270500.0,3816500.0,120.50143,34.46456,15,145.41,1745.63
287500.0,3850500.0,120.67785,34.77456,15,13.77,33.96
289500.0,3850500.0,120.69969,34.77498,15,73.45,2827.69
276500.0,3910500.0,120.54159,35.31276,15,94.93,417.53
362500.0,3861500.0,121.49531,34.8866,15,66.36,1.21
320500.0,3921500.0,121.02287,35.42075,15,14.51,476.2
345500.0,3906500.0,121.30095,35.28975,15,29.33,2984.8
322500.0,3916500.0,121.04597,35.37605,15,116.94,227.28
394500.0,3839500.0,121.84818,34.69208,15,160.31,42.1
392500.0,3829500.0,121.82762,34.60171,15,63.82,746.09
382500.0,3857500.0,121.71468,34.85305,15,31.78,526.75
381500.0,3859500.0,121.70346,34.87096,15,124.86,42.77
370500.0,3946500.0,121.56942,35.65386,15,35.57,46138.66
199500.0,3850500.0,119.7174,34.75244,15,14.51,22.24
219500.0,3904500.0,119.91739,35.24437,15,101.5,669.11
209500.0,3912500.0,119.80481,35.31354,15,88.09,2.28
269500.0,3829500.0,120.48704,34.58146,15,31.02,685.77
243500.0,3822500.0,120.20597,34.51224,15,40.72,374.18
234500.0,3909500.0,120.08042,35.29348,15,11.9,21.3
249500.0,3910500.0,120.24489,35.30636,15,90.25,1391.82
251500.0,3947500.0,120.25556,35.64009,15,88.4,457.41
252500.0,3964500.0,120.26135,35.79345,15,89.66,2.83
269500.0,3974500.0,120.4464,35.88765,15,52.74,5.3
253500.0,3962500.0,120.27302,35.77569,15,47.74,8.61
259500.0,3962500.0,120.33933,35.77717,15,60.12,19.09
274500.0,3968500.0,120.50344,35.83477,15,48.17,63.61
304500.0,4011500.0,120.82472,36.22862,15,69.51,31.77
316500.0,4013500.0,120.95769,36.24899,15,141.58,3.21
334500.0,4000500.0,121.16067,36.1351,15,113.84,1528.55
325500.0,4006500.0,121.05936,36.18759,15,177.82,1.28
322500.0,4015500.0,121.02398,36.26813,15,115.35,1.98
328500.0,4014500.0,121.09096,36.26021,15,19.16,81.47
376500.0,4014500.0,121.6251,36.26754,15,150.08,362.42
173500.0,3861500.0,119.42958,34.84346,15,172.84,7.34
243500.0,4004500.0,120.14894,36.15133,15,114.09,73.78
283500.0,3931500.0,120.61295,35.50349,15,95.32,51.75
280500.0,3971500.0,120.56899,35.86316,15,115.18,1743.44
314500.0,4016500.0,120.93473,36.27564,15,57.08,13.41
339500.0,3909500.0,121.23441,35.31585,15,126.12,121.55
343500.0,3980500.0,121.26461,35.95636,15,92.74,375.2
379500.0,3982500.0,121.66339,35.9795,15,134.23,1024.84
168500.0,3856500.0,119.37697,34.79684,15,11.54,662.74
232500.0,3902500.0,120.06073,35.22991,15,171.57,158.36
239500.0,3894500.0,120.14009,35.15971,15,62.3,108.84
256500.0,3920500.0,120.31883,35.39815,15,105.22,89.67
305500.0,4007500.0,120.83683,36.19278,15,141.28,308.86
334500.0,3964500.0,121.16818,35.81069,15,170.0,5.11
334500.0,3980500.0,121.16486,35.95488,15,81.45,20.97
327500.0,3977500.0,121.08793,35.92663,15,86.22,56.01
325500.0,3991500.0,121.06269,36.05243,15,62.75,2.65
392500.0,3983500.0,121.80742,35.99003,15,170.1,50.39
217500.0,3936500.0,119.88437,35.53192,15,124.59,51.21
257500.0,3823500.0,120.35804,34.52464,15,176.1,2.33
343500.0,3935500.0,121.2734,35.55081,15,37.37,158313760.18
335500.0,4019500.0,121.16779,36.30648,15,129.9,3.01
379500.0,3873500.0,121.67957,34.99694,15,106.75,1134.3
374500.0,3953500.0,121.61251,35.71747,15,68.03,14.37
374500.0,3957500.0,121.61188,35.75353,15,4.44,933.1
383500.0,3960500.0,121.71097,35.78168,15,144.21,3949.84
384500.0,3960500.0,121.72203,35.7818,15,90.57,61.09
389500.0,3993500.0,121.77275,36.07983,15,130.97,8272.75
426500.0,3857500.0,122.19594,34.85718,15,119.08,2717.35
424500.0,3855500.0,122.17424,34.839,15,53.0,43603.14
425500.0,3855500.0,122.18518,34.83908,15,142.02,4523.19
314500.0,3952500.0,120.94971,35.69899,15,28.75,476.71
362500.0,3977500.0,121.47575,35.93218,15,88.14,70287.93
189500.0,3877500.0,119.59832,34.99249,15,141.16,223.21
247500.0,3947500.0,120.21143,35.63908,15,128.66,193.78
320500.0,3967500.0,121.01263,35.83526,15,85.55,156.15
332500.0,3945500.0,121.15002,35.63913,15,6.32,315.78
321500.0,3957500.0,121.02593,35.74534,15,55.78,114.31
332500.0,4005500.0,121.13739,36.17981,15,106.95,461.57
200500.0,3827500.0,119.73644,34.54566,15,110.0,284.45
201500.0,3897500.0,119.72239,35.17615,15,133.91,244.57
193500.0,3900500.0,119.63357,35.20075,15,114.94,376.24
203500.0,3925500.0,119.7342,35.42881,15,57.45,116.09
258500.0,3819500.0,120.37006,34.48884,15,166.24,5.06
260500.0,3816500.0,120.39266,34.46228,15,145.69,65.84
297500.0,3985500.0,120.75357,35.99295,15,127.64,39482.43
307500.0,3981500.0,120.8654,35.95894,15,81.37,740.19
344500.0,3969500.0,121.27785,35.85739,15,69.88,2266.51
190500.0,3930500.0,119.58933,35.46986,14,138.58,1.33
268500.0,3832500.0,120.47533,34.60826,14,145.87,5.33
273500.0,3830500.0,120.53034,34.59136,14,51.27,493.16
213500.0,3848500.0,119.87081,34.73845,14,152.64,129.13
222500.0,3851500.0,119.96799,34.76795,14,14.14,146.46
222500.0,3907500.0,119.9493,35.27222,14,131.48,368.16
216500.0,3945500.0,119.8702,35.61266,14,26.93,2.3
260500.0,3842500.0,120.38533,34.69651,14,64.09,2488.95
251500.0,3832500.0,120.29011,34.60428,14,86.94,2266.99
272500.0,3827500.0,120.52025,34.56411,14,51.39,467.64
301500.0,3989500.0,120.79691,36.02981,14,28.69,571.63
324500.0,3997500.0,121.05026,36.10631,14,22.87,11.95
173500.0,3860500.0,119.42997,34.83446,14,177.29,98.68
165500.0,3882500.0,119.33384,35.02984,14,30.91,795.18
179500.0,3913500.0,119.47498,35.31338,14,81.17,5.76
200500.0,3822500.0,119.7382,34.50064,14,69.65,2.73
215500.0,3870500.0,119.88516,34.93711,14,14.65,134.15
216500.0,3856500.0,119.90084,34.81133,14,171.37,27.04
212500.0,3869500.0,119.8527,34.92726,14,7.38,465.6
182500.0,3854500.0,119.53048,34.7833,14,90.36,260.15
264500.0,3904500.0,120.41143,35.25595,14,172.61,54.16
335500.0,3866500.0,121.19898,34.92765,14,11.52,3.48
338500.0,3954500.0,121.21445,35.72124,14,111.51,8.73
174500.0,3886500.0,119.43074,35.06878,14,140.29,25.26
224500.0,3826500.0,119.99796,34.54336,14,8.52,2.7
205500.0,3843500.0,119.78529,34.69116,14,150.29,22.7
212500.0,3882500.0,119.84822,35.04431,14,176.03,306.84
217500.0,3914500.0,119.892,35.33384,14,61.98,69.63
270500.0,3829500.0,120.49793,34.58168,14,52.0,281971.8
258500.0,3905500.0,120.34525,35.26353,14,167.39,139.63
290500.0,3872500.0,120.70511,34.97341,14,64.84,311.32
317500.0,3974500.0,120.97783,35.89778,14,29.26,2.49
313500.0,4020500.0,120.92265,36.31148,14,140.81,364.46
326500.0,3910500.0,121.09126,35.32269,14,114.67,65.32
350500.0,3940500.0,121.34967,35.59696,14,48.73,117.18
209500.0,3865500.0,119.8213,34.89039,14,49.88,1.6
184500.0,3893500.0,119.53755,35.13496,14,70.2,3.29
218500.0,3928500.0,119.89816,35.46018,14,32.88,3.11
252500.0,3819500.0,120.30478,34.48742,14,140.14,4.16
257500.0,3817500.0,120.35975,34.47059,14,97.09,18.45
234500.0,3848500.0,120.0999,34.74413,14,86.04,18.93
227500.0,3840500.0,120.02611,34.67024,14,2.43,60.16
232500.0,3836500.0,120.08188,34.63553,14,47.16,637.25
240500.0,3867500.0,120.15949,34.9168,14,172.75,342.9
240500.0,3866500.0,120.1598,34.90779,14,133.12,331.46
238500.0,3897500.0,120.12817,35.18647,14,66.74,1503.98
268500.0,3876500.0,120.4632,35.00465,14,37.83,6759.68
267500.0,3876500.0,120.45225,35.00442,14,27.01,5.55
239500.0,3931500.0,120.12832,35.49292,14,86.3,48.48
282500.0,3894500.0,120.61177,35.16993,14,13.64,33.93
293500.0,3900500.0,120.73096,35.22631,14,116.07,1381.5
316500.0,3940500.0,120.97454,35.59123,14,38.34,308.02
317500.0,3946500.0,120.98421,35.64548,14,137.86,244.79
283500.0,3986500.0,120.5981,35.99895,14,59.18,41.97
326500.0,3829500.0,121.10812,34.59267,14,27.98,8564.98
347500.0,3875500.0,121.32866,35.01065,14,73.67,51261.33
337500.0,3904500.0,121.21341,35.27046,14,57.97,228095.27
339500.0,3941500.0,121.22809,35.60424,14,83.18,1520.35
338500.0,3940500.0,121.21726,35.59507,14,149.63,38748.34
350500.0,3957500.0,121.34651,35.75017,14,44.15,12.33
401500.0,3973500.0,121.90849,35.90084,14,152.35,2403848.18
373500.0,4015500.0,121.59155,36.27617,14,116.44,254368.6
420500.0,4007500.0,122.11559,36.20907,14,30.23,32.55
205500.0,3877500.0,119.77336,34.99728,14,150.68,98.23
205500.0,3898500.0,119.76589,35.18634,14,167.95,47.74
199500.0,3906500.0,119.69718,35.25658,14,61.37,19.82
222500.0,3929500.0,119.94183,35.47031,14,157.22,427.84
254500.0,3830500.0,120.32337,34.58699,14,170.12,30.47
245500.0,3826500.0,120.22654,34.54877,14,98.55,95.62
248500.0,3902500.0,120.23635,35.23405,14,166.78,3.09
236500.0,3881500.0,120.11133,35.04185,14,86.32,44459.55
258500.0,3925500.0,120.33935,35.44368,14,124.86,822.13
231500.0,3952500.0,120.03326,35.67988,14,69.65,762.46
284500.0,3891500.0,120.63449,35.14333,14,160.74,33.52
308500.0,3948500.0,120.88439,35.6618,14,104.3,464.99
306500.0,3977500.0,120.85529,35.9227,14,156.54,13.73
277500.0,3964500.0,120.53774,35.79943,14,155.28,8.67
301500.0,3991500.0,120.7964,36.04783,14,31.39,34.53
293500.0,4011500.0,120.70241,36.22633,14,153.1,574.5
328500.0,3854500.0,121.12483,34.81833,14,125.18,11202.33
331500.0,3949500.0,121.13814,35.67501,14,28.07,20.52
335500.0,3961500.0,121.17986,35.78382,14,158.09,37.89
356500.0,3980500.0,121.40871,35.95836,14,9.19,28.23
343500.0,3958500.0,121.26893,35.7581,14,169.87,1594.41
352500.0,3972500.0,121.36586,35.88566,14,28.31,6.94
355500.0,3964500.0,121.40053,35.81401,14,102.05,74.42
365500.0,3833500.0,121.53261,34.63458,14,67.06,1656.07
375500.0,3903500.0,121.63123,35.26689,14,35.92,3669501.04
246500.0,3883500.0,120.22023,35.06242,14,117.26,4297.91
314500.0,3813500.0,120.98082,34.44637,14,58.07,14833.97
310500.0,3866500.0,120.92542,34.92328,14,154.34,82.51
304500.0,3915500.0,120.84818,35.36368,14,90.77,2133.31
317500.0,3917500.0,120.99074,35.38416,14,18.53,715.36
319500.0,3991500.0,120.99611,36.05133,14,60.62,27.28
354500.0,3946500.0,121.39273,35.65163,14,139.85,3032.7
345500.0,4004500.0,121.28208,36.17296,14,104.7,1424.03
368500.0,3952500.0,121.54635,35.70768,14,151.81,488.65
388500.0,3953500.0,121.76725,35.71916,14,59.18,1068.58
374500.0,3949500.0,121.61313,35.68142,14,62.52,1233.21
372500.0,3978500.0,121.58641,35.94255,14,44.61,354.06
384500.0,3957500.0,121.72246,35.75475,14,8.43,4678.16
391500.0,3992500.0,121.7951,36.07104,14,130.68,341.4
408500.0,4000500.0,121.98293,36.14491,14,136.06,775.22
443500.0,3834500.0,122.38344,34.65087,14,55.99,2084.41
173500.0,3879500.0,119.42255,35.00546,14,13.49,38.26
186500.0,3885500.0,119.56249,35.06358,14,29.35,12.04
213500.0,3881500.0,119.85951,35.03559,14,174.1,162.96
184500.0,3907500.0,119.53219,35.26097,14,112.58,12.77
243500.0,3888500.0,120.18582,35.1067,14,72.14,59.17
266500.0,3901500.0,120.43425,35.2294,14,163.66,698.17
269500.0,3900500.0,120.46747,35.22108,14,70.53,2106.94
299500.0,3914500.0,120.79342,35.35367,14,77.61,173.89
279500.0,3981500.0,120.55515,35.95301,14,154.3,19.56
221500.0,3873500.0,119.94977,34.96579,14,45.14,4.96
201500.0,3893500.0,119.72384,35.14015,14,113.03,810.54
195500.0,3927500.0,119.64547,35.4444,14,84.94,529.66
218500.0,3934500.0,119.89608,35.5142,14,17.58,15.27
253500.0,3864500.0,120.30253,34.89302,14,45.48,60.07
261500.0,3902500.0,120.37907,35.23723,14,1.14,10.1
233500.0,3913500.0,120.06814,35.32924,14,154.55,74.36
291500.0,3852500.0,120.72103,34.79341,14,147.5,1520.64
301500.0,3877500.0,120.82433,35.02068,14,164.81,65.7
314500.0,3930500.0,120.95476,35.50075,14,79.44,283.51
316500.0,3918500.0,120.97951,35.39299,14,177.76,505.92
321500.0,3830500.0,121.05341,34.60083,14,134.02,107.91
337500.0,3867500.0,121.22067,34.93698,14,80.38,475.44
360500.0,3887500.0,121.46907,35.12069,14,128.14,517.91
340500.0,3940500.0,121.23933,35.59539,14,135.32,1452.17
345500.0,3958500.0,121.29104,35.75841,14,155.2,2140.62
341500.0,3960500.0,121.24642,35.7758,14,159.48,186.0
340500.0,3960500.0,121.23536,35.77564,14,80.01,725.67
368500.0,3837500.0,121.5647,34.67103,14,73.96,1940.04
394500.0,3947500.0,121.83436,35.66573,14,54.57,11259.85
387500.0,3935500.0,121.75871,35.55679,14,150.22,335.42
421500.0,3851500.0,122.14181,34.80271,14,50.2,13736.45
434500.0,4020500.0,122.27023,36.32731,14,118.67,4008.17
181500.0,3909500.0,119.4985,35.27802,14,100.31,9.67
195500.0,3866500.0,119.66797,34.89529,14,57.24,11.35
265500.0,3861500.0,120.43457,34.86883,14,71.42,648.98
280500.0,3878500.0,120.59407,35.02535,14,170.61,64.08
284500.0,3885500.0,120.63606,35.08928,14,66.92,4.29
292500.0,3897500.0,120.72074,35.19908,14,12.29,146108.27
303500.0,3973500.0,120.82305,35.88606,14,115.12,382.22
308500.0,3966500.0,120.88009,35.82398,14,5.5,2.31
321500.0,3887500.0,121.04127,35.11453,14,78.16,377.78
350500.0,3900500.0,121.35701,35.23643,14,35.68,961.57
320500.0,3928500.0,121.02132,35.48383,14,18.84,1458.65
328500.0,3981500.0,121.09814,35.96285,14,100.41,37.87
335500.0,3981500.0,121.17573,35.96406,14,93.96,1959.58
178500.0,3886500.0,119.47453,35.07006,14,113.26,8.78
222500.0,3862500.0,119.96436,34.86701,14,120.57,696.19
217500.0,3866500.0,119.90838,34.90165,14,108.62,2518.43
206500.0,3870500.0,119.78676,34.93454,14,94.55,918.44
222500.0,3874500.0,119.96037,34.97507,14,96.59,1818.64
211500.0,3862500.0,119.84419,34.86395,14,101.9,211.01
222500.0,3872500.0,119.96104,34.95706,14,37.2,4.84
191500.0,3861500.0,119.62611,34.84907,14,43.45,12.21
204500.0,3928500.0,119.74411,35.45612,14,156.16,16.09
192500.0,3921500.0,119.61473,35.38947,14,80.13,96.02
230500.0,3833500.0,120.06104,34.60799,14,175.85,20.88
263500.0,3925500.0,120.39438,35.44488,14,28.57,2.98
258500.0,3926500.0,120.33905,35.45268,14,135.8,91.4
242500.0,3946500.0,120.15659,35.62878,14,89.77,1.14
245500.0,3942500.0,120.19094,35.59354,14,3.4,3.49
238500.0,3962500.0,120.10726,35.77181,14,45.09,54.9
259500.0,3993500.0,120.32996,36.05637,14,154.98,31.49
281500.0,3868500.0,120.60764,34.93547,14,38.44,310.15
282500.0,3879500.0,120.61571,35.03479,14,179.58,227.68
289500.0,3879500.0,120.69239,35.03627,14,92.81,2653.29
279500.0,3950500.0,120.5637,35.67376,14,83.16,1.38
307500.0,3968500.0,120.86854,35.84181,14,64.74,499.52
289500.0,3968500.0,120.66938,35.83811,14,132.14,3.1
275500.0,3979500.0,120.5114,35.93409,14,143.6,263.26
284500.0,3959500.0,120.61649,35.75595,14,101.19,8.23
330500.0,3870500.0,121.14345,34.96287,14,160.1,46.93
324500.0,3936500.0,121.06366,35.55664,14,156.3,613.08
356500.0,3977500.0,121.40926,35.93132,14,18.67,18.92
392500.0,3937500.0,121.8136,35.57537,14,107.99,57.21
377500.0,3986500.0,121.64059,36.0153,14,13.11,881.36
243500.0,3862500.0,120.19383,34.87253,14,62.02,1258.26
240500.0,3886500.0,120.15357,35.08792,14,26.98,81.98
241500.0,3887500.0,120.16421,35.09718,14,113.77,75350.68
261500.0,3884500.0,120.38427,35.07509,14,63.51,3223.1
300500.0,3823500.0,120.82618,34.53388,14,73.84,1152.8
292500.0,3875500.0,120.72625,35.00085,14,154.73,7.1
353500.0,3832500.0,121.4019,34.62392,14,70.2,2236.92
360500.0,3820500.0,121.48021,34.51672,14,64.12,3114.58
348500.0,3898500.0,121.33541,35.21811,14,147.51,98.94
321500.0,3911500.0,121.03606,35.33082,14,110.42,135.73
326500.0,3911500.0,121.09105,35.3317,14,38.88,859.57
363500.0,3932500.0,121.49448,35.52673,14,33.95,4583.15
332500.0,3931500.0,121.15292,35.51296,14,47.7,3038.55
364500.0,3818500.0,121.52409,34.49923,14,63.89,858.02
376500.0,3873500.0,121.6467,34.99658,14,65.96,268.21
401500.0,3978500.0,121.90787,35.94591,14,90.31,85780.47
410500.0,3823500.0,122.02453,34.54934,14,28.81,4844.12
410500.0,3924500.0,122.01366,35.45996,14,5.84,915.0
225500.0,3886500.0,119.98923,35.08395,14,148.52,309.42
204500.0,3847500.0,119.77299,34.72689,14,46.27,3.07
207500.0,3916500.0,119.78142,35.34897,14,67.64,1.76
213500.0,3945500.0,119.83713,35.6118,14,97.34,5.36
268500.0,3813500.0,120.48049,34.43708,14,140.47,4962.69
261500.0,3876500.0,120.38656,35.00303,14,173.81,13.16
230500.0,3852500.0,120.05498,34.77911,14,39.09,46.38
255500.0,3912500.0,120.31022,35.32585,14,77.37,7.54
249500.0,3915500.0,120.24336,35.35139,14,58.06,1.39
285500.0,3813500.0,120.66537,34.44075,14,45.97,2997.39
302500.0,3854500.0,120.84072,34.81362,14,77.35,624.52
298500.0,3857500.0,120.7963,34.83987,14,84.2,139359.57
280500.0,3868500.0,120.5967,34.93525,14,124.53,99.14
293500.0,3849500.0,120.74362,34.76678,14,76.67,2308.43
361500.0,3861500.0,121.48437,34.88646,14,81.84,354.06
354500.0,3865500.0,121.4071,34.92154,14,79.09,1924.83
320500.0,3922500.0,121.02265,35.42976,14,145.45,477.55
325500.0,3975500.0,121.06621,35.90825,14,113.26,1337.79
320500.0,3962500.0,121.01375,35.79021,14,20.72,4.74
365500.0,3881500.0,121.5249,35.06729,14,37.59,7840.62
168500.0,3852500.0,119.37855,34.76084,14,116.75,1.22
181500.0,3854500.0,119.51957,34.78299,14,0.55,417.85
190500.0,3881500.0,119.60777,35.02881,14,42.67,23.65
224500.0,3910500.0,119.97026,35.29978,14,179.56,16.51
221500.0,3911500.0,119.93697,35.30796,14,173.16,5.77
240500.0,3836500.0,120.16905,34.63759,14,29.37,1546.56
227500.0,3903500.0,120.00553,35.23757,14,177.31,142.28
234500.0,3908500.0,120.08075,35.28448,14,95.8,62225.91
233500.0,3943500.0,120.05831,35.59938,14,10.25,4.86
234500.0,3939500.0,120.07065,35.56363,14,79.76,49.33
242500.0,3944500.0,120.15722,35.61077,14,176.24,85.56
266500.0,3964500.0,120.41612,35.79687,14,102.74,33.53
262500.0,3961500.0,120.37279,35.76889,14,138.63,145.82
252500.0,3961500.0,120.26228,35.76643,14,149.56,419.76
262500.0,3960500.0,120.37308,35.75989,14,165.44,31.28
271500.0,3967500.0,120.47054,35.82507,14,42.45,4.92
281500.0,3964500.0,120.58197,35.80033,14,67.52,5.46
309500.0,3977500.0,120.88852,35.92329,14,11.16,9.32
323500.0,4005500.0,121.03736,36.17821,14,33.07,43.04
332500.0,4020500.0,121.13418,36.31497,14,39.71,10.99
172500.0,3875500.0,119.41318,34.96913,14,49.31,75.26
223500.0,3844500.0,119.9812,34.70519,14,81.72,2357.84
195500.0,3836500.0,119.67881,34.62521,14,30.49,6.77
227500.0,3910500.0,120.00321,35.3006,14,5.28,1099.63
270500.0,3917500.0,120.47369,35.37445,14,148.05,61.89
266500.0,3959500.0,120.41758,35.75184,14,140.85,498.39
266500.0,3979500.0,120.41173,35.93198,14,80.26,168.84
271500.0,3964500.0,120.4714,35.79805,14,29.46,112.36
294500.0,3985500.0,120.72031,35.99232,14,170.07,16.97
281500.0,3977500.0,120.57841,35.91743,14,8.84,16808.31
305500.0,4008500.0,120.83658,36.20179,14,169.56,12.45
313500.0,4017500.0,120.92337,36.28445,14,168.71,1748.26
325500.0,3927500.0,121.07663,35.47571,14,32.36,550.03
335500.0,4017500.0,121.16821,36.28846,14,111.46,7.23
329500.0,4019500.0,121.10099,36.30544,14,11.19,404.05
336500.0,4016500.0,121.17955,36.27962,14,141.72,2.59
373500.0,3954500.0,121.6013,35.72636,14,90.01,125886.49
285500.0,3994500.0,120.6181,36.07146,14,152.99,55.52
342500.0,3929500.0,121.26353,35.49658,14,112.72,647.44
341500.0,3929500.0,121.25251,35.49642,14,96.08,23.27
395500.0,3860500.0,121.85649,34.88151,14,125.68,11.51
373500.0,3857500.0,121.61626,34.85197,14,92.71,1866.15
411500.0,3852500.0,122.03239,34.8109,14,68.08,17983.76
194500.0,3896500.0,119.64602,35.16505,14,114.06,232.46
234500.0,3902500.0,120.08269,35.23044,14,82.62,820.42
267500.0,3968500.0,120.42601,35.83314,14,102.55,95.01
279500.0,3964500.0,120.55985,35.79988,14,15.01,3.54
313500.0,4001500.0,120.92717,36.1403,14,19.99,7.86
311500.0,4000500.0,120.9052,36.1309,14,96.82,53.29
176500.0,3865500.0,119.46079,34.88042,14,156.59,11.89
195500.0,3901500.0,119.65513,35.21036,14,140.87,2.7
199500.0,3925500.0,119.6902,35.42761,14,67.42,161.91
229500.0,3933500.0,120.01755,35.50825,14,16.13,77.19
228500.0,3933500.0,120.00654,35.50798,14,121.01,1.56
320500.0,4018500.0,121.00104,36.29479,14,40.7,41.62
339500.0,3959500.0,121.2245,35.76646,14,176.5,57.89
354500.0,3977500.0,121.38709,35.93102,14,65.91,267.02
381500.0,3852500.0,121.70445,34.80785,14,60.87,982.76
378500.0,3943500.0,121.65823,35.62783,14,71.04,713.08
378500.0,3961500.0,121.65551,35.79009,14,61.97,1793.62
374500.0,3959500.0,121.61157,35.77155,14,15.01,101.12
406500.0,3994500.0,121.96141,36.09063,14,101.17,3423.22
403500.0,3994500.0,121.92809,36.09034,14,98.71,311.14
424500.0,3843500.0,122.17532,34.7308,14,176.96,144.73
423500.0,3847500.0,122.16403,34.76679,14,167.22,998.85
426500.0,3854500.0,122.1962,34.83013,14,51.0,16491.28
224500.0,3847500.0,119.99113,34.73248,14,170.54,8.47
213500.0,3887500.0,119.85744,35.08961,14,172.52,1084.73
262500.0,3968500.0,120.37071,35.83194,14,30.06,68.87
313500.0,3953500.0,120.93843,35.70781,14,25.07,1901.85
277500.0,3966500.0,120.53718,35.81744,14,134.72,462.38
225500.0,3938500.0,119.97181,35.55217,14,174.81,7.75
222500.0,3937500.0,119.9391,35.54234,14,111.19,203.07
382500.0,3951500.0,121.70122,35.70043,14,152.46,23.18
225500.0,3824500.0,120.00948,34.52561,14,96.54,377.96
233500.0,3904500.0,120.07106,35.24819,14,89.14,1015.43
303500.0,3906500.0,120.83934,35.28239,14,13.48,2.0
324500.0,3977500.0,121.05469,35.9261,14,74.11,765.62
327500.0,3979500.0,121.08749,35.94465,14,179.44,350.24
326500.0,3972500.0,121.07794,35.8814,14,60.63,198.16
332500.0,3942500.0,121.15064,35.6121,14,5.26,3562.4
349500.0,3931500.0,121.34031,35.51569,14,13.67,693.57
332500.0,4003500.0,121.13781,36.16179,14,99.84,269.16
179500.0,3876500.0,119.48933,34.98037,14,60.24,4.13
210500.0,3923500.0,119.8119,35.41287,14,57.79,164.37
202500.0,3856500.0,119.748,34.80734,13,147.26,1.66
216500.0,3890500.0,119.88928,35.11747,13,172.98,399.72
234500.0,3898500.0,120.08397,35.19442,13,15.5,95.96
318500.0,3953500.0,120.99367,35.70874,13,27.93,30.02
175500.0,3912500.0,119.43146,35.30309,13,30.63,2.07
218500.0,3840500.0,119.92801,34.66781,13,10.52,21.67
208500.0,3883500.0,119.80408,35.05216,13,158.32,2.56
216500.0,3928500.0,119.87615,35.45961,13,49.2,2.27
258500.0,3818500.0,120.37034,34.47984,13,28.51,129.61
255500.0,3832500.0,120.33368,34.60525,13,86.61,4855.16
232500.0,3904500.0,120.06008,35.24792,13,174.02,2.43
277500.0,3824500.0,120.57549,34.53817,13,143.98,104080.67
178500.0,3911500.0,119.46479,35.29506,13,168.03,17.9
181500.0,3896500.0,119.50352,35.16102,13,17.27,23.61
315500.0,3961500.0,120.95869,35.78027,13,76.49,3.77
320500.0,3929500.0,121.0211,35.49284,13,175.84,5.59
341500.0,3971500.0,121.24424,35.87493,13,66.23,3.01
174500.0,3842500.0,119.44784,34.67277,13,47.38,4.39
173500.0,3867500.0,119.42724,34.89746,13,161.23,15.75
172500.0,3857500.0,119.42022,34.80714,13,96.43,51.83
190500.0,3846500.0,119.6207,34.71374,13,70.66,41.28
218500.0,3838500.0,119.92868,34.6498,13,0.44,3.7
202500.0,3855500.0,119.74836,34.79833,13,74.0,60.09
212500.0,3881500.0,119.84856,35.0353,13,8.15,3.96
209500.0,3910500.0,119.80552,35.29554,13,22.66,16.02
187500.0,3910500.0,119.56397,35.28891,13,175.99,4.78
251500.0,3837500.0,120.28864,34.64932,13,166.53,3912.25
254500.0,3890500.0,120.30579,35.12745,13,155.07,318.22
230500.0,3917500.0,120.03386,35.36445,13,83.79,4560.78
318500.0,3973500.0,120.98913,35.88896,13,55.16,1041.96
302500.0,4001500.0,120.80499,36.13812,13,61.08,4.44
329500.0,3944500.0,121.11711,35.62961,13,100.99,945.23
319500.0,3936500.0,121.00853,35.55574,13,8.84,361.63
332500.0,3968500.0,121.14522,35.8464,13,142.9,9434.42
329500.0,3976500.0,121.1103,35.91797,13,73.04,890.67
185500.0,3849500.0,119.56508,34.73922,13,79.67,307.08
210500.0,3831500.0,119.8439,34.58454,13,68.58,27.04
200500.0,3853500.0,119.72724,34.77974,13,39.17,1.61
201500.0,3886500.0,119.72636,35.07713,13,154.65,9.78
224500.0,3924500.0,119.96554,35.42584,13,18.84,409.87
225500.0,3845500.0,120.00269,34.71473,13,68.64,50.28
234500.0,3847500.0,120.10022,34.73512,13,42.97,625.94
238500.0,3846500.0,120.14417,34.72715,13,25.81,5.41
242500.0,3869500.0,120.18075,34.93532,13,71.62,45.76
228500.0,3880500.0,120.02406,35.03073,13,48.73,123013.98
265500.0,3882500.0,120.42866,35.05801,13,94.14,202755.03
266500.0,3892500.0,120.4368,35.14833,13,95.43,588.79
267500.0,3892500.0,120.44777,35.14856,13,88.55,269.24
271500.0,3894500.0,120.49108,35.16749,13,179.82,280.73
240500.0,3918500.0,120.14348,35.37611,13,109.2,3928.21
271500.0,3919500.0,120.48412,35.3927,13,82.77,1067.96
248500.0,3956500.0,120.21965,35.72038,13,41.28,37.98
282500.0,3887500.0,120.61361,35.10687,13,140.34,5.77
298500.0,3885500.0,120.78953,35.09217,13,162.32,1333.54
282500.0,3886500.0,120.61387,35.09786,13,153.77,6.78
272500.0,3876500.0,120.507,35.00556,13,178.93,11.25
284500.0,3986500.0,120.60919,35.99917,13,115.43,4076.65
315500.0,3960500.0,120.95892,35.77126,13,137.18,1.75
292500.0,4017500.0,120.6897,36.28017,13,40.1,57.85
351500.0,3869500.0,121.37356,34.95716,13,157.14,128.22
342500.0,3851500.0,121.27841,34.79356,13,69.65,11067.2
350500.0,3936500.0,121.35041,35.56091,13,23.7,138.71
341500.0,3949500.0,121.24859,35.67667,13,63.98,528.96
380500.0,3976500.0,121.67538,35.92554,13,126.24,30635.82
393500.0,3958500.0,121.82186,35.76478,13,8.52,35686.69
412500.0,4012500.0,122.02604,36.25345,13,139.23,6787.42
206500.0,3842500.0,119.79654,34.68244,13,128.02,19.32
190500.0,3871500.0,119.61149,34.93879,13,176.69,69.43
233500.0,3848500.0,120.08899,34.74387,13,132.41,474.95
265500.0,3835500.0,120.44181,34.63461,13,68.95,500.03
231500.0,3875500.0,120.05852,34.9865,13,4.86,238.5
251500.0,3887500.0,120.2738,35.0997,13,29.44,406189.38
234500.0,3891500.0,120.08623,35.13138,13,86.13,7261.51
261500.0,3924500.0,120.37266,35.43539,13,95.33,4053243478.16
262500.0,3923500.0,120.38396,35.42663,13,36.23,124.58
235500.0,3947500.0,120.07905,35.63594,13,15.63,5.39
288500.0,3812500.0,120.69824,34.43236,13,48.21,33490.12
299500.0,3916500.0,120.79293,35.3717,13,87.14,216450.41
307500.0,3977500.0,120.86637,35.9229,13,170.12,9.91
276500.0,3977500.0,120.52304,35.9163,13,70.92,47.97
277500.0,3978500.0,120.53383,35.92554,13,63.24,37.06
306500.0,3964500.0,120.85845,35.80557,13,124.23,1920.53
338500.0,3988500.0,121.20756,36.02764,13,147.99,75292699275.74
329500.0,3999500.0,121.10534,36.12522,13,15.41,3397.83
430500.0,3834500.0,122.24159,34.65007,13,78.82,164691.75
416500.0,3850500.0,122.08725,34.79329,13,31.46,1154581.89
413500.0,3881500.0,122.05125,35.07255,13,58.17,1843820.32
200500.0,3847500.0,119.72937,34.72572,13,121.63,81.7
240500.0,3875500.0,120.157,34.98885,13,139.22,1190.59
267500.0,3898500.0,120.44608,35.20261,13,151.01,696.17
246500.0,3906500.0,120.21317,35.26957,13,73.23,1668.44
249500.0,3979500.0,120.22348,35.92777,13,167.45,63.96
316500.0,3917500.0,120.97973,35.38398,13,108.83,3205.19
317500.0,3940500.0,120.98557,35.59142,13,37.25,10.87
313500.0,3950500.0,120.93913,35.68078,13,130.24,66.49
351500.0,3893500.0,121.36926,35.17349,13,42.82,2338.42
351500.0,3897500.0,121.36854,35.20954,13,52.36,424.22
335500.0,3909500.0,121.19043,35.3152,13,27.93,3032.09
332500.0,3903500.0,121.15867,35.26062,13,22.99,658.0
330500.0,3907500.0,121.13586,35.29634,13,118.1,205.13
360500.0,3941500.0,121.45985,35.60743,13,42.4,1511.02
333500.0,3938500.0,121.1625,35.57622,13,88.34,516.64
318500.0,3942500.0,120.99615,35.60962,13,114.18,6.13
335500.0,3996500.0,121.17261,36.09923,13,10.98,26.28
401500.0,3821500.0,121.92669,34.53048,13,142.14,17007.22
389500.0,3946500.0,121.77927,35.65617,13,168.11,95.82
168500.0,3883500.0,119.36626,35.03983,13,43.82,386.28
227500.0,3937500.0,119.99418,35.54372,13,139.87,112.09
258500.0,3832500.0,120.36637,34.60596,13,70.2,209765.31
235500.0,3866500.0,120.10514,34.9065,13,106.14,1232.82
237500.0,3866500.0,120.12701,34.90702,13,110.58,67736.72
267500.0,3901500.0,120.44523,35.22963,13,162.68,8461.75
268500.0,3878500.0,120.46265,35.02267,13,171.16,354.65
245500.0,3886500.0,120.20835,35.08919,13,146.53,95.29
235500.0,3955500.0,120.07642,35.70797,13,64.77,186.8
309500.0,3959500.0,120.89282,35.76111,13,92.07,23.97
346500.0,3910500.0,121.3112,35.32596,13,39.53,173283.91
334500.0,3948500.0,121.17148,35.6665,13,40.82,53.95
179500.0,3895500.0,119.48199,35.15138,13,132.52,63.88
202500.0,3931500.0,119.72101,35.48253,13,40.08,49.87
253500.0,3873500.0,120.29988,34.97409,13,82.8,1032.76
254500.0,3865500.0,120.31317,34.90227,13,52.0,5.22
243500.0,3873500.0,120.19045,34.9716,13,45.84,71.49
253500.0,3897500.0,120.29274,35.19026,13,63.18,458.02
290500.0,3837500.0,120.71384,34.65804,13,160.75,16.69
313500.0,3930500.0,120.94374,35.50056,13,1.42,206.52
316500.0,3944500.0,120.97363,35.62728,13,129.26,336.7
340500.0,3828500.0,121.2609,34.58593,13,159.68,189.18
341500.0,3828500.0,121.2718,34.58608,13,161.65,106.42
346500.0,3826500.0,121.32666,34.56881,13,68.62,3326.16
348500.0,3825500.0,121.34863,34.5601,13,159.98,108.38
342500.0,3870500.0,121.27483,34.96481,13,44.99,1514.5
346500.0,3849500.0,121.32248,34.77614,13,64.35,3471.67
341500.0,3944500.0,121.24958,35.6316,13,118.05,1150.94
320500.0,3933500.0,121.02022,35.52889,13,123.86,62.12
330500.0,3936500.0,121.12983,35.55768,13,99.75,266.0
366500.0,3849500.0,121.54098,34.77895,13,64.95,1476.18
395500.0,3946500.0,121.84554,35.65682,13,143.51,716.03
378500.0,3971500.0,121.65398,35.88022,13,66.36,727.36
411500.0,3810500.0,122.03678,34.4322,13,35.56,9315.02
194500.0,3859500.0,119.65959,34.83198,13,71.78,169.43
180500.0,3861500.0,119.506,34.84568,13,144.3,1.33
234500.0,3822500.0,120.10804,34.50996,13,61.16,1463.43
250500.0,3894500.0,120.26073,35.1625,13,64.67,71.34
263500.0,3888500.0,120.40504,35.11159,13,3.97,31.52
267500.0,3899500.0,120.44579,35.21161,13,5.76,7.56
256500.0,3888500.0,120.32831,35.10992,13,158.76,44.78
284500.0,3895500.0,120.63345,35.17937,13,173.62,1077.63
309500.0,3965500.0,120.89139,35.81517,13,22.49,2656.92
348500.0,3902500.0,121.33467,35.25416,13,36.14,16915.16
350500.0,3954500.0,121.34707,35.72313,13,72.53,1923.84
436500.0,3993500.0,122.2947,36.08404,13,8.97,140.01
178500.0,3885500.0,119.47492,35.06106,13,168.31,11.52
169500.0,3879500.0,119.3788,35.00416,13,91.3,104.81
184500.0,3836500.0,119.55902,34.62189,13,8.1,1.71
212500.0,3872500.0,119.85167,34.95427,13,20.51,2.72
214500.0,3888500.0,119.86805,35.0989,13,169.09,4404.97
191500.0,3881500.0,119.61872,35.02911,13,126.21,19.32
214500.0,3893500.0,119.86632,35.14392,13,174.75,3044.36
248500.0,3836500.0,120.25624,34.63958,13,70.31,125.98
231500.0,3881500.0,120.05658,35.04053,13,95.93,1991.5
235500.0,3882500.0,120.10006,35.0506,13,104.98,943.25
259500.0,3909500.0,120.35506,35.2998,13,171.72,3399.08
256500.0,3928500.0,120.31643,35.47021,13,166.2,184.77
258500.0,3939500.0,120.33518,35.56977,13,0.01,9.06
236500.0,3949500.0,120.08943,35.65421,13,0.36,99.5
244500.0,3948500.0,120.17801,35.64731,13,39.25,429.53
228500.0,3943500.0,120.00319,35.59802,13,20.49,7.29
268500.0,3970500.0,120.43649,35.85139,13,58.13,7.62
289500.0,3828500.0,120.70517,34.57674,13,36.79,1101.54
280500.0,3870500.0,120.59617,34.95327,13,37.25,724.6
276500.0,3930500.0,120.53611,35.49293,13,166.62,45.75
284500.0,3955500.0,120.61756,35.71991,13,56.95,41.05
310500.0,3948500.0,120.90647,35.66219,13,11.82,166.92
306500.0,3968500.0,120.85748,35.84161,13,62.64,251.76
290500.0,3991500.0,120.67438,36.04552,13,87.21,5.88
342500.0,3861500.0,121.27653,34.88369,13,58.24,1469.23
340500.0,3856500.0,121.25561,34.83831,13,74.24,1503.65
363500.0,3909500.0,121.49834,35.31941,13,94.49,1055.2
328500.0,3936500.0,121.10777,35.55734,13,47.18,195.93
343500.0,3933500.0,121.27378,35.53279,13,92.04,286.7
349500.0,3982500.0,121.33074,35.97533,13,27.97,107.49
328500.0,4000500.0,121.09402,36.13406,13,102.2,194.73
331500.0,4009500.0,121.12541,36.21568,13,156.85,2.01
404500.0,3868500.0,121.95404,34.95453,13,60.49,9190.16
375500.0,3942500.0,121.62526,35.61845,13,175.06,224.1
397500.0,4012500.0,121.85911,36.25197,13,90.15,105.51
417500.0,3928500.0,122.09039,35.49663,13,62.48,70067.07
423500.0,3969500.0,122.15264,35.86674,13,107.95,497.38
197500.0,3905500.0,119.6756,35.24697,13,10.56,8.82
256500.0,3814500.0,120.34972,34.44333,13,157.75,1444.94
250500.0,3855500.0,120.27242,34.81122,13,46.78,1600.19
234500.0,3897500.0,120.0843,35.18542,13,53.72,303.64
266500.0,3981500.0,120.41114,35.94999,13,127.63,1.76
291500.0,3878500.0,120.71455,35.02768,13,92.12,666.41
288500.0,3912500.0,120.67297,35.33339,13,94.41,712.65
284500.0,3910500.0,120.62952,35.31451,13,92.13,1986.74
310500.0,3947500.0,120.9067,35.65318,13,23.99,3031.41
347500.0,3815500.0,121.33952,34.46981,13,46.51,1757.47
321500.0,3854500.0,121.04834,34.81713,13,66.58,899.37
324500.0,3853500.0,121.08133,34.80864,13,66.45,871.43
353500.0,3865500.0,121.39615,34.92139,13,168.79,5.48
348500.0,3899500.0,121.33522,35.22712,13,133.31,80.01
321500.0,3912500.0,121.03584,35.33983,13,19.53,2261.96
348500.0,3957500.0,121.3244,35.74987,13,60.26,5853.09
328500.0,3992500.0,121.09576,36.06197,13,28.07,34.89
392500.0,3942500.0,121.81294,35.62044,13,129.49,2610.86
388500.0,4006500.0,121.7598,36.19689,13,140.1,1428.43
223500.0,3831500.0,119.98545,34.58812,13,150.5,2.01
296500.0,3846500.0,120.7771,34.74035,13,18.38,17011.0
215500.0,3864500.0,119.8872,34.88308,13,112.67,1890.93
237500.0,3846500.0,120.13326,34.72689,13,22.6,7.29
235500.0,3876500.0,120.10197,34.99656,13,170.61,65.89
260500.0,3877500.0,120.37533,35.0118,13,87.53,1835.58
266500.0,3876500.0,120.4413,35.00419,13,101.06,1571.3
260500.0,4004500.0,120.33771,36.15568,13,167.76,1169.36
286500.0,3812500.0,120.67649,34.43195,13,43.88,199597.17
271500.0,3817500.0,120.51204,34.47379,13,145.14,1454.08
330500.0,3912500.0,121.13483,35.3414,13,124.42,11577.71
331500.0,3927500.0,121.14273,35.47675,13,40.17,65.47
363500.0,3982500.0,121.48597,35.97739,13,94.98,371.73
393500.0,3940500.0,121.82424,35.60252,13,110.41,402569.52
212500.0,3883500.0,119.84787,35.05331,13,124.46,169.29
190500.0,3880500.0,119.60814,35.0198,13,46.94,114.55
198500.0,3903500.0,119.6873,35.22927,13,167.07,1167.97
203500.0,3911500.0,119.73927,35.30278,13,40.39,619.25
220500.0,3911500.0,119.92598,35.30768,13,176.72,78.48
218500.0,3910500.0,119.90436,35.29811,13,31.42,29.81
241500.0,3825500.0,120.1833,34.53876,13,21.24,855.38
244500.0,3832500.0,120.21385,34.60257,13,44.88,41.35
265500.0,3920500.0,120.41783,35.40031,13,105.04,1026.9
247500.0,3910500.0,120.22292,35.30585,13,93.4,5153.03
230500.0,3947500.0,120.0239,35.63459,13,3.24,2.76
246500.0,3960500.0,120.1963,35.75589,13,56.88,109.15
274500.0,3971500.0,120.50259,35.8618,13,31.12,7.19
263500.0,3975500.0,120.37969,35.89523,13,56.71,6.43
247500.0,3997500.0,120.1956,36.08935,13,91.53,8.69
311500.0,4011500.0,120.90256,36.23001,13,163.25,3.03
301500.0,4003500.0,120.79338,36.15594,13,104.85,2.31
319500.0,3950500.0,121.00539,35.6819,13,173.75,410.86
353500.0,3955500.0,121.38005,35.7326,13,8.89,762.85
335500.0,4000500.0,121.17178,36.13527,13,113.41,27904.33
413500.0,4016500.0,122.03673,36.2896,13,89.88,35066.91
223500.0,3846500.0,119.98055,34.7232,13,84.61,3510.65
222500.0,3932500.0,119.94081,35.49732,13,44.01,609.83
258500.0,3813500.0,120.37175,34.43479,13,161.14,58.95
250500.0,3844500.0,120.27567,34.71213,13,54.03,4964.52
232500.0,3956500.0,120.04297,35.71617,13,125.02,7.54
262500.0,3972500.0,120.36952,35.86797,13,72.96,229.56
256500.0,3965500.0,120.30526,35.80345,13,56.91,4843.2
272500.0,3964500.0,120.48246,35.79828,13,32.83,123.7
255500.0,3966500.0,120.2939,35.81221,13,55.1,53.53
285500.0,3870500.0,120.65089,34.95434,13,153.94,114.87
302500.0,3917500.0,120.82569,35.3813,13,76.91,788.25
281500.0,3968500.0,120.58088,35.83636,13,23.14,2.7
323500.0,3948500.0,121.05001,35.6646,13,25.03,83.54
361500.0,3948500.0,121.46969,35.67066,13,31.72,93.46
336500.0,3962500.0,121.19072,35.793,13,94.14,320.1
336500.0,4011500.0,121.1806,36.23456,13,14.26,12326.0
431500.0,3982500.0,122.24012,35.98453,13,88.55,268704436.68
305500.0,3999500.0,120.83881,36.12071,13,34.65,9.32
348500.0,3914500.0,121.33245,35.36232,13,132.99,576.78
396500.0,3910500.0,121.86117,35.33239,13,50.85,2929.55
348500.0,3954500.0,121.32497,35.72283,13,42.97,117.8
169500.0,3856500.0,119.38788,34.79717,13,53.25,1.87
168500.0,3857500.0,119.37658,34.80584,13,90.01,29.19
195500.0,3868500.0,119.66724,34.9133,13,16.35,19.67
249500.0,3907500.0,120.24581,35.27934,13,5.81,7850.04
265500.0,3921500.0,120.41755,35.40932,13,29.4,20.93
289500.0,3963500.0,120.6707,35.79306,13,40.81,141.42
306500.0,3998500.0,120.85016,36.1119,13,24.68,395.86
304500.0,3986500.0,120.83092,36.00339,13,33.61,101.13
316500.0,4012500.0,120.95792,36.23998,13,159.68,16.68
337500.0,3940500.0,121.20623,35.59491,13,95.85,62.59
330500.0,3978500.0,121.12095,35.93617,13,98.4,323.56
241500.0,3938500.0,120.14811,35.55648,13,139.25,255.54
271500.0,3970500.0,120.46968,35.85209,13,44.35,117.39
315500.0,4015500.0,120.94609,36.26682,13,65.11,33.43
334500.0,3951500.0,121.17087,35.69354,13,83.96,4768446998.11
330500.0,3956500.0,121.12562,35.73792,13,158.05,302.66
364500.0,3990500.0,121.49569,36.04963,13,158.82,29923.21
363500.0,3998500.0,121.4832,36.12159,13,109.05,25.7
323500.0,4017500.0,121.03465,36.28634,13,20.69,45.4
402500.0,3823500.0,121.93735,34.54861,13,3.52,2678.32
391500.0,3848500.0,121.81428,34.77291,13,14.67,209.41
377500.0,3943500.0,121.64719,35.62771,13,73.2,905.18
383500.0,3961500.0,121.71082,35.79069,13,145.09,1076.82
371500.0,3980500.0,121.575,35.96045,13,50.84,11.34
385500.0,3973500.0,121.73123,35.89909,13,81.48,8857.87
386500.0,3979500.0,121.74145,35.95329,13,138.3,153.7
373500.0,3964500.0,121.59972,35.81649,13,57.85,426.01
388500.0,3986500.0,121.76264,36.01662,13,96.82,1417.51
437500.0,3839500.0,122.3176,34.69561,13,51.86,17208.09
410500.0,3873500.0,122.01921,35.00016,13,95.08,166.19
248500.0,3823500.0,120.26009,34.52248,13,80.48,541.97
244500.0,3842500.0,120.21083,34.69264,13,75.78,1733.15
249500.0,3887500.0,120.25188,35.0992,13,109.47,8.07
272500.0,3903500.0,120.49957,35.24879,13,59.01,2497.39
264500.0,3958500.0,120.39577,35.74235,13,53.75,5544.96
275500.0,3968500.0,120.5145,35.835,13,117.87,227.02
274500.0,3972500.0,120.50231,35.8708,13,119.16,1624.83
321500.0,3998500.0,121.01672,36.11477,13,5.34,24.49
337500.0,4019500.0,121.19005,36.30682,13,24.7,9726.39
243500.0,3903500.0,120.18116,35.24179,13,173.19,1867.33
200500.0,3854500.0,119.72689,34.78874,13,171.35,7.51
262500.0,3814500.0,120.41497,34.44473,13,139.11,5752.61
321500.0,3934500.0,121.03102,35.53808,13,34.84,4444.52
362500.0,3987500.0,121.47401,36.02231,13,85.52,222.28
184500.0,3899500.0,119.53526,35.18896,13,43.26,3.53
225500.0,3838500.0,120.00496,34.65169,13,41.03,3.1
318500.0,3980500.0,120.98754,35.95203,13,94.14,529.24
304500.0,3982500.0,120.83191,35.96735,13,130.26,4140.11
292500.0,3991500.0,120.69656,36.04595,13,60.96,353.67
357500.0,3958500.0,121.42373,35.76022,13,75.24,496.85
203500.0,3852500.0,119.76033,34.77161,12,82.6,63.7
264500.0,3980500.0,120.38928,35.9405,12,157.68,71.78
267500.0,3982500.0,120.42192,35.95924,12,36.87,3.52
271500.0,3841500.0,120.50559,34.69002,12,39.66,4397.74
315500.0,3870500.0,120.97924,34.96025,12,166.37,51.02
318500.0,3975500.0,120.98868,35.90698,12,73.09,3640273.09
163500.0,3831500.0,119.33237,34.57022,12,44.85,1120.43
172500.0,3853500.0,119.42178,34.77114,12,121.21,6.88
224500.0,3905500.0,119.97193,35.25476,12,92.75,20.8
248500.0,3832500.0,120.25742,34.60355,12,67.85,137646516.62
238500.0,3831500.0,120.1488,34.59205,12,21.49,25.42
228500.0,3909500.0,120.01452,35.29187,12,166.34,32.92
275500.0,3824500.0,120.55372,34.53774,12,150.68,847.45
314500.0,4009500.0,120.93639,36.21257,12,126.74,58.61
177500.0,3840500.0,119.48128,34.65572,12,74.37,5.33
165500.0,3836500.0,119.35216,34.61587,12,58.27,220.03
172500.0,3840500.0,119.42682,34.65413,12,46.93,4.32
203500.0,3865500.0,119.75574,34.88866,12,164.73,3.0
211500.0,3947500.0,119.81436,35.62922,12,26.37,1.27
194500.0,3940500.0,119.62958,35.56111,12,167.92,2.1
231500.0,3942500.0,120.03659,35.58984,12,50.63,5.26
268500.0,3981500.0,120.43329,35.95047,12,6.78,1.63
291500.0,4013500.0,120.67964,36.24392,12,167.36,2142138143.46
359500.0,3902500.0,121.45554,35.25576,12,125.96,2.86
331500.0,3935500.0,121.14107,35.54884,12,145.76,162.61
336500.0,3953500.0,121.19255,35.7119,12,8.44,17.83
321500.0,3978500.0,121.02123,35.93456,12,88.12,3295.83
327500.0,3988500.0,121.08554,36.02575,12,103.38,5568.87
330500.0,3989500.0,121.1186,36.03529,12,108.71,1158.65
368500.0,3862500.0,121.56079,34.89641,12,158.37,1691.11
370500.0,3919500.0,121.57374,35.41049,12,142.51,747388658.5
238500.0,3837500.0,120.14695,34.64609,12,72.94,421.22
259500.0,3872500.0,120.36583,34.96652,12,169.79,96.0
246500.0,3866500.0,120.2254,34.90931,12,49.35,45472059.22
245500.0,3950500.0,120.18841,35.66558,12,125.44,6.22
238500.0,3954500.0,120.10987,35.69977,12,51.14,301.25
295500.0,3822500.0,120.77198,34.52389,12,132.27,1244743186.52
291500.0,3856500.0,120.72004,34.82945,12,150.72,26.05
287500.0,3876500.0,120.67125,35.00882,12,109.13,435.65
302500.0,3884500.0,120.83362,35.08395,12,80.44,360.09
318500.0,3979500.0,120.98777,35.94302,12,91.46,9817.95
305500.0,3966500.0,120.8469,35.82339,12,114.52,31.26
321500.0,3971500.0,121.0228,35.87149,12,179.06,3.51
323500.0,3987500.0,121.04139,36.01602,12,112.49,296.78
374500.0,3958500.0,121.61172,35.76254,12,67.97,87.5
222500.0,3823500.0,119.97717,34.51581,12,15.87,2.02
219500.0,3854500.0,119.93426,34.79415,12,127.92,1530.8
197500.0,3928500.0,119.66709,35.45401,12,1.01,30.34
248500.0,3821500.0,120.26068,34.50447,12,57.02,591.83
248500.0,3871500.0,120.24577,34.95484,12,81.84,1145.78
239500.0,3897500.0,120.13914,35.18673,12,154.54,435.99
263500.0,3896500.0,120.40275,35.18366,12,63.8,10317623.44
238500.0,3882500.0,120.13292,35.05138,12,56.98,266.16
254500.0,3909500.0,120.30013,35.29859,12,177.87,119.15
246500.0,3956500.0,120.19756,35.71987,12,28.92,22.28
246500.0,3947500.0,120.20039,35.63882,12,55.03,103.5
276500.0,3834500.0,120.56197,34.62805,12,27.48,113.63
280500.0,3833500.0,120.60583,34.61991,12,68.1,10852984.46
278500.0,3858500.0,120.57747,34.84472,12,70.95,721.42
277500.0,3891500.0,120.55772,35.14181,12,11.29,141.59
281500.0,3900500.0,120.59921,35.22377,12,0.24,5.17
286500.0,3905500.0,120.6528,35.26989,12,42.81,13.51
291500.0,3910500.0,120.70646,35.316,12,175.19,437.56
312500.0,3939500.0,120.93064,35.58147,12,9.46,529.68
314500.0,3944500.0,120.95155,35.6269,12,119.95,243.44
315500.0,3964500.0,120.958,35.8073,12,64.94,8.21
278500.0,3986500.0,120.54268,35.99783,12,160.0,987372796.51
310500.0,4020500.0,120.88925,36.3109,12,32.51,672.57
326500.0,3828500.0,121.10832,34.58366,12,30.26,455851265.03
358500.0,3857500.0,121.45223,34.84999,12,75.62,2770.08
337500.0,3905500.0,121.21321,35.27947,12,58.65,1071882.89
343500.0,3905500.0,121.27916,35.28043,12,90.14,823709754.85
341500.0,3962500.0,121.24602,35.79382,12,55.43,227851905.17
352500.0,3971500.0,121.36604,35.87665,12,22.24,50.02
408500.0,3846500.0,122.00025,34.75654,12,19.09,668.35
367500.0,3865500.0,121.54938,34.92332,12,28.18,2642703316.05
388500.0,3956500.0,121.76684,35.7462,12,9.22,31046876.44
379500.0,3975500.0,121.66445,35.9164,12,124.56,125339875.53
378500.0,3975500.0,121.65337,35.91628,12,125.31,338600659.97
379500.0,3973500.0,121.66476,35.89837,12,136.55,4136156963.37
188500.0,3844500.0,119.59964,34.69513,12,126.15,15.73
202500.0,3851500.0,119.74977,34.76232,12,72.51,802.63
199500.0,3852500.0,119.71669,34.77044,12,78.02,27875.02
217500.0,3890500.0,119.90023,35.11775,12,87.57,703.02
206500.0,3883500.0,119.78218,35.05159,12,162.69,4.53
208500.0,3942500.0,119.78309,35.58333,12,117.13,45.22
206500.0,3940500.0,119.76177,35.56474,12,36.5,4925878807.63
233500.0,3833500.0,120.09372,34.60878,12,93.24,16.41
234500.0,3849500.0,120.09959,34.75314,12,43.3,551.71
251500.0,3888500.0,120.2735,35.1087,12,2.62,148.67
260500.0,3902500.0,120.36809,35.23699,12,169.36,2254.36
244500.0,3915500.0,120.1884,35.35012,12,66.03,544.08
236500.0,3948500.0,120.08975,35.64521,12,173.98,12.88
262500.0,3975500.0,120.36862,35.89499,12,101.28,51.59
264500.0,3977500.0,120.39017,35.91348,12,130.59,2.97
261500.0,3972500.0,120.35845,35.86772,12,79.48,3.01
288500.0,3811500.0,120.69849,34.42335,12,48.22,99087641.29
312500.0,3914500.0,120.93641,35.3562,12,15.93,1090565325048.72
297500.0,3910500.0,120.77242,35.31723,12,118.8,553960058.97
315500.0,3932500.0,120.96533,35.51896,12,88.01,960.88
278500.0,3980500.0,120.54435,35.94378,12,157.22,7.98
331500.0,3866500.0,121.15521,34.92699,12,80.85,36071957.15
341500.0,3875500.0,121.26293,35.00972,12,75.22,11034973.53
320500.0,3948500.0,121.01688,35.66406,12,156.73,21.13
346500.0,3943500.0,121.30496,35.62338,12,136.54,535.08
346500.0,3959500.0,121.30191,35.76758,12,66.76,494.51
340500.0,3972500.0,121.23296,35.88378,12,138.1,5.11
345500.0,4006500.0,121.28169,36.19098,12,109.06,46561.52
329500.0,3998500.0,121.10556,36.11621,12,109.86,2606.59
395500.0,3815500.0,121.86205,34.47579,12,23.04,3788.23
362500.0,3825500.0,121.50118,34.56207,12,30.89,70594085120.78
381500.0,3849500.0,121.70488,34.78081,12,35.6,66930597.27
371500.0,3961500.0,121.57807,35.78919,12,134.9,3196950432.73
420500.0,3841500.0,122.13182,34.71246,12,71.06,1618133.74
172500.0,3892500.0,119.40648,35.12213,12,120.78,1.32
206500.0,3914500.0,119.77114,35.33067,12,13.35,1.72
226500.0,3855500.0,120.01034,34.80506,12,60.28,5.43
272500.0,3896500.0,120.5015,35.18573,12,89.75,1053.93
241500.0,3908500.0,120.15763,35.28631,12,156.34,109.61
272500.0,3992500.0,120.47444,36.05049,12,172.64,66.83
309500.0,3826500.0,120.92352,34.56262,12,64.12,164287765.85
297500.0,3842500.0,120.78898,34.70451,12,45.55,836900004.04
331500.0,3867500.0,121.155,34.936,12,166.91,169.71
329500.0,3872500.0,121.13209,34.98073,12,86.41,680.64
352500.0,3892500.0,121.38041,35.16462,12,43.28,1100.91
340500.0,3923500.0,121.24267,35.44218,12,133.4,1269.59
352500.0,3943500.0,121.37119,35.6243,12,143.42,28368.92
363500.0,3939500.0,121.4933,35.58982,12,45.77,12466739.93
352500.0,3945500.0,121.37083,35.64232,12,139.39,405009227.51
353500.0,4010500.0,121.36988,36.22828,12,25.31,104.66
367500.0,3833500.0,121.55442,34.63484,12,57.3,321169349.03
365500.0,3834500.0,121.53245,34.6436,12,58.2,2030.6
375500.0,3869500.0,121.63634,34.96039,12,73.75,78566332.82
373500.0,3949500.0,121.60208,35.68129,12,149.09,202.45
365500.0,3936500.0,121.51587,35.56306,12,46.51,3220.76
401500.0,3966500.0,121.90936,35.83773,12,146.78,5256.14
444500.0,3833500.0,122.39442,34.64191,12,53.62,4920.01
415500.0,3853500.0,122.07602,34.82026,12,49.61,7066319440.42
422500.0,3923500.0,122.14599,35.45195,12,61.6,65377.91
430500.0,3919500.0,122.23448,35.41648,12,63.57,77708.0
413500.0,4006500.0,122.03783,36.19945,12,136.96,2204.74
178500.0,3888500.0,119.47375,35.08806,12,95.25,927.03
215500.0,3839500.0,119.89565,34.65797,12,63.73,507873777.53
185500.0,3893500.0,119.54851,35.13527,12,101.79,145.43
186500.0,3887500.0,119.56174,35.08158,12,163.13,11.08
275500.0,3983500.0,120.51027,35.97012,12,162.31,991.56
302500.0,3994500.0,120.80675,36.07506,12,124.06,7195558.72
319500.0,3862500.0,121.02476,34.88888,12,152.59,1936.87
335500.0,3974500.0,121.17718,35.90098,12,168.46,761.05
340500.0,3999500.0,121.22753,36.12709,12,132.64,188491.04
221500.0,3850500.0,119.95741,34.75868,12,51.59,38.13
213500.0,3918500.0,119.84665,35.36872,12,150.32,2.94
237500.0,3873500.0,120.1248,34.97006,12,162.47,42.05
227500.0,3875500.0,120.01475,34.98543,12,124.77,793.08
261500.0,3885500.0,120.38398,35.0841,12,66.28,1794.8
282500.0,3836500.0,120.62686,34.64736,12,59.61,15466.86
289500.0,3852500.0,120.69919,34.793,12,152.2,160.62
294500.0,3874500.0,120.7484,34.99225,12,172.97,1.49
294500.0,3850500.0,120.75429,34.776,12,57.25,629.68
302500.0,3877500.0,120.83528,35.02088,12,76.11,4021.64
317500.0,3936500.0,120.98647,35.55537,12,127.99,46.18
344500.0,3865500.0,121.29766,34.92005,12,21.67,1040.26
342500.0,3943500.0,121.26081,35.62275,12,32.0,781.68
342500.0,3942500.0,121.26101,35.61374,12,118.3,1080.52
344500.0,3940500.0,121.28346,35.59603,12,81.69,551.2
345500.0,3937500.0,121.29507,35.56915,12,121.61,425.71
350500.0,3962500.0,121.34558,35.79523,12,39.72,1.59
381500.0,3910500.0,121.69616,35.33072,12,38.8,12342.8
373500.0,3944500.0,121.60287,35.63622,12,13.27,34.21
434500.0,3823500.0,122.28609,34.55114,12,26.27,802079.1
177500.0,3904500.0,119.45656,35.23174,12,16.22,5.4
181500.0,3910500.0,119.49811,35.28702,12,114.28,11.0
194500.0,3917500.0,119.63821,35.35408,12,13.12,6.45
232500.0,3858500.0,120.0749,34.83367,12,16.65,61.02
250500.0,3896500.0,120.26013,35.18051,12,126.89,533.11
250500.0,3893500.0,120.26103,35.15349,12,17.64,4025.53
255500.0,3906500.0,120.31201,35.27181,12,176.6,7.17
240500.0,3909500.0,120.14633,35.29505,12,27.61,12.85
242500.0,3905500.0,120.16955,35.25955,12,160.97,110.09
244500.0,3979500.0,120.16812,35.92647,12,71.14,5.83
281500.0,3933500.0,120.59038,35.52106,12,59.58,73.41
312500.0,3995500.0,120.91749,36.08605,12,36.36,31.36
322500.0,3886500.0,121.05245,35.1057,12,175.13,101.94
340500.0,3899500.0,121.24735,35.22588,12,30.0,2126.11
321500.0,3963500.0,121.02459,35.7994,12,162.19,165.16
388500.0,3934500.0,121.76988,35.54788,12,60.17,10350.6
378500.0,3998500.0,121.64984,36.12358,12,102.25,1350.22
375500.0,4017500.0,121.61349,36.29445,12,24.4,1232.57
205500.0,3870500.0,119.77583,34.93425,12,93.58,1674.76
220500.0,3871500.0,119.9395,34.9475,12,118.24,189.19
219500.0,3859500.0,119.93259,34.83917,12,89.62,7521.45
214500.0,3887500.0,119.86839,35.08989,12,168.34,5810.5
224500.0,3879500.0,119.9806,35.02064,12,156.74,264.8
205500.0,3921500.0,119.75764,35.3934,12,50.37,1803.14
198500.0,3927500.0,119.67847,35.44531,12,63.97,77.6
238500.0,3833500.0,120.14818,34.61006,12,86.18,32.19
233500.0,3832500.0,120.09403,34.59977,12,101.91,58.19
241500.0,3834500.0,120.18056,34.61983,12,79.25,9.79
230500.0,3881500.0,120.04563,35.04027,12,9.09,333.02
237500.0,3897500.0,120.11721,35.1862,12,63.39,12771.37
243500.0,3957500.0,120.16411,35.7281,12,13.34,2.76
242500.0,3959500.0,120.15243,35.74585,12,103.89,3.42
255500.0,3978500.0,120.29022,35.92028,12,96.16,13.63
253500.0,4000500.0,120.26123,36.1179,12,158.35,132.93
274500.0,3849500.0,120.53617,34.76276,12,51.75,571210.37
284500.0,3879500.0,120.63762,35.03522,12,92.05,1629.3
287500.0,3893500.0,120.66689,35.16199,12,70.61,79.04
283500.0,3944500.0,120.60947,35.6206,12,16.2,10.76
275500.0,3956500.0,120.51787,35.72691,12,146.2,19376.79
294500.0,3939500.0,120.73212,35.5779,12,61.23,25593.26
300500.0,3974500.0,120.78959,35.89446,12,126.09,11.53
345500.0,3854500.0,121.31064,34.82106,12,73.79,2560.27
344500.0,3859500.0,121.29878,34.86597,12,53.59,7022.14
338500.0,3879500.0,121.22929,35.0453,12,111.24,1084.12
338500.0,3878500.0,121.22948,35.03629,12,112.53,1082.12
334500.0,3903500.0,121.18064,35.26096,12,32.8,1177.32
345500.0,3930500.0,121.29641,35.50606,12,36.59,616074698.92
356500.0,3986500.0,121.40763,36.01243,12,109.93,167.99
355500.0,3985500.0,121.39672,36.00327,12,22.07,31.29
380500.0,3867500.0,121.69138,34.94297,12,77.62,3776123.92
392500.0,3953500.0,121.81147,35.7196,12,126.78,11918.3
399500.0,3935500.0,121.89109,35.55808,12,62.73,11041.54
400500.0,3935500.0,121.90212,35.55818,12,62.02,9067.22
424500.0,3968500.0,122.16381,35.85781,12,110.41,225.52
168500.0,3864500.0,119.37381,34.86884,12,72.78,1.36
206500.0,3840500.0,119.79724,34.66444,12,164.31,14.85
249500.0,3859500.0,120.2603,34.847,12,62.58,1081.95
246500.0,3860500.0,120.22722,34.85527,12,152.24,1885.4
249500.0,3872500.0,120.25641,34.9641,12,88.07,4355.22
254500.0,3885500.0,120.30727,35.08242,12,118.93,856.77
237500.0,3894500.0,120.11816,35.15919,12,96.56,295.85
301500.0,3963500.0,120.80339,35.79556,12,150.24,97.96
343500.0,3818500.0,121.29543,34.49625,12,46.63,3486.89
342500.0,3819500.0,121.28436,34.50511,12,47.71,2389.58
347500.0,3835500.0,121.33593,34.65009,12,66.86,1061.91
348500.0,3865500.0,121.34144,34.92066,12,80.8,4974.46
342500.0,3922500.0,121.26489,35.43349,12,106.06,28.67
344500.0,3920500.0,121.2873,35.41578,12,39.84,66.23
360500.0,3936500.0,121.46072,35.56236,12,30.47,3077.76
379500.0,3821500.0,121.68701,34.52814,12,52.16,1275.7
372500.0,3850500.0,121.60639,34.78874,12,72.11,683.54
386500.0,3855500.0,121.7587,34.83547,12,74.14,1303.7
377500.0,3871500.0,121.65795,34.97867,12,38.87,10067410.97
376500.0,3883500.0,121.64521,35.08673,12,45.69,5565.38
387500.0,4005500.0,121.74883,36.18777,12,47.58,6.74
210500.0,3829500.0,119.84458,34.56653,12,147.9,4932.7
299500.0,3897500.0,120.79758,35.2005,12,96.56,2.8
206500.0,3829500.0,119.80104,34.56539,12,148.05,171.14
213500.0,3864500.0,119.86535,34.88252,12,54.82,9.25
192500.0,3900500.0,119.6226,35.20045,12,15.3,3.1
228500.0,3947500.0,120.00184,35.63404,12,29.01,2816.1
239500.0,3818500.0,120.16367,34.47521,12,85.51,2126.53
232500.0,3842500.0,120.07998,34.68957,12,164.37,94.49
269500.0,3857500.0,120.47939,34.83371,12,103.26,20.91
259500.0,3881500.0,120.36322,35.04759,12,17.68,35.28
246500.0,3880500.0,120.22114,35.0354,12,87.67,2.72
290500.0,3811500.0,120.72024,34.42376,12,37.46,2783.47
301500.0,3854500.0,120.82979,34.81343,12,76.99,950.44
298500.0,3853500.0,120.79726,34.80383,12,62.06,3926452.89
280500.0,3867500.0,120.59696,34.92624,12,36.11,6188.83
292500.0,3849500.0,120.7327,34.76658,12,157.18,68.02
275500.0,3910500.0,120.5306,35.31253,12,95.95,576.27
316500.0,3945500.0,120.9734,35.63629,12,37.68,537.79
318500.0,3994500.0,120.98433,36.07818,12,93.18,201.0
323500.0,3845500.0,121.07208,34.73637,12,157.22,82.77
350500.0,3870500.0,121.36243,34.96603,12,72.47,1192.86
353500.0,3899500.0,121.39015,35.22786,12,56.23,37.32
329500.0,3911500.0,121.12404,35.33221,12,116.67,361.13
345500.0,3912500.0,121.29982,35.34383,12,134.01,2028.0
329500.0,3912500.0,121.12383,35.34123,12,124.35,3095.56
324500.0,3960500.0,121.05843,35.77291,12,75.28,3604.84
395500.0,3828500.0,121.86046,34.593,12,154.37,26452.41
385500.0,3853500.0,121.74804,34.81733,12,106.14,119.84
368500.0,3881500.0,121.55779,35.06768,12,51.48,2452.88
164500.0,3886500.0,119.32129,35.0655,12,75.74,56.0
221500.0,3828500.0,119.96465,34.56056,12,81.69,3543.47
201500.0,3904500.0,119.71986,35.23917,12,67.34,378.09
219500.0,3910500.0,119.91534,35.29839,12,9.43,19.84
211500.0,3907500.0,119.82854,35.26911,12,25.64,13.47
204500.0,3930500.0,119.74338,35.47412,12,137.73,2189.9
196500.0,3924500.0,119.65758,35.4177,12,140.02,324.07
195500.0,3924500.0,119.64659,35.4174,12,138.56,42.77
194500.0,3924500.0,119.63559,35.41709,12,131.63,205.91
242500.0,3825500.0,120.19418,34.53902,12,112.76,118.3
265500.0,3829500.0,120.44347,34.58055,12,55.48,262.63
244500.0,3822500.0,120.21685,34.51249,12,37.9,422.29
236500.0,3940500.0,120.09236,35.57317,12,77.42,24.78
234500.0,3941500.0,120.06999,35.58164,12,56.59,189.24
253500.0,3972500.0,120.26994,35.86574,12,24.07,41.94
270500.0,3966500.0,120.45977,35.81583,12,41.41,30.36
272500.0,3972500.0,120.48018,35.87034,12,32.03,13.75
274500.0,3965500.0,120.50429,35.80775,12,23.55,2.49
268500.0,3966500.0,120.43765,35.81536,12,42.71,5.91
236500.0,3974500.0,120.08121,35.87933,12,148.6,9.29
264500.0,3983500.0,120.38839,35.96752,12,92.88,114.91
257500.0,3967500.0,120.31571,35.82171,12,159.75,129.88
258500.0,3999500.0,120.31703,36.11015,12,48.93,9.8
280500.0,3968500.0,120.56981,35.83613,12,94.21,1.25
289500.0,3978500.0,120.66674,35.92819,12,80.58,4.24
293500.0,3966500.0,120.71415,35.82094,12,12.96,107.52
309500.0,3967500.0,120.89091,35.83319,12,159.46,182.26
311500.0,4010500.0,120.9028,36.221,12,22.56,4.12
303500.0,3998500.0,120.81685,36.1113,12,28.47,15.97
351500.0,3953500.0,121.35831,35.71427,12,49.67,164.63
337500.0,4020500.0,121.18985,36.31583,12,173.8,3.06
178500.0,3903500.0,119.46792,35.22306,12,106.38,1.01
189500.0,3846500.0,119.6098,34.71344,12,93.56,333.85
188500.0,3846500.0,119.5989,34.71313,12,93.36,225.6
219500.0,3853500.0,119.93459,34.78514,12,85.94,1104374586.69
254500.0,3841500.0,120.32018,34.68608,12,64.74,4706.99
230500.0,3858500.0,120.05305,34.83314,12,70.85,8159.0
236500.0,3901500.0,120.10496,35.22197,12,36.49,72290.22
227500.0,3885500.0,120.01147,35.07548,12,68.89,11318.61
235500.0,3901500.0,120.09398,35.2217,12,18.86,1.47
230500.0,3905500.0,120.0378,35.25639,12,29.76,2005.37
249500.0,3928500.0,120.23937,35.46847,12,18.35,111905.78
251500.0,3933500.0,120.25986,35.514,12,99.48,173.84
250500.0,3932500.0,120.24915,35.50475,12,35.41,39.77
231500.0,3938500.0,120.03792,35.55382,12,46.77,3.12
240500.0,3958500.0,120.13066,35.73632,12,6.27,2.99
243500.0,4006500.0,120.14829,36.16934,12,145.47,165.1
284500.0,3871500.0,120.63969,34.96314,12,72.47,835.42
301500.0,3917500.0,120.81469,35.38111,12,10.17,67.88
300500.0,3969500.0,120.79084,35.84942,12,74.3,43.93
302500.0,4012500.0,120.80223,36.23722,12,72.95,2291.72
328500.0,3954500.0,121.10394,35.71955,12,174.98,4.12
356500.0,3946500.0,121.41482,35.65192,12,55.21,1430.4
328500.0,3953500.0,121.10416,35.71054,12,143.38,16595.79
345500.0,3941500.0,121.29431,35.6052,12,128.92,3155.17
361500.0,3947500.0,121.46986,35.66165,12,142.25,177150.96
327500.0,3953500.0,121.09311,35.71036,12,148.06,1329005933.9
325500.0,3950500.0,121.07166,35.68298,12,159.97,185.45
337500.0,3979500.0,121.19831,35.94637,12,19.64,516.57
333500.0,4020500.0,121.14531,36.31515,12,176.82,110.3
372500.0,3955500.0,121.59008,35.73524,12,6.98,7.42
377500.0,3980500.0,121.64152,35.96122,12,67.71,39.19
225500.0,3942500.0,119.97045,35.58819,12,30.85,1.99
227500.0,3861500.0,120.01931,34.85936,12,5.97,11.39
233500.0,3957500.0,120.05368,35.72544,12,58.11,5248.5
246500.0,3997500.0,120.1845,36.08909,12,71.68,1.44
306500.0,3999500.0,120.84991,36.12091,12,33.01,620.81
362500.0,3878500.0,121.49251,35.03984,12,86.66,8702.29
341500.0,3919500.0,121.25446,35.40629,12,89.95,27.59
345500.0,3926500.0,121.29717,35.47001,12,19.83,377.23
347500.0,3916500.0,121.32107,35.38019,12,176.5,743.54
344500.0,3934500.0,121.28462,35.54196,12,118.74,2057.84
344500.0,3936500.0,121.28423,35.55998,12,114.23,14.6
328500.0,3949500.0,121.10501,35.67449,12,52.82,561.66
340500.0,3973500.0,121.23276,35.89279,12,176.41,2241.76
389500.0,3868500.0,121.78979,34.953,12,73.12,86583.32
384500.0,3871500.0,121.73462,34.97949,12,91.15,357.63
392500.0,3865500.0,121.82302,34.92628,12,48.19,1505477.29
378500.0,3885500.0,121.66685,35.105,12,38.08,74.75
307500.0,3891500.0,120.8868,35.148,12,167.99,224.86
385500.0,3964500.0,121.73252,35.81797,12,111.8,1330.73
404500.0,4004500.0,121.93798,36.18058,12,134.97,1673.98
209500.0,3832500.0,119.83267,34.59326,12,68.1,3000.0
199500.0,3834500.0,119.72309,34.60839,12,164.82,999.05
210500.0,3832500.0,119.84356,34.59354,12,63.92,1365.3
193500.0,3895500.0,119.63542,35.15574,12,110.87,2062.71
221500.0,3941500.0,119.92671,35.57807,12,14.12,423.97
224500.0,3945500.0,119.95841,35.61492,12,159.03,66.73
232500.0,3828500.0,120.0844,34.56348,12,46.48,153.96
248500.0,3890500.0,120.24001,35.12597,12,48.79,6.51
230500.0,3916500.0,120.03419,35.35545,12,179.47,62.53
228500.0,3944500.0,120.00285,35.60703,12,139.22,13.26
288500.0,3832500.0,120.69328,34.61258,12,42.89,22763.79
290500.0,3986500.0,120.6757,36.00048,12,116.45,625.6
317500.0,3961500.0,120.9808,35.78065,12,150.45,41.23
302500.0,3998500.0,120.80575,36.11109,12,36.54,67.95
310500.0,4008500.0,120.89216,36.20278,12,113.03,5222.85
301500.0,3997500.0,120.7949,36.10188,12,139.66,391.09
299500.0,4000500.0,120.77193,36.1285,12,35.75,2.89
307500.0,3986500.0,120.86419,36.00398,12,172.23,162.82
308500.0,4009500.0,120.86968,36.2114,12,28.76,55.17
320500.0,4009500.0,121.0031,36.2137,12,114.92,124.65
310500.0,4002500.0,120.89361,36.14873,12,99.72,248.81
307500.0,4006500.0,120.8593,36.18417,12,11.02,14.67
331500.0,3957500.0,121.13647,35.7471,12,53.4,64.2
340500.0,3936500.0,121.24012,35.55935,12,111.95,178.43
328500.0,3956500.0,121.10352,35.73757,12,110.24,1924.74
333500.0,3980500.0,121.15377,35.95471,12,100.03,352.21
334500.0,3978500.0,121.16528,35.93685,12,60.19,143.97
322500.0,3963500.0,121.03565,35.79958,12,75.38,2638.32
333500.0,3964500.0,121.15712,35.81052,12,82.63,325.52
321500.0,3997500.0,121.01695,36.10576,12,12.63,4.27
237500.0,3835500.0,120.13667,34.62782,12,56.83,19.32
233500.0,3845500.0,120.08994,34.71685,12,17.79,525.39
232500.0,3941500.0,120.04795,35.5811,12,41.7,11.7
349500.0,3945500.0,121.3377,35.64187,12,129.8,349.28
340500.0,3938500.0,121.23972,35.57737,12,35.64,3137.54
349500.0,3958500.0,121.33527,35.75903,12,86.0,8094.84
324500.0,4018500.0,121.04556,36.29553,12,16.74,42.14
339500.0,4021500.0,121.21191,36.32518,12,171.32,157.11
402500.0,3822500.0,121.93747,34.53959,12,123.57,136.91
396500.0,3830500.0,121.87111,34.61114,12,54.65,1104574.68
407500.0,3844500.0,121.98954,34.73842,12,161.31,5392.08
390500.0,3947500.0,121.79018,35.6653,12,56.26,13945.41
368500.0,3932500.0,121.54961,35.5274,12,112.56,37888.74
377500.0,3981500.0,121.64137,35.97023,12,89.01,95.05
369500.0,3965500.0,121.55529,35.82498,12,10.91,4.09
387500.0,3962500.0,121.75493,35.80017,12,27.65,359.46
386500.0,3974500.0,121.74216,35.90822,12,84.17,1247.89
368500.0,3979500.0,121.54191,35.95103,12,176.25,5930.12
438500.0,3838500.0,122.32859,34.68665,12,50.14,418874.03
427500.0,3857500.0,122.20688,34.85725,12,59.83,39553.59
415500.0,3878500.0,122.07349,35.04567,12,6.48,11833.16
267500.0,3963500.0,120.42747,35.7881,12,121.34,1517.92
271500.0,3971500.0,120.4694,35.8611,12,113.71,721.46
316500.0,3948500.0,120.97272,35.66332,12,29.52,310.57
290500.0,3976500.0,120.67834,35.91039,12,174.45,2124.81
278500.0,3964500.0,120.5488,35.79965,12,159.66,8.78
290500.0,4000500.0,120.67199,36.1266,12,150.86,1.66
219500.0,3934500.0,119.90709,35.51448,12,116.05,321.29
273500.0,3820500.0,120.53301,34.50126,12,142.76,16571.1
338500.0,3969500.0,121.21143,35.85642,12,156.16,18.32
352500.0,3977500.0,121.36493,35.93072,12,28.94,65.31
310500.0,3981500.0,120.89865,35.95952,12,77.48,233.11
281500.0,3991500.0,120.57455,36.04354,12,2.63,2759.77
349500.0,3928500.0,121.34087,35.48865,12,13.93,853.35
321500.0,3979500.0,121.02101,35.94357,12,90.71,14810.92
328500.0,4004500.0,121.09315,36.1701,12,105.83,1174.2
363500.0,3987500.0,121.48511,36.02245,12,98.87,351.55
367500.0,3870500.0,121.54858,34.96839,12,38.21,204.79
207500.0,3912500.0,119.78284,35.31296,12,94.58,136.18
189500.0,3916500.0,119.58365,35.34354,12,63.34,27.66
196500.0,3922500.0,119.65833,35.3997,12,51.81,1903.16
204500.0,3925500.0,119.7452,35.42911,12,61.79,337.37
190500.0,3925500.0,119.59123,35.42486,12,178.26,4233.09
195500.0,3936500.0,119.64209,35.52541,12,131.13,500.07
306500.0,3981500.0,120.85432,35.95874,12,83.77,1108.39
329500.0,3964500.0,121.11287,35.80984,12,60.85,9888.44
218500.0,3882500.0,119.91391,35.046,11,1.07,2604.74
195500.0,3916500.0,119.64957,35.34539,11,166.79,2.75
194500.0,3914500.0,119.63933,35.32708,11,32.07,28.38
287500.0,3831500.0,120.68263,34.60336,11,41.97,12829.69
219500.0,3845500.0,119.93725,34.7131,11,21.08,137.25
182500.0,3869500.0,119.5248,34.91831,11,3.59,18.46
207500.0,3908500.0,119.78427,35.27695,11,126.76,11.22
228500.0,3815500.0,120.04499,34.44536,11,134.44,46.35
255500.0,3845500.0,120.32993,34.72235,11,65.7,3804.12
227500.0,3908500.0,120.00387,35.28259,11,171.69,418.97
254500.0,4001500.0,120.27201,36.12716,11,74.36,3.28
171500.0,3839500.0,119.41632,34.64481,11,52.36,2.64
299500.0,3977500.0,120.77776,35.92129,11,49.4,705.35
303500.0,3976500.0,120.82231,35.91309,11,88.47,5844.08
332500.0,3914500.0,121.15642,35.35976,11,126.56,489.04
424500.0,3858500.0,122.17397,34.86605,11,109.6,2567.96
195500.0,3874500.0,119.66505,34.96731,11,162.51,2.94
193500.0,3926500.0,119.62384,35.43479,11,142.92,9.2
208500.0,3909500.0,119.79489,35.28625,11,8.21,34.73
255500.0,3973500.0,120.29176,35.87525,11,39.48,19.71
266500.0,3980500.0,120.41143,35.94098,11,134.29,1.96
296500.0,3854500.0,120.77516,34.81244,11,56.4,7965.4
309500.0,3969500.0,120.89044,35.85121,11,21.18,61.47
312500.0,4021500.0,120.91128,36.3203,11,40.33,20759.02
162500.0,3857500.0,119.31111,34.80387,11,48.73,1835.14
220500.0,3912500.0,119.92564,35.31668,11,20.88,93.2
242500.0,3820500.0,120.19569,34.49398,11,48.53,591.45
231500.0,3832500.0,120.07225,34.59925,11,166.8,2.69
244500.0,3868500.0,120.20292,34.92682,11,69.73,17689.03
238500.0,3918500.0,120.12148,35.37558,11,166.62,168.89
292500.0,3838500.0,120.7354,34.66746,11,41.35,2470.08
274500.0,3891500.0,120.52482,35.14114,11,14.5,9.65
300500.0,3909500.0,120.80564,35.30882,11,17.77,1317.47
316500.0,3943500.0,120.97386,35.61827,11,135.45,9.21
283500.0,3985500.0,120.59838,35.98994,11,56.45,7.12
298500.0,3998500.0,120.76134,36.11027,11,132.97,139.02
358500.0,3865500.0,121.45088,34.9221,11,71.71,1172.99
352500.0,3859500.0,121.38627,34.86717,11,162.43,136.7
344500.0,3938500.0,121.28385,35.57801,11,123.09,71.05
319500.0,3948500.0,121.00584,35.66387,11,0.16,15.72
329500.0,3954500.0,121.115,35.71972,11,57.3,44824.1
337500.0,3937500.0,121.20683,35.56787,11,51.28,85.47
322500.0,3973500.0,121.03343,35.88969,11,54.13,549.18
321500.0,3974500.0,121.02213,35.89852,11,151.21,8.65
339500.0,3963500.0,121.2237,35.80251,11,125.45,3435.23
398500.0,3921500.0,121.88181,35.43176,11,124.09,19583.05
433500.0,3914500.0,122.26793,35.37161,11,134.46,80.66
436500.0,4002500.0,122.29397,36.16518,11,173.57,41.42
180500.0,3912500.0,119.48635,35.3047,11,116.26,9.7
187500.0,3844500.0,119.58874,34.69482,11,164.69,23.42
191500.0,3868500.0,119.62353,34.91209,11,142.91,3.59
199500.0,3858500.0,119.71454,34.82446,11,28.57,119.99
202500.0,3900500.0,119.73227,35.20346,11,70.72,47.78
208500.0,3880500.0,119.80513,35.02516,11,107.23,1215.17
204500.0,3901500.0,119.75385,35.21305,11,85.48,136.9
214500.0,3913500.0,119.85938,35.32399,11,112.44,82.43
252500.0,3830500.0,120.30158,34.58651,11,171.9,84.35
231500.0,3898500.0,120.05106,35.19362,11,168.69,378.61
284500.0,3897500.0,120.63293,35.19739,11,163.6,18.4
307500.0,3953500.0,120.87215,35.70666,11,146.73,33.93
277500.0,3972500.0,120.53551,35.87149,11,154.43,1.62
277500.0,3965500.0,120.53746,35.80844,11,32.37,24.15
306500.0,3965500.0,120.85821,35.81458,11,117.21,29.9
294500.0,4010500.0,120.71379,36.21754,11,153.02,1004.94
312500.0,4014500.0,120.91296,36.25723,11,72.33,89.11
330500.0,3872500.0,121.14304,34.9809,11,175.52,363.77
347500.0,3957500.0,121.31335,35.74971,11,51.61,293.27
326500.0,3933500.0,121.08636,35.52996,11,150.03,7881.96
337500.0,3953500.0,121.2036,35.71206,11,139.9,15.89
392500.0,3854500.0,121.82444,34.82711,11,73.51,3662.35
180500.0,3897500.0,119.49218,35.1697,11,126.82,307.69
189500.0,3816500.0,119.62076,34.44337,11,12.76,4543.72
193500.0,3871500.0,119.64428,34.9397,11,63.83,664.61
224500.0,3921500.0,119.96655,35.39883,11,132.37,20.07
201500.0,3928500.0,119.7111,35.45522,11,149.09,14.14
267500.0,3834500.0,120.46388,34.62605,11,143.36,26.1
248500.0,3833500.0,120.25713,34.61256,11,92.26,876.95
226500.0,3854500.0,120.01067,34.79605,11,119.17,550.68
241500.0,3907500.0,120.15794,35.2773,11,76.46,1351.82
294500.0,3863500.0,120.75111,34.89313,11,71.94,1756.07
314500.0,3870500.0,120.96829,34.96007,11,158.28,4163.49
310500.0,3872500.0,120.92405,34.97735,11,61.96,4554.01
299500.0,3890500.0,120.79928,35.13743,11,76.79,8976.0
318500.0,3918500.0,121.00152,35.39336,11,20.22,166.76
330500.0,3894500.0,121.13854,35.17918,11,117.33,39.92
360500.0,3926500.0,121.46244,35.47223,11,71.5,6288.31
354500.0,3965500.0,121.38928,35.82287,11,134.31,711.25
344500.0,4003500.0,121.27117,36.16379,11,13.01,6.16
393500.0,3950500.0,121.82292,35.69267,11,59.07,1440.29
369500.0,3952500.0,121.55741,35.70781,11,60.28,3984.49
392500.0,3951500.0,121.81174,35.70157,11,148.81,75.21
413500.0,4005500.0,122.03795,36.19044,11,47.21,177.45
169500.0,3883500.0,119.37721,35.04016,11,34.92,280.32
167500.0,3885500.0,119.35452,35.0575,11,18.64,1483.81
226500.0,3914500.0,119.99089,35.33635,11,109.09,210.2
260500.0,3837500.0,120.38675,34.65147,11,58.47,1883.83
271500.0,3877500.0,120.49577,35.01434,11,161.23,100.81
268500.0,3881500.0,120.46181,35.0497,11,174.15,120.89
262500.0,3891500.0,120.39322,35.13838,11,141.91,12.67
250500.0,3890500.0,120.26194,35.12647,11,115.89,73.18
280500.0,3874500.0,120.59512,34.98931,11,151.19,6.74
273500.0,3883500.0,120.51604,35.06885,11,60.18,93.57
282500.0,3980500.0,120.58866,35.94468,11,1.6,1.68
312500.0,3960500.0,120.92575,35.77069,11,103.46,10.15
348500.0,3908500.0,121.33356,35.30824,11,148.1,1.59
216500.0,3904500.0,119.88446,35.24352,11,75.85,4.26
253500.0,3865500.0,120.30224,34.90203,11,132.67,797.62
259500.0,4003500.0,120.32691,36.14643,11,60.24,45.42
309500.0,3812500.0,120.92665,34.43645,11,152.58,8.35
280500.0,3836500.0,120.60506,34.64694,11,98.95,292.96
288500.0,3837500.0,120.69203,34.65763,11,58.65,367.68
316500.0,3836500.0,120.99762,34.65402,11,84.43,1169.61
295500.0,3872500.0,120.75984,34.97443,11,82.26,2296.42
271500.0,3874500.0,120.4966,34.98732,11,150.63,579.24
277500.0,3902500.0,120.55475,35.24091,11,77.74,5.31
310500.0,4003500.0,120.89337,36.15774,11,100.55,8787.9
336500.0,3810500.0,121.22075,34.42305,11,33.14,396967.16
333500.0,3846500.0,121.18106,34.74706,11,49.69,2527.75
349500.0,3847500.0,121.35561,34.75856,11,64.92,695.88
350500.0,3848500.0,121.36635,34.76772,11,60.4,439.93
357500.0,3852500.0,121.44214,34.80478,11,119.34,62.44
336500.0,3868500.0,121.20953,34.94584,11,164.21,97.42
346500.0,3936500.0,121.30629,35.56029,11,124.86,3.61
343500.0,4016500.0,121.25746,36.28078,11,151.46,2.92
379500.0,3866500.0,121.68058,34.93383,11,80.82,1000.08
364500.0,3870500.0,121.51573,34.968,11,42.22,4011.85
365500.0,3850500.0,121.5299,34.78784,11,60.83,546.67
385500.0,3865500.0,121.7464,34.92551,11,80.97,12242.88
381500.0,3938500.0,121.69208,35.58313,11,59.31,4986.88
370500.0,3941500.0,121.57023,35.60879,11,131.06,5140.19
377500.0,4001500.0,121.63826,36.1505,11,139.9,6928.55
438500.0,3811500.0,122.33055,34.44318,11,70.76,64208346.08
435500.0,4012500.0,122.28203,36.25526,11,37.76,163.79
445500.0,4019500.0,122.39285,36.31898,11,127.92,73947.39
194500.0,3837500.0,119.66756,34.63392,11,0.62,61983.73
207500.0,3866500.0,119.79909,34.89882,11,35.74,4.3
233500.0,3826500.0,120.09591,34.54573,11,151.21,147.23
237500.0,3909500.0,120.11338,35.29427,11,169.09,31.6
254500.0,3913500.0,120.29893,35.33462,11,75.64,244.21
236500.0,3916500.0,120.10014,35.35705,11,174.31,1.44
288500.0,3858500.0,120.68676,34.84685,11,166.86,7235.39
298500.0,3870500.0,120.79316,34.95701,11,69.13,119353.52
282500.0,3891500.0,120.61256,35.1429,11,144.4,1600.42
284500.0,3925500.0,120.62556,35.44965,11,179.69,125631419.83
281500.0,3934500.0,120.59011,35.53007,11,4.43,10179.77
281500.0,3935500.0,120.58984,35.53908,11,17.98,34.64
358500.0,3816500.0,121.45909,34.48039,11,67.03,3296188.35
360500.0,3908500.0,121.46551,35.30999,11,142.85,49767.94
351500.0,3954500.0,121.35813,35.72329,11,14.15,3138.84
356500.0,3963500.0,121.41178,35.80514,11,62.75,15685.42
394500.0,3843500.0,121.84768,34.72814,11,130.53,220.22
394500.0,3931500.0,121.83645,35.5215,11,60.71,63566.49
435500.0,3993500.0,122.28359,36.08397,11,97.11,1158.84
201500.0,3839500.0,119.7431,34.65399,11,94.32,355.67
212500.0,3875500.0,119.85064,34.98128,11,59.85,1192.19
219500.0,3898500.0,119.91943,35.19034,11,90.62,7.27
233500.0,3829500.0,120.09497,34.57275,11,109.52,37.65
235500.0,3897500.0,120.09527,35.18568,11,152.1,102.37
269500.0,3910500.0,120.46466,35.31117,11,47.3,1452.54
230500.0,3913500.0,120.03517,35.32843,11,174.54,11.61
265500.0,3955500.0,120.4077,35.71557,11,156.88,1.25
243500.0,3947500.0,120.1673,35.63805,11,151.12,7102.48
233500.0,3935500.0,120.06094,35.52734,11,18.56,6.67
241500.0,3949500.0,120.14459,35.65554,11,88.28,194.36
274500.0,3872500.0,120.52998,34.96997,11,45.74,1662.23
278500.0,3927500.0,120.55896,35.46635,11,165.51,116.78
276500.0,3928500.0,120.53666,35.47491,11,179.92,3100.45
285500.0,3956500.0,120.62834,35.72914,11,114.2,126.23
279500.0,3956500.0,120.56206,35.72781,11,94.1,273.98
281500.0,3951500.0,120.58551,35.68322,11,79.27,42.61
291500.0,3947500.0,120.69697,35.64935,11,0.32,4.23
285500.0,3960500.0,120.62727,35.76517,11,72.22,19.64
281500.0,3971500.0,120.58005,35.86338,11,138.93,191.57
289500.0,3969500.0,120.66912,35.84712,11,132.81,55.84
294500.0,3962500.0,120.72624,35.78511,11,16.45,4.16
331500.0,3870500.0,121.1544,34.96304,11,74.42,718.34
362500.0,3864500.0,121.49482,34.91364,11,167.79,134.42
331500.0,3908500.0,121.14665,35.30552,11,35.85,5649.0
329500.0,3937500.0,121.11859,35.56652,11,133.29,14003.7
355500.0,3977500.0,121.39817,35.93117,11,21.35,386.62
348500.0,3981500.0,121.31984,35.96616,11,33.96,195.29
324500.0,3978500.0,121.05447,35.93511,11,83.36,483.86
361500.0,4010500.0,121.45887,36.22946,11,107.43,3201.97
334500.0,4009500.0,121.15877,36.2162,11,15.4,5.69
403500.0,3869500.0,121.94298,34.96345,11,60.15,27462.63
393500.0,3954500.0,121.82239,35.72873,11,126.86,2550.08
381500.0,3968500.0,121.68766,35.85355,11,127.96,1670.41
369500.0,4014500.0,121.54719,36.26662,11,111.96,2949.33
416500.0,3928500.0,122.07936,35.49655,11,62.37,330283.97
412500.0,3930500.0,122.03505,35.51423,11,62.08,62115.27
423500.0,3968500.0,122.15273,35.85773,11,19.98,880.82
426500.0,3961500.0,122.1866,35.79485,11,19.07,21692.22
266500.0,3834500.0,120.45298,34.62583,11,56.37,29055.81
245500.0,3880500.0,120.21019,35.03515,11,29.34,5.1
243500.0,3968500.0,120.16059,35.82716,11,85.63,2.9
265500.0,3969500.0,120.4036,35.84167,11,61.08,8.38
264500.0,3970500.0,120.39224,35.85044,11,69.83,1760.98
265500.0,3980500.0,120.40036,35.94075,11,113.15,3.1
297500.0,3874500.0,120.78125,34.99286,11,77.09,4380.79
346500.0,3816500.0,121.32846,34.47867,11,48.1,987.0
351500.0,3927500.0,121.36309,35.47994,11,127.57,933.12
328500.0,3965500.0,121.10159,35.81867,11,134.06,448.59
355500.0,3959500.0,121.40143,35.76894,11,4.03,32.84
365500.0,3818500.0,121.53498,34.49936,11,62.0,688.62
369500.0,3851500.0,121.57345,34.79737,11,72.46,4890.56
388500.0,3939500.0,121.76919,35.59296,11,94.99,360.26
388500.0,4005500.0,121.75995,36.18788,11,141.17,612.99
415500.0,3850500.0,122.07632,34.79321,11,44.86,9398.6
425500.0,3859500.0,122.18482,34.87514,11,85.53,404949.88
196500.0,3914500.0,119.6613,35.32769,11,30.1,4.19
230500.0,3873500.0,120.04822,34.96822,11,178.29,31.45
243500.0,3897500.0,120.18303,35.18775,11,20.94,2.85
276500.0,3897500.0,120.54513,35.19564,11,58.52,4.1
318500.0,3969500.0,120.99005,35.85292,11,1.94,133.19
176500.0,3867500.0,119.46001,34.89842,11,82.16,155.06
212500.0,3878500.0,119.8496,35.00829,11,17.13,387.94
189500.0,3913500.0,119.58479,35.31654,11,130.4,347.06
239500.0,3848500.0,120.15446,34.74542,11,74.34,4249.9
229500.0,3842500.0,120.04727,34.68878,11,43.77,5.79
244500.0,3823500.0,120.21655,34.5215,11,54.47,163.91
267500.0,3867500.0,120.45476,34.92335,11,67.43,3234.3
245500.0,3891500.0,120.20682,35.13423,11,102.76,12244.96
263500.0,3884500.0,120.40618,35.07556,11,36.34,178.69
251500.0,3878500.0,120.2765,35.01863,11,145.98,6.26
257500.0,3889500.0,120.33898,35.11917,11,61.44,1547.69
272500.0,3818500.0,120.52266,34.48302,11,53.4,252.94
295500.0,3828500.0,120.77053,34.57795,11,8.66,75.08
303500.0,3839500.0,120.85514,34.67864,11,76.67,643.91
308500.0,3843500.0,120.90878,34.71564,11,48.34,347.85
284500.0,3859500.0,120.64278,34.85502,11,78.5,38415.04
300500.0,3897500.0,120.80855,35.2007,11,37.48,99.36
347500.0,3871500.0,121.3294,34.97459,11,70.83,1607.12
346500.0,3871500.0,121.31844,34.97444,11,70.83,635.38
354500.0,3897500.0,121.40148,35.20998,11,29.99,8213.27
324500.0,3975500.0,121.05513,35.90807,11,25.43,182.75
399500.0,3942500.0,121.89022,35.62118,11,111.65,1195.05
367500.0,3975500.0,121.53149,35.91485,11,155.83,1380.43
371500.0,3981500.0,121.57484,35.96946,11,131.39,85.29
384500.0,4001500.0,121.71606,36.15136,11,130.44,25881.96
424500.0,3976500.0,122.16305,35.92993,11,74.51,126.74
177500.0,3863500.0,119.47248,34.86273,11,178.24,1.75
169500.0,3862500.0,119.38552,34.85117,11,123.06,4.95
207500.0,3848500.0,119.80536,34.73675,11,22.96,37.12
196500.0,3835500.0,119.69006,34.61651,11,29.4,1215.67
190500.0,3876500.0,119.60963,34.9838,11,136.72,3.6
187500.0,3860500.0,119.5828,34.83885,11,97.39,4.03
196500.0,3883500.0,119.6727,35.04863,11,175.68,84.85
183500.0,3897500.0,119.52506,35.17065,11,12.2,4.59
203500.0,3885500.0,119.74862,35.06871,11,60.65,68.81
189500.0,3893500.0,119.59234,35.13651,11,6.73,13.48
208500.0,3900500.0,119.79808,35.20522,11,104.25,38.4
191500.0,3879500.0,119.61946,35.01111,11,42.61,4663.15
205500.0,3930500.0,119.75439,35.47442,11,27.83,150.84
252500.0,3886500.0,120.28506,35.09094,11,14.65,483.22
250500.0,3888500.0,120.26254,35.10846,11,0.18,67.01
258500.0,3902500.0,120.34613,35.23651,11,80.31,1813.61
252500.0,3907500.0,120.27876,35.28008,11,82.67,18372.05
250500.0,3906500.0,120.25709,35.27058,11,161.03,25.79
245500.0,3911500.0,120.20063,35.31435,11,16.04,2.62
246500.0,3910500.0,120.21193,35.3056,11,2.66,171.88
254500.0,3915500.0,120.29833,35.35263,11,92.67,3.67
235500.0,3911500.0,120.09076,35.31176,11,20.34,626.19
238500.0,3941500.0,120.11409,35.58271,11,116.32,53.25
258500.0,3954500.0,120.33069,35.70487,11,115.91,364.04
237500.0,3942500.0,120.10274,35.59145,11,178.59,6.36
242500.0,3949500.0,120.15563,35.6558,11,99.18,79.67
229500.0,3947500.0,120.01287,35.63431,11,85.4,5925.73
255500.0,3971500.0,120.29237,35.85724,11,59.45,10.88
255500.0,3968500.0,120.29329,35.83022,11,168.05,401.69
272500.0,3967500.0,120.4816,35.8253,11,150.33,170.9
272500.0,3973500.0,120.47989,35.87935,11,57.95,43.68
263500.0,3959500.0,120.38443,35.75112,11,170.29,19.54
263500.0,3966500.0,120.38236,35.81417,11,74.91,128.78
273500.0,3981500.0,120.48868,35.95164,11,176.64,5.73
317500.0,3958500.0,120.98149,35.75361,11,41.64,3.64
308500.0,3977500.0,120.87745,35.92309,11,2.2,5.73
280500.0,3980500.0,120.56651,35.94423,11,66.94,1976.08
320500.0,4010500.0,121.00287,36.22271,11,17.44,1.41
355500.0,3978500.0,121.39799,35.94018,11,20.63,20.43
330500.0,4010500.0,121.11408,36.22452,11,93.26,2149.92
321500.0,4008500.0,121.01445,36.20488,11,60.22,2.78
321500.0,4009500.0,121.01422,36.21389,11,80.02,1.6
324500.0,4011500.0,121.04713,36.23246,11,86.38,42.23
377500.0,4017500.0,121.63576,36.29471,11,135.01,556.08
226500.0,3839500.0,120.01553,34.66097,11,124.82,131.12
249500.0,3868500.0,120.25761,34.92807,11,167.28,39.66
232500.0,3880500.0,120.06785,35.03179,11,26.43,4.94
229500.0,3890500.0,120.03174,35.12105,11,95.65,2226.3
246500.0,3926500.0,120.20696,35.4497,11,9.11,10.67
250500.0,3931500.0,120.24946,35.49574,11,125.54,1416.92
261500.0,3973500.0,120.35815,35.87673,11,2.14,1.75
252500.0,3967500.0,120.26042,35.82046,11,112.36,86.31
313500.0,3964500.0,120.93587,35.80693,11,84.15,59.45
316500.0,4016500.0,120.95699,36.27602,11,71.0,73.07
347500.0,3943500.0,121.316,35.62354,11,45.47,539.57
333500.0,4012500.0,121.14701,36.24306,11,12.34,7684.59
313500.0,3942500.0,120.94098,35.60869,11,60.0,8.59
169500.0,3855500.0,119.38827,34.78817,11,105.0,25.55
247500.0,3842500.0,120.24355,34.69338,11,118.88,183.46
234500.0,3901500.0,120.08301,35.22144,11,111.75,308.35
235500.0,3905500.0,120.0927,35.25772,11,130.47,37168.73
250500.0,3910500.0,120.25588,35.30661,11,159.45,390.3
239500.0,3905500.0,120.13661,35.25877,11,93.67,165.64
246500.0,3973500.0,120.19217,35.87296,11,157.77,126.57
281500.0,3902500.0,120.59867,35.24179,11,8.47,3.61
299500.0,3947500.0,120.78527,35.651,11,90.85,335.18
304500.0,3960500.0,120.8373,35.76914,11,30.92,214.56
315500.0,4002500.0,120.94915,36.14969,11,13.87,280.01
298500.0,4001500.0,120.76057,36.1373,11,173.41,10.93
317500.0,4003500.0,120.97114,36.15908,11,95.78,17137.14
293500.0,3989500.0,120.70818,36.02814,11,9.61,31.12
343500.0,3939500.0,121.27262,35.58686,11,134.66,1354.38
341500.0,3968500.0,121.24483,35.84789,11,68.93,220.63
212500.0,3839500.0,119.86296,34.65713,11,59.41,4.88
222500.0,3936500.0,119.93944,35.53333,11,96.65,180.15
231500.0,3869500.0,120.06045,34.93247,11,21.11,3.18
229500.0,3928500.0,120.01921,35.46323,11,29.79,66.88
240500.0,3941500.0,120.13613,35.58323,11,37.29,35.94
265500.0,3970500.0,120.4033,35.85068,11,43.3,49.97
265500.0,3973500.0,120.40242,35.8777,11,41.06,156.39
285500.0,3824500.0,120.6626,34.53987,11,50.11,437.73
316500.0,3962500.0,120.96952,35.78947,11,165.86,3.66
338500.0,3967500.0,121.21183,35.83839,11,68.21,281.19
337500.0,3963500.0,121.20158,35.80218,11,95.07,2277.04
325500.0,3961500.0,121.06927,35.7821,11,4.78,99.69
363500.0,3977500.0,121.48683,35.93232,11,111.9,373.71
322500.0,3998500.0,121.02782,36.11496,11,104.23,110.41
388500.0,3977500.0,121.7639,35.9355,11,132.85,547.72
410500.0,3871500.0,122.01943,34.98213,11,0.01,3484.61
429500.0,3856500.0,122.22884,34.84838,11,59.78,8479.24
424500.0,3846500.0,122.17505,34.75785,11,177.08,4912.26
415500.0,3897500.0,122.07155,35.21697,11,176.25,77472.37
220500.0,3941500.0,119.91569,35.57779,11,62.74,2601.74
247500.0,3823500.0,120.2492,34.52224,11,79.64,514.51
259500.0,3968500.0,120.33753,35.83121,11,136.18,167.99
229500.0,3964500.0,120.00715,35.78738,11,58.41,3.39
290500.0,3821500.0,120.71779,34.51387,11,49.9,14552.16
279500.0,3933500.0,120.56834,35.52062,11,106.17,27086.48
279500.0,3965500.0,120.55958,35.80889,11,68.99,21.8
215500.0,3869500.0,119.8855,34.9281,11,115.13,1589.78
224500.0,3934500.0,119.96215,35.51588,11,177.7,184.08
264500.0,3830500.0,120.4323,34.58933,11,60.78,18909.05
203500.0,3872500.0,119.75325,34.95168,11,163.4,11184.31
243500.0,3866500.0,120.1926,34.90855,11,61.96,304.71
275500.0,3958500.0,120.51731,35.74493,11,144.1,39.97
302500.0,3956500.0,120.81618,35.7327,11,62.44,12.23
320500.0,3970500.0,121.01196,35.8623,11,145.52,92.73
321500.0,3967500.0,121.0237,35.83545,11,103.48,2333.02
339500.0,3970500.0,121.22229,35.86559,11,19.26,4.72
380500.0,3966500.0,121.67688,35.8354,11,153.09,2357.44
222500.0,3910500.0,119.94829,35.29923,11,93.67,94.79
298500.0,3964500.0,120.76997,35.80396,11,71.23,1771.9
349500.0,3929500.0,121.34068,35.49766,11,12.02,1467.9
397500.0,3925500.0,121.87029,35.46772,11,39.28,1824.41
367500.0,3945500.0,121.53646,35.64445,11,47.84,1654.48
216500.0,3911500.0,119.88205,35.30655,11,2.84,7.1
199500.0,3913500.0,119.69462,35.31959,11,98.45,82.54
207500.0,3859500.0,119.80154,34.83579,10,58.45,2.6
219500.0,3882500.0,119.92486,35.04628,10,1.23,200.72
272500.0,3831500.0,120.51918,34.60015,10,53.78,608.89
176500.0,3853500.0,119.46541,34.77241,10,158.45,5.79
170500.0,3864500.0,119.39565,34.86949,10,2.96,3.63
176500.0,3912500.0,119.44244,35.30342,10,129.96,1.18
176500.0,3913500.0,119.44204,35.31242,10,112.64,2.25
212500.0,3844500.0,119.86126,34.70216,10,171.95,565.68
209500.0,3848500.0,119.82718,34.73732,10,110.18,240.92
197500.0,3863500.0,119.6909,34.86888,10,110.22,848.18
192500.0,3903500.0,119.62148,35.22745,10,142.38,27.58
183500.0,3915500.0,119.51813,35.33266,10,159.45,2.41
250500.0,3833500.0,120.27892,34.61305,10,86.84,9570.81
313500.0,3939500.0,120.94167,35.58166,10,16.34,685.59
321500.0,3964500.0,121.02437,35.80841,10,51.84,4.27
166500.0,3879500.0,119.34598,35.00317,10,35.82,947.95
217500.0,3836500.0,119.91845,34.63151,10,72.83,18.31
212500.0,3948500.0,119.82503,35.63852,10,163.37,6.75
263500.0,3982500.0,120.37761,35.95828,10,19.25,1.4
352500.0,4008500.0,121.35914,36.2101,10,114.54,5570.67
417500.0,3838500.0,122.09936,34.68517,10,113.91,17728.64
168500.0,3862500.0,119.3746,34.85084,10,147.54,2.88
181500.0,3862500.0,119.51654,34.85499,10,146.33,7.91
190500.0,3898500.0,119.60142,35.18183,10,27.79,24.74
215500.0,3910500.0,119.87141,35.29726,10,175.94,9.21
211500.0,3938500.0,119.81757,35.5482,10,151.58,580.45
267500.0,3831500.0,120.4647,34.59903,10,136.5,906.44
254500.0,4003500.0,120.27139,36.14517,10,53.93,7204.82
332500.0,3969500.0,121.14501,35.85541,10,36.54,286.47
331500.0,3968500.0,121.13415,35.84623,10,45.15,266.14
214500.0,3829500.0,119.88812,34.56765,10,117.23,4.0
218500.0,3830500.0,119.93133,34.57776,10,42.2,600.67
198500.0,3887500.0,119.69314,35.08524,10,52.59,208.94
211500.0,3943500.0,119.81579,35.59321,10,27.48,4.63
242500.0,3821500.0,120.19539,34.50299,10,36.12,392.58
239500.0,3867500.0,120.14856,34.91654,10,10.02,2.53
243500.0,3863500.0,120.19352,34.88153,10,42.68,714.48
261500.0,3892500.0,120.38196,35.14715,10,0.4,24.57
240500.0,3932500.0,120.13901,35.50218,10,10.05,7.86
245500.0,3947500.0,120.18936,35.63856,10,74.88,6.33
243500.0,3934500.0,120.17142,35.52097,10,176.19,2.75
243500.0,3950500.0,120.16634,35.66506,10,41.87,2.9
241500.0,3978500.0,120.13523,35.91668,10,47.77,6.26
257500.0,4005500.0,120.30408,36.16394,10,35.14,3.45
277500.0,3825500.0,120.57523,34.54718,10,55.39,6506.17
279500.0,3858500.0,120.5884,34.84494,10,70.66,1640.12
297500.0,3885500.0,120.77856,35.09197,10,82.72,22622.07
295500.0,3901500.0,120.75267,35.23573,10,105.77,2104.31
284500.0,3889500.0,120.63502,35.12531,10,137.7,21.46
274500.0,3888500.0,120.52563,35.11412,10,44.68,173.23
315500.0,3965500.0,120.95777,35.81631,10,34.77,47.45
283500.0,3964500.0,120.60409,35.80077,10,58.59,2.01
328500.0,3857500.0,121.12422,34.84537,10,58.5,728.99
329500.0,3856500.0,121.13536,34.83653,10,108.5,15500.68
359500.0,3864500.0,121.46199,34.91323,10,80.84,315.6
335500.0,3908500.0,121.19063,35.30618,10,24.76,584.4
324500.0,3941500.0,121.06258,35.6017,10,38.3,3572.37
345500.0,3956500.0,121.29143,35.74039,10,158.62,147.46
339500.0,3962500.0,121.2239,35.7935,10,146.31,2101.85
323500.0,3964500.0,121.04649,35.80878,10,49.49,35.94
389500.0,3849500.0,121.79229,34.78171,10,2.95,1827.94
368500.0,3865500.0,121.56032,34.92345,10,35.96,9796.64
368500.0,3863500.0,121.56064,34.90542,10,54.99,725.23
365500.0,3974500.0,121.5095,35.90556,10,49.96,4708.5
206500.0,3877500.0,119.7843,34.99757,10,90.02,43.35
205500.0,3876500.0,119.77371,34.98827,10,44.11,2.52
199500.0,3851500.0,119.71704,34.76144,10,169.05,27.33
210500.0,3880500.0,119.82702,35.02573,10,163.03,8.91
226500.0,3841500.0,120.01489,34.67898,10,21.35,6.88
241500.0,3902500.0,120.15952,35.23227,10,65.75,40.05
238500.0,3890500.0,120.13039,35.12342,10,82.76,69.29
240500.0,3964500.0,120.12871,35.79035,10,149.72,33.22
283500.0,3898500.0,120.62169,35.20619,10,167.51,1.28
308500.0,3947500.0,120.88462,35.65279,10,47.63,11.91
302500.0,3986500.0,120.80875,36.00298,10,16.54,405.99
282500.0,3967500.0,120.59221,35.82757,10,168.95,16.7
344500.0,3953500.0,121.28095,35.71319,10,155.73,20.88
338500.0,3948500.0,121.21566,35.66717,10,31.86,12.48
377500.0,3882500.0,121.65633,35.07783,10,109.28,631.39
268500.0,3834500.0,120.47478,34.62628,10,143.88,932.73
252500.0,3910500.0,120.27785,35.3071,10,154.58,133.54
259500.0,3981500.0,120.3336,35.94829,10,157.29,37.49
243500.0,3979500.0,120.15705,35.92621,10,122.71,4.14
257500.0,4003500.0,120.3047,36.14593,10,69.81,185539.72
292500.0,3876500.0,120.726,35.00986,10,22.64,192.73
306500.0,3914500.0,120.87041,35.35506,10,16.94,31.39
300500.0,3915500.0,120.80418,35.36289,10,90.44,10824.0
338500.0,3862500.0,121.23258,34.89208,10,58.69,2789.46
342500.0,3860500.0,121.27672,34.87468,10,153.18,231.2
341500.0,3922500.0,121.25388,35.43333,10,134.67,442.25
333500.0,3913500.0,121.16762,35.35091,10,28.54,4249.29
349500.0,3941500.0,121.33845,35.60582,10,177.63,217.17
328500.0,3947500.0,121.10544,35.65647,10,54.97,100.65
352500.0,3949500.0,121.3701,35.67837,10,93.17,1928.8
352500.0,3950500.0,121.36991,35.68739,10,58.64,1595.25
351500.0,3950500.0,121.35886,35.68723,10,59.15,1695.63
358500.0,3968500.0,121.43302,35.8505,10,42.55,103.0
368500.0,3832500.0,121.56548,34.62596,10,58.53,4129.39
402500.0,3821500.0,121.93758,34.53057,10,32.46,1030.52
403500.0,3831500.0,121.94734,34.62083,10,45.24,71322.0
376500.0,3875500.0,121.6464,35.01461,10,74.99,1649.52
422500.0,3824500.0,122.15522,34.55933,10,44.84,8012.37
429500.0,3919500.0,122.22346,35.41641,10,63.32,30175.66
173500.0,3878500.0,119.42294,34.99646,10,67.29,2.88
169500.0,3882500.0,119.3776,35.03116,10,31.67,159.1
169500.0,3893500.0,119.37322,35.13015,10,126.26,5.84
211500.0,3949500.0,119.81365,35.64723,10,33.63,3.81
256500.0,3839500.0,120.34257,34.66854,10,175.2,38.83
260500.0,3832500.0,120.38816,34.60642,10,70.99,9995.52
255500.0,3875500.0,120.32118,34.99259,10,91.8,16194.75
246500.0,3894500.0,120.21686,35.1615,10,143.63,97.75
244500.0,3888500.0,120.19678,35.10695,10,73.63,41.29
295500.0,3853500.0,120.76448,34.80323,10,35.36,113.52
272500.0,3865500.0,120.51,34.90646,10,158.71,3204.18
281500.0,3855500.0,120.61103,34.81834,10,157.65,6210.44
279500.0,3874500.0,120.58417,34.98909,10,156.68,16.84
300500.0,3911500.0,120.80515,35.32684,10,120.97,66.22
328500.0,3843500.0,121.12708,34.71919,10,155.88,132.41
324500.0,3921500.0,121.0669,35.42147,10,28.1,6249.95
356500.0,3969500.0,121.4107,35.85922,10,94.68,421.05
354500.0,3971500.0,121.38819,35.87695,10,88.34,190.9
221500.0,3834500.0,119.96268,34.61459,10,160.6,12.15
218500.0,3873500.0,119.91695,34.96496,10,110.19,29117872049.22
216500.0,3872500.0,119.89542,34.9554,10,32.2,3.44
250500.0,3873500.0,120.26705,34.97335,10,0.48,130.06
229500.0,3871500.0,120.03793,34.94995,10,105.2,249.22
251500.0,3862500.0,120.28126,34.87452,10,39.11,11.23
270500.0,3878500.0,120.48455,35.02313,10,133.3,829.11
262500.0,3895500.0,120.39207,35.17441,10,27.46,554.88
233500.0,3956500.0,120.05401,35.71644,10,0.06,789.76
284500.0,3819500.0,120.65298,34.49461,10,126.41,457.77
274500.0,3871500.0,120.53025,34.96096,10,130.21,2.88
318500.0,3923500.0,121.0004,35.43841,10,133.75,768.29
283500.0,3981500.0,120.59947,35.95391,10,75.97,3267.81
287500.0,3987500.0,120.64218,36.00884,10,48.24,85.05
347500.0,3840500.0,121.33503,34.69516,10,58.24,213.19
333500.0,3845500.0,121.18126,34.73804,10,140.5,124.11
360500.0,3852500.0,121.47493,34.80519,10,59.97,3127.73
344500.0,3866500.0,121.29748,34.92907,10,113.72,222.04
348500.0,3924500.0,121.33059,35.45245,10,27.7,2.58
340500.0,3920500.0,121.24326,35.41515,10,109.54,3821.26
346500.0,4016500.0,121.29085,36.28126,10,167.12,29.69
405500.0,3814500.0,121.97104,34.46774,10,27.29,85733742.13
382500.0,3909500.0,121.70731,35.32183,10,39.22,8338.51
385500.0,3905500.0,121.74086,35.28612,10,38.42,34915.36
365500.0,3955500.0,121.5127,35.73431,10,128.75,1723753049.04
367500.0,3950500.0,121.53563,35.68952,10,123.55,2763191620.26
368500.0,3958500.0,121.54537,35.76176,10,130.65,241.31
410500.0,3811500.0,122.02579,34.44113,10,123.44,236.69
440500.0,3811500.0,122.35232,34.4433,10,70.55,561265.93
434500.0,3840500.0,122.28477,34.70444,10,36.7,10301.48
432500.0,3924500.0,122.25609,35.4617,10,62.68,27672.26
427500.0,4001500.0,122.19401,36.15553,10,143.77,776.44
176500.0,3861500.0,119.46233,34.84442,10,155.05,27.69
202500.0,3839500.0,119.754,34.65428,10,129.62,114.55
181500.0,3861500.0,119.51692,34.84599,10,94.56,284.14
219500.0,3930500.0,119.90847,35.47847,10,25.51,14.48
259500.0,3862500.0,120.3687,34.87644,10,73.05,2536.07
241500.0,4011500.0,120.12443,36.21383,10,21.61,1109059471080.88
272500.0,3834500.0,120.51838,34.62717,10,136.48,1202.18
281500.0,3841500.0,120.61467,34.6922,10,33.27,281.75
281500.0,3858500.0,120.61025,34.84537,10,60.97,3393.09
288500.0,3857500.0,120.68701,34.83784,10,68.57,335235374.8
285500.0,3893500.0,120.64494,35.16157,10,48.91,8976244373.01
310500.0,3920500.0,120.91302,35.40989,10,154.85,517957152.14
318500.0,3926500.0,120.99974,35.46545,10,134.04,4354.3
348500.0,3856500.0,121.34307,34.83953,10,85.09,16601.63
341500.0,3896500.0,121.25891,35.199,10,28.12,2700262.26
363500.0,3911500.0,121.498,35.33744,10,142.65,1280.1
334500.0,3981500.0,121.16465,35.96389,10,94.52,1201.6
401500.0,3936500.0,121.91303,35.56729,10,57.72,27779.74
368500.0,3960500.0,121.54504,35.77978,10,64.89,3396.3
371500.0,4015500.0,121.56929,36.2759,10,21.14,304.36
428500.0,3837500.0,122.21952,34.67699,10,137.43,1111296143854.03
423500.0,3940500.0,122.1554,35.6053,10,24.0,48905241.87
176500.0,3896500.0,119.44873,35.15942,10,24.83,214.29
221500.0,3829500.0,119.96432,34.56957,10,132.63,285.21
192500.0,3862500.0,119.63666,34.85838,10,42.54,6.71
205500.0,3915500.0,119.7598,35.33938,10,33.16,8.01
204500.0,3921500.0,119.74664,35.3931,10,61.13,479.01
192500.0,3922500.0,119.61435,35.39847,10,93.17,4.71
242500.0,3833500.0,120.19176,34.61107,10,129.69,100.43
240500.0,3834500.0,120.16967,34.61958,10,160.91,893.82
265500.0,3883500.0,120.42838,35.06702,10,48.83,93.33
243500.0,3902500.0,120.18147,35.23279,10,59.26,896.12
269500.0,3908500.0,120.46522,35.29315,10,24.08,5566.52
270500.0,3923500.0,120.472,35.4285,10,11.06,2.68
267500.0,3912500.0,120.44211,35.32872,10,60.59,216.4
239500.0,3971500.0,120.11538,35.85312,10,41.52,43.38
278500.0,3868500.0,120.57482,34.93482,10,44.03,843.05
283500.0,3879500.0,120.62666,35.035,10,90.79,6499.57
290500.0,3879500.0,120.70334,35.03648,10,91.42,1394.08
277500.0,3922500.0,120.54931,35.42108,10,2.08,3.18
276500.0,3929500.0,120.53639,35.48392,10,4.61,985.57
282500.0,3957500.0,120.59493,35.73749,10,102.65,67.28
283500.0,3962500.0,120.60463,35.78275,10,146.45,24.24
305500.0,3976500.0,120.84446,35.91349,10,122.14,217.02
288500.0,3966500.0,120.65885,35.81988,10,42.27,6.29
346500.0,3854500.0,121.32157,34.82121,10,71.2,633.51
346500.0,3858500.0,121.32083,34.85726,10,55.51,11203.42
336500.0,3930500.0,121.19721,35.50462,10,48.09,6635.12
357500.0,3979500.0,121.41998,35.94949,10,141.52,3246.18
349500.0,3981500.0,121.33093,35.96632,10,53.89,140.94
357500.0,4011500.0,121.41419,36.23789,10,55.64,5690.46
337500.0,3993500.0,121.19544,36.07253,10,45.23,2769.2
390500.0,3942500.0,121.79086,35.62022,10,104.9,437.01
376500.0,3964500.0,121.63292,35.81688,10,130.68,6744.75
378500.0,3965500.0,121.6549,35.82614,10,44.86,2393.44
380500.0,4021500.0,121.66855,36.33114,10,25.68,45.82
206500.0,3854500.0,119.79237,34.79049,10,109.84,156.98
216500.0,3880500.0,119.89269,35.02743,10,91.57,1172.06
244500.0,3862500.0,120.20476,34.87278,10,52.4,6237.93
226500.0,3869500.0,120.00577,34.93113,10,115.89,5289.76
250500.0,3872500.0,120.26735,34.96434,10,178.34,342.38
238500.0,3894500.0,120.12913,35.15945,10,106.68,103.95
268500.0,3979500.0,120.43388,35.93245,10,17.29,30.87
258500.0,4004500.0,120.3155,36.15518,10,73.33,521.1
304500.0,3844500.0,120.8649,34.72389,10,150.3,252.55
284500.0,3877500.0,120.63813,35.0172,10,94.15,284.42
310500.0,3946500.0,120.90694,35.64417,10,27.04,1739.83
277500.0,3982500.0,120.53271,35.96157,10,77.9,2070.33
280500.0,3979500.0,120.56678,35.93522,10,85.99,2.48
304500.0,3993500.0,120.82919,36.06645,10,140.43,67.98
340500.0,3874500.0,121.25217,35.00055,10,20.94,1537.36
355500.0,3859500.0,121.41908,34.8676,10,151.6,25963.08
328500.0,3877500.0,121.12011,35.02563,10,137.24,3610.83
323500.0,3907500.0,121.05892,35.29513,10,109.58,234.17
329500.0,3934500.0,121.11922,35.53949,10,47.0,4756.2
331500.0,3992500.0,121.12905,36.0625,10,89.11,14884738.03
397500.0,3827500.0,121.88238,34.58419,10,151.23,5.28
378500.0,3871500.0,121.6689,34.97879,10,36.98,108599.85
368500.0,3851500.0,121.56252,34.79724,10,73.88,1008.75
408500.0,3826500.0,122.00241,34.57621,10,31.1,3831.17
424500.0,3859500.0,122.17388,34.87507,10,72.68,38842.16
429500.0,3859500.0,122.22859,34.87543,10,85.75,157753.0
208500.0,3843500.0,119.818,34.69202,10,39.23,278.85
189500.0,3848500.0,119.60907,34.73144,10,102.41,277.06
208500.0,3847500.0,119.81662,34.72804,10,64.27,366.39
224500.0,3844500.0,119.99211,34.70546,10,134.68,36.64
181500.0,3865500.0,119.5154,34.882,10,145.8,75.34
215500.0,3852500.0,119.89127,34.77503,10,70.83,67816.83
244500.0,3897500.0,120.194,35.18801,10,11.11,74.73
314500.0,3821500.0,120.97908,34.51847,10,39.64,2533.32
295500.0,3863500.0,120.76204,34.89334,10,86.55,19817.71
297500.0,3894500.0,120.77636,35.17307,10,179.17,1785.06
350500.0,3877500.0,121.36117,35.02912,10,77.05,118079.61
330500.0,3968500.0,121.12308,35.84605,10,159.66,24.29
211500.0,3867500.0,119.84246,34.90897,10,74.57,267.9
211500.0,3870500.0,119.84143,34.93598,10,43.46,482.66
214500.0,3857500.0,119.87866,34.81977,10,179.06,7.31
220500.0,3924500.0,119.92154,35.42473,10,157.51,936.39
238500.0,3848500.0,120.14355,34.74516,10,77.08,4828.76
232500.0,3840500.0,120.08061,34.67156,10,89.14,118.84
247500.0,3880500.0,120.2321,35.03565,10,130.43,208.51
244500.0,3891500.0,120.19585,35.13397,10,92.8,320.16
259500.0,3901500.0,120.3574,35.22774,10,47.64,5.39
253500.0,3965500.0,120.2721,35.8027,10,129.75,71.98
289500.0,3813500.0,120.70887,34.44158,10,43.37,670.03
300500.0,3845500.0,120.821,34.73213,10,34.48,2234.44
296500.0,3827500.0,120.78167,34.56914,10,93.12,34.15
301500.0,3845500.0,120.83192,34.73233,10,69.54,2.18
287500.0,3841500.0,120.68012,34.69347,10,83.24,9.54
315500.0,3946500.0,120.96213,35.64511,10,44.4,2987.8
317500.0,3994500.0,120.97323,36.07799,10,14.09,11.85
348500.0,3811500.0,121.35111,34.4339,10,47.67,4100.18
350500.0,3902500.0,121.35665,35.25446,10,125.7,1899897557.74
362500.0,3982500.0,121.47488,35.97725,10,10.36,171.52
340500.0,4020500.0,121.22325,36.31633,10,56.71,10.59
394500.0,3838500.0,121.84831,34.68306,10,82.47,216.53
397500.0,3833500.0,121.88166,34.63828,10,118.03,1724.66
399500.0,3836500.0,121.90312,34.66553,10,65.27,689.13
363500.0,3840500.0,121.50966,34.69742,10,76.87,1272.08
367500.0,3882500.0,121.54667,35.07657,10,143.49,707.44
163500.0,3862500.0,119.32002,34.8492,10,30.17,5.14
179500.0,3858500.0,119.49623,34.81836,10,168.18,161.98
164500.0,3880500.0,119.32371,35.01151,10,84.78,9.14
178500.0,3881500.0,119.47647,35.02506,10,161.1,339.37
210500.0,3868500.0,119.83119,34.91769,10,86.24,33.96
212500.0,3891500.0,119.8451,35.12534,10,134.04,24.7
222500.0,3944500.0,119.9367,35.60536,10,156.28,29.06
244500.0,3821500.0,120.21715,34.50348,10,126.98,113.12
248500.0,3879500.0,120.24335,35.0269,10,83.23,9850.76
262500.0,3900500.0,120.39063,35.21945,10,175.89,59.28
233500.0,3902500.0,120.07171,35.23018,10,169.39,99.71
244500.0,3919500.0,120.18715,35.38614,10,2.8,22.3
250500.0,3908500.0,120.25649,35.28859,10,34.65,21.42
260500.0,3908500.0,120.36634,35.29104,10,129.95,421.76
233500.0,3942500.0,120.05864,35.59038,10,16.09,9.81
242500.0,3943500.0,120.15754,35.60177,10,21.13,5.86
238500.0,3942500.0,120.11376,35.59171,10,154.28,4.71
246500.0,3937500.0,120.20353,35.54876,10,26.6,3.64
273500.0,3980500.0,120.48897,35.94263,10,1.36,98.43
261500.0,3979500.0,120.35636,35.93077,10,88.47,1.34
253500.0,3963500.0,120.27271,35.78469,10,49.91,14.82
237500.0,3973500.0,120.0926,35.87059,10,136.99,82.45
248500.0,3975500.0,120.21367,35.89149,10,106.88,11383.62
268500.0,3982500.0,120.433,35.95947,10,13.56,3.36
270500.0,3988500.0,120.45342,36.01399,10,97.06,287.01
309500.0,3964500.0,120.89163,35.80616,10,1.89,548.03
279500.0,3976500.0,120.55654,35.90797,10,179.86,12.91
286500.0,3976500.0,120.63405,35.90953,10,8.02,55.11
309500.0,4009500.0,120.8808,36.2116,10,12.7,33.77
300500.0,4013500.0,120.77973,36.24582,10,31.15,55479.44
307500.0,4004500.0,120.85979,36.16616,10,173.97,3.32
322500.0,3975500.0,121.03298,35.90771,10,145.9,30.89
324500.0,4010500.0,121.04735,36.22345,10,6.4,6404013535.1
333500.0,3999500.0,121.14977,36.12592,10,114.65,946.39
347500.0,4014500.0,121.30237,36.26339,10,8.35,8.66
209500.0,3908500.0,119.80623,35.27753,10,76.55,391.56
212500.0,3908500.0,119.83917,35.2784,10,179.46,63.05
258500.0,3812500.0,120.37204,34.42578,10,71.62,9.32
245500.0,3969500.0,120.18239,35.83668,10,55.85,78.72
259500.0,3973500.0,120.33602,35.87624,10,126.87,1265.86
257500.0,3970500.0,120.3148,35.84873,10,45.31,47.19
305500.0,3916500.0,120.85894,35.37288,10,94.3,992.42
276500.0,3935500.0,120.53473,35.53797,10,5.77,11.23
279500.0,3936500.0,120.56752,35.54765,10,5.27,218.84
308500.0,3970500.0,120.87913,35.86002,10,38.07,6.85
305500.0,4009500.0,120.83633,36.2108,10,141.31,172.69
314500.0,4015500.0,120.93497,36.26663,10,44.01,159.64
313500.0,4018500.0,120.92313,36.29346,10,169.52,1314.29
359500.0,3945500.0,121.44812,35.64334,10,23.5,23.44
346500.0,3942500.0,121.30515,35.61437,10,131.32,3553.45
360500.0,3943500.0,121.45951,35.62546,10,146.09,200.43
346500.0,3976500.0,121.29864,35.92079,10,168.22,473.68
357500.0,3972500.0,121.42123,35.8864,10,177.51,3624.53
336500.0,3978500.0,121.18744,35.93719,10,20.02,87.73
348500.0,3991500.0,121.31793,36.05628,10,103.19,10570.08
335500.0,4018500.0,121.168,36.29747,10,106.63,8.95
335500.0,4021500.0,121.16737,36.3245,10,178.02,101.22
380500.0,3982500.0,121.67448,35.97962,10,132.53,1373.0
200500.0,3829500.0,119.73574,34.56366,10,109.36,323.14
212500.0,3850500.0,119.85922,34.75618,10,88.19,106.08
179500.0,3851500.0,119.49889,34.75536,10,64.58,1025.44
219500.0,3938500.0,119.9057,35.55049,10,98.92,397.62
215500.0,3938500.0,119.86164,35.54935,10,9.49,12896.75
238500.0,3819500.0,120.15249,34.48396,10,41.75,2624.8
315500.0,3921500.0,120.96782,35.41984,10,86.64,822752916.03
314500.0,3932500.0,120.95431,35.51877,10,137.64,382.19
323500.0,3914500.0,121.05741,35.35821,10,36.61,223749.24
331500.0,3921500.0,121.14397,35.42268,10,38.15,11662.45
346500.0,3937500.0,121.3061,35.56931,10,70.36,34.65
341500.0,4001500.0,121.23823,36.14528,10,103.93,13043.74
383500.0,3870500.0,121.72381,34.97036,10,112.78,3092.12
199500.0,3824500.0,119.72662,34.51835,10,153.78,9.12
250500.0,3913500.0,120.25496,35.33363,10,8.69,216.32
368500.0,3956500.0,121.5457,35.74373,10,157.82,747.97
368500.0,3955500.0,121.54586,35.73472,10,148.47,12544240489.17
412500.0,3994500.0,122.02805,36.09119,10,123.46,5293.65
172500.0,3861500.0,119.41866,34.84314,10,18.35,30.93
200500.0,3835500.0,119.73362,34.61768,10,160.58,831.3
191500.0,3895500.0,119.6135,35.15513,10,113.15,1546.53
258500.0,3876500.0,120.35372,35.00231,10,8.48,222.74
254500.0,3882500.0,120.30816,35.0554,10,83.26,2797.22
250500.0,3907500.0,120.25679,35.27959,10,155.52,3951.42
250500.0,3920500.0,120.25283,35.39667,10,136.51,34.32
232500.0,3931500.0,120.05125,35.49106,10,133.96,13.86
251500.0,3904500.0,120.26868,35.25281,10,102.78,558.16
263500.0,3968500.0,120.38177,35.83218,10,99.43,794.42
274500.0,3904500.0,120.52126,35.25826,10,8.8,154.57
307500.0,4007500.0,120.85906,36.19318,10,30.79,67.66
317500.0,4002500.0,120.97137,36.15007,10,103.1,2264.63
304500.0,3996500.0,120.82845,36.09348,10,32.41,47.19
316500.0,4005500.0,120.95956,36.17691,10,123.01,71.33
312500.0,3986500.0,120.91963,36.00496,10,34.18,15.63
317500.0,4015500.0,120.96835,36.2672,10,59.23,1.86
325500.0,3957500.0,121.07014,35.74605,10,80.6,1414.22
342500.0,3938500.0,121.26179,35.57769,10,19.41,12.59
343500.0,3936500.0,121.2732,35.55982,10,53.15,19.3
342500.0,3939500.0,121.26159,35.5867,10,135.61,7606.56
332500.0,3978500.0,121.14311,35.93651,10,100.71,345.24
330500.0,3970500.0,121.12266,35.86408,10,152.43,10.95
332500.0,3965500.0,121.14585,35.81936,10,33.06,19.64
321500.0,4002500.0,121.01581,36.15082,10,156.02,698.42
327500.0,3997500.0,121.08357,36.10685,10,123.45,1069.92
320500.0,3993500.0,121.00675,36.06954,10,109.35,19419.77
381500.0,4019500.0,121.67999,36.31323,10,51.25,20.18
204500.0,3849500.0,119.77229,34.74489,10,96.05,9.43
181500.0,3872500.0,119.51273,34.945,10,127.47,7.59
209500.0,3866500.0,119.82095,34.89939,10,35.24,19.24
204500.0,3878500.0,119.76206,35.00599,10,160.89,1107.23
212500.0,3941500.0,119.82752,35.5755,10,77.17,185.19
220500.0,3938500.0,119.91672,35.55078,10,122.91,92.62
230500.0,3928500.0,120.03022,35.4635,10,54.96,83.63
267500.0,3970500.0,120.42543,35.85115,10,47.24,19.08
290500.0,3988500.0,120.67517,36.01849,10,136.53,26390.7
353500.0,3943500.0,121.38223,35.62444,10,144.33,30531.51
333500.0,4017500.0,121.14595,36.28811,10,107.55,31504.59
330500.0,4019500.0,121.11213,36.30561,10,170.14,498.78
323500.0,4018500.0,121.03443,36.29535,10,27.11,121.9
390500.0,3850500.0,121.80309,34.79083,10,13.94,734.95
391500.0,3984500.0,121.7962,35.99893,10,82.9,441.24
388500.0,3984500.0,121.76292,35.99859,10,87.29,20908.71
385500.0,3972500.0,121.73137,35.89008,10,47.35,220.06
387500.0,3984500.0,121.75182,35.99848,10,87.07,272177600.82
380500.0,3984500.0,121.67418,35.99765,10,99.94,180.38
400500.0,4001500.0,121.89389,36.15313,10,133.11,365973.26
401500.0,4002500.0,121.90488,36.16225,10,15.26,15.0
387500.0,3992500.0,121.75069,36.07059,10,129.79,5072.96
393500.0,4016500.0,121.81405,36.28759,10,144.46,12594.76
418500.0,3851500.0,122.10901,34.80247,10,4.07,650.75
420500.0,3860500.0,122.13002,34.88378,10,33.44,14633.56
425500.0,3858500.0,122.18491,34.86613,10,59.75,29011.1
422500.0,3858500.0,122.15209,34.8659,10,33.9,3430.5
423500.0,3863500.0,122.16257,34.91106,10,36.3,3151.23
209500.0,3849500.0,119.82683,34.74633,10,126.04,74.16
225500.0,3879500.0,119.99155,35.02091,10,86.19,1.89
245500.0,3841500.0,120.22204,34.68388,10,75.51,8393.96
270500.0,3972500.0,120.45804,35.86987,10,124.96,349.02
267500.0,3972500.0,120.42485,35.86917,10,115.79,1105.17
241500.0,3968500.0,120.13847,35.82663,10,146.6,559.25
291500.0,3820500.0,120.72892,34.50506,10,49.33,3956.61
275500.0,3969500.0,120.51422,35.84401,10,116.29,3081.59
275500.0,3966500.0,120.51506,35.81699,10,135.94,86.12
293500.0,3990500.0,120.70792,36.03715,10,50.49,50.78
289500.0,3990500.0,120.66355,36.0363,10,74.96,420.09
305500.0,4006500.0,120.83708,36.18377,10,117.33,508.27
316500.0,4019500.0,120.95628,36.30305,10,75.6,219.88
331500.0,3993500.0,121.12884,36.07151,10,31.24,8.33
322500.0,4007500.0,121.02579,36.19605,10,22.33,1192.02
208500.0,3908500.0,119.79525,35.27724,10,93.32,425.63
247500.0,3814500.0,120.25186,34.44117,10,41.95,586.59
195500.0,3888500.0,119.65992,35.09334,10,18.63,10.87
196500.0,3929500.0,119.65572,35.46271,10,49.54,177.95
311500.0,3966500.0,120.91328,35.82456,10,53.69,17713.63
323500.0,3972500.0,121.04472,35.88086,10,167.63,387.91
199500.0,3871500.0,119.70988,34.9415,10,115.02,154228.12
196500.0,3915500.0,119.66093,35.33669,10,11.87,12438.12
272500.0,3917500.0,120.49568,35.37491,10,114.29,13.77
231500.0,3905500.0,120.04878,35.25666,10,178.03,258.61
258500.0,4007500.0,120.31458,36.1822,10,101.65,1096.22
290500.0,3890500.0,120.70056,35.13559,10,81.85,12034.71
306500.0,3967500.0,120.85772,35.8326,10,28.27,3267.38
288500.0,3989500.0,120.65273,36.02707,10,63.61,905.58
329500.0,4005500.0,121.10404,36.17929,10,106.48,373.07
364500.0,3988500.0,121.49603,36.0316,10,102.26,3188.5
328500.0,4002500.0,121.09358,36.15208,10,99.03,514.25
409500.0,3927500.0,122.00231,35.48692,10,168.49,3404.06
201500.0,3827500.0,119.74732,34.54595,10,104.83,1657.42
187500.0,3876500.0,119.57682,34.98288,10,129.3,7.7
184500.0,3877500.0,119.54363,34.99095,10,45.99,21.68
190500.0,3924500.0,119.59161,35.41586,10,86.05,983.15
210500.0,3924500.0,119.81155,35.42187,10,42.59,75.34
243500.0,3821500.0,120.20627,34.50324,10,40.78,405.82
225500.0,3837500.0,120.00528,34.64269,10,1.31,14.73
288500.0,3825500.0,120.69502,34.5495,10,145.81,672.39
308500.0,3976500.0,120.87769,35.91408,10,99.9,98.54
299500.0,4002500.0,120.77142,36.14651,10,136.74,261.26
285500.0,3993500.0,120.61837,36.06245,10,54.78,2836.73
315500.0,3975500.0,120.95545,35.90642,9,67.58,2.91
206500.0,3831500.0,119.80035,34.5834,9,90.67,13614.5
201500.0,3872500.0,119.73138,34.95109,9,80.92,3670.26
191500.0,3887500.0,119.61649,35.08312,9,155.23,50.16
214500.0,3899500.0,119.86425,35.19794,9,88.37,143.13
193500.0,3885500.0,119.63913,35.06573,9,176.85,15.81
256500.0,3819500.0,120.3483,34.48837,9,173.57,7.09
252500.0,3840500.0,120.29866,34.67659,9,51.61,69597.63
231500.0,3918500.0,120.04452,35.37372,9,81.84,589.47
231500.0,3948500.0,120.0346,35.64386,9,87.22,43.64
281500.0,3816500.0,120.6211,34.46695,9,51.3,46855.52
312500.0,3961500.0,120.92552,35.7797,9,88.68,181.48
320500.0,3965500.0,121.01308,35.81724,9,117.13,1.16
325500.0,3998500.0,121.06114,36.1155,9,24.31,328.76
176500.0,3841500.0,119.47001,34.6644,9,138.28,34.94
166500.0,3886500.0,119.34318,35.06617,9,167.12,1.81
195500.0,3848500.0,119.67449,34.73325,9,47.15,329.35
212500.0,3900500.0,119.84196,35.20637,9,104.93,126.57
302500.0,3831500.0,120.8461,34.60636,9,39.38,7684.77
336500.0,3949500.0,121.19337,35.67585,9,158.84,926.33
393500.0,3879500.0,121.83218,35.0526,9,155.86,402.25
206500.0,3866500.0,119.78817,34.89853,9,112.33,12.04
205500.0,3886500.0,119.77017,35.0783,9,30.44,8.03
210500.0,3897500.0,119.82108,35.17879,9,125.69,159.41
209500.0,3900500.0,119.80905,35.20551,9,63.43,17.23
220500.0,3916500.0,119.92428,35.3527,9,130.43,42.17
214500.0,3937500.0,119.85097,35.54006,9,67.33,215.38
268500.0,3831500.0,120.4756,34.59925,9,129.39,321.76
233500.0,3842500.0,120.09089,34.68983,9,61.76,11.21
255500.0,3889500.0,120.31705,35.11869,9,64.5,3135.12
253500.0,4008500.0,120.25872,36.18995,9,100.93,8.8
274500.0,3865500.0,120.53187,34.90691,9,160.09,1205.32
318500.0,3960500.0,120.99209,35.77182,9,67.83,148.4
300500.0,3994500.0,120.78455,36.07465,9,1.53,5.08
300500.0,3995500.0,120.7843,36.08366,9,72.37,3.82
301500.0,3995500.0,120.7954,36.08386,9,42.8,3.2
329500.0,3943500.0,121.11733,35.62059,9,155.85,34364.65
335500.0,3980500.0,121.17594,35.95504,9,94.73,45.35
322500.0,3984500.0,121.03097,35.98881,9,92.55,20.46
327500.0,3990500.0,121.0851,36.04377,9,9.32,301.2
172500.0,3881500.0,119.41082,35.02313,9,102.69,12.26
219500.0,3827500.0,119.94321,34.55101,9,176.05,842.68
198500.0,3844500.0,119.70864,34.69813,9,67.52,554.58
210500.0,3837500.0,119.84185,34.63856,9,137.99,41.72
209500.0,3827500.0,119.83438,34.54824,9,147.24,324.12
216500.0,3862500.0,119.89881,34.86535,9,8.86,26.88
192500.0,3911500.0,119.61849,35.29946,9,126.67,43.65
208500.0,3926500.0,119.78883,35.43929,9,91.6,7.84
198500.0,3920500.0,119.68105,35.3823,9,178.11,8.87
209500.0,3933500.0,119.79733,35.5026,9,151.75,62.9
239500.0,3823500.0,120.16214,34.52025,9,130.48,158.59
248500.0,3869500.0,120.24637,34.93683,9,20.31,6.49
243500.0,3858500.0,120.19505,34.8365,9,39.16,7544.31
229500.0,3879500.0,120.03533,35.02199,9,52.2,2774.93
249500.0,3912500.0,120.24428,35.32437,9,7.7,8.56
245500.0,3998500.0,120.17308,36.09783,9,155.19,5.43
276500.0,3826500.0,120.56408,34.55598,9,56.94,883.78
274500.0,3860500.0,120.53322,34.86186,9,163.87,95.02
312500.0,3902500.0,120.93915,35.24807,9,86.57,18030.44
285500.0,3884500.0,120.64728,35.08048,9,51.76,9963.71
275500.0,3888500.0,120.5366,35.11434,9,104.36,6.74
281500.0,3906500.0,120.59761,35.27782,9,143.3,29.22
284500.0,3963500.0,120.61541,35.79198,9,0.32,42.89
316500.0,3967500.0,120.96837,35.83452,9,27.02,3.93
319500.0,3838500.0,121.02991,34.67258,9,126.92,3.26
353500.0,3868500.0,121.39563,34.94844,9,63.65,9449.11
358500.0,3864500.0,121.45104,34.91309,9,161.59,5224.87
349500.0,3874500.0,121.35075,35.00193,9,81.51,17849.91
322500.0,3941500.0,121.04051,35.60134,9,49.67,25164.31
369500.0,3847500.0,121.57407,34.76131,9,69.69,457175.65
368500.0,3847500.0,121.56315,34.76118,9,69.22,4032.58
402500.0,3919500.0,121.92611,35.41413,9,67.35,18717.66
166500.0,3874500.0,119.34799,34.95818,9,104.91,2.21
178500.0,3865500.0,119.48263,34.88105,9,177.99,3.33
179500.0,3912500.0,119.47537,35.30438,9,25.31,2.77
184500.0,3904500.0,119.53334,35.23397,9,77.65,646.67
216500.0,3914500.0,119.88101,35.33356,9,142.16,1687.47
210500.0,3946500.0,119.80369,35.61993,9,69.66,3.56
208500.0,3934500.0,119.78597,35.51131,9,122.86,178.83
218500.0,3939500.0,119.89434,35.55921,9,136.28,1789.6
217500.0,3939500.0,119.88332,35.55893,9,112.83,4.72
242500.0,3888500.0,120.17486,35.10644,9,85.55,5451.8
238500.0,3901500.0,120.12691,35.22249,9,119.66,1044.07
240500.0,3885500.0,120.15388,35.07891,9,86.24,237283.4
250500.0,3917500.0,120.25374,35.36965,9,118.69,4.54
263500.0,3923500.0,120.39496,35.42686,9,0.05,4.62
231500.0,3954500.0,120.0326,35.69789,9,67.08,125.55
266500.0,3984500.0,120.41026,35.97701,9,55.79,2.22
270500.0,3979500.0,120.45603,35.93293,9,127.57,19.48
242500.0,3966500.0,120.15018,35.80889,9,83.18,10.44
258500.0,3970500.0,120.32586,35.84898,9,36.71,5.88
300500.0,3876500.0,120.81362,35.01147,9,1.91,143.34
313500.0,3931500.0,120.94351,35.50958,9,10.76,1456.48
318500.0,3934500.0,120.99795,35.53754,9,51.67,12.91
339500.0,3862500.0,121.24352,34.89223,9,71.07,152.82
339500.0,3875500.0,121.24102,35.00941,9,138.67,134086.86
338500.0,3950500.0,121.21526,35.68519,9,117.49,2.31
338500.0,3955500.0,121.21425,35.73025,9,42.43,29.02
335500.0,3948500.0,121.18253,35.66667,9,9.98,48135.48
340500.0,3954500.0,121.23655,35.72157,9,34.05,211.32
322500.0,3962500.0,121.03587,35.79057,9,89.23,4.29
400500.0,3927500.0,121.9031,35.48606,9,95.53,816782.83
420500.0,3846500.0,122.13135,34.75755,9,21.54,139915.2
189500.0,3815500.0,119.62112,34.43437,9,11.5,12546.28
207500.0,3887500.0,119.79172,35.08789,9,113.89,26.49
208500.0,3921500.0,119.79062,35.39428,9,46.68,243.63
239500.0,3850500.0,120.15384,34.76343,9,150.06,353.89
226500.0,3870500.0,120.00545,34.94014,9,24.61,197.36
240500.0,3874500.0,120.15732,34.97984,9,51.74,1148.23
248500.0,3849500.0,120.25237,34.75668,9,114.4,365.03
251500.0,3912500.0,120.26626,35.32487,9,171.17,33015483055.61
250500.0,4008500.0,120.22539,36.18918,9,134.19,2.16
273500.0,3992500.0,120.48554,36.05072,9,175.55,244.92
314500.0,3814500.0,120.9806,34.45539,9,43.26,834565.42
310500.0,3826500.0,120.93441,34.56281,9,64.36,189331.02
316500.0,3864500.0,120.99151,34.90636,9,157.65,526.29
288500.0,3881500.0,120.68092,35.05408,9,9.91,14091.38
276500.0,3992500.0,120.51881,36.05141,9,10.58,60.85
323500.0,3872500.0,121.06639,34.9797,9,86.79,3711.42
336500.0,3866500.0,121.20992,34.92781,9,84.81,24816.34
338500.0,3926500.0,121.22005,35.4689,9,133.49,3412.94
361500.0,3926500.0,121.47345,35.47237,9,158.69,797.56
357500.0,3946500.0,121.42586,35.65207,9,146.39,279.49
325500.0,4004500.0,121.05981,36.16956,9,153.13,817.33
338500.0,4001500.0,121.2049,36.14479,9,26.8,5.38
357500.0,4012500.0,121.41401,36.2469,9,23.53,13.86
389500.0,3857500.0,121.79124,34.85383,9,88.56,28.38
391500.0,3991500.0,121.79523,36.06203,9,134.16,1184.55
392500.0,3992500.0,121.8062,36.07115,9,133.1,591.97
423500.0,3923500.0,122.15701,35.45203,9,62.25,60586.9
168500.0,3892500.0,119.36267,35.12082,9,138.58,3.75
217500.0,3881500.0,119.9033,35.03672,9,176.71,12.56
257500.0,3833500.0,120.35519,34.61473,9,157.66,373.02
260500.0,3847500.0,120.38391,34.74155,9,43.81,141135.55
259500.0,3837500.0,120.37585,34.65123,9,59.57,12143.44
234500.0,3865500.0,120.09453,34.89723,9,116.59,916.11
269500.0,3875500.0,120.47443,34.99587,9,179.3,32860.0
228500.0,3878500.0,120.02471,35.01272,9,106.97,1974.62
268500.0,3900500.0,120.45649,35.22085,9,32.62,289799.5
266500.0,3878500.0,120.44074,35.02221,9,47.18,1.59
270500.0,3910500.0,120.47565,35.3114,9,88.88,309873.07
282500.0,3823500.0,120.63019,34.53023,9,6.94,1659.27
313500.0,3871500.0,120.95712,34.9689,9,74.6,117430.6
273500.0,3878500.0,120.5174,35.0238,9,170.5,18.54
338500.0,3889500.0,121.22734,35.13543,9,53.9,252.59
337500.0,3978500.0,121.19852,35.93736,9,104.65,752.46
265500.0,3889500.0,120.42668,35.12107,9,123.63,287.03
234500.0,3955500.0,120.06538,35.70771,9,106.65,4.29
280500.0,3873500.0,120.59538,34.9803,9,160.8,9.15
297500.0,3861500.0,120.7844,34.87572,9,164.89,1098261696777.89
277500.0,3877500.0,120.56148,35.01568,9,61.73,4741.33
302500.0,3909500.0,120.82763,35.30922,9,31.72,35.82
317500.0,3943500.0,120.98489,35.61845,9,134.86,609.43
315500.0,3966500.0,120.95754,35.82532,9,118.31,20.19
299500.0,3959500.0,120.78228,35.75912,9,77.4,47.19
295500.0,3995500.0,120.72881,36.08262,9,115.07,341.47
347500.0,3841500.0,121.33485,34.70418,9,148.71,129.17
321500.0,3835500.0,121.05236,34.64589,9,86.15,9737.23
331500.0,3839500.0,121.16062,34.68364,9,100.5,938.02
349500.0,3909500.0,121.34437,35.3174,9,147.91,734.07
353500.0,3936500.0,121.3835,35.56135,9,36.66,16235.51
341500.0,3945500.0,121.24938,35.64062,9,119.22,1442.04
352500.0,3936500.0,121.37247,35.56121,9,36.32,2940.79
340500.0,3939500.0,121.23952,35.58638,9,174.9,201.16
349500.0,3940500.0,121.33864,35.5968,9,36.92,11069.22
346500.0,3935500.0,121.30648,35.55128,9,34.03,24579.5
382500.0,3833500.0,121.71803,34.63667,9,158.5,177.76
394500.0,3855500.0,121.84618,34.83633,9,82.54,41904.66
399500.0,3854500.0,121.90097,34.82782,9,81.86,9543.92
396500.0,3946500.0,121.85658,35.65693,9,147.19,412.42
367500.0,3957500.0,121.53448,35.75261,9,38.16,79.06
430500.0,4008500.0,122.22674,36.21885,9,42.77,1724.61
234500.0,3845500.0,120.10085,34.71711,9,9.5,352.85
251500.0,3893500.0,120.272,35.15374,9,110.41,22.93
241500.0,3906500.0,120.15826,35.2683,9,162.58,160.92
275500.0,3902500.0,120.53279,35.24046,9,106.62,2.29
276500.0,3888500.0,120.54756,35.11456,9,88.22,75.01
310500.0,3918500.0,120.91348,35.39187,9,155.35,263.18
304500.0,3969500.0,120.8351,35.85022,9,32.7,273.06
350500.0,3901500.0,121.35683,35.24545,9,77.27,3219.15
320500.0,3923500.0,121.02243,35.43878,9,74.69,7.33
362500.0,3910500.0,121.48717,35.32829,9,143.55,1185.58
319500.0,3929500.0,121.01008,35.49266,9,48.5,1482.32
330500.0,3981500.0,121.12031,35.9632,9,0.96,172.24
385500.0,4000500.0,121.72732,36.14246,9,102.73,782.19
372500.0,4016500.0,121.58026,36.28505,9,113.11,363.14
166500.0,3885500.0,119.34358,35.05717,9,47.64,16.73
197500.0,3847500.0,119.69666,34.72484,9,160.04,61.1
198500.0,3847500.0,119.70757,34.72513,9,174.92,320.03
196500.0,3841500.0,119.68791,34.67053,9,96.1,14.4
197500.0,3839500.0,119.69952,34.65282,9,130.41,818.22
215500.0,3868500.0,119.88584,34.9191,9,6.48,58.27
212500.0,3862500.0,119.85511,34.86423,9,91.38,67.68
220500.0,3860500.0,119.94318,34.84845,9,8.96,172.71
223500.0,3888500.0,119.96665,35.10141,9,159.71,829.06
196500.0,3937500.0,119.65273,35.53472,9,151.53,239.5
227500.0,3953500.0,119.98878,35.68779,9,12.2,175.35
243500.0,3837500.0,120.20144,34.64735,9,171.91,3152.61
243500.0,3861500.0,120.19414,34.86352,9,42.4,2111.89
244500.0,3860500.0,120.20537,34.85477,9,42.97,3421.15
255500.0,3934500.0,120.30362,35.524,9,176.62,194.36
271500.0,3948500.0,120.47595,35.65393,9,96.23,119224.51
266500.0,3956500.0,120.41845,35.72482,9,125.06,73.36
244500.0,3942500.0,120.17991,35.59328,9,46.86,21.61
245500.0,3955500.0,120.18683,35.71061,9,174.32,183.23
245500.0,3965500.0,120.18366,35.80066,9,60.32,17.8
262500.0,3967500.0,120.37101,35.82293,9,109.27,176.62
271500.0,3989500.0,120.46422,36.02323,9,103.89,169.43
247500.0,3999500.0,120.19496,36.10736,9,125.63,132.58
253500.0,4006500.0,120.25935,36.17194,9,31.05,115.5
277500.0,3863500.0,120.56521,34.88955,9,76.78,194.67
273500.0,3875500.0,120.51822,34.99678,9,133.68,28.54
274500.0,3925500.0,120.51547,35.44743,9,157.97,201.02
282500.0,3921500.0,120.60461,35.41318,9,78.39,11.57
288500.0,3953500.0,120.66228,35.70276,9,89.82,10.34
283500.0,3957500.0,120.60598,35.73771,9,85.98,56.39
286500.0,3944500.0,120.64257,35.62125,9,103.71,578.53
286500.0,3956500.0,120.63939,35.72936,9,144.29,109.01
306500.0,3969500.0,120.85724,35.85062,9,60.9,555.41
308500.0,3975500.0,120.87793,35.90507,9,170.04,22.25
299500.0,3976500.0,120.77801,35.91228,9,117.01,136.32
347500.0,3858500.0,121.33177,34.85741,9,56.48,1183.47
336500.0,3869500.0,121.20934,34.95485,9,81.41,3296.22
325500.0,3935500.0,121.07491,35.5478,9,45.7,5529.3
379500.0,3867500.0,121.68043,34.94285,9,77.46,184575.05
366500.0,3863500.0,121.53875,34.90516,9,79.57,1332.78
404500.0,3940500.0,121.94566,35.60365,9,124.96,22619.55
391500.0,3938500.0,121.80243,35.58428,9,13.14,1013.29
380500.0,3967500.0,121.67673,35.84441,9,130.1,10636.53
370500.0,4014500.0,121.55832,36.26675,9,110.71,1532.33
430500.0,4019500.0,122.22576,36.31801,9,126.57,1262.24
213500.0,3856500.0,119.86808,34.81049,9,104.61,1253.07
206500.0,3850500.0,119.79376,34.75447,9,72.1,50.13
207500.0,3854500.0,119.80328,34.79078,9,14.73,389.29
244500.0,3880500.0,120.19924,35.0349,9,105.43,431.19
304500.0,3845500.0,120.86466,34.7329,9,44.4,6725.02
273500.0,3913500.0,120.50779,35.33911,9,94.62,663.13
316500.0,3950500.0,120.97226,35.68134,9,34.93,409.05
319500.0,3971500.0,121.00066,35.87112,9,21.58,43.76
319500.0,3823500.0,121.0331,34.53739,9,38.25,1079.39
340500.0,3873500.0,121.25236,34.99154,9,22.25,4189.54
337500.0,3872500.0,121.2197,34.98205,9,67.74,3896.02
371500.0,3871500.0,121.59223,34.97792,9,37.29,417.56
405500.0,3920500.0,121.95903,35.42344,9,129.01,119867.75
406500.0,3921500.0,121.96993,35.43255,9,129.08,52100.53
398500.0,3978500.0,121.87461,35.9456,9,88.55,1341.88
423500.0,3859500.0,122.16294,34.87499,9,85.58,322306.9
412500.0,3853500.0,122.04322,34.82001,9,45.35,4430.35
226500.0,3846500.0,120.01327,34.72401,9,124.71,12.47
172500.0,3856500.0,119.42061,34.79814,9,146.88,7.96
177500.0,3852500.0,119.4767,34.76373,9,43.41,14.14
186500.0,3843500.0,119.57821,34.68552,9,79.21,209.02
225500.0,3854500.0,119.99975,34.79578,9,69.87,18698.42
187500.0,3912500.0,119.56321,35.30691,9,128.4,252.05
198500.0,3925500.0,119.67921,35.42731,9,73.61,709.61
266500.0,3820500.0,120.45683,34.4997,9,14.79,524.99
253500.0,3825500.0,120.31393,34.54171,9,177.65,29.67
245500.0,3869500.0,120.21356,34.93608,9,162.24,1619.74
259500.0,3880500.0,120.36351,35.03858,9,0.47,1.28
245500.0,3888500.0,120.20774,35.10721,9,131.73,331.15
247500.0,3879500.0,120.2324,35.02665,9,130.06,3158.29
251500.0,3879500.0,120.2762,35.02764,9,57.21,1363.15
243500.0,3964500.0,120.16187,35.79114,9,122.6,624.74
253500.0,4003500.0,120.26029,36.14492,9,132.2,79.87
273500.0,3988500.0,120.48668,36.01469,9,22.32,58.48
287500.0,3840500.0,120.68037,34.68446,9,4.91,112.9
309500.0,3843500.0,120.9197,34.71583,9,82.89,20060.12
291500.0,3859500.0,120.7193,34.85648,9,7.73,5.35
301500.0,3864500.0,120.82742,34.90354,9,88.79,43024.25
281500.0,3866500.0,120.60816,34.91745,9,40.04,69941.92
281500.0,3851500.0,120.61207,34.7823,9,22.56,385.25
285500.0,3860500.0,120.65346,34.86424,9,80.82,338.78
357500.0,3893500.0,121.43512,35.17436,9,40.3,3089.48
353500.0,3898500.0,121.39032,35.21885,9,26.6,1044.99
332500.0,3927500.0,121.15375,35.47692,9,128.83,5407.3
353500.0,4007500.0,121.37044,36.20124,9,115.95,148639.58
401500.0,3870500.0,121.92095,34.97227,9,76.84,6718772.22
380500.0,3860500.0,121.69238,34.87986,9,37.12,9021.7
386500.0,3852500.0,121.75911,34.80842,9,35.81,12339.83
364500.0,3884500.0,121.51345,35.0942,9,61.04,9687.21
367500.0,3878500.0,121.54731,35.04051,9,36.5,69770.21
413500.0,3816500.0,122.05794,34.48647,9,63.58,539232.15
412500.0,3817500.0,122.04694,34.49541,9,63.83,60423.36
208500.0,3848500.0,119.81627,34.73704,9,1.88,10.21
188500.0,3859500.0,119.59409,34.83016,9,77.74,1.13
188500.0,3868500.0,119.59074,34.91117,9,167.05,4041.96
179500.0,3859500.0,119.49585,34.82736,9,133.35,40.04
183500.0,3860500.0,119.53913,34.83762,9,0.18,67.56
206500.0,3889500.0,119.78006,35.1056,9,176.8,8.9
208500.0,3901500.0,119.79773,35.21422,9,151.75,6849.03
219500.0,3909500.0,119.91568,35.28939,9,15.49,87.71
204500.0,3912500.0,119.7499,35.31208,9,61.41,3.98
263500.0,3833500.0,120.42057,34.61613,9,11.82,3.0
260500.0,3835500.0,120.38731,34.63345,9,52.5,9767.97
245500.0,3902500.0,120.20342,35.2333,9,178.67,862.38
252500.0,3888500.0,120.28446,35.10895,9,174.05,80.12
241500.0,3914500.0,120.15574,35.34034,9,108.07,394.39
233500.0,3911500.0,120.06879,35.31123,9,88.68,1125.23
246500.0,3959500.0,120.19661,35.74689,9,64.25,8.9
267500.0,3957500.0,120.42921,35.73406,9,117.18,7061.97
254500.0,3959500.0,120.28499,35.74892,9,93.75,31.67
256500.0,3974500.0,120.30252,35.88451,9,48.31,18.18
270500.0,3980500.0,120.45574,35.94193,9,20.05,55.2
253500.0,3964500.0,120.2724,35.7937,9,97.63,8.82
257500.0,3980500.0,120.31176,35.93879,9,150.57,15.56
241500.0,3966500.0,120.13912,35.80862,9,111.81,2925131.45
253500.0,3969500.0,120.27086,35.83873,9,83.43,10.2
248500.0,3967500.0,120.21619,35.81945,9,86.56,101.12
278500.0,3968500.0,120.54769,35.83569,9,25.23,6.81
295500.0,3972500.0,120.73474,35.87541,9,72.28,430.96
314500.0,3983500.0,120.94251,35.97831,9,92.39,328.57
280500.0,3970500.0,120.56926,35.85415,9,149.05,57.97
287500.0,3975500.0,120.64539,35.90074,9,174.12,12.96
281500.0,3975500.0,120.57896,35.89941,9,83.95,1.72
306500.0,3985500.0,120.85334,35.99478,9,131.17,695.33
302500.0,4010500.0,120.80273,36.2192,9,46.94,146.86
293500.0,3993500.0,120.70713,36.06418,9,30.11,268.06
317500.0,4013500.0,120.96881,36.24918,9,165.71,2.28
286500.0,3991500.0,120.63001,36.04465,9,107.97,138.5
324500.0,3965500.0,121.05733,35.81797,9,164.32,87.95
324500.0,3966500.0,121.05711,35.82698,9,178.86,14827.68
321500.0,4017500.0,121.01239,36.28597,9,87.57,4.09
336500.0,4020500.0,121.17871,36.31566,9,4.62,153.45
423500.0,4015500.0,122.14818,36.28143,9,154.92,3321268.73
165500.0,3864500.0,119.34106,34.86786,9,66.41,1.17
180500.0,3887500.0,119.49604,35.0797,9,113.67,128.56
214500.0,3817500.0,119.89214,34.45959,9,10.03,10.29
191500.0,3836500.0,119.63525,34.62402,9,112.75,5.1
194500.0,3890500.0,119.64823,35.11104,9,177.02,52.59
223500.0,3884500.0,119.96799,35.06539,9,93.04,4.3
228500.0,3883500.0,120.02308,35.05774,9,91.71,401.44
241500.0,3890500.0,120.16328,35.1242,9,91.9,69802.31
240500.0,3890500.0,120.15231,35.12394,9,94.11,1112.98
249500.0,3877500.0,120.2549,35.00913,9,19.83,125.6
249500.0,3930500.0,120.23875,35.48648,9,34.81,902.06
247500.0,3930500.0,120.21673,35.48598,9,29.3,992.05
269500.0,3916500.0,120.46297,35.36521,9,0.7,478.39
248500.0,3930500.0,120.22774,35.48623,9,32.12,179.09
232500.0,3944500.0,120.04695,35.60812,9,132.09,251.11
230500.0,3958500.0,120.02022,35.73363,9,134.29,89.47
258500.0,3945500.0,120.33339,35.62381,9,41.77,2210430623.62
265500.0,3962500.0,120.40565,35.77862,9,82.11,123.0
260500.0,3972500.0,120.34739,35.86748,9,82.12,5.31
271500.0,3963500.0,120.47168,35.78904,9,129.64,2557.81
256500.0,3999500.0,120.29483,36.10965,9,66.07,2.75
276500.0,3936500.0,120.53446,35.54698,9,16.81,11.13
311500.0,3939500.0,120.91961,35.58128,9,160.01,7780.86
276500.0,3970500.0,120.525,35.85325,9,145.27,132.89
281500.0,3979500.0,120.57786,35.93545,9,1.75,8.72
340500.0,3987500.0,121.22995,36.01896,9,114.28,247065.79
337500.0,4010500.0,121.19193,36.22572,9,98.42,7.74
335500.0,4012500.0,121.16926,36.2434,9,88.23,20.48
347500.0,4012500.0,121.30276,36.24537,9,87.33,110.13
377500.0,3979500.0,121.64168,35.95221,9,136.62,1992.33
432500.0,3916500.0,122.25675,35.38957,9,46.7,683080.63
181500.0,3895500.0,119.50391,35.15202,9,98.16,4852.83
273500.0,3921500.0,120.50557,35.41117,9,14.43,11.47
324500.0,3913500.0,121.06862,35.34937,9,80.24,73.43
198500.0,3836500.0,119.71149,34.6261,9,171.98,352.97
224500.0,3828500.0,119.99731,34.56137,9,40.36,1.54
203500.0,3835500.0,119.76629,34.61855,9,67.23,642.55
185500.0,3905500.0,119.54393,35.24328,9,79.39,2.23
236500.0,3875500.0,120.11323,34.98782,9,173.35,2.65
226500.0,3866500.0,120.00676,34.90412,9,74.46,39.71
238500.0,3903500.0,120.12627,35.2405,9,92.18,1374.96
240500.0,3913500.0,120.14506,35.33108,9,103.69,801000530.79
232500.0,3938500.0,120.04894,35.55409,9,109.04,3.82
289500.0,3831500.0,120.70442,34.60377,9,41.79,31439.75
305500.0,3958500.0,120.84884,35.75131,9,17.71,77.67
290500.0,3963500.0,120.68176,35.79328,9,38.07,18.09
316500.0,3993500.0,120.96236,36.06879,9,26.04,215.93
308500.0,3995500.0,120.87309,36.08527,9,8.29,2.08
294500.0,3991500.0,120.71875,36.04637,9,95.01,10.6
309500.0,3986500.0,120.88636,36.00438,9,122.96,463.02
306500.0,3986500.0,120.8531,36.00379,9,26.95,39.89
303500.0,3997500.0,120.8171,36.10229,9,40.91,559.15
302500.0,4003500.0,120.80449,36.15614,9,43.78,196.21
304500.0,4007500.0,120.82571,36.19258,9,149.41,10177.36
309500.0,4002500.0,120.8825,36.14853,9,83.28,17.7
296500.0,3988500.0,120.74171,36.01977,9,144.06,30.6
314500.0,3991500.0,120.94063,36.05039,9,20.97,20.57
312500.0,3992500.0,120.91821,36.05902,9,10.05,152.01
319500.0,4013500.0,120.99106,36.24956,9,149.54,28.97
339500.0,3980500.0,121.22028,35.95571,9,107.55,3892.38
323500.0,3963500.0,121.04671,35.79976,9,72.05,1543.94
343500.0,3971500.0,121.26638,35.87525,9,47.49,3.98
337500.0,3964500.0,121.20137,35.81119,9,0.19,123.08
341500.0,3970500.0,121.24444,35.86592,9,67.65,293.7
321500.0,4004500.0,121.01536,36.16884,9,101.98,455.22
323500.0,4011500.0,121.03601,36.23227,9,33.67,40.81
323500.0,4004500.0,121.03758,36.1692,9,41.23,48.0
320500.0,3997500.0,121.00584,36.10558,9,98.81,106.19
351500.0,3999500.0,121.34972,36.12884,9,127.82,190681.37
325500.0,4016500.0,121.05713,36.27769,9,159.6,316.86
443500.0,3994500.0,122.37237,36.09349,9,145.59,2510.66
210500.0,3869500.0,119.83084,34.92669,9,29.1,6.61
215500.0,3897500.0,119.87591,35.18022,9,173.18,650.93
183500.0,3894500.0,119.52621,35.14365,9,16.72,2145.02
242500.0,3868500.0,120.18105,34.92631,9,158.93,4.65
239500.0,3903500.0,120.13725,35.24076,9,57.69,241959.44
251500.0,3905500.0,120.26838,35.26182,9,44.98,6.48
231500.0,3933500.0,120.03958,35.5088,9,51.03,138.39
316500.0,3970500.0,120.96768,35.86155,9,175.64,26.5
304500.0,4004500.0,120.82646,36.16555,9,66.2,111.36
321500.0,3947500.0,121.02815,35.65523,9,70.96,637.21
323500.0,3946500.0,121.05045,35.64658,9,71.32,1335.6
358500.0,3976500.0,121.4316,35.9226,9,89.76,599.9
323500.0,3968500.0,121.04561,35.84482,9,52.01,4.16
364500.0,3991500.0,121.49552,36.05864,9,158.91,719503.69
390500.0,3840500.0,121.80439,34.70067,9,58.4,1227.39
391500.0,3839500.0,121.81544,34.69176,9,59.5,3301.69
395500.0,3837500.0,121.85935,34.67415,9,60.29,216.46
399500.0,3825500.0,121.90442,34.56635,9,93.29,5424.23
380500.0,3873500.0,121.69052,34.99706,9,111.21,1375.41
381500.0,3874500.0,121.70133,35.00619,9,119.18,713.2
375500.0,3943500.0,121.62511,35.62746,9,74.77,48608.89
391500.0,3947500.0,121.80122,35.66541,9,56.5,78600.1
394500.0,3976500.0,121.83054,35.92715,9,114.9,751.14
385500.0,3975500.0,121.73094,35.91712,9,132.7,862.81
384500.0,3973500.0,121.72015,35.89898,9,40.4,56.82
392500.0,3975500.0,121.80851,35.91792,9,125.47,27685.41
392500.0,3974500.0,121.80864,35.9089,9,130.61,7527.3
395500.0,3978500.0,121.84136,35.94528,9,111.09,208.81
374500.0,3994500.0,121.60604,36.08702,9,153.47,11087.88
381500.0,3991500.0,121.68422,36.06086,9,130.5,20577713912.66
398500.0,3990500.0,121.87308,36.05377,9,6.07,1755300.86
382500.0,3984500.0,121.69636,35.99789,9,101.61,1300.11
402500.0,3994500.0,121.91699,36.09024,9,101.37,10796.09
423500.0,3844500.0,122.16431,34.73974,9,14.27,419.05
426500.0,3849500.0,122.19664,34.78505,9,141.09,21.49
426500.0,3856500.0,122.19603,34.84816,9,178.25,3843.43
420500.0,3848500.0,122.13116,34.77558,9,13.52,89.58
166500.0,3867500.0,119.35078,34.89518,9,73.69,954.26
217500.0,3846500.0,119.91511,34.72156,9,68.44,36.92
224500.0,3848500.0,119.9908,34.74148,9,159.08,26.18
226500.0,3889500.0,119.99919,35.11123,9,177.44,193.36
265500.0,3959500.0,120.40653,35.7516,9,108.08,18.8
261500.0,3968500.0,120.35965,35.8317,9,33.87,122.58
272500.0,3968500.0,120.48132,35.83431,9,124.5,287.6
247500.0,3971500.0,120.20387,35.85521,9,80.69,51.56
286500.0,3824500.0,120.67349,34.54008,9,58.47,13975.77
276500.0,3965500.0,120.5264,35.80821,9,116.56,592.63
279500.0,3971500.0,120.55792,35.86293,9,119.84,658.27
276500.0,3974500.0,120.52388,35.88928,9,17.35,328.95
420500.0,3814500.0,122.13435,34.469,9,58.81,54095.05
427500.0,3927500.0,122.20072,35.4884,9,61.92,2578884.95
233500.0,3938500.0,120.05996,35.55436,9,120.4,1714.45
226500.0,3958500.0,119.97604,35.73253,9,60.95,5.5
269500.0,3957500.0,120.4513,35.73453,9,121.01,12.85
257500.0,4001500.0,120.30532,36.12792,9,69.9,86.13
293500.0,3970500.0,120.71312,35.85698,9,64.75,44.42
318500.0,4008500.0,120.9811,36.20432,9,93.71,927348.86
339500.0,3969500.0,121.2225,35.85658,9,94.84,634.19
338500.0,4011500.0,121.20284,36.2349,9,18.52,251026121.41
369500.0,3939500.0,121.55951,35.59063,9,115.84,12618.39
226500.0,3947500.0,119.97978,35.63349,9,97.97,406.22
267500.0,3919500.0,120.44012,35.39177,9,118.55,138.05
263500.0,3942500.0,120.38942,35.598,9,117.99,251.07
298500.0,3971500.0,120.7682,35.86703,9,34.65,6243.09
301500.0,3983500.0,120.79841,35.97575,9,104.54,22.62
285500.0,3991500.0,120.61892,36.04443,9,56.22,4447.92
329500.0,4004500.0,121.10426,36.17028,9,106.51,424.83
409500.0,3937500.0,122.00119,35.57707,9,178.66,30634.08
419500.0,3947500.0,122.11055,35.66809,9,179.36,25524.3
178500.0,3904500.0,119.46753,35.23206,9,75.18,9.29
220500.0,3825500.0,119.95475,34.53327,9,56.91,753.76
182500.0,3895500.0,119.51487,35.15233,9,149.91,5.96
226500.0,3908500.0,119.99289,35.28232,9,74.41,3215.89
225500.0,3832500.0,120.0069,34.59766,9,140.45,507.91
230500.0,3831500.0,120.06167,34.58998,9,59.25,3003.98
230500.0,3895500.0,120.04107,35.16634,9,139.5,61.87
261500.0,3983500.0,120.35515,35.9668,9,178.23,48484.23
249500.0,4008500.0,120.21428,36.18892,9,114.56,8.76
305500.0,3953500.0,120.85006,35.70626,9,87.79,26543.98
307500.0,3938500.0,120.87573,35.5715,9,106.44,148.85
304500.0,3958500.0,120.83779,35.75112,9,178.02,12.48
167500.0,3890500.0,119.35252,35.10249,8,153.41,1.72
204500.0,3854500.0,119.77054,34.78991,8,149.17,2.73
305500.0,3980500.0,120.84348,35.94953,8,64.09,1879.97
303500.0,3980500.0,120.82132,35.94913,8,87.19,17317.11
307500.0,3980500.0,120.86564,35.94993,8,90.32,14106.08
222500.0,3865500.0,119.96336,34.89402,8,19.81,2.85
217500.0,3900500.0,119.89681,35.20779,8,115.53,1589.62
218500.0,3890500.0,119.91119,35.11803,8,1.33,188.26
222500.0,3911500.0,119.94795,35.30823,8,6.66,25.89
211500.0,3910500.0,119.82748,35.29612,8,96.84,2398.33
257500.0,3819500.0,120.35918,34.48861,8,167.83,429.16
256500.0,3844500.0,120.34113,34.71358,8,63.34,7371.65
253500.0,3839500.0,120.30986,34.66782,8,51.88,2740.15
230500.0,3915500.0,120.03452,35.34644,8,116.49,1705.2
240500.0,3905500.0,120.14759,35.25903,8,178.86,410.75
227500.0,3913500.0,120.00221,35.32762,8,70.72,34.12
300500.0,3834500.0,120.8236,34.63301,8,41.37,32334.95
300500.0,3882500.0,120.81217,35.06554,8,51.58,193.85
306500.0,3955500.0,120.86062,35.72448,8,44.58,106.45
295500.0,3978500.0,120.7332,35.92947,8,158.51,600.28
306500.0,3988500.0,120.85261,36.0218,8,40.97,8.2
342500.0,3913500.0,121.26663,35.35238,8,81.7,714.96
330500.0,3928500.0,121.1315,35.48559,8,179.6,433458036135.7
337500.0,3918500.0,121.21063,35.39664,8,9.73,28721.09
325500.0,3988500.0,121.06335,36.02539,8,37.71,43625.57
407500.0,3851500.0,121.98877,34.80153,8,30.06,6452.35
162500.0,3861500.0,119.30951,34.83987,8,5.95,5.04
192500.0,3860500.0,119.63739,34.84038,8,64.89,5.99
218500.0,3880500.0,119.91459,35.02799,8,81.53,1370.64
197500.0,3929500.0,119.66672,35.46301,8,138.17,212.43
314500.0,3963500.0,120.94717,35.7981,8,87.0,81.11
314500.0,3962500.0,120.9474,35.78909,8,51.21,182.59
295500.0,3996500.0,120.72855,36.09163,8,84.03,65.38
299500.0,3987500.0,120.77523,36.01138,8,21.71,2452.7
301500.0,4001500.0,120.79389,36.13792,8,57.89,74.61
353500.0,3970500.0,121.3773,35.86779,8,58.22,30.13
322500.0,3983500.0,121.03119,35.9798,8,53.41,383.97
180500.0,3905500.0,119.48908,35.2417,8,28.74,72.38
186500.0,3849500.0,119.57598,34.73953,8,90.56,2298.26
223500.0,3843500.0,119.98153,34.69618,8,83.17,1393.41
190500.0,3861500.0,119.61519,34.84877,8,36.67,1.7
206500.0,3867500.0,119.78782,34.90753,8,107.68,1.76
212500.0,3867500.0,119.85339,34.90925,8,41.03,14.45
182500.0,3900500.0,119.51295,35.19733,8,42.07,202145340653.15
224500.0,3902500.0,119.97294,35.22775,8,75.62,335.41
233500.0,3844500.0,120.09025,34.70784,8,136.97,44.58
247500.0,3871500.0,120.23483,34.95459,8,82.61,1053.68
259500.0,3889500.0,120.3609,35.11965,8,141.34,262.67
271500.0,3883500.0,120.49412,35.0684,8,0.49,1467815.61
265500.0,3896500.0,120.42469,35.18412,8,78.01,145.75
271500.0,3903500.0,120.48859,35.24857,8,167.61,18.19
255500.0,3909500.0,120.31111,35.29883,8,178.56,239.79
268500.0,3905500.0,120.45508,35.26589,8,60.54,1129.1
249500.0,3945500.0,120.23411,35.62157,8,77.03,644073.11
239500.0,3966500.0,120.11701,35.80809,8,39.64,1959.66
295500.0,3835500.0,120.76885,34.64103,8,42.21,5551.23
281500.0,3894500.0,120.6008,35.16971,8,166.06,6.4
282500.0,3893500.0,120.61203,35.16092,8,12.45,1817.5
283500.0,3885500.0,120.6251,35.08906,8,124.13,228.72
282500.0,3895500.0,120.6115,35.17894,8,81.23,785.1
293500.0,3901500.0,120.73071,35.23532,8,163.41,548871540288.02
283500.0,3887500.0,120.62457,35.10708,8,99.95,1.82
277500.0,3915500.0,120.55122,35.35802,8,94.36,746.94
279500.0,3941500.0,120.56616,35.59269,8,143.22,242331114206.72
286500.0,3961500.0,120.63806,35.7744,8,79.4,78.24
317500.0,3979500.0,120.97668,35.94284,8,134.74,510.91
318500.0,3839500.0,121.01878,34.68141,8,55.15,2476401.45
338500.0,3852500.0,121.23451,34.80194,8,62.37,9486.85
357500.0,3857500.0,121.44129,34.84985,8,75.12,3972.99
321500.0,3905500.0,121.03737,35.27675,8,130.34,17144.0
323500.0,3965500.0,121.04627,35.81779,8,178.68,314.27
375500.0,3920500.0,121.62864,35.42014,8,65.9,16.73
405500.0,3940500.0,121.9567,35.60374,8,92.25,1605.31
402500.0,3975500.0,121.91933,35.91897,8,151.16,25894.7
383500.0,3975500.0,121.70878,35.91689,8,131.36,30922.51
426500.0,3908500.0,122.19141,35.31702,8,46.76,235556.49
425500.0,3909500.0,122.18032,35.32596,8,45.82,737071.09
436500.0,3969500.0,122.29662,35.86767,8,94.88,64435.7
443500.0,4005500.0,122.37158,36.19265,8,121.57,4239.64
410500.0,4010500.0,122.00401,36.23524,8,17.56,6709.75
418500.0,4006500.0,122.09344,36.19989,8,8.86,298.43
413500.0,4013500.0,122.03706,36.26255,8,137.42,2489.59
200500.0,3848500.0,119.72902,34.73473,8,150.37,2.31
205500.0,3879500.0,119.77265,35.01528,8,84.4,3.42
204500.0,3903500.0,119.75313,35.23106,8,116.22,2.38
230500.0,3823500.0,120.06421,34.51793,8,42.56,10.54
251500.0,3868500.0,120.27948,34.92856,8,76.28,75265.83
252500.0,3868500.0,120.29042,34.9288,8,75.01,48714.32
229500.0,3875500.0,120.03663,34.98597,8,123.55,178.15
240500.0,3880500.0,120.15544,35.03388,8,122.18,35302.73
259500.0,3903500.0,120.35682,35.24576,8,166.69,40.04
255500.0,3917500.0,120.30872,35.37089,8,38.02,371.17
250500.0,4000500.0,120.22793,36.11714,8,154.32,1131.97
318500.0,3950500.0,120.99435,35.68171,8,47.04,5.86
302500.0,3995500.0,120.8065,36.08407,8,37.1,7.21
285500.0,3995500.0,120.61783,36.08046,8,161.48,387.1
312500.0,4015500.0,120.91272,36.26624,8,70.03,199.54
295500.0,4022500.0,120.72177,36.32585,8,51.77,4.69
358500.0,3861500.0,121.45155,34.88605,8,3.8,4.7
331500.0,3947500.0,121.13856,35.65698,8,64.53,635.08
321500.0,3948500.0,121.02793,35.66424,8,154.58,6366193272.64
347500.0,3948500.0,121.31505,35.6686,8,166.89,6669554.75
322500.0,3957500.0,121.03698,35.74552,8,146.41,69.25
339500.0,3935500.0,121.22929,35.55017,8,156.49,365.91
338500.0,3959500.0,121.21345,35.7663,8,175.41,611945.88
354500.0,3962500.0,121.38983,35.79584,8,45.47,2130.07
343500.0,4006500.0,121.25946,36.19066,8,109.62,16713.32
362500.0,3824500.0,121.50134,34.55305,8,130.85,886.73
377500.0,3858500.0,121.65986,34.86147,8,155.95,894578.29
419500.0,3841500.0,122.1209,34.71238,8,52.99,861655.38
423500.0,3875500.0,122.16147,35.01926,8,179.37,1616050.1
171500.0,3840500.0,119.41593,34.65381,8,121.75,1095.33
171500.0,3883500.0,119.39909,35.04081,8,43.91,4736.58
178500.0,3915500.0,119.46322,35.33106,8,168.99,3.34
214500.0,3834500.0,119.88644,34.61267,8,13.95,1.68
191500.0,3898500.0,119.61238,35.18214,8,128.45,71143.72
182500.0,3904500.0,119.5114,35.23334,8,87.5,169.56
210500.0,3931500.0,119.80906,35.48489,8,103.55,92.57
240500.0,3849500.0,120.16506,34.75468,8,61.24,6539.78
256500.0,4003500.0,120.2936,36.14568,8,177.91,1.58
295500.0,3843500.0,120.76691,34.71312,8,47.17,2125.95
297500.0,3841500.0,120.78922,34.6955,8,51.52,8342.65
314500.0,3849500.0,120.97295,34.77082,8,75.49,4034.6
305500.0,3889500.0,120.86533,35.12959,8,78.31,4843.61
300500.0,3890500.0,120.81025,35.13762,8,167.18,12137.64
305500.0,3914500.0,120.85941,35.35486,8,109.49,357.89
324500.0,3872500.0,121.07734,34.97988,8,84.1,1355.33
343500.0,3859500.0,121.28784,34.86582,8,56.87,26866.96
333500.0,3895500.0,121.17127,35.18869,8,22.72,26133.8
337500.0,3927500.0,121.20883,35.47775,8,133.2,3829.01
362500.0,3940500.0,121.4821,35.5987,8,46.43,5463312.46
322500.0,3995500.0,121.0285,36.08793,8,25.56,321.77
387500.0,3953500.0,121.7562,35.71904,8,61.08,1989.23
387500.0,3954500.0,121.75606,35.72806,8,58.93,5298.2
382500.0,4021500.0,121.69083,36.33138,8,29.82,46.81
412500.0,4005500.0,122.02682,36.19035,8,46.37,2568.7
180500.0,3898500.0,119.49179,35.1787,8,126.55,19.0
195500.0,3941500.0,119.64022,35.57042,8,59.17,6.43
259500.0,3838500.0,120.37556,34.66024,8,58.11,510148430.29
260500.0,3887500.0,120.37244,35.10188,8,24.91,21461139326.76
248500.0,3891500.0,120.23971,35.13498,8,51.08,19906243.59
267500.0,3878500.0,120.45169,35.02244,8,108.83,930.44
309500.0,3817500.0,120.92553,34.48151,8,43.56,2126904.8
279500.0,3825500.0,120.59701,34.54761,8,58.08,13620916.39
279500.0,3857500.0,120.58866,34.83593,8,42.01,9084.38
309500.0,3864500.0,120.91493,34.90507,8,63.48,13755475.9
278500.0,3885500.0,120.57029,35.08798,8,130.19,221814203.42
272500.0,3892500.0,120.50261,35.1497,8,116.41,34280316.72
277500.0,3884500.0,120.5596,35.07875,8,60.85,1343.23
272500.0,3883500.0,120.50508,35.06862,8,53.13,2.31
290500.0,3904500.0,120.697,35.26173,8,117.96,3133881.15
283500.0,3980500.0,120.59974,35.9449,8,117.53,40.08
304500.0,4003500.0,120.82671,36.15655,8,156.91,142.11
329500.0,3842500.0,121.13819,34.71035,8,153.85,100.45
345500.0,3911500.0,121.30001,35.33482,8,46.29,787.25
355500.0,3970500.0,121.39945,35.86808,8,35.53,25624665.16
341500.0,4000500.0,121.23843,36.13627,8,25.27,521.34
201500.0,3912500.0,119.71695,35.31119,8,42.14,10.33
202500.0,3932500.0,119.72064,35.49153,8,81.53,1574.55
196500.0,3935500.0,119.65348,35.51672,8,36.77,179.59
255500.0,3873500.0,120.32176,34.97457,8,83.84,852.85
233500.0,3880500.0,120.0788,35.03206,8,68.69,7.75
261500.0,3895500.0,120.3811,35.17418,8,72.56,271.71
291500.0,3830500.0,120.72647,34.59517,8,41.05,24.35
274500.0,3870500.0,120.53052,34.95195,8,39.05,710.22
298500.0,3884500.0,120.78977,35.08316,8,64.69,2352.47
318500.0,3936500.0,120.9975,35.55556,8,110.89,194.58
309500.0,4003500.0,120.88226,36.15754,8,127.17,42.69
294500.0,3993500.0,120.71823,36.06439,8,4.07,109.79
362500.0,3838500.0,121.49907,34.67926,8,74.38,871.41
349500.0,3846500.0,121.35579,34.74954,8,154.36,188.5
345500.0,3850500.0,121.31137,34.785,8,65.28,13163.88
360500.0,3886500.0,121.46924,35.11168,8,128.04,889.15
335500.0,3939500.0,121.18436,35.58556,8,139.03,1339.17
349500.0,3936500.0,121.33938,35.56075,8,133.67,2076.94
405500.0,3815500.0,121.97093,34.47675,8,27.67,787.6
393500.0,3855500.0,121.83524,34.83623,8,82.11,13882.76
365500.0,3948500.0,121.51387,35.67122,8,31.7,16.29
419500.0,3890500.0,122.11617,35.15419,8,159.62,483838.65
194500.0,3842500.0,119.66576,34.67893,8,53.58,2976.46
193500.0,3843500.0,119.6545,34.68764,8,63.5,141.13
258500.0,3817500.0,120.37062,34.47083,8,174.22,554.99
278500.0,3843500.0,120.58142,34.70958,8,61.24,1303.79
279500.0,3887500.0,120.58072,35.10621,8,50.79,22.85
284500.0,3882500.0,120.63684,35.06225,8,159.57,10.42
286500.0,3893500.0,120.65592,35.16178,8,111.3,16.68
285500.0,3923500.0,120.6371,35.43185,8,98.38,5.43
281500.0,3936500.0,120.58957,35.54809,8,25.71,722.21
318500.0,3909500.0,121.00352,35.31225,8,53.91,14.69
391500.0,3981500.0,121.79661,35.97189,8,128.6,9120.06
389500.0,3979500.0,121.77471,35.95364,8,128.76,4247.73
376500.0,4017500.0,121.62463,36.29458,8,25.18,578.69
420500.0,3840500.0,122.13192,34.70345,8,135.97,36583.83
211500.0,3874500.0,119.84004,34.97199,8,152.77,64.62
214500.0,3868500.0,119.87491,34.91882,8,0.65,7.29
203500.0,3871500.0,119.75361,34.94267,8,84.45,943270078.94
221500.0,3876500.0,119.94877,34.9928,8,111.77,85776468.16
199500.0,3872500.0,119.70952,34.9505,8,120.83,33.83
222500.0,3877500.0,119.95937,35.00208,8,149.49,63.07
218500.0,3861500.0,119.92099,34.85691,8,116.19,42176366075.11
216500.0,3874500.0,119.89474,34.97341,8,166.49,1565.71
224500.0,3899500.0,119.97394,35.20073,8,87.99,23.16
221500.0,3881500.0,119.94709,35.03783,8,28.64,215.22
223500.0,3878500.0,119.96999,35.01136,8,154.6,1691226736.32
237500.0,3824500.0,120.14007,34.52875,8,35.08,551.09
227500.0,3876500.0,120.01442,34.99444,8,137.93,22.84
267500.0,3885500.0,120.44973,35.0855,8,143.39,252.4
232500.0,3912500.0,120.05748,35.31996,8,62.94,146.11
255500.0,3927500.0,120.30573,35.46096,8,144.86,2079711805.33
258500.0,3928500.0,120.33845,35.4707,8,145.22,21.2
268500.0,3928500.0,120.44856,35.47308,8,157.12,177.27
258500.0,3935500.0,120.33637,35.53375,8,3.98,7055157.15
238500.0,3969500.0,120.10497,35.83484,8,21.13,376.66
278500.0,3819500.0,120.58768,34.49334,8,29.84,1858520446.57
285500.0,3827500.0,120.66184,34.5669,8,78.95,3553.92
274500.0,3828500.0,120.54177,34.57356,8,48.61,1541.63
275500.0,3870500.0,120.54146,34.95218,8,44.02,80379435.72
274500.0,3850500.0,120.5359,34.77177,8,51.49,367540651.36
273500.0,3927500.0,120.5039,35.46522,8,53.1,46.39
280500.0,3926500.0,120.58125,35.45778,8,48.62,721745048.08
295500.0,3938500.0,120.7434,35.5691,8,14.16,10.85
276500.0,3956500.0,120.52891,35.72714,8,148.45,1445168488.09
288500.0,3957500.0,120.66122,35.7388,8,13.54,1673889355.08
284500.0,3957500.0,120.61703,35.73793,8,88.66,557.54
284500.0,3965500.0,120.61487,35.81,8,161.2,13672220908.87
285500.0,3966500.0,120.62566,35.81922,8,161.11,2173.28
287500.0,3978500.0,120.64459,35.92776,8,87.21,228.82
283500.0,3963500.0,120.60436,35.79176,8,71.0,899.25
288500.0,3964500.0,120.65938,35.80186,8,32.55,3.61
286500.0,3964500.0,120.63726,35.80143,8,139.8,92.52
333500.0,3818500.0,121.18656,34.49468,8,46.47,135806587.8
357500.0,3835500.0,121.44502,34.65153,8,24.5,1930506250.3
337500.0,3880500.0,121.21813,35.05415,8,21.33,39.56
338500.0,3880500.0,121.22909,35.05431,8,21.86,96688408.33
347500.0,3928500.0,121.31883,35.48835,8,33.89,15358.99
329500.0,3936500.0,121.1188,35.55751,8,92.58,1919.15
323500.0,3938500.0,121.0522,35.57448,8,45.63,1886770411.28
369500.0,3838500.0,121.57546,34.68018,8,66.12,420094168.5
391500.0,3890500.0,121.80881,35.15156,8,65.79,25047835.64
391500.0,3953500.0,121.80041,35.71949,8,126.38,889325.68
402500.0,3939500.0,121.92371,35.59444,8,124.53,8738290.74
395500.0,3982500.0,121.84083,35.98134,8,50.54,532.58
410500.0,3931500.0,122.01289,35.52307,8,61.83,69232.14
414500.0,3930500.0,122.05711,35.51441,8,62.13,87.38
178500.0,3907500.0,119.46635,35.25906,8,74.4,3.91
207500.0,3824500.0,119.81364,34.52066,8,147.84,752965287.75
248500.0,3860500.0,120.24907,34.85576,8,62.67,3840.86
230500.0,3885500.0,120.04433,35.07629,8,86.21,8.64
274500.0,3983500.0,120.49919,35.96989,8,75.23,936.29
298500.0,3874500.0,120.7922,34.99306,8,76.69,1181.9
295500.0,3891500.0,120.75516,35.14563,8,147.15,74931965.11
346500.0,3815500.0,121.32864,34.46966,8,47.65,853.5
319500.0,3822500.0,121.03331,34.52838,8,128.91,540.02
352500.0,3832500.0,121.391,34.62378,8,72.36,740.44
352500.0,3833500.0,121.39082,34.6328,8,71.37,14162.76
362500.0,3820500.0,121.50199,34.51699,8,60.63,1089606662.9
358500.0,3821500.0,121.45826,34.52546,8,155.58,122.3
349500.0,3865500.0,121.35238,34.92081,8,80.09,8519.16
322500.0,3853500.0,121.05948,34.80829,8,65.65,2751353.03
339500.0,3870500.0,121.24199,34.96434,8,68.9,892116547.7
357500.0,3851500.0,121.44231,34.79576,8,58.49,456.62
327500.0,3876500.0,121.10936,35.01644,8,136.19,1719.72
329500.0,3878500.0,121.13086,35.03481,8,138.46,27388406.23
344500.0,3902500.0,121.29072,35.25355,8,56.39,631.87
325500.0,3912500.0,121.07984,35.34054,8,22.33,811052508.4
352500.0,3928500.0,121.37393,35.4891,8,125.77,2122.05
332500.0,3930500.0,121.15313,35.50395,8,2.59,19.12
330500.0,3992500.0,121.11796,36.06232,8,88.89,1376.38
384500.0,3817500.0,121.74202,34.49265,8,52.87,65804.01
396500.0,3827500.0,121.87148,34.58409,8,48.34,392.22
391500.0,3846500.0,121.81453,34.75487,8,6.21,333.5
371500.0,3882500.0,121.59053,35.07709,8,113.76,6957.61
370500.0,3883500.0,121.57941,35.08597,8,39.41,746290492.73
370500.0,3884500.0,121.57925,35.09499,8,41.74,5709.11
390500.0,3941500.0,121.79099,35.61121,8,129.28,86915175.09
397500.0,3985500.0,121.86262,36.0086,8,7.52,19404.72
222500.0,3845500.0,119.96997,34.71392,8,107.83,3067.8
222500.0,3833500.0,119.9739,34.60586,8,40.27,7.45
222500.0,3831500.0,119.97456,34.58785,8,170.92,1782.84
204500.0,3855500.0,119.77019,34.79891,8,7.65,48.48
216500.0,3900500.0,119.88584,35.20751,8,171.6,52136.57
257500.0,3814500.0,120.3606,34.44357,8,62.28,75.57
307500.0,3838500.0,120.89901,34.67039,8,51.6,2367.37
345500.0,3863500.0,121.30898,34.90218,8,63.29,3595.11
321500.0,3871500.0,121.04471,34.97034,8,82.59,346975.13
323500.0,3898500.0,121.06085,35.21402,8,45.25,61.63
346500.0,3914500.0,121.31045,35.36201,8,114.03,91396.07
344500.0,3907500.0,121.28977,35.29861,8,173.83,663.09
371500.0,3936500.0,121.58206,35.56385,8,68.66,2625.97
434500.0,3831500.0,122.28547,34.62328,8,122.35,208466.35
217500.0,3826500.0,119.92177,34.54146,8,160.07,221.6
204500.0,3870500.0,119.7649,34.93396,8,165.37,1664.73
201500.0,3924500.0,119.71257,35.41921,8,57.21,83.52
242500.0,3819500.0,120.196,34.48497,8,126.98,25540583.22
238500.0,3818500.0,120.15279,34.47496,8,62.78,1421.97
249500.0,3867500.0,120.25791,34.91906,8,83.91,1803.5
234500.0,3876500.0,120.09103,34.9963,8,35.12,1.81
231500.0,3879500.0,120.05723,35.02252,8,40.54,1619.3
262500.0,3882500.0,120.3958,35.05731,8,90.98,11514.35
250500.0,3880500.0,120.26495,35.0364,8,148.53,1121658060360.85
252500.0,3965500.0,120.26104,35.80245,8,69.84,63.27
271500.0,3816500.0,120.51231,34.46478,8,146.0,21602.31
303500.0,3837500.0,120.85561,34.66062,8,79.7,2.66
303500.0,3844500.0,120.85398,34.7237,8,168.97,1149.13
308500.0,3846500.0,120.9081,34.74267,8,73.95,2068817392.89
290500.0,3859500.0,120.70837,34.85628,8,77.77,41204.36
289500.0,3859500.0,120.69743,34.85607,8,77.67,4365.7
273500.0,3899500.0,120.51165,35.21299,8,88.92,3371.09
312500.0,3964500.0,120.92481,35.80674,8,37.52,10.11
347500.0,3811500.0,121.34024,34.43375,8,108.9,9.93
359500.0,3862500.0,121.46232,34.8952,8,47.26,491.39
336500.0,3891500.0,121.205,35.15313,8,25.35,2044.39
347500.0,3909500.0,121.32238,35.3171,8,44.4,36200207.41
363500.0,3980500.0,121.48631,35.95936,8,96.52,48624.29
354500.0,4007500.0,121.38156,36.20139,8,146.24,96.06
406500.0,3824500.0,121.98083,34.558,8,60.23,32968.34
396500.0,3837500.0,121.87026,34.67425,8,160.96,1141961606889.38
393500.0,3828500.0,121.83865,34.5928,8,65.57,41409.68
369500.0,3876500.0,121.56954,35.02274,8,37.4,81935.56
395500.0,3941500.0,121.84619,35.61175,8,109.71,206197890.15
365500.0,3981500.0,121.50831,35.96865,8,95.17,16555.24
367500.0,3983500.0,121.53015,35.98695,8,102.58,8984.92
424500.0,3998500.0,122.16095,36.12826,8,104.0,10977.46
174500.0,3864500.0,119.43933,34.87078,8,33.57,5251046349.43
193500.0,3841500.0,119.65522,34.66963,8,155.36,149.95
184500.0,3860500.0,119.55005,34.83793,8,84.93,5056372437.9
214500.0,3855500.0,119.87934,34.80176,8,99.4,5434.57
182500.0,3896500.0,119.51448,35.16133,8,118.47,272.33
214500.0,3885500.0,119.86908,35.07189,8,163.64,562.83
207500.0,3901500.0,119.78676,35.21393,8,102.82,62.04
215500.0,3887500.0,119.87935,35.09018,8,62.9,65.25
223500.0,3908500.0,119.95995,35.2815,8,176.1,1726.34
222500.0,3912500.0,119.94761,35.31724,8,30.6,15.53
257500.0,3815500.0,120.36031,34.45258,8,166.16,2476.36
267500.0,3830500.0,120.46498,34.59002,8,40.27,778.15
259500.0,3836500.0,120.37613,34.64222,8,49.89,1541.46
228500.0,3874500.0,120.02602,34.9767,8,31.81,178.24
242500.0,3908500.0,120.16861,35.28657,8,178.62,46.91
248500.0,3944500.0,120.22339,35.61231,8,174.21,5.63
234500.0,3940500.0,120.07032,35.57264,8,42.87,4.16
242500.0,3941500.0,120.15818,35.58375,8,92.7,67.75
239500.0,3941500.0,120.12511,35.58297,8,39.12,1.19
237500.0,3961500.0,120.09654,35.76254,8,162.54,616.95
274500.0,3973500.0,120.50203,35.87981,8,168.51,13.6
263500.0,3960500.0,120.38413,35.76013,8,17.31,2.41
251500.0,3987500.0,120.24312,36.00032,8,13.55,1.48
307500.0,3976500.0,120.86661,35.91389,8,148.46,14.65
281500.0,3967500.0,120.58115,35.82735,8,55.14,2.73
311500.0,3981500.0,120.90973,35.95972,8,6.98,36.04
317500.0,3971500.0,120.97852,35.87075,8,0.63,1378.39
297500.0,3972500.0,120.75688,35.87583,8,164.65,754.85
310500.0,3982500.0,120.89841,35.96853,8,156.29,30.58
278500.0,3996500.0,120.53987,36.0879,8,131.19,2.83
293500.0,4004500.0,120.70425,36.16327,8,48.03,12428173532.73
288500.0,3995500.0,120.65112,36.08112,8,87.86,347.25
319500.0,4014500.0,120.99083,36.25857,8,170.93,9.84
299500.0,4015500.0,120.7681,36.26363,8,34.67,650094964.3
327500.0,3968500.0,121.08988,35.84553,8,40.96,95.19
346500.0,4019500.0,121.29026,36.30829,8,126.34,1574200937.37
375500.0,4013500.0,121.61413,36.2584,8,152.53,1240.12
376500.0,4016500.0,121.62479,36.28557,8,134.22,1436.28
420500.0,4010500.0,122.11528,36.23611,8,89.48,154.03
423500.0,4016500.0,122.14808,36.29044,8,155.05,50099628.99
206500.0,3844500.0,119.79585,34.70045,8,72.8,615.71
213500.0,3894500.0,119.85502,35.15264,8,50.61,5.68
189500.0,3900500.0,119.5897,35.19952,8,143.53,3366055138.67
183500.0,3895500.0,119.52583,35.15265,8,139.8,1310124458.53
196500.0,3932500.0,119.6546,35.48971,8,154.34,31.05
219500.0,3925500.0,119.91019,35.43345,8,39.69,1667164972.38
227500.0,3932500.0,119.99586,35.4987,8,7.03,2.31
227500.0,3955500.0,119.9881,35.7058,8,34.83,9765225978.96
221500.0,3943500.0,119.92602,35.59608,8,58.5,1434.44
244500.0,3899500.0,120.19338,35.20602,8,161.68,3.78
228500.0,3882500.0,120.0234,35.04874,8,127.7,7.87
228500.0,3885500.0,120.02242,35.07575,8,161.13,1844.19
250500.0,3928500.0,120.25038,35.46872,8,29.94,79.87
248500.0,3924500.0,120.22959,35.43219,8,164.35,322.25
231500.0,3932500.0,120.03991,35.49979,8,12.03,10.13
258500.0,3946500.0,120.33309,35.63282,8,44.97,4280313008.03
249500.0,3933500.0,120.23783,35.5135,8,108.54,58834170.63
252500.0,3941500.0,120.26843,35.58631,8,87.83,118418741.38
238500.0,3955500.0,120.10954,35.70878,8,44.32,66569.14
270500.0,3962500.0,120.46092,35.7798,8,128.61,1551754611.45
287500.0,3869500.0,120.67303,34.94575,8,74.57,213832496.4
292500.0,3921500.0,120.71466,35.41531,8,101.04,3559.62
311500.0,3942500.0,120.91891,35.60832,8,34.97,686.98
278500.0,3935500.0,120.55678,35.53842,8,9.99,8.45
287500.0,3954500.0,120.65097,35.71156,8,75.38,634.5
288500.0,3935500.0,120.667,35.5406,8,84.47,82880946.8
287500.0,3957500.0,120.65017,35.73858,8,81.57,12.94
313500.0,3938500.0,120.9419,35.57265,8,15.67,930.51
279500.0,3959500.0,120.56123,35.75484,8,114.5,1250.26
308500.0,3968500.0,120.87961,35.842,8,16.64,4.65
309500.0,4016500.0,120.8791,36.27466,8,137.61,280.29
300500.0,4018500.0,120.77845,36.29086,8,49.67,137.7
338500.0,3910500.0,121.22322,35.3247,8,35.52,6560201.73
342500.0,3914500.0,121.26644,35.36139,8,44.59,1045.62
321500.0,3950500.0,121.02748,35.68226,8,26.98,56.61
337500.0,3962500.0,121.20178,35.79317,8,89.91,1809.2
332500.0,3999500.0,121.13867,36.12575,8,107.79,505.53
337500.0,4014500.0,121.1911,36.26176,8,15.03,21.43
330500.0,4018500.0,121.11234,36.2966,8,12.0,60.89
329500.0,4018500.0,121.10121,36.29643,8,161.5,14.3
336500.0,4017500.0,121.17934,36.28863,8,19.42,47.8
401500.0,3926500.0,121.91425,35.47714,8,60.46,12189741.12
374500.0,3998500.0,121.6054,36.12308,8,42.5,22.37
223500.0,3827500.0,119.98675,34.5521,8,46.65,98181.37
199500.0,3828500.0,119.72521,34.55437,8,106.61,2205.2
208500.0,3933500.0,119.78632,35.50231,8,43.56,27899.22
229500.0,3823500.0,120.05333,34.51767,8,51.97,1621.57
253500.0,3874500.0,120.29958,34.98309,8,162.41,46.32
228500.0,3932500.0,120.00687,35.49898,8,98.08,6.74
260500.0,3967500.0,120.34889,35.82245,8,133.41,15968.87
269500.0,3969500.0,120.44784,35.84262,8,106.05,44380.91
283500.0,3971500.0,120.60219,35.86383,8,85.02,7543.1
279500.0,3993500.0,120.55181,36.06111,8,23.6,17944.34
278500.0,3994500.0,120.54044,36.06989,8,16.3,2290.05
363500.0,3878500.0,121.50347,35.03998,8,86.13,9408.68
348500.0,3932500.0,121.3291,35.52455,8,179.03,51.81
339500.0,3942500.0,121.2279,35.61326,8,128.43,5574.48
340500.0,3974500.0,121.23256,35.9018,8,178.39,555.65
339500.0,3968500.0,121.2227,35.84757,8,165.41,233.27
371500.0,3857500.0,121.59439,34.85172,8,80.94,26829.32
391500.0,3866500.0,121.81195,34.93519,8,48.15,220487.54
390500.0,3877500.0,121.79955,35.03425,8,24.7,25322.15
404500.0,3877500.0,121.95301,35.03567,8,165.71,14595.68
404500.0,3878500.0,121.95289,35.04469,8,170.96,2336.76
373500.0,3887500.0,121.6117,35.12241,8,95.42,673.51
418500.0,4015500.0,122.09251,36.28102,8,128.38,4692.1
184500.0,3843500.0,119.55642,34.6849,8,24.05,9.15
263500.0,3881500.0,120.40704,35.04854,8,70.25,4290.83
314500.0,3904500.0,120.96067,35.26646,8,115.34,38515.71
348500.0,3926500.0,121.33022,35.47047,8,112.82,12806.01
367500.0,3920500.0,121.54054,35.41911,8,115.6,63355.18
413500.0,3995500.0,122.03905,36.10029,8,127.09,2130.41
217500.0,3864500.0,119.90906,34.88364,8,95.55,770.49
201500.0,3882500.0,119.7278,35.04112,8,87.03,487.62
205500.0,3923500.0,119.75692,35.4114,8,53.81,109.77
219500.0,3937500.0,119.90605,35.54149,8,176.87,516.91
226500.0,3832500.0,120.01779,34.59793,8,106.02,12.71
227500.0,3832500.0,120.02868,34.59819,8,55.89,4.54
255500.0,3931500.0,120.30452,35.49698,8,29.09,5.33
232500.0,3936500.0,120.0496,35.53608,8,119.79,740.21
251500.0,3959500.0,120.25185,35.74816,8,137.83,57.15
246500.0,3970500.0,120.19313,35.84595,8,51.29,2220.91
275500.0,3916500.0,120.52895,35.36658,8,92.02,80.49
280500.0,3964500.0,120.57091,35.8001,8,44.1,279.0
302500.0,3984500.0,120.80925,35.98496,8,35.32,161.87
290500.0,3977500.0,120.67808,35.9194,8,59.0,522.71
278500.0,3966500.0,120.54824,35.81767,8,42.11,8.15
306500.0,4004500.0,120.84868,36.16596,8,136.53,18.0
316500.0,4003500.0,120.96003,36.15889,8,101.6,516.2
299500.0,3999500.0,120.77218,36.11949,8,81.87,28974.67
309500.0,4005500.0,120.88177,36.17556,8,18.27,248.83
306500.0,4003500.0,120.84893,36.15695,8,123.25,8065.59
294500.0,3990500.0,120.71901,36.03736,8,32.51,9.7
313500.0,3993500.0,120.92907,36.06822,8,30.95,989.46
347500.0,3949500.0,121.31487,35.67761,8,63.62,1883.63
342500.0,3967500.0,121.2561,35.83904,8,58.42,11507.34
332500.0,3979500.0,121.1429,35.94552,8,98.69,245.5
330500.0,3982500.0,121.1201,35.97221,8,86.82,42.93
322500.0,3997500.0,121.02805,36.10595,8,91.88,54.85
372500.0,3980500.0,121.58609,35.96058,8,27.97,685.88
176500.0,3907500.0,119.44441,35.25842,8,71.91,1160.45
181500.0,3868500.0,119.51426,34.909,8,93.24,219.74
222500.0,3938500.0,119.93876,35.55134,8,168.28,25337.48
266500.0,3817500.0,120.45765,34.47267,8,147.9,499.99
230500.0,3931500.0,120.02923,35.49052,8,147.96,896.56
229500.0,3935500.0,120.01688,35.52626,8,45.63,16.37
252500.0,3971500.0,120.25918,35.85649,8,70.2,7342.86
272500.0,3977500.0,120.47875,35.91538,8,46.19,268.02
276500.0,3968500.0,120.52556,35.83523,8,55.05,552.44
308500.0,4012500.0,120.86895,36.23843,8,57.46,12.12
304500.0,4005500.0,120.82621,36.17456,8,54.15,87.2
306500.0,4007500.0,120.84794,36.19298,8,67.93,137.99
332500.0,3957500.0,121.14752,35.74727,8,160.74,63.65
354500.0,3944500.0,121.39309,35.6336,8,83.01,43.48
354500.0,3980500.0,121.38654,35.95806,8,97.21,21851.63
339500.0,3958500.0,121.2247,35.75745,8,88.96,130.24
330500.0,3999500.0,121.11645,36.1254,8,33.84,840.1
355500.0,3998500.0,121.39434,36.12043,8,97.99,1132.87
364500.0,3998500.0,121.49431,36.12173,8,84.46,2521.98
339500.0,4020500.0,121.21212,36.31616,8,174.65,300.79
394500.0,3831500.0,121.84918,34.61995,8,54.13,8501.54
390500.0,3836500.0,121.80491,34.66461,8,23.02,6472.93
400500.0,3825500.0,121.91532,34.56645,8,93.47,1828.98
409500.0,3982500.0,121.9961,35.98274,8,127.38,157.61
393500.0,3975500.0,121.81959,35.91803,8,120.1,12426.8
394500.0,3984500.0,121.82947,35.99926,8,43.74,473.47
386500.0,3976500.0,121.74188,35.92625,8,157.81,150.55
387500.0,3985500.0,121.75168,36.00749,8,97.24,530.05
421500.0,3858500.0,122.14115,34.86582,8,30.95,6241.16
416500.0,3877500.0,122.08455,35.03674,8,6.57,21026.12
211500.0,3846500.0,119.84968,34.71988,8,84.05,57.44
241500.0,3871500.0,120.16919,34.95308,8,60.86,13972.74
273500.0,3968500.0,120.49238,35.83454,8,124.91,293.26
260500.0,3968500.0,120.34859,35.83146,8,120.33,3371.29
303500.0,3893500.0,120.84244,35.16525,8,85.82,49792.07
312500.0,3954500.0,120.92715,35.71663,8,116.59,344.34
277500.0,3941500.0,120.5441,35.59224,8,109.12,20319.94
280500.0,3967500.0,120.57009,35.82713,8,122.68,346.71
274500.0,3970500.0,120.50288,35.85279,8,121.08,835.06
284500.0,3979500.0,120.61109,35.93611,8,150.0,14.98
299500.0,3960500.0,120.78203,35.76813,8,75.46,413.73
290500.0,3974500.0,120.67887,35.89237,8,50.51,12.42
310500.0,4011500.0,120.89144,36.22981,8,121.63,1355.99
288500.0,3991500.0,120.65219,36.04509,8,65.83,70.83
343500.0,3890500.0,121.28201,35.14523,8,18.64,1031.32
320500.0,3947500.0,121.01711,35.65505,8,7.62,16.89
395500.0,3857500.0,121.85686,34.85447,8,154.39,81.14
242500.0,3822500.0,120.19509,34.51199,8,49.09,6954.39
236500.0,3939500.0,120.09269,35.56417,8,129.81,70.39
269500.0,3954500.0,120.45216,35.70751,8,81.49,22.16
276500.0,3966500.0,120.52612,35.81722,8,119.21,74.55
223500.0,3824500.0,119.98772,34.52508,8,78.11,224.04
187500.0,3878500.0,119.57607,35.00088,8,146.02,17165.9
266500.0,3966500.0,120.41553,35.81489,8,146.53,135.07
282500.0,3949500.0,120.59709,35.66542,8,138.25,79198603538.57
284500.0,3962500.0,120.61568,35.78297,8,137.79,1087.45
277500.0,3963500.0,120.53802,35.79042,8,139.79,162.49
277500.0,3962500.0,120.5383,35.78141,8,137.8,190.58
289500.0,3964500.0,120.67044,35.80207,8,149.77,42.53
290500.0,3964500.0,120.68149,35.80229,8,138.0,993.32
351500.0,3977500.0,121.35385,35.93057,8,85.29,518.33
415500.0,4019500.0,122.05867,36.31682,8,28.98,179.73
173500.0,3899500.0,119.41467,35.18545,8,87.97,5179.01
197500.0,3870500.0,119.68837,34.9319,8,46.77,649.68
221500.0,3910500.0,119.93731,35.29895,8,92.42,43.2
190500.0,3918500.0,119.59388,35.36185,8,55.51,58.92
259500.0,3829500.0,120.37811,34.57916,8,70.48,369.35
233500.0,3869500.0,120.08232,34.933,8,8.98,9.54
268500.0,3918500.0,120.45141,35.383,8,104.83,3656.53
271500.0,3917500.0,120.48468,35.37468,8,89.05,31.23
272500.0,3924500.0,120.49373,35.43797,8,103.53,581.0
332500.0,3941500.0,121.15085,35.60308,8,3.11,4359.36
361500.0,3987500.0,121.46292,36.02217,8,95.16,672.46
374500.0,3920500.0,121.61763,35.42001,8,95.0,19.57
374500.0,3905500.0,121.61993,35.2848,8,164.37,86106.31
399500.0,3925500.0,121.89233,35.46793,8,0.61,1225075.92
400500.0,3918500.0,121.90421,35.40492,8,178.35,13253.6
408500.0,3916500.0,121.99252,35.38766,8,170.2,43699.01
411500.0,3929500.0,122.02414,35.50513,8,175.32,23307277.17
445500.0,4010500.0,122.39348,36.23785,8,33.42,206.08
203500.0,3825500.0,119.76978,34.52852,8,19.74,259.01
223500.0,3832500.0,119.98512,34.59712,8,47.86,2.39
182500.0,3879500.0,119.521,35.00832,8,71.16,100.85
218500.0,3899500.0,119.90812,35.19907,8,32.4,2.68
211500.0,3923500.0,119.8229,35.41316,8,69.83,29.01
208500.0,3912500.0,119.79383,35.31325,8,152.47,140.12
223500.0,3926500.0,119.95386,35.44357,8,156.6,517.3
255500.0,3858500.0,120.32615,34.83945,8,54.51,3448.81
230500.0,3906500.0,120.03747,35.2654,8,74.81,6498.38
308500.0,3940500.0,120.88629,35.58972,8,104.13,13031.91
304500.0,3956500.0,120.83828,35.7331,8,168.04,1833.48
312500.0,3976500.0,120.92199,35.91486,8,58.8,375.3
298500.0,3958500.0,120.77148,35.74991,8,111.59,1834.31
291500.0,3970500.0,120.69099,35.85655,8,18.09,3.73
285500.0,3986500.0,120.62027,35.99939,8,105.92,80.99
354500.0,3954500.0,121.39128,35.72373,8,63.09,4934.78
