cell_x,cell_y,cell_lon,cell_lat,points,direction_deg,anisotropy
361500.0,140500.0,103.75513,1.27084,2767,144.7,9.68
360500.0,141500.0,103.74614,1.27988,2605,98.19,2.14
361500.0,142500.0,103.75512,1.28893,2057,30.81,6.5
362500.0,139500.0,103.76412,1.2618,2003,133.11,11.38
365500.0,138500.0,103.79109,1.25277,1901,47.27,2.45
364500.0,136500.0,103.78211,1.23468,1856,117.89,3.32
366500.0,134500.0,103.80009,1.21659,1696,138.33,16.78
358500.0,143500.0,103.72816,1.29797,1638,124.51,7.23
363500.0,139500.0,103.77311,1.26181,1581,136.1,4.92
383500.0,142500.0,103.95284,1.28902,1522,11.95,7.0
364500.0,138500.0,103.7821,1.25277,1519,149.32,4.27
367500.0,133500.0,103.80908,1.20755,1511,143.18,5.98
350500.0,137500.0,103.65629,1.24366,1474,117.53,13.31
372500.0,133500.0,103.85401,1.20757,1441,22.58,20.22
364500.0,137500.0,103.7821,1.24372,1428,116.35,2.73
362500.0,140500.0,103.76412,1.27085,1389,147.12,14.91
360500.0,140500.0,103.74614,1.27084,1341,133.59,1.29
352500.0,134500.0,103.67428,1.21653,1334,8.45,3.98
365500.0,135500.0,103.7911,1.22563,1305,128.54,20.98
373500.0,134500.0,103.863,1.21662,1264,40.06,22.74
371500.0,139500.0,103.845,1.26184,1252,149.06,4.75
383500.0,137500.0,103.95286,1.24379,1249,22.99,4.03
404500.0,141500.0,104.14159,1.28005,1208,10.42,3.31
380500.0,156500.0,103.92582,1.41565,1180,144.92,10.29
374500.0,135500.0,103.87198,1.22567,1167,53.78,2.57
384500.0,137500.0,103.96184,1.2438,1165,15.51,10.99
351500.0,133500.0,103.66529,1.20748,1159,24.92,5.7
401500.0,141500.0,104.11462,1.28004,1140,31.83,4.33
372500.0,138500.0,103.85399,1.2528,1137,161.35,1.93
357500.0,137500.0,103.7192,1.24369,1124,27.51,12.98
387500.0,140500.0,103.9888,1.27095,1108,11.41,2.03
362500.0,138500.0,103.76413,1.25276,1091,82.5,2.59
363500.0,137500.0,103.77312,1.24372,1084,135.3,4.27
363500.0,138500.0,103.77311,1.25276,1076,127.86,3.86
371500.0,133500.0,103.84503,1.20757,1069,12.7,15.98
382500.0,137500.0,103.94387,1.24379,1066,23.34,5.13
356500.0,136500.0,103.71021,1.23464,1064,43.14,6.55
378500.0,157500.0,103.90784,1.42469,1059,169.92,13.36
385500.0,139500.0,103.97083,1.26189,1055,10.27,4.86
373500.0,132500.0,103.863,1.19853,1047,28.2,11.45
386500.0,139500.0,103.97981,1.2619,1047,4.0,3.69
389500.0,153500.0,104.00672,1.38855,1035,43.22,1.79
358500.0,137500.0,103.72818,1.2437,1030,2.72,37.19
361500.0,137500.0,103.75514,1.24371,1026,14.28,4.86
359500.0,142500.0,103.73715,1.28892,1023,135.19,7.41
386500.0,138500.0,103.97982,1.25285,1018,8.48,6.13
351500.0,135500.0,103.66529,1.22557,1015,116.52,9.88
382500.0,142500.0,103.94385,1.28902,1014,11.85,4.21
350500.0,133500.0,103.65631,1.20748,1006,25.71,4.32
368500.0,133500.0,103.81807,1.20756,1005,168.57,15.77
382500.0,141500.0,103.94386,1.27997,1004,21.04,4.77
387500.0,139500.0,103.9888,1.2619,1000,5.68,3.98
386500.0,142500.0,103.9798,1.28903,992,5.16,3.24
388500.0,139500.0,103.99779,1.2619,991,177.76,4.64
350500.0,136500.0,103.6563,1.23461,985,114.47,20.02
405500.0,141500.0,104.15057,1.28005,976,5.68,12.33
374500.0,139500.0,103.87196,1.26185,971,34.0,2.52
379500.0,157500.0,103.91683,1.42469,964,156.15,11.14
379500.0,136500.0,103.91691,1.23473,953,19.96,16.0
398500.0,140500.0,104.08766,1.27098,945,17.58,2.5
411500.0,142500.0,104.2045,1.28911,945,11.05,78.53
381500.0,141500.0,103.93487,1.27997,940,17.05,3.83
356500.0,137500.0,103.71021,1.24369,939,31.81,14.73
376500.0,134500.0,103.88996,1.21663,936,9.28,12.89
353500.0,135500.0,103.68326,1.22558,935,37.37,17.51
372500.0,132500.0,103.85402,1.19853,934,25.41,19.73
393500.0,142500.0,104.04272,1.28906,934,35.43,4.08
359500.0,139500.0,103.73716,1.26179,927,43.93,16.25
375500.0,132500.0,103.88098,1.19854,926,21.61,8.47
380500.0,139500.0,103.92589,1.26188,924,15.85,4.04
349500.0,137500.0,103.6473,1.24365,921,156.98,5.14
360500.0,137500.0,103.74616,1.2437,915,0.58,9.02
355500.0,135500.0,103.70123,1.22559,914,28.13,6.1
359500.0,137500.0,103.73717,1.2437,913,177.17,3.56
367500.0,128500.0,103.8091,1.16233,912,27.66,25.17
399500.0,140500.0,104.09665,1.27099,911,23.11,10.08
402500.0,141500.0,104.12361,1.28004,908,35.3,4.4
384500.0,142500.0,103.96183,1.28903,903,11.06,4.64
354500.0,136500.0,103.69224,1.23463,902,40.89,7.49
373500.0,133500.0,103.863,1.20758,896,25.45,9.78
352500.0,142500.0,103.67424,1.28889,896,29.67,15.82
373500.0,131500.0,103.86301,1.18948,895,6.47,6.04
365500.0,127500.0,103.79113,1.15327,893,36.78,13.75
381500.0,139500.0,103.93488,1.26188,893,0.16,5.33
397500.0,140500.0,104.07867,1.27098,884,5.59,10.44
374500.0,133500.0,103.87199,1.20758,880,40.55,1.83
384500.0,139500.0,103.96184,1.26189,878,9.65,6.76
407500.0,141500.0,104.16855,1.28006,878,7.2,10.42
387500.0,138500.0,103.9888,1.25285,874,5.66,8.89
350500.0,141500.0,103.65627,1.27984,871,34.35,15.75
406500.0,141500.0,104.15956,1.28005,870,6.9,10.99
412500.0,142500.0,104.21349,1.28912,869,11.08,64.87
362500.0,142500.0,103.76411,1.28894,865,167.89,2.18
373500.0,140500.0,103.86297,1.27089,865,18.07,2.69
378500.0,135500.0,103.90793,1.22569,858,21.16,9.59
385500.0,142500.0,103.97081,1.28903,856,174.61,3.13
381500.0,142500.0,103.93486,1.28902,854,21.31,5.8
380500.0,136500.0,103.9259,1.23474,848,22.97,33.96
386500.0,143500.0,103.9798,1.29808,848,12.29,2.79
368500.0,132500.0,103.81807,1.19851,845,157.47,2.17
392500.0,137500.0,104.03374,1.24383,844,6.73,15.64
371500.0,132500.0,103.84503,1.19852,843,16.0,20.87
405500.0,142500.0,104.15057,1.2891,843,2.32,11.17
379500.0,135500.0,103.91692,1.22569,843,19.26,15.7
370500.0,133500.0,103.83604,1.20756,836,178.71,14.11
387500.0,143500.0,103.98879,1.29808,836,10.57,3.69
390500.0,139500.0,104.01576,1.26191,835,5.43,24.98
349500.0,140500.0,103.64729,1.27079,826,84.5,4.8
371500.0,137500.0,103.84501,1.24375,825,45.01,28.66
389500.0,139500.0,104.00678,1.26191,824,177.22,16.74
379500.0,141500.0,103.91689,1.27996,819,26.15,12.86
389500.0,154500.0,104.00672,1.3976,818,74.41,2.0
375500.0,133500.0,103.88097,1.20758,815,20.02,7.77
365500.0,137500.0,103.79109,1.24372,814,61.04,2.32
377500.0,135500.0,103.89894,1.22568,811,23.48,6.42
351500.0,141500.0,103.66526,1.27984,808,26.14,6.56
374500.0,131500.0,103.872,1.18949,807,26.88,13.02
403500.0,141500.0,104.1326,1.28005,806,17.03,3.1
366500.0,128500.0,103.80011,1.16232,804,32.41,42.03
373500.0,138500.0,103.86298,1.2528,804,172.0,2.34
381500.0,136500.0,103.93489,1.23474,804,19.47,15.44
382500.0,138500.0,103.94387,1.25284,804,25.64,2.71
374500.0,134500.0,103.87198,1.21662,803,39.04,5.85
383500.0,138500.0,103.95285,1.25284,800,24.23,4.12
400500.0,140500.0,104.10564,1.27099,798,24.85,6.35
367500.0,139500.0,103.80906,1.26182,795,6.46,3.8
382500.0,139500.0,103.94386,1.26188,791,178.97,3.09
387500.0,142500.0,103.98879,1.28904,790,14.9,4.83
369500.0,133500.0,103.82705,1.20756,789,168.83,22.03
373500.0,139500.0,103.86298,1.26185,789,4.75,2.08
393500.0,139500.0,104.04273,1.26192,789,6.64,6.01
366500.0,133500.0,103.80009,1.20755,786,125.45,3.19
377500.0,138500.0,103.89893,1.25282,786,32.22,3.97
339500.0,145500.0,103.5574,1.31596,782,87.64,107.93
400500.0,141500.0,104.10563,1.28004,780,33.21,5.44
376500.0,135500.0,103.88995,1.22568,766,23.01,8.98
414500.0,143500.0,104.23146,1.29817,765,12.96,8.42
401500.0,140500.0,104.11462,1.27099,762,28.98,6.1
376500.0,133500.0,103.88996,1.20759,761,17.53,4.27
346500.0,133500.0,103.62036,1.20746,761,168.0,28.87
385500.0,138500.0,103.97083,1.25285,759,5.1,6.43
376500.0,138500.0,103.88994,1.25281,758,37.67,1.87
378500.0,136500.0,103.90792,1.23473,752,12.54,3.85
360500.0,142500.0,103.74613,1.28893,752,33.08,2.01
361500.0,143500.0,103.75512,1.29798,750,150.33,1.38
383500.0,141500.0,103.95284,1.27998,747,11.93,5.35
378500.0,140500.0,103.90791,1.27091,746,29.4,8.94
406500.0,142500.0,104.15956,1.2891,740,9.58,9.42
403500.0,140500.0,104.1326,1.271,740,7.91,14.78
370500.0,131500.0,103.83605,1.18947,739,8.64,17.5
410500.0,142500.0,104.19551,1.28911,739,28.15,4.64
364500.0,135500.0,103.78211,1.22563,738,55.57,1.24
338500.0,149500.0,103.54839,1.35213,738,110.69,5.41
359500.0,141500.0,103.73715,1.27988,737,139.96,10.99
349500.0,133500.0,103.64732,1.20748,737,14.64,7.38
358500.0,120500.0,103.72825,1.08993,736,38.06,25.11
394500.0,143500.0,104.0517,1.29811,731,32.9,2.21
358500.0,138500.0,103.72818,1.25274,726,37.52,14.17
399500.0,141500.0,104.09665,1.28003,725,41.95,3.24
377500.0,157500.0,103.89885,1.42468,721,175.84,3.48
369500.0,136500.0,103.82704,1.2347,719,146.25,5.98
368500.0,129500.0,103.81808,1.17137,719,22.91,38.4
365500.0,139500.0,103.79108,1.26182,719,71.66,7.03
396500.0,140500.0,104.06969,1.27098,718,3.86,6.5
384500.0,141500.0,103.96183,1.27998,717,14.13,3.0
367500.0,130500.0,103.80909,1.18042,714,18.01,7.77
390500.0,153500.0,104.01571,1.38855,714,129.8,13.82
365500.0,136500.0,103.79109,1.23468,711,122.35,3.52
391500.0,142500.0,104.02474,1.28905,704,5.89,4.68
355500.0,136500.0,103.70123,1.23464,700,34.86,6.48
391500.0,137500.0,104.02476,1.24382,698,13.04,3.22
408500.0,142500.0,104.17753,1.28911,698,6.54,10.74
371500.0,138500.0,103.84501,1.25279,697,157.12,3.26
384500.0,138500.0,103.96184,1.25284,697,7.03,8.66
368500.0,137500.0,103.81805,1.24374,694,146.24,21.36
369500.0,130500.0,103.82706,1.18042,694,21.57,7.38
400500.0,143500.0,104.10563,1.29813,694,111.15,2.43
402500.0,140500.0,104.12361,1.271,693,48.81,2.17
409500.0,142500.0,104.18652,1.28911,692,18.34,7.1
392500.0,141500.0,104.03373,1.28001,691,33.21,3.88
395500.0,140500.0,104.0607,1.27097,689,4.37,6.72
383500.0,139500.0,103.95285,1.26189,688,9.29,4.61
392500.0,140500.0,104.03373,1.27096,688,5.43,2.64
348500.0,133500.0,103.63834,1.20747,686,170.1,22.43
381500.0,137500.0,103.93488,1.24379,684,21.65,11.08
350500.0,135500.0,103.6563,1.22557,683,102.06,7.29
374500.0,132500.0,103.87199,1.19853,683,22.32,15.95
419500.0,144500.0,104.2764,1.30723,681,4.93,15.92
385500.0,141500.0,103.97082,1.27998,681,17.33,4.56
424500.0,145500.0,104.32134,1.31629,678,79.1,1.06
353500.0,134500.0,103.68326,1.21654,676,29.87,10.69
354500.0,135500.0,103.69225,1.22559,676,37.15,10.23
374500.0,140500.0,103.87196,1.2709,675,174.64,1.4
385500.0,137500.0,103.97083,1.2438,675,14.3,17.08
339500.0,144500.0,103.55741,1.30692,674,77.33,82.81
388500.0,140500.0,103.99778,1.27095,671,8.83,14.84
392500.0,139500.0,104.03374,1.26192,671,177.25,19.3
388500.0,142500.0,103.99778,1.28904,670,11.51,6.63
372500.0,130500.0,103.85402,1.18044,668,11.27,12.03
370500.0,130500.0,103.83605,1.18043,666,29.28,3.02
368500.0,139500.0,103.81804,1.26183,665,2.53,4.5
377500.0,133500.0,103.89895,1.20759,663,2.91,1.34
347500.0,133500.0,103.62935,1.20747,658,169.69,48.81
382500.0,136500.0,103.94387,1.23475,657,26.75,28.64
351500.0,132500.0,103.6653,1.19844,657,83.83,2.69
378500.0,141500.0,103.90791,1.27996,655,23.34,13.26
415500.0,143500.0,104.24045,1.29817,655,11.21,5.57
348500.0,137500.0,103.63832,1.24365,654,6.95,8.39
413500.0,143500.0,104.22247,1.29817,653,10.65,30.37
371500.0,130500.0,103.84504,1.18043,650,17.91,4.45
375500.0,135500.0,103.88097,1.22567,647,30.64,3.33
361500.0,141500.0,103.75513,1.27989,647,136.25,3.11
394500.0,149500.0,104.05168,1.35238,646,121.73,2.71
352500.0,133500.0,103.67428,1.20749,645,20.76,1.95
387500.0,141500.0,103.98879,1.27999,644,8.22,3.98
351500.0,134500.0,103.66529,1.21653,643,165.71,1.09
354500.0,128500.0,103.69228,1.16227,641,146.81,42.31
378500.0,138500.0,103.90792,1.25282,640,21.8,7.34
363500.0,128500.0,103.77315,1.16231,639,29.54,26.66
391500.0,152500.0,104.0247,1.37951,638,141.13,3.68
365500.0,134500.0,103.7911,1.21659,637,120.0,4.36
369500.0,129500.0,103.82707,1.17138,637,23.38,24.08
349500.0,139500.0,103.6473,1.26174,636,97.7,4.18
391500.0,139500.0,104.02475,1.26191,636,3.77,16.5
369500.0,131500.0,103.82706,1.18947,635,175.46,13.43
367500.0,134500.0,103.80908,1.2166,635,142.68,3.14
377500.0,158500.0,103.89885,1.43373,634,173.12,4.08
349500.0,115500.0,103.6474,1.04467,633,169.5,3.26
345500.0,133500.0,103.61138,1.20746,631,168.87,25.71
372500.0,139500.0,103.85399,1.26184,631,168.64,1.94
363500.0,125500.0,103.77316,1.13517,630,38.56,33.89
372500.0,137500.0,103.854,1.24375,626,117.59,1.1
380500.0,134500.0,103.92591,1.21665,624,19.69,1.7
366500.0,135500.0,103.80008,1.22564,624,129.56,2.63
387500.0,136500.0,103.98881,1.23476,622,8.21,19.0
389500.0,143500.0,104.00676,1.29809,622,2.1,3.69
359500.0,121500.0,103.73723,1.09898,621,47.77,29.34
377500.0,134500.0,103.89895,1.21664,621,20.28,3.61
357500.0,138500.0,103.71919,1.25274,620,33.45,10.07
380500.0,141500.0,103.92588,1.27997,618,27.12,7.25
367500.0,131500.0,103.80909,1.18946,617,25.05,12.12
381500.0,138500.0,103.93488,1.25283,617,2.48,3.35
375500.0,134500.0,103.88097,1.21663,616,8.62,4.16
371500.0,131500.0,103.84503,1.18948,615,18.0,8.48
408500.0,141500.0,104.17754,1.28006,612,10.21,32.42
390500.0,155500.0,104.01571,1.40665,611,23.49,10.84
394500.0,139500.0,104.05171,1.26192,611,10.95,9.0
378500.0,139500.0,103.90791,1.26187,610,27.5,5.42
403500.0,142500.0,104.13259,1.28909,610,174.49,4.41
368500.0,130500.0,103.81808,1.18042,608,18.08,12.09
393500.0,137500.0,104.04273,1.24383,608,15.95,6.3
375500.0,136500.0,103.88096,1.23472,607,36.67,4.27
365500.0,129500.0,103.79112,1.17136,606,23.92,28.14
412500.0,143500.0,104.21348,1.29816,606,9.45,42.44
393500.0,143500.0,104.04271,1.2981,606,28.77,7.49
390500.0,154500.0,104.01571,1.3976,604,86.67,2.92
356500.0,127500.0,103.71025,1.15324,601,150.81,15.31
360500.0,122500.0,103.74622,1.10803,600,47.99,67.52
380500.0,140500.0,103.92588,1.27092,599,26.89,3.83
377500.0,139500.0,103.89893,1.26186,597,23.12,3.29
423500.0,145500.0,104.31235,1.31629,597,119.89,1.23
376500.0,136500.0,103.88995,1.23472,596,32.02,4.7
404500.0,142500.0,104.14158,1.28909,593,10.42,15.4
354500.0,137500.0,103.69224,1.24368,592,106.69,8.34
366500.0,130500.0,103.8001,1.18041,589,16.53,24.43
350500.0,138500.0,103.65629,1.2527,589,112.56,40.76
392500.0,142500.0,104.03373,1.28906,588,10.81,4.54
380500.0,142500.0,103.92588,1.28901,586,19.06,3.92
402500.0,142500.0,104.12361,1.28909,585,171.04,2.49
370500.0,132500.0,103.83604,1.19852,584,4.25,12.89
374500.0,136500.0,103.87198,1.23472,583,117.28,1.62
357500.0,136500.0,103.7192,1.23465,582,48.72,2.31
353500.0,129500.0,103.68328,1.17131,581,148.23,7.22
399500.0,144500.0,104.09664,1.30717,580,130.54,18.49
352500.0,130500.0,103.67429,1.18035,579,151.65,6.82
376500.0,137500.0,103.88995,1.24377,579,53.61,3.59
350500.0,134500.0,103.6563,1.21653,578,68.71,2.54
355500.0,128500.0,103.70126,1.16228,577,148.32,137.29
377500.0,136500.0,103.89894,1.23473,573,22.68,4.58
386500.0,141500.0,103.97981,1.27999,573,3.17,1.91
389500.0,137500.0,104.00678,1.24382,572,167.32,12.14
379500.0,139500.0,103.9169,1.26187,571,22.34,8.14
357500.0,126500.0,103.71924,1.1442,570,151.27,4.45
351500.0,130500.0,103.66531,1.18035,570,175.19,3.84
391500.0,155500.0,104.02469,1.40665,568,16.49,5.43
416500.0,143500.0,104.24944,1.29818,568,38.63,3.68
362500.0,124500.0,103.76418,1.12613,567,44.79,47.5
347500.0,116500.0,103.62942,1.05371,566,146.92,11.78
372500.0,131500.0,103.85402,1.18948,562,11.27,5.52
388500.0,143500.0,103.99777,1.29809,562,10.5,3.43
373500.0,137500.0,103.86299,1.24376,561,133.49,6.49
407500.0,142500.0,104.16855,1.2891,560,21.02,8.24
422500.0,144500.0,104.30336,1.30724,559,8.8,9.1
362500.0,127500.0,103.76417,1.15326,558,29.81,31.56
376500.0,132500.0,103.88997,1.19854,557,10.55,4.55
383500.0,140500.0,103.95285,1.27093,554,17.85,3.9
401500.0,143500.0,104.11462,1.29813,554,150.91,3.28
378500.0,133500.0,103.90794,1.20759,553,169.64,3.53
360500.0,126500.0,103.7462,1.14421,553,8.5,2.72
377500.0,140500.0,103.89892,1.27091,552,28.31,5.37
354500.0,138500.0,103.69223,1.25272,551,115.41,9.64
369500.0,132500.0,103.82706,1.19851,550,174.51,14.23
358500.0,142500.0,103.72816,1.28892,550,128.24,6.35
380500.0,137500.0,103.9259,1.24378,549,22.37,25.33
368500.0,131500.0,103.81807,1.18947,547,173.24,3.55
388500.0,137500.0,103.99779,1.24381,547,171.78,5.32
370500.0,136500.0,103.83603,1.2347,546,17.52,4.47
390500.0,137500.0,104.01577,1.24382,545,6.08,26.14
384500.0,143500.0,103.96182,1.29807,544,18.59,3.62
394500.0,144500.0,104.0517,1.30715,543,68.52,4.39
361500.0,127500.0,103.75518,1.15326,542,32.64,25.52
379500.0,133500.0,103.91692,1.2076,541,176.74,9.6
362500.0,137500.0,103.76413,1.24371,535,1.46,5.62
417500.0,143500.0,104.25843,1.29818,532,22.16,4.2
354500.0,134500.0,103.69225,1.21654,531,43.33,4.99
398500.0,141500.0,104.08766,1.28003,531,16.57,1.99
389500.0,142500.0,104.00676,1.28905,531,14.98,3.73
346500.0,116500.0,103.62044,1.0537,528,145.98,55.07
309500.0,142500.0,103.28785,1.28866,527,145.52,50.47
392500.0,143500.0,104.03372,1.2981,527,16.87,14.8
366500.0,139500.0,103.80007,1.26182,525,87.44,7.94
386500.0,136500.0,103.97982,1.23476,525,11.66,10.84
366500.0,137500.0,103.80008,1.24373,524,155.02,3.69
420500.0,140500.0,104.2854,1.27105,523,6.09,58.58
361500.0,123500.0,103.7552,1.11708,523,48.86,40.93
389500.0,140500.0,104.00677,1.27095,523,16.59,6.71
391500.0,140500.0,104.02475,1.27096,521,9.45,2.47
381500.0,140500.0,103.93487,1.27092,520,37.0,3.32
397500.0,142500.0,104.07867,1.28907,519,173.69,1.84
395500.0,139500.0,104.0607,1.26193,518,2.4,12.65
367500.0,132500.0,103.80908,1.19851,518,13.3,1.31
420500.0,144500.0,104.28539,1.30723,518,9.84,11.88
394500.0,140500.0,104.05171,1.27097,517,4.12,14.23
310500.0,141500.0,103.29684,1.27962,516,139.17,34.73
352500.0,129500.0,103.6743,1.17131,515,148.62,7.76
338500.0,148500.0,103.5484,1.34309,515,112.06,10.76
364500.0,126500.0,103.78215,1.14422,514,37.74,30.03
377500.0,137500.0,103.89893,1.24377,514,23.74,3.44
421500.0,144500.0,104.29438,1.30723,513,10.06,20.83
388500.0,136500.0,103.9978,1.23477,512,7.82,25.64
395500.0,150500.0,104.06066,1.36143,505,24.67,2.19
366500.0,131500.0,103.8001,1.18946,505,22.07,16.99
406500.0,139500.0,104.15957,1.26196,505,8.0,10.97
390500.0,142500.0,104.01575,1.28905,498,15.15,6.64
385500.0,136500.0,103.97084,1.23476,498,13.51,3.61
421500.0,140500.0,104.29439,1.27105,496,6.92,27.19
332500.0,125500.0,103.4946,1.13504,496,58.5,280.39
400500.0,144500.0,104.10562,1.30717,496,126.4,2.76
375500.0,139500.0,103.88095,1.26186,495,17.43,6.02
359500.0,126500.0,103.73721,1.1442,494,149.24,1.34
351500.0,131500.0,103.6653,1.1894,494,43.65,1.77
376500.0,139500.0,103.88994,1.26186,493,26.18,3.43
379500.0,138500.0,103.9169,1.25283,493,21.22,5.77
379500.0,140500.0,103.9169,1.27092,492,28.04,4.29
352500.0,135500.0,103.67427,1.22558,490,53.42,1.06
340500.0,120500.0,103.56651,1.08986,488,148.05,32.69
361500.0,139500.0,103.75513,1.2618,487,145.43,26.35
358500.0,126500.0,103.72823,1.1442,485,158.32,3.72
349500.0,138500.0,103.6473,1.2527,485,114.93,3.75
386500.0,140500.0,103.97981,1.27094,483,30.19,2.59
348500.0,115500.0,103.63841,1.04467,483,153.98,7.07
379500.0,134500.0,103.91692,1.21664,483,24.24,3.6
407500.0,139500.0,104.16855,1.26196,483,98.22,304.19
356500.0,135500.0,103.71022,1.2256,481,9.93,1.72
344500.0,134500.0,103.60239,1.2165,480,158.22,5.66
390500.0,140500.0,104.01576,1.27096,480,4.71,8.53
405500.0,138500.0,104.15058,1.25291,478,171.81,9.71
355500.0,127500.0,103.70127,1.15323,477,148.04,13.91
380500.0,135500.0,103.9259,1.22569,477,22.67,110.75
385500.0,143500.0,103.97081,1.29808,475,8.16,2.94
357500.0,119500.0,103.71927,1.08088,474,38.37,23.57
373500.0,136500.0,103.86299,1.23471,468,120.36,2.62
401500.0,142500.0,104.11462,1.28909,466,169.07,1.59
384500.0,140500.0,103.96183,1.27094,464,30.47,3.4
418500.0,144500.0,104.26741,1.30723,464,10.13,14.26
393500.0,150500.0,104.04269,1.36143,464,135.53,46.7
391500.0,141500.0,104.02474,1.28001,462,23.88,6.76
326500.0,130500.0,103.44066,1.18023,460,149.48,12.39
367500.0,138500.0,103.80906,1.25278,460,133.22,23.84
383500.0,136500.0,103.95286,1.23475,457,28.81,4.46
395500.0,148500.0,104.06067,1.34334,456,133.72,7.46
414500.0,142500.0,104.23146,1.28912,456,8.85,11.2
390500.0,141500.0,104.01576,1.28,454,19.35,6.36
341500.0,120500.0,103.57549,1.08986,453,149.11,28.4
422500.0,145500.0,104.30336,1.31628,452,6.45,11.55
363500.0,136500.0,103.77312,1.23467,450,133.1,21.41
399500.0,142500.0,104.09664,1.28908,450,54.23,3.7
350500.0,115500.0,103.65638,1.04467,448,24.91,4.27
398500.0,138500.0,104.08767,1.25289,447,35.18,7.35
418500.0,143500.0,104.26741,1.29818,446,99.29,407.18
393500.0,140500.0,104.04272,1.27097,445,4.81,2.92
364500.0,128500.0,103.78214,1.16231,443,32.3,48.19
387500.0,137500.0,103.98881,1.24381,442,9.7,52.85
367500.0,137500.0,103.80906,1.24373,441,160.09,5.76
350500.0,130500.0,103.65632,1.18035,441,15.87,5.75
381500.0,134500.0,103.93489,1.21665,439,21.09,12.29
337500.0,133500.0,103.53949,1.20742,438,14.59,20.51
394500.0,150500.0,104.05168,1.36143,436,139.65,3.15
382500.0,140500.0,103.94386,1.27093,436,19.09,5.4
357500.0,144500.0,103.71916,1.30701,435,143.11,16.71
350500.0,132500.0,103.65631,1.19844,435,13.07,8.38
353500.0,117500.0,103.68333,1.06278,434,34.84,17.55
340500.0,134500.0,103.56644,1.21648,434,169.85,12.73
395500.0,126500.0,104.06074,1.14433,433,86.72,7.77
419500.0,140500.0,104.27641,1.27104,431,7.1,27.92
399500.0,143500.0,104.09664,1.29812,430,98.29,1.62
400500.0,142500.0,104.10563,1.28908,429,64.91,1.34
339500.0,146500.0,103.5574,1.32501,428,98.5,34.84
339500.0,120500.0,103.55752,1.08985,428,147.68,39.37
339500.0,121500.0,103.55752,1.0989,427,145.76,14.57
389500.0,141500.0,104.00677,1.28,427,25.92,8.88
330500.0,126500.0,103.47663,1.14408,427,69.24,15.89
350500.0,139500.0,103.65628,1.26175,426,107.46,34.95
374500.0,138500.0,103.87197,1.25281,424,173.55,1.38
355500.0,118500.0,103.7013,1.07183,422,29.73,9.27
401500.0,138500.0,104.11463,1.2529,419,7.96,42.12
388500.0,141500.0,103.99778,1.28,416,19.0,10.55
342500.0,134500.0,103.58442,1.21649,413,149.71,1.66
351500.0,136500.0,103.66528,1.23462,413,117.44,14.86
309500.0,141500.0,103.28786,1.27962,413,138.52,76.3
423500.0,144500.0,104.31235,1.30724,412,8.79,1.42
380500.0,138500.0,103.92589,1.25283,411,22.08,3.63
353500.0,133500.0,103.68327,1.20749,410,0.43,1.34
385500.0,140500.0,103.97082,1.27094,409,10.28,4.1
388500.0,138500.0,103.99779,1.25286,408,9.56,2.8
395500.0,125500.0,104.06074,1.13528,408,60.46,15.65
311500.0,140500.0,103.30583,1.27059,408,136.07,36.04
379500.0,137500.0,103.91691,1.24378,407,14.96,11.84
394500.0,131500.0,104.05174,1.18956,405,132.73,40.55
352500.0,116500.0,103.67435,1.05373,404,32.99,30.2
404500.0,139500.0,104.14159,1.26196,403,4.13,10.48
346500.0,117500.0,103.62043,1.06275,403,146.51,10.82
402500.0,138500.0,104.12362,1.2529,402,7.4,81.92
389500.0,136500.0,104.00679,1.23477,401,166.09,3.75
338500.0,133500.0,103.54848,1.20742,401,20.55,2.06
394500.0,137500.0,104.05172,1.24383,400,22.36,24.18
413500.0,142500.0,104.22247,1.28912,399,25.38,13.17
398500.0,145500.0,104.08764,1.31621,398,132.89,29.41
417500.0,140500.0,104.25843,1.27104,398,10.83,16.37
397500.0,143500.0,104.07866,1.29812,397,12.1,3.52
391500.0,143500.0,104.02474,1.2981,396,2.23,28.78
358500.0,144500.0,103.72815,1.30701,395,90.23,2.97
355500.0,131500.0,103.70125,1.18941,395,137.76,7.48
384500.0,136500.0,103.96185,1.23475,393,33.94,2.02
397500.0,141500.0,104.07867,1.28003,393,172.8,2.29
427500.0,147500.0,104.3483,1.33439,392,40.34,5.7
307500.0,145500.0,103.26986,1.31578,392,16.55,3.13
405500.0,139500.0,104.15058,1.26196,389,6.59,37.25
417500.0,144500.0,104.25842,1.30722,389,10.22,1.69
357500.0,143500.0,103.71917,1.29796,389,140.1,7.51
316500.0,136500.0,103.35078,1.23444,387,136.61,18.77
390500.0,143500.0,104.01575,1.29809,387,171.03,16.42
371500.0,134500.0,103.84502,1.21661,386,130.7,11.4
405500.0,146500.0,104.15056,1.32528,386,158.16,3.61
384500.0,135500.0,103.96185,1.22571,386,20.51,4.79
345500.0,117500.0,103.61145,1.06274,385,148.39,11.67
354500.0,117500.0,103.69232,1.06278,384,26.99,4.86
428500.0,147500.0,104.35729,1.33439,384,39.14,6.65
343500.0,118500.0,103.59347,1.07178,384,147.72,4.83
360500.0,131500.0,103.74618,1.18943,383,128.61,2.96
416500.0,140500.0,104.24944,1.27104,383,11.74,28.23
389500.0,155500.0,104.00672,1.40664,382,113.87,34.32
366500.0,129500.0,103.80011,1.17137,380,26.13,68.78
353500.0,143500.0,103.68322,1.29794,379,28.14,1.88
357500.0,135500.0,103.7192,1.2256,379,138.52,2.83
345500.0,134500.0,103.61137,1.2165,378,166.43,75.41
342500.0,133500.0,103.58442,1.20744,378,176.91,14.57
394500.0,142500.0,104.0517,1.28906,378,13.17,4.47
428500.0,144500.0,104.35729,1.30725,377,131.32,150.69
353500.0,142500.0,103.68323,1.2889,377,26.25,13.66
331500.0,125500.0,103.48562,1.13504,376,156.67,4.4
340500.0,133500.0,103.56645,1.20743,375,7.92,9.83
355500.0,137500.0,103.70122,1.24368,374,24.75,7.27
400500.0,145500.0,104.10562,1.31622,374,117.08,8.63
383500.0,143500.0,103.95284,1.29807,373,20.57,3.55
364500.0,131500.0,103.78213,1.18945,370,19.42,9.79
359500.0,140500.0,103.73716,1.27083,367,49.58,8.91
399500.0,138500.0,104.09665,1.25289,367,7.29,17.26
398500.0,139500.0,104.08766,1.26194,366,25.0,3.29
403500.0,138500.0,104.13261,1.25291,365,7.29,10.77
408500.0,139500.0,104.17754,1.26197,365,9.36,11.56
415500.0,140500.0,104.24046,1.27103,364,10.85,39.05
426500.0,146500.0,104.33931,1.32534,362,29.91,3.99
364500.0,127500.0,103.78214,1.15327,361,41.15,40.41
431500.0,150500.0,104.38425,1.36154,360,39.86,16.75
354500.0,131500.0,103.69226,1.18941,359,135.34,2.76
418500.0,140500.0,104.26742,1.27104,359,6.12,45.06
383500.0,135500.0,103.95286,1.2257,358,21.69,5.27
375500.0,131500.0,103.88098,1.18949,358,26.84,11.09
392500.0,151500.0,104.0337,1.37047,358,138.56,72.57
405500.0,145500.0,104.15056,1.31624,357,17.53,3.54
356500.0,119500.0,103.71028,1.08088,356,32.08,8.61
393500.0,132500.0,104.04275,1.1986,355,153.86,51.12
386500.0,137500.0,103.97982,1.24381,355,11.14,18.25
313500.0,139500.0,103.32381,1.26155,354,102.41,1.49
346500.0,131500.0,103.62037,1.18937,354,2.41,7.63
400500.0,138500.0,104.10564,1.2529,354,7.74,53.47
396500.0,148500.0,104.06966,1.34335,354,137.97,33.42
345500.0,131500.0,103.61139,1.18937,354,8.97,10.46
342500.0,119500.0,103.58448,1.08082,354,147.7,25.57
344500.0,118500.0,103.60246,1.07178,353,148.23,11.64
336500.0,133500.0,103.5305,1.20741,353,113.62,3.09
363500.0,140500.0,103.7731,1.27085,351,38.2,1.93
349500.0,132500.0,103.64733,1.19843,351,179.9,12.86
397500.0,138500.0,104.07868,1.25289,350,35.83,10.84
421500.0,141500.0,104.29438,1.2801,350,10.88,10.37
374500.0,137500.0,103.87197,1.24376,349,145.93,1.61
376500.0,157500.0,103.88987,1.42468,348,119.69,1.65
379500.0,156500.0,103.91683,1.41565,348,149.97,40.36
382500.0,135500.0,103.94388,1.2257,347,23.58,7.75
353500.0,139500.0,103.68324,1.26176,347,130.6,7.3
425500.0,145500.0,104.33033,1.31629,347,17.03,1.86
392500.0,136500.0,104.03375,1.23478,347,2.86,9.56
419500.0,141500.0,104.27641,1.28009,347,10.06,16.11
334500.0,124500.0,103.51258,1.12601,346,56.6,309.38
338500.0,121500.0,103.54853,1.09889,345,148.18,31.13
375500.0,137500.0,103.88096,1.24376,345,20.17,2.65
411500.0,143500.0,104.2045,1.29816,345,12.45,18.02
354500.0,133500.0,103.69225,1.2075,344,63.75,5.69
347500.0,131500.0,103.62936,1.18938,343,169.87,4.03
340500.0,121500.0,103.5665,1.0989,342,147.65,42.24
341500.0,132500.0,103.57544,1.19839,340,6.33,5.55
404500.0,140500.0,104.14159,1.271,340,9.55,6.42
333500.0,124500.0,103.50359,1.126,340,38.64,47.6
380500.0,124500.0,103.92594,1.12619,339,83.23,2.3
422500.0,140500.0,104.30337,1.27105,339,10.52,40.41
338500.0,141500.0,103.54844,1.27978,339,71.44,9.25
342500.0,132500.0,103.58442,1.1984,338,177.65,6.18
361500.0,131500.0,103.75517,1.18944,338,144.66,9.69
406500.0,138500.0,104.15957,1.25292,336,0.32,5.28
348500.0,131500.0,103.63835,1.18938,335,167.61,7.81
362500.0,125500.0,103.76418,1.13517,335,43.1,74.2
322500.0,137500.0,103.40469,1.24352,335,149.14,7.35
382500.0,157500.0,103.94379,1.42471,335,163.46,245.27
378500.0,137500.0,103.90792,1.24378,335,21.12,3.25
361500.0,124500.0,103.7552,1.12612,334,48.79,40.88
397500.0,139500.0,104.07868,1.26193,333,0.75,25.51
387500.0,154500.0,103.98874,1.39759,333,173.01,6.2
391500.0,136500.0,104.02476,1.23478,332,6.11,19.52
333500.0,125500.0,103.50359,1.13505,332,149.91,10.92
363500.0,126500.0,103.77316,1.14422,331,40.87,43.94
429500.0,149500.0,104.36627,1.35249,331,40.79,70.39
338500.0,142500.0,103.54843,1.28882,331,72.79,40.5
372500.0,140500.0,103.85399,1.27089,329,119.23,1.88
395500.0,127500.0,104.06074,1.15337,329,91.93,350.14
332500.0,134500.0,103.49456,1.21644,328,166.83,15.87
360500.0,123500.0,103.74621,1.11707,328,48.59,44.42
325500.0,131500.0,103.43167,1.18927,327,149.65,5.71
331500.0,134500.0,103.48557,1.21643,327,169.85,4.26
317500.0,135500.0,103.35977,1.2254,325,137.24,6.88
389500.0,138500.0,104.00678,1.25286,325,15.0,27.72
419500.0,143500.0,104.2764,1.29818,325,134.81,1.91
426500.0,143500.0,104.33932,1.2982,324,38.04,35.72
366500.0,138500.0,103.80007,1.25277,323,152.21,1.53
425500.0,146500.0,104.33032,1.32534,323,46.22,1.86
312500.0,140500.0,103.31482,1.27059,321,141.58,7.16
353500.0,128500.0,103.68329,1.16227,321,146.32,27.12
352500.0,131500.0,103.67429,1.1894,321,124.5,1.38
355500.0,129500.0,103.70126,1.17132,321,153.44,3.55
340500.0,132500.0,103.56645,1.19839,319,10.64,21.67
308500.0,142500.0,103.27887,1.28865,319,144.44,113.82
396500.0,147500.0,104.06966,1.3343,318,134.72,15.6
395500.0,128500.0,104.06074,1.16242,317,93.5,86.43
302500.0,148500.0,103.22492,1.34287,315,47.32,489.46
354500.0,143500.0,103.69221,1.29795,315,10.81,6.66
415500.0,142500.0,104.24045,1.28913,315,179.44,18.46
433500.0,148500.0,104.40223,1.34345,315,137.13,116.08
354500.0,132500.0,103.69226,1.19845,314,105.62,3.38
358500.0,121500.0,103.72825,1.09897,313,43.87,38.44
325500.0,136500.0,103.43165,1.23449,312,161.75,23.04
349500.0,130500.0,103.64734,1.18034,312,18.08,9.77
390500.0,136500.0,104.01577,1.23477,312,0.04,9.62
323500.0,130500.0,103.41371,1.18022,311,144.24,5.85
337500.0,135500.0,103.53948,1.22551,311,149.42,3.08
396500.0,139500.0,104.06969,1.26193,311,8.31,7.31
432500.0,151500.0,104.39323,1.37059,311,38.97,4.22
348500.0,116500.0,103.63841,1.05371,311,70.43,98.11
356500.0,118500.0,103.71029,1.07183,310,34.19,9.48
386500.0,144500.0,103.97979,1.30713,310,17.0,3.97
366500.0,127500.0,103.80012,1.15328,308,32.41,6.56
328500.0,135500.0,103.45861,1.22546,307,165.93,199.86
414500.0,140500.0,104.23147,1.27103,307,10.58,25.97
410500.0,143500.0,104.19551,1.29816,307,0.34,13.69
416500.0,144500.0,104.24943,1.30722,307,105.67,102.13
351500.0,116500.0,103.66537,1.05372,306,32.08,50.09
373500.0,130500.0,103.86301,1.18044,306,14.62,8.65
409500.0,141500.0,104.18653,1.28006,306,10.45,23.93
427500.0,144500.0,104.34831,1.30725,304,39.18,36.08
344500.0,131500.0,103.6024,1.18936,304,11.75,2.48
428500.0,148500.0,104.35729,1.34344,303,41.29,28.56
381500.0,155500.0,103.93481,1.40661,302,136.15,66.99
398500.0,143500.0,104.08765,1.29812,302,8.98,6.76
377500.0,132500.0,103.89895,1.19854,301,6.45,5.04
395500.0,129500.0,104.06073,1.17147,301,100.3,47.96
320500.0,139500.0,103.3867,1.26159,300,141.24,18.8
411500.0,140500.0,104.2045,1.27102,300,4.42,1.88
341500.0,134500.0,103.57543,1.21648,299,168.2,27.1
388500.0,154500.0,103.99773,1.39759,299,165.02,65.49
358500.0,139500.0,103.72817,1.26179,299,36.49,49.42
280500.0,175500.0,103.02705,1.58685,299,140.93,12.89
394500.0,134500.0,104.05173,1.21669,299,7.51,22.45
382500.0,143500.0,103.94385,1.29807,298,20.62,4.68
395500.0,137500.0,104.06071,1.24384,298,22.88,24.84
425500.0,142500.0,104.33033,1.28915,296,27.45,2.97
398500.0,142500.0,104.08765,1.28908,296,18.38,4.78
360500.0,127500.0,103.7462,1.15325,296,26.84,25.46
416500.0,142500.0,104.24944,1.28913,296,8.1,11.04
335500.0,123500.0,103.52157,1.11697,296,127.4,1.85
339500.0,132500.0,103.55747,1.19838,296,10.49,44.45
345500.0,132500.0,103.61138,1.19841,295,172.67,15.71
348500.0,132500.0,103.63834,1.19843,295,171.99,18.24
375500.0,138500.0,103.88096,1.25281,295,19.88,1.31
394500.0,145500.0,104.05169,1.3162,295,78.5,14.18
403500.0,139500.0,104.1326,1.26195,294,8.67,152.14
365500.0,140500.0,103.79108,1.27086,292,83.38,5.06
343500.0,119500.0,103.59347,1.08082,292,147.71,31.38
427500.0,148500.0,104.3483,1.34344,292,40.44,29.48
328500.0,127500.0,103.45865,1.15311,292,59.67,1036.2
335500.0,133500.0,103.52152,1.20741,291,116.6,4.32
311500.0,141500.0,103.30583,1.27963,291,62.11,2.17
373500.0,135500.0,103.86299,1.22567,291,72.76,2.39
396500.0,138500.0,104.06969,1.25288,290,9.02,8.04
336500.0,122500.0,103.53056,1.10793,288,158.61,19.63
377500.0,141500.0,103.89892,1.27995,287,22.4,5.13
422500.0,141500.0,104.30337,1.2801,287,100.45,634.17
376500.0,140500.0,103.88994,1.27091,286,26.44,4.0
279500.0,176500.0,103.01806,1.59589,286,53.07,1675.1
344500.0,132500.0,103.6024,1.19841,285,168.13,6.38
395500.0,149500.0,104.06067,1.35239,284,133.83,7.01
339500.0,133500.0,103.55746,1.20743,284,1.81,25.62
357500.0,120500.0,103.71927,1.08993,284,40.99,1.44
341500.0,119500.0,103.5755,1.08082,283,150.52,8.9
392500.0,132500.0,104.03376,1.1986,282,161.17,60.22
390500.0,152500.0,104.01572,1.37951,282,130.93,1.56
434500.0,153500.0,104.41121,1.38869,282,36.18,11.36
303500.0,147500.0,103.23391,1.33384,282,120.4,2.46
370500.0,135500.0,103.83603,1.22565,281,138.26,6.51
356500.0,128500.0,103.71025,1.16228,281,150.21,21.61
315500.0,137500.0,103.34179,1.24348,281,50.49,576.36
398500.0,137500.0,104.08767,1.24384,280,9.29,64.28
430500.0,149500.0,104.37526,1.35249,280,39.11,103.78
341500.0,133500.0,103.57543,1.20744,279,4.57,20.91
365500.0,130500.0,103.79112,1.18041,279,25.88,5.08
429500.0,148500.0,104.36627,1.34344,278,39.43,71.57
321500.0,138500.0,103.3957,1.25256,278,145.38,32.13
327500.0,128500.0,103.44966,1.16215,278,154.84,1.98
394500.0,141500.0,104.05171,1.28002,278,0.93,30.24
390500.0,138500.0,104.01577,1.25286,278,179.83,15.38
404500.0,138500.0,104.14159,1.25291,277,2.45,5.82
394500.0,125500.0,104.05176,1.13528,276,68.06,2.17
399500.0,139500.0,104.09665,1.26194,276,12.15,19.5
337500.0,150500.0,103.5394,1.36117,276,101.12,8.3
361500.0,128500.0,103.75518,1.1623,275,36.11,13.51
349500.0,131500.0,103.64733,1.18939,275,164.97,3.82
359500.0,127500.0,103.73721,1.15325,274,169.7,8.89
357500.0,127500.0,103.71924,1.15324,273,147.77,28.44
365500.0,128500.0,103.79113,1.16232,273,36.48,72.93
418500.0,141500.0,104.26742,1.28009,273,8.73,18.74
339500.0,147500.0,103.55739,1.33405,273,106.65,4.09
326500.0,128500.0,103.44067,1.16214,273,156.87,8.36
250500.0,188500.0,102.7574,1.7041,272,67.22,1035.04
364500.0,129500.0,103.78214,1.17136,272,29.01,7.77
308500.0,143500.0,103.27886,1.2977,272,137.09,20.83
363500.0,130500.0,103.77314,1.1804,272,12.65,4.49
328500.0,129500.0,103.45864,1.1712,271,132.9,1.21
343500.0,132500.0,103.59341,1.1984,271,166.59,11.63
354500.0,129500.0,103.69227,1.17132,271,146.33,26.07
400500.0,139500.0,104.10564,1.26194,271,10.98,20.33
336500.0,123500.0,103.53055,1.11697,270,28.65,14.41
327500.0,136500.0,103.44962,1.2345,269,166.13,339.43
411500.0,139500.0,104.20451,1.26198,269,31.98,6.57
426500.0,147500.0,104.33931,1.33439,269,35.83,25.5
381500.0,157500.0,103.93481,1.4247,268,167.87,24.3
312500.0,139500.0,103.31482,1.26155,268,131.49,4.94
423500.0,141500.0,104.31236,1.2801,268,10.19,3.93
348500.0,135500.0,103.63833,1.22556,265,2.39,13.31
354500.0,139500.0,103.69223,1.26177,265,122.42,19.64
421500.0,145500.0,104.29437,1.31628,264,10.63,22.76
395500.0,141500.0,104.06069,1.28002,264,1.72,26.04
359500.0,122500.0,103.73723,1.10802,263,46.41,12.07
365500.0,131500.0,103.79111,1.18945,263,13.21,24.58
393500.0,149500.0,104.04269,1.35238,262,129.06,2.9
397500.0,137500.0,104.07868,1.24384,261,35.3,12.87
307500.0,144500.0,103.26987,1.30673,261,138.85,7.99
353500.0,136500.0,103.68325,1.23463,261,48.68,1.77
395500.0,144500.0,104.06068,1.30716,260,44.21,2.14
360500.0,139500.0,103.74615,1.26179,259,46.17,4.15
399500.0,137500.0,104.09666,1.24385,259,14.2,14.23
406500.0,146500.0,104.15955,1.32529,259,172.62,5.29
344500.0,133500.0,103.60239,1.20745,258,168.5,14.57
392500.0,149500.0,104.0337,1.35238,258,127.08,3.65
253500.0,186500.0,102.78437,1.68605,258,64.57,5452.83
378500.0,134500.0,103.90793,1.21664,257,19.83,21.72
393500.0,136500.0,104.04274,1.23478,257,18.76,28.97
396500.0,142500.0,104.06968,1.28907,257,1.14,8.79
433500.0,152500.0,104.40222,1.37964,256,41.64,28.17
375500.0,140500.0,103.88095,1.2709,255,10.23,2.71
338500.0,143500.0,103.54843,1.29787,254,74.73,139.01
313500.0,138500.0,103.32381,1.25251,254,161.51,1.58
420500.0,141500.0,104.2854,1.28009,253,98.45,1627.36
409500.0,139500.0,104.18653,1.26197,252,7.91,16.85
384500.0,129500.0,103.96187,1.17143,252,166.66,11.87
382500.0,134500.0,103.94388,1.21665,252,18.06,7.15
326500.0,136500.0,103.44063,1.2345,250,164.25,96.44
441500.0,158500.0,104.47412,1.43394,250,31.75,4.83
330500.0,135500.0,103.47658,1.22547,250,166.17,270.69
362500.0,130500.0,103.76416,1.1804,250,179.9,2.57
382500.0,154500.0,103.94381,1.39757,248,139.93,65.89
337500.0,122500.0,103.53954,1.10793,247,168.84,18.08
381500.0,135500.0,103.93489,1.2257,247,24.67,26.12
251500.0,187500.0,102.76639,1.69507,246,64.78,3289.59
349500.0,135500.0,103.64731,1.22557,245,12.21,2.59
436500.0,155500.0,104.42918,1.40678,245,41.01,90.19
412500.0,140500.0,104.21349,1.27102,244,109.55,108.03
397500.0,146500.0,104.07865,1.32526,242,133.15,60.88
432500.0,148500.0,104.39324,1.34345,242,42.17,42.18
395500.0,130500.0,104.06073,1.18051,241,107.1,46.31
440500.0,157500.0,104.46513,1.42489,241,48.33,4.19
315500.0,136500.0,103.3418,1.23444,241,48.13,1376.4
325500.0,129500.0,103.43168,1.17118,241,57.57,141.74
331500.0,126500.0,103.48561,1.14408,240,58.87,159.97
399500.0,131500.0,104.09668,1.18957,239,98.35,1.39
376500.0,158500.0,103.88986,1.43373,238,153.88,5.69
366500.0,136500.0,103.80008,1.23468,238,73.18,1.52
370500.0,129500.0,103.83606,1.17138,237,16.38,11.41
424500.0,144500.0,104.32134,1.30724,237,12.69,2.3
429500.0,145500.0,104.36628,1.3163,237,21.54,13.91
398500.0,147500.0,104.08764,1.33431,237,149.58,2.83
319500.0,133500.0,103.37775,1.20733,237,52.91,443.83
335500.0,130500.0,103.52153,1.18028,236,65.71,3.99
395500.0,138500.0,104.0607,1.25288,236,24.26,19.71
312500.0,145500.0,103.31479,1.31581,235,144.49,3.63
345500.0,118500.0,103.61144,1.07179,235,147.24,14.99
386500.0,154500.0,103.97976,1.39758,235,178.81,7.08
413500.0,140500.0,104.22248,1.27103,235,135.5,13.77
322500.0,131500.0,103.40472,1.18926,234,142.65,6.27
336500.0,135500.0,103.53049,1.2255,234,55.49,1.16
367500.0,129500.0,103.80909,1.17137,234,22.75,51.32
354500.0,118500.0,103.69232,1.07182,234,24.05,6.76
409500.0,143500.0,104.18652,1.29816,234,15.03,2.68
338500.0,132500.0,103.54848,1.19838,234,14.36,5.06
427500.0,143500.0,104.34831,1.2982,234,131.45,834.4
352500.0,132500.0,103.67429,1.19844,233,3.04,1.38
435500.0,154500.0,104.42019,1.39774,233,39.7,20.33
327500.0,129500.0,103.44965,1.17119,233,151.53,19.35
267500.0,184500.0,102.91017,1.66811,233,155.07,4.32
430500.0,150500.0,104.37526,1.36154,231,39.33,23.5
399500.0,146500.0,104.09663,1.32526,231,157.51,1.35
318500.0,134500.0,103.36876,1.21637,231,57.87,4.62
415500.0,139500.0,104.24046,1.26199,230,9.36,55.32
344500.0,138500.0,103.60237,1.25268,230,87.81,9.64
282500.0,174500.0,103.04503,1.57783,229,54.76,396.17
271500.0,182500.0,102.94612,1.65006,228,63.26,668.46
302500.0,150500.0,103.22491,1.36096,228,139.32,80.58
431500.0,146500.0,104.38426,1.32535,228,39.8,2.36
314500.0,137500.0,103.3328,1.24347,228,45.18,193.61
370500.0,139500.0,103.83602,1.26184,227,160.64,3.8
412500.0,139500.0,104.21349,1.26198,227,8.24,10.05
426500.0,142500.0,104.33932,1.28915,227,40.05,13.49
275500.0,180500.0,102.98208,1.63202,227,57.83,405.09
329500.0,126500.0,103.46764,1.14407,227,35.26,6.07
282500.0,166500.0,103.04509,1.50549,227,53.6,2240.3
394500.0,138500.0,104.05172,1.25288,226,24.37,7.65
298500.0,152500.0,103.18895,1.37902,225,141.86,2.19
347500.0,132500.0,103.62935,1.19842,225,168.36,12.65
431500.0,151500.0,104.38424,1.37059,225,43.05,15.09
396500.0,141500.0,104.06968,1.28002,225,175.0,7.37
332500.0,124500.0,103.49461,1.126,225,147.59,12.96
334500.0,134500.0,103.51253,1.21645,224,12.47,19.29
268500.0,183500.0,102.91916,1.65908,223,154.7,6.09
393500.0,141500.0,104.04272,1.28001,223,8.34,5.74
355500.0,130500.0,103.70125,1.18037,222,127.75,1.73
396500.0,137500.0,104.06969,1.24384,222,8.48,19.31
283500.0,173500.0,103.05402,1.56879,222,56.32,36.55
389500.0,156500.0,104.00671,1.41569,221,115.9,16.7
315500.0,143500.0,103.34176,1.29774,221,138.9,14.23
372500.0,134500.0,103.85401,1.21662,221,33.66,37.33
340500.0,119500.0,103.56651,1.08081,221,149.39,69.79
324500.0,131500.0,103.42269,1.18927,219,148.31,4.62
378500.0,128500.0,103.90795,1.16237,219,92.83,17.97
367500.0,135500.0,103.80907,1.22564,219,20.19,1.84
316500.0,135500.0,103.35079,1.2254,218,136.49,22.05
263500.0,185500.0,102.87422,1.67711,217,62.78,3.28
249500.0,188500.0,102.74841,1.70409,217,65.32,1744.38
347500.0,137500.0,103.62933,1.24365,217,2.33,7.49
425500.0,141500.0,104.33034,1.2801,217,31.68,6.37
385500.0,135500.0,103.97084,1.22571,217,7.98,4.1
368500.0,128500.0,103.81809,1.16233,216,25.48,28.11
343500.0,133500.0,103.59341,1.20745,216,174.76,14.37
324500.0,130500.0,103.42269,1.18022,216,56.29,580.06
380500.0,158500.0,103.92581,1.43374,215,163.97,3.13
250500.0,181500.0,102.75747,1.64082,215,173.38,2.61
401500.0,144500.0,104.11461,1.30718,214,156.27,3.01
433500.0,149500.0,104.40223,1.3525,214,46.76,14.2
434500.0,149500.0,104.41122,1.3525,214,130.25,167.75
420500.0,143500.0,104.28539,1.29819,214,99.83,534.05
350500.0,131500.0,103.65632,1.18939,214,49.21,1.94
371500.0,136500.0,103.84502,1.2347,213,37.93,2.55
254500.0,189500.0,102.79332,1.71318,213,69.49,480.22
363500.0,129500.0,103.77315,1.17136,212,31.55,13.22
350500.0,140500.0,103.65628,1.27079,212,73.76,3.95
415500.0,144500.0,104.24045,1.30722,212,15.1,5.86
357500.0,128500.0,103.71923,1.16229,212,145.69,8.33
311500.0,139500.0,103.30584,1.26154,211,40.9,68.69
377500.0,127500.0,103.89897,1.15332,211,129.44,19.25
303500.0,151500.0,103.23388,1.37001,210,53.85,888.68
361500.0,130500.0,103.75517,1.18039,210,144.84,3.16
373500.0,161500.0,103.86288,1.46085,210,141.44,10.1
427500.0,146500.0,104.3483,1.32534,210,39.44,10.28
273500.0,181500.0,102.9641,1.64104,210,62.36,789.47
323500.0,137500.0,103.41367,1.24352,210,111.53,4.65
338500.0,122500.0,103.54853,1.10794,210,145.85,23.95
388500.0,153500.0,103.99774,1.38855,210,6.49,3.93
300500.0,151500.0,103.20693,1.36999,209,138.22,24.23
281500.0,174500.0,103.03604,1.57782,209,139.5,6.92
407500.0,145500.0,104.16854,1.31624,209,176.78,3.38
338500.0,135500.0,103.54847,1.22551,209,165.85,12.01
301500.0,149500.0,103.21593,1.35191,208,143.76,6.4
383500.0,157500.0,103.95278,1.42471,208,164.62,340.06
380500.0,157500.0,103.92582,1.4247,208,3.9,4.2
391500.0,133500.0,104.02477,1.20764,208,8.05,7.86
394500.0,148500.0,104.05168,1.34334,208,99.5,1.66
351500.0,115500.0,103.66537,1.04468,207,23.7,7.33
356500.0,130500.0,103.71024,1.18037,207,124.07,11.44
432500.0,147500.0,104.39324,1.3344,207,132.79,684.19
395500.0,146500.0,104.06068,1.32525,206,82.39,1.96
395500.0,143500.0,104.06069,1.29811,206,177.37,3.24
282500.0,162500.0,103.04513,1.46932,205,147.97,56.32
338500.0,147500.0,103.54841,1.33405,205,110.96,52.54
372500.0,161500.0,103.8539,1.46084,205,153.94,58.05
307500.0,146500.0,103.26986,1.32482,205,62.37,27.27
269500.0,183500.0,102.92815,1.65909,205,63.1,654.29
248500.0,192500.0,102.73939,1.74024,204,60.12,156.63
319500.0,140500.0,103.37771,1.27063,204,142.05,30.96
303500.0,148500.0,103.2339,1.34288,204,44.41,270.41
252500.0,187500.0,102.77537,1.69508,204,154.07,12.26
308500.0,144500.0,103.27885,1.30674,204,43.67,767.41
380500.0,132500.0,103.92591,1.19856,204,5.17,8.12
333500.0,134500.0,103.50354,1.21644,203,167.0,39.06
349500.0,136500.0,103.64731,1.23461,203,67.33,2.15
410500.0,139500.0,104.19552,1.26197,203,5.11,21.78
302500.0,152500.0,103.22489,1.37905,203,53.84,1470.31
424500.0,142500.0,104.32135,1.28915,202,17.53,2.92
432500.0,150500.0,104.39324,1.36154,202,39.32,16.36
391500.0,138500.0,104.02475,1.25287,202,6.71,27.66
396500.0,143500.0,104.06968,1.29812,201,11.77,4.09
409500.0,146500.0,104.18651,1.32529,201,3.52,4.92
343500.0,131500.0,103.59342,1.18936,201,51.16,20.89
351500.0,142500.0,103.66525,1.28889,201,26.7,12.39
306500.0,145500.0,103.26088,1.31577,201,47.7,863.38
258500.0,177500.0,102.82938,1.60473,200,61.01,1138.25
343500.0,134500.0,103.5934,1.21649,200,176.08,4.92
361500.0,126500.0,103.75519,1.14421,200,26.65,7.36
330500.0,134500.0,103.47659,1.21643,200,166.67,17.19
281500.0,175500.0,103.03603,1.58686,200,52.48,1145.57
352500.0,143500.0,103.67424,1.29794,200,128.22,4.95
397500.0,145500.0,104.07866,1.31621,200,129.97,1.8
395500.0,134500.0,104.06072,1.2167,200,6.66,15.92
365500.0,132500.0,103.79111,1.1985,199,82.98,4.78
367500.0,136500.0,103.80907,1.23469,199,120.61,1.84
304500.0,147500.0,103.24289,1.33384,199,46.42,285.67
348500.0,130500.0,103.63835,1.18034,198,179.05,50.84
397500.0,147500.0,104.07865,1.3343,198,143.63,15.63
378500.0,132500.0,103.90794,1.19855,198,175.0,5.01
281500.0,167500.0,103.0361,1.51453,198,143.84,38.67
428500.0,145500.0,104.35729,1.3163,197,39.44,5.77
395500.0,142500.0,104.06069,1.28907,197,178.47,5.18
274500.0,181500.0,102.97309,1.64105,197,156.03,27.49
310500.0,140500.0,103.29685,1.27058,197,138.72,24.1
385500.0,154500.0,103.97077,1.39758,197,12.68,5.53
361500.0,138500.0,103.75514,1.25275,196,20.36,17.74
368500.0,136500.0,103.81805,1.23469,195,174.55,2.02
337500.0,149500.0,103.53941,1.35213,195,117.86,4.28
379500.0,142500.0,103.91689,1.28901,195,20.95,11.17
402500.0,146500.0,104.12359,1.32527,195,164.48,10.47
440500.0,158500.0,104.46513,1.43393,195,37.89,69.51
362500.0,128500.0,103.76417,1.16231,194,31.35,111.79
339500.0,143500.0,103.55741,1.29787,194,75.47,29.66
424500.0,141500.0,104.32135,1.2801,194,89.5,1.31
329500.0,135500.0,103.4676,1.22547,194,166.23,118.9
346500.0,132500.0,103.62037,1.19842,193,172.32,17.1
301500.0,151500.0,103.21591,1.37,193,139.58,113.77
428500.0,143500.0,104.3573,1.29821,193,133.21,403.13
249500.0,191500.0,102.74838,1.73121,192,154.44,22.96
306500.0,146500.0,103.26087,1.32481,192,178.75,2.73
438500.0,157500.0,104.44715,1.42488,191,39.39,8.93
439500.0,157500.0,104.45614,1.42488,190,42.85,11.61
250500.0,183500.0,102.75745,1.6589,190,175.02,5.8
252500.0,189500.0,102.77535,1.71316,189,153.5,7.94
313500.0,146500.0,103.32377,1.32486,189,136.02,22.49
385500.0,128500.0,103.97086,1.16239,189,159.7,7.69
405500.0,140500.0,104.15058,1.271,189,4.61,37.01
332500.0,126500.0,103.4946,1.14409,189,59.44,590.71
427500.0,142500.0,104.34831,1.28916,189,131.94,2216.88
364500.0,140500.0,103.78209,1.27086,188,33.38,1.96
300500.0,150500.0,103.20694,1.36095,188,177.02,5.34
356500.0,138500.0,103.71021,1.25273,188,28.53,3.05
355500.0,142500.0,103.7012,1.28891,188,61.87,9.14
422500.0,147500.0,104.30336,1.33438,187,18.54,261.77
411500.0,146500.0,104.20449,1.3253,187,9.0,4.32
395500.0,147500.0,104.06067,1.3343,187,92.54,2.57
358500.0,128500.0,103.72822,1.16229,186,144.66,40.12
431500.0,147500.0,104.38425,1.3344,186,49.14,4.13
412500.0,141500.0,104.21349,1.28007,186,22.03,16.42
347500.0,115500.0,103.62943,1.04466,185,151.78,13.43
251500.0,182500.0,102.76644,1.64987,185,148.6,31.4
284500.0,165500.0,103.06307,1.49647,185,143.24,29.04
379500.0,125500.0,103.91695,1.13523,185,134.85,6.76
305500.0,146500.0,103.25189,1.32481,185,49.9,4077.87
272500.0,181500.0,102.95512,1.64103,184,61.42,669.88
327500.0,130500.0,103.44965,1.18024,184,153.07,6.22
286500.0,171500.0,103.08099,1.55073,184,50.63,1193.0
336500.0,136500.0,103.53049,1.23455,184,58.78,9.54
353500.0,132500.0,103.68327,1.19845,184,158.18,1.36
356500.0,117500.0,103.71029,1.06279,184,48.95,3.08
376500.0,141500.0,103.88993,1.27995,184,173.98,3.33
282500.0,173500.0,103.04504,1.56879,184,60.72,3.37
262500.0,181500.0,102.86527,1.64094,184,65.97,191.07
304500.0,146500.0,103.2429,1.3248,183,137.87,26.95
335500.0,134500.0,103.52151,1.21645,183,148.32,1.42
420500.0,145500.0,104.28538,1.31628,182,12.22,19.15
357500.0,129500.0,103.71923,1.17133,182,132.19,5.11
381500.0,158500.0,103.9348,1.43375,182,173.75,31.24
388500.0,128500.0,103.99782,1.1624,182,179.79,5.57
314500.0,138500.0,103.3328,1.25252,182,22.23,10.75
255500.0,189500.0,102.80231,1.71319,182,68.77,751.58
394500.0,146500.0,104.05169,1.32525,181,83.68,5.13
359500.0,125500.0,103.73722,1.13516,180,179.96,5.0
388500.0,156500.0,103.99773,1.41568,180,129.15,31.16
385500.0,157500.0,103.97076,1.42472,180,2.7,398.47
431500.0,149500.0,104.38425,1.35249,180,48.24,22.74
428500.0,149500.0,104.35728,1.35249,180,39.62,25.23
413500.0,139500.0,104.22248,1.26198,180,177.06,4.48
356500.0,126500.0,103.71026,1.14419,180,143.58,6.14
299500.0,151500.0,103.19794,1.36998,179,139.8,6.33
331500.0,135500.0,103.48557,1.22548,178,166.0,201.9
318500.0,141500.0,103.36872,1.27967,177,51.61,719.72
336500.0,130500.0,103.53052,1.18028,177,20.26,2.14
267500.0,173500.0,102.91027,1.56865,176,59.64,2634.98
310500.0,146500.0,103.29681,1.32484,176,142.97,7.46
417500.0,141500.0,104.25843,1.28008,176,98.22,654.56
402500.0,139500.0,104.12362,1.26195,175,2.03,6.59
417500.0,139500.0,104.25844,1.26199,175,8.11,43.83
309500.0,143500.0,103.28784,1.2977,175,48.1,1236.7
364500.0,134500.0,103.78212,1.21659,175,111.05,2.14
338500.0,140500.0,103.54844,1.27073,175,93.91,13.52
305500.0,145500.0,103.25189,1.31577,175,54.0,129.67
378500.0,126500.0,103.90796,1.14427,175,98.77,3.67
332500.0,136500.0,103.49455,1.23453,174,172.24,25.18
318500.0,140500.0,103.36873,1.27063,174,143.59,57.29
353500.0,116500.0,103.68334,1.05373,174,26.49,4.72
359500.0,143500.0,103.73714,1.29797,174,157.18,5.11
251500.0,190500.0,102.76636,1.72219,174,157.81,21.53
360500.0,132500.0,103.74618,1.19848,174,126.62,1.82
363500.0,127500.0,103.77316,1.15326,174,34.92,342.02
407500.0,146500.0,104.16853,1.32529,174,8.17,2.76
316500.0,143500.0,103.35074,1.29775,174,46.89,421.08
383500.0,154500.0,103.95279,1.39757,173,149.84,10.98
393500.0,151500.0,104.04268,1.37047,173,137.83,71.24
423500.0,147500.0,104.31235,1.33438,173,20.52,25.93
408500.0,146500.0,104.17752,1.32529,173,168.42,1.4
277500.0,180500.0,103.00005,1.63203,173,141.31,233.87
266500.0,184500.0,102.90118,1.6681,172,64.38,87.85
353500.0,130500.0,103.68328,1.18036,172,149.94,8.54
336500.0,134500.0,103.5305,1.21646,172,116.85,2.93
378500.0,127500.0,103.90796,1.15332,172,82.48,33.58
327500.0,135500.0,103.44962,1.22546,171,163.9,42.87
402500.0,143500.0,104.1236,1.29813,171,159.7,6.14
287500.0,170500.0,103.08998,1.5417,170,141.76,22.33
339500.0,134500.0,103.55746,1.21647,170,171.44,17.17
437500.0,152500.0,104.43818,1.37965,170,39.8,2.35
418500.0,139500.0,104.26742,1.26199,170,7.24,26.87
324500.0,137500.0,103.42266,1.24353,170,155.04,8.27
410500.0,146500.0,104.1955,1.3253,170,8.93,6.85
371500.0,129500.0,103.84504,1.17139,170,28.61,28.15
393500.0,138500.0,104.04273,1.25287,170,10.53,15.87
253500.0,187500.0,102.78436,1.69509,170,67.57,695.47
248500.0,182500.0,102.73949,1.64984,169,62.1,2385.09
393500.0,131500.0,104.04275,1.18955,169,145.13,66.53
436500.0,151500.0,104.42919,1.3706,169,125.52,576.64
338500.0,150500.0,103.54839,1.36118,169,101.03,4.9
355500.0,143500.0,103.7012,1.29795,169,173.98,3.48
393500.0,144500.0,104.04271,1.30715,169,40.57,3.08
334500.0,125500.0,103.51257,1.13505,169,131.54,31.09
404500.0,137500.0,104.1416,1.24386,169,33.68,2.22
407500.0,138500.0,104.16856,1.25292,169,8.43,14.49
430500.0,146500.0,104.37527,1.32535,168,40.93,31.24
344500.0,117500.0,103.60246,1.06274,168,145.39,11.72
408500.0,143500.0,104.17753,1.29815,167,9.57,4.51
325500.0,130500.0,103.43168,1.18023,167,146.35,9.39
307500.0,143500.0,103.26987,1.29769,167,142.15,38.32
358500.0,127500.0,103.72822,1.15324,167,157.67,15.14
395500.0,151500.0,104.06066,1.37048,167,88.66,2.53
364500.0,139500.0,103.78209,1.26181,166,2.29,1.48
304500.0,151500.0,103.24287,1.37002,165,56.53,1554.89
285500.0,172500.0,103.072,1.55977,165,55.77,8.9
333500.0,136500.0,103.50353,1.23453,165,177.38,30.65
365500.0,126500.0,103.79113,1.14423,165,34.93,25.9
442500.0,158500.0,104.48311,1.43394,165,33.27,1.67
274500.0,180500.0,102.9731,1.63201,165,57.91,493.56
429500.0,144500.0,104.36628,1.30725,165,41.58,11.28
320500.0,133500.0,103.38674,1.20733,165,53.46,441.17
267500.0,183500.0,102.91018,1.65907,164,62.35,124.46
396500.0,144500.0,104.06967,1.30716,164,166.17,4.08
278500.0,177500.0,103.00906,1.60492,164,53.25,334.05
396500.0,149500.0,104.06966,1.35239,164,137.52,2.92
379500.0,132500.0,103.91693,1.19855,164,177.05,10.55
316500.0,142500.0,103.35075,1.2887,163,143.47,79.49
301500.0,150500.0,103.21592,1.36095,163,56.36,78.14
313500.0,144500.0,103.32378,1.30677,163,144.42,11.67
399500.0,145500.0,104.09663,1.31622,163,130.0,12.61
418500.0,145500.0,104.26741,1.31627,162,17.12,7.99
363500.0,131500.0,103.77314,1.18945,162,21.24,9.71
399500.0,135500.0,104.09666,1.22576,162,28.79,6.47
403500.0,137500.0,104.13261,1.24386,162,97.98,946.54
270500.0,182500.0,102.93714,1.65005,161,61.08,636.23
362500.0,129500.0,103.76416,1.17135,161,32.12,2.89
436500.0,154500.0,104.42918,1.39774,161,128.46,250.81
308500.0,147500.0,103.27883,1.33387,161,143.92,373.83
283500.0,166500.0,103.05408,1.5055,161,54.23,196.15
400500.0,146500.0,104.10562,1.32527,161,169.54,3.99
300500.0,158500.0,103.20688,1.43329,160,49.3,999.31
358500.0,125500.0,103.72823,1.13515,160,155.87,2.98
384500.0,157500.0,103.96177,1.42471,160,173.72,118.78
394500.0,130500.0,104.05174,1.18051,160,122.16,62.82
322500.0,138500.0,103.40468,1.25256,160,144.31,11.86
331500.0,124500.0,103.48562,1.12599,160,144.91,7.02
317500.0,142500.0,103.35973,1.28871,159,49.36,1194.14
410500.0,140500.0,104.19552,1.27102,159,14.36,4.32
274500.0,179500.0,102.97311,1.62297,159,51.87,2205.9
390500.0,133500.0,104.01578,1.20764,158,12.1,6.43
253500.0,189500.0,102.78434,1.71317,158,174.13,1.81
385500.0,153500.0,103.97077,1.38853,158,112.86,2.38
337500.0,132500.0,103.5395,1.19838,158,8.43,4.6
273500.0,180500.0,102.96411,1.632,158,56.66,844.07
262500.0,185500.0,102.86524,1.6771,157,82.48,18.44
387500.0,144500.0,103.98878,1.30713,157,24.45,5.43
264500.0,185500.0,102.8832,1.67712,157,31.33,2.26
371500.0,135500.0,103.84502,1.22566,156,159.85,1.2
348500.0,138500.0,103.63831,1.25269,156,179.15,5.36
388500.0,144500.0,103.99777,1.30713,156,158.56,2.04
264500.0,179500.0,102.88326,1.62287,156,54.53,766.27
279500.0,165500.0,103.01815,1.49643,156,56.49,3330.57
342500.0,131500.0,103.58443,1.18935,156,93.67,16.73
308500.0,145500.0,103.27885,1.31578,156,46.09,394.68
249500.0,192500.0,102.74837,1.74025,155,155.77,63.96
398500.0,144500.0,104.08765,1.30717,155,137.64,5.36
303500.0,149500.0,103.2339,1.35192,155,140.87,11.07
386500.0,128500.0,103.97985,1.16239,155,164.07,13.96
439500.0,154500.0,104.45615,1.39774,155,33.34,27.42
435500.0,153500.0,104.4202,1.38869,155,40.55,2.91
381500.0,143500.0,103.93486,1.29806,155,22.75,9.73
333500.0,126500.0,103.50358,1.14409,155,58.34,3247.12
304500.0,150500.0,103.24288,1.36097,154,54.02,1680.5
353500.0,131500.0,103.68328,1.1894,154,173.52,1.92
263500.0,180500.0,102.87427,1.6319,154,55.01,988.15
399500.0,132500.0,104.09667,1.19862,154,96.6,5.41
391500.0,132500.0,104.02477,1.19859,154,168.02,80.98
345500.0,141500.0,103.61134,1.27981,154,65.74,31.85
342500.0,120500.0,103.58448,1.08987,153,145.8,4.06
404500.0,146500.0,104.14157,1.32528,153,178.02,9.85
250500.0,187500.0,102.75741,1.69506,153,64.73,4650.56
277500.0,178500.0,103.00007,1.61395,153,138.73,15.49
337500.0,137500.0,103.53947,1.2436,153,53.64,4.39
400500.0,137500.0,104.10565,1.24385,153,11.4,18.52
417500.0,142500.0,104.25843,1.28913,153,12.01,60.06
324500.0,129500.0,103.4227,1.17118,153,51.8,302.55
316500.0,138500.0,103.35077,1.25253,153,50.26,191.04
402500.0,137500.0,104.12362,1.24386,153,95.68,1421.77
392500.0,138500.0,104.03374,1.25287,153,9.34,55.85
265500.0,179500.0,102.89225,1.62288,153,54.93,3957.66
324500.0,136500.0,103.42266,1.23449,152,157.93,21.8
276500.0,180500.0,102.99107,1.63203,152,144.28,19.7
252500.0,182500.0,102.77543,1.64988,152,61.15,1330.22
270500.0,176500.0,102.93719,1.59581,152,143.67,105.21
441500.0,154500.0,104.47413,1.39775,152,22.09,9.85
334500.0,123500.0,103.51258,1.11696,152,4.31,7.43
259500.0,187500.0,102.83826,1.69515,152,53.97,1.75
382500.0,128500.0,103.9439,1.16238,152,159.02,20.43
266500.0,173500.0,102.90128,1.56865,151,116.59,10.58
354500.0,127500.0,103.69228,1.15323,151,146.25,7.3
360500.0,121500.0,103.74622,1.09898,151,45.83,74.5
342500.0,118500.0,103.58449,1.07178,151,142.65,9.69
432500.0,152500.0,104.39323,1.37963,150,130.46,646.28
265500.0,174500.0,102.89229,1.57768,150,57.32,963.5
314500.0,146500.0,103.33275,1.32486,150,124.98,17.56
261500.0,186500.0,102.85624,1.68613,150,26.31,2.77
337500.0,134500.0,103.53949,1.21646,150,26.18,2.49
356500.0,129500.0,103.71024,1.17133,150,119.61,2.08
341500.0,131500.0,103.57544,1.18935,150,4.25,11.98
329500.0,128500.0,103.46763,1.16216,150,57.85,202.41
302500.0,149500.0,103.22491,1.35192,149,137.56,11.1
267500.0,177500.0,102.91023,1.60482,149,144.74,10.36
317500.0,141500.0,103.35974,1.27966,149,142.77,41.14
310500.0,142500.0,103.29684,1.28867,149,139.33,46.83
395500.0,145500.0,104.06068,1.3162,149,59.62,6.15
434500.0,150500.0,104.41121,1.36155,149,40.69,9.9
248500.0,189500.0,102.73942,1.71312,148,66.39,281.18
344500.0,137500.0,103.60237,1.24363,148,76.94,4.36
416500.0,139500.0,104.24945,1.26199,148,7.45,19.04
312500.0,141500.0,103.31481,1.27964,148,110.52,2.65
360500.0,128500.0,103.74619,1.1623,148,41.33,9.47
393500.0,148500.0,104.04269,1.34333,148,161.41,2.3
307500.0,149500.0,103.26984,1.35195,148,57.33,2588.61
417500.0,145500.0,104.25842,1.31627,147,17.93,4.49
280500.0,176500.0,103.02704,1.59589,147,50.22,2970.75
361500.0,129500.0,103.75518,1.17135,147,69.59,3.22
442500.0,159500.0,104.48311,1.44298,147,39.27,23.25
316500.0,137500.0,103.35078,1.24349,147,22.42,11.33
331500.0,127500.0,103.48561,1.15313,147,58.76,3901.19
385500.0,133500.0,103.97085,1.20762,147,7.35,28.42
334500.0,133500.0,103.51253,1.2074,146,166.58,29.21
385500.0,144500.0,103.97081,1.30712,146,10.48,5.68
307500.0,148500.0,103.26984,1.34291,146,143.07,202.68
260500.0,187500.0,102.84725,1.69516,146,60.86,521.83
347500.0,135500.0,103.62934,1.22556,145,7.65,4.93
306500.0,144500.0,103.26088,1.30673,144,47.18,2355.59
364500.0,130500.0,103.78213,1.1804,144,21.32,2.76
381500.0,133500.0,103.9349,1.2076,143,15.13,25.63
391500.0,134500.0,104.02477,1.21668,143,24.55,2.01
438500.0,152500.0,104.44716,1.37965,143,37.12,14.7
272500.0,182500.0,102.95511,1.65007,143,155.94,11.89
298500.0,153500.0,103.18895,1.38806,143,50.1,513.63
303500.0,152500.0,103.23388,1.37905,143,56.4,1648.19
329500.0,127500.0,103.46764,1.15312,142,58.32,186.99
249500.0,182500.0,102.74848,1.64985,142,61.15,1637.81
378500.0,158500.0,103.90784,1.43373,142,163.25,6.02
429500.0,146500.0,104.36628,1.32535,142,130.49,1702.26
368500.0,135500.0,103.81806,1.22565,141,25.43,1.55
369500.0,139500.0,103.82703,1.26183,141,35.34,8.57
252500.0,190500.0,102.77534,1.7222,141,156.99,3.08
329500.0,136500.0,103.46759,1.23451,141,166.29,138.7
329500.0,129500.0,103.46763,1.1712,141,84.07,2.82
311500.0,149500.0,103.30578,1.35198,141,45.57,2646.91
408500.0,145500.0,104.17753,1.31625,141,2.37,54.11
383500.0,129500.0,103.95289,1.17143,141,159.79,21.0
406500.0,137500.0,104.15957,1.24387,141,164.32,14.6
351500.0,137500.0,103.66528,1.24366,141,109.61,55.07
346500.0,134500.0,103.62036,1.21651,141,162.28,9.05
256500.0,189500.0,102.81129,1.7132,140,68.01,3468.69
386500.0,133500.0,103.97983,1.20762,140,4.45,5.08
314500.0,143500.0,103.33277,1.29773,140,50.56,1014.63
311500.0,146500.0,103.3058,1.32485,140,48.48,725.84
323500.0,131500.0,103.4137,1.18926,140,51.84,327.65
315500.0,144500.0,103.34175,1.30678,140,63.83,2.44
299500.0,159500.0,103.19789,1.44233,139,49.2,1710.87
407500.0,143500.0,104.16854,1.29815,139,16.93,17.21
440500.0,154500.0,104.46514,1.39775,139,30.28,15.39
405500.0,143500.0,104.15057,1.29814,139,173.51,4.01
327500.0,127500.0,103.44966,1.15311,139,59.62,1015.49
333500.0,135500.0,103.50354,1.22549,138,162.21,20.52
337500.0,130500.0,103.5395,1.18029,138,33.17,12.02
330500.0,125500.0,103.47663,1.13503,138,149.67,59.52
335500.0,124500.0,103.52156,1.12601,138,118.06,149.36
280500.0,168500.0,103.02711,1.52356,138,55.23,1325.52
414500.0,139500.0,104.23147,1.26198,137,9.18,51.36
335500.0,132500.0,103.52152,1.19837,137,113.41,3.07
450500.0,168500.0,104.555,1.52442,137,49.2,34.63
389500.0,133500.0,104.0068,1.20763,137,16.9,5.47
349500.0,129500.0,103.64734,1.1713,137,134.67,16.13
381500.0,132500.0,103.9349,1.19856,137,22.53,3.38
349500.0,143500.0,103.64728,1.29792,136,122.73,8.24
337500.0,151500.0,103.5394,1.37022,136,110.0,2.4
355500.0,119500.0,103.7013,1.08087,135,36.04,1.72
257500.0,178500.0,102.82038,1.61377,135,60.27,2841.07
271500.0,175500.0,102.94619,1.58677,135,143.81,44.48
248500.0,183500.0,102.73948,1.65888,135,157.39,8.96
311500.0,148500.0,103.30578,1.34293,135,138.6,41.86
321500.0,137500.0,103.3957,1.24351,135,65.66,303.84
337500.0,121500.0,103.53955,1.09889,134,148.97,255.57
261500.0,181500.0,102.85629,1.64093,134,67.77,1003.38
306500.0,149500.0,103.26085,1.35194,134,144.49,49.38
380500.0,123500.0,103.92594,1.11714,134,75.41,1.35
382500.0,133500.0,103.94388,1.20761,134,19.62,12.61
266500.0,172500.0,102.90129,1.5596,134,57.05,3092.52
380500.0,133500.0,103.92591,1.2076,133,12.62,12.53
438500.0,156500.0,104.44716,1.41584,133,37.2,4.77
252500.0,186500.0,102.77539,1.68604,133,153.59,22.06
251500.0,189500.0,102.76637,1.71315,133,63.32,894.59
266500.0,171500.0,102.9013,1.55056,133,60.78,367.96
392500.0,134500.0,104.03375,1.21669,132,38.55,1.1
439500.0,158500.0,104.45614,1.43393,132,44.1,28.5
313500.0,147500.0,103.32376,1.3339,132,138.05,5.87
335500.0,131500.0,103.52153,1.18932,132,80.0,5.78
442500.0,155500.0,104.48311,1.4068,132,35.45,46.8
254500.0,187500.0,102.79334,1.6951,132,66.6,496.53
271500.0,181500.0,102.94613,1.64102,131,38.02,2.83
352500.0,117500.0,103.67435,1.06277,131,32.61,46.58
312500.0,147500.0,103.31478,1.3339,131,46.76,1140.97
278500.0,178500.0,103.00905,1.61396,131,145.47,10.67
370500.0,162500.0,103.83592,1.46988,131,162.49,3.23
437500.0,156500.0,104.43817,1.41583,131,33.67,30.52
439500.0,153500.0,104.45615,1.3887,131,34.43,13.12
305500.0,147500.0,103.25188,1.33385,131,77.6,16.06
259500.0,177500.0,102.83836,1.60474,130,61.65,610.35
281500.0,162500.0,103.03614,1.46932,130,147.38,91.5
317500.0,137500.0,103.35976,1.24349,130,75.68,9.03
333500.0,133500.0,103.50355,1.2074,130,8.79,71.27
310500.0,150500.0,103.29679,1.36101,130,130.37,79.01
360500.0,124500.0,103.74621,1.12612,130,53.7,7.39
403500.0,146500.0,104.13258,1.32528,129,171.57,14.49
438500.0,153500.0,104.44716,1.38869,129,35.04,22.54
299500.0,152500.0,103.19794,1.37903,129,140.77,6.1
354500.0,130500.0,103.69227,1.18036,129,135.89,6.47
443500.0,159500.0,104.4921,1.44299,129,37.33,17.09
409500.0,145500.0,104.18651,1.31625,129,178.86,17.78
350500.0,116500.0,103.65638,1.05372,129,109.63,58.13
332500.0,135500.0,103.49455,1.22548,128,164.96,30.16
265500.0,178500.0,102.89226,1.61384,128,57.35,1828.12
254500.0,185500.0,102.79336,1.67702,128,64.04,11837.77
362500.0,131500.0,103.76415,1.18944,128,155.8,5.6
405500.0,144500.0,104.15056,1.30719,128,6.25,8.16
326500.0,129500.0,103.44067,1.17119,128,56.2,261.51
253500.0,188500.0,102.78435,1.70413,127,64.88,339.38
419500.0,142500.0,104.2764,1.28914,127,13.26,64.32
434500.0,154500.0,104.4112,1.39773,127,130.2,417.43
304500.0,155500.0,103.24284,1.40619,127,133.68,13.19
312500.0,143500.0,103.3148,1.29772,127,52.06,2231.71
416500.0,141500.0,104.24944,1.28008,127,10.26,19.91
375500.0,141500.0,103.88094,1.27995,126,22.52,7.24
287500.0,158500.0,103.09008,1.43319,126,30.59,18.04
278500.0,170500.0,103.00912,1.54163,126,146.37,17.65
338500.0,120500.0,103.54854,1.08985,126,151.04,11.79
364500.0,125500.0,103.78215,1.13518,126,28.12,36.97
401500.0,145500.0,104.11461,1.31622,126,40.3,1.7
312500.0,144500.0,103.31479,1.30677,126,49.7,1466.79
264500.0,175500.0,102.8833,1.58671,125,148.18,243.05
361500.0,122500.0,103.7552,1.10803,125,48.65,30.81
401500.0,137500.0,104.11463,1.24385,125,6.41,65.36
447500.0,164500.0,104.52804,1.48823,125,54.15,16.61
389500.0,132500.0,104.0068,1.19859,125,19.74,7.27
304500.0,154500.0,103.24285,1.39715,125,43.15,1727.73
252500.0,188500.0,102.77536,1.70412,125,148.95,4.78
384500.0,153500.0,103.96178,1.38853,124,179.31,11.62
447500.0,163500.0,104.52804,1.47918,124,44.94,19.51
338500.0,134500.0,103.54847,1.21647,124,171.42,2.56
435500.0,150500.0,104.4202,1.36155,124,129.21,130.34
257500.0,188500.0,102.82028,1.70417,124,69.7,513.91
359500.0,120500.0,103.73724,1.08993,123,47.24,94.59
283500.0,161500.0,103.05412,1.46029,123,147.45,34.8
305500.0,150500.0,103.25186,1.36098,123,143.03,14.54
443500.0,160500.0,104.49209,1.45203,123,38.29,56.14
359500.0,123500.0,103.73723,1.11707,123,151.04,141.25
339500.0,138500.0,103.55744,1.25265,122,84.13,1.43
394500.0,136500.0,104.05172,1.23479,122,19.77,36.38
410500.0,141500.0,104.19551,1.28007,122,25.63,8.6
414500.0,141500.0,104.23147,1.28008,122,7.23,64.67
270500.0,183500.0,102.93713,1.65909,122,67.1,357.36
344500.0,140500.0,103.60236,1.27076,122,74.11,81.89
404500.0,144500.0,104.14158,1.30719,122,8.55,6.46
387500.0,157500.0,103.98873,1.42473,121,172.21,52.19
404500.0,145500.0,104.14157,1.31623,121,24.47,8.89
365500.0,133500.0,103.79111,1.20754,121,100.12,3.23
358500.0,135500.0,103.72819,1.22561,121,164.0,1.15
341500.0,140500.0,103.5754,1.27075,121,32.4,12.29
441500.0,155500.0,104.47413,1.40679,121,36.24,26.56
397500.0,148500.0,104.07865,1.34335,121,154.52,7.73
282500.0,167500.0,103.04509,1.51453,121,53.72,1162.75
349500.0,116500.0,103.64739,1.05372,121,90.81,370.56
268500.0,172500.0,102.91926,1.55962,120,151.83,41.56
331500.0,131500.0,103.48559,1.1893,120,121.13,14.0
327500.0,107500.0,103.44975,0.97223,120,5.48,60.57
304500.0,145500.0,103.24291,1.31576,120,49.3,393.02
313500.0,143500.0,103.32378,1.29773,120,144.16,74.36
286500.0,170500.0,103.081,1.54169,119,47.68,98.73
248500.0,188500.0,102.73943,1.70408,119,67.34,1957.75
289500.0,157500.0,103.10805,1.42417,119,149.24,108.53
399500.0,134500.0,104.09667,1.21671,119,54.42,1.51
442500.0,156500.0,104.48311,1.41584,119,34.74,28.21
318500.0,135500.0,103.36876,1.22541,119,50.37,282.2
320500.0,132500.0,103.38674,1.19829,119,52.82,36.78
383500.0,128500.0,103.95289,1.16238,119,157.92,5.29
405500.0,137500.0,104.15058,1.24387,119,163.38,412.14
304500.0,148500.0,103.24289,1.34289,119,51.48,475.33
309500.0,149500.0,103.28781,1.35196,118,45.25,2139.59
345500.0,130500.0,103.61139,1.18032,118,176.8,3.1
419500.0,145500.0,104.2764,1.31628,118,31.95,7.02
276500.0,171500.0,102.99114,1.55065,118,143.36,54.26
254500.0,186500.0,102.79335,1.68606,118,63.58,2117.09
253500.0,181500.0,102.78442,1.64085,118,47.38,31.27
303500.0,146500.0,103.23392,1.3248,118,50.01,1587.17
278500.0,176500.0,103.00907,1.59588,118,52.98,1220.24
349500.0,134500.0,103.64732,1.21652,118,79.51,1.47
268500.0,184500.0,102.91915,1.66812,118,63.79,411.88
383500.0,153500.0,103.9528,1.38853,118,158.87,20.87
313500.0,140500.0,103.3238,1.2706,117,139.2,40.89
408500.0,138500.0,104.17755,1.25292,117,6.93,98.97
276500.0,179500.0,102.99108,1.62298,117,147.25,6.52
257500.0,177500.0,102.82039,1.60472,117,146.76,30.79
260500.0,182500.0,102.8473,1.64996,117,150.37,7.76
293500.0,155500.0,103.14401,1.40611,117,59.42,931.96
396500.0,150500.0,104.06965,1.36144,117,137.45,2.11
333500.0,123500.0,103.5036,1.11696,117,29.16,120.52
322500.0,132500.0,103.40471,1.1983,117,156.57,6.91
311500.0,144500.0,103.30581,1.30676,117,50.44,2354.56
374500.0,160500.0,103.87188,1.45181,116,131.91,19.87
311500.0,145500.0,103.3058,1.3158,116,142.31,10.43
305500.0,149500.0,103.25187,1.35194,116,51.55,7814.03
285500.0,165500.0,103.07206,1.49647,116,37.55,57.88
251500.0,181500.0,102.76645,1.64083,116,65.77,87.52
416500.0,145500.0,104.24943,1.31627,116,22.4,4.63
351500.0,129500.0,103.66531,1.17131,115,173.9,4.27
397500.0,144500.0,104.07866,1.30716,115,4.73,1.57
406500.0,140500.0,104.15956,1.27101,115,6.12,37.57
434500.0,152500.0,104.41121,1.37964,115,37.57,4.35
449500.0,167500.0,104.54602,1.51537,115,69.33,16.43
284500.0,173500.0,103.06301,1.5688,115,53.48,527.09
426500.0,145500.0,104.33932,1.31629,115,127.27,995.46
264500.0,180500.0,102.88325,1.63191,115,55.88,1947.33
302500.0,147500.0,103.22493,1.33383,114,50.24,1670.32
391500.0,151500.0,104.02471,1.37047,114,138.4,151.59
306500.0,150500.0,103.26085,1.36099,114,55.38,3137.81
398500.0,146500.0,104.08764,1.32526,113,131.94,8.2
263500.0,179500.0,102.87428,1.62286,113,57.08,2105.82
321500.0,139500.0,103.39569,1.2616,113,140.5,36.41
321500.0,133500.0,103.39572,1.20734,113,54.87,311.65
321500.0,132500.0,103.39573,1.19829,113,64.3,77.27
277500.0,171500.0,103.00013,1.55066,112,145.3,25.75
258500.0,178500.0,102.82937,1.61378,112,59.48,2062.45
250500.0,190500.0,102.75738,1.72218,112,63.56,782.06
323500.0,107500.0,103.41382,0.97221,112,10.62,8.96
335500.0,122500.0,103.52157,1.10792,112,120.52,4.43
391500.0,153500.0,104.0247,1.38856,112,137.2,2.07
374500.0,130500.0,103.872,1.18044,111,0.61,9.62
314500.0,144500.0,103.33276,1.30678,111,157.62,8.53
359500.0,138500.0,103.73716,1.25274,111,83.85,5.06
336500.0,137500.0,103.53048,1.24359,111,39.04,2.98
364500.0,133500.0,103.78212,1.20754,111,107.27,5.84
344500.0,135500.0,103.60238,1.22554,110,97.72,3.57
401500.0,139500.0,104.11463,1.26195,110,7.85,14.34
409500.0,138500.0,104.18653,1.25292,110,6.73,1344.42
275500.0,171500.0,102.98216,1.55064,110,144.07,227.04
381500.0,131500.0,103.9349,1.18951,110,143.33,1.05
425500.0,144500.0,104.33033,1.30724,110,24.98,4.35
351500.0,117500.0,103.66536,1.06277,110,116.53,809.05
250500.0,191500.0,102.75737,1.73122,109,67.09,423.73
328500.0,136500.0,103.4586,1.23451,109,166.2,1479.37
283500.0,163500.0,103.0541,1.47837,109,57.59,11627.94
312500.0,138500.0,103.31483,1.25251,109,138.73,96.71
339500.0,122500.0,103.55751,1.10794,109,145.37,7.08
396500.0,134500.0,104.0697,1.2167,109,14.74,2.23
346500.0,135500.0,103.62035,1.22555,109,89.83,1.18
312500.0,136500.0,103.31484,1.23442,109,143.75,857.18
331500.0,132500.0,103.48558,1.19835,109,128.26,431.05
260500.0,176500.0,102.84735,1.59571,108,53.94,8.9
269500.0,182500.0,102.92816,1.65004,108,65.77,344.98
334500.0,136500.0,103.51252,1.23454,108,1.39,10.7
444500.0,162500.0,104.50108,1.47013,108,41.99,60.22
323500.0,132500.0,103.4137,1.1983,108,163.22,9.65
265500.0,184500.0,102.8922,1.66809,108,70.67,588.15
382500.0,129500.0,103.9439,1.17143,108,173.56,7.72
387500.0,135500.0,103.98881,1.22572,108,3.16,67.6
406500.0,143500.0,104.15956,1.29815,107,178.67,3.29
386500.0,157500.0,103.97975,1.42472,107,4.22,246.8
344500.0,119500.0,103.60245,1.08083,107,179.19,16.92
396500.0,146500.0,104.06967,1.32525,107,121.09,1.46
319500.0,134500.0,103.37775,1.21637,107,48.94,188.98
340500.0,130500.0,103.56646,1.1803,107,179.72,8.28
289500.0,158500.0,103.10805,1.43321,106,148.16,13.83
411500.0,141500.0,104.2045,1.28007,106,0.76,26.73
445500.0,161500.0,104.51007,1.46108,106,39.21,101.58
444500.0,161500.0,104.50108,1.46108,106,131.31,2078.33
270500.0,175500.0,102.9372,1.58676,106,55.96,4132.74
318500.0,142500.0,103.36872,1.28871,106,47.47,1767.42
263500.0,175500.0,102.87431,1.5867,105,57.49,689.01
315500.0,142500.0,103.34176,1.2887,105,143.42,20.36
261500.0,182500.0,102.85628,1.64997,105,57.23,1975.93
303500.0,155500.0,103.23386,1.40618,104,135.19,17.57
340500.0,138500.0,103.56642,1.25266,104,37.04,4.64
430500.0,148500.0,104.37526,1.34344,104,42.34,24.1
437500.0,155500.0,104.43817,1.40679,104,129.86,335.71
307500.0,151500.0,103.26982,1.37004,103,45.27,1656.15
337500.0,123500.0,103.53954,1.11698,103,22.15,2.29
349500.0,141500.0,103.64729,1.27983,103,12.1,4.81
399500.0,147500.0,104.09663,1.33431,103,11.34,1.44
260500.0,185500.0,102.84727,1.67708,103,73.7,564.41
313500.0,137500.0,103.32382,1.24347,103,45.01,761.47
441500.0,159500.0,104.47412,1.44298,102,39.11,33.47
269500.0,176500.0,102.92821,1.5958,102,53.51,2134.24
306500.0,152500.0,103.26083,1.37907,102,45.06,699.74
258500.0,188500.0,102.82927,1.70418,102,67.77,1775.52
305500.0,153500.0,103.25184,1.38811,102,43.84,2321.42
279500.0,177500.0,103.01805,1.60493,102,49.36,1160.12
435500.0,151500.0,104.4202,1.37059,102,38.32,7.9
381500.0,129500.0,103.93491,1.17142,102,179.82,7.26
393500.0,134500.0,104.04274,1.21669,102,8.38,10.32
254500.0,188500.0,102.79333,1.70414,101,155.06,26.0
347500.0,130500.0,103.62936,1.18033,101,179.65,23.24
320500.0,138500.0,103.38671,1.25255,101,145.53,45.38
348500.0,140500.0,103.6383,1.27078,101,38.39,1.56
453500.0,169500.0,104.58197,1.53347,101,133.26,123.82
363500.0,134500.0,103.77313,1.21658,101,162.26,31.06
263500.0,181500.0,102.87426,1.64095,101,71.54,30.07
261500.0,185500.0,102.85625,1.67709,100,167.1,3.73
396500.0,136500.0,104.0697,1.23479,100,19.21,9.31
277500.0,179500.0,103.00006,1.62299,100,51.83,582.98
273500.0,174500.0,102.96417,1.57775,100,49.02,1124.3
343500.0,130500.0,103.59342,1.18031,100,14.25,10.57
419500.0,139500.0,104.27641,1.262,100,8.69,67.4
446500.0,163500.0,104.51906,1.47918,100,50.9,41.98
433500.0,153500.0,104.40222,1.38868,100,127.37,353.5
332500.0,133500.0,103.49456,1.2074,100,32.29,61.49
344500.0,139500.0,103.60236,1.26172,100,80.36,8.16
319500.0,141500.0,103.37771,1.27968,100,47.86,763.94
436500.0,152500.0,104.42919,1.37964,100,40.12,6.5
369500.0,137500.0,103.82704,1.24374,99,143.35,37.01
392500.0,135500.0,104.03375,1.22573,99,72.57,3.88
389500.0,151500.0,104.00673,1.37046,99,16.03,2.49
256500.0,184500.0,102.81134,1.668,99,58.04,547.88
266500.0,174500.0,102.90128,1.57769,99,57.87,1176.36
285500.0,164500.0,103.07206,1.48743,99,26.42,2.99
443500.0,157500.0,104.4921,1.42489,99,33.28,43.04
451500.0,166500.0,104.564,1.50633,99,44.03,101.8
388500.0,130500.0,103.99782,1.18049,99,43.42,4.89
394500.0,147500.0,104.05169,1.33429,99,84.6,3.53
261500.0,177500.0,102.85633,1.60476,98,141.31,4.53
266500.0,178500.0,102.90124,1.61385,98,54.57,5987.44
301500.0,148500.0,103.21593,1.34287,98,139.35,74.95
363500.0,141500.0,103.7731,1.2799,98,169.24,2.12
306500.0,147500.0,103.26086,1.33386,98,49.5,797.11
300500.0,159500.0,103.20687,1.44233,98,48.1,3263.51
420500.0,142500.0,104.28539,1.28914,98,9.91,4.63
280500.0,162500.0,103.02716,1.46931,98,59.94,1099.47
249500.0,187500.0,102.74842,1.69505,98,64.94,7093.78
278500.0,164500.0,103.00917,1.48738,98,58.57,2299.58
355500.0,134500.0,103.70124,1.21655,97,54.1,5.8
249500.0,183500.0,102.74846,1.65889,97,8.16,3.34
288500.0,158500.0,103.09906,1.4332,97,148.18,1439.55
286500.0,164500.0,103.08105,1.48744,97,81.27,39.37
336500.0,132500.0,103.53051,1.19837,97,8.62,1.99
392500.0,133500.0,104.03376,1.20764,97,2.67,2.07
315500.0,139500.0,103.34178,1.26157,97,90.53,132.05
264500.0,184500.0,102.88321,1.66808,97,72.86,406.57
256500.0,180500.0,102.81138,1.63184,97,103.01,46.5
365500.0,162500.0,103.79098,1.46986,97,26.32,2.14
350500.0,144500.0,103.65626,1.30697,96,42.53,4.44
256500.0,178500.0,102.8114,1.61376,96,60.75,4025.66
337500.0,138500.0,103.53947,1.25264,96,80.87,11.06
337500.0,139500.0,103.53946,1.26169,96,68.52,6.38
442500.0,160500.0,104.4831,1.45203,96,130.03,785.94
387500.0,129500.0,103.98883,1.17144,96,125.84,1.11
384500.0,133500.0,103.96186,1.20762,96,6.58,11.19
378500.0,129500.0,103.90795,1.17141,96,115.21,6.64
392500.0,144500.0,104.03372,1.30715,96,171.42,11.81
255500.0,187500.0,102.80233,1.69511,95,66.0,687.37
335500.0,135500.0,103.52151,1.2255,95,18.78,1.82
405500.0,132500.0,104.1506,1.19863,95,169.36,2.56
275500.0,172500.0,102.98215,1.55968,95,143.96,47.36
291500.0,155500.0,103.12604,1.4061,95,150.04,6297.77
309500.0,150500.0,103.2878,1.36101,95,135.26,35.01
364500.0,132500.0,103.78212,1.19849,95,51.02,13.01
381500.0,156500.0,103.93481,1.41566,95,150.27,9.73
320500.0,140500.0,103.3867,1.27064,95,37.36,35.3
361500.0,125500.0,103.75519,1.13517,95,29.14,3.93
418500.0,142500.0,104.26742,1.28913,94,14.07,22.58
347500.0,117500.0,103.62942,1.06275,94,165.85,6.11
257500.0,180500.0,102.82036,1.63185,94,105.75,29.19
276500.0,177500.0,102.99109,1.6049,94,51.37,894.43
303500.0,156500.0,103.23385,1.41522,93,134.17,6.87
457500.0,98500.0,104.61802,0.89114,93,156.57,328.85
260500.0,177500.0,102.84734,1.60475,92,170.39,4.75
288500.0,162500.0,103.09903,1.46937,92,144.26,381.22
335500.0,129500.0,103.52154,1.17123,92,46.71,3.01
433500.0,151500.0,104.40222,1.37059,92,41.43,12.28
384500.0,128500.0,103.96188,1.16239,92,164.74,11.92
256500.0,188500.0,102.8113,1.70416,92,70.39,642.54
441500.0,160500.0,104.47411,1.45203,92,132.09,334.44
387500.0,128500.0,103.98884,1.1624,92,171.24,2.74
275500.0,179500.0,102.98209,1.62298,92,56.2,1203.46
313500.0,135500.0,103.32383,1.22538,92,154.71,604.11
339500.0,130500.0,103.55748,1.1803,92,29.28,6.28
344500.0,130500.0,103.60241,1.18032,91,15.37,2.77
286500.0,160500.0,103.08108,1.45127,91,58.0,1641.29
299500.0,154500.0,103.19792,1.39711,91,53.3,2740.02
301500.0,153500.0,103.2159,1.38808,91,55.22,1658.78
258500.0,179500.0,102.82936,1.62282,91,147.16,425.16
407500.0,137500.0,104.16856,1.24387,91,165.08,75.26
346500.0,130500.0,103.62038,1.18033,90,9.02,3.07
388500.0,157500.0,103.99772,1.42473,90,157.52,17.61
279500.0,164500.0,103.01816,1.48738,90,58.22,5954.41
339500.0,135500.0,103.55745,1.22552,90,162.26,3.91
328500.0,128500.0,103.45864,1.16215,90,62.77,224.39
386500.0,135500.0,103.97983,1.22571,90,7.99,46.44
452500.0,165500.0,104.57299,1.49729,90,35.48,79.55
319500.0,139500.0,103.37772,1.26159,89,142.46,7.83
302500.0,157500.0,103.22486,1.42426,89,137.43,145.95
259500.0,178500.0,102.83835,1.61378,89,178.37,36.61
262500.0,180500.0,102.86528,1.6319,89,55.69,926.2
356500.0,131500.0,103.71024,1.18942,89,133.92,5.23
401500.0,146500.0,104.11461,1.32527,89,173.9,6.17
450500.0,167500.0,104.55501,1.51538,89,47.15,16.21
261500.0,189500.0,102.85621,1.71325,89,156.07,970.46
398500.0,148500.0,104.08763,1.34335,89,91.86,1.61
440500.0,153500.0,104.46514,1.3887,89,120.07,513.79
347500.0,138500.0,103.62933,1.25269,89,12.81,1.76
388500.0,127500.0,103.99783,1.15335,89,173.23,4.26
267500.0,170500.0,102.9103,1.54153,89,62.28,1108.7
405500.0,122500.0,104.15063,1.10817,89,153.42,1.26
326500.0,135500.0,103.44064,1.22545,88,161.14,19.05
256500.0,179500.0,102.81139,1.6228,88,38.51,35.02
277500.0,170500.0,103.00014,1.54162,88,145.59,93.32
252500.0,181500.0,102.77544,1.64084,88,59.25,292.97
313500.0,141500.0,103.3238,1.27964,88,47.55,3169.69
290500.0,156500.0,103.11705,1.41513,88,149.57,171.99
284500.0,166500.0,103.06306,1.50551,88,55.76,125.49
381500.0,130500.0,103.93491,1.18047,88,8.82,6.13
309500.0,144500.0,103.28784,1.30675,88,137.36,15.76
308500.0,150500.0,103.27882,1.361,87,134.65,210.09
288500.0,169500.0,103.09898,1.53267,87,50.19,1608.47
314500.0,139500.0,103.33279,1.26156,87,46.02,131.69
340500.0,139500.0,103.56642,1.2617,87,17.74,12.7
392500.0,150500.0,104.0337,1.36142,87,123.85,7.83
444500.0,160500.0,104.50108,1.45204,87,43.19,23.69
317500.0,134500.0,103.35978,1.21636,87,49.49,1009.89
362500.0,126500.0,103.76417,1.14422,87,40.16,25.36
265500.0,172500.0,102.89231,1.5596,87,55.33,1234.41
378500.0,142500.0,103.9079,1.289,86,18.28,15.52
248500.0,184500.0,102.73947,1.66792,86,155.3,13.73
260500.0,181500.0,102.84731,1.64092,86,63.24,551.58
288500.0,160500.0,103.09905,1.45129,86,56.13,1758.04
308500.0,148500.0,103.27883,1.34291,86,57.07,1086.15
355500.0,132500.0,103.70124,1.19846,86,104.97,13.15
452500.0,167500.0,104.57299,1.51538,86,37.3,19.58
323500.0,140500.0,103.41366,1.27066,86,135.93,4.68
404500.0,143500.0,104.14158,1.29814,86,19.85,3.58
315500.0,138500.0,103.34178,1.25252,86,96.38,2.74
414500.0,144500.0,104.23146,1.30722,86,179.09,2.88
341500.0,121500.0,103.57549,1.09891,85,148.32,69.8
368500.0,134500.0,103.81806,1.2166,85,127.09,1.22
395500.0,135500.0,104.06071,1.22574,85,11.98,37.22
327500.0,138500.0,103.44961,1.25259,85,147.54,5.79
284500.0,161500.0,103.0631,1.4603,85,148.01,40.18
440500.0,155500.0,104.46514,1.40679,85,40.1,7.23
388500.0,131500.0,103.99781,1.18954,85,38.79,22.48
390500.0,132500.0,104.01579,1.19859,84,177.02,21.59
274500.0,173500.0,102.97316,1.56872,84,52.52,2042.29
267500.0,172500.0,102.91028,1.55961,84,55.02,400.77
277500.0,164500.0,103.00019,1.48737,84,60.39,1306.18
337500.0,136500.0,103.53948,1.23455,84,91.61,3.63
384500.0,144500.0,103.96182,1.30712,84,12.82,6.78
253500.0,190500.0,102.78433,1.72221,84,67.89,2251.35
249500.0,189500.0,102.7484,1.71313,83,61.82,188.6
262500.0,176500.0,102.86532,1.59573,83,149.27,9.87
272500.0,174500.0,102.95518,1.57774,83,143.88,35.28
287500.0,163500.0,103.09004,1.47841,83,54.02,4286.53
430500.0,147500.0,104.37527,1.3344,83,90.91,11.57
250500.0,182500.0,102.75746,1.64986,83,65.57,957.22
293500.0,165500.0,103.14393,1.49654,83,54.0,9954.22
267500.0,171500.0,102.91029,1.55057,83,61.93,286.48
291500.0,168500.0,103.12594,1.52365,83,51.44,7230.58
377500.0,130500.0,103.89896,1.18045,82,142.5,5.74
279500.0,163500.0,103.01816,1.47834,82,56.44,2737.41
312500.0,148500.0,103.31477,1.34294,82,137.23,22.18
260500.0,186500.0,102.84726,1.68612,82,40.32,3.51
305500.0,144500.0,103.2519,1.30672,82,145.96,172.9
430500.0,145500.0,104.37527,1.3163,82,18.67,70.53
268500.0,170500.0,102.91928,1.54154,82,56.31,1547.93
266500.0,185500.0,102.90117,1.67714,82,63.18,73.76
317500.0,143500.0,103.35973,1.29775,82,137.56,25.74
302500.0,156500.0,103.22487,1.41522,81,140.52,3.17
339500.0,137500.0,103.55744,1.24361,81,63.85,3.91
297500.0,152500.0,103.17997,1.37901,81,55.21,747.06
330500.0,127500.0,103.47662,1.15312,81,60.24,732.91
313500.0,145500.0,103.32377,1.31581,81,50.59,1614.78
340500.0,131500.0,103.56646,1.18935,81,21.04,16.1
380500.0,155500.0,103.92583,1.40661,81,140.0,58.18
409500.0,131500.0,104.18655,1.1896,81,37.79,3575.76
259500.0,176500.0,102.83837,1.5957,80,148.44,54.11
358500.0,134500.0,103.7282,1.21656,80,104.63,1.92
424500.0,146500.0,104.32134,1.32534,80,49.51,1.76
264500.0,174500.0,102.88331,1.57767,80,148.92,15.97
256500.0,187500.0,102.81131,1.69512,80,66.93,2679.66
282500.0,163500.0,103.04512,1.47837,80,147.07,343.82
314500.0,140500.0,103.33279,1.2706,80,152.68,11.25
345500.0,116500.0,103.61145,1.0537,80,151.61,17.56
370500.0,134500.0,103.83604,1.21661,80,143.46,5.69
481500.0,210500.0,104.83365,1.90444,80,65.85,17.53
321500.0,130500.0,103.39574,1.18021,80,149.74,30.78
431500.0,148500.0,104.38425,1.34345,80,130.7,3690.88
271500.0,174500.0,102.9462,1.57773,80,56.18,2809.87
284500.0,172500.0,103.06301,1.55976,80,48.14,45.11
411500.0,135500.0,104.20452,1.22579,80,119.62,12.22
399500.0,148500.0,104.09662,1.34336,80,46.36,4.15
314500.0,134500.0,103.33282,1.21634,80,148.5,74.49
413500.0,130500.0,104.22251,1.18056,80,153.67,4796.75
301500.0,157500.0,103.21587,1.42425,79,139.18,43.73
357500.0,118500.0,103.71927,1.07184,79,41.66,16.15
360500.0,130500.0,103.74619,1.18039,79,110.4,2.81
357500.0,134500.0,103.71921,1.21656,79,176.16,2.56
325500.0,128500.0,103.43169,1.16214,79,142.95,4.74
310500.0,149500.0,103.29679,1.35197,79,133.44,84.27
292500.0,156500.0,103.13502,1.41515,79,57.05,2058.35
291500.0,156500.0,103.12603,1.41514,79,54.47,527.69
356500.0,120500.0,103.71028,1.08992,79,126.41,218.36
396500.0,151500.0,104.06965,1.37048,79,39.88,9.63
426500.0,141500.0,104.33932,1.28011,79,42.71,6.05
328500.0,126500.0,103.45865,1.14407,79,139.55,44.59
277500.0,165500.0,103.00018,1.49641,78,60.05,772.78
260500.0,175500.0,102.84736,1.58667,78,149.59,54.53
262500.0,175500.0,102.86533,1.58669,78,59.15,1001.14
362500.0,143500.0,103.7641,1.29798,78,167.22,3.98
255500.0,177500.0,102.80243,1.60471,78,60.94,2449.91
324500.0,141500.0,103.42264,1.2797,78,154.35,2.97
281500.0,163500.0,103.03613,1.47836,78,59.97,2741.96
362500.0,123500.0,103.76419,1.11708,78,56.38,48.05
349500.0,144500.0,103.64727,1.30697,78,57.17,4.94
411500.0,118500.0,104.20456,1.072,78,126.33,3.48
439500.0,156500.0,104.45615,1.41584,78,36.67,8.45
451500.0,185500.0,104.56396,1.67822,78,79.76,89.48
301500.0,152500.0,103.21591,1.37904,78,141.55,203.25
441500.0,156500.0,104.47412,1.41584,78,19.78,13.39
319500.0,132500.0,103.37776,1.19828,78,53.07,387.54
279500.0,175500.0,103.01806,1.58684,78,53.6,2231.01
414500.0,146500.0,104.23145,1.32531,78,18.17,14.28
280500.0,167500.0,103.02712,1.51452,78,54.09,4254.6
268500.0,176500.0,102.91923,1.59579,77,144.9,20.08
286500.0,163500.0,103.08106,1.4784,77,55.27,4745.86
389500.0,157500.0,104.00671,1.42473,77,79.15,3.37
392500.0,152500.0,104.03369,1.37952,77,134.34,22.3
445500.0,162500.0,104.51007,1.47013,77,42.3,84.31
448500.0,164500.0,104.53703,1.48823,77,53.21,21.74
318500.0,136500.0,103.36875,1.23445,77,50.73,1128.42
320500.0,134500.0,103.38673,1.21638,77,144.76,8.28
300500.0,154500.0,103.20691,1.39712,77,58.41,746.91
268500.0,177500.0,102.91922,1.60483,77,53.13,7175.42
455500.0,167500.0,104.59995,1.51538,77,24.26,30.0
378500.0,117500.0,103.90799,1.06286,77,123.57,4.17
308500.0,149500.0,103.27882,1.35196,76,29.71,5.24
372500.0,129500.0,103.85403,1.17139,76,26.37,35.74
355500.0,117500.0,103.7013,1.06278,76,32.69,27.93
412500.0,117500.0,104.21355,1.06296,76,119.9,3.2
292500.0,155500.0,103.13502,1.4061,76,149.54,610.71
330500.0,136500.0,103.47658,1.23452,76,162.18,10.25
310500.0,143500.0,103.29683,1.29771,76,70.72,8.16
400500.0,135500.0,104.10565,1.22576,76,3.01,21.8
388500.0,135500.0,103.9978,1.22572,75,98.11,1430.46
272500.0,168500.0,102.95523,1.52349,75,146.68,38.24
282500.0,164500.0,103.04511,1.48741,75,57.04,14016.86
385500.0,129500.0,103.97086,1.17144,75,10.67,2.96
371500.0,162500.0,103.8449,1.46988,75,152.16,42.15
397500.0,136500.0,104.07869,1.2348,75,14.65,11.85
454500.0,170500.0,104.59096,1.54252,75,44.96,3.72
471500.0,192500.0,104.74376,1.74158,75,60.71,188.76
262500.0,186500.0,102.86523,1.68614,75,64.79,1688.56
322500.0,133500.0,103.40471,1.20734,75,57.94,459.73
361500.0,134500.0,103.75516,1.21657,75,13.99,4.89
341500.0,139500.0,103.57541,1.26171,75,34.03,6.13
267500.0,178500.0,102.91022,1.61386,75,53.77,7675.29
403500.0,132500.0,104.13262,1.19863,75,50.73,131.18
390500.0,158500.0,104.01569,1.43378,74,15.06,17.73
273500.0,168500.0,102.96422,1.5235,74,147.4,605.19
283500.0,162500.0,103.05411,1.46933,74,58.99,3770.21
290500.0,167500.0,103.11696,1.5146,74,52.67,1966.08
380500.0,143500.0,103.92587,1.29806,74,31.54,15.04
423500.0,142500.0,104.31236,1.28915,74,12.46,22.17
451500.0,184500.0,104.56396,1.66918,74,80.03,184.47
345500.0,138500.0,103.61135,1.25268,74,60.28,1.53
263500.0,186500.0,102.87421,1.68615,74,63.79,23.96
300500.0,153500.0,103.20692,1.38808,74,52.54,3480.21
281500.0,161500.0,103.03615,1.46027,74,58.17,656.06
309500.0,148500.0,103.28781,1.34292,73,136.47,4.04
259500.0,186500.0,102.83827,1.68611,73,157.78,8.61
279500.0,166500.0,103.01814,1.50547,73,56.84,12391.68
362500.0,141500.0,103.76411,1.27989,73,152.72,1.82
403500.0,133500.0,104.13262,1.20768,73,145.7,7.72
443500.0,161500.0,104.49209,1.46108,73,132.86,621.9
452500.0,168500.0,104.57298,1.52443,73,45.5,10.06
342500.0,96500.0,103.58457,0.8728,73,102.79,138.32
394500.0,132500.0,104.05174,1.1986,73,131.38,13.3
441500.0,157500.0,104.47412,1.42489,73,40.71,8.36
318500.0,108500.0,103.36889,0.98123,73,72.83,2431.03
336500.0,114500.0,103.53059,1.03557,73,45.09,3216.89
435500.0,155500.0,104.42019,1.40678,72,40.03,6.08
255500.0,179500.0,102.80241,1.62279,72,59.82,1597.96
255500.0,185500.0,102.80235,1.67703,72,60.93,551.84
331500.0,137500.0,103.48556,1.24357,72,158.67,111.59
300500.0,152500.0,103.20692,1.37903,72,139.98,71.2
290500.0,157500.0,103.11704,1.42417,72,52.7,688.09
309500.0,147500.0,103.28782,1.33388,72,143.64,163.66
308500.0,141500.0,103.27887,1.27961,72,51.18,3128.65
278500.0,169500.0,103.00913,1.53258,72,55.59,4137.01
360500.0,134500.0,103.74617,1.21657,72,11.51,2.6
366500.0,140500.0,103.80006,1.27086,72,118.43,20.02
464500.0,174500.0,104.68085,1.57873,72,51.8,73.22
330500.0,128500.0,103.47662,1.16216,72,172.14,18.54
314500.0,145500.0,103.33276,1.31582,72,110.62,18.74
396500.0,145500.0,104.06967,1.31621,72,98.56,1.31
434500.0,148500.0,104.41122,1.34345,72,129.92,1539.47
305500.0,154500.0,103.25183,1.39715,72,52.22,515.71
322500.0,130500.0,103.40472,1.18021,71,149.52,61.7
298500.0,151500.0,103.18896,1.36998,71,54.23,378.18
287500.0,169500.0,103.08999,1.53266,71,49.77,1457.73
272500.0,175500.0,102.95517,1.58678,71,143.86,368.81
254500.0,180500.0,102.79341,1.63182,71,61.48,170.72
336500.0,131500.0,103.53051,1.18933,71,58.0,9.99
440500.0,159500.0,104.46513,1.44298,71,136.58,190.82
355500.0,138500.0,103.70122,1.25273,71,10.3,31.63
411500.0,136500.0,104.20452,1.23484,71,130.66,13.16
409500.0,140500.0,104.18653,1.27102,71,98.61,432.18
408500.0,144500.0,104.17753,1.3072,71,13.24,5.19
294500.0,155500.0,103.15299,1.40612,70,147.73,56.03
443500.0,158500.0,104.4921,1.43394,70,33.86,30.17
437500.0,153500.0,104.43817,1.38869,70,29.56,32.28
478500.0,200500.0,104.80669,1.81397,70,64.48,29.16
382500.0,132500.0,103.94389,1.19856,70,175.09,3.57
332500.0,127500.0,103.49459,1.15313,70,59.25,4341.87
279500.0,169500.0,103.01812,1.53259,70,147.38,23.25
415500.0,141500.0,104.24045,1.28008,70,10.54,57.26
255500.0,188500.0,102.80232,1.70415,69,68.95,793.95
271500.0,169500.0,102.94624,1.53252,69,52.38,632.05
280500.0,163500.0,103.02715,1.47835,69,148.4,22.94
284500.0,162500.0,103.06309,1.46934,69,147.35,66.41
259500.0,183500.0,102.8383,1.65899,69,58.65,1004.82
456500.0,174500.0,104.60893,1.57872,69,139.4,167.18
252500.0,180500.0,102.77545,1.6318,69,157.02,17.06
321500.0,131500.0,103.39573,1.18925,69,56.63,59.29
256500.0,186500.0,102.81132,1.68608,69,63.19,410.35
457500.0,170500.0,104.61793,1.54253,69,38.19,4.72
386500.0,129500.0,103.97985,1.17144,69,5.74,3.88
285500.0,171500.0,103.07201,1.55073,68,53.62,45.54
334500.0,135500.0,103.51252,1.22549,68,167.33,85.26
353500.0,115500.0,103.68334,1.04469,68,38.71,3.55
267500.0,176500.0,102.91024,1.59578,68,52.76,6684.66
331500.0,136500.0,103.48556,1.23452,68,162.34,63.49
423500.0,140500.0,104.31236,1.27105,68,9.74,5.7
297500.0,154500.0,103.17995,1.3971,68,79.47,2.47
413500.0,141500.0,104.22248,1.28007,68,3.63,11.88
353500.0,144500.0,103.68322,1.30699,68,52.45,2.88
350500.0,117500.0,103.65638,1.06276,68,116.3,1803.24
342500.0,95500.0,103.58457,0.86375,68,103.67,563.37
343500.0,125500.0,103.59344,1.13509,68,164.51,210.88
335500.0,125500.0,103.52156,1.13506,68,119.74,998.62
281500.0,168500.0,103.03609,1.52357,68,54.82,3361.81
410500.0,121500.0,104.19557,1.09914,68,82.38,3.16
317500.0,145500.0,103.35971,1.31584,68,135.3,120.01
482500.0,126500.0,104.8427,1.14448,68,49.16,12231.27
276500.0,165500.0,102.9912,1.4964,67,148.49,51.72
307500.0,142500.0,103.26988,1.28865,67,148.54,96.28
286500.0,161500.0,103.08107,1.46031,67,146.23,45.48
287500.0,160500.0,103.09006,1.45128,67,57.4,2191.84
376500.0,121500.0,103.89,1.09904,67,62.25,2.04
325500.0,137500.0,103.43164,1.24353,67,76.26,943.13
349500.0,114500.0,103.6474,1.03563,67,69.88,6.97
318500.0,139500.0,103.36873,1.26158,67,37.04,32.52
455500.0,173500.0,104.59994,1.56967,67,48.8,28.61
469500.0,208500.0,104.72576,1.88634,67,64.06,36.22
383500.0,130500.0,103.95288,1.18047,67,176.72,4.26
261500.0,176500.0,102.85634,1.59572,66,58.0,511.56
278500.0,165500.0,103.00916,1.49642,66,147.43,338.54
278500.0,166500.0,103.00916,1.50546,66,145.76,215.55
354500.0,115500.0,103.69233,1.04469,66,173.79,1.52
444500.0,159500.0,104.50108,1.44299,66,38.08,115.82
449500.0,166500.0,104.54602,1.50633,66,133.77,174.28
330500.0,129500.0,103.47661,1.17121,66,149.13,3.77
306500.0,143500.0,103.26089,1.29769,66,48.19,1737.89
316500.0,141500.0,103.35075,1.27966,66,52.26,418.03
465500.0,185500.0,104.68983,1.67825,66,50.78,721.97
376500.0,128500.0,103.88998,1.16236,65,130.81,126.09
372500.0,136500.0,103.854,1.23471,65,124.79,1.89
281500.0,164500.0,103.03612,1.4874,65,146.5,136.69
306500.0,148500.0,103.26086,1.3429,65,143.03,415.0
283500.0,165500.0,103.05409,1.49646,65,54.95,2310.39
388500.0,132500.0,103.99781,1.19858,65,24.27,20.74
315500.0,111500.0,103.34192,1.00835,65,103.3,1.79
484500.0,214500.0,104.86063,1.94064,65,75.22,41.61
314500.0,142500.0,103.33278,1.28869,65,53.12,8030.24
449500.0,161500.0,104.54603,1.46109,65,25.18,91.55
408500.0,137500.0,104.17755,1.24387,65,174.5,9079.15
275500.0,166500.0,102.9822,1.50543,64,58.5,6114.84
315500.0,145500.0,103.34174,1.31583,64,135.99,54.41
277500.0,177500.0,103.00008,1.60491,64,53.4,1494.81
448500.0,165500.0,104.53703,1.49728,64,54.25,18.18
451500.0,162500.0,104.564,1.47014,64,29.47,146.86
283500.0,172500.0,103.05403,1.55975,64,48.4,1872.82
267500.0,182500.0,102.91019,1.65003,64,71.41,1419.08
306500.0,151500.0,103.26084,1.37003,64,44.98,809.11
294500.0,154500.0,103.153,1.39708,64,149.42,13.37
393500.0,133500.0,104.04274,1.20764,64,17.46,2.41
442500.0,157500.0,104.48311,1.42489,64,5.03,7.2
350500.0,142500.0,103.65627,1.28888,64,112.23,3.39
400500.0,147500.0,104.10561,1.33431,64,136.12,1.59
306500.0,153500.0,103.26083,1.38812,64,46.76,4327.05
270500.0,181500.0,102.93715,1.64101,63,69.09,1286.8
254500.0,181500.0,102.7934,1.64086,63,57.29,66.55
268500.0,182500.0,102.91917,1.65003,63,61.73,131.52
425500.0,143500.0,104.33033,1.2982,63,33.37,12.11
266500.0,177500.0,102.90125,1.60481,63,54.77,937.5
252500.0,193500.0,102.77531,1.74932,63,153.52,181.94
317500.0,108500.0,103.35991,0.98123,63,160.37,85.42
312500.0,150500.0,103.31476,1.36103,63,45.47,1345.62
293500.0,156500.0,103.144,1.41515,63,147.59,30.42
308500.0,151500.0,103.27881,1.37004,63,47.07,8245.79
288500.0,159500.0,103.09906,1.44224,63,58.27,2894.28
458500.0,175500.0,104.62691,1.58777,63,52.33,54.9
399500.0,136500.0,104.09666,1.2348,63,35.51,20.3
402500.0,133500.0,104.12363,1.20767,63,148.31,13.78
265500.0,185500.0,102.89219,1.67713,63,68.89,435.56
302500.0,151500.0,103.2249,1.37,63,54.79,1219.55
358500.0,122500.0,103.72824,1.10802,63,141.47,2300.47
251500.0,188500.0,102.76638,1.70411,63,67.06,548.67
364500.0,162500.0,103.78199,1.46985,63,32.36,1.87
414500.0,105500.0,104.23155,0.9544,63,135.97,1425.92
356500.0,116500.0,103.71029,1.05374,62,38.71,30.52
269500.0,170500.0,102.92826,1.54155,62,56.74,1870.39
269500.0,177500.0,102.9282,1.60484,62,53.64,7625.13
326500.0,108500.0,103.44077,0.98127,62,179.09,4.14
278500.0,171500.0,103.00911,1.55067,62,53.05,1077.45
399500.0,133500.0,104.09667,1.20766,62,97.08,11.93
445500.0,160500.0,104.51007,1.45204,62,40.97,56.03
282500.0,175500.0,103.04502,1.58687,62,49.81,4457.87
378500.0,125500.0,103.90796,1.13523,62,5.51,1.1
288500.0,170500.0,103.09897,1.54171,62,51.36,575.49
390500.0,135500.0,104.01578,1.22573,62,157.37,7.93
261500.0,187500.0,102.85623,1.69517,62,38.45,2.39
315500.0,141500.0,103.34177,1.27965,62,53.1,1045.0
254500.0,190500.0,102.79331,1.72222,62,64.62,285.59
330500.0,107500.0,103.47671,0.97224,62,13.36,8.11
370500.0,128500.0,103.83606,1.16234,62,31.76,10.51
377500.0,117500.0,103.899,1.06286,62,128.92,13.2
310500.0,147500.0,103.29681,1.33388,61,47.21,1552.82
375500.0,129500.0,103.88099,1.1714,61,142.65,40.55
387500.0,133500.0,103.98882,1.20763,61,98.8,53.84
411500.0,138500.0,104.20451,1.25293,61,43.26,6.84
248500.0,191500.0,102.7394,1.7312,61,63.51,988.65
323500.0,136500.0,103.41368,1.23448,61,65.33,293.14
309500.0,146500.0,103.28783,1.32483,61,143.8,197.07
307500.0,152500.0,103.26982,1.37908,61,137.01,106.63
336500.0,129500.0,103.53052,1.17124,61,28.6,2.85
443500.0,156500.0,104.4921,1.41585,61,35.27,18.9
264500.0,173500.0,102.88332,1.56863,61,57.55,422.44
379500.0,158500.0,103.91682,1.43374,61,165.03,1.79
283500.0,174500.0,103.05401,1.57784,61,48.73,7099.99
362500.0,134500.0,103.76414,1.21658,61,165.03,61.86
266500.0,183500.0,102.90119,1.65906,60,71.66,384.17
395500.0,136500.0,104.06071,1.23479,60,11.14,7.12
273500.0,167500.0,102.96423,1.51446,60,149.18,31.87
276500.0,178500.0,102.99108,1.61394,60,53.24,2774.99
328500.0,138500.0,103.45859,1.25259,60,153.29,2.04
285500.0,161500.0,103.07209,1.46031,60,59.89,468.78
295500.0,154500.0,103.16198,1.39708,60,57.83,2521.77
352500.0,136500.0,103.67427,1.23462,60,152.94,3.26
398500.0,136500.0,104.08767,1.2348,60,8.32,31.76
396500.0,135500.0,104.0697,1.22575,60,5.78,2.16
447500.0,150500.0,104.52807,1.36157,60,6.94,6816.33
471500.0,191500.0,104.74376,1.73254,60,68.55,6.55
251500.0,191500.0,102.76635,1.73123,60,66.58,514.67
298500.0,155500.0,103.18893,1.40615,60,143.33,81.41
391500.0,135500.0,104.02476,1.22573,60,9.78,3.49
466500.0,181500.0,104.69882,1.64206,60,52.33,67.81
277500.0,173500.0,103.00011,1.56874,60,58.07,2843.64
284500.0,164500.0,103.06308,1.48742,60,54.51,8463.13
388500.0,134500.0,103.9978,1.21667,59,8.47,39.28
334500.0,130500.0,103.51255,1.18027,59,6.81,2.96
359500.0,133500.0,103.73719,1.20752,59,115.54,4.53
344500.0,136500.0,103.60238,1.23459,59,81.66,2.42
375500.0,159500.0,103.88087,1.44277,59,132.6,172.55
272500.0,173500.0,102.95519,1.5687,59,144.9,240.9
300500.0,149500.0,103.20694,1.3519,59,152.58,6.08
301500.0,158500.0,103.21587,1.4333,59,59.89,533.0
358500.0,119500.0,103.72826,1.08088,59,39.06,44.92
458500.0,169500.0,104.62692,1.53348,59,121.96,21.37
258500.0,184500.0,102.82931,1.66802,59,58.34,3505.37
281500.0,166500.0,103.03611,1.50548,59,54.86,9957.87
305500.0,148500.0,103.25187,1.34289,59,45.79,117.42
341500.0,125500.0,103.57547,1.13508,59,115.59,53.88
448500.0,161500.0,104.53704,1.46109,59,27.86,164.65
292500.0,167500.0,103.13493,1.51461,59,51.23,8517.66
410500.0,138500.0,104.19552,1.25293,59,7.48,312.75
355500.0,133500.0,103.70124,1.2075,58,94.62,40.21
352500.0,144500.0,103.67423,1.30698,58,74.01,2.72
253500.0,193500.0,102.7843,1.74933,58,154.64,475.92
352500.0,141500.0,103.67425,1.27985,58,38.37,95.59
476500.0,194500.0,104.78871,1.75968,58,64.27,119.01
319500.0,135500.0,103.37774,1.22541,58,48.15,17.78
457500.0,175500.0,104.61792,1.58776,58,45.13,31.98
455500.0,170500.0,104.59995,1.54253,58,50.91,35.24
377500.0,118500.0,103.899,1.07191,58,150.39,2.35
369500.0,134500.0,103.82705,1.21661,58,107.91,1.24
250500.0,195500.0,102.75732,1.76738,58,59.94,6268.45
407500.0,127500.0,104.16859,1.15341,57,105.24,144.93
276500.0,172500.0,102.99114,1.55969,57,55.16,5744.43
253500.0,192500.0,102.78431,1.74029,57,62.58,2190.39
325500.0,140500.0,103.43163,1.27067,57,152.39,7.35
317500.0,140500.0,103.35974,1.27062,57,140.69,8.72
289500.0,168500.0,103.10797,1.52363,57,52.57,999.4
436500.0,156500.0,104.42918,1.41583,57,128.02,1270.25
410500.0,145500.0,104.1955,1.31625,57,172.81,11.92
406500.0,145500.0,104.15955,1.31624,57,175.36,2.63
451500.0,168500.0,104.56399,1.52442,57,48.85,41.41
388500.0,133500.0,103.99781,1.20763,57,16.7,9.28
272500.0,170500.0,102.95522,1.54157,57,56.7,190.51
376500.0,131500.0,103.88997,1.1895,57,18.7,2.38
369500.0,161500.0,103.82693,1.46083,57,41.39,3.72
340500.0,104500.0,103.56657,0.94515,57,13.37,375.93
447500.0,160500.0,104.52805,1.45204,57,37.61,57.8
298500.0,160500.0,103.1889,1.45136,56,140.74,59.55
338500.0,137500.0,103.54846,1.2436,56,52.39,8.92
253500.0,191500.0,102.78432,1.73125,56,154.14,64.27
359500.0,132500.0,103.73719,1.19847,56,137.81,1.5
317500.0,136500.0,103.35977,1.23445,56,7.98,3.79
322500.0,140500.0,103.40467,1.27065,56,49.9,317.55
371500.0,128500.0,103.84505,1.16234,56,34.82,53.93
259500.0,185500.0,102.83828,1.67707,56,75.18,771.83
259500.0,179500.0,102.83834,1.62283,56,57.04,9865.18
275500.0,178500.0,102.9821,1.61393,56,53.18,715.27
404500.0,131500.0,104.14161,1.18959,56,58.19,128.94
407500.0,140500.0,104.16855,1.27101,56,8.45,164.27
321500.0,136500.0,103.39571,1.23447,56,64.11,94.55
329500.0,119500.0,103.46767,1.08076,56,127.31,990.98
304500.0,142500.0,103.24293,1.28863,56,144.85,30.75
276500.0,167500.0,102.99118,1.51448,55,146.22,168.34
257500.0,179500.0,102.82037,1.62281,55,107.57,537.6
257500.0,187500.0,102.82029,1.69513,55,167.4,3.48
252500.0,192500.0,102.77532,1.74028,55,51.68,198.16
269500.0,172500.0,102.92825,1.55963,55,61.31,755.09
322500.0,107500.0,103.40483,0.97221,55,9.19,16.2
280500.0,164500.0,103.02714,1.48739,55,147.47,31.44
341500.0,130500.0,103.57545,1.18031,55,12.96,7.04
402500.0,145500.0,104.1236,1.31623,55,138.94,3.64
446500.0,162500.0,104.51906,1.47013,55,40.24,54.14
453500.0,168500.0,104.58197,1.52443,55,37.31,24.43
297500.0,153500.0,103.17996,1.38805,55,143.99,34.56
383500.0,133500.0,103.95287,1.20761,55,16.0,6.71
387500.0,153500.0,103.98875,1.38854,55,125.05,1.73
429500.0,147500.0,104.36628,1.33439,55,129.9,2337.02
466500.0,182500.0,104.69882,1.65111,55,59.85,19.4
464500.0,178500.0,104.68085,1.61492,55,60.7,38.41
411500.0,112500.0,104.20457,1.01772,55,96.02,62.97
491500.0,255500.0,104.92355,2.31157,55,78.61,232.99
255500.0,181500.0,102.80239,1.64087,54,61.26,1299.69
402500.0,144500.0,104.1236,1.30718,54,130.3,1.45
291500.0,157500.0,103.12602,1.42418,54,55.51,533.44
287500.0,159500.0,103.09007,1.44224,54,58.27,4871.11
296500.0,161500.0,103.17092,1.46039,54,138.3,352.81
284500.0,160500.0,103.06311,1.45126,54,147.79,171.27
452500.0,170500.0,104.57298,1.54252,54,52.49,55.35
462500.0,180500.0,104.66286,1.63301,54,55.42,34.35
481500.0,211500.0,104.83365,1.91349,54,67.91,86.36
308500.0,152500.0,103.2788,1.37909,54,46.06,15442.04
262500.0,182500.0,102.86526,1.64998,54,57.83,1495.89
456500.0,175500.0,104.60893,1.58776,54,148.52,110.94
409500.0,108500.0,104.18661,0.98153,54,161.1,32.83
314500.0,111500.0,103.33294,1.00834,54,163.63,14.87
382500.0,131500.0,103.94389,1.18952,54,38.07,10.83
256500.0,185500.0,102.81133,1.67704,53,60.38,477.2
251500.0,193500.0,102.76633,1.74931,53,147.09,121.56
274500.0,172500.0,102.97317,1.55968,53,49.51,1046.97
337500.0,131500.0,103.5395,1.18933,53,57.72,15.63
453500.0,167500.0,104.58197,1.51538,53,43.06,20.7
476500.0,195500.0,104.78871,1.76873,53,53.58,17.13
387500.0,130500.0,103.98883,1.18049,53,68.85,10.15
396500.0,133500.0,104.06971,1.20765,53,42.82,2.12
302500.0,153500.0,103.22489,1.38809,53,56.96,1202.41
347500.0,126500.0,103.62938,1.14415,53,7.89,20.13
421500.0,142500.0,104.29438,1.28914,53,104.45,100.74
479500.0,204500.0,104.81568,1.85016,53,63.18,235.09
340500.0,137500.0,103.56643,1.24361,53,64.95,9.71
384500.0,130500.0,103.96187,1.18048,53,171.49,3.01
352500.0,115500.0,103.67435,1.04468,52,22.77,149.6
249500.0,184500.0,102.74845,1.66793,52,65.12,455.8
275500.0,181500.0,102.98207,1.64106,52,151.1,83.11
258500.0,176500.0,102.82939,1.59569,52,59.99,5945.04
387500.0,127500.0,103.98884,1.15335,52,159.87,13.68
340500.0,140500.0,103.56641,1.27075,52,26.03,3.22
469500.0,186500.0,104.72579,1.6873,52,54.54,546.72
296500.0,154500.0,103.17097,1.39709,52,48.54,117.88
329500.0,134500.0,103.4676,1.21642,52,166.62,61.19
395500.0,131500.0,104.06073,1.18956,52,105.9,6.67
363500.0,135500.0,103.77312,1.22563,52,142.66,3.0
475500.0,194500.0,104.77972,1.75968,52,159.48,138.38
330500.0,130500.0,103.47661,1.18025,51,164.79,3.32
382500.0,130500.0,103.94389,1.18047,51,5.55,2.65
387500.0,145500.0,103.98878,1.31618,51,58.9,1.51
415500.0,145500.0,104.24044,1.31627,51,131.75,4.16
310500.0,145500.0,103.29682,1.3158,51,52.4,6717.77
286500.0,159500.0,103.08109,1.44223,51,66.57,212.49
282500.0,161500.0,103.04513,1.46028,51,56.16,2209.09
342500.0,130500.0,103.58443,1.18031,51,4.7,15.18
424500.0,148500.0,104.32133,1.34343,51,26.55,14.39
482500.0,212500.0,104.84264,1.92254,51,68.31,144.44
350500.0,114500.0,103.65639,1.03563,51,12.37,16.2
320500.0,131500.0,103.38675,1.18925,51,145.61,98.39
368500.0,127500.0,103.81809,1.15328,51,29.56,97.52
304500.0,104500.0,103.24313,0.945,51,31.43,1302.17
313500.0,111500.0,103.32395,1.00834,51,154.97,2.13
291500.0,167500.0,103.12595,1.51461,51,51.37,1800.0
361500.0,136500.0,103.75515,1.23466,51,34.31,8.37
366500.0,126500.0,103.80012,1.14423,51,27.3,56.75
456500.0,176500.0,104.60893,1.59681,51,73.32,31.58
398500.0,135500.0,104.08768,1.22575,51,6.85,4.49
314500.0,110500.0,103.33294,0.9993,51,155.77,9.83
313500.0,112500.0,103.32395,1.01738,50,99.83,1.65
387500.0,134500.0,103.98882,1.21667,50,9.12,22.25
377500.0,119500.0,103.899,1.08095,50,46.29,3.0
376500.0,130500.0,103.88997,1.18045,50,170.97,25.72
257500.0,184500.0,102.82032,1.66801,50,152.02,7.26
271500.0,171500.0,102.94622,1.55061,50,60.45,268.55
285500.0,160500.0,103.07209,1.45126,50,148.39,71.99
297500.0,161500.0,103.1799,1.4604,50,53.79,355.74
338500.0,131500.0,103.54849,1.18934,50,26.18,14.44
412500.0,118500.0,104.21355,1.072,50,120.31,2.08
455500.0,166500.0,104.59996,1.50634,50,30.77,25.77
475500.0,192500.0,104.77972,1.74159,50,51.88,17.59
448500.0,166500.0,104.53703,1.50632,50,47.36,7.07
489500.0,166500.0,104.90561,1.50637,50,12.74,2.57
484500.0,213500.0,104.86063,1.93159,50,76.19,33.41
334500.0,122500.0,103.51259,1.10792,50,8.34,18.6
255500.0,186500.0,102.80234,1.68607,50,63.14,451.2
291500.0,160500.0,103.126,1.45131,50,54.35,2116.37
389500.0,158500.0,104.00671,1.43378,50,70.57,5.79
478500.0,201500.0,104.80669,1.82302,50,63.6,9.8
337500.0,124500.0,103.53953,1.12602,50,32.27,36.13
454500.0,174500.0,104.59095,1.57871,50,61.91,234.34
311500.0,142500.0,103.30582,1.28867,50,139.38,15.13
370500.0,163500.0,103.83591,1.47893,50,177.11,17.49
330500.0,118500.0,103.47666,1.07172,50,127.11,1219.54
408500.0,140500.0,104.17754,1.27101,50,67.49,12.06
332500.0,123500.0,103.49461,1.11695,49,56.67,1326.23
292500.0,157500.0,103.13501,1.42419,49,55.46,5173.39
270500.0,169500.0,102.93726,1.53252,49,56.24,1274.42
316500.0,144500.0,103.35073,1.30679,49,136.36,22.42
303500.0,150500.0,103.23389,1.36097,49,142.16,1056.44
376500.0,120500.0,103.89001,1.08999,49,104.75,22.19
464500.0,175500.0,104.68085,1.58777,49,44.64,53.26
451500.0,167500.0,104.564,1.51538,49,44.88,11.31
338500.0,130500.0,103.54849,1.18029,49,36.14,3.55
322500.0,129500.0,103.40473,1.17117,49,56.12,6262.72
348500.0,129500.0,103.63835,1.17129,49,126.16,16.78
341500.0,136500.0,103.57542,1.23457,49,105.36,2.49
338500.0,138500.0,103.54845,1.25265,49,68.17,3.75
432500.0,139500.0,104.39326,1.26203,49,31.39,5.67
493500.0,237500.0,104.94155,2.14873,49,74.94,295.53
318500.0,133500.0,103.36877,1.20732,49,152.19,7.53
265500.0,171500.0,102.89232,1.55055,49,54.41,496.32
313500.0,142500.0,103.32379,1.28868,49,52.06,16960.6
459500.0,178500.0,104.6359,1.61491,49,146.02,150.28
290500.0,168500.0,103.11696,1.52364,49,51.21,1086.11
372500.0,135500.0,103.85401,1.22566,48,171.51,3.6
413500.0,106500.0,104.22256,0.96345,48,134.82,1690.11
406500.0,119500.0,104.15962,1.08104,48,13.96,8.92
267500.0,201500.0,102.91,1.82181,48,121.52,1.3
299500.0,150500.0,103.19795,1.36094,48,52.84,1815.93
323500.0,142500.0,103.41364,1.28874,48,149.6,2.23
324500.0,139500.0,103.42265,1.26162,48,156.13,10.85
359500.0,136500.0,103.73717,1.23465,48,150.03,1.44
373500.0,160500.0,103.86289,1.4518,48,137.29,27.89
382500.0,155500.0,103.9438,1.40661,48,144.69,8.52
445500.0,163500.0,104.51007,1.47918,48,43.76,38.25
456500.0,166500.0,104.60895,1.50634,48,30.43,22.61
472500.0,193500.0,104.75275,1.75063,48,55.85,18.12
263500.0,174500.0,102.87432,1.57766,48,146.65,61.42
253500.0,180500.0,102.78443,1.63181,48,63.3,1211.94
296500.0,162500.0,103.17091,1.46943,48,49.14,1399.52
321500.0,142500.0,103.39567,1.28873,48,122.19,1.72
379500.0,124500.0,103.91695,1.12619,48,125.27,187.84
385500.0,127500.0,103.97087,1.15334,48,27.09,2.7
456500.0,168500.0,104.60894,1.52443,48,34.89,16.89
279500.0,168500.0,103.01812,1.52355,48,54.19,6717.85
341500.0,102500.0,103.57556,0.92706,48,7.63,57.55
369500.0,128500.0,103.82707,1.16233,48,32.54,27.84
389500.0,134500.0,104.00679,1.21668,48,10.78,8.0
287500.0,162500.0,103.09005,1.46936,47,55.46,14002.12
437500.0,151500.0,104.43818,1.3706,47,38.59,22.77
276500.0,170500.0,102.99115,1.54161,47,55.22,6005.5
328500.0,137500.0,103.4586,1.24355,47,159.97,8.66
280500.0,165500.0,103.02713,1.49643,47,146.48,252.35
339500.0,131500.0,103.55747,1.18934,47,9.26,2.8
471500.0,190500.0,104.74376,1.72349,47,56.8,76.11
420500.0,139500.0,104.2854,1.262,47,103.48,908.43
380500.0,131500.0,103.92592,1.18951,47,165.13,2.99
421500.0,143500.0,104.29438,1.29819,47,25.01,5.35
265500.0,175500.0,102.89228,1.58672,47,57.02,13363.56
488500.0,225500.0,104.89659,2.04016,47,66.44,396.37
295500.0,163500.0,103.16192,1.47847,47,51.16,1400.44
289500.0,169500.0,103.10796,1.53267,47,49.63,978.18
317500.0,146500.0,103.35971,1.32488,47,141.27,24.76
411500.0,128500.0,104.20454,1.16247,47,18.26,33.23
310500.0,148500.0,103.2968,1.34293,46,47.47,988.02
247500.0,192500.0,102.7304,1.74023,46,31.79,35.92
299500.0,160500.0,103.19788,1.45137,46,48.5,7267.84
376500.0,119500.0,103.89001,1.08095,46,109.1,4.17
390500.0,151500.0,104.01572,1.37046,46,35.48,6.77
450500.0,165500.0,104.55501,1.49728,46,44.2,92.58
481500.0,212500.0,104.83365,1.92254,46,70.99,85.37
426500.0,148500.0,104.33931,1.34343,46,133.55,379.65
456500.0,167500.0,104.60894,1.51539,46,19.2,18.84
464500.0,179500.0,104.68084,1.62396,46,55.14,23.27
487500.0,251500.0,104.88758,2.27538,46,61.58,186.1
378500.0,116500.0,103.90799,1.05382,46,74.21,3.81
281500.0,173500.0,103.03605,1.56878,46,50.0,2818.26
341500.0,124500.0,103.57547,1.12604,46,62.51,31.2
457500.0,169500.0,104.61793,1.53348,46,27.08,4.25
455500.0,174500.0,104.59994,1.57871,46,141.81,499.3
380500.0,129500.0,103.92592,1.17142,46,25.49,1.67
286500.0,165500.0,103.08104,1.49648,46,114.2,4.58
343500.0,135500.0,103.5934,1.22554,46,104.23,2.75
305500.0,141500.0,103.25192,1.27959,46,52.23,66662.51
290500.0,158500.0,103.11703,1.43322,45,148.54,27.18
375500.0,130500.0,103.88099,1.18045,45,2.83,11.37
377500.0,129500.0,103.89896,1.17141,45,148.04,5.81
389500.0,152500.0,104.00673,1.3795,45,89.31,99.94
265500.0,173500.0,102.8923,1.56864,45,56.8,1563.16
275500.0,167500.0,102.98219,1.51448,45,56.33,1624.05
326500.0,137500.0,103.44063,1.24354,45,164.27,26.92
358500.0,136500.0,103.72819,1.23465,45,54.97,5.72
366500.0,132500.0,103.8001,1.1985,45,19.33,2.71
362500.0,122500.0,103.76419,1.10804,45,95.14,5.34
450500.0,166500.0,104.55501,1.50633,45,59.39,2.83
457500.0,167500.0,104.61793,1.51539,45,17.71,24.99
296500.0,153500.0,103.17098,1.38805,45,58.37,3028.82
495500.0,244500.0,104.95953,2.21206,45,75.25,531.99
414500.0,145500.0,104.23145,1.31626,45,166.54,8.74
260500.0,178500.0,102.84733,1.61379,45,59.82,705.3
454500.0,168500.0,104.59096,1.52443,45,35.21,39.89
464500.0,180500.0,104.68084,1.63301,45,51.23,32.17
294500.0,164500.0,103.15293,1.4875,45,142.11,12.09
453500.0,172500.0,104.58197,1.56062,45,65.92,19.08
493500.0,176500.0,104.94156,1.59685,45,178.65,5771.6
401500.0,135500.0,104.11464,1.22576,45,15.17,17.33
335500.0,136500.0,103.5215,1.23454,45,10.42,97.6
409500.0,144500.0,104.18652,1.3072,45,6.74,14.39
247500.0,183500.0,102.7305,1.65887,44,63.03,969.62
373500.0,129500.0,103.86302,1.17139,44,24.6,73.0
360500.0,143500.0,103.74613,1.29797,44,34.53,5.37
255500.0,178500.0,102.80242,1.61375,44,61.41,4775.02
275500.0,173500.0,102.98214,1.56873,44,56.3,928.69
256500.0,176500.0,102.81142,1.59567,44,145.64,2721.55
292500.0,154500.0,103.13503,1.39706,44,148.74,161.98
446500.0,150500.0,104.51908,1.36157,44,4.88,1760.06
479500.0,164500.0,104.81571,1.48827,44,93.39,1662.12
449500.0,164500.0,104.54602,1.48823,44,39.96,29.83
273500.0,169500.0,102.96421,1.53254,44,54.01,1272.91
474500.0,169500.0,104.77076,1.5335,44,0.36,44.51
346500.0,138500.0,103.62034,1.25269,44,48.83,2.32
413500.0,144500.0,104.22247,1.30721,44,11.49,160.33
328500.0,107500.0,103.45874,0.97223,44,5.14,54.42
472500.0,178500.0,104.75277,1.61493,44,30.84,137.32
460500.0,230500.0,104.64479,2.08536,44,66.53,327.02
316500.0,134500.0,103.35079,1.21635,44,64.5,77.25
483500.0,209500.0,104.85164,1.8954,44,68.84,103.61
267500.0,186500.0,102.91015,1.68619,44,67.44,10104.95
307500.0,128500.0,103.26996,1.16204,44,122.12,992.07
410500.0,136500.0,104.19553,1.23483,44,155.28,5.8
328500.0,134500.0,103.45861,1.21642,43,165.89,123.06
354500.0,116500.0,103.69232,1.05373,43,35.98,29.56
406500.0,109500.0,104.15964,0.99057,43,143.33,9.93
407500.0,126500.0,104.16859,1.14436,43,103.56,16.08
256500.0,177500.0,102.81141,1.60472,43,60.67,75.32
259500.0,182500.0,102.83831,1.64995,43,53.85,5268.54
325500.0,107500.0,103.43179,0.97222,43,10.31,12.96
316500.0,133500.0,103.3508,1.20731,43,154.2,36.42
290500.0,155500.0,103.11705,1.40609,43,149.98,10043.82
304500.0,149500.0,103.24288,1.35193,43,48.98,1336.83
383500.0,134500.0,103.95287,1.21666,43,26.21,202.91
449500.0,162500.0,104.54603,1.47014,43,33.99,210.94
459500.0,176500.0,104.6359,1.59681,43,48.8,66.4
481500.0,209500.0,104.83366,1.8954,43,61.43,38.71
258500.0,183500.0,102.82932,1.65898,43,56.23,775.65
263500.0,184500.0,102.87423,1.66807,43,75.99,481.57
279500.0,170500.0,103.01811,1.54163,43,51.38,7466.29
320500.0,137500.0,103.38672,1.24351,43,59.26,685.99
315500.0,135500.0,103.3418,1.22539,43,50.35,601.95
389500.0,159500.0,104.0067,1.44283,43,72.36,5.33
473500.0,193500.0,104.76174,1.75063,43,58.93,25.95
397500.0,152500.0,104.07863,1.37953,43,83.9,11.46
283500.0,160500.0,103.05413,1.45125,43,16.84,251.16
354500.0,142500.0,103.69221,1.2889,43,40.24,3.93
409500.0,130500.0,104.18656,1.18055,43,136.36,96.67
413500.0,131500.0,104.2225,1.18961,43,155.96,1975.98
274500.0,166500.0,102.97322,1.50543,42,59.68,1784.47
269500.0,171500.0,102.92825,1.55059,42,57.61,232.66
293500.0,154500.0,103.14401,1.39707,42,147.71,13.13
383500.0,144500.0,103.95283,1.30711,42,17.3,2.57
406500.0,144500.0,104.15955,1.30719,42,4.19,6.48
457500.0,174500.0,104.61792,1.57872,42,54.2,26.64
348500.0,139500.0,103.63831,1.26174,42,173.71,3.21
264500.0,186500.0,102.88319,1.68616,42,70.32,516.11
312500.0,146500.0,103.31478,1.32485,42,49.08,419.29
304500.0,153500.0,103.24286,1.3881,42,47.65,412.83
459500.0,170500.0,104.63591,1.54253,42,32.76,21.21
281500.0,176500.0,103.03603,1.5959,42,86.09,42.88
344500.0,125500.0,103.60243,1.1351,42,22.69,185.79
266500.0,170500.0,102.90131,1.54152,42,148.03,39.29
354500.0,119500.0,103.69231,1.08087,42,108.24,558.23
445500.0,184500.0,104.51002,1.66916,42,16.99,3742.86
255500.0,184500.0,102.80236,1.66799,42,151.33,33.22
333500.0,117500.0,103.50362,1.06269,42,60.58,462.69
306500.0,127500.0,103.26098,1.153,42,132.34,4147.12
410500.0,144500.0,104.1955,1.3072,42,164.46,33.83
264500.0,178500.0,102.88327,1.61383,41,57.61,7635.95
273500.0,173500.0,102.96417,1.56871,41,143.81,594.32
315500.0,108500.0,103.34194,0.98122,41,113.63,2214.87
325500.0,109500.0,103.43178,0.99031,41,135.91,2.83
360500.0,136500.0,103.74616,1.23466,41,21.04,3.23
454500.0,165500.0,104.59097,1.49729,41,35.99,66.91
448500.0,163500.0,104.53703,1.47918,41,51.99,23.38
479500.0,205500.0,104.81568,1.85921,41,61.93,175.82
332500.0,131500.0,103.49457,1.18931,41,162.2,3.74
307500.0,150500.0,103.26983,1.36099,41,48.02,580.98
317500.0,139500.0,103.35975,1.26158,41,48.12,183967.71
380500.0,130500.0,103.92592,1.18046,41,153.84,1.82
363500.0,124500.0,103.77317,1.12613,41,45.71,17.9
381500.0,128500.0,103.93491,1.16238,41,27.34,1.64
411500.0,111500.0,104.20458,1.00868,41,92.19,150.3
262500.0,177500.0,102.86531,1.60477,41,57.06,2561.18
458500.0,170500.0,104.62692,1.54253,41,30.08,43.9
470500.0,193500.0,104.73477,1.75063,41,57.2,554.74
497500.0,206500.0,104.97752,1.86826,41,65.64,3273.46
283500.0,167500.0,103.05407,1.51454,41,46.42,85.63
400500.0,134500.0,104.10565,1.21671,41,171.21,15.66
263500.0,197500.0,102.8741,1.7856,41,84.15,4.46
268500.0,203500.0,102.91896,1.8399,41,166.37,2062.96
332500.0,118500.0,103.49463,1.07173,41,44.59,2714.76
410500.0,135500.0,104.19553,1.22579,41,150.72,232.09
386500.0,127500.0,103.97985,1.15335,40,163.4,2.01
345500.0,139500.0,103.61135,1.26173,40,34.08,4.89
407500.0,109500.0,104.16863,0.99057,40,161.65,32.54
249500.0,190500.0,102.74839,1.72217,40,58.62,263.21
260500.0,174500.0,102.84737,1.57763,40,146.96,370.05
321500.0,107500.0,103.39585,0.9722,40,5.0,4.67
436500.0,153500.0,104.42918,1.38869,40,41.26,78.39
444500.0,157500.0,104.50109,1.42489,40,30.9,46.66
475500.0,193500.0,104.77972,1.75064,40,57.72,43.98
445500.0,159500.0,104.51007,1.44299,40,32.07,3.75
417500.0,149500.0,104.25841,1.35246,40,1.33,3.2
269500.0,169500.0,102.92827,1.53251,40,57.14,2675.7
314500.0,136500.0,103.33281,1.23443,40,145.66,111.67
442500.0,169500.0,104.48309,1.53345,40,85.73,807.77
483500.0,210500.0,104.85164,1.90445,40,64.9,28.47
500500.0,259500.0,105.0045,2.34776,40,166.56,518.04
354500.0,141500.0,103.69222,1.27986,40,54.49,11.69
433500.0,147500.0,104.40223,1.3344,40,132.95,1907.13
332500.0,106500.0,103.49468,0.9632,40,75.19,248.38
485500.0,245500.0,104.86959,2.2211,40,163.48,2780.86
432500.0,146500.0,104.39324,1.32535,40,133.17,4362.83
479500.0,196500.0,104.81568,1.77778,40,71.34,7.68
484500.0,212500.0,104.86063,1.92254,40,70.27,93.33
477500.0,199500.0,104.7977,1.80492,40,58.26,11.22
313500.0,110500.0,103.32396,0.9993,40,153.7,20.49
339500.0,142500.0,103.55742,1.28883,40,95.58,252.32
397500.0,135500.0,104.07869,1.22575,40,33.14,23.43
468500.0,188500.0,104.71679,1.70539,40,123.82,23.4
450500.0,173500.0,104.55499,1.56966,40,81.21,451.36
442500.0,177500.0,104.48307,1.60583,40,2.91,2630.05
383500.0,111500.0,103.95294,1.0086,39,85.78,4.27
355500.0,116500.0,103.70131,1.05374,39,47.72,15.59
374500.0,159500.0,103.87188,1.44276,39,132.29,192.85
361500.0,144500.0,103.75511,1.30702,39,134.27,1.48
257500.0,176500.0,102.8204,1.59568,39,61.39,2571.85
255500.0,180500.0,102.8024,1.63183,39,59.33,1942.53
359500.0,134500.0,103.73718,1.21656,39,35.78,1.97
388500.0,129500.0,103.99782,1.17145,39,35.52,6.1
369500.0,162500.0,103.82693,1.46988,39,168.7,3.91
424500.0,147500.0,104.32133,1.33438,39,26.07,33.95
460500.0,177500.0,104.64489,1.60586,39,43.44,114.26
470500.0,188500.0,104.73478,1.7054,39,60.83,29.58
495500.0,260500.0,104.95953,2.35681,39,42.18,15.85
329500.0,137500.0,103.46758,1.24356,39,164.61,41.29
381500.0,111500.0,103.93497,1.0086,39,154.95,3.85
274500.0,168500.0,102.9732,1.52351,39,59.58,671.35
304500.0,152500.0,103.24286,1.37906,39,51.77,3910.49
338500.0,139500.0,103.54845,1.26169,39,84.56,279.74
451500.0,165500.0,104.564,1.49728,39,39.47,128.84
456500.0,170500.0,104.60894,1.54253,39,39.84,44.39
461500.0,171500.0,104.65389,1.55158,39,25.49,20.55
390500.0,134500.0,104.01578,1.21668,39,22.79,20.01
488500.0,224500.0,104.89659,2.03111,39,67.3,386.36
367500.0,127500.0,103.8091,1.15328,39,27.66,161.42
313500.0,133500.0,103.32384,1.20729,39,168.02,57.63
410500.0,108500.0,104.1956,0.98154,39,158.17,64.75
292500.0,166500.0,103.13494,1.50557,39,52.95,20240.17
472500.0,218500.0,104.75272,1.97681,39,156.08,1.38
311500.0,136500.0,103.30586,1.23441,39,154.76,448.93
501500.0,261500.0,105.01349,2.36586,39,69.73,106.27
500500.0,251500.0,105.0045,2.27539,39,71.25,95.74
412500.0,130500.0,104.21352,1.18056,39,154.42,2527.53
328500.0,139500.0,103.45859,1.26164,38,136.57,5.02
329500.0,138500.0,103.46758,1.2526,38,155.68,8.71
351500.0,156500.0,103.66518,1.41552,38,28.16,2.46
296500.0,156500.0,103.17096,1.41518,38,145.71,125.06
318500.0,138500.0,103.36874,1.25254,38,135.85,33.35
438500.0,158500.0,104.44715,1.43393,38,135.34,940.38
435500.0,149500.0,104.4202,1.3525,38,129.82,1524.27
403500.0,144500.0,104.13259,1.30718,38,176.89,9.72
467500.0,182500.0,104.70781,1.65111,38,51.77,124.49
406500.0,130500.0,104.15959,1.18054,38,114.18,18.17
333500.0,106500.0,103.50367,0.96321,38,54.39,45.0
250500.0,192500.0,102.75735,1.74026,38,69.87,3109.88
257500.0,185500.0,102.82031,1.67705,38,60.3,256.38
431500.0,152500.0,104.38424,1.37963,38,129.51,587.29
454500.0,172500.0,104.59096,1.56062,38,51.86,83.22
389500.0,135500.0,104.00679,1.22572,38,24.27,2.56
408500.0,125500.0,104.17758,1.13532,38,99.08,2.09
308500.0,128500.0,103.27895,1.16205,38,114.47,2906.79
346500.0,147500.0,103.6203,1.33409,38,156.69,5381.89
325500.0,108500.0,103.43178,0.98126,37,16.51,2.26
297500.0,160500.0,103.17991,1.45135,37,141.16,186.47
325500.0,141500.0,103.43162,1.27971,37,28.65,2.04
380500.0,127500.0,103.92593,1.15333,37,94.63,2.47
453500.0,165500.0,104.58198,1.49729,37,35.98,291.74
453500.0,170500.0,104.58197,1.54252,37,51.72,32.36
470500.0,191500.0,104.73477,1.73254,37,62.48,60.0
472500.0,191500.0,104.75275,1.73254,37,60.33,8.9
274500.0,169500.0,102.97319,1.53255,37,55.02,5049.02
305500.0,151500.0,103.25185,1.37002,37,56.04,2130.98
472500.0,190500.0,104.75275,1.72349,37,67.07,18.53
466500.0,180500.0,104.69882,1.63301,37,68.18,6.05
384500.0,132500.0,103.96186,1.19857,37,6.75,86.65
331500.0,107500.0,103.48569,0.97224,37,80.85,1954.49
346500.0,136500.0,103.62035,1.2346,37,131.13,4.46
463500.0,179500.0,104.67185,1.62396,37,46.31,57.62
461500.0,180500.0,104.65387,1.63301,37,124.54,171.09
488500.0,226500.0,104.89659,2.0492,37,67.72,183.28
466500.0,242500.0,104.69873,2.19393,37,75.18,34.79
249500.0,181500.0,102.74849,1.64081,37,64.24,2210.08
272500.0,180500.0,102.95513,1.63199,37,59.95,1053.39
318500.0,143500.0,103.36871,1.29776,37,127.32,13.77
287500.0,172500.0,103.08997,1.55979,37,141.6,1251.18
408500.0,108500.0,104.17762,0.98153,37,164.75,20.24
312500.0,124500.0,103.31491,1.1259,37,68.04,59.0
499500.0,288500.0,104.9955,2.61013,37,81.95,14767.45
481500.0,127500.0,104.83371,1.15353,37,21.28,4089.18
414500.0,138500.0,104.23147,1.25294,36,8.85,1222.51
248500.0,190500.0,102.73941,1.72216,36,59.67,327.43
324500.0,108500.0,103.4228,0.98126,36,80.47,266.59
311500.0,150500.0,103.30577,1.36102,36,130.36,176.67
290500.0,161500.0,103.11701,1.46034,36,53.7,1468.41
321500.0,143500.0,103.39567,1.29778,36,145.39,3.95
360500.0,129500.0,103.74619,1.17134,36,62.46,2.1
429500.0,150500.0,104.36627,1.36153,36,39.29,45.51
443500.0,185500.0,104.49204,1.67821,36,86.99,1612.23
463500.0,173500.0,104.67186,1.56968,36,46.19,41.72
472500.0,194500.0,104.75275,1.75968,36,60.37,118.12
484500.0,223500.0,104.86062,2.02206,36,75.51,802.45
276500.0,181500.0,102.99106,1.64107,36,144.87,101.85
405500.0,116500.0,104.15064,1.05389,36,56.83,3.28
309500.0,151500.0,103.28779,1.37005,36,47.26,5787.16
403500.0,143500.0,104.13259,1.29814,36,41.75,2.68
455500.0,169500.0,104.59995,1.53348,36,45.92,24.91
481500.0,204500.0,104.83366,1.85016,36,49.89,9.73
485500.0,209500.0,104.86962,1.8954,36,63.68,12.04
324500.0,132500.0,103.42268,1.19831,36,62.48,38.45
312500.0,111500.0,103.31497,1.00834,36,18.13,1.87
263500.0,176500.0,102.87431,1.59574,36,50.63,185.17
278500.0,180500.0,103.00904,1.63204,36,145.0,6292.43
334500.0,129500.0,103.51255,1.17123,36,150.79,3.72
461500.0,229500.0,104.65379,2.07631,36,163.54,1582.04
270500.0,172500.0,102.93723,1.55964,36,57.13,23176.1
258500.0,186500.0,102.82929,1.6861,36,73.21,597.97
472500.0,168500.0,104.75278,1.52445,36,20.01,26.61
319500.0,107500.0,103.37788,0.97219,36,161.89,118.29
418500.0,147500.0,104.2674,1.33437,36,156.43,2.33
326500.0,107500.0,103.44077,0.97222,36,6.96,45.27
315500.0,109500.0,103.34193,0.99026,36,72.25,858.3
334500.0,132500.0,103.51254,1.19836,36,98.41,404.94
326500.0,131500.0,103.44066,1.18928,35,145.75,107.77
299500.0,158500.0,103.1979,1.43328,35,138.14,46.71
393500.0,135500.0,104.04274,1.22574,35,112.55,177.15
254500.0,179500.0,102.79342,1.62278,35,60.25,3269.68
254500.0,192500.0,102.79329,1.7403,35,153.66,106.49
268500.0,202500.0,102.91897,1.83086,35,34.13,4.51
311500.0,147500.0,103.30579,1.33389,35,48.86,1040.49
295500.0,162500.0,103.16193,1.46942,35,48.91,3491.27
289500.0,159500.0,103.10804,1.44225,35,57.31,2599.24
277500.0,166500.0,103.00017,1.50545,35,148.06,55.51
411500.0,117500.0,104.20456,1.06296,35,130.84,7.72
450500.0,163500.0,104.55501,1.47919,35,128.95,427.13
452500.0,182500.0,104.57296,1.65108,35,94.38,24.65
483500.0,223500.0,104.85163,2.02206,35,161.12,1231.86
490500.0,241500.0,104.91456,2.18491,35,75.32,11.88
481500.0,261500.0,104.8336,2.36585,35,176.53,3252.77
342500.0,111500.0,103.58451,1.00846,35,101.22,1179.9
439500.0,155500.0,104.45615,1.40679,35,136.36,1987.74
485500.0,213500.0,104.86962,1.93159,35,154.93,388.45
380500.0,122500.0,103.92595,1.1081,35,68.15,5.72
330500.0,131500.0,103.4766,1.1893,35,87.61,16494.83
307500.0,153500.0,103.26981,1.38812,35,45.23,4234.05
425500.0,147500.0,104.33032,1.33438,35,126.46,349.02
465500.0,180500.0,104.68983,1.63301,35,55.89,76.54
383500.0,132500.0,103.95287,1.19857,35,100.15,947.57
347500.0,125500.0,103.62939,1.13511,35,40.41,7.48
298500.0,161500.0,103.18889,1.4604,35,132.23,58.29
362500.0,136500.0,103.76413,1.23467,35,139.86,2.51
463500.0,175500.0,104.67186,1.58777,35,25.99,44.29
389500.0,144500.0,104.00676,1.30714,35,158.92,10.74
481500.0,213500.0,104.83365,1.93159,35,73.72,4923.39
271500.0,164500.0,102.94628,1.48732,35,56.19,732.42
290500.0,169500.0,103.11695,1.53268,35,55.13,2447.64
475500.0,175500.0,104.77974,1.58779,35,34.84,34.51
435500.0,138500.0,104.42023,1.25299,35,109.48,13000.24
491500.0,189500.0,104.92358,1.71446,35,110.37,64198.64
277500.0,167500.0,103.00016,1.51449,34,57.28,5346.52
364500.0,141500.0,103.78209,1.2799,34,22.12,2.18
315500.0,110500.0,103.34193,0.99931,34,172.28,7.63
324500.0,107500.0,103.4228,0.97221,34,46.95,21.23
314500.0,148500.0,103.33274,1.34295,34,43.09,945.8
457500.0,166500.0,104.61793,1.50634,34,50.44,7.81
455500.0,182500.0,104.59993,1.65109,34,83.83,12.93
297500.0,156500.0,103.17994,1.41518,34,59.55,711.35
384500.0,154500.0,103.96178,1.39758,34,8.4,30.61
262500.0,184500.0,102.86525,1.66806,34,74.55,826.68
415500.0,133500.0,104.24047,1.20771,34,163.95,339.78
319500.0,131500.0,103.37776,1.18924,34,146.31,10.33
310500.0,151500.0,103.29678,1.37006,34,122.61,189.44
280500.0,177500.0,103.02703,1.60494,34,44.3,128.6
377500.0,131500.0,103.89896,1.1895,34,139.59,4.67
338500.0,136500.0,103.54846,1.23456,34,60.18,3.35
482500.0,211500.0,104.84264,1.91349,34,68.53,365.88
338500.0,129500.0,103.5485,1.17125,34,19.19,11.32
412500.0,145500.0,104.21348,1.31626,34,11.84,19.21
357500.0,121500.0,103.71926,1.09897,34,130.46,866.84
404500.0,119500.0,104.14165,1.08103,34,1.57,2.84
478500.0,203500.0,104.80669,1.84111,34,62.31,68.47
489500.0,217500.0,104.90558,1.96778,34,151.3,1585.23
471500.0,188500.0,104.74377,1.7054,34,52.63,15.43
455500.0,208500.0,104.59988,1.88631,34,167.42,1111.61
489500.0,224500.0,104.90558,2.03111,34,71.04,39.98
337500.0,140500.0,103.53946,1.27073,34,53.46,3.47
412500.0,107500.0,104.21357,0.97249,34,133.15,55.84
483500.0,219500.0,104.85163,1.98587,34,75.25,49.65
275500.0,168500.0,102.98219,1.52352,33,55.08,3780.13
374500.0,129500.0,103.872,1.1714,33,16.42,4.19
323500.0,129500.0,103.41371,1.17117,33,145.39,62.31
370500.0,161500.0,103.83592,1.46083,33,60.8,2.43
458500.0,176500.0,104.62691,1.59681,33,138.92,2971.08
247500.0,189500.0,102.73044,1.71311,33,64.65,565.93
326500.0,127500.0,103.44068,1.1531,33,147.12,494.71
307500.0,147500.0,103.26985,1.33386,33,142.33,1367.46
284500.0,171500.0,103.06302,1.55072,33,57.06,100.74
382500.0,111500.0,103.94395,1.0086,33,159.74,20.46
271500.0,168500.0,102.94625,1.52348,33,53.44,857.75
429500.0,154500.0,104.36626,1.39772,33,168.02,994.38
458500.0,186500.0,104.62689,1.68728,33,98.35,2.72
484500.0,208500.0,104.86063,1.88635,33,69.97,13.42
251500.0,183500.0,102.76643,1.65891,33,62.96,2260.56
280500.0,174500.0,103.02706,1.57781,33,49.95,3513.0
334500.0,104500.0,103.51266,0.94512,33,130.5,16.4
341500.0,97500.0,103.57558,0.88184,33,104.07,3005.91
339500.0,136500.0,103.55745,1.23456,33,80.23,5.3
411500.0,137500.0,104.20451,1.24388,33,3.32,6219.09
496500.0,244500.0,104.96852,2.21206,33,66.44,749.82
253500.0,179500.0,102.78444,1.62277,33,61.18,5155.84
335500.0,137500.0,103.5215,1.24359,33,178.65,137.22
413500.0,105500.0,104.22256,0.9544,33,135.83,16.11
448500.0,184500.0,104.53699,1.66917,33,89.89,2489.89
447500.0,202500.0,104.52796,1.83201,33,163.98,12989.77
459500.0,229500.0,104.6358,2.07631,33,160.45,4384.37
500500.0,170500.0,105.00449,1.54256,33,3.76,128.15
410500.0,130500.0,104.19554,1.18056,33,41.19,1445.68
494500.0,250500.0,104.95053,2.26634,33,70.7,1044.9
502500.0,262500.0,105.02249,2.37491,33,70.2,42.17
333500.0,118500.0,103.50362,1.07174,33,43.27,18801.9
454500.0,193500.0,104.59092,1.7506,33,162.73,314.12
458500.0,208500.0,104.62685,1.88632,33,173.37,638.66
392500.0,148500.0,104.03371,1.34333,33,81.43,3.44
293500.0,164500.0,103.14394,1.48749,32,139.55,117.52
292500.0,165500.0,103.13495,1.49653,32,53.73,1512.73
257500.0,186500.0,102.8203,1.68609,32,67.61,1425.62
270500.0,171500.0,102.93724,1.5506,32,152.34,35.01
326500.0,139500.0,103.44062,1.26163,32,157.49,24.47
445500.0,150500.0,104.51009,1.36157,32,6.88,15530.37
451500.0,186500.0,104.56396,1.68727,32,171.55,1258.84
458500.0,168500.0,104.62692,1.52444,32,50.28,9.93
480500.0,207500.0,104.82467,1.8773,32,67.4,385.59
483500.0,197500.0,104.85165,1.78683,32,57.17,11.72
474500.0,224500.0,104.7707,2.0311,32,77.9,566.97
486500.0,223500.0,104.8786,2.02206,32,67.02,78.4
499500.0,259500.0,104.9955,2.34776,32,84.82,12.77
461500.0,178500.0,104.65388,1.61491,32,44.97,9.44
477500.0,202500.0,104.7977,1.83206,32,61.6,80.78
301500.0,154500.0,103.21589,1.39713,32,59.19,2368.19
395500.0,133500.0,104.06072,1.20765,32,103.4,1.31
276500.0,166500.0,102.99119,1.50544,32,61.99,915.22
320500.0,130500.0,103.38675,1.1802,32,151.79,216.03
443500.0,162500.0,104.49209,1.47013,32,132.08,2501.8
479500.0,198500.0,104.81568,1.79588,32,55.36,405.52
484500.0,217500.0,104.86062,1.96778,32,75.61,73.18
474500.0,248500.0,104.77066,2.24823,32,71.68,43.98
343500.0,140500.0,103.59337,1.27076,32,101.31,2.08
320500.0,144500.0,103.38668,1.30681,32,148.37,2.13
356500.0,144500.0,103.71018,1.307,32,178.03,2.07
346500.0,146500.0,103.6203,1.32504,32,54.34,22.17
411500.0,115500.0,104.20457,1.04486,32,105.47,4.04
465500.0,237500.0,104.68974,2.1487,32,65.0,1021.35
331500.0,133500.0,103.48558,1.20739,32,49.99,204.14
341500.0,101500.0,103.57557,0.91802,32,176.66,161.06
410500.0,120500.0,104.19557,1.09009,32,26.83,2.91
452500.0,161500.0,104.573,1.4611,32,36.45,27.78
467500.0,187500.0,104.7078,1.69634,32,52.67,87.98
491500.0,242500.0,104.92356,2.19396,32,74.1,533.72
310500.0,117500.0,103.29697,1.06259,32,84.18,15.7
345500.0,140500.0,103.61134,1.27077,32,73.68,146.22
432500.0,153500.0,104.39323,1.38868,32,130.81,1900.49
262500.0,187500.0,102.86522,1.69518,32,62.65,1738.87
328500.0,130500.0,103.45863,1.18024,31,144.28,6.4
250500.0,189500.0,102.75739,1.71314,31,53.83,219.72
320500.0,107500.0,103.38686,0.9722,31,164.24,53.6
336500.0,121500.0,103.53056,1.09888,31,160.99,27.43
359500.0,135500.0,103.73718,1.22561,31,178.4,1.59
447500.0,162500.0,104.52805,1.47014,31,51.89,180.01
470500.0,190500.0,104.73477,1.72349,31,56.73,54.34
445500.0,174500.0,104.51004,1.57869,31,72.1,16.43
480500.0,185500.0,104.82468,1.67826,31,130.16,1185.98
451500.0,179500.0,104.56397,1.62394,31,82.98,84.89
456500.0,173500.0,104.60893,1.56967,31,49.58,35.22
477500.0,197500.0,104.7977,1.78683,31,64.15,191.12
504500.0,182500.0,105.04046,1.65113,31,135.94,726.65
510500.0,191500.0,105.0944,1.73255,31,9.85,344.7
379500.0,131500.0,103.91693,1.18951,31,161.75,6.03
252500.0,191500.0,102.77533,1.73124,31,153.52,131.54
487500.0,217500.0,104.8876,1.96778,31,70.38,163.29
465500.0,239500.0,104.68974,2.16679,31,71.61,162.97
292500.0,159500.0,103.13499,1.44227,31,54.4,3902.59
322500.0,139500.0,103.40468,1.26161,31,145.23,17.6
438500.0,154500.0,104.44716,1.39774,31,28.21,43.62
486500.0,176500.0,104.87863,1.59684,31,102.47,2369.21
472500.0,192500.0,104.75275,1.74159,31,63.91,46.88
266500.0,179500.0,102.90123,1.62289,31,54.07,16774.85
311500.0,134500.0,103.30587,1.21633,31,81.96,13900.6
457500.0,176500.0,104.61792,1.59681,31,64.66,11.23
456500.0,169500.0,104.60894,1.53348,31,37.07,35.98
275500.0,170500.0,102.98217,1.5416,31,54.92,5619.05
316500.0,146500.0,103.35072,1.32488,31,43.42,5595.6
473500.0,204500.0,104.76173,1.85015,31,168.16,1639.38
452500.0,173500.0,104.57297,1.56966,31,162.5,4465.27
411500.0,113500.0,104.20457,1.02677,31,89.7,217.87
400500.0,148500.0,104.10561,1.34336,31,133.26,4.31
483500.0,205500.0,104.85164,1.85921,31,60.17,170.03
412500.0,129500.0,104.21352,1.17151,31,160.22,1779.44
345500.0,137500.0,103.61136,1.24364,31,11.7,6.75
397500.0,134500.0,104.07869,1.2167,31,8.03,10.33
340500.0,129500.0,103.56647,1.17126,31,131.61,1096.49
289500.0,161500.0,103.10802,1.46034,30,55.06,3059.99
333500.0,130500.0,103.50356,1.18027,30,9.36,12.95
419500.0,146500.0,104.27639,1.32532,30,52.02,5.0
324500.0,128500.0,103.4227,1.16213,30,143.78,45.95
330500.0,138500.0,103.47657,1.25261,30,6.66,2.25
462500.0,172500.0,104.66287,1.56063,30,25.48,26.91
455500.0,184500.0,104.59992,1.66918,30,174.51,3153.39
474500.0,199500.0,104.77073,1.80492,30,83.33,14.05
490500.0,242500.0,104.91456,2.19396,30,76.61,14.8
475500.0,197500.0,104.77972,1.78683,30,67.66,15.63
327500.0,134500.0,103.44963,1.21641,30,73.8,2155.31
308500.0,146500.0,103.27884,1.32483,30,140.29,1336.72
447500.0,158500.0,104.52805,1.43395,30,23.73,9.48
482500.0,196500.0,104.84266,1.77778,30,50.89,4012.53
497500.0,248500.0,104.97752,2.24825,30,114.98,9.36
288500.0,163500.0,103.09902,1.47841,30,51.06,2865.24
329500.0,125500.0,103.46764,1.13503,30,148.85,178.06
430500.0,151500.0,104.37526,1.37058,30,149.89,135.93
404500.0,132500.0,104.14161,1.19863,30,54.98,249.95
416500.0,148500.0,104.24942,1.34341,30,42.45,1.32
401500.0,147500.0,104.1146,1.33432,30,164.91,4.94
456500.0,177500.0,104.60893,1.60586,30,76.52,81.18
338500.0,123500.0,103.54852,1.11698,30,39.35,507.35
453500.0,171500.0,104.58197,1.55157,30,64.77,10.7
417500.0,100500.0,104.25852,0.90918,30,127.0,71.15
411500.0,144500.0,104.20449,1.30721,30,5.2,7.27
381500.0,112500.0,103.93497,1.01764,30,58.36,6.1
261500.0,175500.0,102.85635,1.58668,29,57.97,5999.63
272500.0,169500.0,102.95522,1.53253,29,56.28,4149.58
288500.0,157500.0,103.09907,1.42416,29,150.78,34.67
339500.0,140500.0,103.55743,1.27074,29,18.41,4.41
421500.0,146500.0,104.29437,1.32533,29,19.81,754.19
446500.0,164500.0,104.51905,1.48823,29,41.78,12.65
445500.0,158500.0,104.51008,1.43394,29,23.6,33.1
475500.0,173500.0,104.77974,1.56969,29,32.09,48.41
466500.0,171500.0,104.69884,1.55159,29,44.25,61.83
451500.0,169500.0,104.56399,1.53347,29,48.99,33.49
455500.0,181500.0,104.59993,1.64204,29,89.28,18.7
471500.0,189500.0,104.74376,1.71444,29,52.22,85.39
451500.0,178500.0,104.56397,1.61489,29,10.38,14.78
471500.0,193500.0,104.74376,1.75063,29,61.05,116.28
493500.0,257500.0,104.94154,2.32967,29,142.2,230.86
324500.0,142500.0,103.42263,1.28875,29,105.35,2.86
437500.0,157500.0,104.43816,1.42488,29,131.85,4503.27
450500.0,172500.0,104.555,1.56061,29,61.7,1.14
467500.0,200500.0,104.70779,1.81396,29,81.02,3.48
478500.0,199500.0,104.80669,1.80492,29,61.26,3.29
474500.0,194500.0,104.77073,1.75968,29,67.08,94.11
482500.0,195500.0,104.84266,1.76874,29,54.01,32.26
377500.0,126500.0,103.89897,1.14427,29,101.31,19.37
332500.0,107500.0,103.49468,0.97225,29,75.59,1934.85
327500.0,108500.0,103.44975,0.98127,29,11.41,3.23
405500.0,120500.0,104.15063,1.09008,29,69.87,8.2
463500.0,181500.0,104.67185,1.64206,29,30.52,9.73
494500.0,293500.0,104.95052,2.65537,29,65.71,20.59
469500.0,184500.0,104.72579,1.66921,29,152.79,46656.94
251500.0,186500.0,102.7664,1.68603,29,62.42,3190.91
283500.0,169500.0,103.05405,1.53263,29,60.25,131689.46
410500.0,119500.0,104.19557,1.08105,29,56.9,13.3
490500.0,183500.0,104.91459,1.66018,29,36.74,4185.59
272500.0,163500.0,102.95528,1.47828,29,59.66,618.51
471500.0,172500.0,104.74378,1.56064,29,58.58,109.0
446500.0,190500.0,104.519,1.72345,29,7.06,6941.51
260500.0,189500.0,102.84723,1.71324,29,156.6,3361.85
330500.0,119500.0,103.47666,1.08077,29,127.17,7605.14
312500.0,135500.0,103.31485,1.22538,29,155.05,12.48
411500.0,127500.0,104.20454,1.15342,29,176.61,267.79
457500.0,97500.0,104.61802,0.88209,29,173.61,1326.12
369500.0,135500.0,103.82705,1.22565,28,143.18,1.59
410500.0,118500.0,104.19557,1.072,28,53.2,3.26
405500.0,133500.0,104.1506,1.20768,28,66.2,406.62
403500.0,145500.0,104.13258,1.31623,28,4.62,1.38
254500.0,178500.0,102.79343,1.61374,28,60.67,1843.38
285500.0,162500.0,103.07208,1.46935,28,146.5,1742.71
298500.0,159500.0,103.1889,1.44232,28,49.01,2608.56
287500.0,161500.0,103.09006,1.46032,28,146.12,2042.86
339500.0,139500.0,103.55743,1.2617,28,60.48,1.31
442500.0,211500.0,104.48298,1.91342,28,98.6,2529.72
446500.0,161500.0,104.51906,1.46109,28,37.29,105.83
468500.0,186500.0,104.7168,1.6873,28,53.75,1085.57
452500.0,181500.0,104.57296,1.64204,28,95.67,59.49
482500.0,213500.0,104.84264,1.93159,28,69.37,108.09
491500.0,244500.0,104.92356,2.21206,28,73.75,848.68
483500.0,239500.0,104.85161,2.16681,28,174.25,326.77
492500.0,266500.0,104.93254,2.41109,28,17.85,801.53
427500.0,145500.0,104.3483,1.3163,28,40.17,2818.18
476500.0,197500.0,104.78871,1.78683,28,60.84,131.8
305500.0,152500.0,103.25185,1.37907,28,45.88,480.78
335500.0,119500.0,103.52158,1.08079,28,32.42,2673.37
428500.0,146500.0,104.35729,1.32535,28,40.18,218.02
440500.0,156500.0,104.46513,1.41584,28,40.74,11.68
461500.0,167500.0,104.65389,1.51539,28,102.31,54784.84
479500.0,191500.0,104.81569,1.73255,28,46.56,1050.46
460500.0,170500.0,104.6449,1.54253,28,35.46,23.36
358500.0,141500.0,103.72817,1.27988,28,169.32,3.2
322500.0,136500.0,103.40469,1.23447,28,64.51,203.65
447500.0,165500.0,104.52804,1.49728,28,42.22,2.68
498500.0,175500.0,104.98651,1.5878,28,177.63,2059.19
484500.0,211500.0,104.86063,1.91349,28,71.59,36.07
495500.0,242500.0,104.95953,2.19396,28,69.18,141.37
251500.0,180500.0,102.76646,1.63179,28,60.79,11275.83
307500.0,134500.0,103.26993,1.2163,28,176.65,337.47
455500.0,195500.0,104.5999,1.7687,28,75.03,301.09
495500.0,251500.0,104.95953,2.27539,28,67.28,36.27
276500.0,173500.0,102.99113,1.56873,28,67.48,4.76
298500.0,163500.0,103.18887,1.47849,28,139.46,675.45
428500.0,142500.0,104.3573,1.28916,28,132.6,61149.53
429500.0,143500.0,104.36629,1.29821,28,133.28,9491.98
430500.0,144500.0,104.37527,1.30726,28,135.0,21361.3
477500.0,163500.0,104.79773,1.47922,28,57.63,23257.76
470500.0,192500.0,104.73477,1.74158,28,95.1,15.4
447500.0,170500.0,104.52803,1.54251,28,65.39,36.5
494500.0,247500.0,104.95054,2.2392,28,60.62,6.03
494500.0,239500.0,104.95054,2.16682,28,75.57,403.91
469500.0,170500.0,104.72581,1.54255,28,17.01,709.0
453500.0,182500.0,104.58195,1.65109,28,78.77,203.01
407500.0,144500.0,104.16854,1.3072,28,0.17,2.45
499500.0,169500.0,104.99551,1.53352,28,102.27,20714.74
495500.0,250500.0,104.95953,2.26634,28,69.25,306.34
466500.0,257500.0,104.6987,2.32964,28,174.38,8861.13
304500.0,141500.0,103.24293,1.27959,28,52.35,48383.66
484500.0,101500.0,104.86069,0.9183,28,69.89,385.26
289500.0,162500.0,103.10802,1.46938,28,49.94,13296.79
428500.0,136500.0,104.35731,1.23488,28,42.04,5.9
329500.0,109500.0,103.46772,0.99032,28,116.9,315.36
288500.0,161500.0,103.09904,1.46033,27,56.2,14002.94
405500.0,111500.0,104.15065,1.00866,27,86.68,8.09
413500.0,146500.0,104.22246,1.32531,27,129.77,1.48
270500.0,170500.0,102.93725,1.54156,27,51.76,894.72
274500.0,167500.0,102.97321,1.51447,27,148.28,90.17
289500.0,156500.0,103.10806,1.41512,27,149.44,589.01
322500.0,143500.0,103.40465,1.29778,27,146.81,9.56
437500.0,154500.0,104.43817,1.39774,27,40.26,168.22
472500.0,152500.0,104.75279,1.3797,27,49.91,5800.69
444500.0,158500.0,104.50109,1.43394,27,126.29,198.2
445500.0,175500.0,104.51004,1.58774,27,66.05,289.45
452500.0,166500.0,104.57299,1.50633,27,46.53,63.29
451500.0,181500.0,104.56397,1.64204,27,173.94,595.88
464500.0,169500.0,104.68086,1.53349,27,123.06,15765.77
455500.0,180500.0,104.59993,1.633,27,82.63,349.33
469500.0,188500.0,104.72578,1.70539,27,45.35,36.11
297500.0,155500.0,103.17995,1.40614,27,57.15,341.89
356500.0,134500.0,103.71022,1.21655,27,159.89,4.08
469500.0,190500.0,104.72578,1.72349,27,61.42,18.53
450500.0,169500.0,104.555,1.53347,27,158.61,100.78
475500.0,196500.0,104.77972,1.77778,27,65.07,22.91
296500.0,163500.0,103.1709,1.47847,27,52.37,2293.24
280500.0,169500.0,103.0271,1.5326,27,55.39,1768.43
258500.0,187500.0,102.82928,1.69514,27,66.23,1655.96
409500.0,117500.0,104.18659,1.06295,27,121.07,8.41
458500.0,187500.0,104.62689,1.69633,27,87.79,7.82
476500.0,201500.0,104.78871,1.82302,27,59.45,96.36
487500.0,218500.0,104.8876,1.97683,27,68.35,65.09
484500.0,216500.0,104.86062,1.95873,27,77.77,76.48
488500.0,219500.0,104.89659,1.98587,27,157.77,7823.49
497500.0,231500.0,104.97752,2.09444,27,70.26,26.48
436500.0,150500.0,104.42919,1.36155,27,39.45,120.69
470500.0,177500.0,104.73479,1.60588,27,26.46,15.54
475500.0,195500.0,104.77972,1.76873,27,55.02,4.75
308500.0,134500.0,103.27891,1.21631,27,175.76,811.65
334500.0,126500.0,103.51257,1.1441,27,127.21,11.03
455500.0,175500.0,104.59994,1.58776,27,66.35,23.23
450500.0,183500.0,104.55497,1.66013,27,79.72,95.29
471500.0,187500.0,104.74377,1.69635,27,56.47,290.85
476500.0,222500.0,104.78868,2.01301,27,66.24,4463.19
452500.0,222500.0,104.57287,2.01296,27,74.34,2577.6
484500.0,240500.0,104.86061,2.17586,27,67.26,248.6
494500.0,272500.0,104.95053,2.46538,27,66.21,1675.57
477500.0,203500.0,104.79769,1.84111,27,60.54,59.73
478500.0,207500.0,104.80668,1.8773,27,1.86,16285.09
476500.0,196500.0,104.78871,1.77778,27,59.28,144.85
517500.0,175500.0,105.15733,1.58779,27,8.09,1066.5
262500.0,189500.0,102.8652,1.71326,27,160.0,315.48
376500.0,122500.0,103.89,1.10809,27,64.15,4.92
339500.0,129500.0,103.55748,1.17125,27,9.31,2.74
470500.0,171500.0,104.7348,1.55159,27,10.1,38.32
336500.0,138500.0,103.53048,1.25264,27,35.0,13.17
347500.0,148500.0,103.62928,1.34314,27,62.06,11.71
460500.0,100500.0,104.64498,0.90924,27,78.03,6.61
402500.0,113500.0,104.12369,1.02675,27,58.64,8.22
385500.0,134500.0,103.97084,1.21666,27,7.66,128.44
421500.0,96500.0,104.29448,0.873,27,37.53,3247.87
478500.0,192500.0,104.8067,1.74159,27,36.03,6298.49
308500.0,113500.0,103.27902,1.0264,27,7.48,3.19
376500.0,129500.0,103.88998,1.1714,26,135.71,398.93
415500.0,138500.0,104.24046,1.25294,26,9.7,1047.44
332500.0,138500.0,103.49454,1.25262,26,160.45,28.2
315500.0,112500.0,103.34192,1.01739,26,101.82,1.56
294500.0,153500.0,103.15301,1.38803,26,54.87,1287.82
351500.0,114500.0,103.66537,1.03563,26,32.79,55.88
370500.0,137500.0,103.83602,1.24375,26,38.05,4.2
467500.0,185500.0,104.70781,1.67825,26,54.48,2272.34
494500.0,221500.0,104.95054,2.00397,26,169.64,491.91
499500.0,260500.0,104.9955,2.35681,26,165.95,2894.55
502500.0,265500.0,105.02249,2.40205,26,70.46,212.03
507500.0,287500.0,105.06747,2.60108,26,66.01,351.17
446500.0,160500.0,104.51906,1.45204,26,40.46,113.82
260500.0,183500.0,102.84729,1.659,26,59.76,6804.28
264500.0,172500.0,102.88333,1.55959,26,58.93,3961.27
495500.0,245500.0,104.95953,2.2211,26,75.41,390.59
310500.0,112500.0,103.297,1.01737,26,75.93,2.79
340500.0,102500.0,103.56658,0.92706,26,107.87,30.89
319500.0,138500.0,103.37773,1.25255,26,51.91,1463.43
347500.0,127500.0,103.62938,1.1532,26,73.44,4.89
348500.0,136500.0,103.63832,1.23461,26,178.7,8.48
427500.0,139500.0,104.34832,1.26202,26,163.89,23.36
450500.0,158500.0,104.55502,1.43395,26,20.56,507.89
457500.0,168500.0,104.61793,1.52443,26,42.85,54.79
472500.0,180500.0,104.75277,1.63302,26,94.05,18.31
467500.0,210500.0,104.70777,1.90443,26,72.44,18.14
488500.0,218500.0,104.89659,1.97683,26,153.9,3319.78
317500.0,133500.0,103.35978,1.20732,26,147.0,39.29
386500.0,134500.0,103.97983,1.21667,26,7.95,24.88
351500.0,113500.0,103.66538,1.02659,26,34.34,25.94
413500.0,145500.0,104.22247,1.31626,26,177.23,126.58
341500.0,111500.0,103.57553,1.00846,26,110.53,257.48
462500.0,174500.0,104.66287,1.57872,26,41.08,5790.43
484500.0,242500.0,104.8606,2.19396,26,160.33,4212.49
464500.0,235500.0,104.68075,2.1306,26,71.93,12.94
269500.0,175500.0,102.92822,1.58676,26,57.55,814.47
468500.0,183500.0,104.7168,1.66016,26,47.97,44.42
479500.0,195500.0,104.81568,1.76873,26,56.37,56.93
345500.0,142500.0,103.61134,1.28886,26,56.58,27.05
395500.0,132500.0,104.06072,1.19861,26,80.35,48.84
297500.0,151500.0,103.17997,1.36997,26,59.13,12887.98
411500.0,130500.0,104.20453,1.18056,26,127.42,4.75
451500.0,164500.0,104.564,1.48824,26,128.22,3441.33
461500.0,170500.0,104.65389,1.54253,26,23.12,2.85
491500.0,269500.0,104.92354,2.43823,26,65.09,7106.88
504500.0,225500.0,105.04047,2.04016,26,91.23,193.47
305500.0,138500.0,103.25194,1.25246,26,68.36,3380.94
411500.0,129500.0,104.20453,1.17151,26,12.36,89.58
436500.0,173500.0,104.42914,1.56963,26,155.25,10822.23
466500.0,170500.0,104.69884,1.54254,26,41.09,2319.94
487500.0,257500.0,104.88757,2.32967,26,76.94,49.76
315500.0,133500.0,103.34181,1.20731,26,165.65,17.77
398500.0,134500.0,104.08768,1.21671,26,173.66,6.45
471500.0,217500.0,104.74373,1.96776,26,53.26,32.41
452500.0,214500.0,104.57289,1.94059,26,172.05,21903.03
490500.0,240500.0,104.91456,2.17587,26,79.44,80.05
295500.0,157500.0,103.16196,1.42421,26,142.55,431.55
334500.0,116500.0,103.51261,1.05365,26,154.38,12.15
409500.0,135500.0,104.18654,1.22578,26,156.17,491.21
500500.0,252500.0,105.0045,2.28443,26,71.34,142.46
457500.0,205500.0,104.61787,1.85917,26,87.61,690.97
453500.0,231500.0,104.58184,2.09439,26,86.03,2706.33
289500.0,166500.0,103.10799,1.50555,25,137.98,383.71
412500.0,138500.0,104.2135,1.25293,25,10.94,1007.52
291500.0,166500.0,103.12596,1.50556,25,53.08,889.13
397500.0,149500.0,104.07864,1.35239,25,162.9,1.78
465500.0,170500.0,104.68985,1.54254,25,44.35,134.94
484500.0,205500.0,104.86063,1.85921,25,62.8,150.94
490500.0,224500.0,104.91457,2.03111,25,14.43,1553.39
496500.0,248500.0,104.96852,2.24825,25,90.66,3.05
494500.0,257500.0,104.95053,2.32967,25,45.35,24.73
340500.0,101500.0,103.56658,0.91801,25,96.37,68.09
324500.0,119500.0,103.42275,1.08074,25,36.41,655.96
321500.0,144500.0,103.39566,1.30682,25,112.26,4.65
323500.0,139500.0,103.41366,1.26161,25,145.7,28.52
357500.0,125500.0,103.71925,1.13515,25,163.75,5.84
348500.0,128500.0,103.63836,1.16225,25,51.94,13.56
440500.0,212500.0,104.465,1.92246,25,28.81,494.68
497500.0,162500.0,104.97753,1.47019,25,131.3,489.62
473500.0,192500.0,104.76174,1.74159,25,143.67,163.41
468500.0,200500.0,104.71678,1.81396,25,79.52,2.21
484500.0,215500.0,104.86063,1.94968,25,70.78,87.0
483500.0,208500.0,104.85164,1.88635,25,65.05,149.95
486500.0,249500.0,104.87859,2.25729,25,65.73,13.49
350500.0,143500.0,103.65626,1.29793,25,122.11,2.84
465500.0,181500.0,104.68983,1.64206,25,60.56,24.16
478500.0,202500.0,104.80669,1.83206,25,64.35,116.22
490500.0,222500.0,104.91457,2.01302,25,73.15,53.68
346500.0,143500.0,103.62032,1.29791,25,61.04,2.53
494500.0,249500.0,104.95053,2.25729,25,69.48,434.95
250500.0,186500.0,102.75742,1.68602,25,63.62,3342.6
287500.0,164500.0,103.09003,1.48745,25,54.35,412.79
330500.0,137500.0,103.47657,1.24356,25,157.97,52.46
300500.0,155500.0,103.2069,1.40616,25,66.31,144736.18
491500.0,181500.0,104.92358,1.64208,25,101.74,4992.57
464500.0,184500.0,104.68084,1.6692,25,54.21,494.42
459500.0,164500.0,104.63592,1.48825,25,25.05,69577.26
472500.0,237500.0,104.75269,2.14871,25,173.92,621.57
464500.0,225500.0,104.68077,2.04013,25,74.4,19.73
434500.0,159500.0,104.41119,1.44297,25,144.98,2697.01
495500.0,264500.0,104.95952,2.393,25,0.74,214.61
325500.0,135500.0,103.43165,1.22545,24,164.14,168.13
300500.0,157500.0,103.20689,1.42425,24,46.75,4211.93
383500.0,131500.0,103.95288,1.18952,24,54.49,1.78
407500.0,125500.0,104.16859,1.13532,24,77.87,9.45
247500.0,184500.0,102.73049,1.66791,24,66.01,8871.09
266500.0,201500.0,102.90101,1.8218,24,81.97,131.19
317500.0,132500.0,103.35979,1.19827,24,146.22,56.72
464500.0,164500.0,104.68087,1.48826,24,105.29,15432.55
469500.0,187500.0,104.72579,1.69635,24,54.69,592.21
466500.0,173500.0,104.69883,1.56968,24,31.19,959.92
465500.0,175500.0,104.68984,1.58778,24,37.62,47.13
458500.0,167500.0,104.62692,1.51539,24,21.17,19.63
468500.0,187500.0,104.7168,1.69635,24,56.08,130.87
480500.0,208500.0,104.82466,1.88635,24,66.71,172.27
485500.0,201500.0,104.86963,1.82302,24,62.12,6842.89
473500.0,197500.0,104.76174,1.78682,24,60.74,169.73
485500.0,221500.0,104.86961,2.00397,24,159.08,2719.78
473500.0,194500.0,104.76174,1.75968,24,61.34,43.09
498500.0,261500.0,104.98651,2.36586,24,58.7,9.55
450500.0,162500.0,104.55501,1.47014,24,31.42,110.85
471500.0,180500.0,104.74378,1.63302,24,53.54,24.82
454500.0,209500.0,104.59088,1.89536,24,75.14,4149.26
458500.0,218500.0,104.62683,1.97679,24,72.43,690.01
467500.0,208500.0,104.70777,1.88633,24,172.72,5492.34
474500.0,196500.0,104.77073,1.77778,24,61.57,183.29
268500.0,173500.0,102.91925,1.56866,24,58.88,3804.85
340500.0,124500.0,103.56649,1.12603,24,28.53,3.4
352500.0,118500.0,103.67434,1.07182,24,26.59,726.34
486500.0,166500.0,104.87864,1.50637,24,0.66,74579.65
265500.0,183500.0,102.89221,1.65905,24,75.71,975.89
251500.0,192500.0,102.76634,1.74027,24,62.42,725.35
322500.0,142500.0,103.40466,1.28874,24,135.68,8.57
402500.0,132500.0,104.12364,1.19863,24,59.9,1710.64
404500.0,123500.0,104.14164,1.11722,24,48.66,1.53
454500.0,181500.0,104.59094,1.64204,24,95.73,45.9
488500.0,231500.0,104.89658,2.09444,24,82.61,102.43
276500.0,174500.0,102.99112,1.57778,24,62.52,1796.45
354500.0,126500.0,103.69228,1.14418,24,84.95,34.23
453500.0,166500.0,104.58198,1.50633,24,42.02,11.89
450500.0,197500.0,104.55495,1.78678,24,163.1,25378.95
473500.0,203500.0,104.76173,1.84111,24,167.99,21096.76
506500.0,274500.0,105.05847,2.48347,24,96.16,490.02
312500.0,123500.0,103.31491,1.11686,24,68.68,302.7
450500.0,206500.0,104.55493,1.86821,24,179.34,653.83
490500.0,227500.0,104.91457,2.05825,24,68.96,475.31
466500.0,186500.0,104.69882,1.6873,24,151.35,61.57
261500.0,174500.0,102.85636,1.57764,24,57.43,10401.53
435500.0,265500.0,104.41986,2.40192,24,9.37,356.65
484500.0,209500.0,104.86063,1.8954,24,77.62,57.21
484500.0,210500.0,104.86063,1.90445,24,69.48,203.3
481500.0,197500.0,104.83367,1.78683,24,54.66,390.71
483500.0,200500.0,104.85164,1.81397,24,58.18,23.61
494500.0,248500.0,104.95054,2.24825,24,70.87,2573.3
453500.0,230500.0,104.58184,2.08534,24,81.6,12.88
432500.0,101500.0,104.39333,0.91825,24,76.6,25729.04
360500.0,125500.0,103.7462,1.13516,23,23.96,30.33
273500.0,172500.0,102.96418,1.55967,23,53.94,21881.5
259500.0,175500.0,102.83838,1.58666,23,55.88,1576.16
327500.0,140500.0,103.4496,1.27068,23,28.09,2.73
337500.0,120500.0,103.53955,1.08984,23,151.37,139.63
378500.0,114500.0,103.908,1.03573,23,143.81,1.31
438500.0,171500.0,104.44712,1.55154,23,62.02,279.72
449500.0,165500.0,104.54602,1.49728,23,134.31,234.0
470500.0,189500.0,104.73477,1.71444,23,59.85,5.24
451500.0,182500.0,104.56397,1.65108,23,80.09,133.61
470500.0,173500.0,104.73479,1.56969,23,21.37,165.66
452500.0,179500.0,104.57296,1.62394,23,86.24,4.66
459500.0,169500.0,104.63591,1.53348,23,39.29,18.09
473500.0,195500.0,104.76174,1.76873,23,62.52,169.65
486500.0,224500.0,104.8786,2.03111,23,65.34,82.01
497500.0,252500.0,104.97752,2.28443,23,158.17,10407.41
505500.0,278500.0,105.04947,2.51966,23,87.13,1454.51
472500.0,212500.0,104.75273,1.92253,23,177.76,1.91
340500.0,103500.0,103.56657,0.9361,23,178.92,229.82
304500.0,103500.0,103.24314,0.93595,23,7.69,524.61
336500.0,124500.0,103.53055,1.12602,23,22.52,94.17
442500.0,161500.0,104.4831,1.46108,23,130.32,959.67
429500.0,155500.0,104.36626,1.40677,23,68.71,17.45
450500.0,164500.0,104.55501,1.48823,23,39.32,1698.31
470500.0,179500.0,104.73479,1.62397,23,48.66,298.2
478500.0,197500.0,104.80669,1.78683,23,54.54,30965.4
482500.0,210500.0,104.84265,1.90445,23,38.87,6.25
485500.0,218500.0,104.86962,1.97683,23,73.31,79.62
494500.0,245500.0,104.95054,2.2211,23,167.84,1312.62
277500.0,181500.0,103.00004,1.64108,23,144.0,4052.26
330500.0,124500.0,103.47663,1.12599,23,145.4,240.12
286500.0,158500.0,103.08109,1.43319,23,62.0,24824.14
449500.0,157500.0,104.54603,1.4249,23,21.24,38.48
465500.0,184500.0,104.68983,1.6692,23,53.18,555.28
454500.0,171500.0,104.59096,1.55157,23,147.2,190.02
495500.0,243500.0,104.95953,2.20301,23,72.72,378.49
470500.0,187500.0,104.73478,1.69635,23,55.04,564.31
407500.0,131500.0,104.16858,1.18959,23,43.84,157.47
285500.0,163500.0,103.07207,1.47839,23,55.04,168482.81
352500.0,114500.0,103.67436,1.03564,23,34.91,28.75
456500.0,214500.0,104.60886,1.9406,23,68.88,160.96
446500.0,199500.0,104.51898,1.80487,23,104.32,2.03
487500.0,220500.0,104.8876,1.99492,23,71.14,493.23
287500.0,171500.0,103.08998,1.55074,23,43.76,266.77
408500.0,132500.0,104.17756,1.19864,23,52.36,91.71
450500.0,161500.0,104.55502,1.46109,23,129.77,2578.65
454500.0,167500.0,104.59096,1.51538,23,30.41,205.77
493500.0,244500.0,104.94154,2.21206,23,76.87,1147.26
477500.0,148500.0,104.79774,1.34352,23,59.91,192380.75
451500.0,170500.0,104.56399,1.54252,23,149.81,1735.16
445500.0,202500.0,104.50998,1.83201,23,26.55,19816.49
513500.0,175500.0,105.12137,1.5878,23,118.44,11.13
311500.0,137500.0,103.30585,1.24346,23,145.98,3429.37
463500.0,172500.0,104.67186,1.56063,23,23.87,16.28
469500.0,171500.0,104.72581,1.55159,23,82.75,6.38
487500.0,211500.0,104.8876,1.9135,23,64.71,45.88
483500.0,201500.0,104.85164,1.82302,23,54.83,54.3
323500.0,138500.0,103.41367,1.25257,23,92.49,5.9
271500.0,177500.0,102.94617,1.60486,23,50.88,5977.95
331500.0,128500.0,103.4856,1.16217,23,75.13,602.45
431500.0,101500.0,104.38434,0.91825,23,166.68,1897.62
309500.0,136500.0,103.28789,1.2344,23,76.7,321.29
257500.0,189500.0,102.82027,1.71321,22,67.25,2653.49
247500.0,193500.0,102.73039,1.74927,22,62.84,1665.31
405500.0,110500.0,104.15066,0.99962,22,25.26,243.98
409500.0,123500.0,104.18657,1.11723,22,160.31,2.38
359500.0,128500.0,103.73721,1.16229,22,146.43,252.38
361500.0,132500.0,103.75516,1.19848,22,137.21,6.04
459500.0,154500.0,104.63593,1.39778,22,43.27,13934.45
452500.0,169500.0,104.57298,1.53347,22,48.02,14.2
457500.0,173500.0,104.61792,1.56967,22,56.3,150.49
456500.0,172500.0,104.60894,1.56062,22,53.5,116.27
484500.0,201500.0,104.86064,1.82302,22,59.02,100.79
472500.0,196500.0,104.75275,1.77777,22,61.2,1714.03
499500.0,258500.0,104.9955,2.33872,22,91.75,19.66
263500.0,173500.0,102.87433,1.56862,22,56.71,3761.42
411500.0,114500.0,104.20457,1.03582,22,125.99,104.61
456500.0,164500.0,104.60895,1.48824,22,113.47,330.0
490500.0,254500.0,104.91456,2.30253,22,74.24,873.99
379500.0,128500.0,103.91694,1.16237,22,51.26,75.03
380500.0,121500.0,103.92595,1.09905,22,171.95,681.71
262500.0,174500.0,102.86534,1.57765,22,57.76,13965.38
485500.0,211500.0,104.86962,1.91349,22,82.23,12.43
485500.0,215500.0,104.86962,1.94968,22,78.56,232.79
454500.0,210500.0,104.59088,1.9044,22,80.59,24.17
482500.0,208500.0,104.84265,1.88635,22,63.29,241.23
498500.0,264500.0,104.98651,2.393,22,61.72,22.07
487500.0,250500.0,104.88758,2.26634,22,168.89,434.9
525500.0,245500.0,105.22933,2.22109,22,23.21,23086.6
406500.0,131500.0,104.15959,1.18959,22,129.82,14.05
265500.0,198500.0,102.89206,1.79466,22,38.76,43.47
461500.0,173500.0,104.65388,1.56968,22,37.09,16.55
489500.0,227500.0,104.90558,2.05825,22,67.47,356.49
479500.0,235500.0,104.81565,2.13062,22,95.96,3.76
465500.0,235500.0,104.68975,2.1306,22,92.05,2.98
483500.0,238500.0,104.85161,2.15777,22,159.97,2282.63
494500.0,240500.0,104.95054,2.17587,22,70.77,109.49
268500.0,171500.0,102.91927,1.55058,22,56.05,4085.36
301500.0,95500.0,103.21622,0.8636,22,159.53,4732.44
309500.0,145500.0,103.28783,1.31579,22,139.31,1301.05
350500.0,128500.0,103.65633,1.16226,22,19.16,3.29
387500.0,132500.0,103.98882,1.19858,22,28.44,6.01
369500.0,163500.0,103.82692,1.47892,22,165.39,275.93
323500.0,128500.0,103.41372,1.16213,22,146.52,244.5
320500.0,141500.0,103.38669,1.27968,22,133.74,10.58
450500.0,188500.0,104.55496,1.70536,22,111.47,8.61
482500.0,177500.0,104.84267,1.60589,22,106.76,1416.62
474500.0,184500.0,104.77074,1.66921,22,61.03,124.41
449500.0,181500.0,104.54599,1.64203,22,94.62,30.1
343500.0,141500.0,103.59337,1.2798,22,73.79,5.43
494500.0,176500.0,104.95055,1.59685,22,178.87,10466.88
488500.0,217500.0,104.89659,1.96778,22,151.66,8439.01
483500.0,193500.0,104.85165,1.75064,22,151.31,4674.0
466500.0,183500.0,104.69882,1.66015,22,155.4,1525.91
470500.0,186500.0,104.73478,1.6873,22,54.8,335.27
315500.0,134500.0,103.34181,1.21635,22,153.42,71.58
383500.0,110500.0,103.95294,0.99956,22,159.64,3.75
465500.0,187500.0,104.68982,1.69634,22,40.34,7.29
487500.0,210500.0,104.8876,1.90445,22,156.29,9958.52
495500.0,210500.0,104.95954,1.90445,22,172.71,114.32
521500.0,311500.0,105.19345,2.8182,22,63.01,479.3
350500.0,113500.0,103.65639,1.02658,22,12.92,68.28
406500.0,118500.0,104.15962,1.07199,22,44.37,4.72
408500.0,130500.0,104.17757,1.18055,22,138.91,638.82
264500.0,181500.0,102.88324,1.64096,22,60.15,3301.3
332500.0,130500.0,103.49458,1.18026,22,16.11,22.75
299500.0,161500.0,103.19787,1.46041,22,50.13,561.1
420500.0,135500.0,104.28541,1.22581,22,29.76,2.22
269500.0,181500.0,102.92816,1.641,21,71.3,13980.7
248500.0,193500.0,102.73938,1.74928,21,65.27,3383.6
377500.0,121500.0,103.89899,1.09904,21,76.97,5.91
405500.0,119500.0,104.15063,1.08103,21,55.8,6.44
271500.0,176500.0,102.94618,1.59581,21,143.58,798.42
316500.0,109500.0,103.35092,0.99027,21,78.84,66.83
318500.0,132500.0,103.36877,1.19828,21,144.56,110.07
315500.0,147500.0,103.34173,1.33391,21,45.38,704.01
352500.0,113500.0,103.67436,1.02659,21,38.24,43.91
336500.0,127500.0,103.53053,1.15315,21,104.3,3.09
448500.0,162500.0,104.53704,1.47014,21,128.97,77.52
453500.0,164500.0,104.58198,1.48824,21,37.32,149.19
446500.0,158500.0,104.51907,1.43395,21,178.87,13.67
463500.0,174500.0,104.67186,1.57873,21,48.92,31.78
452500.0,180500.0,104.57296,1.63299,21,90.17,5.93
476500.0,207500.0,104.7887,1.8773,21,6.41,5250.94
479500.0,218500.0,104.81566,1.97682,21,35.55,5.2
472500.0,195500.0,104.75275,1.76873,21,60.03,18.68
471500.0,194500.0,104.74376,1.75968,21,62.82,179.35
483500.0,231500.0,104.85162,2.09444,21,90.07,26.98
285500.0,170500.0,103.07202,1.54168,21,46.88,9685.89
459500.0,175500.0,104.6359,1.58777,21,54.19,227.4
407500.0,118500.0,104.16861,1.07199,21,27.66,180.4
302500.0,95500.0,103.2252,0.8636,21,172.68,108.55
294500.0,122500.0,103.1532,1.10772,21,57.9,5304.36
316500.0,140500.0,103.35076,1.27062,21,55.2,2797.57
386500.0,130500.0,103.97984,1.18048,21,124.71,1.75
341500.0,137500.0,103.57541,1.24362,21,42.95,2.19
377500.0,156500.0,103.89886,1.41564,21,72.73,1.44
465500.0,162500.0,104.68986,1.47016,21,5.41,1541.92
482500.0,185500.0,104.84267,1.67827,21,117.79,7587.04
481500.0,207500.0,104.83366,1.8773,21,154.73,9864.42
482500.0,209500.0,104.84265,1.8954,21,58.94,22.42
493500.0,238500.0,104.94154,2.15777,21,73.78,76.43
487500.0,224500.0,104.8876,2.03111,21,65.73,631.26
497500.0,269500.0,104.97751,2.43824,21,160.98,8267.04
505500.0,190500.0,105.04945,1.72351,21,7.13,22440.84
367500.0,126500.0,103.80911,1.14423,21,25.18,124.94
427500.0,136500.0,104.34832,1.23488,21,16.66,5.35
343500.0,129500.0,103.59342,1.17127,21,93.42,221.64
377500.0,125500.0,103.89898,1.13523,21,165.22,45.97
346500.0,115500.0,103.62044,1.04466,21,150.63,77.02
424500.0,140500.0,104.32135,1.27106,21,100.16,5877.8
473500.0,178500.0,104.76176,1.61493,21,32.94,384.12
473500.0,179500.0,104.76176,1.62397,21,31.22,179.34
486500.0,232500.0,104.8786,2.10349,21,63.14,4.39
264500.0,171500.0,102.88334,1.55055,21,54.3,7237.36
282500.0,170500.0,103.04506,1.54166,21,60.33,27987.41
343500.0,117500.0,103.59348,1.06274,21,57.65,1205.6
454500.0,169500.0,104.59096,1.53348,21,38.73,16.16
454500.0,173500.0,104.59095,1.56966,21,62.47,7.09
450500.0,184500.0,104.55497,1.66917,21,167.76,19877.98
496500.0,204500.0,104.96853,1.85017,21,66.24,14387.94
277500.0,172500.0,103.00012,1.5597,21,55.87,805.39
455500.0,212500.0,104.59987,1.9225,21,68.5,355.41
346500.0,145500.0,103.62031,1.316,21,63.62,12.09
455500.0,168500.0,104.59995,1.52443,21,29.1,11.57
454500.0,202500.0,104.5909,1.83203,21,70.08,1184.67
489500.0,225500.0,104.90558,2.04016,21,76.49,52.55
451500.0,172500.0,104.56399,1.56061,21,168.68,403.22
510500.0,283500.0,105.09445,2.56489,21,157.6,10018.56
432500.0,149500.0,104.39324,1.35249,21,119.93,198.02
482500.0,278500.0,104.84258,2.51965,21,114.21,542.15
458500.0,209500.0,104.62685,1.89536,21,173.16,1302.94
498500.0,244500.0,104.98651,2.21206,21,170.79,245.63
521500.0,305500.0,105.19344,2.76392,21,62.88,773.49
319500.0,143500.0,103.3777,1.29776,21,76.7,2.5
412500.0,135500.0,104.21351,1.22579,21,33.23,106.78
491500.0,238500.0,104.92356,2.15777,21,72.21,75.4
272500.0,176500.0,102.95516,1.59582,21,55.18,7643.98
476500.0,214500.0,104.78869,1.94063,21,64.66,560.02
430500.0,101500.0,104.37535,0.91825,21,76.32,6288.33
278500.0,179500.0,103.00904,1.623,20,142.14,871.18
368500.0,138500.0,103.81805,1.25278,20,140.21,60.7
375500.0,158500.0,103.88087,1.43372,20,145.33,50.65
420500.0,146500.0,104.28538,1.32533,20,147.59,54.71
395500.0,152500.0,104.06066,1.37953,20,105.74,36.93
285500.0,159500.0,103.0721,1.44222,20,49.97,499.32
325500.0,139500.0,103.43163,1.26162,20,0.48,10.03
339500.0,119500.0,103.55753,1.08081,20,150.53,117.27
336500.0,128500.0,103.53053,1.16219,20,135.21,2.35
398500.0,149500.0,104.08763,1.3524,20,111.01,26.97
443500.0,186500.0,104.49204,1.68725,20,96.49,84.45
442500.0,227500.0,104.48294,2.05817,20,6.94,91080.83
449500.0,163500.0,104.54602,1.47919,20,37.27,14.24
465500.0,165500.0,104.68985,1.4973,20,16.29,12524.98
465500.0,172500.0,104.68984,1.56063,20,129.33,330.06
461500.0,175500.0,104.65388,1.58777,20,142.71,1287.79
444500.0,173500.0,104.50106,1.56965,20,163.0,96949.13
452500.0,178500.0,104.57296,1.6149,20,89.04,4.74
494500.0,220500.0,104.95054,1.99492,20,173.08,45207.62
483500.0,214500.0,104.85163,1.94063,20,67.06,524.15
484500.0,236500.0,104.86061,2.13967,20,6.72,7184.26
513500.0,158500.0,105.12136,1.43399,20,66.18,95344.69
502500.0,157500.0,105.02247,1.42495,20,9.18,12222.13
501500.0,262500.0,105.01349,2.37491,20,71.07,331.9
506500.0,281500.0,105.05847,2.5468,20,162.46,112919.46
263500.0,172500.0,102.87434,1.55958,20,57.7,11683.06
404500.0,117500.0,104.14165,1.06294,20,1.86,5.96
480500.0,206500.0,104.82467,1.86825,20,65.51,369.27
485500.0,214500.0,104.86962,1.94064,20,158.07,3471.24
402500.0,135500.0,104.12363,1.22576,20,10.71,9.58
408500.0,129500.0,104.17757,1.1715,20,14.7,300.05
263500.0,187500.0,102.8742,1.69519,20,155.27,611.17
295500.0,155500.0,103.16198,1.40613,20,146.95,294.09
348500.0,145500.0,103.63828,1.31601,20,37.07,1.83
485500.0,140500.0,104.86966,1.27114,20,48.18,77240.94
492500.0,184500.0,104.93257,1.66922,20,88.59,5574.35
478500.0,189500.0,104.8067,1.71445,20,70.14,38.48
489500.0,198500.0,104.90559,1.79588,20,7.92,1615.74
464500.0,205500.0,104.68081,1.85919,20,112.82,324.45
499500.0,257500.0,104.9955,2.32967,20,97.95,1987.34
497500.0,264500.0,104.97751,2.393,20,151.16,225.39
265500.0,199500.0,102.89205,1.8037,20,71.56,31.38
340500.0,110500.0,103.56655,0.99941,20,14.3,182.75
475500.0,191500.0,104.77973,1.73254,20,52.71,4.24
491500.0,190500.0,104.92358,1.72351,20,100.58,89088.36
463500.0,176500.0,104.67186,1.59682,20,97.02,76.25
520500.0,309500.0,105.18445,2.80011,20,150.74,1980.85
297500.0,159500.0,103.17992,1.44231,20,49.75,1631.27
286500.0,173500.0,103.08098,1.56882,20,63.05,101.21
457500.0,177500.0,104.61792,1.60586,20,72.39,16.78
476500.0,182500.0,104.78872,1.65112,20,17.45,5.88
459500.0,197500.0,104.63586,1.7868,20,163.09,219.11
456500.0,196500.0,104.60889,1.77775,20,72.93,18.55
496500.0,206500.0,104.96853,1.86826,20,66.52,2547.76
489500.0,249500.0,104.90557,2.25729,20,169.1,92.44
505500.0,262500.0,105.04947,2.37491,20,157.33,59455.32
248500.0,187500.0,102.73944,1.69504,20,63.87,7730.74
320500.0,136500.0,103.38672,1.23446,20,51.67,6479.33
331500.0,130500.0,103.48559,1.18026,20,130.66,116.28
295500.0,164500.0,103.16191,1.48751,20,139.77,45.22
294500.0,165500.0,103.15292,1.49654,20,53.6,3593.87
293500.0,166500.0,103.14393,1.50558,20,50.31,44064.32
280500.0,171500.0,103.02708,1.55068,20,58.7,1269.09
348500.0,144500.0,103.63828,1.30696,20,132.81,3.08
431500.0,201500.0,104.38411,1.82292,20,22.42,128749.35
458500.0,188500.0,104.62689,1.70538,20,85.94,119.55
474500.0,189500.0,104.77074,1.71445,20,49.3,5.75
467500.0,175500.0,104.70782,1.58778,20,89.61,520124.32
447500.0,191500.0,104.52799,1.7325,20,16.73,197941.78
293500.0,124500.0,103.14421,1.12579,20,52.4,9595.98
340500.0,135500.0,103.56644,1.22552,20,72.05,1.41
410500.0,129500.0,104.19555,1.17151,20,136.51,1276.49
483500.0,173500.0,104.85166,1.5697,20,118.96,358.1
490500.0,226500.0,104.91457,2.04921,20,66.8,99.65
486500.0,250500.0,104.87858,2.26634,20,74.64,10.35
271500.0,170500.0,102.94623,1.54157,20,62.61,978.25
480500.0,128500.0,104.82472,1.16257,20,49.2,4472.49
467500.0,188500.0,104.7078,1.70539,20,67.47,2.53
452500.0,213500.0,104.57289,1.93154,20,172.08,46714.85
489500.0,244500.0,104.90557,2.21205,20,172.79,1441327.11
468500.0,210500.0,104.71676,1.90443,20,161.08,41315.62
466500.0,256500.0,104.6987,2.32059,20,175.47,25368.68
510500.0,290500.0,105.09446,2.62822,20,73.11,3825.61
503500.0,281500.0,105.03148,2.5468,20,63.14,276.09
346500.0,137500.0,103.62035,1.24364,20,110.35,140.77
422500.0,142500.0,104.30337,1.28914,20,99.84,3647.94
482500.0,156500.0,104.84268,1.4159,20,54.43,300366.25
327500.0,109500.0,103.44975,0.99031,20,58.85,78.76
437500.0,102500.0,104.43826,0.9273,20,160.36,82.79
405500.0,117500.0,104.15064,1.06294,20,67.32,98.88
309500.0,133500.0,103.2879,1.20727,20,85.25,2990.12
419500.0,97500.0,104.2765,0.88204,20,38.06,1025.85
356500.0,139500.0,103.7102,1.26178,20,127.09,4.48
491500.0,241500.0,104.92356,2.18491,20,79.82,64.94
421500.0,98500.0,104.29447,0.89109,20,47.17,13528.37
259500.0,189500.0,102.83824,1.71323,20,155.47,1419.04
351500.0,112500.0,103.66538,1.01754,19,40.14,44.4
437500.0,103500.0,104.43826,0.93635,19,22.26,1.19
418500.0,146500.0,104.26741,1.32532,19,55.04,4.62
247500.0,191500.0,102.73041,1.73119,19,81.01,107.18
316500.0,108500.0,103.35092,0.98122,19,92.45,117.58
467500.0,184500.0,104.70781,1.6692,19,155.63,345.69
452500.0,183500.0,104.57296,1.66013,19,178.75,2704.75
472500.0,173500.0,104.75277,1.56969,19,23.32,57465.25
455500.0,183500.0,104.59993,1.66014,19,81.37,289.0
451500.0,180500.0,104.56397,1.63299,19,176.76,1492.21
458500.0,174500.0,104.62691,1.57872,19,54.21,294.62
489500.0,211500.0,104.90559,1.9135,19,70.84,544.67
483500.0,215500.0,104.85163,1.94968,19,164.04,516.43
494500.0,258500.0,104.95053,2.33872,19,130.43,1547.22
469500.0,253500.0,104.72569,2.29346,19,71.25,3795.06
501500.0,264500.0,105.01349,2.393,19,66.06,2829.75
502500.0,284500.0,105.02249,2.57394,19,153.15,275.77
497500.0,250500.0,104.97752,2.26634,19,66.29,703.84
510500.0,185500.0,105.0944,1.67827,19,8.01,552.03
331500.0,129500.0,103.4856,1.17121,19,150.76,126.28
457500.0,172500.0,104.61793,1.56062,19,45.7,98.45
490500.0,229500.0,104.91457,2.07635,19,73.4,182.86
490500.0,230500.0,104.91457,2.08539,19,75.77,320.14
490500.0,231500.0,104.91457,2.09444,19,75.49,311.5
314500.0,147500.0,103.33275,1.33391,19,132.65,98.78
261500.0,188500.0,102.85622,1.70421,19,154.35,771.39
377500.0,142500.0,103.89891,1.289,19,14.55,29.69
486500.0,216500.0,104.87861,1.95873,19,155.58,207.13
486500.0,194500.0,104.87862,1.75969,19,38.82,3.32
479500.0,197500.0,104.81568,1.78683,19,65.34,21.48
466500.0,241500.0,104.69873,2.18489,19,66.36,70.73
498500.0,265500.0,104.98651,2.40205,19,62.07,88.01
310500.0,139500.0,103.29685,1.26154,19,47.24,7082.57
348500.0,117500.0,103.6384,1.06276,19,76.77,2131.06
394500.0,135500.0,104.05173,1.22574,19,12.17,48.95
306500.0,99500.0,103.26112,0.89979,19,2.07,1.96
348500.0,141500.0,103.6383,1.27983,19,49.27,1.98
497500.0,182500.0,104.97752,1.65113,19,138.13,10.34
473500.0,210500.0,104.76172,1.90444,19,170.13,20463.5
507500.0,217500.0,105.06744,1.96778,19,115.68,329.97
510500.0,282500.0,105.09445,2.55585,19,69.38,120.97
511500.0,285500.0,105.10345,2.58299,19,160.1,5279.0
274500.0,178500.0,102.97311,1.61392,19,48.73,4150.81
319500.0,142500.0,103.3777,1.28872,19,135.71,17.75
294500.0,156500.0,103.15299,1.41516,19,59.07,3426.32
284500.0,169500.0,103.06304,1.53263,19,144.6,3479.13
448500.0,160500.0,104.53704,1.45204,19,128.7,1267.35
469500.0,192500.0,104.72578,1.74158,19,56.95,122.71
471500.0,168500.0,104.74379,1.52445,19,100.95,74926.11
495500.0,203500.0,104.95954,1.84112,19,65.53,628.74
467500.0,211500.0,104.70777,1.91347,19,130.0,493.34
328500.0,110500.0,103.45873,0.99936,19,74.08,363.31
279500.0,172500.0,103.01809,1.55972,19,60.31,9049.87
340500.0,109500.0,103.56655,0.99037,19,11.12,134.45
357500.0,117500.0,103.71928,1.06279,19,67.13,42.36
472500.0,182500.0,104.75276,1.65111,19,39.97,341.53
473500.0,202500.0,104.76173,1.83206,19,97.84,11.3
304500.0,138500.0,103.24295,1.25246,19,69.49,3369.65
452500.0,163500.0,104.57299,1.47919,19,27.73,184.71
473500.0,169500.0,104.76177,1.5335,19,159.05,58.8
492500.0,227500.0,104.93256,2.05825,19,155.67,620.3
496500.0,247500.0,104.96852,2.2392,19,161.5,7751.81
302500.0,154500.0,103.22488,1.39713,19,54.64,66172.06
460500.0,217500.0,104.64482,1.96774,19,81.79,16.23
486500.0,235500.0,104.8786,2.13063,19,174.78,7178.27
501500.0,246500.0,105.01349,2.23015,19,73.2,976.39
369500.0,127500.0,103.82708,1.15329,19,118.44,735.69
457500.0,218500.0,104.61784,1.97679,19,163.68,3014.35
473500.0,200500.0,104.76173,1.81396,19,71.97,8.88
491500.0,233500.0,104.92356,2.11254,19,71.61,13297.99
318500.0,128500.0,103.36879,1.1621,19,47.35,8.45
306500.0,140500.0,103.26091,1.27056,19,53.23,26730.95
303500.0,142500.0,103.23394,1.28862,19,54.31,16364.01
500500.0,199500.0,105.0045,1.80493,19,149.23,824.02
406500.0,135500.0,104.15958,1.22578,19,4.84,622.41
303500.0,112500.0,103.23411,1.01734,19,28.15,600.11
473500.0,121500.0,104.76181,1.09924,19,177.06,660.22
509500.0,240500.0,105.08544,2.17587,19,175.14,1441.58
313500.0,130500.0,103.32386,1.18016,19,89.31,1011.28
499500.0,250500.0,104.9955,2.26634,19,149.53,5208.99
310500.0,136500.0,103.29687,1.23441,19,79.25,258.58
513500.0,174500.0,105.12137,1.57875,19,12.28,687.77
401500.0,134500.0,104.11464,1.21672,18,172.72,88.52
261500.0,180500.0,102.8563,1.63189,18,148.96,110.04
294500.0,163500.0,103.15293,1.47846,18,54.62,100.63
341500.0,118500.0,103.5755,1.07177,18,61.39,4329.22
363500.0,142500.0,103.77309,1.28894,18,14.93,2.19
417500.0,146500.0,104.25842,1.32532,18,21.02,2.1
444500.0,156500.0,104.50109,1.41585,18,30.14,12.46
456500.0,165500.0,104.60895,1.49729,18,125.83,334.24
461500.0,172500.0,104.65388,1.56063,18,23.41,26.72
468500.0,185500.0,104.7168,1.67825,18,52.71,1144.03
463500.0,177500.0,104.67186,1.60587,18,56.56,52.77
463500.0,178500.0,104.67186,1.61491,18,56.38,98.4
471500.0,195500.0,104.74376,1.76873,18,55.33,31.12
483500.0,196500.0,104.85165,1.77779,18,75.73,1243.73
491500.0,223500.0,104.92357,2.02206,18,83.73,32.27
446500.0,236500.0,104.51888,2.1396,18,137.6,4053.16
482500.0,222500.0,104.84264,2.01301,18,162.67,7782.11
488500.0,248500.0,104.89657,2.24824,18,85.15,12.97
488500.0,270500.0,104.89656,2.44728,18,77.35,3577.55
513500.0,306500.0,105.12146,2.77297,18,65.57,434.1
456500.0,171500.0,104.60894,1.55157,18,42.33,16.61
455500.0,209500.0,104.59988,1.89536,18,73.03,128.62
490500.0,232500.0,104.91457,2.10349,18,76.72,10878.21
496500.0,245500.0,104.96852,2.2211,18,66.84,795.14
329500.0,133500.0,103.46761,1.20738,18,165.6,182.6
382500.0,110500.0,103.94396,0.99956,18,156.24,29.44
380500.0,128500.0,103.92593,1.16237,18,43.6,8.43
387500.0,131500.0,103.98883,1.18953,18,40.4,5.78
345500.0,143500.0,103.61133,1.2979,18,69.39,35.62
329500.0,131500.0,103.46762,1.18929,18,84.91,134.02
355500.0,126500.0,103.70127,1.14419,18,146.57,98.7
476500.0,174500.0,104.78873,1.57874,18,175.77,5.48
486500.0,217500.0,104.87861,1.96778,18,156.18,193.53
453500.0,207500.0,104.5819,1.87726,18,75.46,44.7
480500.0,201500.0,104.82467,1.82302,18,72.2,15457.49
465500.0,238500.0,104.68974,2.15774,18,66.65,61.33
466500.0,240500.0,104.69873,2.17584,18,67.6,40.56
378500.0,113500.0,103.908,1.02668,18,79.88,6.08
386500.0,132500.0,103.97984,1.19858,18,113.89,47.74
341500.0,98500.0,103.57558,0.89088,18,103.86,3875.61
411500.0,133500.0,104.20452,1.2077,18,3.12,21484.01
454500.0,166500.0,104.59097,1.50634,18,135.03,1212.91
475500.0,180500.0,104.77974,1.63302,18,30.38,15.18
470500.0,197500.0,104.73476,1.78682,18,42.82,6765.03
485500.0,244500.0,104.8696,2.21205,18,164.85,1374.56
461500.0,228500.0,104.65379,2.06726,18,164.2,403.74
498500.0,282500.0,104.98651,2.55585,18,102.43,611.09
503500.0,272500.0,105.03148,2.46538,18,165.4,97.53
428500.0,225500.0,104.35706,2.04003,18,6.6,7883.8
457500.0,165500.0,104.61794,1.49729,18,28.44,82.83
458500.0,183500.0,104.6269,1.66014,18,160.22,148.0
471500.0,186500.0,104.74377,1.6873,18,54.48,147.27
480500.0,199500.0,104.82467,1.80492,18,70.69,7.65
470500.0,194500.0,104.73477,1.75968,18,55.58,15455.08
483500.0,237500.0,104.85162,2.14872,18,156.96,68290.96
466500.0,243500.0,104.69872,2.20298,18,81.38,73.91
274500.0,171500.0,102.97318,1.55063,18,55.93,8133.71
351500.0,128500.0,103.66532,1.16226,18,159.36,55.63
408500.0,123500.0,104.17759,1.11723,18,132.67,20.93
275500.0,174500.0,102.98213,1.57777,18,60.64,1332.69
273500.0,182500.0,102.96409,1.65008,18,153.14,545.93
298500.0,150500.0,103.18897,1.36093,18,51.38,17427.85
411500.0,131500.0,104.20453,1.1896,18,102.02,16.37
416500.0,150500.0,104.24942,1.3615,18,127.84,7.77
458500.0,189500.0,104.62689,1.71442,18,84.44,184.91
458500.0,177500.0,104.62691,1.60586,18,140.13,3457.45
454500.0,183500.0,104.59094,1.66013,18,79.63,407.31
447500.0,200500.0,104.52797,1.81392,18,69.03,3.53
488500.0,274500.0,104.89656,2.48347,18,82.0,369.4
506500.0,193500.0,105.05844,1.75065,18,0.6,249543.63
505500.0,182500.0,105.04945,1.65113,18,37.63,1659.89
506500.0,194500.0,105.05844,1.7597,18,0.15,75510.62
502500.0,251500.0,105.02248,2.27539,18,66.85,2.49
322500.0,106500.0,103.40484,0.96316,18,130.72,504.68
342500.0,135500.0,103.58441,1.22553,18,75.25,354.27
435500.0,216500.0,104.42003,1.95863,18,146.76,783.04
490500.0,192500.0,104.91459,1.7416,18,152.35,14199.04
448500.0,226500.0,104.53689,2.04914,18,32.29,485.68
495500.0,246500.0,104.95953,2.23015,18,164.46,1902.39
464500.0,236500.0,104.68075,2.13965,18,67.8,100.58
508500.0,268500.0,105.07646,2.42919,18,161.64,4173.14
522500.0,310500.0,105.20244,2.80915,18,61.97,997.97
434500.0,137500.0,104.41124,1.24394,18,110.72,1576.38
465500.0,186500.0,104.68983,1.68729,18,134.92,5320.31
493500.0,234500.0,104.94155,2.12158,18,159.49,5880.96
493500.0,241500.0,104.94154,2.18491,18,74.99,141.87
498500.0,272500.0,104.98651,2.46538,18,100.93,16360.79
468500.0,191500.0,104.71679,1.73253,18,147.27,1888.48
471500.0,216500.0,104.74373,1.95872,18,56.61,4.74
458500.0,220500.0,104.62683,1.99488,18,165.32,5075.95
470500.0,215500.0,104.73474,1.94967,18,67.05,626.49
492500.0,244500.0,104.93255,2.21206,18,88.67,102.52
504500.0,298500.0,105.04049,2.7006,18,66.18,5417.63
479500.0,168500.0,104.81571,1.52446,18,47.44,24.79
479500.0,208500.0,104.81567,1.88635,18,122.46,268.16
319500.0,144500.0,103.37769,1.30681,18,96.62,1.97
422500.0,137500.0,104.30338,1.24391,18,42.6,6.0
309500.0,112500.0,103.28801,1.01736,18,179.4,1.82
467500.0,179500.0,104.70782,1.62397,18,42.96,294.29
449500.0,228500.0,104.54588,2.06724,18,58.71,1178.32
497500.0,194500.0,104.97752,1.7597,18,22.3,1408.38
247500.0,182500.0,102.73051,1.64983,17,63.86,14445.55
329500.0,130500.0,103.46762,1.18025,17,97.89,33.6
374500.0,141500.0,103.87196,1.27994,17,27.4,33.92
404500.0,133500.0,104.14161,1.20768,17,163.73,148.84
455500.0,164500.0,104.59996,1.48824,17,119.66,4161.86
452500.0,164500.0,104.57299,1.48824,17,35.41,88.16
459500.0,177500.0,104.6359,1.60586,17,138.48,6590.64
455500.0,185500.0,104.59992,1.67823,17,87.31,20.6
462500.0,181500.0,104.66286,1.64205,17,62.96,25.21
455500.0,179500.0,104.59993,1.62395,17,114.16,3.49
490500.0,217500.0,104.91458,1.96778,17,76.77,5385.5
474500.0,223500.0,104.7707,2.02205,17,160.18,97.02
489500.0,239500.0,104.90557,2.16682,17,72.43,79.66
467500.0,254500.0,104.7077,2.3025,17,153.48,14265.74
506500.0,282500.0,105.05847,2.55585,17,71.22,2842.75
512500.0,304500.0,105.11246,2.75488,17,64.73,252.58
510500.0,192500.0,105.0944,1.7416,17,153.64,157.68
249500.0,180500.0,102.7485,1.63177,17,66.08,39461.82
483500.0,211500.0,104.85164,1.91349,17,78.42,97.84
479500.0,193500.0,104.81569,1.75064,17,160.84,34.23
259500.0,188500.0,102.83825,1.70419,17,65.9,2819.51
342500.0,140500.0,103.58439,1.27076,17,35.04,4.93
462500.0,167500.0,104.66288,1.5154,17,19.5,625.75
482500.0,193500.0,104.84266,1.75064,17,68.11,360.57
474500.0,193500.0,104.77073,1.75064,17,140.45,128.1
474500.0,195500.0,104.77073,1.76873,17,43.72,72.31
477500.0,204500.0,104.79769,1.85016,17,62.74,970.92
479500.0,202500.0,104.81568,1.83207,17,58.2,66.06
470500.0,223500.0,104.73473,2.02204,17,165.4,77932.17
486500.0,248500.0,104.87859,2.24824,17,68.41,23.85
516500.0,308500.0,105.14846,2.79106,17,54.96,14.08
346500.0,118500.0,103.62043,1.07179,17,59.05,752.05
410500.0,115500.0,104.19558,1.04486,17,89.05,5.35
256500.0,182500.0,102.81136,1.64992,17,64.42,3495.11
311500.0,111500.0,103.30599,1.00833,17,87.58,1.62
301500.0,112500.0,103.21614,1.01733,17,30.7,2367.61
279500.0,180500.0,103.01802,1.63205,17,141.76,856.01
397500.0,153500.0,104.07863,1.38858,17,30.11,9.21
483500.0,176500.0,104.85166,1.59684,17,97.89,21148.91
460500.0,179500.0,104.64488,1.62396,17,81.46,8.07
480500.0,197500.0,104.82467,1.78683,17,65.43,65.2
489500.0,218500.0,104.90558,1.97683,17,151.48,2516.64
486500.0,247500.0,104.87859,2.23919,17,70.88,72.36
496500.0,238500.0,104.96852,2.15777,17,158.6,30814.27
499500.0,298500.0,104.9955,2.7006,17,158.73,193.69
527500.0,194500.0,105.24725,1.75968,17,22.74,4232.17
282500.0,160500.0,103.04514,1.45124,17,59.52,9571.86
334500.0,137500.0,103.51251,1.24358,17,142.4,3.23
378500.0,131500.0,103.90794,1.1895,17,163.51,72.63
346500.0,121500.0,103.62042,1.09893,17,150.3,35.82
427500.0,149500.0,104.34829,1.35248,17,136.34,102.79
446500.0,159500.0,104.51906,1.44299,17,122.8,6550.25
485500.0,243500.0,104.8696,2.203,17,174.06,168.62
509500.0,281500.0,105.08546,2.5468,17,161.26,32811.56
410500.0,107500.0,104.1956,0.97249,17,142.75,20.87
323500.0,135500.0,103.41368,1.22544,17,73.63,650.43
391500.0,144500.0,104.02473,1.30714,17,152.24,4.08
489500.0,157500.0,104.90561,1.42495,17,147.9,14813.66
460500.0,180500.0,104.64488,1.633,17,58.0,3234.0
482500.0,171500.0,104.84267,1.5516,17,172.65,33.68
462500.0,171500.0,104.66288,1.55158,17,123.39,1068.73
482500.0,192500.0,104.84266,1.7416,17,64.77,628.92
451500.0,177500.0,104.56398,1.60585,17,151.67,23.44
469500.0,207500.0,104.72576,1.87729,17,66.79,26.63
476500.0,223500.0,104.78868,2.02205,17,153.51,57688.07
499500.0,253500.0,104.9955,2.29348,17,65.78,882.97
503500.0,149500.0,105.03146,1.35257,17,60.99,266518.01
500500.0,174500.0,105.0045,1.57875,17,75.87,530.12
506500.0,288500.0,105.05847,2.61013,17,154.33,432.68
268500.0,169500.0,102.91929,1.5325,17,59.9,9327.45
257500.0,183500.0,102.82033,1.65897,17,54.66,369.97
327500.0,139500.0,103.4496,1.26163,17,149.83,1.19
449500.0,160500.0,104.54603,1.45204,17,36.14,23.47
454500.0,203500.0,104.5909,1.84107,17,70.07,666.12
485500.0,194500.0,104.86963,1.75969,17,25.19,4.24
487500.0,246500.0,104.88758,2.23015,17,153.25,23188.3
496500.0,260500.0,104.96852,2.35681,17,53.89,1721.35
495500.0,259500.0,104.95953,2.34776,17,54.62,12071.66
508500.0,265500.0,105.07645,2.40205,17,160.16,590.69
522500.0,312500.0,105.20245,2.82724,17,65.73,104891.96
451500.0,171500.0,104.56399,1.55157,17,71.75,464.26
491500.0,243500.0,104.92356,2.20301,17,73.71,302.68
490500.0,268500.0,104.91455,2.42919,17,64.97,34428.18
497500.0,274500.0,104.97751,2.48347,17,154.16,16103.51
502500.0,175500.0,105.02248,1.5878,17,113.43,6886.57
435500.0,266500.0,104.41985,2.41097,17,2.67,7257.48
466500.0,189500.0,104.69881,1.71444,17,143.68,59814.93
486500.0,209500.0,104.87861,1.8954,17,144.68,1068.3
495500.0,211500.0,104.95954,1.9135,17,11.44,1786.87
498500.0,211500.0,104.98651,1.9135,17,179.2,52946.15
494500.0,238500.0,104.95054,2.15777,17,76.1,1477.91
349500.0,113500.0,103.64741,1.02658,17,176.62,229.45
412500.0,144500.0,104.21348,1.30721,17,176.81,208.69
457500.0,220500.0,104.61784,1.99488,17,70.62,823.4
339500.0,106500.0,103.55758,0.96323,17,103.94,224.88
335500.0,126500.0,103.52155,1.1441,17,33.68,734.69
407500.0,135500.0,104.16857,1.22578,17,6.57,1318.38
409500.0,126500.0,104.18657,1.14437,17,43.27,134.42
472500.0,310500.0,104.75257,2.80914,17,22.43,44982.72
333500.0,137500.0,103.50353,1.24358,17,156.87,27.31
453500.0,232500.0,104.58184,2.10343,17,86.14,2330.0
368500.0,163500.0,103.81794,1.47892,17,68.78,1.7
491500.0,213500.0,104.92357,1.93159,17,65.47,6876.0
469500.0,162500.0,104.72582,1.47017,17,48.67,3218.44
250500.0,180500.0,102.75748,1.63178,17,66.12,56381.81
495500.0,265500.0,104.95952,2.40205,17,176.03,104.18
511500.0,238500.0,105.10342,2.15777,17,25.17,2854.37
411500.0,125500.0,104.20454,1.13533,17,171.15,10447.49
260500.0,190500.0,102.84722,1.72228,16,67.15,3359.25
359500.0,119500.0,103.73724,1.08089,16,36.95,14.08
360500.0,120500.0,103.74622,1.08994,16,47.06,67.26
275500.0,165500.0,102.98221,1.49639,16,59.37,10199.65
250500.0,194500.0,102.75733,1.75834,16,56.56,3663.83
322500.0,141500.0,103.40466,1.27969,16,147.76,7.32
377500.0,123500.0,103.89898,1.11713,16,125.47,2.89
438500.0,155500.0,104.44716,1.40679,16,130.85,5253.07
439500.0,172500.0,104.45611,1.56059,16,154.8,1969.09
459500.0,153500.0,104.63593,1.38873,16,131.31,13848.15
451500.0,183500.0,104.56397,1.66013,16,173.35,1778.32
471500.0,173500.0,104.74378,1.56969,16,26.56,27.96
490500.0,216500.0,104.91458,1.95873,16,167.2,46014.82
489500.0,212500.0,104.90559,1.92254,16,73.63,6808.3
491500.0,222500.0,104.92357,2.01302,16,70.12,114.07
483500.0,224500.0,104.85163,2.03111,16,165.14,4727.24
485500.0,223500.0,104.86961,2.02206,16,74.42,6216.23
484500.0,229500.0,104.86061,2.07634,16,72.46,17785.84
484500.0,237500.0,104.86061,2.14872,16,99.24,9130.48
484500.0,228500.0,104.86062,2.0673,16,162.38,1145456.91
460500.0,235500.0,104.64478,2.13059,16,170.49,3276.2
488500.0,237500.0,104.89658,2.14872,16,81.45,191.78
488500.0,247500.0,104.89657,2.2392,16,176.63,1837.43
488500.0,252500.0,104.89657,2.28443,16,158.11,3093.48
488500.0,269500.0,104.89656,2.43823,16,15.51,2294.0
497500.0,253500.0,104.97752,2.29348,16,61.11,340.36
500500.0,278500.0,105.0045,2.51966,16,73.89,2563.59
501500.0,278500.0,105.01349,2.51966,16,162.14,3408.82
282500.0,165500.0,103.0451,1.49645,16,55.49,7769.57
483500.0,213500.0,104.85164,1.93159,16,76.32,48.1
282500.0,172500.0,103.04504,1.55974,16,48.99,4536.56
347500.0,139500.0,103.62932,1.26173,16,78.24,242.61
423500.0,135500.0,104.31237,1.22582,16,86.7,199.44
426500.0,136500.0,104.33934,1.23487,16,12.92,8.11
273500.0,170500.0,102.9642,1.54158,16,53.64,1876.95
262500.0,188500.0,102.86521,1.70422,16,157.08,68.2
263500.0,188500.0,102.87419,1.70423,16,157.61,2795.81
307500.0,155500.0,103.2698,1.40621,16,141.15,57.28
326500.0,140500.0,103.44061,1.27067,16,135.99,3.77
440500.0,211500.0,104.465,1.91342,16,122.34,14201.93
459500.0,179500.0,104.63589,1.62396,16,137.75,2.06
470500.0,204500.0,104.73475,1.85015,16,179.06,36.52
471500.0,209500.0,104.74374,1.89539,16,4.16,3.02
477500.0,198500.0,104.7977,1.79587,16,58.96,75.49
447500.0,212500.0,104.52794,1.92248,16,175.02,717301.23
486500.0,215500.0,104.87861,1.94968,16,80.86,7083.81
489500.0,199500.0,104.90559,1.80493,16,7.18,6192.82
480500.0,210500.0,104.82466,1.90444,16,155.01,24405.67
490500.0,255500.0,104.91456,2.31157,16,157.02,5687.95
467500.0,250500.0,104.7077,2.26631,16,164.28,62865.33
509500.0,191500.0,105.08541,1.73255,16,108.33,93789.0
509500.0,229500.0,105.08543,2.07635,16,75.07,236.6
503500.0,269500.0,105.03148,2.43824,16,167.82,967.92
502500.0,283500.0,105.02249,2.5649,16,160.03,1991.86
343500.0,136500.0,103.59339,1.23458,16,104.03,450.37
385500.0,132500.0,103.97085,1.19857,16,3.1,8.51
341500.0,99500.0,103.57557,0.89993,16,17.84,1333.37
343500.0,120500.0,103.59346,1.08987,16,53.78,3549.71
342500.0,125500.0,103.58446,1.13509,16,157.86,10.35
420500.0,98500.0,104.28549,0.89109,16,42.96,3934.45
411500.0,134500.0,104.20452,1.21674,16,2.52,11730.67
489500.0,178500.0,104.9056,1.61494,16,104.71,83485.27
474500.0,213500.0,104.77071,1.93158,16,164.19,3336116.46
518500.0,262500.0,105.1664,2.3749,16,114.28,116780.68
520500.0,307500.0,105.18444,2.78201,16,61.31,2043.38
349500.0,128500.0,103.64734,1.16225,16,70.05,7.07
353500.0,114500.0,103.68334,1.03564,16,36.88,89.48
405500.0,123500.0,104.15062,1.11722,16,139.6,59.3
444500.0,163500.0,104.50108,1.47918,16,130.17,14812.02
496500.0,205500.0,104.96853,1.85922,16,154.61,12200.83
475500.0,253500.0,104.77965,2.29346,16,173.76,2585.85
501500.0,229500.0,105.01349,2.07635,16,16.93,201516.15
303500.0,101500.0,103.23416,0.91786,16,168.98,64.39
328500.0,132500.0,103.45862,1.19833,16,156.18,19.3
344500.0,141500.0,103.60235,1.27981,16,71.89,9.98
327500.0,111500.0,103.44974,1.0084,16,25.63,10633.27
293500.0,167500.0,103.14392,1.51462,16,137.78,944.36
341500.0,103500.0,103.57556,0.9361,16,3.09,158.84
410500.0,122500.0,104.19556,1.10818,16,175.79,551.96
443500.0,154500.0,104.49211,1.39775,16,15.16,4.95
438500.0,207500.0,104.44703,1.87722,16,3.82,2774.94
470500.0,180500.0,104.73478,1.63302,16,29.71,11.19
497500.0,172500.0,104.97752,1.56066,16,103.08,4059.38
447500.0,169500.0,104.52803,1.53346,16,69.49,47475.8
474500.0,180500.0,104.77075,1.63302,16,31.15,200.77
501500.0,271500.0,105.01349,2.45633,16,79.28,8.01
316500.0,128500.0,103.35082,1.16209,16,153.83,417.7
318500.0,146500.0,103.36869,1.32489,16,21.91,1.48
439500.0,159500.0,104.45614,1.44298,16,56.97,207.23
440500.0,160500.0,104.46513,1.45203,16,131.28,9246.46
475500.0,206500.0,104.77971,1.86825,16,136.6,2490.18
508500.0,285500.0,105.07646,2.58299,16,159.05,123627.63
327500.0,119500.0,103.4497,1.08075,16,69.17,147.98
416500.0,103500.0,104.24953,0.93632,16,139.16,7464.7
467500.0,186500.0,104.70781,1.6873,16,47.57,44.3
470500.0,208500.0,104.73475,1.88634,16,157.59,718387.98
493500.0,245500.0,104.94154,2.2211,16,167.03,9689.94
500500.0,244500.0,105.0045,2.21206,16,71.97,73.97
500500.0,246500.0,105.0045,2.23015,16,69.59,3352.16
409500.0,121500.0,104.18658,1.09914,16,162.54,1.64
428500.0,241500.0,104.357,2.18478,16,26.39,20130.52
463500.0,184500.0,104.67185,1.6692,16,142.6,978334.03
482500.0,188500.0,104.84266,1.70541,16,126.82,418954.92
454500.0,194500.0,104.59091,1.75965,16,70.27,11.78
449500.0,210500.0,104.54592,1.90439,16,170.64,1526.48
482500.0,204500.0,104.84265,1.85016,16,153.69,75722.97
450500.0,207500.0,104.55492,1.87725,16,167.34,17410.16
479500.0,201500.0,104.81568,1.82302,16,51.93,1628.08
482500.0,199500.0,104.84265,1.80493,16,60.07,209.9
492500.0,245500.0,104.93255,2.2211,16,88.93,170.01
473500.0,223500.0,104.7617,2.02205,16,166.08,1771.86
479500.0,266500.0,104.81561,2.41108,16,159.09,1716507.26
478500.0,270500.0,104.80661,2.44727,16,167.45,8070.86
461500.0,294500.0,104.65364,2.66437,16,35.63,297152.63
499500.0,305500.0,104.9955,2.76393,16,2.2,56.58
310500.0,118500.0,103.29697,1.07163,16,171.04,4929.2
302500.0,143500.0,103.22495,1.29766,16,146.04,5826.09
458500.0,156500.0,104.62694,1.41587,16,145.53,62.38
456500.0,157500.0,104.60896,1.42492,16,54.56,28049.54
452500.0,177500.0,104.57297,1.60585,16,66.72,430.86
464500.0,226500.0,104.68077,2.04918,16,171.58,192016.11
491500.0,228500.0,104.92356,2.0673,16,64.0,251.58
311500.0,114500.0,103.30597,1.03546,16,116.18,3.05
333500.0,127500.0,103.50358,1.15313,16,127.71,9.35
424500.0,104500.0,104.32142,0.94538,16,72.63,5419.3
339500.0,107500.0,103.55757,0.97228,16,104.86,178.92
421500.0,137500.0,104.29439,1.24391,16,3.29,124.94
473500.0,196500.0,104.76174,1.77778,16,152.75,695.51
341500.0,129500.0,103.57545,1.17126,16,99.39,43.18
486500.0,195500.0,104.87862,1.76874,16,57.26,2353.58
491500.0,232500.0,104.92356,2.10349,16,155.38,8430.52
496500.0,231500.0,104.96853,2.09444,16,64.84,1540.14
321500.0,134500.0,103.39572,1.21638,16,50.15,1915.04
320500.0,135500.0,103.38673,1.22542,16,48.42,4542.58
346500.0,144500.0,103.62031,1.30695,16,141.72,179.25
433500.0,100500.0,104.40232,0.9092,16,75.76,33423.94
499500.0,297500.0,104.9955,2.69156,16,59.51,790.56
338500.0,128500.0,103.5485,1.1622,16,133.04,729.19
451500.0,216500.0,104.56389,1.95868,16,64.58,107.23
477500.0,181500.0,104.79772,1.64207,16,70.34,1.93
341500.0,138500.0,103.57541,1.25266,15,150.0,4.48
435500.0,156500.0,104.42019,1.41583,15,52.52,12.59
259500.0,174500.0,102.83839,1.57762,15,57.22,7054.83
331500.0,138500.0,103.48555,1.25261,15,152.52,19.73
277500.0,169500.0,103.00015,1.53258,15,56.03,7481.17
352500.0,112500.0,103.67437,1.01755,15,46.33,22.91
398500.0,151500.0,104.08762,1.37049,15,86.33,3.57
442500.0,212500.0,104.48298,1.92247,15,95.87,576.94
460500.0,153500.0,104.64492,1.38873,15,43.22,13204.78
450500.0,150500.0,104.55504,1.36158,15,5.75,5125.17
485500.0,220500.0,104.86961,1.99492,15,68.46,991.43
446500.0,237500.0,104.51888,2.14865,15,50.23,669.02
476500.0,229500.0,104.78867,2.07634,15,153.98,6.55
486500.0,222500.0,104.8786,2.01301,15,66.63,238.69
493500.0,260500.0,104.94154,2.35681,15,139.15,114.98
502500.0,266500.0,105.02249,2.41109,15,68.46,116.89
513500.0,297500.0,105.12145,2.69155,15,176.56,2027.93
505500.0,279500.0,105.04947,2.52871,15,88.96,2072.0
507500.0,286500.0,105.06747,2.59204,15,67.21,237.22
253500.0,182500.0,102.78441,1.64989,15,63.32,1405.26
286500.0,169500.0,103.08101,1.53265,15,49.79,18943.14
469500.0,185500.0,104.72579,1.67825,15,56.22,31.14
466500.0,239500.0,104.69873,2.16679,15,69.37,22.47
313500.0,148500.0,103.32375,1.34295,15,46.08,7296.97
314500.0,141500.0,103.33278,1.27965,15,52.84,11176.11
356500.0,125500.0,103.71026,1.13515,15,156.55,34.62
479500.0,207500.0,104.81567,1.8773,15,55.51,127.6
486500.0,212500.0,104.87861,1.92254,15,140.75,482.91
476500.0,202500.0,104.7887,1.83206,15,64.72,145379.78
467500.0,209500.0,104.70777,1.89538,15,72.95,13.39
476500.0,203500.0,104.7887,1.84111,15,62.74,32676.67
484500.0,207500.0,104.86063,1.87731,15,73.68,59.84
476500.0,200500.0,104.78871,1.81397,15,23.72,2.18
498500.0,232500.0,104.98651,2.10349,15,159.99,820.68
467500.0,243500.0,104.70772,2.20298,15,60.8,60.22
332500.0,132500.0,103.49457,1.19835,15,137.92,286.9
337500.0,129500.0,103.53951,1.17124,15,171.38,181.04
405500.0,131500.0,104.1506,1.18959,15,134.05,20.85
442500.0,154500.0,104.48312,1.39775,15,22.08,3.45
296500.0,152500.0,103.17098,1.37901,15,54.8,3221.47
293500.0,158500.0,103.14399,1.43324,15,53.48,4308.23
423500.0,148500.0,104.31234,1.34343,15,122.0,117.2
477500.0,212500.0,104.79769,1.92253,15,23.04,64.82
486500.0,230500.0,104.8786,2.08539,15,87.75,8.98
486500.0,231500.0,104.8786,2.09444,15,72.96,30.44
277500.0,176500.0,103.00009,1.59587,15,48.52,1069.18
407500.0,136500.0,104.16856,1.23483,15,157.84,98.81
491500.0,148500.0,104.92359,1.34352,15,42.87,421619.31
470500.0,185500.0,104.73478,1.67825,15,56.14,233.86
464500.0,215500.0,104.68079,1.94966,15,60.0,12.67
500500.0,240500.0,105.0045,2.17587,15,70.32,272.48
247500.0,188500.0,102.73045,1.70407,15,68.19,6642.33
279500.0,162500.0,103.01817,1.4693,15,58.46,2728.14
299500.0,162500.0,103.19787,1.46945,15,136.49,1789.61
470500.0,178500.0,104.73479,1.61492,15,36.93,27.2
447500.0,192500.0,104.52798,1.74154,15,17.36,218656.81
497500.0,224500.0,104.97752,2.03111,15,76.48,296.82
311500.0,113500.0,103.30598,1.02642,15,177.09,1.42
435500.0,172500.0,104.42015,1.56058,15,68.1,1044.97
456500.0,149500.0,104.60897,1.35254,15,136.54,1817.53
497500.0,187500.0,104.97752,1.69637,15,111.17,212432.29
471500.0,171500.0,104.74379,1.55159,15,125.62,41.49
471500.0,197500.0,104.74375,1.78682,15,155.25,251797.46
493500.0,243500.0,104.94154,2.20301,15,76.32,723.89
491500.0,246500.0,104.92356,2.23015,15,161.28,282.83
493500.0,228500.0,104.94155,2.0673,15,60.17,238.26
470500.0,307500.0,104.73458,2.782,15,165.72,78.34
483500.0,308500.0,104.85154,2.79106,15,113.19,713446.18
509500.0,269500.0,105.08545,2.43823,15,164.05,17491.69
509500.0,270500.0,105.08545,2.44728,15,163.53,431064.43
506500.0,278500.0,105.05847,2.51966,15,66.28,147.68
522500.0,311500.0,105.20244,2.8182,15,62.44,1064.52
259500.0,190500.0,102.83823,1.72227,15,66.29,4963.17
251500.0,195500.0,102.76631,1.76739,15,59.16,1759.22
384500.0,131500.0,103.96187,1.18952,15,4.76,9.3
340500.0,141500.0,103.56641,1.27979,15,36.9,6839.56
434500.0,138500.0,104.41124,1.25298,15,90.71,89.9
481500.0,162500.0,104.83369,1.47018,15,101.79,2902733.66
497500.0,189500.0,104.97752,1.71446,15,93.57,60.12
472500.0,169500.0,104.75278,1.5335,15,92.59,2458.77
490500.0,189500.0,104.91459,1.71446,15,110.6,1546264.42
493500.0,233500.0,104.94155,2.11254,15,163.83,96494.56
489500.0,231500.0,104.90558,2.09444,15,170.79,689627.68
486500.0,229500.0,104.8786,2.07634,15,80.58,7.58
494500.0,301500.0,104.95052,2.72774,15,65.51,1210421.69
517500.0,259500.0,105.1574,2.34776,15,169.34,62090.64
520500.0,310500.0,105.18445,2.80915,15,64.27,802.44
314500.0,135500.0,103.33282,1.22539,15,53.53,14126.92
310500.0,137500.0,103.29687,1.24345,15,52.94,8458.81
407500.0,119500.0,104.16861,1.08104,15,55.63,32.96
408500.0,135500.0,104.17755,1.22578,15,156.29,9531.6
429500.0,240500.0,104.36599,2.17573,15,27.33,5227.19
447500.0,199500.0,104.52797,1.80487,15,16.97,552.39
318500.0,144500.0,103.36871,1.3068,15,28.13,809.45
421500.0,180500.0,104.29427,1.63291,15,18.97,922.21
477500.0,172500.0,104.79772,1.56065,15,56.93,7.83
453500.0,173500.0,104.58196,1.56966,15,148.72,1133.58
464500.0,224500.0,104.68077,2.03108,15,76.85,7.08
330500.0,132500.0,103.4766,1.19834,15,98.51,115492.63
280500.0,172500.0,103.02707,1.55973,15,59.48,5935.73
440500.0,231500.0,104.46494,2.09435,15,104.39,788.18
460500.0,197500.0,104.64485,1.7868,15,155.43,2900.92
452500.0,216500.0,104.57289,1.95868,15,178.82,4420.83
318500.0,101500.0,103.36892,0.91793,15,39.37,259.0
499500.0,243500.0,104.9955,2.20301,15,76.13,1102.98
511500.0,304500.0,105.10347,2.75488,15,146.63,14455.45
287500.0,157500.0,103.09009,1.42415,15,65.05,52268.79
390500.0,95500.0,104.01589,0.86389,15,67.29,194.44
491500.0,211500.0,104.92357,1.9135,15,72.88,82.06
310500.0,105500.0,103.29703,0.95407,15,90.06,5815.96
412500.0,146500.0,104.21348,1.3253,15,84.65,414.84
459500.0,217500.0,104.63583,1.96774,15,178.35,8157.23
483500.0,272500.0,104.85158,2.46537,15,33.74,4856.39
392500.0,131500.0,104.03376,1.18955,15,65.2,4550.21
464500.0,182500.0,104.68084,1.6511,15,132.3,13913.38
459500.0,202500.0,104.63585,1.83204,15,173.86,1273.74
422500.0,97500.0,104.30346,0.88205,15,126.18,21.42
477500.0,188500.0,104.79771,1.7054,15,61.19,243.33
448500.0,171500.0,104.53702,1.55156,15,157.2,234.99
494500.0,203500.0,104.95055,1.84112,15,2.88,3.84
452500.0,145500.0,104.57302,1.31635,15,111.27,3738.92
523500.0,171500.0,105.21127,1.5516,15,103.03,16086.86
524500.0,171500.0,105.22025,1.5516,15,102.28,56986.65
514500.0,175500.0,105.13036,1.5878,15,100.5,11309.58
340500.0,122500.0,103.5665,1.10795,14,55.93,6744.52
378500.0,121500.0,103.90798,1.09905,14,58.69,4.0
251500.0,179500.0,102.76647,1.62275,14,61.3,7612.04
316500.0,145500.0,103.35073,1.31583,14,46.46,5105.52
288500.0,168500.0,103.09899,1.52362,14,50.56,3258.01
340500.0,136500.0,103.56643,1.23457,14,139.52,1.3
343500.0,111500.0,103.5935,1.00847,14,104.66,719.53
384500.0,145500.0,103.96182,1.31616,14,94.34,2.81
448500.0,150500.0,104.53706,1.36157,14,5.86,8191.47
462500.0,179500.0,104.66286,1.62396,14,155.47,3027.24
474500.0,192500.0,104.77073,1.74159,14,51.65,69.98
473500.0,191500.0,104.76174,1.73254,14,48.62,26.31
477500.0,195500.0,104.7977,1.76873,14,45.66,17.62
480500.0,209500.0,104.82466,1.8954,14,64.85,101.03
476500.0,193500.0,104.78871,1.75064,14,61.11,20.24
484500.0,220500.0,104.86062,1.99492,14,66.1,117.5
488500.0,210500.0,104.8966,1.90445,14,67.18,416.75
491500.0,245500.0,104.92356,2.2211,14,68.55,20.32
481500.0,270500.0,104.83359,2.44727,14,165.71,5705.47
498500.0,253500.0,104.98651,2.29348,14,76.4,76.29
499500.0,262500.0,104.9955,2.37491,14,158.44,671.25
502500.0,264500.0,105.02249,2.393,14,71.84,3797.6
507500.0,259500.0,105.06746,2.34776,14,162.46,25759.22
512500.0,305500.0,105.11246,2.76393,14,157.5,3749.64
400500.0,136500.0,104.10565,1.2348,14,32.27,286.41
469500.0,189500.0,104.72578,1.71444,14,56.79,86.0
473500.0,218500.0,104.76171,1.97681,14,161.12,2.27
476500.0,198500.0,104.78871,1.79587,14,64.95,133.45
296500.0,160500.0,103.17093,1.45135,14,138.43,1596.21
296500.0,155500.0,103.17096,1.40613,14,56.6,7990.47
299500.0,155500.0,103.19792,1.40615,14,60.75,805.67
349500.0,142500.0,103.64728,1.28888,14,102.37,25.23
272500.0,167500.0,102.95524,1.51445,14,43.57,2.29
264500.0,197500.0,102.88308,1.78561,14,49.77,23.97
411500.0,108500.0,104.20458,0.98154,14,53.01,256.64
470500.0,175500.0,104.73479,1.58778,14,179.25,9.74
466500.0,187500.0,104.69881,1.69634,14,97.62,1.17
477500.0,223500.0,104.79767,2.02205,14,58.69,1.47
493500.0,236500.0,104.94155,2.13968,14,76.02,192.07
487500.0,225500.0,104.88759,2.04016,14,68.86,45.47
469500.0,270500.0,104.72566,2.44726,14,110.87,592.02
490500.0,259500.0,104.91455,2.34776,14,158.26,107122.84
490500.0,258500.0,104.91456,2.33871,14,158.65,40764.7
500500.0,260500.0,105.0045,2.35681,14,159.82,428181.25
515500.0,307500.0,105.13946,2.78202,14,56.07,30.97
294500.0,157500.0,103.15298,1.4242,14,53.85,5683.94
267500.0,174500.0,102.91026,1.5777,14,58.16,15088.54
263500.0,195500.0,102.87412,1.76752,14,130.21,11.22
340500.0,123500.0,103.56649,1.11699,14,176.64,3904.88
487500.0,214500.0,104.8876,1.94064,14,68.85,650.14
477500.0,200500.0,104.7977,1.81397,14,152.24,72815.54
458500.0,210500.0,104.62685,1.90441,14,117.9,27.36
465500.0,234500.0,104.68975,2.12155,14,74.01,4.09
488500.0,236500.0,104.89658,2.13968,14,75.16,58.41
465500.0,240500.0,104.68974,2.17584,14,160.49,27457.23
487500.0,248500.0,104.88758,2.24824,14,167.23,357.42
498500.0,267500.0,104.98651,2.42014,14,158.92,154728.36
484500.0,276500.0,104.86057,2.50156,14,151.75,25470.79
500500.0,163500.0,105.00449,1.47923,14,55.43,22224.44
511500.0,280500.0,105.10345,2.53775,14,69.76,145.09
329500.0,139500.0,103.46757,1.26164,14,33.51,1.6
284500.0,159500.0,103.06312,1.44221,14,149.84,672.77
431500.0,145500.0,104.38426,1.31631,14,132.99,5433.41
417500.0,148500.0,104.25841,1.34341,14,31.29,1.84
415500.0,147500.0,104.24044,1.33436,14,139.36,1.17
445500.0,164500.0,104.51006,1.48822,14,131.29,150.5
464500.0,177500.0,104.68085,1.60587,14,152.39,125939.21
459500.0,196500.0,104.63587,1.77776,14,178.78,2555.79
455500.0,196500.0,104.5999,1.77775,14,77.38,814.38
489500.0,234500.0,104.90557,2.12158,14,164.56,643.45
507500.0,224500.0,105.06744,2.03111,14,103.26,12302.07
297500.0,135500.0,103.18008,1.22529,14,173.74,871.7
441500.0,153500.0,104.47413,1.3887,14,116.89,673.91
447500.0,161500.0,104.52805,1.46109,14,27.57,358.94
449500.0,186500.0,104.54598,1.68727,14,160.88,5936.47
476500.0,181500.0,104.78873,1.64207,14,37.06,32.69
473500.0,188500.0,104.76175,1.7054,14,34.64,10493.16
449500.0,182500.0,104.54599,1.65108,14,100.53,12.69
475500.0,181500.0,104.77974,1.64207,14,32.53,182.38
456500.0,218500.0,104.60885,1.97678,14,169.78,3230.53
459500.0,231500.0,104.6358,2.0944,14,158.6,1668.56
494500.0,227500.0,104.95054,2.05825,14,62.43,27950.55
499500.0,254500.0,104.9955,2.30253,14,69.82,924.82
494500.0,271500.0,104.95053,2.45633,14,158.39,106597.61
379500.0,126500.0,103.91695,1.14428,14,5.01,299.73
347500.0,149500.0,103.62927,1.35218,14,82.53,126.94
482500.0,200500.0,104.84265,1.81397,14,150.9,9222.33
486500.0,236500.0,104.87859,2.13967,14,89.67,147.73
491500.0,256500.0,104.92355,2.32062,14,75.99,7786.0
505500.0,277500.0,105.04947,2.51061,14,83.46,1366.45
416500.0,146500.0,104.24943,1.32531,14,178.81,1.58
417500.0,147500.0,104.25841,1.33436,14,33.69,4.35
463500.0,218500.0,104.67179,1.9768,14,41.17,344.52
497500.0,273500.0,104.97751,2.47442,14,100.43,3971.9
335500.0,115500.0,103.5216,1.04461,14,43.72,2990.53
477500.0,161500.0,104.79773,1.46113,14,76.86,3182.73
483500.0,189500.0,104.85165,1.71446,14,126.92,271247.35
471500.0,275500.0,104.74364,2.49249,14,7.17,223578.44
457500.0,99500.0,104.61802,0.90019,14,58.36,6.02
496500.0,199500.0,104.96853,1.80493,14,82.0,19807.61
481500.0,208500.0,104.83366,1.88635,14,66.76,181.33
491500.0,231500.0,104.92356,2.09444,14,160.09,1999.43
492500.0,233500.0,104.93255,2.11254,14,161.01,1527.14
326500.0,109500.0,103.44076,0.99031,14,91.18,207.29
303500.0,117500.0,103.23408,1.06255,14,36.98,1891.45
334500.0,115500.0,103.51262,1.04461,14,146.52,138.74
490500.0,237500.0,104.91457,2.14872,14,153.1,3489.13
391500.0,145500.0,104.02473,1.31619,14,42.62,14.01
499500.0,242500.0,104.9955,2.19396,14,75.56,191.14
521500.0,306500.0,105.19344,2.77296,14,150.49,16919.76
301500.0,159500.0,103.21586,1.44234,14,135.46,3483.29
453500.0,174500.0,104.58196,1.57871,14,153.76,1508.37
497500.0,232500.0,104.97752,2.10349,14,69.93,1435.2
337500.0,114500.0,103.53958,1.03558,14,103.28,6.77
456500.0,192500.0,104.6089,1.74156,14,175.59,3564.42
456500.0,191500.0,104.6089,1.73251,14,176.76,1690.53
282500.0,157500.0,103.04516,1.42411,14,55.62,7136.19
470500.0,184500.0,104.73478,1.66921,14,135.01,4121.9
480500.0,196500.0,104.82467,1.77778,14,136.57,2546.58
497500.0,225500.0,104.97752,2.04016,14,164.04,43355.13
495500.0,188500.0,104.95954,1.70541,14,113.64,64924.78
476500.0,254500.0,104.78864,2.30251,14,142.57,10139.47
390500.0,105500.0,104.01586,0.95435,14,20.88,378.59
470500.0,162500.0,104.73481,1.47017,14,105.49,12807.95
477500.0,187500.0,104.79771,1.69636,14,146.69,5341.34
477500.0,191500.0,104.79771,1.73254,14,123.88,21800.98
319500.0,129500.0,103.37777,1.17115,14,51.58,5.15
515500.0,175500.0,105.13935,1.58779,14,62.0,13.05
426500.0,144500.0,104.33932,1.30725,13,38.77,441.79
273500.0,166500.0,102.96423,1.50542,13,58.91,51648.27
323500.0,108500.0,103.41381,0.98125,13,12.0,24.74
313500.0,149500.0,103.32375,1.35199,13,136.42,84.69
361500.0,135500.0,103.75515,1.22562,13,176.77,2.17
435500.0,152500.0,104.4202,1.37964,13,130.02,2706.18
479500.0,165500.0,104.81571,1.49732,13,93.96,958.77
458500.0,155500.0,104.62694,1.40682,13,131.32,288.17
449500.0,150500.0,104.54605,1.36158,13,6.04,5565.96
447500.0,188500.0,104.52799,1.70536,13,42.36,171.04
462500.0,178500.0,104.66287,1.61491,13,60.16,272.04
452500.0,184500.0,104.57295,1.66918,13,92.19,34.93
480500.0,184500.0,104.82468,1.66922,13,171.45,919.39
447500.0,189500.0,104.52799,1.7144,13,57.87,2974.25
499500.0,177500.0,104.9955,1.60589,13,97.38,84293.72
455500.0,194500.0,104.59991,1.75965,13,69.19,15.26
483500.0,240500.0,104.85161,2.17586,13,174.54,2415.63
489500.0,241500.0,104.90557,2.18491,13,79.94,528.62
489500.0,240500.0,104.90557,2.17587,13,75.81,99.35
489500.0,254500.0,104.90556,2.30253,13,68.31,52.42
499500.0,275500.0,104.9955,2.49252,13,75.88,44.37
496500.0,251500.0,104.96852,2.27539,13,160.52,7872.3
496500.0,261500.0,104.96852,2.36586,13,47.59,4.5
488500.0,251500.0,104.89657,2.27538,13,158.96,16712.99
488500.0,250500.0,104.89657,2.26634,13,164.49,1993070.63
494500.0,260500.0,104.95053,2.35681,13,36.94,11.81
491500.0,257500.0,104.92355,2.32967,13,73.81,21.31
514500.0,157500.0,105.13035,1.42495,13,65.54,1994632.2
500500.0,281500.0,105.0045,2.5468,13,149.1,144956.4
460500.0,192500.0,104.64486,1.74157,13,62.4,1.47
502500.0,268500.0,105.02249,2.42919,13,71.84,209.51
454500.0,163500.0,104.59097,1.47919,13,122.02,6416.13
454500.0,175500.0,104.59095,1.58776,13,41.15,2.81
497500.0,245500.0,104.97752,2.2211,13,70.61,123.12
498500.0,245500.0,104.98651,2.2211,13,169.36,262.33
311500.0,112500.0,103.30598,1.01737,13,108.09,8.64
300500.0,95500.0,103.20724,0.86359,13,93.08,41.57
303500.0,105500.0,103.23414,0.95403,13,27.61,919.44
312500.0,142500.0,103.31481,1.28868,13,53.86,12011.92
390500.0,159500.0,104.01569,1.44283,13,149.97,9.34
443500.0,167500.0,104.49208,1.51536,13,80.46,213.22
443500.0,166500.0,104.49208,1.50631,13,175.02,110.09
466500.0,162500.0,104.69885,1.47016,13,98.28,2907.09
465500.0,164500.0,104.68985,1.48826,13,105.94,126062.25
479500.0,192500.0,104.81569,1.74159,13,57.82,52.21
446500.0,174500.0,104.51903,1.5787,13,177.05,65.32
491500.0,182500.0,104.92358,1.65113,13,90.68,45.21
485500.0,169500.0,104.86965,1.53351,13,89.93,101952.02
468500.0,201500.0,104.71678,1.82301,13,156.52,1.4
468500.0,204500.0,104.71677,1.85015,13,125.84,15.66
478500.0,206500.0,104.80668,1.86825,13,76.78,36.86
493500.0,239500.0,104.94154,2.16682,13,160.91,32449.19
452500.0,232500.0,104.57285,2.10343,13,5.09,559804.46
499500.0,265500.0,104.9955,2.40205,13,67.37,15.4
505500.0,191500.0,105.04945,1.73255,13,56.38,6450.31
377500.0,124500.0,103.89898,1.12618,13,68.88,10.55
382500.0,144500.0,103.94384,1.30711,13,10.73,15.3
423500.0,128500.0,104.31239,1.16249,13,61.42,1809.22
443500.0,155500.0,104.4921,1.4068,13,30.55,14.54
311500.0,110500.0,103.30599,0.99929,13,106.93,14.22
473500.0,161500.0,104.76177,1.46113,13,61.55,1711358.68
465500.0,206500.0,104.68979,1.86824,13,33.02,391.67
476500.0,210500.0,104.7887,1.90444,13,155.15,8147.65
487500.0,233500.0,104.88759,2.11253,13,70.6,7691.29
487500.0,245500.0,104.88758,2.2211,13,75.66,8770.05
495500.0,237500.0,104.95953,2.14873,13,158.65,17797.35
507500.0,216500.0,105.06744,1.95873,13,138.02,814820.7
524500.0,212500.0,105.2203,1.92253,13,93.68,40782.94
505500.0,291500.0,105.04948,2.63727,13,154.85,111366.43
519500.0,306500.0,105.17545,2.77297,13,63.38,203.14
408500.0,126500.0,104.17758,1.14436,13,12.92,1139.63
439500.0,152500.0,104.45615,1.37965,13,121.25,3979.63
453500.0,163500.0,104.58198,1.47919,13,24.1,56.13
453500.0,152500.0,104.582,1.37968,13,128.47,80845.45
477500.0,182500.0,104.79772,1.65112,13,44.07,66.99
451500.0,187500.0,104.56396,1.69632,13,169.02,5205.59
454500.0,182500.0,104.59094,1.65109,13,99.06,16.09
450500.0,182500.0,104.55498,1.65108,13,169.02,27404.06
454500.0,216500.0,104.59087,1.95869,13,1.06,7482.69
489500.0,232500.0,104.90558,2.10349,13,79.82,71.64
489500.0,245500.0,104.90557,2.2211,13,176.62,29511.17
464500.0,237500.0,104.68075,2.14869,13,158.98,25487.83
485500.0,242500.0,104.8696,2.19396,13,71.38,6.1
484500.0,241500.0,104.8606,2.18491,13,161.46,4990.23
500500.0,285500.0,105.0045,2.58299,13,68.5,754.13
267500.0,185500.0,102.91016,1.67715,13,157.99,1355.39
281500.0,179500.0,103.036,1.62303,13,140.11,540.11
478500.0,163500.0,104.80672,1.47922,13,79.37,24079.42
471500.0,178500.0,104.74378,1.61492,13,28.33,6971.28
481500.0,177500.0,104.83368,1.60589,13,94.97,6911.94
448500.0,183500.0,104.53699,1.66012,13,93.28,1734.23
461500.0,185500.0,104.65386,1.67824,13,45.1,11.51
450500.0,176500.0,104.55499,1.5968,13,79.91,50.31
459500.0,195500.0,104.63587,1.76871,13,60.51,4.82
486500.0,214500.0,104.87861,1.94064,13,71.77,62.17
464500.0,196500.0,104.68082,1.77776,13,46.33,842.63
497500.0,223500.0,104.97752,2.02207,13,165.67,5768.59
458500.0,254500.0,104.62675,2.30248,13,27.27,100.36
523500.0,280500.0,105.21139,2.53774,13,25.96,15507.33
297500.0,162500.0,103.1799,1.46944,13,48.91,2958.4
319500.0,145500.0,103.37769,1.31585,13,167.53,3.73
452500.0,162500.0,104.57299,1.47014,13,130.31,242723.41
493500.0,247500.0,104.94154,2.2392,13,72.18,138.95
515500.0,240500.0,105.13939,2.17586,13,137.51,22125.75
508500.0,269500.0,105.07646,2.43823,13,160.74,10568.39
523500.0,312500.0,105.21144,2.82724,13,61.52,26162.64
301500.0,155500.0,103.21589,1.40617,13,45.39,74779.16
300500.0,156500.0,103.20689,1.4152,13,44.41,37636.26
368500.0,126500.0,103.81809,1.14424,13,29.62,137.1
412500.0,108500.0,104.21357,0.98154,13,97.78,16.59
418500.0,148500.0,104.2674,1.34341,13,78.05,5.48
472500.0,189500.0,104.75276,1.71444,13,149.81,1353.71
474500.0,200500.0,104.77072,1.81397,13,82.93,71372.58
473500.0,201500.0,104.76173,1.82301,13,77.83,11.52
329500.0,120500.0,103.46767,1.08981,13,133.55,14.7
407500.0,120500.0,104.16861,1.09008,13,52.92,7.66
442500.0,178500.0,104.48307,1.61488,13,2.84,39352.27
458500.0,163500.0,104.62693,1.4792,13,114.71,3103221.7
482500.0,198500.0,104.84266,1.79588,13,50.0,19.88
485500.0,247500.0,104.86959,2.23919,13,157.13,20367.1
484500.0,252500.0,104.8606,2.28443,13,158.94,256879.87
495500.0,256500.0,104.95953,2.32062,13,66.98,6134.28
471500.0,277500.0,104.74363,2.51059,13,7.37,110126.88
505500.0,282500.0,105.04948,2.55585,13,61.56,1630.56
506500.0,286500.0,105.05847,2.59204,13,64.47,4156.53
350500.0,154500.0,103.65621,1.39742,13,151.64,3151.28
346500.0,148500.0,103.62029,1.34313,13,158.38,253845.88
432500.0,160500.0,104.39321,1.45201,13,149.84,19240.31
457500.0,96500.0,104.61802,0.87305,13,173.66,771.63
457500.0,157500.0,104.61795,1.42492,13,150.51,14.09
483500.0,161500.0,104.85167,1.46113,13,87.37,453132.74
457500.0,206500.0,104.61786,1.86822,13,85.56,228.4
461500.0,222500.0,104.6538,2.01298,13,66.12,216.85
487500.0,255500.0,104.88757,2.31157,13,178.11,7523.07
516500.0,175500.0,105.14834,1.58779,13,31.45,1649.33
282500.0,168500.0,103.04508,1.52358,13,45.42,86.25
406500.0,133500.0,104.15958,1.20768,13,154.49,328.54
335500.0,121500.0,103.52157,1.09888,13,59.41,4.49
436500.0,100500.0,104.42928,0.90921,13,94.03,65.23
415500.0,135500.0,104.24047,1.2258,13,131.44,2630.43
398500.0,153500.0,104.08762,1.38858,13,74.99,342.9
269500.0,178500.0,102.92819,1.61388,13,49.91,8160.69
410500.0,126500.0,104.19555,1.14437,13,135.18,656.18
303500.0,118500.0,103.23408,1.07159,13,17.18,335.59
458500.0,196500.0,104.62687,1.77775,13,19.88,27.78
493500.0,240500.0,104.94154,2.17587,13,76.37,628.61
491500.0,212500.0,104.92357,1.92255,13,66.15,4107.35
447500.0,157500.0,104.52806,1.4249,13,140.23,82.1
449500.0,185500.0,104.54598,1.67822,13,166.19,25295.32
455500.0,213500.0,104.59987,1.93155,13,165.67,1579.01
422500.0,96500.0,104.30346,0.873,13,18.53,3736.49
463500.0,160500.0,104.67188,1.45207,13,101.31,44543.78
444500.0,218500.0,104.50095,1.97675,13,10.26,36107.83
463500.0,250500.0,104.67173,2.2663,13,176.79,53837.52
312500.0,109500.0,103.31498,0.99025,13,100.11,14.32
497500.0,180500.0,104.97752,1.63304,13,10.13,300.29
524500.0,176500.0,105.22026,1.59683,13,5.68,16314.86
297500.0,117500.0,103.18018,1.06252,12,5.28,26.41
291500.0,158500.0,103.12602,1.43322,12,57.82,5932.79
350500.0,112500.0,103.65639,1.01754,12,22.84,30.32
381500.0,119500.0,103.93494,1.08096,12,93.12,23.59
349500.0,112500.0,103.64741,1.01754,12,4.37,33.51
421500.0,147500.0,104.29437,1.33437,12,18.59,212.63
314500.0,108500.0,103.33295,0.98121,12,117.02,47002.4
282500.0,178500.0,103.04499,1.614,12,139.91,436.05
443500.0,150500.0,104.49211,1.36156,12,99.6,3055.94
443500.0,184500.0,104.49204,1.66916,12,173.16,4879.85
472500.0,163500.0,104.75278,1.47922,12,105.68,4365358.23
452500.0,186500.0,104.57295,1.68727,12,175.27,1185.92
452500.0,188500.0,104.57295,1.70537,12,78.8,688.63
462500.0,176500.0,104.66287,1.59682,12,148.01,22165.68
445500.0,173500.0,104.51005,1.56965,12,73.59,9269.9
465500.0,176500.0,104.68984,1.59682,12,45.95,5086.36
463500.0,183500.0,104.67185,1.66015,12,65.66,40.96
484500.0,203500.0,104.86063,1.84112,12,68.92,139.47
456500.0,195500.0,104.60889,1.7687,12,154.37,1503.28
484500.0,200500.0,104.86064,1.81397,12,151.74,1096973.0
490500.0,215500.0,104.91458,1.94969,12,166.95,2593800.68
472500.0,207500.0,104.75273,1.87729,12,174.44,26.95
495500.0,248500.0,104.95953,2.24825,12,162.48,2502.9
490500.0,243500.0,104.91456,2.20301,12,67.48,37.15
484500.0,230500.0,104.86061,2.08539,12,38.98,43.66
483500.0,232500.0,104.85162,2.10348,12,179.56,210317.69
465500.0,231500.0,104.68975,2.09441,12,179.94,1326.22
498500.0,258500.0,104.98651,2.33872,12,74.47,144.15
480500.0,262500.0,104.82461,2.3749,12,29.76,417882.36
497500.0,251500.0,104.97752,2.27539,12,158.01,17312.95
467500.0,255500.0,104.7077,2.31155,12,152.26,65525.06
481500.0,262500.0,104.8336,2.3749,12,176.31,583641.13
499500.0,263500.0,104.9955,2.38395,12,58.43,4.52
501500.0,263500.0,105.01349,2.38395,12,67.72,8432.72
505500.0,285500.0,105.04948,2.58299,12,69.3,1143.08
508500.0,288500.0,105.07647,2.61013,12,68.17,1421.86
500500.0,279500.0,105.0045,2.52871,12,68.57,174.32
275500.0,169500.0,102.98218,1.53256,12,53.45,844.98
356500.0,143500.0,103.71018,1.29796,12,16.67,2.96
411500.0,116500.0,104.20456,1.05391,12,109.16,2.38
474500.0,198500.0,104.77073,1.79587,12,64.46,22.31
470500.0,253500.0,104.73468,2.29346,12,92.22,483.78
407500.0,128500.0,104.16859,1.16246,12,85.82,181.65
424500.0,128500.0,104.32138,1.1625,12,37.66,27.26
283500.0,148500.0,103.05421,1.34274,12,68.74,563.16
291500.0,161500.0,103.12599,1.46035,12,133.16,442.67
303500.0,154500.0,103.23386,1.39714,12,42.82,1453.0
337500.0,154500.0,103.53938,1.39735,12,86.76,1.43
433500.0,150500.0,104.40222,1.36154,12,39.05,199.33
443500.0,168500.0,104.49208,1.52441,12,99.83,347.87
446500.0,140500.0,104.5191,1.2711,12,104.16,7152.69
478500.0,177500.0,104.80671,1.60588,12,10.54,6.92
453500.0,206500.0,104.5819,1.86821,12,76.42,64.64
466500.0,195500.0,104.6988,1.76872,12,8.31,5.79
470500.0,203500.0,104.73476,1.8411,12,11.17,3.2
473500.0,209500.0,104.76172,1.89539,12,117.29,32735.67
447500.0,211500.0,104.52794,1.91343,12,174.42,1037923.72
467500.0,242500.0,104.70772,2.19393,12,57.73,5.87
483500.0,249500.0,104.8516,2.25729,12,73.43,35.09
491500.0,280500.0,104.92354,2.53775,12,165.71,907170.78
509500.0,192500.0,105.08541,1.7416,12,108.1,691516.6
333500.0,132500.0,103.50355,1.19836,12,120.99,4742.43
330500.0,113500.0,103.47668,1.0265,12,145.64,734.63
318500.0,125500.0,103.36881,1.13497,12,30.24,1.94
293500.0,159500.0,103.14398,1.44228,12,53.09,10626.21
345500.0,125500.0,103.61141,1.1351,12,83.81,1598.85
394500.0,133500.0,104.05173,1.20765,12,164.33,2.67
499500.0,164500.0,104.99551,1.48828,12,65.08,53806.8
452500.0,159500.0,104.573,1.443,12,119.75,7928.33
455500.0,171500.0,104.59995,1.55157,12,47.24,65.92
482500.0,176500.0,104.84267,1.59684,12,95.64,656955.05
487500.0,166500.0,104.88763,1.50637,12,0.81,127908.98
474500.0,190500.0,104.77074,1.72349,12,127.39,2749.87
481500.0,200500.0,104.83366,1.81397,12,153.14,8228845.49
475500.0,211500.0,104.7797,1.91349,12,155.03,120040.96
457500.0,213500.0,104.61785,1.93155,12,163.61,10394.66
475500.0,210500.0,104.7797,1.90444,12,155.68,25276.49
483500.0,206500.0,104.85164,1.86826,12,61.49,75.16
488500.0,235500.0,104.89658,2.13063,12,72.02,36.74
460500.0,227500.0,104.6448,2.05822,12,161.99,758.78
459500.0,275500.0,104.6357,2.49247,12,24.25,1160701.78
496500.0,285500.0,104.96851,2.58299,12,152.34,131567.09
510500.0,158500.0,105.09439,1.43399,12,44.81,744159.32
511500.0,190500.0,105.10339,1.72351,12,113.89,1758319.08
504500.0,302500.0,105.04049,2.73679,12,154.96,1583.83
265500.0,180500.0,102.89224,1.63192,12,53.57,93405.64
273500.0,179500.0,102.96412,1.62296,12,51.2,4065.61
324500.0,140500.0,103.42264,1.27066,12,44.03,1.86
476500.0,185500.0,104.78872,1.67826,12,6.42,26.15
460500.0,188500.0,104.64487,1.70538,12,155.56,2463452.97
455500.0,176500.0,104.59994,1.59681,12,61.86,6885.52
456500.0,178500.0,104.60893,1.6149,12,86.85,59.5
495500.0,202500.0,104.95954,1.83207,12,62.41,10906.38
468500.0,212500.0,104.71676,1.92252,12,64.26,22462.61
467500.0,241500.0,104.70772,2.18489,12,132.65,4.86
487500.0,227500.0,104.88759,2.05825,12,156.04,68240.53
459500.0,228500.0,104.6358,2.06726,12,157.87,13096.68
488500.0,245500.0,104.89658,2.2211,12,102.45,194.09
497500.0,259500.0,104.97751,2.34776,12,79.13,10.55
493500.0,271500.0,104.94153,2.45633,12,154.48,30477.82
296500.0,135500.0,103.17109,1.22528,12,87.32,465.27
321500.0,140500.0,103.39568,1.27064,12,48.99,1328.69
299500.0,149500.0,103.19796,1.3519,12,48.66,24752.24
386500.0,131500.0,103.97984,1.18953,12,93.29,3.12
411500.0,123500.0,104.20455,1.11723,12,171.34,3377.61
393500.0,145500.0,104.04271,1.3162,12,154.27,68.94
476500.0,189500.0,104.78872,1.71445,12,58.62,1298.78
468500.0,184500.0,104.7168,1.6692,12,50.37,605.73
473500.0,183500.0,104.76175,1.66016,12,40.03,482.92
466500.0,175500.0,104.69883,1.58778,12,89.51,1070626.93
475500.0,201500.0,104.77971,1.82301,12,14.97,182.48
450500.0,196500.0,104.55495,1.77774,12,163.9,413203.87
495500.0,229500.0,104.95953,2.07635,12,69.84,4151.32
496500.0,221500.0,104.96853,2.00397,12,87.02,5.55
498500.0,262500.0,104.98651,2.37491,12,64.11,33.02
470500.0,249500.0,104.73469,2.25727,12,134.65,338074.34
471500.0,250500.0,104.74368,2.26632,12,57.85,12712.58
472500.0,251500.0,104.75267,2.27537,12,57.67,32041.86
463500.0,285500.0,104.67165,2.58295,12,18.7,5950427.26
463500.0,286500.0,104.67165,2.59199,12,18.54,43211139.18
408500.0,131500.0,104.17756,1.1896,12,42.46,787.87
454500.0,164500.0,104.59097,1.48824,12,129.29,253.07
458500.0,171500.0,104.62692,1.55158,12,44.0,21.39
454500.0,177500.0,104.59095,1.60585,12,78.15,7.67
465500.0,182500.0,104.68983,1.65111,12,56.46,5.84
471500.0,198500.0,104.74375,1.79587,12,55.79,76953.11
455500.0,207500.0,104.59988,1.87726,12,168.66,965.88
488500.0,222500.0,104.89659,2.01302,12,70.47,1538.23
493500.0,229500.0,104.94155,2.07635,12,60.23,261.05
486500.0,253500.0,104.87858,2.29348,12,78.6,21.88
511500.0,292500.0,105.10346,2.64632,12,68.52,3681.33
270500.0,184500.0,102.93712,1.66814,12,54.16,12251.48
349500.0,107500.0,103.64743,0.97231,12,146.1,135.09
447500.0,168500.0,104.52804,1.52442,12,174.23,1885.47
450500.0,174500.0,104.55499,1.5787,12,172.88,32946.01
450500.0,175500.0,104.55499,1.58775,12,74.67,22.96
483500.0,218500.0,104.85163,1.97682,12,56.2,96.86
266500.0,186500.0,102.90116,1.68618,12,66.31,3716.31
331500.0,119500.0,103.48564,1.08077,12,44.11,6109.99
314500.0,133500.0,103.33283,1.2073,12,168.52,726.07
348500.0,134500.0,103.63833,1.21652,12,119.96,6.56
354500.0,144500.0,103.6922,1.30699,12,74.75,18.85
415500.0,192500.0,104.24029,1.74145,12,14.85,2126.48
476500.0,161500.0,104.78874,1.46113,12,77.17,115976.6
466500.0,188500.0,104.69881,1.70539,12,53.96,3397.71
467500.0,190500.0,104.7078,1.72349,12,143.58,32391.96
485500.0,179500.0,104.86964,1.62398,12,29.35,8.64
486500.0,179500.0,104.87863,1.62398,12,115.54,222808.75
489500.0,181500.0,104.9056,1.64208,12,26.06,2956.34
466500.0,213500.0,104.69878,1.93157,12,162.82,9.56
481500.0,196500.0,104.83367,1.77778,12,150.18,4048889.04
484500.0,202500.0,104.86063,1.83207,12,59.8,245.71
464500.0,239500.0,104.68075,2.16679,12,161.45,21766.65
494500.0,243500.0,104.95054,2.20301,12,167.91,385659.21
478500.0,271500.0,104.80661,2.45632,12,166.47,124284.85
495500.0,255500.0,104.95953,2.31158,12,67.01,23307.46
477500.0,268500.0,104.79762,2.42917,12,159.35,361.46
499500.0,289500.0,104.9955,2.61918,12,161.91,4228.11
474500.0,290500.0,104.7706,2.6282,12,169.14,1575566.38
460500.0,295500.0,104.64464,2.67341,12,35.36,1405483.29
528500.0,194500.0,105.25624,1.75968,12,112.68,11153310.35
504500.0,295500.0,105.04048,2.67346,12,164.32,1458588.26
305500.0,126500.0,103.252,1.14395,12,134.76,5658.68
307500.0,127500.0,103.26997,1.153,12,127.03,28501.92
281500.0,143500.0,103.03628,1.29752,12,52.98,25626.23
284500.0,167500.0,103.06305,1.51455,12,51.96,9182.33
349500.0,153500.0,103.64723,1.38837,12,158.04,16170.22
420500.0,248500.0,104.28503,2.24807,12,21.48,1265774.67
457500.0,183500.0,104.61791,1.66014,12,76.75,16.53
474500.0,219500.0,104.7707,1.98586,12,158.77,574804.41
459500.0,224500.0,104.63581,2.03107,12,164.37,19062.53
476500.0,233500.0,104.78867,2.11252,12,158.44,21793.87
476500.0,232500.0,104.78867,2.10348,12,47.12,20.25
485500.0,248500.0,104.86959,2.24824,12,158.96,69453.99
503500.0,180500.0,105.03147,1.63304,12,97.03,2615174.37
268500.0,175500.0,102.91924,1.58675,12,55.07,38833.34
324500.0,135500.0,103.42267,1.22544,12,70.28,5083.44
289500.0,163500.0,103.10801,1.47842,12,50.27,6638.11
350500.0,110500.0,103.6564,0.99945,12,48.03,6027.13
381500.0,96500.0,103.93501,0.87291,12,56.04,176.95
437500.0,101500.0,104.43827,0.91826,12,173.88,380.97
407500.0,108500.0,104.16863,0.98153,12,167.69,80.36
260500.0,188500.0,102.84724,1.7042,12,64.52,364.67
485500.0,219500.0,104.86961,1.98587,12,162.61,6762.1
460500.0,229500.0,104.64479,2.07631,12,156.69,11109.16
472500.0,311500.0,104.75257,2.81819,12,22.34,35980.67
502500.0,259500.0,105.02249,2.34776,12,66.18,59.45
418500.0,136500.0,104.26743,1.23485,12,133.71,68147.67
337500.0,125500.0,103.53953,1.13507,12,13.41,1717.09
333500.0,138500.0,103.50352,1.25262,12,54.81,176.49
458500.0,173500.0,104.62691,1.56967,12,49.48,4.59
498500.0,260500.0,104.98651,2.35681,12,65.75,1276.79
509500.0,284500.0,105.08546,2.57394,12,78.49,17401.38
338500.0,112500.0,103.54857,1.01749,12,153.0,132.95
447500.0,152500.0,104.52807,1.37967,12,82.78,38077.01
454500.0,195500.0,104.59091,1.7687,12,76.83,842.95
486500.0,240500.0,104.87859,2.17586,12,147.99,7603.84
495500.0,263500.0,104.95952,2.38395,12,172.5,129.77
408500.0,136500.0,104.17755,1.23483,12,35.15,41254.34
452500.0,196500.0,104.57293,1.77774,12,138.79,1418.23
472500.0,221500.0,104.75271,2.00395,12,29.54,189.45
494500.0,262500.0,104.95053,2.37491,12,166.8,429.62
499500.0,238500.0,104.9955,2.15777,12,75.44,1153.63
472500.0,267500.0,104.75265,2.42012,12,159.36,4570.79
338500.0,114500.0,103.54856,1.03558,12,164.51,3.36
413500.0,104500.0,104.22257,0.94536,12,132.9,1209.42
337500.0,115500.0,103.53957,1.04462,12,114.08,453.66
487500.0,213500.0,104.8876,1.93159,12,164.1,61575.01
507500.0,297500.0,105.06747,2.69155,12,165.26,6717.73
520500.0,194500.0,105.18431,1.75969,12,115.47,2164.06
518500.0,222500.0,105.16636,2.01301,12,154.42,8021.19
335500.0,138500.0,103.52149,1.25263,12,91.35,48578.69
450500.0,215500.0,104.5549,1.94963,12,175.12,2219.84
490500.0,239500.0,104.91457,2.16682,12,177.0,54720.26
522500.0,171500.0,105.20228,1.5516,12,102.28,13387.48
288500.0,167500.0,103.09899,1.51458,11,137.18,1953.22
407500.0,122500.0,104.1686,1.10818,11,92.09,84.47
311500.0,151500.0,103.30577,1.37006,11,134.39,388.11
316500.0,147500.0,103.35072,1.33392,11,50.43,1184.36
343500.0,127500.0,103.59343,1.15318,11,53.76,22.91
347500.0,110500.0,103.62945,0.99944,11,97.98,144.16
334500.0,138500.0,103.51251,1.25263,11,25.58,3.66
406500.0,120500.0,104.15962,1.09008,11,32.26,1.93
444500.0,150500.0,104.5011,1.36157,11,3.57,368.53
455500.0,165500.0,104.59996,1.49729,11,30.46,480.04
473500.0,152500.0,104.76178,1.3797,11,51.97,5225.83
457500.0,156500.0,104.61795,1.41587,11,53.33,259.32
460500.0,171500.0,104.6449,1.55158,11,40.8,70.98
466500.0,172500.0,104.69883,1.56064,11,44.19,6720.91
498500.0,177500.0,104.98651,1.60589,11,157.16,4991.33
465500.0,177500.0,104.68984,1.60587,11,50.64,3617.86
466500.0,178500.0,104.69883,1.61492,11,54.7,27.78
469500.0,201500.0,104.72577,1.82301,11,178.35,3.68
483500.0,225500.0,104.85163,2.04015,11,73.84,69.48
460500.0,238500.0,104.64478,2.15773,11,167.7,2347.05
469500.0,252500.0,104.72569,2.28441,11,159.71,1905397.68
484500.0,263500.0,104.86059,2.38395,11,78.96,8795.33
449500.0,281500.0,104.54573,2.54672,11,28.86,14735.41
492500.0,276500.0,104.93254,2.50156,11,175.45,14206.61
508500.0,263500.0,105.07645,2.38395,11,157.94,8014.33
500500.0,277500.0,105.0045,2.51061,11,73.19,2726.24
497500.0,207500.0,104.97752,1.87731,11,69.97,3730.01
463500.0,239500.0,104.67175,2.16679,11,72.21,2946.92
461500.0,231500.0,104.65378,2.09441,11,167.02,1854.27
500500.0,187500.0,105.0045,1.69637,11,150.73,3743.33
504500.0,266500.0,105.04048,2.41109,11,65.9,2809.95
330500.0,133500.0,103.47659,1.20738,11,75.01,13220.09
319500.0,137500.0,103.37773,1.2435,11,150.34,19.32
493500.0,185500.0,104.94156,1.67827,11,22.51,1.68
456500.0,190500.0,104.6089,1.72347,11,119.0,4.52
486500.0,213500.0,104.87861,1.93159,11,69.57,1734.24
454500.0,208500.0,104.59089,1.88631,11,74.31,3392.12
466500.0,202500.0,104.69879,1.83205,11,102.91,26.04
466500.0,206500.0,104.69879,1.86824,11,61.84,5.48
484500.0,218500.0,104.86062,1.97682,11,76.21,129.7
496500.0,268500.0,104.96852,2.42919,11,160.51,11900.91
493500.0,258500.0,104.94154,2.33872,11,177.41,740457066.39
331500.0,114500.0,103.48566,1.03555,11,149.3,794.84
403500.0,114500.0,104.13267,1.0358,11,49.49,72.36
326500.0,138500.0,103.44062,1.25258,11,12.51,9.72
448500.0,157500.0,104.53705,1.4249,11,21.66,2397.63
464500.0,183500.0,104.68084,1.66015,11,141.28,3647.94
463500.0,192500.0,104.67183,1.74157,11,50.26,10.78
488500.0,177500.0,104.89661,1.60589,11,96.7,1462.27
464500.0,176500.0,104.68085,1.59682,11,149.41,541.17
460500.0,178500.0,104.64489,1.61491,11,45.89,180.95
480500.0,198500.0,104.82467,1.79588,11,72.9,122.56
459500.0,198500.0,104.63586,1.79585,11,161.07,131.4
476500.0,209500.0,104.7887,1.89539,11,79.44,20079.95
481500.0,194500.0,104.83367,1.75969,11,125.6,332256.57
467500.0,199500.0,104.70779,1.80491,11,40.38,13.54
473500.0,206500.0,104.76173,1.86825,11,58.53,11.36
497500.0,246500.0,104.97752,2.23015,11,68.41,175.39
487500.0,247500.0,104.88758,2.23919,11,69.88,22.59
494500.0,241500.0,104.95054,2.18491,11,72.36,732.44
511500.0,284500.0,105.10345,2.57394,11,156.8,10827.32
249500.0,193500.0,102.74836,1.74929,11,68.06,9134.36
299500.0,153500.0,103.19793,1.38807,11,140.75,462.63
310500.0,144500.0,103.29682,1.30675,11,139.32,7870.64
339500.0,105500.0,103.55758,0.95419,11,104.2,14.03
348500.0,111500.0,103.63843,1.00849,11,176.91,93.72
469500.0,213500.0,104.72575,1.93157,11,61.07,6.24
497500.0,257500.0,104.97751,2.32967,11,2.88,23161.82
411500.0,107500.0,104.20458,0.97249,11,156.57,523.59
259500.0,184500.0,102.83829,1.66803,11,54.49,16630.8
321500.0,129500.0,103.39574,1.17116,11,57.1,102499.81
338500.0,124500.0,103.54852,1.12603,11,20.79,1001.02
360500.0,145500.0,103.74612,1.31606,11,63.62,2.74
461500.0,181500.0,104.65387,1.64205,11,57.46,152.09
469500.0,175500.0,104.7258,1.58778,11,11.94,134328.14
474500.0,188500.0,104.77074,1.7054,11,54.29,35986.04
492500.0,234500.0,104.93255,2.12158,11,160.45,808.5
496500.0,258500.0,104.96852,2.33872,11,66.41,633.89
472500.0,306500.0,104.75258,2.77295,11,153.23,2618.86
501500.0,170500.0,105.01348,1.54256,11,98.13,6886.8
515500.0,311500.0,105.13946,2.81821,11,66.48,276.35
273500.0,135500.0,102.96447,1.22513,11,55.0,1154852.39
294500.0,166500.0,103.15291,1.50559,11,48.5,3746.23
441500.0,161500.0,104.47411,1.46108,11,145.83,429.82
428500.0,154500.0,104.35727,1.39772,11,164.04,93214.97
454500.0,151500.0,104.59099,1.37063,11,151.44,21.65
458500.0,147500.0,104.62695,1.33445,11,43.64,422929.01
479500.0,178500.0,104.8157,1.61493,11,10.14,475.66
446500.0,191500.0,104.519,1.73249,11,6.68,50780.8
475500.0,174500.0,104.77974,1.57874,11,38.93,1057.98
490500.0,228500.0,104.91457,2.0673,11,70.05,113.87
489500.0,226500.0,104.90558,2.0492,11,73.62,15.5
466500.0,235500.0,104.69874,2.1306,11,70.33,21016.04
491500.0,248500.0,104.92355,2.24824,11,176.94,495.69
488500.0,223500.0,104.89659,2.02206,11,69.89,11201.1
463500.0,262500.0,104.67171,2.37487,11,2.52,191227.83
472500.0,275500.0,104.75263,2.4925,11,71.17,112.63
486500.0,252500.0,104.87858,2.28443,11,96.88,880.93
462500.0,264500.0,104.66271,2.39296,11,2.47,74296.03
487500.0,256500.0,104.88757,2.32062,11,72.64,235.06
497500.0,255500.0,104.97751,2.31158,11,69.07,50.19
503500.0,264500.0,105.03148,2.393,11,157.1,12031.26
508500.0,292500.0,105.07647,2.64632,11,153.44,18728090.33
511500.0,293500.0,105.10346,2.65536,11,67.56,1465.15
521500.0,310500.0,105.19345,2.80915,11,64.67,223.59
273500.0,136500.0,102.96446,1.23417,11,63.18,1395.84
415500.0,104500.0,104.24054,0.94536,11,135.01,1673.73
487500.0,167500.0,104.88763,1.51542,11,3.69,67271.38
475500.0,169500.0,104.77975,1.5335,11,90.06,1176808.65
466500.0,184500.0,104.69882,1.6692,11,52.18,826.74
492500.0,195500.0,104.93257,1.76874,11,102.0,36747.39
445500.0,201500.0,104.50998,1.82296,11,27.63,10683125.76
483500.0,195500.0,104.85165,1.76874,11,162.73,238469.74
481500.0,195500.0,104.83367,1.76874,11,135.01,6726.48
484500.0,224500.0,104.86062,2.03111,11,154.9,454670.13
498500.0,274500.0,104.98651,2.48347,11,157.97,413.78
505500.0,113500.0,105.04943,1.02687,11,51.01,1340391.74
509500.0,247500.0,105.08544,2.2392,11,172.16,2685219.97
516500.0,238500.0,105.14839,2.15777,11,147.85,12347821.85
505500.0,275500.0,105.04947,2.49252,11,155.84,293491.43
506500.0,260500.0,105.05846,2.35681,11,157.67,110931.88
331500.0,117500.0,103.48565,1.06268,11,38.1,16461.4
328500.0,121500.0,103.45868,1.09885,11,143.77,974.11
348500.0,124500.0,103.63838,1.12607,11,28.01,3901.48
335500.0,116500.0,103.5216,1.05366,11,146.72,942.55
486500.0,180500.0,104.87863,1.63303,11,26.99,36696.26
467500.0,178500.0,104.70782,1.61492,11,47.13,724.15
486500.0,210500.0,104.87861,1.90445,11,65.25,351.34
470500.0,214500.0,104.73474,1.94062,11,64.02,231.0
487500.0,212500.0,104.8876,1.92254,11,70.29,381.22
480500.0,260500.0,104.82461,2.3568,11,146.25,47315.6
500500.0,250500.0,105.0045,2.26634,11,76.08,2504.67
513500.0,295500.0,105.12145,2.67346,11,61.8,11995.99
514500.0,296500.0,105.13045,2.6825,11,58.11,881.54
485500.0,101500.0,104.86968,0.9183,11,74.13,21127.86
458500.0,211500.0,104.62685,1.91346,11,174.68,19347.5
492500.0,243500.0,104.93255,2.20301,11,83.55,216.02
506500.0,134500.0,105.05843,1.21686,11,54.3,12585.98
358500.0,129500.0,103.72822,1.17134,11,53.02,2264.26
334500.0,127500.0,103.51256,1.15314,11,167.89,38.29
342500.0,137500.0,103.5844,1.24362,11,16.88,1653.93
433500.0,101500.0,104.40232,0.91825,11,75.26,9264.94
433500.0,154500.0,104.40222,1.39773,11,130.45,7718.32
419500.0,137500.0,104.27642,1.2439,11,132.99,72480.76
461500.0,186500.0,104.65386,1.68729,11,161.3,22925.25
396500.0,132500.0,104.06971,1.19861,11,159.73,5995.54
507500.0,299500.0,105.06748,2.70965,11,170.98,177763.12
507500.0,298500.0,105.06748,2.7006,11,167.69,3319.08
440500.0,98500.0,104.46523,0.89112,11,150.03,1309.15
488500.0,257500.0,104.89657,2.32967,11,146.07,50277.67
512500.0,270500.0,105.11244,2.44728,11,95.32,14193.87
505500.0,260500.0,105.04947,2.35681,11,165.81,143170.92
448500.0,192500.0,104.53698,1.74155,11,175.77,22141.4
463500.0,188500.0,104.67184,1.70539,11,50.0,9.48
452500.0,205500.0,104.57291,1.85916,11,160.69,1679.06
487500.0,237500.0,104.88759,2.14872,11,81.12,376.46
267500.0,191500.0,102.9101,1.7314,11,48.64,4573.14
462500.0,217500.0,104.6628,1.96775,11,168.17,28303.89
494500.0,263500.0,104.95053,2.38395,11,164.76,801.99
459500.0,216500.0,104.63583,1.9587,11,178.02,5820.83
473500.0,273500.0,104.76163,2.4744,11,20.04,64219.43
472500.0,266500.0,104.75265,2.41107,11,161.77,3115.66
459500.0,257500.0,104.63574,2.32962,11,161.32,612429.37
281500.0,178500.0,103.03601,1.61399,11,140.49,22785.99
342500.0,136500.0,103.58441,1.23458,11,45.45,695.57
418500.0,127500.0,104.26745,1.15344,11,119.72,2225.11
412500.0,134500.0,104.21351,1.21675,11,2.78,6197.72
296500.0,138500.0,103.17108,1.25241,11,71.08,8903.58
393500.0,147500.0,104.0427,1.33429,11,84.47,3.32
498500.0,296500.0,104.98651,2.68251,11,179.71,1273.3
499500.0,295500.0,104.9955,2.67346,11,27.25,10143.42
516500.0,97500.0,105.1483,0.88211,11,45.07,24024.78
510500.0,239500.0,105.09443,2.16682,11,24.9,14062.93
387500.0,109500.0,103.98889,0.99052,11,59.8,984.82
525500.0,171500.0,105.22924,1.5516,11,102.99,9223.52
526500.0,171500.0,105.23823,1.5516,11,13.3,2253.5
255500.0,190500.0,102.8023,1.72223,10,154.41,1756.67
286500.0,172500.0,103.08098,1.55978,10,44.16,562.08
352500.0,128500.0,103.6743,1.16227,10,63.63,225.85
374500.0,161500.0,103.87187,1.46085,10,104.6,7.35
423500.0,146500.0,104.31235,1.32533,10,159.28,46.84
252500.0,179500.0,102.77546,1.62276,10,59.01,7705.88
316500.0,124500.0,103.35084,1.12592,10,71.17,3.46
285500.0,137500.0,103.07226,1.2433,10,89.33,1938.16
278500.0,167500.0,103.00915,1.5145,10,57.33,5278.97
443500.0,183500.0,104.49204,1.66011,10,84.99,660.87
441500.0,201500.0,104.47402,1.82295,10,107.56,1717.68
471500.0,163500.0,104.74379,1.47922,10,106.25,26324.92
461500.0,174500.0,104.65388,1.57872,10,45.23,25.07
452500.0,187500.0,104.57295,1.69632,10,168.96,32019.18
467500.0,173500.0,104.70782,1.56968,10,121.15,7412.07
463500.0,169500.0,104.67187,1.53349,10,123.49,22636.08
474500.0,204500.0,104.77072,1.85015,10,1.12,12.56
466500.0,211500.0,104.69878,1.91347,10,0.51,10.45
462500.0,213500.0,104.66281,1.93156,10,147.63,23568.96
475500.0,203500.0,104.77971,1.84111,10,163.96,109.42
490500.0,225500.0,104.91457,2.04016,10,83.45,875.92
464500.0,232500.0,104.68076,2.10346,10,96.14,2273.15
484500.0,238500.0,104.86061,2.15777,10,10.36,17413.48
484500.0,222500.0,104.86062,2.01301,10,166.61,148803.01
484500.0,221500.0,104.86062,2.00397,10,23.68,1392.71
460500.0,236500.0,104.64478,2.13964,10,167.51,1139.9
492500.0,279500.0,104.93253,2.52871,10,4.04,14766.4
521500.0,150500.0,105.19327,1.36161,10,175.57,256550.06
506500.0,283500.0,105.05847,2.56489,10,154.33,803.37
503500.0,285500.0,105.03149,2.58299,10,156.34,297.67
502500.0,282500.0,105.02249,2.55585,10,164.24,1686.18
501500.0,282500.0,105.01349,2.55585,10,148.08,150475.1
501500.0,280500.0,105.01349,2.53775,10,66.01,259.7
248500.0,181500.0,102.7395,1.6408,10,62.29,9223.29
348500.0,114500.0,103.63842,1.03562,10,168.51,14.04
383500.0,127500.0,103.95289,1.15334,10,44.88,6.21
418500.0,101500.0,104.26751,0.91823,10,53.52,1335.5
461500.0,179500.0,104.65387,1.62396,10,47.72,88.73
450500.0,170500.0,104.555,1.54252,10,80.15,15.04
476500.0,199500.0,104.78871,1.80492,10,66.59,1069.14
455500.0,210500.0,104.59987,1.90441,10,73.28,656.38
490500.0,253500.0,104.91456,2.29348,10,74.16,2770.1
307500.0,154500.0,103.2698,1.39717,10,138.0,97.71
442500.0,167500.0,104.48309,1.51536,10,79.03,2565.56
465500.0,167500.0,104.68985,1.5154,10,95.95,319791.04
475500.0,199500.0,104.77972,1.80492,10,61.82,445.85
482500.0,214500.0,104.84264,1.94063,10,75.21,144.9
478500.0,196500.0,104.80669,1.77778,10,35.58,15591.9
482500.0,194500.0,104.84266,1.75969,10,57.75,438.03
483500.0,248500.0,104.85161,2.24824,10,72.94,3921.17
497500.0,270500.0,104.97751,2.44728,10,159.33,7305.69
493500.0,259500.0,104.94154,2.34776,10,177.56,33298.92
500500.0,256500.0,105.0045,2.32062,10,3.84,185.31
500500.0,282500.0,105.0045,2.55585,10,68.69,14618.27
518500.0,311500.0,105.16645,2.8182,10,77.81,1174.94
271500.0,183500.0,102.94611,1.6591,10,64.0,2278.01
431500.0,136500.0,104.38428,1.23488,10,102.03,2095.7
248500.0,161500.0,102.73969,1.45999,10,66.81,12776.15
276500.0,182500.0,102.99105,1.65011,10,52.55,11440.03
302500.0,110500.0,103.22513,0.99924,10,114.5,13.8
432500.0,191500.0,104.39313,1.73246,10,15.0,11900.19
494500.0,191500.0,104.95055,1.73255,10,120.48,7.56
466500.0,185500.0,104.69882,1.67825,10,48.87,319.14
464500.0,181500.0,104.68084,1.64206,10,29.86,6.45
476500.0,211500.0,104.78869,1.91349,10,55.46,6.49
474500.0,212500.0,104.77071,1.92253,10,156.82,17991.36
474500.0,208500.0,104.77072,1.88634,10,74.28,14.7
486500.0,246500.0,104.87859,2.23015,10,161.81,2573.01
477500.0,245500.0,104.79765,2.22109,10,122.79,19.51
496500.0,239500.0,104.96852,2.16682,10,158.1,462906.07
460500.0,226500.0,104.6448,2.04917,10,164.7,1598.79
472500.0,265500.0,104.75265,2.40203,10,76.0,26.75
504500.0,212500.0,105.04046,1.92255,10,163.53,974.24
502500.0,234500.0,105.02248,2.12159,10,172.09,43.65
517500.0,263500.0,105.1574,2.38394,10,100.59,2010.48
503500.0,299500.0,105.03149,2.70965,10,82.88,10016.17
258500.0,185500.0,102.8293,1.67706,10,72.59,5097.1
281500.0,171500.0,103.03607,1.55069,10,57.71,4869.61
341500.0,96500.0,103.57558,0.87279,10,103.77,3619.3
381500.0,123500.0,103.93493,1.11715,10,48.25,3.15
428500.0,226500.0,104.35705,2.04908,10,6.38,12782.9
451500.0,188500.0,104.56396,1.70536,10,80.49,2308.16
456500.0,197500.0,104.60889,1.7868,10,75.61,899.97
454500.0,215500.0,104.59087,1.94964,10,179.15,90248.33
464500.0,216500.0,104.68079,1.95871,10,63.01,7.41
469500.0,209500.0,104.72576,1.89538,10,56.19,8.06
488500.0,227500.0,104.89659,2.05825,10,66.41,26.3
489500.0,233500.0,104.90558,2.11254,10,77.25,109.54
482500.0,236500.0,104.84262,2.13967,10,159.15,7668.67
497500.0,258500.0,104.97751,2.33872,10,177.82,224.69
492500.0,270500.0,104.93254,2.44728,10,63.55,740.42
528500.0,255500.0,105.25633,2.31155,10,84.7,9675.9
298500.0,101500.0,103.18924,0.91784,10,13.13,869.19
325500.0,127500.0,103.43169,1.1531,10,144.8,143.26
324500.0,127500.0,103.42271,1.15309,10,151.4,651.35
309500.0,140500.0,103.28786,1.27057,10,48.57,56013.02
285500.0,168500.0,103.07203,1.5236,10,60.36,46569.89
472500.0,179500.0,104.75277,1.62397,10,33.17,356.8
454500.0,184500.0,104.59093,1.66918,10,78.7,7972.25
474500.0,207500.0,104.77072,1.8773,10,1.38,6.33
456500.0,213500.0,104.60886,1.93155,10,75.6,4865.21
498500.0,263500.0,104.98651,2.38395,10,57.55,5523.13
501500.0,258500.0,105.01349,2.33872,10,61.61,153.02
506500.0,287500.0,105.05847,2.60108,10,68.66,258.0
322500.0,105500.0,103.40484,0.95412,10,134.14,1907.11
292500.0,168500.0,103.13493,1.52366,10,142.58,2486.35
491500.0,136500.0,104.9236,1.23496,10,49.78,839096653.93
457500.0,148500.0,104.61796,1.34349,10,44.13,51727.98
494500.0,145500.0,104.95056,1.31638,10,38.8,14351551.37
455500.0,161500.0,104.59996,1.4611,10,109.48,14430314.84
448500.0,159500.0,104.53704,1.443,10,38.05,114.62
453500.0,181500.0,104.58195,1.64204,10,75.18,58.01
487500.0,193500.0,104.88761,1.75065,10,41.92,73130548.38
453500.0,217500.0,104.58188,1.96773,10,162.72,9259.33
467500.0,219500.0,104.70776,1.98585,10,7.17,26.08
450500.0,205500.0,104.55493,1.85916,10,173.26,2786.6
492500.0,247500.0,104.93255,2.2392,10,170.99,42226.45
494500.0,229500.0,104.95054,2.07635,10,58.61,3754.86
490500.0,252500.0,104.91456,2.28443,10,164.05,1133.6
462500.0,262500.0,104.66271,2.37486,10,2.35,68518785.67
462500.0,263500.0,104.66271,2.38391,10,2.43,4447377.13
492500.0,249500.0,104.93255,2.25729,10,124.72,3.06
501500.0,191500.0,105.01349,1.73256,10,110.08,12074575.47
504500.0,265500.0,105.04048,2.40205,10,156.8,48646150.45
509500.0,287500.0,105.08546,2.60108,10,67.92,1895.42
506500.0,279500.0,105.05847,2.52871,10,159.49,431036283.41
523500.0,313500.0,105.21145,2.83629,10,66.71,243.37
514500.0,312500.0,105.13047,2.82726,10,142.38,681271765.65
273500.0,155500.0,102.96432,1.40596,10,55.25,1747.97
249500.0,196500.0,102.74833,1.77641,10,60.02,12261.06
341500.0,100500.0,103.57557,0.90897,10,19.72,1408.39
350500.0,129500.0,103.65633,1.1713,10,124.17,106.88
469500.0,144500.0,104.72583,1.30732,10,64.18,552068553.42
472500.0,170500.0,104.75278,1.54255,10,173.57,91565.77
497500.0,185500.0,104.97752,1.67827,10,153.98,74736338.34
444500.0,202500.0,104.50099,1.832,10,99.25,878.13
491500.0,195500.0,104.92358,1.76874,10,97.85,10354136.32
493500.0,246500.0,104.94154,2.23015,10,166.85,9731.22
484500.0,225500.0,104.86062,2.04015,10,155.15,6761019.22
464500.0,238500.0,104.68075,2.15774,10,165.96,9192.56
489500.0,235500.0,104.90557,2.13063,10,166.37,6265.4
491500.0,297500.0,104.92353,2.69155,10,153.96,95927318.06
490500.0,296500.0,104.91453,2.68251,10,153.16,59175885.97
501500.0,175500.0,105.01349,1.5878,10,114.52,1226450933.39
517500.0,260500.0,105.1574,2.3568,10,176.33,934937409.97
509500.0,288500.0,105.08546,2.61013,10,68.34,3102.79
513500.0,314500.0,105.12147,2.84535,10,146.34,24604294.54
515500.0,306500.0,105.13946,2.77297,10,69.79,981.3
315500.0,98500.0,103.34198,0.89078,10,27.76,76.13
370500.0,138500.0,103.83602,1.25279,10,80.37,378.68
430500.0,163500.0,104.37523,1.47914,10,118.59,1.64
482500.0,161500.0,104.84268,1.46113,10,93.34,16695.17
464500.0,186500.0,104.68083,1.68729,10,143.67,59776.87
457500.0,186500.0,104.6179,1.68728,10,56.77,21.43
452500.0,206500.0,104.57291,1.86821,10,171.65,915.37
457500.0,219500.0,104.61784,1.98583,10,164.63,15674.81
458500.0,221500.0,104.62683,2.00393,10,166.62,127404.86
501500.0,259500.0,105.01349,2.34776,10,164.91,5424.13
501500.0,260500.0,105.01349,2.35681,10,164.29,3274.4
501500.0,272500.0,105.01349,2.46538,10,175.71,4143.08
264500.0,189500.0,102.88316,1.71328,10,56.94,3125.69
325500.0,132500.0,103.43167,1.19832,10,83.91,1386.72
313500.0,124500.0,103.32389,1.1259,10,135.07,569.53
309500.0,129500.0,103.28793,1.1711,10,106.92,1296.41
310500.0,129500.0,103.29691,1.1711,10,98.84,7693.09
307500.0,139500.0,103.2699,1.26152,10,55.96,8822.07
296500.0,157500.0,103.17095,1.42422,10,52.19,13984.01
483500.0,125500.0,104.85169,1.13543,10,49.59,8112.19
484500.0,124500.0,104.86068,1.12639,10,138.66,4483.08
465500.0,193500.0,104.68981,1.75062,10,66.21,922.2
464500.0,227500.0,104.68077,2.05822,10,171.24,970902.57
524500.0,97500.0,105.2202,0.88211,10,33.49,1158550.95
423500.0,104500.0,104.31244,0.94537,10,73.31,27335.51
326500.0,134500.0,103.44064,1.21641,10,68.09,3285.81
295500.0,158500.0,103.16196,1.43325,10,140.64,479.12
415500.0,136500.0,104.24047,1.23485,10,26.34,47.65
298500.0,162500.0,103.18888,1.46945,10,50.97,3731.23
257500.0,191500.0,102.82025,1.73129,10,68.18,8783.82
258500.0,191500.0,102.82924,1.7313,10,67.57,149962.0
303500.0,158500.0,103.23384,1.43331,10,136.25,467.39
411500.0,109500.0,104.20458,0.99058,10,36.41,13.21
497500.0,164500.0,104.97753,1.48828,10,84.49,1319.48
309500.0,104500.0,103.28805,0.94502,10,109.63,2775.94
337500.0,126500.0,103.53952,1.14411,10,109.0,42.59
381500.0,127500.0,103.93492,1.15333,10,26.54,301.86
412500.0,109500.0,104.21357,0.99059,10,99.71,709.74
453500.0,188500.0,104.58194,1.70537,10,171.06,6466.35
488500.0,244500.0,104.89658,2.21205,10,100.11,42594.89
511500.0,297500.0,105.10346,2.69155,10,154.43,8060.72
490500.0,210500.0,104.91458,1.90445,10,157.59,18791.85
472500.0,220500.0,104.75272,1.99491,10,156.23,6002.93
489500.0,262500.0,104.90556,2.3749,10,155.65,77450.97
337500.0,119500.0,103.53955,1.0808,10,57.85,1901.38
461500.0,99500.0,104.65397,0.90019,10,75.35,36.48
448500.0,191500.0,104.53698,1.7325,10,175.34,5956.36
462500.0,170500.0,104.66288,1.54254,10,87.48,6811.57
456500.0,179500.0,104.60892,1.62395,10,91.02,2233.07
503500.0,310500.0,105.03149,2.80917,10,148.2,14273.22
495500.0,228500.0,104.95953,2.0673,10,154.23,39278.97
313500.0,151500.0,103.32374,1.37008,10,51.66,13662.2
473500.0,122500.0,104.76181,1.10828,10,8.19,16302.82
449500.0,213500.0,104.54592,1.93153,10,29.98,409199.43
458500.0,280500.0,104.62669,2.5377,10,15.68,249083.77
516500.0,144500.0,105.14832,1.30733,10,25.16,28546.55
440500.0,208500.0,104.46501,1.88628,10,42.2,336458.35
461500.0,145500.0,104.65392,1.31636,10,50.55,48090.77
420500.0,99500.0,104.28548,0.90014,10,46.34,15827.21
416500.0,102500.0,104.24953,0.92727,10,51.4,12888.48
477500.0,174500.0,104.79772,1.57874,10,114.26,78419.5
460500.0,218500.0,104.64482,1.97679,10,172.02,53140.02
507500.0,296500.0,105.06747,2.68251,10,164.31,36998.85
424500.0,143500.0,104.32134,1.2982,10,11.93,5458.57
437500.0,189500.0,104.43809,1.71438,10,163.67,5902.51
453500.0,151500.0,104.582,1.37063,10,74.28,22874.57
486500.0,219500.0,104.87861,1.98587,10,160.63,7054.92
479500.0,243500.0,104.81564,2.203,10,159.63,15449.53
499500.0,294500.0,104.9955,2.66441,10,26.84,12418.8
491500.0,214500.0,104.92357,1.94064,10,165.78,8242.02
468500.0,203500.0,104.71677,1.8411,10,160.81,28641.75
501500.0,188500.0,105.01349,1.70541,10,119.66,8014.38
307500.0,114500.0,103.27003,1.03544,10,46.12,3648.52
337500.0,118500.0,103.53956,1.07175,10,65.88,312.59
335500.0,127500.0,103.52155,1.15314,10,30.8,880.8
497500.0,148500.0,104.97753,1.34352,10,12.03,315.06
451500.0,145500.0,104.56403,1.31634,10,101.5,1005.36
494500.0,209500.0,104.95055,1.8954,10,33.43,21.76
521500.0,170500.0,105.19328,1.54255,10,103.36,17104.94
514500.0,172500.0,105.13036,1.56065,10,117.81,1.91
523500.0,180500.0,105.21127,1.63302,10,5.64,7137.56
502500.0,210500.0,105.02248,1.90445,10,133.55,42.26
361500.0,121500.0,103.75521,1.09899,9,61.03,74.38
347500.0,112500.0,103.62944,1.01753,9,79.05,65.23
412500.0,116500.0,104.21355,1.05391,9,107.46,3.83
258500.0,175500.0,102.8294,1.58665,9,59.22,19742.15
250500.0,193500.0,102.75734,1.7493,9,61.35,2373.89
281500.0,165500.0,103.03612,1.49644,9,57.11,62513.35
323500.0,141500.0,103.41365,1.2797,9,139.5,45.36
438500.0,170500.0,104.44712,1.54249,9,62.67,7605.7
443500.0,187500.0,104.49203,1.6963,9,96.8,80.16
442500.0,210500.0,104.48299,1.90437,9,10.25,228975.71
480500.0,163500.0,104.8247,1.47923,9,2.37,31786.23
455500.0,187500.0,104.59992,1.69632,9,86.77,64.76
445500.0,177500.0,104.51004,1.60583,9,74.29,6088.52
462500.0,173500.0,104.66287,1.56968,9,125.78,25022.75
463500.0,182500.0,104.67185,1.6511,9,59.03,2482.08
477500.0,209500.0,104.79769,1.89539,9,65.37,1.48
490500.0,219500.0,104.91457,1.98588,9,71.76,8306.22
494500.0,219500.0,104.95054,1.98588,9,1.99,736656.89
484500.0,199500.0,104.86064,1.80493,9,59.95,49585.69
475500.0,204500.0,104.77971,1.85016,9,104.35,2.36
483500.0,241500.0,104.85161,2.18491,9,71.8,5.39
496500.0,249500.0,104.96852,2.25729,9,64.49,670.59
498500.0,256500.0,104.98651,2.32062,9,75.82,2041.41
486500.0,268500.0,104.87857,2.42918,9,148.46,8750.77
502500.0,158500.0,105.02247,1.434,9,10.6,10043.15
503500.0,160500.0,105.03146,1.45209,9,59.44,24186.37
505500.0,284500.0,105.04948,2.57394,9,67.62,294.49
510500.0,301500.0,105.09447,2.72774,9,152.97,3596.99
513500.0,307500.0,105.12146,2.78202,9,66.0,204.48
285500.0,167500.0,103.07204,1.51456,9,59.5,37874657.61
465500.0,307500.0,104.6896,2.78199,9,130.71,8269.97
304500.0,102500.0,103.24314,0.92691,9,79.49,164.82
360500.0,135500.0,103.74616,1.22561,9,156.82,2.73
481500.0,191500.0,104.83367,1.73255,9,90.39,263.4
487500.0,180500.0,104.88762,1.63303,9,27.38,1556.23
464500.0,198500.0,104.68082,1.79586,9,170.62,13.33
471500.0,196500.0,104.74376,1.77777,9,39.09,1.71
499500.0,245500.0,104.9955,2.2211,9,167.96,356.98
461500.0,230500.0,104.65378,2.08536,9,162.9,1382.6
502500.0,190500.0,105.02248,1.72351,9,167.46,14807.85
301500.0,156500.0,103.21588,1.41521,9,46.3,4575.74
285500.0,173500.0,103.07199,1.56881,9,142.01,15368.05
340500.0,106500.0,103.56656,0.96323,9,10.31,4827.85
379500.0,130500.0,103.91693,1.18046,9,96.26,1.31
371500.0,161500.0,103.84491,1.46084,9,58.57,1121.08
424500.0,135500.0,104.32136,1.22582,9,75.35,1538.67
334500.0,120500.0,103.51259,1.08983,9,4.52,925.43
357500.0,130500.0,103.71923,1.18038,9,110.84,3.43
428500.0,153500.0,104.35727,1.38867,9,162.29,757.16
460500.0,162500.0,104.64491,1.47016,9,123.75,30179.01
486500.0,139500.0,104.87865,1.2621,9,47.49,12165820.42
463500.0,163500.0,104.67188,1.47921,9,107.03,1059758.22
481500.0,150500.0,104.8337,1.36161,9,26.46,751892.68
482500.0,149500.0,104.84269,1.35257,9,26.36,23904.55
479500.0,170500.0,104.81571,1.54256,9,175.68,45.35
459500.0,167500.0,104.63591,1.51539,9,24.42,46.7
458500.0,166500.0,104.62692,1.50634,9,15.51,39.81
468500.0,211500.0,104.71676,1.91348,9,66.75,667.03
467500.0,196500.0,104.70779,1.77777,9,168.98,6.22
470500.0,206500.0,104.73475,1.86824,9,171.99,7.71
470500.0,201500.0,104.73476,1.82301,9,0.11,3.03
459500.0,220500.0,104.63582,1.99488,9,159.21,515434.76
455500.0,216500.0,104.59986,1.95869,9,176.16,632711.97
459500.0,219500.0,104.63582,1.98584,9,169.33,5627045.78
479500.0,199500.0,104.81568,1.80492,9,59.77,893.88
483500.0,207500.0,104.85164,1.8773,9,145.98,72736.6
473500.0,212500.0,104.76172,1.92253,9,49.93,11.67
484500.0,198500.0,104.86064,1.79588,9,52.93,103.01
476500.0,235500.0,104.78867,2.13062,9,25.74,3.64
455500.0,239500.0,104.59981,2.16677,9,178.84,788034.97
489500.0,257500.0,104.90556,2.32967,9,159.31,36851.42
514500.0,147500.0,105.13034,1.33447,9,64.77,2970687.48
508500.0,192500.0,105.07642,1.7416,9,109.97,27582.55
506500.0,192500.0,105.05844,1.7416,9,41.42,1.87
530500.0,199500.0,105.27423,1.80491,9,20.14,6974.82
339500.0,110500.0,103.55756,0.99941,9,43.5,2.73
410500.0,114500.0,104.19558,1.03581,9,11.8,4453.83
261500.0,178500.0,102.85632,1.6138,9,56.37,5945.1
300500.0,135500.0,103.20703,1.22531,9,62.73,138.04
279500.0,178500.0,103.01804,1.61397,9,140.92,131.66
346500.0,139500.0,103.62034,1.26173,9,36.77,15.93
394500.0,108500.0,104.0518,0.9815,9,91.91,2618.75
413500.0,116500.0,104.22254,1.05391,9,167.77,1526.66
434500.0,151500.0,104.41121,1.37059,9,41.02,3243.31
452500.0,160500.0,104.573,1.45205,9,112.13,235.85
464500.0,193500.0,104.68082,1.75062,9,133.4,247.12
481500.0,189500.0,104.83367,1.71445,9,51.21,12410.77
476500.0,186500.0,104.78872,1.68731,9,47.34,26.62
488500.0,166500.0,104.89662,1.50637,9,90.5,7758.86
498500.0,176500.0,104.98651,1.59685,9,179.58,1169.09
477500.0,201500.0,104.7977,1.82302,9,73.79,7.5
489500.0,216500.0,104.90558,1.95873,9,69.51,9813.77
480500.0,193500.0,104.82468,1.75064,9,35.32,8986.61
478500.0,225500.0,104.80666,2.04015,9,156.03,4083153.16
470500.0,234500.0,104.73471,2.12156,9,8.73,2.89
470500.0,268500.0,104.73466,2.42916,9,20.22,1837.23
484500.0,277500.0,104.86057,2.51061,9,103.72,2789.62
501500.0,163500.0,105.01348,1.47923,9,55.34,32750.66
526500.0,194500.0,105.23826,1.75968,9,112.0,39276.85
503500.0,273500.0,105.03148,2.47442,9,158.54,22057.39
511500.0,278500.0,105.10345,2.51966,9,158.14,24689320885.28
503500.0,300500.0,105.03149,2.7187,9,81.23,849.47
511500.0,281500.0,105.10345,2.5468,9,75.12,7749.28
518500.0,306500.0,105.16645,2.77297,9,63.91,14095.69
514500.0,308500.0,105.13046,2.79107,9,154.12,19124.24
262500.0,173500.0,102.86535,1.56861,9,56.75,4736.89
272500.0,171500.0,102.95521,1.55062,9,53.98,2127.59
303500.0,135500.0,103.23398,1.22532,9,78.04,589688.5
278500.0,163500.0,103.00918,1.47833,9,149.74,18680.9
305500.0,157500.0,103.25181,1.42428,9,140.63,1719.1
278500.0,175500.0,103.00908,1.58684,9,49.69,2935.16
346500.0,114500.0,103.62044,1.03561,9,71.61,3316.65
345500.0,122500.0,103.61143,1.10797,9,175.31,31.07
347500.0,114500.0,103.62943,1.03562,9,62.26,183.97
406500.0,121500.0,104.15962,1.09913,9,152.46,732.5
397500.0,151500.0,104.07864,1.37049,9,57.94,21.01
452500.0,151500.0,104.57301,1.37063,9,101.14,19527.05
459500.0,166500.0,104.63591,1.50634,9,16.81,38.16
470500.0,168500.0,104.7348,1.52445,9,89.05,137852.36
451500.0,192500.0,104.56395,1.74155,9,163.01,686.02
461500.0,210500.0,104.65382,1.90442,9,27.06,3.34
476500.0,221500.0,104.78868,2.00396,9,158.56,644995.38
462500.0,212500.0,104.66281,1.92251,9,74.07,17389.38
498500.0,209500.0,104.98651,1.89541,9,71.5,60.37
477500.0,225500.0,104.79767,2.04015,9,65.99,154146.06
496500.0,254500.0,104.96852,2.30253,9,160.84,1127.57
501500.0,243500.0,105.01349,2.20301,9,153.27,593225.93
509500.0,283500.0,105.08546,2.56489,9,165.54,10951.7
266500.0,182500.0,102.9012,1.65002,9,77.0,310232.74
330500.0,111500.0,103.47669,1.00842,9,35.34,5096.2
297500.0,163500.0,103.17989,1.47848,9,49.49,1284.52
315500.0,146500.0,103.34174,1.32487,9,134.74,118.13
413500.0,117500.0,104.22254,1.06296,9,153.18,1.46
299500.0,101500.0,103.19823,0.91784,9,14.54,10537.7
471500.0,181500.0,104.74377,1.64207,9,37.31,1094.51
450500.0,185500.0,104.55497,1.67822,9,76.28,69069.14
458500.0,190500.0,104.62688,1.72347,9,166.31,439.09
456500.0,217500.0,104.60885,1.96774,9,167.49,2351.06
455500.0,211500.0,104.59987,1.91345,9,169.77,22677.89
494500.0,228500.0,104.95054,2.0673,9,152.28,12020.4
467500.0,227500.0,104.70774,2.05823,9,7.14,15.26
492500.0,271500.0,104.93254,2.45633,9,63.16,2017.41
498500.0,251500.0,104.98651,2.27539,9,69.69,935.84
476500.0,292500.0,104.78859,2.6463,9,171.52,1275599.35
523500.0,156500.0,105.21125,1.41589,9,164.14,88860.14
501500.0,257500.0,105.01349,2.32967,9,153.18,3708.58
453500.0,160500.0,104.58199,1.45205,9,109.48,887.86
498500.0,187500.0,104.98651,1.69637,9,132.66,9957.7
453500.0,216500.0,104.58188,1.95868,9,162.74,92671.4
494500.0,242500.0,104.95054,2.19396,9,77.33,454.06
492500.0,246500.0,104.93255,2.23015,9,83.9,13.76
492500.0,250500.0,104.93255,2.26634,9,100.14,2.21
495500.0,291500.0,104.95952,2.63727,9,110.22,2.65
506500.0,280500.0,105.05847,2.53775,9,157.9,403321.49
521500.0,308500.0,105.19344,2.79106,9,60.35,8685.14
269500.0,185500.0,102.92813,1.67717,9,153.21,136.23
310500.0,153500.0,103.29677,1.38814,9,33.96,2.1
303500.0,153500.0,103.23387,1.3881,9,55.34,1952.82
414500.0,104500.0,104.23155,0.94536,9,124.21,7.16
467500.0,220500.0,104.70776,1.9949,9,129.45,3.94
483500.0,194500.0,104.85165,1.75969,9,153.98,7255.73
486500.0,233500.0,104.8786,2.11253,9,170.26,5617.41
513500.0,176500.0,105.12137,1.59684,9,134.59,17.6
529500.0,169500.0,105.2652,1.5335,9,68.72,2774.39
517500.0,218500.0,105.15736,1.97682,9,9.33,16531.16
519500.0,308500.0,105.17545,2.79106,9,63.13,13430.14
253500.0,173500.0,102.7845,1.56852,9,163.88,63737.16
411500.0,110500.0,104.20458,0.99963,9,91.2,1785.86
469500.0,173500.0,104.7258,1.56969,9,64.41,54.9
464500.0,185500.0,104.68084,1.67825,9,143.71,60212.59
463500.0,185500.0,104.67185,1.67824,9,143.54,150248.31
484500.0,169500.0,104.86066,1.53351,9,81.04,590012.19
483500.0,169500.0,104.85167,1.53351,9,80.57,43336.48
451500.0,176500.0,104.56398,1.5968,9,144.53,940.1
486500.0,207500.0,104.87861,1.87731,9,65.31,878.76
498500.0,213500.0,104.98651,1.93159,9,88.63,26634.5
457500.0,217500.0,104.61784,1.96774,9,164.12,7233.8
459500.0,223500.0,104.63581,2.02203,9,74.9,463.59
458500.0,222500.0,104.62682,2.01298,9,166.33,9286.41
467500.0,238500.0,104.70773,2.15775,9,63.37,10136.25
479500.0,274500.0,104.8156,2.48346,9,76.16,709.21
499500.0,249500.0,104.9955,2.25729,9,67.69,7023.9
488500.0,253500.0,104.89657,2.29348,9,154.56,84252.26
491500.0,254500.0,104.92355,2.30253,9,74.58,23640.23
494500.0,270500.0,104.95053,2.44728,9,157.4,171673.95
483500.0,250500.0,104.8516,2.26633,9,142.36,263.72
478500.0,269500.0,104.80661,2.43822,9,161.32,3336.7
477500.0,269500.0,104.79762,2.43822,9,71.19,19.6
481500.0,279500.0,104.83358,2.5287,9,62.95,2149.25
501500.0,253500.0,105.01349,2.29348,9,164.87,3015.02
515500.0,297500.0,105.13945,2.69155,9,153.22,391751.36
503500.0,294500.0,105.03149,2.66441,9,44.35,16160.62
504500.0,296500.0,105.04048,2.68251,9,164.33,1185708.2
511500.0,302500.0,105.10346,2.73679,9,162.35,32644.08
523500.0,305500.0,105.21143,2.76391,9,157.48,7501328.88
255500.0,148500.0,102.80268,1.34253,9,53.88,12444.98
321500.0,119500.0,103.39579,1.08073,9,111.18,137992.1
313500.0,125500.0,103.32389,1.13495,9,116.04,10053.06
319500.0,136500.0,103.37774,1.23446,9,162.8,25.11
318500.0,145500.0,103.3687,1.31584,9,81.81,2.74
346500.0,142500.0,103.62032,1.28886,9,65.08,95.67
478500.0,172500.0,104.80671,1.56065,9,120.25,1342695.77
479500.0,230500.0,104.81565,2.08539,9,154.12,172679.46
525500.0,111500.0,105.2292,1.00877,9,41.14,32526.0
504500.0,286500.0,105.04048,2.59204,9,158.64,270260.86
518500.0,309500.0,105.16645,2.80011,9,161.91,1259867.4
266500.0,176500.0,102.90126,1.59577,9,54.52,14954.9
409500.0,118500.0,104.18659,1.072,9,55.97,19.21
414500.0,147500.0,104.23145,1.33436,9,18.2,8.26
367500.0,163500.0,103.80895,1.47891,9,92.67,154.48
411500.0,120500.0,104.20456,1.09009,9,163.0,471.25
439500.0,227500.0,104.45596,2.05816,9,25.7,58.0
480500.0,179500.0,104.82469,1.62398,9,22.49,91.99
483500.0,171500.0,104.85166,1.55161,9,177.15,842.15
256500.0,183500.0,102.81135,1.65896,9,59.99,19886.43
332500.0,137500.0,103.49454,1.24357,9,154.34,56.92
312500.0,137500.0,103.31484,1.24346,9,55.72,4115.74
448500.0,167500.0,104.53703,1.51537,9,153.8,324.94
325500.0,118500.0,103.43174,1.0717,9,120.32,850.36
320500.0,142500.0,103.38669,1.28873,9,139.39,23.16
511500.0,300500.0,105.10346,2.71869,9,59.24,8985.02
342500.0,100500.0,103.58456,0.90897,9,17.38,21312.99
424500.0,137500.0,104.32136,1.24392,9,91.1,42805.25
513500.0,269500.0,105.12143,2.43823,9,5.46,187651.99
503500.0,282500.0,105.03148,2.55585,9,162.52,83668.82
487500.0,200500.0,104.88761,1.81398,9,166.3,8011.08
481500.0,242500.0,104.83362,2.19395,9,154.3,5358.85
491500.0,239500.0,104.92356,2.16682,9,74.22,1210.72
400500.0,133500.0,104.10566,1.20767,9,68.83,409.06
487500.0,154500.0,104.88763,1.3978,9,111.08,636.97
464500.0,197500.0,104.68082,1.78681,9,172.56,12400.32
475500.0,213500.0,104.7797,1.93158,9,64.8,129.79
463500.0,226500.0,104.67178,2.04917,9,158.4,169071.71
274500.0,182500.0,102.97308,1.65009,9,59.49,4072.96
312500.0,152500.0,103.31474,1.37911,9,50.7,14922.59
367500.0,162500.0,103.80895,1.46987,9,80.83,1.52
473500.0,123500.0,104.76181,1.11733,9,14.87,7270.25
449500.0,212500.0,104.54592,1.92249,9,29.81,226306.81
420500.0,128500.0,104.28543,1.16249,9,106.15,2008.89
439500.0,209500.0,104.45601,1.89532,9,42.13,55120.19
459500.0,173500.0,104.6359,1.56967,9,110.65,4250.04
295500.0,138500.0,103.16209,1.2524,9,77.88,1882.63
446500.0,197500.0,104.51898,1.78678,9,11.45,1625.71
404500.0,114500.0,104.14166,1.0358,9,49.54,60.82
529500.0,204500.0,105.26525,1.85015,9,21.74,3634.78
524500.0,237500.0,105.22033,2.14871,9,25.54,28585.16
524500.0,236500.0,105.22033,2.13966,9,26.29,89841.38
438500.0,151500.0,104.44717,1.3706,9,122.09,591.09
441500.0,189500.0,104.47405,1.71439,9,10.83,23917.48
448500.0,228500.0,104.53689,2.06723,9,55.88,1830.34
476500.0,244500.0,104.78866,2.21204,9,131.87,3329.94
463500.0,249500.0,104.67173,2.25726,9,176.4,54958.37
334500.0,128500.0,103.51256,1.16218,9,36.52,3859.99
354500.0,140500.0,103.69222,1.27081,9,35.92,11.74
494500.0,208500.0,104.95055,1.88636,9,171.32,8674.75
506500.0,105500.0,105.05842,0.95449,9,47.09,50041.71
512500.0,174500.0,105.11238,1.57875,9,99.71,7036.01
289500.0,160500.0,103.10803,1.45129,8,57.83,46399.9
290500.0,165500.0,103.11698,1.49651,8,50.51,3431.57
372500.0,128500.0,103.85403,1.16234,8,21.91,107.07
344500.0,115500.0,103.60247,1.04465,8,82.77,509.47
380500.0,120500.0,103.92595,1.09001,8,90.8,11.45
411500.0,126500.0,104.20454,1.14437,8,87.23,56.67
253500.0,198500.0,102.78424,1.79453,8,35.56,29.45
310500.0,110500.0,103.29701,0.99928,8,23.18,73.84
317500.0,147500.0,103.3597,1.33393,8,126.92,313.24
284500.0,163500.0,103.06309,1.47838,8,59.21,310222151.06
283500.0,177500.0,103.05399,1.60496,8,50.02,3889.21
358500.0,133500.0,103.7282,1.20752,8,97.4,2.57
408500.0,120500.0,104.17759,1.09009,8,155.71,44.76
439500.0,173500.0,104.45611,1.56963,8,56.24,149.02
444500.0,171500.0,104.50106,1.55155,8,72.74,1088.88
437500.0,272500.0,104.43782,2.46526,8,7.42,8866687.77
444500.0,154500.0,104.50109,1.39775,8,9.41,2.47
460500.0,173500.0,104.64489,1.56967,8,151.81,75.07
462500.0,177500.0,104.66287,1.60587,8,53.53,81.58
445500.0,176500.0,104.51004,1.59679,8,77.86,2364.13
474500.0,191500.0,104.77073,1.73254,8,49.43,16812.5
466500.0,179500.0,104.69883,1.62397,8,174.37,221.51
473500.0,198500.0,104.76174,1.79587,8,62.95,324.6
479500.0,217500.0,104.81566,1.96777,8,158.89,139399687.16
483500.0,199500.0,104.85165,1.80493,8,111.81,188.1
476500.0,204500.0,104.7887,1.85016,8,74.69,27.29
485500.0,226500.0,104.86961,2.0492,8,64.36,20.1
491500.0,221500.0,104.92357,2.00397,8,72.9,18208.47
464500.0,231500.0,104.68076,2.09441,8,13.8,64084063.77
460500.0,239500.0,104.64477,2.16678,8,172.41,95631672.46
483500.0,227500.0,104.85162,2.05825,8,52.35,1.83
499500.0,261500.0,104.9955,2.36586,8,42.45,4518.74
498500.0,255500.0,104.98651,2.31158,8,82.6,29.25
495500.0,258500.0,104.95953,2.33872,8,47.97,30853.31
488500.0,268500.0,104.89656,2.42919,8,6.38,358961477.14
485500.0,267500.0,104.86958,2.42014,8,153.3,201555796.78
485500.0,266500.0,104.86958,2.41109,8,154.44,28364917.31
487500.0,272500.0,104.88756,2.46537,8,84.61,6.2
492500.0,278500.0,104.93253,2.51966,8,179.98,3841545.83
492500.0,277500.0,104.93254,2.51061,8,176.02,74042.76
516500.0,182500.0,105.14834,1.65112,8,96.85,184409104.9
503500.0,268500.0,105.03148,2.42919,8,70.31,127.8
503500.0,267500.0,105.03148,2.42014,8,68.88,1092.93
506500.0,258500.0,105.05846,2.33872,8,162.58,42290040.3
507500.0,258500.0,105.06746,2.33872,8,162.17,225782837.28
500500.0,261500.0,105.0045,2.36586,8,66.44,15408.29
501500.0,299500.0,105.0135,2.70965,8,148.18,257221.39
519500.0,301500.0,105.17544,2.72773,8,158.08,352615212.72
501500.0,283500.0,105.01349,2.5649,8,149.67,3205.39
520500.0,296500.0,105.18443,2.68249,8,153.78,141344198.19
520500.0,303500.0,105.18444,2.74582,8,156.95,126143.17
514500.0,309500.0,105.13046,2.80011,8,65.43,1275.38
512500.0,310500.0,105.11247,2.80916,8,145.41,131416.23
253500.0,183500.0,102.7844,1.65893,8,42.58,154.68
338500.0,110500.0,103.54858,0.9994,8,11.86,13763.53
412500.0,112500.0,104.21356,1.01773,8,172.05,442.14
451500.0,163500.0,104.564,1.47919,8,122.28,5576.98
485500.0,176500.0,104.86964,1.59684,8,45.19,265.88
483500.0,212500.0,104.85164,1.92254,8,70.74,105.11
481500.0,203500.0,104.83366,1.84111,8,71.25,106.67
455500.0,198500.0,104.5999,1.79584,8,178.0,2742.3
463500.0,240500.0,104.67175,2.17583,8,72.71,34993.66
502500.0,273500.0,105.02249,2.47442,8,171.21,270.66
315500.0,95500.0,103.34199,0.86365,8,73.46,2.77
340500.0,107500.0,103.56656,0.97228,8,8.9,4997.48
391500.0,158500.0,104.02468,1.43379,8,40.63,8.46
294500.0,158500.0,103.15297,1.43325,8,51.64,16951.19
290500.0,162500.0,103.117,1.46939,8,50.19,6315.54
298500.0,154500.0,103.18894,1.3971,8,142.53,280.35
398500.0,152500.0,104.08762,1.37954,8,62.13,56.11
442500.0,171500.0,104.48308,1.55155,8,112.9,5.15
495500.0,163500.0,104.95955,1.47923,8,151.31,595.74
493500.0,164500.0,104.94157,1.48828,8,63.04,11358831.88
459500.0,187500.0,104.63588,1.69633,8,107.19,686.08
482500.0,178500.0,104.84267,1.61494,8,12.4,13.05
459500.0,186500.0,104.63588,1.68728,8,133.19,213.42
480500.0,178500.0,104.82469,1.61493,8,9.29,2.74
467500.0,189500.0,104.7078,1.71444,8,15.68,4.82
455500.0,215500.0,104.59986,1.94964,8,86.07,1269.42
490500.0,220500.0,104.91457,1.99492,8,160.5,37107.61
464500.0,207500.0,104.6808,1.87728,8,13.86,73.71
472500.0,205500.0,104.75274,1.8592,8,11.54,22.24
458500.0,219500.0,104.62683,1.98584,8,162.98,2065.57
457500.0,207500.0,104.61786,1.87727,8,64.1,3.01
466500.0,207500.0,104.69878,1.87728,8,70.32,8.73
483500.0,247500.0,104.85161,2.23919,8,71.71,147.53
480500.0,223500.0,104.82465,2.02206,8,171.36,30.7
480500.0,237500.0,104.82464,2.14872,8,77.92,52.43
498500.0,231500.0,104.98651,2.09444,8,158.85,292728960.45
488500.0,221500.0,104.89659,2.00397,8,166.59,774.38
493500.0,235500.0,104.94155,2.13063,8,77.44,151.7
493500.0,262500.0,104.94154,2.3749,8,165.52,10584.1
467500.0,251500.0,104.7077,2.27536,8,163.88,45420579.16
493500.0,261500.0,104.94154,2.36586,8,165.68,28495.9
470500.0,252500.0,104.73468,2.28441,8,158.1,88518998.69
510500.0,193500.0,105.0944,1.75065,8,105.14,6711233.74
501500.0,255500.0,105.01349,2.31158,8,100.57,1266.28
365500.0,125500.0,103.79114,1.13518,8,27.08,95.2
265500.0,155500.0,102.89246,1.4059,8,142.88,2284.12
252500.0,183500.0,102.77542,1.65892,8,64.31,13584.98
301500.0,111500.0,103.21615,1.00828,8,31.68,12520.9
312500.0,110500.0,103.31497,0.99929,8,101.03,31.95
333500.0,129500.0,103.50357,1.17122,8,165.64,13.29
338500.0,151500.0,103.54838,1.37022,8,37.17,1.13
498500.0,164500.0,104.98652,1.48828,8,162.1,24935.51
471500.0,162500.0,104.74379,1.47017,8,159.74,3.1
498500.0,174500.0,104.98651,1.57875,8,0.59,275.89
467500.0,183500.0,104.70781,1.66016,8,59.63,62.14
482500.0,190500.0,104.84266,1.7235,8,129.31,20670356.81
483500.0,190500.0,104.85165,1.7235,8,128.76,2108077.14
462500.0,201500.0,104.66283,1.823,8,176.29,5.22
477500.0,213500.0,104.79768,1.93158,8,158.85,15633116.61
478500.0,213500.0,104.80668,1.93158,8,158.63,257507519.32
495500.0,236500.0,104.95953,2.13968,8,158.56,80203.48
489500.0,238500.0,104.90557,2.15777,8,87.57,3.9
471500.0,267500.0,104.74365,2.42012,8,31.88,3571.37
458500.0,276500.0,104.6267,2.50151,8,24.8,73992108.64
511500.0,157500.0,105.10338,1.42495,8,137.21,1550.65
507500.0,162500.0,105.06742,1.47018,8,62.39,2350163.54
529500.0,195500.0,105.26523,1.76873,8,20.83,479.18
503500.0,271500.0,105.03148,2.45633,8,168.12,88062029637.76
255500.0,164500.0,102.80255,1.48718,8,51.4,99609372.19
270500.0,138500.0,102.9375,1.25223,8,92.2,442767030.17
261500.0,173500.0,102.85637,1.5686,8,58.16,37252.87
255500.0,176500.0,102.80244,1.59567,8,168.84,52224064.87
283500.0,170500.0,103.05405,1.54167,8,59.78,252608.79
288500.0,171500.0,103.09896,1.55075,8,142.61,4404.17
404500.0,118500.0,104.14165,1.07198,8,30.93,3.48
460500.0,154500.0,104.64492,1.39778,8,88.28,10908852912.39
461500.0,154500.0,104.65391,1.39778,8,103.89,5331516197.4
445500.0,156500.0,104.51008,1.41585,8,107.39,762.9
468500.0,182500.0,104.7168,1.65111,8,141.11,1808.54
473500.0,168500.0,104.76177,1.52446,8,101.28,16758.58
468500.0,207500.0,104.71677,1.87729,8,126.89,22.92
466500.0,196500.0,104.6988,1.77777,8,56.14,140.42
466500.0,198500.0,104.6988,1.79586,8,162.99,53498834.72
462500.0,211500.0,104.66281,1.91347,8,163.9,276407906.29
461500.0,232500.0,104.65378,2.10345,8,159.62,3483.32
460500.0,231500.0,104.64479,2.0944,8,67.99,184.64
486500.0,244500.0,104.87859,2.21205,8,159.84,32604.81
489500.0,230500.0,104.90558,2.08539,8,159.94,50634.42
529500.0,143500.0,105.26518,1.29827,8,54.5,309142.67
501500.0,228500.0,105.01349,2.0673,8,17.03,7335153.29
312500.0,102500.0,103.31501,0.92695,8,99.74,9359.89
312500.0,134500.0,103.31485,1.21633,8,80.24,1568.76
379500.0,127500.0,103.91694,1.15332,8,131.91,146.48
393500.0,160500.0,104.04265,1.45189,8,145.23,700.05
264500.0,169500.0,102.88335,1.53246,8,54.12,6005.93
256500.0,181500.0,102.81137,1.64088,8,58.64,22462.59
268500.0,178500.0,102.91921,1.61387,8,52.86,6088.55
298500.0,102500.0,103.18924,0.92688,8,7.78,523.4
323500.0,133500.0,103.41369,1.20735,8,51.43,213530683.44
425500.0,140500.0,104.33034,1.27106,8,114.33,4617.55
432500.0,166500.0,104.3932,1.50629,8,103.33,18.05
431500.0,202500.0,104.38411,1.83197,8,23.1,15644.82
440500.0,232500.0,104.46494,2.1034,8,96.82,123.24
488500.0,142500.0,104.89663,1.28924,8,72.88,2123401.99
478500.0,162500.0,104.80672,1.47018,8,177.53,18.04
457500.0,187500.0,104.6179,1.69633,8,160.38,1151.95
474500.0,185500.0,104.77074,1.67826,8,62.48,16724.21
470500.0,209500.0,104.73475,1.89538,8,120.8,81.36
478500.0,194500.0,104.80669,1.75969,8,50.07,356.83
447500.0,203500.0,104.52796,1.84106,8,163.14,110480525.1
448500.0,204500.0,104.53695,1.85011,8,163.4,197225.55
449500.0,194500.0,104.54596,1.75964,8,165.02,13207.0
487500.0,219500.0,104.8876,1.98587,8,70.12,138.58
472500.0,200500.0,104.75274,1.81396,8,75.71,31.95
468500.0,238500.0,104.71672,2.15775,8,170.46,3.36
493500.0,226500.0,104.94155,2.04921,8,151.55,165271522.9
459500.0,230500.0,104.6358,2.08535,8,164.36,311873196.34
469500.0,249500.0,104.72569,2.25727,8,133.45,29009756.18
498500.0,252500.0,104.98651,2.28443,8,70.11,522.26
498500.0,280500.0,104.98651,2.53775,8,174.75,66174876.97
500500.0,175500.0,105.0045,1.5878,8,37.1,151154180.2
503500.0,225500.0,105.03147,2.04016,8,133.94,523.44
523500.0,262500.0,105.21137,2.37489,8,5.94,244864486.02
503500.0,276500.0,105.03148,2.50157,8,161.2,11634.59
507500.0,289500.0,105.06747,2.61918,8,148.92,907975.53
270500.0,168500.0,102.93727,1.52347,8,59.14,48177.01
289500.0,170500.0,103.10795,1.54172,8,50.5,2697.7
455500.0,150500.0,104.59998,1.36158,8,138.28,21696.14
456500.0,161500.0,104.60895,1.4611,8,8.39,1336.06
469500.0,178500.0,104.7258,1.61492,8,35.73,75.28
460500.0,191500.0,104.64486,1.73252,8,160.73,260.19
479500.0,181500.0,104.8157,1.64207,8,15.14,54.79
463500.0,180500.0,104.67185,1.63301,8,46.68,22.88
468500.0,169500.0,104.71682,1.5335,8,104.49,3262.02
486500.0,193500.0,104.87862,1.75065,8,112.15,919066805327.89
485500.0,241500.0,104.8696,2.18491,8,60.57,20.02
501500.0,248500.0,105.01349,2.24825,8,73.82,4140.49
518500.0,295500.0,105.16643,2.67345,8,63.91,113.72
511500.0,291500.0,105.10346,2.63727,8,68.08,25756.33
502500.0,287500.0,105.02249,2.60108,8,73.64,121.34
347500.0,128500.0,103.62937,1.16224,8,50.2,19.89
409500.0,124500.0,104.18657,1.12627,8,35.78,2.25
407500.0,121500.0,104.1686,1.09913,8,101.31,12.06
413500.0,138500.0,104.22249,1.25293,8,136.99,15393.33
452500.0,212500.0,104.57289,1.92249,8,171.13,73565.57
462500.0,218500.0,104.6628,1.9768,8,42.08,10608.89
469500.0,240500.0,104.72571,2.17584,8,53.77,19.93
486500.0,234500.0,104.8786,2.12158,8,178.22,102942.66
498500.0,273500.0,104.98651,2.47442,8,155.41,26628.48
458500.0,289500.0,104.62667,2.61912,8,104.13,49246.19
317500.0,109500.0,103.3599,0.99027,8,100.96,120.42
303500.0,157500.0,103.23384,1.42427,8,45.67,22144.17
351500.0,121500.0,103.66535,1.09895,8,72.06,6130.16
347500.0,124500.0,103.62939,1.12606,8,29.7,18078.16
412500.0,136500.0,104.2135,1.23484,8,95.86,523886.53
464500.0,173500.0,104.68085,1.56968,8,133.74,1192.95
468500.0,190500.0,104.71679,1.72349,8,151.96,12451961.5
482500.0,169500.0,104.84268,1.53351,8,81.08,415229.32
452500.0,208500.0,104.5729,1.88631,8,2.61,3804.35
450500.0,208500.0,104.55492,1.8863,8,161.79,180750295.99
498500.0,212500.0,104.98651,1.92255,8,178.27,96929065.23
473500.0,222500.0,104.76171,2.013,8,60.83,13.53
466500.0,259500.0,104.69869,2.34773,8,175.9,33332.19
495500.0,257500.0,104.95953,2.32967,8,153.92,51618065.1
483500.0,251500.0,104.8516,2.27538,8,74.04,129.67
466500.0,254500.0,104.6987,2.3025,8,176.13,34671.92
471500.0,272500.0,104.74364,2.46535,8,82.39,131.05
471500.0,276500.0,104.74364,2.50154,8,6.86,1885388.12
474500.0,291500.0,104.7706,2.63725,8,168.5,721633521.36
499500.0,287500.0,104.9955,2.60108,8,82.01,3358.79
502500.0,263500.0,105.02249,2.38395,8,169.27,175533.98
512500.0,303500.0,105.11246,2.74583,8,162.17,4616409.05
500500.0,276500.0,105.0045,2.50157,8,157.39,52154.17
521500.0,312500.0,105.19345,2.82725,8,63.43,364.43
348500.0,113500.0,103.63842,1.02658,8,168.1,4.69
435500.0,247500.0,104.41992,2.23908,8,5.1,43134925.41
482500.0,157500.0,104.84268,1.42494,8,54.31,112963957.16
481500.0,157500.0,104.83369,1.42494,8,54.41,1623024.53
497500.0,199500.0,104.97752,1.80493,8,102.77,10006.39
461500.0,220500.0,104.6538,1.99489,8,170.81,8587067.23
467500.0,194500.0,104.7078,1.75967,8,17.12,4.42
458500.0,223500.0,104.62682,2.02202,8,164.49,5113.41
494500.0,231500.0,104.95054,2.09444,8,154.56,1895659.9
485500.0,246500.0,104.86959,2.23015,8,40.87,40.57
490500.0,251500.0,104.91456,2.27538,8,158.42,4977050.85
471500.0,299500.0,104.74359,2.70962,8,42.92,20459571.42
523500.0,98500.0,105.21121,0.89115,8,35.06,11628753.38
506500.0,309500.0,105.05848,2.80012,8,163.51,204820500.35
252500.0,194500.0,102.7753,1.75836,8,66.59,77437.59
312500.0,115500.0,103.31495,1.04451,8,130.87,4.6
425500.0,104500.0,104.33041,0.94538,8,74.3,19217.65
265500.0,181500.0,102.89223,1.64097,8,59.53,10003.12
283500.0,164500.0,103.05409,1.48742,8,146.33,1904.48
342500.0,113500.0,103.58451,1.02655,8,91.08,5371.51
319500.0,99500.0,103.37791,0.89984,8,39.12,1609.98
288500.0,133500.0,103.09923,1.20715,8,75.35,2321.23
459500.0,194500.0,104.63587,1.75966,8,2.11,43471.4
270500.0,177500.0,102.93719,1.60485,8,51.17,11226.36
327500.0,122500.0,103.44969,1.10789,8,32.94,4918.92
483500.0,124500.0,104.85169,1.12639,8,49.81,6683.0
468500.0,239500.0,104.71672,2.16679,8,151.35,23992.89
262500.0,179500.0,102.86529,1.62285,8,60.46,96979.39
332500.0,139500.0,103.49453,1.26166,8,69.81,7970.05
510500.0,298500.0,105.09447,2.7006,8,149.54,42487.08
509500.0,285500.0,105.08546,2.58299,8,168.21,138655.99
314500.0,109500.0,103.33295,0.99026,8,59.93,153.36
329500.0,124500.0,103.46765,1.12598,8,56.41,21815.15
301500.0,160500.0,103.21585,1.45138,8,45.73,81549.89
459500.0,213500.0,104.63583,1.93155,8,176.03,75459.54
470500.0,216500.0,104.73474,1.95871,8,136.88,138.25
502500.0,260500.0,105.02249,2.35681,8,161.99,166902.9
276500.0,169500.0,102.99116,1.53257,8,54.19,26957.7
313500.0,105500.0,103.32398,0.95408,8,91.1,3443.93
403500.0,147500.0,104.13258,1.33432,8,78.05,2.12
463500.0,187500.0,104.67184,1.69634,8,154.16,1687.26
487500.0,198500.0,104.88761,1.79588,8,70.13,57.42
517500.0,306500.0,105.15745,2.77297,8,153.48,195474.07
342500.0,129500.0,103.58444,1.17127,8,102.72,4826.06
496500.0,230500.0,104.96853,2.0854,8,154.04,52329.91
496500.0,232500.0,104.96853,2.10349,8,64.91,9490.8
497500.0,233500.0,104.97752,2.11254,8,157.5,11629.06
484500.0,284500.0,104.86057,2.57394,8,130.0,4.26
443500.0,165500.0,104.49208,1.49727,8,55.86,17.44
440500.0,230500.0,104.46494,2.08531,8,11.41,52179.25
486500.0,188500.0,104.87863,1.70541,8,78.9,3541.14
498500.0,248500.0,104.98651,2.24825,8,151.52,75288.35
516500.0,143500.0,105.14832,1.29828,8,26.04,46351.58
500500.0,239500.0,105.0045,2.16682,8,169.39,185014.22
501500.0,251500.0,105.01349,2.27539,8,168.68,84164.23
507500.0,270500.0,105.06746,2.44728,8,174.04,12485.37
419500.0,128500.0,104.27644,1.16248,8,114.64,27905.85
442500.0,197500.0,104.48302,1.78677,8,13.85,5037.09
336500.0,115500.0,103.53059,1.04462,8,38.94,2082.4
412500.0,133500.0,104.21351,1.2077,8,3.89,97811.19
281500.0,157500.0,103.03618,1.42411,8,54.16,461379.18
464500.0,195500.0,104.68082,1.76872,8,0.11,30.02
459500.0,203500.0,104.63585,1.84108,8,168.9,6240.79
461500.0,224500.0,104.6538,2.03108,8,112.84,190.58
492500.0,240500.0,104.93255,2.17587,8,155.61,39137.27
501500.0,245500.0,105.01349,2.2211,8,170.4,57489.33
502500.0,285500.0,105.02249,2.58299,8,153.97,120767.7
343500.0,100500.0,103.59354,0.90898,8,174.12,76726.91
376500.0,142500.0,103.88993,1.289,8,36.6,8.15
342500.0,102500.0,103.58455,0.92706,8,11.24,77867.33
494500.0,265500.0,104.95053,2.40205,8,9.88,7484.06
518500.0,223500.0,105.16636,2.02206,8,154.6,84057.56
511500.0,237500.0,105.10342,2.14872,8,23.46,9087.89
515500.0,259500.0,105.13941,2.34776,8,36.5,1617.65
447500.0,225500.0,104.5279,2.04009,8,19.66,2.67
518500.0,191500.0,105.16633,1.73255,8,113.77,25873.07
300500.0,105500.0,103.20719,0.95402,8,2.94,178253.05
394500.0,124500.0,104.05176,1.12623,8,153.53,101.02
416500.0,147500.0,104.24943,1.33436,8,11.61,12.2
302500.0,103500.0,103.22517,0.93594,8,22.47,613.9
450500.0,216500.0,104.5549,1.95868,8,164.53,1220.74
444500.0,219500.0,104.50094,1.9858,8,11.23,37482.06
476500.0,217500.0,104.78869,1.96777,8,30.42,1589.58
490500.0,269500.0,104.91455,2.43823,8,158.52,9948.36
511500.0,225500.0,105.10341,2.04016,8,146.36,44953.47
262500.0,157500.0,102.86549,1.42395,8,51.85,10433.35
250500.0,174500.0,102.75754,1.57754,8,74.1,122845.64
460500.0,99500.0,104.64498,0.90019,8,13.43,9.64
497500.0,193500.0,104.97752,1.75065,8,28.19,2191.38
502500.0,191500.0,105.02248,1.73256,8,168.04,2503.76
524500.0,178500.0,105.22026,1.61493,8,5.18,9082.11
524500.0,177500.0,105.22026,1.60588,8,4.72,43480.97
524500.0,175500.0,105.22026,1.58779,8,6.41,5143.11
