port,product,pol,objects,classes
Antwerp-Bruges,S1A_IW_GRDH_1SDV_20250115T173330_20250115T173355_057458_07130D_51CB,VH,2362,"bulk_carrier,container_ship,crude_oil_tanker,dredger,fishing_vessel,general_cargo,heavy_load_carrier,lpg_lng_tanker,offshore_supply,passenger_ship,pilot_port_tender,pleasure_craft,product_chemical_tanker,reefer_cargo,ro_ro_vehicle_carrier,sailing_vessel,ship_untyped,tug_towing"
Antwerp-Bruges,S1A_IW_GRDH_1SDV_20250220T173328_20250220T173353_057983_07280A_D019,VH,1638,"bulk_carrier,container_ship,crude_oil_tanker,dredger,fishing_vessel,general_cargo,heavy_load_carrier,lpg_lng_tanker,offshore_supply,passenger_ship,pilot_port_tender,pleasure_craft,product_chemical_tanker,reefer_cargo,ro_ro_vehicle_carrier,sailing_vessel,ship_untyped,tug_towing"
Antwerp-Bruges,S1A_IW_GRDH_1SDV_20250409T173329_20250409T173354_058683_07444B_FA8B,VH,1483,"bulk_carrier,container_ship,crude_oil_tanker,dredger,fishing_vessel,general_cargo,heavy_load_carrier,lpg_lng_tanker,offshore_supply,passenger_ship,pilot_port_tender,pleasure_craft,product_chemical_tanker,reefer_cargo,ro_ro_vehicle_carrier,sailing_vessel,ship_untyped,tug_towing"
Antwerp-Bruges,S1A_IW_GRDH_1SDV_20250714T173326_20250714T173351_060083_077709_FD9C,VH,1445,"bulk_carrier,container_ship,crude_oil_tanker,dredger,fishing_vessel,general_cargo,heavy_load_carrier,lpg_lng_tanker,offshore_supply,passenger_ship,pilot_port_tender,pleasure_craft,product_chemical_tanker,reefer_cargo,ro_ro_vehicle_carrier,sailing_vessel,ship_untyped,tug_towing"
Antwerp-Bruges,S1A_IW_GRDH_1SDV_20250912T173326_20250912T173351_060958_0797F4_2E8D,VH,1266,"bulk_carrier,container_ship,crude_oil_tanker,dredger,fishing_vessel,general_cargo,heavy_load_carrier,lpg_lng_tanker,offshore_supply,passenger_ship,pilot_port_tender,pleasure_craft,product_chemical_tanker,reefer_cargo,ro_ro_vehicle_carrier,sailing_vessel,ship_untyped,tug_towing"
Antwerp-Bruges,S1A_IW_GRDH_1SDV_20251217T173322_20251217T173347_062358_07CF5C_3556,VH,2065,"bulk_carrier,container_ship,crude_oil_tanker,dredger,fishing_vessel,general_cargo,heavy_load_carrier,lpg_lng_tanker,offshore_supply,passenger_ship,pilot_port_tender,pleasure_craft,product_chemical_tanker,reefer_cargo,ro_ro_vehicle_carrier,sailing_vessel,ship_untyped,tug_towing"
Antwerp-Bruges,S1C_IW_GRDH_1SDV_20250611T055738_20250611T055803_002731_005A0C_2C37,VH,899,"bulk_carrier,container_ship,crude_oil_tanker,dredger,fishing_vessel,general_cargo,heavy_load_carrier,lpg_lng_tanker,offshore_supply,passenger_ship,pilot_port_tender,pleasure_craft,product_chemical_tanker,reefer_cargo,ro_ro_vehicle_carrier,sailing_vessel,ship_untyped,tug_towing"
Antwerp-Bruges,S1C_IW_GRDH_1SDV_20250623T055738_20250623T055803_002906_005F16_6E06,VH,1085,"bulk_carrier,container_ship,crude_oil_tanker,dredger,fishing_vessel,general_cargo,heavy_load_carrier,lpg_lng_tanker,offshore_supply,passenger_ship,pilot_port_tender,pleasure_craft,product_chemical_tanker,reefer_cargo,ro_ro_vehicle_carrier,sailing_vessel,ship_untyped,tug_towing"
Antwerp-Bruges,S1C_IW_GRDH_1SDV_20250705T055739_20250705T055804_003081_00641D_2DF0,VH,1053,"bulk_carrier,container_ship,crude_oil_tanker,dredger,fishing_vessel,general_cargo,heavy_load_carrier,lpg_lng_tanker,offshore_supply,passenger_ship,pilot_port_tender,pleasure_craft,product_chemical_tanker,reefer_cargo,ro_ro_vehicle_carrier,sailing_vessel,ship_untyped,tug_towing"
Antwerp-Bruges,S1C_IW_GRDH_1SDV_20250720T173209_20250720T173234_003307_006AB5_D3FE,VH,804,"bulk_carrier,container_ship,crude_oil_tanker,dredger,fishing_vessel,general_cargo,heavy_load_carrier,lpg_lng_tanker,offshore_supply,passenger_ship,pilot_port_tender,pleasure_craft,product_chemical_tanker,reefer_cargo,ro_ro_vehicle_carrier,sailing_vessel,ship_untyped,tug_towing"
Antwerp-Bruges,S1C_IW_GRDH_1SDV_20250810T055741_20250810T055806_003606_007385_F130,VH,1058,"bulk_carrier,container_ship,crude_oil_tanker,dredger,fishing_vessel,general_cargo,heavy_load_carrier,lpg_lng_tanker,offshore_supply,passenger_ship,pilot_port_tender,pleasure_craft,product_chemical_tanker,reefer_cargo,ro_ro_vehicle_carrier,sailing_vessel,ship_untyped,tug_towing"
Antwerp-Bruges,S1C_IW_GRDH_1SDV_20250822T055742_20250822T055806_003781_0078C6_2C32,VH,1090,"bulk_carrier,container_ship,crude_oil_tanker,dredger,fishing_vessel,general_cargo,heavy_load_carrier,lpg_lng_tanker,offshore_supply,passenger_ship,pilot_port_tender,pleasure_craft,product_chemical_tanker,reefer_cargo,ro_ro_vehicle_carrier,sailing_vessel,ship_untyped,tug_towing"
Antwerp-Bruges,S1C_IW_GRDH_1SDV_20250903T055742_20250903T055807_003956_007E04_B34B,VH,1025,"bulk_carrier,container_ship,crude_oil_tanker,dredger,fishing_vessel,general_cargo,heavy_load_carrier,lpg_lng_tanker,offshore_supply,passenger_ship,pilot_port_tender,pleasure_craft,product_chemical_tanker,reefer_cargo,ro_ro_vehicle_carrier,sailing_vessel,ship_untyped,tug_towing"
Antwerp-Bruges,S1C_IW_GRDH_1SDV_20250906T173211_20250906T173236_004007_007F7E_D39D,VH,776,"bulk_carrier,container_ship,crude_oil_tanker,dredger,fishing_vessel,general_cargo,heavy_load_carrier,lpg_lng_tanker,offshore_supply,passenger_ship,pilot_port_tender,pleasure_craft,product_chemical_tanker,reefer_cargo,ro_ro_vehicle_carrier,sailing_vessel,ship_untyped,tug_towing"
Antwerp-Bruges,S1C_IW_GRDH_1SDV_20250915T055742_20250915T055807_004131_008359_AA20,VH,646,"bulk_carrier,container_ship,crude_oil_tanker,dredger,fishing_vessel,general_cargo,heavy_load_carrier,lpg_lng_tanker,offshore_supply,passenger_ship,pilot_port_tender,pleasure_craft,product_chemical_tanker,reefer_cargo,ro_ro_vehicle_carrier,sailing_vessel,ship_untyped,tug_towing"
Antwerp-Bruges,S1C_IW_GRDH_1SDV_20250927T055742_20250927T055807_004306_0088A6_843A,VH,969,"bulk_carrier,container_ship,crude_oil_tanker,dredger,fishing_vessel,general_cargo,heavy_load_carrier,lpg_lng_tanker,offshore_supply,passenger_ship,pilot_port_tender,pleasure_craft,product_chemical_tanker,reefer_cargo,ro_ro_vehicle_carrier,sailing_vessel,ship_untyped,tug_towing"
Antwerp-Bruges,S1C_IW_GRDH_1SDV_20251117T173211_20251117T173236_005057_00A047_CB70,VH,729,"bulk_carrier,container_ship,crude_oil_tanker,dredger,fishing_vessel,general_cargo,heavy_load_carrier,lpg_lng_tanker,offshore_supply,passenger_ship,pilot_port_tender,pleasure_craft,product_chemical_tanker,reefer_cargo,ro_ro_vehicle_carrier,sailing_vessel,ship_untyped,tug_towing"
Antwerp-Bruges,S1A_IW_GRDH_1SDV_20250115T173330_20250115T173355_057458_07130D_51CB,VV,3758,"bulk_carrier,container_ship,crude_oil_tanker,dredger,fishing_vessel,general_cargo,heavy_load_carrier,lpg_lng_tanker,offshore_supply,passenger_ship,pilot_port_tender,pleasure_craft,product_chemical_tanker,reefer_cargo,ro_ro_vehicle_carrier,sailing_vessel,ship_untyped,tug_towing"
Antwerp-Bruges,S1A_IW_GRDH_1SDV_20250220T173328_20250220T173353_057983_07280A_D019,VV,2566,"bulk_carrier,container_ship,crude_oil_tanker,dredger,fishing_vessel,general_cargo,heavy_load_carrier,lpg_lng_tanker,offshore_supply,passenger_ship,pilot_port_tender,pleasure_craft,product_chemical_tanker,reefer_cargo,ro_ro_vehicle_carrier,sailing_vessel,ship_untyped,tug_towing"
Antwerp-Bruges,S1A_IW_GRDH_1SDV_20250409T173329_20250409T173354_058683_07444B_FA8B,VV,2544,"bulk_carrier,container_ship,crude_oil_tanker,dredger,fishing_vessel,general_cargo,heavy_load_carrier,lpg_lng_tanker,offshore_supply,passenger_ship,pilot_port_tender,pleasure_craft,product_chemical_tanker,reefer_cargo,ro_ro_vehicle_carrier,sailing_vessel,ship_untyped,tug_towing"
Antwerp-Bruges,S1A_IW_GRDH_1SDV_20250714T173326_20250714T173351_060083_077709_FD9C,VV,1339,"bulk_carrier,container_ship,crude_oil_tanker,dredger,fishing_vessel,general_cargo,heavy_load_carrier,lpg_lng_tanker,offshore_supply,passenger_ship,pilot_port_tender,pleasure_craft,product_chemical_tanker,reefer_cargo,ro_ro_vehicle_carrier,sailing_vessel,ship_untyped,tug_towing"
Antwerp-Bruges,S1A_IW_GRDH_1SDV_20250912T173326_20250912T173351_060958_0797F4_2E8D,VV,1428,"bulk_carrier,container_ship,crude_oil_tanker,dredger,fishing_vessel,general_cargo,heavy_load_carrier,lpg_lng_tanker,offshore_supply,passenger_ship,pilot_port_tender,pleasure_craft,product_chemical_tanker,reefer_cargo,ro_ro_vehicle_carrier,sailing_vessel,ship_untyped,tug_towing"
Antwerp-Bruges,S1A_IW_GRDH_1SDV_20251217T173322_20251217T173347_062358_07CF5C_3556,VV,1548,"bulk_carrier,container_ship,crude_oil_tanker,dredger,fishing_vessel,general_cargo,heavy_load_carrier,lpg_lng_tanker,offshore_supply,passenger_ship,pilot_port_tender,pleasure_craft,product_chemical_tanker,reefer_cargo,ro_ro_vehicle_carrier,sailing_vessel,ship_untyped,tug_towing"
Antwerp-Bruges,S1C_IW_GRDH_1SDV_20250611T055738_20250611T055803_002731_005A0C_2C37,VV,1075,"bulk_carrier,container_ship,crude_oil_tanker,dredger,fishing_vessel,general_cargo,heavy_load_carrier,lpg_lng_tanker,offshore_supply,passenger_ship,pilot_port_tender,pleasure_craft,product_chemical_tanker,reefer_cargo,ro_ro_vehicle_carrier,sailing_vessel,ship_untyped,tug_towing"
Antwerp-Bruges,S1C_IW_GRDH_1SDV_20250623T055738_20250623T055803_002906_005F16_6E06,VV,1015,"bulk_carrier,container_ship,crude_oil_tanker,dredger,fishing_vessel,general_cargo,heavy_load_carrier,lpg_lng_tanker,offshore_supply,passenger_ship,pilot_port_tender,pleasure_craft,product_chemical_tanker,reefer_cargo,ro_ro_vehicle_carrier,sailing_vessel,ship_untyped,tug_towing"
Antwerp-Bruges,S1C_IW_GRDH_1SDV_20250705T055739_20250705T055804_003081_00641D_2DF0,VV,1064,"bulk_carrier,container_ship,crude_oil_tanker,dredger,fishing_vessel,general_cargo,heavy_load_carrier,lpg_lng_tanker,offshore_supply,passenger_ship,pilot_port_tender,pleasure_craft,product_chemical_tanker,reefer_cargo,ro_ro_vehicle_carrier,sailing_vessel,ship_untyped,tug_towing"
Antwerp-Bruges,S1C_IW_GRDH_1SDV_20250720T173209_20250720T173234_003307_006AB5_D3FE,VV,821,"bulk_carrier,container_ship,crude_oil_tanker,dredger,fishing_vessel,general_cargo,heavy_load_carrier,lpg_lng_tanker,offshore_supply,passenger_ship,pilot_port_tender,pleasure_craft,product_chemical_tanker,reefer_cargo,ro_ro_vehicle_carrier,sailing_vessel,ship_untyped,tug_towing"
Antwerp-Bruges,S1C_IW_GRDH_1SDV_20250810T055741_20250810T055806_003606_007385_F130,VV,1044,"bulk_carrier,container_ship,crude_oil_tanker,dredger,fishing_vessel,general_cargo,heavy_load_carrier,lpg_lng_tanker,offshore_supply,passenger_ship,pilot_port_tender,pleasure_craft,product_chemical_tanker,reefer_cargo,ro_ro_vehicle_carrier,sailing_vessel,ship_untyped,tug_towing"
Antwerp-Bruges,S1C_IW_GRDH_1SDV_20250822T055742_20250822T055806_003781_0078C6_2C32,VV,1105,"bulk_carrier,container_ship,crude_oil_tanker,dredger,fishing_vessel,general_cargo,heavy_load_carrier,lpg_lng_tanker,offshore_supply,passenger_ship,pilot_port_tender,pleasure_craft,product_chemical_tanker,reefer_cargo,ro_ro_vehicle_carrier,sailing_vessel,ship_untyped,tug_towing"
Antwerp-Bruges,S1C_IW_GRDH_1SDV_20250903T055742_20250903T055807_003956_007E04_B34B,VV,957,"bulk_carrier,container_ship,crude_oil_tanker,dredger,fishing_vessel,general_cargo,heavy_load_carrier,lpg_lng_tanker,offshore_supply,passenger_ship,pilot_port_tender,pleasure_craft,product_chemical_tanker,reefer_cargo,ro_ro_vehicle_carrier,sailing_vessel,ship_untyped,tug_towing"
Antwerp-Bruges,S1C_IW_GRDH_1SDV_20250906T173211_20250906T173236_004007_007F7E_D39D,VV,804,"bulk_carrier,container_ship,crude_oil_tanker,dredger,fishing_vessel,general_cargo,heavy_load_carrier,lpg_lng_tanker,offshore_supply,passenger_ship,pilot_port_tender,pleasure_craft,product_chemical_tanker,reefer_cargo,ro_ro_vehicle_carrier,sailing_vessel,ship_untyped,tug_towing"
Antwerp-Bruges,S1C_IW_GRDH_1SDV_20250915T055742_20250915T055807_004131_008359_AA20,VV,659,"bulk_carrier,container_ship,crude_oil_tanker,dredger,fishing_vessel,general_cargo,heavy_load_carrier,lpg_lng_tanker,offshore_supply,passenger_ship,pilot_port_tender,pleasure_craft,product_chemical_tanker,reefer_cargo,ro_ro_vehicle_carrier,sailing_vessel,ship_untyped,tug_towing"
Antwerp-Bruges,S1C_IW_GRDH_1SDV_20250927T055742_20250927T055807_004306_0088A6_843A,VV,1122,"bulk_carrier,container_ship,crude_oil_tanker,dredger,fishing_vessel,general_cargo,heavy_load_carrier,lpg_lng_tanker,offshore_supply,passenger_ship,pilot_port_tender,pleasure_craft,product_chemical_tanker,reefer_cargo,ro_ro_vehicle_carrier,sailing_vessel,ship_untyped,tug_towing"
Antwerp-Bruges,S1C_IW_GRDH_1SDV_20251117T173211_20251117T173236_005057_00A047_CB70,VV,724,"bulk_carrier,container_ship,crude_oil_tanker,dredger,fishing_vessel,general_cargo,heavy_load_carrier,lpg_lng_tanker,offshore_supply,passenger_ship,pilot_port_tender,pleasure_craft,product_chemical_tanker,reefer_cargo,ro_ro_vehicle_carrier,sailing_vessel,ship_untyped,tug_towing"
Busan,S1A_IW_GRDH_1SDV_20250812T092320_20250812T092349_060501_0785D8_D733,VH,765,"bulk_carrier,container_ship,crude_oil_tanker,dredger,fishing_vessel,general_cargo,heavy_load_carrier,lpg_lng_tanker,offshore_supply,passenger_ship,pilot_port_tender,pleasure_craft,product_chemical_tanker,reefer_cargo,ro_ro_vehicle_carrier,sailing_vessel,ship_untyped,tug_towing"
Busan,S1A_IW_GRDH_1SDV_20250812T092320_20250812T092349_060501_0785D8_D733,VV,1069,"bulk_carrier,container_ship,crude_oil_tanker,dredger,fishing_vessel,general_cargo,heavy_load_carrier,lpg_lng_tanker,offshore_supply,passenger_ship,pilot_port_tender,pleasure_craft,product_chemical_tanker,reefer_cargo,ro_ro_vehicle_carrier,sailing_vessel,ship_untyped,tug_towing"
Callao,S1A_IW_GRDH_1SDV_20250104T103939_20250104T104004_057293_070C8F_4A75,VH,20,"bulk_carrier,container_ship,crude_oil_tanker,dredger,fishing_vessel,general_cargo,heavy_load_carrier,lpg_lng_tanker,offshore_supply,passenger_ship,pilot_port_tender,pleasure_craft,product_chemical_tanker,reefer_cargo,ro_ro_vehicle_carrier,sailing_vessel,ship_untyped,tug_towing"
Callao,S1A_IW_GRDH_1SDV_20250128T103938_20250128T104003_057643_071A72_02D2,VH,21,"bulk_carrier,container_ship,crude_oil_tanker,dredger,fishing_vessel,general_cargo,heavy_load_carrier,lpg_lng_tanker,offshore_supply,passenger_ship,pilot_port_tender,pleasure_craft,product_chemical_tanker,reefer_cargo,ro_ro_vehicle_carrier,sailing_vessel,ship_untyped,tug_towing"
Callao,S1A_IW_GRDH_1SDV_20250226T104756_20250226T104817_058066_072B73_87CC,VH,72,"bulk_carrier,container_ship,crude_oil_tanker,dredger,fishing_vessel,general_cargo,heavy_load_carrier,lpg_lng_tanker,offshore_supply,passenger_ship,pilot_port_tender,pleasure_craft,product_chemical_tanker,reefer_cargo,ro_ro_vehicle_carrier,sailing_vessel,ship_untyped,tug_towing"
Callao,S1A_IW_GRDH_1SDV_20250317T103937_20250317T104002_058343_073699_CE68,VH,17,"bulk_carrier,container_ship,crude_oil_tanker,dredger,fishing_vessel,general_cargo,heavy_load_carrier,lpg_lng_tanker,offshore_supply,passenger_ship,pilot_port_tender,pleasure_craft,product_chemical_tanker,reefer_cargo,ro_ro_vehicle_carrier,sailing_vessel,ship_untyped,tug_towing"
Callao,S1A_IW_GRDH_1SDV_20250528T103937_20250528T104002_059393_075F48_4EAF,VH,14,"bulk_carrier,container_ship,crude_oil_tanker,dredger,fishing_vessel,general_cargo,heavy_load_carrier,lpg_lng_tanker,offshore_supply,passenger_ship,pilot_port_tender,pleasure_craft,product_chemical_tanker,reefer_cargo,ro_ro_vehicle_carrier,sailing_vessel,ship_untyped,tug_towing"
Callao,S1A_IW_GRDH_1SDV_20250716T233423_20250716T233448_060115_077824_E5F7,VH,82,"bulk_carrier,container_ship,crude_oil_tanker,dredger,fishing_vessel,general_cargo,heavy_load_carrier,lpg_lng_tanker,offshore_supply,passenger_ship,pilot_port_tender,pleasure_craft,product_chemical_tanker,reefer_cargo,ro_ro_vehicle_carrier,sailing_vessel,ship_untyped,tug_towing"
Callao,S1A_IW_GRDH_1SDV_20250728T233423_20250728T233448_060290_077E28_8D35,VH,93,"bulk_carrier,container_ship,crude_oil_tanker,dredger,fishing_vessel,general_cargo,heavy_load_carrier,lpg_lng_tanker,offshore_supply,passenger_ship,pilot_port_tender,pleasure_craft,product_chemical_tanker,reefer_cargo,ro_ro_vehicle_carrier,sailing_vessel,ship_untyped,tug_towing"
Callao,S1A_IW_GRDH_1SDV_20250809T233423_20250809T233448_060465_07847A_0D09,VH,83,"bulk_carrier,container_ship,crude_oil_tanker,dredger,fishing_vessel,general_cargo,heavy_load_carrier,lpg_lng_tanker,offshore_supply,passenger_ship,pilot_port_tender,pleasure_craft,product_chemical_tanker,reefer_cargo,ro_ro_vehicle_carrier,sailing_vessel,ship_untyped,tug_towing"
Callao,S1A_IW_GRDH_1SDV_20250902T233423_20250902T233448_060815_079246_B71C,VH,115,"bulk_carrier,container_ship,crude_oil_tanker,dredger,fishing_vessel,general_cargo,heavy_load_carrier,lpg_lng_tanker,offshore_supply,passenger_ship,pilot_port_tender,pleasure_craft,product_chemical_tanker,reefer_cargo,ro_ro_vehicle_carrier,sailing_vessel,ship_untyped,tug_towing"
Callao,S1A_IW_GRDH_1SDV_20251101T233423_20251101T233448_061690_07B569_16F6,VH,92,"bulk_carrier,container_ship,crude_oil_tanker,dredger,fishing_vessel,general_cargo,heavy_load_carrier,lpg_lng_tanker,offshore_supply,passenger_ship,pilot_port_tender,pleasure_craft,product_chemical_tanker,reefer_cargo,ro_ro_vehicle_carrier,sailing_vessel,ship_untyped,tug_towing"
Callao,S1C_IW_GRDH_1SDV_20250802T103843_20250802T103908_003492_00701B_89A1,VH,61,"bulk_carrier,container_ship,crude_oil_tanker,dredger,fishing_vessel,general_cargo,heavy_load_carrier,lpg_lng_tanker,offshore_supply,passenger_ship,pilot_port_tender,pleasure_craft,product_chemical_tanker,reefer_cargo,ro_ro_vehicle_carrier,sailing_vessel,ship_untyped,tug_towing"
Callao,S1C_IW_GRDH_1SDV_20250803T233313_20250803T233338_003514_0070C0_6937,VH,110,"bulk_carrier,container_ship,crude_oil_tanker,dredger,fishing_vessel,general_cargo,heavy_load_carrier,lpg_lng_tanker,offshore_supply,passenger_ship,pilot_port_tender,pleasure_craft,product_chemical_tanker,reefer_cargo,ro_ro_vehicle_carrier,sailing_vessel,ship_untyped,tug_towing"
Callao,S1C_IW_GRDH_1SDV_20250827T233314_20250827T233339_003864_007B3B_3B7B,VH,94,"bulk_carrier,container_ship,crude_oil_tanker,dredger,fishing_vessel,general_cargo,heavy_load_carrier,lpg_lng_tanker,offshore_supply,passenger_ship,pilot_port_tender,pleasure_craft,product_chemical_tanker,reefer_cargo,ro_ro_vehicle_carrier,sailing_vessel,ship_untyped,tug_towing"
Callao,S1C_IW_GRDH_1SDV_20251213T233313_20251213T233338_005439_00AD3E_36D0,VH,167,"bulk_carrier,container_ship,crude_oil_tanker,dredger,fishing_vessel,general_cargo,heavy_load_carrier,lpg_lng_tanker,offshore_supply,passenger_ship,pilot_port_tender,pleasure_craft,product_chemical_tanker,reefer_cargo,ro_ro_vehicle_carrier,sailing_vessel,ship_untyped,tug_towing"
Callao,S1A_IW_GRDH_1SDV_20250104T103939_20250104T104004_057293_070C8F_4A75,VV,19,"bulk_carrier,container_ship,crude_oil_tanker,dredger,fishing_vessel,general_cargo,heavy_load_carrier,lpg_lng_tanker,offshore_supply,passenger_ship,pilot_port_tender,pleasure_craft,product_chemical_tanker,reefer_cargo,ro_ro_vehicle_carrier,sailing_vessel,ship_untyped,tug_towing"
Callao,S1A_IW_GRDH_1SDV_20250128T103938_20250128T104003_057643_071A72_02D2,VV,29,"bulk_carrier,container_ship,crude_oil_tanker,dredger,fishing_vessel,general_cargo,heavy_load_carrier,lpg_lng_tanker,offshore_supply,passenger_ship,pilot_port_tender,pleasure_craft,product_chemical_tanker,reefer_cargo,ro_ro_vehicle_carrier,sailing_vessel,ship_untyped,tug_towing"
Callao,S1A_IW_GRDH_1SDV_20250226T104756_20250226T104817_058066_072B73_87CC,VV,505,"bulk_carrier,container_ship,crude_oil_tanker,dredger,fishing_vessel,general_cargo,heavy_load_carrier,lpg_lng_tanker,offshore_supply,passenger_ship,pilot_port_tender,pleasure_craft,product_chemical_tanker,reefer_cargo,ro_ro_vehicle_carrier,sailing_vessel,ship_untyped,tug_towing"
Callao,S1A_IW_GRDH_1SDV_20250317T103937_20250317T104002_058343_073699_CE68,VV,22,"bulk_carrier,container_ship,crude_oil_tanker,dredger,fishing_vessel,general_cargo,heavy_load_carrier,lpg_lng_tanker,offshore_supply,passenger_ship,pilot_port_tender,pleasure_craft,product_chemical_tanker,reefer_cargo,ro_ro_vehicle_carrier,sailing_vessel,ship_untyped,tug_towing"
Callao,S1A_IW_GRDH_1SDV_20250528T103937_20250528T104002_059393_075F48_4EAF,VV,27,"bulk_carrier,container_ship,crude_oil_tanker,dredger,fishing_vessel,general_cargo,heavy_load_carrier,lpg_lng_tanker,offshore_supply,passenger_ship,pilot_port_tender,pleasure_craft,product_chemical_tanker,reefer_cargo,ro_ro_vehicle_carrier,sailing_vessel,ship_untyped,tug_towing"
Callao,S1A_IW_GRDH_1SDV_20250716T233423_20250716T233448_060115_077824_E5F7,VV,129,"bulk_carrier,container_ship,crude_oil_tanker,dredger,fishing_vessel,general_cargo,heavy_load_carrier,lpg_lng_tanker,offshore_supply,passenger_ship,pilot_port_tender,pleasure_craft,product_chemical_tanker,reefer_cargo,ro_ro_vehicle_carrier,sailing_vessel,ship_untyped,tug_towing"
Callao,S1A_IW_GRDH_1SDV_20250728T233423_20250728T233448_060290_077E28_8D35,VV,119,"bulk_carrier,container_ship,crude_oil_tanker,dredger,fishing_vessel,general_cargo,heavy_load_carrier,lpg_lng_tanker,offshore_supply,passenger_ship,pilot_port_tender,pleasure_craft,product_chemical_tanker,reefer_cargo,ro_ro_vehicle_carrier,sailing_vessel,ship_untyped,tug_towing"
Callao,S1A_IW_GRDH_1SDV_20250809T233423_20250809T233448_060465_07847A_0D09,VV,131,"bulk_carrier,container_ship,crude_oil_tanker,dredger,fishing_vessel,general_cargo,heavy_load_carrier,lpg_lng_tanker,offshore_supply,passenger_ship,pilot_port_tender,pleasure_craft,product_chemical_tanker,reefer_cargo,ro_ro_vehicle_carrier,sailing_vessel,ship_untyped,tug_towing"
Callao,S1A_IW_GRDH_1SDV_20250902T233423_20250902T233448_060815_079246_B71C,VV,158,"bulk_carrier,container_ship,crude_oil_tanker,dredger,fishing_vessel,general_cargo,heavy_load_carrier,lpg_lng_tanker,offshore_supply,passenger_ship,pilot_port_tender,pleasure_craft,product_chemical_tanker,reefer_cargo,ro_ro_vehicle_carrier,sailing_vessel,ship_untyped,tug_towing"
Callao,S1A_IW_GRDH_1SDV_20251101T233423_20251101T233448_061690_07B569_16F6,VV,132,"bulk_carrier,container_ship,crude_oil_tanker,dredger,fishing_vessel,general_cargo,heavy_load_carrier,lpg_lng_tanker,offshore_supply,passenger_ship,pilot_port_tender,pleasure_craft,product_chemical_tanker,reefer_cargo,ro_ro_vehicle_carrier,sailing_vessel,ship_untyped,tug_towing"
Callao,S1C_IW_GRDH_1SDV_20250802T103843_20250802T103908_003492_00701B_89A1,VV,73,"bulk_carrier,container_ship,crude_oil_tanker,dredger,fishing_vessel,general_cargo,heavy_load_carrier,lpg_lng_tanker,offshore_supply,passenger_ship,pilot_port_tender,pleasure_craft,product_chemical_tanker,reefer_cargo,ro_ro_vehicle_carrier,sailing_vessel,ship_untyped,tug_towing"
Callao,S1C_IW_GRDH_1SDV_20250803T233313_20250803T233338_003514_0070C0_6937,VV,86,"bulk_carrier,container_ship,crude_oil_tanker,dredger,fishing_vessel,general_cargo,heavy_load_carrier,lpg_lng_tanker,offshore_supply,passenger_ship,pilot_port_tender,pleasure_craft,product_chemical_tanker,reefer_cargo,ro_ro_vehicle_carrier,sailing_vessel,ship_untyped,tug_towing"
Callao,S1C_IW_GRDH_1SDV_20250827T233314_20250827T233339_003864_007B3B_3B7B,VV,96,"bulk_carrier,container_ship,crude_oil_tanker,dredger,fishing_vessel,general_cargo,heavy_load_carrier,lpg_lng_tanker,offshore_supply,passenger_ship,pilot_port_tender,pleasure_craft,product_chemical_tanker,reefer_cargo,ro_ro_vehicle_carrier,sailing_vessel,ship_untyped,tug_towing"
Callao,S1C_IW_GRDH_1SDV_20251213T233313_20251213T233338_005439_00AD3E_36D0,VV,161,"bulk_carrier,container_ship,crude_oil_tanker,dredger,fishing_vessel,general_cargo,heavy_load_carrier,lpg_lng_tanker,offshore_supply,passenger_ship,pilot_port_tender,pleasure_craft,product_chemical_tanker,reefer_cargo,ro_ro_vehicle_carrier,sailing_vessel,ship_untyped,tug_towing"
Fujairah,S1A_IW_GRDH_1SDV_20250108T141656_20250108T141721_057354_070EF9_747A,VH,392,"bulk_carrier,container_ship,crude_oil_tanker,dredger,fishing_vessel,general_cargo,heavy_load_carrier,lpg_lng_tanker,offshore_supply,passenger_ship,pilot_port_tender,pleasure_craft,product_chemical_tanker,reefer_cargo,ro_ro_vehicle_carrier,sailing_vessel,ship_untyped,tug_towing"
Fujairah,S1A_IW_GRDH_1SDV_20250120T141655_20250120T141720_057529_0715E8_27AA,VH,362,"bulk_carrier,container_ship,crude_oil_tanker,dredger,fishing_vessel,general_cargo,heavy_load_carrier,lpg_lng_tanker,offshore_supply,passenger_ship,pilot_port_tender,pleasure_craft,product_chemical_tanker,reefer_cargo,ro_ro_vehicle_carrier,sailing_vessel,ship_untyped,tug_towing"
Fujairah,S1A_IW_GRDH_1SDV_20250201T141654_20250201T141719_057704_071CD3_8E9C,VH,332,"bulk_carrier,container_ship,crude_oil_tanker,dredger,fishing_vessel,general_cargo,heavy_load_carrier,lpg_lng_tanker,offshore_supply,passenger_ship,pilot_port_tender,pleasure_craft,product_chemical_tanker,reefer_cargo,ro_ro_vehicle_carrier,sailing_vessel,ship_untyped,tug_towing"
Fujairah,S1A_IW_GRDH_1SDV_20250225T141654_20250225T141719_058054_072AFB_9955,VH,418,"bulk_carrier,container_ship,crude_oil_tanker,dredger,fishing_vessel,general_cargo,heavy_load_carrier,lpg_lng_tanker,offshore_supply,passenger_ship,pilot_port_tender,pleasure_craft,product_chemical_tanker,reefer_cargo,ro_ro_vehicle_carrier,sailing_vessel,ship_untyped,tug_towing"
Fujairah,S1A_IW_GRDH_1SDV_20250321T141654_20250321T141719_058404_07390A_3A64,VH,378,"bulk_carrier,container_ship,crude_oil_tanker,dredger,fishing_vessel,general_cargo,heavy_load_carrier,lpg_lng_tanker,offshore_supply,passenger_ship,pilot_port_tender,pleasure_craft,product_chemical_tanker,reefer_cargo,ro_ro_vehicle_carrier,sailing_vessel,ship_untyped,tug_towing"
Fujairah,S1A_IW_GRDH_1SDV_20250508T141655_20250508T141720_059104_07553F_D9D1,VH,398,"bulk_carrier,container_ship,crude_oil_tanker,dredger,fishing_vessel,general_cargo,heavy_load_carrier,lpg_lng_tanker,offshore_supply,passenger_ship,pilot_port_tender,pleasure_craft,product_chemical_tanker,reefer_cargo,ro_ro_vehicle_carrier,sailing_vessel,ship_untyped,tug_towing"
Fujairah,S1A_IW_GRDH_1SDV_20250731T141651_20250731T141716_060329_077F80_00CD,VH,390,"bulk_carrier,container_ship,crude_oil_tanker,dredger,fishing_vessel,general_cargo,heavy_load_carrier,lpg_lng_tanker,offshore_supply,passenger_ship,pilot_port_tender,pleasure_craft,product_chemical_tanker,reefer_cargo,ro_ro_vehicle_carrier,sailing_vessel,ship_untyped,tug_towing"
Fujairah,S1A_IW_GRDH_1SDV_20250917T141651_20250917T141716_061029_079AD4_BEB1,VH,383,"bulk_carrier,container_ship,crude_oil_tanker,dredger,fishing_vessel,general_cargo,heavy_load_carrier,lpg_lng_tanker,offshore_supply,passenger_ship,pilot_port_tender,pleasure_craft,product_chemical_tanker,reefer_cargo,ro_ro_vehicle_carrier,sailing_vessel,ship_untyped,tug_towing"
Fujairah,S1A_IW_GRDH_1SDV_20251011T141652_20251011T141717_061379_07A8EC_6D05,VH,393,"bulk_carrier,container_ship,crude_oil_tanker,dredger,fishing_vessel,general_cargo,heavy_load_carrier,lpg_lng_tanker,offshore_supply,passenger_ship,pilot_port_tender,pleasure_craft,product_chemical_tanker,reefer_cargo,ro_ro_vehicle_carrier,sailing_vessel,ship_untyped,tug_towing"
Fujairah,S1A_IW_GRDH_1SDV_20251023T141652_20251023T141717_061554_07AFF4_3310,VH,409,"bulk_carrier,container_ship,crude_oil_tanker,dredger,fishing_vessel,general_cargo,heavy_load_carrier,lpg_lng_tanker,offshore_supply,passenger_ship,pilot_port_tender,pleasure_craft,product_chemical_tanker,reefer_cargo,ro_ro_vehicle_carrier,sailing_vessel,ship_untyped,tug_towing"
Fujairah,S1A_IW_GRDH_1SDV_20251026T020728_20251026T020753_061590_07B161_3CC3,VH,453,"bulk_carrier,container_ship,crude_oil_tanker,dredger,fishing_vessel,general_cargo,heavy_load_carrier,lpg_lng_tanker,offshore_supply,passenger_ship,pilot_port_tender,pleasure_craft,product_chemical_tanker,reefer_cargo,ro_ro_vehicle_carrier,sailing_vessel,ship_untyped,tug_towing"
Fujairah,S1A_IW_GRDH_1SDV_20251222T141647_20251222T141712_062429_07D225_B5FC,VH,382,"bulk_carrier,container_ship,crude_oil_tanker,dredger,fishing_vessel,general_cargo,heavy_load_carrier,lpg_lng_tanker,offshore_supply,passenger_ship,pilot_port_tender,pleasure_craft,product_chemical_tanker,reefer_cargo,ro_ro_vehicle_carrier,sailing_vessel,ship_untyped,tug_towing"
Fujairah,S1A_IW_GRDH_1SDV_20250108T141656_20250108T141721_057354_070EF9_747A,VV,598,"bulk_carrier,container_ship,crude_oil_tanker,dredger,fishing_vessel,general_cargo,heavy_load_carrier,lpg_lng_tanker,offshore_supply,passenger_ship,pilot_port_tender,pleasure_craft,product_chemical_tanker,reefer_cargo,ro_ro_vehicle_carrier,sailing_vessel,ship_untyped,tug_towing"
Fujairah,S1A_IW_GRDH_1SDV_20250120T141655_20250120T141720_057529_0715E8_27AA,VV,379,"bulk_carrier,container_ship,crude_oil_tanker,dredger,fishing_vessel,general_cargo,heavy_load_carrier,lpg_lng_tanker,offshore_supply,passenger_ship,pilot_port_tender,pleasure_craft,product_chemical_tanker,reefer_cargo,ro_ro_vehicle_carrier,sailing_vessel,ship_untyped,tug_towing"
Fujairah,S1A_IW_GRDH_1SDV_20250201T141654_20250201T141719_057704_071CD3_8E9C,VV,352,"bulk_carrier,container_ship,crude_oil_tanker,dredger,fishing_vessel,general_cargo,heavy_load_carrier,lpg_lng_tanker,offshore_supply,passenger_ship,pilot_port_tender,pleasure_craft,product_chemical_tanker,reefer_cargo,ro_ro_vehicle_carrier,sailing_vessel,ship_untyped,tug_towing"
Fujairah,S1A_IW_GRDH_1SDV_20250225T141654_20250225T141719_058054_072AFB_9955,VV,358,"bulk_carrier,container_ship,crude_oil_tanker,dredger,fishing_vessel,general_cargo,heavy_load_carrier,lpg_lng_tanker,offshore_supply,passenger_ship,pilot_port_tender,pleasure_craft,product_chemical_tanker,reefer_cargo,ro_ro_vehicle_carrier,sailing_vessel,ship_untyped,tug_towing"
Fujairah,S1A_IW_GRDH_1SDV_20250321T141654_20250321T141719_058404_07390A_3A64,VV,379,"bulk_carrier,container_ship,crude_oil_tanker,dredger,fishing_vessel,general_cargo,heavy_load_carrier,lpg_lng_tanker,offshore_supply,passenger_ship,pilot_port_tender,pleasure_craft,product_chemical_tanker,reefer_cargo,ro_ro_vehicle_carrier,sailing_vessel,ship_untyped,tug_towing"
Fujairah,S1A_IW_GRDH_1SDV_20250508T141655_20250508T141720_059104_07553F_D9D1,VV,407,"bulk_carrier,container_ship,crude_oil_tanker,dredger,fishing_vessel,general_cargo,heavy_load_carrier,lpg_lng_tanker,offshore_supply,passenger_ship,pilot_port_tender,pleasure_craft,product_chemical_tanker,reefer_cargo,ro_ro_vehicle_carrier,sailing_vessel,ship_untyped,tug_towing"
Fujairah,S1A_IW_GRDH_1SDV_20250731T141651_20250731T141716_060329_077F80_00CD,VV,382,"bulk_carrier,container_ship,crude_oil_tanker,dredger,fishing_vessel,general_cargo,heavy_load_carrier,lpg_lng_tanker,offshore_supply,passenger_ship,pilot_port_tender,pleasure_craft,product_chemical_tanker,reefer_cargo,ro_ro_vehicle_carrier,sailing_vessel,ship_untyped,tug_towing"
Fujairah,S1A_IW_GRDH_1SDV_20250917T141651_20250917T141716_061029_079AD4_BEB1,VV,440,"bulk_carrier,container_ship,crude_oil_tanker,dredger,fishing_vessel,general_cargo,heavy_load_carrier,lpg_lng_tanker,offshore_supply,passenger_ship,pilot_port_tender,pleasure_craft,product_chemical_tanker,reefer_cargo,ro_ro_vehicle_carrier,sailing_vessel,ship_untyped,tug_towing"
Fujairah,S1A_IW_GRDH_1SDV_20251011T141652_20251011T141717_061379_07A8EC_6D05,VV,412,"bulk_carrier,container_ship,crude_oil_tanker,dredger,fishing_vessel,general_cargo,heavy_load_carrier,lpg_lng_tanker,offshore_supply,passenger_ship,pilot_port_tender,pleasure_craft,product_chemical_tanker,reefer_cargo,ro_ro_vehicle_carrier,sailing_vessel,ship_untyped,tug_towing"
Fujairah,S1A_IW_GRDH_1SDV_20251023T141652_20251023T141717_061554_07AFF4_3310,VV,432,"bulk_carrier,container_ship,crude_oil_tanker,dredger,fishing_vessel,general_cargo,heavy_load_carrier,lpg_lng_tanker,offshore_supply,passenger_ship,pilot_port_tender,pleasure_craft,product_chemical_tanker,reefer_cargo,ro_ro_vehicle_carrier,sailing_vessel,ship_untyped,tug_towing"
Fujairah,S1A_IW_GRDH_1SDV_20251026T020728_20251026T020753_061590_07B161_3CC3,VV,537,"bulk_carrier,container_ship,crude_oil_tanker,dredger,fishing_vessel,general_cargo,heavy_load_carrier,lpg_lng_tanker,offshore_supply,passenger_ship,pilot_port_tender,pleasure_craft,product_chemical_tanker,reefer_cargo,ro_ro_vehicle_carrier,sailing_vessel,ship_untyped,tug_towing"
Fujairah,S1A_IW_GRDH_1SDV_20251222T141647_20251222T141712_062429_07D225_B5FC,VV,397,"bulk_carrier,container_ship,crude_oil_tanker,dredger,fishing_vessel,general_cargo,heavy_load_carrier,lpg_lng_tanker,offshore_supply,passenger_ship,pilot_port_tender,pleasure_craft,product_chemical_tanker,reefer_cargo,ro_ro_vehicle_carrier,sailing_vessel,ship_untyped,tug_towing"
Hamburg,S1A_IW_GRDH_1SDV_20251017T054129_20251017T054154_061461_07AC2A_79B6,VH,888,"bulk_carrier,container_ship,crude_oil_tanker,dredger,fishing_vessel,general_cargo,heavy_load_carrier,lpg_lng_tanker,offshore_supply,passenger_ship,pilot_port_tender,pleasure_craft,product_chemical_tanker,reefer_cargo,ro_ro_vehicle_carrier,sailing_vessel,ship_untyped,tug_towing"
Hamburg,S1A_IW_GRDH_1SDV_20251029T054128_20251029T054153_061636_07B333_88A6,VH,723,"bulk_carrier,container_ship,crude_oil_tanker,dredger,fishing_vessel,general_cargo,heavy_load_carrier,lpg_lng_tanker,offshore_supply,passenger_ship,pilot_port_tender,pleasure_craft,product_chemical_tanker,reefer_cargo,ro_ro_vehicle_carrier,sailing_vessel,ship_untyped,tug_towing"
Hamburg,S1A_IW_GRDH_1SDV_20251122T054127_20251122T054152_061986_07C0D6_F7BE,VH,841,"bulk_carrier,container_ship,crude_oil_tanker,dredger,fishing_vessel,general_cargo,heavy_load_carrier,lpg_lng_tanker,offshore_supply,passenger_ship,pilot_port_tender,pleasure_craft,product_chemical_tanker,reefer_cargo,ro_ro_vehicle_carrier,sailing_vessel,ship_untyped,tug_towing"
Hamburg,S1A_IW_GRDH_1SDV_20251204T054126_20251204T054151_062161_07C7AC_F97F,VH,995,"bulk_carrier,container_ship,crude_oil_tanker,dredger,fishing_vessel,general_cargo,heavy_load_carrier,lpg_lng_tanker,offshore_supply,passenger_ship,pilot_port_tender,pleasure_craft,product_chemical_tanker,reefer_cargo,ro_ro_vehicle_carrier,sailing_vessel,ship_untyped,tug_towing"
Hamburg,S1A_IW_GRDH_1SDV_20251216T054125_20251216T054150_062336_07CE83_4CC7,VH,899,"bulk_carrier,container_ship,crude_oil_tanker,dredger,fishing_vessel,general_cargo,heavy_load_carrier,lpg_lng_tanker,offshore_supply,passenger_ship,pilot_port_tender,pleasure_craft,product_chemical_tanker,reefer_cargo,ro_ro_vehicle_carrier,sailing_vessel,ship_untyped,tug_towing"
Hamburg,S1A_IW_GRDH_1SDV_20251228T054123_20251228T054148_062511_07D550_B09A,VH,776,"bulk_carrier,container_ship,crude_oil_tanker,dredger,fishing_vessel,general_cargo,heavy_load_carrier,lpg_lng_tanker,offshore_supply,passenger_ship,pilot_port_tender,pleasure_craft,product_chemical_tanker,reefer_cargo,ro_ro_vehicle_carrier,sailing_vessel,ship_untyped,tug_towing"
Hamburg,S1C_IW_GRDH_1SDV_20250824T054027_20250824T054052_003810_0079A1_4DF0,VH,914,"bulk_carrier,container_ship,crude_oil_tanker,dredger,fishing_vessel,general_cargo,heavy_load_carrier,lpg_lng_tanker,offshore_supply,passenger_ship,pilot_port_tender,pleasure_craft,product_chemical_tanker,reefer_cargo,ro_ro_vehicle_carrier,sailing_vessel,ship_untyped,tug_towing"
Hamburg,S1C_IW_GRDH_1SDV_20250905T054027_20250905T054052_003985_007ED9_EA5D,VH,857,"bulk_carrier,container_ship,crude_oil_tanker,dredger,fishing_vessel,general_cargo,heavy_load_carrier,lpg_lng_tanker,offshore_supply,passenger_ship,pilot_port_tender,pleasure_craft,product_chemical_tanker,reefer_cargo,ro_ro_vehicle_carrier,sailing_vessel,ship_untyped,tug_towing"
Hamburg,S1C_IW_GRDH_1SDV_20250917T054028_20250917T054053_004160_00842D_7E1A,VH,772,"bulk_carrier,container_ship,crude_oil_tanker,dredger,fishing_vessel,general_cargo,heavy_load_carrier,lpg_lng_tanker,offshore_supply,passenger_ship,pilot_port_tender,pleasure_craft,product_chemical_tanker,reefer_cargo,ro_ro_vehicle_carrier,sailing_vessel,ship_untyped,tug_towing"
Hamburg,S1C_IW_GRDH_1SDV_20250929T054028_20250929T054053_004335_008987_A32B,VH,839,"bulk_carrier,container_ship,crude_oil_tanker,dredger,fishing_vessel,general_cargo,heavy_load_carrier,lpg_lng_tanker,offshore_supply,passenger_ship,pilot_port_tender,pleasure_craft,product_chemical_tanker,reefer_cargo,ro_ro_vehicle_carrier,sailing_vessel,ship_untyped,tug_towing"
Hamburg,S1C_IW_GRDH_1SDV_20251011T054028_20251011T054053_004510_008ED9_EBA7,VH,837,"bulk_carrier,container_ship,crude_oil_tanker,dredger,fishing_vessel,general_cargo,heavy_load_carrier,lpg_lng_tanker,offshore_supply,passenger_ship,pilot_port_tender,pleasure_craft,product_chemical_tanker,reefer_cargo,ro_ro_vehicle_carrier,sailing_vessel,ship_untyped,tug_towing"
Hamburg,S1C_IW_GRDH_1SDV_20251023T054028_20251023T054053_004685_009421_38F8,VH,860,"bulk_carrier,container_ship,crude_oil_tanker,dredger,fishing_vessel,general_cargo,heavy_load_carrier,lpg_lng_tanker,offshore_supply,passenger_ship,pilot_port_tender,pleasure_craft,product_chemical_tanker,reefer_cargo,ro_ro_vehicle_carrier,sailing_vessel,ship_untyped,tug_towing"
Hamburg,S1C_IW_GRDH_1SDV_20251104T054028_20251104T054053_004860_0099AE_A2F9,VH,850,"bulk_carrier,container_ship,crude_oil_tanker,dredger,fishing_vessel,general_cargo,heavy_load_carrier,lpg_lng_tanker,offshore_supply,passenger_ship,pilot_port_tender,pleasure_craft,product_chemical_tanker,reefer_cargo,ro_ro_vehicle_carrier,sailing_vessel,ship_untyped,tug_towing"
Hamburg,S1C_IW_GRDH_1SDV_20251116T054027_20251116T054052_005035_009F87_5F14,VH,914,"bulk_carrier,container_ship,crude_oil_tanker,dredger,fishing_vessel,general_cargo,heavy_load_carrier,lpg_lng_tanker,offshore_supply,passenger_ship,pilot_port_tender,pleasure_craft,product_chemical_tanker,reefer_cargo,ro_ro_vehicle_carrier,sailing_vessel,ship_untyped,tug_towing"
Hamburg,S1C_IW_GRDH_1SDV_20251128T054027_20251128T054052_005210_00A568_4CE6,VH,696,"bulk_carrier,container_ship,crude_oil_tanker,dredger,fishing_vessel,general_cargo,heavy_load_carrier,lpg_lng_tanker,offshore_supply,passenger_ship,pilot_port_tender,pleasure_craft,product_chemical_tanker,reefer_cargo,ro_ro_vehicle_carrier,sailing_vessel,ship_untyped,tug_towing"
Hamburg,S1C_IW_GRDH_1SDV_20251210T054026_20251210T054051_005385_00AB6C_2021,VH,867,"bulk_carrier,container_ship,crude_oil_tanker,dredger,fishing_vessel,general_cargo,heavy_load_carrier,lpg_lng_tanker,offshore_supply,passenger_ship,pilot_port_tender,pleasure_craft,product_chemical_tanker,reefer_cargo,ro_ro_vehicle_carrier,sailing_vessel,ship_untyped,tug_towing"
Hamburg,S1C_IW_GRDH_1SDV_20251222T054026_20251222T054051_005560_00B165_BF35,VH,754,"bulk_carrier,container_ship,crude_oil_tanker,dredger,fishing_vessel,general_cargo,heavy_load_carrier,lpg_lng_tanker,offshore_supply,passenger_ship,pilot_port_tender,pleasure_craft,product_chemical_tanker,reefer_cargo,ro_ro_vehicle_carrier,sailing_vessel,ship_untyped,tug_towing"
Hamburg,S1A_IW_GRDH_1SDV_20251017T054129_20251017T054154_061461_07AC2A_79B6,VV,919,"bulk_carrier,container_ship,crude_oil_tanker,dredger,fishing_vessel,general_cargo,heavy_load_carrier,lpg_lng_tanker,offshore_supply,passenger_ship,pilot_port_tender,pleasure_craft,product_chemical_tanker,reefer_cargo,ro_ro_vehicle_carrier,sailing_vessel,ship_untyped,tug_towing"
Hamburg,S1A_IW_GRDH_1SDV_20251029T054128_20251029T054153_061636_07B333_88A6,VV,742,"bulk_carrier,container_ship,crude_oil_tanker,dredger,fishing_vessel,general_cargo,heavy_load_carrier,lpg_lng_tanker,offshore_supply,passenger_ship,pilot_port_tender,pleasure_craft,product_chemical_tanker,reefer_cargo,ro_ro_vehicle_carrier,sailing_vessel,ship_untyped,tug_towing"
Hamburg,S1A_IW_GRDH_1SDV_20251122T054127_20251122T054152_061986_07C0D6_F7BE,VV,839,"bulk_carrier,container_ship,crude_oil_tanker,dredger,fishing_vessel,general_cargo,heavy_load_carrier,lpg_lng_tanker,offshore_supply,passenger_ship,pilot_port_tender,pleasure_craft,product_chemical_tanker,reefer_cargo,ro_ro_vehicle_carrier,sailing_vessel,ship_untyped,tug_towing"
Hamburg,S1A_IW_GRDH_1SDV_20251204T054126_20251204T054151_062161_07C7AC_F97F,VV,956,"bulk_carrier,container_ship,crude_oil_tanker,dredger,fishing_vessel,general_cargo,heavy_load_carrier,lpg_lng_tanker,offshore_supply,passenger_ship,pilot_port_tender,pleasure_craft,product_chemical_tanker,reefer_cargo,ro_ro_vehicle_carrier,sailing_vessel,ship_untyped,tug_towing"
Hamburg,S1A_IW_GRDH_1SDV_20251216T054125_20251216T054150_062336_07CE83_4CC7,VV,991,"bulk_carrier,container_ship,crude_oil_tanker,dredger,fishing_vessel,general_cargo,heavy_load_carrier,lpg_lng_tanker,offshore_supply,passenger_ship,pilot_port_tender,pleasure_craft,product_chemical_tanker,reefer_cargo,ro_ro_vehicle_carrier,sailing_vessel,ship_untyped,tug_towing"
Hamburg,S1A_IW_GRDH_1SDV_20251228T054123_20251228T054148_062511_07D550_B09A,VV,890,"bulk_carrier,container_ship,crude_oil_tanker,dredger,fishing_vessel,general_cargo,heavy_load_carrier,lpg_lng_tanker,offshore_supply,passenger_ship,pilot_port_tender,pleasure_craft,product_chemical_tanker,reefer_cargo,ro_ro_vehicle_carrier,sailing_vessel,ship_untyped,tug_towing"
Hamburg,S1C_IW_GRDH_1SDV_20250824T054027_20250824T054052_003810_0079A1_4DF0,VV,897,"bulk_carrier,container_ship,crude_oil_tanker,dredger,fishing_vessel,general_cargo,heavy_load_carrier,lpg_lng_tanker,offshore_supply,passenger_ship,pilot_port_tender,pleasure_craft,product_chemical_tanker,reefer_cargo,ro_ro_vehicle_carrier,sailing_vessel,ship_untyped,tug_towing"
Hamburg,S1C_IW_GRDH_1SDV_20250905T054027_20250905T054052_003985_007ED9_EA5D,VV,1415,"bulk_carrier,container_ship,crude_oil_tanker,dredger,fishing_vessel,general_cargo,heavy_load_carrier,lpg_lng_tanker,offshore_supply,passenger_ship,pilot_port_tender,pleasure_craft,product_chemical_tanker,reefer_cargo,ro_ro_vehicle_carrier,sailing_vessel,ship_untyped,tug_towing"
Hamburg,S1C_IW_GRDH_1SDV_20250917T054028_20250917T054053_004160_00842D_7E1A,VV,581,"bulk_carrier,container_ship,crude_oil_tanker,dredger,fishing_vessel,general_cargo,heavy_load_carrier,lpg_lng_tanker,offshore_supply,passenger_ship,pilot_port_tender,pleasure_craft,product_chemical_tanker,reefer_cargo,ro_ro_vehicle_carrier,sailing_vessel,ship_untyped,tug_towing"
Hamburg,S1C_IW_GRDH_1SDV_20250929T054028_20250929T054053_004335_008987_A32B,VV,922,"bulk_carrier,container_ship,crude_oil_tanker,dredger,fishing_vessel,general_cargo,heavy_load_carrier,lpg_lng_tanker,offshore_supply,passenger_ship,pilot_port_tender,pleasure_craft,product_chemical_tanker,reefer_cargo,ro_ro_vehicle_carrier,sailing_vessel,ship_untyped,tug_towing"
Hamburg,S1C_IW_GRDH_1SDV_20251011T054028_20251011T054053_004510_008ED9_EBA7,VV,828,"bulk_carrier,container_ship,crude_oil_tanker,dredger,fishing_vessel,general_cargo,heavy_load_carrier,lpg_lng_tanker,offshore_supply,passenger_ship,pilot_port_tender,pleasure_craft,product_chemical_tanker,reefer_cargo,ro_ro_vehicle_carrier,sailing_vessel,ship_untyped,tug_towing"
Hamburg,S1C_IW_GRDH_1SDV_20251023T054028_20251023T054053_004685_009421_38F8,VV,692,"bulk_carrier,container_ship,crude_oil_tanker,dredger,fishing_vessel,general_cargo,heavy_load_carrier,lpg_lng_tanker,offshore_supply,passenger_ship,pilot_port_tender,pleasure_craft,product_chemical_tanker,reefer_cargo,ro_ro_vehicle_carrier,sailing_vessel,ship_untyped,tug_towing"
Hamburg,S1C_IW_GRDH_1SDV_20251104T054028_20251104T054053_004860_0099AE_A2F9,VV,821,"bulk_carrier,container_ship,crude_oil_tanker,dredger,fishing_vessel,general_cargo,heavy_load_carrier,lpg_lng_tanker,offshore_supply,passenger_ship,pilot_port_tender,pleasure_craft,product_chemical_tanker,reefer_cargo,ro_ro_vehicle_carrier,sailing_vessel,ship_untyped,tug_towing"
Hamburg,S1C_IW_GRDH_1SDV_20251116T054027_20251116T054052_005035_009F87_5F14,VV,969,"bulk_carrier,container_ship,crude_oil_tanker,dredger,fishing_vessel,general_cargo,heavy_load_carrier,lpg_lng_tanker,offshore_supply,passenger_ship,pilot_port_tender,pleasure_craft,product_chemical_tanker,reefer_cargo,ro_ro_vehicle_carrier,sailing_vessel,ship_untyped,tug_towing"
Hamburg,S1C_IW_GRDH_1SDV_20251128T054027_20251128T054052_005210_00A568_4CE6,VV,697,"bulk_carrier,container_ship,crude_oil_tanker,dredger,fishing_vessel,general_cargo,heavy_load_carrier,lpg_lng_tanker,offshore_supply,passenger_ship,pilot_port_tender,pleasure_craft,product_chemical_tanker,reefer_cargo,ro_ro_vehicle_carrier,sailing_vessel,ship_untyped,tug_towing"
Hamburg,S1C_IW_GRDH_1SDV_20251210T054026_20251210T054051_005385_00AB6C_2021,VV,803,"bulk_carrier,container_ship,crude_oil_tanker,dredger,fishing_vessel,general_cargo,heavy_load_carrier,lpg_lng_tanker,offshore_supply,passenger_ship,pilot_port_tender,pleasure_craft,product_chemical_tanker,reefer_cargo,ro_ro_vehicle_carrier,sailing_vessel,ship_untyped,tug_towing"
Hamburg,S1C_IW_GRDH_1SDV_20251222T054026_20251222T054051_005560_00B165_BF35,VV,684,"bulk_carrier,container_ship,crude_oil_tanker,dredger,fishing_vessel,general_cargo,heavy_load_carrier,lpg_lng_tanker,offshore_supply,passenger_ship,pilot_port_tender,pleasure_craft,product_chemical_tanker,reefer_cargo,ro_ro_vehicle_carrier,sailing_vessel,ship_untyped,tug_towing"
Houston,S1A_IW_GRDH_1SDV_20250102T122317_20250102T122347_057265_070B6D_EB07,VH,38,"bulk_carrier,container_ship,crude_oil_tanker,dredger,fishing_vessel,general_cargo,heavy_load_carrier,lpg_lng_tanker,offshore_supply,passenger_ship,pilot_port_tender,pleasure_craft,product_chemical_tanker,reefer_cargo,ro_ro_vehicle_carrier,sailing_vessel,ship_untyped,tug_towing"
Houston,S1A_IW_GRDH_1SDV_20250126T122315_20250126T122344_057615_071953_D83D,VH,39,"bulk_carrier,container_ship,crude_oil_tanker,dredger,fishing_vessel,general_cargo,heavy_load_carrier,lpg_lng_tanker,offshore_supply,passenger_ship,pilot_port_tender,pleasure_craft,product_chemical_tanker,reefer_cargo,ro_ro_vehicle_carrier,sailing_vessel,ship_untyped,tug_towing"
Houston,S1A_IW_GRDH_1SDV_20250315T122314_20250315T122344_058315_07357B_31CC,VH,61,"bulk_carrier,container_ship,crude_oil_tanker,dredger,fishing_vessel,general_cargo,heavy_load_carrier,lpg_lng_tanker,offshore_supply,passenger_ship,pilot_port_tender,pleasure_craft,product_chemical_tanker,reefer_cargo,ro_ro_vehicle_carrier,sailing_vessel,ship_untyped,tug_towing"
Houston,S1A_IW_GRDH_1SDV_20250401T002647_20250401T002712_058556_073F16_5FFE,VH,254,"bulk_carrier,container_ship,crude_oil_tanker,dredger,fishing_vessel,general_cargo,heavy_load_carrier,lpg_lng_tanker,offshore_supply,passenger_ship,pilot_port_tender,pleasure_craft,product_chemical_tanker,reefer_cargo,ro_ro_vehicle_carrier,sailing_vessel,ship_untyped,tug_towing"
Houston,S1A_IW_GRDH_1SDV_20250607T122314_20250607T122344_059540_076452_AEAB,VH,48,"bulk_carrier,container_ship,crude_oil_tanker,dredger,fishing_vessel,general_cargo,heavy_load_carrier,lpg_lng_tanker,offshore_supply,passenger_ship,pilot_port_tender,pleasure_craft,product_chemical_tanker,reefer_cargo,ro_ro_vehicle_carrier,sailing_vessel,ship_untyped,tug_towing"
Houston,S1A_IW_GRDH_1SDV_20250612T002645_20250612T002710_059606_07667E_E24C,VH,228,"bulk_carrier,container_ship,crude_oil_tanker,dredger,fishing_vessel,general_cargo,heavy_load_carrier,lpg_lng_tanker,offshore_supply,passenger_ship,pilot_port_tender,pleasure_craft,product_chemical_tanker,reefer_cargo,ro_ro_vehicle_carrier,sailing_vessel,ship_untyped,tug_towing"
Houston,S1A_IW_GRDH_1SDV_20250718T002643_20250718T002708_060131_0778A6_1D3D,VH,284,"bulk_carrier,container_ship,crude_oil_tanker,dredger,fishing_vessel,general_cargo,heavy_load_carrier,lpg_lng_tanker,offshore_supply,passenger_ship,pilot_port_tender,pleasure_craft,product_chemical_tanker,reefer_cargo,ro_ro_vehicle_carrier,sailing_vessel,ship_untyped,tug_towing"
Houston,S1A_IW_GRDH_1SDV_20250102T122317_20250102T122347_057265_070B6D_EB07,VV,27,"bulk_carrier,container_ship,crude_oil_tanker,dredger,fishing_vessel,general_cargo,heavy_load_carrier,lpg_lng_tanker,offshore_supply,passenger_ship,pilot_port_tender,pleasure_craft,product_chemical_tanker,reefer_cargo,ro_ro_vehicle_carrier,sailing_vessel,ship_untyped,tug_towing"
Houston,S1A_IW_GRDH_1SDV_20250126T122315_20250126T122344_057615_071953_D83D,VV,37,"bulk_carrier,container_ship,crude_oil_tanker,dredger,fishing_vessel,general_cargo,heavy_load_carrier,lpg_lng_tanker,offshore_supply,passenger_ship,pilot_port_tender,pleasure_craft,product_chemical_tanker,reefer_cargo,ro_ro_vehicle_carrier,sailing_vessel,ship_untyped,tug_towing"
Houston,S1A_IW_GRDH_1SDV_20250315T122314_20250315T122344_058315_07357B_31CC,VV,56,"bulk_carrier,container_ship,crude_oil_tanker,dredger,fishing_vessel,general_cargo,heavy_load_carrier,lpg_lng_tanker,offshore_supply,passenger_ship,pilot_port_tender,pleasure_craft,product_chemical_tanker,reefer_cargo,ro_ro_vehicle_carrier,sailing_vessel,ship_untyped,tug_towing"
Houston,S1A_IW_GRDH_1SDV_20250401T002647_20250401T002712_058556_073F16_5FFE,VV,206,"bulk_carrier,container_ship,crude_oil_tanker,dredger,fishing_vessel,general_cargo,heavy_load_carrier,lpg_lng_tanker,offshore_supply,passenger_ship,pilot_port_tender,pleasure_craft,product_chemical_tanker,reefer_cargo,ro_ro_vehicle_carrier,sailing_vessel,ship_untyped,tug_towing"
Houston,S1A_IW_GRDH_1SDV_20250607T122314_20250607T122344_059540_076452_AEAB,VV,48,"bulk_carrier,container_ship,crude_oil_tanker,dredger,fishing_vessel,general_cargo,heavy_load_carrier,lpg_lng_tanker,offshore_supply,passenger_ship,pilot_port_tender,pleasure_craft,product_chemical_tanker,reefer_cargo,ro_ro_vehicle_carrier,sailing_vessel,ship_untyped,tug_towing"
Houston,S1A_IW_GRDH_1SDV_20250612T002645_20250612T002710_059606_07667E_E24C,VV,273,"bulk_carrier,container_ship,crude_oil_tanker,dredger,fishing_vessel,general_cargo,heavy_load_carrier,lpg_lng_tanker,offshore_supply,passenger_ship,pilot_port_tender,pleasure_craft,product_chemical_tanker,reefer_cargo,ro_ro_vehicle_carrier,sailing_vessel,ship_untyped,tug_towing"
Houston,S1A_IW_GRDH_1SDV_20250718T002643_20250718T002708_060131_0778A6_1D3D,VV,436,"bulk_carrier,container_ship,crude_oil_tanker,dredger,fishing_vessel,general_cargo,heavy_load_carrier,lpg_lng_tanker,offshore_supply,passenger_ship,pilot_port_tender,pleasure_craft,product_chemical_tanker,reefer_cargo,ro_ro_vehicle_carrier,sailing_vessel,ship_untyped,tug_towing"
Jebel Ali,S1A_IW_GRDH_1SDV_20250101T142509_20250101T142534_057252_070AF6_8BC8,VH,862,"bulk_carrier,container_ship,crude_oil_tanker,dredger,fishing_vessel,general_cargo,heavy_load_carrier,lpg_lng_tanker,offshore_supply,passenger_ship,pilot_port_tender,pleasure_craft,product_chemical_tanker,reefer_cargo,ro_ro_vehicle_carrier,sailing_vessel,ship_untyped,tug_towing"
Jebel Ali,S1A_IW_GRDH_1SDV_20250104T021547_20250104T021611_057288_070C5C_2B74,VH,685,"bulk_carrier,container_ship,crude_oil_tanker,dredger,fishing_vessel,general_cargo,heavy_load_carrier,lpg_lng_tanker,offshore_supply,passenger_ship,pilot_port_tender,pleasure_craft,product_chemical_tanker,reefer_cargo,ro_ro_vehicle_carrier,sailing_vessel,ship_untyped,tug_towing"
Jebel Ali,S1A_IW_GRDH_1SDV_20250113T142508_20250113T142533_057427_0711E2_2089,VH,928,"bulk_carrier,container_ship,crude_oil_tanker,dredger,fishing_vessel,general_cargo,heavy_load_carrier,lpg_lng_tanker,offshore_supply,passenger_ship,pilot_port_tender,pleasure_craft,product_chemical_tanker,reefer_cargo,ro_ro_vehicle_carrier,sailing_vessel,ship_untyped,tug_towing"
Jebel Ali,S1A_IW_GRDH_1SDV_20250125T142507_20250125T142532_057602_0718D6_9C14,VH,1050,"bulk_carrier,container_ship,crude_oil_tanker,dredger,fishing_vessel,general_cargo,heavy_load_carrier,lpg_lng_tanker,offshore_supply,passenger_ship,pilot_port_tender,pleasure_craft,product_chemical_tanker,reefer_cargo,ro_ro_vehicle_carrier,sailing_vessel,ship_untyped,tug_towing"
Jebel Ali,S1A_IW_GRDH_1SDV_20250206T142506_20250206T142531_057777_071FC4_4425,VH,979,"bulk_carrier,container_ship,crude_oil_tanker,dredger,fishing_vessel,general_cargo,heavy_load_carrier,lpg_lng_tanker,offshore_supply,passenger_ship,pilot_port_tender,pleasure_craft,product_chemical_tanker,reefer_cargo,ro_ro_vehicle_carrier,sailing_vessel,ship_untyped,tug_towing"
Jebel Ali,S1A_IW_GRDH_1SDV_20250218T142506_20250218T142531_057952_0726CE_AB2C,VH,894,"bulk_carrier,container_ship,crude_oil_tanker,dredger,fishing_vessel,general_cargo,heavy_load_carrier,lpg_lng_tanker,offshore_supply,passenger_ship,pilot_port_tender,pleasure_craft,product_chemical_tanker,reefer_cargo,ro_ro_vehicle_carrier,sailing_vessel,ship_untyped,tug_towing"
Jebel Ali,S1A_IW_GRDH_1SDV_20250302T142506_20250302T142531_058127_072DF2_C32F,VH,811,"bulk_carrier,container_ship,crude_oil_tanker,dredger,fishing_vessel,general_cargo,heavy_load_carrier,lpg_lng_tanker,offshore_supply,passenger_ship,pilot_port_tender,pleasure_craft,product_chemical_tanker,reefer_cargo,ro_ro_vehicle_carrier,sailing_vessel,ship_untyped,tug_towing"
Jebel Ali,S1A_IW_GRDH_1SDV_20250314T142506_20250314T142531_058302_073505_F8D8,VH,912,"bulk_carrier,container_ship,crude_oil_tanker,dredger,fishing_vessel,general_cargo,heavy_load_carrier,lpg_lng_tanker,offshore_supply,passenger_ship,pilot_port_tender,pleasure_craft,product_chemical_tanker,reefer_cargo,ro_ro_vehicle_carrier,sailing_vessel,ship_untyped,tug_towing"
Jebel Ali,S1A_IW_GRDH_1SDV_20250317T021545_20250317T021609_058338_073664_181C,VH,606,"bulk_carrier,container_ship,crude_oil_tanker,dredger,fishing_vessel,general_cargo,heavy_load_carrier,lpg_lng_tanker,offshore_supply,passenger_ship,pilot_port_tender,pleasure_craft,product_chemical_tanker,reefer_cargo,ro_ro_vehicle_carrier,sailing_vessel,ship_untyped,tug_towing"
Jebel Ali,S1A_IW_GRDH_1SDV_20250326T142506_20250326T142531_058477_073BE1_A5C1,VH,854,"bulk_carrier,container_ship,crude_oil_tanker,dredger,fishing_vessel,general_cargo,heavy_load_carrier,lpg_lng_tanker,offshore_supply,passenger_ship,pilot_port_tender,pleasure_craft,product_chemical_tanker,reefer_cargo,ro_ro_vehicle_carrier,sailing_vessel,ship_untyped,tug_towing"
Jebel Ali,S1A_IW_GRDH_1SDV_20250407T142506_20250407T142531_058652_07430E_28DD,VH,850,"bulk_carrier,container_ship,crude_oil_tanker,dredger,fishing_vessel,general_cargo,heavy_load_carrier,lpg_lng_tanker,offshore_supply,passenger_ship,pilot_port_tender,pleasure_craft,product_chemical_tanker,reefer_cargo,ro_ro_vehicle_carrier,sailing_vessel,ship_untyped,tug_towing"
Jebel Ali,S1A_IW_GRDH_1SDV_20250410T021545_20250410T021609_058688_074483_D3BC,VH,730,"bulk_carrier,container_ship,crude_oil_tanker,dredger,fishing_vessel,general_cargo,heavy_load_carrier,lpg_lng_tanker,offshore_supply,passenger_ship,pilot_port_tender,pleasure_craft,product_chemical_tanker,reefer_cargo,ro_ro_vehicle_carrier,sailing_vessel,ship_untyped,tug_towing"
Jebel Ali,S1A_IW_GRDH_1SDV_20250419T142506_20250419T142531_058827_074A34_03DC,VH,874,"bulk_carrier,container_ship,crude_oil_tanker,dredger,fishing_vessel,general_cargo,heavy_load_carrier,lpg_lng_tanker,offshore_supply,passenger_ship,pilot_port_tender,pleasure_craft,product_chemical_tanker,reefer_cargo,ro_ro_vehicle_carrier,sailing_vessel,ship_untyped,tug_towing"
Jebel Ali,S1A_IW_GRDH_1SDV_20250501T142507_20250501T142532_059002_075153_F22D,VH,848,"bulk_carrier,container_ship,crude_oil_tanker,dredger,fishing_vessel,general_cargo,heavy_load_carrier,lpg_lng_tanker,offshore_supply,passenger_ship,pilot_port_tender,pleasure_craft,product_chemical_tanker,reefer_cargo,ro_ro_vehicle_carrier,sailing_vessel,ship_untyped,tug_towing"
Jebel Ali,S1A_IW_GRDH_1SDV_20250513T142506_20250513T142531_059177_0757CB_F25B,VH,843,"bulk_carrier,container_ship,crude_oil_tanker,dredger,fishing_vessel,general_cargo,heavy_load_carrier,lpg_lng_tanker,offshore_supply,passenger_ship,pilot_port_tender,pleasure_craft,product_chemical_tanker,reefer_cargo,ro_ro_vehicle_carrier,sailing_vessel,ship_untyped,tug_towing"
Jebel Ali,S1A_IW_GRDH_1SDV_20250525T142506_20250525T142531_059352_075DD8_6C78,VH,864,"bulk_carrier,container_ship,crude_oil_tanker,dredger,fishing_vessel,general_cargo,heavy_load_carrier,lpg_lng_tanker,offshore_supply,passenger_ship,pilot_port_tender,pleasure_craft,product_chemical_tanker,reefer_cargo,ro_ro_vehicle_carrier,sailing_vessel,ship_untyped,tug_towing"
Jebel Ali,S1A_IW_GRDH_1SDV_20250606T142505_20250606T142530_059527_0763E5_967B,VH,849,"bulk_carrier,container_ship,crude_oil_tanker,dredger,fishing_vessel,general_cargo,heavy_load_carrier,lpg_lng_tanker,offshore_supply,passenger_ship,pilot_port_tender,pleasure_craft,product_chemical_tanker,reefer_cargo,ro_ro_vehicle_carrier,sailing_vessel,ship_untyped,tug_towing"
Jebel Ali,S1A_IW_GRDH_1SDV_20250609T021544_20250609T021608_059563_076513_C2E0,VH,766,"bulk_carrier,container_ship,crude_oil_tanker,dredger,fishing_vessel,general_cargo,heavy_load_carrier,lpg_lng_tanker,offshore_supply,passenger_ship,pilot_port_tender,pleasure_craft,product_chemical_tanker,reefer_cargo,ro_ro_vehicle_carrier,sailing_vessel,ship_untyped,tug_towing"
Jebel Ali,S1A_IW_GRDH_1SDV_20250618T142504_20250618T142529_059702_0769DE_8658,VH,849,"bulk_carrier,container_ship,crude_oil_tanker,dredger,fishing_vessel,general_cargo,heavy_load_carrier,lpg_lng_tanker,offshore_supply,passenger_ship,pilot_port_tender,pleasure_craft,product_chemical_tanker,reefer_cargo,ro_ro_vehicle_carrier,sailing_vessel,ship_untyped,tug_towing"
Jebel Ali,S1A_IW_GRDH_1SDV_20250621T021544_20250621T021607_059738_076B1D_2523,VH,731,"bulk_carrier,container_ship,crude_oil_tanker,dredger,fishing_vessel,general_cargo,heavy_load_carrier,lpg_lng_tanker,offshore_supply,passenger_ship,pilot_port_tender,pleasure_craft,product_chemical_tanker,reefer_cargo,ro_ro_vehicle_carrier,sailing_vessel,ship_untyped,tug_towing"
Jebel Ali,S1A_IW_GRDH_1SDV_20250630T142504_20250630T142529_059877_076FF7_ED71,VH,868,"bulk_carrier,container_ship,crude_oil_tanker,dredger,fishing_vessel,general_cargo,heavy_load_carrier,lpg_lng_tanker,offshore_supply,passenger_ship,pilot_port_tender,pleasure_craft,product_chemical_tanker,reefer_cargo,ro_ro_vehicle_carrier,sailing_vessel,ship_untyped,tug_towing"
Jebel Ali,S1A_IW_GRDH_1SDV_20250715T021542_20250715T021606_060088_077739_3740,VH,740,"bulk_carrier,container_ship,crude_oil_tanker,dredger,fishing_vessel,general_cargo,heavy_load_carrier,lpg_lng_tanker,offshore_supply,passenger_ship,pilot_port_tender,pleasure_craft,product_chemical_tanker,reefer_cargo,ro_ro_vehicle_carrier,sailing_vessel,ship_untyped,tug_towing"
Jebel Ali,S1A_IW_GRDH_1SDV_20250724T142503_20250724T142528_060227_077C09_9CBA,VH,875,"bulk_carrier,container_ship,crude_oil_tanker,dredger,fishing_vessel,general_cargo,heavy_load_carrier,lpg_lng_tanker,offshore_supply,passenger_ship,pilot_port_tender,pleasure_craft,product_chemical_tanker,reefer_cargo,ro_ro_vehicle_carrier,sailing_vessel,ship_untyped,tug_towing"
Jebel Ali,S1A_IW_GRDH_1SDV_20250805T142503_20250805T142528_060402_078207_9714,VH,883,"bulk_carrier,container_ship,crude_oil_tanker,dredger,fishing_vessel,general_cargo,heavy_load_carrier,lpg_lng_tanker,offshore_supply,passenger_ship,pilot_port_tender,pleasure_craft,product_chemical_tanker,reefer_cargo,ro_ro_vehicle_carrier,sailing_vessel,ship_untyped,tug_towing"
Jebel Ali,S1A_IW_GRDH_1SDV_20250817T142503_20250817T142528_060577_0788DF_80F4,VH,873,"bulk_carrier,container_ship,crude_oil_tanker,dredger,fishing_vessel,general_cargo,heavy_load_carrier,lpg_lng_tanker,offshore_supply,passenger_ship,pilot_port_tender,pleasure_craft,product_chemical_tanker,reefer_cargo,ro_ro_vehicle_carrier,sailing_vessel,ship_untyped,tug_towing"
Jebel Ali,S1A_IW_GRDH_1SDV_20250829T142503_20250829T142528_060752_078FC4_CDEA,VH,845,"bulk_carrier,container_ship,crude_oil_tanker,dredger,fishing_vessel,general_cargo,heavy_load_carrier,lpg_lng_tanker,offshore_supply,passenger_ship,pilot_port_tender,pleasure_craft,product_chemical_tanker,reefer_cargo,ro_ro_vehicle_carrier,sailing_vessel,ship_untyped,tug_towing"
Jebel Ali,S1A_IW_GRDH_1SDV_20250901T021542_20250901T021605_060788_07912C_0086,VH,727,"bulk_carrier,container_ship,crude_oil_tanker,dredger,fishing_vessel,general_cargo,heavy_load_carrier,lpg_lng_tanker,offshore_supply,passenger_ship,pilot_port_tender,pleasure_craft,product_chemical_tanker,reefer_cargo,ro_ro_vehicle_carrier,sailing_vessel,ship_untyped,tug_towing"
Jebel Ali,S1A_IW_GRDH_1SDV_20250910T142503_20250910T142528_060927_0796BD_18EC,VH,881,"bulk_carrier,container_ship,crude_oil_tanker,dredger,fishing_vessel,general_cargo,heavy_load_carrier,lpg_lng_tanker,offshore_supply,passenger_ship,pilot_port_tender,pleasure_craft,product_chemical_tanker,reefer_cargo,ro_ro_vehicle_carrier,sailing_vessel,ship_untyped,tug_towing"
Jebel Ali,S1A_IW_GRDH_1SDV_20250922T142504_20250922T142529_061102_079DC2_7207,VH,880,"bulk_carrier,container_ship,crude_oil_tanker,dredger,fishing_vessel,general_cargo,heavy_load_carrier,lpg_lng_tanker,offshore_supply,passenger_ship,pilot_port_tender,pleasure_craft,product_chemical_tanker,reefer_cargo,ro_ro_vehicle_carrier,sailing_vessel,ship_untyped,tug_towing"
Jebel Ali,S1A_IW_GRDH_1SDV_20250925T021543_20250925T021606_061138_079F34_4E55,VH,733,"bulk_carrier,container_ship,crude_oil_tanker,dredger,fishing_vessel,general_cargo,heavy_load_carrier,lpg_lng_tanker,offshore_supply,passenger_ship,pilot_port_tender,pleasure_craft,product_chemical_tanker,reefer_cargo,ro_ro_vehicle_carrier,sailing_vessel,ship_untyped,tug_towing"
Jebel Ali,S1A_IW_GRDH_1SDV_20251004T142503_20251004T142528_061277_07A4D4_B04D,VH,890,"bulk_carrier,container_ship,crude_oil_tanker,dredger,fishing_vessel,general_cargo,heavy_load_carrier,lpg_lng_tanker,offshore_supply,passenger_ship,pilot_port_tender,pleasure_craft,product_chemical_tanker,reefer_cargo,ro_ro_vehicle_carrier,sailing_vessel,ship_untyped,tug_towing"
Jebel Ali,S1A_IW_GRDH_1SDV_20251016T142504_20251016T142529_061452_07ABDD_BF78,VH,854,"bulk_carrier,container_ship,crude_oil_tanker,dredger,fishing_vessel,general_cargo,heavy_load_carrier,lpg_lng_tanker,offshore_supply,passenger_ship,pilot_port_tender,pleasure_craft,product_chemical_tanker,reefer_cargo,ro_ro_vehicle_carrier,sailing_vessel,ship_untyped,tug_towing"
Jebel Ali,S1A_IW_GRDH_1SDV_20251028T142503_20251028T142528_061627_07B2E5_AF8B,VH,922,"bulk_carrier,container_ship,crude_oil_tanker,dredger,fishing_vessel,general_cargo,heavy_load_carrier,lpg_lng_tanker,offshore_supply,passenger_ship,pilot_port_tender,pleasure_craft,product_chemical_tanker,reefer_cargo,ro_ro_vehicle_carrier,sailing_vessel,ship_untyped,tug_towing"
Jebel Ali,S1A_IW_GRDH_1SDV_20251109T142503_20251109T142528_061802_07B9BD_1AE4,VH,873,"bulk_carrier,container_ship,crude_oil_tanker,dredger,fishing_vessel,general_cargo,heavy_load_carrier,lpg_lng_tanker,offshore_supply,passenger_ship,pilot_port_tender,pleasure_craft,product_chemical_tanker,reefer_cargo,ro_ro_vehicle_carrier,sailing_vessel,ship_untyped,tug_towing"
Jebel Ali,S1A_IW_GRDH_1SDV_20251121T142503_20251121T142528_061977_07C08B_B3BC,VH,853,"bulk_carrier,container_ship,crude_oil_tanker,dredger,fishing_vessel,general_cargo,heavy_load_carrier,lpg_lng_tanker,offshore_supply,passenger_ship,pilot_port_tender,pleasure_craft,product_chemical_tanker,reefer_cargo,ro_ro_vehicle_carrier,sailing_vessel,ship_untyped,tug_towing"
Jebel Ali,S1A_IW_GRDH_1SDV_20251203T142501_20251203T142526_062152_07C75E_D213,VH,898,"bulk_carrier,container_ship,crude_oil_tanker,dredger,fishing_vessel,general_cargo,heavy_load_carrier,lpg_lng_tanker,offshore_supply,passenger_ship,pilot_port_tender,pleasure_craft,product_chemical_tanker,reefer_cargo,ro_ro_vehicle_carrier,sailing_vessel,ship_untyped,tug_towing"
Jebel Ali,S1A_IW_GRDH_1SDV_20251206T021540_20251206T021603_062188_07C8BF_E0FB,VH,740,"bulk_carrier,container_ship,crude_oil_tanker,dredger,fishing_vessel,general_cargo,heavy_load_carrier,lpg_lng_tanker,offshore_supply,passenger_ship,pilot_port_tender,pleasure_craft,product_chemical_tanker,reefer_cargo,ro_ro_vehicle_carrier,sailing_vessel,ship_untyped,tug_towing"
Jebel Ali,S1A_IW_GRDH_1SDV_20251215T142500_20251215T142525_062327_07CE36_F264,VH,828,"bulk_carrier,container_ship,crude_oil_tanker,dredger,fishing_vessel,general_cargo,heavy_load_carrier,lpg_lng_tanker,offshore_supply,passenger_ship,pilot_port_tender,pleasure_craft,product_chemical_tanker,reefer_cargo,ro_ro_vehicle_carrier,sailing_vessel,ship_untyped,tug_towing"
Jebel Ali,S1A_IW_GRDH_1SDV_20251227T142459_20251227T142524_062502_07D505_24C1,VH,953,"bulk_carrier,container_ship,crude_oil_tanker,dredger,fishing_vessel,general_cargo,heavy_load_carrier,lpg_lng_tanker,offshore_supply,passenger_ship,pilot_port_tender,pleasure_craft,product_chemical_tanker,reefer_cargo,ro_ro_vehicle_carrier,sailing_vessel,ship_untyped,tug_towing"
Jebel Ali,S1C_IW_GRDH_1SDV_20250814T021436_20250814T021501_003662_00752F_F0F2,VH,772,"bulk_carrier,container_ship,crude_oil_tanker,dredger,fishing_vessel,general_cargo,heavy_load_carrier,lpg_lng_tanker,offshore_supply,passenger_ship,pilot_port_tender,pleasure_craft,product_chemical_tanker,reefer_cargo,ro_ro_vehicle_carrier,sailing_vessel,ship_untyped,tug_towing"
Jebel Ali,S1C_IW_GRDH_1SDV_20251013T021438_20251013T021503_004537_008FA6_7629,VH,838,"bulk_carrier,container_ship,crude_oil_tanker,dredger,fishing_vessel,general_cargo,heavy_load_carrier,lpg_lng_tanker,offshore_supply,passenger_ship,pilot_port_tender,pleasure_craft,product_chemical_tanker,reefer_cargo,ro_ro_vehicle_carrier,sailing_vessel,ship_untyped,tug_towing"
Jebel Ali,S1C_IW_GRDH_1SDV_20251025T021438_20251025T021503_004712_0094F6_EC36,VH,782,"bulk_carrier,container_ship,crude_oil_tanker,dredger,fishing_vessel,general_cargo,heavy_load_carrier,lpg_lng_tanker,offshore_supply,passenger_ship,pilot_port_tender,pleasure_craft,product_chemical_tanker,reefer_cargo,ro_ro_vehicle_carrier,sailing_vessel,ship_untyped,tug_towing"
Jebel Ali,S1C_IW_GRDH_1SDV_20251106T021437_20251106T021502_004887_009A94_6EF3,VH,790,"bulk_carrier,container_ship,crude_oil_tanker,dredger,fishing_vessel,general_cargo,heavy_load_carrier,lpg_lng_tanker,offshore_supply,passenger_ship,pilot_port_tender,pleasure_craft,product_chemical_tanker,reefer_cargo,ro_ro_vehicle_carrier,sailing_vessel,ship_untyped,tug_towing"
Jebel Ali,S1C_IW_GRDH_1SDV_20251130T021436_20251130T021501_005237_00A653_4A11,VH,784,"bulk_carrier,container_ship,crude_oil_tanker,dredger,fishing_vessel,general_cargo,heavy_load_carrier,lpg_lng_tanker,offshore_supply,passenger_ship,pilot_port_tender,pleasure_craft,product_chemical_tanker,reefer_cargo,ro_ro_vehicle_carrier,sailing_vessel,ship_untyped,tug_towing"
Jebel Ali,S1A_IW_GRDH_1SDV_20250101T142509_20250101T142534_057252_070AF6_8BC8,VV,847,"bulk_carrier,container_ship,crude_oil_tanker,dredger,fishing_vessel,general_cargo,heavy_load_carrier,lpg_lng_tanker,offshore_supply,passenger_ship,pilot_port_tender,pleasure_craft,product_chemical_tanker,reefer_cargo,ro_ro_vehicle_carrier,sailing_vessel,ship_untyped,tug_towing"
Jebel Ali,S1A_IW_GRDH_1SDV_20250104T021547_20250104T021611_057288_070C5C_2B74,VV,697,"bulk_carrier,container_ship,crude_oil_tanker,dredger,fishing_vessel,general_cargo,heavy_load_carrier,lpg_lng_tanker,offshore_supply,passenger_ship,pilot_port_tender,pleasure_craft,product_chemical_tanker,reefer_cargo,ro_ro_vehicle_carrier,sailing_vessel,ship_untyped,tug_towing"
Jebel Ali,S1A_IW_GRDH_1SDV_20250113T142508_20250113T142533_057427_0711E2_2089,VV,1012,"bulk_carrier,container_ship,crude_oil_tanker,dredger,fishing_vessel,general_cargo,heavy_load_carrier,lpg_lng_tanker,offshore_supply,passenger_ship,pilot_port_tender,pleasure_craft,product_chemical_tanker,reefer_cargo,ro_ro_vehicle_carrier,sailing_vessel,ship_untyped,tug_towing"
Jebel Ali,S1A_IW_GRDH_1SDV_20250125T142507_20250125T142532_057602_0718D6_9C14,VV,1489,"bulk_carrier,container_ship,crude_oil_tanker,dredger,fishing_vessel,general_cargo,heavy_load_carrier,lpg_lng_tanker,offshore_supply,passenger_ship,pilot_port_tender,pleasure_craft,product_chemical_tanker,reefer_cargo,ro_ro_vehicle_carrier,sailing_vessel,ship_untyped,tug_towing"
Jebel Ali,S1A_IW_GRDH_1SDV_20250206T142506_20250206T142531_057777_071FC4_4425,VV,1126,"bulk_carrier,container_ship,crude_oil_tanker,dredger,fishing_vessel,general_cargo,heavy_load_carrier,lpg_lng_tanker,offshore_supply,passenger_ship,pilot_port_tender,pleasure_craft,product_chemical_tanker,reefer_cargo,ro_ro_vehicle_carrier,sailing_vessel,ship_untyped,tug_towing"
Jebel Ali,S1A_IW_GRDH_1SDV_20250218T142506_20250218T142531_057952_0726CE_AB2C,VV,1151,"bulk_carrier,container_ship,crude_oil_tanker,dredger,fishing_vessel,general_cargo,heavy_load_carrier,lpg_lng_tanker,offshore_supply,passenger_ship,pilot_port_tender,pleasure_craft,product_chemical_tanker,reefer_cargo,ro_ro_vehicle_carrier,sailing_vessel,ship_untyped,tug_towing"
Jebel Ali,S1A_IW_GRDH_1SDV_20250302T142506_20250302T142531_058127_072DF2_C32F,VV,792,"bulk_carrier,container_ship,crude_oil_tanker,dredger,fishing_vessel,general_cargo,heavy_load_carrier,lpg_lng_tanker,offshore_supply,passenger_ship,pilot_port_tender,pleasure_craft,product_chemical_tanker,reefer_cargo,ro_ro_vehicle_carrier,sailing_vessel,ship_untyped,tug_towing"
Jebel Ali,S1A_IW_GRDH_1SDV_20250314T142506_20250314T142531_058302_073505_F8D8,VV,1470,"bulk_carrier,container_ship,crude_oil_tanker,dredger,fishing_vessel,general_cargo,heavy_load_carrier,lpg_lng_tanker,offshore_supply,passenger_ship,pilot_port_tender,pleasure_craft,product_chemical_tanker,reefer_cargo,ro_ro_vehicle_carrier,sailing_vessel,ship_untyped,tug_towing"
Jebel Ali,S1A_IW_GRDH_1SDV_20250317T021545_20250317T021609_058338_073664_181C,VV,650,"bulk_carrier,container_ship,crude_oil_tanker,dredger,fishing_vessel,general_cargo,heavy_load_carrier,lpg_lng_tanker,offshore_supply,passenger_ship,pilot_port_tender,pleasure_craft,product_chemical_tanker,reefer_cargo,ro_ro_vehicle_carrier,sailing_vessel,ship_untyped,tug_towing"
Jebel Ali,S1A_IW_GRDH_1SDV_20250326T142506_20250326T142531_058477_073BE1_A5C1,VV,1109,"bulk_carrier,container_ship,crude_oil_tanker,dredger,fishing_vessel,general_cargo,heavy_load_carrier,lpg_lng_tanker,offshore_supply,passenger_ship,pilot_port_tender,pleasure_craft,product_chemical_tanker,reefer_cargo,ro_ro_vehicle_carrier,sailing_vessel,ship_untyped,tug_towing"
Jebel Ali,S1A_IW_GRDH_1SDV_20250407T142506_20250407T142531_058652_07430E_28DD,VV,1161,"bulk_carrier,container_ship,crude_oil_tanker,dredger,fishing_vessel,general_cargo,heavy_load_carrier,lpg_lng_tanker,offshore_supply,passenger_ship,pilot_port_tender,pleasure_craft,product_chemical_tanker,reefer_cargo,ro_ro_vehicle_carrier,sailing_vessel,ship_untyped,tug_towing"
Jebel Ali,S1A_IW_GRDH_1SDV_20250410T021545_20250410T021609_058688_074483_D3BC,VV,991,"bulk_carrier,container_ship,crude_oil_tanker,dredger,fishing_vessel,general_cargo,heavy_load_carrier,lpg_lng_tanker,offshore_supply,passenger_ship,pilot_port_tender,pleasure_craft,product_chemical_tanker,reefer_cargo,ro_ro_vehicle_carrier,sailing_vessel,ship_untyped,tug_towing"
Jebel Ali,S1A_IW_GRDH_1SDV_20250419T142506_20250419T142531_058827_074A34_03DC,VV,885,"bulk_carrier,container_ship,crude_oil_tanker,dredger,fishing_vessel,general_cargo,heavy_load_carrier,lpg_lng_tanker,offshore_supply,passenger_ship,pilot_port_tender,pleasure_craft,product_chemical_tanker,reefer_cargo,ro_ro_vehicle_carrier,sailing_vessel,ship_untyped,tug_towing"
Jebel Ali,S1A_IW_GRDH_1SDV_20250501T142507_20250501T142532_059002_075153_F22D,VV,1171,"bulk_carrier,container_ship,crude_oil_tanker,dredger,fishing_vessel,general_cargo,heavy_load_carrier,lpg_lng_tanker,offshore_supply,passenger_ship,pilot_port_tender,pleasure_craft,product_chemical_tanker,reefer_cargo,ro_ro_vehicle_carrier,sailing_vessel,ship_untyped,tug_towing"
Jebel Ali,S1A_IW_GRDH_1SDV_20250513T142506_20250513T142531_059177_0757CB_F25B,VV,1253,"bulk_carrier,container_ship,crude_oil_tanker,dredger,fishing_vessel,general_cargo,heavy_load_carrier,lpg_lng_tanker,offshore_supply,passenger_ship,pilot_port_tender,pleasure_craft,product_chemical_tanker,reefer_cargo,ro_ro_vehicle_carrier,sailing_vessel,ship_untyped,tug_towing"
Jebel Ali,S1A_IW_GRDH_1SDV_20250525T142506_20250525T142531_059352_075DD8_6C78,VV,1253,"bulk_carrier,container_ship,crude_oil_tanker,dredger,fishing_vessel,general_cargo,heavy_load_carrier,lpg_lng_tanker,offshore_supply,passenger_ship,pilot_port_tender,pleasure_craft,product_chemical_tanker,reefer_cargo,ro_ro_vehicle_carrier,sailing_vessel,ship_untyped,tug_towing"
Jebel Ali,S1A_IW_GRDH_1SDV_20250606T142505_20250606T142530_059527_0763E5_967B,VV,1099,"bulk_carrier,container_ship,crude_oil_tanker,dredger,fishing_vessel,general_cargo,heavy_load_carrier,lpg_lng_tanker,offshore_supply,passenger_ship,pilot_port_tender,pleasure_craft,product_chemical_tanker,reefer_cargo,ro_ro_vehicle_carrier,sailing_vessel,ship_untyped,tug_towing"
Jebel Ali,S1A_IW_GRDH_1SDV_20250609T021544_20250609T021608_059563_076513_C2E0,VV,1034,"bulk_carrier,container_ship,crude_oil_tanker,dredger,fishing_vessel,general_cargo,heavy_load_carrier,lpg_lng_tanker,offshore_supply,passenger_ship,pilot_port_tender,pleasure_craft,product_chemical_tanker,reefer_cargo,ro_ro_vehicle_carrier,sailing_vessel,ship_untyped,tug_towing"
Jebel Ali,S1A_IW_GRDH_1SDV_20250618T142504_20250618T142529_059702_0769DE_8658,VV,1155,"bulk_carrier,container_ship,crude_oil_tanker,dredger,fishing_vessel,general_cargo,heavy_load_carrier,lpg_lng_tanker,offshore_supply,passenger_ship,pilot_port_tender,pleasure_craft,product_chemical_tanker,reefer_cargo,ro_ro_vehicle_carrier,sailing_vessel,ship_untyped,tug_towing"
Jebel Ali,S1A_IW_GRDH_1SDV_20250621T021544_20250621T021607_059738_076B1D_2523,VV,892,"bulk_carrier,container_ship,crude_oil_tanker,dredger,fishing_vessel,general_cargo,heavy_load_carrier,lpg_lng_tanker,offshore_supply,passenger_ship,pilot_port_tender,pleasure_craft,product_chemical_tanker,reefer_cargo,ro_ro_vehicle_carrier,sailing_vessel,ship_untyped,tug_towing"
Jebel Ali,S1A_IW_GRDH_1SDV_20250630T142504_20250630T142529_059877_076FF7_ED71,VV,1326,"bulk_carrier,container_ship,crude_oil_tanker,dredger,fishing_vessel,general_cargo,heavy_load_carrier,lpg_lng_tanker,offshore_supply,passenger_ship,pilot_port_tender,pleasure_craft,product_chemical_tanker,reefer_cargo,ro_ro_vehicle_carrier,sailing_vessel,ship_untyped,tug_towing"
Jebel Ali,S1A_IW_GRDH_1SDV_20250715T021542_20250715T021606_060088_077739_3740,VV,1026,"bulk_carrier,container_ship,crude_oil_tanker,dredger,fishing_vessel,general_cargo,heavy_load_carrier,lpg_lng_tanker,offshore_supply,passenger_ship,pilot_port_tender,pleasure_craft,product_chemical_tanker,reefer_cargo,ro_ro_vehicle_carrier,sailing_vessel,ship_untyped,tug_towing"
Jebel Ali,S1A_IW_GRDH_1SDV_20250724T142503_20250724T142528_060227_077C09_9CBA,VV,1314,"bulk_carrier,container_ship,crude_oil_tanker,dredger,fishing_vessel,general_cargo,heavy_load_carrier,lpg_lng_tanker,offshore_supply,passenger_ship,pilot_port_tender,pleasure_craft,product_chemical_tanker,reefer_cargo,ro_ro_vehicle_carrier,sailing_vessel,ship_untyped,tug_towing"
Jebel Ali,S1A_IW_GRDH_1SDV_20250805T142503_20250805T142528_060402_078207_9714,VV,1357,"bulk_carrier,container_ship,crude_oil_tanker,dredger,fishing_vessel,general_cargo,heavy_load_carrier,lpg_lng_tanker,offshore_supply,passenger_ship,pilot_port_tender,pleasure_craft,product_chemical_tanker,reefer_cargo,ro_ro_vehicle_carrier,sailing_vessel,ship_untyped,tug_towing"
Jebel Ali,S1A_IW_GRDH_1SDV_20250817T142503_20250817T142528_060577_0788DF_80F4,VV,1376,"bulk_carrier,container_ship,crude_oil_tanker,dredger,fishing_vessel,general_cargo,heavy_load_carrier,lpg_lng_tanker,offshore_supply,passenger_ship,pilot_port_tender,pleasure_craft,product_chemical_tanker,reefer_cargo,ro_ro_vehicle_carrier,sailing_vessel,ship_untyped,tug_towing"
Jebel Ali,S1A_IW_GRDH_1SDV_20250829T142503_20250829T142528_060752_078FC4_CDEA,VV,1265,"bulk_carrier,container_ship,crude_oil_tanker,dredger,fishing_vessel,general_cargo,heavy_load_carrier,lpg_lng_tanker,offshore_supply,passenger_ship,pilot_port_tender,pleasure_craft,product_chemical_tanker,reefer_cargo,ro_ro_vehicle_carrier,sailing_vessel,ship_untyped,tug_towing"
Jebel Ali,S1A_IW_GRDH_1SDV_20250901T021542_20250901T021605_060788_07912C_0086,VV,1059,"bulk_carrier,container_ship,crude_oil_tanker,dredger,fishing_vessel,general_cargo,heavy_load_carrier,lpg_lng_tanker,offshore_supply,passenger_ship,pilot_port_tender,pleasure_craft,product_chemical_tanker,reefer_cargo,ro_ro_vehicle_carrier,sailing_vessel,ship_untyped,tug_towing"
Jebel Ali,S1A_IW_GRDH_1SDV_20250910T142503_20250910T142528_060927_0796BD_18EC,VV,1280,"bulk_carrier,container_ship,crude_oil_tanker,dredger,fishing_vessel,general_cargo,heavy_load_carrier,lpg_lng_tanker,offshore_supply,passenger_ship,pilot_port_tender,pleasure_craft,product_chemical_tanker,reefer_cargo,ro_ro_vehicle_carrier,sailing_vessel,ship_untyped,tug_towing"
Jebel Ali,S1A_IW_GRDH_1SDV_20250922T142504_20250922T142529_061102_079DC2_7207,VV,1219,"bulk_carrier,container_ship,crude_oil_tanker,dredger,fishing_vessel,general_cargo,heavy_load_carrier,lpg_lng_tanker,offshore_supply,passenger_ship,pilot_port_tender,pleasure_craft,product_chemical_tanker,reefer_cargo,ro_ro_vehicle_carrier,sailing_vessel,ship_untyped,tug_towing"
Jebel Ali,S1A_IW_GRDH_1SDV_20250925T021543_20250925T021606_061138_079F34_4E55,VV,904,"bulk_carrier,container_ship,crude_oil_tanker,dredger,fishing_vessel,general_cargo,heavy_load_carrier,lpg_lng_tanker,offshore_supply,passenger_ship,pilot_port_tender,pleasure_craft,product_chemical_tanker,reefer_cargo,ro_ro_vehicle_carrier,sailing_vessel,ship_untyped,tug_towing"
Jebel Ali,S1A_IW_GRDH_1SDV_20251004T142503_20251004T142528_061277_07A4D4_B04D,VV,1095,"bulk_carrier,container_ship,crude_oil_tanker,dredger,fishing_vessel,general_cargo,heavy_load_carrier,lpg_lng_tanker,offshore_supply,passenger_ship,pilot_port_tender,pleasure_craft,product_chemical_tanker,reefer_cargo,ro_ro_vehicle_carrier,sailing_vessel,ship_untyped,tug_towing"
Jebel Ali,S1A_IW_GRDH_1SDV_20251016T142504_20251016T142529_061452_07ABDD_BF78,VV,1388,"bulk_carrier,container_ship,crude_oil_tanker,dredger,fishing_vessel,general_cargo,heavy_load_carrier,lpg_lng_tanker,offshore_supply,passenger_ship,pilot_port_tender,pleasure_craft,product_chemical_tanker,reefer_cargo,ro_ro_vehicle_carrier,sailing_vessel,ship_untyped,tug_towing"
Jebel Ali,S1A_IW_GRDH_1SDV_20251028T142503_20251028T142528_061627_07B2E5_AF8B,VV,1283,"bulk_carrier,container_ship,crude_oil_tanker,dredger,fishing_vessel,general_cargo,heavy_load_carrier,lpg_lng_tanker,offshore_supply,passenger_ship,pilot_port_tender,pleasure_craft,product_chemical_tanker,reefer_cargo,ro_ro_vehicle_carrier,sailing_vessel,ship_untyped,tug_towing"
Jebel Ali,S1A_IW_GRDH_1SDV_20251109T142503_20251109T142528_061802_07B9BD_1AE4,VV,1234,"bulk_carrier,container_ship,crude_oil_tanker,dredger,fishing_vessel,general_cargo,heavy_load_carrier,lpg_lng_tanker,offshore_supply,passenger_ship,pilot_port_tender,pleasure_craft,product_chemical_tanker,reefer_cargo,ro_ro_vehicle_carrier,sailing_vessel,ship_untyped,tug_towing"
Jebel Ali,S1A_IW_GRDH_1SDV_20251121T142503_20251121T142528_061977_07C08B_B3BC,VV,1283,"bulk_carrier,container_ship,crude_oil_tanker,dredger,fishing_vessel,general_cargo,heavy_load_carrier,lpg_lng_tanker,offshore_supply,passenger_ship,pilot_port_tender,pleasure_craft,product_chemical_tanker,reefer_cargo,ro_ro_vehicle_carrier,sailing_vessel,ship_untyped,tug_towing"
Jebel Ali,S1A_IW_GRDH_1SDV_20251203T142501_20251203T142526_062152_07C75E_D213,VV,1390,"bulk_carrier,container_ship,crude_oil_tanker,dredger,fishing_vessel,general_cargo,heavy_load_carrier,lpg_lng_tanker,offshore_supply,passenger_ship,pilot_port_tender,pleasure_craft,product_chemical_tanker,reefer_cargo,ro_ro_vehicle_carrier,sailing_vessel,ship_untyped,tug_towing"
Jebel Ali,S1A_IW_GRDH_1SDV_20251206T021540_20251206T021603_062188_07C8BF_E0FB,VV,1003,"bulk_carrier,container_ship,crude_oil_tanker,dredger,fishing_vessel,general_cargo,heavy_load_carrier,lpg_lng_tanker,offshore_supply,passenger_ship,pilot_port_tender,pleasure_craft,product_chemical_tanker,reefer_cargo,ro_ro_vehicle_carrier,sailing_vessel,ship_untyped,tug_towing"
Jebel Ali,S1A_IW_GRDH_1SDV_20251215T142500_20251215T142525_062327_07CE36_F264,VV,930,"bulk_carrier,container_ship,crude_oil_tanker,dredger,fishing_vessel,general_cargo,heavy_load_carrier,lpg_lng_tanker,offshore_supply,passenger_ship,pilot_port_tender,pleasure_craft,product_chemical_tanker,reefer_cargo,ro_ro_vehicle_carrier,sailing_vessel,ship_untyped,tug_towing"
Jebel Ali,S1A_IW_GRDH_1SDV_20251227T142459_20251227T142524_062502_07D505_24C1,VV,1712,"bulk_carrier,container_ship,crude_oil_tanker,dredger,fishing_vessel,general_cargo,heavy_load_carrier,lpg_lng_tanker,offshore_supply,passenger_ship,pilot_port_tender,pleasure_craft,product_chemical_tanker,reefer_cargo,ro_ro_vehicle_carrier,sailing_vessel,ship_untyped,tug_towing"
Jebel Ali,S1C_IW_GRDH_1SDV_20250814T021436_20250814T021501_003662_00752F_F0F2,VV,978,"bulk_carrier,container_ship,crude_oil_tanker,dredger,fishing_vessel,general_cargo,heavy_load_carrier,lpg_lng_tanker,offshore_supply,passenger_ship,pilot_port_tender,pleasure_craft,product_chemical_tanker,reefer_cargo,ro_ro_vehicle_carrier,sailing_vessel,ship_untyped,tug_towing"
Jebel Ali,S1C_IW_GRDH_1SDV_20251013T021438_20251013T021503_004537_008FA6_7629,VV,983,"bulk_carrier,container_ship,crude_oil_tanker,dredger,fishing_vessel,general_cargo,heavy_load_carrier,lpg_lng_tanker,offshore_supply,passenger_ship,pilot_port_tender,pleasure_craft,product_chemical_tanker,reefer_cargo,ro_ro_vehicle_carrier,sailing_vessel,ship_untyped,tug_towing"
Jebel Ali,S1C_IW_GRDH_1SDV_20251025T021438_20251025T021503_004712_0094F6_EC36,VV,953,"bulk_carrier,container_ship,crude_oil_tanker,dredger,fishing_vessel,general_cargo,heavy_load_carrier,lpg_lng_tanker,offshore_supply,passenger_ship,pilot_port_tender,pleasure_craft,product_chemical_tanker,reefer_cargo,ro_ro_vehicle_carrier,sailing_vessel,ship_untyped,tug_towing"
Jebel Ali,S1C_IW_GRDH_1SDV_20251106T021437_20251106T021502_004887_009A94_6EF3,VV,898,"bulk_carrier,container_ship,crude_oil_tanker,dredger,fishing_vessel,general_cargo,heavy_load_carrier,lpg_lng_tanker,offshore_supply,passenger_ship,pilot_port_tender,pleasure_craft,product_chemical_tanker,reefer_cargo,ro_ro_vehicle_carrier,sailing_vessel,ship_untyped,tug_towing"
Jebel Ali,S1C_IW_GRDH_1SDV_20251130T021436_20251130T021501_005237_00A653_4A11,VV,911,"bulk_carrier,container_ship,crude_oil_tanker,dredger,fishing_vessel,general_cargo,heavy_load_carrier,lpg_lng_tanker,offshore_supply,passenger_ship,pilot_port_tender,pleasure_craft,product_chemical_tanker,reefer_cargo,ro_ro_vehicle_carrier,sailing_vessel,ship_untyped,tug_towing"
Los Angeles,S1A_IW_GRDH_1SDV_20250202T135247_20250202T135312_057718_071D69_2EC7,VH,55,"bulk_carrier,container_ship,crude_oil_tanker,dredger,fishing_vessel,general_cargo,heavy_load_carrier,lpg_lng_tanker,offshore_supply,passenger_ship,pilot_port_tender,pleasure_craft,product_chemical_tanker,reefer_cargo,ro_ro_vehicle_carrier,sailing_vessel,ship_untyped,tug_towing"
Los Angeles,S1C_IW_GRDH_1SDV_20250414T015728_20250414T015809_001883_0039AF_C154,VH,160,"bulk_carrier,container_ship,crude_oil_tanker,dredger,fishing_vessel,general_cargo,heavy_load_carrier,lpg_lng_tanker,offshore_supply,passenger_ship,pilot_port_tender,pleasure_craft,product_chemical_tanker,reefer_cargo,ro_ro_vehicle_carrier,sailing_vessel,ship_untyped,tug_towing"
Los Angeles,S1A_IW_GRDH_1SDV_20250202T135247_20250202T135312_057718_071D69_2EC7,VV,45,"bulk_carrier,container_ship,crude_oil_tanker,dredger,fishing_vessel,general_cargo,heavy_load_carrier,lpg_lng_tanker,offshore_supply,passenger_ship,pilot_port_tender,pleasure_craft,product_chemical_tanker,reefer_cargo,ro_ro_vehicle_carrier,sailing_vessel,ship_untyped,tug_towing"
Los Angeles,S1C_IW_GRDH_1SDV_20250414T015728_20250414T015809_001883_0039AF_C154,VV,78,"bulk_carrier,container_ship,crude_oil_tanker,dredger,fishing_vessel,general_cargo,heavy_load_carrier,lpg_lng_tanker,offshore_supply,passenger_ship,pilot_port_tender,pleasure_craft,product_chemical_tanker,reefer_cargo,ro_ro_vehicle_carrier,sailing_vessel,ship_untyped,tug_towing"
Melbourne,S1A_IW_GRDH_1SDV_20250217T193335_20250217T193400_057940_072653_7401,VH,153,"bulk_carrier,container_ship,crude_oil_tanker,dredger,fishing_vessel,general_cargo,heavy_load_carrier,lpg_lng_tanker,offshore_supply,passenger_ship,pilot_port_tender,pleasure_craft,product_chemical_tanker,reefer_cargo,ro_ro_vehicle_carrier,sailing_vessel,ship_untyped,tug_towing"
Melbourne,S1A_IW_GRDH_1SDV_20250406T193335_20250406T193400_058640_074290_9E86,VH,122,"bulk_carrier,container_ship,crude_oil_tanker,dredger,fishing_vessel,general_cargo,heavy_load_carrier,lpg_lng_tanker,offshore_supply,passenger_ship,pilot_port_tender,pleasure_craft,product_chemical_tanker,reefer_cargo,ro_ro_vehicle_carrier,sailing_vessel,ship_untyped,tug_towing"
Melbourne,S1A_IW_GRDH_1SDV_20250418T193335_20250418T193400_058815_0749B9_7FEC,VH,146,"bulk_carrier,container_ship,crude_oil_tanker,dredger,fishing_vessel,general_cargo,heavy_load_carrier,lpg_lng_tanker,offshore_supply,passenger_ship,pilot_port_tender,pleasure_craft,product_chemical_tanker,reefer_cargo,ro_ro_vehicle_carrier,sailing_vessel,ship_untyped,tug_towing"
Melbourne,S1A_IW_GRDH_1SDV_20250629T193333_20250629T193358_059865_076F8D_C18A,VH,122,"bulk_carrier,container_ship,crude_oil_tanker,dredger,fishing_vessel,general_cargo,heavy_load_carrier,lpg_lng_tanker,offshore_supply,passenger_ship,pilot_port_tender,pleasure_craft,product_chemical_tanker,reefer_cargo,ro_ro_vehicle_carrier,sailing_vessel,ship_untyped,tug_towing"
Melbourne,S1A_IW_GRDH_1SDV_20250217T193335_20250217T193400_057940_072653_7401,VV,386,"bulk_carrier,container_ship,crude_oil_tanker,dredger,fishing_vessel,general_cargo,heavy_load_carrier,lpg_lng_tanker,offshore_supply,passenger_ship,pilot_port_tender,pleasure_craft,product_chemical_tanker,reefer_cargo,ro_ro_vehicle_carrier,sailing_vessel,ship_untyped,tug_towing"
Melbourne,S1A_IW_GRDH_1SDV_20250406T193335_20250406T193400_058640_074290_9E86,VV,166,"bulk_carrier,container_ship,crude_oil_tanker,dredger,fishing_vessel,general_cargo,heavy_load_carrier,lpg_lng_tanker,offshore_supply,passenger_ship,pilot_port_tender,pleasure_craft,product_chemical_tanker,reefer_cargo,ro_ro_vehicle_carrier,sailing_vessel,ship_untyped,tug_towing"
Melbourne,S1A_IW_GRDH_1SDV_20250418T193335_20250418T193400_058815_0749B9_7FEC,VV,315,"bulk_carrier,container_ship,crude_oil_tanker,dredger,fishing_vessel,general_cargo,heavy_load_carrier,lpg_lng_tanker,offshore_supply,passenger_ship,pilot_port_tender,pleasure_craft,product_chemical_tanker,reefer_cargo,ro_ro_vehicle_carrier,sailing_vessel,ship_untyped,tug_towing"
Melbourne,S1A_IW_GRDH_1SDV_20250629T193333_20250629T193358_059865_076F8D_C18A,VV,86,"bulk_carrier,container_ship,crude_oil_tanker,dredger,fishing_vessel,general_cargo,heavy_load_carrier,lpg_lng_tanker,offshore_supply,passenger_ship,pilot_port_tender,pleasure_craft,product_chemical_tanker,reefer_cargo,ro_ro_vehicle_carrier,sailing_vessel,ship_untyped,tug_towing"
Mombasa,S1A_IW_GRDH_1SDV_20250115T153906_20250115T153935_057456_071303_0ED7,VH,13,"bulk_carrier,container_ship,crude_oil_tanker,dredger,fishing_vessel,general_cargo,heavy_load_carrier,lpg_lng_tanker,offshore_supply,passenger_ship,pilot_port_tender,pleasure_craft,product_chemical_tanker,reefer_cargo,ro_ro_vehicle_carrier,sailing_vessel,ship_untyped,tug_towing"
Mombasa,S1A_IW_GRDH_1SDV_20250127T153906_20250127T153935_057631_0719FF_8570,VH,20,"bulk_carrier,container_ship,crude_oil_tanker,dredger,fishing_vessel,general_cargo,heavy_load_carrier,lpg_lng_tanker,offshore_supply,passenger_ship,pilot_port_tender,pleasure_craft,product_chemical_tanker,reefer_cargo,ro_ro_vehicle_carrier,sailing_vessel,ship_untyped,tug_towing"
Mombasa,S1A_IW_GRDH_1SDV_20250220T153905_20250220T153934_057981_0727FE_BF71,VH,21,"bulk_carrier,container_ship,crude_oil_tanker,dredger,fishing_vessel,general_cargo,heavy_load_carrier,lpg_lng_tanker,offshore_supply,passenger_ship,pilot_port_tender,pleasure_craft,product_chemical_tanker,reefer_cargo,ro_ro_vehicle_carrier,sailing_vessel,ship_untyped,tug_towing"
Mombasa,S1A_IW_GRDH_1SDV_20250316T153905_20250316T153934_058331_073622_85D9,VH,20,"bulk_carrier,container_ship,crude_oil_tanker,dredger,fishing_vessel,general_cargo,heavy_load_carrier,lpg_lng_tanker,offshore_supply,passenger_ship,pilot_port_tender,pleasure_craft,product_chemical_tanker,reefer_cargo,ro_ro_vehicle_carrier,sailing_vessel,ship_untyped,tug_towing"
Mombasa,S1A_IW_GRDH_1SDV_20250328T153905_20250328T153934_058506_073D15_583F,VH,24,"bulk_carrier,container_ship,crude_oil_tanker,dredger,fishing_vessel,general_cargo,heavy_load_carrier,lpg_lng_tanker,offshore_supply,passenger_ship,pilot_port_tender,pleasure_craft,product_chemical_tanker,reefer_cargo,ro_ro_vehicle_carrier,sailing_vessel,ship_untyped,tug_towing"
Mombasa,S1A_IW_GRDH_1SDV_20250421T153906_20250421T153935_058856_074B68_80A1,VH,13,"bulk_carrier,container_ship,crude_oil_tanker,dredger,fishing_vessel,general_cargo,heavy_load_carrier,lpg_lng_tanker,offshore_supply,passenger_ship,pilot_port_tender,pleasure_craft,product_chemical_tanker,reefer_cargo,ro_ro_vehicle_carrier,sailing_vessel,ship_untyped,tug_towing"
Mombasa,S1A_IW_GRDH_1SDV_20250515T153905_20250515T153934_059206_0758C3_2241,VH,16,"bulk_carrier,container_ship,crude_oil_tanker,dredger,fishing_vessel,general_cargo,heavy_load_carrier,lpg_lng_tanker,offshore_supply,passenger_ship,pilot_port_tender,pleasure_craft,product_chemical_tanker,reefer_cargo,ro_ro_vehicle_carrier,sailing_vessel,ship_untyped,tug_towing"
Mombasa,S1A_IW_GRDH_1SDV_20250527T153905_20250527T153934_059381_075EDC_EE48,VH,18,"bulk_carrier,container_ship,crude_oil_tanker,dredger,fishing_vessel,general_cargo,heavy_load_carrier,lpg_lng_tanker,offshore_supply,passenger_ship,pilot_port_tender,pleasure_craft,product_chemical_tanker,reefer_cargo,ro_ro_vehicle_carrier,sailing_vessel,ship_untyped,tug_towing"
Mombasa,S1A_IW_GRDH_1SDV_20250620T153903_20250620T153932_059731_076AE1_A027,VH,15,"bulk_carrier,container_ship,crude_oil_tanker,dredger,fishing_vessel,general_cargo,heavy_load_carrier,lpg_lng_tanker,offshore_supply,passenger_ship,pilot_port_tender,pleasure_craft,product_chemical_tanker,reefer_cargo,ro_ro_vehicle_carrier,sailing_vessel,ship_untyped,tug_towing"
Mombasa,S1A_IW_GRDH_1SDV_20250702T153903_20250702T153932_059906_0770FC_6D94,VH,18,"bulk_carrier,container_ship,crude_oil_tanker,dredger,fishing_vessel,general_cargo,heavy_load_carrier,lpg_lng_tanker,offshore_supply,passenger_ship,pilot_port_tender,pleasure_craft,product_chemical_tanker,reefer_cargo,ro_ro_vehicle_carrier,sailing_vessel,ship_untyped,tug_towing"
Mombasa,S1A_IW_GRDH_1SDV_20250714T153902_20250714T153931_060081_0776FF_25DB,VH,36,"bulk_carrier,container_ship,crude_oil_tanker,dredger,fishing_vessel,general_cargo,heavy_load_carrier,lpg_lng_tanker,offshore_supply,passenger_ship,pilot_port_tender,pleasure_craft,product_chemical_tanker,reefer_cargo,ro_ro_vehicle_carrier,sailing_vessel,ship_untyped,tug_towing"
Mombasa,S1A_IW_GRDH_1SDV_20250726T153902_20250726T153931_060256_077D04_0826,VH,21,"bulk_carrier,container_ship,crude_oil_tanker,dredger,fishing_vessel,general_cargo,heavy_load_carrier,lpg_lng_tanker,offshore_supply,passenger_ship,pilot_port_tender,pleasure_craft,product_chemical_tanker,reefer_cargo,ro_ro_vehicle_carrier,sailing_vessel,ship_untyped,tug_towing"
Mombasa,S1A_IW_GRDH_1SDV_20250819T153902_20250819T153931_060606_078A07_42F0,VH,16,"bulk_carrier,container_ship,crude_oil_tanker,dredger,fishing_vessel,general_cargo,heavy_load_carrier,lpg_lng_tanker,offshore_supply,passenger_ship,pilot_port_tender,pleasure_craft,product_chemical_tanker,reefer_cargo,ro_ro_vehicle_carrier,sailing_vessel,ship_untyped,tug_towing"
Mombasa,S1A_IW_GRDH_1SDV_20250831T153902_20250831T153931_060781_0790EA_0B81,VH,24,"bulk_carrier,container_ship,crude_oil_tanker,dredger,fishing_vessel,general_cargo,heavy_load_carrier,lpg_lng_tanker,offshore_supply,passenger_ship,pilot_port_tender,pleasure_craft,product_chemical_tanker,reefer_cargo,ro_ro_vehicle_carrier,sailing_vessel,ship_untyped,tug_towing"
Mombasa,S1A_IW_GRDH_1SDV_20250912T153902_20250912T153931_060956_0797E9_52CC,VH,25,"bulk_carrier,container_ship,crude_oil_tanker,dredger,fishing_vessel,general_cargo,heavy_load_carrier,lpg_lng_tanker,offshore_supply,passenger_ship,pilot_port_tender,pleasure_craft,product_chemical_tanker,reefer_cargo,ro_ro_vehicle_carrier,sailing_vessel,ship_untyped,tug_towing"
Mombasa,S1A_IW_GRDH_1SDV_20250924T153902_20250924T153931_061131_079EEF_95D2,VH,22,"bulk_carrier,container_ship,crude_oil_tanker,dredger,fishing_vessel,general_cargo,heavy_load_carrier,lpg_lng_tanker,offshore_supply,passenger_ship,pilot_port_tender,pleasure_craft,product_chemical_tanker,reefer_cargo,ro_ro_vehicle_carrier,sailing_vessel,ship_untyped,tug_towing"
Mombasa,S1A_IW_GRDH_1SDV_20251006T153903_20251006T153932_061306_07A5FE_9B54,VH,21,"bulk_carrier,container_ship,crude_oil_tanker,dredger,fishing_vessel,general_cargo,heavy_load_carrier,lpg_lng_tanker,offshore_supply,passenger_ship,pilot_port_tender,pleasure_craft,product_chemical_tanker,reefer_cargo,ro_ro_vehicle_carrier,sailing_vessel,ship_untyped,tug_towing"
Mombasa,S1A_IW_GRDH_1SDV_20251018T153903_20251018T153932_061481_07AD03_B243,VH,26,"bulk_carrier,container_ship,crude_oil_tanker,dredger,fishing_vessel,general_cargo,heavy_load_carrier,lpg_lng_tanker,offshore_supply,passenger_ship,pilot_port_tender,pleasure_craft,product_chemical_tanker,reefer_cargo,ro_ro_vehicle_carrier,sailing_vessel,ship_untyped,tug_towing"
Mombasa,S1A_IW_GRDH_1SDV_20251030T153902_20251030T153931_061656_07B411_FB08,VH,39,"bulk_carrier,container_ship,crude_oil_tanker,dredger,fishing_vessel,general_cargo,heavy_load_carrier,lpg_lng_tanker,offshore_supply,passenger_ship,pilot_port_tender,pleasure_craft,product_chemical_tanker,reefer_cargo,ro_ro_vehicle_carrier,sailing_vessel,ship_untyped,tug_towing"
Mombasa,S1C_IW_GRDH_1SDV_20250920T030348_20250920T030413_004202_008573_E1A5,VH,27,"bulk_carrier,container_ship,crude_oil_tanker,dredger,fishing_vessel,general_cargo,heavy_load_carrier,lpg_lng_tanker,offshore_supply,passenger_ship,pilot_port_tender,pleasure_craft,product_chemical_tanker,reefer_cargo,ro_ro_vehicle_carrier,sailing_vessel,ship_untyped,tug_towing"
Mombasa,S1C_IW_GRDH_1SDV_20251026T030348_20251026T030413_004727_009566_6FE4,VH,40,"bulk_carrier,container_ship,crude_oil_tanker,dredger,fishing_vessel,general_cargo,heavy_load_carrier,lpg_lng_tanker,offshore_supply,passenger_ship,pilot_port_tender,pleasure_craft,product_chemical_tanker,reefer_cargo,ro_ro_vehicle_carrier,sailing_vessel,ship_untyped,tug_towing"
Mombasa,S1C_IW_GRDH_1SDV_20251107T030348_20251107T030413_004902_009B16_327F,VH,29,"bulk_carrier,container_ship,crude_oil_tanker,dredger,fishing_vessel,general_cargo,heavy_load_carrier,lpg_lng_tanker,offshore_supply,passenger_ship,pilot_port_tender,pleasure_craft,product_chemical_tanker,reefer_cargo,ro_ro_vehicle_carrier,sailing_vessel,ship_untyped,tug_towing"
Mombasa,S1C_IW_GRDH_1SDV_20251201T030347_20251201T030412_005252_00A6CF_3A0E,VH,38,"bulk_carrier,container_ship,crude_oil_tanker,dredger,fishing_vessel,general_cargo,heavy_load_carrier,lpg_lng_tanker,offshore_supply,passenger_ship,pilot_port_tender,pleasure_craft,product_chemical_tanker,reefer_cargo,ro_ro_vehicle_carrier,sailing_vessel,ship_untyped,tug_towing"
Mombasa,S1A_IW_GRDH_1SDV_20250115T153906_20250115T153935_057456_071303_0ED7,VV,43,"bulk_carrier,container_ship,crude_oil_tanker,dredger,fishing_vessel,general_cargo,heavy_load_carrier,lpg_lng_tanker,offshore_supply,passenger_ship,pilot_port_tender,pleasure_craft,product_chemical_tanker,reefer_cargo,ro_ro_vehicle_carrier,sailing_vessel,ship_untyped,tug_towing"
Mombasa,S1A_IW_GRDH_1SDV_20250127T153906_20250127T153935_057631_0719FF_8570,VV,34,"bulk_carrier,container_ship,crude_oil_tanker,dredger,fishing_vessel,general_cargo,heavy_load_carrier,lpg_lng_tanker,offshore_supply,passenger_ship,pilot_port_tender,pleasure_craft,product_chemical_tanker,reefer_cargo,ro_ro_vehicle_carrier,sailing_vessel,ship_untyped,tug_towing"
Mombasa,S1A_IW_GRDH_1SDV_20250220T153905_20250220T153934_057981_0727FE_BF71,VV,29,"bulk_carrier,container_ship,crude_oil_tanker,dredger,fishing_vessel,general_cargo,heavy_load_carrier,lpg_lng_tanker,offshore_supply,passenger_ship,pilot_port_tender,pleasure_craft,product_chemical_tanker,reefer_cargo,ro_ro_vehicle_carrier,sailing_vessel,ship_untyped,tug_towing"
Mombasa,S1A_IW_GRDH_1SDV_20250316T153905_20250316T153934_058331_073622_85D9,VV,22,"bulk_carrier,container_ship,crude_oil_tanker,dredger,fishing_vessel,general_cargo,heavy_load_carrier,lpg_lng_tanker,offshore_supply,passenger_ship,pilot_port_tender,pleasure_craft,product_chemical_tanker,reefer_cargo,ro_ro_vehicle_carrier,sailing_vessel,ship_untyped,tug_towing"
Mombasa,S1A_IW_GRDH_1SDV_20250328T153905_20250328T153934_058506_073D15_583F,VV,35,"bulk_carrier,container_ship,crude_oil_tanker,dredger,fishing_vessel,general_cargo,heavy_load_carrier,lpg_lng_tanker,offshore_supply,passenger_ship,pilot_port_tender,pleasure_craft,product_chemical_tanker,reefer_cargo,ro_ro_vehicle_carrier,sailing_vessel,ship_untyped,tug_towing"
Mombasa,S1A_IW_GRDH_1SDV_20250421T153906_20250421T153935_058856_074B68_80A1,VV,21,"bulk_carrier,container_ship,crude_oil_tanker,dredger,fishing_vessel,general_cargo,heavy_load_carrier,lpg_lng_tanker,offshore_supply,passenger_ship,pilot_port_tender,pleasure_craft,product_chemical_tanker,reefer_cargo,ro_ro_vehicle_carrier,sailing_vessel,ship_untyped,tug_towing"
Mombasa,S1A_IW_GRDH_1SDV_20250515T153905_20250515T153934_059206_0758C3_2241,VV,65,"bulk_carrier,container_ship,crude_oil_tanker,dredger,fishing_vessel,general_cargo,heavy_load_carrier,lpg_lng_tanker,offshore_supply,passenger_ship,pilot_port_tender,pleasure_craft,product_chemical_tanker,reefer_cargo,ro_ro_vehicle_carrier,sailing_vessel,ship_untyped,tug_towing"
Mombasa,S1A_IW_GRDH_1SDV_20250527T153905_20250527T153934_059381_075EDC_EE48,VV,75,"bulk_carrier,container_ship,crude_oil_tanker,dredger,fishing_vessel,general_cargo,heavy_load_carrier,lpg_lng_tanker,offshore_supply,passenger_ship,pilot_port_tender,pleasure_craft,product_chemical_tanker,reefer_cargo,ro_ro_vehicle_carrier,sailing_vessel,ship_untyped,tug_towing"
Mombasa,S1A_IW_GRDH_1SDV_20250620T153903_20250620T153932_059731_076AE1_A027,VV,28,"bulk_carrier,container_ship,crude_oil_tanker,dredger,fishing_vessel,general_cargo,heavy_load_carrier,lpg_lng_tanker,offshore_supply,passenger_ship,pilot_port_tender,pleasure_craft,product_chemical_tanker,reefer_cargo,ro_ro_vehicle_carrier,sailing_vessel,ship_untyped,tug_towing"
Mombasa,S1A_IW_GRDH_1SDV_20250702T153903_20250702T153932_059906_0770FC_6D94,VV,23,"bulk_carrier,container_ship,crude_oil_tanker,dredger,fishing_vessel,general_cargo,heavy_load_carrier,lpg_lng_tanker,offshore_supply,passenger_ship,pilot_port_tender,pleasure_craft,product_chemical_tanker,reefer_cargo,ro_ro_vehicle_carrier,sailing_vessel,ship_untyped,tug_towing"
Mombasa,S1A_IW_GRDH_1SDV_20250714T153902_20250714T153931_060081_0776FF_25DB,VV,67,"bulk_carrier,container_ship,crude_oil_tanker,dredger,fishing_vessel,general_cargo,heavy_load_carrier,lpg_lng_tanker,offshore_supply,passenger_ship,pilot_port_tender,pleasure_craft,product_chemical_tanker,reefer_cargo,ro_ro_vehicle_carrier,sailing_vessel,ship_untyped,tug_towing"
Mombasa,S1A_IW_GRDH_1SDV_20250726T153902_20250726T153931_060256_077D04_0826,VV,51,"bulk_carrier,container_ship,crude_oil_tanker,dredger,fishing_vessel,general_cargo,heavy_load_carrier,lpg_lng_tanker,offshore_supply,passenger_ship,pilot_port_tender,pleasure_craft,product_chemical_tanker,reefer_cargo,ro_ro_vehicle_carrier,sailing_vessel,ship_untyped,tug_towing"
Mombasa,S1A_IW_GRDH_1SDV_20250819T153902_20250819T153931_060606_078A07_42F0,VV,40,"bulk_carrier,container_ship,crude_oil_tanker,dredger,fishing_vessel,general_cargo,heavy_load_carrier,lpg_lng_tanker,offshore_supply,passenger_ship,pilot_port_tender,pleasure_craft,product_chemical_tanker,reefer_cargo,ro_ro_vehicle_carrier,sailing_vessel,ship_untyped,tug_towing"
Mombasa,S1A_IW_GRDH_1SDV_20250831T153902_20250831T153931_060781_0790EA_0B81,VV,37,"bulk_carrier,container_ship,crude_oil_tanker,dredger,fishing_vessel,general_cargo,heavy_load_carrier,lpg_lng_tanker,offshore_supply,passenger_ship,pilot_port_tender,pleasure_craft,product_chemical_tanker,reefer_cargo,ro_ro_vehicle_carrier,sailing_vessel,ship_untyped,tug_towing"
Mombasa,S1A_IW_GRDH_1SDV_20250912T153902_20250912T153931_060956_0797E9_52CC,VV,115,"bulk_carrier,container_ship,crude_oil_tanker,dredger,fishing_vessel,general_cargo,heavy_load_carrier,lpg_lng_tanker,offshore_supply,passenger_ship,pilot_port_tender,pleasure_craft,product_chemical_tanker,reefer_cargo,ro_ro_vehicle_carrier,sailing_vessel,ship_untyped,tug_towing"
Mombasa,S1A_IW_GRDH_1SDV_20250924T153902_20250924T153931_061131_079EEF_95D2,VV,36,"bulk_carrier,container_ship,crude_oil_tanker,dredger,fishing_vessel,general_cargo,heavy_load_carrier,lpg_lng_tanker,offshore_supply,passenger_ship,pilot_port_tender,pleasure_craft,product_chemical_tanker,reefer_cargo,ro_ro_vehicle_carrier,sailing_vessel,ship_untyped,tug_towing"
Mombasa,S1A_IW_GRDH_1SDV_20251006T153903_20251006T153932_061306_07A5FE_9B54,VV,41,"bulk_carrier,container_ship,crude_oil_tanker,dredger,fishing_vessel,general_cargo,heavy_load_carrier,lpg_lng_tanker,offshore_supply,passenger_ship,pilot_port_tender,pleasure_craft,product_chemical_tanker,reefer_cargo,ro_ro_vehicle_carrier,sailing_vessel,ship_untyped,tug_towing"
Mombasa,S1A_IW_GRDH_1SDV_20251018T153903_20251018T153932_061481_07AD03_B243,VV,43,"bulk_carrier,container_ship,crude_oil_tanker,dredger,fishing_vessel,general_cargo,heavy_load_carrier,lpg_lng_tanker,offshore_supply,passenger_ship,pilot_port_tender,pleasure_craft,product_chemical_tanker,reefer_cargo,ro_ro_vehicle_carrier,sailing_vessel,ship_untyped,tug_towing"
Mombasa,S1A_IW_GRDH_1SDV_20251030T153902_20251030T153931_061656_07B411_FB08,VV,60,"bulk_carrier,container_ship,crude_oil_tanker,dredger,fishing_vessel,general_cargo,heavy_load_carrier,lpg_lng_tanker,offshore_supply,passenger_ship,pilot_port_tender,pleasure_craft,product_chemical_tanker,reefer_cargo,ro_ro_vehicle_carrier,sailing_vessel,ship_untyped,tug_towing"
Mombasa,S1C_IW_GRDH_1SDV_20250920T030348_20250920T030413_004202_008573_E1A5,VV,85,"bulk_carrier,container_ship,crude_oil_tanker,dredger,fishing_vessel,general_cargo,heavy_load_carrier,lpg_lng_tanker,offshore_supply,passenger_ship,pilot_port_tender,pleasure_craft,product_chemical_tanker,reefer_cargo,ro_ro_vehicle_carrier,sailing_vessel,ship_untyped,tug_towing"
Mombasa,S1C_IW_GRDH_1SDV_20251026T030348_20251026T030413_004727_009566_6FE4,VV,89,"bulk_carrier,container_ship,crude_oil_tanker,dredger,fishing_vessel,general_cargo,heavy_load_carrier,lpg_lng_tanker,offshore_supply,passenger_ship,pilot_port_tender,pleasure_craft,product_chemical_tanker,reefer_cargo,ro_ro_vehicle_carrier,sailing_vessel,ship_untyped,tug_towing"
Mombasa,S1C_IW_GRDH_1SDV_20251107T030348_20251107T030413_004902_009B16_327F,VV,50,"bulk_carrier,container_ship,crude_oil_tanker,dredger,fishing_vessel,general_cargo,heavy_load_carrier,lpg_lng_tanker,offshore_supply,passenger_ship,pilot_port_tender,pleasure_craft,product_chemical_tanker,reefer_cargo,ro_ro_vehicle_carrier,sailing_vessel,ship_untyped,tug_towing"
Mombasa,S1C_IW_GRDH_1SDV_20251201T030347_20251201T030412_005252_00A6CF_3A0E,VV,79,"bulk_carrier,container_ship,crude_oil_tanker,dredger,fishing_vessel,general_cargo,heavy_load_carrier,lpg_lng_tanker,offshore_supply,passenger_ship,pilot_port_tender,pleasure_craft,product_chemical_tanker,reefer_cargo,ro_ro_vehicle_carrier,sailing_vessel,ship_untyped,tug_towing"
New York,S1A_IW_GRDH_1SDV_20250211T225059_20250211T225124_057855_0722DE_45FE,VH,104,"bulk_carrier,container_ship,crude_oil_tanker,dredger,fishing_vessel,general_cargo,heavy_load_carrier,lpg_lng_tanker,offshore_supply,passenger_ship,pilot_port_tender,pleasure_craft,product_chemical_tanker,reefer_cargo,ro_ro_vehicle_carrier,sailing_vessel,ship_untyped,tug_towing"
New York,S1A_IW_GRDH_1SDV_20251126T225109_20251126T225134_062055_07C38B_B529,VH,206,"bulk_carrier,container_ship,crude_oil_tanker,dredger,fishing_vessel,general_cargo,heavy_load_carrier,lpg_lng_tanker,offshore_supply,passenger_ship,pilot_port_tender,pleasure_craft,product_chemical_tanker,reefer_cargo,ro_ro_vehicle_carrier,sailing_vessel,ship_untyped,tug_towing"
New York,S1A_IW_GRDH_1SDV_20250211T225059_20250211T225124_057855_0722DE_45FE,VV,254,"bulk_carrier,container_ship,crude_oil_tanker,dredger,fishing_vessel,general_cargo,heavy_load_carrier,lpg_lng_tanker,offshore_supply,passenger_ship,pilot_port_tender,pleasure_craft,product_chemical_tanker,reefer_cargo,ro_ro_vehicle_carrier,sailing_vessel,ship_untyped,tug_towing"
New York,S1A_IW_GRDH_1SDV_20251126T225109_20251126T225134_062055_07C38B_B529,VV,665,"bulk_carrier,container_ship,crude_oil_tanker,dredger,fishing_vessel,general_cargo,heavy_load_carrier,lpg_lng_tanker,offshore_supply,passenger_ship,pilot_port_tender,pleasure_craft,product_chemical_tanker,reefer_cargo,ro_ro_vehicle_carrier,sailing_vessel,ship_untyped,tug_towing"
Newcastle,S1A_IW_GRDH_1SDV_20250121T190730_20250121T190755_057546_07169B_6835,VH,56,"bulk_carrier,container_ship,crude_oil_tanker,dredger,fishing_vessel,general_cargo,heavy_load_carrier,lpg_lng_tanker,offshore_supply,passenger_ship,pilot_port_tender,pleasure_craft,product_chemical_tanker,reefer_cargo,ro_ro_vehicle_carrier,sailing_vessel,ship_untyped,tug_towing"
Newcastle,S1A_IW_GRDH_1SDV_20250126T191540_20250126T191605_057619_07197E_F97F,VH,19,"bulk_carrier,container_ship,crude_oil_tanker,dredger,fishing_vessel,general_cargo,heavy_load_carrier,lpg_lng_tanker,offshore_supply,passenger_ship,pilot_port_tender,pleasure_craft,product_chemical_tanker,reefer_cargo,ro_ro_vehicle_carrier,sailing_vessel,ship_untyped,tug_towing"
Newcastle,S1A_IW_GRDH_1SDV_20250219T191539_20250219T191604_057969_072771_AEEC,VH,22,"bulk_carrier,container_ship,crude_oil_tanker,dredger,fishing_vessel,general_cargo,heavy_load_carrier,lpg_lng_tanker,offshore_supply,passenger_ship,pilot_port_tender,pleasure_craft,product_chemical_tanker,reefer_cargo,ro_ro_vehicle_carrier,sailing_vessel,ship_untyped,tug_towing"
Newcastle,S1A_IW_GRDH_1SDV_20250315T191539_20250315T191604_058319_0735A5_19A8,VH,21,"bulk_carrier,container_ship,crude_oil_tanker,dredger,fishing_vessel,general_cargo,heavy_load_carrier,lpg_lng_tanker,offshore_supply,passenger_ship,pilot_port_tender,pleasure_craft,product_chemical_tanker,reefer_cargo,ro_ro_vehicle_carrier,sailing_vessel,ship_untyped,tug_towing"
Newcastle,S1A_IW_GRDH_1SDV_20250514T191539_20250514T191604_059194_07585D_32C0,VH,36,"bulk_carrier,container_ship,crude_oil_tanker,dredger,fishing_vessel,general_cargo,heavy_load_carrier,lpg_lng_tanker,offshore_supply,passenger_ship,pilot_port_tender,pleasure_craft,product_chemical_tanker,reefer_cargo,ro_ro_vehicle_carrier,sailing_vessel,ship_untyped,tug_towing"
Newcastle,S1A_IW_GRDH_1SDV_20250619T191537_20250619T191602_059719_076A71_A28F,VH,39,"bulk_carrier,container_ship,crude_oil_tanker,dredger,fishing_vessel,general_cargo,heavy_load_carrier,lpg_lng_tanker,offshore_supply,passenger_ship,pilot_port_tender,pleasure_craft,product_chemical_tanker,reefer_cargo,ro_ro_vehicle_carrier,sailing_vessel,ship_untyped,tug_towing"
Newcastle,S1A_IW_GRDH_1SDV_20250806T191536_20250806T191601_060419_0782A5_AF18,VH,21,"bulk_carrier,container_ship,crude_oil_tanker,dredger,fishing_vessel,general_cargo,heavy_load_carrier,lpg_lng_tanker,offshore_supply,passenger_ship,pilot_port_tender,pleasure_craft,product_chemical_tanker,reefer_cargo,ro_ro_vehicle_carrier,sailing_vessel,ship_untyped,tug_towing"
Newcastle,S1A_IW_GRDH_1SDV_20251017T191537_20251017T191602_061469_07AC87_CC33,VH,27,"bulk_carrier,container_ship,crude_oil_tanker,dredger,fishing_vessel,general_cargo,heavy_load_carrier,lpg_lng_tanker,offshore_supply,passenger_ship,pilot_port_tender,pleasure_craft,product_chemical_tanker,reefer_cargo,ro_ro_vehicle_carrier,sailing_vessel,ship_untyped,tug_towing"
Newcastle,S1A_IW_GRDH_1SDV_20251029T191536_20251029T191601_061644_07B393_8142,VH,16,"bulk_carrier,container_ship,crude_oil_tanker,dredger,fishing_vessel,general_cargo,heavy_load_carrier,lpg_lng_tanker,offshore_supply,passenger_ship,pilot_port_tender,pleasure_craft,product_chemical_tanker,reefer_cargo,ro_ro_vehicle_carrier,sailing_vessel,ship_untyped,tug_towing"
Newcastle,S1A_IW_GRDH_1SDV_20251110T191536_20251110T191601_061819_07BA62_4077,VH,37,"bulk_carrier,container_ship,crude_oil_tanker,dredger,fishing_vessel,general_cargo,heavy_load_carrier,lpg_lng_tanker,offshore_supply,passenger_ship,pilot_port_tender,pleasure_craft,product_chemical_tanker,reefer_cargo,ro_ro_vehicle_carrier,sailing_vessel,ship_untyped,tug_towing"
Newcastle,S1A_IW_GRDH_1SDV_20251204T191534_20251204T191559_062169_07C80B_6F85,VH,16,"bulk_carrier,container_ship,crude_oil_tanker,dredger,fishing_vessel,general_cargo,heavy_load_carrier,lpg_lng_tanker,offshore_supply,passenger_ship,pilot_port_tender,pleasure_craft,product_chemical_tanker,reefer_cargo,ro_ro_vehicle_carrier,sailing_vessel,ship_untyped,tug_towing"
Newcastle,S1C_IW_GRDH_1SDV_20250813T062133_20250813T062158_003650_0074D4_BCC0,VH,410,"bulk_carrier,container_ship,crude_oil_tanker,dredger,fishing_vessel,general_cargo,heavy_load_carrier,lpg_lng_tanker,offshore_supply,passenger_ship,pilot_port_tender,pleasure_craft,product_chemical_tanker,reefer_cargo,ro_ro_vehicle_carrier,sailing_vessel,ship_untyped,tug_towing"
Newcastle,S1A_IW_GRDH_1SDV_20250121T190730_20250121T190755_057546_07169B_6835,VV,65,"bulk_carrier,container_ship,crude_oil_tanker,dredger,fishing_vessel,general_cargo,heavy_load_carrier,lpg_lng_tanker,offshore_supply,passenger_ship,pilot_port_tender,pleasure_craft,product_chemical_tanker,reefer_cargo,ro_ro_vehicle_carrier,sailing_vessel,ship_untyped,tug_towing"
Newcastle,S1A_IW_GRDH_1SDV_20250126T191540_20250126T191605_057619_07197E_F97F,VV,42,"bulk_carrier,container_ship,crude_oil_tanker,dredger,fishing_vessel,general_cargo,heavy_load_carrier,lpg_lng_tanker,offshore_supply,passenger_ship,pilot_port_tender,pleasure_craft,product_chemical_tanker,reefer_cargo,ro_ro_vehicle_carrier,sailing_vessel,ship_untyped,tug_towing"
Newcastle,S1A_IW_GRDH_1SDV_20250219T191539_20250219T191604_057969_072771_AEEC,VV,41,"bulk_carrier,container_ship,crude_oil_tanker,dredger,fishing_vessel,general_cargo,heavy_load_carrier,lpg_lng_tanker,offshore_supply,passenger_ship,pilot_port_tender,pleasure_craft,product_chemical_tanker,reefer_cargo,ro_ro_vehicle_carrier,sailing_vessel,ship_untyped,tug_towing"
Newcastle,S1A_IW_GRDH_1SDV_20250315T191539_20250315T191604_058319_0735A5_19A8,VV,47,"bulk_carrier,container_ship,crude_oil_tanker,dredger,fishing_vessel,general_cargo,heavy_load_carrier,lpg_lng_tanker,offshore_supply,passenger_ship,pilot_port_tender,pleasure_craft,product_chemical_tanker,reefer_cargo,ro_ro_vehicle_carrier,sailing_vessel,ship_untyped,tug_towing"
Newcastle,S1A_IW_GRDH_1SDV_20250514T191539_20250514T191604_059194_07585D_32C0,VV,48,"bulk_carrier,container_ship,crude_oil_tanker,dredger,fishing_vessel,general_cargo,heavy_load_carrier,lpg_lng_tanker,offshore_supply,passenger_ship,pilot_port_tender,pleasure_craft,product_chemical_tanker,reefer_cargo,ro_ro_vehicle_carrier,sailing_vessel,ship_untyped,tug_towing"
Newcastle,S1A_IW_GRDH_1SDV_20250619T191537_20250619T191602_059719_076A71_A28F,VV,62,"bulk_carrier,container_ship,crude_oil_tanker,dredger,fishing_vessel,general_cargo,heavy_load_carrier,lpg_lng_tanker,offshore_supply,passenger_ship,pilot_port_tender,pleasure_craft,product_chemical_tanker,reefer_cargo,ro_ro_vehicle_carrier,sailing_vessel,ship_untyped,tug_towing"
Newcastle,S1A_IW_GRDH_1SDV_20250806T191536_20250806T191601_060419_0782A5_AF18,VV,18,"bulk_carrier,container_ship,crude_oil_tanker,dredger,fishing_vessel,general_cargo,heavy_load_carrier,lpg_lng_tanker,offshore_supply,passenger_ship,pilot_port_tender,pleasure_craft,product_chemical_tanker,reefer_cargo,ro_ro_vehicle_carrier,sailing_vessel,ship_untyped,tug_towing"
Newcastle,S1A_IW_GRDH_1SDV_20251017T191537_20251017T191602_061469_07AC87_CC33,VV,29,"bulk_carrier,container_ship,crude_oil_tanker,dredger,fishing_vessel,general_cargo,heavy_load_carrier,lpg_lng_tanker,offshore_supply,passenger_ship,pilot_port_tender,pleasure_craft,product_chemical_tanker,reefer_cargo,ro_ro_vehicle_carrier,sailing_vessel,ship_untyped,tug_towing"
Newcastle,S1A_IW_GRDH_1SDV_20251029T191536_20251029T191601_061644_07B393_8142,VV,19,"bulk_carrier,container_ship,crude_oil_tanker,dredger,fishing_vessel,general_cargo,heavy_load_carrier,lpg_lng_tanker,offshore_supply,passenger_ship,pilot_port_tender,pleasure_craft,product_chemical_tanker,reefer_cargo,ro_ro_vehicle_carrier,sailing_vessel,ship_untyped,tug_towing"
Newcastle,S1A_IW_GRDH_1SDV_20251110T191536_20251110T191601_061819_07BA62_4077,VV,39,"bulk_carrier,container_ship,crude_oil_tanker,dredger,fishing_vessel,general_cargo,heavy_load_carrier,lpg_lng_tanker,offshore_supply,passenger_ship,pilot_port_tender,pleasure_craft,product_chemical_tanker,reefer_cargo,ro_ro_vehicle_carrier,sailing_vessel,ship_untyped,tug_towing"
Newcastle,S1A_IW_GRDH_1SDV_20251204T191534_20251204T191559_062169_07C80B_6F85,VV,23,"bulk_carrier,container_ship,crude_oil_tanker,dredger,fishing_vessel,general_cargo,heavy_load_carrier,lpg_lng_tanker,offshore_supply,passenger_ship,pilot_port_tender,pleasure_craft,product_chemical_tanker,reefer_cargo,ro_ro_vehicle_carrier,sailing_vessel,ship_untyped,tug_towing"
Newcastle,S1C_IW_GRDH_1SDV_20250813T062133_20250813T062158_003650_0074D4_BCC0,VV,430,"bulk_carrier,container_ship,crude_oil_tanker,dredger,fishing_vessel,general_cargo,heavy_load_carrier,lpg_lng_tanker,offshore_supply,passenger_ship,pilot_port_tender,pleasure_craft,product_chemical_tanker,reefer_cargo,ro_ro_vehicle_carrier,sailing_vessel,ship_untyped,tug_towing"
Ningbo-Zhoushan,S1A_IW_GRDH_1SDV_20250703T095436_20250703T095501_059918_07715F_4982,VH,990,"bulk_carrier,container_ship,crude_oil_tanker,dredger,fishing_vessel,general_cargo,heavy_load_carrier,lpg_lng_tanker,offshore_supply,passenger_ship,pilot_port_tender,pleasure_craft,product_chemical_tanker,reefer_cargo,ro_ro_vehicle_carrier,sailing_vessel,ship_untyped,tug_towing"
Ningbo-Zhoushan,S1A_IW_GRDH_1SDV_20251230T095431_20251230T095456_062543_07D685_F009,VH,1097,"bulk_carrier,container_ship,crude_oil_tanker,dredger,fishing_vessel,general_cargo,heavy_load_carrier,lpg_lng_tanker,offshore_supply,passenger_ship,pilot_port_tender,pleasure_craft,product_chemical_tanker,reefer_cargo,ro_ro_vehicle_carrier,sailing_vessel,ship_untyped,tug_towing"
Ningbo-Zhoushan,S1A_IW_GRDH_1SDV_20250703T095436_20250703T095501_059918_07715F_4982,VV,1553,"bulk_carrier,container_ship,crude_oil_tanker,dredger,fishing_vessel,general_cargo,heavy_load_carrier,lpg_lng_tanker,offshore_supply,passenger_ship,pilot_port_tender,pleasure_craft,product_chemical_tanker,reefer_cargo,ro_ro_vehicle_carrier,sailing_vessel,ship_untyped,tug_towing"
Ningbo-Zhoushan,S1A_IW_GRDH_1SDV_20251230T095431_20251230T095456_062543_07D685_F009,VV,991,"bulk_carrier,container_ship,crude_oil_tanker,dredger,fishing_vessel,general_cargo,heavy_load_carrier,lpg_lng_tanker,offshore_supply,passenger_ship,pilot_port_tender,pleasure_craft,product_chemical_tanker,reefer_cargo,ro_ro_vehicle_carrier,sailing_vessel,ship_untyped,tug_towing"
Port Hedland,S1C_IW_GRDH_1SDV_20250614T213050_20250614T213119_002784_005B97_D06D,VH,96,"bulk_carrier,container_ship,crude_oil_tanker,dredger,fishing_vessel,general_cargo,heavy_load_carrier,lpg_lng_tanker,offshore_supply,passenger_ship,pilot_port_tender,pleasure_craft,product_chemical_tanker,reefer_cargo,ro_ro_vehicle_carrier,sailing_vessel,ship_untyped,tug_towing"
Port Hedland,S1C_IW_GRDH_1SDV_20250813T213053_20250813T213122_003659_00751A_DBC8,VH,88,"bulk_carrier,container_ship,crude_oil_tanker,dredger,fishing_vessel,general_cargo,heavy_load_carrier,lpg_lng_tanker,offshore_supply,passenger_ship,pilot_port_tender,pleasure_craft,product_chemical_tanker,reefer_cargo,ro_ro_vehicle_carrier,sailing_vessel,ship_untyped,tug_towing"
Port Hedland,S1C_IW_GRDH_1SDV_20251024T213054_20251024T213124_004709_0094E0_DB1C,VH,88,"bulk_carrier,container_ship,crude_oil_tanker,dredger,fishing_vessel,general_cargo,heavy_load_carrier,lpg_lng_tanker,offshore_supply,passenger_ship,pilot_port_tender,pleasure_craft,product_chemical_tanker,reefer_cargo,ro_ro_vehicle_carrier,sailing_vessel,ship_untyped,tug_towing"
Port Hedland,S1C_IW_GRDH_1SDV_20251105T213054_20251105T213124_004884_009A7D_8FDC,VH,104,"bulk_carrier,container_ship,crude_oil_tanker,dredger,fishing_vessel,general_cargo,heavy_load_carrier,lpg_lng_tanker,offshore_supply,passenger_ship,pilot_port_tender,pleasure_craft,product_chemical_tanker,reefer_cargo,ro_ro_vehicle_carrier,sailing_vessel,ship_untyped,tug_towing"
Port Hedland,S1C_IW_GRDH_1SDV_20251117T213054_20251117T213123_005059_00A05C_1C3A,VH,61,"bulk_carrier,container_ship,crude_oil_tanker,dredger,fishing_vessel,general_cargo,heavy_load_carrier,lpg_lng_tanker,offshore_supply,passenger_ship,pilot_port_tender,pleasure_craft,product_chemical_tanker,reefer_cargo,ro_ro_vehicle_carrier,sailing_vessel,ship_untyped,tug_towing"
Port Hedland,S1C_IW_GRDH_1SDV_20251129T213053_20251129T213123_005234_00A63B_63CD,VH,53,"bulk_carrier,container_ship,crude_oil_tanker,dredger,fishing_vessel,general_cargo,heavy_load_carrier,lpg_lng_tanker,offshore_supply,passenger_ship,pilot_port_tender,pleasure_craft,product_chemical_tanker,reefer_cargo,ro_ro_vehicle_carrier,sailing_vessel,ship_untyped,tug_towing"
Port Hedland,S1C_IW_GRDH_1SDV_20251211T213053_20251211T213122_005409_00AC3F_40F8,VH,61,"bulk_carrier,container_ship,crude_oil_tanker,dredger,fishing_vessel,general_cargo,heavy_load_carrier,lpg_lng_tanker,offshore_supply,passenger_ship,pilot_port_tender,pleasure_craft,product_chemical_tanker,reefer_cargo,ro_ro_vehicle_carrier,sailing_vessel,ship_untyped,tug_towing"
Port Hedland,S1C_IW_GRDH_1SDV_20251223T213052_20251223T213121_005584_00B23E_FFF7,VH,93,"bulk_carrier,container_ship,crude_oil_tanker,dredger,fishing_vessel,general_cargo,heavy_load_carrier,lpg_lng_tanker,offshore_supply,passenger_ship,pilot_port_tender,pleasure_craft,product_chemical_tanker,reefer_cargo,ro_ro_vehicle_carrier,sailing_vessel,ship_untyped,tug_towing"
Port Hedland,S1C_IW_GRDH_1SDV_20250614T213050_20250614T213119_002784_005B97_D06D,VV,150,"bulk_carrier,container_ship,crude_oil_tanker,dredger,fishing_vessel,general_cargo,heavy_load_carrier,lpg_lng_tanker,offshore_supply,passenger_ship,pilot_port_tender,pleasure_craft,product_chemical_tanker,reefer_cargo,ro_ro_vehicle_carrier,sailing_vessel,ship_untyped,tug_towing"
Port Hedland,S1C_IW_GRDH_1SDV_20250813T213053_20250813T213122_003659_00751A_DBC8,VV,136,"bulk_carrier,container_ship,crude_oil_tanker,dredger,fishing_vessel,general_cargo,heavy_load_carrier,lpg_lng_tanker,offshore_supply,passenger_ship,pilot_port_tender,pleasure_craft,product_chemical_tanker,reefer_cargo,ro_ro_vehicle_carrier,sailing_vessel,ship_untyped,tug_towing"
Port Hedland,S1C_IW_GRDH_1SDV_20251024T213054_20251024T213124_004709_0094E0_DB1C,VV,102,"bulk_carrier,container_ship,crude_oil_tanker,dredger,fishing_vessel,general_cargo,heavy_load_carrier,lpg_lng_tanker,offshore_supply,passenger_ship,pilot_port_tender,pleasure_craft,product_chemical_tanker,reefer_cargo,ro_ro_vehicle_carrier,sailing_vessel,ship_untyped,tug_towing"
Port Hedland,S1C_IW_GRDH_1SDV_20251105T213054_20251105T213124_004884_009A7D_8FDC,VV,116,"bulk_carrier,container_ship,crude_oil_tanker,dredger,fishing_vessel,general_cargo,heavy_load_carrier,lpg_lng_tanker,offshore_supply,passenger_ship,pilot_port_tender,pleasure_craft,product_chemical_tanker,reefer_cargo,ro_ro_vehicle_carrier,sailing_vessel,ship_untyped,tug_towing"
Port Hedland,S1C_IW_GRDH_1SDV_20251117T213054_20251117T213123_005059_00A05C_1C3A,VV,61,"bulk_carrier,container_ship,crude_oil_tanker,dredger,fishing_vessel,general_cargo,heavy_load_carrier,lpg_lng_tanker,offshore_supply,passenger_ship,pilot_port_tender,pleasure_craft,product_chemical_tanker,reefer_cargo,ro_ro_vehicle_carrier,sailing_vessel,ship_untyped,tug_towing"
Port Hedland,S1C_IW_GRDH_1SDV_20251129T213053_20251129T213123_005234_00A63B_63CD,VV,64,"bulk_carrier,container_ship,crude_oil_tanker,dredger,fishing_vessel,general_cargo,heavy_load_carrier,lpg_lng_tanker,offshore_supply,passenger_ship,pilot_port_tender,pleasure_craft,product_chemical_tanker,reefer_cargo,ro_ro_vehicle_carrier,sailing_vessel,ship_untyped,tug_towing"
Port Hedland,S1C_IW_GRDH_1SDV_20251211T213053_20251211T213122_005409_00AC3F_40F8,VV,75,"bulk_carrier,container_ship,crude_oil_tanker,dredger,fishing_vessel,general_cargo,heavy_load_carrier,lpg_lng_tanker,offshore_supply,passenger_ship,pilot_port_tender,pleasure_craft,product_chemical_tanker,reefer_cargo,ro_ro_vehicle_carrier,sailing_vessel,ship_untyped,tug_towing"
Port Hedland,S1C_IW_GRDH_1SDV_20251223T213052_20251223T213121_005584_00B23E_FFF7,VV,116,"bulk_carrier,container_ship,crude_oil_tanker,dredger,fishing_vessel,general_cargo,heavy_load_carrier,lpg_lng_tanker,offshore_supply,passenger_ship,pilot_port_tender,pleasure_craft,product_chemical_tanker,reefer_cargo,ro_ro_vehicle_carrier,sailing_vessel,ship_untyped,tug_towing"
Port Klang,S1A_IW_GRDH_1SDV_20250310T113410_20250310T113435_058242_07329D_6109,VH,342,"bulk_carrier,container_ship,crude_oil_tanker,dredger,fishing_vessel,general_cargo,heavy_load_carrier,lpg_lng_tanker,offshore_supply,passenger_ship,pilot_port_tender,pleasure_craft,product_chemical_tanker,reefer_cargo,ro_ro_vehicle_carrier,sailing_vessel,ship_untyped,tug_towing"
Port Klang,S1A_IW_GRDH_1SDV_20250626T113408_20250626T113433_059817_076DDC_1C20,VH,280,"bulk_carrier,container_ship,crude_oil_tanker,dredger,fishing_vessel,general_cargo,heavy_load_carrier,lpg_lng_tanker,offshore_supply,passenger_ship,pilot_port_tender,pleasure_craft,product_chemical_tanker,reefer_cargo,ro_ro_vehicle_carrier,sailing_vessel,ship_untyped,tug_towing"
Port Klang,S1A_IW_GRDH_1SDV_20250708T113408_20250708T113433_059992_0773EA_C045,VH,313,"bulk_carrier,container_ship,crude_oil_tanker,dredger,fishing_vessel,general_cargo,heavy_load_carrier,lpg_lng_tanker,offshore_supply,passenger_ship,pilot_port_tender,pleasure_craft,product_chemical_tanker,reefer_cargo,ro_ro_vehicle_carrier,sailing_vessel,ship_untyped,tug_towing"
Port Klang,S1A_IW_GRDH_1SDV_20250720T113407_20250720T113432_060167_0779EF_8B2D,VH,314,"bulk_carrier,container_ship,crude_oil_tanker,dredger,fishing_vessel,general_cargo,heavy_load_carrier,lpg_lng_tanker,offshore_supply,passenger_ship,pilot_port_tender,pleasure_craft,product_chemical_tanker,reefer_cargo,ro_ro_vehicle_carrier,sailing_vessel,ship_untyped,tug_towing"
Port Klang,S1A_IW_GRDH_1SDV_20250813T113407_20250813T113432_060517_078680_45FA,VH,376,"bulk_carrier,container_ship,crude_oil_tanker,dredger,fishing_vessel,general_cargo,heavy_load_carrier,lpg_lng_tanker,offshore_supply,passenger_ship,pilot_port_tender,pleasure_craft,product_chemical_tanker,reefer_cargo,ro_ro_vehicle_carrier,sailing_vessel,ship_untyped,tug_towing"
Port Klang,S1A_IW_GRDH_1SDV_20250930T113407_20250930T113432_061217_07A26A_3C89,VH,306,"bulk_carrier,container_ship,crude_oil_tanker,dredger,fishing_vessel,general_cargo,heavy_load_carrier,lpg_lng_tanker,offshore_supply,passenger_ship,pilot_port_tender,pleasure_craft,product_chemical_tanker,reefer_cargo,ro_ro_vehicle_carrier,sailing_vessel,ship_untyped,tug_towing"
Port Klang,S1A_IW_GRDH_1SDV_20251012T113408_20251012T113433_061392_07A972_E193,VH,315,"bulk_carrier,container_ship,crude_oil_tanker,dredger,fishing_vessel,general_cargo,heavy_load_carrier,lpg_lng_tanker,offshore_supply,passenger_ship,pilot_port_tender,pleasure_craft,product_chemical_tanker,reefer_cargo,ro_ro_vehicle_carrier,sailing_vessel,ship_untyped,tug_towing"
Port Klang,S1A_IW_GRDH_1SDV_20251129T113406_20251129T113431_062092_07C503_6B6D,VH,372,"bulk_carrier,container_ship,crude_oil_tanker,dredger,fishing_vessel,general_cargo,heavy_load_carrier,lpg_lng_tanker,offshore_supply,passenger_ship,pilot_port_tender,pleasure_craft,product_chemical_tanker,reefer_cargo,ro_ro_vehicle_carrier,sailing_vessel,ship_untyped,tug_towing"
Port Klang,S1A_IW_GRDH_1SDV_20251211T113405_20251211T113430_062267_07CBD7_A7ED,VH,336,"bulk_carrier,container_ship,crude_oil_tanker,dredger,fishing_vessel,general_cargo,heavy_load_carrier,lpg_lng_tanker,offshore_supply,passenger_ship,pilot_port_tender,pleasure_craft,product_chemical_tanker,reefer_cargo,ro_ro_vehicle_carrier,sailing_vessel,ship_untyped,tug_towing"
Port Klang,S1A_IW_GRDH_1SDV_20251223T113403_20251223T113428_062442_07D2AB_3284,VH,329,"bulk_carrier,container_ship,crude_oil_tanker,dredger,fishing_vessel,general_cargo,heavy_load_carrier,lpg_lng_tanker,offshore_supply,passenger_ship,pilot_port_tender,pleasure_craft,product_chemical_tanker,reefer_cargo,ro_ro_vehicle_carrier,sailing_vessel,ship_untyped,tug_towing"
Port Klang,S1A_IW_GRDH_1SDV_20260104T113402_20260104T113427_062617_07D969_8415,VH,382,"bulk_carrier,container_ship,crude_oil_tanker,dredger,fishing_vessel,general_cargo,heavy_load_carrier,lpg_lng_tanker,offshore_supply,passenger_ship,pilot_port_tender,pleasure_craft,product_chemical_tanker,reefer_cargo,ro_ro_vehicle_carrier,sailing_vessel,ship_untyped,tug_towing"
Port Klang,S1A_IW_GRDH_1SDV_20250310T113410_20250310T113435_058242_07329D_6109,VV,485,"bulk_carrier,container_ship,crude_oil_tanker,dredger,fishing_vessel,general_cargo,heavy_load_carrier,lpg_lng_tanker,offshore_supply,passenger_ship,pilot_port_tender,pleasure_craft,product_chemical_tanker,reefer_cargo,ro_ro_vehicle_carrier,sailing_vessel,ship_untyped,tug_towing"
Port Klang,S1A_IW_GRDH_1SDV_20250626T113408_20250626T113433_059817_076DDC_1C20,VV,289,"bulk_carrier,container_ship,crude_oil_tanker,dredger,fishing_vessel,general_cargo,heavy_load_carrier,lpg_lng_tanker,offshore_supply,passenger_ship,pilot_port_tender,pleasure_craft,product_chemical_tanker,reefer_cargo,ro_ro_vehicle_carrier,sailing_vessel,ship_untyped,tug_towing"
Port Klang,S1A_IW_GRDH_1SDV_20250708T113408_20250708T113433_059992_0773EA_C045,VV,324,"bulk_carrier,container_ship,crude_oil_tanker,dredger,fishing_vessel,general_cargo,heavy_load_carrier,lpg_lng_tanker,offshore_supply,passenger_ship,pilot_port_tender,pleasure_craft,product_chemical_tanker,reefer_cargo,ro_ro_vehicle_carrier,sailing_vessel,ship_untyped,tug_towing"
Port Klang,S1A_IW_GRDH_1SDV_20250720T113407_20250720T113432_060167_0779EF_8B2D,VV,342,"bulk_carrier,container_ship,crude_oil_tanker,dredger,fishing_vessel,general_cargo,heavy_load_carrier,lpg_lng_tanker,offshore_supply,passenger_ship,pilot_port_tender,pleasure_craft,product_chemical_tanker,reefer_cargo,ro_ro_vehicle_carrier,sailing_vessel,ship_untyped,tug_towing"
Port Klang,S1A_IW_GRDH_1SDV_20250813T113407_20250813T113432_060517_078680_45FA,VV,579,"bulk_carrier,container_ship,crude_oil_tanker,dredger,fishing_vessel,general_cargo,heavy_load_carrier,lpg_lng_tanker,offshore_supply,passenger_ship,pilot_port_tender,pleasure_craft,product_chemical_tanker,reefer_cargo,ro_ro_vehicle_carrier,sailing_vessel,ship_untyped,tug_towing"
Port Klang,S1A_IW_GRDH_1SDV_20250930T113407_20250930T113432_061217_07A26A_3C89,VV,322,"bulk_carrier,container_ship,crude_oil_tanker,dredger,fishing_vessel,general_cargo,heavy_load_carrier,lpg_lng_tanker,offshore_supply,passenger_ship,pilot_port_tender,pleasure_craft,product_chemical_tanker,reefer_cargo,ro_ro_vehicle_carrier,sailing_vessel,ship_untyped,tug_towing"
Port Klang,S1A_IW_GRDH_1SDV_20251012T113408_20251012T113433_061392_07A972_E193,VV,350,"bulk_carrier,container_ship,crude_oil_tanker,dredger,fishing_vessel,general_cargo,heavy_load_carrier,lpg_lng_tanker,offshore_supply,passenger_ship,pilot_port_tender,pleasure_craft,product_chemical_tanker,reefer_cargo,ro_ro_vehicle_carrier,sailing_vessel,ship_untyped,tug_towing"
Port Klang,S1A_IW_GRDH_1SDV_20251129T113406_20251129T113431_062092_07C503_6B6D,VV,396,"bulk_carrier,container_ship,crude_oil_tanker,dredger,fishing_vessel,general_cargo,heavy_load_carrier,lpg_lng_tanker,offshore_supply,passenger_ship,pilot_port_tender,pleasure_craft,product_chemical_tanker,reefer_cargo,ro_ro_vehicle_carrier,sailing_vessel,ship_untyped,tug_towing"
Port Klang,S1A_IW_GRDH_1SDV_20251211T113405_20251211T113430_062267_07CBD7_A7ED,VV,361,"bulk_carrier,container_ship,crude_oil_tanker,dredger,fishing_vessel,general_cargo,heavy_load_carrier,lpg_lng_tanker,offshore_supply,passenger_ship,pilot_port_tender,pleasure_craft,product_chemical_tanker,reefer_cargo,ro_ro_vehicle_carrier,sailing_vessel,ship_untyped,tug_towing"
Port Klang,S1A_IW_GRDH_1SDV_20251223T113403_20251223T113428_062442_07D2AB_3284,VV,372,"bulk_carrier,container_ship,crude_oil_tanker,dredger,fishing_vessel,general_cargo,heavy_load_carrier,lpg_lng_tanker,offshore_supply,passenger_ship,pilot_port_tender,pleasure_craft,product_chemical_tanker,reefer_cargo,ro_ro_vehicle_carrier,sailing_vessel,ship_untyped,tug_towing"
Port Klang,S1A_IW_GRDH_1SDV_20260104T113402_20260104T113427_062617_07D969_8415,VV,403,"bulk_carrier,container_ship,crude_oil_tanker,dredger,fishing_vessel,general_cargo,heavy_load_carrier,lpg_lng_tanker,offshore_supply,passenger_ship,pilot_port_tender,pleasure_craft,product_chemical_tanker,reefer_cargo,ro_ro_vehicle_carrier,sailing_vessel,ship_untyped,tug_towing"
Port Said,S1A_IW_GRDH_1SDV_20250317T035236_20250317T035301_058339_07366E_1A19,VH,261,"bulk_carrier,container_ship,crude_oil_tanker,dredger,fishing_vessel,general_cargo,heavy_load_carrier,lpg_lng_tanker,offshore_supply,passenger_ship,pilot_port_tender,pleasure_craft,product_chemical_tanker,reefer_cargo,ro_ro_vehicle_carrier,sailing_vessel,ship_untyped,tug_towing"
Port Said,S1A_IW_GRDH_1SDV_20250422T035237_20250422T035302_058864_074BB7_3AD7,VH,332,"bulk_carrier,container_ship,crude_oil_tanker,dredger,fishing_vessel,general_cargo,heavy_load_carrier,lpg_lng_tanker,offshore_supply,passenger_ship,pilot_port_tender,pleasure_craft,product_chemical_tanker,reefer_cargo,ro_ro_vehicle_carrier,sailing_vessel,ship_untyped,tug_towing"
Port Said,S1A_IW_GRDH_1SDV_20250504T035237_20250504T035302_059039_0752BC_810D,VH,300,"bulk_carrier,container_ship,crude_oil_tanker,dredger,fishing_vessel,general_cargo,heavy_load_carrier,lpg_lng_tanker,offshore_supply,passenger_ship,pilot_port_tender,pleasure_craft,product_chemical_tanker,reefer_cargo,ro_ro_vehicle_carrier,sailing_vessel,ship_untyped,tug_towing"
Port Said,S1A_IW_GRDH_1SDV_20250516T035237_20250516T035302_059214_07590C_1B74,VH,280,"bulk_carrier,container_ship,crude_oil_tanker,dredger,fishing_vessel,general_cargo,heavy_load_carrier,lpg_lng_tanker,offshore_supply,passenger_ship,pilot_port_tender,pleasure_craft,product_chemical_tanker,reefer_cargo,ro_ro_vehicle_carrier,sailing_vessel,ship_untyped,tug_towing"
Port Said,S1A_IW_GRDH_1SDV_20250528T035236_20250528T035301_059389_075F25_EDE8,VH,259,"bulk_carrier,container_ship,crude_oil_tanker,dredger,fishing_vessel,general_cargo,heavy_load_carrier,lpg_lng_tanker,offshore_supply,passenger_ship,pilot_port_tender,pleasure_craft,product_chemical_tanker,reefer_cargo,ro_ro_vehicle_carrier,sailing_vessel,ship_untyped,tug_towing"
Port Said,S1A_IW_GRDH_1SDV_20250609T035235_20250609T035300_059564_07651D_4100,VH,249,"bulk_carrier,container_ship,crude_oil_tanker,dredger,fishing_vessel,general_cargo,heavy_load_carrier,lpg_lng_tanker,offshore_supply,passenger_ship,pilot_port_tender,pleasure_craft,product_chemical_tanker,reefer_cargo,ro_ro_vehicle_carrier,sailing_vessel,ship_untyped,tug_towing"
Port Said,S1A_IW_GRDH_1SDV_20250621T035235_20250621T035300_059739_076B27_C979,VH,269,"bulk_carrier,container_ship,crude_oil_tanker,dredger,fishing_vessel,general_cargo,heavy_load_carrier,lpg_lng_tanker,offshore_supply,passenger_ship,pilot_port_tender,pleasure_craft,product_chemical_tanker,reefer_cargo,ro_ro_vehicle_carrier,sailing_vessel,ship_untyped,tug_towing"
Port Said,S1A_IW_GRDH_1SDV_20250703T035234_20250703T035259_059914_077140_7BD6,VH,275,"bulk_carrier,container_ship,crude_oil_tanker,dredger,fishing_vessel,general_cargo,heavy_load_carrier,lpg_lng_tanker,offshore_supply,passenger_ship,pilot_port_tender,pleasure_craft,product_chemical_tanker,reefer_cargo,ro_ro_vehicle_carrier,sailing_vessel,ship_untyped,tug_towing"
Port Said,S1A_IW_GRDH_1SDV_20250715T035234_20250715T035259_060089_077743_FB08,VH,291,"bulk_carrier,container_ship,crude_oil_tanker,dredger,fishing_vessel,general_cargo,heavy_load_carrier,lpg_lng_tanker,offshore_supply,passenger_ship,pilot_port_tender,pleasure_craft,product_chemical_tanker,reefer_cargo,ro_ro_vehicle_carrier,sailing_vessel,ship_untyped,tug_towing"
Port Said,S1A_IW_GRDH_1SDV_20250727T035233_20250727T035258_060264_077D47_F0A8,VH,276,"bulk_carrier,container_ship,crude_oil_tanker,dredger,fishing_vessel,general_cargo,heavy_load_carrier,lpg_lng_tanker,offshore_supply,passenger_ship,pilot_port_tender,pleasure_craft,product_chemical_tanker,reefer_cargo,ro_ro_vehicle_carrier,sailing_vessel,ship_untyped,tug_towing"
Port Said,S1A_IW_GRDH_1SDV_20250808T035233_20250808T035258_060439_078370_CD54,VH,279,"bulk_carrier,container_ship,crude_oil_tanker,dredger,fishing_vessel,general_cargo,heavy_load_carrier,lpg_lng_tanker,offshore_supply,passenger_ship,pilot_port_tender,pleasure_craft,product_chemical_tanker,reefer_cargo,ro_ro_vehicle_carrier,sailing_vessel,ship_untyped,tug_towing"
Port Said,S1A_IW_GRDH_1SDV_20250820T035233_20250820T035258_060614_078A53_5450,VH,266,"bulk_carrier,container_ship,crude_oil_tanker,dredger,fishing_vessel,general_cargo,heavy_load_carrier,lpg_lng_tanker,offshore_supply,passenger_ship,pilot_port_tender,pleasure_craft,product_chemical_tanker,reefer_cargo,ro_ro_vehicle_carrier,sailing_vessel,ship_untyped,tug_towing"
Port Said,S1A_IW_GRDH_1SDV_20250901T035233_20250901T035258_060789_079136_B324,VH,252,"bulk_carrier,container_ship,crude_oil_tanker,dredger,fishing_vessel,general_cargo,heavy_load_carrier,lpg_lng_tanker,offshore_supply,passenger_ship,pilot_port_tender,pleasure_craft,product_chemical_tanker,reefer_cargo,ro_ro_vehicle_carrier,sailing_vessel,ship_untyped,tug_towing"
Port Said,S1A_IW_GRDH_1SDV_20250913T035234_20250913T035259_060964_079836_C838,VH,257,"bulk_carrier,container_ship,crude_oil_tanker,dredger,fishing_vessel,general_cargo,heavy_load_carrier,lpg_lng_tanker,offshore_supply,passenger_ship,pilot_port_tender,pleasure_craft,product_chemical_tanker,reefer_cargo,ro_ro_vehicle_carrier,sailing_vessel,ship_untyped,tug_towing"
Port Said,S1A_IW_GRDH_1SDV_20250925T035234_20250925T035259_061139_079F3E_697B,VH,287,"bulk_carrier,container_ship,crude_oil_tanker,dredger,fishing_vessel,general_cargo,heavy_load_carrier,lpg_lng_tanker,offshore_supply,passenger_ship,pilot_port_tender,pleasure_craft,product_chemical_tanker,reefer_cargo,ro_ro_vehicle_carrier,sailing_vessel,ship_untyped,tug_towing"
Port Said,S1A_IW_GRDH_1SDV_20251007T035234_20251007T035259_061314_07A64B_B254,VH,289,"bulk_carrier,container_ship,crude_oil_tanker,dredger,fishing_vessel,general_cargo,heavy_load_carrier,lpg_lng_tanker,offshore_supply,passenger_ship,pilot_port_tender,pleasure_craft,product_chemical_tanker,reefer_cargo,ro_ro_vehicle_carrier,sailing_vessel,ship_untyped,tug_towing"
Port Said,S1A_IW_GRDH_1SDV_20251019T035234_20251019T035259_061489_07AD50_1AB6,VH,293,"bulk_carrier,container_ship,crude_oil_tanker,dredger,fishing_vessel,general_cargo,heavy_load_carrier,lpg_lng_tanker,offshore_supply,passenger_ship,pilot_port_tender,pleasure_craft,product_chemical_tanker,reefer_cargo,ro_ro_vehicle_carrier,sailing_vessel,ship_untyped,tug_towing"
Port Said,S1A_IW_GRDH_1SDV_20251112T035233_20251112T035258_061839_07BB21_91CA,VH,268,"bulk_carrier,container_ship,crude_oil_tanker,dredger,fishing_vessel,general_cargo,heavy_load_carrier,lpg_lng_tanker,offshore_supply,passenger_ship,pilot_port_tender,pleasure_craft,product_chemical_tanker,reefer_cargo,ro_ro_vehicle_carrier,sailing_vessel,ship_untyped,tug_towing"
Port Said,S1A_IW_GRDH_1SDV_20251124T035232_20251124T035257_062014_07C1F4_0DB0,VH,240,"bulk_carrier,container_ship,crude_oil_tanker,dredger,fishing_vessel,general_cargo,heavy_load_carrier,lpg_lng_tanker,offshore_supply,passenger_ship,pilot_port_tender,pleasure_craft,product_chemical_tanker,reefer_cargo,ro_ro_vehicle_carrier,sailing_vessel,ship_untyped,tug_towing"
Port Said,S1A_IW_GRDH_1SDV_20251206T035231_20251206T035256_062189_07C8C7_B4B3,VH,210,"bulk_carrier,container_ship,crude_oil_tanker,dredger,fishing_vessel,general_cargo,heavy_load_carrier,lpg_lng_tanker,offshore_supply,passenger_ship,pilot_port_tender,pleasure_craft,product_chemical_tanker,reefer_cargo,ro_ro_vehicle_carrier,sailing_vessel,ship_untyped,tug_towing"
Port Said,S1A_IW_GRDH_1SDV_20251218T035230_20251218T035255_062364_07CF9A_DF33,VH,256,"bulk_carrier,container_ship,crude_oil_tanker,dredger,fishing_vessel,general_cargo,heavy_load_carrier,lpg_lng_tanker,offshore_supply,passenger_ship,pilot_port_tender,pleasure_craft,product_chemical_tanker,reefer_cargo,ro_ro_vehicle_carrier,sailing_vessel,ship_untyped,tug_towing"
Port Said,S1A_IW_GRDH_1SDV_20251230T035229_20251230T035254_062539_07D665_2BBB,VH,227,"bulk_carrier,container_ship,crude_oil_tanker,dredger,fishing_vessel,general_cargo,heavy_load_carrier,lpg_lng_tanker,offshore_supply,passenger_ship,pilot_port_tender,pleasure_craft,product_chemical_tanker,reefer_cargo,ro_ro_vehicle_carrier,sailing_vessel,ship_untyped,tug_towing"
Port Said,S1A_IW_GRDH_1SDV_20250317T035236_20250317T035301_058339_07366E_1A19,VV,542,"bulk_carrier,container_ship,crude_oil_tanker,dredger,fishing_vessel,general_cargo,heavy_load_carrier,lpg_lng_tanker,offshore_supply,passenger_ship,pilot_port_tender,pleasure_craft,product_chemical_tanker,reefer_cargo,ro_ro_vehicle_carrier,sailing_vessel,ship_untyped,tug_towing"
Port Said,S1A_IW_GRDH_1SDV_20250422T035237_20250422T035302_058864_074BB7_3AD7,VV,509,"bulk_carrier,container_ship,crude_oil_tanker,dredger,fishing_vessel,general_cargo,heavy_load_carrier,lpg_lng_tanker,offshore_supply,passenger_ship,pilot_port_tender,pleasure_craft,product_chemical_tanker,reefer_cargo,ro_ro_vehicle_carrier,sailing_vessel,ship_untyped,tug_towing"
Port Said,S1A_IW_GRDH_1SDV_20250504T035237_20250504T035302_059039_0752BC_810D,VV,340,"bulk_carrier,container_ship,crude_oil_tanker,dredger,fishing_vessel,general_cargo,heavy_load_carrier,lpg_lng_tanker,offshore_supply,passenger_ship,pilot_port_tender,pleasure_craft,product_chemical_tanker,reefer_cargo,ro_ro_vehicle_carrier,sailing_vessel,ship_untyped,tug_towing"
Port Said,S1A_IW_GRDH_1SDV_20250516T035237_20250516T035302_059214_07590C_1B74,VV,262,"bulk_carrier,container_ship,crude_oil_tanker,dredger,fishing_vessel,general_cargo,heavy_load_carrier,lpg_lng_tanker,offshore_supply,passenger_ship,pilot_port_tender,pleasure_craft,product_chemical_tanker,reefer_cargo,ro_ro_vehicle_carrier,sailing_vessel,ship_untyped,tug_towing"
Port Said,S1A_IW_GRDH_1SDV_20250528T035236_20250528T035301_059389_075F25_EDE8,VV,286,"bulk_carrier,container_ship,crude_oil_tanker,dredger,fishing_vessel,general_cargo,heavy_load_carrier,lpg_lng_tanker,offshore_supply,passenger_ship,pilot_port_tender,pleasure_craft,product_chemical_tanker,reefer_cargo,ro_ro_vehicle_carrier,sailing_vessel,ship_untyped,tug_towing"
Port Said,S1A_IW_GRDH_1SDV_20250609T035235_20250609T035300_059564_07651D_4100,VV,315,"bulk_carrier,container_ship,crude_oil_tanker,dredger,fishing_vessel,general_cargo,heavy_load_carrier,lpg_lng_tanker,offshore_supply,passenger_ship,pilot_port_tender,pleasure_craft,product_chemical_tanker,reefer_cargo,ro_ro_vehicle_carrier,sailing_vessel,ship_untyped,tug_towing"
Port Said,S1A_IW_GRDH_1SDV_20250621T035235_20250621T035300_059739_076B27_C979,VV,305,"bulk_carrier,container_ship,crude_oil_tanker,dredger,fishing_vessel,general_cargo,heavy_load_carrier,lpg_lng_tanker,offshore_supply,passenger_ship,pilot_port_tender,pleasure_craft,product_chemical_tanker,reefer_cargo,ro_ro_vehicle_carrier,sailing_vessel,ship_untyped,tug_towing"
Port Said,S1A_IW_GRDH_1SDV_20250703T035234_20250703T035259_059914_077140_7BD6,VV,396,"bulk_carrier,container_ship,crude_oil_tanker,dredger,fishing_vessel,general_cargo,heavy_load_carrier,lpg_lng_tanker,offshore_supply,passenger_ship,pilot_port_tender,pleasure_craft,product_chemical_tanker,reefer_cargo,ro_ro_vehicle_carrier,sailing_vessel,ship_untyped,tug_towing"
Port Said,S1A_IW_GRDH_1SDV_20250715T035234_20250715T035259_060089_077743_FB08,VV,363,"bulk_carrier,container_ship,crude_oil_tanker,dredger,fishing_vessel,general_cargo,heavy_load_carrier,lpg_lng_tanker,offshore_supply,passenger_ship,pilot_port_tender,pleasure_craft,product_chemical_tanker,reefer_cargo,ro_ro_vehicle_carrier,sailing_vessel,ship_untyped,tug_towing"
Port Said,S1A_IW_GRDH_1SDV_20250727T035233_20250727T035258_060264_077D47_F0A8,VV,373,"bulk_carrier,container_ship,crude_oil_tanker,dredger,fishing_vessel,general_cargo,heavy_load_carrier,lpg_lng_tanker,offshore_supply,passenger_ship,pilot_port_tender,pleasure_craft,product_chemical_tanker,reefer_cargo,ro_ro_vehicle_carrier,sailing_vessel,ship_untyped,tug_towing"
Port Said,S1A_IW_GRDH_1SDV_20250808T035233_20250808T035258_060439_078370_CD54,VV,340,"bulk_carrier,container_ship,crude_oil_tanker,dredger,fishing_vessel,general_cargo,heavy_load_carrier,lpg_lng_tanker,offshore_supply,passenger_ship,pilot_port_tender,pleasure_craft,product_chemical_tanker,reefer_cargo,ro_ro_vehicle_carrier,sailing_vessel,ship_untyped,tug_towing"
Port Said,S1A_IW_GRDH_1SDV_20250820T035233_20250820T035258_060614_078A53_5450,VV,296,"bulk_carrier,container_ship,crude_oil_tanker,dredger,fishing_vessel,general_cargo,heavy_load_carrier,lpg_lng_tanker,offshore_supply,passenger_ship,pilot_port_tender,pleasure_craft,product_chemical_tanker,reefer_cargo,ro_ro_vehicle_carrier,sailing_vessel,ship_untyped,tug_towing"
Port Said,S1A_IW_GRDH_1SDV_20250901T035233_20250901T035258_060789_079136_B324,VV,362,"bulk_carrier,container_ship,crude_oil_tanker,dredger,fishing_vessel,general_cargo,heavy_load_carrier,lpg_lng_tanker,offshore_supply,passenger_ship,pilot_port_tender,pleasure_craft,product_chemical_tanker,reefer_cargo,ro_ro_vehicle_carrier,sailing_vessel,ship_untyped,tug_towing"
Port Said,S1A_IW_GRDH_1SDV_20250913T035234_20250913T035259_060964_079836_C838,VV,496,"bulk_carrier,container_ship,crude_oil_tanker,dredger,fishing_vessel,general_cargo,heavy_load_carrier,lpg_lng_tanker,offshore_supply,passenger_ship,pilot_port_tender,pleasure_craft,product_chemical_tanker,reefer_cargo,ro_ro_vehicle_carrier,sailing_vessel,ship_untyped,tug_towing"
Port Said,S1A_IW_GRDH_1SDV_20250925T035234_20250925T035259_061139_079F3E_697B,VV,311,"bulk_carrier,container_ship,crude_oil_tanker,dredger,fishing_vessel,general_cargo,heavy_load_carrier,lpg_lng_tanker,offshore_supply,passenger_ship,pilot_port_tender,pleasure_craft,product_chemical_tanker,reefer_cargo,ro_ro_vehicle_carrier,sailing_vessel,ship_untyped,tug_towing"
Port Said,S1A_IW_GRDH_1SDV_20251007T035234_20251007T035259_061314_07A64B_B254,VV,512,"bulk_carrier,container_ship,crude_oil_tanker,dredger,fishing_vessel,general_cargo,heavy_load_carrier,lpg_lng_tanker,offshore_supply,passenger_ship,pilot_port_tender,pleasure_craft,product_chemical_tanker,reefer_cargo,ro_ro_vehicle_carrier,sailing_vessel,ship_untyped,tug_towing"
Port Said,S1A_IW_GRDH_1SDV_20251019T035234_20251019T035259_061489_07AD50_1AB6,VV,420,"bulk_carrier,container_ship,crude_oil_tanker,dredger,fishing_vessel,general_cargo,heavy_load_carrier,lpg_lng_tanker,offshore_supply,passenger_ship,pilot_port_tender,pleasure_craft,product_chemical_tanker,reefer_cargo,ro_ro_vehicle_carrier,sailing_vessel,ship_untyped,tug_towing"
Port Said,S1A_IW_GRDH_1SDV_20251112T035233_20251112T035258_061839_07BB21_91CA,VV,328,"bulk_carrier,container_ship,crude_oil_tanker,dredger,fishing_vessel,general_cargo,heavy_load_carrier,lpg_lng_tanker,offshore_supply,passenger_ship,pilot_port_tender,pleasure_craft,product_chemical_tanker,reefer_cargo,ro_ro_vehicle_carrier,sailing_vessel,ship_untyped,tug_towing"
Port Said,S1A_IW_GRDH_1SDV_20251124T035232_20251124T035257_062014_07C1F4_0DB0,VV,284,"bulk_carrier,container_ship,crude_oil_tanker,dredger,fishing_vessel,general_cargo,heavy_load_carrier,lpg_lng_tanker,offshore_supply,passenger_ship,pilot_port_tender,pleasure_craft,product_chemical_tanker,reefer_cargo,ro_ro_vehicle_carrier,sailing_vessel,ship_untyped,tug_towing"
Port Said,S1A_IW_GRDH_1SDV_20251206T035231_20251206T035256_062189_07C8C7_B4B3,VV,258,"bulk_carrier,container_ship,crude_oil_tanker,dredger,fishing_vessel,general_cargo,heavy_load_carrier,lpg_lng_tanker,offshore_supply,passenger_ship,pilot_port_tender,pleasure_craft,product_chemical_tanker,reefer_cargo,ro_ro_vehicle_carrier,sailing_vessel,ship_untyped,tug_towing"
Port Said,S1A_IW_GRDH_1SDV_20251218T035230_20251218T035255_062364_07CF9A_DF33,VV,259,"bulk_carrier,container_ship,crude_oil_tanker,dredger,fishing_vessel,general_cargo,heavy_load_carrier,lpg_lng_tanker,offshore_supply,passenger_ship,pilot_port_tender,pleasure_craft,product_chemical_tanker,reefer_cargo,ro_ro_vehicle_carrier,sailing_vessel,ship_untyped,tug_towing"
Port Said,S1A_IW_GRDH_1SDV_20251230T035229_20251230T035254_062539_07D665_2BBB,VV,250,"bulk_carrier,container_ship,crude_oil_tanker,dredger,fishing_vessel,general_cargo,heavy_load_carrier,lpg_lng_tanker,offshore_supply,passenger_ship,pilot_port_tender,pleasure_craft,product_chemical_tanker,reefer_cargo,ro_ro_vehicle_carrier,sailing_vessel,ship_untyped,tug_towing"
Qingdao,S1A_IW_GRDH_1SDV_20250128T095619_20250128T095644_057643_071A6C_C629,VH,519,"bulk_carrier,container_ship,crude_oil_tanker,dredger,fishing_vessel,general_cargo,heavy_load_carrier,lpg_lng_tanker,offshore_supply,passenger_ship,pilot_port_tender,pleasure_craft,product_chemical_tanker,reefer_cargo,ro_ro_vehicle_carrier,sailing_vessel,ship_untyped,tug_towing"
Qingdao,S1A_IW_GRDH_1SDV_20250209T095619_20250209T095644_057818_072156_A282,VH,767,"bulk_carrier,container_ship,crude_oil_tanker,dredger,fishing_vessel,general_cargo,heavy_load_carrier,lpg_lng_tanker,offshore_supply,passenger_ship,pilot_port_tender,pleasure_craft,product_chemical_tanker,reefer_cargo,ro_ro_vehicle_carrier,sailing_vessel,ship_untyped,tug_towing"
Qingdao,S1A_IW_GRDH_1SDV_20250317T095619_20250317T095644_058343_073693_570A,VH,558,"bulk_carrier,container_ship,crude_oil_tanker,dredger,fishing_vessel,general_cargo,heavy_load_carrier,lpg_lng_tanker,offshore_supply,passenger_ship,pilot_port_tender,pleasure_craft,product_chemical_tanker,reefer_cargo,ro_ro_vehicle_carrier,sailing_vessel,ship_untyped,tug_towing"
Qingdao,S1A_IW_GRDH_1SDV_20250329T095619_20250329T095644_058518_073D8B_5302,VH,930,"bulk_carrier,container_ship,crude_oil_tanker,dredger,fishing_vessel,general_cargo,heavy_load_carrier,lpg_lng_tanker,offshore_supply,passenger_ship,pilot_port_tender,pleasure_craft,product_chemical_tanker,reefer_cargo,ro_ro_vehicle_carrier,sailing_vessel,ship_untyped,tug_towing"
Qingdao,S1A_IW_GRDH_1SDV_20250410T095619_20250410T095644_058693_0744B4_726C,VH,1085,"bulk_carrier,container_ship,crude_oil_tanker,dredger,fishing_vessel,general_cargo,heavy_load_carrier,lpg_lng_tanker,offshore_supply,passenger_ship,pilot_port_tender,pleasure_craft,product_chemical_tanker,reefer_cargo,ro_ro_vehicle_carrier,sailing_vessel,ship_untyped,tug_towing"
Qingdao,S1A_IW_GRDH_1SDV_20250422T095619_20250422T095644_058868_074BDE_EE82,VH,1429,"bulk_carrier,container_ship,crude_oil_tanker,dredger,fishing_vessel,general_cargo,heavy_load_carrier,lpg_lng_tanker,offshore_supply,passenger_ship,pilot_port_tender,pleasure_craft,product_chemical_tanker,reefer_cargo,ro_ro_vehicle_carrier,sailing_vessel,ship_untyped,tug_towing"
Qingdao,S1A_IW_GRDH_1SDV_20250504T095619_20250504T095644_059043_0752E1_23FF,VH,637,"bulk_carrier,container_ship,crude_oil_tanker,dredger,fishing_vessel,general_cargo,heavy_load_carrier,lpg_lng_tanker,offshore_supply,passenger_ship,pilot_port_tender,pleasure_craft,product_chemical_tanker,reefer_cargo,ro_ro_vehicle_carrier,sailing_vessel,ship_untyped,tug_towing"
Qingdao,S1A_IW_GRDH_1SDV_20250516T095619_20250516T095644_059218_07592B_E377,VH,696,"bulk_carrier,container_ship,crude_oil_tanker,dredger,fishing_vessel,general_cargo,heavy_load_carrier,lpg_lng_tanker,offshore_supply,passenger_ship,pilot_port_tender,pleasure_craft,product_chemical_tanker,reefer_cargo,ro_ro_vehicle_carrier,sailing_vessel,ship_untyped,tug_towing"
Qingdao,S1A_IW_GRDH_1SDV_20250528T095618_20250528T095643_059393_075F43_4703,VH,644,"bulk_carrier,container_ship,crude_oil_tanker,dredger,fishing_vessel,general_cargo,heavy_load_carrier,lpg_lng_tanker,offshore_supply,passenger_ship,pilot_port_tender,pleasure_craft,product_chemical_tanker,reefer_cargo,ro_ro_vehicle_carrier,sailing_vessel,ship_untyped,tug_towing"
Qingdao,S1A_IW_GRDH_1SDV_20250609T095618_20250609T095643_059568_07653B_64EC,VH,1835,"bulk_carrier,container_ship,crude_oil_tanker,dredger,fishing_vessel,general_cargo,heavy_load_carrier,lpg_lng_tanker,offshore_supply,passenger_ship,pilot_port_tender,pleasure_craft,product_chemical_tanker,reefer_cargo,ro_ro_vehicle_carrier,sailing_vessel,ship_untyped,tug_towing"
Qingdao,S1A_IW_GRDH_1SDV_20250621T095617_20250621T095642_059743_076B46_1176,VH,1144,"bulk_carrier,container_ship,crude_oil_tanker,dredger,fishing_vessel,general_cargo,heavy_load_carrier,lpg_lng_tanker,offshore_supply,passenger_ship,pilot_port_tender,pleasure_craft,product_chemical_tanker,reefer_cargo,ro_ro_vehicle_carrier,sailing_vessel,ship_untyped,tug_towing"
Qingdao,S1A_IW_GRDH_1SDV_20250715T095616_20250715T095641_060093_077760_1FAF,VH,706,"bulk_carrier,container_ship,crude_oil_tanker,dredger,fishing_vessel,general_cargo,heavy_load_carrier,lpg_lng_tanker,offshore_supply,passenger_ship,pilot_port_tender,pleasure_craft,product_chemical_tanker,reefer_cargo,ro_ro_vehicle_carrier,sailing_vessel,ship_untyped,tug_towing"
Qingdao,S1A_IW_GRDH_1SDV_20250808T095615_20250808T095640_060443_078391_9942,VH,1025,"bulk_carrier,container_ship,crude_oil_tanker,dredger,fishing_vessel,general_cargo,heavy_load_carrier,lpg_lng_tanker,offshore_supply,passenger_ship,pilot_port_tender,pleasure_craft,product_chemical_tanker,reefer_cargo,ro_ro_vehicle_carrier,sailing_vessel,ship_untyped,tug_towing"
Qingdao,S1A_IW_GRDH_1SDV_20250820T095615_20250820T095640_060618_078A74_3D5A,VH,850,"bulk_carrier,container_ship,crude_oil_tanker,dredger,fishing_vessel,general_cargo,heavy_load_carrier,lpg_lng_tanker,offshore_supply,passenger_ship,pilot_port_tender,pleasure_craft,product_chemical_tanker,reefer_cargo,ro_ro_vehicle_carrier,sailing_vessel,ship_untyped,tug_towing"
Qingdao,S1A_IW_GRDH_1SDV_20250901T095616_20250901T095641_060793_079158_54A8,VH,1754,"bulk_carrier,container_ship,crude_oil_tanker,dredger,fishing_vessel,general_cargo,heavy_load_carrier,lpg_lng_tanker,offshore_supply,passenger_ship,pilot_port_tender,pleasure_craft,product_chemical_tanker,reefer_cargo,ro_ro_vehicle_carrier,sailing_vessel,ship_untyped,tug_towing"
Qingdao,S1A_IW_GRDH_1SDV_20250925T095616_20250925T095641_061143_079F62_D4E3,VH,1156,"bulk_carrier,container_ship,crude_oil_tanker,dredger,fishing_vessel,general_cargo,heavy_load_carrier,lpg_lng_tanker,offshore_supply,passenger_ship,pilot_port_tender,pleasure_craft,product_chemical_tanker,reefer_cargo,ro_ro_vehicle_carrier,sailing_vessel,ship_untyped,tug_towing"
Qingdao,S1A_IW_GRDH_1SDV_20251007T095617_20251007T095642_061318_07A66F_2CB9,VH,1687,"bulk_carrier,container_ship,crude_oil_tanker,dredger,fishing_vessel,general_cargo,heavy_load_carrier,lpg_lng_tanker,offshore_supply,passenger_ship,pilot_port_tender,pleasure_craft,product_chemical_tanker,reefer_cargo,ro_ro_vehicle_carrier,sailing_vessel,ship_untyped,tug_towing"
Qingdao,S1A_IW_GRDH_1SDV_20251019T095616_20251019T095641_061493_07AD75_3A90,VH,563,"bulk_carrier,container_ship,crude_oil_tanker,dredger,fishing_vessel,general_cargo,heavy_load_carrier,lpg_lng_tanker,offshore_supply,passenger_ship,pilot_port_tender,pleasure_craft,product_chemical_tanker,reefer_cargo,ro_ro_vehicle_carrier,sailing_vessel,ship_untyped,tug_towing"
Qingdao,S1A_IW_GRDH_1SDV_20251031T095616_20251031T095641_061668_07B482_0BCC,VH,1202,"bulk_carrier,container_ship,crude_oil_tanker,dredger,fishing_vessel,general_cargo,heavy_load_carrier,lpg_lng_tanker,offshore_supply,passenger_ship,pilot_port_tender,pleasure_craft,product_chemical_tanker,reefer_cargo,ro_ro_vehicle_carrier,sailing_vessel,ship_untyped,tug_towing"
Qingdao,S1A_IW_GRDH_1SDV_20251112T095615_20251112T095640_061843_07BB43_DBA5,VH,1444,"bulk_carrier,container_ship,crude_oil_tanker,dredger,fishing_vessel,general_cargo,heavy_load_carrier,lpg_lng_tanker,offshore_supply,passenger_ship,pilot_port_tender,pleasure_craft,product_chemical_tanker,reefer_cargo,ro_ro_vehicle_carrier,sailing_vessel,ship_untyped,tug_towing"
Qingdao,S1A_IW_GRDH_1SDV_20251124T095615_20251124T095640_062018_07C214_78ED,VH,651,"bulk_carrier,container_ship,crude_oil_tanker,dredger,fishing_vessel,general_cargo,heavy_load_carrier,lpg_lng_tanker,offshore_supply,passenger_ship,pilot_port_tender,pleasure_craft,product_chemical_tanker,reefer_cargo,ro_ro_vehicle_carrier,sailing_vessel,ship_untyped,tug_towing"
Qingdao,S1A_IW_GRDH_1SDV_20251206T095613_20251206T095638_062193_07C8EB_13B5,VH,1009,"bulk_carrier,container_ship,crude_oil_tanker,dredger,fishing_vessel,general_cargo,heavy_load_carrier,lpg_lng_tanker,offshore_supply,passenger_ship,pilot_port_tender,pleasure_craft,product_chemical_tanker,reefer_cargo,ro_ro_vehicle_carrier,sailing_vessel,ship_untyped,tug_towing"
Qingdao,S1A_IW_GRDH_1SDV_20251218T095612_20251218T095637_062368_07CFBE_D9B3,VH,869,"bulk_carrier,container_ship,crude_oil_tanker,dredger,fishing_vessel,general_cargo,heavy_load_carrier,lpg_lng_tanker,offshore_supply,passenger_ship,pilot_port_tender,pleasure_craft,product_chemical_tanker,reefer_cargo,ro_ro_vehicle_carrier,sailing_vessel,ship_untyped,tug_towing"
Qingdao,S1A_IW_GRDH_1SDV_20251230T095611_20251230T095636_062543_07D685_8E60,VH,888,"bulk_carrier,container_ship,crude_oil_tanker,dredger,fishing_vessel,general_cargo,heavy_load_carrier,lpg_lng_tanker,offshore_supply,passenger_ship,pilot_port_tender,pleasure_craft,product_chemical_tanker,reefer_cargo,ro_ro_vehicle_carrier,sailing_vessel,ship_untyped,tug_towing"
Qingdao,S1C_IW_GRDH_1SDV_20251025T215643_20251025T215708_004724_00954D_12A7,VH,2036,"bulk_carrier,container_ship,crude_oil_tanker,dredger,fishing_vessel,general_cargo,heavy_load_carrier,lpg_lng_tanker,offshore_supply,passenger_ship,pilot_port_tender,pleasure_craft,product_chemical_tanker,reefer_cargo,ro_ro_vehicle_carrier,sailing_vessel,ship_untyped,tug_towing"
Qingdao,S1A_IW_GRDH_1SDV_20250128T095619_20250128T095644_057643_071A6C_C629,VV,606,"bulk_carrier,container_ship,crude_oil_tanker,dredger,fishing_vessel,general_cargo,heavy_load_carrier,lpg_lng_tanker,offshore_supply,passenger_ship,pilot_port_tender,pleasure_craft,product_chemical_tanker,reefer_cargo,ro_ro_vehicle_carrier,sailing_vessel,ship_untyped,tug_towing"
Qingdao,S1A_IW_GRDH_1SDV_20250209T095619_20250209T095644_057818_072156_A282,VV,1021,"bulk_carrier,container_ship,crude_oil_tanker,dredger,fishing_vessel,general_cargo,heavy_load_carrier,lpg_lng_tanker,offshore_supply,passenger_ship,pilot_port_tender,pleasure_craft,product_chemical_tanker,reefer_cargo,ro_ro_vehicle_carrier,sailing_vessel,ship_untyped,tug_towing"
Qingdao,S1A_IW_GRDH_1SDV_20250317T095619_20250317T095644_058343_073693_570A,VV,624,"bulk_carrier,container_ship,crude_oil_tanker,dredger,fishing_vessel,general_cargo,heavy_load_carrier,lpg_lng_tanker,offshore_supply,passenger_ship,pilot_port_tender,pleasure_craft,product_chemical_tanker,reefer_cargo,ro_ro_vehicle_carrier,sailing_vessel,ship_untyped,tug_towing"
Qingdao,S1A_IW_GRDH_1SDV_20250329T095619_20250329T095644_058518_073D8B_5302,VV,1139,"bulk_carrier,container_ship,crude_oil_tanker,dredger,fishing_vessel,general_cargo,heavy_load_carrier,lpg_lng_tanker,offshore_supply,passenger_ship,pilot_port_tender,pleasure_craft,product_chemical_tanker,reefer_cargo,ro_ro_vehicle_carrier,sailing_vessel,ship_untyped,tug_towing"
Qingdao,S1A_IW_GRDH_1SDV_20250410T095619_20250410T095644_058693_0744B4_726C,VV,1422,"bulk_carrier,container_ship,crude_oil_tanker,dredger,fishing_vessel,general_cargo,heavy_load_carrier,lpg_lng_tanker,offshore_supply,passenger_ship,pilot_port_tender,pleasure_craft,product_chemical_tanker,reefer_cargo,ro_ro_vehicle_carrier,sailing_vessel,ship_untyped,tug_towing"
Qingdao,S1A_IW_GRDH_1SDV_20250422T095619_20250422T095644_058868_074BDE_EE82,VV,1695,"bulk_carrier,container_ship,crude_oil_tanker,dredger,fishing_vessel,general_cargo,heavy_load_carrier,lpg_lng_tanker,offshore_supply,passenger_ship,pilot_port_tender,pleasure_craft,product_chemical_tanker,reefer_cargo,ro_ro_vehicle_carrier,sailing_vessel,ship_untyped,tug_towing"
Qingdao,S1A_IW_GRDH_1SDV_20250504T095619_20250504T095644_059043_0752E1_23FF,VV,820,"bulk_carrier,container_ship,crude_oil_tanker,dredger,fishing_vessel,general_cargo,heavy_load_carrier,lpg_lng_tanker,offshore_supply,passenger_ship,pilot_port_tender,pleasure_craft,product_chemical_tanker,reefer_cargo,ro_ro_vehicle_carrier,sailing_vessel,ship_untyped,tug_towing"
Qingdao,S1A_IW_GRDH_1SDV_20250516T095619_20250516T095644_059218_07592B_E377,VV,1074,"bulk_carrier,container_ship,crude_oil_tanker,dredger,fishing_vessel,general_cargo,heavy_load_carrier,lpg_lng_tanker,offshore_supply,passenger_ship,pilot_port_tender,pleasure_craft,product_chemical_tanker,reefer_cargo,ro_ro_vehicle_carrier,sailing_vessel,ship_untyped,tug_towing"
Qingdao,S1A_IW_GRDH_1SDV_20250528T095618_20250528T095643_059393_075F43_4703,VV,827,"bulk_carrier,container_ship,crude_oil_tanker,dredger,fishing_vessel,general_cargo,heavy_load_carrier,lpg_lng_tanker,offshore_supply,passenger_ship,pilot_port_tender,pleasure_craft,product_chemical_tanker,reefer_cargo,ro_ro_vehicle_carrier,sailing_vessel,ship_untyped,tug_towing"
Qingdao,S1A_IW_GRDH_1SDV_20250609T095618_20250609T095643_059568_07653B_64EC,VV,3769,"bulk_carrier,container_ship,crude_oil_tanker,dredger,fishing_vessel,general_cargo,heavy_load_carrier,lpg_lng_tanker,offshore_supply,passenger_ship,pilot_port_tender,pleasure_craft,product_chemical_tanker,reefer_cargo,ro_ro_vehicle_carrier,sailing_vessel,ship_untyped,tug_towing"
Qingdao,S1A_IW_GRDH_1SDV_20250621T095617_20250621T095642_059743_076B46_1176,VV,1579,"bulk_carrier,container_ship,crude_oil_tanker,dredger,fishing_vessel,general_cargo,heavy_load_carrier,lpg_lng_tanker,offshore_supply,passenger_ship,pilot_port_tender,pleasure_craft,product_chemical_tanker,reefer_cargo,ro_ro_vehicle_carrier,sailing_vessel,ship_untyped,tug_towing"
Qingdao,S1A_IW_GRDH_1SDV_20250715T095616_20250715T095641_060093_077760_1FAF,VV,2267,"bulk_carrier,container_ship,crude_oil_tanker,dredger,fishing_vessel,general_cargo,heavy_load_carrier,lpg_lng_tanker,offshore_supply,passenger_ship,pilot_port_tender,pleasure_craft,product_chemical_tanker,reefer_cargo,ro_ro_vehicle_carrier,sailing_vessel,ship_untyped,tug_towing"
Qingdao,S1A_IW_GRDH_1SDV_20250808T095615_20250808T095640_060443_078391_9942,VV,1227,"bulk_carrier,container_ship,crude_oil_tanker,dredger,fishing_vessel,general_cargo,heavy_load_carrier,lpg_lng_tanker,offshore_supply,passenger_ship,pilot_port_tender,pleasure_craft,product_chemical_tanker,reefer_cargo,ro_ro_vehicle_carrier,sailing_vessel,ship_untyped,tug_towing"
Qingdao,S1A_IW_GRDH_1SDV_20250820T095615_20250820T095640_060618_078A74_3D5A,VV,1029,"bulk_carrier,container_ship,crude_oil_tanker,dredger,fishing_vessel,general_cargo,heavy_load_carrier,lpg_lng_tanker,offshore_supply,passenger_ship,pilot_port_tender,pleasure_craft,product_chemical_tanker,reefer_cargo,ro_ro_vehicle_carrier,sailing_vessel,ship_untyped,tug_towing"
Qingdao,S1A_IW_GRDH_1SDV_20250901T095616_20250901T095641_060793_079158_54A8,VV,1919,"bulk_carrier,container_ship,crude_oil_tanker,dredger,fishing_vessel,general_cargo,heavy_load_carrier,lpg_lng_tanker,offshore_supply,passenger_ship,pilot_port_tender,pleasure_craft,product_chemical_tanker,reefer_cargo,ro_ro_vehicle_carrier,sailing_vessel,ship_untyped,tug_towing"
Qingdao,S1A_IW_GRDH_1SDV_20250925T095616_20250925T095641_061143_079F62_D4E3,VV,837,"bulk_carrier,container_ship,crude_oil_tanker,dredger,fishing_vessel,general_cargo,heavy_load_carrier,lpg_lng_tanker,offshore_supply,passenger_ship,pilot_port_tender,pleasure_craft,product_chemical_tanker,reefer_cargo,ro_ro_vehicle_carrier,sailing_vessel,ship_untyped,tug_towing"
Qingdao,S1A_IW_GRDH_1SDV_20251007T095617_20251007T095642_061318_07A66F_2CB9,VV,1186,"bulk_carrier,container_ship,crude_oil_tanker,dredger,fishing_vessel,general_cargo,heavy_load_carrier,lpg_lng_tanker,offshore_supply,passenger_ship,pilot_port_tender,pleasure_craft,product_chemical_tanker,reefer_cargo,ro_ro_vehicle_carrier,sailing_vessel,ship_untyped,tug_towing"
Qingdao,S1A_IW_GRDH_1SDV_20251019T095616_20251019T095641_061493_07AD75_3A90,VV,596,"bulk_carrier,container_ship,crude_oil_tanker,dredger,fishing_vessel,general_cargo,heavy_load_carrier,lpg_lng_tanker,offshore_supply,passenger_ship,pilot_port_tender,pleasure_craft,product_chemical_tanker,reefer_cargo,ro_ro_vehicle_carrier,sailing_vessel,ship_untyped,tug_towing"
Qingdao,S1A_IW_GRDH_1SDV_20251031T095616_20251031T095641_061668_07B482_0BCC,VV,855,"bulk_carrier,container_ship,crude_oil_tanker,dredger,fishing_vessel,general_cargo,heavy_load_carrier,lpg_lng_tanker,offshore_supply,passenger_ship,pilot_port_tender,pleasure_craft,product_chemical_tanker,reefer_cargo,ro_ro_vehicle_carrier,sailing_vessel,ship_untyped,tug_towing"
Qingdao,S1A_IW_GRDH_1SDV_20251112T095615_20251112T095640_061843_07BB43_DBA5,VV,2699,"bulk_carrier,container_ship,crude_oil_tanker,dredger,fishing_vessel,general_cargo,heavy_load_carrier,lpg_lng_tanker,offshore_supply,passenger_ship,pilot_port_tender,pleasure_craft,product_chemical_tanker,reefer_cargo,ro_ro_vehicle_carrier,sailing_vessel,ship_untyped,tug_towing"
Qingdao,S1A_IW_GRDH_1SDV_20251124T095615_20251124T095640_062018_07C214_78ED,VV,608,"bulk_carrier,container_ship,crude_oil_tanker,dredger,fishing_vessel,general_cargo,heavy_load_carrier,lpg_lng_tanker,offshore_supply,passenger_ship,pilot_port_tender,pleasure_craft,product_chemical_tanker,reefer_cargo,ro_ro_vehicle_carrier,sailing_vessel,ship_untyped,tug_towing"
Qingdao,S1A_IW_GRDH_1SDV_20251206T095613_20251206T095638_062193_07C8EB_13B5,VV,777,"bulk_carrier,container_ship,crude_oil_tanker,dredger,fishing_vessel,general_cargo,heavy_load_carrier,lpg_lng_tanker,offshore_supply,passenger_ship,pilot_port_tender,pleasure_craft,product_chemical_tanker,reefer_cargo,ro_ro_vehicle_carrier,sailing_vessel,ship_untyped,tug_towing"
Qingdao,S1A_IW_GRDH_1SDV_20251218T095612_20251218T095637_062368_07CFBE_D9B3,VV,695,"bulk_carrier,container_ship,crude_oil_tanker,dredger,fishing_vessel,general_cargo,heavy_load_carrier,lpg_lng_tanker,offshore_supply,passenger_ship,pilot_port_tender,pleasure_craft,product_chemical_tanker,reefer_cargo,ro_ro_vehicle_carrier,sailing_vessel,ship_untyped,tug_towing"
Qingdao,S1A_IW_GRDH_1SDV_20251230T095611_20251230T095636_062543_07D685_8E60,VV,721,"bulk_carrier,container_ship,crude_oil_tanker,dredger,fishing_vessel,general_cargo,heavy_load_carrier,lpg_lng_tanker,offshore_supply,passenger_ship,pilot_port_tender,pleasure_craft,product_chemical_tanker,reefer_cargo,ro_ro_vehicle_carrier,sailing_vessel,ship_untyped,tug_towing"
Qingdao,S1C_IW_GRDH_1SDV_20251025T215643_20251025T215708_004724_00954D_12A7,VV,1578,"bulk_carrier,container_ship,crude_oil_tanker,dredger,fishing_vessel,general_cargo,heavy_load_carrier,lpg_lng_tanker,offshore_supply,passenger_ship,pilot_port_tender,pleasure_craft,product_chemical_tanker,reefer_cargo,ro_ro_vehicle_carrier,sailing_vessel,ship_untyped,tug_towing"
Richards Bay,S1A_IW_GRDH_1SDV_20250327T163005_20250327T163030_058492_073C79_EAA7,VH,35,"bulk_carrier,container_ship,crude_oil_tanker,dredger,fishing_vessel,general_cargo,heavy_load_carrier,lpg_lng_tanker,offshore_supply,passenger_ship,pilot_port_tender,pleasure_craft,product_chemical_tanker,reefer_cargo,ro_ro_vehicle_carrier,sailing_vessel,ship_untyped,tug_towing"
Richards Bay,S1A_IW_GRDH_1SDV_20250502T163006_20250502T163031_059017_0751E2_680E,VH,41,"bulk_carrier,container_ship,crude_oil_tanker,dredger,fishing_vessel,general_cargo,heavy_load_carrier,lpg_lng_tanker,offshore_supply,passenger_ship,pilot_port_tender,pleasure_craft,product_chemical_tanker,reefer_cargo,ro_ro_vehicle_carrier,sailing_vessel,ship_untyped,tug_towing"
Richards Bay,S1A_IW_GRDH_1SDV_20250526T163005_20250526T163030_059367_075E5F_4FCB,VH,38,"bulk_carrier,container_ship,crude_oil_tanker,dredger,fishing_vessel,general_cargo,heavy_load_carrier,lpg_lng_tanker,offshore_supply,passenger_ship,pilot_port_tender,pleasure_craft,product_chemical_tanker,reefer_cargo,ro_ro_vehicle_carrier,sailing_vessel,ship_untyped,tug_towing"
Richards Bay,S1A_IW_GRDH_1SDV_20250607T163005_20250607T163030_059542_076467_C24A,VH,30,"bulk_carrier,container_ship,crude_oil_tanker,dredger,fishing_vessel,general_cargo,heavy_load_carrier,lpg_lng_tanker,offshore_supply,passenger_ship,pilot_port_tender,pleasure_craft,product_chemical_tanker,reefer_cargo,ro_ro_vehicle_carrier,sailing_vessel,ship_untyped,tug_towing"
Richards Bay,S1A_IW_GRDH_1SDV_20250619T163004_20250619T163029_059717_076A60_94E5,VH,24,"bulk_carrier,container_ship,crude_oil_tanker,dredger,fishing_vessel,general_cargo,heavy_load_carrier,lpg_lng_tanker,offshore_supply,passenger_ship,pilot_port_tender,pleasure_craft,product_chemical_tanker,reefer_cargo,ro_ro_vehicle_carrier,sailing_vessel,ship_untyped,tug_towing"
Richards Bay,S1A_IW_GRDH_1SDV_20250713T163003_20250713T163028_060067_07767F_5920,VH,26,"bulk_carrier,container_ship,crude_oil_tanker,dredger,fishing_vessel,general_cargo,heavy_load_carrier,lpg_lng_tanker,offshore_supply,passenger_ship,pilot_port_tender,pleasure_craft,product_chemical_tanker,reefer_cargo,ro_ro_vehicle_carrier,sailing_vessel,ship_untyped,tug_towing"
Richards Bay,S1A_IW_GRDH_1SDV_20250725T163002_20250725T163027_060242_077C8C_6445,VH,37,"bulk_carrier,container_ship,crude_oil_tanker,dredger,fishing_vessel,general_cargo,heavy_load_carrier,lpg_lng_tanker,offshore_supply,passenger_ship,pilot_port_tender,pleasure_craft,product_chemical_tanker,reefer_cargo,ro_ro_vehicle_carrier,sailing_vessel,ship_untyped,tug_towing"
Richards Bay,S1A_IW_GRDH_1SDV_20250911T163003_20250911T163028_060942_079755_9E0D,VH,38,"bulk_carrier,container_ship,crude_oil_tanker,dredger,fishing_vessel,general_cargo,heavy_load_carrier,lpg_lng_tanker,offshore_supply,passenger_ship,pilot_port_tender,pleasure_craft,product_chemical_tanker,reefer_cargo,ro_ro_vehicle_carrier,sailing_vessel,ship_untyped,tug_towing"
Richards Bay,S1A_IW_GRDH_1SDV_20251216T162959_20251216T163024_062342_07CECD_EF29,VH,52,"bulk_carrier,container_ship,crude_oil_tanker,dredger,fishing_vessel,general_cargo,heavy_load_carrier,lpg_lng_tanker,offshore_supply,passenger_ship,pilot_port_tender,pleasure_craft,product_chemical_tanker,reefer_cargo,ro_ro_vehicle_carrier,sailing_vessel,ship_untyped,tug_towing"
Richards Bay,S1C_IW_GRDH_1SDV_20250920T031050_20250920T031118_004202_008574_3319,VH,85,"bulk_carrier,container_ship,crude_oil_tanker,dredger,fishing_vessel,general_cargo,heavy_load_carrier,lpg_lng_tanker,offshore_supply,passenger_ship,pilot_port_tender,pleasure_craft,product_chemical_tanker,reefer_cargo,ro_ro_vehicle_carrier,sailing_vessel,ship_untyped,tug_towing"
Richards Bay,S1C_IW_GRDH_1SDV_20251002T031050_20251002T031117_004377_008ACD_BFF1,VH,55,"bulk_carrier,container_ship,crude_oil_tanker,dredger,fishing_vessel,general_cargo,heavy_load_carrier,lpg_lng_tanker,offshore_supply,passenger_ship,pilot_port_tender,pleasure_craft,product_chemical_tanker,reefer_cargo,ro_ro_vehicle_carrier,sailing_vessel,ship_untyped,tug_towing"
Richards Bay,S1C_IW_GRDH_1SDV_20251119T031050_20251119T031117_005077_00A0F4_F122,VH,146,"bulk_carrier,container_ship,crude_oil_tanker,dredger,fishing_vessel,general_cargo,heavy_load_carrier,lpg_lng_tanker,offshore_supply,passenger_ship,pilot_port_tender,pleasure_craft,product_chemical_tanker,reefer_cargo,ro_ro_vehicle_carrier,sailing_vessel,ship_untyped,tug_towing"
Richards Bay,S1A_IW_GRDH_1SDV_20250327T163005_20250327T163030_058492_073C79_EAA7,VV,47,"bulk_carrier,container_ship,crude_oil_tanker,dredger,fishing_vessel,general_cargo,heavy_load_carrier,lpg_lng_tanker,offshore_supply,passenger_ship,pilot_port_tender,pleasure_craft,product_chemical_tanker,reefer_cargo,ro_ro_vehicle_carrier,sailing_vessel,ship_untyped,tug_towing"
Richards Bay,S1A_IW_GRDH_1SDV_20250502T163006_20250502T163031_059017_0751E2_680E,VV,75,"bulk_carrier,container_ship,crude_oil_tanker,dredger,fishing_vessel,general_cargo,heavy_load_carrier,lpg_lng_tanker,offshore_supply,passenger_ship,pilot_port_tender,pleasure_craft,product_chemical_tanker,reefer_cargo,ro_ro_vehicle_carrier,sailing_vessel,ship_untyped,tug_towing"
Richards Bay,S1A_IW_GRDH_1SDV_20250526T163005_20250526T163030_059367_075E5F_4FCB,VV,50,"bulk_carrier,container_ship,crude_oil_tanker,dredger,fishing_vessel,general_cargo,heavy_load_carrier,lpg_lng_tanker,offshore_supply,passenger_ship,pilot_port_tender,pleasure_craft,product_chemical_tanker,reefer_cargo,ro_ro_vehicle_carrier,sailing_vessel,ship_untyped,tug_towing"
Richards Bay,S1A_IW_GRDH_1SDV_20250607T163005_20250607T163030_059542_076467_C24A,VV,35,"bulk_carrier,container_ship,crude_oil_tanker,dredger,fishing_vessel,general_cargo,heavy_load_carrier,lpg_lng_tanker,offshore_supply,passenger_ship,pilot_port_tender,pleasure_craft,product_chemical_tanker,reefer_cargo,ro_ro_vehicle_carrier,sailing_vessel,ship_untyped,tug_towing"
Richards Bay,S1A_IW_GRDH_1SDV_20250619T163004_20250619T163029_059717_076A60_94E5,VV,34,"bulk_carrier,container_ship,crude_oil_tanker,dredger,fishing_vessel,general_cargo,heavy_load_carrier,lpg_lng_tanker,offshore_supply,passenger_ship,pilot_port_tender,pleasure_craft,product_chemical_tanker,reefer_cargo,ro_ro_vehicle_carrier,sailing_vessel,ship_untyped,tug_towing"
Richards Bay,S1A_IW_GRDH_1SDV_20250713T163003_20250713T163028_060067_07767F_5920,VV,49,"bulk_carrier,container_ship,crude_oil_tanker,dredger,fishing_vessel,general_cargo,heavy_load_carrier,lpg_lng_tanker,offshore_supply,passenger_ship,pilot_port_tender,pleasure_craft,product_chemical_tanker,reefer_cargo,ro_ro_vehicle_carrier,sailing_vessel,ship_untyped,tug_towing"
Richards Bay,S1A_IW_GRDH_1SDV_20250725T163002_20250725T163027_060242_077C8C_6445,VV,63,"bulk_carrier,container_ship,crude_oil_tanker,dredger,fishing_vessel,general_cargo,heavy_load_carrier,lpg_lng_tanker,offshore_supply,passenger_ship,pilot_port_tender,pleasure_craft,product_chemical_tanker,reefer_cargo,ro_ro_vehicle_carrier,sailing_vessel,ship_untyped,tug_towing"
Richards Bay,S1A_IW_GRDH_1SDV_20250911T163003_20250911T163028_060942_079755_9E0D,VV,70,"bulk_carrier,container_ship,crude_oil_tanker,dredger,fishing_vessel,general_cargo,heavy_load_carrier,lpg_lng_tanker,offshore_supply,passenger_ship,pilot_port_tender,pleasure_craft,product_chemical_tanker,reefer_cargo,ro_ro_vehicle_carrier,sailing_vessel,ship_untyped,tug_towing"
Richards Bay,S1A_IW_GRDH_1SDV_20251216T162959_20251216T163024_062342_07CECD_EF29,VV,84,"bulk_carrier,container_ship,crude_oil_tanker,dredger,fishing_vessel,general_cargo,heavy_load_carrier,lpg_lng_tanker,offshore_supply,passenger_ship,pilot_port_tender,pleasure_craft,product_chemical_tanker,reefer_cargo,ro_ro_vehicle_carrier,sailing_vessel,ship_untyped,tug_towing"
Richards Bay,S1C_IW_GRDH_1SDV_20250920T031050_20250920T031118_004202_008574_3319,VV,105,"bulk_carrier,container_ship,crude_oil_tanker,dredger,fishing_vessel,general_cargo,heavy_load_carrier,lpg_lng_tanker,offshore_supply,passenger_ship,pilot_port_tender,pleasure_craft,product_chemical_tanker,reefer_cargo,ro_ro_vehicle_carrier,sailing_vessel,ship_untyped,tug_towing"
Richards Bay,S1C_IW_GRDH_1SDV_20251002T031050_20251002T031117_004377_008ACD_BFF1,VV,125,"bulk_carrier,container_ship,crude_oil_tanker,dredger,fishing_vessel,general_cargo,heavy_load_carrier,lpg_lng_tanker,offshore_supply,passenger_ship,pilot_port_tender,pleasure_craft,product_chemical_tanker,reefer_cargo,ro_ro_vehicle_carrier,sailing_vessel,ship_untyped,tug_towing"
Richards Bay,S1C_IW_GRDH_1SDV_20251119T031050_20251119T031117_005077_00A0F4_F122,VV,199,"bulk_carrier,container_ship,crude_oil_tanker,dredger,fishing_vessel,general_cargo,heavy_load_carrier,lpg_lng_tanker,offshore_supply,passenger_ship,pilot_port_tender,pleasure_craft,product_chemical_tanker,reefer_cargo,ro_ro_vehicle_carrier,sailing_vessel,ship_untyped,tug_towing"
Rotterdam,S1A_IW_GRDH_1SDV_20250112T055841_20250112T055906_057407_07110D_854D,VH,1642,"bulk_carrier,container_ship,crude_oil_tanker,dredger,fishing_vessel,general_cargo,heavy_load_carrier,lpg_lng_tanker,offshore_supply,passenger_ship,pilot_port_tender,pleasure_craft,product_chemical_tanker,reefer_cargo,ro_ro_vehicle_carrier,sailing_vessel,ship_untyped,tug_towing"
Rotterdam,S1A_IW_GRDH_1SDV_20250217T055839_20250217T055904_057932_0725F5_9F4A,VH,1233,"bulk_carrier,container_ship,crude_oil_tanker,dredger,fishing_vessel,general_cargo,heavy_load_carrier,lpg_lng_tanker,offshore_supply,passenger_ship,pilot_port_tender,pleasure_craft,product_chemical_tanker,reefer_cargo,ro_ro_vehicle_carrier,sailing_vessel,ship_untyped,tug_towing"
Rotterdam,S1A_IW_GRDH_1SDV_20250418T055840_20250418T055905_058807_074958_2BFC,VH,1530,"bulk_carrier,container_ship,crude_oil_tanker,dredger,fishing_vessel,general_cargo,heavy_load_carrier,lpg_lng_tanker,offshore_supply,passenger_ship,pilot_port_tender,pleasure_craft,product_chemical_tanker,reefer_cargo,ro_ro_vehicle_carrier,sailing_vessel,ship_untyped,tug_towing"
Rotterdam,S1A_IW_GRDH_1SDV_20250711T055837_20250711T055902_060032_077547_699B,VH,1438,"bulk_carrier,container_ship,crude_oil_tanker,dredger,fishing_vessel,general_cargo,heavy_load_carrier,lpg_lng_tanker,offshore_supply,passenger_ship,pilot_port_tender,pleasure_craft,product_chemical_tanker,reefer_cargo,ro_ro_vehicle_carrier,sailing_vessel,ship_untyped,tug_towing"
Rotterdam,S1A_IW_GRDH_1SDV_20250909T055837_20250909T055902_060907_0795EC_8CC1,VH,1393,"bulk_carrier,container_ship,crude_oil_tanker,dredger,fishing_vessel,general_cargo,heavy_load_carrier,lpg_lng_tanker,offshore_supply,passenger_ship,pilot_port_tender,pleasure_craft,product_chemical_tanker,reefer_cargo,ro_ro_vehicle_carrier,sailing_vessel,ship_untyped,tug_towing"
Rotterdam,S1A_IW_GRDH_1SDV_20251027T055837_20251027T055902_061607_07B211_E251,VH,1202,"bulk_carrier,container_ship,crude_oil_tanker,dredger,fishing_vessel,general_cargo,heavy_load_carrier,lpg_lng_tanker,offshore_supply,passenger_ship,pilot_port_tender,pleasure_craft,product_chemical_tanker,reefer_cargo,ro_ro_vehicle_carrier,sailing_vessel,ship_untyped,tug_towing"
Rotterdam,S1A_IW_GRDH_1SDV_20251120T055836_20251120T055901_061957_07BFB6_DC2D,VH,1358,"bulk_carrier,container_ship,crude_oil_tanker,dredger,fishing_vessel,general_cargo,heavy_load_carrier,lpg_lng_tanker,offshore_supply,passenger_ship,pilot_port_tender,pleasure_craft,product_chemical_tanker,reefer_cargo,ro_ro_vehicle_carrier,sailing_vessel,ship_untyped,tug_towing"
Rotterdam,S1A_IW_GRDH_1SDV_20251202T055835_20251202T055900_062132_07C68A_27C0,VH,1383,"bulk_carrier,container_ship,crude_oil_tanker,dredger,fishing_vessel,general_cargo,heavy_load_carrier,lpg_lng_tanker,offshore_supply,passenger_ship,pilot_port_tender,pleasure_craft,product_chemical_tanker,reefer_cargo,ro_ro_vehicle_carrier,sailing_vessel,ship_untyped,tug_towing"
Rotterdam,S1A_IW_GRDH_1SDV_20251214T055834_20251214T055859_062307_07CD62_B45A,VH,1464,"bulk_carrier,container_ship,crude_oil_tanker,dredger,fishing_vessel,general_cargo,heavy_load_carrier,lpg_lng_tanker,offshore_supply,passenger_ship,pilot_port_tender,pleasure_craft,product_chemical_tanker,reefer_cargo,ro_ro_vehicle_carrier,sailing_vessel,ship_untyped,tug_towing"
Rotterdam,S1A_IW_GRDH_1SDV_20251226T055832_20251226T055857_062482_07D430_A244,VH,1334,"bulk_carrier,container_ship,crude_oil_tanker,dredger,fishing_vessel,general_cargo,heavy_load_carrier,lpg_lng_tanker,offshore_supply,passenger_ship,pilot_port_tender,pleasure_craft,product_chemical_tanker,reefer_cargo,ro_ro_vehicle_carrier,sailing_vessel,ship_untyped,tug_towing"
Rotterdam,S1A_IW_GRDH_1SDV_20260224T055828_20260224T055853_063357_07F51A_CAA5,VH,1507,"bulk_carrier,container_ship,crude_oil_tanker,dredger,fishing_vessel,general_cargo,heavy_load_carrier,lpg_lng_tanker,offshore_supply,passenger_ship,pilot_port_tender,pleasure_craft,product_chemical_tanker,reefer_cargo,ro_ro_vehicle_carrier,sailing_vessel,ship_untyped,tug_towing"
Rotterdam,S1A_IW_GRDH_1SDV_20250112T055841_20250112T055906_057407_07110D_854D,VV,2328,"bulk_carrier,container_ship,crude_oil_tanker,dredger,fishing_vessel,general_cargo,heavy_load_carrier,lpg_lng_tanker,offshore_supply,passenger_ship,pilot_port_tender,pleasure_craft,product_chemical_tanker,reefer_cargo,ro_ro_vehicle_carrier,sailing_vessel,ship_untyped,tug_towing"
Rotterdam,S1A_IW_GRDH_1SDV_20250217T055839_20250217T055904_057932_0725F5_9F4A,VV,1649,"bulk_carrier,container_ship,crude_oil_tanker,dredger,fishing_vessel,general_cargo,heavy_load_carrier,lpg_lng_tanker,offshore_supply,passenger_ship,pilot_port_tender,pleasure_craft,product_chemical_tanker,reefer_cargo,ro_ro_vehicle_carrier,sailing_vessel,ship_untyped,tug_towing"
Rotterdam,S1A_IW_GRDH_1SDV_20250418T055840_20250418T055905_058807_074958_2BFC,VV,2472,"bulk_carrier,container_ship,crude_oil_tanker,dredger,fishing_vessel,general_cargo,heavy_load_carrier,lpg_lng_tanker,offshore_supply,passenger_ship,pilot_port_tender,pleasure_craft,product_chemical_tanker,reefer_cargo,ro_ro_vehicle_carrier,sailing_vessel,ship_untyped,tug_towing"
Rotterdam,S1A_IW_GRDH_1SDV_20250711T055837_20250711T055902_060032_077547_699B,VV,1540,"bulk_carrier,container_ship,crude_oil_tanker,dredger,fishing_vessel,general_cargo,heavy_load_carrier,lpg_lng_tanker,offshore_supply,passenger_ship,pilot_port_tender,pleasure_craft,product_chemical_tanker,reefer_cargo,ro_ro_vehicle_carrier,sailing_vessel,ship_untyped,tug_towing"
Rotterdam,S1A_IW_GRDH_1SDV_20250909T055837_20250909T055902_060907_0795EC_8CC1,VV,1466,"bulk_carrier,container_ship,crude_oil_tanker,dredger,fishing_vessel,general_cargo,heavy_load_carrier,lpg_lng_tanker,offshore_supply,passenger_ship,pilot_port_tender,pleasure_craft,product_chemical_tanker,reefer_cargo,ro_ro_vehicle_carrier,sailing_vessel,ship_untyped,tug_towing"
Rotterdam,S1A_IW_GRDH_1SDV_20251027T055837_20251027T055902_061607_07B211_E251,VV,815,"bulk_carrier,container_ship,crude_oil_tanker,dredger,fishing_vessel,general_cargo,heavy_load_carrier,lpg_lng_tanker,offshore_supply,passenger_ship,pilot_port_tender,pleasure_craft,product_chemical_tanker,reefer_cargo,ro_ro_vehicle_carrier,sailing_vessel,ship_untyped,tug_towing"
Rotterdam,S1A_IW_GRDH_1SDV_20251120T055836_20251120T055901_061957_07BFB6_DC2D,VV,1237,"bulk_carrier,container_ship,crude_oil_tanker,dredger,fishing_vessel,general_cargo,heavy_load_carrier,lpg_lng_tanker,offshore_supply,passenger_ship,pilot_port_tender,pleasure_craft,product_chemical_tanker,reefer_cargo,ro_ro_vehicle_carrier,sailing_vessel,ship_untyped,tug_towing"
Rotterdam,S1A_IW_GRDH_1SDV_20251202T055835_20251202T055900_062132_07C68A_27C0,VV,1295,"bulk_carrier,container_ship,crude_oil_tanker,dredger,fishing_vessel,general_cargo,heavy_load_carrier,lpg_lng_tanker,offshore_supply,passenger_ship,pilot_port_tender,pleasure_craft,product_chemical_tanker,reefer_cargo,ro_ro_vehicle_carrier,sailing_vessel,ship_untyped,tug_towing"
Rotterdam,S1A_IW_GRDH_1SDV_20251214T055834_20251214T055859_062307_07CD62_B45A,VV,1394,"bulk_carrier,container_ship,crude_oil_tanker,dredger,fishing_vessel,general_cargo,heavy_load_carrier,lpg_lng_tanker,offshore_supply,passenger_ship,pilot_port_tender,pleasure_craft,product_chemical_tanker,reefer_cargo,ro_ro_vehicle_carrier,sailing_vessel,ship_untyped,tug_towing"
Rotterdam,S1A_IW_GRDH_1SDV_20251226T055832_20251226T055857_062482_07D430_A244,VV,1253,"bulk_carrier,container_ship,crude_oil_tanker,dredger,fishing_vessel,general_cargo,heavy_load_carrier,lpg_lng_tanker,offshore_supply,passenger_ship,pilot_port_tender,pleasure_craft,product_chemical_tanker,reefer_cargo,ro_ro_vehicle_carrier,sailing_vessel,ship_untyped,tug_towing"
Rotterdam,S1A_IW_GRDH_1SDV_20260224T055828_20260224T055853_063357_07F51A_CAA5,VV,1492,"bulk_carrier,container_ship,crude_oil_tanker,dredger,fishing_vessel,general_cargo,heavy_load_carrier,lpg_lng_tanker,offshore_supply,passenger_ship,pilot_port_tender,pleasure_craft,product_chemical_tanker,reefer_cargo,ro_ro_vehicle_carrier,sailing_vessel,ship_untyped,tug_towing"
Santos,S1A_IW_GRDH_1SDV_20250213T083110_20250213T083139_057875_0723AA_0832,VH,128,"bulk_carrier,container_ship,crude_oil_tanker,dredger,fishing_vessel,general_cargo,heavy_load_carrier,lpg_lng_tanker,offshore_supply,passenger_ship,pilot_port_tender,pleasure_craft,product_chemical_tanker,reefer_cargo,ro_ro_vehicle_carrier,sailing_vessel,ship_untyped,tug_towing"
Santos,S1A_IW_GRDH_1SDV_20250309T083110_20250309T083139_058225_0731F2_0C8F,VH,139,"bulk_carrier,container_ship,crude_oil_tanker,dredger,fishing_vessel,general_cargo,heavy_load_carrier,lpg_lng_tanker,offshore_supply,passenger_ship,pilot_port_tender,pleasure_craft,product_chemical_tanker,reefer_cargo,ro_ro_vehicle_carrier,sailing_vessel,ship_untyped,tug_towing"
Santos,S1C_IW_GRDH_1SDV_20250526T083012_20250526T083037_002499_00535A_A7A9,VH,132,"bulk_carrier,container_ship,crude_oil_tanker,dredger,fishing_vessel,general_cargo,heavy_load_carrier,lpg_lng_tanker,offshore_supply,passenger_ship,pilot_port_tender,pleasure_craft,product_chemical_tanker,reefer_cargo,ro_ro_vehicle_carrier,sailing_vessel,ship_untyped,tug_towing"
Santos,S1C_IW_GRDH_1SDV_20250607T083013_20250607T083038_002674_005863_339E,VH,118,"bulk_carrier,container_ship,crude_oil_tanker,dredger,fishing_vessel,general_cargo,heavy_load_carrier,lpg_lng_tanker,offshore_supply,passenger_ship,pilot_port_tender,pleasure_craft,product_chemical_tanker,reefer_cargo,ro_ro_vehicle_carrier,sailing_vessel,ship_untyped,tug_towing"
Santos,S1C_IW_GRDH_1SDV_20250619T083013_20250619T083038_002849_005D71_762B,VH,124,"bulk_carrier,container_ship,crude_oil_tanker,dredger,fishing_vessel,general_cargo,heavy_load_carrier,lpg_lng_tanker,offshore_supply,passenger_ship,pilot_port_tender,pleasure_craft,product_chemical_tanker,reefer_cargo,ro_ro_vehicle_carrier,sailing_vessel,ship_untyped,tug_towing"
Santos,S1C_IW_GRDH_1SDV_20250713T083015_20250713T083040_003199_006788_CF0A,VH,160,"bulk_carrier,container_ship,crude_oil_tanker,dredger,fishing_vessel,general_cargo,heavy_load_carrier,lpg_lng_tanker,offshore_supply,passenger_ship,pilot_port_tender,pleasure_craft,product_chemical_tanker,reefer_cargo,ro_ro_vehicle_carrier,sailing_vessel,ship_untyped,tug_towing"
Santos,S1C_IW_GRDH_1SDV_20250725T083016_20250725T083041_003374_006C9F_DCD2,VH,159,"bulk_carrier,container_ship,crude_oil_tanker,dredger,fishing_vessel,general_cargo,heavy_load_carrier,lpg_lng_tanker,offshore_supply,passenger_ship,pilot_port_tender,pleasure_craft,product_chemical_tanker,reefer_cargo,ro_ro_vehicle_carrier,sailing_vessel,ship_untyped,tug_towing"
Santos,S1C_IW_GRDH_1SDV_20250806T083016_20250806T083041_003549_0071C1_63F3,VH,226,"bulk_carrier,container_ship,crude_oil_tanker,dredger,fishing_vessel,general_cargo,heavy_load_carrier,lpg_lng_tanker,offshore_supply,passenger_ship,pilot_port_tender,pleasure_craft,product_chemical_tanker,reefer_cargo,ro_ro_vehicle_carrier,sailing_vessel,ship_untyped,tug_towing"
Santos,S1C_IW_GRDH_1SDV_20250923T083018_20250923T083043_004249_0086DF_07F5,VH,155,"bulk_carrier,container_ship,crude_oil_tanker,dredger,fishing_vessel,general_cargo,heavy_load_carrier,lpg_lng_tanker,offshore_supply,passenger_ship,pilot_port_tender,pleasure_craft,product_chemical_tanker,reefer_cargo,ro_ro_vehicle_carrier,sailing_vessel,ship_untyped,tug_towing"
Santos,S1C_IW_GRDH_1SDV_20251005T083018_20251005T083043_004424_008C38_8E9B,VH,150,"bulk_carrier,container_ship,crude_oil_tanker,dredger,fishing_vessel,general_cargo,heavy_load_carrier,lpg_lng_tanker,offshore_supply,passenger_ship,pilot_port_tender,pleasure_craft,product_chemical_tanker,reefer_cargo,ro_ro_vehicle_carrier,sailing_vessel,ship_untyped,tug_towing"
Santos,S1C_IW_GRDH_1SDV_20251017T083018_20251017T083043_004599_009184_9E4E,VH,172,"bulk_carrier,container_ship,crude_oil_tanker,dredger,fishing_vessel,general_cargo,heavy_load_carrier,lpg_lng_tanker,offshore_supply,passenger_ship,pilot_port_tender,pleasure_craft,product_chemical_tanker,reefer_cargo,ro_ro_vehicle_carrier,sailing_vessel,ship_untyped,tug_towing"
Santos,S1C_IW_GRDH_1SDV_20251110T083017_20251110T083042_004949_009CA9_3A13,VH,145,"bulk_carrier,container_ship,crude_oil_tanker,dredger,fishing_vessel,general_cargo,heavy_load_carrier,lpg_lng_tanker,offshore_supply,passenger_ship,pilot_port_tender,pleasure_craft,product_chemical_tanker,reefer_cargo,ro_ro_vehicle_carrier,sailing_vessel,ship_untyped,tug_towing"
Santos,S1C_IW_GRDH_1SDV_20251204T083017_20251204T083042_005299_00A86E_347C,VH,85,"bulk_carrier,container_ship,crude_oil_tanker,dredger,fishing_vessel,general_cargo,heavy_load_carrier,lpg_lng_tanker,offshore_supply,passenger_ship,pilot_port_tender,pleasure_craft,product_chemical_tanker,reefer_cargo,ro_ro_vehicle_carrier,sailing_vessel,ship_untyped,tug_towing"
Santos,S1C_IW_GRDH_1SDV_20251216T083016_20251216T083041_005474_00AE73_758D,VH,93,"bulk_carrier,container_ship,crude_oil_tanker,dredger,fishing_vessel,general_cargo,heavy_load_carrier,lpg_lng_tanker,offshore_supply,passenger_ship,pilot_port_tender,pleasure_craft,product_chemical_tanker,reefer_cargo,ro_ro_vehicle_carrier,sailing_vessel,ship_untyped,tug_towing"
Santos,S1C_IW_GRDH_1SDV_20251228T083015_20251228T083040_005649_00B479_86EE,VH,84,"bulk_carrier,container_ship,crude_oil_tanker,dredger,fishing_vessel,general_cargo,heavy_load_carrier,lpg_lng_tanker,offshore_supply,passenger_ship,pilot_port_tender,pleasure_craft,product_chemical_tanker,reefer_cargo,ro_ro_vehicle_carrier,sailing_vessel,ship_untyped,tug_towing"
Santos,S1A_IW_GRDH_1SDV_20250213T083110_20250213T083139_057875_0723AA_0832,VV,221,"bulk_carrier,container_ship,crude_oil_tanker,dredger,fishing_vessel,general_cargo,heavy_load_carrier,lpg_lng_tanker,offshore_supply,passenger_ship,pilot_port_tender,pleasure_craft,product_chemical_tanker,reefer_cargo,ro_ro_vehicle_carrier,sailing_vessel,ship_untyped,tug_towing"
Santos,S1A_IW_GRDH_1SDV_20250309T083110_20250309T083139_058225_0731F2_0C8F,VV,294,"bulk_carrier,container_ship,crude_oil_tanker,dredger,fishing_vessel,general_cargo,heavy_load_carrier,lpg_lng_tanker,offshore_supply,passenger_ship,pilot_port_tender,pleasure_craft,product_chemical_tanker,reefer_cargo,ro_ro_vehicle_carrier,sailing_vessel,ship_untyped,tug_towing"
Santos,S1C_IW_GRDH_1SDV_20250526T083012_20250526T083037_002499_00535A_A7A9,VV,143,"bulk_carrier,container_ship,crude_oil_tanker,dredger,fishing_vessel,general_cargo,heavy_load_carrier,lpg_lng_tanker,offshore_supply,passenger_ship,pilot_port_tender,pleasure_craft,product_chemical_tanker,reefer_cargo,ro_ro_vehicle_carrier,sailing_vessel,ship_untyped,tug_towing"
Santos,S1C_IW_GRDH_1SDV_20250607T083013_20250607T083038_002674_005863_339E,VV,120,"bulk_carrier,container_ship,crude_oil_tanker,dredger,fishing_vessel,general_cargo,heavy_load_carrier,lpg_lng_tanker,offshore_supply,passenger_ship,pilot_port_tender,pleasure_craft,product_chemical_tanker,reefer_cargo,ro_ro_vehicle_carrier,sailing_vessel,ship_untyped,tug_towing"
Santos,S1C_IW_GRDH_1SDV_20250619T083013_20250619T083038_002849_005D71_762B,VV,163,"bulk_carrier,container_ship,crude_oil_tanker,dredger,fishing_vessel,general_cargo,heavy_load_carrier,lpg_lng_tanker,offshore_supply,passenger_ship,pilot_port_tender,pleasure_craft,product_chemical_tanker,reefer_cargo,ro_ro_vehicle_carrier,sailing_vessel,ship_untyped,tug_towing"
Santos,S1C_IW_GRDH_1SDV_20250713T083015_20250713T083040_003199_006788_CF0A,VV,152,"bulk_carrier,container_ship,crude_oil_tanker,dredger,fishing_vessel,general_cargo,heavy_load_carrier,lpg_lng_tanker,offshore_supply,passenger_ship,pilot_port_tender,pleasure_craft,product_chemical_tanker,reefer_cargo,ro_ro_vehicle_carrier,sailing_vessel,ship_untyped,tug_towing"
Santos,S1C_IW_GRDH_1SDV_20250725T083016_20250725T083041_003374_006C9F_DCD2,VV,148,"bulk_carrier,container_ship,crude_oil_tanker,dredger,fishing_vessel,general_cargo,heavy_load_carrier,lpg_lng_tanker,offshore_supply,passenger_ship,pilot_port_tender,pleasure_craft,product_chemical_tanker,reefer_cargo,ro_ro_vehicle_carrier,sailing_vessel,ship_untyped,tug_towing"
Santos,S1C_IW_GRDH_1SDV_20250806T083016_20250806T083041_003549_0071C1_63F3,VV,223,"bulk_carrier,container_ship,crude_oil_tanker,dredger,fishing_vessel,general_cargo,heavy_load_carrier,lpg_lng_tanker,offshore_supply,passenger_ship,pilot_port_tender,pleasure_craft,product_chemical_tanker,reefer_cargo,ro_ro_vehicle_carrier,sailing_vessel,ship_untyped,tug_towing"
Santos,S1C_IW_GRDH_1SDV_20250923T083018_20250923T083043_004249_0086DF_07F5,VV,229,"bulk_carrier,container_ship,crude_oil_tanker,dredger,fishing_vessel,general_cargo,heavy_load_carrier,lpg_lng_tanker,offshore_supply,passenger_ship,pilot_port_tender,pleasure_craft,product_chemical_tanker,reefer_cargo,ro_ro_vehicle_carrier,sailing_vessel,ship_untyped,tug_towing"
Santos,S1C_IW_GRDH_1SDV_20251005T083018_20251005T083043_004424_008C38_8E9B,VV,708,"bulk_carrier,container_ship,crude_oil_tanker,dredger,fishing_vessel,general_cargo,heavy_load_carrier,lpg_lng_tanker,offshore_supply,passenger_ship,pilot_port_tender,pleasure_craft,product_chemical_tanker,reefer_cargo,ro_ro_vehicle_carrier,sailing_vessel,ship_untyped,tug_towing"
Santos,S1C_IW_GRDH_1SDV_20251017T083018_20251017T083043_004599_009184_9E4E,VV,216,"bulk_carrier,container_ship,crude_oil_tanker,dredger,fishing_vessel,general_cargo,heavy_load_carrier,lpg_lng_tanker,offshore_supply,passenger_ship,pilot_port_tender,pleasure_craft,product_chemical_tanker,reefer_cargo,ro_ro_vehicle_carrier,sailing_vessel,ship_untyped,tug_towing"
Santos,S1C_IW_GRDH_1SDV_20251110T083017_20251110T083042_004949_009CA9_3A13,VV,144,"bulk_carrier,container_ship,crude_oil_tanker,dredger,fishing_vessel,general_cargo,heavy_load_carrier,lpg_lng_tanker,offshore_supply,passenger_ship,pilot_port_tender,pleasure_craft,product_chemical_tanker,reefer_cargo,ro_ro_vehicle_carrier,sailing_vessel,ship_untyped,tug_towing"
Santos,S1C_IW_GRDH_1SDV_20251204T083017_20251204T083042_005299_00A86E_347C,VV,88,"bulk_carrier,container_ship,crude_oil_tanker,dredger,fishing_vessel,general_cargo,heavy_load_carrier,lpg_lng_tanker,offshore_supply,passenger_ship,pilot_port_tender,pleasure_craft,product_chemical_tanker,reefer_cargo,ro_ro_vehicle_carrier,sailing_vessel,ship_untyped,tug_towing"
Santos,S1C_IW_GRDH_1SDV_20251216T083016_20251216T083041_005474_00AE73_758D,VV,112,"bulk_carrier,container_ship,crude_oil_tanker,dredger,fishing_vessel,general_cargo,heavy_load_carrier,lpg_lng_tanker,offshore_supply,passenger_ship,pilot_port_tender,pleasure_craft,product_chemical_tanker,reefer_cargo,ro_ro_vehicle_carrier,sailing_vessel,ship_untyped,tug_towing"
Santos,S1C_IW_GRDH_1SDV_20251228T083015_20251228T083040_005649_00B479_86EE,VV,86,"bulk_carrier,container_ship,crude_oil_tanker,dredger,fishing_vessel,general_cargo,heavy_load_carrier,lpg_lng_tanker,offshore_supply,passenger_ship,pilot_port_tender,pleasure_craft,product_chemical_tanker,reefer_cargo,ro_ro_vehicle_carrier,sailing_vessel,ship_untyped,tug_towing"
Shanghai,S1A_IW_GRDH_1SDV_20250422T095504_20250422T095529_058868_074BDE_2A15,VH,2391,"bulk_carrier,container_ship,crude_oil_tanker,dredger,fishing_vessel,general_cargo,heavy_load_carrier,lpg_lng_tanker,offshore_supply,passenger_ship,pilot_port_tender,pleasure_craft,product_chemical_tanker,reefer_cargo,ro_ro_vehicle_carrier,sailing_vessel,ship_untyped,tug_towing"
Shanghai,S1A_IW_GRDH_1SDV_20250504T095504_20250504T095529_059043_0752E1_E126,VH,2248,"bulk_carrier,container_ship,crude_oil_tanker,dredger,fishing_vessel,general_cargo,heavy_load_carrier,lpg_lng_tanker,offshore_supply,passenger_ship,pilot_port_tender,pleasure_craft,product_chemical_tanker,reefer_cargo,ro_ro_vehicle_carrier,sailing_vessel,ship_untyped,tug_towing"
Shanghai,S1A_IW_GRDH_1SDV_20250516T095504_20250516T095529_059218_07592B_0FC8,VH,2182,"bulk_carrier,container_ship,crude_oil_tanker,dredger,fishing_vessel,general_cargo,heavy_load_carrier,lpg_lng_tanker,offshore_supply,passenger_ship,pilot_port_tender,pleasure_craft,product_chemical_tanker,reefer_cargo,ro_ro_vehicle_carrier,sailing_vessel,ship_untyped,tug_towing"
Shanghai,S1A_IW_GRDH_1SDV_20250528T095503_20250528T095528_059393_075F43_DC80,VH,2137,"bulk_carrier,container_ship,crude_oil_tanker,dredger,fishing_vessel,general_cargo,heavy_load_carrier,lpg_lng_tanker,offshore_supply,passenger_ship,pilot_port_tender,pleasure_craft,product_chemical_tanker,reefer_cargo,ro_ro_vehicle_carrier,sailing_vessel,ship_untyped,tug_towing"
Shanghai,S1A_IW_GRDH_1SDV_20250609T095503_20250609T095528_059568_07653B_1E66,VH,2345,"bulk_carrier,container_ship,crude_oil_tanker,dredger,fishing_vessel,general_cargo,heavy_load_carrier,lpg_lng_tanker,offshore_supply,passenger_ship,pilot_port_tender,pleasure_craft,product_chemical_tanker,reefer_cargo,ro_ro_vehicle_carrier,sailing_vessel,ship_untyped,tug_towing"
Shanghai,S1A_IW_GRDH_1SDV_20250621T095502_20250621T095527_059743_076B46_2434,VH,2170,"bulk_carrier,container_ship,crude_oil_tanker,dredger,fishing_vessel,general_cargo,heavy_load_carrier,lpg_lng_tanker,offshore_supply,passenger_ship,pilot_port_tender,pleasure_craft,product_chemical_tanker,reefer_cargo,ro_ro_vehicle_carrier,sailing_vessel,ship_untyped,tug_towing"
Shanghai,S1A_IW_GRDH_1SDV_20250715T095501_20250715T095526_060093_077760_4889,VH,1678,"bulk_carrier,container_ship,crude_oil_tanker,dredger,fishing_vessel,general_cargo,heavy_load_carrier,lpg_lng_tanker,offshore_supply,passenger_ship,pilot_port_tender,pleasure_craft,product_chemical_tanker,reefer_cargo,ro_ro_vehicle_carrier,sailing_vessel,ship_untyped,tug_towing"
Shanghai,S1A_IW_GRDH_1SDV_20250727T095501_20250727T095526_060268_077D68_FED2,VH,1605,"bulk_carrier,container_ship,crude_oil_tanker,dredger,fishing_vessel,general_cargo,heavy_load_carrier,lpg_lng_tanker,offshore_supply,passenger_ship,pilot_port_tender,pleasure_craft,product_chemical_tanker,reefer_cargo,ro_ro_vehicle_carrier,sailing_vessel,ship_untyped,tug_towing"
Shanghai,S1A_IW_GRDH_1SDV_20250808T095500_20250808T095525_060443_078391_5813,VH,2034,"bulk_carrier,container_ship,crude_oil_tanker,dredger,fishing_vessel,general_cargo,heavy_load_carrier,lpg_lng_tanker,offshore_supply,passenger_ship,pilot_port_tender,pleasure_craft,product_chemical_tanker,reefer_cargo,ro_ro_vehicle_carrier,sailing_vessel,ship_untyped,tug_towing"
Shanghai,S1A_IW_GRDH_1SDV_20250820T095500_20250820T095525_060618_078A74_9040,VH,1918,"bulk_carrier,container_ship,crude_oil_tanker,dredger,fishing_vessel,general_cargo,heavy_load_carrier,lpg_lng_tanker,offshore_supply,passenger_ship,pilot_port_tender,pleasure_craft,product_chemical_tanker,reefer_cargo,ro_ro_vehicle_carrier,sailing_vessel,ship_untyped,tug_towing"
Shanghai,S1A_IW_GRDH_1SDV_20250913T095501_20250913T095526_060968_07985B_0B8B,VH,1699,"bulk_carrier,container_ship,crude_oil_tanker,dredger,fishing_vessel,general_cargo,heavy_load_carrier,lpg_lng_tanker,offshore_supply,passenger_ship,pilot_port_tender,pleasure_craft,product_chemical_tanker,reefer_cargo,ro_ro_vehicle_carrier,sailing_vessel,ship_untyped,tug_towing"
Shanghai,S1A_IW_GRDH_1SDV_20250925T095501_20250925T095526_061143_079F62_43F4,VH,1823,"bulk_carrier,container_ship,crude_oil_tanker,dredger,fishing_vessel,general_cargo,heavy_load_carrier,lpg_lng_tanker,offshore_supply,passenger_ship,pilot_port_tender,pleasure_craft,product_chemical_tanker,reefer_cargo,ro_ro_vehicle_carrier,sailing_vessel,ship_untyped,tug_towing"
Shanghai,S1A_IW_GRDH_1SDV_20251007T095502_20251007T095527_061318_07A66F_9734,VH,2070,"bulk_carrier,container_ship,crude_oil_tanker,dredger,fishing_vessel,general_cargo,heavy_load_carrier,lpg_lng_tanker,offshore_supply,passenger_ship,pilot_port_tender,pleasure_craft,product_chemical_tanker,reefer_cargo,ro_ro_vehicle_carrier,sailing_vessel,ship_untyped,tug_towing"
Shanghai,S1A_IW_GRDH_1SDV_20251019T095501_20251019T095526_061493_07AD75_C893,VH,1425,"bulk_carrier,container_ship,crude_oil_tanker,dredger,fishing_vessel,general_cargo,heavy_load_carrier,lpg_lng_tanker,offshore_supply,passenger_ship,pilot_port_tender,pleasure_craft,product_chemical_tanker,reefer_cargo,ro_ro_vehicle_carrier,sailing_vessel,ship_untyped,tug_towing"
Shanghai,S1A_IW_GRDH_1SDV_20251031T095501_20251031T095526_061668_07B482_E582,VH,1907,"bulk_carrier,container_ship,crude_oil_tanker,dredger,fishing_vessel,general_cargo,heavy_load_carrier,lpg_lng_tanker,offshore_supply,passenger_ship,pilot_port_tender,pleasure_craft,product_chemical_tanker,reefer_cargo,ro_ro_vehicle_carrier,sailing_vessel,ship_untyped,tug_towing"
Shanghai,S1A_IW_GRDH_1SDV_20251112T095500_20251112T095525_061843_07BB43_791B,VH,1676,"bulk_carrier,container_ship,crude_oil_tanker,dredger,fishing_vessel,general_cargo,heavy_load_carrier,lpg_lng_tanker,offshore_supply,passenger_ship,pilot_port_tender,pleasure_craft,product_chemical_tanker,reefer_cargo,ro_ro_vehicle_carrier,sailing_vessel,ship_untyped,tug_towing"
Shanghai,S1A_IW_GRDH_1SDV_20251124T095500_20251124T095525_062018_07C214_828E,VH,1726,"bulk_carrier,container_ship,crude_oil_tanker,dredger,fishing_vessel,general_cargo,heavy_load_carrier,lpg_lng_tanker,offshore_supply,passenger_ship,pilot_port_tender,pleasure_craft,product_chemical_tanker,reefer_cargo,ro_ro_vehicle_carrier,sailing_vessel,ship_untyped,tug_towing"
Shanghai,S1A_IW_GRDH_1SDV_20251206T095458_20251206T095523_062193_07C8EB_18F6,VH,2005,"bulk_carrier,container_ship,crude_oil_tanker,dredger,fishing_vessel,general_cargo,heavy_load_carrier,lpg_lng_tanker,offshore_supply,passenger_ship,pilot_port_tender,pleasure_craft,product_chemical_tanker,reefer_cargo,ro_ro_vehicle_carrier,sailing_vessel,ship_untyped,tug_towing"
Shanghai,S1A_IW_GRDH_1SDV_20251218T095457_20251218T095522_062368_07CFBE_85B2,VH,1983,"bulk_carrier,container_ship,crude_oil_tanker,dredger,fishing_vessel,general_cargo,heavy_load_carrier,lpg_lng_tanker,offshore_supply,passenger_ship,pilot_port_tender,pleasure_craft,product_chemical_tanker,reefer_cargo,ro_ro_vehicle_carrier,sailing_vessel,ship_untyped,tug_towing"
Shanghai,S1A_IW_GRDH_1SDV_20251230T095456_20251230T095521_062543_07D685_E32F,VH,1813,"bulk_carrier,container_ship,crude_oil_tanker,dredger,fishing_vessel,general_cargo,heavy_load_carrier,lpg_lng_tanker,offshore_supply,passenger_ship,pilot_port_tender,pleasure_craft,product_chemical_tanker,reefer_cargo,ro_ro_vehicle_carrier,sailing_vessel,ship_untyped,tug_towing"
Shanghai,S1A_IW_GRDH_1SDV_20250422T095504_20250422T095529_058868_074BDE_2A15,VV,2590,"bulk_carrier,container_ship,crude_oil_tanker,dredger,fishing_vessel,general_cargo,heavy_load_carrier,lpg_lng_tanker,offshore_supply,passenger_ship,pilot_port_tender,pleasure_craft,product_chemical_tanker,reefer_cargo,ro_ro_vehicle_carrier,sailing_vessel,ship_untyped,tug_towing"
Shanghai,S1A_IW_GRDH_1SDV_20250504T095504_20250504T095529_059043_0752E1_E126,VV,2355,"bulk_carrier,container_ship,crude_oil_tanker,dredger,fishing_vessel,general_cargo,heavy_load_carrier,lpg_lng_tanker,offshore_supply,passenger_ship,pilot_port_tender,pleasure_craft,product_chemical_tanker,reefer_cargo,ro_ro_vehicle_carrier,sailing_vessel,ship_untyped,tug_towing"
Shanghai,S1A_IW_GRDH_1SDV_20250516T095504_20250516T095529_059218_07592B_0FC8,VV,2348,"bulk_carrier,container_ship,crude_oil_tanker,dredger,fishing_vessel,general_cargo,heavy_load_carrier,lpg_lng_tanker,offshore_supply,passenger_ship,pilot_port_tender,pleasure_craft,product_chemical_tanker,reefer_cargo,ro_ro_vehicle_carrier,sailing_vessel,ship_untyped,tug_towing"
Shanghai,S1A_IW_GRDH_1SDV_20250528T095503_20250528T095528_059393_075F43_DC80,VV,2294,"bulk_carrier,container_ship,crude_oil_tanker,dredger,fishing_vessel,general_cargo,heavy_load_carrier,lpg_lng_tanker,offshore_supply,passenger_ship,pilot_port_tender,pleasure_craft,product_chemical_tanker,reefer_cargo,ro_ro_vehicle_carrier,sailing_vessel,ship_untyped,tug_towing"
Shanghai,S1A_IW_GRDH_1SDV_20250609T095503_20250609T095528_059568_07653B_1E66,VV,2486,"bulk_carrier,container_ship,crude_oil_tanker,dredger,fishing_vessel,general_cargo,heavy_load_carrier,lpg_lng_tanker,offshore_supply,passenger_ship,pilot_port_tender,pleasure_craft,product_chemical_tanker,reefer_cargo,ro_ro_vehicle_carrier,sailing_vessel,ship_untyped,tug_towing"
Shanghai,S1A_IW_GRDH_1SDV_20250621T095502_20250621T095527_059743_076B46_2434,VV,2377,"bulk_carrier,container_ship,crude_oil_tanker,dredger,fishing_vessel,general_cargo,heavy_load_carrier,lpg_lng_tanker,offshore_supply,passenger_ship,pilot_port_tender,pleasure_craft,product_chemical_tanker,reefer_cargo,ro_ro_vehicle_carrier,sailing_vessel,ship_untyped,tug_towing"
Shanghai,S1A_IW_GRDH_1SDV_20250715T095501_20250715T095526_060093_077760_4889,VV,1648,"bulk_carrier,container_ship,crude_oil_tanker,dredger,fishing_vessel,general_cargo,heavy_load_carrier,lpg_lng_tanker,offshore_supply,passenger_ship,pilot_port_tender,pleasure_craft,product_chemical_tanker,reefer_cargo,ro_ro_vehicle_carrier,sailing_vessel,ship_untyped,tug_towing"
Shanghai,S1A_IW_GRDH_1SDV_20250727T095501_20250727T095526_060268_077D68_FED2,VV,1413,"bulk_carrier,container_ship,crude_oil_tanker,dredger,fishing_vessel,general_cargo,heavy_load_carrier,lpg_lng_tanker,offshore_supply,passenger_ship,pilot_port_tender,pleasure_craft,product_chemical_tanker,reefer_cargo,ro_ro_vehicle_carrier,sailing_vessel,ship_untyped,tug_towing"
Shanghai,S1A_IW_GRDH_1SDV_20250808T095500_20250808T095525_060443_078391_5813,VV,1890,"bulk_carrier,container_ship,crude_oil_tanker,dredger,fishing_vessel,general_cargo,heavy_load_carrier,lpg_lng_tanker,offshore_supply,passenger_ship,pilot_port_tender,pleasure_craft,product_chemical_tanker,reefer_cargo,ro_ro_vehicle_carrier,sailing_vessel,ship_untyped,tug_towing"
Shanghai,S1A_IW_GRDH_1SDV_20250820T095500_20250820T095525_060618_078A74_9040,VV,1790,"bulk_carrier,container_ship,crude_oil_tanker,dredger,fishing_vessel,general_cargo,heavy_load_carrier,lpg_lng_tanker,offshore_supply,passenger_ship,pilot_port_tender,pleasure_craft,product_chemical_tanker,reefer_cargo,ro_ro_vehicle_carrier,sailing_vessel,ship_untyped,tug_towing"
Shanghai,S1A_IW_GRDH_1SDV_20250913T095501_20250913T095526_060968_07985B_0B8B,VV,1555,"bulk_carrier,container_ship,crude_oil_tanker,dredger,fishing_vessel,general_cargo,heavy_load_carrier,lpg_lng_tanker,offshore_supply,passenger_ship,pilot_port_tender,pleasure_craft,product_chemical_tanker,reefer_cargo,ro_ro_vehicle_carrier,sailing_vessel,ship_untyped,tug_towing"
Shanghai,S1A_IW_GRDH_1SDV_20250925T095501_20250925T095526_061143_079F62_43F4,VV,1610,"bulk_carrier,container_ship,crude_oil_tanker,dredger,fishing_vessel,general_cargo,heavy_load_carrier,lpg_lng_tanker,offshore_supply,passenger_ship,pilot_port_tender,pleasure_craft,product_chemical_tanker,reefer_cargo,ro_ro_vehicle_carrier,sailing_vessel,ship_untyped,tug_towing"
Shanghai,S1A_IW_GRDH_1SDV_20251007T095502_20251007T095527_061318_07A66F_9734,VV,1811,"bulk_carrier,container_ship,crude_oil_tanker,dredger,fishing_vessel,general_cargo,heavy_load_carrier,lpg_lng_tanker,offshore_supply,passenger_ship,pilot_port_tender,pleasure_craft,product_chemical_tanker,reefer_cargo,ro_ro_vehicle_carrier,sailing_vessel,ship_untyped,tug_towing"
Shanghai,S1A_IW_GRDH_1SDV_20251019T095501_20251019T095526_061493_07AD75_C893,VV,1362,"bulk_carrier,container_ship,crude_oil_tanker,dredger,fishing_vessel,general_cargo,heavy_load_carrier,lpg_lng_tanker,offshore_supply,passenger_ship,pilot_port_tender,pleasure_craft,product_chemical_tanker,reefer_cargo,ro_ro_vehicle_carrier,sailing_vessel,ship_untyped,tug_towing"
Shanghai,S1A_IW_GRDH_1SDV_20251031T095501_20251031T095526_061668_07B482_E582,VV,1769,"bulk_carrier,container_ship,crude_oil_tanker,dredger,fishing_vessel,general_cargo,heavy_load_carrier,lpg_lng_tanker,offshore_supply,passenger_ship,pilot_port_tender,pleasure_craft,product_chemical_tanker,reefer_cargo,ro_ro_vehicle_carrier,sailing_vessel,ship_untyped,tug_towing"
Shanghai,S1A_IW_GRDH_1SDV_20251112T095500_20251112T095525_061843_07BB43_791B,VV,1562,"bulk_carrier,container_ship,crude_oil_tanker,dredger,fishing_vessel,general_cargo,heavy_load_carrier,lpg_lng_tanker,offshore_supply,passenger_ship,pilot_port_tender,pleasure_craft,product_chemical_tanker,reefer_cargo,ro_ro_vehicle_carrier,sailing_vessel,ship_untyped,tug_towing"
Shanghai,S1A_IW_GRDH_1SDV_20251124T095500_20251124T095525_062018_07C214_828E,VV,1556,"bulk_carrier,container_ship,crude_oil_tanker,dredger,fishing_vessel,general_cargo,heavy_load_carrier,lpg_lng_tanker,offshore_supply,passenger_ship,pilot_port_tender,pleasure_craft,product_chemical_tanker,reefer_cargo,ro_ro_vehicle_carrier,sailing_vessel,ship_untyped,tug_towing"
Shanghai,S1A_IW_GRDH_1SDV_20251206T095458_20251206T095523_062193_07C8EB_18F6,VV,1731,"bulk_carrier,container_ship,crude_oil_tanker,dredger,fishing_vessel,general_cargo,heavy_load_carrier,lpg_lng_tanker,offshore_supply,passenger_ship,pilot_port_tender,pleasure_craft,product_chemical_tanker,reefer_cargo,ro_ro_vehicle_carrier,sailing_vessel,ship_untyped,tug_towing"
Shanghai,S1A_IW_GRDH_1SDV_20251218T095457_20251218T095522_062368_07CFBE_85B2,VV,1822,"bulk_carrier,container_ship,crude_oil_tanker,dredger,fishing_vessel,general_cargo,heavy_load_carrier,lpg_lng_tanker,offshore_supply,passenger_ship,pilot_port_tender,pleasure_craft,product_chemical_tanker,reefer_cargo,ro_ro_vehicle_carrier,sailing_vessel,ship_untyped,tug_towing"
Shanghai,S1A_IW_GRDH_1SDV_20251230T095456_20251230T095521_062543_07D685_E32F,VV,1688,"bulk_carrier,container_ship,crude_oil_tanker,dredger,fishing_vessel,general_cargo,heavy_load_carrier,lpg_lng_tanker,offshore_supply,passenger_ship,pilot_port_tender,pleasure_craft,product_chemical_tanker,reefer_cargo,ro_ro_vehicle_carrier,sailing_vessel,ship_untyped,tug_towing"
Singapore,S1A_IW_GRDH_1SDV_20250105T224813_20250105T224838_057315_070D6B_4F1E,VH,1204,"bulk_carrier,container_ship,crude_oil_tanker,dredger,fishing_vessel,general_cargo,heavy_load_carrier,lpg_lng_tanker,offshore_supply,passenger_ship,pilot_port_tender,pleasure_craft,product_chemical_tanker,reefer_cargo,ro_ro_vehicle_carrier,sailing_vessel,ship_untyped,tug_towing"
Singapore,S1A_IW_GRDH_1SDV_20250117T224812_20250117T224837_057490_071459_C3D3,VH,1208,"bulk_carrier,container_ship,crude_oil_tanker,dredger,fishing_vessel,general_cargo,heavy_load_carrier,lpg_lng_tanker,offshore_supply,passenger_ship,pilot_port_tender,pleasure_craft,product_chemical_tanker,reefer_cargo,ro_ro_vehicle_carrier,sailing_vessel,ship_untyped,tug_towing"
Singapore,S1A_IW_GRDH_1SDV_20250210T224811_20250210T224836_057840_072244_0469,VH,1281,"bulk_carrier,container_ship,crude_oil_tanker,dredger,fishing_vessel,general_cargo,heavy_load_carrier,lpg_lng_tanker,offshore_supply,passenger_ship,pilot_port_tender,pleasure_craft,product_chemical_tanker,reefer_cargo,ro_ro_vehicle_carrier,sailing_vessel,ship_untyped,tug_towing"
Singapore,S1A_IW_GRDH_1SDV_20250222T224810_20250222T224835_058015_072961_178E,VH,1159,"bulk_carrier,container_ship,crude_oil_tanker,dredger,fishing_vessel,general_cargo,heavy_load_carrier,lpg_lng_tanker,offshore_supply,passenger_ship,pilot_port_tender,pleasure_craft,product_chemical_tanker,reefer_cargo,ro_ro_vehicle_carrier,sailing_vessel,ship_untyped,tug_towing"
Singapore,S1A_IW_GRDH_1SDV_20250306T224811_20250306T224836_058190_07308D_CDA9,VH,1206,"bulk_carrier,container_ship,crude_oil_tanker,dredger,fishing_vessel,general_cargo,heavy_load_carrier,lpg_lng_tanker,offshore_supply,passenger_ship,pilot_port_tender,pleasure_craft,product_chemical_tanker,reefer_cargo,ro_ro_vehicle_carrier,sailing_vessel,ship_untyped,tug_towing"
Singapore,S1A_IW_GRDH_1SDV_20250318T224811_20250318T224836_058365_073771_B1C2,VH,1167,"bulk_carrier,container_ship,crude_oil_tanker,dredger,fishing_vessel,general_cargo,heavy_load_carrier,lpg_lng_tanker,offshore_supply,passenger_ship,pilot_port_tender,pleasure_craft,product_chemical_tanker,reefer_cargo,ro_ro_vehicle_carrier,sailing_vessel,ship_untyped,tug_towing"
Singapore,S1A_IW_GRDH_1SDV_20250330T224811_20250330T224836_058540_073E75_9F1A,VH,1213,"bulk_carrier,container_ship,crude_oil_tanker,dredger,fishing_vessel,general_cargo,heavy_load_carrier,lpg_lng_tanker,offshore_supply,passenger_ship,pilot_port_tender,pleasure_craft,product_chemical_tanker,reefer_cargo,ro_ro_vehicle_carrier,sailing_vessel,ship_untyped,tug_towing"
Singapore,S1A_IW_GRDH_1SDV_20250411T224811_20250411T224836_058715_07459E_9525,VH,1196,"bulk_carrier,container_ship,crude_oil_tanker,dredger,fishing_vessel,general_cargo,heavy_load_carrier,lpg_lng_tanker,offshore_supply,passenger_ship,pilot_port_tender,pleasure_craft,product_chemical_tanker,reefer_cargo,ro_ro_vehicle_carrier,sailing_vessel,ship_untyped,tug_towing"
Singapore,S1A_IW_GRDH_1SDV_20250423T224811_20250423T224836_058890_074CC9_8953,VH,1240,"bulk_carrier,container_ship,crude_oil_tanker,dredger,fishing_vessel,general_cargo,heavy_load_carrier,lpg_lng_tanker,offshore_supply,passenger_ship,pilot_port_tender,pleasure_craft,product_chemical_tanker,reefer_cargo,ro_ro_vehicle_carrier,sailing_vessel,ship_untyped,tug_towing"
Singapore,S1A_IW_GRDH_1SDV_20250505T224811_20250505T224836_059065_0753C1_B8EA,VH,1252,"bulk_carrier,container_ship,crude_oil_tanker,dredger,fishing_vessel,general_cargo,heavy_load_carrier,lpg_lng_tanker,offshore_supply,passenger_ship,pilot_port_tender,pleasure_craft,product_chemical_tanker,reefer_cargo,ro_ro_vehicle_carrier,sailing_vessel,ship_untyped,tug_towing"
Singapore,S1A_IW_GRDH_1SDV_20250609T112534_20250609T112559_059568_076545_1D7F,VH,1157,"bulk_carrier,container_ship,crude_oil_tanker,dredger,fishing_vessel,general_cargo,heavy_load_carrier,lpg_lng_tanker,offshore_supply,passenger_ship,pilot_port_tender,pleasure_craft,product_chemical_tanker,reefer_cargo,ro_ro_vehicle_carrier,sailing_vessel,ship_untyped,tug_towing"
Singapore,S1A_IW_GRDH_1SDV_20250715T112532_20250715T112557_060093_07776A_62D2,VH,1187,"bulk_carrier,container_ship,crude_oil_tanker,dredger,fishing_vessel,general_cargo,heavy_load_carrier,lpg_lng_tanker,offshore_supply,passenger_ship,pilot_port_tender,pleasure_craft,product_chemical_tanker,reefer_cargo,ro_ro_vehicle_carrier,sailing_vessel,ship_untyped,tug_towing"
Singapore,S1A_IW_GRDH_1SDV_20250821T224808_20250821T224833_060640_078B59_E798,VH,1147,"bulk_carrier,container_ship,crude_oil_tanker,dredger,fishing_vessel,general_cargo,heavy_load_carrier,lpg_lng_tanker,offshore_supply,passenger_ship,pilot_port_tender,pleasure_craft,product_chemical_tanker,reefer_cargo,ro_ro_vehicle_carrier,sailing_vessel,ship_untyped,tug_towing"
Singapore,S1A_IW_GRDH_1SDV_20250902T224808_20250902T224833_060815_079241_9713,VH,1123,"bulk_carrier,container_ship,crude_oil_tanker,dredger,fishing_vessel,general_cargo,heavy_load_carrier,lpg_lng_tanker,offshore_supply,passenger_ship,pilot_port_tender,pleasure_craft,product_chemical_tanker,reefer_cargo,ro_ro_vehicle_carrier,sailing_vessel,ship_untyped,tug_towing"
Singapore,S1A_IW_GRDH_1SDV_20250914T224808_20250914T224833_060990_079946_63DA,VH,1242,"bulk_carrier,container_ship,crude_oil_tanker,dredger,fishing_vessel,general_cargo,heavy_load_carrier,lpg_lng_tanker,offshore_supply,passenger_ship,pilot_port_tender,pleasure_craft,product_chemical_tanker,reefer_cargo,ro_ro_vehicle_carrier,sailing_vessel,ship_untyped,tug_towing"
Singapore,S1A_IW_GRDH_1SDV_20250926T224808_20250926T224833_061165_07A04B_FD27,VH,1162,"bulk_carrier,container_ship,crude_oil_tanker,dredger,fishing_vessel,general_cargo,heavy_load_carrier,lpg_lng_tanker,offshore_supply,passenger_ship,pilot_port_tender,pleasure_craft,product_chemical_tanker,reefer_cargo,ro_ro_vehicle_carrier,sailing_vessel,ship_untyped,tug_towing"
Singapore,S1A_IW_GRDH_1SDV_20251008T224809_20251008T224834_061340_07A75B_C1A5,VH,1118,"bulk_carrier,container_ship,crude_oil_tanker,dredger,fishing_vessel,general_cargo,heavy_load_carrier,lpg_lng_tanker,offshore_supply,passenger_ship,pilot_port_tender,pleasure_craft,product_chemical_tanker,reefer_cargo,ro_ro_vehicle_carrier,sailing_vessel,ship_untyped,tug_towing"
Singapore,S1A_IW_GRDH_1SDV_20251020T224808_20251020T224833_061515_07AE62_BC0B,VH,1208,"bulk_carrier,container_ship,crude_oil_tanker,dredger,fishing_vessel,general_cargo,heavy_load_carrier,lpg_lng_tanker,offshore_supply,passenger_ship,pilot_port_tender,pleasure_craft,product_chemical_tanker,reefer_cargo,ro_ro_vehicle_carrier,sailing_vessel,ship_untyped,tug_towing"
Singapore,S1A_IW_GRDH_1SDV_20251101T224808_20251101T224833_061690_07B564_1AD8,VH,1170,"bulk_carrier,container_ship,crude_oil_tanker,dredger,fishing_vessel,general_cargo,heavy_load_carrier,lpg_lng_tanker,offshore_supply,passenger_ship,pilot_port_tender,pleasure_craft,product_chemical_tanker,reefer_cargo,ro_ro_vehicle_carrier,sailing_vessel,ship_untyped,tug_towing"
Singapore,S1A_IW_GRDH_1SDV_20251113T224807_20251113T224832_061865_07BC26_8BE5,VH,1234,"bulk_carrier,container_ship,crude_oil_tanker,dredger,fishing_vessel,general_cargo,heavy_load_carrier,lpg_lng_tanker,offshore_supply,passenger_ship,pilot_port_tender,pleasure_craft,product_chemical_tanker,reefer_cargo,ro_ro_vehicle_carrier,sailing_vessel,ship_untyped,tug_towing"
Singapore,S1A_IW_GRDH_1SDV_20251125T224806_20251125T224831_062040_07C2F5_5BFA,VH,1260,"bulk_carrier,container_ship,crude_oil_tanker,dredger,fishing_vessel,general_cargo,heavy_load_carrier,lpg_lng_tanker,offshore_supply,passenger_ship,pilot_port_tender,pleasure_craft,product_chemical_tanker,reefer_cargo,ro_ro_vehicle_carrier,sailing_vessel,ship_untyped,tug_towing"
Singapore,S1A_IW_GRDH_1SDV_20251207T224805_20251207T224830_062215_07C9D3_13F1,VH,1261,"bulk_carrier,container_ship,crude_oil_tanker,dredger,fishing_vessel,general_cargo,heavy_load_carrier,lpg_lng_tanker,offshore_supply,passenger_ship,pilot_port_tender,pleasure_craft,product_chemical_tanker,reefer_cargo,ro_ro_vehicle_carrier,sailing_vessel,ship_untyped,tug_towing"
Singapore,S1A_IW_GRDH_1SDV_20251219T224804_20251219T224829_062390_07D0A3_DC5F,VH,1238,"bulk_carrier,container_ship,crude_oil_tanker,dredger,fishing_vessel,general_cargo,heavy_load_carrier,lpg_lng_tanker,offshore_supply,passenger_ship,pilot_port_tender,pleasure_craft,product_chemical_tanker,reefer_cargo,ro_ro_vehicle_carrier,sailing_vessel,ship_untyped,tug_towing"
Singapore,S1A_IW_GRDH_1SDV_20251231T224803_20251231T224828_062565_07D762_CEEB,VH,1305,"bulk_carrier,container_ship,crude_oil_tanker,dredger,fishing_vessel,general_cargo,heavy_load_carrier,lpg_lng_tanker,offshore_supply,passenger_ship,pilot_port_tender,pleasure_craft,product_chemical_tanker,reefer_cargo,ro_ro_vehicle_carrier,sailing_vessel,ship_untyped,tug_towing"
Singapore,S1A_IW_GRDH_1SDV_20250105T224813_20250105T224838_057315_070D6B_4F1E,VV,1297,"bulk_carrier,container_ship,crude_oil_tanker,dredger,fishing_vessel,general_cargo,heavy_load_carrier,lpg_lng_tanker,offshore_supply,passenger_ship,pilot_port_tender,pleasure_craft,product_chemical_tanker,reefer_cargo,ro_ro_vehicle_carrier,sailing_vessel,ship_untyped,tug_towing"
Singapore,S1A_IW_GRDH_1SDV_20250117T224812_20250117T224837_057490_071459_C3D3,VV,1356,"bulk_carrier,container_ship,crude_oil_tanker,dredger,fishing_vessel,general_cargo,heavy_load_carrier,lpg_lng_tanker,offshore_supply,passenger_ship,pilot_port_tender,pleasure_craft,product_chemical_tanker,reefer_cargo,ro_ro_vehicle_carrier,sailing_vessel,ship_untyped,tug_towing"
Singapore,S1A_IW_GRDH_1SDV_20250210T224811_20250210T224836_057840_072244_0469,VV,1408,"bulk_carrier,container_ship,crude_oil_tanker,dredger,fishing_vessel,general_cargo,heavy_load_carrier,lpg_lng_tanker,offshore_supply,passenger_ship,pilot_port_tender,pleasure_craft,product_chemical_tanker,reefer_cargo,ro_ro_vehicle_carrier,sailing_vessel,ship_untyped,tug_towing"
Singapore,S1A_IW_GRDH_1SDV_20250222T224810_20250222T224835_058015_072961_178E,VV,1382,"bulk_carrier,container_ship,crude_oil_tanker,dredger,fishing_vessel,general_cargo,heavy_load_carrier,lpg_lng_tanker,offshore_supply,passenger_ship,pilot_port_tender,pleasure_craft,product_chemical_tanker,reefer_cargo,ro_ro_vehicle_carrier,sailing_vessel,ship_untyped,tug_towing"
Singapore,S1A_IW_GRDH_1SDV_20250306T224811_20250306T224836_058190_07308D_CDA9,VV,1496,"bulk_carrier,container_ship,crude_oil_tanker,dredger,fishing_vessel,general_cargo,heavy_load_carrier,lpg_lng_tanker,offshore_supply,passenger_ship,pilot_port_tender,pleasure_craft,product_chemical_tanker,reefer_cargo,ro_ro_vehicle_carrier,sailing_vessel,ship_untyped,tug_towing"
Singapore,S1A_IW_GRDH_1SDV_20250318T224811_20250318T224836_058365_073771_B1C2,VV,1303,"bulk_carrier,container_ship,crude_oil_tanker,dredger,fishing_vessel,general_cargo,heavy_load_carrier,lpg_lng_tanker,offshore_supply,passenger_ship,pilot_port_tender,pleasure_craft,product_chemical_tanker,reefer_cargo,ro_ro_vehicle_carrier,sailing_vessel,ship_untyped,tug_towing"
Singapore,S1A_IW_GRDH_1SDV_20250330T224811_20250330T224836_058540_073E75_9F1A,VV,1355,"bulk_carrier,container_ship,crude_oil_tanker,dredger,fishing_vessel,general_cargo,heavy_load_carrier,lpg_lng_tanker,offshore_supply,passenger_ship,pilot_port_tender,pleasure_craft,product_chemical_tanker,reefer_cargo,ro_ro_vehicle_carrier,sailing_vessel,ship_untyped,tug_towing"
Singapore,S1A_IW_GRDH_1SDV_20250411T224811_20250411T224836_058715_07459E_9525,VV,1404,"bulk_carrier,container_ship,crude_oil_tanker,dredger,fishing_vessel,general_cargo,heavy_load_carrier,lpg_lng_tanker,offshore_supply,passenger_ship,pilot_port_tender,pleasure_craft,product_chemical_tanker,reefer_cargo,ro_ro_vehicle_carrier,sailing_vessel,ship_untyped,tug_towing"
Singapore,S1A_IW_GRDH_1SDV_20250423T224811_20250423T224836_058890_074CC9_8953,VV,1566,"bulk_carrier,container_ship,crude_oil_tanker,dredger,fishing_vessel,general_cargo,heavy_load_carrier,lpg_lng_tanker,offshore_supply,passenger_ship,pilot_port_tender,pleasure_craft,product_chemical_tanker,reefer_cargo,ro_ro_vehicle_carrier,sailing_vessel,ship_untyped,tug_towing"
Singapore,S1A_IW_GRDH_1SDV_20250505T224811_20250505T224836_059065_0753C1_B8EA,VV,1478,"bulk_carrier,container_ship,crude_oil_tanker,dredger,fishing_vessel,general_cargo,heavy_load_carrier,lpg_lng_tanker,offshore_supply,passenger_ship,pilot_port_tender,pleasure_craft,product_chemical_tanker,reefer_cargo,ro_ro_vehicle_carrier,sailing_vessel,ship_untyped,tug_towing"
Singapore,S1A_IW_GRDH_1SDV_20250609T112534_20250609T112559_059568_076545_1D7F,VV,1374,"bulk_carrier,container_ship,crude_oil_tanker,dredger,fishing_vessel,general_cargo,heavy_load_carrier,lpg_lng_tanker,offshore_supply,passenger_ship,pilot_port_tender,pleasure_craft,product_chemical_tanker,reefer_cargo,ro_ro_vehicle_carrier,sailing_vessel,ship_untyped,tug_towing"
Singapore,S1A_IW_GRDH_1SDV_20250715T112532_20250715T112557_060093_07776A_62D2,VV,1510,"bulk_carrier,container_ship,crude_oil_tanker,dredger,fishing_vessel,general_cargo,heavy_load_carrier,lpg_lng_tanker,offshore_supply,passenger_ship,pilot_port_tender,pleasure_craft,product_chemical_tanker,reefer_cargo,ro_ro_vehicle_carrier,sailing_vessel,ship_untyped,tug_towing"
Singapore,S1A_IW_GRDH_1SDV_20250821T224808_20250821T224833_060640_078B59_E798,VV,1206,"bulk_carrier,container_ship,crude_oil_tanker,dredger,fishing_vessel,general_cargo,heavy_load_carrier,lpg_lng_tanker,offshore_supply,passenger_ship,pilot_port_tender,pleasure_craft,product_chemical_tanker,reefer_cargo,ro_ro_vehicle_carrier,sailing_vessel,ship_untyped,tug_towing"
Singapore,S1A_IW_GRDH_1SDV_20250902T224808_20250902T224833_060815_079241_9713,VV,1166,"bulk_carrier,container_ship,crude_oil_tanker,dredger,fishing_vessel,general_cargo,heavy_load_carrier,lpg_lng_tanker,offshore_supply,passenger_ship,pilot_port_tender,pleasure_craft,product_chemical_tanker,reefer_cargo,ro_ro_vehicle_carrier,sailing_vessel,ship_untyped,tug_towing"
Singapore,S1A_IW_GRDH_1SDV_20250914T224808_20250914T224833_060990_079946_63DA,VV,1263,"bulk_carrier,container_ship,crude_oil_tanker,dredger,fishing_vessel,general_cargo,heavy_load_carrier,lpg_lng_tanker,offshore_supply,passenger_ship,pilot_port_tender,pleasure_craft,product_chemical_tanker,reefer_cargo,ro_ro_vehicle_carrier,sailing_vessel,ship_untyped,tug_towing"
Singapore,S1A_IW_GRDH_1SDV_20250926T224808_20250926T224833_061165_07A04B_FD27,VV,1238,"bulk_carrier,container_ship,crude_oil_tanker,dredger,fishing_vessel,general_cargo,heavy_load_carrier,lpg_lng_tanker,offshore_supply,passenger_ship,pilot_port_tender,pleasure_craft,product_chemical_tanker,reefer_cargo,ro_ro_vehicle_carrier,sailing_vessel,ship_untyped,tug_towing"
Singapore,S1A_IW_GRDH_1SDV_20251008T224809_20251008T224834_061340_07A75B_C1A5,VV,1148,"bulk_carrier,container_ship,crude_oil_tanker,dredger,fishing_vessel,general_cargo,heavy_load_carrier,lpg_lng_tanker,offshore_supply,passenger_ship,pilot_port_tender,pleasure_craft,product_chemical_tanker,reefer_cargo,ro_ro_vehicle_carrier,sailing_vessel,ship_untyped,tug_towing"
Singapore,S1A_IW_GRDH_1SDV_20251020T224808_20251020T224833_061515_07AE62_BC0B,VV,1240,"bulk_carrier,container_ship,crude_oil_tanker,dredger,fishing_vessel,general_cargo,heavy_load_carrier,lpg_lng_tanker,offshore_supply,passenger_ship,pilot_port_tender,pleasure_craft,product_chemical_tanker,reefer_cargo,ro_ro_vehicle_carrier,sailing_vessel,ship_untyped,tug_towing"
Singapore,S1A_IW_GRDH_1SDV_20251101T224808_20251101T224833_061690_07B564_1AD8,VV,1202,"bulk_carrier,container_ship,crude_oil_tanker,dredger,fishing_vessel,general_cargo,heavy_load_carrier,lpg_lng_tanker,offshore_supply,passenger_ship,pilot_port_tender,pleasure_craft,product_chemical_tanker,reefer_cargo,ro_ro_vehicle_carrier,sailing_vessel,ship_untyped,tug_towing"
Singapore,S1A_IW_GRDH_1SDV_20251113T224807_20251113T224832_061865_07BC26_8BE5,VV,1244,"bulk_carrier,container_ship,crude_oil_tanker,dredger,fishing_vessel,general_cargo,heavy_load_carrier,lpg_lng_tanker,offshore_supply,passenger_ship,pilot_port_tender,pleasure_craft,product_chemical_tanker,reefer_cargo,ro_ro_vehicle_carrier,sailing_vessel,ship_untyped,tug_towing"
Singapore,S1A_IW_GRDH_1SDV_20251125T224806_20251125T224831_062040_07C2F5_5BFA,VV,1315,"bulk_carrier,container_ship,crude_oil_tanker,dredger,fishing_vessel,general_cargo,heavy_load_carrier,lpg_lng_tanker,offshore_supply,passenger_ship,pilot_port_tender,pleasure_craft,product_chemical_tanker,reefer_cargo,ro_ro_vehicle_carrier,sailing_vessel,ship_untyped,tug_towing"
Singapore,S1A_IW_GRDH_1SDV_20251207T224805_20251207T224830_062215_07C9D3_13F1,VV,1287,"bulk_carrier,container_ship,crude_oil_tanker,dredger,fishing_vessel,general_cargo,heavy_load_carrier,lpg_lng_tanker,offshore_supply,passenger_ship,pilot_port_tender,pleasure_craft,product_chemical_tanker,reefer_cargo,ro_ro_vehicle_carrier,sailing_vessel,ship_untyped,tug_towing"
Singapore,S1A_IW_GRDH_1SDV_20251219T224804_20251219T224829_062390_07D0A3_DC5F,VV,1251,"bulk_carrier,container_ship,crude_oil_tanker,dredger,fishing_vessel,general_cargo,heavy_load_carrier,lpg_lng_tanker,offshore_supply,passenger_ship,pilot_port_tender,pleasure_craft,product_chemical_tanker,reefer_cargo,ro_ro_vehicle_carrier,sailing_vessel,ship_untyped,tug_towing"
Singapore,S1A_IW_GRDH_1SDV_20251231T224803_20251231T224828_062565_07D762_CEEB,VV,1338,"bulk_carrier,container_ship,crude_oil_tanker,dredger,fishing_vessel,general_cargo,heavy_load_carrier,lpg_lng_tanker,offshore_supply,passenger_ship,pilot_port_tender,pleasure_craft,product_chemical_tanker,reefer_cargo,ro_ro_vehicle_carrier,sailing_vessel,ship_untyped,tug_towing"
Sydney Botany,S1A_IW_GRDH_1SDV_20250109T190756_20250109T190821_057371_070FA6_03D6,VH,135,"bulk_carrier,container_ship,crude_oil_tanker,dredger,fishing_vessel,general_cargo,heavy_load_carrier,lpg_lng_tanker,offshore_supply,passenger_ship,pilot_port_tender,pleasure_craft,product_chemical_tanker,reefer_cargo,ro_ro_vehicle_carrier,sailing_vessel,ship_untyped,tug_towing"
Sydney Botany,S1A_IW_GRDH_1SDV_20250214T190754_20250214T190819_057896_07248A_4BF0,VH,78,"bulk_carrier,container_ship,crude_oil_tanker,dredger,fishing_vessel,general_cargo,heavy_load_carrier,lpg_lng_tanker,offshore_supply,passenger_ship,pilot_port_tender,pleasure_craft,product_chemical_tanker,reefer_cargo,ro_ro_vehicle_carrier,sailing_vessel,ship_untyped,tug_towing"
Sydney Botany,S1A_IW_GRDH_1SDV_20250310T190754_20250310T190819_058246_0732C7_AA66,VH,98,"bulk_carrier,container_ship,crude_oil_tanker,dredger,fishing_vessel,general_cargo,heavy_load_carrier,lpg_lng_tanker,offshore_supply,passenger_ship,pilot_port_tender,pleasure_craft,product_chemical_tanker,reefer_cargo,ro_ro_vehicle_carrier,sailing_vessel,ship_untyped,tug_towing"
Sydney Botany,S1A_IW_GRDH_1SDV_20250509T190755_20250509T190820_059121_0755D9_0C55,VH,44,"bulk_carrier,container_ship,crude_oil_tanker,dredger,fishing_vessel,general_cargo,heavy_load_carrier,lpg_lng_tanker,offshore_supply,passenger_ship,pilot_port_tender,pleasure_craft,product_chemical_tanker,reefer_cargo,ro_ro_vehicle_carrier,sailing_vessel,ship_untyped,tug_towing"
Sydney Botany,S1A_IW_GRDH_1SDV_20250521T190754_20250521T190819_059296_075BE6_A716,VH,43,"bulk_carrier,container_ship,crude_oil_tanker,dredger,fishing_vessel,general_cargo,heavy_load_carrier,lpg_lng_tanker,offshore_supply,passenger_ship,pilot_port_tender,pleasure_craft,product_chemical_tanker,reefer_cargo,ro_ro_vehicle_carrier,sailing_vessel,ship_untyped,tug_towing"
Sydney Botany,S1A_IW_GRDH_1SDV_20250602T190754_20250602T190819_059471_0761F8_4A83,VH,47,"bulk_carrier,container_ship,crude_oil_tanker,dredger,fishing_vessel,general_cargo,heavy_load_carrier,lpg_lng_tanker,offshore_supply,passenger_ship,pilot_port_tender,pleasure_craft,product_chemical_tanker,reefer_cargo,ro_ro_vehicle_carrier,sailing_vessel,ship_untyped,tug_towing"
Sydney Botany,S1A_IW_GRDH_1SDV_20250614T190753_20250614T190818_059646_0767EE_B1E0,VH,41,"bulk_carrier,container_ship,crude_oil_tanker,dredger,fishing_vessel,general_cargo,heavy_load_carrier,lpg_lng_tanker,offshore_supply,passenger_ship,pilot_port_tender,pleasure_craft,product_chemical_tanker,reefer_cargo,ro_ro_vehicle_carrier,sailing_vessel,ship_untyped,tug_towing"
Sydney Botany,S1A_IW_GRDH_1SDV_20250626T190753_20250626T190818_059821_076E01_58B5,VH,45,"bulk_carrier,container_ship,crude_oil_tanker,dredger,fishing_vessel,general_cargo,heavy_load_carrier,lpg_lng_tanker,offshore_supply,passenger_ship,pilot_port_tender,pleasure_craft,product_chemical_tanker,reefer_cargo,ro_ro_vehicle_carrier,sailing_vessel,ship_untyped,tug_towing"
Sydney Botany,S1A_IW_GRDH_1SDV_20250708T190752_20250708T190817_059996_07740F_E63A,VH,42,"bulk_carrier,container_ship,crude_oil_tanker,dredger,fishing_vessel,general_cargo,heavy_load_carrier,lpg_lng_tanker,offshore_supply,passenger_ship,pilot_port_tender,pleasure_craft,product_chemical_tanker,reefer_cargo,ro_ro_vehicle_carrier,sailing_vessel,ship_untyped,tug_towing"
Sydney Botany,S1A_IW_GRDH_1SDV_20250720T190751_20250720T190816_060171_077A13_1559,VH,51,"bulk_carrier,container_ship,crude_oil_tanker,dredger,fishing_vessel,general_cargo,heavy_load_carrier,lpg_lng_tanker,offshore_supply,passenger_ship,pilot_port_tender,pleasure_craft,product_chemical_tanker,reefer_cargo,ro_ro_vehicle_carrier,sailing_vessel,ship_untyped,tug_towing"
Sydney Botany,S1A_IW_GRDH_1SDV_20250801T190751_20250801T190816_060346_078019_953E,VH,38,"bulk_carrier,container_ship,crude_oil_tanker,dredger,fishing_vessel,general_cargo,heavy_load_carrier,lpg_lng_tanker,offshore_supply,passenger_ship,pilot_port_tender,pleasure_craft,product_chemical_tanker,reefer_cargo,ro_ro_vehicle_carrier,sailing_vessel,ship_untyped,tug_towing"
Sydney Botany,S1A_IW_GRDH_1SDV_20250813T190751_20250813T190816_060521_0786AA_88CA,VH,59,"bulk_carrier,container_ship,crude_oil_tanker,dredger,fishing_vessel,general_cargo,heavy_load_carrier,lpg_lng_tanker,offshore_supply,passenger_ship,pilot_port_tender,pleasure_craft,product_chemical_tanker,reefer_cargo,ro_ro_vehicle_carrier,sailing_vessel,ship_untyped,tug_towing"
Sydney Botany,S1A_IW_GRDH_1SDV_20250825T190751_20250825T190816_060696_078D8D_4592,VH,46,"bulk_carrier,container_ship,crude_oil_tanker,dredger,fishing_vessel,general_cargo,heavy_load_carrier,lpg_lng_tanker,offshore_supply,passenger_ship,pilot_port_tender,pleasure_craft,product_chemical_tanker,reefer_cargo,ro_ro_vehicle_carrier,sailing_vessel,ship_untyped,tug_towing"
Sydney Botany,S1A_IW_GRDH_1SDV_20250906T190751_20250906T190816_060871_07947B_EDC3,VH,43,"bulk_carrier,container_ship,crude_oil_tanker,dredger,fishing_vessel,general_cargo,heavy_load_carrier,lpg_lng_tanker,offshore_supply,passenger_ship,pilot_port_tender,pleasure_craft,product_chemical_tanker,reefer_cargo,ro_ro_vehicle_carrier,sailing_vessel,ship_untyped,tug_towing"
Sydney Botany,S1A_IW_GRDH_1SDV_20250918T190752_20250918T190817_061046_079B83_BFBC,VH,49,"bulk_carrier,container_ship,crude_oil_tanker,dredger,fishing_vessel,general_cargo,heavy_load_carrier,lpg_lng_tanker,offshore_supply,passenger_ship,pilot_port_tender,pleasure_craft,product_chemical_tanker,reefer_cargo,ro_ro_vehicle_carrier,sailing_vessel,ship_untyped,tug_towing"
Sydney Botany,S1A_IW_GRDH_1SDV_20250930T190752_20250930T190817_061221_07A294_DB4F,VH,44,"bulk_carrier,container_ship,crude_oil_tanker,dredger,fishing_vessel,general_cargo,heavy_load_carrier,lpg_lng_tanker,offshore_supply,passenger_ship,pilot_port_tender,pleasure_craft,product_chemical_tanker,reefer_cargo,ro_ro_vehicle_carrier,sailing_vessel,ship_untyped,tug_towing"
Sydney Botany,S1A_IW_GRDH_1SDV_20251012T190752_20251012T190817_061396_07A99C_7947,VH,33,"bulk_carrier,container_ship,crude_oil_tanker,dredger,fishing_vessel,general_cargo,heavy_load_carrier,lpg_lng_tanker,offshore_supply,passenger_ship,pilot_port_tender,pleasure_craft,product_chemical_tanker,reefer_cargo,ro_ro_vehicle_carrier,sailing_vessel,ship_untyped,tug_towing"
Sydney Botany,S1A_IW_GRDH_1SDV_20251024T190752_20251024T190817_061571_07B0A2_E5D2,VH,53,"bulk_carrier,container_ship,crude_oil_tanker,dredger,fishing_vessel,general_cargo,heavy_load_carrier,lpg_lng_tanker,offshore_supply,passenger_ship,pilot_port_tender,pleasure_craft,product_chemical_tanker,reefer_cargo,ro_ro_vehicle_carrier,sailing_vessel,ship_untyped,tug_towing"
Sydney Botany,S1A_IW_GRDH_1SDV_20251105T190752_20251105T190817_061746_07B792_3E36,VH,46,"bulk_carrier,container_ship,crude_oil_tanker,dredger,fishing_vessel,general_cargo,heavy_load_carrier,lpg_lng_tanker,offshore_supply,passenger_ship,pilot_port_tender,pleasure_craft,product_chemical_tanker,reefer_cargo,ro_ro_vehicle_carrier,sailing_vessel,ship_untyped,tug_towing"
Sydney Botany,S1A_IW_GRDH_1SDV_20251117T190751_20251117T190816_061921_07BE5B_1974,VH,46,"bulk_carrier,container_ship,crude_oil_tanker,dredger,fishing_vessel,general_cargo,heavy_load_carrier,lpg_lng_tanker,offshore_supply,passenger_ship,pilot_port_tender,pleasure_craft,product_chemical_tanker,reefer_cargo,ro_ro_vehicle_carrier,sailing_vessel,ship_untyped,tug_towing"
Sydney Botany,S1A_IW_GRDH_1SDV_20251129T190750_20251129T190815_062096_07C52D_C156,VH,43,"bulk_carrier,container_ship,crude_oil_tanker,dredger,fishing_vessel,general_cargo,heavy_load_carrier,lpg_lng_tanker,offshore_supply,passenger_ship,pilot_port_tender,pleasure_craft,product_chemical_tanker,reefer_cargo,ro_ro_vehicle_carrier,sailing_vessel,ship_untyped,tug_towing"
Sydney Botany,S1A_IW_GRDH_1SDV_20251211T190749_20251211T190814_062271_07CC01_6A6B,VH,48,"bulk_carrier,container_ship,crude_oil_tanker,dredger,fishing_vessel,general_cargo,heavy_load_carrier,lpg_lng_tanker,offshore_supply,passenger_ship,pilot_port_tender,pleasure_craft,product_chemical_tanker,reefer_cargo,ro_ro_vehicle_carrier,sailing_vessel,ship_untyped,tug_towing"
Sydney Botany,S1A_IW_GRDH_1SDV_20251223T190747_20251223T190812_062446_07D2D3_0484,VH,47,"bulk_carrier,container_ship,crude_oil_tanker,dredger,fishing_vessel,general_cargo,heavy_load_carrier,lpg_lng_tanker,offshore_supply,passenger_ship,pilot_port_tender,pleasure_craft,product_chemical_tanker,reefer_cargo,ro_ro_vehicle_carrier,sailing_vessel,ship_untyped,tug_towing"
Sydney Botany,S1A_IW_GRDH_1SDV_20250109T190756_20250109T190821_057371_070FA6_03D6,VV,322,"bulk_carrier,container_ship,crude_oil_tanker,dredger,fishing_vessel,general_cargo,heavy_load_carrier,lpg_lng_tanker,offshore_supply,passenger_ship,pilot_port_tender,pleasure_craft,product_chemical_tanker,reefer_cargo,ro_ro_vehicle_carrier,sailing_vessel,ship_untyped,tug_towing"
Sydney Botany,S1A_IW_GRDH_1SDV_20250214T190754_20250214T190819_057896_07248A_4BF0,VV,198,"bulk_carrier,container_ship,crude_oil_tanker,dredger,fishing_vessel,general_cargo,heavy_load_carrier,lpg_lng_tanker,offshore_supply,passenger_ship,pilot_port_tender,pleasure_craft,product_chemical_tanker,reefer_cargo,ro_ro_vehicle_carrier,sailing_vessel,ship_untyped,tug_towing"
Sydney Botany,S1A_IW_GRDH_1SDV_20250310T190754_20250310T190819_058246_0732C7_AA66,VV,382,"bulk_carrier,container_ship,crude_oil_tanker,dredger,fishing_vessel,general_cargo,heavy_load_carrier,lpg_lng_tanker,offshore_supply,passenger_ship,pilot_port_tender,pleasure_craft,product_chemical_tanker,reefer_cargo,ro_ro_vehicle_carrier,sailing_vessel,ship_untyped,tug_towing"
Sydney Botany,S1A_IW_GRDH_1SDV_20250509T190755_20250509T190820_059121_0755D9_0C55,VV,91,"bulk_carrier,container_ship,crude_oil_tanker,dredger,fishing_vessel,general_cargo,heavy_load_carrier,lpg_lng_tanker,offshore_supply,passenger_ship,pilot_port_tender,pleasure_craft,product_chemical_tanker,reefer_cargo,ro_ro_vehicle_carrier,sailing_vessel,ship_untyped,tug_towing"
Sydney Botany,S1A_IW_GRDH_1SDV_20250521T190754_20250521T190819_059296_075BE6_A716,VV,63,"bulk_carrier,container_ship,crude_oil_tanker,dredger,fishing_vessel,general_cargo,heavy_load_carrier,lpg_lng_tanker,offshore_supply,passenger_ship,pilot_port_tender,pleasure_craft,product_chemical_tanker,reefer_cargo,ro_ro_vehicle_carrier,sailing_vessel,ship_untyped,tug_towing"
Sydney Botany,S1A_IW_GRDH_1SDV_20250602T190754_20250602T190819_059471_0761F8_4A83,VV,103,"bulk_carrier,container_ship,crude_oil_tanker,dredger,fishing_vessel,general_cargo,heavy_load_carrier,lpg_lng_tanker,offshore_supply,passenger_ship,pilot_port_tender,pleasure_craft,product_chemical_tanker,reefer_cargo,ro_ro_vehicle_carrier,sailing_vessel,ship_untyped,tug_towing"
Sydney Botany,S1A_IW_GRDH_1SDV_20250614T190753_20250614T190818_059646_0767EE_B1E0,VV,98,"bulk_carrier,container_ship,crude_oil_tanker,dredger,fishing_vessel,general_cargo,heavy_load_carrier,lpg_lng_tanker,offshore_supply,passenger_ship,pilot_port_tender,pleasure_craft,product_chemical_tanker,reefer_cargo,ro_ro_vehicle_carrier,sailing_vessel,ship_untyped,tug_towing"
Sydney Botany,S1A_IW_GRDH_1SDV_20250626T190753_20250626T190818_059821_076E01_58B5,VV,149,"bulk_carrier,container_ship,crude_oil_tanker,dredger,fishing_vessel,general_cargo,heavy_load_carrier,lpg_lng_tanker,offshore_supply,passenger_ship,pilot_port_tender,pleasure_craft,product_chemical_tanker,reefer_cargo,ro_ro_vehicle_carrier,sailing_vessel,ship_untyped,tug_towing"
Sydney Botany,S1A_IW_GRDH_1SDV_20250708T190752_20250708T190817_059996_07740F_E63A,VV,82,"bulk_carrier,container_ship,crude_oil_tanker,dredger,fishing_vessel,general_cargo,heavy_load_carrier,lpg_lng_tanker,offshore_supply,passenger_ship,pilot_port_tender,pleasure_craft,product_chemical_tanker,reefer_cargo,ro_ro_vehicle_carrier,sailing_vessel,ship_untyped,tug_towing"
Sydney Botany,S1A_IW_GRDH_1SDV_20250720T190751_20250720T190816_060171_077A13_1559,VV,72,"bulk_carrier,container_ship,crude_oil_tanker,dredger,fishing_vessel,general_cargo,heavy_load_carrier,lpg_lng_tanker,offshore_supply,passenger_ship,pilot_port_tender,pleasure_craft,product_chemical_tanker,reefer_cargo,ro_ro_vehicle_carrier,sailing_vessel,ship_untyped,tug_towing"
Sydney Botany,S1A_IW_GRDH_1SDV_20250801T190751_20250801T190816_060346_078019_953E,VV,42,"bulk_carrier,container_ship,crude_oil_tanker,dredger,fishing_vessel,general_cargo,heavy_load_carrier,lpg_lng_tanker,offshore_supply,passenger_ship,pilot_port_tender,pleasure_craft,product_chemical_tanker,reefer_cargo,ro_ro_vehicle_carrier,sailing_vessel,ship_untyped,tug_towing"
Sydney Botany,S1A_IW_GRDH_1SDV_20250813T190751_20250813T190816_060521_0786AA_88CA,VV,96,"bulk_carrier,container_ship,crude_oil_tanker,dredger,fishing_vessel,general_cargo,heavy_load_carrier,lpg_lng_tanker,offshore_supply,passenger_ship,pilot_port_tender,pleasure_craft,product_chemical_tanker,reefer_cargo,ro_ro_vehicle_carrier,sailing_vessel,ship_untyped,tug_towing"
Sydney Botany,S1A_IW_GRDH_1SDV_20250825T190751_20250825T190816_060696_078D8D_4592,VV,134,"bulk_carrier,container_ship,crude_oil_tanker,dredger,fishing_vessel,general_cargo,heavy_load_carrier,lpg_lng_tanker,offshore_supply,passenger_ship,pilot_port_tender,pleasure_craft,product_chemical_tanker,reefer_cargo,ro_ro_vehicle_carrier,sailing_vessel,ship_untyped,tug_towing"
Sydney Botany,S1A_IW_GRDH_1SDV_20250906T190751_20250906T190816_060871_07947B_EDC3,VV,87,"bulk_carrier,container_ship,crude_oil_tanker,dredger,fishing_vessel,general_cargo,heavy_load_carrier,lpg_lng_tanker,offshore_supply,passenger_ship,pilot_port_tender,pleasure_craft,product_chemical_tanker,reefer_cargo,ro_ro_vehicle_carrier,sailing_vessel,ship_untyped,tug_towing"
Sydney Botany,S1A_IW_GRDH_1SDV_20250918T190752_20250918T190817_061046_079B83_BFBC,VV,93,"bulk_carrier,container_ship,crude_oil_tanker,dredger,fishing_vessel,general_cargo,heavy_load_carrier,lpg_lng_tanker,offshore_supply,passenger_ship,pilot_port_tender,pleasure_craft,product_chemical_tanker,reefer_cargo,ro_ro_vehicle_carrier,sailing_vessel,ship_untyped,tug_towing"
Sydney Botany,S1A_IW_GRDH_1SDV_20250930T190752_20250930T190817_061221_07A294_DB4F,VV,91,"bulk_carrier,container_ship,crude_oil_tanker,dredger,fishing_vessel,general_cargo,heavy_load_carrier,lpg_lng_tanker,offshore_supply,passenger_ship,pilot_port_tender,pleasure_craft,product_chemical_tanker,reefer_cargo,ro_ro_vehicle_carrier,sailing_vessel,ship_untyped,tug_towing"
Sydney Botany,S1A_IW_GRDH_1SDV_20251012T190752_20251012T190817_061396_07A99C_7947,VV,56,"bulk_carrier,container_ship,crude_oil_tanker,dredger,fishing_vessel,general_cargo,heavy_load_carrier,lpg_lng_tanker,offshore_supply,passenger_ship,pilot_port_tender,pleasure_craft,product_chemical_tanker,reefer_cargo,ro_ro_vehicle_carrier,sailing_vessel,ship_untyped,tug_towing"
Sydney Botany,S1A_IW_GRDH_1SDV_20251024T190752_20251024T190817_061571_07B0A2_E5D2,VV,170,"bulk_carrier,container_ship,crude_oil_tanker,dredger,fishing_vessel,general_cargo,heavy_load_carrier,lpg_lng_tanker,offshore_supply,passenger_ship,pilot_port_tender,pleasure_craft,product_chemical_tanker,reefer_cargo,ro_ro_vehicle_carrier,sailing_vessel,ship_untyped,tug_towing"
Sydney Botany,S1A_IW_GRDH_1SDV_20251105T190752_20251105T190817_061746_07B792_3E36,VV,105,"bulk_carrier,container_ship,crude_oil_tanker,dredger,fishing_vessel,general_cargo,heavy_load_carrier,lpg_lng_tanker,offshore_supply,passenger_ship,pilot_port_tender,pleasure_craft,product_chemical_tanker,reefer_cargo,ro_ro_vehicle_carrier,sailing_vessel,ship_untyped,tug_towing"
Sydney Botany,S1A_IW_GRDH_1SDV_20251117T190751_20251117T190816_061921_07BE5B_1974,VV,78,"bulk_carrier,container_ship,crude_oil_tanker,dredger,fishing_vessel,general_cargo,heavy_load_carrier,lpg_lng_tanker,offshore_supply,passenger_ship,pilot_port_tender,pleasure_craft,product_chemical_tanker,reefer_cargo,ro_ro_vehicle_carrier,sailing_vessel,ship_untyped,tug_towing"
Sydney Botany,S1A_IW_GRDH_1SDV_20251129T190750_20251129T190815_062096_07C52D_C156,VV,111,"bulk_carrier,container_ship,crude_oil_tanker,dredger,fishing_vessel,general_cargo,heavy_load_carrier,lpg_lng_tanker,offshore_supply,passenger_ship,pilot_port_tender,pleasure_craft,product_chemical_tanker,reefer_cargo,ro_ro_vehicle_carrier,sailing_vessel,ship_untyped,tug_towing"
Sydney Botany,S1A_IW_GRDH_1SDV_20251211T190749_20251211T190814_062271_07CC01_6A6B,VV,82,"bulk_carrier,container_ship,crude_oil_tanker,dredger,fishing_vessel,general_cargo,heavy_load_carrier,lpg_lng_tanker,offshore_supply,passenger_ship,pilot_port_tender,pleasure_craft,product_chemical_tanker,reefer_cargo,ro_ro_vehicle_carrier,sailing_vessel,ship_untyped,tug_towing"
Sydney Botany,S1A_IW_GRDH_1SDV_20251223T190747_20251223T190812_062446_07D2D3_0484,VV,93,"bulk_carrier,container_ship,crude_oil_tanker,dredger,fishing_vessel,general_cargo,heavy_load_carrier,lpg_lng_tanker,offshore_supply,passenger_ship,pilot_port_tender,pleasure_craft,product_chemical_tanker,reefer_cargo,ro_ro_vehicle_carrier,sailing_vessel,ship_untyped,tug_towing"
Tanger Med,S1A_IW_GRDH_1SDV_20251223T181816_20251223T181841_062446_07D2CE_C333,VH,179,"bulk_carrier,container_ship,crude_oil_tanker,dredger,fishing_vessel,general_cargo,heavy_load_carrier,lpg_lng_tanker,offshore_supply,passenger_ship,pilot_port_tender,pleasure_craft,product_chemical_tanker,reefer_cargo,ro_ro_vehicle_carrier,sailing_vessel,ship_untyped,tug_towing"
Tanger Med,S1A_IW_GRDH_1SDV_20251223T181816_20251223T181841_062446_07D2CE_C333,VV,301,"bulk_carrier,container_ship,crude_oil_tanker,dredger,fishing_vessel,general_cargo,heavy_load_carrier,lpg_lng_tanker,offshore_supply,passenger_ship,pilot_port_tender,pleasure_craft,product_chemical_tanker,reefer_cargo,ro_ro_vehicle_carrier,sailing_vessel,ship_untyped,tug_towing"
