port,product,pol,width,height,origin_x,origin_y,pixel_m,land_pct,nearshore_pct,offshore_pct,invalid_pct,worldcover_ok,status
Antwerp-Bruges,S1A_IW_GRDH_1SDV_20250115T173330_20250115T173355_057458_07130D_51CB,VH,3627,2676,401843.4011571135,5858681.494409657,80.0,25.99,2.13,40.28,31.6,1,ok
Antwerp-Bruges,S1A_IW_GRDH_1SDV_20250220T173328_20250220T173353_057983_07280A_D019,VH,3626,2676,401709.20497165085,5858686.300820604,80.0,25.95,2.12,40.32,31.6,1,ok
Antwerp-Bruges,S1A_IW_GRDH_1SDV_20250409T173329_20250409T173354_058683_07444B_FA8B,VH,3626,2676,401869.23379820527,5858704.512531234,80.0,25.99,2.12,40.29,31.59,1,ok
Antwerp-Bruges,S1A_IW_GRDH_1SDV_20250714T173326_20250714T173351_060083_077709_FD9C,VH,3626,2676,402139.94921698933,5858762.10527246,80.0,26.03,2.13,40.25,31.59,1,ok
Antwerp-Bruges,S1A_IW_GRDH_1SDV_20250912T173326_20250912T173351_060958_0797F4_2E8D,VH,3626,2676,401663.52190433536,5858723.000728335,80.0,25.94,2.12,40.35,31.59,1,ok
Antwerp-Bruges,S1A_IW_GRDH_1SDV_20251217T173322_20251217T173347_062358_07CF5C_3556,VH,3627,2676,401845.578794078,5858694.460979615,80.0,25.99,2.12,40.28,31.6,1,ok
Antwerp-Bruges,S1C_IW_GRDH_1SDV_20250611T055738_20250611T055803_002731_005A0C_2C37,VH,3649,2629,401700.24823299516,5804905.229197869,80.0,40.28,1.82,27.1,30.8,1,ok
Antwerp-Bruges,S1C_IW_GRDH_1SDV_20250623T055738_20250623T055803_002906_005F16_6E06,VH,3643,2629,401802.3391122851,5804887.807506698,80.0,40.36,1.81,27.15,30.68,1,ok
Antwerp-Bruges,S1C_IW_GRDH_1SDV_20250705T055739_20250705T055804_003081_00641D_2DF0,VH,3644,2628,401914.22142143577,5804877.960470067,80.0,40.38,1.82,27.12,30.68,1,ok
Antwerp-Bruges,S1C_IW_GRDH_1SDV_20250720T173209_20250720T173234_003307_006AB5_D3FE,VH,3645,2685,415485.6434150975,5786511.8629455,80.0,7.6,0.19,60.05,32.15,1,ok
Antwerp-Bruges,S1C_IW_GRDH_1SDV_20250810T055741_20250810T055806_003606_007385_F130,VH,3649,2629,401704.8283637893,5804885.20913605,80.0,40.29,1.81,27.1,30.8,1,ok
Antwerp-Bruges,S1C_IW_GRDH_1SDV_20250822T055742_20250822T055806_003781_0078C6_2C32,VH,3644,2628,401824.9281003525,5804870.987281338,80.0,40.36,1.82,27.14,30.68,1,ok
Antwerp-Bruges,S1C_IW_GRDH_1SDV_20250903T055742_20250903T055807_003956_007E04_B34B,VH,3644,2628,401988.7352017623,5804866.665912789,80.0,40.4,1.82,27.1,30.68,1,ok
Antwerp-Bruges,S1C_IW_GRDH_1SDV_20250906T173211_20250906T173236_004007_007F7E_D39D,VH,3645,2685,415548.54378699313,5786495.742138017,80.0,7.61,0.19,60.05,32.16,1,ok
Antwerp-Bruges,S1C_IW_GRDH_1SDV_20250915T055742_20250915T055807_004131_008359_AA20,VH,3649,2630,401835.743883996,5804883.751625156,80.0,40.32,1.81,27.06,30.81,1,ok
Antwerp-Bruges,S1C_IW_GRDH_1SDV_20250927T055742_20250927T055807_004306_0088A6_843A,VH,3649,2629,401887.1051948798,5804887.9842939535,80.0,40.33,1.81,27.06,30.81,1,ok
Antwerp-Bruges,S1C_IW_GRDH_1SDV_20251117T173211_20251117T173236_005057_00A047_CB70,VH,3646,2685,415477.3162974946,5786478.659038596,80.0,7.62,0.19,60.04,32.16,1,ok
Antwerp-Bruges,S1A_IW_GRDH_1SDV_20250115T173330_20250115T173355_057458_07130D_51CB,VV,3627,2676,401843.4011571135,5858681.494409657,80.0,25.99,2.13,40.28,31.6,1,ok
Antwerp-Bruges,S1A_IW_GRDH_1SDV_20250220T173328_20250220T173353_057983_07280A_D019,VV,3626,2676,401709.20497165085,5858686.300820604,80.0,25.95,2.12,40.32,31.6,1,ok
Antwerp-Bruges,S1A_IW_GRDH_1SDV_20250409T173329_20250409T173354_058683_07444B_FA8B,VV,3626,2676,401869.23379820527,5858704.512531234,80.0,25.99,2.12,40.29,31.59,1,ok
Antwerp-Bruges,S1A_IW_GRDH_1SDV_20250714T173326_20250714T173351_060083_077709_FD9C,VV,3626,2676,402139.94921698933,5858762.10527246,80.0,26.03,2.13,40.25,31.59,1,ok
Antwerp-Bruges,S1A_IW_GRDH_1SDV_20250912T173326_20250912T173351_060958_0797F4_2E8D,VV,3626,2676,401663.52190433536,5858723.000728335,80.0,25.94,2.12,40.35,31.59,1,ok
Antwerp-Bruges,S1A_IW_GRDH_1SDV_20251217T173322_20251217T173347_062358_07CF5C_3556,VV,3627,2676,401845.578794078,5858694.460979615,80.0,25.99,2.12,40.29,31.6,1,ok
Antwerp-Bruges,S1C_IW_GRDH_1SDV_20250611T055738_20250611T055803_002731_005A0C_2C37,VV,3649,2629,401700.24823299516,5804905.229197869,80.0,40.28,1.82,27.1,30.8,1,ok
Antwerp-Bruges,S1C_IW_GRDH_1SDV_20250623T055738_20250623T055803_002906_005F16_6E06,VV,3643,2629,401802.3391122851,5804887.807506698,80.0,40.36,1.81,27.15,30.68,1,ok
Antwerp-Bruges,S1C_IW_GRDH_1SDV_20250705T055739_20250705T055804_003081_00641D_2DF0,VV,3644,2628,401914.22142143577,5804877.960470067,80.0,40.38,1.82,27.12,30.68,1,ok
Antwerp-Bruges,S1C_IW_GRDH_1SDV_20250720T173209_20250720T173234_003307_006AB5_D3FE,VV,3645,2685,415485.6434150975,5786511.8629455,80.0,7.6,0.19,60.05,32.15,1,ok
Antwerp-Bruges,S1C_IW_GRDH_1SDV_20250810T055741_20250810T055806_003606_007385_F130,VV,3649,2629,401704.8283637893,5804885.20913605,80.0,40.29,1.81,27.1,30.8,1,ok
Antwerp-Bruges,S1C_IW_GRDH_1SDV_20250822T055742_20250822T055806_003781_0078C6_2C32,VV,3644,2628,401824.9281003525,5804870.987281338,80.0,40.36,1.82,27.14,30.68,1,ok
Antwerp-Bruges,S1C_IW_GRDH_1SDV_20250903T055742_20250903T055807_003956_007E04_B34B,VV,3644,2628,401988.7352017623,5804866.665912789,80.0,40.4,1.82,27.1,30.68,1,ok
Antwerp-Bruges,S1C_IW_GRDH_1SDV_20250906T173211_20250906T173236_004007_007F7E_D39D,VV,3645,2685,415548.54378699313,5786495.742138017,80.0,7.61,0.19,60.05,32.16,1,ok
Antwerp-Bruges,S1C_IW_GRDH_1SDV_20250915T055742_20250915T055807_004131_008359_AA20,VV,3649,2630,401835.743883996,5804883.751625156,80.0,40.32,1.81,27.06,30.81,1,ok
Antwerp-Bruges,S1C_IW_GRDH_1SDV_20250927T055742_20250927T055807_004306_0088A6_843A,VV,3649,2629,401887.1051948798,5804887.9842939535,80.0,40.33,1.81,27.06,30.81,1,ok
Antwerp-Bruges,S1C_IW_GRDH_1SDV_20251117T173211_20251117T173236_005057_00A047_CB70,VV,3646,2685,415477.3162974946,5786478.659038596,80.0,7.62,0.19,60.04,32.16,1,ok
Busan,S1A_IW_GRDH_1SDV_20250812T092320_20250812T092349_060501_0785D8_D733,VH,3550,2977,366266.739020852,4044301.7571777017,80.0,33.74,1.91,34.81,29.53,1,ok
Busan,S1A_IW_GRDH_1SDV_20250812T092320_20250812T092349_060501_0785D8_D733,VV,3550,2977,366266.739020852,4044301.7571777017,80.0,33.74,1.91,34.81,29.53,1,ok
Callao,S1A_IW_GRDH_1SDV_20250104T103939_20250104T104004_057293_070C8F_4A75,VH,3579,2793,255402.47096658198,8802971.742820106,80.0,63.99,0.6,1.5,33.91,1,ok
Callao,S1A_IW_GRDH_1SDV_20250128T103938_20250128T104003_057643_071A72_02D2,VH,3579,2793,255302.06365168773,8802967.565420453,80.0,63.99,0.6,1.51,33.91,1,ok
Callao,S1A_IW_GRDH_1SDV_20250226T104756_20250226T104817_058066_072B73_87CC,VH,3515,2459,683073.8312869673,8762170.732276537,80.0,3.88,0.15,55.91,40.06,1,ok
Callao,S1A_IW_GRDH_1SDV_20250317T103937_20250317T104002_058343_073699_CE68,VH,3579,2793,255268.5117993672,8802990.597221488,80.0,63.99,0.6,1.51,33.91,1,ok
Callao,S1A_IW_GRDH_1SDV_20250528T103937_20250528T104002_059393_075F48_4EAF,VH,3580,2793,255439.94980979132,8802919.913750717,80.0,64.0,0.59,1.5,33.91,1,ok
Callao,S1A_IW_GRDH_1SDV_20250716T233423_20250716T233448_060115_077824_E5F7,VH,3698,2854,126368.47056258953,8836026.185779704,80.0,39.03,0.64,25.48,34.85,1,ok
Callao,S1A_IW_GRDH_1SDV_20250728T233423_20250728T233448_060290_077E28_8D35,VH,3698,2854,126350.6423938112,8836028.825906094,80.0,39.03,0.64,25.49,34.85,1,ok
Callao,S1A_IW_GRDH_1SDV_20250809T233423_20250809T233448_060465_07847A_0D09,VH,3698,2854,126315.43746747245,8836034.216727164,80.0,39.02,0.64,25.49,34.85,1,ok
Callao,S1A_IW_GRDH_1SDV_20250902T233423_20250902T233448_060815_079246_B71C,VH,3698,2854,126421.9026302243,8836078.682012435,80.0,39.05,0.64,25.46,34.84,1,ok
Callao,S1A_IW_GRDH_1SDV_20251101T233423_20251101T233448_061690_07B569_16F6,VH,3698,2854,126377.0615377769,8836087.64537805,80.0,39.04,0.64,25.47,34.84,1,ok
Callao,S1C_IW_GRDH_1SDV_20250802T103843_20250802T103908_003492_00701B_89A1,VH,3514,2801,236970.47679569304,8717088.594464522,80.0,52.02,0.47,13.72,33.79,1,ok
Callao,S1C_IW_GRDH_1SDV_20250803T233313_20250803T233338_003514_0070C0_6937,VH,3680,2851,135178.28235242725,8798577.919560978,80.0,36.15,0.58,28.77,34.5,1,ok
Callao,S1C_IW_GRDH_1SDV_20250827T233314_20250827T233339_003864_007B3B_3B7B,VH,3680,2851,135189.26482403307,8798587.45259186,80.0,36.15,0.58,28.77,34.5,1,ok
Callao,S1C_IW_GRDH_1SDV_20251213T233313_20251213T233338_005439_00AD3E_36D0,VH,3680,2851,135187.51729927637,8798597.757955696,80.0,36.15,0.58,28.77,34.5,1,ok
Callao,S1A_IW_GRDH_1SDV_20250104T103939_20250104T104004_057293_070C8F_4A75,VV,3579,2793,255402.47096658198,8802971.742820106,80.0,63.99,0.6,1.5,33.91,1,ok
Callao,S1A_IW_GRDH_1SDV_20250128T103938_20250128T104003_057643_071A72_02D2,VV,3579,2793,255302.06365168773,8802967.565420453,80.0,63.99,0.6,1.51,33.91,1,ok
Callao,S1A_IW_GRDH_1SDV_20250226T104756_20250226T104817_058066_072B73_87CC,VV,3515,2459,683073.8312869673,8762170.732276537,80.0,3.88,0.15,55.91,40.06,1,ok
Callao,S1A_IW_GRDH_1SDV_20250317T103937_20250317T104002_058343_073699_CE68,VV,3579,2793,255268.5117993672,8802990.597221488,80.0,63.99,0.6,1.51,33.91,1,ok
Callao,S1A_IW_GRDH_1SDV_20250528T103937_20250528T104002_059393_075F48_4EAF,VV,3580,2793,255439.94980979123,8802919.913750717,80.0,64.0,0.59,1.5,33.91,1,ok
Callao,S1A_IW_GRDH_1SDV_20250716T233423_20250716T233448_060115_077824_E5F7,VV,3698,2854,126368.47056258947,8836026.185779704,80.0,39.03,0.64,25.48,34.85,1,ok
Callao,S1A_IW_GRDH_1SDV_20250728T233423_20250728T233448_060290_077E28_8D35,VV,3698,2854,126350.6423938112,8836028.825906094,80.0,39.03,0.64,25.49,34.85,1,ok
Callao,S1A_IW_GRDH_1SDV_20250809T233423_20250809T233448_060465_07847A_0D09,VV,3698,2854,126315.4374674724,8836034.216727164,80.0,39.02,0.64,25.49,34.85,1,ok
Callao,S1A_IW_GRDH_1SDV_20250902T233423_20250902T233448_060815_079246_B71C,VV,3698,2854,126421.9026302243,8836078.682012435,80.0,39.05,0.64,25.46,34.84,1,ok
Callao,S1A_IW_GRDH_1SDV_20251101T233423_20251101T233448_061690_07B569_16F6,VV,3698,2854,126377.0615377769,8836087.64537805,80.0,39.04,0.64,25.47,34.84,1,ok
Callao,S1C_IW_GRDH_1SDV_20250802T103843_20250802T103908_003492_00701B_89A1,VV,3514,2801,236970.47679569304,8717088.594464522,80.0,52.02,0.47,13.72,33.79,1,ok
Callao,S1C_IW_GRDH_1SDV_20250803T233313_20250803T233338_003514_0070C0_6937,VV,3680,2851,135178.28235242725,8798577.919560978,80.0,36.15,0.58,28.78,34.5,1,ok
Callao,S1C_IW_GRDH_1SDV_20250827T233314_20250827T233339_003864_007B3B_3B7B,VV,3680,2851,135189.26482403307,8798587.45259186,80.0,36.15,0.58,28.77,34.5,1,ok
Callao,S1C_IW_GRDH_1SDV_20251213T233313_20251213T233338_005439_00AD3E_36D0,VV,3680,2851,135187.51729927637,8798597.757955696,80.0,36.15,0.58,28.77,34.5,1,ok
Fujairah,S1A_IW_GRDH_1SDV_20250108T141656_20250108T141721_057354_070EF9_747A,VH,3563,2675,369940.1015384381,2931306.2702672957,80.0,26.32,0.71,42.96,30.01,1,ok
Fujairah,S1A_IW_GRDH_1SDV_20250120T141655_20250120T141720_057529_0715E8_27AA,VH,3563,2675,369931.425189315,2931304.8688346627,80.0,26.32,0.7,42.96,30.02,1,ok
Fujairah,S1A_IW_GRDH_1SDV_20250201T141654_20250201T141719_057704_071CD3_8E9C,VH,3563,2675,369963.13138124684,2931292.003292593,80.0,26.32,0.71,42.97,30.01,1,ok
Fujairah,S1A_IW_GRDH_1SDV_20250225T141654_20250225T141719_058054_072AFB_9955,VH,3563,2675,370035.5193313509,2931306.5803247527,80.0,26.31,0.71,42.97,30.02,1,ok
Fujairah,S1A_IW_GRDH_1SDV_20250321T141654_20250321T141719_058404_07390A_3A64,VH,3580,2678,369770.08705899183,2931546.5760153965,80.0,26.17,0.7,42.69,30.44,1,ok
Fujairah,S1A_IW_GRDH_1SDV_20250508T141655_20250508T141720_059104_07553F_D9D1,VH,3563,2675,370052.1913895805,2931286.03492709,80.0,26.32,0.71,42.98,30.0,1,ok
Fujairah,S1A_IW_GRDH_1SDV_20250731T141651_20250731T141716_060329_077F80_00CD,VH,3563,2675,370063.8665304646,2931317.7326965583,80.0,26.32,0.71,42.97,30.0,1,ok
Fujairah,S1A_IW_GRDH_1SDV_20250917T141651_20250917T141716_061029_079AD4_BEB1,VH,3563,2675,369943.324251548,2931324.0091466527,80.0,26.33,0.71,42.96,30.01,1,ok
Fujairah,S1A_IW_GRDH_1SDV_20251011T141652_20251011T141717_061379_07A8EC_6D05,VH,3563,2675,369708.9382437181,2931324.1276793075,80.0,26.34,0.71,42.94,30.01,1,ok
Fujairah,S1A_IW_GRDH_1SDV_20251023T141652_20251023T141717_061554_07AFF4_3310,VH,3563,2675,369975.427561563,2931321.739437883,80.0,26.32,0.71,42.96,30.01,1,ok
Fujairah,S1A_IW_GRDH_1SDV_20251026T020728_20251026T020753_061590_07B161_3CC3,VH,3552,2667,382351.340333471,2869864.4854741506,80.0,11.37,0.31,58.88,29.44,1,ok
Fujairah,S1A_IW_GRDH_1SDV_20251222T141647_20251222T141712_062429_07D225_B5FC,VH,3563,2675,370004.22915777296,2931305.0437918752,80.0,26.32,0.7,42.97,30.01,1,ok
Fujairah,S1A_IW_GRDH_1SDV_20250108T141656_20250108T141721_057354_070EF9_747A,VV,3563,2675,369940.1015384381,2931306.2702672957,80.0,26.32,0.71,42.96,30.01,1,ok
Fujairah,S1A_IW_GRDH_1SDV_20250120T141655_20250120T141720_057529_0715E8_27AA,VV,3563,2675,369931.425189315,2931304.8688346627,80.0,26.32,0.7,42.96,30.02,1,ok
Fujairah,S1A_IW_GRDH_1SDV_20250201T141654_20250201T141719_057704_071CD3_8E9C,VV,3563,2675,369963.13138124684,2931292.003292593,80.0,26.32,0.71,42.97,30.01,1,ok
Fujairah,S1A_IW_GRDH_1SDV_20250225T141654_20250225T141719_058054_072AFB_9955,VV,3563,2675,370035.5193313509,2931306.5803247527,80.0,26.31,0.71,42.97,30.01,1,ok
Fujairah,S1A_IW_GRDH_1SDV_20250321T141654_20250321T141719_058404_07390A_3A64,VV,3580,2678,369770.08705899183,2931546.5760153965,80.0,26.17,0.7,42.69,30.43,1,ok
Fujairah,S1A_IW_GRDH_1SDV_20250508T141655_20250508T141720_059104_07553F_D9D1,VV,3563,2675,370052.1913895805,2931286.03492709,80.0,26.32,0.71,42.98,30.0,1,ok
Fujairah,S1A_IW_GRDH_1SDV_20250731T141651_20250731T141716_060329_077F80_00CD,VV,3563,2675,370063.8665304646,2931317.7326965583,80.0,26.32,0.71,42.97,30.0,1,ok
Fujairah,S1A_IW_GRDH_1SDV_20250917T141651_20250917T141716_061029_079AD4_BEB1,VV,3563,2675,369943.324251548,2931324.0091466527,80.0,26.33,0.71,42.96,30.01,1,ok
Fujairah,S1A_IW_GRDH_1SDV_20251011T141652_20251011T141717_061379_07A8EC_6D05,VV,3563,2675,369708.9382437181,2931324.1276793075,80.0,26.34,0.71,42.94,30.01,1,ok
Fujairah,S1A_IW_GRDH_1SDV_20251023T141652_20251023T141717_061554_07AFF4_3310,VV,3563,2675,369975.427561563,2931321.739437883,80.0,26.32,0.71,42.96,30.01,1,ok
Fujairah,S1A_IW_GRDH_1SDV_20251026T020728_20251026T020753_061590_07B161_3CC3,VV,3552,2667,382351.340333471,2869864.4854741506,80.0,11.37,0.31,58.88,29.44,1,ok
Fujairah,S1A_IW_GRDH_1SDV_20251222T141647_20251222T141712_062429_07D225_B5FC,VV,3563,2675,370004.22915777296,2931305.0437918752,80.0,26.32,0.7,42.97,30.01,1,ok
Hamburg,S1A_IW_GRDH_1SDV_20251017T054129_20251017T054154_061461_07AC2A_79B6,VH,3649,2672,333656.0976299399,6138979.403449681,80.0,27.39,1.97,38.7,31.94,1,ok
Hamburg,S1A_IW_GRDH_1SDV_20251029T054128_20251029T054153_061636_07B333_88A6,VH,3650,2672,333692.324854952,6138993.967622546,80.0,27.4,1.96,38.69,31.95,1,ok
Hamburg,S1A_IW_GRDH_1SDV_20251122T054127_20251122T054152_061986_07C0D6_F7BE,VH,3650,2672,333408.9503691097,6139023.557862085,80.0,27.36,1.96,38.74,31.94,1,ok
Hamburg,S1A_IW_GRDH_1SDV_20251204T054126_20251204T054151_062161_07C7AC_F97F,VH,3650,2672,333456.801397732,6139033.742010542,80.0,27.37,1.96,38.73,31.95,1,ok
Hamburg,S1A_IW_GRDH_1SDV_20251216T054125_20251216T054150_062336_07CE83_4CC7,VH,3650,2672,333466.8680930432,6139033.056730399,80.0,27.37,1.96,38.72,31.95,1,ok
Hamburg,S1A_IW_GRDH_1SDV_20251228T054123_20251228T054148_062511_07D550_B09A,VH,3650,2672,333591.421793609,6139031.217410516,80.0,27.39,1.96,38.71,31.94,1,ok
Hamburg,S1C_IW_GRDH_1SDV_20250824T054027_20250824T054052_003810_0079A1_4DF0,VH,3673,2678,329364.33499694354,6119085.90493703,80.0,29.33,1.81,36.33,32.53,1,ok
Hamburg,S1C_IW_GRDH_1SDV_20250905T054027_20250905T054052_003985_007ED9_EA5D,VH,3673,2678,329555.220239387,6119083.405141372,80.0,29.36,1.81,36.3,32.53,1,ok
Hamburg,S1C_IW_GRDH_1SDV_20250917T054028_20250917T054053_004160_00842D_7E1A,VH,3673,2678,329511.8970144042,6119081.930571386,80.0,29.35,1.81,36.31,32.53,1,ok
Hamburg,S1C_IW_GRDH_1SDV_20250929T054028_20250929T054053_004335_008987_A32B,VH,3673,2678,329532.8089273377,6119078.2651115535,80.0,29.35,1.81,36.3,32.54,1,ok
Hamburg,S1C_IW_GRDH_1SDV_20251011T054028_20251011T054053_004510_008ED9_EBA7,VH,3673,2678,329469.6493065478,6119086.136569054,80.0,29.34,1.81,36.31,32.53,1,ok
Hamburg,S1C_IW_GRDH_1SDV_20251023T054028_20251023T054053_004685_009421_38F8,VH,3673,2678,329399.17736559117,6119101.674703108,80.0,29.33,1.81,36.33,32.54,1,ok
Hamburg,S1C_IW_GRDH_1SDV_20251104T054028_20251104T054053_004860_0099AE_A2F9,VH,3673,2678,329402.3944964252,6119108.480591648,80.0,29.33,1.81,36.33,32.54,1,ok
Hamburg,S1C_IW_GRDH_1SDV_20251116T054027_20251116T054052_005035_009F87_5F14,VH,3674,2678,329501.17766394746,6119119.213964348,80.0,29.35,1.81,36.31,32.53,1,ok
Hamburg,S1C_IW_GRDH_1SDV_20251128T054027_20251128T054052_005210_00A568_4CE6,VH,3674,2678,329590.17062691116,6119113.383394343,80.0,29.36,1.81,36.29,32.54,1,ok
Hamburg,S1C_IW_GRDH_1SDV_20251210T054026_20251210T054051_005385_00AB6C_2021,VH,3674,2678,329526.0879317676,6119124.550235302,80.0,29.35,1.81,36.3,32.54,1,ok
Hamburg,S1C_IW_GRDH_1SDV_20251222T054026_20251222T054051_005560_00B165_BF35,VH,3674,2678,329422.92091682856,6119136.138979888,80.0,29.33,1.81,36.33,32.54,1,ok
Hamburg,S1A_IW_GRDH_1SDV_20251017T054129_20251017T054154_061461_07AC2A_79B6,VV,3649,2672,333656.0976299399,6138979.403449681,80.0,27.39,1.97,38.7,31.94,1,ok
Hamburg,S1A_IW_GRDH_1SDV_20251029T054128_20251029T054153_061636_07B333_88A6,VV,3650,2672,333692.324854952,6138993.967622546,80.0,27.4,1.96,38.69,31.95,1,ok
Hamburg,S1A_IW_GRDH_1SDV_20251122T054127_20251122T054152_061986_07C0D6_F7BE,VV,3650,2672,333408.9503691097,6139023.557862085,80.0,27.36,1.96,38.74,31.94,1,ok
Hamburg,S1A_IW_GRDH_1SDV_20251204T054126_20251204T054151_062161_07C7AC_F97F,VV,3650,2672,333456.801397732,6139033.742010542,80.0,27.37,1.96,38.73,31.95,1,ok
Hamburg,S1A_IW_GRDH_1SDV_20251216T054125_20251216T054150_062336_07CE83_4CC7,VV,3650,2672,333466.8680930432,6139033.056730399,80.0,27.37,1.96,38.72,31.95,1,ok
Hamburg,S1A_IW_GRDH_1SDV_20251228T054123_20251228T054148_062511_07D550_B09A,VV,3650,2672,333591.421793609,6139031.217410516,80.0,27.39,1.96,38.7,31.94,1,ok
Hamburg,S1C_IW_GRDH_1SDV_20250824T054027_20250824T054052_003810_0079A1_4DF0,VV,3673,2678,329364.33499694354,6119085.90493703,80.0,29.33,1.81,36.33,32.53,1,ok
Hamburg,S1C_IW_GRDH_1SDV_20250905T054027_20250905T054052_003985_007ED9_EA5D,VV,3673,2678,329555.220239387,6119083.405141372,80.0,29.36,1.81,36.3,32.53,1,ok
Hamburg,S1C_IW_GRDH_1SDV_20250917T054028_20250917T054053_004160_00842D_7E1A,VV,3673,2678,329511.8970144042,6119081.930571386,80.0,29.35,1.81,36.31,32.53,1,ok
Hamburg,S1C_IW_GRDH_1SDV_20250929T054028_20250929T054053_004335_008987_A32B,VV,3673,2678,329532.8089273377,6119078.2651115535,80.0,29.35,1.81,36.3,32.54,1,ok
Hamburg,S1C_IW_GRDH_1SDV_20251011T054028_20251011T054053_004510_008ED9_EBA7,VV,3673,2678,329469.6493065478,6119086.136569054,80.0,29.34,1.81,36.31,32.53,1,ok
Hamburg,S1C_IW_GRDH_1SDV_20251023T054028_20251023T054053_004685_009421_38F8,VV,3673,2678,329399.17736559117,6119101.674703108,80.0,29.33,1.81,36.33,32.54,1,ok
Hamburg,S1C_IW_GRDH_1SDV_20251104T054028_20251104T054053_004860_0099AE_A2F9,VV,3673,2678,329402.3944964252,6119108.480591648,80.0,29.33,1.81,36.33,32.54,1,ok
Hamburg,S1C_IW_GRDH_1SDV_20251116T054027_20251116T054052_005035_009F87_5F14,VV,3674,2678,329501.17766394746,6119119.213964348,80.0,29.35,1.81,36.31,32.53,1,ok
Hamburg,S1C_IW_GRDH_1SDV_20251128T054027_20251128T054052_005210_00A568_4CE6,VV,3674,2678,329590.17062691116,6119113.383394343,80.0,29.36,1.81,36.29,32.54,1,ok
Hamburg,S1C_IW_GRDH_1SDV_20251210T054026_20251210T054051_005385_00AB6C_2021,VV,3674,2678,329526.0879317676,6119124.550235302,80.0,29.35,1.81,36.3,32.54,1,ok
Hamburg,S1C_IW_GRDH_1SDV_20251222T054026_20251222T054051_005560_00B165_BF35,VV,3674,2678,329422.92091682856,6119136.138979888,80.0,29.33,1.81,36.33,32.54,1,ok
Houston,S1A_IW_GRDH_1SDV_20250102T122317_20250102T122347_057265_070B6D_EB07,VH,3605,3119,66429.6409584491,3441484.6551011433,80.0,62.28,1.32,2.29,34.12,1,ok
Houston,S1A_IW_GRDH_1SDV_20250126T122315_20250126T122344_057615_071953_D83D,VH,3595,3054,67495.63969246921,3441500.1091298084,80.0,64.03,1.41,2.77,31.79,1,ok
Houston,S1A_IW_GRDH_1SDV_20250315T122314_20250315T122344_058315_07357B_31CC,VH,3604,3119,66466.39625110856,3441493.15325825,80.0,62.27,1.32,2.29,34.13,1,ok
Houston,S1A_IW_GRDH_1SDV_20250401T002647_20250401T002712_058556_073F16_5FFE,VH,3505,2595,84144.77148979646,3314929.043346387,80.0,44.19,2.66,26.61,26.55,1,ok
Houston,S1A_IW_GRDH_1SDV_20250607T122314_20250607T122344_059540_076452_AEAB,VH,3503,2980,649554.0581157255,3435803.0923464787,80.0,67.08,1.42,2.45,29.05,1,ok
Houston,S1A_IW_GRDH_1SDV_20250612T002645_20250612T002710_059606_07667E_E24C,VH,3504,2595,84581.78095469408,3314932.4849843085,80.0,44.09,2.65,26.73,26.53,1,ok
Houston,S1A_IW_GRDH_1SDV_20250718T002643_20250718T002708_060131_0778A6_1D3D,VH,3499,2594,84520.61118143483,3314902.023308089,80.0,44.19,2.66,26.73,26.41,1,ok
Houston,S1A_IW_GRDH_1SDV_20250102T122317_20250102T122347_057265_070B6D_EB07,VV,3605,3119,66429.6409584491,3441484.6551011433,80.0,62.27,1.32,2.29,34.12,1,ok
Houston,S1A_IW_GRDH_1SDV_20250126T122315_20250126T122344_057615_071953_D83D,VV,3595,3054,67495.63969246921,3441500.1091298084,80.0,64.03,1.41,2.77,31.79,1,ok
Houston,S1A_IW_GRDH_1SDV_20250315T122314_20250315T122344_058315_07357B_31CC,VV,3604,3119,66466.39625110856,3441493.15325825,80.0,62.27,1.32,2.29,34.12,1,ok
Houston,S1A_IW_GRDH_1SDV_20250401T002647_20250401T002712_058556_073F16_5FFE,VV,3505,2595,84144.77148979646,3314929.043346387,80.0,44.19,2.66,26.61,26.54,1,ok
Houston,S1A_IW_GRDH_1SDV_20250607T122314_20250607T122344_059540_076452_AEAB,VV,3503,2980,649554.0581157255,3435803.0923464787,80.0,67.08,1.42,2.45,29.05,1,ok
Houston,S1A_IW_GRDH_1SDV_20250612T002645_20250612T002710_059606_07667E_E24C,VV,3504,2595,84581.78095469408,3314932.4849843085,80.0,44.09,2.65,26.73,26.53,1,ok
Houston,S1A_IW_GRDH_1SDV_20250718T002643_20250718T002708_060131_0778A6_1D3D,VV,3499,2594,84520.61118143483,3314902.023308089,80.0,44.19,2.66,26.73,26.41,1,ok
Jebel Ali,S1A_IW_GRDH_1SDV_20250101T142509_20250101T142534_057252_070AF6_8BC8,VH,3546,2633,165922.33408577862,2918361.438934799,80.0,22.82,0.98,47.82,28.38,1,ok
Jebel Ali,S1A_IW_GRDH_1SDV_20250104T021547_20250104T021611_057288_070C5C_2B74,VH,3542,2569,175479.43028848543,2867949.490443689,80.0,34.67,1.18,29.32,34.83,1,ok
Jebel Ali,S1A_IW_GRDH_1SDV_20250113T142508_20250113T142533_057427_0711E2_2089,VH,3546,2633,165955.78616140108,2918356.180066684,80.0,22.83,0.99,47.8,28.37,1,ok
Jebel Ali,S1A_IW_GRDH_1SDV_20250125T142507_20250125T142532_057602_0718D6_9C14,VH,3546,2633,165887.98785325175,2918356.298292026,80.0,22.82,0.98,47.82,28.38,1,ok
Jebel Ali,S1A_IW_GRDH_1SDV_20250206T142506_20250206T142531_057777_071FC4_4425,VH,3546,2633,165795.99120753031,2918364.190994777,80.0,22.8,0.98,47.84,28.38,1,ok
Jebel Ali,S1A_IW_GRDH_1SDV_20250218T142506_20250218T142531_057952_0726CE_AB2C,VH,3545,2633,165931.5617284762,2918370.040047838,80.0,22.81,0.99,47.82,28.38,1,ok
Jebel Ali,S1A_IW_GRDH_1SDV_20250302T142506_20250302T142531_058127_072DF2_C32F,VH,3546,2633,165851.32130955008,2918370.960924428,80.0,22.8,0.99,47.83,28.38,1,ok
Jebel Ali,S1A_IW_GRDH_1SDV_20250314T142506_20250314T142531_058302_073505_F8D8,VH,3545,2633,165876.07576704602,2918362.113000306,80.0,22.81,0.98,47.84,28.38,1,ok
Jebel Ali,S1A_IW_GRDH_1SDV_20250317T021545_20250317T021609_058338_073664_181C,VH,3542,2569,175323.43461299903,2867937.0203888495,80.0,34.66,1.18,29.34,34.83,1,ok
Jebel Ali,S1A_IW_GRDH_1SDV_20250326T142506_20250326T142531_058477_073BE1_A5C1,VH,3546,2633,165999.09708445368,2918345.0857362472,80.0,22.84,0.99,47.79,28.38,1,ok
Jebel Ali,S1A_IW_GRDH_1SDV_20250407T142506_20250407T142531_058652_07430E_28DD,VH,3545,2633,165851.52189371525,2918361.822094262,80.0,22.8,0.99,47.84,28.37,1,ok
Jebel Ali,S1A_IW_GRDH_1SDV_20250410T021545_20250410T021609_058688_074483_D3BC,VH,3541,2568,175361.99600594142,2867916.755395404,80.0,34.66,1.18,29.34,34.82,1,ok
Jebel Ali,S1A_IW_GRDH_1SDV_20250419T142506_20250419T142531_058827_074A34_03DC,VH,3545,2633,165990.9477051436,2918376.13578327,80.0,22.83,0.98,47.82,28.38,1,ok
Jebel Ali,S1A_IW_GRDH_1SDV_20250501T142507_20250501T142532_059002_075153_F22D,VH,3545,2633,165500.84297187912,2921018.227017243,80.0,21.98,0.94,48.72,28.36,1,ok
Jebel Ali,S1A_IW_GRDH_1SDV_20250513T142506_20250513T142531_059177_0757CB_F25B,VH,3545,2633,166038.26670403464,2918356.707745112,80.0,22.85,0.99,47.8,28.37,1,ok
Jebel Ali,S1A_IW_GRDH_1SDV_20250525T142506_20250525T142531_059352_075DD8_6C78,VH,3545,2633,166082.7815342255,2918358.090930903,80.0,22.85,0.99,47.79,28.37,1,ok
Jebel Ali,S1A_IW_GRDH_1SDV_20250606T142505_20250606T142530_059527_0763E5_967B,VH,3545,2633,166120.99647157552,2918347.817650391,80.0,22.87,0.99,47.78,28.37,1,ok
Jebel Ali,S1A_IW_GRDH_1SDV_20250609T021544_20250609T021608_059563_076513_C2E0,VH,3541,2567,175213.1971080175,2867907.6478177574,80.0,34.65,1.18,29.36,34.81,1,ok
Jebel Ali,S1A_IW_GRDH_1SDV_20250618T142504_20250618T142529_059702_0769DE_8658,VH,3545,2633,166139.18651431368,2918353.1554003404,80.0,22.87,0.99,47.77,28.37,1,ok
Jebel Ali,S1A_IW_GRDH_1SDV_20250621T021544_20250621T021607_059738_076B1D_2523,VH,3541,2568,175256.8042458846,2867905.4173388714,80.0,34.64,1.17,29.35,34.83,1,ok
Jebel Ali,S1A_IW_GRDH_1SDV_20250630T142504_20250630T142529_059877_076FF7_ED71,VH,3545,2633,166064.6233994062,2918347.4944397104,80.0,22.85,0.99,47.79,28.37,1,ok
Jebel Ali,S1A_IW_GRDH_1SDV_20250715T021542_20250715T021606_060088_077739_3740,VH,3541,2568,175301.92628123076,2867910.161037984,80.0,34.65,1.18,29.34,34.83,1,ok
Jebel Ali,S1A_IW_GRDH_1SDV_20250724T142503_20250724T142528_060227_077C09_9CBA,VH,3545,2633,166157.26297487697,2918368.3213926214,80.0,22.87,0.99,47.78,28.37,1,ok
Jebel Ali,S1A_IW_GRDH_1SDV_20250805T142503_20250805T142528_060402_078207_9714,VH,3545,2633,166016.7421476569,2918366.7175497417,80.0,22.84,0.99,47.81,28.37,1,ok
Jebel Ali,S1A_IW_GRDH_1SDV_20250817T142503_20250817T142528_060577_0788DF_80F4,VH,3545,2633,165936.77384076914,2918378.869936213,80.0,22.81,0.98,47.83,28.38,1,ok
Jebel Ali,S1A_IW_GRDH_1SDV_20250829T142503_20250829T142528_060752_078FC4_CDEA,VH,3545,2633,165941.7131089124,2918379.2959600477,80.0,22.81,0.99,47.82,28.38,1,ok
Jebel Ali,S1A_IW_GRDH_1SDV_20250901T021542_20250901T021605_060788_07912C_0086,VH,3541,2568,175416.8516340978,2867910.5976859494,80.0,34.67,1.18,29.33,34.82,1,ok
Jebel Ali,S1A_IW_GRDH_1SDV_20250910T142503_20250910T142528_060927_0796BD_18EC,VH,3545,2633,165856.9822991725,2918388.60794527,80.0,22.8,0.98,47.84,28.37,1,ok
Jebel Ali,S1A_IW_GRDH_1SDV_20250922T142504_20250922T142529_061102_079DC2_7207,VH,3545,2633,165923.27538298233,2918379.4529355927,80.0,22.81,0.98,47.83,28.38,1,ok
Jebel Ali,S1A_IW_GRDH_1SDV_20250925T021543_20250925T021606_061138_079F34_4E55,VH,3541,2568,175475.0526016805,2867911.985253921,80.0,34.67,1.18,29.32,34.84,1,ok
Jebel Ali,S1A_IW_GRDH_1SDV_20251004T142503_20251004T142528_061277_07A4D4_B04D,VH,3545,2633,165963.02847393363,2918382.425232223,80.0,22.82,0.98,47.82,28.38,1,ok
Jebel Ali,S1A_IW_GRDH_1SDV_20251016T142504_20251016T142529_061452_07ABDD_BF78,VH,3546,2633,165825.68603353843,2918396.4627506407,80.0,22.79,0.98,47.85,28.38,1,ok
Jebel Ali,S1A_IW_GRDH_1SDV_20251028T142503_20251028T142528_061627_07B2E5_AF8B,VH,3545,2633,165867.92870213557,2918394.474360572,80.0,22.79,0.99,47.84,28.38,1,ok
Jebel Ali,S1A_IW_GRDH_1SDV_20251109T142503_20251109T142528_061802_07B9BD_1AE4,VH,3545,2633,165893.58128814027,2918388.6832643505,80.0,22.8,0.98,47.84,28.38,1,ok
Jebel Ali,S1A_IW_GRDH_1SDV_20251121T142503_20251121T142528_061977_07C08B_B3BC,VH,3546,2633,165813.80196922092,2918376.9703273606,80.0,22.8,0.98,47.84,28.38,1,ok
Jebel Ali,S1A_IW_GRDH_1SDV_20251203T142501_20251203T142526_062152_07C75E_D213,VH,3546,2633,165984.5095524172,2918368.2044553156,80.0,22.84,0.98,47.8,28.38,1,ok
Jebel Ali,S1A_IW_GRDH_1SDV_20251206T021540_20251206T021603_062188_07C8BF_E0FB,VH,3542,2568,175371.43777564442,2867942.560122361,80.0,34.65,1.18,29.34,34.83,1,ok
Jebel Ali,S1A_IW_GRDH_1SDV_20251215T142500_20251215T142525_062327_07CE36_F264,VH,3546,2633,165877.3308326488,2918366.3488057014,80.0,22.81,0.98,47.83,28.38,1,ok
Jebel Ali,S1A_IW_GRDH_1SDV_20251227T142459_20251227T142524_062502_07D505_24C1,VH,3546,2633,165896.29536274035,2918368.3744314653,80.0,22.81,0.98,47.82,28.38,1,ok
Jebel Ali,S1C_IW_GRDH_1SDV_20250814T021436_20250814T021501_003662_00752F_F0F2,VH,3506,2694,180953.2539133964,2880327.363802556,80.0,36.96,1.18,32.39,29.47,1,ok
Jebel Ali,S1C_IW_GRDH_1SDV_20251013T021438_20251013T021503_004537_008FA6_7629,VH,3506,2694,181023.85941171373,2880325.933230248,80.0,36.96,1.18,32.38,29.48,1,ok
Jebel Ali,S1C_IW_GRDH_1SDV_20251025T021438_20251025T021503_004712_0094F6_EC36,VH,3506,2694,181010.55358513776,2880318.155652978,80.0,36.97,1.18,32.38,29.47,1,ok
Jebel Ali,S1C_IW_GRDH_1SDV_20251106T021437_20251106T021502_004887_009A94_6EF3,VH,3506,2694,180962.66464653425,2880318.285882996,80.0,36.96,1.18,32.39,29.47,1,ok
Jebel Ali,S1C_IW_GRDH_1SDV_20251130T021436_20251130T021501_005237_00A653_4A11,VH,3506,2694,181085.17868218035,2880322.5152884945,80.0,36.97,1.18,32.37,29.48,1,ok
Jebel Ali,S1A_IW_GRDH_1SDV_20250101T142509_20250101T142534_057252_070AF6_8BC8,VV,3546,2633,165922.33408577862,2918361.438934799,80.0,22.82,0.98,47.82,28.38,1,ok
Jebel Ali,S1A_IW_GRDH_1SDV_20250104T021547_20250104T021611_057288_070C5C_2B74,VV,3542,2569,175479.43028848543,2867949.490443689,80.0,34.67,1.18,29.32,34.83,1,ok
Jebel Ali,S1A_IW_GRDH_1SDV_20250113T142508_20250113T142533_057427_0711E2_2089,VV,3546,2633,165955.78616140108,2918356.180066684,80.0,22.83,0.99,47.8,28.37,1,ok
Jebel Ali,S1A_IW_GRDH_1SDV_20250125T142507_20250125T142532_057602_0718D6_9C14,VV,3546,2633,165887.98785325175,2918356.298292026,80.0,22.82,0.98,47.82,28.38,1,ok
Jebel Ali,S1A_IW_GRDH_1SDV_20250206T142506_20250206T142531_057777_071FC4_4425,VV,3546,2633,165795.99120753031,2918364.190994777,80.0,22.8,0.98,47.84,28.38,1,ok
Jebel Ali,S1A_IW_GRDH_1SDV_20250218T142506_20250218T142531_057952_0726CE_AB2C,VV,3545,2633,165931.5617284762,2918370.040047838,80.0,22.81,0.99,47.82,28.38,1,ok
Jebel Ali,S1A_IW_GRDH_1SDV_20250302T142506_20250302T142531_058127_072DF2_C32F,VV,3546,2633,165851.32130955008,2918370.960924428,80.0,22.8,0.99,47.83,28.38,1,ok
Jebel Ali,S1A_IW_GRDH_1SDV_20250314T142506_20250314T142531_058302_073505_F8D8,VV,3545,2633,165876.07576704602,2918362.113000306,80.0,22.81,0.98,47.84,28.38,1,ok
Jebel Ali,S1A_IW_GRDH_1SDV_20250317T021545_20250317T021609_058338_073664_181C,VV,3542,2569,175323.43461299903,2867937.0203888495,80.0,34.66,1.18,29.34,34.83,1,ok
Jebel Ali,S1A_IW_GRDH_1SDV_20250326T142506_20250326T142531_058477_073BE1_A5C1,VV,3546,2633,165999.09708445368,2918345.0857362472,80.0,22.84,0.99,47.79,28.38,1,ok
Jebel Ali,S1A_IW_GRDH_1SDV_20250407T142506_20250407T142531_058652_07430E_28DD,VV,3545,2633,165851.52189371525,2918361.822094262,80.0,22.8,0.99,47.84,28.37,1,ok
Jebel Ali,S1A_IW_GRDH_1SDV_20250410T021545_20250410T021609_058688_074483_D3BC,VV,3541,2568,175361.99600594142,2867916.755395404,80.0,34.66,1.18,29.34,34.82,1,ok
Jebel Ali,S1A_IW_GRDH_1SDV_20250419T142506_20250419T142531_058827_074A34_03DC,VV,3545,2633,165990.9477051436,2918376.13578327,80.0,22.83,0.98,47.82,28.38,1,ok
Jebel Ali,S1A_IW_GRDH_1SDV_20250501T142507_20250501T142532_059002_075153_F22D,VV,3545,2633,165500.84297187912,2921018.227017243,80.0,21.98,0.94,48.72,28.36,1,ok
Jebel Ali,S1A_IW_GRDH_1SDV_20250513T142506_20250513T142531_059177_0757CB_F25B,VV,3545,2633,166038.26670403464,2918356.707745112,80.0,22.85,0.99,47.8,28.37,1,ok
Jebel Ali,S1A_IW_GRDH_1SDV_20250525T142506_20250525T142531_059352_075DD8_6C78,VV,3545,2633,166082.7815342255,2918358.090930903,80.0,22.85,0.99,47.79,28.37,1,ok
Jebel Ali,S1A_IW_GRDH_1SDV_20250606T142505_20250606T142530_059527_0763E5_967B,VV,3545,2633,166120.99647157552,2918347.817650391,80.0,22.87,0.99,47.78,28.37,1,ok
Jebel Ali,S1A_IW_GRDH_1SDV_20250609T021544_20250609T021608_059563_076513_C2E0,VV,3541,2567,175213.1971080175,2867907.6478177574,80.0,34.65,1.18,29.36,34.81,1,ok
Jebel Ali,S1A_IW_GRDH_1SDV_20250618T142504_20250618T142529_059702_0769DE_8658,VV,3545,2633,166139.18651431368,2918353.1554003404,80.0,22.87,0.99,47.77,28.37,1,ok
Jebel Ali,S1A_IW_GRDH_1SDV_20250621T021544_20250621T021607_059738_076B1D_2523,VV,3541,2568,175256.8042458846,2867905.4173388714,80.0,34.64,1.17,29.35,34.83,1,ok
Jebel Ali,S1A_IW_GRDH_1SDV_20250630T142504_20250630T142529_059877_076FF7_ED71,VV,3545,2633,166064.6233994062,2918347.4944397104,80.0,22.85,0.99,47.79,28.37,1,ok
Jebel Ali,S1A_IW_GRDH_1SDV_20250715T021542_20250715T021606_060088_077739_3740,VV,3541,2568,175301.92628123076,2867910.161037984,80.0,34.65,1.18,29.34,34.83,1,ok
Jebel Ali,S1A_IW_GRDH_1SDV_20250724T142503_20250724T142528_060227_077C09_9CBA,VV,3545,2633,166157.26297487697,2918368.3213926214,80.0,22.87,0.99,47.78,28.37,1,ok
Jebel Ali,S1A_IW_GRDH_1SDV_20250805T142503_20250805T142528_060402_078207_9714,VV,3545,2633,166016.7421476569,2918366.7175497417,80.0,22.84,0.99,47.81,28.37,1,ok
Jebel Ali,S1A_IW_GRDH_1SDV_20250817T142503_20250817T142528_060577_0788DF_80F4,VV,3545,2633,165936.77384076914,2918378.869936213,80.0,22.81,0.98,47.83,28.38,1,ok
Jebel Ali,S1A_IW_GRDH_1SDV_20250829T142503_20250829T142528_060752_078FC4_CDEA,VV,3545,2633,165941.7131089124,2918379.2959600477,80.0,22.81,0.99,47.82,28.38,1,ok
Jebel Ali,S1A_IW_GRDH_1SDV_20250901T021542_20250901T021605_060788_07912C_0086,VV,3541,2568,175416.8516340978,2867910.5976859494,80.0,34.67,1.18,29.33,34.82,1,ok
Jebel Ali,S1A_IW_GRDH_1SDV_20250910T142503_20250910T142528_060927_0796BD_18EC,VV,3545,2633,165856.9822991725,2918388.60794527,80.0,22.8,0.98,47.84,28.37,1,ok
Jebel Ali,S1A_IW_GRDH_1SDV_20250922T142504_20250922T142529_061102_079DC2_7207,VV,3545,2633,165923.27538298233,2918379.4529355927,80.0,22.81,0.98,47.83,28.38,1,ok
Jebel Ali,S1A_IW_GRDH_1SDV_20250925T021543_20250925T021606_061138_079F34_4E55,VV,3541,2568,175475.0526016805,2867911.985253921,80.0,34.67,1.18,29.32,34.84,1,ok
Jebel Ali,S1A_IW_GRDH_1SDV_20251004T142503_20251004T142528_061277_07A4D4_B04D,VV,3545,2633,165963.02847393363,2918382.425232223,80.0,22.82,0.98,47.82,28.38,1,ok
Jebel Ali,S1A_IW_GRDH_1SDV_20251016T142504_20251016T142529_061452_07ABDD_BF78,VV,3546,2633,165825.68603353843,2918396.4627506407,80.0,22.79,0.98,47.85,28.38,1,ok
Jebel Ali,S1A_IW_GRDH_1SDV_20251028T142503_20251028T142528_061627_07B2E5_AF8B,VV,3545,2633,165867.92870213557,2918394.474360572,80.0,22.79,0.99,47.84,28.38,1,ok
Jebel Ali,S1A_IW_GRDH_1SDV_20251109T142503_20251109T142528_061802_07B9BD_1AE4,VV,3545,2633,165893.58128814027,2918388.6832643505,80.0,22.8,0.98,47.84,28.38,1,ok
Jebel Ali,S1A_IW_GRDH_1SDV_20251121T142503_20251121T142528_061977_07C08B_B3BC,VV,3546,2633,165813.80196922092,2918376.9703273606,80.0,22.8,0.98,47.84,28.38,1,ok
Jebel Ali,S1A_IW_GRDH_1SDV_20251203T142501_20251203T142526_062152_07C75E_D213,VV,3546,2633,165984.5095524172,2918368.2044553156,80.0,22.84,0.98,47.8,28.38,1,ok
Jebel Ali,S1A_IW_GRDH_1SDV_20251206T021540_20251206T021603_062188_07C8BF_E0FB,VV,3542,2568,175371.43777564442,2867942.560122361,80.0,34.65,1.18,29.34,34.83,1,ok
Jebel Ali,S1A_IW_GRDH_1SDV_20251215T142500_20251215T142525_062327_07CE36_F264,VV,3546,2633,165877.3308326488,2918366.3488057014,80.0,22.81,0.98,47.83,28.38,1,ok
Jebel Ali,S1A_IW_GRDH_1SDV_20251227T142459_20251227T142524_062502_07D505_24C1,VV,3546,2633,165896.29536274035,2918368.3744314653,80.0,22.81,0.98,47.82,28.38,1,ok
Jebel Ali,S1C_IW_GRDH_1SDV_20250814T021436_20250814T021501_003662_00752F_F0F2,VV,3506,2694,180953.2539133964,2880327.363802556,80.0,36.96,1.18,32.39,29.47,1,ok
Jebel Ali,S1C_IW_GRDH_1SDV_20251013T021438_20251013T021503_004537_008FA6_7629,VV,3506,2694,181023.85941171373,2880325.933230248,80.0,36.96,1.18,32.38,29.48,1,ok
Jebel Ali,S1C_IW_GRDH_1SDV_20251025T021438_20251025T021503_004712_0094F6_EC36,VV,3506,2694,181010.55358513776,2880318.155652978,80.0,36.97,1.18,32.38,29.47,1,ok
Jebel Ali,S1C_IW_GRDH_1SDV_20251106T021437_20251106T021502_004887_009A94_6EF3,VV,3506,2694,180962.66464653425,2880318.285882996,80.0,36.96,1.18,32.39,29.47,1,ok
Jebel Ali,S1C_IW_GRDH_1SDV_20251130T021436_20251130T021501_005237_00A653_4A11,VV,3506,2694,181085.17868218035,2880322.5152884945,80.0,36.97,1.18,32.37,29.48,1,ok
Los Angeles,S1A_IW_GRDH_1SDV_20250202T135247_20250202T135312_057718_071D69_2EC7,VH,3501,2671,279213.56901317457,3828653.0770296208,80.0,43.05,0.63,27.22,29.1,1,ok
Los Angeles,S1C_IW_GRDH_1SDV_20250414T015728_20250414T015809_001883_0039AF_C154,VH,3643,3898,111221.37185828469,3994238.968716696,80.0,44.73,0.54,27.74,26.99,1,ok
Los Angeles,S1A_IW_GRDH_1SDV_20250202T135247_20250202T135312_057718_071D69_2EC7,VV,3501,2671,279213.56901317457,3828653.0770296208,80.0,43.05,0.63,27.23,29.1,1,ok
Los Angeles,S1C_IW_GRDH_1SDV_20250414T015728_20250414T015809_001883_0039AF_C154,VV,3643,3898,111221.37185828469,3994238.968716696,80.0,44.73,0.54,27.74,26.99,1,ok
Melbourne,S1A_IW_GRDH_1SDV_20250217T193335_20250217T193400_057940_072653_7401,VH,3745,2956,153438.3781309973,5895409.591993706,80.0,42.89,1.08,16.64,39.39,1,ok
Melbourne,S1A_IW_GRDH_1SDV_20250406T193335_20250406T193400_058640_074290_9E86,VH,3745,2956,153401.60752286884,5895393.93784841,80.0,42.89,1.08,16.65,39.39,1,ok
Melbourne,S1A_IW_GRDH_1SDV_20250418T193335_20250418T193400_058815_0749B9_7FEC,VH,3745,2956,153533.64033903705,5895390.53614304,80.0,42.89,1.08,16.64,39.39,1,ok
Melbourne,S1A_IW_GRDH_1SDV_20250629T193333_20250629T193358_059865_076F8D_C18A,VH,3745,2956,153717.85459201352,5895297.614230683,80.0,42.87,1.08,16.67,39.39,1,ok
Melbourne,S1A_IW_GRDH_1SDV_20250217T193335_20250217T193400_057940_072653_7401,VV,3745,2956,153438.3781309973,5895409.591993706,80.0,42.89,1.08,16.64,39.39,1,ok
Melbourne,S1A_IW_GRDH_1SDV_20250406T193335_20250406T193400_058640_074290_9E86,VV,3745,2956,153401.60752286884,5895393.93784841,80.0,42.89,1.08,16.65,39.39,1,ok
Melbourne,S1A_IW_GRDH_1SDV_20250418T193335_20250418T193400_058815_0749B9_7FEC,VV,3745,2956,153533.64033903705,5895390.53614304,80.0,42.89,1.08,16.64,39.39,1,ok
Melbourne,S1A_IW_GRDH_1SDV_20250629T193333_20250629T193358_059865_076F8D_C18A,VV,3745,2956,153717.85459201352,5895297.614230683,80.0,42.87,1.08,16.67,39.39,1,ok
Mombasa,S1A_IW_GRDH_1SDV_20250115T153906_20250115T153935_057456_071303_0ED7,VH,3617,3096,536445.7538609846,9621340.865879875,80.0,3.98,0.41,62.67,32.94,1,ok
Mombasa,S1A_IW_GRDH_1SDV_20250127T153906_20250127T153935_057631_0719FF_8570,VH,3617,3096,536352.483452372,9621330.842391068,80.0,4.0,0.41,62.65,32.94,1,ok
Mombasa,S1A_IW_GRDH_1SDV_20250220T153905_20250220T153934_057981_0727FE_BF71,VH,3617,3096,536492.3201269706,9621350.01876991,80.0,3.98,0.41,62.67,32.95,1,ok
Mombasa,S1A_IW_GRDH_1SDV_20250316T153905_20250316T153934_058331_073622_85D9,VH,3617,3097,536318.6141091051,9621337.866580665,80.0,4.0,0.41,62.66,32.94,1,ok
Mombasa,S1A_IW_GRDH_1SDV_20250328T153905_20250328T153934_058506_073D15_583F,VH,3618,3098,536282.2567405675,9621324.826395871,80.0,4.0,0.41,62.65,32.94,1,ok
Mombasa,S1A_IW_GRDH_1SDV_20250421T153906_20250421T153935_058856_074B68_80A1,VH,3617,3098,536444.8049937167,9621339.750366068,80.0,3.98,0.41,62.66,32.95,1,ok
Mombasa,S1A_IW_GRDH_1SDV_20250515T153905_20250515T153934_059206_0758C3_2241,VH,3618,3099,536385.0915384543,9621311.801081648,80.0,3.99,0.41,62.66,32.94,1,ok
Mombasa,S1A_IW_GRDH_1SDV_20250527T153905_20250527T153934_059381_075EDC_EE48,VH,3617,3098,536381.1430232412,9621295.321312262,80.0,3.99,0.41,62.66,32.94,1,ok
Mombasa,S1A_IW_GRDH_1SDV_20250620T153903_20250620T153932_059731_076AE1_A027,VH,3617,3098,536400.3907497826,9621305.551525515,80.0,3.99,0.41,62.68,32.93,1,ok
Mombasa,S1A_IW_GRDH_1SDV_20250702T153903_20250702T153932_059906_0770FC_6D94,VH,3617,3098,536367.2644883543,9621297.065066243,80.0,3.99,0.41,62.67,32.93,1,ok
Mombasa,S1A_IW_GRDH_1SDV_20250714T153902_20250714T153931_060081_0776FF_25DB,VH,3617,3098,536443.065712436,9621318.550605286,80.0,9.15,0.56,90.29,0.0,1,ok
Mombasa,S1A_IW_GRDH_1SDV_20250726T153902_20250726T153931_060256_077D04_0826,VH,3617,3098,536458.6161733675,9621320.532313157,80.0,9.15,0.56,90.29,0.0,1,ok
Mombasa,S1A_IW_GRDH_1SDV_20250819T153902_20250819T153931_060606_078A07_42F0,VH,3617,3098,536448.6464006662,9621348.011493595,80.0,3.98,0.41,62.67,32.94,1,ok
Mombasa,S1A_IW_GRDH_1SDV_20250831T153902_20250831T153931_060781_0790EA_0B81,VH,3617,3097,536405.3892695737,9621364.892315507,80.0,3.99,0.41,62.66,32.94,1,ok
Mombasa,S1A_IW_GRDH_1SDV_20250912T153902_20250912T153931_060956_0797E9_52CC,VH,3617,3098,536328.1884744205,9621375.92030102,80.0,4.0,0.41,62.65,32.94,1,ok
Mombasa,S1A_IW_GRDH_1SDV_20250924T153902_20250924T153931_061131_079EEF_95D2,VH,3617,3098,536477.4924842953,9621367.411890894,80.0,3.98,0.41,62.67,32.94,1,ok
Mombasa,S1A_IW_GRDH_1SDV_20251006T153903_20251006T153932_061306_07A5FE_9B54,VH,3617,3097,536370.1031282346,9621351.918771362,80.0,3.99,0.41,62.64,32.95,1,ok
Mombasa,S1A_IW_GRDH_1SDV_20251018T153903_20251018T153932_061481_07AD03_B243,VH,3617,3098,536402.7983583956,9621370.433900006,80.0,3.99,0.41,62.66,32.95,1,ok
Mombasa,S1A_IW_GRDH_1SDV_20251030T153902_20251030T153931_061656_07B411_FB08,VH,3617,3097,536404.7923889448,9621379.141100768,80.0,3.99,0.41,62.65,32.95,1,ok
Mombasa,S1C_IW_GRDH_1SDV_20250920T030348_20250920T030413_004202_008573_E1A5,VH,3587,2774,353832.30871038476,9663992.035412675,80.0,53.1,0.41,14.14,32.35,1,ok
Mombasa,S1C_IW_GRDH_1SDV_20251026T030348_20251026T030413_004727_009566_6FE4,VH,3587,2774,353816.8087247153,9663998.676549586,80.0,53.1,0.41,14.14,32.35,1,ok
Mombasa,S1C_IW_GRDH_1SDV_20251107T030348_20251107T030413_004902_009B16_327F,VH,3587,2774,353849.3268226283,9663992.396794599,80.0,53.1,0.41,14.15,32.34,1,ok
Mombasa,S1C_IW_GRDH_1SDV_20251201T030347_20251201T030412_005252_00A6CF_3A0E,VH,3587,2774,353835.1816797112,9664006.959065001,80.0,53.1,0.41,14.14,32.35,1,ok
Mombasa,S1A_IW_GRDH_1SDV_20250115T153906_20250115T153935_057456_071303_0ED7,VV,3617,3096,536445.7538609846,9621340.865879875,80.0,3.98,0.41,62.67,32.94,1,ok
Mombasa,S1A_IW_GRDH_1SDV_20250127T153906_20250127T153935_057631_0719FF_8570,VV,3617,3096,536352.483452372,9621330.842391068,80.0,4.0,0.41,62.65,32.94,1,ok
Mombasa,S1A_IW_GRDH_1SDV_20250220T153905_20250220T153934_057981_0727FE_BF71,VV,3617,3096,536492.3201269706,9621350.01876991,80.0,3.98,0.41,62.67,32.95,1,ok
Mombasa,S1A_IW_GRDH_1SDV_20250316T153905_20250316T153934_058331_073622_85D9,VV,3617,3097,536318.6141091051,9621337.866580665,80.0,4.0,0.41,62.66,32.94,1,ok
Mombasa,S1A_IW_GRDH_1SDV_20250328T153905_20250328T153934_058506_073D15_583F,VV,3618,3098,536282.2567405675,9621324.826395871,80.0,4.0,0.41,62.65,32.94,1,ok
Mombasa,S1A_IW_GRDH_1SDV_20250421T153906_20250421T153935_058856_074B68_80A1,VV,3617,3098,536444.8049937167,9621339.750366068,80.0,3.98,0.41,62.66,32.95,1,ok
Mombasa,S1A_IW_GRDH_1SDV_20250515T153905_20250515T153934_059206_0758C3_2241,VV,3618,3099,536385.0915384543,9621311.801081648,80.0,3.99,0.41,62.66,32.94,1,ok
Mombasa,S1A_IW_GRDH_1SDV_20250527T153905_20250527T153934_059381_075EDC_EE48,VV,3617,3098,536381.1430232412,9621295.321312262,80.0,3.99,0.41,62.66,32.94,1,ok
Mombasa,S1A_IW_GRDH_1SDV_20250620T153903_20250620T153932_059731_076AE1_A027,VV,3617,3098,536400.3907497826,9621305.551525515,80.0,3.99,0.41,62.68,32.93,1,ok
Mombasa,S1A_IW_GRDH_1SDV_20250702T153903_20250702T153932_059906_0770FC_6D94,VV,3617,3098,536367.2644883543,9621297.065066243,80.0,3.99,0.41,62.67,32.93,1,ok
Mombasa,S1A_IW_GRDH_1SDV_20250714T153902_20250714T153931_060081_0776FF_25DB,VV,3617,3098,536443.065712436,9621318.550605286,80.0,9.15,0.56,90.29,0.0,1,ok
Mombasa,S1A_IW_GRDH_1SDV_20250726T153902_20250726T153931_060256_077D04_0826,VV,3617,3098,536458.6161733675,9621320.532313157,80.0,9.15,0.56,90.29,0.0,1,ok
Mombasa,S1A_IW_GRDH_1SDV_20250819T153902_20250819T153931_060606_078A07_42F0,VV,3617,3098,536448.6464006662,9621348.011493595,80.0,3.98,0.41,62.67,32.94,1,ok
Mombasa,S1A_IW_GRDH_1SDV_20250831T153902_20250831T153931_060781_0790EA_0B81,VV,3617,3097,536405.3892695737,9621364.892315507,80.0,3.99,0.41,62.66,32.94,1,ok
Mombasa,S1A_IW_GRDH_1SDV_20250912T153902_20250912T153931_060956_0797E9_52CC,VV,3617,3098,536328.1884744205,9621375.92030102,80.0,4.0,0.41,62.65,32.94,1,ok
Mombasa,S1A_IW_GRDH_1SDV_20250924T153902_20250924T153931_061131_079EEF_95D2,VV,3617,3098,536477.4924842953,9621367.411890894,80.0,3.98,0.41,62.67,32.94,1,ok
Mombasa,S1A_IW_GRDH_1SDV_20251006T153903_20251006T153932_061306_07A5FE_9B54,VV,3617,3097,536370.1031282346,9621351.918771362,80.0,3.99,0.41,62.64,32.95,1,ok
Mombasa,S1A_IW_GRDH_1SDV_20251018T153903_20251018T153932_061481_07AD03_B243,VV,3617,3098,536402.7983583956,9621370.433900006,80.0,3.99,0.41,62.66,32.95,1,ok
Mombasa,S1A_IW_GRDH_1SDV_20251030T153902_20251030T153931_061656_07B411_FB08,VV,3617,3097,536404.7923889448,9621379.141100768,80.0,3.99,0.41,62.65,32.95,1,ok
Mombasa,S1C_IW_GRDH_1SDV_20250920T030348_20250920T030413_004202_008573_E1A5,VV,3587,2774,353832.30871038476,9663992.035412675,80.0,53.1,0.41,14.14,32.35,1,ok
Mombasa,S1C_IW_GRDH_1SDV_20251026T030348_20251026T030413_004727_009566_6FE4,VV,3587,2774,353816.8087247153,9663998.676549586,80.0,53.1,0.41,14.14,32.35,1,ok
Mombasa,S1C_IW_GRDH_1SDV_20251107T030348_20251107T030413_004902_009B16_327F,VV,3587,2774,353849.3268226283,9663992.396794599,80.0,53.1,0.41,14.15,32.34,1,ok
Mombasa,S1C_IW_GRDH_1SDV_20251201T030347_20251201T030412_005252_00A6CF_3A0E,VV,3587,2774,353835.1816797112,9664006.959065001,80.0,53.1,0.41,14.14,32.35,1,ok
New York,S1A_IW_GRDH_1SDV_20250211T225059_20250211T225124_057855_0722DE_45FE,VH,3585,2691,490314.4297943185,4502948.7338238815,80.0,0.27,0.04,68.72,30.97,1,ok
New York,S1A_IW_GRDH_1SDV_20251126T225109_20251126T225134_062055_07C38B_B529,VH,3572,2684,473470.6718685173,4593239.923808235,80.0,2.79,0.16,66.46,30.59,1,ok
New York,S1A_IW_GRDH_1SDV_20250211T225059_20250211T225124_057855_0722DE_45FE,VV,3585,2691,490314.4297943185,4502948.7338238815,80.0,0.27,0.04,68.72,30.97,1,ok
New York,S1A_IW_GRDH_1SDV_20251126T225109_20251126T225134_062055_07C38B_B529,VV,3572,2684,473470.6718685173,4593239.923808235,80.0,2.79,0.16,66.46,30.59,1,ok
Newcastle,S1A_IW_GRDH_1SDV_20250121T190730_20250121T190755_057546_07169B_6835,VH,3696,2944,323771.27798420447,6452586.294429673,80.0,10.96,0.73,49.99,38.32,1,ok
Newcastle,S1A_IW_GRDH_1SDV_20250126T191540_20250126T191605_057619_07197E_F97F,VH,3773,2919,134602.76051282062,6477591.575199297,80.0,53.26,0.78,7.09,38.86,1,ok
Newcastle,S1A_IW_GRDH_1SDV_20250219T191539_20250219T191604_057969_072771_AEEC,VH,3773,2919,134635.76201446448,6477638.148523947,80.0,53.26,0.78,7.09,38.87,1,ok
Newcastle,S1A_IW_GRDH_1SDV_20250315T191539_20250315T191604_058319_0735A5_19A8,VH,3773,2919,134582.5537296171,6477609.222644081,80.0,53.27,0.78,7.09,38.86,1,ok
Newcastle,S1A_IW_GRDH_1SDV_20250514T191539_20250514T191604_059194_07585D_32C0,VH,3773,2919,134798.1052988582,6477553.1287217885,80.0,53.22,0.78,7.13,38.86,1,ok
Newcastle,S1A_IW_GRDH_1SDV_20250619T191537_20250619T191602_059719_076A71_A28F,VH,3773,2919,134852.94594956847,6477549.490221063,80.0,53.21,0.78,7.14,38.86,1,ok
Newcastle,S1A_IW_GRDH_1SDV_20250806T191536_20250806T191601_060419_0782A5_AF18,VH,3773,2919,134776.03791537072,6477561.547834501,80.0,53.23,0.78,7.13,38.86,1,ok
Newcastle,S1A_IW_GRDH_1SDV_20251017T191537_20251017T191602_061469_07AC87_CC33,VH,3773,2919,134579.15203391435,6477606.290512246,80.0,53.27,0.78,7.09,38.86,1,ok
Newcastle,S1A_IW_GRDH_1SDV_20251029T191536_20251029T191601_061644_07B393_8142,VH,3773,2919,134554.1269627902,6477615.909320513,80.0,53.28,0.78,7.09,38.86,1,ok
Newcastle,S1A_IW_GRDH_1SDV_20251110T191536_20251110T191601_061819_07BA62_4077,VH,3773,2919,134590.34209093335,6477599.017543813,80.0,53.27,0.78,7.09,38.86,1,ok
Newcastle,S1A_IW_GRDH_1SDV_20251204T191534_20251204T191559_062169_07C80B_6F85,VH,3772,2919,134725.21646955534,6477561.75243872,80.0,53.26,0.78,7.11,38.85,1,ok
Newcastle,S1C_IW_GRDH_1SDV_20250813T062133_20250813T062158_003650_0074D4_BCC0,VH,3635,2605,445728.875727086,6134944.679213525,80.0,5.98,0.45,63.71,29.85,1,ok
Newcastle,S1A_IW_GRDH_1SDV_20250121T190730_20250121T190755_057546_07169B_6835,VV,3696,2944,323771.27798420447,6452586.294429673,80.0,10.96,0.73,49.99,38.32,1,ok
Newcastle,S1A_IW_GRDH_1SDV_20250126T191540_20250126T191605_057619_07197E_F97F,VV,3773,2919,134602.76051282062,6477591.575199297,80.0,53.26,0.78,7.09,38.86,1,ok
Newcastle,S1A_IW_GRDH_1SDV_20250219T191539_20250219T191604_057969_072771_AEEC,VV,3773,2919,134635.76201446448,6477638.148523947,80.0,53.26,0.78,7.09,38.87,1,ok
Newcastle,S1A_IW_GRDH_1SDV_20250315T191539_20250315T191604_058319_0735A5_19A8,VV,3773,2919,134582.5537296171,6477609.222644081,80.0,53.27,0.78,7.09,38.86,1,ok
Newcastle,S1A_IW_GRDH_1SDV_20250514T191539_20250514T191604_059194_07585D_32C0,VV,3773,2919,134798.1052988582,6477553.1287217885,80.0,53.22,0.78,7.13,38.86,1,ok
Newcastle,S1A_IW_GRDH_1SDV_20250619T191537_20250619T191602_059719_076A71_A28F,VV,3773,2919,134852.94594956847,6477549.490221063,80.0,53.21,0.78,7.14,38.86,1,ok
Newcastle,S1A_IW_GRDH_1SDV_20250806T191536_20250806T191601_060419_0782A5_AF18,VV,3773,2919,134776.03791537072,6477561.547834501,80.0,53.23,0.78,7.13,38.86,1,ok
Newcastle,S1A_IW_GRDH_1SDV_20251017T191537_20251017T191602_061469_07AC87_CC33,VV,3773,2919,134579.15203391435,6477606.290512246,80.0,53.27,0.78,7.09,38.86,1,ok
Newcastle,S1A_IW_GRDH_1SDV_20251029T191536_20251029T191601_061644_07B393_8142,VV,3773,2919,134554.1269627902,6477615.909320513,80.0,53.28,0.78,7.09,38.86,1,ok
Newcastle,S1A_IW_GRDH_1SDV_20251110T191536_20251110T191601_061819_07BA62_4077,VV,3773,2919,134590.34209093335,6477599.017543813,80.0,53.27,0.78,7.09,38.86,1,ok
Newcastle,S1A_IW_GRDH_1SDV_20251204T191534_20251204T191559_062169_07C80B_6F85,VV,3772,2919,134725.21646955534,6477561.75243872,80.0,53.26,0.78,7.11,38.85,1,ok
Newcastle,S1C_IW_GRDH_1SDV_20250813T062133_20250813T062158_003650_0074D4_BCC0,VV,3635,2605,445728.875727086,6134944.679213525,80.0,5.98,0.45,63.71,29.85,1,ok
Ningbo-Zhoushan,S1A_IW_GRDH_1SDV_20250703T095436_20250703T095501_059918_07715F_4982,VH,3474,2629,278393.8572917724,3353524.3778145453,80.0,26.62,3.15,43.1,27.13,1,ok
Ningbo-Zhoushan,S1A_IW_GRDH_1SDV_20251230T095431_20251230T095456_062543_07D685_F009,VH,3490,2632,278298.8106981468,3353747.546262228,80.0,26.49,3.14,42.83,27.54,1,ok
Ningbo-Zhoushan,S1A_IW_GRDH_1SDV_20250703T095436_20250703T095501_059918_07715F_4982,VV,3474,2629,278393.8572917724,3353524.3778145453,80.0,26.62,3.15,43.1,27.13,1,ok
Ningbo-Zhoushan,S1A_IW_GRDH_1SDV_20251230T095431_20251230T095456_062543_07D685_F009,VV,3490,2632,278298.8106981468,3353747.546262228,80.0,26.49,3.14,42.83,27.54,1,ok
Port Hedland,S1C_IW_GRDH_1SDV_20250614T213050_20250614T213119_002784_005B97_D06D,VH,3776,3258,600793.2957411718,7879142.202677956,80.0,43.37,0.36,17.99,38.28,1,ok
Port Hedland,S1C_IW_GRDH_1SDV_20250813T213053_20250813T213122_003659_00751A_DBC8,VH,3776,3257,600745.0195337972,7879081.7631600555,80.0,43.37,0.36,17.98,38.29,1,ok
Port Hedland,S1C_IW_GRDH_1SDV_20251024T213054_20251024T213124_004709_0094E0_DB1C,VH,3775,3257,600733.18387048,7879059.07109775,80.0,43.37,0.36,17.95,38.31,1,ok
Port Hedland,S1C_IW_GRDH_1SDV_20251105T213054_20251105T213124_004884_009A7D_8FDC,VH,3775,3256,600738.5613414169,7879023.824237866,80.0,43.38,0.36,17.96,38.31,1,ok
Port Hedland,S1C_IW_GRDH_1SDV_20251117T213054_20251117T213123_005059_00A05C_1C3A,VH,3775,3256,600697.7431967414,7879012.712911706,80.0,43.38,0.36,17.95,38.31,1,ok
Port Hedland,S1C_IW_GRDH_1SDV_20251129T213053_20251129T213123_005234_00A63B_63CD,VH,3775,3257,600688.1771583686,7879081.33758259,80.0,43.36,0.36,17.97,38.3,1,ok
Port Hedland,S1C_IW_GRDH_1SDV_20251211T213053_20251211T213122_005409_00AC3F_40F8,VH,3775,3257,600605.0372964549,7879089.756826071,80.0,43.35,0.36,17.98,38.31,1,ok
Port Hedland,S1C_IW_GRDH_1SDV_20251223T213052_20251223T213121_005584_00B23E_FFF7,VH,3775,3256,600718.9253148111,7879048.881082227,80.0,43.37,0.36,17.98,38.29,1,ok
Port Hedland,S1C_IW_GRDH_1SDV_20250614T213050_20250614T213119_002784_005B97_D06D,VV,3776,3258,600793.2957411718,7879142.202677956,80.0,43.37,0.36,17.99,38.28,1,ok
Port Hedland,S1C_IW_GRDH_1SDV_20250813T213053_20250813T213122_003659_00751A_DBC8,VV,3776,3257,600745.0195337972,7879081.7631600555,80.0,43.37,0.36,17.98,38.29,1,ok
Port Hedland,S1C_IW_GRDH_1SDV_20251024T213054_20251024T213124_004709_0094E0_DB1C,VV,3775,3257,600733.18387048,7879059.07109775,80.0,43.37,0.36,17.95,38.31,1,ok
Port Hedland,S1C_IW_GRDH_1SDV_20251105T213054_20251105T213124_004884_009A7D_8FDC,VV,3775,3256,600738.5613414169,7879023.824237866,80.0,43.38,0.36,17.96,38.31,1,ok
Port Hedland,S1C_IW_GRDH_1SDV_20251117T213054_20251117T213123_005059_00A05C_1C3A,VV,3775,3256,600697.7431967414,7879012.712911706,80.0,43.38,0.36,17.95,38.31,1,ok
Port Hedland,S1C_IW_GRDH_1SDV_20251129T213053_20251129T213123_005234_00A63B_63CD,VV,3775,3257,600688.1771583686,7879081.33758259,80.0,43.36,0.36,17.97,38.3,1,ok
Port Hedland,S1C_IW_GRDH_1SDV_20251211T213053_20251211T213122_005409_00AC3F_40F8,VV,3775,3257,600605.0372964549,7879089.756826071,80.0,43.35,0.36,17.98,38.31,1,ok
Port Hedland,S1C_IW_GRDH_1SDV_20251223T213052_20251223T213121_005584_00B23E_FFF7,VV,3775,3256,600718.9253148111,7879048.881082227,80.0,43.37,0.36,17.98,38.29,1,ok
Port Klang,S1A_IW_GRDH_1SDV_20250310T113410_20250310T113435_058242_07329D_6109,VH,3584,2754,567133.6760271698,373305.07993633364,80.0,57.6,1.47,40.93,0.0,1,ok
Port Klang,S1A_IW_GRDH_1SDV_20250626T113408_20250626T113433_059817_076DDC_1C20,VH,3545,2745,567163.5632167294,372603.0349184827,80.0,38.12,1.16,29.62,31.1,1,ok
Port Klang,S1A_IW_GRDH_1SDV_20250708T113408_20250708T113433_059992_0773EA_C045,VH,3589,2755,567132.1043177223,373346.6803617971,80.0,37.54,1.14,29.15,32.16,1,ok
Port Klang,S1A_IW_GRDH_1SDV_20250720T113407_20250720T113432_060167_0779EF_8B2D,VH,3589,2755,567229.7611742199,373382.34456918977,80.0,37.52,1.14,29.16,32.17,1,ok
Port Klang,S1A_IW_GRDH_1SDV_20250813T113407_20250813T113432_060517_078680_45FA,VH,3546,2745,567209.0514612087,372661.57789884484,80.0,38.09,1.16,29.62,31.13,1,ok
Port Klang,S1A_IW_GRDH_1SDV_20250930T113407_20250930T113432_061217_07A26A_3C89,VH,3546,2746,567230.198887219,372693.3607874623,80.0,38.1,1.16,29.62,31.12,1,ok
Port Klang,S1A_IW_GRDH_1SDV_20251012T113408_20251012T113433_061392_07A972_E193,VH,3546,2746,566970.3362120134,372686.91984943615,80.0,38.11,1.16,29.61,31.12,1,ok
Port Klang,S1A_IW_GRDH_1SDV_20251129T113406_20251129T113431_062092_07C503_6B6D,VH,3546,2746,567219.0178459332,372680.60328373045,80.0,38.1,1.16,29.62,31.12,1,ok
Port Klang,S1A_IW_GRDH_1SDV_20251211T113405_20251211T113430_062267_07CBD7_A7ED,VH,3546,2745,567104.8058945123,372664.8010583033,80.0,38.1,1.16,29.62,31.12,1,ok
Port Klang,S1A_IW_GRDH_1SDV_20251223T113403_20251223T113428_062442_07D2AB_3284,VH,3546,2745,567222.3320098516,372659.15931134316,80.0,38.1,1.16,29.63,31.11,1,ok
Port Klang,S1A_IW_GRDH_1SDV_20260104T113402_20260104T113427_062617_07D969_8415,VH,3546,2745,567125.8820519185,372640.3623555462,80.0,38.11,1.16,29.62,31.12,1,ok
Port Klang,S1A_IW_GRDH_1SDV_20250310T113410_20250310T113435_058242_07329D_6109,VV,3584,2754,567133.6760271698,373305.07993633364,80.0,57.6,1.47,40.93,0.0,1,ok
Port Klang,S1A_IW_GRDH_1SDV_20250626T113408_20250626T113433_059817_076DDC_1C20,VV,3545,2745,567163.5632167294,372603.0349184827,80.0,38.12,1.16,29.62,31.1,1,ok
Port Klang,S1A_IW_GRDH_1SDV_20250708T113408_20250708T113433_059992_0773EA_C045,VV,3589,2755,567132.1043177223,373346.6803617971,80.0,37.54,1.14,29.15,32.16,1,ok
Port Klang,S1A_IW_GRDH_1SDV_20250720T113407_20250720T113432_060167_0779EF_8B2D,VV,3589,2755,567229.7611742199,373382.34456918977,80.0,37.52,1.14,29.16,32.17,1,ok
Port Klang,S1A_IW_GRDH_1SDV_20250813T113407_20250813T113432_060517_078680_45FA,VV,3546,2745,567209.0514612087,372661.57789884484,80.0,38.09,1.16,29.62,31.13,1,ok
Port Klang,S1A_IW_GRDH_1SDV_20250930T113407_20250930T113432_061217_07A26A_3C89,VV,3546,2746,567230.198887219,372693.3607874623,80.0,38.1,1.16,29.62,31.12,1,ok
Port Klang,S1A_IW_GRDH_1SDV_20251012T113408_20251012T113433_061392_07A972_E193,VV,3546,2746,566970.3362120134,372686.91984943615,80.0,38.11,1.16,29.61,31.12,1,ok
Port Klang,S1A_IW_GRDH_1SDV_20251129T113406_20251129T113431_062092_07C503_6B6D,VV,3546,2746,567219.0178459332,372680.60328373045,80.0,38.1,1.16,29.62,31.12,1,ok
Port Klang,S1A_IW_GRDH_1SDV_20251211T113405_20251211T113430_062267_07CBD7_A7ED,VV,3546,2745,567104.8058945123,372664.8010583033,80.0,38.1,1.16,29.62,31.12,1,ok
Port Klang,S1A_IW_GRDH_1SDV_20251223T113403_20251223T113428_062442_07D2AB_3284,VV,3546,2745,567222.3320098516,372659.15931134316,80.0,38.1,1.16,29.63,31.11,1,ok
Port Klang,S1A_IW_GRDH_1SDV_20260104T113402_20260104T113427_062617_07D969_8415,VV,3546,2745,567125.8820519185,372640.3623555462,80.0,38.11,1.16,29.62,31.12,1,ok
Port Said,S1A_IW_GRDH_1SDV_20250317T035236_20250317T035301_058339_07366E_1A19,VH,3553,2680,254458.3151258575,3623418.9169839756,80.0,25.32,2.37,72.31,0.0,1,ok
Port Said,S1A_IW_GRDH_1SDV_20250422T035237_20250422T035302_058864_074BB7_3AD7,VH,3553,2680,254510.17914421062,3623413.32349843,80.0,25.32,2.37,72.31,0.0,1,ok
Port Said,S1A_IW_GRDH_1SDV_20250504T035237_20250504T035302_059039_0752BC_810D,VH,3553,2680,254419.9876319703,3623408.105059462,80.0,25.33,2.36,72.31,0.0,1,ok
Port Said,S1A_IW_GRDH_1SDV_20250516T035237_20250516T035302_059214_07590C_1B74,VH,3553,2680,254354.76472708312,3623401.627266169,80.0,25.34,2.36,72.3,0.0,1,ok
Port Said,S1A_IW_GRDH_1SDV_20250528T035236_20250528T035301_059389_075F25_EDE8,VH,3553,2680,254301.3078891411,3623402.815061046,80.0,25.34,2.37,72.29,0.0,1,ok
Port Said,S1A_IW_GRDH_1SDV_20250609T035235_20250609T035300_059564_07651D_4100,VH,3553,2680,254245.47933276428,3623395.077617014,80.0,25.35,2.37,72.29,0.0,1,ok
Port Said,S1A_IW_GRDH_1SDV_20250621T035235_20250621T035300_059739_076B27_C979,VH,3553,2680,254318.73740895747,3623396.920777508,80.0,25.34,2.37,72.29,0.0,1,ok
Port Said,S1A_IW_GRDH_1SDV_20250703T035234_20250703T035259_059914_077140_7BD6,VH,3552,2680,254309.06903273799,3623385.38788365,80.0,25.35,2.36,72.28,0.0,1,ok
Port Said,S1A_IW_GRDH_1SDV_20250715T035234_20250715T035259_060089_077743_FB08,VH,3553,2680,254370.966457821,3623397.931003201,80.0,25.34,2.37,72.29,0.0,1,ok
Port Said,S1A_IW_GRDH_1SDV_20250727T035233_20250727T035258_060264_077D47_F0A8,VH,3553,2680,254393.59626161476,3623393.6100956197,80.0,25.34,2.36,72.29,0.0,1,ok
Port Said,S1A_IW_GRDH_1SDV_20250808T035233_20250808T035258_060439_078370_CD54,VH,3553,2680,254378.8113244312,3623394.261844063,80.0,25.34,2.37,72.29,0.0,1,ok
Port Said,S1A_IW_GRDH_1SDV_20250820T035233_20250820T035258_060614_078A53_5450,VH,3553,2680,254517.09546378758,3623390.1206795545,80.0,25.34,2.37,72.3,0.0,1,ok
Port Said,S1A_IW_GRDH_1SDV_20250901T035233_20250901T035258_060789_079136_B324,VH,3553,2680,254522.90366449748,3623393.9312198814,80.0,25.33,2.37,72.3,0.0,1,ok
Port Said,S1A_IW_GRDH_1SDV_20250913T035234_20250913T035259_060964_079836_C838,VH,3553,2680,254497.9289062069,3623391.289359,80.0,25.34,2.37,72.3,0.0,1,ok
Port Said,S1A_IW_GRDH_1SDV_20250925T035234_20250925T035259_061139_079F3E_697B,VH,3553,2680,254587.5720615437,3623392.474670853,80.0,25.33,2.37,72.3,0.0,1,ok
Port Said,S1A_IW_GRDH_1SDV_20251007T035234_20251007T035259_061314_07A64B_B254,VH,3553,2680,254467.0979972124,3623396.923558271,80.0,25.33,2.37,72.3,0.0,1,ok
Port Said,S1A_IW_GRDH_1SDV_20251019T035234_20251019T035259_061489_07AD50_1AB6,VH,3553,2680,254514.48336536862,3623402.227356187,80.0,25.33,2.36,72.31,0.0,1,ok
Port Said,S1A_IW_GRDH_1SDV_20251112T035233_20251112T035258_061839_07BB21_91CA,VH,3553,2680,254568.37316321183,3623411.9210461723,80.0,13.81,1.96,54.24,29.98,1,ok
Port Said,S1A_IW_GRDH_1SDV_20251124T035232_20251124T035257_062014_07C1F4_0DB0,VH,3553,2680,254364.8606113824,3623415.923625458,80.0,13.83,1.96,54.22,29.99,1,ok
Port Said,S1A_IW_GRDH_1SDV_20251206T035231_20251206T035256_062189_07C8C7_B4B3,VH,3553,2680,254458.98449687578,3623425.577431044,80.0,13.82,1.96,54.23,29.98,1,ok
Port Said,S1A_IW_GRDH_1SDV_20251218T035230_20251218T035255_062364_07CF9A_DF33,VH,3553,2680,254380.57123690887,3623425.1762095843,80.0,13.83,1.96,54.23,29.99,1,ok
Port Said,S1A_IW_GRDH_1SDV_20251230T035229_20251230T035254_062539_07D665_2BBB,VH,3553,2680,254514.40645463372,3623428.02595825,80.0,13.81,1.96,54.24,29.99,1,ok
Port Said,S1A_IW_GRDH_1SDV_20250317T035236_20250317T035301_058339_07366E_1A19,VV,3553,2680,254458.3151258575,3623418.9169839756,80.0,25.32,2.37,72.31,0.0,1,ok
Port Said,S1A_IW_GRDH_1SDV_20250422T035237_20250422T035302_058864_074BB7_3AD7,VV,3553,2680,254510.17914421062,3623413.32349843,80.0,25.32,2.37,72.31,0.0,1,ok
Port Said,S1A_IW_GRDH_1SDV_20250504T035237_20250504T035302_059039_0752BC_810D,VV,3553,2680,254419.9876319703,3623408.105059462,80.0,25.33,2.36,72.31,0.0,1,ok
Port Said,S1A_IW_GRDH_1SDV_20250516T035237_20250516T035302_059214_07590C_1B74,VV,3553,2680,254354.76472708312,3623401.627266169,80.0,25.34,2.36,72.3,0.0,1,ok
Port Said,S1A_IW_GRDH_1SDV_20250528T035236_20250528T035301_059389_075F25_EDE8,VV,3553,2680,254301.3078891411,3623402.815061046,80.0,25.34,2.37,72.29,0.0,1,ok
Port Said,S1A_IW_GRDH_1SDV_20250609T035235_20250609T035300_059564_07651D_4100,VV,3553,2680,254245.47933276428,3623395.077617014,80.0,25.35,2.37,72.29,0.0,1,ok
Port Said,S1A_IW_GRDH_1SDV_20250621T035235_20250621T035300_059739_076B27_C979,VV,3553,2680,254318.73740895747,3623396.920777508,80.0,25.34,2.37,72.29,0.0,1,ok
Port Said,S1A_IW_GRDH_1SDV_20250703T035234_20250703T035259_059914_077140_7BD6,VV,3552,2680,254309.06903273799,3623385.38788365,80.0,25.35,2.36,72.28,0.0,1,ok
Port Said,S1A_IW_GRDH_1SDV_20250715T035234_20250715T035259_060089_077743_FB08,VV,3553,2680,254370.966457821,3623397.931003201,80.0,25.34,2.37,72.29,0.0,1,ok
Port Said,S1A_IW_GRDH_1SDV_20250727T035233_20250727T035258_060264_077D47_F0A8,VV,3553,2680,254393.59626161476,3623393.6100956197,80.0,25.34,2.36,72.29,0.0,1,ok
Port Said,S1A_IW_GRDH_1SDV_20250808T035233_20250808T035258_060439_078370_CD54,VV,3553,2680,254378.8113244312,3623394.261844063,80.0,25.34,2.37,72.29,0.0,1,ok
Port Said,S1A_IW_GRDH_1SDV_20250820T035233_20250820T035258_060614_078A53_5450,VV,3553,2680,254517.09546378758,3623390.1206795545,80.0,25.34,2.37,72.3,0.0,1,ok
Port Said,S1A_IW_GRDH_1SDV_20250901T035233_20250901T035258_060789_079136_B324,VV,3553,2680,254522.90366449748,3623393.9312198814,80.0,25.33,2.37,72.3,0.0,1,ok
Port Said,S1A_IW_GRDH_1SDV_20250913T035234_20250913T035259_060964_079836_C838,VV,3553,2680,254497.9289062069,3623391.289359,80.0,25.34,2.37,72.3,0.0,1,ok
Port Said,S1A_IW_GRDH_1SDV_20250925T035234_20250925T035259_061139_079F3E_697B,VV,3553,2680,254587.5720615437,3623392.474670853,80.0,25.33,2.37,72.3,0.0,1,ok
Port Said,S1A_IW_GRDH_1SDV_20251007T035234_20251007T035259_061314_07A64B_B254,VV,3553,2680,254467.0979972124,3623396.923558271,80.0,25.33,2.37,72.3,0.0,1,ok
Port Said,S1A_IW_GRDH_1SDV_20251019T035234_20251019T035259_061489_07AD50_1AB6,VV,3553,2680,254514.48336536862,3623402.227356187,80.0,25.33,2.36,72.31,0.0,1,ok
Port Said,S1A_IW_GRDH_1SDV_20251112T035233_20251112T035258_061839_07BB21_91CA,VV,3553,2680,254568.37316321183,3623411.9210461723,80.0,13.81,1.96,54.24,29.98,1,ok
Port Said,S1A_IW_GRDH_1SDV_20251124T035232_20251124T035257_062014_07C1F4_0DB0,VV,3553,2680,254364.8606113824,3623415.923625458,80.0,13.83,1.96,54.22,29.99,1,ok
Port Said,S1A_IW_GRDH_1SDV_20251206T035231_20251206T035256_062189_07C8C7_B4B3,VV,3553,2680,254458.98449687578,3623425.577431044,80.0,13.82,1.96,54.23,29.98,1,ok
Port Said,S1A_IW_GRDH_1SDV_20251218T035230_20251218T035255_062364_07CF9A_DF33,VV,3553,2680,254380.57123690887,3623425.1762095843,80.0,13.83,1.96,54.23,29.99,1,ok
Port Said,S1A_IW_GRDH_1SDV_20251230T035229_20251230T035254_062539_07D665_2BBB,VV,3553,2680,254514.40645463372,3623428.02595825,80.0,13.81,1.96,54.24,29.99,1,ok
Qingdao,S1A_IW_GRDH_1SDV_20250128T095619_20250128T095644_057643_071A6C_C629,VH,3482,2583,167046.62252280465,4020984.042621681,80.0,13.2,1.36,85.44,0.0,1,ok
Qingdao,S1A_IW_GRDH_1SDV_20250209T095619_20250209T095644_057818_072156_A282,VH,3482,2583,166968.42462106794,4020983.171469249,80.0,13.22,1.36,85.42,0.0,1,ok
Qingdao,S1A_IW_GRDH_1SDV_20250317T095619_20250317T095644_058343_073693_570A,VH,3471,2581,166967.5719673799,4020860.2485363004,80.0,13.24,1.37,85.39,0.0,1,ok
Qingdao,S1A_IW_GRDH_1SDV_20250329T095619_20250329T095644_058518_073D8B_5302,VH,3471,2581,166956.81498273596,4020852.409228125,80.0,13.25,1.37,85.38,0.0,1,ok
Qingdao,S1A_IW_GRDH_1SDV_20250410T095619_20250410T095644_058693_0744B4_726C,VH,3471,2581,167138.76785793522,4020851.624805445,80.0,13.19,1.36,85.45,0.0,1,ok
Qingdao,S1A_IW_GRDH_1SDV_20250422T095619_20250422T095644_058868_074BDE_EE82,VH,3471,2581,167168.56721934833,4020868.1665324736,80.0,13.19,1.37,85.45,0.0,1,ok
Qingdao,S1A_IW_GRDH_1SDV_20250504T095619_20250504T095644_059043_0752E1_23FF,VH,3471,2581,167160.6423945774,4020855.9650432845,80.0,13.19,1.37,85.45,0.0,1,ok
Qingdao,S1A_IW_GRDH_1SDV_20250516T095619_20250516T095644_059218_07592B_E377,VH,3471,2581,167278.59796790342,4020864.387082215,80.0,13.15,1.37,85.48,0.0,1,ok
Qingdao,S1A_IW_GRDH_1SDV_20250528T095618_20250528T095643_059393_075F43_4703,VH,3481,2583,167346.45904376573,4020988.9532157048,80.0,13.11,1.37,85.52,0.0,1,ok
Qingdao,S1A_IW_GRDH_1SDV_20250609T095618_20250609T095643_059568_07653B_64EC,VH,3481,2583,167347.0763613275,4020987.5572293852,80.0,13.11,1.37,85.52,0.0,1,ok
Qingdao,S1A_IW_GRDH_1SDV_20250621T095617_20250621T095642_059743_076B46_1176,VH,3481,2583,167319.78398364765,4020993.221394555,80.0,13.12,1.36,85.51,0.0,1,ok
Qingdao,S1A_IW_GRDH_1SDV_20250715T095616_20250715T095641_060093_077760_1FAF,VH,3481,2583,167335.50162160292,4021010.5414653528,80.0,13.12,1.37,85.52,0.0,1,ok
Qingdao,S1A_IW_GRDH_1SDV_20250808T095615_20250808T095640_060443_078391_9942,VH,3481,2583,167233.6109162746,4021006.2833497054,80.0,13.15,1.36,85.49,0.0,1,ok
Qingdao,S1A_IW_GRDH_1SDV_20250820T095615_20250820T095640_060618_078A74_3D5A,VH,3481,2583,167181.08397846046,4021011.345196801,80.0,13.16,1.37,85.47,0.0,1,ok
Qingdao,S1A_IW_GRDH_1SDV_20250901T095616_20250901T095641_060793_079158_54A8,VH,3482,2583,167032.13054179068,4021015.7497448754,80.0,13.2,1.36,85.43,0.0,1,ok
Qingdao,S1A_IW_GRDH_1SDV_20250925T095616_20250925T095641_061143_079F62_D4E3,VH,3482,2583,167072.5858654491,4021016.996797599,80.0,5.56,0.59,67.98,25.87,1,ok
Qingdao,S1A_IW_GRDH_1SDV_20251007T095617_20251007T095642_061318_07A66F_2CB9,VH,3482,2583,166984.85109338776,4021015.7871402577,80.0,5.57,0.59,67.96,25.87,1,ok
Qingdao,S1A_IW_GRDH_1SDV_20251019T095616_20251019T095641_061493_07AD75_3A90,VH,3482,2583,167023.5051015459,4021017.689999706,80.0,5.56,0.6,67.97,25.87,1,ok
Qingdao,S1A_IW_GRDH_1SDV_20251031T095616_20251031T095641_061668_07B482_0BCC,VH,3482,2583,166974.93076308433,4021008.9510711455,80.0,5.57,0.59,67.96,25.88,1,ok
Qingdao,S1A_IW_GRDH_1SDV_20251112T095615_20251112T095640_061843_07BB43_DBA5,VH,3482,2583,167012.1848696199,4021001.965963454,80.0,5.56,0.59,67.97,25.87,1,ok
Qingdao,S1A_IW_GRDH_1SDV_20251124T095615_20251124T095640_062018_07C214_78ED,VH,3482,2583,167000.63641304686,4021003.126108547,80.0,5.57,0.59,67.97,25.87,1,ok
Qingdao,S1A_IW_GRDH_1SDV_20251206T095613_20251206T095638_062193_07C8EB_13B5,VH,3482,2583,167137.68103479838,4020994.1731191385,80.0,5.55,0.59,67.99,25.88,1,ok
Qingdao,S1A_IW_GRDH_1SDV_20251218T095612_20251218T095637_062368_07CFBE_D9B3,VH,3482,2583,167109.98599950556,4020992.8688786794,80.0,5.55,0.59,67.98,25.87,1,ok
Qingdao,S1A_IW_GRDH_1SDV_20251230T095611_20251230T095636_062543_07D685_8E60,VH,3471,2581,167131.87868172943,4020856.2157813446,80.0,5.57,0.59,68.24,25.6,1,ok
Qingdao,S1C_IW_GRDH_1SDV_20251025T215643_20251025T215708_004724_00954D_12A7,VH,3638,2713,178792.48865445348,4011365.4661446223,80.0,2.14,0.3,65.11,32.46,1,ok
Qingdao,S1A_IW_GRDH_1SDV_20250128T095619_20250128T095644_057643_071A6C_C629,VV,3482,2583,167046.62252280465,4020984.042621681,80.0,13.2,1.36,85.44,0.0,1,ok
Qingdao,S1A_IW_GRDH_1SDV_20250209T095619_20250209T095644_057818_072156_A282,VV,3482,2583,166968.42462106794,4020983.171469249,80.0,13.22,1.36,85.42,0.0,1,ok
Qingdao,S1A_IW_GRDH_1SDV_20250317T095619_20250317T095644_058343_073693_570A,VV,3471,2581,166967.5719673799,4020860.2485363004,80.0,13.24,1.37,85.39,0.0,1,ok
Qingdao,S1A_IW_GRDH_1SDV_20250329T095619_20250329T095644_058518_073D8B_5302,VV,3471,2581,166956.81498273596,4020852.409228125,80.0,13.25,1.37,85.38,0.0,1,ok
Qingdao,S1A_IW_GRDH_1SDV_20250410T095619_20250410T095644_058693_0744B4_726C,VV,3471,2581,167138.76785793522,4020851.624805445,80.0,13.19,1.36,85.45,0.0,1,ok
Qingdao,S1A_IW_GRDH_1SDV_20250422T095619_20250422T095644_058868_074BDE_EE82,VV,3471,2581,167168.56721934833,4020868.1665324736,80.0,13.19,1.37,85.45,0.0,1,ok
Qingdao,S1A_IW_GRDH_1SDV_20250504T095619_20250504T095644_059043_0752E1_23FF,VV,3471,2581,167160.6423945774,4020855.9650432845,80.0,13.19,1.37,85.45,0.0,1,ok
Qingdao,S1A_IW_GRDH_1SDV_20250516T095619_20250516T095644_059218_07592B_E377,VV,3471,2581,167278.59796790342,4020864.387082215,80.0,13.15,1.37,85.48,0.0,1,ok
Qingdao,S1A_IW_GRDH_1SDV_20250528T095618_20250528T095643_059393_075F43_4703,VV,3481,2583,167346.45904376573,4020988.9532157048,80.0,13.11,1.37,85.52,0.0,1,ok
Qingdao,S1A_IW_GRDH_1SDV_20250609T095618_20250609T095643_059568_07653B_64EC,VV,3481,2583,167347.0763613275,4020987.5572293852,80.0,13.11,1.37,85.52,0.0,1,ok
Qingdao,S1A_IW_GRDH_1SDV_20250621T095617_20250621T095642_059743_076B46_1176,VV,3481,2583,167319.78398364765,4020993.221394555,80.0,13.12,1.36,85.51,0.0,1,ok
Qingdao,S1A_IW_GRDH_1SDV_20250715T095616_20250715T095641_060093_077760_1FAF,VV,3481,2583,167335.50162160292,4021010.5414653528,80.0,13.12,1.37,85.52,0.0,1,ok
Qingdao,S1A_IW_GRDH_1SDV_20250808T095615_20250808T095640_060443_078391_9942,VV,3481,2583,167233.6109162746,4021006.2833497054,80.0,13.15,1.36,85.49,0.0,1,ok
Qingdao,S1A_IW_GRDH_1SDV_20250820T095615_20250820T095640_060618_078A74_3D5A,VV,3481,2583,167181.08397846046,4021011.345196801,80.0,13.16,1.37,85.47,0.0,1,ok
Qingdao,S1A_IW_GRDH_1SDV_20250901T095616_20250901T095641_060793_079158_54A8,VV,3482,2583,167032.13054179068,4021015.7497448754,80.0,13.2,1.36,85.43,0.0,1,ok
Qingdao,S1A_IW_GRDH_1SDV_20250925T095616_20250925T095641_061143_079F62_D4E3,VV,3482,2583,167072.5858654491,4021016.996797599,80.0,5.56,0.59,67.98,25.87,1,ok
Qingdao,S1A_IW_GRDH_1SDV_20251007T095617_20251007T095642_061318_07A66F_2CB9,VV,3482,2583,166984.85109338776,4021015.7871402577,80.0,5.57,0.59,67.96,25.87,1,ok
Qingdao,S1A_IW_GRDH_1SDV_20251019T095616_20251019T095641_061493_07AD75_3A90,VV,3482,2583,167023.5051015459,4021017.689999706,80.0,5.56,0.6,67.97,25.87,1,ok
Qingdao,S1A_IW_GRDH_1SDV_20251031T095616_20251031T095641_061668_07B482_0BCC,VV,3482,2583,166974.93076308433,4021008.9510711455,80.0,5.57,0.59,67.96,25.88,1,ok
Qingdao,S1A_IW_GRDH_1SDV_20251112T095615_20251112T095640_061843_07BB43_DBA5,VV,3482,2583,167012.1848696199,4021001.965963454,80.0,5.56,0.59,67.97,25.87,1,ok
Qingdao,S1A_IW_GRDH_1SDV_20251124T095615_20251124T095640_062018_07C214_78ED,VV,3482,2583,167000.63641304686,4021003.126108547,80.0,5.57,0.59,67.97,25.87,1,ok
Qingdao,S1A_IW_GRDH_1SDV_20251206T095613_20251206T095638_062193_07C8EB_13B5,VV,3482,2583,167137.68103479838,4020994.1731191385,80.0,5.55,0.59,67.99,25.88,1,ok
Qingdao,S1A_IW_GRDH_1SDV_20251218T095612_20251218T095637_062368_07CFBE_D9B3,VV,3482,2583,167109.98599950556,4020992.8688786794,80.0,5.55,0.59,67.98,25.87,1,ok
Qingdao,S1A_IW_GRDH_1SDV_20251230T095611_20251230T095636_062543_07D685_8E60,VV,3471,2581,167131.87868172943,4020856.2157813446,80.0,5.57,0.59,68.24,25.6,1,ok
Qingdao,S1C_IW_GRDH_1SDV_20251025T215643_20251025T215708_004724_00954D_12A7,VV,3638,2713,178792.48865445348,4011365.4661446223,80.0,2.14,0.3,65.11,32.46,1,ok
Richards Bay,S1A_IW_GRDH_1SDV_20250327T163005_20250327T163030_058492_073C79_EAA7,VH,3659,2928,283370.99004852975,6972878.330009317,80.0,47.48,0.63,51.89,0.0,1,ok
Richards Bay,S1A_IW_GRDH_1SDV_20250502T163006_20250502T163031_059017_0751E2_680E,VH,3659,2928,283334.4994184489,6972856.412494745,80.0,47.48,0.63,51.88,0.0,1,ok
Richards Bay,S1A_IW_GRDH_1SDV_20250526T163005_20250526T163030_059367_075E5F_4FCB,VH,3659,2928,283206.8066902214,6972807.564864485,80.0,47.52,0.63,51.85,0.0,1,ok
Richards Bay,S1A_IW_GRDH_1SDV_20250607T163005_20250607T163030_059542_076467_C24A,VH,3659,2927,283234.93421636405,6972811.743816952,80.0,47.52,0.63,51.85,0.0,1,ok
Richards Bay,S1A_IW_GRDH_1SDV_20250619T163004_20250619T163029_059717_076A60_94E5,VH,3659,2928,283288.084438657,6972824.455834371,80.0,47.49,0.63,51.87,0.0,1,ok
Richards Bay,S1A_IW_GRDH_1SDV_20250713T163003_20250713T163028_060067_07767F_5920,VH,3659,2928,283285.2836758597,6972830.736992384,80.0,47.5,0.63,51.87,0.0,1,ok
Richards Bay,S1A_IW_GRDH_1SDV_20250725T163002_20250725T163027_060242_077C8C_6445,VH,3659,2928,283321.6576301134,6972835.835752814,80.0,47.48,0.63,51.88,0.0,1,ok
Richards Bay,S1A_IW_GRDH_1SDV_20250911T163003_20250911T163028_060942_079755_9E0D,VH,3649,2925,284021.119476213,6972879.417247991,80.0,29.87,0.52,32.24,37.36,1,ok
Richards Bay,S1A_IW_GRDH_1SDV_20251216T162959_20251216T163024_062342_07CECD_EF29,VH,3648,2925,284025.15343171696,6972857.606023008,80.0,29.88,0.53,32.24,37.36,1,ok
Richards Bay,S1C_IW_GRDH_1SDV_20250920T031050_20250920T031118_004202_008574_3319,VH,3697,3099,307069.5831801535,6865081.144736871,80.0,7.98,0.22,53.51,38.28,1,ok
Richards Bay,S1C_IW_GRDH_1SDV_20251002T031050_20251002T031117_004377_008ACD_BFF1,VH,3697,3100,307064.2732154127,6865107.375418523,80.0,7.98,0.22,53.52,38.27,1,ok
Richards Bay,S1C_IW_GRDH_1SDV_20251119T031050_20251119T031117_005077_00A0F4_F122,VH,3697,3099,306958.4591589018,6865096.371422228,80.0,8.0,0.23,53.47,38.3,1,ok
Richards Bay,S1A_IW_GRDH_1SDV_20250327T163005_20250327T163030_058492_073C79_EAA7,VV,3659,2928,283370.99004852975,6972878.330009317,80.0,47.48,0.63,51.89,0.0,1,ok
Richards Bay,S1A_IW_GRDH_1SDV_20250502T163006_20250502T163031_059017_0751E2_680E,VV,3659,2928,283334.4994184489,6972856.412494745,80.0,47.48,0.63,51.88,0.0,1,ok
Richards Bay,S1A_IW_GRDH_1SDV_20250526T163005_20250526T163030_059367_075E5F_4FCB,VV,3659,2928,283206.8066902214,6972807.564864485,80.0,47.52,0.63,51.85,0.0,1,ok
Richards Bay,S1A_IW_GRDH_1SDV_20250607T163005_20250607T163030_059542_076467_C24A,VV,3659,2927,283234.93421636405,6972811.743816952,80.0,47.52,0.63,51.85,0.0,1,ok
Richards Bay,S1A_IW_GRDH_1SDV_20250619T163004_20250619T163029_059717_076A60_94E5,VV,3659,2928,283288.084438657,6972824.455834371,80.0,47.49,0.63,51.87,0.0,1,ok
Richards Bay,S1A_IW_GRDH_1SDV_20250713T163003_20250713T163028_060067_07767F_5920,VV,3659,2928,283285.2836758597,6972830.736992384,80.0,47.5,0.63,51.87,0.0,1,ok
Richards Bay,S1A_IW_GRDH_1SDV_20250725T163002_20250725T163027_060242_077C8C_6445,VV,3659,2928,283321.6576301134,6972835.835752814,80.0,47.48,0.63,51.88,0.0,1,ok
Richards Bay,S1A_IW_GRDH_1SDV_20250911T163003_20250911T163028_060942_079755_9E0D,VV,3649,2925,284021.119476213,6972879.417247991,80.0,29.87,0.52,32.24,37.36,1,ok
Richards Bay,S1A_IW_GRDH_1SDV_20251216T162959_20251216T163024_062342_07CECD_EF29,VV,3648,2925,284025.15343171696,6972857.606023008,80.0,29.88,0.53,32.24,37.36,1,ok
Richards Bay,S1C_IW_GRDH_1SDV_20250920T031050_20250920T031118_004202_008574_3319,VV,3697,3099,307069.5831801535,6865081.144736871,80.0,7.98,0.22,53.51,38.28,1,ok
Richards Bay,S1C_IW_GRDH_1SDV_20251002T031050_20251002T031117_004377_008ACD_BFF1,VV,3697,3100,307064.2732154127,6865107.375418523,80.0,7.98,0.22,53.52,38.27,1,ok
Richards Bay,S1C_IW_GRDH_1SDV_20251119T031050_20251119T031117_005077_00A0F4_F122,VV,3697,3099,306958.4591589018,6865096.371422228,80.0,8.0,0.23,53.47,38.3,1,ok
Rotterdam,S1A_IW_GRDH_1SDV_20250112T055841_20250112T055906_057407_07110D_854D,VH,3614,2619,412278.1159265853,5862635.551334511,80.0,28.12,2.15,39.87,29.86,1,ok
Rotterdam,S1A_IW_GRDH_1SDV_20250217T055839_20250217T055904_057932_0725F5_9F4A,VH,3614,2619,412435.70316557755,5862617.145196958,80.0,28.16,2.15,39.83,29.86,1,ok
Rotterdam,S1A_IW_GRDH_1SDV_20250418T055840_20250418T055905_058807_074958_2BFC,VH,3613,2619,412309.16032035387,5862605.363227626,80.0,28.12,2.16,39.87,29.86,1,ok
Rotterdam,S1A_IW_GRDH_1SDV_20250711T055837_20250711T055902_060032_077547_699B,VH,3613,2619,412007.6639412224,5862607.917924956,80.0,28.06,2.15,39.95,29.84,1,ok
Rotterdam,S1A_IW_GRDH_1SDV_20250909T055837_20250909T055902_060907_0795EC_8CC1,VH,3614,2619,412316.58508901316,5862589.8468721155,80.0,28.14,2.16,39.85,29.85,1,ok
Rotterdam,S1A_IW_GRDH_1SDV_20251027T055837_20251027T055902_061607_07B211_E251,VH,3614,2619,412409.5759469948,5862599.721809548,80.0,28.16,2.16,39.83,29.85,1,ok
Rotterdam,S1A_IW_GRDH_1SDV_20251120T055836_20251120T055901_061957_07BFB6_DC2D,VH,3614,2619,412184.92297532747,5862630.285010526,80.0,28.1,2.15,39.89,29.85,1,ok
Rotterdam,S1A_IW_GRDH_1SDV_20251202T055835_20251202T055900_062132_07C68A_27C0,VH,3614,2619,412297.82505941147,5862633.999753735,80.0,28.13,2.15,39.86,29.86,1,ok
Rotterdam,S1A_IW_GRDH_1SDV_20251214T055834_20251214T055859_062307_07CD62_B45A,VH,3614,2619,412284.699879402,5862649.007127722,80.0,28.12,2.15,39.86,29.86,1,ok
Rotterdam,S1A_IW_GRDH_1SDV_20251226T055832_20251226T055857_062482_07D430_A244,VH,3614,2619,412339.3526713843,5862642.051890839,80.0,28.14,2.15,39.85,29.86,1,ok
Rotterdam,S1A_IW_GRDH_1SDV_20260224T055828_20260224T055853_063357_07F51A_CAA5,VH,3614,2619,412467.93973124085,5862622.290329571,80.0,28.17,2.16,39.82,29.85,1,ok
Rotterdam,S1A_IW_GRDH_1SDV_20250112T055841_20250112T055906_057407_07110D_854D,VV,3614,2619,412278.1159265853,5862635.551334511,80.0,28.12,2.15,39.87,29.86,1,ok
Rotterdam,S1A_IW_GRDH_1SDV_20250217T055839_20250217T055904_057932_0725F5_9F4A,VV,3614,2619,412435.70316557755,5862617.145196958,80.0,28.16,2.15,39.83,29.86,1,ok
Rotterdam,S1A_IW_GRDH_1SDV_20250418T055840_20250418T055905_058807_074958_2BFC,VV,3613,2619,412309.16032035387,5862605.363227626,80.0,28.12,2.16,39.87,29.86,1,ok
Rotterdam,S1A_IW_GRDH_1SDV_20250711T055837_20250711T055902_060032_077547_699B,VV,3613,2619,412007.6639412224,5862607.917924956,80.0,28.06,2.15,39.95,29.84,1,ok
Rotterdam,S1A_IW_GRDH_1SDV_20250909T055837_20250909T055902_060907_0795EC_8CC1,VV,3614,2619,412316.58508901316,5862589.8468721155,80.0,28.14,2.16,39.85,29.85,1,ok
Rotterdam,S1A_IW_GRDH_1SDV_20251027T055837_20251027T055902_061607_07B211_E251,VV,3614,2619,412409.5759469948,5862599.721809548,80.0,28.16,2.16,39.83,29.85,1,ok
Rotterdam,S1A_IW_GRDH_1SDV_20251120T055836_20251120T055901_061957_07BFB6_DC2D,VV,3614,2619,412184.92297532747,5862630.285010526,80.0,28.1,2.15,39.89,29.85,1,ok
Rotterdam,S1A_IW_GRDH_1SDV_20251202T055835_20251202T055900_062132_07C68A_27C0,VV,3614,2619,412297.82505941147,5862633.999753735,80.0,28.13,2.15,39.86,29.86,1,ok
Rotterdam,S1A_IW_GRDH_1SDV_20251214T055834_20251214T055859_062307_07CD62_B45A,VV,3614,2619,412284.699879402,5862649.007127722,80.0,28.12,2.15,39.86,29.86,1,ok
Rotterdam,S1A_IW_GRDH_1SDV_20251226T055832_20251226T055857_062482_07D430_A244,VV,3614,2619,412339.3526713843,5862642.051890839,80.0,28.14,2.15,39.85,29.86,1,ok
Rotterdam,S1A_IW_GRDH_1SDV_20260224T055828_20260224T055853_063357_07F51A_CAA5,VV,3614,2619,412467.93973124085,5862622.290329571,80.0,28.17,2.16,39.82,29.85,1,ok
Santos,S1A_IW_GRDH_1SDV_20250213T083110_20250213T083139_057875_0723AA_0832,VH,3651,3184,253439.98004528283,7529067.2801662525,80.0,44.46,1.36,18.91,35.27,1,ok
Santos,S1A_IW_GRDH_1SDV_20250309T083110_20250309T083139_058225_0731F2_0C8F,VH,3652,3184,253362.34762340013,7529097.445401661,80.0,44.47,1.36,18.9,35.27,1,ok
Santos,S1C_IW_GRDH_1SDV_20250526T083012_20250526T083037_002499_00535A_A7A9,VH,3664,2870,235397.9538481203,7439452.2122737905,80.0,39.59,1.42,58.99,0.0,1,ok
Santos,S1C_IW_GRDH_1SDV_20250607T083013_20250607T083038_002674_005863_339E,VH,3664,2870,235414.29718636343,7439458.202617722,80.0,39.59,1.42,58.99,0.0,1,ok
Santos,S1C_IW_GRDH_1SDV_20250619T083013_20250619T083038_002849_005D71_762B,VH,3664,2870,235413.38611334335,7439461.7969806865,80.0,39.59,1.42,58.99,0.0,1,ok
Santos,S1C_IW_GRDH_1SDV_20250713T083015_20250713T083040_003199_006788_CF0A,VH,3664,2870,235391.589530249,7439448.327144427,80.0,39.59,1.42,58.99,0.0,1,ok
Santos,S1C_IW_GRDH_1SDV_20250725T083016_20250725T083041_003374_006C9F_DCD2,VH,3664,2870,235466.52532383602,7439439.288586892,80.0,39.57,1.42,59.01,0.0,1,ok
Santos,S1C_IW_GRDH_1SDV_20250806T083016_20250806T083041_003549_0071C1_63F3,VH,3664,2870,235453.27327450173,7439434.597314246,80.0,23.77,0.85,39.35,36.03,1,ok
Santos,S1C_IW_GRDH_1SDV_20250923T083018_20250923T083043_004249_0086DF_07F5,VH,3664,2870,235421.3932742073,7439441.21912902,80.0,23.78,0.85,39.35,36.03,1,ok
Santos,S1C_IW_GRDH_1SDV_20251005T083018_20251005T083043_004424_008C38_8E9B,VH,3664,2870,235433.6151875063,7439449.003300112,80.0,23.78,0.85,39.35,36.03,1,ok
Santos,S1C_IW_GRDH_1SDV_20251017T083018_20251017T083043_004599_009184_9E4E,VH,3664,2870,235340.72743392945,7439454.091313671,80.0,23.79,0.85,39.33,36.03,1,ok
Santos,S1C_IW_GRDH_1SDV_20251110T083017_20251110T083042_004949_009CA9_3A13,VH,3664,2870,235292.49005413207,7439459.358963966,80.0,23.8,0.85,39.32,36.03,1,ok
Santos,S1C_IW_GRDH_1SDV_20251204T083017_20251204T083042_005299_00A86E_347C,VH,3664,2870,235356.9913166273,7439448.971042113,80.0,23.79,0.85,39.34,36.02,1,ok
Santos,S1C_IW_GRDH_1SDV_20251216T083016_20251216T083041_005474_00AE73_758D,VH,3664,2870,235296.54861256562,7439454.63176674,80.0,23.81,0.85,39.32,36.03,1,ok
Santos,S1C_IW_GRDH_1SDV_20251228T083015_20251228T083040_005649_00B479_86EE,VH,3664,2870,235342.31075172505,7439474.926695837,80.0,23.8,0.85,39.32,36.03,1,ok
Santos,S1A_IW_GRDH_1SDV_20250213T083110_20250213T083139_057875_0723AA_0832,VV,3651,3184,253439.98004528283,7529067.2801662525,80.0,44.46,1.36,18.91,35.27,1,ok
Santos,S1A_IW_GRDH_1SDV_20250309T083110_20250309T083139_058225_0731F2_0C8F,VV,3652,3184,253362.34762340013,7529097.445401661,80.0,44.47,1.36,18.9,35.27,1,ok
Santos,S1C_IW_GRDH_1SDV_20250526T083012_20250526T083037_002499_00535A_A7A9,VV,3664,2870,235397.9538481203,7439452.2122737905,80.0,39.59,1.42,58.99,0.0,1,ok
Santos,S1C_IW_GRDH_1SDV_20250607T083013_20250607T083038_002674_005863_339E,VV,3664,2870,235414.29718636343,7439458.202617722,80.0,39.59,1.42,58.99,0.0,1,ok
Santos,S1C_IW_GRDH_1SDV_20250619T083013_20250619T083038_002849_005D71_762B,VV,3664,2870,235413.38611334335,7439461.7969806865,80.0,39.59,1.42,58.99,0.0,1,ok
Santos,S1C_IW_GRDH_1SDV_20250713T083015_20250713T083040_003199_006788_CF0A,VV,3664,2870,235391.589530249,7439448.327144427,80.0,39.59,1.42,58.99,0.0,1,ok
Santos,S1C_IW_GRDH_1SDV_20250725T083016_20250725T083041_003374_006C9F_DCD2,VV,3664,2870,235466.52532383602,7439439.288586892,80.0,39.57,1.42,59.01,0.0,1,ok
Santos,S1C_IW_GRDH_1SDV_20250806T083016_20250806T083041_003549_0071C1_63F3,VV,3664,2870,235453.27327450173,7439434.597314246,80.0,23.77,0.85,39.35,36.03,1,ok
Santos,S1C_IW_GRDH_1SDV_20250923T083018_20250923T083043_004249_0086DF_07F5,VV,3664,2870,235421.3932742073,7439441.21912902,80.0,23.78,0.85,39.35,36.03,1,ok
Santos,S1C_IW_GRDH_1SDV_20251005T083018_20251005T083043_004424_008C38_8E9B,VV,3664,2870,235433.6151875063,7439449.003300112,80.0,23.78,0.85,39.35,36.03,1,ok
Santos,S1C_IW_GRDH_1SDV_20251017T083018_20251017T083043_004599_009184_9E4E,VV,3664,2870,235340.72743392945,7439454.091313671,80.0,23.79,0.85,39.33,36.03,1,ok
Santos,S1C_IW_GRDH_1SDV_20251110T083017_20251110T083042_004949_009CA9_3A13,VV,3664,2870,235292.49005413207,7439459.358963966,80.0,23.8,0.85,39.32,36.03,1,ok
Santos,S1C_IW_GRDH_1SDV_20251204T083017_20251204T083042_005299_00A86E_347C,VV,3664,2870,235356.9913166273,7439448.971042113,80.0,23.79,0.85,39.34,36.02,1,ok
Santos,S1C_IW_GRDH_1SDV_20251216T083016_20251216T083041_005474_00AE73_758D,VV,3664,2870,235296.54861256562,7439454.63176674,80.0,23.81,0.85,39.32,36.03,1,ok
Santos,S1C_IW_GRDH_1SDV_20251228T083015_20251228T083040_005649_00B479_86EE,VV,3664,2870,235342.31075172505,7439474.926695837,80.0,23.8,0.85,39.32,36.03,1,ok
Shanghai,S1A_IW_GRDH_1SDV_20250422T095504_20250422T095529_058868_074BDE_2A15,VH,3490,2620,249021.515634935,3520419.9827099005,80.0,38.75,5.23,56.02,0.0,1,ok
Shanghai,S1A_IW_GRDH_1SDV_20250504T095504_20250504T095529_059043_0752E1_E126,VH,3490,2620,249005.18994600116,3520406.973856302,80.0,38.75,5.22,56.03,0.0,1,ok
Shanghai,S1A_IW_GRDH_1SDV_20250516T095504_20250516T095529_059218_07592B_0FC8,VH,3490,2620,249114.1414151922,3520413.371905248,80.0,38.72,5.21,56.07,0.0,1,ok
Shanghai,S1A_IW_GRDH_1SDV_20250528T095503_20250528T095528_059393_075F43_DC80,VH,3500,2622,249172.39840775687,3520553.317003203,80.0,38.61,5.19,56.2,0.0,1,ok
Shanghai,S1A_IW_GRDH_1SDV_20250609T095503_20250609T095528_059568_07653B_1E66,VH,3500,2622,249169.82673894946,3520551.5733322618,80.0,38.61,5.19,56.2,0.0,1,ok
Shanghai,S1A_IW_GRDH_1SDV_20250621T095502_20250621T095527_059743_076B46_2434,VH,3500,2622,249148.0324699084,3520557.5275732735,80.0,38.62,5.19,56.2,0.0,1,ok
Shanghai,S1A_IW_GRDH_1SDV_20250715T095501_20250715T095526_060093_077760_4889,VH,3500,2622,249172.21888671466,3520564.0512111965,80.0,26.3,3.78,42.56,27.36,1,ok
Shanghai,S1A_IW_GRDH_1SDV_20250727T095501_20250727T095526_060268_077D68_FED2,VH,3474,2618,249151.87992302404,3520206.893323945,80.0,26.55,3.8,42.96,26.69,1,ok
Shanghai,S1A_IW_GRDH_1SDV_20250808T095500_20250808T095525_060443_078391_5813,VH,3500,2622,249072.14330182056,3520569.5393423066,80.0,26.32,3.77,42.54,27.37,1,ok
Shanghai,S1A_IW_GRDH_1SDV_20250820T095500_20250820T095525_060618_078A74_9040,VH,3500,2622,249033.80661431284,3520578.893138448,80.0,26.33,3.77,42.53,27.37,1,ok
Shanghai,S1A_IW_GRDH_1SDV_20250913T095501_20250913T095526_060968_07985B_0B8B,VH,3500,2622,248786.2592167392,3520584.690697856,80.0,26.38,3.78,42.46,27.37,1,ok
Shanghai,S1A_IW_GRDH_1SDV_20250925T095501_20250925T095526_061143_079F62_43F4,VH,3501,2622,248936.76327460638,3520583.7919776784,80.0,26.34,3.78,42.5,27.37,1,ok
Shanghai,S1A_IW_GRDH_1SDV_20251007T095502_20251007T095527_061318_07A66F_9734,VH,3501,2622,248838.90951380963,3520581.361023325,80.0,26.36,3.78,42.48,27.37,1,ok
Shanghai,S1A_IW_GRDH_1SDV_20251019T095501_20251019T095526_061493_07AD75_C893,VH,3501,2622,248885.24645021072,3520584.045647987,80.0,26.35,3.77,42.5,27.37,1,ok
Shanghai,S1A_IW_GRDH_1SDV_20251031T095501_20251031T095526_061668_07B482_E582,VH,3501,2622,248841.65408155177,3520576.016719722,80.0,26.36,3.78,42.48,27.37,1,ok
Shanghai,S1A_IW_GRDH_1SDV_20251112T095500_20251112T095525_061843_07BB43_791B,VH,3501,2622,248878.61320103108,3520569.0220664046,80.0,26.35,3.77,42.5,27.37,1,ok
Shanghai,S1A_IW_GRDH_1SDV_20251124T095500_20251124T095525_062018_07C214_828E,VH,3501,2622,248854.9897732444,3520567.603278054,80.0,26.36,3.78,42.49,27.37,1,ok
Shanghai,S1A_IW_GRDH_1SDV_20251206T095458_20251206T095523_062193_07C8EB_18F6,VH,3501,2622,248991.19723925117,3520561.0404179906,80.0,26.33,3.78,42.52,27.37,1,ok
Shanghai,S1A_IW_GRDH_1SDV_20251218T095457_20251218T095522_062368_07CFBE_85B2,VH,3501,2622,248961.62596079684,3520559.4346620417,80.0,26.34,3.77,42.52,27.37,1,ok
Shanghai,S1A_IW_GRDH_1SDV_20251230T095456_20251230T095521_062543_07D685_E32F,VH,3490,2621,248992.38977870322,3520418.4720786316,80.0,26.43,3.79,42.67,27.11,1,ok
Shanghai,S1A_IW_GRDH_1SDV_20250422T095504_20250422T095529_058868_074BDE_2A15,VV,3490,2620,249021.515634935,3520419.9827099005,80.0,38.75,5.23,56.02,0.0,1,ok
Shanghai,S1A_IW_GRDH_1SDV_20250504T095504_20250504T095529_059043_0752E1_E126,VV,3490,2620,249005.18994600116,3520406.973856302,80.0,38.75,5.22,56.03,0.0,1,ok
Shanghai,S1A_IW_GRDH_1SDV_20250516T095504_20250516T095529_059218_07592B_0FC8,VV,3490,2620,249114.1414151922,3520413.371905248,80.0,38.72,5.21,56.07,0.0,1,ok
Shanghai,S1A_IW_GRDH_1SDV_20250528T095503_20250528T095528_059393_075F43_DC80,VV,3500,2622,249172.39840775687,3520553.317003203,80.0,38.61,5.19,56.2,0.0,1,ok
Shanghai,S1A_IW_GRDH_1SDV_20250609T095503_20250609T095528_059568_07653B_1E66,VV,3500,2622,249169.82673894946,3520551.5733322618,80.0,38.61,5.19,56.2,0.0,1,ok
Shanghai,S1A_IW_GRDH_1SDV_20250621T095502_20250621T095527_059743_076B46_2434,VV,3500,2622,249148.0324699084,3520557.5275732735,80.0,38.62,5.19,56.2,0.0,1,ok
Shanghai,S1A_IW_GRDH_1SDV_20250715T095501_20250715T095526_060093_077760_4889,VV,3500,2622,249172.21888671466,3520564.0512111965,80.0,26.3,3.78,42.56,27.36,1,ok
Shanghai,S1A_IW_GRDH_1SDV_20250727T095501_20250727T095526_060268_077D68_FED2,VV,3474,2618,249151.87992302404,3520206.893323945,80.0,26.55,3.8,42.96,26.69,1,ok
Shanghai,S1A_IW_GRDH_1SDV_20250808T095500_20250808T095525_060443_078391_5813,VV,3500,2622,249072.14330182056,3520569.5393423066,80.0,26.32,3.77,42.54,27.37,1,ok
Shanghai,S1A_IW_GRDH_1SDV_20250820T095500_20250820T095525_060618_078A74_9040,VV,3500,2622,249033.80661431284,3520578.893138448,80.0,26.33,3.77,42.53,27.37,1,ok
Shanghai,S1A_IW_GRDH_1SDV_20250913T095501_20250913T095526_060968_07985B_0B8B,VV,3500,2622,248786.2592167392,3520584.690697856,80.0,26.38,3.78,42.46,27.37,1,ok
Shanghai,S1A_IW_GRDH_1SDV_20250925T095501_20250925T095526_061143_079F62_43F4,VV,3501,2622,248936.76327460638,3520583.7919776784,80.0,26.34,3.78,42.5,27.37,1,ok
Shanghai,S1A_IW_GRDH_1SDV_20251007T095502_20251007T095527_061318_07A66F_9734,VV,3501,2622,248838.90951380963,3520581.361023325,80.0,26.36,3.78,42.48,27.37,1,ok
Shanghai,S1A_IW_GRDH_1SDV_20251019T095501_20251019T095526_061493_07AD75_C893,VV,3501,2622,248885.24645021072,3520584.045647987,80.0,26.35,3.77,42.5,27.37,1,ok
Shanghai,S1A_IW_GRDH_1SDV_20251031T095501_20251031T095526_061668_07B482_E582,VV,3501,2622,248841.65408155177,3520576.016719722,80.0,26.36,3.78,42.48,27.37,1,ok
Shanghai,S1A_IW_GRDH_1SDV_20251112T095500_20251112T095525_061843_07BB43_791B,VV,3501,2622,248878.61320103108,3520569.0220664046,80.0,26.35,3.77,42.5,27.37,1,ok
Shanghai,S1A_IW_GRDH_1SDV_20251124T095500_20251124T095525_062018_07C214_828E,VV,3501,2622,248854.9897732444,3520567.603278054,80.0,26.36,3.78,42.49,27.37,1,ok
Shanghai,S1A_IW_GRDH_1SDV_20251206T095458_20251206T095523_062193_07C8EB_18F6,VV,3501,2622,248991.19723925117,3520561.0404179906,80.0,26.33,3.78,42.52,27.37,1,ok
Shanghai,S1A_IW_GRDH_1SDV_20251218T095457_20251218T095522_062368_07CFBE_85B2,VV,3501,2622,248961.62596079684,3520559.4346620417,80.0,26.34,3.77,42.52,27.37,1,ok
Shanghai,S1A_IW_GRDH_1SDV_20251230T095456_20251230T095521_062543_07D685_E32F,VV,3490,2621,248992.38977870322,3520418.4720786316,80.0,26.43,3.79,42.67,27.11,1,ok
Singapore,S1A_IW_GRDH_1SDV_20250105T224813_20250105T224838_057315_070D6B_4F1E,VH,3538,2743,247812.40433420645,314675.2042606793,80.0,38.12,2.69,59.19,0.0,1,ok
Singapore,S1A_IW_GRDH_1SDV_20250117T224812_20250117T224837_057490_071459_C3D3,VH,3538,2743,247876.41849283475,314677.0452245357,80.0,38.11,2.69,59.2,0.0,1,ok
Singapore,S1A_IW_GRDH_1SDV_20250210T224811_20250210T224836_057840_072244_0469,VH,3538,2743,247747.10543929067,314676.9570720761,80.0,38.13,2.69,59.17,0.0,1,ok
Singapore,S1A_IW_GRDH_1SDV_20250222T224810_20250222T224835_058015_072961_178E,VH,3538,2743,247879.0022624156,314688.3216408937,80.0,38.11,2.69,59.21,0.0,1,ok
Singapore,S1A_IW_GRDH_1SDV_20250306T224811_20250306T224836_058190_07308D_CDA9,VH,3538,2743,247824.3785918604,314695.783772109,80.0,38.12,2.69,59.19,0.0,1,ok
Singapore,S1A_IW_GRDH_1SDV_20250318T224811_20250318T224836_058365_073771_B1C2,VH,3538,2743,247846.3069789538,314691.6539388694,80.0,38.11,2.69,59.2,0.0,1,ok
Singapore,S1A_IW_GRDH_1SDV_20250330T224811_20250330T224836_058540_073E75_9F1A,VH,3538,2743,247676.9482275455,314683.82575327053,80.0,38.15,2.69,59.16,0.0,1,ok
Singapore,S1A_IW_GRDH_1SDV_20250411T224811_20250411T224836_058715_07459E_9525,VH,3538,2743,247911.24705750513,314676.9997042948,80.0,38.1,2.69,59.21,0.0,1,ok
Singapore,S1A_IW_GRDH_1SDV_20250423T224811_20250423T224836_058890_074CC9_8953,VH,3538,2743,247829.9319705992,314671.06569037214,80.0,38.12,2.69,59.19,0.0,1,ok
Singapore,S1A_IW_GRDH_1SDV_20250505T224811_20250505T224836_059065_0753C1_B8EA,VH,3538,2743,247795.4700922565,314671.23665374966,80.0,38.12,2.69,59.18,0.0,1,ok
Singapore,S1A_IW_GRDH_1SDV_20250609T112534_20250609T112559_059568_076545_1D7F,VH,3543,2745,158361.76399227075,231663.5528445497,80.0,36.65,3.67,28.68,31.01,1,ok
Singapore,S1A_IW_GRDH_1SDV_20250715T112532_20250715T112557_060093_07776A_62D2,VH,3548,2746,158096.00053231767,231711.90666733682,80.0,36.57,3.66,28.64,31.14,1,ok
Singapore,S1A_IW_GRDH_1SDV_20250821T224808_20250821T224833_060640_078B59_E798,VH,3538,2743,247850.47081337468,314649.24635056296,80.0,29.82,1.64,37.57,30.98,1,ok
Singapore,S1A_IW_GRDH_1SDV_20250902T224808_20250902T224833_060815_079241_9713,VH,3538,2743,247862.30196002268,314666.80042133597,80.0,29.81,1.64,37.57,30.98,1,ok
Singapore,S1A_IW_GRDH_1SDV_20250914T224808_20250914T224833_060990_079946_63DA,VH,3538,2743,247762.8623976581,314675.12544620637,80.0,29.83,1.65,37.54,30.98,1,ok
Singapore,S1A_IW_GRDH_1SDV_20250926T224808_20250926T224833_061165_07A04B_FD27,VH,3538,2743,247904.9239454805,314672.18878280907,80.0,29.81,1.65,37.57,30.98,1,ok
Singapore,S1A_IW_GRDH_1SDV_20251008T224809_20251008T224834_061340_07A75B_C1A5,VH,3538,2743,247658.22468735938,314662.587614359,80.0,29.85,1.65,37.53,30.98,1,ok
Singapore,S1A_IW_GRDH_1SDV_20251020T224808_20251020T224833_061515_07AE62_BC0B,VH,3538,2743,247825.55483406724,314659.41211253335,80.0,29.82,1.65,37.56,30.97,1,ok
Singapore,S1A_IW_GRDH_1SDV_20251101T224808_20251101T224833_061690_07B564_1AD8,VH,3538,2743,247802.83440241503,314663.39498903166,80.0,29.82,1.65,37.55,30.98,1,ok
Singapore,S1A_IW_GRDH_1SDV_20251113T224807_20251113T224832_061865_07BC26_8BE5,VH,3538,2743,247884.6808048203,314664.6074703363,80.0,29.81,1.65,37.56,30.98,1,ok
Singapore,S1A_IW_GRDH_1SDV_20251125T224806_20251125T224831_062040_07C2F5_5BFA,VH,3538,2743,247795.8482942672,314661.90388804703,80.0,29.83,1.65,37.55,30.97,1,ok
Singapore,S1A_IW_GRDH_1SDV_20251207T224805_20251207T224830_062215_07C9D3_13F1,VH,3538,2743,247745.2693249202,314654.9239291669,80.0,29.84,1.65,37.55,30.97,1,ok
Singapore,S1A_IW_GRDH_1SDV_20251219T224804_20251219T224829_062390_07D0A3_DC5F,VH,3538,2743,247814.59710777973,314655.0272444634,80.0,29.82,1.65,37.56,30.97,1,ok
Singapore,S1A_IW_GRDH_1SDV_20251231T224803_20251231T224828_062565_07D762_CEEB,VH,3538,2743,247860.0472763337,314659.8024852548,80.0,29.81,1.64,37.57,30.97,1,ok
Singapore,S1A_IW_GRDH_1SDV_20250105T224813_20250105T224838_057315_070D6B_4F1E,VV,3538,2743,247812.40433420645,314675.2042606793,80.0,38.12,2.69,59.19,0.0,1,ok
Singapore,S1A_IW_GRDH_1SDV_20250117T224812_20250117T224837_057490_071459_C3D3,VV,3538,2743,247876.41849283475,314677.0452245357,80.0,38.11,2.69,59.2,0.0,1,ok
Singapore,S1A_IW_GRDH_1SDV_20250210T224811_20250210T224836_057840_072244_0469,VV,3538,2743,247747.10543929067,314676.9570720761,80.0,38.13,2.69,59.17,0.0,1,ok
Singapore,S1A_IW_GRDH_1SDV_20250222T224810_20250222T224835_058015_072961_178E,VV,3538,2743,247879.0022624156,314688.3216408937,80.0,38.11,2.69,59.21,0.0,1,ok
Singapore,S1A_IW_GRDH_1SDV_20250306T224811_20250306T224836_058190_07308D_CDA9,VV,3538,2743,247824.3785918604,314695.783772109,80.0,38.12,2.69,59.19,0.0,1,ok
Singapore,S1A_IW_GRDH_1SDV_20250318T224811_20250318T224836_058365_073771_B1C2,VV,3538,2743,247846.3069789538,314691.6539388694,80.0,38.11,2.69,59.2,0.0,1,ok
Singapore,S1A_IW_GRDH_1SDV_20250330T224811_20250330T224836_058540_073E75_9F1A,VV,3538,2743,247676.9482275455,314683.82575327053,80.0,38.15,2.69,59.16,0.0,1,ok
Singapore,S1A_IW_GRDH_1SDV_20250411T224811_20250411T224836_058715_07459E_9525,VV,3538,2743,247911.24705750513,314676.9997042948,80.0,38.1,2.69,59.21,0.0,1,ok
Singapore,S1A_IW_GRDH_1SDV_20250423T224811_20250423T224836_058890_074CC9_8953,VV,3538,2743,247829.9319705992,314671.06569037214,80.0,38.12,2.69,59.19,0.0,1,ok
Singapore,S1A_IW_GRDH_1SDV_20250505T224811_20250505T224836_059065_0753C1_B8EA,VV,3538,2743,247795.4700922565,314671.23665374966,80.0,38.12,2.69,59.18,0.0,1,ok
Singapore,S1A_IW_GRDH_1SDV_20250609T112534_20250609T112559_059568_076545_1D7F,VV,3543,2745,158361.76399227075,231663.5528445497,80.0,36.65,3.67,28.68,31.01,1,ok
Singapore,S1A_IW_GRDH_1SDV_20250715T112532_20250715T112557_060093_07776A_62D2,VV,3548,2746,158096.00053231767,231711.90666733682,80.0,36.57,3.66,28.64,31.14,1,ok
Singapore,S1A_IW_GRDH_1SDV_20250821T224808_20250821T224833_060640_078B59_E798,VV,3538,2743,247850.47081337468,314649.24635056296,80.0,29.82,1.64,37.57,30.98,1,ok
Singapore,S1A_IW_GRDH_1SDV_20250902T224808_20250902T224833_060815_079241_9713,VV,3538,2743,247862.30196002268,314666.80042133597,80.0,29.81,1.64,37.57,30.98,1,ok
Singapore,S1A_IW_GRDH_1SDV_20250914T224808_20250914T224833_060990_079946_63DA,VV,3538,2743,247762.8623976581,314675.12544620637,80.0,29.83,1.65,37.54,30.98,1,ok
Singapore,S1A_IW_GRDH_1SDV_20250926T224808_20250926T224833_061165_07A04B_FD27,VV,3538,2743,247904.9239454805,314672.18878280907,80.0,29.81,1.65,37.57,30.98,1,ok
Singapore,S1A_IW_GRDH_1SDV_20251008T224809_20251008T224834_061340_07A75B_C1A5,VV,3538,2743,247658.22468735938,314662.587614359,80.0,29.85,1.65,37.53,30.98,1,ok
Singapore,S1A_IW_GRDH_1SDV_20251020T224808_20251020T224833_061515_07AE62_BC0B,VV,3538,2743,247825.55483406724,314659.41211253335,80.0,29.82,1.65,37.56,30.97,1,ok
Singapore,S1A_IW_GRDH_1SDV_20251101T224808_20251101T224833_061690_07B564_1AD8,VV,3538,2743,247802.83440241503,314663.39498903166,80.0,29.82,1.65,37.55,30.98,1,ok
Singapore,S1A_IW_GRDH_1SDV_20251113T224807_20251113T224832_061865_07BC26_8BE5,VV,3538,2743,247884.6808048203,314664.6074703363,80.0,29.81,1.65,37.56,30.98,1,ok
Singapore,S1A_IW_GRDH_1SDV_20251125T224806_20251125T224831_062040_07C2F5_5BFA,VV,3538,2743,247795.8482942672,314661.90388804703,80.0,29.83,1.65,37.55,30.97,1,ok
Singapore,S1A_IW_GRDH_1SDV_20251207T224805_20251207T224830_062215_07C9D3_13F1,VV,3538,2743,247745.2693249202,314654.9239291669,80.0,29.84,1.65,37.54,30.97,1,ok
Singapore,S1A_IW_GRDH_1SDV_20251219T224804_20251219T224829_062390_07D0A3_DC5F,VV,3538,2743,247814.59710777973,314655.0272444634,80.0,29.82,1.65,37.56,30.97,1,ok
Singapore,S1A_IW_GRDH_1SDV_20251231T224803_20251231T224828_062565_07D762_CEEB,VV,3538,2743,247860.0472763337,314659.8024852548,80.0,29.81,1.64,37.57,30.97,1,ok
Sydney Botany,S1A_IW_GRDH_1SDV_20250109T190756_20250109T190821_057371_070FA6_03D6,VH,3698,2943,278224.440821178,6287606.91255044,80.0,2.96,0.43,58.27,38.34,1,ok
Sydney Botany,S1A_IW_GRDH_1SDV_20250214T190754_20250214T190819_057896_07248A_4BF0,VH,3698,2943,278228.9375381972,6287622.922724824,80.0,2.96,0.43,58.27,38.35,1,ok
Sydney Botany,S1A_IW_GRDH_1SDV_20250310T190754_20250310T190819_058246_0732C7_AA66,VH,3698,2943,278159.0750331646,6287639.582071805,80.0,2.97,0.43,58.25,38.35,1,ok
Sydney Botany,S1A_IW_GRDH_1SDV_20250509T190755_20250509T190820_059121_0755D9_0C55,VH,3698,2943,278380.51327733626,6287569.740360159,80.0,2.92,0.43,58.3,38.35,1,ok
Sydney Botany,S1A_IW_GRDH_1SDV_20250521T190754_20250521T190819_059296_075BE6_A716,VH,3699,2943,278426.114743714,6287576.848874072,80.0,2.91,0.43,58.31,38.35,1,ok
Sydney Botany,S1A_IW_GRDH_1SDV_20250602T190754_20250602T190819_059471_0761F8_4A83,VH,3698,2943,278417.58618556266,6287558.395161574,80.0,2.91,0.43,58.31,38.35,1,ok
Sydney Botany,S1A_IW_GRDH_1SDV_20250614T190753_20250614T190818_059646_0767EE_B1E0,VH,3698,2943,278493.654595522,6287540.474769874,80.0,2.89,0.43,58.33,38.35,1,ok
Sydney Botany,S1A_IW_GRDH_1SDV_20250626T190753_20250626T190818_059821_076E01_58B5,VH,3698,2943,278481.799969282,6287530.717902813,80.0,2.9,0.43,58.33,38.35,1,ok
Sydney Botany,S1A_IW_GRDH_1SDV_20250708T190752_20250708T190817_059996_07740F_E63A,VH,3698,2943,278432.3400881697,6287541.485686578,80.0,2.9,0.43,58.32,38.35,1,ok
Sydney Botany,S1A_IW_GRDH_1SDV_20250720T190751_20250720T190816_060171_077A13_1559,VH,3699,2943,278426.87119188526,6287566.006044632,80.0,2.91,0.43,58.31,38.35,1,ok
Sydney Botany,S1A_IW_GRDH_1SDV_20250801T190751_20250801T190816_060346_078019_953E,VH,3698,2943,278340.6218562189,6287584.10782796,80.0,2.93,0.43,58.29,38.35,1,ok
Sydney Botany,S1A_IW_GRDH_1SDV_20250813T190751_20250813T190816_060521_0786AA_88CA,VH,3698,2943,278319.19613968214,6287587.562859701,80.0,2.94,0.43,58.29,38.35,1,ok
Sydney Botany,S1A_IW_GRDH_1SDV_20250825T190751_20250825T190816_060696_078D8D_4592,VH,3698,2943,278282.54079308914,6287593.423250513,80.0,2.94,0.43,58.28,38.35,1,ok
Sydney Botany,S1A_IW_GRDH_1SDV_20250906T190751_20250906T190816_060871_07947B_EDC3,VH,3699,2943,278309.8873383382,6287606.341921343,80.0,2.94,0.43,58.29,38.35,1,ok
Sydney Botany,S1A_IW_GRDH_1SDV_20250918T190752_20250918T190817_061046_079B83_BFBC,VH,3698,2943,278210.2679702829,6287619.525297816,80.0,2.96,0.43,58.26,38.35,1,ok
Sydney Botany,S1A_IW_GRDH_1SDV_20250930T190752_20250930T190817_061221_07A294_DB4F,VH,3698,2943,278177.7911094236,6287642.633236552,80.0,2.97,0.43,58.25,38.35,1,ok
Sydney Botany,S1A_IW_GRDH_1SDV_20251012T190752_20251012T190817_061396_07A99C_7947,VH,3698,2943,277977.4979035638,6287638.996606044,80.0,3.02,0.43,58.21,38.34,1,ok
Sydney Botany,S1A_IW_GRDH_1SDV_20251024T190752_20251024T190817_061571_07B0A2_E5D2,VH,3698,2943,278228.29214502836,6287613.78698161,80.0,2.96,0.43,58.27,38.34,1,ok
Sydney Botany,S1A_IW_GRDH_1SDV_20251105T190752_20251105T190817_061746_07B792_3E36,VH,3698,2943,278275.5273574544,6287585.8742368985,80.0,2.95,0.43,58.28,38.34,1,ok
Sydney Botany,S1A_IW_GRDH_1SDV_20251117T190751_20251117T190816_061921_07BE5B_1974,VH,3698,2943,278208.26924906543,6287588.949171418,80.0,2.96,0.43,58.27,38.34,1,ok
Sydney Botany,S1A_IW_GRDH_1SDV_20251129T190750_20251129T190815_062096_07C52D_C156,VH,3698,2943,278221.69670630526,6287607.346887825,80.0,2.96,0.43,58.27,38.34,1,ok
Sydney Botany,S1A_IW_GRDH_1SDV_20251211T190749_20251211T190814_062271_07CC01_6A6B,VH,3698,2943,278126.62688987085,6287609.229199778,80.0,2.98,0.43,58.24,38.35,1,ok
Sydney Botany,S1A_IW_GRDH_1SDV_20251223T190747_20251223T190812_062446_07D2D3_0484,VH,3698,2943,278282.30862857937,6287584.726058753,80.0,2.94,0.43,58.28,38.34,1,ok
Sydney Botany,S1A_IW_GRDH_1SDV_20250109T190756_20250109T190821_057371_070FA6_03D6,VV,3698,2943,278224.440821178,6287606.91255044,80.0,2.96,0.43,58.27,38.34,1,ok
Sydney Botany,S1A_IW_GRDH_1SDV_20250214T190754_20250214T190819_057896_07248A_4BF0,VV,3698,2943,278228.9375381972,6287622.922724824,80.0,2.96,0.43,58.27,38.35,1,ok
Sydney Botany,S1A_IW_GRDH_1SDV_20250310T190754_20250310T190819_058246_0732C7_AA66,VV,3698,2943,278159.0750331646,6287639.582071805,80.0,2.97,0.43,58.25,38.35,1,ok
Sydney Botany,S1A_IW_GRDH_1SDV_20250509T190755_20250509T190820_059121_0755D9_0C55,VV,3698,2943,278380.51327733626,6287569.740360159,80.0,2.92,0.43,58.3,38.35,1,ok
Sydney Botany,S1A_IW_GRDH_1SDV_20250521T190754_20250521T190819_059296_075BE6_A716,VV,3699,2943,278426.114743714,6287576.848874072,80.0,2.91,0.43,58.31,38.35,1,ok
Sydney Botany,S1A_IW_GRDH_1SDV_20250602T190754_20250602T190819_059471_0761F8_4A83,VV,3698,2943,278417.58618556266,6287558.395161574,80.0,2.91,0.43,58.31,38.35,1,ok
Sydney Botany,S1A_IW_GRDH_1SDV_20250614T190753_20250614T190818_059646_0767EE_B1E0,VV,3698,2943,278493.654595522,6287540.474769874,80.0,2.89,0.43,58.33,38.35,1,ok
Sydney Botany,S1A_IW_GRDH_1SDV_20250626T190753_20250626T190818_059821_076E01_58B5,VV,3698,2943,278481.799969282,6287530.717902813,80.0,2.9,0.43,58.33,38.35,1,ok
Sydney Botany,S1A_IW_GRDH_1SDV_20250708T190752_20250708T190817_059996_07740F_E63A,VV,3698,2943,278432.3400881697,6287541.485686578,80.0,2.9,0.43,58.32,38.35,1,ok
Sydney Botany,S1A_IW_GRDH_1SDV_20250720T190751_20250720T190816_060171_077A13_1559,VV,3699,2943,278426.87119188526,6287566.006044632,80.0,2.91,0.43,58.31,38.35,1,ok
Sydney Botany,S1A_IW_GRDH_1SDV_20250801T190751_20250801T190816_060346_078019_953E,VV,3698,2943,278340.6218562189,6287584.10782796,80.0,2.93,0.43,58.29,38.35,1,ok
Sydney Botany,S1A_IW_GRDH_1SDV_20250813T190751_20250813T190816_060521_0786AA_88CA,VV,3698,2943,278319.19613968214,6287587.562859701,80.0,2.94,0.43,58.29,38.35,1,ok
Sydney Botany,S1A_IW_GRDH_1SDV_20250825T190751_20250825T190816_060696_078D8D_4592,VV,3698,2943,278282.54079308914,6287593.423250513,80.0,2.94,0.43,58.28,38.35,1,ok
Sydney Botany,S1A_IW_GRDH_1SDV_20250906T190751_20250906T190816_060871_07947B_EDC3,VV,3699,2943,278309.8873383382,6287606.341921343,80.0,2.94,0.43,58.29,38.35,1,ok
Sydney Botany,S1A_IW_GRDH_1SDV_20250918T190752_20250918T190817_061046_079B83_BFBC,VV,3698,2943,278210.2679702829,6287619.525297816,80.0,2.96,0.43,58.26,38.35,1,ok
Sydney Botany,S1A_IW_GRDH_1SDV_20250930T190752_20250930T190817_061221_07A294_DB4F,VV,3698,2943,278177.7911094236,6287642.633236552,80.0,2.97,0.43,58.25,38.35,1,ok
Sydney Botany,S1A_IW_GRDH_1SDV_20251012T190752_20251012T190817_061396_07A99C_7947,VV,3698,2943,277977.4979035638,6287638.996606044,80.0,3.02,0.43,58.21,38.34,1,ok
Sydney Botany,S1A_IW_GRDH_1SDV_20251024T190752_20251024T190817_061571_07B0A2_E5D2,VV,3698,2943,278228.29214502836,6287613.78698161,80.0,2.96,0.43,58.27,38.34,1,ok
Sydney Botany,S1A_IW_GRDH_1SDV_20251105T190752_20251105T190817_061746_07B792_3E36,VV,3698,2943,278275.5273574544,6287585.8742368985,80.0,2.95,0.43,58.28,38.34,1,ok
Sydney Botany,S1A_IW_GRDH_1SDV_20251117T190751_20251117T190816_061921_07BE5B_1974,VV,3698,2943,278208.26924906543,6287588.949171418,80.0,2.96,0.43,58.27,38.34,1,ok
Sydney Botany,S1A_IW_GRDH_1SDV_20251129T190750_20251129T190815_062096_07C52D_C156,VV,3698,2943,278221.69670630526,6287607.346887825,80.0,2.96,0.43,58.27,38.34,1,ok
Sydney Botany,S1A_IW_GRDH_1SDV_20251211T190749_20251211T190814_062271_07CC01_6A6B,VV,3698,2943,278126.62688987085,6287609.229199778,80.0,2.98,0.43,58.24,38.35,1,ok
Sydney Botany,S1A_IW_GRDH_1SDV_20251223T190747_20251223T190812_062446_07D2D3_0484,VV,3698,2943,278282.30862857937,6287584.726058753,80.0,2.94,0.43,58.28,38.34,1,ok
Tanger Med,S1A_IW_GRDH_1SDV_20251223T181816_20251223T181841_062446_07D2CE_C333,VH,3562,2602,205406.09680610942,4074593.117049135,80.0,40.76,1.14,58.1,0.0,1,ok
Tanger Med,S1A_IW_GRDH_1SDV_20251223T181816_20251223T181841_062446_07D2CE_C333,VV,3562,2602,205406.09680610942,4074593.117049135,80.0,40.76,1.14,58.1,0.0,1,ok
