{"type": "FeatureCollection", "features": [{"type": "Feature", "geometry": {"type": "Point", "coordinates": [129.1268346, 35.0913072]}, "properties": {"kind": "light_major"}}, {"type": "Feature", "geometry": {"type": "Point", "coordinates": [129.10953700000002, 35.0915106]}, "properties": {"kind": "light_minor"}}, {"type": "Feature", "geometry": {"type": "Point", "coordinates": [129.11303370000002, 35.0911595]}, "properties": {"kind": "light_minor"}}, {"type": "Feature", "geometry": {"type": "Point", "coordinates": [129.10583390000002, 35.084628900000006]}, "properties": {"kind": "light_minor"}}, {"type": "Feature", "geometry": {"type": "Point", "coordinates": [129.10511110000002, 35.07925]}, "properties": {"kind": "light_minor"}}, {"type": "Feature", "geometry": {"type": "Point", "coordinates": [129.0976742, 35.0787977]}, "properties": {"kind": "light_minor"}}, {"type": "Feature", "geometry": {"type": "Point", "coordinates": [129.0839444, 35.071444400000004]}, "properties": {"kind": "light_minor"}}, {"type": "Feature", "geometry": {"type": "Point", "coordinates": [129.0311111, 35.0861389]}, "properties": {"kind": "light_minor"}}, {"type": "Feature", "geometry": {"type": "Point", "coordinates": [129.03325, 35.0848333]}, "properties": {"kind": "light_minor"}}, {"type": "Feature", "geometry": {"type": "Point", "coordinates": [129.0195701, 35.071487600000005]}, "properties": {"kind": "light_minor"}}, {"type": "Feature", "geometry": {"type": "Point", "coordinates": [129.0086944, 35.0510278]}, "properties": {"kind": "light_minor"}}, {"type": "Feature", "geometry": {"type": "Point", "coordinates": [129.0069167, 35.049027800000005]}, "properties": {"kind": "light_minor"}}, {"type": "Feature", "geometry": {"type": "Point", "coordinates": [128.97263650000002, 35.028099700000006]}, "properties": {"kind": "light_minor"}}, {"type": "Feature", "geometry": {"type": "Point", "coordinates": [128.98233330000002, 35.0367222]}, "properties": {"kind": "light_minor"}}, {"type": "Feature", "geometry": {"type": "Point", "coordinates": [128.98353590000002, 35.053862]}, "properties": {"kind": "light_major"}}, {"type": "Feature", "geometry": {"type": "Point", "coordinates": [129.084428, 35.1038925]}, "properties": {"kind": "crane"}}, {"type": "Feature", "geometry": {"type": "Point", "coordinates": [129.0947295, 35.1000302]}, "properties": {"kind": "crane"}}, {"type": "Feature", "geometry": {"type": "Point", "coordinates": [129.0736206, 35.1046654]}, "properties": {"kind": "crane"}}, {"type": "Feature", "geometry": {"type": "Point", "coordinates": [129.0691885, 35.1072634]}, "properties": {"kind": "crane"}}, {"type": "Feature", "geometry": {"type": "Point", "coordinates": [129.07703890000002, 35.103917800000005]}, "properties": {"kind": "crane"}}, {"type": "Feature", "geometry": {"type": "Point", "coordinates": [129.094455, 35.102577700000005]}, "properties": {"kind": "crane"}}, {"type": "Feature", "geometry": {"type": "Point", "coordinates": [129.086281, 35.103886100000004]}, "properties": {"kind": "crane"}}, {"type": "Feature", "geometry": {"type": "Point", "coordinates": [129.0884626, 35.1038787]}, "properties": {"kind": "crane"}}, {"type": "Feature", "geometry": {"type": "Point", "coordinates": [129.09453680000001, 35.1018187]}, "properties": {"kind": "crane"}}, {"type": "Feature", "geometry": {"type": "Point", "coordinates": [129.0711747, 35.1060992]}, "properties": {"kind": "crane"}}, {"type": "Feature", "geometry": {"type": "Point", "coordinates": [129.0688227, 35.107477800000005]}, "properties": {"kind": "crane"}}, {"type": "Feature", "geometry": {"type": "Point", "coordinates": [129.07928850000002, 35.1039101]}, "properties": {"kind": "crane"}}, {"type": "Feature", "geometry": {"type": "Point", "coordinates": [129.0941645, 35.1052738]}, "properties": {"kind": "crane"}}, {"type": "Feature", "geometry": {"type": "Point", "coordinates": [129.08773150000002, 35.103881200000004]}, "properties": {"kind": "crane"}}, {"type": "Feature", "geometry": {"type": "Point", "coordinates": [129.0893522, 35.1038756]}, "properties": {"kind": "crane"}}, {"type": "Feature", "geometry": {"type": "Point", "coordinates": [129.0945101, 35.1020662]}, "properties": {"kind": "crane"}}, {"type": "Feature", "geometry": {"type": "Point", "coordinates": [129.0709091, 35.1062549]}, "properties": {"kind": "crane"}}, {"type": "Feature", "geometry": {"type": "Point", "coordinates": [129.0806938, 35.1039053]}, "properties": {"kind": "crane"}}, {"type": "Feature", "geometry": {"type": "Point", "coordinates": [129.0802404, 35.103906800000004]}, "properties": {"kind": "crane"}}, {"type": "Feature", "geometry": {"type": "Point", "coordinates": [129.09412120000002, 35.1056758]}, "properties": {"kind": "crane"}}, {"type": "Feature", "geometry": {"type": "Point", "coordinates": [129.09513750000002, 35.0962434]}, "properties": {"kind": "crane"}}, {"type": "Feature", "geometry": {"type": "Point", "coordinates": [129.08808860000002, 35.103880000000004]}, "properties": {"kind": "crane"}}, {"type": "Feature", "geometry": {"type": "Point", "coordinates": [129.0944814, 35.1023328]}, "properties": {"kind": "crane"}}, {"type": "Feature", "geometry": {"type": "Point", "coordinates": [129.08140780000002, 35.1039028]}, "properties": {"kind": "crane"}}, {"type": "Feature", "geometry": {"type": "Point", "coordinates": [129.0940126, 35.106683600000004]}, "properties": {"kind": "crane"}}, {"type": "Feature", "geometry": {"type": "Point", "coordinates": [129.0952201, 35.0954764]}, "properties": {"kind": "crane"}}, {"type": "Feature", "geometry": {"type": "Point", "coordinates": [129.0949433, 35.098046000000004]}, "properties": {"kind": "crane"}}, {"type": "Feature", "geometry": {"type": "Point", "coordinates": [129.0837366, 35.1038948]}, "properties": {"kind": "crane"}}, {"type": "Feature", "geometry": {"type": "Point", "coordinates": [129.095177, 35.0958765]}, "properties": {"kind": "crane"}}, {"type": "Feature", "geometry": {"type": "Point", "coordinates": [129.0949069, 35.098383500000004]}, "properties": {"kind": "crane"}}, {"type": "Feature", "geometry": {"type": "Point", "coordinates": [129.0741303, 35.1043667]}, "properties": {"kind": "crane"}}, {"type": "Feature", "geometry": {"type": "Point", "coordinates": [129.0761776, 35.1039207]}, "properties": {"kind": "crane"}}, {"type": "Feature", "geometry": {"type": "Point", "coordinates": [129.08406540000001, 35.1038937]}, "properties": {"kind": "crane"}}, {"type": "Feature", "geometry": {"type": "Point", "coordinates": [129.09482350000002, 35.0991579]}, "properties": {"kind": "crane"}}, {"type": "Feature", "geometry": {"type": "Point", "coordinates": [129.0738871, 35.104509300000004]}, "properties": {"kind": "crane"}}, {"type": "Feature", "geometry": {"type": "Point", "coordinates": [129.0765685, 35.1039194]}, "properties": {"kind": "crane"}}, {"type": "Feature", "geometry": {"type": "Point", "coordinates": [128.9965366, 35.0597579]}, "properties": {"kind": "crane"}}, {"type": "Feature", "geometry": {"type": "Point", "coordinates": [128.99531090000002, 35.0629032]}, "properties": {"kind": "crane"}}, {"type": "Feature", "geometry": {"type": "Point", "coordinates": [128.9966813, 35.0593866]}, "properties": {"kind": "crane"}}, {"type": "Feature", "geometry": {"type": "Point", "coordinates": [128.9943943, 35.065157400000004]}, "properties": {"kind": "crane"}}, {"type": "Feature", "geometry": {"type": "Point", "coordinates": [128.99544310000002, 35.0625639]}, "properties": {"kind": "crane"}}, {"type": "Feature", "geometry": {"type": "Point", "coordinates": [128.99257780000002, 35.079175]}, "properties": {"kind": "crane"}}, {"type": "Feature", "geometry": {"type": "Point", "coordinates": [129.00137660000001, 35.053195]}, "properties": {"kind": "crane"}}, {"type": "Feature", "geometry": {"type": "Point", "coordinates": [128.99560580000002, 35.062146600000005]}, "properties": {"kind": "crane"}}, {"type": "Feature", "geometry": {"type": "Point", "coordinates": [128.9896683, 35.0555718]}, "properties": {"kind": "crane"}}, {"type": "Feature", "geometry": {"type": "Point", "coordinates": [129.0882875, 35.0503906]}, "properties": {"kind": "tower"}}, {"type": "Feature", "geometry": {"type": "Point", "coordinates": [129.10448100000002, 35.1653889]}, "properties": {"kind": "street_cabinet"}}, {"type": "Feature", "geometry": {"type": "Point", "coordinates": [129.05358470000002, 35.1307765]}, "properties": {"kind": "chimney"}}, {"type": "Feature", "geometry": {"type": "Point", "coordinates": [129.09300000000002, 35.0371389]}, "properties": {"kind": "tower"}}, {"type": "Feature", "geometry": {"type": "Point", "coordinates": [128.99951380000002, 35.1226688]}, "properties": {"kind": "tower"}}, {"type": "Feature", "geometry": {"type": "Point", "coordinates": [129.13079150000002, 35.148063400000005]}, "properties": {"kind": "survey_point"}}, {"type": "Feature", "geometry": {"type": "Point", "coordinates": [129.1309153, 35.1482181]}, "properties": {"kind": "survey_point"}}, {"type": "Feature", "geometry": {"type": "Point", "coordinates": [129.13255270000002, 35.1498247]}, "properties": {"kind": "survey_point"}}, {"type": "Feature", "geometry": {"type": "Point", "coordinates": [129.13338960000002, 35.150687500000004]}, "properties": {"kind": "survey_point"}}, {"type": "Feature", "geometry": {"type": "Point", "coordinates": [128.94983050000002, 35.111879900000005]}, "properties": {"kind": "harbour"}}, {"type": "Feature", "geometry": {"type": "Point", "coordinates": [129.0879682, 35.055411500000005]}, "properties": {"kind": "mast"}}, {"type": "Feature", "geometry": {"type": "Point", "coordinates": [129.0336637, 35.2069363]}, "properties": {"kind": "surveillance"}}, {"type": "Feature", "geometry": {"type": "Point", "coordinates": [129.0201974, 35.0907293]}, "properties": {"kind": "tower"}}, {"type": "Feature", "geometry": {"type": "Point", "coordinates": [129.0004817, 35.1918147]}, "properties": {"kind": "tower"}}, {"type": "Feature", "geometry": {"type": "Point", "coordinates": [129.05439140000001, 35.0847095]}, "properties": {"kind": "mast"}}, {"type": "Feature", "geometry": {"type": "Point", "coordinates": [129.0831393, 35.1587727]}, "properties": {"kind": "mast"}}, {"type": "Feature", "geometry": {"type": "Point", "coordinates": [129.0819395, 35.157928000000005]}, "properties": {"kind": "mast"}}, {"type": "Feature", "geometry": {"type": "Point", "coordinates": [129.0882977, 35.0562855]}, "properties": {"kind": "tower"}}, {"type": "Feature", "geometry": {"type": "Point", "coordinates": [129.0886643, 35.0563227]}, "properties": {"kind": "tower"}}, {"type": "Feature", "geometry": {"type": "Point", "coordinates": [129.033397, 35.099771100000005]}, "properties": {"kind": "waterfall"}}, {"type": "Feature", "geometry": {"type": "Point", "coordinates": [129.03324220000002, 35.099767]}, "properties": {"kind": "waterfall"}}, {"type": "Feature", "geometry": {"type": "Point", "coordinates": [128.9479736, 35.108524100000004]}, "properties": {"kind": "water_well"}}, {"type": "Feature", "geometry": {"type": "Point", "coordinates": [129.0094977, 35.219252700000006]}, "properties": {"kind": "yes"}}, {"type": "Feature", "geometry": {"type": "Point", "coordinates": [129.0090745, 35.2187275]}, "properties": {"kind": "yes"}}, {"type": "Feature", "geometry": {"type": "Point", "coordinates": [129.05799330000002, 35.1838685]}, "properties": {"kind": "tower"}}, {"type": "Feature", "geometry": {"type": "Point", "coordinates": [128.9878366, 35.0867051]}, "properties": {"kind": "works"}}, {"type": "Feature", "geometry": {"type": "Point", "coordinates": [129.0947729, 35.1614738]}, "properties": {"kind": "mast"}}, {"type": "Feature", "geometry": {"type": "Point", "coordinates": [128.9889722, 35.046194400000005]}, "properties": {"kind": "light_minor"}}, {"type": "Feature", "geometry": {"type": "Point", "coordinates": [128.9829444, 35.0438056]}, "properties": {"kind": "light_minor"}}, {"type": "Feature", "geometry": {"type": "Point", "coordinates": [128.9893056, 35.0416667]}, "properties": {"kind": "light_minor"}}, {"type": "Feature", "geometry": {"type": "Point", "coordinates": [128.98005560000001, 35.056000000000004]}, "properties": {"kind": "light_minor"}}, {"type": "Feature", "geometry": {"type": "Point", "coordinates": [129.08316670000002, 35.0857222]}, "properties": {"kind": "light_minor"}}, {"type": "Feature", "geometry": {"type": "Point", "coordinates": [129.0346389, 35.0962778]}, "properties": {"kind": "light_minor"}}, {"type": "Feature", "geometry": {"type": "Point", "coordinates": [129.01500000000001, 35.0487222]}, "properties": {"kind": "light_minor"}}, {"type": "Feature", "geometry": {"type": "Point", "coordinates": [129.00636110000002, 35.0457778]}, "properties": {"kind": "light_minor"}}, {"type": "Feature", "geometry": {"type": "Point", "coordinates": [129.0096944, 35.0453333]}, "properties": {"kind": "light_minor"}}, {"type": "Feature", "geometry": {"type": "Point", "coordinates": [129.0145556, 35.05225]}, "properties": {"kind": "light_minor"}}, {"type": "Feature", "geometry": {"type": "Point", "coordinates": [129.0145556, 35.0515278]}, "properties": {"kind": "light_minor"}}, {"type": "Feature", "geometry": {"type": "Point", "coordinates": [129.04675, 35.106833300000005]}, "properties": {"kind": "light_minor"}}, {"type": "Feature", "geometry": {"type": "Point", "coordinates": [129.1175833, 35.1312222]}, "properties": {"kind": "light_minor"}}, {"type": "Feature", "geometry": {"type": "Point", "coordinates": [129.1138056, 35.1375556]}, "properties": {"kind": "light_minor"}}, {"type": "Feature", "geometry": {"type": "Point", "coordinates": [129.1573611, 35.1544444]}, "properties": {"kind": "light_minor"}}, {"type": "Feature", "geometry": {"type": "Point", "coordinates": [128.97475, 35.0353611]}, "properties": {"kind": "light_minor"}}, {"type": "Feature", "geometry": {"type": "Point", "coordinates": [128.99933330000002, 35.0429444]}, "properties": {"kind": "light_minor"}}, {"type": "Feature", "geometry": {"type": "Point", "coordinates": [129.02444440000002, 35.0750278]}, "properties": {"kind": "light_minor"}}, {"type": "Feature", "geometry": {"type": "Point", "coordinates": [129.1499167, 35.1494167]}, "properties": {"kind": "light_minor"}}, {"type": "Feature", "geometry": {"type": "Point", "coordinates": [128.9986782, 35.085694100000005]}, "properties": {"kind": "chimney"}}, {"type": "Feature", "geometry": {"type": "Point", "coordinates": [128.9990084, 35.0857666]}, "properties": {"kind": "chimney"}}, {"type": "Feature", "geometry": {"type": "Point", "coordinates": [128.9994351, 35.0858725]}, "properties": {"kind": "chimney"}}, {"type": "Feature", "geometry": {"type": "Point", "coordinates": [128.99975310000002, 35.0859396]}, "properties": {"kind": "chimney"}}, {"type": "Feature", "geometry": {"type": "Point", "coordinates": [129.0001745, 35.086038800000004]}, "properties": {"kind": "chimney"}}, {"type": "Feature", "geometry": {"type": "Point", "coordinates": [129.00047840000002, 35.086110500000004]}, "properties": {"kind": "chimney"}}, {"type": "Feature", "geometry": {"type": "Point", "coordinates": [129.0009081, 35.0862181]}, "properties": {"kind": "chimney"}}, {"type": "Feature", "geometry": {"type": "Point", "coordinates": [129.0012256, 35.086284400000004]}, "properties": {"kind": "chimney"}}, {"type": "Feature", "geometry": {"type": "Point", "coordinates": [129.049665, 35.1247273]}, "properties": {"kind": "survey_point"}}, {"type": "Feature", "geometry": {"type": "Point", "coordinates": [128.99529950000002, 35.069299300000004]}, "properties": {"kind": "chimney"}}, {"type": "Feature", "geometry": {"type": "Point", "coordinates": [129.03466550000002, 35.1402706]}, "properties": {"kind": "waterfall"}}, {"type": "Feature", "geometry": {"type": "Point", "coordinates": [129.03531560000002, 35.1422983]}, "properties": {"kind": "surveillance"}}, {"type": "Feature", "geometry": {"type": "Point", "coordinates": [129.007618, 35.097601100000006]}, "properties": {"kind": "water_well"}}, {"type": "Feature", "geometry": {"type": "Point", "coordinates": [129.13091830000002, 35.1526281]}, "properties": {"kind": "lighthouse"}}, {"type": "Feature", "geometry": {"type": "Point", "coordinates": [129.0407161, 35.1029191]}, "properties": {"kind": "harbour"}}, {"type": "Feature", "geometry": {"type": "Point", "coordinates": [129.0327245, 35.1001181]}, "properties": {"kind": "water_tap"}}, {"type": "Feature", "geometry": {"type": "Point", "coordinates": [129.10159430000002, 35.154269500000005]}, "properties": {"kind": "water_tap"}}, {"type": "Feature", "geometry": {"type": "Point", "coordinates": [129.00262550000002, 35.093552800000005]}, "properties": {"kind": "cairn"}}, {"type": "Feature", "geometry": {"type": "Point", "coordinates": [129.003592, 35.0969129]}, "properties": {"kind": "cairn"}}, {"type": "Feature", "geometry": {"type": "Point", "coordinates": [129.00395360000002, 35.095621]}, "properties": {"kind": "cairn"}}, {"type": "Feature", "geometry": {"type": "Point", "coordinates": [129.1043825, 35.1226882]}, "properties": {"kind": "mast"}}, {"type": "Feature", "geometry": {"type": "Point", "coordinates": [129.1047111, 35.1230831]}, "properties": {"kind": "mast"}}, {"type": "Feature", "geometry": {"type": "Point", "coordinates": [129.1299239, 35.153201]}, "properties": {"kind": "lighthouse"}}, {"type": "Feature", "geometry": {"type": "Point", "coordinates": [129.027839, 35.115509700000004]}, "properties": {"kind": "flagpole"}}, {"type": "Feature", "geometry": {"type": "Point", "coordinates": [129.1014015355945, 35.07903924181201]}, "properties": {"kind": "breakwater"}}, {"type": "Feature", "geometry": {"type": "Point", "coordinates": [129.10934278039386, 35.08786298204506]}, "properties": {"kind": "breakwater"}}, {"type": "Feature", "geometry": {"type": "Point", "coordinates": [129.0965762564716, 35.103501967079204]}, "properties": {"kind": "harbour"}}, {"type": "Feature", "geometry": {"type": "Point", "coordinates": [129.07167276148698, 35.10580721958666]}, "properties": {"kind": "crane"}}, {"type": "Feature", "geometry": {"type": "Point", "coordinates": [129.082659643645, 35.1061721563038]}, "properties": {"kind": "pier"}}, {"type": "Feature", "geometry": {"type": "Point", "coordinates": [129.08260340008104, 35.10389872354532]}, "properties": {"kind": "crane"}}, {"type": "Feature", "geometry": {"type": "Point", "coordinates": [129.0946629956986, 35.10064725492276]}, "properties": {"kind": "crane"}}, {"type": "Feature", "geometry": {"type": "Point", "coordinates": [128.981953896054, 35.052465631298986]}, "properties": {"kind": "pier"}}, {"type": "Feature", "geometry": {"type": "Point", "coordinates": [129.00489245, 35.08497145]}, "properties": {"kind": "small_craft_facility"}}, {"type": "Feature", "geometry": {"type": "Point", "coordinates": [128.9788121925537, 35.05358082406223]}, "properties": {"kind": "pier"}}, {"type": "Feature", "geometry": {"type": "Point", "coordinates": [128.98111771338532, 35.053281224033334]}, "properties": {"kind": "dock"}}, {"type": "Feature", "geometry": {"type": "Point", "coordinates": [128.99398385, 35.07158115]}, "properties": {"kind": "small_craft_facility"}}, {"type": "Feature", "geometry": {"type": "Point", "coordinates": [128.978807, 35.053319450000004]}, "properties": {"kind": "pier"}}, {"type": "Feature", "geometry": {"type": "Point", "coordinates": [128.99393425, 35.072023349999995]}, "properties": {"kind": "small_craft_facility"}}, {"type": "Feature", "geometry": {"type": "Point", "coordinates": [128.955435153415, 35.06162909976132]}, "properties": {"kind": "pier"}}, {"type": "Feature", "geometry": {"type": "Point", "coordinates": [128.98179295177013, 35.05224683282401]}, "properties": {"kind": "pier"}}, {"type": "Feature", "geometry": {"type": "Point", "coordinates": [128.9758262, 35.056206]}, "properties": {"kind": "small_craft_facility"}}, {"type": "Feature", "geometry": {"type": "Point", "coordinates": [128.98082870000002, 35.0528367]}, "properties": {"kind": "pier"}}, {"type": "Feature", "geometry": {"type": "Point", "coordinates": [129.0011801460605, 35.052251304886816]}, "properties": {"kind": "dock"}}, {"type": "Feature", "geometry": {"type": "Point", "coordinates": [128.97127697508486, 35.047832348207315]}, "properties": {"kind": "pier"}}, {"type": "Feature", "geometry": {"type": "Point", "coordinates": [128.9978997, 35.0565352]}, "properties": {"kind": "small_craft_facility"}}, {"type": "Feature", "geometry": {"type": "Point", "coordinates": [128.99798585000002, 35.0563297]}, "properties": {"kind": "small_craft_facility"}}, {"type": "Feature", "geometry": {"type": "Point", "coordinates": [128.9934073, 35.07236810000001]}, "properties": {"kind": "small_craft_facility"}}, {"type": "Feature", "geometry": {"type": "Point", "coordinates": [128.97624869999999, 35.05570255]}, "properties": {"kind": "small_craft_facility"}}, {"type": "Feature", "geometry": {"type": "Point", "coordinates": [129.1599566, 35.192098]}, "properties": {"kind": "stream"}}, {"type": "Feature", "geometry": {"type": "Point", "coordinates": [129.05443601271412, 35.084057116687006]}, "properties": {"kind": "tower"}}, {"type": "Feature", "geometry": {"type": "Point", "coordinates": [129.0547116296473, 35.08541050162001]}, "properties": {"kind": "tower"}}, {"type": "Feature", "geometry": {"type": "Point", "coordinates": [128.9997637, 35.11874845]}, "properties": {"kind": "monitoring_station"}}, {"type": "Feature", "geometry": {"type": "Point", "coordinates": [129.07509811965954, 35.08565049699962]}, "properties": {"kind": "storage_tank"}}, {"type": "Feature", "geometry": {"type": "Point", "coordinates": [129.07474397996992, 35.0856598794895]}, "properties": {"kind": "storage_tank"}}, {"type": "Feature", "geometry": {"type": "Point", "coordinates": [129.07371681240042, 35.08590622790274]}, "properties": {"kind": "storage_tank"}}, {"type": "Feature", "geometry": {"type": "Point", "coordinates": [129.07379080630577, 35.085946220944436]}, "properties": {"kind": "storage_tank"}}, {"type": "Feature", "geometry": {"type": "Point", "coordinates": [129.07283930055294, 35.08664093543768]}, "properties": {"kind": "storage_tank"}}, {"type": "Feature", "geometry": {"type": "Point", "coordinates": [129.0728939796542, 35.086560157775736]}, "properties": {"kind": "storage_tank"}}, {"type": "Feature", "geometry": {"type": "Point", "coordinates": [129.0726859614478, 35.08684225542489]}, "properties": {"kind": "storage_tank"}}, {"type": "Feature", "geometry": {"type": "Point", "coordinates": [129.07273706965006, 35.08677903997403]}, "properties": {"kind": "storage_tank"}}, {"type": "Feature", "geometry": {"type": "Point", "coordinates": [129.07278937079892, 35.08670704413622]}, "properties": {"kind": "storage_tank"}}, {"type": "Feature", "geometry": {"type": "Point", "coordinates": [129.073638019675, 35.085878441530696]}, "properties": {"kind": "storage_tank"}}, {"type": "Feature", "geometry": {"type": "Point", "coordinates": [129.07475805938037, 35.08547392407868]}, "properties": {"kind": "storage_tank"}}, {"type": "Feature", "geometry": {"type": "Point", "coordinates": [129.07500644938187, 35.085460769495164]}, "properties": {"kind": "storage_tank"}}, {"type": "Feature", "geometry": {"type": "Point", "coordinates": [129.07361863473326, 35.08597304014827]}, "properties": {"kind": "storage_tank"}}, {"type": "Feature", "geometry": {"type": "Point", "coordinates": [129.07493515152825, 35.08552148514713]}, "properties": {"kind": "storage_tank"}}, {"type": "Feature", "geometry": {"type": "Point", "coordinates": [129.07515146097228, 35.08554763670725]}, "properties": {"kind": "storage_tank"}}, {"type": "Feature", "geometry": {"type": "Point", "coordinates": [129.07467407227853, 35.08537418614218]}, "properties": {"kind": "storage_tank"}}, {"type": "Feature", "geometry": {"type": "Point", "coordinates": [129.0750565228793, 35.08553231385876]}, "properties": {"kind": "storage_tank"}}, {"type": "Feature", "geometry": {"type": "Point", "coordinates": [129.0746533574117, 35.08547205039724]}, "properties": {"kind": "storage_tank"}}, {"type": "Feature", "geometry": {"type": "Point", "coordinates": [129.07483625911735, 35.085498412482806]}, "properties": {"kind": "storage_tank"}}, {"type": "Feature", "geometry": {"type": "Point", "coordinates": [129.07465223078304, 35.0855784063371]}, "properties": {"kind": "storage_tank"}}, {"type": "Feature", "geometry": {"type": "Point", "coordinates": [129.07371562316436, 35.08600975740081]}, "properties": {"kind": "storage_tank"}}, {"type": "Feature", "geometry": {"type": "Point", "coordinates": [129.07499151845164, 35.085588767789915]}, "properties": {"kind": "storage_tank"}}, {"type": "Feature", "geometry": {"type": "Point", "coordinates": [129.11503094262338, 35.18519400365669]}, "properties": {"kind": "storage_tank"}}, {"type": "Feature", "geometry": {"type": "Point", "coordinates": [129.11503302666608, 35.18496593709919]}, "properties": {"kind": "storage_tank"}}, {"type": "Feature", "geometry": {"type": "Point", "coordinates": [129.1150309471104, 35.18542193886536]}, "properties": {"kind": "storage_tank"}}, {"type": "Feature", "geometry": {"type": "Point", "coordinates": [129.11475628367765, 35.18539067186447]}, "properties": {"kind": "storage_tank"}}, {"type": "Feature", "geometry": {"type": "Point", "coordinates": [129.09199626184719, 35.05235578265682]}, "properties": {"kind": "light_major"}}, {"type": "Feature", "geometry": {"type": "Point", "coordinates": [129.08219659999997, 35.0727698]}, "properties": {"kind": "canal"}}, {"type": "Feature", "geometry": {"type": "Point", "coordinates": [129.10469218534976, 35.16387592125575]}, "properties": {"kind": "drain"}}, {"type": "Feature", "geometry": {"type": "Point", "coordinates": [129.10305454121203, 35.163822278303385]}, "properties": {"kind": "drain"}}, {"type": "Feature", "geometry": {"type": "Point", "coordinates": [129.10823842957143, 35.16081522658088]}, "properties": {"kind": "embankment"}}, {"type": "Feature", "geometry": {"type": "Point", "coordinates": [128.93104485, 35.18675865]}, "properties": {"kind": "drain"}}, {"type": "Feature", "geometry": {"type": "Point", "coordinates": [128.9394247284928, 35.20401171191493]}, "properties": {"kind": "canal"}}, {"type": "Feature", "geometry": {"type": "Point", "coordinates": [128.9234659276259, 35.1491349306591]}, "properties": {"kind": "river"}}, {"type": "Feature", "geometry": {"type": "Point", "coordinates": [128.97741823113643, 35.20828172601638]}, "properties": {"kind": "canal"}}, {"type": "Feature", "geometry": {"type": "Point", "coordinates": [128.93736297662028, 35.16113112352799]}, "properties": {"kind": "ditch"}}, {"type": "Feature", "geometry": {"type": "Point", "coordinates": [128.94191701846228, 35.162885648348876]}, "properties": {"kind": "ditch"}}, {"type": "Feature", "geometry": {"type": "Point", "coordinates": [128.94156895, 35.16230445]}, "properties": {"kind": "ditch"}}, {"type": "Feature", "geometry": {"type": "Point", "coordinates": [129.10542558646617, 35.13169312327313]}, "properties": {"kind": "monitoring_station"}}, {"type": "Feature", "geometry": {"type": "Point", "coordinates": [129.1525797239403, 35.15215501282726]}, "properties": {"kind": "lighthouse"}}, {"type": "Feature", "geometry": {"type": "Point", "coordinates": [129.12838011408732, 35.14568272562303]}, "properties": {"kind": "bridge"}}, {"type": "Feature", "geometry": {"type": "Point", "coordinates": [129.1314892017632, 35.1489180652557]}, "properties": {"kind": "bridge"}}, {"type": "Feature", "geometry": {"type": "Point", "coordinates": [129.12527799848715, 35.142454634744524]}, "properties": {"kind": "bridge"}}, {"type": "Feature", "geometry": {"type": "Point", "coordinates": [128.94573370855645, 35.17877896356766]}, "properties": {"kind": "drain"}}, {"type": "Feature", "geometry": {"type": "Point", "coordinates": [128.9447473, 35.173109249999996]}, "properties": {"kind": "drain"}}, {"type": "Feature", "geometry": {"type": "Point", "coordinates": [128.94770880965999, 35.16265069805092]}, "properties": {"kind": "drain"}}, {"type": "Feature", "geometry": {"type": "Point", "coordinates": [128.9242430425438, 35.21839538467146]}, "properties": {"kind": "canal"}}, {"type": "Feature", "geometry": {"type": "Point", "coordinates": [129.1200163422966, 35.18891916835861]}, "properties": {"kind": "bridge"}}, {"type": "Feature", "geometry": {"type": "Point", "coordinates": [129.12298712413298, 35.18108807278941]}, "properties": {"kind": "embankment"}}, {"type": "Feature", "geometry": {"type": "Point", "coordinates": [129.12227903120177, 35.182198299469384]}, "properties": {"kind": "embankment"}}, {"type": "Feature", "geometry": {"type": "Point", "coordinates": [129.11741135584353, 35.193200105745646]}, "properties": {"kind": "bridge"}}, {"type": "Feature", "geometry": {"type": "Point", "coordinates": [129.11792573194543, 35.19305802598036]}, "properties": {"kind": "embankment"}}, {"type": "Feature", "geometry": {"type": "Point", "coordinates": [129.11951327126212, 35.19170794424305]}, "properties": {"kind": "embankment"}}, {"type": "Feature", "geometry": {"type": "Point", "coordinates": [129.1182554, 35.192781350000004]}, "properties": {"kind": "embankment"}}, {"type": "Feature", "geometry": {"type": "Point", "coordinates": [128.92824670946902, 35.131299796615004]}, "properties": {"kind": "ditch"}}, {"type": "Feature", "geometry": {"type": "Point", "coordinates": [128.9349853461192, 35.16429207648358]}, "properties": {"kind": "ditch"}}, {"type": "Feature", "geometry": {"type": "Point", "coordinates": [128.92878218950014, 35.145022477935086]}, "properties": {"kind": "ditch"}}, {"type": "Feature", "geometry": {"type": "Point", "coordinates": [128.93717021995676, 35.153450193268036]}, "properties": {"kind": "ditch"}}, {"type": "Feature", "geometry": {"type": "Point", "coordinates": [128.93142750801334, 35.146747769012926]}, "properties": {"kind": "ditch"}}, {"type": "Feature", "geometry": {"type": "Point", "coordinates": [128.9367599, 35.158580900000004]}, "properties": {"kind": "ditch"}}, {"type": "Feature", "geometry": {"type": "Point", "coordinates": [128.95089515814112, 35.15634025079633]}, "properties": {"kind": "drain"}}, {"type": "Feature", "geometry": {"type": "Point", "coordinates": [128.9509271, 35.1554429]}, "properties": {"kind": "drain"}}, {"type": "Feature", "geometry": {"type": "Point", "coordinates": [128.95104375, 35.15428245]}, "properties": {"kind": "drain"}}, {"type": "Feature", "geometry": {"type": "Point", "coordinates": [128.95098309999997, 35.1547327]}, "properties": {"kind": "drain"}}, {"type": "Feature", "geometry": {"type": "Point", "coordinates": [128.9566749, 35.159672900000004]}, "properties": {"kind": "drain"}}, {"type": "Feature", "geometry": {"type": "Point", "coordinates": [128.95685226848437, 35.15978204590553]}, "properties": {"kind": "drain"}}, {"type": "Feature", "geometry": {"type": "Point", "coordinates": [128.953532, 35.15571085]}, "properties": {"kind": "drain"}}, {"type": "Feature", "geometry": {"type": "Point", "coordinates": [128.95246036406272, 35.154870233473765]}, "properties": {"kind": "drain"}}, {"type": "Feature", "geometry": {"type": "Point", "coordinates": [128.95513825, 35.155415000000005]}, "properties": {"kind": "drain"}}, {"type": "Feature", "geometry": {"type": "Point", "coordinates": [128.954268, 35.15346445]}, "properties": {"kind": "drain"}}, {"type": "Feature", "geometry": {"type": "Point", "coordinates": [128.9277589074009, 35.16390197175645]}, "properties": {"kind": "drain"}}, {"type": "Feature", "geometry": {"type": "Point", "coordinates": [128.9260679215708, 35.16694622636689]}, "properties": {"kind": "drain"}}, {"type": "Feature", "geometry": {"type": "Point", "coordinates": [128.94314839928376, 35.11512157394584]}, "properties": {"kind": "drain"}}, {"type": "Feature", "geometry": {"type": "Point", "coordinates": [128.94104182901717, 35.13065058095475]}, "properties": {"kind": "drain"}}, {"type": "Feature", "geometry": {"type": "Point", "coordinates": [128.97559665346952, 35.19656276145337]}, "properties": {"kind": "pipeline"}}, {"type": "Feature", "geometry": {"type": "Point", "coordinates": [128.95724538640596, 35.17041529478134]}, "properties": {"kind": "wastewater_plant"}}, {"type": "Feature", "geometry": {"type": "Point", "coordinates": [128.975890730165, 35.1781913686848]}, "properties": {"kind": "ditch"}}, {"type": "Feature", "geometry": {"type": "Point", "coordinates": [128.96751209313933, 35.15819827544089]}, "properties": {"kind": "river"}}, {"type": "Feature", "geometry": {"type": "Point", "coordinates": [128.97629546395643, 35.163017521858634]}, "properties": {"kind": "drain"}}, {"type": "Feature", "geometry": {"type": "Point", "coordinates": [128.96821732702875, 35.16897256047548]}, "properties": {"kind": "pier"}}, {"type": "Feature", "geometry": {"type": "Point", "coordinates": [128.96982104995632, 35.1643313424795]}, "properties": {"kind": "drain"}}, {"type": "Feature", "geometry": {"type": "Point", "coordinates": [128.95446915000002, 35.15283805]}, "properties": {"kind": "drain"}}, {"type": "Feature", "geometry": {"type": "Point", "coordinates": [128.95687577830404, 35.15230317561115]}, "properties": {"kind": "drain"}}, {"type": "Feature", "geometry": {"type": "Point", "coordinates": [128.95492754999998, 35.15410695]}, "properties": {"kind": "drain"}}, {"type": "Feature", "geometry": {"type": "Point", "coordinates": [128.95835153741515, 35.15233318755341]}, "properties": {"kind": "drain"}}, {"type": "Feature", "geometry": {"type": "Point", "coordinates": [128.95233172606493, 35.136878762248934]}, "properties": {"kind": "drain"}}, {"type": "Feature", "geometry": {"type": "Point", "coordinates": [128.95599345, 35.15769015]}, "properties": {"kind": "drain"}}, {"type": "Feature", "geometry": {"type": "Point", "coordinates": [128.95556855, 35.156539800000004]}, "properties": {"kind": "drain"}}, {"type": "Feature", "geometry": {"type": "Point", "coordinates": [129.07453506275863, 35.11919891328843]}, "properties": {"kind": "pier"}}, {"type": "Feature", "geometry": {"type": "Point", "coordinates": [128.93409698506642, 35.21524409537259]}, "properties": {"kind": "ditch"}}, {"type": "Feature", "geometry": {"type": "Point", "coordinates": [128.94954236597803, 35.21792281064555]}, "properties": {"kind": "ditch"}}, {"type": "Feature", "geometry": {"type": "Point", "coordinates": [128.94112854999997, 35.218197849999996]}, "properties": {"kind": "ditch"}}, {"type": "Feature", "geometry": {"type": "Point", "coordinates": [128.9253538098547, 35.217153133773834]}, "properties": {"kind": "river"}}, {"type": "Feature", "geometry": {"type": "Point", "coordinates": [128.94327025, 35.21908205]}, "properties": {"kind": "ditch"}}, {"type": "Feature", "geometry": {"type": "Point", "coordinates": [128.97016959700358, 35.21730314000708]}, "properties": {"kind": "ditch"}}, {"type": "Feature", "geometry": {"type": "Point", "coordinates": [128.977200720467, 35.215265989337]}, "properties": {"kind": "ditch"}}, {"type": "Feature", "geometry": {"type": "Point", "coordinates": [128.9341744173499, 35.13622074239037]}, "properties": {"kind": "river"}}, {"type": "Feature", "geometry": {"type": "Point", "coordinates": [128.9290447394718, 35.1138293765615]}, "properties": {"kind": "river"}}, {"type": "Feature", "geometry": {"type": "Point", "coordinates": [128.94346304512248, 35.14189547282269]}, "properties": {"kind": "ditch"}}, {"type": "Feature", "geometry": {"type": "Point", "coordinates": [128.92738483396292, 35.115309196497954]}, "properties": {"kind": "stream"}}, {"type": "Feature", "geometry": {"type": "Point", "coordinates": [129.07843810258436, 35.088047971531154]}, "properties": {"kind": "pier"}}, {"type": "Feature", "geometry": {"type": "Point", "coordinates": [129.08222784247133, 35.08345162820999]}, "properties": {"kind": "pier"}}, {"type": "Feature", "geometry": {"type": "Point", "coordinates": [129.07551372709398, 35.07628047935901]}, "properties": {"kind": "canal"}}, {"type": "Feature", "geometry": {"type": "Point", "coordinates": [129.0791691188378, 35.071756560982344]}, "properties": {"kind": "canal"}}, {"type": "Feature", "geometry": {"type": "Point", "coordinates": [129.122440990578, 35.18454838122688]}, "properties": {"kind": "river"}}, {"type": "Feature", "geometry": {"type": "Point", "coordinates": [129.12341759045478, 35.10359150542151]}, "properties": {"kind": "pier"}}, {"type": "Feature", "geometry": {"type": "Point", "coordinates": [129.12329492226723, 35.10334672984618]}, "properties": {"kind": "pier"}}, {"type": "Feature", "geometry": {"type": "Point", "coordinates": [129.12336535, 35.1032989]}, "properties": {"kind": "pier"}}, {"type": "Feature", "geometry": {"type": "Point", "coordinates": [129.08146798285426, 35.17647815307365]}, "properties": {"kind": "stream"}}, {"type": "Feature", "geometry": {"type": "Point", "coordinates": [128.92933930069196, 35.198910790041886]}, "properties": {"kind": "ditch"}}, {"type": "Feature", "geometry": {"type": "Point", "coordinates": [129.11570733213176, 35.126473096813356]}, "properties": {"kind": "wastewater_plant"}}, {"type": "Feature", "geometry": {"type": "Point", "coordinates": [129.1001567, 35.129370800000004]}, "properties": {"kind": "stream"}}, {"type": "Feature", "geometry": {"type": "Point", "coordinates": [129.10269978413413, 35.129139716665]}, "properties": {"kind": "stream"}}, {"type": "Feature", "geometry": {"type": "Point", "coordinates": [129.10503851830242, 35.12898892263516]}, "properties": {"kind": "stream"}}, {"type": "Feature", "geometry": {"type": "Point", "coordinates": [129.10345571586546, 35.12901088265496]}, "properties": {"kind": "bridge"}}, {"type": "Feature", "geometry": {"type": "Point", "coordinates": [129.0820100752735, 35.19024939560099]}, "properties": {"kind": "stream"}}, {"type": "Feature", "geometry": {"type": "Point", "coordinates": [129.11028317878444, 35.13409444156084]}, "properties": {"kind": "stream"}}, {"type": "Feature", "geometry": {"type": "Point", "coordinates": [129.11184661894262, 35.13525709898416]}, "properties": {"kind": "bridge"}}, {"type": "Feature", "geometry": {"type": "Point", "coordinates": [129.05483187312288, 35.07195392900217]}, "properties": {"kind": "bridge"}}, {"type": "Feature", "geometry": {"type": "Point", "coordinates": [129.15575297737044, 35.158347357871236]}, "properties": {"kind": "stream"}}, {"type": "Feature", "geometry": {"type": "Point", "coordinates": [129.15219281224898, 35.157327796771014]}, "properties": {"kind": "stream"}}, {"type": "Feature", "geometry": {"type": "Point", "coordinates": [129.01846891473656, 35.11621969050139]}, "properties": {"kind": "stream"}}, {"type": "Feature", "geometry": {"type": "Point", "coordinates": [129.02530134992236, 35.166166456848345]}, "properties": {"kind": "bridge"}}, {"type": "Feature", "geometry": {"type": "Point", "coordinates": [129.0253375, 35.1654379]}, "properties": {"kind": "bridge"}}, {"type": "Feature", "geometry": {"type": "Point", "coordinates": [129.02568476621067, 35.165949234709544]}, "properties": {"kind": "bridge"}}, {"type": "Feature", "geometry": {"type": "Point", "coordinates": [129.08338197573406, 35.21649387226472]}, "properties": {"kind": "river"}}, {"type": "Feature", "geometry": {"type": "Point", "coordinates": [129.12683406874487, 35.09131865489815]}, "properties": {"kind": "lighthouse"}}, {"type": "Feature", "geometry": {"type": "Point", "coordinates": [129.0509494401689, 35.16976761999558]}, "properties": {"kind": "river"}}, {"type": "Feature", "geometry": {"type": "Point", "coordinates": [129.05351666001346, 35.16732591931803]}, "properties": {"kind": "river"}}, {"type": "Feature", "geometry": {"type": "Point", "coordinates": [128.9822139208336, 35.18275742513842]}, "properties": {"kind": "stream"}}, {"type": "Feature", "geometry": {"type": "Point", "coordinates": [128.98278495, 35.2113704]}, "properties": {"kind": "drain"}}, {"type": "Feature", "geometry": {"type": "Point", "coordinates": [128.97239226757938, 35.21306989961827]}, "properties": {"kind": "ditch"}}, {"type": "Feature", "geometry": {"type": "Point", "coordinates": [128.98895097359951, 35.20802297562463]}, "properties": {"kind": "stream"}}, {"type": "Feature", "geometry": {"type": "Point", "coordinates": [128.98846330956988, 35.21352467846596]}, "properties": {"kind": "stream"}}, {"type": "Feature", "geometry": {"type": "Point", "coordinates": [128.990097501923, 35.21578531411774]}, "properties": {"kind": "stream"}}, {"type": "Feature", "geometry": {"type": "Point", "coordinates": [128.99004287363425, 35.21454770357315]}, "properties": {"kind": "stream"}}, {"type": "Feature", "geometry": {"type": "Point", "coordinates": [128.98840542740905, 35.21199440907831]}, "properties": {"kind": "stream"}}, {"type": "Feature", "geometry": {"type": "Point", "coordinates": [128.98839141269065, 35.21279820081712]}, "properties": {"kind": "stream"}}, {"type": "Feature", "geometry": {"type": "Point", "coordinates": [128.99000136895103, 35.21114748935637]}, "properties": {"kind": "stream"}}, {"type": "Feature", "geometry": {"type": "Point", "coordinates": [128.99043413242416, 35.212639762639895]}, "properties": {"kind": "stream"}}, {"type": "Feature", "geometry": {"type": "Point", "coordinates": [128.9903207, 35.211863050000005]}, "properties": {"kind": "stream"}}, {"type": "Feature", "geometry": {"type": "Point", "coordinates": [128.98761019242727, 35.211402171226375]}, "properties": {"kind": "stream"}}, {"type": "Feature", "geometry": {"type": "Point", "coordinates": [128.98665766122133, 35.21071933444158]}, "properties": {"kind": "stream"}}, {"type": "Feature", "geometry": {"type": "Point", "coordinates": [128.9665426556477, 35.200487442286224]}, "properties": {"kind": "stream"}}, {"type": "Feature", "geometry": {"type": "Point", "coordinates": [128.9691936277422, 35.20837420852256]}, "properties": {"kind": "drain"}}, {"type": "Feature", "geometry": {"type": "Point", "coordinates": [128.98074835, 35.21213195]}, "properties": {"kind": "drain"}}, {"type": "Feature", "geometry": {"type": "Point", "coordinates": [128.98693891378363, 35.20633233227438]}, "properties": {"kind": "stream"}}, {"type": "Feature", "geometry": {"type": "Point", "coordinates": [128.98404222734825, 35.20755345281439]}, "properties": {"kind": "stream"}}, {"type": "Feature", "geometry": {"type": "Point", "coordinates": [128.98698538786888, 35.20778345111692]}, "properties": {"kind": "stream"}}, {"type": "Feature", "geometry": {"type": "Point", "coordinates": [128.9856312, 35.208141049999995]}, "properties": {"kind": "stream"}}, {"type": "Feature", "geometry": {"type": "Point", "coordinates": [128.98746889969868, 35.208148549558885]}, "properties": {"kind": "stream"}}, {"type": "Feature", "geometry": {"type": "Point", "coordinates": [128.98668061427225, 35.207760436247256]}, "properties": {"kind": "stream"}}, {"type": "Feature", "geometry": {"type": "Point", "coordinates": [128.98735764961083, 35.20719675060806]}, "properties": {"kind": "stream"}}, {"type": "Feature", "geometry": {"type": "Point", "coordinates": [128.98536042392044, 35.20636849926439]}, "properties": {"kind": "stream"}}, {"type": "Feature", "geometry": {"type": "Point", "coordinates": [128.98281494999998, 35.20786785]}, "properties": {"kind": "stream"}}, {"type": "Feature", "geometry": {"type": "Point", "coordinates": [128.9775114097966, 35.20487376831573]}, "properties": {"kind": "stream"}}, {"type": "Feature", "geometry": {"type": "Point", "coordinates": [128.97410222745873, 35.202694503693614]}, "properties": {"kind": "stream"}}, {"type": "Feature", "geometry": {"type": "Point", "coordinates": [128.9807462587114, 35.20602034071725]}, "properties": {"kind": "stream"}}, {"type": "Feature", "geometry": {"type": "Point", "coordinates": [128.98203340094884, 35.20691068160069]}, "properties": {"kind": "stream"}}, {"type": "Feature", "geometry": {"type": "Point", "coordinates": [128.98447411876248, 35.20767443461338]}, "properties": {"kind": "stream"}}, {"type": "Feature", "geometry": {"type": "Point", "coordinates": [128.9804508350396, 35.20428058919095]}, "properties": {"kind": "stream"}}, {"type": "Feature", "geometry": {"type": "Point", "coordinates": [128.98171212017252, 35.204946341985476]}, "properties": {"kind": "stream"}}, {"type": "Feature", "geometry": {"type": "Point", "coordinates": [128.98534866608833, 35.20401737832449]}, "properties": {"kind": "stream"}}, {"type": "Feature", "geometry": {"type": "Point", "coordinates": [128.98528164535568, 35.20416871621898]}, "properties": {"kind": "stream"}}, {"type": "Feature", "geometry": {"type": "Point", "coordinates": [128.98305144645235, 35.21790463331571]}, "properties": {"kind": "stream"}}, {"type": "Feature", "geometry": {"type": "Point", "coordinates": [128.98198010541245, 35.218147492372715]}, "properties": {"kind": "stream"}}, {"type": "Feature", "geometry": {"type": "Point", "coordinates": [128.98207314402327, 35.21729476865096]}, "properties": {"kind": "stream"}}, {"type": "Feature", "geometry": {"type": "Point", "coordinates": [128.98242701916647, 35.21652343843503]}, "properties": {"kind": "stream"}}, {"type": "Feature", "geometry": {"type": "Point", "coordinates": [128.98056739999998, 35.21863665]}, "properties": {"kind": "stream"}}, {"type": "Feature", "geometry": {"type": "Point", "coordinates": [128.97107805, 35.21966505]}, "properties": {"kind": "stream"}}, {"type": "Feature", "geometry": {"type": "Point", "coordinates": [128.97060219999997, 35.2195998]}, "properties": {"kind": "stream"}}, {"type": "Feature", "geometry": {"type": "Point", "coordinates": [129.03222962188534, 35.10129327871655]}, "properties": {"kind": "tower"}}, {"type": "Feature", "geometry": {"type": "Point", "coordinates": [129.10432637894044, 35.12882879799227]}, "properties": {"kind": "stream"}}, {"type": "Feature", "geometry": {"type": "Point", "coordinates": [129.10129815, 35.129338950000005]}, "properties": {"kind": "stream"}}, {"type": "Feature", "geometry": {"type": "Point", "coordinates": [129.10728580713896, 35.130874878223835]}, "properties": {"kind": "stream"}}, {"type": "Feature", "geometry": {"type": "Point", "coordinates": [129.11469874149498, 35.1278439992502]}, "properties": {"kind": "bridge"}}, {"type": "Feature", "geometry": {"type": "Point", "coordinates": [129.11480999439598, 35.127758060271404]}, "properties": {"kind": "stream"}}, {"type": "Feature", "geometry": {"type": "Point", "coordinates": [129.12813689633646, 35.15270432401322]}, "properties": {"kind": "breakwater"}}, {"type": "Feature", "geometry": {"type": "Point", "coordinates": [129.1306608781904, 35.15354985715109]}, "properties": {"kind": "breakwater"}}, {"type": "Feature", "geometry": {"type": "Point", "coordinates": [129.13080874712426, 35.16134293410625]}, "properties": {"kind": "breakwater"}}, {"type": "Feature", "geometry": {"type": "Point", "coordinates": [129.11687092054126, 35.14141073854041]}, "properties": {"kind": "breakwater"}}, {"type": "Feature", "geometry": {"type": "Point", "coordinates": [129.1109888236083, 35.135119763714165]}, "properties": {"kind": "breakwater"}}, {"type": "Feature", "geometry": {"type": "Point", "coordinates": [129.11308756809777, 35.13634935382909]}, "properties": {"kind": "breakwater"}}, {"type": "Feature", "geometry": {"type": "Point", "coordinates": [129.0389745917889, 35.098819740693145]}, "properties": {"kind": "yes"}}, {"type": "Feature", "geometry": {"type": "Point", "coordinates": [128.96120786613972, 35.1299716721709]}, "properties": {"kind": "stream"}}, {"type": "Feature", "geometry": {"type": "Point", "coordinates": [128.96622816544314, 35.1294868119616]}, "properties": {"kind": "stream"}}, {"type": "Feature", "geometry": {"type": "Point", "coordinates": [128.98955428074655, 35.14195882121269]}, "properties": {"kind": "stream"}}, {"type": "Feature", "geometry": {"type": "Point", "coordinates": [128.9695184807995, 35.12927418873904]}, "properties": {"kind": "stream"}}, {"type": "Feature", "geometry": {"type": "Point", "coordinates": [129.03645505, 35.0955739]}, "properties": {"kind": "bridge"}}, {"type": "Feature", "geometry": {"type": "Point", "coordinates": [129.03876646245087, 35.096227788236774]}, "properties": {"kind": "bridge"}}, {"type": "Feature", "geometry": {"type": "Point", "coordinates": [129.03190712193984, 35.08029208239771]}, "properties": {"kind": "bridge"}}, {"type": "Feature", "geometry": {"type": "Point", "coordinates": [129.06486042590598, 35.105712993834686]}, "properties": {"kind": "bridge"}}, {"type": "Feature", "geometry": {"type": "Point", "coordinates": [129.0582084504381, 35.141322345335404]}, "properties": {"kind": "bridge"}}, {"type": "Feature", "geometry": {"type": "Point", "coordinates": [129.0238615937819, 35.07562458723391]}, "properties": {"kind": "breakwater"}}, {"type": "Feature", "geometry": {"type": "Point", "coordinates": [129.0225988120384, 35.07585198522251]}, "properties": {"kind": "bridge"}}, {"type": "Feature", "geometry": {"type": "Point", "coordinates": [129.02308610051352, 35.07521581827623]}, "properties": {"kind": "bridge"}}, {"type": "Feature", "geometry": {"type": "Point", "coordinates": [129.0215026903925, 35.076326377940866]}, "properties": {"kind": "bridge"}}, {"type": "Feature", "geometry": {"type": "Point", "coordinates": [128.97123593159233, 35.09773913283859]}, "properties": {"kind": "tower"}}, {"type": "Feature", "geometry": {"type": "Point", "coordinates": [128.94805423947898, 35.11396552690135]}, "properties": {"kind": "yes"}}, {"type": "Feature", "geometry": {"type": "Point", "coordinates": [128.9484105495438, 35.10882145417492]}, "properties": {"kind": "tower"}}, {"type": "Feature", "geometry": {"type": "Point", "coordinates": [128.95694614332012, 35.104645648634495]}, "properties": {"kind": "boatyard"}}, {"type": "Feature", "geometry": {"type": "Point", "coordinates": [128.9492137505199, 35.10909162765417]}, "properties": {"kind": "boatyard"}}, {"type": "Feature", "geometry": {"type": "Point", "coordinates": [128.94080935755355, 35.09123078017615]}, "properties": {"kind": "stream"}}, {"type": "Feature", "geometry": {"type": "Point", "coordinates": [128.94006385, 35.099665349999995]}, "properties": {"kind": "stream"}}, {"type": "Feature", "geometry": {"type": "Point", "coordinates": [128.94077471848263, 35.09717022565281]}, "properties": {"kind": "stream"}}, {"type": "Feature", "geometry": {"type": "Point", "coordinates": [128.94167035599585, 35.10018923112866]}, "properties": {"kind": "stream"}}, {"type": "Feature", "geometry": {"type": "Point", "coordinates": [128.9466797710661, 35.09902952961406]}, "properties": {"kind": "stream"}}, {"type": "Feature", "geometry": {"type": "Point", "coordinates": [128.9468017667688, 35.09934653192969]}, "properties": {"kind": "stream"}}, {"type": "Feature", "geometry": {"type": "Point", "coordinates": [128.93478932480735, 35.08687926927781]}, "properties": {"kind": "stream"}}, {"type": "Feature", "geometry": {"type": "Point", "coordinates": [128.93416550362596, 35.08650241468265]}, "properties": {"kind": "stream"}}, {"type": "Feature", "geometry": {"type": "Point", "coordinates": [128.93968749211552, 35.09044360990933]}, "properties": {"kind": "stream"}}, {"type": "Feature", "geometry": {"type": "Point", "coordinates": [128.9410411, 35.09849955]}, "properties": {"kind": "stream"}}, {"type": "Feature", "geometry": {"type": "Point", "coordinates": [128.94622850527495, 35.097975859948896]}, "properties": {"kind": "stream"}}, {"type": "Feature", "geometry": {"type": "Point", "coordinates": [128.94150615, 35.09734795]}, "properties": {"kind": "stream"}}, {"type": "Feature", "geometry": {"type": "Point", "coordinates": [128.94143331434884, 35.10248002788177]}, "properties": {"kind": "stream"}}, {"type": "Feature", "geometry": {"type": "Point", "coordinates": [129.05450114351245, 35.164785505821115]}, "properties": {"kind": "river"}}, {"type": "Feature", "geometry": {"type": "Point", "coordinates": [129.0230540914617, 35.10253003026541]}, "properties": {"kind": "stream"}}, {"type": "Feature", "geometry": {"type": "Point", "coordinates": [128.9697225, 35.212207500000005]}, "properties": {"kind": "drain"}}, {"type": "Feature", "geometry": {"type": "Point", "coordinates": [128.96988404835432, 35.21327343981804]}, "properties": {"kind": "drain"}}, {"type": "Feature", "geometry": {"type": "Point", "coordinates": [128.9692939, 35.21079829999999]}, "properties": {"kind": "drain"}}, {"type": "Feature", "geometry": {"type": "Point", "coordinates": [128.96949405, 35.2122786]}, "properties": {"kind": "drain"}}, {"type": "Feature", "geometry": {"type": "Point", "coordinates": [128.977152, 35.20964425]}, "properties": {"kind": "drain"}}, {"type": "Feature", "geometry": {"type": "Point", "coordinates": [128.9771157, 35.2113876]}, "properties": {"kind": "river"}}, {"type": "Feature", "geometry": {"type": "Point", "coordinates": [128.9696861, 35.2136989]}, "properties": {"kind": "ditch"}}, {"type": "Feature", "geometry": {"type": "Point", "coordinates": [128.96985189999998, 35.214925]}, "properties": {"kind": "ditch"}}, {"type": "Feature", "geometry": {"type": "Point", "coordinates": [128.97738099999998, 35.218902]}, "properties": {"kind": "ditch"}}, {"type": "Feature", "geometry": {"type": "Point", "coordinates": [128.97718509999999, 35.20813555]}, "properties": {"kind": "drain"}}, {"type": "Feature", "geometry": {"type": "Point", "coordinates": [128.9771834, 35.20821335]}, "properties": {"kind": "drain"}}, {"type": "Feature", "geometry": {"type": "Point", "coordinates": [128.9985363177758, 35.21583179717219]}, "properties": {"kind": "stream"}}, {"type": "Feature", "geometry": {"type": "Point", "coordinates": [128.97708198806146, 35.13706891680345]}, "properties": {"kind": "stream"}}, {"type": "Feature", "geometry": {"type": "Point", "coordinates": [128.98784715, 35.14305895]}, "properties": {"kind": "stream"}}, {"type": "Feature", "geometry": {"type": "Point", "coordinates": [129.01453779654895, 35.15191457301531]}, "properties": {"kind": "stream"}}, {"type": "Feature", "geometry": {"type": "Point", "coordinates": [129.011793121758, 35.151551092066576]}, "properties": {"kind": "stream"}}, {"type": "Feature", "geometry": {"type": "Point", "coordinates": [129.01044283323873, 35.15145634552783]}, "properties": {"kind": "stream"}}, {"type": "Feature", "geometry": {"type": "Point", "coordinates": [129.00951048765617, 35.15123294559503]}, "properties": {"kind": "stream"}}, {"type": "Feature", "geometry": {"type": "Point", "coordinates": [129.00769184976087, 35.151283454368766]}, "properties": {"kind": "stream"}}, {"type": "Feature", "geometry": {"type": "Point", "coordinates": [129.0030142741987, 35.14966122604183]}, "properties": {"kind": "stream"}}, {"type": "Feature", "geometry": {"type": "Point", "coordinates": [128.99434532093932, 35.1459887248503]}, "properties": {"kind": "stream"}}, {"type": "Feature", "geometry": {"type": "Point", "coordinates": [128.9850455152523, 35.11275441456984]}, "properties": {"kind": "stream"}}, {"type": "Feature", "geometry": {"type": "Point", "coordinates": [128.971573638265, 35.10507551239172]}, "properties": {"kind": "stream"}}, {"type": "Feature", "geometry": {"type": "Point", "coordinates": [129.11967575, 35.2147648]}, "properties": {"kind": "stream"}}, {"type": "Feature", "geometry": {"type": "Point", "coordinates": [129.12070854700792, 35.21526400026922]}, "properties": {"kind": "stream"}}, {"type": "Feature", "geometry": {"type": "Point", "coordinates": [129.1216880579412, 35.21588339116013]}, "properties": {"kind": "stream"}}, {"type": "Feature", "geometry": {"type": "Point", "coordinates": [129.1226779874917, 35.21656431976295]}, "properties": {"kind": "stream"}}, {"type": "Feature", "geometry": {"type": "Point", "coordinates": [128.98479785, 35.210761500000004]}, "properties": {"kind": "stream"}}, {"type": "Feature", "geometry": {"type": "Point", "coordinates": [128.98615685, 35.210087849999994]}, "properties": {"kind": "stream"}}, {"type": "Feature", "geometry": {"type": "Point", "coordinates": [128.9858589702216, 35.21030072088107]}, "properties": {"kind": "stream"}}, {"type": "Feature", "geometry": {"type": "Point", "coordinates": [129.1333072928784, 35.2182526271523]}, "properties": {"kind": "stream"}}, {"type": "Feature", "geometry": {"type": "Point", "coordinates": [129.08008892629746, 35.1997970884953]}, "properties": {"kind": "river"}}, {"type": "Feature", "geometry": {"type": "Point", "coordinates": [129.07851722426827, 35.20566285483972]}, "properties": {"kind": "river"}}, {"type": "Feature", "geometry": {"type": "Point", "coordinates": [128.9337542733869, 35.1959194843895]}, "properties": {"kind": "canal"}}, {"type": "Feature", "geometry": {"type": "Point", "coordinates": [128.9361902, 35.1972155]}, "properties": {"kind": "canal"}}, {"type": "Feature", "geometry": {"type": "Point", "coordinates": [128.9717637, 35.2197721]}, "properties": {"kind": "stream"}}, {"type": "Feature", "geometry": {"type": "Point", "coordinates": [128.97439955, 35.2060666]}, "properties": {"kind": "canal"}}, {"type": "Feature", "geometry": {"type": "Point", "coordinates": [128.9527967093862, 35.20025980579638]}, "properties": {"kind": "canal"}}, {"type": "Feature", "geometry": {"type": "Point", "coordinates": [128.9329573, 35.193355]}, "properties": {"kind": "canal"}}, {"type": "Feature", "geometry": {"type": "Point", "coordinates": [128.93310032280507, 35.19206637954928]}, "properties": {"kind": "canal"}}, {"type": "Feature", "geometry": {"type": "Point", "coordinates": [128.9319587, 35.18945155]}, "properties": {"kind": "canal"}}, {"type": "Feature", "geometry": {"type": "Point", "coordinates": [128.9327765, 35.1909288]}, "properties": {"kind": "canal"}}, {"type": "Feature", "geometry": {"type": "Point", "coordinates": [129.00425347527758, 35.20172450443984]}, "properties": {"kind": "stream"}}, {"type": "Feature", "geometry": {"type": "Point", "coordinates": [129.06580935, 35.13616925]}, "properties": {"kind": "river"}}, {"type": "Feature", "geometry": {"type": "Point", "coordinates": [129.07358723872215, 35.11179658953663]}, "properties": {"kind": "pier"}}, {"type": "Feature", "geometry": {"type": "Point", "coordinates": [129.06681586650268, 35.111387857134325]}, "properties": {"kind": "lighthouse"}}, {"type": "Feature", "geometry": {"type": "Point", "coordinates": [128.942439, 35.1785116]}, "properties": {"kind": "drain"}}, {"type": "Feature", "geometry": {"type": "Point", "coordinates": [128.94238805, 35.1788799]}, "properties": {"kind": "drain"}}, {"type": "Feature", "geometry": {"type": "Point", "coordinates": [128.94236925, 35.17903335]}, "properties": {"kind": "drain"}}, {"type": "Feature", "geometry": {"type": "Point", "coordinates": [128.9423317, 35.1793074]}, "properties": {"kind": "drain"}}, {"type": "Feature", "geometry": {"type": "Point", "coordinates": [128.94212514999998, 35.1808946]}, "properties": {"kind": "drain"}}, {"type": "Feature", "geometry": {"type": "Point", "coordinates": [128.9419052, 35.182589199999995]}, "properties": {"kind": "drain"}}, {"type": "Feature", "geometry": {"type": "Point", "coordinates": [128.9416665, 35.1844197]}, "properties": {"kind": "drain"}}, {"type": "Feature", "geometry": {"type": "Point", "coordinates": [128.94143585, 35.18619535]}, "properties": {"kind": "drain"}}, {"type": "Feature", "geometry": {"type": "Point", "coordinates": [128.94123735, 35.18772105]}, "properties": {"kind": "drain"}}, {"type": "Feature", "geometry": {"type": "Point", "coordinates": [128.94103884999998, 35.189253300000004]}, "properties": {"kind": "drain"}}, {"type": "Feature", "geometry": {"type": "Point", "coordinates": [128.9408833, 35.1904896]}, "properties": {"kind": "drain"}}, {"type": "Feature", "geometry": {"type": "Point", "coordinates": [128.9407304, 35.1917215]}, "properties": {"kind": "drain"}}, {"type": "Feature", "geometry": {"type": "Point", "coordinates": [128.94057750000002, 35.19293145]}, "properties": {"kind": "drain"}}, {"type": "Feature", "geometry": {"type": "Point", "coordinates": [128.9281739624226, 35.17849490488867]}, "properties": {"kind": "drain"}}, {"type": "Feature", "geometry": {"type": "Point", "coordinates": [128.9254332688581, 35.11028613608302]}, "properties": {"kind": "ditch"}}, {"type": "Feature", "geometry": {"type": "Point", "coordinates": [128.9237023, 35.11359865]}, "properties": {"kind": "ditch"}}, {"type": "Feature", "geometry": {"type": "Point", "coordinates": [128.92920101771912, 35.08653213612993]}, "properties": {"kind": "river"}}, {"type": "Feature", "geometry": {"type": "Point", "coordinates": [128.93022885657552, 35.1072869858752]}, "properties": {"kind": "river"}}, {"type": "Feature", "geometry": {"type": "Point", "coordinates": [128.99661215458744, 35.100499393468766]}, "properties": {"kind": "stream"}}, {"type": "Feature", "geometry": {"type": "Point", "coordinates": [128.9996771602594, 35.109820791690794]}, "properties": {"kind": "stream"}}, {"type": "Feature", "geometry": {"type": "Point", "coordinates": [129.05631862961707, 35.13424288039745]}, "properties": {"kind": "bridge"}}, {"type": "Feature", "geometry": {"type": "Point", "coordinates": [128.92978190116426, 35.10778917601634]}, "properties": {"kind": "water_works"}}, {"type": "Feature", "geometry": {"type": "Point", "coordinates": [128.92981735, 35.10775635]}, "properties": {"kind": "river"}}, {"type": "Feature", "geometry": {"type": "Point", "coordinates": [129.06302155, 35.14859165]}, "properties": {"kind": "river"}}, {"type": "Feature", "geometry": {"type": "Point", "coordinates": [129.06498164817657, 35.13876667736371]}, "properties": {"kind": "river"}}, {"type": "Feature", "geometry": {"type": "Point", "coordinates": [128.9234798, 35.11384535]}, "properties": {"kind": "ditch"}}, {"type": "Feature", "geometry": {"type": "Point", "coordinates": [128.9736195374195, 35.050246188297784]}, "properties": {"kind": "works"}}, {"type": "Feature", "geometry": {"type": "Point", "coordinates": [129.1411141089551, 35.175026584526194]}, "properties": {"kind": "stream"}}, {"type": "Feature", "geometry": {"type": "Point", "coordinates": [129.13961495042406, 35.1707214044943]}, "properties": {"kind": "stream"}}, {"type": "Feature", "geometry": {"type": "Point", "coordinates": [129.04228634965057, 35.18572948914782]}, "properties": {"kind": "dam"}}, {"type": "Feature", "geometry": {"type": "Point", "coordinates": [128.98405326365366, 35.09755148675226]}, "properties": {"kind": "stream"}}, {"type": "Feature", "geometry": {"type": "Point", "coordinates": [128.9714142239135, 35.1023124302374]}, "properties": {"kind": "stream"}}, {"type": "Feature", "geometry": {"type": "Point", "coordinates": [128.9890341485658, 35.09680930528452]}, "properties": {"kind": "stream"}}, {"type": "Feature", "geometry": {"type": "Point", "coordinates": [129.12581004623402, 35.16864470161422]}, "properties": {"kind": "pier"}}, {"type": "Feature", "geometry": {"type": "Point", "coordinates": [129.075242, 35.0890682]}, "properties": {"kind": "pier"}}, {"type": "Feature", "geometry": {"type": "Point", "coordinates": [129.0750916515482, 35.08927194097569]}, "properties": {"kind": "pier"}}, {"type": "Feature", "geometry": {"type": "Point", "coordinates": [129.07490364594113, 35.08944991544661]}, "properties": {"kind": "pier"}}, {"type": "Feature", "geometry": {"type": "Point", "coordinates": [129.06606692876488, 35.1270181894745]}, "properties": {"kind": "pier"}}, {"type": "Feature", "geometry": {"type": "Point", "coordinates": [129.03841551278686, 35.09479536792019]}, "properties": {"kind": "pier"}}, {"type": "Feature", "geometry": {"type": "Point", "coordinates": [129.10384113127222, 35.091601522006016]}, "properties": {"kind": "pier"}}, {"type": "Feature", "geometry": {"type": "Point", "coordinates": [129.04503119684, 35.09679159613383]}, "properties": {"kind": "pier"}}, {"type": "Feature", "geometry": {"type": "Point", "coordinates": [129.04198633411917, 35.09632573707838]}, "properties": {"kind": "pier"}}, {"type": "Feature", "geometry": {"type": "Point", "coordinates": [129.03859178396473, 35.09414322110989]}, "properties": {"kind": "pier"}}, {"type": "Feature", "geometry": {"type": "Point", "coordinates": [129.09392676203697, 35.108028842984496]}, "properties": {"kind": "pier"}}, {"type": "Feature", "geometry": {"type": "Point", "coordinates": [129.09212666260953, 35.10831799798632]}, "properties": {"kind": "pier"}}, {"type": "Feature", "geometry": {"type": "Point", "coordinates": [129.06702849672055, 35.109624603283784]}, "properties": {"kind": "pier"}}, {"type": "Feature", "geometry": {"type": "Point", "coordinates": [129.0730508725206, 35.11650929151453]}, "properties": {"kind": "pier"}}, {"type": "Feature", "geometry": {"type": "Point", "coordinates": [128.99022595, 35.21294225]}, "properties": {"kind": "stream"}}, {"type": "Feature", "geometry": {"type": "Point", "coordinates": [128.99036055, 35.21360995]}, "properties": {"kind": "stream"}}, {"type": "Feature", "geometry": {"type": "Point", "coordinates": [128.98944458925348, 35.21347443847833]}, "properties": {"kind": "stream"}}, {"type": "Feature", "geometry": {"type": "Point", "coordinates": [128.98969365, 35.21256255]}, "properties": {"kind": "stream"}}, {"type": "Feature", "geometry": {"type": "Point", "coordinates": [128.98992381524593, 35.21281927062702]}, "properties": {"kind": "stream"}}, {"type": "Feature", "geometry": {"type": "Point", "coordinates": [129.0523017, 35.16934175]}, "properties": {"kind": "river"}}, {"type": "Feature", "geometry": {"type": "Point", "coordinates": [128.98938835, 35.211975300000006]}, "properties": {"kind": "stream"}}, {"type": "Feature", "geometry": {"type": "Point", "coordinates": [128.98950403679237, 35.212289883999034]}, "properties": {"kind": "stream"}}, {"type": "Feature", "geometry": {"type": "Point", "coordinates": [128.99037794999998, 35.2114299]}, "properties": {"kind": "stream"}}, {"type": "Feature", "geometry": {"type": "Point", "coordinates": [128.9908116188447, 35.212972841313416]}, "properties": {"kind": "stream"}}, {"type": "Feature", "geometry": {"type": "Point", "coordinates": [128.989928, 35.2118038]}, "properties": {"kind": "stream"}}, {"type": "Feature", "geometry": {"type": "Point", "coordinates": [128.9895611108642, 35.21180995291595]}, "properties": {"kind": "stream"}}, {"type": "Feature", "geometry": {"type": "Point", "coordinates": [128.9906606, 35.2120591]}, "properties": {"kind": "stream"}}, {"type": "Feature", "geometry": {"type": "Point", "coordinates": [128.99052414347435, 35.21174745879038]}, "properties": {"kind": "stream"}}, {"type": "Feature", "geometry": {"type": "Point", "coordinates": [128.99030315, 35.21223855]}, "properties": {"kind": "stream"}}, {"type": "Feature", "geometry": {"type": "Point", "coordinates": [128.99013201024218, 35.21200633894966]}, "properties": {"kind": "stream"}}, {"type": "Feature", "geometry": {"type": "Point", "coordinates": [128.98942475, 35.2113351]}, "properties": {"kind": "stream"}}, {"type": "Feature", "geometry": {"type": "Point", "coordinates": [128.98900528686875, 35.21148185206655]}, "properties": {"kind": "stream"}}, {"type": "Feature", "geometry": {"type": "Point", "coordinates": [128.98978715, 35.211745699999994]}, "properties": {"kind": "stream"}}, {"type": "Feature", "geometry": {"type": "Point", "coordinates": [128.98986044985864, 35.21176731220185]}, "properties": {"kind": "stream"}}, {"type": "Feature", "geometry": {"type": "Point", "coordinates": [128.96624805547353, 35.150035322104486]}, "properties": {"kind": "drain"}}, {"type": "Feature", "geometry": {"type": "Point", "coordinates": [128.96710305, 35.153137349999994]}, "properties": {"kind": "drain"}}, {"type": "Feature", "geometry": {"type": "Point", "coordinates": [128.97832632449095, 35.19294024175451]}, "properties": {"kind": "ditch"}}, {"type": "Feature", "geometry": {"type": "Point", "coordinates": [128.97942360000002, 35.19160935]}, "properties": {"kind": "ditch"}}, {"type": "Feature", "geometry": {"type": "Point", "coordinates": [128.96244152798764, 35.15500104783584]}, "properties": {"kind": "river"}}, {"type": "Feature", "geometry": {"type": "Point", "coordinates": [128.96437095523316, 35.154686074261654]}, "properties": {"kind": "river"}}, {"type": "Feature", "geometry": {"type": "Point", "coordinates": [128.96399105, 35.154757450000005]}, "properties": {"kind": "river"}}, {"type": "Feature", "geometry": {"type": "Point", "coordinates": [128.96650187025708, 35.16318588347366]}, "properties": {"kind": "river"}}, {"type": "Feature", "geometry": {"type": "Point", "coordinates": [128.96468974095643, 35.16340357390937]}, "properties": {"kind": "river"}}, {"type": "Feature", "geometry": {"type": "Point", "coordinates": [128.9662867, 35.16320915]}, "properties": {"kind": "river"}}, {"type": "Feature", "geometry": {"type": "Point", "coordinates": [128.96828243533494, 35.16666982752675]}, "properties": {"kind": "river"}}, {"type": "Feature", "geometry": {"type": "Point", "coordinates": [128.96903107658733, 35.16902679280603]}, "properties": {"kind": "pier"}}, {"type": "Feature", "geometry": {"type": "Point", "coordinates": [128.96689731558988, 35.16750622760766]}, "properties": {"kind": "pier"}}, {"type": "Feature", "geometry": {"type": "Point", "coordinates": [128.992293119031, 35.212167925549636]}, "properties": {"kind": "pier"}}, {"type": "Feature", "geometry": {"type": "Point", "coordinates": [128.96351087149912, 35.13081836199388]}, "properties": {"kind": "pier"}}, {"type": "Feature", "geometry": {"type": "Point", "coordinates": [128.9494090384728, 35.110263381045776]}, "properties": {"kind": "pier"}}, {"type": "Feature", "geometry": {"type": "Point", "coordinates": [128.9445024, 35.114583100000004]}, "properties": {"kind": "drain"}}, {"type": "Feature", "geometry": {"type": "Point", "coordinates": [128.9462128244896, 35.119272341099595]}, "properties": {"kind": "river"}}, {"type": "Feature", "geometry": {"type": "Point", "coordinates": [128.9360814, 35.19691725]}, "properties": {"kind": "canal"}}, {"type": "Feature", "geometry": {"type": "Point", "coordinates": [128.9361461, 35.19708285]}, "properties": {"kind": "canal"}}, {"type": "Feature", "geometry": {"type": "Point", "coordinates": [128.93448605, 35.176741250000006]}, "properties": {"kind": "drain"}}, {"type": "Feature", "geometry": {"type": "Point", "coordinates": [128.9350163783911, 35.1765840815757]}, "properties": {"kind": "drain"}}, {"type": "Feature", "geometry": {"type": "Point", "coordinates": [128.94420372896008, 35.08856035468893]}, "properties": {"kind": "pier"}}, {"type": "Feature", "geometry": {"type": "Point", "coordinates": [129.0797946, 35.21259675]}, "properties": {"kind": "river"}}, {"type": "Feature", "geometry": {"type": "Point", "coordinates": [129.07868373694353, 35.21009238944603]}, "properties": {"kind": "river"}}, {"type": "Feature", "geometry": {"type": "Point", "coordinates": [129.0345452557518, 35.14045771565105]}, "properties": {"kind": "pier"}}, {"type": "Feature", "geometry": {"type": "Point", "coordinates": [129.06082747497234, 35.15022225374834]}, "properties": {"kind": "river"}}, {"type": "Feature", "geometry": {"type": "Point", "coordinates": [129.00767309617345, 35.212971169699536]}, "properties": {"kind": "bridge"}}, {"type": "Feature", "geometry": {"type": "Point", "coordinates": [128.98920776371548, 35.21243986347883]}, "properties": {"kind": "stream"}}, {"type": "Feature", "geometry": {"type": "Point", "coordinates": [128.95496947140387, 35.08227903325002]}, "properties": {"kind": "wastewater_plant"}}, {"type": "Feature", "geometry": {"type": "Point", "coordinates": [128.95556734095152, 35.08188810976735]}, "properties": {"kind": "wastewater_plant"}}, {"type": "Feature", "geometry": {"type": "Point", "coordinates": [128.95413463904896, 35.082082753558836]}, "properties": {"kind": "wastewater_plant"}}, {"type": "Feature", "geometry": {"type": "Point", "coordinates": [128.9536044680619, 35.08209536722556]}, "properties": {"kind": "wastewater_plant"}}, {"type": "Feature", "geometry": {"type": "Point", "coordinates": [128.9536154350688, 35.082533192816214]}, "properties": {"kind": "wastewater_plant"}}, {"type": "Feature", "geometry": {"type": "Point", "coordinates": [128.95414559190394, 35.08252058647153]}, "properties": {"kind": "wastewater_plant"}}, {"type": "Feature", "geometry": {"type": "Point", "coordinates": [128.95364730385862, 35.08320220899447]}, "properties": {"kind": "wastewater_plant"}}, {"type": "Feature", "geometry": {"type": "Point", "coordinates": [128.95417744117793, 35.08318961975874]}, "properties": {"kind": "wastewater_plant"}}, {"type": "Feature", "geometry": {"type": "Point", "coordinates": [128.9536614595909, 35.083630862860375]}, "properties": {"kind": "wastewater_plant"}}, {"type": "Feature", "geometry": {"type": "Point", "coordinates": [128.95419161302334, 35.0836182521106]}, "properties": {"kind": "wastewater_plant"}}, {"type": "Feature", "geometry": {"type": "Point", "coordinates": [128.95369332575547, 35.08430276245922]}, "properties": {"kind": "wastewater_plant"}}, {"type": "Feature", "geometry": {"type": "Point", "coordinates": [128.95422345416142, 35.08429016718705]}, "properties": {"kind": "wastewater_plant"}}, {"type": "Feature", "geometry": {"type": "Point", "coordinates": [128.9537074546967, 35.084734296914085]}, "properties": {"kind": "wastewater_plant"}}, {"type": "Feature", "geometry": {"type": "Point", "coordinates": [128.9542376269995, 35.084721686192644]}, "properties": {"kind": "wastewater_plant"}}, {"type": "Feature", "geometry": {"type": "Point", "coordinates": [128.95557898106884, 35.082075652726004]}, "properties": {"kind": "wastewater_plant"}}, {"type": "Feature", "geometry": {"type": "Point", "coordinates": [128.95558515675867, 35.082264760893885]}, "properties": {"kind": "wastewater_plant"}}, {"type": "Feature", "geometry": {"type": "Point", "coordinates": [128.9555944145635, 35.08245130161284]}, "properties": {"kind": "wastewater_plant"}}, {"type": "Feature", "geometry": {"type": "Point", "coordinates": [128.95560674095154, 35.08264040976736]}, "properties": {"kind": "wastewater_plant"}}, {"type": "Feature", "geometry": {"type": "Point", "coordinates": [128.9550162713966, 35.083386282939955]}, "properties": {"kind": "wastewater_plant"}}, {"type": "Feature", "geometry": {"type": "Point", "coordinates": [128.9556535074561, 35.08374766088033]}, "properties": {"kind": "wastewater_plant"}}, {"type": "Feature", "geometry": {"type": "Point", "coordinates": [128.95564118106884, 35.083558552726]}, "properties": {"kind": "wastewater_plant"}}, {"type": "Feature", "geometry": {"type": "Point", "coordinates": [128.95563195675874, 35.08337196089389]}, "properties": {"kind": "wastewater_plant"}}, {"type": "Feature", "geometry": {"type": "Point", "coordinates": [128.95562578106882, 35.083182852726004]}, "properties": {"kind": "wastewater_plant"}}, {"type": "Feature", "geometry": {"type": "Point", "coordinates": [128.9556141074561, 35.082995360880325]}, "properties": {"kind": "wastewater_plant"}}, {"type": "Feature", "geometry": {"type": "Point", "coordinates": [128.95507169531413, 35.08448801978176]}, "properties": {"kind": "wastewater_plant"}}, {"type": "Feature", "geometry": {"type": "Point", "coordinates": [128.95570901456347, 35.08484940161285]}, "properties": {"kind": "wastewater_plant"}}, {"type": "Feature", "geometry": {"type": "Point", "coordinates": [128.95569667352163, 35.08466033526683]}, "properties": {"kind": "wastewater_plant"}}, {"type": "Feature", "geometry": {"type": "Point", "coordinates": [128.95568740745608, 35.08447376088033]}, "properties": {"kind": "wastewater_plant"}}, {"type": "Feature", "geometry": {"type": "Point", "coordinates": [128.9556812567587, 35.08428466089389]}, "properties": {"kind": "wastewater_plant"}}, {"type": "Feature", "geometry": {"type": "Point", "coordinates": [128.95566955675872, 35.0840971608939]}, "properties": {"kind": "wastewater_plant"}}, {"type": "Feature", "geometry": {"type": "Point", "coordinates": [128.95429092577595, 35.08309441797323]}, "properties": {"kind": "water_works"}}, {"type": "Feature", "geometry": {"type": "Point", "coordinates": [128.9546476335689, 35.15669919711769]}, "properties": {"kind": "drain"}}, {"type": "Feature", "geometry": {"type": "Point", "coordinates": [128.95588005000002, 35.157781799999995]}, "properties": {"kind": "drain"}}, {"type": "Feature", "geometry": {"type": "Point", "coordinates": [128.95559375, 35.157369849999995]}, "properties": {"kind": "drain"}}, {"type": "Feature", "geometry": {"type": "Point", "coordinates": [128.94007625, 35.151383949999996]}, "properties": {"kind": "drain"}}, {"type": "Feature", "geometry": {"type": "Point", "coordinates": [128.94013155, 35.1506366]}, "properties": {"kind": "drain"}}, {"type": "Feature", "geometry": {"type": "Point", "coordinates": [128.9377531467684, 35.157702873859535]}, "properties": {"kind": "ditch"}}, {"type": "Feature", "geometry": {"type": "Point", "coordinates": [128.93828725, 35.156618800000004]}, "properties": {"kind": "ditch"}}, {"type": "Feature", "geometry": {"type": "Point", "coordinates": [128.9402829, 35.14866565]}, "properties": {"kind": "drain"}}, {"type": "Feature", "geometry": {"type": "Point", "coordinates": [128.9412287, 35.139096800000004]}, "properties": {"kind": "drain"}}, {"type": "Feature", "geometry": {"type": "Point", "coordinates": [128.93679617642854, 35.15720826854149]}, "properties": {"kind": "ditch"}}, {"type": "Feature", "geometry": {"type": "Point", "coordinates": [128.93643409999999, 35.15594255]}, "properties": {"kind": "ditch"}}, {"type": "Feature", "geometry": {"type": "Point", "coordinates": [128.9380288741238, 35.15563689285235]}, "properties": {"kind": "ditch"}}, {"type": "Feature", "geometry": {"type": "Point", "coordinates": [128.937669, 35.15468995]}, "properties": {"kind": "ditch"}}, {"type": "Feature", "geometry": {"type": "Point", "coordinates": [128.93611849779904, 35.154988178411244]}, "properties": {"kind": "ditch"}}, {"type": "Feature", "geometry": {"type": "Point", "coordinates": [128.93580385, 35.15405405]}, "properties": {"kind": "ditch"}}, {"type": "Feature", "geometry": {"type": "Point", "coordinates": [128.94839035, 35.14241215]}, "properties": {"kind": "ditch"}}, {"type": "Feature", "geometry": {"type": "Point", "coordinates": [128.94737320000002, 35.1423033]}, "properties": {"kind": "ditch"}}, {"type": "Feature", "geometry": {"type": "Point", "coordinates": [128.93635799999998, 35.1264532]}, "properties": {"kind": "drain"}}, {"type": "Feature", "geometry": {"type": "Point", "coordinates": [128.936635, 35.1264081]}, "properties": {"kind": "drain"}}, {"type": "Feature", "geometry": {"type": "Point", "coordinates": [128.94090785035672, 35.1403781519246]}, "properties": {"kind": "drain"}}, {"type": "Feature", "geometry": {"type": "Point", "coordinates": [128.9406608, 35.1433653]}, "properties": {"kind": "drain"}}, {"type": "Feature", "geometry": {"type": "Point", "coordinates": [128.93543824168307, 35.15313218092836]}, "properties": {"kind": "ditch"}}, {"type": "Feature", "geometry": {"type": "Point", "coordinates": [128.9349691, 35.15223225]}, "properties": {"kind": "ditch"}}, {"type": "Feature", "geometry": {"type": "Point", "coordinates": [128.93446235, 35.15137205]}, "properties": {"kind": "ditch"}}, {"type": "Feature", "geometry": {"type": "Point", "coordinates": [128.93282514999999, 35.1487622]}, "properties": {"kind": "ditch"}}, {"type": "Feature", "geometry": {"type": "Point", "coordinates": [128.94061876937002, 35.142505436753964]}, "properties": {"kind": "drain"}}, {"type": "Feature", "geometry": {"type": "Point", "coordinates": [128.940481, 35.14166715]}, "properties": {"kind": "drain"}}, {"type": "Feature", "geometry": {"type": "Point", "coordinates": [128.93338254999998, 35.1496269]}, "properties": {"kind": "ditch"}}, {"type": "Feature", "geometry": {"type": "Point", "coordinates": [128.93393655, 35.150485849999995]}, "properties": {"kind": "ditch"}}, {"type": "Feature", "geometry": {"type": "Point", "coordinates": [128.9339693, 35.15053615]}, "properties": {"kind": "ditch"}}, {"type": "Feature", "geometry": {"type": "Point", "coordinates": [128.94697889999998, 35.1422611]}, "properties": {"kind": "ditch"}}, {"type": "Feature", "geometry": {"type": "Point", "coordinates": [128.94649555, 35.1422094]}, "properties": {"kind": "ditch"}}, {"type": "Feature", "geometry": {"type": "Point", "coordinates": [128.94658545, 35.142219]}, "properties": {"kind": "ditch"}}, {"type": "Feature", "geometry": {"type": "Point", "coordinates": [128.9405423, 35.14508465]}, "properties": {"kind": "drain"}}, {"type": "Feature", "geometry": {"type": "Point", "coordinates": [128.940425, 35.1467903]}, "properties": {"kind": "drain"}}, {"type": "Feature", "geometry": {"type": "Point", "coordinates": [129.1047242359918, 35.130539444561286]}, "properties": {"kind": "works"}}, {"type": "Feature", "geometry": {"type": "Point", "coordinates": [129.10549059865934, 35.13068023454074]}, "properties": {"kind": "works"}}, {"type": "Feature", "geometry": {"type": "Point", "coordinates": [129.10553344890556, 35.13059033463373]}, "properties": {"kind": "works"}}, {"type": "Feature", "geometry": {"type": "Point", "coordinates": [129.10553703292612, 35.13047115810328]}, "properties": {"kind": "works"}}, {"type": "Feature", "geometry": {"type": "Point", "coordinates": [129.10586244102876, 35.13057840132576]}, "properties": {"kind": "works"}}, {"type": "Feature", "geometry": {"type": "Point", "coordinates": [129.105886947817, 35.130478726912415]}, "properties": {"kind": "works"}}, {"type": "Feature", "geometry": {"type": "Point", "coordinates": [129.10546388413522, 35.130252656332104]}, "properties": {"kind": "works"}}, {"type": "Feature", "geometry": {"type": "Point", "coordinates": [129.10545858192577, 35.13035168885941]}, "properties": {"kind": "works"}}, {"type": "Feature", "geometry": {"type": "Point", "coordinates": [128.97917024999998, 35.09863825]}, "properties": {"kind": "stream"}}, {"type": "Feature", "geometry": {"type": "Point", "coordinates": [129.11492380055125, 35.17724695657407]}, "properties": {"kind": "bridge"}}, {"type": "Feature", "geometry": {"type": "Point", "coordinates": [129.1138845379325, 35.17731344891976]}, "properties": {"kind": "bridge"}}, {"type": "Feature", "geometry": {"type": "Point", "coordinates": [129.12668820026803, 35.16608968720661]}, "properties": {"kind": "bridge"}}, {"type": "Feature", "geometry": {"type": "Point", "coordinates": [128.9297752, 35.1077823]}, "properties": {"kind": "river"}}, {"type": "Feature", "geometry": {"type": "Point", "coordinates": [128.94494385000002, 35.2189726]}, "properties": {"kind": "river"}}, {"type": "Feature", "geometry": {"type": "Point", "coordinates": [128.93427703685595, 35.20062720833434]}, "properties": {"kind": "river"}}, {"type": "Feature", "geometry": {"type": "Point", "coordinates": [129.03516168793138, 35.13884151794272]}, "properties": {"kind": "stream"}}, {"type": "Feature", "geometry": {"type": "Point", "coordinates": [129.034694526127, 35.139839976122474]}, "properties": {"kind": "drain"}}, {"type": "Feature", "geometry": {"type": "Point", "coordinates": [129.0348201, 35.13927685]}, "properties": {"kind": "drain"}}, {"type": "Feature", "geometry": {"type": "Point", "coordinates": [129.03475257069653, 35.13934297263189]}, "properties": {"kind": "drain"}}, {"type": "Feature", "geometry": {"type": "Point", "coordinates": [128.97471606291145, 35.155781200278504]}, "properties": {"kind": "works"}}, {"type": "Feature", "geometry": {"type": "Point", "coordinates": [128.97570674117105, 35.15583691067026]}, "properties": {"kind": "works"}}, {"type": "Feature", "geometry": {"type": "Point", "coordinates": [128.97627221045656, 35.15556972278729]}, "properties": {"kind": "works"}}, {"type": "Feature", "geometry": {"type": "Point", "coordinates": [128.97617795710906, 35.15476663995309]}, "properties": {"kind": "works"}}, {"type": "Feature", "geometry": {"type": "Point", "coordinates": [128.9754666595841, 35.15520832810248]}, "properties": {"kind": "works"}}, {"type": "Feature", "geometry": {"type": "Point", "coordinates": [128.97542383222807, 35.15488647551052]}, "properties": {"kind": "works"}}, {"type": "Feature", "geometry": {"type": "Point", "coordinates": [128.97487611289606, 35.154921267535634]}, "properties": {"kind": "works"}}, {"type": "Feature", "geometry": {"type": "Point", "coordinates": [128.97427203862003, 35.15526382557077]}, "properties": {"kind": "works"}}, {"type": "Feature", "geometry": {"type": "Point", "coordinates": [128.97415912656777, 35.1537948325412]}, "properties": {"kind": "works"}}, {"type": "Feature", "geometry": {"type": "Point", "coordinates": [128.9745421016352, 35.154321593051456]}, "properties": {"kind": "works"}}, {"type": "Feature", "geometry": {"type": "Point", "coordinates": [128.97450133910502, 35.15378767612452]}, "properties": {"kind": "works"}}, {"type": "Feature", "geometry": {"type": "Point", "coordinates": [128.97958891611648, 35.14927147968648]}, "properties": {"kind": "works"}}, {"type": "Feature", "geometry": {"type": "Point", "coordinates": [128.97673669775267, 35.14689102198238]}, "properties": {"kind": "works"}}, {"type": "Feature", "geometry": {"type": "Point", "coordinates": [128.98042628099213, 35.14730975574969]}, "properties": {"kind": "works"}}, {"type": "Feature", "geometry": {"type": "Point", "coordinates": [128.98195807516265, 35.152597982199524]}, "properties": {"kind": "works"}}, {"type": "Feature", "geometry": {"type": "Point", "coordinates": [128.97959622986986, 35.14531995475177]}, "properties": {"kind": "works"}}, {"type": "Feature", "geometry": {"type": "Point", "coordinates": [128.9793113504078, 35.14232140233389]}, "properties": {"kind": "works"}}, {"type": "Feature", "geometry": {"type": "Point", "coordinates": [128.97706339667997, 35.14535431287994]}, "properties": {"kind": "works"}}, {"type": "Feature", "geometry": {"type": "Point", "coordinates": [128.97683031299638, 35.142567096558686]}, "properties": {"kind": "works"}}, {"type": "Feature", "geometry": {"type": "Point", "coordinates": [128.97643369457592, 35.144307600911986]}, "properties": {"kind": "works"}}, {"type": "Feature", "geometry": {"type": "Point", "coordinates": [128.97917209376791, 35.142697319636454]}, "properties": {"kind": "works"}}, {"type": "Feature", "geometry": {"type": "Point", "coordinates": [128.9713878806621, 35.14456632623092]}, "properties": {"kind": "works"}}, {"type": "Feature", "geometry": {"type": "Point", "coordinates": [128.97425691016605, 35.145099752830546]}, "properties": {"kind": "works"}}, {"type": "Feature", "geometry": {"type": "Point", "coordinates": [128.97435300870941, 35.14389192771531]}, "properties": {"kind": "works"}}, {"type": "Feature", "geometry": {"type": "Point", "coordinates": [128.97416576558493, 35.14432903094669]}, "properties": {"kind": "pipeline"}}, {"type": "Feature", "geometry": {"type": "Point", "coordinates": [128.97435543729162, 35.14403777615141]}, "properties": {"kind": "pipeline"}}, {"type": "Feature", "geometry": {"type": "Point", "coordinates": [128.97430070000001, 35.1445025]}, "properties": {"kind": "pipeline"}}, {"type": "Feature", "geometry": {"type": "Point", "coordinates": [128.9739682, 35.1441754]}, "properties": {"kind": "pipeline"}}, {"type": "Feature", "geometry": {"type": "Point", "coordinates": [128.97401685, 35.144158450000006]}, "properties": {"kind": "pipeline"}}, {"type": "Feature", "geometry": {"type": "Point", "coordinates": [128.9739861, 35.1441986]}, "properties": {"kind": "pipeline"}}, {"type": "Feature", "geometry": {"type": "Point", "coordinates": [128.97370675000002, 35.1445075]}, "properties": {"kind": "pipeline"}}, {"type": "Feature", "geometry": {"type": "Point", "coordinates": [128.97376285, 35.1442208]}, "properties": {"kind": "pipeline"}}, {"type": "Feature", "geometry": {"type": "Point", "coordinates": [128.97479585000002, 35.143634899999995]}, "properties": {"kind": "pipeline"}}, {"type": "Feature", "geometry": {"type": "Point", "coordinates": [128.97498685, 35.14387415]}, "properties": {"kind": "pipeline"}}, {"type": "Feature", "geometry": {"type": "Point", "coordinates": [128.97655246368362, 35.147344807021206]}, "properties": {"kind": "works"}}, {"type": "Feature", "geometry": {"type": "Point", "coordinates": [128.9769633203163, 35.147271022662686]}, "properties": {"kind": "works"}}, {"type": "Feature", "geometry": {"type": "Point", "coordinates": [128.97787537090556, 35.146243545347524]}, "properties": {"kind": "works"}}, {"type": "Feature", "geometry": {"type": "Point", "coordinates": [128.98041379968254, 35.15032780040435]}, "properties": {"kind": "works"}}, {"type": "Feature", "geometry": {"type": "Point", "coordinates": [128.9777985712969, 35.14805339890308]}, "properties": {"kind": "works"}}, {"type": "Feature", "geometry": {"type": "Point", "coordinates": [128.9773921833659, 35.15078814402472]}, "properties": {"kind": "works"}}, {"type": "Feature", "geometry": {"type": "Point", "coordinates": [128.9748737742321, 35.14714105866922]}, "properties": {"kind": "works"}}, {"type": "Feature", "geometry": {"type": "Point", "coordinates": [128.9731542762391, 35.14755543975636]}, "properties": {"kind": "works"}}, {"type": "Feature", "geometry": {"type": "Point", "coordinates": [128.97154507980275, 35.14604013175731]}, "properties": {"kind": "works"}}, {"type": "Feature", "geometry": {"type": "Point", "coordinates": [128.97198392731772, 35.1478675350315]}, "properties": {"kind": "works"}}, {"type": "Feature", "geometry": {"type": "Point", "coordinates": [128.97187158305164, 35.147263744002466]}, "properties": {"kind": "works"}}, {"type": "Feature", "geometry": {"type": "Point", "coordinates": [128.97157768851713, 35.14738443121881]}, "properties": {"kind": "works"}}, {"type": "Feature", "geometry": {"type": "Point", "coordinates": [128.97203209504843, 35.147341645296116]}, "properties": {"kind": "works"}}, {"type": "Feature", "geometry": {"type": "Point", "coordinates": [128.97231512797623, 35.147245322246825]}, "properties": {"kind": "works"}}, {"type": "Feature", "geometry": {"type": "Point", "coordinates": [128.97412117036214, 35.14996716116167]}, "properties": {"kind": "works"}}, {"type": "Feature", "geometry": {"type": "Point", "coordinates": [128.97417130765808, 35.151081141742466]}, "properties": {"kind": "works"}}, {"type": "Feature", "geometry": {"type": "Point", "coordinates": [128.9753643322087, 35.15089020575031]}, "properties": {"kind": "works"}}, {"type": "Feature", "geometry": {"type": "Point", "coordinates": [128.9748208324502, 35.15305119893148]}, "properties": {"kind": "works"}}, {"type": "Feature", "geometry": {"type": "Point", "coordinates": [129.06993466735003, 35.12319071010096]}, "properties": {"kind": "pier"}}, {"type": "Feature", "geometry": {"type": "Point", "coordinates": [129.05909829881722, 35.12489042392744]}, "properties": {"kind": "pier"}}, {"type": "Feature", "geometry": {"type": "Point", "coordinates": [129.051952752519, 35.12292214921009]}, "properties": {"kind": "pier"}}, {"type": "Feature", "geometry": {"type": "Point", "coordinates": [129.0720166332234, 35.107524858556474]}, "properties": {"kind": "pier"}}, {"type": "Feature", "geometry": {"type": "Point", "coordinates": [129.0437505369178, 35.07999914542448]}, "properties": {"kind": "ditch"}}, {"type": "Feature", "geometry": {"type": "Point", "coordinates": [129.04344283650116, 35.07969382235133]}, "properties": {"kind": "ditch"}}, {"type": "Feature", "geometry": {"type": "Point", "coordinates": [129.0432871, 35.079449350000004]}, "properties": {"kind": "ditch"}}, {"type": "Feature", "geometry": {"type": "Point", "coordinates": [128.95761479119224, 35.08494195088989]}, "properties": {"kind": "stream"}}, {"type": "Feature", "geometry": {"type": "Point", "coordinates": [128.9579498, 35.08593945]}, "properties": {"kind": "stream"}}, {"type": "Feature", "geometry": {"type": "Point", "coordinates": [128.9578576, 35.085676899999996]}, "properties": {"kind": "stream"}}, {"type": "Feature", "geometry": {"type": "Point", "coordinates": [128.95602955937696, 35.08702396982102]}, "properties": {"kind": "wastewater_plant"}}, {"type": "Feature", "geometry": {"type": "Point", "coordinates": [128.9595607939686, 35.08971280025388]}, "properties": {"kind": "pipeline"}}, {"type": "Feature", "geometry": {"type": "Point", "coordinates": [128.9599709, 35.089748]}, "properties": {"kind": "pipeline"}}, {"type": "Feature", "geometry": {"type": "Point", "coordinates": [129.09557729701416, 35.17782854611227]}, "properties": {"kind": "water_works"}}, {"type": "Feature", "geometry": {"type": "Point", "coordinates": [129.05343427795614, 35.09896112560475]}, "properties": {"kind": "dock"}}, {"type": "Feature", "geometry": {"type": "Point", "coordinates": [129.054266417511, 35.09912146296702]}, "properties": {"kind": "dock"}}, {"type": "Feature", "geometry": {"type": "Point", "coordinates": [129.1395783, 35.1710546]}, "properties": {"kind": "stream"}}, {"type": "Feature", "geometry": {"type": "Point", "coordinates": [129.15514861759303, 35.18930380401548]}, "properties": {"kind": "stream"}}, {"type": "Feature", "geometry": {"type": "Point", "coordinates": [129.1545372173134, 35.18790645978064]}, "properties": {"kind": "stream"}}, {"type": "Feature", "geometry": {"type": "Point", "coordinates": [129.15675492335262, 35.189292032157326]}, "properties": {"kind": "stream"}}, {"type": "Feature", "geometry": {"type": "Point", "coordinates": [129.15649831914436, 35.19697076512865]}, "properties": {"kind": "stream"}}, {"type": "Feature", "geometry": {"type": "Point", "coordinates": [129.15879459069592, 35.203717272818054]}, "properties": {"kind": "stream"}}, {"type": "Feature", "geometry": {"type": "Point", "coordinates": [129.15965995, 35.19540885]}, "properties": {"kind": "check_dam"}}, {"type": "Feature", "geometry": {"type": "Point", "coordinates": [129.1397317, 35.1703816]}, "properties": {"kind": "stream"}}, {"type": "Feature", "geometry": {"type": "Point", "coordinates": [129.15343074999998, 35.1804972]}, "properties": {"kind": "check_dam"}}, {"type": "Feature", "geometry": {"type": "Point", "coordinates": [129.15353135, 35.17992615]}, "properties": {"kind": "check_dam"}}, {"type": "Feature", "geometry": {"type": "Point", "coordinates": [129.1487999, 35.1738511]}, "properties": {"kind": "gantry"}}, {"type": "Feature", "geometry": {"type": "Point", "coordinates": [129.14214416514264, 35.17799789224664]}, "properties": {"kind": "water_works"}}, {"type": "Feature", "geometry": {"type": "Point", "coordinates": [129.12727141972786, 35.210931025080114]}, "properties": {"kind": "works"}}, {"type": "Feature", "geometry": {"type": "Point", "coordinates": [129.12849913838505, 35.20832802004521]}, "properties": {"kind": "works"}}, {"type": "Feature", "geometry": {"type": "Point", "coordinates": [129.12932939054528, 35.21028731030439]}, "properties": {"kind": "works"}}, {"type": "Feature", "geometry": {"type": "Point", "coordinates": [129.128658493207, 35.216206757488]}, "properties": {"kind": "works"}}, {"type": "Feature", "geometry": {"type": "Point", "coordinates": [129.1299709753093, 35.216878382314356]}, "properties": {"kind": "works"}}, {"type": "Feature", "geometry": {"type": "Point", "coordinates": [129.11233275, 35.131385599999994]}, "properties": {"kind": "bridge"}}, {"type": "Feature", "geometry": {"type": "Point", "coordinates": [128.98703121715607, 35.205014372801344]}, "properties": {"kind": "stream"}}, {"type": "Feature", "geometry": {"type": "Point", "coordinates": [128.9839403452499, 35.205060821737185]}, "properties": {"kind": "stream"}}, {"type": "Feature", "geometry": {"type": "Point", "coordinates": [128.98067614588754, 35.20595840251114]}, "properties": {"kind": "stream"}}, {"type": "Feature", "geometry": {"type": "Point", "coordinates": [129.03282806848728, 35.18883129799432]}, "properties": {"kind": "stream"}}, {"type": "Feature", "geometry": {"type": "Point", "coordinates": [129.07103291788815, 35.09086979336938]}, "properties": {"kind": "ditch"}}, {"type": "Feature", "geometry": {"type": "Point", "coordinates": [129.0633011, 35.13207905]}, "properties": {"kind": "water_tower"}}, {"type": "Feature", "geometry": {"type": "Point", "coordinates": [128.94628115, 35.215414949999996]}, "properties": {"kind": "ditch"}}, {"type": "Feature", "geometry": {"type": "Point", "coordinates": [128.94712605814235, 35.2158893618158]}, "properties": {"kind": "ditch"}}, {"type": "Feature", "geometry": {"type": "Point", "coordinates": [128.94813865, 35.2168687]}, "properties": {"kind": "ditch"}}, {"type": "Feature", "geometry": {"type": "Point", "coordinates": [128.94862905000002, 35.21724605000001]}, "properties": {"kind": "ditch"}}, {"type": "Feature", "geometry": {"type": "Point", "coordinates": [128.96616906437686, 35.1598929481562]}, "properties": {"kind": "river"}}, {"type": "Feature", "geometry": {"type": "Point", "coordinates": [128.97132035360232, 35.163319184056384]}, "properties": {"kind": "river"}}, {"type": "Feature", "geometry": {"type": "Point", "coordinates": [129.11010527192622, 35.15022135444342]}, "properties": {"kind": "bridge"}}, {"type": "Feature", "geometry": {"type": "Point", "coordinates": [129.04295662761595, 35.14592669020806]}, "properties": {"kind": "stream"}}, {"type": "Feature", "geometry": {"type": "Point", "coordinates": [129.04157753552226, 35.14611012204102]}, "properties": {"kind": "stream"}}, {"type": "Feature", "geometry": {"type": "Point", "coordinates": [129.0421452, 35.14607745]}, "properties": {"kind": "stream"}}, {"type": "Feature", "geometry": {"type": "Point", "coordinates": [129.04922505027872, 35.14370103757619]}, "properties": {"kind": "stream"}}, {"type": "Feature", "geometry": {"type": "Point", "coordinates": [129.13005665, 35.147433150000005]}, "properties": {"kind": "tower"}}, {"type": "Feature", "geometry": {"type": "Point", "coordinates": [129.12663364999997, 35.143890799999994]}, "properties": {"kind": "tower"}}, {"type": "Feature", "geometry": {"type": "Point", "coordinates": [129.11653295406566, 35.126919738119746]}, "properties": {"kind": "silo"}}, {"type": "Feature", "geometry": {"type": "Point", "coordinates": [129.11699764262065, 35.12607927517925]}, "properties": {"kind": "storage_tank"}}, {"type": "Feature", "geometry": {"type": "Point", "coordinates": [129.11679447297263, 35.1258703050845]}, "properties": {"kind": "storage_tank"}}, {"type": "Feature", "geometry": {"type": "Point", "coordinates": [129.11658727684272, 35.125692611691626]}, "properties": {"kind": "storage_tank"}}, {"type": "Feature", "geometry": {"type": "Point", "coordinates": [129.12141992424083, 35.13529261508314]}, "properties": {"kind": "lighthouse"}}, {"type": "Feature", "geometry": {"type": "Point", "coordinates": [129.10470132776243, 35.14922103412902]}, "properties": {"kind": "drain"}}, {"type": "Feature", "geometry": {"type": "Point", "coordinates": [129.10200541392675, 35.15337462147278]}, "properties": {"kind": "stream"}}, {"type": "Feature", "geometry": {"type": "Point", "coordinates": [129.10118864999998, 35.153360649999996]}, "properties": {"kind": "drain"}}, {"type": "Feature", "geometry": {"type": "Point", "coordinates": [129.1031863900456, 35.15337863718848]}, "properties": {"kind": "stream"}}, {"type": "Feature", "geometry": {"type": "Point", "coordinates": [129.10523392940144, 35.1493006593658]}, "properties": {"kind": "drain"}}, {"type": "Feature", "geometry": {"type": "Point", "coordinates": [129.10136855000002, 35.153381499999995]}, "properties": {"kind": "stream"}}, {"type": "Feature", "geometry": {"type": "Point", "coordinates": [129.0047679513036, 35.11597973501459]}, "properties": {"kind": "stream"}}, {"type": "Feature", "geometry": {"type": "Point", "coordinates": [129.10430627699864, 35.133614989550956]}, "properties": {"kind": "tower"}}, {"type": "Feature", "geometry": {"type": "Point", "coordinates": [129.10083992825406, 35.15530228482767]}, "properties": {"kind": "observatory"}}, {"type": "Feature", "geometry": {"type": "Point", "coordinates": [129.1288797342129, 35.152729856071176]}, "properties": {"kind": "breakwater"}}, {"type": "Feature", "geometry": {"type": "Point", "coordinates": [129.11530253280137, 35.124318352434834]}, "properties": {"kind": "bridge"}}, {"type": "Feature", "geometry": {"type": "Point", "coordinates": [129.041164541035, 35.11531438154989]}, "properties": {"kind": "bridge"}}, {"type": "Feature", "geometry": {"type": "Point", "coordinates": [128.96097643325905, 35.2176903158955]}, "properties": {"kind": "monitoring_station"}}, {"type": "Feature", "geometry": {"type": "Point", "coordinates": [129.03219417981197, 35.104771792415455]}, "properties": {"kind": "observatory"}}, {"type": "Feature", "geometry": {"type": "Point", "coordinates": [129.15532587271204, 35.21975258856763]}, "properties": {"kind": "stream"}}, {"type": "Feature", "geometry": {"type": "Point", "coordinates": [129.15388035, 35.21994495]}, "properties": {"kind": "stream"}}, {"type": "Feature", "geometry": {"type": "Point", "coordinates": [129.15622546621242, 35.218388536542925]}, "properties": {"kind": "stream"}}, {"type": "Feature", "geometry": {"type": "Point", "coordinates": [129.15749081370106, 35.21707153880645]}, "properties": {"kind": "stream"}}, {"type": "Feature", "geometry": {"type": "Point", "coordinates": [129.1578908309249, 35.216951412051685]}, "properties": {"kind": "stream"}}, {"type": "Feature", "geometry": {"type": "Point", "coordinates": [129.15775685, 35.21698565]}, "properties": {"kind": "stream"}}, {"type": "Feature", "geometry": {"type": "Point", "coordinates": [129.00167590584886, 35.05276132659536]}, "properties": {"kind": "dock"}}, {"type": "Feature", "geometry": {"type": "Point", "coordinates": [129.00125914294676, 35.05150531678338]}, "properties": {"kind": "pier"}}, {"type": "Feature", "geometry": {"type": "Point", "coordinates": [128.94962673706306, 35.179857329556135]}, "properties": {"kind": "grass"}}, {"type": "Feature", "geometry": {"type": "Point", "coordinates": [129.07630844145456, 35.181103068924635]}, "properties": {"kind": "residential"}}, {"type": "Feature", "geometry": {"type": "Point", "coordinates": [129.06257376414567, 35.09415132211952]}, "properties": {"kind": "industrial"}}, {"type": "Feature", "geometry": {"type": "Point", "coordinates": [129.1191762761742, 35.20980401704839]}, "properties": {"kind": "residential"}}, {"type": "Feature", "geometry": {"type": "Point", "coordinates": [128.94503300955358, 35.10922395470004]}, "properties": {"kind": "grass"}}, {"type": "Feature", "geometry": {"type": "Point", "coordinates": [128.95760832856246, 35.102960406809245]}, "properties": {"kind": "recreation_ground"}}, {"type": "Feature", "geometry": {"type": "Point", "coordinates": [128.94720969493355, 35.11119771761516]}, "properties": {"kind": "forest"}}]}