{"type": "FeatureCollection", "features": [{"type": "Feature", "geometry": {"type": "Point", "coordinates": [-77.15586400000001, -12.0465812]}, "properties": {"kind": "lighthouse"}}, {"type": "Feature", "geometry": {"type": "Point", "coordinates": [-77.1567165, -12.0638728]}, "properties": {"kind": "light_minor"}}, {"type": "Feature", "geometry": {"type": "Point", "coordinates": [-77.1663729, -12.071850300000001]}, "properties": {"kind": "lighthouse"}}, {"type": "Feature", "geometry": {"type": "Point", "coordinates": [-77.1499148, -12.0546919]}, "properties": {"kind": "light_minor"}}, {"type": "Feature", "geometry": {"type": "Point", "coordinates": [-77.1464471, -12.0441227]}, "properties": {"kind": "light_minor"}}, {"type": "Feature", "geometry": {"type": "Point", "coordinates": [-77.145263, -12.0432176]}, "properties": {"kind": "light_minor"}}, {"type": "Feature", "geometry": {"type": "Point", "coordinates": [-77.1514587, -12.0447228]}, "properties": {"kind": "light_minor"}}, {"type": "Feature", "geometry": {"type": "Point", "coordinates": [-77.1479841, -12.0408401]}, "properties": {"kind": "light_minor"}}, {"type": "Feature", "geometry": {"type": "Point", "coordinates": [-77.14574710000001, -12.047164700000002]}, "properties": {"kind": "light_minor"}}, {"type": "Feature", "geometry": {"type": "Point", "coordinates": [-77.1458259, -12.048504900000001]}, "properties": {"kind": "light_minor"}}, {"type": "Feature", "geometry": {"type": "Point", "coordinates": [-77.1459648, -12.0501214]}, "properties": {"kind": "light_minor"}}, {"type": "Feature", "geometry": {"type": "Point", "coordinates": [-77.1460399, -12.051459300000001]}, "properties": {"kind": "light_minor"}}, {"type": "Feature", "geometry": {"type": "Point", "coordinates": [-77.1468761, -12.0391578]}, "properties": {"kind": "light_minor"}}, {"type": "Feature", "geometry": {"type": "Point", "coordinates": [-77.2459649, -12.062897000000001]}, "properties": {"kind": "lighthouse"}}, {"type": "Feature", "geometry": {"type": "Point", "coordinates": [-77.1400326, -12.041091900000001]}, "properties": {"kind": "crane"}}, {"type": "Feature", "geometry": {"type": "Point", "coordinates": [-77.14537560000001, -12.044977800000002]}, "properties": {"kind": "crane"}}, {"type": "Feature", "geometry": {"type": "Point", "coordinates": [-77.14483940000001, -12.0455913]}, "properties": {"kind": "crane"}}, {"type": "Feature", "geometry": {"type": "Point", "coordinates": [-77.1404371, -12.041771500000001]}, "properties": {"kind": "crane"}}, {"type": "Feature", "geometry": {"type": "Point", "coordinates": [-77.1466956, -12.055150600000001]}, "properties": {"kind": "crane"}}, {"type": "Feature", "geometry": {"type": "Point", "coordinates": [-77.1455706, -12.053778900000001]}, "properties": {"kind": "crane"}}, {"type": "Feature", "geometry": {"type": "Point", "coordinates": [-77.14683790000001, -12.0552975]}, "properties": {"kind": "crane"}}, {"type": "Feature", "geometry": {"type": "Point", "coordinates": [-77.08357360000001, -12.0551721]}, "properties": {"kind": "water_tower"}}, {"type": "Feature", "geometry": {"type": "Point", "coordinates": [-77.08372680000001, -12.043492]}, "properties": {"kind": "water_tower"}}, {"type": "Feature", "geometry": {"type": "Point", "coordinates": [-77.1493391, -12.0583688]}, "properties": {"kind": "dock"}}, {"type": "Feature", "geometry": {"type": "Point", "coordinates": [-77.11615570000001, -12.0494658]}, "properties": {"kind": "works"}}, {"type": "Feature", "geometry": {"type": "Point", "coordinates": [-77.1007074, -12.0435318]}, "properties": {"kind": "water_tower"}}, {"type": "Feature", "geometry": {"type": "Point", "coordinates": [-77.07977000000001, -12.0377674]}, "properties": {"kind": "water_tower"}}, {"type": "Feature", "geometry": {"type": "Point", "coordinates": [-77.12779330000001, -12.045618200000002]}, "properties": {"kind": "works"}}, {"type": "Feature", "geometry": {"type": "Point", "coordinates": [-77.12839430000001, -12.0471184]}, "properties": {"kind": "works"}}, {"type": "Feature", "geometry": {"type": "Point", "coordinates": [-77.13011850000001, -12.049840000000001]}, "properties": {"kind": "works"}}, {"type": "Feature", "geometry": {"type": "Point", "coordinates": [-77.1083763, -12.0481691]}, "properties": {"kind": "works"}}, {"type": "Feature", "geometry": {"type": "Point", "coordinates": [-77.0862494, -12.050532800000001]}, "properties": {"kind": "works"}}, {"type": "Feature", "geometry": {"type": "Point", "coordinates": [-77.1029247, -12.0486049]}, "properties": {"kind": "works"}}, {"type": "Feature", "geometry": {"type": "Point", "coordinates": [-77.13109850000001, -11.9464395]}, "properties": {"kind": "works"}}, {"type": "Feature", "geometry": {"type": "Point", "coordinates": [-77.1233014, -12.050808]}, "properties": {"kind": "works"}}, {"type": "Feature", "geometry": {"type": "Point", "coordinates": [-77.10665010000001, -12.014032100000001]}, "properties": {"kind": "works"}}, {"type": "Feature", "geometry": {"type": "Point", "coordinates": [-77.1030344, -12.016812600000002]}, "properties": {"kind": "works"}}, {"type": "Feature", "geometry": {"type": "Point", "coordinates": [-77.10561940000001, -12.017391100000001]}, "properties": {"kind": "works"}}, {"type": "Feature", "geometry": {"type": "Point", "coordinates": [-77.1270602, -12.0014835]}, "properties": {"kind": "works"}}, {"type": "Feature", "geometry": {"type": "Point", "coordinates": [-77.1215026, -12.0698492]}, "properties": {"kind": "works"}}, {"type": "Feature", "geometry": {"type": "Point", "coordinates": [-77.0868787, -12.0470828]}, "properties": {"kind": "works"}}, {"type": "Feature", "geometry": {"type": "Point", "coordinates": [-77.0881373, -12.0463839]}, "properties": {"kind": "works"}}, {"type": "Feature", "geometry": {"type": "Point", "coordinates": [-77.089792, -12.0493786]}, "properties": {"kind": "works"}}, {"type": "Feature", "geometry": {"type": "Point", "coordinates": [-77.1179972, -12.051217900000001]}, "properties": {"kind": "works"}}, {"type": "Feature", "geometry": {"type": "Point", "coordinates": [-77.1053761, -12.0124031]}, "properties": {"kind": "works"}}, {"type": "Feature", "geometry": {"type": "Point", "coordinates": [-77.10748720000001, -12.0180424]}, "properties": {"kind": "works"}}, {"type": "Feature", "geometry": {"type": "Point", "coordinates": [-77.1102542, -12.011396600000001]}, "properties": {"kind": "works"}}, {"type": "Feature", "geometry": {"type": "Point", "coordinates": [-77.1053902, -12.0252759]}, "properties": {"kind": "works"}}, {"type": "Feature", "geometry": {"type": "Point", "coordinates": [-77.1274745, -11.9701182]}, "properties": {"kind": "works"}}, {"type": "Feature", "geometry": {"type": "Point", "coordinates": [-77.1040712, -12.0168943]}, "properties": {"kind": "works"}}, {"type": "Feature", "geometry": {"type": "Point", "coordinates": [-77.12679100000001, -11.970019200000001]}, "properties": {"kind": "works"}}, {"type": "Feature", "geometry": {"type": "Point", "coordinates": [-77.12631950000001, -11.969975400000001]}, "properties": {"kind": "works"}}, {"type": "Feature", "geometry": {"type": "Point", "coordinates": [-77.128181, -12.049667300000001]}, "properties": {"kind": "works"}}, {"type": "Feature", "geometry": {"type": "Point", "coordinates": [-77.1080034, -12.0169256]}, "properties": {"kind": "works"}}, {"type": "Feature", "geometry": {"type": "Point", "coordinates": [-77.10938, -12.0496005]}, "properties": {"kind": "works"}}, {"type": "Feature", "geometry": {"type": "Point", "coordinates": [-77.12981380000001, -12.0215662]}, "properties": {"kind": "works"}}, {"type": "Feature", "geometry": {"type": "Point", "coordinates": [-77.1136243, -12.0056515]}, "properties": {"kind": "works"}}, {"type": "Feature", "geometry": {"type": "Point", "coordinates": [-77.10688180000001, -12.0182529]}, "properties": {"kind": "works"}}, {"type": "Feature", "geometry": {"type": "Point", "coordinates": [-77.1074117, -12.018134]}, "properties": {"kind": "works"}}, {"type": "Feature", "geometry": {"type": "Point", "coordinates": [-77.1093335, -12.0163718]}, "properties": {"kind": "works"}}, {"type": "Feature", "geometry": {"type": "Point", "coordinates": [-77.1015352, -12.029909100000001]}, "properties": {"kind": "works"}}, {"type": "Feature", "geometry": {"type": "Point", "coordinates": [-77.1066548, -12.0149735]}, "properties": {"kind": "works"}}, {"type": "Feature", "geometry": {"type": "Point", "coordinates": [-77.104436, -12.0170437]}, "properties": {"kind": "works"}}, {"type": "Feature", "geometry": {"type": "Point", "coordinates": [-77.1050261, -12.0182807]}, "properties": {"kind": "works"}}, {"type": "Feature", "geometry": {"type": "Point", "coordinates": [-77.084298, -12.0501061]}, "properties": {"kind": "works"}}, {"type": "Feature", "geometry": {"type": "Point", "coordinates": [-77.0837635, -12.050639]}, "properties": {"kind": "works"}}, {"type": "Feature", "geometry": {"type": "Point", "coordinates": [-77.08689410000001, -12.049149700000001]}, "properties": {"kind": "works"}}, {"type": "Feature", "geometry": {"type": "Point", "coordinates": [-77.0940978, -12.048224300000001]}, "properties": {"kind": "works"}}, {"type": "Feature", "geometry": {"type": "Point", "coordinates": [-77.10606150000001, -12.0154957]}, "properties": {"kind": "works"}}, {"type": "Feature", "geometry": {"type": "Point", "coordinates": [-77.12768820000001, -12.005251900000001]}, "properties": {"kind": "works"}}, {"type": "Feature", "geometry": {"type": "Point", "coordinates": [-77.1273749, -12.0492399]}, "properties": {"kind": "works"}}, {"type": "Feature", "geometry": {"type": "Point", "coordinates": [-77.106063, -12.0489572]}, "properties": {"kind": "works"}}, {"type": "Feature", "geometry": {"type": "Point", "coordinates": [-77.1268802, -11.9771391]}, "properties": {"kind": "works"}}, {"type": "Feature", "geometry": {"type": "Point", "coordinates": [-77.12814800000001, -12.0018656]}, "properties": {"kind": "works"}}, {"type": "Feature", "geometry": {"type": "Point", "coordinates": [-77.0843651, -12.049597400000001]}, "properties": {"kind": "works"}}, {"type": "Feature", "geometry": {"type": "Point", "coordinates": [-77.10055, -12.0314188]}, "properties": {"kind": "works"}}, {"type": "Feature", "geometry": {"type": "Point", "coordinates": [-77.1274832, -12.003610400000001]}, "properties": {"kind": "works"}}, {"type": "Feature", "geometry": {"type": "Point", "coordinates": [-77.1033793, -12.019854]}, "properties": {"kind": "works"}}, {"type": "Feature", "geometry": {"type": "Point", "coordinates": [-77.092554, -12.061901800000001]}, "properties": {"kind": "works"}}, {"type": "Feature", "geometry": {"type": "Point", "coordinates": [-77.12474850000001, -11.987643]}, "properties": {"kind": "works"}}, {"type": "Feature", "geometry": {"type": "Point", "coordinates": [-77.10727460000001, -12.0183601]}, "properties": {"kind": "works"}}, {"type": "Feature", "geometry": {"type": "Point", "coordinates": [-77.08831310000001, -12.0451387]}, "properties": {"kind": "works"}}, {"type": "Feature", "geometry": {"type": "Point", "coordinates": [-77.09683770000001, -12.048470100000001]}, "properties": {"kind": "works"}}, {"type": "Feature", "geometry": {"type": "Point", "coordinates": [-77.12779060000001, -11.977222900000001]}, "properties": {"kind": "works"}}, {"type": "Feature", "geometry": {"type": "Point", "coordinates": [-77.12734110000001, -11.983603800000001]}, "properties": {"kind": "works"}}, {"type": "Feature", "geometry": {"type": "Point", "coordinates": [-77.0956082, -12.0483977]}, "properties": {"kind": "works"}}, {"type": "Feature", "geometry": {"type": "Point", "coordinates": [-77.13343040000001, -12.0008137]}, "properties": {"kind": "works"}}, {"type": "Feature", "geometry": {"type": "Point", "coordinates": [-77.1332613, -11.9994601]}, "properties": {"kind": "works"}}, {"type": "Feature", "geometry": {"type": "Point", "coordinates": [-77.1330298, -11.998049700000001]}, "properties": {"kind": "works"}}, {"type": "Feature", "geometry": {"type": "Point", "coordinates": [-77.1332563, -11.9991447]}, "properties": {"kind": "works"}}, {"type": "Feature", "geometry": {"type": "Point", "coordinates": [-77.1296016, -11.9572231]}, "properties": {"kind": "works"}}, {"type": "Feature", "geometry": {"type": "Point", "coordinates": [-77.1332534, -11.999398900000001]}, "properties": {"kind": "works"}}, {"type": "Feature", "geometry": {"type": "Point", "coordinates": [-77.12717210000001, -12.002519600000001]}, "properties": {"kind": "works"}}, {"type": "Feature", "geometry": {"type": "Point", "coordinates": [-77.1011627, -12.0610441]}, "properties": {"kind": "works"}}, {"type": "Feature", "geometry": {"type": "Point", "coordinates": [-77.10228140000001, -12.052057900000001]}, "properties": {"kind": "works"}}, {"type": "Feature", "geometry": {"type": "Point", "coordinates": [-77.1022397, -12.0489437]}, "properties": {"kind": "works"}}, {"type": "Feature", "geometry": {"type": "Point", "coordinates": [-77.08731990000001, -12.049515600000001]}, "properties": {"kind": "works"}}, {"type": "Feature", "geometry": {"type": "Point", "coordinates": [-77.08859430000001, -12.050342]}, "properties": {"kind": "works"}}, {"type": "Feature", "geometry": {"type": "Point", "coordinates": [-77.0990062, -12.046751]}, "properties": {"kind": "works"}}, {"type": "Feature", "geometry": {"type": "Point", "coordinates": [-77.1477131, -12.065288500000001]}, "properties": {"kind": "works"}}, {"type": "Feature", "geometry": {"type": "Point", "coordinates": [-77.0886143, -12.0458691]}, "properties": {"kind": "works"}}, {"type": "Feature", "geometry": {"type": "Point", "coordinates": [-77.1002684, -12.027822400000002]}, "properties": {"kind": "works"}}, {"type": "Feature", "geometry": {"type": "Point", "coordinates": [-77.08863670000001, -12.052137]}, "properties": {"kind": "works"}}, {"type": "Feature", "geometry": {"type": "Point", "coordinates": [-77.1281075, -12.050539]}, "properties": {"kind": "works"}}, {"type": "Feature", "geometry": {"type": "Point", "coordinates": [-77.0854661, -12.049537800000001]}, "properties": {"kind": "works"}}, {"type": "Feature", "geometry": {"type": "Point", "coordinates": [-77.12723460000001, -12.0460469]}, "properties": {"kind": "works"}}, {"type": "Feature", "geometry": {"type": "Point", "coordinates": [-77.11341250000001, -12.0062101]}, "properties": {"kind": "works"}}, {"type": "Feature", "geometry": {"type": "Point", "coordinates": [-77.1245971, -12.0505326]}, "properties": {"kind": "works"}}, {"type": "Feature", "geometry": {"type": "Point", "coordinates": [-77.1278963, -12.046477600000001]}, "properties": {"kind": "works"}}, {"type": "Feature", "geometry": {"type": "Point", "coordinates": [-77.1267179, -12.0472596]}, "properties": {"kind": "works"}}, {"type": "Feature", "geometry": {"type": "Point", "coordinates": [-77.0850047, -12.0487798]}, "properties": {"kind": "works"}}, {"type": "Feature", "geometry": {"type": "Point", "coordinates": [-77.088166, -12.052084]}, "properties": {"kind": "works"}}, {"type": "Feature", "geometry": {"type": "Point", "coordinates": [-77.1290431, -11.9857332]}, "properties": {"kind": "works"}}, {"type": "Feature", "geometry": {"type": "Point", "coordinates": [-77.10027910000001, -12.0314005]}, "properties": {"kind": "works"}}, {"type": "Feature", "geometry": {"type": "Point", "coordinates": [-77.08863930000001, -12.041675900000001]}, "properties": {"kind": "works"}}, {"type": "Feature", "geometry": {"type": "Point", "coordinates": [-77.1099133, -12.0131359]}, "properties": {"kind": "works"}}, {"type": "Feature", "geometry": {"type": "Point", "coordinates": [-77.1126117, -12.0501898]}, "properties": {"kind": "works"}}, {"type": "Feature", "geometry": {"type": "Point", "coordinates": [-77.1258083, -11.9885374]}, "properties": {"kind": "works"}}, {"type": "Feature", "geometry": {"type": "Point", "coordinates": [-77.12710050000001, -12.001729300000001]}, "properties": {"kind": "works"}}, {"type": "Feature", "geometry": {"type": "Point", "coordinates": [-77.1284823, -12.0459815]}, "properties": {"kind": "works"}}, {"type": "Feature", "geometry": {"type": "Point", "coordinates": [-77.1217713, -12.0506864]}, "properties": {"kind": "works"}}, {"type": "Feature", "geometry": {"type": "Point", "coordinates": [-77.08774770000001, -12.049229500000001]}, "properties": {"kind": "works"}}, {"type": "Feature", "geometry": {"type": "Point", "coordinates": [-77.12600470000001, -11.968977200000001]}, "properties": {"kind": "works"}}, {"type": "Feature", "geometry": {"type": "Point", "coordinates": [-77.0918709, -12.022016500000001]}, "properties": {"kind": "works"}}, {"type": "Feature", "geometry": {"type": "Point", "coordinates": [-77.11013820000001, -12.0151038]}, "properties": {"kind": "works"}}, {"type": "Feature", "geometry": {"type": "Point", "coordinates": [-77.1068765, -12.048990100000001]}, "properties": {"kind": "works"}}, {"type": "Feature", "geometry": {"type": "Point", "coordinates": [-77.10513420000001, -12.048863800000001]}, "properties": {"kind": "works"}}, {"type": "Feature", "geometry": {"type": "Point", "coordinates": [-77.08324660000001, -12.0506562]}, "properties": {"kind": "works"}}, {"type": "Feature", "geometry": {"type": "Point", "coordinates": [-77.0880147, -12.047787600000001]}, "properties": {"kind": "works"}}, {"type": "Feature", "geometry": {"type": "Point", "coordinates": [-77.09860830000001, -12.048899400000002]}, "properties": {"kind": "works"}}, {"type": "Feature", "geometry": {"type": "Point", "coordinates": [-77.0989684, -12.0473324]}, "properties": {"kind": "works"}}, {"type": "Feature", "geometry": {"type": "Point", "coordinates": [-77.098072, -12.048610700000001]}, "properties": {"kind": "works"}}, {"type": "Feature", "geometry": {"type": "Point", "coordinates": [-77.1021894, -12.0486223]}, "properties": {"kind": "works"}}, {"type": "Feature", "geometry": {"type": "Point", "coordinates": [-77.08421580000001, -12.0508182]}, "properties": {"kind": "works"}}, {"type": "Feature", "geometry": {"type": "Point", "coordinates": [-77.0906611, -12.0525789]}, "properties": {"kind": "works"}}, {"type": "Feature", "geometry": {"type": "Point", "coordinates": [-77.0934206, -12.0482223]}, "properties": {"kind": "works"}}, {"type": "Feature", "geometry": {"type": "Point", "coordinates": [-77.09105220000001, -12.0526496]}, "properties": {"kind": "works"}}, {"type": "Feature", "geometry": {"type": "Point", "coordinates": [-77.1032976, -12.048643400000001]}, "properties": {"kind": "works"}}, {"type": "Feature", "geometry": {"type": "Point", "coordinates": [-77.112919, -12.007143300000001]}, "properties": {"kind": "works"}}, {"type": "Feature", "geometry": {"type": "Point", "coordinates": [-77.0843962, -12.0494047]}, "properties": {"kind": "works"}}, {"type": "Feature", "geometry": {"type": "Point", "coordinates": [-77.12713430000001, -12.002348300000001]}, "properties": {"kind": "works"}}, {"type": "Feature", "geometry": {"type": "Point", "coordinates": [-77.12833420000001, -12.046845600000001]}, "properties": {"kind": "works"}}, {"type": "Feature", "geometry": {"type": "Point", "coordinates": [-77.12546900000001, -11.971884900000001]}, "properties": {"kind": "works"}}, {"type": "Feature", "geometry": {"type": "Point", "coordinates": [-77.127545, -11.9680631]}, "properties": {"kind": "works"}}, {"type": "Feature", "geometry": {"type": "Point", "coordinates": [-77.09330410000001, -12.0619723]}, "properties": {"kind": "works"}}, {"type": "Feature", "geometry": {"type": "Point", "coordinates": [-77.10313810000001, -12.049044100000001]}, "properties": {"kind": "works"}}, {"type": "Feature", "geometry": {"type": "Point", "coordinates": [-77.1252036, -12.0510119]}, "properties": {"kind": "works"}}, {"type": "Feature", "geometry": {"type": "Point", "coordinates": [-77.13119660000001, -11.9849745]}, "properties": {"kind": "works"}}, {"type": "Feature", "geometry": {"type": "Point", "coordinates": [-77.1272534, -12.0473233]}, "properties": {"kind": "works"}}, {"type": "Feature", "geometry": {"type": "Point", "coordinates": [-77.09459890000001, -12.048346200000001]}, "properties": {"kind": "works"}}, {"type": "Feature", "geometry": {"type": "Point", "coordinates": [-77.12549510000001, -11.979706100000001]}, "properties": {"kind": "works"}}, {"type": "Feature", "geometry": {"type": "Point", "coordinates": [-77.09182530000001, -12.0446668]}, "properties": {"kind": "works"}}, {"type": "Feature", "geometry": {"type": "Point", "coordinates": [-77.12900110000001, -12.050929700000001]}, "properties": {"kind": "works"}}, {"type": "Feature", "geometry": {"type": "Point", "coordinates": [-77.0906961, -12.0452712]}, "properties": {"kind": "works"}}, {"type": "Feature", "geometry": {"type": "Point", "coordinates": [-77.1079907, -12.011157500000001]}, "properties": {"kind": "works"}}, {"type": "Feature", "geometry": {"type": "Point", "coordinates": [-77.09140430000001, -12.043682200000001]}, "properties": {"kind": "works"}}, {"type": "Feature", "geometry": {"type": "Point", "coordinates": [-77.1070533, -12.0142561]}, "properties": {"kind": "works"}}, {"type": "Feature", "geometry": {"type": "Point", "coordinates": [-77.1274301, -12.0472751]}, "properties": {"kind": "works"}}, {"type": "Feature", "geometry": {"type": "Point", "coordinates": [-77.1229009, -12.0504397]}, "properties": {"kind": "works"}}, {"type": "Feature", "geometry": {"type": "Point", "coordinates": [-77.10958430000001, -12.0471938]}, "properties": {"kind": "works"}}, {"type": "Feature", "geometry": {"type": "Point", "coordinates": [-77.08331840000001, -12.0490195]}, "properties": {"kind": "works"}}, {"type": "Feature", "geometry": {"type": "Point", "coordinates": [-77.109074, -12.014917200000001]}, "properties": {"kind": "works"}}, {"type": "Feature", "geometry": {"type": "Point", "coordinates": [-77.0843286, -12.049944100000001]}, "properties": {"kind": "works"}}, {"type": "Feature", "geometry": {"type": "Point", "coordinates": [-77.0830847, -12.049356300000001]}, "properties": {"kind": "works"}}, {"type": "Feature", "geometry": {"type": "Point", "coordinates": [-77.0963294, -12.049429700000001]}, "properties": {"kind": "works"}}, {"type": "Feature", "geometry": {"type": "Point", "coordinates": [-77.1257738, -11.986651]}, "properties": {"kind": "works"}}, {"type": "Feature", "geometry": {"type": "Point", "coordinates": [-77.11828650000001, -12.0483755]}, "properties": {"kind": "works"}}, {"type": "Feature", "geometry": {"type": "Point", "coordinates": [-77.12207500000001, -12.050015400000001]}, "properties": {"kind": "works"}}, {"type": "Feature", "geometry": {"type": "Point", "coordinates": [-77.1491702, -12.0580814]}, "properties": {"kind": "lighthouse"}}, {"type": "Feature", "geometry": {"type": "Point", "coordinates": [-77.2077289, -12.0824984]}, "properties": {"kind": "light_minor"}}, {"type": "Feature", "geometry": {"type": "Point", "coordinates": [-77.2334457, -12.0740843]}, "properties": {"kind": "lighthouse"}}, {"type": "Feature", "geometry": {"type": "Point", "coordinates": [-77.086284, -12.038204400000001]}, "properties": {"kind": "surveillance"}}, {"type": "Feature", "geometry": {"type": "Point", "coordinates": [-77.0827661, -11.9708471]}, "properties": {"kind": "water_well"}}, {"type": "Feature", "geometry": {"type": "Point", "coordinates": [-77.08344530000001, -11.970670400000001]}, "properties": {"kind": "tower"}}, {"type": "Feature", "geometry": {"type": "Point", "coordinates": [-77.097561, -12.0618654]}, "properties": {"kind": "tower"}}, {"type": "Feature", "geometry": {"type": "Point", "coordinates": [-77.06937950000001, -12.1010302]}, "properties": {"kind": "tower"}}, {"type": "Feature", "geometry": {"type": "Point", "coordinates": [-77.1293261, -12.057828800000001]}, "properties": {"kind": "works"}}, {"type": "Feature", "geometry": {"type": "Point", "coordinates": [-77.14914300000001, -12.0413364]}, "properties": {"kind": "crane"}}, {"type": "Feature", "geometry": {"type": "Point", "coordinates": [-77.07615700000001, -12.0426096]}, "properties": {"kind": "works"}}, {"type": "Feature", "geometry": {"type": "Point", "coordinates": [-77.0755252, -12.0450621]}, "properties": {"kind": "works"}}, {"type": "Feature", "geometry": {"type": "Point", "coordinates": [-77.0710504, -12.0449856]}, "properties": {"kind": "works"}}, {"type": "Feature", "geometry": {"type": "Point", "coordinates": [-77.07240320000001, -12.045417400000002]}, "properties": {"kind": "works"}}, {"type": "Feature", "geometry": {"type": "Point", "coordinates": [-77.06842280000001, -12.044843100000001]}, "properties": {"kind": "works"}}, {"type": "Feature", "geometry": {"type": "Point", "coordinates": [-77.07077670000001, -12.0425573]}, "properties": {"kind": "works"}}, {"type": "Feature", "geometry": {"type": "Point", "coordinates": [-77.074291, -12.039366600000001]}, "properties": {"kind": "works"}}, {"type": "Feature", "geometry": {"type": "Point", "coordinates": [-77.0606757, -12.044555]}, "properties": {"kind": "works"}}, {"type": "Feature", "geometry": {"type": "Point", "coordinates": [-77.0431413, -12.0706045]}, "properties": {"kind": "tower"}}, {"type": "Feature", "geometry": {"type": "Point", "coordinates": [-77.1280991, -11.961814400000002]}, "properties": {"kind": "works"}}, {"type": "Feature", "geometry": {"type": "Point", "coordinates": [-77.0411412, -12.068351000000002]}, "properties": {"kind": "flagpole"}}, {"type": "Feature", "geometry": {"type": "Point", "coordinates": [-77.0429137, -12.1189494]}, "properties": {"kind": "flagpole"}}, {"type": "Feature", "geometry": {"type": "Point", "coordinates": [-77.04291210000001, -12.119011500000001]}, "properties": {"kind": "flagpole"}}, {"type": "Feature", "geometry": {"type": "Point", "coordinates": [-77.1278789, -12.057595300000001]}, "properties": {"kind": "antenna"}}, {"type": "Feature", "geometry": {"type": "Point", "coordinates": [-77.1257597, -12.0497305]}, "properties": {"kind": "antenna"}}, {"type": "Feature", "geometry": {"type": "Point", "coordinates": [-77.1259488, -11.990335400000001]}, "properties": {"kind": "antenna"}}, {"type": "Feature", "geometry": {"type": "Point", "coordinates": [-77.12946070000001, -12.023282400000001]}, "properties": {"kind": "antenna"}}, {"type": "Feature", "geometry": {"type": "Point", "coordinates": [-77.0364503, -12.057170200000002]}, "properties": {"kind": "flagpole"}}, {"type": "Feature", "geometry": {"type": "Point", "coordinates": [-77.03644460000001, -12.057249500000001]}, "properties": {"kind": "flagpole"}}, {"type": "Feature", "geometry": {"type": "Point", "coordinates": [-77.0364393, -12.057340400000001]}, "properties": {"kind": "flagpole"}}, {"type": "Feature", "geometry": {"type": "Point", "coordinates": [-77.0354384, -12.057726200000001]}, "properties": {"kind": "flagpole"}}, {"type": "Feature", "geometry": {"type": "Point", "coordinates": [-77.0947323, -11.93537]}, "properties": {"kind": "water_well"}}, {"type": "Feature", "geometry": {"type": "Point", "coordinates": [-77.0573866, -12.0182122]}, "properties": {"kind": "water_well"}}, {"type": "Feature", "geometry": {"type": "Point", "coordinates": [-77.0921771, -11.988756400000002]}, "properties": {"kind": "water_well"}}, {"type": "Feature", "geometry": {"type": "Point", "coordinates": [-77.0307528, -12.0449196]}, "properties": {"kind": "flagpole"}}, {"type": "Feature", "geometry": {"type": "Point", "coordinates": [-77.03266430000001, -12.0700561]}, "properties": {"kind": "flagpole"}}, {"type": "Feature", "geometry": {"type": "Point", "coordinates": [-77.032498, -12.0701882]}, "properties": {"kind": "flagpole"}}, {"type": "Feature", "geometry": {"type": "Point", "coordinates": [-77.0356392, -12.061511600000001]}, "properties": {"kind": "flagpole"}}, {"type": "Feature", "geometry": {"type": "Point", "coordinates": [-77.0356019, -12.061505400000001]}, "properties": {"kind": "flagpole"}}, {"type": "Feature", "geometry": {"type": "Point", "coordinates": [-77.0574792, -12.0481329]}, "properties": {"kind": "works"}}, {"type": "Feature", "geometry": {"type": "Point", "coordinates": [-77.1061516, -12.0218118]}, "properties": {"kind": "flagpole"}}, {"type": "Feature", "geometry": {"type": "Point", "coordinates": [-77.10612880000001, -12.021817100000002]}, "properties": {"kind": "flagpole"}}, {"type": "Feature", "geometry": {"type": "Point", "coordinates": [-77.1061114, -12.0218302]}, "properties": {"kind": "flagpole"}}, {"type": "Feature", "geometry": {"type": "Point", "coordinates": [-77.1060886, -12.0218512]}, "properties": {"kind": "flagpole"}}, {"type": "Feature", "geometry": {"type": "Point", "coordinates": [-77.1060671, -12.0218722]}, "properties": {"kind": "flagpole"}}, {"type": "Feature", "geometry": {"type": "Point", "coordinates": [-77.1060497, -12.0218945]}, "properties": {"kind": "flagpole"}}, {"type": "Feature", "geometry": {"type": "Point", "coordinates": [-77.10603760000001, -12.0219115]}, "properties": {"kind": "flagpole"}}, {"type": "Feature", "geometry": {"type": "Point", "coordinates": [-77.1060363, -12.0219299]}, "properties": {"kind": "flagpole"}}, {"type": "Feature", "geometry": {"type": "Point", "coordinates": [-77.10602820000001, -12.0219509]}, "properties": {"kind": "flagpole"}}, {"type": "Feature", "geometry": {"type": "Point", "coordinates": [-77.10603090000001, -12.0219679]}, "properties": {"kind": "flagpole"}}, {"type": "Feature", "geometry": {"type": "Point", "coordinates": [-77.10602420000001, -12.021990200000001]}, "properties": {"kind": "flagpole"}}, {"type": "Feature", "geometry": {"type": "Point", "coordinates": [-77.1060269, -12.0220099]}, "properties": {"kind": "flagpole"}}, {"type": "Feature", "geometry": {"type": "Point", "coordinates": [-77.10602820000001, -12.0220283]}, "properties": {"kind": "flagpole"}}, {"type": "Feature", "geometry": {"type": "Point", "coordinates": [-77.1069664, -12.051101200000002]}, "properties": {"kind": "water_well"}}, {"type": "Feature", "geometry": {"type": "Point", "coordinates": [-77.10075660000001, -12.0288479]}, "properties": {"kind": "works"}}, {"type": "Feature", "geometry": {"type": "Point", "coordinates": [-77.0666561, -12.036597100000002]}, "properties": {"kind": "water_tower"}}, {"type": "Feature", "geometry": {"type": "Point", "coordinates": [-77.05342800000001, -12.0859497]}, "properties": {"kind": "surveillance"}}, {"type": "Feature", "geometry": {"type": "Point", "coordinates": [-77.0820971, -12.0529048]}, "properties": {"kind": "flagpole"}}, {"type": "Feature", "geometry": {"type": "Point", "coordinates": [-77.0786535, -11.996823200000001]}, "properties": {"kind": "flagpole"}}, {"type": "Feature", "geometry": {"type": "Point", "coordinates": [-77.08576980000001, -12.044847800000001]}, "properties": {"kind": "works"}}, {"type": "Feature", "geometry": {"type": "Point", "coordinates": [-77.0856444, -12.045628]}, "properties": {"kind": "works"}}, {"type": "Feature", "geometry": {"type": "Point", "coordinates": [-77.09042310000001, -12.039393400000002]}, "properties": {"kind": "pumping_station"}}, {"type": "Feature", "geometry": {"type": "Point", "coordinates": [-77.08153510000001, -12.047403800000001]}, "properties": {"kind": "works"}}, {"type": "Feature", "geometry": {"type": "Point", "coordinates": [-77.039606, -12.0565862]}, "properties": {"kind": "tower"}}, {"type": "Feature", "geometry": {"type": "Point", "coordinates": [-77.11314490000001, -12.0762555]}, "properties": {"kind": "tower"}}, {"type": "Feature", "geometry": {"type": "Point", "coordinates": [-77.1526051, -12.037935500000001]}, "properties": {"kind": "wreck"}}, {"type": "Feature", "geometry": {"type": "Point", "coordinates": [-77.1558881, -12.033402500000001]}, "properties": {"kind": "wreck"}}, {"type": "Feature", "geometry": {"type": "Point", "coordinates": [-77.15683220000001, -12.0353752]}, "properties": {"kind": "wreck"}}, {"type": "Feature", "geometry": {"type": "Point", "coordinates": [-77.1628833, -12.033633400000001]}, "properties": {"kind": "wreck"}}, {"type": "Feature", "geometry": {"type": "Point", "coordinates": [-77.19547750000001, -12.0033276]}, "properties": {"kind": "wreck"}}, {"type": "Feature", "geometry": {"type": "Point", "coordinates": [-77.15935350000001, -12.061984200000001]}, "properties": {"kind": "mooring"}}, {"type": "Feature", "geometry": {"type": "Point", "coordinates": [-77.15732580000001, -12.0610399]}, "properties": {"kind": "mooring"}}, {"type": "Feature", "geometry": {"type": "Point", "coordinates": [-77.15587740000001, -12.063788800000001]}, "properties": {"kind": "buoy_special_purpose"}}, {"type": "Feature", "geometry": {"type": "Point", "coordinates": [-77.15695020000001, -12.064712]}, "properties": {"kind": "buoy_special_purpose"}}, {"type": "Feature", "geometry": {"type": "Point", "coordinates": [-77.1582484, -12.064733]}, "properties": {"kind": "wreck"}}, {"type": "Feature", "geometry": {"type": "Point", "coordinates": [-77.15887070000001, -12.065404500000001]}, "properties": {"kind": "obstruction"}}, {"type": "Feature", "geometry": {"type": "Point", "coordinates": [-77.17929840000001, -12.011240200000001]}, "properties": {"kind": "wreck"}}, {"type": "Feature", "geometry": {"type": "Point", "coordinates": [-77.16691730000001, -12.029646000000001]}, "properties": {"kind": "wreck"}}, {"type": "Feature", "geometry": {"type": "Point", "coordinates": [-77.205627, -12.085883800000001]}, "properties": {"kind": "wreck"}}, {"type": "Feature", "geometry": {"type": "Point", "coordinates": [-77.2161198, -12.0182081]}, "properties": {"kind": "wreck"}}, {"type": "Feature", "geometry": {"type": "Point", "coordinates": [-77.17408420000001, -12.0315977]}, "properties": {"kind": "wreck"}}, {"type": "Feature", "geometry": {"type": "Point", "coordinates": [-77.160008, -12.0391946]}, "properties": {"kind": "wreck"}}, {"type": "Feature", "geometry": {"type": "Point", "coordinates": [-77.1643639, -12.0396353]}, "properties": {"kind": "wreck"}}, {"type": "Feature", "geometry": {"type": "Point", "coordinates": [-77.16543680000001, -12.042720200000002]}, "properties": {"kind": "wreck"}}, {"type": "Feature", "geometry": {"type": "Point", "coordinates": [-77.16687440000001, -12.039761200000001]}, "properties": {"kind": "wreck"}}, {"type": "Feature", "geometry": {"type": "Point", "coordinates": [-77.16734650000001, -12.0296669]}, "properties": {"kind": "buoy_isolated_danger"}}, {"type": "Feature", "geometry": {"type": "Point", "coordinates": [-77.1745563, -12.0316606]}, "properties": {"kind": "buoy_isolated_danger"}}, {"type": "Feature", "geometry": {"type": "Point", "coordinates": [-77.1795237, -12.0705664]}, "properties": {"kind": "buoy_cardinal"}}, {"type": "Feature", "geometry": {"type": "Point", "coordinates": [-77.13947300000001, -11.9973039]}, "properties": {"kind": "mooring"}}, {"type": "Feature", "geometry": {"type": "Point", "coordinates": [-77.1392155, -11.998899000000002]}, "properties": {"kind": "mooring"}}, {"type": "Feature", "geometry": {"type": "Point", "coordinates": [-77.1394301, -11.9995917]}, "properties": {"kind": "mooring"}}, {"type": "Feature", "geometry": {"type": "Point", "coordinates": [-77.1398592, -12.001501600000001]}, "properties": {"kind": "mooring"}}, {"type": "Feature", "geometry": {"type": "Point", "coordinates": [-77.1395803, -12.002614000000001]}, "properties": {"kind": "mooring"}}, {"type": "Feature", "geometry": {"type": "Point", "coordinates": [-77.1444941, -12.004943800000001]}, "properties": {"kind": "wreck"}}, {"type": "Feature", "geometry": {"type": "Point", "coordinates": [-77.1566391, -12.0209574]}, "properties": {"kind": "obstruction"}}, {"type": "Feature", "geometry": {"type": "Point", "coordinates": [-77.1561027, -12.025511600000002]}, "properties": {"kind": "obstruction"}}, {"type": "Feature", "geometry": {"type": "Point", "coordinates": [-77.17102650000001, -12.0417549]}, "properties": {"kind": "wreck"}}, {"type": "Feature", "geometry": {"type": "Point", "coordinates": [-77.1705651, -12.0408945]}, "properties": {"kind": "buoy_isolated_danger"}}, {"type": "Feature", "geometry": {"type": "Point", "coordinates": [-77.22727780000001, -12.036991100000002]}, "properties": {"kind": "light_vessel"}}, {"type": "Feature", "geometry": {"type": "Point", "coordinates": [-77.18743090000001, -12.058427400000001]}, "properties": {"kind": "wreck"}}, {"type": "Feature", "geometry": {"type": "Point", "coordinates": [-77.1870232, -12.058322400000002]}, "properties": {"kind": "buoy_isolated_danger"}}, {"type": "Feature", "geometry": {"type": "Point", "coordinates": [-77.202301, -12.0682478]}, "properties": {"kind": "wreck"}}, {"type": "Feature", "geometry": {"type": "Point", "coordinates": [-77.1986103, -12.071542200000001]}, "properties": {"kind": "wreck"}}, {"type": "Feature", "geometry": {"type": "Point", "coordinates": [-77.19908240000001, -12.0717625]}, "properties": {"kind": "buoy_isolated_danger"}}, {"type": "Feature", "geometry": {"type": "Point", "coordinates": [-77.17563990000001, -12.0435072]}, "properties": {"kind": "buoy_lateral"}}, {"type": "Feature", "geometry": {"type": "Point", "coordinates": [-77.1707475, -12.0445145]}, "properties": {"kind": "buoy_lateral"}}, {"type": "Feature", "geometry": {"type": "Point", "coordinates": [-77.1656191, -12.0451545]}, "properties": {"kind": "buoy_lateral"}}, {"type": "Feature", "geometry": {"type": "Point", "coordinates": [-77.16068390000001, -12.046035900000001]}, "properties": {"kind": "buoy_lateral"}}, {"type": "Feature", "geometry": {"type": "Point", "coordinates": [-77.1604908, -12.048743]}, "properties": {"kind": "buoy_special_purpose"}}, {"type": "Feature", "geometry": {"type": "Point", "coordinates": [-77.1583343, -12.048994800000001]}, "properties": {"kind": "buoy_special_purpose"}}, {"type": "Feature", "geometry": {"type": "Point", "coordinates": [-77.16013670000001, -12.044871200000001]}, "properties": {"kind": "wreck"}}, {"type": "Feature", "geometry": {"type": "Point", "coordinates": [-77.14149, -12.049842100000001]}, "properties": {"kind": "beacon_special_purpose"}}, {"type": "Feature", "geometry": {"type": "Point", "coordinates": [-77.1438182, -12.049498400000001]}, "properties": {"kind": "beacon_special_purpose"}}, {"type": "Feature", "geometry": {"type": "Point", "coordinates": [-77.17600470000001, -12.045689600000001]}, "properties": {"kind": "buoy_lateral"}}, {"type": "Feature", "geometry": {"type": "Point", "coordinates": [-77.1709728, -12.046613]}, "properties": {"kind": "buoy_lateral"}}, {"type": "Feature", "geometry": {"type": "Point", "coordinates": [-77.16615560000001, -12.047074700000001]}, "properties": {"kind": "buoy_lateral"}}, {"type": "Feature", "geometry": {"type": "Point", "coordinates": [-77.1610057, -12.047966500000001]}, "properties": {"kind": "buoy_lateral"}}, {"type": "Feature", "geometry": {"type": "Point", "coordinates": [-77.1558881, -12.048606600000001]}, "properties": {"kind": "buoy_lateral"}}, {"type": "Feature", "geometry": {"type": "Point", "coordinates": [-77.0645542, -12.0975371]}, "properties": {"kind": "reservoir_covered"}}, {"type": "Feature", "geometry": {"type": "Point", "coordinates": [-77.06362010000001, -12.095920900000001]}, "properties": {"kind": "tower"}}, {"type": "Feature", "geometry": {"type": "Point", "coordinates": [-77.0530622, -12.0931324]}, "properties": {"kind": "flagpole"}}, {"type": "Feature", "geometry": {"type": "Point", "coordinates": [-77.05305200000001, -12.0931394]}, "properties": {"kind": "flagpole"}}, {"type": "Feature", "geometry": {"type": "Point", "coordinates": [-77.0530416, -12.093145100000001]}, "properties": {"kind": "flagpole"}}, {"type": "Feature", "geometry": {"type": "Point", "coordinates": [-77.0530296, -12.093152600000002]}, "properties": {"kind": "flagpole"}}, {"type": "Feature", "geometry": {"type": "Point", "coordinates": [-77.0530188, -12.093159]}, "properties": {"kind": "flagpole"}}, {"type": "Feature", "geometry": {"type": "Point", "coordinates": [-77.05293680000001, -12.093212600000001]}, "properties": {"kind": "flagpole"}}, {"type": "Feature", "geometry": {"type": "Point", "coordinates": [-77.0529475, -12.093206200000001]}, "properties": {"kind": "flagpole"}}, {"type": "Feature", "geometry": {"type": "Point", "coordinates": [-77.0529595, -12.0931987]}, "properties": {"kind": "flagpole"}}, {"type": "Feature", "geometry": {"type": "Point", "coordinates": [-77.05296990000001, -12.093193000000001]}, "properties": {"kind": "flagpole"}}, {"type": "Feature", "geometry": {"type": "Point", "coordinates": [-77.0529801, -12.093186000000001]}, "properties": {"kind": "flagpole"}}, {"type": "Feature", "geometry": {"type": "Point", "coordinates": [-77.05285040000001, -12.0932688]}, "properties": {"kind": "flagpole"}}, {"type": "Feature", "geometry": {"type": "Point", "coordinates": [-77.0528611, -12.0932624]}, "properties": {"kind": "flagpole"}}, {"type": "Feature", "geometry": {"type": "Point", "coordinates": [-77.0528731, -12.0932548]}, "properties": {"kind": "flagpole"}}, {"type": "Feature", "geometry": {"type": "Point", "coordinates": [-77.05288350000001, -12.0932492]}, "properties": {"kind": "flagpole"}}, {"type": "Feature", "geometry": {"type": "Point", "coordinates": [-77.0528937, -12.093242100000001]}, "properties": {"kind": "flagpole"}}, {"type": "Feature", "geometry": {"type": "Point", "coordinates": [-77.05275180000001, -12.0933334]}, "properties": {"kind": "flagpole"}}, {"type": "Feature", "geometry": {"type": "Point", "coordinates": [-77.05276260000001, -12.093327]}, "properties": {"kind": "flagpole"}}, {"type": "Feature", "geometry": {"type": "Point", "coordinates": [-77.0527745, -12.0933194]}, "properties": {"kind": "flagpole"}}, {"type": "Feature", "geometry": {"type": "Point", "coordinates": [-77.0527849, -12.0933138]}, "properties": {"kind": "flagpole"}}, {"type": "Feature", "geometry": {"type": "Point", "coordinates": [-77.05279510000001, -12.093306700000001]}, "properties": {"kind": "flagpole"}}, {"type": "Feature", "geometry": {"type": "Point", "coordinates": [-77.0526578, -12.093395000000001]}, "properties": {"kind": "flagpole"}}, {"type": "Feature", "geometry": {"type": "Point", "coordinates": [-77.05266850000001, -12.0933886]}, "properties": {"kind": "flagpole"}}, {"type": "Feature", "geometry": {"type": "Point", "coordinates": [-77.05268050000001, -12.093381]}, "properties": {"kind": "flagpole"}}, {"type": "Feature", "geometry": {"type": "Point", "coordinates": [-77.0526909, -12.093375400000001]}, "properties": {"kind": "flagpole"}}, {"type": "Feature", "geometry": {"type": "Point", "coordinates": [-77.05270110000001, -12.093368300000002]}, "properties": {"kind": "flagpole"}}, {"type": "Feature", "geometry": {"type": "Point", "coordinates": [-77.05269080000001, -12.0934472]}, "properties": {"kind": "flagpole"}}, {"type": "Feature", "geometry": {"type": "Point", "coordinates": [-77.0527016, -12.093440800000002]}, "properties": {"kind": "flagpole"}}, {"type": "Feature", "geometry": {"type": "Point", "coordinates": [-77.05271350000001, -12.093433200000002]}, "properties": {"kind": "flagpole"}}, {"type": "Feature", "geometry": {"type": "Point", "coordinates": [-77.0527239, -12.0934276]}, "properties": {"kind": "flagpole"}}, {"type": "Feature", "geometry": {"type": "Point", "coordinates": [-77.05273410000001, -12.0934205]}, "properties": {"kind": "flagpole"}}, {"type": "Feature", "geometry": {"type": "Point", "coordinates": [-77.0527833, -12.093387]}, "properties": {"kind": "flagpole"}}, {"type": "Feature", "geometry": {"type": "Point", "coordinates": [-77.0527941, -12.093380600000001]}, "properties": {"kind": "flagpole"}}, {"type": "Feature", "geometry": {"type": "Point", "coordinates": [-77.052806, -12.0933731]}, "properties": {"kind": "flagpole"}}, {"type": "Feature", "geometry": {"type": "Point", "coordinates": [-77.05281640000001, -12.0933674]}, "properties": {"kind": "flagpole"}}, {"type": "Feature", "geometry": {"type": "Point", "coordinates": [-77.0528266, -12.0933604]}, "properties": {"kind": "flagpole"}}, {"type": "Feature", "geometry": {"type": "Point", "coordinates": [-77.05288440000001, -12.093321900000001]}, "properties": {"kind": "flagpole"}}, {"type": "Feature", "geometry": {"type": "Point", "coordinates": [-77.05289520000001, -12.093315500000001]}, "properties": {"kind": "flagpole"}}, {"type": "Feature", "geometry": {"type": "Point", "coordinates": [-77.0529071, -12.093308]}, "properties": {"kind": "flagpole"}}, {"type": "Feature", "geometry": {"type": "Point", "coordinates": [-77.0529175, -12.0933024]}, "properties": {"kind": "flagpole"}}, {"type": "Feature", "geometry": {"type": "Point", "coordinates": [-77.0529277, -12.093295300000001]}, "properties": {"kind": "flagpole"}}, {"type": "Feature", "geometry": {"type": "Point", "coordinates": [-77.0529678, -12.093265800000001]}, "properties": {"kind": "flagpole"}}, {"type": "Feature", "geometry": {"type": "Point", "coordinates": [-77.05297850000001, -12.0932594]}, "properties": {"kind": "flagpole"}}, {"type": "Feature", "geometry": {"type": "Point", "coordinates": [-77.0529905, -12.0932519]}, "properties": {"kind": "flagpole"}}, {"type": "Feature", "geometry": {"type": "Point", "coordinates": [-77.0530009, -12.093246200000001]}, "properties": {"kind": "flagpole"}}, {"type": "Feature", "geometry": {"type": "Point", "coordinates": [-77.0530111, -12.0932391]}, "properties": {"kind": "flagpole"}}, {"type": "Feature", "geometry": {"type": "Point", "coordinates": [-77.0530536, -12.0932101]}, "properties": {"kind": "flagpole"}}, {"type": "Feature", "geometry": {"type": "Point", "coordinates": [-77.05306440000001, -12.0932037]}, "properties": {"kind": "flagpole"}}, {"type": "Feature", "geometry": {"type": "Point", "coordinates": [-77.05307640000001, -12.093196200000001]}, "properties": {"kind": "flagpole"}}, {"type": "Feature", "geometry": {"type": "Point", "coordinates": [-77.0530868, -12.0931905]}, "properties": {"kind": "flagpole"}}, {"type": "Feature", "geometry": {"type": "Point", "coordinates": [-77.05309700000001, -12.0931835]}, "properties": {"kind": "flagpole"}}, {"type": "Feature", "geometry": {"type": "Point", "coordinates": [-77.0876387, -12.0486377]}, "properties": {"kind": "works"}}, {"type": "Feature", "geometry": {"type": "Point", "coordinates": [-77.0872946, -12.047345100000001]}, "properties": {"kind": "surveillance"}}, {"type": "Feature", "geometry": {"type": "Point", "coordinates": [-77.1379852, -12.051516600000001]}, "properties": {"kind": "works"}}, {"type": "Feature", "geometry": {"type": "Point", "coordinates": [-77.037773, -12.0972225]}, "properties": {"kind": "flagpole"}}, {"type": "Feature", "geometry": {"type": "Point", "coordinates": [-77.0377443, -12.097256300000002]}, "properties": {"kind": "flagpole"}}, {"type": "Feature", "geometry": {"type": "Point", "coordinates": [-77.0377473, -12.097278500000002]}, "properties": {"kind": "flagpole"}}, {"type": "Feature", "geometry": {"type": "Point", "coordinates": [-77.037773, -12.0972901]}, "properties": {"kind": "flagpole"}}, {"type": "Feature", "geometry": {"type": "Point", "coordinates": [-77.0378017, -12.097275600000001]}, "properties": {"kind": "flagpole"}}, {"type": "Feature", "geometry": {"type": "Point", "coordinates": [-77.0378056, -12.0972428]}, "properties": {"kind": "flagpole"}}, {"type": "Feature", "geometry": {"type": "Point", "coordinates": [-77.0377928, -12.0972225]}, "properties": {"kind": "flagpole"}}, {"type": "Feature", "geometry": {"type": "Point", "coordinates": [-77.0377522, -12.097225400000001]}, "properties": {"kind": "flagpole"}}, {"type": "Feature", "geometry": {"type": "Point", "coordinates": [-77.06052650000001, -12.0727911]}, "properties": {"kind": "water_well"}}, {"type": "Feature", "geometry": {"type": "Point", "coordinates": [-77.0424005, -12.0506291]}, "properties": {"kind": "street_cabinet"}}, {"type": "Feature", "geometry": {"type": "Point", "coordinates": [-77.0337296, -12.169102700000002]}, "properties": {"kind": "observatory"}}, {"type": "Feature", "geometry": {"type": "Point", "coordinates": [-77.09149760000001, -11.965212000000001]}, "properties": {"kind": "surveillance"}}, {"type": "Feature", "geometry": {"type": "Point", "coordinates": [-77.0355414, -12.1138647]}, "properties": {"kind": "street_cabinet"}}, {"type": "Feature", "geometry": {"type": "Point", "coordinates": [-77.0300749, -12.105891900000001]}, "properties": {"kind": "street_cabinet"}}, {"type": "Feature", "geometry": {"type": "Point", "coordinates": [-77.0791485, -11.982174200000001]}, "properties": {"kind": "water_well"}}, {"type": "Feature", "geometry": {"type": "Point", "coordinates": [-77.07709050000001, -11.982084400000002]}, "properties": {"kind": "storage_tank"}}, {"type": "Feature", "geometry": {"type": "Point", "coordinates": [-77.06075030000001, -11.9495579]}, "properties": {"kind": "street_cabinet"}}, {"type": "Feature", "geometry": {"type": "Point", "coordinates": [-77.2334199, -12.129560300000001]}, "properties": {"kind": "lighthouse"}}, {"type": "Feature", "geometry": {"type": "Point", "coordinates": [-77.1552757, -12.0654584]}, "properties": {"kind": "lighthouse"}}, {"type": "Feature", "geometry": {"type": "Point", "coordinates": [-77.040152, -12.123674300000001]}, "properties": {"kind": "lighthouse"}}, {"type": "Feature", "geometry": {"type": "Point", "coordinates": [-77.05684620000001, -12.014774000000001]}, "properties": {"kind": "water_tower"}}, {"type": "Feature", "geometry": {"type": "Point", "coordinates": [-77.09700690000001, -12.006374300000001]}, "properties": {"kind": "water_tower"}}, {"type": "Feature", "geometry": {"type": "Point", "coordinates": [-77.0540151, -11.950683300000001]}, "properties": {"kind": "water_tower"}}, {"type": "Feature", "geometry": {"type": "Point", "coordinates": [-77.045872, -12.1174908]}, "properties": {"kind": "water_tap"}}, {"type": "Feature", "geometry": {"type": "Point", "coordinates": [-77.04364480000001, -12.0314273]}, "properties": {"kind": "surveillance"}}, {"type": "Feature", "geometry": {"type": "Point", "coordinates": [-77.04392890000001, -12.031149300000001]}, "properties": {"kind": "surveillance"}}, {"type": "Feature", "geometry": {"type": "Point", "coordinates": [-77.0438908, -12.031552600000001]}, "properties": {"kind": "surveillance"}}, {"type": "Feature", "geometry": {"type": "Point", "coordinates": [-77.0442829, -12.031452300000002]}, "properties": {"kind": "surveillance"}}, {"type": "Feature", "geometry": {"type": "Point", "coordinates": [-77.0443147, -12.030653800000001]}, "properties": {"kind": "surveillance"}}, {"type": "Feature", "geometry": {"type": "Point", "coordinates": [-77.13277310000001, -11.9907383]}, "properties": {"kind": "works"}}, {"type": "Feature", "geometry": {"type": "Point", "coordinates": [-77.1179931, -11.935412300000001]}, "properties": {"kind": "chimney"}}, {"type": "Feature", "geometry": {"type": "Point", "coordinates": [-77.1177016, -11.9354475]}, "properties": {"kind": "chimney"}}, {"type": "Feature", "geometry": {"type": "Point", "coordinates": [-77.11783770000001, -11.9359075]}, "properties": {"kind": "chimney"}}, {"type": "Feature", "geometry": {"type": "Point", "coordinates": [-77.1181354, -11.935876400000001]}, "properties": {"kind": "chimney"}}, {"type": "Feature", "geometry": {"type": "Point", "coordinates": [-77.0675082, -11.9484326]}, "properties": {"kind": "works"}}, {"type": "Feature", "geometry": {"type": "Point", "coordinates": [-77.1221002, -12.0182105]}, "properties": {"kind": "tower"}}, {"type": "Feature", "geometry": {"type": "Point", "coordinates": [-77.0647211, -12.0568089]}, "properties": {"kind": "works"}}, {"type": "Feature", "geometry": {"type": "Point", "coordinates": [-77.03081710000001, -12.1316869]}, "properties": {"kind": "surveillance"}}, {"type": "Feature", "geometry": {"type": "Point", "coordinates": [-77.03012240000001, -12.1326359]}, "properties": {"kind": "surveillance"}}, {"type": "Feature", "geometry": {"type": "Point", "coordinates": [-77.0301553, -12.1325061]}, "properties": {"kind": "surveillance"}}, {"type": "Feature", "geometry": {"type": "Point", "coordinates": [-77.0892654, -12.038287]}, "properties": {"kind": "surveillance"}}, {"type": "Feature", "geometry": {"type": "Point", "coordinates": [-77.15147470000001, -12.052161400000001]}, "properties": {"kind": "crane"}}, {"type": "Feature", "geometry": {"type": "Point", "coordinates": [-77.1476324, -12.055261900000001]}, "properties": {"kind": "crane"}}, {"type": "Feature", "geometry": {"type": "Point", "coordinates": [-77.1497018, -12.053592100000001]}, "properties": {"kind": "crane"}}, {"type": "Feature", "geometry": {"type": "Point", "coordinates": [-77.1487142, -12.054388900000001]}, "properties": {"kind": "crane"}}, {"type": "Feature", "geometry": {"type": "Point", "coordinates": [-77.1508683, -12.0526508]}, "properties": {"kind": "crane"}}, {"type": "Feature", "geometry": {"type": "Point", "coordinates": [-77.1502876, -12.0531194]}, "properties": {"kind": "crane"}}, {"type": "Feature", "geometry": {"type": "Point", "coordinates": [-77.14817330000001, -12.0548254]}, "properties": {"kind": "crane"}}, {"type": "Feature", "geometry": {"type": "Point", "coordinates": [-77.1445156, -12.043374100000001]}, "properties": {"kind": "crane"}}, {"type": "Feature", "geometry": {"type": "Point", "coordinates": [-77.1433018, -12.044804500000001]}, "properties": {"kind": "crane"}}, {"type": "Feature", "geometry": {"type": "Point", "coordinates": [-77.1426948, -12.045519700000002]}, "properties": {"kind": "crane"}}, {"type": "Feature", "geometry": {"type": "Point", "coordinates": [-77.1439077, -12.044090500000001]}, "properties": {"kind": "crane"}}, {"type": "Feature", "geometry": {"type": "Point", "coordinates": [-77.08488700000001, -12.0406356]}, "properties": {"kind": "surveillance"}}, {"type": "Feature", "geometry": {"type": "Point", "coordinates": [-77.0372598, -12.0568901]}, "properties": {"kind": "surveillance"}}, {"type": "Feature", "geometry": {"type": "Point", "coordinates": [-77.065267, -11.969342500000002]}, "properties": {"kind": "works"}}, {"type": "Feature", "geometry": {"type": "Point", "coordinates": [-77.1244978, -11.975853800000001]}, "properties": {"kind": "works"}}, {"type": "Feature", "geometry": {"type": "Point", "coordinates": [-77.0687843, -12.0205018]}, "properties": {"kind": "antenna"}}, {"type": "Feature", "geometry": {"type": "Point", "coordinates": [-77.0688197, -12.0206835]}, "properties": {"kind": "antenna"}}, {"type": "Feature", "geometry": {"type": "Point", "coordinates": [-77.0686462, -12.020380600000001]}, "properties": {"kind": "antenna"}}, {"type": "Feature", "geometry": {"type": "Point", "coordinates": [-77.0686551, -12.020295800000001]}, "properties": {"kind": "antenna"}}, {"type": "Feature", "geometry": {"type": "Point", "coordinates": [-77.06853650000001, -12.020050000000001]}, "properties": {"kind": "antenna"}}, {"type": "Feature", "geometry": {"type": "Point", "coordinates": [-77.06855420000001, -12.019923700000001]}, "properties": {"kind": "antenna"}}, {"type": "Feature", "geometry": {"type": "Point", "coordinates": [-77.06905950000001, -12.0211038]}, "properties": {"kind": "antenna"}}, {"type": "Feature", "geometry": {"type": "Point", "coordinates": [-77.0693291, -12.0213123]}, "properties": {"kind": "antenna"}}, {"type": "Feature", "geometry": {"type": "Point", "coordinates": [-77.069545, -12.0215235]}, "properties": {"kind": "antenna"}}, {"type": "Feature", "geometry": {"type": "Point", "coordinates": [-77.06969120000001, -12.021745200000002]}, "properties": {"kind": "antenna"}}, {"type": "Feature", "geometry": {"type": "Point", "coordinates": [-77.06982550000001, -12.022034000000001]}, "properties": {"kind": "antenna"}}, {"type": "Feature", "geometry": {"type": "Point", "coordinates": [-77.0603284, -11.946362800000001]}, "properties": {"kind": "flagpole"}}, {"type": "Feature", "geometry": {"type": "Point", "coordinates": [-77.06035250000001, -11.946362800000001]}, "properties": {"kind": "flagpole"}}, {"type": "Feature", "geometry": {"type": "Point", "coordinates": [-77.0603719, -11.946363400000001]}, "properties": {"kind": "flagpole"}}, {"type": "Feature", "geometry": {"type": "Point", "coordinates": [-77.0603921, -11.946349000000001]}, "properties": {"kind": "flagpole"}}, {"type": "Feature", "geometry": {"type": "Point", "coordinates": [-77.0604088, -11.9463273]}, "properties": {"kind": "flagpole"}}, {"type": "Feature", "geometry": {"type": "Point", "coordinates": [-77.10064990000001, -12.048165000000001]}, "properties": {"kind": "works"}}, {"type": "Feature", "geometry": {"type": "Point", "coordinates": [-77.06732410000001, -11.9537165]}, "properties": {"kind": "works"}}, {"type": "Feature", "geometry": {"type": "Point", "coordinates": [-77.13354190000001, -12.0685338]}, "properties": {"kind": "flagpole"}}, {"type": "Feature", "geometry": {"type": "Point", "coordinates": [-77.051023, -12.013025200000001]}, "properties": {"kind": "flagpole"}}, {"type": "Feature", "geometry": {"type": "Point", "coordinates": [-77.0511364, -12.0062089]}, "properties": {"kind": "flagpole"}}, {"type": "Feature", "geometry": {"type": "Point", "coordinates": [-77.05113180000001, -12.006231300000001]}, "properties": {"kind": "flagpole"}}, {"type": "Feature", "geometry": {"type": "Point", "coordinates": [-77.05269050000001, -12.0086697]}, "properties": {"kind": "mast"}}, {"type": "Feature", "geometry": {"type": "Point", "coordinates": [-77.1263007, -12.0687159]}, "properties": {"kind": "flagpole"}}, {"type": "Feature", "geometry": {"type": "Point", "coordinates": [-77.1262849, -12.068707900000001]}, "properties": {"kind": "flagpole"}}, {"type": "Feature", "geometry": {"type": "Point", "coordinates": [-77.1262688, -12.068699500000001]}, "properties": {"kind": "flagpole"}}, {"type": "Feature", "geometry": {"type": "Point", "coordinates": [-77.1262525, -12.0686915]}, "properties": {"kind": "flagpole"}}, {"type": "Feature", "geometry": {"type": "Point", "coordinates": [-77.0505557, -12.0031871]}, "properties": {"kind": "flagpole"}}, {"type": "Feature", "geometry": {"type": "Point", "coordinates": [-77.0524448, -12.000027900000001]}, "properties": {"kind": "flagpole"}}, {"type": "Feature", "geometry": {"type": "Point", "coordinates": [-77.05413940000001, -11.998846400000001]}, "properties": {"kind": "flagpole"}}, {"type": "Feature", "geometry": {"type": "Point", "coordinates": [-77.0541401, -11.9988708]}, "properties": {"kind": "flagpole"}}, {"type": "Feature", "geometry": {"type": "Point", "coordinates": [-77.0521384, -12.09148]}, "properties": {"kind": "antenna"}}, {"type": "Feature", "geometry": {"type": "Point", "coordinates": [-77.0650165, -12.078478700000002]}, "properties": {"kind": "cross"}}, {"type": "Feature", "geometry": {"type": "Point", "coordinates": [-77.0462045, -12.0942083]}, "properties": {"kind": "surveillance"}}, {"type": "Feature", "geometry": {"type": "Point", "coordinates": [-77.0553077, -12.1088483]}, "properties": {"kind": "flagpole"}}, {"type": "Feature", "geometry": {"type": "Point", "coordinates": [-77.0803058, -12.057185]}, "properties": {"kind": "surveillance"}}, {"type": "Feature", "geometry": {"type": "Point", "coordinates": [-77.0803374, -12.0573083]}, "properties": {"kind": "flagpole"}}, {"type": "Feature", "geometry": {"type": "Point", "coordinates": [-77.08066550000001, -12.058289700000001]}, "properties": {"kind": "water_tap"}}, {"type": "Feature", "geometry": {"type": "Point", "coordinates": [-77.0806112, -12.0582767]}, "properties": {"kind": "water_tap"}}, {"type": "Feature", "geometry": {"type": "Point", "coordinates": [-77.08054940000001, -12.058269500000002]}, "properties": {"kind": "water_tap"}}, {"type": "Feature", "geometry": {"type": "Point", "coordinates": [-77.1271897, -12.026558900000001]}, "properties": {"kind": "water_tower"}}, {"type": "Feature", "geometry": {"type": "Point", "coordinates": [-77.11604510000001, -12.0393108]}, "properties": {"kind": "manhole"}}, {"type": "Feature", "geometry": {"type": "Point", "coordinates": [-77.1140338, -12.039896800000001]}, "properties": {"kind": "manhole"}}, {"type": "Feature", "geometry": {"type": "Point", "coordinates": [-77.1041754, -12.0340308]}, "properties": {"kind": "tower"}}, {"type": "Feature", "geometry": {"type": "Point", "coordinates": [-77.11602830000001, -12.0086442]}, "properties": {"kind": "storage_tank"}}, {"type": "Feature", "geometry": {"type": "Point", "coordinates": [-77.09300640000001, -12.061247100000001]}, "properties": {"kind": "works"}}, {"type": "Feature", "geometry": {"type": "Point", "coordinates": [-77.0927453, -12.0746084]}, "properties": {"kind": "tower"}}, {"type": "Feature", "geometry": {"type": "Point", "coordinates": [-77.0871431, -12.0789583]}, "properties": {"kind": "works"}}, {"type": "Feature", "geometry": {"type": "Point", "coordinates": [-77.08093170000001, -12.0593301]}, "properties": {"kind": "surveillance"}}, {"type": "Feature", "geometry": {"type": "Point", "coordinates": [-77.0794886, -12.074803900000001]}, "properties": {"kind": "surveillance"}}, {"type": "Feature", "geometry": {"type": "Point", "coordinates": [-77.08225, -12.0563319]}, "properties": {"kind": "water_well"}}, {"type": "Feature", "geometry": {"type": "Point", "coordinates": [-77.1200474, -12.0655961]}, "properties": {"kind": "surveillance"}}, {"type": "Feature", "geometry": {"type": "Point", "coordinates": [-77.0927008, -12.0440416]}, "properties": {"kind": "works"}}, {"type": "Feature", "geometry": {"type": "Point", "coordinates": [-77.0909681, -12.043151400000001]}, "properties": {"kind": "works"}}, {"type": "Feature", "geometry": {"type": "Point", "coordinates": [-77.0895259, -12.0426002]}, "properties": {"kind": "works"}}, {"type": "Feature", "geometry": {"type": "Point", "coordinates": [-77.0892932, -12.0440415]}, "properties": {"kind": "works"}}, {"type": "Feature", "geometry": {"type": "Point", "coordinates": [-77.07274530000001, -11.9964391]}, "properties": {"kind": "water_tower"}}, {"type": "Feature", "geometry": {"type": "Point", "coordinates": [-77.0666666, -11.94571]}, "properties": {"kind": "water_tower"}}, {"type": "Feature", "geometry": {"type": "Point", "coordinates": [-77.0632667, -12.0097319]}, "properties": {"kind": "planter"}}, {"type": "Feature", "geometry": {"type": "Point", "coordinates": [-77.0631676, -12.009752]}, "properties": {"kind": "planter"}}, {"type": "Feature", "geometry": {"type": "Point", "coordinates": [-77.125353, -12.0294302]}, "properties": {"kind": "storage_tank"}}, {"type": "Feature", "geometry": {"type": "Point", "coordinates": [-77.1257145, -12.0296084]}, "properties": {"kind": "storage_tank"}}, {"type": "Feature", "geometry": {"type": "Point", "coordinates": [-77.126079, -12.029783700000001]}, "properties": {"kind": "storage_tank"}}, {"type": "Feature", "geometry": {"type": "Point", "coordinates": [-77.1264282, -12.0299288]}, "properties": {"kind": "storage_tank"}}, {"type": "Feature", "geometry": {"type": "Point", "coordinates": [-77.1267574, -12.0304769]}, "properties": {"kind": "storage_tank"}}, {"type": "Feature", "geometry": {"type": "Point", "coordinates": [-77.0587611, -12.0919702]}, "properties": {"kind": "surveillance"}}, {"type": "Feature", "geometry": {"type": "Point", "coordinates": [-77.120422, -12.0641805]}, "properties": {"kind": "water_tower"}}, {"type": "Feature", "geometry": {"type": "Point", "coordinates": [-77.06296640000001, -12.051642900000001]}, "properties": {"kind": "flagpole"}}, {"type": "Feature", "geometry": {"type": "Point", "coordinates": [-77.20812610075362, -12.082625378007153]}, "properties": {"kind": "pier"}}, {"type": "Feature", "geometry": {"type": "Point", "coordinates": [-77.16142270245452, -12.068150646758106]}, "properties": {"kind": "pier"}}, {"type": "Feature", "geometry": {"type": "Point", "coordinates": [-77.1071920925668, -11.942592439217139]}, "properties": {"kind": "river"}}, {"type": "Feature", "geometry": {"type": "Point", "coordinates": [-77.09408253257743, -12.043049503541548]}, "properties": {"kind": "water_tower"}}, {"type": "Feature", "geometry": {"type": "Point", "coordinates": [-77.13549754081829, -12.041806033239194]}, "properties": {"kind": "storage_tank"}}, {"type": "Feature", "geometry": {"type": "Point", "coordinates": [-77.13280162565066, -12.041786413952552]}, "properties": {"kind": "storage_tank"}}, {"type": "Feature", "geometry": {"type": "Point", "coordinates": [-77.13869509999999, -12.038854299999999]}, "properties": {"kind": "tower"}}, {"type": "Feature", "geometry": {"type": "Point", "coordinates": [-77.12856421018458, -12.040849410396293]}, "properties": {"kind": "storage_tank"}}, {"type": "Feature", "geometry": {"type": "Point", "coordinates": [-77.1287338970412, -12.04024577701369]}, "properties": {"kind": "storage_tank"}}, {"type": "Feature", "geometry": {"type": "Point", "coordinates": [-77.12782110196322, -12.041035726848168]}, "properties": {"kind": "storage_tank"}}, {"type": "Feature", "geometry": {"type": "Point", "coordinates": [-77.1353179563145, -12.042702795046983]}, "properties": {"kind": "storage_tank"}}, {"type": "Feature", "geometry": {"type": "Point", "coordinates": [-77.15140790778972, -12.044366982283504]}, "properties": {"kind": "pier"}}, {"type": "Feature", "geometry": {"type": "Point", "coordinates": [-77.13294049970258, -12.041230621083782]}, "properties": {"kind": "storage_tank"}}, {"type": "Feature", "geometry": {"type": "Point", "coordinates": [-77.13206270857869, -12.041051241497806]}, "properties": {"kind": "storage_tank"}}, {"type": "Feature", "geometry": {"type": "Point", "coordinates": [-77.13271950136843, -12.04231747732538]}, "properties": {"kind": "storage_tank"}}, {"type": "Feature", "geometry": {"type": "Point", "coordinates": [-77.14740183472254, -12.039018696467597]}, "properties": {"kind": "pier"}}, {"type": "Feature", "geometry": {"type": "Point", "coordinates": [-77.14992774999999, -12.0594817]}, "properties": {"kind": "pier"}}, {"type": "Feature", "geometry": {"type": "Point", "coordinates": [-77.15128512109582, -12.04347092934666]}, "properties": {"kind": "pier"}}, {"type": "Feature", "geometry": {"type": "Point", "coordinates": [-77.15603068723571, -12.064318858382718]}, "properties": {"kind": "pier"}}, {"type": "Feature", "geometry": {"type": "Point", "coordinates": [-77.13257414876209, -12.042974716571155]}, "properties": {"kind": "storage_tank"}}, {"type": "Feature", "geometry": {"type": "Point", "coordinates": [-77.13541187271872, -12.042220678637365]}, "properties": {"kind": "storage_tank"}}, {"type": "Feature", "geometry": {"type": "Point", "coordinates": [-77.13215121802287, -12.041990248772043]}, "properties": {"kind": "storage_tank"}}, {"type": "Feature", "geometry": {"type": "Point", "coordinates": [-77.14758508640382, -12.03990783804663]}, "properties": {"kind": "dock"}}, {"type": "Feature", "geometry": {"type": "Point", "coordinates": [-77.1499645, -12.05954505]}, "properties": {"kind": "pier"}}, {"type": "Feature", "geometry": {"type": "Point", "coordinates": [-77.13957116726878, -12.041685335006163]}, "properties": {"kind": "dock"}}, {"type": "Feature", "geometry": {"type": "Point", "coordinates": [-77.14020285000001, -12.0415025]}, "properties": {"kind": "dock"}}, {"type": "Feature", "geometry": {"type": "Point", "coordinates": [-77.09027119068578, -12.047026527277378]}, "properties": {"kind": "works"}}, {"type": "Feature", "geometry": {"type": "Point", "coordinates": [-77.08536972642972, -12.04304236474921]}, "properties": {"kind": "works"}}, {"type": "Feature", "geometry": {"type": "Point", "coordinates": [-77.05044125688362, -12.011261371385249]}, "properties": {"kind": "wastewater_plant"}}, {"type": "Feature", "geometry": {"type": "Point", "coordinates": [-77.15021568276147, -12.064060174412504]}, "properties": {"kind": "yes"}}, {"type": "Feature", "geometry": {"type": "Point", "coordinates": [-77.1614257262354, -12.073884112456303]}, "properties": {"kind": "breakwater"}}, {"type": "Feature", "geometry": {"type": "Point", "coordinates": [-77.16148269938756, -12.07378444475551]}, "properties": {"kind": "breakwater"}}, {"type": "Feature", "geometry": {"type": "Point", "coordinates": [-77.03035410000001, -12.16431095]}, "properties": {"kind": "pier"}}, {"type": "Feature", "geometry": {"type": "Point", "coordinates": [-77.03577325000002, -12.165334999999999]}, "properties": {"kind": "pier"}}, {"type": "Feature", "geometry": {"type": "Point", "coordinates": [-77.03157951806169, -12.164924906302316]}, "properties": {"kind": "pier"}}, {"type": "Feature", "geometry": {"type": "Point", "coordinates": [-77.0355417, -12.166450950000002]}, "properties": {"kind": "pier"}}, {"type": "Feature", "geometry": {"type": "Point", "coordinates": [-77.0362572, -12.16706125]}, "properties": {"kind": "pier"}}, {"type": "Feature", "geometry": {"type": "Point", "coordinates": [-77.16727330547775, -12.07108917092997]}, "properties": {"kind": "breakwater"}}, {"type": "Feature", "geometry": {"type": "Point", "coordinates": [-77.15609932711672, -12.06493601552868]}, "properties": {"kind": "breakwater"}}, {"type": "Feature", "geometry": {"type": "Point", "coordinates": [-77.1371041, -11.9561056]}, "properties": {"kind": "pier"}}, {"type": "Feature", "geometry": {"type": "Point", "coordinates": [-77.19137260903467, -12.102177496048547]}, "properties": {"kind": "pier"}}, {"type": "Feature", "geometry": {"type": "Point", "coordinates": [-77.10474804658747, -12.029555910899365]}, "properties": {"kind": "storage_tank"}}, {"type": "Feature", "geometry": {"type": "Point", "coordinates": [-77.10465599350654, -12.02973748049204]}, "properties": {"kind": "storage_tank"}}, {"type": "Feature", "geometry": {"type": "Point", "coordinates": [-77.10484934484228, -12.029822420620315]}, "properties": {"kind": "storage_tank"}}, {"type": "Feature", "geometry": {"type": "Point", "coordinates": [-77.10543536104477, -12.030451316217754]}, "properties": {"kind": "storage_tank"}}, {"type": "Feature", "geometry": {"type": "Point", "coordinates": [-77.03611017950585, -12.131251041461176]}, "properties": {"kind": "pier"}}, {"type": "Feature", "geometry": {"type": "Point", "coordinates": [-77.13386008582869, -12.041406873687807]}, "properties": {"kind": "storage_tank"}}, {"type": "Feature", "geometry": {"type": "Point", "coordinates": [-77.13367118790754, -12.042213018601805]}, "properties": {"kind": "storage_tank"}}, {"type": "Feature", "geometry": {"type": "Point", "coordinates": [-77.13505092087472, -12.0423850265628]}, "properties": {"kind": "storage_tank"}}, {"type": "Feature", "geometry": {"type": "Point", "coordinates": [-77.12786809329079, -12.040232018312095]}, "properties": {"kind": "storage_tank"}}, {"type": "Feature", "geometry": {"type": "Point", "coordinates": [-77.12835904852166, -12.041125836345959]}, "properties": {"kind": "storage_tank"}}, {"type": "Feature", "geometry": {"type": "Point", "coordinates": [-77.12968536451649, -12.03963213326078]}, "properties": {"kind": "storage_tank"}}, {"type": "Feature", "geometry": {"type": "Point", "coordinates": [-77.12863256961919, -12.039503576436246]}, "properties": {"kind": "storage_tank"}}, {"type": "Feature", "geometry": {"type": "Point", "coordinates": [-77.12934664222014, -12.039567393905235]}, "properties": {"kind": "storage_tank"}}, {"type": "Feature", "geometry": {"type": "Point", "coordinates": [-77.13018166489368, -12.038993951353918]}, "properties": {"kind": "storage_tank"}}, {"type": "Feature", "geometry": {"type": "Point", "coordinates": [-77.12918492294072, -12.038966430408763]}, "properties": {"kind": "storage_tank"}}, {"type": "Feature", "geometry": {"type": "Point", "coordinates": [-77.12944777047213, -12.038987603882257]}, "properties": {"kind": "storage_tank"}}, {"type": "Feature", "geometry": {"type": "Point", "coordinates": [-77.1296896729163, -12.03900997826644]}, "properties": {"kind": "storage_tank"}}, {"type": "Feature", "geometry": {"type": "Point", "coordinates": [-77.13035159139207, -12.040469841260425]}, "properties": {"kind": "storage_tank"}}, {"type": "Feature", "geometry": {"type": "Point", "coordinates": [-77.13070942128674, -12.040546560788083]}, "properties": {"kind": "storage_tank"}}, {"type": "Feature", "geometry": {"type": "Point", "coordinates": [-77.13102402742366, -12.040714093734916]}, "properties": {"kind": "storage_tank"}}, {"type": "Feature", "geometry": {"type": "Point", "coordinates": [-77.1303516969592, -12.040774037652605]}, "properties": {"kind": "storage_tank"}}, {"type": "Feature", "geometry": {"type": "Point", "coordinates": [-77.13510745316411, -12.043315831113096]}, "properties": {"kind": "storage_tank"}}, {"type": "Feature", "geometry": {"type": "Point", "coordinates": [-77.13538355202918, -12.043360266223745]}, "properties": {"kind": "storage_tank"}}, {"type": "Feature", "geometry": {"type": "Point", "coordinates": [-77.10902288747288, -12.048165694383211]}, "properties": {"kind": "works"}}, {"type": "Feature", "geometry": {"type": "Point", "coordinates": [-77.09912019811892, -12.045933107842663]}, "properties": {"kind": "works"}}, {"type": "Feature", "geometry": {"type": "Point", "coordinates": [-77.06517121480242, -11.963901328392973]}, "properties": {"kind": "works"}}, {"type": "Feature", "geometry": {"type": "Point", "coordinates": [-77.11174539176494, -12.007208348875862]}, "properties": {"kind": "works"}}, {"type": "Feature", "geometry": {"type": "Point", "coordinates": [-77.07144181022588, -11.981084238831931]}, "properties": {"kind": "water_tower"}}, {"type": "Feature", "geometry": {"type": "Point", "coordinates": [-77.13842923376939, -12.049673874739774]}, "properties": {"kind": "silo"}}, {"type": "Feature", "geometry": {"type": "Point", "coordinates": [-77.13825934862993, -12.04976340234885]}, "properties": {"kind": "silo"}}, {"type": "Feature", "geometry": {"type": "Point", "coordinates": [-77.13809220019736, -12.0498840567302]}, "properties": {"kind": "silo"}}, {"type": "Feature", "geometry": {"type": "Point", "coordinates": [-77.13791314362471, -12.049988622027529]}, "properties": {"kind": "silo"}}, {"type": "Feature", "geometry": {"type": "Point", "coordinates": [-77.13851840099154, -12.049827263254587]}, "properties": {"kind": "silo"}}, {"type": "Feature", "geometry": {"type": "Point", "coordinates": [-77.13839060277647, -12.049920193954035]}, "properties": {"kind": "silo"}}, {"type": "Feature", "geometry": {"type": "Point", "coordinates": [-77.13825401995469, -12.049983610962508]}, "properties": {"kind": "silo"}}, {"type": "Feature", "geometry": {"type": "Point", "coordinates": [-77.13812214551807, -12.050071437486064]}, "properties": {"kind": "silo"}}, {"type": "Feature", "geometry": {"type": "Point", "coordinates": [-77.13798983776834, -12.050152574566944]}, "properties": {"kind": "silo"}}, {"type": "Feature", "geometry": {"type": "Point", "coordinates": [-77.12287157426948, -12.04402012845905]}, "properties": {"kind": "silo"}}, {"type": "Feature", "geometry": {"type": "Point", "coordinates": [-77.16645656173779, -12.069180688476731]}, "properties": {"kind": "pier"}}, {"type": "Feature", "geometry": {"type": "Point", "coordinates": [-77.16040000266494, -12.067810538523883]}, "properties": {"kind": "pier"}}, {"type": "Feature", "geometry": {"type": "Point", "coordinates": [-77.1583032433062, -12.066272108850312]}, "properties": {"kind": "breakwater"}}, {"type": "Feature", "geometry": {"type": "Point", "coordinates": [-77.16284003052363, -12.068872131346586]}, "properties": {"kind": "pier"}}, {"type": "Feature", "geometry": {"type": "Point", "coordinates": [-77.1666618999217, -12.06948100449989]}, "properties": {"kind": "pier"}}, {"type": "Feature", "geometry": {"type": "Point", "coordinates": [-77.16792478528649, -12.068933781018602]}, "properties": {"kind": "breakwater"}}, {"type": "Feature", "geometry": {"type": "Point", "coordinates": [-77.12851809618665, -12.055021102336136]}, "properties": {"kind": "water_tower"}}, {"type": "Feature", "geometry": {"type": "Point", "coordinates": [-77.06801622958265, -11.957838834637382]}, "properties": {"kind": "works"}}, {"type": "Feature", "geometry": {"type": "Point", "coordinates": [-77.14077543706381, -12.052094634965094]}, "properties": {"kind": "works"}}, {"type": "Feature", "geometry": {"type": "Point", "coordinates": [-77.14913120636308, -12.041311105370632]}, "properties": {"kind": "goods_conveyor"}}, {"type": "Feature", "geometry": {"type": "Point", "coordinates": [-77.14918356185608, -12.04137374326963]}, "properties": {"kind": "pier"}}, {"type": "Feature", "geometry": {"type": "Point", "coordinates": [-77.13971552681093, -12.036413362472933]}, "properties": {"kind": "goods_conveyor"}}, {"type": "Feature", "geometry": {"type": "Point", "coordinates": [-77.0571981512055, -12.041826560897157]}, "properties": {"kind": "works"}}, {"type": "Feature", "geometry": {"type": "Point", "coordinates": [-77.05837615571095, -12.041987315825322]}, "properties": {"kind": "works"}}, {"type": "Feature", "geometry": {"type": "Point", "coordinates": [-77.04322388908362, -12.070540330268834]}, "properties": {"kind": "monitoring_station"}}, {"type": "Feature", "geometry": {"type": "Point", "coordinates": [-77.09549975902395, -12.066412866978974]}, "properties": {"kind": "water_well"}}, {"type": "Feature", "geometry": {"type": "Point", "coordinates": [-77.08850227659669, -12.05753390825418]}, "properties": {"kind": "water_well"}}, {"type": "Feature", "geometry": {"type": "Point", "coordinates": [-77.11643132065647, -12.055756638599107]}, "properties": {"kind": "water_well"}}, {"type": "Feature", "geometry": {"type": "Point", "coordinates": [-77.12558175476225, -11.997033448802345]}, "properties": {"kind": "lighthouse"}}, {"type": "Feature", "geometry": {"type": "Point", "coordinates": [-77.12893893178874, -11.982362727405594]}, "properties": {"kind": "storage_tank"}}, {"type": "Feature", "geometry": {"type": "Point", "coordinates": [-77.12905767859334, -11.982626228503657]}, "properties": {"kind": "storage_tank"}}, {"type": "Feature", "geometry": {"type": "Point", "coordinates": [-77.12873805967932, -11.982627595025516]}, "properties": {"kind": "storage_tank"}}, {"type": "Feature", "geometry": {"type": "Point", "coordinates": [-77.13134552656915, -11.984750015767878]}, "properties": {"kind": "storage_tank"}}, {"type": "Feature", "geometry": {"type": "Point", "coordinates": [-77.13166960152437, -11.984755160492972]}, "properties": {"kind": "storage_tank"}}, {"type": "Feature", "geometry": {"type": "Point", "coordinates": [-77.13168109889105, -11.985060962294972]}, "properties": {"kind": "storage_tank"}}, {"type": "Feature", "geometry": {"type": "Point", "coordinates": [-77.13170128072811, -11.985379031789261]}, "properties": {"kind": "storage_tank"}}, {"type": "Feature", "geometry": {"type": "Point", "coordinates": [-77.13136302918713, -11.985069171067869]}, "properties": {"kind": "storage_tank"}}, {"type": "Feature", "geometry": {"type": "Point", "coordinates": [-77.13137057533062, -11.98538645006314]}, "properties": {"kind": "storage_tank"}}, {"type": "Feature", "geometry": {"type": "Point", "coordinates": [-77.13388799109947, -11.949422117674448]}, "properties": {"kind": "storage_tank"}}, {"type": "Feature", "geometry": {"type": "Point", "coordinates": [-77.133808398859, -11.949821889036661]}, "properties": {"kind": "storage_tank"}}, {"type": "Feature", "geometry": {"type": "Point", "coordinates": [-77.1341666227434, -11.949900057070103]}, "properties": {"kind": "storage_tank"}}, {"type": "Feature", "geometry": {"type": "Point", "coordinates": [-77.11977017682848, -11.938710084882187]}, "properties": {"kind": "storage_tank"}}, {"type": "Feature", "geometry": {"type": "Point", "coordinates": [-77.11998637255076, -11.938565047815096]}, "properties": {"kind": "storage_tank"}}, {"type": "Feature", "geometry": {"type": "Point", "coordinates": [-77.1194757204691, -11.93890499151779]}, "properties": {"kind": "storage_tank"}}, {"type": "Feature", "geometry": {"type": "Point", "coordinates": [-77.06889161528115, -12.061387383883968]}, "properties": {"kind": "water_tower"}}, {"type": "Feature", "geometry": {"type": "Point", "coordinates": [-77.09790052106067, -12.039092478199393]}, "properties": {"kind": "ditch"}}, {"type": "Feature", "geometry": {"type": "Point", "coordinates": [-77.09928965, -12.039410799999999]}, "properties": {"kind": "ditch"}}, {"type": "Feature", "geometry": {"type": "Point", "coordinates": [-77.10024405218213, -12.039750801110419]}, "properties": {"kind": "ditch"}}, {"type": "Feature", "geometry": {"type": "Point", "coordinates": [-77.14752995013865, -12.062339809294858]}, "properties": {"kind": "yes"}}, {"type": "Feature", "geometry": {"type": "Point", "coordinates": [-77.09728902316957, -12.048601770068267]}, "properties": {"kind": "works"}}, {"type": "Feature", "geometry": {"type": "Point", "coordinates": [-77.07575863581245, -11.992665704228827]}, "properties": {"kind": "water_tower"}}, {"type": "Feature", "geometry": {"type": "Point", "coordinates": [-77.1264753139532, -12.048007109424526]}, "properties": {"kind": "storage_tank"}}, {"type": "Feature", "geometry": {"type": "Point", "coordinates": [-77.12654586088105, -12.048012665637946]}, "properties": {"kind": "storage_tank"}}, {"type": "Feature", "geometry": {"type": "Point", "coordinates": [-77.12662538794694, -12.047908972763652]}, "properties": {"kind": "storage_tank"}}, {"type": "Feature", "geometry": {"type": "Point", "coordinates": [-77.12654034499397, -12.047935972920488]}, "properties": {"kind": "storage_tank"}}, {"type": "Feature", "geometry": {"type": "Point", "coordinates": [-77.11024772214265, -12.049847472611791]}, "properties": {"kind": "works"}}, {"type": "Feature", "geometry": {"type": "Point", "coordinates": [-77.12963773358902, -12.023599660246251]}, "properties": {"kind": "water_tower"}}, {"type": "Feature", "geometry": {"type": "Point", "coordinates": [-77.11881857130722, -12.051214009012297]}, "properties": {"kind": "works"}}, {"type": "Feature", "geometry": {"type": "Point", "coordinates": [-77.1204873749911, -12.050971174661713]}, "properties": {"kind": "works"}}, {"type": "Feature", "geometry": {"type": "Point", "coordinates": [-77.12944586256118, -12.05844500711567]}, "properties": {"kind": "works"}}, {"type": "Feature", "geometry": {"type": "Point", "coordinates": [-77.11733573024527, -12.057115515171336]}, "properties": {"kind": "storage_tank"}}, {"type": "Feature", "geometry": {"type": "Point", "coordinates": [-77.04521006779045, -11.931119181598103]}, "properties": {"kind": "water_tower"}}, {"type": "Feature", "geometry": {"type": "Point", "coordinates": [-77.03143823685707, -12.054063905149693]}, "properties": {"kind": "tower"}}, {"type": "Feature", "geometry": {"type": "Point", "coordinates": [-77.05608864270553, -11.943540984807239]}, "properties": {"kind": "water_tower"}}, {"type": "Feature", "geometry": {"type": "Point", "coordinates": [-77.09666643181198, -12.033715021807494]}, "properties": {"kind": "water_tower"}}, {"type": "Feature", "geometry": {"type": "Point", "coordinates": [-77.05246695, -12.005548800000001]}, "properties": {"kind": "water_tower"}}, {"type": "Feature", "geometry": {"type": "Point", "coordinates": [-77.0662242582167, -11.999338365187029]}, "properties": {"kind": "water_tower"}}, {"type": "Feature", "geometry": {"type": "Point", "coordinates": [-77.06704720207652, -12.09941725198831]}, "properties": {"kind": "water_tower"}}, {"type": "Feature", "geometry": {"type": "Point", "coordinates": [-77.09987337302336, -12.013268760765337]}, "properties": {"kind": "storage_tank"}}, {"type": "Feature", "geometry": {"type": "Point", "coordinates": [-77.07548503182053, -11.975056368170115]}, "properties": {"kind": "water_tower"}}, {"type": "Feature", "geometry": {"type": "Point", "coordinates": [-77.07010103120145, -11.985523539903825]}, "properties": {"kind": "water_tower"}}, {"type": "Feature", "geometry": {"type": "Point", "coordinates": [-77.09240168104974, -12.019346650350343]}, "properties": {"kind": "water_tower"}}, {"type": "Feature", "geometry": {"type": "Point", "coordinates": [-77.09318712598694, -12.026187316380613]}, "properties": {"kind": "water_tower"}}, {"type": "Feature", "geometry": {"type": "Point", "coordinates": [-77.10618240320507, -12.05939478892519]}, "properties": {"kind": "water_tower"}}, {"type": "Feature", "geometry": {"type": "Point", "coordinates": [-77.10920104098128, -12.055127399654786]}, "properties": {"kind": "water_tower"}}, {"type": "Feature", "geometry": {"type": "Point", "coordinates": [-77.1002898469719, -12.052345383284141]}, "properties": {"kind": "water_tower"}}, {"type": "Feature", "geometry": {"type": "Point", "coordinates": [-77.09856192865932, -12.057179162465077]}, "properties": {"kind": "water_tower"}}, {"type": "Feature", "geometry": {"type": "Point", "coordinates": [-77.09319232947698, -12.056507932667461]}, "properties": {"kind": "water_tower"}}, {"type": "Feature", "geometry": {"type": "Point", "coordinates": [-77.09019634057086, -12.056456783520002]}, "properties": {"kind": "water_tower"}}, {"type": "Feature", "geometry": {"type": "Point", "coordinates": [-77.1122599143661, -12.07100609685604]}, "properties": {"kind": "water_tower"}}, {"type": "Feature", "geometry": {"type": "Point", "coordinates": [-77.11207558511039, -12.075892614450305]}, "properties": {"kind": "water_tower"}}, {"type": "Feature", "geometry": {"type": "Point", "coordinates": [-77.10800306733569, -11.972691160318211]}, "properties": {"kind": "water_tower"}}, {"type": "Feature", "geometry": {"type": "Point", "coordinates": [-77.03559068101897, -11.958715267985703]}, "properties": {"kind": "water_well"}}, {"type": "Feature", "geometry": {"type": "Point", "coordinates": [-77.07836227488356, -11.961434141214012]}, "properties": {"kind": "water_tower"}}, {"type": "Feature", "geometry": {"type": "Point", "coordinates": [-77.09846262455694, -11.995026281571823]}, "properties": {"kind": "water_tower"}}, {"type": "Feature", "geometry": {"type": "Point", "coordinates": [-77.0928587174535, -11.986127510863952]}, "properties": {"kind": "water_tower"}}, {"type": "Feature", "geometry": {"type": "Point", "coordinates": [-77.10071294880365, -12.043501105732453]}, "properties": {"kind": "water_tower"}}, {"type": "Feature", "geometry": {"type": "Point", "coordinates": [-77.15658305, -12.06527505]}, "properties": {"kind": "pier"}}, {"type": "Feature", "geometry": {"type": "Point", "coordinates": [-77.04435844844637, -11.944392978690706]}, "properties": {"kind": "water_tower"}}, {"type": "Feature", "geometry": {"type": "Point", "coordinates": [-77.05945544987632, -11.966189522782294]}, "properties": {"kind": "water_tower"}}, {"type": "Feature", "geometry": {"type": "Point", "coordinates": [-77.03405602796192, -12.041379655716241]}, "properties": {"kind": "bridge"}}, {"type": "Feature", "geometry": {"type": "Point", "coordinates": [-77.03312023003325, -12.041573611507681]}, "properties": {"kind": "bridge"}}, {"type": "Feature", "geometry": {"type": "Point", "coordinates": [-77.09024206506601, -12.037002484853515]}, "properties": {"kind": "river"}}, {"type": "Feature", "geometry": {"type": "Point", "coordinates": [-77.0574568812148, -12.010039958992811]}, "properties": {"kind": "water_tower"}}, {"type": "Feature", "geometry": {"type": "Point", "coordinates": [-77.13355566461577, -11.949349931903647]}, "properties": {"kind": "storage_tank"}}, {"type": "Feature", "geometry": {"type": "Point", "coordinates": [-77.13345292867963, -11.949740561822209]}, "properties": {"kind": "storage_tank"}}, {"type": "Feature", "geometry": {"type": "Point", "coordinates": [-77.13452305744589, -11.94998134644776]}, "properties": {"kind": "storage_tank"}}, {"type": "Feature", "geometry": {"type": "Point", "coordinates": [-77.1348873028334, -11.950052158171905]}, "properties": {"kind": "storage_tank"}}, {"type": "Feature", "geometry": {"type": "Point", "coordinates": [-77.13525623751539, -11.950132130965779]}, "properties": {"kind": "storage_tank"}}, {"type": "Feature", "geometry": {"type": "Point", "coordinates": [-77.1353426185327, -11.949734636483333]}, "properties": {"kind": "storage_tank"}}, {"type": "Feature", "geometry": {"type": "Point", "coordinates": [-77.13460944629941, -11.94958156310811]}, "properties": {"kind": "storage_tank"}}, {"type": "Feature", "geometry": {"type": "Point", "coordinates": [-77.13497604242191, -11.94965925165946]}, "properties": {"kind": "storage_tank"}}, {"type": "Feature", "geometry": {"type": "Point", "coordinates": [-77.13424987254285, -11.949497051364489]}, "properties": {"kind": "storage_tank"}}, {"type": "Feature", "geometry": {"type": "Point", "coordinates": [-77.13330569640264, -11.949202896269382]}, "properties": {"kind": "storage_tank"}}, {"type": "Feature", "geometry": {"type": "Point", "coordinates": [-77.13311600327062, -11.949161953899122]}, "properties": {"kind": "storage_tank"}}, {"type": "Feature", "geometry": {"type": "Point", "coordinates": [-77.13308211230968, -11.949341316082696]}, "properties": {"kind": "storage_tank"}}, {"type": "Feature", "geometry": {"type": "Point", "coordinates": [-77.13326696429586, -11.949378988256717]}, "properties": {"kind": "storage_tank"}}, {"type": "Feature", "geometry": {"type": "Point", "coordinates": [-77.13317466468229, -11.949652788368036]}, "properties": {"kind": "storage_tank"}}, {"type": "Feature", "geometry": {"type": "Point", "coordinates": [-77.13302921133184, -11.949518243127843]}, "properties": {"kind": "storage_tank"}}, {"type": "Feature", "geometry": {"type": "Point", "coordinates": [-77.13297874761071, -11.949771186359364]}, "properties": {"kind": "storage_tank"}}, {"type": "Feature", "geometry": {"type": "Point", "coordinates": [-77.13413970974524, -11.949685284643364]}, "properties": {"kind": "storage_tank"}}, {"type": "Feature", "geometry": {"type": "Point", "coordinates": [-77.13211879417926, -11.949723711753762]}, "properties": {"kind": "storage_tank"}}, {"type": "Feature", "geometry": {"type": "Point", "coordinates": [-77.13198438556871, -11.9498798908884]}, "properties": {"kind": "storage_tank"}}, {"type": "Feature", "geometry": {"type": "Point", "coordinates": [-77.13196923705944, -11.949660058426055]}, "properties": {"kind": "storage_tank"}}, {"type": "Feature", "geometry": {"type": "Point", "coordinates": [-77.07980780569056, -12.086479467878739]}, "properties": {"kind": "storage_tank"}}, {"type": "Feature", "geometry": {"type": "Point", "coordinates": [-77.08633966733184, -12.050246329945036]}, "properties": {"kind": "works"}}, {"type": "Feature", "geometry": {"type": "Point", "coordinates": [-77.03767544479173, -12.166606662622048]}, "properties": {"kind": "pier"}}, {"type": "Feature", "geometry": {"type": "Point", "coordinates": [-77.08079341673766, -11.948806253238068]}, "properties": {"kind": "bridge"}}, {"type": "Feature", "geometry": {"type": "Point", "coordinates": [-77.10318724999999, -12.039334499999999]}, "properties": {"kind": "ditch"}}, {"type": "Feature", "geometry": {"type": "Point", "coordinates": [-77.1030928, -12.03936535]}, "properties": {"kind": "ditch"}}, {"type": "Feature", "geometry": {"type": "Point", "coordinates": [-77.16692187643899, -12.029625175912136]}, "properties": {"kind": "restricted_area"}}, {"type": "Feature", "geometry": {"type": "Point", "coordinates": [-77.1740565745069, -12.031597886550017]}, "properties": {"kind": "restricted_area"}}, {"type": "Feature", "geometry": {"type": "Point", "coordinates": [-77.18009275848742, -12.07312149222081]}, "properties": {"kind": "restricted_area"}}, {"type": "Feature", "geometry": {"type": "Point", "coordinates": [-77.16685750469335, -12.039761463251063]}, "properties": {"kind": "restricted_area"}}, {"type": "Feature", "geometry": {"type": "Point", "coordinates": [-77.16440060499147, -12.039677521463112]}, "properties": {"kind": "restricted_area"}}, {"type": "Feature", "geometry": {"type": "Point", "coordinates": [-77.16543922174628, -12.04269701842825]}, "properties": {"kind": "restricted_area"}}, {"type": "Feature", "geometry": {"type": "Point", "coordinates": [-77.20118255816668, -11.991728485500188]}, "properties": {"kind": "anchorage"}}, {"type": "Feature", "geometry": {"type": "Point", "coordinates": [-77.22454982000076, -11.993215510679697]}, "properties": {"kind": "anchorage"}}, {"type": "Feature", "geometry": {"type": "Point", "coordinates": [-77.2152056495113, -12.02073254080217]}, "properties": {"kind": "anchorage"}}, {"type": "Feature", "geometry": {"type": "Point", "coordinates": [-77.19259954782682, -12.033238510103992]}, "properties": {"kind": "anchorage"}}, {"type": "Feature", "geometry": {"type": "Point", "coordinates": [-77.19152681050461, -12.026113929643342]}, "properties": {"kind": "anchorage"}}, {"type": "Feature", "geometry": {"type": "Point", "coordinates": [-77.17532336349582, -12.016534338460346]}, "properties": {"kind": "dumping_ground"}}, {"type": "Feature", "geometry": {"type": "Point", "coordinates": [-77.1890754443014, -12.009162485877702]}, "properties": {"kind": "anchorage"}}, {"type": "Feature", "geometry": {"type": "Point", "coordinates": [-77.14645296920756, -11.986036854817039]}, "properties": {"kind": "pipeline_submarine"}}, {"type": "Feature", "geometry": {"type": "Point", "coordinates": [-77.15270165000001, -11.99466975]}, "properties": {"kind": "pipeline_submarine"}}, {"type": "Feature", "geometry": {"type": "Point", "coordinates": [-77.14568090653631, -11.999684607232254]}, "properties": {"kind": "anchorage"}}, {"type": "Feature", "geometry": {"type": "Point", "coordinates": [-77.15877164517804, -11.988666807973242]}, "properties": {"kind": "restricted_area"}}, {"type": "Feature", "geometry": {"type": "Point", "coordinates": [-77.17685955809435, -11.991716639962984]}, "properties": {"kind": "anchorage"}}, {"type": "Feature", "geometry": {"type": "Point", "coordinates": [-77.16615934362292, -12.01275193214072]}, "properties": {"kind": "anchorage"}}, {"type": "Feature", "geometry": {"type": "Point", "coordinates": [-77.14812117332819, -12.01653969076685]}, "properties": {"kind": "anchorage"}}, {"type": "Feature", "geometry": {"type": "Point", "coordinates": [-77.1679292604913, -12.0251360868731]}, "properties": {"kind": "anchorage"}}, {"type": "Feature", "geometry": {"type": "Point", "coordinates": [-77.15687068839358, -12.029282700619536]}, "properties": {"kind": "anchorage"}}, {"type": "Feature", "geometry": {"type": "Point", "coordinates": [-77.15825796705758, -12.039178240377183]}, "properties": {"kind": "anchorage"}}, {"type": "Feature", "geometry": {"type": "Point", "coordinates": [-77.1590212269248, -12.047222449161035]}, "properties": {"kind": "navigation_line"}}, {"type": "Feature", "geometry": {"type": "Point", "coordinates": [-77.15442227760305, -12.06281346695696]}, "properties": {"kind": "anchorage"}}, {"type": "Feature", "geometry": {"type": "Point", "coordinates": [-77.15162383228062, -12.060281422854871]}, "properties": {"kind": "anchorage"}}, {"type": "Feature", "geometry": {"type": "Point", "coordinates": [-77.15795029308005, -12.063884170863005]}, "properties": {"kind": "fairway"}}, {"type": "Feature", "geometry": {"type": "Point", "coordinates": [-77.16584432102322, -12.06518846582561]}, "properties": {"kind": "anchorage"}}, {"type": "Feature", "geometry": {"type": "Point", "coordinates": [-77.1636100354344, -12.063835941016437]}, "properties": {"kind": "anchorage"}}, {"type": "Feature", "geometry": {"type": "Point", "coordinates": [-77.16613342186088, -12.062547904440917]}, "properties": {"kind": "anchorage"}}, {"type": "Feature", "geometry": {"type": "Point", "coordinates": [-77.16229318593385, -12.062059042627991]}, "properties": {"kind": "anchorage"}}, {"type": "Feature", "geometry": {"type": "Point", "coordinates": [-77.15853203462848, -12.060900407336092]}, "properties": {"kind": "anchorage"}}, {"type": "Feature", "geometry": {"type": "Point", "coordinates": [-77.15298889029249, -12.058001547447644]}, "properties": {"kind": "anchorage"}}, {"type": "Feature", "geometry": {"type": "Point", "coordinates": [-77.15360636516355, -12.056575093328934]}, "properties": {"kind": "anchorage"}}, {"type": "Feature", "geometry": {"type": "Point", "coordinates": [-77.15516924174086, -12.054065254577745]}, "properties": {"kind": "anchorage"}}, {"type": "Feature", "geometry": {"type": "Point", "coordinates": [-77.1676345514525, -12.054203949183554]}, "properties": {"kind": "restricted_area"}}, {"type": "Feature", "geometry": {"type": "Point", "coordinates": [-77.17073290636728, -12.041103799380567]}, "properties": {"kind": "restricted_area"}}, {"type": "Feature", "geometry": {"type": "Point", "coordinates": [-77.187450257445, -12.058434964132049]}, "properties": {"kind": "restricted_area"}}, {"type": "Feature", "geometry": {"type": "Point", "coordinates": [-77.20091831383718, -12.070127042420994]}, "properties": {"kind": "restricted_area"}}, {"type": "Feature", "geometry": {"type": "Point", "coordinates": [-77.25199433604863, -12.03022527739347]}, "properties": {"kind": "separation_lane"}}, {"type": "Feature", "geometry": {"type": "Point", "coordinates": [-77.23720480009996, -12.028639114491416]}, "properties": {"kind": "separation_lane"}}, {"type": "Feature", "geometry": {"type": "Point", "coordinates": [-77.24232589307302, -12.042690052702572]}, "properties": {"kind": "separation_lane"}}, {"type": "Feature", "geometry": {"type": "Point", "coordinates": [-77.24398150521624, -12.034185071009098]}, "properties": {"kind": "restricted_area"}}, {"type": "Feature", "geometry": {"type": "Point", "coordinates": [-77.2592068, -12.05529005]}, "properties": {"kind": "recommended_traffic_lane"}}, {"type": "Feature", "geometry": {"type": "Point", "coordinates": [-77.26319795, -12.038586]}, "properties": {"kind": "recommended_traffic_lane"}}, {"type": "Feature", "geometry": {"type": "Point", "coordinates": [-77.26171735, -12.0223635]}, "properties": {"kind": "recommended_traffic_lane"}}, {"type": "Feature", "geometry": {"type": "Point", "coordinates": [-77.25585945, -12.00433475]}, "properties": {"kind": "recommended_traffic_lane"}}, {"type": "Feature", "geometry": {"type": "Point", "coordinates": [-77.2051764, -12.038648949999999]}, "properties": {"kind": "recommended_traffic_lane"}}, {"type": "Feature", "geometry": {"type": "Point", "coordinates": [-77.20556264999999, -12.042174549999999]}, "properties": {"kind": "recommended_traffic_lane"}}, {"type": "Feature", "geometry": {"type": "Point", "coordinates": [-77.22805364121382, -12.049249226350986]}, "properties": {"kind": "separation_boundary"}}, {"type": "Feature", "geometry": {"type": "Point", "coordinates": [-77.26218094503429, -12.047075139245205]}, "properties": {"kind": "separation_zone"}}, {"type": "Feature", "geometry": {"type": "Point", "coordinates": [-77.260070628859, -12.013175596630884]}, "properties": {"kind": "separation_zone"}}, {"type": "Feature", "geometry": {"type": "Point", "coordinates": [-77.26315872736743, -12.030191005037398]}, "properties": {"kind": "separation_boundary"}}, {"type": "Feature", "geometry": {"type": "Point", "coordinates": [-77.22722543728037, -12.021534643130199]}, "properties": {"kind": "separation_boundary"}}, {"type": "Feature", "geometry": {"type": "Point", "coordinates": [-77.20594800707462, -12.0402487375256]}, "properties": {"kind": "separation_zone"}}, {"type": "Feature", "geometry": {"type": "Point", "coordinates": [-77.05753365699428, -12.001768019969859]}, "properties": {"kind": "water_tower"}}, {"type": "Feature", "geometry": {"type": "Point", "coordinates": [-77.06722828918232, -12.019266271214512]}, "properties": {"kind": "water_tower"}}, {"type": "Feature", "geometry": {"type": "Point", "coordinates": [-77.04856465325518, -12.008511738154183]}, "properties": {"kind": "water_tower"}}, {"type": "Feature", "geometry": {"type": "Point", "coordinates": [-77.04777290612087, -12.00825888088367]}, "properties": {"kind": "water_tower"}}, {"type": "Feature", "geometry": {"type": "Point", "coordinates": [-77.05539854574417, -11.989531751946027]}, "properties": {"kind": "geoglyph"}}, {"type": "Feature", "geometry": {"type": "Point", "coordinates": [-77.06206665436657, -11.953439135426569]}, "properties": {"kind": "water_tower"}}, {"type": "Feature", "geometry": {"type": "Point", "coordinates": [-77.05209195540462, -11.965653784729046]}, "properties": {"kind": "water_tower"}}, {"type": "Feature", "geometry": {"type": "Point", "coordinates": [-77.0552200713966, -11.973674821889356]}, "properties": {"kind": "water_tower"}}, {"type": "Feature", "geometry": {"type": "Point", "coordinates": [-77.05525751711653, -11.973691829299138]}, "properties": {"kind": "water_tower"}}, {"type": "Feature", "geometry": {"type": "Point", "coordinates": [-77.0366417951214, -11.975894634408496]}, "properties": {"kind": "water_tower"}}, {"type": "Feature", "geometry": {"type": "Point", "coordinates": [-77.03664843111439, -11.975902341479962]}, "properties": {"kind": "water_tower"}}, {"type": "Feature", "geometry": {"type": "Point", "coordinates": [-77.03557341628283, -12.101930015778803]}, "properties": {"kind": "bridge"}}, {"type": "Feature", "geometry": {"type": "Point", "coordinates": [-77.12110586332469, -11.97946543003093]}, "properties": {"kind": "works"}}, {"type": "Feature", "geometry": {"type": "Point", "coordinates": [-77.10802868403779, -11.972617780230072]}, "properties": {"kind": "water_tower"}}, {"type": "Feature", "geometry": {"type": "Point", "coordinates": [-77.11766091467716, -11.990305714168734]}, "properties": {"kind": "water_tower"}}, {"type": "Feature", "geometry": {"type": "Point", "coordinates": [-77.13463690679326, -12.023576782501285]}, "properties": {"kind": "water_tower"}}, {"type": "Feature", "geometry": {"type": "Point", "coordinates": [-77.06329604091337, -12.097001665663482]}, "properties": {"kind": "ditch"}}, {"type": "Feature", "geometry": {"type": "Point", "coordinates": [-77.06448112393423, -12.097573136769698]}, "properties": {"kind": "ditch"}}, {"type": "Feature", "geometry": {"type": "Point", "coordinates": [-77.06585955, -12.095993349999997]}, "properties": {"kind": "reservoir_covered"}}, {"type": "Feature", "geometry": {"type": "Point", "coordinates": [-77.06403825699219, -12.096004705639698]}, "properties": {"kind": "ditch"}}, {"type": "Feature", "geometry": {"type": "Point", "coordinates": [-77.066337, -12.096161649999999]}, "properties": {"kind": "ditch"}}, {"type": "Feature", "geometry": {"type": "Point", "coordinates": [-77.0664398, -12.0962806]}, "properties": {"kind": "ditch"}}, {"type": "Feature", "geometry": {"type": "Point", "coordinates": [-77.06677089695673, -12.09668069587421]}, "properties": {"kind": "ditch"}}, {"type": "Feature", "geometry": {"type": "Point", "coordinates": [-77.10279905643694, -11.991307134764538]}, "properties": {"kind": "water_tower"}}, {"type": "Feature", "geometry": {"type": "Point", "coordinates": [-77.08158156743556, -12.03078920891627]}, "properties": {"kind": "water_tower"}}, {"type": "Feature", "geometry": {"type": "Point", "coordinates": [-77.0301577615629, -12.032183539847152]}, "properties": {"kind": "storage_tank"}}, {"type": "Feature", "geometry": {"type": "Point", "coordinates": [-77.03561144676382, -12.062927533162005]}, "properties": {"kind": "bridge"}}, {"type": "Feature", "geometry": {"type": "Point", "coordinates": [-77.04824632216982, -12.115771083065246]}, "properties": {"kind": "wastewater_plant"}}, {"type": "Feature", "geometry": {"type": "Point", "coordinates": [-77.07086877030912, -11.96072972014824]}, "properties": {"kind": "water_tower"}}, {"type": "Feature", "geometry": {"type": "Point", "coordinates": [-77.14948644257682, -12.059116733614003]}, "properties": {"kind": "breakwater"}}, {"type": "Feature", "geometry": {"type": "Point", "coordinates": [-77.15973355, -12.071364599999999]}, "properties": {"kind": "pier"}}, {"type": "Feature", "geometry": {"type": "Point", "coordinates": [-77.15076219027944, -12.059513702070216]}, "properties": {"kind": "breakwater"}}, {"type": "Feature", "geometry": {"type": "Point", "coordinates": [-77.08270573628702, -11.970901567215565]}, "properties": {"kind": "storage_tank"}}, {"type": "Feature", "geometry": {"type": "Point", "coordinates": [-77.08771861300863, -11.978071731418343]}, "properties": {"kind": "storage_tank"}}, {"type": "Feature", "geometry": {"type": "Point", "coordinates": [-77.10805943642039, -12.011426183672908]}, "properties": {"kind": "storage_tank"}}, {"type": "Feature", "geometry": {"type": "Point", "coordinates": [-77.10796748961043, -12.01163110636644]}, "properties": {"kind": "storage_tank"}}, {"type": "Feature", "geometry": {"type": "Point", "coordinates": [-77.10778861185585, -12.0115555468824]}, "properties": {"kind": "storage_tank"}}, {"type": "Feature", "geometry": {"type": "Point", "coordinates": [-77.10788005003427, -12.011358717864958]}, "properties": {"kind": "storage_tank"}}, {"type": "Feature", "geometry": {"type": "Point", "coordinates": [-77.10281468001644, -12.00061222957952]}, "properties": {"kind": "storage_tank"}}, {"type": "Feature", "geometry": {"type": "Point", "coordinates": [-77.03391363156231, -12.063750010628011]}, "properties": {"kind": "bridge"}}, {"type": "Feature", "geometry": {"type": "Point", "coordinates": [-77.03340417506774, -12.06511042187819]}, "properties": {"kind": "bridge"}}, {"type": "Feature", "geometry": {"type": "Point", "coordinates": [-77.03041254705765, -12.073246601209085]}, "properties": {"kind": "bridge"}}, {"type": "Feature", "geometry": {"type": "Point", "coordinates": [-77.03141733986557, -12.07058276220849]}, "properties": {"kind": "bridge"}}, {"type": "Feature", "geometry": {"type": "Point", "coordinates": [-77.03302682943149, -12.165093962096911]}, "properties": {"kind": "pier"}}, {"type": "Feature", "geometry": {"type": "Point", "coordinates": [-77.11333302989192, -11.969052345831892]}, "properties": {"kind": "stream"}}, {"type": "Feature", "geometry": {"type": "Point", "coordinates": [-77.11220355, -11.9647373]}, "properties": {"kind": "stream"}}, {"type": "Feature", "geometry": {"type": "Point", "coordinates": [-77.1393665558676, -12.040154472802723]}, "properties": {"kind": "boatyard"}}, {"type": "Feature", "geometry": {"type": "Point", "coordinates": [-77.13966293911997, -12.039470765978141]}, "properties": {"kind": "dock"}}, {"type": "Feature", "geometry": {"type": "Point", "coordinates": [-77.09956128419515, -12.013892340909013]}, "properties": {"kind": "storage_tank"}}, {"type": "Feature", "geometry": {"type": "Point", "coordinates": [-77.13077131802287, -12.041344148772042]}, "properties": {"kind": "storage_tank"}}, {"type": "Feature", "geometry": {"type": "Point", "coordinates": [-77.13023891802285, -12.041211748772042]}, "properties": {"kind": "storage_tank"}}, {"type": "Feature", "geometry": {"type": "Point", "coordinates": [-77.12976251802286, -12.04109754877204]}, "properties": {"kind": "storage_tank"}}, {"type": "Feature", "geometry": {"type": "Point", "coordinates": [-77.12926751802284, -12.04097424877204]}, "properties": {"kind": "storage_tank"}}, {"type": "Feature", "geometry": {"type": "Point", "coordinates": [-77.13115189139207, -12.042011641260423]}, "properties": {"kind": "storage_tank"}}, {"type": "Feature", "geometry": {"type": "Point", "coordinates": [-77.08714040945935, -11.932479997106364]}, "properties": {"kind": "storage_tank"}}, {"type": "Feature", "geometry": {"type": "Point", "coordinates": [-77.08248924200491, -11.93952503018829]}, "properties": {"kind": "storage_tank"}}, {"type": "Feature", "geometry": {"type": "Point", "coordinates": [-77.08015344503134, -11.939455483927615]}, "properties": {"kind": "storage_tank"}}, {"type": "Feature", "geometry": {"type": "Point", "coordinates": [-77.0795301669034, -11.944417840884965]}, "properties": {"kind": "storage_tank"}}, {"type": "Feature", "geometry": {"type": "Point", "coordinates": [-77.0827855877631, -11.944067946936133]}, "properties": {"kind": "storage_tank"}}, {"type": "Feature", "geometry": {"type": "Point", "coordinates": [-77.05353236829404, -12.087135198623425]}, "properties": {"kind": "bridge"}}, {"type": "Feature", "geometry": {"type": "Point", "coordinates": [-77.1580893494232, -12.072027518379423]}, "properties": {"kind": "pier"}}, {"type": "Feature", "geometry": {"type": "Point", "coordinates": [-77.06449545000001, -12.0952884]}, "properties": {"kind": "canal"}}, {"type": "Feature", "geometry": {"type": "Point", "coordinates": [-77.08493994273694, -12.046174144796153]}, "properties": {"kind": "works"}}, {"type": "Feature", "geometry": {"type": "Point", "coordinates": [-77.08495794168104, -12.046850857264026]}, "properties": {"kind": "works"}}, {"type": "Feature", "geometry": {"type": "Point", "coordinates": [-77.18161057371374, -12.112335776492007]}, "properties": {"kind": "pier"}}, {"type": "Feature", "geometry": {"type": "Point", "coordinates": [-77.21986891080805, -12.07325119070694]}, "properties": {"kind": "pier"}}, {"type": "Feature", "geometry": {"type": "Point", "coordinates": [-77.21241830116973, -12.084177671710709]}, "properties": {"kind": "storage_tank"}}, {"type": "Feature", "geometry": {"type": "Point", "coordinates": [-77.18232962347217, -12.112010104356207]}, "properties": {"kind": "storage_tank"}}, {"type": "Feature", "geometry": {"type": "Point", "coordinates": [-77.18230012080564, -12.11191927829805]}, "properties": {"kind": "storage_tank"}}, {"type": "Feature", "geometry": {"type": "Point", "coordinates": [-77.04778374832648, -11.939075131493686]}, "properties": {"kind": "water_tower"}}, {"type": "Feature", "geometry": {"type": "Point", "coordinates": [-77.08390669481966, -11.981828688206207]}, "properties": {"kind": "water_tower"}}, {"type": "Feature", "geometry": {"type": "Point", "coordinates": [-77.06991211932957, -11.969203835649774]}, "properties": {"kind": "water_tower"}}, {"type": "Feature", "geometry": {"type": "Point", "coordinates": [-77.06850844870316, -11.976887748587616]}, "properties": {"kind": "water_tower"}}, {"type": "Feature", "geometry": {"type": "Point", "coordinates": [-77.10546527694285, -12.005107042947172]}, "properties": {"kind": "water_tower"}}, {"type": "Feature", "geometry": {"type": "Point", "coordinates": [-77.09702156587649, -12.085302971874073]}, "properties": {"kind": "bridge"}}, {"type": "Feature", "geometry": {"type": "Point", "coordinates": [-77.0870932882312, -12.007392315105548]}, "properties": {"kind": "water_tower"}}, {"type": "Feature", "geometry": {"type": "Point", "coordinates": [-77.08072929771976, -11.986193986793491]}, "properties": {"kind": "water_tower"}}, {"type": "Feature", "geometry": {"type": "Point", "coordinates": [-77.04344239228584, -12.038832526526887]}, "properties": {"kind": "bridge"}}, {"type": "Feature", "geometry": {"type": "Point", "coordinates": [-77.04365442961377, -12.03650362128043]}, "properties": {"kind": "bridge"}}, {"type": "Feature", "geometry": {"type": "Point", "coordinates": [-77.10481003827323, -11.945239698529019]}, "properties": {"kind": "water_tower"}}, {"type": "Feature", "geometry": {"type": "Point", "coordinates": [-77.10586927623895, -11.946217185077447]}, "properties": {"kind": "water_tower"}}, {"type": "Feature", "geometry": {"type": "Point", "coordinates": [-77.10500305, -11.9453426]}, "properties": {"kind": "stream"}}, {"type": "Feature", "geometry": {"type": "Point", "coordinates": [-77.10574098546542, -11.945469227860299]}, "properties": {"kind": "stream"}}, {"type": "Feature", "geometry": {"type": "Point", "coordinates": [-77.11618423826974, -11.957553169362404]}, "properties": {"kind": "water_tower"}}, {"type": "Feature", "geometry": {"type": "Point", "coordinates": [-77.07425014130287, -12.021308333584956]}, "properties": {"kind": "water_tower"}}, {"type": "Feature", "geometry": {"type": "Point", "coordinates": [-77.07297977102462, -12.021700870521977]}, "properties": {"kind": "water_tower"}}, {"type": "Feature", "geometry": {"type": "Point", "coordinates": [-77.09181044809395, -11.954917674200887]}, "properties": {"kind": "water_tower"}}, {"type": "Feature", "geometry": {"type": "Point", "coordinates": [-77.13694667475434, -11.958312722508643]}, "properties": {"kind": "pier"}}, {"type": "Feature", "geometry": {"type": "Point", "coordinates": [-77.13425382873682, -11.999262564736965]}, "properties": {"kind": "works"}}, {"type": "Feature", "geometry": {"type": "Point", "coordinates": [-77.1332936801075, -11.956593799278522]}, "properties": {"kind": "works"}}, {"type": "Feature", "geometry": {"type": "Point", "coordinates": [-77.13115505492924, -11.973314680255019]}, "properties": {"kind": "works"}}, {"type": "Feature", "geometry": {"type": "Point", "coordinates": [-77.13082779487635, -11.974444662062243]}, "properties": {"kind": "works"}}, {"type": "Feature", "geometry": {"type": "Point", "coordinates": [-77.13102064999998, -11.985085399999999]}, "properties": {"kind": "works"}}, {"type": "Feature", "geometry": {"type": "Point", "coordinates": [-77.1276076882304, -11.983907203544717]}, "properties": {"kind": "works"}}, {"type": "Feature", "geometry": {"type": "Point", "coordinates": [-77.12791781026282, -11.987933425551857]}, "properties": {"kind": "works"}}, {"type": "Feature", "geometry": {"type": "Point", "coordinates": [-77.12668685474316, -11.987521827151173]}, "properties": {"kind": "works"}}, {"type": "Feature", "geometry": {"type": "Point", "coordinates": [-77.12820417984308, -12.004846234853833]}, "properties": {"kind": "works"}}, {"type": "Feature", "geometry": {"type": "Point", "coordinates": [-77.13590857980283, -12.003349265202754]}, "properties": {"kind": "works"}}, {"type": "Feature", "geometry": {"type": "Point", "coordinates": [-77.13652833034719, -12.000991849553776]}, "properties": {"kind": "works"}}, {"type": "Feature", "geometry": {"type": "Point", "coordinates": [-77.1323730888058, -11.99883369948697]}, "properties": {"kind": "works"}}, {"type": "Feature", "geometry": {"type": "Point", "coordinates": [-77.13432312944768, -11.997764351922989]}, "properties": {"kind": "works"}}, {"type": "Feature", "geometry": {"type": "Point", "coordinates": [-77.1324387778951, -11.999286471152997]}, "properties": {"kind": "works"}}, {"type": "Feature", "geometry": {"type": "Point", "coordinates": [-77.13201309246152, -11.999774777415855]}, "properties": {"kind": "works"}}, {"type": "Feature", "geometry": {"type": "Point", "coordinates": [-77.13219953394258, -11.995919624743046]}, "properties": {"kind": "wastewater_plant"}}, {"type": "Feature", "geometry": {"type": "Point", "coordinates": [-77.13643471702245, -12.016097172841334]}, "properties": {"kind": "works"}}, {"type": "Feature", "geometry": {"type": "Point", "coordinates": [-77.13946082149022, -12.01819629002734]}, "properties": {"kind": "works"}}, {"type": "Feature", "geometry": {"type": "Point", "coordinates": [-77.13869105651905, -12.018424119473277]}, "properties": {"kind": "works"}}, {"type": "Feature", "geometry": {"type": "Point", "coordinates": [-77.10416905, -12.03090255]}, "properties": {"kind": "works"}}, {"type": "Feature", "geometry": {"type": "Point", "coordinates": [-77.10212893463843, -12.027107203243917]}, "properties": {"kind": "works"}}, {"type": "Feature", "geometry": {"type": "Point", "coordinates": [-77.10496923477689, -12.029882978616941]}, "properties": {"kind": "works"}}, {"type": "Feature", "geometry": {"type": "Point", "coordinates": [-77.07798531555825, -12.035322447995057]}, "properties": {"kind": "bridge"}}, {"type": "Feature", "geometry": {"type": "Point", "coordinates": [-77.11866154842154, -11.93547427509336]}, "properties": {"kind": "cooling"}}, {"type": "Feature", "geometry": {"type": "Point", "coordinates": [-77.11902358288083, -11.936062090814733]}, "properties": {"kind": "cooling"}}, {"type": "Feature", "geometry": {"type": "Point", "coordinates": [-77.09113834976863, -12.037919211458032]}, "properties": {"kind": "bridge"}}, {"type": "Feature", "geometry": {"type": "Point", "coordinates": [-77.0490589825115, -12.03573169385259]}, "properties": {"kind": "bridge"}}, {"type": "Feature", "geometry": {"type": "Point", "coordinates": [-77.13927491577867, -12.000973926197382]}, "properties": {"kind": "pier"}}, {"type": "Feature", "geometry": {"type": "Point", "coordinates": [-77.13782887044144, -12.033239449279325]}, "properties": {"kind": "bridge"}}, {"type": "Feature", "geometry": {"type": "Point", "coordinates": [-77.13637588521924, -12.044552342407778]}, "properties": {"kind": "silo"}}, {"type": "Feature", "geometry": {"type": "Point", "coordinates": [-77.13623159684109, -12.0445351917997]}, "properties": {"kind": "silo"}}, {"type": "Feature", "geometry": {"type": "Point", "coordinates": [-77.13613983954858, -12.044680352040364]}, "properties": {"kind": "silo"}}, {"type": "Feature", "geometry": {"type": "Point", "coordinates": [-77.13593944231197, -12.044637555059943]}, "properties": {"kind": "silo"}}, {"type": "Feature", "geometry": {"type": "Point", "coordinates": [-77.13587104153984, -12.044464412381382]}, "properties": {"kind": "silo"}}, {"type": "Feature", "geometry": {"type": "Point", "coordinates": [-77.13604125320113, -12.044504336552382]}, "properties": {"kind": "silo"}}, {"type": "Feature", "geometry": {"type": "Point", "coordinates": [-77.13787694236002, -12.043902411480898]}, "properties": {"kind": "silo"}}, {"type": "Feature", "geometry": {"type": "Point", "coordinates": [-77.13778541001814, -12.043884041601036]}, "properties": {"kind": "silo"}}, {"type": "Feature", "geometry": {"type": "Point", "coordinates": [-77.13760188952112, -12.043847440704846]}, "properties": {"kind": "silo"}}, {"type": "Feature", "geometry": {"type": "Point", "coordinates": [-77.13769340588715, -12.04386582074653]}, "properties": {"kind": "silo"}}, {"type": "Feature", "geometry": {"type": "Point", "coordinates": [-77.1372369219923, -12.043769755764327]}, "properties": {"kind": "silo"}}, {"type": "Feature", "geometry": {"type": "Point", "coordinates": [-77.13732844717288, -12.043788163135005]}, "properties": {"kind": "silo"}}, {"type": "Feature", "geometry": {"type": "Point", "coordinates": [-77.13742045091726, -12.0438063716877]}, "properties": {"kind": "silo"}}, {"type": "Feature", "geometry": {"type": "Point", "coordinates": [-77.13751196450586, -12.043824756780559]}, "properties": {"kind": "silo"}}, {"type": "Feature", "geometry": {"type": "Point", "coordinates": [-77.13781217480779, -12.044041084403759]}, "properties": {"kind": "silo"}}, {"type": "Feature", "geometry": {"type": "Point", "coordinates": [-77.13763161383564, -12.044003037093244]}, "properties": {"kind": "silo"}}, {"type": "Feature", "geometry": {"type": "Point", "coordinates": [-77.13748253977082, -12.04397606738765]}, "properties": {"kind": "silo"}}, {"type": "Feature", "geometry": {"type": "Point", "coordinates": [-77.13729691639557, -12.043935168723527]}, "properties": {"kind": "silo"}}, {"type": "Feature", "geometry": {"type": "Point", "coordinates": [-77.13714145333782, -12.043907569110141]}, "properties": {"kind": "silo"}}, {"type": "Feature", "geometry": {"type": "Point", "coordinates": [-77.13687362041858, -12.0441283140094]}, "properties": {"kind": "silo"}}, {"type": "Feature", "geometry": {"type": "Point", "coordinates": [-77.13684868563108, -12.044198041755918]}, "properties": {"kind": "silo"}}, {"type": "Feature", "geometry": {"type": "Point", "coordinates": [-77.13667979131058, -12.044141722567554]}, "properties": {"kind": "silo"}}, {"type": "Feature", "geometry": {"type": "Point", "coordinates": [-77.13669808813944, -12.044060732294064]}, "properties": {"kind": "silo"}}, {"type": "Feature", "geometry": {"type": "Point", "coordinates": [-77.13662163357756, -12.04404416206977]}, "properties": {"kind": "silo"}}, {"type": "Feature", "geometry": {"type": "Point", "coordinates": [-77.1365878501853, -12.044120000986187]}, "properties": {"kind": "silo"}}, {"type": "Feature", "geometry": {"type": "Point", "coordinates": [-77.13665168429863, -12.044269891834263]}, "properties": {"kind": "silo"}}, {"type": "Feature", "geometry": {"type": "Point", "coordinates": [-77.13666642742129, -12.044205628042594]}, "properties": {"kind": "silo"}}, {"type": "Feature", "geometry": {"type": "Point", "coordinates": [-77.13657625018146, -12.044185953637877]}, "properties": {"kind": "silo"}}, {"type": "Feature", "geometry": {"type": "Point", "coordinates": [-77.13657591857559, -12.044252848248552]}, "properties": {"kind": "silo"}}, {"type": "Feature", "geometry": {"type": "Point", "coordinates": [-77.13672384759175, -12.044263664327806]}, "properties": {"kind": "silo"}}, {"type": "Feature", "geometry": {"type": "Point", "coordinates": [-77.136765158309, -12.044160664974315]}, "properties": {"kind": "silo"}}, {"type": "Feature", "geometry": {"type": "Point", "coordinates": [-77.13680718691418, -12.044279614108886]}, "properties": {"kind": "silo"}}, {"type": "Feature", "geometry": {"type": "Point", "coordinates": [-77.13690260905678, -12.043921652320892]}, "properties": {"kind": "silo"}}, {"type": "Feature", "geometry": {"type": "Point", "coordinates": [-77.13686020212442, -12.044018279878292]}, "properties": {"kind": "silo"}}, {"type": "Feature", "geometry": {"type": "Point", "coordinates": [-77.13674085288625, -12.043974660284269]}, "properties": {"kind": "silo"}}, {"type": "Feature", "geometry": {"type": "Point", "coordinates": [-77.10493254484227, -12.029636720620314]}, "properties": {"kind": "storage_tank"}}, {"type": "Feature", "geometry": {"type": "Point", "coordinates": [-77.06553351583142, -12.0348995011939]}, "properties": {"kind": "bridge"}}, {"type": "Feature", "geometry": {"type": "Point", "coordinates": [-77.05590336222497, -12.031606555857918]}, "properties": {"kind": "bridge"}}, {"type": "Feature", "geometry": {"type": "Point", "coordinates": [-77.11863285719663, -12.010735007828128]}, "properties": {"kind": "compass_rose"}}, {"type": "Feature", "geometry": {"type": "Point", "coordinates": [-77.07976054999999, -12.0734159]}, "properties": {"kind": "monitoring_station"}}, {"type": "Feature", "geometry": {"type": "Point", "coordinates": [-77.07301287147484, -11.947983470847271]}, "properties": {"kind": "water_tower"}}, {"type": "Feature", "geometry": {"type": "Point", "coordinates": [-77.11355524647139, -12.03554739119707]}, "properties": {"kind": "drain"}}, {"type": "Feature", "geometry": {"type": "Point", "coordinates": [-77.114451, -11.96642235]}, "properties": {"kind": "stream"}}, {"type": "Feature", "geometry": {"type": "Point", "coordinates": [-77.11372985, -11.9651928]}, "properties": {"kind": "stream"}}, {"type": "Feature", "geometry": {"type": "Point", "coordinates": [-77.03001049423567, -12.058973265516482]}, "properties": {"kind": "bridge"}}, {"type": "Feature", "geometry": {"type": "Point", "coordinates": [-77.03144652240788, -12.059278490235242]}, "properties": {"kind": "bridge"}}, {"type": "Feature", "geometry": {"type": "Point", "coordinates": [-77.03501257749333, -12.062648957631897]}, "properties": {"kind": "harbour"}}, {"type": "Feature", "geometry": {"type": "Point", "coordinates": [-77.14112900214155, -12.046409205018627]}, "properties": {"kind": "breakwater"}}, {"type": "Feature", "geometry": {"type": "Point", "coordinates": [-77.15155637484922, -12.055354538652972]}, "properties": {"kind": "breakwater"}}, {"type": "Feature", "geometry": {"type": "Point", "coordinates": [-77.15166381558552, -12.04190110928787]}, "properties": {"kind": "breakwater"}}, {"type": "Feature", "geometry": {"type": "Point", "coordinates": [-77.06414920911304, -12.102765624503808]}, "properties": {"kind": "stream"}}, {"type": "Feature", "geometry": {"type": "Point", "coordinates": [-77.06529308216311, -12.104204338293144]}, "properties": {"kind": "stream"}}, {"type": "Feature", "geometry": {"type": "Point", "coordinates": [-77.06508905000001, -12.103849449999998]}, "properties": {"kind": "stream"}}, {"type": "Feature", "geometry": {"type": "Point", "coordinates": [-77.06483382024197, -12.103543320050752]}, "properties": {"kind": "stream"}}, {"type": "Feature", "geometry": {"type": "Point", "coordinates": [-77.06451768961507, -12.103140936282866]}, "properties": {"kind": "stream"}}, {"type": "Feature", "geometry": {"type": "Point", "coordinates": [-77.06395251716071, -11.97948143010951]}, "properties": {"kind": "works"}}, {"type": "Feature", "geometry": {"type": "Point", "coordinates": [-77.06330854260074, -11.980653048109858]}, "properties": {"kind": "works"}}, {"type": "Feature", "geometry": {"type": "Point", "coordinates": [-77.06116648488917, -11.980825259656221]}, "properties": {"kind": "works"}}, {"type": "Feature", "geometry": {"type": "Point", "coordinates": [-77.06414392334197, -11.978868381546734]}, "properties": {"kind": "works"}}, {"type": "Feature", "geometry": {"type": "Point", "coordinates": [-77.0600158460521, -11.980447328605987]}, "properties": {"kind": "works"}}, {"type": "Feature", "geometry": {"type": "Point", "coordinates": [-77.06071443226345, -11.979450776047017]}, "properties": {"kind": "works"}}, {"type": "Feature", "geometry": {"type": "Point", "coordinates": [-77.1011271, -12.0398834]}, "properties": {"kind": "ditch"}}, {"type": "Feature", "geometry": {"type": "Point", "coordinates": [-77.1011003, -12.039916349999999]}, "properties": {"kind": "ditch"}}, {"type": "Feature", "geometry": {"type": "Point", "coordinates": [-77.1010652, -12.03994485]}, "properties": {"kind": "ditch"}}, {"type": "Feature", "geometry": {"type": "Point", "coordinates": [-77.10133260867795, -12.039824119282859]}, "properties": {"kind": "ditch"}}, {"type": "Feature", "geometry": {"type": "Point", "coordinates": [-77.1015713, -12.03981765]}, "properties": {"kind": "ditch"}}, {"type": "Feature", "geometry": {"type": "Point", "coordinates": [-77.10237634773111, -12.039686963998587]}, "properties": {"kind": "ditch"}}, {"type": "Feature", "geometry": {"type": "Point", "coordinates": [-77.05366849577355, -12.087847850126977]}, "properties": {"kind": "residential"}}, {"type": "Feature", "geometry": {"type": "Point", "coordinates": [-77.07142450241165, -12.06010497330289]}, "properties": {"kind": "residential"}}, {"type": "Feature", "geometry": {"type": "Point", "coordinates": [-77.1217123734785, -12.046446904551882]}, "properties": {"kind": "industrial"}}, {"type": "Feature", "geometry": {"type": "Point", "coordinates": [-77.10777614240621, -12.054788413815315]}, "properties": {"kind": "grass"}}, {"type": "Feature", "geometry": {"type": "Point", "coordinates": [-77.09780905491756, -12.064034678300933]}, "properties": {"kind": "grass"}}, {"type": "Feature", "geometry": {"type": "Point", "coordinates": [-77.07111346066901, -11.945531099387136]}, "properties": {"kind": "grass"}}, {"type": "Feature", "geometry": {"type": "Point", "coordinates": [-77.03414420538229, -12.068466200104751]}, "properties": {"kind": "grass"}}, {"type": "Feature", "geometry": {"type": "Point", "coordinates": [-77.0341443117761, -12.068466175142676]}, "properties": {"kind": "grass"}}, {"type": "Feature", "geometry": {"type": "Point", "coordinates": [-77.11301159570763, -12.010095231631928]}, "properties": {"kind": "grass"}}, {"type": "Feature", "geometry": {"type": "Point", "coordinates": [-77.03736126961674, -12.058750151653275]}, "properties": {"kind": "grass"}}, {"type": "Feature", "geometry": {"type": "Point", "coordinates": [-77.10075553744585, -12.054014566406318]}, "properties": {"kind": "grass"}}, {"type": "Feature", "geometry": {"type": "Point", "coordinates": [-77.0777079476483, -12.035805031821827]}, "properties": {"kind": "grass"}}, {"type": "Feature", "geometry": {"type": "Point", "coordinates": [-77.03162978222228, -12.04532042272053]}, "properties": {"kind": "grass"}}, {"type": "Feature", "geometry": {"type": "Point", "coordinates": [-77.13360213917265, -12.000746792054427]}, "properties": {"kind": "works"}}, {"type": "Feature", "geometry": {"type": "Point", "coordinates": [-77.04046411818189, -12.078763483345194]}, "properties": {"kind": "grass"}}, {"type": "Feature", "geometry": {"type": "Point", "coordinates": [-77.03018912924489, -12.131882465896238]}, "properties": {"kind": "chimney"}}, {"type": "Feature", "geometry": {"type": "Point", "coordinates": [-77.03086570908785, -12.131381437606004]}, "properties": {"kind": "chimney"}}, {"type": "Feature", "geometry": {"type": "Point", "coordinates": [-77.07552139915097, -12.074748460201365]}, "properties": {"kind": "residential"}}, {"type": "Feature", "geometry": {"type": "Point", "coordinates": [-77.04113082833425, -12.065354168224978]}, "properties": {"kind": "military"}}]}