{"type": "FeatureCollection", "features": [{"type": "Feature", "geometry": {"type": "Point", "coordinates": [56.3530486, 25.128859100000003]}, "properties": {"kind": "mast"}}, {"type": "Feature", "geometry": {"type": "Point", "coordinates": [56.2992696, 25.2164502]}, "properties": {"kind": "tower"}}, {"type": "Feature", "geometry": {"type": "Point", "coordinates": [56.337660400000004, 25.199349]}, "properties": {"kind": "tower"}}, {"type": "Feature", "geometry": {"type": "Point", "coordinates": [56.245445600000004, 25.1773428]}, "properties": {"kind": "tower"}}, {"type": "Feature", "geometry": {"type": "Point", "coordinates": [56.300173, 25.1298639]}, "properties": {"kind": "flagpole"}}, {"type": "Feature", "geometry": {"type": "Point", "coordinates": [56.3029645, 25.1271856]}, "properties": {"kind": "tower"}}, {"type": "Feature", "geometry": {"type": "Point", "coordinates": [56.3151906, 25.1303355]}, "properties": {"kind": "mast"}}, {"type": "Feature", "geometry": {"type": "Point", "coordinates": [56.3307865, 25.127790100000002]}, "properties": {"kind": "mast"}}, {"type": "Feature", "geometry": {"type": "Point", "coordinates": [56.3329686, 25.117212300000002]}, "properties": {"kind": "mast"}}, {"type": "Feature", "geometry": {"type": "Point", "coordinates": [56.3367578, 25.1309216]}, "properties": {"kind": "tower"}}, {"type": "Feature", "geometry": {"type": "Point", "coordinates": [56.344232000000005, 25.128253400000002]}, "properties": {"kind": "mast"}}, {"type": "Feature", "geometry": {"type": "Point", "coordinates": [56.3440366, 25.1144007]}, "properties": {"kind": "mast"}}, {"type": "Feature", "geometry": {"type": "Point", "coordinates": [56.3462388, 25.1452968]}, "properties": {"kind": "mast"}}, {"type": "Feature", "geometry": {"type": "Point", "coordinates": [56.347689, 25.141611]}, "properties": {"kind": "mast"}}, {"type": "Feature", "geometry": {"type": "Point", "coordinates": [56.3299299, 25.1341079]}, "properties": {"kind": "tower"}}, {"type": "Feature", "geometry": {"type": "Point", "coordinates": [56.35320170000001, 25.145364100000002]}, "properties": {"kind": "mast"}}, {"type": "Feature", "geometry": {"type": "Point", "coordinates": [56.3271949, 25.1203149]}, "properties": {"kind": "mast"}}, {"type": "Feature", "geometry": {"type": "Point", "coordinates": [56.3290324, 25.140247700000003]}, "properties": {"kind": "mast"}}, {"type": "Feature", "geometry": {"type": "Point", "coordinates": [56.349884200000005, 25.1294274]}, "properties": {"kind": "tower"}}, {"type": "Feature", "geometry": {"type": "Point", "coordinates": [56.283322000000005, 25.120997000000003]}, "properties": {"kind": "flagpole"}}, {"type": "Feature", "geometry": {"type": "Point", "coordinates": [56.3232921, 25.1347486]}, "properties": {"kind": "flagpole"}}, {"type": "Feature", "geometry": {"type": "Point", "coordinates": [56.338700700000004, 25.152507800000002]}, "properties": {"kind": "tower"}}, {"type": "Feature", "geometry": {"type": "Point", "coordinates": [56.3151135, 25.1209238]}, "properties": {"kind": "mast"}}, {"type": "Feature", "geometry": {"type": "Point", "coordinates": [56.3535151, 25.106986900000003]}, "properties": {"kind": "mast"}}, {"type": "Feature", "geometry": {"type": "Point", "coordinates": [56.3402637, 25.1188331]}, "properties": {"kind": "mast"}}, {"type": "Feature", "geometry": {"type": "Point", "coordinates": [56.3402837, 25.135029900000003]}, "properties": {"kind": "mast"}}, {"type": "Feature", "geometry": {"type": "Point", "coordinates": [56.338644200000005, 25.1287018]}, "properties": {"kind": "mast"}}, {"type": "Feature", "geometry": {"type": "Point", "coordinates": [56.342130000000004, 25.1123675]}, "properties": {"kind": "mast"}}, {"type": "Feature", "geometry": {"type": "Point", "coordinates": [56.3523116, 25.138195000000003]}, "properties": {"kind": "mast"}}, {"type": "Feature", "geometry": {"type": "Point", "coordinates": [56.312979600000006, 25.1400618]}, "properties": {"kind": "water_well"}}, {"type": "Feature", "geometry": {"type": "Point", "coordinates": [56.357209700000006, 25.0842695]}, "properties": {"kind": "mast"}}, {"type": "Feature", "geometry": {"type": "Point", "coordinates": [56.357221300000006, 25.0549287]}, "properties": {"kind": "tower"}}, {"type": "Feature", "geometry": {"type": "Point", "coordinates": [56.3568324, 25.095329900000003]}, "properties": {"kind": "tower"}}, {"type": "Feature", "geometry": {"type": "Point", "coordinates": [56.33916730000001, 25.1420578]}, "properties": {"kind": "tower"}}, {"type": "Feature", "geometry": {"type": "Point", "coordinates": [56.356411300000005, 25.0621353]}, "properties": {"kind": "mast"}}, {"type": "Feature", "geometry": {"type": "Point", "coordinates": [56.3528291, 25.1076286]}, "properties": {"kind": "mast"}}, {"type": "Feature", "geometry": {"type": "Point", "coordinates": [56.350869800000005, 25.093760800000002]}, "properties": {"kind": "tower"}}, {"type": "Feature", "geometry": {"type": "Point", "coordinates": [56.339127100000006, 25.165076300000003]}, "properties": {"kind": "tower"}}, {"type": "Feature", "geometry": {"type": "Point", "coordinates": [56.33668900000001, 25.165573900000002]}, "properties": {"kind": "tower"}}, {"type": "Feature", "geometry": {"type": "Point", "coordinates": [56.3102102, 25.1741844]}, "properties": {"kind": "tower"}}, {"type": "Feature", "geometry": {"type": "Point", "coordinates": [56.2975341, 25.1807529]}, "properties": {"kind": "tower"}}, {"type": "Feature", "geometry": {"type": "Point", "coordinates": [56.2854625, 25.1665862]}, "properties": {"kind": "tower"}}, {"type": "Feature", "geometry": {"type": "Point", "coordinates": [56.345894300000005, 25.1475353]}, "properties": {"kind": "tower"}}, {"type": "Feature", "geometry": {"type": "Point", "coordinates": [56.32871780000001, 25.0721783]}, "properties": {"kind": "mast"}}, {"type": "Feature", "geometry": {"type": "Point", "coordinates": [56.3593215, 25.2435727]}, "properties": {"kind": "tower"}}, {"type": "Feature", "geometry": {"type": "Point", "coordinates": [56.3520581, 25.161910600000002]}, "properties": {"kind": "tower"}}, {"type": "Feature", "geometry": {"type": "Point", "coordinates": [56.3548636, 25.1371116]}, "properties": {"kind": "tower"}}, {"type": "Feature", "geometry": {"type": "Point", "coordinates": [56.351918600000005, 25.167807300000003]}, "properties": {"kind": "tower"}}, {"type": "Feature", "geometry": {"type": "Point", "coordinates": [56.3221756, 25.158536100000003]}, "properties": {"kind": "tower"}}, {"type": "Feature", "geometry": {"type": "Point", "coordinates": [56.288991300000006, 25.110935400000002]}, "properties": {"kind": "tower"}}, {"type": "Feature", "geometry": {"type": "Point", "coordinates": [56.2991484, 25.0928228]}, "properties": {"kind": "tower"}}, {"type": "Feature", "geometry": {"type": "Point", "coordinates": [56.29755290000001, 25.078660900000003]}, "properties": {"kind": "tower"}}, {"type": "Feature", "geometry": {"type": "Point", "coordinates": [56.347042300000005, 25.162867100000003]}, "properties": {"kind": "tower"}}, {"type": "Feature", "geometry": {"type": "Point", "coordinates": [56.3572976, 25.048714800000003]}, "properties": {"kind": "mast"}}, {"type": "Feature", "geometry": {"type": "Point", "coordinates": [56.348182900000005, 25.1180933]}, "properties": {"kind": "mast"}}, {"type": "Feature", "geometry": {"type": "Point", "coordinates": [56.3443161, 25.2743234]}, "properties": {"kind": "mast"}}, {"type": "Feature", "geometry": {"type": "Point", "coordinates": [56.3218309, 25.1201872]}, "properties": {"kind": "tower"}}, {"type": "Feature", "geometry": {"type": "Point", "coordinates": [56.3481796, 25.235214600000003]}, "properties": {"kind": "tower"}}, {"type": "Feature", "geometry": {"type": "Point", "coordinates": [56.3430405, 25.246549400000003]}, "properties": {"kind": "tower"}}, {"type": "Feature", "geometry": {"type": "Point", "coordinates": [56.244792700000005, 25.140915900000003]}, "properties": {"kind": "water_tower"}}, {"type": "Feature", "geometry": {"type": "Point", "coordinates": [56.330466300000005, 25.0684426]}, "properties": {"kind": "tower"}}, {"type": "Feature", "geometry": {"type": "Point", "coordinates": [56.3532677, 25.070641300000002]}, "properties": {"kind": "tower"}}, {"type": "Feature", "geometry": {"type": "Point", "coordinates": [56.3508671, 25.072322500000002]}, "properties": {"kind": "tower"}}, {"type": "Feature", "geometry": {"type": "Point", "coordinates": [56.32255910000001, 25.127991]}, "properties": {"kind": "tower"}}, {"type": "Feature", "geometry": {"type": "Point", "coordinates": [56.328256100000004, 25.135237]}, "properties": {"kind": "tower"}}, {"type": "Feature", "geometry": {"type": "Point", "coordinates": [56.35015370000001, 25.155089200000003]}, "properties": {"kind": "mast"}}, {"type": "Feature", "geometry": {"type": "Point", "coordinates": [56.353441800000006, 25.111979700000003]}, "properties": {"kind": "mast"}}, {"type": "Feature", "geometry": {"type": "Point", "coordinates": [56.316701200000004, 25.139425600000003]}, "properties": {"kind": "tower"}}, {"type": "Feature", "geometry": {"type": "Point", "coordinates": [56.3444889, 25.0403805]}, "properties": {"kind": "tower"}}, {"type": "Feature", "geometry": {"type": "Point", "coordinates": [56.313937100000004, 25.0411401]}, "properties": {"kind": "water_tower"}}, {"type": "Feature", "geometry": {"type": "Point", "coordinates": [56.233926600000004, 25.1874068]}, "properties": {"kind": "tower"}}, {"type": "Feature", "geometry": {"type": "Point", "coordinates": [56.3663505, 25.185012]}, "properties": {"kind": "mast"}}, {"type": "Feature", "geometry": {"type": "Point", "coordinates": [56.3784721, 25.193731300000003]}, "properties": {"kind": "mast"}}, {"type": "Feature", "geometry": {"type": "Point", "coordinates": [56.2328406, 25.192472600000002]}, "properties": {"kind": "mast"}}, {"type": "Feature", "geometry": {"type": "Point", "coordinates": [56.343589800000004, 25.0905723]}, "properties": {"kind": "mast"}}, {"type": "Feature", "geometry": {"type": "Point", "coordinates": [56.3572744, 25.0550709]}, "properties": {"kind": "tower"}}, {"type": "Feature", "geometry": {"type": "Point", "coordinates": [56.356947500000004, 25.042650400000003]}, "properties": {"kind": "mast"}}, {"type": "Feature", "geometry": {"type": "Point", "coordinates": [56.348181600000004, 25.0477327]}, "properties": {"kind": "mast"}}, {"type": "Feature", "geometry": {"type": "Point", "coordinates": [56.3524067, 25.062035700000003]}, "properties": {"kind": "mast"}}, {"type": "Feature", "geometry": {"type": "Point", "coordinates": [56.349088800000004, 25.279622500000002]}, "properties": {"kind": "mast"}}, {"type": "Feature", "geometry": {"type": "Point", "coordinates": [56.3521331, 25.275714800000003]}, "properties": {"kind": "mast"}}, {"type": "Feature", "geometry": {"type": "Point", "coordinates": [56.349567900000004, 25.0558082]}, "properties": {"kind": "chimney"}}, {"type": "Feature", "geometry": {"type": "Point", "coordinates": [56.34976760000001, 25.055801300000002]}, "properties": {"kind": "chimney"}}, {"type": "Feature", "geometry": {"type": "Point", "coordinates": [56.3501625, 25.055784000000003]}, "properties": {"kind": "chimney"}}, {"type": "Feature", "geometry": {"type": "Point", "coordinates": [56.316724, 25.2747281]}, "properties": {"kind": "mast"}}, {"type": "Feature", "geometry": {"type": "Point", "coordinates": [56.25004190000001, 25.269959800000002]}, "properties": {"kind": "waterfall"}}, {"type": "Feature", "geometry": {"type": "Point", "coordinates": [56.3593054, 25.101855399999998]}, "properties": {"kind": "pier"}}, {"type": "Feature", "geometry": {"type": "Point", "coordinates": [56.35932605, 25.101226750000002]}, "properties": {"kind": "pier"}}, {"type": "Feature", "geometry": {"type": "Point", "coordinates": [56.3592463, 25.1021664]}, "properties": {"kind": "pier"}}, {"type": "Feature", "geometry": {"type": "Point", "coordinates": [56.359328950000005, 25.1015344]}, "properties": {"kind": "pier"}}, {"type": "Feature", "geometry": {"type": "Point", "coordinates": [56.31972431071136, 25.123363704310275]}, "properties": {"kind": "silo"}}, {"type": "Feature", "geometry": {"type": "Point", "coordinates": [56.320038117257255, 25.123504664485942]}, "properties": {"kind": "silo"}}, {"type": "Feature", "geometry": {"type": "Point", "coordinates": [56.32033316955809, 25.123759650014794]}, "properties": {"kind": "silo"}}, {"type": "Feature", "geometry": {"type": "Point", "coordinates": [56.36101474999999, 25.0787276]}, "properties": {"kind": "pier"}}, {"type": "Feature", "geometry": {"type": "Point", "coordinates": [56.35799595, 25.12723275]}, "properties": {"kind": "pier"}}, {"type": "Feature", "geometry": {"type": "Point", "coordinates": [56.35807975000001, 25.126314400000002]}, "properties": {"kind": "pier"}}, {"type": "Feature", "geometry": {"type": "Point", "coordinates": [56.35828569999999, 25.126325199999997]}, "properties": {"kind": "pier"}}, {"type": "Feature", "geometry": {"type": "Point", "coordinates": [56.36099749999999, 25.07904525]}, "properties": {"kind": "pier"}}, {"type": "Feature", "geometry": {"type": "Point", "coordinates": [56.35836869995289, 25.12771705093592]}, "properties": {"kind": "pier"}}, {"type": "Feature", "geometry": {"type": "Point", "coordinates": [56.35854194917013, 25.12721031966693]}, "properties": {"kind": "pier"}}, {"type": "Feature", "geometry": {"type": "Point", "coordinates": [56.36103745, 25.0784162]}, "properties": {"kind": "pier"}}, {"type": "Feature", "geometry": {"type": "Point", "coordinates": [56.36096564999999, 25.0793778]}, "properties": {"kind": "pier"}}, {"type": "Feature", "geometry": {"type": "Point", "coordinates": [56.357942349999995, 25.126307750000006]}, "properties": {"kind": "pier"}}, {"type": "Feature", "geometry": {"type": "Point", "coordinates": [56.357693209605, 25.12793109133467]}, "properties": {"kind": "pier"}}, {"type": "Feature", "geometry": {"type": "Point", "coordinates": [56.35847221115837, 25.127752050964563]}, "properties": {"kind": "pier"}}, {"type": "Feature", "geometry": {"type": "Point", "coordinates": [56.35825483261789, 25.127249149793272]}, "properties": {"kind": "pier"}}, {"type": "Feature", "geometry": {"type": "Point", "coordinates": [56.35822224875767, 25.126364476967343]}, "properties": {"kind": "pier"}}, {"type": "Feature", "geometry": {"type": "Point", "coordinates": [56.35812559435789, 25.12879733682518]}, "properties": {"kind": "pier"}}, {"type": "Feature", "geometry": {"type": "Point", "coordinates": [56.35868243620306, 25.127952030639435]}, "properties": {"kind": "harbour"}}, {"type": "Feature", "geometry": {"type": "Point", "coordinates": [56.35842440000001, 25.12716415]}, "properties": {"kind": "pier"}}, {"type": "Feature", "geometry": {"type": "Point", "coordinates": [56.3585719, 25.127171599999993]}, "properties": {"kind": "pier"}}, {"type": "Feature", "geometry": {"type": "Point", "coordinates": [56.35812625, 25.12724935]}, "properties": {"kind": "pier"}}, {"type": "Feature", "geometry": {"type": "Point", "coordinates": [56.3576719, 25.1273073]}, "properties": {"kind": "pier"}}, {"type": "Feature", "geometry": {"type": "Point", "coordinates": [56.35808855, 25.12779795]}, "properties": {"kind": "pier"}}, {"type": "Feature", "geometry": {"type": "Point", "coordinates": [56.3583436, 25.12716005]}, "properties": {"kind": "pier"}}, {"type": "Feature", "geometry": {"type": "Point", "coordinates": [56.3586459, 25.127175350000005]}, "properties": {"kind": "pier"}}, {"type": "Feature", "geometry": {"type": "Point", "coordinates": [56.3576657, 25.12743665]}, "properties": {"kind": "pier"}}, {"type": "Feature", "geometry": {"type": "Point", "coordinates": [56.357645700000006, 25.1277767]}, "properties": {"kind": "pier"}}, {"type": "Feature", "geometry": {"type": "Point", "coordinates": [56.357641799999996, 25.12784405]}, "properties": {"kind": "pier"}}, {"type": "Feature", "geometry": {"type": "Point", "coordinates": [56.357887399999996, 25.12778885]}, "properties": {"kind": "pier"}}, {"type": "Feature", "geometry": {"type": "Point", "coordinates": [56.35766155, 25.1275069]}, "properties": {"kind": "pier"}}, {"type": "Feature", "geometry": {"type": "Point", "coordinates": [56.35764975, 25.127708249999998]}, "properties": {"kind": "pier"}}, {"type": "Feature", "geometry": {"type": "Point", "coordinates": [56.358271550000005, 25.1278057]}, "properties": {"kind": "pier"}}, {"type": "Feature", "geometry": {"type": "Point", "coordinates": [56.3584803, 25.12635045]}, "properties": {"kind": "pier"}}, {"type": "Feature", "geometry": {"type": "Point", "coordinates": [56.3579358, 25.12724935]}, "properties": {"kind": "pier"}}, {"type": "Feature", "geometry": {"type": "Point", "coordinates": [56.357351566812234, 25.12543180824923]}, "properties": {"kind": "boatyard"}}, {"type": "Feature", "geometry": {"type": "Point", "coordinates": [56.35849855000001, 25.127167900000003]}, "properties": {"kind": "pier"}}, {"type": "Feature", "geometry": {"type": "Point", "coordinates": [56.34061151127207, 25.15037374970537]}, "properties": {"kind": "water_tower"}}, {"type": "Feature", "geometry": {"type": "Point", "coordinates": [56.35816734068957, 25.204902966867614]}, "properties": {"kind": "storage_tank"}}, {"type": "Feature", "geometry": {"type": "Point", "coordinates": [56.35834502637656, 25.20774168448315]}, "properties": {"kind": "storage_tank"}}, {"type": "Feature", "geometry": {"type": "Point", "coordinates": [56.35540702396895, 25.205690444148285]}, "properties": {"kind": "storage_tank"}}, {"type": "Feature", "geometry": {"type": "Point", "coordinates": [56.356385380229234, 25.20595187058035]}, "properties": {"kind": "storage_tank"}}, {"type": "Feature", "geometry": {"type": "Point", "coordinates": [56.356528972242366, 25.203704548429208]}, "properties": {"kind": "storage_tank"}}, {"type": "Feature", "geometry": {"type": "Point", "coordinates": [56.35918053487247, 25.206389192536047]}, "properties": {"kind": "storage_tank"}}, {"type": "Feature", "geometry": {"type": "Point", "coordinates": [56.357065476021525, 25.20354574015769]}, "properties": {"kind": "storage_tank"}}, {"type": "Feature", "geometry": {"type": "Point", "coordinates": [56.35654206303188, 25.20783776141265]}, "properties": {"kind": "storage_tank"}}, {"type": "Feature", "geometry": {"type": "Point", "coordinates": [56.35917074082225, 25.207738457222295]}, "properties": {"kind": "storage_tank"}}, {"type": "Feature", "geometry": {"type": "Point", "coordinates": [56.35612905628624, 25.205471956623]}, "properties": {"kind": "storage_tank"}}, {"type": "Feature", "geometry": {"type": "Point", "coordinates": [56.35693793249442, 25.206191939927027]}, "properties": {"kind": "storage_tank"}}, {"type": "Feature", "geometry": {"type": "Point", "coordinates": [56.35679878177698, 25.20456281100846]}, "properties": {"kind": "storage_tank"}}, {"type": "Feature", "geometry": {"type": "Point", "coordinates": [56.35718054755535, 25.20722782757149]}, "properties": {"kind": "storage_tank"}}, {"type": "Feature", "geometry": {"type": "Point", "coordinates": [56.355324750178774, 25.204812059744828]}, "properties": {"kind": "storage_tank"}}, {"type": "Feature", "geometry": {"type": "Point", "coordinates": [56.35718770643748, 25.204005682101787]}, "properties": {"kind": "storage_tank"}}, {"type": "Feature", "geometry": {"type": "Point", "coordinates": [56.355865948616824, 25.207978943141413]}, "properties": {"kind": "storage_tank"}}, {"type": "Feature", "geometry": {"type": "Point", "coordinates": [56.357852256326154, 25.20810438649813]}, "properties": {"kind": "storage_tank"}}, {"type": "Feature", "geometry": {"type": "Point", "coordinates": [56.35662048045573, 25.20534495818323]}, "properties": {"kind": "storage_tank"}}, {"type": "Feature", "geometry": {"type": "Point", "coordinates": [56.3563287237621, 25.20639997837239]}, "properties": {"kind": "storage_tank"}}, {"type": "Feature", "geometry": {"type": "Point", "coordinates": [56.35587137812241, 25.203897223558222]}, "properties": {"kind": "storage_tank"}}, {"type": "Feature", "geometry": {"type": "Point", "coordinates": [56.3571073236382, 25.20682786935158]}, "properties": {"kind": "storage_tank"}}, {"type": "Feature", "geometry": {"type": "Point", "coordinates": [56.35456334161211, 25.20428144260125]}, "properties": {"kind": "storage_tank"}}, {"type": "Feature", "geometry": {"type": "Point", "coordinates": [56.35832255513506, 25.20593589301224]}, "properties": {"kind": "storage_tank"}}, {"type": "Feature", "geometry": {"type": "Point", "coordinates": [56.35521211188724, 25.208133014508554]}, "properties": {"kind": "storage_tank"}}, {"type": "Feature", "geometry": {"type": "Point", "coordinates": [56.35720855984382, 25.207688986290286]}, "properties": {"kind": "storage_tank"}}, {"type": "Feature", "geometry": {"type": "Point", "coordinates": [56.358749202437565, 25.20400748203187]}, "properties": {"kind": "storage_tank"}}, {"type": "Feature", "geometry": {"type": "Point", "coordinates": [56.35680037001721, 25.20585813683175]}, "properties": {"kind": "storage_tank"}}, {"type": "Feature", "geometry": {"type": "Point", "coordinates": [56.355705024342846, 25.20639502416928]}, "properties": {"kind": "storage_tank"}}, {"type": "Feature", "geometry": {"type": "Point", "coordinates": [56.35606236631367, 25.204696345587475]}, "properties": {"kind": "storage_tank"}}, {"type": "Feature", "geometry": {"type": "Point", "coordinates": [56.35646606046661, 25.206917262329387]}, "properties": {"kind": "storage_tank"}}, {"type": "Feature", "geometry": {"type": "Point", "coordinates": [56.354053438169004, 25.204225537248117]}, "properties": {"kind": "storage_tank"}}, {"type": "Feature", "geometry": {"type": "Point", "coordinates": [56.35781032553299, 25.205955362041895]}, "properties": {"kind": "storage_tank"}}, {"type": "Feature", "geometry": {"type": "Point", "coordinates": [56.35506951692881, 25.20738095880978]}, "properties": {"kind": "storage_tank"}}, {"type": "Feature", "geometry": {"type": "Point", "coordinates": [56.35798081938445, 25.20422139898148]}, "properties": {"kind": "storage_tank"}}, {"type": "Feature", "geometry": {"type": "Point", "coordinates": [56.35814046906846, 25.20702263614129]}, "properties": {"kind": "storage_tank"}}, {"type": "Feature", "geometry": {"type": "Point", "coordinates": [56.354709118790694, 25.204906908391425]}, "properties": {"kind": "storage_tank"}}, {"type": "Feature", "geometry": {"type": "Point", "coordinates": [56.35484027488305, 25.206564161926234]}, "properties": {"kind": "storage_tank"}}, {"type": "Feature", "geometry": {"type": "Point", "coordinates": [56.35515813075994, 25.20413295382556]}, "properties": {"kind": "storage_tank"}}, {"type": "Feature", "geometry": {"type": "Point", "coordinates": [56.35675416638298, 25.20733101644789]}, "properties": {"kind": "storage_tank"}}, {"type": "Feature", "geometry": {"type": "Point", "coordinates": [56.35418155089165, 25.204743181799962]}, "properties": {"kind": "storage_tank"}}, {"type": "Feature", "geometry": {"type": "Point", "coordinates": [56.358608433833105, 25.20333679155761]}, "properties": {"kind": "storage_tank"}}, {"type": "Feature", "geometry": {"type": "Point", "coordinates": [56.3579726278959, 25.206395467915346]}, "properties": {"kind": "storage_tank"}}, {"type": "Feature", "geometry": {"type": "Point", "coordinates": [56.35882333087963, 25.204772333176038]}, "properties": {"kind": "storage_tank"}}, {"type": "Feature", "geometry": {"type": "Point", "coordinates": [56.35911321301635, 25.207014838806153]}, "properties": {"kind": "storage_tank"}}, {"type": "Feature", "geometry": {"type": "Point", "coordinates": [56.35459360538094, 25.205817620440982]}, "properties": {"kind": "storage_tank"}}, {"type": "Feature", "geometry": {"type": "Point", "coordinates": [56.35593447076499, 25.207194873677857]}, "properties": {"kind": "storage_tank"}}, {"type": "Feature", "geometry": {"type": "Point", "coordinates": [56.354303375355336, 25.20519240918704]}, "properties": {"kind": "storage_tank"}}, {"type": "Feature", "geometry": {"type": "Point", "coordinates": [56.35785107318524, 25.20352349039552]}, "properties": {"kind": "storage_tank"}}, {"type": "Feature", "geometry": {"type": "Point", "coordinates": [56.358640156464666, 25.20650488964545]}, "properties": {"kind": "storage_tank"}}, {"type": "Feature", "geometry": {"type": "Point", "coordinates": [56.28641472031489, 25.26919586511558]}, "properties": {"kind": "river"}}, {"type": "Feature", "geometry": {"type": "Point", "coordinates": [56.35363478211327, 25.19592477758912]}, "properties": {"kind": "storage_tank"}}, {"type": "Feature", "geometry": {"type": "Point", "coordinates": [56.35750293735241, 25.19650984429179]}, "properties": {"kind": "storage_tank"}}, {"type": "Feature", "geometry": {"type": "Point", "coordinates": [56.35683359895407, 25.209911396840845]}, "properties": {"kind": "storage_tank"}}, {"type": "Feature", "geometry": {"type": "Point", "coordinates": [56.347095616371135, 25.2147053723345]}, "properties": {"kind": "storage_tank"}}, {"type": "Feature", "geometry": {"type": "Point", "coordinates": [56.352790604657564, 25.196613531678384]}, "properties": {"kind": "storage_tank"}}, {"type": "Feature", "geometry": {"type": "Point", "coordinates": [56.35754272869806, 25.195855857988292]}, "properties": {"kind": "storage_tank"}}, {"type": "Feature", "geometry": {"type": "Point", "coordinates": [56.356704350965586, 25.20935710398383]}, "properties": {"kind": "storage_tank"}}, {"type": "Feature", "geometry": {"type": "Point", "coordinates": [56.35910454608618, 25.20855130125806]}, "properties": {"kind": "storage_tank"}}, {"type": "Feature", "geometry": {"type": "Point", "coordinates": [56.3498199216704, 25.214478586957508]}, "properties": {"kind": "storage_tank"}}, {"type": "Feature", "geometry": {"type": "Point", "coordinates": [56.35355837672016, 25.196668548726283]}, "properties": {"kind": "storage_tank"}}, {"type": "Feature", "geometry": {"type": "Point", "coordinates": [56.35682457753069, 25.208920314049962]}, "properties": {"kind": "storage_tank"}}, {"type": "Feature", "geometry": {"type": "Point", "coordinates": [56.3593179953631, 25.208904288780033]}, "properties": {"kind": "storage_tank"}}, {"type": "Feature", "geometry": {"type": "Point", "coordinates": [56.34680874277169, 25.212254512354622]}, "properties": {"kind": "storage_tank"}}, {"type": "Feature", "geometry": {"type": "Point", "coordinates": [56.35461239163993, 25.196346650490202]}, "properties": {"kind": "storage_tank"}}, {"type": "Feature", "geometry": {"type": "Point", "coordinates": [56.35651748084725, 25.209007436516337]}, "properties": {"kind": "storage_tank"}}, {"type": "Feature", "geometry": {"type": "Point", "coordinates": [56.359381929674036, 25.20930142286444]}, "properties": {"kind": "storage_tank"}}, {"type": "Feature", "geometry": {"type": "Point", "coordinates": [56.3495399669988, 25.212009013041882]}, "properties": {"kind": "storage_tank"}}, {"type": "Feature", "geometry": {"type": "Point", "coordinates": [56.35466449282187, 25.195699859851683]}, "properties": {"kind": "storage_tank"}}, {"type": "Feature", "geometry": {"type": "Point", "coordinates": [56.35605270655055, 25.209353218614286]}, "properties": {"kind": "storage_tank"}}, {"type": "Feature", "geometry": {"type": "Point", "coordinates": [56.35534048582861, 25.195717654085502]}, "properties": {"kind": "storage_tank"}}, {"type": "Feature", "geometry": {"type": "Point", "coordinates": [56.35941316251752, 25.209706648607465]}, "properties": {"kind": "storage_tank"}}, {"type": "Feature", "geometry": {"type": "Point", "coordinates": [56.34652620448788, 25.20943822381423]}, "properties": {"kind": "storage_tank"}}, {"type": "Feature", "geometry": {"type": "Point", "coordinates": [56.35530543862848, 25.19639336226721]}, "properties": {"kind": "storage_tank"}}, {"type": "Feature", "geometry": {"type": "Point", "coordinates": [56.356241214895256, 25.209958082227907]}, "properties": {"kind": "storage_tank"}}, {"type": "Feature", "geometry": {"type": "Point", "coordinates": [56.35601444646525, 25.19577892038195]}, "properties": {"kind": "storage_tank"}}, {"type": "Feature", "geometry": {"type": "Point", "coordinates": [56.358668598311816, 25.20859210758695]}, "properties": {"kind": "storage_tank"}}, {"type": "Feature", "geometry": {"type": "Point", "coordinates": [56.34920552565953, 25.20919868136345]}, "properties": {"kind": "storage_tank"}}, {"type": "Feature", "geometry": {"type": "Point", "coordinates": [56.35567231865227, 25.210015276567542]}, "properties": {"kind": "storage_tank"}}, {"type": "Feature", "geometry": {"type": "Point", "coordinates": [56.35597572410569, 25.196424249813465]}, "properties": {"kind": "storage_tank"}}, {"type": "Feature", "geometry": {"type": "Point", "coordinates": [56.358226240621015, 25.208645619201864]}, "properties": {"kind": "storage_tank"}}, {"type": "Feature", "geometry": {"type": "Point", "coordinates": [56.34622967121825, 25.206968195555117]}, "properties": {"kind": "storage_tank"}}, {"type": "Feature", "geometry": {"type": "Point", "coordinates": [56.35505512584658, 25.21008731002251]}, "properties": {"kind": "storage_tank"}}, {"type": "Feature", "geometry": {"type": "Point", "coordinates": [56.35651086985313, 25.196451509920223]}, "properties": {"kind": "storage_tank"}}, {"type": "Feature", "geometry": {"type": "Point", "coordinates": [56.35846935494378, 25.20916991721653]}, "properties": {"kind": "storage_tank"}}, {"type": "Feature", "geometry": {"type": "Point", "coordinates": [56.3489691024312, 25.20671901341522]}, "properties": {"kind": "storage_tank"}}, {"type": "Feature", "geometry": {"type": "Point", "coordinates": [56.353689953759485, 25.195205189779564]}, "properties": {"kind": "storage_tank"}}, {"type": "Feature", "geometry": {"type": "Point", "coordinates": [56.35490841501057, 25.20964759482738]}, "properties": {"kind": "storage_tank"}}, {"type": "Feature", "geometry": {"type": "Point", "coordinates": [56.35654111653802, 25.195797429610952]}, "properties": {"kind": "storage_tank"}}, {"type": "Feature", "geometry": {"type": "Point", "coordinates": [56.35890254268227, 25.209709241534892]}, "properties": {"kind": "storage_tank"}}, {"type": "Feature", "geometry": {"type": "Point", "coordinates": [56.3528950516822, 25.195140086401125]}, "properties": {"kind": "storage_tank"}}, {"type": "Feature", "geometry": {"type": "Point", "coordinates": [56.35549563109524, 25.20940302840868]}, "properties": {"kind": "storage_tank"}}, {"type": "Feature", "geometry": {"type": "Point", "coordinates": [56.35703102594759, 25.196483867713454]}, "properties": {"kind": "storage_tank"}}, {"type": "Feature", "geometry": {"type": "Point", "coordinates": [56.35828876393536, 25.209764283181187]}, "properties": {"kind": "storage_tank"}}, {"type": "Feature", "geometry": {"type": "Point", "coordinates": [56.352859435621056, 25.195871837064757]}, "properties": {"kind": "storage_tank"}}, {"type": "Feature", "geometry": {"type": "Point", "coordinates": [56.35501889306001, 25.209213015024226]}, "properties": {"kind": "storage_tank"}}, {"type": "Feature", "geometry": {"type": "Point", "coordinates": [56.35706962650655, 25.19583305372693]}, "properties": {"kind": "storage_tank"}}, {"type": "Feature", "geometry": {"type": "Point", "coordinates": [56.35770380324908, 25.209813429159656]}, "properties": {"kind": "storage_tank"}}, {"type": "Feature", "geometry": {"type": "Point", "coordinates": [56.29174867700632, 25.1743774035734]}, "properties": {"kind": "pipeline"}}, {"type": "Feature", "geometry": {"type": "Point", "coordinates": [56.289769909401, 25.21996377439657]}, "properties": {"kind": "pipeline"}}, {"type": "Feature", "geometry": {"type": "Point", "coordinates": [56.29835328312275, 25.220997191649737]}, "properties": {"kind": "dam"}}, {"type": "Feature", "geometry": {"type": "Point", "coordinates": [56.31326687770196, 25.21924436070837]}, "properties": {"kind": "dam"}}, {"type": "Feature", "geometry": {"type": "Point", "coordinates": [56.30855425316983, 25.22179125284731]}, "properties": {"kind": "river"}}, {"type": "Feature", "geometry": {"type": "Point", "coordinates": [56.34559509140764, 25.24883699971317]}, "properties": {"kind": "pipeline"}}, {"type": "Feature", "geometry": {"type": "Point", "coordinates": [56.340595608692574, 25.222703162719917]}, "properties": {"kind": "dam"}}, {"type": "Feature", "geometry": {"type": "Point", "coordinates": [56.33356796985758, 25.252872300871086]}, "properties": {"kind": "dam"}}, {"type": "Feature", "geometry": {"type": "Point", "coordinates": [56.32298681148927, 25.248866138685536]}, "properties": {"kind": "river"}}, {"type": "Feature", "geometry": {"type": "Point", "coordinates": [56.355132590954405, 25.24752666952808]}, "properties": {"kind": "wastewater_plant"}}, {"type": "Feature", "geometry": {"type": "Point", "coordinates": [56.35248819999999, 25.182287700000007]}, "properties": {"kind": "pipeline"}}, {"type": "Feature", "geometry": {"type": "Point", "coordinates": [56.27734455, 25.1292232]}, "properties": {"kind": "dam"}}, {"type": "Feature", "geometry": {"type": "Point", "coordinates": [56.2773815, 25.12759975]}, "properties": {"kind": "dam"}}, {"type": "Feature", "geometry": {"type": "Point", "coordinates": [56.27247645, 25.12786195]}, "properties": {"kind": "dam"}}, {"type": "Feature", "geometry": {"type": "Point", "coordinates": [56.281713558623785, 25.13824879442565]}, "properties": {"kind": "dam"}}, {"type": "Feature", "geometry": {"type": "Point", "coordinates": [56.279396500000004, 25.128955400000002]}, "properties": {"kind": "dam"}}, {"type": "Feature", "geometry": {"type": "Point", "coordinates": [56.24373842873746, 25.15268455973702]}, "properties": {"kind": "river"}}, {"type": "Feature", "geometry": {"type": "Point", "coordinates": [56.24755589277759, 25.161599552832932]}, "properties": {"kind": "dam"}}, {"type": "Feature", "geometry": {"type": "Point", "coordinates": [56.250243764804196, 25.16415470501414]}, "properties": {"kind": "river"}}, {"type": "Feature", "geometry": {"type": "Point", "coordinates": [56.348145804657584, 25.19805653167839]}, "properties": {"kind": "storage_tank"}}, {"type": "Feature", "geometry": {"type": "Point", "coordinates": [56.348725204657576, 25.19809533167839]}, "properties": {"kind": "storage_tank"}}, {"type": "Feature", "geometry": {"type": "Point", "coordinates": [56.349261604657556, 25.198095331678388]}, "properties": {"kind": "storage_tank"}}, {"type": "Feature", "geometry": {"type": "Point", "coordinates": [56.34984100465758, 25.19811473167839]}, "properties": {"kind": "storage_tank"}}, {"type": "Feature", "geometry": {"type": "Point", "coordinates": [56.34803860465755, 25.19741573167839]}, "properties": {"kind": "storage_tank"}}, {"type": "Feature", "geometry": {"type": "Point", "coordinates": [56.348510604657555, 25.197435231678387]}, "properties": {"kind": "storage_tank"}}, {"type": "Feature", "geometry": {"type": "Point", "coordinates": [56.34898270465758, 25.197435231678387]}, "properties": {"kind": "storage_tank"}}, {"type": "Feature", "geometry": {"type": "Point", "coordinates": [56.34947620465757, 25.197454631678383]}, "properties": {"kind": "storage_tank"}}, {"type": "Feature", "geometry": {"type": "Point", "coordinates": [56.34996970465755, 25.197454631678383]}, "properties": {"kind": "storage_tank"}}, {"type": "Feature", "geometry": {"type": "Point", "coordinates": [56.349154404657554, 25.19869723167839]}, "properties": {"kind": "storage_tank"}}, {"type": "Feature", "geometry": {"type": "Point", "coordinates": [56.349626404657556, 25.198716631678394]}, "properties": {"kind": "storage_tank"}}, {"type": "Feature", "geometry": {"type": "Point", "coordinates": [56.35701276252423, 25.192826242509188]}, "properties": {"kind": "storage_tank"}}, {"type": "Feature", "geometry": {"type": "Point", "coordinates": [56.35760844203186, 25.192878888952574]}, "properties": {"kind": "storage_tank"}}, {"type": "Feature", "geometry": {"type": "Point", "coordinates": [56.35704935493667, 25.19221553367814]}, "properties": {"kind": "storage_tank"}}, {"type": "Feature", "geometry": {"type": "Point", "coordinates": [56.35765504203184, 25.192262588952566]}, "properties": {"kind": "storage_tank"}}, {"type": "Feature", "geometry": {"type": "Point", "coordinates": [56.35710714203186, 25.191474688952574]}, "properties": {"kind": "storage_tank"}}, {"type": "Feature", "geometry": {"type": "Point", "coordinates": [56.35767294203186, 25.191513688952575]}, "properties": {"kind": "storage_tank"}}, {"type": "Feature", "geometry": {"type": "Point", "coordinates": [56.35607603994616, 25.189441698151466]}, "properties": {"kind": "storage_tank"}}, {"type": "Feature", "geometry": {"type": "Point", "coordinates": [56.355500342031846, 25.189537388952566]}, "properties": {"kind": "storage_tank"}}, {"type": "Feature", "geometry": {"type": "Point", "coordinates": [56.35486463994614, 25.188805398151462]}, "properties": {"kind": "storage_tank"}}, {"type": "Feature", "geometry": {"type": "Point", "coordinates": [56.354814039946156, 25.18932479815147]}, "properties": {"kind": "storage_tank"}}, {"type": "Feature", "geometry": {"type": "Point", "coordinates": [56.353591272764824, 25.18537644816952]}, "properties": {"kind": "storage_tank"}}, {"type": "Feature", "geometry": {"type": "Point", "coordinates": [56.35366205542307, 25.184661938977495]}, "properties": {"kind": "storage_tank"}}, {"type": "Feature", "geometry": {"type": "Point", "coordinates": [56.35369615375947, 25.18412398977956]}, "properties": {"kind": "storage_tank"}}, {"type": "Feature", "geometry": {"type": "Point", "coordinates": [56.35527765304122, 25.184187339945996]}, "properties": {"kind": "storage_tank"}}, {"type": "Feature", "geometry": {"type": "Point", "coordinates": [56.35524195375948, 25.18468908977956]}, "properties": {"kind": "storage_tank"}}, {"type": "Feature", "geometry": {"type": "Point", "coordinates": [56.237850249999994, 25.174606349999998]}, "properties": {"kind": "embankment"}}, {"type": "Feature", "geometry": {"type": "Point", "coordinates": [56.25198888707057, 25.13857600068637]}, "properties": {"kind": "river"}}, {"type": "Feature", "geometry": {"type": "Point", "coordinates": [56.26800526384076, 25.27868544672253]}, "properties": {"kind": "river"}}, {"type": "Feature", "geometry": {"type": "Point", "coordinates": [56.31782665, 25.120850400000005]}, "properties": {"kind": "works"}}, {"type": "Feature", "geometry": {"type": "Point", "coordinates": [56.355495868757345, 25.179655908981566]}, "properties": {"kind": "storage_tank"}}, {"type": "Feature", "geometry": {"type": "Point", "coordinates": [56.3547142255425, 25.17966350448313]}, "properties": {"kind": "storage_tank"}}, {"type": "Feature", "geometry": {"type": "Point", "coordinates": [56.35392330350167, 25.17965521413067]}, "properties": {"kind": "storage_tank"}}, {"type": "Feature", "geometry": {"type": "Point", "coordinates": [56.35314550350168, 25.179655214130662]}, "properties": {"kind": "storage_tank"}}, {"type": "Feature", "geometry": {"type": "Point", "coordinates": [56.353147074946875, 25.178943632816196]}, "properties": {"kind": "storage_tank"}}, {"type": "Feature", "geometry": {"type": "Point", "coordinates": [56.353930933048574, 25.178947806761926]}, "properties": {"kind": "storage_tank"}}, {"type": "Feature", "geometry": {"type": "Point", "coordinates": [56.35471730063259, 25.17895819874673]}, "properties": {"kind": "storage_tank"}}, {"type": "Feature", "geometry": {"type": "Point", "coordinates": [56.35550735781338, 25.17894782556096]}, "properties": {"kind": "storage_tank"}}, {"type": "Feature", "geometry": {"type": "Point", "coordinates": [56.345988596822636, 25.18354376948853]}, "properties": {"kind": "storage_tank"}}, {"type": "Feature", "geometry": {"type": "Point", "coordinates": [56.347251668419354, 25.186326524886006]}, "properties": {"kind": "storage_tank"}}, {"type": "Feature", "geometry": {"type": "Point", "coordinates": [56.34724994185825, 25.185851458210745]}, "properties": {"kind": "storage_tank"}}, {"type": "Feature", "geometry": {"type": "Point", "coordinates": [56.34724250782849, 25.185410025534537]}, "properties": {"kind": "storage_tank"}}, {"type": "Feature", "geometry": {"type": "Point", "coordinates": [56.34771787656798, 25.185334658459322]}, "properties": {"kind": "storage_tank"}}, {"type": "Feature", "geometry": {"type": "Point", "coordinates": [56.34812398898003, 25.185557980554886]}, "properties": {"kind": "storage_tank"}}, {"type": "Feature", "geometry": {"type": "Point", "coordinates": [56.34793330192641, 25.183691208136125]}, "properties": {"kind": "storage_tank"}}, {"type": "Feature", "geometry": {"type": "Point", "coordinates": [56.34843550634078, 25.183609107122148]}, "properties": {"kind": "storage_tank"}}, {"type": "Feature", "geometry": {"type": "Point", "coordinates": [56.34969732190462, 25.184086926830034]}, "properties": {"kind": "storage_tank"}}, {"type": "Feature", "geometry": {"type": "Point", "coordinates": [56.350955058711754, 25.18452846705032]}, "properties": {"kind": "storage_tank"}}, {"type": "Feature", "geometry": {"type": "Point", "coordinates": [56.35054356529884, 25.185511652942]}, "properties": {"kind": "storage_tank"}}, {"type": "Feature", "geometry": {"type": "Point", "coordinates": [56.35018233184882, 25.18595078090281]}, "properties": {"kind": "storage_tank"}}, {"type": "Feature", "geometry": {"type": "Point", "coordinates": [56.349839845073674, 25.185507752280955]}, "properties": {"kind": "storage_tank"}}, {"type": "Feature", "geometry": {"type": "Point", "coordinates": [56.3494820053178, 25.185943354249005]}, "properties": {"kind": "storage_tank"}}, {"type": "Feature", "geometry": {"type": "Point", "coordinates": [56.34912113810635, 25.185489572195568]}, "properties": {"kind": "storage_tank"}}, {"type": "Feature", "geometry": {"type": "Point", "coordinates": [56.348772006746, 25.185932121267342]}, "properties": {"kind": "storage_tank"}}, {"type": "Feature", "geometry": {"type": "Point", "coordinates": [56.34817611650471, 25.184488055397946]}, "properties": {"kind": "storage_tank"}}, {"type": "Feature", "geometry": {"type": "Point", "coordinates": [56.345885394512656, 25.184182913772087]}, "properties": {"kind": "storage_tank"}}, {"type": "Feature", "geometry": {"type": "Point", "coordinates": [56.34667130967385, 25.18407381175413]}, "properties": {"kind": "storage_tank"}}, {"type": "Feature", "geometry": {"type": "Point", "coordinates": [56.34741770495566, 25.184606384978977]}, "properties": {"kind": "storage_tank"}}, {"type": "Feature", "geometry": {"type": "Point", "coordinates": [56.34666460783667, 25.184734800444044]}, "properties": {"kind": "storage_tank"}}, {"type": "Feature", "geometry": {"type": "Point", "coordinates": [56.35465259745768, 25.1847408027091]}, "properties": {"kind": "storage_tank"}}, {"type": "Feature", "geometry": {"type": "Point", "coordinates": [56.35459796627169, 25.184043606770004]}, "properties": {"kind": "storage_tank"}}, {"type": "Feature", "geometry": {"type": "Point", "coordinates": [56.35580060496791, 25.184102207098764]}, "properties": {"kind": "storage_tank"}}, {"type": "Feature", "geometry": {"type": "Point", "coordinates": [56.35579846473493, 25.184479582421794]}, "properties": {"kind": "storage_tank"}}, {"type": "Feature", "geometry": {"type": "Point", "coordinates": [56.35525710286041, 25.185089257406872]}, "properties": {"kind": "storage_tank"}}, {"type": "Feature", "geometry": {"type": "Point", "coordinates": [56.355240212786086, 25.185429771593537]}, "properties": {"kind": "storage_tank"}}, {"type": "Feature", "geometry": {"type": "Point", "coordinates": [56.35579668721392, 25.186141428406465]}, "properties": {"kind": "storage_tank"}}, {"type": "Feature", "geometry": {"type": "Point", "coordinates": [56.355760992445134, 25.184946208160156]}, "properties": {"kind": "storage_tank"}}, {"type": "Feature", "geometry": {"type": "Point", "coordinates": [56.35576176146651, 25.18537342062029]}, "properties": {"kind": "storage_tank"}}, {"type": "Feature", "geometry": {"type": "Point", "coordinates": [56.3557510189451, 25.185782817981295]}, "properties": {"kind": "storage_tank"}}, {"type": "Feature", "geometry": {"type": "Point", "coordinates": [56.35522352518906, 25.18580476156313]}, "properties": {"kind": "storage_tank"}}, {"type": "Feature", "geometry": {"type": "Point", "coordinates": [56.35323625336846, 25.185694321422805]}, "properties": {"kind": "storage_tank"}}, {"type": "Feature", "geometry": {"type": "Point", "coordinates": [56.35307387390268, 25.185306982520377]}, "properties": {"kind": "storage_tank"}}, {"type": "Feature", "geometry": {"type": "Point", "coordinates": [56.35426115017523, 25.184092761694114]}, "properties": {"kind": "storage_tank"}}, {"type": "Feature", "geometry": {"type": "Point", "coordinates": [56.35464374400022, 25.18436366859926]}, "properties": {"kind": "storage_tank"}}, {"type": "Feature", "geometry": {"type": "Point", "coordinates": [56.35421143132587, 25.184689275995805]}, "properties": {"kind": "storage_tank"}}, {"type": "Feature", "geometry": {"type": "Point", "coordinates": [56.354624200717026, 25.18535389260796]}, "properties": {"kind": "storage_tank"}}, {"type": "Feature", "geometry": {"type": "Point", "coordinates": [56.35416785564725, 25.185330603285802]}, "properties": {"kind": "storage_tank"}}, {"type": "Feature", "geometry": {"type": "Point", "coordinates": [56.35415175764432, 25.18576134165934]}, "properties": {"kind": "storage_tank"}}, {"type": "Feature", "geometry": {"type": "Point", "coordinates": [56.35459664700711, 25.18578626178283]}, "properties": {"kind": "storage_tank"}}, {"type": "Feature", "geometry": {"type": "Point", "coordinates": [56.35457450711765, 25.186203095613724]}, "properties": {"kind": "storage_tank"}}, {"type": "Feature", "geometry": {"type": "Point", "coordinates": [56.35411777506095, 25.18617622360834]}, "properties": {"kind": "storage_tank"}}, {"type": "Feature", "geometry": {"type": "Point", "coordinates": [56.35415767119527, 25.186617346624917]}, "properties": {"kind": "storage_tank"}}, {"type": "Feature", "geometry": {"type": "Point", "coordinates": [56.35370097375494, 25.186603304456433]}, "properties": {"kind": "storage_tank"}}, {"type": "Feature", "geometry": {"type": "Point", "coordinates": [56.352712032328434, 25.18768543010206]}, "properties": {"kind": "storage_tank"}}, {"type": "Feature", "geometry": {"type": "Point", "coordinates": [56.35269593659296, 25.188064057031497]}, "properties": {"kind": "storage_tank"}}, {"type": "Feature", "geometry": {"type": "Point", "coordinates": [56.35287776264278, 25.18834740596486]}, "properties": {"kind": "storage_tank"}}, {"type": "Feature", "geometry": {"type": "Point", "coordinates": [56.353167966218734, 25.188306810607997]}, "properties": {"kind": "storage_tank"}}, {"type": "Feature", "geometry": {"type": "Point", "coordinates": [56.35352740019706, 25.1883261978001]}, "properties": {"kind": "storage_tank"}}, {"type": "Feature", "geometry": {"type": "Point", "coordinates": [56.35395148818066, 25.18834566162784]}, "properties": {"kind": "storage_tank"}}, {"type": "Feature", "geometry": {"type": "Point", "coordinates": [56.353967266218746, 25.188020410607997]}, "properties": {"kind": "storage_tank"}}, {"type": "Feature", "geometry": {"type": "Point", "coordinates": [56.35398373872594, 25.187687047720875]}, "properties": {"kind": "storage_tank"}}, {"type": "Feature", "geometry": {"type": "Point", "coordinates": [56.35485385955766, 25.188083514939134]}, "properties": {"kind": "storage_tank"}}, {"type": "Feature", "geometry": {"type": "Point", "coordinates": [56.35524004180102, 25.187802915592066]}, "properties": {"kind": "storage_tank"}}, {"type": "Feature", "geometry": {"type": "Point", "coordinates": [56.35572673114015, 25.18782661981897]}, "properties": {"kind": "storage_tank"}}, {"type": "Feature", "geometry": {"type": "Point", "coordinates": [56.35624288634664, 25.187865040171037]}, "properties": {"kind": "storage_tank"}}, {"type": "Feature", "geometry": {"type": "Point", "coordinates": [56.356192859557645, 25.188290614939135]}, "properties": {"kind": "storage_tank"}}, {"type": "Feature", "geometry": {"type": "Point", "coordinates": [56.35570562976455, 25.188271576055275]}, "properties": {"kind": "storage_tank"}}, {"type": "Feature", "geometry": {"type": "Point", "coordinates": [56.35567392669061, 25.188703826426227]}, "properties": {"kind": "storage_tank"}}, {"type": "Feature", "geometry": {"type": "Point", "coordinates": [56.35616210477431, 25.188732933397944]}, "properties": {"kind": "storage_tank"}}, {"type": "Feature", "geometry": {"type": "Point", "coordinates": [56.35684830867617, 25.189524904334252]}, "properties": {"kind": "storage_tank"}}, {"type": "Feature", "geometry": {"type": "Point", "coordinates": [56.35733791782784, 25.189558893822447]}, "properties": {"kind": "storage_tank"}}, {"type": "Feature", "geometry": {"type": "Point", "coordinates": [56.35714076560099, 25.19080596271862]}, "properties": {"kind": "storage_tank"}}, {"type": "Feature", "geometry": {"type": "Point", "coordinates": [56.35627194203183, 25.19042608895257]}, "properties": {"kind": "storage_tank"}}, {"type": "Feature", "geometry": {"type": "Point", "coordinates": [56.35543654203185, 25.190389788952576]}, "properties": {"kind": "storage_tank"}}, {"type": "Feature", "geometry": {"type": "Point", "coordinates": [56.35623254203184, 25.191093288952572]}, "properties": {"kind": "storage_tank"}}, {"type": "Feature", "geometry": {"type": "Point", "coordinates": [56.35539284203186, 25.191064888952567]}, "properties": {"kind": "storage_tank"}}, {"type": "Feature", "geometry": {"type": "Point", "coordinates": [56.35312360195447, 25.180318959920026]}, "properties": {"kind": "storage_tank"}}, {"type": "Feature", "geometry": {"type": "Point", "coordinates": [56.353112859419255, 25.18083355569919]}, "properties": {"kind": "storage_tank"}}, {"type": "Feature", "geometry": {"type": "Point", "coordinates": [56.35394970740773, 25.180382054801665]}, "properties": {"kind": "storage_tank"}}, {"type": "Feature", "geometry": {"type": "Point", "coordinates": [56.355789985337765, 25.18026635582151]}, "properties": {"kind": "storage_tank"}}, {"type": "Feature", "geometry": {"type": "Point", "coordinates": [56.35578807460405, 25.180610282422336]}, "properties": {"kind": "storage_tank"}}, {"type": "Feature", "geometry": {"type": "Point", "coordinates": [56.3558535135289, 25.181041302188028]}, "properties": {"kind": "storage_tank"}}, {"type": "Feature", "geometry": {"type": "Point", "coordinates": [56.35500497923986, 25.180365836203645]}, "properties": {"kind": "storage_tank"}}, {"type": "Feature", "geometry": {"type": "Point", "coordinates": [56.355461432147564, 25.18035294506737]}, "properties": {"kind": "storage_tank"}}, {"type": "Feature", "geometry": {"type": "Point", "coordinates": [56.35546090634077, 25.18099670712215]}, "properties": {"kind": "storage_tank"}}, {"type": "Feature", "geometry": {"type": "Point", "coordinates": [56.35500190474198, 25.18099630652454]}, "properties": {"kind": "storage_tank"}}, {"type": "Feature", "geometry": {"type": "Point", "coordinates": [56.35350114518083, 25.180338519356066]}, "properties": {"kind": "storage_tank"}}, {"type": "Feature", "geometry": {"type": "Point", "coordinates": [56.353994645180826, 25.180867719356062]}, "properties": {"kind": "storage_tank"}}, {"type": "Feature", "geometry": {"type": "Point", "coordinates": [56.353511849914554, 25.18087259188788]}, "properties": {"kind": "storage_tank"}}, {"type": "Feature", "geometry": {"type": "Point", "coordinates": [56.34664790318633, 25.18327475314263]}, "properties": {"kind": "storage_tank"}}, {"type": "Feature", "geometry": {"type": "Point", "coordinates": [56.3473911739219, 25.183534005304534]}, "properties": {"kind": "storage_tank"}}, {"type": "Feature", "geometry": {"type": "Point", "coordinates": [56.34738911498476, 25.18387766417296]}, "properties": {"kind": "storage_tank"}}, {"type": "Feature", "geometry": {"type": "Point", "coordinates": [56.3575965, 25.12842395]}, "properties": {"kind": "pier"}}, {"type": "Feature", "geometry": {"type": "Point", "coordinates": [56.3583709, 25.12836195]}, "properties": {"kind": "pier"}}, {"type": "Feature", "geometry": {"type": "Point", "coordinates": [56.35836155, 25.1285271]}, "properties": {"kind": "pier"}}, {"type": "Feature", "geometry": {"type": "Point", "coordinates": [56.35824325, 25.1285012]}, "properties": {"kind": "pier"}}, {"type": "Feature", "geometry": {"type": "Point", "coordinates": [56.35817085, 25.128353750000002]}, "properties": {"kind": "pier"}}, {"type": "Feature", "geometry": {"type": "Point", "coordinates": [56.358129250000005, 25.12851075]}, "properties": {"kind": "pier"}}, {"type": "Feature", "geometry": {"type": "Point", "coordinates": [56.35798705, 25.128347050000002]}, "properties": {"kind": "pier"}}, {"type": "Feature", "geometry": {"type": "Point", "coordinates": [56.3580099, 25.12849345]}, "properties": {"kind": "pier"}}, {"type": "Feature", "geometry": {"type": "Point", "coordinates": [56.3579145, 25.1284863]}, "properties": {"kind": "pier"}}, {"type": "Feature", "geometry": {"type": "Point", "coordinates": [56.35779805, 25.1283317]}, "properties": {"kind": "pier"}}, {"type": "Feature", "geometry": {"type": "Point", "coordinates": [56.35782365, 25.12848415]}, "properties": {"kind": "pier"}}, {"type": "Feature", "geometry": {"type": "Point", "coordinates": [56.357712199999995, 25.1284756]}, "properties": {"kind": "pier"}}, {"type": "Feature", "geometry": {"type": "Point", "coordinates": [56.358077948973836, 25.128445222194745]}, "properties": {"kind": "pier"}}, {"type": "Feature", "geometry": {"type": "Point", "coordinates": [56.358825809121115, 25.127229669202578]}, "properties": {"kind": "pier"}}, {"type": "Feature", "geometry": {"type": "Point", "coordinates": [56.3575865, 25.128603599999998]}, "properties": {"kind": "pier"}}, {"type": "Feature", "geometry": {"type": "Point", "coordinates": [56.35758695, 25.12855075]}, "properties": {"kind": "pier"}}, {"type": "Feature", "geometry": {"type": "Point", "coordinates": [56.357591400000004, 25.128495]}, "properties": {"kind": "pier"}}, {"type": "Feature", "geometry": {"type": "Point", "coordinates": [56.35759615, 25.1283508]}, "properties": {"kind": "pier"}}, {"type": "Feature", "geometry": {"type": "Point", "coordinates": [56.35760035, 25.128304399999998]}, "properties": {"kind": "pier"}}, {"type": "Feature", "geometry": {"type": "Point", "coordinates": [56.35761105, 25.12822415]}, "properties": {"kind": "pier"}}, {"type": "Feature", "geometry": {"type": "Point", "coordinates": [56.357616300000004, 25.12814645]}, "properties": {"kind": "pier"}}, {"type": "Feature", "geometry": {"type": "Point", "coordinates": [56.35761855, 25.12807725]}, "properties": {"kind": "pier"}}, {"type": "Feature", "geometry": {"type": "Point", "coordinates": [56.357627699999995, 25.12800305]}, "properties": {"kind": "pier"}}, {"type": "Feature", "geometry": {"type": "Point", "coordinates": [56.357633199999995, 25.12792415]}, "properties": {"kind": "pier"}}, {"type": "Feature", "geometry": {"type": "Point", "coordinates": [56.359010350000005, 25.12781495]}, "properties": {"kind": "pier"}}, {"type": "Feature", "geometry": {"type": "Point", "coordinates": [56.35886945, 25.1276904]}, "properties": {"kind": "pier"}}, {"type": "Feature", "geometry": {"type": "Point", "coordinates": [56.3587866, 25.1278473]}, "properties": {"kind": "pier"}}, {"type": "Feature", "geometry": {"type": "Point", "coordinates": [56.35871005, 25.1276784]}, "properties": {"kind": "pier"}}, {"type": "Feature", "geometry": {"type": "Point", "coordinates": [56.35860545187932, 25.1277822021249]}, "properties": {"kind": "pier"}}, {"type": "Feature", "geometry": {"type": "Point", "coordinates": [56.29512022763775, 25.134586798589957]}, "properties": {"kind": "dam"}}, {"type": "Feature", "geometry": {"type": "Point", "coordinates": [56.310907905976464, 25.140713736925495]}, "properties": {"kind": "dam"}}, {"type": "Feature", "geometry": {"type": "Point", "coordinates": [56.33714025021122, 25.11008748732823]}, "properties": {"kind": "storage_tank"}}, {"type": "Feature", "geometry": {"type": "Point", "coordinates": [56.33478096240665, 25.11103532139742]}, "properties": {"kind": "storage_tank"}}, {"type": "Feature", "geometry": {"type": "Point", "coordinates": [56.33485677438746, 25.111166514349406]}, "properties": {"kind": "storage_tank"}}, {"type": "Feature", "geometry": {"type": "Point", "coordinates": [56.33555593161317, 25.11144426882819]}, "properties": {"kind": "storage_tank"}}, {"type": "Feature", "geometry": {"type": "Point", "coordinates": [56.36778334999999, 25.25314215]}, "properties": {"kind": "pier"}}, {"type": "Feature", "geometry": {"type": "Point", "coordinates": [56.36786853727462, 25.253441509129498]}, "properties": {"kind": "pier"}}, {"type": "Feature", "geometry": {"type": "Point", "coordinates": [56.35936235926582, 25.191154270547216]}, "properties": {"kind": "storage_tank"}}, {"type": "Feature", "geometry": {"type": "Point", "coordinates": [56.36122719877536, 25.191177469662108]}, "properties": {"kind": "storage_tank"}}, {"type": "Feature", "geometry": {"type": "Point", "coordinates": [56.36122651206822, 25.19026745418752]}, "properties": {"kind": "storage_tank"}}, {"type": "Feature", "geometry": {"type": "Point", "coordinates": [56.36022056245591, 25.190266857327476]}, "properties": {"kind": "storage_tank"}}, {"type": "Feature", "geometry": {"type": "Point", "coordinates": [56.360216776160705, 25.19118406495203]}, "properties": {"kind": "storage_tank"}}, {"type": "Feature", "geometry": {"type": "Point", "coordinates": [56.34710877033846, 25.187333951067398]}, "properties": {"kind": "storage_tank"}}, {"type": "Feature", "geometry": {"type": "Point", "coordinates": [56.34816604759781, 25.187398745245858]}, "properties": {"kind": "storage_tank"}}, {"type": "Feature", "geometry": {"type": "Point", "coordinates": [56.34923138392278, 25.187431177038672]}, "properties": {"kind": "storage_tank"}}, {"type": "Feature", "geometry": {"type": "Point", "coordinates": [56.349226130082215, 25.188410347676882]}, "properties": {"kind": "storage_tank"}}, {"type": "Feature", "geometry": {"type": "Point", "coordinates": [56.34815097729432, 25.188419952377973]}, "properties": {"kind": "storage_tank"}}, {"type": "Feature", "geometry": {"type": "Point", "coordinates": [56.347081837667375, 25.188420762472617]}, "properties": {"kind": "storage_tank"}}, {"type": "Feature", "geometry": {"type": "Point", "coordinates": [56.34561620290464, 25.189954875181556]}, "properties": {"kind": "storage_tank"}}, {"type": "Feature", "geometry": {"type": "Point", "coordinates": [56.34545746178422, 25.190165485763625]}, "properties": {"kind": "storage_tank"}}, {"type": "Feature", "geometry": {"type": "Point", "coordinates": [56.34530116031831, 25.190377621284767]}, "properties": {"kind": "storage_tank"}}, {"type": "Feature", "geometry": {"type": "Point", "coordinates": [56.345136507789874, 25.190594399515625]}, "properties": {"kind": "storage_tank"}}, {"type": "Feature", "geometry": {"type": "Point", "coordinates": [56.34576551033334, 25.19059222476283]}, "properties": {"kind": "storage_tank"}}, {"type": "Feature", "geometry": {"type": "Point", "coordinates": [56.34809808518376, 25.19009851234532]}, "properties": {"kind": "storage_tank"}}, {"type": "Feature", "geometry": {"type": "Point", "coordinates": [56.35077206249653, 25.189280106437025]}, "properties": {"kind": "storage_tank"}}, {"type": "Feature", "geometry": {"type": "Point", "coordinates": [56.35036116249655, 25.189280106437028]}, "properties": {"kind": "storage_tank"}}, {"type": "Feature", "geometry": {"type": "Point", "coordinates": [56.35056945100327, 25.18981926763795]}, "properties": {"kind": "storage_tank"}}, {"type": "Feature", "geometry": {"type": "Point", "coordinates": [56.34972232317407, 25.189834120041276]}, "properties": {"kind": "storage_tank"}}, {"type": "Feature", "geometry": {"type": "Point", "coordinates": [56.35063137012439, 25.190483679098005]}, "properties": {"kind": "storage_tank"}}, {"type": "Feature", "geometry": {"type": "Point", "coordinates": [56.357155975859094, 25.19035986382464]}, "properties": {"kind": "storage_tank"}}, {"type": "Feature", "geometry": {"type": "Point", "coordinates": [56.35729777672015, 25.200378648726275]}, "properties": {"kind": "storage_tank"}}, {"type": "Feature", "geometry": {"type": "Point", "coordinates": [56.35751237672018, 25.201417348726284]}, "properties": {"kind": "storage_tank"}}, {"type": "Feature", "geometry": {"type": "Point", "coordinates": [56.35859597672017, 25.201077548726282]}, "properties": {"kind": "storage_tank"}}, {"type": "Feature", "geometry": {"type": "Point", "coordinates": [56.35882127597119, 25.202261924791323]}, "properties": {"kind": "storage_tank"}}, {"type": "Feature", "geometry": {"type": "Point", "coordinates": [56.35788787672017, 25.202533748726278]}, "properties": {"kind": "storage_tank"}}, {"type": "Feature", "geometry": {"type": "Point", "coordinates": [56.34766389495398, 25.197462098870105]}, "properties": {"kind": "storage_tank"}}, {"type": "Feature", "geometry": {"type": "Point", "coordinates": [56.347722909175644, 25.197811598884623]}, "properties": {"kind": "storage_tank"}}, {"type": "Feature", "geometry": {"type": "Point", "coordinates": [56.34771217825957, 25.198146500664187]}, "properties": {"kind": "storage_tank"}}, {"type": "Feature", "geometry": {"type": "Point", "coordinates": [56.35043195274041, 25.198141655187705]}, "properties": {"kind": "storage_tank"}}, {"type": "Feature", "geometry": {"type": "Point", "coordinates": [56.35038368599002, 25.197816448724396]}, "properties": {"kind": "storage_tank"}}, {"type": "Feature", "geometry": {"type": "Point", "coordinates": [56.350378311283926, 25.19748637919427]}, "properties": {"kind": "storage_tank"}}, {"type": "Feature", "geometry": {"type": "Point", "coordinates": [56.349375851676015, 25.196917784532356]}, "properties": {"kind": "storage_tank"}}, {"type": "Feature", "geometry": {"type": "Point", "coordinates": [56.349182033760734, 25.196617509589803]}, "properties": {"kind": "storage_tank"}}, {"type": "Feature", "geometry": {"type": "Point", "coordinates": [56.350081422856064, 25.19621673854722]}, "properties": {"kind": "storage_tank"}}, {"type": "Feature", "geometry": {"type": "Point", "coordinates": [56.35014761813844, 25.195996193023106]}, "properties": {"kind": "storage_tank"}}, {"type": "Feature", "geometry": {"type": "Point", "coordinates": [56.35049094713716, 25.195539899900222]}, "properties": {"kind": "storage_tank"}}, {"type": "Feature", "geometry": {"type": "Point", "coordinates": [56.350464116929906, 25.196136957762]}, "properties": {"kind": "storage_tank"}}, {"type": "Feature", "geometry": {"type": "Point", "coordinates": [56.350461540486464, 25.195830168434963]}, "properties": {"kind": "storage_tank"}}, {"type": "Feature", "geometry": {"type": "Point", "coordinates": [56.349964504657564, 25.195584331678386]}, "properties": {"kind": "storage_tank"}}, {"type": "Feature", "geometry": {"type": "Point", "coordinates": [56.349755304657556, 25.196084331678385]}, "properties": {"kind": "storage_tank"}}, {"type": "Feature", "geometry": {"type": "Point", "coordinates": [56.349343980292616, 25.19604118436577]}, "properties": {"kind": "storage_tank"}}, {"type": "Feature", "geometry": {"type": "Point", "coordinates": [56.34949282733569, 25.195530527265138]}, "properties": {"kind": "storage_tank"}}, {"type": "Feature", "geometry": {"type": "Point", "coordinates": [56.34898859048131, 25.195559668243476]}, "properties": {"kind": "storage_tank"}}, {"type": "Feature", "geometry": {"type": "Point", "coordinates": [56.349000851126405, 25.19603751277903]}, "properties": {"kind": "storage_tank"}}, {"type": "Feature", "geometry": {"type": "Point", "coordinates": [56.34845710465754, 25.196128031678388]}, "properties": {"kind": "storage_tank"}}, {"type": "Feature", "geometry": {"type": "Point", "coordinates": [56.34847320465757, 25.195555231678384]}, "properties": {"kind": "storage_tank"}}, {"type": "Feature", "geometry": {"type": "Point", "coordinates": [56.34788310465756, 25.195594031678386]}, "properties": {"kind": "storage_tank"}}, {"type": "Feature", "geometry": {"type": "Point", "coordinates": [56.34789380465757, 25.196137731678384]}, "properties": {"kind": "storage_tank"}}, {"type": "Feature", "geometry": {"type": "Point", "coordinates": [56.355442097079326, 25.207901676161278]}, "properties": {"kind": "pipeline"}}, {"type": "Feature", "geometry": {"type": "Point", "coordinates": [56.26200535648295, 25.096104835598837]}, "properties": {"kind": "storage_tank"}}, {"type": "Feature", "geometry": {"type": "Point", "coordinates": [56.26242631071695, 25.09643114230634]}, "properties": {"kind": "storage_tank"}}, {"type": "Feature", "geometry": {"type": "Point", "coordinates": [56.276912572919485, 25.277173405695578]}, "properties": {"kind": "stream"}}, {"type": "Feature", "geometry": {"type": "Point", "coordinates": [56.27840825239188, 25.276792820283468]}, "properties": {"kind": "stream"}}, {"type": "Feature", "geometry": {"type": "Point", "coordinates": [56.28324047157416, 25.276974345264346]}, "properties": {"kind": "stream"}}, {"type": "Feature", "geometry": {"type": "Point", "coordinates": [56.29198613868206, 25.275449178322766]}, "properties": {"kind": "stream"}}, {"type": "Feature", "geometry": {"type": "Point", "coordinates": [56.2901331078461, 25.27402230458191]}, "properties": {"kind": "river"}}, {"type": "Feature", "geometry": {"type": "Point", "coordinates": [56.25999371801438, 25.277997024726375]}, "properties": {"kind": "river"}}, {"type": "Feature", "geometry": {"type": "Point", "coordinates": [56.34823390900795, 25.055321682868776]}, "properties": {"kind": "silo"}}, {"type": "Feature", "geometry": {"type": "Point", "coordinates": [56.347431842340676, 25.055233257987126]}, "properties": {"kind": "silo"}}, {"type": "Feature", "geometry": {"type": "Point", "coordinates": [56.347536926607354, 25.05698033199456]}, "properties": {"kind": "silo"}}, {"type": "Feature", "geometry": {"type": "Point", "coordinates": [56.34759922831971, 25.057350051537405]}, "properties": {"kind": "silo"}}, {"type": "Feature", "geometry": {"type": "Point", "coordinates": [56.34765800360813, 25.05784366926376]}, "properties": {"kind": "silo"}}, {"type": "Feature", "geometry": {"type": "Point", "coordinates": [56.3544508536321, 25.168080463246284]}, "properties": {"kind": "silo"}}, {"type": "Feature", "geometry": {"type": "Point", "coordinates": [56.35675217547043, 25.16808773140725]}, "properties": {"kind": "silo"}}, {"type": "Feature", "geometry": {"type": "Point", "coordinates": [56.35609772526414, 25.16809745208061]}, "properties": {"kind": "silo"}}, {"type": "Feature", "geometry": {"type": "Point", "coordinates": [56.355445951497416, 25.168092580479396]}, "properties": {"kind": "silo"}}, {"type": "Feature", "geometry": {"type": "Point", "coordinates": [56.357068673277006, 25.168092578261447]}, "properties": {"kind": "silo"}}, {"type": "Feature", "geometry": {"type": "Point", "coordinates": [56.35477539910032, 25.16809016850851]}, "properties": {"kind": "silo"}}, {"type": "Feature", "geometry": {"type": "Point", "coordinates": [56.35643300070437, 25.168087730289596]}, "properties": {"kind": "silo"}}, {"type": "Feature", "geometry": {"type": "Point", "coordinates": [56.35412897742471, 25.16807317300645]}, "properties": {"kind": "silo"}}, {"type": "Feature", "geometry": {"type": "Point", "coordinates": [56.35575708534285, 25.16809501813978]}, "properties": {"kind": "silo"}}, {"type": "Feature", "geometry": {"type": "Point", "coordinates": [56.355113356603866, 25.168097456328013]}, "properties": {"kind": "silo"}}, {"type": "Feature", "geometry": {"type": "Point", "coordinates": [56.35706600439369, 25.16780369015939]}, "properties": {"kind": "silo"}}, {"type": "Feature", "geometry": {"type": "Point", "coordinates": [56.35674950065492, 25.167798859947087]}, "properties": {"kind": "silo"}}, {"type": "Feature", "geometry": {"type": "Point", "coordinates": [56.356430322297356, 25.16779885898462]}, "properties": {"kind": "silo"}}, {"type": "Feature", "geometry": {"type": "Point", "coordinates": [56.35609504632162, 25.16780857434241]}, "properties": {"kind": "silo"}}, {"type": "Feature", "geometry": {"type": "Point", "coordinates": [56.35575439937047, 25.167806146758558]}, "properties": {"kind": "silo"}}, {"type": "Feature", "geometry": {"type": "Point", "coordinates": [56.355443263717696, 25.167803693844117]}, "properties": {"kind": "silo"}}, {"type": "Feature", "geometry": {"type": "Point", "coordinates": [56.35511067319517, 25.16780857534808]}, "properties": {"kind": "silo"}}, {"type": "Feature", "geometry": {"type": "Point", "coordinates": [56.35477271757361, 25.167801272652532]}, "properties": {"kind": "silo"}}, {"type": "Feature", "geometry": {"type": "Point", "coordinates": [56.354448162037194, 25.167791575609648]}, "properties": {"kind": "silo"}}, {"type": "Feature", "geometry": {"type": "Point", "coordinates": [56.35412629853406, 25.167784277148467]}, "properties": {"kind": "silo"}}, {"type": "Feature", "geometry": {"type": "Point", "coordinates": [56.356331711605016, 25.169324047425413]}, "properties": {"kind": "silo"}}, {"type": "Feature", "geometry": {"type": "Point", "coordinates": [56.35607162946224, 25.16926468463426]}, "properties": {"kind": "silo"}}, {"type": "Feature", "geometry": {"type": "Point", "coordinates": [56.35078080500828, 25.219768362740396]}, "properties": {"kind": "silo"}}, {"type": "Feature", "geometry": {"type": "Point", "coordinates": [56.35019239801616, 25.219816165601788]}, "properties": {"kind": "silo"}}, {"type": "Feature", "geometry": {"type": "Point", "coordinates": [56.35480492704589, 25.19119278546856]}, "properties": {"kind": "storage_tank"}}, {"type": "Feature", "geometry": {"type": "Point", "coordinates": [56.354832084379105, 25.190914518501536]}, "properties": {"kind": "storage_tank"}}, {"type": "Feature", "geometry": {"type": "Point", "coordinates": [56.35448304383409, 25.191214183879445]}, "properties": {"kind": "storage_tank"}}, {"type": "Feature", "geometry": {"type": "Point", "coordinates": [56.350706280646754, 25.186510016465068]}, "properties": {"kind": "storage_tank"}}, {"type": "Feature", "geometry": {"type": "Point", "coordinates": [56.35285084554167, 25.18562134353867]}, "properties": {"kind": "storage_tank"}}, {"type": "Feature", "geometry": {"type": "Point", "coordinates": [56.34511657349069, 25.180492883400337]}, "properties": {"kind": "storage_tank"}}, {"type": "Feature", "geometry": {"type": "Point", "coordinates": [56.344644473490675, 25.18058018340033]}, "properties": {"kind": "storage_tank"}}, {"type": "Feature", "geometry": {"type": "Point", "coordinates": [56.344236773490685, 25.180706483400336]}, "properties": {"kind": "storage_tank"}}, {"type": "Feature", "geometry": {"type": "Point", "coordinates": [56.34318883920295, 25.180919735178975]}, "properties": {"kind": "storage_tank"}}, {"type": "Feature", "geometry": {"type": "Point", "coordinates": [56.34343563920295, 25.18084203517897]}, "properties": {"kind": "storage_tank"}}, {"type": "Feature", "geometry": {"type": "Point", "coordinates": [56.343725239202946, 25.18077413517897]}, "properties": {"kind": "storage_tank"}}, {"type": "Feature", "geometry": {"type": "Point", "coordinates": [56.343553639202945, 25.180259535178962]}, "properties": {"kind": "storage_tank"}}, {"type": "Feature", "geometry": {"type": "Point", "coordinates": [56.343778939202956, 25.180065335178966]}, "properties": {"kind": "storage_tank"}}, {"type": "Feature", "geometry": {"type": "Point", "coordinates": [56.343725239202946, 25.179812935178973]}, "properties": {"kind": "storage_tank"}}, {"type": "Feature", "geometry": {"type": "Point", "coordinates": [56.343854039202945, 25.18031773517897]}, "properties": {"kind": "storage_tank"}}, {"type": "Feature", "geometry": {"type": "Point", "coordinates": [56.34358583920295, 25.18051193517897]}, "properties": {"kind": "storage_tank"}}, {"type": "Feature", "geometry": {"type": "Point", "coordinates": [56.34330683920294, 25.180414835178965]}, "properties": {"kind": "storage_tank"}}, {"type": "Feature", "geometry": {"type": "Point", "coordinates": [56.34319953920295, 25.180677035178967]}, "properties": {"kind": "storage_tank"}}, {"type": "Feature", "geometry": {"type": "Point", "coordinates": [56.342609439202946, 25.181444035178966]}, "properties": {"kind": "storage_tank"}}, {"type": "Feature", "geometry": {"type": "Point", "coordinates": [56.249295536008596, 25.089643972527796]}, "properties": {"kind": "river"}}, {"type": "Feature", "geometry": {"type": "Point", "coordinates": [56.27369745, 25.086946150000003]}, "properties": {"kind": "dam"}}, {"type": "Feature", "geometry": {"type": "Point", "coordinates": [56.368191550000006, 25.253350400000002]}, "properties": {"kind": "pier"}}, {"type": "Feature", "geometry": {"type": "Point", "coordinates": [56.36803965, 25.253365300000002]}, "properties": {"kind": "pier"}}, {"type": "Feature", "geometry": {"type": "Point", "coordinates": [56.36792855, 25.253485650000002]}, "properties": {"kind": "pier"}}, {"type": "Feature", "geometry": {"type": "Point", "coordinates": [56.3679193, 25.253367150000003]}, "properties": {"kind": "pier"}}, {"type": "Feature", "geometry": {"type": "Point", "coordinates": [56.367800700000004, 25.2533818]}, "properties": {"kind": "pier"}}, {"type": "Feature", "geometry": {"type": "Point", "coordinates": [56.36767755, 25.253386749999997]}, "properties": {"kind": "pier"}}, {"type": "Feature", "geometry": {"type": "Point", "coordinates": [56.36755086785526, 25.253409578559726]}, "properties": {"kind": "pier"}}, {"type": "Feature", "geometry": {"type": "Point", "coordinates": [56.362403143935, 25.20167947143742]}, "properties": {"kind": "pipeline"}}, {"type": "Feature", "geometry": {"type": "Point", "coordinates": [56.35768648259335, 25.199316472264353]}, "properties": {"kind": "pipeline"}}, {"type": "Feature", "geometry": {"type": "Point", "coordinates": [56.35656989665115, 25.200726301596042]}, "properties": {"kind": "pipeline"}}, {"type": "Feature", "geometry": {"type": "Point", "coordinates": [56.369129029188954, 25.196211149566658]}, "properties": {"kind": "pipeline"}}, {"type": "Feature", "geometry": {"type": "Point", "coordinates": [56.38310054588841, 25.191019379512728]}, "properties": {"kind": "pipeline"}}, {"type": "Feature", "geometry": {"type": "Point", "coordinates": [56.36195085847289, 25.18826475835728]}, "properties": {"kind": "pipeline"}}, {"type": "Feature", "geometry": {"type": "Point", "coordinates": [56.36220695000001, 25.197164100000002]}, "properties": {"kind": "pipeline"}}, {"type": "Feature", "geometry": {"type": "Point", "coordinates": [56.36260837449087, 25.19769580072964]}, "properties": {"kind": "pipeline"}}, {"type": "Feature", "geometry": {"type": "Point", "coordinates": [56.36220605, 25.1967833]}, "properties": {"kind": "pipeline"}}, {"type": "Feature", "geometry": {"type": "Point", "coordinates": [56.36220539999999, 25.19641515]}, "properties": {"kind": "pipeline"}}, {"type": "Feature", "geometry": {"type": "Point", "coordinates": [56.3622095, 25.195149999999998]}, "properties": {"kind": "pipeline"}}, {"type": "Feature", "geometry": {"type": "Point", "coordinates": [56.3622095, 25.193877200000003]}, "properties": {"kind": "pipeline"}}, {"type": "Feature", "geometry": {"type": "Point", "coordinates": [56.362225249999995, 25.19053425]}, "properties": {"kind": "pipeline"}}, {"type": "Feature", "geometry": {"type": "Point", "coordinates": [56.3622273, 25.189429699999998]}, "properties": {"kind": "pipeline"}}, {"type": "Feature", "geometry": {"type": "Point", "coordinates": [56.3622127, 25.1927635]}, "properties": {"kind": "pipeline"}}, {"type": "Feature", "geometry": {"type": "Point", "coordinates": [56.3622191, 25.191646900000002]}, "properties": {"kind": "pipeline"}}, {"type": "Feature", "geometry": {"type": "Point", "coordinates": [56.37431855, 25.1848891]}, "properties": {"kind": "pipeline"}}, {"type": "Feature", "geometry": {"type": "Point", "coordinates": [56.37410930000001, 25.185120150000003]}, "properties": {"kind": "pipeline"}}, {"type": "Feature", "geometry": {"type": "Point", "coordinates": [56.3741093, 25.184550350000006]}, "properties": {"kind": "pipeline"}}, {"type": "Feature", "geometry": {"type": "Point", "coordinates": [56.36185037261161, 25.187323416763284]}, "properties": {"kind": "pipeline"}}, {"type": "Feature", "geometry": {"type": "Point", "coordinates": [56.362867249999994, 25.1867879]}, "properties": {"kind": "pipeline"}}, {"type": "Feature", "geometry": {"type": "Point", "coordinates": [56.36421377632082, 25.1861504839599]}, "properties": {"kind": "pipeline"}}, {"type": "Feature", "geometry": {"type": "Point", "coordinates": [56.3656413, 25.185875850000002]}, "properties": {"kind": "pipeline"}}, {"type": "Feature", "geometry": {"type": "Point", "coordinates": [56.367532520886165, 25.18532368866898]}, "properties": {"kind": "pipeline"}}, {"type": "Feature", "geometry": {"type": "Point", "coordinates": [56.369948210029264, 25.184185296521047]}, "properties": {"kind": "pipeline"}}, {"type": "Feature", "geometry": {"type": "Point", "coordinates": [56.361870080162525, 25.18735402285698]}, "properties": {"kind": "pipeline"}}, {"type": "Feature", "geometry": {"type": "Point", "coordinates": [56.362886450000005, 25.18681915]}, "properties": {"kind": "pipeline"}}, {"type": "Feature", "geometry": {"type": "Point", "coordinates": [56.364211814753496, 25.186190676839107]}, "properties": {"kind": "pipeline"}}, {"type": "Feature", "geometry": {"type": "Point", "coordinates": [56.365624, 25.1859158]}, "properties": {"kind": "pipeline"}}, {"type": "Feature", "geometry": {"type": "Point", "coordinates": [56.36753678893706, 25.185367700924047]}, "properties": {"kind": "pipeline"}}, {"type": "Feature", "geometry": {"type": "Point", "coordinates": [56.3693618, 25.1844687]}, "properties": {"kind": "pipeline"}}, {"type": "Feature", "geometry": {"type": "Point", "coordinates": [56.3693387, 25.184435649999998]}, "properties": {"kind": "pipeline"}}, {"type": "Feature", "geometry": {"type": "Point", "coordinates": [56.370459849999996, 25.1841351]}, "properties": {"kind": "pipeline"}}, {"type": "Feature", "geometry": {"type": "Point", "coordinates": [56.3705712, 25.18430535]}, "properties": {"kind": "pipeline"}}, {"type": "Feature", "geometry": {"type": "Point", "coordinates": [56.37086529955121, 25.183685810347534]}, "properties": {"kind": "pipeline"}}, {"type": "Feature", "geometry": {"type": "Point", "coordinates": [56.37237575, 25.183188300000005]}, "properties": {"kind": "pipeline"}}, {"type": "Feature", "geometry": {"type": "Point", "coordinates": [56.37306495, 25.183728600000006]}, "properties": {"kind": "pipeline"}}, {"type": "Feature", "geometry": {"type": "Point", "coordinates": [56.37374455, 25.18426195]}, "properties": {"kind": "pipeline"}}, {"type": "Feature", "geometry": {"type": "Point", "coordinates": [56.37672250000001, 25.1943476]}, "properties": {"kind": "pipeline"}}, {"type": "Feature", "geometry": {"type": "Point", "coordinates": [56.3785253, 25.193918749999998]}, "properties": {"kind": "pipeline"}}, {"type": "Feature", "geometry": {"type": "Point", "coordinates": [56.381912446740856, 25.19195802519752]}, "properties": {"kind": "pipeline"}}, {"type": "Feature", "geometry": {"type": "Point", "coordinates": [56.38033005, 25.19348975]}, "properties": {"kind": "pipeline"}}, {"type": "Feature", "geometry": {"type": "Point", "coordinates": [56.36738375, 25.18561085]}, "properties": {"kind": "pipeline"}}, {"type": "Feature", "geometry": {"type": "Point", "coordinates": [56.367520400000004, 25.1858316]}, "properties": {"kind": "pipeline"}}, {"type": "Feature", "geometry": {"type": "Point", "coordinates": [56.3646965220626, 25.18527154997956]}, "properties": {"kind": "pipeline"}}, {"type": "Feature", "geometry": {"type": "Point", "coordinates": [56.359969784530215, 25.187911239561814]}, "properties": {"kind": "pipeline"}}, {"type": "Feature", "geometry": {"type": "Point", "coordinates": [56.3584958, 25.1881964]}, "properties": {"kind": "pipeline"}}, {"type": "Feature", "geometry": {"type": "Point", "coordinates": [56.358322654179034, 25.18764879003016]}, "properties": {"kind": "pipeline"}}, {"type": "Feature", "geometry": {"type": "Point", "coordinates": [56.360117445832145, 25.18699823690204]}, "properties": {"kind": "pipeline"}}, {"type": "Feature", "geometry": {"type": "Point", "coordinates": [56.35631132895417, 25.187063225666186]}, "properties": {"kind": "pipeline"}}, {"type": "Feature", "geometry": {"type": "Point", "coordinates": [56.35851585, 25.187038899999997]}, "properties": {"kind": "pipeline"}}, {"type": "Feature", "geometry": {"type": "Point", "coordinates": [56.35260643615636, 25.18834440034412]}, "properties": {"kind": "storage_tank"}}, {"type": "Feature", "geometry": {"type": "Point", "coordinates": [56.35453560887109, 25.186596099842145]}, "properties": {"kind": "storage_tank"}}, {"type": "Feature", "geometry": {"type": "Point", "coordinates": [56.35043158123637, 25.184527168301006]}, "properties": {"kind": "storage_tank"}}, {"type": "Feature", "geometry": {"type": "Point", "coordinates": [56.34984873236486, 25.184509305398574]}, "properties": {"kind": "storage_tank"}}, {"type": "Feature", "geometry": {"type": "Point", "coordinates": [56.34930871202296, 25.184503350974072]}, "properties": {"kind": "storage_tank"}}, {"type": "Feature", "geometry": {"type": "Point", "coordinates": [56.34970122906201, 25.183690368932954]}, "properties": {"kind": "storage_tank"}}, {"type": "Feature", "geometry": {"type": "Point", "coordinates": [56.34970453703089, 25.1833119190007]}, "properties": {"kind": "storage_tank"}}, {"type": "Feature", "geometry": {"type": "Point", "coordinates": [56.34970122906201, 25.182963268932944]}, "properties": {"kind": "storage_tank"}}, {"type": "Feature", "geometry": {"type": "Point", "coordinates": [56.349250125172574, 25.18295432230384]}, "properties": {"kind": "storage_tank"}}, {"type": "Feature", "geometry": {"type": "Point", "coordinates": [56.349260014393764, 25.18330597090761]}, "properties": {"kind": "storage_tank"}}, {"type": "Feature", "geometry": {"type": "Point", "coordinates": [56.349256723517755, 25.183666526449404]}, "properties": {"kind": "storage_tank"}}, {"type": "Feature", "geometry": {"type": "Point", "coordinates": [56.34925011667168, 25.18407775467069]}, "properties": {"kind": "storage_tank"}}, {"type": "Feature", "geometry": {"type": "Point", "coordinates": [56.34551073066856, 25.183630695906558]}, "properties": {"kind": "storage_tank"}}, {"type": "Feature", "geometry": {"type": "Point", "coordinates": [56.34502999137754, 25.183732025500877]}, "properties": {"kind": "storage_tank"}}, {"type": "Feature", "geometry": {"type": "Point", "coordinates": [56.34516450509515, 25.18428723846685]}, "properties": {"kind": "storage_tank"}}, {"type": "Feature", "geometry": {"type": "Point", "coordinates": [56.345157931143895, 25.18493089465252]}, "properties": {"kind": "storage_tank"}}, {"type": "Feature", "geometry": {"type": "Point", "coordinates": [56.345882360018315, 25.184841514446283]}, "properties": {"kind": "storage_tank"}}, {"type": "Feature", "geometry": {"type": "Point", "coordinates": [56.35007025784977, 25.190414808598334]}, "properties": {"kind": "storage_tank"}}, {"type": "Feature", "geometry": {"type": "Point", "coordinates": [56.34946107414692, 25.190420782134257]}, "properties": {"kind": "storage_tank"}}, {"type": "Feature", "geometry": {"type": "Point", "coordinates": [56.34885848234433, 25.190513141610015]}, "properties": {"kind": "storage_tank"}}, {"type": "Feature", "geometry": {"type": "Point", "coordinates": [56.34884859069526, 25.19002447492487]}, "properties": {"kind": "storage_tank"}}, {"type": "Feature", "geometry": {"type": "Point", "coordinates": [56.34883213553394, 25.189497049380822]}, "properties": {"kind": "storage_tank"}}, {"type": "Feature", "geometry": {"type": "Point", "coordinates": [56.34809453944882, 25.190632786340604]}, "properties": {"kind": "storage_tank"}}, {"type": "Feature", "geometry": {"type": "Point", "coordinates": [56.347538044356156, 25.19009047879727]}, "properties": {"kind": "storage_tank"}}, {"type": "Feature", "geometry": {"type": "Point", "coordinates": [56.34702106212503, 25.190102401572222]}, "properties": {"kind": "storage_tank"}}, {"type": "Feature", "geometry": {"type": "Point", "coordinates": [56.34650737116398, 25.190072604904117]}, "properties": {"kind": "storage_tank"}}, {"type": "Feature", "geometry": {"type": "Point", "coordinates": [56.34603647808818, 25.190063672965625]}, "properties": {"kind": "storage_tank"}}, {"type": "Feature", "geometry": {"type": "Point", "coordinates": [56.34634679916296, 25.190603660426365]}, "properties": {"kind": "storage_tank"}}, {"type": "Feature", "geometry": {"type": "Point", "coordinates": [56.34691977485896, 25.19061856348784]}, "properties": {"kind": "storage_tank"}}, {"type": "Feature", "geometry": {"type": "Point", "coordinates": [56.34751249565557, 25.190639416624823]}, "properties": {"kind": "storage_tank"}}, {"type": "Feature", "geometry": {"type": "Point", "coordinates": [56.35460345513507, 25.203353893012235]}, "properties": {"kind": "storage_tank"}}, {"type": "Feature", "geometry": {"type": "Point", "coordinates": [56.35519355513507, 25.203217993012235]}, "properties": {"kind": "storage_tank"}}, {"type": "Feature", "geometry": {"type": "Point", "coordinates": [56.35566555513507, 25.203120893012244]}, "properties": {"kind": "storage_tank"}}, {"type": "Feature", "geometry": {"type": "Point", "coordinates": [56.35620205513507, 25.203043293012236]}, "properties": {"kind": "storage_tank"}}, {"type": "Feature", "geometry": {"type": "Point", "coordinates": [56.35682425513507, 25.20293649301224]}, "properties": {"kind": "storage_tank"}}, {"type": "Feature", "geometry": {"type": "Point", "coordinates": [56.35452835513508, 25.20280059301224]}, "properties": {"kind": "storage_tank"}}, {"type": "Feature", "geometry": {"type": "Point", "coordinates": [56.35505405513506, 25.202722893012233]}, "properties": {"kind": "storage_tank"}}, {"type": "Feature", "geometry": {"type": "Point", "coordinates": [56.35551535513506, 25.20264529301224]}, "properties": {"kind": "storage_tank"}}, {"type": "Feature", "geometry": {"type": "Point", "coordinates": [56.35607325513506, 25.202509393012235]}, "properties": {"kind": "storage_tank"}}, {"type": "Feature", "geometry": {"type": "Point", "coordinates": [56.35667405513509, 25.202363793012243]}, "properties": {"kind": "storage_tank"}}, {"type": "Feature", "geometry": {"type": "Point", "coordinates": [56.35448546631366, 25.20199394558747]}, "properties": {"kind": "storage_tank"}}, {"type": "Feature", "geometry": {"type": "Point", "coordinates": [56.35502186631367, 25.201120245587482]}, "properties": {"kind": "storage_tank"}}, {"type": "Feature", "geometry": {"type": "Point", "coordinates": [56.35599816631367, 25.200926045587472]}, "properties": {"kind": "storage_tank"}}, {"type": "Feature", "geometry": {"type": "Point", "coordinates": [56.353562766313665, 25.201003745587474]}, "properties": {"kind": "storage_tank"}}, {"type": "Feature", "geometry": {"type": "Point", "coordinates": [56.35432445513506, 25.200538693012234]}, "properties": {"kind": "storage_tank"}}, {"type": "Feature", "geometry": {"type": "Point", "coordinates": [56.35488235513509, 25.200422193012244]}, "properties": {"kind": "storage_tank"}}, {"type": "Feature", "geometry": {"type": "Point", "coordinates": [56.35541885486491, 25.2003251446439]}, "properties": {"kind": "storage_tank"}}, {"type": "Feature", "geometry": {"type": "Point", "coordinates": [56.35598745513507, 25.20016979301224]}, "properties": {"kind": "storage_tank"}}, {"type": "Feature", "geometry": {"type": "Point", "coordinates": [56.306272686547416, 25.27747172404085]}, "properties": {"kind": "river"}}, {"type": "Feature", "geometry": {"type": "Point", "coordinates": [56.300987499771885, 25.278460117511866]}, "properties": {"kind": "river"}}, {"type": "Feature", "geometry": {"type": "Point", "coordinates": [56.350818915234015, 25.27267696650615]}, "properties": {"kind": "dam"}}, {"type": "Feature", "geometry": {"type": "Point", "coordinates": [56.31415189872921, 25.093578686438622]}, "properties": {"kind": "river"}}, {"type": "Feature", "geometry": {"type": "Point", "coordinates": [56.36160815996148, 25.16249219475913]}, "properties": {"kind": "pier"}}, {"type": "Feature", "geometry": {"type": "Point", "coordinates": [56.360418530107474, 25.162589281143713]}, "properties": {"kind": "pier"}}, {"type": "Feature", "geometry": {"type": "Point", "coordinates": [56.36799814671539, 25.182392349975714]}, "properties": {"kind": "pier"}}, {"type": "Feature", "geometry": {"type": "Point", "coordinates": [56.31558591426321, 25.102051867547377]}, "properties": {"kind": "stream"}}, {"type": "Feature", "geometry": {"type": "Point", "coordinates": [56.31546749966295, 25.09127525345714]}, "properties": {"kind": "stream"}}, {"type": "Feature", "geometry": {"type": "Point", "coordinates": [56.32054893077888, 25.089957898169992]}, "properties": {"kind": "stream"}}, {"type": "Feature", "geometry": {"type": "Point", "coordinates": [56.33818509698895, 25.188583860241696]}, "properties": {"kind": "pipeline"}}, {"type": "Feature", "geometry": {"type": "Point", "coordinates": [56.352050500000004, 25.18225975]}, "properties": {"kind": "pipeline"}}, {"type": "Feature", "geometry": {"type": "Point", "coordinates": [56.34963149999999, 25.055872899999994]}, "properties": {"kind": "cooling"}}, {"type": "Feature", "geometry": {"type": "Point", "coordinates": [56.34983232540628, 25.05586686441135]}, "properties": {"kind": "cooling"}}, {"type": "Feature", "geometry": {"type": "Point", "coordinates": [56.35023093597938, 25.05585638908363]}, "properties": {"kind": "cooling"}}, {"type": "Feature", "geometry": {"type": "Point", "coordinates": [56.358982896356764, 25.23741523842488]}, "properties": {"kind": "drain"}}, {"type": "Feature", "geometry": {"type": "Point", "coordinates": [56.34467134120137, 25.210354778834553]}, "properties": {"kind": "storage_tank"}}, {"type": "Feature", "geometry": {"type": "Point", "coordinates": [56.34505157570417, 25.210329563651808]}, "properties": {"kind": "storage_tank"}}, {"type": "Feature", "geometry": {"type": "Point", "coordinates": [56.35567898353936, 25.183337120179758]}, "properties": {"kind": "storage_tank"}}, {"type": "Feature", "geometry": {"type": "Point", "coordinates": [56.35586117363494, 25.183320162122307]}, "properties": {"kind": "storage_tank"}}, {"type": "Feature", "geometry": {"type": "Point", "coordinates": [56.35585944368473, 25.183161613908258]}, "properties": {"kind": "storage_tank"}}, {"type": "Feature", "geometry": {"type": "Point", "coordinates": [56.355185209672115, 25.183364994564702]}, "properties": {"kind": "storage_tank"}}, {"type": "Feature", "geometry": {"type": "Point", "coordinates": [56.35591748520123, 25.182097802215335]}, "properties": {"kind": "storage_tank"}}, {"type": "Feature", "geometry": {"type": "Point", "coordinates": [56.35592672779183, 25.18192492451602]}, "properties": {"kind": "storage_tank"}}, {"type": "Feature", "geometry": {"type": "Point", "coordinates": [56.35568638943569, 25.18202809516365]}, "properties": {"kind": "storage_tank"}}, {"type": "Feature", "geometry": {"type": "Point", "coordinates": [56.355695662455574, 25.1818384819859]}, "properties": {"kind": "storage_tank"}}, {"type": "Feature", "geometry": {"type": "Point", "coordinates": [56.35592056417552, 25.181752055047436]}, "properties": {"kind": "storage_tank"}}, {"type": "Feature", "geometry": {"type": "Point", "coordinates": [56.355707962035616, 25.181682354484682]}, "properties": {"kind": "storage_tank"}}, {"type": "Feature", "geometry": {"type": "Point", "coordinates": [56.35571415135515, 25.181512271796667]}, "properties": {"kind": "storage_tank"}}, {"type": "Feature", "geometry": {"type": "Point", "coordinates": [56.35591747787508, 25.18158476190806]}, "properties": {"kind": "storage_tank"}}, {"type": "Feature", "geometry": {"type": "Point", "coordinates": [56.354755978704645, 25.181814328778575]}, "properties": {"kind": "storage_tank"}}, {"type": "Feature", "geometry": {"type": "Point", "coordinates": [56.35455877557976, 25.18181154401454]}, "properties": {"kind": "storage_tank"}}, {"type": "Feature", "geometry": {"type": "Point", "coordinates": [56.35476325448724, 25.181655504206976]}, "properties": {"kind": "storage_tank"}}, {"type": "Feature", "geometry": {"type": "Point", "coordinates": [56.35456203673217, 25.181657503114312]}, "properties": {"kind": "storage_tank"}}, {"type": "Feature", "geometry": {"type": "Point", "coordinates": [56.35456213139362, 25.181479812530082]}, "properties": {"kind": "storage_tank"}}, {"type": "Feature", "geometry": {"type": "Point", "coordinates": [56.354755014029195, 25.181476600400767]}, "properties": {"kind": "storage_tank"}}, {"type": "Feature", "geometry": {"type": "Point", "coordinates": [56.355700326292656, 25.183552540666604]}, "properties": {"kind": "storage_tank"}}, {"type": "Feature", "geometry": {"type": "Point", "coordinates": [56.355518789330276, 25.18357926089618]}, "properties": {"kind": "storage_tank"}}, {"type": "Feature", "geometry": {"type": "Point", "coordinates": [56.35549715631537, 25.183383297170558]}, "properties": {"kind": "storage_tank"}}, {"type": "Feature", "geometry": {"type": "Point", "coordinates": [56.35533386494737, 25.183373536794875]}, "properties": {"kind": "storage_tank"}}, {"type": "Feature", "geometry": {"type": "Point", "coordinates": [56.31659806419265, 25.169988168279538]}, "properties": {"kind": "dam"}}, {"type": "Feature", "geometry": {"type": "Point", "coordinates": [56.37109374580117, 25.181287684450428]}, "properties": {"kind": "breakwater"}}, {"type": "Feature", "geometry": {"type": "Point", "coordinates": [56.36378837676433, 25.172710047633416]}, "properties": {"kind": "breakwater"}}, {"type": "Feature", "geometry": {"type": "Point", "coordinates": [56.35432293614923, 25.161437043732523]}, "properties": {"kind": "canal"}}, {"type": "Feature", "geometry": {"type": "Point", "coordinates": [56.36068567804524, 25.17072654201077]}, "properties": {"kind": "goods_conveyor"}}, {"type": "Feature", "geometry": {"type": "Point", "coordinates": [56.299367005513574, 25.267739091709547]}, "properties": {"kind": "dam"}}, {"type": "Feature", "geometry": {"type": "Point", "coordinates": [56.24077217985168, 25.044619313852852]}, "properties": {"kind": "river"}}, {"type": "Feature", "geometry": {"type": "Point", "coordinates": [56.30637717619109, 25.041198793928903]}, "properties": {"kind": "dam"}}, {"type": "Feature", "geometry": {"type": "Point", "coordinates": [56.30344458483689, 25.253244350332004]}, "properties": {"kind": "wadi"}}, {"type": "Feature", "geometry": {"type": "Point", "coordinates": [56.30156405964896, 25.251899043020188]}, "properties": {"kind": "wadi"}}, {"type": "Feature", "geometry": {"type": "Point", "coordinates": [56.31177891290498, 25.249209213763613]}, "properties": {"kind": "river"}}, {"type": "Feature", "geometry": {"type": "Point", "coordinates": [56.32633191583191, 25.104670008451038]}, "properties": {"kind": "chimney"}}, {"type": "Feature", "geometry": {"type": "Point", "coordinates": [56.232028406723515, 25.090734412343757]}, "properties": {"kind": "river"}}, {"type": "Feature", "geometry": {"type": "Point", "coordinates": [56.23527936931993, 25.090841874374007]}, "properties": {"kind": "dam"}}, {"type": "Feature", "geometry": {"type": "Point", "coordinates": [56.232260160540505, 25.195765281199773]}, "properties": {"kind": "dam"}}, {"type": "Feature", "geometry": {"type": "Point", "coordinates": [56.31898105, 25.08884185]}, "properties": {"kind": "stream"}}, {"type": "Feature", "geometry": {"type": "Point", "coordinates": [56.31942895000001, 25.0864661]}, "properties": {"kind": "stream"}}, {"type": "Feature", "geometry": {"type": "Point", "coordinates": [56.32294985, 25.2798491]}, "properties": {"kind": "river"}}, {"type": "Feature", "geometry": {"type": "Point", "coordinates": [56.30472981227371, 25.24594727430649]}, "properties": {"kind": "river"}}, {"type": "Feature", "geometry": {"type": "Point", "coordinates": [56.273836322350164, 25.087298781393994]}, "properties": {"kind": "dam"}}, {"type": "Feature", "geometry": {"type": "Point", "coordinates": [56.32596937986044, 25.24574821865696]}, "properties": {"kind": "river"}}, {"type": "Feature", "geometry": {"type": "Point", "coordinates": [56.23580111145994, 25.09574239634522]}, "properties": {"kind": "river"}}, {"type": "Feature", "geometry": {"type": "Point", "coordinates": [56.23462464389587, 25.09436608646341]}, "properties": {"kind": "river"}}, {"type": "Feature", "geometry": {"type": "Point", "coordinates": [56.23358143593055, 25.04471982629836]}, "properties": {"kind": "river"}}, {"type": "Feature", "geometry": {"type": "Point", "coordinates": [56.23539790759587, 25.041724436392766]}, "properties": {"kind": "river"}}, {"type": "Feature", "geometry": {"type": "Point", "coordinates": [56.24142052619723, 25.04188098134706]}, "properties": {"kind": "river"}}, {"type": "Feature", "geometry": {"type": "Point", "coordinates": [56.249902809655964, 25.040557475388283]}, "properties": {"kind": "river"}}, {"type": "Feature", "geometry": {"type": "Point", "coordinates": [56.29903055, 25.0901386]}, "properties": {"kind": "river"}}, {"type": "Feature", "geometry": {"type": "Point", "coordinates": [56.28582824890509, 25.089832569366592]}, "properties": {"kind": "river"}}, {"type": "Feature", "geometry": {"type": "Point", "coordinates": [56.245128753677314, 25.101547181401195]}, "properties": {"kind": "river"}}, {"type": "Feature", "geometry": {"type": "Point", "coordinates": [56.246563017460666, 25.27554188373968]}, "properties": {"kind": "river"}}, {"type": "Feature", "geometry": {"type": "Point", "coordinates": [56.260226845279526, 25.259221886845292]}, "properties": {"kind": "river"}}, {"type": "Feature", "geometry": {"type": "Point", "coordinates": [56.269991454209155, 25.212700683126776]}, "properties": {"kind": "river"}}, {"type": "Feature", "geometry": {"type": "Point", "coordinates": [56.30347856153291, 25.230809619077522]}, "properties": {"kind": "river"}}, {"type": "Feature", "geometry": {"type": "Point", "coordinates": [56.29511883110119, 25.232365468287174]}, "properties": {"kind": "river"}}, {"type": "Feature", "geometry": {"type": "Point", "coordinates": [56.25981438174896, 25.091148381573444]}, "properties": {"kind": "dam"}}, {"type": "Feature", "geometry": {"type": "Point", "coordinates": [56.26463646689747, 25.17175847832589]}, "properties": {"kind": "river"}}, {"type": "Feature", "geometry": {"type": "Point", "coordinates": [56.27069307813948, 25.18726800329974]}, "properties": {"kind": "river"}}, {"type": "Feature", "geometry": {"type": "Point", "coordinates": [56.27194304808588, 25.196245867669592]}, "properties": {"kind": "river"}}, {"type": "Feature", "geometry": {"type": "Point", "coordinates": [56.26316840849611, 25.19154926640648]}, "properties": {"kind": "river"}}, {"type": "Feature", "geometry": {"type": "Point", "coordinates": [56.26762227372779, 25.200836711752007]}, "properties": {"kind": "river"}}, {"type": "Feature", "geometry": {"type": "Point", "coordinates": [56.26553230054033, 25.173107454107864]}, "properties": {"kind": "river"}}, {"type": "Feature", "geometry": {"type": "Point", "coordinates": [56.266926134499506, 25.170522112780024]}, "properties": {"kind": "river"}}, {"type": "Feature", "geometry": {"type": "Point", "coordinates": [56.27523931264492, 25.195010803379024]}, "properties": {"kind": "river"}}, {"type": "Feature", "geometry": {"type": "Point", "coordinates": [56.27994609499087, 25.17959531563734]}, "properties": {"kind": "river"}}, {"type": "Feature", "geometry": {"type": "Point", "coordinates": [56.27970894349087, 25.19013776123086]}, "properties": {"kind": "river"}}, {"type": "Feature", "geometry": {"type": "Point", "coordinates": [56.28087075621114, 25.182354230082474]}, "properties": {"kind": "river"}}, {"type": "Feature", "geometry": {"type": "Point", "coordinates": [56.27568275201811, 25.179602473812842]}, "properties": {"kind": "river"}}, {"type": "Feature", "geometry": {"type": "Point", "coordinates": [56.282212035932794, 25.17735094797143]}, "properties": {"kind": "river"}}, {"type": "Feature", "geometry": {"type": "Point", "coordinates": [56.28586278920879, 25.171219825330084]}, "properties": {"kind": "river"}}, {"type": "Feature", "geometry": {"type": "Point", "coordinates": [56.28665178584253, 25.194828858387346]}, "properties": {"kind": "river"}}, {"type": "Feature", "geometry": {"type": "Point", "coordinates": [56.29304129101115, 25.19674145391121]}, "properties": {"kind": "river"}}, {"type": "Feature", "geometry": {"type": "Point", "coordinates": [56.2957810694753, 25.19505477996135]}, "properties": {"kind": "river"}}, {"type": "Feature", "geometry": {"type": "Point", "coordinates": [56.29213381159464, 25.189552236553418]}, "properties": {"kind": "river"}}, {"type": "Feature", "geometry": {"type": "Point", "coordinates": [56.29693516583075, 25.19109613789459]}, "properties": {"kind": "river"}}, {"type": "Feature", "geometry": {"type": "Point", "coordinates": [56.29641956655218, 25.042889334928727]}, "properties": {"kind": "river"}}, {"type": "Feature", "geometry": {"type": "Point", "coordinates": [56.3240552356276, 25.204672412474174]}, "properties": {"kind": "dam"}}, {"type": "Feature", "geometry": {"type": "Point", "coordinates": [56.326355778056396, 25.176190928927426]}, "properties": {"kind": "dam"}}, {"type": "Feature", "geometry": {"type": "Point", "coordinates": [56.321652180301584, 25.19897087873565]}, "properties": {"kind": "river"}}, {"type": "Feature", "geometry": {"type": "Point", "coordinates": [56.32026523823936, 25.207178035145557]}, "properties": {"kind": "river"}}, {"type": "Feature", "geometry": {"type": "Point", "coordinates": [56.267288968429085, 25.22374428453524]}, "properties": {"kind": "river"}}, {"type": "Feature", "geometry": {"type": "Point", "coordinates": [56.310176823139244, 25.268200692600622]}, "properties": {"kind": "pipeline"}}, {"type": "Feature", "geometry": {"type": "Point", "coordinates": [56.25324713615873, 25.0436336799887]}, "properties": {"kind": "river"}}, {"type": "Feature", "geometry": {"type": "Point", "coordinates": [56.278884025140066, 25.255628347540057]}, "properties": {"kind": "river"}}, {"type": "Feature", "geometry": {"type": "Point", "coordinates": [56.238318672242826, 25.223175681838146]}, "properties": {"kind": "river"}}, {"type": "Feature", "geometry": {"type": "Point", "coordinates": [56.239151511919864, 25.270355066980674]}, "properties": {"kind": "river"}}, {"type": "Feature", "geometry": {"type": "Point", "coordinates": [56.242665448411444, 25.2777922083472]}, "properties": {"kind": "river"}}, {"type": "Feature", "geometry": {"type": "Point", "coordinates": [56.25511179747955, 25.25572637970146]}, "properties": {"kind": "river"}}, {"type": "Feature", "geometry": {"type": "Point", "coordinates": [56.247887200290734, 25.24891000680943]}, "properties": {"kind": "river"}}, {"type": "Feature", "geometry": {"type": "Point", "coordinates": [56.23290027182387, 25.24240400176881]}, "properties": {"kind": "river"}}, {"type": "Feature", "geometry": {"type": "Point", "coordinates": [56.235577448039635, 25.238822514586886]}, "properties": {"kind": "river"}}, {"type": "Feature", "geometry": {"type": "Point", "coordinates": [56.264110892684855, 25.228602418154694]}, "properties": {"kind": "river"}}, {"type": "Feature", "geometry": {"type": "Point", "coordinates": [56.27275029108448, 25.23015168697914]}, "properties": {"kind": "river"}}, {"type": "Feature", "geometry": {"type": "Point", "coordinates": [56.29338456641818, 25.223899328733467]}, "properties": {"kind": "river"}}, {"type": "Feature", "geometry": {"type": "Point", "coordinates": [56.30509567977594, 25.23407246621206]}, "properties": {"kind": "river"}}, {"type": "Feature", "geometry": {"type": "Point", "coordinates": [56.297194188254515, 25.236591382293167]}, "properties": {"kind": "river"}}, {"type": "Feature", "geometry": {"type": "Point", "coordinates": [56.30319923463158, 25.235946348815062]}, "properties": {"kind": "river"}}, {"type": "Feature", "geometry": {"type": "Point", "coordinates": [56.23549047417818, 25.040894011038983]}, "properties": {"kind": "river"}}, {"type": "Feature", "geometry": {"type": "Point", "coordinates": [56.254773973424165, 25.25284907842517]}, "properties": {"kind": "river"}}, {"type": "Feature", "geometry": {"type": "Point", "coordinates": [56.24159489979659, 25.262363227088297]}, "properties": {"kind": "river"}}, {"type": "Feature", "geometry": {"type": "Point", "coordinates": [56.24232003960426, 25.264435985449314]}, "properties": {"kind": "river"}}, {"type": "Feature", "geometry": {"type": "Point", "coordinates": [56.254737219075515, 25.24655691398074]}, "properties": {"kind": "river"}}, {"type": "Feature", "geometry": {"type": "Point", "coordinates": [56.26527697676084, 25.2508505066729]}, "properties": {"kind": "river"}}, {"type": "Feature", "geometry": {"type": "Point", "coordinates": [56.25310573578781, 25.245658173458466]}, "properties": {"kind": "river"}}, {"type": "Feature", "geometry": {"type": "Point", "coordinates": [56.24555843617793, 25.244306733970365]}, "properties": {"kind": "river"}}, {"type": "Feature", "geometry": {"type": "Point", "coordinates": [56.25459573144362, 25.26125304933459]}, "properties": {"kind": "river"}}, {"type": "Feature", "geometry": {"type": "Point", "coordinates": [56.25144325349779, 25.24147329855339]}, "properties": {"kind": "river"}}, {"type": "Feature", "geometry": {"type": "Point", "coordinates": [56.25025967739458, 25.240225474981106]}, "properties": {"kind": "river"}}, {"type": "Feature", "geometry": {"type": "Point", "coordinates": [56.25602698677401, 25.241169266291575]}, "properties": {"kind": "wadi"}}, {"type": "Feature", "geometry": {"type": "Point", "coordinates": [56.24967500137638, 25.246151858022102]}, "properties": {"kind": "river"}}, {"type": "Feature", "geometry": {"type": "Point", "coordinates": [56.26643308998664, 25.267404340290458]}, "properties": {"kind": "river"}}, {"type": "Feature", "geometry": {"type": "Point", "coordinates": [56.25220126095468, 25.277766684954294]}, "properties": {"kind": "river"}}, {"type": "Feature", "geometry": {"type": "Point", "coordinates": [56.28986598187119, 25.211856401424114]}, "properties": {"kind": "river"}}, {"type": "Feature", "geometry": {"type": "Point", "coordinates": [56.286631088534754, 25.209275406453905]}, "properties": {"kind": "river"}}, {"type": "Feature", "geometry": {"type": "Point", "coordinates": [56.28395729440614, 25.209172550077895]}, "properties": {"kind": "river"}}, {"type": "Feature", "geometry": {"type": "Point", "coordinates": [56.304231464181036, 25.212410969813636]}, "properties": {"kind": "river"}}, {"type": "Feature", "geometry": {"type": "Point", "coordinates": [56.300700393264144, 25.20845755975743]}, "properties": {"kind": "river"}}, {"type": "Feature", "geometry": {"type": "Point", "coordinates": [56.2855534324562, 25.21368160672352]}, "properties": {"kind": "river"}}, {"type": "Feature", "geometry": {"type": "Point", "coordinates": [56.280247706899765, 25.227803475639007]}, "properties": {"kind": "river"}}, {"type": "Feature", "geometry": {"type": "Point", "coordinates": [56.2426230199265, 25.22685901852577]}, "properties": {"kind": "river"}}, {"type": "Feature", "geometry": {"type": "Point", "coordinates": [56.27726319887355, 25.252452867910236]}, "properties": {"kind": "river"}}, {"type": "Feature", "geometry": {"type": "Point", "coordinates": [56.28667150179263, 25.251021471933374]}, "properties": {"kind": "river"}}, {"type": "Feature", "geometry": {"type": "Point", "coordinates": [56.368491296935595, 25.2056426028956]}, "properties": {"kind": "pier"}}, {"type": "Feature", "geometry": {"type": "Point", "coordinates": [56.349233500822635, 25.048145840817376]}, "properties": {"kind": "residential"}}]}