{"type": "FeatureCollection", "features": [{"type": "Feature", "geometry": {"type": "Point", "coordinates": [-95.25242610000001, 29.793690700000003]}, "properties": {"kind": "advertising"}}, {"type": "Feature", "geometry": {"type": "Point", "coordinates": [-95.2780465, 29.804966200000003]}, "properties": {"kind": "tower"}}, {"type": "Feature", "geometry": {"type": "Point", "coordinates": [-95.17476780000001, 29.7106998]}, "properties": {"kind": "tower"}}, {"type": "Feature", "geometry": {"type": "Point", "coordinates": [-95.2774409, 29.7561745]}, "properties": {"kind": "tower"}}, {"type": "Feature", "geometry": {"type": "Point", "coordinates": [-95.17486090000001, 29.688577100000003]}, "properties": {"kind": "tower"}}, {"type": "Feature", "geometry": {"type": "Point", "coordinates": [-95.1860443, 29.684118100000003]}, "properties": {"kind": "tower"}}, {"type": "Feature", "geometry": {"type": "Point", "coordinates": [-95.36478620000001, 29.723789500000002]}, "properties": {"kind": "tower"}}, {"type": "Feature", "geometry": {"type": "Point", "coordinates": [-95.15493230000001, 29.667451600000003]}, "properties": {"kind": "tower"}}, {"type": "Feature", "geometry": {"type": "Point", "coordinates": [-95.35084260000001, 29.6480505]}, "properties": {"kind": "weir"}}, {"type": "Feature", "geometry": {"type": "Point", "coordinates": [-95.3181801, 29.6819601]}, "properties": {"kind": "environmental_hazard"}}, {"type": "Feature", "geometry": {"type": "Point", "coordinates": [-95.32827990000001, 29.682749]}, "properties": {"kind": "environmental_hazard"}}, {"type": "Feature", "geometry": {"type": "Point", "coordinates": [-95.32580100000001, 29.72062]}, "properties": {"kind": "environmental_hazard"}}, {"type": "Feature", "geometry": {"type": "Point", "coordinates": [-95.32116710000001, 29.711061100000002]}, "properties": {"kind": "environmental_hazard"}}, {"type": "Feature", "geometry": {"type": "Point", "coordinates": [-95.32438210000001, 29.711393]}, "properties": {"kind": "environmental_hazard"}}, {"type": "Feature", "geometry": {"type": "Point", "coordinates": [-95.327308, 29.711108000000003]}, "properties": {"kind": "environmental_hazard"}}, {"type": "Feature", "geometry": {"type": "Point", "coordinates": [-95.351786, 29.751119000000003]}, "properties": {"kind": "environmental_hazard"}}, {"type": "Feature", "geometry": {"type": "Point", "coordinates": [-95.35374200000001, 29.754673]}, "properties": {"kind": "environmental_hazard"}}, {"type": "Feature", "geometry": {"type": "Point", "coordinates": [-95.30321900000001, 29.751588]}, "properties": {"kind": "environmental_hazard"}}, {"type": "Feature", "geometry": {"type": "Point", "coordinates": [-95.3828125, 29.8222729]}, "properties": {"kind": "environmental_hazard"}}, {"type": "Feature", "geometry": {"type": "Point", "coordinates": [-95.1997551, 29.6126861]}, "properties": {"kind": "environmental_hazard"}}, {"type": "Feature", "geometry": {"type": "Point", "coordinates": [-95.2647132, 29.6424401]}, "properties": {"kind": "environmental_hazard"}}, {"type": "Feature", "geometry": {"type": "Point", "coordinates": [-95.1968552, 29.6228547]}, "properties": {"kind": "environmental_hazard"}}, {"type": "Feature", "geometry": {"type": "Point", "coordinates": [-95.2240359, 29.650879900000003]}, "properties": {"kind": "environmental_hazard"}}, {"type": "Feature", "geometry": {"type": "Point", "coordinates": [-95.2536151, 29.645605000000003]}, "properties": {"kind": "environmental_hazard"}}, {"type": "Feature", "geometry": {"type": "Point", "coordinates": [-95.2607601, 29.643286900000003]}, "properties": {"kind": "environmental_hazard"}}, {"type": "Feature", "geometry": {"type": "Point", "coordinates": [-95.26271290000001, 29.643842000000003]}, "properties": {"kind": "environmental_hazard"}}, {"type": "Feature", "geometry": {"type": "Point", "coordinates": [-95.2499999, 29.659999900000003]}, "properties": {"kind": "environmental_hazard"}}, {"type": "Feature", "geometry": {"type": "Point", "coordinates": [-95.26187800000001, 29.622971000000003]}, "properties": {"kind": "environmental_hazard"}}, {"type": "Feature", "geometry": {"type": "Point", "coordinates": [-95.20000010000001, 29.6299999]}, "properties": {"kind": "environmental_hazard"}}, {"type": "Feature", "geometry": {"type": "Point", "coordinates": [-95.25743510000001, 29.709950900000003]}, "properties": {"kind": "environmental_hazard"}}, {"type": "Feature", "geometry": {"type": "Point", "coordinates": [-95.2618688, 29.7436797]}, "properties": {"kind": "environmental_hazard"}}, {"type": "Feature", "geometry": {"type": "Point", "coordinates": [-95.25908220000001, 29.768880900000003]}, "properties": {"kind": "environmental_hazard"}}, {"type": "Feature", "geometry": {"type": "Point", "coordinates": [-95.259347, 29.768674]}, "properties": {"kind": "environmental_hazard"}}, {"type": "Feature", "geometry": {"type": "Point", "coordinates": [-95.25437930000001, 29.772864300000002]}, "properties": {"kind": "environmental_hazard"}}, {"type": "Feature", "geometry": {"type": "Point", "coordinates": [-95.15883740000001, 29.792705]}, "properties": {"kind": "environmental_hazard"}}, {"type": "Feature", "geometry": {"type": "Point", "coordinates": [-95.15854300000001, 29.792726000000002]}, "properties": {"kind": "environmental_hazard"}}, {"type": "Feature", "geometry": {"type": "Point", "coordinates": [-95.21214400000001, 29.799767000000003]}, "properties": {"kind": "environmental_hazard"}}, {"type": "Feature", "geometry": {"type": "Point", "coordinates": [-95.2490197, 29.669272600000003]}, "properties": {"kind": "environmental_hazard"}}, {"type": "Feature", "geometry": {"type": "Point", "coordinates": [-95.2479254, 29.665823300000003]}, "properties": {"kind": "environmental_hazard"}}, {"type": "Feature", "geometry": {"type": "Point", "coordinates": [-95.1545584, 29.6539593]}, "properties": {"kind": "tower"}}, {"type": "Feature", "geometry": {"type": "Point", "coordinates": [-95.28872820000001, 29.7498828]}, "properties": {"kind": "turning_point"}}, {"type": "Feature", "geometry": {"type": "Point", "coordinates": [-95.27697300000001, 29.7559533]}, "properties": {"kind": "tower"}}, {"type": "Feature", "geometry": {"type": "Point", "coordinates": [-95.2773968, 29.755702000000003]}, "properties": {"kind": "tower"}}, {"type": "Feature", "geometry": {"type": "Point", "coordinates": [-95.35318240000001, 29.818301100000003]}, "properties": {"kind": "tower"}}, {"type": "Feature", "geometry": {"type": "Point", "coordinates": [-95.35809540000001, 29.8194692]}, "properties": {"kind": "tower"}}, {"type": "Feature", "geometry": {"type": "Point", "coordinates": [-95.36538560000001, 29.8193924]}, "properties": {"kind": "tower"}}, {"type": "Feature", "geometry": {"type": "Point", "coordinates": [-95.3770097, 29.81924]}, "properties": {"kind": "tower"}}, {"type": "Feature", "geometry": {"type": "Point", "coordinates": [-95.3759569, 29.650520200000003]}, "properties": {"kind": "tower"}}, {"type": "Feature", "geometry": {"type": "Point", "coordinates": [-95.3537227, 29.829763000000003]}, "properties": {"kind": "tower"}}, {"type": "Feature", "geometry": {"type": "Point", "coordinates": [-95.31782670000001, 29.817152500000002]}, "properties": {"kind": "tower"}}, {"type": "Feature", "geometry": {"type": "Point", "coordinates": [-95.31637500000001, 29.816639400000003]}, "properties": {"kind": "tower"}}, {"type": "Feature", "geometry": {"type": "Point", "coordinates": [-95.33890120000001, 29.7265529]}, "properties": {"kind": "tower"}}, {"type": "Feature", "geometry": {"type": "Point", "coordinates": [-95.2160442, 29.706105800000003]}, "properties": {"kind": "water_tower"}}, {"type": "Feature", "geometry": {"type": "Point", "coordinates": [-95.3229905, 29.723389]}, "properties": {"kind": "tower"}}, {"type": "Feature", "geometry": {"type": "Point", "coordinates": [-95.3579299, 29.7036738]}, "properties": {"kind": "tower"}}, {"type": "Feature", "geometry": {"type": "Point", "coordinates": [-95.15103350000001, 29.7114061]}, "properties": {"kind": "flagpole"}}, {"type": "Feature", "geometry": {"type": "Point", "coordinates": [-95.272079, 29.724007800000003]}, "properties": {"kind": "crane"}}, {"type": "Feature", "geometry": {"type": "Point", "coordinates": [-95.2726878, 29.724144600000002]}, "properties": {"kind": "crane"}}, {"type": "Feature", "geometry": {"type": "Point", "coordinates": [-95.27735150000001, 29.726511700000003]}, "properties": {"kind": "crane"}}, {"type": "Feature", "geometry": {"type": "Point", "coordinates": [-95.2550697, 29.721504300000003]}, "properties": {"kind": "chimney"}}, {"type": "Feature", "geometry": {"type": "Point", "coordinates": [-95.25777470000001, 29.7252976]}, "properties": {"kind": "chimney"}}, {"type": "Feature", "geometry": {"type": "Point", "coordinates": [-95.25827360000001, 29.7252766]}, "properties": {"kind": "chimney"}}, {"type": "Feature", "geometry": {"type": "Point", "coordinates": [-95.2589066, 29.723237400000002]}, "properties": {"kind": "chimney"}}, {"type": "Feature", "geometry": {"type": "Point", "coordinates": [-95.31871600000001, 29.745654400000003]}, "properties": {"kind": "flagpole"}}, {"type": "Feature", "geometry": {"type": "Point", "coordinates": [-95.36361400000001, 29.747926800000002]}, "properties": {"kind": "tower"}}, {"type": "Feature", "geometry": {"type": "Point", "coordinates": [-95.29553150000001, 29.7159289]}, "properties": {"kind": "tower"}}, {"type": "Feature", "geometry": {"type": "Point", "coordinates": [-95.15400140000001, 29.6537532]}, "properties": {"kind": "tower"}}, {"type": "Feature", "geometry": {"type": "Point", "coordinates": [-95.1542495, 29.6537812]}, "properties": {"kind": "tower"}}, {"type": "Feature", "geometry": {"type": "Point", "coordinates": [-95.33483860000001, 29.7652289]}, "properties": {"kind": "antenna"}}, {"type": "Feature", "geometry": {"type": "Point", "coordinates": [-95.30255290000001, 29.696308100000003]}, "properties": {"kind": "mast"}}, {"type": "Feature", "geometry": {"type": "Point", "coordinates": [-95.1832724, 29.762838300000002]}, "properties": {"kind": "water_tower"}}, {"type": "Feature", "geometry": {"type": "Point", "coordinates": [-95.2201313, 29.739203500000002]}, "properties": {"kind": "flare"}}, {"type": "Feature", "geometry": {"type": "Point", "coordinates": [-95.1768579, 29.721740800000003]}, "properties": {"kind": "flare"}}, {"type": "Feature", "geometry": {"type": "Point", "coordinates": [-95.1768605, 29.7228856]}, "properties": {"kind": "flare"}}, {"type": "Feature", "geometry": {"type": "Point", "coordinates": [-95.2849978, 29.746903900000003]}, "properties": {"kind": "chimney"}}, {"type": "Feature", "geometry": {"type": "Point", "coordinates": [-95.3842798, 29.845666800000004]}, "properties": {"kind": "advertising"}}, {"type": "Feature", "geometry": {"type": "Point", "coordinates": [-95.3846298, 29.8456715]}, "properties": {"kind": "advertising"}}, {"type": "Feature", "geometry": {"type": "Point", "coordinates": [-95.3837118, 29.845383]}, "properties": {"kind": "advertising"}}, {"type": "Feature", "geometry": {"type": "Point", "coordinates": [-95.3823607, 29.845691300000002]}, "properties": {"kind": "advertising"}}, {"type": "Feature", "geometry": {"type": "Point", "coordinates": [-95.3776601, 29.845736700000003]}, "properties": {"kind": "advertising"}}, {"type": "Feature", "geometry": {"type": "Point", "coordinates": [-95.3786632, 29.847872300000002]}, "properties": {"kind": "advertising"}}, {"type": "Feature", "geometry": {"type": "Point", "coordinates": [-95.3842101, 29.8371609]}, "properties": {"kind": "advertising"}}, {"type": "Feature", "geometry": {"type": "Point", "coordinates": [-95.3841876, 29.837327300000002]}, "properties": {"kind": "advertising"}}, {"type": "Feature", "geometry": {"type": "Point", "coordinates": [-95.3845158, 29.837437800000004]}, "properties": {"kind": "advertising"}}, {"type": "Feature", "geometry": {"type": "Point", "coordinates": [-95.384556, 29.841355800000002]}, "properties": {"kind": "advertising"}}, {"type": "Feature", "geometry": {"type": "Point", "coordinates": [-95.3846285, 29.844457100000003]}, "properties": {"kind": "advertising"}}, {"type": "Feature", "geometry": {"type": "Point", "coordinates": [-95.3883728, 29.833412600000003]}, "properties": {"kind": "mast"}}, {"type": "Feature", "geometry": {"type": "Point", "coordinates": [-95.3843066, 29.846555600000002]}, "properties": {"kind": "advertising"}}, {"type": "Feature", "geometry": {"type": "Point", "coordinates": [-95.3846338, 29.8464509]}, "properties": {"kind": "advertising"}}, {"type": "Feature", "geometry": {"type": "Point", "coordinates": [-95.38870510000001, 29.838485400000003]}, "properties": {"kind": "advertising"}}, {"type": "Feature", "geometry": {"type": "Point", "coordinates": [-95.3883366, 29.839672500000002]}, "properties": {"kind": "advertising"}}, {"type": "Feature", "geometry": {"type": "Point", "coordinates": [-95.37582210000001, 29.848743000000002]}, "properties": {"kind": "advertising"}}, {"type": "Feature", "geometry": {"type": "Point", "coordinates": [-95.37588450000001, 29.848742400000003]}, "properties": {"kind": "advertising"}}, {"type": "Feature", "geometry": {"type": "Point", "coordinates": [-95.37552980000001, 29.8483556]}, "properties": {"kind": "advertising"}}, {"type": "Feature", "geometry": {"type": "Point", "coordinates": [-95.37922110000001, 29.823556000000004]}, "properties": {"kind": "advertising"}}, {"type": "Feature", "geometry": {"type": "Point", "coordinates": [-95.3840706, 29.8284559]}, "properties": {"kind": "advertising"}}, {"type": "Feature", "geometry": {"type": "Point", "coordinates": [-95.3844454, 29.828771800000002]}, "properties": {"kind": "advertising"}}, {"type": "Feature", "geometry": {"type": "Point", "coordinates": [-95.37928020000001, 29.8240191]}, "properties": {"kind": "advertising"}}, {"type": "Feature", "geometry": {"type": "Point", "coordinates": [-95.37965100000001, 29.8254769]}, "properties": {"kind": "advertising"}}, {"type": "Feature", "geometry": {"type": "Point", "coordinates": [-95.3813696, 29.827969000000003]}, "properties": {"kind": "advertising"}}, {"type": "Feature", "geometry": {"type": "Point", "coordinates": [-95.3819919, 29.829167400000003]}, "properties": {"kind": "advertising"}}, {"type": "Feature", "geometry": {"type": "Point", "coordinates": [-95.3819127, 29.8291918]}, "properties": {"kind": "advertising"}}, {"type": "Feature", "geometry": {"type": "Point", "coordinates": [-95.38263690000001, 29.8283297]}, "properties": {"kind": "satellite_dish"}}, {"type": "Feature", "geometry": {"type": "Point", "coordinates": [-95.2785319, 29.659314600000002]}, "properties": {"kind": "mast"}}, {"type": "Feature", "geometry": {"type": "Point", "coordinates": [-95.27829750000001, 29.658193]}, "properties": {"kind": "mast"}}, {"type": "Feature", "geometry": {"type": "Point", "coordinates": [-95.35516170000001, 29.7679042]}, "properties": {"kind": "advertising"}}, {"type": "Feature", "geometry": {"type": "Point", "coordinates": [-95.3565384, 29.7683873]}, "properties": {"kind": "advertising"}}, {"type": "Feature", "geometry": {"type": "Point", "coordinates": [-95.3683074, 29.837513500000004]}, "properties": {"kind": "advertising"}}, {"type": "Feature", "geometry": {"type": "Point", "coordinates": [-95.350492, 29.758848500000003]}, "properties": {"kind": "advertising"}}, {"type": "Feature", "geometry": {"type": "Point", "coordinates": [-95.29050910000001, 29.716402900000002]}, "properties": {"kind": "advertising"}}, {"type": "Feature", "geometry": {"type": "Point", "coordinates": [-95.2778699, 29.708681600000002]}, "properties": {"kind": "advertising"}}, {"type": "Feature", "geometry": {"type": "Point", "coordinates": [-95.3845835, 29.8450597]}, "properties": {"kind": "advertising"}}, {"type": "Feature", "geometry": {"type": "Point", "coordinates": [-95.3856839, 29.845387700000003]}, "properties": {"kind": "advertising"}}, {"type": "Feature", "geometry": {"type": "Point", "coordinates": [-95.3842704, 29.8454063]}, "properties": {"kind": "advertising"}}, {"type": "Feature", "geometry": {"type": "Point", "coordinates": [-95.3711289, 29.7948765]}, "properties": {"kind": "advertising"}}, {"type": "Feature", "geometry": {"type": "Point", "coordinates": [-95.371137, 29.7970168]}, "properties": {"kind": "advertising"}}, {"type": "Feature", "geometry": {"type": "Point", "coordinates": [-95.37113430000001, 29.795228]}, "properties": {"kind": "advertising"}}, {"type": "Feature", "geometry": {"type": "Point", "coordinates": [-95.37104310000001, 29.7930959]}, "properties": {"kind": "advertising"}}, {"type": "Feature", "geometry": {"type": "Point", "coordinates": [-95.36285430000001, 29.780699000000002]}, "properties": {"kind": "flagpole"}}, {"type": "Feature", "geometry": {"type": "Point", "coordinates": [-95.36288780000001, 29.7807025]}, "properties": {"kind": "flagpole"}}, {"type": "Feature", "geometry": {"type": "Point", "coordinates": [-95.3761681, 29.8335976]}, "properties": {"kind": "flagpole"}}, {"type": "Feature", "geometry": {"type": "Point", "coordinates": [-95.37622010000001, 29.833599300000003]}, "properties": {"kind": "flagpole"}}, {"type": "Feature", "geometry": {"type": "Point", "coordinates": [-95.37627210000001, 29.833601100000003]}, "properties": {"kind": "flagpole"}}, {"type": "Feature", "geometry": {"type": "Point", "coordinates": [-95.3757872, 29.833070000000003]}, "properties": {"kind": "advertising"}}, {"type": "Feature", "geometry": {"type": "Point", "coordinates": [-95.3613107, 29.836791]}, "properties": {"kind": "advertising"}}, {"type": "Feature", "geometry": {"type": "Point", "coordinates": [-95.38526420000001, 29.8334499]}, "properties": {"kind": "advertising"}}, {"type": "Feature", "geometry": {"type": "Point", "coordinates": [-95.38510860000001, 29.8333894]}, "properties": {"kind": "advertising"}}, {"type": "Feature", "geometry": {"type": "Point", "coordinates": [-95.3712074, 29.8379997]}, "properties": {"kind": "flagpole"}}, {"type": "Feature", "geometry": {"type": "Point", "coordinates": [-95.31578420000001, 29.714795600000002]}, "properties": {"kind": "advertising"}}, {"type": "Feature", "geometry": {"type": "Point", "coordinates": [-95.31532290000001, 29.7144671]}, "properties": {"kind": "advertising"}}, {"type": "Feature", "geometry": {"type": "Point", "coordinates": [-95.3165996, 29.713275600000003]}, "properties": {"kind": "advertising"}}, {"type": "Feature", "geometry": {"type": "Point", "coordinates": [-95.31607790000001, 29.713959300000003]}, "properties": {"kind": "advertising"}}, {"type": "Feature", "geometry": {"type": "Point", "coordinates": [-95.31682760000001, 29.711852800000003]}, "properties": {"kind": "advertising"}}, {"type": "Feature", "geometry": {"type": "Point", "coordinates": [-95.3842463, 29.842768000000003]}, "properties": {"kind": "advertising"}}, {"type": "Feature", "geometry": {"type": "Point", "coordinates": [-95.3835234, 29.845676800000003]}, "properties": {"kind": "advertising"}}, {"type": "Feature", "geometry": {"type": "Point", "coordinates": [-95.3838573, 29.8456715]}, "properties": {"kind": "advertising"}}, {"type": "Feature", "geometry": {"type": "Point", "coordinates": [-95.3849718, 29.8453982]}, "properties": {"kind": "advertising"}}, {"type": "Feature", "geometry": {"type": "Point", "coordinates": [-95.3836424, 29.8372993]}, "properties": {"kind": "advertising"}}, {"type": "Feature", "geometry": {"type": "Point", "coordinates": [-95.37585700000001, 29.836324800000003]}, "properties": {"kind": "advertising"}}, {"type": "Feature", "geometry": {"type": "Point", "coordinates": [-95.3779873, 29.8207683]}, "properties": {"kind": "advertising"}}, {"type": "Feature", "geometry": {"type": "Point", "coordinates": [-95.37869140000001, 29.8222215]}, "properties": {"kind": "advertising"}}, {"type": "Feature", "geometry": {"type": "Point", "coordinates": [-95.38028870000001, 29.8232256]}, "properties": {"kind": "advertising"}}, {"type": "Feature", "geometry": {"type": "Point", "coordinates": [-95.37771310000001, 29.8300434]}, "properties": {"kind": "flagpole"}}, {"type": "Feature", "geometry": {"type": "Point", "coordinates": [-95.385688, 29.834082700000003]}, "properties": {"kind": "advertising"}}, {"type": "Feature", "geometry": {"type": "Point", "coordinates": [-95.38454130000001, 29.8359883]}, "properties": {"kind": "advertising"}}, {"type": "Feature", "geometry": {"type": "Point", "coordinates": [-95.3758349, 29.8374576]}, "properties": {"kind": "advertising"}}, {"type": "Feature", "geometry": {"type": "Point", "coordinates": [-95.37582010000001, 29.837852]}, "properties": {"kind": "advertising"}}, {"type": "Feature", "geometry": {"type": "Point", "coordinates": [-95.3755546, 29.836977700000002]}, "properties": {"kind": "advertising"}}, {"type": "Feature", "geometry": {"type": "Point", "coordinates": [-95.38460900000001, 29.843011800000003]}, "properties": {"kind": "advertising"}}, {"type": "Feature", "geometry": {"type": "Point", "coordinates": [-95.3795712, 29.8346027]}, "properties": {"kind": "flagpole"}}, {"type": "Feature", "geometry": {"type": "Point", "coordinates": [-95.379537, 29.8346045]}, "properties": {"kind": "flagpole"}}, {"type": "Feature", "geometry": {"type": "Point", "coordinates": [-95.3811215, 29.813505300000003]}, "properties": {"kind": "advertising"}}, {"type": "Feature", "geometry": {"type": "Point", "coordinates": [-95.3842637, 29.8451248]}, "properties": {"kind": "advertising"}}, {"type": "Feature", "geometry": {"type": "Point", "coordinates": [-95.38426290000001, 29.8459952]}, "properties": {"kind": "advertising"}}, {"type": "Feature", "geometry": {"type": "Point", "coordinates": [-95.385641, 29.8134541]}, "properties": {"kind": "advertising"}}, {"type": "Feature", "geometry": {"type": "Point", "coordinates": [-95.38795710000001, 29.806168500000002]}, "properties": {"kind": "advertising"}}, {"type": "Feature", "geometry": {"type": "Point", "coordinates": [-95.2867882, 29.7524066]}, "properties": {"kind": "advertising"}}, {"type": "Feature", "geometry": {"type": "Point", "coordinates": [-95.3405202, 29.783980800000002]}, "properties": {"kind": "advertising"}}, {"type": "Feature", "geometry": {"type": "Point", "coordinates": [-95.3610975, 29.791572400000003]}, "properties": {"kind": "advertising"}}, {"type": "Feature", "geometry": {"type": "Point", "coordinates": [-95.2308574, 29.6175575]}, "properties": {"kind": "flagpole"}}, {"type": "Feature", "geometry": {"type": "Point", "coordinates": [-95.2308648, 29.617551700000003]}, "properties": {"kind": "flagpole"}}, {"type": "Feature", "geometry": {"type": "Point", "coordinates": [-95.2308775, 29.61754]}, "properties": {"kind": "flagpole"}}, {"type": "Feature", "geometry": {"type": "Point", "coordinates": [-95.23088890000001, 29.6175342]}, "properties": {"kind": "flagpole"}}, {"type": "Feature", "geometry": {"type": "Point", "coordinates": [-95.23087450000001, 29.6175767]}, "properties": {"kind": "flagpole"}}, {"type": "Feature", "geometry": {"type": "Point", "coordinates": [-95.2309154, 29.617536500000003]}, "properties": {"kind": "flagpole"}}, {"type": "Feature", "geometry": {"type": "Point", "coordinates": [-95.2308309, 29.617609400000003]}, "properties": {"kind": "flagpole"}}, {"type": "Feature", "geometry": {"type": "Point", "coordinates": [-95.2307894, 29.617645500000002]}, "properties": {"kind": "flagpole"}}, {"type": "Feature", "geometry": {"type": "Point", "coordinates": [-95.2307464, 29.617686900000002]}, "properties": {"kind": "flagpole"}}, {"type": "Feature", "geometry": {"type": "Point", "coordinates": [-95.23070150000001, 29.617728900000003]}, "properties": {"kind": "flagpole"}}, {"type": "Feature", "geometry": {"type": "Point", "coordinates": [-95.23059620000001, 29.6178303]}, "properties": {"kind": "flagpole"}}, {"type": "Feature", "geometry": {"type": "Point", "coordinates": [-95.23065600000001, 29.617774200000003]}, "properties": {"kind": "flagpole"}}, {"type": "Feature", "geometry": {"type": "Point", "coordinates": [-95.2305494, 29.6178698]}, "properties": {"kind": "flagpole"}}, {"type": "Feature", "geometry": {"type": "Point", "coordinates": [-95.2309599, 29.617499000000002]}, "properties": {"kind": "flagpole"}}, {"type": "Feature", "geometry": {"type": "Point", "coordinates": [-95.2310028, 29.6174582]}, "properties": {"kind": "flagpole"}}, {"type": "Feature", "geometry": {"type": "Point", "coordinates": [-95.23104500000001, 29.6174168]}, "properties": {"kind": "flagpole"}}, {"type": "Feature", "geometry": {"type": "Point", "coordinates": [-95.2311327, 29.617337000000003]}, "properties": {"kind": "flagpole"}}, {"type": "Feature", "geometry": {"type": "Point", "coordinates": [-95.231193, 29.617277]}, "properties": {"kind": "flagpole"}}, {"type": "Feature", "geometry": {"type": "Point", "coordinates": [-95.2312359, 29.617239100000003]}, "properties": {"kind": "flagpole"}}, {"type": "Feature", "geometry": {"type": "Point", "coordinates": [-95.2313232, 29.653383400000003]}, "properties": {"kind": "flagpole"}}, {"type": "Feature", "geometry": {"type": "Point", "coordinates": [-95.231307, 29.6533942]}, "properties": {"kind": "flagpole"}}, {"type": "Feature", "geometry": {"type": "Point", "coordinates": [-95.2312883, 29.6534067]}, "properties": {"kind": "flagpole"}}, {"type": "Feature", "geometry": {"type": "Point", "coordinates": [-95.231143, 29.653342700000003]}, "properties": {"kind": "flagpole"}}, {"type": "Feature", "geometry": {"type": "Point", "coordinates": [-95.23091670000001, 29.653513]}, "properties": {"kind": "flagpole"}}, {"type": "Feature", "geometry": {"type": "Point", "coordinates": [-95.23084030000001, 29.653563100000003]}, "properties": {"kind": "flagpole"}}, {"type": "Feature", "geometry": {"type": "Point", "coordinates": [-95.23073570000001, 29.653629000000002]}, "properties": {"kind": "flagpole"}}, {"type": "Feature", "geometry": {"type": "Point", "coordinates": [-95.2309883, 29.653452700000003]}, "properties": {"kind": "flagpole"}}, {"type": "Feature", "geometry": {"type": "Point", "coordinates": [-95.23106630000001, 29.653395900000003]}, "properties": {"kind": "flagpole"}}, {"type": "Feature", "geometry": {"type": "Point", "coordinates": [-95.23127880000001, 29.6532477]}, "properties": {"kind": "flagpole"}}, {"type": "Feature", "geometry": {"type": "Point", "coordinates": [-95.23134080000001, 29.653197000000002]}, "properties": {"kind": "flagpole"}}, {"type": "Feature", "geometry": {"type": "Point", "coordinates": [-95.2314142, 29.6531479]}, "properties": {"kind": "flagpole"}}, {"type": "Feature", "geometry": {"type": "Point", "coordinates": [-95.23157300000001, 29.653038100000003]}, "properties": {"kind": "flagpole"}}, {"type": "Feature", "geometry": {"type": "Point", "coordinates": [-95.23149120000001, 29.6530941]}, "properties": {"kind": "flagpole"}}, {"type": "Feature", "geometry": {"type": "Point", "coordinates": [-95.23172910000001, 29.6529278]}, "properties": {"kind": "flagpole"}}, {"type": "Feature", "geometry": {"type": "Point", "coordinates": [-95.23177860000001, 29.652975700000002]}, "properties": {"kind": "flagpole"}}, {"type": "Feature", "geometry": {"type": "Point", "coordinates": [-95.23182650000001, 29.653024100000003]}, "properties": {"kind": "flagpole"}}, {"type": "Feature", "geometry": {"type": "Point", "coordinates": [-95.2318707, 29.6530698]}, "properties": {"kind": "flagpole"}}, {"type": "Feature", "geometry": {"type": "Point", "coordinates": [-95.23190890000001, 29.653115900000003]}, "properties": {"kind": "flagpole"}}, {"type": "Feature", "geometry": {"type": "Point", "coordinates": [-95.2319605, 29.653170600000003]}, "properties": {"kind": "flagpole"}}, {"type": "Feature", "geometry": {"type": "Point", "coordinates": [-95.23201080000001, 29.653227200000003]}, "properties": {"kind": "flagpole"}}, {"type": "Feature", "geometry": {"type": "Point", "coordinates": [-95.23254730000001, 29.653045300000002]}, "properties": {"kind": "water_tower"}}, {"type": "Feature", "geometry": {"type": "Point", "coordinates": [-95.23244270000001, 29.653276]}, "properties": {"kind": "water_tower"}}, {"type": "Feature", "geometry": {"type": "Point", "coordinates": [-95.23191840000001, 29.653297100000003]}, "properties": {"kind": "flagpole"}}, {"type": "Feature", "geometry": {"type": "Point", "coordinates": [-95.23184330000001, 29.653353000000003]}, "properties": {"kind": "flagpole"}}, {"type": "Feature", "geometry": {"type": "Point", "coordinates": [-95.23103950000001, 29.6539374]}, "properties": {"kind": "flagpole"}}, {"type": "Feature", "geometry": {"type": "Point", "coordinates": [-95.2309293, 29.6538189]}, "properties": {"kind": "flagpole"}}, {"type": "Feature", "geometry": {"type": "Point", "coordinates": [-95.23087650000001, 29.6537545]}, "properties": {"kind": "flagpole"}}, {"type": "Feature", "geometry": {"type": "Point", "coordinates": [-95.2309788, 29.653870700000002]}, "properties": {"kind": "flagpole"}}, {"type": "Feature", "geometry": {"type": "Point", "coordinates": [-95.2308488, 29.653715400000003]}, "properties": {"kind": "flagpole"}}, {"type": "Feature", "geometry": {"type": "Point", "coordinates": [-95.2308153, 29.653679800000003]}, "properties": {"kind": "flagpole"}}, {"type": "Feature", "geometry": {"type": "Point", "coordinates": [-95.3165755, 29.7121923]}, "properties": {"kind": "advertising"}}, {"type": "Feature", "geometry": {"type": "Point", "coordinates": [-95.38289440000001, 29.8303389]}, "properties": {"kind": "advertising"}}, {"type": "Feature", "geometry": {"type": "Point", "coordinates": [-95.27754180000001, 29.6749207]}, "properties": {"kind": "flagpole"}}, {"type": "Feature", "geometry": {"type": "Point", "coordinates": [-95.27754080000001, 29.6748933]}, "properties": {"kind": "flagpole"}}, {"type": "Feature", "geometry": {"type": "Point", "coordinates": [-95.2775398, 29.6748654]}, "properties": {"kind": "flagpole"}}, {"type": "Feature", "geometry": {"type": "Point", "coordinates": [-95.2763465, 29.675077]}, "properties": {"kind": "mast"}}, {"type": "Feature", "geometry": {"type": "Point", "coordinates": [-95.3774415, 29.742421200000003]}, "properties": {"kind": "flagpole"}}, {"type": "Feature", "geometry": {"type": "Point", "coordinates": [-95.37698280000001, 29.742145200000003]}, "properties": {"kind": "flagpole"}}, {"type": "Feature", "geometry": {"type": "Point", "coordinates": [-95.375861, 29.830557700000004]}, "properties": {"kind": "tower"}}, {"type": "Feature", "geometry": {"type": "Point", "coordinates": [-95.3821796, 29.8127327]}, "properties": {"kind": "advertising"}}, {"type": "Feature", "geometry": {"type": "Point", "coordinates": [-95.38225200000001, 29.8130829]}, "properties": {"kind": "advertising"}}, {"type": "Feature", "geometry": {"type": "Point", "coordinates": [-95.3822748, 29.8133005]}, "properties": {"kind": "advertising"}}, {"type": "Feature", "geometry": {"type": "Point", "coordinates": [-95.3826021, 29.8155858]}, "properties": {"kind": "advertising"}}, {"type": "Feature", "geometry": {"type": "Point", "coordinates": [-95.36525490000001, 29.814888200000002]}, "properties": {"kind": "tower"}}, {"type": "Feature", "geometry": {"type": "Point", "coordinates": [-95.3717592, 29.802941500000003]}, "properties": {"kind": "advertising"}}, {"type": "Feature", "geometry": {"type": "Point", "coordinates": [-95.37639010000001, 29.828466400000003]}, "properties": {"kind": "advertising"}}, {"type": "Feature", "geometry": {"type": "Point", "coordinates": [-95.3781483, 29.828615900000003]}, "properties": {"kind": "advertising"}}, {"type": "Feature", "geometry": {"type": "Point", "coordinates": [-95.3785412, 29.828675200000003]}, "properties": {"kind": "advertising"}}, {"type": "Feature", "geometry": {"type": "Point", "coordinates": [-95.37865790000001, 29.828650200000002]}, "properties": {"kind": "advertising"}}, {"type": "Feature", "geometry": {"type": "Point", "coordinates": [-95.37938070000001, 29.828732300000002]}, "properties": {"kind": "advertising"}}, {"type": "Feature", "geometry": {"type": "Point", "coordinates": [-95.3342003, 29.728016800000002]}, "properties": {"kind": "advertising"}}, {"type": "Feature", "geometry": {"type": "Point", "coordinates": [-95.3855431, 29.7421857]}, "properties": {"kind": "flagpole"}}, {"type": "Feature", "geometry": {"type": "Point", "coordinates": [-95.25468350000001, 29.6948839]}, "properties": {"kind": "tower"}}, {"type": "Feature", "geometry": {"type": "Point", "coordinates": [-95.2554855, 29.694635100000003]}, "properties": {"kind": "tower"}}, {"type": "Feature", "geometry": {"type": "Point", "coordinates": [-95.2549336, 29.696124800000003]}, "properties": {"kind": "tower"}}, {"type": "Feature", "geometry": {"type": "Point", "coordinates": [-95.2549034, 29.695823200000003]}, "properties": {"kind": "tower"}}, {"type": "Feature", "geometry": {"type": "Point", "coordinates": [-95.2547426, 29.695826200000003]}, "properties": {"kind": "tower"}}, {"type": "Feature", "geometry": {"type": "Point", "coordinates": [-95.25440180000001, 29.6958325]}, "properties": {"kind": "tower"}}, {"type": "Feature", "geometry": {"type": "Point", "coordinates": [-95.2543856, 29.696135400000003]}, "properties": {"kind": "tower"}}, {"type": "Feature", "geometry": {"type": "Point", "coordinates": [-95.25464810000001, 29.6961304]}, "properties": {"kind": "tower"}}, {"type": "Feature", "geometry": {"type": "Point", "coordinates": [-95.25491480000001, 29.696383500000003]}, "properties": {"kind": "tower"}}, {"type": "Feature", "geometry": {"type": "Point", "coordinates": [-95.2547627, 29.696385600000003]}, "properties": {"kind": "tower"}}, {"type": "Feature", "geometry": {"type": "Point", "coordinates": [-95.2545233, 29.6964171]}, "properties": {"kind": "tower"}}, {"type": "Feature", "geometry": {"type": "Point", "coordinates": [-95.25433740000001, 29.6964213]}, "properties": {"kind": "tower"}}, {"type": "Feature", "geometry": {"type": "Point", "coordinates": [-95.2692356, 29.719838900000003]}, "properties": {"kind": "water_tower"}}, {"type": "Feature", "geometry": {"type": "Point", "coordinates": [-95.2569557, 29.729166000000003]}, "properties": {"kind": "tower"}}, {"type": "Feature", "geometry": {"type": "Point", "coordinates": [-95.37163050000001, 29.845823900000003]}, "properties": {"kind": "advertising"}}, {"type": "Feature", "geometry": {"type": "Point", "coordinates": [-95.375462, 29.8483237]}, "properties": {"kind": "flagpole"}}, {"type": "Feature", "geometry": {"type": "Point", "coordinates": [-95.28413, 29.767379000000002]}, "properties": {"kind": "surveillance"}}, {"type": "Feature", "geometry": {"type": "Point", "coordinates": [-95.3327639, 29.849029700000003]}, "properties": {"kind": "advertising"}}, {"type": "Feature", "geometry": {"type": "Point", "coordinates": [-95.33283100000001, 29.8493019]}, "properties": {"kind": "advertising"}}, {"type": "Feature", "geometry": {"type": "Point", "coordinates": [-95.23281820000001, 29.719085300000003]}, "properties": {"kind": "chimney"}}, {"type": "Feature", "geometry": {"type": "Point", "coordinates": [-95.2322925, 29.719092500000002]}, "properties": {"kind": "chimney"}}, {"type": "Feature", "geometry": {"type": "Point", "coordinates": [-95.2318829, 29.719099600000003]}, "properties": {"kind": "chimney"}}, {"type": "Feature", "geometry": {"type": "Point", "coordinates": [-95.23326490000001, 29.717926000000002]}, "properties": {"kind": "chimney"}}, {"type": "Feature", "geometry": {"type": "Point", "coordinates": [-95.2328938, 29.717927300000003]}, "properties": {"kind": "chimney"}}, {"type": "Feature", "geometry": {"type": "Point", "coordinates": [-95.24027670000001, 29.808893200000004]}, "properties": {"kind": "mast"}}, {"type": "Feature", "geometry": {"type": "Point", "coordinates": [-95.24034440000001, 29.8089404]}, "properties": {"kind": "flagpole"}}, {"type": "Feature", "geometry": {"type": "Point", "coordinates": [-95.1769994, 29.724540200000003]}, "properties": {"kind": "chimney"}}, {"type": "Feature", "geometry": {"type": "Point", "coordinates": [-95.1770003, 29.725331800000003]}, "properties": {"kind": "chimney"}}, {"type": "Feature", "geometry": {"type": "Point", "coordinates": [-95.1772624, 29.725950200000003]}, "properties": {"kind": "chimney"}}, {"type": "Feature", "geometry": {"type": "Point", "coordinates": [-95.17702, 29.726453600000003]}, "properties": {"kind": "chimney"}}, {"type": "Feature", "geometry": {"type": "Point", "coordinates": [-95.3620777, 29.750749000000003]}, "properties": {"kind": "advertising"}}, {"type": "Feature", "geometry": {"type": "Point", "coordinates": [-95.38426480000001, 29.8460469]}, "properties": {"kind": "advertising"}}, {"type": "Feature", "geometry": {"type": "Point", "coordinates": [-95.38426390000001, 29.8460211]}, "properties": {"kind": "advertising"}}, {"type": "Feature", "geometry": {"type": "Point", "coordinates": [-95.2194113, 29.8218938]}, "properties": {"kind": "chimney"}}, {"type": "Feature", "geometry": {"type": "Point", "coordinates": [-95.2225442, 29.8186223]}, "properties": {"kind": "chimney"}}, {"type": "Feature", "geometry": {"type": "Point", "coordinates": [-95.2225475, 29.818759300000004]}, "properties": {"kind": "chimney"}}, {"type": "Feature", "geometry": {"type": "Point", "coordinates": [-95.2225526, 29.819077900000003]}, "properties": {"kind": "chimney"}}, {"type": "Feature", "geometry": {"type": "Point", "coordinates": [-95.2225571, 29.819215900000003]}, "properties": {"kind": "chimney"}}, {"type": "Feature", "geometry": {"type": "Point", "coordinates": [-95.2225671, 29.819532000000002]}, "properties": {"kind": "chimney"}}, {"type": "Feature", "geometry": {"type": "Point", "coordinates": [-95.2225681, 29.819667000000003]}, "properties": {"kind": "chimney"}}, {"type": "Feature", "geometry": {"type": "Point", "coordinates": [-95.3841323, 29.832134600000003]}, "properties": {"kind": "advertising"}}, {"type": "Feature", "geometry": {"type": "Point", "coordinates": [-95.35683540000001, 29.799409500000003]}, "properties": {"kind": "mast"}}, {"type": "Feature", "geometry": {"type": "Point", "coordinates": [-95.1873692, 29.794572400000003]}, "properties": {"kind": "mast"}}, {"type": "Feature", "geometry": {"type": "Point", "coordinates": [-95.18617180000001, 29.793576400000003]}, "properties": {"kind": "flagpole"}}, {"type": "Feature", "geometry": {"type": "Point", "coordinates": [-95.18615600000001, 29.793593400000002]}, "properties": {"kind": "flagpole"}}, {"type": "Feature", "geometry": {"type": "Point", "coordinates": [-95.30368220000001, 29.6956923]}, "properties": {"kind": "flagpole"}}, {"type": "Feature", "geometry": {"type": "Point", "coordinates": [-95.3035955, 29.6956823]}, "properties": {"kind": "flagpole"}}, {"type": "Feature", "geometry": {"type": "Point", "coordinates": [-95.3035181, 29.6956719]}, "properties": {"kind": "flagpole"}}, {"type": "Feature", "geometry": {"type": "Point", "coordinates": [-95.30342610000001, 29.6956589]}, "properties": {"kind": "flagpole"}}, {"type": "Feature", "geometry": {"type": "Point", "coordinates": [-95.3032668, 29.69564]}, "properties": {"kind": "flagpole"}}, {"type": "Feature", "geometry": {"type": "Point", "coordinates": [-95.3031438, 29.695623500000004]}, "properties": {"kind": "flagpole"}}, {"type": "Feature", "geometry": {"type": "Point", "coordinates": [-95.3030191, 29.695608500000002]}, "properties": {"kind": "flagpole"}}, {"type": "Feature", "geometry": {"type": "Point", "coordinates": [-95.3010907, 29.6952685]}, "properties": {"kind": "mast"}}, {"type": "Feature", "geometry": {"type": "Point", "coordinates": [-95.3023891, 29.6966022]}, "properties": {"kind": "mast"}}, {"type": "Feature", "geometry": {"type": "Point", "coordinates": [-95.28907910000001, 29.6958291]}, "properties": {"kind": "mast"}}, {"type": "Feature", "geometry": {"type": "Point", "coordinates": [-95.28892350000001, 29.6953499]}, "properties": {"kind": "flagpole"}}, {"type": "Feature", "geometry": {"type": "Point", "coordinates": [-95.2887108, 29.6956202]}, "properties": {"kind": "surveillance"}}, {"type": "Feature", "geometry": {"type": "Point", "coordinates": [-95.3092422, 29.706694600000002]}, "properties": {"kind": "mast"}}, {"type": "Feature", "geometry": {"type": "Point", "coordinates": [-95.309752, 29.706158000000002]}, "properties": {"kind": "flagpole"}}, {"type": "Feature", "geometry": {"type": "Point", "coordinates": [-95.3097817, 29.7062008]}, "properties": {"kind": "flagpole"}}, {"type": "Feature", "geometry": {"type": "Point", "coordinates": [-95.30976700000001, 29.7061774]}, "properties": {"kind": "flagpole"}}, {"type": "Feature", "geometry": {"type": "Point", "coordinates": [-95.3097994, 29.7062269]}, "properties": {"kind": "flagpole"}}, {"type": "Feature", "geometry": {"type": "Point", "coordinates": [-95.30981480000001, 29.7062506]}, "properties": {"kind": "flagpole"}}, {"type": "Feature", "geometry": {"type": "Point", "coordinates": [-95.3098988, 29.7060573]}, "properties": {"kind": "flagpole"}}, {"type": "Feature", "geometry": {"type": "Point", "coordinates": [-95.23668860000001, 29.745762000000003]}, "properties": {"kind": "water_tower"}}, {"type": "Feature", "geometry": {"type": "Point", "coordinates": [-95.23671350000001, 29.7396154]}, "properties": {"kind": "flagpole"}}, {"type": "Feature", "geometry": {"type": "Point", "coordinates": [-95.23671390000001, 29.7395892]}, "properties": {"kind": "flagpole"}}, {"type": "Feature", "geometry": {"type": "Point", "coordinates": [-95.23671390000001, 29.739559200000002]}, "properties": {"kind": "flagpole"}}, {"type": "Feature", "geometry": {"type": "Point", "coordinates": [-95.2840723, 29.767446800000002]}, "properties": {"kind": "flagpole"}}, {"type": "Feature", "geometry": {"type": "Point", "coordinates": [-95.2840726, 29.767463300000003]}, "properties": {"kind": "flagpole"}}, {"type": "Feature", "geometry": {"type": "Point", "coordinates": [-95.28407290000001, 29.767478]}, "properties": {"kind": "flagpole"}}, {"type": "Feature", "geometry": {"type": "Point", "coordinates": [-95.2841393, 29.768319400000003]}, "properties": {"kind": "flagpole"}}, {"type": "Feature", "geometry": {"type": "Point", "coordinates": [-95.284165, 29.768322100000002]}, "properties": {"kind": "surveillance"}}, {"type": "Feature", "geometry": {"type": "Point", "coordinates": [-95.28417160000001, 29.768316900000002]}, "properties": {"kind": "surveillance"}}, {"type": "Feature", "geometry": {"type": "Point", "coordinates": [-95.34036950000001, 29.787512200000002]}, "properties": {"kind": "mast"}}, {"type": "Feature", "geometry": {"type": "Point", "coordinates": [-95.23646620000001, 29.615346900000002]}, "properties": {"kind": "mast"}}, {"type": "Feature", "geometry": {"type": "Point", "coordinates": [-95.2371083, 29.615313500000003]}, "properties": {"kind": "mast"}}, {"type": "Feature", "geometry": {"type": "Point", "coordinates": [-95.2356221, 29.6153896]}, "properties": {"kind": "mast"}}, {"type": "Feature", "geometry": {"type": "Point", "coordinates": [-95.23643700000001, 29.614917600000002]}, "properties": {"kind": "mast"}}, {"type": "Feature", "geometry": {"type": "Point", "coordinates": [-95.23708260000001, 29.6146466]}, "properties": {"kind": "mast"}}, {"type": "Feature", "geometry": {"type": "Point", "coordinates": [-95.23640080000001, 29.614495400000003]}, "properties": {"kind": "mast"}}, {"type": "Feature", "geometry": {"type": "Point", "coordinates": [-95.2355567, 29.6145248]}, "properties": {"kind": "mast"}}, {"type": "Feature", "geometry": {"type": "Point", "coordinates": [-95.3643268, 29.7734576]}, "properties": {"kind": "mast"}}, {"type": "Feature", "geometry": {"type": "Point", "coordinates": [-95.3543054, 29.759403400000004]}, "properties": {"kind": "mast"}}, {"type": "Feature", "geometry": {"type": "Point", "coordinates": [-95.2141376, 29.7481298]}, "properties": {"kind": "mast"}}, {"type": "Feature", "geometry": {"type": "Point", "coordinates": [-95.2924632, 29.7487904]}, "properties": {"kind": "utility_pole"}}, {"type": "Feature", "geometry": {"type": "Point", "coordinates": [-95.292372, 29.74884]}, "properties": {"kind": "utility_pole"}}, {"type": "Feature", "geometry": {"type": "Point", "coordinates": [-95.2922886, 29.748798400000002]}, "properties": {"kind": "utility_pole"}}, {"type": "Feature", "geometry": {"type": "Point", "coordinates": [-95.2922855, 29.748711200000002]}, "properties": {"kind": "utility_pole"}}, {"type": "Feature", "geometry": {"type": "Point", "coordinates": [-95.2923782, 29.7486643]}, "properties": {"kind": "utility_pole"}}, {"type": "Feature", "geometry": {"type": "Point", "coordinates": [-95.2924601, 29.748697800000002]}, "properties": {"kind": "utility_pole"}}, {"type": "Feature", "geometry": {"type": "Point", "coordinates": [-95.3677449, 29.759031500000003]}, "properties": {"kind": "antenna"}}, {"type": "Feature", "geometry": {"type": "Point", "coordinates": [-95.21796470000001, 29.787247400000002]}, "properties": {"kind": "mast"}}, {"type": "Feature", "geometry": {"type": "Point", "coordinates": [-95.38293870000001, 29.779207800000002]}, "properties": {"kind": "mast"}}, {"type": "Feature", "geometry": {"type": "Point", "coordinates": [-95.38255000000001, 29.779268400000003]}, "properties": {"kind": "mast"}}, {"type": "Feature", "geometry": {"type": "Point", "coordinates": [-95.38251720000001, 29.7799273]}, "properties": {"kind": "mast"}}, {"type": "Feature", "geometry": {"type": "Point", "coordinates": [-95.3850901, 29.780549200000003]}, "properties": {"kind": "mast"}}, {"type": "Feature", "geometry": {"type": "Point", "coordinates": [-95.38459490000001, 29.7805804]}, "properties": {"kind": "mast"}}, {"type": "Feature", "geometry": {"type": "Point", "coordinates": [-95.38477180000001, 29.780548500000002]}, "properties": {"kind": "mast"}}, {"type": "Feature", "geometry": {"type": "Point", "coordinates": [-95.3843906, 29.779881600000003]}, "properties": {"kind": "mast"}}, {"type": "Feature", "geometry": {"type": "Point", "coordinates": [-95.38430600000001, 29.780320000000003]}, "properties": {"kind": "mast"}}, {"type": "Feature", "geometry": {"type": "Point", "coordinates": [-95.3852289, 29.7798924]}, "properties": {"kind": "mast"}}, {"type": "Feature", "geometry": {"type": "Point", "coordinates": [-95.3850141, 29.779669600000002]}, "properties": {"kind": "mast"}}, {"type": "Feature", "geometry": {"type": "Point", "coordinates": [-95.38307230000001, 29.7801174]}, "properties": {"kind": "mast"}}, {"type": "Feature", "geometry": {"type": "Point", "coordinates": [-95.38344190000001, 29.779480000000003]}, "properties": {"kind": "mast"}}, {"type": "Feature", "geometry": {"type": "Point", "coordinates": [-95.3845833, 29.7792855]}, "properties": {"kind": "mast"}}, {"type": "Feature", "geometry": {"type": "Point", "coordinates": [-95.3843585, 29.779291800000003]}, "properties": {"kind": "mast"}}, {"type": "Feature", "geometry": {"type": "Point", "coordinates": [-95.38457140000001, 29.778987500000003]}, "properties": {"kind": "mast"}}, {"type": "Feature", "geometry": {"type": "Point", "coordinates": [-95.38434760000001, 29.778995100000003]}, "properties": {"kind": "mast"}}, {"type": "Feature", "geometry": {"type": "Point", "coordinates": [-95.37292690000001, 29.667438100000002]}, "properties": {"kind": "mast"}}, {"type": "Feature", "geometry": {"type": "Point", "coordinates": [-95.3725241, 29.6674572]}, "properties": {"kind": "mast"}}, {"type": "Feature", "geometry": {"type": "Point", "coordinates": [-95.371583, 29.667462500000003]}, "properties": {"kind": "mast"}}, {"type": "Feature", "geometry": {"type": "Point", "coordinates": [-95.3719957, 29.6674532]}, "properties": {"kind": "mast"}}, {"type": "Feature", "geometry": {"type": "Point", "coordinates": [-95.3722377, 29.666852400000003]}, "properties": {"kind": "mast"}}, {"type": "Feature", "geometry": {"type": "Point", "coordinates": [-95.3726195, 29.666509800000004]}, "properties": {"kind": "mast"}}, {"type": "Feature", "geometry": {"type": "Point", "coordinates": [-95.3729218, 29.6666232]}, "properties": {"kind": "mast"}}, {"type": "Feature", "geometry": {"type": "Point", "coordinates": [-95.37332350000001, 29.667109300000003]}, "properties": {"kind": "mast"}}, {"type": "Feature", "geometry": {"type": "Point", "coordinates": [-95.3731827, 29.6668421]}, "properties": {"kind": "mast"}}, {"type": "Feature", "geometry": {"type": "Point", "coordinates": [-95.37174490000001, 29.666460500000003]}, "properties": {"kind": "mast"}}, {"type": "Feature", "geometry": {"type": "Point", "coordinates": [-95.37152660000001, 29.6666524]}, "properties": {"kind": "mast"}}, {"type": "Feature", "geometry": {"type": "Point", "coordinates": [-95.37131210000001, 29.666843200000002]}, "properties": {"kind": "mast"}}, {"type": "Feature", "geometry": {"type": "Point", "coordinates": [-95.37109380000001, 29.6670543]}, "properties": {"kind": "mast"}}, {"type": "Feature", "geometry": {"type": "Point", "coordinates": [-95.3729505, 29.6688438]}, "properties": {"kind": "mast"}}, {"type": "Feature", "geometry": {"type": "Point", "coordinates": [-95.3733146, 29.668839700000003]}, "properties": {"kind": "mast"}}, {"type": "Feature", "geometry": {"type": "Point", "coordinates": [-95.3733093, 29.668631700000002]}, "properties": {"kind": "mast"}}, {"type": "Feature", "geometry": {"type": "Point", "coordinates": [-95.37294320000001, 29.668643900000003]}, "properties": {"kind": "mast"}}, {"type": "Feature", "geometry": {"type": "Point", "coordinates": [-95.3722705, 29.667701100000002]}, "properties": {"kind": "mast"}}, {"type": "Feature", "geometry": {"type": "Point", "coordinates": [-95.3726597, 29.668383900000002]}, "properties": {"kind": "mast"}}, {"type": "Feature", "geometry": {"type": "Point", "coordinates": [-95.37296470000001, 29.668275100000002]}, "properties": {"kind": "mast"}}, {"type": "Feature", "geometry": {"type": "Point", "coordinates": [-95.3732128, 29.6680393]}, "properties": {"kind": "mast"}}, {"type": "Feature", "geometry": {"type": "Point", "coordinates": [-95.37334030000001, 29.6677794]}, "properties": {"kind": "mast"}}, {"type": "Feature", "geometry": {"type": "Point", "coordinates": [-95.31688980000001, 29.823543100000002]}, "properties": {"kind": "mast"}}, {"type": "Feature", "geometry": {"type": "Point", "coordinates": [-95.31687980000001, 29.823336200000004]}, "properties": {"kind": "mast"}}, {"type": "Feature", "geometry": {"type": "Point", "coordinates": [-95.31723620000001, 29.823228800000003]}, "properties": {"kind": "mast"}}, {"type": "Feature", "geometry": {"type": "Point", "coordinates": [-95.3170044, 29.823223000000002]}, "properties": {"kind": "mast"}}, {"type": "Feature", "geometry": {"type": "Point", "coordinates": [-95.3172335, 29.8230143]}, "properties": {"kind": "mast"}}, {"type": "Feature", "geometry": {"type": "Point", "coordinates": [-95.31783010000001, 29.8234609]}, "properties": {"kind": "mast"}}, {"type": "Feature", "geometry": {"type": "Point", "coordinates": [-95.2355905, 29.6150032]}, "properties": {"kind": "mast"}}, {"type": "Feature", "geometry": {"type": "Point", "coordinates": [-95.237792, 29.6145764]}, "properties": {"kind": "mast"}}, {"type": "Feature", "geometry": {"type": "Point", "coordinates": [-95.2381335, 29.614782700000003]}, "properties": {"kind": "mast"}}, {"type": "Feature", "geometry": {"type": "Point", "coordinates": [-95.249278, 29.613321900000003]}, "properties": {"kind": "mast"}}, {"type": "Feature", "geometry": {"type": "Point", "coordinates": [-95.2492886, 29.6126837]}, "properties": {"kind": "mast"}}, {"type": "Feature", "geometry": {"type": "Point", "coordinates": [-95.2484627, 29.612659100000002]}, "properties": {"kind": "mast"}}, {"type": "Feature", "geometry": {"type": "Point", "coordinates": [-95.2484398, 29.6133081]}, "properties": {"kind": "mast"}}, {"type": "Feature", "geometry": {"type": "Point", "coordinates": [-95.2485563, 29.614988]}, "properties": {"kind": "mast"}}, {"type": "Feature", "geometry": {"type": "Point", "coordinates": [-95.2485757, 29.614406600000002]}, "properties": {"kind": "mast"}}, {"type": "Feature", "geometry": {"type": "Point", "coordinates": [-95.2493027, 29.6144281]}, "properties": {"kind": "mast"}}, {"type": "Feature", "geometry": {"type": "Point", "coordinates": [-95.2492727, 29.6149957]}, "properties": {"kind": "mast"}}, {"type": "Feature", "geometry": {"type": "Point", "coordinates": [-95.30986820000001, 29.6727546]}, "properties": {"kind": "mast"}}, {"type": "Feature", "geometry": {"type": "Point", "coordinates": [-95.3090049, 29.672868400000002]}, "properties": {"kind": "mast"}}, {"type": "Feature", "geometry": {"type": "Point", "coordinates": [-95.30990510000001, 29.6729729]}, "properties": {"kind": "mast"}}, {"type": "Feature", "geometry": {"type": "Point", "coordinates": [-95.30967120000001, 29.6726679]}, "properties": {"kind": "mast"}}, {"type": "Feature", "geometry": {"type": "Point", "coordinates": [-95.3089566, 29.672576600000003]}, "properties": {"kind": "mast"}}, {"type": "Feature", "geometry": {"type": "Point", "coordinates": [-95.33819460000001, 29.7794406]}, "properties": {"kind": "mast"}}, {"type": "Feature", "geometry": {"type": "Point", "coordinates": [-95.26004730000001, 29.7437414]}, "properties": {"kind": "mast"}}, {"type": "Feature", "geometry": {"type": "Point", "coordinates": [-95.2605942, 29.744047700000003]}, "properties": {"kind": "mast"}}, {"type": "Feature", "geometry": {"type": "Point", "coordinates": [-95.26043630000001, 29.7445653]}, "properties": {"kind": "mast"}}, {"type": "Feature", "geometry": {"type": "Point", "coordinates": [-95.2601037, 29.744524100000003]}, "properties": {"kind": "mast"}}, {"type": "Feature", "geometry": {"type": "Point", "coordinates": [-95.2597817, 29.744358700000003]}, "properties": {"kind": "mast"}}, {"type": "Feature", "geometry": {"type": "Point", "coordinates": [-95.2595816, 29.7441315]}, "properties": {"kind": "mast"}}, {"type": "Feature", "geometry": {"type": "Point", "coordinates": [-95.2603862, 29.7436435]}, "properties": {"kind": "mast"}}, {"type": "Feature", "geometry": {"type": "Point", "coordinates": [-95.26049800000001, 29.7436997]}, "properties": {"kind": "mast"}}, {"type": "Feature", "geometry": {"type": "Point", "coordinates": [-95.3305145, 29.841519]}, "properties": {"kind": "mast"}}, {"type": "Feature", "geometry": {"type": "Point", "coordinates": [-95.3334889, 29.7301749]}, "properties": {"kind": "mast"}}, {"type": "Feature", "geometry": {"type": "Point", "coordinates": [-95.3331622, 29.730314200000002]}, "properties": {"kind": "mast"}}, {"type": "Feature", "geometry": {"type": "Point", "coordinates": [-95.33282960000001, 29.7303348]}, "properties": {"kind": "mast"}}, {"type": "Feature", "geometry": {"type": "Point", "coordinates": [-95.33370570000001, 29.729972900000003]}, "properties": {"kind": "mast"}}, {"type": "Feature", "geometry": {"type": "Point", "coordinates": [-95.3334394, 29.729589500000003]}, "properties": {"kind": "mast"}}, {"type": "Feature", "geometry": {"type": "Point", "coordinates": [-95.3330464, 29.729446000000003]}, "properties": {"kind": "mast"}}, {"type": "Feature", "geometry": {"type": "Point", "coordinates": [-95.3326732, 29.729898100000003]}, "properties": {"kind": "mast"}}, {"type": "Feature", "geometry": {"type": "Point", "coordinates": [-95.3327831, 29.729544800000003]}, "properties": {"kind": "mast"}}, {"type": "Feature", "geometry": {"type": "Point", "coordinates": [-95.33230490000001, 29.728726400000003]}, "properties": {"kind": "mast"}}, {"type": "Feature", "geometry": {"type": "Point", "coordinates": [-95.33257520000001, 29.728613000000003]}, "properties": {"kind": "mast"}}, {"type": "Feature", "geometry": {"type": "Point", "coordinates": [-95.3329118, 29.728623300000002]}, "properties": {"kind": "mast"}}, {"type": "Feature", "geometry": {"type": "Point", "coordinates": [-95.33235540000001, 29.7292388]}, "properties": {"kind": "mast"}}, {"type": "Feature", "geometry": {"type": "Point", "coordinates": [-95.3320668, 29.7289765]}, "properties": {"kind": "mast"}}, {"type": "Feature", "geometry": {"type": "Point", "coordinates": [-95.3329343, 29.729177200000002]}, "properties": {"kind": "mast"}}, {"type": "Feature", "geometry": {"type": "Point", "coordinates": [-95.33303310000001, 29.7289144]}, "properties": {"kind": "mast"}}, {"type": "Feature", "geometry": {"type": "Point", "coordinates": [-95.34621840000001, 29.635964100000002]}, "properties": {"kind": "mast"}}, {"type": "Feature", "geometry": {"type": "Point", "coordinates": [-95.3458677, 29.635998800000003]}, "properties": {"kind": "mast"}}, {"type": "Feature", "geometry": {"type": "Point", "coordinates": [-95.3458452, 29.635804200000003]}, "properties": {"kind": "mast"}}, {"type": "Feature", "geometry": {"type": "Point", "coordinates": [-95.34619780000001, 29.635776500000002]}, "properties": {"kind": "mast"}}, {"type": "Feature", "geometry": {"type": "Point", "coordinates": [-95.3451132, 29.636152900000003]}, "properties": {"kind": "mast"}}, {"type": "Feature", "geometry": {"type": "Point", "coordinates": [-95.32631640000001, 29.7428369]}, "properties": {"kind": "mast"}}, {"type": "Feature", "geometry": {"type": "Point", "coordinates": [-95.32637890000001, 29.7426795]}, "properties": {"kind": "mast"}}, {"type": "Feature", "geometry": {"type": "Point", "coordinates": [-95.3263168, 29.742667500000003]}, "properties": {"kind": "mast"}}, {"type": "Feature", "geometry": {"type": "Point", "coordinates": [-95.3262524, 29.7428209]}, "properties": {"kind": "mast"}}, {"type": "Feature", "geometry": {"type": "Point", "coordinates": [-95.32675420000001, 29.742788500000003]}, "properties": {"kind": "mast"}}, {"type": "Feature", "geometry": {"type": "Point", "coordinates": [-95.32668890000001, 29.7429515]}, "properties": {"kind": "mast"}}, {"type": "Feature", "geometry": {"type": "Point", "coordinates": [-95.326373, 29.742324900000003]}, "properties": {"kind": "mast"}}, {"type": "Feature", "geometry": {"type": "Point", "coordinates": [-95.3262239, 29.7418176]}, "properties": {"kind": "mast"}}, {"type": "Feature", "geometry": {"type": "Point", "coordinates": [-95.32651460000001, 29.741680600000002]}, "properties": {"kind": "mast"}}, {"type": "Feature", "geometry": {"type": "Point", "coordinates": [-95.3269314, 29.7415808]}, "properties": {"kind": "mast"}}, {"type": "Feature", "geometry": {"type": "Point", "coordinates": [-95.32725540000001, 29.7416926]}, "properties": {"kind": "mast"}}, {"type": "Feature", "geometry": {"type": "Point", "coordinates": [-95.32721000000001, 29.742250400000003]}, "properties": {"kind": "mast"}}, {"type": "Feature", "geometry": {"type": "Point", "coordinates": [-95.32701150000001, 29.7425649]}, "properties": {"kind": "mast"}}, {"type": "Feature", "geometry": {"type": "Point", "coordinates": [-95.3322749, 29.668302500000003]}, "properties": {"kind": "mast"}}, {"type": "Feature", "geometry": {"type": "Point", "coordinates": [-95.3319362, 29.668283300000002]}, "properties": {"kind": "mast"}}, {"type": "Feature", "geometry": {"type": "Point", "coordinates": [-95.3316647, 29.6678697]}, "properties": {"kind": "mast"}}, {"type": "Feature", "geometry": {"type": "Point", "coordinates": [-95.33199880000001, 29.6675535]}, "properties": {"kind": "mast"}}, {"type": "Feature", "geometry": {"type": "Point", "coordinates": [-95.33248010000001, 29.6677742]}, "properties": {"kind": "mast"}}, {"type": "Feature", "geometry": {"type": "Point", "coordinates": [-95.33254570000001, 29.668073200000002]}, "properties": {"kind": "mast"}}, {"type": "Feature", "geometry": {"type": "Point", "coordinates": [-95.32662830000001, 29.7425797]}, "properties": {"kind": "mast"}}, {"type": "Feature", "geometry": {"type": "Point", "coordinates": [-95.31810870000001, 29.7909134]}, "properties": {"kind": "mast"}}, {"type": "Feature", "geometry": {"type": "Point", "coordinates": [-95.3188179, 29.769377600000002]}, "properties": {"kind": "mast"}}, {"type": "Feature", "geometry": {"type": "Point", "coordinates": [-95.31891390000001, 29.7691987]}, "properties": {"kind": "mast"}}, {"type": "Feature", "geometry": {"type": "Point", "coordinates": [-95.3185952, 29.768990300000002]}, "properties": {"kind": "mast"}}, {"type": "Feature", "geometry": {"type": "Point", "coordinates": [-95.31834930000001, 29.7689622]}, "properties": {"kind": "mast"}}, {"type": "Feature", "geometry": {"type": "Point", "coordinates": [-95.3183266, 29.768462200000002]}, "properties": {"kind": "mast"}}, {"type": "Feature", "geometry": {"type": "Point", "coordinates": [-95.3185512, 29.7681542]}, "properties": {"kind": "mast"}}, {"type": "Feature", "geometry": {"type": "Point", "coordinates": [-95.3193317, 29.7682153]}, "properties": {"kind": "mast"}}, {"type": "Feature", "geometry": {"type": "Point", "coordinates": [-95.3189634, 29.7681055]}, "properties": {"kind": "mast"}}, {"type": "Feature", "geometry": {"type": "Point", "coordinates": [-95.3194093, 29.768794300000003]}, "properties": {"kind": "mast"}}, {"type": "Feature", "geometry": {"type": "Point", "coordinates": [-95.31801130000001, 29.769514]}, "properties": {"kind": "mast"}}, {"type": "Feature", "geometry": {"type": "Point", "coordinates": [-95.3181787, 29.7696739]}, "properties": {"kind": "mast"}}, {"type": "Feature", "geometry": {"type": "Point", "coordinates": [-95.32037960000001, 29.769315600000002]}, "properties": {"kind": "mast"}}, {"type": "Feature", "geometry": {"type": "Point", "coordinates": [-95.3203802, 29.7691486]}, "properties": {"kind": "mast"}}, {"type": "Feature", "geometry": {"type": "Point", "coordinates": [-95.32002010000001, 29.7691486]}, "properties": {"kind": "mast"}}, {"type": "Feature", "geometry": {"type": "Point", "coordinates": [-95.3200219, 29.769315100000004]}, "properties": {"kind": "mast"}}, {"type": "Feature", "geometry": {"type": "Point", "coordinates": [-95.321261, 29.791291500000003]}, "properties": {"kind": "mast"}}, {"type": "Feature", "geometry": {"type": "Point", "coordinates": [-95.3209042, 29.791291700000002]}, "properties": {"kind": "mast"}}, {"type": "Feature", "geometry": {"type": "Point", "coordinates": [-95.3205561, 29.791299700000003]}, "properties": {"kind": "mast"}}, {"type": "Feature", "geometry": {"type": "Point", "coordinates": [-95.3201988, 29.791293500000002]}, "properties": {"kind": "mast"}}, {"type": "Feature", "geometry": {"type": "Point", "coordinates": [-95.32018310000001, 29.7919082]}, "properties": {"kind": "mast"}}, {"type": "Feature", "geometry": {"type": "Point", "coordinates": [-95.3205417, 29.7919072]}, "properties": {"kind": "mast"}}, {"type": "Feature", "geometry": {"type": "Point", "coordinates": [-95.3208991, 29.791909200000003]}, "properties": {"kind": "mast"}}, {"type": "Feature", "geometry": {"type": "Point", "coordinates": [-95.3212661, 29.7919051]}, "properties": {"kind": "mast"}}, {"type": "Feature", "geometry": {"type": "Point", "coordinates": [-95.270043, 29.711640900000003]}, "properties": {"kind": "water_tap"}}, {"type": "Feature", "geometry": {"type": "Point", "coordinates": [-95.2212348, 29.641467700000003]}, "properties": {"kind": "mast"}}, {"type": "Feature", "geometry": {"type": "Point", "coordinates": [-95.22064780000001, 29.641225400000003]}, "properties": {"kind": "mast"}}, {"type": "Feature", "geometry": {"type": "Point", "coordinates": [-95.22023510000001, 29.641578000000003]}, "properties": {"kind": "mast"}}, {"type": "Feature", "geometry": {"type": "Point", "coordinates": [-95.2212616, 29.6420011]}, "properties": {"kind": "mast"}}, {"type": "Feature", "geometry": {"type": "Point", "coordinates": [-95.2210793, 29.642137]}, "properties": {"kind": "mast"}}, {"type": "Feature", "geometry": {"type": "Point", "coordinates": [-95.22049240000001, 29.642081100000002]}, "properties": {"kind": "mast"}}, {"type": "Feature", "geometry": {"type": "Point", "coordinates": [-95.2168637, 29.6405457]}, "properties": {"kind": "mast"}}, {"type": "Feature", "geometry": {"type": "Point", "coordinates": [-95.2171007, 29.6408613]}, "properties": {"kind": "mast"}}, {"type": "Feature", "geometry": {"type": "Point", "coordinates": [-95.2174064, 29.640879100000003]}, "properties": {"kind": "mast"}}, {"type": "Feature", "geometry": {"type": "Point", "coordinates": [-95.2176835, 29.640587600000003]}, "properties": {"kind": "mast"}}, {"type": "Feature", "geometry": {"type": "Point", "coordinates": [-95.21692780000001, 29.6399857]}, "properties": {"kind": "mast"}}, {"type": "Feature", "geometry": {"type": "Point", "coordinates": [-95.21770830000001, 29.640016000000003]}, "properties": {"kind": "mast"}}, {"type": "Feature", "geometry": {"type": "Point", "coordinates": [-95.22027130000001, 29.640832000000003]}, "properties": {"kind": "mast"}}, {"type": "Feature", "geometry": {"type": "Point", "coordinates": [-95.22027130000001, 29.6406272]}, "properties": {"kind": "mast"}}, {"type": "Feature", "geometry": {"type": "Point", "coordinates": [-95.21990810000001, 29.640629800000003]}, "properties": {"kind": "mast"}}, {"type": "Feature", "geometry": {"type": "Point", "coordinates": [-95.2199063, 29.6408294]}, "properties": {"kind": "mast"}}, {"type": "Feature", "geometry": {"type": "Point", "coordinates": [-95.21885800000001, 29.64072]}, "properties": {"kind": "water_tap"}}, {"type": "Feature", "geometry": {"type": "Point", "coordinates": [-95.1869293, 29.776349500000002]}, "properties": {"kind": "water_tap"}}, {"type": "Feature", "geometry": {"type": "Point", "coordinates": [-95.30805020000001, 29.775792900000003]}, "properties": {"kind": "water_tap"}}, {"type": "Feature", "geometry": {"type": "Point", "coordinates": [-95.3316874, 29.7900801]}, "properties": {"kind": "mast"}}, {"type": "Feature", "geometry": {"type": "Point", "coordinates": [-95.33216370000001, 29.7898214]}, "properties": {"kind": "mast"}}, {"type": "Feature", "geometry": {"type": "Point", "coordinates": [-95.3318124, 29.790312600000004]}, "properties": {"kind": "mast"}}, {"type": "Feature", "geometry": {"type": "Point", "coordinates": [-95.3320053, 29.7905912]}, "properties": {"kind": "mast"}}, {"type": "Feature", "geometry": {"type": "Point", "coordinates": [-95.3323086, 29.790696200000003]}, "properties": {"kind": "mast"}}, {"type": "Feature", "geometry": {"type": "Point", "coordinates": [-95.33262660000001, 29.790211300000003]}, "properties": {"kind": "mast"}}, {"type": "Feature", "geometry": {"type": "Point", "coordinates": [-95.33252080000001, 29.789815500000003]}, "properties": {"kind": "mast"}}, {"type": "Feature", "geometry": {"type": "Point", "coordinates": [-95.33264290000001, 29.789911300000004]}, "properties": {"kind": "mast"}}, {"type": "Feature", "geometry": {"type": "Point", "coordinates": [-95.3320838, 29.791144600000003]}, "properties": {"kind": "water_tap"}}, {"type": "Feature", "geometry": {"type": "Point", "coordinates": [-95.33167180000001, 29.790779500000003]}, "properties": {"kind": "mast"}}, {"type": "Feature", "geometry": {"type": "Point", "coordinates": [-95.3320607, 29.790867300000002]}, "properties": {"kind": "mast"}}, {"type": "Feature", "geometry": {"type": "Point", "coordinates": [-95.3318223, 29.790927500000002]}, "properties": {"kind": "mast"}}, {"type": "Feature", "geometry": {"type": "Point", "coordinates": [-95.3318775, 29.790610400000002]}, "properties": {"kind": "mast"}}, {"type": "Feature", "geometry": {"type": "Point", "coordinates": [-95.3313578, 29.790632600000002]}, "properties": {"kind": "flagpole"}}, {"type": "Feature", "geometry": {"type": "Point", "coordinates": [-95.30550120000001, 29.849708800000002]}, "properties": {"kind": "mast"}}, {"type": "Feature", "geometry": {"type": "Point", "coordinates": [-95.30512420000001, 29.8497556]}, "properties": {"kind": "mast"}}, {"type": "Feature", "geometry": {"type": "Point", "coordinates": [-95.2789982, 29.813513500000003]}, "properties": {"kind": "mast"}}, {"type": "Feature", "geometry": {"type": "Point", "coordinates": [-95.278917, 29.8138852]}, "properties": {"kind": "mast"}}, {"type": "Feature", "geometry": {"type": "Point", "coordinates": [-95.27859980000001, 29.814165300000003]}, "properties": {"kind": "mast"}}, {"type": "Feature", "geometry": {"type": "Point", "coordinates": [-95.27815700000001, 29.8142284]}, "properties": {"kind": "mast"}}, {"type": "Feature", "geometry": {"type": "Point", "coordinates": [-95.2781398, 29.813789800000002]}, "properties": {"kind": "mast"}}, {"type": "Feature", "geometry": {"type": "Point", "coordinates": [-95.27827590000001, 29.813464000000003]}, "properties": {"kind": "mast"}}, {"type": "Feature", "geometry": {"type": "Point", "coordinates": [-95.27850810000001, 29.8134881]}, "properties": {"kind": "mast"}}, {"type": "Feature", "geometry": {"type": "Point", "coordinates": [-95.2781298, 29.813454800000002]}, "properties": {"kind": "mast"}}, {"type": "Feature", "geometry": {"type": "Point", "coordinates": [-95.3082478, 29.660313100000003]}, "properties": {"kind": "mast"}}, {"type": "Feature", "geometry": {"type": "Point", "coordinates": [-95.168547, 29.7699257]}, "properties": {"kind": "advertising"}}, {"type": "Feature", "geometry": {"type": "Point", "coordinates": [-95.3689769, 29.762400300000003]}, "properties": {"kind": "flagpole"}}, {"type": "Feature", "geometry": {"type": "Point", "coordinates": [-95.36893710000001, 29.762386900000003]}, "properties": {"kind": "flagpole"}}, {"type": "Feature", "geometry": {"type": "Point", "coordinates": [-95.36889980000001, 29.762371700000003]}, "properties": {"kind": "flagpole"}}, {"type": "Feature", "geometry": {"type": "Point", "coordinates": [-95.3747962, 29.6828922]}, "properties": {"kind": "surveillance"}}, {"type": "Feature", "geometry": {"type": "Point", "coordinates": [-95.37713260000001, 29.6777546]}, "properties": {"kind": "surveillance"}}, {"type": "Feature", "geometry": {"type": "Point", "coordinates": [-95.3518229, 29.753850000000003]}, "properties": {"kind": "mast"}}, {"type": "Feature", "geometry": {"type": "Point", "coordinates": [-95.3516044, 29.75412]}, "properties": {"kind": "mast"}}, {"type": "Feature", "geometry": {"type": "Point", "coordinates": [-95.35138900000001, 29.754384700000003]}, "properties": {"kind": "mast"}}, {"type": "Feature", "geometry": {"type": "Point", "coordinates": [-95.35116430000001, 29.754676800000002]}, "properties": {"kind": "mast"}}, {"type": "Feature", "geometry": {"type": "Point", "coordinates": [-95.3509458, 29.754946800000003]}, "properties": {"kind": "mast"}}, {"type": "Feature", "geometry": {"type": "Point", "coordinates": [-95.389543, 29.8414402]}, "properties": {"kind": "mast"}}, {"type": "Feature", "geometry": {"type": "Point", "coordinates": [-95.3267125, 29.697057]}, "properties": {"kind": "tower"}}, {"type": "Feature", "geometry": {"type": "Point", "coordinates": [-95.1962675, 29.739945400000003]}, "properties": {"kind": "chimney"}}, {"type": "Feature", "geometry": {"type": "Point", "coordinates": [-95.19624490000001, 29.7398935]}, "properties": {"kind": "chimney"}}, {"type": "Feature", "geometry": {"type": "Point", "coordinates": [-95.196222, 29.7398367]}, "properties": {"kind": "chimney"}}, {"type": "Feature", "geometry": {"type": "Point", "coordinates": [-95.3197069, 29.7473533]}, "properties": {"kind": "advertising"}}, {"type": "Feature", "geometry": {"type": "Point", "coordinates": [-95.31971630000001, 29.747321900000003]}, "properties": {"kind": "advertising"}}, {"type": "Feature", "geometry": {"type": "Point", "coordinates": [-95.2884317, 29.777340700000003]}, "properties": {"kind": "tower"}}, {"type": "Feature", "geometry": {"type": "Point", "coordinates": [-95.28866380000001, 29.777516700000003]}, "properties": {"kind": "pumping_station"}}, {"type": "Feature", "geometry": {"type": "Point", "coordinates": [-95.3267228, 29.748689400000004]}, "properties": {"kind": "mast"}}, {"type": "Feature", "geometry": {"type": "Point", "coordinates": [-95.3561411, 29.7607706]}, "properties": {"kind": "mast"}}, {"type": "Feature", "geometry": {"type": "Point", "coordinates": [-95.33738140000001, 29.7505774]}, "properties": {"kind": "mast"}}, {"type": "Feature", "geometry": {"type": "Point", "coordinates": [-95.38885780000001, 29.8382426]}, "properties": {"kind": "mast"}}, {"type": "Feature", "geometry": {"type": "Point", "coordinates": [-95.386082, 29.829632500000002]}, "properties": {"kind": "mast"}}, {"type": "Feature", "geometry": {"type": "Point", "coordinates": [-95.3695455, 29.8054601]}, "properties": {"kind": "mast"}}, {"type": "Feature", "geometry": {"type": "Point", "coordinates": [-95.3795515, 29.811645600000002]}, "properties": {"kind": "mast"}}, {"type": "Feature", "geometry": {"type": "Point", "coordinates": [-95.37345810000001, 29.765108100000003]}, "properties": {"kind": "mast"}}, {"type": "Feature", "geometry": {"type": "Point", "coordinates": [-95.3701789, 29.7654417]}, "properties": {"kind": "tower"}}, {"type": "Feature", "geometry": {"type": "Point", "coordinates": [-95.3655004, 29.7438657]}, "properties": {"kind": "mast"}}, {"type": "Feature", "geometry": {"type": "Point", "coordinates": [-95.38563, 29.733159500000003]}, "properties": {"kind": "mast"}}, {"type": "Feature", "geometry": {"type": "Point", "coordinates": [-95.37010260000001, 29.7481197]}, "properties": {"kind": "mast"}}, {"type": "Feature", "geometry": {"type": "Point", "coordinates": [-95.37723430000001, 29.758021000000003]}, "properties": {"kind": "mast"}}, {"type": "Feature", "geometry": {"type": "Point", "coordinates": [-95.3737658, 29.7587121]}, "properties": {"kind": "mast"}}, {"type": "Feature", "geometry": {"type": "Point", "coordinates": [-95.3688558, 29.731741900000003]}, "properties": {"kind": "mast"}}, {"type": "Feature", "geometry": {"type": "Point", "coordinates": [-95.3761212, 29.749770700000003]}, "properties": {"kind": "mast"}}, {"type": "Feature", "geometry": {"type": "Point", "coordinates": [-95.20348940000001, 29.770582]}, "properties": {"kind": "mast"}}, {"type": "Feature", "geometry": {"type": "Point", "coordinates": [-95.1660803, 29.7716627]}, "properties": {"kind": "mast"}}, {"type": "Feature", "geometry": {"type": "Point", "coordinates": [-95.3244461, 29.7663541]}, "properties": {"kind": "mast"}}, {"type": "Feature", "geometry": {"type": "Point", "coordinates": [-95.32405150000001, 29.6957108]}, "properties": {"kind": "mast"}}, {"type": "Feature", "geometry": {"type": "Point", "coordinates": [-95.2669417, 29.837462400000003]}, "properties": {"kind": "tower"}}, {"type": "Feature", "geometry": {"type": "Point", "coordinates": [-95.2005982, 29.705707]}, "properties": {"kind": "mast"}}, {"type": "Feature", "geometry": {"type": "Point", "coordinates": [-95.21462360000001, 29.7094029]}, "properties": {"kind": "mast"}}, {"type": "Feature", "geometry": {"type": "Point", "coordinates": [-95.3454509, 29.7691604]}, "properties": {"kind": "mast"}}, {"type": "Feature", "geometry": {"type": "Point", "coordinates": [-95.34641280000001, 29.7691997]}, "properties": {"kind": "mast"}}, {"type": "Feature", "geometry": {"type": "Point", "coordinates": [-95.2541154, 29.708803200000002]}, "properties": {"kind": "mast"}}, {"type": "Feature", "geometry": {"type": "Point", "coordinates": [-95.3887383, 29.771798800000003]}, "properties": {"kind": "mast"}}, {"type": "Feature", "geometry": {"type": "Point", "coordinates": [-95.26700120000001, 29.7138382]}, "properties": {"kind": "mast"}}, {"type": "Feature", "geometry": {"type": "Point", "coordinates": [-95.3807744, 29.7765267]}, "properties": {"kind": "mast"}}, {"type": "Feature", "geometry": {"type": "Point", "coordinates": [-95.34198760000001, 29.767570000000003]}, "properties": {"kind": "mast"}}, {"type": "Feature", "geometry": {"type": "Point", "coordinates": [-95.19621360000001, 29.693253700000003]}, "properties": {"kind": "mast"}}, {"type": "Feature", "geometry": {"type": "Point", "coordinates": [-95.2455377, 29.701591]}, "properties": {"kind": "mast"}}, {"type": "Feature", "geometry": {"type": "Point", "coordinates": [-95.1780421, 29.6644913]}, "properties": {"kind": "mast"}}, {"type": "Feature", "geometry": {"type": "Point", "coordinates": [-95.3706904, 29.776271]}, "properties": {"kind": "mast"}}, {"type": "Feature", "geometry": {"type": "Point", "coordinates": [-95.31670580000001, 29.7735726]}, "properties": {"kind": "mast"}}, {"type": "Feature", "geometry": {"type": "Point", "coordinates": [-95.1582391, 29.683205800000003]}, "properties": {"kind": "mast"}}, {"type": "Feature", "geometry": {"type": "Point", "coordinates": [-95.17186620000001, 29.786797500000002]}, "properties": {"kind": "mast"}}, {"type": "Feature", "geometry": {"type": "Point", "coordinates": [-95.2026781, 29.7847548]}, "properties": {"kind": "mast"}}, {"type": "Feature", "geometry": {"type": "Point", "coordinates": [-95.2421623, 29.7316682]}, "properties": {"kind": "mast"}}, {"type": "Feature", "geometry": {"type": "Point", "coordinates": [-95.25489710000001, 29.833050800000002]}, "properties": {"kind": "mast"}}, {"type": "Feature", "geometry": {"type": "Point", "coordinates": [-95.22313340000001, 29.8486374]}, "properties": {"kind": "mast"}}, {"type": "Feature", "geometry": {"type": "Point", "coordinates": [-95.2018556, 29.835780300000003]}, "properties": {"kind": "mast"}}, {"type": "Feature", "geometry": {"type": "Point", "coordinates": [-95.2797268, 29.8309053]}, "properties": {"kind": "mast"}}, {"type": "Feature", "geometry": {"type": "Point", "coordinates": [-95.29083600000001, 29.828744800000003]}, "properties": {"kind": "mast"}}, {"type": "Feature", "geometry": {"type": "Point", "coordinates": [-95.29388820000001, 29.807079]}, "properties": {"kind": "wastewater_plant"}}, {"type": "Feature", "geometry": {"type": "Point", "coordinates": [-95.30347660000001, 29.7985311]}, "properties": {"kind": "mast"}}, {"type": "Feature", "geometry": {"type": "Point", "coordinates": [-95.3173364, 29.8010494]}, "properties": {"kind": "mast"}}, {"type": "Feature", "geometry": {"type": "Point", "coordinates": [-95.36597400000001, 29.846755400000003]}, "properties": {"kind": "mast"}}, {"type": "Feature", "geometry": {"type": "Point", "coordinates": [-95.2847066, 29.6238855]}, "properties": {"kind": "mast"}}, {"type": "Feature", "geometry": {"type": "Point", "coordinates": [-95.3419738, 29.6862299]}, "properties": {"kind": "mast"}}, {"type": "Feature", "geometry": {"type": "Point", "coordinates": [-95.3717811, 29.6791528]}, "properties": {"kind": "mast"}}, {"type": "Feature", "geometry": {"type": "Point", "coordinates": [-95.356414, 29.681788400000002]}, "properties": {"kind": "mast"}}, {"type": "Feature", "geometry": {"type": "Point", "coordinates": [-95.27839110000001, 29.658469800000002]}, "properties": {"kind": "mast"}}, {"type": "Feature", "geometry": {"type": "Point", "coordinates": [-95.27993880000001, 29.6568071]}, "properties": {"kind": "mast"}}, {"type": "Feature", "geometry": {"type": "Point", "coordinates": [-95.2879482, 29.667355200000003]}, "properties": {"kind": "mast"}}, {"type": "Feature", "geometry": {"type": "Point", "coordinates": [-95.3599037, 29.787881900000002]}, "properties": {"kind": "mast"}}, {"type": "Feature", "geometry": {"type": "Point", "coordinates": [-95.2947127, 29.6635497]}, "properties": {"kind": "mast"}}, {"type": "Feature", "geometry": {"type": "Point", "coordinates": [-95.29497020000001, 29.6632408]}, "properties": {"kind": "mast"}}, {"type": "Feature", "geometry": {"type": "Point", "coordinates": [-95.29538430000001, 29.6630909]}, "properties": {"kind": "mast"}}, {"type": "Feature", "geometry": {"type": "Point", "coordinates": [-95.2956312, 29.6636038]}, "properties": {"kind": "mast"}}, {"type": "Feature", "geometry": {"type": "Point", "coordinates": [-95.29524640000001, 29.663855400000003]}, "properties": {"kind": "mast"}}, {"type": "Feature", "geometry": {"type": "Point", "coordinates": [-95.2953526, 29.663836200000002]}, "properties": {"kind": "mast"}}, {"type": "Feature", "geometry": {"type": "Point", "coordinates": [-95.2955349, 29.663783100000003]}, "properties": {"kind": "mast"}}, {"type": "Feature", "geometry": {"type": "Point", "coordinates": [-95.29561810000001, 29.664004100000003]}, "properties": {"kind": "mast"}}, {"type": "Feature", "geometry": {"type": "Point", "coordinates": [-95.29966610000001, 29.717131900000002]}, "properties": {"kind": "mast"}}, {"type": "Feature", "geometry": {"type": "Point", "coordinates": [-95.34094440000001, 29.8386166]}, "properties": {"kind": "mast"}}, {"type": "Feature", "geometry": {"type": "Point", "coordinates": [-95.29618500000001, 29.662699200000002]}, "properties": {"kind": "manhole"}}, {"type": "Feature", "geometry": {"type": "Point", "coordinates": [-95.29553100000001, 29.660088400000003]}, "properties": {"kind": "manhole"}}, {"type": "Feature", "geometry": {"type": "Point", "coordinates": [-95.295454, 29.6599636]}, "properties": {"kind": "manhole"}}, {"type": "Feature", "geometry": {"type": "Point", "coordinates": [-95.2947321, 29.658597]}, "properties": {"kind": "manhole"}}, {"type": "Feature", "geometry": {"type": "Point", "coordinates": [-95.2946843, 29.658504800000003]}, "properties": {"kind": "manhole"}}, {"type": "Feature", "geometry": {"type": "Point", "coordinates": [-95.29401100000001, 29.6574975]}, "properties": {"kind": "manhole"}}, {"type": "Feature", "geometry": {"type": "Point", "coordinates": [-95.2937409, 29.657095700000003]}, "properties": {"kind": "manhole"}}, {"type": "Feature", "geometry": {"type": "Point", "coordinates": [-95.292697, 29.655562300000003]}, "properties": {"kind": "manhole"}}, {"type": "Feature", "geometry": {"type": "Point", "coordinates": [-95.2311506, 29.658441800000002]}, "properties": {"kind": "survey_point"}}, {"type": "Feature", "geometry": {"type": "Point", "coordinates": [-95.30866920000001, 29.654067500000004]}, "properties": {"kind": "manhole"}}, {"type": "Feature", "geometry": {"type": "Point", "coordinates": [-95.3082547, 29.653576100000002]}, "properties": {"kind": "survey_point"}}, {"type": "Feature", "geometry": {"type": "Point", "coordinates": [-95.2152751, 29.710425]}, "properties": {"kind": "manhole"}}, {"type": "Feature", "geometry": {"type": "Point", "coordinates": [-95.2152183, 29.710391500000004]}, "properties": {"kind": "survey_point"}}, {"type": "Feature", "geometry": {"type": "Point", "coordinates": [-95.27476990000001, 29.663726200000003]}, "properties": {"kind": "tower"}}, {"type": "Feature", "geometry": {"type": "Point", "coordinates": [-95.3249966, 29.638051800000003]}, "properties": {"kind": "mast"}}, {"type": "Feature", "geometry": {"type": "Point", "coordinates": [-95.2024938, 29.6141146]}, "properties": {"kind": "mast"}}, {"type": "Feature", "geometry": {"type": "Point", "coordinates": [-95.1900399, 29.616172900000002]}, "properties": {"kind": "mast"}}, {"type": "Feature", "geometry": {"type": "Point", "coordinates": [-95.1747622, 29.6308189]}, "properties": {"kind": "mast"}}, {"type": "Feature", "geometry": {"type": "Point", "coordinates": [-95.1796662, 29.632702100000003]}, "properties": {"kind": "mast"}}, {"type": "Feature", "geometry": {"type": "Point", "coordinates": [-95.2328847, 29.6237241]}, "properties": {"kind": "mast"}}, {"type": "Feature", "geometry": {"type": "Point", "coordinates": [-95.23562670000001, 29.611673900000003]}, "properties": {"kind": "mast"}}, {"type": "Feature", "geometry": {"type": "Point", "coordinates": [-95.2274139, 29.610214900000003]}, "properties": {"kind": "mast"}}, {"type": "Feature", "geometry": {"type": "Point", "coordinates": [-95.35330800000001, 29.748438800000002]}, "properties": {"kind": "mast"}}, {"type": "Feature", "geometry": {"type": "Point", "coordinates": [-95.1783808, 29.693182800000002]}, "properties": {"kind": "mast"}}, {"type": "Feature", "geometry": {"type": "Point", "coordinates": [-95.17423280000001, 29.697163600000003]}, "properties": {"kind": "mast"}}, {"type": "Feature", "geometry": {"type": "Point", "coordinates": [-95.2110545, 29.714644500000002]}, "properties": {"kind": "mast"}}, {"type": "Feature", "geometry": {"type": "Point", "coordinates": [-95.2277069, 29.6796708]}, "properties": {"kind": "mast"}}, {"type": "Feature", "geometry": {"type": "Point", "coordinates": [-95.2325064, 29.672983400000003]}, "properties": {"kind": "mast"}}, {"type": "Feature", "geometry": {"type": "Point", "coordinates": [-95.2590083, 29.668795000000003]}, "properties": {"kind": "mast"}}, {"type": "Feature", "geometry": {"type": "Point", "coordinates": [-95.25185010000001, 29.6781131]}, "properties": {"kind": "mast"}}, {"type": "Feature", "geometry": {"type": "Point", "coordinates": [-95.2524944, 29.6865917]}, "properties": {"kind": "mast"}}, {"type": "Feature", "geometry": {"type": "Point", "coordinates": [-95.2694874, 29.6785482]}, "properties": {"kind": "mast"}}, {"type": "Feature", "geometry": {"type": "Point", "coordinates": [-95.2704485, 29.679551300000004]}, "properties": {"kind": "mast"}}, {"type": "Feature", "geometry": {"type": "Point", "coordinates": [-95.2647038, 29.669792700000002]}, "properties": {"kind": "mast"}}, {"type": "Feature", "geometry": {"type": "Point", "coordinates": [-95.2584825, 29.647591400000003]}, "properties": {"kind": "mast"}}, {"type": "Feature", "geometry": {"type": "Point", "coordinates": [-95.30268430000001, 29.661843800000003]}, "properties": {"kind": "flagpole"}}, {"type": "Feature", "geometry": {"type": "Point", "coordinates": [-95.1926739, 29.8463126]}, "properties": {"kind": "outfall"}}, {"type": "Feature", "geometry": {"type": "Point", "coordinates": [-95.2332671, 29.8371695]}, "properties": {"kind": "monitoring_station"}}, {"type": "Feature", "geometry": {"type": "Point", "coordinates": [-95.26799070000001, 29.7932822]}, "properties": {"kind": "monitoring_station"}}, {"type": "Feature", "geometry": {"type": "Point", "coordinates": [-95.31326960000001, 29.808837500000003]}, "properties": {"kind": "monitoring_station"}}, {"type": "Feature", "geometry": {"type": "Point", "coordinates": [-95.216323, 29.6946736]}, "properties": {"kind": "monitoring_station"}}, {"type": "Feature", "geometry": {"type": "Point", "coordinates": [-95.22910110000001, 29.6566192]}, "properties": {"kind": "monitoring_station"}}, {"type": "Feature", "geometry": {"type": "Point", "coordinates": [-95.28938070000001, 29.6743969]}, "properties": {"kind": "monitoring_station"}}, {"type": "Feature", "geometry": {"type": "Point", "coordinates": [-95.3388889, 29.714166700000003]}, "properties": {"kind": "monitoring_station"}}, {"type": "Feature", "geometry": {"type": "Point", "coordinates": [-95.2910473, 29.7493948]}, "properties": {"kind": "monitoring_station"}}, {"type": "Feature", "geometry": {"type": "Point", "coordinates": [-95.35854900000001, 29.7666168]}, "properties": {"kind": "monitoring_station"}}, {"type": "Feature", "geometry": {"type": "Point", "coordinates": [-95.3680556, 29.792777800000003]}, "properties": {"kind": "monitoring_station"}}, {"type": "Feature", "geometry": {"type": "Point", "coordinates": [-95.36174240000001, 29.791244600000002]}, "properties": {"kind": "mast"}}, {"type": "Feature", "geometry": {"type": "Point", "coordinates": [-95.36129310000001, 29.790959]}, "properties": {"kind": "mast"}}, {"type": "Feature", "geometry": {"type": "Point", "coordinates": [-95.3621361, 29.790784300000002]}, "properties": {"kind": "mast"}}, {"type": "Feature", "geometry": {"type": "Point", "coordinates": [-95.36168830000001, 29.790496100000002]}, "properties": {"kind": "mast"}}, {"type": "Feature", "geometry": {"type": "Point", "coordinates": [-95.3627531, 29.792046900000003]}, "properties": {"kind": "mast"}}, {"type": "Feature", "geometry": {"type": "Point", "coordinates": [-95.363307, 29.792238]}, "properties": {"kind": "mast"}}, {"type": "Feature", "geometry": {"type": "Point", "coordinates": [-95.3649805, 29.7928882]}, "properties": {"kind": "mast"}}, {"type": "Feature", "geometry": {"type": "Point", "coordinates": [-95.36465430000001, 29.7930297]}, "properties": {"kind": "mast"}}, {"type": "Feature", "geometry": {"type": "Point", "coordinates": [-95.36517070000001, 29.7931604]}, "properties": {"kind": "mast"}}, {"type": "Feature", "geometry": {"type": "Point", "coordinates": [-95.3657208, 29.793185200000003]}, "properties": {"kind": "mast"}}, {"type": "Feature", "geometry": {"type": "Point", "coordinates": [-95.36561850000001, 29.7933738]}, "properties": {"kind": "mast"}}, {"type": "Feature", "geometry": {"type": "Point", "coordinates": [-95.3833644, 29.762340700000003]}, "properties": {"kind": "flagpole"}}, {"type": "Feature", "geometry": {"type": "Point", "coordinates": [-95.3833141, 29.762354400000003]}, "properties": {"kind": "flagpole"}}, {"type": "Feature", "geometry": {"type": "Point", "coordinates": [-95.3832682, 29.762368100000003]}, "properties": {"kind": "flagpole"}}, {"type": "Feature", "geometry": {"type": "Point", "coordinates": [-95.2772932, 29.684464300000002]}, "properties": {"kind": "mast"}}, {"type": "Feature", "geometry": {"type": "Point", "coordinates": [-95.2758113, 29.6829916]}, "properties": {"kind": "mast"}}, {"type": "Feature", "geometry": {"type": "Point", "coordinates": [-95.2734382, 29.6806811]}, "properties": {"kind": "mast"}}, {"type": "Feature", "geometry": {"type": "Point", "coordinates": [-95.27437090000001, 29.681617900000003]}, "properties": {"kind": "mast"}}, {"type": "Feature", "geometry": {"type": "Point", "coordinates": [-95.3339722, 29.790888900000002]}, "properties": {"kind": "monitoring_station"}}, {"type": "Feature", "geometry": {"type": "Point", "coordinates": [-95.3338889, 29.7913889]}, "properties": {"kind": "monitoring_station"}}, {"type": "Feature", "geometry": {"type": "Point", "coordinates": [-95.15927500000001, 29.710158300000003]}, "properties": {"kind": "monitoring_station"}}, {"type": "Feature", "geometry": {"type": "Point", "coordinates": [-95.27405560000001, 29.701722200000003]}, "properties": {"kind": "monitoring_station"}}, {"type": "Feature", "geometry": {"type": "Point", "coordinates": [-95.29449550000001, 29.663802500000003]}, "properties": {"kind": "mast"}}, {"type": "Feature", "geometry": {"type": "Point", "coordinates": [-95.2948999, 29.664148]}, "properties": {"kind": "flagpole"}}, {"type": "Feature", "geometry": {"type": "Point", "coordinates": [-95.2959687, 29.664208000000002]}, "properties": {"kind": "mast"}}, {"type": "Feature", "geometry": {"type": "Point", "coordinates": [-95.2959325, 29.664363]}, "properties": {"kind": "mast"}}, {"type": "Feature", "geometry": {"type": "Point", "coordinates": [-95.2957964, 29.664199900000003]}, "properties": {"kind": "mast"}}, {"type": "Feature", "geometry": {"type": "Point", "coordinates": [-95.29539940000001, 29.6641696]}, "properties": {"kind": "mast"}}, {"type": "Feature", "geometry": {"type": "Point", "coordinates": [-95.29487370000001, 29.664199900000003]}, "properties": {"kind": "mast"}}, {"type": "Feature", "geometry": {"type": "Point", "coordinates": [-95.2949676, 29.6632341]}, "properties": {"kind": "mast"}}, {"type": "Feature", "geometry": {"type": "Point", "coordinates": [-95.29581250000001, 29.663187200000003]}, "properties": {"kind": "mast"}}, {"type": "Feature", "geometry": {"type": "Point", "coordinates": [-95.3765486, 29.762149400000002]}, "properties": {"kind": "mast"}}, {"type": "Feature", "geometry": {"type": "Point", "coordinates": [-95.3771353, 29.762012400000003]}, "properties": {"kind": "mast"}}, {"type": "Feature", "geometry": {"type": "Point", "coordinates": [-95.3768393, 29.761859800000003]}, "properties": {"kind": "mast"}}, {"type": "Feature", "geometry": {"type": "Point", "coordinates": [-95.3770076, 29.761863700000003]}, "properties": {"kind": "mast"}}, {"type": "Feature", "geometry": {"type": "Point", "coordinates": [-95.3766289, 29.761869]}, "properties": {"kind": "mast"}}, {"type": "Feature", "geometry": {"type": "Point", "coordinates": [-95.37695880000001, 29.762190500000003]}, "properties": {"kind": "mast"}}, {"type": "Feature", "geometry": {"type": "Point", "coordinates": [-95.3770204, 29.7622022]}, "properties": {"kind": "mast"}}, {"type": "Feature", "geometry": {"type": "Point", "coordinates": [-95.26912180000001, 29.676229000000003]}, "properties": {"kind": "mast"}}, {"type": "Feature", "geometry": {"type": "Point", "coordinates": [-95.27196500000001, 29.6791559]}, "properties": {"kind": "mast"}}, {"type": "Feature", "geometry": {"type": "Point", "coordinates": [-95.270477, 29.6778346]}, "properties": {"kind": "mast"}}, {"type": "Feature", "geometry": {"type": "Point", "coordinates": [-95.21381530000001, 29.6654401]}, "properties": {"kind": "communications_tower"}}, {"type": "Feature", "geometry": {"type": "Point", "coordinates": [-95.38062640000001, 29.7991418]}, "properties": {"kind": "mast"}}, {"type": "Feature", "geometry": {"type": "Point", "coordinates": [-95.3803644, 29.799242600000003]}, "properties": {"kind": "mast"}}, {"type": "Feature", "geometry": {"type": "Point", "coordinates": [-95.3801476, 29.799435900000002]}, "properties": {"kind": "mast"}}, {"type": "Feature", "geometry": {"type": "Point", "coordinates": [-95.3800332, 29.799664000000003]}, "properties": {"kind": "mast"}}, {"type": "Feature", "geometry": {"type": "Point", "coordinates": [-95.38054190000001, 29.799889200000003]}, "properties": {"kind": "mast"}}, {"type": "Feature", "geometry": {"type": "Point", "coordinates": [-95.3809073, 29.799785200000002]}, "properties": {"kind": "mast"}}, {"type": "Feature", "geometry": {"type": "Point", "coordinates": [-95.3807939, 29.799890400000002]}, "properties": {"kind": "mast"}}, {"type": "Feature", "geometry": {"type": "Point", "coordinates": [-95.3808997, 29.799575700000002]}, "properties": {"kind": "mast"}}, {"type": "Feature", "geometry": {"type": "Point", "coordinates": [-95.38085760000001, 29.7992254]}, "properties": {"kind": "utility_pole"}}, {"type": "Feature", "geometry": {"type": "Point", "coordinates": [-95.380143, 29.7998666]}, "properties": {"kind": "utility_pole"}}, {"type": "Feature", "geometry": {"type": "Point", "coordinates": [-95.38093740000001, 29.8005999]}, "properties": {"kind": "mast"}}, {"type": "Feature", "geometry": {"type": "Point", "coordinates": [-95.38071740000001, 29.801120700000002]}, "properties": {"kind": "mast"}}, {"type": "Feature", "geometry": {"type": "Point", "coordinates": [-95.3810603, 29.8009784]}, "properties": {"kind": "mast"}}, {"type": "Feature", "geometry": {"type": "Point", "coordinates": [-95.3803675, 29.801106800000003]}, "properties": {"kind": "mast"}}, {"type": "Feature", "geometry": {"type": "Point", "coordinates": [-95.37997840000001, 29.8010911]}, "properties": {"kind": "mast"}}, {"type": "Feature", "geometry": {"type": "Point", "coordinates": [-95.3796698, 29.7993372]}, "properties": {"kind": "utility_pole"}}, {"type": "Feature", "geometry": {"type": "Point", "coordinates": [-95.3794063, 29.799342900000003]}, "properties": {"kind": "utility_pole"}}, {"type": "Feature", "geometry": {"type": "Point", "coordinates": [-95.3791793, 29.801058]}, "properties": {"kind": "mast"}}, {"type": "Feature", "geometry": {"type": "Point", "coordinates": [-95.3855638, 29.7726073]}, "properties": {"kind": "mast"}}, {"type": "Feature", "geometry": {"type": "Point", "coordinates": [-95.32955960000001, 29.811938400000003]}, "properties": {"kind": "flagpole"}}, {"type": "Feature", "geometry": {"type": "Point", "coordinates": [-95.33071770000001, 29.813172]}, "properties": {"kind": "utility_pole"}}, {"type": "Feature", "geometry": {"type": "Point", "coordinates": [-95.30378610000001, 29.621096100000003]}, "properties": {"kind": "works"}}, {"type": "Feature", "geometry": {"type": "Point", "coordinates": [-95.29945280000001, 29.6295384]}, "properties": {"kind": "works"}}, {"type": "Feature", "geometry": {"type": "Point", "coordinates": [-95.3403117, 29.733390500000002]}, "properties": {"kind": "mast"}}, {"type": "Feature", "geometry": {"type": "Point", "coordinates": [-95.26583090000001, 29.7262577]}, "properties": {"kind": "monitoring_station"}}, {"type": "Feature", "geometry": {"type": "Point", "coordinates": [-95.31537990000001, 29.7737662]}, "properties": {"kind": "street_cabinet"}}, {"type": "Feature", "geometry": {"type": "Point", "coordinates": [-95.3152343, 29.772566700000002]}, "properties": {"kind": "street_cabinet"}}, {"type": "Feature", "geometry": {"type": "Point", "coordinates": [-95.3156371, 29.7727663]}, "properties": {"kind": "street_cabinet"}}, {"type": "Feature", "geometry": {"type": "Point", "coordinates": [-95.31918350000001, 29.773931200000003]}, "properties": {"kind": "mast"}}, {"type": "Feature", "geometry": {"type": "Point", "coordinates": [-95.3221522, 29.773813500000003]}, "properties": {"kind": "mast"}}, {"type": "Feature", "geometry": {"type": "Point", "coordinates": [-95.32190080000001, 29.773622800000002]}, "properties": {"kind": "street_cabinet"}}, {"type": "Feature", "geometry": {"type": "Point", "coordinates": [-95.3219172, 29.773622800000002]}, "properties": {"kind": "street_cabinet"}}, {"type": "Feature", "geometry": {"type": "Point", "coordinates": [-95.3130387, 29.7709641]}, "properties": {"kind": "utility_pole"}}, {"type": "Feature", "geometry": {"type": "Point", "coordinates": [-95.3512089, 29.759232]}, "properties": {"kind": "mast"}}, {"type": "Feature", "geometry": {"type": "Point", "coordinates": [-95.35522850000001, 29.754071800000002]}, "properties": {"kind": "mast"}}, {"type": "Feature", "geometry": {"type": "Point", "coordinates": [-95.33964870000001, 29.744834800000003]}, "properties": {"kind": "utility_pole"}}, {"type": "Feature", "geometry": {"type": "Point", "coordinates": [-95.33981250000001, 29.744628700000003]}, "properties": {"kind": "utility_pole"}}, {"type": "Feature", "geometry": {"type": "Point", "coordinates": [-95.33972270000001, 29.744542900000003]}, "properties": {"kind": "utility_pole"}}, {"type": "Feature", "geometry": {"type": "Point", "coordinates": [-95.33942320000001, 29.744449000000003]}, "properties": {"kind": "utility_pole"}}, {"type": "Feature", "geometry": {"type": "Point", "coordinates": [-95.339073, 29.744339900000003]}, "properties": {"kind": "utility_pole"}}, {"type": "Feature", "geometry": {"type": "Point", "coordinates": [-95.38788690000001, 29.803616400000003]}, "properties": {"kind": "utility_pole"}}, {"type": "Feature", "geometry": {"type": "Point", "coordinates": [-95.38796, 29.803718600000003]}, "properties": {"kind": "utility_pole"}}, {"type": "Feature", "geometry": {"type": "Point", "coordinates": [-95.38761720000001, 29.803557700000002]}, "properties": {"kind": "utility_pole"}}, {"type": "Feature", "geometry": {"type": "Point", "coordinates": [-95.38759630000001, 29.803538000000003]}, "properties": {"kind": "utility_pole"}}, {"type": "Feature", "geometry": {"type": "Point", "coordinates": [-95.3873942, 29.8032712]}, "properties": {"kind": "utility_pole"}}, {"type": "Feature", "geometry": {"type": "Point", "coordinates": [-95.3872985, 29.8031335]}, "properties": {"kind": "utility_pole"}}, {"type": "Feature", "geometry": {"type": "Point", "coordinates": [-95.3874894, 29.803854]}, "properties": {"kind": "utility_pole"}}, {"type": "Feature", "geometry": {"type": "Point", "coordinates": [-95.38720230000001, 29.803852000000003]}, "properties": {"kind": "utility_pole"}}, {"type": "Feature", "geometry": {"type": "Point", "coordinates": [-95.3779911, 29.8083509]}, "properties": {"kind": "flagpole"}}, {"type": "Feature", "geometry": {"type": "Point", "coordinates": [-95.3172799, 29.7698953]}, "properties": {"kind": "utility_pole"}}, {"type": "Feature", "geometry": {"type": "Point", "coordinates": [-95.35257630000001, 29.757451200000002]}, "properties": {"kind": "mast"}}, {"type": "Feature", "geometry": {"type": "Point", "coordinates": [-95.3384386, 29.820850900000003]}, "properties": {"kind": "mast"}}, {"type": "Feature", "geometry": {"type": "Point", "coordinates": [-95.3352967, 29.8343048]}, "properties": {"kind": "mast"}}, {"type": "Feature", "geometry": {"type": "Point", "coordinates": [-95.34010280000001, 29.792497100000002]}, "properties": {"kind": "video_wall"}}, {"type": "Feature", "geometry": {"type": "Point", "coordinates": [-95.31997050000001, 29.768307800000002]}, "properties": {"kind": "mast"}}, {"type": "Feature", "geometry": {"type": "Point", "coordinates": [-95.3893678, 29.813544]}, "properties": {"kind": "utility_pole"}}, {"type": "Feature", "geometry": {"type": "Point", "coordinates": [-95.3894564, 29.813553000000002]}, "properties": {"kind": "utility_pole"}}, {"type": "Feature", "geometry": {"type": "Point", "coordinates": [-95.3895389, 29.813549300000002]}, "properties": {"kind": "utility_pole"}}, {"type": "Feature", "geometry": {"type": "Point", "coordinates": [-95.3896771, 29.8135465]}, "properties": {"kind": "utility_pole"}}, {"type": "Feature", "geometry": {"type": "Point", "coordinates": [-95.389824, 29.8135465]}, "properties": {"kind": "utility_pole"}}, {"type": "Feature", "geometry": {"type": "Point", "coordinates": [-95.3891186, 29.8135598]}, "properties": {"kind": "utility_pole"}}, {"type": "Feature", "geometry": {"type": "Point", "coordinates": [-95.3892292, 29.813553100000004]}, "properties": {"kind": "utility_pole"}}, {"type": "Feature", "geometry": {"type": "Point", "coordinates": [-95.3889621, 29.8135587]}, "properties": {"kind": "utility_pole"}}, {"type": "Feature", "geometry": {"type": "Point", "coordinates": [-95.3887998, 29.8135565]}, "properties": {"kind": "utility_pole"}}, {"type": "Feature", "geometry": {"type": "Point", "coordinates": [-95.38831470000001, 29.813583400000002]}, "properties": {"kind": "utility_pole"}}, {"type": "Feature", "geometry": {"type": "Point", "coordinates": [-95.38794270000001, 29.8135811]}, "properties": {"kind": "utility_pole"}}, {"type": "Feature", "geometry": {"type": "Point", "coordinates": [-95.38756430000001, 29.813592900000003]}, "properties": {"kind": "utility_pole"}}, {"type": "Feature", "geometry": {"type": "Point", "coordinates": [-95.38714390000001, 29.8132495]}, "properties": {"kind": "utility_pole"}}, {"type": "Feature", "geometry": {"type": "Point", "coordinates": [-95.3870042, 29.813298300000003]}, "properties": {"kind": "utility_pole"}}, {"type": "Feature", "geometry": {"type": "Point", "coordinates": [-95.3873179, 29.813247200000003]}, "properties": {"kind": "utility_pole"}}, {"type": "Feature", "geometry": {"type": "Point", "coordinates": [-95.3751531, 29.753548300000002]}, "properties": {"kind": "surveillance"}}, {"type": "Feature", "geometry": {"type": "Point", "coordinates": [-95.2685823, 29.675330300000002]}, "properties": {"kind": "surveillance"}}, {"type": "Feature", "geometry": {"type": "Point", "coordinates": [-95.30602920000001, 29.625607000000002]}, "properties": {"kind": "surveillance"}}, {"type": "Feature", "geometry": {"type": "Point", "coordinates": [-95.3488076, 29.6669148]}, "properties": {"kind": "surveillance"}}, {"type": "Feature", "geometry": {"type": "Point", "coordinates": [-95.289433, 29.6733814]}, "properties": {"kind": "surveillance"}}, {"type": "Feature", "geometry": {"type": "Point", "coordinates": [-95.3561768, 29.669295]}, "properties": {"kind": "surveillance"}}, {"type": "Feature", "geometry": {"type": "Point", "coordinates": [-95.2874342, 29.672618600000003]}, "properties": {"kind": "surveillance"}}, {"type": "Feature", "geometry": {"type": "Point", "coordinates": [-95.2845923, 29.625347100000003]}, "properties": {"kind": "surveillance"}}, {"type": "Feature", "geometry": {"type": "Point", "coordinates": [-95.2857189, 29.625566900000003]}, "properties": {"kind": "surveillance"}}, {"type": "Feature", "geometry": {"type": "Point", "coordinates": [-95.2772597, 29.671568800000003]}, "properties": {"kind": "surveillance"}}, {"type": "Feature", "geometry": {"type": "Point", "coordinates": [-95.27698330000001, 29.6728503]}, "properties": {"kind": "surveillance"}}, {"type": "Feature", "geometry": {"type": "Point", "coordinates": [-95.2767888, 29.665676100000002]}, "properties": {"kind": "surveillance"}}, {"type": "Feature", "geometry": {"type": "Point", "coordinates": [-95.2673008, 29.6265417]}, "properties": {"kind": "surveillance"}}, {"type": "Feature", "geometry": {"type": "Point", "coordinates": [-95.2774375, 29.677938800000003]}, "properties": {"kind": "surveillance"}}, {"type": "Feature", "geometry": {"type": "Point", "coordinates": [-95.321713, 29.6776318]}, "properties": {"kind": "surveillance"}}, {"type": "Feature", "geometry": {"type": "Point", "coordinates": [-95.263131, 29.6684659]}, "properties": {"kind": "surveillance"}}, {"type": "Feature", "geometry": {"type": "Point", "coordinates": [-95.2633304, 29.668269600000002]}, "properties": {"kind": "surveillance"}}, {"type": "Feature", "geometry": {"type": "Point", "coordinates": [-95.35831490000001, 29.770018500000003]}, "properties": {"kind": "utility_pole"}}, {"type": "Feature", "geometry": {"type": "Point", "coordinates": [-95.29586850000001, 29.7016871]}, "properties": {"kind": "surveillance"}}, {"type": "Feature", "geometry": {"type": "Point", "coordinates": [-95.3557461, 29.681315400000003]}, "properties": {"kind": "surveillance"}}, {"type": "Feature", "geometry": {"type": "Point", "coordinates": [-95.3560382, 29.6799874]}, "properties": {"kind": "surveillance"}}, {"type": "Feature", "geometry": {"type": "Point", "coordinates": [-95.2854872, 29.631064300000002]}, "properties": {"kind": "surveillance"}}, {"type": "Feature", "geometry": {"type": "Point", "coordinates": [-95.2856488, 29.6311508]}, "properties": {"kind": "surveillance"}}, {"type": "Feature", "geometry": {"type": "Point", "coordinates": [-95.2881249, 29.656047100000002]}, "properties": {"kind": "surveillance"}}, {"type": "Feature", "geometry": {"type": "Point", "coordinates": [-95.28827220000001, 29.6560987]}, "properties": {"kind": "surveillance"}}, {"type": "Feature", "geometry": {"type": "Point", "coordinates": [-95.2898023, 29.655477500000003]}, "properties": {"kind": "surveillance"}}, {"type": "Feature", "geometry": {"type": "Point", "coordinates": [-95.2897231, 29.655418700000002]}, "properties": {"kind": "surveillance"}}, {"type": "Feature", "geometry": {"type": "Point", "coordinates": [-95.3409446, 29.6861518]}, "properties": {"kind": "surveillance"}}, {"type": "Feature", "geometry": {"type": "Point", "coordinates": [-95.3408926, 29.6850765]}, "properties": {"kind": "surveillance"}}, {"type": "Feature", "geometry": {"type": "Point", "coordinates": [-95.34076950000001, 29.685116400000002]}, "properties": {"kind": "surveillance"}}, {"type": "Feature", "geometry": {"type": "Point", "coordinates": [-95.356283, 29.7429823]}, "properties": {"kind": "surveillance"}}, {"type": "Feature", "geometry": {"type": "Point", "coordinates": [-95.18669580000001, 29.664779300000003]}, "properties": {"kind": "surveillance"}}, {"type": "Feature", "geometry": {"type": "Point", "coordinates": [-95.290225, 29.681632200000003]}, "properties": {"kind": "surveillance"}}, {"type": "Feature", "geometry": {"type": "Point", "coordinates": [-95.2903424, 29.681630900000002]}, "properties": {"kind": "surveillance"}}, {"type": "Feature", "geometry": {"type": "Point", "coordinates": [-95.38644740000001, 29.6577251]}, "properties": {"kind": "surveillance"}}, {"type": "Feature", "geometry": {"type": "Point", "coordinates": [-95.37438900000001, 29.753897300000002]}, "properties": {"kind": "surveillance"}}, {"type": "Feature", "geometry": {"type": "Point", "coordinates": [-95.3758889, 29.7684609]}, "properties": {"kind": "utility_pole"}}, {"type": "Feature", "geometry": {"type": "Point", "coordinates": [-95.3768172, 29.7685703]}, "properties": {"kind": "utility_pole"}}, {"type": "Feature", "geometry": {"type": "Point", "coordinates": [-95.3766097, 29.7685451]}, "properties": {"kind": "utility_pole"}}, {"type": "Feature", "geometry": {"type": "Point", "coordinates": [-95.3764507, 29.768531600000003]}, "properties": {"kind": "utility_pole"}}, {"type": "Feature", "geometry": {"type": "Point", "coordinates": [-95.37619860000001, 29.768503000000003]}, "properties": {"kind": "utility_pole"}}, {"type": "Feature", "geometry": {"type": "Point", "coordinates": [-95.2824149, 29.6669163]}, "properties": {"kind": "communications_tower"}}, {"type": "Feature", "geometry": {"type": "Point", "coordinates": [-95.37453980000001, 29.6786709]}, "properties": {"kind": "mast"}}, {"type": "Feature", "geometry": {"type": "Point", "coordinates": [-95.2990817, 29.701161000000003]}, "properties": {"kind": "tower"}}, {"type": "Feature", "geometry": {"type": "Point", "coordinates": [-95.31787440000001, 29.6659863]}, "properties": {"kind": "surveillance"}}, {"type": "Feature", "geometry": {"type": "Point", "coordinates": [-95.3212376, 29.666609]}, "properties": {"kind": "surveillance"}}, {"type": "Feature", "geometry": {"type": "Point", "coordinates": [-95.355834, 29.761412300000003]}, "properties": {"kind": "surveillance"}}, {"type": "Feature", "geometry": {"type": "Point", "coordinates": [-95.3593967, 29.7637603]}, "properties": {"kind": "surveillance"}}, {"type": "Feature", "geometry": {"type": "Point", "coordinates": [-95.3604827, 29.764408500000002]}, "properties": {"kind": "surveillance"}}, {"type": "Feature", "geometry": {"type": "Point", "coordinates": [-95.3611432, 29.764824400000002]}, "properties": {"kind": "surveillance"}}, {"type": "Feature", "geometry": {"type": "Point", "coordinates": [-95.3613457, 29.7648702]}, "properties": {"kind": "surveillance"}}, {"type": "Feature", "geometry": {"type": "Point", "coordinates": [-95.3613823, 29.764816300000003]}, "properties": {"kind": "surveillance"}}, {"type": "Feature", "geometry": {"type": "Point", "coordinates": [-95.338019, 29.8118842]}, "properties": {"kind": "tower"}}, {"type": "Feature", "geometry": {"type": "Point", "coordinates": [-95.3312872, 29.8074444]}, "properties": {"kind": "mast"}}, {"type": "Feature", "geometry": {"type": "Point", "coordinates": [-95.3427434, 29.812471700000003]}, "properties": {"kind": "mast"}}, {"type": "Feature", "geometry": {"type": "Point", "coordinates": [-95.35928870000001, 29.702468600000003]}, "properties": {"kind": "surveillance"}}, {"type": "Feature", "geometry": {"type": "Point", "coordinates": [-95.3662321, 29.681476900000003]}, "properties": {"kind": "surveillance"}}, {"type": "Feature", "geometry": {"type": "Point", "coordinates": [-95.3671819, 29.6802847]}, "properties": {"kind": "surveillance"}}, {"type": "Feature", "geometry": {"type": "Point", "coordinates": [-95.2304084, 29.627473000000002]}, "properties": {"kind": "surveillance"}}, {"type": "Feature", "geometry": {"type": "Point", "coordinates": [-95.2304069, 29.6274751]}, "properties": {"kind": "surveillance"}}, {"type": "Feature", "geometry": {"type": "Point", "coordinates": [-95.23183470000001, 29.627788900000002]}, "properties": {"kind": "surveillance"}}, {"type": "Feature", "geometry": {"type": "Point", "coordinates": [-95.2453533, 29.639405800000002]}, "properties": {"kind": "surveillance"}}, {"type": "Feature", "geometry": {"type": "Point", "coordinates": [-95.30090630000001, 29.744273500000002]}, "properties": {"kind": "surveillance"}}, {"type": "Feature", "geometry": {"type": "Point", "coordinates": [-95.34819510000001, 29.758247500000003]}, "properties": {"kind": "surveillance"}}, {"type": "Feature", "geometry": {"type": "Point", "coordinates": [-95.3843047, 29.8454151]}, "properties": {"kind": "surveillance"}}, {"type": "Feature", "geometry": {"type": "Point", "coordinates": [-95.38459610000001, 29.846684200000002]}, "properties": {"kind": "surveillance"}}, {"type": "Feature", "geometry": {"type": "Point", "coordinates": [-95.30004690000001, 29.7035607]}, "properties": {"kind": "surveillance"}}, {"type": "Feature", "geometry": {"type": "Point", "coordinates": [-95.36076580000001, 29.745511]}, "properties": {"kind": "surveillance"}}, {"type": "Feature", "geometry": {"type": "Point", "coordinates": [-95.2780245, 29.713862600000002]}, "properties": {"kind": "surveillance"}}, {"type": "Feature", "geometry": {"type": "Point", "coordinates": [-95.2784488, 29.7153372]}, "properties": {"kind": "surveillance"}}, {"type": "Feature", "geometry": {"type": "Point", "coordinates": [-95.32344140000001, 29.7655722]}, "properties": {"kind": "surveillance"}}, {"type": "Feature", "geometry": {"type": "Point", "coordinates": [-95.2954804, 29.7569188]}, "properties": {"kind": "surveillance"}}, {"type": "Feature", "geometry": {"type": "Point", "coordinates": [-95.29615890000001, 29.754964200000003]}, "properties": {"kind": "surveillance"}}, {"type": "Feature", "geometry": {"type": "Point", "coordinates": [-95.2978004, 29.7517758]}, "properties": {"kind": "surveillance"}}, {"type": "Feature", "geometry": {"type": "Point", "coordinates": [-95.2643278, 29.737527200000002]}, "properties": {"kind": "surveillance"}}, {"type": "Feature", "geometry": {"type": "Point", "coordinates": [-95.2644394, 29.737778100000003]}, "properties": {"kind": "surveillance"}}, {"type": "Feature", "geometry": {"type": "Point", "coordinates": [-95.31605590000001, 29.7626479]}, "properties": {"kind": "surveillance"}}, {"type": "Feature", "geometry": {"type": "Point", "coordinates": [-95.3157084, 29.7638211]}, "properties": {"kind": "surveillance"}}, {"type": "Feature", "geometry": {"type": "Point", "coordinates": [-95.3033238, 29.7596127]}, "properties": {"kind": "surveillance"}}, {"type": "Feature", "geometry": {"type": "Point", "coordinates": [-95.2978672, 29.756901900000003]}, "properties": {"kind": "surveillance"}}, {"type": "Feature", "geometry": {"type": "Point", "coordinates": [-95.2976447, 29.7569835]}, "properties": {"kind": "surveillance"}}, {"type": "Feature", "geometry": {"type": "Point", "coordinates": [-95.29715150000001, 29.756897100000003]}, "properties": {"kind": "surveillance"}}, {"type": "Feature", "geometry": {"type": "Point", "coordinates": [-95.29695190000001, 29.7568951]}, "properties": {"kind": "surveillance"}}, {"type": "Feature", "geometry": {"type": "Point", "coordinates": [-95.2642421, 29.655426300000002]}, "properties": {"kind": "surveillance"}}, {"type": "Feature", "geometry": {"type": "Point", "coordinates": [-95.2765882, 29.658222300000002]}, "properties": {"kind": "surveillance"}}, {"type": "Feature", "geometry": {"type": "Point", "coordinates": [-95.28866860000001, 29.656055600000002]}, "properties": {"kind": "surveillance"}}, {"type": "Feature", "geometry": {"type": "Point", "coordinates": [-95.3115758, 29.646031500000003]}, "properties": {"kind": "surveillance"}}, {"type": "Feature", "geometry": {"type": "Point", "coordinates": [-95.3291925, 29.7517865]}, "properties": {"kind": "flagpole"}}, {"type": "Feature", "geometry": {"type": "Point", "coordinates": [-95.2796548, 29.6848299]}, "properties": {"kind": "mast"}}, {"type": "Feature", "geometry": {"type": "Point", "coordinates": [-95.28157320000001, 29.705472500000003]}, "properties": {"kind": "mast"}}, {"type": "Feature", "geometry": {"type": "Point", "coordinates": [-95.29945740000001, 29.703998000000002]}, "properties": {"kind": "surveillance"}}, {"type": "Feature", "geometry": {"type": "Point", "coordinates": [-95.29846730000001, 29.703382500000004]}, "properties": {"kind": "surveillance"}}, {"type": "Feature", "geometry": {"type": "Point", "coordinates": [-95.3499826, 29.7752477]}, "properties": {"kind": "mast"}}, {"type": "Feature", "geometry": {"type": "Point", "coordinates": [-95.34999020000001, 29.7753653]}, "properties": {"kind": "mast"}}, {"type": "Feature", "geometry": {"type": "Point", "coordinates": [-95.3348706, 29.7652378]}, "properties": {"kind": "mast"}}, {"type": "Feature", "geometry": {"type": "Point", "coordinates": [-95.3678119, 29.769700800000003]}, "properties": {"kind": "mast"}}, {"type": "Feature", "geometry": {"type": "Point", "coordinates": [-95.3601194, 29.7411208]}, "properties": {"kind": "mast"}}, {"type": "Feature", "geometry": {"type": "Point", "coordinates": [-95.3582635, 29.743578000000003]}, "properties": {"kind": "tower"}}, {"type": "Feature", "geometry": {"type": "Point", "coordinates": [-95.3728093, 29.7337306]}, "properties": {"kind": "surveillance"}}, {"type": "Feature", "geometry": {"type": "Point", "coordinates": [-95.3127707, 29.7739271]}, "properties": {"kind": "mast"}}, {"type": "Feature", "geometry": {"type": "Point", "coordinates": [-95.2550877, 29.658965100000003]}, "properties": {"kind": "surveillance"}}, {"type": "Feature", "geometry": {"type": "Point", "coordinates": [-95.25503020000001, 29.659056200000002]}, "properties": {"kind": "surveillance"}}, {"type": "Feature", "geometry": {"type": "Point", "coordinates": [-95.2550502, 29.6590908]}, "properties": {"kind": "surveillance"}}, {"type": "Feature", "geometry": {"type": "Point", "coordinates": [-95.2550741690537, 29.798908450011538]}, "properties": {"kind": "ditch"}}, {"type": "Feature", "geometry": {"type": "Point", "coordinates": [-95.36432850522249, 29.652206350163233]}, "properties": {"kind": "drain"}}, {"type": "Feature", "geometry": {"type": "Point", "coordinates": [-95.21735340078611, 29.84763507927338]}, "properties": {"kind": "drain"}}, {"type": "Feature", "geometry": {"type": "Point", "coordinates": [-95.15120268735974, 29.734485447482772]}, "properties": {"kind": "pier"}}, {"type": "Feature", "geometry": {"type": "Point", "coordinates": [-95.30615414203311, 29.64126122057237]}, "properties": {"kind": "stream"}}, {"type": "Feature", "geometry": {"type": "Point", "coordinates": [-95.15812841249148, 29.805601542204094]}, "properties": {"kind": "stream"}}, {"type": "Feature", "geometry": {"type": "Point", "coordinates": [-95.2038422, 29.7687941]}, "properties": {"kind": "canal"}}, {"type": "Feature", "geometry": {"type": "Point", "coordinates": [-95.15124566472919, 29.7347444841535]}, "properties": {"kind": "pier"}}, {"type": "Feature", "geometry": {"type": "Point", "coordinates": [-95.15628699999999, 29.737029]}, "properties": {"kind": "pier"}}, {"type": "Feature", "geometry": {"type": "Point", "coordinates": [-95.15625905016523, 29.737106973579557]}, "properties": {"kind": "pier"}}, {"type": "Feature", "geometry": {"type": "Point", "coordinates": [-95.17096351218342, 29.748525301124634]}, "properties": {"kind": "pier"}}, {"type": "Feature", "geometry": {"type": "Point", "coordinates": [-95.1695157, 29.7483704]}, "properties": {"kind": "pier"}}, {"type": "Feature", "geometry": {"type": "Point", "coordinates": [-95.34339264001308, 29.806105383767935]}, "properties": {"kind": "river"}}, {"type": "Feature", "geometry": {"type": "Point", "coordinates": [-95.2133656006442, 29.737905804435503]}, "properties": {"kind": "river"}}, {"type": "Feature", "geometry": {"type": "Point", "coordinates": [-95.2056487935498, 29.740765775746183]}, "properties": {"kind": "pier"}}, {"type": "Feature", "geometry": {"type": "Point", "coordinates": [-95.20519295, 29.7408423]}, "properties": {"kind": "pier"}}, {"type": "Feature", "geometry": {"type": "Point", "coordinates": [-95.2051387865715, 29.73413766987661]}, "properties": {"kind": "pier"}}, {"type": "Feature", "geometry": {"type": "Point", "coordinates": [-95.37278924991868, 29.775641414623273]}, "properties": {"kind": "river"}}, {"type": "Feature", "geometry": {"type": "Point", "coordinates": [-95.21503432385585, 29.726190694921517]}, "properties": {"kind": "pier"}}, {"type": "Feature", "geometry": {"type": "Point", "coordinates": [-95.21555575, 29.726090999999997]}, "properties": {"kind": "pier"}}, {"type": "Feature", "geometry": {"type": "Point", "coordinates": [-95.22451489766442, 29.727698179834366]}, "properties": {"kind": "pier"}}, {"type": "Feature", "geometry": {"type": "Point", "coordinates": [-95.2482676, 29.72340805]}, "properties": {"kind": "pier"}}, {"type": "Feature", "geometry": {"type": "Point", "coordinates": [-95.24862380000002, 29.723437849999996]}, "properties": {"kind": "pier"}}, {"type": "Feature", "geometry": {"type": "Point", "coordinates": [-95.25656786897453, 29.727930384711872]}, "properties": {"kind": "pier"}}, {"type": "Feature", "geometry": {"type": "Point", "coordinates": [-95.25445310000002, 29.727404399999998]}, "properties": {"kind": "pier"}}, {"type": "Feature", "geometry": {"type": "Point", "coordinates": [-95.17087948312577, 29.675047611604526]}, "properties": {"kind": "river"}}, {"type": "Feature", "geometry": {"type": "Point", "coordinates": [-95.18722126257806, 29.630086828177625]}, "properties": {"kind": "river"}}, {"type": "Feature", "geometry": {"type": "Point", "coordinates": [-95.26248450424796, 29.72530230126965]}, "properties": {"kind": "pier"}}, {"type": "Feature", "geometry": {"type": "Point", "coordinates": [-95.30620699636474, 29.754502361091095]}, "properties": {"kind": "river"}}, {"type": "Feature", "geometry": {"type": "Point", "coordinates": [-95.28230460280778, 29.747542793943612]}, "properties": {"kind": "silo"}}, {"type": "Feature", "geometry": {"type": "Point", "coordinates": [-95.28322849734388, 29.748240242041987]}, "properties": {"kind": "silo"}}, {"type": "Feature", "geometry": {"type": "Point", "coordinates": [-95.22260815823329, 29.818343485597616]}, "properties": {"kind": "river"}}, {"type": "Feature", "geometry": {"type": "Point", "coordinates": [-95.26064035459312, 29.69005720894458]}, "properties": {"kind": "stream"}}, {"type": "Feature", "geometry": {"type": "Point", "coordinates": [-95.24414991903022, 29.679512850749475]}, "properties": {"kind": "stream"}}, {"type": "Feature", "geometry": {"type": "Point", "coordinates": [-95.26886374576227, 29.688054303949205]}, "properties": {"kind": "stream"}}, {"type": "Feature", "geometry": {"type": "Point", "coordinates": [-95.27110167358441, 29.66567547311653]}, "properties": {"kind": "river"}}, {"type": "Feature", "geometry": {"type": "Point", "coordinates": [-95.29045073116319, 29.699865534512938]}, "properties": {"kind": "stream"}}, {"type": "Feature", "geometry": {"type": "Point", "coordinates": [-95.29586278635013, 29.670102354100717]}, "properties": {"kind": "stream"}}, {"type": "Feature", "geometry": {"type": "Point", "coordinates": [-95.27655426053818, 29.63522995473901]}, "properties": {"kind": "drain"}}, {"type": "Feature", "geometry": {"type": "Point", "coordinates": [-95.27963930004114, 29.63982360283915]}, "properties": {"kind": "drain"}}, {"type": "Feature", "geometry": {"type": "Point", "coordinates": [-95.28133320000002, 29.639560650000004]}, "properties": {"kind": "drain"}}, {"type": "Feature", "geometry": {"type": "Point", "coordinates": [-95.25600724795845, 29.634412575994055]}, "properties": {"kind": "ditch"}}, {"type": "Feature", "geometry": {"type": "Point", "coordinates": [-95.21003335078505, 29.63668871601022]}, "properties": {"kind": "stream"}}, {"type": "Feature", "geometry": {"type": "Point", "coordinates": [-95.2964284, 29.6310704]}, "properties": {"kind": "drain"}}, {"type": "Feature", "geometry": {"type": "Point", "coordinates": [-95.27863367439966, 29.634650006997187]}, "properties": {"kind": "drain"}}, {"type": "Feature", "geometry": {"type": "Point", "coordinates": [-95.28594010163152, 29.634444633816297]}, "properties": {"kind": "drain"}}, {"type": "Feature", "geometry": {"type": "Point", "coordinates": [-95.2650955, 29.6344179]}, "properties": {"kind": "drain"}}, {"type": "Feature", "geometry": {"type": "Point", "coordinates": [-95.26659334966142, 29.636226385203603]}, "properties": {"kind": "drain"}}, {"type": "Feature", "geometry": {"type": "Point", "coordinates": [-95.26523704841846, 29.634796946017467]}, "properties": {"kind": "drain"}}, {"type": "Feature", "geometry": {"type": "Point", "coordinates": [-95.2650499, 29.634340999999996]}, "properties": {"kind": "drain"}}, {"type": "Feature", "geometry": {"type": "Point", "coordinates": [-95.26215190376578, 29.696170067229986]}, "properties": {"kind": "stream"}}, {"type": "Feature", "geometry": {"type": "Point", "coordinates": [-95.24887938054763, 29.656841947980947]}, "properties": {"kind": "drain"}}, {"type": "Feature", "geometry": {"type": "Point", "coordinates": [-95.23083278200193, 29.711257602303576]}, "properties": {"kind": "storage_tank"}}, {"type": "Feature", "geometry": {"type": "Point", "coordinates": [-95.23083114773252, 29.710719030835143]}, "properties": {"kind": "storage_tank"}}, {"type": "Feature", "geometry": {"type": "Point", "coordinates": [-95.23004658200196, 29.710713402303575]}, "properties": {"kind": "storage_tank"}}, {"type": "Feature", "geometry": {"type": "Point", "coordinates": [-95.23007285086831, 29.711286161076654]}, "properties": {"kind": "storage_tank"}}, {"type": "Feature", "geometry": {"type": "Point", "coordinates": [-95.22895754773252, 29.711206530835142]}, "properties": {"kind": "storage_tank"}}, {"type": "Feature", "geometry": {"type": "Point", "coordinates": [-95.27490208934391, 29.722141940871776]}, "properties": {"kind": "storage_tank"}}, {"type": "Feature", "geometry": {"type": "Point", "coordinates": [-95.26182586202674, 29.72358370526634]}, "properties": {"kind": "storage_tank"}}, {"type": "Feature", "geometry": {"type": "Point", "coordinates": [-95.26230419857269, 29.724467568387976]}, "properties": {"kind": "storage_tank"}}, {"type": "Feature", "geometry": {"type": "Point", "coordinates": [-95.26297814278999, 29.724070698919792]}, "properties": {"kind": "storage_tank"}}, {"type": "Feature", "geometry": {"type": "Point", "coordinates": [-95.26291707846437, 29.723869117475058]}, "properties": {"kind": "storage_tank"}}, {"type": "Feature", "geometry": {"type": "Point", "coordinates": [-95.2615574396752, 29.722268394544344]}, "properties": {"kind": "storage_tank"}}, {"type": "Feature", "geometry": {"type": "Point", "coordinates": [-95.26212096593602, 29.724203467152627]}, "properties": {"kind": "storage_tank"}}, {"type": "Feature", "geometry": {"type": "Point", "coordinates": [-95.26229145415955, 29.724044767194094]}, "properties": {"kind": "storage_tank"}}, {"type": "Feature", "geometry": {"type": "Point", "coordinates": [-95.26249069034101, 29.723980096696945]}, "properties": {"kind": "storage_tank"}}, {"type": "Feature", "geometry": {"type": "Point", "coordinates": [-95.26268080613644, 29.723922295419268]}, "properties": {"kind": "storage_tank"}}, {"type": "Feature", "geometry": {"type": "Point", "coordinates": [-95.26273641519064, 29.724116124905013]}, "properties": {"kind": "storage_tank"}}, {"type": "Feature", "geometry": {"type": "Point", "coordinates": [-95.26279566525493, 29.72430369158462]}, "properties": {"kind": "storage_tank"}}, {"type": "Feature", "geometry": {"type": "Point", "coordinates": [-95.26118843171359, 29.722265642884004]}, "properties": {"kind": "storage_tank"}}, {"type": "Feature", "geometry": {"type": "Point", "coordinates": [-95.26085213257345, 29.72248137091144]}, "properties": {"kind": "storage_tank"}}, {"type": "Feature", "geometry": {"type": "Point", "coordinates": [-95.26087771798615, 29.722224241652263]}, "properties": {"kind": "storage_tank"}}, {"type": "Feature", "geometry": {"type": "Point", "coordinates": [-95.25677530886618, 29.723873701202514]}, "properties": {"kind": "storage_tank"}}, {"type": "Feature", "geometry": {"type": "Point", "coordinates": [-95.25655040494897, 29.72410881008359]}, "properties": {"kind": "storage_tank"}}, {"type": "Feature", "geometry": {"type": "Point", "coordinates": [-95.17517655880502, 29.689397969835092]}, "properties": {"kind": "drain"}}, {"type": "Feature", "geometry": {"type": "Point", "coordinates": [-95.25226074694899, 29.717053458819173]}, "properties": {"kind": "storage_tank"}}, {"type": "Feature", "geometry": {"type": "Point", "coordinates": [-95.25173697365344, 29.71651625960965]}, "properties": {"kind": "storage_tank"}}, {"type": "Feature", "geometry": {"type": "Point", "coordinates": [-95.25691169493706, 29.72257959017131]}, "properties": {"kind": "storage_tank"}}, {"type": "Feature", "geometry": {"type": "Point", "coordinates": [-95.25246138656587, 29.72080706034737]}, "properties": {"kind": "storage_tank"}}, {"type": "Feature", "geometry": {"type": "Point", "coordinates": [-95.26187958139552, 29.7229263534033]}, "properties": {"kind": "storage_tank"}}, {"type": "Feature", "geometry": {"type": "Point", "coordinates": [-95.2616799710564, 29.722859880792466]}, "properties": {"kind": "storage_tank"}}, {"type": "Feature", "geometry": {"type": "Point", "coordinates": [-95.26180877720549, 29.722499151399887]}, "properties": {"kind": "storage_tank"}}, {"type": "Feature", "geometry": {"type": "Point", "coordinates": [-95.25705570918882, 29.722458483206257]}, "properties": {"kind": "storage_tank"}}, {"type": "Feature", "geometry": {"type": "Point", "coordinates": [-95.25786112586027, 29.723235758592622]}, "properties": {"kind": "storage_tank"}}, {"type": "Feature", "geometry": {"type": "Point", "coordinates": [-95.25815046638057, 29.722519670245603]}, "properties": {"kind": "storage_tank"}}, {"type": "Feature", "geometry": {"type": "Point", "coordinates": [-95.25746328448479, 29.72246115126395]}, "properties": {"kind": "storage_tank"}}, {"type": "Feature", "geometry": {"type": "Point", "coordinates": [-95.25277613665489, 29.72055077150457]}, "properties": {"kind": "storage_tank"}}, {"type": "Feature", "geometry": {"type": "Point", "coordinates": [-95.25650101230922, 29.721388897676302]}, "properties": {"kind": "storage_tank"}}, {"type": "Feature", "geometry": {"type": "Point", "coordinates": [-95.25625693133712, 29.721392566531165]}, "properties": {"kind": "storage_tank"}}, {"type": "Feature", "geometry": {"type": "Point", "coordinates": [-95.25625684228419, 29.721182539647142]}, "properties": {"kind": "storage_tank"}}, {"type": "Feature", "geometry": {"type": "Point", "coordinates": [-95.25649647740237, 29.721181885005482]}, "properties": {"kind": "storage_tank"}}, {"type": "Feature", "geometry": {"type": "Point", "coordinates": [-95.25678559252577, 29.72137287359014]}, "properties": {"kind": "storage_tank"}}, {"type": "Feature", "geometry": {"type": "Point", "coordinates": [-95.25241406450282, 29.721662744164288]}, "properties": {"kind": "storage_tank"}}, {"type": "Feature", "geometry": {"type": "Point", "coordinates": [-95.25223409531851, 29.72129084646425]}, "properties": {"kind": "storage_tank"}}, {"type": "Feature", "geometry": {"type": "Point", "coordinates": [-95.25177631767335, 29.72122046321313]}, "properties": {"kind": "storage_tank"}}, {"type": "Feature", "geometry": {"type": "Point", "coordinates": [-95.26108950359642, 29.724616709965165]}, "properties": {"kind": "storage_tank"}}, {"type": "Feature", "geometry": {"type": "Point", "coordinates": [-95.26041596008147, 29.7250533425735]}, "properties": {"kind": "storage_tank"}}, {"type": "Feature", "geometry": {"type": "Point", "coordinates": [-95.25321231745832, 29.723924954808584]}, "properties": {"kind": "storage_tank"}}, {"type": "Feature", "geometry": {"type": "Point", "coordinates": [-95.24995024237724, 29.720140715526554]}, "properties": {"kind": "storage_tank"}}, {"type": "Feature", "geometry": {"type": "Point", "coordinates": [-95.25180545714791, 29.7180386903126]}, "properties": {"kind": "storage_tank"}}, {"type": "Feature", "geometry": {"type": "Point", "coordinates": [-95.251505567181, 29.71992513023994]}, "properties": {"kind": "storage_tank"}}, {"type": "Feature", "geometry": {"type": "Point", "coordinates": [-95.25407235823383, 29.71542077296025]}, "properties": {"kind": "storage_tank"}}, {"type": "Feature", "geometry": {"type": "Point", "coordinates": [-95.25532439648075, 29.71420523067315]}, "properties": {"kind": "storage_tank"}}, {"type": "Feature", "geometry": {"type": "Point", "coordinates": [-95.254383611366, 29.71424876111455]}, "properties": {"kind": "storage_tank"}}, {"type": "Feature", "geometry": {"type": "Point", "coordinates": [-95.25330392295189, 29.716024648311215]}, "properties": {"kind": "storage_tank"}}, {"type": "Feature", "geometry": {"type": "Point", "coordinates": [-95.25184862894015, 29.720228362149232]}, "properties": {"kind": "storage_tank"}}, {"type": "Feature", "geometry": {"type": "Point", "coordinates": [-95.2531023225094, 29.718603322385555]}, "properties": {"kind": "storage_tank"}}, {"type": "Feature", "geometry": {"type": "Point", "coordinates": [-95.25064840494036, 29.714073648268833]}, "properties": {"kind": "storage_tank"}}, {"type": "Feature", "geometry": {"type": "Point", "coordinates": [-95.25079812074634, 29.719236335292344]}, "properties": {"kind": "storage_tank"}}, {"type": "Feature", "geometry": {"type": "Point", "coordinates": [-95.25138991620015, 29.720464638770228]}, "properties": {"kind": "storage_tank"}}, {"type": "Feature", "geometry": {"type": "Point", "coordinates": [-95.24716860740122, 29.70711974307631]}, "properties": {"kind": "storage_tank"}}, {"type": "Feature", "geometry": {"type": "Point", "coordinates": [-95.25137764683366, 29.7078868995216]}, "properties": {"kind": "storage_tank"}}, {"type": "Feature", "geometry": {"type": "Point", "coordinates": [-95.25678403059494, 29.714032039209375]}, "properties": {"kind": "storage_tank"}}, {"type": "Feature", "geometry": {"type": "Point", "coordinates": [-95.25012851049553, 29.707663530290816]}, "properties": {"kind": "storage_tank"}}, {"type": "Feature", "geometry": {"type": "Point", "coordinates": [-95.2480905736581, 29.70721118698121]}, "properties": {"kind": "storage_tank"}}, {"type": "Feature", "geometry": {"type": "Point", "coordinates": [-95.24321978333971, 29.70934412742359]}, "properties": {"kind": "storage_tank"}}, {"type": "Feature", "geometry": {"type": "Point", "coordinates": [-95.24205483440652, 29.709308577343133]}, "properties": {"kind": "storage_tank"}}, {"type": "Feature", "geometry": {"type": "Point", "coordinates": [-95.24104671976627, 29.70936046214421]}, "properties": {"kind": "storage_tank"}}, {"type": "Feature", "geometry": {"type": "Point", "coordinates": [-95.24340757301742, 29.71042370221343]}, "properties": {"kind": "storage_tank"}}, {"type": "Feature", "geometry": {"type": "Point", "coordinates": [-95.2418265043695, 29.71064507666717]}, "properties": {"kind": "storage_tank"}}, {"type": "Feature", "geometry": {"type": "Point", "coordinates": [-95.24594006895431, 29.709330534268847]}, "properties": {"kind": "storage_tank"}}, {"type": "Feature", "geometry": {"type": "Point", "coordinates": [-95.24766821488879, 29.709205055117387]}, "properties": {"kind": "storage_tank"}}, {"type": "Feature", "geometry": {"type": "Point", "coordinates": [-95.24330887456473, 29.71141797093797]}, "properties": {"kind": "storage_tank"}}, {"type": "Feature", "geometry": {"type": "Point", "coordinates": [-95.24253845343385, 29.711435951785873]}, "properties": {"kind": "storage_tank"}}, {"type": "Feature", "geometry": {"type": "Point", "coordinates": [-95.24199783646937, 29.711887296836064]}, "properties": {"kind": "storage_tank"}}, {"type": "Feature", "geometry": {"type": "Point", "coordinates": [-95.24101433434417, 29.71035215029702]}, "properties": {"kind": "storage_tank"}}, {"type": "Feature", "geometry": {"type": "Point", "coordinates": [-95.24101877925654, 29.710647598213605]}, "properties": {"kind": "storage_tank"}}, {"type": "Feature", "geometry": {"type": "Point", "coordinates": [-95.24101475, 29.710955100000003]}, "properties": {"kind": "storage_tank"}}, {"type": "Feature", "geometry": {"type": "Point", "coordinates": [-95.24010330049333, 29.709427735765146]}, "properties": {"kind": "storage_tank"}}, {"type": "Feature", "geometry": {"type": "Point", "coordinates": [-95.23954331940396, 29.709495733096283]}, "properties": {"kind": "storage_tank"}}, {"type": "Feature", "geometry": {"type": "Point", "coordinates": [-95.2373235000366, 29.71251412218913]}, "properties": {"kind": "storage_tank"}}, {"type": "Feature", "geometry": {"type": "Point", "coordinates": [-95.23833956354453, 29.71275899943571]}, "properties": {"kind": "storage_tank"}}, {"type": "Feature", "geometry": {"type": "Point", "coordinates": [-95.23602946322355, 29.712491034636177]}, "properties": {"kind": "storage_tank"}}, {"type": "Feature", "geometry": {"type": "Point", "coordinates": [-95.2372942814831, 29.711713990736733]}, "properties": {"kind": "storage_tank"}}, {"type": "Feature", "geometry": {"type": "Point", "coordinates": [-95.23831630856574, 29.711790642219047]}, "properties": {"kind": "storage_tank"}}, {"type": "Feature", "geometry": {"type": "Point", "coordinates": [-95.23827442021529, 29.710594474369493]}, "properties": {"kind": "storage_tank"}}, {"type": "Feature", "geometry": {"type": "Point", "coordinates": [-95.23602603696192, 29.71170189173467]}, "properties": {"kind": "storage_tank"}}, {"type": "Feature", "geometry": {"type": "Point", "coordinates": [-95.23730072961605, 29.713371540325497]}, "properties": {"kind": "storage_tank"}}, {"type": "Feature", "geometry": {"type": "Point", "coordinates": [-95.24054608775194, 29.71181330186239]}, "properties": {"kind": "storage_tank"}}, {"type": "Feature", "geometry": {"type": "Point", "coordinates": [-95.24054608872719, 29.71160792394964]}, "properties": {"kind": "storage_tank"}}, {"type": "Feature", "geometry": {"type": "Point", "coordinates": [-95.24083373045067, 29.71160451321484]}, "properties": {"kind": "storage_tank"}}, {"type": "Feature", "geometry": {"type": "Point", "coordinates": [-95.24081522089917, 29.71181103408206]}, "properties": {"kind": "storage_tank"}}, {"type": "Feature", "geometry": {"type": "Point", "coordinates": [-95.24032151607493, 29.712024576781538]}, "properties": {"kind": "storage_tank"}}, {"type": "Feature", "geometry": {"type": "Point", "coordinates": [-95.2400850843815, 29.712023763823893]}, "properties": {"kind": "storage_tank"}}, {"type": "Feature", "geometry": {"type": "Point", "coordinates": [-95.24007323104183, 29.711806424003946]}, "properties": {"kind": "storage_tank"}}, {"type": "Feature", "geometry": {"type": "Point", "coordinates": [-95.24030573810094, 29.711811601168332]}, "properties": {"kind": "storage_tank"}}, {"type": "Feature", "geometry": {"type": "Point", "coordinates": [-95.24028997085986, 29.71160622336087]}, "properties": {"kind": "storage_tank"}}, {"type": "Feature", "geometry": {"type": "Point", "coordinates": [-95.24007718438152, 29.711609663823896]}, "properties": {"kind": "storage_tank"}}, {"type": "Feature", "geometry": {"type": "Point", "coordinates": [-95.23726665917454, 29.710695327888896]}, "properties": {"kind": "storage_tank"}}, {"type": "Feature", "geometry": {"type": "Point", "coordinates": [-95.23567455024359, 29.715292035556104]}, "properties": {"kind": "storage_tank"}}, {"type": "Feature", "geometry": {"type": "Point", "coordinates": [-95.23491277023862, 29.714204857020828]}, "properties": {"kind": "storage_tank"}}, {"type": "Feature", "geometry": {"type": "Point", "coordinates": [-95.23493228714709, 29.715450758583195]}, "properties": {"kind": "storage_tank"}}, {"type": "Feature", "geometry": {"type": "Point", "coordinates": [-95.23618383759495, 29.713494862029414]}, "properties": {"kind": "storage_tank"}}, {"type": "Feature", "geometry": {"type": "Point", "coordinates": [-95.23629390823112, 29.71313287395532]}, "properties": {"kind": "storage_tank"}}, {"type": "Feature", "geometry": {"type": "Point", "coordinates": [-95.23589152118097, 29.713010741609928]}, "properties": {"kind": "storage_tank"}}, {"type": "Feature", "geometry": {"type": "Point", "coordinates": [-95.23564736781607, 29.714880046888002]}, "properties": {"kind": "storage_tank"}}, {"type": "Feature", "geometry": {"type": "Point", "coordinates": [-95.23611470515245, 29.714874213412816]}, "properties": {"kind": "storage_tank"}}, {"type": "Feature", "geometry": {"type": "Point", "coordinates": [-95.23616620548108, 29.714102319568426]}, "properties": {"kind": "storage_tank"}}, {"type": "Feature", "geometry": {"type": "Point", "coordinates": [-95.23592148154788, 29.714104805912562]}, "properties": {"kind": "storage_tank"}}, {"type": "Feature", "geometry": {"type": "Point", "coordinates": [-95.23616576272849, 29.713869187409585]}, "properties": {"kind": "storage_tank"}}, {"type": "Feature", "geometry": {"type": "Point", "coordinates": [-95.23590769808493, 29.713871114045645]}, "properties": {"kind": "storage_tank"}}, {"type": "Feature", "geometry": {"type": "Point", "coordinates": [-95.23548027789919, 29.71387616705791]}, "properties": {"kind": "storage_tank"}}, {"type": "Feature", "geometry": {"type": "Point", "coordinates": [-95.23591431430484, 29.714495004464812]}, "properties": {"kind": "storage_tank"}}, {"type": "Feature", "geometry": {"type": "Point", "coordinates": [-95.23561330874476, 29.714500490317025]}, "properties": {"kind": "storage_tank"}}, {"type": "Feature", "geometry": {"type": "Point", "coordinates": [-95.23524940142282, 29.71560818791032]}, "properties": {"kind": "storage_tank"}}, {"type": "Feature", "geometry": {"type": "Point", "coordinates": [-95.23585385467848, 29.7156492859671]}, "properties": {"kind": "storage_tank"}}, {"type": "Feature", "geometry": {"type": "Point", "coordinates": [-95.23558238342535, 29.716293138417324]}, "properties": {"kind": "storage_tank"}}, {"type": "Feature", "geometry": {"type": "Point", "coordinates": [-95.23583746674129, 29.71629728874623]}, "properties": {"kind": "storage_tank"}}, {"type": "Feature", "geometry": {"type": "Point", "coordinates": [-95.23607822574604, 29.716282781883574]}, "properties": {"kind": "storage_tank"}}, {"type": "Feature", "geometry": {"type": "Point", "coordinates": [-95.23633092574603, 29.716282781883574]}, "properties": {"kind": "storage_tank"}}, {"type": "Feature", "geometry": {"type": "Point", "coordinates": [-95.23737231605432, 29.71634163260258]}, "properties": {"kind": "storage_tank"}}, {"type": "Feature", "geometry": {"type": "Point", "coordinates": [-95.23563242432914, 29.71751053320294]}, "properties": {"kind": "storage_tank"}}, {"type": "Feature", "geometry": {"type": "Point", "coordinates": [-95.23594950011676, 29.71751469036075]}, "properties": {"kind": "storage_tank"}}, {"type": "Feature", "geometry": {"type": "Point", "coordinates": [-95.23738021077553, 29.717039916662557]}, "properties": {"kind": "storage_tank"}}, {"type": "Feature", "geometry": {"type": "Point", "coordinates": [-95.2301014739321, 29.71274210254792]}, "properties": {"kind": "storage_tank"}}, {"type": "Feature", "geometry": {"type": "Point", "coordinates": [-95.23009178752179, 29.713720890332436]}, "properties": {"kind": "storage_tank"}}, {"type": "Feature", "geometry": {"type": "Point", "coordinates": [-95.23014058924664, 29.714782883125114]}, "properties": {"kind": "storage_tank"}}, {"type": "Feature", "geometry": {"type": "Point", "coordinates": [-95.22896956597641, 29.71197713965075]}, "properties": {"kind": "storage_tank"}}, {"type": "Feature", "geometry": {"type": "Point", "coordinates": [-95.22894591642385, 29.713371447550706]}, "properties": {"kind": "storage_tank"}}, {"type": "Feature", "geometry": {"type": "Point", "coordinates": [-95.22772842576933, 29.71548082064039]}, "properties": {"kind": "storage_tank"}}, {"type": "Feature", "geometry": {"type": "Point", "coordinates": [-95.20743185845767, 29.751392210613243]}, "properties": {"kind": "storage_tank"}}, {"type": "Feature", "geometry": {"type": "Point", "coordinates": [-95.20534755404243, 29.750943760878805]}, "properties": {"kind": "storage_tank"}}, {"type": "Feature", "geometry": {"type": "Point", "coordinates": [-95.20321138134618, 29.750484464990453]}, "properties": {"kind": "storage_tank"}}, {"type": "Feature", "geometry": {"type": "Point", "coordinates": [-95.20770365835159, 29.74986060372502]}, "properties": {"kind": "storage_tank"}}, {"type": "Feature", "geometry": {"type": "Point", "coordinates": [-95.20755426084011, 29.746580746803176]}, "properties": {"kind": "storage_tank"}}, {"type": "Feature", "geometry": {"type": "Point", "coordinates": [-95.20752638418016, 29.7457619428359]}, "properties": {"kind": "storage_tank"}}, {"type": "Feature", "geometry": {"type": "Point", "coordinates": [-95.20749850248589, 29.744927030945767]}, "properties": {"kind": "storage_tank"}}, {"type": "Feature", "geometry": {"type": "Point", "coordinates": [-95.20885240037629, 29.74653745426172]}, "properties": {"kind": "storage_tank"}}, {"type": "Feature", "geometry": {"type": "Point", "coordinates": [-95.20880392513159, 29.745729699577964]}, "properties": {"kind": "storage_tank"}}, {"type": "Feature", "geometry": {"type": "Point", "coordinates": [-95.20019433660373, 29.744859869584968]}, "properties": {"kind": "storage_tank"}}, {"type": "Feature", "geometry": {"type": "Point", "coordinates": [-95.20407997688389, 29.743580510088382]}, "properties": {"kind": "storage_tank"}}, {"type": "Feature", "geometry": {"type": "Point", "coordinates": [-95.20553158811428, 29.743768843071074]}, "properties": {"kind": "storage_tank"}}, {"type": "Feature", "geometry": {"type": "Point", "coordinates": [-95.2049161868568, 29.744318635260477]}, "properties": {"kind": "storage_tank"}}, {"type": "Feature", "geometry": {"type": "Point", "coordinates": [-95.20376875476073, 29.74450415029869]}, "properties": {"kind": "storage_tank"}}, {"type": "Feature", "geometry": {"type": "Point", "coordinates": [-95.20223076476346, 29.744995173631057]}, "properties": {"kind": "storage_tank"}}, {"type": "Feature", "geometry": {"type": "Point", "coordinates": [-95.20109243763184, 29.744017365554363]}, "properties": {"kind": "storage_tank"}}, {"type": "Feature", "geometry": {"type": "Point", "coordinates": [-95.20334424618284, 29.744101306191343]}, "properties": {"kind": "storage_tank"}}, {"type": "Feature", "geometry": {"type": "Point", "coordinates": [-95.20163996239198, 29.744502683503573]}, "properties": {"kind": "storage_tank"}}, {"type": "Feature", "geometry": {"type": "Point", "coordinates": [-95.20377040061561, 29.748259056546996]}, "properties": {"kind": "storage_tank"}}, {"type": "Feature", "geometry": {"type": "Point", "coordinates": [-95.20233833311879, 29.747001515753098]}, "properties": {"kind": "storage_tank"}}, {"type": "Feature", "geometry": {"type": "Point", "coordinates": [-95.20606782574642, 29.74841627003016]}, "properties": {"kind": "storage_tank"}}, {"type": "Feature", "geometry": {"type": "Point", "coordinates": [-95.20302142630533, 29.747615984594294]}, "properties": {"kind": "storage_tank"}}, {"type": "Feature", "geometry": {"type": "Point", "coordinates": [-95.20493585533721, 29.74737015546651]}, "properties": {"kind": "storage_tank"}}, {"type": "Feature", "geometry": {"type": "Point", "coordinates": [-95.20429923977171, 29.746822657364863]}, "properties": {"kind": "storage_tank"}}, {"type": "Feature", "geometry": {"type": "Point", "coordinates": [-95.20552552409428, 29.747887292791187]}, "properties": {"kind": "storage_tank"}}, {"type": "Feature", "geometry": {"type": "Point", "coordinates": [-95.2037889928956, 29.746415373238325]}, "properties": {"kind": "storage_tank"}}, {"type": "Feature", "geometry": {"type": "Point", "coordinates": [-95.20329316902495, 29.745961480717504]}, "properties": {"kind": "storage_tank"}}, {"type": "Feature", "geometry": {"type": "Point", "coordinates": [-95.20243324069367, 29.750120027426146]}, "properties": {"kind": "storage_tank"}}, {"type": "Feature", "geometry": {"type": "Point", "coordinates": [-95.20710389698968, 29.74927222721188]}, "properties": {"kind": "storage_tank"}}, {"type": "Feature", "geometry": {"type": "Point", "coordinates": [-95.20444660911384, 29.750240836672244]}, "properties": {"kind": "storage_tank"}}, {"type": "Feature", "geometry": {"type": "Point", "coordinates": [-95.20534467768162, 29.74952517072573]}, "properties": {"kind": "storage_tank"}}, {"type": "Feature", "geometry": {"type": "Point", "coordinates": [-95.20621204936708, 29.750229558566225]}, "properties": {"kind": "storage_tank"}}, {"type": "Feature", "geometry": {"type": "Point", "coordinates": [-95.20461986373734, 29.748769044869967]}, "properties": {"kind": "storage_tank"}}, {"type": "Feature", "geometry": {"type": "Point", "coordinates": [-95.20252440873261, 29.74865399258891]}, "properties": {"kind": "storage_tank"}}, {"type": "Feature", "geometry": {"type": "Point", "coordinates": [-95.19974557032525, 29.74620382649012]}, "properties": {"kind": "storage_tank"}}, {"type": "Feature", "geometry": {"type": "Point", "coordinates": [-95.20143277863065, 29.747679683813786]}, "properties": {"kind": "storage_tank"}}, {"type": "Feature", "geometry": {"type": "Point", "coordinates": [-95.20173829698967, 29.749510327211873]}, "properties": {"kind": "storage_tank"}}, {"type": "Feature", "geometry": {"type": "Point", "coordinates": [-95.2011514774087, 29.74899206473616]}, "properties": {"kind": "storage_tank"}}, {"type": "Feature", "geometry": {"type": "Point", "coordinates": [-95.20097515208329, 29.74329795693843]}, "properties": {"kind": "storage_tank"}}, {"type": "Feature", "geometry": {"type": "Point", "coordinates": [-95.20091761770247, 29.743079668718185]}, "properties": {"kind": "storage_tank"}}, {"type": "Feature", "geometry": {"type": "Point", "coordinates": [-95.18621251530541, 29.721812964011818]}, "properties": {"kind": "stream"}}, {"type": "Feature", "geometry": {"type": "Point", "coordinates": [-95.16267769999999, 29.6889195]}, "properties": {"kind": "stream"}}, {"type": "Feature", "geometry": {"type": "Point", "coordinates": [-95.16364013293277, 29.727866464535573]}, "properties": {"kind": "stream"}}, {"type": "Feature", "geometry": {"type": "Point", "coordinates": [-95.16120194999998, 29.712218550000003]}, "properties": {"kind": "stream"}}, {"type": "Feature", "geometry": {"type": "Point", "coordinates": [-95.16106937721332, 29.659797714590724]}, "properties": {"kind": "ditch"}}, {"type": "Feature", "geometry": {"type": "Point", "coordinates": [-95.15617915287821, 29.654915698233037]}, "properties": {"kind": "stream"}}, {"type": "Feature", "geometry": {"type": "Point", "coordinates": [-95.1514953, 29.70065155]}, "properties": {"kind": "stream"}}, {"type": "Feature", "geometry": {"type": "Point", "coordinates": [-95.20395413271194, 29.772186574958187]}, "properties": {"kind": "canal"}}, {"type": "Feature", "geometry": {"type": "Point", "coordinates": [-95.2039187, 29.771327550000002]}, "properties": {"kind": "canal"}}, {"type": "Feature", "geometry": {"type": "Point", "coordinates": [-95.30809871406474, 29.75631457287732]}, "properties": {"kind": "industrial_plant"}}, {"type": "Feature", "geometry": {"type": "Point", "coordinates": [-95.23604403636857, 29.73783202381432]}, "properties": {"kind": "stream"}}, {"type": "Feature", "geometry": {"type": "Point", "coordinates": [-95.16963890000001, 29.8317409]}, "properties": {"kind": "canal"}}, {"type": "Feature", "geometry": {"type": "Point", "coordinates": [-95.28672286437828, 29.74380165712672]}, "properties": {"kind": "storage_tank"}}, {"type": "Feature", "geometry": {"type": "Point", "coordinates": [-95.28409854718726, 29.74276699707299]}, "properties": {"kind": "storage_tank"}}, {"type": "Feature", "geometry": {"type": "Point", "coordinates": [-95.28568019724155, 29.74313217939334]}, "properties": {"kind": "storage_tank"}}, {"type": "Feature", "geometry": {"type": "Point", "coordinates": [-95.18722121119073, 29.612326761523196]}, "properties": {"kind": "stream"}}, {"type": "Feature", "geometry": {"type": "Point", "coordinates": [-95.36625350088634, 29.790121007446203]}, "properties": {"kind": "river"}}, {"type": "Feature", "geometry": {"type": "Point", "coordinates": [-95.3687852110434, 29.78337411561696]}, "properties": {"kind": "river"}}, {"type": "Feature", "geometry": {"type": "Point", "coordinates": [-95.37057316740528, 29.781674438954724]}, "properties": {"kind": "river"}}, {"type": "Feature", "geometry": {"type": "Point", "coordinates": [-95.20050635000001, 29.61182125]}, "properties": {"kind": "stream"}}, {"type": "Feature", "geometry": {"type": "Point", "coordinates": [-95.38370284415227, 29.82694576732045]}, "properties": {"kind": "river"}}, {"type": "Feature", "geometry": {"type": "Point", "coordinates": [-95.37673315, 29.81382575]}, "properties": {"kind": "river"}}, {"type": "Feature", "geometry": {"type": "Point", "coordinates": [-95.37170449999999, 29.7991068]}, "properties": {"kind": "river"}}, {"type": "Feature", "geometry": {"type": "Point", "coordinates": [-95.37433956624702, 29.806218971494165]}, "properties": {"kind": "river"}}, {"type": "Feature", "geometry": {"type": "Point", "coordinates": [-95.37856516754289, 29.819245659890232]}, "properties": {"kind": "river"}}, {"type": "Feature", "geometry": {"type": "Point", "coordinates": [-95.37808751434409, 29.817241933013]}, "properties": {"kind": "river"}}, {"type": "Feature", "geometry": {"type": "Point", "coordinates": [-95.18888445976145, 29.630201780077137]}, "properties": {"kind": "river"}}, {"type": "Feature", "geometry": {"type": "Point", "coordinates": [-95.19013704535449, 29.631998103908177]}, "properties": {"kind": "river"}}, {"type": "Feature", "geometry": {"type": "Point", "coordinates": [-95.1779643, 29.678883349999996]}, "properties": {"kind": "river"}}, {"type": "Feature", "geometry": {"type": "Point", "coordinates": [-95.18129462390216, 29.682529263266513]}, "properties": {"kind": "river"}}, {"type": "Feature", "geometry": {"type": "Point", "coordinates": [-95.19975483495693, 29.702928988473467]}, "properties": {"kind": "river"}}, {"type": "Feature", "geometry": {"type": "Point", "coordinates": [-95.17936683664621, 29.68048261824963]}, "properties": {"kind": "river"}}, {"type": "Feature", "geometry": {"type": "Point", "coordinates": [-95.17982250241757, 29.75732373548825]}, "properties": {"kind": "river"}}, {"type": "Feature", "geometry": {"type": "Point", "coordinates": [-95.20439183979394, 29.779489266102164]}, "properties": {"kind": "river"}}, {"type": "Feature", "geometry": {"type": "Point", "coordinates": [-95.25776595690084, 29.845442456509506]}, "properties": {"kind": "river"}}, {"type": "Feature", "geometry": {"type": "Point", "coordinates": [-95.24545413905548, 29.7160980543572]}, "properties": {"kind": "river"}}, {"type": "Feature", "geometry": {"type": "Point", "coordinates": [-95.22573832718562, 29.73417735922067]}, "properties": {"kind": "river"}}, {"type": "Feature", "geometry": {"type": "Point", "coordinates": [-95.38263614134593, 29.82870834396498]}, "properties": {"kind": "stream"}}, {"type": "Feature", "geometry": {"type": "Point", "coordinates": [-95.38719338282803, 29.83480370889514]}, "properties": {"kind": "stream"}}, {"type": "Feature", "geometry": {"type": "Point", "coordinates": [-95.3857879193863, 29.841532161209994]}, "properties": {"kind": "stream"}}, {"type": "Feature", "geometry": {"type": "Point", "coordinates": [-95.38709965880699, 29.83724243672897]}, "properties": {"kind": "stream"}}, {"type": "Feature", "geometry": {"type": "Point", "coordinates": [-95.35270472871632, 29.76201770986666]}, "properties": {"kind": "river"}}, {"type": "Feature", "geometry": {"type": "Point", "coordinates": [-95.22866675, 29.6603444]}, "properties": {"kind": "drain"}}, {"type": "Feature", "geometry": {"type": "Point", "coordinates": [-95.23916210656876, 29.759502852892705]}, "properties": {"kind": "stream"}}, {"type": "Feature", "geometry": {"type": "Point", "coordinates": [-95.32278764632206, 29.70406609816394]}, "properties": {"kind": "stream"}}, {"type": "Feature", "geometry": {"type": "Point", "coordinates": [-95.15986462469365, 29.826375771077807]}, "properties": {"kind": "stream"}}, {"type": "Feature", "geometry": {"type": "Point", "coordinates": [-95.1551584, 29.826727650000002]}, "properties": {"kind": "stream"}}, {"type": "Feature", "geometry": {"type": "Point", "coordinates": [-95.16807299999999, 29.83589525]}, "properties": {"kind": "canal"}}, {"type": "Feature", "geometry": {"type": "Point", "coordinates": [-95.18551143518363, 29.80053203146339]}, "properties": {"kind": "canal"}}, {"type": "Feature", "geometry": {"type": "Point", "coordinates": [-95.20314488166748, 29.77453969541298]}, "properties": {"kind": "canal"}}, {"type": "Feature", "geometry": {"type": "Point", "coordinates": [-95.17119065, 29.82762235]}, "properties": {"kind": "canal"}}, {"type": "Feature", "geometry": {"type": "Point", "coordinates": [-95.1670470960933, 29.84266155021704]}, "properties": {"kind": "canal"}}, {"type": "Feature", "geometry": {"type": "Point", "coordinates": [-95.21740742900975, 29.74460942213828]}, "properties": {"kind": "canal"}}, {"type": "Feature", "geometry": {"type": "Point", "coordinates": [-95.21639153305065, 29.74128490251199]}, "properties": {"kind": "water_works"}}, {"type": "Feature", "geometry": {"type": "Point", "coordinates": [-95.21723610000002, 29.739916849999997]}, "properties": {"kind": "canal"}}, {"type": "Feature", "geometry": {"type": "Point", "coordinates": [-95.21750674999998, 29.74818995]}, "properties": {"kind": "canal"}}, {"type": "Feature", "geometry": {"type": "Point", "coordinates": [-95.15688574999999, 29.8055824]}, "properties": {"kind": "stream"}}, {"type": "Feature", "geometry": {"type": "Point", "coordinates": [-95.15442926318275, 29.797257059355996]}, "properties": {"kind": "stream"}}, {"type": "Feature", "geometry": {"type": "Point", "coordinates": [-95.37659617812076, 29.762633751684714]}, "properties": {"kind": "reservoir_covered"}}, {"type": "Feature", "geometry": {"type": "Point", "coordinates": [-95.28880889685381, 29.749843224762902]}, "properties": {"kind": "turning_point"}}, {"type": "Feature", "geometry": {"type": "Point", "coordinates": [-95.37508083519133, 29.640184205432632]}, "properties": {"kind": "stream"}}, {"type": "Feature", "geometry": {"type": "Point", "coordinates": [-95.38393479999999, 29.6684968]}, "properties": {"kind": "stream"}}, {"type": "Feature", "geometry": {"type": "Point", "coordinates": [-95.23085628864666, 29.636697496974513]}, "properties": {"kind": "stream"}}, {"type": "Feature", "geometry": {"type": "Point", "coordinates": [-95.21914012551511, 29.638678001811513]}, "properties": {"kind": "stream"}}, {"type": "Feature", "geometry": {"type": "Point", "coordinates": [-95.24236064343879, 29.64537010629554]}, "properties": {"kind": "stream"}}, {"type": "Feature", "geometry": {"type": "Point", "coordinates": [-95.24722675, 29.647938800000002]}, "properties": {"kind": "stream"}}, {"type": "Feature", "geometry": {"type": "Point", "coordinates": [-95.23004399670371, 29.632001942123154]}, "properties": {"kind": "stream"}}, {"type": "Feature", "geometry": {"type": "Point", "coordinates": [-95.16966942939344, 29.634446548201833]}, "properties": {"kind": "stream"}}, {"type": "Feature", "geometry": {"type": "Point", "coordinates": [-95.16794808232954, 29.634662013897106]}, "properties": {"kind": "stream"}}, {"type": "Feature", "geometry": {"type": "Point", "coordinates": [-95.18206144999999, 29.650914099999998]}, "properties": {"kind": "stream"}}, {"type": "Feature", "geometry": {"type": "Point", "coordinates": [-95.29432465, 29.849843]}, "properties": {"kind": "stream"}}, {"type": "Feature", "geometry": {"type": "Point", "coordinates": [-95.25280236048403, 29.82288732688827]}, "properties": {"kind": "stream"}}, {"type": "Feature", "geometry": {"type": "Point", "coordinates": [-95.23884920108091, 29.816558796906893]}, "properties": {"kind": "stream"}}, {"type": "Feature", "geometry": {"type": "Point", "coordinates": [-95.31394639879666, 29.798958004425696]}, "properties": {"kind": "stream"}}, {"type": "Feature", "geometry": {"type": "Point", "coordinates": [-95.26465805, 29.63435415]}, "properties": {"kind": "drain"}}, {"type": "Feature", "geometry": {"type": "Point", "coordinates": [-95.28606372220987, 29.635721275831962]}, "properties": {"kind": "drain"}}, {"type": "Feature", "geometry": {"type": "Point", "coordinates": [-95.26670785, 29.631688699999998]}, "properties": {"kind": "drain"}}, {"type": "Feature", "geometry": {"type": "Point", "coordinates": [-95.26599504957926, 29.634308839493155]}, "properties": {"kind": "drain"}}, {"type": "Feature", "geometry": {"type": "Point", "coordinates": [-95.27112313039528, 29.63530291919058]}, "properties": {"kind": "drain"}}, {"type": "Feature", "geometry": {"type": "Point", "coordinates": [-95.26658456774007, 29.633664504981063]}, "properties": {"kind": "drain"}}, {"type": "Feature", "geometry": {"type": "Point", "coordinates": [-95.26550585000001, 29.635108000000002]}, "properties": {"kind": "drain"}}, {"type": "Feature", "geometry": {"type": "Point", "coordinates": [-95.28531765, 29.634490300000003]}, "properties": {"kind": "drain"}}, {"type": "Feature", "geometry": {"type": "Point", "coordinates": [-95.26671055, 29.63243945]}, "properties": {"kind": "drain"}}, {"type": "Feature", "geometry": {"type": "Point", "coordinates": [-95.28273329999999, 29.6376692]}, "properties": {"kind": "drain"}}, {"type": "Feature", "geometry": {"type": "Point", "coordinates": [-95.26614739999998, 29.634082499999998]}, "properties": {"kind": "drain"}}, {"type": "Feature", "geometry": {"type": "Point", "coordinates": [-95.28431624999999, 29.63447235]}, "properties": {"kind": "drain"}}, {"type": "Feature", "geometry": {"type": "Point", "coordinates": [-95.28537890000001, 29.6345919]}, "properties": {"kind": "drain"}}, {"type": "Feature", "geometry": {"type": "Point", "coordinates": [-95.26671615, 29.6328696]}, "properties": {"kind": "drain"}}, {"type": "Feature", "geometry": {"type": "Point", "coordinates": [-95.2667188, 29.633352199999997]}, "properties": {"kind": "drain"}}, {"type": "Feature", "geometry": {"type": "Point", "coordinates": [-95.28934171481228, 29.78658400992559]}, "properties": {"kind": "stream"}}, {"type": "Feature", "geometry": {"type": "Point", "coordinates": [-95.17072366787733, 29.795879197260682]}, "properties": {"kind": "stream"}}, {"type": "Feature", "geometry": {"type": "Point", "coordinates": [-95.16674686751023, 29.798745372118844]}, "properties": {"kind": "stream"}}, {"type": "Feature", "geometry": {"type": "Point", "coordinates": [-95.37933529530693, 29.76277489657589]}, "properties": {"kind": "stream"}}, {"type": "Feature", "geometry": {"type": "Point", "coordinates": [-95.37612368470681, 29.760773728832955]}, "properties": {"kind": "stream"}}, {"type": "Feature", "geometry": {"type": "Point", "coordinates": [-95.33389617192648, 29.80102420620048]}, "properties": {"kind": "river"}}, {"type": "Feature", "geometry": {"type": "Point", "coordinates": [-95.37680170681449, 29.64227151398952]}, "properties": {"kind": "stream"}}, {"type": "Feature", "geometry": {"type": "Point", "coordinates": [-95.37926064999998, 29.643775499999997]}, "properties": {"kind": "stream"}}, {"type": "Feature", "geometry": {"type": "Point", "coordinates": [-95.38067257993734, 29.650584209094255]}, "properties": {"kind": "stream"}}, {"type": "Feature", "geometry": {"type": "Point", "coordinates": [-95.3808059, 29.65800955]}, "properties": {"kind": "stream"}}, {"type": "Feature", "geometry": {"type": "Point", "coordinates": [-95.38766233034902, 29.832942223329454]}, "properties": {"kind": "stream"}}, {"type": "Feature", "geometry": {"type": "Point", "coordinates": [-95.38726170000001, 29.8338163]}, "properties": {"kind": "stream"}}, {"type": "Feature", "geometry": {"type": "Point", "coordinates": [-95.38107385, 29.668014749999994]}, "properties": {"kind": "stream"}}, {"type": "Feature", "geometry": {"type": "Point", "coordinates": [-95.3809878800282, 29.663052017767704]}, "properties": {"kind": "stream"}}, {"type": "Feature", "geometry": {"type": "Point", "coordinates": [-95.3384494199494, 29.699520981196404]}, "properties": {"kind": "stream"}}, {"type": "Feature", "geometry": {"type": "Point", "coordinates": [-95.33627945, 29.699136299999996]}, "properties": {"kind": "stream"}}, {"type": "Feature", "geometry": {"type": "Point", "coordinates": [-95.15033105, 29.637395750000003]}, "properties": {"kind": "stream"}}, {"type": "Feature", "geometry": {"type": "Point", "coordinates": [-95.24017132099401, 29.710740991194143]}, "properties": {"kind": "storage_tank"}}, {"type": "Feature", "geometry": {"type": "Point", "coordinates": [-95.37041428618947, 29.779694408751766]}, "properties": {"kind": "river"}}, {"type": "Feature", "geometry": {"type": "Point", "coordinates": [-95.37036082905617, 29.778902989754936]}, "properties": {"kind": "river"}}, {"type": "Feature", "geometry": {"type": "Point", "coordinates": [-95.3420431415933, 29.648640371112517]}, "properties": {"kind": "drain"}}, {"type": "Feature", "geometry": {"type": "Point", "coordinates": [-95.36364142477885, 29.631476594959867]}, "properties": {"kind": "stream"}}, {"type": "Feature", "geometry": {"type": "Point", "coordinates": [-95.29705499273517, 29.665378939357357]}, "properties": {"kind": "drain"}}, {"type": "Feature", "geometry": {"type": "Point", "coordinates": [-95.27130345, 29.673094900000002]}, "properties": {"kind": "river"}}, {"type": "Feature", "geometry": {"type": "Point", "coordinates": [-95.27159406011982, 29.675750519059825]}, "properties": {"kind": "river"}}, {"type": "Feature", "geometry": {"type": "Point", "coordinates": [-95.31694760605157, 29.62785121015341]}, "properties": {"kind": "stream"}}, {"type": "Feature", "geometry": {"type": "Point", "coordinates": [-95.31731435, 29.62998495]}, "properties": {"kind": "stream"}}, {"type": "Feature", "geometry": {"type": "Point", "coordinates": [-95.31715679999999, 29.64112805]}, "properties": {"kind": "stream"}}, {"type": "Feature", "geometry": {"type": "Point", "coordinates": [-95.2147865, 29.644831999999997]}, "properties": {"kind": "stream"}}, {"type": "Feature", "geometry": {"type": "Point", "coordinates": [-95.21274725, 29.64564265]}, "properties": {"kind": "stream"}}, {"type": "Feature", "geometry": {"type": "Point", "coordinates": [-95.21569212263591, 29.64418171461413]}, "properties": {"kind": "stream"}}, {"type": "Feature", "geometry": {"type": "Point", "coordinates": [-95.21378947562006, 29.645288218737406]}, "properties": {"kind": "stream"}}, {"type": "Feature", "geometry": {"type": "Point", "coordinates": [-95.21096758479737, 29.64584314652812]}, "properties": {"kind": "stream"}}, {"type": "Feature", "geometry": {"type": "Point", "coordinates": [-95.30734455676719, 29.731495054126253]}, "properties": {"kind": "stream"}}, {"type": "Feature", "geometry": {"type": "Point", "coordinates": [-95.1587164, 29.67059495]}, "properties": {"kind": "river"}}, {"type": "Feature", "geometry": {"type": "Point", "coordinates": [-95.16005424999999, 29.671406150000003]}, "properties": {"kind": "river"}}, {"type": "Feature", "geometry": {"type": "Point", "coordinates": [-95.16305975, 29.672468000000006]}, "properties": {"kind": "river"}}, {"type": "Feature", "geometry": {"type": "Point", "coordinates": [-95.15946385, 29.67103875]}, "properties": {"kind": "river"}}, {"type": "Feature", "geometry": {"type": "Point", "coordinates": [-95.16153434960366, 29.671970017664112]}, "properties": {"kind": "river"}}, {"type": "Feature", "geometry": {"type": "Point", "coordinates": [-95.17154085, 29.68942665]}, "properties": {"kind": "drain"}}, {"type": "Feature", "geometry": {"type": "Point", "coordinates": [-95.17116835, 29.689416799999996]}, "properties": {"kind": "drain"}}, {"type": "Feature", "geometry": {"type": "Point", "coordinates": [-95.17192335, 29.689436399999998]}, "properties": {"kind": "drain"}}, {"type": "Feature", "geometry": {"type": "Point", "coordinates": [-95.1726964, 29.6894086]}, "properties": {"kind": "drain"}}, {"type": "Feature", "geometry": {"type": "Point", "coordinates": [-95.1707968, 29.689416199999997]}, "properties": {"kind": "drain"}}, {"type": "Feature", "geometry": {"type": "Point", "coordinates": [-95.1704215, 29.6894161]}, "properties": {"kind": "drain"}}, {"type": "Feature", "geometry": {"type": "Point", "coordinates": [-95.1723128, 29.6894241]}, "properties": {"kind": "drain"}}, {"type": "Feature", "geometry": {"type": "Point", "coordinates": [-95.16749497689587, 29.689445170283474]}, "properties": {"kind": "drain"}}, {"type": "Feature", "geometry": {"type": "Point", "coordinates": [-95.17765525, 29.689423300000005]}, "properties": {"kind": "drain"}}, {"type": "Feature", "geometry": {"type": "Point", "coordinates": [-95.18694959431123, 29.68932929257917]}, "properties": {"kind": "drain"}}, {"type": "Feature", "geometry": {"type": "Point", "coordinates": [-95.18020849999999, 29.689401199999995]}, "properties": {"kind": "drain"}}, {"type": "Feature", "geometry": {"type": "Point", "coordinates": [-95.1827773, 29.68937765]}, "properties": {"kind": "drain"}}, {"type": "Feature", "geometry": {"type": "Point", "coordinates": [-95.26671835398963, 29.69981897440539]}, "properties": {"kind": "wastewater_plant"}}, {"type": "Feature", "geometry": {"type": "Point", "coordinates": [-95.26318549999999, 29.666682249999997]}, "properties": {"kind": "drain"}}, {"type": "Feature", "geometry": {"type": "Point", "coordinates": [-95.26307320000001, 29.6612687]}, "properties": {"kind": "drain"}}, {"type": "Feature", "geometry": {"type": "Point", "coordinates": [-95.26313655, 29.6618554]}, "properties": {"kind": "drain"}}, {"type": "Feature", "geometry": {"type": "Point", "coordinates": [-95.2631379, 29.66239065]}, "properties": {"kind": "drain"}}, {"type": "Feature", "geometry": {"type": "Point", "coordinates": [-95.2631719, 29.66544395]}, "properties": {"kind": "drain"}}, {"type": "Feature", "geometry": {"type": "Point", "coordinates": [-95.26316105, 29.66447385]}, "properties": {"kind": "drain"}}, {"type": "Feature", "geometry": {"type": "Point", "coordinates": [-95.26315015, 29.6634825]}, "properties": {"kind": "drain"}}, {"type": "Feature", "geometry": {"type": "Point", "coordinates": [-95.2631447, 29.662937749999998]}, "properties": {"kind": "drain"}}, {"type": "Feature", "geometry": {"type": "Point", "coordinates": [-95.27342524023715, 29.678632519801077]}, "properties": {"kind": "river"}}, {"type": "Feature", "geometry": {"type": "Point", "coordinates": [-95.2727953, 29.67796435]}, "properties": {"kind": "river"}}, {"type": "Feature", "geometry": {"type": "Point", "coordinates": [-95.25898491205825, 29.709963996056217]}, "properties": {"kind": "wastewater_plant"}}, {"type": "Feature", "geometry": {"type": "Point", "coordinates": [-95.26529545430135, 29.721921968312326]}, "properties": {"kind": "storage_tank"}}, {"type": "Feature", "geometry": {"type": "Point", "coordinates": [-95.2650999532849, 29.721980109292023]}, "properties": {"kind": "storage_tank"}}, {"type": "Feature", "geometry": {"type": "Point", "coordinates": [-95.26490285430138, 29.722037168312337]}, "properties": {"kind": "storage_tank"}}, {"type": "Feature", "geometry": {"type": "Point", "coordinates": [-95.26469048140915, 29.722103503287926]}, "properties": {"kind": "storage_tank"}}, {"type": "Feature", "geometry": {"type": "Point", "coordinates": [-95.26449495334565, 29.722164530113584]}, "properties": {"kind": "storage_tank"}}, {"type": "Feature", "geometry": {"type": "Point", "coordinates": [-95.26427799801812, 29.72223086583489]}, "properties": {"kind": "storage_tank"}}, {"type": "Feature", "geometry": {"type": "Point", "coordinates": [-95.26408549801813, 29.722290565834896]}, "properties": {"kind": "storage_tank"}}, {"type": "Feature", "geometry": {"type": "Point", "coordinates": [-95.26386704731284, 29.722354263386716]}, "properties": {"kind": "storage_tank"}}, {"type": "Feature", "geometry": {"type": "Point", "coordinates": [-95.26367299945385, 29.72241661182166]}, "properties": {"kind": "storage_tank"}}, {"type": "Feature", "geometry": {"type": "Point", "coordinates": [-95.26346065334567, 29.72248163011359]}, "properties": {"kind": "storage_tank"}}, {"type": "Feature", "geometry": {"type": "Point", "coordinates": [-95.26326354785223, 29.72254133377896]}, "properties": {"kind": "storage_tank"}}, {"type": "Feature", "geometry": {"type": "Point", "coordinates": [-95.2630450802601, 29.72260635081834]}, "properties": {"kind": "storage_tank"}}, {"type": "Feature", "geometry": {"type": "Point", "coordinates": [-95.26285106319689, 29.722666049986447]}, "properties": {"kind": "storage_tank"}}, {"type": "Feature", "geometry": {"type": "Point", "coordinates": [-95.26263716345676, 29.722728405942355]}, "properties": {"kind": "storage_tank"}}, {"type": "Feature", "geometry": {"type": "Point", "coordinates": [-95.26495446597195, 29.722647097717633]}, "properties": {"kind": "storage_tank"}}, {"type": "Feature", "geometry": {"type": "Point", "coordinates": [-95.26495088060004, 29.722418678620798]}, "properties": {"kind": "storage_tank"}}, {"type": "Feature", "geometry": {"type": "Point", "coordinates": [-95.26471080457911, 29.722492067815203]}, "properties": {"kind": "storage_tank"}}, {"type": "Feature", "geometry": {"type": "Point", "coordinates": [-95.26447075932755, 29.722565426357246]}, "properties": {"kind": "storage_tank"}}, {"type": "Feature", "geometry": {"type": "Point", "coordinates": [-95.26423471452183, 29.722638789579204]}, "properties": {"kind": "storage_tank"}}, {"type": "Feature", "geometry": {"type": "Point", "coordinates": [-95.26447747419782, 29.722789037304672]}, "properties": {"kind": "storage_tank"}}, {"type": "Feature", "geometry": {"type": "Point", "coordinates": [-95.26472018389597, 29.72271682862585]}, "properties": {"kind": "storage_tank"}}, {"type": "Feature", "geometry": {"type": "Point", "coordinates": [-95.26399734798284, 29.722714497431912]}, "properties": {"kind": "storage_tank"}}, {"type": "Feature", "geometry": {"type": "Point", "coordinates": [-95.26375861996841, 29.722785555680577]}, "properties": {"kind": "storage_tank"}}, {"type": "Feature", "geometry": {"type": "Point", "coordinates": [-95.26351990188121, 29.722858926250836]}, "properties": {"kind": "storage_tank"}}, {"type": "Feature", "geometry": {"type": "Point", "coordinates": [-95.26327985372076, 29.72293229781885]}, "properties": {"kind": "storage_tank"}}, {"type": "Feature", "geometry": {"type": "Point", "coordinates": [-95.26352660657736, 29.723083693910638]}, "properties": {"kind": "storage_tank"}}, {"type": "Feature", "geometry": {"type": "Point", "coordinates": [-95.26376800959142, 29.723010319207663]}, "properties": {"kind": "storage_tank"}}, {"type": "Feature", "geometry": {"type": "Point", "coordinates": [-95.26400269362841, 29.72293696890444]}, "properties": {"kind": "storage_tank"}}, {"type": "Feature", "geometry": {"type": "Point", "coordinates": [-95.26424276630465, 29.72286240644233]}, "properties": {"kind": "storage_tank"}}, {"type": "Feature", "geometry": {"type": "Point", "coordinates": [-95.26329057541194, 29.723155907116794]}, "properties": {"kind": "storage_tank"}}, {"type": "Feature", "geometry": {"type": "Point", "coordinates": [-95.26304785461703, 29.723229270358576]}, "properties": {"kind": "storage_tank"}}, {"type": "Feature", "geometry": {"type": "Point", "coordinates": [-95.26304381196499, 29.723004499719966]}, "properties": {"kind": "storage_tank"}}, {"type": "Feature", "geometry": {"type": "Point", "coordinates": [-95.26280645623383, 29.72307787364538]}, "properties": {"kind": "storage_tank"}}, {"type": "Feature", "geometry": {"type": "Point", "coordinates": [-95.26256504833195, 29.723152406165802]}, "properties": {"kind": "storage_tank"}}, {"type": "Feature", "geometry": {"type": "Point", "coordinates": [-95.26232497768393, 29.72322230195338]}, "properties": {"kind": "storage_tank"}}, {"type": "Feature", "geometry": {"type": "Point", "coordinates": [-95.2623370563931, 29.723449401071793]}, "properties": {"kind": "storage_tank"}}, {"type": "Feature", "geometry": {"type": "Point", "coordinates": [-95.26257441996843, 29.723374855680582]}, "properties": {"kind": "storage_tank"}}, {"type": "Feature", "geometry": {"type": "Point", "coordinates": [-95.2628131591753, 29.723300326914657]}, "properties": {"kind": "storage_tank"}}, {"type": "Feature", "geometry": {"type": "Point", "coordinates": [-95.2609869648884, 29.722950373301728]}, "properties": {"kind": "storage_tank"}}, {"type": "Feature", "geometry": {"type": "Point", "coordinates": [-95.26062258912351, 29.723877080002357]}, "properties": {"kind": "storage_tank"}}, {"type": "Feature", "geometry": {"type": "Point", "coordinates": [-95.26061019295375, 29.72369056107082]}, "properties": {"kind": "storage_tank"}}, {"type": "Feature", "geometry": {"type": "Point", "coordinates": [-95.26060612788916, 29.723505211113764]}, "properties": {"kind": "storage_tank"}}, {"type": "Feature", "geometry": {"type": "Point", "coordinates": [-95.26039674808075, 29.72351224927998]}, "properties": {"kind": "storage_tank"}}, {"type": "Feature", "geometry": {"type": "Point", "coordinates": [-95.26040083841724, 29.723695856573055]}, "properties": {"kind": "storage_tank"}}, {"type": "Feature", "geometry": {"type": "Point", "coordinates": [-95.26040893385041, 29.723881208003153]}, "properties": {"kind": "storage_tank"}}, {"type": "Feature", "geometry": {"type": "Point", "coordinates": [-95.26041706959026, 29.724059518551883]}, "properties": {"kind": "storage_tank"}}, {"type": "Feature", "geometry": {"type": "Point", "coordinates": [-95.26042113941435, 29.72424837313693]}, "properties": {"kind": "storage_tank"}}, {"type": "Feature", "geometry": {"type": "Point", "coordinates": [-95.26062848392691, 29.724244859873757]}, "properties": {"kind": "storage_tank"}}, {"type": "Feature", "geometry": {"type": "Point", "coordinates": [-95.2606264338504, 29.724059508003158]}, "properties": {"kind": "storage_tank"}}, {"type": "Feature", "geometry": {"type": "Point", "coordinates": [-95.26056547108912, 29.724454917829075]}, "properties": {"kind": "storage_tank"}}, {"type": "Feature", "geometry": {"type": "Point", "coordinates": [-95.26035203365926, 29.724456673314286]}, "properties": {"kind": "storage_tank"}}, {"type": "Feature", "geometry": {"type": "Point", "coordinates": [-95.25736532857613, 29.723200154737693]}, "properties": {"kind": "storage_tank"}}, {"type": "Feature", "geometry": {"type": "Point", "coordinates": [-95.25696224717275, 29.723186656115747]}, "properties": {"kind": "storage_tank"}}, {"type": "Feature", "geometry": {"type": "Point", "coordinates": [-95.26314433467186, 29.72426899890185]}, "properties": {"kind": "storage_tank"}}, {"type": "Feature", "geometry": {"type": "Point", "coordinates": [-95.26299240212448, 29.724236095111564]}, "properties": {"kind": "storage_tank"}}, {"type": "Feature", "geometry": {"type": "Point", "coordinates": [-95.26262643355211, 29.724453239029526]}, "properties": {"kind": "storage_tank"}}, {"type": "Feature", "geometry": {"type": "Point", "coordinates": [-95.26259456185275, 29.724355970806116]}, "properties": {"kind": "storage_tank"}}, {"type": "Feature", "geometry": {"type": "Point", "coordinates": [-95.26257029770876, 29.724273347025445]}, "properties": {"kind": "storage_tank"}}, {"type": "Feature", "geometry": {"type": "Point", "coordinates": [-95.26571633277962, 29.72316236301486]}, "properties": {"kind": "storage_tank"}}, {"type": "Feature", "geometry": {"type": "Point", "coordinates": [-95.26560317065226, 29.72256491169433]}, "properties": {"kind": "storage_tank"}}, {"type": "Feature", "geometry": {"type": "Point", "coordinates": [-95.26539874805142, 29.722592406442185]}, "properties": {"kind": "storage_tank"}}, {"type": "Feature", "geometry": {"type": "Point", "coordinates": [-95.26519631696979, 29.72261921602975]}, "properties": {"kind": "storage_tank"}}, {"type": "Feature", "geometry": {"type": "Point", "coordinates": [-95.26546587562422, 29.722107558200474]}, "properties": {"kind": "storage_tank"}}, {"type": "Feature", "geometry": {"type": "Point", "coordinates": [-95.26547649745952, 29.722249395948037]}, "properties": {"kind": "storage_tank"}}, {"type": "Feature", "geometry": {"type": "Point", "coordinates": [-95.26529796040205, 29.72214223391487]}, "properties": {"kind": "storage_tank"}}, {"type": "Feature", "geometry": {"type": "Point", "coordinates": [-95.26515848803137, 29.72221328924648]}, "properties": {"kind": "storage_tank"}}, {"type": "Feature", "geometry": {"type": "Point", "coordinates": [-95.26516519380556, 29.72234547669602]}, "properties": {"kind": "storage_tank"}}, {"type": "Feature", "geometry": {"type": "Point", "coordinates": [-95.26530399424081, 29.722304146450245]}, "properties": {"kind": "storage_tank"}}, {"type": "Feature", "geometry": {"type": "Point", "coordinates": [-95.26563513871851, 29.722406834088396]}, "properties": {"kind": "storage_tank"}}, {"type": "Feature", "geometry": {"type": "Point", "coordinates": [-95.26562886232323, 29.722302553576633]}, "properties": {"kind": "storage_tank"}}, {"type": "Feature", "geometry": {"type": "Point", "coordinates": [-95.26562620161171, 29.722209954307125]}, "properties": {"kind": "storage_tank"}}, {"type": "Feature", "geometry": {"type": "Point", "coordinates": [-95.26562272180269, 29.72211652306539]}, "properties": {"kind": "storage_tank"}}, {"type": "Feature", "geometry": {"type": "Point", "coordinates": [-95.26562027588294, 29.722022275969724]}, "properties": {"kind": "storage_tank"}}, {"type": "Feature", "geometry": {"type": "Point", "coordinates": [-95.26550182177094, 29.722429603369]}, "properties": {"kind": "storage_tank"}}, {"type": "Feature", "geometry": {"type": "Point", "coordinates": [-95.2653819844894, 29.72246465369926]}, "properties": {"kind": "storage_tank"}}, {"type": "Feature", "geometry": {"type": "Point", "coordinates": [-95.26526056065961, 29.722501700832563]}, "properties": {"kind": "storage_tank"}}, {"type": "Feature", "geometry": {"type": "Point", "coordinates": [-95.26508752864753, 29.722523748843308]}, "properties": {"kind": "storage_tank"}}, {"type": "Feature", "geometry": {"type": "Point", "coordinates": [-95.25285641895414, 29.72110620966012]}, "properties": {"kind": "storage_tank"}}, {"type": "Feature", "geometry": {"type": "Point", "coordinates": [-95.2521214858105, 29.722895167110998]}, "properties": {"kind": "storage_tank"}}, {"type": "Feature", "geometry": {"type": "Point", "coordinates": [-95.25189249174146, 29.722665345022666]}, "properties": {"kind": "storage_tank"}}, {"type": "Feature", "geometry": {"type": "Point", "coordinates": [-95.25458537447618, 29.722017763084413]}, "properties": {"kind": "storage_tank"}}, {"type": "Feature", "geometry": {"type": "Point", "coordinates": [-95.25444039553074, 29.72217333224976]}, "properties": {"kind": "storage_tank"}}, {"type": "Feature", "geometry": {"type": "Point", "coordinates": [-95.2528867105284, 29.72219326478266]}, "properties": {"kind": "storage_tank"}}, {"type": "Feature", "geometry": {"type": "Point", "coordinates": [-95.25301050189925, 29.722068221030078]}, "properties": {"kind": "storage_tank"}}, {"type": "Feature", "geometry": {"type": "Point", "coordinates": [-95.2529193079821, 29.721921473807605]}, "properties": {"kind": "storage_tank"}}, {"type": "Feature", "geometry": {"type": "Point", "coordinates": [-95.25124253165905, 29.72179726324324]}, "properties": {"kind": "storage_tank"}}, {"type": "Feature", "geometry": {"type": "Point", "coordinates": [-95.2513591160468, 29.718634518460135]}, "properties": {"kind": "storage_tank"}}, {"type": "Feature", "geometry": {"type": "Point", "coordinates": [-95.25040743693256, 29.71855476743457]}, "properties": {"kind": "storage_tank"}}, {"type": "Feature", "geometry": {"type": "Point", "coordinates": [-95.24996751040925, 29.719014704994045]}, "properties": {"kind": "storage_tank"}}, {"type": "Feature", "geometry": {"type": "Point", "coordinates": [-95.25212106343375, 29.719357289274594]}, "properties": {"kind": "storage_tank"}}, {"type": "Feature", "geometry": {"type": "Point", "coordinates": [-95.25072750919193, 29.718178953485655]}, "properties": {"kind": "storage_tank"}}, {"type": "Feature", "geometry": {"type": "Point", "coordinates": [-95.25121014316446, 29.71766997996751]}, "properties": {"kind": "storage_tank"}}, {"type": "Feature", "geometry": {"type": "Point", "coordinates": [-95.2523101520315, 29.716017925077455]}, "properties": {"kind": "storage_tank"}}, {"type": "Feature", "geometry": {"type": "Point", "coordinates": [-95.25157860926224, 29.714275406800162]}, "properties": {"kind": "storage_tank"}}, {"type": "Feature", "geometry": {"type": "Point", "coordinates": [-95.28998775, 29.7002595]}, "properties": {"kind": "stream"}}, {"type": "Feature", "geometry": {"type": "Point", "coordinates": [-95.28587008893655, 29.703133580206785]}, "properties": {"kind": "stream"}}, {"type": "Feature", "geometry": {"type": "Point", "coordinates": [-95.25016464921555, 29.6987881231188]}, "properties": {"kind": "storage_tank"}}, {"type": "Feature", "geometry": {"type": "Point", "coordinates": [-95.25015925285473, 29.698355495295946]}, "properties": {"kind": "storage_tank"}}, {"type": "Feature", "geometry": {"type": "Point", "coordinates": [-95.24939422824912, 29.698706580645716]}, "properties": {"kind": "storage_tank"}}, {"type": "Feature", "geometry": {"type": "Point", "coordinates": [-95.1715083, 29.64867615]}, "properties": {"kind": "stream"}}, {"type": "Feature", "geometry": {"type": "Point", "coordinates": [-95.1714992, 29.6483173]}, "properties": {"kind": "stream"}}, {"type": "Feature", "geometry": {"type": "Point", "coordinates": [-95.17149055, 29.64797665]}, "properties": {"kind": "stream"}}, {"type": "Feature", "geometry": {"type": "Point", "coordinates": [-95.1714453, 29.64611765]}, "properties": {"kind": "stream"}}, {"type": "Feature", "geometry": {"type": "Point", "coordinates": [-95.1626855, 29.6892565]}, "properties": {"kind": "stream"}}, {"type": "Feature", "geometry": {"type": "Point", "coordinates": [-95.16274874999999, 29.691294550000002]}, "properties": {"kind": "stream"}}, {"type": "Feature", "geometry": {"type": "Point", "coordinates": [-95.16281165000001, 29.693329800000004]}, "properties": {"kind": "stream"}}, {"type": "Feature", "geometry": {"type": "Point", "coordinates": [-95.16276316681332, 29.703188907158335]}, "properties": {"kind": "stream"}}, {"type": "Feature", "geometry": {"type": "Point", "coordinates": [-95.23907129999999, 29.63702835]}, "properties": {"kind": "river"}}, {"type": "Feature", "geometry": {"type": "Point", "coordinates": [-95.24246613275922, 29.634628347159776]}, "properties": {"kind": "river"}}, {"type": "Feature", "geometry": {"type": "Point", "coordinates": [-95.21437051848359, 29.753235729640206]}, "properties": {"kind": "canal"}}, {"type": "Feature", "geometry": {"type": "Point", "coordinates": [-95.20696372650305, 29.76146739922211]}, "properties": {"kind": "canal"}}, {"type": "Feature", "geometry": {"type": "Point", "coordinates": [-95.2037818, 29.76658]}, "properties": {"kind": "canal"}}, {"type": "Feature", "geometry": {"type": "Point", "coordinates": [-95.21057640000002, 29.75770695]}, "properties": {"kind": "canal"}}, {"type": "Feature", "geometry": {"type": "Point", "coordinates": [-95.20063918785395, 29.74853278036518]}, "properties": {"kind": "storage_tank"}}, {"type": "Feature", "geometry": {"type": "Point", "coordinates": [-95.19783212475875, 29.74606505855174]}, "properties": {"kind": "storage_tank"}}, {"type": "Feature", "geometry": {"type": "Point", "coordinates": [-95.27825532746662, 29.70275921812369]}, "properties": {"kind": "stream"}}, {"type": "Feature", "geometry": {"type": "Point", "coordinates": [-95.26304909662802, 29.709578795528625]}, "properties": {"kind": "stream"}}, {"type": "Feature", "geometry": {"type": "Point", "coordinates": [-95.26948970000001, 29.70967425]}, "properties": {"kind": "stream"}}, {"type": "Feature", "geometry": {"type": "Point", "coordinates": [-95.27266273883185, 29.707888031899053]}, "properties": {"kind": "stream"}}, {"type": "Feature", "geometry": {"type": "Point", "coordinates": [-95.2595732, 29.7085728]}, "properties": {"kind": "stream"}}, {"type": "Feature", "geometry": {"type": "Point", "coordinates": [-95.25795502361457, 29.70844002522755]}, "properties": {"kind": "stream"}}, {"type": "Feature", "geometry": {"type": "Point", "coordinates": [-95.18547068695224, 29.80948099782992]}, "properties": {"kind": "canal"}}, {"type": "Feature", "geometry": {"type": "Point", "coordinates": [-95.19699696600972, 29.80193987385373]}, "properties": {"kind": "canal"}}, {"type": "Feature", "geometry": {"type": "Point", "coordinates": [-95.33893017108407, 29.645820913101325]}, "properties": {"kind": "wastewater_plant"}}, {"type": "Feature", "geometry": {"type": "Point", "coordinates": [-95.1742528, 29.786245200000003]}, "properties": {"kind": "ditch"}}, {"type": "Feature", "geometry": {"type": "Point", "coordinates": [-95.27317584999999, 29.78165005]}, "properties": {"kind": "stream"}}, {"type": "Feature", "geometry": {"type": "Point", "coordinates": [-95.2735213, 29.78308605]}, "properties": {"kind": "stream"}}, {"type": "Feature", "geometry": {"type": "Point", "coordinates": [-95.27320923418249, 29.78247246707505]}, "properties": {"kind": "stream"}}, {"type": "Feature", "geometry": {"type": "Point", "coordinates": [-95.27023081157972, 29.778880666233892]}, "properties": {"kind": "stream"}}, {"type": "Feature", "geometry": {"type": "Point", "coordinates": [-95.18040765314608, 29.80958140793874]}, "properties": {"kind": "stream"}}, {"type": "Feature", "geometry": {"type": "Point", "coordinates": [-95.26570387132895, 29.724048804357768]}, "properties": {"kind": "storage_tank"}}, {"type": "Feature", "geometry": {"type": "Point", "coordinates": [-95.26570111246662, 29.723939496834397]}, "properties": {"kind": "storage_tank"}}, {"type": "Feature", "geometry": {"type": "Point", "coordinates": [-95.26590123594819, 29.72396171379632]}, "properties": {"kind": "storage_tank"}}, {"type": "Feature", "geometry": {"type": "Point", "coordinates": [-95.26579830006388, 29.723990288145085]}, "properties": {"kind": "storage_tank"}}, {"type": "Feature", "geometry": {"type": "Point", "coordinates": [-95.26559916376706, 29.72397569824328]}, "properties": {"kind": "storage_tank"}}, {"type": "Feature", "geometry": {"type": "Point", "coordinates": [-95.26551197181315, 29.724002488543547]}, "properties": {"kind": "storage_tank"}}, {"type": "Feature", "geometry": {"type": "Point", "coordinates": [-95.26580233971372, 29.723903487364236]}, "properties": {"kind": "storage_tank"}}, {"type": "Feature", "geometry": {"type": "Point", "coordinates": [-95.26589418678452, 29.723866821688425]}, "properties": {"kind": "storage_tank"}}, {"type": "Feature", "geometry": {"type": "Point", "coordinates": [-95.26572585656372, 29.72382372351839]}, "properties": {"kind": "storage_tank"}}, {"type": "Feature", "geometry": {"type": "Point", "coordinates": [-95.26685982145128, 29.7149630394836]}, "properties": {"kind": "storage_tank"}}, {"type": "Feature", "geometry": {"type": "Point", "coordinates": [-95.26687188142988, 29.715021299798586]}, "properties": {"kind": "storage_tank"}}, {"type": "Feature", "geometry": {"type": "Point", "coordinates": [-95.26688586596939, 29.715077414054647]}, "properties": {"kind": "storage_tank"}}, {"type": "Feature", "geometry": {"type": "Point", "coordinates": [-95.25524104999998, 29.71239615]}, "properties": {"kind": "pipeline"}}, {"type": "Feature", "geometry": {"type": "Point", "coordinates": [-95.25524275000001, 29.71238855]}, "properties": {"kind": "pipeline"}}, {"type": "Feature", "geometry": {"type": "Point", "coordinates": [-95.2552511, 29.712381899999997]}, "properties": {"kind": "pipeline"}}, {"type": "Feature", "geometry": {"type": "Point", "coordinates": [-95.25524994852913, 29.712372704567315]}, "properties": {"kind": "pipeline"}}, {"type": "Feature", "geometry": {"type": "Point", "coordinates": [-95.2552357, 29.712358000000002]}, "properties": {"kind": "pipeline"}}, {"type": "Feature", "geometry": {"type": "Point", "coordinates": [-95.25555555, 29.709811449999997]}, "properties": {"kind": "pipeline"}}, {"type": "Feature", "geometry": {"type": "Point", "coordinates": [-95.25555355, 29.709817299999997]}, "properties": {"kind": "pipeline"}}, {"type": "Feature", "geometry": {"type": "Point", "coordinates": [-95.26565582577533, 29.723858709966926]}, "properties": {"kind": "storage_tank"}}, {"type": "Feature", "geometry": {"type": "Point", "coordinates": [-95.26560065483586, 29.72387665916871]}, "properties": {"kind": "storage_tank"}}, {"type": "Feature", "geometry": {"type": "Point", "coordinates": [-95.26033562875631, 29.72507914182536]}, "properties": {"kind": "storage_tank"}}, {"type": "Feature", "geometry": {"type": "Point", "coordinates": [-95.26033418750902, 29.725023930096004]}, "properties": {"kind": "storage_tank"}}, {"type": "Feature", "geometry": {"type": "Point", "coordinates": [-95.26052061233173, 29.725050733149963]}, "properties": {"kind": "storage_tank"}}, {"type": "Feature", "geometry": {"type": "Point", "coordinates": [-95.26059972547225, 29.725025132885644]}, "properties": {"kind": "storage_tank"}}, {"type": "Feature", "geometry": {"type": "Point", "coordinates": [-95.2605233623976, 29.72511648733294]}, "properties": {"kind": "storage_tank"}}, {"type": "Feature", "geometry": {"type": "Point", "coordinates": [-95.26048382672985, 29.725121204198892]}, "properties": {"kind": "storage_tank"}}, {"type": "Feature", "geometry": {"type": "Point", "coordinates": [-95.26037653426059, 29.725114215419563]}, "properties": {"kind": "storage_tank"}}, {"type": "Feature", "geometry": {"type": "Point", "coordinates": [-95.24850405, 29.714192199999996]}, "properties": {"kind": "storage_tank"}}, {"type": "Feature", "geometry": {"type": "Point", "coordinates": [-95.24848255049208, 29.71417593435021]}, "properties": {"kind": "storage_tank"}}, {"type": "Feature", "geometry": {"type": "Point", "coordinates": [-95.24836825048276, 29.71411273432716]}, "properties": {"kind": "storage_tank"}}, {"type": "Feature", "geometry": {"type": "Point", "coordinates": [-95.24840175048277, 29.714129034327165]}, "properties": {"kind": "storage_tank"}}, {"type": "Feature", "geometry": {"type": "Point", "coordinates": [-95.24845321261084, 29.714160061848816]}, "properties": {"kind": "storage_tank"}}, {"type": "Feature", "geometry": {"type": "Point", "coordinates": [-95.26033418750899, 29.72496493009599]}, "properties": {"kind": "storage_tank"}}, {"type": "Feature", "geometry": {"type": "Point", "coordinates": [-95.26033598750894, 29.72490653009599]}, "properties": {"kind": "storage_tank"}}, {"type": "Feature", "geometry": {"type": "Point", "coordinates": [-95.26033068750897, 29.72484813009598]}, "properties": {"kind": "storage_tank"}}, {"type": "Feature", "geometry": {"type": "Point", "coordinates": [-95.26033068750897, 29.724789730095985]}, "properties": {"kind": "storage_tank"}}, {"type": "Feature", "geometry": {"type": "Point", "coordinates": [-95.260325387509, 29.724699030095994]}, "properties": {"kind": "storage_tank"}}, {"type": "Feature", "geometry": {"type": "Point", "coordinates": [-95.26038558750899, 29.724682130095992]}, "properties": {"kind": "storage_tank"}}, {"type": "Feature", "geometry": {"type": "Point", "coordinates": [-95.260442187509, 29.724666730095997]}, "properties": {"kind": "storage_tank"}}, {"type": "Feature", "geometry": {"type": "Point", "coordinates": [-95.26050768750899, 29.72464983009599]}, "properties": {"kind": "storage_tank"}}, {"type": "Feature", "geometry": {"type": "Point", "coordinates": [-95.26056608750898, 29.724637530095986]}, "properties": {"kind": "storage_tank"}}, {"type": "Feature", "geometry": {"type": "Point", "coordinates": [-95.26061738750897, 29.724628330095985]}, "properties": {"kind": "storage_tank"}}, {"type": "Feature", "geometry": {"type": "Point", "coordinates": [-95.26067928750898, 29.724616030095998]}, "properties": {"kind": "storage_tank"}}, {"type": "Feature", "geometry": {"type": "Point", "coordinates": [-95.26103848750894, 29.72478663009599]}, "properties": {"kind": "storage_tank"}}, {"type": "Feature", "geometry": {"type": "Point", "coordinates": [-95.26103848750896, 29.724834330095998]}, "properties": {"kind": "storage_tank"}}, {"type": "Feature", "geometry": {"type": "Point", "coordinates": [-95.26104468750898, 29.72487913009598]}, "properties": {"kind": "storage_tank"}}, {"type": "Feature", "geometry": {"type": "Point", "coordinates": [-95.26104618750897, 29.724924030095984]}, "properties": {"kind": "storage_tank"}}, {"type": "Feature", "geometry": {"type": "Point", "coordinates": [-95.26103848750896, 29.724974130095983]}, "properties": {"kind": "storage_tank"}}, {"type": "Feature", "geometry": {"type": "Point", "coordinates": [-95.26102968750895, 29.724537730095985]}, "properties": {"kind": "storage_tank"}}, {"type": "Feature", "geometry": {"type": "Point", "coordinates": [-95.26118898750899, 29.724660630095997]}, "properties": {"kind": "storage_tank"}}, {"type": "Feature", "geometry": {"type": "Point", "coordinates": [-95.26112348750895, 29.724834330095995]}, "properties": {"kind": "storage_tank"}}, {"type": "Feature", "geometry": {"type": "Point", "coordinates": [-95.27297446575407, 29.724524282128804]}, "properties": {"kind": "dock"}}, {"type": "Feature", "geometry": {"type": "Point", "coordinates": [-95.27129536130559, 29.724023765034882]}, "properties": {"kind": "dock"}}, {"type": "Feature", "geometry": {"type": "Point", "coordinates": [-95.27238144029955, 29.724436166962736]}, "properties": {"kind": "dock"}}, {"type": "Feature", "geometry": {"type": "Point", "coordinates": [-95.26583569151705, 29.72378342760339]}, "properties": {"kind": "storage_tank"}}, {"type": "Feature", "geometry": {"type": "Point", "coordinates": [-95.2656301360632, 29.723772959015744]}, "properties": {"kind": "storage_tank"}}, {"type": "Feature", "geometry": {"type": "Point", "coordinates": [-95.26552097868353, 29.72383097412126]}, "properties": {"kind": "storage_tank"}}, {"type": "Feature", "geometry": {"type": "Point", "coordinates": [-95.26567425970018, 29.723395131514835]}, "properties": {"kind": "storage_tank"}}, {"type": "Feature", "geometry": {"type": "Point", "coordinates": [-95.26564195432043, 29.72342237476354]}, "properties": {"kind": "storage_tank"}}, {"type": "Feature", "geometry": {"type": "Point", "coordinates": [-95.26559731221326, 29.7234493863766]}, "properties": {"kind": "storage_tank"}}, {"type": "Feature", "geometry": {"type": "Point", "coordinates": [-95.2514061, 29.722150949999996]}, "properties": {"kind": "storage_tank"}}, {"type": "Feature", "geometry": {"type": "Point", "coordinates": [-95.2509049440262, 29.72102913550517]}, "properties": {"kind": "storage_tank"}}, {"type": "Feature", "geometry": {"type": "Point", "coordinates": [-95.25093575597379, 29.721054164494838]}, "properties": {"kind": "storage_tank"}}, {"type": "Feature", "geometry": {"type": "Point", "coordinates": [-95.2509632610551, 29.72108736116679]}, "properties": {"kind": "storage_tank"}}, {"type": "Feature", "geometry": {"type": "Point", "coordinates": [-95.25099879999999, 29.721113]}, "properties": {"kind": "storage_tank"}}, {"type": "Feature", "geometry": {"type": "Point", "coordinates": [-95.25104105, 29.721136849999994]}, "properties": {"kind": "storage_tank"}}, {"type": "Feature", "geometry": {"type": "Point", "coordinates": [-95.25108059999997, 29.721168299999995]}, "properties": {"kind": "storage_tank"}}, {"type": "Feature", "geometry": {"type": "Point", "coordinates": [-95.25072519999999, 29.720877749999996]}, "properties": {"kind": "storage_tank"}}, {"type": "Feature", "geometry": {"type": "Point", "coordinates": [-95.25077115, 29.720912549999998]}, "properties": {"kind": "storage_tank"}}, {"type": "Feature", "geometry": {"type": "Point", "coordinates": [-95.25101699834242, 29.720624474708114]}, "properties": {"kind": "storage_tank"}}, {"type": "Feature", "geometry": {"type": "Point", "coordinates": [-95.25114441825045, 29.720714744689086]}, "properties": {"kind": "storage_tank"}}, {"type": "Feature", "geometry": {"type": "Point", "coordinates": [-95.25126911299755, 29.7208087716936]}, "properties": {"kind": "storage_tank"}}, {"type": "Feature", "geometry": {"type": "Point", "coordinates": [-95.24963089995651, 29.71977907495331]}, "properties": {"kind": "storage_tank"}}, {"type": "Feature", "geometry": {"type": "Point", "coordinates": [-95.26201901748414, 29.722401845513414]}, "properties": {"kind": "storage_tank"}}, {"type": "Feature", "geometry": {"type": "Point", "coordinates": [-95.26216786229641, 29.722401842323865]}, "properties": {"kind": "storage_tank"}}, {"type": "Feature", "geometry": {"type": "Point", "coordinates": [-95.26202169189668, 29.722530537017224]}, "properties": {"kind": "storage_tank"}}, {"type": "Feature", "geometry": {"type": "Point", "coordinates": [-95.26216903460576, 29.72252893493736]}, "properties": {"kind": "storage_tank"}}, {"type": "Feature", "geometry": {"type": "Point", "coordinates": [-95.26123979215181, 29.724541622622514]}, "properties": {"kind": "storage_tank"}}, {"type": "Feature", "geometry": {"type": "Point", "coordinates": [-95.26135645944888, 29.72477417733805]}, "properties": {"kind": "storage_tank"}}, {"type": "Feature", "geometry": {"type": "Point", "coordinates": [-95.26136076433549, 29.72487907485363]}, "properties": {"kind": "storage_tank"}}, {"type": "Feature", "geometry": {"type": "Point", "coordinates": [-95.26123083436195, 29.72478112803362]}, "properties": {"kind": "storage_tank"}}, {"type": "Feature", "geometry": {"type": "Point", "coordinates": [-95.26114021530044, 29.724891775642515]}, "properties": {"kind": "storage_tank"}}, {"type": "Feature", "geometry": {"type": "Point", "coordinates": [-95.26113755053063, 29.724965137776522]}, "properties": {"kind": "storage_tank"}}, {"type": "Feature", "geometry": {"type": "Point", "coordinates": [-95.26122403542882, 29.72493661225239]}, "properties": {"kind": "storage_tank"}}, {"type": "Feature", "geometry": {"type": "Point", "coordinates": [-95.26122165985166, 29.724856907851414]}, "properties": {"kind": "storage_tank"}}, {"type": "Feature", "geometry": {"type": "Point", "coordinates": [-95.25228309538602, 29.723123541493834]}, "properties": {"kind": "storage_tank"}}, {"type": "Feature", "geometry": {"type": "Point", "coordinates": [-95.28275623488595, 29.724508341292783]}, "properties": {"kind": "dock"}}, {"type": "Feature", "geometry": {"type": "Point", "coordinates": [-95.2562257, 29.72573355]}, "properties": {"kind": "pier"}}, {"type": "Feature", "geometry": {"type": "Point", "coordinates": [-95.25696740111329, 29.72597378906606]}, "properties": {"kind": "pier"}}, {"type": "Feature", "geometry": {"type": "Point", "coordinates": [-95.25697852527941, 29.72581350328452]}, "properties": {"kind": "pier"}}, {"type": "Feature", "geometry": {"type": "Point", "coordinates": [-95.25654100800185, 29.723152222725698]}, "properties": {"kind": "storage_tank"}}, {"type": "Feature", "geometry": {"type": "Point", "coordinates": [-95.25641158291806, 29.723289047653267]}, "properties": {"kind": "storage_tank"}}, {"type": "Feature", "geometry": {"type": "Point", "coordinates": [-95.25620431290906, 29.72367164073783]}, "properties": {"kind": "storage_tank"}}, {"type": "Feature", "geometry": {"type": "Point", "coordinates": [-95.2639214733747, 29.724011082280395]}, "properties": {"kind": "storage_tank"}}, {"type": "Feature", "geometry": {"type": "Point", "coordinates": [-95.2640400693968, 29.723970926833776]}, "properties": {"kind": "storage_tank"}}, {"type": "Feature", "geometry": {"type": "Point", "coordinates": [-95.17616356066843, 29.759120793481706]}, "properties": {"kind": "works"}}, {"type": "Feature", "geometry": {"type": "Point", "coordinates": [-95.17774375857827, 29.76081356389974]}, "properties": {"kind": "works"}}, {"type": "Feature", "geometry": {"type": "Point", "coordinates": [-95.25383366329295, 29.72473865204043]}, "properties": {"kind": "pier"}}, {"type": "Feature", "geometry": {"type": "Point", "coordinates": [-95.24261895740918, 29.717321456811035]}, "properties": {"kind": "pier"}}, {"type": "Feature", "geometry": {"type": "Point", "coordinates": [-95.24293935, 29.71748085]}, "properties": {"kind": "pier"}}, {"type": "Feature", "geometry": {"type": "Point", "coordinates": [-95.38284540000001, 29.6684602]}, "properties": {"kind": "stream"}}, {"type": "Feature", "geometry": {"type": "Point", "coordinates": [-95.38139305191095, 29.668440170118103]}, "properties": {"kind": "stream"}}, {"type": "Feature", "geometry": {"type": "Point", "coordinates": [-95.19072415, 29.63397965]}, "properties": {"kind": "river"}}, {"type": "Feature", "geometry": {"type": "Point", "coordinates": [-95.20762016107848, 29.680368559341378]}, "properties": {"kind": "river"}}, {"type": "Feature", "geometry": {"type": "Point", "coordinates": [-95.18155985, 29.650916450000004]}, "properties": {"kind": "stream"}}, {"type": "Feature", "geometry": {"type": "Point", "coordinates": [-95.18052255623043, 29.650771623119013]}, "properties": {"kind": "stream"}}, {"type": "Feature", "geometry": {"type": "Point", "coordinates": [-95.19451654137625, 29.652506966972094]}, "properties": {"kind": "stream"}}, {"type": "Feature", "geometry": {"type": "Point", "coordinates": [-95.34823373720805, 29.637824350554833]}, "properties": {"kind": "stream"}}, {"type": "Feature", "geometry": {"type": "Point", "coordinates": [-95.15101585, 29.666111649999998]}, "properties": {"kind": "river"}}, {"type": "Feature", "geometry": {"type": "Point", "coordinates": [-95.15138275000001, 29.666449249999996]}, "properties": {"kind": "river"}}, {"type": "Feature", "geometry": {"type": "Point", "coordinates": [-95.1543973291273, 29.668196177141407]}, "properties": {"kind": "river"}}, {"type": "Feature", "geometry": {"type": "Point", "coordinates": [-95.21456345, 29.660597]}, "properties": {"kind": "drain"}}, {"type": "Feature", "geometry": {"type": "Point", "coordinates": [-95.21383664999999, 29.66061195]}, "properties": {"kind": "drain"}}, {"type": "Feature", "geometry": {"type": "Point", "coordinates": [-95.21601809999999, 29.6605713]}, "properties": {"kind": "drain"}}, {"type": "Feature", "geometry": {"type": "Point", "coordinates": [-95.21529125, 29.66058425]}, "properties": {"kind": "drain"}}, {"type": "Feature", "geometry": {"type": "Point", "coordinates": [-95.2174712, 29.66054935]}, "properties": {"kind": "drain"}}, {"type": "Feature", "geometry": {"type": "Point", "coordinates": [-95.21674920000001, 29.6605601]}, "properties": {"kind": "drain"}}, {"type": "Feature", "geometry": {"type": "Point", "coordinates": [-95.2189094, 29.6605236]}, "properties": {"kind": "drain"}}, {"type": "Feature", "geometry": {"type": "Point", "coordinates": [-95.21818735, 29.6605367]}, "properties": {"kind": "drain"}}, {"type": "Feature", "geometry": {"type": "Point", "coordinates": [-95.22035639999999, 29.66049175]}, "properties": {"kind": "drain"}}, {"type": "Feature", "geometry": {"type": "Point", "coordinates": [-95.21963880000001, 29.660507850000002]}, "properties": {"kind": "drain"}}, {"type": "Feature", "geometry": {"type": "Point", "coordinates": [-95.221811, 29.6604657]}, "properties": {"kind": "drain"}}, {"type": "Feature", "geometry": {"type": "Point", "coordinates": [-95.22108145, 29.66047845]}, "properties": {"kind": "drain"}}, {"type": "Feature", "geometry": {"type": "Point", "coordinates": [-95.22323739999999, 29.660440749999996]}, "properties": {"kind": "drain"}}, {"type": "Feature", "geometry": {"type": "Point", "coordinates": [-95.2225316, 29.660453099999998]}, "properties": {"kind": "drain"}}, {"type": "Feature", "geometry": {"type": "Point", "coordinates": [-95.224709, 29.6604095]}, "properties": {"kind": "drain"}}, {"type": "Feature", "geometry": {"type": "Point", "coordinates": [-95.22396129840419, 29.660428742143107]}, "properties": {"kind": "drain"}}, {"type": "Feature", "geometry": {"type": "Point", "coordinates": [-95.22616045000002, 29.6603826]}, "properties": {"kind": "drain"}}, {"type": "Feature", "geometry": {"type": "Point", "coordinates": [-95.2254372, 29.66039595]}, "properties": {"kind": "drain"}}, {"type": "Feature", "geometry": {"type": "Point", "coordinates": [-95.22759909999999, 29.6603606]}, "properties": {"kind": "drain"}}, {"type": "Feature", "geometry": {"type": "Point", "coordinates": [-95.22687435, 29.66037195]}, "properties": {"kind": "drain"}}, {"type": "Feature", "geometry": {"type": "Point", "coordinates": [-95.2106066, 29.637290249999996]}, "properties": {"kind": "stream"}}, {"type": "Feature", "geometry": {"type": "Point", "coordinates": [-95.2207756702156, 29.64816708512606]}, "properties": {"kind": "stream"}}, {"type": "Feature", "geometry": {"type": "Point", "coordinates": [-95.3176618, 29.708767350000002]}, "properties": {"kind": "stream"}}, {"type": "Feature", "geometry": {"type": "Point", "coordinates": [-95.31715140883601, 29.709354426047057]}, "properties": {"kind": "stream"}}, {"type": "Feature", "geometry": {"type": "Point", "coordinates": [-95.2576185224979, 29.78303700255042]}, "properties": {"kind": "river"}}, {"type": "Feature", "geometry": {"type": "Point", "coordinates": [-95.3376041, 29.80613755]}, "properties": {"kind": "river"}}, {"type": "Feature", "geometry": {"type": "Point", "coordinates": [-95.38374577221511, 29.77880240290875]}, "properties": {"kind": "ditch"}}, {"type": "Feature", "geometry": {"type": "Point", "coordinates": [-95.32803040482919, 29.7594719678847]}, "properties": {"kind": "drain"}}, {"type": "Feature", "geometry": {"type": "Point", "coordinates": [-95.32795565, 29.7590495]}, "properties": {"kind": "drain"}}, {"type": "Feature", "geometry": {"type": "Point", "coordinates": [-95.32801922886708, 29.758236555123148]}, "properties": {"kind": "drain"}}, {"type": "Feature", "geometry": {"type": "Point", "coordinates": [-95.32765927415, 29.696909585142766]}, "properties": {"kind": "stream"}}, {"type": "Feature", "geometry": {"type": "Point", "coordinates": [-95.15159810000002, 29.658330499999998]}, "properties": {"kind": "drain"}}, {"type": "Feature", "geometry": {"type": "Point", "coordinates": [-95.1516041, 29.65863245]}, "properties": {"kind": "drain"}}, {"type": "Feature", "geometry": {"type": "Point", "coordinates": [-95.15160995, 29.65796925]}, "properties": {"kind": "drain"}}, {"type": "Feature", "geometry": {"type": "Point", "coordinates": [-95.15156358335227, 29.657066436923813]}, "properties": {"kind": "drain"}}, {"type": "Feature", "geometry": {"type": "Point", "coordinates": [-95.15173705000001, 29.6578549]}, "properties": {"kind": "drain"}}, {"type": "Feature", "geometry": {"type": "Point", "coordinates": [-95.15220305211592, 29.65652847512417]}, "properties": {"kind": "drain"}}, {"type": "Feature", "geometry": {"type": "Point", "coordinates": [-95.15159955000001, 29.65810085]}, "properties": {"kind": "drain"}}, {"type": "Feature", "geometry": {"type": "Point", "coordinates": [-95.1516023, 29.65852445]}, "properties": {"kind": "drain"}}, {"type": "Feature", "geometry": {"type": "Point", "coordinates": [-95.15324732490932, 29.65633983893515]}, "properties": {"kind": "drain"}}, {"type": "Feature", "geometry": {"type": "Point", "coordinates": [-95.33023044587752, 29.84626893775099]}, "properties": {"kind": "stream"}}, {"type": "Feature", "geometry": {"type": "Point", "coordinates": [-95.24991387055537, 29.843582862346302]}, "properties": {"kind": "stream"}}, {"type": "Feature", "geometry": {"type": "Point", "coordinates": [-95.27467976458713, 29.844695793888373]}, "properties": {"kind": "wastewater_plant"}}, {"type": "Feature", "geometry": {"type": "Point", "coordinates": [-95.15827888884243, 29.79334471713302]}, "properties": {"kind": "water_works"}}, {"type": "Feature", "geometry": {"type": "Point", "coordinates": [-95.17259039990788, 29.788873695862645]}, "properties": {"kind": "stream"}}, {"type": "Feature", "geometry": {"type": "Point", "coordinates": [-95.17134248370897, 29.763349912713977]}, "properties": {"kind": "works"}}, {"type": "Feature", "geometry": {"type": "Point", "coordinates": [-95.15516735047419, 29.729349523981163]}, "properties": {"kind": "works"}}, {"type": "Feature", "geometry": {"type": "Point", "coordinates": [-95.15194858448892, 29.727619151654423]}, "properties": {"kind": "works"}}, {"type": "Feature", "geometry": {"type": "Point", "coordinates": [-95.16894707627955, 29.73613408747696]}, "properties": {"kind": "works"}}, {"type": "Feature", "geometry": {"type": "Point", "coordinates": [-95.19700230000001, 29.7708929]}, "properties": {"kind": "pipeline"}}, {"type": "Feature", "geometry": {"type": "Point", "coordinates": [-95.19613695718657, 29.772009106284322]}, "properties": {"kind": "water_works"}}, {"type": "Feature", "geometry": {"type": "Point", "coordinates": [-95.19818972087204, 29.777425730630892]}, "properties": {"kind": "stream"}}, {"type": "Feature", "geometry": {"type": "Point", "coordinates": [-95.30541585, 29.70875975]}, "properties": {"kind": "cutting"}}, {"type": "Feature", "geometry": {"type": "Point", "coordinates": [-95.3053516, 29.70882935]}, "properties": {"kind": "cutting"}}, {"type": "Feature", "geometry": {"type": "Point", "coordinates": [-95.30575585589801, 29.70835007788016]}, "properties": {"kind": "cutting"}}, {"type": "Feature", "geometry": {"type": "Point", "coordinates": [-95.3056816348637, 29.70840839163124]}, "properties": {"kind": "cutting"}}, {"type": "Feature", "geometry": {"type": "Point", "coordinates": [-95.25501062844263, 29.704393422319434]}, "properties": {"kind": "works"}}, {"type": "Feature", "geometry": {"type": "Point", "coordinates": [-95.25519946069586, 29.697959991773953]}, "properties": {"kind": "works"}}, {"type": "Feature", "geometry": {"type": "Point", "coordinates": [-95.27155883224671, 29.72036557123051]}, "properties": {"kind": "works"}}, {"type": "Feature", "geometry": {"type": "Point", "coordinates": [-95.38318336551984, 29.764343879802425]}, "properties": {"kind": "stream"}}, {"type": "Feature", "geometry": {"type": "Point", "coordinates": [-95.20714443001043, 29.640541760391397]}, "properties": {"kind": "drain"}}, {"type": "Feature", "geometry": {"type": "Point", "coordinates": [-95.20668533218819, 29.642108434190526]}, "properties": {"kind": "drain"}}, {"type": "Feature", "geometry": {"type": "Point", "coordinates": [-95.2061033, 29.642110799999998]}, "properties": {"kind": "drain"}}, {"type": "Feature", "geometry": {"type": "Point", "coordinates": [-95.27863699205784, 29.783772639786346]}, "properties": {"kind": "works"}}, {"type": "Feature", "geometry": {"type": "Point", "coordinates": [-95.30106836387797, 29.755576961317736]}, "properties": {"kind": "wastewater_plant"}}, {"type": "Feature", "geometry": {"type": "Point", "coordinates": [-95.27863914735445, 29.795309292617752]}, "properties": {"kind": "storage_tank"}}, {"type": "Feature", "geometry": {"type": "Point", "coordinates": [-95.27872774999999, 29.798685]}, "properties": {"kind": "storage_tank"}}, {"type": "Feature", "geometry": {"type": "Point", "coordinates": [-95.27869640743346, 29.79782444800277]}, "properties": {"kind": "storage_tank"}}, {"type": "Feature", "geometry": {"type": "Point", "coordinates": [-95.27868248482561, 29.797020277444577]}, "properties": {"kind": "storage_tank"}}, {"type": "Feature", "geometry": {"type": "Point", "coordinates": [-95.27864231743877, 29.796157890044448]}, "properties": {"kind": "storage_tank"}}, {"type": "Feature", "geometry": {"type": "Point", "coordinates": [-95.27983724631831, 29.795932137098763]}, "properties": {"kind": "storage_tank"}}, {"type": "Feature", "geometry": {"type": "Point", "coordinates": [-95.27969911030019, 29.796590828369084]}, "properties": {"kind": "storage_tank"}}, {"type": "Feature", "geometry": {"type": "Point", "coordinates": [-95.27970179958577, 29.797287951969153]}, "properties": {"kind": "storage_tank"}}, {"type": "Feature", "geometry": {"type": "Point", "coordinates": [-95.27973801731308, 29.79800253041442]}, "properties": {"kind": "storage_tank"}}, {"type": "Feature", "geometry": {"type": "Point", "coordinates": [-95.27987749045008, 29.79861001311284]}, "properties": {"kind": "storage_tank"}}, {"type": "Feature", "geometry": {"type": "Point", "coordinates": [-95.28109924625716, 29.797604496723487]}, "properties": {"kind": "storage_tank"}}, {"type": "Feature", "geometry": {"type": "Point", "coordinates": [-95.28089806706932, 29.796958600810346]}, "properties": {"kind": "storage_tank"}}, {"type": "Feature", "geometry": {"type": "Point", "coordinates": [-95.28107912043221, 29.79635108593368]}, "properties": {"kind": "storage_tank"}}, {"type": "Feature", "geometry": {"type": "Point", "coordinates": [-95.2812199353246, 29.795868116099676]}, "properties": {"kind": "storage_tank"}}, {"type": "Feature", "geometry": {"type": "Point", "coordinates": [-95.28245375000002, 29.796136950000008]}, "properties": {"kind": "storage_tank"}}, {"type": "Feature", "geometry": {"type": "Point", "coordinates": [-95.28263882733899, 29.79547123547644]}, "properties": {"kind": "storage_tank"}}, {"type": "Feature", "geometry": {"type": "Point", "coordinates": [-95.28288155275897, 29.79477878271382]}, "properties": {"kind": "storage_tank"}}, {"type": "Feature", "geometry": {"type": "Point", "coordinates": [-95.28242424956908, 29.794784592349963]}, "properties": {"kind": "storage_tank"}}, {"type": "Feature", "geometry": {"type": "Point", "coordinates": [-95.28276622570644, 29.793811626428635]}, "properties": {"kind": "storage_tank"}}, {"type": "Feature", "geometry": {"type": "Point", "coordinates": [-95.28240412975471, 29.79339729488794]}, "properties": {"kind": "storage_tank"}}, {"type": "Feature", "geometry": {"type": "Point", "coordinates": [-95.28253152430675, 29.792709464313063]}, "properties": {"kind": "storage_tank"}}, {"type": "Feature", "geometry": {"type": "Point", "coordinates": [-95.28238937728155, 29.792013495065138]}, "properties": {"kind": "storage_tank"}}, {"type": "Feature", "geometry": {"type": "Point", "coordinates": [-95.28242156091973, 29.7913314622914]}, "properties": {"kind": "storage_tank"}}, {"type": "Feature", "geometry": {"type": "Point", "coordinates": [-95.28237059652108, 29.790634308303485]}, "properties": {"kind": "storage_tank"}}, {"type": "Feature", "geometry": {"type": "Point", "coordinates": [-95.28097449989531, 29.790200192859036]}, "properties": {"kind": "storage_tank"}}, {"type": "Feature", "geometry": {"type": "Point", "coordinates": [-95.28103485982025, 29.790819369334187]}, "properties": {"kind": "storage_tank"}}, {"type": "Feature", "geometry": {"type": "Point", "coordinates": [-95.281041562275, 29.79160845343523]}, "properties": {"kind": "storage_tank"}}, {"type": "Feature", "geometry": {"type": "Point", "coordinates": [-95.28105497890036, 29.79238358564222]}, "properties": {"kind": "storage_tank"}}, {"type": "Feature", "geometry": {"type": "Point", "coordinates": [-95.28104021255686, 29.793652187954784]}, "properties": {"kind": "storage_tank"}}, {"type": "Feature", "geometry": {"type": "Point", "coordinates": [-95.27965084677037, 29.79388146136844]}, "properties": {"kind": "storage_tank"}}, {"type": "Feature", "geometry": {"type": "Point", "coordinates": [-95.27965352526316, 29.79319711261792]}, "properties": {"kind": "storage_tank"}}, {"type": "Feature", "geometry": {"type": "Point", "coordinates": [-95.27963876740672, 29.792497649954374]}, "properties": {"kind": "storage_tank"}}, {"type": "Feature", "geometry": {"type": "Point", "coordinates": [-95.27963207582455, 29.791827281123837]}, "properties": {"kind": "storage_tank"}}, {"type": "Feature", "geometry": {"type": "Point", "coordinates": [-95.27962401086054, 29.791128950866888]}, "properties": {"kind": "storage_tank"}}, {"type": "Feature", "geometry": {"type": "Point", "coordinates": [-95.27961193297888, 29.79044459406215]}, "properties": {"kind": "storage_tank"}}, {"type": "Feature", "geometry": {"type": "Point", "coordinates": [-95.28518960861807, 29.79477411712057]}, "properties": {"kind": "storage_tank"}}, {"type": "Feature", "geometry": {"type": "Point", "coordinates": [-95.28398125394833, 29.794502945222444]}, "properties": {"kind": "storage_tank"}}, {"type": "Feature", "geometry": {"type": "Point", "coordinates": [-95.2843098304526, 29.795154680880763]}, "properties": {"kind": "storage_tank"}}, {"type": "Feature", "geometry": {"type": "Point", "coordinates": [-95.2796830347887, 29.795269896324424]}, "properties": {"kind": "storage_tank"}}, {"type": "Feature", "geometry": {"type": "Point", "coordinates": [-95.20307140496618, 29.749146193199014]}, "properties": {"kind": "storage_tank"}}, {"type": "Feature", "geometry": {"type": "Point", "coordinates": [-95.17970633714454, 29.76649772141934]}, "properties": {"kind": "works"}}, {"type": "Feature", "geometry": {"type": "Point", "coordinates": [-95.23283258645827, 29.781406195702854]}, "properties": {"kind": "stream"}}, {"type": "Feature", "geometry": {"type": "Point", "coordinates": [-95.23118438259138, 29.778029134396462]}, "properties": {"kind": "stream"}}, {"type": "Feature", "geometry": {"type": "Point", "coordinates": [-95.24927896963646, 29.660492861399057]}, "properties": {"kind": "drain"}}, {"type": "Feature", "geometry": {"type": "Point", "coordinates": [-95.24456170724385, 29.669508800240575]}, "properties": {"kind": "drain"}}, {"type": "Feature", "geometry": {"type": "Point", "coordinates": [-95.24929, 29.6612863]}, "properties": {"kind": "drain"}}, {"type": "Feature", "geometry": {"type": "Point", "coordinates": [-95.2492978, 29.659582200000003]}, "properties": {"kind": "drain"}}, {"type": "Feature", "geometry": {"type": "Point", "coordinates": [-95.2490207072727, 29.66474546646687]}, "properties": {"kind": "drain"}}, {"type": "Feature", "geometry": {"type": "Point", "coordinates": [-95.2431952, 29.67018715]}, "properties": {"kind": "drain"}}, {"type": "Feature", "geometry": {"type": "Point", "coordinates": [-95.24136950393967, 29.67212433958723]}, "properties": {"kind": "drain"}}, {"type": "Feature", "geometry": {"type": "Point", "coordinates": [-95.24625195, 29.6683062]}, "properties": {"kind": "drain"}}, {"type": "Feature", "geometry": {"type": "Point", "coordinates": [-95.24358431443765, 29.669959163243394]}, "properties": {"kind": "drain"}}, {"type": "Feature", "geometry": {"type": "Point", "coordinates": [-95.23996584885161, 29.664122986164436]}, "properties": {"kind": "water_works"}}, {"type": "Feature", "geometry": {"type": "Point", "coordinates": [-95.2473919, 29.66749415]}, "properties": {"kind": "drain"}}, {"type": "Feature", "geometry": {"type": "Point", "coordinates": [-95.2451096, 29.669119700000003]}, "properties": {"kind": "drain"}}, {"type": "Feature", "geometry": {"type": "Point", "coordinates": [-95.24396114999999, 29.66982955]}, "properties": {"kind": "drain"}}, {"type": "Feature", "geometry": {"type": "Point", "coordinates": [-95.3292304, 29.84874955]}, "properties": {"kind": "stream"}}, {"type": "Feature", "geometry": {"type": "Point", "coordinates": [-95.32926731695746, 29.84910955985457]}, "properties": {"kind": "stream"}}, {"type": "Feature", "geometry": {"type": "Point", "coordinates": [-95.3130971737383, 29.665406211694986]}, "properties": {"kind": "river"}}, {"type": "Feature", "geometry": {"type": "Point", "coordinates": [-95.22781245803714, 29.73161481205558]}, "properties": {"kind": "works"}}, {"type": "Feature", "geometry": {"type": "Point", "coordinates": [-95.22183109455685, 29.73165578110838]}, "properties": {"kind": "works"}}, {"type": "Feature", "geometry": {"type": "Point", "coordinates": [-95.20322346459372, 29.728308489502126]}, "properties": {"kind": "works"}}, {"type": "Feature", "geometry": {"type": "Point", "coordinates": [-95.20817876695432, 29.71545571547331]}, "properties": {"kind": "wastewater_plant"}}, {"type": "Feature", "geometry": {"type": "Point", "coordinates": [-95.20722765, 29.642083450000005]}, "properties": {"kind": "drain"}}, {"type": "Feature", "geometry": {"type": "Point", "coordinates": [-95.2074022, 29.642078550000004]}, "properties": {"kind": "drain"}}, {"type": "Feature", "geometry": {"type": "Point", "coordinates": [-95.34564390628334, 29.793979358660643]}, "properties": {"kind": "storage_tank"}}, {"type": "Feature", "geometry": {"type": "Point", "coordinates": [-95.34557551475557, 29.794090933301543]}, "properties": {"kind": "storage_tank"}}, {"type": "Feature", "geometry": {"type": "Point", "coordinates": [-95.34558774891357, 29.79418362571928]}, "properties": {"kind": "storage_tank"}}, {"type": "Feature", "geometry": {"type": "Point", "coordinates": [-95.34551970241291, 29.79416675280344]}, "properties": {"kind": "storage_tank"}}, {"type": "Feature", "geometry": {"type": "Point", "coordinates": [-95.34544675000001, 29.794137649999993]}, "properties": {"kind": "storage_tank"}}, {"type": "Feature", "geometry": {"type": "Point", "coordinates": [-95.34544072994699, 29.79419135220945]}, "properties": {"kind": "storage_tank"}}, {"type": "Feature", "geometry": {"type": "Point", "coordinates": [-95.34548364999999, 29.794201649999998]}, "properties": {"kind": "storage_tank"}}, {"type": "Feature", "geometry": {"type": "Point", "coordinates": [-95.3455296089996, 29.79421270635524]}, "properties": {"kind": "storage_tank"}}, {"type": "Feature", "geometry": {"type": "Point", "coordinates": [-95.3455736774893, 29.794226087858696]}, "properties": {"kind": "storage_tank"}}, {"type": "Feature", "geometry": {"type": "Point", "coordinates": [-95.34555839547109, 29.794266847879662]}, "properties": {"kind": "storage_tank"}}, {"type": "Feature", "geometry": {"type": "Point", "coordinates": [-95.34551264061936, 29.794253442521576]}, "properties": {"kind": "storage_tank"}}, {"type": "Feature", "geometry": {"type": "Point", "coordinates": [-95.34546788317063, 29.79424107994359]}, "properties": {"kind": "storage_tank"}}, {"type": "Feature", "geometry": {"type": "Point", "coordinates": [-95.3454251221893, 29.79423032282425]}, "properties": {"kind": "storage_tank"}}, {"type": "Feature", "geometry": {"type": "Point", "coordinates": [-95.34545382496377, 29.794472689796905]}, "properties": {"kind": "storage_tank"}}, {"type": "Feature", "geometry": {"type": "Point", "coordinates": [-95.34537098333409, 29.794358052746684]}, "properties": {"kind": "storage_tank"}}, {"type": "Feature", "geometry": {"type": "Point", "coordinates": [-95.34546085559444, 29.79438628850942]}, "properties": {"kind": "storage_tank"}}, {"type": "Feature", "geometry": {"type": "Point", "coordinates": [-95.34528518135993, 29.794491609077486]}, "properties": {"kind": "storage_tank"}}, {"type": "Feature", "geometry": {"type": "Point", "coordinates": [-95.34536177299218, 29.794444614473615]}, "properties": {"kind": "storage_tank"}}, {"type": "Feature", "geometry": {"type": "Point", "coordinates": [-95.34527058840119, 29.794538712511535]}, "properties": {"kind": "storage_tank"}}, {"type": "Feature", "geometry": {"type": "Point", "coordinates": [-95.34535644436073, 29.794533894996285]}, "properties": {"kind": "storage_tank"}}, {"type": "Feature", "geometry": {"type": "Point", "coordinates": [-95.34542095, 29.79456375]}, "properties": {"kind": "storage_tank"}}, {"type": "Feature", "geometry": {"type": "Point", "coordinates": [-95.34533746919169, 29.794584987284477]}, "properties": {"kind": "storage_tank"}}, {"type": "Feature", "geometry": {"type": "Point", "coordinates": [-95.34540183275513, 29.79462164497926]}, "properties": {"kind": "storage_tank"}}, {"type": "Feature", "geometry": {"type": "Point", "coordinates": [-95.3453579214351, 29.794642878718324]}, "properties": {"kind": "storage_tank"}}, {"type": "Feature", "geometry": {"type": "Point", "coordinates": [-95.34531266623736, 29.794631856850753]}, "properties": {"kind": "storage_tank"}}, {"type": "Feature", "geometry": {"type": "Point", "coordinates": [-95.34526840000002, 29.794619050000005]}, "properties": {"kind": "storage_tank"}}, {"type": "Feature", "geometry": {"type": "Point", "coordinates": [-95.3452526432662, 29.794657732046293]}, "properties": {"kind": "storage_tank"}}, {"type": "Feature", "geometry": {"type": "Point", "coordinates": [-95.34529756724484, 29.794669955020744]}, "properties": {"kind": "storage_tank"}}, {"type": "Feature", "geometry": {"type": "Point", "coordinates": [-95.34534283275514, 29.794683344979255]}, "properties": {"kind": "storage_tank"}}, {"type": "Feature", "geometry": {"type": "Point", "coordinates": [-95.34532807004167, 29.794720574364554]}, "properties": {"kind": "storage_tank"}}, {"type": "Feature", "geometry": {"type": "Point", "coordinates": [-95.34528382610209, 29.79470718546244]}, "properties": {"kind": "storage_tank"}}, {"type": "Feature", "geometry": {"type": "Point", "coordinates": [-95.34524022687383, 29.79469497245603]}, "properties": {"kind": "storage_tank"}}, {"type": "Feature", "geometry": {"type": "Point", "coordinates": [-95.34525533869974, 29.794761017347422]}, "properties": {"kind": "storage_tank"}}, {"type": "Feature", "geometry": {"type": "Point", "coordinates": [-95.34529792537892, 29.794777018957145]}, "properties": {"kind": "storage_tank"}}, {"type": "Feature", "geometry": {"type": "Point", "coordinates": [-95.3453434979817, 29.794790417752942]}, "properties": {"kind": "storage_tank"}}, {"type": "Feature", "geometry": {"type": "Point", "coordinates": [-95.34532773581803, 29.794829375415063]}, "properties": {"kind": "storage_tank"}}, {"type": "Feature", "geometry": {"type": "Point", "coordinates": [-95.3452818194254, 29.794816296480683]}, "properties": {"kind": "storage_tank"}}, {"type": "Feature", "geometry": {"type": "Point", "coordinates": [-95.34523806623734, 29.794803656850753]}, "properties": {"kind": "storage_tank"}}, {"type": "Feature", "geometry": {"type": "Point", "coordinates": [-95.34517168575036, 29.794797687176963]}, "properties": {"kind": "storage_tank"}}, {"type": "Feature", "geometry": {"type": "Point", "coordinates": [-95.34515440647807, 29.794847860286346]}, "properties": {"kind": "storage_tank"}}, {"type": "Feature", "geometry": {"type": "Point", "coordinates": [-95.34523486347064, 29.794846689991466]}, "properties": {"kind": "storage_tank"}}, {"type": "Feature", "geometry": {"type": "Point", "coordinates": [-95.34527912306027, 29.7948606687494]}, "properties": {"kind": "storage_tank"}}, {"type": "Feature", "geometry": {"type": "Point", "coordinates": [-95.34532419903591, 29.794874945120903]}, "properties": {"kind": "storage_tank"}}, {"type": "Feature", "geometry": {"type": "Point", "coordinates": [-95.34522062035698, 29.794886283985992]}, "properties": {"kind": "storage_tank"}}, {"type": "Feature", "geometry": {"type": "Point", "coordinates": [-95.3452635295251, 29.794900407586436]}, "properties": {"kind": "storage_tank"}}, {"type": "Feature", "geometry": {"type": "Point", "coordinates": [-95.34530797331897, 29.79491334536001]}, "properties": {"kind": "storage_tank"}}, {"type": "Feature", "geometry": {"type": "Point", "coordinates": [-95.34486490020386, 29.79428969779407]}, "properties": {"kind": "storage_tank"}}, {"type": "Feature", "geometry": {"type": "Point", "coordinates": [-95.34486540000003, 29.794333178130213]}, "properties": {"kind": "storage_tank"}}, {"type": "Feature", "geometry": {"type": "Point", "coordinates": [-95.34475961906591, 29.79429129401499]}, "properties": {"kind": "storage_tank"}}, {"type": "Feature", "geometry": {"type": "Point", "coordinates": [-95.34480239843352, 29.79429245105842]}, "properties": {"kind": "storage_tank"}}, {"type": "Feature", "geometry": {"type": "Point", "coordinates": [-95.34474555619545, 29.79433493778404]}, "properties": {"kind": "storage_tank"}}, {"type": "Feature", "geometry": {"type": "Point", "coordinates": [-95.34479884787136, 29.794334911371102]}, "properties": {"kind": "storage_tank"}}, {"type": "Feature", "geometry": {"type": "Point", "coordinates": [-95.34342438182217, 29.79409213540099]}, "properties": {"kind": "storage_tank"}}, {"type": "Feature", "geometry": {"type": "Point", "coordinates": [-95.34292348663296, 29.794563441407334]}, "properties": {"kind": "storage_tank"}}, {"type": "Feature", "geometry": {"type": "Point", "coordinates": [-95.19810465053314, 29.728676651616603]}, "properties": {"kind": "storage_tank"}}, {"type": "Feature", "geometry": {"type": "Point", "coordinates": [-95.19809067959882, 29.727588472848737]}, "properties": {"kind": "storage_tank"}}, {"type": "Feature", "geometry": {"type": "Point", "coordinates": [-95.19389876808336, 29.739078442703484]}, "properties": {"kind": "works"}}, {"type": "Feature", "geometry": {"type": "Point", "coordinates": [-95.20237812289865, 29.747428926664515]}, "properties": {"kind": "works"}}, {"type": "Feature", "geometry": {"type": "Point", "coordinates": [-95.26892968607507, 29.777688427347663]}, "properties": {"kind": "works"}}, {"type": "Feature", "geometry": {"type": "Point", "coordinates": [-95.26924975542087, 29.772974197357957]}, "properties": {"kind": "works"}}, {"type": "Feature", "geometry": {"type": "Point", "coordinates": [-95.19240236263437, 29.756345887715838]}, "properties": {"kind": "works"}}, {"type": "Feature", "geometry": {"type": "Point", "coordinates": [-95.19579001210671, 29.755931074253677]}, "properties": {"kind": "works"}}, {"type": "Feature", "geometry": {"type": "Point", "coordinates": [-95.19308490677729, 29.752151451735457]}, "properties": {"kind": "works"}}, {"type": "Feature", "geometry": {"type": "Point", "coordinates": [-95.18830380097582, 29.7521012502268]}, "properties": {"kind": "works"}}, {"type": "Feature", "geometry": {"type": "Point", "coordinates": [-95.20294003654398, 29.720967291618265]}, "properties": {"kind": "storage_tank"}}, {"type": "Feature", "geometry": {"type": "Point", "coordinates": [-95.20255590438744, 29.7214221495088]}, "properties": {"kind": "storage_tank"}}, {"type": "Feature", "geometry": {"type": "Point", "coordinates": [-95.20291006579963, 29.72187233714454]}, "properties": {"kind": "storage_tank"}}, {"type": "Feature", "geometry": {"type": "Point", "coordinates": [-95.2021952525624, 29.721894659438426]}, "properties": {"kind": "storage_tank"}}, {"type": "Feature", "geometry": {"type": "Point", "coordinates": [-95.20292241203148, 29.722497593352234]}, "properties": {"kind": "storage_tank"}}, {"type": "Feature", "geometry": {"type": "Point", "coordinates": [-95.202204678663, 29.722516521585653]}, "properties": {"kind": "storage_tank"}}, {"type": "Feature", "geometry": {"type": "Point", "coordinates": [-95.20149091360044, 29.722217756605342]}, "properties": {"kind": "storage_tank"}}, {"type": "Feature", "geometry": {"type": "Point", "coordinates": [-95.2029244280168, 29.723125474575074]}, "properties": {"kind": "storage_tank"}}, {"type": "Feature", "geometry": {"type": "Point", "coordinates": [-95.2022159754562, 29.723131934384096]}, "properties": {"kind": "storage_tank"}}, {"type": "Feature", "geometry": {"type": "Point", "coordinates": [-95.2015967170145, 29.722838449776788]}, "properties": {"kind": "storage_tank"}}, {"type": "Feature", "geometry": {"type": "Point", "coordinates": [-95.2029336831284, 29.723747967727668]}, "properties": {"kind": "storage_tank"}}, {"type": "Feature", "geometry": {"type": "Point", "coordinates": [-95.20221477032005, 29.723747116381524]}, "properties": {"kind": "storage_tank"}}, {"type": "Feature", "geometry": {"type": "Point", "coordinates": [-95.20090942228617, 29.72273838357798]}, "properties": {"kind": "storage_tank"}}, {"type": "Feature", "geometry": {"type": "Point", "coordinates": [-95.20118265765339, 29.72325838770389]}, "properties": {"kind": "storage_tank"}}, {"type": "Feature", "geometry": {"type": "Point", "coordinates": [-95.20146323265959, 29.723754520254275]}, "properties": {"kind": "storage_tank"}}, {"type": "Feature", "geometry": {"type": "Point", "coordinates": [-95.20046079723824, 29.723803529017278]}, "properties": {"kind": "storage_tank"}}, {"type": "Feature", "geometry": {"type": "Point", "coordinates": [-95.20043817408457, 29.72318728745458]}, "properties": {"kind": "storage_tank"}}, {"type": "Feature", "geometry": {"type": "Point", "coordinates": [-95.19973983386537, 29.7238142767805]}, "properties": {"kind": "storage_tank"}}, {"type": "Feature", "geometry": {"type": "Point", "coordinates": [-95.2008037900896, 29.724381540303995]}, "properties": {"kind": "storage_tank"}}, {"type": "Feature", "geometry": {"type": "Point", "coordinates": [-95.20010860425297, 29.7243788079545]}, "properties": {"kind": "storage_tank"}}, {"type": "Feature", "geometry": {"type": "Point", "coordinates": [-95.19937630861881, 29.72440374811713]}, "properties": {"kind": "storage_tank"}}, {"type": "Feature", "geometry": {"type": "Point", "coordinates": [-95.19866439740994, 29.725017122580688]}, "properties": {"kind": "storage_tank"}}, {"type": "Feature", "geometry": {"type": "Point", "coordinates": [-95.19937424561611, 29.72501207189518]}, "properties": {"kind": "storage_tank"}}, {"type": "Feature", "geometry": {"type": "Point", "coordinates": [-95.20008781885765, 29.725001991673548]}, "properties": {"kind": "storage_tank"}}, {"type": "Feature", "geometry": {"type": "Point", "coordinates": [-95.20079255413276, 29.72500850429521]}, "properties": {"kind": "storage_tank"}}, {"type": "Feature", "geometry": {"type": "Point", "coordinates": [-95.20150222781459, 29.72499335100169]}, "properties": {"kind": "storage_tank"}}, {"type": "Feature", "geometry": {"type": "Point", "coordinates": [-95.20224983232036, 29.724985252758206]}, "properties": {"kind": "storage_tank"}}, {"type": "Feature", "geometry": {"type": "Point", "coordinates": [-95.20294307896829, 29.72498081775635]}, "properties": {"kind": "storage_tank"}}, {"type": "Feature", "geometry": {"type": "Point", "coordinates": [-95.20293787679853, 29.724367976895405]}, "properties": {"kind": "storage_tank"}}, {"type": "Feature", "geometry": {"type": "Point", "coordinates": [-95.20223635391149, 29.724364298774077]}, "properties": {"kind": "storage_tank"}}, {"type": "Feature", "geometry": {"type": "Point", "coordinates": [-95.20738626038165, 29.721209378985336]}, "properties": {"kind": "storage_tank"}}, {"type": "Feature", "geometry": {"type": "Point", "coordinates": [-95.20668554446519, 29.721215456680877]}, "properties": {"kind": "storage_tank"}}, {"type": "Feature", "geometry": {"type": "Point", "coordinates": [-95.20581111269817, 29.721212346618245]}, "properties": {"kind": "storage_tank"}}, {"type": "Feature", "geometry": {"type": "Point", "coordinates": [-95.2049581695266, 29.72122942939333]}, "properties": {"kind": "storage_tank"}}, {"type": "Feature", "geometry": {"type": "Point", "coordinates": [-95.20470955114881, 29.721476985605676]}, "properties": {"kind": "storage_tank"}}, {"type": "Feature", "geometry": {"type": "Point", "coordinates": [-95.20492778921984, 29.722100652163]}, "properties": {"kind": "storage_tank"}}, {"type": "Feature", "geometry": {"type": "Point", "coordinates": [-95.20573603602436, 29.722293897290456]}, "properties": {"kind": "storage_tank"}}, {"type": "Feature", "geometry": {"type": "Point", "coordinates": [-95.20609536970429, 29.722645542491442]}, "properties": {"kind": "storage_tank"}}, {"type": "Feature", "geometry": {"type": "Point", "coordinates": [-95.20573242474747, 29.722627007076834]}, "properties": {"kind": "storage_tank"}}, {"type": "Feature", "geometry": {"type": "Point", "coordinates": [-95.20490712023935, 29.72302902966342]}, "properties": {"kind": "storage_tank"}}, {"type": "Feature", "geometry": {"type": "Point", "coordinates": [-95.20609716519063, 29.723300869000703]}, "properties": {"kind": "storage_tank"}}, {"type": "Feature", "geometry": {"type": "Point", "coordinates": [-95.20579141358351, 29.72329857345436]}, "properties": {"kind": "storage_tank"}}, {"type": "Feature", "geometry": {"type": "Point", "coordinates": [-95.20578245682115, 29.722966241657943]}, "properties": {"kind": "storage_tank"}}, {"type": "Feature", "geometry": {"type": "Point", "coordinates": [-95.20592196822138, 29.72402617177937]}, "properties": {"kind": "storage_tank"}}, {"type": "Feature", "geometry": {"type": "Point", "coordinates": [-95.20489458493388, 29.724030627615203]}, "properties": {"kind": "storage_tank"}}, {"type": "Feature", "geometry": {"type": "Point", "coordinates": [-95.2041741954158, 29.723984312746243]}, "properties": {"kind": "storage_tank"}}, {"type": "Feature", "geometry": {"type": "Point", "coordinates": [-95.20483124921034, 29.72481197223739]}, "properties": {"kind": "storage_tank"}}, {"type": "Feature", "geometry": {"type": "Point", "coordinates": [-95.20420887347643, 29.725035411185143]}, "properties": {"kind": "storage_tank"}}, {"type": "Feature", "geometry": {"type": "Point", "coordinates": [-95.20593794296948, 29.7248078180732]}, "properties": {"kind": "storage_tank"}}, {"type": "Feature", "geometry": {"type": "Point", "coordinates": [-95.20695105111143, 29.724835231544173]}, "properties": {"kind": "storage_tank"}}, {"type": "Feature", "geometry": {"type": "Point", "coordinates": [-95.20806809023154, 29.723090052209706]}, "properties": {"kind": "storage_tank"}}, {"type": "Feature", "geometry": {"type": "Point", "coordinates": [-95.20928288293568, 29.723188681871374]}, "properties": {"kind": "storage_tank"}}, {"type": "Feature", "geometry": {"type": "Point", "coordinates": [-95.20905410695507, 29.72401690400361]}, "properties": {"kind": "storage_tank"}}, {"type": "Feature", "geometry": {"type": "Point", "coordinates": [-95.20909102634425, 29.724804251457126]}, "properties": {"kind": "storage_tank"}}, {"type": "Feature", "geometry": {"type": "Point", "coordinates": [-95.20808877336528, 29.724801747656034]}, "properties": {"kind": "storage_tank"}}, {"type": "Feature", "geometry": {"type": "Point", "coordinates": [-95.20910238972449, 29.725669480484434]}, "properties": {"kind": "storage_tank"}}, {"type": "Feature", "geometry": {"type": "Point", "coordinates": [-95.20890514511093, 29.72639623165208]}, "properties": {"kind": "storage_tank"}}, {"type": "Feature", "geometry": {"type": "Point", "coordinates": [-95.20714180680217, 29.725963819371156]}, "properties": {"kind": "storage_tank"}}, {"type": "Feature", "geometry": {"type": "Point", "coordinates": [-95.20614573134257, 29.725978190697642]}, "properties": {"kind": "storage_tank"}}, {"type": "Feature", "geometry": {"type": "Point", "coordinates": [-95.20520800436752, 29.726169030619232]}, "properties": {"kind": "storage_tank"}}, {"type": "Feature", "geometry": {"type": "Point", "coordinates": [-95.20434121925891, 29.72620648037592]}, "properties": {"kind": "storage_tank"}}, {"type": "Feature", "geometry": {"type": "Point", "coordinates": [-95.20614260736097, 29.72669256145782]}, "properties": {"kind": "storage_tank"}}, {"type": "Feature", "geometry": {"type": "Point", "coordinates": [-95.20716647943026, 29.72641955928131]}, "properties": {"kind": "storage_tank"}}, {"type": "Feature", "geometry": {"type": "Point", "coordinates": [-95.20717467339708, 29.72682092130575]}, "properties": {"kind": "storage_tank"}}, {"type": "Feature", "geometry": {"type": "Point", "coordinates": [-95.20796651079861, 29.727393478564228]}, "properties": {"kind": "storage_tank"}}, {"type": "Feature", "geometry": {"type": "Point", "coordinates": [-95.20717675720138, 29.727488023941252]}, "properties": {"kind": "storage_tank"}}, {"type": "Feature", "geometry": {"type": "Point", "coordinates": [-95.20684498325684, 29.727494230931832]}, "properties": {"kind": "storage_tank"}}, {"type": "Feature", "geometry": {"type": "Point", "coordinates": [-95.20684802818286, 29.726425709770236]}, "properties": {"kind": "storage_tank"}}, {"type": "Feature", "geometry": {"type": "Point", "coordinates": [-95.20685019308114, 29.72682713569883]}, "properties": {"kind": "storage_tank"}}, {"type": "Feature", "geometry": {"type": "Point", "coordinates": [-95.20674457389231, 29.728129982101457]}, "properties": {"kind": "storage_tank"}}, {"type": "Feature", "geometry": {"type": "Point", "coordinates": [-95.20609400279815, 29.727530949556304]}, "properties": {"kind": "storage_tank"}}, {"type": "Feature", "geometry": {"type": "Point", "coordinates": [-95.20531195091866, 29.7274584356203]}, "properties": {"kind": "storage_tank"}}, {"type": "Feature", "geometry": {"type": "Point", "coordinates": [-95.2046007534375, 29.727541551181258]}, "properties": {"kind": "storage_tank"}}, {"type": "Feature", "geometry": {"type": "Point", "coordinates": [-95.20515348679974, 29.728036980897308]}, "properties": {"kind": "storage_tank"}}, {"type": "Feature", "geometry": {"type": "Point", "coordinates": [-95.20441892556141, 29.728252079565973]}, "properties": {"kind": "storage_tank"}}, {"type": "Feature", "geometry": {"type": "Point", "coordinates": [-95.20516833391655, 29.72864750557684]}, "properties": {"kind": "storage_tank"}}, {"type": "Feature", "geometry": {"type": "Point", "coordinates": [-95.20435267204861, 29.728861955032617]}, "properties": {"kind": "storage_tank"}}, {"type": "Feature", "geometry": {"type": "Point", "coordinates": [-95.2054375180858, 29.729106167169714]}, "properties": {"kind": "storage_tank"}}, {"type": "Feature", "geometry": {"type": "Point", "coordinates": [-95.20515584975048, 29.729102856499594]}, "properties": {"kind": "storage_tank"}}, {"type": "Feature", "geometry": {"type": "Point", "coordinates": [-95.20489300734988, 29.729107518915814]}, "properties": {"kind": "storage_tank"}}, {"type": "Feature", "geometry": {"type": "Point", "coordinates": [-95.20410443783486, 29.72929617730678]}, "properties": {"kind": "storage_tank"}}, {"type": "Feature", "geometry": {"type": "Point", "coordinates": [-95.2041097934068, 29.729463883847046]}, "properties": {"kind": "storage_tank"}}, {"type": "Feature", "geometry": {"type": "Point", "coordinates": [-95.20490908522258, 29.729794622165375]}, "properties": {"kind": "storage_tank"}}, {"type": "Feature", "geometry": {"type": "Point", "coordinates": [-95.20490372465453, 29.729990262222852]}, "properties": {"kind": "storage_tank"}}, {"type": "Feature", "geometry": {"type": "Point", "coordinates": [-95.2053900982797, 29.729806415728266]}, "properties": {"kind": "storage_tank"}}, {"type": "Feature", "geometry": {"type": "Point", "coordinates": [-95.20535255461843, 29.72944311683172]}, "properties": {"kind": "storage_tank"}}, {"type": "Feature", "geometry": {"type": "Point", "coordinates": [-95.2048551437521, 29.729466666482207]}, "properties": {"kind": "storage_tank"}}, {"type": "Feature", "geometry": {"type": "Point", "coordinates": [-95.20528555969568, 29.730372509112772]}, "properties": {"kind": "storage_tank"}}, {"type": "Feature", "geometry": {"type": "Point", "coordinates": [-95.20463617123802, 29.73069146014011]}, "properties": {"kind": "storage_tank"}}, {"type": "Feature", "geometry": {"type": "Point", "coordinates": [-95.20527991817455, 29.73099426064123]}, "properties": {"kind": "storage_tank"}}, {"type": "Feature", "geometry": {"type": "Point", "coordinates": [-95.20470591979779, 29.731343617462997]}, "properties": {"kind": "storage_tank"}}, {"type": "Feature", "geometry": {"type": "Point", "coordinates": [-95.20404072539282, 29.73142979237601]}, "properties": {"kind": "storage_tank"}}, {"type": "Feature", "geometry": {"type": "Point", "coordinates": [-95.20399782434208, 29.730393335026214]}, "properties": {"kind": "storage_tank"}}, {"type": "Feature", "geometry": {"type": "Point", "coordinates": [-95.20525040832152, 29.73175585555976]}, "properties": {"kind": "storage_tank"}}, {"type": "Feature", "geometry": {"type": "Point", "coordinates": [-95.20407022585424, 29.73208427722936]}, "properties": {"kind": "storage_tank"}}, {"type": "Feature", "geometry": {"type": "Point", "coordinates": [-95.2051586556687, 29.73249756129665]}, "properties": {"kind": "storage_tank"}}, {"type": "Feature", "geometry": {"type": "Point", "coordinates": [-95.2049019439742, 29.7329872605375]}, "properties": {"kind": "storage_tank"}}, {"type": "Feature", "geometry": {"type": "Point", "coordinates": [-95.20389422601592, 29.73300553231082]}, "properties": {"kind": "storage_tank"}}, {"type": "Feature", "geometry": {"type": "Point", "coordinates": [-95.20388551668665, 29.73366603157929]}, "properties": {"kind": "storage_tank"}}, {"type": "Feature", "geometry": {"type": "Point", "coordinates": [-95.20392442990509, 29.734422055162533]}, "properties": {"kind": "storage_tank"}}, {"type": "Feature", "geometry": {"type": "Point", "coordinates": [-95.20286114669625, 29.726015786384277]}, "properties": {"kind": "storage_tank"}}, {"type": "Feature", "geometry": {"type": "Point", "coordinates": [-95.2017510844666, 29.726255636053878]}, "properties": {"kind": "storage_tank"}}, {"type": "Feature", "geometry": {"type": "Point", "coordinates": [-95.20077175891491, 29.726025126134978]}, "properties": {"kind": "storage_tank"}}, {"type": "Feature", "geometry": {"type": "Point", "coordinates": [-95.19996012787978, 29.726272016422957]}, "properties": {"kind": "storage_tank"}}, {"type": "Feature", "geometry": {"type": "Point", "coordinates": [-95.1986649164748, 29.726042531796374]}, "properties": {"kind": "storage_tank"}}, {"type": "Feature", "geometry": {"type": "Point", "coordinates": [-95.19802749366625, 29.7265657701932]}, "properties": {"kind": "storage_tank"}}, {"type": "Feature", "geometry": {"type": "Point", "coordinates": [-95.19913197881655, 29.72861999256575]}, "properties": {"kind": "storage_tank"}}, {"type": "Feature", "geometry": {"type": "Point", "coordinates": [-95.1992474989205, 29.727850560109278]}, "properties": {"kind": "storage_tank"}}, {"type": "Feature", "geometry": {"type": "Point", "coordinates": [-95.19906575943155, 29.727852337756723]}, "properties": {"kind": "storage_tank"}}, {"type": "Feature", "geometry": {"type": "Point", "coordinates": [-95.20214854659478, 29.72727697138299]}, "properties": {"kind": "storage_tank"}}, {"type": "Feature", "geometry": {"type": "Point", "coordinates": [-95.20134924410526, 29.727287766638813]}, "properties": {"kind": "storage_tank"}}, {"type": "Feature", "geometry": {"type": "Point", "coordinates": [-95.2029277389945, 29.72726316640711]}, "properties": {"kind": "storage_tank"}}, {"type": "Feature", "geometry": {"type": "Point", "coordinates": [-95.20294543722561, 29.727973124089228]}, "properties": {"kind": "storage_tank"}}, {"type": "Feature", "geometry": {"type": "Point", "coordinates": [-95.20214910669179, 29.727985416827952]}, "properties": {"kind": "storage_tank"}}, {"type": "Feature", "geometry": {"type": "Point", "coordinates": [-95.20135279140048, 29.727982348517237]}, "properties": {"kind": "storage_tank"}}, {"type": "Feature", "geometry": {"type": "Point", "coordinates": [-95.20214556116521, 29.72879065168883]}, "properties": {"kind": "storage_tank"}}, {"type": "Feature", "geometry": {"type": "Point", "coordinates": [-95.2013634084892, 29.728799859146868]}, "properties": {"kind": "storage_tank"}}, {"type": "Feature", "geometry": {"type": "Point", "coordinates": [-95.20294189402183, 29.72878755958569]}, "properties": {"kind": "storage_tank"}}, {"type": "Feature", "geometry": {"type": "Point", "coordinates": [-95.20295605100274, 29.729479077376258]}, "properties": {"kind": "storage_tank"}}, {"type": "Feature", "geometry": {"type": "Point", "coordinates": [-95.20215265238434, 29.729488308256098]}, "properties": {"kind": "storage_tank"}}, {"type": "Feature", "geometry": {"type": "Point", "coordinates": [-95.20136694376674, 29.729509818143008]}, "properties": {"kind": "storage_tank"}}, {"type": "Feature", "geometry": {"type": "Point", "coordinates": [-95.20011229896022, 29.728612900541016]}, "properties": {"kind": "storage_tank"}}, {"type": "Feature", "geometry": {"type": "Point", "coordinates": [-95.20012644362532, 29.729482606721856]}, "properties": {"kind": "storage_tank"}}, {"type": "Feature", "geometry": {"type": "Point", "coordinates": [-95.19920845254971, 29.72962172251541]}, "properties": {"kind": "storage_tank"}}, {"type": "Feature", "geometry": {"type": "Point", "coordinates": [-95.1992818176891, 29.730304326813275]}, "properties": {"kind": "storage_tank"}}, {"type": "Feature", "geometry": {"type": "Point", "coordinates": [-95.20137704012609, 29.730413904185674]}, "properties": {"kind": "storage_tank"}}, {"type": "Feature", "geometry": {"type": "Point", "coordinates": [-95.20217220626058, 29.730413796779533]}, "properties": {"kind": "storage_tank"}}, {"type": "Feature", "geometry": {"type": "Point", "coordinates": [-95.202962516089, 29.730386219109896]}, "properties": {"kind": "storage_tank"}}, {"type": "Feature", "geometry": {"type": "Point", "coordinates": [-95.19721021428867, 29.731118508136877]}, "properties": {"kind": "storage_tank"}}, {"type": "Feature", "geometry": {"type": "Point", "coordinates": [-95.19909776310492, 29.73109691379367]}, "properties": {"kind": "storage_tank"}}, {"type": "Feature", "geometry": {"type": "Point", "coordinates": [-95.19847132134923, 29.731109209762536]}, "properties": {"kind": "storage_tank"}}, {"type": "Feature", "geometry": {"type": "Point", "coordinates": [-95.19783780583076, 29.73111533734809]}, "properties": {"kind": "storage_tank"}}, {"type": "Feature", "geometry": {"type": "Point", "coordinates": [-95.1978590303133, 29.731665478441187]}, "properties": {"kind": "storage_tank"}}, {"type": "Feature", "geometry": {"type": "Point", "coordinates": [-95.1984784121539, 29.731662395810446]}, "properties": {"kind": "storage_tank"}}, {"type": "Feature", "geometry": {"type": "Point", "coordinates": [-95.19910130915353, 29.731647013835524]}, "properties": {"kind": "storage_tank"}}, {"type": "Feature", "geometry": {"type": "Point", "coordinates": [-95.20115049248366, 29.731622432961164]}, "properties": {"kind": "storage_tank"}}, {"type": "Feature", "geometry": {"type": "Point", "coordinates": [-95.20052404947226, 29.731631669391295]}, "properties": {"kind": "storage_tank"}}, {"type": "Feature", "geometry": {"type": "Point", "coordinates": [-95.19989761342072, 29.731643962838945]}, "properties": {"kind": "storage_tank"}}, {"type": "Feature", "geometry": {"type": "Point", "coordinates": [-95.19989054353593, 29.731075406473554]}, "properties": {"kind": "storage_tank"}}, {"type": "Feature", "geometry": {"type": "Point", "coordinates": [-95.20059837021158, 29.731081540771598]}, "properties": {"kind": "storage_tank"}}, {"type": "Feature", "geometry": {"type": "Point", "coordinates": [-95.20052406083246, 29.732261688832427]}, "properties": {"kind": "storage_tank"}}, {"type": "Feature", "geometry": {"type": "Point", "coordinates": [-95.20115404100395, 29.73226169718304]}, "properties": {"kind": "storage_tank"}}, {"type": "Feature", "geometry": {"type": "Point", "coordinates": [-95.19989762172162, 29.732273985032673]}, "properties": {"kind": "storage_tank"}}, {"type": "Feature", "geometry": {"type": "Point", "coordinates": [-95.19912252777644, 29.73228627856179]}, "properties": {"kind": "storage_tank"}}, {"type": "Feature", "geometry": {"type": "Point", "coordinates": [-95.19848547021157, 29.732289340771587]}, "properties": {"kind": "storage_tank"}}, {"type": "Feature", "geometry": {"type": "Point", "coordinates": [-95.19785902657537, 29.732289347560798]}, "properties": {"kind": "storage_tank"}}, {"type": "Feature", "geometry": {"type": "Point", "coordinates": [-95.19819524942342, 29.73309453874933]}, "properties": {"kind": "storage_tank"}}, {"type": "Feature", "geometry": {"type": "Point", "coordinates": [-95.19881108316258, 29.733082233380692]}, "properties": {"kind": "storage_tank"}}, {"type": "Feature", "geometry": {"type": "Point", "coordinates": [-95.20027237721125, 29.73301663600878]}, "properties": {"kind": "storage_tank"}}, {"type": "Feature", "geometry": {"type": "Point", "coordinates": [-95.2008281201252, 29.733308612655964]}, "properties": {"kind": "storage_tank"}}, {"type": "Feature", "geometry": {"type": "Point", "coordinates": [-95.20199561150959, 29.733045030383643]}, "properties": {"kind": "storage_tank"}}, {"type": "Feature", "geometry": {"type": "Point", "coordinates": [-95.20263072364449, 29.733024763231057]}, "properties": {"kind": "storage_tank"}}, {"type": "Feature", "geometry": {"type": "Point", "coordinates": [-95.20326585144956, 29.733012601968852]}, "properties": {"kind": "storage_tank"}}, {"type": "Feature", "geometry": {"type": "Point", "coordinates": [-95.20327520943142, 29.73356409185754]}, "properties": {"kind": "storage_tank"}}, {"type": "Feature", "geometry": {"type": "Point", "coordinates": [-95.20341530943142, 29.734115591857524]}, "properties": {"kind": "storage_tank"}}, {"type": "Feature", "geometry": {"type": "Point", "coordinates": [-95.20265874297282, 29.7335722138287]}, "properties": {"kind": "storage_tank"}}, {"type": "Feature", "geometry": {"type": "Point", "coordinates": [-95.20361141984306, 29.734877961683633]}, "properties": {"kind": "storage_tank"}}, {"type": "Feature", "geometry": {"type": "Point", "coordinates": [-95.20305570365439, 29.73457380769133]}, "properties": {"kind": "storage_tank"}}, {"type": "Feature", "geometry": {"type": "Point", "coordinates": [-95.20252799043176, 29.734281852380217]}, "properties": {"kind": "storage_tank"}}, {"type": "Feature", "geometry": {"type": "Point", "coordinates": [-95.20190808811236, 29.733896742765047]}, "properties": {"kind": "storage_tank"}}, {"type": "Feature", "geometry": {"type": "Point", "coordinates": [-95.20139944140342, 29.733597191935555]}, "properties": {"kind": "storage_tank"}}, {"type": "Feature", "geometry": {"type": "Point", "coordinates": [-95.20185207272901, 29.73171399572125]}, "properties": {"kind": "storage_tank"}}, {"type": "Feature", "geometry": {"type": "Point", "coordinates": [-95.20185732754825, 29.73225501247572]}, "properties": {"kind": "storage_tank"}}, {"type": "Feature", "geometry": {"type": "Point", "coordinates": [-95.20271130311335, 29.732286216413325]}, "properties": {"kind": "storage_tank"}}, {"type": "Feature", "geometry": {"type": "Point", "coordinates": [-95.20239649238617, 29.732316453226225]}, "properties": {"kind": "storage_tank"}}, {"type": "Feature", "geometry": {"type": "Point", "coordinates": [-95.20275328183823, 29.732009774994697]}, "properties": {"kind": "storage_tank"}}, {"type": "Feature", "geometry": {"type": "Point", "coordinates": [-95.20240015431901, 29.731759026425017]}, "properties": {"kind": "storage_tank"}}, {"type": "Feature", "geometry": {"type": "Point", "coordinates": [-95.20240545816061, 29.731491859561025]}, "properties": {"kind": "storage_tank"}}, {"type": "Feature", "geometry": {"type": "Point", "coordinates": [-95.20181177520024, 29.73135142219669]}, "properties": {"kind": "storage_tank"}}, {"type": "Feature", "geometry": {"type": "Point", "coordinates": [-95.2018010640747, 29.73115499423385]}, "properties": {"kind": "storage_tank"}}, {"type": "Feature", "geometry": {"type": "Point", "coordinates": [-95.19797678722333, 29.735870895500362]}, "properties": {"kind": "storage_tank"}}, {"type": "Feature", "geometry": {"type": "Point", "coordinates": [-95.1974554441599, 29.736731520480784]}, "properties": {"kind": "storage_tank"}}, {"type": "Feature", "geometry": {"type": "Point", "coordinates": [-95.19855146460412, 29.73534663274135]}, "properties": {"kind": "storage_tank"}}, {"type": "Feature", "geometry": {"type": "Point", "coordinates": [-95.19912475791101, 29.735343532082737]}, "properties": {"kind": "storage_tank"}}, {"type": "Feature", "geometry": {"type": "Point", "coordinates": [-95.19981957632116, 29.73532310824712]}, "properties": {"kind": "storage_tank"}}, {"type": "Feature", "geometry": {"type": "Point", "coordinates": [-95.19980428621258, 29.73487636052607]}, "properties": {"kind": "storage_tank"}}, {"type": "Feature", "geometry": {"type": "Point", "coordinates": [-95.20042009104093, 29.73530360591319]}, "properties": {"kind": "storage_tank"}}, {"type": "Feature", "geometry": {"type": "Point", "coordinates": [-95.20092239558618, 29.735817007482606]}, "properties": {"kind": "storage_tank"}}, {"type": "Feature", "geometry": {"type": "Point", "coordinates": [-95.20152051369442, 29.735807766976706]}, "properties": {"kind": "storage_tank"}}, {"type": "Feature", "geometry": {"type": "Point", "coordinates": [-95.2003242805625, 29.735823121948833]}, "properties": {"kind": "storage_tank"}}, {"type": "Feature", "geometry": {"type": "Point", "coordinates": [-95.19974030650033, 29.73582621227428]}, "properties": {"kind": "storage_tank"}}, {"type": "Feature", "geometry": {"type": "Point", "coordinates": [-95.19913509877499, 29.735850803367715]}, "properties": {"kind": "storage_tank"}}, {"type": "Feature", "geometry": {"type": "Point", "coordinates": [-95.1985652995204, 29.73585694495052]}, "properties": {"kind": "storage_tank"}}, {"type": "Feature", "geometry": {"type": "Point", "coordinates": [-95.19796009923711, 29.73535294379334]}, "properties": {"kind": "storage_tank"}}, {"type": "Feature", "geometry": {"type": "Point", "coordinates": [-95.19807082992216, 29.734271456002386]}, "properties": {"kind": "storage_tank"}}, {"type": "Feature", "geometry": {"type": "Point", "coordinates": [-95.19856520220644, 29.73425693545798]}, "properties": {"kind": "storage_tank"}}, {"type": "Feature", "geometry": {"type": "Point", "coordinates": [-95.19892437977978, 29.734294950871973]}, "properties": {"kind": "storage_tank"}}, {"type": "Feature", "geometry": {"type": "Point", "coordinates": [-95.19922680246862, 29.734292053932915]}, "properties": {"kind": "storage_tank"}}, {"type": "Feature", "geometry": {"type": "Point", "coordinates": [-95.2467693974513, 29.709216444884998]}, "properties": {"kind": "storage_tank"}}, {"type": "Feature", "geometry": {"type": "Point", "coordinates": [-95.23592296598433, 29.713587714785465]}, "properties": {"kind": "storage_tank"}}, {"type": "Feature", "geometry": {"type": "Point", "coordinates": [-95.23581070107826, 29.71358859090282]}, "properties": {"kind": "storage_tank"}}, {"type": "Feature", "geometry": {"type": "Point", "coordinates": [-95.23015064635804, 29.71546400952198]}, "properties": {"kind": "storage_tank"}}, {"type": "Feature", "geometry": {"type": "Point", "coordinates": [-95.23014959728057, 29.715368123735672]}, "properties": {"kind": "storage_tank"}}, {"type": "Feature", "geometry": {"type": "Point", "coordinates": [-95.23003916049831, 29.715365274173624]}, "properties": {"kind": "storage_tank"}}, {"type": "Feature", "geometry": {"type": "Point", "coordinates": [-95.22993023322039, 29.715366345380275]}, "properties": {"kind": "storage_tank"}}, {"type": "Feature", "geometry": {"type": "Point", "coordinates": [-95.23546457791893, 29.71365852760377]}, "properties": {"kind": "storage_tank"}}, {"type": "Feature", "geometry": {"type": "Point", "coordinates": [-95.23534406656425, 29.713664953526187]}, "properties": {"kind": "storage_tank"}}, {"type": "Feature", "geometry": {"type": "Point", "coordinates": [-95.23507616008352, 29.713663658081565]}, "properties": {"kind": "storage_tank"}}, {"type": "Feature", "geometry": {"type": "Point", "coordinates": [-95.23495717249641, 29.713663454924944]}, "properties": {"kind": "storage_tank"}}, {"type": "Feature", "geometry": {"type": "Point", "coordinates": [-95.23555799848178, 29.71419774079767]}, "properties": {"kind": "storage_tank"}}, {"type": "Feature", "geometry": {"type": "Point", "coordinates": [-95.23526141909326, 29.714203238761513]}, "properties": {"kind": "storage_tank"}}, {"type": "Feature", "geometry": {"type": "Point", "coordinates": [-95.23526440927616, 29.714507261724272]}, "properties": {"kind": "storage_tank"}}, {"type": "Feature", "geometry": {"type": "Point", "coordinates": [-95.23495771923753, 29.71435660186713]}, "properties": {"kind": "storage_tank"}}, {"type": "Feature", "geometry": {"type": "Point", "coordinates": [-95.2348675408211, 29.714355828527353]}, "properties": {"kind": "storage_tank"}}, {"type": "Feature", "geometry": {"type": "Point", "coordinates": [-95.23607378553916, 29.715430649558233]}, "properties": {"kind": "storage_tank"}}, {"type": "Feature", "geometry": {"type": "Point", "coordinates": [-95.23560631527448, 29.7156410939487]}, "properties": {"kind": "storage_tank"}}, {"type": "Feature", "geometry": {"type": "Point", "coordinates": [-95.17266650112664, 29.750057643475575]}, "properties": {"kind": "works"}}, {"type": "Feature", "geometry": {"type": "Point", "coordinates": [-95.19110302793008, 29.715510955007154]}, "properties": {"kind": "works"}}, {"type": "Feature", "geometry": {"type": "Point", "coordinates": [-95.1954133672729, 29.716055225955]}, "properties": {"kind": "works"}}, {"type": "Feature", "geometry": {"type": "Point", "coordinates": [-95.19269434395447, 29.718375061949146]}, "properties": {"kind": "works"}}, {"type": "Feature", "geometry": {"type": "Point", "coordinates": [-95.15952694699358, 29.73095955664603]}, "properties": {"kind": "works"}}, {"type": "Feature", "geometry": {"type": "Point", "coordinates": [-95.16346332679022, 29.731028401450708]}, "properties": {"kind": "works"}}, {"type": "Feature", "geometry": {"type": "Point", "coordinates": [-95.3294275883329, 29.71533007311431]}, "properties": {"kind": "pipeline"}}, {"type": "Feature", "geometry": {"type": "Point", "coordinates": [-95.32994492654375, 29.714010256737755]}, "properties": {"kind": "pipeline"}}, {"type": "Feature", "geometry": {"type": "Point", "coordinates": [-95.2545629, 29.77749545]}, "properties": {"kind": "stream"}}, {"type": "Feature", "geometry": {"type": "Point", "coordinates": [-95.23851224974956, 29.775374363954484]}, "properties": {"kind": "stream"}}, {"type": "Feature", "geometry": {"type": "Point", "coordinates": [-95.37106374960318, 29.750076844262313]}, "properties": {"kind": "bridge"}}, {"type": "Feature", "geometry": {"type": "Point", "coordinates": [-95.24268901035909, 29.722286543642998]}, "properties": {"kind": "works"}}, {"type": "Feature", "geometry": {"type": "Point", "coordinates": [-95.24249330987274, 29.727541662552472]}, "properties": {"kind": "works"}}, {"type": "Feature", "geometry": {"type": "Point", "coordinates": [-95.2407979723616, 29.72922217177653]}, "properties": {"kind": "works"}}, {"type": "Feature", "geometry": {"type": "Point", "coordinates": [-95.32923697340638, 29.71625276748014]}, "properties": {"kind": "river"}}, {"type": "Feature", "geometry": {"type": "Point", "coordinates": [-95.15784763881058, 29.635571440868734]}, "properties": {"kind": "stream"}}, {"type": "Feature", "geometry": {"type": "Point", "coordinates": [-95.16613865, 29.6345462]}, "properties": {"kind": "stream"}}, {"type": "Feature", "geometry": {"type": "Point", "coordinates": [-95.17001056364047, 29.6365952921727]}, "properties": {"kind": "stream"}}, {"type": "Feature", "geometry": {"type": "Point", "coordinates": [-95.17131015000001, 29.64054585]}, "properties": {"kind": "stream"}}, {"type": "Feature", "geometry": {"type": "Point", "coordinates": [-95.17135655, 29.64245905]}, "properties": {"kind": "stream"}}, {"type": "Feature", "geometry": {"type": "Point", "coordinates": [-95.17140090000001, 29.64428775]}, "properties": {"kind": "stream"}}, {"type": "Feature", "geometry": {"type": "Point", "coordinates": [-95.38360611831462, 29.71264383199554]}, "properties": {"kind": "bridge"}}, {"type": "Feature", "geometry": {"type": "Point", "coordinates": [-95.27331556492354, 29.724365006375752]}, "properties": {"kind": "dock"}}, {"type": "Feature", "geometry": {"type": "Point", "coordinates": [-95.2734134613874, 29.724158332923963]}, "properties": {"kind": "dock"}}, {"type": "Feature", "geometry": {"type": "Point", "coordinates": [-95.27212443351434, 29.72437785728154]}, "properties": {"kind": "dock"}}, {"type": "Feature", "geometry": {"type": "Point", "coordinates": [-95.2718260510131, 29.724324175145004]}, "properties": {"kind": "dock"}}, {"type": "Feature", "geometry": {"type": "Point", "coordinates": [-95.26979525109496, 29.720042972493445]}, "properties": {"kind": "storage_tank"}}, {"type": "Feature", "geometry": {"type": "Point", "coordinates": [-95.26976493782894, 29.720175887396685]}, "properties": {"kind": "storage_tank"}}, {"type": "Feature", "geometry": {"type": "Point", "coordinates": [-95.2706141243903, 29.720225871773522]}, "properties": {"kind": "tower"}}, {"type": "Feature", "geometry": {"type": "Point", "coordinates": [-95.27053392406047, 29.720225789259292]}, "properties": {"kind": "tower"}}, {"type": "Feature", "geometry": {"type": "Point", "coordinates": [-95.271069749119, 29.72018822449716]}, "properties": {"kind": "tower"}}, {"type": "Feature", "geometry": {"type": "Point", "coordinates": [-95.27138883028255, 29.72009237920105]}, "properties": {"kind": "tower"}}, {"type": "Feature", "geometry": {"type": "Point", "coordinates": [-95.27074442776983, 29.72009428239372]}, "properties": {"kind": "storage_tank"}}, {"type": "Feature", "geometry": {"type": "Point", "coordinates": [-95.27129505515057, 29.720097915074906]}, "properties": {"kind": "tower"}}, {"type": "Feature", "geometry": {"type": "Point", "coordinates": [-95.2711499433695, 29.72018830415458]}, "properties": {"kind": "tower"}}, {"type": "Feature", "geometry": {"type": "Point", "coordinates": [-95.2698653996729, 29.72047015284152]}, "properties": {"kind": "storage_tank"}}, {"type": "Feature", "geometry": {"type": "Point", "coordinates": [-95.27360838167237, 29.71907078312772]}, "properties": {"kind": "storage_tank"}}, {"type": "Feature", "geometry": {"type": "Point", "coordinates": [-95.27331057584907, 29.719079480640293]}, "properties": {"kind": "storage_tank"}}, {"type": "Feature", "geometry": {"type": "Point", "coordinates": [-95.27306933889425, 29.719050861792162]}, "properties": {"kind": "storage_tank"}}, {"type": "Feature", "geometry": {"type": "Point", "coordinates": [-95.27165555460121, 29.719085399031414]}, "properties": {"kind": "tower"}}, {"type": "Feature", "geometry": {"type": "Point", "coordinates": [-95.27221508978084, 29.71907710456068]}, "properties": {"kind": "storage_tank"}}, {"type": "Feature", "geometry": {"type": "Point", "coordinates": [-95.2723463119166, 29.71906850263597]}, "properties": {"kind": "storage_tank"}}, {"type": "Feature", "geometry": {"type": "Point", "coordinates": [-95.27248532057342, 29.71905690250823]}, "properties": {"kind": "storage_tank"}}, {"type": "Feature", "geometry": {"type": "Point", "coordinates": [-95.27154668403517, 29.718745341672577]}, "properties": {"kind": "storage_tank"}}, {"type": "Feature", "geometry": {"type": "Point", "coordinates": [-95.27147661842862, 29.71874775959419]}, "properties": {"kind": "storage_tank"}}, {"type": "Feature", "geometry": {"type": "Point", "coordinates": [-95.271607652779, 29.719490061328905]}, "properties": {"kind": "storage_tank"}}, {"type": "Feature", "geometry": {"type": "Point", "coordinates": [-95.27146803839376, 29.719390542319758]}, "properties": {"kind": "storage_tank"}}, {"type": "Feature", "geometry": {"type": "Point", "coordinates": [-95.27160347976242, 29.719390549124846]}, "properties": {"kind": "storage_tank"}}, {"type": "Feature", "geometry": {"type": "Point", "coordinates": [-95.27094841901824, 29.719522721170918]}, "properties": {"kind": "storage_tank"}}, {"type": "Feature", "geometry": {"type": "Point", "coordinates": [-95.27160866972245, 29.719590299164366]}, "properties": {"kind": "storage_tank"}}, {"type": "Feature", "geometry": {"type": "Point", "coordinates": [-95.27157220203328, 29.71984550408385]}, "properties": {"kind": "storage_tank"}}, {"type": "Feature", "geometry": {"type": "Point", "coordinates": [-95.27157357167894, 29.720018512192226]}, "properties": {"kind": "storage_tank"}}, {"type": "Feature", "geometry": {"type": "Point", "coordinates": [-95.27289716783369, 29.72096171342555]}, "properties": {"kind": "tower"}}, {"type": "Feature", "geometry": {"type": "Point", "coordinates": [-95.27207304151995, 29.720927129107764]}, "properties": {"kind": "storage_tank"}}, {"type": "Feature", "geometry": {"type": "Point", "coordinates": [-95.27189970085337, 29.72092750229309]}, "properties": {"kind": "storage_tank"}}, {"type": "Feature", "geometry": {"type": "Point", "coordinates": [-95.27189103505106, 29.72106008704746]}, "properties": {"kind": "storage_tank"}}, {"type": "Feature", "geometry": {"type": "Point", "coordinates": [-95.27190469020141, 29.721211188595696]}, "properties": {"kind": "storage_tank"}}, {"type": "Feature", "geometry": {"type": "Point", "coordinates": [-95.27208251204414, 29.721212771007224]}, "properties": {"kind": "storage_tank"}}, {"type": "Feature", "geometry": {"type": "Point", "coordinates": [-95.2728971046016, 29.72105774680209]}, "properties": {"kind": "tower"}}, {"type": "Feature", "geometry": {"type": "Point", "coordinates": [-95.27128296768424, 29.721155029232772]}, "properties": {"kind": "storage_tank"}}, {"type": "Feature", "geometry": {"type": "Point", "coordinates": [-95.2714421883589, 29.7211515026369]}, "properties": {"kind": "storage_tank"}}, {"type": "Feature", "geometry": {"type": "Point", "coordinates": [-95.27199027345206, 29.72160154159486]}, "properties": {"kind": "storage_tank"}}, {"type": "Feature", "geometry": {"type": "Point", "coordinates": [-95.2713251164031, 29.72218277893677]}, "properties": {"kind": "storage_tank"}}, {"type": "Feature", "geometry": {"type": "Point", "coordinates": [-95.25542110063208, 29.69649909067428]}, "properties": {"kind": "tower"}}, {"type": "Feature", "geometry": {"type": "Point", "coordinates": [-95.25541922667863, 29.69640198353207]}, "properties": {"kind": "tower"}}, {"type": "Feature", "geometry": {"type": "Point", "coordinates": [-95.25564895419733, 29.69610082390502]}, "properties": {"kind": "storage_tank"}}, {"type": "Feature", "geometry": {"type": "Point", "coordinates": [-95.25788005911065, 29.695598355698024]}, "properties": {"kind": "storage_tank"}}, {"type": "Feature", "geometry": {"type": "Point", "coordinates": [-95.25788740232095, 29.695914476934217]}, "properties": {"kind": "storage_tank"}}, {"type": "Feature", "geometry": {"type": "Point", "coordinates": [-95.2648744659782, 29.723650761167832]}, "properties": {"kind": "storage_tank"}}, {"type": "Feature", "geometry": {"type": "Point", "coordinates": [-95.26491788107045, 29.723637979492754]}, "properties": {"kind": "storage_tank"}}, {"type": "Feature", "geometry": {"type": "Point", "coordinates": [-95.26496589070207, 29.72362318893198]}, "properties": {"kind": "storage_tank"}}, {"type": "Feature", "geometry": {"type": "Point", "coordinates": [-95.26517538626533, 29.723656467040875]}, "properties": {"kind": "storage_tank"}}, {"type": "Feature", "geometry": {"type": "Point", "coordinates": [-95.26523012861416, 29.72362107421062]}, "properties": {"kind": "storage_tank"}}, {"type": "Feature", "geometry": {"type": "Point", "coordinates": [-95.26521252870705, 29.723581426663344]}, "properties": {"kind": "storage_tank"}}, {"type": "Feature", "geometry": {"type": "Point", "coordinates": [-95.2653204156668, 29.723550230343072]}, "properties": {"kind": "storage_tank"}}, {"type": "Feature", "geometry": {"type": "Point", "coordinates": [-95.26536418015903, 29.723505700562498]}, "properties": {"kind": "storage_tank"}}, {"type": "Feature", "geometry": {"type": "Point", "coordinates": [-95.26537836012722, 29.72353934723251]}, "properties": {"kind": "storage_tank"}}, {"type": "Feature", "geometry": {"type": "Point", "coordinates": [-95.2654637609292, 29.723499065078155]}, "properties": {"kind": "storage_tank"}}, {"type": "Feature", "geometry": {"type": "Point", "coordinates": [-95.25468357687882, 29.69477013256763]}, "properties": {"kind": "storage_tank"}}, {"type": "Feature", "geometry": {"type": "Point", "coordinates": [-95.25480850435743, 29.69476832935973]}, "properties": {"kind": "storage_tank"}}, {"type": "Feature", "geometry": {"type": "Point", "coordinates": [-95.2549312732946, 29.694765473746916]}, "properties": {"kind": "storage_tank"}}, {"type": "Feature", "geometry": {"type": "Point", "coordinates": [-95.2550585217108, 29.694763469231503]}, "properties": {"kind": "storage_tank"}}, {"type": "Feature", "geometry": {"type": "Point", "coordinates": [-95.25626778596603, 29.695709047456585]}, "properties": {"kind": "storage_tank"}}, {"type": "Feature", "geometry": {"type": "Point", "coordinates": [-95.25595129116542, 29.695716033089194]}, "properties": {"kind": "storage_tank"}}, {"type": "Feature", "geometry": {"type": "Point", "coordinates": [-95.25594459061914, 29.69543644386013]}, "properties": {"kind": "storage_tank"}}, {"type": "Feature", "geometry": {"type": "Point", "coordinates": [-95.25626509969005, 29.6954317895594]}, "properties": {"kind": "storage_tank"}}, {"type": "Feature", "geometry": {"type": "Point", "coordinates": [-95.25657490222056, 29.695429455157342]}, "properties": {"kind": "storage_tank"}}, {"type": "Feature", "geometry": {"type": "Point", "coordinates": [-95.256579982422, 29.695703002996236]}, "properties": {"kind": "storage_tank"}}, {"type": "Feature", "geometry": {"type": "Point", "coordinates": [-95.2562740787979, 29.696110366548396]}, "properties": {"kind": "storage_tank"}}, {"type": "Feature", "geometry": {"type": "Point", "coordinates": [-95.25683598703658, 29.696377404747548]}, "properties": {"kind": "storage_tank"}}, {"type": "Feature", "geometry": {"type": "Point", "coordinates": [-95.25581849332195, 29.697040936424074]}, "properties": {"kind": "storage_tank"}}, {"type": "Feature", "geometry": {"type": "Point", "coordinates": [-95.25629033130852, 29.697028635030666]}, "properties": {"kind": "storage_tank"}}, {"type": "Feature", "geometry": {"type": "Point", "coordinates": [-95.25582784585535, 29.697453302283552]}, "properties": {"kind": "storage_tank"}}, {"type": "Feature", "geometry": {"type": "Point", "coordinates": [-95.25629932467155, 29.69744421819218]}, "properties": {"kind": "storage_tank"}}, {"type": "Feature", "geometry": {"type": "Point", "coordinates": [-95.25659061330762, 29.697335169773577]}, "properties": {"kind": "storage_tank"}}, {"type": "Feature", "geometry": {"type": "Point", "coordinates": [-95.25684455526367, 29.697020000270943]}, "properties": {"kind": "storage_tank"}}, {"type": "Feature", "geometry": {"type": "Point", "coordinates": [-95.2568594370892, 29.69743271057993]}, "properties": {"kind": "storage_tank"}}, {"type": "Feature", "geometry": {"type": "Point", "coordinates": [-95.25659177865647, 29.69754175832706]}, "properties": {"kind": "storage_tank"}}, {"type": "Feature", "geometry": {"type": "Point", "coordinates": [-95.25614168393619, 29.704172475006658]}, "properties": {"kind": "storage_tank"}}, {"type": "Feature", "geometry": {"type": "Point", "coordinates": [-95.2563022675323, 29.70417129477392]}, "properties": {"kind": "storage_tank"}}, {"type": "Feature", "geometry": {"type": "Point", "coordinates": [-95.25625970822227, 29.704381868158137]}, "properties": {"kind": "storage_tank"}}, {"type": "Feature", "geometry": {"type": "Point", "coordinates": [-95.2562132958593, 29.70438128917264]}, "properties": {"kind": "storage_tank"}}, {"type": "Feature", "geometry": {"type": "Point", "coordinates": [-95.25614811762817, 29.704382466769818]}, "properties": {"kind": "storage_tank"}}, {"type": "Feature", "geometry": {"type": "Point", "coordinates": [-95.25655538425417, 29.704585730612045]}, "properties": {"kind": "storage_tank"}}, {"type": "Feature", "geometry": {"type": "Point", "coordinates": [-95.25646016487308, 29.70458747105066]}, "properties": {"kind": "storage_tank"}}, {"type": "Feature", "geometry": {"type": "Point", "coordinates": [-95.25650688114833, 29.704586272799517]}, "properties": {"kind": "storage_tank"}}, {"type": "Feature", "geometry": {"type": "Point", "coordinates": [-95.25660324058964, 29.70458479050352]}, "properties": {"kind": "storage_tank"}}, {"type": "Feature", "geometry": {"type": "Point", "coordinates": [-95.26138288465872, 29.724560023948445]}, "properties": {"kind": "storage_tank"}}, {"type": "Feature", "geometry": {"type": "Point", "coordinates": [-95.26138524069388, 29.72464302690747]}, "properties": {"kind": "storage_tank"}}, {"type": "Feature", "geometry": {"type": "Point", "coordinates": [-95.26138389673476, 29.724601953857526]}, "properties": {"kind": "storage_tank"}}, {"type": "Feature", "geometry": {"type": "Point", "coordinates": [-95.26138654869347, 29.72468442464869]}, "properties": {"kind": "storage_tank"}}, {"type": "Feature", "geometry": {"type": "Point", "coordinates": [-95.26499306818509, 29.723666571071234]}, "properties": {"kind": "storage_tank"}}, {"type": "Feature", "geometry": {"type": "Point", "coordinates": [-95.26478916769928, 29.723588411877966]}, "properties": {"kind": "storage_tank"}}, {"type": "Feature", "geometry": {"type": "Point", "coordinates": [-95.2650091417831, 29.723701802564275]}, "properties": {"kind": "storage_tank"}}, {"type": "Feature", "geometry": {"type": "Point", "coordinates": [-95.26483080954944, 29.72372363718101]}, "properties": {"kind": "storage_tank"}}, {"type": "Feature", "geometry": {"type": "Point", "coordinates": [-95.264849539464, 29.72375837351445]}, "properties": {"kind": "storage_tank"}}, {"type": "Feature", "geometry": {"type": "Point", "coordinates": [-95.26497017380423, 29.723011815963904]}, "properties": {"kind": "storage_tank"}}, {"type": "Feature", "geometry": {"type": "Point", "coordinates": [-95.26558305329462, 29.72342082696431]}, "properties": {"kind": "storage_tank"}}, {"type": "Feature", "geometry": {"type": "Point", "coordinates": [-95.26504887652266, 29.72336164709014]}, "properties": {"kind": "storage_tank"}}, {"type": "Feature", "geometry": {"type": "Point", "coordinates": [-95.26512266564603, 29.723359139180968]}, "properties": {"kind": "storage_tank"}}, {"type": "Feature", "geometry": {"type": "Point", "coordinates": [-95.26519219049884, 29.72334034620727]}, "properties": {"kind": "storage_tank"}}, {"type": "Feature", "geometry": {"type": "Point", "coordinates": [-95.26521490939749, 29.72339001914405]}, "properties": {"kind": "storage_tank"}}, {"type": "Feature", "geometry": {"type": "Point", "coordinates": [-95.26514189209836, 29.723407738861905]}, "properties": {"kind": "storage_tank"}}, {"type": "Feature", "geometry": {"type": "Point", "coordinates": [-95.26561576970428, 29.72337288050993]}, "properties": {"kind": "storage_tank"}}, {"type": "Feature", "geometry": {"type": "Point", "coordinates": [-95.2655028608003, 29.723460391295028]}, "properties": {"kind": "storage_tank"}}, {"type": "Feature", "geometry": {"type": "Point", "coordinates": [-95.26555033011687, 29.72344573069677]}, "properties": {"kind": "storage_tank"}}, {"type": "Feature", "geometry": {"type": "Point", "coordinates": [-95.15124796557745, 29.75774390818504]}, "properties": {"kind": "works"}}, {"type": "Feature", "geometry": {"type": "Point", "coordinates": [-95.15087273220884, 29.765768678693448]}, "properties": {"kind": "works"}}, {"type": "Feature", "geometry": {"type": "Point", "coordinates": [-95.1535309721546, 29.766710951070404]}, "properties": {"kind": "works"}}, {"type": "Feature", "geometry": {"type": "Point", "coordinates": [-95.25775805, 29.728215249999998]}, "properties": {"kind": "breakwater"}}, {"type": "Feature", "geometry": {"type": "Point", "coordinates": [-95.2574537, 29.7282685]}, "properties": {"kind": "pier"}}, {"type": "Feature", "geometry": {"type": "Point", "coordinates": [-95.25735490000001, 29.728284399999996]}, "properties": {"kind": "pier"}}, {"type": "Feature", "geometry": {"type": "Point", "coordinates": [-95.25728785000001, 29.728286750000002]}, "properties": {"kind": "pier"}}, {"type": "Feature", "geometry": {"type": "Point", "coordinates": [-95.25690453676751, 29.72823065911413]}, "properties": {"kind": "breakwater"}}, {"type": "Feature", "geometry": {"type": "Point", "coordinates": [-95.25732610560249, 29.728236902978754]}, "properties": {"kind": "harbour"}}, {"type": "Feature", "geometry": {"type": "Point", "coordinates": [-95.16954568688853, 29.6107759491374]}, "properties": {"kind": "storage_tank"}}, {"type": "Feature", "geometry": {"type": "Point", "coordinates": [-95.16941950972074, 29.610777263602607]}, "properties": {"kind": "storage_tank"}}, {"type": "Feature", "geometry": {"type": "Point", "coordinates": [-95.29524002213303, 29.749134177592083]}, "properties": {"kind": "river"}}, {"type": "Feature", "geometry": {"type": "Point", "coordinates": [-95.35588354999999, 29.822744200000002]}, "properties": {"kind": "gantry"}}, {"type": "Feature", "geometry": {"type": "Point", "coordinates": [-95.3549582, 29.818941799999997]}, "properties": {"kind": "gantry"}}, {"type": "Feature", "geometry": {"type": "Point", "coordinates": [-95.3852546171681, 29.71402076801225]}, "properties": {"kind": "stream"}}, {"type": "Feature", "geometry": {"type": "Point", "coordinates": [-95.3835065, 29.71298975]}, "properties": {"kind": "stream"}}, {"type": "Feature", "geometry": {"type": "Point", "coordinates": [-95.38337553090933, 29.712961990433527]}, "properties": {"kind": "stream"}}, {"type": "Feature", "geometry": {"type": "Point", "coordinates": [-95.38404685, 29.713188]}, "properties": {"kind": "stream"}}, {"type": "Feature", "geometry": {"type": "Point", "coordinates": [-95.38377079999998, 29.7130736]}, "properties": {"kind": "stream"}}, {"type": "Feature", "geometry": {"type": "Point", "coordinates": [-95.17926372324706, 29.754423315908493]}, "properties": {"kind": "works"}}, {"type": "Feature", "geometry": {"type": "Point", "coordinates": [-95.17798790569006, 29.751422440595462]}, "properties": {"kind": "works"}}, {"type": "Feature", "geometry": {"type": "Point", "coordinates": [-95.18303565545027, 29.763482245770938]}, "properties": {"kind": "works"}}, {"type": "Feature", "geometry": {"type": "Point", "coordinates": [-95.19236237071237, 29.76763089942725]}, "properties": {"kind": "works"}}, {"type": "Feature", "geometry": {"type": "Point", "coordinates": [-95.18586252505506, 29.766384278333717]}, "properties": {"kind": "water_works"}}, {"type": "Feature", "geometry": {"type": "Point", "coordinates": [-95.17802411619485, 29.76633841051638]}, "properties": {"kind": "works"}}, {"type": "Feature", "geometry": {"type": "Point", "coordinates": [-95.15070147704269, 29.727021927757306]}, "properties": {"kind": "drain"}}, {"type": "Feature", "geometry": {"type": "Point", "coordinates": [-95.15113820000002, 29.7337653]}, "properties": {"kind": "wastewater_plant"}}, {"type": "Feature", "geometry": {"type": "Point", "coordinates": [-95.15358440051006, 29.76302485314949]}, "properties": {"kind": "works"}}, {"type": "Feature", "geometry": {"type": "Point", "coordinates": [-95.25160698361329, 29.721536309634686]}, "properties": {"kind": "storage_tank"}}, {"type": "Feature", "geometry": {"type": "Point", "coordinates": [-95.25149483126813, 29.721455169769722]}, "properties": {"kind": "storage_tank"}}, {"type": "Feature", "geometry": {"type": "Point", "coordinates": [-95.25137213560153, 29.72137597915982]}, "properties": {"kind": "storage_tank"}}, {"type": "Feature", "geometry": {"type": "Point", "coordinates": [-95.25641998161163, 29.72248523607149]}, "properties": {"kind": "storage_tank"}}, {"type": "Feature", "geometry": {"type": "Point", "coordinates": [-95.30189099999996, 29.75596249999999]}, "properties": {"kind": "water_tower"}}, {"type": "Feature", "geometry": {"type": "Point", "coordinates": [-95.26942001459645, 29.696344150334454]}, "properties": {"kind": "stream"}}, {"type": "Feature", "geometry": {"type": "Point", "coordinates": [-95.17165190000001, 29.64954105]}, "properties": {"kind": "stream"}}, {"type": "Feature", "geometry": {"type": "Point", "coordinates": [-95.17151945, 29.6491142]}, "properties": {"kind": "stream"}}, {"type": "Feature", "geometry": {"type": "Point", "coordinates": [-95.17546875, 29.64961705]}, "properties": {"kind": "stream"}}, {"type": "Feature", "geometry": {"type": "Point", "coordinates": [-95.17351195714154, 29.649635894003392]}, "properties": {"kind": "stream"}}, {"type": "Feature", "geometry": {"type": "Point", "coordinates": [-95.1791473, 29.650346400000004]}, "properties": {"kind": "stream"}}, {"type": "Feature", "geometry": {"type": "Point", "coordinates": [-95.17710761870072, 29.64976171525682]}, "properties": {"kind": "stream"}}, {"type": "Feature", "geometry": {"type": "Point", "coordinates": [-95.33519603216884, 29.813334449810515]}, "properties": {"kind": "bridge"}}, {"type": "Feature", "geometry": {"type": "Point", "coordinates": [-95.2310526, 29.7815411]}, "properties": {"kind": "stream"}}, {"type": "Feature", "geometry": {"type": "Point", "coordinates": [-95.2274560351399, 29.7813139177207]}, "properties": {"kind": "stream"}}, {"type": "Feature", "geometry": {"type": "Point", "coordinates": [-95.38916543384154, 29.687146039670377]}, "properties": {"kind": "works"}}, {"type": "Feature", "geometry": {"type": "Point", "coordinates": [-95.3856524, 29.687969449999994]}, "properties": {"kind": "works"}}, {"type": "Feature", "geometry": {"type": "Point", "coordinates": [-95.38320749968103, 29.667845888089705]}, "properties": {"kind": "bridge"}}, {"type": "Feature", "geometry": {"type": "Point", "coordinates": [-95.38747978799647, 29.643588632829704]}, "properties": {"kind": "bridge"}}, {"type": "Feature", "geometry": {"type": "Point", "coordinates": [-95.38723423876206, 29.643592563022818]}, "properties": {"kind": "bridge"}}, {"type": "Feature", "geometry": {"type": "Point", "coordinates": [-95.38698368824711, 29.6435954943912]}, "properties": {"kind": "bridge"}}, {"type": "Feature", "geometry": {"type": "Point", "coordinates": [-95.38608292608419, 29.6636139819261]}, "properties": {"kind": "works"}}, {"type": "Feature", "geometry": {"type": "Point", "coordinates": [-95.38849152541758, 29.67779791016558]}, "properties": {"kind": "works"}}, {"type": "Feature", "geometry": {"type": "Point", "coordinates": [-95.384310987228, 29.67596096595656]}, "properties": {"kind": "works"}}, {"type": "Feature", "geometry": {"type": "Point", "coordinates": [-95.3736519, 29.679542400000003]}, "properties": {"kind": "works"}}, {"type": "Feature", "geometry": {"type": "Point", "coordinates": [-95.37981895874357, 29.677616736740042]}, "properties": {"kind": "works"}}, {"type": "Feature", "geometry": {"type": "Point", "coordinates": [-95.36999974755533, 29.67956479613279]}, "properties": {"kind": "works"}}, {"type": "Feature", "geometry": {"type": "Point", "coordinates": [-95.32452497578377, 29.678785537005233]}, "properties": {"kind": "works"}}, {"type": "Feature", "geometry": {"type": "Point", "coordinates": [-95.32593052640274, 29.67848442058273]}, "properties": {"kind": "works"}}, {"type": "Feature", "geometry": {"type": "Point", "coordinates": [-95.32624626781158, 29.679697415269267]}, "properties": {"kind": "works"}}, {"type": "Feature", "geometry": {"type": "Point", "coordinates": [-95.32314599388762, 29.676725789248096]}, "properties": {"kind": "works"}}, {"type": "Feature", "geometry": {"type": "Point", "coordinates": [-95.32665063216828, 29.754645290159083]}, "properties": {"kind": "works"}}, {"type": "Feature", "geometry": {"type": "Point", "coordinates": [-95.31786343376488, 29.747362043645037]}, "properties": {"kind": "works"}}, {"type": "Feature", "geometry": {"type": "Point", "coordinates": [-95.30586688378337, 29.76271763404096]}, "properties": {"kind": "works"}}, {"type": "Feature", "geometry": {"type": "Point", "coordinates": [-95.25977995872195, 29.70038906353995]}, "properties": {"kind": "works"}}, {"type": "Feature", "geometry": {"type": "Point", "coordinates": [-95.27431512543582, 29.70308054681125]}, "properties": {"kind": "works"}}, {"type": "Feature", "geometry": {"type": "Point", "coordinates": [-95.2724550644039, 29.73016416482204]}, "properties": {"kind": "works"}}, {"type": "Feature", "geometry": {"type": "Point", "coordinates": [-95.28576794337579, 29.743174139540464]}, "properties": {"kind": "works"}}, {"type": "Feature", "geometry": {"type": "Point", "coordinates": [-95.31733451143523, 29.761655132175896]}, "properties": {"kind": "works"}}, {"type": "Feature", "geometry": {"type": "Point", "coordinates": [-95.31729948873293, 29.763124181879792]}, "properties": {"kind": "works"}}, {"type": "Feature", "geometry": {"type": "Point", "coordinates": [-95.30975821233572, 29.749127989423968]}, "properties": {"kind": "works"}}, {"type": "Feature", "geometry": {"type": "Point", "coordinates": [-95.30960385912374, 29.760913631441102]}, "properties": {"kind": "works"}}, {"type": "Feature", "geometry": {"type": "Point", "coordinates": [-95.32557538771012, 29.757209191880015]}, "properties": {"kind": "works"}}, {"type": "Feature", "geometry": {"type": "Point", "coordinates": [-95.28263954107707, 29.747815390427977]}, "properties": {"kind": "works"}}, {"type": "Feature", "geometry": {"type": "Point", "coordinates": [-95.29902039999999, 29.76537159999999]}, "properties": {"kind": "works"}}, {"type": "Feature", "geometry": {"type": "Point", "coordinates": [-95.27678799890494, 29.738393009917864]}, "properties": {"kind": "works"}}, {"type": "Feature", "geometry": {"type": "Point", "coordinates": [-95.26610665, 29.731715950000005]}, "properties": {"kind": "gantry"}}, {"type": "Feature", "geometry": {"type": "Point", "coordinates": [-95.26499995, 29.73923205]}, "properties": {"kind": "gantry"}}, {"type": "Feature", "geometry": {"type": "Point", "coordinates": [-95.26710359110096, 29.73663586558976]}, "properties": {"kind": "wastewater_plant"}}, {"type": "Feature", "geometry": {"type": "Point", "coordinates": [-95.22257525737407, 29.765705029404035]}, "properties": {"kind": "wastewater_plant"}}, {"type": "Feature", "geometry": {"type": "Point", "coordinates": [-95.18336166386536, 29.759171166160026]}, "properties": {"kind": "works"}}, {"type": "Feature", "geometry": {"type": "Point", "coordinates": [-95.186609480712, 29.716533860670236]}, "properties": {"kind": "works"}}, {"type": "Feature", "geometry": {"type": "Point", "coordinates": [-95.18428847510039, 29.717389544705323]}, "properties": {"kind": "works"}}, {"type": "Feature", "geometry": {"type": "Point", "coordinates": [-95.18111524313294, 29.715987861466186]}, "properties": {"kind": "works"}}, {"type": "Feature", "geometry": {"type": "Point", "coordinates": [-95.18006366403725, 29.717293248583157]}, "properties": {"kind": "works"}}, {"type": "Feature", "geometry": {"type": "Point", "coordinates": [-95.17762108892788, 29.716404336094314]}, "properties": {"kind": "works"}}, {"type": "Feature", "geometry": {"type": "Point", "coordinates": [-95.17334072682259, 29.716491381950842]}, "properties": {"kind": "works"}}, {"type": "Feature", "geometry": {"type": "Point", "coordinates": [-95.16329156725449, 29.716257604518958]}, "properties": {"kind": "works"}}, {"type": "Feature", "geometry": {"type": "Point", "coordinates": [-95.25399550584825, 29.763636919026712]}, "properties": {"kind": "works"}}, {"type": "Feature", "geometry": {"type": "Point", "coordinates": [-95.25388092831476, 29.76154531684117]}, "properties": {"kind": "works"}}, {"type": "Feature", "geometry": {"type": "Point", "coordinates": [-95.27352365968409, 29.792054027722997]}, "properties": {"kind": "works"}}, {"type": "Feature", "geometry": {"type": "Point", "coordinates": [-95.28690762436693, 29.78574629946114]}, "properties": {"kind": "works"}}, {"type": "Feature", "geometry": {"type": "Point", "coordinates": [-95.28607007890253, 29.781872727071367]}, "properties": {"kind": "works"}}, {"type": "Feature", "geometry": {"type": "Point", "coordinates": [-95.26730424773491, 29.784923162152985]}, "properties": {"kind": "works"}}, {"type": "Feature", "geometry": {"type": "Point", "coordinates": [-95.27440648582136, 29.778791577566334]}, "properties": {"kind": "works"}}, {"type": "Feature", "geometry": {"type": "Point", "coordinates": [-95.27111723311243, 29.784744740165966]}, "properties": {"kind": "works"}}, {"type": "Feature", "geometry": {"type": "Point", "coordinates": [-95.28647813264598, 29.768946757910584]}, "properties": {"kind": "works"}}, {"type": "Feature", "geometry": {"type": "Point", "coordinates": [-95.27707283503966, 29.77503766974424]}, "properties": {"kind": "works"}}, {"type": "Feature", "geometry": {"type": "Point", "coordinates": [-95.28290522563091, 29.777225808566484]}, "properties": {"kind": "works"}}, {"type": "Feature", "geometry": {"type": "Point", "coordinates": [-95.27991927191206, 29.77726713563615]}, "properties": {"kind": "works"}}, {"type": "Feature", "geometry": {"type": "Point", "coordinates": [-95.2765059752945, 29.769994768444345]}, "properties": {"kind": "works"}}, {"type": "Feature", "geometry": {"type": "Point", "coordinates": [-95.27958067699404, 29.769719604845402]}, "properties": {"kind": "works"}}, {"type": "Feature", "geometry": {"type": "Point", "coordinates": [-95.3164251836011, 29.766404512654937]}, "properties": {"kind": "works"}}, {"type": "Feature", "geometry": {"type": "Point", "coordinates": [-95.2872526038665, 29.745492290091416]}, "properties": {"kind": "works"}}, {"type": "Feature", "geometry": {"type": "Point", "coordinates": [-95.31331771477579, 29.752551946660667]}, "properties": {"kind": "works"}}, {"type": "Feature", "geometry": {"type": "Point", "coordinates": [-95.31088741957383, 29.753284779491494]}, "properties": {"kind": "works"}}, {"type": "Feature", "geometry": {"type": "Point", "coordinates": [-95.31318671693863, 29.749084488447064]}, "properties": {"kind": "works"}}, {"type": "Feature", "geometry": {"type": "Point", "coordinates": [-95.31044665509164, 29.74529815796239]}, "properties": {"kind": "works"}}, {"type": "Feature", "geometry": {"type": "Point", "coordinates": [-95.31614669951189, 29.746824122630642]}, "properties": {"kind": "works"}}, {"type": "Feature", "geometry": {"type": "Point", "coordinates": [-95.3122816308, 29.7456589392973]}, "properties": {"kind": "works"}}, {"type": "Feature", "geometry": {"type": "Point", "coordinates": [-95.30695915737003, 29.75312762561043]}, "properties": {"kind": "works"}}, {"type": "Feature", "geometry": {"type": "Point", "coordinates": [-95.30061370547897, 29.761258397238972]}, "properties": {"kind": "works"}}, {"type": "Feature", "geometry": {"type": "Point", "coordinates": [-95.30072659639357, 29.76690553164546]}, "properties": {"kind": "works"}}, {"type": "Feature", "geometry": {"type": "Point", "coordinates": [-95.3057729486794, 29.765173165868866]}, "properties": {"kind": "works"}}, {"type": "Feature", "geometry": {"type": "Point", "coordinates": [-95.30586244243558, 29.76662378738187]}, "properties": {"kind": "works"}}, {"type": "Feature", "geometry": {"type": "Point", "coordinates": [-95.30846623451265, 29.756143470129956]}, "properties": {"kind": "works"}}, {"type": "Feature", "geometry": {"type": "Point", "coordinates": [-95.31194904051273, 29.761597671342987]}, "properties": {"kind": "works"}}, {"type": "Feature", "geometry": {"type": "Point", "coordinates": [-95.34401155005912, 29.730977255879356]}, "properties": {"kind": "works"}}, {"type": "Feature", "geometry": {"type": "Point", "coordinates": [-95.33301929241595, 29.719515668410374]}, "properties": {"kind": "wastewater_plant"}}, {"type": "Feature", "geometry": {"type": "Point", "coordinates": [-95.33491145005647, 29.724062648597233]}, "properties": {"kind": "works"}}, {"type": "Feature", "geometry": {"type": "Point", "coordinates": [-95.38509415283973, 29.694505680450806]}, "properties": {"kind": "works"}}, {"type": "Feature", "geometry": {"type": "Point", "coordinates": [-95.3206944229353, 29.71834865771006]}, "properties": {"kind": "bridge"}}, {"type": "Feature", "geometry": {"type": "Point", "coordinates": [-95.32197880000001, 29.71901395]}, "properties": {"kind": "gantry"}}, {"type": "Feature", "geometry": {"type": "Point", "coordinates": [-95.31952254999999, 29.717734800000002]}, "properties": {"kind": "gantry"}}, {"type": "Feature", "geometry": {"type": "Point", "coordinates": [-95.3163133, 29.715735549999998]}, "properties": {"kind": "gantry"}}, {"type": "Feature", "geometry": {"type": "Point", "coordinates": [-95.31491903789113, 29.734670482830936]}, "properties": {"kind": "works"}}, {"type": "Feature", "geometry": {"type": "Point", "coordinates": [-95.31499388257703, 29.730977208015776]}, "properties": {"kind": "stream"}}, {"type": "Feature", "geometry": {"type": "Point", "coordinates": [-95.31436158696533, 29.73446207964863]}, "properties": {"kind": "stream"}}, {"type": "Feature", "geometry": {"type": "Point", "coordinates": [-95.33920320238578, 29.75671054613484]}, "properties": {"kind": "works"}}, {"type": "Feature", "geometry": {"type": "Point", "coordinates": [-95.33932935, 29.76890415]}, "properties": {"kind": "pipeline"}}, {"type": "Feature", "geometry": {"type": "Point", "coordinates": [-95.34379050000001, 29.7694315]}, "properties": {"kind": "pipeline"}}, {"type": "Feature", "geometry": {"type": "Point", "coordinates": [-95.3460335, 29.769660299999998]}, "properties": {"kind": "gantry"}}, {"type": "Feature", "geometry": {"type": "Point", "coordinates": [-95.34585899999999, 29.76984985]}, "properties": {"kind": "pipeline"}}, {"type": "Feature", "geometry": {"type": "Point", "coordinates": [-95.35300610698211, 29.76460639757371]}, "properties": {"kind": "water_works"}}, {"type": "Feature", "geometry": {"type": "Point", "coordinates": [-95.3501004, 29.7630432]}, "properties": {"kind": "gantry"}}, {"type": "Feature", "geometry": {"type": "Point", "coordinates": [-95.30879506588805, 29.750988575581395]}, "properties": {"kind": "works"}}, {"type": "Feature", "geometry": {"type": "Point", "coordinates": [-95.34762799454893, 29.77371497821542]}, "properties": {"kind": "works"}}, {"type": "Feature", "geometry": {"type": "Point", "coordinates": [-95.31946917645764, 29.763281464988232]}, "properties": {"kind": "works"}}, {"type": "Feature", "geometry": {"type": "Point", "coordinates": [-95.32025953526617, 29.759932942024932]}, "properties": {"kind": "wastewater_plant"}}, {"type": "Feature", "geometry": {"type": "Point", "coordinates": [-95.30645948108264, 29.7640842111336]}, "properties": {"kind": "works"}}, {"type": "Feature", "geometry": {"type": "Point", "coordinates": [-95.31839607303284, 29.759617598238133]}, "properties": {"kind": "works"}}, {"type": "Feature", "geometry": {"type": "Point", "coordinates": [-95.31356832500923, 29.75369569179268]}, "properties": {"kind": "works"}}, {"type": "Feature", "geometry": {"type": "Point", "coordinates": [-95.26383563293948, 29.734602566337685]}, "properties": {"kind": "works"}}, {"type": "Feature", "geometry": {"type": "Point", "coordinates": [-95.25414493337819, 29.728498663256264]}, "properties": {"kind": "works"}}, {"type": "Feature", "geometry": {"type": "Point", "coordinates": [-95.25584218985992, 29.72976679049593]}, "properties": {"kind": "works"}}, {"type": "Feature", "geometry": {"type": "Point", "coordinates": [-95.25051574956916, 29.725756018382196]}, "properties": {"kind": "works"}}, {"type": "Feature", "geometry": {"type": "Point", "coordinates": [-95.20727173289063, 29.739385824171176]}, "properties": {"kind": "pier"}}, {"type": "Feature", "geometry": {"type": "Point", "coordinates": [-95.17722226583241, 29.725732203541565]}, "properties": {"kind": "cooling"}}, {"type": "Feature", "geometry": {"type": "Point", "coordinates": [-95.17738319724745, 29.724706791174736]}, "properties": {"kind": "cooling"}}, {"type": "Feature", "geometry": {"type": "Point", "coordinates": [-95.21975505000002, 29.821497200000003]}, "properties": {"kind": "cooling"}}, {"type": "Feature", "geometry": {"type": "Point", "coordinates": [-95.21872648993461, 29.823502898301133]}, "properties": {"kind": "cooling"}}, {"type": "Feature", "geometry": {"type": "Point", "coordinates": [-95.29956, 29.6955557]}, "properties": {"kind": "gantry"}}, {"type": "Feature", "geometry": {"type": "Point", "coordinates": [-95.30556035000001, 29.696257000000006]}, "properties": {"kind": "gantry"}}, {"type": "Feature", "geometry": {"type": "Point", "coordinates": [-95.18923559999999, 29.788484]}, "properties": {"kind": "stream"}}, {"type": "Feature", "geometry": {"type": "Point", "coordinates": [-95.19138335, 29.788427300000002]}, "properties": {"kind": "stream"}}, {"type": "Feature", "geometry": {"type": "Point", "coordinates": [-95.18698695, 29.788547800000003]}, "properties": {"kind": "stream"}}, {"type": "Feature", "geometry": {"type": "Point", "coordinates": [-95.19214040000001, 29.7884084]}, "properties": {"kind": "stream"}}, {"type": "Feature", "geometry": {"type": "Point", "coordinates": [-95.17423575000001, 29.7855027]}, "properties": {"kind": "ditch"}}, {"type": "Feature", "geometry": {"type": "Point", "coordinates": [-95.17424310000001, 29.785874550000003]}, "properties": {"kind": "ditch"}}, {"type": "Feature", "geometry": {"type": "Point", "coordinates": [-95.1742729, 29.7869878]}, "properties": {"kind": "ditch"}}, {"type": "Feature", "geometry": {"type": "Point", "coordinates": [-95.17429165, 29.78768905]}, "properties": {"kind": "ditch"}}, {"type": "Feature", "geometry": {"type": "Point", "coordinates": [-95.17421395, 29.7847571]}, "properties": {"kind": "ditch"}}, {"type": "Feature", "geometry": {"type": "Point", "coordinates": [-95.17422735, 29.785132499999996]}, "properties": {"kind": "ditch"}}, {"type": "Feature", "geometry": {"type": "Point", "coordinates": [-95.1741851, 29.784040699999995]}, "properties": {"kind": "ditch"}}, {"type": "Feature", "geometry": {"type": "Point", "coordinates": [-95.1741992, 29.7843893]}, "properties": {"kind": "ditch"}}, {"type": "Feature", "geometry": {"type": "Point", "coordinates": [-95.17434520470395, 29.78327287773786]}, "properties": {"kind": "ditch"}}, {"type": "Feature", "geometry": {"type": "Point", "coordinates": [-95.17418855, 29.7836303]}, "properties": {"kind": "ditch"}}, {"type": "Feature", "geometry": {"type": "Point", "coordinates": [-95.17470107736027, 29.78248673093056]}, "properties": {"kind": "ditch"}}, {"type": "Feature", "geometry": {"type": "Point", "coordinates": [-95.17455918500787, 29.78289307854662]}, "properties": {"kind": "ditch"}}, {"type": "Feature", "geometry": {"type": "Point", "coordinates": [-95.1746972311632, 29.78177798077918]}, "properties": {"kind": "ditch"}}, {"type": "Feature", "geometry": {"type": "Point", "coordinates": [-95.17470929999999, 29.782142750000002]}, "properties": {"kind": "ditch"}}, {"type": "Feature", "geometry": {"type": "Point", "coordinates": [-95.17468139728882, 29.78103887194727]}, "properties": {"kind": "ditch"}}, {"type": "Feature", "geometry": {"type": "Point", "coordinates": [-95.17468782329448, 29.781410449460754]}, "properties": {"kind": "ditch"}}, {"type": "Feature", "geometry": {"type": "Point", "coordinates": [-95.17466809001068, 29.780271935968006]}, "properties": {"kind": "ditch"}}, {"type": "Feature", "geometry": {"type": "Point", "coordinates": [-95.17468053072145, 29.78066814384016]}, "properties": {"kind": "ditch"}}, {"type": "Feature", "geometry": {"type": "Point", "coordinates": [-95.1735288, 29.7965619]}, "properties": {"kind": "stream"}}, {"type": "Feature", "geometry": {"type": "Point", "coordinates": [-95.1752784, 29.7970485]}, "properties": {"kind": "stream"}}, {"type": "Feature", "geometry": {"type": "Point", "coordinates": [-95.17173994999999, 29.79606435]}, "properties": {"kind": "stream"}}, {"type": "Feature", "geometry": {"type": "Point", "coordinates": [-95.17801715, 29.797810200000004]}, "properties": {"kind": "stream"}}, {"type": "Feature", "geometry": {"type": "Point", "coordinates": [-95.18989709183063, 29.803867053673105]}, "properties": {"kind": "ditch"}}, {"type": "Feature", "geometry": {"type": "Point", "coordinates": [-95.1915500034508, 29.803707661568087]}, "properties": {"kind": "ditch"}}, {"type": "Feature", "geometry": {"type": "Point", "coordinates": [-95.16947824999998, 29.807346199999994]}, "properties": {"kind": "stream"}}, {"type": "Feature", "geometry": {"type": "Point", "coordinates": [-95.1701070564274, 29.80957928194811]}, "properties": {"kind": "stream"}}, {"type": "Feature", "geometry": {"type": "Point", "coordinates": [-95.28528544149123, 29.784569791485552]}, "properties": {"kind": "stream"}}, {"type": "Feature", "geometry": {"type": "Point", "coordinates": [-95.28835065, 29.7845131]}, "properties": {"kind": "stream"}}, {"type": "Feature", "geometry": {"type": "Point", "coordinates": [-95.2579853, 29.777441000000003]}, "properties": {"kind": "stream"}}, {"type": "Feature", "geometry": {"type": "Point", "coordinates": [-95.26320209947491, 29.777481216613495]}, "properties": {"kind": "stream"}}, {"type": "Feature", "geometry": {"type": "Point", "coordinates": [-95.27842128964991, 29.78328583185393]}, "properties": {"kind": "stream"}}, {"type": "Feature", "geometry": {"type": "Point", "coordinates": [-95.28226855000001, 29.784754999999997]}, "properties": {"kind": "stream"}}, {"type": "Feature", "geometry": {"type": "Point", "coordinates": [-95.2749143, 29.7057576]}, "properties": {"kind": "stream"}}, {"type": "Feature", "geometry": {"type": "Point", "coordinates": [-95.27538534646216, 29.704947749579993]}, "properties": {"kind": "stream"}}, {"type": "Feature", "geometry": {"type": "Point", "coordinates": [-95.18120615000001, 29.70772645]}, "properties": {"kind": "stream"}}, {"type": "Feature", "geometry": {"type": "Point", "coordinates": [-95.17747905, 29.70452165]}, "properties": {"kind": "stream"}}, {"type": "Feature", "geometry": {"type": "Point", "coordinates": [-95.18728515000001, 29.7128951]}, "properties": {"kind": "stream"}}, {"type": "Feature", "geometry": {"type": "Point", "coordinates": [-95.1858269, 29.711699600000003]}, "properties": {"kind": "stream"}}, {"type": "Feature", "geometry": {"type": "Point", "coordinates": [-95.18491764999999, 29.7109178]}, "properties": {"kind": "stream"}}, {"type": "Feature", "geometry": {"type": "Point", "coordinates": [-95.17542805, 29.70275795]}, "properties": {"kind": "stream"}}, {"type": "Feature", "geometry": {"type": "Point", "coordinates": [-95.26652825000001, 29.710788649999998]}, "properties": {"kind": "stream"}}, {"type": "Feature", "geometry": {"type": "Point", "coordinates": [-95.2679608467253, 29.71049958369983]}, "properties": {"kind": "stream"}}, {"type": "Feature", "geometry": {"type": "Point", "coordinates": [-95.17697601585854, 29.627670378243334]}, "properties": {"kind": "embankment"}}, {"type": "Feature", "geometry": {"type": "Point", "coordinates": [-95.25093782951305, 29.776051787298965]}, "properties": {"kind": "stream"}}, {"type": "Feature", "geometry": {"type": "Point", "coordinates": [-95.24760989999999, 29.774708800000003]}, "properties": {"kind": "stream"}}, {"type": "Feature", "geometry": {"type": "Point", "coordinates": [-95.24758568709511, 29.774541563009148]}, "properties": {"kind": "stream"}}, {"type": "Feature", "geometry": {"type": "Point", "coordinates": [-95.2473928, 29.774506449999997]}, "properties": {"kind": "stream"}}, {"type": "Feature", "geometry": {"type": "Point", "coordinates": [-95.23900230000001, 29.635902299999998]}, "properties": {"kind": "river"}}, {"type": "Feature", "geometry": {"type": "Point", "coordinates": [-95.23898125, 29.635098749999997]}, "properties": {"kind": "river"}}, {"type": "Feature", "geometry": {"type": "Point", "coordinates": [-95.21402990000001, 29.634894550000002]}, "properties": {"kind": "stream"}}, {"type": "Feature", "geometry": {"type": "Point", "coordinates": [-95.21187984528824, 29.629874455264627]}, "properties": {"kind": "stream"}}, {"type": "Feature", "geometry": {"type": "Point", "coordinates": [-95.23293275, 29.64215565]}, "properties": {"kind": "river"}}, {"type": "Feature", "geometry": {"type": "Point", "coordinates": [-95.2345662, 29.6421334]}, "properties": {"kind": "river"}}, {"type": "Feature", "geometry": {"type": "Point", "coordinates": [-95.23763034999999, 29.642091600000004]}, "properties": {"kind": "river"}}, {"type": "Feature", "geometry": {"type": "Point", "coordinates": [-95.2390667, 29.642072050000007]}, "properties": {"kind": "river"}}, {"type": "Feature", "geometry": {"type": "Point", "coordinates": [-95.23619264999999, 29.642111200000002]}, "properties": {"kind": "river"}}, {"type": "Feature", "geometry": {"type": "Point", "coordinates": [-95.23953390296818, 29.640049672576147]}, "properties": {"kind": "river"}}, {"type": "Feature", "geometry": {"type": "Point", "coordinates": [-95.2396361, 29.642460700000004]}, "properties": {"kind": "stream"}}, {"type": "Feature", "geometry": {"type": "Point", "coordinates": [-95.23966480000001, 29.64302165]}, "properties": {"kind": "stream"}}, {"type": "Feature", "geometry": {"type": "Point", "coordinates": [-95.33414601630837, 29.812889856671493]}, "properties": {"kind": "pumping_station"}}, {"type": "Feature", "geometry": {"type": "Point", "coordinates": [-95.28392077034053, 29.789805575302736]}, "properties": {"kind": "storage_tank"}}, {"type": "Feature", "geometry": {"type": "Point", "coordinates": [-95.28238659754396, 29.796657188738155]}, "properties": {"kind": "storage_tank"}}, {"type": "Feature", "geometry": {"type": "Point", "coordinates": [-95.28546105822852, 29.79427751845313]}, "properties": {"kind": "storage_tank"}}, {"type": "Feature", "geometry": {"type": "Point", "coordinates": [-95.28246099156972, 29.789962085513793]}, "properties": {"kind": "storage_tank"}}, {"type": "Feature", "geometry": {"type": "Point", "coordinates": [-95.28389348951275, 29.793539941026292]}, "properties": {"kind": "storage_tank"}}, {"type": "Feature", "geometry": {"type": "Point", "coordinates": [-95.27853910433392, 29.790629193976763]}, "properties": {"kind": "storage_tank"}}, {"type": "Feature", "geometry": {"type": "Point", "coordinates": [-95.27858526742426, 29.793299508164445]}, "properties": {"kind": "storage_tank"}}, {"type": "Feature", "geometry": {"type": "Point", "coordinates": [-95.28394065094292, 29.790715801195795]}, "properties": {"kind": "storage_tank"}}, {"type": "Feature", "geometry": {"type": "Point", "coordinates": [-95.28394493925671, 29.79159608994755]}, "properties": {"kind": "storage_tank"}}, {"type": "Feature", "geometry": {"type": "Point", "coordinates": [-95.27858558869131, 29.792425353954354]}, "properties": {"kind": "storage_tank"}}, {"type": "Feature", "geometry": {"type": "Point", "coordinates": [-95.28397558142333, 29.79249869921298]}, "properties": {"kind": "storage_tank"}}, {"type": "Feature", "geometry": {"type": "Point", "coordinates": [-95.28229354173165, 29.79402049724949]}, "properties": {"kind": "storage_tank"}}, {"type": "Feature", "geometry": {"type": "Point", "coordinates": [-95.27855985640602, 29.79152818526488]}, "properties": {"kind": "storage_tank"}}, {"type": "Feature", "geometry": {"type": "Point", "coordinates": [-95.27860537835045, 29.794128591382915]}, "properties": {"kind": "storage_tank"}}, {"type": "Feature", "geometry": {"type": "Point", "coordinates": [-95.3395174723511, 29.768905525988256]}, "properties": {"kind": "bridge"}}, {"type": "Feature", "geometry": {"type": "Point", "coordinates": [-95.15070826614998, 29.72806649888234]}, "properties": {"kind": "drain"}}, {"type": "Feature", "geometry": {"type": "Point", "coordinates": [-95.1507046, 29.727728050000003]}, "properties": {"kind": "drain"}}, {"type": "Feature", "geometry": {"type": "Point", "coordinates": [-95.19199864999999, 29.72298345]}, "properties": {"kind": "dam"}}, {"type": "Feature", "geometry": {"type": "Point", "coordinates": [-95.21446397886758, 29.74451951466438]}, "properties": {"kind": "storage_tank"}}, {"type": "Feature", "geometry": {"type": "Point", "coordinates": [-95.21347608254389, 29.744536413230566]}, "properties": {"kind": "storage_tank"}}, {"type": "Feature", "geometry": {"type": "Point", "coordinates": [-95.21443537488237, 29.74370351155817]}, "properties": {"kind": "storage_tank"}}, {"type": "Feature", "geometry": {"type": "Point", "coordinates": [-95.21345686785916, 29.743716022820347]}, "properties": {"kind": "storage_tank"}}, {"type": "Feature", "geometry": {"type": "Point", "coordinates": [-95.19837035859548, 29.746590825325605]}, "properties": {"kind": "storage_tank"}}, {"type": "Feature", "geometry": {"type": "Point", "coordinates": [-95.20356508934773, 29.750799469258205]}, "properties": {"kind": "storage_tank"}}, {"type": "Feature", "geometry": {"type": "Point", "coordinates": [-95.20392381906683, 29.75111177383801]}, "properties": {"kind": "storage_tank"}}, {"type": "Feature", "geometry": {"type": "Point", "coordinates": [-95.20428020158684, 29.751424688375526]}, "properties": {"kind": "storage_tank"}}, {"type": "Feature", "geometry": {"type": "Point", "coordinates": [-95.2046324953626, 29.751737613686075]}, "properties": {"kind": "storage_tank"}}, {"type": "Feature", "geometry": {"type": "Point", "coordinates": [-95.2042671080076, 29.75204233473743]}, "properties": {"kind": "storage_tank"}}, {"type": "Feature", "geometry": {"type": "Point", "coordinates": [-95.2039148107673, 29.751729403734576]}, "properties": {"kind": "storage_tank"}}, {"type": "Feature", "geometry": {"type": "Point", "coordinates": [-95.20355845776533, 29.75141648207512]}, "properties": {"kind": "storage_tank"}}, {"type": "Feature", "geometry": {"type": "Point", "coordinates": [-95.20319972042955, 29.751104190492324]}, "properties": {"kind": "storage_tank"}}, {"type": "Feature", "geometry": {"type": "Point", "coordinates": [-95.20284600816264, 29.75078918489971]}, "properties": {"kind": "storage_tank"}}, {"type": "Feature", "geometry": {"type": "Point", "coordinates": [-95.20487424293884, 29.752542036764144]}, "properties": {"kind": "storage_tank"}}, {"type": "Feature", "geometry": {"type": "Point", "coordinates": [-95.20522743066377, 29.7528486721593]}, "properties": {"kind": "storage_tank"}}, {"type": "Feature", "geometry": {"type": "Point", "coordinates": [-95.2055892479624, 29.753162791589673]}, "properties": {"kind": "storage_tank"}}, {"type": "Feature", "geometry": {"type": "Point", "coordinates": [-95.20607168134617, 29.753277464990454]}, "properties": {"kind": "storage_tank"}}, {"type": "Feature", "geometry": {"type": "Point", "coordinates": [-95.20646508443404, 29.753005727214628]}, "properties": {"kind": "storage_tank"}}, {"type": "Feature", "geometry": {"type": "Point", "coordinates": [-95.20611761554119, 29.752696597273324]}, "properties": {"kind": "storage_tank"}}, {"type": "Feature", "geometry": {"type": "Point", "coordinates": [-95.20575580014078, 29.75238747668217]}, "properties": {"kind": "storage_tank"}}, {"type": "Feature", "geometry": {"type": "Point", "coordinates": [-95.20539973281318, 29.752075857306604]}, "properties": {"kind": "storage_tank"}}, {"type": "Feature", "geometry": {"type": "Point", "coordinates": [-95.20576011290065, 29.751762980736206]}, "properties": {"kind": "storage_tank"}}, {"type": "Feature", "geometry": {"type": "Point", "coordinates": [-95.2061161975315, 29.7520745904003]}, "properties": {"kind": "storage_tank"}}, {"type": "Feature", "geometry": {"type": "Point", "coordinates": [-95.20647799244533, 29.752383731478155]}, "properties": {"kind": "storage_tank"}}, {"type": "Feature", "geometry": {"type": "Point", "coordinates": [-95.20682543572214, 29.752692872461417]}, "properties": {"kind": "storage_tank"}}, {"type": "Feature", "geometry": {"type": "Point", "coordinates": [-95.20617934721282, 29.751403981964007]}, "properties": {"kind": "storage_tank"}}, {"type": "Feature", "geometry": {"type": "Point", "coordinates": [-95.20653541076732, 29.751715603734574]}, "properties": {"kind": "storage_tank"}}, {"type": "Feature", "geometry": {"type": "Point", "coordinates": [-95.20689723459328, 29.752024736568305]}, "properties": {"kind": "storage_tank"}}, {"type": "Feature", "geometry": {"type": "Point", "coordinates": [-95.20724468934773, 29.752333869258198]}, "properties": {"kind": "storage_tank"}}, {"type": "Feature", "geometry": {"type": "Point", "coordinates": [-95.20663174721282, 29.751099681964018]}, "properties": {"kind": "storage_tank"}}, {"type": "Feature", "geometry": {"type": "Point", "coordinates": [-95.20711254721282, 29.75051948196402]}, "properties": {"kind": "storage_tank"}}, {"type": "Feature", "geometry": {"type": "Point", "coordinates": [-95.20678288312779, 29.748574757951204]}, "properties": {"kind": "storage_tank"}}, {"type": "Feature", "geometry": {"type": "Point", "coordinates": [-95.20071858446866, 29.74730958384397]}, "properties": {"kind": "storage_tank"}}, {"type": "Feature", "geometry": {"type": "Point", "coordinates": [-95.20107657653833, 29.746992375851107]}, "properties": {"kind": "storage_tank"}}, {"type": "Feature", "geometry": {"type": "Point", "coordinates": [-95.20146933273465, 29.746665403360247]}, "properties": {"kind": "storage_tank"}}, {"type": "Feature", "geometry": {"type": "Point", "coordinates": [-95.20079717895912, 29.74663026677067]}, "properties": {"kind": "storage_tank"}}, {"type": "Feature", "geometry": {"type": "Point", "coordinates": [-95.20125470256309, 29.746215385525407]}, "properties": {"kind": "storage_tank"}}, {"type": "Feature", "geometry": {"type": "Point", "coordinates": [-95.20167988663292, 29.745874378537458]}, "properties": {"kind": "storage_tank"}}, {"type": "Feature", "geometry": {"type": "Point", "coordinates": [-95.20131141171267, 29.745561477994773]}, "properties": {"kind": "storage_tank"}}, {"type": "Feature", "geometry": {"type": "Point", "coordinates": [-95.20091056348214, 29.745906016927684]}, "properties": {"kind": "storage_tank"}}, {"type": "Feature", "geometry": {"type": "Point", "coordinates": [-95.20034768506783, 29.746243531116466]}, "properties": {"kind": "storage_tank"}}, {"type": "Feature", "geometry": {"type": "Point", "coordinates": [-95.20055017707554, 29.745593136387473]}, "properties": {"kind": "storage_tank"}}, {"type": "Feature", "geometry": {"type": "Point", "coordinates": [-95.19993060256311, 29.745744285525415]}, "properties": {"kind": "storage_tank"}}, {"type": "Feature", "geometry": {"type": "Point", "coordinates": [-95.19942447599728, 29.745793520572047]}, "properties": {"kind": "storage_tank"}}, {"type": "Feature", "geometry": {"type": "Point", "coordinates": [-95.19916127895915, 29.746204866770686]}, "properties": {"kind": "storage_tank"}}, {"type": "Feature", "geometry": {"type": "Point", "coordinates": [-95.19881303544996, 29.745895470410858]}, "properties": {"kind": "storage_tank"}}, {"type": "Feature", "geometry": {"type": "Point", "coordinates": [-95.19844049250976, 29.745579075049534]}, "properties": {"kind": "storage_tank"}}, {"type": "Feature", "geometry": {"type": "Point", "coordinates": [-95.19865108170305, 29.745111478966553]}, "properties": {"kind": "storage_tank"}}, {"type": "Feature", "geometry": {"type": "Point", "coordinates": [-95.19913290256311, 29.74513958552542]}, "properties": {"kind": "storage_tank"}}, {"type": "Feature", "geometry": {"type": "Point", "coordinates": [-95.19969981171266, 29.745136077994772]}, "properties": {"kind": "storage_tank"}}, {"type": "Feature", "geometry": {"type": "Point", "coordinates": [-95.19940828446865, 29.744780983843967]}, "properties": {"kind": "storage_tank"}}, {"type": "Feature", "geometry": {"type": "Point", "coordinates": [-95.19895880339706, 29.744570061095413]}, "properties": {"kind": "storage_tank"}}, {"type": "Feature", "geometry": {"type": "Point", "coordinates": [-95.19837167895915, 29.74474936677068]}, "properties": {"kind": "storage_tank"}}, {"type": "Feature", "geometry": {"type": "Point", "coordinates": [-95.19787767895913, 29.744861866770677]}, "properties": {"kind": "storage_tank"}}, {"type": "Feature", "geometry": {"type": "Point", "coordinates": [-95.19960262397882, 29.744380184983196]}, "properties": {"kind": "storage_tank"}}, {"type": "Feature", "geometry": {"type": "Point", "coordinates": [-95.19678637653828, 29.747570475851095]}, "properties": {"kind": "storage_tank"}}, {"type": "Feature", "geometry": {"type": "Point", "coordinates": [-95.19600612475878, 29.74697195855174]}, "properties": {"kind": "storage_tank"}}, {"type": "Feature", "geometry": {"type": "Point", "coordinates": [-95.20274295998844, 29.745483033762113]}, "properties": {"kind": "storage_tank"}}, {"type": "Feature", "geometry": {"type": "Point", "coordinates": [-95.19295279655924, 29.746379654621133]}, "properties": {"kind": "storage_tank"}}, {"type": "Feature", "geometry": {"type": "Point", "coordinates": [-95.20376085000001, 29.76587035]}, "properties": {"kind": "canal"}}, {"type": "Feature", "geometry": {"type": "Point", "coordinates": [-95.20374315000001, 29.765279300000003]}, "properties": {"kind": "canal"}}, {"type": "Feature", "geometry": {"type": "Point", "coordinates": [-95.16527554999999, 29.74918795]}, "properties": {"kind": "goods_conveyor"}}, {"type": "Feature", "geometry": {"type": "Point", "coordinates": [-95.16372634999999, 29.7504316]}, "properties": {"kind": "goods_conveyor"}}, {"type": "Feature", "geometry": {"type": "Point", "coordinates": [-95.16226632492777, 29.750879849566967]}, "properties": {"kind": "goods_conveyor"}}, {"type": "Feature", "geometry": {"type": "Point", "coordinates": [-95.1610631, 29.7510272]}, "properties": {"kind": "goods_conveyor"}}, {"type": "Feature", "geometry": {"type": "Point", "coordinates": [-95.1604271640351, 29.74947910909877]}, "properties": {"kind": "goods_conveyor"}}, {"type": "Feature", "geometry": {"type": "Point", "coordinates": [-95.16014235, 29.7489642]}, "properties": {"kind": "goods_conveyor"}}, {"type": "Feature", "geometry": {"type": "Point", "coordinates": [-95.16132465407567, 29.749766334424592]}, "properties": {"kind": "goods_conveyor"}}, {"type": "Feature", "geometry": {"type": "Point", "coordinates": [-95.1619697643366, 29.750830619483427]}, "properties": {"kind": "goods_conveyor"}}, {"type": "Feature", "geometry": {"type": "Point", "coordinates": [-95.16288987896544, 29.7503830794175]}, "properties": {"kind": "goods_conveyor"}}, {"type": "Feature", "geometry": {"type": "Point", "coordinates": [-95.1629589644584, 29.751091531800355]}, "properties": {"kind": "goods_conveyor"}}, {"type": "Feature", "geometry": {"type": "Point", "coordinates": [-95.15936725, 29.7493898]}, "properties": {"kind": "goods_conveyor"}}, {"type": "Feature", "geometry": {"type": "Point", "coordinates": [-95.15973260000001, 29.74891095]}, "properties": {"kind": "goods_conveyor"}}, {"type": "Feature", "geometry": {"type": "Point", "coordinates": [-95.16118132425825, 29.75071079791275]}, "properties": {"kind": "goods_conveyor"}}, {"type": "Feature", "geometry": {"type": "Point", "coordinates": [-95.16093150000002, 29.75002105]}, "properties": {"kind": "goods_conveyor"}}, {"type": "Feature", "geometry": {"type": "Point", "coordinates": [-95.16101463733284, 29.75057948538742]}, "properties": {"kind": "goods_conveyor"}}, {"type": "Feature", "geometry": {"type": "Point", "coordinates": [-95.16033725, 29.74928635]}, "properties": {"kind": "goods_conveyor"}}, {"type": "Feature", "geometry": {"type": "Point", "coordinates": [-95.1600043, 29.74943]}, "properties": {"kind": "goods_conveyor"}}, {"type": "Feature", "geometry": {"type": "Point", "coordinates": [-95.15513520058403, 29.740564013217785]}, "properties": {"kind": "drain"}}, {"type": "Feature", "geometry": {"type": "Point", "coordinates": [-95.15326518942712, 29.743697853987126]}, "properties": {"kind": "drain"}}, {"type": "Feature", "geometry": {"type": "Point", "coordinates": [-95.15384785, 29.743059350000003]}, "properties": {"kind": "drain"}}, {"type": "Feature", "geometry": {"type": "Point", "coordinates": [-95.15175765000001, 29.743888249999998]}, "properties": {"kind": "drain"}}, {"type": "Feature", "geometry": {"type": "Point", "coordinates": [-95.152321, 29.743868249999995]}, "properties": {"kind": "drain"}}, {"type": "Feature", "geometry": {"type": "Point", "coordinates": [-95.15404072473201, 29.742663381005677]}, "properties": {"kind": "drain"}}, {"type": "Feature", "geometry": {"type": "Point", "coordinates": [-95.154337, 29.74225405]}, "properties": {"kind": "drain"}}, {"type": "Feature", "geometry": {"type": "Point", "coordinates": [-95.1508111323268, 29.74463709390117]}, "properties": {"kind": "drain"}}, {"type": "Feature", "geometry": {"type": "Point", "coordinates": [-95.15271103947242, 29.745804444744984]}, "properties": {"kind": "drain"}}, {"type": "Feature", "geometry": {"type": "Point", "coordinates": [-95.15039110000001, 29.74557335]}, "properties": {"kind": "drain"}}, {"type": "Feature", "geometry": {"type": "Point", "coordinates": [-95.150422, 29.74547125]}, "properties": {"kind": "drain"}}, {"type": "Feature", "geometry": {"type": "Point", "coordinates": [-95.1504038, 29.7455295]}, "properties": {"kind": "drain"}}, {"type": "Feature", "geometry": {"type": "Point", "coordinates": [-95.15054211946189, 29.74855955402741]}, "properties": {"kind": "drain"}}, {"type": "Feature", "geometry": {"type": "Point", "coordinates": [-95.15405173046426, 29.748702798427903]}, "properties": {"kind": "drain"}}, {"type": "Feature", "geometry": {"type": "Point", "coordinates": [-95.15667375696005, 29.741376380931694]}, "properties": {"kind": "drain"}}, {"type": "Feature", "geometry": {"type": "Point", "coordinates": [-95.15531050000001, 29.7421912]}, "properties": {"kind": "drain"}}, {"type": "Feature", "geometry": {"type": "Point", "coordinates": [-95.1550754, 29.742347799999997]}, "properties": {"kind": "drain"}}, {"type": "Feature", "geometry": {"type": "Point", "coordinates": [-95.15490745, 29.742494649999998]}, "properties": {"kind": "drain"}}, {"type": "Feature", "geometry": {"type": "Point", "coordinates": [-95.15373477391078, 29.74659667669539]}, "properties": {"kind": "drain"}}, {"type": "Feature", "geometry": {"type": "Point", "coordinates": [-95.1537057, 29.746320700000002]}, "properties": {"kind": "drain"}}, {"type": "Feature", "geometry": {"type": "Point", "coordinates": [-95.15366025, 29.746423399999998]}, "properties": {"kind": "drain"}}, {"type": "Feature", "geometry": {"type": "Point", "coordinates": [-95.15220912505572, 29.746074871110466]}, "properties": {"kind": "drain"}}, {"type": "Feature", "geometry": {"type": "Point", "coordinates": [-95.25314531573429, 29.72833313122667]}, "properties": {"kind": "storage_tank"}}, {"type": "Feature", "geometry": {"type": "Point", "coordinates": [-95.19826355000001, 29.777917600000006]}, "properties": {"kind": "stream"}}, {"type": "Feature", "geometry": {"type": "Point", "coordinates": [-95.19904639829782, 29.778712206886613]}, "properties": {"kind": "stream"}}, {"type": "Feature", "geometry": {"type": "Point", "coordinates": [-95.25515035000001, 29.802970549999998]}, "properties": {"kind": "ditch"}}, {"type": "Feature", "geometry": {"type": "Point", "coordinates": [-95.25514684999999, 29.80281835]}, "properties": {"kind": "ditch"}}, {"type": "Feature", "geometry": {"type": "Point", "coordinates": [-95.21171317448066, 29.71659070099014]}, "properties": {"kind": "bridge"}}, {"type": "Feature", "geometry": {"type": "Point", "coordinates": [-95.2096027814521, 29.714623343627288]}, "properties": {"kind": "bridge"}}, {"type": "Feature", "geometry": {"type": "Point", "coordinates": [-95.20513075362629, 29.71315597215013]}, "properties": {"kind": "bridge"}}, {"type": "Feature", "geometry": {"type": "Point", "coordinates": [-95.20413214906654, 29.712649998889358]}, "properties": {"kind": "bridge"}}, {"type": "Feature", "geometry": {"type": "Point", "coordinates": [-95.20300857666868, 29.711563396162855]}, "properties": {"kind": "bridge"}}, {"type": "Feature", "geometry": {"type": "Point", "coordinates": [-95.20338601990073, 29.71195367422555]}, "properties": {"kind": "bridge"}}, {"type": "Feature", "geometry": {"type": "Point", "coordinates": [-95.36980029367915, 29.76073976514082]}, "properties": {"kind": "planter"}}, {"type": "Feature", "geometry": {"type": "Point", "coordinates": [-95.36985461191244, 29.760669003561084]}, "properties": {"kind": "planter"}}, {"type": "Feature", "geometry": {"type": "Point", "coordinates": [-95.36991121191245, 29.76059930356109]}, "properties": {"kind": "planter"}}, {"type": "Feature", "geometry": {"type": "Point", "coordinates": [-95.37001361191246, 29.76046530356109]}, "properties": {"kind": "planter"}}, {"type": "Feature", "geometry": {"type": "Point", "coordinates": [-95.37006998808755, 29.760398496438913]}, "properties": {"kind": "planter"}}, {"type": "Feature", "geometry": {"type": "Point", "coordinates": [-95.37012451191244, 29.760328803561087]}, "properties": {"kind": "planter"}}, {"type": "Feature", "geometry": {"type": "Point", "coordinates": [-95.19757127276239, 29.812474945712616]}, "properties": {"kind": "storage_tank"}}, {"type": "Feature", "geometry": {"type": "Point", "coordinates": [-95.3839821, 29.7789031]}, "properties": {"kind": "drain"}}, {"type": "Feature", "geometry": {"type": "Point", "coordinates": [-95.38395829999999, 29.77887395]}, "properties": {"kind": "drain"}}, {"type": "Feature", "geometry": {"type": "Point", "coordinates": [-95.38180871764297, 29.7789906243803]}, "properties": {"kind": "drain"}}, {"type": "Feature", "geometry": {"type": "Point", "coordinates": [-95.38168485, 29.7793662]}, "properties": {"kind": "drain"}}, {"type": "Feature", "geometry": {"type": "Point", "coordinates": [-95.3816797, 29.7792991]}, "properties": {"kind": "drain"}}, {"type": "Feature", "geometry": {"type": "Point", "coordinates": [-95.38167095, 29.779219]}, "properties": {"kind": "ditch"}}, {"type": "Feature", "geometry": {"type": "Point", "coordinates": [-95.38162775, 29.77915215]}, "properties": {"kind": "ditch"}}, {"type": "Feature", "geometry": {"type": "Point", "coordinates": [-95.38162444878276, 29.77910789170512]}, "properties": {"kind": "drain"}}, {"type": "Feature", "geometry": {"type": "Point", "coordinates": [-95.38165466278768, 29.77909319670516]}, "properties": {"kind": "drain"}}, {"type": "Feature", "geometry": {"type": "Point", "coordinates": [-95.3817107, 29.77907655]}, "properties": {"kind": "drain"}}, {"type": "Feature", "geometry": {"type": "Point", "coordinates": [-95.38352410000002, 29.77861345]}, "properties": {"kind": "drain"}}, {"type": "Feature", "geometry": {"type": "Point", "coordinates": [-95.376049, 29.7812646]}, "properties": {"kind": "drain"}}, {"type": "Feature", "geometry": {"type": "Point", "coordinates": [-95.37608677156665, 29.78113115283159]}, "properties": {"kind": "drain"}}, {"type": "Feature", "geometry": {"type": "Point", "coordinates": [-95.37001095846622, 29.763669843119278]}, "properties": {"kind": "bridge"}}, {"type": "Feature", "geometry": {"type": "Point", "coordinates": [-95.2286960243204, 29.732481977549504]}, "properties": {"kind": "pipeline"}}, {"type": "Feature", "geometry": {"type": "Point", "coordinates": [-95.15422469537997, 29.720923269895096]}, "properties": {"kind": "pipeline"}}, {"type": "Feature", "geometry": {"type": "Point", "coordinates": [-95.17804189913356, 29.71974229523266]}, "properties": {"kind": "pipeline"}}, {"type": "Feature", "geometry": {"type": "Point", "coordinates": [-95.17734200695696, 29.71941047162522]}, "properties": {"kind": "pipeline"}}, {"type": "Feature", "geometry": {"type": "Point", "coordinates": [-95.22699915000001, 29.732447]}, "properties": {"kind": "pipeline"}}, {"type": "Feature", "geometry": {"type": "Point", "coordinates": [-95.18580267684894, 29.73033773683504]}, "properties": {"kind": "pipeline"}}, {"type": "Feature", "geometry": {"type": "Point", "coordinates": [-95.21881198326065, 29.74824117513518]}, "properties": {"kind": "pipeline"}}, {"type": "Feature", "geometry": {"type": "Point", "coordinates": [-95.21332047415457, 29.7144932616449]}, "properties": {"kind": "pipeline"}}, {"type": "Feature", "geometry": {"type": "Point", "coordinates": [-95.26556490217288, 29.79263650655195]}, "properties": {"kind": "pipeline"}}, {"type": "Feature", "geometry": {"type": "Point", "coordinates": [-95.15414235525985, 29.78508640001064]}, "properties": {"kind": "pipeline"}}, {"type": "Feature", "geometry": {"type": "Point", "coordinates": [-95.19032514540058, 29.725992943520026]}, "properties": {"kind": "pipeline"}}, {"type": "Feature", "geometry": {"type": "Point", "coordinates": [-95.19652791431524, 29.71727247550202]}, "properties": {"kind": "pipeline"}}, {"type": "Feature", "geometry": {"type": "Point", "coordinates": [-95.18051853975635, 29.718704525339593]}, "properties": {"kind": "pipeline"}}, {"type": "Feature", "geometry": {"type": "Point", "coordinates": [-95.29974519147969, 29.65914648764183]}, "properties": {"kind": "pipeline"}}, {"type": "Feature", "geometry": {"type": "Point", "coordinates": [-95.25125857960496, 29.683269743041908]}, "properties": {"kind": "pipeline"}}, {"type": "Feature", "geometry": {"type": "Point", "coordinates": [-95.15287324022611, 29.756198795973322]}, "properties": {"kind": "pipeline"}}, {"type": "Feature", "geometry": {"type": "Point", "coordinates": [-95.22362586361251, 29.71633503259957]}, "properties": {"kind": "pipeline"}}, {"type": "Feature", "geometry": {"type": "Point", "coordinates": [-95.19033801172594, 29.72624582519997]}, "properties": {"kind": "pipeline"}}, {"type": "Feature", "geometry": {"type": "Point", "coordinates": [-95.29067084354797, 29.820913688542838]}, "properties": {"kind": "pipeline"}}, {"type": "Feature", "geometry": {"type": "Point", "coordinates": [-95.21671411274694, 29.749697996439764]}, "properties": {"kind": "pipeline"}}, {"type": "Feature", "geometry": {"type": "Point", "coordinates": [-95.18057552876176, 29.71789947638226]}, "properties": {"kind": "pipeline"}}, {"type": "Feature", "geometry": {"type": "Point", "coordinates": [-95.18759517608987, 29.725085609866674]}, "properties": {"kind": "pipeline"}}, {"type": "Feature", "geometry": {"type": "Point", "coordinates": [-95.17119788861679, 29.72175346262075]}, "properties": {"kind": "pipeline"}}, {"type": "Feature", "geometry": {"type": "Point", "coordinates": [-95.25538189648215, 29.76867085195924]}, "properties": {"kind": "pipeline"}}, {"type": "Feature", "geometry": {"type": "Point", "coordinates": [-95.21141483550038, 29.73214633480898]}, "properties": {"kind": "pipeline"}}, {"type": "Feature", "geometry": {"type": "Point", "coordinates": [-95.16192589886587, 29.72424182685949]}, "properties": {"kind": "pipeline"}}, {"type": "Feature", "geometry": {"type": "Point", "coordinates": [-95.19130558445107, 29.734396727221466]}, "properties": {"kind": "pipeline"}}, {"type": "Feature", "geometry": {"type": "Point", "coordinates": [-95.22967556349059, 29.72647755057335]}, "properties": {"kind": "pipeline"}}, {"type": "Feature", "geometry": {"type": "Point", "coordinates": [-95.19472960058688, 29.71781085225835]}, "properties": {"kind": "pipeline"}}, {"type": "Feature", "geometry": {"type": "Point", "coordinates": [-95.23200333121993, 29.7077706432267]}, "properties": {"kind": "pipeline"}}, {"type": "Feature", "geometry": {"type": "Point", "coordinates": [-95.17736136998847, 29.719405564952627]}, "properties": {"kind": "pipeline"}}, {"type": "Feature", "geometry": {"type": "Point", "coordinates": [-95.16547688325859, 29.718697291263435]}, "properties": {"kind": "pipeline"}}, {"type": "Feature", "geometry": {"type": "Point", "coordinates": [-95.1695173143591, 29.71523018432381]}, "properties": {"kind": "pipeline"}}, {"type": "Feature", "geometry": {"type": "Point", "coordinates": [-95.2292724761647, 29.664711092417885]}, "properties": {"kind": "pipeline"}}, {"type": "Feature", "geometry": {"type": "Point", "coordinates": [-95.25138962374673, 29.717384408229382]}, "properties": {"kind": "pipeline"}}, {"type": "Feature", "geometry": {"type": "Point", "coordinates": [-95.24160420486058, 29.772460751460784]}, "properties": {"kind": "pipeline"}}, {"type": "Feature", "geometry": {"type": "Point", "coordinates": [-95.16861956324078, 29.721330338957323]}, "properties": {"kind": "pipeline"}}, {"type": "Feature", "geometry": {"type": "Point", "coordinates": [-95.22883480329955, 29.72543307332067]}, "properties": {"kind": "pipeline"}}, {"type": "Feature", "geometry": {"type": "Point", "coordinates": [-95.2022914013592, 29.791162237742842]}, "properties": {"kind": "pipeline"}}, {"type": "Feature", "geometry": {"type": "Point", "coordinates": [-95.32504731361514, 29.818848292791536]}, "properties": {"kind": "pipeline"}}, {"type": "Feature", "geometry": {"type": "Point", "coordinates": [-95.18052422818165, 29.718653919533235]}, "properties": {"kind": "pipeline"}}, {"type": "Feature", "geometry": {"type": "Point", "coordinates": [-95.17997350345443, 29.715592498243478]}, "properties": {"kind": "pipeline"}}, {"type": "Feature", "geometry": {"type": "Point", "coordinates": [-95.1737729, 29.72754915]}, "properties": {"kind": "pipeline"}}, {"type": "Feature", "geometry": {"type": "Point", "coordinates": [-95.2182314107239, 29.811341179902136]}, "properties": {"kind": "pipeline"}}, {"type": "Feature", "geometry": {"type": "Point", "coordinates": [-95.18839059940441, 29.703327932137334]}, "properties": {"kind": "pipeline"}}, {"type": "Feature", "geometry": {"type": "Point", "coordinates": [-95.16332561144581, 29.713507458893748]}, "properties": {"kind": "pipeline"}}, {"type": "Feature", "geometry": {"type": "Point", "coordinates": [-95.19453745486008, 29.830291677731914]}, "properties": {"kind": "pipeline"}}, {"type": "Feature", "geometry": {"type": "Point", "coordinates": [-95.20348799655942, 29.734180535602682]}, "properties": {"kind": "pipeline"}}, {"type": "Feature", "geometry": {"type": "Point", "coordinates": [-95.22542358127582, 29.715369752626366]}, "properties": {"kind": "pipeline"}}, {"type": "Feature", "geometry": {"type": "Point", "coordinates": [-95.21100600197188, 29.78993497403711]}, "properties": {"kind": "pipeline"}}, {"type": "Feature", "geometry": {"type": "Point", "coordinates": [-95.22905731502328, 29.74715611679851]}, "properties": {"kind": "pipeline"}}, {"type": "Feature", "geometry": {"type": "Point", "coordinates": [-95.21869554445904, 29.748268222484906]}, "properties": {"kind": "pipeline"}}, {"type": "Feature", "geometry": {"type": "Point", "coordinates": [-95.25278948535238, 29.716836997240197]}, "properties": {"kind": "pipeline"}}, {"type": "Feature", "geometry": {"type": "Point", "coordinates": [-95.18757157384516, 29.719871924837896]}, "properties": {"kind": "pipeline"}}, {"type": "Feature", "geometry": {"type": "Point", "coordinates": [-95.21358185422568, 29.732313117956387]}, "properties": {"kind": "pipeline"}}, {"type": "Feature", "geometry": {"type": "Point", "coordinates": [-95.2500617102721, 29.699961234773806]}, "properties": {"kind": "pipeline"}}, {"type": "Feature", "geometry": {"type": "Point", "coordinates": [-95.18425495676532, 29.718174890069427]}, "properties": {"kind": "pipeline"}}, {"type": "Feature", "geometry": {"type": "Point", "coordinates": [-95.2391133330672, 29.81605186690588]}, "properties": {"kind": "pipeline"}}, {"type": "Feature", "geometry": {"type": "Point", "coordinates": [-95.16564854132763, 29.720306312993575]}, "properties": {"kind": "pipeline"}}, {"type": "Feature", "geometry": {"type": "Point", "coordinates": [-95.26101625683475, 29.663222020860726]}, "properties": {"kind": "pipeline"}}, {"type": "Feature", "geometry": {"type": "Point", "coordinates": [-95.17098070345894, 29.70465217043217]}, "properties": {"kind": "pipeline"}}, {"type": "Feature", "geometry": {"type": "Point", "coordinates": [-95.20061547917916, 29.7154372293034]}, "properties": {"kind": "pipeline"}}, {"type": "Feature", "geometry": {"type": "Point", "coordinates": [-95.24168900098104, 29.779658340037322]}, "properties": {"kind": "pipeline"}}, {"type": "Feature", "geometry": {"type": "Point", "coordinates": [-95.1812054330443, 29.665815020855426]}, "properties": {"kind": "pipeline"}}, {"type": "Feature", "geometry": {"type": "Point", "coordinates": [-95.16809646455333, 29.729796235191422]}, "properties": {"kind": "pipeline"}}, {"type": "Feature", "geometry": {"type": "Point", "coordinates": [-95.15331953659499, 29.82211435642252]}, "properties": {"kind": "pipeline"}}, {"type": "Feature", "geometry": {"type": "Point", "coordinates": [-95.18009952124379, 29.718148962927874]}, "properties": {"kind": "pipeline"}}, {"type": "Feature", "geometry": {"type": "Point", "coordinates": [-95.18292740062626, 29.714762532836147]}, "properties": {"kind": "pipeline"}}, {"type": "Feature", "geometry": {"type": "Point", "coordinates": [-95.22411467417662, 29.668123788333478]}, "properties": {"kind": "pipeline"}}, {"type": "Feature", "geometry": {"type": "Point", "coordinates": [-95.31200820860619, 29.62030931331232]}, "properties": {"kind": "pipeline"}}, {"type": "Feature", "geometry": {"type": "Point", "coordinates": [-95.16477858834843, 29.729262291614038]}, "properties": {"kind": "pipeline"}}, {"type": "Feature", "geometry": {"type": "Point", "coordinates": [-95.15902032333707, 29.72198825840726]}, "properties": {"kind": "pipeline"}}, {"type": "Feature", "geometry": {"type": "Point", "coordinates": [-95.22709124715416, 29.791301700605256]}, "properties": {"kind": "pipeline"}}, {"type": "Feature", "geometry": {"type": "Point", "coordinates": [-95.1559783, 29.817363450000002]}, "properties": {"kind": "pipeline"}}, {"type": "Feature", "geometry": {"type": "Point", "coordinates": [-95.17975747883918, 29.717527066739]}, "properties": {"kind": "pipeline"}}, {"type": "Feature", "geometry": {"type": "Point", "coordinates": [-95.22574174853017, 29.67691519693128]}, "properties": {"kind": "pipeline"}}, {"type": "Feature", "geometry": {"type": "Point", "coordinates": [-95.15305379060229, 29.797506017186862]}, "properties": {"kind": "pipeline"}}, {"type": "Feature", "geometry": {"type": "Point", "coordinates": [-95.24368575361511, 29.724959770833408]}, "properties": {"kind": "pipeline"}}, {"type": "Feature", "geometry": {"type": "Point", "coordinates": [-95.24862955154711, 29.779411865784432]}, "properties": {"kind": "pipeline"}}, {"type": "Feature", "geometry": {"type": "Point", "coordinates": [-95.24421878234267, 29.71445407560671]}, "properties": {"kind": "pipeline"}}, {"type": "Feature", "geometry": {"type": "Point", "coordinates": [-95.18914554016683, 29.725347067623392]}, "properties": {"kind": "pipeline"}}, {"type": "Feature", "geometry": {"type": "Point", "coordinates": [-95.21119318812461, 29.718403478660512]}, "properties": {"kind": "pipeline"}}, {"type": "Feature", "geometry": {"type": "Point", "coordinates": [-95.16193489795099, 29.72422975975123]}, "properties": {"kind": "pipeline"}}, {"type": "Feature", "geometry": {"type": "Point", "coordinates": [-95.22589799285568, 29.83701544106927]}, "properties": {"kind": "pipeline"}}, {"type": "Feature", "geometry": {"type": "Point", "coordinates": [-95.2139463356637, 29.732437972675417]}, "properties": {"kind": "pipeline"}}, {"type": "Feature", "geometry": {"type": "Point", "coordinates": [-95.20726692633515, 29.62049525683194]}, "properties": {"kind": "pipeline"}}, {"type": "Feature", "geometry": {"type": "Point", "coordinates": [-95.22144871843851, 29.723362478863354]}, "properties": {"kind": "pipeline"}}, {"type": "Feature", "geometry": {"type": "Point", "coordinates": [-95.20262090630835, 29.71972423731666]}, "properties": {"kind": "pipeline"}}, {"type": "Feature", "geometry": {"type": "Point", "coordinates": [-95.15985620549051, 29.83386903078174]}, "properties": {"kind": "pipeline"}}, {"type": "Feature", "geometry": {"type": "Point", "coordinates": [-95.17620496592298, 29.719852901242422]}, "properties": {"kind": "pipeline"}}, {"type": "Feature", "geometry": {"type": "Point", "coordinates": [-95.26677033687866, 29.791765964082703]}, "properties": {"kind": "pipeline"}}, {"type": "Feature", "geometry": {"type": "Point", "coordinates": [-95.25252783155491, 29.702342335337878]}, "properties": {"kind": "pipeline"}}, {"type": "Feature", "geometry": {"type": "Point", "coordinates": [-95.17487511042759, 29.714148539955694]}, "properties": {"kind": "pipeline"}}, {"type": "Feature", "geometry": {"type": "Point", "coordinates": [-95.18425757112225, 29.763120609450276]}, "properties": {"kind": "pipeline"}}, {"type": "Feature", "geometry": {"type": "Point", "coordinates": [-95.2520413593864, 29.698811351836664]}, "properties": {"kind": "pipeline"}}, {"type": "Feature", "geometry": {"type": "Point", "coordinates": [-95.17296000914217, 29.71988259636614]}, "properties": {"kind": "pipeline"}}, {"type": "Feature", "geometry": {"type": "Point", "coordinates": [-95.19115110487583, 29.7183785597172]}, "properties": {"kind": "pipeline"}}, {"type": "Feature", "geometry": {"type": "Point", "coordinates": [-95.24516510448959, 29.789940477851047]}, "properties": {"kind": "pipeline"}}, {"type": "Feature", "geometry": {"type": "Point", "coordinates": [-95.16857524015848, 29.721275797925102]}, "properties": {"kind": "pipeline"}}, {"type": "Feature", "geometry": {"type": "Point", "coordinates": [-95.22560279538837, 29.630874107687436]}, "properties": {"kind": "pipeline"}}, {"type": "Feature", "geometry": {"type": "Point", "coordinates": [-95.17076037167894, 29.72186927451083]}, "properties": {"kind": "pipeline"}}, {"type": "Feature", "geometry": {"type": "Point", "coordinates": [-95.15324588141381, 29.818381240297594]}, "properties": {"kind": "pipeline"}}, {"type": "Feature", "geometry": {"type": "Point", "coordinates": [-95.15846132234923, 29.76634001657765]}, "properties": {"kind": "pipeline"}}, {"type": "Feature", "geometry": {"type": "Point", "coordinates": [-95.1953523091629, 29.741505017807174]}, "properties": {"kind": "pipeline"}}, {"type": "Feature", "geometry": {"type": "Point", "coordinates": [-95.23050516455035, 29.72587954205627]}, "properties": {"kind": "pipeline"}}, {"type": "Feature", "geometry": {"type": "Point", "coordinates": [-95.15842805686499, 29.75178901207984]}, "properties": {"kind": "pipeline"}}, {"type": "Feature", "geometry": {"type": "Point", "coordinates": [-95.1758263276997, 29.72290415305121]}, "properties": {"kind": "pipeline"}}, {"type": "Feature", "geometry": {"type": "Point", "coordinates": [-95.25417285157145, 29.710330572076927]}, "properties": {"kind": "pipeline"}}, {"type": "Feature", "geometry": {"type": "Point", "coordinates": [-95.20157494581557, 29.721013610425718]}, "properties": {"kind": "pipeline"}}, {"type": "Feature", "geometry": {"type": "Point", "coordinates": [-95.1598754591187, 29.725875535314405]}, "properties": {"kind": "pipeline"}}, {"type": "Feature", "geometry": {"type": "Point", "coordinates": [-95.19124481420617, 29.720647635576707]}, "properties": {"kind": "pipeline"}}, {"type": "Feature", "geometry": {"type": "Point", "coordinates": [-95.21359591573936, 29.71690605969001]}, "properties": {"kind": "pipeline"}}, {"type": "Feature", "geometry": {"type": "Point", "coordinates": [-95.26653247183401, 29.715844003555137]}, "properties": {"kind": "pipeline"}}, {"type": "Feature", "geometry": {"type": "Point", "coordinates": [-95.17085189896811, 29.721847847883843]}, "properties": {"kind": "pipeline"}}, {"type": "Feature", "geometry": {"type": "Point", "coordinates": [-95.17301147623888, 29.71968905565802]}, "properties": {"kind": "pipeline"}}, {"type": "Feature", "geometry": {"type": "Point", "coordinates": [-95.20052645, 29.66283495]}, "properties": {"kind": "pipeline"}}, {"type": "Feature", "geometry": {"type": "Point", "coordinates": [-95.24857904777427, 29.703266682803076]}, "properties": {"kind": "pipeline"}}, {"type": "Feature", "geometry": {"type": "Point", "coordinates": [-95.24109757333939, 29.71046841005013]}, "properties": {"kind": "pipeline"}}, {"type": "Feature", "geometry": {"type": "Point", "coordinates": [-95.1648056729081, 29.729489325007155]}, "properties": {"kind": "pipeline"}}, {"type": "Feature", "geometry": {"type": "Point", "coordinates": [-95.17577448951583, 29.722886329511404]}, "properties": {"kind": "pipeline"}}, {"type": "Feature", "geometry": {"type": "Point", "coordinates": [-95.25197764566828, 29.708336143299817]}, "properties": {"kind": "pipeline"}}, {"type": "Feature", "geometry": {"type": "Point", "coordinates": [-95.2538427, 29.71020265]}, "properties": {"kind": "pipeline"}}, {"type": "Feature", "geometry": {"type": "Point", "coordinates": [-95.18052818858435, 29.71877869150594]}, "properties": {"kind": "pipeline"}}, {"type": "Feature", "geometry": {"type": "Point", "coordinates": [-95.18948510293164, 29.724980453235684]}, "properties": {"kind": "pipeline"}}, {"type": "Feature", "geometry": {"type": "Point", "coordinates": [-95.1802706560072, 29.671953013220804]}, "properties": {"kind": "pipeline"}}, {"type": "Feature", "geometry": {"type": "Point", "coordinates": [-95.15126203678616, 29.71546781183167]}, "properties": {"kind": "pipeline"}}, {"type": "Feature", "geometry": {"type": "Point", "coordinates": [-95.15296387445201, 29.79771693159821]}, "properties": {"kind": "pipeline"}}, {"type": "Feature", "geometry": {"type": "Point", "coordinates": [-95.22322393187741, 29.736600699821427]}, "properties": {"kind": "pipeline"}}, {"type": "Feature", "geometry": {"type": "Point", "coordinates": [-95.17330522139893, 29.714238398226694]}, "properties": {"kind": "pipeline"}}, {"type": "Feature", "geometry": {"type": "Point", "coordinates": [-95.20337966851747, 29.753010799871415]}, "properties": {"kind": "pipeline"}}, {"type": "Feature", "geometry": {"type": "Point", "coordinates": [-95.18056271056679, 29.718575483544484]}, "properties": {"kind": "pipeline"}}, {"type": "Feature", "geometry": {"type": "Point", "coordinates": [-95.18997364801439, 29.76208390126447]}, "properties": {"kind": "pipeline"}}, {"type": "Feature", "geometry": {"type": "Point", "coordinates": [-95.22865809664889, 29.72725949070082]}, "properties": {"kind": "pipeline"}}, {"type": "Feature", "geometry": {"type": "Point", "coordinates": [-95.1808190951031, 29.71959732020286]}, "properties": {"kind": "pipeline"}}, {"type": "Feature", "geometry": {"type": "Point", "coordinates": [-95.19526698900087, 29.741487154103368]}, "properties": {"kind": "pipeline"}}, {"type": "Feature", "geometry": {"type": "Point", "coordinates": [-95.21942459583657, 29.74851629515065]}, "properties": {"kind": "pipeline"}}, {"type": "Feature", "geometry": {"type": "Point", "coordinates": [-95.21872066143874, 29.748258076832077]}, "properties": {"kind": "pipeline"}}, {"type": "Feature", "geometry": {"type": "Point", "coordinates": [-95.18344172521101, 29.734825815080942]}, "properties": {"kind": "pipeline"}}, {"type": "Feature", "geometry": {"type": "Point", "coordinates": [-95.2101209968955, 29.79841243654323]}, "properties": {"kind": "pipeline"}}, {"type": "Feature", "geometry": {"type": "Point", "coordinates": [-95.21541876995624, 29.7489948701802]}, "properties": {"kind": "pipeline"}}, {"type": "Feature", "geometry": {"type": "Point", "coordinates": [-95.18049728157291, 29.71852680685689]}, "properties": {"kind": "pipeline"}}, {"type": "Feature", "geometry": {"type": "Point", "coordinates": [-95.20326437858023, 29.724648846221076]}, "properties": {"kind": "pipeline"}}, {"type": "Feature", "geometry": {"type": "Point", "coordinates": [-95.21244692104446, 29.791668579971034]}, "properties": {"kind": "pipeline"}}, {"type": "Feature", "geometry": {"type": "Point", "coordinates": [-95.22446538019753, 29.743512092944943]}, "properties": {"kind": "pipeline"}}, {"type": "Feature", "geometry": {"type": "Point", "coordinates": [-95.22113808600365, 29.7137429446563]}, "properties": {"kind": "pipeline"}}, {"type": "Feature", "geometry": {"type": "Point", "coordinates": [-95.18003059762484, 29.71818727905835]}, "properties": {"kind": "pipeline"}}, {"type": "Feature", "geometry": {"type": "Point", "coordinates": [-95.18021203935898, 29.718513347309397]}, "properties": {"kind": "pipeline"}}, {"type": "Feature", "geometry": {"type": "Point", "coordinates": [-95.2255706943782, 29.715869343307784]}, "properties": {"kind": "pipeline"}}, {"type": "Feature", "geometry": {"type": "Point", "coordinates": [-95.16801866496381, 29.71756406679617]}, "properties": {"kind": "pipeline"}}, {"type": "Feature", "geometry": {"type": "Point", "coordinates": [-95.21163603365406, 29.74290126387933]}, "properties": {"kind": "pipeline"}}, {"type": "Feature", "geometry": {"type": "Point", "coordinates": [-95.22566740619334, 29.713083370275545]}, "properties": {"kind": "pipeline"}}, {"type": "Feature", "geometry": {"type": "Point", "coordinates": [-95.22400312018972, 29.715150806565866]}, "properties": {"kind": "pipeline"}}, {"type": "Feature", "geometry": {"type": "Point", "coordinates": [-95.2099454351918, 29.78938761947529]}, "properties": {"kind": "pipeline"}}, {"type": "Feature", "geometry": {"type": "Point", "coordinates": [-95.1642673117762, 29.720200806858603]}, "properties": {"kind": "pipeline"}}, {"type": "Feature", "geometry": {"type": "Point", "coordinates": [-95.17383599069431, 29.71942808271921]}, "properties": {"kind": "pipeline"}}, {"type": "Feature", "geometry": {"type": "Point", "coordinates": [-95.17082402776751, 29.721833833412298]}, "properties": {"kind": "pipeline"}}, {"type": "Feature", "geometry": {"type": "Point", "coordinates": [-95.25036913628925, 29.705898559928666]}, "properties": {"kind": "pipeline"}}, {"type": "Feature", "geometry": {"type": "Point", "coordinates": [-95.1826198794777, 29.717154501636436]}, "properties": {"kind": "pipeline"}}, {"type": "Feature", "geometry": {"type": "Point", "coordinates": [-95.25219206644128, 29.705258155818758]}, "properties": {"kind": "pipeline"}}, {"type": "Feature", "geometry": {"type": "Point", "coordinates": [-95.15987344715707, 29.725892412103946]}, "properties": {"kind": "pipeline"}}, {"type": "Feature", "geometry": {"type": "Point", "coordinates": [-95.17379472238177, 29.72751820393596]}, "properties": {"kind": "pipeline"}}, {"type": "Feature", "geometry": {"type": "Point", "coordinates": [-95.20145742496072, 29.721372056771024]}, "properties": {"kind": "pipeline"}}, {"type": "Feature", "geometry": {"type": "Point", "coordinates": [-95.22859115328875, 29.74238364386738]}, "properties": {"kind": "pipeline"}}, {"type": "Feature", "geometry": {"type": "Point", "coordinates": [-95.27439780907365, 29.65098460838818]}, "properties": {"kind": "pipeline"}}, {"type": "Feature", "geometry": {"type": "Point", "coordinates": [-95.17467668530657, 29.71297905292902]}, "properties": {"kind": "pipeline"}}, {"type": "Feature", "geometry": {"type": "Point", "coordinates": [-95.18029461832992, 29.716932317051818]}, "properties": {"kind": "pipeline"}}, {"type": "Feature", "geometry": {"type": "Point", "coordinates": [-95.22836490036164, 29.711837991137553]}, "properties": {"kind": "pipeline"}}, {"type": "Feature", "geometry": {"type": "Point", "coordinates": [-95.17605656845795, 29.719786771952457]}, "properties": {"kind": "pipeline"}}, {"type": "Feature", "geometry": {"type": "Point", "coordinates": [-95.21724707258356, 29.623250523390823]}, "properties": {"kind": "pipeline"}}, {"type": "Feature", "geometry": {"type": "Point", "coordinates": [-95.18036210207008, 29.71859067473522]}, "properties": {"kind": "pipeline"}}, {"type": "Feature", "geometry": {"type": "Point", "coordinates": [-95.1896235868398, 29.718514097689702]}, "properties": {"kind": "pipeline"}}, {"type": "Feature", "geometry": {"type": "Point", "coordinates": [-95.22796425, 29.7195611]}, "properties": {"kind": "pipeline"}}, {"type": "Feature", "geometry": {"type": "Point", "coordinates": [-95.15872277406231, 29.762520729257222]}, "properties": {"kind": "pipeline"}}, {"type": "Feature", "geometry": {"type": "Point", "coordinates": [-95.21453211464365, 29.7170546316378]}, "properties": {"kind": "pipeline"}}, {"type": "Feature", "geometry": {"type": "Point", "coordinates": [-95.21355010036292, 29.73208760792976]}, "properties": {"kind": "pipeline"}}, {"type": "Feature", "geometry": {"type": "Point", "coordinates": [-95.22865129022293, 29.722285747175604]}, "properties": {"kind": "pipeline"}}, {"type": "Feature", "geometry": {"type": "Point", "coordinates": [-95.23231267163999, 29.71525666127948]}, "properties": {"kind": "pipeline"}}, {"type": "Feature", "geometry": {"type": "Point", "coordinates": [-95.18631754881096, 29.610750091521165]}, "properties": {"kind": "pipeline"}}, {"type": "Feature", "geometry": {"type": "Point", "coordinates": [-95.21254696641245, 29.732339008374325]}, "properties": {"kind": "pipeline"}}, {"type": "Feature", "geometry": {"type": "Point", "coordinates": [-95.25170619445734, 29.820853495791738]}, "properties": {"kind": "pipeline"}}, {"type": "Feature", "geometry": {"type": "Point", "coordinates": [-95.24620339695906, 29.804351045790632]}, "properties": {"kind": "pipeline"}}, {"type": "Feature", "geometry": {"type": "Point", "coordinates": [-95.20774197141186, 29.714976438757652]}, "properties": {"kind": "pipeline"}}, {"type": "Feature", "geometry": {"type": "Point", "coordinates": [-95.18774917295868, 29.61499218466787]}, "properties": {"kind": "pipeline"}}, {"type": "Feature", "geometry": {"type": "Point", "coordinates": [-95.17737905629723, 29.71942061334264]}, "properties": {"kind": "pipeline"}}, {"type": "Feature", "geometry": {"type": "Point", "coordinates": [-95.2484064089371, 29.705898819913823]}, "properties": {"kind": "pipeline"}}, {"type": "Feature", "geometry": {"type": "Point", "coordinates": [-95.2078491123947, 29.81049836277269]}, "properties": {"kind": "pipeline"}}, {"type": "Feature", "geometry": {"type": "Point", "coordinates": [-95.35834930897468, 29.682495778207176]}, "properties": {"kind": "pipeline"}}, {"type": "Feature", "geometry": {"type": "Point", "coordinates": [-95.17765665799024, 29.815442847830848]}, "properties": {"kind": "pipeline"}}, {"type": "Feature", "geometry": {"type": "Point", "coordinates": [-95.24757929998525, 29.788063080523404]}, "properties": {"kind": "pipeline"}}, {"type": "Feature", "geometry": {"type": "Point", "coordinates": [-95.21308019141334, 29.71772321183812]}, "properties": {"kind": "pipeline"}}, {"type": "Feature", "geometry": {"type": "Point", "coordinates": [-95.22017075222824, 29.809220172738392]}, "properties": {"kind": "pipeline"}}, {"type": "Feature", "geometry": {"type": "Point", "coordinates": [-95.16689940882453, 29.72242054686329]}, "properties": {"kind": "pipeline"}}, {"type": "Feature", "geometry": {"type": "Point", "coordinates": [-95.19318779330098, 29.718292334220287]}, "properties": {"kind": "pipeline"}}, {"type": "Feature", "geometry": {"type": "Point", "coordinates": [-95.15938146907736, 29.73884285512579]}, "properties": {"kind": "pipeline"}}, {"type": "Feature", "geometry": {"type": "Point", "coordinates": [-95.16538825280752, 29.723773015732004]}, "properties": {"kind": "pipeline"}}, {"type": "Feature", "geometry": {"type": "Point", "coordinates": [-95.1563163621966, 29.720950127548317]}, "properties": {"kind": "pipeline"}}, {"type": "Feature", "geometry": {"type": "Point", "coordinates": [-95.25395593820305, 29.71004747475042]}, "properties": {"kind": "pipeline"}}, {"type": "Feature", "geometry": {"type": "Point", "coordinates": [-95.28310194898131, 29.79411918972253]}, "properties": {"kind": "pipeline"}}, {"type": "Feature", "geometry": {"type": "Point", "coordinates": [-95.16949504564982, 29.715229131390554]}, "properties": {"kind": "pipeline"}}, {"type": "Feature", "geometry": {"type": "Point", "coordinates": [-95.21381502231047, 29.732252427712574]}, "properties": {"kind": "pipeline"}}, {"type": "Feature", "geometry": {"type": "Point", "coordinates": [-95.16156529266728, 29.721742925838605]}, "properties": {"kind": "pipeline"}}, {"type": "Feature", "geometry": {"type": "Point", "coordinates": [-95.19805303355095, 29.826361197561162]}, "properties": {"kind": "pipeline"}}, {"type": "Feature", "geometry": {"type": "Point", "coordinates": [-95.2093445168455, 29.77645726357501]}, "properties": {"kind": "pipeline"}}, {"type": "Feature", "geometry": {"type": "Point", "coordinates": [-95.25171867165653, 29.708344690875666]}, "properties": {"kind": "pipeline"}}, {"type": "Feature", "geometry": {"type": "Point", "coordinates": [-95.22118914115435, 29.69285968251236]}, "properties": {"kind": "pipeline"}}, {"type": "Feature", "geometry": {"type": "Point", "coordinates": [-95.22259903473768, 29.71599379070535]}, "properties": {"kind": "pipeline"}}, {"type": "Feature", "geometry": {"type": "Point", "coordinates": [-95.15402290172261, 29.82174012108699]}, "properties": {"kind": "pipeline"}}, {"type": "Feature", "geometry": {"type": "Point", "coordinates": [-95.24675443029948, 29.8094885756036]}, "properties": {"kind": "pipeline"}}, {"type": "Feature", "geometry": {"type": "Point", "coordinates": [-95.23825904134532, 29.658415068525134]}, "properties": {"kind": "pipeline"}}, {"type": "Feature", "geometry": {"type": "Point", "coordinates": [-95.22683803153244, 29.705986288025297]}, "properties": {"kind": "pipeline"}}, {"type": "Feature", "geometry": {"type": "Point", "coordinates": [-95.23340491384901, 29.727578580223504]}, "properties": {"kind": "pipeline"}}, {"type": "Feature", "geometry": {"type": "Point", "coordinates": [-95.19565909894291, 29.766367161345894]}, "properties": {"kind": "pipeline"}}, {"type": "Feature", "geometry": {"type": "Point", "coordinates": [-95.25110877697871, 29.70954115186598]}, "properties": {"kind": "pipeline"}}, {"type": "Feature", "geometry": {"type": "Point", "coordinates": [-95.18276478430738, 29.714894350662803]}, "properties": {"kind": "pipeline"}}, {"type": "Feature", "geometry": {"type": "Point", "coordinates": [-95.22421521832521, 29.728972775051464]}, "properties": {"kind": "pipeline"}}, {"type": "Feature", "geometry": {"type": "Point", "coordinates": [-95.22189360026415, 29.715635630301932]}, "properties": {"kind": "pipeline"}}, {"type": "Feature", "geometry": {"type": "Point", "coordinates": [-95.180189301026, 29.718513528984207]}, "properties": {"kind": "pipeline"}}, {"type": "Feature", "geometry": {"type": "Point", "coordinates": [-95.22763129870962, 29.71421162560138]}, "properties": {"kind": "pipeline"}}, {"type": "Feature", "geometry": {"type": "Point", "coordinates": [-95.18984306102128, 29.71874883296437]}, "properties": {"kind": "pipeline"}}, {"type": "Feature", "geometry": {"type": "Point", "coordinates": [-95.33727909779594, 29.634444569628215]}, "properties": {"kind": "pipeline"}}, {"type": "Feature", "geometry": {"type": "Point", "coordinates": [-95.16732031206747, 29.722518459204686]}, "properties": {"kind": "pipeline"}}, {"type": "Feature", "geometry": {"type": "Point", "coordinates": [-95.18642934556848, 29.714882310353673]}, "properties": {"kind": "pipeline"}}, {"type": "Feature", "geometry": {"type": "Point", "coordinates": [-95.1718678476963, 29.776992003714792]}, "properties": {"kind": "pipeline"}}, {"type": "Feature", "geometry": {"type": "Point", "coordinates": [-95.17041431543217, 29.630266178943888]}, "properties": {"kind": "pipeline"}}, {"type": "Feature", "geometry": {"type": "Point", "coordinates": [-95.1953106294289, 29.74149376320333]}, "properties": {"kind": "pipeline"}}, {"type": "Feature", "geometry": {"type": "Point", "coordinates": [-95.15308435, 29.7209231]}, "properties": {"kind": "pipeline"}}, {"type": "Feature", "geometry": {"type": "Point", "coordinates": [-95.18941834273419, 29.74082853192867]}, "properties": {"kind": "pipeline"}}, {"type": "Feature", "geometry": {"type": "Point", "coordinates": [-95.22914080304535, 29.739524035454046]}, "properties": {"kind": "pipeline"}}, {"type": "Feature", "geometry": {"type": "Point", "coordinates": [-95.17581477067742, 29.72290620639004]}, "properties": {"kind": "pipeline"}}, {"type": "Feature", "geometry": {"type": "Point", "coordinates": [-95.25263070266496, 29.71580349172437]}, "properties": {"kind": "pipeline"}}, {"type": "Feature", "geometry": {"type": "Point", "coordinates": [-95.19535364834422, 29.820946103395897]}, "properties": {"kind": "pipeline"}}, {"type": "Feature", "geometry": {"type": "Point", "coordinates": [-95.27801288401443, 29.641318228092203]}, "properties": {"kind": "pipeline"}}, {"type": "Feature", "geometry": {"type": "Point", "coordinates": [-95.24371178113591, 29.80339155301129]}, "properties": {"kind": "pipeline"}}, {"type": "Feature", "geometry": {"type": "Point", "coordinates": [-95.18457447494941, 29.71821081063434]}, "properties": {"kind": "pipeline"}}, {"type": "Feature", "geometry": {"type": "Point", "coordinates": [-95.15816552374727, 29.713465818026123]}, "properties": {"kind": "pipeline"}}, {"type": "Feature", "geometry": {"type": "Point", "coordinates": [-95.22658457983233, 29.707419851882126]}, "properties": {"kind": "pipeline"}}, {"type": "Feature", "geometry": {"type": "Point", "coordinates": [-95.20727185272519, 29.718479316411116]}, "properties": {"kind": "pipeline"}}, {"type": "Feature", "geometry": {"type": "Point", "coordinates": [-95.35796263607368, 29.68281507761359]}, "properties": {"kind": "pipeline"}}, {"type": "Feature", "geometry": {"type": "Point", "coordinates": [-95.22012919290192, 29.74819260389294]}, "properties": {"kind": "pipeline"}}, {"type": "Feature", "geometry": {"type": "Point", "coordinates": [-95.20214853576027, 29.716209829371255]}, "properties": {"kind": "pipeline"}}, {"type": "Feature", "geometry": {"type": "Point", "coordinates": [-95.2276580779614, 29.669009012063437]}, "properties": {"kind": "pipeline"}}, {"type": "Feature", "geometry": {"type": "Point", "coordinates": [-95.2522784393931, 29.71368009906004]}, "properties": {"kind": "pipeline"}}, {"type": "Feature", "geometry": {"type": "Point", "coordinates": [-95.24889329846891, 29.702451435769188]}, "properties": {"kind": "pipeline"}}, {"type": "Feature", "geometry": {"type": "Point", "coordinates": [-95.21902631389952, 29.676464318670504]}, "properties": {"kind": "pipeline"}}, {"type": "Feature", "geometry": {"type": "Point", "coordinates": [-95.18262802095963, 29.717163250561224]}, "properties": {"kind": "pipeline"}}, {"type": "Feature", "geometry": {"type": "Point", "coordinates": [-95.19444794436424, 29.830239135338733]}, "properties": {"kind": "pipeline"}}, {"type": "Feature", "geometry": {"type": "Point", "coordinates": [-95.239921782837, 29.70916770764525]}, "properties": {"kind": "pipeline"}}, {"type": "Feature", "geometry": {"type": "Point", "coordinates": [-95.25390664535026, 29.710993727327974]}, "properties": {"kind": "pipeline"}}, {"type": "Feature", "geometry": {"type": "Point", "coordinates": [-95.17210500217568, 29.7231836034296]}, "properties": {"kind": "pipeline"}}, {"type": "Feature", "geometry": {"type": "Point", "coordinates": [-95.20618827776684, 29.71567418036059]}, "properties": {"kind": "pipeline"}}, {"type": "Feature", "geometry": {"type": "Point", "coordinates": [-95.19683866843874, 29.717561135826017]}, "properties": {"kind": "pipeline"}}, {"type": "Feature", "geometry": {"type": "Point", "coordinates": [-95.22877305221785, 29.729001384252953]}, "properties": {"kind": "pipeline"}}, {"type": "Feature", "geometry": {"type": "Point", "coordinates": [-95.23584947563151, 29.708750926067037]}, "properties": {"kind": "pipeline"}}, {"type": "Feature", "geometry": {"type": "Point", "coordinates": [-95.17301135368749, 29.651694345839072]}, "properties": {"kind": "pipeline"}}, {"type": "Feature", "geometry": {"type": "Point", "coordinates": [-95.20627667300182, 29.719827235107736]}, "properties": {"kind": "pipeline"}}, {"type": "Feature", "geometry": {"type": "Point", "coordinates": [-95.18639002075376, 29.61057693418763]}, "properties": {"kind": "pipeline"}}, {"type": "Feature", "geometry": {"type": "Point", "coordinates": [-95.15318497811877, 29.79772991675444]}, "properties": {"kind": "pipeline"}}, {"type": "Feature", "geometry": {"type": "Point", "coordinates": [-95.22838254829796, 29.711006844088363]}, "properties": {"kind": "pipeline"}}, {"type": "Feature", "geometry": {"type": "Point", "coordinates": [-95.15307241786338, 29.79785178563983]}, "properties": {"kind": "pipeline"}}, {"type": "Feature", "geometry": {"type": "Point", "coordinates": [-95.28993546313369, 29.81483047123167]}, "properties": {"kind": "pipeline"}}, {"type": "Feature", "geometry": {"type": "Point", "coordinates": [-95.2016550940297, 29.832490794806304]}, "properties": {"kind": "pipeline"}}, {"type": "Feature", "geometry": {"type": "Point", "coordinates": [-95.24293917555464, 29.732307295762116]}, "properties": {"kind": "pipeline"}}, {"type": "Feature", "geometry": {"type": "Point", "coordinates": [-95.18046483000107, 29.71826555490596]}, "properties": {"kind": "pipeline"}}, {"type": "Feature", "geometry": {"type": "Point", "coordinates": [-95.1532496179824, 29.725248196075405]}, "properties": {"kind": "pipeline"}}, {"type": "Feature", "geometry": {"type": "Point", "coordinates": [-95.1587461595519, 29.761371578739514]}, "properties": {"kind": "pipeline"}}, {"type": "Feature", "geometry": {"type": "Point", "coordinates": [-95.16995988871227, 29.716860475088872]}, "properties": {"kind": "pipeline"}}, {"type": "Feature", "geometry": {"type": "Point", "coordinates": [-95.22356755585545, 29.711845708820587]}, "properties": {"kind": "pipeline"}}, {"type": "Feature", "geometry": {"type": "Point", "coordinates": [-95.15809086832422, 29.762313979536323]}, "properties": {"kind": "pipeline"}}, {"type": "Feature", "geometry": {"type": "Point", "coordinates": [-95.2263316404133, 29.728392563794323]}, "properties": {"kind": "pipeline"}}, {"type": "Feature", "geometry": {"type": "Point", "coordinates": [-95.23682788304096, 29.708723847855925]}, "properties": {"kind": "pipeline"}}, {"type": "Feature", "geometry": {"type": "Point", "coordinates": [-95.217844092476, 29.79948996215617]}, "properties": {"kind": "pipeline"}}, {"type": "Feature", "geometry": {"type": "Point", "coordinates": [-95.23529184531638, 29.65346565052011]}, "properties": {"kind": "pipeline"}}, {"type": "Feature", "geometry": {"type": "Point", "coordinates": [-95.27028703328583, 29.71877810015727]}, "properties": {"kind": "pipeline"}}, {"type": "Feature", "geometry": {"type": "Point", "coordinates": [-95.1829552450063, 29.714749005511134]}, "properties": {"kind": "pipeline"}}, {"type": "Feature", "geometry": {"type": "Point", "coordinates": [-95.17488049341424, 29.718305202987455]}, "properties": {"kind": "pipeline"}}, {"type": "Feature", "geometry": {"type": "Point", "coordinates": [-95.16301167628006, 29.726909552457546]}, "properties": {"kind": "pipeline"}}, {"type": "Feature", "geometry": {"type": "Point", "coordinates": [-95.23720485241894, 29.708760834801314]}, "properties": {"kind": "pipeline"}}, {"type": "Feature", "geometry": {"type": "Point", "coordinates": [-95.16455408834594, 29.727659236474477]}, "properties": {"kind": "pipeline"}}, {"type": "Feature", "geometry": {"type": "Point", "coordinates": [-95.1860368907767, 29.621119191047345]}, "properties": {"kind": "pipeline"}}, {"type": "Feature", "geometry": {"type": "Point", "coordinates": [-95.20729309732603, 29.614126219683108]}, "properties": {"kind": "pipeline"}}, {"type": "Feature", "geometry": {"type": "Point", "coordinates": [-95.22031726086675, 29.735777620903853]}, "properties": {"kind": "pipeline"}}, {"type": "Feature", "geometry": {"type": "Point", "coordinates": [-95.17516046412392, 29.723587708623903]}, "properties": {"kind": "pipeline"}}, {"type": "Feature", "geometry": {"type": "Point", "coordinates": [-95.203139392522, 29.722424877058813]}, "properties": {"kind": "pipeline"}}, {"type": "Feature", "geometry": {"type": "Point", "coordinates": [-95.15308231256765, 29.797893081368834]}, "properties": {"kind": "pipeline"}}, {"type": "Feature", "geometry": {"type": "Point", "coordinates": [-95.28822714343667, 29.787145986059596]}, "properties": {"kind": "pipeline"}}, {"type": "Feature", "geometry": {"type": "Point", "coordinates": [-95.17489735771105, 29.725186686615842]}, "properties": {"kind": "pipeline"}}, {"type": "Feature", "geometry": {"type": "Point", "coordinates": [-95.1931476080134, 29.67211931367657]}, "properties": {"kind": "pipeline"}}, {"type": "Feature", "geometry": {"type": "Point", "coordinates": [-95.17080090294536, 29.721886339390345]}, "properties": {"kind": "pipeline"}}, {"type": "Feature", "geometry": {"type": "Point", "coordinates": [-95.22485220640155, 29.715181944831663]}, "properties": {"kind": "pipeline"}}, {"type": "Feature", "geometry": {"type": "Point", "coordinates": [-95.18829748374357, 29.731114421592594]}, "properties": {"kind": "pipeline"}}, {"type": "Feature", "geometry": {"type": "Point", "coordinates": [-95.1558133542913, 29.837141016795325]}, "properties": {"kind": "pipeline"}}, {"type": "Feature", "geometry": {"type": "Point", "coordinates": [-95.18015215095707, 29.71803640284334]}, "properties": {"kind": "pipeline"}}, {"type": "Feature", "geometry": {"type": "Point", "coordinates": [-95.22188881775874, 29.669096080105803]}, "properties": {"kind": "pipeline"}}, {"type": "Feature", "geometry": {"type": "Point", "coordinates": [-95.16187234259925, 29.758360705991052]}, "properties": {"kind": "pipeline"}}, {"type": "Feature", "geometry": {"type": "Point", "coordinates": [-95.29006602989585, 29.81793756154329]}, "properties": {"kind": "pipeline"}}, {"type": "Feature", "geometry": {"type": "Point", "coordinates": [-95.16189848283308, 29.728812672508152]}, "properties": {"kind": "pipeline"}}, {"type": "Feature", "geometry": {"type": "Point", "coordinates": [-95.21159401476835, 29.78266879390544]}, "properties": {"kind": "pipeline"}}, {"type": "Feature", "geometry": {"type": "Point", "coordinates": [-95.21026607232783, 29.73922233587446]}, "properties": {"kind": "pipeline"}}, {"type": "Feature", "geometry": {"type": "Point", "coordinates": [-95.25013033664585, 29.710274407434294]}, "properties": {"kind": "pipeline"}}, {"type": "Feature", "geometry": {"type": "Point", "coordinates": [-95.15127860373158, 29.71543211987508]}, "properties": {"kind": "pipeline"}}, {"type": "Feature", "geometry": {"type": "Point", "coordinates": [-95.17983592495695, 29.718103382250348]}, "properties": {"kind": "pipeline"}}, {"type": "Feature", "geometry": {"type": "Point", "coordinates": [-95.21075282607464, 29.797916619570586]}, "properties": {"kind": "pipeline"}}, {"type": "Feature", "geometry": {"type": "Point", "coordinates": [-95.22739875684663, 29.73256403707718]}, "properties": {"kind": "pipeline"}}, {"type": "Feature", "geometry": {"type": "Point", "coordinates": [-95.21853704704266, 29.748667415002465]}, "properties": {"kind": "pipeline"}}, {"type": "Feature", "geometry": {"type": "Point", "coordinates": [-95.25659221691222, 29.706528766253154]}, "properties": {"kind": "pipeline"}}, {"type": "Feature", "geometry": {"type": "Point", "coordinates": [-95.19574770026729, 29.715336489157878]}, "properties": {"kind": "pipeline"}}, {"type": "Feature", "geometry": {"type": "Point", "coordinates": [-95.18006517536723, 29.71777817763555]}, "properties": {"kind": "pipeline"}}, {"type": "Feature", "geometry": {"type": "Point", "coordinates": [-95.2284868136195, 29.71987554445479]}, "properties": {"kind": "pipeline"}}, {"type": "Feature", "geometry": {"type": "Point", "coordinates": [-95.20051983832302, 29.735513100456437]}, "properties": {"kind": "pipeline"}}, {"type": "Feature", "geometry": {"type": "Point", "coordinates": [-95.24381976945668, 29.731075606274143]}, "properties": {"kind": "pipeline"}}, {"type": "Feature", "geometry": {"type": "Point", "coordinates": [-95.20764263088314, 29.6759919829463]}, "properties": {"kind": "pipeline"}}, {"type": "Feature", "geometry": {"type": "Point", "coordinates": [-95.24421624737401, 29.709196322297366]}, "properties": {"kind": "pipeline"}}, {"type": "Feature", "geometry": {"type": "Point", "coordinates": [-95.17578526128875, 29.72288850818673]}, "properties": {"kind": "pipeline"}}, {"type": "Feature", "geometry": {"type": "Point", "coordinates": [-95.15274064682757, 29.81967372096185]}, "properties": {"kind": "pipeline"}}, {"type": "Feature", "geometry": {"type": "Point", "coordinates": [-95.18245155026335, 29.734156744126377]}, "properties": {"kind": "pipeline"}}, {"type": "Feature", "geometry": {"type": "Point", "coordinates": [-95.19485872432956, 29.71872100494346]}, "properties": {"kind": "pipeline"}}, {"type": "Feature", "geometry": {"type": "Point", "coordinates": [-95.22868620873672, 29.61980541390804]}, "properties": {"kind": "pipeline"}}, {"type": "Feature", "geometry": {"type": "Point", "coordinates": [-95.2662570917431, 29.72101345747421]}, "properties": {"kind": "pipeline"}}, {"type": "Feature", "geometry": {"type": "Point", "coordinates": [-95.24288864518303, 29.794931643741414]}, "properties": {"kind": "pipeline"}}, {"type": "Feature", "geometry": {"type": "Point", "coordinates": [-95.1967405120076, 29.71743862379972]}, "properties": {"kind": "pipeline"}}, {"type": "Feature", "geometry": {"type": "Point", "coordinates": [-95.19133194690698, 29.734385301469068]}, "properties": {"kind": "pipeline"}}, {"type": "Feature", "geometry": {"type": "Point", "coordinates": [-95.1727626386671, 29.71954613662839]}, "properties": {"kind": "pipeline"}}, {"type": "Feature", "geometry": {"type": "Point", "coordinates": [-95.2058556211429, 29.616381349638633]}, "properties": {"kind": "pipeline"}}, {"type": "Feature", "geometry": {"type": "Point", "coordinates": [-95.19560030808033, 29.74047005419299]}, "properties": {"kind": "pipeline"}}, {"type": "Feature", "geometry": {"type": "Point", "coordinates": [-95.16658310211777, 29.81900793819181]}, "properties": {"kind": "pipeline"}}, {"type": "Feature", "geometry": {"type": "Point", "coordinates": [-95.25293783149348, 29.695521955600306]}, "properties": {"kind": "pipeline"}}, {"type": "Feature", "geometry": {"type": "Point", "coordinates": [-95.18947617497396, 29.724992221159443]}, "properties": {"kind": "pipeline"}}, {"type": "Feature", "geometry": {"type": "Point", "coordinates": [-95.17978098094981, 29.717535403056605]}, "properties": {"kind": "pipeline"}}, {"type": "Feature", "geometry": {"type": "Point", "coordinates": [-95.20671063408223, 29.68764548434411]}, "properties": {"kind": "pipeline"}}, {"type": "Feature", "geometry": {"type": "Point", "coordinates": [-95.16463823509254, 29.723707269710104]}, "properties": {"kind": "pipeline"}}, {"type": "Feature", "geometry": {"type": "Point", "coordinates": [-95.15807596575905, 29.713525371366497]}, "properties": {"kind": "pipeline"}}, {"type": "Feature", "geometry": {"type": "Point", "coordinates": [-95.19804792937515, 29.826408308657882]}, "properties": {"kind": "pipeline"}}, {"type": "Feature", "geometry": {"type": "Point", "coordinates": [-95.19560356951452, 29.740478071186914]}, "properties": {"kind": "pipeline"}}, {"type": "Feature", "geometry": {"type": "Point", "coordinates": [-95.18579688912887, 29.611001197937163]}, "properties": {"kind": "pipeline"}}, {"type": "Feature", "geometry": {"type": "Point", "coordinates": [-95.24542367500268, 29.71084842519266]}, "properties": {"kind": "pipeline"}}, {"type": "Feature", "geometry": {"type": "Point", "coordinates": [-95.15391234367885, 29.818028319680817]}, "properties": {"kind": "pipeline"}}, {"type": "Feature", "geometry": {"type": "Point", "coordinates": [-95.15201945, 29.7129035]}, "properties": {"kind": "pipeline"}}, {"type": "Feature", "geometry": {"type": "Point", "coordinates": [-95.19133822742661, 29.73440654169547]}, "properties": {"kind": "pipeline"}}, {"type": "Feature", "geometry": {"type": "Point", "coordinates": [-95.27799379138806, 29.641300800301178]}, "properties": {"kind": "pipeline"}}, {"type": "Feature", "geometry": {"type": "Point", "coordinates": [-95.15425085614157, 29.81782790227542]}, "properties": {"kind": "pipeline"}}, {"type": "Feature", "geometry": {"type": "Point", "coordinates": [-95.15285034750406, 29.75621262217081]}, "properties": {"kind": "pipeline"}}, {"type": "Feature", "geometry": {"type": "Point", "coordinates": [-95.18455589469498, 29.718178355655184]}, "properties": {"kind": "pipeline"}}, {"type": "Feature", "geometry": {"type": "Point", "coordinates": [-95.19560684347911, 29.715343567844485]}, "properties": {"kind": "pipeline"}}, {"type": "Feature", "geometry": {"type": "Point", "coordinates": [-95.19201511725379, 29.71760829815321]}, "properties": {"kind": "pipeline"}}, {"type": "Feature", "geometry": {"type": "Point", "coordinates": [-95.15022774472507, 29.733242146444805]}, "properties": {"kind": "pipeline"}}, {"type": "Feature", "geometry": {"type": "Point", "coordinates": [-95.25211466556932, 29.68104291712642]}, "properties": {"kind": "pipeline"}}, {"type": "Feature", "geometry": {"type": "Point", "coordinates": [-95.20664402570037, 29.61277524971281]}, "properties": {"kind": "pipeline"}}, {"type": "Feature", "geometry": {"type": "Point", "coordinates": [-95.35013207471538, 29.624802457171334]}, "properties": {"kind": "pipeline"}}, {"type": "Feature", "geometry": {"type": "Point", "coordinates": [-95.19015492066711, 29.726202701810987]}, "properties": {"kind": "pipeline"}}, {"type": "Feature", "geometry": {"type": "Point", "coordinates": [-95.15308457856999, 29.799739071918516]}, "properties": {"kind": "pipeline"}}, {"type": "Feature", "geometry": {"type": "Point", "coordinates": [-95.19599289737307, 29.750384655941566]}, "properties": {"kind": "pipeline"}}, {"type": "Feature", "geometry": {"type": "Point", "coordinates": [-95.18024394588826, 29.672398117254033]}, "properties": {"kind": "pipeline"}}, {"type": "Feature", "geometry": {"type": "Point", "coordinates": [-95.20808949583204, 29.61788569042002]}, "properties": {"kind": "pipeline"}}, {"type": "Feature", "geometry": {"type": "Point", "coordinates": [-95.18053532435668, 29.718692691895146]}, "properties": {"kind": "pipeline"}}, {"type": "Feature", "geometry": {"type": "Point", "coordinates": [-95.16270701144319, 29.820570575677127]}, "properties": {"kind": "pipeline"}}, {"type": "Feature", "geometry": {"type": "Point", "coordinates": [-95.176137092276, 29.719883328969303]}, "properties": {"kind": "pipeline"}}, {"type": "Feature", "geometry": {"type": "Point", "coordinates": [-95.17419636636737, 29.727172334361622]}, "properties": {"kind": "pipeline"}}, {"type": "Feature", "geometry": {"type": "Point", "coordinates": [-95.15967860839046, 29.721917109812768]}, "properties": {"kind": "pipeline"}}, {"type": "Feature", "geometry": {"type": "Point", "coordinates": [-95.3015099009281, 29.657943315255565]}, "properties": {"kind": "pipeline"}}, {"type": "Feature", "geometry": {"type": "Point", "coordinates": [-95.18828133901542, 29.724929279682364]}, "properties": {"kind": "pipeline"}}, {"type": "Feature", "geometry": {"type": "Point", "coordinates": [-95.1540782056618, 29.788409148617887]}, "properties": {"kind": "pipeline"}}, {"type": "Feature", "geometry": {"type": "Point", "coordinates": [-95.24632259169613, 29.787439669072462]}, "properties": {"kind": "pipeline"}}, {"type": "Feature", "geometry": {"type": "Point", "coordinates": [-95.2418414051594, 29.77045217349009]}, "properties": {"kind": "pipeline"}}, {"type": "Feature", "geometry": {"type": "Point", "coordinates": [-95.1919364, 29.790305999999998]}, "properties": {"kind": "pipeline"}}, {"type": "Feature", "geometry": {"type": "Point", "coordinates": [-95.19803160647237, 29.719618402208887]}, "properties": {"kind": "pipeline"}}, {"type": "Feature", "geometry": {"type": "Point", "coordinates": [-95.18055695197428, 29.71789345177087]}, "properties": {"kind": "pipeline"}}, {"type": "Feature", "geometry": {"type": "Point", "coordinates": [-95.2219665415382, 29.73244624792435]}, "properties": {"kind": "pipeline"}}, {"type": "Feature", "geometry": {"type": "Point", "coordinates": [-95.2702153308673, 29.696918836914875]}, "properties": {"kind": "pipeline"}}, {"type": "Feature", "geometry": {"type": "Point", "coordinates": [-95.2120706626997, 29.787668710794467]}, "properties": {"kind": "pipeline"}}, {"type": "Feature", "geometry": {"type": "Point", "coordinates": [-95.1806023070888, 29.717456073881564]}, "properties": {"kind": "pipeline"}}, {"type": "Feature", "geometry": {"type": "Point", "coordinates": [-95.21079596842937, 29.676097268857532]}, "properties": {"kind": "pipeline"}}, {"type": "Feature", "geometry": {"type": "Point", "coordinates": [-95.2247363852933, 29.719820999812498]}, "properties": {"kind": "pipeline"}}, {"type": "Feature", "geometry": {"type": "Point", "coordinates": [-95.20042634660292, 29.718266047552877]}, "properties": {"kind": "pipeline"}}, {"type": "Feature", "geometry": {"type": "Point", "coordinates": [-95.16432657929259, 29.72348306047612]}, "properties": {"kind": "pipeline"}}, {"type": "Feature", "geometry": {"type": "Point", "coordinates": [-95.17666797181755, 29.7135406092886]}, "properties": {"kind": "pipeline"}}, {"type": "Feature", "geometry": {"type": "Point", "coordinates": [-95.18908114846063, 29.73436790224286]}, "properties": {"kind": "pipeline"}}, {"type": "Feature", "geometry": {"type": "Point", "coordinates": [-95.1648038909907, 29.72955892974821]}, "properties": {"kind": "pipeline"}}, {"type": "Feature", "geometry": {"type": "Point", "coordinates": [-95.2450295, 29.7128042]}, "properties": {"kind": "pipeline"}}, {"type": "Feature", "geometry": {"type": "Point", "coordinates": [-95.16490719986378, 29.72892568893781]}, "properties": {"kind": "pipeline"}}, {"type": "Feature", "geometry": {"type": "Point", "coordinates": [-95.21593411740429, 29.622038862457313]}, "properties": {"kind": "pipeline"}}, {"type": "Feature", "geometry": {"type": "Point", "coordinates": [-95.1690845124081, 29.641981565414152]}, "properties": {"kind": "pipeline"}}, {"type": "Feature", "geometry": {"type": "Point", "coordinates": [-95.17989919981501, 29.718496565320518]}, "properties": {"kind": "pipeline"}}, {"type": "Feature", "geometry": {"type": "Point", "coordinates": [-95.2336255649464, 29.809566949265232]}, "properties": {"kind": "pipeline"}}, {"type": "Feature", "geometry": {"type": "Point", "coordinates": [-95.18371106617211, 29.62979342957332]}, "properties": {"kind": "pipeline"}}, {"type": "Feature", "geometry": {"type": "Point", "coordinates": [-95.25592819532363, 29.71822365449505]}, "properties": {"kind": "pipeline"}}, {"type": "Feature", "geometry": {"type": "Point", "coordinates": [-95.2133190817742, 29.732293767442407]}, "properties": {"kind": "pipeline"}}, {"type": "Feature", "geometry": {"type": "Point", "coordinates": [-95.2301087026889, 29.757386257358213]}, "properties": {"kind": "pipeline"}}, {"type": "Feature", "geometry": {"type": "Point", "coordinates": [-95.24248214775508, 29.727286359588575]}, "properties": {"kind": "pipeline"}}, {"type": "Feature", "geometry": {"type": "Point", "coordinates": [-95.22952090003606, 29.71573460654178]}, "properties": {"kind": "pipeline"}}, {"type": "Feature", "geometry": {"type": "Point", "coordinates": [-95.24331871497672, 29.713265819810747]}, "properties": {"kind": "pipeline"}}, {"type": "Feature", "geometry": {"type": "Point", "coordinates": [-95.1966305386907, 29.659221129122404]}, "properties": {"kind": "pipeline"}}, {"type": "Feature", "geometry": {"type": "Point", "coordinates": [-95.19414160183885, 29.750077011141112]}, "properties": {"kind": "pipeline"}}, {"type": "Feature", "geometry": {"type": "Point", "coordinates": [-95.25027751084787, 29.710743536115885]}, "properties": {"kind": "pipeline"}}, {"type": "Feature", "geometry": {"type": "Point", "coordinates": [-95.24363694769634, 29.77077330428763]}, "properties": {"kind": "pipeline"}}, {"type": "Feature", "geometry": {"type": "Point", "coordinates": [-95.1826398077742, 29.715058188092712]}, "properties": {"kind": "pipeline"}}, {"type": "Feature", "geometry": {"type": "Point", "coordinates": [-95.229239244342, 29.71152861639221]}, "properties": {"kind": "pipeline"}}, {"type": "Feature", "geometry": {"type": "Point", "coordinates": [-95.16802228196865, 29.73006220581171]}, "properties": {"kind": "pipeline"}}, {"type": "Feature", "geometry": {"type": "Point", "coordinates": [-95.24337702583932, 29.76695697227207]}, "properties": {"kind": "pipeline"}}, {"type": "Feature", "geometry": {"type": "Point", "coordinates": [-95.35080057863138, 29.817581012954083]}, "properties": {"kind": "pipeline"}}, {"type": "Feature", "geometry": {"type": "Point", "coordinates": [-95.18985639638039, 29.623035015202298]}, "properties": {"kind": "pipeline"}}, {"type": "Feature", "geometry": {"type": "Point", "coordinates": [-95.17994018453564, 29.718928234186652]}, "properties": {"kind": "pipeline"}}, {"type": "Feature", "geometry": {"type": "Point", "coordinates": [-95.1766713403261, 29.7226920360536]}, "properties": {"kind": "pipeline"}}, {"type": "Feature", "geometry": {"type": "Point", "coordinates": [-95.17288613911519, 29.714109525331416]}, "properties": {"kind": "pipeline"}}, {"type": "Feature", "geometry": {"type": "Point", "coordinates": [-95.18004123362135, 29.717655442956143]}, "properties": {"kind": "pipeline"}}, {"type": "Feature", "geometry": {"type": "Point", "coordinates": [-95.16968900031951, 29.716435219697477]}, "properties": {"kind": "pipeline"}}, {"type": "Feature", "geometry": {"type": "Point", "coordinates": [-95.22413514076135, 29.668077475690616]}, "properties": {"kind": "pipeline"}}, {"type": "Feature", "geometry": {"type": "Point", "coordinates": [-95.15306781304791, 29.7978524200523]}, "properties": {"kind": "pipeline"}}, {"type": "Feature", "geometry": {"type": "Point", "coordinates": [-95.16786857223663, 29.729770363637492]}, "properties": {"kind": "pipeline"}}, {"type": "Feature", "geometry": {"type": "Point", "coordinates": [-95.26805604469116, 29.7700498128264]}, "properties": {"kind": "pipeline"}}, {"type": "Feature", "geometry": {"type": "Point", "coordinates": [-95.15956466189284, 29.716779532793097]}, "properties": {"kind": "pipeline"}}, {"type": "Feature", "geometry": {"type": "Point", "coordinates": [-95.25300987120195, 29.705881865132948]}, "properties": {"kind": "pipeline"}}, {"type": "Feature", "geometry": {"type": "Point", "coordinates": [-95.195830393211, 29.71809301954971]}, "properties": {"kind": "pipeline"}}, {"type": "Feature", "geometry": {"type": "Point", "coordinates": [-95.24004551762135, 29.772147633651183]}, "properties": {"kind": "pipeline"}}, {"type": "Feature", "geometry": {"type": "Point", "coordinates": [-95.23399407144869, 29.71236360089741]}, "properties": {"kind": "pipeline"}}, {"type": "Feature", "geometry": {"type": "Point", "coordinates": [-95.16699169842492, 29.818341866932727]}, "properties": {"kind": "pipeline"}}, {"type": "Feature", "geometry": {"type": "Point", "coordinates": [-95.21197991586125, 29.789943880106044]}, "properties": {"kind": "pipeline"}}, {"type": "Feature", "geometry": {"type": "Point", "coordinates": [-95.15021385716663, 29.825886285203627]}, "properties": {"kind": "pipeline"}}, {"type": "Feature", "geometry": {"type": "Point", "coordinates": [-95.1734212191666, 29.71426630755899]}, "properties": {"kind": "pipeline"}}, {"type": "Feature", "geometry": {"type": "Point", "coordinates": [-95.22917523449637, 29.739529280261213]}, "properties": {"kind": "pipeline"}}, {"type": "Feature", "geometry": {"type": "Point", "coordinates": [-95.20128255536846, 29.714407227336633]}, "properties": {"kind": "pipeline"}}, {"type": "Feature", "geometry": {"type": "Point", "coordinates": [-95.22851970774367, 29.7211659211471]}, "properties": {"kind": "pipeline"}}, {"type": "Feature", "geometry": {"type": "Point", "coordinates": [-95.251896007615, 29.711363274757254]}, "properties": {"kind": "pipeline"}}, {"type": "Feature", "geometry": {"type": "Point", "coordinates": [-95.1802015186375, 29.719589076575758]}, "properties": {"kind": "pipeline"}}, {"type": "Feature", "geometry": {"type": "Point", "coordinates": [-95.18591577113139, 29.714749076984102]}, "properties": {"kind": "pipeline"}}, {"type": "Feature", "geometry": {"type": "Point", "coordinates": [-95.17592924556926, 29.720140551208075]}, "properties": {"kind": "pipeline"}}, {"type": "Feature", "geometry": {"type": "Point", "coordinates": [-95.20125080342044, 29.83274729231286]}, "properties": {"kind": "pipeline"}}, {"type": "Feature", "geometry": {"type": "Point", "coordinates": [-95.2536025, 29.711955099999994]}, "properties": {"kind": "pipeline"}}, {"type": "Feature", "geometry": {"type": "Point", "coordinates": [-95.21873284752519, 29.835206235582607]}, "properties": {"kind": "pipeline"}}, {"type": "Feature", "geometry": {"type": "Point", "coordinates": [-95.18824267765964, 29.725163447416946]}, "properties": {"kind": "pipeline"}}, {"type": "Feature", "geometry": {"type": "Point", "coordinates": [-95.20383556891521, 29.722779878463424]}, "properties": {"kind": "pipeline"}}, {"type": "Feature", "geometry": {"type": "Point", "coordinates": [-95.37064161191243, 29.760744403561084]}, "properties": {"kind": "planter"}}, {"type": "Feature", "geometry": {"type": "Point", "coordinates": [-95.37058641191244, 29.76081200356109]}, "properties": {"kind": "planter"}}, {"type": "Feature", "geometry": {"type": "Point", "coordinates": [-95.37048141191245, 29.76094770356109]}, "properties": {"kind": "planter"}}, {"type": "Feature", "geometry": {"type": "Point", "coordinates": [-95.37042771191246, 29.76101590356109]}, "properties": {"kind": "planter"}}, {"type": "Feature", "geometry": {"type": "Point", "coordinates": [-95.32027609999999, 29.769513749999994]}, "properties": {"kind": "planter"}}, {"type": "Feature", "geometry": {"type": "Point", "coordinates": [-95.32027760000001, 29.769485550000002]}, "properties": {"kind": "planter"}}, {"type": "Feature", "geometry": {"type": "Point", "coordinates": [-95.3202776, 29.769453649999996]}, "properties": {"kind": "planter"}}, {"type": "Feature", "geometry": {"type": "Point", "coordinates": [-95.32021019999999, 29.769454449999998]}, "properties": {"kind": "planter"}}, {"type": "Feature", "geometry": {"type": "Point", "coordinates": [-95.3202105, 29.76948495]}, "properties": {"kind": "planter"}}, {"type": "Feature", "geometry": {"type": "Point", "coordinates": [-95.32020922465284, 29.769515443476763]}, "properties": {"kind": "planter"}}, {"type": "Feature", "geometry": {"type": "Point", "coordinates": [-95.32026484999999, 29.7694135]}, "properties": {"kind": "planter"}}, {"type": "Feature", "geometry": {"type": "Point", "coordinates": [-95.3214666, 29.769640900000006]}, "properties": {"kind": "planter"}}, {"type": "Feature", "geometry": {"type": "Point", "coordinates": [-95.32149049456737, 29.76964242556777]}, "properties": {"kind": "planter"}}, {"type": "Feature", "geometry": {"type": "Point", "coordinates": [-95.32151910543263, 29.76964157443223]}, "properties": {"kind": "planter"}}, {"type": "Feature", "geometry": {"type": "Point", "coordinates": [-95.32154362333011, 29.769639125837312]}, "properties": {"kind": "planter"}}, {"type": "Feature", "geometry": {"type": "Point", "coordinates": [-95.32158102438754, 29.769638694411643]}, "properties": {"kind": "planter"}}, {"type": "Feature", "geometry": {"type": "Point", "coordinates": [-95.1810167333658, 29.612933117353688]}, "properties": {"kind": "storage_tank"}}, {"type": "Feature", "geometry": {"type": "Point", "coordinates": [-95.18229026983379, 29.614044870374272]}, "properties": {"kind": "storage_tank"}}, {"type": "Feature", "geometry": {"type": "Point", "coordinates": [-95.18103484730622, 29.61404835217702]}, "properties": {"kind": "storage_tank"}}, {"type": "Feature", "geometry": {"type": "Point", "coordinates": [-95.18355368886606, 29.61401012860255]}, "properties": {"kind": "storage_tank"}}, {"type": "Feature", "geometry": {"type": "Point", "coordinates": [-95.18359367416792, 29.61511893019122]}, "properties": {"kind": "storage_tank"}}, {"type": "Feature", "geometry": {"type": "Point", "coordinates": [-95.18232227438887, 29.61514326816184]}, "properties": {"kind": "storage_tank"}}, {"type": "Feature", "geometry": {"type": "Point", "coordinates": [-95.18106682011532, 29.615178027225323]}, "properties": {"kind": "storage_tank"}}, {"type": "Feature", "geometry": {"type": "Point", "coordinates": [-95.18485712946251, 29.61507374666091]}, "properties": {"kind": "storage_tank"}}, {"type": "Feature", "geometry": {"type": "Point", "coordinates": [-95.18423572467181, 29.616067635042448]}, "properties": {"kind": "storage_tank"}}, {"type": "Feature", "geometry": {"type": "Point", "coordinates": [-95.18549094349359, 29.616025670068648]}, "properties": {"kind": "storage_tank"}}, {"type": "Feature", "geometry": {"type": "Point", "coordinates": [-95.18551797306831, 29.61713917793772]}, "properties": {"kind": "storage_tank"}}, {"type": "Feature", "geometry": {"type": "Point", "coordinates": [-95.18428400099893, 29.617144872430792]}, "properties": {"kind": "storage_tank"}}, {"type": "Feature", "geometry": {"type": "Point", "coordinates": [-95.18004071284957, 29.614631147045262]}, "properties": {"kind": "storage_tank"}}, {"type": "Feature", "geometry": {"type": "Point", "coordinates": [-95.17999392323635, 29.613505792919348]}, "properties": {"kind": "storage_tank"}}, {"type": "Feature", "geometry": {"type": "Point", "coordinates": [-95.17997995909914, 29.61252929206006]}, "properties": {"kind": "storage_tank"}}, {"type": "Feature", "geometry": {"type": "Point", "coordinates": [-95.18352234858439, 29.612862977208657]}, "properties": {"kind": "storage_tank"}}, {"type": "Feature", "geometry": {"type": "Point", "coordinates": [-95.18224292441815, 29.612897728095426]}, "properties": {"kind": "storage_tank"}}, {"type": "Feature", "geometry": {"type": "Point", "coordinates": [-95.18226694089962, 29.611309218786094]}, "properties": {"kind": "storage_tank"}}, {"type": "Feature", "geometry": {"type": "Point", "coordinates": [-95.18088353602587, 29.61134396196961]}, "properties": {"kind": "storage_tank"}}, {"type": "Feature", "geometry": {"type": "Point", "coordinates": [-95.18366230689972, 29.611284870839956]}, "properties": {"kind": "storage_tank"}}, {"type": "Feature", "geometry": {"type": "Point", "coordinates": [-95.18543138677174, 29.61273213641034]}, "properties": {"kind": "storage_tank"}}, {"type": "Feature", "geometry": {"type": "Point", "coordinates": [-95.185281295476, 29.618309239156932]}, "properties": {"kind": "storage_tank"}}, {"type": "Feature", "geometry": {"type": "Point", "coordinates": [-95.35926186967312, 29.657263872820884]}, "properties": {"kind": "planter"}}, {"type": "Feature", "geometry": {"type": "Point", "coordinates": [-95.35575642473026, 29.65693634561204]}, "properties": {"kind": "planter"}}, {"type": "Feature", "geometry": {"type": "Point", "coordinates": [-95.35575532473025, 29.656903445612038]}, "properties": {"kind": "planter"}}, {"type": "Feature", "geometry": {"type": "Point", "coordinates": [-95.3557562, 29.65687045]}, "properties": {"kind": "planter"}}, {"type": "Feature", "geometry": {"type": "Point", "coordinates": [-95.35575577526976, 29.656836654387963]}, "properties": {"kind": "planter"}}, {"type": "Feature", "geometry": {"type": "Point", "coordinates": [-95.3559329, 29.656835550000004]}, "properties": {"kind": "planter"}}, {"type": "Feature", "geometry": {"type": "Point", "coordinates": [-95.35593420000001, 29.65687045]}, "properties": {"kind": "planter"}}, {"type": "Feature", "geometry": {"type": "Point", "coordinates": [-95.3559329, 29.656901949999998]}, "properties": {"kind": "planter"}}, {"type": "Feature", "geometry": {"type": "Point", "coordinates": [-95.35593507526977, 29.65693505438797]}, "properties": {"kind": "planter"}}, {"type": "Feature", "geometry": {"type": "Point", "coordinates": [-95.3558478, 29.65693575]}, "properties": {"kind": "planter"}}, {"type": "Feature", "geometry": {"type": "Point", "coordinates": [-95.35584564532495, 29.656837420350243]}, "properties": {"kind": "planter"}}, {"type": "Feature", "geometry": {"type": "Point", "coordinates": [-95.3841208, 29.7645421]}, "properties": {"kind": "drain"}}, {"type": "Feature", "geometry": {"type": "Point", "coordinates": [-95.30443056072058, 29.849730092268047]}, "properties": {"kind": "planter"}}, {"type": "Feature", "geometry": {"type": "Point", "coordinates": [-95.3044591, 29.8497048]}, "properties": {"kind": "planter"}}, {"type": "Feature", "geometry": {"type": "Point", "coordinates": [-95.30443576075866, 29.8496295044458]}, "properties": {"kind": "planter"}}, {"type": "Feature", "geometry": {"type": "Point", "coordinates": [-95.30439345000002, 29.84959495]}, "properties": {"kind": "planter"}}, {"type": "Feature", "geometry": {"type": "Point", "coordinates": [-95.30444165, 29.849556549999996]}, "properties": {"kind": "planter"}}, {"type": "Feature", "geometry": {"type": "Point", "coordinates": [-95.30447929581216, 29.849591935750688]}, "properties": {"kind": "planter"}}, {"type": "Feature", "geometry": {"type": "Point", "coordinates": [-95.30532800688094, 29.610649787388613]}, "properties": {"kind": "drain"}}, {"type": "Feature", "geometry": {"type": "Point", "coordinates": [-95.15682908382922, 29.818609730200382]}, "properties": {"kind": "stream"}}, {"type": "Feature", "geometry": {"type": "Point", "coordinates": [-95.15373500000001, 29.8191412]}, "properties": {"kind": "stream"}}, {"type": "Feature", "geometry": {"type": "Point", "coordinates": [-95.15410435000001, 29.81911915]}, "properties": {"kind": "stream"}}, {"type": "Feature", "geometry": {"type": "Point", "coordinates": [-95.15452115000001, 29.81909505]}, "properties": {"kind": "stream"}}, {"type": "Feature", "geometry": {"type": "Point", "coordinates": [-95.15887440095803, 29.829101086413576]}, "properties": {"kind": "stream"}}, {"type": "Feature", "geometry": {"type": "Point", "coordinates": [-95.1586018, 29.828491149999998]}, "properties": {"kind": "stream"}}, {"type": "Feature", "geometry": {"type": "Point", "coordinates": [-95.15399011581167, 29.648951222530243]}, "properties": {"kind": "stream"}}, {"type": "Feature", "geometry": {"type": "Point", "coordinates": [-95.20720421522412, 29.715667463469707]}, "properties": {"kind": "wastewater_plant"}}, {"type": "Feature", "geometry": {"type": "Point", "coordinates": [-95.20674188248447, 29.715669893361262]}, "properties": {"kind": "wastewater_plant"}}, {"type": "Feature", "geometry": {"type": "Point", "coordinates": [-95.20719412670202, 29.71526870521818]}, "properties": {"kind": "wastewater_plant"}}, {"type": "Feature", "geometry": {"type": "Point", "coordinates": [-95.20673997153358, 29.71526702140625]}, "properties": {"kind": "wastewater_plant"}}, {"type": "Feature", "geometry": {"type": "Point", "coordinates": [-95.37326245, 29.728789749999997]}, "properties": {"kind": "gantry"}}, {"type": "Feature", "geometry": {"type": "Point", "coordinates": [-95.372514, 29.728916650000002]}, "properties": {"kind": "gantry"}}, {"type": "Feature", "geometry": {"type": "Point", "coordinates": [-95.3697478, 29.734800899999996]}, "properties": {"kind": "gantry"}}, {"type": "Feature", "geometry": {"type": "Point", "coordinates": [-95.33156341603254, 29.69130271948387]}, "properties": {"kind": "drain"}}, {"type": "Feature", "geometry": {"type": "Point", "coordinates": [-95.32940018879017, 29.69403823043403]}, "properties": {"kind": "drain"}}, {"type": "Feature", "geometry": {"type": "Point", "coordinates": [-95.33024954999999, 29.69291175]}, "properties": {"kind": "drain"}}, {"type": "Feature", "geometry": {"type": "Point", "coordinates": [-95.3583543210621, 29.682494516178885]}, "properties": {"kind": "pipeline"}}, {"type": "Feature", "geometry": {"type": "Point", "coordinates": [-95.3293929, 29.693672949999996]}, "properties": {"kind": "pipeline"}}, {"type": "Feature", "geometry": {"type": "Point", "coordinates": [-95.28969809883883, 29.709936491390895]}, "properties": {"kind": "pipeline"}}, {"type": "Feature", "geometry": {"type": "Point", "coordinates": [-95.32938615, 29.69366485]}, "properties": {"kind": "pipeline"}}, {"type": "Feature", "geometry": {"type": "Point", "coordinates": [-95.32938919982696, 29.69366850015543]}, "properties": {"kind": "bridge"}}, {"type": "Feature", "geometry": {"type": "Point", "coordinates": [-95.33177414917934, 29.698440286793325]}, "properties": {"kind": "stream"}}, {"type": "Feature", "geometry": {"type": "Point", "coordinates": [-95.32733515, 29.69835585]}, "properties": {"kind": "stream"}}, {"type": "Feature", "geometry": {"type": "Point", "coordinates": [-95.1661392, 29.697228500000005]}, "properties": {"kind": "stream"}}, {"type": "Feature", "geometry": {"type": "Point", "coordinates": [-95.15749971921308, 29.69861720205527]}, "properties": {"kind": "stream"}}, {"type": "Feature", "geometry": {"type": "Point", "coordinates": [-95.1612361, 29.69885985]}, "properties": {"kind": "stream"}}, {"type": "Feature", "geometry": {"type": "Point", "coordinates": [-95.15949814999999, 29.6988412]}, "properties": {"kind": "stream"}}, {"type": "Feature", "geometry": {"type": "Point", "coordinates": [-95.22964544999999, 29.668098549999996]}, "properties": {"kind": "stream"}}, {"type": "Feature", "geometry": {"type": "Point", "coordinates": [-95.21996385, 29.6682633]}, "properties": {"kind": "stream"}}, {"type": "Feature", "geometry": {"type": "Point", "coordinates": [-95.22144109999999, 29.668237400000002]}, "properties": {"kind": "stream"}}, {"type": "Feature", "geometry": {"type": "Point", "coordinates": [-95.22370165, 29.668197700000004]}, "properties": {"kind": "stream"}}, {"type": "Feature", "geometry": {"type": "Point", "coordinates": [-95.22595705, 29.6681581]}, "properties": {"kind": "stream"}}, {"type": "Feature", "geometry": {"type": "Point", "coordinates": [-95.2264027, 29.668150300000004]}, "properties": {"kind": "stream"}}, {"type": "Feature", "geometry": {"type": "Point", "coordinates": [-95.2268483, 29.668142500000002]}, "properties": {"kind": "stream"}}, {"type": "Feature", "geometry": {"type": "Point", "coordinates": [-95.2273084, 29.6681344]}, "properties": {"kind": "stream"}}, {"type": "Feature", "geometry": {"type": "Point", "coordinates": [-95.22776855000001, 29.668126299999997]}, "properties": {"kind": "stream"}}, {"type": "Feature", "geometry": {"type": "Point", "coordinates": [-95.22827679387584, 29.668117911398202]}, "properties": {"kind": "stream"}}, {"type": "Feature", "geometry": {"type": "Point", "coordinates": [-95.22878504999998, 29.668110499999997]}, "properties": {"kind": "stream"}}, {"type": "Feature", "geometry": {"type": "Point", "coordinates": [-95.23135050488334, 29.668076870398686]}, "properties": {"kind": "stream"}}, {"type": "Feature", "geometry": {"type": "Point", "coordinates": [-95.23050585, 29.668086600000002]}, "properties": {"kind": "stream"}}, {"type": "Feature", "geometry": {"type": "Point", "coordinates": [-95.23302323190121, 29.817807391605356]}, "properties": {"kind": "stream"}}, {"type": "Feature", "geometry": {"type": "Point", "coordinates": [-95.23583210000001, 29.821670949999998]}, "properties": {"kind": "stream"}}, {"type": "Feature", "geometry": {"type": "Point", "coordinates": [-95.336021, 29.721462449999997]}, "properties": {"kind": "gantry"}}, {"type": "Feature", "geometry": {"type": "Point", "coordinates": [-95.16063986313432, 29.819663786424133]}, "properties": {"kind": "drain"}}, {"type": "Feature", "geometry": {"type": "Point", "coordinates": [-95.16087551124126, 29.8194443172726]}, "properties": {"kind": "drain"}}, {"type": "Feature", "geometry": {"type": "Point", "coordinates": [-95.15891308179522, 29.819515573498464]}, "properties": {"kind": "drain"}}, {"type": "Feature", "geometry": {"type": "Point", "coordinates": [-95.15795169330973, 29.82350322672902]}, "properties": {"kind": "wastewater_plant"}}, {"type": "Feature", "geometry": {"type": "Point", "coordinates": [-95.1609073192552, 29.829195384002375]}, "properties": {"kind": "drain"}}, {"type": "Feature", "geometry": {"type": "Point", "coordinates": [-95.1652862, 29.82995425]}, "properties": {"kind": "drain"}}, {"type": "Feature", "geometry": {"type": "Point", "coordinates": [-95.166699, 29.830230399999998]}, "properties": {"kind": "drain"}}, {"type": "Feature", "geometry": {"type": "Point", "coordinates": [-95.16632200000001, 29.8301567]}, "properties": {"kind": "drain"}}, {"type": "Feature", "geometry": {"type": "Point", "coordinates": [-95.38724694741855, 29.674987995146587]}, "properties": {"kind": "storage_tank"}}, {"type": "Feature", "geometry": {"type": "Point", "coordinates": [-95.23598695, 29.8218626]}, "properties": {"kind": "stream"}}, {"type": "Feature", "geometry": {"type": "Point", "coordinates": [-95.3675697931621, 29.78484409476424]}, "properties": {"kind": "river"}}, {"type": "Feature", "geometry": {"type": "Point", "coordinates": [-95.28849737469498, 29.77692722695137]}, "properties": {"kind": "storage_tank"}}, {"type": "Feature", "geometry": {"type": "Point", "coordinates": [-95.28339419667576, 29.799291012972002]}, "properties": {"kind": "storage_tank"}}, {"type": "Feature", "geometry": {"type": "Point", "coordinates": [-95.28347338803033, 29.799713413958823]}, "properties": {"kind": "storage_tank"}}, {"type": "Feature", "geometry": {"type": "Point", "coordinates": [-95.28229365190478, 29.799205891082565]}, "properties": {"kind": "storage_tank"}}, {"type": "Feature", "geometry": {"type": "Point", "coordinates": [-95.2823030931393, 29.798864289378013]}, "properties": {"kind": "storage_tank"}}, {"type": "Feature", "geometry": {"type": "Point", "coordinates": [-95.28265240860226, 29.79886893047112]}, "properties": {"kind": "storage_tank"}}, {"type": "Feature", "geometry": {"type": "Point", "coordinates": [-95.32214888952883, 29.762101147879918]}, "properties": {"kind": "storage_tank"}}, {"type": "Feature", "geometry": {"type": "Point", "coordinates": [-95.32258528952886, 29.761740347879925]}, "properties": {"kind": "storage_tank"}}, {"type": "Feature", "geometry": {"type": "Point", "coordinates": [-95.32220248952888, 29.761691947879935]}, "properties": {"kind": "storage_tank"}}, {"type": "Feature", "geometry": {"type": "Point", "coordinates": [-95.31788030285456, 29.762699364838024]}, "properties": {"kind": "storage_tank"}}, {"type": "Feature", "geometry": {"type": "Point", "coordinates": [-95.33426584821211, 29.72990230826754]}, "properties": {"kind": "storage_tank"}}, {"type": "Feature", "geometry": {"type": "Point", "coordinates": [-95.33772318278395, 29.73255386532078]}, "properties": {"kind": "storage_tank"}}, {"type": "Feature", "geometry": {"type": "Point", "coordinates": [-95.3210901885462, 29.751187874867334]}, "properties": {"kind": "storage_tank"}}, {"type": "Feature", "geometry": {"type": "Point", "coordinates": [-95.31500799711883, 29.748934512315824]}, "properties": {"kind": "storage_tank"}}, {"type": "Feature", "geometry": {"type": "Point", "coordinates": [-95.2677942421165, 29.773382115593893]}, "properties": {"kind": "storage_tank"}}, {"type": "Feature", "geometry": {"type": "Point", "coordinates": [-95.26736830357746, 29.77322353775359]}, "properties": {"kind": "storage_tank"}}, {"type": "Feature", "geometry": {"type": "Point", "coordinates": [-95.26771677494655, 29.773122244697365]}, "properties": {"kind": "storage_tank"}}, {"type": "Feature", "geometry": {"type": "Point", "coordinates": [-95.26771867494651, 29.77321524469736]}, "properties": {"kind": "storage_tank"}}, {"type": "Feature", "geometry": {"type": "Point", "coordinates": [-95.26771647494651, 29.773028144697363]}, "properties": {"kind": "storage_tank"}}, {"type": "Feature", "geometry": {"type": "Point", "coordinates": [-95.26788017494653, 29.77294324469736]}, "properties": {"kind": "storage_tank"}}, {"type": "Feature", "geometry": {"type": "Point", "coordinates": [-95.26735234226346, 29.772869411000872]}, "properties": {"kind": "storage_tank"}}, {"type": "Feature", "geometry": {"type": "Point", "coordinates": [-95.26768334226348, 29.772857811000875]}, "properties": {"kind": "storage_tank"}}, {"type": "Feature", "geometry": {"type": "Point", "coordinates": [-95.26963774512168, 29.77294731945083]}, "properties": {"kind": "storage_tank"}}, {"type": "Feature", "geometry": {"type": "Point", "coordinates": [-95.26938264512171, 29.77295011945083]}, "properties": {"kind": "storage_tank"}}, {"type": "Feature", "geometry": {"type": "Point", "coordinates": [-95.28900182895855, 29.745643935882683]}, "properties": {"kind": "storage_tank"}}, {"type": "Feature", "geometry": {"type": "Point", "coordinates": [-95.29028721792601, 29.746397189043396]}, "properties": {"kind": "storage_tank"}}, {"type": "Feature", "geometry": {"type": "Point", "coordinates": [-95.29030191792597, 29.746950489043392]}, "properties": {"kind": "storage_tank"}}, {"type": "Feature", "geometry": {"type": "Point", "coordinates": [-95.29151048867479, 29.74601321269761]}, "properties": {"kind": "storage_tank"}}, {"type": "Feature", "geometry": {"type": "Point", "coordinates": [-95.29120508867481, 29.74601681269761]}, "properties": {"kind": "storage_tank"}}, {"type": "Feature", "geometry": {"type": "Point", "coordinates": [-95.29119970910321, 29.74631705204521]}, "properties": {"kind": "storage_tank"}}, {"type": "Feature", "geometry": {"type": "Point", "coordinates": [-95.2866898643783, 29.743537057126716]}, "properties": {"kind": "storage_tank"}}, {"type": "Feature", "geometry": {"type": "Point", "coordinates": [-95.2861076643783, 29.743808457126722]}, "properties": {"kind": "storage_tank"}}, {"type": "Feature", "geometry": {"type": "Point", "coordinates": [-95.28603686437829, 29.743511157126726]}, "properties": {"kind": "storage_tank"}}, {"type": "Feature", "geometry": {"type": "Point", "coordinates": [-95.286378774294, 29.743532207512065]}, "properties": {"kind": "storage_tank"}}, {"type": "Feature", "geometry": {"type": "Point", "coordinates": [-95.28642879474084, 29.743776952821445]}, "properties": {"kind": "storage_tank"}}, {"type": "Feature", "geometry": {"type": "Point", "coordinates": [-95.28557039724157, 29.743134679393343]}, "properties": {"kind": "storage_tank"}}, {"type": "Feature", "geometry": {"type": "Point", "coordinates": [-95.28543259724155, 29.74313467939334]}, "properties": {"kind": "storage_tank"}}, {"type": "Feature", "geometry": {"type": "Point", "coordinates": [-95.28531849724155, 29.743138579393342]}, "properties": {"kind": "storage_tank"}}, {"type": "Feature", "geometry": {"type": "Point", "coordinates": [-95.28520439724154, 29.743136579393347]}, "properties": {"kind": "storage_tank"}}, {"type": "Feature", "geometry": {"type": "Point", "coordinates": [-95.28489609724156, 29.742901279393344]}, "properties": {"kind": "storage_tank"}}, {"type": "Feature", "geometry": {"type": "Point", "coordinates": [-95.28476959724156, 29.742902279393338]}, "properties": {"kind": "storage_tank"}}, {"type": "Feature", "geometry": {"type": "Point", "coordinates": [-95.28465099724154, 29.74290517939334]}, "properties": {"kind": "storage_tank"}}, {"type": "Feature", "geometry": {"type": "Point", "coordinates": [-95.28451769724154, 29.742910079393344]}, "properties": {"kind": "storage_tank"}}, {"type": "Feature", "geometry": {"type": "Point", "coordinates": [-95.28439689724155, 29.74291107939334]}, "properties": {"kind": "storage_tank"}}, {"type": "Feature", "geometry": {"type": "Point", "coordinates": [-95.28426359724155, 29.74291407939334]}, "properties": {"kind": "storage_tank"}}, {"type": "Feature", "geometry": {"type": "Point", "coordinates": [-95.28463859724154, 29.742773779393342]}, "properties": {"kind": "storage_tank"}}, {"type": "Feature", "geometry": {"type": "Point", "coordinates": [-95.28428834718726, 29.742762097072994]}, "properties": {"kind": "storage_tank"}}, {"type": "Feature", "geometry": {"type": "Point", "coordinates": [-95.28446684718726, 29.742762197072995]}, "properties": {"kind": "storage_tank"}}, {"type": "Feature", "geometry": {"type": "Point", "coordinates": [-95.28479434718729, 29.742753397072995]}, "properties": {"kind": "storage_tank"}}, {"type": "Feature", "geometry": {"type": "Point", "coordinates": [-95.28498184718725, 29.742751397072997]}, "properties": {"kind": "storage_tank"}}, {"type": "Feature", "geometry": {"type": "Point", "coordinates": [-95.28516594718728, 29.743000497072998]}, "properties": {"kind": "storage_tank"}}, {"type": "Feature", "geometry": {"type": "Point", "coordinates": [-95.28531164718726, 29.742993597072996]}, "properties": {"kind": "storage_tank"}}, {"type": "Feature", "geometry": {"type": "Point", "coordinates": [-95.28546184718726, 29.742994597072993]}, "properties": {"kind": "storage_tank"}}, {"type": "Feature", "geometry": {"type": "Point", "coordinates": [-95.28562114718727, 29.74299259707299]}, "properties": {"kind": "storage_tank"}}, {"type": "Feature", "geometry": {"type": "Point", "coordinates": [-95.28560588156084, 29.742847219956193]}, "properties": {"kind": "storage_tank"}}, {"type": "Feature", "geometry": {"type": "Point", "coordinates": [-95.28542678156084, 29.742850519956182]}, "properties": {"kind": "storage_tank"}}, {"type": "Feature", "geometry": {"type": "Point", "coordinates": [-95.28528788156082, 29.742736719956184]}, "properties": {"kind": "storage_tank"}}, {"type": "Feature", "geometry": {"type": "Point", "coordinates": [-95.28501942528813, 29.742879918520543]}, "properties": {"kind": "storage_tank"}}, {"type": "Feature", "geometry": {"type": "Point", "coordinates": [-95.28352674053092, 29.795478741900567]}, "properties": {"kind": "storage_tank"}}, {"type": "Feature", "geometry": {"type": "Point", "coordinates": [-95.27438548435427, 29.84520514883112]}, "properties": {"kind": "clarifier"}}, {"type": "Feature", "geometry": {"type": "Point", "coordinates": [-95.27404054103003, 29.844934055634173]}, "properties": {"kind": "clarifier"}}, {"type": "Feature", "geometry": {"type": "Point", "coordinates": [-95.27373103913831, 29.84465523127268]}, "properties": {"kind": "clarifier"}}, {"type": "Feature", "geometry": {"type": "Point", "coordinates": [-95.27332111188285, 29.84457329446563]}, "properties": {"kind": "clarifier"}}, {"type": "Feature", "geometry": {"type": "Point", "coordinates": [-95.27465335000001, 29.84485635]}, "properties": {"kind": "oxidation_ditch"}}, {"type": "Feature", "geometry": {"type": "Point", "coordinates": [-95.27528968662558, 29.844971313209186]}, "properties": {"kind": "storage_tank"}}, {"type": "Feature", "geometry": {"type": "Point", "coordinates": [-95.2753266567133, 29.84494001017634]}, "properties": {"kind": "storage_tank"}}, {"type": "Feature", "geometry": {"type": "Point", "coordinates": [-95.27542409157127, 29.844906931853526]}, "properties": {"kind": "storage_tank"}}, {"type": "Feature", "geometry": {"type": "Point", "coordinates": [-95.27534244435951, 29.84488412972501]}, "properties": {"kind": "storage_tank"}}, {"type": "Feature", "geometry": {"type": "Point", "coordinates": [-95.27539285252706, 29.84487121824129]}, "properties": {"kind": "storage_tank"}}, {"type": "Feature", "geometry": {"type": "Point", "coordinates": [-95.2754238953601, 29.844844381360975]}, "properties": {"kind": "storage_tank"}}, {"type": "Feature", "geometry": {"type": "Point", "coordinates": [-95.29138948257803, 29.748898321899016]}, "properties": {"kind": "pier"}}, {"type": "Feature", "geometry": {"type": "Point", "coordinates": [-95.28675250160549, 29.647524679569727]}, "properties": {"kind": "storage_tank"}}, {"type": "Feature", "geometry": {"type": "Point", "coordinates": [-95.1968966706354, 29.729739653660967]}, "properties": {"kind": "stream"}}, {"type": "Feature", "geometry": {"type": "Point", "coordinates": [-95.19216904780508, 29.725560536682163]}, "properties": {"kind": "stream"}}, {"type": "Feature", "geometry": {"type": "Point", "coordinates": [-95.19541054999999, 29.72604965]}, "properties": {"kind": "stream"}}, {"type": "Feature", "geometry": {"type": "Point", "coordinates": [-95.201494869261, 29.734907031358254]}, "properties": {"kind": "stream"}}, {"type": "Feature", "geometry": {"type": "Point", "coordinates": [-95.19784759999999, 29.733582650000002]}, "properties": {"kind": "stream"}}, {"type": "Feature", "geometry": {"type": "Point", "coordinates": [-95.1579635645357, 29.67016015893645]}, "properties": {"kind": "river"}}, {"type": "Feature", "geometry": {"type": "Point", "coordinates": [-95.15737315000003, 29.66980485]}, "properties": {"kind": "river"}}, {"type": "Feature", "geometry": {"type": "Point", "coordinates": [-95.22672193597873, 29.64833473801276]}, "properties": {"kind": "ditch"}}, {"type": "Feature", "geometry": {"type": "Point", "coordinates": [-95.25803292921256, 29.671295024417716]}, "properties": {"kind": "stream"}}, {"type": "Feature", "geometry": {"type": "Point", "coordinates": [-95.26307458021905, 29.65992087785994]}, "properties": {"kind": "stream"}}, {"type": "Feature", "geometry": {"type": "Point", "coordinates": [-95.2496940287882, 29.684480892830006]}, "properties": {"kind": "stream"}}, {"type": "Feature", "geometry": {"type": "Point", "coordinates": [-95.25302075, 29.6829959]}, "properties": {"kind": "stream"}}, {"type": "Feature", "geometry": {"type": "Point", "coordinates": [-95.29108677947933, 29.692047564899326]}, "properties": {"kind": "stream"}}, {"type": "Feature", "geometry": {"type": "Point", "coordinates": [-95.2860842, 29.694607050000002]}, "properties": {"kind": "stream"}}, {"type": "Feature", "geometry": {"type": "Point", "coordinates": [-95.29814934761846, 29.68915833433796]}, "properties": {"kind": "stream"}}, {"type": "Feature", "geometry": {"type": "Point", "coordinates": [-95.29571845000001, 29.69033735]}, "properties": {"kind": "stream"}}, {"type": "Feature", "geometry": {"type": "Point", "coordinates": [-95.29626215648662, 29.68995797721959]}, "properties": {"kind": "stream"}}, {"type": "Feature", "geometry": {"type": "Point", "coordinates": [-95.2968046, 29.6895892]}, "properties": {"kind": "stream"}}, {"type": "Feature", "geometry": {"type": "Point", "coordinates": [-95.29723154331846, 29.68935566339753]}, "properties": {"kind": "stream"}}, {"type": "Feature", "geometry": {"type": "Point", "coordinates": [-95.29768874999999, 29.689229949999998]}, "properties": {"kind": "stream"}}, {"type": "Feature", "geometry": {"type": "Point", "coordinates": [-95.28312104032267, 29.69585875208543]}, "properties": {"kind": "stream"}}, {"type": "Feature", "geometry": {"type": "Point", "coordinates": [-95.28056515, 29.69580875]}, "properties": {"kind": "stream"}}, {"type": "Feature", "geometry": {"type": "Point", "coordinates": [-95.2798820391496, 29.69655117014247]}, "properties": {"kind": "stream"}}, {"type": "Feature", "geometry": {"type": "Point", "coordinates": [-95.2779711514191, 29.697468723705363]}, "properties": {"kind": "stream"}}, {"type": "Feature", "geometry": {"type": "Point", "coordinates": [-95.29076194660163, 29.671655852523898]}, "properties": {"kind": "stream"}}, {"type": "Feature", "geometry": {"type": "Point", "coordinates": [-95.29066585000001, 29.673089199999996]}, "properties": {"kind": "stream"}}, {"type": "Feature", "geometry": {"type": "Point", "coordinates": [-95.2905799, 29.673024650000002]}, "properties": {"kind": "stream"}}, {"type": "Feature", "geometry": {"type": "Point", "coordinates": [-95.29556546039962, 29.664646952981787]}, "properties": {"kind": "stream"}}, {"type": "Feature", "geometry": {"type": "Point", "coordinates": [-95.29540149424174, 29.66401873744778]}, "properties": {"kind": "stream"}}, {"type": "Feature", "geometry": {"type": "Point", "coordinates": [-95.2955858386636, 29.66457668071022]}, "properties": {"kind": "stream"}}, {"type": "Feature", "geometry": {"type": "Point", "coordinates": [-95.29553185, 29.66439285]}, "properties": {"kind": "stream"}}, {"type": "Feature", "geometry": {"type": "Point", "coordinates": [-95.29551445, 29.66433575]}, "properties": {"kind": "stream"}}, {"type": "Feature", "geometry": {"type": "Point", "coordinates": [-95.29549705, 29.66428155]}, "properties": {"kind": "stream"}}, {"type": "Feature", "geometry": {"type": "Point", "coordinates": [-95.29548243994218, 29.664218926464148]}, "properties": {"kind": "stream"}}, {"type": "Feature", "geometry": {"type": "Point", "coordinates": [-95.29548804999999, 29.6641528]}, "properties": {"kind": "stream"}}, {"type": "Feature", "geometry": {"type": "Point", "coordinates": [-95.29524380000001, 29.6639856]}, "properties": {"kind": "stream"}}, {"type": "Feature", "geometry": {"type": "Point", "coordinates": [-95.29525799999999, 29.66394755]}, "properties": {"kind": "stream"}}, {"type": "Feature", "geometry": {"type": "Point", "coordinates": [-95.29553221081333, 29.66294113998088]}, "properties": {"kind": "stream"}}, {"type": "Feature", "geometry": {"type": "Point", "coordinates": [-95.30784731227625, 29.65181784216399]}, "properties": {"kind": "stream"}}, {"type": "Feature", "geometry": {"type": "Point", "coordinates": [-95.30197513235642, 29.63439910764089]}, "properties": {"kind": "stream"}}, {"type": "Feature", "geometry": {"type": "Point", "coordinates": [-95.30439804676341, 29.63253478247103]}, "properties": {"kind": "stream"}}, {"type": "Feature", "geometry": {"type": "Point", "coordinates": [-95.30520615, 29.635925200000003]}, "properties": {"kind": "stream"}}, {"type": "Feature", "geometry": {"type": "Point", "coordinates": [-95.29480794745818, 29.659198979477438]}, "properties": {"kind": "stream"}}, {"type": "Feature", "geometry": {"type": "Point", "coordinates": [-95.30450795450858, 29.633701140758212]}, "properties": {"kind": "stream"}}, {"type": "Feature", "geometry": {"type": "Point", "coordinates": [-95.30378590000001, 29.6335017]}, "properties": {"kind": "stream"}}, {"type": "Feature", "geometry": {"type": "Point", "coordinates": [-95.31736845, 29.632215199999997]}, "properties": {"kind": "stream"}}, {"type": "Feature", "geometry": {"type": "Point", "coordinates": [-95.31736345, 29.63443575]}, "properties": {"kind": "stream"}}, {"type": "Feature", "geometry": {"type": "Point", "coordinates": [-95.3173644887591, 29.650025203315856]}, "properties": {"kind": "stream"}}, {"type": "Feature", "geometry": {"type": "Point", "coordinates": [-95.3172753, 29.6478094]}, "properties": {"kind": "stream"}}, {"type": "Feature", "geometry": {"type": "Point", "coordinates": [-95.31723392929987, 29.645599626391085]}, "properties": {"kind": "stream"}}, {"type": "Feature", "geometry": {"type": "Point", "coordinates": [-95.3171684, 29.6433663]}, "properties": {"kind": "stream"}}, {"type": "Feature", "geometry": {"type": "Point", "coordinates": [-95.31724958947326, 29.636655476492063]}, "properties": {"kind": "stream"}}, {"type": "Feature", "geometry": {"type": "Point", "coordinates": [-95.31714925, 29.63887955]}, "properties": {"kind": "stream"}}, {"type": "Feature", "geometry": {"type": "Point", "coordinates": [-95.25539845282458, 29.618925946746945]}, "properties": {"kind": "ditch"}}, {"type": "Feature", "geometry": {"type": "Point", "coordinates": [-95.29423129003017, 29.698980660996753]}, "properties": {"kind": "stream"}}, {"type": "Feature", "geometry": {"type": "Point", "coordinates": [-95.29938307864491, 29.699221946852273]}, "properties": {"kind": "stream"}}, {"type": "Feature", "geometry": {"type": "Point", "coordinates": [-95.3050336, 29.698463099999998]}, "properties": {"kind": "stream"}}, {"type": "Feature", "geometry": {"type": "Point", "coordinates": [-95.30477155, 29.698382900000002]}, "properties": {"kind": "stream"}}, {"type": "Feature", "geometry": {"type": "Point", "coordinates": [-95.30306529986841, 29.69822880851055]}, "properties": {"kind": "stream"}}, {"type": "Feature", "geometry": {"type": "Point", "coordinates": [-95.301579, 29.698939000000003]}, "properties": {"kind": "stream"}}, {"type": "Feature", "geometry": {"type": "Point", "coordinates": [-95.30138965, 29.699143499999998]}, "properties": {"kind": "stream"}}, {"type": "Feature", "geometry": {"type": "Point", "coordinates": [-95.32502910169946, 29.762967601970303]}, "properties": {"kind": "stream"}}, {"type": "Feature", "geometry": {"type": "Point", "coordinates": [-95.33293274711649, 29.773515930618135]}, "properties": {"kind": "stream"}}, {"type": "Feature", "geometry": {"type": "Point", "coordinates": [-95.33153334265224, 29.767770961640394]}, "properties": {"kind": "stream"}}, {"type": "Feature", "geometry": {"type": "Point", "coordinates": [-95.33164825, 29.7700869]}, "properties": {"kind": "stream"}}, {"type": "Feature", "geometry": {"type": "Point", "coordinates": [-95.33171805, 29.7702911]}, "properties": {"kind": "stream"}}, {"type": "Feature", "geometry": {"type": "Point", "coordinates": [-95.3319259, 29.770782500000003]}, "properties": {"kind": "stream"}}, {"type": "Feature", "geometry": {"type": "Point", "coordinates": [-95.33228334921897, 29.77181180052464]}, "properties": {"kind": "stream"}}, {"type": "Feature", "geometry": {"type": "Point", "coordinates": [-95.33231500000001, 29.772573299999998]}, "properties": {"kind": "stream"}}, {"type": "Feature", "geometry": {"type": "Point", "coordinates": [-95.33473275738612, 29.77466032566059]}, "properties": {"kind": "stream"}}, {"type": "Feature", "geometry": {"type": "Point", "coordinates": [-95.33388275, 29.774041500000003]}, "properties": {"kind": "stream"}}, {"type": "Feature", "geometry": {"type": "Point", "coordinates": [-95.3342848, 29.77426945]}, "properties": {"kind": "stream"}}, {"type": "Feature", "geometry": {"type": "Point", "coordinates": [-95.33406656664262, 29.774130732485723]}, "properties": {"kind": "stream"}}, {"type": "Feature", "geometry": {"type": "Point", "coordinates": [-95.33531638211295, 29.775298054984876]}, "properties": {"kind": "stream"}}, {"type": "Feature", "geometry": {"type": "Point", "coordinates": [-95.33502840000001, 29.7750892]}, "properties": {"kind": "stream"}}, {"type": "Feature", "geometry": {"type": "Point", "coordinates": [-95.33166720775982, 29.76971765995282]}, "properties": {"kind": "stream"}}, {"type": "Feature", "geometry": {"type": "Point", "coordinates": [-95.33176130000001, 29.76937565]}, "properties": {"kind": "stream"}}, {"type": "Feature", "geometry": {"type": "Point", "coordinates": [-95.15098413594362, 29.726976527182703]}, "properties": {"kind": "stream"}}, {"type": "Feature", "geometry": {"type": "Point", "coordinates": [-95.15074072618877, 29.721651999221102]}, "properties": {"kind": "stream"}}, {"type": "Feature", "geometry": {"type": "Point", "coordinates": [-95.1508935, 29.722422249999997]}, "properties": {"kind": "stream"}}, {"type": "Feature", "geometry": {"type": "Point", "coordinates": [-95.1509005, 29.722898799999996]}, "properties": {"kind": "stream"}}, {"type": "Feature", "geometry": {"type": "Point", "coordinates": [-95.15091215, 29.723277]}, "properties": {"kind": "stream"}}, {"type": "Feature", "geometry": {"type": "Point", "coordinates": [-95.1509192, 29.723443250000003]}, "properties": {"kind": "stream"}}, {"type": "Feature", "geometry": {"type": "Point", "coordinates": [-95.15093089999999, 29.72360395]}, "properties": {"kind": "stream"}}, {"type": "Feature", "geometry": {"type": "Point", "coordinates": [-95.1509414, 29.724193]}, "properties": {"kind": "stream"}}, {"type": "Feature", "geometry": {"type": "Point", "coordinates": [-95.15094719999999, 29.724749099999997]}, "properties": {"kind": "stream"}}, {"type": "Feature", "geometry": {"type": "Point", "coordinates": [-95.15095715, 29.725306]}, "properties": {"kind": "stream"}}, {"type": "Feature", "geometry": {"type": "Point", "coordinates": [-95.15097180000001, 29.726243099999998]}, "properties": {"kind": "stream"}}, {"type": "Feature", "geometry": {"type": "Point", "coordinates": [-95.1510059293982, 29.728214800281545]}, "properties": {"kind": "stream"}}, {"type": "Feature", "geometry": {"type": "Point", "coordinates": [-95.15099845, 29.7276994]}, "properties": {"kind": "stream"}}, {"type": "Feature", "geometry": {"type": "Point", "coordinates": [-95.15092195, 29.7264078]}, "properties": {"kind": "stream"}}, {"type": "Feature", "geometry": {"type": "Point", "coordinates": [-95.31316801276175, 29.73216986374386]}, "properties": {"kind": "stream"}}, {"type": "Feature", "geometry": {"type": "Point", "coordinates": [-95.34734158757351, 29.772112905050168]}, "properties": {"kind": "works"}}, {"type": "Feature", "geometry": {"type": "Point", "coordinates": [-95.33502050154802, 29.76009370609785]}, "properties": {"kind": "chimney"}}, {"type": "Feature", "geometry": {"type": "Point", "coordinates": [-95.3349195341165, 29.760220702650695]}, "properties": {"kind": "chimney"}}, {"type": "Feature", "geometry": {"type": "Point", "coordinates": [-95.34063219355423, 29.76049534410165]}, "properties": {"kind": "silo"}}, {"type": "Feature", "geometry": {"type": "Point", "coordinates": [-95.34057785978032, 29.76057104550543]}, "properties": {"kind": "silo"}}, {"type": "Feature", "geometry": {"type": "Point", "coordinates": [-95.34051886890578, 29.760646691156932]}, "properties": {"kind": "silo"}}, {"type": "Feature", "geometry": {"type": "Point", "coordinates": [-95.34046246902139, 29.760720841085853]}, "properties": {"kind": "silo"}}, {"type": "Feature", "geometry": {"type": "Point", "coordinates": [-95.24658224648205, 29.646643035959897]}, "properties": {"kind": "stream"}}, {"type": "Feature", "geometry": {"type": "Point", "coordinates": [-95.24669357693536, 29.64997326534869]}, "properties": {"kind": "stream"}}, {"type": "Feature", "geometry": {"type": "Point", "coordinates": [-95.38596302562208, 29.773942969421768]}, "properties": {"kind": "storage_tank"}}, {"type": "Feature", "geometry": {"type": "Point", "coordinates": [-95.19284314164675, 29.8430330771054]}, "properties": {"kind": "silo"}}, {"type": "Feature", "geometry": {"type": "Point", "coordinates": [-95.19284254931307, 29.842981172872356]}, "properties": {"kind": "silo"}}, {"type": "Feature", "geometry": {"type": "Point", "coordinates": [-95.1928433451295, 29.842941718187532]}, "properties": {"kind": "silo"}}, {"type": "Feature", "geometry": {"type": "Point", "coordinates": [-95.19309010841593, 29.845264217821185]}, "properties": {"kind": "ditch"}}, {"type": "Feature", "geometry": {"type": "Point", "coordinates": [-95.19287460344624, 29.841570394209437]}, "properties": {"kind": "silo"}}, {"type": "Feature", "geometry": {"type": "Point", "coordinates": [-95.1924112898604, 29.844324999245593]}, "properties": {"kind": "silo"}}, {"type": "Feature", "geometry": {"type": "Point", "coordinates": [-95.19236830215085, 29.844328256636036]}, "properties": {"kind": "silo"}}, {"type": "Feature", "geometry": {"type": "Point", "coordinates": [-95.18765187084819, 29.8406024169833]}, "properties": {"kind": "storage_tank"}}, {"type": "Feature", "geometry": {"type": "Point", "coordinates": [-95.18772731052559, 29.840525061352587]}, "properties": {"kind": "storage_tank"}}, {"type": "Feature", "geometry": {"type": "Point", "coordinates": [-95.17840681114377, 29.84552047260938]}, "properties": {"kind": "storage_tank"}}, {"type": "Feature", "geometry": {"type": "Point", "coordinates": [-95.37789109989276, 29.819409717197573]}, "properties": {"kind": "bridge"}}, {"type": "Feature", "geometry": {"type": "Point", "coordinates": [-95.38321395284645, 29.819384820615912]}, "properties": {"kind": "bridge"}}, {"type": "Feature", "geometry": {"type": "Point", "coordinates": [-95.38373861821253, 29.82861931840204]}, "properties": {"kind": "bridge"}}, {"type": "Feature", "geometry": {"type": "Point", "coordinates": [-95.26232615, 29.692453399999998]}, "properties": {"kind": "pipeline"}}, {"type": "Feature", "geometry": {"type": "Point", "coordinates": [-95.2621417, 29.692590449999997]}, "properties": {"kind": "pipeline"}}, {"type": "Feature", "geometry": {"type": "Point", "coordinates": [-95.26554725, 29.69591985]}, "properties": {"kind": "pipeline"}}, {"type": "Feature", "geometry": {"type": "Point", "coordinates": [-95.23550828286237, 29.66950731746439]}, "properties": {"kind": "wastewater_plant"}}, {"type": "Feature", "geometry": {"type": "Point", "coordinates": [-95.29823404962255, 29.665851272283614]}, "properties": {"kind": "pumping_station"}}, {"type": "Feature", "geometry": {"type": "Point", "coordinates": [-95.15891589454789, 29.727122567171353]}, "properties": {"kind": "storage_tank"}}, {"type": "Feature", "geometry": {"type": "Point", "coordinates": [-95.15891455188526, 29.726605492379367]}, "properties": {"kind": "storage_tank"}}, {"type": "Feature", "geometry": {"type": "Point", "coordinates": [-95.15891455188526, 29.726075592379367]}, "properties": {"kind": "storage_tank"}}, {"type": "Feature", "geometry": {"type": "Point", "coordinates": [-95.15891321574782, 29.725558496978824]}, "properties": {"kind": "storage_tank"}}, {"type": "Feature", "geometry": {"type": "Point", "coordinates": [-95.15891991107729, 29.725036733346773]}, "properties": {"kind": "storage_tank"}}, {"type": "Feature", "geometry": {"type": "Point", "coordinates": [-95.15891856877667, 29.724519616517302]}, "properties": {"kind": "storage_tank"}}, {"type": "Feature", "geometry": {"type": "Point", "coordinates": [-95.15832581685036, 29.725035575403105]}, "properties": {"kind": "storage_tank"}}, {"type": "Feature", "geometry": {"type": "Point", "coordinates": [-95.15832446543392, 29.724518465124795]}, "properties": {"kind": "storage_tank"}}, {"type": "Feature", "geometry": {"type": "Point", "coordinates": [-95.15832313743373, 29.72608490593172]}, "properties": {"kind": "storage_tank"}}, {"type": "Feature", "geometry": {"type": "Point", "coordinates": [-95.15832178606331, 29.72556779561274]}, "properties": {"kind": "storage_tank"}}, {"type": "Feature", "geometry": {"type": "Point", "coordinates": [-95.15831843456606, 29.726593834875207]}, "properties": {"kind": "storage_tank"}}, {"type": "Feature", "geometry": {"type": "Point", "coordinates": [-95.15831976349249, 29.727110902376147]}, "properties": {"kind": "storage_tank"}}, {"type": "Feature", "geometry": {"type": "Point", "coordinates": [-95.15836296613507, 29.731465708493218]}, "properties": {"kind": "storage_tank"}}, {"type": "Feature", "geometry": {"type": "Point", "coordinates": [-95.15897556256664, 29.734142594068118]}, "properties": {"kind": "storage_tank"}}, {"type": "Feature", "geometry": {"type": "Point", "coordinates": [-95.15838013220103, 29.734135612193445]}, "properties": {"kind": "storage_tank"}}, {"type": "Feature", "geometry": {"type": "Point", "coordinates": [-95.15838816477822, 29.733629022885296]}, "properties": {"kind": "storage_tank"}}, {"type": "Feature", "geometry": {"type": "Point", "coordinates": [-95.1589782482437, 29.733623207172677]}, "properties": {"kind": "storage_tank"}}, {"type": "Feature", "geometry": {"type": "Point", "coordinates": [-95.15838280430107, 29.73310150466613]}, "properties": {"kind": "storage_tank"}}, {"type": "Feature", "geometry": {"type": "Point", "coordinates": [-95.15898898436416, 29.73310730993277]}, "properties": {"kind": "storage_tank"}}, {"type": "Feature", "geometry": {"type": "Point", "coordinates": [-95.1583801289772, 29.73259142274141]}, "properties": {"kind": "storage_tank"}}, {"type": "Feature", "geometry": {"type": "Point", "coordinates": [-95.15898362574677, 29.73258911556833]}, "properties": {"kind": "storage_tank"}}, {"type": "Feature", "geometry": {"type": "Point", "coordinates": [-95.16021206074551, 29.730534801464703]}, "properties": {"kind": "storage_tank"}}, {"type": "Feature", "geometry": {"type": "Point", "coordinates": [-95.16020402751916, 29.73106239041229]}, "properties": {"kind": "storage_tank"}}, {"type": "Feature", "geometry": {"type": "Point", "coordinates": [-95.16079814474125, 29.731065888813944]}, "properties": {"kind": "storage_tank"}}, {"type": "Feature", "geometry": {"type": "Point", "coordinates": [-95.16020269036409, 29.731577100278745]}, "properties": {"kind": "storage_tank"}}, {"type": "Feature", "geometry": {"type": "Point", "coordinates": [-95.16079411226337, 29.731575946934328]}, "properties": {"kind": "storage_tank"}}, {"type": "Feature", "geometry": {"type": "Point", "coordinates": [-95.16021341290617, 29.73209418916232]}, "properties": {"kind": "storage_tank"}}, {"type": "Feature", "geometry": {"type": "Point", "coordinates": [-95.1608075236194, 29.732100002885744]}, "properties": {"kind": "storage_tank"}}, {"type": "Feature", "geometry": {"type": "Point", "coordinates": [-95.16079815006047, 29.733134108693317]}, "properties": {"kind": "storage_tank"}}, {"type": "Feature", "geometry": {"type": "Point", "coordinates": [-95.16020805429105, 29.7331341046541]}, "properties": {"kind": "storage_tank"}}, {"type": "Feature", "geometry": {"type": "Point", "coordinates": [-95.16020535565919, 29.732613561181697]}, "properties": {"kind": "storage_tank"}}, {"type": "Feature", "geometry": {"type": "Point", "coordinates": [-95.16079755422655, 29.73261350487806]}, "properties": {"kind": "storage_tank"}}, {"type": "Feature", "geometry": {"type": "Point", "coordinates": [-95.22142141836869, 29.727727569936008]}, "properties": {"kind": "storage_tank"}}, {"type": "Feature", "geometry": {"type": "Point", "coordinates": [-95.22199518824853, 29.727718858393064]}, "properties": {"kind": "storage_tank"}}, {"type": "Feature", "geometry": {"type": "Point", "coordinates": [-95.22245274492228, 29.72713770576663]}, "properties": {"kind": "storage_tank"}}, {"type": "Feature", "geometry": {"type": "Point", "coordinates": [-95.22251845084807, 29.72645759223662]}, "properties": {"kind": "storage_tank"}}, {"type": "Feature", "geometry": {"type": "Point", "coordinates": [-95.22198200514723, 29.726762702841235]}, "properties": {"kind": "storage_tank"}}, {"type": "Feature", "geometry": {"type": "Point", "coordinates": [-95.22159575406467, 29.726329474714007]}, "properties": {"kind": "storage_tank"}}, {"type": "Feature", "geometry": {"type": "Point", "coordinates": [-95.22141982570238, 29.72701745453361]}, "properties": {"kind": "storage_tank"}}, {"type": "Feature", "geometry": {"type": "Point", "coordinates": [-95.2193963494463, 29.72894631722799]}, "properties": {"kind": "storage_tank"}}, {"type": "Feature", "geometry": {"type": "Point", "coordinates": [-95.21938831430103, 29.72838499267603]}, "properties": {"kind": "storage_tank"}}, {"type": "Feature", "geometry": {"type": "Point", "coordinates": [-95.21936955000001, 29.727838800000004]}, "properties": {"kind": "storage_tank"}}, {"type": "Feature", "geometry": {"type": "Point", "coordinates": [-95.21855279457404, 29.728968467186412]}, "properties": {"kind": "storage_tank"}}, {"type": "Feature", "geometry": {"type": "Point", "coordinates": [-95.21793053449498, 29.728974278722436]}, "properties": {"kind": "storage_tank"}}, {"type": "Feature", "geometry": {"type": "Point", "coordinates": [-95.21790235084805, 29.727869092236617]}, "properties": {"kind": "storage_tank"}}, {"type": "Feature", "geometry": {"type": "Point", "coordinates": [-95.21853535649213, 29.727863274053604]}, "properties": {"kind": "storage_tank"}}, {"type": "Feature", "geometry": {"type": "Point", "coordinates": [-95.21791845000004, 29.728424600000004]}, "properties": {"kind": "storage_tank"}}, {"type": "Feature", "geometry": {"type": "Point", "coordinates": [-95.21853966456895, 29.7284108304668]}, "properties": {"kind": "storage_tank"}}, {"type": "Feature", "geometry": {"type": "Point", "coordinates": [-95.22050987626396, 29.72659327241977]}, "properties": {"kind": "storage_tank"}}, {"type": "Feature", "geometry": {"type": "Point", "coordinates": [-95.22000293720627, 29.72654840584339]}, "properties": {"kind": "storage_tank"}}, {"type": "Feature", "geometry": {"type": "Point", "coordinates": [-95.21950159054654, 29.726505387989423]}, "properties": {"kind": "storage_tank"}}, {"type": "Feature", "geometry": {"type": "Point", "coordinates": [-95.21778838808544, 29.726387698752827]}, "properties": {"kind": "storage_tank"}}, {"type": "Feature", "geometry": {"type": "Point", "coordinates": [-95.21838249938975, 29.726445924330488]}, "properties": {"kind": "storage_tank"}}, {"type": "Feature", "geometry": {"type": "Point", "coordinates": [-95.21896990353136, 29.72648901038135]}, "properties": {"kind": "storage_tank"}}, {"type": "Feature", "geometry": {"type": "Point", "coordinates": [-95.21774140675286, 29.72690246298432]}, "properties": {"kind": "storage_tank"}}, {"type": "Feature", "geometry": {"type": "Point", "coordinates": [-95.21833149889856, 29.726954869114333]}, "properties": {"kind": "storage_tank"}}, {"type": "Feature", "geometry": {"type": "Point", "coordinates": [-95.21891315, 29.7270084]}, "properties": {"kind": "storage_tank"}}, {"type": "Feature", "geometry": {"type": "Point", "coordinates": [-95.17221323003534, 29.715504307919087]}, "properties": {"kind": "storage_tank"}}, {"type": "Feature", "geometry": {"type": "Point", "coordinates": [-95.17375118900262, 29.71555470143405]}, "properties": {"kind": "storage_tank"}}, {"type": "Feature", "geometry": {"type": "Point", "coordinates": [-95.1666510770041, 29.70076199929544]}, "properties": {"kind": "storage_tank"}}, {"type": "Feature", "geometry": {"type": "Point", "coordinates": [-95.29623567964536, 29.627709804886923]}, "properties": {"kind": "storage_tank"}}, {"type": "Feature", "geometry": {"type": "Point", "coordinates": [-95.2963887, 29.627704799999997]}, "properties": {"kind": "storage_tank"}}, {"type": "Feature", "geometry": {"type": "Point", "coordinates": [-95.29643999483237, 29.627703175231463]}, "properties": {"kind": "storage_tank"}}, {"type": "Feature", "geometry": {"type": "Point", "coordinates": [-95.29659295575058, 29.62770337390711]}, "properties": {"kind": "storage_tank"}}, {"type": "Feature", "geometry": {"type": "Point", "coordinates": [-95.29571581452421, 29.63097983688816]}, "properties": {"kind": "storage_tank"}}, {"type": "Feature", "geometry": {"type": "Point", "coordinates": [-95.3102283425, 29.75353860309216]}, "properties": {"kind": "storage_tank"}}, {"type": "Feature", "geometry": {"type": "Point", "coordinates": [-95.30898869273203, 29.75315569652753]}, "properties": {"kind": "storage_tank"}}, {"type": "Feature", "geometry": {"type": "Point", "coordinates": [-95.2691186049611, 29.77344792461901]}, "properties": {"kind": "cooling_tower"}}, {"type": "Feature", "geometry": {"type": "Point", "coordinates": [-95.27018561730078, 29.773057176440556]}, "properties": {"kind": "silo"}}, {"type": "Feature", "geometry": {"type": "Point", "coordinates": [-95.27000639729484, 29.773961968594893]}, "properties": {"kind": "storage_tank"}}, {"type": "Feature", "geometry": {"type": "Point", "coordinates": [-95.27000040872802, 29.77426482354038]}, "properties": {"kind": "storage_tank"}}, {"type": "Feature", "geometry": {"type": "Point", "coordinates": [-95.27006903871683, 29.77395772434532]}, "properties": {"kind": "storage_tank"}}, {"type": "Feature", "geometry": {"type": "Point", "coordinates": [-95.27006526544876, 29.774087727911354]}, "properties": {"kind": "storage_tank"}}, {"type": "Feature", "geometry": {"type": "Point", "coordinates": [-95.27015006957794, 29.773964563672877]}, "properties": {"kind": "storage_tank"}}, {"type": "Feature", "geometry": {"type": "Point", "coordinates": [-95.27023256713697, 29.773961932595704]}, "properties": {"kind": "storage_tank"}}, {"type": "Feature", "geometry": {"type": "Point", "coordinates": [-95.26780560084653, 29.773051010097188]}, "properties": {"kind": "storage_tank"}}, {"type": "Feature", "geometry": {"type": "Point", "coordinates": [-95.2673538156259, 29.77299416811852]}, "properties": {"kind": "storage_tank"}}, {"type": "Feature", "geometry": {"type": "Point", "coordinates": [-95.26728593284551, 29.77299356918334]}, "properties": {"kind": "storage_tank"}}, {"type": "Feature", "geometry": {"type": "Point", "coordinates": [-95.26721403361532, 29.772997635770828]}, "properties": {"kind": "storage_tank"}}, {"type": "Feature", "geometry": {"type": "Point", "coordinates": [-95.2694200141557, 29.772671768834517]}, "properties": {"kind": "storage_tank"}}, {"type": "Feature", "geometry": {"type": "Point", "coordinates": [-95.26941711415567, 29.77261686883451]}, "properties": {"kind": "storage_tank"}}, {"type": "Feature", "geometry": {"type": "Point", "coordinates": [-95.2693419141557, 29.772620168834514]}, "properties": {"kind": "storage_tank"}}, {"type": "Feature", "geometry": {"type": "Point", "coordinates": [-95.26933801415568, 29.77267206883451]}, "properties": {"kind": "storage_tank"}}, {"type": "Feature", "geometry": {"type": "Point", "coordinates": [-95.26782192825908, 29.77320313933974]}, "properties": {"kind": "storage_tank"}}, {"type": "Feature", "geometry": {"type": "Point", "coordinates": [-95.36867765, 29.777750699999995]}, "properties": {"kind": "drain"}}, {"type": "Feature", "geometry": {"type": "Point", "coordinates": [-95.36860304999999, 29.777858799999997]}, "properties": {"kind": "drain"}}, {"type": "Feature", "geometry": {"type": "Point", "coordinates": [-95.3685681, 29.7779012]}, "properties": {"kind": "drain"}}, {"type": "Feature", "geometry": {"type": "Point", "coordinates": [-95.3390613, 29.762055]}, "properties": {"kind": "drain"}}, {"type": "Feature", "geometry": {"type": "Point", "coordinates": [-95.26583099999999, 29.72625785]}, "properties": {"kind": "street_cabinet"}}, {"type": "Feature", "geometry": {"type": "Point", "coordinates": [-95.34331474999999, 29.77376945]}, "properties": {"kind": "drain"}}, {"type": "Feature", "geometry": {"type": "Point", "coordinates": [-95.26333466934825, 29.643914125710264]}, "properties": {"kind": "wastewater_plant"}}, {"type": "Feature", "geometry": {"type": "Point", "coordinates": [-95.38550583830879, 29.777383918945365]}, "properties": {"kind": "drain"}}, {"type": "Feature", "geometry": {"type": "Point", "coordinates": [-95.32753087648287, 29.760365872436832]}, "properties": {"kind": "stream"}}, {"type": "Feature", "geometry": {"type": "Point", "coordinates": [-95.37396328843701, 29.81931466963273]}, "properties": {"kind": "bridge"}}, {"type": "Feature", "geometry": {"type": "Point", "coordinates": [-95.37550900419551, 29.81401213837964]}, "properties": {"kind": "bridge"}}, {"type": "Feature", "geometry": {"type": "Point", "coordinates": [-95.2823062179768, 29.655151811911104]}, "properties": {"kind": "storage_tank"}}, {"type": "Feature", "geometry": {"type": "Point", "coordinates": [-95.28260798202322, 29.65540698808889]}, "properties": {"kind": "storage_tank"}}, {"type": "Feature", "geometry": {"type": "Point", "coordinates": [-95.2829192820232, 29.655665288088894]}, "properties": {"kind": "storage_tank"}}, {"type": "Feature", "geometry": {"type": "Point", "coordinates": [-95.2824939833822, 29.65476252217187]}, "properties": {"kind": "storage_tank"}}, {"type": "Feature", "geometry": {"type": "Point", "coordinates": [-95.28268575227996, 29.654759015924228]}, "properties": {"kind": "storage_tank"}}, {"type": "Feature", "geometry": {"type": "Point", "coordinates": [-95.28289050529126, 29.654755402667274]}, "properties": {"kind": "storage_tank"}}, {"type": "Feature", "geometry": {"type": "Point", "coordinates": [-95.22637835647062, 29.84677089630124]}, "properties": {"kind": "stream"}}, {"type": "Feature", "geometry": {"type": "Point", "coordinates": [-95.19499351060234, 29.845882709238186]}, "properties": {"kind": "drain"}}, {"type": "Feature", "geometry": {"type": "Point", "coordinates": [-95.1984568, 29.847851150000004]}, "properties": {"kind": "drain"}}, {"type": "Feature", "geometry": {"type": "Point", "coordinates": [-95.20245861910793, 29.847812025812118]}, "properties": {"kind": "drain"}}, {"type": "Feature", "geometry": {"type": "Point", "coordinates": [-95.20649069999999, 29.847760999999995]}, "properties": {"kind": "drain"}}, {"type": "Feature", "geometry": {"type": "Point", "coordinates": [-95.20844435, 29.8477402]}, "properties": {"kind": "drain"}}, {"type": "Feature", "geometry": {"type": "Point", "coordinates": [-95.21037515, 29.84771945]}, "properties": {"kind": "drain"}}, {"type": "Feature", "geometry": {"type": "Point", "coordinates": [-95.27683206582053, 29.635597854355797]}, "properties": {"kind": "ditch"}}, {"type": "Feature", "geometry": {"type": "Point", "coordinates": [-95.27674189999999, 29.6353488]}, "properties": {"kind": "ditch"}}, {"type": "Feature", "geometry": {"type": "Point", "coordinates": [-95.27738420733267, 29.636219632365723]}, "properties": {"kind": "ditch"}}, {"type": "Feature", "geometry": {"type": "Point", "coordinates": [-95.27686574999998, 29.63577495]}, "properties": {"kind": "ditch"}}, {"type": "Feature", "geometry": {"type": "Point", "coordinates": [-95.27700036576915, 29.63585988276281]}, "properties": {"kind": "ditch"}}, {"type": "Feature", "geometry": {"type": "Point", "coordinates": [-95.27724025, 29.6358552]}, "properties": {"kind": "ditch"}}, {"type": "Feature", "geometry": {"type": "Point", "coordinates": [-95.24640145000001, 29.63456245]}, "properties": {"kind": "ditch"}}, {"type": "Feature", "geometry": {"type": "Point", "coordinates": [-95.2471357, 29.634521849999995]}, "properties": {"kind": "ditch"}}, {"type": "Feature", "geometry": {"type": "Point", "coordinates": [-95.24761585, 29.634517950000003]}, "properties": {"kind": "ditch"}}, {"type": "Feature", "geometry": {"type": "Point", "coordinates": [-95.24897496894212, 29.634504452646457]}, "properties": {"kind": "ditch"}}, {"type": "Feature", "geometry": {"type": "Point", "coordinates": [-95.25023205, 29.63444325]}, "properties": {"kind": "ditch"}}, {"type": "Feature", "geometry": {"type": "Point", "coordinates": [-95.25055135, 29.6344395]}, "properties": {"kind": "ditch"}}, {"type": "Feature", "geometry": {"type": "Point", "coordinates": [-95.2509486, 29.634435150000005]}, "properties": {"kind": "ditch"}}, {"type": "Feature", "geometry": {"type": "Point", "coordinates": [-95.2508459, 29.6344365]}, "properties": {"kind": "ditch"}}, {"type": "Feature", "geometry": {"type": "Point", "coordinates": [-95.250895, 29.6344362]}, "properties": {"kind": "ditch"}}, {"type": "Feature", "geometry": {"type": "Point", "coordinates": [-95.25150880000001, 29.634428550000003]}, "properties": {"kind": "ditch"}}, {"type": "Feature", "geometry": {"type": "Point", "coordinates": [-95.25206955, 29.6344223]}, "properties": {"kind": "ditch"}}, {"type": "Feature", "geometry": {"type": "Point", "coordinates": [-95.26129629718903, 29.63439051109448]}, "properties": {"kind": "ditch"}}, {"type": "Feature", "geometry": {"type": "Point", "coordinates": [-95.25996724999999, 29.634399199999994]}, "properties": {"kind": "ditch"}}, {"type": "Feature", "geometry": {"type": "Point", "coordinates": [-95.26348715776531, 29.634373357497903]}, "properties": {"kind": "drain"}}, {"type": "Feature", "geometry": {"type": "Point", "coordinates": [-95.2819532, 29.63451135]}, "properties": {"kind": "drain"}}, {"type": "Feature", "geometry": {"type": "Point", "coordinates": [-95.28038699999999, 29.634540350000005]}, "properties": {"kind": "drain"}}, {"type": "Feature", "geometry": {"type": "Point", "coordinates": [-95.28241748473212, 29.638621574879057]}, "properties": {"kind": "drain"}}, {"type": "Feature", "geometry": {"type": "Point", "coordinates": [-95.28183655000001, 29.639121000000003]}, "properties": {"kind": "drain"}}, {"type": "Feature", "geometry": {"type": "Point", "coordinates": [-95.28329865849214, 29.635935295166078]}, "properties": {"kind": "drain"}}, {"type": "Feature", "geometry": {"type": "Point", "coordinates": [-95.28512381252865, 29.63531718630923]}, "properties": {"kind": "drain"}}, {"type": "Feature", "geometry": {"type": "Point", "coordinates": [-95.2843434, 29.63581075]}, "properties": {"kind": "drain"}}, {"type": "Feature", "geometry": {"type": "Point", "coordinates": [-95.28277234999999, 29.63669085]}, "properties": {"kind": "drain"}}, {"type": "Feature", "geometry": {"type": "Point", "coordinates": [-95.28281665, 29.636369099999996]}, "properties": {"kind": "drain"}}, {"type": "Feature", "geometry": {"type": "Point", "coordinates": [-95.15768857453949, 29.71006139976833]}, "properties": {"kind": "drain"}}, {"type": "Feature", "geometry": {"type": "Point", "coordinates": [-95.16360215, 29.6972591]}, "properties": {"kind": "stream"}}, {"type": "Feature", "geometry": {"type": "Point", "coordinates": [-95.16443255, 29.697252300000002]}, "properties": {"kind": "stream"}}, {"type": "Feature", "geometry": {"type": "Point", "coordinates": [-95.16948135, 29.69718485]}, "properties": {"kind": "stream"}}, {"type": "Feature", "geometry": {"type": "Point", "coordinates": [-95.1678427, 29.69720475]}, "properties": {"kind": "stream"}}, {"type": "Feature", "geometry": {"type": "Point", "coordinates": [-95.19517085000001, 29.72567465]}, "properties": {"kind": "stream"}}, {"type": "Feature", "geometry": {"type": "Point", "coordinates": [-95.19376492943941, 29.72592184333917]}, "properties": {"kind": "stream"}}, {"type": "Feature", "geometry": {"type": "Point", "coordinates": [-95.19209359999999, 29.72608365]}, "properties": {"kind": "stream"}}, {"type": "Feature", "geometry": {"type": "Point", "coordinates": [-95.19127405, 29.726300600000005]}, "properties": {"kind": "stream"}}, {"type": "Feature", "geometry": {"type": "Point", "coordinates": [-95.1510167, 29.72891085]}, "properties": {"kind": "stream"}}, {"type": "Feature", "geometry": {"type": "Point", "coordinates": [-95.15101365000001, 29.72874195]}, "properties": {"kind": "stream"}}, {"type": "Feature", "geometry": {"type": "Point", "coordinates": [-95.1537605, 29.732810100000002]}, "properties": {"kind": "drain"}}, {"type": "Feature", "geometry": {"type": "Point", "coordinates": [-95.15262870000001, 29.735515100000004]}, "properties": {"kind": "drain"}}, {"type": "Feature", "geometry": {"type": "Point", "coordinates": [-95.15363264999999, 29.734409649999996]}, "properties": {"kind": "drain"}}, {"type": "Feature", "geometry": {"type": "Point", "coordinates": [-95.15349520770805, 29.72734524500309]}, "properties": {"kind": "drain"}}, {"type": "Feature", "geometry": {"type": "Point", "coordinates": [-95.15350795, 29.73404015]}, "properties": {"kind": "drain"}}, {"type": "Feature", "geometry": {"type": "Point", "coordinates": [-95.15350760000001, 29.73270905]}, "properties": {"kind": "drain"}}, {"type": "Feature", "geometry": {"type": "Point", "coordinates": [-95.1534963, 29.731579449999998]}, "properties": {"kind": "drain"}}, {"type": "Feature", "geometry": {"type": "Point", "coordinates": [-95.15096865000001, 29.726041700000003]}, "properties": {"kind": "stream"}}, {"type": "Feature", "geometry": {"type": "Point", "coordinates": [-95.15096569999999, 29.72585385]}, "properties": {"kind": "stream"}}, {"type": "Feature", "geometry": {"type": "Point", "coordinates": [-95.15085605, 29.7277791]}, "properties": {"kind": "drain"}}, {"type": "Feature", "geometry": {"type": "Point", "coordinates": [-95.15073425, 29.7277725]}, "properties": {"kind": "drain"}}, {"type": "Feature", "geometry": {"type": "Point", "coordinates": [-95.15097425, 29.72778]}, "properties": {"kind": "drain"}}, {"type": "Feature", "geometry": {"type": "Point", "coordinates": [-95.15770288507913, 29.733609865817332]}, "properties": {"kind": "drain"}}, {"type": "Feature", "geometry": {"type": "Point", "coordinates": [-95.15612235, 29.737500599999994]}, "properties": {"kind": "drain"}}, {"type": "Feature", "geometry": {"type": "Point", "coordinates": [-95.15726025000001, 29.736243299999998]}, "properties": {"kind": "drain"}}, {"type": "Feature", "geometry": {"type": "Point", "coordinates": [-95.15769765, 29.7281235]}, "properties": {"kind": "drain"}}, {"type": "Feature", "geometry": {"type": "Point", "coordinates": [-95.15769750000001, 29.7285211]}, "properties": {"kind": "drain"}}, {"type": "Feature", "geometry": {"type": "Point", "coordinates": [-95.15769840588153, 29.72890769195238]}, "properties": {"kind": "drain"}}, {"type": "Feature", "geometry": {"type": "Point", "coordinates": [-95.15769900000001, 29.729329599999996]}, "properties": {"kind": "drain"}}, {"type": "Feature", "geometry": {"type": "Point", "coordinates": [-95.1577021, 29.72998835]}, "properties": {"kind": "drain"}}, {"type": "Feature", "geometry": {"type": "Point", "coordinates": [-95.1577023, 29.730698699999998]}, "properties": {"kind": "drain"}}, {"type": "Feature", "geometry": {"type": "Point", "coordinates": [-95.1577006, 29.731099800000003]}, "properties": {"kind": "drain"}}, {"type": "Feature", "geometry": {"type": "Point", "coordinates": [-95.15770119999999, 29.7313879]}, "properties": {"kind": "drain"}}, {"type": "Feature", "geometry": {"type": "Point", "coordinates": [-95.15088895, 29.722112]}, "properties": {"kind": "stream"}}, {"type": "Feature", "geometry": {"type": "Point", "coordinates": [-95.1508695, 29.721956900000006]}, "properties": {"kind": "stream"}}, {"type": "Feature", "geometry": {"type": "Point", "coordinates": [-95.38541201747014, 29.77026174194979]}, "properties": {"kind": "storage_tank"}}, {"type": "Feature", "geometry": {"type": "Point", "coordinates": [-95.19800615112283, 29.80364185138414]}, "properties": {"kind": "drain"}}, {"type": "Feature", "geometry": {"type": "Point", "coordinates": [-95.19211938689288, 29.80425072109296]}, "properties": {"kind": "drain"}}, {"type": "Feature", "geometry": {"type": "Point", "coordinates": [-95.18963325000001, 29.8032306]}, "properties": {"kind": "ditch"}}, {"type": "Feature", "geometry": {"type": "Point", "coordinates": [-95.19064245891671, 29.802956598888784]}, "properties": {"kind": "ditch"}}, {"type": "Feature", "geometry": {"type": "Point", "coordinates": [-95.16362275, 29.829624250000002]}, "properties": {"kind": "drain"}}, {"type": "Feature", "geometry": {"type": "Point", "coordinates": [-95.15834545000001, 29.8191197]}, "properties": {"kind": "drain"}}, {"type": "Feature", "geometry": {"type": "Point", "coordinates": [-95.15854375, 29.8193305]}, "properties": {"kind": "drain"}}, {"type": "Feature", "geometry": {"type": "Point", "coordinates": [-95.15072774999999, 29.62263075]}, "properties": {"kind": "drain"}}, {"type": "Feature", "geometry": {"type": "Point", "coordinates": [-95.15040755000001, 29.6226433]}, "properties": {"kind": "drain"}}, {"type": "Feature", "geometry": {"type": "Point", "coordinates": [-95.15397987225234, 29.612868172485978]}, "properties": {"kind": "drain"}}, {"type": "Feature", "geometry": {"type": "Point", "coordinates": [-95.31274406196353, 29.77618672881557]}, "properties": {"kind": "storage_tank"}}, {"type": "Feature", "geometry": {"type": "Point", "coordinates": [-95.21982838932064, 29.820810058225366]}, "properties": {"kind": "industrial"}}, {"type": "Feature", "geometry": {"type": "Point", "coordinates": [-95.36374859437299, 29.721517226864655]}, "properties": {"kind": "grass"}}, {"type": "Feature", "geometry": {"type": "Point", "coordinates": [-95.34668180014985, 29.649373392872707]}, "properties": {"kind": "residential"}}, {"type": "Feature", "geometry": {"type": "Point", "coordinates": [-95.28125166884413, 29.69378725568513]}, "properties": {"kind": "residential"}}, {"type": "Feature", "geometry": {"type": "Point", "coordinates": [-95.15453811049625, 29.793205008855168]}, "properties": {"kind": "residential"}}]}