{"type": "FeatureCollection", "features": [{"type": "Feature", "geometry": {"type": "Point", "coordinates": [55.0385177, 25.0205164]}, "properties": {"kind": "light_minor"}}, {"type": "Feature", "geometry": {"type": "Point", "coordinates": [55.073968, 25.017553600000003]}, "properties": {"kind": "light_minor"}}, {"type": "Feature", "geometry": {"type": "Point", "coordinates": [55.0754486, 25.020792]}, "properties": {"kind": "light_minor"}}, {"type": "Feature", "geometry": {"type": "Point", "coordinates": [55.081459100000004, 25.0325995]}, "properties": {"kind": "light_minor"}}, {"type": "Feature", "geometry": {"type": "Point", "coordinates": [55.082545, 25.031992900000002]}, "properties": {"kind": "beacon_special_purpose"}}, {"type": "Feature", "geometry": {"type": "Point", "coordinates": [55.122142100000005, 25.0685857]}, "properties": {"kind": "light_minor"}}, {"type": "Feature", "geometry": {"type": "Point", "coordinates": [55.1974041, 25.1550316]}, "properties": {"kind": "beacon_lateral"}}, {"type": "Feature", "geometry": {"type": "Point", "coordinates": [55.215023300000006, 25.176424500000003]}, "properties": {"kind": "light_minor"}}, {"type": "Feature", "geometry": {"type": "Point", "coordinates": [55.2373089, 25.204843]}, "properties": {"kind": "beacon_lateral"}}, {"type": "Feature", "geometry": {"type": "Point", "coordinates": [55.244182300000006, 25.2131538]}, "properties": {"kind": "beacon_lateral"}}, {"type": "Feature", "geometry": {"type": "Point", "coordinates": [55.2444751, 25.2102772]}, "properties": {"kind": "harbour"}}, {"type": "Feature", "geometry": {"type": "Point", "coordinates": [55.0613328, 24.991523800000003]}, "properties": {"kind": "crane"}}, {"type": "Feature", "geometry": {"type": "Point", "coordinates": [55.0615499, 24.9917091]}, "properties": {"kind": "crane"}}, {"type": "Feature", "geometry": {"type": "Point", "coordinates": [55.0618477, 24.9919684]}, "properties": {"kind": "crane"}}, {"type": "Feature", "geometry": {"type": "Point", "coordinates": [55.0621506, 24.9922304]}, "properties": {"kind": "crane"}}, {"type": "Feature", "geometry": {"type": "Point", "coordinates": [55.062499700000004, 24.9925365]}, "properties": {"kind": "crane"}}, {"type": "Feature", "geometry": {"type": "Point", "coordinates": [55.126691400000006, 25.0481382]}, "properties": {"kind": "wastewater_plant"}}, {"type": "Feature", "geometry": {"type": "Point", "coordinates": [55.2492321, 25.065896300000002]}, "properties": {"kind": "tower"}}, {"type": "Feature", "geometry": {"type": "Point", "coordinates": [55.264750600000006, 25.149023300000003]}, "properties": {"kind": "tower"}}, {"type": "Feature", "geometry": {"type": "Point", "coordinates": [55.190272, 25.063176400000003]}, "properties": {"kind": "water_well"}}, {"type": "Feature", "geometry": {"type": "Point", "coordinates": [55.18134070000001, 25.061685500000003]}, "properties": {"kind": "water_well"}}, {"type": "Feature", "geometry": {"type": "Point", "coordinates": [55.183847, 25.0618465]}, "properties": {"kind": "water_well"}}, {"type": "Feature", "geometry": {"type": "Point", "coordinates": [55.1691458, 25.086462400000002]}, "properties": {"kind": "water_well"}}, {"type": "Feature", "geometry": {"type": "Point", "coordinates": [55.2043745, 25.101944600000003]}, "properties": {"kind": "water_well"}}, {"type": "Feature", "geometry": {"type": "Point", "coordinates": [55.2012768, 25.102000200000003]}, "properties": {"kind": "water_well"}}, {"type": "Feature", "geometry": {"type": "Point", "coordinates": [55.082790700000004, 25.0036014]}, "properties": {"kind": "tower"}}, {"type": "Feature", "geometry": {"type": "Point", "coordinates": [55.1057903, 25.0471648]}, "properties": {"kind": "chimney"}}, {"type": "Feature", "geometry": {"type": "Point", "coordinates": [55.1046886, 25.0460403]}, "properties": {"kind": "chimney"}}, {"type": "Feature", "geometry": {"type": "Point", "coordinates": [55.103879000000006, 25.045184600000002]}, "properties": {"kind": "chimney"}}, {"type": "Feature", "geometry": {"type": "Point", "coordinates": [55.10359570000001, 25.045490200000003]}, "properties": {"kind": "chimney"}}, {"type": "Feature", "geometry": {"type": "Point", "coordinates": [55.1035145, 25.0448276]}, "properties": {"kind": "chimney"}}, {"type": "Feature", "geometry": {"type": "Point", "coordinates": [55.1032476, 25.045136600000003]}, "properties": {"kind": "chimney"}}, {"type": "Feature", "geometry": {"type": "Point", "coordinates": [55.1047821, 25.0467149]}, "properties": {"kind": "chimney"}}, {"type": "Feature", "geometry": {"type": "Point", "coordinates": [55.1043966, 25.046372400000003]}, "properties": {"kind": "chimney"}}, {"type": "Feature", "geometry": {"type": "Point", "coordinates": [55.1061239, 25.0475342]}, "properties": {"kind": "chimney"}}, {"type": "Feature", "geometry": {"type": "Point", "coordinates": [55.105812500000006, 25.047762600000002]}, "properties": {"kind": "chimney"}}, {"type": "Feature", "geometry": {"type": "Point", "coordinates": [55.105449300000004, 25.047399900000002]}, "properties": {"kind": "chimney"}}, {"type": "Feature", "geometry": {"type": "Point", "coordinates": [55.1059033, 25.0495029]}, "properties": {"kind": "chimney"}}, {"type": "Feature", "geometry": {"type": "Point", "coordinates": [55.1061064, 25.049380300000003]}, "properties": {"kind": "chimney"}}, {"type": "Feature", "geometry": {"type": "Point", "coordinates": [55.105066400000005, 25.0464254]}, "properties": {"kind": "chimney"}}, {"type": "Feature", "geometry": {"type": "Point", "coordinates": [55.117690100000004, 25.0594281]}, "properties": {"kind": "chimney"}}, {"type": "Feature", "geometry": {"type": "Point", "coordinates": [55.1174211, 25.059131200000003]}, "properties": {"kind": "chimney"}}, {"type": "Feature", "geometry": {"type": "Point", "coordinates": [55.11794930000001, 25.0596895]}, "properties": {"kind": "chimney"}}, {"type": "Feature", "geometry": {"type": "Point", "coordinates": [55.118389500000006, 25.0615768]}, "properties": {"kind": "chimney"}}, {"type": "Feature", "geometry": {"type": "Point", "coordinates": [55.117739, 25.058936300000003]}, "properties": {"kind": "chimney"}}, {"type": "Feature", "geometry": {"type": "Point", "coordinates": [55.1179738, 25.0592021]}, "properties": {"kind": "chimney"}}, {"type": "Feature", "geometry": {"type": "Point", "coordinates": [55.118232600000006, 25.0594588]}, "properties": {"kind": "chimney"}}, {"type": "Feature", "geometry": {"type": "Point", "coordinates": [55.118570500000004, 25.061404000000003]}, "properties": {"kind": "chimney"}}, {"type": "Feature", "geometry": {"type": "Point", "coordinates": [55.1183406, 25.0611338]}, "properties": {"kind": "chimney"}}, {"type": "Feature", "geometry": {"type": "Point", "coordinates": [55.118130300000004, 25.0612977]}, "properties": {"kind": "chimney"}}, {"type": "Feature", "geometry": {"type": "Point", "coordinates": [55.11927480000001, 25.062454000000002]}, "properties": {"kind": "chimney"}}, {"type": "Feature", "geometry": {"type": "Point", "coordinates": [55.12309380000001, 25.064053100000002]}, "properties": {"kind": "chimney"}}, {"type": "Feature", "geometry": {"type": "Point", "coordinates": [55.123285200000005, 25.064243400000002]}, "properties": {"kind": "chimney"}}, {"type": "Feature", "geometry": {"type": "Point", "coordinates": [55.1234814, 25.064438000000003]}, "properties": {"kind": "chimney"}}, {"type": "Feature", "geometry": {"type": "Point", "coordinates": [55.123654200000004, 25.0643196]}, "properties": {"kind": "chimney"}}, {"type": "Feature", "geometry": {"type": "Point", "coordinates": [55.123444000000006, 25.0641038]}, "properties": {"kind": "chimney"}}, {"type": "Feature", "geometry": {"type": "Point", "coordinates": [55.1232759, 25.063905000000002]}, "properties": {"kind": "chimney"}}, {"type": "Feature", "geometry": {"type": "Point", "coordinates": [55.1222532, 25.065423600000003]}, "properties": {"kind": "chimney"}}, {"type": "Feature", "geometry": {"type": "Point", "coordinates": [55.122421300000006, 25.0655971]}, "properties": {"kind": "chimney"}}, {"type": "Feature", "geometry": {"type": "Point", "coordinates": [55.1225754, 25.0657621]}, "properties": {"kind": "chimney"}}, {"type": "Feature", "geometry": {"type": "Point", "coordinates": [55.1228276, 25.066185100000002]}, "properties": {"kind": "chimney"}}, {"type": "Feature", "geometry": {"type": "Point", "coordinates": [55.122967700000004, 25.0663501]}, "properties": {"kind": "chimney"}}, {"type": "Feature", "geometry": {"type": "Point", "coordinates": [55.123126500000005, 25.0665023]}, "properties": {"kind": "chimney"}}, {"type": "Feature", "geometry": {"type": "Point", "coordinates": [55.1232899, 25.0666927]}, "properties": {"kind": "chimney"}}, {"type": "Feature", "geometry": {"type": "Point", "coordinates": [55.1234674, 25.066853400000003]}, "properties": {"kind": "chimney"}}, {"type": "Feature", "geometry": {"type": "Point", "coordinates": [55.1197127, 25.062894]}, "properties": {"kind": "chimney"}}, {"type": "Feature", "geometry": {"type": "Point", "coordinates": [55.1194885, 25.062674]}, "properties": {"kind": "chimney"}}, {"type": "Feature", "geometry": {"type": "Point", "coordinates": [55.1198248, 25.062813600000002]}, "properties": {"kind": "chimney"}}, {"type": "Feature", "geometry": {"type": "Point", "coordinates": [55.1196099, 25.0625894]}, "properties": {"kind": "chimney"}}, {"type": "Feature", "geometry": {"type": "Point", "coordinates": [55.1193624, 25.0623609]}, "properties": {"kind": "chimney"}}, {"type": "Feature", "geometry": {"type": "Point", "coordinates": [55.1235982, 25.062795700000002]}, "properties": {"kind": "chimney"}}, {"type": "Feature", "geometry": {"type": "Point", "coordinates": [55.1225869, 25.062244600000003]}, "properties": {"kind": "chimney"}}, {"type": "Feature", "geometry": {"type": "Point", "coordinates": [55.115123000000004, 25.0560885]}, "properties": {"kind": "chimney"}}, {"type": "Feature", "geometry": {"type": "Point", "coordinates": [55.115284100000004, 25.0562477]}, "properties": {"kind": "chimney"}}, {"type": "Feature", "geometry": {"type": "Point", "coordinates": [55.115503800000006, 25.0564998]}, "properties": {"kind": "chimney"}}, {"type": "Feature", "geometry": {"type": "Point", "coordinates": [55.115664900000006, 25.0566679]}, "properties": {"kind": "chimney"}}, {"type": "Feature", "geometry": {"type": "Point", "coordinates": [55.115826000000006, 25.0565131]}, "properties": {"kind": "chimney"}}, {"type": "Feature", "geometry": {"type": "Point", "coordinates": [55.115298800000005, 25.055969100000002]}, "properties": {"kind": "chimney"}}, {"type": "Feature", "geometry": {"type": "Point", "coordinates": [55.1154452, 25.0561195]}, "properties": {"kind": "chimney"}}, {"type": "Feature", "geometry": {"type": "Point", "coordinates": [55.1156796, 25.056367100000003]}, "properties": {"kind": "chimney"}}, {"type": "Feature", "geometry": {"type": "Point", "coordinates": [55.114102700000004, 25.0550935]}, "properties": {"kind": "chimney"}}, {"type": "Feature", "geometry": {"type": "Point", "coordinates": [55.114278500000005, 25.054956400000002]}, "properties": {"kind": "chimney"}}, {"type": "Feature", "geometry": {"type": "Point", "coordinates": [55.11131030000001, 25.052431100000003]}, "properties": {"kind": "chimney"}}, {"type": "Feature", "geometry": {"type": "Point", "coordinates": [55.111632500000006, 25.052187800000002]}, "properties": {"kind": "chimney"}}, {"type": "Feature", "geometry": {"type": "Point", "coordinates": [55.1110662, 25.0521746]}, "properties": {"kind": "chimney"}}, {"type": "Feature", "geometry": {"type": "Point", "coordinates": [55.111398200000004, 25.0519092]}, "properties": {"kind": "chimney"}}, {"type": "Feature", "geometry": {"type": "Point", "coordinates": [55.110787900000005, 25.0518827]}, "properties": {"kind": "chimney"}}, {"type": "Feature", "geometry": {"type": "Point", "coordinates": [55.111105300000006, 25.051630600000003]}, "properties": {"kind": "chimney"}}, {"type": "Feature", "geometry": {"type": "Point", "coordinates": [55.1101777, 25.051272400000002]}, "properties": {"kind": "chimney"}}, {"type": "Feature", "geometry": {"type": "Point", "coordinates": [55.110451100000006, 25.0510468]}, "properties": {"kind": "chimney"}}, {"type": "Feature", "geometry": {"type": "Point", "coordinates": [55.1098994, 25.050998200000002]}, "properties": {"kind": "chimney"}}, {"type": "Feature", "geometry": {"type": "Point", "coordinates": [55.1101777, 25.0507682]}, "properties": {"kind": "chimney"}}, {"type": "Feature", "geometry": {"type": "Point", "coordinates": [55.1090305, 25.050087100000002]}, "properties": {"kind": "chimney"}}, {"type": "Feature", "geometry": {"type": "Point", "coordinates": [55.1093234, 25.049879200000003]}, "properties": {"kind": "chimney"}}, {"type": "Feature", "geometry": {"type": "Point", "coordinates": [55.108771700000005, 25.049812900000003]}, "properties": {"kind": "chimney"}}, {"type": "Feature", "geometry": {"type": "Point", "coordinates": [55.1090354, 25.0496006]}, "properties": {"kind": "chimney"}}, {"type": "Feature", "geometry": {"type": "Point", "coordinates": [55.1106471, 25.046435300000002]}, "properties": {"kind": "silo"}}, {"type": "Feature", "geometry": {"type": "Point", "coordinates": [55.1201013, 25.063279100000003]}, "properties": {"kind": "chimney"}}, {"type": "Feature", "geometry": {"type": "Point", "coordinates": [55.1199383, 25.063110400000003]}, "properties": {"kind": "chimney"}}, {"type": "Feature", "geometry": {"type": "Point", "coordinates": [55.157231100000004, 25.069705600000002]}, "properties": {"kind": "water_well"}}, {"type": "Feature", "geometry": {"type": "Point", "coordinates": [55.237709, 25.040442600000002]}, "properties": {"kind": "tower"}}, {"type": "Feature", "geometry": {"type": "Point", "coordinates": [55.2630324, 25.1882342]}, "properties": {"kind": "tower"}}, {"type": "Feature", "geometry": {"type": "Point", "coordinates": [55.024205200000004, 24.961355400000002]}, "properties": {"kind": "tower"}}, {"type": "Feature", "geometry": {"type": "Point", "coordinates": [55.2274535, 25.0887576]}, "properties": {"kind": "tower"}}, {"type": "Feature", "geometry": {"type": "Point", "coordinates": [55.23112020000001, 25.096644400000002]}, "properties": {"kind": "tower"}}, {"type": "Feature", "geometry": {"type": "Point", "coordinates": [55.1611764, 25.0012824]}, "properties": {"kind": "lock_gate"}}, {"type": "Feature", "geometry": {"type": "Point", "coordinates": [55.12447100000001, 25.0509205]}, "properties": {"kind": "street_cabinet"}}, {"type": "Feature", "geometry": {"type": "Point", "coordinates": [55.1250427, 25.0505421]}, "properties": {"kind": "street_cabinet"}}, {"type": "Feature", "geometry": {"type": "Point", "coordinates": [55.135631000000004, 25.0531571]}, "properties": {"kind": "street_cabinet"}}, {"type": "Feature", "geometry": {"type": "Point", "coordinates": [55.1354277, 25.053102900000003]}, "properties": {"kind": "street_cabinet"}}, {"type": "Feature", "geometry": {"type": "Point", "coordinates": [55.1266277, 25.051874100000003]}, "properties": {"kind": "street_cabinet"}}, {"type": "Feature", "geometry": {"type": "Point", "coordinates": [55.122738600000005, 25.0527474]}, "properties": {"kind": "street_cabinet"}}, {"type": "Feature", "geometry": {"type": "Point", "coordinates": [55.257919400000006, 25.1542469]}, "properties": {"kind": "tower"}}, {"type": "Feature", "geometry": {"type": "Point", "coordinates": [55.1966812, 24.9806619]}, "properties": {"kind": "chimney"}}, {"type": "Feature", "geometry": {"type": "Point", "coordinates": [55.134945, 25.0749625]}, "properties": {"kind": "yes"}}, {"type": "Feature", "geometry": {"type": "Point", "coordinates": [55.14008200000001, 25.0778408]}, "properties": {"kind": "yes"}}, {"type": "Feature", "geometry": {"type": "Point", "coordinates": [55.1474817, 25.085390200000003]}, "properties": {"kind": "yes"}}, {"type": "Feature", "geometry": {"type": "Point", "coordinates": [55.226154300000005, 25.107164100000002]}, "properties": {"kind": "chimney"}}, {"type": "Feature", "geometry": {"type": "Point", "coordinates": [55.133369800000004, 24.9533993]}, "properties": {"kind": "tower"}}, {"type": "Feature", "geometry": {"type": "Point", "coordinates": [55.133442, 24.953528000000002]}, "properties": {"kind": "tower"}}, {"type": "Feature", "geometry": {"type": "Point", "coordinates": [55.0950536, 24.979473600000002]}, "properties": {"kind": "tower"}}, {"type": "Feature", "geometry": {"type": "Point", "coordinates": [55.145315800000006, 25.0849303]}, "properties": {"kind": "yes"}}, {"type": "Feature", "geometry": {"type": "Point", "coordinates": [55.125964, 24.9637937]}, "properties": {"kind": "works"}}, {"type": "Feature", "geometry": {"type": "Point", "coordinates": [55.101596300000004, 25.0154737]}, "properties": {"kind": "tower"}}, {"type": "Feature", "geometry": {"type": "Point", "coordinates": [55.0951358, 25.012015400000003]}, "properties": {"kind": "surveillance"}}, {"type": "Feature", "geometry": {"type": "Point", "coordinates": [55.2448873, 25.137648600000002]}, "properties": {"kind": "water_tower"}}, {"type": "Feature", "geometry": {"type": "Point", "coordinates": [55.244922900000006, 25.1376269]}, "properties": {"kind": "water_tower"}}, {"type": "Feature", "geometry": {"type": "Point", "coordinates": [55.244944600000004, 25.13765]}, "properties": {"kind": "water_tower"}}, {"type": "Feature", "geometry": {"type": "Point", "coordinates": [55.2449012, 25.137602400000002]}, "properties": {"kind": "water_tower"}}, {"type": "Feature", "geometry": {"type": "Point", "coordinates": [55.2448795, 25.137575000000002]}, "properties": {"kind": "water_tower"}}, {"type": "Feature", "geometry": {"type": "Point", "coordinates": [55.226024200000005, 25.110866]}, "properties": {"kind": "works"}}, {"type": "Feature", "geometry": {"type": "Point", "coordinates": [55.26079420000001, 24.9476148]}, "properties": {"kind": "mast"}}, {"type": "Feature", "geometry": {"type": "Point", "coordinates": [55.2697462, 24.9477036]}, "properties": {"kind": "mast"}}, {"type": "Feature", "geometry": {"type": "Point", "coordinates": [55.191840400000004, 25.1440063]}, "properties": {"kind": "tower"}}, {"type": "Feature", "geometry": {"type": "Point", "coordinates": [55.2070767, 25.1607987]}, "properties": {"kind": "tower"}}, {"type": "Feature", "geometry": {"type": "Point", "coordinates": [55.1241743, 25.030495100000003]}, "properties": {"kind": "satellite_dish"}}, {"type": "Feature", "geometry": {"type": "Point", "coordinates": [55.1239435, 25.030046700000003]}, "properties": {"kind": "satellite_dish"}}, {"type": "Feature", "geometry": {"type": "Point", "coordinates": [55.1243319, 25.0297929]}, "properties": {"kind": "satellite_dish"}}, {"type": "Feature", "geometry": {"type": "Point", "coordinates": [55.1241421, 25.0295765]}, "properties": {"kind": "satellite_dish"}}, {"type": "Feature", "geometry": {"type": "Point", "coordinates": [55.124423900000004, 25.029539300000003]}, "properties": {"kind": "satellite_dish"}}, {"type": "Feature", "geometry": {"type": "Point", "coordinates": [55.124464800000005, 25.029581]}, "properties": {"kind": "satellite_dish"}}, {"type": "Feature", "geometry": {"type": "Point", "coordinates": [55.124525000000006, 25.0296227]}, "properties": {"kind": "satellite_dish"}}, {"type": "Feature", "geometry": {"type": "Point", "coordinates": [55.124576600000005, 25.029653600000003]}, "properties": {"kind": "satellite_dish"}}, {"type": "Feature", "geometry": {"type": "Point", "coordinates": [55.12462420000001, 25.029681]}, "properties": {"kind": "satellite_dish"}}, {"type": "Feature", "geometry": {"type": "Point", "coordinates": [55.124491600000006, 25.0296917]}, "properties": {"kind": "satellite_dish"}}, {"type": "Feature", "geometry": {"type": "Point", "coordinates": [55.12457010000001, 25.0295357]}, "properties": {"kind": "satellite_dish"}}, {"type": "Feature", "geometry": {"type": "Point", "coordinates": [55.1262163, 25.0317207]}, "properties": {"kind": "mast"}}, {"type": "Feature", "geometry": {"type": "Point", "coordinates": [55.1260902, 25.031647800000002]}, "properties": {"kind": "mast"}}, {"type": "Feature", "geometry": {"type": "Point", "coordinates": [55.1255863, 25.0318605]}, "properties": {"kind": "tower"}}, {"type": "Feature", "geometry": {"type": "Point", "coordinates": [55.132744100000004, 25.071520500000002]}, "properties": {"kind": "light_minor"}}, {"type": "Feature", "geometry": {"type": "Point", "coordinates": [55.132984400000005, 25.0713274]}, "properties": {"kind": "light_minor"}}, {"type": "Feature", "geometry": {"type": "Point", "coordinates": [55.136676, 25.0756915]}, "properties": {"kind": "light_minor"}}, {"type": "Feature", "geometry": {"type": "Point", "coordinates": [55.1370408, 25.075404900000002]}, "properties": {"kind": "light_minor"}}, {"type": "Feature", "geometry": {"type": "Point", "coordinates": [55.140706200000004, 25.079944700000002]}, "properties": {"kind": "light_minor"}}, {"type": "Feature", "geometry": {"type": "Point", "coordinates": [55.1410363, 25.0796871]}, "properties": {"kind": "light_minor"}}, {"type": "Feature", "geometry": {"type": "Point", "coordinates": [55.144770400000006, 25.0820301]}, "properties": {"kind": "light_minor"}}, {"type": "Feature", "geometry": {"type": "Point", "coordinates": [55.144470000000005, 25.0822937]}, "properties": {"kind": "light_minor"}}, {"type": "Feature", "geometry": {"type": "Point", "coordinates": [55.2443942, 25.1757938]}, "properties": {"kind": "tower"}}, {"type": "Feature", "geometry": {"type": "Point", "coordinates": [55.278471200000006, 25.197428900000002]}, "properties": {"kind": "drinking_fountain"}}, {"type": "Feature", "geometry": {"type": "Point", "coordinates": [55.160633700000005, 25.226777600000002]}, "properties": {"kind": "mast"}}, {"type": "Feature", "geometry": {"type": "Point", "coordinates": [55.1361903, 25.0582615]}, "properties": {"kind": "works"}}, {"type": "Feature", "geometry": {"type": "Point", "coordinates": [55.178218, 25.193684800000003]}, "properties": {"kind": "harbour"}}, {"type": "Feature", "geometry": {"type": "Point", "coordinates": [55.2057785, 25.1011169]}, "properties": {"kind": "water_tap"}}, {"type": "Feature", "geometry": {"type": "Point", "coordinates": [55.15422040000001, 25.0260669]}, "properties": {"kind": "mast"}}, {"type": "Feature", "geometry": {"type": "Point", "coordinates": [55.03986140000001, 24.9396695]}, "properties": {"kind": "tower"}}, {"type": "Feature", "geometry": {"type": "Point", "coordinates": [55.220957600000006, 25.030580500000003]}, "properties": {"kind": "mast"}}, {"type": "Feature", "geometry": {"type": "Point", "coordinates": [55.220809100000004, 25.0303593]}, "properties": {"kind": "mast"}}, {"type": "Feature", "geometry": {"type": "Point", "coordinates": [55.133881300000006, 25.106556700000002]}, "properties": {"kind": "mast"}}, {"type": "Feature", "geometry": {"type": "Point", "coordinates": [55.278598, 25.1221485]}, "properties": {"kind": "antenna"}}, {"type": "Feature", "geometry": {"type": "Point", "coordinates": [55.178459000000004, 25.1981332]}, "properties": {"kind": "antenna"}}, {"type": "Feature", "geometry": {"type": "Point", "coordinates": [55.18210130000001, 25.2124683]}, "properties": {"kind": "harbour"}}, {"type": "Feature", "geometry": {"type": "Point", "coordinates": [55.164241800000006, 25.227883900000002]}, "properties": {"kind": "harbour"}}, {"type": "Feature", "geometry": {"type": "Point", "coordinates": [55.230590500000005, 25.2213597]}, "properties": {"kind": "antenna"}}, {"type": "Feature", "geometry": {"type": "Point", "coordinates": [55.28329720000001, 25.0060852]}, "properties": {"kind": "mast"}}, {"type": "Feature", "geometry": {"type": "Point", "coordinates": [55.284839500000004, 25.0071443]}, "properties": {"kind": "mast"}}, {"type": "Feature", "geometry": {"type": "Point", "coordinates": [55.2850868, 25.026944]}, "properties": {"kind": "antenna"}}, {"type": "Feature", "geometry": {"type": "Point", "coordinates": [55.2761037, 25.1670662]}, "properties": {"kind": "mast"}}, {"type": "Feature", "geometry": {"type": "Point", "coordinates": [55.236297500000006, 25.0746162]}, "properties": {"kind": "surveillance"}}, {"type": "Feature", "geometry": {"type": "Point", "coordinates": [55.237450100000004, 25.074631500000002]}, "properties": {"kind": "surveillance"}}, {"type": "Feature", "geometry": {"type": "Point", "coordinates": [55.1700834, 25.062123800000002]}, "properties": {"kind": "mast"}}, {"type": "Feature", "geometry": {"type": "Point", "coordinates": [55.162412100000005, 25.0665826]}, "properties": {"kind": "mast"}}, {"type": "Feature", "geometry": {"type": "Point", "coordinates": [55.10204340000001, 25.043883400000002]}, "properties": {"kind": "chimney"}}, {"type": "Feature", "geometry": {"type": "Point", "coordinates": [55.102364400000006, 25.0442041]}, "properties": {"kind": "chimney"}}, {"type": "Feature", "geometry": {"type": "Point", "coordinates": [55.102355300000006, 25.043551500000003]}, "properties": {"kind": "chimney"}}, {"type": "Feature", "geometry": {"type": "Point", "coordinates": [55.1026694, 25.0438763]}, "properties": {"kind": "chimney"}}, {"type": "Feature", "geometry": {"type": "Point", "coordinates": [55.111078600000006, 25.049965]}, "properties": {"kind": "chimney"}}, {"type": "Feature", "geometry": {"type": "Point", "coordinates": [55.1126585, 25.0521832]}, "properties": {"kind": "chimney"}}, {"type": "Feature", "geometry": {"type": "Point", "coordinates": [55.112966500000006, 25.0525476]}, "properties": {"kind": "chimney"}}, {"type": "Feature", "geometry": {"type": "Point", "coordinates": [55.1922476, 25.1162476]}, "properties": {"kind": "surveillance"}}, {"type": "Feature", "geometry": {"type": "Point", "coordinates": [55.0513199, 24.950257200000003]}, "properties": {"kind": "mast"}}, {"type": "Feature", "geometry": {"type": "Point", "coordinates": [55.1347686, 25.026926500000002]}, "properties": {"kind": "mast"}}, {"type": "Feature", "geometry": {"type": "Point", "coordinates": [55.1247223, 25.0297051]}, "properties": {"kind": "satellite_dish"}}, {"type": "Feature", "geometry": {"type": "Point", "coordinates": [55.123414700000005, 25.029612800000002]}, "properties": {"kind": "satellite_dish"}}, {"type": "Feature", "geometry": {"type": "Point", "coordinates": [55.123485800000005, 25.0294475]}, "properties": {"kind": "satellite_dish"}}, {"type": "Feature", "geometry": {"type": "Point", "coordinates": [55.1236709, 25.0293102]}, "properties": {"kind": "satellite_dish"}}, {"type": "Feature", "geometry": {"type": "Point", "coordinates": [55.123929700000005, 25.029806]}, "properties": {"kind": "satellite_dish"}}, {"type": "Feature", "geometry": {"type": "Point", "coordinates": [55.1240826, 25.029842400000003]}, "properties": {"kind": "satellite_dish"}}, {"type": "Feature", "geometry": {"type": "Point", "coordinates": [55.20949100000001, 25.116950900000003]}, "properties": {"kind": "mast"}}, {"type": "Feature", "geometry": {"type": "Point", "coordinates": [55.201772600000005, 25.110029500000003]}, "properties": {"kind": "mast"}}, {"type": "Feature", "geometry": {"type": "Point", "coordinates": [55.1173701, 25.058728100000003]}, "properties": {"kind": "chimney"}}, {"type": "Feature", "geometry": {"type": "Point", "coordinates": [55.11722150000001, 25.058543500000003]}, "properties": {"kind": "chimney"}}, {"type": "Feature", "geometry": {"type": "Point", "coordinates": [55.1185903, 25.1320368]}, "properties": {"kind": "surveillance"}}, {"type": "Feature", "geometry": {"type": "Point", "coordinates": [55.259355400000004, 25.2278033]}, "properties": {"kind": "tower"}}, {"type": "Feature", "geometry": {"type": "Point", "coordinates": [55.258780900000005, 25.228550900000002]}, "properties": {"kind": "flagpole"}}, {"type": "Feature", "geometry": {"type": "Point", "coordinates": [55.25297930000001, 25.2173295]}, "properties": {"kind": "tower"}}, {"type": "Feature", "geometry": {"type": "Point", "coordinates": [55.140169900000004, 25.0776776]}, "properties": {"kind": "water_tap"}}, {"type": "Feature", "geometry": {"type": "Point", "coordinates": [55.1434994, 25.0344683]}, "properties": {"kind": "street_cabinet"}}, {"type": "Feature", "geometry": {"type": "Point", "coordinates": [55.1434554, 25.0344929]}, "properties": {"kind": "street_cabinet"}}, {"type": "Feature", "geometry": {"type": "Point", "coordinates": [55.1409874, 25.032486000000002]}, "properties": {"kind": "street_cabinet"}}, {"type": "Feature", "geometry": {"type": "Point", "coordinates": [55.1081341, 25.022648500000003]}, "properties": {"kind": "mast"}}, {"type": "Feature", "geometry": {"type": "Point", "coordinates": [55.1279108, 25.029808300000003]}, "properties": {"kind": "utility_pole"}}, {"type": "Feature", "geometry": {"type": "Point", "coordinates": [55.1277814, 25.0299134]}, "properties": {"kind": "utility_pole"}}, {"type": "Feature", "geometry": {"type": "Point", "coordinates": [55.12761810000001, 25.0300905]}, "properties": {"kind": "utility_pole"}}, {"type": "Feature", "geometry": {"type": "Point", "coordinates": [55.127376000000005, 25.0303632]}, "properties": {"kind": "utility_pole"}}, {"type": "Feature", "geometry": {"type": "Point", "coordinates": [55.1271683, 25.030604800000003]}, "properties": {"kind": "utility_pole"}}, {"type": "Feature", "geometry": {"type": "Point", "coordinates": [55.127015, 25.030766800000002]}, "properties": {"kind": "utility_pole"}}, {"type": "Feature", "geometry": {"type": "Point", "coordinates": [55.126786200000005, 25.031023400000002]}, "properties": {"kind": "utility_pole"}}, {"type": "Feature", "geometry": {"type": "Point", "coordinates": [55.1265963, 25.0312357]}, "properties": {"kind": "utility_pole"}}, {"type": "Feature", "geometry": {"type": "Point", "coordinates": [55.126403100000005, 25.031456100000003]}, "properties": {"kind": "utility_pole"}}, {"type": "Feature", "geometry": {"type": "Point", "coordinates": [55.1262594, 25.031621]}, "properties": {"kind": "utility_pole"}}, {"type": "Feature", "geometry": {"type": "Point", "coordinates": [55.134834000000005, 25.0269395]}, "properties": {"kind": "mast"}}, {"type": "Feature", "geometry": {"type": "Point", "coordinates": [55.0542706, 25.0233519]}, "properties": {"kind": "crane"}}, {"type": "Feature", "geometry": {"type": "Point", "coordinates": [55.0572906, 25.0238856]}, "properties": {"kind": "crane"}}, {"type": "Feature", "geometry": {"type": "Point", "coordinates": [55.0575538, 25.0239651]}, "properties": {"kind": "crane"}}, {"type": "Feature", "geometry": {"type": "Point", "coordinates": [55.0578044, 25.024010500000003]}, "properties": {"kind": "crane"}}, {"type": "Feature", "geometry": {"type": "Point", "coordinates": [55.058105100000006, 25.024027500000003]}, "properties": {"kind": "crane"}}, {"type": "Feature", "geometry": {"type": "Point", "coordinates": [55.0624345, 25.0247883]}, "properties": {"kind": "crane"}}, {"type": "Feature", "geometry": {"type": "Point", "coordinates": [55.0629295, 25.024867800000003]}, "properties": {"kind": "crane"}}, {"type": "Feature", "geometry": {"type": "Point", "coordinates": [55.0631927, 25.024918900000003]}, "properties": {"kind": "crane"}}, {"type": "Feature", "geometry": {"type": "Point", "coordinates": [55.0634871, 25.0249586]}, "properties": {"kind": "crane"}}, {"type": "Feature", "geometry": {"type": "Point", "coordinates": [55.0637691, 25.0250211]}, "properties": {"kind": "crane"}}, {"type": "Feature", "geometry": {"type": "Point", "coordinates": [55.064063600000004, 25.025060800000002]}, "properties": {"kind": "crane"}}, {"type": "Feature", "geometry": {"type": "Point", "coordinates": [55.064427, 25.0251176]}, "properties": {"kind": "crane"}}, {"type": "Feature", "geometry": {"type": "Point", "coordinates": [55.065028500000004, 25.025231100000003]}, "properties": {"kind": "crane"}}, {"type": "Feature", "geometry": {"type": "Point", "coordinates": [55.0682364, 25.025793200000003]}, "properties": {"kind": "crane"}}, {"type": "Feature", "geometry": {"type": "Point", "coordinates": [55.0684619, 25.0258216]}, "properties": {"kind": "crane"}}, {"type": "Feature", "geometry": {"type": "Point", "coordinates": [55.069395500000006, 25.0259919]}, "properties": {"kind": "crane"}}, {"type": "Feature", "geometry": {"type": "Point", "coordinates": [55.069884200000004, 25.0260657]}, "properties": {"kind": "crane"}}, {"type": "Feature", "geometry": {"type": "Point", "coordinates": [55.0702037, 25.0261338]}, "properties": {"kind": "crane"}}, {"type": "Feature", "geometry": {"type": "Point", "coordinates": [55.0706172, 25.026190600000003]}, "properties": {"kind": "crane"}}, {"type": "Feature", "geometry": {"type": "Point", "coordinates": [55.044491900000004, 25.021681]}, "properties": {"kind": "crane"}}, {"type": "Feature", "geometry": {"type": "Point", "coordinates": [55.0449379, 25.021745000000003]}, "properties": {"kind": "crane"}}, {"type": "Feature", "geometry": {"type": "Point", "coordinates": [55.045258800000006, 25.021819]}, "properties": {"kind": "crane"}}, {"type": "Feature", "geometry": {"type": "Point", "coordinates": [55.0455144, 25.0218485]}, "properties": {"kind": "crane"}}, {"type": "Feature", "geometry": {"type": "Point", "coordinates": [55.048995600000005, 25.022454800000002]}, "properties": {"kind": "crane"}}, {"type": "Feature", "geometry": {"type": "Point", "coordinates": [55.049322000000004, 25.0224991]}, "properties": {"kind": "crane"}}, {"type": "Feature", "geometry": {"type": "Point", "coordinates": [55.049010300000006, 25.0223191]}, "properties": {"kind": "crane"}}, {"type": "Feature", "geometry": {"type": "Point", "coordinates": [55.0502521, 25.022720900000003]}, "properties": {"kind": "crane"}}, {"type": "Feature", "geometry": {"type": "Point", "coordinates": [55.0512692, 25.0228934]}, "properties": {"kind": "crane"}}, {"type": "Feature", "geometry": {"type": "Point", "coordinates": [55.0520634, 25.023036400000002]}, "properties": {"kind": "crane"}}, {"type": "Feature", "geometry": {"type": "Point", "coordinates": [55.0527596, 25.0231399]}, "properties": {"kind": "crane"}}, {"type": "Feature", "geometry": {"type": "Point", "coordinates": [55.0530533, 25.023228600000003]}, "properties": {"kind": "crane"}}, {"type": "Feature", "geometry": {"type": "Point", "coordinates": [55.05359180000001, 25.0233075]}, "properties": {"kind": "crane"}}, {"type": "Feature", "geometry": {"type": "Point", "coordinates": [55.041913, 25.0302413]}, "properties": {"kind": "crane"}}, {"type": "Feature", "geometry": {"type": "Point", "coordinates": [55.0430767, 25.030441200000002]}, "properties": {"kind": "crane"}}, {"type": "Feature", "geometry": {"type": "Point", "coordinates": [55.044247600000006, 25.0306637]}, "properties": {"kind": "crane"}}, {"type": "Feature", "geometry": {"type": "Point", "coordinates": [55.045436200000005, 25.0308798]}, "properties": {"kind": "crane"}}, {"type": "Feature", "geometry": {"type": "Point", "coordinates": [55.045995000000005, 25.030966900000003]}, "properties": {"kind": "crane"}}, {"type": "Feature", "geometry": {"type": "Point", "coordinates": [55.046600000000005, 25.0310668]}, "properties": {"kind": "crane"}}, {"type": "Feature", "geometry": {"type": "Point", "coordinates": [55.047183700000005, 25.0311603]}, "properties": {"kind": "crane"}}, {"type": "Feature", "geometry": {"type": "Point", "coordinates": [55.0495183, 25.031563400000003]}, "properties": {"kind": "crane"}}, {"type": "Feature", "geometry": {"type": "Point", "coordinates": [55.050112600000006, 25.031669800000003]}, "properties": {"kind": "crane"}}, {"type": "Feature", "geometry": {"type": "Point", "coordinates": [55.050650000000005, 25.0317924]}, "properties": {"kind": "crane"}}, {"type": "Feature", "geometry": {"type": "Point", "coordinates": [55.0512692, 25.0318955]}, "properties": {"kind": "crane"}}, {"type": "Feature", "geometry": {"type": "Point", "coordinates": [55.0524223, 25.0320761]}, "properties": {"kind": "crane"}}, {"type": "Feature", "geometry": {"type": "Point", "coordinates": [55.053020200000006, 25.0321825]}, "properties": {"kind": "crane"}}, {"type": "Feature", "geometry": {"type": "Point", "coordinates": [55.181225100000006, 25.110398800000002]}, "properties": {"kind": "mast"}}, {"type": "Feature", "geometry": {"type": "Point", "coordinates": [55.127261600000004, 25.017091800000003]}, "properties": {"kind": "mast"}}, {"type": "Feature", "geometry": {"type": "Point", "coordinates": [55.2525114, 25.0027404]}, "properties": {"kind": "mast"}}, {"type": "Feature", "geometry": {"type": "Point", "coordinates": [55.0916189, 25.021420000000003]}, "properties": {"kind": "chimney"}}, {"type": "Feature", "geometry": {"type": "Point", "coordinates": [55.091475, 25.0213511]}, "properties": {"kind": "chimney"}}, {"type": "Feature", "geometry": {"type": "Point", "coordinates": [55.100170000000006, 25.0341902]}, "properties": {"kind": "chimney"}}, {"type": "Feature", "geometry": {"type": "Point", "coordinates": [55.098826700000004, 25.032498500000003]}, "properties": {"kind": "chimney"}}, {"type": "Feature", "geometry": {"type": "Point", "coordinates": [55.093159400000005, 25.0339847]}, "properties": {"kind": "chimney"}}, {"type": "Feature", "geometry": {"type": "Point", "coordinates": [55.093862400000006, 25.0334985]}, "properties": {"kind": "chimney"}}, {"type": "Feature", "geometry": {"type": "Point", "coordinates": [55.09458720000001, 25.0329608]}, "properties": {"kind": "chimney"}}, {"type": "Feature", "geometry": {"type": "Point", "coordinates": [55.0952623, 25.0324598]}, "properties": {"kind": "chimney"}}, {"type": "Feature", "geometry": {"type": "Point", "coordinates": [55.0956331, 25.0296032]}, "properties": {"kind": "chimney"}}, {"type": "Feature", "geometry": {"type": "Point", "coordinates": [55.094799800000004, 25.030226000000003]}, "properties": {"kind": "chimney"}}, {"type": "Feature", "geometry": {"type": "Point", "coordinates": [55.093922400000004, 25.030861100000003]}, "properties": {"kind": "chimney"}}, {"type": "Feature", "geometry": {"type": "Point", "coordinates": [55.0933362, 25.0315933]}, "properties": {"kind": "chimney"}}, {"type": "Feature", "geometry": {"type": "Point", "coordinates": [55.0926387, 25.0320901]}, "properties": {"kind": "chimney"}}, {"type": "Feature", "geometry": {"type": "Point", "coordinates": [55.0919329, 25.0325746]}, "properties": {"kind": "chimney"}}, {"type": "Feature", "geometry": {"type": "Point", "coordinates": [55.0904278, 25.027675900000002]}, "properties": {"kind": "chimney"}}, {"type": "Feature", "geometry": {"type": "Point", "coordinates": [55.090581500000006, 25.027627300000002]}, "properties": {"kind": "chimney"}}, {"type": "Feature", "geometry": {"type": "Point", "coordinates": [55.0900443, 25.0272097]}, "properties": {"kind": "chimney"}}, {"type": "Feature", "geometry": {"type": "Point", "coordinates": [55.089758800000006, 25.026908300000002]}, "properties": {"kind": "chimney"}}, {"type": "Feature", "geometry": {"type": "Point", "coordinates": [55.0894848, 25.0266012]}, "properties": {"kind": "chimney"}}, {"type": "Feature", "geometry": {"type": "Point", "coordinates": [55.089229700000004, 25.0262883]}, "properties": {"kind": "chimney"}}, {"type": "Feature", "geometry": {"type": "Point", "coordinates": [55.0889522, 25.025947300000002]}, "properties": {"kind": "chimney"}}, {"type": "Feature", "geometry": {"type": "Point", "coordinates": [55.0890812, 25.025890800000003]}, "properties": {"kind": "chimney"}}, {"type": "Feature", "geometry": {"type": "Point", "coordinates": [55.0883656, 25.0275152]}, "properties": {"kind": "chimney"}}, {"type": "Feature", "geometry": {"type": "Point", "coordinates": [55.0882754, 25.0275931]}, "properties": {"kind": "chimney"}}, {"type": "Feature", "geometry": {"type": "Point", "coordinates": [55.0886702, 25.027897600000003]}, "properties": {"kind": "chimney"}}, {"type": "Feature", "geometry": {"type": "Point", "coordinates": [55.088626600000005, 25.0278378]}, "properties": {"kind": "chimney"}}, {"type": "Feature", "geometry": {"type": "Point", "coordinates": [55.088570100000005, 25.027962600000002]}, "properties": {"kind": "chimney"}}, {"type": "Feature", "geometry": {"type": "Point", "coordinates": [55.0885625, 25.0278853]}, "properties": {"kind": "chimney"}}, {"type": "Feature", "geometry": {"type": "Point", "coordinates": [55.0890192, 25.028250200000002]}, "properties": {"kind": "chimney"}}, {"type": "Feature", "geometry": {"type": "Point", "coordinates": [55.0889553, 25.028197300000002]}, "properties": {"kind": "chimney"}}, {"type": "Feature", "geometry": {"type": "Point", "coordinates": [55.0888799, 25.0282589]}, "properties": {"kind": "chimney"}}, {"type": "Feature", "geometry": {"type": "Point", "coordinates": [55.088924600000006, 25.0283164]}, "properties": {"kind": "chimney"}}, {"type": "Feature", "geometry": {"type": "Point", "coordinates": [55.0893275, 25.0286289]}, "properties": {"kind": "chimney"}}, {"type": "Feature", "geometry": {"type": "Point", "coordinates": [55.0892728, 25.0285677]}, "properties": {"kind": "chimney"}}, {"type": "Feature", "geometry": {"type": "Point", "coordinates": [55.089223200000006, 25.0286885]}, "properties": {"kind": "chimney"}}, {"type": "Feature", "geometry": {"type": "Point", "coordinates": [55.089192600000004, 25.028629000000002]}, "properties": {"kind": "chimney"}}, {"type": "Feature", "geometry": {"type": "Point", "coordinates": [55.084689700000006, 25.027691800000003]}, "properties": {"kind": "chimney"}}, {"type": "Feature", "geometry": {"type": "Point", "coordinates": [55.084484, 25.027454900000002]}, "properties": {"kind": "chimney"}}, {"type": "Feature", "geometry": {"type": "Point", "coordinates": [55.0844766, 25.0279433]}, "properties": {"kind": "chimney"}}, {"type": "Feature", "geometry": {"type": "Point", "coordinates": [55.0842399, 25.0276767]}, "properties": {"kind": "chimney"}}, {"type": "Feature", "geometry": {"type": "Point", "coordinates": [55.090869000000005, 25.0219373]}, "properties": {"kind": "chimney"}}, {"type": "Feature", "geometry": {"type": "Point", "coordinates": [55.090757800000006, 25.0218479]}, "properties": {"kind": "chimney"}}, {"type": "Feature", "geometry": {"type": "Point", "coordinates": [55.0892312, 25.0231384]}, "properties": {"kind": "chimney"}}, {"type": "Feature", "geometry": {"type": "Point", "coordinates": [55.08907850000001, 25.023060500000003]}, "properties": {"kind": "chimney"}}, {"type": "Feature", "geometry": {"type": "Point", "coordinates": [55.0885302, 25.0235893]}, "properties": {"kind": "chimney"}}, {"type": "Feature", "geometry": {"type": "Point", "coordinates": [55.0883928, 25.0234777]}, "properties": {"kind": "chimney"}}, {"type": "Feature", "geometry": {"type": "Point", "coordinates": [55.08778220000001, 25.024138]}, "properties": {"kind": "chimney"}}, {"type": "Feature", "geometry": {"type": "Point", "coordinates": [55.087635600000006, 25.023994100000003]}, "properties": {"kind": "chimney"}}, {"type": "Feature", "geometry": {"type": "Point", "coordinates": [55.0867518, 25.024690500000002]}, "properties": {"kind": "chimney"}}, {"type": "Feature", "geometry": {"type": "Point", "coordinates": [55.086670600000005, 25.0245932]}, "properties": {"kind": "chimney"}}, {"type": "Feature", "geometry": {"type": "Point", "coordinates": [55.0859758, 25.025259600000002]}, "properties": {"kind": "chimney"}}, {"type": "Feature", "geometry": {"type": "Point", "coordinates": [55.0858986, 25.025173000000002]}, "properties": {"kind": "chimney"}}, {"type": "Feature", "geometry": {"type": "Point", "coordinates": [55.095390200000004, 25.0270739]}, "properties": {"kind": "chimney"}}, {"type": "Feature", "geometry": {"type": "Point", "coordinates": [55.095255200000004, 25.0271717]}, "properties": {"kind": "chimney"}}, {"type": "Feature", "geometry": {"type": "Point", "coordinates": [55.164576800000006, 25.026070400000002]}, "properties": {"kind": "mast"}}, {"type": "Feature", "geometry": {"type": "Point", "coordinates": [55.159072, 25.0245554]}, "properties": {"kind": "manhole"}}, {"type": "Feature", "geometry": {"type": "Point", "coordinates": [55.158653900000004, 25.023945700000002]}, "properties": {"kind": "manhole"}}, {"type": "Feature", "geometry": {"type": "Point", "coordinates": [55.158557, 25.023827200000003]}, "properties": {"kind": "manhole"}}, {"type": "Feature", "geometry": {"type": "Point", "coordinates": [55.1599439, 25.0255419]}, "properties": {"kind": "manhole"}}, {"type": "Feature", "geometry": {"type": "Point", "coordinates": [55.16145040000001, 25.026615000000003]}, "properties": {"kind": "manhole"}}, {"type": "Feature", "geometry": {"type": "Point", "coordinates": [55.161591800000004, 25.0267686]}, "properties": {"kind": "manhole"}}, {"type": "Feature", "geometry": {"type": "Point", "coordinates": [55.161759800000006, 25.0266965]}, "properties": {"kind": "manhole"}}, {"type": "Feature", "geometry": {"type": "Point", "coordinates": [55.1619529, 25.026918100000003]}, "properties": {"kind": "manhole"}}, {"type": "Feature", "geometry": {"type": "Point", "coordinates": [55.1611939, 25.026802]}, "properties": {"kind": "manhole"}}, {"type": "Feature", "geometry": {"type": "Point", "coordinates": [55.161335400000006, 25.026958200000003]}, "properties": {"kind": "manhole"}}, {"type": "Feature", "geometry": {"type": "Point", "coordinates": [55.1620709, 25.027064900000003]}, "properties": {"kind": "manhole"}}, {"type": "Feature", "geometry": {"type": "Point", "coordinates": [55.1621401, 25.027863500000002]}, "properties": {"kind": "manhole"}}, {"type": "Feature", "geometry": {"type": "Point", "coordinates": [55.1623986, 25.0282124]}, "properties": {"kind": "manhole"}}, {"type": "Feature", "geometry": {"type": "Point", "coordinates": [55.163016500000005, 25.028567600000002]}, "properties": {"kind": "manhole"}}, {"type": "Feature", "geometry": {"type": "Point", "coordinates": [55.16320820000001, 25.028629600000002]}, "properties": {"kind": "manhole"}}, {"type": "Feature", "geometry": {"type": "Point", "coordinates": [55.1632733, 25.0285505]}, "properties": {"kind": "manhole"}}, {"type": "Feature", "geometry": {"type": "Point", "coordinates": [55.1633366, 25.0285133]}, "properties": {"kind": "manhole"}}, {"type": "Feature", "geometry": {"type": "Point", "coordinates": [55.163119200000004, 25.0283784]}, "properties": {"kind": "manhole"}}, {"type": "Feature", "geometry": {"type": "Point", "coordinates": [55.163144900000006, 25.0282869]}, "properties": {"kind": "manhole"}}, {"type": "Feature", "geometry": {"type": "Point", "coordinates": [55.163035300000004, 25.028138000000002]}, "properties": {"kind": "manhole"}}, {"type": "Feature", "geometry": {"type": "Point", "coordinates": [55.1624671, 25.028563000000002]}, "properties": {"kind": "manhole"}}, {"type": "Feature", "geometry": {"type": "Point", "coordinates": [55.1619553, 25.0287708]}, "properties": {"kind": "manhole"}}, {"type": "Feature", "geometry": {"type": "Point", "coordinates": [55.1620135, 25.0287878]}, "properties": {"kind": "manhole"}}, {"type": "Feature", "geometry": {"type": "Point", "coordinates": [55.1620323, 25.0288359]}, "properties": {"kind": "manhole"}}, {"type": "Feature", "geometry": {"type": "Point", "coordinates": [55.1623096, 25.0288158]}, "properties": {"kind": "manhole"}}, {"type": "Feature", "geometry": {"type": "Point", "coordinates": [55.161959, 25.0263135]}, "properties": {"kind": "manhole"}}, {"type": "Feature", "geometry": {"type": "Point", "coordinates": [55.1553655, 25.0206744]}, "properties": {"kind": "manhole"}}, {"type": "Feature", "geometry": {"type": "Point", "coordinates": [55.1557061, 25.020772100000002]}, "properties": {"kind": "manhole"}}, {"type": "Feature", "geometry": {"type": "Point", "coordinates": [55.1560793, 25.0210435]}, "properties": {"kind": "manhole"}}, {"type": "Feature", "geometry": {"type": "Point", "coordinates": [55.156250400000005, 25.021226600000002]}, "properties": {"kind": "manhole"}}, {"type": "Feature", "geometry": {"type": "Point", "coordinates": [55.156324000000005, 25.021381700000003]}, "properties": {"kind": "manhole"}}, {"type": "Feature", "geometry": {"type": "Point", "coordinates": [55.156464400000004, 25.0215321]}, "properties": {"kind": "manhole"}}, {"type": "Feature", "geometry": {"type": "Point", "coordinates": [55.1603719, 25.0259275]}, "properties": {"kind": "manhole"}}, {"type": "Feature", "geometry": {"type": "Point", "coordinates": [55.1606761, 25.026262600000003]}, "properties": {"kind": "manhole"}}, {"type": "Feature", "geometry": {"type": "Point", "coordinates": [55.1609902, 25.026628300000002]}, "properties": {"kind": "manhole"}}, {"type": "Feature", "geometry": {"type": "Point", "coordinates": [55.1634116, 25.028687700000003]}, "properties": {"kind": "manhole"}}, {"type": "Feature", "geometry": {"type": "Point", "coordinates": [55.1634231, 25.0287735]}, "properties": {"kind": "manhole"}}, {"type": "Feature", "geometry": {"type": "Point", "coordinates": [55.1634162, 25.028842500000003]}, "properties": {"kind": "manhole"}}, {"type": "Feature", "geometry": {"type": "Point", "coordinates": [55.163353900000004, 25.0289283]}, "properties": {"kind": "manhole"}}, {"type": "Feature", "geometry": {"type": "Point", "coordinates": [55.163598400000005, 25.0289778]}, "properties": {"kind": "manhole"}}, {"type": "Feature", "geometry": {"type": "Point", "coordinates": [55.1637472, 25.0291509]}, "properties": {"kind": "manhole"}}, {"type": "Feature", "geometry": {"type": "Point", "coordinates": [55.1632181, 25.029232500000003]}, "properties": {"kind": "manhole"}}, {"type": "Feature", "geometry": {"type": "Point", "coordinates": [55.1632917, 25.0293199]}, "properties": {"kind": "manhole"}}, {"type": "Feature", "geometry": {"type": "Point", "coordinates": [55.163734500000004, 25.029327900000002]}, "properties": {"kind": "manhole"}}, {"type": "Feature", "geometry": {"type": "Point", "coordinates": [55.163696400000006, 25.029438300000002]}, "properties": {"kind": "manhole"}}, {"type": "Feature", "geometry": {"type": "Point", "coordinates": [55.1637713, 25.0294716]}, "properties": {"kind": "manhole"}}, {"type": "Feature", "geometry": {"type": "Point", "coordinates": [55.1637484, 25.0295463]}, "properties": {"kind": "manhole"}}, {"type": "Feature", "geometry": {"type": "Point", "coordinates": [55.1639629, 25.0292463]}, "properties": {"kind": "manhole"}}, {"type": "Feature", "geometry": {"type": "Point", "coordinates": [55.1638157, 25.029358900000002]}, "properties": {"kind": "manhole"}}, {"type": "Feature", "geometry": {"type": "Point", "coordinates": [55.1635277, 25.0295118]}, "properties": {"kind": "manhole"}}, {"type": "Feature", "geometry": {"type": "Point", "coordinates": [55.1636609, 25.0295831]}, "properties": {"kind": "manhole"}}, {"type": "Feature", "geometry": {"type": "Point", "coordinates": [55.163855000000005, 25.029759000000002]}, "properties": {"kind": "manhole"}}, {"type": "Feature", "geometry": {"type": "Point", "coordinates": [55.163899400000005, 25.0296762]}, "properties": {"kind": "manhole"}}, {"type": "Feature", "geometry": {"type": "Point", "coordinates": [55.1638461, 25.029594600000003]}, "properties": {"kind": "manhole"}}, {"type": "Feature", "geometry": {"type": "Point", "coordinates": [55.163778900000004, 25.0296176]}, "properties": {"kind": "manhole"}}, {"type": "Feature", "geometry": {"type": "Point", "coordinates": [55.1639908, 25.029562400000003]}, "properties": {"kind": "manhole"}}, {"type": "Feature", "geometry": {"type": "Point", "coordinates": [55.1640809, 25.029611900000003]}, "properties": {"kind": "manhole"}}, {"type": "Feature", "geometry": {"type": "Point", "coordinates": [55.1641253, 25.029417600000002]}, "properties": {"kind": "manhole"}}, {"type": "Feature", "geometry": {"type": "Point", "coordinates": [55.1641138, 25.029357800000003]}, "properties": {"kind": "manhole"}}, {"type": "Feature", "geometry": {"type": "Point", "coordinates": [55.164720300000006, 25.0293107]}, "properties": {"kind": "manhole"}}, {"type": "Feature", "geometry": {"type": "Point", "coordinates": [55.1647064, 25.029390000000003]}, "properties": {"kind": "manhole"}}, {"type": "Feature", "geometry": {"type": "Point", "coordinates": [55.164106200000006, 25.029911900000002]}, "properties": {"kind": "manhole"}}, {"type": "Feature", "geometry": {"type": "Point", "coordinates": [55.163971700000005, 25.029910800000003]}, "properties": {"kind": "manhole"}}, {"type": "Feature", "geometry": {"type": "Point", "coordinates": [55.163865200000004, 25.0299142]}, "properties": {"kind": "manhole"}}, {"type": "Feature", "geometry": {"type": "Point", "coordinates": [55.16372560000001, 25.029916500000002]}, "properties": {"kind": "manhole"}}, {"type": "Feature", "geometry": {"type": "Point", "coordinates": [55.1632498, 25.029582]}, "properties": {"kind": "manhole"}}, {"type": "Feature", "geometry": {"type": "Point", "coordinates": [55.1631597, 25.0295038]}, "properties": {"kind": "manhole"}}, {"type": "Feature", "geometry": {"type": "Point", "coordinates": [55.162992300000006, 25.029500300000002]}, "properties": {"kind": "manhole"}}, {"type": "Feature", "geometry": {"type": "Point", "coordinates": [55.162637000000004, 25.0295302]}, "properties": {"kind": "manhole"}}, {"type": "Feature", "geometry": {"type": "Point", "coordinates": [55.162418800000005, 25.0294624]}, "properties": {"kind": "manhole"}}, {"type": "Feature", "geometry": {"type": "Point", "coordinates": [55.1623528, 25.0295187]}, "properties": {"kind": "manhole"}}, {"type": "Feature", "geometry": {"type": "Point", "coordinates": [55.16144430000001, 25.030372200000002]}, "properties": {"kind": "manhole"}}, {"type": "Feature", "geometry": {"type": "Point", "coordinates": [55.1624898, 25.0292256]}, "properties": {"kind": "manhole"}}, {"type": "Feature", "geometry": {"type": "Point", "coordinates": [55.162640800000005, 25.029207200000002]}, "properties": {"kind": "manhole"}}, {"type": "Feature", "geometry": {"type": "Point", "coordinates": [55.162538000000005, 25.0290934]}, "properties": {"kind": "manhole"}}, {"type": "Feature", "geometry": {"type": "Point", "coordinates": [55.1624568, 25.029095700000003]}, "properties": {"kind": "manhole"}}, {"type": "Feature", "geometry": {"type": "Point", "coordinates": [55.1615928, 25.0293704]}, "properties": {"kind": "manhole"}}, {"type": "Feature", "geometry": {"type": "Point", "coordinates": [55.162461900000004, 25.0298084]}, "properties": {"kind": "manhole"}}, {"type": "Feature", "geometry": {"type": "Point", "coordinates": [55.1624568, 25.0298751]}, "properties": {"kind": "manhole"}}, {"type": "Feature", "geometry": {"type": "Point", "coordinates": [55.162465700000006, 25.0299441]}, "properties": {"kind": "manhole"}}, {"type": "Feature", "geometry": {"type": "Point", "coordinates": [55.162538000000005, 25.0299337]}, "properties": {"kind": "manhole"}}, {"type": "Feature", "geometry": {"type": "Point", "coordinates": [55.162538000000005, 25.0298498]}, "properties": {"kind": "manhole"}}, {"type": "Feature", "geometry": {"type": "Point", "coordinates": [55.162533, 25.030006200000003]}, "properties": {"kind": "manhole"}}, {"type": "Feature", "geometry": {"type": "Point", "coordinates": [55.163461700000006, 25.0302395]}, "properties": {"kind": "manhole"}}, {"type": "Feature", "geometry": {"type": "Point", "coordinates": [55.1635848, 25.0304718]}, "properties": {"kind": "manhole"}}, {"type": "Feature", "geometry": {"type": "Point", "coordinates": [55.1634985, 25.030501700000002]}, "properties": {"kind": "manhole"}}, {"type": "Feature", "geometry": {"type": "Point", "coordinates": [55.163313200000005, 25.030415400000003]}, "properties": {"kind": "manhole"}}, {"type": "Feature", "geometry": {"type": "Point", "coordinates": [55.166374700000006, 25.0298571]}, "properties": {"kind": "manhole"}}, {"type": "Feature", "geometry": {"type": "Point", "coordinates": [55.167448500000006, 25.0288213]}, "properties": {"kind": "manhole"}}, {"type": "Feature", "geometry": {"type": "Point", "coordinates": [55.167483100000005, 25.0290578]}, "properties": {"kind": "manhole"}}, {"type": "Feature", "geometry": {"type": "Point", "coordinates": [55.1674993, 25.029223100000003]}, "properties": {"kind": "manhole"}}, {"type": "Feature", "geometry": {"type": "Point", "coordinates": [55.1671344, 25.029281700000002]}, "properties": {"kind": "manhole"}}, {"type": "Feature", "geometry": {"type": "Point", "coordinates": [55.1671021, 25.029388400000002]}, "properties": {"kind": "manhole"}}, {"type": "Feature", "geometry": {"type": "Point", "coordinates": [55.167245300000005, 25.029455300000002]}, "properties": {"kind": "manhole"}}, {"type": "Feature", "geometry": {"type": "Point", "coordinates": [55.1667903, 25.029237700000003]}, "properties": {"kind": "manhole"}}, {"type": "Feature", "geometry": {"type": "Point", "coordinates": [55.166776500000005, 25.0291812]}, "properties": {"kind": "manhole"}}, {"type": "Feature", "geometry": {"type": "Point", "coordinates": [55.1672984, 25.028122500000002]}, "properties": {"kind": "manhole"}}, {"type": "Feature", "geometry": {"type": "Point", "coordinates": [55.1676263, 25.030403200000002]}, "properties": {"kind": "manhole"}}, {"type": "Feature", "geometry": {"type": "Point", "coordinates": [55.1674092, 25.030522400000002]}, "properties": {"kind": "manhole"}}, {"type": "Feature", "geometry": {"type": "Point", "coordinates": [55.16253570000001, 25.0306077]}, "properties": {"kind": "manhole"}}, {"type": "Feature", "geometry": {"type": "Point", "coordinates": [55.1624665, 25.0303994]}, "properties": {"kind": "manhole"}}, {"type": "Feature", "geometry": {"type": "Point", "coordinates": [55.160796700000006, 25.030131100000002]}, "properties": {"kind": "manhole"}}, {"type": "Feature", "geometry": {"type": "Point", "coordinates": [55.16087520000001, 25.030231500000003]}, "properties": {"kind": "manhole"}}, {"type": "Feature", "geometry": {"type": "Point", "coordinates": [55.160769, 25.030235700000002]}, "properties": {"kind": "manhole"}}, {"type": "Feature", "geometry": {"type": "Point", "coordinates": [55.160672000000005, 25.030660400000002]}, "properties": {"kind": "manhole"}}, {"type": "Feature", "geometry": {"type": "Point", "coordinates": [55.160605100000005, 25.0304679]}, "properties": {"kind": "manhole"}}, {"type": "Feature", "geometry": {"type": "Point", "coordinates": [55.160561200000004, 25.0300118]}, "properties": {"kind": "manhole"}}, {"type": "Feature", "geometry": {"type": "Point", "coordinates": [55.160521900000006, 25.029965800000003]}, "properties": {"kind": "manhole"}}, {"type": "Feature", "geometry": {"type": "Point", "coordinates": [55.1604411, 25.0299909]}, "properties": {"kind": "manhole"}}, {"type": "Feature", "geometry": {"type": "Point", "coordinates": [55.160231, 25.030267100000003]}, "properties": {"kind": "manhole"}}, {"type": "Feature", "geometry": {"type": "Point", "coordinates": [55.1601931, 25.0303705]}, "properties": {"kind": "manhole"}}, {"type": "Feature", "geometry": {"type": "Point", "coordinates": [55.160258000000006, 25.0304173]}, "properties": {"kind": "manhole"}}, {"type": "Feature", "geometry": {"type": "Point", "coordinates": [55.1603258, 25.030477400000002]}, "properties": {"kind": "manhole"}}, {"type": "Feature", "geometry": {"type": "Point", "coordinates": [55.160400900000006, 25.030432]}, "properties": {"kind": "manhole"}}, {"type": "Feature", "geometry": {"type": "Point", "coordinates": [55.160367, 25.030331800000003]}, "properties": {"kind": "manhole"}}, {"type": "Feature", "geometry": {"type": "Point", "coordinates": [55.25415640000001, 25.1840604]}, "properties": {"kind": "telephone_box"}}, {"type": "Feature", "geometry": {"type": "Point", "coordinates": [55.0481939, 24.996692200000002]}, "properties": {"kind": "crane"}}, {"type": "Feature", "geometry": {"type": "Point", "coordinates": [55.0483568, 24.9963458]}, "properties": {"kind": "crane"}}, {"type": "Feature", "geometry": {"type": "Point", "coordinates": [55.048601100000006, 24.995681400000002]}, "properties": {"kind": "crane"}}, {"type": "Feature", "geometry": {"type": "Point", "coordinates": [55.048952, 24.9948523]}, "properties": {"kind": "crane"}}, {"type": "Feature", "geometry": {"type": "Point", "coordinates": [55.0491588, 24.994335500000002]}, "properties": {"kind": "crane"}}, {"type": "Feature", "geometry": {"type": "Point", "coordinates": [55.0494344, 24.9936711]}, "properties": {"kind": "crane"}}, {"type": "Feature", "geometry": {"type": "Point", "coordinates": [55.0497853, 24.9928874]}, "properties": {"kind": "crane"}}, {"type": "Feature", "geometry": {"type": "Point", "coordinates": [55.050117400000005, 24.9920413]}, "properties": {"kind": "crane"}}, {"type": "Feature", "geometry": {"type": "Point", "coordinates": [55.0503805, 24.9914337]}, "properties": {"kind": "crane"}}, {"type": "Feature", "geometry": {"type": "Point", "coordinates": [55.0504745, 24.991195100000002]}, "properties": {"kind": "crane"}}, {"type": "Feature", "geometry": {"type": "Point", "coordinates": [55.05071890000001, 24.9905818]}, "properties": {"kind": "crane"}}, {"type": "Feature", "geometry": {"type": "Point", "coordinates": [55.0514206, 24.988946300000002]}, "properties": {"kind": "crane"}}, {"type": "Feature", "geometry": {"type": "Point", "coordinates": [55.0516148, 24.9885033]}, "properties": {"kind": "crane"}}, {"type": "Feature", "geometry": {"type": "Point", "coordinates": [55.051809000000006, 24.987952500000002]}, "properties": {"kind": "crane"}}, {"type": "Feature", "geometry": {"type": "Point", "coordinates": [55.05267370000001, 24.985874000000003]}, "properties": {"kind": "crane"}}, {"type": "Feature", "geometry": {"type": "Point", "coordinates": [55.052792700000005, 24.9856184]}, "properties": {"kind": "crane"}}, {"type": "Feature", "geometry": {"type": "Point", "coordinates": [55.053344100000004, 24.984272400000002]}, "properties": {"kind": "crane"}}, {"type": "Feature", "geometry": {"type": "Point", "coordinates": [55.0534443, 24.9840169]}, "properties": {"kind": "crane"}}, {"type": "Feature", "geometry": {"type": "Point", "coordinates": [55.0540583, 24.9826595]}, "properties": {"kind": "crane"}}, {"type": "Feature", "geometry": {"type": "Point", "coordinates": [55.0590282, 24.989835000000003]}, "properties": {"kind": "crane"}}, {"type": "Feature", "geometry": {"type": "Point", "coordinates": [55.0594035, 24.9902014]}, "properties": {"kind": "crane"}}, {"type": "Feature", "geometry": {"type": "Point", "coordinates": [55.059814900000006, 24.9905219]}, "properties": {"kind": "crane"}}, {"type": "Feature", "geometry": {"type": "Point", "coordinates": [55.0581766, 24.9889389]}, "properties": {"kind": "crane"}}, {"type": "Feature", "geometry": {"type": "Point", "coordinates": [55.0582487, 24.9886772]}, "properties": {"kind": "crane"}}, {"type": "Feature", "geometry": {"type": "Point", "coordinates": [55.0583931, 24.988389400000003]}, "properties": {"kind": "crane"}}, {"type": "Feature", "geometry": {"type": "Point", "coordinates": [55.058775600000004, 24.987408100000003]}, "properties": {"kind": "crane"}}, {"type": "Feature", "geometry": {"type": "Point", "coordinates": [55.058891100000004, 24.9870811]}, "properties": {"kind": "crane"}}, {"type": "Feature", "geometry": {"type": "Point", "coordinates": [55.0593963, 24.9859559]}, "properties": {"kind": "crane"}}, {"type": "Feature", "geometry": {"type": "Point", "coordinates": [55.0595695, 24.985471800000003]}, "properties": {"kind": "crane"}}, {"type": "Feature", "geometry": {"type": "Point", "coordinates": [55.0599664, 24.9843924]}, "properties": {"kind": "crane"}}, {"type": "Feature", "geometry": {"type": "Point", "coordinates": [55.0602767, 24.983784]}, "properties": {"kind": "crane"}}, {"type": "Feature", "geometry": {"type": "Point", "coordinates": [55.0604067, 24.9833719]}, "properties": {"kind": "crane"}}, {"type": "Feature", "geometry": {"type": "Point", "coordinates": [55.060644800000006, 24.9828289]}, "properties": {"kind": "crane"}}, {"type": "Feature", "geometry": {"type": "Point", "coordinates": [55.0607459, 24.982541100000002]}, "properties": {"kind": "crane"}}, {"type": "Feature", "geometry": {"type": "Point", "coordinates": [55.061489200000004, 24.9830317]}, "properties": {"kind": "crane"}}, {"type": "Feature", "geometry": {"type": "Point", "coordinates": [55.0617779, 24.983273800000003]}, "properties": {"kind": "crane"}}, {"type": "Feature", "geometry": {"type": "Point", "coordinates": [55.062701700000005, 24.984032600000003]}, "properties": {"kind": "crane"}}, {"type": "Feature", "geometry": {"type": "Point", "coordinates": [55.064311100000005, 24.985484900000003]}, "properties": {"kind": "crane"}}, {"type": "Feature", "geometry": {"type": "Point", "coordinates": [55.0676021, 24.988317400000003]}, "properties": {"kind": "crane"}}, {"type": "Feature", "geometry": {"type": "Point", "coordinates": [55.068244400000005, 24.9888538]}, "properties": {"kind": "crane"}}, {"type": "Feature", "geometry": {"type": "Point", "coordinates": [55.068894, 24.9894229]}, "properties": {"kind": "crane"}}, {"type": "Feature", "geometry": {"type": "Point", "coordinates": [55.038039000000005, 24.961909000000002]}, "properties": {"kind": "mast"}}, {"type": "Feature", "geometry": {"type": "Point", "coordinates": [55.0383852, 24.9620339]}, "properties": {"kind": "mast"}}, {"type": "Feature", "geometry": {"type": "Point", "coordinates": [55.0376928, 24.961796800000002]}, "properties": {"kind": "mast"}}, {"type": "Feature", "geometry": {"type": "Point", "coordinates": [55.0379761, 24.961114900000002]}, "properties": {"kind": "mast"}}, {"type": "Feature", "geometry": {"type": "Point", "coordinates": [55.038325400000005, 24.9612371]}, "properties": {"kind": "mast"}}, {"type": "Feature", "geometry": {"type": "Point", "coordinates": [55.03867150000001, 24.9613492]}, "properties": {"kind": "mast"}}, {"type": "Feature", "geometry": {"type": "Point", "coordinates": [55.0476906, 24.9841245]}, "properties": {"kind": "tower"}}, {"type": "Feature", "geometry": {"type": "Point", "coordinates": [55.047537600000005, 24.976370900000003]}, "properties": {"kind": "tower"}}, {"type": "Feature", "geometry": {"type": "Point", "coordinates": [55.053277900000005, 25.0322718]}, "properties": {"kind": "tower"}}, {"type": "Feature", "geometry": {"type": "Point", "coordinates": [55.1437085, 25.036155200000003]}, "properties": {"kind": "street_cabinet"}}, {"type": "Feature", "geometry": {"type": "Point", "coordinates": [55.1446113, 25.037147200000003]}, "properties": {"kind": "street_cabinet"}}, {"type": "Feature", "geometry": {"type": "Point", "coordinates": [55.145060400000006, 25.0376736]}, "properties": {"kind": "manhole"}}, {"type": "Feature", "geometry": {"type": "Point", "coordinates": [55.1281924, 25.090718900000002]}, "properties": {"kind": "mast"}}, {"type": "Feature", "geometry": {"type": "Point", "coordinates": [55.1348381, 25.094415700000003]}, "properties": {"kind": "mast"}}, {"type": "Feature", "geometry": {"type": "Point", "coordinates": [55.127026, 25.0894656]}, "properties": {"kind": "beacon"}}, {"type": "Feature", "geometry": {"type": "Point", "coordinates": [55.146427200000005, 24.9872976]}, "properties": {"kind": "mast"}}, {"type": "Feature", "geometry": {"type": "Point", "coordinates": [55.18841020000001, 25.038051300000003]}, "properties": {"kind": "mast"}}, {"type": "Feature", "geometry": {"type": "Point", "coordinates": [55.194643500000005, 25.041108]}, "properties": {"kind": "mast"}}, {"type": "Feature", "geometry": {"type": "Point", "coordinates": [55.1938657, 25.0411153]}, "properties": {"kind": "mast"}}, {"type": "Feature", "geometry": {"type": "Point", "coordinates": [55.181462100000005, 25.028827900000003]}, "properties": {"kind": "mast"}}, {"type": "Feature", "geometry": {"type": "Point", "coordinates": [55.2577439, 25.037018800000002]}, "properties": {"kind": "mast"}}, {"type": "Feature", "geometry": {"type": "Point", "coordinates": [55.274731200000005, 25.045868000000002]}, "properties": {"kind": "mast"}}, {"type": "Feature", "geometry": {"type": "Point", "coordinates": [55.284683400000006, 25.0513204]}, "properties": {"kind": "mast"}}, {"type": "Feature", "geometry": {"type": "Point", "coordinates": [55.143683700000004, 24.992478000000002]}, "properties": {"kind": "mast"}}, {"type": "Feature", "geometry": {"type": "Point", "coordinates": [55.1200928, 25.007952600000003]}, "properties": {"kind": "mast"}}, {"type": "Feature", "geometry": {"type": "Point", "coordinates": [55.1010459, 25.006977000000003]}, "properties": {"kind": "mast"}}, {"type": "Feature", "geometry": {"type": "Point", "coordinates": [55.1009863, 25.006862100000003]}, "properties": {"kind": "mast"}}, {"type": "Feature", "geometry": {"type": "Point", "coordinates": [55.2366059, 25.021372200000002]}, "properties": {"kind": "mast"}}, {"type": "Feature", "geometry": {"type": "Point", "coordinates": [55.10052090000001, 25.027272800000002]}, "properties": {"kind": "mast"}}, {"type": "Feature", "geometry": {"type": "Point", "coordinates": [55.1025945, 25.030741600000002]}, "properties": {"kind": "mast"}}, {"type": "Feature", "geometry": {"type": "Point", "coordinates": [55.121436800000005, 25.0189713]}, "properties": {"kind": "mast"}}, {"type": "Feature", "geometry": {"type": "Point", "coordinates": [55.1171255, 25.048002500000003]}, "properties": {"kind": "mast"}}, {"type": "Feature", "geometry": {"type": "Point", "coordinates": [55.1169452, 25.047779100000003]}, "properties": {"kind": "mast"}}, {"type": "Feature", "geometry": {"type": "Point", "coordinates": [55.155031400000006, 25.0139712]}, "properties": {"kind": "mast"}}, {"type": "Feature", "geometry": {"type": "Point", "coordinates": [55.146980000000006, 25.0161683]}, "properties": {"kind": "mast"}}, {"type": "Feature", "geometry": {"type": "Point", "coordinates": [55.1103984, 25.0342813]}, "properties": {"kind": "mast"}}, {"type": "Feature", "geometry": {"type": "Point", "coordinates": [55.104204800000005, 24.9908325]}, "properties": {"kind": "mast"}}, {"type": "Feature", "geometry": {"type": "Point", "coordinates": [55.109322600000006, 25.001693300000003]}, "properties": {"kind": "mast"}}, {"type": "Feature", "geometry": {"type": "Point", "coordinates": [55.079605300000004, 24.959456600000003]}, "properties": {"kind": "mast"}}, {"type": "Feature", "geometry": {"type": "Point", "coordinates": [55.074417600000004, 24.954217600000003]}, "properties": {"kind": "mast"}}, {"type": "Feature", "geometry": {"type": "Point", "coordinates": [55.0731035, 24.9526134]}, "properties": {"kind": "mast"}}, {"type": "Feature", "geometry": {"type": "Point", "coordinates": [55.0217819, 24.9325459]}, "properties": {"kind": "mast"}}, {"type": "Feature", "geometry": {"type": "Point", "coordinates": [55.2113445, 25.083394300000002]}, "properties": {"kind": "street_cabinet"}}, {"type": "Feature", "geometry": {"type": "Point", "coordinates": [55.21143120000001, 25.0833687]}, "properties": {"kind": "street_cabinet"}}, {"type": "Feature", "geometry": {"type": "Point", "coordinates": [55.211393300000005, 25.083335400000003]}, "properties": {"kind": "street_cabinet"}}, {"type": "Feature", "geometry": {"type": "Point", "coordinates": [55.211309, 25.0833081]}, "properties": {"kind": "manhole"}}, {"type": "Feature", "geometry": {"type": "Point", "coordinates": [55.2083, 25.080907600000003]}, "properties": {"kind": "mast"}}, {"type": "Feature", "geometry": {"type": "Point", "coordinates": [55.1339806, 25.0084957]}, "properties": {"kind": "mast"}}, {"type": "Feature", "geometry": {"type": "Point", "coordinates": [55.1313826, 25.0069884]}, "properties": {"kind": "mast"}}, {"type": "Feature", "geometry": {"type": "Point", "coordinates": [55.134202300000005, 25.000953900000003]}, "properties": {"kind": "mast"}}, {"type": "Feature", "geometry": {"type": "Point", "coordinates": [55.1341035, 25.001013200000003]}, "properties": {"kind": "mast"}}, {"type": "Feature", "geometry": {"type": "Point", "coordinates": [55.143929500000006, 25.090873700000003]}, "properties": {"kind": "manhole"}}, {"type": "Feature", "geometry": {"type": "Point", "coordinates": [55.1422741, 25.0924273]}, "properties": {"kind": "manhole"}}, {"type": "Feature", "geometry": {"type": "Point", "coordinates": [55.142295000000004, 25.092413200000003]}, "properties": {"kind": "manhole"}}, {"type": "Feature", "geometry": {"type": "Point", "coordinates": [55.143950800000006, 25.090857900000003]}, "properties": {"kind": "manhole"}}, {"type": "Feature", "geometry": {"type": "Point", "coordinates": [55.1405138, 25.0939087]}, "properties": {"kind": "manhole"}}, {"type": "Feature", "geometry": {"type": "Point", "coordinates": [55.140536700000006, 25.093894900000002]}, "properties": {"kind": "manhole"}}, {"type": "Feature", "geometry": {"type": "Point", "coordinates": [55.0844584, 25.023667200000002]}, "properties": {"kind": "chimney"}}, {"type": "Feature", "geometry": {"type": "Point", "coordinates": [55.084884800000005, 25.023340800000003]}, "properties": {"kind": "chimney"}}, {"type": "Feature", "geometry": {"type": "Point", "coordinates": [55.265731900000006, 25.222799900000002]}, "properties": {"kind": "water_tap"}}, {"type": "Feature", "geometry": {"type": "Point", "coordinates": [55.265309900000005, 25.2223219]}, "properties": {"kind": "mast"}}, {"type": "Feature", "geometry": {"type": "Point", "coordinates": [55.216462400000005, 25.056814000000003]}, "properties": {"kind": "mast"}}, {"type": "Feature", "geometry": {"type": "Point", "coordinates": [55.2184352, 25.1158091]}, "properties": {"kind": "works"}}, {"type": "Feature", "geometry": {"type": "Point", "coordinates": [55.2507352, 25.196682000000003]}, "properties": {"kind": "mast"}}, {"type": "Feature", "geometry": {"type": "Point", "coordinates": [55.2374651, 25.1672912]}, "properties": {"kind": "gantry"}}, {"type": "Feature", "geometry": {"type": "Point", "coordinates": [55.2441965, 25.201067700000003]}, "properties": {"kind": "mast"}}, {"type": "Feature", "geometry": {"type": "Point", "coordinates": [55.180421900000006, 25.107769]}, "properties": {"kind": "gantry"}}, {"type": "Feature", "geometry": {"type": "Point", "coordinates": [55.254496800000005, 25.1861083]}, "properties": {"kind": "waterfall"}}, {"type": "Feature", "geometry": {"type": "Point", "coordinates": [55.281877400000006, 25.181625500000003]}, "properties": {"kind": "mast"}}, {"type": "Feature", "geometry": {"type": "Point", "coordinates": [55.212904800000004, 25.131495700000002]}, "properties": {"kind": "gantry"}}, {"type": "Feature", "geometry": {"type": "Point", "coordinates": [55.1434074, 25.0783236]}, "properties": {"kind": "street_cabinet"}}, {"type": "Feature", "geometry": {"type": "Point", "coordinates": [55.287409700000005, 25.149268000000003]}, "properties": {"kind": "mast"}}, {"type": "Feature", "geometry": {"type": "Point", "coordinates": [55.24551820000001, 25.1935071]}, "properties": {"kind": "survey_point"}}, {"type": "Feature", "geometry": {"type": "Point", "coordinates": [55.2736504, 25.1944345]}, "properties": {"kind": "flagpole"}}, {"type": "Feature", "geometry": {"type": "Point", "coordinates": [55.2814532, 25.153722100000003]}, "properties": {"kind": "mast"}}, {"type": "Feature", "geometry": {"type": "Point", "coordinates": [55.1369466, 25.074893300000003]}, "properties": {"kind": "water_tap"}}, {"type": "Feature", "geometry": {"type": "Point", "coordinates": [55.1430683, 25.107151100000003]}, "properties": {"kind": "water_tap"}}, {"type": "Feature", "geometry": {"type": "Point", "coordinates": [55.226195600000004, 25.14208]}, "properties": {"kind": "water_tap"}}, {"type": "Feature", "geometry": {"type": "Point", "coordinates": [55.14980310000001, 24.958511100000003]}, "properties": {"kind": "water_tap"}}, {"type": "Feature", "geometry": {"type": "Point", "coordinates": [55.150861000000006, 24.958054800000003]}, "properties": {"kind": "water_tap"}}, {"type": "Feature", "geometry": {"type": "Point", "coordinates": [55.2225198, 25.1383034]}, "properties": {"kind": "works"}}, {"type": "Feature", "geometry": {"type": "Point", "coordinates": [55.12166010000001, 25.064163100000002]}, "properties": {"kind": "chimney"}}, {"type": "Feature", "geometry": {"type": "Point", "coordinates": [55.122083, 25.063826600000002]}, "properties": {"kind": "chimney"}}, {"type": "Feature", "geometry": {"type": "Point", "coordinates": [55.2026715, 25.1034484]}, "properties": {"kind": "water_tap"}}, {"type": "Feature", "geometry": {"type": "Point", "coordinates": [55.202924200000005, 25.1034691]}, "properties": {"kind": "water_tap"}}, {"type": "Feature", "geometry": {"type": "Point", "coordinates": [55.140134800000006, 25.077783]}, "properties": {"kind": "water_tap"}}, {"type": "Feature", "geometry": {"type": "Point", "coordinates": [55.132220200000006, 25.070109300000002]}, "properties": {"kind": "water_tap"}}, {"type": "Feature", "geometry": {"type": "Point", "coordinates": [55.1435857, 25.106671600000002]}, "properties": {"kind": "water_tap"}}, {"type": "Feature", "geometry": {"type": "Point", "coordinates": [55.2104367, 25.0527221]}, "properties": {"kind": "street_cabinet"}}, {"type": "Feature", "geometry": {"type": "Point", "coordinates": [55.1591888, 25.072096700000003]}, "properties": {"kind": "surveillance"}}, {"type": "Feature", "geometry": {"type": "Point", "coordinates": [55.280275800000005, 25.2129149]}, "properties": {"kind": "water_tap"}}, {"type": "Feature", "geometry": {"type": "Point", "coordinates": [55.13324540000001, 25.0776697]}, "properties": {"kind": "water_tap"}}, {"type": "Feature", "geometry": {"type": "Point", "coordinates": [55.2750014, 25.1960145]}, "properties": {"kind": "surveillance"}}, {"type": "Feature", "geometry": {"type": "Point", "coordinates": [55.273499300000005, 25.1956995]}, "properties": {"kind": "surveillance"}}, {"type": "Feature", "geometry": {"type": "Point", "coordinates": [55.192439900000004, 25.0628667]}, "properties": {"kind": "water_well"}}, {"type": "Feature", "geometry": {"type": "Point", "coordinates": [55.272609800000005, 25.1967581]}, "properties": {"kind": "surveillance"}}, {"type": "Feature", "geometry": {"type": "Point", "coordinates": [55.274778000000005, 25.1922777]}, "properties": {"kind": "charge_point"}}, {"type": "Feature", "geometry": {"type": "Point", "coordinates": [55.17828900000001, 25.0791226]}, "properties": {"kind": "mast"}}, {"type": "Feature", "geometry": {"type": "Point", "coordinates": [55.17669720000001, 25.076813100000003]}, "properties": {"kind": "mast"}}, {"type": "Feature", "geometry": {"type": "Point", "coordinates": [55.197151100000006, 25.151038600000003]}, "properties": {"kind": "mast"}}, {"type": "Feature", "geometry": {"type": "Point", "coordinates": [55.1612474, 25.0587859]}, "properties": {"kind": "tower"}}, {"type": "Feature", "geometry": {"type": "Point", "coordinates": [55.258501300000006, 25.185763]}, "properties": {"kind": "flagpole"}}, {"type": "Feature", "geometry": {"type": "Point", "coordinates": [55.2584868, 25.1857484]}, "properties": {"kind": "flagpole"}}, {"type": "Feature", "geometry": {"type": "Point", "coordinates": [55.2584729, 25.1857326]}, "properties": {"kind": "flagpole"}}, {"type": "Feature", "geometry": {"type": "Point", "coordinates": [55.2585162, 25.1857785]}, "properties": {"kind": "flagpole"}}, {"type": "Feature", "geometry": {"type": "Point", "coordinates": [55.258531700000006, 25.1857958]}, "properties": {"kind": "flagpole"}}, {"type": "Feature", "geometry": {"type": "Point", "coordinates": [55.282938, 25.1566376]}, "properties": {"kind": "charge_point"}}, {"type": "Feature", "geometry": {"type": "Point", "coordinates": [55.283901, 25.157313300000002]}, "properties": {"kind": "charge_point"}}, {"type": "Feature", "geometry": {"type": "Point", "coordinates": [55.285867800000005, 25.156398600000003]}, "properties": {"kind": "charge_point"}}, {"type": "Feature", "geometry": {"type": "Point", "coordinates": [55.2848273, 25.155448300000003]}, "properties": {"kind": "charge_point"}}, {"type": "Feature", "geometry": {"type": "Point", "coordinates": [55.213426600000005, 24.943192300000003]}, "properties": {"kind": "mast"}}, {"type": "Feature", "geometry": {"type": "Point", "coordinates": [55.214383000000005, 25.1641832]}, "properties": {"kind": "water_tap"}}, {"type": "Feature", "geometry": {"type": "Point", "coordinates": [55.2186413, 25.175544600000002]}, "properties": {"kind": "water_tap"}}, {"type": "Feature", "geometry": {"type": "Point", "coordinates": [55.148037, 25.0766175]}, "properties": {"kind": "flagpole"}}, {"type": "Feature", "geometry": {"type": "Point", "coordinates": [55.1482201, 25.076666600000003]}, "properties": {"kind": "flagpole"}}, {"type": "Feature", "geometry": {"type": "Point", "coordinates": [55.148139500000006, 25.0766399]}, "properties": {"kind": "flagpole"}}, {"type": "Feature", "geometry": {"type": "Point", "coordinates": [55.1481634, 25.0766446]}, "properties": {"kind": "flagpole"}}, {"type": "Feature", "geometry": {"type": "Point", "coordinates": [55.1481879, 25.076652000000003]}, "properties": {"kind": "flagpole"}}, {"type": "Feature", "geometry": {"type": "Point", "coordinates": [55.14821190000001, 25.0766594]}, "properties": {"kind": "flagpole"}}, {"type": "Feature", "geometry": {"type": "Point", "coordinates": [55.1481074, 25.076633]}, "properties": {"kind": "flagpole"}}, {"type": "Feature", "geometry": {"type": "Point", "coordinates": [55.1480729, 25.076627700000003]}, "properties": {"kind": "flagpole"}}, {"type": "Feature", "geometry": {"type": "Point", "coordinates": [55.2539668, 25.0441122]}, "properties": {"kind": "tower"}}, {"type": "Feature", "geometry": {"type": "Point", "coordinates": [55.108873900000006, 24.984696000000003]}, "properties": {"kind": "fuel_pump"}}, {"type": "Feature", "geometry": {"type": "Point", "coordinates": [55.0950575, 25.012004100000002]}, "properties": {"kind": "fuel_pump"}}, {"type": "Feature", "geometry": {"type": "Point", "coordinates": [55.17161290000001, 25.099640500000003]}, "properties": {"kind": "fuel_pump"}}, {"type": "Feature", "geometry": {"type": "Point", "coordinates": [55.139233466769994, 25.118077781265075]}, "properties": {"kind": "pier"}}, {"type": "Feature", "geometry": {"type": "Point", "coordinates": [55.139763175655084, 25.222248251006594]}, "properties": {"kind": "storage_tank"}}, {"type": "Feature", "geometry": {"type": "Point", "coordinates": [55.08616915, 25.031302750000002]}, "properties": {"kind": "drain"}}, {"type": "Feature", "geometry": {"type": "Point", "coordinates": [55.08292915, 25.0292669]}, "properties": {"kind": "drain"}}, {"type": "Feature", "geometry": {"type": "Point", "coordinates": [55.13984676946448, 25.22217512252837]}, "properties": {"kind": "storage_tank"}}, {"type": "Feature", "geometry": {"type": "Point", "coordinates": [55.024888395296735, 24.988915616703597]}, "properties": {"kind": "harbour"}}, {"type": "Feature", "geometry": {"type": "Point", "coordinates": [55.139105405549735, 25.220255672767607]}, "properties": {"kind": "pier"}}, {"type": "Feature", "geometry": {"type": "Point", "coordinates": [55.081473450000004, 25.0276782]}, "properties": {"kind": "drain"}}, {"type": "Feature", "geometry": {"type": "Point", "coordinates": [55.181751687710836, 25.133864664571064]}, "properties": {"kind": "pier"}}, {"type": "Feature", "geometry": {"type": "Point", "coordinates": [55.12129951901597, 25.134689162464362]}, "properties": {"kind": "stream"}}, {"type": "Feature", "geometry": {"type": "Point", "coordinates": [55.12107346207457, 25.134825206233323]}, "properties": {"kind": "stream"}}, {"type": "Feature", "geometry": {"type": "Point", "coordinates": [55.1204274019647, 25.13404101113402]}, "properties": {"kind": "stream"}}, {"type": "Feature", "geometry": {"type": "Point", "coordinates": [55.11884742843707, 25.133131356253124]}, "properties": {"kind": "stream"}}, {"type": "Feature", "geometry": {"type": "Point", "coordinates": [55.120082813569454, 25.13463292447729]}, "properties": {"kind": "stream"}}, {"type": "Feature", "geometry": {"type": "Point", "coordinates": [55.120995, 25.135032600000002]}, "properties": {"kind": "stream"}}, {"type": "Feature", "geometry": {"type": "Point", "coordinates": [55.12190504073847, 25.134377725584596]}, "properties": {"kind": "stream"}}, {"type": "Feature", "geometry": {"type": "Point", "coordinates": [55.11968000000001, 25.1342441]}, "properties": {"kind": "stream"}}, {"type": "Feature", "geometry": {"type": "Point", "coordinates": [55.119074299999994, 25.1322078]}, "properties": {"kind": "stream"}}, {"type": "Feature", "geometry": {"type": "Point", "coordinates": [55.12052962422151, 25.13478441336461]}, "properties": {"kind": "stream"}}, {"type": "Feature", "geometry": {"type": "Point", "coordinates": [55.12072750285176, 25.13484692624865]}, "properties": {"kind": "stream"}}, {"type": "Feature", "geometry": {"type": "Point", "coordinates": [55.11907534883135, 25.13277799280067]}, "properties": {"kind": "stream"}}, {"type": "Feature", "geometry": {"type": "Point", "coordinates": [55.11991436214549, 25.13380958017642]}, "properties": {"kind": "stream"}}, {"type": "Feature", "geometry": {"type": "Point", "coordinates": [55.12169055, 25.1339875]}, "properties": {"kind": "stream"}}, {"type": "Feature", "geometry": {"type": "Point", "coordinates": [55.12160821765567, 25.134719592799165]}, "properties": {"kind": "stream"}}, {"type": "Feature", "geometry": {"type": "Point", "coordinates": [55.11889735, 25.1330497]}, "properties": {"kind": "stream"}}, {"type": "Feature", "geometry": {"type": "Point", "coordinates": [55.121425088938146, 25.13392405661298]}, "properties": {"kind": "stream"}}, {"type": "Feature", "geometry": {"type": "Point", "coordinates": [55.120925400000004, 25.13497895]}, "properties": {"kind": "stream"}}, {"type": "Feature", "geometry": {"type": "Point", "coordinates": [55.118977714562945, 25.13336939147366]}, "properties": {"kind": "stream"}}, {"type": "Feature", "geometry": {"type": "Point", "coordinates": [55.12123905, 25.1338426]}, "properties": {"kind": "stream"}}, {"type": "Feature", "geometry": {"type": "Point", "coordinates": [55.11905125, 25.132442500000003]}, "properties": {"kind": "stream"}}, {"type": "Feature", "geometry": {"type": "Point", "coordinates": [55.11886585, 25.133208949999997]}, "properties": {"kind": "stream"}}, {"type": "Feature", "geometry": {"type": "Point", "coordinates": [55.1190754, 25.13357765]}, "properties": {"kind": "stream"}}, {"type": "Feature", "geometry": {"type": "Point", "coordinates": [55.119366299999996, 25.13229065]}, "properties": {"kind": "stream"}}, {"type": "Feature", "geometry": {"type": "Point", "coordinates": [55.1214404, 25.1347843]}, "properties": {"kind": "stream"}}, {"type": "Feature", "geometry": {"type": "Point", "coordinates": [55.120776449999994, 25.13322715]}, "properties": {"kind": "stream"}}, {"type": "Feature", "geometry": {"type": "Point", "coordinates": [55.121005662886375, 25.13360838508157]}, "properties": {"kind": "stream"}}, {"type": "Feature", "geometry": {"type": "Point", "coordinates": [55.119000615581726, 25.13231595926196]}, "properties": {"kind": "stream"}}, {"type": "Feature", "geometry": {"type": "Point", "coordinates": [55.12054955004572, 25.132942322962737]}, "properties": {"kind": "stream"}}, {"type": "Feature", "geometry": {"type": "Point", "coordinates": [55.11945671093789, 25.134048215418176]}, "properties": {"kind": "stream"}}, {"type": "Feature", "geometry": {"type": "Point", "coordinates": [55.11927932335108, 25.131900749177802]}, "properties": {"kind": "stream"}}, {"type": "Feature", "geometry": {"type": "Point", "coordinates": [55.121972400000004, 25.13413095]}, "properties": {"kind": "stream"}}, {"type": "Feature", "geometry": {"type": "Point", "coordinates": [55.12185870915531, 25.134036658369755]}, "properties": {"kind": "stream"}}, {"type": "Feature", "geometry": {"type": "Point", "coordinates": [55.12026195, 25.13281525]}, "properties": {"kind": "stream"}}, {"type": "Feature", "geometry": {"type": "Point", "coordinates": [55.120847499999996, 25.134917249999997]}, "properties": {"kind": "stream"}}, {"type": "Feature", "geometry": {"type": "Point", "coordinates": [55.11965716092561, 25.13280853127018]}, "properties": {"kind": "stream"}}, {"type": "Feature", "geometry": {"type": "Point", "coordinates": [55.12162223421356, 25.13446872876837]}, "properties": {"kind": "stream"}}, {"type": "Feature", "geometry": {"type": "Point", "coordinates": [55.12038489732893, 25.134364635948746]}, "properties": {"kind": "tower"}}, {"type": "Feature", "geometry": {"type": "Point", "coordinates": [55.20394575, 25.0159892]}, "properties": {"kind": "stream"}}, {"type": "Feature", "geometry": {"type": "Point", "coordinates": [55.20070044603162, 25.018279738052637]}, "properties": {"kind": "stream"}}, {"type": "Feature", "geometry": {"type": "Point", "coordinates": [55.13746026579419, 25.11726333053048]}, "properties": {"kind": "pier"}}, {"type": "Feature", "geometry": {"type": "Point", "coordinates": [55.14159583506617, 25.118345942901648]}, "properties": {"kind": "pier"}}, {"type": "Feature", "geometry": {"type": "Point", "coordinates": [55.141028700154244, 25.11791995084529]}, "properties": {"kind": "pier"}}, {"type": "Feature", "geometry": {"type": "Point", "coordinates": [55.14046805200001, 25.11761791145428]}, "properties": {"kind": "pier"}}, {"type": "Feature", "geometry": {"type": "Point", "coordinates": [55.13924077719353, 25.11763544380775]}, "properties": {"kind": "pier"}}, {"type": "Feature", "geometry": {"type": "Point", "coordinates": [55.137089532916555, 25.117117920623897]}, "properties": {"kind": "pier"}}, {"type": "Feature", "geometry": {"type": "Point", "coordinates": [55.13982658091732, 25.117579322970787]}, "properties": {"kind": "pier"}}, {"type": "Feature", "geometry": {"type": "Point", "coordinates": [55.13828120343936, 25.117493404060266]}, "properties": {"kind": "pier"}}, {"type": "Feature", "geometry": {"type": "Point", "coordinates": [55.1387483169073, 25.117609138017208]}, "properties": {"kind": "pier"}}, {"type": "Feature", "geometry": {"type": "Point", "coordinates": [55.13782814602149, 25.11742995124239]}, "properties": {"kind": "pier"}}, {"type": "Feature", "geometry": {"type": "Point", "coordinates": [55.2362852110571, 25.146302192162928]}, "properties": {"kind": "works"}}, {"type": "Feature", "geometry": {"type": "Point", "coordinates": [55.23734598198738, 25.145517478090714]}, "properties": {"kind": "works"}}, {"type": "Feature", "geometry": {"type": "Point", "coordinates": [55.23428496007465, 25.149316734695127]}, "properties": {"kind": "works"}}, {"type": "Feature", "geometry": {"type": "Point", "coordinates": [55.234025800000005, 25.149000249999993]}, "properties": {"kind": "works"}}, {"type": "Feature", "geometry": {"type": "Point", "coordinates": [55.18985071160853, 25.139512615187254]}, "properties": {"kind": "tower"}}, {"type": "Feature", "geometry": {"type": "Point", "coordinates": [55.16925728700109, 25.22510630109683]}, "properties": {"kind": "pier"}}, {"type": "Feature", "geometry": {"type": "Point", "coordinates": [55.1588892, 25.2272408]}, "properties": {"kind": "canal"}}, {"type": "Feature", "geometry": {"type": "Point", "coordinates": [55.16055559581646, 25.2213304446654]}, "properties": {"kind": "canal"}}, {"type": "Feature", "geometry": {"type": "Point", "coordinates": [55.159270250000006, 25.225429300000002]}, "properties": {"kind": "canal"}}, {"type": "Feature", "geometry": {"type": "Point", "coordinates": [55.16672411767758, 25.22575365344568]}, "properties": {"kind": "canal"}}, {"type": "Feature", "geometry": {"type": "Point", "coordinates": [55.16570993637252, 25.22057118157708]}, "properties": {"kind": "canal"}}, {"type": "Feature", "geometry": {"type": "Point", "coordinates": [55.1744069307369, 25.22166306063493]}, "properties": {"kind": "canal"}}, {"type": "Feature", "geometry": {"type": "Point", "coordinates": [55.17715239502428, 25.225380300482502]}, "properties": {"kind": "canal"}}, {"type": "Feature", "geometry": {"type": "Point", "coordinates": [55.17134515, 25.223912349999996]}, "properties": {"kind": "canal"}}, {"type": "Feature", "geometry": {"type": "Point", "coordinates": [55.15096177567892, 25.130637505614256]}, "properties": {"kind": "pier"}}, {"type": "Feature", "geometry": {"type": "Point", "coordinates": [55.15195779933953, 25.127465446285516]}, "properties": {"kind": "pier"}}, {"type": "Feature", "geometry": {"type": "Point", "coordinates": [55.15923280852447, 25.11028438840804]}, "properties": {"kind": "pier"}}, {"type": "Feature", "geometry": {"type": "Point", "coordinates": [55.15935871933408, 25.11015419102853]}, "properties": {"kind": "pier"}}, {"type": "Feature", "geometry": {"type": "Point", "coordinates": [55.15433455, 25.11270605]}, "properties": {"kind": "pier"}}, {"type": "Feature", "geometry": {"type": "Point", "coordinates": [55.1540642, 25.112382500000002]}, "properties": {"kind": "pier"}}, {"type": "Feature", "geometry": {"type": "Point", "coordinates": [55.15932600894993, 25.109913458109087]}, "properties": {"kind": "pier"}}, {"type": "Feature", "geometry": {"type": "Point", "coordinates": [55.1537093, 25.1122187]}, "properties": {"kind": "pier"}}, {"type": "Feature", "geometry": {"type": "Point", "coordinates": [55.15940844232535, 25.109818110353118]}, "properties": {"kind": "pier"}}, {"type": "Feature", "geometry": {"type": "Point", "coordinates": [55.15392014428054, 25.11251650242908]}, "properties": {"kind": "pier"}}, {"type": "Feature", "geometry": {"type": "Point", "coordinates": [55.13948375, 25.077508500000004]}, "properties": {"kind": "pier"}}, {"type": "Feature", "geometry": {"type": "Point", "coordinates": [55.14063565, 25.07795215]}, "properties": {"kind": "pier"}}, {"type": "Feature", "geometry": {"type": "Point", "coordinates": [55.14027455, 25.07783615]}, "properties": {"kind": "pier"}}, {"type": "Feature", "geometry": {"type": "Point", "coordinates": [55.14022785, 25.078208500000002]}, "properties": {"kind": "pier"}}, {"type": "Feature", "geometry": {"type": "Point", "coordinates": [55.14054215, 25.0779973]}, "properties": {"kind": "pier"}}, {"type": "Feature", "geometry": {"type": "Point", "coordinates": [55.139616450000005, 25.077560300000002]}, "properties": {"kind": "pier"}}, {"type": "Feature", "geometry": {"type": "Point", "coordinates": [55.14007945, 25.078292750000003]}, "properties": {"kind": "pier"}}, {"type": "Feature", "geometry": {"type": "Point", "coordinates": [55.14045475, 25.07805375]}, "properties": {"kind": "pier"}}, {"type": "Feature", "geometry": {"type": "Point", "coordinates": [55.138947349999995, 25.076537549999998]}, "properties": {"kind": "pier"}}, {"type": "Feature", "geometry": {"type": "Point", "coordinates": [55.1405874, 25.0777321]}, "properties": {"kind": "pier"}}, {"type": "Feature", "geometry": {"type": "Point", "coordinates": [55.13924209435499, 25.07698991936067]}, "properties": {"kind": "pier"}}, {"type": "Feature", "geometry": {"type": "Point", "coordinates": [55.14038775, 25.0778018]}, "properties": {"kind": "pier"}}, {"type": "Feature", "geometry": {"type": "Point", "coordinates": [55.14015709999999, 25.07825745]}, "properties": {"kind": "pier"}}, {"type": "Feature", "geometry": {"type": "Point", "coordinates": [55.14029925, 25.07815845]}, "properties": {"kind": "pier"}}, {"type": "Feature", "geometry": {"type": "Point", "coordinates": [55.13995325000001, 25.077832]}, "properties": {"kind": "pier"}}, {"type": "Feature", "geometry": {"type": "Point", "coordinates": [55.140485700000006, 25.077765]}, "properties": {"kind": "pier"}}, {"type": "Feature", "geometry": {"type": "Point", "coordinates": [55.138932749999995, 25.07667135]}, "properties": {"kind": "pier"}}, {"type": "Feature", "geometry": {"type": "Point", "coordinates": [55.1391953, 25.07732205]}, "properties": {"kind": "pier"}}, {"type": "Feature", "geometry": {"type": "Point", "coordinates": [55.138956500000006, 25.07682325]}, "properties": {"kind": "pier"}}, {"type": "Feature", "geometry": {"type": "Point", "coordinates": [55.1390549, 25.07717415]}, "properties": {"kind": "pier"}}, {"type": "Feature", "geometry": {"type": "Point", "coordinates": [55.14036250000001, 25.0781087]}, "properties": {"kind": "pier"}}, {"type": "Feature", "geometry": {"type": "Point", "coordinates": [55.139700700000006, 25.077795950000002]}, "properties": {"kind": "pier"}}, {"type": "Feature", "geometry": {"type": "Point", "coordinates": [55.13934385, 25.0774196]}, "properties": {"kind": "pier"}}, {"type": "Feature", "geometry": {"type": "Point", "coordinates": [55.13897705, 25.076989150000003]}, "properties": {"kind": "pier"}}, {"type": "Feature", "geometry": {"type": "Point", "coordinates": [55.136148250000005, 25.07381955]}, "properties": {"kind": "pier"}}, {"type": "Feature", "geometry": {"type": "Point", "coordinates": [55.138332670949424, 25.076083838629987]}, "properties": {"kind": "pier"}}, {"type": "Feature", "geometry": {"type": "Point", "coordinates": [55.13812215, 25.07607725]}, "properties": {"kind": "pier"}}, {"type": "Feature", "geometry": {"type": "Point", "coordinates": [55.13857439999999, 25.0762051]}, "properties": {"kind": "pier"}}, {"type": "Feature", "geometry": {"type": "Point", "coordinates": [55.13840085, 25.07632205]}, "properties": {"kind": "pier"}}, {"type": "Feature", "geometry": {"type": "Point", "coordinates": [55.13812720608013, 25.07632809431265]}, "properties": {"kind": "pier"}}, {"type": "Feature", "geometry": {"type": "Point", "coordinates": [55.136101749999995, 25.0736238]}, "properties": {"kind": "pier"}}, {"type": "Feature", "geometry": {"type": "Point", "coordinates": [55.13593135000001, 25.0732706]}, "properties": {"kind": "pier"}}, {"type": "Feature", "geometry": {"type": "Point", "coordinates": [55.13561875, 25.073273200000003]}, "properties": {"kind": "pier"}}, {"type": "Feature", "geometry": {"type": "Point", "coordinates": [55.1358738, 25.0730631]}, "properties": {"kind": "pier"}}, {"type": "Feature", "geometry": {"type": "Point", "coordinates": [55.135748050000004, 25.07316875]}, "properties": {"kind": "pier"}}, {"type": "Feature", "geometry": {"type": "Point", "coordinates": [55.13603845, 25.0731869]}, "properties": {"kind": "pier"}}, {"type": "Feature", "geometry": {"type": "Point", "coordinates": [55.1357122, 25.0734449]}, "properties": {"kind": "pier"}}, {"type": "Feature", "geometry": {"type": "Point", "coordinates": [55.13582095, 25.07335935]}, "properties": {"kind": "pier"}}, {"type": "Feature", "geometry": {"type": "Point", "coordinates": [55.1363098, 25.0734548]}, "properties": {"kind": "pier"}}, {"type": "Feature", "geometry": {"type": "Point", "coordinates": [55.1362048, 25.073540549999997]}, "properties": {"kind": "pier"}}, {"type": "Feature", "geometry": {"type": "Point", "coordinates": [55.1382664, 25.07600215]}, "properties": {"kind": "pier"}}, {"type": "Feature", "geometry": {"type": "Point", "coordinates": [55.1356018, 25.0735324]}, "properties": {"kind": "pier"}}, {"type": "Feature", "geometry": {"type": "Point", "coordinates": [55.13840104084537, 25.076189155124798]}, "properties": {"kind": "pier"}}, {"type": "Feature", "geometry": {"type": "Point", "coordinates": [55.13548805, 25.073376149999998]}, "properties": {"kind": "pier"}}, {"type": "Feature", "geometry": {"type": "Point", "coordinates": [55.13840895, 25.07595855]}, "properties": {"kind": "pier"}}, {"type": "Feature", "geometry": {"type": "Point", "coordinates": [55.13626895, 25.073733900000004]}, "properties": {"kind": "pier"}}, {"type": "Feature", "geometry": {"type": "Point", "coordinates": [55.13599575, 25.073708099999998]}, "properties": {"kind": "pier"}}, {"type": "Feature", "geometry": {"type": "Point", "coordinates": [55.1363781, 25.074252549999997]}, "properties": {"kind": "pier"}}, {"type": "Feature", "geometry": {"type": "Point", "coordinates": [55.1303767, 25.06972065]}, "properties": {"kind": "pier"}}, {"type": "Feature", "geometry": {"type": "Point", "coordinates": [55.13075755, 25.0697996]}, "properties": {"kind": "pier"}}, {"type": "Feature", "geometry": {"type": "Point", "coordinates": [55.1317459, 25.069944149999998]}, "properties": {"kind": "pier"}}, {"type": "Feature", "geometry": {"type": "Point", "coordinates": [55.1311961, 25.069934449999998]}, "properties": {"kind": "pier"}}, {"type": "Feature", "geometry": {"type": "Point", "coordinates": [55.13144713108535, 25.069516860856037]}, "properties": {"kind": "pier"}}, {"type": "Feature", "geometry": {"type": "Point", "coordinates": [55.13203025, 25.0698494]}, "properties": {"kind": "pier"}}, {"type": "Feature", "geometry": {"type": "Point", "coordinates": [55.1316498, 25.0700124]}, "properties": {"kind": "pier"}}, {"type": "Feature", "geometry": {"type": "Point", "coordinates": [55.13183175, 25.070087499999996]}, "properties": {"kind": "pier"}}, {"type": "Feature", "geometry": {"type": "Point", "coordinates": [55.13162655, 25.0701057]}, "properties": {"kind": "pier"}}, {"type": "Feature", "geometry": {"type": "Point", "coordinates": [55.13188945, 25.0698932]}, "properties": {"kind": "pier"}}, {"type": "Feature", "geometry": {"type": "Point", "coordinates": [55.13136497764304, 25.069412285189664]}, "properties": {"kind": "pier"}}, {"type": "Feature", "geometry": {"type": "Point", "coordinates": [55.13078753936941, 25.06952599054264]}, "properties": {"kind": "pier"}}, {"type": "Feature", "geometry": {"type": "Point", "coordinates": [55.131992700000005, 25.07007415]}, "properties": {"kind": "pier"}}, {"type": "Feature", "geometry": {"type": "Point", "coordinates": [55.13942489999999, 25.09016085]}, "properties": {"kind": "pier"}}, {"type": "Feature", "geometry": {"type": "Point", "coordinates": [55.1379019, 25.2288759]}, "properties": {"kind": "canal"}}, {"type": "Feature", "geometry": {"type": "Point", "coordinates": [55.18803585, 25.229234650000002]}, "properties": {"kind": "canal"}}, {"type": "Feature", "geometry": {"type": "Point", "coordinates": [55.14676645, 25.21987445]}, "properties": {"kind": "canal"}}, {"type": "Feature", "geometry": {"type": "Point", "coordinates": [55.142191591948645, 25.21660081197175]}, "properties": {"kind": "canal"}}, {"type": "Feature", "geometry": {"type": "Point", "coordinates": [55.147641043273886, 25.213222383451345]}, "properties": {"kind": "canal"}}, {"type": "Feature", "geometry": {"type": "Point", "coordinates": [55.157297400000004, 25.10654135]}, "properties": {"kind": "pier"}}, {"type": "Feature", "geometry": {"type": "Point", "coordinates": [55.156874864812224, 25.106138025544233]}, "properties": {"kind": "pier"}}, {"type": "Feature", "geometry": {"type": "Point", "coordinates": [55.15677166770288, 25.1060720562048]}, "properties": {"kind": "pier"}}, {"type": "Feature", "geometry": {"type": "Point", "coordinates": [55.16368695, 25.114421249999996]}, "properties": {"kind": "pier"}}, {"type": "Feature", "geometry": {"type": "Point", "coordinates": [55.16373703357922, 25.114341404632214]}, "properties": {"kind": "pier"}}, {"type": "Feature", "geometry": {"type": "Point", "coordinates": [55.04270848388181, 24.99080401089535]}, "properties": {"kind": "works"}}, {"type": "Feature", "geometry": {"type": "Point", "coordinates": [55.042476150000006, 24.9903061]}, "properties": {"kind": "works"}}, {"type": "Feature", "geometry": {"type": "Point", "coordinates": [55.04224069389388, 24.99073057861809]}, "properties": {"kind": "works"}}, {"type": "Feature", "geometry": {"type": "Point", "coordinates": [55.04724145767031, 25.10123591184805]}, "properties": {"kind": "pipeline"}}, {"type": "Feature", "geometry": {"type": "Point", "coordinates": [55.02228444148152, 25.01720249316762]}, "properties": {"kind": "cable_submarine"}}, {"type": "Feature", "geometry": {"type": "Point", "coordinates": [55.04418096594257, 25.106264666777058]}, "properties": {"kind": "pipeline"}}, {"type": "Feature", "geometry": {"type": "Point", "coordinates": [55.05330067927707, 25.123396488447778]}, "properties": {"kind": "cable_submarine"}}, {"type": "Feature", "geometry": {"type": "Point", "coordinates": [55.02042916357997, 25.02127639700696]}, "properties": {"kind": "cable_submarine"}}, {"type": "Feature", "geometry": {"type": "Point", "coordinates": [55.165389901740014, 25.19157416651885]}, "properties": {"kind": "restricted_area"}}, {"type": "Feature", "geometry": {"type": "Point", "coordinates": [55.0183784351029, 24.998658458326876]}, "properties": {"kind": "restricted_area"}}, {"type": "Feature", "geometry": {"type": "Point", "coordinates": [55.02831647770486, 25.03029077535356]}, "properties": {"kind": "restricted_area"}}, {"type": "Feature", "geometry": {"type": "Point", "coordinates": [55.11660647868276, 25.130892354528324]}, "properties": {"kind": "restricted_area"}}, {"type": "Feature", "geometry": {"type": "Point", "coordinates": [55.27873437480329, 25.026227851896454]}, "properties": {"kind": "silo"}}, {"type": "Feature", "geometry": {"type": "Point", "coordinates": [55.278611514519575, 25.026328564231182]}, "properties": {"kind": "silo"}}, {"type": "Feature", "geometry": {"type": "Point", "coordinates": [55.2785105888007, 25.026263657856145]}, "properties": {"kind": "silo"}}, {"type": "Feature", "geometry": {"type": "Point", "coordinates": [55.25862022764889, 25.21485771722851]}, "properties": {"kind": "canopy"}}, {"type": "Feature", "geometry": {"type": "Point", "coordinates": [55.251734531593, 25.222029242766943]}, "properties": {"kind": "breakwater"}}, {"type": "Feature", "geometry": {"type": "Point", "coordinates": [55.28099577507503, 25.221687601270347]}, "properties": {"kind": "tower"}}, {"type": "Feature", "geometry": {"type": "Point", "coordinates": [55.067829743829506, 25.030802244001734]}, "properties": {"kind": "pier"}}, {"type": "Feature", "geometry": {"type": "Point", "coordinates": [55.06694334312716, 25.030633898261545]}, "properties": {"kind": "pier"}}, {"type": "Feature", "geometry": {"type": "Point", "coordinates": [55.06600575702307, 25.030302874677695]}, "properties": {"kind": "pier"}}, {"type": "Feature", "geometry": {"type": "Point", "coordinates": [55.02813377861366, 25.032636005038917]}, "properties": {"kind": "breakwater"}}, {"type": "Feature", "geometry": {"type": "Point", "coordinates": [55.2141339, 25.173202149999998]}, "properties": {"kind": "pier"}}, {"type": "Feature", "geometry": {"type": "Point", "coordinates": [55.24539005, 25.2111573]}, "properties": {"kind": "pier"}}, {"type": "Feature", "geometry": {"type": "Point", "coordinates": [55.1982977, 25.1527897]}, "properties": {"kind": "pier"}}, {"type": "Feature", "geometry": {"type": "Point", "coordinates": [55.198043049999995, 25.153088]}, "properties": {"kind": "pier"}}, {"type": "Feature", "geometry": {"type": "Point", "coordinates": [55.21463482277708, 25.1734216495566]}, "properties": {"kind": "pier"}}, {"type": "Feature", "geometry": {"type": "Point", "coordinates": [55.24500227920886, 25.21129861546631]}, "properties": {"kind": "pier"}}, {"type": "Feature", "geometry": {"type": "Point", "coordinates": [55.215187549999996, 25.1751459]}, "properties": {"kind": "pier"}}, {"type": "Feature", "geometry": {"type": "Point", "coordinates": [55.19717625193759, 25.15259236698796]}, "properties": {"kind": "pier"}}, {"type": "Feature", "geometry": {"type": "Point", "coordinates": [55.1979009938412, 25.153471605186425]}, "properties": {"kind": "pier"}}, {"type": "Feature", "geometry": {"type": "Point", "coordinates": [55.24464182179849, 25.21146848370018]}, "properties": {"kind": "pier"}}, {"type": "Feature", "geometry": {"type": "Point", "coordinates": [55.245035417046175, 25.211045658996543]}, "properties": {"kind": "pier"}}, {"type": "Feature", "geometry": {"type": "Point", "coordinates": [55.198330496172, 25.153176360955857]}, "properties": {"kind": "pier"}}, {"type": "Feature", "geometry": {"type": "Point", "coordinates": [55.121283250000005, 25.06569655]}, "properties": {"kind": "water_works"}}, {"type": "Feature", "geometry": {"type": "Point", "coordinates": [55.121530799999995, 25.065950700000002]}, "properties": {"kind": "water_works"}}, {"type": "Feature", "geometry": {"type": "Point", "coordinates": [55.12178725, 25.06621205]}, "properties": {"kind": "water_works"}}, {"type": "Feature", "geometry": {"type": "Point", "coordinates": [55.11658395, 25.1273963]}, "properties": {"kind": "pier"}}, {"type": "Feature", "geometry": {"type": "Point", "coordinates": [55.23913260000001, 25.043142600000003]}, "properties": {"kind": "storage_tank"}}, {"type": "Feature", "geometry": {"type": "Point", "coordinates": [55.23721539886238, 25.20057530869802]}, "properties": {"kind": "silo"}}, {"type": "Feature", "geometry": {"type": "Point", "coordinates": [55.23771542618182, 25.200431409298517]}, "properties": {"kind": "silo"}}, {"type": "Feature", "geometry": {"type": "Point", "coordinates": [55.237582899426506, 25.20023220756299]}, "properties": {"kind": "silo"}}, {"type": "Feature", "geometry": {"type": "Point", "coordinates": [55.1641847, 25.115374299999996]}, "properties": {"kind": "pier"}}, {"type": "Feature", "geometry": {"type": "Point", "coordinates": [55.17752615655981, 25.10271597493878]}, "properties": {"kind": "wastewater_plant"}}, {"type": "Feature", "geometry": {"type": "Point", "coordinates": [55.19353867266591, 25.064354415532794]}, "properties": {"kind": "wastewater_plant"}}, {"type": "Feature", "geometry": {"type": "Point", "coordinates": [55.17457219554416, 25.0299752766435]}, "properties": {"kind": "wastewater_plant"}}, {"type": "Feature", "geometry": {"type": "Point", "coordinates": [55.08301725668422, 25.003809861860063]}, "properties": {"kind": "storage_tank"}}, {"type": "Feature", "geometry": {"type": "Point", "coordinates": [55.08330157774826, 25.004062215237692]}, "properties": {"kind": "storage_tank"}}, {"type": "Feature", "geometry": {"type": "Point", "coordinates": [55.08300073033948, 25.003433536882085]}, "properties": {"kind": "storage_tank"}}, {"type": "Feature", "geometry": {"type": "Point", "coordinates": [55.08328151391576, 25.00316944816259]}, "properties": {"kind": "storage_tank"}}, {"type": "Feature", "geometry": {"type": "Point", "coordinates": [55.082736000000004, 25.02905285]}, "properties": {"kind": "drain"}}, {"type": "Feature", "geometry": {"type": "Point", "coordinates": [55.081989085313985, 25.031169506778856]}, "properties": {"kind": "pier"}}, {"type": "Feature", "geometry": {"type": "Point", "coordinates": [55.082265, 25.032076099999998]}, "properties": {"kind": "pier"}}, {"type": "Feature", "geometry": {"type": "Point", "coordinates": [55.082538843531395, 25.03076596146887]}, "properties": {"kind": "pier"}}, {"type": "Feature", "geometry": {"type": "Point", "coordinates": [55.07845545377562, 25.023084141757145]}, "properties": {"kind": "pipeline"}}, {"type": "Feature", "geometry": {"type": "Point", "coordinates": [55.09864616824664, 25.04503709713901]}, "properties": {"kind": "dam"}}, {"type": "Feature", "geometry": {"type": "Point", "coordinates": [55.10281138866655, 25.03979269134836]}, "properties": {"kind": "pipeline"}}, {"type": "Feature", "geometry": {"type": "Point", "coordinates": [55.0979156, 25.044267350000002]}, "properties": {"kind": "drain"}}, {"type": "Feature", "geometry": {"type": "Point", "coordinates": [55.10311025, 25.053705049999998]}, "properties": {"kind": "pier"}}, {"type": "Feature", "geometry": {"type": "Point", "coordinates": [55.10222465, 25.0528215]}, "properties": {"kind": "pier"}}, {"type": "Feature", "geometry": {"type": "Point", "coordinates": [55.10961775, 25.055653200000002]}, "properties": {"kind": "drain"}}, {"type": "Feature", "geometry": {"type": "Point", "coordinates": [55.1100486, 25.056017000000004]}, "properties": {"kind": "drain"}}, {"type": "Feature", "geometry": {"type": "Point", "coordinates": [55.11690645000001, 25.063974049999995]}, "properties": {"kind": "drain"}}, {"type": "Feature", "geometry": {"type": "Point", "coordinates": [55.11519115, 25.06233475]}, "properties": {"kind": "drain"}}, {"type": "Feature", "geometry": {"type": "Point", "coordinates": [55.1215059, 25.0689232]}, "properties": {"kind": "drain"}}, {"type": "Feature", "geometry": {"type": "Point", "coordinates": [55.124623849001644, 25.067758034268927]}, "properties": {"kind": "storage_tank"}}, {"type": "Feature", "geometry": {"type": "Point", "coordinates": [55.12540347628, 25.06777586006846]}, "properties": {"kind": "storage_tank"}}, {"type": "Feature", "geometry": {"type": "Point", "coordinates": [55.12508297712462, 25.067389900224022]}, "properties": {"kind": "storage_tank"}}, {"type": "Feature", "geometry": {"type": "Point", "coordinates": [55.124977561827436, 25.06813407560818]}, "properties": {"kind": "storage_tank"}}, {"type": "Feature", "geometry": {"type": "Point", "coordinates": [55.12552247497964, 25.068663496780974]}, "properties": {"kind": "storage_tank"}}, {"type": "Feature", "geometry": {"type": "Point", "coordinates": [55.125954109992165, 25.068311240734154]}, "properties": {"kind": "storage_tank"}}, {"type": "Feature", "geometry": {"type": "Point", "coordinates": [55.125863477593256, 25.069030482422832]}, "properties": {"kind": "storage_tank"}}, {"type": "Feature", "geometry": {"type": "Point", "coordinates": [55.12630847347618, 25.06868201420212]}, "properties": {"kind": "storage_tank"}}, {"type": "Feature", "geometry": {"type": "Point", "coordinates": [55.124275048161756, 25.061534471130496]}, "properties": {"kind": "storage_tank"}}, {"type": "Feature", "geometry": {"type": "Point", "coordinates": [55.12389145145103, 25.06112964751404]}, "properties": {"kind": "storage_tank"}}, {"type": "Feature", "geometry": {"type": "Point", "coordinates": [55.124396430109414, 25.060709605941305]}, "properties": {"kind": "storage_tank"}}, {"type": "Feature", "geometry": {"type": "Point", "coordinates": [55.12477084086418, 25.06113664164114]}, "properties": {"kind": "storage_tank"}}, {"type": "Feature", "geometry": {"type": "Point", "coordinates": [55.11129483063326, 25.056141365132007]}, "properties": {"kind": "storage_tank"}}, {"type": "Feature", "geometry": {"type": "Point", "coordinates": [55.11941655, 25.066817049999997]}, "properties": {"kind": "drain"}}, {"type": "Feature", "geometry": {"type": "Point", "coordinates": [55.11695514490148, 25.05786643616862]}, "properties": {"kind": "water_works"}}, {"type": "Feature", "geometry": {"type": "Point", "coordinates": [55.11630293859361, 25.05721544917673]}, "properties": {"kind": "water_works"}}, {"type": "Feature", "geometry": {"type": "Point", "coordinates": [55.115895930870465, 25.0533863105351]}, "properties": {"kind": "storage_tank"}}, {"type": "Feature", "geometry": {"type": "Point", "coordinates": [55.11522882797941, 25.05266550257553]}, "properties": {"kind": "storage_tank"}}, {"type": "Feature", "geometry": {"type": "Point", "coordinates": [55.11598699981729, 25.05268166292986]}, "properties": {"kind": "storage_tank"}}, {"type": "Feature", "geometry": {"type": "Point", "coordinates": [55.11666883264017, 25.0534098577368]}, "properties": {"kind": "storage_tank"}}, {"type": "Feature", "geometry": {"type": "Point", "coordinates": [55.11623439280212, 25.053732731809006]}, "properties": {"kind": "storage_tank"}}, {"type": "Feature", "geometry": {"type": "Point", "coordinates": [55.115549358327776, 25.053010410901525]}, "properties": {"kind": "storage_tank"}}, {"type": "Feature", "geometry": {"type": "Point", "coordinates": [55.11563079986894, 25.052323479096668]}, "properties": {"kind": "storage_tank"}}, {"type": "Feature", "geometry": {"type": "Point", "coordinates": [55.11632877154869, 25.053038403565573]}, "properties": {"kind": "storage_tank"}}, {"type": "Feature", "geometry": {"type": "Point", "coordinates": [55.11079927062689, 25.0484934092432]}, "properties": {"kind": "storage_tank"}}, {"type": "Feature", "geometry": {"type": "Point", "coordinates": [55.11129891490713, 25.048079162874213]}, "properties": {"kind": "storage_tank"}}, {"type": "Feature", "geometry": {"type": "Point", "coordinates": [55.11209941998217, 25.04814990489358]}, "properties": {"kind": "storage_tank"}}, {"type": "Feature", "geometry": {"type": "Point", "coordinates": [55.11169269677767, 25.04852291707984]}, "properties": {"kind": "storage_tank"}}, {"type": "Feature", "geometry": {"type": "Point", "coordinates": [55.11117029555037, 25.048884083990604]}, "properties": {"kind": "storage_tank"}}, {"type": "Feature", "geometry": {"type": "Point", "coordinates": [55.11170408022465, 25.04774598190169]}, "properties": {"kind": "storage_tank"}}, {"type": "Feature", "geometry": {"type": "Point", "coordinates": [55.10629474444718, 25.044648181641833]}, "properties": {"kind": "storage_tank"}}, {"type": "Feature", "geometry": {"type": "Point", "coordinates": [55.10764399721052, 25.04359687326781]}, "properties": {"kind": "storage_tank"}}, {"type": "Feature", "geometry": {"type": "Point", "coordinates": [55.10666578761103, 25.045039326850606]}, "properties": {"kind": "storage_tank"}}, {"type": "Feature", "geometry": {"type": "Point", "coordinates": [55.1068681763916, 25.042765646535436]}, "properties": {"kind": "storage_tank"}}, {"type": "Feature", "geometry": {"type": "Point", "coordinates": [55.10646339567623, 25.04310791814484]}, "properties": {"kind": "storage_tank"}}, {"type": "Feature", "geometry": {"type": "Point", "coordinates": [55.10727295900086, 25.04318127844699]}, "properties": {"kind": "storage_tank"}}, {"type": "Feature", "geometry": {"type": "Point", "coordinates": [55.106861435008966, 25.043505207110087]}, "properties": {"kind": "storage_tank"}}, {"type": "Feature", "geometry": {"type": "Point", "coordinates": [55.10804203756394, 25.043969733644097]}, "properties": {"kind": "storage_tank"}}, {"type": "Feature", "geometry": {"type": "Point", "coordinates": [55.1063149870689, 25.043920824960964]}, "properties": {"kind": "storage_tank"}}, {"type": "Feature", "geometry": {"type": "Point", "coordinates": [55.105930444447196, 25.043535781641836]}, "properties": {"kind": "storage_tank"}}, {"type": "Feature", "geometry": {"type": "Point", "coordinates": [55.10724598317305, 25.04390247712112]}, "properties": {"kind": "storage_tank"}}, {"type": "Feature", "geometry": {"type": "Point", "coordinates": [55.10552566184672, 25.04386582878851]}, "properties": {"kind": "storage_tank"}}, {"type": "Feature", "geometry": {"type": "Point", "coordinates": [55.107623774856535, 25.044299784696125]}, "properties": {"kind": "storage_tank"}}, {"type": "Feature", "geometry": {"type": "Point", "coordinates": [55.10591019567622, 25.044269218144848]}, "properties": {"kind": "storage_tank"}}, {"type": "Feature", "geometry": {"type": "Point", "coordinates": [55.10667928855621, 25.044311980255547]}, "properties": {"kind": "storage_tank"}}, {"type": "Feature", "geometry": {"type": "Point", "coordinates": [55.10705708317304, 25.04470927712112]}, "properties": {"kind": "storage_tank"}}, {"type": "Feature", "geometry": {"type": "Point", "coordinates": [55.116300575290914, 25.051679624772955]}, "properties": {"kind": "pipeline"}}, {"type": "Feature", "geometry": {"type": "Point", "coordinates": [55.108514261879044, 25.049252315938574]}, "properties": {"kind": "pipeline"}}, {"type": "Feature", "geometry": {"type": "Point", "coordinates": [55.200862566022494, 25.016221781959338]}, "properties": {"kind": "stream"}}, {"type": "Feature", "geometry": {"type": "Point", "coordinates": [55.20208641891327, 25.014467713408788]}, "properties": {"kind": "stream"}}, {"type": "Feature", "geometry": {"type": "Point", "coordinates": [55.20200447923996, 25.01431681491845]}, "properties": {"kind": "stream"}}, {"type": "Feature", "geometry": {"type": "Point", "coordinates": [55.272663218123355, 24.934675614890136]}, "properties": {"kind": "embankment"}}, {"type": "Feature", "geometry": {"type": "Point", "coordinates": [55.279686263020764, 24.953690926236156]}, "properties": {"kind": "pipeline"}}, {"type": "Feature", "geometry": {"type": "Point", "coordinates": [55.13482601482324, 24.97503976013263]}, "properties": {"kind": "pipeline"}}, {"type": "Feature", "geometry": {"type": "Point", "coordinates": [55.261645322507135, 25.18684375605065]}, "properties": {"kind": "canal"}}, {"type": "Feature", "geometry": {"type": "Point", "coordinates": [55.196921179291344, 25.021383962865546]}, "properties": {"kind": "pipeline"}}, {"type": "Feature", "geometry": {"type": "Point", "coordinates": [55.23748399495557, 25.04343248958472]}, "properties": {"kind": "wastewater_plant"}}, {"type": "Feature", "geometry": {"type": "Point", "coordinates": [55.02550029402274, 24.987872148939548]}, "properties": {"kind": "pier"}}, {"type": "Feature", "geometry": {"type": "Point", "coordinates": [55.02516879967036, 24.98824790208463]}, "properties": {"kind": "pier"}}, {"type": "Feature", "geometry": {"type": "Point", "coordinates": [55.02522865, 24.98796495]}, "properties": {"kind": "pier"}}, {"type": "Feature", "geometry": {"type": "Point", "coordinates": [55.02523145, 24.98759115]}, "properties": {"kind": "pier"}}, {"type": "Feature", "geometry": {"type": "Point", "coordinates": [55.024920899320485, 24.987543849651594]}, "properties": {"kind": "pier"}}, {"type": "Feature", "geometry": {"type": "Point", "coordinates": [55.02498135193685, 24.98792019753532]}, "properties": {"kind": "pier"}}, {"type": "Feature", "geometry": {"type": "Point", "coordinates": [55.02501485, 24.988313599999998]}, "properties": {"kind": "pier"}}, {"type": "Feature", "geometry": {"type": "Point", "coordinates": [55.0245202, 24.9886863]}, "properties": {"kind": "pier"}}, {"type": "Feature", "geometry": {"type": "Point", "coordinates": [55.08215966688214, 25.031359496744923]}, "properties": {"kind": "breakwater"}}, {"type": "Feature", "geometry": {"type": "Point", "coordinates": [55.15461989365476, 25.10375620388525]}, "properties": {"kind": "pier"}}, {"type": "Feature", "geometry": {"type": "Point", "coordinates": [55.1544458, 25.1036516]}, "properties": {"kind": "pier"}}, {"type": "Feature", "geometry": {"type": "Point", "coordinates": [55.27406636346597, 25.160192839251327]}, "properties": {"kind": "tower"}}, {"type": "Feature", "geometry": {"type": "Point", "coordinates": [55.25014054983397, 25.1890454916786]}, "properties": {"kind": "water_tower"}}, {"type": "Feature", "geometry": {"type": "Point", "coordinates": [55.156281552272056, 25.10631003942465]}, "properties": {"kind": "breakwater"}}, {"type": "Feature", "geometry": {"type": "Point", "coordinates": [55.151485598574226, 24.994351821206013]}, "properties": {"kind": "wastewater_plant"}}, {"type": "Feature", "geometry": {"type": "Point", "coordinates": [55.156704637677514, 24.98954156190194]}, "properties": {"kind": "pipeline"}}, {"type": "Feature", "geometry": {"type": "Point", "coordinates": [55.09485636119738, 25.011877269115278]}, "properties": {"kind": "canopy"}}, {"type": "Feature", "geometry": {"type": "Point", "coordinates": [55.17606835346043, 25.0166476163184]}, "properties": {"kind": "pipeline"}}, {"type": "Feature", "geometry": {"type": "Point", "coordinates": [55.14715994603127, 25.08391574237768]}, "properties": {"kind": "pier"}}, {"type": "Feature", "geometry": {"type": "Point", "coordinates": [55.173576738611466, 25.04424825333322]}, "properties": {"kind": "street_cabinet"}}, {"type": "Feature", "geometry": {"type": "Point", "coordinates": [55.17176176138854, 25.045120846666787]}, "properties": {"kind": "street_cabinet"}}, {"type": "Feature", "geometry": {"type": "Point", "coordinates": [55.0644144342509, 24.963532215224443]}, "properties": {"kind": "street_cabinet"}}, {"type": "Feature", "geometry": {"type": "Point", "coordinates": [55.13353078062791, 25.074157249029636]}, "properties": {"kind": "pier"}}, {"type": "Feature", "geometry": {"type": "Point", "coordinates": [55.13379428899974, 25.07446503341717]}, "properties": {"kind": "pier"}}, {"type": "Feature", "geometry": {"type": "Point", "coordinates": [55.132001912142165, 25.138216588563914]}, "properties": {"kind": "pier"}}, {"type": "Feature", "geometry": {"type": "Point", "coordinates": [55.2338590105069, 25.197549922634675]}, "properties": {"kind": "pier"}}, {"type": "Feature", "geometry": {"type": "Point", "coordinates": [55.23362643959203, 25.197779474453704]}, "properties": {"kind": "pier"}}, {"type": "Feature", "geometry": {"type": "Point", "coordinates": [55.233528413428154, 25.197865190514]}, "properties": {"kind": "pier"}}, {"type": "Feature", "geometry": {"type": "Point", "coordinates": [55.13590630239591, 25.072695903159495]}, "properties": {"kind": "pier"}}, {"type": "Feature", "geometry": {"type": "Point", "coordinates": [55.136843100462876, 25.07486630107113]}, "properties": {"kind": "pier"}}, {"type": "Feature", "geometry": {"type": "Point", "coordinates": [55.136829761029546, 25.074908888297163]}, "properties": {"kind": "pier"}}, {"type": "Feature", "geometry": {"type": "Point", "coordinates": [55.2707948, 25.182412149999998]}, "properties": {"kind": "pier"}}, {"type": "Feature", "geometry": {"type": "Point", "coordinates": [55.28467322557372, 25.18784835949182]}, "properties": {"kind": "pier"}}, {"type": "Feature", "geometry": {"type": "Point", "coordinates": [55.25220118306077, 25.18652127105609]}, "properties": {"kind": "pier"}}, {"type": "Feature", "geometry": {"type": "Point", "coordinates": [55.14006669104067, 25.077783505862296]}, "properties": {"kind": "pier"}}, {"type": "Feature", "geometry": {"type": "Point", "coordinates": [55.14004834771682, 25.07773557125078]}, "properties": {"kind": "pier"}}, {"type": "Feature", "geometry": {"type": "Point", "coordinates": [55.1401518, 25.0778761]}, "properties": {"kind": "pier"}}, {"type": "Feature", "geometry": {"type": "Point", "coordinates": [55.1476611, 25.08455795]}, "properties": {"kind": "pier"}}, {"type": "Feature", "geometry": {"type": "Point", "coordinates": [55.24404339999999, 25.123795299999998]}, "properties": {"kind": "works"}}, {"type": "Feature", "geometry": {"type": "Point", "coordinates": [55.133824181226174, 25.00247642914784]}, "properties": {"kind": "works"}}, {"type": "Feature", "geometry": {"type": "Point", "coordinates": [55.19032788767159, 24.97650849067579]}, "properties": {"kind": "works"}}, {"type": "Feature", "geometry": {"type": "Point", "coordinates": [55.191975711378326, 24.971272001668446]}, "properties": {"kind": "works"}}, {"type": "Feature", "geometry": {"type": "Point", "coordinates": [55.005265012173425, 24.984407664457738]}, "properties": {"kind": "pier"}}, {"type": "Feature", "geometry": {"type": "Point", "coordinates": [55.0057247, 24.984647250000002]}, "properties": {"kind": "pier"}}, {"type": "Feature", "geometry": {"type": "Point", "coordinates": [55.005203800000004, 24.984589999999997]}, "properties": {"kind": "pier"}}, {"type": "Feature", "geometry": {"type": "Point", "coordinates": [55.00510225804607, 24.984758033021105]}, "properties": {"kind": "pier"}}, {"type": "Feature", "geometry": {"type": "Point", "coordinates": [55.00599524981773, 24.984930549484105]}, "properties": {"kind": "pier"}}, {"type": "Feature", "geometry": {"type": "Point", "coordinates": [55.00566041619558, 24.9847644540838]}, "properties": {"kind": "pier"}}, {"type": "Feature", "geometry": {"type": "Point", "coordinates": [55.15235589977312, 25.104571574612894]}, "properties": {"kind": "bridge"}}, {"type": "Feature", "geometry": {"type": "Point", "coordinates": [55.15124527998166, 25.104234427654013]}, "properties": {"kind": "bridge"}}, {"type": "Feature", "geometry": {"type": "Point", "coordinates": [55.09191221740391, 25.033681904452056]}, "properties": {"kind": "cooling"}}, {"type": "Feature", "geometry": {"type": "Point", "coordinates": [55.095907533815755, 25.031094635803264]}, "properties": {"kind": "cooling"}}, {"type": "Feature", "geometry": {"type": "Point", "coordinates": [55.09655789322984, 25.03257336402896]}, "properties": {"kind": "cooling"}}, {"type": "Feature", "geometry": {"type": "Point", "coordinates": [55.09694806168194, 25.032296737426638]}, "properties": {"kind": "cooling"}}, {"type": "Feature", "geometry": {"type": "Point", "coordinates": [55.09654725897066, 25.031008235835728]}, "properties": {"kind": "cooling"}}, {"type": "Feature", "geometry": {"type": "Point", "coordinates": [55.09734076056379, 25.030368429721428]}, "properties": {"kind": "cooling"}}, {"type": "Feature", "geometry": {"type": "Point", "coordinates": [55.0966309615577, 25.033590288456203]}, "properties": {"kind": "cooling"}}, {"type": "Feature", "geometry": {"type": "Point", "coordinates": [55.096241549999995, 25.033872]}, "properties": {"kind": "cooling"}}, {"type": "Feature", "geometry": {"type": "Point", "coordinates": [55.09943147943047, 25.033239544600256]}, "properties": {"kind": "cooling"}}, {"type": "Feature", "geometry": {"type": "Point", "coordinates": [55.098243039268425, 25.03106424193559]}, "properties": {"kind": "cooling"}}, {"type": "Feature", "geometry": {"type": "Point", "coordinates": [55.12499851576722, 25.033965716702134]}, "properties": {"kind": "reservoir_covered"}}, {"type": "Feature", "geometry": {"type": "Point", "coordinates": [55.12335208915096, 25.03521723826225]}, "properties": {"kind": "reservoir_covered"}}, {"type": "Feature", "geometry": {"type": "Point", "coordinates": [55.12492543420853, 25.035999171233954]}, "properties": {"kind": "reservoir_covered"}}, {"type": "Feature", "geometry": {"type": "Point", "coordinates": [55.24360040578945, 24.96933629156562]}, "properties": {"kind": "pipeline"}}, {"type": "Feature", "geometry": {"type": "Point", "coordinates": [55.247527311430716, 25.215354713272472]}, "properties": {"kind": "breakwater"}}, {"type": "Feature", "geometry": {"type": "Point", "coordinates": [55.24513929168614, 25.212484038382225]}, "properties": {"kind": "breakwater"}}, {"type": "Feature", "geometry": {"type": "Point", "coordinates": [55.243350543710235, 25.211323096447735]}, "properties": {"kind": "breakwater"}}, {"type": "Feature", "geometry": {"type": "Point", "coordinates": [55.24285463290425, 25.20952320659073]}, "properties": {"kind": "breakwater"}}, {"type": "Feature", "geometry": {"type": "Point", "coordinates": [55.24280882383902, 25.209903192407566]}, "properties": {"kind": "breakwater"}}, {"type": "Feature", "geometry": {"type": "Point", "coordinates": [55.238148524106876, 25.20484010644225]}, "properties": {"kind": "breakwater"}}, {"type": "Feature", "geometry": {"type": "Point", "coordinates": [55.23471401319354, 25.209290557059038]}, "properties": {"kind": "breakwater"}}, {"type": "Feature", "geometry": {"type": "Point", "coordinates": [55.237752182025304, 25.202326394583405]}, "properties": {"kind": "breakwater"}}, {"type": "Feature", "geometry": {"type": "Point", "coordinates": [55.23612855309252, 25.201015680001934]}, "properties": {"kind": "breakwater"}}, {"type": "Feature", "geometry": {"type": "Point", "coordinates": [55.233475379461446, 25.20101913029912]}, "properties": {"kind": "breakwater"}}, {"type": "Feature", "geometry": {"type": "Point", "coordinates": [55.23421457528513, 25.1965052109708]}, "properties": {"kind": "breakwater"}}, {"type": "Feature", "geometry": {"type": "Point", "coordinates": [55.23471226052972, 25.210801405710644]}, "properties": {"kind": "breakwater"}}, {"type": "Feature", "geometry": {"type": "Point", "coordinates": [55.25270519156035, 25.223399232681412]}, "properties": {"kind": "breakwater"}}, {"type": "Feature", "geometry": {"type": "Point", "coordinates": [55.25124566989221, 25.22440515121103]}, "properties": {"kind": "breakwater"}}, {"type": "Feature", "geometry": {"type": "Point", "coordinates": [55.248074784484686, 25.226320972757705]}, "properties": {"kind": "breakwater"}}, {"type": "Feature", "geometry": {"type": "Point", "coordinates": [55.252644180595276, 25.227887678570088]}, "properties": {"kind": "breakwater"}}, {"type": "Feature", "geometry": {"type": "Point", "coordinates": [55.25622391693711, 25.229481589870723]}, "properties": {"kind": "breakwater"}}, {"type": "Feature", "geometry": {"type": "Point", "coordinates": [55.22795412663434, 25.198215405691695]}, "properties": {"kind": "pier"}}, {"type": "Feature", "geometry": {"type": "Point", "coordinates": [55.23344934762922, 25.195699770767835]}, "properties": {"kind": "breakwater"}}, {"type": "Feature", "geometry": {"type": "Point", "coordinates": [55.235704241167674, 25.212946076098596]}, "properties": {"kind": "breakwater"}}, {"type": "Feature", "geometry": {"type": "Point", "coordinates": [55.23471973820018, 25.214805435346378]}, "properties": {"kind": "breakwater"}}, {"type": "Feature", "geometry": {"type": "Point", "coordinates": [55.23451227499995, 25.215865298329398]}, "properties": {"kind": "breakwater"}}, {"type": "Feature", "geometry": {"type": "Point", "coordinates": [55.234504955641704, 25.216820151767163]}, "properties": {"kind": "breakwater"}}, {"type": "Feature", "geometry": {"type": "Point", "coordinates": [55.23458344976412, 25.217747843273603]}, "properties": {"kind": "breakwater"}}, {"type": "Feature", "geometry": {"type": "Point", "coordinates": [55.228028479911934, 25.216643049204073]}, "properties": {"kind": "breakwater"}}, {"type": "Feature", "geometry": {"type": "Point", "coordinates": [55.22796276730838, 25.192142228162446]}, "properties": {"kind": "breakwater"}}, {"type": "Feature", "geometry": {"type": "Point", "coordinates": [55.22579489211003, 25.21751164704329]}, "properties": {"kind": "breakwater"}}, {"type": "Feature", "geometry": {"type": "Point", "coordinates": [55.22610946023796, 25.220736571618485]}, "properties": {"kind": "breakwater"}}, {"type": "Feature", "geometry": {"type": "Point", "coordinates": [55.22280193843408, 25.185666303908924]}, "properties": {"kind": "breakwater"}}, {"type": "Feature", "geometry": {"type": "Point", "coordinates": [55.21842997153666, 25.180070900177753]}, "properties": {"kind": "breakwater"}}, {"type": "Feature", "geometry": {"type": "Point", "coordinates": [55.21306995833044, 25.174651869802638]}, "properties": {"kind": "breakwater"}}, {"type": "Feature", "geometry": {"type": "Point", "coordinates": [55.21620634710354, 25.175573436015284]}, "properties": {"kind": "breakwater"}}, {"type": "Feature", "geometry": {"type": "Point", "coordinates": [55.2132505937126, 25.17337268919278]}, "properties": {"kind": "lighthouse"}}, {"type": "Feature", "geometry": {"type": "Point", "coordinates": [55.12393086429261, 25.080125809378544]}, "properties": {"kind": "breakwater"}}, {"type": "Feature", "geometry": {"type": "Point", "coordinates": [55.120882626821235, 25.07778354173068]}, "properties": {"kind": "breakwater"}}, {"type": "Feature", "geometry": {"type": "Point", "coordinates": [55.278092088506654, 25.159814795804806]}, "properties": {"kind": "wastewater_plant"}}, {"type": "Feature", "geometry": {"type": "Point", "coordinates": [55.12231015000001, 25.066667250000002]}, "properties": {"kind": "water_works"}}, {"type": "Feature", "geometry": {"type": "Point", "coordinates": [55.122510950000006, 25.066870050000002]}, "properties": {"kind": "water_works"}}, {"type": "Feature", "geometry": {"type": "Point", "coordinates": [55.12270525, 25.06707575]}, "properties": {"kind": "water_works"}}, {"type": "Feature", "geometry": {"type": "Point", "coordinates": [55.122902749999994, 25.06728755]}, "properties": {"kind": "water_works"}}, {"type": "Feature", "geometry": {"type": "Point", "coordinates": [55.12311015, 25.06746945]}, "properties": {"kind": "water_works"}}, {"type": "Feature", "geometry": {"type": "Point", "coordinates": [55.08289137353465, 25.029112936059274]}, "properties": {"kind": "breakwater"}}, {"type": "Feature", "geometry": {"type": "Point", "coordinates": [55.08131057568166, 25.028109349898024]}, "properties": {"kind": "breakwater"}}, {"type": "Feature", "geometry": {"type": "Point", "coordinates": [55.0815210751936, 25.027641733180072]}, "properties": {"kind": "breakwater"}}, {"type": "Feature", "geometry": {"type": "Point", "coordinates": [55.080526992860364, 25.0270561473187]}, "properties": {"kind": "breakwater"}}, {"type": "Feature", "geometry": {"type": "Point", "coordinates": [55.07729874820444, 25.02417230457545]}, "properties": {"kind": "breakwater"}}, {"type": "Feature", "geometry": {"type": "Point", "coordinates": [55.073492827908396, 25.02620158592204]}, "properties": {"kind": "breakwater"}}, {"type": "Feature", "geometry": {"type": "Point", "coordinates": [55.085421237327985, 25.031893581726557]}, "properties": {"kind": "breakwater"}}, {"type": "Feature", "geometry": {"type": "Point", "coordinates": [55.08571933062831, 25.031955936385863]}, "properties": {"kind": "breakwater"}}, {"type": "Feature", "geometry": {"type": "Point", "coordinates": [55.08760055950942, 25.033132261014085]}, "properties": {"kind": "breakwater"}}, {"type": "Feature", "geometry": {"type": "Point", "coordinates": [55.092958842959355, 25.03890869376642]}, "properties": {"kind": "breakwater"}}, {"type": "Feature", "geometry": {"type": "Point", "coordinates": [55.097677180516584, 25.04420860466797]}, "properties": {"kind": "breakwater"}}, {"type": "Feature", "geometry": {"type": "Point", "coordinates": [55.09809661215998, 25.044710068546134]}, "properties": {"kind": "breakwater"}}, {"type": "Feature", "geometry": {"type": "Point", "coordinates": [55.0994110156921, 25.045841859404526]}, "properties": {"kind": "breakwater"}}, {"type": "Feature", "geometry": {"type": "Point", "coordinates": [55.10347548903234, 25.05064542513687]}, "properties": {"kind": "breakwater"}}, {"type": "Feature", "geometry": {"type": "Point", "coordinates": [55.10250187293997, 25.052775067453325]}, "properties": {"kind": "breakwater"}}, {"type": "Feature", "geometry": {"type": "Point", "coordinates": [55.10441726001715, 25.05095428629317]}, "properties": {"kind": "breakwater"}}, {"type": "Feature", "geometry": {"type": "Point", "coordinates": [55.12382905807884, 25.07098995093694]}, "properties": {"kind": "breakwater"}}, {"type": "Feature", "geometry": {"type": "Point", "coordinates": [55.123381717261125, 25.07235419501944]}, "properties": {"kind": "breakwater"}}, {"type": "Feature", "geometry": {"type": "Point", "coordinates": [55.12343553197849, 25.07413920434878]}, "properties": {"kind": "breakwater"}}, {"type": "Feature", "geometry": {"type": "Point", "coordinates": [55.12154673573943, 25.06904045674055]}, "properties": {"kind": "breakwater"}}, {"type": "Feature", "geometry": {"type": "Point", "coordinates": [55.12135715640826, 25.068935970806894]}, "properties": {"kind": "breakwater"}}, {"type": "Feature", "geometry": {"type": "Point", "coordinates": [55.11943241129194, 25.066915452073463]}, "properties": {"kind": "breakwater"}}, {"type": "Feature", "geometry": {"type": "Point", "coordinates": [55.11928071028767, 25.066769638481055]}, "properties": {"kind": "breakwater"}}, {"type": "Feature", "geometry": {"type": "Point", "coordinates": [55.11686552126802, 25.064146070085677]}, "properties": {"kind": "breakwater"}}, {"type": "Feature", "geometry": {"type": "Point", "coordinates": [55.1167101864978, 25.063988251053257]}, "properties": {"kind": "breakwater"}}, {"type": "Feature", "geometry": {"type": "Point", "coordinates": [55.11528986765815, 25.0623585275471]}, "properties": {"kind": "breakwater"}}, {"type": "Feature", "geometry": {"type": "Point", "coordinates": [55.11233717188602, 25.058987788940527]}, "properties": {"kind": "breakwater"}}, {"type": "Feature", "geometry": {"type": "Point", "coordinates": [55.10924555752124, 25.05561963965444]}, "properties": {"kind": "breakwater"}}, {"type": "Feature", "geometry": {"type": "Point", "coordinates": [55.109970635419124, 25.056403405653406]}, "properties": {"kind": "breakwater"}}, {"type": "Feature", "geometry": {"type": "Point", "coordinates": [55.109662299728384, 25.055978026197653]}, "properties": {"kind": "breakwater"}}, {"type": "Feature", "geometry": {"type": "Point", "coordinates": [55.10610514361241, 25.05327876808108]}, "properties": {"kind": "breakwater"}}, {"type": "Feature", "geometry": {"type": "Point", "coordinates": [55.045324569448326, 25.019721079909964]}, "properties": {"kind": "breakwater"}}, {"type": "Feature", "geometry": {"type": "Point", "coordinates": [55.1367764, 25.07484185]}, "properties": {"kind": "pier"}}, {"type": "Feature", "geometry": {"type": "Point", "coordinates": [55.13577326562769, 25.099981698270152]}, "properties": {"kind": "pier"}}, {"type": "Feature", "geometry": {"type": "Point", "coordinates": [55.14770687610812, 25.115272799192542]}, "properties": {"kind": "breakwater"}}, {"type": "Feature", "geometry": {"type": "Point", "coordinates": [55.14885290753041, 25.114771454830713]}, "properties": {"kind": "pier"}}, {"type": "Feature", "geometry": {"type": "Point", "coordinates": [55.14944650002927, 25.113906129573447]}, "properties": {"kind": "breakwater"}}, {"type": "Feature", "geometry": {"type": "Point", "coordinates": [55.14700257192265, 25.114309289353116]}, "properties": {"kind": "pier"}}, {"type": "Feature", "geometry": {"type": "Point", "coordinates": [55.14615834856052, 25.113177006411053]}, "properties": {"kind": "pier"}}, {"type": "Feature", "geometry": {"type": "Point", "coordinates": [55.14867555235732, 25.11304852780403]}, "properties": {"kind": "pier"}}, {"type": "Feature", "geometry": {"type": "Point", "coordinates": [55.154099420476996, 25.103237978150357]}, "properties": {"kind": "breakwater"}}, {"type": "Feature", "geometry": {"type": "Point", "coordinates": [55.15256106954421, 25.102178105919215]}, "properties": {"kind": "breakwater"}}, {"type": "Feature", "geometry": {"type": "Point", "coordinates": [55.153113255306884, 25.1016217634639]}, "properties": {"kind": "breakwater"}}, {"type": "Feature", "geometry": {"type": "Point", "coordinates": [55.155307240994375, 25.10363631821682]}, "properties": {"kind": "breakwater"}}, {"type": "Feature", "geometry": {"type": "Point", "coordinates": [55.02563466754214, 24.989904227094925]}, "properties": {"kind": "breakwater"}}, {"type": "Feature", "geometry": {"type": "Point", "coordinates": [55.031451740128226, 24.992515487555664]}, "properties": {"kind": "breakwater"}}, {"type": "Feature", "geometry": {"type": "Point", "coordinates": [55.031553286589826, 24.992511276228296]}, "properties": {"kind": "breakwater"}}, {"type": "Feature", "geometry": {"type": "Point", "coordinates": [55.071644905287734, 25.017044514746388]}, "properties": {"kind": "storage_tank"}}, {"type": "Feature", "geometry": {"type": "Point", "coordinates": [55.072486574810284, 25.016247399537775]}, "properties": {"kind": "storage_tank"}}, {"type": "Feature", "geometry": {"type": "Point", "coordinates": [55.07304229421862, 25.015723722688108]}, "properties": {"kind": "storage_tank"}}, {"type": "Feature", "geometry": {"type": "Point", "coordinates": [55.12591644712792, 25.048229705038707]}, "properties": {"kind": "wastewater_plant"}}, {"type": "Feature", "geometry": {"type": "Point", "coordinates": [55.25232542279111, 25.177310803847693]}, "properties": {"kind": "works"}}, {"type": "Feature", "geometry": {"type": "Point", "coordinates": [55.17808169761716, 25.19380561741165]}, "properties": {"kind": "pier"}}, {"type": "Feature", "geometry": {"type": "Point", "coordinates": [55.289213752040354, 25.020352713786487]}, "properties": {"kind": "wastewater_plant"}}, {"type": "Feature", "geometry": {"type": "Point", "coordinates": [55.18495389847733, 25.131493301410664]}, "properties": {"kind": "bridge"}}, {"type": "Feature", "geometry": {"type": "Point", "coordinates": [55.18481671674495, 25.131277100917124]}, "properties": {"kind": "bridge"}}, {"type": "Feature", "geometry": {"type": "Point", "coordinates": [55.18419295272143, 25.132962096053056]}, "properties": {"kind": "bridge"}}, {"type": "Feature", "geometry": {"type": "Point", "coordinates": [55.18709348425781, 25.13332628018418]}, "properties": {"kind": "bridge"}}, {"type": "Feature", "geometry": {"type": "Point", "coordinates": [55.20020015, 25.0996426]}, "properties": {"kind": "tower"}}, {"type": "Feature", "geometry": {"type": "Point", "coordinates": [55.07924833950547, 25.083769793624164]}, "properties": {"kind": "pipeline"}}, {"type": "Feature", "geometry": {"type": "Point", "coordinates": [55.14928800433252, 25.13295285293953]}, "properties": {"kind": "pier"}}, {"type": "Feature", "geometry": {"type": "Point", "coordinates": [55.14963775, 25.133152550000002]}, "properties": {"kind": "pier"}}, {"type": "Feature", "geometry": {"type": "Point", "coordinates": [55.11476242698565, 25.055579915002053]}, "properties": {"kind": "water_works"}}, {"type": "Feature", "geometry": {"type": "Point", "coordinates": [55.149297101866686, 25.204427267714063]}, "properties": {"kind": "canal"}}, {"type": "Feature", "geometry": {"type": "Point", "coordinates": [55.1519296226932, 25.203002856249576]}, "properties": {"kind": "canal"}}, {"type": "Feature", "geometry": {"type": "Point", "coordinates": [55.154500152867726, 25.203523422358316]}, "properties": {"kind": "canal"}}, {"type": "Feature", "geometry": {"type": "Point", "coordinates": [55.158325636788845, 25.208172658361264]}, "properties": {"kind": "canal"}}, {"type": "Feature", "geometry": {"type": "Point", "coordinates": [55.14771178527753, 25.20529789542876]}, "properties": {"kind": "canal"}}, {"type": "Feature", "geometry": {"type": "Point", "coordinates": [55.14621844450744, 25.205431046068245]}, "properties": {"kind": "canal"}}, {"type": "Feature", "geometry": {"type": "Point", "coordinates": [55.15212634752936, 25.207582340387397]}, "properties": {"kind": "canal"}}, {"type": "Feature", "geometry": {"type": "Point", "coordinates": [55.14827347239486, 25.203839949531133]}, "properties": {"kind": "canal"}}, {"type": "Feature", "geometry": {"type": "Point", "coordinates": [55.15020865322218, 25.202577071760835]}, "properties": {"kind": "canal"}}, {"type": "Feature", "geometry": {"type": "Point", "coordinates": [55.14974795652885, 25.201802900295522]}, "properties": {"kind": "canal"}}, {"type": "Feature", "geometry": {"type": "Point", "coordinates": [55.15461683965193, 25.20114879800237]}, "properties": {"kind": "canal"}}, {"type": "Feature", "geometry": {"type": "Point", "coordinates": [55.15012063952643, 25.200481185936294]}, "properties": {"kind": "canal"}}, {"type": "Feature", "geometry": {"type": "Point", "coordinates": [55.15176709912817, 25.200135489759976]}, "properties": {"kind": "canal"}}, {"type": "Feature", "geometry": {"type": "Point", "coordinates": [55.05257169323168, 25.013489060930546]}, "properties": {"kind": "storage_tank"}}, {"type": "Feature", "geometry": {"type": "Point", "coordinates": [55.05303840417382, 25.013853660950396]}, "properties": {"kind": "storage_tank"}}, {"type": "Feature", "geometry": {"type": "Point", "coordinates": [55.053454153215064, 25.013433172789473]}, "properties": {"kind": "storage_tank"}}, {"type": "Feature", "geometry": {"type": "Point", "coordinates": [55.0538363173104, 25.01306980599179]}, "properties": {"kind": "storage_tank"}}, {"type": "Feature", "geometry": {"type": "Point", "coordinates": [55.053312753116806, 25.012424928790765]}, "properties": {"kind": "storage_tank"}}, {"type": "Feature", "geometry": {"type": "Point", "coordinates": [55.05294931677792, 25.0121295990063]}, "properties": {"kind": "storage_tank"}}, {"type": "Feature", "geometry": {"type": "Point", "coordinates": [55.052595933924046, 25.011823953471435]}, "properties": {"kind": "storage_tank"}}, {"type": "Feature", "geometry": {"type": "Point", "coordinates": [55.05227019927879, 25.011539603993317]}, "properties": {"kind": "storage_tank"}}, {"type": "Feature", "geometry": {"type": "Point", "coordinates": [55.052442338766284, 25.010666399537623]}, "properties": {"kind": "storage_tank"}}, {"type": "Feature", "geometry": {"type": "Point", "coordinates": [55.05288757230557, 25.011191462758617]}, "properties": {"kind": "storage_tank"}}, {"type": "Feature", "geometry": {"type": "Point", "coordinates": [55.05347971077476, 25.01166217922103]}, "properties": {"kind": "storage_tank"}}, {"type": "Feature", "geometry": {"type": "Point", "coordinates": [55.05493078239555, 25.011441505737704]}, "properties": {"kind": "storage_tank"}}, {"type": "Feature", "geometry": {"type": "Point", "coordinates": [55.054073823420595, 25.010702582084754]}, "properties": {"kind": "storage_tank"}}, {"type": "Feature", "geometry": {"type": "Point", "coordinates": [55.05471192055921, 25.010053906742797]}, "properties": {"kind": "storage_tank"}}, {"type": "Feature", "geometry": {"type": "Point", "coordinates": [55.05555872470621, 25.010802986154488]}, "properties": {"kind": "storage_tank"}}, {"type": "Feature", "geometry": {"type": "Point", "coordinates": [55.061507814408714, 25.011202381892872]}, "properties": {"kind": "storage_tank"}}, {"type": "Feature", "geometry": {"type": "Point", "coordinates": [55.06234533333124, 25.01191762033443]}, "properties": {"kind": "storage_tank"}}, {"type": "Feature", "geometry": {"type": "Point", "coordinates": [55.0631531440796, 25.011152452754736]}, "properties": {"kind": "storage_tank"}}, {"type": "Feature", "geometry": {"type": "Point", "coordinates": [55.062371494051135, 25.01037959868949]}, "properties": {"kind": "storage_tank"}}, {"type": "Feature", "geometry": {"type": "Point", "coordinates": [55.058409865313585, 25.006884201945578]}, "properties": {"kind": "storage_tank"}}, {"type": "Feature", "geometry": {"type": "Point", "coordinates": [55.05924671117224, 25.00761828725976]}, "properties": {"kind": "storage_tank"}}, {"type": "Feature", "geometry": {"type": "Point", "coordinates": [55.058444736905535, 25.008383972103793]}, "properties": {"kind": "storage_tank"}}, {"type": "Feature", "geometry": {"type": "Point", "coordinates": [55.05761861117223, 25.00764988725976]}, "properties": {"kind": "storage_tank"}}, {"type": "Feature", "geometry": {"type": "Point", "coordinates": [55.05405180997215, 25.00697384268851]}, "properties": {"kind": "storage_tank"}}, {"type": "Feature", "geometry": {"type": "Point", "coordinates": [55.05489135150944, 25.00770549696291]}, "properties": {"kind": "storage_tank"}}, {"type": "Feature", "geometry": {"type": "Point", "coordinates": [55.05649342314668, 25.006103916698105]}, "properties": {"kind": "storage_tank"}}, {"type": "Feature", "geometry": {"type": "Point", "coordinates": [55.078586497193605, 25.012275769978228]}, "properties": {"kind": "storage_tank"}}, {"type": "Feature", "geometry": {"type": "Point", "coordinates": [55.07975297999975, 25.011397480858857]}, "properties": {"kind": "storage_tank"}}, {"type": "Feature", "geometry": {"type": "Point", "coordinates": [55.07907437592961, 25.01080015816301]}, "properties": {"kind": "storage_tank"}}, {"type": "Feature", "geometry": {"type": "Point", "coordinates": [55.07883028820925, 25.01102317013801]}, "properties": {"kind": "storage_tank"}}, {"type": "Feature", "geometry": {"type": "Point", "coordinates": [55.07909047919982, 25.01124314211551]}, "properties": {"kind": "storage_tank"}}, {"type": "Feature", "geometry": {"type": "Point", "coordinates": [55.0793184749098, 25.011014363894038]}, "properties": {"kind": "storage_tank"}}, {"type": "Feature", "geometry": {"type": "Point", "coordinates": [55.0786861534996, 25.009679909815517]}, "properties": {"kind": "storage_tank"}}, {"type": "Feature", "geometry": {"type": "Point", "coordinates": [55.07835076008062, 25.009398201940645]}, "properties": {"kind": "storage_tank"}}, {"type": "Feature", "geometry": {"type": "Point", "coordinates": [55.077729825125026, 25.009990679350064]}, "properties": {"kind": "storage_tank"}}, {"type": "Feature", "geometry": {"type": "Point", "coordinates": [55.07805838250483, 25.009689278728374]}, "properties": {"kind": "storage_tank"}}, {"type": "Feature", "geometry": {"type": "Point", "coordinates": [55.078377581949425, 25.009968808974513]}, "properties": {"kind": "storage_tank"}}, {"type": "Feature", "geometry": {"type": "Point", "coordinates": [55.078051684749866, 25.01027993163486]}, "properties": {"kind": "storage_tank"}}, {"type": "Feature", "geometry": {"type": "Point", "coordinates": [55.07998555590336, 25.00932831128998]}, "properties": {"kind": "storage_tank"}}, {"type": "Feature", "geometry": {"type": "Point", "coordinates": [55.080365095606766, 25.00962972984352]}, "properties": {"kind": "storage_tank"}}, {"type": "Feature", "geometry": {"type": "Point", "coordinates": [55.08077412551383, 25.010011341749287]}, "properties": {"kind": "storage_tank"}}, {"type": "Feature", "geometry": {"type": "Point", "coordinates": [55.081151676993656, 25.010324188078823]}, "properties": {"kind": "storage_tank"}}, {"type": "Feature", "geometry": {"type": "Point", "coordinates": [55.08146750343387, 25.009971722556497]}, "properties": {"kind": "storage_tank"}}, {"type": "Feature", "geometry": {"type": "Point", "coordinates": [55.08092167885664, 25.009486791680622]}, "properties": {"kind": "storage_tank"}}, {"type": "Feature", "geometry": {"type": "Point", "coordinates": [55.08037450301589, 25.008994387230143]}, "properties": {"kind": "storage_tank"}}, {"type": "Feature", "geometry": {"type": "Point", "coordinates": [55.07601759327508, 25.00809682638912]}, "properties": {"kind": "storage_tank"}}, {"type": "Feature", "geometry": {"type": "Point", "coordinates": [55.076295512024615, 25.007830974564655]}, "properties": {"kind": "storage_tank"}}, {"type": "Feature", "geometry": {"type": "Point", "coordinates": [55.07666632240375, 25.008141508361508]}, "properties": {"kind": "storage_tank"}}, {"type": "Feature", "geometry": {"type": "Point", "coordinates": [55.07715449187625, 25.00769789350013]}, "properties": {"kind": "storage_tank"}}, {"type": "Feature", "geometry": {"type": "Point", "coordinates": [55.07665425206471, 25.006191421259878]}, "properties": {"kind": "storage_tank"}}, {"type": "Feature", "geometry": {"type": "Point", "coordinates": [55.07541104969077, 25.006592501931927]}, "properties": {"kind": "storage_tank"}}, {"type": "Feature", "geometry": {"type": "Point", "coordinates": [55.07623584325953, 25.00656939872097]}, "properties": {"kind": "storage_tank"}}, {"type": "Feature", "geometry": {"type": "Point", "coordinates": [55.07580667422276, 25.00621938329263]}, "properties": {"kind": "storage_tank"}}, {"type": "Feature", "geometry": {"type": "Point", "coordinates": [55.076222414244945, 25.005834095455366]}, "properties": {"kind": "storage_tank"}}, {"type": "Feature", "geometry": {"type": "Point", "coordinates": [55.075283644923815, 25.01295368712032]}, "properties": {"kind": "storage_tank"}}, {"type": "Feature", "geometry": {"type": "Point", "coordinates": [55.075758150596506, 25.012516395490323]}, "properties": {"kind": "storage_tank"}}, {"type": "Feature", "geometry": {"type": "Point", "coordinates": [55.07568370838426, 25.007873608707513]}, "properties": {"kind": "storage_tank"}}, {"type": "Feature", "geometry": {"type": "Point", "coordinates": [55.07409249081216, 25.00938795979438]}, "properties": {"kind": "storage_tank"}}, {"type": "Feature", "geometry": {"type": "Point", "coordinates": [55.07450018501411, 25.00975986062464]}, "properties": {"kind": "storage_tank"}}, {"type": "Feature", "geometry": {"type": "Point", "coordinates": [55.07485960489393, 25.009415908041188]}, "properties": {"kind": "storage_tank"}}, {"type": "Feature", "geometry": {"type": "Point", "coordinates": [55.07522572638504, 25.00908168714615]}, "properties": {"kind": "storage_tank"}}, {"type": "Feature", "geometry": {"type": "Point", "coordinates": [55.07558517216507, 25.008721159261963]}, "properties": {"kind": "storage_tank"}}, {"type": "Feature", "geometry": {"type": "Point", "coordinates": [55.07515868359541, 25.008391141698464]}, "properties": {"kind": "storage_tank"}}, {"type": "Feature", "geometry": {"type": "Point", "coordinates": [55.07486633456122, 25.00865974351063]}, "properties": {"kind": "storage_tank"}}, {"type": "Feature", "geometry": {"type": "Point", "coordinates": [55.07456325563198, 25.008948996697352]}, "properties": {"kind": "storage_tank"}}, {"type": "Feature", "geometry": {"type": "Point", "coordinates": [55.07435671155936, 25.00775307590754]}, "properties": {"kind": "storage_tank"}}, {"type": "Feature", "geometry": {"type": "Point", "coordinates": [55.07403886973711, 25.00806176916013]}, "properties": {"kind": "storage_tank"}}, {"type": "Feature", "geometry": {"type": "Point", "coordinates": [55.0737152353752, 25.008368175469574]}, "properties": {"kind": "storage_tank"}}, {"type": "Feature", "geometry": {"type": "Point", "coordinates": [55.07330149792496, 25.00866230240817]}, "properties": {"kind": "storage_tank"}}, {"type": "Feature", "geometry": {"type": "Point", "coordinates": [55.07370113512633, 25.008994104568167]}, "properties": {"kind": "storage_tank"}}, {"type": "Feature", "geometry": {"type": "Point", "coordinates": [55.07294477063275, 25.009012308127524]}, "properties": {"kind": "storage_tank"}}, {"type": "Feature", "geometry": {"type": "Point", "coordinates": [55.07333903748154, 25.009324673179243]}, "properties": {"kind": "storage_tank"}}, {"type": "Feature", "geometry": {"type": "Point", "coordinates": [55.07217094448185, 25.00984970110481]}, "properties": {"kind": "storage_tank"}}, {"type": "Feature", "geometry": {"type": "Point", "coordinates": [55.072500849657864, 25.010180286206015]}, "properties": {"kind": "storage_tank"}}, {"type": "Feature", "geometry": {"type": "Point", "coordinates": [55.07290588395596, 25.010540022094894]}, "properties": {"kind": "storage_tank"}}, {"type": "Feature", "geometry": {"type": "Point", "coordinates": [55.07262691230953, 25.011078414681435]}, "properties": {"kind": "storage_tank"}}, {"type": "Feature", "geometry": {"type": "Point", "coordinates": [55.07225275034215, 25.01074541379399]}, "properties": {"kind": "storage_tank"}}, {"type": "Feature", "geometry": {"type": "Point", "coordinates": [55.07188929846555, 25.01041727143199]}, "properties": {"kind": "storage_tank"}}, {"type": "Feature", "geometry": {"type": "Point", "coordinates": [55.074154449139705, 25.01395506632888]}, "properties": {"kind": "storage_tank"}}, {"type": "Feature", "geometry": {"type": "Point", "coordinates": [55.07475390390032, 25.013445891857447]}, "properties": {"kind": "storage_tank"}}, {"type": "Feature", "geometry": {"type": "Point", "coordinates": [55.07854655022721, 25.010597149971357]}, "properties": {"kind": "storage_tank"}}, {"type": "Feature", "geometry": {"type": "Point", "coordinates": [55.079030700147214, 25.010131666774047]}, "properties": {"kind": "storage_tank"}}, {"type": "Feature", "geometry": {"type": "Point", "coordinates": [55.07648795814643, 25.00726460361346]}, "properties": {"kind": "storage_tank"}}, {"type": "Feature", "geometry": {"type": "Point", "coordinates": [55.077394606907774, 25.007005701167888]}, "properties": {"kind": "storage_tank"}}, {"type": "Feature", "geometry": {"type": "Point", "coordinates": [55.187037119754486, 25.139713584497407]}, "properties": {"kind": "bridge"}}, {"type": "Feature", "geometry": {"type": "Point", "coordinates": [55.10546555153051, 24.995309705015053]}, "properties": {"kind": "works"}}, {"type": "Feature", "geometry": {"type": "Point", "coordinates": [55.14343746658018, 25.115934725332835]}, "properties": {"kind": "breakwater"}}, {"type": "Feature", "geometry": {"type": "Point", "coordinates": [55.137509149974996, 25.109228143106048]}, "properties": {"kind": "breakwater"}}, {"type": "Feature", "geometry": {"type": "Point", "coordinates": [55.13511177465681, 25.109630680389216]}, "properties": {"kind": "breakwater"}}, {"type": "Feature", "geometry": {"type": "Point", "coordinates": [55.14280236668393, 25.118075687974844]}, "properties": {"kind": "breakwater"}}, {"type": "Feature", "geometry": {"type": "Point", "coordinates": [55.153143409557224, 25.118331374384034]}, "properties": {"kind": "pier"}}, {"type": "Feature", "geometry": {"type": "Point", "coordinates": [55.1524724, 25.1200296]}, "properties": {"kind": "pier"}}, {"type": "Feature", "geometry": {"type": "Point", "coordinates": [55.15571592949833, 25.117086078582837]}, "properties": {"kind": "breakwater"}}, {"type": "Feature", "geometry": {"type": "Point", "coordinates": [55.155789370656784, 25.116802682117072]}, "properties": {"kind": "pier"}}, {"type": "Feature", "geometry": {"type": "Point", "coordinates": [55.16928403457498, 25.225327676572594]}, "properties": {"kind": "breakwater"}}, {"type": "Feature", "geometry": {"type": "Point", "coordinates": [55.16956025643178, 25.226684364121247]}, "properties": {"kind": "breakwater"}}, {"type": "Feature", "geometry": {"type": "Point", "coordinates": [55.15753738829543, 25.106719322260297]}, "properties": {"kind": "breakwater"}}, {"type": "Feature", "geometry": {"type": "Point", "coordinates": [55.15631234999999, 25.10609535]}, "properties": {"kind": "pier"}}, {"type": "Feature", "geometry": {"type": "Point", "coordinates": [55.24487666454641, 25.21046897130569]}, "properties": {"kind": "pier"}}, {"type": "Feature", "geometry": {"type": "Point", "coordinates": [55.245256367687695, 25.21077141347288]}, "properties": {"kind": "pier"}}, {"type": "Feature", "geometry": {"type": "Point", "coordinates": [55.24429748702444, 25.210168386325343]}, "properties": {"kind": "breakwater"}}, {"type": "Feature", "geometry": {"type": "Point", "coordinates": [55.245296091154735, 25.212173045230845]}, "properties": {"kind": "pier"}}, {"type": "Feature", "geometry": {"type": "Point", "coordinates": [55.24537099244085, 25.210895224310878]}, "properties": {"kind": "breakwater"}}, {"type": "Feature", "geometry": {"type": "Point", "coordinates": [55.23435438046046, 25.209607864784644]}, "properties": {"kind": "pier"}}, {"type": "Feature", "geometry": {"type": "Point", "coordinates": [55.23726572214599, 25.217160589183685]}, "properties": {"kind": "breakwater"}}, {"type": "Feature", "geometry": {"type": "Point", "coordinates": [55.233952828131955, 25.222652971482344]}, "properties": {"kind": "breakwater"}}, {"type": "Feature", "geometry": {"type": "Point", "coordinates": [55.23098989264235, 25.223256011656073]}, "properties": {"kind": "breakwater"}}, {"type": "Feature", "geometry": {"type": "Point", "coordinates": [55.058077231665486, 25.00379239102296]}, "properties": {"kind": "yes"}}, {"type": "Feature", "geometry": {"type": "Point", "coordinates": [55.05748016298894, 25.024114094458962]}, "properties": {"kind": "quay"}}, {"type": "Feature", "geometry": {"type": "Point", "coordinates": [55.023952380632366, 25.02094022633992]}, "properties": {"kind": "breakwater"}}, {"type": "Feature", "geometry": {"type": "Point", "coordinates": [55.040691970643486, 25.008671056652403]}, "properties": {"kind": "breakwater"}}, {"type": "Feature", "geometry": {"type": "Point", "coordinates": [55.012732985725144, 24.98331597333675]}, "properties": {"kind": "breakwater"}}, {"type": "Feature", "geometry": {"type": "Point", "coordinates": [55.0697111617784, 24.97613508488147]}, "properties": {"kind": "works"}}, {"type": "Feature", "geometry": {"type": "Point", "coordinates": [55.05621598472998, 25.00070197339983]}, "properties": {"kind": "works"}}, {"type": "Feature", "geometry": {"type": "Point", "coordinates": [55.057969144464806, 25.011168699924735]}, "properties": {"kind": "works"}}, {"type": "Feature", "geometry": {"type": "Point", "coordinates": [55.10912198393848, 25.096480497426224]}, "properties": {"kind": "breakwater"}}, {"type": "Feature", "geometry": {"type": "Point", "coordinates": [55.114427183165006, 25.09245477912249]}, "properties": {"kind": "breakwater"}}, {"type": "Feature", "geometry": {"type": "Point", "coordinates": [55.16412408080934, 25.227934857715592]}, "properties": {"kind": "pier"}}, {"type": "Feature", "geometry": {"type": "Point", "coordinates": [55.16199335922268, 25.227826620874378]}, "properties": {"kind": "pier"}}, {"type": "Feature", "geometry": {"type": "Point", "coordinates": [55.18223625893671, 25.212593415858592]}, "properties": {"kind": "pier"}}, {"type": "Feature", "geometry": {"type": "Point", "coordinates": [55.225980051910845, 25.196492280643394]}, "properties": {"kind": "pier"}}, {"type": "Feature", "geometry": {"type": "Point", "coordinates": [55.210331944424475, 25.169060237919616]}, "properties": {"kind": "groyne"}}, {"type": "Feature", "geometry": {"type": "Point", "coordinates": [55.20781589416679, 25.16578378241525]}, "properties": {"kind": "groyne"}}, {"type": "Feature", "geometry": {"type": "Point", "coordinates": [55.20545195705504, 25.162590221147475]}, "properties": {"kind": "groyne"}}, {"type": "Feature", "geometry": {"type": "Point", "coordinates": [55.203054150945704, 25.159357752907724]}, "properties": {"kind": "groyne"}}, {"type": "Feature", "geometry": {"type": "Point", "coordinates": [55.20091647913333, 25.15669361078412]}, "properties": {"kind": "groyne"}}, {"type": "Feature", "geometry": {"type": "Point", "coordinates": [55.1743792985181, 25.125994098120103]}, "properties": {"kind": "groyne"}}, {"type": "Feature", "geometry": {"type": "Point", "coordinates": [55.1772196, 25.12880155]}, "properties": {"kind": "groyne"}}, {"type": "Feature", "geometry": {"type": "Point", "coordinates": [55.16921112245, 25.120344687967886]}, "properties": {"kind": "groyne"}}, {"type": "Feature", "geometry": {"type": "Point", "coordinates": [55.17188154505246, 25.12266954361956]}, "properties": {"kind": "groyne"}}, {"type": "Feature", "geometry": {"type": "Point", "coordinates": [55.17162178741872, 25.123204884535337]}, "properties": {"kind": "groyne"}}, {"type": "Feature", "geometry": {"type": "Point", "coordinates": [55.156565180007185, 25.114166368703717]}, "properties": {"kind": "pier"}}, {"type": "Feature", "geometry": {"type": "Point", "coordinates": [55.277135983455274, 25.01174749991336]}, "properties": {"kind": "embankment"}}, {"type": "Feature", "geometry": {"type": "Point", "coordinates": [55.27706412746658, 25.011734734328915]}, "properties": {"kind": "embankment"}}, {"type": "Feature", "geometry": {"type": "Point", "coordinates": [55.27763592499226, 25.21271717821568]}, "properties": {"kind": "bridge"}}, {"type": "Feature", "geometry": {"type": "Point", "coordinates": [55.28498199836243, 25.04365894543449]}, "properties": {"kind": "embankment"}}, {"type": "Feature", "geometry": {"type": "Point", "coordinates": [55.285176372236016, 25.043648851818535]}, "properties": {"kind": "embankment"}}, {"type": "Feature", "geometry": {"type": "Point", "coordinates": [55.28585915000001, 25.04374555]}, "properties": {"kind": "embankment"}}, {"type": "Feature", "geometry": {"type": "Point", "coordinates": [55.284661651662745, 25.044169395575086]}, "properties": {"kind": "embankment"}}, {"type": "Feature", "geometry": {"type": "Point", "coordinates": [55.28471534579467, 25.043504982700195]}, "properties": {"kind": "embankment"}}, {"type": "Feature", "geometry": {"type": "Point", "coordinates": [55.286245412716916, 25.0461862265035]}, "properties": {"kind": "embankment"}}, {"type": "Feature", "geometry": {"type": "Point", "coordinates": [55.28651852815172, 25.045572352680534]}, "properties": {"kind": "embankment"}}, {"type": "Feature", "geometry": {"type": "Point", "coordinates": [55.27636621854038, 25.04253806013576]}, "properties": {"kind": "embankment"}}, {"type": "Feature", "geometry": {"type": "Point", "coordinates": [55.27077689456776, 25.18260191137308]}, "properties": {"kind": "pier"}}, {"type": "Feature", "geometry": {"type": "Point", "coordinates": [55.26020772215883, 25.183357884053773]}, "properties": {"kind": "pier"}}, {"type": "Feature", "geometry": {"type": "Point", "coordinates": [55.135472443230704, 25.094385132944925]}, "properties": {"kind": "bridge"}}, {"type": "Feature", "geometry": {"type": "Point", "coordinates": [55.144175319647594, 25.098043515686637]}, "properties": {"kind": "pier"}}, {"type": "Feature", "geometry": {"type": "Point", "coordinates": [55.1408309379593, 25.091025390366617]}, "properties": {"kind": "pier"}}, {"type": "Feature", "geometry": {"type": "Point", "coordinates": [55.131630432917405, 25.089747715410237]}, "properties": {"kind": "pier"}}, {"type": "Feature", "geometry": {"type": "Point", "coordinates": [55.12432858904767, 25.075579611996368]}, "properties": {"kind": "breakwater"}}, {"type": "Feature", "geometry": {"type": "Point", "coordinates": [55.23235541631274, 25.196023868878193]}, "properties": {"kind": "pier"}}, {"type": "Feature", "geometry": {"type": "Point", "coordinates": [55.23195307229871, 25.195969234809603]}, "properties": {"kind": "pier"}}, {"type": "Feature", "geometry": {"type": "Point", "coordinates": [55.226101076756606, 25.200324945003693]}, "properties": {"kind": "pier"}}, {"type": "Feature", "geometry": {"type": "Point", "coordinates": [55.226312306158, 25.200338831206164]}, "properties": {"kind": "pier"}}, {"type": "Feature", "geometry": {"type": "Point", "coordinates": [55.224552776257774, 25.199273498200803]}, "properties": {"kind": "pier"}}, {"type": "Feature", "geometry": {"type": "Point", "coordinates": [55.150402695810634, 25.10262548618045]}, "properties": {"kind": "pier"}}, {"type": "Feature", "geometry": {"type": "Point", "coordinates": [55.27730285659485, 25.19538359418502]}, "properties": {"kind": "bridge"}}, {"type": "Feature", "geometry": {"type": "Point", "coordinates": [55.1520323157505, 25.09226433841646]}, "properties": {"kind": "pier"}}, {"type": "Feature", "geometry": {"type": "Point", "coordinates": [55.138659855343924, 25.076083545937056]}, "properties": {"kind": "pier"}}, {"type": "Feature", "geometry": {"type": "Point", "coordinates": [55.210340421427766, 25.116060671373383]}, "properties": {"kind": "storage_tank"}}, {"type": "Feature", "geometry": {"type": "Point", "coordinates": [55.21054937069772, 25.11631335739713]}, "properties": {"kind": "storage_tank"}}, {"type": "Feature", "geometry": {"type": "Point", "coordinates": [55.210093562676875, 25.11675390317521]}, "properties": {"kind": "storage_tank"}}, {"type": "Feature", "geometry": {"type": "Point", "coordinates": [55.210068393953975, 25.116706457063]}, "properties": {"kind": "storage_tank"}}, {"type": "Feature", "geometry": {"type": "Point", "coordinates": [55.13537259999999, 25.0727869]}, "properties": {"kind": "pier"}}, {"type": "Feature", "geometry": {"type": "Point", "coordinates": [55.1352773, 25.0726259]}, "properties": {"kind": "pier"}}, {"type": "Feature", "geometry": {"type": "Point", "coordinates": [55.135068399999994, 25.0727923]}, "properties": {"kind": "pier"}}, {"type": "Feature", "geometry": {"type": "Point", "coordinates": [55.135170599999995, 25.072710049999998]}, "properties": {"kind": "pier"}}, {"type": "Feature", "geometry": {"type": "Point", "coordinates": [55.1352457, 25.0728884]}, "properties": {"kind": "pier"}}, {"type": "Feature", "geometry": {"type": "Point", "coordinates": [55.13540630000001, 25.07252135]}, "properties": {"kind": "pier"}}, {"type": "Feature", "geometry": {"type": "Point", "coordinates": [55.13549965, 25.07268105]}, "properties": {"kind": "pier"}}, {"type": "Feature", "geometry": {"type": "Point", "coordinates": [55.13561740000001, 25.072590849999997]}, "properties": {"kind": "pier"}}, {"type": "Feature", "geometry": {"type": "Point", "coordinates": [55.1354783, 25.07246325]}, "properties": {"kind": "pier"}}, {"type": "Feature", "geometry": {"type": "Point", "coordinates": [55.1355607, 25.0723932]}, "properties": {"kind": "pier"}}, {"type": "Feature", "geometry": {"type": "Point", "coordinates": [55.13511649999999, 25.07299245]}, "properties": {"kind": "pier"}}, {"type": "Feature", "geometry": {"type": "Point", "coordinates": [55.1349624, 25.072877400000003]}, "properties": {"kind": "pier"}}, {"type": "Feature", "geometry": {"type": "Point", "coordinates": [55.1468758, 25.083791650000002]}, "properties": {"kind": "pier"}}, {"type": "Feature", "geometry": {"type": "Point", "coordinates": [55.1467806, 25.084048199999998]}, "properties": {"kind": "pier"}}, {"type": "Feature", "geometry": {"type": "Point", "coordinates": [55.146871450000006, 25.0840459]}, "properties": {"kind": "pier"}}, {"type": "Feature", "geometry": {"type": "Point", "coordinates": [55.146964350000005, 25.0840478]}, "properties": {"kind": "pier"}}, {"type": "Feature", "geometry": {"type": "Point", "coordinates": [55.14707094999999, 25.084047599999998]}, "properties": {"kind": "pier"}}, {"type": "Feature", "geometry": {"type": "Point", "coordinates": [55.1471511, 25.084156450000002]}, "properties": {"kind": "pier"}}, {"type": "Feature", "geometry": {"type": "Point", "coordinates": [55.14715845, 25.084049200000003]}, "properties": {"kind": "pier"}}, {"type": "Feature", "geometry": {"type": "Point", "coordinates": [55.14727345, 25.084156000000004]}, "properties": {"kind": "pier"}}, {"type": "Feature", "geometry": {"type": "Point", "coordinates": [55.1472507, 25.08404835]}, "properties": {"kind": "pier"}}, {"type": "Feature", "geometry": {"type": "Point", "coordinates": [55.14738010000001, 25.084156099999998]}, "properties": {"kind": "pier"}}, {"type": "Feature", "geometry": {"type": "Point", "coordinates": [55.147438449999996, 25.08379345]}, "properties": {"kind": "pier"}}, {"type": "Feature", "geometry": {"type": "Point", "coordinates": [55.147362, 25.08379245]}, "properties": {"kind": "pier"}}, {"type": "Feature", "geometry": {"type": "Point", "coordinates": [55.147269449999996, 25.08379235]}, "properties": {"kind": "pier"}}, {"type": "Feature", "geometry": {"type": "Point", "coordinates": [55.1471635, 25.08379255]}, "properties": {"kind": "pier"}}, {"type": "Feature", "geometry": {"type": "Point", "coordinates": [55.1470733, 25.08379185]}, "properties": {"kind": "pier"}}, {"type": "Feature", "geometry": {"type": "Point", "coordinates": [55.14696805, 25.08379295]}, "properties": {"kind": "pier"}}, {"type": "Feature", "geometry": {"type": "Point", "coordinates": [55.146782, 25.08379185]}, "properties": {"kind": "pier"}}, {"type": "Feature", "geometry": {"type": "Point", "coordinates": [55.14729436636235, 25.084757671388733]}, "properties": {"kind": "pier"}}, {"type": "Feature", "geometry": {"type": "Point", "coordinates": [55.1470081, 25.084412249999996]}, "properties": {"kind": "pier"}}, {"type": "Feature", "geometry": {"type": "Point", "coordinates": [55.14700075, 25.0845273]}, "properties": {"kind": "pier"}}, {"type": "Feature", "geometry": {"type": "Point", "coordinates": [55.14689345, 25.08440525]}, "properties": {"kind": "pier"}}, {"type": "Feature", "geometry": {"type": "Point", "coordinates": [55.1468861, 25.084518699999997]}, "properties": {"kind": "pier"}}, {"type": "Feature", "geometry": {"type": "Point", "coordinates": [55.147120900000004, 25.08442605]}, "properties": {"kind": "pier"}}, {"type": "Feature", "geometry": {"type": "Point", "coordinates": [55.147111699999996, 25.0845357]}, "properties": {"kind": "pier"}}, {"type": "Feature", "geometry": {"type": "Point", "coordinates": [55.14722389999999, 25.0845457]}, "properties": {"kind": "pier"}}, {"type": "Feature", "geometry": {"type": "Point", "coordinates": [55.14723080000001, 25.0844331]}, "properties": {"kind": "pier"}}, {"type": "Feature", "geometry": {"type": "Point", "coordinates": [55.14733835, 25.08456285]}, "properties": {"kind": "pier"}}, {"type": "Feature", "geometry": {"type": "Point", "coordinates": [55.1474566, 25.084571]}, "properties": {"kind": "pier"}}, {"type": "Feature", "geometry": {"type": "Point", "coordinates": [55.14746595, 25.084440249999997]}, "properties": {"kind": "pier"}}, {"type": "Feature", "geometry": {"type": "Point", "coordinates": [55.1475925, 25.084447250000004]}, "properties": {"kind": "pier"}}, {"type": "Feature", "geometry": {"type": "Point", "coordinates": [55.1475779, 25.08457765]}, "properties": {"kind": "pier"}}, {"type": "Feature", "geometry": {"type": "Point", "coordinates": [55.1467705, 25.0849048]}, "properties": {"kind": "pier"}}, {"type": "Feature", "geometry": {"type": "Point", "coordinates": [55.14683075000001, 25.08489635]}, "properties": {"kind": "pier"}}, {"type": "Feature", "geometry": {"type": "Point", "coordinates": [55.1468127, 25.085001949999995]}, "properties": {"kind": "pier"}}, {"type": "Feature", "geometry": {"type": "Point", "coordinates": [55.14693749999999, 25.084912600000003]}, "properties": {"kind": "pier"}}, {"type": "Feature", "geometry": {"type": "Point", "coordinates": [55.14691800000001, 25.085018050000006]}, "properties": {"kind": "pier"}}, {"type": "Feature", "geometry": {"type": "Point", "coordinates": [55.147047650000005, 25.0849307]}, "properties": {"kind": "pier"}}, {"type": "Feature", "geometry": {"type": "Point", "coordinates": [55.14702694999999, 25.08503465]}, "properties": {"kind": "pier"}}, {"type": "Feature", "geometry": {"type": "Point", "coordinates": [55.1471516, 25.084944450000002]}, "properties": {"kind": "pier"}}, {"type": "Feature", "geometry": {"type": "Point", "coordinates": [55.14713465, 25.0850505]}, "properties": {"kind": "pier"}}, {"type": "Feature", "geometry": {"type": "Point", "coordinates": [55.14726845, 25.08495605]}, "properties": {"kind": "pier"}}, {"type": "Feature", "geometry": {"type": "Point", "coordinates": [55.14724835, 25.085068050000004]}, "properties": {"kind": "pier"}}, {"type": "Feature", "geometry": {"type": "Point", "coordinates": [55.14738635000001, 25.084975500000002]}, "properties": {"kind": "pier"}}, {"type": "Feature", "geometry": {"type": "Point", "coordinates": [55.14736905, 25.085086750000006]}, "properties": {"kind": "pier"}}, {"type": "Feature", "geometry": {"type": "Point", "coordinates": [55.147507649999994, 25.084997299999998]}, "properties": {"kind": "pier"}}, {"type": "Feature", "geometry": {"type": "Point", "coordinates": [55.14748665, 25.085109799999998]}, "properties": {"kind": "pier"}}, {"type": "Feature", "geometry": {"type": "Point", "coordinates": [55.1473488, 25.08442625]}, "properties": {"kind": "pier"}}, {"type": "Feature", "geometry": {"type": "Point", "coordinates": [55.13562649481121, 25.073113345083843]}, "properties": {"kind": "pier"}}, {"type": "Feature", "geometry": {"type": "Point", "coordinates": [55.13624605, 25.074360349999996]}, "properties": {"kind": "pier"}}, {"type": "Feature", "geometry": {"type": "Point", "coordinates": [55.136479699999995, 25.0741691]}, "properties": {"kind": "pier"}}, {"type": "Feature", "geometry": {"type": "Point", "coordinates": [55.1358929, 25.0737975]}, "properties": {"kind": "pier"}}, {"type": "Feature", "geometry": {"type": "Point", "coordinates": [55.13603245000001, 25.073920049999995]}, "properties": {"kind": "pier"}}, {"type": "Feature", "geometry": {"type": "Point", "coordinates": [55.136140850000004, 25.073102249999998]}, "properties": {"kind": "pier"}}, {"type": "Feature", "geometry": {"type": "Point", "coordinates": [55.135999, 25.0729622]}, "properties": {"kind": "pier"}}, {"type": "Feature", "geometry": {"type": "Point", "coordinates": [55.134430949999995, 25.07210555]}, "properties": {"kind": "pier"}}, {"type": "Feature", "geometry": {"type": "Point", "coordinates": [55.134301400000005, 25.0721995]}, "properties": {"kind": "pier"}}, {"type": "Feature", "geometry": {"type": "Point", "coordinates": [55.13458605, 25.0725278]}, "properties": {"kind": "pier"}}, {"type": "Feature", "geometry": {"type": "Point", "coordinates": [55.1346879, 25.0726281]}, "properties": {"kind": "pier"}}, {"type": "Feature", "geometry": {"type": "Point", "coordinates": [55.1346609, 25.072464049999997]}, "properties": {"kind": "pier"}}, {"type": "Feature", "geometry": {"type": "Point", "coordinates": [55.1347925, 25.0725452]}, "properties": {"kind": "pier"}}, {"type": "Feature", "geometry": {"type": "Point", "coordinates": [55.1347451, 25.072398250000003]}, "properties": {"kind": "pier"}}, {"type": "Feature", "geometry": {"type": "Point", "coordinates": [55.13489865, 25.072462950000002]}, "properties": {"kind": "pier"}}, {"type": "Feature", "geometry": {"type": "Point", "coordinates": [55.13483585, 25.07232665]}, "properties": {"kind": "pier"}}, {"type": "Feature", "geometry": {"type": "Point", "coordinates": [55.13492225, 25.0722493]}, "properties": {"kind": "pier"}}, {"type": "Feature", "geometry": {"type": "Point", "coordinates": [55.1350023, 25.072381399999998]}, "properties": {"kind": "pier"}}, {"type": "Feature", "geometry": {"type": "Point", "coordinates": [55.135018900000006, 25.0721834]}, "properties": {"kind": "pier"}}, {"type": "Feature", "geometry": {"type": "Point", "coordinates": [55.135105800000005, 25.0722976]}, "properties": {"kind": "pier"}}, {"type": "Feature", "geometry": {"type": "Point", "coordinates": [55.13521045, 25.0722113]}, "properties": {"kind": "pier"}}, {"type": "Feature", "geometry": {"type": "Point", "coordinates": [55.23340134101566, 25.197170228955255]}, "properties": {"kind": "pier"}}, {"type": "Feature", "geometry": {"type": "Point", "coordinates": [55.139828550000004, 25.07793015]}, "properties": {"kind": "pier"}}, {"type": "Feature", "geometry": {"type": "Point", "coordinates": [55.13973360532204, 25.077887688638903]}, "properties": {"kind": "pier"}}, {"type": "Feature", "geometry": {"type": "Point", "coordinates": [55.140425983917574, 25.077978205307467]}, "properties": {"kind": "pier"}}, {"type": "Feature", "geometry": {"type": "Point", "coordinates": [55.13498696493462, 25.074999396961058]}, "properties": {"kind": "pier"}}, {"type": "Feature", "geometry": {"type": "Point", "coordinates": [55.23366890387465, 25.19710576419201]}, "properties": {"kind": "pier"}}, {"type": "Feature", "geometry": {"type": "Point", "coordinates": [55.145321209486454, 25.08504953568173]}, "properties": {"kind": "pier"}}, {"type": "Feature", "geometry": {"type": "Point", "coordinates": [55.145360960614255, 25.085243949248074]}, "properties": {"kind": "pier"}}, {"type": "Feature", "geometry": {"type": "Point", "coordinates": [55.14754829502798, 25.085352837004585]}, "properties": {"kind": "pier"}}, {"type": "Feature", "geometry": {"type": "Point", "coordinates": [55.14771579953292, 25.08525452325893]}, "properties": {"kind": "pier"}}, {"type": "Feature", "geometry": {"type": "Point", "coordinates": [55.14765397983221, 25.085294267541006]}, "properties": {"kind": "pier"}}, {"type": "Feature", "geometry": {"type": "Point", "coordinates": [55.14772620783553, 25.08526890257161]}, "properties": {"kind": "pier"}}, {"type": "Feature", "geometry": {"type": "Point", "coordinates": [55.13491656111778, 25.075046576833095]}, "properties": {"kind": "pier"}}, {"type": "Feature", "geometry": {"type": "Point", "coordinates": [55.138049566441204, 25.075707315022314]}, "properties": {"kind": "pier"}}, {"type": "Feature", "geometry": {"type": "Point", "coordinates": [55.13737722113498, 25.075391379288934]}, "properties": {"kind": "pier"}}, {"type": "Feature", "geometry": {"type": "Point", "coordinates": [55.1996676, 25.019858]}, "properties": {"kind": "stream"}}, {"type": "Feature", "geometry": {"type": "Point", "coordinates": [55.199666449999995, 25.0198897]}, "properties": {"kind": "stream"}}, {"type": "Feature", "geometry": {"type": "Point", "coordinates": [55.025611930009575, 24.98908637188209]}, "properties": {"kind": "pier"}}, {"type": "Feature", "geometry": {"type": "Point", "coordinates": [55.02543300992195, 24.989626020021014]}, "properties": {"kind": "pier"}}, {"type": "Feature", "geometry": {"type": "Point", "coordinates": [55.02386830116073, 24.9900901583259]}, "properties": {"kind": "pier"}}, {"type": "Feature", "geometry": {"type": "Point", "coordinates": [55.0238826, 24.990148650000002]}, "properties": {"kind": "pier"}}, {"type": "Feature", "geometry": {"type": "Point", "coordinates": [55.24398710051805, 25.210490821753048]}, "properties": {"kind": "pier"}}, {"type": "Feature", "geometry": {"type": "Point", "coordinates": [55.243683460603094, 25.210783892126045]}, "properties": {"kind": "pier"}}, {"type": "Feature", "geometry": {"type": "Point", "coordinates": [55.03162557518177, 24.99296676310586]}, "properties": {"kind": "pier"}}, {"type": "Feature", "geometry": {"type": "Point", "coordinates": [55.225364521657795, 25.200440158928128]}, "properties": {"kind": "pier"}}, {"type": "Feature", "geometry": {"type": "Point", "coordinates": [55.22386594430084, 25.199340915030902]}, "properties": {"kind": "pier"}}, {"type": "Feature", "geometry": {"type": "Point", "coordinates": [55.223774414378745, 25.199056277798398]}, "properties": {"kind": "pier"}}, {"type": "Feature", "geometry": {"type": "Point", "coordinates": [55.22375825700057, 25.198830298514416]}, "properties": {"kind": "pier"}}, {"type": "Feature", "geometry": {"type": "Point", "coordinates": [55.22377223447592, 25.198593993900033]}, "properties": {"kind": "pier"}}, {"type": "Feature", "geometry": {"type": "Point", "coordinates": [55.22380897344255, 25.19836923286814]}, "properties": {"kind": "pier"}}, {"type": "Feature", "geometry": {"type": "Point", "coordinates": [55.1620608972162, 25.113785505822]}, "properties": {"kind": "breakwater"}}, {"type": "Feature", "geometry": {"type": "Point", "coordinates": [55.161167987027966, 25.111862743664737]}, "properties": {"kind": "breakwater"}}, {"type": "Feature", "geometry": {"type": "Point", "coordinates": [55.161716096515676, 25.111648193887397]}, "properties": {"kind": "pier"}}, {"type": "Feature", "geometry": {"type": "Point", "coordinates": [55.21494515, 25.174153049999997]}, "properties": {"kind": "pier"}}, {"type": "Feature", "geometry": {"type": "Point", "coordinates": [55.214869150000006, 25.17419005]}, "properties": {"kind": "pier"}}, {"type": "Feature", "geometry": {"type": "Point", "coordinates": [55.21489975, 25.1740778]}, "properties": {"kind": "pier"}}, {"type": "Feature", "geometry": {"type": "Point", "coordinates": [55.21482489999999, 25.174117549999995]}, "properties": {"kind": "pier"}}, {"type": "Feature", "geometry": {"type": "Point", "coordinates": [55.214848149999995, 25.17400105]}, "properties": {"kind": "pier"}}, {"type": "Feature", "geometry": {"type": "Point", "coordinates": [55.21477380000001, 25.17404355]}, "properties": {"kind": "pier"}}, {"type": "Feature", "geometry": {"type": "Point", "coordinates": [55.214721600000004, 25.17396875]}, "properties": {"kind": "pier"}}, {"type": "Feature", "geometry": {"type": "Point", "coordinates": [55.2147455, 25.173853]}, "properties": {"kind": "pier"}}, {"type": "Feature", "geometry": {"type": "Point", "coordinates": [55.2146744, 25.173897750000002]}, "properties": {"kind": "pier"}}, {"type": "Feature", "geometry": {"type": "Point", "coordinates": [55.21469715, 25.17378145]}, "properties": {"kind": "pier"}}, {"type": "Feature", "geometry": {"type": "Point", "coordinates": [55.21462330000001, 25.1738203]}, "properties": {"kind": "pier"}}, {"type": "Feature", "geometry": {"type": "Point", "coordinates": [55.214646099999996, 25.17370425]}, "properties": {"kind": "pier"}}, {"type": "Feature", "geometry": {"type": "Point", "coordinates": [55.21457225000001, 25.173747799999997]}, "properties": {"kind": "pier"}}, {"type": "Feature", "geometry": {"type": "Point", "coordinates": [55.214595700000004, 25.173631800000003]}, "properties": {"kind": "pier"}}, {"type": "Feature", "geometry": {"type": "Point", "coordinates": [55.214522450000004, 25.1736737]}, "properties": {"kind": "pier"}}, {"type": "Feature", "geometry": {"type": "Point", "coordinates": [55.21449505, 25.17348235]}, "properties": {"kind": "pier"}}, {"type": "Feature", "geometry": {"type": "Point", "coordinates": [55.2144198, 25.1735234]}, "properties": {"kind": "pier"}}, {"type": "Feature", "geometry": {"type": "Point", "coordinates": [55.21444445, 25.173409499999998]}, "properties": {"kind": "pier"}}, {"type": "Feature", "geometry": {"type": "Point", "coordinates": [55.214368500000006, 25.1734506]}, "properties": {"kind": "pier"}}, {"type": "Feature", "geometry": {"type": "Point", "coordinates": [55.214391250000006, 25.1733327]}, "properties": {"kind": "pier"}}, {"type": "Feature", "geometry": {"type": "Point", "coordinates": [55.214317300000005, 25.173385250000003]}, "properties": {"kind": "pier"}}, {"type": "Feature", "geometry": {"type": "Point", "coordinates": [55.214234749999996, 25.173147900000004]}, "properties": {"kind": "pier"}}, {"type": "Feature", "geometry": {"type": "Point", "coordinates": [55.2141604, 25.173037800000003]}, "properties": {"kind": "pier"}}, {"type": "Feature", "geometry": {"type": "Point", "coordinates": [55.214062950000006, 25.1730975]}, "properties": {"kind": "pier"}}, {"type": "Feature", "geometry": {"type": "Point", "coordinates": [55.2150356, 25.17307455]}, "properties": {"kind": "pier"}}, {"type": "Feature", "geometry": {"type": "Point", "coordinates": [55.214964, 25.17311565]}, "properties": {"kind": "pier"}}, {"type": "Feature", "geometry": {"type": "Point", "coordinates": [55.21498655, 25.1729995]}, "properties": {"kind": "pier"}}, {"type": "Feature", "geometry": {"type": "Point", "coordinates": [55.215244549999994, 25.1739868]}, "properties": {"kind": "pier"}}, {"type": "Feature", "geometry": {"type": "Point", "coordinates": [55.215066, 25.1738763]}, "properties": {"kind": "pier"}}, {"type": "Feature", "geometry": {"type": "Point", "coordinates": [55.2150396, 25.1736862]}, "properties": {"kind": "pier"}}, {"type": "Feature", "geometry": {"type": "Point", "coordinates": [55.214965500000005, 25.173732649999994]}, "properties": {"kind": "pier"}}, {"type": "Feature", "geometry": {"type": "Point", "coordinates": [55.2146511, 25.1729343]}, "properties": {"kind": "pier"}}, {"type": "Feature", "geometry": {"type": "Point", "coordinates": [55.214583399999995, 25.172849999999997]}, "properties": {"kind": "pier"}}, {"type": "Feature", "geometry": {"type": "Point", "coordinates": [55.214525050000006, 25.17275935]}, "properties": {"kind": "pier"}}, {"type": "Feature", "geometry": {"type": "Point", "coordinates": [55.2143735, 25.172716299999998]}, "properties": {"kind": "pier"}}, {"type": "Feature", "geometry": {"type": "Point", "coordinates": [55.21443645, 25.17280505]}, "properties": {"kind": "pier"}}, {"type": "Feature", "geometry": {"type": "Point", "coordinates": [55.214494499999994, 25.172899450000003]}, "properties": {"kind": "pier"}}, {"type": "Feature", "geometry": {"type": "Point", "coordinates": [55.21455795, 25.17298685]}, "properties": {"kind": "pier"}}, {"type": "Feature", "geometry": {"type": "Point", "coordinates": [55.15983892346402, 25.110742041190118]}, "properties": {"kind": "pier"}}, {"type": "Feature", "geometry": {"type": "Point", "coordinates": [55.15963435181832, 25.11049975591462]}, "properties": {"kind": "pier"}}, {"type": "Feature", "geometry": {"type": "Point", "coordinates": [55.159334186397466, 25.109902868346758]}, "properties": {"kind": "pier"}}, {"type": "Feature", "geometry": {"type": "Point", "coordinates": [55.15946730892735, 25.110352007742375]}, "properties": {"kind": "pier"}}, {"type": "Feature", "geometry": {"type": "Point", "coordinates": [55.138959400000005, 25.076395750000003]}, "properties": {"kind": "pier"}}, {"type": "Feature", "geometry": {"type": "Point", "coordinates": [55.13985660624093, 25.077641155511987]}, "properties": {"kind": "pier"}}, {"type": "Feature", "geometry": {"type": "Point", "coordinates": [55.1853656972084, 25.134174835500055]}, "properties": {"kind": "bridge"}}, {"type": "Feature", "geometry": {"type": "Point", "coordinates": [55.23075607374978, 24.98210069626319]}, "properties": {"kind": "pipeline"}}, {"type": "Feature", "geometry": {"type": "Point", "coordinates": [55.24184482339954, 24.966262002863086]}, "properties": {"kind": "pipeline"}}, {"type": "Feature", "geometry": {"type": "Point", "coordinates": [55.132137035359136, 25.07856994398813]}, "properties": {"kind": "tower"}}, {"type": "Feature", "geometry": {"type": "Point", "coordinates": [55.078068557466466, 25.026539281459648]}, "properties": {"kind": "shaft"}}, {"type": "Feature", "geometry": {"type": "Point", "coordinates": [55.07796775860337, 25.026090017031677]}, "properties": {"kind": "shaft"}}, {"type": "Feature", "geometry": {"type": "Point", "coordinates": [55.12784621149451, 25.067406719089757]}, "properties": {"kind": "cooling"}}, {"type": "Feature", "geometry": {"type": "Point", "coordinates": [55.122724454870834, 25.063814563850762]}, "properties": {"kind": "cooling"}}, {"type": "Feature", "geometry": {"type": "Point", "coordinates": [55.12289214999999, 25.06367195]}, "properties": {"kind": "cooling"}}, {"type": "Feature", "geometry": {"type": "Point", "coordinates": [55.123085249999995, 25.0635221]}, "properties": {"kind": "cooling"}}, {"type": "Feature", "geometry": {"type": "Point", "coordinates": [55.120030250000006, 25.061913100000005]}, "properties": {"kind": "cooling"}}, {"type": "Feature", "geometry": {"type": "Point", "coordinates": [55.120256249816755, 25.062149513841966]}, "properties": {"kind": "cooling"}}, {"type": "Feature", "geometry": {"type": "Point", "coordinates": [55.12048374999999, 25.0623924]}, "properties": {"kind": "cooling"}}, {"type": "Feature", "geometry": {"type": "Point", "coordinates": [55.1161121, 25.055835750000007]}, "properties": {"kind": "cooling"}}, {"type": "Feature", "geometry": {"type": "Point", "coordinates": [55.11650988743688, 25.05625451773243]}, "properties": {"kind": "cooling"}}, {"type": "Feature", "geometry": {"type": "Point", "coordinates": [55.11468454574059, 25.054446436052274]}, "properties": {"kind": "cooling"}}, {"type": "Feature", "geometry": {"type": "Point", "coordinates": [55.13811335013033, 24.97388357429996]}, "properties": {"kind": "tunnel"}}, {"type": "Feature", "geometry": {"type": "Point", "coordinates": [55.13824921707863, 24.973687936587]}, "properties": {"kind": "tunnel"}}, {"type": "Feature", "geometry": {"type": "Point", "coordinates": [55.13938637740615, 24.972133912677798]}, "properties": {"kind": "tunnel"}}, {"type": "Feature", "geometry": {"type": "Point", "coordinates": [55.177145354705836, 25.192947966735762]}, "properties": {"kind": "pier"}}, {"type": "Feature", "geometry": {"type": "Point", "coordinates": [55.2744537725336, 25.195209044079906]}, "properties": {"kind": "pier"}}, {"type": "Feature", "geometry": {"type": "Point", "coordinates": [55.136868816902954, 25.07550149759598]}, "properties": {"kind": "bridge"}}, {"type": "Feature", "geometry": {"type": "Point", "coordinates": [55.14113613769033, 25.079591979096563]}, "properties": {"kind": "bridge"}}, {"type": "Feature", "geometry": {"type": "Point", "coordinates": [55.142311250000006, 25.07987905]}, "properties": {"kind": "pier"}}, {"type": "Feature", "geometry": {"type": "Point", "coordinates": [55.25511943850668, 25.18629246306785]}, "properties": {"kind": "bridge"}}, {"type": "Feature", "geometry": {"type": "Point", "coordinates": [55.261913778142606, 25.182700462665764]}, "properties": {"kind": "bridge"}}, {"type": "Feature", "geometry": {"type": "Point", "coordinates": [55.14365379867276, 25.087303839534215]}, "properties": {"kind": "bridge"}}, {"type": "Feature", "geometry": {"type": "Point", "coordinates": [55.13306982111035, 25.071282703041614]}, "properties": {"kind": "bridge"}}, {"type": "Feature", "geometry": {"type": "Point", "coordinates": [55.13853056570903, 25.033111795810065]}, "properties": {"kind": "storage_tank"}}, {"type": "Feature", "geometry": {"type": "Point", "coordinates": [55.13859886599771, 25.033098344380754]}, "properties": {"kind": "storage_tank"}}, {"type": "Feature", "geometry": {"type": "Point", "coordinates": [55.1282309, 25.0296336]}, "properties": {"kind": "tower"}}, {"type": "Feature", "geometry": {"type": "Point", "coordinates": [55.12806585000001, 25.029581450000002]}, "properties": {"kind": "storage_tank"}}, {"type": "Feature", "geometry": {"type": "Point", "coordinates": [55.1280672786204, 25.029565942681224]}, "properties": {"kind": "storage_tank"}}, {"type": "Feature", "geometry": {"type": "Point", "coordinates": [55.12562655, 25.031838099999998]}, "properties": {"kind": "tower"}}, {"type": "Feature", "geometry": {"type": "Point", "coordinates": [55.12449926481202, 25.030232363666002]}, "properties": {"kind": "storage_tank"}}, {"type": "Feature", "geometry": {"type": "Point", "coordinates": [55.12444926371479, 25.030099533292713]}, "properties": {"kind": "storage_tank"}}, {"type": "Feature", "geometry": {"type": "Point", "coordinates": [55.16464393812004, 25.01217107299222]}, "properties": {"kind": "shaft"}}, {"type": "Feature", "geometry": {"type": "Point", "coordinates": [55.169321823886804, 25.019443920710508]}, "properties": {"kind": "shaft"}}, {"type": "Feature", "geometry": {"type": "Point", "coordinates": [55.173159053182154, 25.02175572578689]}, "properties": {"kind": "shaft"}}, {"type": "Feature", "geometry": {"type": "Point", "coordinates": [55.17597664874316, 25.025183074634572]}, "properties": {"kind": "shaft"}}, {"type": "Feature", "geometry": {"type": "Point", "coordinates": [55.17588815427911, 25.024359170359183]}, "properties": {"kind": "shaft"}}, {"type": "Feature", "geometry": {"type": "Point", "coordinates": [55.180188969037104, 25.032976120084758]}, "properties": {"kind": "shaft"}}, {"type": "Feature", "geometry": {"type": "Point", "coordinates": [55.17977402764218, 25.03310753017995]}, "properties": {"kind": "shaft"}}, {"type": "Feature", "geometry": {"type": "Point", "coordinates": [55.17697138922772, 25.031318317810143]}, "properties": {"kind": "shaft"}}, {"type": "Feature", "geometry": {"type": "Point", "coordinates": [55.175691062405335, 25.031245425714218]}, "properties": {"kind": "shaft"}}, {"type": "Feature", "geometry": {"type": "Point", "coordinates": [55.1772811690371, 25.024286620084762]}, "properties": {"kind": "shaft"}}, {"type": "Feature", "geometry": {"type": "Point", "coordinates": [55.18755486697908, 25.037720145995596]}, "properties": {"kind": "shaft"}}, {"type": "Feature", "geometry": {"type": "Point", "coordinates": [55.18271473622788, 25.03474322462436]}, "properties": {"kind": "pipeline"}}, {"type": "Feature", "geometry": {"type": "Point", "coordinates": [55.17288018604949, 25.027645242922343]}, "properties": {"kind": "shaft"}}, {"type": "Feature", "geometry": {"type": "Point", "coordinates": [55.1364505900691, 25.0172760405505]}, "properties": {"kind": "shaft"}}, {"type": "Feature", "geometry": {"type": "Point", "coordinates": [55.05524402314666, 25.005100516698096]}, "properties": {"kind": "storage_tank"}}, {"type": "Feature", "geometry": {"type": "Point", "coordinates": [55.0747134932751, 25.00802282638912]}, "properties": {"kind": "storage_tank"}}, {"type": "Feature", "geometry": {"type": "Point", "coordinates": [55.07447159327509, 25.00823452638911]}, "properties": {"kind": "storage_tank"}}, {"type": "Feature", "geometry": {"type": "Point", "coordinates": [55.07425019327508, 25.008461126389115]}, "properties": {"kind": "storage_tank"}}, {"type": "Feature", "geometry": {"type": "Point", "coordinates": [55.074008393275086, 25.008676626389114]}, "properties": {"kind": "storage_tank"}}, {"type": "Feature", "geometry": {"type": "Point", "coordinates": [55.060885137611464, 24.974447519371378]}, "properties": {"kind": "storage_tank"}}, {"type": "Feature", "geometry": {"type": "Point", "coordinates": [55.06077335153493, 24.974542891739258]}, "properties": {"kind": "storage_tank"}}, {"type": "Feature", "geometry": {"type": "Point", "coordinates": [55.060928926813396, 24.974672732185777]}, "properties": {"kind": "storage_tank"}}, {"type": "Feature", "geometry": {"type": "Point", "coordinates": [55.06103831677557, 24.974568008980437]}, "properties": {"kind": "storage_tank"}}, {"type": "Feature", "geometry": {"type": "Point", "coordinates": [55.06133102058756, 24.975024638356846]}, "properties": {"kind": "storage_tank"}}, {"type": "Feature", "geometry": {"type": "Point", "coordinates": [55.061210851989955, 24.97493949009168]}, "properties": {"kind": "storage_tank"}}, {"type": "Feature", "geometry": {"type": "Point", "coordinates": [55.06144348099226, 24.97491571723335]}, "properties": {"kind": "storage_tank"}}, {"type": "Feature", "geometry": {"type": "Point", "coordinates": [55.06132485902826, 24.974830535814437]}, "properties": {"kind": "storage_tank"}}, {"type": "Feature", "geometry": {"type": "Point", "coordinates": [55.13912053826529, 25.029491100812226]}, "properties": {"kind": "pipeline"}}, {"type": "Feature", "geometry": {"type": "Point", "coordinates": [55.095533750053555, 25.027367209391766]}, "properties": {"kind": "cooling"}}, {"type": "Feature", "geometry": {"type": "Point", "coordinates": [55.0952689507189, 25.027058259655906]}, "properties": {"kind": "cooling"}}, {"type": "Feature", "geometry": {"type": "Point", "coordinates": [55.0950062291362, 25.02553531490096]}, "properties": {"kind": "cooling"}}, {"type": "Feature", "geometry": {"type": "Point", "coordinates": [55.09402665325205, 25.02407866345438]}, "properties": {"kind": "cooling"}}, {"type": "Feature", "geometry": {"type": "Point", "coordinates": [55.16456836366225, 25.02759696357671]}, "properties": {"kind": "storage_tank"}}, {"type": "Feature", "geometry": {"type": "Point", "coordinates": [55.16463488646244, 25.027536562606823]}, "properties": {"kind": "storage_tank"}}, {"type": "Feature", "geometry": {"type": "Point", "coordinates": [55.24440823476569, 25.189227359674593]}, "properties": {"kind": "bridge"}}, {"type": "Feature", "geometry": {"type": "Point", "coordinates": [55.162954678499666, 25.03454737490941]}, "properties": {"kind": "pipeline"}}, {"type": "Feature", "geometry": {"type": "Point", "coordinates": [55.1757819747318, 25.19395926822655]}, "properties": {"kind": "pier"}}, {"type": "Feature", "geometry": {"type": "Point", "coordinates": [55.18116214660748, 25.198485354640773]}, "properties": {"kind": "pier"}}, {"type": "Feature", "geometry": {"type": "Point", "coordinates": [55.18036550000001, 25.197209599999997]}, "properties": {"kind": "pier"}}, {"type": "Feature", "geometry": {"type": "Point", "coordinates": [55.17451989979964, 25.19624571599134]}, "properties": {"kind": "pier"}}, {"type": "Feature", "geometry": {"type": "Point", "coordinates": [55.139842349999995, 25.032330549999998]}, "properties": {"kind": "gantry"}}, {"type": "Feature", "geometry": {"type": "Point", "coordinates": [55.143369518334325, 25.096235374146712]}, "properties": {"kind": "pier"}}, {"type": "Feature", "geometry": {"type": "Point", "coordinates": [55.143835949999996, 25.097457900000002]}, "properties": {"kind": "pier"}}, {"type": "Feature", "geometry": {"type": "Point", "coordinates": [55.144169399999996, 25.0978028]}, "properties": {"kind": "pier"}}, {"type": "Feature", "geometry": {"type": "Point", "coordinates": [55.14447625, 25.09813225]}, "properties": {"kind": "pier"}}, {"type": "Feature", "geometry": {"type": "Point", "coordinates": [55.144884250000004, 25.0983996]}, "properties": {"kind": "pier"}}, {"type": "Feature", "geometry": {"type": "Point", "coordinates": [55.1453314, 25.098714649999998]}, "properties": {"kind": "pier"}}, {"type": "Feature", "geometry": {"type": "Point", "coordinates": [55.1461129, 25.09939955]}, "properties": {"kind": "pier"}}, {"type": "Feature", "geometry": {"type": "Point", "coordinates": [55.1463923, 25.09907545]}, "properties": {"kind": "pier"}}, {"type": "Feature", "geometry": {"type": "Point", "coordinates": [55.14528822191507, 25.095427843247112]}, "properties": {"kind": "pier"}}, {"type": "Feature", "geometry": {"type": "Point", "coordinates": [55.14516045, 25.095771499999998]}, "properties": {"kind": "pier"}}, {"type": "Feature", "geometry": {"type": "Point", "coordinates": [55.1448632, 25.095391499999998]}, "properties": {"kind": "pier"}}, {"type": "Feature", "geometry": {"type": "Point", "coordinates": [55.14465024999999, 25.095558750000002]}, "properties": {"kind": "pier"}}, {"type": "Feature", "geometry": {"type": "Point", "coordinates": [55.14491255, 25.09597355]}, "properties": {"kind": "pier"}}, {"type": "Feature", "geometry": {"type": "Point", "coordinates": [55.14442975, 25.09573685]}, "properties": {"kind": "pier"}}, {"type": "Feature", "geometry": {"type": "Point", "coordinates": [55.14465425, 25.096173299999997]}, "properties": {"kind": "pier"}}, {"type": "Feature", "geometry": {"type": "Point", "coordinates": [55.1442166, 25.095901050000002]}, "properties": {"kind": "pier"}}, {"type": "Feature", "geometry": {"type": "Point", "coordinates": [55.144380749999996, 25.096279449999997]}, "properties": {"kind": "pier"}}, {"type": "Feature", "geometry": {"type": "Point", "coordinates": [55.1439951, 25.096074350000002]}, "properties": {"kind": "pier"}}, {"type": "Feature", "geometry": {"type": "Point", "coordinates": [55.14416000000001, 25.096448799999997]}, "properties": {"kind": "pier"}}, {"type": "Feature", "geometry": {"type": "Point", "coordinates": [55.143774750000006, 25.0962394]}, "properties": {"kind": "pier"}}, {"type": "Feature", "geometry": {"type": "Point", "coordinates": [55.14354690000001, 25.09641095]}, "properties": {"kind": "pier"}}, {"type": "Feature", "geometry": {"type": "Point", "coordinates": [55.143328249999996, 25.0965802]}, "properties": {"kind": "pier"}}, {"type": "Feature", "geometry": {"type": "Point", "coordinates": [55.1431164, 25.09674935]}, "properties": {"kind": "pier"}}, {"type": "Feature", "geometry": {"type": "Point", "coordinates": [55.16081353509809, 25.02413924904073]}, "properties": {"kind": "pipeline"}}, {"type": "Feature", "geometry": {"type": "Point", "coordinates": [55.04404002124872, 25.001103887138207]}, "properties": {"kind": "storage_tank"}}, {"type": "Feature", "geometry": {"type": "Point", "coordinates": [55.04410253363029, 25.001000129292883]}, "properties": {"kind": "storage_tank"}}, {"type": "Feature", "geometry": {"type": "Point", "coordinates": [55.04235181072392, 25.00454973086304]}, "properties": {"kind": "storage_tank"}}, {"type": "Feature", "geometry": {"type": "Point", "coordinates": [55.04240384999999, 25.00457195]}, "properties": {"kind": "storage_tank"}}, {"type": "Feature", "geometry": {"type": "Point", "coordinates": [55.042320015769334, 25.004758113431734]}, "properties": {"kind": "storage_tank"}}, {"type": "Feature", "geometry": {"type": "Point", "coordinates": [55.042275184239294, 25.00474203654137]}, "properties": {"kind": "storage_tank"}}, {"type": "Feature", "geometry": {"type": "Point", "coordinates": [55.04234955, 25.00469605]}, "properties": {"kind": "storage_tank"}}, {"type": "Feature", "geometry": {"type": "Point", "coordinates": [55.04230234085323, 25.004678920558625]}, "properties": {"kind": "storage_tank"}}, {"type": "Feature", "geometry": {"type": "Point", "coordinates": [55.04232826534363, 25.004621161942964]}, "properties": {"kind": "storage_tank"}}, {"type": "Feature", "geometry": {"type": "Point", "coordinates": [55.042376671547046, 25.004636144488234]}, "properties": {"kind": "storage_tank"}}, {"type": "Feature", "geometry": {"type": "Point", "coordinates": [55.04620095, 24.997761049999998]}, "properties": {"kind": "storage_tank"}}, {"type": "Feature", "geometry": {"type": "Point", "coordinates": [55.04625238387521, 24.9977830352066]}, "properties": {"kind": "storage_tank"}}, {"type": "Feature", "geometry": {"type": "Point", "coordinates": [55.04630289999999, 24.997802800000006]}, "properties": {"kind": "storage_tank"}}, {"type": "Feature", "geometry": {"type": "Point", "coordinates": [55.046352250000005, 24.99782155]}, "properties": {"kind": "storage_tank"}}, {"type": "Feature", "geometry": {"type": "Point", "coordinates": [55.0464051, 24.9978361]}, "properties": {"kind": "storage_tank"}}, {"type": "Feature", "geometry": {"type": "Point", "coordinates": [55.04645790000001, 24.997855850000004]}, "properties": {"kind": "storage_tank"}}, {"type": "Feature", "geometry": {"type": "Point", "coordinates": [55.04639360000001, 24.99800885]}, "properties": {"kind": "storage_tank"}}, {"type": "Feature", "geometry": {"type": "Point", "coordinates": [55.046339611842434, 24.997990132524578]}, "properties": {"kind": "storage_tank"}}, {"type": "Feature", "geometry": {"type": "Point", "coordinates": [55.046291399999994, 24.9979693]}, "properties": {"kind": "storage_tank"}}, {"type": "Feature", "geometry": {"type": "Point", "coordinates": [55.046147276494914, 24.997907705708986]}, "properties": {"kind": "storage_tank"}}, {"type": "Feature", "geometry": {"type": "Point", "coordinates": [55.046196469729445, 24.99792507592733]}, "properties": {"kind": "storage_tank"}}, {"type": "Feature", "geometry": {"type": "Point", "coordinates": [55.04617297473402, 24.997977687986637]}, "properties": {"kind": "storage_tank"}}, {"type": "Feature", "geometry": {"type": "Point", "coordinates": [55.046124069592814, 24.997961138588927]}, "properties": {"kind": "storage_tank"}}, {"type": "Feature", "geometry": {"type": "Point", "coordinates": [55.04630162099777, 24.99454468998747]}, "properties": {"kind": "crane"}}, {"type": "Feature", "geometry": {"type": "Point", "coordinates": [55.04672270831459, 24.994745087446372]}, "properties": {"kind": "crane"}}, {"type": "Feature", "geometry": {"type": "Point", "coordinates": [55.04715996361392, 24.994898790251263]}, "properties": {"kind": "crane"}}, {"type": "Feature", "geometry": {"type": "Point", "coordinates": [55.047611437953805, 24.995010025378626]}, "properties": {"kind": "crane"}}, {"type": "Feature", "geometry": {"type": "Point", "coordinates": [55.04804204295606, 24.99519948865828]}, "properties": {"kind": "crane"}}, {"type": "Feature", "geometry": {"type": "Point", "coordinates": [55.05138292493879, 24.98924084464628]}, "properties": {"kind": "crane"}}, {"type": "Feature", "geometry": {"type": "Point", "coordinates": [55.047552404650055, 24.991569900254856]}, "properties": {"kind": "crane"}}, {"type": "Feature", "geometry": {"type": "Point", "coordinates": [55.047983671392124, 24.991723387320715]}, "properties": {"kind": "crane"}}, {"type": "Feature", "geometry": {"type": "Point", "coordinates": [55.04840237120063, 24.99193296966552]}, "properties": {"kind": "crane"}}, {"type": "Feature", "geometry": {"type": "Point", "coordinates": [55.04884580481413, 24.992082549974597]}, "properties": {"kind": "crane"}}, {"type": "Feature", "geometry": {"type": "Point", "coordinates": [55.04927967208859, 24.99222868724559]}, "properties": {"kind": "crane"}}, {"type": "Feature", "geometry": {"type": "Point", "coordinates": [55.0488906045026, 24.988356682792976]}, "properties": {"kind": "crane"}}, {"type": "Feature", "geometry": {"type": "Point", "coordinates": [55.049326137078026, 24.988515762860793]}, "properties": {"kind": "crane"}}, {"type": "Feature", "geometry": {"type": "Point", "coordinates": [55.04975230617689, 24.98866571771234]}, "properties": {"kind": "crane"}}, {"type": "Feature", "geometry": {"type": "Point", "coordinates": [55.05019067186476, 24.988815487187235]}, "properties": {"kind": "crane"}}, {"type": "Feature", "geometry": {"type": "Point", "coordinates": [55.050635521260325, 24.98896391972756]}, "properties": {"kind": "crane"}}, {"type": "Feature", "geometry": {"type": "Point", "coordinates": [55.05013694075962, 24.985348561043622]}, "properties": {"kind": "crane"}}, {"type": "Feature", "geometry": {"type": "Point", "coordinates": [55.05057512976269, 24.985503335520516]}, "properties": {"kind": "crane"}}, {"type": "Feature", "geometry": {"type": "Point", "coordinates": [55.05101850601992, 24.98564736955107]}, "properties": {"kind": "crane"}}, {"type": "Feature", "geometry": {"type": "Point", "coordinates": [55.05146036292917, 24.985801068926758]}, "properties": {"kind": "crane"}}, {"type": "Feature", "geometry": {"type": "Point", "coordinates": [55.05188320963252, 24.986000822024636]}, "properties": {"kind": "crane"}}, {"type": "Feature", "geometry": {"type": "Point", "coordinates": [55.053216305269295, 24.982793918243196]}, "properties": {"kind": "crane"}}, {"type": "Feature", "geometry": {"type": "Point", "coordinates": [55.05278347133931, 24.98263394279503]}, "properties": {"kind": "crane"}}, {"type": "Feature", "geometry": {"type": "Point", "coordinates": [55.05227394634484, 24.982639130909373]}, "properties": {"kind": "crane"}}, {"type": "Feature", "geometry": {"type": "Point", "coordinates": [55.051733496538326, 24.982720485892113]}, "properties": {"kind": "crane"}}, {"type": "Feature", "geometry": {"type": "Point", "coordinates": [55.05118555938187, 24.982848771419334]}, "properties": {"kind": "crane"}}, {"type": "Feature", "geometry": {"type": "Point", "coordinates": [55.04715320069086, 24.989600775363158]}, "properties": {"kind": "storage_tank"}}, {"type": "Feature", "geometry": {"type": "Point", "coordinates": [55.047244196105304, 24.989636251297792]}, "properties": {"kind": "storage_tank"}}, {"type": "Feature", "geometry": {"type": "Point", "coordinates": [55.04592936354021, 24.98863563859213]}, "properties": {"kind": "storage_tank"}}, {"type": "Feature", "geometry": {"type": "Point", "coordinates": [55.04598974056933, 24.988656642378455]}, "properties": {"kind": "storage_tank"}}, {"type": "Feature", "geometry": {"type": "Point", "coordinates": [55.04591746855692, 24.988527771714253]}, "properties": {"kind": "storage_tank"}}, {"type": "Feature", "geometry": {"type": "Point", "coordinates": [55.04594774156127, 24.98853812382796]}, "properties": {"kind": "storage_tank"}}, {"type": "Feature", "geometry": {"type": "Point", "coordinates": [55.04593018844084, 24.988498614132485]}, "properties": {"kind": "storage_tank"}}, {"type": "Feature", "geometry": {"type": "Point", "coordinates": [55.04596246607126, 24.988506818524538]}, "properties": {"kind": "storage_tank"}}, {"type": "Feature", "geometry": {"type": "Point", "coordinates": [55.045797701284386, 24.98856995343381]}, "properties": {"kind": "storage_tank"}}, {"type": "Feature", "geometry": {"type": "Point", "coordinates": [55.04580900967534, 24.988540682961506]}, "properties": {"kind": "storage_tank"}}, {"type": "Feature", "geometry": {"type": "Point", "coordinates": [55.045765406521255, 24.988561754219692]}, "properties": {"kind": "storage_tank"}}, {"type": "Feature", "geometry": {"type": "Point", "coordinates": [55.04577559778536, 24.988529910615252]}, "properties": {"kind": "storage_tank"}}, {"type": "Feature", "geometry": {"type": "Point", "coordinates": [55.045728057070356, 24.98854993323091]}, "properties": {"kind": "storage_tank"}}, {"type": "Feature", "geometry": {"type": "Point", "coordinates": [55.04574049753189, 24.98851760050355]}, "properties": {"kind": "storage_tank"}}, {"type": "Feature", "geometry": {"type": "Point", "coordinates": [55.04565186156859, 24.98851055959995]}, "properties": {"kind": "storage_tank"}}, {"type": "Feature", "geometry": {"type": "Point", "coordinates": [55.04569301708604, 24.988505257504627]}, "properties": {"kind": "storage_tank"}}, {"type": "Feature", "geometry": {"type": "Point", "coordinates": [55.04561998339437, 24.988479067548145]}, "properties": {"kind": "storage_tank"}}, {"type": "Feature", "geometry": {"type": "Point", "coordinates": [55.045568466666815, 24.988485240219187]}, "properties": {"kind": "storage_tank"}}, {"type": "Feature", "geometry": {"type": "Point", "coordinates": [55.045788696512986, 24.98803341451911]}, "properties": {"kind": "pipeline"}}, {"type": "Feature", "geometry": {"type": "Point", "coordinates": [55.04529207741243, 24.987800475381675]}, "properties": {"kind": "pipeline"}}, {"type": "Feature", "geometry": {"type": "Point", "coordinates": [55.045771953716475, 24.987779243304757]}, "properties": {"kind": "pipeline"}}, {"type": "Feature", "geometry": {"type": "Point", "coordinates": [55.04568805514783, 24.987616441435666]}, "properties": {"kind": "pipeline"}}, {"type": "Feature", "geometry": {"type": "Point", "coordinates": [55.04536265, 24.98775985]}, "properties": {"kind": "pipeline"}}, {"type": "Feature", "geometry": {"type": "Point", "coordinates": [55.04500297174118, 24.987881374311506]}, "properties": {"kind": "storage_tank"}}, {"type": "Feature", "geometry": {"type": "Point", "coordinates": [55.04502613261536, 24.987822412039037]}, "properties": {"kind": "storage_tank"}}, {"type": "Feature", "geometry": {"type": "Point", "coordinates": [55.04504852300173, 24.987774012584598]}, "properties": {"kind": "storage_tank"}}, {"type": "Feature", "geometry": {"type": "Point", "coordinates": [55.04510134822563, 24.987788586085866]}, "properties": {"kind": "storage_tank"}}, {"type": "Feature", "geometry": {"type": "Point", "coordinates": [55.04508471059575, 24.987836990534024]}, "properties": {"kind": "storage_tank"}}, {"type": "Feature", "geometry": {"type": "Point", "coordinates": [55.04505942823171, 24.987886947808565]}, "properties": {"kind": "storage_tank"}}, {"type": "Feature", "geometry": {"type": "Point", "coordinates": [55.04495436287434, 24.987866133235833]}, "properties": {"kind": "storage_tank"}}, {"type": "Feature", "geometry": {"type": "Point", "coordinates": [55.0449687208983, 24.987830748305875]}, "properties": {"kind": "storage_tank"}}, {"type": "Feature", "geometry": {"type": "Point", "coordinates": [55.04498767738405, 24.987775588989393]}, "properties": {"kind": "storage_tank"}}, {"type": "Feature", "geometry": {"type": "Point", "coordinates": [55.04500431853175, 24.987736042099602]}, "properties": {"kind": "storage_tank"}}, {"type": "Feature", "geometry": {"type": "Point", "coordinates": [55.044958974838735, 24.987717292005502]}, "properties": {"kind": "storage_tank"}}, {"type": "Feature", "geometry": {"type": "Point", "coordinates": [55.04494748873479, 24.98776308824484]}, "properties": {"kind": "storage_tank"}}, {"type": "Feature", "geometry": {"type": "Point", "coordinates": [55.0449273867902, 24.987804193285807]}, "properties": {"kind": "storage_tank"}}, {"type": "Feature", "geometry": {"type": "Point", "coordinates": [55.044914182217205, 24.987845850218896]}, "properties": {"kind": "storage_tank"}}, {"type": "Feature", "geometry": {"type": "Point", "coordinates": [55.04857140016121, 24.985774899873913]}, "properties": {"kind": "storage_tank"}}, {"type": "Feature", "geometry": {"type": "Point", "coordinates": [55.04150675568806, 25.028612096685215]}, "properties": {"kind": "pier"}}, {"type": "Feature", "geometry": {"type": "Point", "coordinates": [55.0415052, 25.028614700000002]}, "properties": {"kind": "pier"}}, {"type": "Feature", "geometry": {"type": "Point", "coordinates": [55.04142085000001, 25.0286422]}, "properties": {"kind": "pier"}}, {"type": "Feature", "geometry": {"type": "Point", "coordinates": [55.047770077335926, 25.03060840613132]}, "properties": {"kind": "crane"}}, {"type": "Feature", "geometry": {"type": "Point", "coordinates": [55.04650875, 25.033491]}, "properties": {"kind": "crane"}}, {"type": "Feature", "geometry": {"type": "Point", "coordinates": [55.04660389609726, 25.032975484134283]}, "properties": {"kind": "crane"}}, {"type": "Feature", "geometry": {"type": "Point", "coordinates": [55.046724501625704, 25.032470869772542]}, "properties": {"kind": "crane"}}, {"type": "Feature", "geometry": {"type": "Point", "coordinates": [55.04683138232781, 25.0319577903353]}, "properties": {"kind": "crane"}}, {"type": "Feature", "geometry": {"type": "Point", "coordinates": [55.046936165380394, 25.03144936489242]}, "properties": {"kind": "crane"}}, {"type": "Feature", "geometry": {"type": "Point", "coordinates": [55.07088909846555, 25.010114571431984]}, "properties": {"kind": "storage_tank"}}, {"type": "Feature", "geometry": {"type": "Point", "coordinates": [55.07140969846552, 25.009620471431983]}, "properties": {"kind": "storage_tank"}}, {"type": "Feature", "geometry": {"type": "Point", "coordinates": [55.07037669846554, 25.010593871431986]}, "properties": {"kind": "storage_tank"}}, {"type": "Feature", "geometry": {"type": "Point", "coordinates": [55.069864298465546, 25.011399971431974]}, "properties": {"kind": "storage_tank"}}, {"type": "Feature", "geometry": {"type": "Point", "coordinates": [55.06944659846553, 25.01168147143198]}, "properties": {"kind": "storage_tank"}}, {"type": "Feature", "geometry": {"type": "Point", "coordinates": [55.06907309846554, 25.011425971431986]}, "properties": {"kind": "storage_tank"}}, {"type": "Feature", "geometry": {"type": "Point", "coordinates": [55.068667198465526, 25.011058171431987]}, "properties": {"kind": "storage_tank"}}, {"type": "Feature", "geometry": {"type": "Point", "coordinates": [55.069441998465535, 25.01106197143199]}, "properties": {"kind": "storage_tank"}}, {"type": "Feature", "geometry": {"type": "Point", "coordinates": [55.06905259846553, 25.01069047143198]}, "properties": {"kind": "storage_tank"}}, {"type": "Feature", "geometry": {"type": "Point", "coordinates": [55.06985272640154, 25.010149459391425]}, "properties": {"kind": "storage_tank"}}, {"type": "Feature", "geometry": {"type": "Point", "coordinates": [55.070363445444386, 25.00965048324862]}, "properties": {"kind": "storage_tank"}}, {"type": "Feature", "geometry": {"type": "Point", "coordinates": [55.07089228235767, 25.009160099034244]}, "properties": {"kind": "storage_tank"}}, {"type": "Feature", "geometry": {"type": "Point", "coordinates": [55.06110899629489, 25.00959808576898]}, "properties": {"kind": "storage_tank"}}, {"type": "Feature", "geometry": {"type": "Point", "coordinates": [55.06074791678753, 25.009284665381436]}, "properties": {"kind": "storage_tank"}}, {"type": "Feature", "geometry": {"type": "Point", "coordinates": [55.0603802645112, 25.00897668567362]}, "properties": {"kind": "storage_tank"}}, {"type": "Feature", "geometry": {"type": "Point", "coordinates": [55.06003421786422, 25.008668681667846]}, "properties": {"kind": "storage_tank"}}, {"type": "Feature", "geometry": {"type": "Point", "coordinates": [55.06076954238373, 25.008593094353742]}, "properties": {"kind": "storage_tank"}}, {"type": "Feature", "geometry": {"type": "Point", "coordinates": [55.060417330722984, 25.008282284791544]}, "properties": {"kind": "storage_tank"}}, {"type": "Feature", "geometry": {"type": "Point", "coordinates": [55.06113412230453, 25.0089206740032]}, "properties": {"kind": "storage_tank"}}, {"type": "Feature", "geometry": {"type": "Point", "coordinates": [55.06149560251611, 25.009234261373805]}, "properties": {"kind": "storage_tank"}}, {"type": "Feature", "geometry": {"type": "Point", "coordinates": [55.060599627339805, 25.010068629461216]}, "properties": {"kind": "storage_tank"}}, {"type": "Feature", "geometry": {"type": "Point", "coordinates": [55.06021033080221, 25.010457812457624]}, "properties": {"kind": "storage_tank"}}, {"type": "Feature", "geometry": {"type": "Point", "coordinates": [55.059851945081355, 25.01014423737169]}, "properties": {"kind": "storage_tank"}}, {"type": "Feature", "geometry": {"type": "Point", "coordinates": [55.06023814432079, 25.009771856599695]}, "properties": {"kind": "storage_tank"}}, {"type": "Feature", "geometry": {"type": "Point", "coordinates": [55.05949047039366, 25.00981106072406]}, "properties": {"kind": "storage_tank"}}, {"type": "Feature", "geometry": {"type": "Point", "coordinates": [55.05987666633732, 25.00945267114046]}, "properties": {"kind": "storage_tank"}}, {"type": "Feature", "geometry": {"type": "Point", "coordinates": [55.05912588991472, 25.00951425406593]}, "properties": {"kind": "storage_tank"}}, {"type": "Feature", "geometry": {"type": "Point", "coordinates": [55.059518260575715, 25.009141877415892]}, "properties": {"kind": "storage_tank"}}, {"type": "Feature", "geometry": {"type": "Point", "coordinates": [55.054766968927595, 25.00860187063702]}, "properties": {"kind": "storage_tank"}}, {"type": "Feature", "geometry": {"type": "Point", "coordinates": [55.053881822361646, 25.00787698642182]}, "properties": {"kind": "storage_tank"}}, {"type": "Feature", "geometry": {"type": "Point", "coordinates": [55.05423310051077, 25.008323718498453]}, "properties": {"kind": "storage_tank"}}, {"type": "Feature", "geometry": {"type": "Point", "coordinates": [55.05566076931768, 25.007925586376906]}, "properties": {"kind": "storage_tank"}}, {"type": "Feature", "geometry": {"type": "Point", "coordinates": [55.05335281720691, 25.00752237512867]}, "properties": {"kind": "storage_tank"}}, {"type": "Feature", "geometry": {"type": "Point", "coordinates": [55.063059304113125, 25.005126269491225]}, "properties": {"kind": "silo"}}, {"type": "Feature", "geometry": {"type": "Point", "coordinates": [55.06262385267814, 25.004769949256964]}, "properties": {"kind": "silo"}}, {"type": "Feature", "geometry": {"type": "Point", "coordinates": [55.062203795219475, 25.004393644924793]}, "properties": {"kind": "silo"}}, {"type": "Feature", "geometry": {"type": "Point", "coordinates": [55.06922054854936, 25.009547782833753]}, "properties": {"kind": "silo"}}, {"type": "Feature", "geometry": {"type": "Point", "coordinates": [55.06942843874366, 25.00935684007874]}, "properties": {"kind": "silo"}}, {"type": "Feature", "geometry": {"type": "Point", "coordinates": [55.069632295007395, 25.009167240264436]}, "properties": {"kind": "silo"}}, {"type": "Feature", "geometry": {"type": "Point", "coordinates": [55.06983614206389, 25.008970357264264]}, "properties": {"kind": "silo"}}, {"type": "Feature", "geometry": {"type": "Point", "coordinates": [55.070029250477674, 25.008778340138203]}, "properties": {"kind": "silo"}}, {"type": "Feature", "geometry": {"type": "Point", "coordinates": [55.07023579310829, 25.00858388262427]}, "properties": {"kind": "silo"}}, {"type": "Feature", "geometry": {"type": "Point", "coordinates": [55.067679003007065, 25.008522893914964]}, "properties": {"kind": "silo"}}, {"type": "Feature", "geometry": {"type": "Point", "coordinates": [55.06787747711022, 25.00831629037438]}, "properties": {"kind": "silo"}}, {"type": "Feature", "geometry": {"type": "Point", "coordinates": [55.068102795747755, 25.00811696694178]}, "properties": {"kind": "silo"}}, {"type": "Feature", "geometry": {"type": "Point", "coordinates": [55.051629534904656, 25.01449410880555]}, "properties": {"kind": "storage_tank"}}, {"type": "Feature", "geometry": {"type": "Point", "coordinates": [55.05148068870866, 25.014364739581918]}, "properties": {"kind": "storage_tank"}}, {"type": "Feature", "geometry": {"type": "Point", "coordinates": [55.051334193238, 25.01423812109792]}, "properties": {"kind": "storage_tank"}}, {"type": "Feature", "geometry": {"type": "Point", "coordinates": [55.05159939345072, 25.014155731868644]}, "properties": {"kind": "storage_tank"}}, {"type": "Feature", "geometry": {"type": "Point", "coordinates": [55.051116330929894, 25.01405972704937]}, "properties": {"kind": "storage_tank"}}, {"type": "Feature", "geometry": {"type": "Point", "coordinates": [55.05091725183786, 25.0138806841727]}, "properties": {"kind": "storage_tank"}}, {"type": "Feature", "geometry": {"type": "Point", "coordinates": [55.05094879301156, 25.013701633518963]}, "properties": {"kind": "storage_tank"}}, {"type": "Feature", "geometry": {"type": "Point", "coordinates": [55.051223067263905, 25.013934447511296]}, "properties": {"kind": "storage_tank"}}, {"type": "Feature", "geometry": {"type": "Point", "coordinates": [55.05080641754988, 25.01377062873601]}, "properties": {"kind": "storage_tank"}}, {"type": "Feature", "geometry": {"type": "Point", "coordinates": [55.053730001025855, 25.009864628552094]}, "properties": {"kind": "storage_tank"}}, {"type": "Feature", "geometry": {"type": "Point", "coordinates": [55.05380926039567, 25.009928761835482]}, "properties": {"kind": "storage_tank"}}, {"type": "Feature", "geometry": {"type": "Point", "coordinates": [55.05786260647326, 25.01151536182244]}, "properties": {"kind": "storage_tank"}}, {"type": "Feature", "geometry": {"type": "Point", "coordinates": [55.05447786021669, 25.001736646464703]}, "properties": {"kind": "storage_tank"}}, {"type": "Feature", "geometry": {"type": "Point", "coordinates": [55.057473718530815, 25.00049984265861]}, "properties": {"kind": "storage_tank"}}, {"type": "Feature", "geometry": {"type": "Point", "coordinates": [55.05944172188169, 25.002926920947903]}, "properties": {"kind": "silo"}}, {"type": "Feature", "geometry": {"type": "Point", "coordinates": [55.059556973522625, 25.003028519795144]}, "properties": {"kind": "silo"}}, {"type": "Feature", "geometry": {"type": "Point", "coordinates": [55.05967407219706, 25.00313152919237]}, "properties": {"kind": "silo"}}, {"type": "Feature", "geometry": {"type": "Point", "coordinates": [55.05979347438382, 25.003239745909656]}, "properties": {"kind": "silo"}}, {"type": "Feature", "geometry": {"type": "Point", "coordinates": [55.058379406440245, 25.00223614541389]}, "properties": {"kind": "silo"}}, {"type": "Feature", "geometry": {"type": "Point", "coordinates": [55.05843530420362, 25.002278016763356]}, "properties": {"kind": "silo"}}, {"type": "Feature", "geometry": {"type": "Point", "coordinates": [55.05848811556687, 25.002326916372994]}, "properties": {"kind": "silo"}}, {"type": "Feature", "geometry": {"type": "Point", "coordinates": [55.05854440169573, 25.002371662435895]}, "properties": {"kind": "silo"}}, {"type": "Feature", "geometry": {"type": "Point", "coordinates": [55.05967221526456, 25.00248004316201]}, "properties": {"kind": "silo"}}, {"type": "Feature", "geometry": {"type": "Point", "coordinates": [55.0598637090252, 25.002637777955673]}, "properties": {"kind": "silo"}}, {"type": "Feature", "geometry": {"type": "Point", "coordinates": [55.059989962825234, 25.00252124078209]}, "properties": {"kind": "silo"}}, {"type": "Feature", "geometry": {"type": "Point", "coordinates": [55.0601037384494, 25.00240705597979]}, "properties": {"kind": "silo"}}, {"type": "Feature", "geometry": {"type": "Point", "coordinates": [55.06026409854604, 25.002254511964935]}, "properties": {"kind": "silo"}}, {"type": "Feature", "geometry": {"type": "Point", "coordinates": [55.060413952393645, 25.00211136273588]}, "properties": {"kind": "silo"}}, {"type": "Feature", "geometry": {"type": "Point", "coordinates": [55.06055871761061, 25.001974925346538]}, "properties": {"kind": "silo"}}, {"type": "Feature", "geometry": {"type": "Point", "coordinates": [55.05979059614948, 25.002351010049203]}, "properties": {"kind": "silo"}}, {"type": "Feature", "geometry": {"type": "Point", "coordinates": [55.060372318720795, 25.00180411232396]}, "properties": {"kind": "silo"}}, {"type": "Feature", "geometry": {"type": "Point", "coordinates": [55.060225763085704, 25.00194224612579]}, "properties": {"kind": "silo"}}, {"type": "Feature", "geometry": {"type": "Point", "coordinates": [55.0599129349592, 25.002238978828785]}, "properties": {"kind": "silo"}}, {"type": "Feature", "geometry": {"type": "Point", "coordinates": [55.0600761623225, 25.00208470845052]}, "properties": {"kind": "silo"}}, {"type": "Feature", "geometry": {"type": "Point", "coordinates": [55.060822212599966, 25.00169615517237]}, "properties": {"kind": "silo"}}, {"type": "Feature", "geometry": {"type": "Point", "coordinates": [55.0606327426047, 25.001529254587698]}, "properties": {"kind": "silo"}}, {"type": "Feature", "geometry": {"type": "Point", "coordinates": [55.06098723981824, 25.001541962912384]}, "properties": {"kind": "silo"}}, {"type": "Feature", "geometry": {"type": "Point", "coordinates": [55.06079243949165, 25.001371779313857]}, "properties": {"kind": "silo"}}, {"type": "Feature", "geometry": {"type": "Point", "coordinates": [55.06095741599682, 25.001215916377408]}, "properties": {"kind": "silo"}}, {"type": "Feature", "geometry": {"type": "Point", "coordinates": [55.0611469320321, 25.00138291333087]}, "properties": {"kind": "silo"}}, {"type": "Feature", "geometry": {"type": "Point", "coordinates": [55.061313659955474, 25.00122545181485]}, "properties": {"kind": "silo"}}, {"type": "Feature", "geometry": {"type": "Point", "coordinates": [55.061117125054615, 25.00105845986026]}, "properties": {"kind": "silo"}}, {"type": "Feature", "geometry": {"type": "Point", "coordinates": [55.06147334490827, 25.00106957237633]}, "properties": {"kind": "silo"}}, {"type": "Feature", "geometry": {"type": "Point", "coordinates": [55.06163832780593, 25.000923255776325]}, "properties": {"kind": "silo"}}, {"type": "Feature", "geometry": {"type": "Point", "coordinates": [55.06128031379546, 25.000899406221386]}, "properties": {"kind": "silo"}}, {"type": "Feature", "geometry": {"type": "Point", "coordinates": [55.06145405225953, 25.00073716224279]}, "properties": {"kind": "silo"}}, {"type": "Feature", "geometry": {"type": "Point", "coordinates": [55.0636660911417, 25.003774410588132]}, "properties": {"kind": "silo"}}, {"type": "Feature", "geometry": {"type": "Point", "coordinates": [55.141913249999995, 25.0344724]}, "properties": {"kind": "gantry"}}, {"type": "Feature", "geometry": {"type": "Point", "coordinates": [55.141641050000004, 25.03460145]}, "properties": {"kind": "gantry"}}, {"type": "Feature", "geometry": {"type": "Point", "coordinates": [55.14455945, 25.0376921]}, "properties": {"kind": "gantry"}}, {"type": "Feature", "geometry": {"type": "Point", "coordinates": [55.141505800000004, 25.0375479]}, "properties": {"kind": "gantry"}}, {"type": "Feature", "geometry": {"type": "Point", "coordinates": [55.13973995, 25.03134835]}, "properties": {"kind": "gantry"}}, {"type": "Feature", "geometry": {"type": "Point", "coordinates": [55.13013663469762, 25.077653976352863]}, "properties": {"kind": "pier"}}, {"type": "Feature", "geometry": {"type": "Point", "coordinates": [55.129160062027154, 25.07696286308521]}, "properties": {"kind": "pier"}}, {"type": "Feature", "geometry": {"type": "Point", "coordinates": [55.12942588497077, 25.077243872201937]}, "properties": {"kind": "pier"}}, {"type": "Feature", "geometry": {"type": "Point", "coordinates": [55.12952019190502, 25.077307096944043]}, "properties": {"kind": "pier"}}, {"type": "Feature", "geometry": {"type": "Point", "coordinates": [55.1293636, 25.0770266]}, "properties": {"kind": "pier"}}, {"type": "Feature", "geometry": {"type": "Point", "coordinates": [55.12916415000001, 25.077012300000003]}, "properties": {"kind": "pier"}}, {"type": "Feature", "geometry": {"type": "Point", "coordinates": [55.12952515, 25.07720865]}, "properties": {"kind": "pier"}}, {"type": "Feature", "geometry": {"type": "Point", "coordinates": [55.12959711760439, 25.077358214226987]}, "properties": {"kind": "pier"}}, {"type": "Feature", "geometry": {"type": "Point", "coordinates": [55.12961348657986, 25.077358492083867]}, "properties": {"kind": "pier"}}, {"type": "Feature", "geometry": {"type": "Point", "coordinates": [55.12969375013295, 25.077458354218223]}, "properties": {"kind": "pier"}}, {"type": "Feature", "geometry": {"type": "Point", "coordinates": [55.129896650000006, 25.0774816]}, "properties": {"kind": "pier"}}, {"type": "Feature", "geometry": {"type": "Point", "coordinates": [55.129746, 25.077524250000003]}, "properties": {"kind": "pier"}}, {"type": "Feature", "geometry": {"type": "Point", "coordinates": [55.129971194803446, 25.07765490957267]}, "properties": {"kind": "pier"}}, {"type": "Feature", "geometry": {"type": "Point", "coordinates": [55.129899, 25.0776029]}, "properties": {"kind": "pier"}}, {"type": "Feature", "geometry": {"type": "Point", "coordinates": [55.13001335, 25.07770955]}, "properties": {"kind": "pier"}}, {"type": "Feature", "geometry": {"type": "Point", "coordinates": [55.13014485, 25.07769665]}, "properties": {"kind": "pier"}}, {"type": "Feature", "geometry": {"type": "Point", "coordinates": [55.13020118900291, 25.077867344940504]}, "properties": {"kind": "pier"}}, {"type": "Feature", "geometry": {"type": "Point", "coordinates": [55.13013314999999, 25.077817600000003]}, "properties": {"kind": "pier"}}, {"type": "Feature", "geometry": {"type": "Point", "coordinates": [55.1302493, 25.07792855]}, "properties": {"kind": "pier"}}, {"type": "Feature", "geometry": {"type": "Point", "coordinates": [55.13045615493662, 25.07809700802782]}, "properties": {"kind": "pier"}}, {"type": "Feature", "geometry": {"type": "Point", "coordinates": [55.130413340277585, 25.07806369056687]}, "properties": {"kind": "pier"}}, {"type": "Feature", "geometry": {"type": "Point", "coordinates": [55.13036475, 25.07805355]}, "properties": {"kind": "pier"}}, {"type": "Feature", "geometry": {"type": "Point", "coordinates": [55.13054015, 25.078024550000002]}, "properties": {"kind": "pier"}}, {"type": "Feature", "geometry": {"type": "Point", "coordinates": [55.13058505552143, 25.078194973803733]}, "properties": {"kind": "pier"}}, {"type": "Feature", "geometry": {"type": "Point", "coordinates": [55.13049399999999, 25.0781675]}, "properties": {"kind": "pier"}}, {"type": "Feature", "geometry": {"type": "Point", "coordinates": [55.1306681, 25.078134]}, "properties": {"kind": "pier"}}, {"type": "Feature", "geometry": {"type": "Point", "coordinates": [55.13069437061623, 25.07830796148936]}, "properties": {"kind": "pier"}}, {"type": "Feature", "geometry": {"type": "Point", "coordinates": [55.13079725, 25.0782466]}, "properties": {"kind": "pier"}}, {"type": "Feature", "geometry": {"type": "Point", "coordinates": [55.130841451100885, 25.078419327417407]}, "properties": {"kind": "pier"}}, {"type": "Feature", "geometry": {"type": "Point", "coordinates": [55.1307464, 25.07839225]}, "properties": {"kind": "pier"}}, {"type": "Feature", "geometry": {"type": "Point", "coordinates": [55.1308313, 25.0784293]}, "properties": {"kind": "pier"}}, {"type": "Feature", "geometry": {"type": "Point", "coordinates": [55.13095398500325, 25.078487434483957]}, "properties": {"kind": "pier"}}, {"type": "Feature", "geometry": {"type": "Point", "coordinates": [55.13087480000001, 25.078505200000002]}, "properties": {"kind": "pier"}}, {"type": "Feature", "geometry": {"type": "Point", "coordinates": [55.130397450000004, 25.0779147]}, "properties": {"kind": "pier"}}, {"type": "Feature", "geometry": {"type": "Point", "coordinates": [55.12932347629705, 25.07714610493629]}, "properties": {"kind": "pier"}}, {"type": "Feature", "geometry": {"type": "Point", "coordinates": [55.129232890226774, 25.077062103305767]}, "properties": {"kind": "pier"}}, {"type": "Feature", "geometry": {"type": "Point", "coordinates": [55.12985041700471, 25.07757275518686]}, "properties": {"kind": "pier"}}, {"type": "Feature", "geometry": {"type": "Point", "coordinates": [55.1298115211777, 25.07752014298751]}, "properties": {"kind": "pier"}}, {"type": "Feature", "geometry": {"type": "Point", "coordinates": [55.13010922212672, 25.07777956771887]}, "properties": {"kind": "pier"}}, {"type": "Feature", "geometry": {"type": "Point", "coordinates": [55.13004722549532, 25.077748223164]}, "properties": {"kind": "pier"}}, {"type": "Feature", "geometry": {"type": "Point", "coordinates": [55.13035464080775, 25.077998374301853]}, "properties": {"kind": "pier"}}, {"type": "Feature", "geometry": {"type": "Point", "coordinates": [55.13029507407835, 25.077965508266757]}, "properties": {"kind": "pier"}}, {"type": "Feature", "geometry": {"type": "Point", "coordinates": [55.1457378, 25.03867615]}, "properties": {"kind": "gantry"}}, {"type": "Feature", "geometry": {"type": "Point", "coordinates": [55.139414450000004, 25.02843355]}, "properties": {"kind": "gantry"}}, {"type": "Feature", "geometry": {"type": "Point", "coordinates": [55.13861202111525, 25.015911585429293]}, "properties": {"kind": "shaft"}}, {"type": "Feature", "geometry": {"type": "Point", "coordinates": [55.13995307869034, 25.015600318590945]}, "properties": {"kind": "shaft"}}, {"type": "Feature", "geometry": {"type": "Point", "coordinates": [55.135544162336885, 25.093785993816706]}, "properties": {"kind": "pier"}}, {"type": "Feature", "geometry": {"type": "Point", "coordinates": [55.180523861546774, 25.021870394182905]}, "properties": {"kind": "shaft"}}, {"type": "Feature", "geometry": {"type": "Point", "coordinates": [55.15303354711268, 25.00763468333784]}, "properties": {"kind": "shaft"}}, {"type": "Feature", "geometry": {"type": "Point", "coordinates": [55.15141911437047, 25.00502482806004]}, "properties": {"kind": "shaft"}}, {"type": "Feature", "geometry": {"type": "Point", "coordinates": [55.149976501667155, 25.00234232865682]}, "properties": {"kind": "shaft"}}, {"type": "Feature", "geometry": {"type": "Point", "coordinates": [55.14877953580001, 24.99964766338356]}, "properties": {"kind": "shaft"}}, {"type": "Feature", "geometry": {"type": "Point", "coordinates": [55.14141195991161, 25.000941266028672]}, "properties": {"kind": "shaft"}}, {"type": "Feature", "geometry": {"type": "Point", "coordinates": [55.141392823218254, 25.001209739221355]}, "properties": {"kind": "shaft"}}, {"type": "Feature", "geometry": {"type": "Point", "coordinates": [55.14119321713707, 25.000215285593534]}, "properties": {"kind": "shaft"}}, {"type": "Feature", "geometry": {"type": "Point", "coordinates": [55.141010246813416, 24.99937092237479]}, "properties": {"kind": "shaft"}}, {"type": "Feature", "geometry": {"type": "Point", "coordinates": [55.14084366125152, 24.998501443455563]}, "properties": {"kind": "shaft"}}, {"type": "Feature", "geometry": {"type": "Point", "coordinates": [55.14071358030314, 24.9978607431301]}, "properties": {"kind": "shaft"}}, {"type": "Feature", "geometry": {"type": "Point", "coordinates": [55.14052984212364, 24.997037461479906]}, "properties": {"kind": "shaft"}}, {"type": "Feature", "geometry": {"type": "Point", "coordinates": [55.14037612186242, 24.996339061871975]}, "properties": {"kind": "shaft"}}, {"type": "Feature", "geometry": {"type": "Point", "coordinates": [55.140247741221856, 24.995692148979177]}, "properties": {"kind": "shaft"}}, {"type": "Feature", "geometry": {"type": "Point", "coordinates": [55.14014333166318, 24.995163145764906]}, "properties": {"kind": "shaft"}}, {"type": "Feature", "geometry": {"type": "Point", "coordinates": [55.14000466937167, 24.994469662209568]}, "properties": {"kind": "shaft"}}, {"type": "Feature", "geometry": {"type": "Point", "coordinates": [55.13983179527361, 24.993610189068395]}, "properties": {"kind": "shaft"}}, {"type": "Feature", "geometry": {"type": "Point", "coordinates": [55.09642260767256, 25.01329683596311]}, "properties": {"kind": "shaft"}}, {"type": "Feature", "geometry": {"type": "Point", "coordinates": [55.09635103495079, 25.01306422104813]}, "properties": {"kind": "shaft"}}, {"type": "Feature", "geometry": {"type": "Point", "coordinates": [55.14008087869034, 25.016190318590954]}, "properties": {"kind": "shaft"}}, {"type": "Feature", "geometry": {"type": "Point", "coordinates": [55.12509635, 25.0170457]}, "properties": {"kind": "gantry"}}, {"type": "Feature", "geometry": {"type": "Point", "coordinates": [55.12910985000001, 25.0166167]}, "properties": {"kind": "gantry"}}, {"type": "Feature", "geometry": {"type": "Point", "coordinates": [55.136198300000004, 25.016536400000003]}, "properties": {"kind": "gantry"}}, {"type": "Feature", "geometry": {"type": "Point", "coordinates": [55.1117258, 25.017237950000002]}, "properties": {"kind": "gantry"}}, {"type": "Feature", "geometry": {"type": "Point", "coordinates": [55.11205525, 25.01773275]}, "properties": {"kind": "gantry"}}, {"type": "Feature", "geometry": {"type": "Point", "coordinates": [55.109052199999994, 25.0179867]}, "properties": {"kind": "gantry"}}, {"type": "Feature", "geometry": {"type": "Point", "coordinates": [55.1078421, 25.017491999999997]}, "properties": {"kind": "gantry"}}, {"type": "Feature", "geometry": {"type": "Point", "coordinates": [55.10756299202096, 25.01186062155718]}, "properties": {"kind": "pipeline"}}, {"type": "Feature", "geometry": {"type": "Point", "coordinates": [55.10984981726888, 25.011611998837584]}, "properties": {"kind": "pipeline"}}, {"type": "Feature", "geometry": {"type": "Point", "coordinates": [55.1196748680939, 25.008601559260118]}, "properties": {"kind": "pipeline"}}, {"type": "Feature", "geometry": {"type": "Point", "coordinates": [55.147708715515044, 25.001400210515477]}, "properties": {"kind": "pipeline"}}, {"type": "Feature", "geometry": {"type": "Point", "coordinates": [55.13360819423584, 25.004765411042797]}, "properties": {"kind": "pipeline"}}, {"type": "Feature", "geometry": {"type": "Point", "coordinates": [55.19037759371856, 25.01640794156779]}, "properties": {"kind": "pipeline"}}, {"type": "Feature", "geometry": {"type": "Point", "coordinates": [55.121076493785104, 25.012673761586477]}, "properties": {"kind": "pipeline"}}, {"type": "Feature", "geometry": {"type": "Point", "coordinates": [55.14286827869034, 25.01629181859095]}, "properties": {"kind": "shaft"}}, {"type": "Feature", "geometry": {"type": "Point", "coordinates": [55.14349457869032, 25.018003218590948]}, "properties": {"kind": "shaft"}}, {"type": "Feature", "geometry": {"type": "Point", "coordinates": [55.0922815747605, 24.987521104087367]}, "properties": {"kind": "shaft"}}, {"type": "Feature", "geometry": {"type": "Point", "coordinates": [55.09233264656478, 24.98776651248982]}, "properties": {"kind": "shaft"}}, {"type": "Feature", "geometry": {"type": "Point", "coordinates": [55.09203378345472, 24.98795239340978]}, "properties": {"kind": "shaft"}}, {"type": "Feature", "geometry": {"type": "Point", "coordinates": [55.103793573926204, 24.993250060297274]}, "properties": {"kind": "shaft"}}, {"type": "Feature", "geometry": {"type": "Point", "coordinates": [55.10614255283285, 24.994960848456955]}, "properties": {"kind": "shaft"}}, {"type": "Feature", "geometry": {"type": "Point", "coordinates": [55.107954744067555, 24.998001249189603]}, "properties": {"kind": "shaft"}}, {"type": "Feature", "geometry": {"type": "Point", "coordinates": [55.10720192859562, 24.998279628259617]}, "properties": {"kind": "shaft"}}, {"type": "Feature", "geometry": {"type": "Point", "coordinates": [55.253399929467086, 25.12888137848578]}, "properties": {"kind": "pumping_station"}}, {"type": "Feature", "geometry": {"type": "Point", "coordinates": [55.2186597976531, 25.0914777429913]}, "properties": {"kind": "embankment"}}, {"type": "Feature", "geometry": {"type": "Point", "coordinates": [55.133752580020044, 25.000448898342977]}, "properties": {"kind": "shaft"}}, {"type": "Feature", "geometry": {"type": "Point", "coordinates": [55.23557934755147, 25.141534809500566]}, "properties": {"kind": "storage_tank"}}, {"type": "Feature", "geometry": {"type": "Point", "coordinates": [55.235272533429, 25.141331056127576]}, "properties": {"kind": "storage_tank"}}, {"type": "Feature", "geometry": {"type": "Point", "coordinates": [55.2354409127621, 25.14122896217395]}, "properties": {"kind": "storage_tank"}}, {"type": "Feature", "geometry": {"type": "Point", "coordinates": [55.23499493238778, 25.140949952604323]}, "properties": {"kind": "storage_tank"}}, {"type": "Feature", "geometry": {"type": "Point", "coordinates": [55.235097684559264, 25.140842145587648]}, "properties": {"kind": "storage_tank"}}, {"type": "Feature", "geometry": {"type": "Point", "coordinates": [55.141976099999994, 25.09046785]}, "properties": {"kind": "pier"}}, {"type": "Feature", "geometry": {"type": "Point", "coordinates": [55.141399754670566, 25.089741255598092]}, "properties": {"kind": "pier"}}, {"type": "Feature", "geometry": {"type": "Point", "coordinates": [55.14153860337413, 25.0898952042033]}, "properties": {"kind": "pier"}}, {"type": "Feature", "geometry": {"type": "Point", "coordinates": [55.1413954, 25.08987775]}, "properties": {"kind": "pier"}}, {"type": "Feature", "geometry": {"type": "Point", "coordinates": [55.14186885, 25.09013595]}, "properties": {"kind": "pier"}}, {"type": "Feature", "geometry": {"type": "Point", "coordinates": [55.14168005, 25.08995235]}, "properties": {"kind": "pier"}}, {"type": "Feature", "geometry": {"type": "Point", "coordinates": [55.1415417, 25.090024200000002]}, "properties": {"kind": "pier"}}, {"type": "Feature", "geometry": {"type": "Point", "coordinates": [55.1416141, 25.0900989]}, "properties": {"kind": "pier"}}, {"type": "Feature", "geometry": {"type": "Point", "coordinates": [55.14177515, 25.0900411]}, "properties": {"kind": "pier"}}, {"type": "Feature", "geometry": {"type": "Point", "coordinates": [55.14168405, 25.0901721]}, "properties": {"kind": "pier"}}, {"type": "Feature", "geometry": {"type": "Point", "coordinates": [55.14175785, 25.090246299999997]}, "properties": {"kind": "pier"}}, {"type": "Feature", "geometry": {"type": "Point", "coordinates": [55.14195845000001, 25.0902303]}, "properties": {"kind": "pier"}}, {"type": "Feature", "geometry": {"type": "Point", "coordinates": [55.1418293, 25.09032195]}, "properties": {"kind": "pier"}}, {"type": "Feature", "geometry": {"type": "Point", "coordinates": [55.14190505, 25.09039105]}, "properties": {"kind": "pier"}}, {"type": "Feature", "geometry": {"type": "Point", "coordinates": [55.14204834999999, 25.09032685]}, "properties": {"kind": "pier"}}, {"type": "Feature", "geometry": {"type": "Point", "coordinates": [55.142141050000006, 25.090418800000002]}, "properties": {"kind": "pier"}}, {"type": "Feature", "geometry": {"type": "Point", "coordinates": [55.1420469, 25.0905412]}, "properties": {"kind": "pier"}}, {"type": "Feature", "geometry": {"type": "Point", "coordinates": [55.1424156, 25.09070255]}, "properties": {"kind": "pier"}}, {"type": "Feature", "geometry": {"type": "Point", "coordinates": [55.142509149999995, 25.0907968]}, "properties": {"kind": "pier"}}, {"type": "Feature", "geometry": {"type": "Point", "coordinates": [55.14240675, 25.090912]}, "properties": {"kind": "pier"}}, {"type": "Feature", "geometry": {"type": "Point", "coordinates": [55.1423363, 25.090837800000003]}, "properties": {"kind": "pier"}}, {"type": "Feature", "geometry": {"type": "Point", "coordinates": [55.142264499999996, 25.090762650000002]}, "properties": {"kind": "pier"}}, {"type": "Feature", "geometry": {"type": "Point", "coordinates": [55.142192449999996, 25.0906886]}, "properties": {"kind": "pier"}}, {"type": "Feature", "geometry": {"type": "Point", "coordinates": [55.14218126657916, 25.090560469506016]}, "properties": {"kind": "pier"}}, {"type": "Feature", "geometry": {"type": "Point", "coordinates": [55.142548084842026, 25.09093603107216]}, "properties": {"kind": "pier"}}, {"type": "Feature", "geometry": {"type": "Point", "coordinates": [55.14191410175682, 25.090312598378112]}, "properties": {"kind": "pier"}}, {"type": "Feature", "geometry": {"type": "Point", "coordinates": [55.139503755544666, 25.09112155685715]}, "properties": {"kind": "pier"}}, {"type": "Feature", "geometry": {"type": "Point", "coordinates": [55.13774661019914, 25.09266376339145]}, "properties": {"kind": "pier"}}, {"type": "Feature", "geometry": {"type": "Point", "coordinates": [55.137812299406264, 25.09273724924502]}, "properties": {"kind": "pier"}}, {"type": "Feature", "geometry": {"type": "Point", "coordinates": [55.137876345830044, 25.09280979484174]}, "properties": {"kind": "pier"}}, {"type": "Feature", "geometry": {"type": "Point", "coordinates": [55.13794609241959, 25.092876890592823]}, "properties": {"kind": "pier"}}, {"type": "Feature", "geometry": {"type": "Point", "coordinates": [55.138007147973504, 25.092949447554485]}, "properties": {"kind": "pier"}}, {"type": "Feature", "geometry": {"type": "Point", "coordinates": [55.13807985786293, 25.093015959871774]}, "properties": {"kind": "pier"}}, {"type": "Feature", "geometry": {"type": "Point", "coordinates": [55.1381482490274, 25.09308184877023]}, "properties": {"kind": "pier"}}, {"type": "Feature", "geometry": {"type": "Point", "coordinates": [55.13821161032221, 25.09315321285674]}, "properties": {"kind": "pier"}}, {"type": "Feature", "geometry": {"type": "Point", "coordinates": [55.138280354762244, 25.09322395575156]}, "properties": {"kind": "pier"}}, {"type": "Feature", "geometry": {"type": "Point", "coordinates": [55.13834638583376, 25.093291632531983]}, "properties": {"kind": "pier"}}, {"type": "Feature", "geometry": {"type": "Point", "coordinates": [55.138412761361074, 25.093361464228046]}, "properties": {"kind": "pier"}}, {"type": "Feature", "geometry": {"type": "Point", "coordinates": [55.13848086391807, 25.093428917055792]}, "properties": {"kind": "pier"}}, {"type": "Feature", "geometry": {"type": "Point", "coordinates": [55.1385486026644, 25.093497553325033]}, "properties": {"kind": "pier"}}, {"type": "Feature", "geometry": {"type": "Point", "coordinates": [55.13861762168001, 25.093565276211017]}, "properties": {"kind": "pier"}}, {"type": "Feature", "geometry": {"type": "Point", "coordinates": [55.1386846569264, 25.093634158631122]}, "properties": {"kind": "pier"}}, {"type": "Feature", "geometry": {"type": "Point", "coordinates": [55.13875073760876, 25.09370398483557]}, "properties": {"kind": "pier"}}, {"type": "Feature", "geometry": {"type": "Point", "coordinates": [55.13881780787182, 25.09377870949849]}, "properties": {"kind": "pier"}}, {"type": "Feature", "geometry": {"type": "Point", "coordinates": [55.13824641575448, 25.0931873845519]}, "properties": {"kind": "pier"}}, {"type": "Feature", "geometry": {"type": "Point", "coordinates": [55.138161339101785, 25.092371336498758]}, "properties": {"kind": "pier"}}, {"type": "Feature", "geometry": {"type": "Point", "coordinates": [55.1382344068092, 25.092443958455444]}, "properties": {"kind": "pier"}}, {"type": "Feature", "geometry": {"type": "Point", "coordinates": [55.13830449899594, 25.092519848750037]}, "properties": {"kind": "pier"}}, {"type": "Feature", "geometry": {"type": "Point", "coordinates": [55.13837289167105, 25.09259573942193]}, "properties": {"kind": "pier"}}, {"type": "Feature", "geometry": {"type": "Point", "coordinates": [55.13844599929362, 25.09267134912637]}, "properties": {"kind": "pier"}}, {"type": "Feature", "geometry": {"type": "Point", "coordinates": [55.138518067085734, 25.092743920873637]}, "properties": {"kind": "pier"}}, {"type": "Feature", "geometry": {"type": "Point", "coordinates": [55.138665558041275, 25.092887560008315]}, "properties": {"kind": "pier"}}, {"type": "Feature", "geometry": {"type": "Point", "coordinates": [55.1385972086765, 25.09281436093123]}, "properties": {"kind": "pier"}}, {"type": "Feature", "geometry": {"type": "Point", "coordinates": [55.13873964964201, 25.092960399553604]}, "properties": {"kind": "pier"}}, {"type": "Feature", "geometry": {"type": "Point", "coordinates": [55.13880740369185, 25.093039054581325]}, "properties": {"kind": "pier"}}, {"type": "Feature", "geometry": {"type": "Point", "coordinates": [55.13888178772004, 25.0931122349278]}, "properties": {"kind": "pier"}}, {"type": "Feature", "geometry": {"type": "Point", "coordinates": [55.13895493782332, 25.093183534781026]}, "properties": {"kind": "pier"}}, {"type": "Feature", "geometry": {"type": "Point", "coordinates": [55.13902467300425, 25.09326007851821]}, "properties": {"kind": "pier"}}, {"type": "Feature", "geometry": {"type": "Point", "coordinates": [55.139101793215616, 25.093330241673154]}, "properties": {"kind": "pier"}}, {"type": "Feature", "geometry": {"type": "Point", "coordinates": [55.139174218255555, 25.093403722345307]}, "properties": {"kind": "pier"}}, {"type": "Feature", "geometry": {"type": "Point", "coordinates": [55.139244906413346, 25.09348535780435]}, "properties": {"kind": "pier"}}, {"type": "Feature", "geometry": {"type": "Point", "coordinates": [55.1386595309434, 25.09287981973262]}, "properties": {"kind": "pier"}}, {"type": "Feature", "geometry": {"type": "Point", "coordinates": [55.1386189692837, 25.092005523555496]}, "properties": {"kind": "pier"}}, {"type": "Feature", "geometry": {"type": "Point", "coordinates": [55.1386967495075, 25.092086849390043]}, "properties": {"kind": "pier"}}, {"type": "Feature", "geometry": {"type": "Point", "coordinates": [55.13877390439772, 25.09216395541482]}, "properties": {"kind": "pier"}}, {"type": "Feature", "geometry": {"type": "Point", "coordinates": [55.13884867439009, 25.09224413010789]}, "properties": {"kind": "pier"}}, {"type": "Feature", "geometry": {"type": "Point", "coordinates": [55.13892878902503, 25.09232063645479]}, "properties": {"kind": "pier"}}, {"type": "Feature", "geometry": {"type": "Point", "coordinates": [55.139005219265215, 25.09240262382652]}, "properties": {"kind": "pier"}}, {"type": "Feature", "geometry": {"type": "Point", "coordinates": [55.13908299669824, 25.09248034584976]}, "properties": {"kind": "pier"}}, {"type": "Feature", "geometry": {"type": "Point", "coordinates": [55.13915695654208, 25.092559457843752]}, "properties": {"kind": "pier"}}, {"type": "Feature", "geometry": {"type": "Point", "coordinates": [55.1392335331948, 25.092638878676105]}, "properties": {"kind": "pier"}}, {"type": "Feature", "geometry": {"type": "Point", "coordinates": [55.13931269584728, 25.092714744873025]}, "properties": {"kind": "pier"}}, {"type": "Feature", "geometry": {"type": "Point", "coordinates": [55.13938980531225, 25.092796406604098]}, "properties": {"kind": "pier"}}, {"type": "Feature", "geometry": {"type": "Point", "coordinates": [55.13946789613562, 25.092872945254523]}, "properties": {"kind": "pier"}}, {"type": "Feature", "geometry": {"type": "Point", "coordinates": [55.139551737915305, 25.092944885026917]}, "properties": {"kind": "pier"}}, {"type": "Feature", "geometry": {"type": "Point", "coordinates": [55.139621149258275, 25.093031749082492]}, "properties": {"kind": "pier"}}, {"type": "Feature", "geometry": {"type": "Point", "coordinates": [55.13969925264284, 25.09310830320815]}, "properties": {"kind": "pier"}}, {"type": "Feature", "geometry": {"type": "Point", "coordinates": [55.13977604491795, 25.093194193689836]}, "properties": {"kind": "pier"}}, {"type": "Feature", "geometry": {"type": "Point", "coordinates": [55.139152613969344, 25.092550784917727]}, "properties": {"kind": "pier"}}, {"type": "Feature", "geometry": {"type": "Point", "coordinates": [55.13909840254759, 25.09156340319152]}, "properties": {"kind": "pier"}}, {"type": "Feature", "geometry": {"type": "Point", "coordinates": [55.139187897872446, 25.09164809737428]}, "properties": {"kind": "pier"}}, {"type": "Feature", "geometry": {"type": "Point", "coordinates": [55.139272758755496, 25.09173556058695]}, "properties": {"kind": "pier"}}, {"type": "Feature", "geometry": {"type": "Point", "coordinates": [55.13936161813389, 25.091819672364046]}, "properties": {"kind": "pier"}}, {"type": "Feature", "geometry": {"type": "Point", "coordinates": [55.13943971049193, 25.091911363033596]}, "properties": {"kind": "pier"}}, {"type": "Feature", "geometry": {"type": "Point", "coordinates": [55.13952421346616, 25.09200001673648]}, "properties": {"kind": "pier"}}, {"type": "Feature", "geometry": {"type": "Point", "coordinates": [55.13960738508065, 25.09208653181286]}, "properties": {"kind": "pier"}}, {"type": "Feature", "geometry": {"type": "Point", "coordinates": [55.13969219489741, 25.092172443713327]}, "properties": {"kind": "pier"}}, {"type": "Feature", "geometry": {"type": "Point", "coordinates": [55.13977700674601, 25.092261758314134]}, "properties": {"kind": "pier"}}, {"type": "Feature", "geometry": {"type": "Point", "coordinates": [55.139863199184646, 25.09234824899838]}, "properties": {"kind": "pier"}}, {"type": "Feature", "geometry": {"type": "Point", "coordinates": [55.139943664632355, 25.09243936796221]}, "properties": {"kind": "pier"}}, {"type": "Feature", "geometry": {"type": "Point", "coordinates": [55.140026454344465, 25.092529255424243]}, "properties": {"kind": "pier"}}, {"type": "Feature", "geometry": {"type": "Point", "coordinates": [55.14011564145393, 25.092611539561172]}, "properties": {"kind": "pier"}}, {"type": "Feature", "geometry": {"type": "Point", "coordinates": [55.14020419069061, 25.092695638469337]}, "properties": {"kind": "pier"}}, {"type": "Feature", "geometry": {"type": "Point", "coordinates": [55.140286629790616, 25.092790375188727]}, "properties": {"kind": "pier"}}, {"type": "Feature", "geometry": {"type": "Point", "coordinates": [55.13966596862975, 25.092140732000047]}, "properties": {"kind": "pier"}}, {"type": "Feature", "geometry": {"type": "Point", "coordinates": [55.1397061, 25.09108735]}, "properties": {"kind": "pier"}}, {"type": "Feature", "geometry": {"type": "Point", "coordinates": [55.13960000000001, 25.091226000000002]}, "properties": {"kind": "pier"}}, {"type": "Feature", "geometry": {"type": "Point", "coordinates": [55.139804600000005, 25.0911905]}, "properties": {"kind": "pier"}}, {"type": "Feature", "geometry": {"type": "Point", "coordinates": [55.13968485000001, 25.0913158]}, "properties": {"kind": "pier"}}, {"type": "Feature", "geometry": {"type": "Point", "coordinates": [55.13984572775191, 25.091340772976558]}, "properties": {"kind": "pier"}}, {"type": "Feature", "geometry": {"type": "Point", "coordinates": [55.14000755, 25.09139005]}, "properties": {"kind": "pier"}}, {"type": "Feature", "geometry": {"type": "Point", "coordinates": [55.13985375000001, 25.091492650000003]}, "properties": {"kind": "pier"}}, {"type": "Feature", "geometry": {"type": "Point", "coordinates": [55.14010570000001, 25.091496]}, "properties": {"kind": "pier"}}, {"type": "Feature", "geometry": {"type": "Point", "coordinates": [55.13993734999999, 25.091577749999995]}, "properties": {"kind": "pier"}}, {"type": "Feature", "geometry": {"type": "Point", "coordinates": [55.140023150000005, 25.091667149999996]}, "properties": {"kind": "pier"}}, {"type": "Feature", "geometry": {"type": "Point", "coordinates": [55.14020655, 25.0915963]}, "properties": {"kind": "pier"}}, {"type": "Feature", "geometry": {"type": "Point", "coordinates": [55.14010890000001, 25.091750899999997]}, "properties": {"kind": "pier"}}, {"type": "Feature", "geometry": {"type": "Point", "coordinates": [55.1403045, 25.091699]}, "properties": {"kind": "pier"}}, {"type": "Feature", "geometry": {"type": "Point", "coordinates": [55.1401974, 25.0918369]}, "properties": {"kind": "pier"}}, {"type": "Feature", "geometry": {"type": "Point", "coordinates": [55.14040115, 25.091801200000003]}, "properties": {"kind": "pier"}}, {"type": "Feature", "geometry": {"type": "Point", "coordinates": [55.14027880000001, 25.091926950000005]}, "properties": {"kind": "pier"}}, {"type": "Feature", "geometry": {"type": "Point", "coordinates": [55.140441207646425, 25.09195720957051]}, "properties": {"kind": "pier"}}, {"type": "Feature", "geometry": {"type": "Point", "coordinates": [55.13999755116684, 25.09151914882445]}, "properties": {"kind": "pier"}}, {"type": "Feature", "geometry": {"type": "Point", "coordinates": [55.14097365308257, 25.090107103711176]}, "properties": {"kind": "pier"}}, {"type": "Feature", "geometry": {"type": "Point", "coordinates": [55.141039365000324, 25.090191867854067]}, "properties": {"kind": "pier"}}, {"type": "Feature", "geometry": {"type": "Point", "coordinates": [55.14123965, 25.09029]}, "properties": {"kind": "pier"}}, {"type": "Feature", "geometry": {"type": "Point", "coordinates": [55.14114775, 25.0903873]}, "properties": {"kind": "pier"}}, {"type": "Feature", "geometry": {"type": "Point", "coordinates": [55.14111707882772, 25.090266057504977]}, "properties": {"kind": "pier"}}, {"type": "Feature", "geometry": {"type": "Point", "coordinates": [55.141380749999996, 25.0904417]}, "properties": {"kind": "pier"}}, {"type": "Feature", "geometry": {"type": "Point", "coordinates": [55.141312049999996, 25.09036425]}, "properties": {"kind": "pier"}}, {"type": "Feature", "geometry": {"type": "Point", "coordinates": [55.1412264, 25.090469249999998]}, "properties": {"kind": "pier"}}, {"type": "Feature", "geometry": {"type": "Point", "coordinates": [55.141457200000005, 25.0905129]}, "properties": {"kind": "pier"}}, {"type": "Feature", "geometry": {"type": "Point", "coordinates": [55.1413019, 25.09054675]}, "properties": {"kind": "pier"}}, {"type": "Feature", "geometry": {"type": "Point", "coordinates": [55.141526049999996, 25.09058695]}, "properties": {"kind": "pier"}}, {"type": "Feature", "geometry": {"type": "Point", "coordinates": [55.14137715, 25.0906259]}, "properties": {"kind": "pier"}}, {"type": "Feature", "geometry": {"type": "Point", "coordinates": [55.14159835, 25.090662950000002]}, "properties": {"kind": "pier"}}, {"type": "Feature", "geometry": {"type": "Point", "coordinates": [55.1414563, 25.090704]}, "properties": {"kind": "pier"}}, {"type": "Feature", "geometry": {"type": "Point", "coordinates": [55.141668249999995, 25.09073725]}, "properties": {"kind": "pier"}}, {"type": "Feature", "geometry": {"type": "Point", "coordinates": [55.1415323, 25.09078445]}, "properties": {"kind": "pier"}}, {"type": "Feature", "geometry": {"type": "Point", "coordinates": [55.14174165, 25.09080985]}, "properties": {"kind": "pier"}}, {"type": "Feature", "geometry": {"type": "Point", "coordinates": [55.14160885, 25.090864500000002]}, "properties": {"kind": "pier"}}, {"type": "Feature", "geometry": {"type": "Point", "coordinates": [55.1418178, 25.0908826]}, "properties": {"kind": "pier"}}, {"type": "Feature", "geometry": {"type": "Point", "coordinates": [55.14168480000001, 25.09094395]}, "properties": {"kind": "pier"}}, {"type": "Feature", "geometry": {"type": "Point", "coordinates": [55.14188825, 25.09095825]}, "properties": {"kind": "pier"}}, {"type": "Feature", "geometry": {"type": "Point", "coordinates": [55.14176170000001, 25.09102405]}, "properties": {"kind": "pier"}}, {"type": "Feature", "geometry": {"type": "Point", "coordinates": [55.1419599, 25.09103175]}, "properties": {"kind": "pier"}}, {"type": "Feature", "geometry": {"type": "Point", "coordinates": [55.141842600000004, 25.091099]}, "properties": {"kind": "pier"}}, {"type": "Feature", "geometry": {"type": "Point", "coordinates": [55.14210215, 25.091180700000002]}, "properties": {"kind": "pier"}}, {"type": "Feature", "geometry": {"type": "Point", "coordinates": [55.14202935, 25.09110785]}, "properties": {"kind": "pier"}}, {"type": "Feature", "geometry": {"type": "Point", "coordinates": [55.141918399999994, 25.091179099999998]}, "properties": {"kind": "pier"}}, {"type": "Feature", "geometry": {"type": "Point", "coordinates": [55.14199755, 25.09125595]}, "properties": {"kind": "pier"}}, {"type": "Feature", "geometry": {"type": "Point", "coordinates": [55.142122594905736, 25.091302843660895]}, "properties": {"kind": "pier"}}, {"type": "Feature", "geometry": {"type": "Point", "coordinates": [55.14150468859219, 25.090654611345226]}, "properties": {"kind": "pier"}}, {"type": "Feature", "geometry": {"type": "Point", "coordinates": [55.28766564316353, 25.188898547344035]}, "properties": {"kind": "pier"}}, {"type": "Feature", "geometry": {"type": "Point", "coordinates": [55.285468100721786, 25.18667618090973]}, "properties": {"kind": "pier"}}, {"type": "Feature", "geometry": {"type": "Point", "coordinates": [55.12268026425015, 25.13493346638321]}, "properties": {"kind": "tower"}}, {"type": "Feature", "geometry": {"type": "Point", "coordinates": [55.18908052305504, 25.139571791612344]}, "properties": {"kind": "river"}}, {"type": "Feature", "geometry": {"type": "Point", "coordinates": [55.18897616068323, 25.139342658614815]}, "properties": {"kind": "bridge"}}, {"type": "Feature", "geometry": {"type": "Point", "coordinates": [55.18900945837322, 25.13982292281346]}, "properties": {"kind": "bridge"}}, {"type": "Feature", "geometry": {"type": "Point", "coordinates": [55.189427580653884, 25.13922548247507]}, "properties": {"kind": "bridge"}}, {"type": "Feature", "geometry": {"type": "Point", "coordinates": [55.18896596476242, 25.138866052601426]}, "properties": {"kind": "tower"}}, {"type": "Feature", "geometry": {"type": "Point", "coordinates": [55.18835327102611, 25.138848360801497]}, "properties": {"kind": "stream"}}, {"type": "Feature", "geometry": {"type": "Point", "coordinates": [55.18886168532831, 25.140237208808138]}, "properties": {"kind": "stream"}}, {"type": "Feature", "geometry": {"type": "Point", "coordinates": [55.189009049999996, 25.14050555]}, "properties": {"kind": "stream"}}, {"type": "Feature", "geometry": {"type": "Point", "coordinates": [55.189365806169796, 25.140761116342343]}, "properties": {"kind": "stream"}}, {"type": "Feature", "geometry": {"type": "Point", "coordinates": [55.18975371308842, 25.140543210633137]}, "properties": {"kind": "stream"}}, {"type": "Feature", "geometry": {"type": "Point", "coordinates": [55.1896239, 25.14080785]}, "properties": {"kind": "stream"}}, {"type": "Feature", "geometry": {"type": "Point", "coordinates": [55.18971891085317, 25.139533036587256]}, "properties": {"kind": "stream"}}, {"type": "Feature", "geometry": {"type": "Point", "coordinates": [55.1896726, 25.13959945]}, "properties": {"kind": "stream"}}, {"type": "Feature", "geometry": {"type": "Point", "coordinates": [55.189677849999995, 25.1396095]}, "properties": {"kind": "stream"}}, {"type": "Feature", "geometry": {"type": "Point", "coordinates": [55.18968050000001, 25.139587249999998]}, "properties": {"kind": "stream"}}, {"type": "Feature", "geometry": {"type": "Point", "coordinates": [55.189544479073646, 25.13987238370018]}, "properties": {"kind": "stream"}}, {"type": "Feature", "geometry": {"type": "Point", "coordinates": [55.1893100020419, 25.139852537111324]}, "properties": {"kind": "stream"}}, {"type": "Feature", "geometry": {"type": "Point", "coordinates": [55.189320638746686, 25.139813561052843]}, "properties": {"kind": "stream"}}, {"type": "Feature", "geometry": {"type": "Point", "coordinates": [55.18935985, 25.139807849999997]}, "properties": {"kind": "stream"}}, {"type": "Feature", "geometry": {"type": "Point", "coordinates": [55.18936225, 25.13979095]}, "properties": {"kind": "stream"}}, {"type": "Feature", "geometry": {"type": "Point", "coordinates": [55.18931899374512, 25.13978143521463]}, "properties": {"kind": "stream"}}, {"type": "Feature", "geometry": {"type": "Point", "coordinates": [55.1892050738437, 25.13993677594896]}, "properties": {"kind": "stream"}}, {"type": "Feature", "geometry": {"type": "Point", "coordinates": [55.18891384171633, 25.14000489603623]}, "properties": {"kind": "stream"}}, {"type": "Feature", "geometry": {"type": "Point", "coordinates": [55.18904155, 25.1399729]}, "properties": {"kind": "stream"}}, {"type": "Feature", "geometry": {"type": "Point", "coordinates": [55.18940011157852, 25.13907546148208]}, "properties": {"kind": "stream"}}, {"type": "Feature", "geometry": {"type": "Point", "coordinates": [55.189449418046536, 25.139117920336915]}, "properties": {"kind": "stream"}}, {"type": "Feature", "geometry": {"type": "Point", "coordinates": [55.18946435, 25.13911265]}, "properties": {"kind": "stream"}}, {"type": "Feature", "geometry": {"type": "Point", "coordinates": [55.189479702669956, 25.13910395717063]}, "properties": {"kind": "stream"}}, {"type": "Feature", "geometry": {"type": "Point", "coordinates": [55.18943627645265, 25.13905320307599]}, "properties": {"kind": "stream"}}, {"type": "Feature", "geometry": {"type": "Point", "coordinates": [55.18881700898738, 25.139518172066243]}, "properties": {"kind": "stream"}}, {"type": "Feature", "geometry": {"type": "Point", "coordinates": [55.188768515523726, 25.139496897661882]}, "properties": {"kind": "stream"}}, {"type": "Feature", "geometry": {"type": "Point", "coordinates": [55.18991287294068, 25.14008660108906]}, "properties": {"kind": "stream"}}, {"type": "Feature", "geometry": {"type": "Point", "coordinates": [55.189297721240266, 25.13914809687197]}, "properties": {"kind": "bridge"}}, {"type": "Feature", "geometry": {"type": "Point", "coordinates": [55.18965248743711, 25.139622415545226]}, "properties": {"kind": "bridge"}}, {"type": "Feature", "geometry": {"type": "Point", "coordinates": [55.18974017609183, 25.140498675002586]}, "properties": {"kind": "bridge"}}, {"type": "Feature", "geometry": {"type": "Point", "coordinates": [55.18931493987817, 25.140758951503553]}, "properties": {"kind": "bridge"}}, {"type": "Feature", "geometry": {"type": "Point", "coordinates": [55.18958452588709, 25.139857442859324]}, "properties": {"kind": "bridge"}}, {"type": "Feature", "geometry": {"type": "Point", "coordinates": [55.256907548262234, 25.229985409264273]}, "properties": {"kind": "river"}}, {"type": "Feature", "geometry": {"type": "Point", "coordinates": [55.25701774524412, 25.22989773375713]}, "properties": {"kind": "tower"}}, {"type": "Feature", "geometry": {"type": "Point", "coordinates": [55.12454241192104, 25.135562032532878]}, "properties": {"kind": "tower"}}, {"type": "Feature", "geometry": {"type": "Point", "coordinates": [55.1498990718157, 25.09755560160267]}, "properties": {"kind": "pier"}}, {"type": "Feature", "geometry": {"type": "Point", "coordinates": [55.27646287301972, 25.191670491754742]}, "properties": {"kind": "tower"}}, {"type": "Feature", "geometry": {"type": "Point", "coordinates": [55.27669623495098, 25.19191356815568]}, "properties": {"kind": "tower"}}, {"type": "Feature", "geometry": {"type": "Point", "coordinates": [55.27690764575361, 25.192129689366755]}, "properties": {"kind": "tower"}}, {"type": "Feature", "geometry": {"type": "Point", "coordinates": [55.125044257342296, 25.076629858769408]}, "properties": {"kind": "pier"}}, {"type": "Feature", "geometry": {"type": "Point", "coordinates": [55.12535262518386, 25.075288329294963]}, "properties": {"kind": "bridge"}}, {"type": "Feature", "geometry": {"type": "Point", "coordinates": [55.21384961567653, 25.174420392763764]}, "properties": {"kind": "pier"}}, {"type": "Feature", "geometry": {"type": "Point", "coordinates": [55.13737915000001, 25.07683615]}, "properties": {"kind": "pier"}}, {"type": "Feature", "geometry": {"type": "Point", "coordinates": [55.1373045, 25.076974]}, "properties": {"kind": "pier"}}, {"type": "Feature", "geometry": {"type": "Point", "coordinates": [55.119648072772364, 25.130708811362563]}, "properties": {"kind": "pier"}}, {"type": "Feature", "geometry": {"type": "Point", "coordinates": [55.145069127015105, 25.11057231085672]}, "properties": {"kind": "bridge"}}, {"type": "Feature", "geometry": {"type": "Point", "coordinates": [55.14520542126347, 25.11071573257379]}, "properties": {"kind": "bridge"}}, {"type": "Feature", "geometry": {"type": "Point", "coordinates": [55.14633784262534, 25.086331179784885]}, "properties": {"kind": "pier"}}, {"type": "Feature", "geometry": {"type": "Point", "coordinates": [55.14719511862241, 25.08581121148104]}, "properties": {"kind": "pier"}}, {"type": "Feature", "geometry": {"type": "Point", "coordinates": [55.14591268925557, 25.082575778138136]}, "properties": {"kind": "pier"}}, {"type": "Feature", "geometry": {"type": "Point", "coordinates": [55.146081162105226, 25.082370264123014]}, "properties": {"kind": "pier"}}, {"type": "Feature", "geometry": {"type": "Point", "coordinates": [55.14873408390444, 25.10173907802619]}, "properties": {"kind": "pier"}}, {"type": "Feature", "geometry": {"type": "Point", "coordinates": [55.137453724144436, 25.108565277233012]}, "properties": {"kind": "pier"}}, {"type": "Feature", "geometry": {"type": "Point", "coordinates": [55.11986195, 25.064120349999996]}, "properties": {"kind": "water_works"}}, {"type": "Feature", "geometry": {"type": "Point", "coordinates": [55.1195079, 25.0637462]}, "properties": {"kind": "water_works"}}, {"type": "Feature", "geometry": {"type": "Point", "coordinates": [55.1191351, 25.063381749999998]}, "properties": {"kind": "water_works"}}, {"type": "Feature", "geometry": {"type": "Point", "coordinates": [55.118773649999994, 25.063000600000002]}, "properties": {"kind": "water_works"}}, {"type": "Feature", "geometry": {"type": "Point", "coordinates": [55.11626776138503, 25.06124850604449]}, "properties": {"kind": "water_works"}}, {"type": "Feature", "geometry": {"type": "Point", "coordinates": [55.11588155930536, 25.0608791638278]}, "properties": {"kind": "water_works"}}, {"type": "Feature", "geometry": {"type": "Point", "coordinates": [55.11552215930536, 25.060484363827804]}, "properties": {"kind": "water_works"}}, {"type": "Feature", "geometry": {"type": "Point", "coordinates": [55.11677205000001, 25.059545250000003]}, "properties": {"kind": "water_works"}}, {"type": "Feature", "geometry": {"type": "Point", "coordinates": [55.11638715000001, 25.059177149999996]}, "properties": {"kind": "water_works"}}, {"type": "Feature", "geometry": {"type": "Point", "coordinates": [55.114653147845935, 25.05754070813653]}, "properties": {"kind": "water_works"}}, {"type": "Feature", "geometry": {"type": "Point", "coordinates": [55.11435536140628, 25.057232155709112]}, "properties": {"kind": "water_works"}}, {"type": "Feature", "geometry": {"type": "Point", "coordinates": [55.114009349999996, 25.056882249999997]}, "properties": {"kind": "water_works"}}, {"type": "Feature", "geometry": {"type": "Point", "coordinates": [55.11370895, 25.056571250000005]}, "properties": {"kind": "water_works"}}, {"type": "Feature", "geometry": {"type": "Point", "coordinates": [55.11337635925129, 25.056209213844927]}, "properties": {"kind": "water_works"}}, {"type": "Feature", "geometry": {"type": "Point", "coordinates": [55.11307865, 25.05590305]}, "properties": {"kind": "water_works"}}, {"type": "Feature", "geometry": {"type": "Point", "coordinates": [55.112728640748706, 25.05554588615507]}, "properties": {"kind": "water_works"}}, {"type": "Feature", "geometry": {"type": "Point", "coordinates": [55.11241749755501, 25.05524455837523]}, "properties": {"kind": "water_works"}}, {"type": "Feature", "geometry": {"type": "Point", "coordinates": [55.11213720000001, 25.054793850000003]}, "properties": {"kind": "water_works"}}, {"type": "Feature", "geometry": {"type": "Point", "coordinates": [55.11176705, 25.054034549999997]}, "properties": {"kind": "water_works"}}, {"type": "Feature", "geometry": {"type": "Point", "coordinates": [55.1113808, 25.05363605]}, "properties": {"kind": "water_works"}}, {"type": "Feature", "geometry": {"type": "Point", "coordinates": [55.11096240000001, 25.0532424]}, "properties": {"kind": "water_works"}}, {"type": "Feature", "geometry": {"type": "Point", "coordinates": [55.110554699999994, 25.05282445]}, "properties": {"kind": "water_works"}}, {"type": "Feature", "geometry": {"type": "Point", "coordinates": [55.11017379999999, 25.05243085]}, "properties": {"kind": "water_works"}}, {"type": "Feature", "geometry": {"type": "Point", "coordinates": [55.109723200000005, 25.051944850000005]}, "properties": {"kind": "water_works"}}, {"type": "Feature", "geometry": {"type": "Point", "coordinates": [55.109310140892404, 25.05152693618185]}, "properties": {"kind": "water_works"}}, {"type": "Feature", "geometry": {"type": "Point", "coordinates": [55.10882735, 25.051004450000004]}, "properties": {"kind": "water_works"}}, {"type": "Feature", "geometry": {"type": "Point", "coordinates": [55.1084163, 25.050589549999994]}, "properties": {"kind": "water_works"}}, {"type": "Feature", "geometry": {"type": "Point", "coordinates": [55.105399500000004, 25.048815100000006]}, "properties": {"kind": "water_works"}}, {"type": "Feature", "geometry": {"type": "Point", "coordinates": [55.10497033861486, 25.0483728941178]}, "properties": {"kind": "water_works"}}, {"type": "Feature", "geometry": {"type": "Point", "coordinates": [55.1045412, 25.047925799999998]}, "properties": {"kind": "water_works"}}, {"type": "Feature", "geometry": {"type": "Point", "coordinates": [55.104106650000006, 25.047488400000002]}, "properties": {"kind": "water_works"}}, {"type": "Feature", "geometry": {"type": "Point", "coordinates": [55.103672149999994, 25.047021800000003]}, "properties": {"kind": "water_works"}}, {"type": "Feature", "geometry": {"type": "Point", "coordinates": [55.10325910000001, 25.046589300000004]}, "properties": {"kind": "water_works"}}, {"type": "Feature", "geometry": {"type": "Point", "coordinates": [55.10282456138514, 25.046171305882194]}, "properties": {"kind": "water_works"}}, {"type": "Feature", "geometry": {"type": "Point", "coordinates": [55.102397409099325, 25.04575151382382]}, "properties": {"kind": "water_works"}}, {"type": "Feature", "geometry": {"type": "Point", "coordinates": [55.16191294999999, 25.040063649999997]}, "properties": {"kind": "tower"}}, {"type": "Feature", "geometry": {"type": "Point", "coordinates": [55.11923665190854, 25.133824757284607]}, "properties": {"kind": "stream"}}, {"type": "Feature", "geometry": {"type": "Point", "coordinates": [55.275089699999995, 25.1958069]}, "properties": {"kind": "pier"}}, {"type": "Feature", "geometry": {"type": "Point", "coordinates": [55.12257211928771, 25.00957305865161]}, "properties": {"kind": "pipeline"}}, {"type": "Feature", "geometry": {"type": "Point", "coordinates": [55.27512922485186, 25.19206274929663]}, "properties": {"kind": "pier"}}, {"type": "Feature", "geometry": {"type": "Point", "coordinates": [55.19082924999999, 25.144895700000003]}, "properties": {"kind": "pier"}}, {"type": "Feature", "geometry": {"type": "Point", "coordinates": [55.1902995741459, 25.14526747240614]}, "properties": {"kind": "pier"}}, {"type": "Feature", "geometry": {"type": "Point", "coordinates": [55.189449462246394, 25.145856339343965]}, "properties": {"kind": "pier"}}, {"type": "Feature", "geometry": {"type": "Point", "coordinates": [55.1888711, 25.146952050000003]}, "properties": {"kind": "pier"}}, {"type": "Feature", "geometry": {"type": "Point", "coordinates": [55.18864875, 25.146772249999998]}, "properties": {"kind": "pier"}}, {"type": "Feature", "geometry": {"type": "Point", "coordinates": [55.18849155, 25.146591899999997]}, "properties": {"kind": "pier"}}, {"type": "Feature", "geometry": {"type": "Point", "coordinates": [55.189994834008765, 25.146210484158818]}, "properties": {"kind": "harbour"}}, {"type": "Feature", "geometry": {"type": "Point", "coordinates": [55.142936144671054, 25.091391860321078]}, "properties": {"kind": "pier"}}, {"type": "Feature", "geometry": {"type": "Point", "coordinates": [55.17364769104494, 25.004227799966603]}, "properties": {"kind": "bridge"}}, {"type": "Feature", "geometry": {"type": "Point", "coordinates": [55.0956001, 25.0258413]}, "properties": {"kind": "cooling"}}, {"type": "Feature", "geometry": {"type": "Point", "coordinates": [55.28139405, 25.170943100000002]}, "properties": {"kind": "weir"}}, {"type": "Feature", "geometry": {"type": "Point", "coordinates": [55.277835350000004, 25.17134315]}, "properties": {"kind": "weir"}}, {"type": "Feature", "geometry": {"type": "Point", "coordinates": [55.189722689541995, 25.147258653530585]}, "properties": {"kind": "pier"}}, {"type": "Feature", "geometry": {"type": "Point", "coordinates": [55.188483090951415, 25.146898772399847]}, "properties": {"kind": "pier"}}, {"type": "Feature", "geometry": {"type": "Point", "coordinates": [55.19115393814527, 25.145844860336776]}, "properties": {"kind": "pier"}}, {"type": "Feature", "geometry": {"type": "Point", "coordinates": [55.19069178330105, 25.14597496436412]}, "properties": {"kind": "pier"}}, {"type": "Feature", "geometry": {"type": "Point", "coordinates": [55.190482599999996, 25.14611695]}, "properties": {"kind": "pier"}}, {"type": "Feature", "geometry": {"type": "Point", "coordinates": [55.1908666, 25.1459052]}, "properties": {"kind": "pier"}}, {"type": "Feature", "geometry": {"type": "Point", "coordinates": [55.19099715, 25.145813699999998]}, "properties": {"kind": "pier"}}, {"type": "Feature", "geometry": {"type": "Point", "coordinates": [55.19113995, 25.14572675]}, "properties": {"kind": "pier"}}, {"type": "Feature", "geometry": {"type": "Point", "coordinates": [55.191263250000006, 25.1456293]}, "properties": {"kind": "pier"}}, {"type": "Feature", "geometry": {"type": "Point", "coordinates": [55.19139435, 25.1455401]}, "properties": {"kind": "pier"}}, {"type": "Feature", "geometry": {"type": "Point", "coordinates": [55.1915246, 25.145444649999998]}, "properties": {"kind": "pier"}}, {"type": "Feature", "geometry": {"type": "Point", "coordinates": [55.19165915, 25.14535635]}, "properties": {"kind": "pier"}}, {"type": "Feature", "geometry": {"type": "Point", "coordinates": [55.1908853, 25.1449494]}, "properties": {"kind": "pier"}}, {"type": "Feature", "geometry": {"type": "Point", "coordinates": [55.19081, 25.144844999999997]}, "properties": {"kind": "pier"}}, {"type": "Feature", "geometry": {"type": "Point", "coordinates": [55.19073115, 25.1447514]}, "properties": {"kind": "pier"}}, {"type": "Feature", "geometry": {"type": "Point", "coordinates": [55.19097306346671, 25.14504961751694]}, "properties": {"kind": "pier"}}, {"type": "Feature", "geometry": {"type": "Point", "coordinates": [55.190869649999996, 25.1452026]}, "properties": {"kind": "pier"}}, {"type": "Feature", "geometry": {"type": "Point", "coordinates": [55.19095575, 25.1451411]}, "properties": {"kind": "pier"}}, {"type": "Feature", "geometry": {"type": "Point", "coordinates": [55.191080549999995, 25.1450525]}, "properties": {"kind": "pier"}}, {"type": "Feature", "geometry": {"type": "Point", "coordinates": [55.1911606, 25.1449884]}, "properties": {"kind": "pier"}}, {"type": "Feature", "geometry": {"type": "Point", "coordinates": [55.190521145847285, 25.145520343971878]}, "properties": {"kind": "pier"}}, {"type": "Feature", "geometry": {"type": "Point", "coordinates": [55.1904166, 25.14540925]}, "properties": {"kind": "pier"}}, {"type": "Feature", "geometry": {"type": "Point", "coordinates": [55.190413050000004, 25.145260049999997]}, "properties": {"kind": "pier"}}, {"type": "Feature", "geometry": {"type": "Point", "coordinates": [55.19032015000001, 25.145162550000002]}, "properties": {"kind": "pier"}}, {"type": "Feature", "geometry": {"type": "Point", "coordinates": [55.19023545, 25.145059799999995]}, "properties": {"kind": "pier"}}, {"type": "Feature", "geometry": {"type": "Point", "coordinates": [55.190134, 25.14521955]}, "properties": {"kind": "pier"}}, {"type": "Feature", "geometry": {"type": "Point", "coordinates": [55.190230650000004, 25.1453403]}, "properties": {"kind": "pier"}}, {"type": "Feature", "geometry": {"type": "Point", "coordinates": [55.189505, 25.145688149999998]}, "properties": {"kind": "pier"}}, {"type": "Feature", "geometry": {"type": "Point", "coordinates": [55.1892763, 25.1458486]}, "properties": {"kind": "pier"}}, {"type": "Feature", "geometry": {"type": "Point", "coordinates": [55.1893975, 25.145994299999998]}, "properties": {"kind": "pier"}}, {"type": "Feature", "geometry": {"type": "Point", "coordinates": [55.189628049999996, 25.145835499999997]}, "properties": {"kind": "pier"}}, {"type": "Feature", "geometry": {"type": "Point", "coordinates": [55.18974325, 25.14596975]}, "properties": {"kind": "pier"}}, {"type": "Feature", "geometry": {"type": "Point", "coordinates": [55.1895118, 25.1461269]}, "properties": {"kind": "pier"}}, {"type": "Feature", "geometry": {"type": "Point", "coordinates": [55.1346172018686, 25.110662009814174]}, "properties": {"kind": "pier"}}, {"type": "Feature", "geometry": {"type": "Point", "coordinates": [55.13495919467034, 25.11125020295785]}, "properties": {"kind": "pier"}}, {"type": "Feature", "geometry": {"type": "Point", "coordinates": [55.13518390198835, 25.111808725536484]}, "properties": {"kind": "pier"}}, {"type": "Feature", "geometry": {"type": "Point", "coordinates": [55.13510481827018, 25.112373500153367]}, "properties": {"kind": "pier"}}, {"type": "Feature", "geometry": {"type": "Point", "coordinates": [55.13494103962532, 25.11289282679299]}, "properties": {"kind": "pier"}}, {"type": "Feature", "geometry": {"type": "Point", "coordinates": [55.13488000664903, 25.113345031127192]}, "properties": {"kind": "pier"}}, {"type": "Feature", "geometry": {"type": "Point", "coordinates": [55.13492234785189, 25.11378446681456]}, "properties": {"kind": "pier"}}, {"type": "Feature", "geometry": {"type": "Point", "coordinates": [55.134902737378454, 25.11419756509772]}, "properties": {"kind": "pier"}}, {"type": "Feature", "geometry": {"type": "Point", "coordinates": [55.135013743738966, 25.114559750493576]}, "properties": {"kind": "pier"}}, {"type": "Feature", "geometry": {"type": "Point", "coordinates": [55.13509981271165, 25.11492003976865]}, "properties": {"kind": "pier"}}, {"type": "Feature", "geometry": {"type": "Point", "coordinates": [55.13446872415573, 25.112841848570802]}, "properties": {"kind": "pier"}}, {"type": "Feature", "geometry": {"type": "Point", "coordinates": [55.263743451140435, 25.18534350620626]}, "properties": {"kind": "storage_tank"}}, {"type": "Feature", "geometry": {"type": "Point", "coordinates": [55.263797633508894, 25.185314392444937]}, "properties": {"kind": "storage_tank"}}, {"type": "Feature", "geometry": {"type": "Point", "coordinates": [55.28381578987663, 25.188809944924802]}, "properties": {"kind": "tunnel"}}, {"type": "Feature", "geometry": {"type": "Point", "coordinates": [55.266291422142125, 25.187557001045153]}, "properties": {"kind": "tunnel"}}, {"type": "Feature", "geometry": {"type": "Point", "coordinates": [55.244479618807794, 25.173991327824798]}, "properties": {"kind": "bridge"}}, {"type": "Feature", "geometry": {"type": "Point", "coordinates": [55.265036063269385, 25.19625387311667]}, "properties": {"kind": "bridge"}}, {"type": "Feature", "geometry": {"type": "Point", "coordinates": [55.258099539719694, 25.183646577053207]}, "properties": {"kind": "bridge"}}, {"type": "Feature", "geometry": {"type": "Point", "coordinates": [55.28883482038355, 25.19132425404536]}, "properties": {"kind": "bridge"}}, {"type": "Feature", "geometry": {"type": "Point", "coordinates": [55.235819415732365, 25.19564611656113]}, "properties": {"kind": "bridge"}}, {"type": "Feature", "geometry": {"type": "Point", "coordinates": [55.2411316277281, 25.193259528868108]}, "properties": {"kind": "bridge"}}, {"type": "Feature", "geometry": {"type": "Point", "coordinates": [55.24808513162394, 25.186571958161277]}, "properties": {"kind": "bridge"}}, {"type": "Feature", "geometry": {"type": "Point", "coordinates": [55.276716234293495, 25.180530033194103]}, "properties": {"kind": "storage_tank"}}, {"type": "Feature", "geometry": {"type": "Point", "coordinates": [55.27650679647583, 25.18055974176957]}, "properties": {"kind": "storage_tank"}}, {"type": "Feature", "geometry": {"type": "Point", "coordinates": [55.27240827864513, 25.205788920456943]}, "properties": {"kind": "bridge"}}, {"type": "Feature", "geometry": {"type": "Point", "coordinates": [55.05130735507871, 24.950264790907735]}, "properties": {"kind": "tower"}}, {"type": "Feature", "geometry": {"type": "Point", "coordinates": [55.14966079917489, 25.226081443438833]}, "properties": {"kind": "canal"}}, {"type": "Feature", "geometry": {"type": "Point", "coordinates": [55.15863127909944, 25.20411073345037]}, "properties": {"kind": "canal"}}, {"type": "Feature", "geometry": {"type": "Point", "coordinates": [55.13866561645433, 25.22973203511342]}, "properties": {"kind": "pier"}}, {"type": "Feature", "geometry": {"type": "Point", "coordinates": [55.17065535071447, 25.204826833714783]}, "properties": {"kind": "pier"}}, {"type": "Feature", "geometry": {"type": "Point", "coordinates": [55.17109334900065, 25.205471974737602]}, "properties": {"kind": "pier"}}, {"type": "Feature", "geometry": {"type": "Point", "coordinates": [55.17232135000001, 25.203530750000002]}, "properties": {"kind": "pier"}}, {"type": "Feature", "geometry": {"type": "Point", "coordinates": [55.17688997738555, 25.19769141064435]}, "properties": {"kind": "pier"}}, {"type": "Feature", "geometry": {"type": "Point", "coordinates": [55.2139172986448, 25.041210126550087]}, "properties": {"kind": "residential"}}, {"type": "Feature", "geometry": {"type": "Point", "coordinates": [55.19435293415356, 25.123009644075697]}, "properties": {"kind": "village_green"}}, {"type": "Feature", "geometry": {"type": "Point", "coordinates": [55.135989902459556, 25.090202264990612]}, "properties": {"kind": "grass"}}, {"type": "Feature", "geometry": {"type": "Point", "coordinates": [55.14195728777817, 25.082020064991347]}, "properties": {"kind": "residential"}}, {"type": "Feature", "geometry": {"type": "Point", "coordinates": [55.20742489927482, 25.015106897750407]}, "properties": {"kind": "grass"}}, {"type": "Feature", "geometry": {"type": "Point", "coordinates": [55.25080210720594, 25.054851815258463]}, "properties": {"kind": "forest"}}, {"type": "Feature", "geometry": {"type": "Point", "coordinates": [55.24796415433228, 25.057086926970655]}, "properties": {"kind": "forest"}}, {"type": "Feature", "geometry": {"type": "Point", "coordinates": [55.138934268244746, 25.08296486767726]}, "properties": {"kind": "harbour"}}, {"type": "Feature", "geometry": {"type": "Point", "coordinates": [55.178530421239785, 25.105330522142374]}, "properties": {"kind": "grass"}}, {"type": "Feature", "geometry": {"type": "Point", "coordinates": [55.217718732464306, 25.062289836755934]}, "properties": {"kind": "residential"}}, {"type": "Feature", "geometry": {"type": "Point", "coordinates": [55.20319630134839, 25.06414417563859]}, "properties": {"kind": "residential"}}, {"type": "Feature", "geometry": {"type": "Point", "coordinates": [55.202462930430734, 25.052753804206837]}, "properties": {"kind": "residential"}}, {"type": "Feature", "geometry": {"type": "Point", "coordinates": [55.02274227022413, 24.96369499634452]}, "properties": {"kind": "industrial"}}, {"type": "Feature", "geometry": {"type": "Point", "coordinates": [55.018413736755264, 24.962638376925266]}, "properties": {"kind": "residential"}}, {"type": "Feature", "geometry": {"type": "Point", "coordinates": [55.01959856023638, 24.961040611635738]}, "properties": {"kind": "industrial"}}, {"type": "Feature", "geometry": {"type": "Point", "coordinates": [55.035524655000664, 24.985465605268885]}, "properties": {"kind": "residential"}}, {"type": "Feature", "geometry": {"type": "Point", "coordinates": [55.093306746591765, 25.027614303241922]}, "properties": {"kind": "cooling"}}, {"type": "Feature", "geometry": {"type": "Point", "coordinates": [55.09217166420417, 25.03077705672453]}, "properties": {"kind": "cooling"}}, {"type": "Feature", "geometry": {"type": "Point", "coordinates": [55.09411354931788, 25.033088650788958]}, "properties": {"kind": "cooling"}}, {"type": "Feature", "geometry": {"type": "Point", "coordinates": [55.273824508972424, 24.997467226742778]}, "properties": {"kind": "commercial"}}, {"type": "Feature", "geometry": {"type": "Point", "coordinates": [55.20801355586354, 25.05659063334276]}, "properties": {"kind": "residential"}}, {"type": "Feature", "geometry": {"type": "Point", "coordinates": [55.198377235534124, 25.15375415783995]}, "properties": {"kind": "breakwater"}}, {"type": "Feature", "geometry": {"type": "Point", "coordinates": [55.151357642760914, 25.10416491733092]}, "properties": {"kind": "breakwater"}}, {"type": "Feature", "geometry": {"type": "Point", "coordinates": [55.125025064435206, 25.099646717161637]}, "properties": {"kind": "breakwater"}}, {"type": "Feature", "geometry": {"type": "Point", "coordinates": [55.23124328683572, 25.196308368594153]}, "properties": {"kind": "breakwater"}}, {"type": "Feature", "geometry": {"type": "Point", "coordinates": [55.02470787685769, 24.99076576020438]}, "properties": {"kind": "breakwater"}}, {"type": "Feature", "geometry": {"type": "Point", "coordinates": [55.02356406548801, 24.989331448709695]}, "properties": {"kind": "breakwater"}}, {"type": "Feature", "geometry": {"type": "Point", "coordinates": [55.024479609850715, 24.988229920042798]}, "properties": {"kind": "breakwater"}}, {"type": "Feature", "geometry": {"type": "Point", "coordinates": [55.02460106702141, 24.988180651860176]}, "properties": {"kind": "breakwater"}}, {"type": "Feature", "geometry": {"type": "Point", "coordinates": [55.02586051760962, 24.98886567281246]}, "properties": {"kind": "breakwater"}}, {"type": "Feature", "geometry": {"type": "Point", "coordinates": [55.02567171201432, 24.989427313432095]}, "properties": {"kind": "breakwater"}}, {"type": "Feature", "geometry": {"type": "Point", "coordinates": [55.030808917590036, 24.994748436922308]}, "properties": {"kind": "breakwater"}}, {"type": "Feature", "geometry": {"type": "Point", "coordinates": [55.033533745167034, 24.992440693354787]}, "properties": {"kind": "breakwater"}}, {"type": "Feature", "geometry": {"type": "Point", "coordinates": [55.03478713413821, 24.9952763636884]}, "properties": {"kind": "breakwater"}}, {"type": "Feature", "geometry": {"type": "Point", "coordinates": [55.12652181953169, 25.124400691648997]}, "properties": {"kind": "breakwater"}}, {"type": "Feature", "geometry": {"type": "Point", "coordinates": [55.22427354400621, 25.19756642556024]}, "properties": {"kind": "breakwater"}}, {"type": "Feature", "geometry": {"type": "Point", "coordinates": [55.22579246334823, 25.200713818258713]}, "properties": {"kind": "breakwater"}}, {"type": "Feature", "geometry": {"type": "Point", "coordinates": [55.228747462546124, 25.199001354726793]}, "properties": {"kind": "breakwater"}}, {"type": "Feature", "geometry": {"type": "Point", "coordinates": [55.14893592313284, 25.10846345830967]}, "properties": {"kind": "residential"}}, {"type": "Feature", "geometry": {"type": "Point", "coordinates": [55.15245385757771, 25.106735621737265]}, "properties": {"kind": "residential"}}, {"type": "Feature", "geometry": {"type": "Point", "coordinates": [55.13877571222004, 25.116192400425977]}, "properties": {"kind": "residential"}}, {"type": "Feature", "geometry": {"type": "Point", "coordinates": [55.13641696611049, 25.11358326472091]}, "properties": {"kind": "residential"}}, {"type": "Feature", "geometry": {"type": "Point", "coordinates": [55.159482555324445, 25.11675902773102]}, "properties": {"kind": "breakwater"}}, {"type": "Feature", "geometry": {"type": "Point", "coordinates": [55.156544413867564, 25.10594203761711]}, "properties": {"kind": "breakwater"}}, {"type": "Feature", "geometry": {"type": "Point", "coordinates": [55.15278732792642, 25.128656664739697]}, "properties": {"kind": "breakwater"}}, {"type": "Feature", "geometry": {"type": "Point", "coordinates": [55.28179550712286, 25.216003922350655]}, "properties": {"kind": "grass"}}, {"type": "Feature", "geometry": {"type": "Point", "coordinates": [55.19420979074922, 25.153123167199677]}, "properties": {"kind": "construction"}}, {"type": "Feature", "geometry": {"type": "Point", "coordinates": [55.14899564094485, 25.186646352262724]}, "properties": {"kind": "breakwater"}}, {"type": "Feature", "geometry": {"type": "Point", "coordinates": [55.178513010549146, 25.191406416082852]}, "properties": {"kind": "breakwater"}}, {"type": "Feature", "geometry": {"type": "Point", "coordinates": [55.19834001213571, 25.21277646551572]}, "properties": {"kind": "breakwater"}}, {"type": "Feature", "geometry": {"type": "Point", "coordinates": [55.203455420304046, 25.22959597966864]}, "properties": {"kind": "breakwater"}}, {"type": "Feature", "geometry": {"type": "Point", "coordinates": [55.162891780173965, 25.227998491078793]}, "properties": {"kind": "industrial"}}, {"type": "Feature", "geometry": {"type": "Point", "coordinates": [55.17627168107639, 25.19353845103821]}, "properties": {"kind": "breakwater"}}, {"type": "Feature", "geometry": {"type": "Point", "coordinates": [55.26828584970844, 25.116051834979004]}, "properties": {"kind": "residential"}}, {"type": "Feature", "geometry": {"type": "Point", "coordinates": [55.278653739217226, 25.170158456654647]}, "properties": {"kind": "residential"}}, {"type": "Feature", "geometry": {"type": "Point", "coordinates": [55.27860488774763, 25.169086527100085]}, "properties": {"kind": "residential"}}, {"type": "Feature", "geometry": {"type": "Point", "coordinates": [55.279527981271585, 25.170035536252925]}, "properties": {"kind": "residential"}}, {"type": "Feature", "geometry": {"type": "Point", "coordinates": [55.26820694945451, 25.121177591810028]}, "properties": {"kind": "residential"}}, {"type": "Feature", "geometry": {"type": "Point", "coordinates": [55.15708096325651, 25.118239355345718]}, "properties": {"kind": "breakwater"}}, {"type": "Feature", "geometry": {"type": "Point", "coordinates": [55.15739454008687, 25.115144385167227]}, "properties": {"kind": "breakwater"}}, {"type": "Feature", "geometry": {"type": "Point", "coordinates": [55.15666923193854, 25.11442832180932]}, "properties": {"kind": "breakwater"}}, {"type": "Feature", "geometry": {"type": "Point", "coordinates": [55.2702270408348, 25.035096584962186]}, "properties": {"kind": "residential"}}, {"type": "Feature", "geometry": {"type": "Point", "coordinates": [55.273788123110684, 25.036046442806636]}, "properties": {"kind": "residential"}}, {"type": "Feature", "geometry": {"type": "Point", "coordinates": [55.27311706220987, 25.032800756947346]}, "properties": {"kind": "residential"}}, {"type": "Feature", "geometry": {"type": "Point", "coordinates": [55.265449769347164, 25.114028844000444]}, "properties": {"kind": "residential"}}, {"type": "Feature", "geometry": {"type": "Point", "coordinates": [55.26538933407295, 25.12644954470935]}, "properties": {"kind": "residential"}}, {"type": "Feature", "geometry": {"type": "Point", "coordinates": [55.2482185229575, 25.094066837125546]}, "properties": {"kind": "residential"}}, {"type": "Feature", "geometry": {"type": "Point", "coordinates": [55.143938344310776, 25.10258372871093]}, "properties": {"kind": "breakwater"}}, {"type": "Feature", "geometry": {"type": "Point", "coordinates": [55.04041482253835, 25.036205887062923]}, "properties": {"kind": "breakwater"}}, {"type": "Feature", "geometry": {"type": "Point", "coordinates": [55.06034515789289, 25.04197257698148]}, "properties": {"kind": "breakwater"}}, {"type": "Feature", "geometry": {"type": "Point", "coordinates": [55.04653454309901, 25.03286273170395]}, "properties": {"kind": "industrial"}}, {"type": "Feature", "geometry": {"type": "Point", "coordinates": [55.077727884611505, 25.026085397523758]}, "properties": {"kind": "breakwater"}}, {"type": "Feature", "geometry": {"type": "Point", "coordinates": [55.26977655048521, 25.185523842876467]}, "properties": {"kind": "construction"}}, {"type": "Feature", "geometry": {"type": "Point", "coordinates": [55.05116109442975, 24.979675130798228]}, "properties": {"kind": "military"}}, {"type": "Feature", "geometry": {"type": "Point", "coordinates": [55.1383490713549, 25.09832275394707]}, "properties": {"kind": "breakwater"}}, {"type": "Feature", "geometry": {"type": "Point", "coordinates": [55.13572816832849, 25.097392714194314]}, "properties": {"kind": "breakwater"}}, {"type": "Feature", "geometry": {"type": "Point", "coordinates": [55.14103662828504, 25.095556038618327]}, "properties": {"kind": "breakwater"}}, {"type": "Feature", "geometry": {"type": "Point", "coordinates": [55.141604475347265, 25.095035067995553]}, "properties": {"kind": "breakwater"}}, {"type": "Feature", "geometry": {"type": "Point", "coordinates": [55.12654224677944, 25.090298578583997]}, "properties": {"kind": "breakwater"}}, {"type": "Feature", "geometry": {"type": "Point", "coordinates": [55.13484150595232, 25.089248683365806]}, "properties": {"kind": "breakwater"}}, {"type": "Feature", "geometry": {"type": "Point", "coordinates": [55.13548753642402, 25.091816134722183]}, "properties": {"kind": "breakwater"}}, {"type": "Feature", "geometry": {"type": "Point", "coordinates": [55.12566429988293, 25.073740838376565]}, "properties": {"kind": "breakwater"}}, {"type": "Feature", "geometry": {"type": "Point", "coordinates": [55.12454495999193, 25.073720168285057]}, "properties": {"kind": "breakwater"}}, {"type": "Feature", "geometry": {"type": "Point", "coordinates": [55.13915793827206, 25.08053161817199]}, "properties": {"kind": "residential"}}, {"type": "Feature", "geometry": {"type": "Point", "coordinates": [55.28664433632037, 25.219468631430992]}, "properties": {"kind": "construction"}}, {"type": "Feature", "geometry": {"type": "Point", "coordinates": [55.22929093505864, 24.973976636679886]}, "properties": {"kind": "construction"}}, {"type": "Feature", "geometry": {"type": "Point", "coordinates": [55.227610366547374, 25.19978760776365]}, "properties": {"kind": "commercial"}}]}