{"type": "FeatureCollection", "features": [{"type": "Feature", "geometry": {"type": "Point", "coordinates": [-118.4528073, 33.9724947]}, "properties": {"kind": "dock"}}, {"type": "Feature", "geometry": {"type": "Point", "coordinates": [-118.4542449, 33.9750116]}, "properties": {"kind": "dock"}}, {"type": "Feature", "geometry": {"type": "Point", "coordinates": [-118.4548005, 33.977789300000005]}, "properties": {"kind": "dock"}}, {"type": "Feature", "geometry": {"type": "Point", "coordinates": [-118.45424500000001, 33.9802893]}, "properties": {"kind": "dock"}}, {"type": "Feature", "geometry": {"type": "Point", "coordinates": [-118.45368950000001, 33.9827892]}, "properties": {"kind": "dock"}}, {"type": "Feature", "geometry": {"type": "Point", "coordinates": [-118.4454687, 33.9817699]}, "properties": {"kind": "dock"}}, {"type": "Feature", "geometry": {"type": "Point", "coordinates": [-118.44403630000001, 33.9794658]}, "properties": {"kind": "dock"}}, {"type": "Feature", "geometry": {"type": "Point", "coordinates": [-118.44412740000001, 33.976472]}, "properties": {"kind": "dock"}}, {"type": "Feature", "geometry": {"type": "Point", "coordinates": [-118.34979600000001, 33.8597375]}, "properties": {"kind": "tower"}}, {"type": "Feature", "geometry": {"type": "Point", "coordinates": [-118.345802, 34.019431000000004]}, "properties": {"kind": "tower"}}, {"type": "Feature", "geometry": {"type": "Point", "coordinates": [-118.3597912, 33.9981366]}, "properties": {"kind": "tower"}}, {"type": "Feature", "geometry": {"type": "Point", "coordinates": [-118.36599700000001, 34.007148400000005]}, "properties": {"kind": "tower"}}, {"type": "Feature", "geometry": {"type": "Point", "coordinates": [-118.4164662, 33.9711233]}, "properties": {"kind": "tower"}}, {"type": "Feature", "geometry": {"type": "Point", "coordinates": [-118.39246600000001, 34.118939600000004]}, "properties": {"kind": "tower"}}, {"type": "Feature", "geometry": {"type": "Point", "coordinates": [-118.3814428, 34.0148413]}, "properties": {"kind": "tower"}}, {"type": "Feature", "geometry": {"type": "Point", "coordinates": [-118.335907, 33.865015400000004]}, "properties": {"kind": "tower"}}, {"type": "Feature", "geometry": {"type": "Point", "coordinates": [-118.4109126, 34.0950085]}, "properties": {"kind": "dam"}}, {"type": "Feature", "geometry": {"type": "Point", "coordinates": [-118.4525808, 34.1066744]}, "properties": {"kind": "dam"}}, {"type": "Feature", "geometry": {"type": "Point", "coordinates": [-118.45591440000001, 34.1183406]}, "properties": {"kind": "dam"}}, {"type": "Feature", "geometry": {"type": "Point", "coordinates": [-118.40080970000001, 34.093040200000004]}, "properties": {"kind": "dam"}}, {"type": "Feature", "geometry": {"type": "Point", "coordinates": [-118.475898, 34.0441397]}, "properties": {"kind": "reservoir_covered"}}, {"type": "Feature", "geometry": {"type": "Point", "coordinates": [-118.3964631, 33.839265000000005]}, "properties": {"kind": "buoy"}}, {"type": "Feature", "geometry": {"type": "Point", "coordinates": [-118.3942411, 33.8494444]}, "properties": {"kind": "beacon_special_purpose"}}, {"type": "Feature", "geometry": {"type": "Point", "coordinates": [-118.45941660000001, 33.9111321]}, "properties": {"kind": "buoy"}}, {"type": "Feature", "geometry": {"type": "Point", "coordinates": [-118.39414860000001, 33.841855]}, "properties": {"kind": "beacon_lateral"}}, {"type": "Feature", "geometry": {"type": "Point", "coordinates": [-118.3955135, 33.841064800000005]}, "properties": {"kind": "beacon_lateral"}}, {"type": "Feature", "geometry": {"type": "Point", "coordinates": [-118.42836670000001, 33.9103306]}, "properties": {"kind": "beacon_special_purpose"}}, {"type": "Feature", "geometry": {"type": "Point", "coordinates": [-118.43222220000001, 33.9069444]}, "properties": {"kind": "buoy"}}, {"type": "Feature", "geometry": {"type": "Point", "coordinates": [-118.4484103, 33.9180681]}, "properties": {"kind": "buoy"}}, {"type": "Feature", "geometry": {"type": "Point", "coordinates": [-118.4364656, 33.9164017]}, "properties": {"kind": "buoy"}}, {"type": "Feature", "geometry": {"type": "Point", "coordinates": [-118.4342428, 33.907777800000005]}, "properties": {"kind": "buoy"}}, {"type": "Feature", "geometry": {"type": "Point", "coordinates": [-118.44175000000001, 33.9203889]}, "properties": {"kind": "buoy"}}, {"type": "Feature", "geometry": {"type": "Point", "coordinates": [-118.46048640000001, 33.9583506]}, "properties": {"kind": "beacon_lateral"}}, {"type": "Feature", "geometry": {"type": "Point", "coordinates": [-118.4643808, 33.9635253]}, "properties": {"kind": "beacon_lateral"}}, {"type": "Feature", "geometry": {"type": "Point", "coordinates": [-118.46025390000001, 33.960517700000004]}, "properties": {"kind": "beacon_lateral"}}, {"type": "Feature", "geometry": {"type": "Point", "coordinates": [-118.4618319, 33.962799100000005]}, "properties": {"kind": "beacon_lateral"}}, {"type": "Feature", "geometry": {"type": "Point", "coordinates": [-118.44089500000001, 34.072197700000004]}, "properties": {"kind": "flagpole"}}, {"type": "Feature", "geometry": {"type": "Point", "coordinates": [-118.41900000000001, 33.916000000000004]}, "properties": {"kind": "mine"}}, {"type": "Feature", "geometry": {"type": "Point", "coordinates": [-118.3947967, 33.8408481]}, "properties": {"kind": "buoy"}}, {"type": "Feature", "geometry": {"type": "Point", "coordinates": [-118.39924110000001, 33.845848100000005]}, "properties": {"kind": "buoy"}}, {"type": "Feature", "geometry": {"type": "Point", "coordinates": [-118.39674110000001, 33.843903600000004]}, "properties": {"kind": "buoy"}}, {"type": "Feature", "geometry": {"type": "Point", "coordinates": [-118.3963889, 33.8438889]}, "properties": {"kind": "beacon_lateral"}}, {"type": "Feature", "geometry": {"type": "Point", "coordinates": [-118.39757440000001, 33.8430703]}, "properties": {"kind": "buoy"}}, {"type": "Feature", "geometry": {"type": "Point", "coordinates": [-118.39377780000001, 33.8426667]}, "properties": {"kind": "buoy"}}, {"type": "Feature", "geometry": {"type": "Point", "coordinates": [-118.39396330000001, 33.8414036]}, "properties": {"kind": "buoy"}}, {"type": "Feature", "geometry": {"type": "Point", "coordinates": [-118.39972220000001, 33.8446111]}, "properties": {"kind": "buoy"}}, {"type": "Feature", "geometry": {"type": "Point", "coordinates": [-118.39813000000001, 33.845848100000005]}, "properties": {"kind": "buoy"}}, {"type": "Feature", "geometry": {"type": "Point", "coordinates": [-118.40090810000001, 33.8480703]}, "properties": {"kind": "buoy"}}, {"type": "Feature", "geometry": {"type": "Point", "coordinates": [-118.40007440000001, 33.8483481]}, "properties": {"kind": "buoy"}}, {"type": "Feature", "geometry": {"type": "Point", "coordinates": [-118.39980560000001, 33.8450556]}, "properties": {"kind": "buoy"}}, {"type": "Feature", "geometry": {"type": "Point", "coordinates": [-118.40041420000001, 33.8489534]}, "properties": {"kind": "beacon_lateral"}}, {"type": "Feature", "geometry": {"type": "Point", "coordinates": [-118.3998842, 33.8484191]}, "properties": {"kind": "beacon_lateral"}}, {"type": "Feature", "geometry": {"type": "Point", "coordinates": [-118.39809090000001, 33.8465713]}, "properties": {"kind": "beacon_lateral"}}, {"type": "Feature", "geometry": {"type": "Point", "coordinates": [-118.3987299, 33.8468299]}, "properties": {"kind": "beacon_lateral"}}, {"type": "Feature", "geometry": {"type": "Point", "coordinates": [-118.44682110000001, 33.9701345]}, "properties": {"kind": "beacon_lateral"}}, {"type": "Feature", "geometry": {"type": "Point", "coordinates": [-118.452222, 33.9082346]}, "properties": {"kind": "buoy"}}, {"type": "Feature", "geometry": {"type": "Point", "coordinates": [-118.43825700000001, 33.9209428]}, "properties": {"kind": "buoy"}}, {"type": "Feature", "geometry": {"type": "Point", "coordinates": [-118.43405000000001, 33.9223459]}, "properties": {"kind": "buoy"}}, {"type": "Feature", "geometry": {"type": "Point", "coordinates": [-118.436238, 33.922226300000005]}, "properties": {"kind": "buoy"}}, {"type": "Feature", "geometry": {"type": "Point", "coordinates": [-118.429276, 33.9097437]}, "properties": {"kind": "buoy"}}, {"type": "Feature", "geometry": {"type": "Point", "coordinates": [-118.42949700000001, 33.910195300000005]}, "properties": {"kind": "buoy"}}, {"type": "Feature", "geometry": {"type": "Point", "coordinates": [-118.49558160000001, 34.099721100000004]}, "properties": {"kind": "reservoir_covered"}}, {"type": "Feature", "geometry": {"type": "Point", "coordinates": [-118.49963890000001, 34.0074722]}, "properties": {"kind": "beacon_special_purpose"}}, {"type": "Feature", "geometry": {"type": "Point", "coordinates": [-118.4567303, 34.0102579]}, "properties": {"kind": "beacon"}}, {"type": "Feature", "geometry": {"type": "Point", "coordinates": [-118.410554, 34.0597979]}, "properties": {"kind": "petroleum_well"}}, {"type": "Feature", "geometry": {"type": "Point", "coordinates": [-118.36311500000001, 34.0052985]}, "properties": {"kind": "mast"}}, {"type": "Feature", "geometry": {"type": "Point", "coordinates": [-118.359288, 34.062901000000004]}, "properties": {"kind": "surveillance"}}, {"type": "Feature", "geometry": {"type": "Point", "coordinates": [-118.35912, 34.062886]}, "properties": {"kind": "surveillance"}}, {"type": "Feature", "geometry": {"type": "Point", "coordinates": [-118.44296220000001, 34.069514000000005]}, "properties": {"kind": "telescope"}}, {"type": "Feature", "geometry": {"type": "Point", "coordinates": [-118.44239920000001, 34.0695356]}, "properties": {"kind": "telescope"}}, {"type": "Feature", "geometry": {"type": "Point", "coordinates": [-118.4429456, 34.0695925]}, "properties": {"kind": "telescope"}}, {"type": "Feature", "geometry": {"type": "Point", "coordinates": [-118.4424903, 34.069645200000004]}, "properties": {"kind": "telescope"}}, {"type": "Feature", "geometry": {"type": "Point", "coordinates": [-118.4423287, 34.0696487]}, "properties": {"kind": "telescope"}}, {"type": "Feature", "geometry": {"type": "Point", "coordinates": [-118.36079590000001, 33.8898044]}, "properties": {"kind": "billboard"}}, {"type": "Feature", "geometry": {"type": "Point", "coordinates": [-118.31761420000001, 34.0978476]}, "properties": {"kind": "mast"}}, {"type": "Feature", "geometry": {"type": "Point", "coordinates": [-118.40752710000001, 34.1123501]}, "properties": {"kind": "survey_point"}}, {"type": "Feature", "geometry": {"type": "Point", "coordinates": [-118.3564539, 34.0743815]}, "properties": {"kind": "surveillance"}}, {"type": "Feature", "geometry": {"type": "Point", "coordinates": [-118.35639950000001, 34.0736067]}, "properties": {"kind": "surveillance"}}, {"type": "Feature", "geometry": {"type": "Point", "coordinates": [-118.3564352, 34.0717155]}, "properties": {"kind": "surveillance"}}, {"type": "Feature", "geometry": {"type": "Point", "coordinates": [-118.3564518, 34.0717141]}, "properties": {"kind": "surveillance"}}, {"type": "Feature", "geometry": {"type": "Point", "coordinates": [-118.35641140000001, 34.071632900000004]}, "properties": {"kind": "surveillance"}}, {"type": "Feature", "geometry": {"type": "Point", "coordinates": [-118.3591739, 34.070526300000004]}, "properties": {"kind": "surveillance"}}, {"type": "Feature", "geometry": {"type": "Point", "coordinates": [-118.36093340000001, 34.0705128]}, "properties": {"kind": "surveillance"}}, {"type": "Feature", "geometry": {"type": "Point", "coordinates": [-118.3605138, 34.0705216]}, "properties": {"kind": "surveillance"}}, {"type": "Feature", "geometry": {"type": "Point", "coordinates": [-118.34392790000001, 34.0683905]}, "properties": {"kind": "surveillance"}}, {"type": "Feature", "geometry": {"type": "Point", "coordinates": [-118.3439429, 34.0684665]}, "properties": {"kind": "surveillance"}}, {"type": "Feature", "geometry": {"type": "Point", "coordinates": [-118.37803480000001, 34.0746644]}, "properties": {"kind": "petroleum_well"}}, {"type": "Feature", "geometry": {"type": "Point", "coordinates": [-118.39457730000001, 33.9720333]}, "properties": {"kind": "surveillance"}}, {"type": "Feature", "geometry": {"type": "Point", "coordinates": [-118.30928580000001, 34.076772600000005]}, "properties": {"kind": "surveillance"}}, {"type": "Feature", "geometry": {"type": "Point", "coordinates": [-118.32722170000001, 34.091231900000004]}, "properties": {"kind": "surveillance"}}, {"type": "Feature", "geometry": {"type": "Point", "coordinates": [-118.3271517, 34.0912321]}, "properties": {"kind": "surveillance"}}, {"type": "Feature", "geometry": {"type": "Point", "coordinates": [-118.326974, 34.091233700000004]}, "properties": {"kind": "surveillance"}}, {"type": "Feature", "geometry": {"type": "Point", "coordinates": [-118.3268132, 34.0912348]}, "properties": {"kind": "surveillance"}}, {"type": "Feature", "geometry": {"type": "Point", "coordinates": [-118.33493890000001, 34.1151855]}, "properties": {"kind": "survey_point"}}, {"type": "Feature", "geometry": {"type": "Point", "coordinates": [-118.3321301, 34.1155108]}, "properties": {"kind": "survey_point"}}, {"type": "Feature", "geometry": {"type": "Point", "coordinates": [-118.3314948, 34.1167634]}, "properties": {"kind": "survey_point"}}, {"type": "Feature", "geometry": {"type": "Point", "coordinates": [-118.3344792, 34.1167012]}, "properties": {"kind": "survey_point"}}, {"type": "Feature", "geometry": {"type": "Point", "coordinates": [-118.3316453, 34.1154485]}, "properties": {"kind": "tower"}}, {"type": "Feature", "geometry": {"type": "Point", "coordinates": [-118.39455410000001, 33.8447386]}, "properties": {"kind": "flagpole"}}, {"type": "Feature", "geometry": {"type": "Point", "coordinates": [-118.3945046, 33.8448189]}, "properties": {"kind": "pole"}}, {"type": "Feature", "geometry": {"type": "Point", "coordinates": [-118.39439730000001, 33.8448098]}, "properties": {"kind": "pole"}}, {"type": "Feature", "geometry": {"type": "Point", "coordinates": [-118.394422, 33.8449252]}, "properties": {"kind": "pole"}}, {"type": "Feature", "geometry": {"type": "Point", "coordinates": [-118.394467, 33.8447607]}, "properties": {"kind": "pole"}}, {"type": "Feature", "geometry": {"type": "Point", "coordinates": [-118.39447310000001, 33.8449365]}, "properties": {"kind": "pole"}}, {"type": "Feature", "geometry": {"type": "Point", "coordinates": [-118.3944373, 33.844867]}, "properties": {"kind": "pole"}}, {"type": "Feature", "geometry": {"type": "Point", "coordinates": [-118.39437410000001, 33.844918]}, "properties": {"kind": "pole"}}, {"type": "Feature", "geometry": {"type": "Point", "coordinates": [-118.39426250000001, 33.8643772]}, "properties": {"kind": "surveillance"}}, {"type": "Feature", "geometry": {"type": "Point", "coordinates": [-118.445965, 34.068643]}, "properties": {"kind": "monitoring_station"}}, {"type": "Feature", "geometry": {"type": "Point", "coordinates": [-118.33911800000001, 34.1127279]}, "properties": {"kind": "flagpole"}}, {"type": "Feature", "geometry": {"type": "Point", "coordinates": [-118.338717, 34.112577200000004]}, "properties": {"kind": "flagpole"}}, {"type": "Feature", "geometry": {"type": "Point", "coordinates": [-118.39285770000001, 33.9021673]}, "properties": {"kind": "surveillance"}}, {"type": "Feature", "geometry": {"type": "Point", "coordinates": [-118.38045380000001, 33.9189428]}, "properties": {"kind": "flagpole"}}, {"type": "Feature", "geometry": {"type": "Point", "coordinates": [-118.3805181, 33.9189524]}, "properties": {"kind": "flagpole"}}, {"type": "Feature", "geometry": {"type": "Point", "coordinates": [-118.38058410000001, 33.918962300000004]}, "properties": {"kind": "flagpole"}}, {"type": "Feature", "geometry": {"type": "Point", "coordinates": [-118.40493880000001, 33.918123200000004]}, "properties": {"kind": "street_cabinet"}}, {"type": "Feature", "geometry": {"type": "Point", "coordinates": [-118.40532040000001, 33.918233400000005]}, "properties": {"kind": "petroleum_well"}}, {"type": "Feature", "geometry": {"type": "Point", "coordinates": [-118.3442169, 34.1016853]}, "properties": {"kind": "surveillance"}}, {"type": "Feature", "geometry": {"type": "Point", "coordinates": [-118.34460790000001, 34.101730800000006]}, "properties": {"kind": "surveillance"}}, {"type": "Feature", "geometry": {"type": "Point", "coordinates": [-118.4062198, 33.918734900000004]}, "properties": {"kind": "petroleum_well"}}, {"type": "Feature", "geometry": {"type": "Point", "coordinates": [-118.4542002, 34.0623096]}, "properties": {"kind": "flagpole"}}, {"type": "Feature", "geometry": {"type": "Point", "coordinates": [-118.30116740000001, 34.128158400000004]}, "properties": {"kind": "survey_point"}}, {"type": "Feature", "geometry": {"type": "Point", "coordinates": [-118.3597132, 34.07574]}, "properties": {"kind": "flagpole"}}, {"type": "Feature", "geometry": {"type": "Point", "coordinates": [-118.4926987, 34.0120554]}, "properties": {"kind": "monitoring_station"}}, {"type": "Feature", "geometry": {"type": "Point", "coordinates": [-118.35378320000001, 33.837664000000004]}, "properties": {"kind": "surveillance"}}, {"type": "Feature", "geometry": {"type": "Point", "coordinates": [-118.44078630000001, 34.0664488]}, "properties": {"kind": "waterfall"}}, {"type": "Feature", "geometry": {"type": "Point", "coordinates": [-118.3898989, 34.087088800000004]}, "properties": {"kind": "street_cabinet"}}, {"type": "Feature", "geometry": {"type": "Point", "coordinates": [-118.38989140000001, 34.0884292]}, "properties": {"kind": "street_cabinet"}}, {"type": "Feature", "geometry": {"type": "Point", "coordinates": [-118.39053550000001, 34.0874052]}, "properties": {"kind": "street_cabinet"}}, {"type": "Feature", "geometry": {"type": "Point", "coordinates": [-118.39047540000001, 34.087518800000005]}, "properties": {"kind": "street_cabinet"}}, {"type": "Feature", "geometry": {"type": "Point", "coordinates": [-118.3521865, 33.86925]}, "properties": {"kind": "tower"}}, {"type": "Feature", "geometry": {"type": "Point", "coordinates": [-118.38904140000001, 34.0872332]}, "properties": {"kind": "street_cabinet"}}, {"type": "Feature", "geometry": {"type": "Point", "coordinates": [-118.38951700000001, 34.0886818]}, "properties": {"kind": "street_cabinet"}}, {"type": "Feature", "geometry": {"type": "Point", "coordinates": [-118.38284130000001, 34.0872472]}, "properties": {"kind": "street_cabinet"}}, {"type": "Feature", "geometry": {"type": "Point", "coordinates": [-118.3828797, 34.0863774]}, "properties": {"kind": "street_cabinet"}}, {"type": "Feature", "geometry": {"type": "Point", "coordinates": [-118.3829922, 34.0864191]}, "properties": {"kind": "street_cabinet"}}, {"type": "Feature", "geometry": {"type": "Point", "coordinates": [-118.38284890000001, 34.0890353]}, "properties": {"kind": "street_cabinet"}}, {"type": "Feature", "geometry": {"type": "Point", "coordinates": [-118.38284890000001, 34.089151300000005]}, "properties": {"kind": "street_cabinet"}}, {"type": "Feature", "geometry": {"type": "Point", "coordinates": [-118.34550610000001, 34.102915700000004]}, "properties": {"kind": "surveillance"}}, {"type": "Feature", "geometry": {"type": "Point", "coordinates": [-118.3797397, 34.087365600000005]}, "properties": {"kind": "street_cabinet"}}, {"type": "Feature", "geometry": {"type": "Point", "coordinates": [-118.3765518, 34.089079000000005]}, "properties": {"kind": "street_cabinet"}}, {"type": "Feature", "geometry": {"type": "Point", "coordinates": [-118.400322, 33.9320672]}, "properties": {"kind": "tower"}}, {"type": "Feature", "geometry": {"type": "Point", "coordinates": [-118.40067200000001, 33.9251469]}, "properties": {"kind": "pumping_station"}}, {"type": "Feature", "geometry": {"type": "Point", "coordinates": [-118.345267, 34.1020184]}, "properties": {"kind": "surveillance"}}, {"type": "Feature", "geometry": {"type": "Point", "coordinates": [-118.3455498, 34.10306]}, "properties": {"kind": "surveillance"}}, {"type": "Feature", "geometry": {"type": "Point", "coordinates": [-118.40713170000001, 33.9059925]}, "properties": {"kind": "chimney"}}, {"type": "Feature", "geometry": {"type": "Point", "coordinates": [-118.4063995, 33.9059436]}, "properties": {"kind": "chimney"}}, {"type": "Feature", "geometry": {"type": "Point", "coordinates": [-118.4064773, 33.905453]}, "properties": {"kind": "chimney"}}, {"type": "Feature", "geometry": {"type": "Point", "coordinates": [-118.4035671, 33.9060429]}, "properties": {"kind": "chimney"}}, {"type": "Feature", "geometry": {"type": "Point", "coordinates": [-118.4035376, 33.906218800000005]}, "properties": {"kind": "chimney"}}, {"type": "Feature", "geometry": {"type": "Point", "coordinates": [-118.40373600000001, 33.9065037]}, "properties": {"kind": "chimney"}}, {"type": "Feature", "geometry": {"type": "Point", "coordinates": [-118.40253440000001, 33.9054023]}, "properties": {"kind": "chimney"}}, {"type": "Feature", "geometry": {"type": "Point", "coordinates": [-118.40253440000001, 33.905301]}, "properties": {"kind": "chimney"}}, {"type": "Feature", "geometry": {"type": "Point", "coordinates": [-118.4025505, 33.9050573]}, "properties": {"kind": "chimney"}}, {"type": "Feature", "geometry": {"type": "Point", "coordinates": [-118.40255250000001, 33.9047709]}, "properties": {"kind": "chimney"}}, {"type": "Feature", "geometry": {"type": "Point", "coordinates": [-118.3598443, 33.991274100000005]}, "properties": {"kind": "petroleum_well"}}, {"type": "Feature", "geometry": {"type": "Point", "coordinates": [-118.3598671, 33.9913931]}, "properties": {"kind": "petroleum_well"}}, {"type": "Feature", "geometry": {"type": "Point", "coordinates": [-118.3606895, 33.991906400000005]}, "properties": {"kind": "petroleum_well"}}, {"type": "Feature", "geometry": {"type": "Point", "coordinates": [-118.3607539, 33.991788500000006]}, "properties": {"kind": "petroleum_well"}}, {"type": "Feature", "geometry": {"type": "Point", "coordinates": [-118.36006060000001, 33.9918622]}, "properties": {"kind": "petroleum_well"}}, {"type": "Feature", "geometry": {"type": "Point", "coordinates": [-118.360015, 33.9932226]}, "properties": {"kind": "petroleum_well"}}, {"type": "Feature", "geometry": {"type": "Point", "coordinates": [-118.359964, 33.992902400000006]}, "properties": {"kind": "petroleum_well"}}, {"type": "Feature", "geometry": {"type": "Point", "coordinates": [-118.36050180000001, 33.9928679]}, "properties": {"kind": "petroleum_well"}}, {"type": "Feature", "geometry": {"type": "Point", "coordinates": [-118.360774, 33.9928966]}, "properties": {"kind": "petroleum_well"}}, {"type": "Feature", "geometry": {"type": "Point", "coordinates": [-118.3611609, 33.9940385]}, "properties": {"kind": "petroleum_well"}}, {"type": "Feature", "geometry": {"type": "Point", "coordinates": [-118.36117170000001, 33.9940769]}, "properties": {"kind": "petroleum_well"}}, {"type": "Feature", "geometry": {"type": "Point", "coordinates": [-118.3610718, 33.9938413]}, "properties": {"kind": "petroleum_well"}}, {"type": "Feature", "geometry": {"type": "Point", "coordinates": [-118.3610718, 33.993878]}, "properties": {"kind": "petroleum_well"}}, {"type": "Feature", "geometry": {"type": "Point", "coordinates": [-118.3614704, 33.9939999]}, "properties": {"kind": "petroleum_well"}}, {"type": "Feature", "geometry": {"type": "Point", "coordinates": [-118.3614778, 33.994033800000004]}, "properties": {"kind": "petroleum_well"}}, {"type": "Feature", "geometry": {"type": "Point", "coordinates": [-118.3614862, 33.994066600000004]}, "properties": {"kind": "petroleum_well"}}, {"type": "Feature", "geometry": {"type": "Point", "coordinates": [-118.3612327, 33.9942569]}, "properties": {"kind": "petroleum_well"}}, {"type": "Feature", "geometry": {"type": "Point", "coordinates": [-118.3614795, 33.994884]}, "properties": {"kind": "petroleum_well"}}, {"type": "Feature", "geometry": {"type": "Point", "coordinates": [-118.36137950000001, 33.994854000000004]}, "properties": {"kind": "petroleum_well"}}, {"type": "Feature", "geometry": {"type": "Point", "coordinates": [-118.36117270000001, 33.994701500000005]}, "properties": {"kind": "petroleum_well"}}, {"type": "Feature", "geometry": {"type": "Point", "coordinates": [-118.3616293, 33.994841900000004]}, "properties": {"kind": "petroleum_well"}}, {"type": "Feature", "geometry": {"type": "Point", "coordinates": [-118.36066100000001, 33.9946126]}, "properties": {"kind": "petroleum_well"}}, {"type": "Feature", "geometry": {"type": "Point", "coordinates": [-118.3619431, 33.9954935]}, "properties": {"kind": "petroleum_well"}}, {"type": "Feature", "geometry": {"type": "Point", "coordinates": [-118.36188150000001, 33.9957136]}, "properties": {"kind": "petroleum_well"}}, {"type": "Feature", "geometry": {"type": "Point", "coordinates": [-118.36184390000001, 33.9958521]}, "properties": {"kind": "petroleum_well"}}, {"type": "Feature", "geometry": {"type": "Point", "coordinates": [-118.36148850000001, 33.9956995]}, "properties": {"kind": "petroleum_well"}}, {"type": "Feature", "geometry": {"type": "Point", "coordinates": [-118.36142210000001, 33.9956739]}, "properties": {"kind": "petroleum_well"}}, {"type": "Feature", "geometry": {"type": "Point", "coordinates": [-118.361005, 33.995450000000005]}, "properties": {"kind": "petroleum_well"}}, {"type": "Feature", "geometry": {"type": "Point", "coordinates": [-118.3605115, 33.9954655]}, "properties": {"kind": "petroleum_well"}}, {"type": "Feature", "geometry": {"type": "Point", "coordinates": [-118.3606912, 33.995527800000005]}, "properties": {"kind": "petroleum_well"}}, {"type": "Feature", "geometry": {"type": "Point", "coordinates": [-118.360421, 33.9955067]}, "properties": {"kind": "petroleum_well"}}, {"type": "Feature", "geometry": {"type": "Point", "coordinates": [-118.36001660000001, 33.9961591]}, "properties": {"kind": "petroleum_well"}}, {"type": "Feature", "geometry": {"type": "Point", "coordinates": [-118.35986910000001, 33.9962369]}, "properties": {"kind": "petroleum_well"}}, {"type": "Feature", "geometry": {"type": "Point", "coordinates": [-118.36096210000001, 33.996526800000005]}, "properties": {"kind": "petroleum_well"}}, {"type": "Feature", "geometry": {"type": "Point", "coordinates": [-118.362204, 33.997086100000004]}, "properties": {"kind": "petroleum_well"}}, {"type": "Feature", "geometry": {"type": "Point", "coordinates": [-118.36237030000001, 33.9970127]}, "properties": {"kind": "petroleum_well"}}, {"type": "Feature", "geometry": {"type": "Point", "coordinates": [-118.3622442, 33.9968504]}, "properties": {"kind": "petroleum_well"}}, {"type": "Feature", "geometry": {"type": "Point", "coordinates": [-118.3635096, 33.9973065]}, "properties": {"kind": "petroleum_well"}}, {"type": "Feature", "geometry": {"type": "Point", "coordinates": [-118.36354170000001, 33.997362100000004]}, "properties": {"kind": "petroleum_well"}}, {"type": "Feature", "geometry": {"type": "Point", "coordinates": [-118.36494450000001, 33.9977279]}, "properties": {"kind": "petroleum_well"}}, {"type": "Feature", "geometry": {"type": "Point", "coordinates": [-118.365941, 33.9981121]}, "properties": {"kind": "petroleum_well"}}, {"type": "Feature", "geometry": {"type": "Point", "coordinates": [-118.36623870000001, 33.9980187]}, "properties": {"kind": "petroleum_well"}}, {"type": "Feature", "geometry": {"type": "Point", "coordinates": [-118.36614750000001, 33.9979408]}, "properties": {"kind": "petroleum_well"}}, {"type": "Feature", "geometry": {"type": "Point", "coordinates": [-118.36783860000001, 33.9976223]}, "properties": {"kind": "petroleum_well"}}, {"type": "Feature", "geometry": {"type": "Point", "coordinates": [-118.36626550000001, 33.996039]}, "properties": {"kind": "petroleum_well"}}, {"type": "Feature", "geometry": {"type": "Point", "coordinates": [-118.3662702, 33.9959901]}, "properties": {"kind": "petroleum_well"}}, {"type": "Feature", "geometry": {"type": "Point", "coordinates": [-118.3659269, 33.9944337]}, "properties": {"kind": "petroleum_well"}}, {"type": "Feature", "geometry": {"type": "Point", "coordinates": [-118.3638428, 33.994125700000005]}, "properties": {"kind": "petroleum_well"}}, {"type": "Feature", "geometry": {"type": "Point", "coordinates": [-118.36304890000001, 33.9938647]}, "properties": {"kind": "petroleum_well"}}, {"type": "Feature", "geometry": {"type": "Point", "coordinates": [-118.36295500000001, 33.9936401]}, "properties": {"kind": "petroleum_well"}}, {"type": "Feature", "geometry": {"type": "Point", "coordinates": [-118.35940950000001, 33.9950865]}, "properties": {"kind": "petroleum_well"}}, {"type": "Feature", "geometry": {"type": "Point", "coordinates": [-118.3594396, 33.9951366]}, "properties": {"kind": "petroleum_well"}}, {"type": "Feature", "geometry": {"type": "Point", "coordinates": [-118.35940140000001, 33.9952739]}, "properties": {"kind": "petroleum_well"}}, {"type": "Feature", "geometry": {"type": "Point", "coordinates": [-118.35940140000001, 33.9939492]}, "properties": {"kind": "petroleum_well"}}, {"type": "Feature", "geometry": {"type": "Point", "coordinates": [-118.29899060000001, 33.9233373]}, "properties": {"kind": "mast"}}, {"type": "Feature", "geometry": {"type": "Point", "coordinates": [-118.3986028, 33.854828000000005]}, "properties": {"kind": "manhole"}}, {"type": "Feature", "geometry": {"type": "Point", "coordinates": [-118.42413680000001, 33.915391]}, "properties": {"kind": "mast"}}, {"type": "Feature", "geometry": {"type": "Point", "coordinates": [-118.4737539, 33.9866389]}, "properties": {"kind": "manhole"}}, {"type": "Feature", "geometry": {"type": "Point", "coordinates": [-118.47359510000001, 33.986958900000005]}, "properties": {"kind": "flagpole"}}, {"type": "Feature", "geometry": {"type": "Point", "coordinates": [-118.4735019, 33.9868529]}, "properties": {"kind": "flagpole"}}, {"type": "Feature", "geometry": {"type": "Point", "coordinates": [-118.47387710000001, 33.9860119]}, "properties": {"kind": "flagpole"}}, {"type": "Feature", "geometry": {"type": "Point", "coordinates": [-118.38373050000001, 34.007483]}, "properties": {"kind": "petroleum_well"}}, {"type": "Feature", "geometry": {"type": "Point", "coordinates": [-118.38303320000001, 34.0084202]}, "properties": {"kind": "petroleum_well"}}, {"type": "Feature", "geometry": {"type": "Point", "coordinates": [-118.3827985, 34.0083824]}, "properties": {"kind": "petroleum_well"}}, {"type": "Feature", "geometry": {"type": "Point", "coordinates": [-118.3829936, 34.007165]}, "properties": {"kind": "petroleum_well"}}, {"type": "Feature", "geometry": {"type": "Point", "coordinates": [-118.38308210000001, 34.0067559]}, "properties": {"kind": "petroleum_well"}}, {"type": "Feature", "geometry": {"type": "Point", "coordinates": [-118.3843173, 34.0091094]}, "properties": {"kind": "petroleum_well"}}, {"type": "Feature", "geometry": {"type": "Point", "coordinates": [-118.3852205, 34.0138896]}, "properties": {"kind": "petroleum_well"}}, {"type": "Feature", "geometry": {"type": "Point", "coordinates": [-118.3850891, 34.0139307]}, "properties": {"kind": "petroleum_well"}}, {"type": "Feature", "geometry": {"type": "Point", "coordinates": [-118.38450030000001, 34.0132071]}, "properties": {"kind": "petroleum_well"}}, {"type": "Feature", "geometry": {"type": "Point", "coordinates": [-118.38397060000001, 34.0125657]}, "properties": {"kind": "petroleum_well"}}, {"type": "Feature", "geometry": {"type": "Point", "coordinates": [-118.38398810000001, 34.012183300000004]}, "properties": {"kind": "petroleum_well"}}, {"type": "Feature", "geometry": {"type": "Point", "coordinates": [-118.38247940000001, 34.011508500000005]}, "properties": {"kind": "petroleum_well"}}, {"type": "Feature", "geometry": {"type": "Point", "coordinates": [-118.38240830000001, 34.010856000000004]}, "properties": {"kind": "petroleum_well"}}, {"type": "Feature", "geometry": {"type": "Point", "coordinates": [-118.3827811, 34.0104291]}, "properties": {"kind": "petroleum_well"}}, {"type": "Feature", "geometry": {"type": "Point", "coordinates": [-118.3827342, 34.0104113]}, "properties": {"kind": "petroleum_well"}}, {"type": "Feature", "geometry": {"type": "Point", "coordinates": [-118.38332360000001, 34.010174500000005]}, "properties": {"kind": "petroleum_well"}}, {"type": "Feature", "geometry": {"type": "Point", "coordinates": [-118.3823741, 34.009832100000004]}, "properties": {"kind": "petroleum_well"}}, {"type": "Feature", "geometry": {"type": "Point", "coordinates": [-118.3813092, 34.0096787]}, "properties": {"kind": "petroleum_well"}}, {"type": "Feature", "geometry": {"type": "Point", "coordinates": [-118.37979650000001, 34.008380200000005]}, "properties": {"kind": "petroleum_well"}}, {"type": "Feature", "geometry": {"type": "Point", "coordinates": [-118.3792976, 34.008976100000005]}, "properties": {"kind": "petroleum_well"}}, {"type": "Feature", "geometry": {"type": "Point", "coordinates": [-118.38037050000001, 34.010759300000004]}, "properties": {"kind": "petroleum_well"}}, {"type": "Feature", "geometry": {"type": "Point", "coordinates": [-118.380121, 34.0127447]}, "properties": {"kind": "petroleum_well"}}, {"type": "Feature", "geometry": {"type": "Point", "coordinates": [-118.380172, 34.0131182]}, "properties": {"kind": "petroleum_well"}}, {"type": "Feature", "geometry": {"type": "Point", "coordinates": [-118.3792332, 34.0134139]}, "properties": {"kind": "petroleum_well"}}, {"type": "Feature", "geometry": {"type": "Point", "coordinates": [-118.3752374, 34.0097943]}, "properties": {"kind": "petroleum_well"}}, {"type": "Feature", "geometry": {"type": "Point", "coordinates": [-118.3761252, 34.0099789]}, "properties": {"kind": "petroleum_well"}}, {"type": "Feature", "geometry": {"type": "Point", "coordinates": [-118.37526150000001, 34.0076131]}, "properties": {"kind": "petroleum_well"}}, {"type": "Feature", "geometry": {"type": "Point", "coordinates": [-118.37474920000001, 34.0075309]}, "properties": {"kind": "petroleum_well"}}, {"type": "Feature", "geometry": {"type": "Point", "coordinates": [-118.37631830000001, 34.006786000000005]}, "properties": {"kind": "petroleum_well"}}, {"type": "Feature", "geometry": {"type": "Point", "coordinates": [-118.3759589, 34.006792700000005]}, "properties": {"kind": "petroleum_well"}}, {"type": "Feature", "geometry": {"type": "Point", "coordinates": [-118.3758945, 34.0071151]}, "properties": {"kind": "petroleum_well"}}, {"type": "Feature", "geometry": {"type": "Point", "coordinates": [-118.3759428, 34.0071529]}, "properties": {"kind": "petroleum_well"}}, {"type": "Feature", "geometry": {"type": "Point", "coordinates": [-118.375983, 34.0069928]}, "properties": {"kind": "petroleum_well"}}, {"type": "Feature", "geometry": {"type": "Point", "coordinates": [-118.37555660000001, 34.0057988]}, "properties": {"kind": "petroleum_well"}}, {"type": "Feature", "geometry": {"type": "Point", "coordinates": [-118.3768735, 34.0060256]}, "properties": {"kind": "petroleum_well"}}, {"type": "Feature", "geometry": {"type": "Point", "coordinates": [-118.37678770000001, 34.0059033]}, "properties": {"kind": "petroleum_well"}}, {"type": "Feature", "geometry": {"type": "Point", "coordinates": [-118.37675820000001, 34.005062800000005]}, "properties": {"kind": "petroleum_well"}}, {"type": "Feature", "geometry": {"type": "Point", "coordinates": [-118.37403040000001, 34.0016885]}, "properties": {"kind": "petroleum_well"}}, {"type": "Feature", "geometry": {"type": "Point", "coordinates": [-118.3732552, 34.0018386]}, "properties": {"kind": "petroleum_well"}}, {"type": "Feature", "geometry": {"type": "Point", "coordinates": [-118.37413500000001, 34.0079745]}, "properties": {"kind": "petroleum_well"}}, {"type": "Feature", "geometry": {"type": "Point", "coordinates": [-118.3737729, 34.004806]}, "properties": {"kind": "petroleum_well"}}, {"type": "Feature", "geometry": {"type": "Point", "coordinates": [-118.37517840000001, 34.0044235]}, "properties": {"kind": "petroleum_well"}}, {"type": "Feature", "geometry": {"type": "Point", "coordinates": [-118.37483510000001, 34.0042879]}, "properties": {"kind": "petroleum_well"}}, {"type": "Feature", "geometry": {"type": "Point", "coordinates": [-118.37349660000001, 34.0039944]}, "properties": {"kind": "petroleum_well"}}, {"type": "Feature", "geometry": {"type": "Point", "coordinates": [-118.373384, 34.003467400000005]}, "properties": {"kind": "petroleum_well"}}, {"type": "Feature", "geometry": {"type": "Point", "coordinates": [-118.37306480000001, 34.0027826]}, "properties": {"kind": "petroleum_well"}}, {"type": "Feature", "geometry": {"type": "Point", "coordinates": [-118.37333570000001, 34.002651400000005]}, "properties": {"kind": "petroleum_well"}}, {"type": "Feature", "geometry": {"type": "Point", "coordinates": [-118.3744247, 34.0021422]}, "properties": {"kind": "petroleum_well"}}, {"type": "Feature", "geometry": {"type": "Point", "coordinates": [-118.37228700000001, 33.9989068]}, "properties": {"kind": "petroleum_well"}}, {"type": "Feature", "geometry": {"type": "Point", "coordinates": [-118.3707179, 33.9989557]}, "properties": {"kind": "petroleum_well"}}, {"type": "Feature", "geometry": {"type": "Point", "coordinates": [-118.30691270000001, 33.9603175]}, "properties": {"kind": "mast"}}, {"type": "Feature", "geometry": {"type": "Point", "coordinates": [-118.3855443, 33.9472754]}, "properties": {"kind": "mast"}}, {"type": "Feature", "geometry": {"type": "Point", "coordinates": [-118.39919130000001, 33.9573465]}, "properties": {"kind": "mast"}}, {"type": "Feature", "geometry": {"type": "Point", "coordinates": [-118.43714370000001, 33.9432837]}, "properties": {"kind": "mast"}}, {"type": "Feature", "geometry": {"type": "Point", "coordinates": [-118.3314668, 33.9757235]}, "properties": {"kind": "mast"}}, {"type": "Feature", "geometry": {"type": "Point", "coordinates": [-118.3438505, 33.9852416]}, "properties": {"kind": "mast"}}, {"type": "Feature", "geometry": {"type": "Point", "coordinates": [-118.3200554, 33.987242800000004]}, "properties": {"kind": "mast"}}, {"type": "Feature", "geometry": {"type": "Point", "coordinates": [-118.2919265, 33.9897253]}, "properties": {"kind": "mast"}}, {"type": "Feature", "geometry": {"type": "Point", "coordinates": [-118.35638580000001, 33.997498300000004]}, "properties": {"kind": "drinking_fountain"}}, {"type": "Feature", "geometry": {"type": "Point", "coordinates": [-118.40667800000001, 34.0573065]}, "properties": {"kind": "drinking_fountain"}}, {"type": "Feature", "geometry": {"type": "Point", "coordinates": [-118.4072074, 34.057618000000005]}, "properties": {"kind": "drinking_fountain"}}, {"type": "Feature", "geometry": {"type": "Point", "coordinates": [-118.40776340000001, 34.0580209]}, "properties": {"kind": "drinking_fountain"}}, {"type": "Feature", "geometry": {"type": "Point", "coordinates": [-118.40806350000001, 34.0584499]}, "properties": {"kind": "drinking_fountain"}}, {"type": "Feature", "geometry": {"type": "Point", "coordinates": [-118.3234453, 34.0734835]}, "properties": {"kind": "surveillance"}}, {"type": "Feature", "geometry": {"type": "Point", "coordinates": [-118.45462020000001, 33.9602033]}, "properties": {"kind": "wreck"}}, {"type": "Feature", "geometry": {"type": "Point", "coordinates": [-118.3018955, 34.0543886]}, "properties": {"kind": "flagpole"}}, {"type": "Feature", "geometry": {"type": "Point", "coordinates": [-118.3881528, 34.0161673]}, "properties": {"kind": "manhole"}}, {"type": "Feature", "geometry": {"type": "Point", "coordinates": [-118.38826540000001, 34.015703200000004]}, "properties": {"kind": "manhole"}}, {"type": "Feature", "geometry": {"type": "Point", "coordinates": [-118.3819928, 34.0159515]}, "properties": {"kind": "charge_point"}}, {"type": "Feature", "geometry": {"type": "Point", "coordinates": [-118.38195030000001, 34.0159219]}, "properties": {"kind": "charge_point"}}, {"type": "Feature", "geometry": {"type": "Point", "coordinates": [-118.3819057, 34.0158907]}, "properties": {"kind": "charge_point"}}, {"type": "Feature", "geometry": {"type": "Point", "coordinates": [-118.36980600000001, 34.0069632]}, "properties": {"kind": "waterfall"}}, {"type": "Feature", "geometry": {"type": "Point", "coordinates": [-118.36605300000001, 34.007591600000005]}, "properties": {"kind": "tower"}}, {"type": "Feature", "geometry": {"type": "Point", "coordinates": [-118.347435, 34.0193741]}, "properties": {"kind": "tower"}}, {"type": "Feature", "geometry": {"type": "Point", "coordinates": [-118.30380740000001, 33.9372916]}, "properties": {"kind": "flagpole"}}, {"type": "Feature", "geometry": {"type": "Point", "coordinates": [-118.2921175, 34.0907591]}, "properties": {"kind": "utility_pole"}}, {"type": "Feature", "geometry": {"type": "Point", "coordinates": [-118.3623845, 34.0067073]}, "properties": {"kind": "mast"}}, {"type": "Feature", "geometry": {"type": "Point", "coordinates": [-118.3725108, 34.008862300000004]}, "properties": {"kind": "petroleum_well"}}, {"type": "Feature", "geometry": {"type": "Point", "coordinates": [-118.37120990000001, 34.0076227]}, "properties": {"kind": "petroleum_well"}}, {"type": "Feature", "geometry": {"type": "Point", "coordinates": [-118.37250540000001, 34.008155200000004]}, "properties": {"kind": "petroleum_well"}}, {"type": "Feature", "geometry": {"type": "Point", "coordinates": [-118.3722372, 34.0082086]}, "properties": {"kind": "petroleum_well"}}, {"type": "Feature", "geometry": {"type": "Point", "coordinates": [-118.37033280000001, 34.0061319]}, "properties": {"kind": "petroleum_well"}}, {"type": "Feature", "geometry": {"type": "Point", "coordinates": [-118.3866414, 34.0118182]}, "properties": {"kind": "petroleum_well"}}, {"type": "Feature", "geometry": {"type": "Point", "coordinates": [-118.2911957, 34.049709400000005]}, "properties": {"kind": "tower"}}, {"type": "Feature", "geometry": {"type": "Point", "coordinates": [-118.4309269, 34.0358733]}, "properties": {"kind": "surveillance"}}, {"type": "Feature", "geometry": {"type": "Point", "coordinates": [-118.33401380000001, 34.1133754]}, "properties": {"kind": "cross"}}, {"type": "Feature", "geometry": {"type": "Point", "coordinates": [-118.3000564, 34.1183732]}, "properties": {"kind": "telescope"}}, {"type": "Feature", "geometry": {"type": "Point", "coordinates": [-118.3006938, 34.118377800000005]}, "properties": {"kind": "telescope"}}, {"type": "Feature", "geometry": {"type": "Point", "coordinates": [-118.33806100000001, 33.902510500000005]}, "properties": {"kind": "mast"}}, {"type": "Feature", "geometry": {"type": "Point", "coordinates": [-118.35359690000001, 33.9195738]}, "properties": {"kind": "tower"}}, {"type": "Feature", "geometry": {"type": "Point", "coordinates": [-118.35334080000001, 33.9074915]}, "properties": {"kind": "mast"}}, {"type": "Feature", "geometry": {"type": "Point", "coordinates": [-118.36010730000001, 33.9934218]}, "properties": {"kind": "petroleum_well"}}, {"type": "Feature", "geometry": {"type": "Point", "coordinates": [-118.360173, 33.9939416]}, "properties": {"kind": "petroleum_well"}}, {"type": "Feature", "geometry": {"type": "Point", "coordinates": [-118.36019040000001, 33.9938777]}, "properties": {"kind": "petroleum_well"}}, {"type": "Feature", "geometry": {"type": "Point", "coordinates": [-118.3602005, 33.993806]}, "properties": {"kind": "petroleum_well"}}, {"type": "Feature", "geometry": {"type": "Point", "coordinates": [-118.36024610000001, 33.9941473]}, "properties": {"kind": "petroleum_well"}}, {"type": "Feature", "geometry": {"type": "Point", "coordinates": [-118.35944140000001, 33.994626600000004]}, "properties": {"kind": "petroleum_well"}}, {"type": "Feature", "geometry": {"type": "Point", "coordinates": [-118.3601469, 33.9947911]}, "properties": {"kind": "petroleum_well"}}, {"type": "Feature", "geometry": {"type": "Point", "coordinates": [-118.36049960000001, 33.9946811]}, "properties": {"kind": "petroleum_well"}}, {"type": "Feature", "geometry": {"type": "Point", "coordinates": [-118.36050490000001, 33.9945599]}, "properties": {"kind": "petroleum_well"}}, {"type": "Feature", "geometry": {"type": "Point", "coordinates": [-118.36041780000001, 33.9943564]}, "properties": {"kind": "petroleum_well"}}, {"type": "Feature", "geometry": {"type": "Point", "coordinates": [-118.36529940000001, 33.9957196]}, "properties": {"kind": "petroleum_well"}}, {"type": "Feature", "geometry": {"type": "Point", "coordinates": [-118.36617240000001, 33.9956462]}, "properties": {"kind": "petroleum_well"}}, {"type": "Feature", "geometry": {"type": "Point", "coordinates": [-118.36635220000001, 33.9957062]}, "properties": {"kind": "petroleum_well"}}, {"type": "Feature", "geometry": {"type": "Point", "coordinates": [-118.36621670000001, 33.995505]}, "properties": {"kind": "petroleum_well"}}, {"type": "Feature", "geometry": {"type": "Point", "coordinates": [-118.3660947, 33.9963678]}, "properties": {"kind": "petroleum_well"}}, {"type": "Feature", "geometry": {"type": "Point", "coordinates": [-118.3679642, 33.995372700000004]}, "properties": {"kind": "petroleum_well"}}, {"type": "Feature", "geometry": {"type": "Point", "coordinates": [-118.38390580000001, 34.011677]}, "properties": {"kind": "petroleum_well"}}, {"type": "Feature", "geometry": {"type": "Point", "coordinates": [-118.3836698, 34.0110611]}, "properties": {"kind": "petroleum_well"}}, {"type": "Feature", "geometry": {"type": "Point", "coordinates": [-118.38358930000001, 34.010894400000005]}, "properties": {"kind": "petroleum_well"}}, {"type": "Feature", "geometry": {"type": "Point", "coordinates": [-118.38471050000001, 34.0106387]}, "properties": {"kind": "petroleum_well"}}, {"type": "Feature", "geometry": {"type": "Point", "coordinates": [-118.3853569, 34.0130955]}, "properties": {"kind": "petroleum_well"}}, {"type": "Feature", "geometry": {"type": "Point", "coordinates": [-118.3853998, 34.0133067]}, "properties": {"kind": "petroleum_well"}}, {"type": "Feature", "geometry": {"type": "Point", "coordinates": [-118.37866210000001, 34.0121239]}, "properties": {"kind": "petroleum_well"}}, {"type": "Feature", "geometry": {"type": "Point", "coordinates": [-118.379558, 34.0118838]}, "properties": {"kind": "petroleum_well"}}, {"type": "Feature", "geometry": {"type": "Point", "coordinates": [-118.38017490000001, 34.011496900000004]}, "properties": {"kind": "petroleum_well"}}, {"type": "Feature", "geometry": {"type": "Point", "coordinates": [-118.3800247, 34.011243400000005]}, "properties": {"kind": "petroleum_well"}}, {"type": "Feature", "geometry": {"type": "Point", "coordinates": [-118.3779781, 34.0101807]}, "properties": {"kind": "petroleum_well"}}, {"type": "Feature", "geometry": {"type": "Point", "coordinates": [-118.37706080000001, 34.010772100000004]}, "properties": {"kind": "petroleum_well"}}, {"type": "Feature", "geometry": {"type": "Point", "coordinates": [-118.37691330000001, 34.0107298]}, "properties": {"kind": "petroleum_well"}}, {"type": "Feature", "geometry": {"type": "Point", "coordinates": [-118.37626420000001, 34.0107009]}, "properties": {"kind": "petroleum_well"}}, {"type": "Feature", "geometry": {"type": "Point", "coordinates": [-118.37633930000001, 34.0105742]}, "properties": {"kind": "petroleum_well"}}, {"type": "Feature", "geometry": {"type": "Point", "coordinates": [-118.37445640000001, 34.0105787]}, "properties": {"kind": "petroleum_well"}}, {"type": "Feature", "geometry": {"type": "Point", "coordinates": [-118.37445640000001, 34.010745400000005]}, "properties": {"kind": "petroleum_well"}}, {"type": "Feature", "geometry": {"type": "Point", "coordinates": [-118.3747488, 34.0123151]}, "properties": {"kind": "petroleum_well"}}, {"type": "Feature", "geometry": {"type": "Point", "coordinates": [-118.37481720000001, 34.0081051]}, "properties": {"kind": "petroleum_well"}}, {"type": "Feature", "geometry": {"type": "Point", "coordinates": [-118.37420030000001, 34.0067621]}, "properties": {"kind": "petroleum_well"}}, {"type": "Feature", "geometry": {"type": "Point", "coordinates": [-118.37536970000001, 34.0053369]}, "properties": {"kind": "petroleum_well"}}, {"type": "Feature", "geometry": {"type": "Point", "coordinates": [-118.3750505, 34.003960500000005]}, "properties": {"kind": "petroleum_well"}}, {"type": "Feature", "geometry": {"type": "Point", "coordinates": [-118.37225830000001, 34.0015079]}, "properties": {"kind": "petroleum_well"}}, {"type": "Feature", "geometry": {"type": "Point", "coordinates": [-118.3719231, 34.0013967]}, "properties": {"kind": "petroleum_well"}}, {"type": "Feature", "geometry": {"type": "Point", "coordinates": [-118.3720169, 34.0006007]}, "properties": {"kind": "petroleum_well"}}, {"type": "Feature", "geometry": {"type": "Point", "coordinates": [-118.37177550000001, 34.0006274]}, "properties": {"kind": "petroleum_well"}}, {"type": "Feature", "geometry": {"type": "Point", "coordinates": [-118.3717192, 33.9993688]}, "properties": {"kind": "petroleum_well"}}, {"type": "Feature", "geometry": {"type": "Point", "coordinates": [-118.3780251, 34.0042096]}, "properties": {"kind": "petroleum_well"}}, {"type": "Feature", "geometry": {"type": "Point", "coordinates": [-118.3779956, 34.003682600000005]}, "properties": {"kind": "petroleum_well"}}, {"type": "Feature", "geometry": {"type": "Point", "coordinates": [-118.3778159, 34.0047365]}, "properties": {"kind": "petroleum_well"}}, {"type": "Feature", "geometry": {"type": "Point", "coordinates": [-118.37920790000001, 34.0045498]}, "properties": {"kind": "petroleum_well"}}, {"type": "Feature", "geometry": {"type": "Point", "coordinates": [-118.3790872, 34.0046231]}, "properties": {"kind": "petroleum_well"}}, {"type": "Feature", "geometry": {"type": "Point", "coordinates": [-118.3791006, 34.0061151]}, "properties": {"kind": "petroleum_well"}}, {"type": "Feature", "geometry": {"type": "Point", "coordinates": [-118.37847570000001, 34.007066800000004]}, "properties": {"kind": "petroleum_well"}}, {"type": "Feature", "geometry": {"type": "Point", "coordinates": [-118.3788002, 34.006962300000005]}, "properties": {"kind": "petroleum_well"}}, {"type": "Feature", "geometry": {"type": "Point", "coordinates": [-118.3788619, 34.0073091]}, "properties": {"kind": "petroleum_well"}}, {"type": "Feature", "geometry": {"type": "Point", "coordinates": [-118.37861790000001, 34.0073358]}, "properties": {"kind": "petroleum_well"}}, {"type": "Feature", "geometry": {"type": "Point", "coordinates": [-118.3777488, 34.0069645]}, "properties": {"kind": "petroleum_well"}}, {"type": "Feature", "geometry": {"type": "Point", "coordinates": [-118.3779339, 34.0066221]}, "properties": {"kind": "petroleum_well"}}, {"type": "Feature", "geometry": {"type": "Point", "coordinates": [-118.377317, 34.007733800000004]}, "properties": {"kind": "petroleum_well"}}, {"type": "Feature", "geometry": {"type": "Point", "coordinates": [-118.3782692, 34.0080606]}, "properties": {"kind": "petroleum_well"}}, {"type": "Feature", "geometry": {"type": "Point", "coordinates": [-118.37764150000001, 34.0084097]}, "properties": {"kind": "petroleum_well"}}, {"type": "Feature", "geometry": {"type": "Point", "coordinates": [-118.37710510000001, 34.008380800000005]}, "properties": {"kind": "petroleum_well"}}, {"type": "Feature", "geometry": {"type": "Point", "coordinates": [-118.3763809, 34.0085943]}, "properties": {"kind": "petroleum_well"}}, {"type": "Feature", "geometry": {"type": "Point", "coordinates": [-118.37724720000001, 34.0091368]}, "properties": {"kind": "petroleum_well"}}, {"type": "Feature", "geometry": {"type": "Point", "coordinates": [-118.3771614, 34.0090945]}, "properties": {"kind": "petroleum_well"}}, {"type": "Feature", "geometry": {"type": "Point", "coordinates": [-118.3837476, 34.0091368]}, "properties": {"kind": "petroleum_well"}}, {"type": "Feature", "geometry": {"type": "Point", "coordinates": [-118.3837972, 34.009132300000005]}, "properties": {"kind": "petroleum_well"}}, {"type": "Feature", "geometry": {"type": "Point", "coordinates": [-118.3838468, 34.009149]}, "properties": {"kind": "petroleum_well"}}, {"type": "Feature", "geometry": {"type": "Point", "coordinates": [-118.3633346, 33.999701200000004]}, "properties": {"kind": "petroleum_well"}}, {"type": "Feature", "geometry": {"type": "Point", "coordinates": [-118.3631254, 33.999830200000005]}, "properties": {"kind": "petroleum_well"}}, {"type": "Feature", "geometry": {"type": "Point", "coordinates": [-118.36448530000001, 34.000953100000004]}, "properties": {"kind": "petroleum_well"}}, {"type": "Feature", "geometry": {"type": "Point", "coordinates": [-118.36495740000001, 34.0003972]}, "properties": {"kind": "petroleum_well"}}, {"type": "Feature", "geometry": {"type": "Point", "coordinates": [-118.3650003, 34.0010287]}, "properties": {"kind": "petroleum_well"}}, {"type": "Feature", "geometry": {"type": "Point", "coordinates": [-118.3665452, 34.004350800000005]}, "properties": {"kind": "petroleum_well"}}, {"type": "Feature", "geometry": {"type": "Point", "coordinates": [-118.36667670000001, 34.0049756]}, "properties": {"kind": "petroleum_well"}}, {"type": "Feature", "geometry": {"type": "Point", "coordinates": [-118.3668215, 34.0048866]}, "properties": {"kind": "petroleum_well"}}, {"type": "Feature", "geometry": {"type": "Point", "coordinates": [-118.37119080000001, 34.0061674]}, "properties": {"kind": "petroleum_well"}}, {"type": "Feature", "geometry": {"type": "Point", "coordinates": [-118.3714939, 34.006300800000005]}, "properties": {"kind": "petroleum_well"}}, {"type": "Feature", "geometry": {"type": "Point", "coordinates": [-118.37221810000001, 34.0066343]}, "properties": {"kind": "petroleum_well"}}, {"type": "Feature", "geometry": {"type": "Point", "coordinates": [-118.37229860000001, 34.0061429]}, "properties": {"kind": "petroleum_well"}}, {"type": "Feature", "geometry": {"type": "Point", "coordinates": [-118.3723576, 34.0070768]}, "properties": {"kind": "petroleum_well"}}, {"type": "Feature", "geometry": {"type": "Point", "coordinates": [-118.3722664, 34.0099917]}, "properties": {"kind": "petroleum_well"}}, {"type": "Feature", "geometry": {"type": "Point", "coordinates": [-118.42019180000001, 34.0315102]}, "properties": {"kind": "mast"}}, {"type": "Feature", "geometry": {"type": "Point", "coordinates": [-118.41814520000001, 33.9725527]}, "properties": {"kind": "geoglyph"}}, {"type": "Feature", "geometry": {"type": "Point", "coordinates": [-118.4063007, 34.0314439]}, "properties": {"kind": "surveillance"}}, {"type": "Feature", "geometry": {"type": "Point", "coordinates": [-118.3491511, 33.8605387]}, "properties": {"kind": "tower"}}, {"type": "Feature", "geometry": {"type": "Point", "coordinates": [-118.32701220000001, 33.962175300000006]}, "properties": {"kind": "mast"}}, {"type": "Feature", "geometry": {"type": "Point", "coordinates": [-118.4037091, 34.018112]}, "properties": {"kind": "surveillance"}}, {"type": "Feature", "geometry": {"type": "Point", "coordinates": [-118.3519337, 33.939053200000004]}, "properties": {"kind": "mast"}}, {"type": "Feature", "geometry": {"type": "Point", "coordinates": [-118.446751, 34.0154647]}, "properties": {"kind": "flagpole"}}, {"type": "Feature", "geometry": {"type": "Point", "coordinates": [-118.3688147, 33.9990356]}, "properties": {"kind": "petroleum_well"}}, {"type": "Feature", "geometry": {"type": "Point", "coordinates": [-118.36872620000001, 33.9988376]}, "properties": {"kind": "petroleum_well"}}, {"type": "Feature", "geometry": {"type": "Point", "coordinates": [-118.36852630000001, 33.9986653]}, "properties": {"kind": "petroleum_well"}}, {"type": "Feature", "geometry": {"type": "Point", "coordinates": [-118.36833460000001, 33.998603100000004]}, "properties": {"kind": "petroleum_well"}}, {"type": "Feature", "geometry": {"type": "Point", "coordinates": [-118.3680865, 33.9990122]}, "properties": {"kind": "petroleum_well"}}, {"type": "Feature", "geometry": {"type": "Point", "coordinates": [-118.36815890000001, 33.9996904]}, "properties": {"kind": "petroleum_well"}}, {"type": "Feature", "geometry": {"type": "Point", "coordinates": [-118.3701839, 34.000178500000004]}, "properties": {"kind": "petroleum_well"}}, {"type": "Feature", "geometry": {"type": "Point", "coordinates": [-118.3700297, 34.0000129]}, "properties": {"kind": "petroleum_well"}}, {"type": "Feature", "geometry": {"type": "Point", "coordinates": [-118.36960320000001, 33.9986375]}, "properties": {"kind": "petroleum_well"}}, {"type": "Feature", "geometry": {"type": "Point", "coordinates": [-118.3708773, 34.0010702]}, "properties": {"kind": "petroleum_well"}}, {"type": "Feature", "geometry": {"type": "Point", "coordinates": [-118.37066940000001, 34.002117500000004]}, "properties": {"kind": "petroleum_well"}}, {"type": "Feature", "geometry": {"type": "Point", "coordinates": [-118.371407, 34.002493300000005]}, "properties": {"kind": "petroleum_well"}}, {"type": "Feature", "geometry": {"type": "Point", "coordinates": [-118.3715841, 34.002623400000004]}, "properties": {"kind": "petroleum_well"}}, {"type": "Feature", "geometry": {"type": "Point", "coordinates": [-118.37185360000001, 34.0033705]}, "properties": {"kind": "petroleum_well"}}, {"type": "Feature", "geometry": {"type": "Point", "coordinates": [-118.3717544, 34.0032349]}, "properties": {"kind": "petroleum_well"}}, {"type": "Feature", "geometry": {"type": "Point", "coordinates": [-118.3715894, 34.003142600000004]}, "properties": {"kind": "petroleum_well"}}, {"type": "Feature", "geometry": {"type": "Point", "coordinates": [-118.3723109, 34.0038252]}, "properties": {"kind": "petroleum_well"}}, {"type": "Feature", "geometry": {"type": "Point", "coordinates": [-118.3720789, 34.004406700000004]}, "properties": {"kind": "petroleum_well"}}, {"type": "Feature", "geometry": {"type": "Point", "coordinates": [-118.37201590000001, 34.0043455]}, "properties": {"kind": "petroleum_well"}}, {"type": "Feature", "geometry": {"type": "Point", "coordinates": [-118.3725201, 34.004907]}, "properties": {"kind": "petroleum_well"}}, {"type": "Feature", "geometry": {"type": "Point", "coordinates": [-118.3724705, 34.0051738]}, "properties": {"kind": "petroleum_well"}}, {"type": "Feature", "geometry": {"type": "Point", "coordinates": [-118.37209100000001, 34.005157100000005]}, "properties": {"kind": "petroleum_well"}}, {"type": "Feature", "geometry": {"type": "Point", "coordinates": [-118.3727642, 34.006375600000005]}, "properties": {"kind": "petroleum_well"}}, {"type": "Feature", "geometry": {"type": "Point", "coordinates": [-118.37147680000001, 34.007235]}, "properties": {"kind": "petroleum_well"}}, {"type": "Feature", "geometry": {"type": "Point", "coordinates": [-118.3705407, 34.006376700000004]}, "properties": {"kind": "petroleum_well"}}, {"type": "Feature", "geometry": {"type": "Point", "coordinates": [-118.37060910000001, 34.006595700000005]}, "properties": {"kind": "petroleum_well"}}, {"type": "Feature", "geometry": {"type": "Point", "coordinates": [-118.37049780000001, 34.005176]}, "properties": {"kind": "petroleum_well"}}, {"type": "Feature", "geometry": {"type": "Point", "coordinates": [-118.3701008, 34.004165400000005]}, "properties": {"kind": "petroleum_well"}}, {"type": "Feature", "geometry": {"type": "Point", "coordinates": [-118.370703, 34.0035551]}, "properties": {"kind": "petroleum_well"}}, {"type": "Feature", "geometry": {"type": "Point", "coordinates": [-118.3706681, 34.003455]}, "properties": {"kind": "petroleum_well"}}, {"type": "Feature", "geometry": {"type": "Point", "coordinates": [-118.37029790000001, 34.0034506]}, "properties": {"kind": "petroleum_well"}}, {"type": "Feature", "geometry": {"type": "Point", "coordinates": [-118.3701585, 34.002726800000005]}, "properties": {"kind": "petroleum_well"}}, {"type": "Feature", "geometry": {"type": "Point", "coordinates": [-118.36994790000001, 34.0028969]}, "properties": {"kind": "petroleum_well"}}, {"type": "Feature", "geometry": {"type": "Point", "coordinates": [-118.37007000000001, 34.0026267]}, "properties": {"kind": "petroleum_well"}}, {"type": "Feature", "geometry": {"type": "Point", "coordinates": [-118.36988090000001, 34.0026067]}, "properties": {"kind": "petroleum_well"}}, {"type": "Feature", "geometry": {"type": "Point", "coordinates": [-118.37006590000001, 34.0018651]}, "properties": {"kind": "petroleum_well"}}, {"type": "Feature", "geometry": {"type": "Point", "coordinates": [-118.3703663, 34.0014738]}, "properties": {"kind": "petroleum_well"}}, {"type": "Feature", "geometry": {"type": "Point", "coordinates": [-118.3666314, 33.998906600000005]}, "properties": {"kind": "petroleum_well"}}, {"type": "Feature", "geometry": {"type": "Point", "coordinates": [-118.36636850000001, 33.998871]}, "properties": {"kind": "petroleum_well"}}, {"type": "Feature", "geometry": {"type": "Point", "coordinates": [-118.36385530000001, 33.999100000000006]}, "properties": {"kind": "petroleum_well"}}, {"type": "Feature", "geometry": {"type": "Point", "coordinates": [-118.3638231, 33.99898]}, "properties": {"kind": "petroleum_well"}}, {"type": "Feature", "geometry": {"type": "Point", "coordinates": [-118.36206890000001, 33.998179400000005]}, "properties": {"kind": "petroleum_well"}}, {"type": "Feature", "geometry": {"type": "Point", "coordinates": [-118.3613179, 33.9983729]}, "properties": {"kind": "petroleum_well"}}, {"type": "Feature", "geometry": {"type": "Point", "coordinates": [-118.3600559, 33.9982284]}, "properties": {"kind": "petroleum_well"}}, {"type": "Feature", "geometry": {"type": "Point", "coordinates": [-118.36007740000001, 33.998101600000005]}, "properties": {"kind": "petroleum_well"}}, {"type": "Feature", "geometry": {"type": "Point", "coordinates": [-118.3594243, 33.997692400000005]}, "properties": {"kind": "petroleum_well"}}, {"type": "Feature", "geometry": {"type": "Point", "coordinates": [-118.359384, 33.997708]}, "properties": {"kind": "petroleum_well"}}, {"type": "Feature", "geometry": {"type": "Point", "coordinates": [-118.35973410000001, 33.997525700000004]}, "properties": {"kind": "petroleum_well"}}, {"type": "Feature", "geometry": {"type": "Point", "coordinates": [-118.35959190000001, 33.9973778]}, "properties": {"kind": "petroleum_well"}}, {"type": "Feature", "geometry": {"type": "Point", "coordinates": [-118.35938540000001, 33.99739]}, "properties": {"kind": "petroleum_well"}}, {"type": "Feature", "geometry": {"type": "Point", "coordinates": [-118.3625624, 34.000657700000005]}, "properties": {"kind": "petroleum_well"}}, {"type": "Feature", "geometry": {"type": "Point", "coordinates": [-118.361849, 34.0002286]}, "properties": {"kind": "petroleum_well"}}, {"type": "Feature", "geometry": {"type": "Point", "coordinates": [-118.36265230000001, 34.0030859]}, "properties": {"kind": "mast"}}, {"type": "Feature", "geometry": {"type": "Point", "coordinates": [-118.36529030000001, 34.0043589]}, "properties": {"kind": "petroleum_well"}}, {"type": "Feature", "geometry": {"type": "Point", "coordinates": [-118.366217, 34.0043255]}, "properties": {"kind": "petroleum_well"}}, {"type": "Feature", "geometry": {"type": "Point", "coordinates": [-118.3684097, 34.005186]}, "properties": {"kind": "petroleum_well"}}, {"type": "Feature", "geometry": {"type": "Point", "coordinates": [-118.38484310000001, 33.955148900000005]}, "properties": {"kind": "flagpole"}}, {"type": "Feature", "geometry": {"type": "Point", "coordinates": [-118.45246660000001, 34.0054977]}, "properties": {"kind": "flagpole"}}, {"type": "Feature", "geometry": {"type": "Point", "coordinates": [-118.48153070000001, 34.0056312]}, "properties": {"kind": "water_tap"}}, {"type": "Feature", "geometry": {"type": "Point", "coordinates": [-118.2991212, 33.8364317]}, "properties": {"kind": "utility_pole"}}, {"type": "Feature", "geometry": {"type": "Point", "coordinates": [-118.2991219, 33.8366208]}, "properties": {"kind": "utility_pole"}}, {"type": "Feature", "geometry": {"type": "Point", "coordinates": [-118.2991212, 33.8369154]}, "properties": {"kind": "utility_pole"}}, {"type": "Feature", "geometry": {"type": "Point", "coordinates": [-118.29911650000001, 33.8358997]}, "properties": {"kind": "utility_pole"}}, {"type": "Feature", "geometry": {"type": "Point", "coordinates": [-118.29911740000001, 33.8360269]}, "properties": {"kind": "utility_pole"}}, {"type": "Feature", "geometry": {"type": "Point", "coordinates": [-118.2991147, 33.8357502]}, "properties": {"kind": "utility_pole"}}, {"type": "Feature", "geometry": {"type": "Point", "coordinates": [-118.29962520000001, 33.8357072]}, "properties": {"kind": "utility_pole"}}, {"type": "Feature", "geometry": {"type": "Point", "coordinates": [-118.29967420000001, 33.8363955]}, "properties": {"kind": "utility_pole"}}, {"type": "Feature", "geometry": {"type": "Point", "coordinates": [-118.29963230000001, 33.836359200000004]}, "properties": {"kind": "utility_pole"}}, {"type": "Feature", "geometry": {"type": "Point", "coordinates": [-118.3000092, 33.8364088]}, "properties": {"kind": "utility_pole"}}, {"type": "Feature", "geometry": {"type": "Point", "coordinates": [-118.3011122, 33.8364081]}, "properties": {"kind": "utility_pole"}}, {"type": "Feature", "geometry": {"type": "Point", "coordinates": [-118.30153990000001, 33.8364007]}, "properties": {"kind": "utility_pole"}}, {"type": "Feature", "geometry": {"type": "Point", "coordinates": [-118.30201740000001, 33.836391]}, "properties": {"kind": "utility_pole"}}, {"type": "Feature", "geometry": {"type": "Point", "coordinates": [-118.30235950000001, 33.836387300000005]}, "properties": {"kind": "utility_pole"}}, {"type": "Feature", "geometry": {"type": "Point", "coordinates": [-118.3029556, 33.8363955]}, "properties": {"kind": "utility_pole"}}, {"type": "Feature", "geometry": {"type": "Point", "coordinates": [-118.30335470000001, 33.8363999]}, "properties": {"kind": "utility_pole"}}, {"type": "Feature", "geometry": {"type": "Point", "coordinates": [-118.3042671, 33.836325900000006]}, "properties": {"kind": "utility_pole"}}, {"type": "Feature", "geometry": {"type": "Point", "coordinates": [-118.3004557, 33.8364137]}, "properties": {"kind": "utility_pole"}}, {"type": "Feature", "geometry": {"type": "Point", "coordinates": [-118.2991161, 33.8375178]}, "properties": {"kind": "utility_pole"}}, {"type": "Feature", "geometry": {"type": "Point", "coordinates": [-118.29911010000001, 33.8380785]}, "properties": {"kind": "utility_pole"}}, {"type": "Feature", "geometry": {"type": "Point", "coordinates": [-118.2991293, 33.838704400000005]}, "properties": {"kind": "utility_pole"}}, {"type": "Feature", "geometry": {"type": "Point", "coordinates": [-118.29911890000001, 33.8392106]}, "properties": {"kind": "utility_pole"}}, {"type": "Feature", "geometry": {"type": "Point", "coordinates": [-118.43841520000001, 34.0226564]}, "properties": {"kind": "flagpole"}}, {"type": "Feature", "geometry": {"type": "Point", "coordinates": [-118.43860090000001, 34.0229009]}, "properties": {"kind": "flagpole"}}, {"type": "Feature", "geometry": {"type": "Point", "coordinates": [-118.43188, 34.0258575]}, "properties": {"kind": "flagpole"}}, {"type": "Feature", "geometry": {"type": "Point", "coordinates": [-118.33051800000001, 33.991009500000004]}, "properties": {"kind": "flagpole"}}, {"type": "Feature", "geometry": {"type": "Point", "coordinates": [-118.392373, 33.8633071]}, "properties": {"kind": "windpump"}}, {"type": "Feature", "geometry": {"type": "Point", "coordinates": [-118.37240600000001, 34.0143476]}, "properties": {"kind": "ceremonial_gate"}}, {"type": "Feature", "geometry": {"type": "Point", "coordinates": [-118.394817, 33.8722914]}, "properties": {"kind": "charge_point"}}, {"type": "Feature", "geometry": {"type": "Point", "coordinates": [-118.39485800000001, 33.872271000000005]}, "properties": {"kind": "charge_point"}}, {"type": "Feature", "geometry": {"type": "Point", "coordinates": [-118.3871663, 33.8589606]}, "properties": {"kind": "drinking_fountain"}}, {"type": "Feature", "geometry": {"type": "Point", "coordinates": [-118.38426190000001, 33.911857000000005]}, "properties": {"kind": "petroleum_well"}}, {"type": "Feature", "geometry": {"type": "Point", "coordinates": [-118.36270780000001, 34.0511007]}, "properties": {"kind": "petroleum_well"}}, {"type": "Feature", "geometry": {"type": "Point", "coordinates": [-118.36376030000001, 34.0004098]}, "properties": {"kind": "petroleum_well"}}, {"type": "Feature", "geometry": {"type": "Point", "coordinates": [-118.36399630000001, 34.0015705]}, "properties": {"kind": "petroleum_well"}}, {"type": "Feature", "geometry": {"type": "Point", "coordinates": [-118.3649726, 34.0017573]}, "properties": {"kind": "petroleum_well"}}, {"type": "Feature", "geometry": {"type": "Point", "coordinates": [-118.3652569, 34.002033000000004]}, "properties": {"kind": "petroleum_well"}}, {"type": "Feature", "geometry": {"type": "Point", "coordinates": [-118.36502630000001, 34.0029714]}, "properties": {"kind": "petroleum_well"}}, {"type": "Feature", "geometry": {"type": "Point", "coordinates": [-118.3655198, 34.002597800000004]}, "properties": {"kind": "petroleum_well"}}, {"type": "Feature", "geometry": {"type": "Point", "coordinates": [-118.3678909, 34.003425]}, "properties": {"kind": "petroleum_well"}}, {"type": "Feature", "geometry": {"type": "Point", "coordinates": [-118.36874920000001, 34.0035629]}, "properties": {"kind": "petroleum_well"}}, {"type": "Feature", "geometry": {"type": "Point", "coordinates": [-118.38405080000001, 33.8552246]}, "properties": {"kind": "mast"}}, {"type": "Feature", "geometry": {"type": "Point", "coordinates": [-118.38316060000001, 34.015875]}, "properties": {"kind": "mast"}}, {"type": "Feature", "geometry": {"type": "Point", "coordinates": [-118.38432560000001, 33.9459463]}, "properties": {"kind": "flagpole"}}, {"type": "Feature", "geometry": {"type": "Point", "coordinates": [-118.38443570000001, 33.9459405]}, "properties": {"kind": "flagpole"}}, {"type": "Feature", "geometry": {"type": "Point", "coordinates": [-118.3843849, 33.9459384]}, "properties": {"kind": "flagpole"}}, {"type": "Feature", "geometry": {"type": "Point", "coordinates": [-118.43299, 33.9542479]}, "properties": {"kind": "tower"}}, {"type": "Feature", "geometry": {"type": "Point", "coordinates": [-118.43323140000001, 33.954609500000004]}, "properties": {"kind": "tower"}}, {"type": "Feature", "geometry": {"type": "Point", "coordinates": [-118.43346880000001, 33.954961000000004]}, "properties": {"kind": "tower"}}, {"type": "Feature", "geometry": {"type": "Point", "coordinates": [-118.4343281, 33.954556100000005]}, "properties": {"kind": "tower"}}, {"type": "Feature", "geometry": {"type": "Point", "coordinates": [-118.43409270000001, 33.954219]}, "properties": {"kind": "tower"}}, {"type": "Feature", "geometry": {"type": "Point", "coordinates": [-118.4338477, 33.9538597]}, "properties": {"kind": "tower"}}, {"type": "Feature", "geometry": {"type": "Point", "coordinates": [-118.3655944, 33.8599705]}, "properties": {"kind": "water_tap"}}, {"type": "Feature", "geometry": {"type": "Point", "coordinates": [-118.3489818, 33.8617031]}, "properties": {"kind": "water_tap"}}, {"type": "Feature", "geometry": {"type": "Point", "coordinates": [-118.4477406, 34.031026600000004]}, "properties": {"kind": "tower"}}, {"type": "Feature", "geometry": {"type": "Point", "coordinates": [-118.3597002, 33.8611427]}, "properties": {"kind": "water_tap"}}, {"type": "Feature", "geometry": {"type": "Point", "coordinates": [-118.3093934, 33.9850006]}, "properties": {"kind": "mast"}}, {"type": "Feature", "geometry": {"type": "Point", "coordinates": [-118.309205, 33.9849978]}, "properties": {"kind": "mast"}}, {"type": "Feature", "geometry": {"type": "Point", "coordinates": [-118.2909365, 33.981343700000004]}, "properties": {"kind": "mast"}}, {"type": "Feature", "geometry": {"type": "Point", "coordinates": [-118.36557930000001, 34.0265657]}, "properties": {"kind": "works"}}, {"type": "Feature", "geometry": {"type": "Point", "coordinates": [-118.3877097, 34.0136728]}, "properties": {"kind": "petroleum_well"}}, {"type": "Feature", "geometry": {"type": "Point", "coordinates": [-118.3851496, 34.0118419]}, "properties": {"kind": "petroleum_well"}}, {"type": "Feature", "geometry": {"type": "Point", "coordinates": [-118.3843932, 34.0096541]}, "properties": {"kind": "petroleum_well"}}, {"type": "Feature", "geometry": {"type": "Point", "coordinates": [-118.38189670000001, 34.013443800000005]}, "properties": {"kind": "petroleum_well"}}, {"type": "Feature", "geometry": {"type": "Point", "coordinates": [-118.3775207, 34.010076600000005]}, "properties": {"kind": "petroleum_well"}}, {"type": "Feature", "geometry": {"type": "Point", "coordinates": [-118.3768622, 34.0099165]}, "properties": {"kind": "petroleum_well"}}, {"type": "Feature", "geometry": {"type": "Point", "coordinates": [-118.37735040000001, 34.006862600000005]}, "properties": {"kind": "petroleum_well"}}, {"type": "Feature", "geometry": {"type": "Point", "coordinates": [-118.3779425, 34.006118300000004]}, "properties": {"kind": "petroleum_well"}}, {"type": "Feature", "geometry": {"type": "Point", "coordinates": [-118.37811280000001, 34.004404]}, "properties": {"kind": "petroleum_well"}}, {"type": "Feature", "geometry": {"type": "Point", "coordinates": [-118.37634790000001, 34.004315000000005]}, "properties": {"kind": "petroleum_well"}}, {"type": "Feature", "geometry": {"type": "Point", "coordinates": [-118.3748056, 34.00518]}, "properties": {"kind": "petroleum_well"}}, {"type": "Feature", "geometry": {"type": "Point", "coordinates": [-118.37365500000001, 34.0058426]}, "properties": {"kind": "petroleum_well"}}, {"type": "Feature", "geometry": {"type": "Point", "coordinates": [-118.37387090000001, 34.0056558]}, "properties": {"kind": "petroleum_well"}}, {"type": "Feature", "geometry": {"type": "Point", "coordinates": [-118.3738548, 34.005754800000005]}, "properties": {"kind": "petroleum_well"}}, {"type": "Feature", "geometry": {"type": "Point", "coordinates": [-118.3741646, 34.0075669]}, "properties": {"kind": "petroleum_well"}}, {"type": "Feature", "geometry": {"type": "Point", "coordinates": [-118.37959740000001, 34.0071433]}, "properties": {"kind": "petroleum_well"}}, {"type": "Feature", "geometry": {"type": "Point", "coordinates": [-118.38055360000001, 34.008006]}, "properties": {"kind": "petroleum_well"}}, {"type": "Feature", "geometry": {"type": "Point", "coordinates": [-118.38207980000001, 34.007856000000004]}, "properties": {"kind": "petroleum_well"}}, {"type": "Feature", "geometry": {"type": "Point", "coordinates": [-118.38202480000001, 34.0072489]}, "properties": {"kind": "petroleum_well"}}, {"type": "Feature", "geometry": {"type": "Point", "coordinates": [-118.38175120000001, 34.010179400000006]}, "properties": {"kind": "petroleum_well"}}, {"type": "Feature", "geometry": {"type": "Point", "coordinates": [-118.38075070000001, 34.0104507]}, "properties": {"kind": "petroleum_well"}}, {"type": "Feature", "geometry": {"type": "Point", "coordinates": [-118.38149370000001, 34.0104373]}, "properties": {"kind": "petroleum_well"}}, {"type": "Feature", "geometry": {"type": "Point", "coordinates": [-118.3828026, 34.0123405]}, "properties": {"kind": "petroleum_well"}}, {"type": "Feature", "geometry": {"type": "Point", "coordinates": [-118.38334180000001, 34.0129631]}, "properties": {"kind": "petroleum_well"}}, {"type": "Feature", "geometry": {"type": "Point", "coordinates": [-118.3813985, 34.006020500000005]}, "properties": {"kind": "petroleum_well"}}, {"type": "Feature", "geometry": {"type": "Point", "coordinates": [-118.38120470000001, 34.0048303]}, "properties": {"kind": "petroleum_well"}}, {"type": "Feature", "geometry": {"type": "Point", "coordinates": [-118.37609110000001, 34.002598500000005]}, "properties": {"kind": "petroleum_well"}}, {"type": "Feature", "geometry": {"type": "Point", "coordinates": [-118.37431280000001, 33.9999084]}, "properties": {"kind": "petroleum_well"}}, {"type": "Feature", "geometry": {"type": "Point", "coordinates": [-118.3727786, 34.0004932]}, "properties": {"kind": "petroleum_well"}}, {"type": "Feature", "geometry": {"type": "Point", "coordinates": [-118.36819870000001, 34.0007745]}, "properties": {"kind": "petroleum_well"}}, {"type": "Feature", "geometry": {"type": "Point", "coordinates": [-118.36506720000001, 33.999178]}, "properties": {"kind": "petroleum_well"}}, {"type": "Feature", "geometry": {"type": "Point", "coordinates": [-118.36269480000001, 34.0007912]}, "properties": {"kind": "petroleum_well"}}, {"type": "Feature", "geometry": {"type": "Point", "coordinates": [-118.36399030000001, 34.0044568]}, "properties": {"kind": "petroleum_well"}}, {"type": "Feature", "geometry": {"type": "Point", "coordinates": [-118.3629939, 34.0048693]}, "properties": {"kind": "mast"}}, {"type": "Feature", "geometry": {"type": "Point", "coordinates": [-118.37941430000001, 34.010005400000004]}, "properties": {"kind": "petroleum_well"}}, {"type": "Feature", "geometry": {"type": "Point", "coordinates": [-118.38251090000001, 34.0119976]}, "properties": {"kind": "petroleum_well"}}, {"type": "Feature", "geometry": {"type": "Point", "coordinates": [-118.34254840000001, 33.905081]}, "properties": {"kind": "mast"}}, {"type": "Feature", "geometry": {"type": "Point", "coordinates": [-118.3436374, 33.9044988]}, "properties": {"kind": "mast"}}, {"type": "Feature", "geometry": {"type": "Point", "coordinates": [-118.34225070000001, 33.904361900000005]}, "properties": {"kind": "mast"}}, {"type": "Feature", "geometry": {"type": "Point", "coordinates": [-118.394525, 33.9001424]}, "properties": {"kind": "charge_point"}}, {"type": "Feature", "geometry": {"type": "Point", "coordinates": [-118.394703, 33.8997461]}, "properties": {"kind": "charge_point"}}, {"type": "Feature", "geometry": {"type": "Point", "coordinates": [-118.44604810000001, 33.989052]}, "properties": {"kind": "mast"}}, {"type": "Feature", "geometry": {"type": "Point", "coordinates": [-118.330903, 33.9147005]}, "properties": {"kind": "mast"}}, {"type": "Feature", "geometry": {"type": "Point", "coordinates": [-118.3035686, 33.9046469]}, "properties": {"kind": "mast"}}, {"type": "Feature", "geometry": {"type": "Point", "coordinates": [-118.3814803, 33.8707614]}, "properties": {"kind": "mast"}}, {"type": "Feature", "geometry": {"type": "Point", "coordinates": [-118.304624, 33.9117298]}, "properties": {"kind": "mast"}}, {"type": "Feature", "geometry": {"type": "Point", "coordinates": [-118.3128417, 33.876154500000005]}, "properties": {"kind": "mast"}}, {"type": "Feature", "geometry": {"type": "Point", "coordinates": [-118.403338, 33.8737775]}, "properties": {"kind": "utility_pole"}}, {"type": "Feature", "geometry": {"type": "Point", "coordinates": [-118.4028081, 33.8666621]}, "properties": {"kind": "utility_pole"}}, {"type": "Feature", "geometry": {"type": "Point", "coordinates": [-118.3464862, 33.8450257]}, "properties": {"kind": "utility_pole"}}, {"type": "Feature", "geometry": {"type": "Point", "coordinates": [-118.40428790000001, 34.0265074]}, "properties": {"kind": "utility_pole"}}, {"type": "Feature", "geometry": {"type": "Point", "coordinates": [-118.347003, 33.841390000000004]}, "properties": {"kind": "utility_pole"}}, {"type": "Feature", "geometry": {"type": "Point", "coordinates": [-118.38372360000001, 33.8599812]}, "properties": {"kind": "utility_pole"}}, {"type": "Feature", "geometry": {"type": "Point", "coordinates": [-118.39368420000001, 33.8672205]}, "properties": {"kind": "utility_pole"}}, {"type": "Feature", "geometry": {"type": "Point", "coordinates": [-118.37768290000001, 33.8890122]}, "properties": {"kind": "charge_point"}}, {"type": "Feature", "geometry": {"type": "Point", "coordinates": [-118.3777766, 33.889011700000005]}, "properties": {"kind": "charge_point"}}, {"type": "Feature", "geometry": {"type": "Point", "coordinates": [-118.37792030000001, 33.8890108]}, "properties": {"kind": "charge_point"}}, {"type": "Feature", "geometry": {"type": "Point", "coordinates": [-118.44203660000001, 33.944583800000004]}, "properties": {"kind": "survey_point"}}, {"type": "Feature", "geometry": {"type": "Point", "coordinates": [-118.4667656, 34.072589300000004]}, "properties": {"kind": "survey_point"}}, {"type": "Feature", "geometry": {"type": "Point", "coordinates": [-118.40268850000001, 33.954478800000004]}, "properties": {"kind": "antenna"}}, {"type": "Feature", "geometry": {"type": "Point", "coordinates": [-118.4022882, 33.954478200000004]}, "properties": {"kind": "antenna"}}, {"type": "Feature", "geometry": {"type": "Point", "coordinates": [-118.40228080000001, 33.9541423]}, "properties": {"kind": "antenna"}}, {"type": "Feature", "geometry": {"type": "Point", "coordinates": [-118.40268990000001, 33.954143900000005]}, "properties": {"kind": "antenna"}}, {"type": "Feature", "geometry": {"type": "Point", "coordinates": [-118.341018, 33.843357000000005]}, "properties": {"kind": "mast"}}, {"type": "Feature", "geometry": {"type": "Point", "coordinates": [-118.34939440000001, 33.8562833]}, "properties": {"kind": "mast"}}, {"type": "Feature", "geometry": {"type": "Point", "coordinates": [-118.4021721, 34.013130100000005]}, "properties": {"kind": "flagpole"}}, {"type": "Feature", "geometry": {"type": "Point", "coordinates": [-118.455436, 33.986411000000004]}, "properties": {"kind": "street_cabinet"}}, {"type": "Feature", "geometry": {"type": "Point", "coordinates": [-118.33561250000001, 33.951024100000005]}, "properties": {"kind": "flagpole"}}, {"type": "Feature", "geometry": {"type": "Point", "coordinates": [-118.33560030000001, 33.9509835]}, "properties": {"kind": "flagpole"}}, {"type": "Feature", "geometry": {"type": "Point", "coordinates": [-118.3356234, 33.951065]}, "properties": {"kind": "flagpole"}}, {"type": "Feature", "geometry": {"type": "Point", "coordinates": [-118.33968940000001, 33.9510893]}, "properties": {"kind": "planter"}}, {"type": "Feature", "geometry": {"type": "Point", "coordinates": [-118.33967940000001, 33.9511678]}, "properties": {"kind": "planter"}}, {"type": "Feature", "geometry": {"type": "Point", "coordinates": [-118.33968, 33.9512877]}, "properties": {"kind": "planter"}}, {"type": "Feature", "geometry": {"type": "Point", "coordinates": [-118.33969, 33.951334800000005]}, "properties": {"kind": "planter"}}, {"type": "Feature", "geometry": {"type": "Point", "coordinates": [-118.3396754, 33.951437600000006]}, "properties": {"kind": "planter"}}, {"type": "Feature", "geometry": {"type": "Point", "coordinates": [-118.33977940000001, 33.951437600000006]}, "properties": {"kind": "planter"}}, {"type": "Feature", "geometry": {"type": "Point", "coordinates": [-118.339886, 33.9514377]}, "properties": {"kind": "planter"}}, {"type": "Feature", "geometry": {"type": "Point", "coordinates": [-118.33989340000001, 33.9509175]}, "properties": {"kind": "planter"}}, {"type": "Feature", "geometry": {"type": "Point", "coordinates": [-118.34008800000001, 33.9508126]}, "properties": {"kind": "planter"}}, {"type": "Feature", "geometry": {"type": "Point", "coordinates": [-118.3400898, 33.9505606]}, "properties": {"kind": "planter"}}, {"type": "Feature", "geometry": {"type": "Point", "coordinates": [-118.34009030000001, 33.950495700000005]}, "properties": {"kind": "planter"}}, {"type": "Feature", "geometry": {"type": "Point", "coordinates": [-118.3310627, 33.9234558]}, "properties": {"kind": "flagpole"}}, {"type": "Feature", "geometry": {"type": "Point", "coordinates": [-118.30742570000001, 34.061160300000004]}, "properties": {"kind": "flagpole"}}, {"type": "Feature", "geometry": {"type": "Point", "coordinates": [-118.30747930000001, 34.061163900000004]}, "properties": {"kind": "flagpole"}}, {"type": "Feature", "geometry": {"type": "Point", "coordinates": [-118.3075252, 34.0611596]}, "properties": {"kind": "flagpole"}}, {"type": "Feature", "geometry": {"type": "Point", "coordinates": [-118.3950135, 33.8990278]}, "properties": {"kind": "obelisk"}}, {"type": "Feature", "geometry": {"type": "Point", "coordinates": [-118.394917, 33.8995102]}, "properties": {"kind": "charge_point"}}, {"type": "Feature", "geometry": {"type": "Point", "coordinates": [-118.4031319, 34.0721767]}, "properties": {"kind": "surveillance"}}, {"type": "Feature", "geometry": {"type": "Point", "coordinates": [-118.34914760000001, 33.8611941]}, "properties": {"kind": "guy_wire_anchor"}}, {"type": "Feature", "geometry": {"type": "Point", "coordinates": [-118.3484576, 33.8602061]}, "properties": {"kind": "guy_wire_anchor"}}, {"type": "Feature", "geometry": {"type": "Point", "coordinates": [-118.34983330000001, 33.8602099]}, "properties": {"kind": "guy_wire_anchor"}}, {"type": "Feature", "geometry": {"type": "Point", "coordinates": [-118.34872150000001, 33.859241000000004]}, "properties": {"kind": "guy_wire_anchor"}}, {"type": "Feature", "geometry": {"type": "Point", "coordinates": [-118.3508197, 33.859273200000004]}, "properties": {"kind": "guy_wire_anchor"}}, {"type": "Feature", "geometry": {"type": "Point", "coordinates": [-118.3498038, 33.860801300000006]}, "properties": {"kind": "guy_wire_anchor"}}, {"type": "Feature", "geometry": {"type": "Point", "coordinates": [-118.35132680000001, 33.8324865]}, "properties": {"kind": "charge_point"}}, {"type": "Feature", "geometry": {"type": "Point", "coordinates": [-118.3513599, 33.832368200000005]}, "properties": {"kind": "charge_point"}}, {"type": "Feature", "geometry": {"type": "Point", "coordinates": [-118.3512788, 33.832233800000004]}, "properties": {"kind": "charge_point"}}, {"type": "Feature", "geometry": {"type": "Point", "coordinates": [-118.3798168, 33.846355]}, "properties": {"kind": "mast"}}, {"type": "Feature", "geometry": {"type": "Point", "coordinates": [-118.38073360000001, 33.8460258]}, "properties": {"kind": "mast"}}, {"type": "Feature", "geometry": {"type": "Point", "coordinates": [-118.38100800000001, 33.8468176]}, "properties": {"kind": "mast"}}, {"type": "Feature", "geometry": {"type": "Point", "coordinates": [-118.38008710000001, 33.8472397]}, "properties": {"kind": "mast"}}, {"type": "Feature", "geometry": {"type": "Point", "coordinates": [-118.3788353, 33.8471732]}, "properties": {"kind": "mast"}}, {"type": "Feature", "geometry": {"type": "Point", "coordinates": [-118.3817671, 33.8460448]}, "properties": {"kind": "mast"}}, {"type": "Feature", "geometry": {"type": "Point", "coordinates": [-118.38164320000001, 33.845514300000005]}, "properties": {"kind": "mast"}}, {"type": "Feature", "geometry": {"type": "Point", "coordinates": [-118.3827509, 33.8458713]}, "properties": {"kind": "mast"}}, {"type": "Feature", "geometry": {"type": "Point", "coordinates": [-118.44854590000001, 34.0572071]}, "properties": {"kind": "flagpole"}}, {"type": "Feature", "geometry": {"type": "Point", "coordinates": [-118.44850450000001, 34.057249]}, "properties": {"kind": "flagpole"}}, {"type": "Feature", "geometry": {"type": "Point", "coordinates": [-118.4484565, 34.0572855]}, "properties": {"kind": "flagpole"}}, {"type": "Feature", "geometry": {"type": "Point", "coordinates": [-118.44839510000001, 34.0573087]}, "properties": {"kind": "flagpole"}}, {"type": "Feature", "geometry": {"type": "Point", "coordinates": [-118.44832710000001, 34.057324200000004]}, "properties": {"kind": "flagpole"}}, {"type": "Feature", "geometry": {"type": "Point", "coordinates": [-118.4482631, 34.057334100000006]}, "properties": {"kind": "flagpole"}}, {"type": "Feature", "geometry": {"type": "Point", "coordinates": [-118.4482004, 34.057333]}, "properties": {"kind": "flagpole"}}, {"type": "Feature", "geometry": {"type": "Point", "coordinates": [-118.4481351, 34.0573175]}, "properties": {"kind": "flagpole"}}, {"type": "Feature", "geometry": {"type": "Point", "coordinates": [-118.44807370000001, 34.0572965]}, "properties": {"kind": "flagpole"}}, {"type": "Feature", "geometry": {"type": "Point", "coordinates": [-118.448019, 34.057267800000005]}, "properties": {"kind": "flagpole"}}, {"type": "Feature", "geometry": {"type": "Point", "coordinates": [-118.4479737, 34.0572302]}, "properties": {"kind": "flagpole"}}, {"type": "Feature", "geometry": {"type": "Point", "coordinates": [-118.44906590000001, 34.0569706]}, "properties": {"kind": "flagpole"}}, {"type": "Feature", "geometry": {"type": "Point", "coordinates": [-118.3763964, 34.0451908]}, "properties": {"kind": "flagpole"}}, {"type": "Feature", "geometry": {"type": "Point", "coordinates": [-118.4498183, 34.0459516]}, "properties": {"kind": "flagpole"}}, {"type": "Feature", "geometry": {"type": "Point", "coordinates": [-118.3525675, 34.0121594]}, "properties": {"kind": "flagpole"}}, {"type": "Feature", "geometry": {"type": "Point", "coordinates": [-118.3769388, 34.0141027]}, "properties": {"kind": "insect_hotel"}}, {"type": "Feature", "geometry": {"type": "Point", "coordinates": [-118.3765147, 34.014616000000004]}, "properties": {"kind": "flagpole"}}, {"type": "Feature", "geometry": {"type": "Point", "coordinates": [-118.4746934, 34.024295200000005]}, "properties": {"kind": "flagpole"}}, {"type": "Feature", "geometry": {"type": "Point", "coordinates": [-118.4746934, 34.024309800000005]}, "properties": {"kind": "flagpole"}}, {"type": "Feature", "geometry": {"type": "Point", "coordinates": [-118.47468810000001, 34.0242771]}, "properties": {"kind": "flagpole"}}, {"type": "Feature", "geometry": {"type": "Point", "coordinates": [-118.33976460000001, 33.8422141]}, "properties": {"kind": "works"}}, {"type": "Feature", "geometry": {"type": "Point", "coordinates": [-118.46166170000001, 34.056775800000004]}, "properties": {"kind": "flagpole"}}, {"type": "Feature", "geometry": {"type": "Point", "coordinates": [-118.4534232, 34.053038]}, "properties": {"kind": "flagpole"}}, {"type": "Feature", "geometry": {"type": "Point", "coordinates": [-118.34382790000001, 33.958247]}, "properties": {"kind": "surveillance"}}, {"type": "Feature", "geometry": {"type": "Point", "coordinates": [-118.348022, 33.9686693]}, "properties": {"kind": "surveillance"}}, {"type": "Feature", "geometry": {"type": "Point", "coordinates": [-118.37199100000001, 33.8542809]}, "properties": {"kind": "manhole"}}, {"type": "Feature", "geometry": {"type": "Point", "coordinates": [-118.36185230000001, 33.937110700000005]}, "properties": {"kind": "mast"}}, {"type": "Feature", "geometry": {"type": "Point", "coordinates": [-118.38046290000001, 34.012010000000004]}, "properties": {"kind": "petroleum_well"}}, {"type": "Feature", "geometry": {"type": "Point", "coordinates": [-118.3836816, 34.011042800000006]}, "properties": {"kind": "petroleum_well"}}, {"type": "Feature", "geometry": {"type": "Point", "coordinates": [-118.37392240000001, 34.0082158]}, "properties": {"kind": "petroleum_well"}}, {"type": "Feature", "geometry": {"type": "Point", "coordinates": [-118.3747103, 34.0079039]}, "properties": {"kind": "petroleum_well"}}, {"type": "Feature", "geometry": {"type": "Point", "coordinates": [-118.37406250000001, 34.005270200000005]}, "properties": {"kind": "petroleum_well"}}, {"type": "Feature", "geometry": {"type": "Point", "coordinates": [-118.37424560000001, 34.0018009]}, "properties": {"kind": "petroleum_well"}}, {"type": "Feature", "geometry": {"type": "Point", "coordinates": [-118.37352000000001, 34.0010482]}, "properties": {"kind": "petroleum_well"}}, {"type": "Feature", "geometry": {"type": "Point", "coordinates": [-118.35518760000001, 34.071749100000005]}, "properties": {"kind": "mast"}}, {"type": "Feature", "geometry": {"type": "Point", "coordinates": [-118.35565840000001, 34.071748]}, "properties": {"kind": "mast"}}, {"type": "Feature", "geometry": {"type": "Point", "coordinates": [-118.35497690000001, 34.0719483]}, "properties": {"kind": "mast"}}, {"type": "Feature", "geometry": {"type": "Point", "coordinates": [-118.3553784, 34.072546100000004]}, "properties": {"kind": "mast"}}, {"type": "Feature", "geometry": {"type": "Point", "coordinates": [-118.35587220000001, 34.0721495]}, "properties": {"kind": "mast"}}, {"type": "Feature", "geometry": {"type": "Point", "coordinates": [-118.3551482, 34.0711826]}, "properties": {"kind": "mast"}}, {"type": "Feature", "geometry": {"type": "Point", "coordinates": [-118.3545636, 34.073070300000005]}, "properties": {"kind": "mast"}}, {"type": "Feature", "geometry": {"type": "Point", "coordinates": [-118.3540478, 34.0727302]}, "properties": {"kind": "mast"}}, {"type": "Feature", "geometry": {"type": "Point", "coordinates": [-118.35380420000001, 34.073075100000004]}, "properties": {"kind": "mast"}}, {"type": "Feature", "geometry": {"type": "Point", "coordinates": [-118.3543738, 34.072727400000005]}, "properties": {"kind": "mast"}}, {"type": "Feature", "geometry": {"type": "Point", "coordinates": [-118.3545455, 34.0728596]}, "properties": {"kind": "mast"}}, {"type": "Feature", "geometry": {"type": "Point", "coordinates": [-118.35430880000001, 34.073441100000004]}, "properties": {"kind": "mast"}}, {"type": "Feature", "geometry": {"type": "Point", "coordinates": [-118.35382740000001, 34.073465500000005]}, "properties": {"kind": "mast"}}, {"type": "Feature", "geometry": {"type": "Point", "coordinates": [-118.34655260000001, 34.0280069]}, "properties": {"kind": "mast"}}, {"type": "Feature", "geometry": {"type": "Point", "coordinates": [-118.4550013, 34.054124300000005]}, "properties": {"kind": "flagpole"}}, {"type": "Feature", "geometry": {"type": "Point", "coordinates": [-118.45545840000001, 34.054877600000005]}, "properties": {"kind": "flagpole"}}, {"type": "Feature", "geometry": {"type": "Point", "coordinates": [-118.4551541, 34.0549869]}, "properties": {"kind": "flagpole"}}, {"type": "Feature", "geometry": {"type": "Point", "coordinates": [-118.3446445, 33.83019]}, "properties": {"kind": "mast"}}, {"type": "Feature", "geometry": {"type": "Point", "coordinates": [-118.44519260000001, 34.0643803]}, "properties": {"kind": "monitoring_station"}}, {"type": "Feature", "geometry": {"type": "Point", "coordinates": [-118.3594207, 34.0398123]}, "properties": {"kind": "mast"}}, {"type": "Feature", "geometry": {"type": "Point", "coordinates": [-118.47509380000001, 34.0779565]}, "properties": {"kind": "planter"}}, {"type": "Feature", "geometry": {"type": "Point", "coordinates": [-118.4750654, 34.0779446]}, "properties": {"kind": "planter"}}, {"type": "Feature", "geometry": {"type": "Point", "coordinates": [-118.4750874, 34.0779361]}, "properties": {"kind": "planter"}}, {"type": "Feature", "geometry": {"type": "Point", "coordinates": [-118.4750862, 34.0778604]}, "properties": {"kind": "planter"}}, {"type": "Feature", "geometry": {"type": "Point", "coordinates": [-118.4750661, 34.077870100000005]}, "properties": {"kind": "planter"}}, {"type": "Feature", "geometry": {"type": "Point", "coordinates": [-118.47505860000001, 34.077846900000004]}, "properties": {"kind": "planter"}}, {"type": "Feature", "geometry": {"type": "Point", "coordinates": [-118.47496980000001, 34.077818900000004]}, "properties": {"kind": "planter"}}, {"type": "Feature", "geometry": {"type": "Point", "coordinates": [-118.474952, 34.077831200000006]}, "properties": {"kind": "planter"}}, {"type": "Feature", "geometry": {"type": "Point", "coordinates": [-118.47494970000001, 34.077806]}, "properties": {"kind": "planter"}}, {"type": "Feature", "geometry": {"type": "Point", "coordinates": [-118.47066140000001, 34.0182178]}, "properties": {"kind": "flagpole"}}, {"type": "Feature", "geometry": {"type": "Point", "coordinates": [-118.4706441, 34.0182347]}, "properties": {"kind": "flagpole"}}, {"type": "Feature", "geometry": {"type": "Point", "coordinates": [-118.34144300000001, 33.9735504]}, "properties": {"kind": "mast"}}, {"type": "Feature", "geometry": {"type": "Point", "coordinates": [-118.34083240000001, 33.973829200000004]}, "properties": {"kind": "mast"}}, {"type": "Feature", "geometry": {"type": "Point", "coordinates": [-118.34053920000001, 33.973371400000005]}, "properties": {"kind": "mast"}}, {"type": "Feature", "geometry": {"type": "Point", "coordinates": [-118.34115460000001, 33.973100200000005]}, "properties": {"kind": "mast"}}, {"type": "Feature", "geometry": {"type": "Point", "coordinates": [-118.34174340000001, 33.9740194]}, "properties": {"kind": "mast"}}, {"type": "Feature", "geometry": {"type": "Point", "coordinates": [-118.34112800000001, 33.9742905]}, "properties": {"kind": "mast"}}, {"type": "Feature", "geometry": {"type": "Point", "coordinates": [-118.32992610000001, 33.9532188]}, "properties": {"kind": "flagpole"}}, {"type": "Feature", "geometry": {"type": "Point", "coordinates": [-118.3703452, 34.0114992]}, "properties": {"kind": "flagpole"}}, {"type": "Feature", "geometry": {"type": "Point", "coordinates": [-118.4314679, 34.0359105]}, "properties": {"kind": "street_cabinet"}}, {"type": "Feature", "geometry": {"type": "Point", "coordinates": [-118.43482780000001, 34.0369935]}, "properties": {"kind": "street_cabinet"}}, {"type": "Feature", "geometry": {"type": "Point", "coordinates": [-118.43741650000001, 33.9783367]}, "properties": {"kind": "small_craft_facility"}}, {"type": "Feature", "geometry": {"type": "Point", "coordinates": [-118.31097070000001, 33.946623]}, "properties": {"kind": "mast"}}, {"type": "Feature", "geometry": {"type": "Point", "coordinates": [-118.3582648, 33.888008400000004]}, "properties": {"kind": "mast"}}, {"type": "Feature", "geometry": {"type": "Point", "coordinates": [-118.3430088, 33.9302434]}, "properties": {"kind": "mast"}}, {"type": "Feature", "geometry": {"type": "Point", "coordinates": [-118.33985270000001, 33.9306027]}, "properties": {"kind": "mast"}}, {"type": "Feature", "geometry": {"type": "Point", "coordinates": [-118.35917540000001, 33.8430605]}, "properties": {"kind": "cross"}}, {"type": "Feature", "geometry": {"type": "Point", "coordinates": [-118.32660290000001, 33.9090916]}, "properties": {"kind": "surveillance"}}, {"type": "Feature", "geometry": {"type": "Point", "coordinates": [-118.394603, 33.8723333]}, "properties": {"kind": "charge_point"}}, {"type": "Feature", "geometry": {"type": "Point", "coordinates": [-118.44609630000001, 34.0672352]}, "properties": {"kind": "chimney"}}, {"type": "Feature", "geometry": {"type": "Point", "coordinates": [-118.4461033, 34.067159600000004]}, "properties": {"kind": "chimney"}}, {"type": "Feature", "geometry": {"type": "Point", "coordinates": [-118.40183230000001, 33.8915686]}, "properties": {"kind": "utility_pole"}}, {"type": "Feature", "geometry": {"type": "Point", "coordinates": [-118.44930910000001, 34.059523500000005]}, "properties": {"kind": "manhole"}}, {"type": "Feature", "geometry": {"type": "Point", "coordinates": [-118.4572169, 34.065474800000004]}, "properties": {"kind": "manhole"}}, {"type": "Feature", "geometry": {"type": "Point", "coordinates": [-118.45720720000001, 34.065506]}, "properties": {"kind": "manhole"}}, {"type": "Feature", "geometry": {"type": "Point", "coordinates": [-118.3562007, 34.032344900000005]}, "properties": {"kind": "advertising"}}, {"type": "Feature", "geometry": {"type": "Point", "coordinates": [-118.3113474, 34.126656100000005]}, "properties": {"kind": "manhole"}}, {"type": "Feature", "geometry": {"type": "Point", "coordinates": [-118.31114430000001, 34.1271544]}, "properties": {"kind": "manhole"}}, {"type": "Feature", "geometry": {"type": "Point", "coordinates": [-118.31125510000001, 34.127427000000004]}, "properties": {"kind": "manhole"}}, {"type": "Feature", "geometry": {"type": "Point", "coordinates": [-118.31116370000001, 34.127276800000004]}, "properties": {"kind": "manhole"}}, {"type": "Feature", "geometry": {"type": "Point", "coordinates": [-118.309505, 34.0359591]}, "properties": {"kind": "mast"}}, {"type": "Feature", "geometry": {"type": "Point", "coordinates": [-118.3217415, 33.842376900000005]}, "properties": {"kind": "mast"}}, {"type": "Feature", "geometry": {"type": "Point", "coordinates": [-118.32200200000001, 33.8435877]}, "properties": {"kind": "mast"}}, {"type": "Feature", "geometry": {"type": "Point", "coordinates": [-118.33953720000001, 33.8457664]}, "properties": {"kind": "mast"}}, {"type": "Feature", "geometry": {"type": "Point", "coordinates": [-118.45505510000001, 34.0541405]}, "properties": {"kind": "manhole"}}, {"type": "Feature", "geometry": {"type": "Point", "coordinates": [-118.45823800000001, 34.062707200000006]}, "properties": {"kind": "manhole"}}, {"type": "Feature", "geometry": {"type": "Point", "coordinates": [-118.45796920000001, 34.0621741]}, "properties": {"kind": "manhole"}}, {"type": "Feature", "geometry": {"type": "Point", "coordinates": [-118.3277757, 34.0616203]}, "properties": {"kind": "flagpole"}}, {"type": "Feature", "geometry": {"type": "Point", "coordinates": [-118.40053370000001, 33.8735688]}, "properties": {"kind": "water_tap"}}, {"type": "Feature", "geometry": {"type": "Point", "coordinates": [-118.4005752, 33.8731947]}, "properties": {"kind": "water_tap"}}, {"type": "Feature", "geometry": {"type": "Point", "coordinates": [-118.3540219, 34.1068147]}, "properties": {"kind": "ceremonial_gate"}}, {"type": "Feature", "geometry": {"type": "Point", "coordinates": [-118.3282449, 34.0206293]}, "properties": {"kind": "mast"}}, {"type": "Feature", "geometry": {"type": "Point", "coordinates": [-118.40433200000001, 34.0713309]}, "properties": {"kind": "surveillance"}}, {"type": "Feature", "geometry": {"type": "Point", "coordinates": [-118.34193200000001, 33.953542500000005]}, "properties": {"kind": "planter"}}, {"type": "Feature", "geometry": {"type": "Point", "coordinates": [-118.3355001, 33.9506639]}, "properties": {"kind": "planter"}}, {"type": "Feature", "geometry": {"type": "Point", "coordinates": [-118.341808, 33.949491200000004]}, "properties": {"kind": "planter"}}, {"type": "Feature", "geometry": {"type": "Point", "coordinates": [-118.34180620000001, 33.949424400000005]}, "properties": {"kind": "planter"}}, {"type": "Feature", "geometry": {"type": "Point", "coordinates": [-118.34180620000001, 33.949756]}, "properties": {"kind": "planter"}}, {"type": "Feature", "geometry": {"type": "Point", "coordinates": [-118.341807, 33.950087700000005]}, "properties": {"kind": "planter"}}, {"type": "Feature", "geometry": {"type": "Point", "coordinates": [-118.3418055, 33.950586900000005]}, "properties": {"kind": "planter"}}, {"type": "Feature", "geometry": {"type": "Point", "coordinates": [-118.34026340000001, 33.950760700000004]}, "properties": {"kind": "planter"}}, {"type": "Feature", "geometry": {"type": "Point", "coordinates": [-118.34026490000001, 33.950796100000005]}, "properties": {"kind": "planter"}}, {"type": "Feature", "geometry": {"type": "Point", "coordinates": [-118.34014830000001, 33.950980200000004]}, "properties": {"kind": "planter"}}, {"type": "Feature", "geometry": {"type": "Point", "coordinates": [-118.3402643, 33.950915300000005]}, "properties": {"kind": "planter"}}, {"type": "Feature", "geometry": {"type": "Point", "coordinates": [-118.3399042, 33.9511376]}, "properties": {"kind": "planter"}}, {"type": "Feature", "geometry": {"type": "Point", "coordinates": [-118.33993670000001, 33.9510754]}, "properties": {"kind": "planter"}}, {"type": "Feature", "geometry": {"type": "Point", "coordinates": [-118.3399009, 33.9512459]}, "properties": {"kind": "planter"}}, {"type": "Feature", "geometry": {"type": "Point", "coordinates": [-118.3397594, 33.951355]}, "properties": {"kind": "planter"}}, {"type": "Feature", "geometry": {"type": "Point", "coordinates": [-118.33975720000001, 33.9513826]}, "properties": {"kind": "planter"}}, {"type": "Feature", "geometry": {"type": "Point", "coordinates": [-118.340264, 33.9505822]}, "properties": {"kind": "planter"}}, {"type": "Feature", "geometry": {"type": "Point", "coordinates": [-118.34027990000001, 33.9504784]}, "properties": {"kind": "planter"}}, {"type": "Feature", "geometry": {"type": "Point", "coordinates": [-118.3402825, 33.9504131]}, "properties": {"kind": "planter"}}, {"type": "Feature", "geometry": {"type": "Point", "coordinates": [-118.34030150000001, 33.9501439]}, "properties": {"kind": "planter"}}, {"type": "Feature", "geometry": {"type": "Point", "coordinates": [-118.3403061, 33.950107100000004]}, "properties": {"kind": "planter"}}, {"type": "Feature", "geometry": {"type": "Point", "coordinates": [-118.34029090000001, 33.9502584]}, "properties": {"kind": "planter"}}, {"type": "Feature", "geometry": {"type": "Point", "coordinates": [-118.3402916, 33.9503172]}, "properties": {"kind": "planter"}}, {"type": "Feature", "geometry": {"type": "Point", "coordinates": [-118.3403485, 33.9499848]}, "properties": {"kind": "planter"}}, {"type": "Feature", "geometry": {"type": "Point", "coordinates": [-118.3405044, 33.949446900000005]}, "properties": {"kind": "planter"}}, {"type": "Feature", "geometry": {"type": "Point", "coordinates": [-118.3404838, 33.9494945]}, "properties": {"kind": "planter"}}, {"type": "Feature", "geometry": {"type": "Point", "coordinates": [-118.34044560000001, 33.949603700000004]}, "properties": {"kind": "planter"}}, {"type": "Feature", "geometry": {"type": "Point", "coordinates": [-118.34038190000001, 33.949761800000005]}, "properties": {"kind": "planter"}}, {"type": "Feature", "geometry": {"type": "Point", "coordinates": [-118.3402839, 33.9495287]}, "properties": {"kind": "planter"}}, {"type": "Feature", "geometry": {"type": "Point", "coordinates": [-118.3402023, 33.9497763]}, "properties": {"kind": "planter"}}, {"type": "Feature", "geometry": {"type": "Point", "coordinates": [-118.34017440000001, 33.9498896]}, "properties": {"kind": "planter"}}, {"type": "Feature", "geometry": {"type": "Point", "coordinates": [-118.34012270000001, 33.9501361]}, "properties": {"kind": "planter"}}, {"type": "Feature", "geometry": {"type": "Point", "coordinates": [-118.34009130000001, 33.9504406]}, "properties": {"kind": "planter"}}, {"type": "Feature", "geometry": {"type": "Point", "coordinates": [-118.3397199, 33.9510157]}, "properties": {"kind": "planter"}}, {"type": "Feature", "geometry": {"type": "Point", "coordinates": [-118.33967550000001, 33.9512391]}, "properties": {"kind": "planter"}}, {"type": "Feature", "geometry": {"type": "Point", "coordinates": [-118.33296560000001, 33.8838673]}, "properties": {"kind": "mast"}}, {"type": "Feature", "geometry": {"type": "Point", "coordinates": [-118.3333887, 33.8847396]}, "properties": {"kind": "mast"}}, {"type": "Feature", "geometry": {"type": "Point", "coordinates": [-118.33195400000001, 33.885106900000004]}, "properties": {"kind": "mast"}}, {"type": "Feature", "geometry": {"type": "Point", "coordinates": [-118.33160670000001, 33.884370600000004]}, "properties": {"kind": "mast"}}, {"type": "Feature", "geometry": {"type": "Point", "coordinates": [-118.34826790000001, 33.899402200000004]}, "properties": {"kind": "mast"}}, {"type": "Feature", "geometry": {"type": "Point", "coordinates": [-118.34865540000001, 33.9001618]}, "properties": {"kind": "mast"}}, {"type": "Feature", "geometry": {"type": "Point", "coordinates": [-118.34897310000001, 33.8999001]}, "properties": {"kind": "mast"}}, {"type": "Feature", "geometry": {"type": "Point", "coordinates": [-118.34895270000001, 33.8996237]}, "properties": {"kind": "mast"}}, {"type": "Feature", "geometry": {"type": "Point", "coordinates": [-118.3477704, 33.8998976]}, "properties": {"kind": "mast"}}, {"type": "Feature", "geometry": {"type": "Point", "coordinates": [-118.3483006, 33.9001455]}, "properties": {"kind": "mast"}}, {"type": "Feature", "geometry": {"type": "Point", "coordinates": [-118.3488325, 33.9002032]}, "properties": {"kind": "mast"}}, {"type": "Feature", "geometry": {"type": "Point", "coordinates": [-118.3495439, 33.9001991]}, "properties": {"kind": "mast"}}, {"type": "Feature", "geometry": {"type": "Point", "coordinates": [-118.34947530000001, 33.9011374]}, "properties": {"kind": "mast"}}, {"type": "Feature", "geometry": {"type": "Point", "coordinates": [-118.3486946, 33.9011392]}, "properties": {"kind": "mast"}}, {"type": "Feature", "geometry": {"type": "Point", "coordinates": [-118.3494364, 33.901747400000005]}, "properties": {"kind": "mast"}}, {"type": "Feature", "geometry": {"type": "Point", "coordinates": [-118.34870350000001, 33.901747400000005]}, "properties": {"kind": "mast"}}, {"type": "Feature", "geometry": {"type": "Point", "coordinates": [-118.35012800000001, 33.901307100000004]}, "properties": {"kind": "mast"}}, {"type": "Feature", "geometry": {"type": "Point", "coordinates": [-118.34989610000001, 33.9011014]}, "properties": {"kind": "mast"}}, {"type": "Feature", "geometry": {"type": "Point", "coordinates": [-118.3783626, 33.8896159]}, "properties": {"kind": "mast"}}, {"type": "Feature", "geometry": {"type": "Point", "coordinates": [-118.3783626, 33.8903077]}, "properties": {"kind": "mast"}}, {"type": "Feature", "geometry": {"type": "Point", "coordinates": [-118.3774645, 33.890309200000004]}, "properties": {"kind": "mast"}}, {"type": "Feature", "geometry": {"type": "Point", "coordinates": [-118.3774716, 33.889613700000005]}, "properties": {"kind": "mast"}}, {"type": "Feature", "geometry": {"type": "Point", "coordinates": [-118.34617200000001, 33.9015962]}, "properties": {"kind": "flagpole"}}, {"type": "Feature", "geometry": {"type": "Point", "coordinates": [-118.33026690000001, 34.095143900000004]}, "properties": {"kind": "mast"}}, {"type": "Feature", "geometry": {"type": "Point", "coordinates": [-118.411822, 33.8844147]}, "properties": {"kind": "manhole"}}, {"type": "Feature", "geometry": {"type": "Point", "coordinates": [-118.41192530000001, 33.884351]}, "properties": {"kind": "manhole"}}, {"type": "Feature", "geometry": {"type": "Point", "coordinates": [-118.41201190000001, 33.8844116]}, "properties": {"kind": "flagpole"}}, {"type": "Feature", "geometry": {"type": "Point", "coordinates": [-118.43436360000001, 34.0466886]}, "properties": {"kind": "flagpole"}}, {"type": "Feature", "geometry": {"type": "Point", "coordinates": [-118.44142400000001, 34.057887300000004]}, "properties": {"kind": "flagpole"}}, {"type": "Feature", "geometry": {"type": "Point", "coordinates": [-118.4170119, 34.0532113]}, "properties": {"kind": "street_cabinet"}}, {"type": "Feature", "geometry": {"type": "Point", "coordinates": [-118.3622, 33.8944798]}, "properties": {"kind": "charge_point"}}, {"type": "Feature", "geometry": {"type": "Point", "coordinates": [-118.3622414, 33.8944798]}, "properties": {"kind": "charge_point"}}, {"type": "Feature", "geometry": {"type": "Point", "coordinates": [-118.3622725, 33.8944798]}, "properties": {"kind": "charge_point"}}, {"type": "Feature", "geometry": {"type": "Point", "coordinates": [-118.49956080000001, 34.0075845]}, "properties": {"kind": "monitoring_station"}}, {"type": "Feature", "geometry": {"type": "Point", "coordinates": [-118.411055, 33.9315804]}, "properties": {"kind": "flagpole"}}, {"type": "Feature", "geometry": {"type": "Point", "coordinates": [-118.41101610000001, 33.9315804]}, "properties": {"kind": "flagpole"}}, {"type": "Feature", "geometry": {"type": "Point", "coordinates": [-118.4109746, 33.9315804]}, "properties": {"kind": "flagpole"}}, {"type": "Feature", "geometry": {"type": "Point", "coordinates": [-118.32765160000001, 33.9459135]}, "properties": {"kind": "mast"}}, {"type": "Feature", "geometry": {"type": "Point", "coordinates": [-118.3608389, 34.0943738]}, "properties": {"kind": "surveillance"}}, {"type": "Feature", "geometry": {"type": "Point", "coordinates": [-118.3660263, 34.0903022]}, "properties": {"kind": "surveillance"}}, {"type": "Feature", "geometry": {"type": "Point", "coordinates": [-118.33245000000001, 33.848707600000004]}, "properties": {"kind": "chimney"}}, {"type": "Feature", "geometry": {"type": "Point", "coordinates": [-118.33336530000001, 33.8486087]}, "properties": {"kind": "chimney"}}, {"type": "Feature", "geometry": {"type": "Point", "coordinates": [-118.3342013, 33.848599]}, "properties": {"kind": "chimney"}}, {"type": "Feature", "geometry": {"type": "Point", "coordinates": [-118.3321535, 33.8486999]}, "properties": {"kind": "chimney"}}, {"type": "Feature", "geometry": {"type": "Point", "coordinates": [-118.3552719, 34.080280300000005]}, "properties": {"kind": "surveillance"}}, {"type": "Feature", "geometry": {"type": "Point", "coordinates": [-118.35543360000001, 34.085140700000004]}, "properties": {"kind": "surveillance"}}, {"type": "Feature", "geometry": {"type": "Point", "coordinates": [-118.3584361, 34.0843271]}, "properties": {"kind": "surveillance"}}, {"type": "Feature", "geometry": {"type": "Point", "coordinates": [-118.3558658, 34.0854024]}, "properties": {"kind": "surveillance"}}, {"type": "Feature", "geometry": {"type": "Point", "coordinates": [-118.3564774, 34.084337500000004]}, "properties": {"kind": "surveillance"}}, {"type": "Feature", "geometry": {"type": "Point", "coordinates": [-118.3562641, 34.0829788]}, "properties": {"kind": "surveillance"}}, {"type": "Feature", "geometry": {"type": "Point", "coordinates": [-118.33678230000001, 33.9748429]}, "properties": {"kind": "mast"}}, {"type": "Feature", "geometry": {"type": "Point", "coordinates": [-118.34908060000001, 34.0853637]}, "properties": {"kind": "surveillance"}}, {"type": "Feature", "geometry": {"type": "Point", "coordinates": [-118.353204, 34.084865900000004]}, "properties": {"kind": "surveillance"}}, {"type": "Feature", "geometry": {"type": "Point", "coordinates": [-118.35748260000001, 34.0832573]}, "properties": {"kind": "surveillance"}}, {"type": "Feature", "geometry": {"type": "Point", "coordinates": [-118.49456930000001, 34.0600924]}, "properties": {"kind": "mast"}}, {"type": "Feature", "geometry": {"type": "Point", "coordinates": [-118.4936351, 34.059902300000005]}, "properties": {"kind": "mast"}}, {"type": "Feature", "geometry": {"type": "Point", "coordinates": [-118.49474500000001, 34.059498000000005]}, "properties": {"kind": "mast"}}, {"type": "Feature", "geometry": {"type": "Point", "coordinates": [-118.4937572, 34.059153]}, "properties": {"kind": "mast"}}, {"type": "Feature", "geometry": {"type": "Point", "coordinates": [-118.4952736, 34.0529293]}, "properties": {"kind": "manhole"}}, {"type": "Feature", "geometry": {"type": "Point", "coordinates": [-118.47905370000001, 34.0706618]}, "properties": {"kind": "surveillance"}}, {"type": "Feature", "geometry": {"type": "Point", "coordinates": [-118.4790025, 34.070544600000005]}, "properties": {"kind": "surveillance"}}, {"type": "Feature", "geometry": {"type": "Point", "coordinates": [-118.47891310000001, 34.070293400000004]}, "properties": {"kind": "surveillance"}}, {"type": "Feature", "geometry": {"type": "Point", "coordinates": [-118.47895580000001, 34.0703973]}, "properties": {"kind": "surveillance"}}, {"type": "Feature", "geometry": {"type": "Point", "coordinates": [-118.46726240000001, 34.021028300000005]}, "properties": {"kind": "charge_point"}}, {"type": "Feature", "geometry": {"type": "Point", "coordinates": [-118.3512603, 34.0827156]}, "properties": {"kind": "surveillance"}}, {"type": "Feature", "geometry": {"type": "Point", "coordinates": [-118.4044128, 33.8908226]}, "properties": {"kind": "flagpole"}}, {"type": "Feature", "geometry": {"type": "Point", "coordinates": [-118.401812, 33.8913473]}, "properties": {"kind": "utility_pole"}}, {"type": "Feature", "geometry": {"type": "Point", "coordinates": [-118.4024437, 33.891348]}, "properties": {"kind": "utility_pole"}}, {"type": "Feature", "geometry": {"type": "Point", "coordinates": [-118.4011729, 33.8913511]}, "properties": {"kind": "utility_pole"}}, {"type": "Feature", "geometry": {"type": "Point", "coordinates": [-118.40181600000001, 33.892340700000005]}, "properties": {"kind": "utility_pole"}}, {"type": "Feature", "geometry": {"type": "Point", "coordinates": [-118.3722518, 33.8827979]}, "properties": {"kind": "mast"}}, {"type": "Feature", "geometry": {"type": "Point", "coordinates": [-118.37178990000001, 33.8827927]}, "properties": {"kind": "mast"}}, {"type": "Feature", "geometry": {"type": "Point", "coordinates": [-118.37258410000001, 33.882352000000004]}, "properties": {"kind": "mast"}}, {"type": "Feature", "geometry": {"type": "Point", "coordinates": [-118.3710501, 33.8824613]}, "properties": {"kind": "mast"}}, {"type": "Feature", "geometry": {"type": "Point", "coordinates": [-118.37200720000001, 33.881855800000004]}, "properties": {"kind": "mast"}}, {"type": "Feature", "geometry": {"type": "Point", "coordinates": [-118.37164150000001, 33.8818679]}, "properties": {"kind": "mast"}}, {"type": "Feature", "geometry": {"type": "Point", "coordinates": [-118.37099780000001, 33.8821802]}, "properties": {"kind": "mast"}}, {"type": "Feature", "geometry": {"type": "Point", "coordinates": [-118.3309162, 34.101773900000005]}, "properties": {"kind": "antenna"}}, {"type": "Feature", "geometry": {"type": "Point", "coordinates": [-118.33034970000001, 34.1017748]}, "properties": {"kind": "antenna"}}, {"type": "Feature", "geometry": {"type": "Point", "coordinates": [-118.42054060000001, 33.905904]}, "properties": {"kind": "surveillance"}}, {"type": "Feature", "geometry": {"type": "Point", "coordinates": [-118.4205431, 33.905901300000004]}, "properties": {"kind": "surveillance"}}, {"type": "Feature", "geometry": {"type": "Point", "coordinates": [-118.3092393, 33.8726793]}, "properties": {"kind": "surveillance"}}, {"type": "Feature", "geometry": {"type": "Point", "coordinates": [-118.3089733, 33.872815]}, "properties": {"kind": "surveillance"}}, {"type": "Feature", "geometry": {"type": "Point", "coordinates": [-118.30937200000001, 33.872975600000004]}, "properties": {"kind": "surveillance"}}, {"type": "Feature", "geometry": {"type": "Point", "coordinates": [-118.45881680000001, 34.0508302]}, "properties": {"kind": "flagpole"}}, {"type": "Feature", "geometry": {"type": "Point", "coordinates": [-118.46817050000001, 34.1292178]}, "properties": {"kind": "surveillance"}}, {"type": "Feature", "geometry": {"type": "Point", "coordinates": [-118.4040789, 34.092936900000005]}, "properties": {"kind": "surveillance"}}, {"type": "Feature", "geometry": {"type": "Point", "coordinates": [-118.40342000000001, 34.093880500000004]}, "properties": {"kind": "surveillance"}}, {"type": "Feature", "geometry": {"type": "Point", "coordinates": [-118.4031157, 34.0942479]}, "properties": {"kind": "surveillance"}}, {"type": "Feature", "geometry": {"type": "Point", "coordinates": [-118.46655550000001, 34.0212157]}, "properties": {"kind": "charge_point"}}, {"type": "Feature", "geometry": {"type": "Point", "coordinates": [-118.46665660000001, 34.021349]}, "properties": {"kind": "charge_point"}}, {"type": "Feature", "geometry": {"type": "Point", "coordinates": [-118.46660130000001, 34.0213783]}, "properties": {"kind": "charge_point"}}, {"type": "Feature", "geometry": {"type": "Point", "coordinates": [-118.4665703, 34.0213947]}, "properties": {"kind": "charge_point"}}, {"type": "Feature", "geometry": {"type": "Point", "coordinates": [-118.4665341, 34.0214139]}, "properties": {"kind": "charge_point"}}, {"type": "Feature", "geometry": {"type": "Point", "coordinates": [-118.4664692, 34.0214482]}, "properties": {"kind": "charge_point"}}, {"type": "Feature", "geometry": {"type": "Point", "coordinates": [-118.46640350000001, 34.021483]}, "properties": {"kind": "charge_point"}}, {"type": "Feature", "geometry": {"type": "Point", "coordinates": [-118.42161960000001, 33.930759300000005]}, "properties": {"kind": "flagpole"}}, {"type": "Feature", "geometry": {"type": "Point", "coordinates": [-118.39915180000001, 34.0059441]}, "properties": {"kind": "monitoring_station"}}, {"type": "Feature", "geometry": {"type": "Point", "coordinates": [-118.49786160000001, 34.0141638]}, "properties": {"kind": "surveillance"}}, {"type": "Feature", "geometry": {"type": "Point", "coordinates": [-118.49377000000001, 34.017688]}, "properties": {"kind": "surveillance"}}, {"type": "Feature", "geometry": {"type": "Point", "coordinates": [-118.48096330000001, 34.028066100000004]}, "properties": {"kind": "surveillance"}}, {"type": "Feature", "geometry": {"type": "Point", "coordinates": [-118.48098540000001, 34.027797]}, "properties": {"kind": "surveillance"}}, {"type": "Feature", "geometry": {"type": "Point", "coordinates": [-118.4733068, 34.0230776]}, "properties": {"kind": "surveillance"}}, {"type": "Feature", "geometry": {"type": "Point", "coordinates": [-118.4748363, 34.0240981]}, "properties": {"kind": "surveillance"}}, {"type": "Feature", "geometry": {"type": "Point", "coordinates": [-118.47159420000001, 34.0182552]}, "properties": {"kind": "surveillance"}}, {"type": "Feature", "geometry": {"type": "Point", "coordinates": [-118.3001909, 34.118797900000004]}, "properties": {"kind": "surveillance"}}, {"type": "Feature", "geometry": {"type": "Point", "coordinates": [-118.3418482, 34.098258200000004]}, "properties": {"kind": "surveillance"}}, {"type": "Feature", "geometry": {"type": "Point", "coordinates": [-118.3417292, 34.0982894]}, "properties": {"kind": "surveillance"}}, {"type": "Feature", "geometry": {"type": "Point", "coordinates": [-118.46696990000001, 33.9790228]}, "properties": {"kind": "surveillance"}}, {"type": "Feature", "geometry": {"type": "Point", "coordinates": [-118.4669657, 33.9790323]}, "properties": {"kind": "surveillance"}}, {"type": "Feature", "geometry": {"type": "Point", "coordinates": [-118.4669729, 33.978296400000005]}, "properties": {"kind": "water_tap"}}, {"type": "Feature", "geometry": {"type": "Point", "coordinates": [-118.4957997, 34.054782200000005]}, "properties": {"kind": "surveillance"}}, {"type": "Feature", "geometry": {"type": "Point", "coordinates": [-118.31187750000001, 33.831515200000005]}, "properties": {"kind": "surveillance"}}, {"type": "Feature", "geometry": {"type": "Point", "coordinates": [-118.31187430000001, 33.831485400000005]}, "properties": {"kind": "surveillance"}}, {"type": "Feature", "geometry": {"type": "Point", "coordinates": [-118.39895050000001, 34.0604753]}, "properties": {"kind": "surveillance"}}, {"type": "Feature", "geometry": {"type": "Point", "coordinates": [-118.47105730000001, 33.9880745]}, "properties": {"kind": "manhole"}}, {"type": "Feature", "geometry": {"type": "Point", "coordinates": [-118.47113340000001, 33.9881094]}, "properties": {"kind": "manhole"}}, {"type": "Feature", "geometry": {"type": "Point", "coordinates": [-118.47109130000001, 33.9881869]}, "properties": {"kind": "manhole"}}, {"type": "Feature", "geometry": {"type": "Point", "coordinates": [-118.4711161, 33.988175600000005]}, "properties": {"kind": "manhole"}}, {"type": "Feature", "geometry": {"type": "Point", "coordinates": [-118.4711563, 33.9881605]}, "properties": {"kind": "manhole"}}, {"type": "Feature", "geometry": {"type": "Point", "coordinates": [-118.3419293, 34.091273300000005]}, "properties": {"kind": "video_wall"}}, {"type": "Feature", "geometry": {"type": "Point", "coordinates": [-118.34218390000001, 34.0910098]}, "properties": {"kind": "video_wall"}}, {"type": "Feature", "geometry": {"type": "Point", "coordinates": [-118.44500830000001, 34.0729741]}, "properties": {"kind": "mast"}}, {"type": "Feature", "geometry": {"type": "Point", "coordinates": [-118.4449563, 34.071956]}, "properties": {"kind": "mast"}}, {"type": "Feature", "geometry": {"type": "Point", "coordinates": [-118.4488587, 34.072707300000005]}, "properties": {"kind": "mast"}}, {"type": "Feature", "geometry": {"type": "Point", "coordinates": [-118.44884350000001, 34.071278]}, "properties": {"kind": "mast"}}, {"type": "Feature", "geometry": {"type": "Point", "coordinates": [-118.4476657, 34.071254700000004]}, "properties": {"kind": "mast"}}, {"type": "Feature", "geometry": {"type": "Point", "coordinates": [-118.4477083, 34.071286300000004]}, "properties": {"kind": "mast"}}, {"type": "Feature", "geometry": {"type": "Point", "coordinates": [-118.4476697, 34.0715756]}, "properties": {"kind": "mast"}}, {"type": "Feature", "geometry": {"type": "Point", "coordinates": [-118.44767440000001, 34.0719456]}, "properties": {"kind": "mast"}}, {"type": "Feature", "geometry": {"type": "Point", "coordinates": [-118.44767420000001, 34.072074300000004]}, "properties": {"kind": "mast"}}, {"type": "Feature", "geometry": {"type": "Point", "coordinates": [-118.4476748, 34.072484200000005]}, "properties": {"kind": "mast"}}, {"type": "Feature", "geometry": {"type": "Point", "coordinates": [-118.4476949, 34.0726375]}, "properties": {"kind": "mast"}}, {"type": "Feature", "geometry": {"type": "Point", "coordinates": [-118.4476767, 34.0728105]}, "properties": {"kind": "mast"}}, {"type": "Feature", "geometry": {"type": "Point", "coordinates": [-118.44600530000001, 34.0729546]}, "properties": {"kind": "mast"}}, {"type": "Feature", "geometry": {"type": "Point", "coordinates": [-118.44612780000001, 34.0728169]}, "properties": {"kind": "mast"}}, {"type": "Feature", "geometry": {"type": "Point", "coordinates": [-118.44613100000001, 34.072490300000005]}, "properties": {"kind": "mast"}}, {"type": "Feature", "geometry": {"type": "Point", "coordinates": [-118.4459784, 34.072285900000004]}, "properties": {"kind": "mast"}}, {"type": "Feature", "geometry": {"type": "Point", "coordinates": [-118.44612520000001, 34.0720742]}, "properties": {"kind": "mast"}}, {"type": "Feature", "geometry": {"type": "Point", "coordinates": [-118.4461277, 34.0719148]}, "properties": {"kind": "mast"}}, {"type": "Feature", "geometry": {"type": "Point", "coordinates": [-118.44612300000001, 34.071580100000006]}, "properties": {"kind": "mast"}}, {"type": "Feature", "geometry": {"type": "Point", "coordinates": [-118.4461208, 34.071251100000005]}, "properties": {"kind": "mast"}}, {"type": "Feature", "geometry": {"type": "Point", "coordinates": [-118.44795040000001, 34.0701832]}, "properties": {"kind": "mast"}}, {"type": "Feature", "geometry": {"type": "Point", "coordinates": [-118.44859430000001, 34.0701774]}, "properties": {"kind": "mast"}}, {"type": "Feature", "geometry": {"type": "Point", "coordinates": [-118.44833580000001, 34.0701813]}, "properties": {"kind": "mast"}}, {"type": "Feature", "geometry": {"type": "Point", "coordinates": [-118.44813930000001, 34.0701823]}, "properties": {"kind": "mast"}}, {"type": "Feature", "geometry": {"type": "Point", "coordinates": [-118.44797380000001, 34.0704956]}, "properties": {"kind": "mast"}}, {"type": "Feature", "geometry": {"type": "Point", "coordinates": [-118.4481408, 34.070497]}, "properties": {"kind": "mast"}}, {"type": "Feature", "geometry": {"type": "Point", "coordinates": [-118.4483397, 34.0704933]}, "properties": {"kind": "mast"}}, {"type": "Feature", "geometry": {"type": "Point", "coordinates": [-118.44859760000001, 34.070497200000005]}, "properties": {"kind": "mast"}}, {"type": "Feature", "geometry": {"type": "Point", "coordinates": [-118.44840810000001, 34.069905600000006]}, "properties": {"kind": "mast"}}, {"type": "Feature", "geometry": {"type": "Point", "coordinates": [-118.4482066, 34.0699042]}, "properties": {"kind": "mast"}}, {"type": "Feature", "geometry": {"type": "Point", "coordinates": [-118.44800930000001, 34.069797900000005]}, "properties": {"kind": "mast"}}, {"type": "Feature", "geometry": {"type": "Point", "coordinates": [-118.44801120000001, 34.0697173]}, "properties": {"kind": "mast"}}, {"type": "Feature", "geometry": {"type": "Point", "coordinates": [-118.4480103, 34.0696358]}, "properties": {"kind": "mast"}}, {"type": "Feature", "geometry": {"type": "Point", "coordinates": [-118.4482033, 34.069612400000004]}, "properties": {"kind": "mast"}}, {"type": "Feature", "geometry": {"type": "Point", "coordinates": [-118.44840420000001, 34.0696164]}, "properties": {"kind": "mast"}}, {"type": "Feature", "geometry": {"type": "Point", "coordinates": [-118.4486011, 34.069631300000005]}, "properties": {"kind": "mast"}}, {"type": "Feature", "geometry": {"type": "Point", "coordinates": [-118.4500201, 34.074108100000004]}, "properties": {"kind": "mast"}}, {"type": "Feature", "geometry": {"type": "Point", "coordinates": [-118.45005950000001, 34.074174]}, "properties": {"kind": "mast"}}, {"type": "Feature", "geometry": {"type": "Point", "coordinates": [-118.45009350000001, 34.0742421]}, "properties": {"kind": "mast"}}, {"type": "Feature", "geometry": {"type": "Point", "coordinates": [-118.45013510000001, 34.074313000000004]}, "properties": {"kind": "mast"}}, {"type": "Feature", "geometry": {"type": "Point", "coordinates": [-118.4503164, 34.074244400000005]}, "properties": {"kind": "mast"}}, {"type": "Feature", "geometry": {"type": "Point", "coordinates": [-118.4502765, 34.074171500000006]}, "properties": {"kind": "mast"}}, {"type": "Feature", "geometry": {"type": "Point", "coordinates": [-118.45023420000001, 34.074095400000004]}, "properties": {"kind": "mast"}}, {"type": "Feature", "geometry": {"type": "Point", "coordinates": [-118.45019470000001, 34.0740268]}, "properties": {"kind": "mast"}}, {"type": "Feature", "geometry": {"type": "Point", "coordinates": [-118.45023610000001, 34.0744415]}, "properties": {"kind": "mast"}}, {"type": "Feature", "geometry": {"type": "Point", "coordinates": [-118.4502765, 34.074508900000005]}, "properties": {"kind": "mast"}}, {"type": "Feature", "geometry": {"type": "Point", "coordinates": [-118.45030820000001, 34.0745705]}, "properties": {"kind": "mast"}}, {"type": "Feature", "geometry": {"type": "Point", "coordinates": [-118.45035240000001, 34.0746429]}, "properties": {"kind": "mast"}}, {"type": "Feature", "geometry": {"type": "Point", "coordinates": [-118.4505323, 34.0745744]}, "properties": {"kind": "mast"}}, {"type": "Feature", "geometry": {"type": "Point", "coordinates": [-118.45049540000001, 34.074499800000005]}, "properties": {"kind": "mast"}}, {"type": "Feature", "geometry": {"type": "Point", "coordinates": [-118.45045760000001, 34.074443]}, "properties": {"kind": "mast"}}, {"type": "Feature", "geometry": {"type": "Point", "coordinates": [-118.450359, 34.0747111]}, "properties": {"kind": "mast"}}, {"type": "Feature", "geometry": {"type": "Point", "coordinates": [-118.45041680000001, 34.074368500000006]}, "properties": {"kind": "mast"}}, {"type": "Feature", "geometry": {"type": "Point", "coordinates": [-118.45058890000001, 34.0742933]}, "properties": {"kind": "mast"}}, {"type": "Feature", "geometry": {"type": "Point", "coordinates": [-118.4506374, 34.0743657]}, "properties": {"kind": "mast"}}, {"type": "Feature", "geometry": {"type": "Point", "coordinates": [-118.45067010000001, 34.074428000000005]}, "properties": {"kind": "mast"}}, {"type": "Feature", "geometry": {"type": "Point", "coordinates": [-118.45071130000001, 34.074488]}, "properties": {"kind": "mast"}}, {"type": "Feature", "geometry": {"type": "Point", "coordinates": [-118.45077280000001, 34.074228000000005]}, "properties": {"kind": "mast"}}, {"type": "Feature", "geometry": {"type": "Point", "coordinates": [-118.4508172, 34.0742932]}, "properties": {"kind": "mast"}}, {"type": "Feature", "geometry": {"type": "Point", "coordinates": [-118.45088630000001, 34.0744361]}, "properties": {"kind": "mast"}}, {"type": "Feature", "geometry": {"type": "Point", "coordinates": [-118.4506846, 34.0745839]}, "properties": {"kind": "mast"}}, {"type": "Feature", "geometry": {"type": "Point", "coordinates": [-118.4509005, 34.0750132]}, "properties": {"kind": "mast"}}, {"type": "Feature", "geometry": {"type": "Point", "coordinates": [-118.4535716, 34.074203000000004]}, "properties": {"kind": "mast"}}, {"type": "Feature", "geometry": {"type": "Point", "coordinates": [-118.45360040000001, 34.0743205]}, "properties": {"kind": "mast"}}, {"type": "Feature", "geometry": {"type": "Point", "coordinates": [-118.45353560000001, 34.0740572]}, "properties": {"kind": "mast"}}, {"type": "Feature", "geometry": {"type": "Point", "coordinates": [-118.45349920000001, 34.0739399]}, "properties": {"kind": "mast"}}, {"type": "Feature", "geometry": {"type": "Point", "coordinates": [-118.45345920000001, 34.073776]}, "properties": {"kind": "mast"}}, {"type": "Feature", "geometry": {"type": "Point", "coordinates": [-118.45362410000001, 34.0737485]}, "properties": {"kind": "mast"}}, {"type": "Feature", "geometry": {"type": "Point", "coordinates": [-118.4664628, 34.021266100000005]}, "properties": {"kind": "charge_point"}}, {"type": "Feature", "geometry": {"type": "Point", "coordinates": [-118.4286306, 33.9594328]}, "properties": {"kind": "flagpole"}}, {"type": "Feature", "geometry": {"type": "Point", "coordinates": [-118.48464940000001, 34.040658300000004]}, "properties": {"kind": "surveillance"}}, {"type": "Feature", "geometry": {"type": "Point", "coordinates": [-118.39163660000001, 34.027746400000005]}, "properties": {"kind": "charge_point"}}, {"type": "Feature", "geometry": {"type": "Point", "coordinates": [-118.3916138, 34.027760400000005]}, "properties": {"kind": "charge_point"}}, {"type": "Feature", "geometry": {"type": "Point", "coordinates": [-118.3915838, 34.0277788]}, "properties": {"kind": "charge_point"}}, {"type": "Feature", "geometry": {"type": "Point", "coordinates": [-118.391559, 34.0277918]}, "properties": {"kind": "charge_point"}}, {"type": "Feature", "geometry": {"type": "Point", "coordinates": [-118.3915336, 34.0278085]}, "properties": {"kind": "charge_point"}}, {"type": "Feature", "geometry": {"type": "Point", "coordinates": [-118.39150550000001, 34.0278221]}, "properties": {"kind": "charge_point"}}, {"type": "Feature", "geometry": {"type": "Point", "coordinates": [-118.3914795, 34.027839300000004]}, "properties": {"kind": "charge_point"}}, {"type": "Feature", "geometry": {"type": "Point", "coordinates": [-118.3525922, 34.0734774]}, "properties": {"kind": "surveillance"}}, {"type": "Feature", "geometry": {"type": "Point", "coordinates": [-118.3518234, 34.0734632]}, "properties": {"kind": "surveillance"}}, {"type": "Feature", "geometry": {"type": "Point", "coordinates": [-118.3925291, 33.8625496]}, "properties": {"kind": "surveillance"}}, {"type": "Feature", "geometry": {"type": "Point", "coordinates": [-118.39615690000001, 33.887509300000005]}, "properties": {"kind": "surveillance"}}, {"type": "Feature", "geometry": {"type": "Point", "coordinates": [-118.4058768, 33.9530805]}, "properties": {"kind": "manhole"}}, {"type": "Feature", "geometry": {"type": "Point", "coordinates": [-118.4064716, 33.9530811]}, "properties": {"kind": "manhole"}}, {"type": "Feature", "geometry": {"type": "Point", "coordinates": [-118.4068148, 33.9530808]}, "properties": {"kind": "manhole"}}, {"type": "Feature", "geometry": {"type": "Point", "coordinates": [-118.40727480000001, 33.9530793]}, "properties": {"kind": "manhole"}}, {"type": "Feature", "geometry": {"type": "Point", "coordinates": [-118.40719370000001, 33.9530614]}, "properties": {"kind": "manhole"}}, {"type": "Feature", "geometry": {"type": "Point", "coordinates": [-118.407587, 33.953078000000005]}, "properties": {"kind": "manhole"}}, {"type": "Feature", "geometry": {"type": "Point", "coordinates": [-118.40797470000001, 33.9530758]}, "properties": {"kind": "manhole"}}, {"type": "Feature", "geometry": {"type": "Point", "coordinates": [-118.40836130000001, 33.953076700000004]}, "properties": {"kind": "manhole"}}, {"type": "Feature", "geometry": {"type": "Point", "coordinates": [-118.40874430000001, 33.953073700000004]}, "properties": {"kind": "manhole"}}, {"type": "Feature", "geometry": {"type": "Point", "coordinates": [-118.4045394, 33.9531221]}, "properties": {"kind": "manhole"}}, {"type": "Feature", "geometry": {"type": "Point", "coordinates": [-118.40420710000001, 33.9531216]}, "properties": {"kind": "manhole"}}, {"type": "Feature", "geometry": {"type": "Point", "coordinates": [-118.4037102, 33.9531238]}, "properties": {"kind": "manhole"}}, {"type": "Feature", "geometry": {"type": "Point", "coordinates": [-118.4032181, 33.9531238]}, "properties": {"kind": "manhole"}}, {"type": "Feature", "geometry": {"type": "Point", "coordinates": [-118.40272220000001, 33.9531268]}, "properties": {"kind": "manhole"}}, {"type": "Feature", "geometry": {"type": "Point", "coordinates": [-118.40222870000001, 33.9531255]}, "properties": {"kind": "manhole"}}, {"type": "Feature", "geometry": {"type": "Point", "coordinates": [-118.40173390000001, 33.953128500000005]}, "properties": {"kind": "manhole"}}, {"type": "Feature", "geometry": {"type": "Point", "coordinates": [-118.4012397, 33.9531281]}, "properties": {"kind": "manhole"}}, {"type": "Feature", "geometry": {"type": "Point", "coordinates": [-118.40074440000001, 33.9531294]}, "properties": {"kind": "manhole"}}, {"type": "Feature", "geometry": {"type": "Point", "coordinates": [-118.40047390000001, 33.953130900000005]}, "properties": {"kind": "manhole"}}, {"type": "Feature", "geometry": {"type": "Point", "coordinates": [-118.40024500000001, 33.9531313]}, "properties": {"kind": "manhole"}}, {"type": "Feature", "geometry": {"type": "Point", "coordinates": [-118.3997468, 33.9531316]}, "properties": {"kind": "manhole"}}, {"type": "Feature", "geometry": {"type": "Point", "coordinates": [-118.39925210000001, 33.953134600000006]}, "properties": {"kind": "manhole"}}, {"type": "Feature", "geometry": {"type": "Point", "coordinates": [-118.39857760000001, 33.9531208]}, "properties": {"kind": "manhole"}}, {"type": "Feature", "geometry": {"type": "Point", "coordinates": [-118.3963729, 33.9531659]}, "properties": {"kind": "manhole"}}, {"type": "Feature", "geometry": {"type": "Point", "coordinates": [-118.42441040000001, 33.9632695]}, "properties": {"kind": "surveillance"}}, {"type": "Feature", "geometry": {"type": "Point", "coordinates": [-118.4261876, 33.9639408]}, "properties": {"kind": "surveillance"}}, {"type": "Feature", "geometry": {"type": "Point", "coordinates": [-118.37655910000001, 34.089083800000004]}, "properties": {"kind": "surveillance"}}, {"type": "Feature", "geometry": {"type": "Point", "coordinates": [-118.3772412, 34.0891498]}, "properties": {"kind": "surveillance"}}, {"type": "Feature", "geometry": {"type": "Point", "coordinates": [-118.3761879, 34.0898217]}, "properties": {"kind": "surveillance"}}, {"type": "Feature", "geometry": {"type": "Point", "coordinates": [-118.4204359, 33.9579284]}, "properties": {"kind": "flagpole"}}, {"type": "Feature", "geometry": {"type": "Point", "coordinates": [-118.4975687, 34.0198941]}, "properties": {"kind": "surveillance"}}, {"type": "Feature", "geometry": {"type": "Point", "coordinates": [-118.42331970000001, 33.9593164]}, "properties": {"kind": "mast"}}, {"type": "Feature", "geometry": {"type": "Point", "coordinates": [-118.41841640000001, 34.0380097]}, "properties": {"kind": "surveillance"}}, {"type": "Feature", "geometry": {"type": "Point", "coordinates": [-118.42541050000001, 33.9651275]}, "properties": {"kind": "surveillance"}}, {"type": "Feature", "geometry": {"type": "Point", "coordinates": [-118.4261378, 33.956191000000004]}, "properties": {"kind": "manhole"}}, {"type": "Feature", "geometry": {"type": "Point", "coordinates": [-118.42602780000001, 33.9561524]}, "properties": {"kind": "manhole"}}, {"type": "Feature", "geometry": {"type": "Point", "coordinates": [-118.42580120000001, 33.9568601]}, "properties": {"kind": "manhole"}}, {"type": "Feature", "geometry": {"type": "Point", "coordinates": [-118.42286670000001, 34.0397355]}, "properties": {"kind": "surveillance"}}, {"type": "Feature", "geometry": {"type": "Point", "coordinates": [-118.33436130000001, 33.880564500000006]}, "properties": {"kind": "charge_point"}}, {"type": "Feature", "geometry": {"type": "Point", "coordinates": [-118.33431250000001, 33.880580900000005]}, "properties": {"kind": "charge_point"}}, {"type": "Feature", "geometry": {"type": "Point", "coordinates": [-118.33430100000001, 33.8805848]}, "properties": {"kind": "charge_point"}}, {"type": "Feature", "geometry": {"type": "Point", "coordinates": [-118.3342494, 33.880602100000004]}, "properties": {"kind": "charge_point"}}, {"type": "Feature", "geometry": {"type": "Point", "coordinates": [-118.3341884, 33.8806226]}, "properties": {"kind": "charge_point"}}, {"type": "Feature", "geometry": {"type": "Point", "coordinates": [-118.3341309, 33.880642]}, "properties": {"kind": "charge_point"}}, {"type": "Feature", "geometry": {"type": "Point", "coordinates": [-118.41738710000001, 33.9537521]}, "properties": {"kind": "antenna"}}, {"type": "Feature", "geometry": {"type": "Point", "coordinates": [-118.44489050000001, 34.038191600000005]}, "properties": {"kind": "utility_pole"}}, {"type": "Feature", "geometry": {"type": "Point", "coordinates": [-118.4451435, 34.038043]}, "properties": {"kind": "utility_pole"}}, {"type": "Feature", "geometry": {"type": "Point", "coordinates": [-118.44757680000001, 34.0430362]}, "properties": {"kind": "utility_pole"}}, {"type": "Feature", "geometry": {"type": "Point", "coordinates": [-118.4447564, 34.0439979]}, "properties": {"kind": "utility_pole"}}, {"type": "Feature", "geometry": {"type": "Point", "coordinates": [-118.445496, 34.0448554]}, "properties": {"kind": "utility_pole"}}, {"type": "Feature", "geometry": {"type": "Point", "coordinates": [-118.4480874, 34.045895]}, "properties": {"kind": "utility_pole"}}, {"type": "Feature", "geometry": {"type": "Point", "coordinates": [-118.4485805, 34.0456051]}, "properties": {"kind": "utility_pole"}}, {"type": "Feature", "geometry": {"type": "Point", "coordinates": [-118.42884470000001, 33.9639143]}, "properties": {"kind": "surveillance"}}, {"type": "Feature", "geometry": {"type": "Point", "coordinates": [-118.4288286, 33.963886]}, "properties": {"kind": "manhole"}}, {"type": "Feature", "geometry": {"type": "Point", "coordinates": [-118.3091225, 34.039498200000004]}, "properties": {"kind": "surveillance"}}, {"type": "Feature", "geometry": {"type": "Point", "coordinates": [-118.29169320000001, 34.039482]}, "properties": {"kind": "surveillance"}}, {"type": "Feature", "geometry": {"type": "Point", "coordinates": [-118.3090413, 34.0104114]}, "properties": {"kind": "surveillance"}}, {"type": "Feature", "geometry": {"type": "Point", "coordinates": [-118.308227, 33.9890642]}, "properties": {"kind": "surveillance"}}, {"type": "Feature", "geometry": {"type": "Point", "coordinates": [-118.40112760000001, 34.0924017]}, "properties": {"kind": "water_tap"}}, {"type": "Feature", "geometry": {"type": "Point", "coordinates": [-118.41584300000001, 33.9307948]}, "properties": {"kind": "surveillance"}}, {"type": "Feature", "geometry": {"type": "Point", "coordinates": [-118.41595260000001, 33.9309802]}, "properties": {"kind": "surveillance"}}, {"type": "Feature", "geometry": {"type": "Point", "coordinates": [-118.4159274, 33.9309801]}, "properties": {"kind": "surveillance"}}, {"type": "Feature", "geometry": {"type": "Point", "coordinates": [-118.41590110000001, 33.930980000000005]}, "properties": {"kind": "surveillance"}}, {"type": "Feature", "geometry": {"type": "Point", "coordinates": [-118.416087, 33.930746500000005]}, "properties": {"kind": "surveillance"}}, {"type": "Feature", "geometry": {"type": "Point", "coordinates": [-118.41615270000001, 33.9309297]}, "properties": {"kind": "surveillance"}}, {"type": "Feature", "geometry": {"type": "Point", "coordinates": [-118.4186136, 33.9595444]}, "properties": {"kind": "flagpole"}}, {"type": "Feature", "geometry": {"type": "Point", "coordinates": [-118.41962910000001, 33.959993600000004]}, "properties": {"kind": "surveillance"}}, {"type": "Feature", "geometry": {"type": "Point", "coordinates": [-118.36143100000001, 34.084312100000005]}, "properties": {"kind": "surveillance"}}, {"type": "Feature", "geometry": {"type": "Point", "coordinates": [-118.33926100000001, 34.101446700000004]}, "properties": {"kind": "surveillance"}}, {"type": "Feature", "geometry": {"type": "Point", "coordinates": [-118.31759090000001, 34.101604200000004]}, "properties": {"kind": "surveillance"}}, {"type": "Feature", "geometry": {"type": "Point", "coordinates": [-118.33008840000001, 34.104415200000005]}, "properties": {"kind": "surveillance"}}, {"type": "Feature", "geometry": {"type": "Point", "coordinates": [-118.32943610000001, 34.0982897]}, "properties": {"kind": "surveillance"}}, {"type": "Feature", "geometry": {"type": "Point", "coordinates": [-118.34425540000001, 34.0974844]}, "properties": {"kind": "surveillance"}}, {"type": "Feature", "geometry": {"type": "Point", "coordinates": [-118.4654976, 34.0059957]}, "properties": {"kind": "charge_point"}}, {"type": "Feature", "geometry": {"type": "Point", "coordinates": [-118.46556190000001, 34.006072100000004]}, "properties": {"kind": "charge_point"}}, {"type": "Feature", "geometry": {"type": "Point", "coordinates": [-118.465529, 34.006033]}, "properties": {"kind": "charge_point"}}, {"type": "Feature", "geometry": {"type": "Point", "coordinates": [-118.39909890000001, 34.0356795]}, "properties": {"kind": "surveillance"}}, {"type": "Feature", "geometry": {"type": "Point", "coordinates": [-118.37018160000001, 33.9729648]}, "properties": {"kind": "surveillance"}}, {"type": "Feature", "geometry": {"type": "Point", "coordinates": [-118.35166650000001, 33.874344]}, "properties": {"kind": "charge_point"}}, {"type": "Feature", "geometry": {"type": "Point", "coordinates": [-118.35167360000001, 33.8744061]}, "properties": {"kind": "charge_point"}}, {"type": "Feature", "geometry": {"type": "Point", "coordinates": [-118.35166650000001, 33.8744651]}, "properties": {"kind": "charge_point"}}, {"type": "Feature", "geometry": {"type": "Point", "coordinates": [-118.3516412, 33.874477500000005]}, "properties": {"kind": "charge_point"}}, {"type": "Feature", "geometry": {"type": "Point", "coordinates": [-118.39916810000001, 34.039698200000004]}, "properties": {"kind": "surveillance"}}, {"type": "Feature", "geometry": {"type": "Point", "coordinates": [-118.4066109, 34.044924300000005]}, "properties": {"kind": "surveillance"}}, {"type": "Feature", "geometry": {"type": "Point", "coordinates": [-118.40052460000001, 33.9194892]}, "properties": {"kind": "surveillance"}}, {"type": "Feature", "geometry": {"type": "Point", "coordinates": [-118.45634860000001, 34.017375300000005]}, "properties": {"kind": "charge_point"}}, {"type": "Feature", "geometry": {"type": "Point", "coordinates": [-118.456327, 34.017347]}, "properties": {"kind": "charge_point"}}, {"type": "Feature", "geometry": {"type": "Point", "coordinates": [-118.45629720000001, 34.017313900000005]}, "properties": {"kind": "charge_point"}}, {"type": "Feature", "geometry": {"type": "Point", "coordinates": [-118.45626340000001, 34.0172734]}, "properties": {"kind": "charge_point"}}, {"type": "Feature", "geometry": {"type": "Point", "coordinates": [-118.45622610000001, 34.0172277]}, "properties": {"kind": "charge_point"}}, {"type": "Feature", "geometry": {"type": "Point", "coordinates": [-118.4561941, 34.0171909]}, "properties": {"kind": "charge_point"}}, {"type": "Feature", "geometry": {"type": "Point", "coordinates": [-118.4283089, 33.9177881]}, "properties": {"kind": "antenna"}}, {"type": "Feature", "geometry": {"type": "Point", "coordinates": [-118.3519734, 33.8301056]}, "properties": {"kind": "surveillance"}}, {"type": "Feature", "geometry": {"type": "Point", "coordinates": [-118.3470681, 33.830487000000005]}, "properties": {"kind": "surveillance"}}, {"type": "Feature", "geometry": {"type": "Point", "coordinates": [-118.34719000000001, 33.832305600000005]}, "properties": {"kind": "surveillance"}}, {"type": "Feature", "geometry": {"type": "Point", "coordinates": [-118.3470259, 33.834901300000006]}, "properties": {"kind": "surveillance"}}, {"type": "Feature", "geometry": {"type": "Point", "coordinates": [-118.34878140000001, 33.8350857]}, "properties": {"kind": "surveillance"}}, {"type": "Feature", "geometry": {"type": "Point", "coordinates": [-118.34792440000001, 33.8350348]}, "properties": {"kind": "surveillance"}}, {"type": "Feature", "geometry": {"type": "Point", "coordinates": [-118.35009710000001, 33.8350667]}, "properties": {"kind": "surveillance"}}, {"type": "Feature", "geometry": {"type": "Point", "coordinates": [-118.35134450000001, 33.83503]}, "properties": {"kind": "surveillance"}}, {"type": "Feature", "geometry": {"type": "Point", "coordinates": [-118.3526257, 33.8351271]}, "properties": {"kind": "surveillance"}}, {"type": "Feature", "geometry": {"type": "Point", "coordinates": [-118.35209060000001, 33.8336814]}, "properties": {"kind": "surveillance"}}, {"type": "Feature", "geometry": {"type": "Point", "coordinates": [-118.35240180000001, 33.8324219]}, "properties": {"kind": "surveillance"}}, {"type": "Feature", "geometry": {"type": "Point", "coordinates": [-118.3519694, 33.8318318]}, "properties": {"kind": "surveillance"}}, {"type": "Feature", "geometry": {"type": "Point", "coordinates": [-118.35150540000001, 33.831256]}, "properties": {"kind": "surveillance"}}, {"type": "Feature", "geometry": {"type": "Point", "coordinates": [-118.351262, 33.831633000000004]}, "properties": {"kind": "surveillance"}}, {"type": "Feature", "geometry": {"type": "Point", "coordinates": [-118.34890750000001, 33.8308495]}, "properties": {"kind": "surveillance"}}, {"type": "Feature", "geometry": {"type": "Point", "coordinates": [-118.3487034, 33.831424000000005]}, "properties": {"kind": "surveillance"}}, {"type": "Feature", "geometry": {"type": "Point", "coordinates": [-118.34799120000001, 33.8309297]}, "properties": {"kind": "surveillance"}}, {"type": "Feature", "geometry": {"type": "Point", "coordinates": [-118.4175249, 33.901282900000005]}, "properties": {"kind": "charge_point"}}, {"type": "Feature", "geometry": {"type": "Point", "coordinates": [-118.4174892, 33.9012903]}, "properties": {"kind": "charge_point"}}, {"type": "Feature", "geometry": {"type": "Point", "coordinates": [-118.3110984, 34.0978992]}, "properties": {"kind": "surveillance"}}, {"type": "Feature", "geometry": {"type": "Point", "coordinates": [-118.3110869, 34.097200300000004]}, "properties": {"kind": "surveillance"}}, {"type": "Feature", "geometry": {"type": "Point", "coordinates": [-118.39256870000001, 34.079429600000005]}, "properties": {"kind": "surveillance"}}, {"type": "Feature", "geometry": {"type": "Point", "coordinates": [-118.3915788, 34.080099100000005]}, "properties": {"kind": "surveillance"}}, {"type": "Feature", "geometry": {"type": "Point", "coordinates": [-118.3913105, 34.0802853]}, "properties": {"kind": "surveillance"}}, {"type": "Feature", "geometry": {"type": "Point", "coordinates": [-118.39048220000001, 34.0808459]}, "properties": {"kind": "surveillance"}}, {"type": "Feature", "geometry": {"type": "Point", "coordinates": [-118.3895743, 34.077051700000005]}, "properties": {"kind": "surveillance"}}, {"type": "Feature", "geometry": {"type": "Point", "coordinates": [-118.4051776, 34.070761700000006]}, "properties": {"kind": "surveillance"}}, {"type": "Feature", "geometry": {"type": "Point", "coordinates": [-118.4061494, 34.0700833]}, "properties": {"kind": "surveillance"}}, {"type": "Feature", "geometry": {"type": "Point", "coordinates": [-118.40716630000001, 34.0693981]}, "properties": {"kind": "surveillance"}}, {"type": "Feature", "geometry": {"type": "Point", "coordinates": [-118.40816500000001, 34.0687146]}, "properties": {"kind": "surveillance"}}, {"type": "Feature", "geometry": {"type": "Point", "coordinates": [-118.40969480000001, 34.067672300000005]}, "properties": {"kind": "surveillance"}}, {"type": "Feature", "geometry": {"type": "Point", "coordinates": [-118.39036730000001, 34.0803802]}, "properties": {"kind": "surveillance"}}, {"type": "Feature", "geometry": {"type": "Point", "coordinates": [-118.39070570000001, 34.0802849]}, "properties": {"kind": "surveillance"}}, {"type": "Feature", "geometry": {"type": "Point", "coordinates": [-118.4142839, 34.067192]}, "properties": {"kind": "surveillance"}}, {"type": "Feature", "geometry": {"type": "Point", "coordinates": [-118.4144435, 34.066990000000004]}, "properties": {"kind": "surveillance"}}, {"type": "Feature", "geometry": {"type": "Point", "coordinates": [-118.4145562, 34.0671912]}, "properties": {"kind": "surveillance"}}, {"type": "Feature", "geometry": {"type": "Point", "coordinates": [-118.4150178, 34.066981600000005]}, "properties": {"kind": "surveillance"}}, {"type": "Feature", "geometry": {"type": "Point", "coordinates": [-118.41030190000001, 34.0669625]}, "properties": {"kind": "surveillance"}}, {"type": "Feature", "geometry": {"type": "Point", "coordinates": [-118.41057140000001, 34.0671983]}, "properties": {"kind": "surveillance"}}, {"type": "Feature", "geometry": {"type": "Point", "coordinates": [-118.41600340000001, 34.067189]}, "properties": {"kind": "surveillance"}}, {"type": "Feature", "geometry": {"type": "Point", "coordinates": [-118.41623740000001, 34.0669879]}, "properties": {"kind": "surveillance"}}, {"type": "Feature", "geometry": {"type": "Point", "coordinates": [-118.40982550000001, 34.066959000000004]}, "properties": {"kind": "surveillance"}}, {"type": "Feature", "geometry": {"type": "Point", "coordinates": [-118.4092258, 34.0671939]}, "properties": {"kind": "surveillance"}}, {"type": "Feature", "geometry": {"type": "Point", "coordinates": [-118.41314750000001, 34.0650837]}, "properties": {"kind": "surveillance"}}, {"type": "Feature", "geometry": {"type": "Point", "coordinates": [-118.40113760000001, 34.066965100000004]}, "properties": {"kind": "surveillance"}}, {"type": "Feature", "geometry": {"type": "Point", "coordinates": [-118.40576060000001, 34.066969900000004]}, "properties": {"kind": "surveillance"}}, {"type": "Feature", "geometry": {"type": "Point", "coordinates": [-118.40559850000001, 34.0671758]}, "properties": {"kind": "surveillance"}}, {"type": "Feature", "geometry": {"type": "Point", "coordinates": [-118.40128030000001, 34.0671729]}, "properties": {"kind": "surveillance"}}, {"type": "Feature", "geometry": {"type": "Point", "coordinates": [-118.39399150000001, 34.066952300000004]}, "properties": {"kind": "surveillance"}}, {"type": "Feature", "geometry": {"type": "Point", "coordinates": [-118.3942851, 34.0671242]}, "properties": {"kind": "surveillance"}}, {"type": "Feature", "geometry": {"type": "Point", "coordinates": [-118.3895557, 34.0669502]}, "properties": {"kind": "surveillance"}}, {"type": "Feature", "geometry": {"type": "Point", "coordinates": [-118.38984070000001, 34.0671635]}, "properties": {"kind": "surveillance"}}, {"type": "Feature", "geometry": {"type": "Point", "coordinates": [-118.41439070000001, 34.066993700000005]}, "properties": {"kind": "surveillance"}}, {"type": "Feature", "geometry": {"type": "Point", "coordinates": [-118.414445, 34.067002800000004]}, "properties": {"kind": "surveillance"}}, {"type": "Feature", "geometry": {"type": "Point", "coordinates": [-118.4144478, 34.067032000000005]}, "properties": {"kind": "surveillance"}}, {"type": "Feature", "geometry": {"type": "Point", "coordinates": [-118.41444910000001, 34.067058200000005]}, "properties": {"kind": "surveillance"}}, {"type": "Feature", "geometry": {"type": "Point", "coordinates": [-118.41484200000001, 34.0671911]}, "properties": {"kind": "surveillance"}}, {"type": "Feature", "geometry": {"type": "Point", "coordinates": [-118.41484200000001, 34.0672]}, "properties": {"kind": "surveillance"}}, {"type": "Feature", "geometry": {"type": "Point", "coordinates": [-118.38656870000001, 34.0669486]}, "properties": {"kind": "surveillance"}}, {"type": "Feature", "geometry": {"type": "Point", "coordinates": [-118.3868151, 34.067159100000005]}, "properties": {"kind": "surveillance"}}, {"type": "Feature", "geometry": {"type": "Point", "coordinates": [-118.3836352, 34.0672001]}, "properties": {"kind": "surveillance"}}, {"type": "Feature", "geometry": {"type": "Point", "coordinates": [-118.38385710000001, 34.0671533]}, "properties": {"kind": "surveillance"}}, {"type": "Feature", "geometry": {"type": "Point", "coordinates": [-118.393376, 33.8654991]}, "properties": {"kind": "surveillance"}}, {"type": "Feature", "geometry": {"type": "Point", "coordinates": [-118.3931048, 33.865486100000005]}, "properties": {"kind": "surveillance"}}, {"type": "Feature", "geometry": {"type": "Point", "coordinates": [-118.4139159, 34.079979800000004]}, "properties": {"kind": "surveillance"}}, {"type": "Feature", "geometry": {"type": "Point", "coordinates": [-118.41482490000001, 34.0800543]}, "properties": {"kind": "surveillance"}}, {"type": "Feature", "geometry": {"type": "Point", "coordinates": [-118.4143832, 34.0801534]}, "properties": {"kind": "surveillance"}}, {"type": "Feature", "geometry": {"type": "Point", "coordinates": [-118.4133429, 34.0800828]}, "properties": {"kind": "surveillance"}}, {"type": "Feature", "geometry": {"type": "Point", "coordinates": [-118.4139923, 34.0799785]}, "properties": {"kind": "surveillance"}}, {"type": "Feature", "geometry": {"type": "Point", "coordinates": [-118.4143317, 34.0801561]}, "properties": {"kind": "surveillance"}}, {"type": "Feature", "geometry": {"type": "Point", "coordinates": [-118.4117868, 34.081453]}, "properties": {"kind": "surveillance"}}, {"type": "Feature", "geometry": {"type": "Point", "coordinates": [-118.41144150000001, 34.0815513]}, "properties": {"kind": "surveillance"}}, {"type": "Feature", "geometry": {"type": "Point", "coordinates": [-118.4120872, 34.0817257]}, "properties": {"kind": "surveillance"}}, {"type": "Feature", "geometry": {"type": "Point", "coordinates": [-118.3979135, 34.0877513]}, "properties": {"kind": "surveillance"}}, {"type": "Feature", "geometry": {"type": "Point", "coordinates": [-118.3986299, 34.087270700000005]}, "properties": {"kind": "surveillance"}}, {"type": "Feature", "geometry": {"type": "Point", "coordinates": [-118.3983757, 34.0876078]}, "properties": {"kind": "surveillance"}}, {"type": "Feature", "geometry": {"type": "Point", "coordinates": [-118.398019, 34.087583200000005]}, "properties": {"kind": "surveillance"}}, {"type": "Feature", "geometry": {"type": "Point", "coordinates": [-118.39808760000001, 34.087423900000005]}, "properties": {"kind": "surveillance"}}, {"type": "Feature", "geometry": {"type": "Point", "coordinates": [-118.39835230000001, 34.0875567]}, "properties": {"kind": "surveillance"}}, {"type": "Feature", "geometry": {"type": "Point", "coordinates": [-118.39836240000001, 34.0875794]}, "properties": {"kind": "surveillance"}}, {"type": "Feature", "geometry": {"type": "Point", "coordinates": [-118.3981325, 34.087408700000005]}, "properties": {"kind": "surveillance"}}, {"type": "Feature", "geometry": {"type": "Point", "coordinates": [-118.3983798, 34.0876393]}, "properties": {"kind": "surveillance"}}, {"type": "Feature", "geometry": {"type": "Point", "coordinates": [-118.4125532, 34.0816873]}, "properties": {"kind": "surveillance"}}, {"type": "Feature", "geometry": {"type": "Point", "coordinates": [-118.4120946, 34.0817062]}, "properties": {"kind": "surveillance"}}, {"type": "Feature", "geometry": {"type": "Point", "coordinates": [-118.40926130000001, 34.059612200000004]}, "properties": {"kind": "surveillance"}}, {"type": "Feature", "geometry": {"type": "Point", "coordinates": [-118.40866050000001, 34.0596102]}, "properties": {"kind": "surveillance"}}, {"type": "Feature", "geometry": {"type": "Point", "coordinates": [-118.40093510000001, 34.071869500000005]}, "properties": {"kind": "surveillance"}}, {"type": "Feature", "geometry": {"type": "Point", "coordinates": [-118.4009391, 34.0720315]}, "properties": {"kind": "surveillance"}}, {"type": "Feature", "geometry": {"type": "Point", "coordinates": [-118.40012600000001, 34.0720296]}, "properties": {"kind": "surveillance"}}, {"type": "Feature", "geometry": {"type": "Point", "coordinates": [-118.4058011, 34.0598083]}, "properties": {"kind": "surveillance"}}, {"type": "Feature", "geometry": {"type": "Point", "coordinates": [-118.40528010000001, 34.059807400000004]}, "properties": {"kind": "surveillance"}}, {"type": "Feature", "geometry": {"type": "Point", "coordinates": [-118.3893192, 34.0594825]}, "properties": {"kind": "surveillance"}}, {"type": "Feature", "geometry": {"type": "Point", "coordinates": [-118.38964220000001, 34.0592744]}, "properties": {"kind": "surveillance"}}, {"type": "Feature", "geometry": {"type": "Point", "coordinates": [-118.39020670000001, 34.0592854]}, "properties": {"kind": "surveillance"}}, {"type": "Feature", "geometry": {"type": "Point", "coordinates": [-118.38997570000001, 34.0594869]}, "properties": {"kind": "surveillance"}}, {"type": "Feature", "geometry": {"type": "Point", "coordinates": [-118.44328660000001, 33.9517108]}, "properties": {"kind": "utility_pole"}}, {"type": "Feature", "geometry": {"type": "Point", "coordinates": [-118.40306760000001, 34.031043000000004]}, "properties": {"kind": "surveillance"}}, {"type": "Feature", "geometry": {"type": "Point", "coordinates": [-118.37619830000001, 34.062474900000005]}, "properties": {"kind": "surveillance"}}, {"type": "Feature", "geometry": {"type": "Point", "coordinates": [-118.3762198, 34.062475400000004]}, "properties": {"kind": "surveillance"}}, {"type": "Feature", "geometry": {"type": "Point", "coordinates": [-118.3762471, 34.062475400000004]}, "properties": {"kind": "surveillance"}}, {"type": "Feature", "geometry": {"type": "Point", "coordinates": [-118.376062, 34.0621673]}, "properties": {"kind": "surveillance"}}, {"type": "Feature", "geometry": {"type": "Point", "coordinates": [-118.37609040000001, 34.0621673]}, "properties": {"kind": "surveillance"}}, {"type": "Feature", "geometry": {"type": "Point", "coordinates": [-118.37612100000001, 34.0621673]}, "properties": {"kind": "surveillance"}}, {"type": "Feature", "geometry": {"type": "Point", "coordinates": [-118.37395740000001, 34.032547]}, "properties": {"kind": "surveillance"}}, {"type": "Feature", "geometry": {"type": "Point", "coordinates": [-118.3740231, 34.032504700000004]}, "properties": {"kind": "surveillance"}}, {"type": "Feature", "geometry": {"type": "Point", "coordinates": [-118.37466950000001, 34.0324936]}, "properties": {"kind": "surveillance"}}, {"type": "Feature", "geometry": {"type": "Point", "coordinates": [-118.3744884, 34.0323125]}, "properties": {"kind": "surveillance"}}, {"type": "Feature", "geometry": {"type": "Point", "coordinates": [-118.3743197, 34.0326301]}, "properties": {"kind": "surveillance"}}, {"type": "Feature", "geometry": {"type": "Point", "coordinates": [-118.37427600000001, 34.032302800000004]}, "properties": {"kind": "surveillance"}}, {"type": "Feature", "geometry": {"type": "Point", "coordinates": [-118.38370160000001, 34.0299277]}, "properties": {"kind": "surveillance"}}, {"type": "Feature", "geometry": {"type": "Point", "coordinates": [-118.38367260000001, 34.029722400000004]}, "properties": {"kind": "surveillance"}}, {"type": "Feature", "geometry": {"type": "Point", "coordinates": [-118.38402970000001, 34.029566100000004]}, "properties": {"kind": "surveillance"}}, {"type": "Feature", "geometry": {"type": "Point", "coordinates": [-118.38687080000001, 34.028141000000005]}, "properties": {"kind": "surveillance"}}, {"type": "Feature", "geometry": {"type": "Point", "coordinates": [-118.38661990000001, 34.0283686]}, "properties": {"kind": "surveillance"}}, {"type": "Feature", "geometry": {"type": "Point", "coordinates": [-118.38660060000001, 34.028367800000005]}, "properties": {"kind": "surveillance"}}, {"type": "Feature", "geometry": {"type": "Point", "coordinates": [-118.38624560000001, 34.028236400000004]}, "properties": {"kind": "surveillance"}}, {"type": "Feature", "geometry": {"type": "Point", "coordinates": [-118.38623790000001, 34.028213300000004]}, "properties": {"kind": "surveillance"}}, {"type": "Feature", "geometry": {"type": "Point", "coordinates": [-118.38650050000001, 34.0279985]}, "properties": {"kind": "surveillance"}}, {"type": "Feature", "geometry": {"type": "Point", "coordinates": [-118.38777510000001, 34.016925400000005]}, "properties": {"kind": "surveillance"}}, {"type": "Feature", "geometry": {"type": "Point", "coordinates": [-118.3879837, 34.017088]}, "properties": {"kind": "surveillance"}}, {"type": "Feature", "geometry": {"type": "Point", "coordinates": [-118.3882119, 34.0166859]}, "properties": {"kind": "surveillance"}}, {"type": "Feature", "geometry": {"type": "Point", "coordinates": [-118.38805230000001, 34.016409]}, "properties": {"kind": "surveillance"}}, {"type": "Feature", "geometry": {"type": "Point", "coordinates": [-118.3935438, 34.0037669]}, "properties": {"kind": "surveillance"}}, {"type": "Feature", "geometry": {"type": "Point", "coordinates": [-118.3934126, 34.003953]}, "properties": {"kind": "surveillance"}}, {"type": "Feature", "geometry": {"type": "Point", "coordinates": [-118.39321240000001, 34.004324000000004]}, "properties": {"kind": "surveillance"}}, {"type": "Feature", "geometry": {"type": "Point", "coordinates": [-118.39317000000001, 34.0044002]}, "properties": {"kind": "surveillance"}}, {"type": "Feature", "geometry": {"type": "Point", "coordinates": [-118.39354440000001, 34.0044306]}, "properties": {"kind": "surveillance"}}, {"type": "Feature", "geometry": {"type": "Point", "coordinates": [-118.39744950000001, 33.9974914]}, "properties": {"kind": "surveillance"}}, {"type": "Feature", "geometry": {"type": "Point", "coordinates": [-118.3978639, 33.9974411]}, "properties": {"kind": "surveillance"}}, {"type": "Feature", "geometry": {"type": "Point", "coordinates": [-118.39830810000001, 33.997716600000004]}, "properties": {"kind": "surveillance"}}, {"type": "Feature", "geometry": {"type": "Point", "coordinates": [-118.39799850000001, 33.997891100000004]}, "properties": {"kind": "surveillance"}}, {"type": "Feature", "geometry": {"type": "Point", "coordinates": [-118.4129982, 34.0075123]}, "properties": {"kind": "surveillance"}}, {"type": "Feature", "geometry": {"type": "Point", "coordinates": [-118.41281640000001, 34.0072305]}, "properties": {"kind": "surveillance"}}, {"type": "Feature", "geometry": {"type": "Point", "coordinates": [-118.41267640000001, 34.006869200000004]}, "properties": {"kind": "surveillance"}}, {"type": "Feature", "geometry": {"type": "Point", "coordinates": [-118.41296910000001, 34.0068402]}, "properties": {"kind": "surveillance"}}, {"type": "Feature", "geometry": {"type": "Point", "coordinates": [-118.4133254, 34.0075099]}, "properties": {"kind": "surveillance"}}, {"type": "Feature", "geometry": {"type": "Point", "coordinates": [-118.414471, 34.004249]}, "properties": {"kind": "surveillance"}}, {"type": "Feature", "geometry": {"type": "Point", "coordinates": [-118.41467680000001, 34.0038648]}, "properties": {"kind": "surveillance"}}, {"type": "Feature", "geometry": {"type": "Point", "coordinates": [-118.41627020000001, 34.0072726]}, "properties": {"kind": "surveillance"}}, {"type": "Feature", "geometry": {"type": "Point", "coordinates": [-118.42098600000001, 34.0385585]}, "properties": {"kind": "surveillance"}}, {"type": "Feature", "geometry": {"type": "Point", "coordinates": [-118.4263033, 33.956070100000005]}, "properties": {"kind": "manhole"}}, {"type": "Feature", "geometry": {"type": "Point", "coordinates": [-118.4262542, 33.9561432]}, "properties": {"kind": "manhole"}}, {"type": "Feature", "geometry": {"type": "Point", "coordinates": [-118.42523750000001, 33.9573983]}, "properties": {"kind": "manhole"}}, {"type": "Feature", "geometry": {"type": "Point", "coordinates": [-118.42530540000001, 33.957331]}, "properties": {"kind": "manhole"}}, {"type": "Feature", "geometry": {"type": "Point", "coordinates": [-118.42493820000001, 33.958899]}, "properties": {"kind": "manhole"}}, {"type": "Feature", "geometry": {"type": "Point", "coordinates": [-118.42498990000001, 33.9592219]}, "properties": {"kind": "manhole"}}, {"type": "Feature", "geometry": {"type": "Point", "coordinates": [-118.4262843, 33.955367100000004]}, "properties": {"kind": "manhole"}}, {"type": "Feature", "geometry": {"type": "Point", "coordinates": [-118.426319, 33.9552884]}, "properties": {"kind": "manhole"}}, {"type": "Feature", "geometry": {"type": "Point", "coordinates": [-118.42529640000001, 33.955113600000004]}, "properties": {"kind": "manhole"}}, {"type": "Feature", "geometry": {"type": "Point", "coordinates": [-118.4263083, 33.9598547]}, "properties": {"kind": "manhole"}}, {"type": "Feature", "geometry": {"type": "Point", "coordinates": [-118.43171760000001, 33.9364091]}, "properties": {"kind": "manhole"}}, {"type": "Feature", "geometry": {"type": "Point", "coordinates": [-118.4292875, 33.9320311]}, "properties": {"kind": "manhole"}}, {"type": "Feature", "geometry": {"type": "Point", "coordinates": [-118.4202345, 34.0389586]}, "properties": {"kind": "surveillance"}}, {"type": "Feature", "geometry": {"type": "Point", "coordinates": [-118.4099341, 33.9530416]}, "properties": {"kind": "manhole"}}, {"type": "Feature", "geometry": {"type": "Point", "coordinates": [-118.40993920000001, 33.953048700000004]}, "properties": {"kind": "manhole"}}, {"type": "Feature", "geometry": {"type": "Point", "coordinates": [-118.41680860000001, 33.953984500000004]}, "properties": {"kind": "flagpole"}}, {"type": "Feature", "geometry": {"type": "Point", "coordinates": [-118.41678540000001, 33.953993600000004]}, "properties": {"kind": "flagpole"}}, {"type": "Feature", "geometry": {"type": "Point", "coordinates": [-118.4167604, 33.9539999]}, "properties": {"kind": "flagpole"}}, {"type": "Feature", "geometry": {"type": "Point", "coordinates": [-118.43079800000001, 33.9638225]}, "properties": {"kind": "surveillance"}}, {"type": "Feature", "geometry": {"type": "Point", "coordinates": [-118.4001738, 34.034992800000005]}, "properties": {"kind": "surveillance"}}, {"type": "Feature", "geometry": {"type": "Point", "coordinates": [-118.42592010000001, 33.9650047]}, "properties": {"kind": "manhole"}}, {"type": "Feature", "geometry": {"type": "Point", "coordinates": [-118.42546150000001, 33.965039000000004]}, "properties": {"kind": "manhole"}}, {"type": "Feature", "geometry": {"type": "Point", "coordinates": [-118.42733170000001, 33.964354900000004]}, "properties": {"kind": "manhole"}}, {"type": "Feature", "geometry": {"type": "Point", "coordinates": [-118.42769190000001, 33.9643352]}, "properties": {"kind": "manhole"}}, {"type": "Feature", "geometry": {"type": "Point", "coordinates": [-118.42843970000001, 33.964620100000005]}, "properties": {"kind": "manhole"}}, {"type": "Feature", "geometry": {"type": "Point", "coordinates": [-118.42851030000001, 33.964639500000004]}, "properties": {"kind": "manhole"}}, {"type": "Feature", "geometry": {"type": "Point", "coordinates": [-118.42917940000001, 33.965061]}, "properties": {"kind": "manhole"}}, {"type": "Feature", "geometry": {"type": "Point", "coordinates": [-118.42924020000001, 33.964959900000004]}, "properties": {"kind": "manhole"}}, {"type": "Feature", "geometry": {"type": "Point", "coordinates": [-118.42988690000001, 33.965508]}, "properties": {"kind": "manhole"}}, {"type": "Feature", "geometry": {"type": "Point", "coordinates": [-118.43500300000001, 33.9626146]}, "properties": {"kind": "utility_pole"}}, {"type": "Feature", "geometry": {"type": "Point", "coordinates": [-118.4308208, 33.960178400000004]}, "properties": {"kind": "surveillance"}}, {"type": "Feature", "geometry": {"type": "Point", "coordinates": [-118.43075990000001, 33.9601655]}, "properties": {"kind": "surveillance"}}, {"type": "Feature", "geometry": {"type": "Point", "coordinates": [-118.43048010000001, 33.9602007]}, "properties": {"kind": "surveillance"}}, {"type": "Feature", "geometry": {"type": "Point", "coordinates": [-118.43030420000001, 33.960199100000004]}, "properties": {"kind": "surveillance"}}, {"type": "Feature", "geometry": {"type": "Point", "coordinates": [-118.4302049, 33.960199100000004]}, "properties": {"kind": "surveillance"}}, {"type": "Feature", "geometry": {"type": "Point", "coordinates": [-118.4298907, 33.960201000000005]}, "properties": {"kind": "surveillance"}}, {"type": "Feature", "geometry": {"type": "Point", "coordinates": [-118.42835740000001, 33.9614829]}, "properties": {"kind": "manhole"}}, {"type": "Feature", "geometry": {"type": "Point", "coordinates": [-118.42834570000001, 33.9613624]}, "properties": {"kind": "manhole"}}, {"type": "Feature", "geometry": {"type": "Point", "coordinates": [-118.4262027, 33.964368400000005]}, "properties": {"kind": "manhole"}}, {"type": "Feature", "geometry": {"type": "Point", "coordinates": [-118.4386132, 33.962530300000005]}, "properties": {"kind": "manhole"}}, {"type": "Feature", "geometry": {"type": "Point", "coordinates": [-118.43846980000001, 33.962547400000005]}, "properties": {"kind": "manhole"}}, {"type": "Feature", "geometry": {"type": "Point", "coordinates": [-118.4259638, 33.9560424]}, "properties": {"kind": "manhole"}}, {"type": "Feature", "geometry": {"type": "Point", "coordinates": [-118.42600580000001, 33.955966700000005]}, "properties": {"kind": "manhole"}}, {"type": "Feature", "geometry": {"type": "Point", "coordinates": [-118.4264715, 33.9555134]}, "properties": {"kind": "manhole"}}, {"type": "Feature", "geometry": {"type": "Point", "coordinates": [-118.42636870000001, 33.955472900000004]}, "properties": {"kind": "manhole"}}, {"type": "Feature", "geometry": {"type": "Point", "coordinates": [-118.4462101, 33.9518511]}, "properties": {"kind": "manhole"}}, {"type": "Feature", "geometry": {"type": "Point", "coordinates": [-118.32466020000001, 33.9802498]}, "properties": {"kind": "mast"}}, {"type": "Feature", "geometry": {"type": "Point", "coordinates": [-118.3312599, 33.9772885]}, "properties": {"kind": "mast"}}, {"type": "Feature", "geometry": {"type": "Point", "coordinates": [-118.4286117, 33.960204000000004]}, "properties": {"kind": "surveillance"}}, {"type": "Feature", "geometry": {"type": "Point", "coordinates": [-118.42860580000001, 33.960200300000004]}, "properties": {"kind": "surveillance"}}, {"type": "Feature", "geometry": {"type": "Point", "coordinates": [-118.4250631, 33.9652022]}, "properties": {"kind": "manhole"}}, {"type": "Feature", "geometry": {"type": "Point", "coordinates": [-118.4261165, 33.963594400000005]}, "properties": {"kind": "manhole"}}, {"type": "Feature", "geometry": {"type": "Point", "coordinates": [-118.42488770000001, 33.9580726]}, "properties": {"kind": "manhole"}}, {"type": "Feature", "geometry": {"type": "Point", "coordinates": [-118.42508500000001, 33.9582094]}, "properties": {"kind": "manhole"}}, {"type": "Feature", "geometry": {"type": "Point", "coordinates": [-118.4249795, 33.9581753]}, "properties": {"kind": "manhole"}}, {"type": "Feature", "geometry": {"type": "Point", "coordinates": [-118.43608630000001, 33.9572416]}, "properties": {"kind": "manhole"}}, {"type": "Feature", "geometry": {"type": "Point", "coordinates": [-118.43602220000001, 33.957145100000005]}, "properties": {"kind": "manhole"}}, {"type": "Feature", "geometry": {"type": "Point", "coordinates": [-118.4362576, 33.957278]}, "properties": {"kind": "manhole"}}, {"type": "Feature", "geometry": {"type": "Point", "coordinates": [-118.4363998, 33.957230200000005]}, "properties": {"kind": "manhole"}}, {"type": "Feature", "geometry": {"type": "Point", "coordinates": [-118.445892, 33.953560700000004]}, "properties": {"kind": "manhole"}}, {"type": "Feature", "geometry": {"type": "Point", "coordinates": [-118.4438846, 33.9581855]}, "properties": {"kind": "manhole"}}, {"type": "Feature", "geometry": {"type": "Point", "coordinates": [-118.36167590000001, 33.8660541]}, "properties": {"kind": "mast"}}, {"type": "Feature", "geometry": {"type": "Point", "coordinates": [-118.3623242, 33.866102600000005]}, "properties": {"kind": "mast"}}, {"type": "Feature", "geometry": {"type": "Point", "coordinates": [-118.3629238, 33.866106200000004]}, "properties": {"kind": "mast"}}, {"type": "Feature", "geometry": {"type": "Point", "coordinates": [-118.3626689, 33.8669482]}, "properties": {"kind": "mast"}}, {"type": "Feature", "geometry": {"type": "Point", "coordinates": [-118.36206200000001, 33.8671045]}, "properties": {"kind": "mast"}}, {"type": "Feature", "geometry": {"type": "Point", "coordinates": [-118.36131630000001, 33.866910000000004]}, "properties": {"kind": "mast"}}, {"type": "Feature", "geometry": {"type": "Point", "coordinates": [-118.3613622, 33.8665541]}, "properties": {"kind": "mast"}}, {"type": "Feature", "geometry": {"type": "Point", "coordinates": [-118.36439600000001, 33.8660881]}, "properties": {"kind": "flagpole"}}, {"type": "Feature", "geometry": {"type": "Point", "coordinates": [-118.4132484, 34.0652206]}, "properties": {"kind": "surveillance"}}, {"type": "Feature", "geometry": {"type": "Point", "coordinates": [-118.3241691, 33.9234584]}, "properties": {"kind": "surveillance"}}, {"type": "Feature", "geometry": {"type": "Point", "coordinates": [-118.32304950000001, 33.9225591]}, "properties": {"kind": "surveillance"}}, {"type": "Feature", "geometry": {"type": "Point", "coordinates": [-118.32520410000001, 33.9234262]}, "properties": {"kind": "surveillance"}}, {"type": "Feature", "geometry": {"type": "Point", "coordinates": [-118.4256246, 33.9574123]}, "properties": {"kind": "manhole"}}, {"type": "Feature", "geometry": {"type": "Point", "coordinates": [-118.435832, 33.956214800000005]}, "properties": {"kind": "manhole"}}, {"type": "Feature", "geometry": {"type": "Point", "coordinates": [-118.4395161, 33.956755300000005]}, "properties": {"kind": "manhole"}}, {"type": "Feature", "geometry": {"type": "Point", "coordinates": [-118.44183220000001, 33.9585833]}, "properties": {"kind": "flagpole"}}, {"type": "Feature", "geometry": {"type": "Point", "coordinates": [-118.3291652, 33.978501]}, "properties": {"kind": "surveillance"}}, {"type": "Feature", "geometry": {"type": "Point", "coordinates": [-118.326271, 33.9798661]}, "properties": {"kind": "surveillance"}}, {"type": "Feature", "geometry": {"type": "Point", "coordinates": [-118.4090572, 33.9585311]}, "properties": {"kind": "manhole"}}, {"type": "Feature", "geometry": {"type": "Point", "coordinates": [-118.40298290000001, 33.9573462]}, "properties": {"kind": "manhole"}}, {"type": "Feature", "geometry": {"type": "Point", "coordinates": [-118.42457080000001, 33.9642708]}, "properties": {"kind": "manhole"}}, {"type": "Feature", "geometry": {"type": "Point", "coordinates": [-118.4241322, 33.963849200000006]}, "properties": {"kind": "manhole"}}, {"type": "Feature", "geometry": {"type": "Point", "coordinates": [-118.38569890000001, 34.083933800000004]}, "properties": {"kind": "surveillance"}}, {"type": "Feature", "geometry": {"type": "Point", "coordinates": [-118.38538260000001, 34.0838588]}, "properties": {"kind": "surveillance"}}, {"type": "Feature", "geometry": {"type": "Point", "coordinates": [-118.37969770000001, 34.076489900000006]}, "properties": {"kind": "surveillance"}}, {"type": "Feature", "geometry": {"type": "Point", "coordinates": [-118.3775255, 34.0266594]}, "properties": {"kind": "surveillance"}}, {"type": "Feature", "geometry": {"type": "Point", "coordinates": [-118.49533910000001, 34.0110183]}, "properties": {"kind": "surveillance"}}, {"type": "Feature", "geometry": {"type": "Point", "coordinates": [-118.3092768, 33.872677700000004]}, "properties": {"kind": "surveillance"}}, {"type": "Feature", "geometry": {"type": "Point", "coordinates": [-118.30937510000001, 33.873000600000005]}, "properties": {"kind": "surveillance"}}, {"type": "Feature", "geometry": {"type": "Point", "coordinates": [-118.3093711, 33.872945200000004]}, "properties": {"kind": "surveillance"}}, {"type": "Feature", "geometry": {"type": "Point", "coordinates": [-118.3091179, 33.873062700000006]}, "properties": {"kind": "surveillance"}}, {"type": "Feature", "geometry": {"type": "Point", "coordinates": [-118.30906900000001, 33.873062100000006]}, "properties": {"kind": "surveillance"}}, {"type": "Feature", "geometry": {"type": "Point", "coordinates": [-118.30898130000001, 33.872865100000006]}, "properties": {"kind": "surveillance"}}, {"type": "Feature", "geometry": {"type": "Point", "coordinates": [-118.30897730000001, 33.8728436]}, "properties": {"kind": "surveillance"}}, {"type": "Feature", "geometry": {"type": "Point", "coordinates": [-118.3264817, 33.865639900000005]}, "properties": {"kind": "surveillance"}}, {"type": "Feature", "geometry": {"type": "Point", "coordinates": [-118.3264814, 33.865706200000005]}, "properties": {"kind": "surveillance"}}, {"type": "Feature", "geometry": {"type": "Point", "coordinates": [-118.32648150000001, 33.865675200000005]}, "properties": {"kind": "surveillance"}}, {"type": "Feature", "geometry": {"type": "Point", "coordinates": [-118.3266768, 33.865587500000004]}, "properties": {"kind": "surveillance"}}, {"type": "Feature", "geometry": {"type": "Point", "coordinates": [-118.3267249, 33.865587600000005]}, "properties": {"kind": "surveillance"}}, {"type": "Feature", "geometry": {"type": "Point", "coordinates": [-118.3264869, 33.8654693]}, "properties": {"kind": "surveillance"}}, {"type": "Feature", "geometry": {"type": "Point", "coordinates": [-118.3264881, 33.865441000000004]}, "properties": {"kind": "surveillance"}}, {"type": "Feature", "geometry": {"type": "Point", "coordinates": [-118.3262359, 33.865587000000005]}, "properties": {"kind": "surveillance"}}, {"type": "Feature", "geometry": {"type": "Point", "coordinates": [-118.37643790000001, 33.8388946]}, "properties": {"kind": "surveillance"}}, {"type": "Feature", "geometry": {"type": "Point", "coordinates": [-118.3764283, 33.838860100000005]}, "properties": {"kind": "surveillance"}}, {"type": "Feature", "geometry": {"type": "Point", "coordinates": [-118.395875, 34.0211471]}, "properties": {"kind": "pillar"}}, {"type": "Feature", "geometry": {"type": "Point", "coordinates": [-118.3959042, 34.021135900000004]}, "properties": {"kind": "pillar"}}, {"type": "Feature", "geometry": {"type": "Point", "coordinates": [-118.3959248, 34.021112200000005]}, "properties": {"kind": "pillar"}}, {"type": "Feature", "geometry": {"type": "Point", "coordinates": [-118.39592800000001, 34.0210874]}, "properties": {"kind": "pillar"}}, {"type": "Feature", "geometry": {"type": "Point", "coordinates": [-118.39591580000001, 34.0210671]}, "properties": {"kind": "pillar"}}, {"type": "Feature", "geometry": {"type": "Point", "coordinates": [-118.39585090000001, 34.0211459]}, "properties": {"kind": "pillar"}}, {"type": "Feature", "geometry": {"type": "Point", "coordinates": [-118.3983082, 33.9163982]}, "properties": {"kind": "surveillance"}}, {"type": "Feature", "geometry": {"type": "Point", "coordinates": [-118.39568480000001, 33.9068385]}, "properties": {"kind": "surveillance"}}, {"type": "Feature", "geometry": {"type": "Point", "coordinates": [-118.39566660000001, 33.9062488]}, "properties": {"kind": "surveillance"}}, {"type": "Feature", "geometry": {"type": "Point", "coordinates": [-118.4859679, 34.0147179]}, "properties": {"kind": "surveillance"}}, {"type": "Feature", "geometry": {"type": "Point", "coordinates": [-118.29172530000001, 34.110683900000005]}, "properties": {"kind": "surveillance"}}, {"type": "Feature", "geometry": {"type": "Point", "coordinates": [-118.4345794, 33.9415301]}, "properties": {"kind": "manhole"}}, {"type": "Feature", "geometry": {"type": "Point", "coordinates": [-118.4343065, 33.9401207]}, "properties": {"kind": "manhole"}}, {"type": "Feature", "geometry": {"type": "Point", "coordinates": [-118.4331892, 33.9405607]}, "properties": {"kind": "tower"}}, {"type": "Feature", "geometry": {"type": "Point", "coordinates": [-118.43063780000001, 33.9408363]}, "properties": {"kind": "manhole"}}, {"type": "Feature", "geometry": {"type": "Point", "coordinates": [-118.4344631, 33.9547874]}, "properties": {"kind": "manhole"}}, {"type": "Feature", "geometry": {"type": "Point", "coordinates": [-118.43985830000001, 33.954284200000004]}, "properties": {"kind": "manhole"}}, {"type": "Feature", "geometry": {"type": "Point", "coordinates": [-118.431431, 34.0566149]}, "properties": {"kind": "street_cabinet"}}, {"type": "Feature", "geometry": {"type": "Point", "coordinates": [-118.44369250000001, 34.0718671]}, "properties": {"kind": "surveillance"}}, {"type": "Feature", "geometry": {"type": "Point", "coordinates": [-118.49167910000001, 34.0167641]}, "properties": {"kind": "street_cabinet"}}, {"type": "Feature", "geometry": {"type": "Point", "coordinates": [-118.41679, 33.960831500000005]}, "properties": {"kind": "manhole"}}, {"type": "Feature", "geometry": {"type": "Point", "coordinates": [-118.42665930000001, 33.9596961]}, "properties": {"kind": "manhole"}}, {"type": "Feature", "geometry": {"type": "Point", "coordinates": [-118.4307426, 33.9522515]}, "properties": {"kind": "antenna"}}, {"type": "Feature", "geometry": {"type": "Point", "coordinates": [-118.41384400000001, 33.960729900000004]}, "properties": {"kind": "manhole"}}, {"type": "Feature", "geometry": {"type": "Point", "coordinates": [-118.3355015, 33.9815253]}, "properties": {"kind": "surveillance"}}, {"type": "Feature", "geometry": {"type": "Point", "coordinates": [-118.41982700000001, 33.9683063]}, "properties": {"kind": "mast"}}, {"type": "Feature", "geometry": {"type": "Point", "coordinates": [-118.41943920000001, 33.968373500000006]}, "properties": {"kind": "mast"}}, {"type": "Feature", "geometry": {"type": "Point", "coordinates": [-118.41914940000001, 33.9683914]}, "properties": {"kind": "mast"}}, {"type": "Feature", "geometry": {"type": "Point", "coordinates": [-118.4193084, 33.9695996]}, "properties": {"kind": "mast"}}, {"type": "Feature", "geometry": {"type": "Point", "coordinates": [-118.41972600000001, 33.969252000000004]}, "properties": {"kind": "mast"}}, {"type": "Feature", "geometry": {"type": "Point", "coordinates": [-118.42006230000001, 33.968974]}, "properties": {"kind": "mast"}}, {"type": "Feature", "geometry": {"type": "Point", "coordinates": [-118.4202925, 33.968372200000005]}, "properties": {"kind": "mast"}}, {"type": "Feature", "geometry": {"type": "Point", "coordinates": [-118.41872930000001, 33.968889700000005]}, "properties": {"kind": "mast"}}, {"type": "Feature", "geometry": {"type": "Point", "coordinates": [-118.4187325, 33.9694017]}, "properties": {"kind": "mast"}}, {"type": "Feature", "geometry": {"type": "Point", "coordinates": [-118.4189676, 33.968265800000005]}, "properties": {"kind": "manhole"}}, {"type": "Feature", "geometry": {"type": "Point", "coordinates": [-118.38157450000001, 33.9890905]}, "properties": {"kind": "surveillance"}}, {"type": "Feature", "geometry": {"type": "Point", "coordinates": [-118.39173570000001, 33.988577]}, "properties": {"kind": "surveillance"}}, {"type": "Feature", "geometry": {"type": "Point", "coordinates": [-118.3931553, 33.967462600000005]}, "properties": {"kind": "surveillance"}}, {"type": "Feature", "geometry": {"type": "Point", "coordinates": [-118.3481397, 33.860037000000005]}, "properties": {"kind": "mast"}}, {"type": "Feature", "geometry": {"type": "Point", "coordinates": [-118.3481368, 33.8595484]}, "properties": {"kind": "mast"}}, {"type": "Feature", "geometry": {"type": "Point", "coordinates": [-118.34728930000001, 33.859541]}, "properties": {"kind": "mast"}}, {"type": "Feature", "geometry": {"type": "Point", "coordinates": [-118.3472921, 33.860039]}, "properties": {"kind": "mast"}}, {"type": "Feature", "geometry": {"type": "Point", "coordinates": [-118.3479496, 33.8603077]}, "properties": {"kind": "mast"}}, {"type": "Feature", "geometry": {"type": "Point", "coordinates": [-118.34757970000001, 33.8605954]}, "properties": {"kind": "mast"}}, {"type": "Feature", "geometry": {"type": "Point", "coordinates": [-118.34757570000001, 33.8610726]}, "properties": {"kind": "mast"}}, {"type": "Feature", "geometry": {"type": "Point", "coordinates": [-118.34829400000001, 33.861439700000005]}, "properties": {"kind": "mast"}}, {"type": "Feature", "geometry": {"type": "Point", "coordinates": [-118.34894050000001, 33.8608923]}, "properties": {"kind": "mast"}}, {"type": "Feature", "geometry": {"type": "Point", "coordinates": [-118.34850410000001, 33.860327000000005]}, "properties": {"kind": "mast"}}, {"type": "Feature", "geometry": {"type": "Point", "coordinates": [-118.3861418, 33.967709400000004]}, "properties": {"kind": "manhole"}}, {"type": "Feature", "geometry": {"type": "Point", "coordinates": [-118.38619680000001, 33.967840800000005]}, "properties": {"kind": "manhole"}}, {"type": "Feature", "geometry": {"type": "Point", "coordinates": [-118.38681190000001, 33.9693586]}, "properties": {"kind": "manhole"}}, {"type": "Feature", "geometry": {"type": "Point", "coordinates": [-118.3867105, 33.969435600000004]}, "properties": {"kind": "manhole"}}, {"type": "Feature", "geometry": {"type": "Point", "coordinates": [-118.4273407, 33.9810425]}, "properties": {"kind": "manhole"}}, {"type": "Feature", "geometry": {"type": "Point", "coordinates": [-118.4272176, 33.9810369]}, "properties": {"kind": "manhole"}}, {"type": "Feature", "geometry": {"type": "Point", "coordinates": [-118.4271238, 33.9810317]}, "properties": {"kind": "manhole"}}, {"type": "Feature", "geometry": {"type": "Point", "coordinates": [-118.42718090000001, 33.9812357]}, "properties": {"kind": "manhole"}}, {"type": "Feature", "geometry": {"type": "Point", "coordinates": [-118.4268155, 33.9811609]}, "properties": {"kind": "manhole"}}, {"type": "Feature", "geometry": {"type": "Point", "coordinates": [-118.42660110000001, 33.981121300000005]}, "properties": {"kind": "manhole"}}, {"type": "Feature", "geometry": {"type": "Point", "coordinates": [-118.4265089, 33.9811008]}, "properties": {"kind": "manhole"}}, {"type": "Feature", "geometry": {"type": "Point", "coordinates": [-118.4264366, 33.9809798]}, "properties": {"kind": "manhole"}}, {"type": "Feature", "geometry": {"type": "Point", "coordinates": [-118.41648610000001, 33.9664616]}, "properties": {"kind": "mast"}}, {"type": "Feature", "geometry": {"type": "Point", "coordinates": [-118.4164789, 33.9668407]}, "properties": {"kind": "mast"}}, {"type": "Feature", "geometry": {"type": "Point", "coordinates": [-118.41647160000001, 33.967134]}, "properties": {"kind": "mast"}}, {"type": "Feature", "geometry": {"type": "Point", "coordinates": [-118.4153119, 33.967131]}, "properties": {"kind": "mast"}}, {"type": "Feature", "geometry": {"type": "Point", "coordinates": [-118.41523910000001, 33.966847]}, "properties": {"kind": "mast"}}, {"type": "Feature", "geometry": {"type": "Point", "coordinates": [-118.41525200000001, 33.9665539]}, "properties": {"kind": "mast"}}, {"type": "Feature", "geometry": {"type": "Point", "coordinates": [-118.41545590000001, 33.9660552]}, "properties": {"kind": "mast"}}, {"type": "Feature", "geometry": {"type": "Point", "coordinates": [-118.41649430000001, 33.9661003]}, "properties": {"kind": "mast"}}, {"type": "Feature", "geometry": {"type": "Point", "coordinates": [-118.4147284, 33.9661447]}, "properties": {"kind": "mast"}}, {"type": "Feature", "geometry": {"type": "Point", "coordinates": [-118.4143787, 33.9661406]}, "properties": {"kind": "mast"}}, {"type": "Feature", "geometry": {"type": "Point", "coordinates": [-118.41422360000001, 33.9671297]}, "properties": {"kind": "mast"}}, {"type": "Feature", "geometry": {"type": "Point", "coordinates": [-118.4143605, 33.9672678]}, "properties": {"kind": "mast"}}, {"type": "Feature", "geometry": {"type": "Point", "coordinates": [-118.4140813, 33.9676532]}, "properties": {"kind": "mast"}}, {"type": "Feature", "geometry": {"type": "Point", "coordinates": [-118.41444990000001, 33.9679288]}, "properties": {"kind": "mast"}}, {"type": "Feature", "geometry": {"type": "Point", "coordinates": [-118.4148097, 33.9677726]}, "properties": {"kind": "mast"}}, {"type": "Feature", "geometry": {"type": "Point", "coordinates": [-118.4069166, 33.9775513]}, "properties": {"kind": "manhole"}}, {"type": "Feature", "geometry": {"type": "Point", "coordinates": [-118.40638340000001, 33.9817532]}, "properties": {"kind": "manhole"}}, {"type": "Feature", "geometry": {"type": "Point", "coordinates": [-118.3980224, 33.9830654]}, "properties": {"kind": "manhole"}}, {"type": "Feature", "geometry": {"type": "Point", "coordinates": [-118.336706, 34.0483612]}, "properties": {"kind": "surveillance"}}, {"type": "Feature", "geometry": {"type": "Point", "coordinates": [-118.33625660000001, 34.047333200000004]}, "properties": {"kind": "surveillance"}}, {"type": "Feature", "geometry": {"type": "Point", "coordinates": [-118.3362534, 34.0473072]}, "properties": {"kind": "surveillance"}}, {"type": "Feature", "geometry": {"type": "Point", "coordinates": [-118.33677820000001, 34.0472811]}, "properties": {"kind": "surveillance"}}, {"type": "Feature", "geometry": {"type": "Point", "coordinates": [-118.33693000000001, 34.048520100000005]}, "properties": {"kind": "surveillance"}}, {"type": "Feature", "geometry": {"type": "Point", "coordinates": [-118.33691700000001, 34.048504900000005]}, "properties": {"kind": "surveillance"}}, {"type": "Feature", "geometry": {"type": "Point", "coordinates": [-118.4492749, 33.9578232]}, "properties": {"kind": "antenna"}}, {"type": "Feature", "geometry": {"type": "Point", "coordinates": [-118.3625719, 34.0065687]}, "properties": {"kind": "mast"}}, {"type": "Feature", "geometry": {"type": "Point", "coordinates": [-118.3628812, 34.0061728]}, "properties": {"kind": "mast"}}, {"type": "Feature", "geometry": {"type": "Point", "coordinates": [-118.3618632, 34.0072283]}, "properties": {"kind": "beacon"}}, {"type": "Feature", "geometry": {"type": "Point", "coordinates": [-118.3615874, 34.007285700000004]}, "properties": {"kind": "beacon"}}, {"type": "Feature", "geometry": {"type": "Point", "coordinates": [-118.3617612, 34.0079012]}, "properties": {"kind": "mast"}}, {"type": "Feature", "geometry": {"type": "Point", "coordinates": [-118.4389926, 33.951103]}, "properties": {"kind": "manhole"}}, {"type": "Feature", "geometry": {"type": "Point", "coordinates": [-118.4432491, 33.951462500000005]}, "properties": {"kind": "mast"}}, {"type": "Feature", "geometry": {"type": "Point", "coordinates": [-118.44222950000001, 33.9444722]}, "properties": {"kind": "manhole"}}, {"type": "Feature", "geometry": {"type": "Point", "coordinates": [-118.4390467, 33.9386997]}, "properties": {"kind": "manhole"}}, {"type": "Feature", "geometry": {"type": "Point", "coordinates": [-118.438308, 33.9376699]}, "properties": {"kind": "manhole"}}, {"type": "Feature", "geometry": {"type": "Point", "coordinates": [-118.43840390000001, 33.9374551]}, "properties": {"kind": "manhole"}}, {"type": "Feature", "geometry": {"type": "Point", "coordinates": [-118.43773130000001, 33.9341433]}, "properties": {"kind": "surveillance"}}, {"type": "Feature", "geometry": {"type": "Point", "coordinates": [-118.43576560000001, 33.930500200000004]}, "properties": {"kind": "flagpole"}}, {"type": "Feature", "geometry": {"type": "Point", "coordinates": [-118.4351386, 33.9309479]}, "properties": {"kind": "manhole"}}, {"type": "Feature", "geometry": {"type": "Point", "coordinates": [-118.43286610000001, 33.930697200000004]}, "properties": {"kind": "mast"}}, {"type": "Feature", "geometry": {"type": "Point", "coordinates": [-118.4585133, 34.0689216]}, "properties": {"kind": "surveillance"}}, {"type": "Feature", "geometry": {"type": "Point", "coordinates": [-118.38391460000001, 34.0180019]}, "properties": {"kind": "surveillance"}}, {"type": "Feature", "geometry": {"type": "Point", "coordinates": [-118.39533750000001, 33.9953845]}, "properties": {"kind": "surveillance"}}, {"type": "Feature", "geometry": {"type": "Point", "coordinates": [-118.3953369, 33.995150100000004]}, "properties": {"kind": "surveillance"}}, {"type": "Feature", "geometry": {"type": "Point", "coordinates": [-118.39542540000001, 33.995058300000004]}, "properties": {"kind": "surveillance"}}, {"type": "Feature", "geometry": {"type": "Point", "coordinates": [-118.4084483, 33.9571807]}, "properties": {"kind": "manhole"}}, {"type": "Feature", "geometry": {"type": "Point", "coordinates": [-118.4083377, 33.9572887]}, "properties": {"kind": "manhole"}}, {"type": "Feature", "geometry": {"type": "Point", "coordinates": [-118.4156482, 33.9584934]}, "properties": {"kind": "mast"}}, {"type": "Feature", "geometry": {"type": "Point", "coordinates": [-118.4153988, 33.9585434]}, "properties": {"kind": "mast"}}, {"type": "Feature", "geometry": {"type": "Point", "coordinates": [-118.41571470000001, 33.9583669]}, "properties": {"kind": "mast"}}, {"type": "Feature", "geometry": {"type": "Point", "coordinates": [-118.41563020000001, 33.9581698]}, "properties": {"kind": "mast"}}, {"type": "Feature", "geometry": {"type": "Point", "coordinates": [-118.4155922, 33.9577557]}, "properties": {"kind": "mast"}}, {"type": "Feature", "geometry": {"type": "Point", "coordinates": [-118.4154764, 33.9574255]}, "properties": {"kind": "mast"}}, {"type": "Feature", "geometry": {"type": "Point", "coordinates": [-118.4153792, 33.957161400000004]}, "properties": {"kind": "mast"}}, {"type": "Feature", "geometry": {"type": "Point", "coordinates": [-118.4148823, 33.957198600000005]}, "properties": {"kind": "mast"}}, {"type": "Feature", "geometry": {"type": "Point", "coordinates": [-118.4145464, 33.9573369]}, "properties": {"kind": "mast"}}, {"type": "Feature", "geometry": {"type": "Point", "coordinates": [-118.413874, 33.957515300000004]}, "properties": {"kind": "mast"}}, {"type": "Feature", "geometry": {"type": "Point", "coordinates": [-118.41384550000001, 33.9578343]}, "properties": {"kind": "mast"}}, {"type": "Feature", "geometry": {"type": "Point", "coordinates": [-118.4138274, 33.9582007]}, "properties": {"kind": "mast"}}, {"type": "Feature", "geometry": {"type": "Point", "coordinates": [-118.4139047, 33.958522200000004]}, "properties": {"kind": "mast"}}, {"type": "Feature", "geometry": {"type": "Point", "coordinates": [-118.4139334, 33.9587853]}, "properties": {"kind": "mast"}}, {"type": "Feature", "geometry": {"type": "Point", "coordinates": [-118.4144804, 33.958772700000004]}, "properties": {"kind": "mast"}}, {"type": "Feature", "geometry": {"type": "Point", "coordinates": [-118.4142072, 33.9589112]}, "properties": {"kind": "mast"}}, {"type": "Feature", "geometry": {"type": "Point", "coordinates": [-118.41488070000001, 33.958640700000004]}, "properties": {"kind": "mast"}}, {"type": "Feature", "geometry": {"type": "Point", "coordinates": [-118.41097830000001, 33.9556661]}, "properties": {"kind": "mast"}}, {"type": "Feature", "geometry": {"type": "Point", "coordinates": [-118.4125681, 33.9557747]}, "properties": {"kind": "mast"}}, {"type": "Feature", "geometry": {"type": "Point", "coordinates": [-118.4130143, 33.955665200000006]}, "properties": {"kind": "mast"}}, {"type": "Feature", "geometry": {"type": "Point", "coordinates": [-118.4118397, 33.956414200000005]}, "properties": {"kind": "mast"}}, {"type": "Feature", "geometry": {"type": "Point", "coordinates": [-118.4127181, 33.9562341]}, "properties": {"kind": "mast"}}, {"type": "Feature", "geometry": {"type": "Point", "coordinates": [-118.41316660000001, 33.9563067]}, "properties": {"kind": "mast"}}, {"type": "Feature", "geometry": {"type": "Point", "coordinates": [-118.4135607, 33.956766200000004]}, "properties": {"kind": "mast"}}, {"type": "Feature", "geometry": {"type": "Point", "coordinates": [-118.4126956, 33.9567927]}, "properties": {"kind": "mast"}}, {"type": "Feature", "geometry": {"type": "Point", "coordinates": [-118.4118002, 33.9570917]}, "properties": {"kind": "mast"}}, {"type": "Feature", "geometry": {"type": "Point", "coordinates": [-118.41131250000001, 33.9574228]}, "properties": {"kind": "mast"}}, {"type": "Feature", "geometry": {"type": "Point", "coordinates": [-118.4101007, 33.9568834]}, "properties": {"kind": "mast"}}, {"type": "Feature", "geometry": {"type": "Point", "coordinates": [-118.41065470000001, 33.9567962]}, "properties": {"kind": "mast"}}, {"type": "Feature", "geometry": {"type": "Point", "coordinates": [-118.41079140000001, 33.9562423]}, "properties": {"kind": "mast"}}, {"type": "Feature", "geometry": {"type": "Point", "coordinates": [-118.41055990000001, 33.9558115]}, "properties": {"kind": "mast"}}, {"type": "Feature", "geometry": {"type": "Point", "coordinates": [-118.4099858, 33.955377600000006]}, "properties": {"kind": "mast"}}, {"type": "Feature", "geometry": {"type": "Point", "coordinates": [-118.41040880000001, 33.9550557]}, "properties": {"kind": "mast"}}, {"type": "Feature", "geometry": {"type": "Point", "coordinates": [-118.4100159, 33.9550611]}, "properties": {"kind": "mast"}}, {"type": "Feature", "geometry": {"type": "Point", "coordinates": [-118.40950810000001, 33.9557464]}, "properties": {"kind": "mast"}}, {"type": "Feature", "geometry": {"type": "Point", "coordinates": [-118.4098871, 33.9561689]}, "properties": {"kind": "mast"}}, {"type": "Feature", "geometry": {"type": "Point", "coordinates": [-118.4098151, 33.9563183]}, "properties": {"kind": "mast"}}, {"type": "Feature", "geometry": {"type": "Point", "coordinates": [-118.4097713, 33.956751000000004]}, "properties": {"kind": "mast"}}, {"type": "Feature", "geometry": {"type": "Point", "coordinates": [-118.40967810000001, 33.9568899]}, "properties": {"kind": "mast"}}, {"type": "Feature", "geometry": {"type": "Point", "coordinates": [-118.4102211, 33.956627600000004]}, "properties": {"kind": "mast"}}, {"type": "Feature", "geometry": {"type": "Point", "coordinates": [-118.41049620000001, 33.9562667]}, "properties": {"kind": "mast"}}, {"type": "Feature", "geometry": {"type": "Point", "coordinates": [-118.41071050000001, 33.958041200000004]}, "properties": {"kind": "mast"}}, {"type": "Feature", "geometry": {"type": "Point", "coordinates": [-118.41005670000001, 33.9582667]}, "properties": {"kind": "mast"}}, {"type": "Feature", "geometry": {"type": "Point", "coordinates": [-118.4103537, 33.9594169]}, "properties": {"kind": "mast"}}, {"type": "Feature", "geometry": {"type": "Point", "coordinates": [-118.41051680000001, 33.9590473]}, "properties": {"kind": "mast"}}, {"type": "Feature", "geometry": {"type": "Point", "coordinates": [-118.41099320000001, 33.9589561]}, "properties": {"kind": "mast"}}, {"type": "Feature", "geometry": {"type": "Point", "coordinates": [-118.4114916, 33.9588788]}, "properties": {"kind": "mast"}}, {"type": "Feature", "geometry": {"type": "Point", "coordinates": [-118.412028, 33.9592972]}, "properties": {"kind": "mast"}}, {"type": "Feature", "geometry": {"type": "Point", "coordinates": [-118.41192600000001, 33.9580648]}, "properties": {"kind": "mast"}}, {"type": "Feature", "geometry": {"type": "Point", "coordinates": [-118.4119368, 33.9584837]}, "properties": {"kind": "mast"}}, {"type": "Feature", "geometry": {"type": "Point", "coordinates": [-118.41177200000001, 33.959312000000004]}, "properties": {"kind": "mast"}}, {"type": "Feature", "geometry": {"type": "Point", "coordinates": [-118.4109681, 33.959412]}, "properties": {"kind": "mast"}}, {"type": "Feature", "geometry": {"type": "Point", "coordinates": [-118.41111950000001, 33.9547481]}, "properties": {"kind": "mast"}}, {"type": "Feature", "geometry": {"type": "Point", "coordinates": [-118.412305, 33.955032800000005]}, "properties": {"kind": "mast"}}, {"type": "Feature", "geometry": {"type": "Point", "coordinates": [-118.4125961, 33.9546523]}, "properties": {"kind": "mast"}}, {"type": "Feature", "geometry": {"type": "Point", "coordinates": [-118.41226270000001, 33.956224500000005]}, "properties": {"kind": "mast"}}, {"type": "Feature", "geometry": {"type": "Point", "coordinates": [-118.40950670000001, 33.9570026]}, "properties": {"kind": "mast"}}, {"type": "Feature", "geometry": {"type": "Point", "coordinates": [-118.4123162, 33.9593177]}, "properties": {"kind": "mast"}}, {"type": "Feature", "geometry": {"type": "Point", "coordinates": [-118.41261320000001, 33.9593165]}, "properties": {"kind": "mast"}}, {"type": "Feature", "geometry": {"type": "Point", "coordinates": [-118.4135042, 33.9592456]}, "properties": {"kind": "mast"}}, {"type": "Feature", "geometry": {"type": "Point", "coordinates": [-118.41321640000001, 33.959299300000005]}, "properties": {"kind": "mast"}}, {"type": "Feature", "geometry": {"type": "Point", "coordinates": [-118.4129341, 33.9593158]}, "properties": {"kind": "mast"}}, {"type": "Feature", "geometry": {"type": "Point", "coordinates": [-118.4091516, 33.9562399]}, "properties": {"kind": "mast"}}, {"type": "Feature", "geometry": {"type": "Point", "coordinates": [-118.40862480000001, 33.956141800000005]}, "properties": {"kind": "mast"}}, {"type": "Feature", "geometry": {"type": "Point", "coordinates": [-118.40810750000001, 33.9561465]}, "properties": {"kind": "mast"}}, {"type": "Feature", "geometry": {"type": "Point", "coordinates": [-118.40756820000001, 33.956145500000005]}, "properties": {"kind": "mast"}}, {"type": "Feature", "geometry": {"type": "Point", "coordinates": [-118.40702420000001, 33.9559413]}, "properties": {"kind": "mast"}}, {"type": "Feature", "geometry": {"type": "Point", "coordinates": [-118.4071464, 33.9563293]}, "properties": {"kind": "mast"}}, {"type": "Feature", "geometry": {"type": "Point", "coordinates": [-118.406542, 33.9559149]}, "properties": {"kind": "mast"}}, {"type": "Feature", "geometry": {"type": "Point", "coordinates": [-118.40613330000001, 33.955955100000004]}, "properties": {"kind": "mast"}}, {"type": "Feature", "geometry": {"type": "Point", "coordinates": [-118.40622920000001, 33.9561371]}, "properties": {"kind": "mast"}}, {"type": "Feature", "geometry": {"type": "Point", "coordinates": [-118.40581750000001, 33.9560034]}, "properties": {"kind": "mast"}}, {"type": "Feature", "geometry": {"type": "Point", "coordinates": [-118.40546020000001, 33.956070700000005]}, "properties": {"kind": "mast"}}, {"type": "Feature", "geometry": {"type": "Point", "coordinates": [-118.40513720000001, 33.9562363]}, "properties": {"kind": "mast"}}, {"type": "Feature", "geometry": {"type": "Point", "coordinates": [-118.40467330000001, 33.956071]}, "properties": {"kind": "mast"}}, {"type": "Feature", "geometry": {"type": "Point", "coordinates": [-118.40463530000001, 33.9567799]}, "properties": {"kind": "mast"}}, {"type": "Feature", "geometry": {"type": "Point", "coordinates": [-118.40539910000001, 33.9567725]}, "properties": {"kind": "mast"}}, {"type": "Feature", "geometry": {"type": "Point", "coordinates": [-118.4063284, 33.9567764]}, "properties": {"kind": "mast"}}, {"type": "Feature", "geometry": {"type": "Point", "coordinates": [-118.40592980000001, 33.9567721]}, "properties": {"kind": "mast"}}, {"type": "Feature", "geometry": {"type": "Point", "coordinates": [-118.40641350000001, 33.9565043]}, "properties": {"kind": "mast"}}, {"type": "Feature", "geometry": {"type": "Point", "coordinates": [-118.41284730000001, 33.9541824]}, "properties": {"kind": "manhole"}}, {"type": "Feature", "geometry": {"type": "Point", "coordinates": [-118.4132656, 33.954399200000005]}, "properties": {"kind": "manhole"}}, {"type": "Feature", "geometry": {"type": "Point", "coordinates": [-118.41554970000001, 33.9537038]}, "properties": {"kind": "mast"}}, {"type": "Feature", "geometry": {"type": "Point", "coordinates": [-118.41528380000001, 33.9537311]}, "properties": {"kind": "mast"}}, {"type": "Feature", "geometry": {"type": "Point", "coordinates": [-118.41580540000001, 33.9536764]}, "properties": {"kind": "mast"}}, {"type": "Feature", "geometry": {"type": "Point", "coordinates": [-118.4160605, 33.95365]}, "properties": {"kind": "mast"}}, {"type": "Feature", "geometry": {"type": "Point", "coordinates": [-118.41633060000001, 33.9536235]}, "properties": {"kind": "mast"}}, {"type": "Feature", "geometry": {"type": "Point", "coordinates": [-118.41658170000001, 33.9535976]}, "properties": {"kind": "mast"}}, {"type": "Feature", "geometry": {"type": "Point", "coordinates": [-118.41683400000001, 33.9535719]}, "properties": {"kind": "mast"}}, {"type": "Feature", "geometry": {"type": "Point", "coordinates": [-118.41705830000001, 33.9539291]}, "properties": {"kind": "mast"}}, {"type": "Feature", "geometry": {"type": "Point", "coordinates": [-118.41710300000001, 33.9541096]}, "properties": {"kind": "mast"}}, {"type": "Feature", "geometry": {"type": "Point", "coordinates": [-118.4168901, 33.9544197]}, "properties": {"kind": "mast"}}, {"type": "Feature", "geometry": {"type": "Point", "coordinates": [-118.41699000000001, 33.954607100000004]}, "properties": {"kind": "mast"}}, {"type": "Feature", "geometry": {"type": "Point", "coordinates": [-118.41719400000001, 33.954547600000005]}, "properties": {"kind": "mast"}}, {"type": "Feature", "geometry": {"type": "Point", "coordinates": [-118.41711570000001, 33.955121500000004]}, "properties": {"kind": "mast"}}, {"type": "Feature", "geometry": {"type": "Point", "coordinates": [-118.41722170000001, 33.955243700000004]}, "properties": {"kind": "manhole"}}, {"type": "Feature", "geometry": {"type": "Point", "coordinates": [-118.4269022, 33.9527303]}, "properties": {"kind": "manhole"}}, {"type": "Feature", "geometry": {"type": "Point", "coordinates": [-118.4335188, 34.0566185]}, "properties": {"kind": "utility_pole"}}, {"type": "Feature", "geometry": {"type": "Point", "coordinates": [-118.4352401, 34.057087100000004]}, "properties": {"kind": "utility_pole"}}, {"type": "Feature", "geometry": {"type": "Point", "coordinates": [-118.43232390000001, 34.0588032]}, "properties": {"kind": "utility_pole"}}, {"type": "Feature", "geometry": {"type": "Point", "coordinates": [-118.424975, 34.060214]}, "properties": {"kind": "utility_pole"}}, {"type": "Feature", "geometry": {"type": "Point", "coordinates": [-118.4213048, 34.0585468]}, "properties": {"kind": "utility_pole"}}, {"type": "Feature", "geometry": {"type": "Point", "coordinates": [-118.4354284, 34.0506563]}, "properties": {"kind": "utility_pole"}}, {"type": "Feature", "geometry": {"type": "Point", "coordinates": [-118.43500990000001, 34.050761]}, "properties": {"kind": "utility_pole"}}, {"type": "Feature", "geometry": {"type": "Point", "coordinates": [-118.4302023, 34.0535964]}, "properties": {"kind": "surveillance"}}, {"type": "Feature", "geometry": {"type": "Point", "coordinates": [-118.43002940000001, 34.0543998]}, "properties": {"kind": "street_cabinet"}}, {"type": "Feature", "geometry": {"type": "Point", "coordinates": [-118.4377221, 34.055032100000005]}, "properties": {"kind": "surveillance"}}, {"type": "Feature", "geometry": {"type": "Point", "coordinates": [-118.43718770000001, 34.054647]}, "properties": {"kind": "utility_pole"}}, {"type": "Feature", "geometry": {"type": "Point", "coordinates": [-118.4370483, 34.054490300000005]}, "properties": {"kind": "utility_pole"}}, {"type": "Feature", "geometry": {"type": "Point", "coordinates": [-118.42839860000001, 34.0460494]}, "properties": {"kind": "street_cabinet"}}, {"type": "Feature", "geometry": {"type": "Point", "coordinates": [-118.3129246, 33.8373902]}, "properties": {"kind": "surveillance"}}, {"type": "Feature", "geometry": {"type": "Point", "coordinates": [-118.37298430000001, 34.061851600000004]}, "properties": {"kind": "surveillance"}}, {"type": "Feature", "geometry": {"type": "Point", "coordinates": [-118.37642360000001, 34.059297400000005]}, "properties": {"kind": "surveillance"}}, {"type": "Feature", "geometry": {"type": "Point", "coordinates": [-118.3969649, 33.9446199]}, "properties": {"kind": "flagpole"}}, {"type": "Feature", "geometry": {"type": "Point", "coordinates": [-118.4292456, 33.9596096]}, "properties": {"kind": "manhole"}}, {"type": "Feature", "geometry": {"type": "Point", "coordinates": [-118.4298054, 33.9598504]}, "properties": {"kind": "manhole"}}, {"type": "Feature", "geometry": {"type": "Point", "coordinates": [-118.3437281, 33.873035900000005]}, "properties": {"kind": "surveillance"}}, {"type": "Feature", "geometry": {"type": "Point", "coordinates": [-118.34376800000001, 33.873029800000005]}, "properties": {"kind": "surveillance"}}, {"type": "Feature", "geometry": {"type": "Point", "coordinates": [-118.34360380000001, 33.872807200000004]}, "properties": {"kind": "surveillance"}}, {"type": "Feature", "geometry": {"type": "Point", "coordinates": [-118.34379360000001, 33.873027900000004]}, "properties": {"kind": "surveillance"}}, {"type": "Feature", "geometry": {"type": "Point", "coordinates": [-118.3435929, 33.8727098]}, "properties": {"kind": "surveillance"}}, {"type": "Feature", "geometry": {"type": "Point", "coordinates": [-118.34359590000001, 33.8727412]}, "properties": {"kind": "surveillance"}}, {"type": "Feature", "geometry": {"type": "Point", "coordinates": [-118.3436008, 33.872776200000004]}, "properties": {"kind": "surveillance"}}, {"type": "Feature", "geometry": {"type": "Point", "coordinates": [-118.3438655, 33.8726495]}, "properties": {"kind": "surveillance"}}, {"type": "Feature", "geometry": {"type": "Point", "coordinates": [-118.3439041, 33.872654100000005]}, "properties": {"kind": "surveillance"}}, {"type": "Feature", "geometry": {"type": "Point", "coordinates": [-118.31290550000001, 33.8373867]}, "properties": {"kind": "surveillance"}}, {"type": "Feature", "geometry": {"type": "Point", "coordinates": [-118.42041010000001, 34.037352600000006]}, "properties": {"kind": "surveillance"}}, {"type": "Feature", "geometry": {"type": "Point", "coordinates": [-118.4208006, 34.0374041]}, "properties": {"kind": "surveillance"}}, {"type": "Feature", "geometry": {"type": "Point", "coordinates": [-118.44284280000001, 33.9850718]}, "properties": {"kind": "surveillance"}}, {"type": "Feature", "geometry": {"type": "Point", "coordinates": [-118.38010320000001, 33.9888844]}, "properties": {"kind": "surveillance"}}, {"type": "Feature", "geometry": {"type": "Point", "coordinates": [-118.38071400000001, 33.989079700000005]}, "properties": {"kind": "surveillance"}}, {"type": "Feature", "geometry": {"type": "Point", "coordinates": [-118.36165070000001, 34.0938119]}, "properties": {"kind": "surveillance"}}, {"type": "Feature", "geometry": {"type": "Point", "coordinates": [-118.39384960000001, 34.0580695]}, "properties": {"kind": "surveillance"}}, {"type": "Feature", "geometry": {"type": "Point", "coordinates": [-118.3955655, 33.9096239]}, "properties": {"kind": "surveillance"}}, {"type": "Feature", "geometry": {"type": "Point", "coordinates": [-118.31173570000001, 33.9879121]}, "properties": {"kind": "surveillance"}}, {"type": "Feature", "geometry": {"type": "Point", "coordinates": [-118.3955621, 34.090571600000004]}, "properties": {"kind": "surveillance"}}, {"type": "Feature", "geometry": {"type": "Point", "coordinates": [-118.3651002, 33.8581226]}, "properties": {"kind": "charge_point"}}, {"type": "Feature", "geometry": {"type": "Point", "coordinates": [-118.3652631, 33.8580643]}, "properties": {"kind": "charge_point"}}, {"type": "Feature", "geometry": {"type": "Point", "coordinates": [-118.36475270000001, 33.8581219]}, "properties": {"kind": "charge_point"}}, {"type": "Feature", "geometry": {"type": "Point", "coordinates": [-118.3651981, 33.858122800000004]}, "properties": {"kind": "charge_point"}}, {"type": "Feature", "geometry": {"type": "Point", "coordinates": [-118.36496140000001, 33.858122300000005]}, "properties": {"kind": "charge_point"}}, {"type": "Feature", "geometry": {"type": "Point", "coordinates": [-118.36502960000001, 33.8581224]}, "properties": {"kind": "charge_point"}}, {"type": "Feature", "geometry": {"type": "Point", "coordinates": [-118.364896, 33.858122200000004]}, "properties": {"kind": "charge_point"}}, {"type": "Feature", "geometry": {"type": "Point", "coordinates": [-118.3648273, 33.858122]}, "properties": {"kind": "charge_point"}}, {"type": "Feature", "geometry": {"type": "Point", "coordinates": [-118.36515560000001, 33.8581227]}, "properties": {"kind": "charge_point"}}, {"type": "Feature", "geometry": {"type": "Point", "coordinates": [-118.36525990000001, 33.8580143]}, "properties": {"kind": "charge_point"}}, {"type": "Feature", "geometry": {"type": "Point", "coordinates": [-118.46990840000001, 34.025238900000005]}, "properties": {"kind": "surveillance"}}, {"type": "Feature", "geometry": {"type": "Point", "coordinates": [-118.48010180000001, 34.028844]}, "properties": {"kind": "surveillance"}}, {"type": "Feature", "geometry": {"type": "Point", "coordinates": [-118.4720267, 34.0406319]}, "properties": {"kind": "surveillance"}}, {"type": "Feature", "geometry": {"type": "Point", "coordinates": [-118.366461, 34.0908723]}, "properties": {"kind": "surveillance"}}, {"type": "Feature", "geometry": {"type": "Point", "coordinates": [-118.37403990000001, 34.083086800000004]}, "properties": {"kind": "surveillance"}}, {"type": "Feature", "geometry": {"type": "Point", "coordinates": [-118.41501020000001, 33.9537615]}, "properties": {"kind": "mast"}}, {"type": "Feature", "geometry": {"type": "Point", "coordinates": [-118.41474930000001, 33.9537861]}, "properties": {"kind": "mast"}}, {"type": "Feature", "geometry": {"type": "Point", "coordinates": [-118.43107810000001, 33.959599600000004]}, "properties": {"kind": "manhole"}}, {"type": "Feature", "geometry": {"type": "Point", "coordinates": [-118.39530060000001, 34.110598200000005]}, "properties": {"kind": "surveillance"}}, {"type": "Feature", "geometry": {"type": "Point", "coordinates": [-118.40061440000001, 33.8913506]}, "properties": {"kind": "utility_pole"}}, {"type": "Feature", "geometry": {"type": "Point", "coordinates": [-118.40122720000001, 33.8923465]}, "properties": {"kind": "utility_pole"}}, {"type": "Feature", "geometry": {"type": "Point", "coordinates": [-118.4111756, 34.0319735]}, "properties": {"kind": "surveillance"}}, {"type": "Feature", "geometry": {"type": "Point", "coordinates": [-118.31199620000001, 34.0979625]}, "properties": {"kind": "surveillance"}}, {"type": "Feature", "geometry": {"type": "Point", "coordinates": [-118.44766860000001, 34.0456689]}, "properties": {"kind": "surveillance"}}, {"type": "Feature", "geometry": {"type": "Point", "coordinates": [-118.3394789, 33.9019609]}, "properties": {"kind": "surveillance"}}, {"type": "Feature", "geometry": {"type": "Point", "coordinates": [-118.4246775, 33.9176753]}, "properties": {"kind": "surveillance"}}, {"type": "Feature", "geometry": {"type": "Point", "coordinates": [-118.42441330000001, 33.9177617]}, "properties": {"kind": "surveillance"}}, {"type": "Feature", "geometry": {"type": "Point", "coordinates": [-118.4951369, 34.0320886]}, "properties": {"kind": "surveillance"}}, {"type": "Feature", "geometry": {"type": "Point", "coordinates": [-118.3885152, 34.0416491]}, "properties": {"kind": "surveillance"}}, {"type": "Feature", "geometry": {"type": "Point", "coordinates": [-118.33528430000001, 33.9020032]}, "properties": {"kind": "surveillance"}}, {"type": "Feature", "geometry": {"type": "Point", "coordinates": [-118.3985353, 34.050245000000004]}, "properties": {"kind": "surveillance"}}, {"type": "Feature", "geometry": {"type": "Point", "coordinates": [-118.37633290000001, 34.061247200000004]}, "properties": {"kind": "surveillance"}}, {"type": "Feature", "geometry": {"type": "Point", "coordinates": [-118.3951964, 33.9841294]}, "properties": {"kind": "surveillance"}}, {"type": "Feature", "geometry": {"type": "Point", "coordinates": [-118.37633770000001, 34.0606388]}, "properties": {"kind": "surveillance"}}, {"type": "Feature", "geometry": {"type": "Point", "coordinates": [-118.43267010000001, 34.0776345]}, "properties": {"kind": "surveillance"}}, {"type": "Feature", "geometry": {"type": "Point", "coordinates": [-118.44301610000001, 33.96067]}, "properties": {"kind": "surveillance"}}, {"type": "Feature", "geometry": {"type": "Point", "coordinates": [-118.42759450000001, 34.0875002]}, "properties": {"kind": "mast"}}, {"type": "Feature", "geometry": {"type": "Point", "coordinates": [-118.4272883, 34.087498700000005]}, "properties": {"kind": "mast"}}, {"type": "Feature", "geometry": {"type": "Point", "coordinates": [-118.40556430000001, 34.017083500000005]}, "properties": {"kind": "surveillance"}}, {"type": "Feature", "geometry": {"type": "Point", "coordinates": [-118.4051148, 34.016373300000005]}, "properties": {"kind": "surveillance"}}, {"type": "Feature", "geometry": {"type": "Point", "coordinates": [-118.40038440000001, 33.8906038]}, "properties": {"kind": "utility_pole"}}, {"type": "Feature", "geometry": {"type": "Point", "coordinates": [-118.4003747, 33.8909296]}, "properties": {"kind": "utility_pole"}}, {"type": "Feature", "geometry": {"type": "Point", "coordinates": [-118.37623490000001, 34.0593912]}, "properties": {"kind": "surveillance"}}, {"type": "Feature", "geometry": {"type": "Point", "coordinates": [-118.37200120000001, 34.0298857]}, "properties": {"kind": "surveillance"}}, {"type": "Feature", "geometry": {"type": "Point", "coordinates": [-118.3720902, 34.0303321]}, "properties": {"kind": "surveillance"}}, {"type": "Feature", "geometry": {"type": "Point", "coordinates": [-118.3567684, 33.8368837]}, "properties": {"kind": "charge_point"}}, {"type": "Feature", "geometry": {"type": "Point", "coordinates": [-118.3567696, 33.836804900000004]}, "properties": {"kind": "charge_point"}}, {"type": "Feature", "geometry": {"type": "Point", "coordinates": [-118.43765850000001, 34.0855811]}, "properties": {"kind": "waterfall"}}, {"type": "Feature", "geometry": {"type": "Point", "coordinates": [-118.3521022, 33.9566633]}, "properties": {"kind": "surveillance"}}, {"type": "Feature", "geometry": {"type": "Point", "coordinates": [-118.35221220000001, 33.9550369]}, "properties": {"kind": "surveillance"}}, {"type": "Feature", "geometry": {"type": "Point", "coordinates": [-118.35330400000001, 33.9577382]}, "properties": {"kind": "surveillance"}}, {"type": "Feature", "geometry": {"type": "Point", "coordinates": [-118.42008080000001, 34.011265200000004]}, "properties": {"kind": "surveillance"}}, {"type": "Feature", "geometry": {"type": "Point", "coordinates": [-118.42969160000001, 34.0875489]}, "properties": {"kind": "tower"}}, {"type": "Feature", "geometry": {"type": "Point", "coordinates": [-118.42425680000001, 34.0411422]}, "properties": {"kind": "surveillance"}}, {"type": "Feature", "geometry": {"type": "Point", "coordinates": [-118.48389510000001, 34.0023781]}, "properties": {"kind": "surveillance"}}, {"type": "Feature", "geometry": {"type": "Point", "coordinates": [-118.3752025, 34.0686921]}, "properties": {"kind": "surveillance"}}, {"type": "Feature", "geometry": {"type": "Point", "coordinates": [-118.43750720000001, 33.935625900000005]}, "properties": {"kind": "surveillance"}}, {"type": "Feature", "geometry": {"type": "Point", "coordinates": [-118.44402480000001, 33.947907]}, "properties": {"kind": "surveillance"}}, {"type": "Feature", "geometry": {"type": "Point", "coordinates": [-118.44439990000001, 34.0182937]}, "properties": {"kind": "surveillance"}}, {"type": "Feature", "geometry": {"type": "Point", "coordinates": [-118.46369960000001, 34.073176600000004]}, "properties": {"kind": "surveillance"}}, {"type": "Feature", "geometry": {"type": "Point", "coordinates": [-118.44983, 34.0297305]}, "properties": {"kind": "surveillance"}}, {"type": "Feature", "geometry": {"type": "Point", "coordinates": [-118.4364946, 33.957345600000004]}, "properties": {"kind": "charge_point"}}, {"type": "Feature", "geometry": {"type": "Point", "coordinates": [-118.2925038, 33.9179659]}, "properties": {"kind": "drinking_fountain"}}, {"type": "Feature", "geometry": {"type": "Point", "coordinates": [-118.4094457, 34.0050471]}, "properties": {"kind": "surveillance"}}, {"type": "Feature", "geometry": {"type": "Point", "coordinates": [-118.41167990000001, 34.002196600000005]}, "properties": {"kind": "surveillance"}}, {"type": "Feature", "geometry": {"type": "Point", "coordinates": [-118.4421906, 34.057060400000005]}, "properties": {"kind": "utility_pole"}}, {"type": "Feature", "geometry": {"type": "Point", "coordinates": [-118.42244520000001, 34.0636758]}, "properties": {"kind": "utility_pole"}}, {"type": "Feature", "geometry": {"type": "Point", "coordinates": [-118.43091670000001, 34.0522134]}, "properties": {"kind": "utility_pole"}}, {"type": "Feature", "geometry": {"type": "Point", "coordinates": [-118.43794690000001, 34.0516129]}, "properties": {"kind": "utility_pole"}}, {"type": "Feature", "geometry": {"type": "Point", "coordinates": [-118.4377577, 34.051391800000005]}, "properties": {"kind": "utility_pole"}}, {"type": "Feature", "geometry": {"type": "Point", "coordinates": [-118.43767050000001, 34.0512766]}, "properties": {"kind": "utility_pole"}}, {"type": "Feature", "geometry": {"type": "Point", "coordinates": [-118.4375658, 34.051168600000004]}, "properties": {"kind": "utility_pole"}}, {"type": "Feature", "geometry": {"type": "Point", "coordinates": [-118.4370432, 34.0505577]}, "properties": {"kind": "utility_pole"}}, {"type": "Feature", "geometry": {"type": "Point", "coordinates": [-118.4387842, 34.052593900000005]}, "properties": {"kind": "utility_pole"}}, {"type": "Feature", "geometry": {"type": "Point", "coordinates": [-118.43907600000001, 34.052908800000004]}, "properties": {"kind": "utility_pole"}}, {"type": "Feature", "geometry": {"type": "Point", "coordinates": [-118.44026910000001, 34.0542794]}, "properties": {"kind": "utility_pole"}}, {"type": "Feature", "geometry": {"type": "Point", "coordinates": [-118.4398391, 34.053810600000006]}, "properties": {"kind": "utility_pole"}}, {"type": "Feature", "geometry": {"type": "Point", "coordinates": [-118.4410323, 34.0551952]}, "properties": {"kind": "utility_pole"}}, {"type": "Feature", "geometry": {"type": "Point", "coordinates": [-118.4417638, 34.0563756]}, "properties": {"kind": "utility_pole"}}, {"type": "Feature", "geometry": {"type": "Point", "coordinates": [-118.44192760000001, 34.0566556]}, "properties": {"kind": "utility_pole"}}, {"type": "Feature", "geometry": {"type": "Point", "coordinates": [-118.43280130000001, 34.0559298]}, "properties": {"kind": "surveillance"}}, {"type": "Feature", "geometry": {"type": "Point", "coordinates": [-118.43290750000001, 34.055902700000004]}, "properties": {"kind": "surveillance"}}, {"type": "Feature", "geometry": {"type": "Point", "coordinates": [-118.4274572, 34.057833900000006]}, "properties": {"kind": "surveillance"}}, {"type": "Feature", "geometry": {"type": "Point", "coordinates": [-118.404649, 34.030254500000005]}, "properties": {"kind": "surveillance"}}, {"type": "Feature", "geometry": {"type": "Point", "coordinates": [-118.4463221, 34.0695847]}, "properties": {"kind": "mast"}}, {"type": "Feature", "geometry": {"type": "Point", "coordinates": [-118.44631620000001, 34.0692516]}, "properties": {"kind": "mast"}}, {"type": "Feature", "geometry": {"type": "Point", "coordinates": [-118.44631410000001, 34.0689268]}, "properties": {"kind": "mast"}}, {"type": "Feature", "geometry": {"type": "Point", "coordinates": [-118.4474627, 34.0689123]}, "properties": {"kind": "mast"}}, {"type": "Feature", "geometry": {"type": "Point", "coordinates": [-118.4473442, 34.069758900000004]}, "properties": {"kind": "mast"}}, {"type": "Feature", "geometry": {"type": "Point", "coordinates": [-118.437042, 34.0564559]}, "properties": {"kind": "utility_pole"}}, {"type": "Feature", "geometry": {"type": "Point", "coordinates": [-118.43693350000001, 34.056383100000005]}, "properties": {"kind": "utility_pole"}}, {"type": "Feature", "geometry": {"type": "Point", "coordinates": [-118.43654570000001, 34.056653100000005]}, "properties": {"kind": "utility_pole"}}, {"type": "Feature", "geometry": {"type": "Point", "coordinates": [-118.43618310000001, 34.0569026]}, "properties": {"kind": "utility_pole"}}, {"type": "Feature", "geometry": {"type": "Point", "coordinates": [-118.4359239, 34.0569891]}, "properties": {"kind": "utility_pole"}}, {"type": "Feature", "geometry": {"type": "Point", "coordinates": [-118.43933630000001, 34.043541600000005]}, "properties": {"kind": "utility_pole"}}, {"type": "Feature", "geometry": {"type": "Point", "coordinates": [-118.4417662, 34.0443409]}, "properties": {"kind": "utility_pole"}}, {"type": "Feature", "geometry": {"type": "Point", "coordinates": [-118.4414335, 34.044555]}, "properties": {"kind": "utility_pole"}}, {"type": "Feature", "geometry": {"type": "Point", "coordinates": [-118.4461555, 34.052911]}, "properties": {"kind": "mast"}}, {"type": "Feature", "geometry": {"type": "Point", "coordinates": [-118.44572710000001, 34.0531093]}, "properties": {"kind": "mast"}}, {"type": "Feature", "geometry": {"type": "Point", "coordinates": [-118.446004, 34.0535]}, "properties": {"kind": "mast"}}, {"type": "Feature", "geometry": {"type": "Point", "coordinates": [-118.44643, 34.053292]}, "properties": {"kind": "mast"}}, {"type": "Feature", "geometry": {"type": "Point", "coordinates": [-118.4472056, 34.053316200000005]}, "properties": {"kind": "mast"}}, {"type": "Feature", "geometry": {"type": "Point", "coordinates": [-118.44762390000001, 34.053792200000004]}, "properties": {"kind": "mast"}}, {"type": "Feature", "geometry": {"type": "Point", "coordinates": [-118.44701660000001, 34.054158]}, "properties": {"kind": "mast"}}, {"type": "Feature", "geometry": {"type": "Point", "coordinates": [-118.44660610000001, 34.053682300000006]}, "properties": {"kind": "mast"}}, {"type": "Feature", "geometry": {"type": "Point", "coordinates": [-118.44757720000001, 34.0502424]}, "properties": {"kind": "mast"}}, {"type": "Feature", "geometry": {"type": "Point", "coordinates": [-118.44786610000001, 34.0500783]}, "properties": {"kind": "mast"}}, {"type": "Feature", "geometry": {"type": "Point", "coordinates": [-118.44837240000001, 34.050456000000004]}, "properties": {"kind": "mast"}}, {"type": "Feature", "geometry": {"type": "Point", "coordinates": [-118.44854020000001, 34.050788700000005]}, "properties": {"kind": "mast"}}, {"type": "Feature", "geometry": {"type": "Point", "coordinates": [-118.4487435, 34.0513053]}, "properties": {"kind": "mast"}}, {"type": "Feature", "geometry": {"type": "Point", "coordinates": [-118.4482813, 34.051509]}, "properties": {"kind": "mast"}}, {"type": "Feature", "geometry": {"type": "Point", "coordinates": [-118.44824080000001, 34.0516184]}, "properties": {"kind": "mast"}}, {"type": "Feature", "geometry": {"type": "Point", "coordinates": [-118.4477693, 34.0510058]}, "properties": {"kind": "mast"}}, {"type": "Feature", "geometry": {"type": "Point", "coordinates": [-118.4475031, 34.0507098]}, "properties": {"kind": "mast"}}, {"type": "Feature", "geometry": {"type": "Point", "coordinates": [-118.4480099, 34.0514352]}, "properties": {"kind": "mast"}}, {"type": "Feature", "geometry": {"type": "Point", "coordinates": [-118.4483653, 34.051999900000006]}, "properties": {"kind": "mast"}}, {"type": "Feature", "geometry": {"type": "Point", "coordinates": [-118.4487053, 34.052100100000004]}, "properties": {"kind": "mast"}}, {"type": "Feature", "geometry": {"type": "Point", "coordinates": [-118.44905510000001, 34.0518714]}, "properties": {"kind": "mast"}}, {"type": "Feature", "geometry": {"type": "Point", "coordinates": [-118.3439476, 33.898345400000004]}, "properties": {"kind": "surveillance"}}, {"type": "Feature", "geometry": {"type": "Point", "coordinates": [-118.35256500000001, 33.8945754]}, "properties": {"kind": "surveillance"}}, {"type": "Feature", "geometry": {"type": "Point", "coordinates": [-118.42250650000001, 33.975848400000004]}, "properties": {"kind": "surveillance"}}, {"type": "Feature", "geometry": {"type": "Point", "coordinates": [-118.4838742, 34.0023822]}, "properties": {"kind": "surveillance"}}, {"type": "Feature", "geometry": {"type": "Point", "coordinates": [-118.38848540000001, 34.041537500000004]}, "properties": {"kind": "surveillance"}}, {"type": "Feature", "geometry": {"type": "Point", "coordinates": [-118.39322200000001, 34.02526]}, "properties": {"kind": "surveillance"}}, {"type": "Feature", "geometry": {"type": "Point", "coordinates": [-118.39355200000001, 34.025262000000005]}, "properties": {"kind": "surveillance"}}, {"type": "Feature", "geometry": {"type": "Point", "coordinates": [-118.34396600000001, 33.8983766]}, "properties": {"kind": "surveillance"}}, {"type": "Feature", "geometry": {"type": "Point", "coordinates": [-118.3919395, 33.9884277]}, "properties": {"kind": "surveillance"}}, {"type": "Feature", "geometry": {"type": "Point", "coordinates": [-118.41043920000001, 34.0043506]}, "properties": {"kind": "surveillance"}}, {"type": "Feature", "geometry": {"type": "Point", "coordinates": [-118.39760100000001, 33.988877]}, "properties": {"kind": "surveillance"}}, {"type": "Feature", "geometry": {"type": "Point", "coordinates": [-118.410098, 34.0596454]}, "properties": {"kind": "surveillance"}}, {"type": "Feature", "geometry": {"type": "Point", "coordinates": [-118.3848071, 34.0594582]}, "properties": {"kind": "surveillance"}}, {"type": "Feature", "geometry": {"type": "Point", "coordinates": [-118.3848071, 34.0593264]}, "properties": {"kind": "surveillance"}}, {"type": "Feature", "geometry": {"type": "Point", "coordinates": [-118.35212250000001, 34.0707131]}, "properties": {"kind": "surveillance"}}, {"type": "Feature", "geometry": {"type": "Point", "coordinates": [-118.4141656, 34.0088138]}, "properties": {"kind": "surveillance"}}, {"type": "Feature", "geometry": {"type": "Point", "coordinates": [-118.4139775, 34.0090012]}, "properties": {"kind": "surveillance"}}, {"type": "Feature", "geometry": {"type": "Point", "coordinates": [-118.41373530000001, 34.0087927]}, "properties": {"kind": "surveillance"}}, {"type": "Feature", "geometry": {"type": "Point", "coordinates": [-118.4139516, 34.008614900000005]}, "properties": {"kind": "surveillance"}}, {"type": "Feature", "geometry": {"type": "Point", "coordinates": [-118.4394065, 34.0359721]}, "properties": {"kind": "surveillance"}}, {"type": "Feature", "geometry": {"type": "Point", "coordinates": [-118.4030419, 34.0128454]}, "properties": {"kind": "charge_point"}}, {"type": "Feature", "geometry": {"type": "Point", "coordinates": [-118.4029881, 34.0128146]}, "properties": {"kind": "charge_point"}}, {"type": "Feature", "geometry": {"type": "Point", "coordinates": [-118.40296000000001, 34.0127985]}, "properties": {"kind": "charge_point"}}, {"type": "Feature", "geometry": {"type": "Point", "coordinates": [-118.45850920000001, 34.0173062]}, "properties": {"kind": "surveillance"}}, {"type": "Feature", "geometry": {"type": "Point", "coordinates": [-118.4585485, 34.0173226]}, "properties": {"kind": "surveillance"}}, {"type": "Feature", "geometry": {"type": "Point", "coordinates": [-118.4276921, 34.0718533]}, "properties": {"kind": "surveillance"}}, {"type": "Feature", "geometry": {"type": "Point", "coordinates": [-118.4323981, 33.9758013]}, "properties": {"kind": "surveillance"}}, {"type": "Feature", "geometry": {"type": "Point", "coordinates": [-118.4287877, 34.0664922]}, "properties": {"kind": "surveillance"}}, {"type": "Feature", "geometry": {"type": "Point", "coordinates": [-118.392301, 34.0273491]}, "properties": {"kind": "charge_point"}}, {"type": "Feature", "geometry": {"type": "Point", "coordinates": [-118.3922759, 34.0273632]}, "properties": {"kind": "charge_point"}}, {"type": "Feature", "geometry": {"type": "Point", "coordinates": [-118.39328200000001, 34.0280602]}, "properties": {"kind": "charge_point"}}, {"type": "Feature", "geometry": {"type": "Point", "coordinates": [-118.3932364, 34.0280556]}, "properties": {"kind": "charge_point"}}, {"type": "Feature", "geometry": {"type": "Point", "coordinates": [-118.39444630000001, 34.0282652]}, "properties": {"kind": "charge_point"}}, {"type": "Feature", "geometry": {"type": "Point", "coordinates": [-118.39445060000001, 34.0282409]}, "properties": {"kind": "charge_point"}}, {"type": "Feature", "geometry": {"type": "Point", "coordinates": [-118.39432310000001, 34.0282994]}, "properties": {"kind": "charge_point"}}, {"type": "Feature", "geometry": {"type": "Point", "coordinates": [-118.39429620000001, 34.0282969]}, "properties": {"kind": "charge_point"}}, {"type": "Feature", "geometry": {"type": "Point", "coordinates": [-118.39426560000001, 34.028294100000004]}, "properties": {"kind": "charge_point"}}, {"type": "Feature", "geometry": {"type": "Point", "coordinates": [-118.39423300000001, 34.028291200000005]}, "properties": {"kind": "charge_point"}}, {"type": "Feature", "geometry": {"type": "Point", "coordinates": [-118.3941061, 34.028279600000005]}, "properties": {"kind": "charge_point"}}, {"type": "Feature", "geometry": {"type": "Point", "coordinates": [-118.39407870000001, 34.028277100000004]}, "properties": {"kind": "charge_point"}}, {"type": "Feature", "geometry": {"type": "Point", "coordinates": [-118.39404540000001, 34.028274100000004]}, "properties": {"kind": "charge_point"}}, {"type": "Feature", "geometry": {"type": "Point", "coordinates": [-118.3940173, 34.0282715]}, "properties": {"kind": "charge_point"}}, {"type": "Feature", "geometry": {"type": "Point", "coordinates": [-118.39389190000001, 34.0276428]}, "properties": {"kind": "charge_point"}}, {"type": "Feature", "geometry": {"type": "Point", "coordinates": [-118.39386490000001, 34.0276566]}, "properties": {"kind": "charge_point"}}, {"type": "Feature", "geometry": {"type": "Point", "coordinates": [-118.3938449, 34.0276668]}, "properties": {"kind": "charge_point"}}, {"type": "Feature", "geometry": {"type": "Point", "coordinates": [-118.39382, 34.027679500000005]}, "properties": {"kind": "charge_point"}}, {"type": "Feature", "geometry": {"type": "Point", "coordinates": [-118.3937946, 34.0276925]}, "properties": {"kind": "charge_point"}}, {"type": "Feature", "geometry": {"type": "Point", "coordinates": [-118.3939134, 34.0276318]}, "properties": {"kind": "charge_point"}}, {"type": "Feature", "geometry": {"type": "Point", "coordinates": [-118.394446, 34.0281656]}, "properties": {"kind": "charge_point"}}, {"type": "Feature", "geometry": {"type": "Point", "coordinates": [-118.3944299, 34.0281449]}, "properties": {"kind": "charge_point"}}, {"type": "Feature", "geometry": {"type": "Point", "coordinates": [-118.39441260000001, 34.0281225]}, "properties": {"kind": "charge_point"}}, {"type": "Feature", "geometry": {"type": "Point", "coordinates": [-118.39439580000001, 34.028101]}, "properties": {"kind": "charge_point"}}, {"type": "Feature", "geometry": {"type": "Point", "coordinates": [-118.39438030000001, 34.0280811]}, "properties": {"kind": "charge_point"}}, {"type": "Feature", "geometry": {"type": "Point", "coordinates": [-118.39436380000001, 34.0280598]}, "properties": {"kind": "charge_point"}}, {"type": "Feature", "geometry": {"type": "Point", "coordinates": [-118.39434840000001, 34.028040000000004]}, "properties": {"kind": "charge_point"}}, {"type": "Feature", "geometry": {"type": "Point", "coordinates": [-118.39433240000001, 34.028019400000005]}, "properties": {"kind": "charge_point"}}, {"type": "Feature", "geometry": {"type": "Point", "coordinates": [-118.39431540000001, 34.0279976]}, "properties": {"kind": "charge_point"}}, {"type": "Feature", "geometry": {"type": "Point", "coordinates": [-118.4618729, 34.0155407]}, "properties": {"kind": "surveillance"}}, {"type": "Feature", "geometry": {"type": "Point", "coordinates": [-118.48571690000001, 34.000874700000004]}, "properties": {"kind": "surveillance"}}, {"type": "Feature", "geometry": {"type": "Point", "coordinates": [-118.4692888, 34.0243708]}, "properties": {"kind": "surveillance"}}, {"type": "Feature", "geometry": {"type": "Point", "coordinates": [-118.48599320000001, 34.001023700000005]}, "properties": {"kind": "surveillance"}}, {"type": "Feature", "geometry": {"type": "Point", "coordinates": [-118.39430010000001, 34.0279779]}, "properties": {"kind": "charge_point"}}, {"type": "Feature", "geometry": {"type": "Point", "coordinates": [-118.3942851, 34.027958600000005]}, "properties": {"kind": "charge_point"}}, {"type": "Feature", "geometry": {"type": "Point", "coordinates": [-118.3942696, 34.0279386]}, "properties": {"kind": "charge_point"}}, {"type": "Feature", "geometry": {"type": "Point", "coordinates": [-118.3942519, 34.0279159]}, "properties": {"kind": "charge_point"}}, {"type": "Feature", "geometry": {"type": "Point", "coordinates": [-118.3942341, 34.0278931]}, "properties": {"kind": "charge_point"}}, {"type": "Feature", "geometry": {"type": "Point", "coordinates": [-118.3942212, 34.027876500000005]}, "properties": {"kind": "charge_point"}}, {"type": "Feature", "geometry": {"type": "Point", "coordinates": [-118.39420310000001, 34.0278531]}, "properties": {"kind": "charge_point"}}, {"type": "Feature", "geometry": {"type": "Point", "coordinates": [-118.39418800000001, 34.0278337]}, "properties": {"kind": "charge_point"}}, {"type": "Feature", "geometry": {"type": "Point", "coordinates": [-118.39417150000001, 34.027812600000004]}, "properties": {"kind": "charge_point"}}, {"type": "Feature", "geometry": {"type": "Point", "coordinates": [-118.3941561, 34.0277927]}, "properties": {"kind": "charge_point"}}, {"type": "Feature", "geometry": {"type": "Point", "coordinates": [-118.39413920000001, 34.027771]}, "properties": {"kind": "charge_point"}}, {"type": "Feature", "geometry": {"type": "Point", "coordinates": [-118.39412420000001, 34.0277516]}, "properties": {"kind": "charge_point"}}, {"type": "Feature", "geometry": {"type": "Point", "coordinates": [-118.394107, 34.0277296]}, "properties": {"kind": "charge_point"}}, {"type": "Feature", "geometry": {"type": "Point", "coordinates": [-118.3940912, 34.027709200000004]}, "properties": {"kind": "charge_point"}}, {"type": "Feature", "geometry": {"type": "Point", "coordinates": [-118.39407530000001, 34.0276888]}, "properties": {"kind": "charge_point"}}, {"type": "Feature", "geometry": {"type": "Point", "coordinates": [-118.39405850000001, 34.0276672]}, "properties": {"kind": "charge_point"}}, {"type": "Feature", "geometry": {"type": "Point", "coordinates": [-118.39445780000001, 34.0281808]}, "properties": {"kind": "charge_point"}}, {"type": "Feature", "geometry": {"type": "Point", "coordinates": [-118.44939110000001, 34.0227584]}, "properties": {"kind": "surveillance"}}, {"type": "Feature", "geometry": {"type": "Point", "coordinates": [-118.449375, 34.0225383]}, "properties": {"kind": "surveillance"}}, {"type": "Feature", "geometry": {"type": "Point", "coordinates": [-118.45576000000001, 34.026780900000006]}, "properties": {"kind": "surveillance"}}, {"type": "Feature", "geometry": {"type": "Point", "coordinates": [-118.4546232, 34.0271514]}, "properties": {"kind": "surveillance"}}, {"type": "Feature", "geometry": {"type": "Point", "coordinates": [-118.4648906, 34.018930000000005]}, "properties": {"kind": "surveillance"}}, {"type": "Feature", "geometry": {"type": "Point", "coordinates": [-118.48124820000001, 34.0038648]}, "properties": {"kind": "surveillance"}}, {"type": "Feature", "geometry": {"type": "Point", "coordinates": [-118.4816473, 34.0039821]}, "properties": {"kind": "surveillance"}}, {"type": "Feature", "geometry": {"type": "Point", "coordinates": [-118.4701534, 34.010470600000005]}, "properties": {"kind": "surveillance"}}, {"type": "Feature", "geometry": {"type": "Point", "coordinates": [-118.4703492, 34.0104917]}, "properties": {"kind": "surveillance"}}, {"type": "Feature", "geometry": {"type": "Point", "coordinates": [-118.488911, 34.0269041]}, "properties": {"kind": "surveillance"}}, {"type": "Feature", "geometry": {"type": "Point", "coordinates": [-118.34422880000001, 34.094211800000004]}, "properties": {"kind": "surveillance"}}, {"type": "Feature", "geometry": {"type": "Point", "coordinates": [-118.34410530000001, 34.0906499]}, "properties": {"kind": "surveillance"}}, {"type": "Feature", "geometry": {"type": "Point", "coordinates": [-118.3440558, 34.090730400000005]}, "properties": {"kind": "surveillance"}}, {"type": "Feature", "geometry": {"type": "Point", "coordinates": [-118.34404070000001, 34.090677400000004]}, "properties": {"kind": "surveillance"}}, {"type": "Feature", "geometry": {"type": "Point", "coordinates": [-118.34411390000001, 34.090719]}, "properties": {"kind": "surveillance"}}, {"type": "Feature", "geometry": {"type": "Point", "coordinates": [-118.39538610000001, 34.0457102]}, "properties": {"kind": "surveillance"}}, {"type": "Feature", "geometry": {"type": "Point", "coordinates": [-118.39627390000001, 34.0554158]}, "properties": {"kind": "surveillance"}}, {"type": "Feature", "geometry": {"type": "Point", "coordinates": [-118.39637300000001, 34.055398600000004]}, "properties": {"kind": "surveillance"}}, {"type": "Feature", "geometry": {"type": "Point", "coordinates": [-118.394867, 34.046888200000005]}, "properties": {"kind": "surveillance"}}, {"type": "Feature", "geometry": {"type": "Point", "coordinates": [-118.4950704, 34.0324344]}, "properties": {"kind": "surveillance"}}, {"type": "Feature", "geometry": {"type": "Point", "coordinates": [-118.3764404, 34.093966]}, "properties": {"kind": "surveillance"}}, {"type": "Feature", "geometry": {"type": "Point", "coordinates": [-118.47457480000001, 34.061272200000005]}, "properties": {"kind": "surveillance"}}, {"type": "Feature", "geometry": {"type": "Point", "coordinates": [-118.3694923, 34.097065400000005]}, "properties": {"kind": "surveillance"}}, {"type": "Feature", "geometry": {"type": "Point", "coordinates": [-118.37512530000001, 34.094622300000005]}, "properties": {"kind": "surveillance"}}, {"type": "Feature", "geometry": {"type": "Point", "coordinates": [-118.38596140000001, 34.0907464]}, "properties": {"kind": "surveillance"}}, {"type": "Feature", "geometry": {"type": "Point", "coordinates": [-118.39139840000001, 34.090525]}, "properties": {"kind": "surveillance"}}, {"type": "Feature", "geometry": {"type": "Point", "coordinates": [-118.3932633, 34.090048800000005]}, "properties": {"kind": "surveillance"}}, {"type": "Feature", "geometry": {"type": "Point", "coordinates": [-118.39692950000001, 34.0877804]}, "properties": {"kind": "surveillance"}}, {"type": "Feature", "geometry": {"type": "Point", "coordinates": [-118.37417310000001, 34.0904353]}, "properties": {"kind": "surveillance"}}, {"type": "Feature", "geometry": {"type": "Point", "coordinates": [-118.3606663, 34.0907427]}, "properties": {"kind": "surveillance"}}, {"type": "Feature", "geometry": {"type": "Point", "coordinates": [-118.3629623, 34.0908978]}, "properties": {"kind": "surveillance"}}, {"type": "Feature", "geometry": {"type": "Point", "coordinates": [-118.36260750000001, 34.0945081]}, "properties": {"kind": "surveillance"}}, {"type": "Feature", "geometry": {"type": "Point", "coordinates": [-118.37493060000001, 34.0733243]}, "properties": {"kind": "surveillance"}}, {"type": "Feature", "geometry": {"type": "Point", "coordinates": [-118.4694443, 34.053258500000005]}, "properties": {"kind": "surveillance"}}, {"type": "Feature", "geometry": {"type": "Point", "coordinates": [-118.4611526, 34.050000700000005]}, "properties": {"kind": "surveillance"}}, {"type": "Feature", "geometry": {"type": "Point", "coordinates": [-118.4670076, 34.0017349]}, "properties": {"kind": "surveillance"}}, {"type": "Feature", "geometry": {"type": "Point", "coordinates": [-118.42318780000001, 33.977487]}, "properties": {"kind": "surveillance"}}, {"type": "Feature", "geometry": {"type": "Point", "coordinates": [-118.42471130000001, 33.9757891]}, "properties": {"kind": "surveillance"}}, {"type": "Feature", "geometry": {"type": "Point", "coordinates": [-118.3975757, 34.0217365]}, "properties": {"kind": "surveillance"}}, {"type": "Feature", "geometry": {"type": "Point", "coordinates": [-118.39744490000001, 34.0216112]}, "properties": {"kind": "surveillance"}}, {"type": "Feature", "geometry": {"type": "Point", "coordinates": [-118.3974118, 34.0216958]}, "properties": {"kind": "surveillance"}}, {"type": "Feature", "geometry": {"type": "Point", "coordinates": [-118.4057257, 34.0599316]}, "properties": {"kind": "surveillance"}}, {"type": "Feature", "geometry": {"type": "Point", "coordinates": [-118.4122732, 33.9800424]}, "properties": {"kind": "surveillance"}}, {"type": "Feature", "geometry": {"type": "Point", "coordinates": [-118.4571047, 34.0095825]}, "properties": {"kind": "surveillance"}}, {"type": "Feature", "geometry": {"type": "Point", "coordinates": [-118.4559615, 34.009925]}, "properties": {"kind": "surveillance"}}, {"type": "Feature", "geometry": {"type": "Point", "coordinates": [-118.4698563, 34.0692678]}, "properties": {"kind": "surveillance"}}, {"type": "Feature", "geometry": {"type": "Point", "coordinates": [-118.40733080000001, 34.0117276]}, "properties": {"kind": "surveillance"}}, {"type": "Feature", "geometry": {"type": "Point", "coordinates": [-118.3798395, 34.0630199]}, "properties": {"kind": "surveillance"}}, {"type": "Feature", "geometry": {"type": "Point", "coordinates": [-118.37837880000001, 34.0630303]}, "properties": {"kind": "surveillance"}}, {"type": "Feature", "geometry": {"type": "Point", "coordinates": [-118.37734750000001, 34.0630238]}, "properties": {"kind": "surveillance"}}, {"type": "Feature", "geometry": {"type": "Point", "coordinates": [-118.37841660000001, 34.0649406]}, "properties": {"kind": "surveillance"}}, {"type": "Feature", "geometry": {"type": "Point", "coordinates": [-118.3792918, 34.0651071]}, "properties": {"kind": "surveillance"}}, {"type": "Feature", "geometry": {"type": "Point", "coordinates": [-118.38031170000001, 34.065105700000004]}, "properties": {"kind": "surveillance"}}, {"type": "Feature", "geometry": {"type": "Point", "coordinates": [-118.380532, 34.0630082]}, "properties": {"kind": "surveillance"}}, {"type": "Feature", "geometry": {"type": "Point", "coordinates": [-118.381584, 34.063022600000004]}, "properties": {"kind": "surveillance"}}, {"type": "Feature", "geometry": {"type": "Point", "coordinates": [-118.3814016, 34.0650828]}, "properties": {"kind": "surveillance"}}, {"type": "Feature", "geometry": {"type": "Point", "coordinates": [-118.37647170000001, 34.068809300000005]}, "properties": {"kind": "surveillance"}}, {"type": "Feature", "geometry": {"type": "Point", "coordinates": [-118.38387530000001, 34.0839269]}, "properties": {"kind": "surveillance"}}, {"type": "Feature", "geometry": {"type": "Point", "coordinates": [-118.37623260000001, 34.068932700000005]}, "properties": {"kind": "surveillance"}}, {"type": "Feature", "geometry": {"type": "Point", "coordinates": [-118.4318681, 34.0259288]}, "properties": {"kind": "surveillance"}}, {"type": "Feature", "geometry": {"type": "Point", "coordinates": [-118.37962390000001, 34.0775272]}, "properties": {"kind": "surveillance"}}, {"type": "Feature", "geometry": {"type": "Point", "coordinates": [-118.4312376, 34.075182000000005]}, "properties": {"kind": "surveillance"}}, {"type": "Feature", "geometry": {"type": "Point", "coordinates": [-118.4299163, 34.0792212]}, "properties": {"kind": "surveillance"}}, {"type": "Feature", "geometry": {"type": "Point", "coordinates": [-118.43209890000001, 34.0777998]}, "properties": {"kind": "surveillance"}}, {"type": "Feature", "geometry": {"type": "Point", "coordinates": [-118.3843107, 34.0848825]}, "properties": {"kind": "surveillance"}}, {"type": "Feature", "geometry": {"type": "Point", "coordinates": [-118.41130500000001, 34.0323337]}, "properties": {"kind": "surveillance"}}, {"type": "Feature", "geometry": {"type": "Point", "coordinates": [-118.3947571, 34.0460726]}, "properties": {"kind": "surveillance"}}, {"type": "Feature", "geometry": {"type": "Point", "coordinates": [-118.35648440000001, 34.0717421]}, "properties": {"kind": "surveillance"}}, {"type": "Feature", "geometry": {"type": "Point", "coordinates": [-118.3523452, 33.8875831]}, "properties": {"kind": "surveillance"}}, {"type": "Feature", "geometry": {"type": "Point", "coordinates": [-118.3523782, 33.8875831]}, "properties": {"kind": "surveillance"}}, {"type": "Feature", "geometry": {"type": "Point", "coordinates": [-118.35279720000001, 33.887193100000005]}, "properties": {"kind": "surveillance"}}, {"type": "Feature", "geometry": {"type": "Point", "coordinates": [-118.3527703, 33.887195000000006]}, "properties": {"kind": "surveillance"}}, {"type": "Feature", "geometry": {"type": "Point", "coordinates": [-118.4102716, 34.0593251]}, "properties": {"kind": "surveillance"}}, {"type": "Feature", "geometry": {"type": "Point", "coordinates": [-118.39657330000001, 33.9897871]}, "properties": {"kind": "surveillance"}}, {"type": "Feature", "geometry": {"type": "Point", "coordinates": [-118.39660300000001, 33.9896268]}, "properties": {"kind": "surveillance"}}, {"type": "Feature", "geometry": {"type": "Point", "coordinates": [-118.397091, 33.989265100000004]}, "properties": {"kind": "surveillance"}}, {"type": "Feature", "geometry": {"type": "Point", "coordinates": [-118.3838053, 34.0849539]}, "properties": {"kind": "surveillance"}}, {"type": "Feature", "geometry": {"type": "Point", "coordinates": [-118.38988080000001, 34.084746700000004]}, "properties": {"kind": "surveillance"}}, {"type": "Feature", "geometry": {"type": "Point", "coordinates": [-118.389886, 34.086078]}, "properties": {"kind": "surveillance"}}, {"type": "Feature", "geometry": {"type": "Point", "coordinates": [-118.39276830000001, 33.9021667]}, "properties": {"kind": "surveillance"}}, {"type": "Feature", "geometry": {"type": "Point", "coordinates": [-118.3262018, 33.865587000000005]}, "properties": {"kind": "surveillance"}}, {"type": "Feature", "geometry": {"type": "Point", "coordinates": [-118.37644080000001, 33.8389168]}, "properties": {"kind": "monitoring_station"}}, {"type": "Feature", "geometry": {"type": "Point", "coordinates": [-118.37613710000001, 33.83908]}, "properties": {"kind": "monitoring_station"}}, {"type": "Feature", "geometry": {"type": "Point", "coordinates": [-118.37610160000001, 33.8387654]}, "properties": {"kind": "monitoring_station"}}, {"type": "Feature", "geometry": {"type": "Point", "coordinates": [-118.37637050000001, 33.8385714]}, "properties": {"kind": "monitoring_station"}}, {"type": "Feature", "geometry": {"type": "Point", "coordinates": [-118.35626470000001, 34.0829765]}, "properties": {"kind": "surveillance"}}, {"type": "Feature", "geometry": {"type": "Point", "coordinates": [-118.39381660000001, 33.990926]}, "properties": {"kind": "surveillance"}}, {"type": "Feature", "geometry": {"type": "Point", "coordinates": [-118.43376540000001, 34.0035899]}, "properties": {"kind": "surveillance"}}, {"type": "Feature", "geometry": {"type": "Point", "coordinates": [-118.4453984, 33.9916981]}, "properties": {"kind": "surveillance"}}, {"type": "Feature", "geometry": {"type": "Point", "coordinates": [-118.44464850000001, 33.9919333]}, "properties": {"kind": "surveillance"}}, {"type": "Feature", "geometry": {"type": "Point", "coordinates": [-118.3255675, 33.916505900000004]}, "properties": {"kind": "surveillance"}}, {"type": "Feature", "geometry": {"type": "Point", "coordinates": [-118.3528318, 33.9017357]}, "properties": {"kind": "surveillance"}}, {"type": "Feature", "geometry": {"type": "Point", "coordinates": [-118.3528057, 33.9017344]}, "properties": {"kind": "surveillance"}}, {"type": "Feature", "geometry": {"type": "Point", "coordinates": [-118.3447471, 33.8468019]}, "properties": {"kind": "fuel_pump"}}, {"type": "Feature", "geometry": {"type": "Point", "coordinates": [-118.4891384, 34.013378700000004]}, "properties": {"kind": "surveillance"}}, {"type": "Feature", "geometry": {"type": "Point", "coordinates": [-118.49567520000001, 34.0159377]}, "properties": {"kind": "surveillance"}}, {"type": "Feature", "geometry": {"type": "Point", "coordinates": [-118.49571110000001, 34.016151]}, "properties": {"kind": "surveillance"}}, {"type": "Feature", "geometry": {"type": "Point", "coordinates": [-118.41927690000001, 34.060973700000005]}, "properties": {"kind": "surveillance"}}, {"type": "Feature", "geometry": {"type": "Point", "coordinates": [-118.30654740000001, 34.0636932]}, "properties": {"kind": "street_cabinet"}}, {"type": "Feature", "geometry": {"type": "Point", "coordinates": [-118.3004932, 34.0615621]}, "properties": {"kind": "street_cabinet"}}, {"type": "Feature", "geometry": {"type": "Point", "coordinates": [-118.39734080000001, 33.8592012]}, "properties": {"kind": "surveillance"}}, {"type": "Feature", "geometry": {"type": "Point", "coordinates": [-118.3703557, 33.9572207]}, "properties": {"kind": "surveillance"}}, {"type": "Feature", "geometry": {"type": "Point", "coordinates": [-118.48617490000001, 34.0152214]}, "properties": {"kind": "surveillance"}}, {"type": "Feature", "geometry": {"type": "Point", "coordinates": [-118.37836970000001, 33.916473700000004]}, "properties": {"kind": "surveillance"}}, {"type": "Feature", "geometry": {"type": "Point", "coordinates": [-118.4284502, 33.9745967]}, "properties": {"kind": "flagpole"}}, {"type": "Feature", "geometry": {"type": "Point", "coordinates": [-118.48982840000001, 34.005245200000005]}, "properties": {"kind": "surveillance"}}, {"type": "Feature", "geometry": {"type": "Point", "coordinates": [-118.4905336, 34.0076143]}, "properties": {"kind": "surveillance"}}, {"type": "Feature", "geometry": {"type": "Point", "coordinates": [-118.4908755, 34.0080977]}, "properties": {"kind": "surveillance"}}, {"type": "Feature", "geometry": {"type": "Point", "coordinates": [-118.4331482, 34.004381800000004]}, "properties": {"kind": "surveillance"}}, {"type": "Feature", "geometry": {"type": "Point", "coordinates": [-118.4119091, 34.059267600000005]}, "properties": {"kind": "surveillance"}}, {"type": "Feature", "geometry": {"type": "Point", "coordinates": [-118.40793180000001, 34.064953100000004]}, "properties": {"kind": "surveillance"}}, {"type": "Feature", "geometry": {"type": "Point", "coordinates": [-118.4326278, 34.0825209]}, "properties": {"kind": "surveillance"}}, {"type": "Feature", "geometry": {"type": "Point", "coordinates": [-118.43298510000001, 34.0816717]}, "properties": {"kind": "surveillance"}}, {"type": "Feature", "geometry": {"type": "Point", "coordinates": [-118.4300764, 34.0785117]}, "properties": {"kind": "surveillance"}}, {"type": "Feature", "geometry": {"type": "Point", "coordinates": [-118.43074370000001, 34.0738971]}, "properties": {"kind": "surveillance"}}, {"type": "Feature", "geometry": {"type": "Point", "coordinates": [-118.29173270000001, 34.0513696]}, "properties": {"kind": "utility_pole"}}, {"type": "Feature", "geometry": {"type": "Point", "coordinates": [-118.29174470000001, 34.0517261]}, "properties": {"kind": "utility_pole"}}, {"type": "Feature", "geometry": {"type": "Point", "coordinates": [-118.2979849, 34.052000500000005]}, "properties": {"kind": "utility_pole"}}, {"type": "Feature", "geometry": {"type": "Point", "coordinates": [-118.292613, 34.052418100000004]}, "properties": {"kind": "utility_pole"}}, {"type": "Feature", "geometry": {"type": "Point", "coordinates": [-118.38296860000001, 33.9021216]}, "properties": {"kind": "surveillance"}}, {"type": "Feature", "geometry": {"type": "Point", "coordinates": [-118.38172750000001, 33.90182]}, "properties": {"kind": "surveillance"}}, {"type": "Feature", "geometry": {"type": "Point", "coordinates": [-118.3813616, 33.9019585]}, "properties": {"kind": "surveillance"}}, {"type": "Feature", "geometry": {"type": "Point", "coordinates": [-118.378686, 33.9016788]}, "properties": {"kind": "surveillance"}}, {"type": "Feature", "geometry": {"type": "Point", "coordinates": [-118.4358675, 34.0347048]}, "properties": {"kind": "surveillance"}}, {"type": "Feature", "geometry": {"type": "Point", "coordinates": [-118.4357961, 34.0346945]}, "properties": {"kind": "surveillance"}}, {"type": "Feature", "geometry": {"type": "Point", "coordinates": [-118.3714906, 34.0257203]}, "properties": {"kind": "surveillance"}}, {"type": "Feature", "geometry": {"type": "Point", "coordinates": [-118.37155320000001, 34.0257482]}, "properties": {"kind": "surveillance"}}, {"type": "Feature", "geometry": {"type": "Point", "coordinates": [-118.37149190000001, 34.0261486]}, "properties": {"kind": "surveillance"}}, {"type": "Feature", "geometry": {"type": "Point", "coordinates": [-118.3714453, 34.026135100000005]}, "properties": {"kind": "surveillance"}}, {"type": "Feature", "geometry": {"type": "Point", "coordinates": [-118.48024980000001, 34.0227464]}, "properties": {"kind": "surveillance"}}, {"type": "Feature", "geometry": {"type": "Point", "coordinates": [-118.33494080000001, 34.024943300000004]}, "properties": {"kind": "surveillance"}}, {"type": "Feature", "geometry": {"type": "Point", "coordinates": [-118.3349318, 34.0249952]}, "properties": {"kind": "surveillance"}}, {"type": "Feature", "geometry": {"type": "Point", "coordinates": [-118.334539, 34.0249915]}, "properties": {"kind": "surveillance"}}, {"type": "Feature", "geometry": {"type": "Point", "coordinates": [-118.33454990000001, 34.0249424]}, "properties": {"kind": "surveillance"}}, {"type": "Feature", "geometry": {"type": "Point", "coordinates": [-118.46545920000001, 34.029670100000004]}, "properties": {"kind": "surveillance"}}, {"type": "Feature", "geometry": {"type": "Point", "coordinates": [-118.4653018, 34.0296261]}, "properties": {"kind": "surveillance"}}, {"type": "Feature", "geometry": {"type": "Point", "coordinates": [-118.4654163, 34.0297959]}, "properties": {"kind": "surveillance"}}, {"type": "Feature", "geometry": {"type": "Point", "coordinates": [-118.46975880000001, 34.0280822]}, "properties": {"kind": "surveillance"}}, {"type": "Feature", "geometry": {"type": "Point", "coordinates": [-118.46991320000001, 34.0282192]}, "properties": {"kind": "surveillance"}}, {"type": "Feature", "geometry": {"type": "Point", "coordinates": [-118.46525500000001, 34.029755200000004]}, "properties": {"kind": "surveillance"}}, {"type": "Feature", "geometry": {"type": "Point", "coordinates": [-118.46998830000001, 34.0280148]}, "properties": {"kind": "surveillance"}}, {"type": "Feature", "geometry": {"type": "Point", "coordinates": [-118.469918, 34.0279302]}, "properties": {"kind": "surveillance"}}, {"type": "Feature", "geometry": {"type": "Point", "coordinates": [-118.473882, 34.028467400000004]}, "properties": {"kind": "surveillance"}}, {"type": "Feature", "geometry": {"type": "Point", "coordinates": [-118.2946936, 34.096224]}, "properties": {"kind": "chimney"}}, {"type": "Feature", "geometry": {"type": "Point", "coordinates": [-118.3897689, 34.0253298]}, "properties": {"kind": "surveillance"}}, {"type": "Feature", "geometry": {"type": "Point", "coordinates": [-118.46524520000001, 34.0299169]}, "properties": {"kind": "street_cabinet"}}, {"type": "Feature", "geometry": {"type": "Point", "coordinates": [-118.4650349, 34.0296967]}, "properties": {"kind": "street_cabinet"}}, {"type": "Feature", "geometry": {"type": "Point", "coordinates": [-118.4650512, 34.029705400000005]}, "properties": {"kind": "manhole"}}, {"type": "Feature", "geometry": {"type": "Point", "coordinates": [-118.4651225, 34.0298104]}, "properties": {"kind": "manhole"}}, {"type": "Feature", "geometry": {"type": "Point", "coordinates": [-118.46536870000001, 34.0294363]}, "properties": {"kind": "street_cabinet"}}, {"type": "Feature", "geometry": {"type": "Point", "coordinates": [-118.4655673, 34.029769300000005]}, "properties": {"kind": "manhole"}}, {"type": "Feature", "geometry": {"type": "Point", "coordinates": [-118.3593393, 34.071375200000006]}, "properties": {"kind": "surveillance"}}, {"type": "Feature", "geometry": {"type": "Point", "coordinates": [-118.38370760000001, 34.0772266]}, "properties": {"kind": "surveillance"}}, {"type": "Feature", "geometry": {"type": "Point", "coordinates": [-118.4029558, 34.013964900000005]}, "properties": {"kind": "flagpole"}}, {"type": "Feature", "geometry": {"type": "Point", "coordinates": [-118.4029524, 34.013987400000005]}, "properties": {"kind": "flagpole"}}, {"type": "Feature", "geometry": {"type": "Point", "coordinates": [-118.40294920000001, 34.0140085]}, "properties": {"kind": "flagpole"}}, {"type": "Feature", "geometry": {"type": "Point", "coordinates": [-118.4407094, 34.0758068]}, "properties": {"kind": "manhole"}}, {"type": "Feature", "geometry": {"type": "Point", "coordinates": [-118.44069540000001, 34.075712100000004]}, "properties": {"kind": "manhole"}}, {"type": "Feature", "geometry": {"type": "Point", "coordinates": [-118.4406529, 34.075684100000004]}, "properties": {"kind": "manhole"}}, {"type": "Feature", "geometry": {"type": "Point", "coordinates": [-118.4314451, 34.056237200000005]}, "properties": {"kind": "manhole"}}, {"type": "Feature", "geometry": {"type": "Point", "coordinates": [-118.43150320000001, 34.0561385]}, "properties": {"kind": "manhole"}}, {"type": "Feature", "geometry": {"type": "Point", "coordinates": [-118.4314494, 34.0562105]}, "properties": {"kind": "manhole"}}, {"type": "Feature", "geometry": {"type": "Point", "coordinates": [-118.4314468, 34.056191000000005]}, "properties": {"kind": "manhole"}}, {"type": "Feature", "geometry": {"type": "Point", "coordinates": [-118.43283170000001, 34.0511801]}, "properties": {"kind": "street_cabinet"}}, {"type": "Feature", "geometry": {"type": "Point", "coordinates": [-118.45757250000001, 34.0690316]}, "properties": {"kind": "surveillance"}}, {"type": "Feature", "geometry": {"type": "Point", "coordinates": [-118.4576502, 34.0690861]}, "properties": {"kind": "surveillance"}}, {"type": "Feature", "geometry": {"type": "Point", "coordinates": [-118.30878840000001, 33.9456466]}, "properties": {"kind": "surveillance"}}, {"type": "Feature", "geometry": {"type": "Point", "coordinates": [-118.35483420000001, 34.057470900000006]}, "properties": {"kind": "manhole"}}, {"type": "Feature", "geometry": {"type": "Point", "coordinates": [-118.4737223, 34.0518799]}, "properties": {"kind": "surveillance"}}, {"type": "Feature", "geometry": {"type": "Point", "coordinates": [-118.34374360000001, 33.923643000000006]}, "properties": {"kind": "surveillance"}}, {"type": "Feature", "geometry": {"type": "Point", "coordinates": [-118.37375150000001, 33.959795400000004]}, "properties": {"kind": "street_cabinet"}}, {"type": "Feature", "geometry": {"type": "Point", "coordinates": [-118.3736793, 33.9601782]}, "properties": {"kind": "utility_pole"}}, {"type": "Feature", "geometry": {"type": "Point", "coordinates": [-118.37367200000001, 33.960211900000004]}, "properties": {"kind": "street_cabinet"}}, {"type": "Feature", "geometry": {"type": "Point", "coordinates": [-118.4162689, 34.0534283]}, "properties": {"kind": "manhole"}}, {"type": "Feature", "geometry": {"type": "Point", "coordinates": [-118.41648450000001, 34.053319200000004]}, "properties": {"kind": "street_cabinet"}}, {"type": "Feature", "geometry": {"type": "Point", "coordinates": [-118.43928650000001, 34.0697293]}, "properties": {"kind": "surveillance"}}, {"type": "Feature", "geometry": {"type": "Point", "coordinates": [-118.4382199, 34.0741236]}, "properties": {"kind": "surveillance"}}, {"type": "Feature", "geometry": {"type": "Point", "coordinates": [-118.43923280000001, 34.077603]}, "properties": {"kind": "surveillance"}}, {"type": "Feature", "geometry": {"type": "Point", "coordinates": [-118.4004352, 33.919420200000005]}, "properties": {"kind": "surveillance"}}, {"type": "Feature", "geometry": {"type": "Point", "coordinates": [-118.4848307, 33.999911000000004]}, "properties": {"kind": "surveillance"}}, {"type": "Feature", "geometry": {"type": "Point", "coordinates": [-118.3992668, 34.059526600000005]}, "properties": {"kind": "surveillance"}}, {"type": "Feature", "geometry": {"type": "Point", "coordinates": [-118.37305280000001, 34.083936800000004]}, "properties": {"kind": "surveillance"}}, {"type": "Feature", "geometry": {"type": "Point", "coordinates": [-118.41818, 34.0409044]}, "properties": {"kind": "surveillance"}}, {"type": "Feature", "geometry": {"type": "Point", "coordinates": [-118.4396167, 34.0676123]}, "properties": {"kind": "surveillance"}}, {"type": "Feature", "geometry": {"type": "Point", "coordinates": [-118.39512020000001, 34.0490378]}, "properties": {"kind": "surveillance"}}, {"type": "Feature", "geometry": {"type": "Point", "coordinates": [-118.3533677, 33.9617704]}, "properties": {"kind": "surveillance"}}, {"type": "Feature", "geometry": {"type": "Point", "coordinates": [-118.38385950000001, 34.071287500000004]}, "properties": {"kind": "surveillance"}}, {"type": "Feature", "geometry": {"type": "Point", "coordinates": [-118.3840612, 34.0720341]}, "properties": {"kind": "surveillance"}}, {"type": "Feature", "geometry": {"type": "Point", "coordinates": [-118.38385950000001, 34.071287500000004]}, "properties": {"kind": "surveillance"}}, {"type": "Feature", "geometry": {"type": "Point", "coordinates": [-118.38386500000001, 34.0687574]}, "properties": {"kind": "surveillance"}}, {"type": "Feature", "geometry": {"type": "Point", "coordinates": [-118.383611, 34.0674878]}, "properties": {"kind": "surveillance"}}, {"type": "Feature", "geometry": {"type": "Point", "coordinates": [-118.3842441, 34.0671412]}, "properties": {"kind": "surveillance"}}, {"type": "Feature", "geometry": {"type": "Point", "coordinates": [-118.38461020000001, 34.0671752]}, "properties": {"kind": "surveillance"}}, {"type": "Feature", "geometry": {"type": "Point", "coordinates": [-118.3901665, 34.067120200000005]}, "properties": {"kind": "surveillance"}}, {"type": "Feature", "geometry": {"type": "Point", "coordinates": [-118.3911034, 34.0671404]}, "properties": {"kind": "surveillance"}}, {"type": "Feature", "geometry": {"type": "Point", "coordinates": [-118.39377400000001, 34.0669556]}, "properties": {"kind": "surveillance"}}, {"type": "Feature", "geometry": {"type": "Point", "coordinates": [-118.3943553, 34.066950600000006]}, "properties": {"kind": "surveillance"}}, {"type": "Feature", "geometry": {"type": "Point", "coordinates": [-118.4021386, 34.0684649]}, "properties": {"kind": "surveillance"}}, {"type": "Feature", "geometry": {"type": "Point", "coordinates": [-118.40297480000001, 34.069352200000004]}, "properties": {"kind": "surveillance"}}, {"type": "Feature", "geometry": {"type": "Point", "coordinates": [-118.40351260000001, 34.0698396]}, "properties": {"kind": "surveillance"}}, {"type": "Feature", "geometry": {"type": "Point", "coordinates": [-118.4040446, 34.0702797]}, "properties": {"kind": "surveillance"}}, {"type": "Feature", "geometry": {"type": "Point", "coordinates": [-118.40435620000001, 34.0704694]}, "properties": {"kind": "surveillance"}}, {"type": "Feature", "geometry": {"type": "Point", "coordinates": [-118.40436070000001, 34.070475300000005]}, "properties": {"kind": "surveillance"}}, {"type": "Feature", "geometry": {"type": "Point", "coordinates": [-118.40230720000001, 34.069588100000004]}, "properties": {"kind": "surveillance"}}, {"type": "Feature", "geometry": {"type": "Point", "coordinates": [-118.40098680000001, 34.068175700000005]}, "properties": {"kind": "surveillance"}}, {"type": "Feature", "geometry": {"type": "Point", "coordinates": [-118.4020986, 34.067382]}, "properties": {"kind": "surveillance"}}, {"type": "Feature", "geometry": {"type": "Point", "coordinates": [-118.40352440000001, 34.066528000000005]}, "properties": {"kind": "surveillance"}}, {"type": "Feature", "geometry": {"type": "Point", "coordinates": [-118.4024136, 34.0667567]}, "properties": {"kind": "surveillance"}}, {"type": "Feature", "geometry": {"type": "Point", "coordinates": [-118.40241560000001, 34.066754]}, "properties": {"kind": "surveillance"}}, {"type": "Feature", "geometry": {"type": "Point", "coordinates": [-118.4035175, 34.0665251]}, "properties": {"kind": "surveillance"}}, {"type": "Feature", "geometry": {"type": "Point", "coordinates": [-118.4045238, 34.0664843]}, "properties": {"kind": "surveillance"}}, {"type": "Feature", "geometry": {"type": "Point", "coordinates": [-118.4045978, 34.066958500000005]}, "properties": {"kind": "surveillance"}}, {"type": "Feature", "geometry": {"type": "Point", "coordinates": [-118.40400290000001, 34.068461]}, "properties": {"kind": "surveillance"}}, {"type": "Feature", "geometry": {"type": "Point", "coordinates": [-118.40339150000001, 34.0688678]}, "properties": {"kind": "surveillance"}}, {"type": "Feature", "geometry": {"type": "Point", "coordinates": [-118.40351360000001, 34.069841100000005]}, "properties": {"kind": "surveillance"}}, {"type": "Feature", "geometry": {"type": "Point", "coordinates": [-118.3962128, 34.0769066]}, "properties": {"kind": "surveillance"}}, {"type": "Feature", "geometry": {"type": "Point", "coordinates": [-118.3907664, 34.0806789]}, "properties": {"kind": "surveillance"}}, {"type": "Feature", "geometry": {"type": "Point", "coordinates": [-118.3440252, 33.9598931]}, "properties": {"kind": "surveillance"}}, {"type": "Feature", "geometry": {"type": "Point", "coordinates": [-118.4910473, 34.0130289]}, "properties": {"kind": "surveillance"}}, {"type": "Feature", "geometry": {"type": "Point", "coordinates": [-118.4916225, 34.0132755]}, "properties": {"kind": "surveillance"}}, {"type": "Feature", "geometry": {"type": "Point", "coordinates": [-118.46827920000001, 34.020298600000004]}, "properties": {"kind": "surveillance"}}, {"type": "Feature", "geometry": {"type": "Point", "coordinates": [-118.3915822, 34.072410600000005]}, "properties": {"kind": "surveillance"}}, {"type": "Feature", "geometry": {"type": "Point", "coordinates": [-118.39362410000001, 34.072303600000005]}, "properties": {"kind": "surveillance"}}, {"type": "Feature", "geometry": {"type": "Point", "coordinates": [-118.3767169, 34.0819915]}, "properties": {"kind": "surveillance"}}, {"type": "Feature", "geometry": {"type": "Point", "coordinates": [-118.374464, 34.0828156]}, "properties": {"kind": "surveillance"}}, {"type": "Feature", "geometry": {"type": "Point", "coordinates": [-118.35723290000001, 34.0835936]}, "properties": {"kind": "surveillance"}}, {"type": "Feature", "geometry": {"type": "Point", "coordinates": [-118.35311990000001, 34.0835188]}, "properties": {"kind": "surveillance"}}, {"type": "Feature", "geometry": {"type": "Point", "coordinates": [-118.3497351, 34.083653000000005]}, "properties": {"kind": "surveillance"}}, {"type": "Feature", "geometry": {"type": "Point", "coordinates": [-118.3450418, 34.0762779]}, "properties": {"kind": "surveillance"}}, {"type": "Feature", "geometry": {"type": "Point", "coordinates": [-118.3438684, 33.8773003]}, "properties": {"kind": "surveillance"}}, {"type": "Feature", "geometry": {"type": "Point", "coordinates": [-118.3896146, 34.077278]}, "properties": {"kind": "surveillance"}}, {"type": "Feature", "geometry": {"type": "Point", "coordinates": [-118.4303304, 33.999434300000004]}, "properties": {"kind": "surveillance"}}, {"type": "Feature", "geometry": {"type": "Point", "coordinates": [-118.4054976, 34.016816500000004]}, "properties": {"kind": "surveillance"}}, {"type": "Feature", "geometry": {"type": "Point", "coordinates": [-118.36844330000001, 33.897773900000004]}, "properties": {"kind": "surveillance"}}, {"type": "Feature", "geometry": {"type": "Point", "coordinates": [-118.29391720000001, 34.0616815]}, "properties": {"kind": "street_cabinet"}}, {"type": "Feature", "geometry": {"type": "Point", "coordinates": [-118.31145210000001, 34.0615937]}, "properties": {"kind": "street_cabinet"}}, {"type": "Feature", "geometry": {"type": "Point", "coordinates": [-118.38363760000001, 34.054673]}, "properties": {"kind": "surveillance"}}, {"type": "Feature", "geometry": {"type": "Point", "coordinates": [-118.38362230000001, 34.059429200000004]}, "properties": {"kind": "surveillance"}}, {"type": "Feature", "geometry": {"type": "Point", "coordinates": [-118.38354310000001, 34.0629737]}, "properties": {"kind": "surveillance"}}, {"type": "Feature", "geometry": {"type": "Point", "coordinates": [-118.3836823, 34.0649548]}, "properties": {"kind": "surveillance"}}, {"type": "Feature", "geometry": {"type": "Point", "coordinates": [-118.3437236, 34.0913093]}, "properties": {"kind": "surveillance"}}, {"type": "Feature", "geometry": {"type": "Point", "coordinates": [-118.34372330000001, 34.0913118]}, "properties": {"kind": "surveillance"}}, {"type": "Feature", "geometry": {"type": "Point", "coordinates": [-118.3439093, 34.0917158]}, "properties": {"kind": "surveillance"}}, {"type": "Feature", "geometry": {"type": "Point", "coordinates": [-118.38952330000001, 34.081003]}, "properties": {"kind": "surveillance"}}, {"type": "Feature", "geometry": {"type": "Point", "coordinates": [-118.4108315, 34.033816900000005]}, "properties": {"kind": "surveillance"}}, {"type": "Feature", "geometry": {"type": "Point", "coordinates": [-118.4478662, 34.0263173]}, "properties": {"kind": "surveillance"}}, {"type": "Feature", "geometry": {"type": "Point", "coordinates": [-118.43429830000001, 34.004770900000004]}, "properties": {"kind": "surveillance"}}, {"type": "Feature", "geometry": {"type": "Point", "coordinates": [-118.38378110000001, 34.0665003]}, "properties": {"kind": "surveillance"}}, {"type": "Feature", "geometry": {"type": "Point", "coordinates": [-118.38347160000001, 34.0630594]}, "properties": {"kind": "surveillance"}}, {"type": "Feature", "geometry": {"type": "Point", "coordinates": [-118.3996067, 34.0622738]}, "properties": {"kind": "surveillance"}}, {"type": "Feature", "geometry": {"type": "Point", "coordinates": [-118.3985318, 34.0649555]}, "properties": {"kind": "surveillance"}}, {"type": "Feature", "geometry": {"type": "Point", "coordinates": [-118.3714812, 33.9571683]}, "properties": {"kind": "surveillance"}}, {"type": "Feature", "geometry": {"type": "Point", "coordinates": [-118.3061464, 34.1084946]}, "properties": {"kind": "surveillance"}}, {"type": "Feature", "geometry": {"type": "Point", "coordinates": [-118.3915803, 33.9070802]}, "properties": {"kind": "surveillance"}}, {"type": "Feature", "geometry": {"type": "Point", "coordinates": [-118.39158570000001, 33.9070245]}, "properties": {"kind": "surveillance"}}, {"type": "Feature", "geometry": {"type": "Point", "coordinates": [-118.3960433, 33.9039741]}, "properties": {"kind": "surveillance"}}, {"type": "Feature", "geometry": {"type": "Point", "coordinates": [-118.4594723, 34.0665688]}, "properties": {"kind": "surveillance"}}, {"type": "Feature", "geometry": {"type": "Point", "coordinates": [-118.37939480000001, 34.066401]}, "properties": {"kind": "surveillance"}}, {"type": "Feature", "geometry": {"type": "Point", "coordinates": [-118.37278450000001, 34.064776800000004]}, "properties": {"kind": "surveillance"}}, {"type": "Feature", "geometry": {"type": "Point", "coordinates": [-118.372421, 34.0643959]}, "properties": {"kind": "surveillance"}}, {"type": "Feature", "geometry": {"type": "Point", "coordinates": [-118.37251320000001, 34.0641789]}, "properties": {"kind": "surveillance"}}, {"type": "Feature", "geometry": {"type": "Point", "coordinates": [-118.37606500000001, 34.0639945]}, "properties": {"kind": "surveillance"}}, {"type": "Feature", "geometry": {"type": "Point", "coordinates": [-118.37604560000001, 34.063000100000004]}, "properties": {"kind": "surveillance"}}, {"type": "Feature", "geometry": {"type": "Point", "coordinates": [-118.38310790000001, 34.0667617]}, "properties": {"kind": "surveillance"}}, {"type": "Feature", "geometry": {"type": "Point", "coordinates": [-118.3897965, 34.0691839]}, "properties": {"kind": "surveillance"}}, {"type": "Feature", "geometry": {"type": "Point", "coordinates": [-118.3898039, 34.070721]}, "properties": {"kind": "surveillance"}}, {"type": "Feature", "geometry": {"type": "Point", "coordinates": [-118.34986090000001, 34.062907800000005]}, "properties": {"kind": "surveillance"}}, {"type": "Feature", "geometry": {"type": "Point", "coordinates": [-118.39231140000001, 34.1092876]}, "properties": {"kind": "surveillance"}}, {"type": "Feature", "geometry": {"type": "Point", "coordinates": [-118.3753587, 34.0687012]}, "properties": {"kind": "surveillance"}}, {"type": "Feature", "geometry": {"type": "Point", "coordinates": [-118.32332160000001, 33.9232688]}, "properties": {"kind": "surveillance"}}, {"type": "Feature", "geometry": {"type": "Point", "coordinates": [-118.482978, 34.012309300000005]}, "properties": {"kind": "surveillance"}}, {"type": "Feature", "geometry": {"type": "Point", "coordinates": [-118.48296110000001, 34.012321]}, "properties": {"kind": "surveillance"}}, {"type": "Feature", "geometry": {"type": "Point", "coordinates": [-118.47960810000001, 34.0141027]}, "properties": {"kind": "surveillance"}}, {"type": "Feature", "geometry": {"type": "Point", "coordinates": [-118.46948390000001, 34.019522900000005]}, "properties": {"kind": "surveillance"}}, {"type": "Feature", "geometry": {"type": "Point", "coordinates": [-118.4671383, 34.0720375]}, "properties": {"kind": "surveillance"}}, {"type": "Feature", "geometry": {"type": "Point", "coordinates": [-118.37772310000001, 34.0227675]}, "properties": {"kind": "survey_point"}}, {"type": "Feature", "geometry": {"type": "Point", "coordinates": [-118.37205820000001, 33.900156100000004]}, "properties": {"kind": "surveillance"}}, {"type": "Feature", "geometry": {"type": "Point", "coordinates": [-118.43871290000001, 33.9514435]}, "properties": {"kind": "surveillance"}}, {"type": "Feature", "geometry": {"type": "Point", "coordinates": [-118.3996161, 33.9679134]}, "properties": {"kind": "surveillance"}}, {"type": "Feature", "geometry": {"type": "Point", "coordinates": [-118.40083360000001, 33.9680768]}, "properties": {"kind": "surveillance"}}, {"type": "Feature", "geometry": {"type": "Point", "coordinates": [-118.3918912, 34.0418377]}, "properties": {"kind": "surveillance"}}, {"type": "Feature", "geometry": {"type": "Point", "coordinates": [-118.38294230000001, 34.090680400000004]}, "properties": {"kind": "manhole"}}, {"type": "Feature", "geometry": {"type": "Point", "coordinates": [-118.3900481, 33.853394300000005]}, "properties": {"kind": "surveillance"}}, {"type": "Feature", "geometry": {"type": "Point", "coordinates": [-118.39010870000001, 33.8534973]}, "properties": {"kind": "surveillance"}}, {"type": "Feature", "geometry": {"type": "Point", "coordinates": [-118.390426, 33.855989900000004]}, "properties": {"kind": "surveillance"}}, {"type": "Feature", "geometry": {"type": "Point", "coordinates": [-118.38158370000001, 33.8729247]}, "properties": {"kind": "surveillance"}}, {"type": "Feature", "geometry": {"type": "Point", "coordinates": [-118.38153340000001, 33.872931900000005]}, "properties": {"kind": "surveillance"}}, {"type": "Feature", "geometry": {"type": "Point", "coordinates": [-118.30919320000001, 33.959815]}, "properties": {"kind": "surveillance"}}, {"type": "Feature", "geometry": {"type": "Point", "coordinates": [-118.47825370000001, 34.0585673]}, "properties": {"kind": "surveillance"}}, {"type": "Feature", "geometry": {"type": "Point", "coordinates": [-118.47593440000001, 34.0603916]}, "properties": {"kind": "surveillance"}}, {"type": "Feature", "geometry": {"type": "Point", "coordinates": [-118.3228308, 34.0615232]}, "properties": {"kind": "street_cabinet"}}, {"type": "Feature", "geometry": {"type": "Point", "coordinates": [-118.3239394, 34.0617364]}, "properties": {"kind": "street_cabinet"}}, {"type": "Feature", "geometry": {"type": "Point", "coordinates": [-118.3900567, 34.087360600000004]}, "properties": {"kind": "surveillance"}}, {"type": "Feature", "geometry": {"type": "Point", "coordinates": [-118.39715650000001, 34.0880436]}, "properties": {"kind": "surveillance"}}, {"type": "Feature", "geometry": {"type": "Point", "coordinates": [-118.4001087, 34.0867956]}, "properties": {"kind": "surveillance"}}, {"type": "Feature", "geometry": {"type": "Point", "coordinates": [-118.4010161, 34.0868376]}, "properties": {"kind": "surveillance"}}, {"type": "Feature", "geometry": {"type": "Point", "coordinates": [-118.41006440000001, 34.0828962]}, "properties": {"kind": "surveillance"}}, {"type": "Feature", "geometry": {"type": "Point", "coordinates": [-118.39899480000001, 33.865564400000004]}, "properties": {"kind": "surveillance"}}, {"type": "Feature", "geometry": {"type": "Point", "coordinates": [-118.3875223, 33.864865300000005]}, "properties": {"kind": "surveillance"}}, {"type": "Feature", "geometry": {"type": "Point", "coordinates": [-118.37700290000001, 34.0941076]}, "properties": {"kind": "surveillance"}}, {"type": "Feature", "geometry": {"type": "Point", "coordinates": [-118.3764206, 34.093942000000006]}, "properties": {"kind": "surveillance"}}, {"type": "Feature", "geometry": {"type": "Point", "coordinates": [-118.3727836, 34.0952764]}, "properties": {"kind": "surveillance"}}, {"type": "Feature", "geometry": {"type": "Point", "coordinates": [-118.3691316, 34.0970833]}, "properties": {"kind": "surveillance"}}, {"type": "Feature", "geometry": {"type": "Point", "coordinates": [-118.3660619, 34.0970533]}, "properties": {"kind": "surveillance"}}, {"type": "Feature", "geometry": {"type": "Point", "coordinates": [-118.36155470000001, 33.8583787]}, "properties": {"kind": "surveillance"}}, {"type": "Feature", "geometry": {"type": "Point", "coordinates": [-118.3616947, 34.090921900000005]}, "properties": {"kind": "surveillance"}}, {"type": "Feature", "geometry": {"type": "Point", "coordinates": [-118.3616281, 34.0897811]}, "properties": {"kind": "surveillance"}}, {"type": "Feature", "geometry": {"type": "Point", "coordinates": [-118.3096866, 34.041843400000005]}, "properties": {"kind": "surveillance"}}, {"type": "Feature", "geometry": {"type": "Point", "coordinates": [-118.30973630000001, 34.0434427]}, "properties": {"kind": "surveillance"}}, {"type": "Feature", "geometry": {"type": "Point", "coordinates": [-118.3614203, 33.872931300000005]}, "properties": {"kind": "surveillance"}}, {"type": "Feature", "geometry": {"type": "Point", "coordinates": [-118.36118520000001, 33.8729584]}, "properties": {"kind": "surveillance"}}, {"type": "Feature", "geometry": {"type": "Point", "coordinates": [-118.3614273, 33.858311]}, "properties": {"kind": "surveillance"}}, {"type": "Feature", "geometry": {"type": "Point", "coordinates": [-118.39501890000001, 34.07707]}, "properties": {"kind": "surveillance"}}, {"type": "Feature", "geometry": {"type": "Point", "coordinates": [-118.41339500000001, 34.064285000000005]}, "properties": {"kind": "surveillance"}}, {"type": "Feature", "geometry": {"type": "Point", "coordinates": [-118.41351470000001, 34.0643966]}, "properties": {"kind": "surveillance"}}, {"type": "Feature", "geometry": {"type": "Point", "coordinates": [-118.4242861, 34.057906700000004]}, "properties": {"kind": "surveillance"}}, {"type": "Feature", "geometry": {"type": "Point", "coordinates": [-118.4076912, 34.0462482]}, "properties": {"kind": "surveillance"}}, {"type": "Feature", "geometry": {"type": "Point", "coordinates": [-118.384973, 34.0550993]}, "properties": {"kind": "surveillance"}}, {"type": "Feature", "geometry": {"type": "Point", "coordinates": [-118.3837247, 34.0589827]}, "properties": {"kind": "surveillance"}}, {"type": "Feature", "geometry": {"type": "Point", "coordinates": [-118.39027080000001, 34.025964300000005]}, "properties": {"kind": "surveillance"}}, {"type": "Feature", "geometry": {"type": "Point", "coordinates": [-118.3438416, 33.930904600000005]}, "properties": {"kind": "surveillance"}}, {"type": "Feature", "geometry": {"type": "Point", "coordinates": [-118.356903, 33.871032500000005]}, "properties": {"kind": "surveillance"}}, {"type": "Feature", "geometry": {"type": "Point", "coordinates": [-118.4057178, 34.066143000000004]}, "properties": {"kind": "surveillance"}}, {"type": "Feature", "geometry": {"type": "Point", "coordinates": [-118.4878891, 34.016451]}, "properties": {"kind": "surveillance"}}, {"type": "Feature", "geometry": {"type": "Point", "coordinates": [-118.39040220000001, 34.077258400000005]}, "properties": {"kind": "surveillance"}}, {"type": "Feature", "geometry": {"type": "Point", "coordinates": [-118.39066700000001, 34.077100900000005]}, "properties": {"kind": "surveillance"}}, {"type": "Feature", "geometry": {"type": "Point", "coordinates": [-118.36130630000001, 34.071870600000004]}, "properties": {"kind": "surveillance"}}, {"type": "Feature", "geometry": {"type": "Point", "coordinates": [-118.3866522, 33.9773204]}, "properties": {"kind": "surveillance"}}, {"type": "Feature", "geometry": {"type": "Point", "coordinates": [-118.3899279, 34.0671224]}, "properties": {"kind": "surveillance"}}, {"type": "Feature", "geometry": {"type": "Point", "coordinates": [-118.3903817, 34.0708732]}, "properties": {"kind": "surveillance"}}, {"type": "Feature", "geometry": {"type": "Point", "coordinates": [-118.34469050000001, 33.9942726]}, "properties": {"kind": "surveillance"}}, {"type": "Feature", "geometry": {"type": "Point", "coordinates": [-118.37868780000001, 33.887425900000004]}, "properties": {"kind": "surveillance"}}, {"type": "Feature", "geometry": {"type": "Point", "coordinates": [-118.37868830000001, 33.8946261]}, "properties": {"kind": "surveillance"}}, {"type": "Feature", "geometry": {"type": "Point", "coordinates": [-118.361224, 33.8872769]}, "properties": {"kind": "surveillance"}}, {"type": "Feature", "geometry": {"type": "Point", "coordinates": [-118.36138260000001, 33.8872668]}, "properties": {"kind": "surveillance"}}, {"type": "Feature", "geometry": {"type": "Point", "coordinates": [-118.40256360000001, 34.0138898]}, "properties": {"kind": "surveillance"}}, {"type": "Feature", "geometry": {"type": "Point", "coordinates": [-118.40029980000001, 34.0115244]}, "properties": {"kind": "surveillance"}}, {"type": "Feature", "geometry": {"type": "Point", "coordinates": [-118.39918370000001, 34.0103955]}, "properties": {"kind": "surveillance"}}, {"type": "Feature", "geometry": {"type": "Point", "coordinates": [-118.3654065, 33.9983342]}, "properties": {"kind": "surveillance"}}, {"type": "Feature", "geometry": {"type": "Point", "coordinates": [-118.39531470000001, 33.9931745]}, "properties": {"kind": "surveillance"}}, {"type": "Feature", "geometry": {"type": "Point", "coordinates": [-118.41175480000001, 34.0024184]}, "properties": {"kind": "surveillance"}}, {"type": "Feature", "geometry": {"type": "Point", "coordinates": [-118.4950189, 34.0603819]}, "properties": {"kind": "surveillance"}}, {"type": "Feature", "geometry": {"type": "Point", "coordinates": [-118.4950189, 34.0603819]}, "properties": {"kind": "surveillance"}}, {"type": "Feature", "geometry": {"type": "Point", "coordinates": [-118.48563120000001, 33.9994183]}, "properties": {"kind": "surveillance"}}, {"type": "Feature", "geometry": {"type": "Point", "coordinates": [-118.3476414, 34.040620600000004]}, "properties": {"kind": "surveillance"}}, {"type": "Feature", "geometry": {"type": "Point", "coordinates": [-118.4980206, 34.012765]}, "properties": {"kind": "surveillance"}}, {"type": "Feature", "geometry": {"type": "Point", "coordinates": [-118.4969987, 34.0098367]}, "properties": {"kind": "surveillance"}}, {"type": "Feature", "geometry": {"type": "Point", "coordinates": [-118.36879680000001, 33.8990304]}, "properties": {"kind": "surveillance"}}, {"type": "Feature", "geometry": {"type": "Point", "coordinates": [-118.3677291, 33.898601]}, "properties": {"kind": "surveillance"}}, {"type": "Feature", "geometry": {"type": "Point", "coordinates": [-118.3612142, 33.8875206]}, "properties": {"kind": "surveillance"}}, {"type": "Feature", "geometry": {"type": "Point", "coordinates": [-118.43387080000001, 34.004294300000005]}, "properties": {"kind": "surveillance"}}, {"type": "Feature", "geometry": {"type": "Point", "coordinates": [-118.38318620000001, 33.9017611]}, "properties": {"kind": "surveillance"}}, {"type": "Feature", "geometry": {"type": "Point", "coordinates": [-118.35236040000001, 33.8744681]}, "properties": {"kind": "surveillance"}}, {"type": "Feature", "geometry": {"type": "Point", "coordinates": [-118.38295430000001, 34.081299900000005]}, "properties": {"kind": "surveillance"}}, {"type": "Feature", "geometry": {"type": "Point", "coordinates": [-118.38308620000001, 34.0815685]}, "properties": {"kind": "surveillance"}}, {"type": "Feature", "geometry": {"type": "Point", "coordinates": [-118.3839097, 34.083371500000005]}, "properties": {"kind": "surveillance"}}, {"type": "Feature", "geometry": {"type": "Point", "coordinates": [-118.37082830000001, 33.9564668]}, "properties": {"kind": "surveillance"}}, {"type": "Feature", "geometry": {"type": "Point", "coordinates": [-118.37655500000001, 34.0890919]}, "properties": {"kind": "surveillance"}}, {"type": "Feature", "geometry": {"type": "Point", "coordinates": [-118.4108247, 34.0846193]}, "properties": {"kind": "surveillance"}}, {"type": "Feature", "geometry": {"type": "Point", "coordinates": [-118.3702087, 34.090620200000004]}, "properties": {"kind": "surveillance"}}, {"type": "Feature", "geometry": {"type": "Point", "coordinates": [-118.40616290000001, 34.1014702]}, "properties": {"kind": "surveillance"}}, {"type": "Feature", "geometry": {"type": "Point", "coordinates": [-118.37038810000001, 34.090807600000005]}, "properties": {"kind": "surveillance"}}, {"type": "Feature", "geometry": {"type": "Point", "coordinates": [-118.36513070000001, 34.0907027]}, "properties": {"kind": "surveillance"}}, {"type": "Feature", "geometry": {"type": "Point", "coordinates": [-118.343939, 33.8947528]}, "properties": {"kind": "surveillance"}}, {"type": "Feature", "geometry": {"type": "Point", "coordinates": [-118.34382240000001, 33.8874883]}, "properties": {"kind": "surveillance"}}, {"type": "Feature", "geometry": {"type": "Point", "coordinates": [-118.34388600000001, 33.887494100000005]}, "properties": {"kind": "surveillance"}}, {"type": "Feature", "geometry": {"type": "Point", "coordinates": [-118.3439184, 33.901830000000004]}, "properties": {"kind": "surveillance"}}, {"type": "Feature", "geometry": {"type": "Point", "coordinates": [-118.35280300000001, 33.945552400000004]}, "properties": {"kind": "surveillance"}}, {"type": "Feature", "geometry": {"type": "Point", "coordinates": [-118.35247770000001, 33.9455454]}, "properties": {"kind": "surveillance"}}, {"type": "Feature", "geometry": {"type": "Point", "coordinates": [-118.3524756, 33.945335400000005]}, "properties": {"kind": "surveillance"}}, {"type": "Feature", "geometry": {"type": "Point", "coordinates": [-118.35279600000001, 33.945339100000005]}, "properties": {"kind": "surveillance"}}, {"type": "Feature", "geometry": {"type": "Point", "coordinates": [-118.39597810000001, 34.077060100000004]}, "properties": {"kind": "surveillance"}}, {"type": "Feature", "geometry": {"type": "Point", "coordinates": [-118.37285250000001, 34.093337000000005]}, "properties": {"kind": "surveillance"}}, {"type": "Feature", "geometry": {"type": "Point", "coordinates": [-118.37283880000001, 34.0933365]}, "properties": {"kind": "surveillance"}}, {"type": "Feature", "geometry": {"type": "Point", "coordinates": [-118.4783101, 33.9954471]}, "properties": {"kind": "surveillance"}}, {"type": "Feature", "geometry": {"type": "Point", "coordinates": [-118.42838730000001, 33.9971219]}, "properties": {"kind": "surveillance"}}, {"type": "Feature", "geometry": {"type": "Point", "coordinates": [-118.4221174, 33.9976488]}, "properties": {"kind": "surveillance"}}, {"type": "Feature", "geometry": {"type": "Point", "coordinates": [-118.3612865, 33.8945924]}, "properties": {"kind": "surveillance"}}, {"type": "Feature", "geometry": {"type": "Point", "coordinates": [-118.3694724, 33.8946622]}, "properties": {"kind": "surveillance"}}, {"type": "Feature", "geometry": {"type": "Point", "coordinates": [-118.37016530000001, 33.8946926]}, "properties": {"kind": "surveillance"}}, {"type": "Feature", "geometry": {"type": "Point", "coordinates": [-118.36213710000001, 33.8700836]}, "properties": {"kind": "utility_pole"}}, {"type": "Feature", "geometry": {"type": "Point", "coordinates": [-118.46220690000001, 34.030859400000004]}, "properties": {"kind": "surveillance"}}, {"type": "Feature", "geometry": {"type": "Point", "coordinates": [-118.45981400000001, 34.031110000000005]}, "properties": {"kind": "surveillance"}}, {"type": "Feature", "geometry": {"type": "Point", "coordinates": [-118.35211910000001, 34.0870124]}, "properties": {"kind": "surveillance"}}, {"type": "Feature", "geometry": {"type": "Point", "coordinates": [-118.37950190000001, 34.0923455]}, "properties": {"kind": "surveillance"}}, {"type": "Feature", "geometry": {"type": "Point", "coordinates": [-118.39223510000001, 33.8726976]}, "properties": {"kind": "surveillance"}}, {"type": "Feature", "geometry": {"type": "Point", "coordinates": [-118.3814277, 33.959775400000005]}, "properties": {"kind": "surveillance"}}, {"type": "Feature", "geometry": {"type": "Point", "coordinates": [-118.3724349, 33.9765971]}, "properties": {"kind": "surveillance"}}, {"type": "Feature", "geometry": {"type": "Point", "coordinates": [-118.47764040000001, 34.024625900000004]}, "properties": {"kind": "works"}}, {"type": "Feature", "geometry": {"type": "Point", "coordinates": [-118.4377388, 34.0362548]}, "properties": {"kind": "surveillance"}}, {"type": "Feature", "geometry": {"type": "Point", "coordinates": [-118.48363900000001, 34.1146059]}, "properties": {"kind": "surveillance"}}, {"type": "Feature", "geometry": {"type": "Point", "coordinates": [-118.3647488, 33.9880567]}, "properties": {"kind": "surveillance"}}, {"type": "Feature", "geometry": {"type": "Point", "coordinates": [-118.3664854, 33.8873754]}, "properties": {"kind": "surveillance"}}, {"type": "Feature", "geometry": {"type": "Point", "coordinates": [-118.34377640000001, 33.9091096]}, "properties": {"kind": "surveillance"}}, {"type": "Feature", "geometry": {"type": "Point", "coordinates": [-118.3940323, 33.8455462]}, "properties": {"kind": "surveillance"}}, {"type": "Feature", "geometry": {"type": "Point", "coordinates": [-118.39257260000001, 33.8440177]}, "properties": {"kind": "surveillance"}}, {"type": "Feature", "geometry": {"type": "Point", "coordinates": [-118.40699620000001, 34.0187362]}, "properties": {"kind": "surveillance"}}, {"type": "Feature", "geometry": {"type": "Point", "coordinates": [-118.40504800000001, 33.8717115]}, "properties": {"kind": "surveillance"}}, {"type": "Feature", "geometry": {"type": "Point", "coordinates": [-118.38283960000001, 33.9180719]}, "properties": {"kind": "surveillance"}}, {"type": "Feature", "geometry": {"type": "Point", "coordinates": [-118.38284270000001, 33.9181255]}, "properties": {"kind": "surveillance"}}, {"type": "Feature", "geometry": {"type": "Point", "coordinates": [-118.3828177, 33.9182044]}, "properties": {"kind": "surveillance"}}, {"type": "Feature", "geometry": {"type": "Point", "coordinates": [-118.4281382, 34.0462068]}, "properties": {"kind": "street_cabinet"}}, {"type": "Feature", "geometry": {"type": "Point", "coordinates": [-118.3739218, 34.0671113]}, "properties": {"kind": "surveillance"}}, {"type": "Feature", "geometry": {"type": "Point", "coordinates": [-118.4310123, 34.026633100000005]}, "properties": {"kind": "surveillance"}}, {"type": "Feature", "geometry": {"type": "Point", "coordinates": [-118.41720070000001, 34.0464178]}, "properties": {"kind": "surveillance"}}, {"type": "Feature", "geometry": {"type": "Point", "coordinates": [-118.410774, 34.0499816]}, "properties": {"kind": "surveillance"}}, {"type": "Feature", "geometry": {"type": "Point", "coordinates": [-118.4312022, 34.035574000000004]}, "properties": {"kind": "street_cabinet"}}, {"type": "Feature", "geometry": {"type": "Point", "coordinates": [-118.4312577, 34.0355665]}, "properties": {"kind": "street_cabinet"}}, {"type": "Feature", "geometry": {"type": "Point", "coordinates": [-118.399967, 34.0743528]}, "properties": {"kind": "surveillance"}}, {"type": "Feature", "geometry": {"type": "Point", "coordinates": [-118.4061295, 34.1008261]}, "properties": {"kind": "surveillance"}}, {"type": "Feature", "geometry": {"type": "Point", "coordinates": [-118.3902611, 33.8632816]}, "properties": {"kind": "surveillance"}}, {"type": "Feature", "geometry": {"type": "Point", "coordinates": [-118.4901095, 34.0120364]}, "properties": {"kind": "surveillance"}}, {"type": "Feature", "geometry": {"type": "Point", "coordinates": [-118.47319650000001, 34.062620700000004]}, "properties": {"kind": "surveillance"}}, {"type": "Feature", "geometry": {"type": "Point", "coordinates": [-118.3445238, 33.9455736]}, "properties": {"kind": "surveillance"}}, {"type": "Feature", "geometry": {"type": "Point", "coordinates": [-118.3437823, 33.945097000000004]}, "properties": {"kind": "surveillance"}}, {"type": "Feature", "geometry": {"type": "Point", "coordinates": [-118.3438146, 33.9458596]}, "properties": {"kind": "surveillance"}}, {"type": "Feature", "geometry": {"type": "Point", "coordinates": [-118.3433916, 33.9456112]}, "properties": {"kind": "surveillance"}}, {"type": "Feature", "geometry": {"type": "Point", "coordinates": [-118.44508450000001, 34.067080600000004]}, "properties": {"kind": "surveillance"}}, {"type": "Feature", "geometry": {"type": "Point", "coordinates": [-118.2956221, 34.0988977]}, "properties": {"kind": "surveillance"}}, {"type": "Feature", "geometry": {"type": "Point", "coordinates": [-118.49359910000001, 34.015073300000005]}, "properties": {"kind": "surveillance"}}, {"type": "Feature", "geometry": {"type": "Point", "coordinates": [-118.4951714, 34.0164315]}, "properties": {"kind": "surveillance"}}, {"type": "Feature", "geometry": {"type": "Point", "coordinates": [-118.4964781, 34.017755300000005]}, "properties": {"kind": "surveillance"}}, {"type": "Feature", "geometry": {"type": "Point", "coordinates": [-118.39566710000001, 33.8733237]}, "properties": {"kind": "surveillance"}}, {"type": "Feature", "geometry": {"type": "Point", "coordinates": [-118.3664854, 33.8873754]}, "properties": {"kind": "surveillance"}}, {"type": "Feature", "geometry": {"type": "Point", "coordinates": [-118.36099170000001, 34.0007248]}, "properties": {"kind": "mast"}}, {"type": "Feature", "geometry": {"type": "Point", "coordinates": [-118.36278200000001, 34.002751100000005]}, "properties": {"kind": "mast"}}, {"type": "Feature", "geometry": {"type": "Point", "coordinates": [-118.3505011, 34.0482748]}, "properties": {"kind": "surveillance"}}, {"type": "Feature", "geometry": {"type": "Point", "coordinates": [-118.44118730000001, 33.9866795]}, "properties": {"kind": "surveillance"}}, {"type": "Feature", "geometry": {"type": "Point", "coordinates": [-118.3615766, 34.0072923]}, "properties": {"kind": "mast"}}, {"type": "Feature", "geometry": {"type": "Point", "coordinates": [-118.44549470000001, 34.0648963]}, "properties": {"kind": "surveillance"}}, {"type": "Feature", "geometry": {"type": "Point", "coordinates": [-118.4351721, 34.0369645]}, "properties": {"kind": "surveillance"}}, {"type": "Feature", "geometry": {"type": "Point", "coordinates": [-118.36911900000001, 34.0510304]}, "properties": {"kind": "surveillance"}}, {"type": "Feature", "geometry": {"type": "Point", "coordinates": [-118.40457620000001, 33.870976]}, "properties": {"kind": "surveillance"}}, {"type": "Feature", "geometry": {"type": "Point", "coordinates": [-118.41195180000001, 34.0905356]}, "properties": {"kind": "surveillance"}}, {"type": "Feature", "geometry": {"type": "Point", "coordinates": [-118.48005090000001, 33.998519200000004]}, "properties": {"kind": "surveillance"}}, {"type": "Feature", "geometry": {"type": "Point", "coordinates": [-118.309183, 33.8741165]}, "properties": {"kind": "surveillance"}}, {"type": "Feature", "geometry": {"type": "Point", "coordinates": [-118.3091799, 33.8741051]}, "properties": {"kind": "surveillance"}}, {"type": "Feature", "geometry": {"type": "Point", "coordinates": [-118.38250300000001, 34.0204271]}, "properties": {"kind": "surveillance"}}, {"type": "Feature", "geometry": {"type": "Point", "coordinates": [-118.469993, 34.0652161]}, "properties": {"kind": "surveillance"}}, {"type": "Feature", "geometry": {"type": "Point", "coordinates": [-118.47749150000001, 34.036045900000005]}, "properties": {"kind": "surveillance"}}, {"type": "Feature", "geometry": {"type": "Point", "coordinates": [-118.4784688, 34.0273818]}, "properties": {"kind": "surveillance"}}, {"type": "Feature", "geometry": {"type": "Point", "coordinates": [-118.47688980000001, 34.0259991]}, "properties": {"kind": "surveillance"}}, {"type": "Feature", "geometry": {"type": "Point", "coordinates": [-118.4482995, 34.0688763]}, "properties": {"kind": "surveillance"}}, {"type": "Feature", "geometry": {"type": "Point", "coordinates": [-118.4485173, 34.0687963]}, "properties": {"kind": "surveillance"}}, {"type": "Feature", "geometry": {"type": "Point", "coordinates": [-118.46566410000001, 34.0215587]}, "properties": {"kind": "surveillance"}}, {"type": "Feature", "geometry": {"type": "Point", "coordinates": [-118.4666016, 34.0209066]}, "properties": {"kind": "surveillance"}}, {"type": "Feature", "geometry": {"type": "Point", "coordinates": [-118.35494200000001, 34.0255278]}, "properties": {"kind": "surveillance"}}, {"type": "Feature", "geometry": {"type": "Point", "coordinates": [-118.34598670000001, 34.0174937]}, "properties": {"kind": "surveillance"}}, {"type": "Feature", "geometry": {"type": "Point", "coordinates": [-118.34598670000001, 34.0174937]}, "properties": {"kind": "surveillance"}}, {"type": "Feature", "geometry": {"type": "Point", "coordinates": [-118.32650310000001, 33.9491177]}, "properties": {"kind": "surveillance"}}, {"type": "Feature", "geometry": {"type": "Point", "coordinates": [-118.3265118, 33.9454895]}, "properties": {"kind": "surveillance"}}, {"type": "Feature", "geometry": {"type": "Point", "coordinates": [-118.3265626, 33.9164438]}, "properties": {"kind": "surveillance"}}, {"type": "Feature", "geometry": {"type": "Point", "coordinates": [-118.32614740000001, 33.8639725]}, "properties": {"kind": "surveillance"}}, {"type": "Feature", "geometry": {"type": "Point", "coordinates": [-118.32887590000001, 33.8364197]}, "properties": {"kind": "surveillance"}}, {"type": "Feature", "geometry": {"type": "Point", "coordinates": [-118.31244640000001, 33.988644]}, "properties": {"kind": "surveillance"}}, {"type": "Feature", "geometry": {"type": "Point", "coordinates": [-118.31244790000001, 33.9886422]}, "properties": {"kind": "surveillance"}}, {"type": "Feature", "geometry": {"type": "Point", "coordinates": [-118.31245320000001, 33.9886445]}, "properties": {"kind": "surveillance"}}, {"type": "Feature", "geometry": {"type": "Point", "coordinates": [-118.31294000000001, 33.987825]}, "properties": {"kind": "surveillance"}}, {"type": "Feature", "geometry": {"type": "Point", "coordinates": [-118.29148040000001, 33.9607377]}, "properties": {"kind": "surveillance"}}, {"type": "Feature", "geometry": {"type": "Point", "coordinates": [-118.395525, 33.9051762]}, "properties": {"kind": "surveillance"}}, {"type": "Feature", "geometry": {"type": "Point", "coordinates": [-118.44522900000001, 34.0638324]}, "properties": {"kind": "surveillance"}}, {"type": "Feature", "geometry": {"type": "Point", "coordinates": [-118.4182181, 34.009636900000004]}, "properties": {"kind": "surveillance"}}, {"type": "Feature", "geometry": {"type": "Point", "coordinates": [-118.43474330000001, 34.0366719]}, "properties": {"kind": "utility_pole"}}, {"type": "Feature", "geometry": {"type": "Point", "coordinates": [-118.43477120000001, 34.036996900000005]}, "properties": {"kind": "utility_pole"}}, {"type": "Feature", "geometry": {"type": "Point", "coordinates": [-118.43775880000001, 34.037317300000005]}, "properties": {"kind": "utility_pole"}}, {"type": "Feature", "geometry": {"type": "Point", "coordinates": [-118.4377115, 34.0381584]}, "properties": {"kind": "utility_pole"}}, {"type": "Feature", "geometry": {"type": "Point", "coordinates": [-118.43711160000001, 34.0383274]}, "properties": {"kind": "utility_pole"}}, {"type": "Feature", "geometry": {"type": "Point", "coordinates": [-118.4347505, 34.035060200000004]}, "properties": {"kind": "utility_pole"}}, {"type": "Feature", "geometry": {"type": "Point", "coordinates": [-118.41242030000001, 34.084236100000005]}, "properties": {"kind": "surveillance"}}, {"type": "Feature", "geometry": {"type": "Point", "coordinates": [-118.41127110000001, 34.0784226]}, "properties": {"kind": "surveillance"}}, {"type": "Feature", "geometry": {"type": "Point", "coordinates": [-118.4036705, 34.0716861]}, "properties": {"kind": "surveillance"}}, {"type": "Feature", "geometry": {"type": "Point", "coordinates": [-118.4478857, 34.0406787]}, "properties": {"kind": "utility_pole"}}, {"type": "Feature", "geometry": {"type": "Point", "coordinates": [-118.45094730000001, 34.050553300000004]}, "properties": {"kind": "utility_pole"}}, {"type": "Feature", "geometry": {"type": "Point", "coordinates": [-118.4376929, 34.032179400000004]}, "properties": {"kind": "utility_pole"}}, {"type": "Feature", "geometry": {"type": "Point", "coordinates": [-118.4375421, 34.032267100000006]}, "properties": {"kind": "utility_pole"}}, {"type": "Feature", "geometry": {"type": "Point", "coordinates": [-118.43903470000001, 34.0349291]}, "properties": {"kind": "utility_pole"}}, {"type": "Feature", "geometry": {"type": "Point", "coordinates": [-118.4420376, 34.039896500000005]}, "properties": {"kind": "utility_pole"}}, {"type": "Feature", "geometry": {"type": "Point", "coordinates": [-118.4442144, 34.0385991]}, "properties": {"kind": "utility_pole"}}, {"type": "Feature", "geometry": {"type": "Point", "coordinates": [-118.4435519, 34.038999700000005]}, "properties": {"kind": "utility_pole"}}, {"type": "Feature", "geometry": {"type": "Point", "coordinates": [-118.4451703, 34.0401849]}, "properties": {"kind": "utility_pole"}}, {"type": "Feature", "geometry": {"type": "Point", "coordinates": [-118.4454592, 34.037855900000004]}, "properties": {"kind": "utility_pole"}}, {"type": "Feature", "geometry": {"type": "Point", "coordinates": [-118.4474756, 34.0410776]}, "properties": {"kind": "utility_pole"}}, {"type": "Feature", "geometry": {"type": "Point", "coordinates": [-118.44726220000001, 34.041050000000006]}, "properties": {"kind": "utility_pole"}}, {"type": "Feature", "geometry": {"type": "Point", "coordinates": [-118.44817110000001, 34.0426765]}, "properties": {"kind": "utility_pole"}}, {"type": "Feature", "geometry": {"type": "Point", "coordinates": [-118.45672780000001, 34.0453968]}, "properties": {"kind": "utility_pole"}}, {"type": "Feature", "geometry": {"type": "Point", "coordinates": [-118.45748590000001, 34.046285700000006]}, "properties": {"kind": "utility_pole"}}, {"type": "Feature", "geometry": {"type": "Point", "coordinates": [-118.45583210000001, 34.0455358]}, "properties": {"kind": "utility_pole"}}, {"type": "Feature", "geometry": {"type": "Point", "coordinates": [-118.45781410000001, 34.048480000000005]}, "properties": {"kind": "utility_pole"}}, {"type": "Feature", "geometry": {"type": "Point", "coordinates": [-118.45752490000001, 34.048638100000005]}, "properties": {"kind": "utility_pole"}}, {"type": "Feature", "geometry": {"type": "Point", "coordinates": [-118.4573316, 34.0487241]}, "properties": {"kind": "utility_pole"}}, {"type": "Feature", "geometry": {"type": "Point", "coordinates": [-118.46939640000001, 34.053231700000005]}, "properties": {"kind": "utility_pole"}}, {"type": "Feature", "geometry": {"type": "Point", "coordinates": [-118.4661262, 34.0538733]}, "properties": {"kind": "utility_pole"}}, {"type": "Feature", "geometry": {"type": "Point", "coordinates": [-118.4659275, 34.0540204]}, "properties": {"kind": "utility_pole"}}, {"type": "Feature", "geometry": {"type": "Point", "coordinates": [-118.46793640000001, 34.053854300000005]}, "properties": {"kind": "utility_pole"}}, {"type": "Feature", "geometry": {"type": "Point", "coordinates": [-118.46817300000001, 34.0538102]}, "properties": {"kind": "utility_pole"}}, {"type": "Feature", "geometry": {"type": "Point", "coordinates": [-118.46953590000001, 34.0531158]}, "properties": {"kind": "utility_pole"}}, {"type": "Feature", "geometry": {"type": "Point", "coordinates": [-118.4583441, 34.043348800000004]}, "properties": {"kind": "utility_pole"}}, {"type": "Feature", "geometry": {"type": "Point", "coordinates": [-118.4578585, 34.043635]}, "properties": {"kind": "utility_pole"}}, {"type": "Feature", "geometry": {"type": "Point", "coordinates": [-118.45764750000001, 34.043767800000005]}, "properties": {"kind": "utility_pole"}}, {"type": "Feature", "geometry": {"type": "Point", "coordinates": [-118.45713060000001, 34.0440733]}, "properties": {"kind": "utility_pole"}}, {"type": "Feature", "geometry": {"type": "Point", "coordinates": [-118.46784400000001, 34.052668100000005]}, "properties": {"kind": "utility_pole"}}, {"type": "Feature", "geometry": {"type": "Point", "coordinates": [-118.4701251, 34.0524124]}, "properties": {"kind": "utility_pole"}}, {"type": "Feature", "geometry": {"type": "Point", "coordinates": [-118.33380340000001, 34.036126100000004]}, "properties": {"kind": "mast"}}, {"type": "Feature", "geometry": {"type": "Point", "coordinates": [-118.3340124, 34.0356308]}, "properties": {"kind": "mast"}}, {"type": "Feature", "geometry": {"type": "Point", "coordinates": [-118.34931890000001, 34.0253484]}, "properties": {"kind": "mast"}}, {"type": "Feature", "geometry": {"type": "Point", "coordinates": [-118.34987480000001, 34.0258339]}, "properties": {"kind": "mast"}}, {"type": "Feature", "geometry": {"type": "Point", "coordinates": [-118.3692898, 34.025924]}, "properties": {"kind": "antenna"}}, {"type": "Feature", "geometry": {"type": "Point", "coordinates": [-118.3648411, 34.0261104]}, "properties": {"kind": "mast"}}, {"type": "Feature", "geometry": {"type": "Point", "coordinates": [-118.36551250000001, 34.0263032]}, "properties": {"kind": "antenna"}}, {"type": "Feature", "geometry": {"type": "Point", "coordinates": [-118.42919930000001, 34.0924858]}, "properties": {"kind": "utility_pole"}}, {"type": "Feature", "geometry": {"type": "Point", "coordinates": [-118.3961349, 33.959688]}, "properties": {"kind": "surveillance"}}, {"type": "Feature", "geometry": {"type": "Point", "coordinates": [-118.4337964, 34.004845]}, "properties": {"kind": "surveillance"}}, {"type": "Feature", "geometry": {"type": "Point", "coordinates": [-118.45358216013562, 33.96374917292612]}, "properties": {"kind": "breakwater"}}, {"type": "Feature", "geometry": {"type": "Point", "coordinates": [-118.49782949895014, 34.00877179769111]}, "properties": {"kind": "pier"}}, {"type": "Feature", "geometry": {"type": "Point", "coordinates": [-118.4300165265747, 33.92574015732463]}, "properties": {"kind": "wastewater_plant"}}, {"type": "Feature", "geometry": {"type": "Point", "coordinates": [-118.45121833715835, 33.975453184785415]}, "properties": {"kind": "harbour"}}, {"type": "Feature", "geometry": {"type": "Point", "coordinates": [-118.4481410152767, 33.963050417407075]}, "properties": {"kind": "stream"}}, {"type": "Feature", "geometry": {"type": "Point", "coordinates": [-118.43563822084383, 33.965792415323904]}, "properties": {"kind": "stream"}}, {"type": "Feature", "geometry": {"type": "Point", "coordinates": [-118.39222959712224, 33.979770740897536]}, "properties": {"kind": "stream"}}, {"type": "Feature", "geometry": {"type": "Point", "coordinates": [-118.3953540895025, 33.983239201869345]}, "properties": {"kind": "stream"}}, {"type": "Feature", "geometry": {"type": "Point", "coordinates": [-118.3810249576735, 33.97391454162814]}, "properties": {"kind": "stream"}}, {"type": "Feature", "geometry": {"type": "Point", "coordinates": [-118.39330242445578, 33.981473833982584]}, "properties": {"kind": "stream"}}, {"type": "Feature", "geometry": {"type": "Point", "coordinates": [-118.2977858426951, 33.83683679793387]}, "properties": {"kind": "drain"}}, {"type": "Feature", "geometry": {"type": "Point", "coordinates": [-118.30936336083121, 33.837676845056386]}, "properties": {"kind": "drain"}}, {"type": "Feature", "geometry": {"type": "Point", "coordinates": [-118.31713313671915, 33.848112345109286]}, "properties": {"kind": "drain"}}, {"type": "Feature", "geometry": {"type": "Point", "coordinates": [-118.44104338705843, 34.06583574855635]}, "properties": {"kind": "stream"}}, {"type": "Feature", "geometry": {"type": "Point", "coordinates": [-118.33051719187304, 34.07826543499847]}, "properties": {"kind": "stream"}}, {"type": "Feature", "geometry": {"type": "Point", "coordinates": [-118.32880585000001, 34.075709599999996]}, "properties": {"kind": "stream"}}, {"type": "Feature", "geometry": {"type": "Point", "coordinates": [-118.32949448845898, 34.07395239040101]}, "properties": {"kind": "stream"}}, {"type": "Feature", "geometry": {"type": "Point", "coordinates": [-118.4242478, 34.021806350000006]}, "properties": {"kind": "stream"}}, {"type": "Feature", "geometry": {"type": "Point", "coordinates": [-118.4249643, 34.019102200000006]}, "properties": {"kind": "stream"}}, {"type": "Feature", "geometry": {"type": "Point", "coordinates": [-118.39387086691826, 33.84335262210941]}, "properties": {"kind": "pier"}}, {"type": "Feature", "geometry": {"type": "Point", "coordinates": [-118.44348085, 33.96300095]}, "properties": {"kind": "stream"}}, {"type": "Feature", "geometry": {"type": "Point", "coordinates": [-118.44632264048148, 33.963627725761306]}, "properties": {"kind": "stream"}}, {"type": "Feature", "geometry": {"type": "Point", "coordinates": [-118.40385866231753, 33.86152375135621]}, "properties": {"kind": "pier"}}, {"type": "Feature", "geometry": {"type": "Point", "coordinates": [-118.41349893238979, 33.883776657606965]}, "properties": {"kind": "pier"}}, {"type": "Feature", "geometry": {"type": "Point", "coordinates": [-118.46911829259318, 33.977749856474226]}, "properties": {"kind": "pier"}}, {"type": "Feature", "geometry": {"type": "Point", "coordinates": [-118.40052103144643, 34.050392062784674]}, "properties": {"kind": "stream"}}, {"type": "Feature", "geometry": {"type": "Point", "coordinates": [-118.32181605998534, 33.84980721087504]}, "properties": {"kind": "storage_tank"}}, {"type": "Feature", "geometry": {"type": "Point", "coordinates": [-118.32182272544331, 33.85155482803848]}, "properties": {"kind": "storage_tank"}}, {"type": "Feature", "geometry": {"type": "Point", "coordinates": [-118.32388351708201, 33.84895761024127]}, "properties": {"kind": "storage_tank"}}, {"type": "Feature", "geometry": {"type": "Point", "coordinates": [-118.32070117621707, 33.850743558234626]}, "properties": {"kind": "storage_tank"}}, {"type": "Feature", "geometry": {"type": "Point", "coordinates": [-118.31842729600297, 33.85207856648856]}, "properties": {"kind": "storage_tank"}}, {"type": "Feature", "geometry": {"type": "Point", "coordinates": [-118.3233766256703, 33.85429418961424]}, "properties": {"kind": "storage_tank"}}, {"type": "Feature", "geometry": {"type": "Point", "coordinates": [-118.31966142579725, 33.8498195230346]}, "properties": {"kind": "storage_tank"}}, {"type": "Feature", "geometry": {"type": "Point", "coordinates": [-118.31965746438064, 33.84811090722949]}, "properties": {"kind": "storage_tank"}}, {"type": "Feature", "geometry": {"type": "Point", "coordinates": [-118.32500709760558, 33.84810387892564]}, "properties": {"kind": "storage_tank"}}, {"type": "Feature", "geometry": {"type": "Point", "coordinates": [-118.32285788259472, 33.85158294852711]}, "properties": {"kind": "storage_tank"}}, {"type": "Feature", "geometry": {"type": "Point", "coordinates": [-118.32069885280544, 33.85335975566354]}, "properties": {"kind": "storage_tank"}}, {"type": "Feature", "geometry": {"type": "Point", "coordinates": [-118.31862637087403, 33.84811364801006]}, "properties": {"kind": "storage_tank"}}, {"type": "Feature", "geometry": {"type": "Point", "coordinates": [-118.32595666276892, 33.85335278881615]}, "properties": {"kind": "storage_tank"}}, {"type": "Feature", "geometry": {"type": "Point", "coordinates": [-118.32181980465192, 33.848961088511246]}, "properties": {"kind": "storage_tank"}}, {"type": "Feature", "geometry": {"type": "Point", "coordinates": [-118.31966828331544, 33.850744934343794]}, "properties": {"kind": "storage_tank"}}, {"type": "Feature", "geometry": {"type": "Point", "coordinates": [-118.3229512394285, 33.852289847245885]}, "properties": {"kind": "storage_tank"}}, {"type": "Feature", "geometry": {"type": "Point", "coordinates": [-118.32500985527204, 33.848956287848814]}, "properties": {"kind": "storage_tank"}}, {"type": "Feature", "geometry": {"type": "Point", "coordinates": [-118.3219188943591, 33.85335687413002]}, "properties": {"kind": "storage_tank"}}, {"type": "Feature", "geometry": {"type": "Point", "coordinates": [-118.31966573356164, 33.85158734886215]}, "properties": {"kind": "storage_tank"}}, {"type": "Feature", "geometry": {"type": "Point", "coordinates": [-118.32388441806347, 33.84981002464902]}, "properties": {"kind": "storage_tank"}}, {"type": "Feature", "geometry": {"type": "Point", "coordinates": [-118.32285539265193, 33.85074051614252]}, "properties": {"kind": "storage_tank"}}, {"type": "Feature", "geometry": {"type": "Point", "coordinates": [-118.32181905238582, 33.8481081429]}, "properties": {"kind": "storage_tank"}}, {"type": "Feature", "geometry": {"type": "Point", "coordinates": [-118.32715066069676, 33.8540939601709]}, "properties": {"kind": "storage_tank"}}, {"type": "Feature", "geometry": {"type": "Point", "coordinates": [-118.32348237730673, 33.85526430143474]}, "properties": {"kind": "storage_tank"}}, {"type": "Feature", "geometry": {"type": "Point", "coordinates": [-118.32213526004578, 33.85526670980756]}, "properties": {"kind": "storage_tank"}}, {"type": "Feature", "geometry": {"type": "Point", "coordinates": [-118.31863294777683, 33.84896266274646]}, "properties": {"kind": "storage_tank"}}, {"type": "Feature", "geometry": {"type": "Point", "coordinates": [-118.32279125642445, 33.85429651582273]}, "properties": {"kind": "storage_tank"}}, {"type": "Feature", "geometry": {"type": "Point", "coordinates": [-118.32017763560349, 33.852302502098404]}, "properties": {"kind": "storage_tank"}}, {"type": "Feature", "geometry": {"type": "Point", "coordinates": [-118.3250105186804, 33.84980835129375]}, "properties": {"kind": "storage_tank"}}, {"type": "Feature", "geometry": {"type": "Point", "coordinates": [-118.32212654671581, 33.85228903674972]}, "properties": {"kind": "storage_tank"}}, {"type": "Feature", "geometry": {"type": "Point", "coordinates": [-118.3228540735973, 33.84981182262205]}, "properties": {"kind": "storage_tank"}}, {"type": "Feature", "geometry": {"type": "Point", "coordinates": [-118.32488995696431, 33.85223559819211]}, "properties": {"kind": "storage_tank"}}, {"type": "Feature", "geometry": {"type": "Point", "coordinates": [-118.32501775715197, 33.853352244614825]}, "properties": {"kind": "storage_tank"}}, {"type": "Feature", "geometry": {"type": "Point", "coordinates": [-118.32714791581192, 33.853350486283915]}, "properties": {"kind": "storage_tank"}}, {"type": "Feature", "geometry": {"type": "Point", "coordinates": [-118.32191819727208, 33.854198758587565]}, "properties": {"kind": "storage_tank"}}, {"type": "Feature", "geometry": {"type": "Point", "coordinates": [-118.32388129689171, 33.84810505637442]}, "properties": {"kind": "storage_tank"}}, {"type": "Feature", "geometry": {"type": "Point", "coordinates": [-118.3264257930217, 33.8498052012985]}, "properties": {"kind": "storage_tank"}}, {"type": "Feature", "geometry": {"type": "Point", "coordinates": [-118.3238887405483, 33.85073782782519]}, "properties": {"kind": "storage_tank"}}, {"type": "Feature", "geometry": {"type": "Point", "coordinates": [-118.32069625956039, 33.848111593258494]}, "properties": {"kind": "storage_tank"}}, {"type": "Feature", "geometry": {"type": "Point", "coordinates": [-118.32070177644532, 33.854202813936475]}, "properties": {"kind": "storage_tank"}}, {"type": "Feature", "geometry": {"type": "Point", "coordinates": [-118.32068939489577, 33.848970054294114]}, "properties": {"kind": "storage_tank"}}, {"type": "Feature", "geometry": {"type": "Point", "coordinates": [-118.32352731521557, 33.85659271866517]}, "properties": {"kind": "storage_tank"}}, {"type": "Feature", "geometry": {"type": "Point", "coordinates": [-118.32069266588991, 33.84982054607458]}, "properties": {"kind": "storage_tank"}}, {"type": "Feature", "geometry": {"type": "Point", "coordinates": [-118.32285009776008, 33.84810702656126]}, "properties": {"kind": "storage_tank"}}, {"type": "Feature", "geometry": {"type": "Point", "coordinates": [-118.31966607314487, 33.849031332921854]}, "properties": {"kind": "storage_tank"}}, {"type": "Feature", "geometry": {"type": "Point", "coordinates": [-118.32388645990198, 33.85158133469219]}, "properties": {"kind": "storage_tank"}}, {"type": "Feature", "geometry": {"type": "Point", "coordinates": [-118.325013077518, 33.85073695647211]}, "properties": {"kind": "storage_tank"}}, {"type": "Feature", "geometry": {"type": "Point", "coordinates": [-118.32216172796744, 33.856594546891095]}, "properties": {"kind": "storage_tank"}}, {"type": "Feature", "geometry": {"type": "Point", "coordinates": [-118.32784062970246, 33.85334953474036]}, "properties": {"kind": "storage_tank"}}, {"type": "Feature", "geometry": {"type": "Point", "coordinates": [-118.32501886679074, 33.85392050550156]}, "properties": {"kind": "storage_tank"}}, {"type": "Feature", "geometry": {"type": "Point", "coordinates": [-118.31967249065762, 33.854202430435144]}, "properties": {"kind": "storage_tank"}}, {"type": "Feature", "geometry": {"type": "Point", "coordinates": [-118.32069873379182, 33.8515556370376]}, "properties": {"kind": "storage_tank"}}, {"type": "Feature", "geometry": {"type": "Point", "coordinates": [-118.3252363164077, 33.85223539014854]}, "properties": {"kind": "storage_tank"}}, {"type": "Feature", "geometry": {"type": "Point", "coordinates": [-118.3228504924923, 33.848959473840544]}, "properties": {"kind": "storage_tank"}}, {"type": "Feature", "geometry": {"type": "Point", "coordinates": [-118.32501361493043, 33.85157987803182]}, "properties": {"kind": "storage_tank"}}, {"type": "Feature", "geometry": {"type": "Point", "coordinates": [-118.3196610981065, 33.8533618188431]}, "properties": {"kind": "storage_tank"}}, {"type": "Feature", "geometry": {"type": "Point", "coordinates": [-118.32181819399774, 33.85074123913648]}, "properties": {"kind": "storage_tank"}}, {"type": "Feature", "geometry": {"type": "Point", "coordinates": [-118.41959255983517, 33.90906540688659]}, "properties": {"kind": "storage_tank"}}, {"type": "Feature", "geometry": {"type": "Point", "coordinates": [-118.42219028195733, 33.91537049526931]}, "properties": {"kind": "storage_tank"}}, {"type": "Feature", "geometry": {"type": "Point", "coordinates": [-118.42093526174747, 33.91460683586009]}, "properties": {"kind": "storage_tank"}}, {"type": "Feature", "geometry": {"type": "Point", "coordinates": [-118.41922260204788, 33.91341392924231]}, "properties": {"kind": "storage_tank"}}, {"type": "Feature", "geometry": {"type": "Point", "coordinates": [-118.41902007682724, 33.90787880000001]}, "properties": {"kind": "storage_tank"}}, {"type": "Feature", "geometry": {"type": "Point", "coordinates": [-118.41103285000003, 33.90426303171063]}, "properties": {"kind": "storage_tank"}}, {"type": "Feature", "geometry": {"type": "Point", "coordinates": [-118.41751190000001, 33.906185831725985]}, "properties": {"kind": "storage_tank"}}, {"type": "Feature", "geometry": {"type": "Point", "coordinates": [-118.41957054972046, 33.91404897495143]}, "properties": {"kind": "storage_tank"}}, {"type": "Feature", "geometry": {"type": "Point", "coordinates": [-118.41920209999998, 33.90708700689628]}, "properties": {"kind": "storage_tank"}}, {"type": "Feature", "geometry": {"type": "Point", "coordinates": [-118.41417231695203, 33.903656999999995]}, "properties": {"kind": "storage_tank"}}, {"type": "Feature", "geometry": {"type": "Point", "coordinates": [-118.42008261143022, 33.90889690688664]}, "properties": {"kind": "storage_tank"}}, {"type": "Feature", "geometry": {"type": "Point", "coordinates": [-118.41710453856456, 33.90701180000001]}, "properties": {"kind": "storage_tank"}}, {"type": "Feature", "geometry": {"type": "Point", "coordinates": [-118.42125596142756, 33.90890066828403]}, "properties": {"kind": "storage_tank"}}, {"type": "Feature", "geometry": {"type": "Point", "coordinates": [-118.42067560000002, 33.91134095045695]}, "properties": {"kind": "storage_tank"}}, {"type": "Feature", "geometry": {"type": "Point", "coordinates": [-118.41707285630456, 33.903085063304765]}, "properties": {"kind": "storage_tank"}}, {"type": "Feature", "geometry": {"type": "Point", "coordinates": [-118.42302938244119, 33.9138164993892]}, "properties": {"kind": "storage_tank"}}, {"type": "Feature", "geometry": {"type": "Point", "coordinates": [-118.41819310000001, 33.907283]}, "properties": {"kind": "storage_tank"}}, {"type": "Feature", "geometry": {"type": "Point", "coordinates": [-118.42258124016685, 33.91175288216421]}, "properties": {"kind": "storage_tank"}}, {"type": "Feature", "geometry": {"type": "Point", "coordinates": [-118.41900727673807, 33.9089771]}, "properties": {"kind": "storage_tank"}}, {"type": "Feature", "geometry": {"type": "Point", "coordinates": [-118.42181764999998, 33.91279390689315]}, "properties": {"kind": "storage_tank"}}, {"type": "Feature", "geometry": {"type": "Point", "coordinates": [-118.41538586534384, 33.9057819]}, "properties": {"kind": "storage_tank"}}, {"type": "Feature", "geometry": {"type": "Point", "coordinates": [-118.4080603991247, 33.903211815385184]}, "properties": {"kind": "storage_tank"}}, {"type": "Feature", "geometry": {"type": "Point", "coordinates": [-118.41945078984008, 33.91331547227687]}, "properties": {"kind": "storage_tank"}}, {"type": "Feature", "geometry": {"type": "Point", "coordinates": [-118.4188499598621, 33.907533900000004]}, "properties": {"kind": "storage_tank"}}, {"type": "Feature", "geometry": {"type": "Point", "coordinates": [-118.42145193514726, 33.91537935529151]}, "properties": {"kind": "storage_tank"}}, {"type": "Feature", "geometry": {"type": "Point", "coordinates": [-118.41270378463626, 33.90507786828465]}, "properties": {"kind": "storage_tank"}}, {"type": "Feature", "geometry": {"type": "Point", "coordinates": [-118.42467301298267, 33.91572216010995]}, "properties": {"kind": "storage_tank"}}, {"type": "Feature", "geometry": {"type": "Point", "coordinates": [-118.4179924885951, 33.9068746]}, "properties": {"kind": "storage_tank"}}, {"type": "Feature", "geometry": {"type": "Point", "coordinates": [-118.41981782861468, 33.91394863408875]}, "properties": {"kind": "storage_tank"}}, {"type": "Feature", "geometry": {"type": "Point", "coordinates": [-118.41946645, 33.907622231725654]}, "properties": {"kind": "storage_tank"}}, {"type": "Feature", "geometry": {"type": "Point", "coordinates": [-118.41891280000002, 33.91034356832264]}, "properties": {"kind": "storage_tank"}}, {"type": "Feature", "geometry": {"type": "Point", "coordinates": [-118.41436374999999, 33.90458989310818]}, "properties": {"kind": "storage_tank"}}, {"type": "Feature", "geometry": {"type": "Point", "coordinates": [-118.41995519999999, 33.90985441782618]}, "properties": {"kind": "storage_tank"}}, {"type": "Feature", "geometry": {"type": "Point", "coordinates": [-118.4167982232058, 33.906294217848234]}, "properties": {"kind": "storage_tank"}}, {"type": "Feature", "geometry": {"type": "Point", "coordinates": [-118.42164243857387, 33.909820993108845]}, "properties": {"kind": "storage_tank"}}, {"type": "Feature", "geometry": {"type": "Point", "coordinates": [-118.42329057374299, 33.91434168364259]}, "properties": {"kind": "storage_tank"}}, {"type": "Feature", "geometry": {"type": "Point", "coordinates": [-118.41898272210611, 33.91204596994388]}, "properties": {"kind": "storage_tank"}}, {"type": "Feature", "geometry": {"type": "Point", "coordinates": [-118.42246991176397, 33.91593486079011]}, "properties": {"kind": "storage_tank"}}, {"type": "Feature", "geometry": {"type": "Point", "coordinates": [-118.41882807318501, 33.90861802472473]}, "properties": {"kind": "storage_tank"}}, {"type": "Feature", "geometry": {"type": "Point", "coordinates": [-118.42158235792908, 33.91389048602386]}, "properties": {"kind": "storage_tank"}}, {"type": "Feature", "geometry": {"type": "Point", "coordinates": [-118.41932615294475, 33.913601981464105]}, "properties": {"kind": "storage_tank"}}, {"type": "Feature", "geometry": {"type": "Point", "coordinates": [-118.41868345, 33.907191024821635]}, "properties": {"kind": "storage_tank"}}, {"type": "Feature", "geometry": {"type": "Point", "coordinates": [-118.4125239141322, 33.90406786635409]}, "properties": {"kind": "storage_tank"}}, {"type": "Feature", "geometry": {"type": "Point", "coordinates": [-118.42026803948512, 33.91347645311998]}, "properties": {"kind": "storage_tank"}}, {"type": "Feature", "geometry": {"type": "Point", "coordinates": [-118.41967819999999, 33.908034093103716]}, "properties": {"kind": "storage_tank"}}, {"type": "Feature", "geometry": {"type": "Point", "coordinates": [-118.41810215000001, 33.909099150459745]}, "properties": {"kind": "storage_tank"}}, {"type": "Feature", "geometry": {"type": "Point", "coordinates": [-118.42059929999994, 33.90992879999999]}, "properties": {"kind": "storage_tank"}}, {"type": "Feature", "geometry": {"type": "Point", "coordinates": [-118.41641140982586, 33.90559987528141]}, "properties": {"kind": "storage_tank"}}, {"type": "Feature", "geometry": {"type": "Point", "coordinates": [-118.42170459866675, 33.91411395982681]}, "properties": {"kind": "storage_tank"}}, {"type": "Feature", "geometry": {"type": "Point", "coordinates": [-118.42199071535615, 33.910663500000005]}, "properties": {"kind": "storage_tank"}}, {"type": "Feature", "geometry": {"type": "Point", "coordinates": [-118.41713794999998, 33.90404005045817]}, "properties": {"kind": "storage_tank"}}, {"type": "Feature", "geometry": {"type": "Point", "coordinates": [-118.41840200000003, 33.90770890000001]}, "properties": {"kind": "storage_tank"}}, {"type": "Feature", "geometry": {"type": "Point", "coordinates": [-118.42408739999996, 33.9136420495424]}, "properties": {"kind": "storage_tank"}}, {"type": "Feature", "geometry": {"type": "Point", "coordinates": [-118.42353466534587, 33.9148295504582]}, "properties": {"kind": "storage_tank"}}, {"type": "Feature", "geometry": {"type": "Point", "coordinates": [-118.42279735000004, 33.9133435]}, "properties": {"kind": "storage_tank"}}, {"type": "Feature", "geometry": {"type": "Point", "coordinates": [-118.41962663456196, 33.91237778885218]}, "properties": {"kind": "storage_tank"}}, {"type": "Feature", "geometry": {"type": "Point", "coordinates": [-118.42326633214813, 33.915908900243174]}, "properties": {"kind": "storage_tank"}}, {"type": "Feature", "geometry": {"type": "Point", "coordinates": [-118.41941055000002, 33.90870170000001]}, "properties": {"kind": "storage_tank"}}, {"type": "Feature", "geometry": {"type": "Point", "coordinates": [-118.40936177118047, 33.90320338841434]}, "properties": {"kind": "storage_tank"}}, {"type": "Feature", "geometry": {"type": "Point", "coordinates": [-118.41792875000002, 33.90538514953861]}, "properties": {"kind": "storage_tank"}}, {"type": "Feature", "geometry": {"type": "Point", "coordinates": [-118.41956265946781, 33.91350545954844]}, "properties": {"kind": "storage_tank"}}, {"type": "Feature", "geometry": {"type": "Point", "coordinates": [-118.41850520985166, 33.90683540687613]}, "properties": {"kind": "storage_tank"}}, {"type": "Feature", "geometry": {"type": "Point", "coordinates": [-118.4121438049904, 33.903029843145404]}, "properties": {"kind": "storage_tank"}}, {"type": "Feature", "geometry": {"type": "Point", "coordinates": [-118.4243894, 33.91413953169627]}, "properties": {"kind": "storage_tank"}}, {"type": "Feature", "geometry": {"type": "Point", "coordinates": [-118.41987400000001, 33.90846813172219]}, "properties": {"kind": "storage_tank"}}, {"type": "Feature", "geometry": {"type": "Point", "coordinates": [-118.41778357679674, 33.9083975573429]}, "properties": {"kind": "storage_tank"}}, {"type": "Feature", "geometry": {"type": "Point", "coordinates": [-118.42049426142755, 33.907378368284036]}, "properties": {"kind": "storage_tank"}}, {"type": "Feature", "geometry": {"type": "Point", "coordinates": [-118.42059649999999, 33.91065505045843]}, "properties": {"kind": "storage_tank"}}, {"type": "Feature", "geometry": {"type": "Point", "coordinates": [-118.4159511232127, 33.90428526830113]}, "properties": {"kind": "storage_tank"}}, {"type": "Feature", "geometry": {"type": "Point", "coordinates": [-118.42232250819879, 33.914001323479646]}, "properties": {"kind": "storage_tank"}}, {"type": "Feature", "geometry": {"type": "Point", "coordinates": [-118.4215804830441, 33.911117817822046]}, "properties": {"kind": "storage_tank"}}, {"type": "Feature", "geometry": {"type": "Point", "coordinates": [-118.41758042321693, 33.90474195735263]}, "properties": {"kind": "storage_tank"}}, {"type": "Feature", "geometry": {"type": "Point", "coordinates": [-118.41862075, 33.908159600000005]}, "properties": {"kind": "storage_tank"}}, {"type": "Feature", "geometry": {"type": "Point", "coordinates": [-118.42287408855599, 33.915274646193055]}, "properties": {"kind": "storage_tank"}}, {"type": "Feature", "geometry": {"type": "Point", "coordinates": [-118.42087160495993, 33.914171292618015]}, "properties": {"kind": "storage_tank"}}, {"type": "Feature", "geometry": {"type": "Point", "coordinates": [-118.41903090485197, 33.91310450896959]}, "properties": {"kind": "storage_tank"}}, {"type": "Feature", "geometry": {"type": "Point", "coordinates": [-118.4240298837199, 33.91594225964825]}, "properties": {"kind": "storage_tank"}}, {"type": "Feature", "geometry": {"type": "Point", "coordinates": [-118.41920391697444, 33.908248824727444]}, "properties": {"kind": "storage_tank"}}, {"type": "Feature", "geometry": {"type": "Point", "coordinates": [-118.42422181142116, 33.913906049542454]}, "properties": {"kind": "storage_tank"}}, {"type": "Feature", "geometry": {"type": "Point", "coordinates": [-118.41060350983365, 33.903218931711486]}, "properties": {"kind": "storage_tank"}}, {"type": "Feature", "geometry": {"type": "Point", "coordinates": [-118.41821337678306, 33.906013842647376]}, "properties": {"kind": "storage_tank"}}, {"type": "Feature", "geometry": {"type": "Point", "coordinates": [-118.41956761531391, 33.91377360627404]}, "properties": {"kind": "storage_tank"}}, {"type": "Feature", "geometry": {"type": "Point", "coordinates": [-118.41899780000001, 33.90666774954045]}, "properties": {"kind": "storage_tank"}}, {"type": "Feature", "geometry": {"type": "Point", "coordinates": [-118.41370621731882, 33.902787386106446]}, "properties": {"kind": "storage_tank"}}, {"type": "Feature", "geometry": {"type": "Point", "coordinates": [-118.41745147680346, 33.9077093178247]}, "properties": {"kind": "storage_tank"}}, {"type": "Feature", "geometry": {"type": "Point", "coordinates": [-118.42087513857241, 33.90814066828403]}, "properties": {"kind": "storage_tank"}}, {"type": "Feature", "geometry": {"type": "Point", "coordinates": [-118.4201484330493, 33.91103274265508]}, "properties": {"kind": "storage_tank"}}, {"type": "Feature", "geometry": {"type": "Point", "coordinates": [-118.41602211051033, 33.90273561215316]}, "properties": {"kind": "storage_tank"}}, {"type": "Feature", "geometry": {"type": "Point", "coordinates": [-118.42190270593402, 33.91479229682971]}, "properties": {"kind": "storage_tank"}}, {"type": "Feature", "geometry": {"type": "Point", "coordinates": [-118.42195310000001, 33.91157332472609]}, "properties": {"kind": "storage_tank"}}, {"type": "Feature", "geometry": {"type": "Point", "coordinates": [-118.31450655816, 33.91263466428465]}, "properties": {"kind": "stream"}}, {"type": "Feature", "geometry": {"type": "Point", "coordinates": [-118.31765579700095, 33.909384622345904]}, "properties": {"kind": "stream"}}, {"type": "Feature", "geometry": {"type": "Point", "coordinates": [-118.33105064898788, 33.92344769099173]}, "properties": {"kind": "compass_rose"}}, {"type": "Feature", "geometry": {"type": "Point", "coordinates": [-118.33106017846747, 33.923446188198646]}, "properties": {"kind": "compass_rose"}}, {"type": "Feature", "geometry": {"type": "Point", "coordinates": [-118.49580216897022, 34.057338548694844]}, "properties": {"kind": "stream"}}, {"type": "Feature", "geometry": {"type": "Point", "coordinates": [-118.50126057158754, 34.094410319861026]}, "properties": {"kind": "stream"}}, {"type": "Feature", "geometry": {"type": "Point", "coordinates": [-118.44328860342765, 34.02899460053205]}, "properties": {"kind": "stream"}}, {"type": "Feature", "geometry": {"type": "Point", "coordinates": [-118.42370957461773, 34.02379436713126]}, "properties": {"kind": "stream"}}, {"type": "Feature", "geometry": {"type": "Point", "coordinates": [-118.46274549455059, 33.96071042888125]}, "properties": {"kind": "breakwater"}}, {"type": "Feature", "geometry": {"type": "Point", "coordinates": [-118.40907857509443, 33.99670860733669]}, "properties": {"kind": "stream"}}, {"type": "Feature", "geometry": {"type": "Point", "coordinates": [-118.35941059999999, 34.041886149999996]}, "properties": {"kind": "stream"}}, {"type": "Feature", "geometry": {"type": "Point", "coordinates": [-118.35698819999999, 34.04275095]}, "properties": {"kind": "stream"}}, {"type": "Feature", "geometry": {"type": "Point", "coordinates": [-118.35816845444806, 34.04229314795101]}, "properties": {"kind": "stream"}}, {"type": "Feature", "geometry": {"type": "Point", "coordinates": [-118.35538027942157, 34.043607582115534]}, "properties": {"kind": "stream"}}, {"type": "Feature", "geometry": {"type": "Point", "coordinates": [-118.41225360550483, 33.99607278301267]}, "properties": {"kind": "stream"}}, {"type": "Feature", "geometry": {"type": "Point", "coordinates": [-118.42111924999999, 34.004442499999996]}, "properties": {"kind": "stream"}}, {"type": "Feature", "geometry": {"type": "Point", "coordinates": [-118.41472326376429, 33.98386922106152]}, "properties": {"kind": "stream"}}, {"type": "Feature", "geometry": {"type": "Point", "coordinates": [-118.3281986309435, 33.92397385365125]}, "properties": {"kind": "river"}}, {"type": "Feature", "geometry": {"type": "Point", "coordinates": [-118.31857344338299, 33.88076753484579]}, "properties": {"kind": "river"}}, {"type": "Feature", "geometry": {"type": "Point", "coordinates": [-118.35543849399227, 33.992072320884084]}, "properties": {"kind": "reservoir_covered"}}, {"type": "Feature", "geometry": {"type": "Point", "coordinates": [-118.3334154861037, 33.88391207693578]}, "properties": {"kind": "bridge"}}, {"type": "Feature", "geometry": {"type": "Point", "coordinates": [-118.37418617022985, 34.02994946926459]}, "properties": {"kind": "drain"}}, {"type": "Feature", "geometry": {"type": "Point", "coordinates": [-118.37834735162461, 34.03747171052499]}, "properties": {"kind": "drain"}}, {"type": "Feature", "geometry": {"type": "Point", "coordinates": [-118.37888914260849, 34.037420612899396]}, "properties": {"kind": "drain"}}, {"type": "Feature", "geometry": {"type": "Point", "coordinates": [-118.33162172639088, 34.117839781240725]}, "properties": {"kind": "dam"}}, {"type": "Feature", "geometry": {"type": "Point", "coordinates": [-118.41179488255956, 34.099567161437804]}, "properties": {"kind": "drain"}}, {"type": "Feature", "geometry": {"type": "Point", "coordinates": [-118.4110558518563, 34.094810387048796]}, "properties": {"kind": "dam"}}, {"type": "Feature", "geometry": {"type": "Point", "coordinates": [-118.41084177499029, 34.11942182466578]}, "properties": {"kind": "dam"}}, {"type": "Feature", "geometry": {"type": "Point", "coordinates": [-118.4123968578872, 34.10040825425089]}, "properties": {"kind": "dam"}}, {"type": "Feature", "geometry": {"type": "Point", "coordinates": [-118.40707401332284, 33.92113918392274]}, "properties": {"kind": "storage_tank"}}, {"type": "Feature", "geometry": {"type": "Point", "coordinates": [-118.44153474999999, 33.97741565]}, "properties": {"kind": "pier"}}, {"type": "Feature", "geometry": {"type": "Point", "coordinates": [-118.44170679999999, 33.977675899999994]}, "properties": {"kind": "pier"}}, {"type": "Feature", "geometry": {"type": "Point", "coordinates": [-118.44161890000001, 33.977543049999994]}, "properties": {"kind": "pier"}}, {"type": "Feature", "geometry": {"type": "Point", "coordinates": [-118.30340114820567, 33.939732155199415]}, "properties": {"kind": "storage_tank"}}, {"type": "Feature", "geometry": {"type": "Point", "coordinates": [-118.39459660945273, 33.84391303673088]}, "properties": {"kind": "pier"}}, {"type": "Feature", "geometry": {"type": "Point", "coordinates": [-118.4449558, 33.944445349999995]}, "properties": {"kind": "pier"}}, {"type": "Feature", "geometry": {"type": "Point", "coordinates": [-118.38114734410277, 33.870176468980176]}, "properties": {"kind": "storage_tank"}}, {"type": "Feature", "geometry": {"type": "Point", "coordinates": [-118.38097753601386, 33.870598360993995]}, "properties": {"kind": "storage_tank"}}, {"type": "Feature", "geometry": {"type": "Point", "coordinates": [-118.49631045, 34.0547654]}, "properties": {"kind": "stream"}}, {"type": "Feature", "geometry": {"type": "Point", "coordinates": [-118.49692851543873, 34.05250210422961]}, "properties": {"kind": "stream"}}, {"type": "Feature", "geometry": {"type": "Point", "coordinates": [-118.40018395766695, 34.00144359461104]}, "properties": {"kind": "drain"}}, {"type": "Feature", "geometry": {"type": "Point", "coordinates": [-118.40021404999999, 34.0020518]}, "properties": {"kind": "drain"}}, {"type": "Feature", "geometry": {"type": "Point", "coordinates": [-118.3992032, 34.0052506]}, "properties": {"kind": "drain"}}, {"type": "Feature", "geometry": {"type": "Point", "coordinates": [-118.39667898359603, 34.0068627699953]}, "properties": {"kind": "drain"}}, {"type": "Feature", "geometry": {"type": "Point", "coordinates": [-118.3965388695914, 34.00709844108212]}, "properties": {"kind": "drain"}}, {"type": "Feature", "geometry": {"type": "Point", "coordinates": [-118.39269829999999, 34.0085368]}, "properties": {"kind": "drain"}}, {"type": "Feature", "geometry": {"type": "Point", "coordinates": [-118.48327592344394, 34.10341062253769]}, "properties": {"kind": "drain"}}, {"type": "Feature", "geometry": {"type": "Point", "coordinates": [-118.48284660909421, 34.103425100183216]}, "properties": {"kind": "drain"}}, {"type": "Feature", "geometry": {"type": "Point", "coordinates": [-118.44651476716122, 33.97667068729865]}, "properties": {"kind": "pier"}}, {"type": "Feature", "geometry": {"type": "Point", "coordinates": [-118.45251140852038, 33.98351409913437]}, "properties": {"kind": "pier"}}, {"type": "Feature", "geometry": {"type": "Point", "coordinates": [-118.45144339472532, 33.98353554896499]}, "properties": {"kind": "pier"}}, {"type": "Feature", "geometry": {"type": "Point", "coordinates": [-118.45336735000002, 33.977182]}, "properties": {"kind": "pier"}}, {"type": "Feature", "geometry": {"type": "Point", "coordinates": [-118.45518229863795, 33.982418400034646]}, "properties": {"kind": "pier"}}, {"type": "Feature", "geometry": {"type": "Point", "coordinates": [-118.44398326083474, 33.98186437954646]}, "properties": {"kind": "pier"}}, {"type": "Feature", "geometry": {"type": "Point", "coordinates": [-118.45564462592476, 33.9833326018804]}, "properties": {"kind": "pier"}}, {"type": "Feature", "geometry": {"type": "Point", "coordinates": [-118.44657995, 33.97704315]}, "properties": {"kind": "pier"}}, {"type": "Feature", "geometry": {"type": "Point", "coordinates": [-118.45482530000001, 33.97192675]}, "properties": {"kind": "pier"}}, {"type": "Feature", "geometry": {"type": "Point", "coordinates": [-118.45624575, 33.978271750000005]}, "properties": {"kind": "pier"}}, {"type": "Feature", "geometry": {"type": "Point", "coordinates": [-118.4573651, 33.977246]}, "properties": {"kind": "pier"}}, {"type": "Feature", "geometry": {"type": "Point", "coordinates": [-118.45719745, 33.9756826]}, "properties": {"kind": "pier"}}, {"type": "Feature", "geometry": {"type": "Point", "coordinates": [-118.45327248562909, 33.980887899622154]}, "properties": {"kind": "pier"}}, {"type": "Feature", "geometry": {"type": "Point", "coordinates": [-118.45399015, 33.98242235]}, "properties": {"kind": "pier"}}, {"type": "Feature", "geometry": {"type": "Point", "coordinates": [-118.44336907497365, 33.97628247997126]}, "properties": {"kind": "pier"}}, {"type": "Feature", "geometry": {"type": "Point", "coordinates": [-118.44369053713076, 33.98200503602555]}, "properties": {"kind": "pier"}}, {"type": "Feature", "geometry": {"type": "Point", "coordinates": [-118.44657955, 33.9767906]}, "properties": {"kind": "pier"}}, {"type": "Feature", "geometry": {"type": "Point", "coordinates": [-118.45326639999999, 33.9797995]}, "properties": {"kind": "pier"}}, {"type": "Feature", "geometry": {"type": "Point", "coordinates": [-118.45475224999998, 33.972945550000006]}, "properties": {"kind": "pier"}}, {"type": "Feature", "geometry": {"type": "Point", "coordinates": [-118.45558083994976, 33.98254565008278]}, "properties": {"kind": "pier"}}, {"type": "Feature", "geometry": {"type": "Point", "coordinates": [-118.445244, 33.9782237]}, "properties": {"kind": "pier"}}, {"type": "Feature", "geometry": {"type": "Point", "coordinates": [-118.44985535, 33.9719728]}, "properties": {"kind": "pier"}}, {"type": "Feature", "geometry": {"type": "Point", "coordinates": [-118.45605470000002, 33.97717475]}, "properties": {"kind": "pier"}}, {"type": "Feature", "geometry": {"type": "Point", "coordinates": [-118.45175805, 33.982425750000004]}, "properties": {"kind": "pier"}}, {"type": "Feature", "geometry": {"type": "Point", "coordinates": [-118.45691265, 33.9771762]}, "properties": {"kind": "pier"}}, {"type": "Feature", "geometry": {"type": "Point", "coordinates": [-118.45486422133705, 33.983377238108524]}, "properties": {"kind": "pier"}}, {"type": "Feature", "geometry": {"type": "Point", "coordinates": [-118.45731895, 33.977954]}, "properties": {"kind": "pier"}}, {"type": "Feature", "geometry": {"type": "Point", "coordinates": [-118.45615570000001, 33.9756599]}, "properties": {"kind": "pier"}}, {"type": "Feature", "geometry": {"type": "Point", "coordinates": [-118.4552619, 33.9798027]}, "properties": {"kind": "pier"}}, {"type": "Feature", "geometry": {"type": "Point", "coordinates": [-118.44359829999999, 33.9790112]}, "properties": {"kind": "pier"}}, {"type": "Feature", "geometry": {"type": "Point", "coordinates": [-118.4520498, 33.978285]}, "properties": {"kind": "pier"}}, {"type": "Feature", "geometry": {"type": "Point", "coordinates": [-118.4512595577626, 33.980903150794084]}, "properties": {"kind": "pier"}}, {"type": "Feature", "geometry": {"type": "Point", "coordinates": [-118.4514444, 33.97980585]}, "properties": {"kind": "pier"}}, {"type": "Feature", "geometry": {"type": "Point", "coordinates": [-118.444720779142, 33.98150398814882]}, "properties": {"kind": "pier"}}, {"type": "Feature", "geometry": {"type": "Point", "coordinates": [-118.45081971078312, 33.982427021625256]}, "properties": {"kind": "pier"}}, {"type": "Feature", "geometry": {"type": "Point", "coordinates": [-118.45007350224961, 33.980902107609346]}, "properties": {"kind": "pier"}}, {"type": "Feature", "geometry": {"type": "Point", "coordinates": [-118.45101455, 33.9730426]}, "properties": {"kind": "pier"}}, {"type": "Feature", "geometry": {"type": "Point", "coordinates": [-118.44307969974219, 33.97641810141903]}, "properties": {"kind": "pier"}}, {"type": "Feature", "geometry": {"type": "Point", "coordinates": [-118.45348945, 33.974551500000004]}, "properties": {"kind": "pier"}}, {"type": "Feature", "geometry": {"type": "Point", "coordinates": [-118.45399739999999, 33.978286049999994]}, "properties": {"kind": "pier"}}, {"type": "Feature", "geometry": {"type": "Point", "coordinates": [-118.45593184999998, 33.979796699999994]}, "properties": {"kind": "pier"}}, {"type": "Feature", "geometry": {"type": "Point", "coordinates": [-118.44303879999998, 33.979278750000006]}, "properties": {"kind": "pier"}}, {"type": "Feature", "geometry": {"type": "Point", "coordinates": [-118.44777609748755, 33.98315469985808]}, "properties": {"kind": "pier"}}, {"type": "Feature", "geometry": {"type": "Point", "coordinates": [-118.44657925, 33.9764749]}, "properties": {"kind": "pier"}}, {"type": "Feature", "geometry": {"type": "Point", "coordinates": [-118.4508471, 33.9771336]}, "properties": {"kind": "pier"}}, {"type": "Feature", "geometry": {"type": "Point", "coordinates": [-118.45126212610349, 33.975824212202035]}, "properties": {"kind": "pier"}}, {"type": "Feature", "geometry": {"type": "Point", "coordinates": [-118.4544699, 33.9745529]}, "properties": {"kind": "pier"}}, {"type": "Feature", "geometry": {"type": "Point", "coordinates": [-118.4445250798917, 33.97564654745284]}, "properties": {"kind": "pier"}}, {"type": "Feature", "geometry": {"type": "Point", "coordinates": [-118.45380934999999, 33.971929]}, "properties": {"kind": "pier"}}, {"type": "Feature", "geometry": {"type": "Point", "coordinates": [-118.45486840000001, 33.978268]}, "properties": {"kind": "pier"}}, {"type": "Feature", "geometry": {"type": "Point", "coordinates": [-118.44700423413065, 33.98303540011771]}, "properties": {"kind": "pier"}}, {"type": "Feature", "geometry": {"type": "Point", "coordinates": [-118.4426466924519, 33.97656210406167]}, "properties": {"kind": "pier"}}, {"type": "Feature", "geometry": {"type": "Point", "coordinates": [-118.4465787, 33.97660195]}, "properties": {"kind": "pier"}}, {"type": "Feature", "geometry": {"type": "Point", "coordinates": [-118.45194881924586, 33.9796978547664]}, "properties": {"kind": "pier"}}, {"type": "Feature", "geometry": {"type": "Point", "coordinates": [-118.45051098801375, 33.97694656342166]}, "properties": {"kind": "pier"}}, {"type": "Feature", "geometry": {"type": "Point", "coordinates": [-118.4545233, 33.9771791]}, "properties": {"kind": "pier"}}, {"type": "Feature", "geometry": {"type": "Point", "coordinates": [-118.44691840291884, 33.98172010073292]}, "properties": {"kind": "pier"}}, {"type": "Feature", "geometry": {"type": "Point", "coordinates": [-118.4544817, 33.97192655]}, "properties": {"kind": "pier"}}, {"type": "Feature", "geometry": {"type": "Point", "coordinates": [-118.45755559662643, 33.97755281095242]}, "properties": {"kind": "pier"}}, {"type": "Feature", "geometry": {"type": "Point", "coordinates": [-118.4568518, 33.9756601]}, "properties": {"kind": "pier"}}, {"type": "Feature", "geometry": {"type": "Point", "coordinates": [-118.4465793, 33.9769177]}, "properties": {"kind": "pier"}}, {"type": "Feature", "geometry": {"type": "Point", "coordinates": [-118.44551656662249, 33.97934420831246]}, "properties": {"kind": "pier"}}, {"type": "Feature", "geometry": {"type": "Point", "coordinates": [-118.4539427, 33.9798015]}, "properties": {"kind": "pier"}}, {"type": "Feature", "geometry": {"type": "Point", "coordinates": [-118.44458445, 33.9785313]}, "properties": {"kind": "pier"}}, {"type": "Feature", "geometry": {"type": "Point", "coordinates": [-118.44693673634859, 33.982372803473034]}, "properties": {"kind": "pier"}}, {"type": "Feature", "geometry": {"type": "Point", "coordinates": [-118.45073369999999, 33.97829005]}, "properties": {"kind": "pier"}}, {"type": "Feature", "geometry": {"type": "Point", "coordinates": [-118.45400451500387, 33.97576336129894]}, "properties": {"kind": "pier"}}, {"type": "Feature", "geometry": {"type": "Point", "coordinates": [-118.45037625, 33.9797484]}, "properties": {"kind": "pier"}}, {"type": "Feature", "geometry": {"type": "Point", "coordinates": [-118.45559045000002, 33.977180849999996]}, "properties": {"kind": "pier"}}, {"type": "Feature", "geometry": {"type": "Point", "coordinates": [-118.45065424999999, 33.974555949999996]}, "properties": {"kind": "pier"}}, {"type": "Feature", "geometry": {"type": "Point", "coordinates": [-118.45197345, 33.97313965]}, "properties": {"kind": "pier"}}, {"type": "Feature", "geometry": {"type": "Point", "coordinates": [-118.4553608, 33.975661849999995]}, "properties": {"kind": "pier"}}, {"type": "Feature", "geometry": {"type": "Point", "coordinates": [-118.4529089, 33.978284849999994]}, "properties": {"kind": "pier"}}, {"type": "Feature", "geometry": {"type": "Point", "coordinates": [-118.45486310000001, 33.97980080000001]}, "properties": {"kind": "pier"}}, {"type": "Feature", "geometry": {"type": "Point", "coordinates": [-118.443871, 33.97888035]}, "properties": {"kind": "pier"}}, {"type": "Feature", "geometry": {"type": "Point", "coordinates": [-118.44554115, 33.974946450000004]}, "properties": {"kind": "pier"}}, {"type": "Feature", "geometry": {"type": "Point", "coordinates": [-118.45302345967156, 33.983484749321704]}, "properties": {"kind": "pier"}}, {"type": "Feature", "geometry": {"type": "Point", "coordinates": [-118.4530757153655, 33.97579874440604]}, "properties": {"kind": "pier"}}, {"type": "Feature", "geometry": {"type": "Point", "coordinates": [-118.45016709999999, 33.97304425]}, "properties": {"kind": "pier"}}, {"type": "Feature", "geometry": {"type": "Point", "coordinates": [-118.4465836, 33.97628685]}, "properties": {"kind": "pier"}}, {"type": "Feature", "geometry": {"type": "Point", "coordinates": [-118.4514086, 33.9745508]}, "properties": {"kind": "pier"}}, {"type": "Feature", "geometry": {"type": "Point", "coordinates": [-118.45360385000001, 33.973152999999996]}, "properties": {"kind": "pier"}}, {"type": "Feature", "geometry": {"type": "Point", "coordinates": [-118.45494625775851, 33.98088655016836]}, "properties": {"kind": "pier"}}, {"type": "Feature", "geometry": {"type": "Point", "coordinates": [-118.45439394999998, 33.97566875]}, "properties": {"kind": "pier"}}, {"type": "Feature", "geometry": {"type": "Point", "coordinates": [-118.44314084723736, 33.98222985180158]}, "properties": {"kind": "pier"}}, {"type": "Feature", "geometry": {"type": "Point", "coordinates": [-118.45294290000002, 33.974554100000006]}, "properties": {"kind": "pier"}}, {"type": "Feature", "geometry": {"type": "Point", "coordinates": [-118.45540595, 33.9722397]}, "properties": {"kind": "pier"}}, {"type": "Feature", "geometry": {"type": "Point", "coordinates": [-118.45313064999999, 33.982423100000005]}, "properties": {"kind": "pier"}}, {"type": "Feature", "geometry": {"type": "Point", "coordinates": [-118.4503263, 33.97713950000001]}, "properties": {"kind": "pier"}}, {"type": "Feature", "geometry": {"type": "Point", "coordinates": [-118.45648544265877, 33.97976179990339]}, "properties": {"kind": "pier"}}, {"type": "Feature", "geometry": {"type": "Point", "coordinates": [-118.44217615, 33.979683]}, "properties": {"kind": "pier"}}, {"type": "Feature", "geometry": {"type": "Point", "coordinates": [-118.45372045, 33.978340349999996]}, "properties": {"kind": "pier"}}, {"type": "Feature", "geometry": {"type": "Point", "coordinates": [-118.44646155000001, 33.9762268]}, "properties": {"kind": "pier"}}, {"type": "Feature", "geometry": {"type": "Point", "coordinates": [-118.4446265, 33.979821]}, "properties": {"kind": "pier"}}, {"type": "Feature", "geometry": {"type": "Point", "coordinates": [-118.450868, 33.97570785]}, "properties": {"kind": "pier"}}, {"type": "Feature", "geometry": {"type": "Point", "coordinates": [-118.45175719999999, 33.971847350000004]}, "properties": {"kind": "pier"}}, {"type": "Feature", "geometry": {"type": "Point", "coordinates": [-118.44658619999998, 33.976413949999994]}, "properties": {"kind": "pier"}}, {"type": "Feature", "geometry": {"type": "Point", "coordinates": [-118.4553291, 33.97454915]}, "properties": {"kind": "pier"}}, {"type": "Feature", "geometry": {"type": "Point", "coordinates": [-118.45278680000001, 33.9771786]}, "properties": {"kind": "pier"}}, {"type": "Feature", "geometry": {"type": "Point", "coordinates": [-118.45565975, 33.978536250000005]}, "properties": {"kind": "pier"}}, {"type": "Feature", "geometry": {"type": "Point", "coordinates": [-118.44177715000001, 33.9798744]}, "properties": {"kind": "pier"}}, {"type": "Feature", "geometry": {"type": "Point", "coordinates": [-118.45385344117499, 33.98090700008839]}, "properties": {"kind": "pier"}}, {"type": "Feature", "geometry": {"type": "Point", "coordinates": [-118.45438770000001, 33.982422150000005]}, "properties": {"kind": "pier"}}, {"type": "Feature", "geometry": {"type": "Point", "coordinates": [-118.44657889999999, 33.97672755]}, "properties": {"kind": "pier"}}, {"type": "Feature", "geometry": {"type": "Point", "coordinates": [-118.44948614798129, 33.98348849926481]}, "properties": {"kind": "pier"}}, {"type": "Feature", "geometry": {"type": "Point", "coordinates": [-118.45287210000001, 33.97980015]}, "properties": {"kind": "pier"}}, {"type": "Feature", "geometry": {"type": "Point", "coordinates": [-118.45561920114096, 33.98242875406879]}, "properties": {"kind": "pier"}}, {"type": "Feature", "geometry": {"type": "Point", "coordinates": [-118.44553754656239, 33.97799987675396]}, "properties": {"kind": "pier"}}, {"type": "Feature", "geometry": {"type": "Point", "coordinates": [-118.45196679356508, 33.98353320012756]}, "properties": {"kind": "pier"}}, {"type": "Feature", "geometry": {"type": "Point", "coordinates": [-118.45079141115264, 33.98353625010245]}, "properties": {"kind": "pier"}}, {"type": "Feature", "geometry": {"type": "Point", "coordinates": [-118.45221734999998, 33.9824239]}, "properties": {"kind": "pier"}}, {"type": "Feature", "geometry": {"type": "Point", "coordinates": [-118.4565005, 33.9771778]}, "properties": {"kind": "pier"}}, {"type": "Feature", "geometry": {"type": "Point", "coordinates": [-118.4538861, 33.97718155]}, "properties": {"kind": "pier"}}, {"type": "Feature", "geometry": {"type": "Point", "coordinates": [-118.45525695659434, 33.98335517281498]}, "properties": {"kind": "pier"}}, {"type": "Feature", "geometry": {"type": "Point", "coordinates": [-118.4573563, 33.977525299999996]}, "properties": {"kind": "pier"}}, {"type": "Feature", "geometry": {"type": "Point", "coordinates": [-118.4565032, 33.975661450000004]}, "properties": {"kind": "pier"}}, {"type": "Feature", "geometry": {"type": "Point", "coordinates": [-118.44340200355244, 33.98214586697534]}, "properties": {"kind": "pier"}}, {"type": "Feature", "geometry": {"type": "Point", "coordinates": [-118.451396, 33.9782843]}, "properties": {"kind": "pier"}}, {"type": "Feature", "geometry": {"type": "Point", "coordinates": [-118.45196775944774, 33.98089665005612]}, "properties": {"kind": "pier"}}, {"type": "Feature", "geometry": {"type": "Point", "coordinates": [-118.44508823965451, 33.979611199444165]}, "properties": {"kind": "pier"}}, {"type": "Feature", "geometry": {"type": "Point", "coordinates": [-118.45104580000002, 33.97980365]}, "properties": {"kind": "pier"}}, {"type": "Feature", "geometry": {"type": "Point", "coordinates": [-118.4449262, 33.978367750000004]}, "properties": {"kind": "pier"}}, {"type": "Feature", "geometry": {"type": "Point", "coordinates": [-118.45129510203638, 33.98242390197967]}, "properties": {"kind": "pier"}}, {"type": "Feature", "geometry": {"type": "Point", "coordinates": [-118.4504674, 33.980905]}, "properties": {"kind": "pier"}}, {"type": "Feature", "geometry": {"type": "Point", "coordinates": [-118.45021210000002, 33.9745614]}, "properties": {"kind": "pier"}}, {"type": "Feature", "geometry": {"type": "Point", "coordinates": [-118.45262875503717, 33.98090720051637]}, "properties": {"kind": "pier"}}, {"type": "Feature", "geometry": {"type": "Point", "coordinates": [-118.44137080144004, 33.97716371388025]}, "properties": {"kind": "pier"}}, {"type": "Feature", "geometry": {"type": "Point", "coordinates": [-118.4557406960907, 33.98087479998428]}, "properties": {"kind": "pier"}}, {"type": "Feature", "geometry": {"type": "Point", "coordinates": [-118.45575949999998, 33.97566475]}, "properties": {"kind": "pier"}}, {"type": "Feature", "geometry": {"type": "Point", "coordinates": [-118.45559915, 33.979799650000004]}, "properties": {"kind": "pier"}}, {"type": "Feature", "geometry": {"type": "Point", "coordinates": [-118.44332, 33.979143300000004]}, "properties": {"kind": "pier"}}, {"type": "Feature", "geometry": {"type": "Point", "coordinates": [-118.45238464999998, 33.9782849]}, "properties": {"kind": "pier"}}, {"type": "Feature", "geometry": {"type": "Point", "coordinates": [-118.44972443025102, 33.98171384166775]}, "properties": {"kind": "pier"}}, {"type": "Feature", "geometry": {"type": "Point", "coordinates": [-118.4459813588252, 33.975066159232355]}, "properties": {"kind": "pier"}}, {"type": "Feature", "geometry": {"type": "Point", "coordinates": [-118.45183973118694, 33.975825112203665]}, "properties": {"kind": "pier"}}, {"type": "Feature", "geometry": {"type": "Point", "coordinates": [-118.45401369999999, 33.9745524]}, "properties": {"kind": "pier"}}, {"type": "Feature", "geometry": {"type": "Point", "coordinates": [-118.4543984196872, 33.98340541723325]}, "properties": {"kind": "pier"}}, {"type": "Feature", "geometry": {"type": "Point", "coordinates": [-118.45041675, 33.9718398]}, "properties": {"kind": "pier"}}, {"type": "Feature", "geometry": {"type": "Point", "coordinates": [-118.45438805, 33.9782646]}, "properties": {"kind": "pier"}}, {"type": "Feature", "geometry": {"type": "Point", "coordinates": [-118.44734974874494, 33.9830748000775]}, "properties": {"kind": "pier"}}, {"type": "Feature", "geometry": {"type": "Point", "coordinates": [-118.45003054583847, 33.983540400052135]}, "properties": {"kind": "pier"}}, {"type": "Feature", "geometry": {"type": "Point", "coordinates": [-118.44581068770991, 33.97618827606247]}, "properties": {"kind": "pier"}}, {"type": "Feature", "geometry": {"type": "Point", "coordinates": [-118.4465789, 33.976539700000004]}, "properties": {"kind": "pier"}}, {"type": "Feature", "geometry": {"type": "Point", "coordinates": [-118.45214175000001, 33.97718025]}, "properties": {"kind": "pier"}}, {"type": "Feature", "geometry": {"type": "Point", "coordinates": [-118.45663825, 33.978271449999994]}, "properties": {"kind": "pier"}}, {"type": "Feature", "geometry": {"type": "Point", "coordinates": [-118.4541478, 33.97192885]}, "properties": {"kind": "pier"}}, {"type": "Feature", "geometry": {"type": "Point", "coordinates": [-118.44657889999999, 33.9768539]}, "properties": {"kind": "pier"}}, {"type": "Feature", "geometry": {"type": "Point", "coordinates": [-118.45360645000001, 33.9798016]}, "properties": {"kind": "pier"}}, {"type": "Feature", "geometry": {"type": "Point", "coordinates": [-118.45478145000001, 33.98242175]}, "properties": {"kind": "pier"}}, {"type": "Feature", "geometry": {"type": "Point", "coordinates": [-118.45027155000001, 33.97829175]}, "properties": {"kind": "pier"}}, {"type": "Feature", "geometry": {"type": "Point", "coordinates": [-118.45004184999999, 33.979746399999996]}, "properties": {"kind": "pier"}}, {"type": "Feature", "geometry": {"type": "Point", "coordinates": [-118.44605825, 33.97783325]}, "properties": {"kind": "pier"}}, {"type": "Feature", "geometry": {"type": "Point", "coordinates": [-118.4550807, 33.977178699999996]}, "properties": {"kind": "pier"}}, {"type": "Feature", "geometry": {"type": "Point", "coordinates": [-118.45394663111556, 33.98343187702029]}, "properties": {"kind": "pier"}}, {"type": "Feature", "geometry": {"type": "Point", "coordinates": [-118.45603429999701, 33.97851816136169]}, "properties": {"kind": "pier"}}, {"type": "Feature", "geometry": {"type": "Point", "coordinates": [-118.44657975, 33.97698065]}, "properties": {"kind": "pier"}}, {"type": "Feature", "geometry": {"type": "Point", "coordinates": [-118.44591122127696, 33.979132361800744]}, "properties": {"kind": "pier"}}, {"type": "Feature", "geometry": {"type": "Point", "coordinates": [-118.45446150000002, 33.97980095]}, "properties": {"kind": "pier"}}, {"type": "Feature", "geometry": {"type": "Point", "coordinates": [-118.444123681538, 33.97868247298992]}, "properties": {"kind": "pier"}}, {"type": "Feature", "geometry": {"type": "Point", "coordinates": [-118.45348715082679, 33.98345823058132]}, "properties": {"kind": "pier"}}, {"type": "Feature", "geometry": {"type": "Point", "coordinates": [-118.44412744918607, 33.975950046039635]}, "properties": {"kind": "pier"}}, {"type": "Feature", "geometry": {"type": "Point", "coordinates": [-118.4443247600096, 33.981697985329795]}, "properties": {"kind": "pier"}}, {"type": "Feature", "geometry": {"type": "Point", "coordinates": [-118.45106559999999, 33.978348]}, "properties": {"kind": "pier"}}, {"type": "Feature", "geometry": {"type": "Point", "coordinates": [-118.45352020340886, 33.9757711949643]}, "properties": {"kind": "pier"}}, {"type": "Feature", "geometry": {"type": "Point", "coordinates": [-118.4507154, 33.979751500000006]}, "properties": {"kind": "pier"}}, {"type": "Feature", "geometry": {"type": "Point", "coordinates": [-118.45030310986729, 33.982425499125554]}, "properties": {"kind": "pier"}}, {"type": "Feature", "geometry": {"type": "Point", "coordinates": [-118.45061855000002, 33.9730419]}, "properties": {"kind": "pier"}}, {"type": "Feature", "geometry": {"type": "Point", "coordinates": [-118.45103005, 33.974553900000004]}, "properties": {"kind": "pier"}}, {"type": "Feature", "geometry": {"type": "Point", "coordinates": [-118.45605235, 33.974312850000004]}, "properties": {"kind": "pier"}}, {"type": "Feature", "geometry": {"type": "Point", "coordinates": [-118.45534338818507, 33.980887111433354]}, "properties": {"kind": "pier"}}, {"type": "Feature", "geometry": {"type": "Point", "coordinates": [-118.45491444999998, 33.9756654]}, "properties": {"kind": "pier"}}, {"type": "Feature", "geometry": {"type": "Point", "coordinates": [-118.45248635, 33.9745543]}, "properties": {"kind": "pier"}}, {"type": "Feature", "geometry": {"type": "Point", "coordinates": [-118.4535909738066, 33.982421218657834]}, "properties": {"kind": "pier"}}, {"type": "Feature", "geometry": {"type": "Point", "coordinates": [-118.45621228214056, 33.97979972459841]}, "properties": {"kind": "pier"}}, {"type": "Feature", "geometry": {"type": "Point", "coordinates": [-118.44257695, 33.97949225]}, "properties": {"kind": "pier"}}, {"type": "Feature", "geometry": {"type": "Point", "coordinates": [-118.4533125, 33.9782844]}, "properties": {"kind": "pier"}}, {"type": "Feature", "geometry": {"type": "Point", "coordinates": [-118.450356510064, 33.97565739740667]}, "properties": {"kind": "pier"}}, {"type": "Feature", "geometry": {"type": "Point", "coordinates": [-118.44658519999999, 33.97634815]}, "properties": {"kind": "pier"}}, {"type": "Feature", "geometry": {"type": "Point", "coordinates": [-118.45493490000001, 33.974549350000004]}, "properties": {"kind": "pier"}}, {"type": "Feature", "geometry": {"type": "Point", "coordinates": [-118.4524248641011, 33.97582380193465]}, "properties": {"kind": "pier"}}, {"type": "Feature", "geometry": {"type": "Point", "coordinates": [-118.44371140696018, 33.97611462234029]}, "properties": {"kind": "pier"}}, {"type": "Feature", "geometry": {"type": "Point", "coordinates": [-118.45267820000001, 33.982421450000004]}, "properties": {"kind": "pier"}}, {"type": "Feature", "geometry": {"type": "Point", "coordinates": [-118.4417474, 33.97679255]}, "properties": {"kind": "pier"}}, {"type": "Feature", "geometry": {"type": "Point", "coordinates": [-118.455325, 33.97826965]}, "properties": {"kind": "pier"}}, {"type": "Feature", "geometry": {"type": "Point", "coordinates": [-118.44494819611805, 33.975578287207554]}, "properties": {"kind": "pier"}}, {"type": "Feature", "geometry": {"type": "Point", "coordinates": [-118.4530267, 33.9718455]}, "properties": {"kind": "pier"}}, {"type": "Feature", "geometry": {"type": "Point", "coordinates": [-118.45441907866096, 33.980906019668595]}, "properties": {"kind": "pier"}}, {"type": "Feature", "geometry": {"type": "Point", "coordinates": [-118.44657835, 33.97666635]}, "properties": {"kind": "pier"}}, {"type": "Feature", "geometry": {"type": "Point", "coordinates": [-118.44623631861548, 33.98080765146823]}, "properties": {"kind": "pier"}}, {"type": "Feature", "geometry": {"type": "Point", "coordinates": [-118.4524093, 33.979801550000005]}, "properties": {"kind": "pier"}}, {"type": "Feature", "geometry": {"type": "Point", "coordinates": [-118.441922, 33.97671475]}, "properties": {"kind": "pier"}}, {"type": "Feature", "geometry": {"type": "Point", "coordinates": [-118.44661794722454, 33.97595178929728]}, "properties": {"kind": "pier"}}, {"type": "Feature", "geometry": {"type": "Point", "coordinates": [-118.44968930365484, 33.974533084501594]}, "properties": {"kind": "pier"}}, {"type": "Feature", "geometry": {"type": "Point", "coordinates": [-118.44964973745918, 33.973100640671944]}, "properties": {"kind": "pier"}}, {"type": "Feature", "geometry": {"type": "Point", "coordinates": [-118.45058479999999, 33.9720208]}, "properties": {"kind": "pier"}}, {"type": "Feature", "geometry": {"type": "Point", "coordinates": [-118.4466336294471, 33.98061576956437]}, "properties": {"kind": "pier"}}, {"type": "Feature", "geometry": {"type": "Point", "coordinates": [-118.44969930492294, 33.978357926496244]}, "properties": {"kind": "pier"}}, {"type": "Feature", "geometry": {"type": "Point", "coordinates": [-118.44495792475591, 33.97660925293955]}, "properties": {"kind": "pier"}}, {"type": "Feature", "geometry": {"type": "Point", "coordinates": [-118.44967281411199, 33.980919793042624]}, "properties": {"kind": "pier"}}, {"type": "Feature", "geometry": {"type": "Point", "coordinates": [-118.44890766809617, 33.983376507394745]}, "properties": {"kind": "pier"}}, {"type": "Feature", "geometry": {"type": "Point", "coordinates": [-118.45176225005217, 33.972033936484]}, "properties": {"kind": "pier"}}, {"type": "Feature", "geometry": {"type": "Point", "coordinates": [-118.44833760528039, 33.98316677309202]}, "properties": {"kind": "pier"}}, {"type": "Feature", "geometry": {"type": "Point", "coordinates": [-118.4529792500347, 33.97203146873977]}, "properties": {"kind": "pier"}}, {"type": "Feature", "geometry": {"type": "Point", "coordinates": [-118.448785407695, 33.98326628631245]}, "properties": {"kind": "pier"}}, {"type": "Feature", "geometry": {"type": "Point", "coordinates": [-118.4466753373371, 33.974220005835086]}, "properties": {"kind": "pier"}}, {"type": "Feature", "geometry": {"type": "Point", "coordinates": [-118.44467559659986, 33.97585822151609]}, "properties": {"kind": "pier"}}, {"type": "Feature", "geometry": {"type": "Point", "coordinates": [-118.44557644242512, 33.97540436376507]}, "properties": {"kind": "pier"}}, {"type": "Feature", "geometry": {"type": "Point", "coordinates": [-118.4520274, 33.9729661]}, "properties": {"kind": "pier"}}, {"type": "Feature", "geometry": {"type": "Point", "coordinates": [-118.45644484794511, 33.98307577360729]}, "properties": {"kind": "pier"}}, {"type": "Feature", "geometry": {"type": "Point", "coordinates": [-118.45355209998058, 33.97299641264919]}, "properties": {"kind": "pier"}}, {"type": "Feature", "geometry": {"type": "Point", "coordinates": [-118.45531393918013, 33.972161064091935]}, "properties": {"kind": "pier"}}, {"type": "Feature", "geometry": {"type": "Point", "coordinates": [-118.4565351094496, 33.97445471496998]}, "properties": {"kind": "pier"}}, {"type": "Feature", "geometry": {"type": "Point", "coordinates": [-118.44654393319271, 33.97236351299072]}, "properties": {"kind": "pier"}}, {"type": "Feature", "geometry": {"type": "Point", "coordinates": [-118.4520351751432, 33.97455434695361]}, "properties": {"kind": "pier"}}, {"type": "Feature", "geometry": {"type": "Point", "coordinates": [-118.44195099490425, 33.9767590280698]}, "properties": {"kind": "pier"}}, {"type": "Feature", "geometry": {"type": "Point", "coordinates": [-118.44972532598398, 33.98223090733652]}, "properties": {"kind": "pier"}}, {"type": "Feature", "geometry": {"type": "Point", "coordinates": [-118.45085025000002, 33.981089]}, "properties": {"kind": "pier"}}, {"type": "Feature", "geometry": {"type": "Point", "coordinates": [-118.4456346584122, 33.97515313025509]}, "properties": {"kind": "pier"}}, {"type": "Feature", "geometry": {"type": "Point", "coordinates": [-118.45595621727789, 33.983390287249435]}, "properties": {"kind": "pier"}}, {"type": "Feature", "geometry": {"type": "Point", "coordinates": [-118.45602186298488, 33.97450383149127]}, "properties": {"kind": "pier"}}, {"type": "Feature", "geometry": {"type": "Point", "coordinates": [-118.45522299832227, 33.973029756475846]}, "properties": {"kind": "pier"}}, {"type": "Feature", "geometry": {"type": "Point", "coordinates": [-118.44969693366863, 33.97984123753697]}, "properties": {"kind": "pier"}}, {"type": "Feature", "geometry": {"type": "Point", "coordinates": [-118.44752060522912, 33.98239983107226]}, "properties": {"kind": "pier"}}, {"type": "Feature", "geometry": {"type": "Point", "coordinates": [-118.44901173354857, 33.981427117848746]}, "properties": {"kind": "pier"}}, {"type": "Feature", "geometry": {"type": "Point", "coordinates": [-118.45058731073476, 33.9770480314013]}, "properties": {"kind": "pier"}}, {"type": "Feature", "geometry": {"type": "Point", "coordinates": [-118.44654669735623, 33.972668848266984]}, "properties": {"kind": "pier"}}, {"type": "Feature", "geometry": {"type": "Point", "coordinates": [-118.44698164772115, 33.982067058596954]}, "properties": {"kind": "pier"}}, {"type": "Feature", "geometry": {"type": "Point", "coordinates": [-118.40485023617043, 33.94387568350213]}, "properties": {"kind": "storage_tank"}}, {"type": "Feature", "geometry": {"type": "Point", "coordinates": [-118.42580747502612, 34.01392933661456]}, "properties": {"kind": "stream"}}, {"type": "Feature", "geometry": {"type": "Point", "coordinates": [-118.44453208958073, 33.982623443102945]}, "properties": {"kind": "pier"}}, {"type": "Feature", "geometry": {"type": "Point", "coordinates": [-118.44431311243079, 33.98273438747067]}, "properties": {"kind": "pier"}}, {"type": "Feature", "geometry": {"type": "Point", "coordinates": [-118.44542006923132, 33.98225187345031]}, "properties": {"kind": "pier"}}, {"type": "Feature", "geometry": {"type": "Point", "coordinates": [-118.44433444999999, 33.982692150000005]}, "properties": {"kind": "pier"}}, {"type": "Feature", "geometry": {"type": "Point", "coordinates": [-118.44525925563065, 33.982351184779965]}, "properties": {"kind": "pier"}}, {"type": "Feature", "geometry": {"type": "Point", "coordinates": [-118.44608719323466, 33.98195425741755]}, "properties": {"kind": "pier"}}, {"type": "Feature", "geometry": {"type": "Point", "coordinates": [-118.44471345, 33.9754007]}, "properties": {"kind": "pier"}}, {"type": "Feature", "geometry": {"type": "Point", "coordinates": [-118.44577085, 33.974962000000005]}, "properties": {"kind": "pier"}}, {"type": "Feature", "geometry": {"type": "Point", "coordinates": [-118.44667795388611, 33.970275371508635]}, "properties": {"kind": "pier"}}, {"type": "Feature", "geometry": {"type": "Point", "coordinates": [-118.44664645, 33.9704057]}, "properties": {"kind": "pier"}}, {"type": "Feature", "geometry": {"type": "Point", "coordinates": [-118.44650620984478, 33.970743415579136]}, "properties": {"kind": "pier"}}, {"type": "Feature", "geometry": {"type": "Point", "coordinates": [-118.44668056049078, 33.97106702927006]}, "properties": {"kind": "pier"}}, {"type": "Feature", "geometry": {"type": "Point", "coordinates": [-118.44664539999998, 33.9707057]}, "properties": {"kind": "pier"}}, {"type": "Feature", "geometry": {"type": "Point", "coordinates": [-118.42809011259283, 33.9802430455781]}, "properties": {"kind": "stream"}}, {"type": "Feature", "geometry": {"type": "Point", "coordinates": [-118.44691484577106, 33.9651916899261]}, "properties": {"kind": "stream"}}, {"type": "Feature", "geometry": {"type": "Point", "coordinates": [-118.44665158142698, 33.96526163953024]}, "properties": {"kind": "stream"}}, {"type": "Feature", "geometry": {"type": "Point", "coordinates": [-118.44684096830193, 33.965415975741045]}, "properties": {"kind": "stream"}}, {"type": "Feature", "geometry": {"type": "Point", "coordinates": [-118.44674404128673, 33.96547930165328]}, "properties": {"kind": "stream"}}, {"type": "Feature", "geometry": {"type": "Point", "coordinates": [-118.44834549864059, 33.96385118644758]}, "properties": {"kind": "stream"}}, {"type": "Feature", "geometry": {"type": "Point", "coordinates": [-118.44544154008372, 33.96250610613119]}, "properties": {"kind": "stream"}}, {"type": "Feature", "geometry": {"type": "Point", "coordinates": [-118.44444944931955, 33.96352261256856]}, "properties": {"kind": "stream"}}, {"type": "Feature", "geometry": {"type": "Point", "coordinates": [-118.4435189448842, 33.964015005758505]}, "properties": {"kind": "stream"}}, {"type": "Feature", "geometry": {"type": "Point", "coordinates": [-118.44572282787705, 33.963320221669974]}, "properties": {"kind": "stream"}}, {"type": "Feature", "geometry": {"type": "Point", "coordinates": [-118.44646098009603, 33.96352034619791]}, "properties": {"kind": "stream"}}, {"type": "Feature", "geometry": {"type": "Point", "coordinates": [-118.43780831163348, 33.96780120476345]}, "properties": {"kind": "stream"}}, {"type": "Feature", "geometry": {"type": "Point", "coordinates": [-118.43749014999999, 33.96518875]}, "properties": {"kind": "stream"}}, {"type": "Feature", "geometry": {"type": "Point", "coordinates": [-118.44048680401771, 33.964187744192195]}, "properties": {"kind": "stream"}}, {"type": "Feature", "geometry": {"type": "Point", "coordinates": [-118.44274180000001, 33.96396375]}, "properties": {"kind": "stream"}}, {"type": "Feature", "geometry": {"type": "Point", "coordinates": [-118.44409661433565, 33.96347271389614]}, "properties": {"kind": "stream"}}, {"type": "Feature", "geometry": {"type": "Point", "coordinates": [-118.44272230496283, 33.96364348346414]}, "properties": {"kind": "stream"}}, {"type": "Feature", "geometry": {"type": "Point", "coordinates": [-118.43899585, 33.966965450000004]}, "properties": {"kind": "stream"}}, {"type": "Feature", "geometry": {"type": "Point", "coordinates": [-118.4406004202361, 33.96512263810856]}, "properties": {"kind": "stream"}}, {"type": "Feature", "geometry": {"type": "Point", "coordinates": [-118.43618036277375, 33.97154087341298]}, "properties": {"kind": "stream"}}, {"type": "Feature", "geometry": {"type": "Point", "coordinates": [-118.4354403686719, 33.97050193230127]}, "properties": {"kind": "stream"}}, {"type": "Feature", "geometry": {"type": "Point", "coordinates": [-118.44721123322658, 33.96439981469678]}, "properties": {"kind": "stream"}}, {"type": "Feature", "geometry": {"type": "Point", "coordinates": [-118.4415309119053, 33.96624416246]}, "properties": {"kind": "stream"}}, {"type": "Feature", "geometry": {"type": "Point", "coordinates": [-118.44105663238145, 33.96574708757449]}, "properties": {"kind": "stream"}}, {"type": "Feature", "geometry": {"type": "Point", "coordinates": [-118.43064058352317, 33.97115704203545]}, "properties": {"kind": "stream"}}, {"type": "Feature", "geometry": {"type": "Point", "coordinates": [-118.42925054151789, 33.96928765689618]}, "properties": {"kind": "stream"}}, {"type": "Feature", "geometry": {"type": "Point", "coordinates": [-118.42708215775907, 33.965953487305114]}, "properties": {"kind": "stream"}}, {"type": "Feature", "geometry": {"type": "Point", "coordinates": [-118.334626903336, 33.91386331240308]}, "properties": {"kind": "storage_tank"}}, {"type": "Feature", "geometry": {"type": "Point", "coordinates": [-118.42702208615002, 33.941308911923976]}, "properties": {"kind": "bridge"}}, {"type": "Feature", "geometry": {"type": "Point", "coordinates": [-118.37562787796948, 34.0305932699515]}, "properties": {"kind": "storage_tank"}}, {"type": "Feature", "geometry": {"type": "Point", "coordinates": [-118.45507173028366, 34.05455753196048]}, "properties": {"kind": "bridge"}}, {"type": "Feature", "geometry": {"type": "Point", "coordinates": [-118.4342276992729, 34.03541721909355]}, "properties": {"kind": "bridge"}}, {"type": "Feature", "geometry": {"type": "Point", "coordinates": [-118.38519548083545, 33.89014828284482]}, "properties": {"kind": "drain"}}, {"type": "Feature", "geometry": {"type": "Point", "coordinates": [-118.39221842477208, 33.88426096020259]}, "properties": {"kind": "pumping_station"}}, {"type": "Feature", "geometry": {"type": "Point", "coordinates": [-118.40515700679684, 33.91841095296557]}, "properties": {"kind": "pumping_station"}}, {"type": "Feature", "geometry": {"type": "Point", "coordinates": [-118.40499973774592, 33.91802542662556]}, "properties": {"kind": "storage_tank"}}, {"type": "Feature", "geometry": {"type": "Point", "coordinates": [-118.4051674489993, 33.91803004831792]}, "properties": {"kind": "storage_tank"}}, {"type": "Feature", "geometry": {"type": "Point", "coordinates": [-118.40507584070644, 33.91803198781524]}, "properties": {"kind": "storage_tank"}}, {"type": "Feature", "geometry": {"type": "Point", "coordinates": [-118.47281152606027, 33.99308817442431]}, "properties": {"kind": "pumping_station"}}, {"type": "Feature", "geometry": {"type": "Point", "coordinates": [-118.43998614048317, 34.03434140489363]}, "properties": {"kind": "bridge"}}, {"type": "Feature", "geometry": {"type": "Point", "coordinates": [-118.452900864478, 34.03171054769332]}, "properties": {"kind": "bridge"}}, {"type": "Feature", "geometry": {"type": "Point", "coordinates": [-118.39113951510137, 34.10979473296549]}, "properties": {"kind": "storage_tank"}}, {"type": "Feature", "geometry": {"type": "Point", "coordinates": [-118.39085903446863, 34.109458241554876]}, "properties": {"kind": "storage_tank"}}, {"type": "Feature", "geometry": {"type": "Point", "coordinates": [-118.29290475237107, 33.846711870277936]}, "properties": {"kind": "environmental_hazard"}}, {"type": "Feature", "geometry": {"type": "Point", "coordinates": [-118.30571828955078, 33.85128989675597]}, "properties": {"kind": "storage_tank"}}, {"type": "Feature", "geometry": {"type": "Point", "coordinates": [-118.33934788893473, 34.00390891575655]}, "properties": {"kind": "storage_tank"}}, {"type": "Feature", "geometry": {"type": "Point", "coordinates": [-118.4678275644582, 33.978540272271474]}, "properties": {"kind": "rescue_station"}}, {"type": "Feature", "geometry": {"type": "Point", "coordinates": [-118.46112185210727, 33.97591162403312]}, "properties": {"kind": "wastewater_plant"}}, {"type": "Feature", "geometry": {"type": "Point", "coordinates": [-118.42196346665334, 33.94427121875613]}, "properties": {"kind": "storage_tank"}}, {"type": "Feature", "geometry": {"type": "Point", "coordinates": [-118.3959295963434, 33.94380797610196]}, "properties": {"kind": "pylon"}}, {"type": "Feature", "geometry": {"type": "Point", "coordinates": [-118.39571341828294, 33.945221237180846]}, "properties": {"kind": "pylon"}}, {"type": "Feature", "geometry": {"type": "Point", "coordinates": [-118.39653059184177, 33.94528797776055]}, "properties": {"kind": "pylon"}}, {"type": "Feature", "geometry": {"type": "Point", "coordinates": [-118.42368458264791, 33.9402869965103]}, "properties": {"kind": "storage_tank"}}, {"type": "Feature", "geometry": {"type": "Point", "coordinates": [-118.39534523240839, 33.94426506917903]}, "properties": {"kind": "pylon"}}, {"type": "Feature", "geometry": {"type": "Point", "coordinates": [-118.43022941274565, 33.926384009519346]}, "properties": {"kind": "storage_tank"}}, {"type": "Feature", "geometry": {"type": "Point", "coordinates": [-118.43000311561845, 33.926464696800316]}, "properties": {"kind": "storage_tank"}}, {"type": "Feature", "geometry": {"type": "Point", "coordinates": [-118.43021991883226, 33.92602292170482]}, "properties": {"kind": "storage_tank"}}, {"type": "Feature", "geometry": {"type": "Point", "coordinates": [-118.4300634258448, 33.92648356166855]}, "properties": {"kind": "storage_tank"}}, {"type": "Feature", "geometry": {"type": "Point", "coordinates": [-118.43162512636925, 33.92687545074008]}, "properties": {"kind": "storage_tank"}}, {"type": "Feature", "geometry": {"type": "Point", "coordinates": [-118.42854152157892, 33.926315898757444]}, "properties": {"kind": "storage_tank"}}, {"type": "Feature", "geometry": {"type": "Point", "coordinates": [-118.39694273178254, 33.94410467520484]}, "properties": {"kind": "pylon"}}, {"type": "Feature", "geometry": {"type": "Point", "coordinates": [-118.43137543688853, 33.92696454965489]}, "properties": {"kind": "storage_tank"}}, {"type": "Feature", "geometry": {"type": "Point", "coordinates": [-118.42834220485908, 33.92601992583273]}, "properties": {"kind": "storage_tank"}}, {"type": "Feature", "geometry": {"type": "Point", "coordinates": [-118.43134287546748, 33.92699934090218]}, "properties": {"kind": "storage_tank"}}, {"type": "Feature", "geometry": {"type": "Point", "coordinates": [-118.43157565747805, 33.92689399518715]}, "properties": {"kind": "storage_tank"}}, {"type": "Feature", "geometry": {"type": "Point", "coordinates": [-118.42858737218295, 33.92640252417925]}, "properties": {"kind": "storage_tank"}}, {"type": "Feature", "geometry": {"type": "Point", "coordinates": [-118.42833514688895, 33.92553182120115]}, "properties": {"kind": "storage_tank"}}, {"type": "Feature", "geometry": {"type": "Point", "coordinates": [-118.42831610391957, 33.92549833194882]}, "properties": {"kind": "storage_tank"}}, {"type": "Feature", "geometry": {"type": "Point", "coordinates": [-118.43038278963171, 33.92632776353162]}, "properties": {"kind": "storage_tank"}}, {"type": "Feature", "geometry": {"type": "Point", "coordinates": [-118.43015313927667, 33.92641031406853]}, "properties": {"kind": "storage_tank"}}, {"type": "Feature", "geometry": {"type": "Point", "coordinates": [-118.4307697, 33.9237057]}, "properties": {"kind": "storage_tank"}}, {"type": "Feature", "geometry": {"type": "Point", "coordinates": [-118.43030802886771, 33.926355701642244]}, "properties": {"kind": "storage_tank"}}, {"type": "Feature", "geometry": {"type": "Point", "coordinates": [-118.43083887929403, 33.923681624279]}, "properties": {"kind": "storage_tank"}}, {"type": "Feature", "geometry": {"type": "Point", "coordinates": [-118.43017345099533, 33.92604095932312]}, "properties": {"kind": "storage_tank"}}, {"type": "Feature", "geometry": {"type": "Point", "coordinates": [-118.43125236632254, 33.92701039610836]}, "properties": {"kind": "storage_tank"}}, {"type": "Feature", "geometry": {"type": "Point", "coordinates": [-118.39683062665692, 33.94512477871436]}, "properties": {"kind": "pylon"}}, {"type": "Feature", "geometry": {"type": "Point", "coordinates": [-118.43036599668396, 33.92637802876843]}, "properties": {"kind": "storage_tank"}}, {"type": "Feature", "geometry": {"type": "Point", "coordinates": [-118.43011570658854, 33.92625879341374]}, "properties": {"kind": "storage_tank"}}, {"type": "Feature", "geometry": {"type": "Point", "coordinates": [-118.4316939081449, 33.92690055959859]}, "properties": {"kind": "storage_tank"}}, {"type": "Feature", "geometry": {"type": "Point", "coordinates": [-118.42852135433125, 33.926273801191726]}, "properties": {"kind": "storage_tank"}}, {"type": "Feature", "geometry": {"type": "Point", "coordinates": [-118.43016223847447, 33.92624133397086]}, "properties": {"kind": "storage_tank"}}, {"type": "Feature", "geometry": {"type": "Point", "coordinates": [-118.43164593394204, 33.926916494376286]}, "properties": {"kind": "storage_tank"}}, {"type": "Feature", "geometry": {"type": "Point", "coordinates": [-118.43013648763606, 33.92645840781528]}, "properties": {"kind": "storage_tank"}}, {"type": "Feature", "geometry": {"type": "Point", "coordinates": [-118.43167279939887, 33.92685730509611]}, "properties": {"kind": "storage_tank"}}, {"type": "Feature", "geometry": {"type": "Point", "coordinates": [-118.43145767132367, 33.9269844352314]}, "properties": {"kind": "storage_tank"}}, {"type": "Feature", "geometry": {"type": "Point", "coordinates": [-118.43021425918835, 33.92643077251201]}, "properties": {"kind": "storage_tank"}}, {"type": "Feature", "geometry": {"type": "Point", "coordinates": [-118.43029188694784, 33.92640238770934]}, "properties": {"kind": "storage_tank"}}, {"type": "Feature", "geometry": {"type": "Point", "coordinates": [-118.4307172795287, 33.92372510293913]}, "properties": {"kind": "storage_tank"}}, {"type": "Feature", "geometry": {"type": "Point", "coordinates": [-118.43127033009999, 33.92704786418561]}, "properties": {"kind": "storage_tank"}}, {"type": "Feature", "geometry": {"type": "Point", "coordinates": [-118.42847491361636, 33.926187576009845]}, "properties": {"kind": "storage_tank"}}, {"type": "Feature", "geometry": {"type": "Point", "coordinates": [-118.43178125792961, 33.9268452892347]}, "properties": {"kind": "storage_tank"}}, {"type": "Feature", "geometry": {"type": "Point", "coordinates": [-118.43174170395162, 33.92688158005761]}, "properties": {"kind": "storage_tank"}}, {"type": "Feature", "geometry": {"type": "Point", "coordinates": [-118.4308906161296, 33.92366287448509]}, "properties": {"kind": "storage_tank"}}, {"type": "Feature", "geometry": {"type": "Point", "coordinates": [-118.43143899632041, 33.926942461024744]}, "properties": {"kind": "storage_tank"}}, {"type": "Feature", "geometry": {"type": "Point", "coordinates": [-118.42856382189171, 33.9263595470729]}, "properties": {"kind": "storage_tank"}}, {"type": "Feature", "geometry": {"type": "Point", "coordinates": [-118.43171970957624, 33.92684123804146]}, "properties": {"kind": "storage_tank"}}, {"type": "Feature", "geometry": {"type": "Point", "coordinates": [-118.43159841219347, 33.92693203574894]}, "properties": {"kind": "storage_tank"}}, {"type": "Feature", "geometry": {"type": "Point", "coordinates": [-118.42849864953125, 33.926229323880165]}, "properties": {"kind": "storage_tank"}}, {"type": "Feature", "geometry": {"type": "Point", "coordinates": [-118.43008020319456, 33.9264406928282]}, "properties": {"kind": "storage_tank"}}, {"type": "Feature", "geometry": {"type": "Point", "coordinates": [-118.43043775305246, 33.92635131869177]}, "properties": {"kind": "storage_tank"}}, {"type": "Feature", "geometry": {"type": "Point", "coordinates": [-118.39568516539754, 33.94391144487738]}, "properties": {"kind": "pylon"}}, {"type": "Feature", "geometry": {"type": "Point", "coordinates": [-118.39706610539602, 33.94481210121549]}, "properties": {"kind": "pylon"}}, {"type": "Feature", "geometry": {"type": "Point", "coordinates": [-118.39534920431703, 33.94486918012705]}, "properties": {"kind": "pylon"}}, {"type": "Feature", "geometry": {"type": "Point", "coordinates": [-118.42119757583524, 33.94359760489979]}, "properties": {"kind": "storage_tank"}}, {"type": "Feature", "geometry": {"type": "Point", "coordinates": [-118.39549139756497, 33.945058337429494]}, "properties": {"kind": "pylon"}}, {"type": "Feature", "geometry": {"type": "Point", "coordinates": [-118.39527730806805, 33.944481983229686]}, "properties": {"kind": "pylon"}}, {"type": "Feature", "geometry": {"type": "Point", "coordinates": [-118.39710509648413, 33.944454711088426]}, "properties": {"kind": "pylon"}}, {"type": "Feature", "geometry": {"type": "Point", "coordinates": [-118.42712053896291, 33.91884829154204]}, "properties": {"kind": "storage_tank"}}, {"type": "Feature", "geometry": {"type": "Point", "coordinates": [-118.42706566380781, 33.918743264971305]}, "properties": {"kind": "storage_tank"}}, {"type": "Feature", "geometry": {"type": "Point", "coordinates": [-118.43139912910286, 33.927006779036894]}, "properties": {"kind": "storage_tank"}}, {"type": "Feature", "geometry": {"type": "Point", "coordinates": [-118.42546515220704, 33.91660357357493]}, "properties": {"kind": "storage_tank"}}, {"type": "Feature", "geometry": {"type": "Point", "coordinates": [-118.4254252895218, 33.91664809615777]}, "properties": {"kind": "storage_tank"}}, {"type": "Feature", "geometry": {"type": "Point", "coordinates": [-118.42028202437346, 33.94343599258922]}, "properties": {"kind": "storage_tank"}}, {"type": "Feature", "geometry": {"type": "Point", "coordinates": [-118.4202024634977, 33.9431381670408]}, "properties": {"kind": "storage_tank"}}, {"type": "Feature", "geometry": {"type": "Point", "coordinates": [-118.42146667183167, 33.94430433404193]}, "properties": {"kind": "storage_tank"}}, {"type": "Feature", "geometry": {"type": "Point", "coordinates": [-118.42950649270205, 33.929832956849594]}, "properties": {"kind": "storage_tank"}}, {"type": "Feature", "geometry": {"type": "Point", "coordinates": [-118.43029874997397, 33.92984262581143]}, "properties": {"kind": "storage_tank"}}, {"type": "Feature", "geometry": {"type": "Point", "coordinates": [-118.42063099769021, 33.94403731558672]}, "properties": {"kind": "storage_tank"}}, {"type": "Feature", "geometry": {"type": "Point", "coordinates": [-118.42059849049986, 33.94381886269845]}, "properties": {"kind": "storage_tank"}}, {"type": "Feature", "geometry": {"type": "Point", "coordinates": [-118.42963527397906, 33.93008245484271]}, "properties": {"kind": "storage_tank"}}, {"type": "Feature", "geometry": {"type": "Point", "coordinates": [-118.42178028912119, 33.94500449465472]}, "properties": {"kind": "storage_tank"}}, {"type": "Feature", "geometry": {"type": "Point", "coordinates": [-118.42119813047682, 33.94433224170826]}, "properties": {"kind": "storage_tank"}}, {"type": "Feature", "geometry": {"type": "Point", "coordinates": [-118.42063915942057, 33.94339420551357]}, "properties": {"kind": "storage_tank"}}, {"type": "Feature", "geometry": {"type": "Point", "coordinates": [-118.42136175839181, 33.94504772416483]}, "properties": {"kind": "storage_tank"}}, {"type": "Feature", "geometry": {"type": "Point", "coordinates": [-118.42051366640328, 33.94235908922795]}, "properties": {"kind": "storage_tank"}}, {"type": "Feature", "geometry": {"type": "Point", "coordinates": [-118.42173496018266, 33.94468262996217]}, "properties": {"kind": "storage_tank"}}, {"type": "Feature", "geometry": {"type": "Point", "coordinates": [-118.42131614054873, 33.944725112093444]}, "properties": {"kind": "storage_tank"}}, {"type": "Feature", "geometry": {"type": "Point", "coordinates": [-118.43158241298151, 33.928844826451666]}, "properties": {"kind": "storage_tank"}}, {"type": "Feature", "geometry": {"type": "Point", "coordinates": [-118.4298903413541, 33.9285249759039]}, "properties": {"kind": "storage_tank"}}, {"type": "Feature", "geometry": {"type": "Point", "coordinates": [-118.42055660651401, 33.942652617342276]}, "properties": {"kind": "storage_tank"}}, {"type": "Feature", "geometry": {"type": "Point", "coordinates": [-118.43009359677794, 33.928916392311876]}, "properties": {"kind": "storage_tank"}}, {"type": "Feature", "geometry": {"type": "Point", "coordinates": [-118.4210527873318, 33.94293506552426]}, "properties": {"kind": "storage_tank"}}, {"type": "Feature", "geometry": {"type": "Point", "coordinates": [-118.43017059017532, 33.92960060181515]}, "properties": {"kind": "storage_tank"}}, {"type": "Feature", "geometry": {"type": "Point", "coordinates": [-118.42807125648069, 33.92552010366375]}, "properties": {"kind": "storage_tank"}}, {"type": "Feature", "geometry": {"type": "Point", "coordinates": [-118.42004997378226, 33.94240815984306]}, "properties": {"kind": "storage_tank"}}, {"type": "Feature", "geometry": {"type": "Point", "coordinates": [-118.43060970988141, 33.929724365893854]}, "properties": {"kind": "storage_tank"}}, {"type": "Feature", "geometry": {"type": "Point", "coordinates": [-118.42981902002857, 33.92972246240307]}, "properties": {"kind": "storage_tank"}}, {"type": "Feature", "geometry": {"type": "Point", "coordinates": [-118.42937648095695, 33.929591462883344]}, "properties": {"kind": "storage_tank"}}, {"type": "Feature", "geometry": {"type": "Point", "coordinates": [-118.42009307135382, 33.94270287822819]}, "properties": {"kind": "storage_tank"}}, {"type": "Feature", "geometry": {"type": "Point", "coordinates": [-118.42824706611106, 33.92584643494347]}, "properties": {"kind": "storage_tank"}}, {"type": "Feature", "geometry": {"type": "Point", "coordinates": [-118.43035722655108, 33.92835679150112]}, "properties": {"kind": "storage_tank"}}, {"type": "Feature", "geometry": {"type": "Point", "coordinates": [-118.42927937588361, 33.929210207179]}, "properties": {"kind": "storage_tank"}}, {"type": "Feature", "geometry": {"type": "Point", "coordinates": [-118.43034793706799, 33.92923460695958]}, "properties": {"kind": "storage_tank"}}, {"type": "Feature", "geometry": {"type": "Point", "coordinates": [-118.43056206642223, 33.928742386743494]}, "properties": {"kind": "storage_tank"}}, {"type": "Feature", "geometry": {"type": "Point", "coordinates": [-118.43004095429046, 33.92934473017784]}, "properties": {"kind": "storage_tank"}}, {"type": "Feature", "geometry": {"type": "Point", "coordinates": [-118.42815871297677, 33.92568114466779]}, "properties": {"kind": "storage_tank"}}, {"type": "Feature", "geometry": {"type": "Point", "coordinates": [-118.43088994795517, 33.92736649733911]}, "properties": {"kind": "storage_tank"}}, {"type": "Feature", "geometry": {"type": "Point", "coordinates": [-118.4267008360267, 33.91714110548489]}, "properties": {"kind": "storage_tank"}}, {"type": "Feature", "geometry": {"type": "Point", "coordinates": [-118.43076656496977, 33.92821141905245]}, "properties": {"kind": "storage_tank"}}, {"type": "Feature", "geometry": {"type": "Point", "coordinates": [-118.43066601236397, 33.927790323440725]}, "properties": {"kind": "storage_tank"}}, {"type": "Feature", "geometry": {"type": "Point", "coordinates": [-118.42969169566318, 33.92947357027681]}, "properties": {"kind": "storage_tank"}}, {"type": "Feature", "geometry": {"type": "Point", "coordinates": [-118.42992502837919, 33.9277420974669]}, "properties": {"kind": "storage_tank"}}, {"type": "Feature", "geometry": {"type": "Point", "coordinates": [-118.43119631796952, 33.929034248534556]}, "properties": {"kind": "storage_tank"}}, {"type": "Feature", "geometry": {"type": "Point", "coordinates": [-118.4303685198574, 33.92789519866489]}, "properties": {"kind": "storage_tank"}}, {"type": "Feature", "geometry": {"type": "Point", "coordinates": [-118.42758908117071, 33.924550438142056]}, "properties": {"kind": "storage_tank"}}, {"type": "Feature", "geometry": {"type": "Point", "coordinates": [-118.43052187184387, 33.92752815960873]}, "properties": {"kind": "storage_tank"}}, {"type": "Feature", "geometry": {"type": "Point", "coordinates": [-118.43006500232471, 33.92799895410722]}, "properties": {"kind": "storage_tank"}}, {"type": "Feature", "geometry": {"type": "Point", "coordinates": [-118.42993295301027, 33.92997063760915]}, "properties": {"kind": "storage_tank"}}, {"type": "Feature", "geometry": {"type": "Point", "coordinates": [-118.4304806962147, 33.9294840147181]}, "properties": {"kind": "storage_tank"}}, {"type": "Feature", "geometry": {"type": "Point", "coordinates": [-118.43022608456684, 33.92763265298607]}, "properties": {"kind": "storage_tank"}}, {"type": "Feature", "geometry": {"type": "Point", "coordinates": [-118.43103206766769, 33.92765190220933]}, "properties": {"kind": "storage_tank"}}, {"type": "Feature", "geometry": {"type": "Point", "coordinates": [-118.43178427476529, 33.92923591396283]}, "properties": {"kind": "storage_tank"}}, {"type": "Feature", "geometry": {"type": "Point", "coordinates": [-118.42330094150199, 33.91962720800005]}, "properties": {"kind": "storage_tank"}}, {"type": "Feature", "geometry": {"type": "Point", "coordinates": [-118.42765786990056, 33.924688843133]}, "properties": {"kind": "storage_tank"}}, {"type": "Feature", "geometry": {"type": "Point", "coordinates": [-118.43096671162259, 33.928597690278295]}, "properties": {"kind": "storage_tank"}}, {"type": "Feature", "geometry": {"type": "Point", "coordinates": [-118.43096599728577, 33.92952943527773]}, "properties": {"kind": "storage_tank"}}, {"type": "Feature", "geometry": {"type": "Point", "coordinates": [-118.42109661742234, 33.94323451017387]}, "properties": {"kind": "storage_tank"}}, {"type": "Feature", "geometry": {"type": "Point", "coordinates": [-118.43137707020685, 33.92938208414464]}, "properties": {"kind": "storage_tank"}}, {"type": "Feature", "geometry": {"type": "Point", "coordinates": [-118.42906626824775, 33.928850465371234]}, "properties": {"kind": "storage_tank"}}, {"type": "Feature", "geometry": {"type": "Point", "coordinates": [-118.43075769064613, 33.92917189899813]}, "properties": {"kind": "storage_tank"}}, {"type": "Feature", "geometry": {"type": "Point", "coordinates": [-118.42765839417893, 33.92429586234921]}, "properties": {"kind": "storage_tank"}}, {"type": "Feature", "geometry": {"type": "Point", "coordinates": [-118.43136659878805, 33.928480516023754]}, "properties": {"kind": "storage_tank"}}, {"type": "Feature", "geometry": {"type": "Point", "coordinates": [-118.42318417505696, 33.919399425725246]}, "properties": {"kind": "storage_tank"}}, {"type": "Feature", "geometry": {"type": "Point", "coordinates": [-118.43114439010557, 33.92805098071657]}, "properties": {"kind": "storage_tank"}}, {"type": "Feature", "geometry": {"type": "Point", "coordinates": [-118.4230340974713, 33.91916126864212]}, "properties": {"kind": "storage_tank"}}, {"type": "Feature", "geometry": {"type": "Point", "coordinates": [-118.42958351779251, 33.928867752536625]}, "properties": {"kind": "storage_tank"}}, {"type": "Feature", "geometry": {"type": "Point", "coordinates": [-118.42290197888897, 33.91791629090396]}, "properties": {"kind": "storage_tank"}}, {"type": "Feature", "geometry": {"type": "Point", "coordinates": [-118.43239123259055, 33.92952093789128]}, "properties": {"kind": "storage_tank"}}, {"type": "Feature", "geometry": {"type": "Point", "coordinates": [-118.42640324644367, 33.919034823835055]}, "properties": {"kind": "cooling"}}, {"type": "Feature", "geometry": {"type": "Point", "coordinates": [-118.45672885643441, 34.01026259894099]}, "properties": {"kind": "beacon"}}, {"type": "Feature", "geometry": {"type": "Point", "coordinates": [-118.42760237614375, 33.92412623741539]}, "properties": {"kind": "storage_tank"}}, {"type": "Feature", "geometry": {"type": "Point", "coordinates": [-118.4275834730432, 33.924089271024954]}, "properties": {"kind": "storage_tank"}}, {"type": "Feature", "geometry": {"type": "Point", "coordinates": [-118.42737132518172, 33.924122283801445]}, "properties": {"kind": "storage_tank"}}, {"type": "Feature", "geometry": {"type": "Point", "coordinates": [-118.427564147635, 33.92405285961364]}, "properties": {"kind": "storage_tank"}}, {"type": "Feature", "geometry": {"type": "Point", "coordinates": [-118.42740949806827, 33.92419405992342]}, "properties": {"kind": "storage_tank"}}, {"type": "Feature", "geometry": {"type": "Point", "coordinates": [-118.42762092420803, 33.92416226415948]}, "properties": {"kind": "storage_tank"}}, {"type": "Feature", "geometry": {"type": "Point", "coordinates": [-118.42739037053113, 33.92415792810124]}, "properties": {"kind": "storage_tank"}}, {"type": "Feature", "geometry": {"type": "Point", "coordinates": [-118.42742806725181, 33.9242306909202]}, "properties": {"kind": "storage_tank"}}, {"type": "Feature", "geometry": {"type": "Point", "coordinates": [-118.42750939237523, 33.924410846320335]}, "properties": {"kind": "storage_tank"}}, {"type": "Feature", "geometry": {"type": "Point", "coordinates": [-118.42751169534561, 33.924332472602785]}, "properties": {"kind": "storage_tank"}}, {"type": "Feature", "geometry": {"type": "Point", "coordinates": [-118.42733989536916, 34.01369843423472]}, "properties": {"kind": "storage_tank"}}, {"type": "Feature", "geometry": {"type": "Point", "coordinates": [-118.45318085873427, 34.10568089306928]}, "properties": {"kind": "dam"}}, {"type": "Feature", "geometry": {"type": "Point", "coordinates": [-118.49936285443442, 34.09698601351471]}, "properties": {"kind": "storage_tank"}}, {"type": "Feature", "geometry": {"type": "Point", "coordinates": [-118.49939040924717, 34.09705998413586]}, "properties": {"kind": "storage_tank"}}, {"type": "Feature", "geometry": {"type": "Point", "coordinates": [-118.49525592156856, 34.08513690127459]}, "properties": {"kind": "reservoir_covered"}}, {"type": "Feature", "geometry": {"type": "Point", "coordinates": [-118.47959159590624, 34.09578950867499]}, "properties": {"kind": "storage_tank"}}, {"type": "Feature", "geometry": {"type": "Point", "coordinates": [-118.47902343149445, 34.09610636933351]}, "properties": {"kind": "storage_tank"}}, {"type": "Feature", "geometry": {"type": "Point", "coordinates": [-118.29014027597013, 34.097083940614645]}, "properties": {"kind": "bridge"}}, {"type": "Feature", "geometry": {"type": "Point", "coordinates": [-118.37378414529479, 34.00983513123918]}, "properties": {"kind": "storage_tank"}}, {"type": "Feature", "geometry": {"type": "Point", "coordinates": [-118.37352254654371, 34.010234714705845]}, "properties": {"kind": "storage_tank"}}, {"type": "Feature", "geometry": {"type": "Point", "coordinates": [-118.38099685974218, 34.00994275758176]}, "properties": {"kind": "storage_tank"}}, {"type": "Feature", "geometry": {"type": "Point", "coordinates": [-118.37969887695553, 34.00071731902891]}, "properties": {"kind": "storage_tank"}}, {"type": "Feature", "geometry": {"type": "Point", "coordinates": [-118.37976591945653, 34.00077721936369]}, "properties": {"kind": "storage_tank"}}, {"type": "Feature", "geometry": {"type": "Point", "coordinates": [-118.3785619012318, 34.00401013802448]}, "properties": {"kind": "storage_tank"}}, {"type": "Feature", "geometry": {"type": "Point", "coordinates": [-118.3809399668709, 34.01056107602447]}, "properties": {"kind": "storage_tank"}}, {"type": "Feature", "geometry": {"type": "Point", "coordinates": [-118.38142238350706, 34.01113250065643]}, "properties": {"kind": "storage_tank"}}, {"type": "Feature", "geometry": {"type": "Point", "coordinates": [-118.38081113925934, 34.010578028588256]}, "properties": {"kind": "storage_tank"}}, {"type": "Feature", "geometry": {"type": "Point", "coordinates": [-118.37785568550235, 34.00445355945919]}, "properties": {"kind": "storage_tank"}}, {"type": "Feature", "geometry": {"type": "Point", "coordinates": [-118.3783797824376, 33.99963221778514]}, "properties": {"kind": "storage_tank"}}, {"type": "Feature", "geometry": {"type": "Point", "coordinates": [-118.3788853967497, 34.00789324813914]}, "properties": {"kind": "storage_tank"}}, {"type": "Feature", "geometry": {"type": "Point", "coordinates": [-118.37541717218546, 34.008019877466914]}, "properties": {"kind": "storage_tank"}}, {"type": "Feature", "geometry": {"type": "Point", "coordinates": [-118.37830630325351, 33.99956732056394]}, "properties": {"kind": "storage_tank"}}, {"type": "Feature", "geometry": {"type": "Point", "coordinates": [-118.3703531930274, 34.004594765997545]}, "properties": {"kind": "storage_tank"}}, {"type": "Feature", "geometry": {"type": "Point", "coordinates": [-118.36903784996034, 34.00469528460556]}, "properties": {"kind": "storage_tank"}}, {"type": "Feature", "geometry": {"type": "Point", "coordinates": [-118.36899573319685, 34.00465199043068]}, "properties": {"kind": "storage_tank"}}, {"type": "Feature", "geometry": {"type": "Point", "coordinates": [-118.37030034743417, 34.00458209607722]}, "properties": {"kind": "storage_tank"}}, {"type": "Feature", "geometry": {"type": "Point", "coordinates": [-118.37040631327831, 34.00458462616857]}, "properties": {"kind": "storage_tank"}}, {"type": "Feature", "geometry": {"type": "Point", "coordinates": [-118.36881285407517, 34.00480906273753]}, "properties": {"kind": "storage_tank"}}, {"type": "Feature", "geometry": {"type": "Point", "coordinates": [-118.36887282095199, 34.00483577291409]}, "properties": {"kind": "storage_tank"}}, {"type": "Feature", "geometry": {"type": "Point", "coordinates": [-118.3670942599043, 33.999971447609994]}, "properties": {"kind": "storage_tank"}}, {"type": "Feature", "geometry": {"type": "Point", "coordinates": [-118.36879386215227, 34.00476488373288]}, "properties": {"kind": "storage_tank"}}, {"type": "Feature", "geometry": {"type": "Point", "coordinates": [-118.36986441076701, 34.00066488580503]}, "properties": {"kind": "storage_tank"}}, {"type": "Feature", "geometry": {"type": "Point", "coordinates": [-118.36839019041979, 34.004425728663904]}, "properties": {"kind": "storage_tank"}}, {"type": "Feature", "geometry": {"type": "Point", "coordinates": [-118.36837074534607, 34.0043003535171]}, "properties": {"kind": "storage_tank"}}, {"type": "Feature", "geometry": {"type": "Point", "coordinates": [-118.36834492451543, 34.004160284539964]}, "properties": {"kind": "storage_tank"}}, {"type": "Feature", "geometry": {"type": "Point", "coordinates": [-118.37012483673394, 34.00106371194464]}, "properties": {"kind": "storage_tank"}}, {"type": "Feature", "geometry": {"type": "Point", "coordinates": [-118.36981704354585, 34.001297535916684]}, "properties": {"kind": "storage_tank"}}, {"type": "Feature", "geometry": {"type": "Point", "coordinates": [-118.3698139492046, 34.001381171117785]}, "properties": {"kind": "storage_tank"}}, {"type": "Feature", "geometry": {"type": "Point", "coordinates": [-118.36665894894789, 34.00052508381638]}, "properties": {"kind": "storage_tank"}}, {"type": "Feature", "geometry": {"type": "Point", "coordinates": [-118.36299591528207, 34.005017058283805]}, "properties": {"kind": "storage_tank"}}, {"type": "Feature", "geometry": {"type": "Point", "coordinates": [-118.36673508019435, 34.000338745907264]}, "properties": {"kind": "storage_tank"}}, {"type": "Feature", "geometry": {"type": "Point", "coordinates": [-118.3687487292038, 34.00142152016231]}, "properties": {"kind": "storage_tank"}}, {"type": "Feature", "geometry": {"type": "Point", "coordinates": [-118.36705937808111, 34.00019864963003]}, "properties": {"kind": "storage_tank"}}, {"type": "Feature", "geometry": {"type": "Point", "coordinates": [-118.3695010460477, 34.00105568128814]}, "properties": {"kind": "storage_tank"}}, {"type": "Feature", "geometry": {"type": "Point", "coordinates": [-118.3691153181017, 33.9998265457537]}, "properties": {"kind": "storage_tank"}}, {"type": "Feature", "geometry": {"type": "Point", "coordinates": [-118.36294947281992, 34.00476471116762]}, "properties": {"kind": "water_tower"}}, {"type": "Feature", "geometry": {"type": "Point", "coordinates": [-118.36859032540929, 34.00011418627071]}, "properties": {"kind": "storage_tank"}}, {"type": "Feature", "geometry": {"type": "Point", "coordinates": [-118.37043166190381, 34.00176111034487]}, "properties": {"kind": "storage_tank"}}, {"type": "Feature", "geometry": {"type": "Point", "coordinates": [-118.36875721345204, 34.00124696131072]}, "properties": {"kind": "storage_tank"}}, {"type": "Feature", "geometry": {"type": "Point", "coordinates": [-118.36967644728254, 34.00106403478664]}, "properties": {"kind": "storage_tank"}}, {"type": "Feature", "geometry": {"type": "Point", "coordinates": [-118.36717623309563, 34.00004390568962]}, "properties": {"kind": "storage_tank"}}, {"type": "Feature", "geometry": {"type": "Point", "coordinates": [-118.36728715306262, 34.000145601155786]}, "properties": {"kind": "storage_tank"}}, {"type": "Feature", "geometry": {"type": "Point", "coordinates": [-118.36874609119045, 34.001995493196794]}, "properties": {"kind": "storage_tank"}}, {"type": "Feature", "geometry": {"type": "Point", "coordinates": [-118.36675711707552, 33.99996540343403]}, "properties": {"kind": "storage_tank"}}, {"type": "Feature", "geometry": {"type": "Point", "coordinates": [-118.36910838431342, 34.00471487814126]}, "properties": {"kind": "storage_tank"}}, {"type": "Feature", "geometry": {"type": "Point", "coordinates": [-118.38191235796636, 34.01240894955662]}, "properties": {"kind": "storage_tank"}}, {"type": "Feature", "geometry": {"type": "Point", "coordinates": [-118.37790026716272, 34.01753884244922]}, "properties": {"kind": "storage_tank"}}, {"type": "Feature", "geometry": {"type": "Point", "coordinates": [-118.38185992572812, 34.01235327628011]}, "properties": {"kind": "storage_tank"}}, {"type": "Feature", "geometry": {"type": "Point", "coordinates": [-118.38360417864104, 34.017204227468596]}, "properties": {"kind": "storage_tank"}}, {"type": "Feature", "geometry": {"type": "Point", "coordinates": [-118.38171044536936, 34.012370539374785]}, "properties": {"kind": "storage_tank"}}, {"type": "Feature", "geometry": {"type": "Point", "coordinates": [-118.38191847382642, 34.01259109436132]}, "properties": {"kind": "storage_tank"}}, {"type": "Feature", "geometry": {"type": "Point", "coordinates": [-118.38332167204358, 34.017292773248116]}, "properties": {"kind": "storage_tank"}}, {"type": "Feature", "geometry": {"type": "Point", "coordinates": [-118.38159904490247, 34.01228279776814]}, "properties": {"kind": "storage_tank"}}, {"type": "Feature", "geometry": {"type": "Point", "coordinates": [-118.3818173461549, 34.0124701367805]}, "properties": {"kind": "storage_tank"}}, {"type": "Feature", "geometry": {"type": "Point", "coordinates": [-118.4133422363686, 33.954927175208944]}, "properties": {"kind": "tower"}}, {"type": "Feature", "geometry": {"type": "Point", "coordinates": [-118.4518061605531, 34.105399564624605]}, "properties": {"kind": "pier"}}, {"type": "Feature", "geometry": {"type": "Point", "coordinates": [-118.44462946603635, 34.11566434464169]}, "properties": {"kind": "storage_tank"}}, {"type": "Feature", "geometry": {"type": "Point", "coordinates": [-118.44284608957275, 34.12901367758389]}, "properties": {"kind": "storage_tank"}}, {"type": "Feature", "geometry": {"type": "Point", "coordinates": [-118.3977820840502, 34.0991674614031]}, "properties": {"kind": "storage_tank"}}, {"type": "Feature", "geometry": {"type": "Point", "coordinates": [-118.39338027454534, 34.106556871447204]}, "properties": {"kind": "storage_tank"}}, {"type": "Feature", "geometry": {"type": "Point", "coordinates": [-118.30223396518709, 34.1292741810405]}, "properties": {"kind": "storage_tank"}}, {"type": "Feature", "geometry": {"type": "Point", "coordinates": [-118.29813788633219, 34.11874879077555]}, "properties": {"kind": "storage_tank"}}, {"type": "Feature", "geometry": {"type": "Point", "coordinates": [-118.30904782759904, 34.12355319661621]}, "properties": {"kind": "reservoir_covered"}}, {"type": "Feature", "geometry": {"type": "Point", "coordinates": [-118.30036720178047, 34.118270469850096]}, "properties": {"kind": "observatory"}}, {"type": "Feature", "geometry": {"type": "Point", "coordinates": [-118.29946254999999, 34.12378914999999]}, "properties": {"kind": "reservoir_covered"}}, {"type": "Feature", "geometry": {"type": "Point", "coordinates": [-118.46504074501887, 34.06626497468476]}, "properties": {"kind": "storage_tank"}}, {"type": "Feature", "geometry": {"type": "Point", "coordinates": [-118.46503126289923, 34.0661116662191]}, "properties": {"kind": "storage_tank"}}, {"type": "Feature", "geometry": {"type": "Point", "coordinates": [-118.3206226647555, 34.08576171846697]}, "properties": {"kind": "water_tower"}}, {"type": "Feature", "geometry": {"type": "Point", "coordinates": [-118.39835796264241, 34.1188821948741]}, "properties": {"kind": "storage_tank"}}, {"type": "Feature", "geometry": {"type": "Point", "coordinates": [-118.45925169085801, 33.98452217497763]}, "properties": {"kind": "pumping_station"}}, {"type": "Feature", "geometry": {"type": "Point", "coordinates": [-118.4076683371607, 34.0948062667526]}, "properties": {"kind": "reservoir_covered"}}, {"type": "Feature", "geometry": {"type": "Point", "coordinates": [-118.44288318573366, 34.07308497111013]}, "properties": {"kind": "bridge"}}, {"type": "Feature", "geometry": {"type": "Point", "coordinates": [-118.34334699779183, 34.089385339705146]}, "properties": {"kind": "storage_tank"}}, {"type": "Feature", "geometry": {"type": "Point", "coordinates": [-118.34650441619706, 34.088383215497686]}, "properties": {"kind": "storage_tank"}}, {"type": "Feature", "geometry": {"type": "Point", "coordinates": [-118.34650602281093, 34.088307384042494]}, "properties": {"kind": "storage_tank"}}, {"type": "Feature", "geometry": {"type": "Point", "coordinates": [-118.41028536779352, 34.05968970213462]}, "properties": {"kind": "storage_tank"}}, {"type": "Feature", "geometry": {"type": "Point", "coordinates": [-118.39154219349697, 34.05567398584444]}, "properties": {"kind": "storage_tank"}}, {"type": "Feature", "geometry": {"type": "Point", "coordinates": [-118.36665757148225, 34.1251919471789]}, "properties": {"kind": "storage_tank"}}, {"type": "Feature", "geometry": {"type": "Point", "coordinates": [-118.36731941197223, 34.12564045719]}, "properties": {"kind": "tower"}}, {"type": "Feature", "geometry": {"type": "Point", "coordinates": [-118.42443607967883, 33.96740686841535]}, "properties": {"kind": "stream"}}, {"type": "Feature", "geometry": {"type": "Point", "coordinates": [-118.4264173, 33.966109599999996]}, "properties": {"kind": "stream"}}, {"type": "Feature", "geometry": {"type": "Point", "coordinates": [-118.41269539480805, 33.97494112996232]}, "properties": {"kind": "ditch"}}, {"type": "Feature", "geometry": {"type": "Point", "coordinates": [-118.40558354999999, 33.9762063]}, "properties": {"kind": "ditch"}}, {"type": "Feature", "geometry": {"type": "Point", "coordinates": [-118.40572169999999, 33.976349799999994]}, "properties": {"kind": "ditch"}}, {"type": "Feature", "geometry": {"type": "Point", "coordinates": [-118.40581975, 33.976451499999996]}, "properties": {"kind": "ditch"}}, {"type": "Feature", "geometry": {"type": "Point", "coordinates": [-118.41440997268083, 33.973843834980144]}, "properties": {"kind": "ditch"}}, {"type": "Feature", "geometry": {"type": "Point", "coordinates": [-118.41439475000001, 33.9741083]}, "properties": {"kind": "ditch"}}, {"type": "Feature", "geometry": {"type": "Point", "coordinates": [-118.41442635, 33.974230250000005]}, "properties": {"kind": "ditch"}}, {"type": "Feature", "geometry": {"type": "Point", "coordinates": [-118.4174395, 33.973605750000004]}, "properties": {"kind": "ditch"}}, {"type": "Feature", "geometry": {"type": "Point", "coordinates": [-118.38696746254465, 34.1012317500787]}, "properties": {"kind": "storage_tank"}}, {"type": "Feature", "geometry": {"type": "Point", "coordinates": [-118.3351633649337, 33.925193893214434]}, "properties": {"kind": "river"}}, {"type": "Feature", "geometry": {"type": "Point", "coordinates": [-118.35833638694604, 33.92912334634091]}, "properties": {"kind": "drain"}}, {"type": "Feature", "geometry": {"type": "Point", "coordinates": [-118.34953180178483, 34.031808916838315]}, "properties": {"kind": "works"}}, {"type": "Feature", "geometry": {"type": "Point", "coordinates": [-118.35555078907558, 34.03861576871775]}, "properties": {"kind": "works"}}, {"type": "Feature", "geometry": {"type": "Point", "coordinates": [-118.35253727860545, 34.03526538921356]}, "properties": {"kind": "works"}}, {"type": "Feature", "geometry": {"type": "Point", "coordinates": [-118.3533283, 34.035710550000005]}, "properties": {"kind": "works"}}, {"type": "Feature", "geometry": {"type": "Point", "coordinates": [-118.32539833716413, 34.037239925071425]}, "properties": {"kind": "works"}}, {"type": "Feature", "geometry": {"type": "Point", "coordinates": [-118.32516305863196, 34.05474941743208]}, "properties": {"kind": "works"}}, {"type": "Feature", "geometry": {"type": "Point", "coordinates": [-118.32059970000002, 34.0601293]}, "properties": {"kind": "works"}}, {"type": "Feature", "geometry": {"type": "Point", "coordinates": [-118.36095533320648, 34.04242363960554]}, "properties": {"kind": "works"}}, {"type": "Feature", "geometry": {"type": "Point", "coordinates": [-118.36187279526993, 34.03988402216628]}, "properties": {"kind": "works"}}, {"type": "Feature", "geometry": {"type": "Point", "coordinates": [-118.35598189999999, 34.03471765]}, "properties": {"kind": "works"}}, {"type": "Feature", "geometry": {"type": "Point", "coordinates": [-118.34814731105836, 34.03617523109101]}, "properties": {"kind": "works"}}, {"type": "Feature", "geometry": {"type": "Point", "coordinates": [-118.33878134999999, 34.03416735]}, "properties": {"kind": "works"}}, {"type": "Feature", "geometry": {"type": "Point", "coordinates": [-118.31537453801756, 34.02698983663037]}, "properties": {"kind": "works"}}, {"type": "Feature", "geometry": {"type": "Point", "coordinates": [-118.31843346813574, 34.04316117529328]}, "properties": {"kind": "works"}}, {"type": "Feature", "geometry": {"type": "Point", "coordinates": [-118.3582393803762, 34.050662682609335]}, "properties": {"kind": "works"}}, {"type": "Feature", "geometry": {"type": "Point", "coordinates": [-118.33700675501889, 34.050812977319644]}, "properties": {"kind": "works"}}, {"type": "Feature", "geometry": {"type": "Point", "coordinates": [-118.32058758992098, 34.026987116282505]}, "properties": {"kind": "works"}}, {"type": "Feature", "geometry": {"type": "Point", "coordinates": [-118.3218381, 34.0293085]}, "properties": {"kind": "works"}}, {"type": "Feature", "geometry": {"type": "Point", "coordinates": [-118.3526199, 34.0468033]}, "properties": {"kind": "works"}}, {"type": "Feature", "geometry": {"type": "Point", "coordinates": [-118.34958271041585, 34.046153881663976]}, "properties": {"kind": "works"}}, {"type": "Feature", "geometry": {"type": "Point", "coordinates": [-118.33418175, 34.0516479]}, "properties": {"kind": "works"}}, {"type": "Feature", "geometry": {"type": "Point", "coordinates": [-118.29321174999998, 34.04827599999999]}, "properties": {"kind": "works"}}, {"type": "Feature", "geometry": {"type": "Point", "coordinates": [-118.37120179491731, 34.04379078748831]}, "properties": {"kind": "bridge"}}, {"type": "Feature", "geometry": {"type": "Point", "coordinates": [-118.37187077868158, 34.0439166505411]}, "properties": {"kind": "bridge"}}, {"type": "Feature", "geometry": {"type": "Point", "coordinates": [-118.3720688389283, 34.044396323079425]}, "properties": {"kind": "bridge"}}, {"type": "Feature", "geometry": {"type": "Point", "coordinates": [-118.37592727670523, 34.055493267375965]}, "properties": {"kind": "works"}}, {"type": "Feature", "geometry": {"type": "Point", "coordinates": [-118.37341562617942, 34.05034148370247]}, "properties": {"kind": "works"}}, {"type": "Feature", "geometry": {"type": "Point", "coordinates": [-118.37896517132802, 34.03775577308266]}, "properties": {"kind": "works"}}, {"type": "Feature", "geometry": {"type": "Point", "coordinates": [-118.37794539830499, 34.074627277088695]}, "properties": {"kind": "storage_tank"}}, {"type": "Feature", "geometry": {"type": "Point", "coordinates": [-118.37796471507734, 34.074676184572766]}, "properties": {"kind": "storage_tank"}}, {"type": "Feature", "geometry": {"type": "Point", "coordinates": [-118.37791821487836, 34.07469480212844]}, "properties": {"kind": "storage_tank"}}, {"type": "Feature", "geometry": {"type": "Point", "coordinates": [-118.37788166074758, 34.07465530393491]}, "properties": {"kind": "storage_tank"}}, {"type": "Feature", "geometry": {"type": "Point", "coordinates": [-118.3263621456217, 33.90171324827884]}, "properties": {"kind": "river"}}, {"type": "Feature", "geometry": {"type": "Point", "coordinates": [-118.32579166765534, 33.91279419366293]}, "properties": {"kind": "river"}}, {"type": "Feature", "geometry": {"type": "Point", "coordinates": [-118.36817650639237, 33.99328910599568]}, "properties": {"kind": "storage_tank"}}, {"type": "Feature", "geometry": {"type": "Point", "coordinates": [-118.36813030017217, 33.993142263489]}, "properties": {"kind": "storage_tank"}}, {"type": "Feature", "geometry": {"type": "Point", "coordinates": [-118.37101639428975, 33.99651286411635]}, "properties": {"kind": "storage_tank"}}, {"type": "Feature", "geometry": {"type": "Point", "coordinates": [-118.40020899999999, 33.849062149999995]}, "properties": {"kind": "pier"}}, {"type": "Feature", "geometry": {"type": "Point", "coordinates": [-118.3969407, 33.84964575]}, "properties": {"kind": "pier"}}, {"type": "Feature", "geometry": {"type": "Point", "coordinates": [-118.3994945, 33.8485603]}, "properties": {"kind": "pier"}}, {"type": "Feature", "geometry": {"type": "Point", "coordinates": [-118.39762017426081, 33.850552708634524]}, "properties": {"kind": "pier"}}, {"type": "Feature", "geometry": {"type": "Point", "coordinates": [-118.39817314999998, 33.8488903]}, "properties": {"kind": "pier"}}, {"type": "Feature", "geometry": {"type": "Point", "coordinates": [-118.39896659999998, 33.8500795]}, "properties": {"kind": "pier"}}, {"type": "Feature", "geometry": {"type": "Point", "coordinates": [-118.3986621, 33.85019425]}, "properties": {"kind": "pier"}}, {"type": "Feature", "geometry": {"type": "Point", "coordinates": [-118.39801355, 33.8504117]}, "properties": {"kind": "pier"}}, {"type": "Feature", "geometry": {"type": "Point", "coordinates": [-118.39902475000001, 33.848916200000005]}, "properties": {"kind": "pier"}}, {"type": "Feature", "geometry": {"type": "Point", "coordinates": [-118.3978104, 33.84896185]}, "properties": {"kind": "pier"}}, {"type": "Feature", "geometry": {"type": "Point", "coordinates": [-118.39835565, 33.850288500000005]}, "properties": {"kind": "pier"}}, {"type": "Feature", "geometry": {"type": "Point", "coordinates": [-118.39966975025517, 33.8485066949732]}, "properties": {"kind": "pier"}}, {"type": "Feature", "geometry": {"type": "Point", "coordinates": [-118.40009835494834, 33.84985620819728]}, "properties": {"kind": "pier"}}, {"type": "Feature", "geometry": {"type": "Point", "coordinates": [-118.39728131806159, 33.849438011460435]}, "properties": {"kind": "pier"}}, {"type": "Feature", "geometry": {"type": "Point", "coordinates": [-118.39989064743622, 33.84943783276842]}, "properties": {"kind": "pier"}}, {"type": "Feature", "geometry": {"type": "Point", "coordinates": [-118.40015046421414, 33.84922071631784]}, "properties": {"kind": "pier"}}, {"type": "Feature", "geometry": {"type": "Point", "coordinates": [-118.39842447274285, 33.84906995554818]}, "properties": {"kind": "pier"}}, {"type": "Feature", "geometry": {"type": "Point", "coordinates": [-118.39774289372498, 33.84927108061626]}, "properties": {"kind": "pier"}}, {"type": "Feature", "geometry": {"type": "Point", "coordinates": [-118.39699370759166, 33.849514612561244]}, "properties": {"kind": "pier"}}, {"type": "Feature", "geometry": {"type": "Point", "coordinates": [-118.3996669422, 33.85004049767464]}, "properties": {"kind": "pier"}}, {"type": "Feature", "geometry": {"type": "Point", "coordinates": [-118.39963581686243, 33.848696849492846]}, "properties": {"kind": "pier"}}, {"type": "Feature", "geometry": {"type": "Point", "coordinates": [-118.38246009387761, 33.8993241215155]}, "properties": {"kind": "storage_tank"}}, {"type": "Feature", "geometry": {"type": "Point", "coordinates": [-118.38246030543593, 33.89969758592448]}, "properties": {"kind": "storage_tank"}}, {"type": "Feature", "geometry": {"type": "Point", "coordinates": [-118.40746297642019, 33.920574469806965]}, "properties": {"kind": "water_tower"}}, {"type": "Feature", "geometry": {"type": "Point", "coordinates": [-118.3985770413421, 33.91668853053974]}, "properties": {"kind": "storage_tank"}}, {"type": "Feature", "geometry": {"type": "Point", "coordinates": [-118.32801207504545, 33.95571144448956]}, "properties": {"kind": "reservoir_covered"}}, {"type": "Feature", "geometry": {"type": "Point", "coordinates": [-118.43435061682776, 33.94056164376489]}, "properties": {"kind": "bridge"}}, {"type": "Feature", "geometry": {"type": "Point", "coordinates": [-118.34973816727035, 33.96951127367103]}, "properties": {"kind": "storage_tank"}}, {"type": "Feature", "geometry": {"type": "Point", "coordinates": [-118.35171579829807, 33.96723507556037]}, "properties": {"kind": "storage_tank"}}, {"type": "Feature", "geometry": {"type": "Point", "coordinates": [-118.35168417941281, 33.96726945523119]}, "properties": {"kind": "storage_tank"}}, {"type": "Feature", "geometry": {"type": "Point", "coordinates": [-118.35611710760907, 33.968162809615905]}, "properties": {"kind": "storage_tank"}}, {"type": "Feature", "geometry": {"type": "Point", "coordinates": [-118.3595843238813, 33.967299642511506]}, "properties": {"kind": "storage_tank"}}, {"type": "Feature", "geometry": {"type": "Point", "coordinates": [-118.35966174460133, 33.967344891145785]}, "properties": {"kind": "storage_tank"}}, {"type": "Feature", "geometry": {"type": "Point", "coordinates": [-118.4857072197661, 34.039269502598096]}, "properties": {"kind": "canopy"}}, {"type": "Feature", "geometry": {"type": "Point", "coordinates": [-118.296143357478, 34.09907579414585]}, "properties": {"kind": "bridge"}}, {"type": "Feature", "geometry": {"type": "Point", "coordinates": [-118.3888102441381, 33.883483203792586]}, "properties": {"kind": "water_tower"}}, {"type": "Feature", "geometry": {"type": "Point", "coordinates": [-118.38928045845688, 33.88326684498432]}, "properties": {"kind": "storage_tank"}}, {"type": "Feature", "geometry": {"type": "Point", "coordinates": [-118.31226849700914, 33.907273486388995]}, "properties": {"kind": "storage_tank"}}, {"type": "Feature", "geometry": {"type": "Point", "coordinates": [-118.38679242353341, 33.89138152856645]}, "properties": {"kind": "reservoir_covered"}}, {"type": "Feature", "geometry": {"type": "Point", "coordinates": [-118.3292541638305, 33.901112166427254]}, "properties": {"kind": "storage_tank"}}, {"type": "Feature", "geometry": {"type": "Point", "coordinates": [-118.36180206068309, 33.8809435430626]}, "properties": {"kind": "storage_tank"}}, {"type": "Feature", "geometry": {"type": "Point", "coordinates": [-118.35782578971514, 33.91814039330103]}, "properties": {"kind": "water_tower"}}, {"type": "Feature", "geometry": {"type": "Point", "coordinates": [-118.3572677545508, 33.91796768163276]}, "properties": {"kind": "storage_tank"}}, {"type": "Feature", "geometry": {"type": "Point", "coordinates": [-118.35744904586033, 33.91796798761929]}, "properties": {"kind": "storage_tank"}}, {"type": "Feature", "geometry": {"type": "Point", "coordinates": [-118.35879306801968, 33.91806266461731]}, "properties": {"kind": "storage_tank"}}, {"type": "Feature", "geometry": {"type": "Point", "coordinates": [-118.35617532149345, 33.91806750271059]}, "properties": {"kind": "storage_tank"}}, {"type": "Feature", "geometry": {"type": "Point", "coordinates": [-118.35836122454499, 33.918059995168846]}, "properties": {"kind": "storage_tank"}}, {"type": "Feature", "geometry": {"type": "Point", "coordinates": [-118.35618696376972, 33.9184155729351]}, "properties": {"kind": "storage_tank"}}, {"type": "Feature", "geometry": {"type": "Point", "coordinates": [-118.35660700618146, 33.918067074507476]}, "properties": {"kind": "storage_tank"}}, {"type": "Feature", "geometry": {"type": "Point", "coordinates": [-118.38916944249621, 33.867655220220605]}, "properties": {"kind": "storage_tank"}}, {"type": "Feature", "geometry": {"type": "Point", "coordinates": [-118.3890306385785, 33.868062051394915]}, "properties": {"kind": "storage_tank"}}, {"type": "Feature", "geometry": {"type": "Point", "coordinates": [-118.38861330706364, 33.86821955727557]}, "properties": {"kind": "storage_tank"}}, {"type": "Feature", "geometry": {"type": "Point", "coordinates": [-118.38886367074447, 33.86779907262343]}, "properties": {"kind": "storage_tank"}}, {"type": "Feature", "geometry": {"type": "Point", "coordinates": [-118.38936364854541, 33.86795964524447]}, "properties": {"kind": "storage_tank"}}, {"type": "Feature", "geometry": {"type": "Point", "coordinates": [-118.33063931635688, 33.84458467352224]}, "properties": {"kind": "storage_tank"}}, {"type": "Feature", "geometry": {"type": "Point", "coordinates": [-118.33087864221304, 33.844582816085335]}, "properties": {"kind": "storage_tank"}}, {"type": "Feature", "geometry": {"type": "Point", "coordinates": [-118.330759643289, 33.844682966419256]}, "properties": {"kind": "storage_tank"}}, {"type": "Feature", "geometry": {"type": "Point", "coordinates": [-118.33064032278094, 33.84468308876042]}, "properties": {"kind": "storage_tank"}}, {"type": "Feature", "geometry": {"type": "Point", "coordinates": [-118.33075889541708, 33.844584086753706]}, "properties": {"kind": "storage_tank"}}, {"type": "Feature", "geometry": {"type": "Point", "coordinates": [-118.33087928818445, 33.84468137338444]}, "properties": {"kind": "storage_tank"}}, {"type": "Feature", "geometry": {"type": "Point", "coordinates": [-118.3479406260071, 33.85289989788096]}, "properties": {"kind": "storage_tank"}}, {"type": "Feature", "geometry": {"type": "Point", "coordinates": [-118.33263844447829, 33.844071005257604]}, "properties": {"kind": "storage_tank"}}, {"type": "Feature", "geometry": {"type": "Point", "coordinates": [-118.34793776341053, 33.85422108060601]}, "properties": {"kind": "storage_tank"}}, {"type": "Feature", "geometry": {"type": "Point", "coordinates": [-118.34172173709308, 33.844546959145774]}, "properties": {"kind": "reservoir_covered"}}, {"type": "Feature", "geometry": {"type": "Point", "coordinates": [-118.34206235555578, 33.84829066242399]}, "properties": {"kind": "storage_tank"}}, {"type": "Feature", "geometry": {"type": "Point", "coordinates": [-118.34208066466854, 33.848153360060316]}, "properties": {"kind": "storage_tank"}}, {"type": "Feature", "geometry": {"type": "Point", "coordinates": [-118.34181131267923, 33.848412805793146]}, "properties": {"kind": "storage_tank"}}, {"type": "Feature", "geometry": {"type": "Point", "coordinates": [-118.38430557475496, 33.855240340291374]}, "properties": {"kind": "storage_tank"}}, {"type": "Feature", "geometry": {"type": "Point", "coordinates": [-118.39444531817533, 33.849768193531865]}, "properties": {"kind": "storage_tank"}}, {"type": "Feature", "geometry": {"type": "Point", "coordinates": [-118.39473700437392, 33.84966040693788]}, "properties": {"kind": "storage_tank"}}, {"type": "Feature", "geometry": {"type": "Point", "coordinates": [-118.39458638900922, 33.849717609922855]}, "properties": {"kind": "storage_tank"}}, {"type": "Feature", "geometry": {"type": "Point", "coordinates": [-118.37714962840197, 33.83445033823615]}, "properties": {"kind": "storage_tank"}}, {"type": "Feature", "geometry": {"type": "Point", "coordinates": [-118.37709856982497, 33.8347424187495]}, "properties": {"kind": "storage_tank"}}, {"type": "Feature", "geometry": {"type": "Point", "coordinates": [-118.37702740481431, 33.834189428392435]}, "properties": {"kind": "storage_tank"}}, {"type": "Feature", "geometry": {"type": "Point", "coordinates": [-118.46066212456729, 33.9633330513685]}, "properties": {"kind": "breakwater"}}, {"type": "Feature", "geometry": {"type": "Point", "coordinates": [-118.33891271682555, 33.902926013986836]}, "properties": {"kind": "storage_tank"}}, {"type": "Feature", "geometry": {"type": "Point", "coordinates": [-118.33868636072822, 33.902903794705246]}, "properties": {"kind": "storage_tank"}}, {"type": "Feature", "geometry": {"type": "Point", "coordinates": [-118.33881586247459, 33.90292633164051]}, "properties": {"kind": "storage_tank"}}, {"type": "Feature", "geometry": {"type": "Point", "coordinates": [-118.40575169225461, 33.890873828233374]}, "properties": {"kind": "canopy"}}, {"type": "Feature", "geometry": {"type": "Point", "coordinates": [-118.31127120112218, 34.126837640865155]}, "properties": {"kind": "dam"}}, {"type": "Feature", "geometry": {"type": "Point", "coordinates": [-118.38522530000002, 33.88869425]}, "properties": {"kind": "drain"}}, {"type": "Feature", "geometry": {"type": "Point", "coordinates": [-118.46561908074604, 34.04383902542951]}, "properties": {"kind": "reservoir_covered"}}, {"type": "Feature", "geometry": {"type": "Point", "coordinates": [-118.4744922683503, 34.00717221624881]}, "properties": {"kind": "embankment"}}, {"type": "Feature", "geometry": {"type": "Point", "coordinates": [-118.4743955428443, 34.007223228396946]}, "properties": {"kind": "embankment"}}, {"type": "Feature", "geometry": {"type": "Point", "coordinates": [-118.47489301676413, 34.07682345397279]}, "properties": {"kind": "stream"}}, {"type": "Feature", "geometry": {"type": "Point", "coordinates": [-118.47500884999998, 34.07741245]}, "properties": {"kind": "stream"}}, {"type": "Feature", "geometry": {"type": "Point", "coordinates": [-118.47495970000001, 34.0772463]}, "properties": {"kind": "stream"}}, {"type": "Feature", "geometry": {"type": "Point", "coordinates": [-118.45306439883521, 34.0662441662737]}, "properties": {"kind": "drain"}}, {"type": "Feature", "geometry": {"type": "Point", "coordinates": [-118.4479264644278, 34.07128529814352]}, "properties": {"kind": "stream"}}, {"type": "Feature", "geometry": {"type": "Point", "coordinates": [-118.44041998515762, 34.071479308957]}, "properties": {"kind": "stream"}}, {"type": "Feature", "geometry": {"type": "Point", "coordinates": [-118.4438105904933, 34.075759660265106]}, "properties": {"kind": "stream"}}, {"type": "Feature", "geometry": {"type": "Point", "coordinates": [-118.42734640776065, 33.918788472742825]}, "properties": {"kind": "chimney"}}, {"type": "Feature", "geometry": {"type": "Point", "coordinates": [-118.4274121128288, 33.9194161937706]}, "properties": {"kind": "chimney"}}, {"type": "Feature", "geometry": {"type": "Point", "coordinates": [-118.42840296415852, 33.91949739478082]}, "properties": {"kind": "cooling"}}, {"type": "Feature", "geometry": {"type": "Point", "coordinates": [-118.35731165947671, 34.06406336739758]}, "properties": {"kind": "stream"}}, {"type": "Feature", "geometry": {"type": "Point", "coordinates": [-118.30016430901433, 34.060536365868806]}, "properties": {"kind": "bridge"}}, {"type": "Feature", "geometry": {"type": "Point", "coordinates": [-118.38117789644838, 34.03593978038175]}, "properties": {"kind": "drain"}}, {"type": "Feature", "geometry": {"type": "Point", "coordinates": [-118.40366275316282, 33.861559716726646]}, "properties": {"kind": "pier"}}, {"type": "Feature", "geometry": {"type": "Point", "coordinates": [-118.47153985, 33.9819142]}, "properties": {"kind": "groyne"}}, {"type": "Feature", "geometry": {"type": "Point", "coordinates": [-118.4559519, 33.98337065]}, "properties": {"kind": "pier"}}, {"type": "Feature", "geometry": {"type": "Point", "coordinates": [-118.45598545, 33.9834731]}, "properties": {"kind": "pier"}}, {"type": "Feature", "geometry": {"type": "Point", "coordinates": [-118.45566385000001, 33.983559]}, "properties": {"kind": "pier"}}, {"type": "Feature", "geometry": {"type": "Point", "coordinates": [-118.45565925, 33.9835218]}, "properties": {"kind": "pier"}}, {"type": "Feature", "geometry": {"type": "Point", "coordinates": [-118.4556575, 33.98348505]}, "properties": {"kind": "pier"}}, {"type": "Feature", "geometry": {"type": "Point", "coordinates": [-118.45565270000002, 33.983445399999994]}, "properties": {"kind": "pier"}}, {"type": "Feature", "geometry": {"type": "Point", "coordinates": [-118.4556479, 33.98340535]}, "properties": {"kind": "pier"}}, {"type": "Feature", "geometry": {"type": "Point", "coordinates": [-118.45564440000001, 33.983366000000004]}, "properties": {"kind": "pier"}}, {"type": "Feature", "geometry": {"type": "Point", "coordinates": [-118.4556906, 33.983283799999995]}, "properties": {"kind": "pier"}}, {"type": "Feature", "geometry": {"type": "Point", "coordinates": [-118.45558704999998, 33.98328145]}, "properties": {"kind": "pier"}}, {"type": "Feature", "geometry": {"type": "Point", "coordinates": [-118.4556943, 33.9833247]}, "properties": {"kind": "pier"}}, {"type": "Feature", "geometry": {"type": "Point", "coordinates": [-118.4555899, 33.98331805]}, "properties": {"kind": "pier"}}, {"type": "Feature", "geometry": {"type": "Point", "coordinates": [-118.45568614999999, 33.9832457]}, "properties": {"kind": "pier"}}, {"type": "Feature", "geometry": {"type": "Point", "coordinates": [-118.45558305, 33.98323465]}, "properties": {"kind": "pier"}}, {"type": "Feature", "geometry": {"type": "Point", "coordinates": [-118.45568215, 33.98320505]}, "properties": {"kind": "pier"}}, {"type": "Feature", "geometry": {"type": "Point", "coordinates": [-118.4555775, 33.98318695]}, "properties": {"kind": "pier"}}, {"type": "Feature", "geometry": {"type": "Point", "coordinates": [-118.45567444999999, 33.98312405]}, "properties": {"kind": "pier"}}, {"type": "Feature", "geometry": {"type": "Point", "coordinates": [-118.4556783, 33.98316645]}, "properties": {"kind": "pier"}}, {"type": "Feature", "geometry": {"type": "Point", "coordinates": [-118.45557415000002, 33.98314535]}, "properties": {"kind": "pier"}}, {"type": "Feature", "geometry": {"type": "Point", "coordinates": [-118.45567145, 33.9830866]}, "properties": {"kind": "pier"}}, {"type": "Feature", "geometry": {"type": "Point", "coordinates": [-118.4555697, 33.983099249999995]}, "properties": {"kind": "pier"}}, {"type": "Feature", "geometry": {"type": "Point", "coordinates": [-118.45561269953302, 33.98304814192471]}, "properties": {"kind": "pier"}}, {"type": "Feature", "geometry": {"type": "Point", "coordinates": [-118.45527485, 33.9835817]}, "properties": {"kind": "pier"}}, {"type": "Feature", "geometry": {"type": "Point", "coordinates": [-118.45527154999999, 33.983542400000005]}, "properties": {"kind": "pier"}}, {"type": "Feature", "geometry": {"type": "Point", "coordinates": [-118.45526825, 33.98350265]}, "properties": {"kind": "pier"}}, {"type": "Feature", "geometry": {"type": "Point", "coordinates": [-118.4552644, 33.98346305]}, "properties": {"kind": "pier"}}, {"type": "Feature", "geometry": {"type": "Point", "coordinates": [-118.4552602, 33.9834228]}, "properties": {"kind": "pier"}}, {"type": "Feature", "geometry": {"type": "Point", "coordinates": [-118.45525595000001, 33.9833846]}, "properties": {"kind": "pier"}}, {"type": "Feature", "geometry": {"type": "Point", "coordinates": [-118.45531015, 33.9833412]}, "properties": {"kind": "pier"}}, {"type": "Feature", "geometry": {"type": "Point", "coordinates": [-118.45519795000001, 33.983343000000005]}, "properties": {"kind": "pier"}}, {"type": "Feature", "geometry": {"type": "Point", "coordinates": [-118.4553057, 33.983295049999995]}, "properties": {"kind": "pier"}}, {"type": "Feature", "geometry": {"type": "Point", "coordinates": [-118.45519365, 33.983305349999995]}, "properties": {"kind": "pier"}}, {"type": "Feature", "geometry": {"type": "Point", "coordinates": [-118.45524424999999, 33.98325505]}, "properties": {"kind": "pier"}}, {"type": "Feature", "geometry": {"type": "Point", "coordinates": [-118.4552403, 33.983208000000005]}, "properties": {"kind": "pier"}}, {"type": "Feature", "geometry": {"type": "Point", "coordinates": [-118.45523535000001, 33.9831633]}, "properties": {"kind": "pier"}}, {"type": "Feature", "geometry": {"type": "Point", "coordinates": [-118.45523095, 33.983116550000005]}, "properties": {"kind": "pier"}}, {"type": "Feature", "geometry": {"type": "Point", "coordinates": [-118.45522660147618, 33.98307167759567]}, "properties": {"kind": "pier"}}, {"type": "Feature", "geometry": {"type": "Point", "coordinates": [-118.4548721, 33.98360625]}, "properties": {"kind": "pier"}}, {"type": "Feature", "geometry": {"type": "Point", "coordinates": [-118.4549365, 33.9835628]}, "properties": {"kind": "pier"}}, {"type": "Feature", "geometry": {"type": "Point", "coordinates": [-118.45481445000001, 33.9835566]}, "properties": {"kind": "pier"}}, {"type": "Feature", "geometry": {"type": "Point", "coordinates": [-118.45493214999999, 33.98352325]}, "properties": {"kind": "pier"}}, {"type": "Feature", "geometry": {"type": "Point", "coordinates": [-118.4548098, 33.9835071]}, "properties": {"kind": "pier"}}, {"type": "Feature", "geometry": {"type": "Point", "coordinates": [-118.45492920000001, 33.98348465]}, "properties": {"kind": "pier"}}, {"type": "Feature", "geometry": {"type": "Point", "coordinates": [-118.45480439999999, 33.98345705]}, "properties": {"kind": "pier"}}, {"type": "Feature", "geometry": {"type": "Point", "coordinates": [-118.4549233, 33.98344415]}, "properties": {"kind": "pier"}}, {"type": "Feature", "geometry": {"type": "Point", "coordinates": [-118.4547997, 33.983406599999995]}, "properties": {"kind": "pier"}}, {"type": "Feature", "geometry": {"type": "Point", "coordinates": [-118.45492165, 33.983406599999995]}, "properties": {"kind": "pier"}}, {"type": "Feature", "geometry": {"type": "Point", "coordinates": [-118.45491715, 33.98336045]}, "properties": {"kind": "pier"}}, {"type": "Feature", "geometry": {"type": "Point", "coordinates": [-118.45479535, 33.983354899999995]}, "properties": {"kind": "pier"}}, {"type": "Feature", "geometry": {"type": "Point", "coordinates": [-118.45491305, 33.9833208]}, "properties": {"kind": "pier"}}, {"type": "Feature", "geometry": {"type": "Point", "coordinates": [-118.45479040000001, 33.9833061]}, "properties": {"kind": "pier"}}, {"type": "Feature", "geometry": {"type": "Point", "coordinates": [-118.45490860000001, 33.9832754]}, "properties": {"kind": "pier"}}, {"type": "Feature", "geometry": {"type": "Point", "coordinates": [-118.4547856, 33.98325365]}, "properties": {"kind": "pier"}}, {"type": "Feature", "geometry": {"type": "Point", "coordinates": [-118.45490459999999, 33.98323035]}, "properties": {"kind": "pier"}}, {"type": "Feature", "geometry": {"type": "Point", "coordinates": [-118.4547809, 33.983203450000005]}, "properties": {"kind": "pier"}}, {"type": "Feature", "geometry": {"type": "Point", "coordinates": [-118.4549007, 33.9831842]}, "properties": {"kind": "pier"}}, {"type": "Feature", "geometry": {"type": "Point", "coordinates": [-118.45477585, 33.98315215]}, "properties": {"kind": "pier"}}, {"type": "Feature", "geometry": {"type": "Point", "coordinates": [-118.45489624999999, 33.98313855]}, "properties": {"kind": "pier"}}, {"type": "Feature", "geometry": {"type": "Point", "coordinates": [-118.45482795068511, 33.98309431294432]}, "properties": {"kind": "pier"}}, {"type": "Feature", "geometry": {"type": "Point", "coordinates": [-118.45442225, 33.983633]}, "properties": {"kind": "pier"}}, {"type": "Feature", "geometry": {"type": "Point", "coordinates": [-118.45441880000001, 33.9835836]}, "properties": {"kind": "pier"}}, {"type": "Feature", "geometry": {"type": "Point", "coordinates": [-118.45447450000002, 33.983528449999994]}, "properties": {"kind": "pier"}}, {"type": "Feature", "geometry": {"type": "Point", "coordinates": [-118.45434835, 33.983549749999995]}, "properties": {"kind": "pier"}}, {"type": "Feature", "geometry": {"type": "Point", "coordinates": [-118.4544698, 33.9834791]}, "properties": {"kind": "pier"}}, {"type": "Feature", "geometry": {"type": "Point", "coordinates": [-118.4543441, 33.98350395]}, "properties": {"kind": "pier"}}, {"type": "Feature", "geometry": {"type": "Point", "coordinates": [-118.45446595, 33.9834278]}, "properties": {"kind": "pier"}}, {"type": "Feature", "geometry": {"type": "Point", "coordinates": [-118.45434025, 33.9834573]}, "properties": {"kind": "pier"}}, {"type": "Feature", "geometry": {"type": "Point", "coordinates": [-118.45446179999999, 33.98337815]}, "properties": {"kind": "pier"}}, {"type": "Feature", "geometry": {"type": "Point", "coordinates": [-118.4543366, 33.983410500000005]}, "properties": {"kind": "pier"}}, {"type": "Feature", "geometry": {"type": "Point", "coordinates": [-118.45433299999999, 33.98336485]}, "properties": {"kind": "pier"}}, {"type": "Feature", "geometry": {"type": "Point", "coordinates": [-118.45445795, 33.98332565]}, "properties": {"kind": "pier"}}, {"type": "Feature", "geometry": {"type": "Point", "coordinates": [-118.45432894999999, 33.983318100000005]}, "properties": {"kind": "pier"}}, {"type": "Feature", "geometry": {"type": "Point", "coordinates": [-118.45445484999999, 33.9832782]}, "properties": {"kind": "pier"}}, {"type": "Feature", "geometry": {"type": "Point", "coordinates": [-118.4543252, 33.983270000000005]}, "properties": {"kind": "pier"}}, {"type": "Feature", "geometry": {"type": "Point", "coordinates": [-118.4543826, 33.983175349999996]}, "properties": {"kind": "pier"}}, {"type": "Feature", "geometry": {"type": "Point", "coordinates": [-118.45437715268262, 33.98312409227821]}, "properties": {"kind": "pier"}}, {"type": "Feature", "geometry": {"type": "Point", "coordinates": [-118.45438695, 33.983225250000004]}, "properties": {"kind": "pier"}}, {"type": "Feature", "geometry": {"type": "Point", "coordinates": [-118.4539662, 33.9836603]}, "properties": {"kind": "pier"}}, {"type": "Feature", "geometry": {"type": "Point", "coordinates": [-118.4539604, 33.98361335]}, "properties": {"kind": "pier"}}, {"type": "Feature", "geometry": {"type": "Point", "coordinates": [-118.45402265, 33.983565999999996]}, "properties": {"kind": "pier"}}, {"type": "Feature", "geometry": {"type": "Point", "coordinates": [-118.4538933, 33.983563849999996]}, "properties": {"kind": "pier"}}, {"type": "Feature", "geometry": {"type": "Point", "coordinates": [-118.45401865, 33.98352055]}, "properties": {"kind": "pier"}}, {"type": "Feature", "geometry": {"type": "Point", "coordinates": [-118.4538876, 33.98351225]}, "properties": {"kind": "pier"}}, {"type": "Feature", "geometry": {"type": "Point", "coordinates": [-118.4540138, 33.98347525]}, "properties": {"kind": "pier"}}, {"type": "Feature", "geometry": {"type": "Point", "coordinates": [-118.4538835, 33.983464]}, "properties": {"kind": "pier"}}, {"type": "Feature", "geometry": {"type": "Point", "coordinates": [-118.45400860000001, 33.9834296]}, "properties": {"kind": "pier"}}, {"type": "Feature", "geometry": {"type": "Point", "coordinates": [-118.4538785, 33.9834115]}, "properties": {"kind": "pier"}}, {"type": "Feature", "geometry": {"type": "Point", "coordinates": [-118.45400459999999, 33.9833819]}, "properties": {"kind": "pier"}}, {"type": "Feature", "geometry": {"type": "Point", "coordinates": [-118.45400075, 33.9833364]}, "properties": {"kind": "pier"}}, {"type": "Feature", "geometry": {"type": "Point", "coordinates": [-118.4539964, 33.983289549999995]}, "properties": {"kind": "pier"}}, {"type": "Feature", "geometry": {"type": "Point", "coordinates": [-118.45387345, 33.983361450000004]}, "properties": {"kind": "pier"}}, {"type": "Feature", "geometry": {"type": "Point", "coordinates": [-118.4538687, 33.9833111]}, "properties": {"kind": "pier"}}, {"type": "Feature", "geometry": {"type": "Point", "coordinates": [-118.45399094999999, 33.983242000000004]}, "properties": {"kind": "pier"}}, {"type": "Feature", "geometry": {"type": "Point", "coordinates": [-118.4538638, 33.98326085]}, "properties": {"kind": "pier"}}, {"type": "Feature", "geometry": {"type": "Point", "coordinates": [-118.45392265000001, 33.98320235]}, "properties": {"kind": "pier"}}, {"type": "Feature", "geometry": {"type": "Point", "coordinates": [-118.45391815027362, 33.98315240452193]}, "properties": {"kind": "pier"}}, {"type": "Feature", "geometry": {"type": "Point", "coordinates": [-118.4535054, 33.9836915]}, "properties": {"kind": "pier"}}, {"type": "Feature", "geometry": {"type": "Point", "coordinates": [-118.45356774999999, 33.9836421]}, "properties": {"kind": "pier"}}, {"type": "Feature", "geometry": {"type": "Point", "coordinates": [-118.45343855, 33.983641399999996]}, "properties": {"kind": "pier"}}, {"type": "Feature", "geometry": {"type": "Point", "coordinates": [-118.453564, 33.983595199999996]}, "properties": {"kind": "pier"}}, {"type": "Feature", "geometry": {"type": "Point", "coordinates": [-118.45343405, 33.983591399999995]}, "properties": {"kind": "pier"}}, {"type": "Feature", "geometry": {"type": "Point", "coordinates": [-118.45355975000001, 33.983550050000005]}, "properties": {"kind": "pier"}}, {"type": "Feature", "geometry": {"type": "Point", "coordinates": [-118.45342935, 33.9835406]}, "properties": {"kind": "pier"}}, {"type": "Feature", "geometry": {"type": "Point", "coordinates": [-118.4535548, 33.9835035]}, "properties": {"kind": "pier"}}, {"type": "Feature", "geometry": {"type": "Point", "coordinates": [-118.45355140000001, 33.98345715]}, "properties": {"kind": "pier"}}, {"type": "Feature", "geometry": {"type": "Point", "coordinates": [-118.45342504999999, 33.98349105]}, "properties": {"kind": "pier"}}, {"type": "Feature", "geometry": {"type": "Point", "coordinates": [-118.4534206, 33.9834396]}, "properties": {"kind": "pier"}}, {"type": "Feature", "geometry": {"type": "Point", "coordinates": [-118.45354710000001, 33.9834125]}, "properties": {"kind": "pier"}}, {"type": "Feature", "geometry": {"type": "Point", "coordinates": [-118.45354255000001, 33.98336515]}, "properties": {"kind": "pier"}}, {"type": "Feature", "geometry": {"type": "Point", "coordinates": [-118.45353845, 33.9833167]}, "properties": {"kind": "pier"}}, {"type": "Feature", "geometry": {"type": "Point", "coordinates": [-118.4534112, 33.983339]}, "properties": {"kind": "pier"}}, {"type": "Feature", "geometry": {"type": "Point", "coordinates": [-118.4534153, 33.9833912]}, "properties": {"kind": "pier"}}, {"type": "Feature", "geometry": {"type": "Point", "coordinates": [-118.45353435, 33.98327105]}, "properties": {"kind": "pier"}}, {"type": "Feature", "geometry": {"type": "Point", "coordinates": [-118.45340580000001, 33.98328965]}, "properties": {"kind": "pier"}}, {"type": "Feature", "geometry": {"type": "Point", "coordinates": [-118.45346585, 33.9832296]}, "properties": {"kind": "pier"}}, {"type": "Feature", "geometry": {"type": "Point", "coordinates": [-118.45346234900514, 33.98317938265746]}, "properties": {"kind": "pier"}}, {"type": "Feature", "geometry": {"type": "Point", "coordinates": [-118.45591935, 33.98265475]}, "properties": {"kind": "pier"}}, {"type": "Feature", "geometry": {"type": "Point", "coordinates": [-118.45591855, 33.9826975]}, "properties": {"kind": "pier"}}, {"type": "Feature", "geometry": {"type": "Point", "coordinates": [-118.45557624994699, 33.98269286334641]}, "properties": {"kind": "pier"}}, {"type": "Feature", "geometry": {"type": "Point", "coordinates": [-118.45557775, 33.9826541]}, "properties": {"kind": "pier"}}, {"type": "Feature", "geometry": {"type": "Point", "coordinates": [-118.45557769999999, 33.9826137]}, "properties": {"kind": "pier"}}, {"type": "Feature", "geometry": {"type": "Point", "coordinates": [-118.45557785, 33.982574]}, "properties": {"kind": "pier"}}, {"type": "Feature", "geometry": {"type": "Point", "coordinates": [-118.45557844999999, 33.982536499999995]}, "properties": {"kind": "pier"}}, {"type": "Feature", "geometry": {"type": "Point", "coordinates": [-118.45552245, 33.9824957]}, "properties": {"kind": "pier"}}, {"type": "Feature", "geometry": {"type": "Point", "coordinates": [-118.45552185, 33.982458349999995]}, "properties": {"kind": "pier"}}, {"type": "Feature", "geometry": {"type": "Point", "coordinates": [-118.4555223, 33.9824204]}, "properties": {"kind": "pier"}}, {"type": "Feature", "geometry": {"type": "Point", "coordinates": [-118.45512455, 33.982172]}, "properties": {"kind": "pier"}}, {"type": "Feature", "geometry": {"type": "Point", "coordinates": [-118.4551245, 33.9822149]}, "properties": {"kind": "pier"}}, {"type": "Feature", "geometry": {"type": "Point", "coordinates": [-118.45512445, 33.98225580000001]}, "properties": {"kind": "pier"}}, {"type": "Feature", "geometry": {"type": "Point", "coordinates": [-118.45517985000001, 33.9822964]}, "properties": {"kind": "pier"}}, {"type": "Feature", "geometry": {"type": "Point", "coordinates": [-118.4551804, 33.9823365]}, "properties": {"kind": "pier"}}, {"type": "Feature", "geometry": {"type": "Point", "coordinates": [-118.45518129999999, 33.9823783]}, "properties": {"kind": "pier"}}, {"type": "Feature", "geometry": {"type": "Point", "coordinates": [-118.45518154999999, 33.9824208]}, "properties": {"kind": "pier"}}, {"type": "Feature", "geometry": {"type": "Point", "coordinates": [-118.4551799, 33.98246105]}, "properties": {"kind": "pier"}}, {"type": "Feature", "geometry": {"type": "Point", "coordinates": [-118.45518179999999, 33.982498899999996]}, "properties": {"kind": "pier"}}, {"type": "Feature", "geometry": {"type": "Point", "coordinates": [-118.4551809, 33.982536249999995]}, "properties": {"kind": "pier"}}, {"type": "Feature", "geometry": {"type": "Point", "coordinates": [-118.45518014999999, 33.982575049999994]}, "properties": {"kind": "pier"}}, {"type": "Feature", "geometry": {"type": "Point", "coordinates": [-118.45518050000001, 33.982612200000005]}, "properties": {"kind": "pier"}}, {"type": "Feature", "geometry": {"type": "Point", "coordinates": [-118.4551804, 33.98265375]}, "properties": {"kind": "pier"}}, {"type": "Feature", "geometry": {"type": "Point", "coordinates": [-118.4551837999971, 33.98269190170357]}, "properties": {"kind": "pier"}}, {"type": "Feature", "geometry": {"type": "Point", "coordinates": [-118.4547841501439, 33.982694367300596]}, "properties": {"kind": "pier"}}, {"type": "Feature", "geometry": {"type": "Point", "coordinates": [-118.45478365, 33.9826543]}, "properties": {"kind": "pier"}}, {"type": "Feature", "geometry": {"type": "Point", "coordinates": [-118.45478395, 33.98261415]}, "properties": {"kind": "pier"}}, {"type": "Feature", "geometry": {"type": "Point", "coordinates": [-118.4547823, 33.98257495]}, "properties": {"kind": "pier"}}, {"type": "Feature", "geometry": {"type": "Point", "coordinates": [-118.45478195, 33.98253715]}, "properties": {"kind": "pier"}}, {"type": "Feature", "geometry": {"type": "Point", "coordinates": [-118.45478159999999, 33.98249765]}, "properties": {"kind": "pier"}}, {"type": "Feature", "geometry": {"type": "Point", "coordinates": [-118.4547823, 33.98246025]}, "properties": {"kind": "pier"}}, {"type": "Feature", "geometry": {"type": "Point", "coordinates": [-118.45478125, 33.98242075]}, "properties": {"kind": "pier"}}, {"type": "Feature", "geometry": {"type": "Point", "coordinates": [-118.45478109999999, 33.9823836]}, "properties": {"kind": "pier"}}, {"type": "Feature", "geometry": {"type": "Point", "coordinates": [-118.45478159999999, 33.982344749999996]}, "properties": {"kind": "pier"}}, {"type": "Feature", "geometry": {"type": "Point", "coordinates": [-118.45478215, 33.9823065]}, "properties": {"kind": "pier"}}, {"type": "Feature", "geometry": {"type": "Point", "coordinates": [-118.45478155, 33.9822679]}, "properties": {"kind": "pier"}}, {"type": "Feature", "geometry": {"type": "Point", "coordinates": [-118.45478084999999, 33.98223005]}, "properties": {"kind": "pier"}}, {"type": "Feature", "geometry": {"type": "Point", "coordinates": [-118.454782, 33.9821914]}, "properties": {"kind": "pier"}}, {"type": "Feature", "geometry": {"type": "Point", "coordinates": [-118.45438555, 33.9826944]}, "properties": {"kind": "pier"}}, {"type": "Feature", "geometry": {"type": "Point", "coordinates": [-118.45438435, 33.9826547]}, "properties": {"kind": "pier"}}, {"type": "Feature", "geometry": {"type": "Point", "coordinates": [-118.4543845, 33.98261455]}, "properties": {"kind": "pier"}}, {"type": "Feature", "geometry": {"type": "Point", "coordinates": [-118.4543845, 33.9825768]}, "properties": {"kind": "pier"}}, {"type": "Feature", "geometry": {"type": "Point", "coordinates": [-118.45438525, 33.982538149999996]}, "properties": {"kind": "pier"}}, {"type": "Feature", "geometry": {"type": "Point", "coordinates": [-118.45438419999999, 33.9824982]}, "properties": {"kind": "pier"}}, {"type": "Feature", "geometry": {"type": "Point", "coordinates": [-118.45438345, 33.9824601]}, "properties": {"kind": "pier"}}, {"type": "Feature", "geometry": {"type": "Point", "coordinates": [-118.45438435, 33.98241955]}, "properties": {"kind": "pier"}}, {"type": "Feature", "geometry": {"type": "Point", "coordinates": [-118.45438419999999, 33.9823795]}, "properties": {"kind": "pier"}}, {"type": "Feature", "geometry": {"type": "Point", "coordinates": [-118.4543845, 33.98233655]}, "properties": {"kind": "pier"}}, {"type": "Feature", "geometry": {"type": "Point", "coordinates": [-118.45438315, 33.98229665]}, "properties": {"kind": "pier"}}, {"type": "Feature", "geometry": {"type": "Point", "coordinates": [-118.45438375, 33.9822552]}, "properties": {"kind": "pier"}}, {"type": "Feature", "geometry": {"type": "Point", "coordinates": [-118.45438375, 33.98221555]}, "properties": {"kind": "pier"}}, {"type": "Feature", "geometry": {"type": "Point", "coordinates": [-118.4543848, 33.98217355]}, "properties": {"kind": "pier"}}, {"type": "Feature", "geometry": {"type": "Point", "coordinates": [-118.45398955009597, 33.982695762867095]}, "properties": {"kind": "pier"}}, {"type": "Feature", "geometry": {"type": "Point", "coordinates": [-118.45398839999999, 33.98265415]}, "properties": {"kind": "pier"}}, {"type": "Feature", "geometry": {"type": "Point", "coordinates": [-118.45398804999998, 33.982616750000005]}, "properties": {"kind": "pier"}}, {"type": "Feature", "geometry": {"type": "Point", "coordinates": [-118.45398804999999, 33.982578149999995]}, "properties": {"kind": "pier"}}, {"type": "Feature", "geometry": {"type": "Point", "coordinates": [-118.453986, 33.98253855]}, "properties": {"kind": "pier"}}, {"type": "Feature", "geometry": {"type": "Point", "coordinates": [-118.4539874, 33.9824996]}, "properties": {"kind": "pier"}}, {"type": "Feature", "geometry": {"type": "Point", "coordinates": [-118.45398665, 33.98246295]}, "properties": {"kind": "pier"}}, {"type": "Feature", "geometry": {"type": "Point", "coordinates": [-118.453987, 33.9824209]}, "properties": {"kind": "pier"}}, {"type": "Feature", "geometry": {"type": "Point", "coordinates": [-118.4539864, 33.98237885]}, "properties": {"kind": "pier"}}, {"type": "Feature", "geometry": {"type": "Point", "coordinates": [-118.45398755, 33.9823382]}, "properties": {"kind": "pier"}}, {"type": "Feature", "geometry": {"type": "Point", "coordinates": [-118.45398675, 33.9822972]}, "properties": {"kind": "pier"}}, {"type": "Feature", "geometry": {"type": "Point", "coordinates": [-118.4539882, 33.982256]}, "properties": {"kind": "pier"}}, {"type": "Feature", "geometry": {"type": "Point", "coordinates": [-118.45398854999999, 33.98221505]}, "properties": {"kind": "pier"}}, {"type": "Feature", "geometry": {"type": "Point", "coordinates": [-118.45398954999999, 33.9821729]}, "properties": {"kind": "pier"}}, {"type": "Feature", "geometry": {"type": "Point", "coordinates": [-118.45358425024293, 33.98269354825625]}, "properties": {"kind": "pier"}}, {"type": "Feature", "geometry": {"type": "Point", "coordinates": [-118.45358425, 33.9826535]}, "properties": {"kind": "pier"}}, {"type": "Feature", "geometry": {"type": "Point", "coordinates": [-118.45358425, 33.9826143]}, "properties": {"kind": "pier"}}, {"type": "Feature", "geometry": {"type": "Point", "coordinates": [-118.45364805, 33.982576449999996]}, "properties": {"kind": "pier"}}, {"type": "Feature", "geometry": {"type": "Point", "coordinates": [-118.45352550000001, 33.9825658]}, "properties": {"kind": "pier"}}, {"type": "Feature", "geometry": {"type": "Point", "coordinates": [-118.45364810000001, 33.9825366]}, "properties": {"kind": "pier"}}, {"type": "Feature", "geometry": {"type": "Point", "coordinates": [-118.4536482, 33.982500200000004]}, "properties": {"kind": "pier"}}, {"type": "Feature", "geometry": {"type": "Point", "coordinates": [-118.45352514999999, 33.9825204]}, "properties": {"kind": "pier"}}, {"type": "Feature", "geometry": {"type": "Point", "coordinates": [-118.45352585, 33.98247985]}, "properties": {"kind": "pier"}}, {"type": "Feature", "geometry": {"type": "Point", "coordinates": [-118.4536481, 33.9824605]}, "properties": {"kind": "pier"}}, {"type": "Feature", "geometry": {"type": "Point", "coordinates": [-118.45352555, 33.982437399999995]}, "properties": {"kind": "pier"}}, {"type": "Feature", "geometry": {"type": "Point", "coordinates": [-118.45364779999998, 33.9824202]}, "properties": {"kind": "pier"}}, {"type": "Feature", "geometry": {"type": "Point", "coordinates": [-118.45364885000001, 33.98237855]}, "properties": {"kind": "pier"}}, {"type": "Feature", "geometry": {"type": "Point", "coordinates": [-118.45364885000001, 33.9823372]}, "properties": {"kind": "pier"}}, {"type": "Feature", "geometry": {"type": "Point", "coordinates": [-118.45352575, 33.9823913]}, "properties": {"kind": "pier"}}, {"type": "Feature", "geometry": {"type": "Point", "coordinates": [-118.45352550000001, 33.98235015]}, "properties": {"kind": "pier"}}, {"type": "Feature", "geometry": {"type": "Point", "coordinates": [-118.45352625, 33.98230635]}, "properties": {"kind": "pier"}}, {"type": "Feature", "geometry": {"type": "Point", "coordinates": [-118.4536489, 33.9822964]}, "properties": {"kind": "pier"}}, {"type": "Feature", "geometry": {"type": "Point", "coordinates": [-118.45364845, 33.98225345]}, "properties": {"kind": "pier"}}, {"type": "Feature", "geometry": {"type": "Point", "coordinates": [-118.4535264, 33.98226195]}, "properties": {"kind": "pier"}}, {"type": "Feature", "geometry": {"type": "Point", "coordinates": [-118.45358440000001, 33.9822139]}, "properties": {"kind": "pier"}}, {"type": "Feature", "geometry": {"type": "Point", "coordinates": [-118.4535819, 33.9821733]}, "properties": {"kind": "pier"}}, {"type": "Feature", "geometry": {"type": "Point", "coordinates": [-118.45313414999727, 33.98269589931076]}, "properties": {"kind": "pier"}}, {"type": "Feature", "geometry": {"type": "Point", "coordinates": [-118.45313185, 33.9826491]}, "properties": {"kind": "pier"}}, {"type": "Feature", "geometry": {"type": "Point", "coordinates": [-118.45313089999999, 33.982606950000005]}, "properties": {"kind": "pier"}}, {"type": "Feature", "geometry": {"type": "Point", "coordinates": [-118.4531322, 33.98256485]}, "properties": {"kind": "pier"}}, {"type": "Feature", "geometry": {"type": "Point", "coordinates": [-118.45313089999999, 33.982524049999995]}, "properties": {"kind": "pier"}}, {"type": "Feature", "geometry": {"type": "Point", "coordinates": [-118.45312955, 33.9824797]}, "properties": {"kind": "pier"}}, {"type": "Feature", "geometry": {"type": "Point", "coordinates": [-118.4531299, 33.9824366]}, "properties": {"kind": "pier"}}, {"type": "Feature", "geometry": {"type": "Point", "coordinates": [-118.45313045, 33.98239315]}, "properties": {"kind": "pier"}}, {"type": "Feature", "geometry": {"type": "Point", "coordinates": [-118.4531324, 33.982348099999996]}, "properties": {"kind": "pier"}}, {"type": "Feature", "geometry": {"type": "Point", "coordinates": [-118.45313105, 33.9823042]}, "properties": {"kind": "pier"}}, {"type": "Feature", "geometry": {"type": "Point", "coordinates": [-118.45313105, 33.9822627]}, "properties": {"kind": "pier"}}, {"type": "Feature", "geometry": {"type": "Point", "coordinates": [-118.45313045, 33.9822197]}, "properties": {"kind": "pier"}}, {"type": "Feature", "geometry": {"type": "Point", "coordinates": [-118.45313145, 33.98217265]}, "properties": {"kind": "pier"}}, {"type": "Feature", "geometry": {"type": "Point", "coordinates": [-118.45303949999997, 33.983716099999995]}, "properties": {"kind": "pier"}}, {"type": "Feature", "geometry": {"type": "Point", "coordinates": [-118.4530345, 33.9836658]}, "properties": {"kind": "pier"}}, {"type": "Feature", "geometry": {"type": "Point", "coordinates": [-118.453099, 33.98361105]}, "properties": {"kind": "pier"}}, {"type": "Feature", "geometry": {"type": "Point", "coordinates": [-118.45296435, 33.98362775]}, "properties": {"kind": "pier"}}, {"type": "Feature", "geometry": {"type": "Point", "coordinates": [-118.45309515000001, 33.98356025]}, "properties": {"kind": "pier"}}, {"type": "Feature", "geometry": {"type": "Point", "coordinates": [-118.45296069999999, 33.98357875]}, "properties": {"kind": "pier"}}, {"type": "Feature", "geometry": {"type": "Point", "coordinates": [-118.4530909, 33.9835095]}, "properties": {"kind": "pier"}}, {"type": "Feature", "geometry": {"type": "Point", "coordinates": [-118.45295655000001, 33.98352955]}, "properties": {"kind": "pier"}}, {"type": "Feature", "geometry": {"type": "Point", "coordinates": [-118.4530876, 33.98345735]}, "properties": {"kind": "pier"}}, {"type": "Feature", "geometry": {"type": "Point", "coordinates": [-118.45295295000001, 33.9834819]}, "properties": {"kind": "pier"}}, {"type": "Feature", "geometry": {"type": "Point", "coordinates": [-118.4530834, 33.983407799999995]}, "properties": {"kind": "pier"}}, {"type": "Feature", "geometry": {"type": "Point", "coordinates": [-118.45295010000001, 33.98343335]}, "properties": {"kind": "pier"}}, {"type": "Feature", "geometry": {"type": "Point", "coordinates": [-118.45307975, 33.98335745]}, "properties": {"kind": "pier"}}, {"type": "Feature", "geometry": {"type": "Point", "coordinates": [-118.45294479999998, 33.983378099999996]}, "properties": {"kind": "pier"}}, {"type": "Feature", "geometry": {"type": "Point", "coordinates": [-118.45307495, 33.98330665]}, "properties": {"kind": "pier"}}, {"type": "Feature", "geometry": {"type": "Point", "coordinates": [-118.45294025, 33.9833248]}, "properties": {"kind": "pier"}}, {"type": "Feature", "geometry": {"type": "Point", "coordinates": [-118.45299944999998, 33.98326245]}, "properties": {"kind": "pier"}}, {"type": "Feature", "geometry": {"type": "Point", "coordinates": [-118.4529948503758, 33.983207055429865]}, "properties": {"kind": "pier"}}, {"type": "Feature", "geometry": {"type": "Point", "coordinates": [-118.45252675, 33.9837469]}, "properties": {"kind": "pier"}}, {"type": "Feature", "geometry": {"type": "Point", "coordinates": [-118.45259795, 33.9836947]}, "properties": {"kind": "pier"}}, {"type": "Feature", "geometry": {"type": "Point", "coordinates": [-118.4524534, 33.9836953]}, "properties": {"kind": "pier"}}, {"type": "Feature", "geometry": {"type": "Point", "coordinates": [-118.45259390000002, 33.9836457]}, "properties": {"kind": "pier"}}, {"type": "Feature", "geometry": {"type": "Point", "coordinates": [-118.45244745, 33.983639499999995]}, "properties": {"kind": "pier"}}, {"type": "Feature", "geometry": {"type": "Point", "coordinates": [-118.45258939999998, 33.9835982]}, "properties": {"kind": "pier"}}, {"type": "Feature", "geometry": {"type": "Point", "coordinates": [-118.45244354999998, 33.9835864]}, "properties": {"kind": "pier"}}, {"type": "Feature", "geometry": {"type": "Point", "coordinates": [-118.45258485, 33.9835509]}, "properties": {"kind": "pier"}}, {"type": "Feature", "geometry": {"type": "Point", "coordinates": [-118.45243769999999, 33.98353195]}, "properties": {"kind": "pier"}}, {"type": "Feature", "geometry": {"type": "Point", "coordinates": [-118.45258100000002, 33.98350125]}, "properties": {"kind": "pier"}}, {"type": "Feature", "geometry": {"type": "Point", "coordinates": [-118.45243315, 33.98347625]}, "properties": {"kind": "pier"}}, {"type": "Feature", "geometry": {"type": "Point", "coordinates": [-118.4525768, 33.9834546]}, "properties": {"kind": "pier"}}, {"type": "Feature", "geometry": {"type": "Point", "coordinates": [-118.45242885, 33.9834214]}, "properties": {"kind": "pier"}}, {"type": "Feature", "geometry": {"type": "Point", "coordinates": [-118.45257060000002, 33.9833981]}, "properties": {"kind": "pier"}}, {"type": "Feature", "geometry": {"type": "Point", "coordinates": [-118.4524232, 33.9833664]}, "properties": {"kind": "pier"}}, {"type": "Feature", "geometry": {"type": "Point", "coordinates": [-118.4525653, 33.98334225]}, "properties": {"kind": "pier"}}, {"type": "Feature", "geometry": {"type": "Point", "coordinates": [-118.45256120000002, 33.9832911]}, "properties": {"kind": "pier"}}, {"type": "Feature", "geometry": {"type": "Point", "coordinates": [-118.45241800000001, 33.983311900000004]}, "properties": {"kind": "pier"}}, {"type": "Feature", "geometry": {"type": "Point", "coordinates": [-118.45248244912501, 33.983237386004554]}, "properties": {"kind": "pier"}}, {"type": "Feature", "geometry": {"type": "Point", "coordinates": [-118.45267170000001, 33.9826934]}, "properties": {"kind": "pier"}}, {"type": "Feature", "geometry": {"type": "Point", "coordinates": [-118.45266975, 33.982650199999995]}, "properties": {"kind": "pier"}}, {"type": "Feature", "geometry": {"type": "Point", "coordinates": [-118.4526706, 33.982605649999996]}, "properties": {"kind": "pier"}}, {"type": "Feature", "geometry": {"type": "Point", "coordinates": [-118.4526712, 33.9825654]}, "properties": {"kind": "pier"}}, {"type": "Feature", "geometry": {"type": "Point", "coordinates": [-118.45267254999999, 33.98252205]}, "properties": {"kind": "pier"}}, {"type": "Feature", "geometry": {"type": "Point", "coordinates": [-118.45267215, 33.98248035]}, "properties": {"kind": "pier"}}, {"type": "Feature", "geometry": {"type": "Point", "coordinates": [-118.4526717, 33.98243685]}, "properties": {"kind": "pier"}}, {"type": "Feature", "geometry": {"type": "Point", "coordinates": [-118.45267245, 33.982391050000004]}, "properties": {"kind": "pier"}}, {"type": "Feature", "geometry": {"type": "Point", "coordinates": [-118.45267115, 33.982347649999994]}, "properties": {"kind": "pier"}}, {"type": "Feature", "geometry": {"type": "Point", "coordinates": [-118.45267319999999, 33.98230595]}, "properties": {"kind": "pier"}}, {"type": "Feature", "geometry": {"type": "Point", "coordinates": [-118.45267444999999, 33.98226335]}, "properties": {"kind": "pier"}}, {"type": "Feature", "geometry": {"type": "Point", "coordinates": [-118.45267444999999, 33.9822172]}, "properties": {"kind": "pier"}}, {"type": "Feature", "geometry": {"type": "Point", "coordinates": [-118.45267390000001, 33.982171300000005]}, "properties": {"kind": "pier"}}, {"type": "Feature", "geometry": {"type": "Point", "coordinates": [-118.45221439997283, 33.982695673548726]}, "properties": {"kind": "pier"}}, {"type": "Feature", "geometry": {"type": "Point", "coordinates": [-118.452215, 33.9826516]}, "properties": {"kind": "pier"}}, {"type": "Feature", "geometry": {"type": "Point", "coordinates": [-118.45221355000001, 33.98260525]}, "properties": {"kind": "pier"}}, {"type": "Feature", "geometry": {"type": "Point", "coordinates": [-118.45221425, 33.982564350000004]}, "properties": {"kind": "pier"}}, {"type": "Feature", "geometry": {"type": "Point", "coordinates": [-118.4522125, 33.982521750000004]}, "properties": {"kind": "pier"}}, {"type": "Feature", "geometry": {"type": "Point", "coordinates": [-118.45221275, 33.98248035]}, "properties": {"kind": "pier"}}, {"type": "Feature", "geometry": {"type": "Point", "coordinates": [-118.4522137, 33.9824356]}, "properties": {"kind": "pier"}}, {"type": "Feature", "geometry": {"type": "Point", "coordinates": [-118.45221205, 33.982390800000005]}, "properties": {"kind": "pier"}}, {"type": "Feature", "geometry": {"type": "Point", "coordinates": [-118.45221294999999, 33.9823487]}, "properties": {"kind": "pier"}}, {"type": "Feature", "geometry": {"type": "Point", "coordinates": [-118.45221335, 33.98230515]}, "properties": {"kind": "pier"}}, {"type": "Feature", "geometry": {"type": "Point", "coordinates": [-118.45221380000001, 33.98226165]}, "properties": {"kind": "pier"}}, {"type": "Feature", "geometry": {"type": "Point", "coordinates": [-118.4522144, 33.982216300000005]}, "properties": {"kind": "pier"}}, {"type": "Feature", "geometry": {"type": "Point", "coordinates": [-118.45221409999999, 33.9821708]}, "properties": {"kind": "pier"}}, {"type": "Feature", "geometry": {"type": "Point", "coordinates": [-118.4519704, 33.98376585]}, "properties": {"kind": "pier"}}, {"type": "Feature", "geometry": {"type": "Point", "coordinates": [-118.45197120000002, 33.9837175]}, "properties": {"kind": "pier"}}, {"type": "Feature", "geometry": {"type": "Point", "coordinates": [-118.45197040000001, 33.98366915]}, "properties": {"kind": "pier"}}, {"type": "Feature", "geometry": {"type": "Point", "coordinates": [-118.45204279999999, 33.9836144]}, "properties": {"kind": "pier"}}, {"type": "Feature", "geometry": {"type": "Point", "coordinates": [-118.45204165000001, 33.98355805]}, "properties": {"kind": "pier"}}, {"type": "Feature", "geometry": {"type": "Point", "coordinates": [-118.45189285000002, 33.983623]}, "properties": {"kind": "pier"}}, {"type": "Feature", "geometry": {"type": "Point", "coordinates": [-118.45189275, 33.9835735]}, "properties": {"kind": "pier"}}, {"type": "Feature", "geometry": {"type": "Point", "coordinates": [-118.45189185000001, 33.983524349999996]}, "properties": {"kind": "pier"}}, {"type": "Feature", "geometry": {"type": "Point", "coordinates": [-118.45203590000001, 33.98346255]}, "properties": {"kind": "pier"}}, {"type": "Feature", "geometry": {"type": "Point", "coordinates": [-118.4520373, 33.98351025]}, "properties": {"kind": "pier"}}, {"type": "Feature", "geometry": {"type": "Point", "coordinates": [-118.45203575000001, 33.983414800000006]}, "properties": {"kind": "pier"}}, {"type": "Feature", "geometry": {"type": "Point", "coordinates": [-118.45189065, 33.98347805]}, "properties": {"kind": "pier"}}, {"type": "Feature", "geometry": {"type": "Point", "coordinates": [-118.45189085, 33.983423900000005]}, "properties": {"kind": "pier"}}, {"type": "Feature", "geometry": {"type": "Point", "coordinates": [-118.45196215, 33.9833662]}, "properties": {"kind": "pier"}}, {"type": "Feature", "geometry": {"type": "Point", "coordinates": [-118.45196005, 33.9833121]}, "properties": {"kind": "pier"}}, {"type": "Feature", "geometry": {"type": "Point", "coordinates": [-118.4519611500001, 33.98325319994889]}, "properties": {"kind": "pier"}}, {"type": "Feature", "geometry": {"type": "Point", "coordinates": [-118.45128101639132, 33.98217575413719]}, "properties": {"kind": "pier"}}, {"type": "Feature", "geometry": {"type": "Point", "coordinates": [-118.4517559, 33.98221855]}, "properties": {"kind": "pier"}}, {"type": "Feature", "geometry": {"type": "Point", "coordinates": [-118.45175615, 33.9822635]}, "properties": {"kind": "pier"}}, {"type": "Feature", "geometry": {"type": "Point", "coordinates": [-118.4517553, 33.9823059]}, "properties": {"kind": "pier"}}, {"type": "Feature", "geometry": {"type": "Point", "coordinates": [-118.45175525, 33.9823485]}, "properties": {"kind": "pier"}}, {"type": "Feature", "geometry": {"type": "Point", "coordinates": [-118.45175515, 33.98239205]}, "properties": {"kind": "pier"}}, {"type": "Feature", "geometry": {"type": "Point", "coordinates": [-118.4517558, 33.98243625]}, "properties": {"kind": "pier"}}, {"type": "Feature", "geometry": {"type": "Point", "coordinates": [-118.45175470000001, 33.982481500000006]}, "properties": {"kind": "pier"}}, {"type": "Feature", "geometry": {"type": "Point", "coordinates": [-118.45175485, 33.9825239]}, "properties": {"kind": "pier"}}, {"type": "Feature", "geometry": {"type": "Point", "coordinates": [-118.45175455, 33.98256515]}, "properties": {"kind": "pier"}}, {"type": "Feature", "geometry": {"type": "Point", "coordinates": [-118.45175425, 33.98260905]}, "properties": {"kind": "pier"}}, {"type": "Feature", "geometry": {"type": "Point", "coordinates": [-118.45175555, 33.982652]}, "properties": {"kind": "pier"}}, {"type": "Feature", "geometry": {"type": "Point", "coordinates": [-118.45175450001774, 33.982697497894485]}, "properties": {"kind": "pier"}}, {"type": "Feature", "geometry": {"type": "Point", "coordinates": [-118.4512964000851, 33.98269757447807]}, "properties": {"kind": "pier"}}, {"type": "Feature", "geometry": {"type": "Point", "coordinates": [-118.451296, 33.98265375]}, "properties": {"kind": "pier"}}, {"type": "Feature", "geometry": {"type": "Point", "coordinates": [-118.45129705, 33.9826099]}, "properties": {"kind": "pier"}}, {"type": "Feature", "geometry": {"type": "Point", "coordinates": [-118.45129815, 33.982563049999996]}, "properties": {"kind": "pier"}}, {"type": "Feature", "geometry": {"type": "Point", "coordinates": [-118.45129825000001, 33.98252415]}, "properties": {"kind": "pier"}}, {"type": "Feature", "geometry": {"type": "Point", "coordinates": [-118.45129879999999, 33.9824796]}, "properties": {"kind": "pier"}}, {"type": "Feature", "geometry": {"type": "Point", "coordinates": [-118.45129675000001, 33.982438650000006]}, "properties": {"kind": "pier"}}, {"type": "Feature", "geometry": {"type": "Point", "coordinates": [-118.45129675, 33.98239385]}, "properties": {"kind": "pier"}}, {"type": "Feature", "geometry": {"type": "Point", "coordinates": [-118.45129625, 33.9823512]}, "properties": {"kind": "pier"}}, {"type": "Feature", "geometry": {"type": "Point", "coordinates": [-118.45129585000001, 33.98230735]}, "properties": {"kind": "pier"}}, {"type": "Feature", "geometry": {"type": "Point", "coordinates": [-118.45129705, 33.982262500000004]}, "properties": {"kind": "pier"}}, {"type": "Feature", "geometry": {"type": "Point", "coordinates": [-118.4512301, 33.98221995]}, "properties": {"kind": "pier"}}, {"type": "Feature", "geometry": {"type": "Point", "coordinates": [-118.45081440003236, 33.98269792100951]}, "properties": {"kind": "pier"}}, {"type": "Feature", "geometry": {"type": "Point", "coordinates": [-118.45089015, 33.98265025]}, "properties": {"kind": "pier"}}, {"type": "Feature", "geometry": {"type": "Point", "coordinates": [-118.4507494, 33.9826452]}, "properties": {"kind": "pier"}}, {"type": "Feature", "geometry": {"type": "Point", "coordinates": [-118.45088985000002, 33.9826014]}, "properties": {"kind": "pier"}}, {"type": "Feature", "geometry": {"type": "Point", "coordinates": [-118.45074819999999, 33.98259255]}, "properties": {"kind": "pier"}}, {"type": "Feature", "geometry": {"type": "Point", "coordinates": [-118.45088865, 33.98255455]}, "properties": {"kind": "pier"}}, {"type": "Feature", "geometry": {"type": "Point", "coordinates": [-118.450747, 33.9825415]}, "properties": {"kind": "pier"}}, {"type": "Feature", "geometry": {"type": "Point", "coordinates": [-118.45088804999999, 33.98250855]}, "properties": {"kind": "pier"}}, {"type": "Feature", "geometry": {"type": "Point", "coordinates": [-118.45074739999998, 33.98249005]}, "properties": {"kind": "pier"}}, {"type": "Feature", "geometry": {"type": "Point", "coordinates": [-118.45088805000002, 33.9824638]}, "properties": {"kind": "pier"}}, {"type": "Feature", "geometry": {"type": "Point", "coordinates": [-118.4507475, 33.98244225]}, "properties": {"kind": "pier"}}, {"type": "Feature", "geometry": {"type": "Point", "coordinates": [-118.45088745000002, 33.9824161]}, "properties": {"kind": "pier"}}, {"type": "Feature", "geometry": {"type": "Point", "coordinates": [-118.45074635000002, 33.982390699999996]}, "properties": {"kind": "pier"}}, {"type": "Feature", "geometry": {"type": "Point", "coordinates": [-118.450886, 33.9823705]}, "properties": {"kind": "pier"}}, {"type": "Feature", "geometry": {"type": "Point", "coordinates": [-118.45074729999999, 33.9823365]}, "properties": {"kind": "pier"}}, {"type": "Feature", "geometry": {"type": "Point", "coordinates": [-118.4508866, 33.98232255]}, "properties": {"kind": "pier"}}, {"type": "Feature", "geometry": {"type": "Point", "coordinates": [-118.45088584999999, 33.982275]}, "properties": {"kind": "pier"}}, {"type": "Feature", "geometry": {"type": "Point", "coordinates": [-118.4507452, 33.98228805]}, "properties": {"kind": "pier"}}, {"type": "Feature", "geometry": {"type": "Point", "coordinates": [-118.4508141, 33.9822301]}, "properties": {"kind": "pier"}}, {"type": "Feature", "geometry": {"type": "Point", "coordinates": [-118.45029089995828, 33.98269629418711]}, "properties": {"kind": "pier"}}, {"type": "Feature", "geometry": {"type": "Point", "coordinates": [-118.45037335, 33.9826446]}, "properties": {"kind": "pier"}}, {"type": "Feature", "geometry": {"type": "Point", "coordinates": [-118.45037364999999, 33.9825922]}, "properties": {"kind": "pier"}}, {"type": "Feature", "geometry": {"type": "Point", "coordinates": [-118.45022095, 33.9826354]}, "properties": {"kind": "pier"}}, {"type": "Feature", "geometry": {"type": "Point", "coordinates": [-118.45022139999999, 33.98257945]}, "properties": {"kind": "pier"}}, {"type": "Feature", "geometry": {"type": "Point", "coordinates": [-118.45037395, 33.9825379]}, "properties": {"kind": "pier"}}, {"type": "Feature", "geometry": {"type": "Point", "coordinates": [-118.450221, 33.98252255]}, "properties": {"kind": "pier"}}, {"type": "Feature", "geometry": {"type": "Point", "coordinates": [-118.45037404999998, 33.9824893]}, "properties": {"kind": "pier"}}, {"type": "Feature", "geometry": {"type": "Point", "coordinates": [-118.45022044999999, 33.98246795]}, "properties": {"kind": "pier"}}, {"type": "Feature", "geometry": {"type": "Point", "coordinates": [-118.45037365, 33.9824364]}, "properties": {"kind": "pier"}}, {"type": "Feature", "geometry": {"type": "Point", "coordinates": [-118.45022139999999, 33.98240869999999]}, "properties": {"kind": "pier"}}, {"type": "Feature", "geometry": {"type": "Point", "coordinates": [-118.45037445, 33.9823887]}, "properties": {"kind": "pier"}}, {"type": "Feature", "geometry": {"type": "Point", "coordinates": [-118.45037355, 33.98233515]}, "properties": {"kind": "pier"}}, {"type": "Feature", "geometry": {"type": "Point", "coordinates": [-118.45022050000001, 33.98235495]}, "properties": {"kind": "pier"}}, {"type": "Feature", "geometry": {"type": "Point", "coordinates": [-118.45022044999997, 33.98229595]}, "properties": {"kind": "pier"}}, {"type": "Feature", "geometry": {"type": "Point", "coordinates": [-118.45037435000002, 33.98228375]}, "properties": {"kind": "pier"}}, {"type": "Feature", "geometry": {"type": "Point", "coordinates": [-118.45037495, 33.982233949999994]}, "properties": {"kind": "pier"}}, {"type": "Feature", "geometry": {"type": "Point", "coordinates": [-118.45022025, 33.9822418]}, "properties": {"kind": "pier"}}, {"type": "Feature", "geometry": {"type": "Point", "coordinates": [-118.45029075, 33.9821798]}, "properties": {"kind": "pier"}}, {"type": "Feature", "geometry": {"type": "Point", "coordinates": [-118.45142349999999, 33.98376405]}, "properties": {"kind": "pier"}}, {"type": "Feature", "geometry": {"type": "Point", "coordinates": [-118.45142509999998, 33.98371685]}, "properties": {"kind": "pier"}}, {"type": "Feature", "geometry": {"type": "Point", "coordinates": [-118.45151605000001, 33.98366915]}, "properties": {"kind": "pier"}}, {"type": "Feature", "geometry": {"type": "Point", "coordinates": [-118.45135470000001, 33.98365885]}, "properties": {"kind": "pier"}}, {"type": "Feature", "geometry": {"type": "Point", "coordinates": [-118.45151594999999, 33.9836216]}, "properties": {"kind": "pier"}}, {"type": "Feature", "geometry": {"type": "Point", "coordinates": [-118.45135355, 33.983601]}, "properties": {"kind": "pier"}}, {"type": "Feature", "geometry": {"type": "Point", "coordinates": [-118.45151480000003, 33.98357235]}, "properties": {"kind": "pier"}}, {"type": "Feature", "geometry": {"type": "Point", "coordinates": [-118.4513532, 33.9835445]}, "properties": {"kind": "pier"}}, {"type": "Feature", "geometry": {"type": "Point", "coordinates": [-118.45151499999999, 33.98352505]}, "properties": {"kind": "pier"}}, {"type": "Feature", "geometry": {"type": "Point", "coordinates": [-118.45135214999998, 33.983486400000004]}, "properties": {"kind": "pier"}}, {"type": "Feature", "geometry": {"type": "Point", "coordinates": [-118.45151339999998, 33.98347725]}, "properties": {"kind": "pier"}}, {"type": "Feature", "geometry": {"type": "Point", "coordinates": [-118.4514241, 33.9834246]}, "properties": {"kind": "pier"}}, {"type": "Feature", "geometry": {"type": "Point", "coordinates": [-118.45142254999999, 33.98336835]}, "properties": {"kind": "pier"}}, {"type": "Feature", "geometry": {"type": "Point", "coordinates": [-118.45142274999999, 33.98331425]}, "properties": {"kind": "pier"}}, {"type": "Feature", "geometry": {"type": "Point", "coordinates": [-118.4514229497508, 33.98325723417704]}, "properties": {"kind": "pier"}}, {"type": "Feature", "geometry": {"type": "Point", "coordinates": [-118.45078000000002, 33.98376475]}, "properties": {"kind": "pier"}}, {"type": "Feature", "geometry": {"type": "Point", "coordinates": [-118.45077979999999, 33.983710650000006]}, "properties": {"kind": "pier"}}, {"type": "Feature", "geometry": {"type": "Point", "coordinates": [-118.45088275, 33.98366]}, "properties": {"kind": "pier"}}, {"type": "Feature", "geometry": {"type": "Point", "coordinates": [-118.45068830000001, 33.983645800000005]}, "properties": {"kind": "pier"}}, {"type": "Feature", "geometry": {"type": "Point", "coordinates": [-118.45088295, 33.983603349999996]}, "properties": {"kind": "pier"}}, {"type": "Feature", "geometry": {"type": "Point", "coordinates": [-118.45068895, 33.98358195]}, "properties": {"kind": "pier"}}, {"type": "Feature", "geometry": {"type": "Point", "coordinates": [-118.45088355, 33.9835465]}, "properties": {"kind": "pier"}}, {"type": "Feature", "geometry": {"type": "Point", "coordinates": [-118.45068885, 33.983517]}, "properties": {"kind": "pier"}}, {"type": "Feature", "geometry": {"type": "Point", "coordinates": [-118.45088284999999, 33.98348745]}, "properties": {"kind": "pier"}}, {"type": "Feature", "geometry": {"type": "Point", "coordinates": [-118.45088369999999, 33.9834285]}, "properties": {"kind": "pier"}}, {"type": "Feature", "geometry": {"type": "Point", "coordinates": [-118.4506885, 33.9834531]}, "properties": {"kind": "pier"}}, {"type": "Feature", "geometry": {"type": "Point", "coordinates": [-118.45088355000001, 33.98337325]}, "properties": {"kind": "pier"}}, {"type": "Feature", "geometry": {"type": "Point", "coordinates": [-118.45069025000002, 33.98338875]}, "properties": {"kind": "pier"}}, {"type": "Feature", "geometry": {"type": "Point", "coordinates": [-118.45077845, 33.9833167]}, "properties": {"kind": "pier"}}, {"type": "Feature", "geometry": {"type": "Point", "coordinates": [-118.45077785002063, 33.98325460309846]}, "properties": {"kind": "pier"}}, {"type": "Feature", "geometry": {"type": "Point", "coordinates": [-118.45005395, 33.983766700000004]}, "properties": {"kind": "pier"}}, {"type": "Feature", "geometry": {"type": "Point", "coordinates": [-118.450136, 33.98370495]}, "properties": {"kind": "pier"}}, {"type": "Feature", "geometry": {"type": "Point", "coordinates": [-118.44995125, 33.983696949999995]}, "properties": {"kind": "pier"}}, {"type": "Feature", "geometry": {"type": "Point", "coordinates": [-118.45005775, 33.983643400000005]}, "properties": {"kind": "pier"}}, {"type": "Feature", "geometry": {"type": "Point", "coordinates": [-118.45005805, 33.98358065]}, "properties": {"kind": "pier"}}, {"type": "Feature", "geometry": {"type": "Point", "coordinates": [-118.45013475, 33.983513349999996]}, "properties": {"kind": "pier"}}, {"type": "Feature", "geometry": {"type": "Point", "coordinates": [-118.45013485, 33.98345075]}, "properties": {"kind": "pier"}}, {"type": "Feature", "geometry": {"type": "Point", "coordinates": [-118.4499521, 33.9835298]}, "properties": {"kind": "pier"}}, {"type": "Feature", "geometry": {"type": "Point", "coordinates": [-118.4499571, 33.98347325]}, "properties": {"kind": "pier"}}, {"type": "Feature", "geometry": {"type": "Point", "coordinates": [-118.45013445000001, 33.9833907]}, "properties": {"kind": "pier"}}, {"type": "Feature", "geometry": {"type": "Point", "coordinates": [-118.4501336, 33.9833248]}, "properties": {"kind": "pier"}}, {"type": "Feature", "geometry": {"type": "Point", "coordinates": [-118.45007174981122, 33.983257822491716]}, "properties": {"kind": "pier"}}, {"type": "Feature", "geometry": {"type": "Point", "coordinates": [-118.4499573, 33.9834177]}, "properties": {"kind": "pier"}}, {"type": "Feature", "geometry": {"type": "Point", "coordinates": [-118.44996555, 33.9833637]}, "properties": {"kind": "pier"}}, {"type": "Feature", "geometry": {"type": "Point", "coordinates": [-118.44996445, 33.983310700000004]}, "properties": {"kind": "pier"}}, {"type": "Feature", "geometry": {"type": "Point", "coordinates": [-118.44954085723428, 33.98320826230831]}, "properties": {"kind": "pier"}}, {"type": "Feature", "geometry": {"type": "Point", "coordinates": [-118.4495263, 33.983264899999995]}, "properties": {"kind": "pier"}}, {"type": "Feature", "geometry": {"type": "Point", "coordinates": [-118.44959115, 33.9833328]}, "properties": {"kind": "pier"}}, {"type": "Feature", "geometry": {"type": "Point", "coordinates": [-118.44944905, 33.9833088]}, "properties": {"kind": "pier"}}, {"type": "Feature", "geometry": {"type": "Point", "coordinates": [-118.44943505, 33.98336525]}, "properties": {"kind": "pier"}}, {"type": "Feature", "geometry": {"type": "Point", "coordinates": [-118.44958474999999, 33.98338975]}, "properties": {"kind": "pier"}}, {"type": "Feature", "geometry": {"type": "Point", "coordinates": [-118.44957005, 33.9834436]}, "properties": {"kind": "pier"}}, {"type": "Feature", "geometry": {"type": "Point", "coordinates": [-118.44941940000001, 33.98342075]}, "properties": {"kind": "pier"}}, {"type": "Feature", "geometry": {"type": "Point", "coordinates": [-118.44955569999998, 33.98349715]}, "properties": {"kind": "pier"}}, {"type": "Feature", "geometry": {"type": "Point", "coordinates": [-118.449405, 33.98347375]}, "properties": {"kind": "pier"}}, {"type": "Feature", "geometry": {"type": "Point", "coordinates": [-118.44954634999999, 33.983550449999996]}, "properties": {"kind": "pier"}}, {"type": "Feature", "geometry": {"type": "Point", "coordinates": [-118.44939040000001, 33.98352885]}, "properties": {"kind": "pier"}}, {"type": "Feature", "geometry": {"type": "Point", "coordinates": [-118.4495371, 33.98361535]}, "properties": {"kind": "pier"}}, {"type": "Feature", "geometry": {"type": "Point", "coordinates": [-118.44937635, 33.98358305]}, "properties": {"kind": "pier"}}, {"type": "Feature", "geometry": {"type": "Point", "coordinates": [-118.44944555000001, 33.98365715]}, "properties": {"kind": "pier"}}, {"type": "Feature", "geometry": {"type": "Point", "coordinates": [-118.44942940000001, 33.9837113]}, "properties": {"kind": "pier"}}, {"type": "Feature", "geometry": {"type": "Point", "coordinates": [-118.44906179999998, 33.9831157]}, "properties": {"kind": "pier"}}, {"type": "Feature", "geometry": {"type": "Point", "coordinates": [-118.44904795, 33.983177850000004]}, "properties": {"kind": "pier"}}, {"type": "Feature", "geometry": {"type": "Point", "coordinates": [-118.44903435, 33.98323285]}, "properties": {"kind": "pier"}}, {"type": "Feature", "geometry": {"type": "Point", "coordinates": [-118.4490196, 33.98328545]}, "properties": {"kind": "pier"}}, {"type": "Feature", "geometry": {"type": "Point", "coordinates": [-118.44900394999998, 33.9833428]}, "properties": {"kind": "pier"}}, {"type": "Feature", "geometry": {"type": "Point", "coordinates": [-118.44898945, 33.9833969]}, "properties": {"kind": "pier"}}, {"type": "Feature", "geometry": {"type": "Point", "coordinates": [-118.44897559999998, 33.98344485]}, "properties": {"kind": "pier"}}, {"type": "Feature", "geometry": {"type": "Point", "coordinates": [-118.44896094999999, 33.983502]}, "properties": {"kind": "pier"}}, {"type": "Feature", "geometry": {"type": "Point", "coordinates": [-118.448945, 33.983559799999995]}, "properties": {"kind": "pier"}}, {"type": "Feature", "geometry": {"type": "Point", "coordinates": [-118.44888445, 33.98360945]}, "properties": {"kind": "pier"}}, {"type": "Feature", "geometry": {"type": "Point", "coordinates": [-118.44855383469974, 33.98353273681283]}, "properties": {"kind": "pier"}}, {"type": "Feature", "geometry": {"type": "Point", "coordinates": [-118.44865060575421, 33.983536126994665]}, "properties": {"kind": "pier"}}, {"type": "Feature", "geometry": {"type": "Point", "coordinates": [-118.44863959999999, 33.98350035]}, "properties": {"kind": "pier"}}, {"type": "Feature", "geometry": {"type": "Point", "coordinates": [-118.44827284999998, 33.9829682]}, "properties": {"kind": "pier"}}, {"type": "Feature", "geometry": {"type": "Point", "coordinates": [-118.4482731, 33.9830252]}, "properties": {"kind": "pier"}}, {"type": "Feature", "geometry": {"type": "Point", "coordinates": [-118.44827249999999, 33.98308175]}, "properties": {"kind": "pier"}}, {"type": "Feature", "geometry": {"type": "Point", "coordinates": [-118.44827299999999, 33.9831406]}, "properties": {"kind": "pier"}}, {"type": "Feature", "geometry": {"type": "Point", "coordinates": [-118.44827120000001, 33.9831988]}, "properties": {"kind": "pier"}}, {"type": "Feature", "geometry": {"type": "Point", "coordinates": [-118.448272, 33.98325885]}, "properties": {"kind": "pier"}}, {"type": "Feature", "geometry": {"type": "Point", "coordinates": [-118.44827194999999, 33.98331655]}, "properties": {"kind": "pier"}}, {"type": "Feature", "geometry": {"type": "Point", "coordinates": [-118.44827114999998, 33.9833734]}, "properties": {"kind": "pier"}}, {"type": "Feature", "geometry": {"type": "Point", "coordinates": [-118.44827095, 33.983432300000004]}, "properties": {"kind": "pier"}}, {"type": "Feature", "geometry": {"type": "Point", "coordinates": [-118.44748865437145, 33.98159835021981]}, "properties": {"kind": "pier"}}, {"type": "Feature", "geometry": {"type": "Point", "coordinates": [-118.44791445389606, 33.982261376842544]}, "properties": {"kind": "pier"}}, {"type": "Feature", "geometry": {"type": "Point", "coordinates": [-118.44812010006157, 33.98269602839464]}, "properties": {"kind": "pier"}}, {"type": "Feature", "geometry": {"type": "Point", "coordinates": [-118.44820035, 33.9826176]}, "properties": {"kind": "pier"}}, {"type": "Feature", "geometry": {"type": "Point", "coordinates": [-118.44819014999999, 33.98254255]}, "properties": {"kind": "pier"}}, {"type": "Feature", "geometry": {"type": "Point", "coordinates": [-118.44809035, 33.98247775]}, "properties": {"kind": "pier"}}, {"type": "Feature", "geometry": {"type": "Point", "coordinates": [-118.44797915, 33.9826341]}, "properties": {"kind": "pier"}}, {"type": "Feature", "geometry": {"type": "Point", "coordinates": [-118.4479776, 33.98252925]}, "properties": {"kind": "pier"}}, {"type": "Feature", "geometry": {"type": "Point", "coordinates": [-118.4479784, 33.98258345]}, "properties": {"kind": "pier"}}, {"type": "Feature", "geometry": {"type": "Point", "coordinates": [-118.44807935, 33.9824177]}, "properties": {"kind": "pier"}}, {"type": "Feature", "geometry": {"type": "Point", "coordinates": [-118.44806345, 33.982358649999995]}, "properties": {"kind": "pier"}}, {"type": "Feature", "geometry": {"type": "Point", "coordinates": [-118.44804684999998, 33.982307250000005]}, "properties": {"kind": "pier"}}, {"type": "Feature", "geometry": {"type": "Point", "coordinates": [-118.448106, 33.98226145]}, "properties": {"kind": "pier"}}, {"type": "Feature", "geometry": {"type": "Point", "coordinates": [-118.4480154, 33.9821843]}, "properties": {"kind": "pier"}}, {"type": "Feature", "geometry": {"type": "Point", "coordinates": [-118.44799959999999, 33.982124]}, "properties": {"kind": "pier"}}, {"type": "Feature", "geometry": {"type": "Point", "coordinates": [-118.4479815, 33.9820635]}, "properties": {"kind": "pier"}}, {"type": "Feature", "geometry": {"type": "Point", "coordinates": [-118.4474317, 33.98258895]}, "properties": {"kind": "pier"}}, {"type": "Feature", "geometry": {"type": "Point", "coordinates": [-118.44757960000001, 33.982561149999995]}, "properties": {"kind": "pier"}}, {"type": "Feature", "geometry": {"type": "Point", "coordinates": [-118.44757955, 33.982504649999996]}, "properties": {"kind": "pier"}}, {"type": "Feature", "geometry": {"type": "Point", "coordinates": [-118.44743115000001, 33.982537199999996]}, "properties": {"kind": "pier"}}, {"type": "Feature", "geometry": {"type": "Point", "coordinates": [-118.44743165000001, 33.9824866]}, "properties": {"kind": "pier"}}, {"type": "Feature", "geometry": {"type": "Point", "coordinates": [-118.44758014999998, 33.98245035]}, "properties": {"kind": "pier"}}, {"type": "Feature", "geometry": {"type": "Point", "coordinates": [-118.4474313, 33.9824328]}, "properties": {"kind": "pier"}}, {"type": "Feature", "geometry": {"type": "Point", "coordinates": [-118.44758060000001, 33.98239745]}, "properties": {"kind": "pier"}}, {"type": "Feature", "geometry": {"type": "Point", "coordinates": [-118.44743005, 33.98238115]}, "properties": {"kind": "pier"}}, {"type": "Feature", "geometry": {"type": "Point", "coordinates": [-118.44758045, 33.98234155]}, "properties": {"kind": "pier"}}, {"type": "Feature", "geometry": {"type": "Point", "coordinates": [-118.44743119999998, 33.982330700000006]}, "properties": {"kind": "pier"}}, {"type": "Feature", "geometry": {"type": "Point", "coordinates": [-118.447581, 33.98228635]}, "properties": {"kind": "pier"}}, {"type": "Feature", "geometry": {"type": "Point", "coordinates": [-118.4474314, 33.98227655]}, "properties": {"kind": "pier"}}, {"type": "Feature", "geometry": {"type": "Point", "coordinates": [-118.44757945, 33.98223295]}, "properties": {"kind": "pier"}}, {"type": "Feature", "geometry": {"type": "Point", "coordinates": [-118.44743020000001, 33.982224]}, "properties": {"kind": "pier"}}, {"type": "Feature", "geometry": {"type": "Point", "coordinates": [-118.4475052, 33.982176949999996]}, "properties": {"kind": "pier"}}, {"type": "Feature", "geometry": {"type": "Point", "coordinates": [-118.44750655000001, 33.98212265]}, "properties": {"kind": "pier"}}, {"type": "Feature", "geometry": {"type": "Point", "coordinates": [-118.44772195000002, 33.98197445]}, "properties": {"kind": "pier"}}, {"type": "Feature", "geometry": {"type": "Point", "coordinates": [-118.44744785, 33.982004200000006]}, "properties": {"kind": "pier"}}, {"type": "Feature", "geometry": {"type": "Point", "coordinates": [-118.44768250000001, 33.981898]}, "properties": {"kind": "pier"}}, {"type": "Feature", "geometry": {"type": "Point", "coordinates": [-118.44768214999999, 33.981819099999996]}, "properties": {"kind": "pier"}}, {"type": "Feature", "geometry": {"type": "Point", "coordinates": [-118.4476824, 33.9817438]}, "properties": {"kind": "pier"}}, {"type": "Feature", "geometry": {"type": "Point", "coordinates": [-118.44758064999999, 33.9816712]}, "properties": {"kind": "pier"}}, {"type": "Feature", "geometry": {"type": "Point", "coordinates": [-118.44765315000001, 33.981603500000006]}, "properties": {"kind": "pier"}}, {"type": "Feature", "geometry": {"type": "Point", "coordinates": [-118.4473731, 33.98160575]}, "properties": {"kind": "pier"}}, {"type": "Feature", "geometry": {"type": "Point", "coordinates": [-118.44744575, 33.981949549999996]}, "properties": {"kind": "pier"}}, {"type": "Feature", "geometry": {"type": "Point", "coordinates": [-118.44744704999998, 33.9818894]}, "properties": {"kind": "pier"}}, {"type": "Feature", "geometry": {"type": "Point", "coordinates": [-118.44744745, 33.98183675]}, "properties": {"kind": "pier"}}, {"type": "Feature", "geometry": {"type": "Point", "coordinates": [-118.4474468, 33.98177675]}, "properties": {"kind": "pier"}}, {"type": "Feature", "geometry": {"type": "Point", "coordinates": [-118.44744654999998, 33.98172175]}, "properties": {"kind": "pier"}}, {"type": "Feature", "geometry": {"type": "Point", "coordinates": [-118.4475762, 33.98153345]}, "properties": {"kind": "pier"}}, {"type": "Feature", "geometry": {"type": "Point", "coordinates": [-118.44757515, 33.9814667]}, "properties": {"kind": "pier"}}, {"type": "Feature", "geometry": {"type": "Point", "coordinates": [-118.44737365000002, 33.9815555]}, "properties": {"kind": "pier"}}, {"type": "Feature", "geometry": {"type": "Point", "coordinates": [-118.4473715, 33.981505]}, "properties": {"kind": "pier"}}, {"type": "Feature", "geometry": {"type": "Point", "coordinates": [-118.44737185, 33.981445300000004]}, "properties": {"kind": "pier"}}, {"type": "Feature", "geometry": {"type": "Point", "coordinates": [-118.44754909999999, 33.98140535]}, "properties": {"kind": "pier"}}, {"type": "Feature", "geometry": {"type": "Point", "coordinates": [-118.44737175, 33.9813905]}, "properties": {"kind": "pier"}}, {"type": "Feature", "geometry": {"type": "Point", "coordinates": [-118.4475359, 33.98135125]}, "properties": {"kind": "pier"}}, {"type": "Feature", "geometry": {"type": "Point", "coordinates": [-118.44752030000001, 33.9812984]}, "properties": {"kind": "pier"}}, {"type": "Feature", "geometry": {"type": "Point", "coordinates": [-118.44737305, 33.981332550000005]}, "properties": {"kind": "pier"}}, {"type": "Feature", "geometry": {"type": "Point", "coordinates": [-118.44737085, 33.981274850000005]}, "properties": {"kind": "pier"}}, {"type": "Feature", "geometry": {"type": "Point", "coordinates": [-118.44751165, 33.9812476]}, "properties": {"kind": "pier"}}, {"type": "Feature", "geometry": {"type": "Point", "coordinates": [-118.44748634999999, 33.9811959]}, "properties": {"kind": "pier"}}, {"type": "Feature", "geometry": {"type": "Point", "coordinates": [-118.447462, 33.98116265]}, "properties": {"kind": "pier"}}, {"type": "Feature", "geometry": {"type": "Point", "coordinates": [-118.44738646159318, 33.98114397298578]}, "properties": {"kind": "pier"}}, {"type": "Feature", "geometry": {"type": "Point", "coordinates": [-118.4478010970026, 33.98286892386613]}, "properties": {"kind": "pier"}}, {"type": "Feature", "geometry": {"type": "Point", "coordinates": [-118.44772, 33.9829161]}, "properties": {"kind": "pier"}}, {"type": "Feature", "geometry": {"type": "Point", "coordinates": [-118.44786049999999, 33.98294765]}, "properties": {"kind": "pier"}}, {"type": "Feature", "geometry": {"type": "Point", "coordinates": [-118.44771854999999, 33.9829564]}, "properties": {"kind": "pier"}}, {"type": "Feature", "geometry": {"type": "Point", "coordinates": [-118.44780025, 33.9830044]}, "properties": {"kind": "pier"}}, {"type": "Feature", "geometry": {"type": "Point", "coordinates": [-118.4478595, 33.98306735]}, "properties": {"kind": "pier"}}, {"type": "Feature", "geometry": {"type": "Point", "coordinates": [-118.44771765, 33.98304945]}, "properties": {"kind": "pier"}}, {"type": "Feature", "geometry": {"type": "Point", "coordinates": [-118.44785859999999, 33.98312715]}, "properties": {"kind": "pier"}}, {"type": "Feature", "geometry": {"type": "Point", "coordinates": [-118.4477166, 33.98314085]}, "properties": {"kind": "pier"}}, {"type": "Feature", "geometry": {"type": "Point", "coordinates": [-118.44771725000001, 33.983097]}, "properties": {"kind": "pier"}}, {"type": "Feature", "geometry": {"type": "Point", "coordinates": [-118.44779675, 33.983184]}, "properties": {"kind": "pier"}}, {"type": "Feature", "geometry": {"type": "Point", "coordinates": [-118.44771595, 33.983222399999995]}, "properties": {"kind": "pier"}}, {"type": "Feature", "geometry": {"type": "Point", "coordinates": [-118.4478569, 33.98324695]}, "properties": {"kind": "pier"}}, {"type": "Feature", "geometry": {"type": "Point", "coordinates": [-118.44771560000001, 33.983266549999996]}, "properties": {"kind": "pier"}}, {"type": "Feature", "geometry": {"type": "Point", "coordinates": [-118.4478014, 33.9833066]}, "properties": {"kind": "pier"}}, {"type": "Feature", "geometry": {"type": "Point", "coordinates": [-118.4478558, 33.9833669]}, "properties": {"kind": "pier"}}, {"type": "Feature", "geometry": {"type": "Point", "coordinates": [-118.44771460000001, 33.983352249999996]}, "properties": {"kind": "pier"}}, {"type": "Feature", "geometry": {"type": "Point", "coordinates": [-118.44735650049464, 33.98279169562616]}, "properties": {"kind": "pier"}}, {"type": "Feature", "geometry": {"type": "Point", "coordinates": [-118.44729725, 33.9828374]}, "properties": {"kind": "pier"}}, {"type": "Feature", "geometry": {"type": "Point", "coordinates": [-118.4472979, 33.98287795]}, "properties": {"kind": "pier"}}, {"type": "Feature", "geometry": {"type": "Point", "coordinates": [-118.44740619999999, 33.98285715]}, "properties": {"kind": "pier"}}, {"type": "Feature", "geometry": {"type": "Point", "coordinates": [-118.44740655000001, 33.982905650000006]}, "properties": {"kind": "pier"}}, {"type": "Feature", "geometry": {"type": "Point", "coordinates": [-118.44729805000001, 33.9829205]}, "properties": {"kind": "pier"}}, {"type": "Feature", "geometry": {"type": "Point", "coordinates": [-118.44740680000001, 33.982951299999996]}, "properties": {"kind": "pier"}}, {"type": "Feature", "geometry": {"type": "Point", "coordinates": [-118.4472988, 33.9829633]}, "properties": {"kind": "pier"}}, {"type": "Feature", "geometry": {"type": "Point", "coordinates": [-118.44740734999999, 33.9829933]}, "properties": {"kind": "pier"}}, {"type": "Feature", "geometry": {"type": "Point", "coordinates": [-118.4474079, 33.9830344]}, "properties": {"kind": "pier"}}, {"type": "Feature", "geometry": {"type": "Point", "coordinates": [-118.4472992, 33.983007549999996]}, "properties": {"kind": "pier"}}, {"type": "Feature", "geometry": {"type": "Point", "coordinates": [-118.44729964999999, 33.98305085]}, "properties": {"kind": "pier"}}, {"type": "Feature", "geometry": {"type": "Point", "coordinates": [-118.44740855000002, 33.98307655]}, "properties": {"kind": "pier"}}, {"type": "Feature", "geometry": {"type": "Point", "coordinates": [-118.44729945, 33.98309225]}, "properties": {"kind": "pier"}}, {"type": "Feature", "geometry": {"type": "Point", "coordinates": [-118.4474087, 33.983119349999996]}, "properties": {"kind": "pier"}}, {"type": "Feature", "geometry": {"type": "Point", "coordinates": [-118.44730045, 33.983135000000004]}, "properties": {"kind": "pier"}}, {"type": "Feature", "geometry": {"type": "Point", "coordinates": [-118.4474091, 33.983160850000004]}, "properties": {"kind": "pier"}}, {"type": "Feature", "geometry": {"type": "Point", "coordinates": [-118.44740965, 33.98320390000001]}, "properties": {"kind": "pier"}}, {"type": "Feature", "geometry": {"type": "Point", "coordinates": [-118.44730065, 33.9831784]}, "properties": {"kind": "pier"}}, {"type": "Feature", "geometry": {"type": "Point", "coordinates": [-118.44730079999998, 33.98322255]}, "properties": {"kind": "pier"}}, {"type": "Feature", "geometry": {"type": "Point", "coordinates": [-118.44740955, 33.98324785]}, "properties": {"kind": "pier"}}, {"type": "Feature", "geometry": {"type": "Point", "coordinates": [-118.44730175000001, 33.9832665]}, "properties": {"kind": "pier"}}, {"type": "Feature", "geometry": {"type": "Point", "coordinates": [-118.44741, 33.98328815]}, "properties": {"kind": "pier"}}, {"type": "Feature", "geometry": {"type": "Point", "coordinates": [-118.44969045009029, 33.982697784520276]}, "properties": {"kind": "pier"}}, {"type": "Feature", "geometry": {"type": "Point", "coordinates": [-118.449823, 33.982655199999996]}, "properties": {"kind": "pier"}}, {"type": "Feature", "geometry": {"type": "Point", "coordinates": [-118.44982275, 33.98261185]}, "properties": {"kind": "pier"}}, {"type": "Feature", "geometry": {"type": "Point", "coordinates": [-118.44963289999998, 33.98262405]}, "properties": {"kind": "pier"}}, {"type": "Feature", "geometry": {"type": "Point", "coordinates": [-118.4498229, 33.982571300000004]}, "properties": {"kind": "pier"}}, {"type": "Feature", "geometry": {"type": "Point", "coordinates": [-118.44963209999999, 33.9825487]}, "properties": {"kind": "pier"}}, {"type": "Feature", "geometry": {"type": "Point", "coordinates": [-118.44963235, 33.9824742]}, "properties": {"kind": "pier"}}, {"type": "Feature", "geometry": {"type": "Point", "coordinates": [-118.44982390000001, 33.982527950000005]}, "properties": {"kind": "pier"}}, {"type": "Feature", "geometry": {"type": "Point", "coordinates": [-118.44982365, 33.98248375]}, "properties": {"kind": "pier"}}, {"type": "Feature", "geometry": {"type": "Point", "coordinates": [-118.44982365, 33.982443700000005]}, "properties": {"kind": "pier"}}, {"type": "Feature", "geometry": {"type": "Point", "coordinates": [-118.44982295, 33.9824046]}, "properties": {"kind": "pier"}}, {"type": "Feature", "geometry": {"type": "Point", "coordinates": [-118.449611, 33.982390800000005]}, "properties": {"kind": "pier"}}, {"type": "Feature", "geometry": {"type": "Point", "coordinates": [-118.44980170000001, 33.9823556]}, "properties": {"kind": "pier"}}, {"type": "Feature", "geometry": {"type": "Point", "coordinates": [-118.44960995, 33.98233215]}, "properties": {"kind": "pier"}}, {"type": "Feature", "geometry": {"type": "Point", "coordinates": [-118.44980015, 33.9822991]}, "properties": {"kind": "pier"}}, {"type": "Feature", "geometry": {"type": "Point", "coordinates": [-118.44960825000001, 33.982268149999996]}, "properties": {"kind": "pier"}}, {"type": "Feature", "geometry": {"type": "Point", "coordinates": [-118.4498022, 33.982243100000005]}, "properties": {"kind": "pier"}}, {"type": "Feature", "geometry": {"type": "Point", "coordinates": [-118.44979091579567, 33.9821962998979]}, "properties": {"kind": "pier"}}, {"type": "Feature", "geometry": {"type": "Point", "coordinates": [-118.4495989, 33.982199]}, "properties": {"kind": "pier"}}, {"type": "Feature", "geometry": {"type": "Point", "coordinates": [-118.44959745, 33.9821434]}, "properties": {"kind": "pier"}}, {"type": "Feature", "geometry": {"type": "Point", "coordinates": [-118.44959750000001, 33.98208235]}, "properties": {"kind": "pier"}}, {"type": "Feature", "geometry": {"type": "Point", "coordinates": [-118.44959755, 33.9820232]}, "properties": {"kind": "pier"}}, {"type": "Feature", "geometry": {"type": "Point", "coordinates": [-118.44959689999999, 33.98196125]}, "properties": {"kind": "pier"}}, {"type": "Feature", "geometry": {"type": "Point", "coordinates": [-118.449597, 33.9819013]}, "properties": {"kind": "pier"}}, {"type": "Feature", "geometry": {"type": "Point", "coordinates": [-118.44959785, 33.98184465]}, "properties": {"kind": "pier"}}, {"type": "Feature", "geometry": {"type": "Point", "coordinates": [-118.4495979, 33.98178675]}, "properties": {"kind": "pier"}}, {"type": "Feature", "geometry": {"type": "Point", "coordinates": [-118.44698405, 33.9827701]}, "properties": {"kind": "pier"}}, {"type": "Feature", "geometry": {"type": "Point", "coordinates": [-118.44698489999999, 33.9828135]}, "properties": {"kind": "pier"}}, {"type": "Feature", "geometry": {"type": "Point", "coordinates": [-118.44705565, 33.98285355]}, "properties": {"kind": "pier"}}, {"type": "Feature", "geometry": {"type": "Point", "coordinates": [-118.44693405000002, 33.98286675]}, "properties": {"kind": "pier"}}, {"type": "Feature", "geometry": {"type": "Point", "coordinates": [-118.4470551, 33.98289145]}, "properties": {"kind": "pier"}}, {"type": "Feature", "geometry": {"type": "Point", "coordinates": [-118.44705545000001, 33.9829308]}, "properties": {"kind": "pier"}}, {"type": "Feature", "geometry": {"type": "Point", "coordinates": [-118.4469338, 33.98291565]}, "properties": {"kind": "pier"}}, {"type": "Feature", "geometry": {"type": "Point", "coordinates": [-118.44698464999999, 33.98296575]}, "properties": {"kind": "pier"}}, {"type": "Feature", "geometry": {"type": "Point", "coordinates": [-118.4470547, 33.98300315]}, "properties": {"kind": "pier"}}, {"type": "Feature", "geometry": {"type": "Point", "coordinates": [-118.44705504999999, 33.98303905]}, "properties": {"kind": "pier"}}, {"type": "Feature", "geometry": {"type": "Point", "coordinates": [-118.4469341, 33.9830139]}, "properties": {"kind": "pier"}}, {"type": "Feature", "geometry": {"type": "Point", "coordinates": [-118.44693240000001, 33.9830605]}, "properties": {"kind": "pier"}}, {"type": "Feature", "geometry": {"type": "Point", "coordinates": [-118.4470553, 33.98307575]}, "properties": {"kind": "pier"}}, {"type": "Feature", "geometry": {"type": "Point", "coordinates": [-118.44698475, 33.98311065]}, "properties": {"kind": "pier"}}, {"type": "Feature", "geometry": {"type": "Point", "coordinates": [-118.44705395, 33.9831475]}, "properties": {"kind": "pier"}}, {"type": "Feature", "geometry": {"type": "Point", "coordinates": [-118.4469325, 33.98315975]}, "properties": {"kind": "pier"}}, {"type": "Feature", "geometry": {"type": "Point", "coordinates": [-118.447055, 33.98318395]}, "properties": {"kind": "pier"}}, {"type": "Feature", "geometry": {"type": "Point", "coordinates": [-118.44693205, 33.983204900000004]}, "properties": {"kind": "pier"}}, {"type": "Feature", "geometry": {"type": "Point", "coordinates": [-118.44705525, 33.98322255]}, "properties": {"kind": "pier"}}, {"type": "Feature", "geometry": {"type": "Point", "coordinates": [-118.4470535326147, 33.98325767820425]}, "properties": {"kind": "pier"}}, {"type": "Feature", "geometry": {"type": "Point", "coordinates": [-118.4470316, 33.9825511]}, "properties": {"kind": "pier"}}, {"type": "Feature", "geometry": {"type": "Point", "coordinates": [-118.4468871, 33.98252875]}, "properties": {"kind": "pier"}}, {"type": "Feature", "geometry": {"type": "Point", "coordinates": [-118.4469668, 33.98249125]}, "properties": {"kind": "pier"}}, {"type": "Feature", "geometry": {"type": "Point", "coordinates": [-118.4469661, 33.98244325]}, "properties": {"kind": "pier"}}, {"type": "Feature", "geometry": {"type": "Point", "coordinates": [-118.44703154999999, 33.982381399999994]}, "properties": {"kind": "pier"}}, {"type": "Feature", "geometry": {"type": "Point", "coordinates": [-118.4468862, 33.9824031]}, "properties": {"kind": "pier"}}, {"type": "Feature", "geometry": {"type": "Point", "coordinates": [-118.44688645, 33.9823621]}, "properties": {"kind": "pier"}}, {"type": "Feature", "geometry": {"type": "Point", "coordinates": [-118.44703090000002, 33.982328249999995]}, "properties": {"kind": "pier"}}, {"type": "Feature", "geometry": {"type": "Point", "coordinates": [-118.44688515, 33.982315799999995]}, "properties": {"kind": "pier"}}, {"type": "Feature", "geometry": {"type": "Point", "coordinates": [-118.44696624999999, 33.982271850000004]}, "properties": {"kind": "pier"}}, {"type": "Feature", "geometry": {"type": "Point", "coordinates": [-118.44703024999998, 33.982218149999994]}, "properties": {"kind": "pier"}}, {"type": "Feature", "geometry": {"type": "Point", "coordinates": [-118.44688465, 33.982236]}, "properties": {"kind": "pier"}}, {"type": "Feature", "geometry": {"type": "Point", "coordinates": [-118.4468846, 33.9821929]}, "properties": {"kind": "pier"}}, {"type": "Feature", "geometry": {"type": "Point", "coordinates": [-118.44702960000001, 33.982163]}, "properties": {"kind": "pier"}}, {"type": "Feature", "geometry": {"type": "Point", "coordinates": [-118.44696725, 33.98211045]}, "properties": {"kind": "pier"}}, {"type": "Feature", "geometry": {"type": "Point", "coordinates": [-118.4468837, 33.9821511]}, "properties": {"kind": "pier"}}, {"type": "Feature", "geometry": {"type": "Point", "coordinates": [-118.44692985, 33.982000400000004]}, "properties": {"kind": "pier"}}, {"type": "Feature", "geometry": {"type": "Point", "coordinates": [-118.4468562, 33.9819572]}, "properties": {"kind": "pier"}}, {"type": "Feature", "geometry": {"type": "Point", "coordinates": [-118.44699535000001, 33.981938299999996]}, "properties": {"kind": "pier"}}, {"type": "Feature", "geometry": {"type": "Point", "coordinates": [-118.44685655, 33.9819107]}, "properties": {"kind": "pier"}}, {"type": "Feature", "geometry": {"type": "Point", "coordinates": [-118.44699495, 33.981884]}, "properties": {"kind": "pier"}}, {"type": "Feature", "geometry": {"type": "Point", "coordinates": [-118.44685580000001, 33.9818626]}, "properties": {"kind": "pier"}}, {"type": "Feature", "geometry": {"type": "Point", "coordinates": [-118.4469945, 33.98182845]}, "properties": {"kind": "pier"}}, {"type": "Feature", "geometry": {"type": "Point", "coordinates": [-118.44685505000001, 33.9818186]}, "properties": {"kind": "pier"}}, {"type": "Feature", "geometry": {"type": "Point", "coordinates": [-118.44693025000002, 33.98177865]}, "properties": {"kind": "pier"}}, {"type": "Feature", "geometry": {"type": "Point", "coordinates": [-118.4468558, 33.98173265]}, "properties": {"kind": "pier"}}, {"type": "Feature", "geometry": {"type": "Point", "coordinates": [-118.44699385, 33.9817202]}, "properties": {"kind": "pier"}}, {"type": "Feature", "geometry": {"type": "Point", "coordinates": [-118.44685525, 33.98168905]}, "properties": {"kind": "pier"}}, {"type": "Feature", "geometry": {"type": "Point", "coordinates": [-118.4469936, 33.981663049999995]}, "properties": {"kind": "pier"}}, {"type": "Feature", "geometry": {"type": "Point", "coordinates": [-118.44685525, 33.98164355]}, "properties": {"kind": "pier"}}, {"type": "Feature", "geometry": {"type": "Point", "coordinates": [-118.44699320000002, 33.9816134]}, "properties": {"kind": "pier"}}, {"type": "Feature", "geometry": {"type": "Point", "coordinates": [-118.44685430000001, 33.98159915]}, "properties": {"kind": "pier"}}, {"type": "Feature", "geometry": {"type": "Point", "coordinates": [-118.44693145, 33.981558750000005]}, "properties": {"kind": "pier"}}, {"type": "Feature", "geometry": {"type": "Point", "coordinates": [-118.44692985, 33.9815085]}, "properties": {"kind": "pier"}}, {"type": "Feature", "geometry": {"type": "Point", "coordinates": [-118.44699075, 33.981456050000006]}, "properties": {"kind": "pier"}}, {"type": "Feature", "geometry": {"type": "Point", "coordinates": [-118.4469917, 33.98140465]}, "properties": {"kind": "pier"}}, {"type": "Feature", "geometry": {"type": "Point", "coordinates": [-118.44692851509215, 33.981366029835186]}, "properties": {"kind": "pier"}}, {"type": "Feature", "geometry": {"type": "Point", "coordinates": [-118.44896206511629, 33.98221696511628]}, "properties": {"kind": "pier"}}, {"type": "Feature", "geometry": {"type": "Point", "coordinates": [-118.4490875, 33.982310850000005]}, "properties": {"kind": "pier"}}, {"type": "Feature", "geometry": {"type": "Point", "coordinates": [-118.44899265, 33.982299499999996]}, "properties": {"kind": "pier"}}, {"type": "Feature", "geometry": {"type": "Point", "coordinates": [-118.44890625, 33.9822748]}, "properties": {"kind": "pier"}}, {"type": "Feature", "geometry": {"type": "Point", "coordinates": [-118.44899905, 33.982141]}, "properties": {"kind": "pier"}}, {"type": "Feature", "geometry": {"type": "Point", "coordinates": [-118.44899935000001, 33.982084549999996]}, "properties": {"kind": "pier"}}, {"type": "Feature", "geometry": {"type": "Point", "coordinates": [-118.44899939999999, 33.98203015]}, "properties": {"kind": "pier"}}, {"type": "Feature", "geometry": {"type": "Point", "coordinates": [-118.44899935000001, 33.98197395]}, "properties": {"kind": "pier"}}, {"type": "Feature", "geometry": {"type": "Point", "coordinates": [-118.44899964999999, 33.98191565]}, "properties": {"kind": "pier"}}, {"type": "Feature", "geometry": {"type": "Point", "coordinates": [-118.4490005, 33.9818612]}, "properties": {"kind": "pier"}}, {"type": "Feature", "geometry": {"type": "Point", "coordinates": [-118.4490007998125, 33.98180529237103]}, "properties": {"kind": "pier"}}, {"type": "Feature", "geometry": {"type": "Point", "coordinates": [-118.44892045, 33.981731100000005]}, "properties": {"kind": "pier"}}, {"type": "Feature", "geometry": {"type": "Point", "coordinates": [-118.44648229848369, 33.982302796364216]}, "properties": {"kind": "pier"}}, {"type": "Feature", "geometry": {"type": "Point", "coordinates": [-118.44656305, 33.98312575]}, "properties": {"kind": "pier"}}, {"type": "Feature", "geometry": {"type": "Point", "coordinates": [-118.44656150000002, 33.9830745]}, "properties": {"kind": "pier"}}, {"type": "Feature", "geometry": {"type": "Point", "coordinates": [-118.4465626, 33.9830194]}, "properties": {"kind": "pier"}}, {"type": "Feature", "geometry": {"type": "Point", "coordinates": [-118.44656444999998, 33.98296875]}, "properties": {"kind": "pier"}}, {"type": "Feature", "geometry": {"type": "Point", "coordinates": [-118.44656275000001, 33.982920050000004]}, "properties": {"kind": "pier"}}, {"type": "Feature", "geometry": {"type": "Point", "coordinates": [-118.4465621, 33.98286815]}, "properties": {"kind": "pier"}}, {"type": "Feature", "geometry": {"type": "Point", "coordinates": [-118.4465609, 33.98281885]}, "properties": {"kind": "pier"}}, {"type": "Feature", "geometry": {"type": "Point", "coordinates": [-118.44656185, 33.9827711]}, "properties": {"kind": "pier"}}, {"type": "Feature", "geometry": {"type": "Point", "coordinates": [-118.44656469999998, 33.982718899999995]}, "properties": {"kind": "pier"}}, {"type": "Feature", "geometry": {"type": "Point", "coordinates": [-118.44656174999999, 33.98266855]}, "properties": {"kind": "pier"}}, {"type": "Feature", "geometry": {"type": "Point", "coordinates": [-118.44656119999998, 33.982619549999995]}, "properties": {"kind": "pier"}}, {"type": "Feature", "geometry": {"type": "Point", "coordinates": [-118.44655305, 33.98257085]}, "properties": {"kind": "pier"}}, {"type": "Feature", "geometry": {"type": "Point", "coordinates": [-118.4465534, 33.98252665]}, "properties": {"kind": "pier"}}, {"type": "Feature", "geometry": {"type": "Point", "coordinates": [-118.44655415, 33.9824784]}, "properties": {"kind": "pier"}}, {"type": "Feature", "geometry": {"type": "Point", "coordinates": [-118.44655335, 33.98243015]}, "properties": {"kind": "pier"}}, {"type": "Feature", "geometry": {"type": "Point", "coordinates": [-118.44655424999999, 33.98238645]}, "properties": {"kind": "pier"}}, {"type": "Feature", "geometry": {"type": "Point", "coordinates": [-118.4465529, 33.9823408]}, "properties": {"kind": "pier"}}, {"type": "Feature", "geometry": {"type": "Point", "coordinates": [-118.4465538, 33.9822975]}, "properties": {"kind": "pier"}}, {"type": "Feature", "geometry": {"type": "Point", "coordinates": [-118.44655345000001, 33.982254999999995]}, "properties": {"kind": "pier"}}, {"type": "Feature", "geometry": {"type": "Point", "coordinates": [-118.4465528, 33.9822116]}, "properties": {"kind": "pier"}}, {"type": "Feature", "geometry": {"type": "Point", "coordinates": [-118.44655255, 33.98216865]}, "properties": {"kind": "pier"}}, {"type": "Feature", "geometry": {"type": "Point", "coordinates": [-118.44655295, 33.9821252]}, "properties": {"kind": "pier"}}, {"type": "Feature", "geometry": {"type": "Point", "coordinates": [-118.44653749999999, 33.9820816]}, "properties": {"kind": "pier"}}, {"type": "Feature", "geometry": {"type": "Point", "coordinates": [-118.4465491, 33.9819928]}, "properties": {"kind": "pier"}}, {"type": "Feature", "geometry": {"type": "Point", "coordinates": [-118.4465497, 33.9819404]}, "properties": {"kind": "pier"}}, {"type": "Feature", "geometry": {"type": "Point", "coordinates": [-118.44654905, 33.9818927]}, "properties": {"kind": "pier"}}, {"type": "Feature", "geometry": {"type": "Point", "coordinates": [-118.4465485, 33.98180025]}, "properties": {"kind": "pier"}}, {"type": "Feature", "geometry": {"type": "Point", "coordinates": [-118.44654944999999, 33.98184555]}, "properties": {"kind": "pier"}}, {"type": "Feature", "geometry": {"type": "Point", "coordinates": [-118.4465396, 33.981742749999995]}, "properties": {"kind": "pier"}}, {"type": "Feature", "geometry": {"type": "Point", "coordinates": [-118.4465088, 33.98169555]}, "properties": {"kind": "pier"}}, {"type": "Feature", "geometry": {"type": "Point", "coordinates": [-118.44648465, 33.981633650000006]}, "properties": {"kind": "pier"}}, {"type": "Feature", "geometry": {"type": "Point", "coordinates": [-118.4463063, 33.9817382]}, "properties": {"kind": "pier"}}, {"type": "Feature", "geometry": {"type": "Point", "coordinates": [-118.44625224999999, 33.9817654]}, "properties": {"kind": "pier"}}, {"type": "Feature", "geometry": {"type": "Point", "coordinates": [-118.44619125, 33.9817937]}, "properties": {"kind": "pier"}}, {"type": "Feature", "geometry": {"type": "Point", "coordinates": [-118.44613540000002, 33.98182065]}, "properties": {"kind": "pier"}}, {"type": "Feature", "geometry": {"type": "Point", "coordinates": [-118.44607994999998, 33.98184665]}, "properties": {"kind": "pier"}}, {"type": "Feature", "geometry": {"type": "Point", "coordinates": [-118.4460215, 33.9818738]}, "properties": {"kind": "pier"}}, {"type": "Feature", "geometry": {"type": "Point", "coordinates": [-118.44596244999998, 33.981903349999996]}, "properties": {"kind": "pier"}}, {"type": "Feature", "geometry": {"type": "Point", "coordinates": [-118.44590274999999, 33.9819323]}, "properties": {"kind": "pier"}}, {"type": "Feature", "geometry": {"type": "Point", "coordinates": [-118.44584775, 33.9819586]}, "properties": {"kind": "pier"}}, {"type": "Feature", "geometry": {"type": "Point", "coordinates": [-118.44579590000001, 33.98198585]}, "properties": {"kind": "pier"}}, {"type": "Feature", "geometry": {"type": "Point", "coordinates": [-118.44573934999998, 33.9820127]}, "properties": {"kind": "pier"}}, {"type": "Feature", "geometry": {"type": "Point", "coordinates": [-118.4456797, 33.9820406]}, "properties": {"kind": "pier"}}, {"type": "Feature", "geometry": {"type": "Point", "coordinates": [-118.4456161, 33.98207185]}, "properties": {"kind": "pier"}}, {"type": "Feature", "geometry": {"type": "Point", "coordinates": [-118.4455574, 33.982101400000005]}, "properties": {"kind": "pier"}}, {"type": "Feature", "geometry": {"type": "Point", "coordinates": [-118.4454966, 33.98212935]}, "properties": {"kind": "pier"}}, {"type": "Feature", "geometry": {"type": "Point", "coordinates": [-118.44544070000002, 33.982155649999996]}, "properties": {"kind": "pier"}}, {"type": "Feature", "geometry": {"type": "Point", "coordinates": [-118.4453844, 33.982183649999996]}, "properties": {"kind": "pier"}}, {"type": "Feature", "geometry": {"type": "Point", "coordinates": [-118.4453204, 33.98221545]}, "properties": {"kind": "pier"}}, {"type": "Feature", "geometry": {"type": "Point", "coordinates": [-118.44527744999999, 33.9822517]}, "properties": {"kind": "pier"}}, {"type": "Feature", "geometry": {"type": "Point", "coordinates": [-118.44523215000001, 33.98227455]}, "properties": {"kind": "pier"}}, {"type": "Feature", "geometry": {"type": "Point", "coordinates": [-118.44517134999998, 33.98229275]}, "properties": {"kind": "pier"}}, {"type": "Feature", "geometry": {"type": "Point", "coordinates": [-118.44511770000001, 33.98231845]}, "properties": {"kind": "pier"}}, {"type": "Feature", "geometry": {"type": "Point", "coordinates": [-118.44506444999999, 33.9823438]}, "properties": {"kind": "pier"}}, {"type": "Feature", "geometry": {"type": "Point", "coordinates": [-118.44500955, 33.98237035]}, "properties": {"kind": "pier"}}, {"type": "Feature", "geometry": {"type": "Point", "coordinates": [-118.44495395, 33.9823976]}, "properties": {"kind": "pier"}}, {"type": "Feature", "geometry": {"type": "Point", "coordinates": [-118.4448985, 33.982424449999996]}, "properties": {"kind": "pier"}}, {"type": "Feature", "geometry": {"type": "Point", "coordinates": [-118.4448444, 33.98245]}, "properties": {"kind": "pier"}}, {"type": "Feature", "geometry": {"type": "Point", "coordinates": [-118.44478665, 33.982477599999996]}, "properties": {"kind": "pier"}}, {"type": "Feature", "geometry": {"type": "Point", "coordinates": [-118.44473475000001, 33.9825023]}, "properties": {"kind": "pier"}}, {"type": "Feature", "geometry": {"type": "Point", "coordinates": [-118.44466775, 33.98252945]}, "properties": {"kind": "pier"}}, {"type": "Feature", "geometry": {"type": "Point", "coordinates": [-118.4490008, 33.981663999999995]}, "properties": {"kind": "pier"}}, {"type": "Feature", "geometry": {"type": "Point", "coordinates": [-118.44908269999999, 33.9815976]}, "properties": {"kind": "pier"}}, {"type": "Feature", "geometry": {"type": "Point", "coordinates": [-118.44891675, 33.981612]}, "properties": {"kind": "pier"}}, {"type": "Feature", "geometry": {"type": "Point", "coordinates": [-118.44908315, 33.98154025]}, "properties": {"kind": "pier"}}, {"type": "Feature", "geometry": {"type": "Point", "coordinates": [-118.4489168, 33.98155815]}, "properties": {"kind": "pier"}}, {"type": "Feature", "geometry": {"type": "Point", "coordinates": [-118.449082, 33.9814745]}, "properties": {"kind": "pier"}}, {"type": "Feature", "geometry": {"type": "Point", "coordinates": [-118.44908185, 33.9814202]}, "properties": {"kind": "pier"}}, {"type": "Feature", "geometry": {"type": "Point", "coordinates": [-118.44891795, 33.98150245]}, "properties": {"kind": "pier"}}, {"type": "Feature", "geometry": {"type": "Point", "coordinates": [-118.44891725000001, 33.9814459]}, "properties": {"kind": "pier"}}, {"type": "Feature", "geometry": {"type": "Point", "coordinates": [-118.44891745, 33.9813924]}, "properties": {"kind": "pier"}}, {"type": "Feature", "geometry": {"type": "Point", "coordinates": [-118.44908029999999, 33.98136175]}, "properties": {"kind": "pier"}}, {"type": "Feature", "geometry": {"type": "Point", "coordinates": [-118.44891589999999, 33.981336049999996]}, "properties": {"kind": "pier"}}, {"type": "Feature", "geometry": {"type": "Point", "coordinates": [-118.44908109999999, 33.98130505]}, "properties": {"kind": "pier"}}, {"type": "Feature", "geometry": {"type": "Point", "coordinates": [-118.44891575, 33.9812819]}, "properties": {"kind": "pier"}}, {"type": "Feature", "geometry": {"type": "Point", "coordinates": [-118.44907975000002, 33.98124775]}, "properties": {"kind": "pier"}}, {"type": "Feature", "geometry": {"type": "Point", "coordinates": [-118.44891485, 33.9812276]}, "properties": {"kind": "pier"}}, {"type": "Feature", "geometry": {"type": "Point", "coordinates": [-118.44907995000001, 33.98118975]}, "properties": {"kind": "pier"}}, {"type": "Feature", "geometry": {"type": "Point", "coordinates": [-118.44891485000001, 33.9811682]}, "properties": {"kind": "pier"}}, {"type": "Feature", "geometry": {"type": "Point", "coordinates": [-118.44908015, 33.98113275]}, "properties": {"kind": "pier"}}, {"type": "Feature", "geometry": {"type": "Point", "coordinates": [-118.44891430000001, 33.98111745]}, "properties": {"kind": "pier"}}, {"type": "Feature", "geometry": {"type": "Point", "coordinates": [-118.44909905, 33.98107395]}, "properties": {"kind": "pier"}}, {"type": "Feature", "geometry": {"type": "Point", "coordinates": [-118.4489265, 33.981061499999996]}, "properties": {"kind": "pier"}}, {"type": "Feature", "geometry": {"type": "Point", "coordinates": [-118.4490172, 33.9810104]}, "properties": {"kind": "pier"}}, {"type": "Feature", "geometry": {"type": "Point", "coordinates": [-118.44901355, 33.98095135]}, "properties": {"kind": "pier"}}, {"type": "Feature", "geometry": {"type": "Point", "coordinates": [-118.44901599999999, 33.980885150000006]}, "properties": {"kind": "pier"}}, {"type": "Feature", "geometry": {"type": "Point", "coordinates": [-118.44901529999999, 33.9808255]}, "properties": {"kind": "pier"}}, {"type": "Feature", "geometry": {"type": "Point", "coordinates": [-118.4490149, 33.9807641]}, "properties": {"kind": "pier"}}, {"type": "Feature", "geometry": {"type": "Point", "coordinates": [-118.44901645, 33.980695100000005]}, "properties": {"kind": "pier"}}, {"type": "Feature", "geometry": {"type": "Point", "coordinates": [-118.44901599995241, 33.9806294338711]}, "properties": {"kind": "pier"}}, {"type": "Feature", "geometry": {"type": "Point", "coordinates": [-118.44959965000001, 33.9816263]}, "properties": {"kind": "pier"}}, {"type": "Feature", "geometry": {"type": "Point", "coordinates": [-118.449596, 33.9815629]}, "properties": {"kind": "pier"}}, {"type": "Feature", "geometry": {"type": "Point", "coordinates": [-118.44959645, 33.9815045]}, "properties": {"kind": "pier"}}, {"type": "Feature", "geometry": {"type": "Point", "coordinates": [-118.4495961, 33.98144725]}, "properties": {"kind": "pier"}}, {"type": "Feature", "geometry": {"type": "Point", "coordinates": [-118.4495958, 33.9813874]}, "properties": {"kind": "pier"}}, {"type": "Feature", "geometry": {"type": "Point", "coordinates": [-118.4495952, 33.9813309]}, "properties": {"kind": "pier"}}, {"type": "Feature", "geometry": {"type": "Point", "coordinates": [-118.4495964, 33.981265199999996]}, "properties": {"kind": "pier"}}, {"type": "Feature", "geometry": {"type": "Point", "coordinates": [-118.44959605, 33.98120805]}, "properties": {"kind": "pier"}}, {"type": "Feature", "geometry": {"type": "Point", "coordinates": [-118.449664, 33.981128600000005]}, "properties": {"kind": "pier"}}, {"type": "Feature", "geometry": {"type": "Point", "coordinates": [-118.44957859999998, 33.9810899]}, "properties": {"kind": "pier"}}, {"type": "Feature", "geometry": {"type": "Point", "coordinates": [-118.44958095, 33.981032799999994]}, "properties": {"kind": "pier"}}, {"type": "Feature", "geometry": {"type": "Point", "coordinates": [-118.44958125, 33.9809774]}, "properties": {"kind": "pier"}}, {"type": "Feature", "geometry": {"type": "Point", "coordinates": [-118.44957975, 33.9809163]}, "properties": {"kind": "pier"}}, {"type": "Feature", "geometry": {"type": "Point", "coordinates": [-118.44958030000001, 33.980858549999994]}, "properties": {"kind": "pier"}}, {"type": "Feature", "geometry": {"type": "Point", "coordinates": [-118.44963865, 33.98080315]}, "properties": {"kind": "pier"}}, {"type": "Feature", "geometry": {"type": "Point", "coordinates": [-118.44958140000001, 33.98074115]}, "properties": {"kind": "pier"}}, {"type": "Feature", "geometry": {"type": "Point", "coordinates": [-118.4495817, 33.9806883]}, "properties": {"kind": "pier"}}, {"type": "Feature", "geometry": {"type": "Point", "coordinates": [-118.44964250008152, 33.98062865821299]}, "properties": {"kind": "pier"}}, {"type": "Feature", "geometry": {"type": "Point", "coordinates": [-118.44972565, 33.98076525]}, "properties": {"kind": "pier"}}, {"type": "Feature", "geometry": {"type": "Point", "coordinates": [-118.4497272, 33.980715149999995]}, "properties": {"kind": "pier"}}, {"type": "Feature", "geometry": {"type": "Point", "coordinates": [-118.44972849999999, 33.9806709]}, "properties": {"kind": "pier"}}, {"type": "Feature", "geometry": {"type": "Point", "coordinates": [-118.44974325, 33.982199550000004]}, "properties": {"kind": "pier"}}, {"type": "Feature", "geometry": {"type": "Point", "coordinates": [-118.45012765000001, 33.9811463]}, "properties": {"kind": "pier"}}, {"type": "Feature", "geometry": {"type": "Point", "coordinates": [-118.45012835, 33.981103000000004]}, "properties": {"kind": "pier"}}, {"type": "Feature", "geometry": {"type": "Point", "coordinates": [-118.4501279, 33.981063199999994]}, "properties": {"kind": "pier"}}, {"type": "Feature", "geometry": {"type": "Point", "coordinates": [-118.45007294999999, 33.981016600000004]}, "properties": {"kind": "pier"}}, {"type": "Feature", "geometry": {"type": "Point", "coordinates": [-118.4500705, 33.98097515]}, "properties": {"kind": "pier"}}, {"type": "Feature", "geometry": {"type": "Point", "coordinates": [-118.4500692, 33.98093095]}, "properties": {"kind": "pier"}}, {"type": "Feature", "geometry": {"type": "Point", "coordinates": [-118.4500696, 33.98089315]}, "properties": {"kind": "pier"}}, {"type": "Feature", "geometry": {"type": "Point", "coordinates": [-118.4500703, 33.980846400000004]}, "properties": {"kind": "pier"}}, {"type": "Feature", "geometry": {"type": "Point", "coordinates": [-118.4500705, 33.98080435]}, "properties": {"kind": "pier"}}, {"type": "Feature", "geometry": {"type": "Point", "coordinates": [-118.4500736, 33.98075815]}, "properties": {"kind": "pier"}}, {"type": "Feature", "geometry": {"type": "Point", "coordinates": [-118.4500736, 33.9807099]}, "properties": {"kind": "pier"}}, {"type": "Feature", "geometry": {"type": "Point", "coordinates": [-118.45007405, 33.980667]}, "properties": {"kind": "pier"}}, {"type": "Feature", "geometry": {"type": "Point", "coordinates": [-118.45007404991705, 33.980624455110544]}, "properties": {"kind": "pier"}}, {"type": "Feature", "geometry": {"type": "Point", "coordinates": [-118.45046984999999, 33.9811459]}, "properties": {"kind": "pier"}}, {"type": "Feature", "geometry": {"type": "Point", "coordinates": [-118.45046885, 33.9811057]}, "properties": {"kind": "pier"}}, {"type": "Feature", "geometry": {"type": "Point", "coordinates": [-118.45046734994322, 33.980630376137725]}, "properties": {"kind": "pier"}}, {"type": "Feature", "geometry": {"type": "Point", "coordinates": [-118.4504689, 33.9810601]}, "properties": {"kind": "pier"}}, {"type": "Feature", "geometry": {"type": "Point", "coordinates": [-118.4504689, 33.9810151]}, "properties": {"kind": "pier"}}, {"type": "Feature", "geometry": {"type": "Point", "coordinates": [-118.45046655, 33.980972949999995]}, "properties": {"kind": "pier"}}, {"type": "Feature", "geometry": {"type": "Point", "coordinates": [-118.45046805, 33.980931850000005]}, "properties": {"kind": "pier"}}, {"type": "Feature", "geometry": {"type": "Point", "coordinates": [-118.45046755, 33.98088885]}, "properties": {"kind": "pier"}}, {"type": "Feature", "geometry": {"type": "Point", "coordinates": [-118.45046640000001, 33.980844149999996]}, "properties": {"kind": "pier"}}, {"type": "Feature", "geometry": {"type": "Point", "coordinates": [-118.45046740000001, 33.980801299999996]}, "properties": {"kind": "pier"}}, {"type": "Feature", "geometry": {"type": "Point", "coordinates": [-118.45046640000001, 33.98075985]}, "properties": {"kind": "pier"}}, {"type": "Feature", "geometry": {"type": "Point", "coordinates": [-118.4504652, 33.98071775]}, "properties": {"kind": "pier"}}, {"type": "Feature", "geometry": {"type": "Point", "coordinates": [-118.45046640000001, 33.98067675]}, "properties": {"kind": "pier"}}, {"type": "Feature", "geometry": {"type": "Point", "coordinates": [-118.4508507, 33.98114685]}, "properties": {"kind": "pier"}}, {"type": "Feature", "geometry": {"type": "Point", "coordinates": [-118.45084905, 33.981075849999996]}, "properties": {"kind": "pier"}}, {"type": "Feature", "geometry": {"type": "Point", "coordinates": [-118.4508492, 33.9810375]}, "properties": {"kind": "pier"}}, {"type": "Feature", "geometry": {"type": "Point", "coordinates": [-118.45085009999502, 33.98099920187303]}, "properties": {"kind": "pier"}}, {"type": "Feature", "geometry": {"type": "Point", "coordinates": [-118.45079682467022, 33.98081374986399]}, "properties": {"kind": "pier"}}, {"type": "Feature", "geometry": {"type": "Point", "coordinates": [-118.4508726, 33.980627999999996]}, "properties": {"kind": "pier"}}, {"type": "Feature", "geometry": {"type": "Point", "coordinates": [-118.450872, 33.98094095]}, "properties": {"kind": "pier"}}, {"type": "Feature", "geometry": {"type": "Point", "coordinates": [-118.45087095, 33.9808914]}, "properties": {"kind": "pier"}}, {"type": "Feature", "geometry": {"type": "Point", "coordinates": [-118.45087165, 33.98083955]}, "properties": {"kind": "pier"}}, {"type": "Feature", "geometry": {"type": "Point", "coordinates": [-118.45087204999999, 33.98078645]}, "properties": {"kind": "pier"}}, {"type": "Feature", "geometry": {"type": "Point", "coordinates": [-118.45087315, 33.98073275]}, "properties": {"kind": "pier"}}, {"type": "Feature", "geometry": {"type": "Point", "coordinates": [-118.4508733, 33.980680050000004]}, "properties": {"kind": "pier"}}, {"type": "Feature", "geometry": {"type": "Point", "coordinates": [-118.45084905, 33.981112350000004]}, "properties": {"kind": "pier"}}, {"type": "Feature", "geometry": {"type": "Point", "coordinates": [-118.45135699999999, 33.9810959]}, "properties": {"kind": "pier"}}, {"type": "Feature", "geometry": {"type": "Point", "coordinates": [-118.4511977, 33.98111595]}, "properties": {"kind": "pier"}}, {"type": "Feature", "geometry": {"type": "Point", "coordinates": [-118.4512019, 33.98106965]}, "properties": {"kind": "pier"}}, {"type": "Feature", "geometry": {"type": "Point", "coordinates": [-118.45136015, 33.981037]}, "properties": {"kind": "pier"}}, {"type": "Feature", "geometry": {"type": "Point", "coordinates": [-118.45120259999999, 33.9810266]}, "properties": {"kind": "pier"}}, {"type": "Feature", "geometry": {"type": "Point", "coordinates": [-118.45130265000002, 33.980983699999996]}, "properties": {"kind": "pier"}}, {"type": "Feature", "geometry": {"type": "Point", "coordinates": [-118.45135975, 33.980922250000006]}, "properties": {"kind": "pier"}}, {"type": "Feature", "geometry": {"type": "Point", "coordinates": [-118.45120245000001, 33.98094695]}, "properties": {"kind": "pier"}}, {"type": "Feature", "geometry": {"type": "Point", "coordinates": [-118.4512016, 33.9809089]}, "properties": {"kind": "pier"}}, {"type": "Feature", "geometry": {"type": "Point", "coordinates": [-118.45130105000001, 33.98086335]}, "properties": {"kind": "pier"}}, {"type": "Feature", "geometry": {"type": "Point", "coordinates": [-118.4513599, 33.980806799999996]}, "properties": {"kind": "pier"}}, {"type": "Feature", "geometry": {"type": "Point", "coordinates": [-118.45120125, 33.98082980000001]}, "properties": {"kind": "pier"}}, {"type": "Feature", "geometry": {"type": "Point", "coordinates": [-118.45120125, 33.980789900000005]}, "properties": {"kind": "pier"}}, {"type": "Feature", "geometry": {"type": "Point", "coordinates": [-118.45130115, 33.9807493]}, "properties": {"kind": "pier"}}, {"type": "Feature", "geometry": {"type": "Point", "coordinates": [-118.45120175, 33.98071535]}, "properties": {"kind": "pier"}}, {"type": "Feature", "geometry": {"type": "Point", "coordinates": [-118.4512025, 33.98067295]}, "properties": {"kind": "pier"}}, {"type": "Feature", "geometry": {"type": "Point", "coordinates": [-118.45136015000001, 33.980686250000005]}, "properties": {"kind": "pier"}}, {"type": "Feature", "geometry": {"type": "Point", "coordinates": [-118.45130440001387, 33.98062845256525]}, "properties": {"kind": "pier"}}, {"type": "Feature", "geometry": {"type": "Point", "coordinates": [-118.45196235, 33.9806249]}, "properties": {"kind": "pier"}}, {"type": "Feature", "geometry": {"type": "Point", "coordinates": [-118.45196055, 33.98069065]}, "properties": {"kind": "pier"}}, {"type": "Feature", "geometry": {"type": "Point", "coordinates": [-118.4519593, 33.98075005]}, "properties": {"kind": "pier"}}, {"type": "Feature", "geometry": {"type": "Point", "coordinates": [-118.45196185, 33.980804199999994]}, "properties": {"kind": "pier"}}, {"type": "Feature", "geometry": {"type": "Point", "coordinates": [-118.4520577, 33.9811534]}, "properties": {"kind": "pier"}}, {"type": "Feature", "geometry": {"type": "Point", "coordinates": [-118.45195860000001, 33.981096]}, "properties": {"kind": "pier"}}, {"type": "Feature", "geometry": {"type": "Point", "coordinates": [-118.45195724999998, 33.9810382]}, "properties": {"kind": "pier"}}, {"type": "Feature", "geometry": {"type": "Point", "coordinates": [-118.45195749999998, 33.98098005]}, "properties": {"kind": "pier"}}, {"type": "Feature", "geometry": {"type": "Point", "coordinates": [-118.45195525000001, 33.98091825]}, "properties": {"kind": "pier"}}, {"type": "Feature", "geometry": {"type": "Point", "coordinates": [-118.45195615, 33.98086485]}, "properties": {"kind": "pier"}}, {"type": "Feature", "geometry": {"type": "Point", "coordinates": [-118.45324199860444, 33.98113894295141]}, "properties": {"kind": "pier"}}, {"type": "Feature", "geometry": {"type": "Point", "coordinates": [-118.45254115, 33.9811038]}, "properties": {"kind": "pier"}}, {"type": "Feature", "geometry": {"type": "Point", "coordinates": [-118.45271159999999, 33.9810714]}, "properties": {"kind": "pier"}}, {"type": "Feature", "geometry": {"type": "Point", "coordinates": [-118.45254254999999, 33.9810437]}, "properties": {"kind": "pier"}}, {"type": "Feature", "geometry": {"type": "Point", "coordinates": [-118.45270550000001, 33.981005]}, "properties": {"kind": "pier"}}, {"type": "Feature", "geometry": {"type": "Point", "coordinates": [-118.45254155, 33.9809846]}, "properties": {"kind": "pier"}}, {"type": "Feature", "geometry": {"type": "Point", "coordinates": [-118.4527063, 33.9809493]}, "properties": {"kind": "pier"}}, {"type": "Feature", "geometry": {"type": "Point", "coordinates": [-118.45254205, 33.9809263]}, "properties": {"kind": "pier"}}, {"type": "Feature", "geometry": {"type": "Point", "coordinates": [-118.45271475, 33.9808867]}, "properties": {"kind": "pier"}}, {"type": "Feature", "geometry": {"type": "Point", "coordinates": [-118.45254249999998, 33.9808648]}, "properties": {"kind": "pier"}}, {"type": "Feature", "geometry": {"type": "Point", "coordinates": [-118.4527132, 33.980825800000005]}, "properties": {"kind": "pier"}}, {"type": "Feature", "geometry": {"type": "Point", "coordinates": [-118.45271109999999, 33.98076935]}, "properties": {"kind": "pier"}}, {"type": "Feature", "geometry": {"type": "Point", "coordinates": [-118.45254354999999, 33.9808128]}, "properties": {"kind": "pier"}}, {"type": "Feature", "geometry": {"type": "Point", "coordinates": [-118.45271439999999, 33.9807083]}, "properties": {"kind": "pier"}}, {"type": "Feature", "geometry": {"type": "Point", "coordinates": [-118.45254274999999, 33.9806918]}, "properties": {"kind": "pier"}}, {"type": "Feature", "geometry": {"type": "Point", "coordinates": [-118.45254314999998, 33.980755200000004]}, "properties": {"kind": "pier"}}, {"type": "Feature", "geometry": {"type": "Point", "coordinates": [-118.45261975005182, 33.98063588323621]}, "properties": {"kind": "pier"}}, {"type": "Feature", "geometry": {"type": "Point", "coordinates": [-118.45335289999998, 33.98107925]}, "properties": {"kind": "pier"}}, {"type": "Feature", "geometry": {"type": "Point", "coordinates": [-118.45318695000002, 33.9810724]}, "properties": {"kind": "pier"}}, {"type": "Feature", "geometry": {"type": "Point", "coordinates": [-118.4533531, 33.9810202]}, "properties": {"kind": "pier"}}, {"type": "Feature", "geometry": {"type": "Point", "coordinates": [-118.4533534, 33.98096545]}, "properties": {"kind": "pier"}}, {"type": "Feature", "geometry": {"type": "Point", "coordinates": [-118.4533529, 33.980909600000004]}, "properties": {"kind": "pier"}}, {"type": "Feature", "geometry": {"type": "Point", "coordinates": [-118.45335215000001, 33.980850399999994]}, "properties": {"kind": "pier"}}, {"type": "Feature", "geometry": {"type": "Point", "coordinates": [-118.45335125, 33.9807924]}, "properties": {"kind": "pier"}}, {"type": "Feature", "geometry": {"type": "Point", "coordinates": [-118.45335205, 33.98074175]}, "properties": {"kind": "pier"}}, {"type": "Feature", "geometry": {"type": "Point", "coordinates": [-118.45335159999999, 33.9806896]}, "properties": {"kind": "pier"}}, {"type": "Feature", "geometry": {"type": "Point", "coordinates": [-118.45326414995401, 33.980637457608765]}, "properties": {"kind": "pier"}}, {"type": "Feature", "geometry": {"type": "Point", "coordinates": [-118.45393390000001, 33.9810993]}, "properties": {"kind": "pier"}}, {"type": "Feature", "geometry": {"type": "Point", "coordinates": [-118.45393474999999, 33.981042200000005]}, "properties": {"kind": "pier"}}, {"type": "Feature", "geometry": {"type": "Point", "coordinates": [-118.45377719999999, 33.981078]}, "properties": {"kind": "pier"}}, {"type": "Feature", "geometry": {"type": "Point", "coordinates": [-118.4537778, 33.9810214]}, "properties": {"kind": "pier"}}, {"type": "Feature", "geometry": {"type": "Point", "coordinates": [-118.45377744999999, 33.98096285]}, "properties": {"kind": "pier"}}, {"type": "Feature", "geometry": {"type": "Point", "coordinates": [-118.45377595, 33.9809057]}, "properties": {"kind": "pier"}}, {"type": "Feature", "geometry": {"type": "Point", "coordinates": [-118.45377495, 33.98084795]}, "properties": {"kind": "pier"}}, {"type": "Feature", "geometry": {"type": "Point", "coordinates": [-118.4537755, 33.98079235]}, "properties": {"kind": "pier"}}, {"type": "Feature", "geometry": {"type": "Point", "coordinates": [-118.4537765, 33.98074125]}, "properties": {"kind": "pier"}}, {"type": "Feature", "geometry": {"type": "Point", "coordinates": [-118.45377485, 33.98068825]}, "properties": {"kind": "pier"}}, {"type": "Feature", "geometry": {"type": "Point", "coordinates": [-118.4538557500322, 33.98063815494314]}, "properties": {"kind": "pier"}}, {"type": "Feature", "geometry": {"type": "Point", "coordinates": [-118.45500456373783, 33.98113451539628]}, "properties": {"kind": "pier"}}, {"type": "Feature", "geometry": {"type": "Point", "coordinates": [-118.45434155, 33.9810977]}, "properties": {"kind": "pier"}}, {"type": "Feature", "geometry": {"type": "Point", "coordinates": [-118.45434595, 33.98104265]}, "properties": {"kind": "pier"}}, {"type": "Feature", "geometry": {"type": "Point", "coordinates": [-118.45434545000002, 33.980982499999996]}, "properties": {"kind": "pier"}}, {"type": "Feature", "geometry": {"type": "Point", "coordinates": [-118.45434585000001, 33.9809248]}, "properties": {"kind": "pier"}}, {"type": "Feature", "geometry": {"type": "Point", "coordinates": [-118.45434520000002, 33.98086805]}, "properties": {"kind": "pier"}}, {"type": "Feature", "geometry": {"type": "Point", "coordinates": [-118.45434495, 33.980809550000004]}, "properties": {"kind": "pier"}}, {"type": "Feature", "geometry": {"type": "Point", "coordinates": [-118.4543452, 33.9807517]}, "properties": {"kind": "pier"}}, {"type": "Feature", "geometry": {"type": "Point", "coordinates": [-118.4544936, 33.980743399999994]}, "properties": {"kind": "pier"}}, {"type": "Feature", "geometry": {"type": "Point", "coordinates": [-118.45434599999999, 33.980694799999995]}, "properties": {"kind": "pier"}}, {"type": "Feature", "geometry": {"type": "Point", "coordinates": [-118.45442015002286, 33.98063499773285]}, "properties": {"kind": "pier"}}, {"type": "Feature", "geometry": {"type": "Point", "coordinates": [-118.45500125, 33.9810859]}, "properties": {"kind": "pier"}}, {"type": "Feature", "geometry": {"type": "Point", "coordinates": [-118.4548748, 33.9810778]}, "properties": {"kind": "pier"}}, {"type": "Feature", "geometry": {"type": "Point", "coordinates": [-118.4548744, 33.9809662]}, "properties": {"kind": "pier"}}, {"type": "Feature", "geometry": {"type": "Point", "coordinates": [-118.45500015, 33.981038600000005]}, "properties": {"kind": "pier"}}, {"type": "Feature", "geometry": {"type": "Point", "coordinates": [-118.4550013, 33.98099535]}, "properties": {"kind": "pier"}}, {"type": "Feature", "geometry": {"type": "Point", "coordinates": [-118.45487564999998, 33.9810228]}, "properties": {"kind": "pier"}}, {"type": "Feature", "geometry": {"type": "Point", "coordinates": [-118.45500145000001, 33.98094885]}, "properties": {"kind": "pier"}}, {"type": "Feature", "geometry": {"type": "Point", "coordinates": [-118.45499995, 33.98090395]}, "properties": {"kind": "pier"}}, {"type": "Feature", "geometry": {"type": "Point", "coordinates": [-118.45487389999998, 33.980909600000004]}, "properties": {"kind": "pier"}}, {"type": "Feature", "geometry": {"type": "Point", "coordinates": [-118.4550002, 33.9808589]}, "properties": {"kind": "pier"}}, {"type": "Feature", "geometry": {"type": "Point", "coordinates": [-118.45499960000001, 33.9808125]}, "properties": {"kind": "pier"}}, {"type": "Feature", "geometry": {"type": "Point", "coordinates": [-118.45487489999998, 33.9808556]}, "properties": {"kind": "pier"}}, {"type": "Feature", "geometry": {"type": "Point", "coordinates": [-118.45487424999999, 33.980798300000004]}, "properties": {"kind": "pier"}}, {"type": "Feature", "geometry": {"type": "Point", "coordinates": [-118.45500039999999, 33.9807663]}, "properties": {"kind": "pier"}}, {"type": "Feature", "geometry": {"type": "Point", "coordinates": [-118.45499960000001, 33.9807231]}, "properties": {"kind": "pier"}}, {"type": "Feature", "geometry": {"type": "Point", "coordinates": [-118.45499964999999, 33.980678499999996]}, "properties": {"kind": "pier"}}, {"type": "Feature", "geometry": {"type": "Point", "coordinates": [-118.45487295, 33.9807412]}, "properties": {"kind": "pier"}}, {"type": "Feature", "geometry": {"type": "Point", "coordinates": [-118.45487449999999, 33.9806874]}, "properties": {"kind": "pier"}}, {"type": "Feature", "geometry": {"type": "Point", "coordinates": [-118.45492884936465, 33.98063671947968]}, "properties": {"kind": "pier"}}, {"type": "Feature", "geometry": {"type": "Point", "coordinates": [-118.4553987, 33.9809535]}, "properties": {"kind": "pier"}}, {"type": "Feature", "geometry": {"type": "Point", "coordinates": [-118.45528995000001, 33.980948999999995]}, "properties": {"kind": "pier"}}, {"type": "Feature", "geometry": {"type": "Point", "coordinates": [-118.45539944999999, 33.9809082]}, "properties": {"kind": "pier"}}, {"type": "Feature", "geometry": {"type": "Point", "coordinates": [-118.45528815, 33.9809043]}, "properties": {"kind": "pier"}}, {"type": "Feature", "geometry": {"type": "Point", "coordinates": [-118.4554002, 33.980862900000005]}, "properties": {"kind": "pier"}}, {"type": "Feature", "geometry": {"type": "Point", "coordinates": [-118.4552879, 33.980857650000004]}, "properties": {"kind": "pier"}}, {"type": "Feature", "geometry": {"type": "Point", "coordinates": [-118.45539945, 33.980817599999995]}, "properties": {"kind": "pier"}}, {"type": "Feature", "geometry": {"type": "Point", "coordinates": [-118.45528825, 33.98081325]}, "properties": {"kind": "pier"}}, {"type": "Feature", "geometry": {"type": "Point", "coordinates": [-118.4553973, 33.9807725]}, "properties": {"kind": "pier"}}, {"type": "Feature", "geometry": {"type": "Point", "coordinates": [-118.45528830000002, 33.98076705]}, "properties": {"kind": "pier"}}, {"type": "Feature", "geometry": {"type": "Point", "coordinates": [-118.45539805, 33.9807277]}, "properties": {"kind": "pier"}}, {"type": "Feature", "geometry": {"type": "Point", "coordinates": [-118.45528755000001, 33.98072225]}, "properties": {"kind": "pier"}}, {"type": "Feature", "geometry": {"type": "Point", "coordinates": [-118.4553978, 33.98068375]}, "properties": {"kind": "pier"}}, {"type": "Feature", "geometry": {"type": "Point", "coordinates": [-118.45528680000001, 33.980678]}, "properties": {"kind": "pier"}}, {"type": "Feature", "geometry": {"type": "Point", "coordinates": [-118.45534455006664, 33.98063713372916]}, "properties": {"kind": "pier"}}, {"type": "Feature", "geometry": {"type": "Point", "coordinates": [-118.45568920000001, 33.98109195]}, "properties": {"kind": "pier"}}, {"type": "Feature", "geometry": {"type": "Point", "coordinates": [-118.45568865, 33.981046199999994]}, "properties": {"kind": "pier"}}, {"type": "Feature", "geometry": {"type": "Point", "coordinates": [-118.45568725, 33.9806808]}, "properties": {"kind": "pier"}}, {"type": "Feature", "geometry": {"type": "Point", "coordinates": [-118.45568700000001, 33.9807256]}, "properties": {"kind": "pier"}}, {"type": "Feature", "geometry": {"type": "Point", "coordinates": [-118.45568595000002, 33.9807723]}, "properties": {"kind": "pier"}}, {"type": "Feature", "geometry": {"type": "Point", "coordinates": [-118.45584375, 33.9807968]}, "properties": {"kind": "pier"}}, {"type": "Feature", "geometry": {"type": "Point", "coordinates": [-118.45582085000001, 33.980850149999995]}, "properties": {"kind": "pier"}}, {"type": "Feature", "geometry": {"type": "Point", "coordinates": [-118.45569069999999, 33.98063225]}, "properties": {"kind": "pier"}}, {"type": "Feature", "geometry": {"type": "Point", "coordinates": [-118.45580545, 33.980905699999994]}, "properties": {"kind": "pier"}}, {"type": "Feature", "geometry": {"type": "Point", "coordinates": [-118.4557424499891, 33.98095490239175]}, "properties": {"kind": "pier"}}, {"type": "Feature", "geometry": {"type": "Point", "coordinates": [-118.45568975, 33.980999100000005]}, "properties": {"kind": "pier"}}, {"type": "Feature", "geometry": {"type": "Point", "coordinates": [-118.33075376315065, 34.0703689194739]}, "properties": {"kind": "stream"}}, {"type": "Feature", "geometry": {"type": "Point", "coordinates": [-118.41564459378175, 34.070074102963595]}, "properties": {"kind": "stream"}}, {"type": "Feature", "geometry": {"type": "Point", "coordinates": [-118.3986945194723, 34.02648776247103]}, "properties": {"kind": "stream"}}, {"type": "Feature", "geometry": {"type": "Point", "coordinates": [-118.39063303559566, 34.015164673735946]}, "properties": {"kind": "stream"}}, {"type": "Feature", "geometry": {"type": "Point", "coordinates": [-118.3974702091846, 34.06331847265417]}, "properties": {"kind": "drain"}}, {"type": "Feature", "geometry": {"type": "Point", "coordinates": [-118.40043885000001, 34.0494338]}, "properties": {"kind": "stream"}}, {"type": "Feature", "geometry": {"type": "Point", "coordinates": [-118.39979043223401, 34.04481116637296]}, "properties": {"kind": "stream"}}, {"type": "Feature", "geometry": {"type": "Point", "coordinates": [-118.40044107786125, 34.04866470623632]}, "properties": {"kind": "drain"}}, {"type": "Feature", "geometry": {"type": "Point", "coordinates": [-118.47397118895883, 34.09132471605228]}, "properties": {"kind": "stream"}}, {"type": "Feature", "geometry": {"type": "Point", "coordinates": [-118.4747698499107, 34.09070448161305]}, "properties": {"kind": "ditch"}}, {"type": "Feature", "geometry": {"type": "Point", "coordinates": [-118.47439617832369, 34.09369414311974]}, "properties": {"kind": "stream"}}, {"type": "Feature", "geometry": {"type": "Point", "coordinates": [-118.47403561527585, 34.09503784770811]}, "properties": {"kind": "stream"}}, {"type": "Feature", "geometry": {"type": "Point", "coordinates": [-118.47362600613683, 34.09583802754843]}, "properties": {"kind": "stream"}}, {"type": "Feature", "geometry": {"type": "Point", "coordinates": [-118.4736946035657, 34.096247233815184]}, "properties": {"kind": "stream"}}, {"type": "Feature", "geometry": {"type": "Point", "coordinates": [-118.47362418045404, 34.095236171288356]}, "properties": {"kind": "stream"}}, {"type": "Feature", "geometry": {"type": "Point", "coordinates": [-118.47327512798685, 34.09511001395345]}, "properties": {"kind": "stream"}}, {"type": "Feature", "geometry": {"type": "Point", "coordinates": [-118.47591406549583, 34.09672750394319]}, "properties": {"kind": "ditch"}}, {"type": "Feature", "geometry": {"type": "Point", "coordinates": [-118.4763630119159, 34.10069979508528]}, "properties": {"kind": "stream"}}, {"type": "Feature", "geometry": {"type": "Point", "coordinates": [-118.4738058815754, 34.09194549414434]}, "properties": {"kind": "stream"}}, {"type": "Feature", "geometry": {"type": "Point", "coordinates": [-118.47245827576579, 34.089044850659185]}, "properties": {"kind": "drain"}}, {"type": "Feature", "geometry": {"type": "Point", "coordinates": [-118.45160565, 34.105217350000004]}, "properties": {"kind": "embankment"}}, {"type": "Feature", "geometry": {"type": "Point", "coordinates": [-118.45547690000001, 34.107415]}, "properties": {"kind": "embankment"}}, {"type": "Feature", "geometry": {"type": "Point", "coordinates": [-118.45380510000001, 34.10589215]}, "properties": {"kind": "embankment"}}, {"type": "Feature", "geometry": {"type": "Point", "coordinates": [-118.45224798770332, 34.10504812819348]}, "properties": {"kind": "embankment"}}, {"type": "Feature", "geometry": {"type": "Point", "coordinates": [-118.45381733085765, 34.10604462522159]}, "properties": {"kind": "embankment"}}, {"type": "Feature", "geometry": {"type": "Point", "coordinates": [-118.45425159999999, 34.10577685]}, "properties": {"kind": "drain"}}, {"type": "Feature", "geometry": {"type": "Point", "coordinates": [-118.4551376404671, 34.11840133109737]}, "properties": {"kind": "embankment"}}, {"type": "Feature", "geometry": {"type": "Point", "coordinates": [-118.4547717918532, 34.11913267555583]}, "properties": {"kind": "embankment"}}, {"type": "Feature", "geometry": {"type": "Point", "coordinates": [-118.45459704216542, 34.121720376934555]}, "properties": {"kind": "embankment"}}, {"type": "Feature", "geometry": {"type": "Point", "coordinates": [-118.45500233625118, 34.12344391037912]}, "properties": {"kind": "embankment"}}, {"type": "Feature", "geometry": {"type": "Point", "coordinates": [-118.45443253965215, 34.12149515343868]}, "properties": {"kind": "embankment"}}, {"type": "Feature", "geometry": {"type": "Point", "coordinates": [-118.30064711747848, 33.88375544999898]}, "properties": {"kind": "bridge"}}, {"type": "Feature", "geometry": {"type": "Point", "coordinates": [-118.29049531887816, 33.8725598217922]}, "properties": {"kind": "drain"}}, {"type": "Feature", "geometry": {"type": "Point", "coordinates": [-118.31010565190391, 34.11522199551653]}, "properties": {"kind": "yes"}}, {"type": "Feature", "geometry": {"type": "Point", "coordinates": [-118.2930299695955, 33.87499815367128]}, "properties": {"kind": "stream"}}, {"type": "Feature", "geometry": {"type": "Point", "coordinates": [-118.29244447156773, 33.874805159643984]}, "properties": {"kind": "stream"}}, {"type": "Feature", "geometry": {"type": "Point", "coordinates": [-118.29382304963733, 33.874957062508365]}, "properties": {"kind": "stream"}}, {"type": "Feature", "geometry": {"type": "Point", "coordinates": [-118.29431225144607, 33.87444952082248]}, "properties": {"kind": "stream"}}, {"type": "Feature", "geometry": {"type": "Point", "coordinates": [-118.29362298601451, 33.87421386104683]}, "properties": {"kind": "stream"}}, {"type": "Feature", "geometry": {"type": "Point", "coordinates": [-118.29324744210048, 33.874117197744916]}, "properties": {"kind": "stream"}}, {"type": "Feature", "geometry": {"type": "Point", "coordinates": [-118.29255533205706, 33.87395899092378]}, "properties": {"kind": "stream"}}, {"type": "Feature", "geometry": {"type": "Point", "coordinates": [-118.29421426469749, 33.87491114296869]}, "properties": {"kind": "stream"}}, {"type": "Feature", "geometry": {"type": "Point", "coordinates": [-118.4465959, 33.9707693]}, "properties": {"kind": "pier"}}, {"type": "Feature", "geometry": {"type": "Point", "coordinates": [-118.44659659999998, 33.97082495]}, "properties": {"kind": "pier"}}, {"type": "Feature", "geometry": {"type": "Point", "coordinates": [-118.44659575, 33.970878400000004]}, "properties": {"kind": "pier"}}, {"type": "Feature", "geometry": {"type": "Point", "coordinates": [-118.44659555000001, 33.970933349999996]}, "properties": {"kind": "pier"}}, {"type": "Feature", "geometry": {"type": "Point", "coordinates": [-118.4467128, 33.97111065]}, "properties": {"kind": "pier"}}, {"type": "Feature", "geometry": {"type": "Point", "coordinates": [-118.4466481, 33.97111015]}, "properties": {"kind": "pier"}}, {"type": "Feature", "geometry": {"type": "Point", "coordinates": [-118.44658225, 33.971110499999995]}, "properties": {"kind": "pier"}}, {"type": "Feature", "geometry": {"type": "Point", "coordinates": [-118.44659795, 33.970995349999995]}, "properties": {"kind": "pier"}}, {"type": "Feature", "geometry": {"type": "Point", "coordinates": [-118.44661345, 33.97229035]}, "properties": {"kind": "pier"}}, {"type": "Feature", "geometry": {"type": "Point", "coordinates": [-118.44661475000001, 33.97274335]}, "properties": {"kind": "pier"}}, {"type": "Feature", "geometry": {"type": "Point", "coordinates": [-118.44661095000001, 33.973078650000005]}, "properties": {"kind": "pier"}}, {"type": "Feature", "geometry": {"type": "Point", "coordinates": [-118.44652065, 33.9734245]}, "properties": {"kind": "pier"}}, {"type": "Feature", "geometry": {"type": "Point", "coordinates": [-118.44612325, 33.975167]}, "properties": {"kind": "pier"}}, {"type": "Feature", "geometry": {"type": "Point", "coordinates": [-118.4460714, 33.97507425]}, "properties": {"kind": "pier"}}, {"type": "Feature", "geometry": {"type": "Point", "coordinates": [-118.44601785, 33.9749977]}, "properties": {"kind": "pier"}}, {"type": "Feature", "geometry": {"type": "Point", "coordinates": [-118.44596525, 33.9749226]}, "properties": {"kind": "pier"}}, {"type": "Feature", "geometry": {"type": "Point", "coordinates": [-118.44590454999998, 33.97484555]}, "properties": {"kind": "pier"}}, {"type": "Feature", "geometry": {"type": "Point", "coordinates": [-118.44567645000001, 33.97540425]}, "properties": {"kind": "pier"}}, {"type": "Feature", "geometry": {"type": "Point", "coordinates": [-118.4455333, 33.9754724]}, "properties": {"kind": "pier"}}, {"type": "Feature", "geometry": {"type": "Point", "coordinates": [-118.44550050000001, 33.975324150000006]}, "properties": {"kind": "pier"}}, {"type": "Feature", "geometry": {"type": "Point", "coordinates": [-118.44546714999998, 33.97527665]}, "properties": {"kind": "pier"}}, {"type": "Feature", "geometry": {"type": "Point", "coordinates": [-118.44551355, 33.9751983]}, "properties": {"kind": "pier"}}, {"type": "Feature", "geometry": {"type": "Point", "coordinates": [-118.4453712, 33.975250149999994]}, "properties": {"kind": "pier"}}, {"type": "Feature", "geometry": {"type": "Point", "coordinates": [-118.4454824, 33.9751537]}, "properties": {"kind": "pier"}}, {"type": "Feature", "geometry": {"type": "Point", "coordinates": [-118.4453324, 33.9751969]}, "properties": {"kind": "pier"}}, {"type": "Feature", "geometry": {"type": "Point", "coordinates": [-118.4454481, 33.9751031]}, "properties": {"kind": "pier"}}, {"type": "Feature", "geometry": {"type": "Point", "coordinates": [-118.44529649999998, 33.975144]}, "properties": {"kind": "pier"}}, {"type": "Feature", "geometry": {"type": "Point", "coordinates": [-118.4451091, 33.975697100000005]}, "properties": {"kind": "pier"}}, {"type": "Feature", "geometry": {"type": "Point", "coordinates": [-118.44507605, 33.975646850000004]}, "properties": {"kind": "pier"}}, {"type": "Feature", "geometry": {"type": "Point", "coordinates": [-118.44503885000002, 33.97559195]}, "properties": {"kind": "pier"}}, {"type": "Feature", "geometry": {"type": "Point", "coordinates": [-118.44500529999999, 33.97554155]}, "properties": {"kind": "pier"}}, {"type": "Feature", "geometry": {"type": "Point", "coordinates": [-118.44497045000001, 33.97549065]}, "properties": {"kind": "pier"}}, {"type": "Feature", "geometry": {"type": "Point", "coordinates": [-118.4449337, 33.9754334]}, "properties": {"kind": "pier"}}, {"type": "Feature", "geometry": {"type": "Point", "coordinates": [-118.4449008, 33.9753872]}, "properties": {"kind": "pier"}}, {"type": "Feature", "geometry": {"type": "Point", "coordinates": [-118.44487130000002, 33.97534005]}, "properties": {"kind": "pier"}}, {"type": "Feature", "geometry": {"type": "Point", "coordinates": [-118.44617285, 33.97467705]}, "properties": {"kind": "pier"}}, {"type": "Feature", "geometry": {"type": "Point", "coordinates": [-118.44476350000001, 33.975858]}, "properties": {"kind": "pier"}}, {"type": "Feature", "geometry": {"type": "Point", "coordinates": [-118.4446999, 33.97588945]}, "properties": {"kind": "pier"}}, {"type": "Feature", "geometry": {"type": "Point", "coordinates": [-118.44463755, 33.9759196]}, "properties": {"kind": "pier"}}, {"type": "Feature", "geometry": {"type": "Point", "coordinates": [-118.44454859999998, 33.9758084]}, "properties": {"kind": "pier"}}, {"type": "Feature", "geometry": {"type": "Point", "coordinates": [-118.44457849385851, 33.97573798707713]}, "properties": {"kind": "pier"}}, {"type": "Feature", "geometry": {"type": "Point", "coordinates": [-118.44448840000001, 33.975719600000005]}, "properties": {"kind": "pier"}}, {"type": "Feature", "geometry": {"type": "Point", "coordinates": [-118.4444589, 33.9756745]}, "properties": {"kind": "pier"}}, {"type": "Feature", "geometry": {"type": "Point", "coordinates": [-118.44442875, 33.97562875]}, "properties": {"kind": "pier"}}, {"type": "Feature", "geometry": {"type": "Point", "coordinates": [-118.4445916, 33.97563255]}, "properties": {"kind": "pier"}}, {"type": "Feature", "geometry": {"type": "Point", "coordinates": [-118.444531, 33.97556375]}, "properties": {"kind": "pier"}}, {"type": "Feature", "geometry": {"type": "Point", "coordinates": [-118.44443070767372, 33.975508085689164]}, "properties": {"kind": "pier"}}, {"type": "Feature", "geometry": {"type": "Point", "coordinates": [-118.44439909999998, 33.97558325]}, "properties": {"kind": "pier"}}, {"type": "Feature", "geometry": {"type": "Point", "coordinates": [-118.44429110180955, 33.97616415373677]}, "properties": {"kind": "pier"}}, {"type": "Feature", "geometry": {"type": "Point", "coordinates": [-118.44419425, 33.9761563]}, "properties": {"kind": "pier"}}, {"type": "Feature", "geometry": {"type": "Point", "coordinates": [-118.44430835, 33.97608635]}, "properties": {"kind": "pier"}}, {"type": "Feature", "geometry": {"type": "Point", "coordinates": [-118.44427350000001, 33.97603725]}, "properties": {"kind": "pier"}}, {"type": "Feature", "geometry": {"type": "Point", "coordinates": [-118.44414069999999, 33.976078]}, "properties": {"kind": "pier"}}, {"type": "Feature", "geometry": {"type": "Point", "coordinates": [-118.44424095, 33.97598825]}, "properties": {"kind": "pier"}}, {"type": "Feature", "geometry": {"type": "Point", "coordinates": [-118.44411435, 33.97603545]}, "properties": {"kind": "pier"}}, {"type": "Feature", "geometry": {"type": "Point", "coordinates": [-118.44415046276697, 33.97596672698995]}, "properties": {"kind": "pier"}}, {"type": "Feature", "geometry": {"type": "Point", "coordinates": [-118.4441721, 33.97588735]}, "properties": {"kind": "pier"}}, {"type": "Feature", "geometry": {"type": "Point", "coordinates": [-118.4440587, 33.9759543]}, "properties": {"kind": "pier"}}, {"type": "Feature", "geometry": {"type": "Point", "coordinates": [-118.4440309, 33.97591625]}, "properties": {"kind": "pier"}}, {"type": "Feature", "geometry": {"type": "Point", "coordinates": [-118.44413845000001, 33.975835950000004]}, "properties": {"kind": "pier"}}, {"type": "Feature", "geometry": {"type": "Point", "coordinates": [-118.44400189999999, 33.97587275]}, "properties": {"kind": "pier"}}, {"type": "Feature", "geometry": {"type": "Point", "coordinates": [-118.44410535, 33.9757885]}, "properties": {"kind": "pier"}}, {"type": "Feature", "geometry": {"type": "Point", "coordinates": [-118.44397375, 33.975833550000004]}, "properties": {"kind": "pier"}}, {"type": "Feature", "geometry": {"type": "Point", "coordinates": [-118.44407344999999, 33.97574205]}, "properties": {"kind": "pier"}}, {"type": "Feature", "geometry": {"type": "Point", "coordinates": [-118.44394545, 33.9757913]}, "properties": {"kind": "pier"}}, {"type": "Feature", "geometry": {"type": "Point", "coordinates": [-118.44390365885553, 33.97574875017881]}, "properties": {"kind": "pier"}}, {"type": "Feature", "geometry": {"type": "Point", "coordinates": [-118.44389523900821, 33.97635547706042]}, "properties": {"kind": "pier"}}, {"type": "Feature", "geometry": {"type": "Point", "coordinates": [-118.44386374999999, 33.9763184]}, "properties": {"kind": "pier"}}, {"type": "Feature", "geometry": {"type": "Point", "coordinates": [-118.44377925, 33.97630745]}, "properties": {"kind": "pier"}}, {"type": "Feature", "geometry": {"type": "Point", "coordinates": [-118.44388409999999, 33.976251950000005]}, "properties": {"kind": "pier"}}, {"type": "Feature", "geometry": {"type": "Point", "coordinates": [-118.4438574, 33.97621145]}, "properties": {"kind": "pier"}}, {"type": "Feature", "geometry": {"type": "Point", "coordinates": [-118.44375685, 33.9762719]}, "properties": {"kind": "pier"}}, {"type": "Feature", "geometry": {"type": "Point", "coordinates": [-118.44382845000001, 33.97617025]}, "properties": {"kind": "pier"}}, {"type": "Feature", "geometry": {"type": "Point", "coordinates": [-118.44372985, 33.976235849999995]}, "properties": {"kind": "pier"}}, {"type": "Feature", "geometry": {"type": "Point", "coordinates": [-118.44380100000001, 33.97613055]}, "properties": {"kind": "pier"}}, {"type": "Feature", "geometry": {"type": "Point", "coordinates": [-118.4437008, 33.9761955]}, "properties": {"kind": "pier"}}, {"type": "Feature", "geometry": {"type": "Point", "coordinates": [-118.44367525, 33.976160449999995]}, "properties": {"kind": "pier"}}, {"type": "Feature", "geometry": {"type": "Point", "coordinates": [-118.44377155000001, 33.9760895]}, "properties": {"kind": "pier"}}, {"type": "Feature", "geometry": {"type": "Point", "coordinates": [-118.44374455, 33.9760499]}, "properties": {"kind": "pier"}}, {"type": "Feature", "geometry": {"type": "Point", "coordinates": [-118.44362659999997, 33.9760878]}, "properties": {"kind": "pier"}}, {"type": "Feature", "geometry": {"type": "Point", "coordinates": [-118.44365365, 33.9761248]}, "properties": {"kind": "pier"}}, {"type": "Feature", "geometry": {"type": "Point", "coordinates": [-118.4437162, 33.97600935]}, "properties": {"kind": "pier"}}, {"type": "Feature", "geometry": {"type": "Point", "coordinates": [-118.44360515, 33.9760519]}, "properties": {"kind": "pier"}}, {"type": "Feature", "geometry": {"type": "Point", "coordinates": [-118.4436892, 33.9759704]}, "properties": {"kind": "pier"}}, {"type": "Feature", "geometry": {"type": "Point", "coordinates": [-118.44356875, 33.9760037]}, "properties": {"kind": "pier"}}, {"type": "Feature", "geometry": {"type": "Point", "coordinates": [-118.443661, 33.9759297]}, "properties": {"kind": "pier"}}, {"type": "Feature", "geometry": {"type": "Point", "coordinates": [-118.4435471, 33.975972299999995]}, "properties": {"kind": "pier"}}, {"type": "Feature", "geometry": {"type": "Point", "coordinates": [-118.4435829, 33.975909349999995]}, "properties": {"kind": "pier"}}, {"type": "Feature", "geometry": {"type": "Point", "coordinates": [-118.44145615, 33.977194]}, "properties": {"kind": "pier"}}, {"type": "Feature", "geometry": {"type": "Point", "coordinates": [-118.4414005, 33.97713095]}, "properties": {"kind": "pier"}}, {"type": "Feature", "geometry": {"type": "Point", "coordinates": [-118.4413614, 33.9770756]}, "properties": {"kind": "pier"}}, {"type": "Feature", "geometry": {"type": "Point", "coordinates": [-118.44136395, 33.97699265]}, "properties": {"kind": "pier"}}, {"type": "Feature", "geometry": {"type": "Point", "coordinates": [-118.44355065240812, 33.97652260504113]}, "properties": {"kind": "pier"}}, {"type": "Feature", "geometry": {"type": "Point", "coordinates": [-118.4435262, 33.97648915]}, "properties": {"kind": "pier"}}, {"type": "Feature", "geometry": {"type": "Point", "coordinates": [-118.4435376, 33.9764268]}, "properties": {"kind": "pier"}}, {"type": "Feature", "geometry": {"type": "Point", "coordinates": [-118.44344935000001, 33.976477450000004]}, "properties": {"kind": "pier"}}, {"type": "Feature", "geometry": {"type": "Point", "coordinates": [-118.4435109, 33.97638915]}, "properties": {"kind": "pier"}}, {"type": "Feature", "geometry": {"type": "Point", "coordinates": [-118.44342524999998, 33.976443849999995]}, "properties": {"kind": "pier"}}, {"type": "Feature", "geometry": {"type": "Point", "coordinates": [-118.44348600000001, 33.976352750000004]}, "properties": {"kind": "pier"}}, {"type": "Feature", "geometry": {"type": "Point", "coordinates": [-118.4434029, 33.9764091]}, "properties": {"kind": "pier"}}, {"type": "Feature", "geometry": {"type": "Point", "coordinates": [-118.44345745000001, 33.97630995]}, "properties": {"kind": "pier"}}, {"type": "Feature", "geometry": {"type": "Point", "coordinates": [-118.44337905, 33.97637685]}, "properties": {"kind": "pier"}}, {"type": "Feature", "geometry": {"type": "Point", "coordinates": [-118.44343225, 33.9762752]}, "properties": {"kind": "pier"}}, {"type": "Feature", "geometry": {"type": "Point", "coordinates": [-118.44335724999999, 33.97634345]}, "properties": {"kind": "pier"}}, {"type": "Feature", "geometry": {"type": "Point", "coordinates": [-118.44333230000001, 33.97630945]}, "properties": {"kind": "pier"}}, {"type": "Feature", "geometry": {"type": "Point", "coordinates": [-118.44340665, 33.976239]}, "properties": {"kind": "pier"}}, {"type": "Feature", "geometry": {"type": "Point", "coordinates": [-118.4433093, 33.9762755]}, "properties": {"kind": "pier"}}, {"type": "Feature", "geometry": {"type": "Point", "coordinates": [-118.44338204999998, 33.9762042]}, "properties": {"kind": "pier"}}, {"type": "Feature", "geometry": {"type": "Point", "coordinates": [-118.44328675, 33.97624155]}, "properties": {"kind": "pier"}}, {"type": "Feature", "geometry": {"type": "Point", "coordinates": [-118.44325925000001, 33.97620415]}, "properties": {"kind": "pier"}}, {"type": "Feature", "geometry": {"type": "Point", "coordinates": [-118.44335965, 33.976169150000004]}, "properties": {"kind": "pier"}}, {"type": "Feature", "geometry": {"type": "Point", "coordinates": [-118.44333474999999, 33.97613135]}, "properties": {"kind": "pier"}}, {"type": "Feature", "geometry": {"type": "Point", "coordinates": [-118.44323519999999, 33.976168799999996]}, "properties": {"kind": "pier"}}, {"type": "Feature", "geometry": {"type": "Point", "coordinates": [-118.44326355, 33.9761118]}, "properties": {"kind": "pier"}}, {"type": "Feature", "geometry": {"type": "Point", "coordinates": [-118.4432404, 33.9760739]}, "properties": {"kind": "pier"}}, {"type": "Feature", "geometry": {"type": "Point", "coordinates": [-118.44325174327045, 33.97666408545812]}, "properties": {"kind": "pier"}}, {"type": "Feature", "geometry": {"type": "Point", "coordinates": [-118.44322434751696, 33.97663019475037]}, "properties": {"kind": "pier"}}, {"type": "Feature", "geometry": {"type": "Point", "coordinates": [-118.44320165282373, 33.97659560611112]}, "properties": {"kind": "pier"}}, {"type": "Feature", "geometry": {"type": "Point", "coordinates": [-118.44317675758808, 33.97655901562428]}, "properties": {"kind": "pier"}}, {"type": "Feature", "geometry": {"type": "Point", "coordinates": [-118.4431500963853, 33.9765227421764]}, "properties": {"kind": "pier"}}, {"type": "Feature", "geometry": {"type": "Point", "coordinates": [-118.4431273095057, 33.97648817061735]}, "properties": {"kind": "pier"}}, {"type": "Feature", "geometry": {"type": "Point", "coordinates": [-118.44310130303528, 33.97645305634334]}, "properties": {"kind": "pier"}}, {"type": "Feature", "geometry": {"type": "Point", "coordinates": [-118.4431225, 33.976398]}, "properties": {"kind": "pier"}}, {"type": "Feature", "geometry": {"type": "Point", "coordinates": [-118.4430985, 33.976362800000004]}, "properties": {"kind": "pier"}}, {"type": "Feature", "geometry": {"type": "Point", "coordinates": [-118.443074, 33.97632815]}, "properties": {"kind": "pier"}}, {"type": "Feature", "geometry": {"type": "Point", "coordinates": [-118.443052, 33.97629485]}, "properties": {"kind": "pier"}}, {"type": "Feature", "geometry": {"type": "Point", "coordinates": [-118.44303045000001, 33.9762631]}, "properties": {"kind": "pier"}}, {"type": "Feature", "geometry": {"type": "Point", "coordinates": [-118.44300870000001, 33.9762322]}, "properties": {"kind": "pier"}}, {"type": "Feature", "geometry": {"type": "Point", "coordinates": [-118.44265700033108, 33.9764097852132]}, "properties": {"kind": "pier"}}, {"type": "Feature", "geometry": {"type": "Point", "coordinates": [-118.44285470594446, 33.97685906269471]}, "properties": {"kind": "pier"}}, {"type": "Feature", "geometry": {"type": "Point", "coordinates": [-118.44288230000001, 33.97678635]}, "properties": {"kind": "pier"}}, {"type": "Feature", "geometry": {"type": "Point", "coordinates": [-118.4427708, 33.976846300000005]}, "properties": {"kind": "pier"}}, {"type": "Feature", "geometry": {"type": "Point", "coordinates": [-118.44284945, 33.97674405]}, "properties": {"kind": "pier"}}, {"type": "Feature", "geometry": {"type": "Point", "coordinates": [-118.4427426, 33.97680724999999]}, "properties": {"kind": "pier"}}, {"type": "Feature", "geometry": {"type": "Point", "coordinates": [-118.4428224, 33.976701750000004]}, "properties": {"kind": "pier"}}, {"type": "Feature", "geometry": {"type": "Point", "coordinates": [-118.44271205, 33.976764]}, "properties": {"kind": "pier"}}, {"type": "Feature", "geometry": {"type": "Point", "coordinates": [-118.4427942, 33.97666155]}, "properties": {"kind": "pier"}}, {"type": "Feature", "geometry": {"type": "Point", "coordinates": [-118.44268604999999, 33.97672385]}, "properties": {"kind": "pier"}}, {"type": "Feature", "geometry": {"type": "Point", "coordinates": [-118.4427649, 33.97662165]}, "properties": {"kind": "pier"}}, {"type": "Feature", "geometry": {"type": "Point", "coordinates": [-118.44265715, 33.97668295]}, "properties": {"kind": "pier"}}, {"type": "Feature", "geometry": {"type": "Point", "coordinates": [-118.44263040000001, 33.976643100000004]}, "properties": {"kind": "pier"}}, {"type": "Feature", "geometry": {"type": "Point", "coordinates": [-118.44260034999999, 33.9766034]}, "properties": {"kind": "pier"}}, {"type": "Feature", "geometry": {"type": "Point", "coordinates": [-118.44257195, 33.97656255]}, "properties": {"kind": "pier"}}, {"type": "Feature", "geometry": {"type": "Point", "coordinates": [-118.4425431, 33.976524600000005]}, "properties": {"kind": "pier"}}, {"type": "Feature", "geometry": {"type": "Point", "coordinates": [-118.44251700000001, 33.976481899999996]}, "properties": {"kind": "pier"}}, {"type": "Feature", "geometry": {"type": "Point", "coordinates": [-118.4424849, 33.976437450000006]}, "properties": {"kind": "pier"}}, {"type": "Feature", "geometry": {"type": "Point", "coordinates": [-118.44580736243765, 33.97619359217941]}, "properties": {"kind": "pier"}}, {"type": "Feature", "geometry": {"type": "Point", "coordinates": [-118.44567355000002, 33.9762083]}, "properties": {"kind": "pier"}}, {"type": "Feature", "geometry": {"type": "Point", "coordinates": [-118.44557725, 33.9762539]}, "properties": {"kind": "pier"}}, {"type": "Feature", "geometry": {"type": "Point", "coordinates": [-118.44548164999999, 33.976296149999996]}, "properties": {"kind": "pier"}}, {"type": "Feature", "geometry": {"type": "Point", "coordinates": [-118.44539475, 33.976342149999994]}, "properties": {"kind": "pier"}}, {"type": "Feature", "geometry": {"type": "Point", "coordinates": [-118.44530524999999, 33.976386250000004]}, "properties": {"kind": "pier"}}, {"type": "Feature", "geometry": {"type": "Point", "coordinates": [-118.44521249999998, 33.976430199999996]}, "properties": {"kind": "pier"}}, {"type": "Feature", "geometry": {"type": "Point", "coordinates": [-118.44512455, 33.9764736]}, "properties": {"kind": "pier"}}, {"type": "Feature", "geometry": {"type": "Point", "coordinates": [-118.44503474999999, 33.976515]}, "properties": {"kind": "pier"}}, {"type": "Feature", "geometry": {"type": "Point", "coordinates": [-118.44484517127545, 33.976657732096264]}, "properties": {"kind": "pier"}}, {"type": "Feature", "geometry": {"type": "Point", "coordinates": [-118.4447107, 33.9766746]}, "properties": {"kind": "pier"}}, {"type": "Feature", "geometry": {"type": "Point", "coordinates": [-118.44461884999998, 33.976717]}, "properties": {"kind": "pier"}}, {"type": "Feature", "geometry": {"type": "Point", "coordinates": [-118.44452774999999, 33.976762]}, "properties": {"kind": "pier"}}, {"type": "Feature", "geometry": {"type": "Point", "coordinates": [-118.4444374, 33.976804400000006]}, "properties": {"kind": "pier"}}, {"type": "Feature", "geometry": {"type": "Point", "coordinates": [-118.44434580000001, 33.976849400000006]}, "properties": {"kind": "pier"}}, {"type": "Feature", "geometry": {"type": "Point", "coordinates": [-118.44425240000001, 33.9768932]}, "properties": {"kind": "pier"}}, {"type": "Feature", "geometry": {"type": "Point", "coordinates": [-118.44277785, 33.97759284999999]}, "properties": {"kind": "pier"}}, {"type": "Feature", "geometry": {"type": "Point", "coordinates": [-118.44274225356557, 33.97763711821098]}, "properties": {"kind": "pier"}}, {"type": "Feature", "geometry": {"type": "Point", "coordinates": [-118.44308511565369, 33.97749133778623]}, "properties": {"kind": "pier"}}, {"type": "Feature", "geometry": {"type": "Point", "coordinates": [-118.44253697022017, 33.977737401416675]}, "properties": {"kind": "pier"}}, {"type": "Feature", "geometry": {"type": "Point", "coordinates": [-118.33735773936345, 33.92924735876823]}, "properties": {"kind": "drain"}}, {"type": "Feature", "geometry": {"type": "Point", "coordinates": [-118.33755364748482, 33.92757288678265]}, "properties": {"kind": "drain"}}, {"type": "Feature", "geometry": {"type": "Point", "coordinates": [-118.47939373188596, 34.09656841010396]}, "properties": {"kind": "water_works"}}, {"type": "Feature", "geometry": {"type": "Point", "coordinates": [-118.45580248169038, 34.12092009869992]}, "properties": {"kind": "dam"}}, {"type": "Feature", "geometry": {"type": "Point", "coordinates": [-118.45460723588562, 34.12115188436677]}, "properties": {"kind": "dam"}}, {"type": "Feature", "geometry": {"type": "Point", "coordinates": [-118.45349281312203, 34.10604042097433]}, "properties": {"kind": "dam"}}, {"type": "Feature", "geometry": {"type": "Point", "coordinates": [-118.45436203397595, 34.1189137670429]}, "properties": {"kind": "drain"}}, {"type": "Feature", "geometry": {"type": "Point", "coordinates": [-118.38931700000002, 34.00514995]}, "properties": {"kind": "drain"}}, {"type": "Feature", "geometry": {"type": "Point", "coordinates": [-118.39345621441052, 34.004149273324785]}, "properties": {"kind": "drain"}}, {"type": "Feature", "geometry": {"type": "Point", "coordinates": [-118.38398970534655, 34.00536646607717]}, "properties": {"kind": "drain"}}, {"type": "Feature", "geometry": {"type": "Point", "coordinates": [-118.34729661173358, 34.04551530057852]}, "properties": {"kind": "drain"}}, {"type": "Feature", "geometry": {"type": "Point", "coordinates": [-118.44265329999999, 33.977705900000004]}, "properties": {"kind": "pier"}}, {"type": "Feature", "geometry": {"type": "Point", "coordinates": [-118.44432883188779, 33.97690583759292]}, "properties": {"kind": "pier"}}, {"type": "Feature", "geometry": {"type": "Point", "coordinates": [-118.44937344999946, 33.981731100346636]}, "properties": {"kind": "pier"}}, {"type": "Feature", "geometry": {"type": "Point", "coordinates": [-118.44967196094865, 33.98137831720367]}, "properties": {"kind": "pier"}}, {"type": "Feature", "geometry": {"type": "Point", "coordinates": [-118.45002745, 33.97590185]}, "properties": {"kind": "pier"}}, {"type": "Feature", "geometry": {"type": "Point", "coordinates": [-118.33052358050303, 33.91282088292389]}, "properties": {"kind": "stream"}}, {"type": "Feature", "geometry": {"type": "Point", "coordinates": [-118.44645885844224, 34.06324148535006]}, "properties": {"kind": "stream"}}, {"type": "Feature", "geometry": {"type": "Point", "coordinates": [-118.44413575407104, 34.07450628801234]}, "properties": {"kind": "stream"}}, {"type": "Feature", "geometry": {"type": "Point", "coordinates": [-118.44410694999999, 34.07532855]}, "properties": {"kind": "stream"}}, {"type": "Feature", "geometry": {"type": "Point", "coordinates": [-118.45736601810965, 34.08298122385559]}, "properties": {"kind": "stream"}}, {"type": "Feature", "geometry": {"type": "Point", "coordinates": [-118.4949551369154, 34.06101054750281]}, "properties": {"kind": "stream"}}, {"type": "Feature", "geometry": {"type": "Point", "coordinates": [-118.40577465090097, 33.89091745439414]}, "properties": {"kind": "canopy"}}, {"type": "Feature", "geometry": {"type": "Point", "coordinates": [-118.40572577035432, 33.89082196021005]}, "properties": {"kind": "canopy"}}, {"type": "Feature", "geometry": {"type": "Point", "coordinates": [-118.40570004782373, 33.89077091816924]}, "properties": {"kind": "canopy"}}, {"type": "Feature", "geometry": {"type": "Point", "coordinates": [-118.40568172049203, 33.890728334931666]}, "properties": {"kind": "canopy"}}, {"type": "Feature", "geometry": {"type": "Point", "coordinates": [-118.49221902869039, 34.00619230629969]}, "properties": {"kind": "bridge"}}, {"type": "Feature", "geometry": {"type": "Point", "coordinates": [-118.49276970090317, 34.00580061459191]}, "properties": {"kind": "stream"}}, {"type": "Feature", "geometry": {"type": "Point", "coordinates": [-118.40544810725743, 33.88993939463913]}, "properties": {"kind": "wastewater_plant"}}, {"type": "Feature", "geometry": {"type": "Point", "coordinates": [-118.40850951472073, 33.88605757034889]}, "properties": {"kind": "planter"}}, {"type": "Feature", "geometry": {"type": "Point", "coordinates": [-118.40530479132897, 33.891077619547666]}, "properties": {"kind": "canopy"}}, {"type": "Feature", "geometry": {"type": "Point", "coordinates": [-118.44957319999999, 33.971563149999994]}, "properties": {"kind": "fuel"}}, {"type": "Feature", "geometry": {"type": "Point", "coordinates": [-118.40921786289383, 34.09371536094069]}, "properties": {"kind": "water"}}, {"type": "Feature", "geometry": {"type": "Point", "coordinates": [-118.46593839699428, 34.04392288659262]}, "properties": {"kind": "water_works"}}, {"type": "Feature", "geometry": {"type": "Point", "coordinates": [-118.45585115, 33.97826905]}, "properties": {"kind": "pier"}}, {"type": "Feature", "geometry": {"type": "Point", "coordinates": [-118.4572682, 33.97824235]}, "properties": {"kind": "pier"}}, {"type": "Feature", "geometry": {"type": "Point", "coordinates": [-118.44971123895839, 33.97620044445095]}, "properties": {"kind": "pier"}}, {"type": "Feature", "geometry": {"type": "Point", "coordinates": [-118.41548901591915, 33.914198008795076]}, "properties": {"kind": "storage_tank"}}, {"type": "Feature", "geometry": {"type": "Point", "coordinates": [-118.41524501418635, 33.91408141362355]}, "properties": {"kind": "storage_tank"}}, {"type": "Feature", "geometry": {"type": "Point", "coordinates": [-118.41588366817996, 33.9140490816116]}, "properties": {"kind": "storage_tank"}}, {"type": "Feature", "geometry": {"type": "Point", "coordinates": [-118.4157700063854, 33.91370320401375]}, "properties": {"kind": "storage_tank"}}, {"type": "Feature", "geometry": {"type": "Point", "coordinates": [-118.41447098154829, 33.913473103526265]}, "properties": {"kind": "storage_tank"}}, {"type": "Feature", "geometry": {"type": "Point", "coordinates": [-118.41103375823705, 33.90694230716448]}, "properties": {"kind": "pipeline"}}, {"type": "Feature", "geometry": {"type": "Point", "coordinates": [-118.4086512, 33.907175450000004]}, "properties": {"kind": "storage_tank"}}, {"type": "Feature", "geometry": {"type": "Point", "coordinates": [-118.40934646115974, 33.9087304080279]}, "properties": {"kind": "pipeline"}}, {"type": "Feature", "geometry": {"type": "Point", "coordinates": [-118.40470307311595, 33.906473711344184]}, "properties": {"kind": "pipeline"}}, {"type": "Feature", "geometry": {"type": "Point", "coordinates": [-118.42260944241612, 33.91457221646825]}, "properties": {"kind": "storage_tank"}}, {"type": "Feature", "geometry": {"type": "Point", "coordinates": [-118.42395697989107, 33.90892516282742]}, "properties": {"kind": "storage_tank"}}, {"type": "Feature", "geometry": {"type": "Point", "coordinates": [-118.42381470429022, 33.90897673686341]}, "properties": {"kind": "storage_tank"}}, {"type": "Feature", "geometry": {"type": "Point", "coordinates": [-118.42367760267543, 33.90902737407269]}, "properties": {"kind": "storage_tank"}}, {"type": "Feature", "geometry": {"type": "Point", "coordinates": [-118.42354643076764, 33.909039662083096]}, "properties": {"kind": "storage_tank"}}, {"type": "Feature", "geometry": {"type": "Point", "coordinates": [-118.42548415158859, 33.91050597491955]}, "properties": {"kind": "chimney"}}, {"type": "Feature", "geometry": {"type": "Point", "coordinates": [-118.42586530036004, 33.91112564322645]}, "properties": {"kind": "chimney"}}, {"type": "Feature", "geometry": {"type": "Point", "coordinates": [-118.41824155618276, 33.91512057128958]}, "properties": {"kind": "chimney"}}, {"type": "Feature", "geometry": {"type": "Point", "coordinates": [-118.40803598450066, 33.90468402964051]}, "properties": {"kind": "storage_tank"}}, {"type": "Feature", "geometry": {"type": "Point", "coordinates": [-118.41189384010082, 33.90480057465172]}, "properties": {"kind": "pipeline"}}, {"type": "Feature", "geometry": {"type": "Point", "coordinates": [-118.41549303043297, 33.906330002519496]}, "properties": {"kind": "storage_tank"}}, {"type": "Feature", "geometry": {"type": "Point", "coordinates": [-118.41552304095666, 33.913445092842196]}, "properties": {"kind": "chimney"}}, {"type": "Feature", "geometry": {"type": "Point", "coordinates": [-118.4153151065109, 33.91352492748404]}, "properties": {"kind": "chimney"}}, {"type": "Feature", "geometry": {"type": "Point", "coordinates": [-118.41522525659305, 33.91356093378439]}, "properties": {"kind": "chimney"}}, {"type": "Feature", "geometry": {"type": "Point", "coordinates": [-118.41462835204199, 33.912735187581774]}, "properties": {"kind": "chimney"}}, {"type": "Feature", "geometry": {"type": "Point", "coordinates": [-118.41175463789945, 33.91329030963807]}, "properties": {"kind": "chimney"}}, {"type": "Feature", "geometry": {"type": "Point", "coordinates": [-118.40708805715938, 33.91568790885768]}, "properties": {"kind": "storage_tank"}}, {"type": "Feature", "geometry": {"type": "Point", "coordinates": [-118.40714035748094, 33.91569126193697]}, "properties": {"kind": "storage_tank"}}, {"type": "Feature", "geometry": {"type": "Point", "coordinates": [-118.40719135529014, 33.91569127660347]}, "properties": {"kind": "storage_tank"}}, {"type": "Feature", "geometry": {"type": "Point", "coordinates": [-118.40724495748094, 33.91569236193697]}, "properties": {"kind": "storage_tank"}}, {"type": "Feature", "geometry": {"type": "Point", "coordinates": [-118.40729625573228, 33.915693176652994]}, "properties": {"kind": "storage_tank"}}, {"type": "Feature", "geometry": {"type": "Point", "coordinates": [-118.40651560060462, 33.915432655661846]}, "properties": {"kind": "storage_tank"}}, {"type": "Feature", "geometry": {"type": "Point", "coordinates": [-118.40649363477212, 33.91539751211748]}, "properties": {"kind": "storage_tank"}}, {"type": "Feature", "geometry": {"type": "Point", "coordinates": [-118.40647585906984, 33.91536125986816]}, "properties": {"kind": "storage_tank"}}, {"type": "Feature", "geometry": {"type": "Point", "coordinates": [-118.40637827661685, 33.91538780802563]}, "properties": {"kind": "storage_tank"}}, {"type": "Feature", "geometry": {"type": "Point", "coordinates": [-118.40221790372571, 33.90576349972945]}, "properties": {"kind": "chimney"}}, {"type": "Feature", "geometry": {"type": "Point", "coordinates": [-118.40469137071597, 33.90544345454008]}, "properties": {"kind": "storage_tank"}}, {"type": "Feature", "geometry": {"type": "Point", "coordinates": [-118.4048526128556, 33.90413932184145]}, "properties": {"kind": "storage_tank"}}, {"type": "Feature", "geometry": {"type": "Point", "coordinates": [-118.39324978080296, 33.909296365870894]}, "properties": {"kind": "wastewater_plant"}}, {"type": "Feature", "geometry": {"type": "Point", "coordinates": [-118.4432881604525, 33.98244097135671]}, "properties": {"kind": "pier"}}, {"type": "Feature", "geometry": {"type": "Point", "coordinates": [-118.44326500100628, 33.98241125205442]}, "properties": {"kind": "pier"}}, {"type": "Feature", "geometry": {"type": "Point", "coordinates": [-118.44324325793289, 33.98237761623208]}, "properties": {"kind": "pier"}}, {"type": "Feature", "geometry": {"type": "Point", "coordinates": [-118.443220456289, 33.982345362849095]}, "properties": {"kind": "pier"}}, {"type": "Feature", "geometry": {"type": "Point", "coordinates": [-118.44319965462346, 33.982316459446125]}, "properties": {"kind": "pier"}}, {"type": "Feature", "geometry": {"type": "Point", "coordinates": [-118.44317550786342, 33.98228256605378]}, "properties": {"kind": "pier"}}, {"type": "Feature", "geometry": {"type": "Point", "coordinates": [-118.44315535628895, 33.982249762849094]}, "properties": {"kind": "pier"}}, {"type": "Feature", "geometry": {"type": "Point", "coordinates": [-118.44313254329462, 33.98221913630015]}, "properties": {"kind": "pier"}}, {"type": "Feature", "geometry": {"type": "Point", "coordinates": [-118.44311179092907, 33.98218633148088]}, "properties": {"kind": "pier"}}, {"type": "Feature", "geometry": {"type": "Point", "coordinates": [-118.44308765845756, 33.98215746727859]}, "properties": {"kind": "pier"}}, {"type": "Feature", "geometry": {"type": "Point", "coordinates": [-118.44306485045949, 33.982122350938745]}, "properties": {"kind": "pier"}}, {"type": "Feature", "geometry": {"type": "Point", "coordinates": [-118.44304339335883, 33.982092936440694]}, "properties": {"kind": "pier"}}, {"type": "Feature", "geometry": {"type": "Point", "coordinates": [-118.44302060142319, 33.98206125290553]}, "properties": {"kind": "pier"}}, {"type": "Feature", "geometry": {"type": "Point", "coordinates": [-118.44326385199099, 33.981943104060086]}, "properties": {"kind": "pier"}}, {"type": "Feature", "geometry": {"type": "Point", "coordinates": [-118.44328803494727, 33.98197531926706]}, "properties": {"kind": "pier"}}, {"type": "Feature", "geometry": {"type": "Point", "coordinates": [-118.4433088072713, 33.98200676483853]}, "properties": {"kind": "pier"}}, {"type": "Feature", "geometry": {"type": "Point", "coordinates": [-118.44332994857221, 33.98204039708851]}, "properties": {"kind": "pier"}}, {"type": "Feature", "geometry": {"type": "Point", "coordinates": [-118.44335035503887, 33.98207266028912]}, "properties": {"kind": "pier"}}, {"type": "Feature", "geometry": {"type": "Point", "coordinates": [-118.44337354629303, 33.9821045924408]}, "properties": {"kind": "pier"}}, {"type": "Feature", "geometry": {"type": "Point", "coordinates": [-118.44339330058958, 33.98213325120311]}, "properties": {"kind": "pier"}}, {"type": "Feature", "geometry": {"type": "Point", "coordinates": [-118.44341644536686, 33.98216634053936]}, "properties": {"kind": "pier"}}, {"type": "Feature", "geometry": {"type": "Point", "coordinates": [-118.44343890036716, 33.98219800074821]}, "properties": {"kind": "pier"}}, {"type": "Feature", "geometry": {"type": "Point", "coordinates": [-118.44346304861266, 33.98222944716715]}, "properties": {"kind": "pier"}}, {"type": "Feature", "geometry": {"type": "Point", "coordinates": [-118.44348484698975, 33.98226194385327]}, "properties": {"kind": "pier"}}, {"type": "Feature", "geometry": {"type": "Point", "coordinates": [-118.44350765747312, 33.98229366526001]}, "properties": {"kind": "pier"}}, {"type": "Feature", "geometry": {"type": "Point", "coordinates": [-118.44352975747314, 33.982325065260014]}, "properties": {"kind": "pier"}}, {"type": "Feature", "geometry": {"type": "Point", "coordinates": [-118.44355290624151, 33.98235371271968]}, "properties": {"kind": "pier"}}, {"type": "Feature", "geometry": {"type": "Point", "coordinates": [-118.44358879893987, 33.98238094775285]}, "properties": {"kind": "pier"}}, {"type": "Feature", "geometry": {"type": "Point", "coordinates": [-118.4441928995128, 33.98149689899286]}, "properties": {"kind": "pier"}}, {"type": "Feature", "geometry": {"type": "Point", "coordinates": [-118.44422040397251, 33.98153360821215]}, "properties": {"kind": "pier"}}, {"type": "Feature", "geometry": {"type": "Point", "coordinates": [-118.44424860779486, 33.98157191611453]}, "properties": {"kind": "pier"}}, {"type": "Feature", "geometry": {"type": "Point", "coordinates": [-118.4442714128163, 33.98160752649612]}, "properties": {"kind": "pier"}}, {"type": "Feature", "geometry": {"type": "Point", "coordinates": [-118.4442962128163, 33.981643126496124]}, "properties": {"kind": "pier"}}, {"type": "Feature", "geometry": {"type": "Point", "coordinates": [-118.44432369449066, 33.98168198861159]}, "properties": {"kind": "pier"}}, {"type": "Feature", "geometry": {"type": "Point", "coordinates": [-118.44434980715782, 33.98171761479746]}, "properties": {"kind": "pier"}}, {"type": "Feature", "geometry": {"type": "Point", "coordinates": [-118.44437060772006, 33.981753215959515]}, "properties": {"kind": "pier"}}, {"type": "Feature", "geometry": {"type": "Point", "coordinates": [-118.44439811656383, 33.9817932342435]}, "properties": {"kind": "pier"}}, {"type": "Feature", "geometry": {"type": "Point", "coordinates": [-118.44442291656384, 33.9818288342435]}, "properties": {"kind": "pier"}}, {"type": "Feature", "geometry": {"type": "Point", "coordinates": [-118.44444973492602, 33.981866068826974]}, "properties": {"kind": "pier"}}, {"type": "Feature", "geometry": {"type": "Point", "coordinates": [-118.44447389250439, 33.981904984505526]}, "properties": {"kind": "pier"}}, {"type": "Feature", "geometry": {"type": "Point", "coordinates": [-118.4445014033354, 33.981937806895104]}, "properties": {"kind": "pier"}}, {"type": "Feature", "geometry": {"type": "Point", "coordinates": [-118.44385150479141, 33.981660657213055]}, "properties": {"kind": "pier"}}, {"type": "Feature", "geometry": {"type": "Point", "coordinates": [-118.4438751087406, 33.98169756772285]}, "properties": {"kind": "pier"}}, {"type": "Feature", "geometry": {"type": "Point", "coordinates": [-118.44390259024952, 33.98173483023287]}, "properties": {"kind": "pier"}}, {"type": "Feature", "geometry": {"type": "Point", "coordinates": [-118.44391935362765, 33.981774857359156]}, "properties": {"kind": "pier"}}, {"type": "Feature", "geometry": {"type": "Point", "coordinates": [-118.44394416340229, 33.98181047718791]}, "properties": {"kind": "pier"}}, {"type": "Feature", "geometry": {"type": "Point", "coordinates": [-118.44397429196478, 33.981848833708895]}, "properties": {"kind": "pier"}}, {"type": "Feature", "geometry": {"type": "Point", "coordinates": [-118.44400049139928, 33.98188718254227]}, "properties": {"kind": "pier"}}, {"type": "Feature", "geometry": {"type": "Point", "coordinates": [-118.44402259798284, 33.98192334591016]}, "properties": {"kind": "pier"}}, {"type": "Feature", "geometry": {"type": "Point", "coordinates": [-118.4440501096489, 33.981960069563]}, "properties": {"kind": "pier"}}, {"type": "Feature", "geometry": {"type": "Point", "coordinates": [-118.44407689932761, 33.98199894863672]}, "properties": {"kind": "pier"}}, {"type": "Feature", "geometry": {"type": "Point", "coordinates": [-118.44410309142688, 33.982033432618266]}, "properties": {"kind": "pier"}}, {"type": "Feature", "geometry": {"type": "Point", "coordinates": [-118.4441319139516, 33.98207067828828]}, "properties": {"kind": "pier"}}, {"type": "Feature", "geometry": {"type": "Point", "coordinates": [-118.44415809707505, 33.982103744069775]}, "properties": {"kind": "pier"}}, {"type": "Feature", "geometry": {"type": "Point", "coordinates": [-118.44355118955517, 33.98180602898315]}, "properties": {"kind": "pier"}}, {"type": "Feature", "geometry": {"type": "Point", "coordinates": [-118.44357671056514, 33.98183937125899]}, "properties": {"kind": "pier"}}, {"type": "Feature", "geometry": {"type": "Point", "coordinates": [-118.44359948991608, 33.98187442970957]}, "properties": {"kind": "pier"}}, {"type": "Feature", "geometry": {"type": "Point", "coordinates": [-118.44362498001267, 33.981911109782345]}, "properties": {"kind": "pier"}}, {"type": "Feature", "geometry": {"type": "Point", "coordinates": [-118.44364780042116, 33.98194225084745]}, "properties": {"kind": "pier"}}, {"type": "Feature", "geometry": {"type": "Point", "coordinates": [-118.44367060972299, 33.981977269564]}, "properties": {"kind": "pier"}}, {"type": "Feature", "geometry": {"type": "Point", "coordinates": [-118.4436934, 33.9820073]}, "properties": {"kind": "pier"}}, {"type": "Feature", "geometry": {"type": "Point", "coordinates": [-118.4437182005415, 33.98204345108958]}, "properties": {"kind": "pier"}}, {"type": "Feature", "geometry": {"type": "Point", "coordinates": [-118.44373965488082, 33.982076259826854]}, "properties": {"kind": "pier"}}, {"type": "Feature", "geometry": {"type": "Point", "coordinates": [-118.44376644538364, 33.98211354070565]}, "properties": {"kind": "pier"}}, {"type": "Feature", "geometry": {"type": "Point", "coordinates": [-118.44378724475038, 33.98214518941772]}, "properties": {"kind": "pier"}}, {"type": "Feature", "geometry": {"type": "Point", "coordinates": [-118.44381105567419, 33.98217686142434]}, "properties": {"kind": "pier"}}, {"type": "Feature", "geometry": {"type": "Point", "coordinates": [-118.44383619993981, 33.98221524987893]}, "properties": {"kind": "pier"}}, {"type": "Feature", "geometry": {"type": "Point", "coordinates": [-118.44386070054148, 33.982248651089584]}, "properties": {"kind": "pier"}}, {"type": "Feature", "geometry": {"type": "Point", "coordinates": [-118.44458455335716, 33.98130640714616]}, "properties": {"kind": "pier"}}, {"type": "Feature", "geometry": {"type": "Point", "coordinates": [-118.44461135957039, 33.98134647035195]}, "properties": {"kind": "pier"}}, {"type": "Feature", "geometry": {"type": "Point", "coordinates": [-118.44464324896838, 33.98138979780405]}, "properties": {"kind": "pier"}}, {"type": "Feature", "geometry": {"type": "Point", "coordinates": [-118.44466803178928, 33.981428461235744]}, "properties": {"kind": "pier"}}, {"type": "Feature", "geometry": {"type": "Point", "coordinates": [-118.44469685684545, 33.98146821457147]}, "properties": {"kind": "pier"}}, {"type": "Feature", "geometry": {"type": "Point", "coordinates": [-118.44472436123432, 33.98150992391354]}, "properties": {"kind": "pier"}}, {"type": "Feature", "geometry": {"type": "Point", "coordinates": [-118.44475255684544, 33.981549114571465]}, "properties": {"kind": "pier"}}, {"type": "Feature", "geometry": {"type": "Point", "coordinates": [-118.44478034664284, 33.98158969285384]}, "properties": {"kind": "pier"}}, {"type": "Feature", "geometry": {"type": "Point", "coordinates": [-118.44480815103162, 33.981631702195955]}, "properties": {"kind": "pier"}}, {"type": "Feature", "geometry": {"type": "Point", "coordinates": [-118.44483595800823, 33.98166981704657]}, "properties": {"kind": "pier"}}, {"type": "Feature", "geometry": {"type": "Point", "coordinates": [-118.44486286123433, 33.981710923913546]}, "properties": {"kind": "pier"}}, {"type": "Feature", "geometry": {"type": "Point", "coordinates": [-118.44488794742948, 33.98174752013383]}, "properties": {"kind": "pier"}}, {"type": "Feature", "geometry": {"type": "Point", "coordinates": [-118.44557052304873, 33.98083976338573]}, "properties": {"kind": "pier"}}, {"type": "Feature", "geometry": {"type": "Point", "coordinates": [-118.44673605, 33.980854699999995]}, "properties": {"kind": "pier"}}, {"type": "Feature", "geometry": {"type": "Point", "coordinates": [-118.4466721, 33.980767349999994]}, "properties": {"kind": "pier"}}, {"type": "Feature", "geometry": {"type": "Point", "coordinates": [-118.44658729999999, 33.9806378]}, "properties": {"kind": "pier"}}, {"type": "Feature", "geometry": {"type": "Point", "coordinates": [-118.44652355, 33.980552700000004]}, "properties": {"kind": "pier"}}, {"type": "Feature", "geometry": {"type": "Point", "coordinates": [-118.44646700000001, 33.980471699999995]}, "properties": {"kind": "pier"}}, {"type": "Feature", "geometry": {"type": "Point", "coordinates": [-118.446094298978, 33.98059096588129]}, "properties": {"kind": "pier"}}, {"type": "Feature", "geometry": {"type": "Point", "coordinates": [-118.44638191392988, 33.98102392927934]}, "properties": {"kind": "pier"}}, {"type": "Feature", "geometry": {"type": "Point", "coordinates": [-118.44634984961894, 33.98098194916862]}, "properties": {"kind": "pier"}}, {"type": "Feature", "geometry": {"type": "Point", "coordinates": [-118.44638169999999, 33.980915749999994]}, "properties": {"kind": "pier"}}, {"type": "Feature", "geometry": {"type": "Point", "coordinates": [-118.44635305, 33.98087445]}, "properties": {"kind": "pier"}}, {"type": "Feature", "geometry": {"type": "Point", "coordinates": [-118.44632279999999, 33.9808261]}, "properties": {"kind": "pier"}}, {"type": "Feature", "geometry": {"type": "Point", "coordinates": [-118.44617565, 33.9808472]}, "properties": {"kind": "pier"}}, {"type": "Feature", "geometry": {"type": "Point", "coordinates": [-118.44620346002746, 33.980765920897]}, "properties": {"kind": "pier"}}, {"type": "Feature", "geometry": {"type": "Point", "coordinates": [-118.44620445000001, 33.98065685]}, "properties": {"kind": "pier"}}, {"type": "Feature", "geometry": {"type": "Point", "coordinates": [-118.38440923542802, 33.916984282425474]}, "properties": {"kind": "works"}}, {"type": "Feature", "geometry": {"type": "Point", "coordinates": [-118.39309168148496, 33.92210700825945]}, "properties": {"kind": "works"}}, {"type": "Feature", "geometry": {"type": "Point", "coordinates": [-118.39067582474591, 33.92733039004528]}, "properties": {"kind": "works"}}, {"type": "Feature", "geometry": {"type": "Point", "coordinates": [-118.38922025326924, 33.927446749130795]}, "properties": {"kind": "works"}}, {"type": "Feature", "geometry": {"type": "Point", "coordinates": [-118.3951369052564, 33.929936729369864]}, "properties": {"kind": "works"}}, {"type": "Feature", "geometry": {"type": "Point", "coordinates": [-118.39174003992778, 33.92935338691213]}, "properties": {"kind": "works"}}, {"type": "Feature", "geometry": {"type": "Point", "coordinates": [-118.3688598352788, 34.03516893717569]}, "properties": {"kind": "bridge"}}, {"type": "Feature", "geometry": {"type": "Point", "coordinates": [-118.36221845930208, 34.033881314470115]}, "properties": {"kind": "bridge"}}, {"type": "Feature", "geometry": {"type": "Point", "coordinates": [-118.35568040912078, 34.03402566836118]}, "properties": {"kind": "bridge"}}, {"type": "Feature", "geometry": {"type": "Point", "coordinates": [-118.35012035967534, 34.03428987209314]}, "properties": {"kind": "bridge"}}, {"type": "Feature", "geometry": {"type": "Point", "coordinates": [-118.34514588421614, 34.034524509694144]}, "properties": {"kind": "bridge"}}, {"type": "Feature", "geometry": {"type": "Point", "coordinates": [-118.34003683794333, 34.03478187595723]}, "properties": {"kind": "bridge"}}, {"type": "Feature", "geometry": {"type": "Point", "coordinates": [-118.33766276258187, 34.03492242282808]}, "properties": {"kind": "bridge"}}, {"type": "Feature", "geometry": {"type": "Point", "coordinates": [-118.33373754590689, 34.03508412116959]}, "properties": {"kind": "bridge"}}, {"type": "Feature", "geometry": {"type": "Point", "coordinates": [-118.32839483691377, 34.035314579886325]}, "properties": {"kind": "bridge"}}, {"type": "Feature", "geometry": {"type": "Point", "coordinates": [-118.32602616154921, 34.035524570537795]}, "properties": {"kind": "bridge"}}, {"type": "Feature", "geometry": {"type": "Point", "coordinates": [-118.32364274027249, 34.0358566100633]}, "properties": {"kind": "bridge"}}, {"type": "Feature", "geometry": {"type": "Point", "coordinates": [-118.32140668561176, 34.036186002109105]}, "properties": {"kind": "bridge"}}, {"type": "Feature", "geometry": {"type": "Point", "coordinates": [-118.31770124576741, 34.03671861761735]}, "properties": {"kind": "bridge"}}, {"type": "Feature", "geometry": {"type": "Point", "coordinates": [-118.31335014620505, 34.03713637856699]}, "properties": {"kind": "bridge"}}, {"type": "Feature", "geometry": {"type": "Point", "coordinates": [-118.30899435854664, 34.03713419806423]}, "properties": {"kind": "bridge"}}, {"type": "Feature", "geometry": {"type": "Point", "coordinates": [-118.30029189110462, 34.03705955135636]}, "properties": {"kind": "bridge"}}, {"type": "Feature", "geometry": {"type": "Point", "coordinates": [-118.29634381662035, 34.03701691160968]}, "properties": {"kind": "bridge"}}, {"type": "Feature", "geometry": {"type": "Point", "coordinates": [-118.29156696423603, 34.03696951941938]}, "properties": {"kind": "bridge"}}, {"type": "Feature", "geometry": {"type": "Point", "coordinates": [-118.4979072, 34.0080936]}, "properties": {"kind": "tower"}}, {"type": "Feature", "geometry": {"type": "Point", "coordinates": [-118.37308860830966, 34.03555816818585]}, "properties": {"kind": "bridge"}}, {"type": "Feature", "geometry": {"type": "Point", "coordinates": [-118.37297313173357, 34.03567582974092]}, "properties": {"kind": "bridge"}}, {"type": "Feature", "geometry": {"type": "Point", "coordinates": [-118.37239188179375, 34.03589700479658]}, "properties": {"kind": "bridge"}}, {"type": "Feature", "geometry": {"type": "Point", "coordinates": [-118.37071429085925, 34.03610260549666]}, "properties": {"kind": "bridge"}}, {"type": "Feature", "geometry": {"type": "Point", "coordinates": [-118.37201901304985, 34.03674802817822]}, "properties": {"kind": "bridge"}}, {"type": "Feature", "geometry": {"type": "Point", "coordinates": [-118.38892320435045, 33.839114689005626]}, "properties": {"kind": "stream"}}, {"type": "Feature", "geometry": {"type": "Point", "coordinates": [-118.37871888628092, 33.94616590972736]}, "properties": {"kind": "bridge"}}, {"type": "Feature", "geometry": {"type": "Point", "coordinates": [-118.37870676224884, 33.94202730969412]}, "properties": {"kind": "tunnel"}}, {"type": "Feature", "geometry": {"type": "Point", "coordinates": [-118.37869339481387, 33.93996118727906]}, "properties": {"kind": "tunnel"}}, {"type": "Feature", "geometry": {"type": "Point", "coordinates": [-118.37868376047562, 33.93776209922024]}, "properties": {"kind": "tunnel"}}, {"type": "Feature", "geometry": {"type": "Point", "coordinates": [-118.37870498213866, 33.93452683734402]}, "properties": {"kind": "bridge"}}, {"type": "Feature", "geometry": {"type": "Point", "coordinates": [-118.37883664510578, 33.93017576408416]}, "properties": {"kind": "bridge"}}, {"type": "Feature", "geometry": {"type": "Point", "coordinates": [-118.4769239670701, 33.98517708742761]}, "properties": {"kind": "breakwater"}}, {"type": "Feature", "geometry": {"type": "Point", "coordinates": [-118.37779583635766, 33.959757367196566]}, "properties": {"kind": "bridge"}}, {"type": "Feature", "geometry": {"type": "Point", "coordinates": [-118.36968364081254, 33.963928173242024]}, "properties": {"kind": "bridge"}}, {"type": "Feature", "geometry": {"type": "Point", "coordinates": [-118.3534241573184, 33.96570241086205]}, "properties": {"kind": "bridge"}}, {"type": "Feature", "geometry": {"type": "Point", "coordinates": [-118.37640276874339, 34.0367317417685]}, "properties": {"kind": "bridge"}}, {"type": "Feature", "geometry": {"type": "Point", "coordinates": [-118.37676463984728, 34.03642902572011]}, "properties": {"kind": "bridge"}}, {"type": "Feature", "geometry": {"type": "Point", "coordinates": [-118.38064118918138, 34.03630663617695]}, "properties": {"kind": "bridge"}}, {"type": "Feature", "geometry": {"type": "Point", "coordinates": [-118.38078057475515, 34.036605412105814]}, "properties": {"kind": "bridge"}}, {"type": "Feature", "geometry": {"type": "Point", "coordinates": [-118.38586272653367, 34.03386356748718]}, "properties": {"kind": "bridge"}}, {"type": "Feature", "geometry": {"type": "Point", "coordinates": [-118.39088442360392, 34.03076844015968]}, "properties": {"kind": "bridge"}}, {"type": "Feature", "geometry": {"type": "Point", "coordinates": [-118.39263453595156, 34.029945287350266]}, "properties": {"kind": "bridge"}}, {"type": "Feature", "geometry": {"type": "Point", "coordinates": [-118.39683267477896, 34.02912619732446]}, "properties": {"kind": "bridge"}}, {"type": "Feature", "geometry": {"type": "Point", "coordinates": [-118.40318339011999, 34.02961490000063]}, "properties": {"kind": "bridge"}}, {"type": "Feature", "geometry": {"type": "Point", "coordinates": [-118.40544560531737, 34.029832420890244]}, "properties": {"kind": "bridge"}}, {"type": "Feature", "geometry": {"type": "Point", "coordinates": [-118.41108912070251, 34.03069122889959]}, "properties": {"kind": "bridge"}}, {"type": "Feature", "geometry": {"type": "Point", "coordinates": [-118.41117231491681, 34.03037422037612]}, "properties": {"kind": "bridge"}}, {"type": "Feature", "geometry": {"type": "Point", "coordinates": [-118.41702513860587, 34.03176596993608]}, "properties": {"kind": "bridge"}}, {"type": "Feature", "geometry": {"type": "Point", "coordinates": [-118.41878625875165, 34.03180026754281]}, "properties": {"kind": "bridge"}}, {"type": "Feature", "geometry": {"type": "Point", "coordinates": [-118.42190171478379, 34.03178384526113]}, "properties": {"kind": "bridge"}}, {"type": "Feature", "geometry": {"type": "Point", "coordinates": [-118.42401260950348, 34.031773047334596]}, "properties": {"kind": "bridge"}}, {"type": "Feature", "geometry": {"type": "Point", "coordinates": [-118.4279324285938, 34.031700381735725]}, "properties": {"kind": "bridge"}}, {"type": "Feature", "geometry": {"type": "Point", "coordinates": [-118.43138926361851, 34.03162271234718]}, "properties": {"kind": "bridge"}}, {"type": "Feature", "geometry": {"type": "Point", "coordinates": [-118.43357168071034, 34.031272676747214]}, "properties": {"kind": "bridge"}}, {"type": "Feature", "geometry": {"type": "Point", "coordinates": [-118.43523525490875, 34.03104444608871]}, "properties": {"kind": "bridge"}}, {"type": "Feature", "geometry": {"type": "Point", "coordinates": [-118.43507611648667, 34.03084065578569]}, "properties": {"kind": "bridge"}}, {"type": "Feature", "geometry": {"type": "Point", "coordinates": [-118.44285835050091, 34.02990973467598]}, "properties": {"kind": "bridge"}}, {"type": "Feature", "geometry": {"type": "Point", "coordinates": [-118.4441425830902, 34.029613971597996]}, "properties": {"kind": "bridge"}}, {"type": "Feature", "geometry": {"type": "Point", "coordinates": [-118.44930854110198, 34.028257243061596]}, "properties": {"kind": "bridge"}}, {"type": "Feature", "geometry": {"type": "Point", "coordinates": [-118.45325882993245, 34.0276860327689]}, "properties": {"kind": "bridge"}}, {"type": "Feature", "geometry": {"type": "Point", "coordinates": [-118.4628532996681, 34.02624438596894]}, "properties": {"kind": "bridge"}}, {"type": "Feature", "geometry": {"type": "Point", "coordinates": [-118.4692732683358, 34.02451445343872]}, "properties": {"kind": "bridge"}}, {"type": "Feature", "geometry": {"type": "Point", "coordinates": [-118.47374848524537, 34.02330164082177]}, "properties": {"kind": "bridge"}}, {"type": "Feature", "geometry": {"type": "Point", "coordinates": [-118.477083943345, 34.021430324355094]}, "properties": {"kind": "bridge"}}, {"type": "Feature", "geometry": {"type": "Point", "coordinates": [-118.4799186217964, 34.01912944096573]}, "properties": {"kind": "bridge"}}, {"type": "Feature", "geometry": {"type": "Point", "coordinates": [-118.48276950209176, 34.01683431886913]}, "properties": {"kind": "bridge"}}, {"type": "Feature", "geometry": {"type": "Point", "coordinates": [-118.48590440385804, 34.014819585331566]}, "properties": {"kind": "bridge"}}, {"type": "Feature", "geometry": {"type": "Point", "coordinates": [-118.48805713908914, 34.013720268980336]}, "properties": {"kind": "bridge"}}, {"type": "Feature", "geometry": {"type": "Point", "coordinates": [-118.4887083097941, 34.01286437241242]}, "properties": {"kind": "bridge"}}, {"type": "Feature", "geometry": {"type": "Point", "coordinates": [-118.4906415774904, 34.01253885724052]}, "properties": {"kind": "bridge"}}, {"type": "Feature", "geometry": {"type": "Point", "coordinates": [-118.49297293306265, 34.01218319043191]}, "properties": {"kind": "bridge"}}, {"type": "Feature", "geometry": {"type": "Point", "coordinates": [-118.49564299139972, 34.010831155791074]}, "properties": {"kind": "bridge"}}, {"type": "Feature", "geometry": {"type": "Point", "coordinates": [-118.29168026331854, 34.0796901317895]}, "properties": {"kind": "bridge"}}, {"type": "Feature", "geometry": {"type": "Point", "coordinates": [-118.29647467938497, 34.08181814520962]}, "properties": {"kind": "bridge"}}, {"type": "Feature", "geometry": {"type": "Point", "coordinates": [-118.29457696200234, 34.08165423858486]}, "properties": {"kind": "bridge"}}, {"type": "Feature", "geometry": {"type": "Point", "coordinates": [-118.2984810571912, 34.083570483418335]}, "properties": {"kind": "bridge"}}, {"type": "Feature", "geometry": {"type": "Point", "coordinates": [-118.29886393343878, 34.08357483102239]}, "properties": {"kind": "bridge"}}, {"type": "Feature", "geometry": {"type": "Point", "coordinates": [-118.30047141395247, 34.08478858377727]}, "properties": {"kind": "bridge"}}, {"type": "Feature", "geometry": {"type": "Point", "coordinates": [-118.30650400780657, 34.09078653370625]}, "properties": {"kind": "bridge"}}, {"type": "Feature", "geometry": {"type": "Point", "coordinates": [-118.30918870375972, 34.09371960051436]}, "properties": {"kind": "bridge"}}, {"type": "Feature", "geometry": {"type": "Point", "coordinates": [-118.31087516562042, 34.09483116855172]}, "properties": {"kind": "bridge"}}, {"type": "Feature", "geometry": {"type": "Point", "coordinates": [-118.31361339622592, 34.096890309070254]}, "properties": {"kind": "bridge"}}, {"type": "Feature", "geometry": {"type": "Point", "coordinates": [-118.31447451032811, 34.09807949187038]}, "properties": {"kind": "bridge"}}, {"type": "Feature", "geometry": {"type": "Point", "coordinates": [-118.31643112918914, 34.10080503074363]}, "properties": {"kind": "bridge"}}, {"type": "Feature", "geometry": {"type": "Point", "coordinates": [-118.31664730823721, 34.10169386206337]}, "properties": {"kind": "bridge"}}, {"type": "Feature", "geometry": {"type": "Point", "coordinates": [-118.31803076031609, 34.10305611734419]}, "properties": {"kind": "bridge"}}, {"type": "Feature", "geometry": {"type": "Point", "coordinates": [-118.3224431210668, 34.10430138994326]}, "properties": {"kind": "bridge"}}, {"type": "Feature", "geometry": {"type": "Point", "coordinates": [-118.32537496505756, 34.104754044182854]}, "properties": {"kind": "bridge"}}, {"type": "Feature", "geometry": {"type": "Point", "coordinates": [-118.3278667671194, 34.10549453570942]}, "properties": {"kind": "bridge"}}, {"type": "Feature", "geometry": {"type": "Point", "coordinates": [-118.32885526362057, 34.10640322215798]}, "properties": {"kind": "bridge"}}, {"type": "Feature", "geometry": {"type": "Point", "coordinates": [-118.33081474110426, 34.10795435911494]}, "properties": {"kind": "bridge"}}, {"type": "Feature", "geometry": {"type": "Point", "coordinates": [-118.3357998540707, 34.11211137475893]}, "properties": {"kind": "bridge"}}, {"type": "Feature", "geometry": {"type": "Point", "coordinates": [-118.33653093379532, 34.114495538589125]}, "properties": {"kind": "bridge"}}, {"type": "Feature", "geometry": {"type": "Point", "coordinates": [-118.33792677418059, 34.117342585699944]}, "properties": {"kind": "bridge"}}, {"type": "Feature", "geometry": {"type": "Point", "coordinates": [-118.34189776276733, 34.12328174256242]}, "properties": {"kind": "bridge"}}, {"type": "Feature", "geometry": {"type": "Point", "coordinates": [-118.34699751192228, 34.128762496558664]}, "properties": {"kind": "bridge"}}, {"type": "Feature", "geometry": {"type": "Point", "coordinates": [-118.47411296944136, 33.98657175567275]}, "properties": {"kind": "yes"}}, {"type": "Feature", "geometry": {"type": "Point", "coordinates": [-118.42470675, 34.02007735]}, "properties": {"kind": "stream"}}, {"type": "Feature", "geometry": {"type": "Point", "coordinates": [-118.42445035, 34.0210383]}, "properties": {"kind": "stream"}}, {"type": "Feature", "geometry": {"type": "Point", "coordinates": [-118.50120835720888, 34.06705536310401]}, "properties": {"kind": "stream"}}, {"type": "Feature", "geometry": {"type": "Point", "coordinates": [-118.49520315000001, 34.06093145]}, "properties": {"kind": "stream"}}, {"type": "Feature", "geometry": {"type": "Point", "coordinates": [-118.40314359668761, 33.98748055494433]}, "properties": {"kind": "stream"}}, {"type": "Feature", "geometry": {"type": "Point", "coordinates": [-118.39943674662831, 33.9859059316895]}, "properties": {"kind": "stream"}}, {"type": "Feature", "geometry": {"type": "Point", "coordinates": [-118.35054673190591, 33.919450638572044]}, "properties": {"kind": "bridge"}}, {"type": "Feature", "geometry": {"type": "Point", "coordinates": [-118.35074862440234, 33.91945910580751]}, "properties": {"kind": "bridge"}}, {"type": "Feature", "geometry": {"type": "Point", "coordinates": [-118.42562125094084, 33.96642108652525]}, "properties": {"kind": "stream"}}, {"type": "Feature", "geometry": {"type": "Point", "coordinates": [-118.45738726401075, 34.03078483755509]}, "properties": {"kind": "bridge"}}, {"type": "Feature", "geometry": {"type": "Point", "coordinates": [-118.35936488043, 34.106018899778576]}, "properties": {"kind": "dam"}}, {"type": "Feature", "geometry": {"type": "Point", "coordinates": [-118.36129448545677, 34.10818718535614]}, "properties": {"kind": "stream"}}, {"type": "Feature", "geometry": {"type": "Point", "coordinates": [-118.45206469889969, 33.956447380800455]}, "properties": {"kind": "breakwater"}}, {"type": "Feature", "geometry": {"type": "Point", "coordinates": [-118.44835694999999, 33.95034295]}, "properties": {"kind": "breakwater"}}, {"type": "Feature", "geometry": {"type": "Point", "coordinates": [-118.44286115, 33.940391399999996]}, "properties": {"kind": "breakwater"}}, {"type": "Feature", "geometry": {"type": "Point", "coordinates": [-118.43690409999999, 33.9301435]}, "properties": {"kind": "pier"}}, {"type": "Feature", "geometry": {"type": "Point", "coordinates": [-118.43034134999999, 33.916818]}, "properties": {"kind": "breakwater"}}, {"type": "Feature", "geometry": {"type": "Point", "coordinates": [-118.42762705000001, 33.91067385]}, "properties": {"kind": "breakwater"}}, {"type": "Feature", "geometry": {"type": "Point", "coordinates": [-118.33480833032404, 34.12488460397753]}, "properties": {"kind": "dam"}}, {"type": "Feature", "geometry": {"type": "Point", "coordinates": [-118.33506187319065, 34.12557236517597]}, "properties": {"kind": "tower"}}, {"type": "Feature", "geometry": {"type": "Point", "coordinates": [-118.4360083, 33.927822]}, "properties": {"kind": "breakwater"}}, {"type": "Feature", "geometry": {"type": "Point", "coordinates": [-118.39803967535707, 33.843813251545505]}, "properties": {"kind": "pier"}}, {"type": "Feature", "geometry": {"type": "Point", "coordinates": [-118.39869884723672, 33.84370163438213]}, "properties": {"kind": "pier"}}, {"type": "Feature", "geometry": {"type": "Point", "coordinates": [-118.40134676187836, 33.84878860217057]}, "properties": {"kind": "pier"}}, {"type": "Feature", "geometry": {"type": "Point", "coordinates": [-118.40113671568965, 33.84868091940642]}, "properties": {"kind": "pier"}}, {"type": "Feature", "geometry": {"type": "Point", "coordinates": [-118.4013531, 33.84884435]}, "properties": {"kind": "pier"}}, {"type": "Feature", "geometry": {"type": "Point", "coordinates": [-118.40076689853069, 33.84884501013317]}, "properties": {"kind": "pier"}}, {"type": "Feature", "geometry": {"type": "Point", "coordinates": [-118.48515504294728, 34.12803124004841]}, "properties": {"kind": "drain"}}, {"type": "Feature", "geometry": {"type": "Point", "coordinates": [-118.48510315, 34.12826835]}, "properties": {"kind": "drain"}}, {"type": "Feature", "geometry": {"type": "Point", "coordinates": [-118.48462884640195, 34.124524695335836]}, "properties": {"kind": "drain"}}, {"type": "Feature", "geometry": {"type": "Point", "coordinates": [-118.4852217, 34.1272449]}, "properties": {"kind": "drain"}}, {"type": "Feature", "geometry": {"type": "Point", "coordinates": [-118.48368502439423, 34.12104700356283]}, "properties": {"kind": "drain"}}, {"type": "Feature", "geometry": {"type": "Point", "coordinates": [-118.48356083858165, 34.12224307076613]}, "properties": {"kind": "drain"}}, {"type": "Feature", "geometry": {"type": "Point", "coordinates": [-118.48565467865275, 34.12841168256313]}, "properties": {"kind": "drain"}}, {"type": "Feature", "geometry": {"type": "Point", "coordinates": [-118.40302622030751, 34.00374811898648]}, "properties": {"kind": "stream"}}, {"type": "Feature", "geometry": {"type": "Point", "coordinates": [-118.29241694137811, 33.87449374036505]}, "properties": {"kind": "stream"}}, {"type": "Feature", "geometry": {"type": "Point", "coordinates": [-118.29233249071504, 33.874249398772555]}, "properties": {"kind": "stream"}}, {"type": "Feature", "geometry": {"type": "Point", "coordinates": [-118.29221754977777, 33.87405929303862]}, "properties": {"kind": "stream"}}, {"type": "Feature", "geometry": {"type": "Point", "coordinates": [-118.2909952, 33.873876749999994]}, "properties": {"kind": "stream"}}, {"type": "Feature", "geometry": {"type": "Point", "coordinates": [-118.38619085815179, 34.00797705403979]}, "properties": {"kind": "drain"}}, {"type": "Feature", "geometry": {"type": "Point", "coordinates": [-118.38787005, 34.00817965]}, "properties": {"kind": "drain"}}, {"type": "Feature", "geometry": {"type": "Point", "coordinates": [-118.42516995, 34.0183149]}, "properties": {"kind": "stream"}}, {"type": "Feature", "geometry": {"type": "Point", "coordinates": [-118.4382068950828, 33.97699971922086]}, "properties": {"kind": "stream"}}, {"type": "Feature", "geometry": {"type": "Point", "coordinates": [-118.31569565, 33.854604349999995]}, "properties": {"kind": "works"}}, {"type": "Feature", "geometry": {"type": "Point", "coordinates": [-118.29125747788088, 33.848200673905986]}, "properties": {"kind": "works"}}, {"type": "Feature", "geometry": {"type": "Point", "coordinates": [-118.29129494998557, 33.84943091005157]}, "properties": {"kind": "works"}}, {"type": "Feature", "geometry": {"type": "Point", "coordinates": [-118.29234708260856, 33.85111107511947]}, "properties": {"kind": "works"}}, {"type": "Feature", "geometry": {"type": "Point", "coordinates": [-118.29235082471321, 33.85155975070677]}, "properties": {"kind": "works"}}, {"type": "Feature", "geometry": {"type": "Point", "coordinates": [-118.29236451695417, 33.85300667516215]}, "properties": {"kind": "works"}}, {"type": "Feature", "geometry": {"type": "Point", "coordinates": [-118.29620381252998, 33.85280110730734]}, "properties": {"kind": "works"}}, {"type": "Feature", "geometry": {"type": "Point", "coordinates": [-118.29852350206426, 33.84943238397822]}, "properties": {"kind": "works"}}, {"type": "Feature", "geometry": {"type": "Point", "coordinates": [-118.30187263075157, 33.84770986750805]}, "properties": {"kind": "works"}}, {"type": "Feature", "geometry": {"type": "Point", "coordinates": [-118.33034821731259, 33.84782957373335]}, "properties": {"kind": "works"}}, {"type": "Feature", "geometry": {"type": "Point", "coordinates": [-118.3382411222457, 33.844897595085556]}, "properties": {"kind": "works"}}, {"type": "Feature", "geometry": {"type": "Point", "coordinates": [-118.33657795787909, 33.842429330726176]}, "properties": {"kind": "works"}}, {"type": "Feature", "geometry": {"type": "Point", "coordinates": [-118.33505394999999, 33.841273550000004]}, "properties": {"kind": "works"}}, {"type": "Feature", "geometry": {"type": "Point", "coordinates": [-118.33373504531157, 33.84126297519407]}, "properties": {"kind": "works"}}, {"type": "Feature", "geometry": {"type": "Point", "coordinates": [-118.29314980000001, 33.875322499999996]}, "properties": {"kind": "stream"}}, {"type": "Feature", "geometry": {"type": "Point", "coordinates": [-118.29315565, 33.87536745]}, "properties": {"kind": "stream"}}, {"type": "Feature", "geometry": {"type": "Point", "coordinates": [-118.29397735, 33.8751421]}, "properties": {"kind": "stream"}}, {"type": "Feature", "geometry": {"type": "Point", "coordinates": [-118.29400569999999, 33.87518925]}, "properties": {"kind": "stream"}}, {"type": "Feature", "geometry": {"type": "Point", "coordinates": [-118.49529905, 34.06019055]}, "properties": {"kind": "stream"}}, {"type": "Feature", "geometry": {"type": "Point", "coordinates": [-118.49520879999999, 34.0606357]}, "properties": {"kind": "stream"}}, {"type": "Feature", "geometry": {"type": "Point", "coordinates": [-118.36883209999999, 34.0382576]}, "properties": {"kind": "stream"}}, {"type": "Feature", "geometry": {"type": "Point", "coordinates": [-118.36264705079562, 34.04087411768989]}, "properties": {"kind": "stream"}}, {"type": "Feature", "geometry": {"type": "Point", "coordinates": [-118.33000937484609, 33.92132669296008]}, "properties": {"kind": "works"}}, {"type": "Feature", "geometry": {"type": "Point", "coordinates": [-118.33287183331302, 33.92152775475885]}, "properties": {"kind": "works"}}, {"type": "Feature", "geometry": {"type": "Point", "coordinates": [-118.32577887492359, 33.92130125740788]}, "properties": {"kind": "bridge"}}, {"type": "Feature", "geometry": {"type": "Point", "coordinates": [-118.35992613945581, 33.85176105986399]}, "properties": {"kind": "drain"}}, {"type": "Feature", "geometry": {"type": "Point", "coordinates": [-118.36542120940237, 33.851825063959204]}, "properties": {"kind": "drain"}}, {"type": "Feature", "geometry": {"type": "Point", "coordinates": [-118.3623651, 33.85176865]}, "properties": {"kind": "drain"}}, {"type": "Feature", "geometry": {"type": "Point", "coordinates": [-118.36955900602119, 33.85249091270383]}, "properties": {"kind": "drain"}}, {"type": "Feature", "geometry": {"type": "Point", "coordinates": [-118.36823705, 33.852155350000004]}, "properties": {"kind": "drain"}}, {"type": "Feature", "geometry": {"type": "Point", "coordinates": [-118.39866619458193, 33.8477521349164]}, "properties": {"kind": "pier"}}, {"type": "Feature", "geometry": {"type": "Point", "coordinates": [-118.39877626998991, 33.846819973024715]}, "properties": {"kind": "pier"}}, {"type": "Feature", "geometry": {"type": "Point", "coordinates": [-118.39869006874338, 33.846851417513896]}, "properties": {"kind": "pier"}}, {"type": "Feature", "geometry": {"type": "Point", "coordinates": [-118.39857187511147, 33.847061763625995]}, "properties": {"kind": "pier"}}, {"type": "Feature", "geometry": {"type": "Point", "coordinates": [-118.3982313, 33.84796745]}, "properties": {"kind": "pier"}}, {"type": "Feature", "geometry": {"type": "Point", "coordinates": [-118.39779205499283, 33.848017690351995]}, "properties": {"kind": "pier"}}, {"type": "Feature", "geometry": {"type": "Point", "coordinates": [-118.39769444999999, 33.8475732]}, "properties": {"kind": "pier"}}, {"type": "Feature", "geometry": {"type": "Point", "coordinates": [-118.39744555, 33.848125100000004]}, "properties": {"kind": "pier"}}, {"type": "Feature", "geometry": {"type": "Point", "coordinates": [-118.3971371, 33.848200649999995]}, "properties": {"kind": "pier"}}, {"type": "Feature", "geometry": {"type": "Point", "coordinates": [-118.39683988090933, 33.84825810421712]}, "properties": {"kind": "pier"}}, {"type": "Feature", "geometry": {"type": "Point", "coordinates": [-118.39668690752023, 33.848614212262085]}, "properties": {"kind": "pier"}}, {"type": "Feature", "geometry": {"type": "Point", "coordinates": [-118.39607188093035, 33.84815294429659]}, "properties": {"kind": "pier"}}, {"type": "Feature", "geometry": {"type": "Point", "coordinates": [-118.3961387465843, 33.84817033516945]}, "properties": {"kind": "pier"}}, {"type": "Feature", "geometry": {"type": "Point", "coordinates": [-118.39585152366871, 33.84739144387232]}, "properties": {"kind": "pier"}}, {"type": "Feature", "geometry": {"type": "Point", "coordinates": [-118.39591829472552, 33.84737248859729]}, "properties": {"kind": "pier"}}, {"type": "Feature", "geometry": {"type": "Point", "coordinates": [-118.39551883879834, 33.84651501593587]}, "properties": {"kind": "pier"}}, {"type": "Feature", "geometry": {"type": "Point", "coordinates": [-118.39559825565276, 33.84649427264667]}, "properties": {"kind": "pier"}}, {"type": "Feature", "geometry": {"type": "Point", "coordinates": [-118.39515256418954, 33.84547862580098]}, "properties": {"kind": "pier"}}, {"type": "Feature", "geometry": {"type": "Point", "coordinates": [-118.39523560027808, 33.8455049011671]}, "properties": {"kind": "pier"}}, {"type": "Feature", "geometry": {"type": "Point", "coordinates": [-118.39615865, 33.844834950000006]}, "properties": {"kind": "pier"}}, {"type": "Feature", "geometry": {"type": "Point", "coordinates": [-118.39640985, 33.84532935]}, "properties": {"kind": "pier"}}, {"type": "Feature", "geometry": {"type": "Point", "coordinates": [-118.3965587, 33.8457434]}, "properties": {"kind": "pier"}}, {"type": "Feature", "geometry": {"type": "Point", "coordinates": [-118.3966931, 33.846117899999996]}, "properties": {"kind": "pier"}}, {"type": "Feature", "geometry": {"type": "Point", "coordinates": [-118.39746402207825, 33.847008691946556]}, "properties": {"kind": "pier"}}, {"type": "Feature", "geometry": {"type": "Point", "coordinates": [-118.39740112745451, 33.84706606334084]}, "properties": {"kind": "pier"}}, {"type": "Feature", "geometry": {"type": "Point", "coordinates": [-118.3970022003048, 33.84655475814078]}, "properties": {"kind": "pier"}}, {"type": "Feature", "geometry": {"type": "Point", "coordinates": [-118.3968424124899, 33.84677497628541]}, "properties": {"kind": "pier"}}, {"type": "Feature", "geometry": {"type": "Point", "coordinates": [-118.39673295, 33.847083299999994]}, "properties": {"kind": "pier"}}, {"type": "Feature", "geometry": {"type": "Point", "coordinates": [-118.39760184999999, 33.84689625]}, "properties": {"kind": "pier"}}, {"type": "Feature", "geometry": {"type": "Point", "coordinates": [-118.39776084999998, 33.84685455]}, "properties": {"kind": "pier"}}, {"type": "Feature", "geometry": {"type": "Point", "coordinates": [-118.39789644999999, 33.8467737]}, "properties": {"kind": "pier"}}, {"type": "Feature", "geometry": {"type": "Point", "coordinates": [-118.39813185000001, 33.846724800000004]}, "properties": {"kind": "pier"}}, {"type": "Feature", "geometry": {"type": "Point", "coordinates": [-118.39678986767298, 33.845620132371934]}, "properties": {"kind": "harbour"}}, {"type": "Feature", "geometry": {"type": "Point", "coordinates": [-118.39133202139142, 33.841700303186144]}, "properties": {"kind": "pier"}}, {"type": "Feature", "geometry": {"type": "Point", "coordinates": [-118.39133240000001, 33.8417491]}, "properties": {"kind": "pier"}}, {"type": "Feature", "geometry": {"type": "Point", "coordinates": [-118.39210028772872, 33.842079400755935]}, "properties": {"kind": "pier"}}, {"type": "Feature", "geometry": {"type": "Point", "coordinates": [-118.39244125, 33.841814549999995]}, "properties": {"kind": "pier"}}, {"type": "Feature", "geometry": {"type": "Point", "coordinates": [-118.39165418323249, 33.841519712753275]}, "properties": {"kind": "pier"}}, {"type": "Feature", "geometry": {"type": "Point", "coordinates": [-118.39170095, 33.8415498]}, "properties": {"kind": "pier"}}, {"type": "Feature", "geometry": {"type": "Point", "coordinates": [-118.39130584999998, 33.841030450000005]}, "properties": {"kind": "pier"}}, {"type": "Feature", "geometry": {"type": "Point", "coordinates": [-118.37025315000001, 33.9150062]}, "properties": {"kind": "gantry"}}, {"type": "Feature", "geometry": {"type": "Point", "coordinates": [-118.36882685, 33.9352328]}, "properties": {"kind": "gantry"}}, {"type": "Feature", "geometry": {"type": "Point", "coordinates": [-118.36896469999999, 33.93720805]}, "properties": {"kind": "gantry"}}, {"type": "Feature", "geometry": {"type": "Point", "coordinates": [-118.36857110000001, 33.937763849999996]}, "properties": {"kind": "gantry"}}, {"type": "Feature", "geometry": {"type": "Point", "coordinates": [-118.36868475, 33.94440575]}, "properties": {"kind": "gantry"}}, {"type": "Feature", "geometry": {"type": "Point", "coordinates": [-118.3681372, 33.94173865]}, "properties": {"kind": "gantry"}}, {"type": "Feature", "geometry": {"type": "Point", "coordinates": [-118.37504591825414, 33.943206675039114]}, "properties": {"kind": "works"}}, {"type": "Feature", "geometry": {"type": "Point", "coordinates": [-118.4563296, 34.02755234999999]}, "properties": {"kind": "gantry"}}, {"type": "Feature", "geometry": {"type": "Point", "coordinates": [-118.44370195, 34.0296058]}, "properties": {"kind": "gantry"}}, {"type": "Feature", "geometry": {"type": "Point", "coordinates": [-118.4406598, 34.0301487]}, "properties": {"kind": "gantry"}}, {"type": "Feature", "geometry": {"type": "Point", "coordinates": [-118.43748775, 34.03062495]}, "properties": {"kind": "gantry"}}, {"type": "Feature", "geometry": {"type": "Point", "coordinates": [-118.43118974999999, 34.0317297]}, "properties": {"kind": "gantry"}}, {"type": "Feature", "geometry": {"type": "Point", "coordinates": [-118.42552305000001, 34.0319036]}, "properties": {"kind": "gantry"}}, {"type": "Feature", "geometry": {"type": "Point", "coordinates": [-118.42061255, 34.0319066]}, "properties": {"kind": "gantry"}}, {"type": "Feature", "geometry": {"type": "Point", "coordinates": [-118.41495855, 34.031875]}, "properties": {"kind": "gantry"}}, {"type": "Feature", "geometry": {"type": "Point", "coordinates": [-118.29357147528275, 33.85276555881802]}, "properties": {"kind": "works"}}, {"type": "Feature", "geometry": {"type": "Point", "coordinates": [-118.29775237488208, 33.85352139266662]}, "properties": {"kind": "works"}}, {"type": "Feature", "geometry": {"type": "Point", "coordinates": [-118.3045256249635, 33.85245019417646]}, "properties": {"kind": "works"}}, {"type": "Feature", "geometry": {"type": "Point", "coordinates": [-118.30411596125026, 33.850704316606304]}, "properties": {"kind": "works"}}, {"type": "Feature", "geometry": {"type": "Point", "coordinates": [-118.4463597535778, 33.97281439926366]}, "properties": {"kind": "lighthouse"}}, {"type": "Feature", "geometry": {"type": "Point", "coordinates": [-118.44639887798884, 33.97487754338858]}, "properties": {"kind": "pier"}}, {"type": "Feature", "geometry": {"type": "Point", "coordinates": [-118.44664919166044, 33.974226093604145]}, "properties": {"kind": "pier"}}, {"type": "Feature", "geometry": {"type": "Point", "coordinates": [-118.44669758499974, 33.973497921577895]}, "properties": {"kind": "pier"}}, {"type": "Feature", "geometry": {"type": "Point", "coordinates": [-118.44660712324165, 33.97325633125977]}, "properties": {"kind": "pier"}}, {"type": "Feature", "geometry": {"type": "Point", "coordinates": [-118.4464850768031, 33.973078152969556]}, "properties": {"kind": "pier"}}, {"type": "Feature", "geometry": {"type": "Point", "coordinates": [-118.44660549398762, 33.97291149592431]}, "properties": {"kind": "pier"}}, {"type": "Feature", "geometry": {"type": "Point", "coordinates": [-118.44649029999998, 33.97184655]}, "properties": {"kind": "pier"}}, {"type": "Feature", "geometry": {"type": "Point", "coordinates": [-118.44662259069554, 33.97195567124531]}, "properties": {"kind": "pier"}}, {"type": "Feature", "geometry": {"type": "Point", "coordinates": [-118.44959863518025, 33.97176030205819]}, "properties": {"kind": "pier"}}, {"type": "Feature", "geometry": {"type": "Point", "coordinates": [-118.44972464346006, 33.9714594336826]}, "properties": {"kind": "pier"}}, {"type": "Feature", "geometry": {"type": "Point", "coordinates": [-118.44965564894785, 33.97122462910098]}, "properties": {"kind": "pier"}}, {"type": "Feature", "geometry": {"type": "Point", "coordinates": [-118.44960424619674, 33.97109698978306]}, "properties": {"kind": "pier"}}, {"type": "Feature", "geometry": {"type": "Point", "coordinates": [-118.44959209999999, 33.97119725]}, "properties": {"kind": "pier"}}, {"type": "Feature", "geometry": {"type": "Point", "coordinates": [-118.4495917, 33.971267749999996]}, "properties": {"kind": "pier"}}, {"type": "Feature", "geometry": {"type": "Point", "coordinates": [-118.44959185, 33.9713429]}, "properties": {"kind": "pier"}}, {"type": "Feature", "geometry": {"type": "Point", "coordinates": [-118.44973057735277, 33.97117519624338]}, "properties": {"kind": "pier"}}, {"type": "Feature", "geometry": {"type": "Point", "coordinates": [-118.4496073, 33.970660949999996]}, "properties": {"kind": "pier"}}, {"type": "Feature", "geometry": {"type": "Point", "coordinates": [-118.44966460687262, 33.970866839455745]}, "properties": {"kind": "pier"}}, {"type": "Feature", "geometry": {"type": "Point", "coordinates": [-118.44959835, 33.970878299999995]}, "properties": {"kind": "pier"}}, {"type": "Feature", "geometry": {"type": "Point", "coordinates": [-118.44959890000001, 33.97080755]}, "properties": {"kind": "pier"}}, {"type": "Feature", "geometry": {"type": "Point", "coordinates": [-118.44960615, 33.97073545]}, "properties": {"kind": "pier"}}, {"type": "Feature", "geometry": {"type": "Point", "coordinates": [-118.4497290211634, 33.970336317876026]}, "properties": {"kind": "pier"}}, {"type": "Feature", "geometry": {"type": "Point", "coordinates": [-118.44965014999998, 33.970279500000004]}, "properties": {"kind": "pier"}}, {"type": "Feature", "geometry": {"type": "Point", "coordinates": [-118.44963234999999, 33.9703566]}, "properties": {"kind": "pier"}}, {"type": "Feature", "geometry": {"type": "Point", "coordinates": [-118.44963000000001, 33.9704349]}, "properties": {"kind": "pier"}}, {"type": "Feature", "geometry": {"type": "Point", "coordinates": [-118.4496168, 33.9705098]}, "properties": {"kind": "pier"}}, {"type": "Feature", "geometry": {"type": "Point", "coordinates": [-118.44961710000001, 33.97058905]}, "properties": {"kind": "pier"}}, {"type": "Feature", "geometry": {"type": "Point", "coordinates": [-118.44966560000002, 33.971811200000005]}, "properties": {"kind": "pier"}}, {"type": "Feature", "geometry": {"type": "Point", "coordinates": [-118.4464776880906, 33.97055509856598]}, "properties": {"kind": "pier"}}, {"type": "Feature", "geometry": {"type": "Point", "coordinates": [-118.4461922, 33.97050485]}, "properties": {"kind": "tower"}}, {"type": "Feature", "geometry": {"type": "Point", "coordinates": [-118.44643615986304, 33.970549532224425]}, "properties": {"kind": "pier"}}, {"type": "Feature", "geometry": {"type": "Point", "coordinates": [-118.44656623914717, 33.970290133519]}, "properties": {"kind": "pier"}}, {"type": "Feature", "geometry": {"type": "Point", "coordinates": [-118.44663537054699, 33.970135159668644]}, "properties": {"kind": "pier"}}, {"type": "Feature", "geometry": {"type": "Point", "coordinates": [-118.44663549996852, 33.97011964179447]}, "properties": {"kind": "breakwater"}}, {"type": "Feature", "geometry": {"type": "Point", "coordinates": [-118.44646325027882, 33.97002587318686]}, "properties": {"kind": "breakwater"}}, {"type": "Feature", "geometry": {"type": "Point", "coordinates": [-118.44647738934688, 33.97010338733003]}, "properties": {"kind": "breakwater"}}, {"type": "Feature", "geometry": {"type": "Point", "coordinates": [-118.44654387765257, 33.9688359799696]}, "properties": {"kind": "breakwater"}}, {"type": "Feature", "geometry": {"type": "Point", "coordinates": [-118.44691082423773, 33.96758440599531]}, "properties": {"kind": "breakwater"}}, {"type": "Feature", "geometry": {"type": "Point", "coordinates": [-118.44679500018586, 33.967739939384025]}, "properties": {"kind": "pier"}}, {"type": "Feature", "geometry": {"type": "Point", "coordinates": [-118.44693128158214, 33.96781959163902]}, "properties": {"kind": "pier"}}, {"type": "Feature", "geometry": {"type": "Point", "coordinates": [-118.45618589717365, 33.98096633464148]}, "properties": {"kind": "pier"}}, {"type": "Feature", "geometry": {"type": "Point", "coordinates": [-118.45589566267547, 33.98126987884002]}, "properties": {"kind": "breakwater"}}, {"type": "Feature", "geometry": {"type": "Point", "coordinates": [-118.45061169999624, 33.975889250813296]}, "properties": {"kind": "pier"}}, {"type": "Feature", "geometry": {"type": "Point", "coordinates": [-118.45052292798118, 33.97592646734157]}, "properties": {"kind": "bridge"}}, {"type": "Feature", "geometry": {"type": "Point", "coordinates": [-118.36576128074957, 33.84773432871045]}, "properties": {"kind": "storage_tank"}}, {"type": "Feature", "geometry": {"type": "Point", "coordinates": [-118.36576194166024, 33.84766335434557]}, "properties": {"kind": "storage_tank"}}, {"type": "Feature", "geometry": {"type": "Point", "coordinates": [-118.29060181196093, 34.09811175364391]}, "properties": {"kind": "bridge"}}, {"type": "Feature", "geometry": {"type": "Point", "coordinates": [-118.36991392595112, 34.007773270083725]}, "properties": {"kind": "stream"}}, {"type": "Feature", "geometry": {"type": "Point", "coordinates": [-118.32950849478308, 34.071777826975755]}, "properties": {"kind": "stream"}}, {"type": "Feature", "geometry": {"type": "Point", "coordinates": [-118.29268989325594, 34.123207906825535]}, "properties": {"kind": "stream"}}, {"type": "Feature", "geometry": {"type": "Point", "coordinates": [-118.33859932325174, 33.95042135764261]}, "properties": {"kind": "weir"}}, {"type": "Feature", "geometry": {"type": "Point", "coordinates": [-118.33847203719739, 33.950142649849866]}, "properties": {"kind": "weir"}}, {"type": "Feature", "geometry": {"type": "Point", "coordinates": [-118.33858505397134, 33.95013492769169]}, "properties": {"kind": "weir"}}, {"type": "Feature", "geometry": {"type": "Point", "coordinates": [-118.33867914999998, 33.950107450000004]}, "properties": {"kind": "weir"}}, {"type": "Feature", "geometry": {"type": "Point", "coordinates": [-118.33935281042217, 33.95060688003987]}, "properties": {"kind": "weir"}}, {"type": "Feature", "geometry": {"type": "Point", "coordinates": [-118.33928017879461, 33.950711817743866]}, "properties": {"kind": "weir"}}, {"type": "Feature", "geometry": {"type": "Point", "coordinates": [-118.33909716692702, 33.95081506512337]}, "properties": {"kind": "weir"}}, {"type": "Feature", "geometry": {"type": "Point", "coordinates": [-118.37522764355508, 34.033034373129034]}, "properties": {"kind": "bridge"}}, {"type": "Feature", "geometry": {"type": "Point", "coordinates": [-118.37529881107157, 34.03210764234404]}, "properties": {"kind": "bridge"}}, {"type": "Feature", "geometry": {"type": "Point", "coordinates": [-118.37661115725894, 34.02693677512319]}, "properties": {"kind": "bridge"}}, {"type": "Feature", "geometry": {"type": "Point", "coordinates": [-118.37632246353355, 34.02676815672713]}, "properties": {"kind": "bridge"}}, {"type": "Feature", "geometry": {"type": "Point", "coordinates": [-118.37670302936051, 34.02663558069415]}, "properties": {"kind": "bridge"}}, {"type": "Feature", "geometry": {"type": "Point", "coordinates": [-118.38913029300244, 34.017329091014695]}, "properties": {"kind": "bridge"}}, {"type": "Feature", "geometry": {"type": "Point", "coordinates": [-118.37824555276885, 34.02201470700431]}, "properties": {"kind": "bridge"}}, {"type": "Feature", "geometry": {"type": "Point", "coordinates": [-118.37571892285048, 34.0308230243775]}, "properties": {"kind": "water_works"}}, {"type": "Feature", "geometry": {"type": "Point", "coordinates": [-118.42682600624907, 34.01357219909424]}, "properties": {"kind": "water_works"}}, {"type": "Feature", "geometry": {"type": "Point", "coordinates": [-118.42546861165843, 34.01646456933667]}, "properties": {"kind": "water_works"}}, {"type": "Feature", "geometry": {"type": "Point", "coordinates": [-118.40177034999999, 33.999929949999995]}, "properties": {"kind": "drain"}}, {"type": "Feature", "geometry": {"type": "Point", "coordinates": [-118.4013699, 33.9995011]}, "properties": {"kind": "drain"}}, {"type": "Feature", "geometry": {"type": "Point", "coordinates": [-118.40144989999999, 33.99954365000001]}, "properties": {"kind": "drain"}}, {"type": "Feature", "geometry": {"type": "Point", "coordinates": [-118.37138601417416, 33.853017538084096]}, "properties": {"kind": "drain"}}, {"type": "Feature", "geometry": {"type": "Point", "coordinates": [-118.3709042, 33.8527198]}, "properties": {"kind": "drain"}}, {"type": "Feature", "geometry": {"type": "Point", "coordinates": [-118.40177768481408, 34.017471211955616]}, "properties": {"kind": "water_tower"}}, {"type": "Feature", "geometry": {"type": "Point", "coordinates": [-118.39526877959308, 33.85101448881404]}, "properties": {"kind": "chimney"}}, {"type": "Feature", "geometry": {"type": "Point", "coordinates": [-118.39514045448357, 33.85052911813475]}, "properties": {"kind": "chimney"}}, {"type": "Feature", "geometry": {"type": "Point", "coordinates": [-118.39493480685688, 33.850152981500415]}, "properties": {"kind": "chimney"}}, {"type": "Feature", "geometry": {"type": "Point", "coordinates": [-118.39399555775256, 33.84953237986751]}, "properties": {"kind": "chimney"}}, {"type": "Feature", "geometry": {"type": "Point", "coordinates": [-118.39376565852352, 33.84911263485525]}, "properties": {"kind": "chimney"}}, {"type": "Feature", "geometry": {"type": "Point", "coordinates": [-118.42639158837108, 33.91924129233823]}, "properties": {"kind": "chimney"}}, {"type": "Feature", "geometry": {"type": "Point", "coordinates": [-118.42586478837109, 33.91823509233823]}, "properties": {"kind": "chimney"}}, {"type": "Feature", "geometry": {"type": "Point", "coordinates": [-118.33399877712672, 34.1242966876567]}, "properties": {"kind": "pier"}}, {"type": "Feature", "geometry": {"type": "Point", "coordinates": [-118.30083981410293, 34.123692558673056]}, "properties": {"kind": "tunnel"}}, {"type": "Feature", "geometry": {"type": "Point", "coordinates": [-118.42660241750484, 33.91970854686982]}, "properties": {"kind": "cooling"}}, {"type": "Feature", "geometry": {"type": "Point", "coordinates": [-118.42639465000002, 33.918833899999996]}, "properties": {"kind": "cooling"}}, {"type": "Feature", "geometry": {"type": "Point", "coordinates": [-118.426343, 33.91870695]}, "properties": {"kind": "cooling"}}, {"type": "Feature", "geometry": {"type": "Point", "coordinates": [-118.42627555, 33.9185699]}, "properties": {"kind": "cooling"}}, {"type": "Feature", "geometry": {"type": "Point", "coordinates": [-118.42586195, 33.91870425]}, "properties": {"kind": "cooling"}}, {"type": "Feature", "geometry": {"type": "Point", "coordinates": [-118.4232839941246, 34.03676868575175]}, "properties": {"kind": "ditch"}}, {"type": "Feature", "geometry": {"type": "Point", "coordinates": [-118.42369952909321, 34.01881379591665]}, "properties": {"kind": "bridge"}}, {"type": "Feature", "geometry": {"type": "Point", "coordinates": [-118.42571494844147, 34.01332407702474]}, "properties": {"kind": "bridge"}}, {"type": "Feature", "geometry": {"type": "Point", "coordinates": [-118.39436535125677, 34.122468627387896]}, "properties": {"kind": "stream"}}, {"type": "Feature", "geometry": {"type": "Point", "coordinates": [-118.39452553646441, 34.12416081152607]}, "properties": {"kind": "stream"}}, {"type": "Feature", "geometry": {"type": "Point", "coordinates": [-118.39196160928692, 34.126416466592126]}, "properties": {"kind": "drain"}}, {"type": "Feature", "geometry": {"type": "Point", "coordinates": [-118.39165568397493, 34.126162525454355]}, "properties": {"kind": "drain"}}, {"type": "Feature", "geometry": {"type": "Point", "coordinates": [-118.39330775433925, 34.120793996977774]}, "properties": {"kind": "drain"}}, {"type": "Feature", "geometry": {"type": "Point", "coordinates": [-118.39337545378228, 34.12028851628363]}, "properties": {"kind": "drain"}}, {"type": "Feature", "geometry": {"type": "Point", "coordinates": [-118.39365418868847, 34.12074878695188]}, "properties": {"kind": "stream"}}, {"type": "Feature", "geometry": {"type": "Point", "coordinates": [-118.393583954115, 34.120575208043824]}, "properties": {"kind": "stream"}}, {"type": "Feature", "geometry": {"type": "Point", "coordinates": [-118.39437519460837, 34.12123286116293]}, "properties": {"kind": "stream"}}, {"type": "Feature", "geometry": {"type": "Point", "coordinates": [-118.42103627001903, 33.94260069523958]}, "properties": {"kind": "storage_tank"}}, {"type": "Feature", "geometry": {"type": "Point", "coordinates": [-118.42144969795761, 33.942588453491304]}, "properties": {"kind": "storage_tank"}}, {"type": "Feature", "geometry": {"type": "Point", "coordinates": [-118.42146417090751, 33.942901002116905]}, "properties": {"kind": "storage_tank"}}, {"type": "Feature", "geometry": {"type": "Point", "coordinates": [-118.42151247189389, 33.94319754036134]}, "properties": {"kind": "storage_tank"}}, {"type": "Feature", "geometry": {"type": "Point", "coordinates": [-118.40279928927504, 33.99679757265602]}, "properties": {"kind": "bridge"}}, {"type": "Feature", "geometry": {"type": "Point", "coordinates": [-118.4059533, 33.97661975]}, "properties": {"kind": "ditch"}}, {"type": "Feature", "geometry": {"type": "Point", "coordinates": [-118.40590614999999, 33.976549649999995]}, "properties": {"kind": "ditch"}}, {"type": "Feature", "geometry": {"type": "Point", "coordinates": [-118.39481169378016, 33.899073695000574]}, "properties": {"kind": "courtyard"}}, {"type": "Feature", "geometry": {"type": "Point", "coordinates": [-118.41200462556016, 33.99604529551221]}, "properties": {"kind": "bridge"}}, {"type": "Feature", "geometry": {"type": "Point", "coordinates": [-118.33442794081817, 34.04667939677544]}, "properties": {"kind": "bridge"}}, {"type": "Feature", "geometry": {"type": "Point", "coordinates": [-118.41369066438806, 33.99524734131081]}, "properties": {"kind": "compass_rose"}}, {"type": "Feature", "geometry": {"type": "Point", "coordinates": [-118.39612903096703, 34.00713431682976]}, "properties": {"kind": "bridge"}}, {"type": "Feature", "geometry": {"type": "Point", "coordinates": [-118.36884961295807, 34.03827018834046]}, "properties": {"kind": "bridge"}}, {"type": "Feature", "geometry": {"type": "Point", "coordinates": [-118.3074777761479, 34.11100731263754]}, "properties": {"kind": "stream"}}, {"type": "Feature", "geometry": {"type": "Point", "coordinates": [-118.41376478119716, 34.05648080064058]}, "properties": {"kind": "bridge"}}, {"type": "Feature", "geometry": {"type": "Point", "coordinates": [-118.41676399189362, 34.011356931181965]}, "properties": {"kind": "water_works"}}, {"type": "Feature", "geometry": {"type": "Point", "coordinates": [-118.45219640179963, 34.00582672660642]}, "properties": {"kind": "compass_rose"}}, {"type": "Feature", "geometry": {"type": "Point", "coordinates": [-118.41537110703672, 33.99808601891324]}, "properties": {"kind": "bridge"}}, {"type": "Feature", "geometry": {"type": "Point", "coordinates": [-118.41523316016519, 33.99799640037053]}, "properties": {"kind": "bridge"}}, {"type": "Feature", "geometry": {"type": "Point", "coordinates": [-118.41167245155194, 33.98981889349417]}, "properties": {"kind": "bridge"}}, {"type": "Feature", "geometry": {"type": "Point", "coordinates": [-118.4011877942965, 33.9997277196828]}, "properties": {"kind": "bridge"}}, {"type": "Feature", "geometry": {"type": "Point", "coordinates": [-118.42966913672309, 34.07236766179024]}, "properties": {"kind": "drain"}}, {"type": "Feature", "geometry": {"type": "Point", "coordinates": [-118.4465408812376, 33.97765673414625]}, "properties": {"kind": "pier"}}, {"type": "Feature", "geometry": {"type": "Point", "coordinates": [-118.44647773823293, 33.97736494852548]}, "properties": {"kind": "pier"}}, {"type": "Feature", "geometry": {"type": "Point", "coordinates": [-118.44656615, 33.977419499999996]}, "properties": {"kind": "pier"}}, {"type": "Feature", "geometry": {"type": "Point", "coordinates": [-118.4465862, 33.97749345]}, "properties": {"kind": "pier"}}, {"type": "Feature", "geometry": {"type": "Point", "coordinates": [-118.4466047, 33.9775615]}, "properties": {"kind": "pier"}}, {"type": "Feature", "geometry": {"type": "Point", "coordinates": [-118.44662109999999, 33.97761795]}, "properties": {"kind": "pier"}}, {"type": "Feature", "geometry": {"type": "Point", "coordinates": [-118.4466371, 33.9776761]}, "properties": {"kind": "pier"}}, {"type": "Feature", "geometry": {"type": "Point", "coordinates": [-118.44659745, 33.9778394]}, "properties": {"kind": "pier"}}, {"type": "Feature", "geometry": {"type": "Point", "coordinates": [-118.4465715, 33.97780115]}, "properties": {"kind": "pier"}}, {"type": "Feature", "geometry": {"type": "Point", "coordinates": [-118.4465424, 33.9777581]}, "properties": {"kind": "pier"}}, {"type": "Feature", "geometry": {"type": "Point", "coordinates": [-118.4465104, 33.97771095]}, "properties": {"kind": "pier"}}, {"type": "Feature", "geometry": {"type": "Point", "coordinates": [-118.44648095000001, 33.977667499999995]}, "properties": {"kind": "pier"}}, {"type": "Feature", "geometry": {"type": "Point", "coordinates": [-118.44642195, 33.97758035]}, "properties": {"kind": "pier"}}, {"type": "Feature", "geometry": {"type": "Point", "coordinates": [-118.4464514, 33.97762385]}, "properties": {"kind": "pier"}}, {"type": "Feature", "geometry": {"type": "Point", "coordinates": [-118.44639230000001, 33.977536650000005]}, "properties": {"kind": "pier"}}, {"type": "Feature", "geometry": {"type": "Point", "coordinates": [-118.44635845, 33.977486799999994]}, "properties": {"kind": "pier"}}, {"type": "Feature", "geometry": {"type": "Point", "coordinates": [-118.44582342100564, 33.9806941593479]}, "properties": {"kind": "pier"}}, {"type": "Feature", "geometry": {"type": "Point", "coordinates": [-118.44606385, 33.98068485]}, "properties": {"kind": "pier"}}, {"type": "Feature", "geometry": {"type": "Point", "coordinates": [-118.44610200000001, 33.9807412]}, "properties": {"kind": "pier"}}, {"type": "Feature", "geometry": {"type": "Point", "coordinates": [-118.44621194999998, 33.980902799999996]}, "properties": {"kind": "pier"}}, {"type": "Feature", "geometry": {"type": "Point", "coordinates": [-118.44624909999999, 33.980955699999996]}, "properties": {"kind": "pier"}}, {"type": "Feature", "geometry": {"type": "Point", "coordinates": [-118.4457298953457, 33.98105332008208]}, "properties": {"kind": "pier"}}, {"type": "Feature", "geometry": {"type": "Point", "coordinates": [-118.44580725, 33.98130245]}, "properties": {"kind": "pier"}}, {"type": "Feature", "geometry": {"type": "Point", "coordinates": [-118.44515834581584, 33.981291803112754]}, "properties": {"kind": "pier"}}, {"type": "Feature", "geometry": {"type": "Point", "coordinates": [-118.44650791771502, 33.97977560811478]}, "properties": {"kind": "pier"}}, {"type": "Feature", "geometry": {"type": "Point", "coordinates": [-118.44647321561447, 33.97963331102211]}, "properties": {"kind": "pier"}}, {"type": "Feature", "geometry": {"type": "Point", "coordinates": [-118.44702548584482, 33.97996823223111]}, "properties": {"kind": "pier"}}, {"type": "Feature", "geometry": {"type": "Point", "coordinates": [-118.44714290000002, 33.980566249999995]}, "properties": {"kind": "pier"}}, {"type": "Feature", "geometry": {"type": "Point", "coordinates": [-118.44732210000001, 33.9804709]}, "properties": {"kind": "pier"}}, {"type": "Feature", "geometry": {"type": "Point", "coordinates": [-118.44731265, 33.98040129999999]}, "properties": {"kind": "pier"}}, {"type": "Feature", "geometry": {"type": "Point", "coordinates": [-118.44729749999999, 33.9803371]}, "properties": {"kind": "pier"}}, {"type": "Feature", "geometry": {"type": "Point", "coordinates": [-118.4472842, 33.98026]}, "properties": {"kind": "pier"}}, {"type": "Feature", "geometry": {"type": "Point", "coordinates": [-118.44718383193207, 33.98020272800587]}, "properties": {"kind": "pier"}}, {"type": "Feature", "geometry": {"type": "Point", "coordinates": [-118.4471727435346, 33.98014251310265]}, "properties": {"kind": "pier"}}, {"type": "Feature", "geometry": {"type": "Point", "coordinates": [-118.44724550000001, 33.98005605]}, "properties": {"kind": "pier"}}, {"type": "Feature", "geometry": {"type": "Point", "coordinates": [-118.44722974999999, 33.97998655]}, "properties": {"kind": "pier"}}, {"type": "Feature", "geometry": {"type": "Point", "coordinates": [-118.4471366070292, 33.979927000406285]}, "properties": {"kind": "pier"}}, {"type": "Feature", "geometry": {"type": "Point", "coordinates": [-118.44711622777271, 33.97986248478841]}, "properties": {"kind": "pier"}}, {"type": "Feature", "geometry": {"type": "Point", "coordinates": [-118.44710702273446, 33.97980037700552]}, "properties": {"kind": "pier"}}, {"type": "Feature", "geometry": {"type": "Point", "coordinates": [-118.44716754999999, 33.9797204]}, "properties": {"kind": "pier"}}, {"type": "Feature", "geometry": {"type": "Point", "coordinates": [-118.44716174999999, 33.979654249999996]}, "properties": {"kind": "pier"}}, {"type": "Feature", "geometry": {"type": "Point", "coordinates": [-118.44714195, 33.979589149999995]}, "properties": {"kind": "pier"}}, {"type": "Feature", "geometry": {"type": "Point", "coordinates": [-118.44712975, 33.9795265]}, "properties": {"kind": "pier"}}, {"type": "Feature", "geometry": {"type": "Point", "coordinates": [-118.44696479999999, 33.97961195]}, "properties": {"kind": "pier"}}, {"type": "Feature", "geometry": {"type": "Point", "coordinates": [-118.4469745, 33.9796616]}, "properties": {"kind": "pier"}}, {"type": "Feature", "geometry": {"type": "Point", "coordinates": [-118.44698165000001, 33.979715350000006]}, "properties": {"kind": "pier"}}, {"type": "Feature", "geometry": {"type": "Point", "coordinates": [-118.44699595, 33.9797695]}, "properties": {"kind": "pier"}}, {"type": "Feature", "geometry": {"type": "Point", "coordinates": [-118.4470301, 33.97999205]}, "properties": {"kind": "pier"}}, {"type": "Feature", "geometry": {"type": "Point", "coordinates": [-118.44703910000001, 33.9800476]}, "properties": {"kind": "pier"}}, {"type": "Feature", "geometry": {"type": "Point", "coordinates": [-118.44704999999999, 33.980104]}, "properties": {"kind": "pier"}}, {"type": "Feature", "geometry": {"type": "Point", "coordinates": [-118.4470821, 33.980276950000004]}, "properties": {"kind": "pier"}}, {"type": "Feature", "geometry": {"type": "Point", "coordinates": [-118.44708614999999, 33.9803352]}, "properties": {"kind": "pier"}}, {"type": "Feature", "geometry": {"type": "Point", "coordinates": [-118.4471016, 33.9804015]}, "properties": {"kind": "pier"}}, {"type": "Feature", "geometry": {"type": "Point", "coordinates": [-118.4471168, 33.9804528]}, "properties": {"kind": "pier"}}, {"type": "Feature", "geometry": {"type": "Point", "coordinates": [-118.44712295000001, 33.9805033]}, "properties": {"kind": "pier"}}, {"type": "Feature", "geometry": {"type": "Point", "coordinates": [-118.44658824999999, 33.9802543]}, "properties": {"kind": "pier"}}, {"type": "Feature", "geometry": {"type": "Point", "coordinates": [-118.44658845, 33.98019685]}, "properties": {"kind": "pier"}}, {"type": "Feature", "geometry": {"type": "Point", "coordinates": [-118.4465851, 33.980137]}, "properties": {"kind": "pier"}}, {"type": "Feature", "geometry": {"type": "Point", "coordinates": [-118.44658280000002, 33.9800797]}, "properties": {"kind": "pier"}}, {"type": "Feature", "geometry": {"type": "Point", "coordinates": [-118.446583, 33.98002505]}, "properties": {"kind": "pier"}}, {"type": "Feature", "geometry": {"type": "Point", "coordinates": [-118.44657905000001, 33.97996605]}, "properties": {"kind": "pier"}}, {"type": "Feature", "geometry": {"type": "Point", "coordinates": [-118.4465757, 33.97991035]}, "properties": {"kind": "pier"}}, {"type": "Feature", "geometry": {"type": "Point", "coordinates": [-118.44657815000001, 33.979852550000004]}, "properties": {"kind": "pier"}}, {"type": "Feature", "geometry": {"type": "Point", "coordinates": [-118.4465768, 33.9797985]}, "properties": {"kind": "pier"}}, {"type": "Feature", "geometry": {"type": "Point", "coordinates": [-118.44657405000002, 33.979742900000005]}, "properties": {"kind": "pier"}}, {"type": "Feature", "geometry": {"type": "Point", "coordinates": [-118.44656725, 33.979690000000005]}, "properties": {"kind": "pier"}}, {"type": "Feature", "geometry": {"type": "Point", "coordinates": [-118.44657269999999, 33.97963255]}, "properties": {"kind": "pier"}}, {"type": "Feature", "geometry": {"type": "Point", "coordinates": [-118.4465586, 33.9793501]}, "properties": {"kind": "pier"}}, {"type": "Feature", "geometry": {"type": "Point", "coordinates": [-118.4465571, 33.9794524]}, "properties": {"kind": "pier"}}, {"type": "Feature", "geometry": {"type": "Point", "coordinates": [-118.44655875000001, 33.97950455]}, "properties": {"kind": "pier"}}, {"type": "Feature", "geometry": {"type": "Point", "coordinates": [-118.4417856123174, 33.9805365969608]}, "properties": {"kind": "pier"}}, {"type": "Feature", "geometry": {"type": "Point", "coordinates": [-118.44254532219068, 33.98077175014126]}, "properties": {"kind": "pier"}}, {"type": "Feature", "geometry": {"type": "Point", "coordinates": [-118.44245605, 33.98053845]}, "properties": {"kind": "pier"}}, {"type": "Feature", "geometry": {"type": "Point", "coordinates": [-118.44315122668945, 33.980625956062916]}, "properties": {"kind": "pier"}}, {"type": "Feature", "geometry": {"type": "Point", "coordinates": [-118.4429436908734, 33.98062076956071]}, "properties": {"kind": "pier"}}, {"type": "Feature", "geometry": {"type": "Point", "coordinates": [-118.44280140000001, 33.9803716]}, "properties": {"kind": "pier"}}, {"type": "Feature", "geometry": {"type": "Point", "coordinates": [-118.44691198726458, 33.978903694567244]}, "properties": {"kind": "pier"}}, {"type": "Feature", "geometry": {"type": "Point", "coordinates": [-118.44640422729375, 33.97889703077923]}, "properties": {"kind": "pier"}}, {"type": "Feature", "geometry": {"type": "Point", "coordinates": [-118.4777368850631, 34.02474296049886]}, "properties": {"kind": "works"}}, {"type": "Feature", "geometry": {"type": "Point", "coordinates": [-118.40948396164687, 34.122170641443326]}, "properties": {"kind": "reservoir_covered"}}, {"type": "Feature", "geometry": {"type": "Point", "coordinates": [-118.47654185649519, 34.09710682220339]}, "properties": {"kind": "ditch"}}, {"type": "Feature", "geometry": {"type": "Point", "coordinates": [-118.47641110000002, 34.09701315]}, "properties": {"kind": "ditch"}}, {"type": "Feature", "geometry": {"type": "Point", "coordinates": [-118.42308940475979, 34.03720368696265]}, "properties": {"kind": "ditch"}}, {"type": "Feature", "geometry": {"type": "Point", "coordinates": [-118.42427475555161, 34.03681796687159]}, "properties": {"kind": "ditch"}}, {"type": "Feature", "geometry": {"type": "Point", "coordinates": [-118.4664424893348, 34.072849944865666]}, "properties": {"kind": "bridge"}}, {"type": "Feature", "geometry": {"type": "Point", "coordinates": [-118.36572675703233, 34.03971788883034]}, "properties": {"kind": "bridge"}}, {"type": "Feature", "geometry": {"type": "Point", "coordinates": [-118.29025342552694, 34.07036562378755]}, "properties": {"kind": "drain"}}, {"type": "Feature", "geometry": {"type": "Point", "coordinates": [-118.38026660058591, 34.12692474420444]}, "properties": {"kind": "storage_tank"}}, {"type": "Feature", "geometry": {"type": "Point", "coordinates": [-118.37305520000001, 33.853348499999996]}, "properties": {"kind": "drain"}}, {"type": "Feature", "geometry": {"type": "Point", "coordinates": [-118.37261314149775, 33.85379404653546]}, "properties": {"kind": "ditch"}}, {"type": "Feature", "geometry": {"type": "Point", "coordinates": [-118.38585233401062, 34.002080686525105]}, "properties": {"kind": "drain"}}, {"type": "Feature", "geometry": {"type": "Point", "coordinates": [-118.40351119181658, 33.90800292468405]}, "properties": {"kind": "storage_tank"}}, {"type": "Feature", "geometry": {"type": "Point", "coordinates": [-118.36709315903991, 33.86610460666836]}, "properties": {"kind": "planter"}}, {"type": "Feature", "geometry": {"type": "Point", "coordinates": [-118.36698030645086, 33.866093788958054]}, "properties": {"kind": "planter"}}, {"type": "Feature", "geometry": {"type": "Point", "coordinates": [-118.35364400088032, 33.83348906006828]}, "properties": {"kind": "planter"}}, {"type": "Feature", "geometry": {"type": "Point", "coordinates": [-118.48822568728173, 34.110818124129835]}, "properties": {"kind": "stream"}}, {"type": "Feature", "geometry": {"type": "Point", "coordinates": [-118.49200841556235, 34.10886364089557]}, "properties": {"kind": "stream"}}, {"type": "Feature", "geometry": {"type": "Point", "coordinates": [-118.49177320000001, 34.10907655]}, "properties": {"kind": "stream"}}, {"type": "Feature", "geometry": {"type": "Point", "coordinates": [-118.42529214194285, 33.91142312668894]}, "properties": {"kind": "cooling"}}, {"type": "Feature", "geometry": {"type": "Point", "coordinates": [-118.42491434194287, 33.91080792668894]}, "properties": {"kind": "cooling"}}, {"type": "Feature", "geometry": {"type": "Point", "coordinates": [-118.43346886499494, 33.97875239027036]}, "properties": {"kind": "stream"}}, {"type": "Feature", "geometry": {"type": "Point", "coordinates": [-118.34235704999999, 33.954438350000004]}, "properties": {"kind": "street_cabinet"}}, {"type": "Feature", "geometry": {"type": "Point", "coordinates": [-118.33804275000001, 33.955747949999996]}, "properties": {"kind": "street_cabinet"}}, {"type": "Feature", "geometry": {"type": "Point", "coordinates": [-118.33979451877106, 33.94923726109988]}, "properties": {"kind": "pier"}}, {"type": "Feature", "geometry": {"type": "Point", "coordinates": [-118.3371082643241, 33.95046531267664]}, "properties": {"kind": "bridge"}}, {"type": "Feature", "geometry": {"type": "Point", "coordinates": [-118.33617718074237, 33.95031033334469]}, "properties": {"kind": "bridge"}}, {"type": "Feature", "geometry": {"type": "Point", "coordinates": [-118.33968094999999, 33.9491327]}, "properties": {"kind": "street_cabinet"}}, {"type": "Feature", "geometry": {"type": "Point", "coordinates": [-118.33907509203762, 33.94942301703855]}, "properties": {"kind": "street_cabinet"}}, {"type": "Feature", "geometry": {"type": "Point", "coordinates": [-118.3351676855266, 33.95052111323776]}, "properties": {"kind": "street_cabinet"}}, {"type": "Feature", "geometry": {"type": "Point", "coordinates": [-118.3361422490888, 33.94860694773109]}, "properties": {"kind": "street_cabinet"}}, {"type": "Feature", "geometry": {"type": "Point", "coordinates": [-118.33609480547386, 33.94853991670712]}, "properties": {"kind": "street_cabinet"}}, {"type": "Feature", "geometry": {"type": "Point", "coordinates": [-118.3436870252224, 33.952523010491234]}, "properties": {"kind": "street_cabinet"}}, {"type": "Feature", "geometry": {"type": "Point", "coordinates": [-118.3437092, 33.9524071]}, "properties": {"kind": "street_cabinet"}}, {"type": "Feature", "geometry": {"type": "Point", "coordinates": [-118.34372808398939, 33.952499625367565]}, "properties": {"kind": "street_cabinet"}}, {"type": "Feature", "geometry": {"type": "Point", "coordinates": [-118.46183275945762, 33.976110013030414]}, "properties": {"kind": "canal"}}, {"type": "Feature", "geometry": {"type": "Point", "coordinates": [-118.46532085, 33.983444649999996]}, "properties": {"kind": "canal"}}, {"type": "Feature", "geometry": {"type": "Point", "coordinates": [-118.46458171124421, 33.985320450781806]}, "properties": {"kind": "canal"}}, {"type": "Feature", "geometry": {"type": "Point", "coordinates": [-118.4669218, 33.9853227]}, "properties": {"kind": "canal"}}, {"type": "Feature", "geometry": {"type": "Point", "coordinates": [-118.4663953, 33.98468174999999]}, "properties": {"kind": "canal"}}, {"type": "Feature", "geometry": {"type": "Point", "coordinates": [-118.46585635, 33.9840613]}, "properties": {"kind": "canal"}}, {"type": "Feature", "geometry": {"type": "Point", "coordinates": [-118.33556304046621, 33.956054324365866]}, "properties": {"kind": "street_cabinet"}}, {"type": "Feature", "geometry": {"type": "Point", "coordinates": [-118.33552700000001, 33.95608055]}, "properties": {"kind": "street_cabinet"}}, {"type": "Feature", "geometry": {"type": "Point", "coordinates": [-118.3396346, 33.956309250000004]}, "properties": {"kind": "street_cabinet"}}, {"type": "Feature", "geometry": {"type": "Point", "coordinates": [-118.3398276, 33.956330449999996]}, "properties": {"kind": "street_cabinet"}}, {"type": "Feature", "geometry": {"type": "Point", "coordinates": [-118.34313905, 33.9528823]}, "properties": {"kind": "street_cabinet"}}, {"type": "Feature", "geometry": {"type": "Point", "coordinates": [-118.34014825000001, 33.94633575000001]}, "properties": {"kind": "street_cabinet"}}, {"type": "Feature", "geometry": {"type": "Point", "coordinates": [-118.45672969146756, 34.010255023243744]}, "properties": {"kind": "beacon"}}, {"type": "Feature", "geometry": {"type": "Point", "coordinates": [-118.4654516159978, 34.00293076528676]}, "properties": {"kind": "pumping_station"}}, {"type": "Feature", "geometry": {"type": "Point", "coordinates": [-118.45874760408628, 34.00560357806696]}, "properties": {"kind": "storage_tank"}}, {"type": "Feature", "geometry": {"type": "Point", "coordinates": [-118.33582144766135, 33.95403955153932]}, "properties": {"kind": "street_cabinet"}}, {"type": "Feature", "geometry": {"type": "Point", "coordinates": [-118.34215705000001, 33.9544816]}, "properties": {"kind": "street_cabinet"}}, {"type": "Feature", "geometry": {"type": "Point", "coordinates": [-118.32578550024296, 33.91950514999879]}, "properties": {"kind": "bridge"}}, {"type": "Feature", "geometry": {"type": "Point", "coordinates": [-118.32578470174255, 33.919401549976676]}, "properties": {"kind": "bridge"}}, {"type": "Feature", "geometry": {"type": "Point", "coordinates": [-118.32577495, 33.922490950000004]}, "properties": {"kind": "bridge"}}, {"type": "Feature", "geometry": {"type": "Point", "coordinates": [-118.32578974998455, 33.91646430762999]}, "properties": {"kind": "bridge"}}, {"type": "Feature", "geometry": {"type": "Point", "coordinates": [-118.32571495205174, 33.90922155975927]}, "properties": {"kind": "bridge"}}, {"type": "Feature", "geometry": {"type": "Point", "coordinates": [-118.3265263, 33.91282765]}, "properties": {"kind": "bridge"}}, {"type": "Feature", "geometry": {"type": "Point", "coordinates": [-118.45083427728795, 34.06975886795298]}, "properties": {"kind": "drain"}}, {"type": "Feature", "geometry": {"type": "Point", "coordinates": [-118.38356696121097, 33.92732461359086]}, "properties": {"kind": "planter"}}, {"type": "Feature", "geometry": {"type": "Point", "coordinates": [-118.45035470968682, 34.0736903741351]}, "properties": {"kind": "drain"}}, {"type": "Feature", "geometry": {"type": "Point", "coordinates": [-118.36808687136507, 34.03860485064853]}, "properties": {"kind": "stream"}}, {"type": "Feature", "geometry": {"type": "Point", "coordinates": [-118.36166084904758, 34.04104739075072]}, "properties": {"kind": "stream"}}, {"type": "Feature", "geometry": {"type": "Point", "coordinates": [-118.35529072921052, 34.04363768230141]}, "properties": {"kind": "stream"}}, {"type": "Feature", "geometry": {"type": "Point", "coordinates": [-118.40148094999999, 33.999603]}, "properties": {"kind": "drain"}}, {"type": "Feature", "geometry": {"type": "Point", "coordinates": [-118.4015168693765, 33.99970257829632]}, "properties": {"kind": "drain"}}, {"type": "Feature", "geometry": {"type": "Point", "coordinates": [-118.40157310000001, 33.9997894]}, "properties": {"kind": "drain"}}, {"type": "Feature", "geometry": {"type": "Point", "coordinates": [-118.4016304, 33.99984295]}, "properties": {"kind": "drain"}}, {"type": "Feature", "geometry": {"type": "Point", "coordinates": [-118.40169025000002, 33.99988085]}, "properties": {"kind": "drain"}}, {"type": "Feature", "geometry": {"type": "Point", "coordinates": [-118.38695788250257, 33.888446811128844]}, "properties": {"kind": "stream"}}, {"type": "Feature", "geometry": {"type": "Point", "coordinates": [-118.45479669999999, 33.9662591]}, "properties": {"kind": "stream"}}, {"type": "Feature", "geometry": {"type": "Point", "coordinates": [-118.42778938310857, 33.94125233933176]}, "properties": {"kind": "bridge"}}, {"type": "Feature", "geometry": {"type": "Point", "coordinates": [-118.36445521954963, 33.87968364585888]}, "properties": {"kind": "storage_tank"}}, {"type": "Feature", "geometry": {"type": "Point", "coordinates": [-118.34914935, 33.8608664]}, "properties": {"kind": "guy_wire"}}, {"type": "Feature", "geometry": {"type": "Point", "coordinates": [-118.34880435000001, 33.8603724]}, "properties": {"kind": "guy_wire"}}, {"type": "Feature", "geometry": {"type": "Point", "coordinates": [-118.3494922, 33.860374300000004]}, "properties": {"kind": "guy_wire"}}, {"type": "Feature", "geometry": {"type": "Point", "coordinates": [-118.34925874999999, 33.859489249999996]}, "properties": {"kind": "guy_wire"}}, {"type": "Feature", "geometry": {"type": "Point", "coordinates": [-118.35030785000002, 33.85950535]}, "properties": {"kind": "guy_wire"}}, {"type": "Feature", "geometry": {"type": "Point", "coordinates": [-118.34979989999998, 33.8602694]}, "properties": {"kind": "guy_wire"}}, {"type": "Feature", "geometry": {"type": "Point", "coordinates": [-118.3717537, 33.8543155]}, "properties": {"kind": "drain"}}, {"type": "Feature", "geometry": {"type": "Point", "coordinates": [-118.30663587148645, 34.11417247431807]}, "properties": {"kind": "stream"}}, {"type": "Feature", "geometry": {"type": "Point", "coordinates": [-118.4949141733467, 34.09663949330003]}, "properties": {"kind": "stream"}}, {"type": "Feature", "geometry": {"type": "Point", "coordinates": [-118.44837291131415, 34.053917011604725]}, "properties": {"kind": "stream"}}, {"type": "Feature", "geometry": {"type": "Point", "coordinates": [-118.42780505343536, 34.01579578307163]}, "properties": {"kind": "stream"}}, {"type": "Feature", "geometry": {"type": "Point", "coordinates": [-118.4658505427744, 34.06171231527739]}, "properties": {"kind": "stream"}}, {"type": "Feature", "geometry": {"type": "Point", "coordinates": [-118.46881071228934, 34.066685193941765]}, "properties": {"kind": "stream"}}, {"type": "Feature", "geometry": {"type": "Point", "coordinates": [-118.47305465715328, 34.07293015623748]}, "properties": {"kind": "stream"}}, {"type": "Feature", "geometry": {"type": "Point", "coordinates": [-118.4696143281364, 34.10857309089799]}, "properties": {"kind": "stream"}}, {"type": "Feature", "geometry": {"type": "Point", "coordinates": [-118.47942676408366, 34.03537004801657]}, "properties": {"kind": "yes"}}, {"type": "Feature", "geometry": {"type": "Point", "coordinates": [-118.47905751625622, 34.035660715713746]}, "properties": {"kind": "stream"}}, {"type": "Feature", "geometry": {"type": "Point", "coordinates": [-118.44439715000001, 33.98309424999999]}, "properties": {"kind": "pier"}}, {"type": "Feature", "geometry": {"type": "Point", "coordinates": [-118.44187500252137, 34.11359784440151]}, "properties": {"kind": "stream"}}, {"type": "Feature", "geometry": {"type": "Point", "coordinates": [-118.44068493366018, 34.11500749044393]}, "properties": {"kind": "stream"}}, {"type": "Feature", "geometry": {"type": "Point", "coordinates": [-118.47131173691943, 34.111550245523475]}, "properties": {"kind": "stream"}}, {"type": "Feature", "geometry": {"type": "Point", "coordinates": [-118.40262505, 33.8729667]}, "properties": {"kind": "planter"}}, {"type": "Feature", "geometry": {"type": "Point", "coordinates": [-118.40257849313024, 33.87288508199942]}, "properties": {"kind": "planter"}}, {"type": "Feature", "geometry": {"type": "Point", "coordinates": [-118.44361909999999, 33.9803109]}, "properties": {"kind": "pier"}}, {"type": "Feature", "geometry": {"type": "Point", "coordinates": [-118.44412940000001, 33.980073000000004]}, "properties": {"kind": "pier"}}, {"type": "Feature", "geometry": {"type": "Point", "coordinates": [-118.37884023557716, 33.93912676432405]}, "properties": {"kind": "drain"}}, {"type": "Feature", "geometry": {"type": "Point", "coordinates": [-118.38006665, 33.94524795]}, "properties": {"kind": "drain"}}, {"type": "Feature", "geometry": {"type": "Point", "coordinates": [-118.37935780000001, 33.94524845]}, "properties": {"kind": "drain"}}, {"type": "Feature", "geometry": {"type": "Point", "coordinates": [-118.40165876255517, 33.9898840088161]}, "properties": {"kind": "bridge"}}, {"type": "Feature", "geometry": {"type": "Point", "coordinates": [-118.40149360138865, 33.98975652301448]}, "properties": {"kind": "bridge"}}, {"type": "Feature", "geometry": {"type": "Point", "coordinates": [-118.40048205755724, 33.989475676743325]}, "properties": {"kind": "bridge"}}, {"type": "Feature", "geometry": {"type": "Point", "coordinates": [-118.39985974047971, 33.98938085663339]}, "properties": {"kind": "bridge"}}, {"type": "Feature", "geometry": {"type": "Point", "coordinates": [-118.3996747635205, 33.98835206749271]}, "properties": {"kind": "bridge"}}, {"type": "Feature", "geometry": {"type": "Point", "coordinates": [-118.40249281809963, 33.99199228574365]}, "properties": {"kind": "bridge"}}, {"type": "Feature", "geometry": {"type": "Point", "coordinates": [-118.40434475689169, 33.994366477014545]}, "properties": {"kind": "bridge"}}, {"type": "Feature", "geometry": {"type": "Point", "coordinates": [-118.408917815928, 34.000187547383334]}, "properties": {"kind": "bridge"}}, {"type": "Feature", "geometry": {"type": "Point", "coordinates": [-118.4093605268718, 34.001362258655476]}, "properties": {"kind": "bridge"}}, {"type": "Feature", "geometry": {"type": "Point", "coordinates": [-118.41011263783508, 34.001605442140814]}, "properties": {"kind": "bridge"}}, {"type": "Feature", "geometry": {"type": "Point", "coordinates": [-118.41132538249671, 34.003133746975934]}, "properties": {"kind": "bridge"}}, {"type": "Feature", "geometry": {"type": "Point", "coordinates": [-118.41362210069954, 34.00606105101151]}, "properties": {"kind": "bridge"}}, {"type": "Feature", "geometry": {"type": "Point", "coordinates": [-118.41519327809709, 34.00806037969429]}, "properties": {"kind": "bridge"}}, {"type": "Feature", "geometry": {"type": "Point", "coordinates": [-118.41844189646096, 34.01219820298949]}, "properties": {"kind": "bridge"}}, {"type": "Feature", "geometry": {"type": "Point", "coordinates": [-118.43058189341237, 34.02992311439795]}, "properties": {"kind": "bridge"}}, {"type": "Feature", "geometry": {"type": "Point", "coordinates": [-118.43001919015, 34.02679439022852]}, "properties": {"kind": "bridge"}}, {"type": "Feature", "geometry": {"type": "Point", "coordinates": [-118.42972822150819, 34.02695678900804]}, "properties": {"kind": "bridge"}}, {"type": "Feature", "geometry": {"type": "Point", "coordinates": [-118.4306237619932, 34.03066088366185]}, "properties": {"kind": "bridge"}}, {"type": "Feature", "geometry": {"type": "Point", "coordinates": [-118.43271335418855, 34.03123123463309]}, "properties": {"kind": "bridge"}}, {"type": "Feature", "geometry": {"type": "Point", "coordinates": [-118.43385196497795, 34.0310705542219]}, "properties": {"kind": "bridge"}}, {"type": "Feature", "geometry": {"type": "Point", "coordinates": [-118.43724656634417, 34.03387510588816]}, "properties": {"kind": "bridge"}}, {"type": "Feature", "geometry": {"type": "Point", "coordinates": [-118.43681271028355, 34.033248455214704]}, "properties": {"kind": "bridge"}}, {"type": "Feature", "geometry": {"type": "Point", "coordinates": [-118.43982325080981, 34.039066038549926]}, "properties": {"kind": "bridge"}}, {"type": "Feature", "geometry": {"type": "Point", "coordinates": [-118.44670345808463, 34.04697230029036]}, "properties": {"kind": "bridge"}}, {"type": "Feature", "geometry": {"type": "Point", "coordinates": [-118.44849331205779, 34.049303544458056]}, "properties": {"kind": "bridge"}}, {"type": "Feature", "geometry": {"type": "Point", "coordinates": [-118.44994267905896, 34.05492972245334]}, "properties": {"kind": "bridge"}}, {"type": "Feature", "geometry": {"type": "Point", "coordinates": [-118.45103082019158, 34.05555588683719]}, "properties": {"kind": "bridge"}}, {"type": "Feature", "geometry": {"type": "Point", "coordinates": [-118.45252192141098, 34.05551024058243]}, "properties": {"kind": "bridge"}}, {"type": "Feature", "geometry": {"type": "Point", "coordinates": [-118.45212924734365, 34.05575046272294]}, "properties": {"kind": "bridge"}}, {"type": "Feature", "geometry": {"type": "Point", "coordinates": [-118.4517933217557, 34.056363140482375]}, "properties": {"kind": "bridge"}}, {"type": "Feature", "geometry": {"type": "Point", "coordinates": [-118.4554935229223, 34.05990945886472]}, "properties": {"kind": "bridge"}}, {"type": "Feature", "geometry": {"type": "Point", "coordinates": [-118.46162494726445, 34.06707267001644]}, "properties": {"kind": "bridge"}}, {"type": "Feature", "geometry": {"type": "Point", "coordinates": [-118.46569094139814, 34.07243876875035]}, "properties": {"kind": "bridge"}}, {"type": "Feature", "geometry": {"type": "Point", "coordinates": [-118.46517190516421, 34.07188738948484]}, "properties": {"kind": "bridge"}}, {"type": "Feature", "geometry": {"type": "Point", "coordinates": [-118.46857114800093, 34.07542733340965]}, "properties": {"kind": "bridge"}}, {"type": "Feature", "geometry": {"type": "Point", "coordinates": [-118.37887507445967, 33.9439176876958]}, "properties": {"kind": "drain"}}, {"type": "Feature", "geometry": {"type": "Point", "coordinates": [-118.37883384999999, 33.94214585]}, "properties": {"kind": "drain"}}, {"type": "Feature", "geometry": {"type": "Point", "coordinates": [-118.30607425, 34.12057795]}, "properties": {"kind": "stream"}}, {"type": "Feature", "geometry": {"type": "Point", "coordinates": [-118.30655618451178, 34.1190976453013]}, "properties": {"kind": "stream"}}, {"type": "Feature", "geometry": {"type": "Point", "coordinates": [-118.30642095, 34.1174131]}, "properties": {"kind": "stream"}}, {"type": "Feature", "geometry": {"type": "Point", "coordinates": [-118.3062797042025, 34.11677131291265]}, "properties": {"kind": "stream"}}, {"type": "Feature", "geometry": {"type": "Point", "coordinates": [-118.3064677, 34.11620285]}, "properties": {"kind": "stream"}}, {"type": "Feature", "geometry": {"type": "Point", "coordinates": [-118.30702220778375, 34.11429649134591]}, "properties": {"kind": "stream"}}, {"type": "Feature", "geometry": {"type": "Point", "coordinates": [-118.30716680299739, 34.10892374267713]}, "properties": {"kind": "stream"}}, {"type": "Feature", "geometry": {"type": "Point", "coordinates": [-118.30747445, 34.1093467]}, "properties": {"kind": "stream"}}, {"type": "Feature", "geometry": {"type": "Point", "coordinates": [-118.44682038651344, 34.06731587973647]}, "properties": {"kind": "cooling"}}, {"type": "Feature", "geometry": {"type": "Point", "coordinates": [-118.44645707125744, 34.067278816165086]}, "properties": {"kind": "cooling"}}, {"type": "Feature", "geometry": {"type": "Point", "coordinates": [-118.44588209999999, 34.06730775]}, "properties": {"kind": "cooling"}}, {"type": "Feature", "geometry": {"type": "Point", "coordinates": [-118.38657075, 33.89107680000001]}, "properties": {"kind": "storage_tank"}}, {"type": "Feature", "geometry": {"type": "Point", "coordinates": [-118.38657039594189, 33.891035620895735]}, "properties": {"kind": "storage_tank"}}, {"type": "Feature", "geometry": {"type": "Point", "coordinates": [-118.38673774170398, 33.89104923408893]}, "properties": {"kind": "storage_tank"}}, {"type": "Feature", "geometry": {"type": "Point", "coordinates": [-118.43235469913516, 33.92946831889554]}, "properties": {"kind": "storage_tank"}}, {"type": "Feature", "geometry": {"type": "Point", "coordinates": [-118.45700166211263, 34.064953378086805]}, "properties": {"kind": "stream"}}, {"type": "Feature", "geometry": {"type": "Point", "coordinates": [-118.45721205000001, 34.0654904]}, "properties": {"kind": "stream"}}, {"type": "Feature", "geometry": {"type": "Point", "coordinates": [-118.3116737593339, 34.126186314448645]}, "properties": {"kind": "stream"}}, {"type": "Feature", "geometry": {"type": "Point", "coordinates": [-118.31124585, 34.12690525]}, "properties": {"kind": "stream"}}, {"type": "Feature", "geometry": {"type": "Point", "coordinates": [-118.31088429110984, 34.127329576072874]}, "properties": {"kind": "stream"}}, {"type": "Feature", "geometry": {"type": "Point", "coordinates": [-118.31136973473387, 34.127637818298304]}, "properties": {"kind": "stream"}}, {"type": "Feature", "geometry": {"type": "Point", "coordinates": [-118.311164201838, 34.12721016334336]}, "properties": {"kind": "stream"}}, {"type": "Feature", "geometry": {"type": "Point", "coordinates": [-118.3112094, 34.127351899999994]}, "properties": {"kind": "stream"}}, {"type": "Feature", "geometry": {"type": "Point", "coordinates": [-118.31124188694125, 34.1269027767439]}, "properties": {"kind": "stream"}}, {"type": "Feature", "geometry": {"type": "Point", "coordinates": [-118.47847885413618, 34.12262968637899]}, "properties": {"kind": "bridge"}}, {"type": "Feature", "geometry": {"type": "Point", "coordinates": [-118.47550281736929, 34.12636403079625]}, "properties": {"kind": "bridge"}}, {"type": "Feature", "geometry": {"type": "Point", "coordinates": [-118.48168351348185, 34.1106051129788]}, "properties": {"kind": "bridge"}}, {"type": "Feature", "geometry": {"type": "Point", "coordinates": [-118.47532760973434, 34.08861579654409]}, "properties": {"kind": "bridge"}}, {"type": "Feature", "geometry": {"type": "Point", "coordinates": [-118.47358611561066, 34.08266192662494]}, "properties": {"kind": "stream"}}, {"type": "Feature", "geometry": {"type": "Point", "coordinates": [-118.47394566840919, 34.083760791271544]}, "properties": {"kind": "stream"}}, {"type": "Feature", "geometry": {"type": "Point", "coordinates": [-118.3679080470153, 34.127750578027985]}, "properties": {"kind": "storage_tank"}}, {"type": "Feature", "geometry": {"type": "Point", "coordinates": [-118.29082502822743, 33.87110674784286]}, "properties": {"kind": "bridge"}}, {"type": "Feature", "geometry": {"type": "Point", "coordinates": [-118.29908969810928, 33.871194479775596]}, "properties": {"kind": "bridge"}}, {"type": "Feature", "geometry": {"type": "Point", "coordinates": [-118.30918211369578, 33.87123252417049]}, "properties": {"kind": "bridge"}}, {"type": "Feature", "geometry": {"type": "Point", "coordinates": [-118.31141675716046, 33.8728751425481]}, "properties": {"kind": "bridge"}}, {"type": "Feature", "geometry": {"type": "Point", "coordinates": [-118.31349611337772, 33.876956228359184]}, "properties": {"kind": "bridge"}}, {"type": "Feature", "geometry": {"type": "Point", "coordinates": [-118.3178429496791, 33.877978709639734]}, "properties": {"kind": "bridge"}}, {"type": "Feature", "geometry": {"type": "Point", "coordinates": [-118.3265139110792, 33.87975954267775]}, "properties": {"kind": "bridge"}}, {"type": "Feature", "geometry": {"type": "Point", "coordinates": [-118.32692345386641, 33.87986274353258]}, "properties": {"kind": "bridge"}}, {"type": "Feature", "geometry": {"type": "Point", "coordinates": [-118.33128619559508, 33.88137264457483]}, "properties": {"kind": "bridge"}}, {"type": "Feature", "geometry": {"type": "Point", "coordinates": [-118.33498853676606, 33.88682322167732]}, "properties": {"kind": "bridge"}}, {"type": "Feature", "geometry": {"type": "Point", "coordinates": [-118.33499066401367, 33.887402412827385]}, "properties": {"kind": "bridge"}}, {"type": "Feature", "geometry": {"type": "Point", "coordinates": [-118.33348042044624, 33.89466278963691]}, "properties": {"kind": "bridge"}}, {"type": "Feature", "geometry": {"type": "Point", "coordinates": [-118.33642298944895, 33.9253518691825]}, "properties": {"kind": "bridge"}}, {"type": "Feature", "geometry": {"type": "Point", "coordinates": [-118.33023636750903, 33.898300863559285]}, "properties": {"kind": "bridge"}}, {"type": "Feature", "geometry": {"type": "Point", "coordinates": [-118.46452947299395, 34.00615669404721]}, "properties": {"kind": "drain"}}, {"type": "Feature", "geometry": {"type": "Point", "coordinates": [-118.3356467182286, 34.09818764423794]}, "properties": {"kind": "tower"}}, {"type": "Feature", "geometry": {"type": "Point", "coordinates": [-118.47121674003694, 33.98258554979283]}, "properties": {"kind": "tower"}}, {"type": "Feature", "geometry": {"type": "Point", "coordinates": [-118.29611113411808, 34.117548995679236]}, "properties": {"kind": "stream"}}, {"type": "Feature", "geometry": {"type": "Point", "coordinates": [-118.29476564999999, 34.118009650000005]}, "properties": {"kind": "drain"}}, {"type": "Feature", "geometry": {"type": "Point", "coordinates": [-118.29440695, 34.11806345]}, "properties": {"kind": "drain"}}, {"type": "Feature", "geometry": {"type": "Point", "coordinates": [-118.34642390413686, 33.847335183536615]}, "properties": {"kind": "stream"}}, {"type": "Feature", "geometry": {"type": "Point", "coordinates": [-118.34561831562779, 33.846330344138124]}, "properties": {"kind": "stream"}}, {"type": "Feature", "geometry": {"type": "Point", "coordinates": [-118.34576220819086, 33.84692392276032]}, "properties": {"kind": "stream"}}, {"type": "Feature", "geometry": {"type": "Point", "coordinates": [-118.45704722500768, 34.01211226073841]}, "properties": {"kind": "compass_rose"}}, {"type": "Feature", "geometry": {"type": "Point", "coordinates": [-118.44584270325618, 33.981212707010755]}, "properties": {"kind": "pier"}}, {"type": "Feature", "geometry": {"type": "Point", "coordinates": [-118.4459445, 33.98124035]}, "properties": {"kind": "pier"}}, {"type": "Feature", "geometry": {"type": "Point", "coordinates": [-118.44580663977618, 33.98115997833751]}, "properties": {"kind": "pier"}}, {"type": "Feature", "geometry": {"type": "Point", "coordinates": [-118.44576800045661, 33.981107251038345]}, "properties": {"kind": "pier"}}, {"type": "Feature", "geometry": {"type": "Point", "coordinates": [-118.44573395357106, 33.981055407825764]}, "properties": {"kind": "pier"}}, {"type": "Feature", "geometry": {"type": "Point", "coordinates": [-118.44577235, 33.980972699999995]}, "properties": {"kind": "pier"}}, {"type": "Feature", "geometry": {"type": "Point", "coordinates": [-118.44561969999998, 33.98102995]}, "properties": {"kind": "pier"}}, {"type": "Feature", "geometry": {"type": "Point", "coordinates": [-118.44573584999999, 33.9809182]}, "properties": {"kind": "pier"}}, {"type": "Feature", "geometry": {"type": "Point", "coordinates": [-118.4455806, 33.9809738]}, "properties": {"kind": "pier"}}, {"type": "Feature", "geometry": {"type": "Point", "coordinates": [-118.4456988, 33.9808654]}, "properties": {"kind": "pier"}}, {"type": "Feature", "geometry": {"type": "Point", "coordinates": [-118.44554395, 33.9809184]}, "properties": {"kind": "pier"}}, {"type": "Feature", "geometry": {"type": "Point", "coordinates": [-118.44536805000001, 33.9814412]}, "properties": {"kind": "pier"}}, {"type": "Feature", "geometry": {"type": "Point", "coordinates": [-118.4452349, 33.98151525]}, "properties": {"kind": "pier"}}, {"type": "Feature", "geometry": {"type": "Point", "coordinates": [-118.44533105, 33.981387]}, "properties": {"kind": "pier"}}, {"type": "Feature", "geometry": {"type": "Point", "coordinates": [-118.4451989, 33.98146625]}, "properties": {"kind": "pier"}}, {"type": "Feature", "geometry": {"type": "Point", "coordinates": [-118.44529265, 33.98133115]}, "properties": {"kind": "pier"}}, {"type": "Feature", "geometry": {"type": "Point", "coordinates": [-118.44516665, 33.98141715]}, "properties": {"kind": "pier"}}, {"type": "Feature", "geometry": {"type": "Point", "coordinates": [-118.44513285, 33.981368450000005]}, "properties": {"kind": "pier"}}, {"type": "Feature", "geometry": {"type": "Point", "coordinates": [-118.44525254999999, 33.981276199999996]}, "properties": {"kind": "pier"}}, {"type": "Feature", "geometry": {"type": "Point", "coordinates": [-118.44509944999999, 33.98132005]}, "properties": {"kind": "pier"}}, {"type": "Feature", "geometry": {"type": "Point", "coordinates": [-118.44521674999999, 33.9812224]}, "properties": {"kind": "pier"}}, {"type": "Feature", "geometry": {"type": "Point", "coordinates": [-118.44506455, 33.981270699999996]}, "properties": {"kind": "pier"}}, {"type": "Feature", "geometry": {"type": "Point", "coordinates": [-118.44517585, 33.981163550000005]}, "properties": {"kind": "pier"}}, {"type": "Feature", "geometry": {"type": "Point", "coordinates": [-118.44503095, 33.9812239]}, "properties": {"kind": "pier"}}, {"type": "Feature", "geometry": {"type": "Point", "coordinates": [-118.4449951, 33.9811751]}, "properties": {"kind": "pier"}}, {"type": "Feature", "geometry": {"type": "Point", "coordinates": [-118.44514075000001, 33.9811126]}, "properties": {"kind": "pier"}}, {"type": "Feature", "geometry": {"type": "Point", "coordinates": [-118.44504050112675, 33.98108615237959]}, "properties": {"kind": "pier"}}, {"type": "Feature", "geometry": {"type": "Point", "coordinates": [-118.44535006022272, 33.9815238714249]}, "properties": {"kind": "pier"}}, {"type": "Feature", "geometry": {"type": "Point", "coordinates": [-118.29178578952119, 33.92871060447713]}, "properties": {"kind": "bridge"}}, {"type": "Feature", "geometry": {"type": "Point", "coordinates": [-118.48896937802179, 34.07755607227702]}, "properties": {"kind": "stream"}}, {"type": "Feature", "geometry": {"type": "Point", "coordinates": [-118.45608125, 34.05408925]}, "properties": {"kind": "drain"}}, {"type": "Feature", "geometry": {"type": "Point", "coordinates": [-118.45545814043966, 34.05399457087511]}, "properties": {"kind": "drain"}}, {"type": "Feature", "geometry": {"type": "Point", "coordinates": [-118.45639904356769, 34.05455057810487]}, "properties": {"kind": "drain"}}, {"type": "Feature", "geometry": {"type": "Point", "coordinates": [-118.45645775, 34.05432145]}, "properties": {"kind": "drain"}}, {"type": "Feature", "geometry": {"type": "Point", "coordinates": [-118.45629025, 34.0542187]}, "properties": {"kind": "drain"}}, {"type": "Feature", "geometry": {"type": "Point", "coordinates": [-118.45811272309415, 34.06243667455131]}, "properties": {"kind": "stream"}}, {"type": "Feature", "geometry": {"type": "Point", "coordinates": [-118.49536803493058, 34.01145870545856]}, "properties": {"kind": "tunnel"}}, {"type": "Feature", "geometry": {"type": "Point", "coordinates": [-118.35468927934652, 33.96394356521759]}, "properties": {"kind": "bridge"}}, {"type": "Feature", "geometry": {"type": "Point", "coordinates": [-118.35410506999104, 33.96306886200249]}, "properties": {"kind": "bridge"}}, {"type": "Feature", "geometry": {"type": "Point", "coordinates": [-118.35544815939615, 33.96262331590589]}, "properties": {"kind": "bridge"}}, {"type": "Feature", "geometry": {"type": "Point", "coordinates": [-118.35456312922722, 33.96281219609493]}, "properties": {"kind": "bridge"}}, {"type": "Feature", "geometry": {"type": "Point", "coordinates": [-118.41299666544627, 34.08217407939581]}, "properties": {"kind": "stream"}}, {"type": "Feature", "geometry": {"type": "Point", "coordinates": [-118.41194520973313, 34.09335371794862]}, "properties": {"kind": "stream"}}, {"type": "Feature", "geometry": {"type": "Point", "coordinates": [-118.4120438, 34.09296]}, "properties": {"kind": "stream"}}, {"type": "Feature", "geometry": {"type": "Point", "coordinates": [-118.41121463957701, 34.09106210257048]}, "properties": {"kind": "stream"}}, {"type": "Feature", "geometry": {"type": "Point", "coordinates": [-118.41100711571507, 34.091177063186315]}, "properties": {"kind": "stream"}}, {"type": "Feature", "geometry": {"type": "Point", "coordinates": [-118.43228356003198, 33.97501468728309]}, "properties": {"kind": "bridge"}}, {"type": "Feature", "geometry": {"type": "Point", "coordinates": [-118.35479609999999, 34.10542645]}, "properties": {"kind": "street_cabinet"}}, {"type": "Feature", "geometry": {"type": "Point", "coordinates": [-118.3542989, 34.10616735]}, "properties": {"kind": "drain"}}, {"type": "Feature", "geometry": {"type": "Point", "coordinates": [-118.47938633427752, 34.02494197389321]}, "properties": {"kind": "stream"}}, {"type": "Feature", "geometry": {"type": "Point", "coordinates": [-118.48352513176964, 34.05388724573735]}, "properties": {"kind": "stream"}}, {"type": "Feature", "geometry": {"type": "Point", "coordinates": [-118.47318244421285, 34.044399153256435]}, "properties": {"kind": "stream"}}, {"type": "Feature", "geometry": {"type": "Point", "coordinates": [-118.47775188347973, 34.046239420377205]}, "properties": {"kind": "stream"}}, {"type": "Feature", "geometry": {"type": "Point", "coordinates": [-118.4796873097751, 34.04894197079656]}, "properties": {"kind": "stream"}}, {"type": "Feature", "geometry": {"type": "Point", "coordinates": [-118.48160950062267, 34.05059193739868]}, "properties": {"kind": "stream"}}, {"type": "Feature", "geometry": {"type": "Point", "coordinates": [-118.48385907447667, 34.05727437084248]}, "properties": {"kind": "stream"}}, {"type": "Feature", "geometry": {"type": "Point", "coordinates": [-118.49781050283237, 34.01282737013875]}, "properties": {"kind": "bridge"}}, {"type": "Feature", "geometry": {"type": "Point", "coordinates": [-118.49838194155461, 34.02957106717847]}, "properties": {"kind": "stream"}}, {"type": "Feature", "geometry": {"type": "Point", "coordinates": [-118.49071700559708, 34.02522463869374]}, "properties": {"kind": "stream"}}, {"type": "Feature", "geometry": {"type": "Point", "coordinates": [-118.45318715, 33.9810116]}, "properties": {"kind": "pier"}}, {"type": "Feature", "geometry": {"type": "Point", "coordinates": [-118.4531868, 33.98095]}, "properties": {"kind": "pier"}}, {"type": "Feature", "geometry": {"type": "Point", "coordinates": [-118.4531857, 33.98088705]}, "properties": {"kind": "pier"}}, {"type": "Feature", "geometry": {"type": "Point", "coordinates": [-118.4531849, 33.9808261]}, "properties": {"kind": "pier"}}, {"type": "Feature", "geometry": {"type": "Point", "coordinates": [-118.45318625, 33.9807635]}, "properties": {"kind": "pier"}}, {"type": "Feature", "geometry": {"type": "Point", "coordinates": [-118.45318470000001, 33.980701499999995]}, "properties": {"kind": "pier"}}, {"type": "Feature", "geometry": {"type": "Point", "coordinates": [-118.45393220000001, 33.9809841]}, "properties": {"kind": "pier"}}, {"type": "Feature", "geometry": {"type": "Point", "coordinates": [-118.4539338, 33.9809256]}, "properties": {"kind": "pier"}}, {"type": "Feature", "geometry": {"type": "Point", "coordinates": [-118.4539334, 33.98086805]}, "properties": {"kind": "pier"}}, {"type": "Feature", "geometry": {"type": "Point", "coordinates": [-118.45393340000003, 33.980810250000005]}, "properties": {"kind": "pier"}}, {"type": "Feature", "geometry": {"type": "Point", "coordinates": [-118.45393335, 33.9807524]}, "properties": {"kind": "pier"}}, {"type": "Feature", "geometry": {"type": "Point", "coordinates": [-118.45393254999998, 33.9806939]}, "properties": {"kind": "pier"}}, {"type": "Feature", "geometry": {"type": "Point", "coordinates": [-118.45449480000002, 33.9806884]}, "properties": {"kind": "pier"}}, {"type": "Feature", "geometry": {"type": "Point", "coordinates": [-118.45449529999998, 33.98079885]}, "properties": {"kind": "pier"}}, {"type": "Feature", "geometry": {"type": "Point", "coordinates": [-118.45449485, 33.980855000000005]}, "properties": {"kind": "pier"}}, {"type": "Feature", "geometry": {"type": "Point", "coordinates": [-118.45449485, 33.98091115]}, "properties": {"kind": "pier"}}, {"type": "Feature", "geometry": {"type": "Point", "coordinates": [-118.454494, 33.98096655]}, "properties": {"kind": "pier"}}, {"type": "Feature", "geometry": {"type": "Point", "coordinates": [-118.45449445000001, 33.98102205]}, "properties": {"kind": "pier"}}, {"type": "Feature", "geometry": {"type": "Point", "coordinates": [-118.45449439999997, 33.9810799]}, "properties": {"kind": "pier"}}, {"type": "Feature", "geometry": {"type": "Point", "coordinates": [-118.4552898, 33.980995199999995]}, "properties": {"kind": "pier"}}, {"type": "Feature", "geometry": {"type": "Point", "coordinates": [-118.4552909, 33.981040199999995]}, "properties": {"kind": "pier"}}, {"type": "Feature", "geometry": {"type": "Point", "coordinates": [-118.4552911, 33.9810842]}, "properties": {"kind": "pier"}}, {"type": "Feature", "geometry": {"type": "Point", "coordinates": [-118.45540030000001, 33.980998]}, "properties": {"kind": "pier"}}, {"type": "Feature", "geometry": {"type": "Point", "coordinates": [-118.45540140000001, 33.98104405]}, "properties": {"kind": "pier"}}, {"type": "Feature", "geometry": {"type": "Point", "coordinates": [-118.45540289999998, 33.9810893]}, "properties": {"kind": "pier"}}, {"type": "Feature", "geometry": {"type": "Point", "coordinates": [-118.4555055850501, 33.98116088993942]}, "properties": {"kind": "pier"}}, {"type": "Feature", "geometry": {"type": "Point", "coordinates": [-118.45570253637776, 33.981133473417465]}, "properties": {"kind": "pier"}}, {"type": "Feature", "geometry": {"type": "Point", "coordinates": [-118.45568685, 33.9809094]}, "properties": {"kind": "pier"}}, {"type": "Feature", "geometry": {"type": "Point", "coordinates": [-118.45568619999999, 33.980864249999996]}, "properties": {"kind": "pier"}}, {"type": "Feature", "geometry": {"type": "Point", "coordinates": [-118.4556856, 33.98081855]}, "properties": {"kind": "pier"}}, {"type": "Feature", "geometry": {"type": "Point", "coordinates": [-118.4558911591955, 33.98071235010473]}, "properties": {"kind": "pier"}}, {"type": "Feature", "geometry": {"type": "Point", "coordinates": [-118.46980026135827, 33.98606805853805]}, "properties": {"kind": "canal"}}, {"type": "Feature", "geometry": {"type": "Point", "coordinates": [-118.46903514362127, 33.98510733788317]}, "properties": {"kind": "bridge"}}, {"type": "Feature", "geometry": {"type": "Point", "coordinates": [-118.4688469804522, 33.98488015743453]}, "properties": {"kind": "bridge"}}, {"type": "Feature", "geometry": {"type": "Point", "coordinates": [-118.46462289791933, 33.98034952872962]}, "properties": {"kind": "bridge"}}, {"type": "Feature", "geometry": {"type": "Point", "coordinates": [-118.46102122684698, 33.97582491832957]}, "properties": {"kind": "drain"}}, {"type": "Feature", "geometry": {"type": "Point", "coordinates": [-118.4609845, 33.975800050000004]}, "properties": {"kind": "drain"}}, {"type": "Feature", "geometry": {"type": "Point", "coordinates": [-118.46024453303026, 33.973392234936945]}, "properties": {"kind": "bridge"}}, {"type": "Feature", "geometry": {"type": "Point", "coordinates": [-118.43765901789925, 34.1282465562562]}, "properties": {"kind": "stream"}}, {"type": "Feature", "geometry": {"type": "Point", "coordinates": [-118.43965895781689, 34.12829679346879]}, "properties": {"kind": "stream"}}, {"type": "Feature", "geometry": {"type": "Point", "coordinates": [-118.42899106381681, 33.9816685294196]}, "properties": {"kind": "bridge"}}, {"type": "Feature", "geometry": {"type": "Point", "coordinates": [-118.34785263821225, 33.89956979718967]}, "properties": {"kind": "bioswale"}}, {"type": "Feature", "geometry": {"type": "Point", "coordinates": [-118.37777840000001, 33.85160995]}, "properties": {"kind": "embankment"}}, {"type": "Feature", "geometry": {"type": "Point", "coordinates": [-118.37794726357492, 33.851593498185814]}, "properties": {"kind": "embankment"}}, {"type": "Feature", "geometry": {"type": "Point", "coordinates": [-118.39544245784336, 34.126583629586264]}, "properties": {"kind": "stream"}}, {"type": "Feature", "geometry": {"type": "Point", "coordinates": [-118.46504915, 34.045957349999995]}, "properties": {"kind": "cutline"}}, {"type": "Feature", "geometry": {"type": "Point", "coordinates": [-118.33612023960522, 33.872330553526254]}, "properties": {"kind": "planter"}}, {"type": "Feature", "geometry": {"type": "Point", "coordinates": [-118.46608048187545, 34.059498370468525]}, "properties": {"kind": "stream"}}, {"type": "Feature", "geometry": {"type": "Point", "coordinates": [-118.39486249999997, 33.8441318]}, "properties": {"kind": "drain"}}, {"type": "Feature", "geometry": {"type": "Point", "coordinates": [-118.31779743325482, 33.925467624662936]}, "properties": {"kind": "bridge"}}, {"type": "Feature", "geometry": {"type": "Point", "coordinates": [-118.3453797402908, 33.9309710844572]}, "properties": {"kind": "bridge"}}, {"type": "Feature", "geometry": {"type": "Point", "coordinates": [-118.34392544428037, 33.93001609075738]}, "properties": {"kind": "bridge"}}, {"type": "Feature", "geometry": {"type": "Point", "coordinates": [-118.36941401720073, 33.96160355438793]}, "properties": {"kind": "bridge"}}, {"type": "Feature", "geometry": {"type": "Point", "coordinates": [-118.29590992832017, 33.92847392196245]}, "properties": {"kind": "bridge"}}, {"type": "Feature", "geometry": {"type": "Point", "coordinates": [-118.30034085953974, 33.927505904857206]}, "properties": {"kind": "bridge"}}, {"type": "Feature", "geometry": {"type": "Point", "coordinates": [-118.30907807457992, 33.92539642779806]}, "properties": {"kind": "bridge"}}, {"type": "Feature", "geometry": {"type": "Point", "coordinates": [-118.36938592804756, 33.95642594037574]}, "properties": {"kind": "bridge"}}, {"type": "Feature", "geometry": {"type": "Point", "coordinates": [-118.41253790115594, 33.95382779413749]}, "properties": {"kind": "bridge"}}, {"type": "Feature", "geometry": {"type": "Point", "coordinates": [-118.37047157631555, 33.981959326068996]}, "properties": {"kind": "bridge"}}, {"type": "Feature", "geometry": {"type": "Point", "coordinates": [-118.37038379041371, 33.98777525210177]}, "properties": {"kind": "bridge"}}, {"type": "Feature", "geometry": {"type": "Point", "coordinates": [-118.33794558294767, 33.8474064937953]}, "properties": {"kind": "bridge"}}, {"type": "Feature", "geometry": {"type": "Point", "coordinates": [-118.30918544101037, 33.85986465124488]}, "properties": {"kind": "bridge"}}, {"type": "Feature", "geometry": {"type": "Point", "coordinates": [-118.29927216714435, 33.859877358254806]}, "properties": {"kind": "bridge"}}, {"type": "Feature", "geometry": {"type": "Point", "coordinates": [-118.35887196869596, 33.86999155320889]}, "properties": {"kind": "bridge"}}, {"type": "Feature", "geometry": {"type": "Point", "coordinates": [-118.34222481294654, 33.87284076595879]}, "properties": {"kind": "bridge"}}, {"type": "Feature", "geometry": {"type": "Point", "coordinates": [-118.33111826544749, 33.86598966954525]}, "properties": {"kind": "bridge"}}, {"type": "Feature", "geometry": {"type": "Point", "coordinates": [-118.3178288158301, 33.86197524622179]}, "properties": {"kind": "bridge"}}, {"type": "Feature", "geometry": {"type": "Point", "coordinates": [-118.3264938186971, 33.864584307980984]}, "properties": {"kind": "bridge"}}, {"type": "Feature", "geometry": {"type": "Point", "coordinates": [-118.4082303257502, 33.88578276783767]}, "properties": {"kind": "planter"}}, {"type": "Feature", "geometry": {"type": "Point", "coordinates": [-118.32009384999999, 34.088004100000006]}, "properties": {"kind": "obelisk"}}, {"type": "Feature", "geometry": {"type": "Point", "coordinates": [-118.31826363420656, 34.08834644045687]}, "properties": {"kind": "obelisk"}}, {"type": "Feature", "geometry": {"type": "Point", "coordinates": [-118.31859453361903, 34.08914570997175]}, "properties": {"kind": "obelisk"}}, {"type": "Feature", "geometry": {"type": "Point", "coordinates": [-118.31748335, 34.089937049999996]}, "properties": {"kind": "obelisk"}}, {"type": "Feature", "geometry": {"type": "Point", "coordinates": [-118.38675608139599, 33.891426400072916]}, "properties": {"kind": "storage_tank"}}, {"type": "Feature", "geometry": {"type": "Point", "coordinates": [-118.39511770314923, 33.84111265092651]}, "properties": {"kind": "breakwater"}}, {"type": "Feature", "geometry": {"type": "Point", "coordinates": [-118.39970965790015, 33.84588985308799]}, "properties": {"kind": "breakwater"}}, {"type": "Feature", "geometry": {"type": "Point", "coordinates": [-118.4007845, 33.8489115]}, "properties": {"kind": "pier"}}, {"type": "Feature", "geometry": {"type": "Point", "coordinates": [-118.49992144999999, 34.05046055]}, "properties": {"kind": "drain"}}, {"type": "Feature", "geometry": {"type": "Point", "coordinates": [-118.4984485540214, 34.050585744432176]}, "properties": {"kind": "pipeline"}}, {"type": "Feature", "geometry": {"type": "Point", "coordinates": [-118.39893835000001, 33.94528425]}, "properties": {"kind": "gantry"}}, {"type": "Feature", "geometry": {"type": "Point", "coordinates": [-118.39885430000001, 33.944711350000006]}, "properties": {"kind": "gantry"}}, {"type": "Feature", "geometry": {"type": "Point", "coordinates": [-118.39820040000001, 33.944168149999996]}, "properties": {"kind": "gantry"}}, {"type": "Feature", "geometry": {"type": "Point", "coordinates": [-118.39955776103633, 33.94438608615896]}, "properties": {"kind": "bridge"}}, {"type": "Feature", "geometry": {"type": "Point", "coordinates": [-118.4006231, 33.94525015]}, "properties": {"kind": "gantry"}}, {"type": "Feature", "geometry": {"type": "Point", "coordinates": [-118.40055693212675, 33.94543429670134]}, "properties": {"kind": "bridge"}}, {"type": "Feature", "geometry": {"type": "Point", "coordinates": [-118.4012295667035, 33.94426132199396]}, "properties": {"kind": "bridge"}}, {"type": "Feature", "geometry": {"type": "Point", "coordinates": [-118.40161577165432, 33.94422458286871]}, "properties": {"kind": "bridge"}}, {"type": "Feature", "geometry": {"type": "Point", "coordinates": [-118.40216893559311, 33.944537989824916]}, "properties": {"kind": "bridge"}}, {"type": "Feature", "geometry": {"type": "Point", "coordinates": [-118.40305964216968, 33.94408323833729]}, "properties": {"kind": "bridge"}}, {"type": "Feature", "geometry": {"type": "Point", "coordinates": [-118.40264025, 33.94511705]}, "properties": {"kind": "gantry"}}, {"type": "Feature", "geometry": {"type": "Point", "coordinates": [-118.40459249269126, 33.94335168278081]}, "properties": {"kind": "tower"}}, {"type": "Feature", "geometry": {"type": "Point", "coordinates": [-118.39829735, 33.9435323]}, "properties": {"kind": "gantry"}}, {"type": "Feature", "geometry": {"type": "Point", "coordinates": [-118.39938739551337, 33.94340169656141]}, "properties": {"kind": "bridge"}}, {"type": "Feature", "geometry": {"type": "Point", "coordinates": [-118.46821661405882, 34.02151506824316]}, "properties": {"kind": "planter"}}, {"type": "Feature", "geometry": {"type": "Point", "coordinates": [-118.46814918029386, 34.02145881401397]}, "properties": {"kind": "planter"}}, {"type": "Feature", "geometry": {"type": "Point", "coordinates": [-118.46841112772212, 34.021671949632015]}, "properties": {"kind": "planter"}}, {"type": "Feature", "geometry": {"type": "Point", "coordinates": [-118.47107187148113, 33.98812556459617]}, "properties": {"kind": "wastewater_plant"}}, {"type": "Feature", "geometry": {"type": "Point", "coordinates": [-118.47406579096943, 33.987265368491876]}, "properties": {"kind": "stream"}}, {"type": "Feature", "geometry": {"type": "Point", "coordinates": [-118.47683256988984, 33.98527654073057]}, "properties": {"kind": "stream"}}, {"type": "Feature", "geometry": {"type": "Point", "coordinates": [-118.46890867229635, 33.989522745061606]}, "properties": {"kind": "stream"}}, {"type": "Feature", "geometry": {"type": "Point", "coordinates": [-118.4706674, 33.98812395]}, "properties": {"kind": "stream"}}, {"type": "Feature", "geometry": {"type": "Point", "coordinates": [-118.47127939999999, 33.98838995]}, "properties": {"kind": "stream"}}, {"type": "Feature", "geometry": {"type": "Point", "coordinates": [-118.38194999366429, 33.90212749883377]}, "properties": {"kind": "planter"}}, {"type": "Feature", "geometry": {"type": "Point", "coordinates": [-118.43304573292353, 33.975995167952874]}, "properties": {"kind": "bridge"}}, {"type": "Feature", "geometry": {"type": "Point", "coordinates": [-118.41905681702058, 33.98498740641936]}, "properties": {"kind": "bioswale"}}, {"type": "Feature", "geometry": {"type": "Point", "coordinates": [-118.4186201193702, 33.985315968212156]}, "properties": {"kind": "bioswale"}}, {"type": "Feature", "geometry": {"type": "Point", "coordinates": [-118.41880462690624, 33.985175978549854]}, "properties": {"kind": "bioswale"}}, {"type": "Feature", "geometry": {"type": "Point", "coordinates": [-118.41938257369479, 33.98474574801663]}, "properties": {"kind": "bioswale"}}, {"type": "Feature", "geometry": {"type": "Point", "coordinates": [-118.41968640466597, 33.98451495662993]}, "properties": {"kind": "bioswale"}}, {"type": "Feature", "geometry": {"type": "Point", "coordinates": [-118.41974501706513, 33.984596470358156]}, "properties": {"kind": "bioswale"}}, {"type": "Feature", "geometry": {"type": "Point", "coordinates": [-118.41868537622706, 33.98539427192039]}, "properties": {"kind": "bioswale"}}, {"type": "Feature", "geometry": {"type": "Point", "coordinates": [-118.41890563453686, 33.98523009271665]}, "properties": {"kind": "bioswale"}}, {"type": "Feature", "geometry": {"type": "Point", "coordinates": [-118.41838564501921, 33.985491710192186]}, "properties": {"kind": "bioswale"}}, {"type": "Feature", "geometry": {"type": "Point", "coordinates": [-118.41850168623822, 33.98553431475504]}, "properties": {"kind": "bioswale"}}, {"type": "Feature", "geometry": {"type": "Point", "coordinates": [-118.41831692876646, 33.985672945884495]}, "properties": {"kind": "bioswale"}}, {"type": "Feature", "geometry": {"type": "Point", "coordinates": [-118.4181666644497, 33.985658198415436]}, "properties": {"kind": "bioswale"}}, {"type": "Feature", "geometry": {"type": "Point", "coordinates": [-118.41789237382983, 33.98589758695849]}, "properties": {"kind": "bioswale"}}, {"type": "Feature", "geometry": {"type": "Point", "coordinates": [-118.41803752362195, 33.9859241995924]}, "properties": {"kind": "bioswale"}}, {"type": "Feature", "geometry": {"type": "Point", "coordinates": [-118.41922110028345, 33.984991808293366]}, "properties": {"kind": "bioswale"}}, {"type": "Feature", "geometry": {"type": "Point", "coordinates": [-118.41944685466277, 33.98482315377023]}, "properties": {"kind": "bioswale"}}, {"type": "Feature", "geometry": {"type": "Point", "coordinates": [-118.41972065, 33.960915650000004]}, "properties": {"kind": "street_cabinet"}}, {"type": "Feature", "geometry": {"type": "Point", "coordinates": [-118.38877596169029, 34.12415073485958]}, "properties": {"kind": "stream"}}, {"type": "Feature", "geometry": {"type": "Point", "coordinates": [-118.3886421275299, 34.12365111753491]}, "properties": {"kind": "stream"}}, {"type": "Feature", "geometry": {"type": "Point", "coordinates": [-118.34764730875216, 33.83321523925901]}, "properties": {"kind": "planter"}}, {"type": "Feature", "geometry": {"type": "Point", "coordinates": [-118.35698120021793, 34.042734603959694]}, "properties": {"kind": "bridge"}}, {"type": "Feature", "geometry": {"type": "Point", "coordinates": [-118.36725067424193, 34.039030081157236]}, "properties": {"kind": "stream"}}, {"type": "Feature", "geometry": {"type": "Point", "coordinates": [-118.3657174, 34.039746699999995]}, "properties": {"kind": "stream"}}, {"type": "Feature", "geometry": {"type": "Point", "coordinates": [-118.37955969268474, 34.09339511913906]}, "properties": {"kind": "drain"}}, {"type": "Feature", "geometry": {"type": "Point", "coordinates": [-118.4402313, 33.9630167]}, "properties": {"kind": "drain"}}, {"type": "Feature", "geometry": {"type": "Point", "coordinates": [-118.44039319999999, 33.9632572]}, "properties": {"kind": "drain"}}, {"type": "Feature", "geometry": {"type": "Point", "coordinates": [-118.41475992249147, 34.112651965848556]}, "properties": {"kind": "stream"}}, {"type": "Feature", "geometry": {"type": "Point", "coordinates": [-118.4122145104657, 34.11855869141589]}, "properties": {"kind": "stream"}}, {"type": "Feature", "geometry": {"type": "Point", "coordinates": [-118.41264269999998, 34.1178513]}, "properties": {"kind": "stream"}}, {"type": "Feature", "geometry": {"type": "Point", "coordinates": [-118.38595391144707, 34.1237625940146]}, "properties": {"kind": "stream"}}, {"type": "Feature", "geometry": {"type": "Point", "coordinates": [-118.4181774, 33.9885961]}, "properties": {"kind": "tower"}}, {"type": "Feature", "geometry": {"type": "Point", "coordinates": [-118.35772450059527, 33.96610889891238]}, "properties": {"kind": "bridge"}}, {"type": "Feature", "geometry": {"type": "Point", "coordinates": [-118.42505268455763, 33.959415409675586]}, "properties": {"kind": "street_cabinet"}}, {"type": "Feature", "geometry": {"type": "Point", "coordinates": [-118.42622765, 33.95966865]}, "properties": {"kind": "street_cabinet"}}, {"type": "Feature", "geometry": {"type": "Point", "coordinates": [-118.4285588, 33.95995200000001]}, "properties": {"kind": "street_cabinet"}}, {"type": "Feature", "geometry": {"type": "Point", "coordinates": [-118.4177659, 33.95315514999999]}, "properties": {"kind": "street_cabinet"}}, {"type": "Feature", "geometry": {"type": "Point", "coordinates": [-118.4388081, 33.951688299999994]}, "properties": {"kind": "street_cabinet"}}, {"type": "Feature", "geometry": {"type": "Point", "coordinates": [-118.4314364719974, 33.93595570565494]}, "properties": {"kind": "street_cabinet"}}, {"type": "Feature", "geometry": {"type": "Point", "coordinates": [-118.40973129325758, 33.95264398184141]}, "properties": {"kind": "drain"}}, {"type": "Feature", "geometry": {"type": "Point", "coordinates": [-118.40685195, 33.952968350000006]}, "properties": {"kind": "drain"}}, {"type": "Feature", "geometry": {"type": "Point", "coordinates": [-118.41089199002157, 33.9531408648519]}, "properties": {"kind": "drain"}}, {"type": "Feature", "geometry": {"type": "Point", "coordinates": [-118.43027545000001, 33.95988065]}, "properties": {"kind": "street_cabinet"}}, {"type": "Feature", "geometry": {"type": "Point", "coordinates": [-118.40184437001372, 33.861890338704654]}, "properties": {"kind": "compass_rose"}}, {"type": "Feature", "geometry": {"type": "Point", "coordinates": [-118.4381649, 33.95525085]}, "properties": {"kind": "street_cabinet"}}, {"type": "Feature", "geometry": {"type": "Point", "coordinates": [-118.39795792334881, 34.013698674926324]}, "properties": {"kind": "planter"}}, {"type": "Feature", "geometry": {"type": "Point", "coordinates": [-118.39355807676829, 34.02612989641716]}, "properties": {"kind": "planter"}}, {"type": "Feature", "geometry": {"type": "Point", "coordinates": [-118.39316379741754, 34.02634162191997]}, "properties": {"kind": "planter"}}, {"type": "Feature", "geometry": {"type": "Point", "coordinates": [-118.39853396886689, 34.020787519651925]}, "properties": {"kind": "planter"}}, {"type": "Feature", "geometry": {"type": "Point", "coordinates": [-118.39848461074523, 34.02073917340089]}, "properties": {"kind": "planter"}}, {"type": "Feature", "geometry": {"type": "Point", "coordinates": [-118.39175791729348, 33.83187869422139]}, "properties": {"kind": "pier"}}, {"type": "Feature", "geometry": {"type": "Point", "coordinates": [-118.450385, 33.9582503]}, "properties": {"kind": "street_cabinet"}}, {"type": "Feature", "geometry": {"type": "Point", "coordinates": [-118.44258161154482, 33.956758893429885]}, "properties": {"kind": "street_cabinet"}}, {"type": "Feature", "geometry": {"type": "Point", "coordinates": [-118.4234109, 33.95929545]}, "properties": {"kind": "street_cabinet"}}, {"type": "Feature", "geometry": {"type": "Point", "coordinates": [-118.42338259999998, 33.95929665]}, "properties": {"kind": "street_cabinet"}}, {"type": "Feature", "geometry": {"type": "Point", "coordinates": [-118.44929535063203, 33.957809984970474]}, "properties": {"kind": "street_cabinet"}}, {"type": "Feature", "geometry": {"type": "Point", "coordinates": [-118.44836855000001, 33.9590764]}, "properties": {"kind": "street_cabinet"}}, {"type": "Feature", "geometry": {"type": "Point", "coordinates": [-118.43583009999999, 33.930664650000004]}, "properties": {"kind": "street_cabinet"}}, {"type": "Feature", "geometry": {"type": "Point", "coordinates": [-118.43580589999998, 33.930672949999995]}, "properties": {"kind": "street_cabinet"}}, {"type": "Feature", "geometry": {"type": "Point", "coordinates": [-118.43577909999999, 33.9306788]}, "properties": {"kind": "street_cabinet"}}, {"type": "Feature", "geometry": {"type": "Point", "coordinates": [-118.43575242284703, 33.93068980927971]}, "properties": {"kind": "street_cabinet"}}, {"type": "Feature", "geometry": {"type": "Point", "coordinates": [-118.40486824706551, 33.94472507270637]}, "properties": {"kind": "bridge"}}, {"type": "Feature", "geometry": {"type": "Point", "coordinates": [-118.40799848664642, 33.94356961819147]}, "properties": {"kind": "bridge"}}, {"type": "Feature", "geometry": {"type": "Point", "coordinates": [-118.40635016131786, 33.94374125503421]}, "properties": {"kind": "bridge"}}, {"type": "Feature", "geometry": {"type": "Point", "coordinates": [-118.32584156455573, 33.91250448171471]}, "properties": {"kind": "stream"}}, {"type": "Feature", "geometry": {"type": "Point", "coordinates": [-118.3259556, 33.912629550000005]}, "properties": {"kind": "stream"}}, {"type": "Feature", "geometry": {"type": "Point", "coordinates": [-118.33522235, 33.91281945]}, "properties": {"kind": "stream"}}, {"type": "Feature", "geometry": {"type": "Point", "coordinates": [-118.38867104791021, 34.02798923834267]}, "properties": {"kind": "planter"}}, {"type": "Feature", "geometry": {"type": "Point", "coordinates": [-118.45158095079925, 34.08848455174525]}, "properties": {"kind": "bridge"}}, {"type": "Feature", "geometry": {"type": "Point", "coordinates": [-118.44532407020762, 34.082478789268734]}, "properties": {"kind": "tower"}}, {"type": "Feature", "geometry": {"type": "Point", "coordinates": [-118.45034110964524, 34.079203317070835]}, "properties": {"kind": "tower"}}, {"type": "Feature", "geometry": {"type": "Point", "coordinates": [-118.44185110000002, 34.086701700000006]}, "properties": {"kind": "stream"}}, {"type": "Feature", "geometry": {"type": "Point", "coordinates": [-118.44168769999999, 34.0869126]}, "properties": {"kind": "stream"}}, {"type": "Feature", "geometry": {"type": "Point", "coordinates": [-118.35940146629986, 34.04186917150289]}, "properties": {"kind": "bridge"}}, {"type": "Feature", "geometry": {"type": "Point", "coordinates": [-118.42896375722127, 34.07636419050886]}, "properties": {"kind": "ditch"}}, {"type": "Feature", "geometry": {"type": "Point", "coordinates": [-118.42914444833968, 34.07640314029715]}, "properties": {"kind": "ditch"}}, {"type": "Feature", "geometry": {"type": "Point", "coordinates": [-118.42906074892677, 34.07652554972819]}, "properties": {"kind": "ditch"}}, {"type": "Feature", "geometry": {"type": "Point", "coordinates": [-118.42897263227785, 34.07658598168657]}, "properties": {"kind": "ditch"}}, {"type": "Feature", "geometry": {"type": "Point", "coordinates": [-118.4104141633668, 34.12083959882806]}, "properties": {"kind": "stream"}}, {"type": "Feature", "geometry": {"type": "Point", "coordinates": [-118.40900144102821, 34.123473118539245]}, "properties": {"kind": "stream"}}, {"type": "Feature", "geometry": {"type": "Point", "coordinates": [-118.4096888, 34.12283535]}, "properties": {"kind": "stream"}}, {"type": "Feature", "geometry": {"type": "Point", "coordinates": [-118.40977955352632, 34.122495280002134]}, "properties": {"kind": "stream"}}, {"type": "Feature", "geometry": {"type": "Point", "coordinates": [-118.41003699999999, 34.12202955]}, "properties": {"kind": "stream"}}, {"type": "Feature", "geometry": {"type": "Point", "coordinates": [-118.41035817396978, 34.121984637139]}, "properties": {"kind": "stream"}}, {"type": "Feature", "geometry": {"type": "Point", "coordinates": [-118.41038925000001, 34.121389050000005]}, "properties": {"kind": "stream"}}, {"type": "Feature", "geometry": {"type": "Point", "coordinates": [-118.41017191869756, 34.12144365237577]}, "properties": {"kind": "stream"}}, {"type": "Feature", "geometry": {"type": "Point", "coordinates": [-118.4102641, 34.121608800000004]}, "properties": {"kind": "stream"}}, {"type": "Feature", "geometry": {"type": "Point", "coordinates": [-118.41065632479035, 34.121324229775766]}, "properties": {"kind": "stream"}}, {"type": "Feature", "geometry": {"type": "Point", "coordinates": [-118.4104908, 34.12115305]}, "properties": {"kind": "stream"}}, {"type": "Feature", "geometry": {"type": "Point", "coordinates": [-118.41074043282123, 34.12046133340407]}, "properties": {"kind": "stream"}}, {"type": "Feature", "geometry": {"type": "Point", "coordinates": [-118.41070895, 34.12075335]}, "properties": {"kind": "stream"}}, {"type": "Feature", "geometry": {"type": "Point", "coordinates": [-118.41080763854212, 34.12072840202052]}, "properties": {"kind": "stream"}}, {"type": "Feature", "geometry": {"type": "Point", "coordinates": [-118.41078035, 34.12064675]}, "properties": {"kind": "stream"}}, {"type": "Feature", "geometry": {"type": "Point", "coordinates": [-118.40987710884167, 34.12203609588499]}, "properties": {"kind": "stream"}}, {"type": "Feature", "geometry": {"type": "Point", "coordinates": [-118.4098438, 34.1221766]}, "properties": {"kind": "stream"}}, {"type": "Feature", "geometry": {"type": "Point", "coordinates": [-118.4564714, 33.97957275]}, "properties": {"kind": "pier"}}, {"type": "Feature", "geometry": {"type": "Point", "coordinates": [-118.45656420000002, 33.9795625]}, "properties": {"kind": "pier"}}, {"type": "Feature", "geometry": {"type": "Point", "coordinates": [-118.45644263975817, 33.97958851557908]}, "properties": {"kind": "pier"}}, {"type": "Feature", "geometry": {"type": "Point", "coordinates": [-118.4564465, 33.97996055]}, "properties": {"kind": "pier"}}, {"type": "Feature", "geometry": {"type": "Point", "coordinates": [-118.45644730000001, 33.979904649999995]}, "properties": {"kind": "pier"}}, {"type": "Feature", "geometry": {"type": "Point", "coordinates": [-118.4564463, 33.9798482]}, "properties": {"kind": "pier"}}, {"type": "Feature", "geometry": {"type": "Point", "coordinates": [-118.45644585000001, 33.979795949999996]}, "properties": {"kind": "pier"}}, {"type": "Feature", "geometry": {"type": "Point", "coordinates": [-118.45644755000001, 33.97973865]}, "properties": {"kind": "pier"}}, {"type": "Feature", "geometry": {"type": "Point", "coordinates": [-118.45644889999998, 33.9796828]}, "properties": {"kind": "pier"}}, {"type": "Feature", "geometry": {"type": "Point", "coordinates": [-118.45644935, 33.97962795]}, "properties": {"kind": "pier"}}, {"type": "Feature", "geometry": {"type": "Point", "coordinates": [-118.4562518, 33.9800702]}, "properties": {"kind": "pier"}}, {"type": "Feature", "geometry": {"type": "Point", "coordinates": [-118.45617374999999, 33.980015800000004]}, "properties": {"kind": "pier"}}, {"type": "Feature", "geometry": {"type": "Point", "coordinates": [-118.4562522, 33.98000705]}, "properties": {"kind": "pier"}}, {"type": "Feature", "geometry": {"type": "Point", "coordinates": [-118.4561731, 33.979957600000006]}, "properties": {"kind": "pier"}}, {"type": "Feature", "geometry": {"type": "Point", "coordinates": [-118.45617285, 33.9799039]}, "properties": {"kind": "pier"}}, {"type": "Feature", "geometry": {"type": "Point", "coordinates": [-118.4561727, 33.9798492]}, "properties": {"kind": "pier"}}, {"type": "Feature", "geometry": {"type": "Point", "coordinates": [-118.45617365, 33.9797938]}, "properties": {"kind": "pier"}}, {"type": "Feature", "geometry": {"type": "Point", "coordinates": [-118.45617285000002, 33.97973845]}, "properties": {"kind": "pier"}}, {"type": "Feature", "geometry": {"type": "Point", "coordinates": [-118.45617279999999, 33.97968205]}, "properties": {"kind": "pier"}}, {"type": "Feature", "geometry": {"type": "Point", "coordinates": [-118.4561731, 33.97962445]}, "properties": {"kind": "pier"}}, {"type": "Feature", "geometry": {"type": "Point", "coordinates": [-118.45625235, 33.97994465]}, "properties": {"kind": "pier"}}, {"type": "Feature", "geometry": {"type": "Point", "coordinates": [-118.45625255, 33.97988195]}, "properties": {"kind": "pier"}}, {"type": "Feature", "geometry": {"type": "Point", "coordinates": [-118.4562526, 33.97981985]}, "properties": {"kind": "pier"}}, {"type": "Feature", "geometry": {"type": "Point", "coordinates": [-118.45625284999998, 33.97975845]}, "properties": {"kind": "pier"}}, {"type": "Feature", "geometry": {"type": "Point", "coordinates": [-118.45625305, 33.9796963]}, "properties": {"kind": "pier"}}, {"type": "Feature", "geometry": {"type": "Point", "coordinates": [-118.456254, 33.97963435]}, "properties": {"kind": "pier"}}, {"type": "Feature", "geometry": {"type": "Point", "coordinates": [-118.45627404999999, 33.97957035]}, "properties": {"kind": "pier"}}, {"type": "Feature", "geometry": {"type": "Point", "coordinates": [-118.456149, 33.97956895]}, "properties": {"kind": "pier"}}, {"type": "Feature", "geometry": {"type": "Point", "coordinates": [-118.39041973648307, 34.05553067459456]}, "properties": {"kind": "petroleum_well"}}, {"type": "Feature", "geometry": {"type": "Point", "coordinates": [-118.37812223725804, 34.07470914642584]}, "properties": {"kind": "storage_tank"}}, {"type": "Feature", "geometry": {"type": "Point", "coordinates": [-118.40415550021942, 33.98816784479705]}, "properties": {"kind": "bridge"}}, {"type": "Feature", "geometry": {"type": "Point", "coordinates": [-118.36841927047257, 33.94540199114383]}, "properties": {"kind": "bridge"}}, {"type": "Feature", "geometry": {"type": "Point", "coordinates": [-118.36838068725002, 33.938370549238826]}, "properties": {"kind": "bridge"}}, {"type": "Feature", "geometry": {"type": "Point", "coordinates": [-118.3688652412337, 33.93829269347105]}, "properties": {"kind": "bridge"}}, {"type": "Feature", "geometry": {"type": "Point", "coordinates": [-118.36794965136448, 33.93841910290693]}, "properties": {"kind": "bridge"}}, {"type": "Feature", "geometry": {"type": "Point", "coordinates": [-118.34393986378551, 33.94450549774887]}, "properties": {"kind": "bridge"}}, {"type": "Feature", "geometry": {"type": "Point", "coordinates": [-118.37988229649156, 34.09344276433686]}, "properties": {"kind": "drain"}}, {"type": "Feature", "geometry": {"type": "Point", "coordinates": [-118.37916902157474, 34.09350002409783]}, "properties": {"kind": "drain"}}, {"type": "Feature", "geometry": {"type": "Point", "coordinates": [-118.36832092451542, 34.00402508453998]}, "properties": {"kind": "storage_tank"}}, {"type": "Feature", "geometry": {"type": "Point", "coordinates": [-118.31632085, 33.846814800000004]}, "properties": {"kind": "drain"}}, {"type": "Feature", "geometry": {"type": "Point", "coordinates": [-118.3130959932587, 33.842771858634954]}, "properties": {"kind": "drain"}}, {"type": "Feature", "geometry": {"type": "Point", "coordinates": [-118.37397238668801, 33.83078421179817]}, "properties": {"kind": "stream"}}, {"type": "Feature", "geometry": {"type": "Point", "coordinates": [-118.48040465048565, 34.12879745585491]}, "properties": {"kind": "tunnel"}}, {"type": "Feature", "geometry": {"type": "Point", "coordinates": [-118.37856335458163, 33.95176297550645]}, "properties": {"kind": "street_cabinet"}}, {"type": "Feature", "geometry": {"type": "Point", "coordinates": [-118.37856284541836, 33.95166702449356]}, "properties": {"kind": "street_cabinet"}}, {"type": "Feature", "geometry": {"type": "Point", "coordinates": [-118.3776377675628, 33.95176669294376]}, "properties": {"kind": "street_cabinet"}}, {"type": "Feature", "geometry": {"type": "Point", "coordinates": [-118.37764222384267, 33.951722452686745]}, "properties": {"kind": "street_cabinet"}}, {"type": "Feature", "geometry": {"type": "Point", "coordinates": [-118.37764915, 33.95167055]}, "properties": {"kind": "street_cabinet"}}, {"type": "Feature", "geometry": {"type": "Point", "coordinates": [-118.37768064999999, 33.95142095]}, "properties": {"kind": "street_cabinet"}}, {"type": "Feature", "geometry": {"type": "Point", "coordinates": [-118.37856074999999, 33.95147325]}, "properties": {"kind": "street_cabinet"}}, {"type": "Feature", "geometry": {"type": "Point", "coordinates": [-118.37858522707714, 33.95185706910608]}, "properties": {"kind": "street_cabinet"}}, {"type": "Feature", "geometry": {"type": "Point", "coordinates": [-118.36209945133756, 33.867991731213955]}, "properties": {"kind": "planter"}}, {"type": "Feature", "geometry": {"type": "Point", "coordinates": [-118.44083157082606, 34.11127168318547]}, "properties": {"kind": "stream"}}, {"type": "Feature", "geometry": {"type": "Point", "coordinates": [-118.44100543127036, 34.11230701948979]}, "properties": {"kind": "stream"}}, {"type": "Feature", "geometry": {"type": "Point", "coordinates": [-118.36540049285973, 34.109416748419356]}, "properties": {"kind": "residential"}}, {"type": "Feature", "geometry": {"type": "Point", "coordinates": [-118.34413142440694, 34.1009165397778]}, "properties": {"kind": "commercial"}}, {"type": "Feature", "geometry": {"type": "Point", "coordinates": [-118.34406693956915, 34.10286843599189]}, "properties": {"kind": "residential"}}, {"type": "Feature", "geometry": {"type": "Point", "coordinates": [-118.48685439906808, 34.00122939433721]}, "properties": {"kind": "grass"}}, {"type": "Feature", "geometry": {"type": "Point", "coordinates": [-118.48670869152471, 34.00085238419416]}, "properties": {"kind": "grass"}}, {"type": "Feature", "geometry": {"type": "Point", "coordinates": [-118.41999569468854, 34.04912991385381]}, "properties": {"kind": "residential"}}, {"type": "Feature", "geometry": {"type": "Point", "coordinates": [-118.39874546301834, 33.85167683028206]}, "properties": {"kind": "residential"}}, {"type": "Feature", "geometry": {"type": "Point", "coordinates": [-118.37549942962133, 33.86485926035827]}, "properties": {"kind": "residential"}}]}